{"timestamp":"2026-01-07T01:41:11.564138Z","level":"info","event":"DAG bundles loaded: dags-folder","logger":"airflow.dag_processing.bundles.manager.DagBundlesManager","filename":"manager.py","lineno":179}
{"timestamp":"2026-01-07T01:41:11.565512Z","level":"info","event":"Filling up the DagBag from /opt/airflow/dags/production_dag.py","logger":"airflow.models.dagbag.DagBag","filename":"dagbag.py","lineno":593}
{"timestamp":"2026-01-07T01:41:16.889543Z","level":"info","event":"Loading faiss with AVX2 support.","logger":"faiss.loader","filename":"loader.py","lineno":132}
{"timestamp":"2026-01-07T01:41:16.915692Z","level":"info","event":"Successfully loaded faiss with AVX2 support.","logger":"faiss.loader","filename":"loader.py","lineno":134}
{"timestamp":"2026-01-07T01:41:17.165536Z","level":"info","event":"Starting docker container from image m1_data_engineering-analyser:latest","logger":"airflow.task.operators.airflow.providers.docker.operators.docker.DockerOperator","filename":"docker.py","lineno":355}
{"timestamp":"2026-01-07T01:41:27.310749Z","level":"info","event":"/opt/venv_analysis/lib/python3.11/site-packages/pyspark/bin/load-spark-env.sh: line 68: ps: command not found","logger":"airflow.task.operators.airflow.providers.docker.operators.docker.DockerOperator","filename":"docker.py","lineno":66}
{"timestamp":"2026-01-07T01:41:29.757327Z","level":"info","event":"Setting default log level to \"WARN\".","logger":"airflow.task.operators.airflow.providers.docker.operators.docker.DockerOperator","filename":"docker.py","lineno":66}
{"timestamp":"2026-01-07T01:41:29.757633Z","level":"info","event":"To adjust logging level use sc.setLogLevel(newLevel). For SparkR, use setLogLevel(newLevel).","logger":"airflow.task.operators.airflow.providers.docker.operators.docker.DockerOperator","filename":"docker.py","lineno":66}
{"timestamp":"2026-01-07T01:41:29.993237Z","level":"info","event":"26/01/07 01:41:29 WARN NativeCodeLoader: Unable to load native-hadoop library for your platform... using builtin-java classes where applicable","logger":"airflow.task.operators.airflow.providers.docker.operators.docker.DockerOperator","filename":"docker.py","lineno":66}
{"timestamp":"2026-01-07T01:41:35.040007Z","level":"info","event":"26/01/07 01:41:35 WARN TaskSetManager: Stage 0 contains a task of very large size (1692 KiB). The maximum recommended task size is 1000 KiB.","logger":"airflow.task.operators.airflow.providers.docker.operators.docker.DockerOperator","filename":"docker.py","lineno":66}
{"timestamp":"2026-01-07T01:41:35.469769Z","level":"info","event":"\r[Stage 0:>                                                          (0 + 1) / 1]","logger":"airflow.task.operators.airflow.providers.docker.operators.docker.DockerOperator","filename":"docker.py","lineno":66}
{"timestamp":"2026-01-07T01:41:40.707911Z","level":"info","event":"26/01/07 01:41:40 ERROR Utils: Aborting task","logger":"airflow.task.operators.airflow.providers.docker.operators.docker.DockerOperator","filename":"docker.py","lineno":66}
{"timestamp":"2026-01-07T01:41:40.708163Z","level":"info","event":"org.apache.spark.api.python.PythonException: Traceback (most recent call last):","logger":"airflow.task.operators.airflow.providers.docker.operators.docker.DockerOperator","filename":"docker.py","lineno":66}
{"timestamp":"2026-01-07T01:41:40.708250Z","level":"info","event":"  File \"/opt/venv_analysis/lib/python3.11/site-packages/pyspark/python/lib/pyspark.zip/pyspark/worker.py\", line 1231, in main","logger":"airflow.task.operators.airflow.providers.docker.operators.docker.DockerOperator","filename":"docker.py","lineno":66}
{"timestamp":"2026-01-07T01:41:40.708383Z","level":"info","event":"    func, profiler, deserializer, serializer = read_udfs(pickleSer, infile, eval_type)","logger":"airflow.task.operators.airflow.providers.docker.operators.docker.DockerOperator","filename":"docker.py","lineno":66}
{"timestamp":"2026-01-07T01:41:40.708556Z","level":"info","event":"                                               ^^^^^^^^^^^^^^^^^^^^^^^^^^^^^^^^^^^^^^^","logger":"airflow.task.operators.airflow.providers.docker.operators.docker.DockerOperator","filename":"docker.py","lineno":66}
{"timestamp":"2026-01-07T01:41:40.708617Z","level":"info","event":"  File \"/opt/venv_analysis/lib/python3.11/site-packages/pyspark/python/lib/pyspark.zip/pyspark/worker.py\", line 1067, in read_udfs","logger":"airflow.task.operators.airflow.providers.docker.operators.docker.DockerOperator","filename":"docker.py","lineno":66}
{"timestamp":"2026-01-07T01:41:40.708649Z","level":"info","event":"    udfs.append(read_single_udf(pickleSer, infile, eval_type, runner_conf, udf_index=i))","logger":"airflow.task.operators.airflow.providers.docker.operators.docker.DockerOperator","filename":"docker.py","lineno":66}
{"timestamp":"2026-01-07T01:41:40.708668Z","level":"info","event":"                ^^^^^^^^^^^^^^^^^^^^^^^^^^^^^^^^^^^^^^^^^^^^^^^^^^^^^^^^^^^^^^^^^^^^^^^","logger":"airflow.task.operators.airflow.providers.docker.operators.docker.DockerOperator","filename":"docker.py","lineno":66}
{"timestamp":"2026-01-07T01:41:40.708684Z","level":"info","event":"  File \"/opt/venv_analysis/lib/python3.11/site-packages/pyspark/python/lib/pyspark.zip/pyspark/worker.py\", line 529, in read_single_udf","logger":"airflow.task.operators.airflow.providers.docker.operators.docker.DockerOperator","filename":"docker.py","lineno":66}
{"timestamp":"2026-01-07T01:41:40.708699Z","level":"info","event":"    f, return_type = read_command(pickleSer, infile)","logger":"airflow.task.operators.airflow.providers.docker.operators.docker.DockerOperator","filename":"docker.py","lineno":66}
{"timestamp":"2026-01-07T01:41:40.708715Z","level":"info","event":"                     ^^^^^^^^^^^^^^^^^^^^^^^^^^^^^^^","logger":"airflow.task.operators.airflow.providers.docker.operators.docker.DockerOperator","filename":"docker.py","lineno":66}
{"timestamp":"2026-01-07T01:41:40.708730Z","level":"info","event":"  File \"/opt/venv_analysis/lib/python3.11/site-packages/pyspark/python/lib/pyspark.zip/pyspark/worker.py\", line 90, in read_command","logger":"airflow.task.operators.airflow.providers.docker.operators.docker.DockerOperator","filename":"docker.py","lineno":66}
{"timestamp":"2026-01-07T01:41:40.708749Z","level":"info","event":"    command = serializer._read_with_length(file)","logger":"airflow.task.operators.airflow.providers.docker.operators.docker.DockerOperator","filename":"docker.py","lineno":66}
{"timestamp":"2026-01-07T01:41:40.708767Z","level":"info","event":"              ^^^^^^^^^^^^^^^^^^^^^^^^^^^^^^^^^^","logger":"airflow.task.operators.airflow.providers.docker.operators.docker.DockerOperator","filename":"docker.py","lineno":66}
{"timestamp":"2026-01-07T01:41:40.708783Z","level":"info","event":"  File \"/opt/venv_analysis/lib/python3.11/site-packages/pyspark/python/lib/pyspark.zip/pyspark/serializers.py\", line 174, in _read_with_length","logger":"airflow.task.operators.airflow.providers.docker.operators.docker.DockerOperator","filename":"docker.py","lineno":66}
{"timestamp":"2026-01-07T01:41:40.708952Z","level":"info","event":"    return self.loads(obj)","logger":"airflow.task.operators.airflow.providers.docker.operators.docker.DockerOperator","filename":"docker.py","lineno":66}
{"timestamp":"2026-01-07T01:41:40.709029Z","level":"info","event":"           ^^^^^^^^^^^^^^^","logger":"airflow.task.operators.airflow.providers.docker.operators.docker.DockerOperator","filename":"docker.py","lineno":66}
{"timestamp":"2026-01-07T01:41:40.709077Z","level":"info","event":"  File \"/opt/venv_analysis/lib/python3.11/site-packages/pyspark/python/lib/pyspark.zip/pyspark/serializers.py\", line 472, in loads","logger":"airflow.task.operators.airflow.providers.docker.operators.docker.DockerOperator","filename":"docker.py","lineno":66}
{"timestamp":"2026-01-07T01:41:40.709139Z","level":"info","event":"    return cloudpickle.loads(obj, encoding=encoding)","logger":"airflow.task.operators.airflow.providers.docker.operators.docker.DockerOperator","filename":"docker.py","lineno":66}
{"timestamp":"2026-01-07T01:41:40.709170Z","level":"info","event":"           ^^^^^^^^^^^^^^^^^^^^^^^^^^^^^^^^^^^^^^^^^","logger":"airflow.task.operators.airflow.providers.docker.operators.docker.DockerOperator","filename":"docker.py","lineno":66}
{"timestamp":"2026-01-07T01:41:40.709207Z","level":"info","event":"ModuleNotFoundError: No module named 'local_analysis'","logger":"airflow.task.operators.airflow.providers.docker.operators.docker.DockerOperator","filename":"docker.py","lineno":66}
{"timestamp":"2026-01-07T01:41:40.709234Z","level":"info","event":"","logger":"airflow.task.operators.airflow.providers.docker.operators.docker.DockerOperator","filename":"docker.py","lineno":66}
{"timestamp":"2026-01-07T01:41:40.709252Z","level":"info","event":"\tat org.apache.spark.api.python.BasePythonRunner$ReaderIterator.handlePythonException(PythonRunner.scala:572)","logger":"airflow.task.operators.airflow.providers.docker.operators.docker.DockerOperator","filename":"docker.py","lineno":66}
{"timestamp":"2026-01-07T01:41:40.709280Z","level":"info","event":"\tat org.apache.spark.sql.execution.python.PythonArrowOutput$$anon$1.read(PythonArrowOutput.scala:118)","logger":"airflow.task.operators.airflow.providers.docker.operators.docker.DockerOperator","filename":"docker.py","lineno":66}
{"timestamp":"2026-01-07T01:41:40.709330Z","level":"info","event":"\tat org.apache.spark.api.python.BasePythonRunner$ReaderIterator.hasNext(PythonRunner.scala:525)","logger":"airflow.task.operators.airflow.providers.docker.operators.docker.DockerOperator","filename":"docker.py","lineno":66}
{"timestamp":"2026-01-07T01:41:40.709379Z","level":"info","event":"\tat org.apache.spark.InterruptibleIterator.hasNext(InterruptibleIterator.scala:37)","logger":"airflow.task.operators.airflow.providers.docker.operators.docker.DockerOperator","filename":"docker.py","lineno":66}
{"timestamp":"2026-01-07T01:41:40.709412Z","level":"info","event":"\tat scala.collection.Iterator$$anon$11.hasNext(Iterator.scala:491)","logger":"airflow.task.operators.airflow.providers.docker.operators.docker.DockerOperator","filename":"docker.py","lineno":66}
{"timestamp":"2026-01-07T01:41:40.709432Z","level":"info","event":"\tat scala.collection.Iterator$$anon$10.hasNext(Iterator.scala:460)","logger":"airflow.task.operators.airflow.providers.docker.operators.docker.DockerOperator","filename":"docker.py","lineno":66}
{"timestamp":"2026-01-07T01:41:40.709448Z","level":"info","event":"\tat org.apache.spark.sql.catalyst.expressions.GeneratedClass$GeneratedIteratorForCodegenStage2.processNext(Unknown Source)","logger":"airflow.task.operators.airflow.providers.docker.operators.docker.DockerOperator","filename":"docker.py","lineno":66}
{"timestamp":"2026-01-07T01:41:40.709464Z","level":"info","event":"\tat org.apache.spark.sql.execution.BufferedRowIterator.hasNext(BufferedRowIterator.java:43)","logger":"airflow.task.operators.airflow.providers.docker.operators.docker.DockerOperator","filename":"docker.py","lineno":66}
{"timestamp":"2026-01-07T01:41:40.709502Z","level":"info","event":"\tat org.apache.spark.sql.execution.WholeStageCodegenEvaluatorFactory$WholeStageCodegenPartitionEvaluator$$anon$1.hasNext(WholeStageCodegenEvaluatorFactory.scala:43)","logger":"airflow.task.operators.airflow.providers.docker.operators.docker.DockerOperator","filename":"docker.py","lineno":66}
{"timestamp":"2026-01-07T01:41:40.709529Z","level":"info","event":"\tat scala.collection.Iterator$$anon$11.hasNext(Iterator.scala:490)","logger":"airflow.task.operators.airflow.providers.docker.operators.docker.DockerOperator","filename":"docker.py","lineno":66}
{"timestamp":"2026-01-07T01:41:40.709553Z","level":"info","event":"\tat org.apache.spark.sql.execution.datasources.FileFormatDataWriter.writeWithIterator(FileFormatDataWriter.scala:91)","logger":"airflow.task.operators.airflow.providers.docker.operators.docker.DockerOperator","filename":"docker.py","lineno":66}
{"timestamp":"2026-01-07T01:41:40.709570Z","level":"info","event":"\tat org.apache.spark.sql.execution.datasources.FileFormatWriter$.$anonfun$executeTask$1(FileFormatWriter.scala:403)","logger":"airflow.task.operators.airflow.providers.docker.operators.docker.DockerOperator","filename":"docker.py","lineno":66}
{"timestamp":"2026-01-07T01:41:40.709585Z","level":"info","event":"\tat org.apache.spark.util.Utils$.tryWithSafeFinallyAndFailureCallbacks(Utils.scala:1397)","logger":"airflow.task.operators.airflow.providers.docker.operators.docker.DockerOperator","filename":"docker.py","lineno":66}
{"timestamp":"2026-01-07T01:41:40.709600Z","level":"info","event":"\tat org.apache.spark.sql.execution.datasources.FileFormatWriter$.executeTask(FileFormatWriter.scala:410)","logger":"airflow.task.operators.airflow.providers.docker.operators.docker.DockerOperator","filename":"docker.py","lineno":66}
{"timestamp":"2026-01-07T01:41:40.709620Z","level":"info","event":"\tat org.apache.spark.sql.execution.datasources.WriteFilesExec.$anonfun$doExecuteWrite$1(WriteFiles.scala:100)","logger":"airflow.task.operators.airflow.providers.docker.operators.docker.DockerOperator","filename":"docker.py","lineno":66}
{"timestamp":"2026-01-07T01:41:40.709640Z","level":"info","event":"\tat org.apache.spark.rdd.RDD.$anonfun$mapPartitionsInternal$2(RDD.scala:890)","logger":"airflow.task.operators.airflow.providers.docker.operators.docker.DockerOperator","filename":"docker.py","lineno":66}
{"timestamp":"2026-01-07T01:41:40.709661Z","level":"info","event":"\tat org.apache.spark.rdd.RDD.$anonfun$mapPartitionsInternal$2$adapted(RDD.scala:890)","logger":"airflow.task.operators.airflow.providers.docker.operators.docker.DockerOperator","filename":"docker.py","lineno":66}
{"timestamp":"2026-01-07T01:41:40.709685Z","level":"info","event":"\tat org.apache.spark.rdd.MapPartitionsRDD.compute(MapPartitionsRDD.scala:52)","logger":"airflow.task.operators.airflow.providers.docker.operators.docker.DockerOperator","filename":"docker.py","lineno":66}
{"timestamp":"2026-01-07T01:41:40.709710Z","level":"info","event":"\tat org.apache.spark.rdd.RDD.computeOrReadCheckpoint(RDD.scala:364)","logger":"airflow.task.operators.airflow.providers.docker.operators.docker.DockerOperator","filename":"docker.py","lineno":66}
{"timestamp":"2026-01-07T01:41:40.709741Z","level":"info","event":"\tat org.apache.spark.rdd.RDD.iterator(RDD.scala:328)","logger":"airflow.task.operators.airflow.providers.docker.operators.docker.DockerOperator","filename":"docker.py","lineno":66}
{"timestamp":"2026-01-07T01:41:40.709766Z","level":"info","event":"\tat org.apache.spark.scheduler.ResultTask.runTask(ResultTask.scala:93)","logger":"airflow.task.operators.airflow.providers.docker.operators.docker.DockerOperator","filename":"docker.py","lineno":66}
{"timestamp":"2026-01-07T01:41:40.709786Z","level":"info","event":"\tat org.apache.spark.TaskContext.runTaskWithListeners(TaskContext.scala:161)","logger":"airflow.task.operators.airflow.providers.docker.operators.docker.DockerOperator","filename":"docker.py","lineno":66}
{"timestamp":"2026-01-07T01:41:40.709806Z","level":"info","event":"\tat org.apache.spark.scheduler.Task.run(Task.scala:141)","logger":"airflow.task.operators.airflow.providers.docker.operators.docker.DockerOperator","filename":"docker.py","lineno":66}
{"timestamp":"2026-01-07T01:41:40.709821Z","level":"info","event":"\tat org.apache.spark.executor.Executor$TaskRunner.$anonfun$run$4(Executor.scala:620)","logger":"airflow.task.operators.airflow.providers.docker.operators.docker.DockerOperator","filename":"docker.py","lineno":66}
{"timestamp":"2026-01-07T01:41:40.709836Z","level":"info","event":"\tat org.apache.spark.util.SparkErrorUtils.tryWithSafeFinally(SparkErrorUtils.scala:64)","logger":"airflow.task.operators.airflow.providers.docker.operators.docker.DockerOperator","filename":"docker.py","lineno":66}
{"timestamp":"2026-01-07T01:41:40.709909Z","level":"info","event":"\tat org.apache.spark.util.SparkErrorUtils.tryWithSafeFinally$(SparkErrorUtils.scala:61)","logger":"airflow.task.operators.airflow.providers.docker.operators.docker.DockerOperator","filename":"docker.py","lineno":66}
{"timestamp":"2026-01-07T01:41:40.709964Z","level":"info","event":"\tat org.apache.spark.util.Utils$.tryWithSafeFinally(Utils.scala:94)","logger":"airflow.task.operators.airflow.providers.docker.operators.docker.DockerOperator","filename":"docker.py","lineno":66}
{"timestamp":"2026-01-07T01:41:40.710011Z","level":"info","event":"\tat org.apache.spark.executor.Executor$TaskRunner.run(Executor.scala:623)","logger":"airflow.task.operators.airflow.providers.docker.operators.docker.DockerOperator","filename":"docker.py","lineno":66}
{"timestamp":"2026-01-07T01:41:40.710040Z","level":"info","event":"\tat java.base/java.util.concurrent.ThreadPoolExecutor.runWorker(ThreadPoolExecutor.java:1136)","logger":"airflow.task.operators.airflow.providers.docker.operators.docker.DockerOperator","filename":"docker.py","lineno":66}
{"timestamp":"2026-01-07T01:41:40.710080Z","level":"info","event":"\tat java.base/java.util.concurrent.ThreadPoolExecutor$Worker.run(ThreadPoolExecutor.java:635)","logger":"airflow.task.operators.airflow.providers.docker.operators.docker.DockerOperator","filename":"docker.py","lineno":66}
{"timestamp":"2026-01-07T01:41:40.710111Z","level":"info","event":"\tat java.base/java.lang.Thread.run(Thread.java:840)","logger":"airflow.task.operators.airflow.providers.docker.operators.docker.DockerOperator","filename":"docker.py","lineno":66}
{"timestamp":"2026-01-07T01:41:40.711600Z","level":"info","event":"26/01/07 01:41:40 ERROR FileFormatWriter: Job job_202601070141343266370536186581546_0000 aborted.","logger":"airflow.task.operators.airflow.providers.docker.operators.docker.DockerOperator","filename":"docker.py","lineno":66}
{"timestamp":"2026-01-07T01:41:40.830822Z","level":"info","event":"26/01/07 01:41:40 ERROR Executor: Exception in task 0.0 in stage 0.0 (TID 0)","logger":"airflow.task.operators.airflow.providers.docker.operators.docker.DockerOperator","filename":"docker.py","lineno":66}
{"timestamp":"2026-01-07T01:41:40.831078Z","level":"info","event":"org.apache.spark.SparkException: [TASK_WRITE_FAILED] Task failed while writing rows to file:/app/project_data/production_data/local_analysis_output.csv.","logger":"airflow.task.operators.airflow.providers.docker.operators.docker.DockerOperator","filename":"docker.py","lineno":66}
{"timestamp":"2026-01-07T01:41:40.831184Z","level":"info","event":"\tat org.apache.spark.sql.errors.QueryExecutionErrors$.taskFailedWhileWritingRowsError(QueryExecutionErrors.scala:774)","logger":"airflow.task.operators.airflow.providers.docker.operators.docker.DockerOperator","filename":"docker.py","lineno":66}
{"timestamp":"2026-01-07T01:41:40.831248Z","level":"info","event":"\tat org.apache.spark.sql.execution.datasources.FileFormatWriter$.executeTask(FileFormatWriter.scala:420)","logger":"airflow.task.operators.airflow.providers.docker.operators.docker.DockerOperator","filename":"docker.py","lineno":66}
{"timestamp":"2026-01-07T01:41:40.831301Z","level":"info","event":"\tat org.apache.spark.sql.execution.datasources.WriteFilesExec.$anonfun$doExecuteWrite$1(WriteFiles.scala:100)","logger":"airflow.task.operators.airflow.providers.docker.operators.docker.DockerOperator","filename":"docker.py","lineno":66}
{"timestamp":"2026-01-07T01:41:40.831350Z","level":"info","event":"\tat org.apache.spark.rdd.RDD.$anonfun$mapPartitionsInternal$2(RDD.scala:890)","logger":"airflow.task.operators.airflow.providers.docker.operators.docker.DockerOperator","filename":"docker.py","lineno":66}
{"timestamp":"2026-01-07T01:41:40.831396Z","level":"info","event":"\tat org.apache.spark.rdd.RDD.$anonfun$mapPartitionsInternal$2$adapted(RDD.scala:890)","logger":"airflow.task.operators.airflow.providers.docker.operators.docker.DockerOperator","filename":"docker.py","lineno":66}
{"timestamp":"2026-01-07T01:41:40.831441Z","level":"info","event":"\tat org.apache.spark.rdd.MapPartitionsRDD.compute(MapPartitionsRDD.scala:52)","logger":"airflow.task.operators.airflow.providers.docker.operators.docker.DockerOperator","filename":"docker.py","lineno":66}
{"timestamp":"2026-01-07T01:41:40.831487Z","level":"info","event":"\tat org.apache.spark.rdd.RDD.computeOrReadCheckpoint(RDD.scala:364)","logger":"airflow.task.operators.airflow.providers.docker.operators.docker.DockerOperator","filename":"docker.py","lineno":66}
{"timestamp":"2026-01-07T01:41:40.831533Z","level":"info","event":"\tat org.apache.spark.rdd.RDD.iterator(RDD.scala:328)","logger":"airflow.task.operators.airflow.providers.docker.operators.docker.DockerOperator","filename":"docker.py","lineno":66}
{"timestamp":"2026-01-07T01:41:40.831580Z","level":"info","event":"\tat org.apache.spark.scheduler.ResultTask.runTask(ResultTask.scala:93)","logger":"airflow.task.operators.airflow.providers.docker.operators.docker.DockerOperator","filename":"docker.py","lineno":66}
{"timestamp":"2026-01-07T01:41:40.831625Z","level":"info","event":"\tat org.apache.spark.TaskContext.runTaskWithListeners(TaskContext.scala:161)","logger":"airflow.task.operators.airflow.providers.docker.operators.docker.DockerOperator","filename":"docker.py","lineno":66}
{"timestamp":"2026-01-07T01:41:40.831671Z","level":"info","event":"\tat org.apache.spark.scheduler.Task.run(Task.scala:141)","logger":"airflow.task.operators.airflow.providers.docker.operators.docker.DockerOperator","filename":"docker.py","lineno":66}
{"timestamp":"2026-01-07T01:41:40.831716Z","level":"info","event":"\tat org.apache.spark.executor.Executor$TaskRunner.$anonfun$run$4(Executor.scala:620)","logger":"airflow.task.operators.airflow.providers.docker.operators.docker.DockerOperator","filename":"docker.py","lineno":66}
{"timestamp":"2026-01-07T01:41:40.831761Z","level":"info","event":"\tat org.apache.spark.util.SparkErrorUtils.tryWithSafeFinally(SparkErrorUtils.scala:64)","logger":"airflow.task.operators.airflow.providers.docker.operators.docker.DockerOperator","filename":"docker.py","lineno":66}
{"timestamp":"2026-01-07T01:41:40.831805Z","level":"info","event":"\tat org.apache.spark.util.SparkErrorUtils.tryWithSafeFinally$(SparkErrorUtils.scala:61)","logger":"airflow.task.operators.airflow.providers.docker.operators.docker.DockerOperator","filename":"docker.py","lineno":66}
{"timestamp":"2026-01-07T01:41:40.831848Z","level":"info","event":"\tat org.apache.spark.util.Utils$.tryWithSafeFinally(Utils.scala:94)","logger":"airflow.task.operators.airflow.providers.docker.operators.docker.DockerOperator","filename":"docker.py","lineno":66}
{"timestamp":"2026-01-07T01:41:40.831894Z","level":"info","event":"\tat org.apache.spark.executor.Executor$TaskRunner.run(Executor.scala:623)","logger":"airflow.task.operators.airflow.providers.docker.operators.docker.DockerOperator","filename":"docker.py","lineno":66}
{"timestamp":"2026-01-07T01:41:40.831939Z","level":"info","event":"\tat java.base/java.util.concurrent.ThreadPoolExecutor.runWorker(ThreadPoolExecutor.java:1136)","logger":"airflow.task.operators.airflow.providers.docker.operators.docker.DockerOperator","filename":"docker.py","lineno":66}
{"timestamp":"2026-01-07T01:41:40.831986Z","level":"info","event":"\tat java.base/java.util.concurrent.ThreadPoolExecutor$Worker.run(ThreadPoolExecutor.java:635)","logger":"airflow.task.operators.airflow.providers.docker.operators.docker.DockerOperator","filename":"docker.py","lineno":66}
{"timestamp":"2026-01-07T01:41:40.832030Z","level":"info","event":"\tat java.base/java.lang.Thread.run(Thread.java:840)","logger":"airflow.task.operators.airflow.providers.docker.operators.docker.DockerOperator","filename":"docker.py","lineno":66}
{"timestamp":"2026-01-07T01:41:40.832076Z","level":"info","event":"Caused by: org.apache.spark.api.python.PythonException: Traceback (most recent call last):","logger":"airflow.task.operators.airflow.providers.docker.operators.docker.DockerOperator","filename":"docker.py","lineno":66}
{"timestamp":"2026-01-07T01:41:40.832121Z","level":"info","event":"  File \"/opt/venv_analysis/lib/python3.11/site-packages/pyspark/python/lib/pyspark.zip/pyspark/worker.py\", line 1231, in main","logger":"airflow.task.operators.airflow.providers.docker.operators.docker.DockerOperator","filename":"docker.py","lineno":66}
{"timestamp":"2026-01-07T01:41:40.832166Z","level":"info","event":"    func, profiler, deserializer, serializer = read_udfs(pickleSer, infile, eval_type)","logger":"airflow.task.operators.airflow.providers.docker.operators.docker.DockerOperator","filename":"docker.py","lineno":66}
{"timestamp":"2026-01-07T01:41:40.832211Z","level":"info","event":"                                               ^^^^^^^^^^^^^^^^^^^^^^^^^^^^^^^^^^^^^^^","logger":"airflow.task.operators.airflow.providers.docker.operators.docker.DockerOperator","filename":"docker.py","lineno":66}
{"timestamp":"2026-01-07T01:41:40.832255Z","level":"info","event":"  File \"/opt/venv_analysis/lib/python3.11/site-packages/pyspark/python/lib/pyspark.zip/pyspark/worker.py\", line 1067, in read_udfs","logger":"airflow.task.operators.airflow.providers.docker.operators.docker.DockerOperator","filename":"docker.py","lineno":66}
{"timestamp":"2026-01-07T01:41:40.832299Z","level":"info","event":"    udfs.append(read_single_udf(pickleSer, infile, eval_type, runner_conf, udf_index=i))","logger":"airflow.task.operators.airflow.providers.docker.operators.docker.DockerOperator","filename":"docker.py","lineno":66}
{"timestamp":"2026-01-07T01:41:40.832465Z","level":"info","event":"                ^^^^^^^^^^^^^^^^^^^^^^^^^^^^^^^^^^^^^^^^^^^^^^^^^^^^^^^^^^^^^^^^^^^^^^^","logger":"airflow.task.operators.airflow.providers.docker.operators.docker.DockerOperator","filename":"docker.py","lineno":66}
{"timestamp":"2026-01-07T01:41:40.832531Z","level":"info","event":"  File \"/opt/venv_analysis/lib/python3.11/site-packages/pyspark/python/lib/pyspark.zip/pyspark/worker.py\", line 529, in read_single_udf","logger":"airflow.task.operators.airflow.providers.docker.operators.docker.DockerOperator","filename":"docker.py","lineno":66}
{"timestamp":"2026-01-07T01:41:40.832578Z","level":"info","event":"    f, return_type = read_command(pickleSer, infile)","logger":"airflow.task.operators.airflow.providers.docker.operators.docker.DockerOperator","filename":"docker.py","lineno":66}
{"timestamp":"2026-01-07T01:41:40.832622Z","level":"info","event":"                     ^^^^^^^^^^^^^^^^^^^^^^^^^^^^^^^","logger":"airflow.task.operators.airflow.providers.docker.operators.docker.DockerOperator","filename":"docker.py","lineno":66}
{"timestamp":"2026-01-07T01:41:40.832666Z","level":"info","event":"  File \"/opt/venv_analysis/lib/python3.11/site-packages/pyspark/python/lib/pyspark.zip/pyspark/worker.py\", line 90, in read_command","logger":"airflow.task.operators.airflow.providers.docker.operators.docker.DockerOperator","filename":"docker.py","lineno":66}
{"timestamp":"2026-01-07T01:41:40.832709Z","level":"info","event":"    command = serializer._read_with_length(file)","logger":"airflow.task.operators.airflow.providers.docker.operators.docker.DockerOperator","filename":"docker.py","lineno":66}
{"timestamp":"2026-01-07T01:41:40.832752Z","level":"info","event":"              ^^^^^^^^^^^^^^^^^^^^^^^^^^^^^^^^^^","logger":"airflow.task.operators.airflow.providers.docker.operators.docker.DockerOperator","filename":"docker.py","lineno":66}
{"timestamp":"2026-01-07T01:41:40.832795Z","level":"info","event":"  File \"/opt/venv_analysis/lib/python3.11/site-packages/pyspark/python/lib/pyspark.zip/pyspark/serializers.py\", line 174, in _read_with_length","logger":"airflow.task.operators.airflow.providers.docker.operators.docker.DockerOperator","filename":"docker.py","lineno":66}
{"timestamp":"2026-01-07T01:41:40.832838Z","level":"info","event":"    return self.loads(obj)","logger":"airflow.task.operators.airflow.providers.docker.operators.docker.DockerOperator","filename":"docker.py","lineno":66}
{"timestamp":"2026-01-07T01:41:40.832883Z","level":"info","event":"           ^^^^^^^^^^^^^^^","logger":"airflow.task.operators.airflow.providers.docker.operators.docker.DockerOperator","filename":"docker.py","lineno":66}
{"timestamp":"2026-01-07T01:41:40.832928Z","level":"info","event":"  File \"/opt/venv_analysis/lib/python3.11/site-packages/pyspark/python/lib/pyspark.zip/pyspark/serializers.py\", line 472, in loads","logger":"airflow.task.operators.airflow.providers.docker.operators.docker.DockerOperator","filename":"docker.py","lineno":66}
{"timestamp":"2026-01-07T01:41:40.832971Z","level":"info","event":"    return cloudpickle.loads(obj, encoding=encoding)","logger":"airflow.task.operators.airflow.providers.docker.operators.docker.DockerOperator","filename":"docker.py","lineno":66}
{"timestamp":"2026-01-07T01:41:40.833014Z","level":"info","event":"           ^^^^^^^^^^^^^^^^^^^^^^^^^^^^^^^^^^^^^^^^^","logger":"airflow.task.operators.airflow.providers.docker.operators.docker.DockerOperator","filename":"docker.py","lineno":66}
{"timestamp":"2026-01-07T01:41:40.833056Z","level":"info","event":"ModuleNotFoundError: No module named 'local_analysis'","logger":"airflow.task.operators.airflow.providers.docker.operators.docker.DockerOperator","filename":"docker.py","lineno":66}
{"timestamp":"2026-01-07T01:41:40.833100Z","level":"info","event":"","logger":"airflow.task.operators.airflow.providers.docker.operators.docker.DockerOperator","filename":"docker.py","lineno":66}
{"timestamp":"2026-01-07T01:41:40.833179Z","level":"info","event":"\tat org.apache.spark.api.python.BasePythonRunner$ReaderIterator.handlePythonException(PythonRunner.scala:572)","logger":"airflow.task.operators.airflow.providers.docker.operators.docker.DockerOperator","filename":"docker.py","lineno":66}
{"timestamp":"2026-01-07T01:41:40.833255Z","level":"info","event":"\tat org.apache.spark.sql.execution.python.PythonArrowOutput$$anon$1.read(PythonArrowOutput.scala:118)","logger":"airflow.task.operators.airflow.providers.docker.operators.docker.DockerOperator","filename":"docker.py","lineno":66}
{"timestamp":"2026-01-07T01:41:40.833309Z","level":"info","event":"\tat org.apache.spark.api.python.BasePythonRunner$ReaderIterator.hasNext(PythonRunner.scala:525)","logger":"airflow.task.operators.airflow.providers.docker.operators.docker.DockerOperator","filename":"docker.py","lineno":66}
{"timestamp":"2026-01-07T01:41:40.833504Z","level":"info","event":"\tat org.apache.spark.InterruptibleIterator.hasNext(InterruptibleIterator.scala:37)","logger":"airflow.task.operators.airflow.providers.docker.operators.docker.DockerOperator","filename":"docker.py","lineno":66}
{"timestamp":"2026-01-07T01:41:40.833614Z","level":"info","event":"\tat scala.collection.Iterator$$anon$11.hasNext(Iterator.scala:491)","logger":"airflow.task.operators.airflow.providers.docker.operators.docker.DockerOperator","filename":"docker.py","lineno":66}
{"timestamp":"2026-01-07T01:41:40.833678Z","level":"info","event":"\tat scala.collection.Iterator$$anon$10.hasNext(Iterator.scala:460)","logger":"airflow.task.operators.airflow.providers.docker.operators.docker.DockerOperator","filename":"docker.py","lineno":66}
{"timestamp":"2026-01-07T01:41:40.833733Z","level":"info","event":"\tat org.apache.spark.sql.catalyst.expressions.GeneratedClass$GeneratedIteratorForCodegenStage2.processNext(Unknown Source)","logger":"airflow.task.operators.airflow.providers.docker.operators.docker.DockerOperator","filename":"docker.py","lineno":66}
{"timestamp":"2026-01-07T01:41:40.833783Z","level":"info","event":"\tat org.apache.spark.sql.execution.BufferedRowIterator.hasNext(BufferedRowIterator.java:43)","logger":"airflow.task.operators.airflow.providers.docker.operators.docker.DockerOperator","filename":"docker.py","lineno":66}
{"timestamp":"2026-01-07T01:41:40.833830Z","level":"info","event":"\tat org.apache.spark.sql.execution.WholeStageCodegenEvaluatorFactory$WholeStageCodegenPartitionEvaluator$$anon$1.hasNext(WholeStageCodegenEvaluatorFactory.scala:43)","logger":"airflow.task.operators.airflow.providers.docker.operators.docker.DockerOperator","filename":"docker.py","lineno":66}
{"timestamp":"2026-01-07T01:41:40.833878Z","level":"info","event":"\tat scala.collection.Iterator$$anon$11.hasNext(Iterator.scala:490)","logger":"airflow.task.operators.airflow.providers.docker.operators.docker.DockerOperator","filename":"docker.py","lineno":66}
{"timestamp":"2026-01-07T01:41:40.833927Z","level":"info","event":"\tat org.apache.spark.sql.execution.datasources.FileFormatDataWriter.writeWithIterator(FileFormatDataWriter.scala:91)","logger":"airflow.task.operators.airflow.providers.docker.operators.docker.DockerOperator","filename":"docker.py","lineno":66}
{"timestamp":"2026-01-07T01:41:40.833989Z","level":"info","event":"\tat org.apache.spark.sql.execution.datasources.FileFormatWriter$.$anonfun$executeTask$1(FileFormatWriter.scala:403)","logger":"airflow.task.operators.airflow.providers.docker.operators.docker.DockerOperator","filename":"docker.py","lineno":66}
{"timestamp":"2026-01-07T01:41:40.834037Z","level":"info","event":"\tat org.apache.spark.util.Utils$.tryWithSafeFinallyAndFailureCallbacks(Utils.scala:1397)","logger":"airflow.task.operators.airflow.providers.docker.operators.docker.DockerOperator","filename":"docker.py","lineno":66}
{"timestamp":"2026-01-07T01:41:40.834084Z","level":"info","event":"\tat org.apache.spark.sql.execution.datasources.FileFormatWriter$.executeTask(FileFormatWriter.scala:410)","logger":"airflow.task.operators.airflow.providers.docker.operators.docker.DockerOperator","filename":"docker.py","lineno":66}
{"timestamp":"2026-01-07T01:41:40.834130Z","level":"info","event":"\t... 17 more","logger":"airflow.task.operators.airflow.providers.docker.operators.docker.DockerOperator","filename":"docker.py","lineno":66}
{"timestamp":"2026-01-07T01:41:40.854937Z","level":"info","event":"26/01/07 01:41:40 WARN TaskSetManager: Lost task 0.0 in stage 0.0 (TID 0) (729722e67e0f executor driver): org.apache.spark.SparkException: [TASK_WRITE_FAILED] Task failed while writing rows to file:/app/project_data/production_data/local_analysis_output.csv.","logger":"airflow.task.operators.airflow.providers.docker.operators.docker.DockerOperator","filename":"docker.py","lineno":66}
{"timestamp":"2026-01-07T01:41:40.855137Z","level":"info","event":"\tat org.apache.spark.sql.errors.QueryExecutionErrors$.taskFailedWhileWritingRowsError(QueryExecutionErrors.scala:774)","logger":"airflow.task.operators.airflow.providers.docker.operators.docker.DockerOperator","filename":"docker.py","lineno":66}
{"timestamp":"2026-01-07T01:41:40.855329Z","level":"info","event":"\tat org.apache.spark.sql.execution.datasources.FileFormatWriter$.executeTask(FileFormatWriter.scala:420)","logger":"airflow.task.operators.airflow.providers.docker.operators.docker.DockerOperator","filename":"docker.py","lineno":66}
{"timestamp":"2026-01-07T01:41:40.855432Z","level":"info","event":"\tat org.apache.spark.sql.execution.datasources.WriteFilesExec.$anonfun$doExecuteWrite$1(WriteFiles.scala:100)","logger":"airflow.task.operators.airflow.providers.docker.operators.docker.DockerOperator","filename":"docker.py","lineno":66}
{"timestamp":"2026-01-07T01:41:40.855578Z","level":"info","event":"\tat org.apache.spark.rdd.RDD.$anonfun$mapPartitionsInternal$2(RDD.scala:890)","logger":"airflow.task.operators.airflow.providers.docker.operators.docker.DockerOperator","filename":"docker.py","lineno":66}
{"timestamp":"2026-01-07T01:41:40.855649Z","level":"info","event":"\tat org.apache.spark.rdd.RDD.$anonfun$mapPartitionsInternal$2$adapted(RDD.scala:890)","logger":"airflow.task.operators.airflow.providers.docker.operators.docker.DockerOperator","filename":"docker.py","lineno":66}
{"timestamp":"2026-01-07T01:41:40.855742Z","level":"info","event":"\tat org.apache.spark.rdd.MapPartitionsRDD.compute(MapPartitionsRDD.scala:52)","logger":"airflow.task.operators.airflow.providers.docker.operators.docker.DockerOperator","filename":"docker.py","lineno":66}
{"timestamp":"2026-01-07T01:41:40.855800Z","level":"info","event":"\tat org.apache.spark.rdd.RDD.computeOrReadCheckpoint(RDD.scala:364)","logger":"airflow.task.operators.airflow.providers.docker.operators.docker.DockerOperator","filename":"docker.py","lineno":66}
{"timestamp":"2026-01-07T01:41:40.855835Z","level":"info","event":"\tat org.apache.spark.rdd.RDD.iterator(RDD.scala:328)","logger":"airflow.task.operators.airflow.providers.docker.operators.docker.DockerOperator","filename":"docker.py","lineno":66}
{"timestamp":"2026-01-07T01:41:40.855871Z","level":"info","event":"\tat org.apache.spark.scheduler.ResultTask.runTask(ResultTask.scala:93)","logger":"airflow.task.operators.airflow.providers.docker.operators.docker.DockerOperator","filename":"docker.py","lineno":66}
{"timestamp":"2026-01-07T01:41:40.855902Z","level":"info","event":"\tat org.apache.spark.TaskContext.runTaskWithListeners(TaskContext.scala:161)","logger":"airflow.task.operators.airflow.providers.docker.operators.docker.DockerOperator","filename":"docker.py","lineno":66}
{"timestamp":"2026-01-07T01:41:40.855930Z","level":"info","event":"\tat org.apache.spark.scheduler.Task.run(Task.scala:141)","logger":"airflow.task.operators.airflow.providers.docker.operators.docker.DockerOperator","filename":"docker.py","lineno":66}
{"timestamp":"2026-01-07T01:41:40.855960Z","level":"info","event":"\tat org.apache.spark.executor.Executor$TaskRunner.$anonfun$run$4(Executor.scala:620)","logger":"airflow.task.operators.airflow.providers.docker.operators.docker.DockerOperator","filename":"docker.py","lineno":66}
{"timestamp":"2026-01-07T01:41:40.855989Z","level":"info","event":"\tat org.apache.spark.util.SparkErrorUtils.tryWithSafeFinally(SparkErrorUtils.scala:64)","logger":"airflow.task.operators.airflow.providers.docker.operators.docker.DockerOperator","filename":"docker.py","lineno":66}
{"timestamp":"2026-01-07T01:41:40.856025Z","level":"info","event":"\tat org.apache.spark.util.SparkErrorUtils.tryWithSafeFinally$(SparkErrorUtils.scala:61)","logger":"airflow.task.operators.airflow.providers.docker.operators.docker.DockerOperator","filename":"docker.py","lineno":66}
{"timestamp":"2026-01-07T01:41:40.856053Z","level":"info","event":"\tat org.apache.spark.util.Utils$.tryWithSafeFinally(Utils.scala:94)","logger":"airflow.task.operators.airflow.providers.docker.operators.docker.DockerOperator","filename":"docker.py","lineno":66}
{"timestamp":"2026-01-07T01:41:40.856077Z","level":"info","event":"\tat org.apache.spark.executor.Executor$TaskRunner.run(Executor.scala:623)","logger":"airflow.task.operators.airflow.providers.docker.operators.docker.DockerOperator","filename":"docker.py","lineno":66}
{"timestamp":"2026-01-07T01:41:40.856099Z","level":"info","event":"\tat java.base/java.util.concurrent.ThreadPoolExecutor.runWorker(ThreadPoolExecutor.java:1136)","logger":"airflow.task.operators.airflow.providers.docker.operators.docker.DockerOperator","filename":"docker.py","lineno":66}
{"timestamp":"2026-01-07T01:41:40.856123Z","level":"info","event":"\tat java.base/java.util.concurrent.ThreadPoolExecutor$Worker.run(ThreadPoolExecutor.java:635)","logger":"airflow.task.operators.airflow.providers.docker.operators.docker.DockerOperator","filename":"docker.py","lineno":66}
{"timestamp":"2026-01-07T01:41:40.856156Z","level":"info","event":"\tat java.base/java.lang.Thread.run(Thread.java:840)","logger":"airflow.task.operators.airflow.providers.docker.operators.docker.DockerOperator","filename":"docker.py","lineno":66}
{"timestamp":"2026-01-07T01:41:40.856183Z","level":"info","event":"Caused by: org.apache.spark.api.python.PythonException: Traceback (most recent call last):","logger":"airflow.task.operators.airflow.providers.docker.operators.docker.DockerOperator","filename":"docker.py","lineno":66}
{"timestamp":"2026-01-07T01:41:40.856210Z","level":"info","event":"  File \"/opt/venv_analysis/lib/python3.11/site-packages/pyspark/python/lib/pyspark.zip/pyspark/worker.py\", line 1231, in main","logger":"airflow.task.operators.airflow.providers.docker.operators.docker.DockerOperator","filename":"docker.py","lineno":66}
{"timestamp":"2026-01-07T01:41:40.856237Z","level":"info","event":"    func, profiler, deserializer, serializer = read_udfs(pickleSer, infile, eval_type)","logger":"airflow.task.operators.airflow.providers.docker.operators.docker.DockerOperator","filename":"docker.py","lineno":66}
{"timestamp":"2026-01-07T01:41:40.856263Z","level":"info","event":"                                               ^^^^^^^^^^^^^^^^^^^^^^^^^^^^^^^^^^^^^^^","logger":"airflow.task.operators.airflow.providers.docker.operators.docker.DockerOperator","filename":"docker.py","lineno":66}
{"timestamp":"2026-01-07T01:41:40.856290Z","level":"info","event":"  File \"/opt/venv_analysis/lib/python3.11/site-packages/pyspark/python/lib/pyspark.zip/pyspark/worker.py\", line 1067, in read_udfs","logger":"airflow.task.operators.airflow.providers.docker.operators.docker.DockerOperator","filename":"docker.py","lineno":66}
{"timestamp":"2026-01-07T01:41:40.856320Z","level":"info","event":"    udfs.append(read_single_udf(pickleSer, infile, eval_type, runner_conf, udf_index=i))","logger":"airflow.task.operators.airflow.providers.docker.operators.docker.DockerOperator","filename":"docker.py","lineno":66}
{"timestamp":"2026-01-07T01:41:40.856350Z","level":"info","event":"                ^^^^^^^^^^^^^^^^^^^^^^^^^^^^^^^^^^^^^^^^^^^^^^^^^^^^^^^^^^^^^^^^^^^^^^^","logger":"airflow.task.operators.airflow.providers.docker.operators.docker.DockerOperator","filename":"docker.py","lineno":66}
{"timestamp":"2026-01-07T01:41:40.856379Z","level":"info","event":"  File \"/opt/venv_analysis/lib/python3.11/site-packages/pyspark/python/lib/pyspark.zip/pyspark/worker.py\", line 529, in read_single_udf","logger":"airflow.task.operators.airflow.providers.docker.operators.docker.DockerOperator","filename":"docker.py","lineno":66}
{"timestamp":"2026-01-07T01:41:40.856408Z","level":"info","event":"    f, return_type = read_command(pickleSer, infile)","logger":"airflow.task.operators.airflow.providers.docker.operators.docker.DockerOperator","filename":"docker.py","lineno":66}
{"timestamp":"2026-01-07T01:41:40.856433Z","level":"info","event":"                     ^^^^^^^^^^^^^^^^^^^^^^^^^^^^^^^","logger":"airflow.task.operators.airflow.providers.docker.operators.docker.DockerOperator","filename":"docker.py","lineno":66}
{"timestamp":"2026-01-07T01:41:40.856458Z","level":"info","event":"  File \"/opt/venv_analysis/lib/python3.11/site-packages/pyspark/python/lib/pyspark.zip/pyspark/worker.py\", line 90, in read_command","logger":"airflow.task.operators.airflow.providers.docker.operators.docker.DockerOperator","filename":"docker.py","lineno":66}
{"timestamp":"2026-01-07T01:41:40.856483Z","level":"info","event":"    command = serializer._read_with_length(file)","logger":"airflow.task.operators.airflow.providers.docker.operators.docker.DockerOperator","filename":"docker.py","lineno":66}
{"timestamp":"2026-01-07T01:41:40.856506Z","level":"info","event":"              ^^^^^^^^^^^^^^^^^^^^^^^^^^^^^^^^^^","logger":"airflow.task.operators.airflow.providers.docker.operators.docker.DockerOperator","filename":"docker.py","lineno":66}
{"timestamp":"2026-01-07T01:41:40.856673Z","level":"info","event":"  File \"/opt/venv_analysis/lib/python3.11/site-packages/pyspark/python/lib/pyspark.zip/pyspark/serializers.py\", line 174, in _read_with_length","logger":"airflow.task.operators.airflow.providers.docker.operators.docker.DockerOperator","filename":"docker.py","lineno":66}
{"timestamp":"2026-01-07T01:41:40.856766Z","level":"info","event":"    return self.loads(obj)","logger":"airflow.task.operators.airflow.providers.docker.operators.docker.DockerOperator","filename":"docker.py","lineno":66}
{"timestamp":"2026-01-07T01:41:40.856819Z","level":"info","event":"           ^^^^^^^^^^^^^^^","logger":"airflow.task.operators.airflow.providers.docker.operators.docker.DockerOperator","filename":"docker.py","lineno":66}
{"timestamp":"2026-01-07T01:41:40.856846Z","level":"info","event":"  File \"/opt/venv_analysis/lib/python3.11/site-packages/pyspark/python/lib/pyspark.zip/pyspark/serializers.py\", line 472, in loads","logger":"airflow.task.operators.airflow.providers.docker.operators.docker.DockerOperator","filename":"docker.py","lineno":66}
{"timestamp":"2026-01-07T01:41:40.856889Z","level":"info","event":"    return cloudpickle.loads(obj, encoding=encoding)","logger":"airflow.task.operators.airflow.providers.docker.operators.docker.DockerOperator","filename":"docker.py","lineno":66}
{"timestamp":"2026-01-07T01:41:40.856921Z","level":"info","event":"           ^^^^^^^^^^^^^^^^^^^^^^^^^^^^^^^^^^^^^^^^^","logger":"airflow.task.operators.airflow.providers.docker.operators.docker.DockerOperator","filename":"docker.py","lineno":66}
{"timestamp":"2026-01-07T01:41:40.856964Z","level":"info","event":"ModuleNotFoundError: No module named 'local_analysis'","logger":"airflow.task.operators.airflow.providers.docker.operators.docker.DockerOperator","filename":"docker.py","lineno":66}
{"timestamp":"2026-01-07T01:41:40.856997Z","level":"info","event":"","logger":"airflow.task.operators.airflow.providers.docker.operators.docker.DockerOperator","filename":"docker.py","lineno":66}
{"timestamp":"2026-01-07T01:41:40.857045Z","level":"info","event":"\tat org.apache.spark.api.python.BasePythonRunner$ReaderIterator.handlePythonException(PythonRunner.scala:572)","logger":"airflow.task.operators.airflow.providers.docker.operators.docker.DockerOperator","filename":"docker.py","lineno":66}
{"timestamp":"2026-01-07T01:41:40.857108Z","level":"info","event":"\tat org.apache.spark.sql.execution.python.PythonArrowOutput$$anon$1.read(PythonArrowOutput.scala:118)","logger":"airflow.task.operators.airflow.providers.docker.operators.docker.DockerOperator","filename":"docker.py","lineno":66}
{"timestamp":"2026-01-07T01:41:40.857152Z","level":"info","event":"\tat org.apache.spark.api.python.BasePythonRunner$ReaderIterator.hasNext(PythonRunner.scala:525)","logger":"airflow.task.operators.airflow.providers.docker.operators.docker.DockerOperator","filename":"docker.py","lineno":66}
{"timestamp":"2026-01-07T01:41:40.857187Z","level":"info","event":"\tat org.apache.spark.InterruptibleIterator.hasNext(InterruptibleIterator.scala:37)","logger":"airflow.task.operators.airflow.providers.docker.operators.docker.DockerOperator","filename":"docker.py","lineno":66}
{"timestamp":"2026-01-07T01:41:40.857222Z","level":"info","event":"\tat scala.collection.Iterator$$anon$11.hasNext(Iterator.scala:491)","logger":"airflow.task.operators.airflow.providers.docker.operators.docker.DockerOperator","filename":"docker.py","lineno":66}
{"timestamp":"2026-01-07T01:41:40.857283Z","level":"info","event":"\tat scala.collection.Iterator$$anon$10.hasNext(Iterator.scala:460)","logger":"airflow.task.operators.airflow.providers.docker.operators.docker.DockerOperator","filename":"docker.py","lineno":66}
{"timestamp":"2026-01-07T01:41:40.857344Z","level":"info","event":"\tat org.apache.spark.sql.catalyst.expressions.GeneratedClass$GeneratedIteratorForCodegenStage2.processNext(Unknown Source)","logger":"airflow.task.operators.airflow.providers.docker.operators.docker.DockerOperator","filename":"docker.py","lineno":66}
{"timestamp":"2026-01-07T01:41:40.857378Z","level":"info","event":"\tat org.apache.spark.sql.execution.BufferedRowIterator.hasNext(BufferedRowIterator.java:43)","logger":"airflow.task.operators.airflow.providers.docker.operators.docker.DockerOperator","filename":"docker.py","lineno":66}
{"timestamp":"2026-01-07T01:41:40.857399Z","level":"info","event":"\tat org.apache.spark.sql.execution.WholeStageCodegenEvaluatorFactory$WholeStageCodegenPartitionEvaluator$$anon$1.hasNext(WholeStageCodegenEvaluatorFactory.scala:43)","logger":"airflow.task.operators.airflow.providers.docker.operators.docker.DockerOperator","filename":"docker.py","lineno":66}
{"timestamp":"2026-01-07T01:41:40.857418Z","level":"info","event":"\tat scala.collection.Iterator$$anon$11.hasNext(Iterator.scala:490)","logger":"airflow.task.operators.airflow.providers.docker.operators.docker.DockerOperator","filename":"docker.py","lineno":66}
{"timestamp":"2026-01-07T01:41:40.857433Z","level":"info","event":"\tat org.apache.spark.sql.execution.datasources.FileFormatDataWriter.writeWithIterator(FileFormatDataWriter.scala:91)","logger":"airflow.task.operators.airflow.providers.docker.operators.docker.DockerOperator","filename":"docker.py","lineno":66}
{"timestamp":"2026-01-07T01:41:40.857448Z","level":"info","event":"\tat org.apache.spark.sql.execution.datasources.FileFormatWriter$.$anonfun$executeTask$1(FileFormatWriter.scala:403)","logger":"airflow.task.operators.airflow.providers.docker.operators.docker.DockerOperator","filename":"docker.py","lineno":66}
{"timestamp":"2026-01-07T01:41:40.857463Z","level":"info","event":"\tat org.apache.spark.util.Utils$.tryWithSafeFinallyAndFailureCallbacks(Utils.scala:1397)","logger":"airflow.task.operators.airflow.providers.docker.operators.docker.DockerOperator","filename":"docker.py","lineno":66}
{"timestamp":"2026-01-07T01:41:40.857477Z","level":"info","event":"\tat org.apache.spark.sql.execution.datasources.FileFormatWriter$.executeTask(FileFormatWriter.scala:410)","logger":"airflow.task.operators.airflow.providers.docker.operators.docker.DockerOperator","filename":"docker.py","lineno":66}
{"timestamp":"2026-01-07T01:41:40.857492Z","level":"info","event":"\t... 17 more","logger":"airflow.task.operators.airflow.providers.docker.operators.docker.DockerOperator","filename":"docker.py","lineno":66}
{"timestamp":"2026-01-07T01:41:40.857565Z","level":"info","event":"26/01/07 01:41:40 ERROR TaskSetManager: Task 0 in stage 0.0 failed 1 times; aborting job","logger":"airflow.task.operators.airflow.providers.docker.operators.docker.DockerOperator","filename":"docker.py","lineno":66}
{"timestamp":"2026-01-07T01:41:40.869951Z","level":"info","event":"26/01/07 01:41:40 ERROR FileFormatWriter: Aborting job 5b45d906-83a0-4bda-af89-a6bdad13abca.","logger":"airflow.task.operators.airflow.providers.docker.operators.docker.DockerOperator","filename":"docker.py","lineno":66}
{"timestamp":"2026-01-07T01:41:40.870116Z","level":"info","event":"org.apache.spark.SparkException: Job aborted due to stage failure: Task 0 in stage 0.0 failed 1 times, most recent failure: Lost task 0.0 in stage 0.0 (TID 0) (729722e67e0f executor driver): org.apache.spark.SparkException: [TASK_WRITE_FAILED] Task failed while writing rows to file:/app/project_data/production_data/local_analysis_output.csv.","logger":"airflow.task.operators.airflow.providers.docker.operators.docker.DockerOperator","filename":"docker.py","lineno":66}
{"timestamp":"2026-01-07T01:41:40.870254Z","level":"info","event":"\tat org.apache.spark.sql.errors.QueryExecutionErrors$.taskFailedWhileWritingRowsError(QueryExecutionErrors.scala:774)","logger":"airflow.task.operators.airflow.providers.docker.operators.docker.DockerOperator","filename":"docker.py","lineno":66}
{"timestamp":"2026-01-07T01:41:40.870365Z","level":"info","event":"\tat org.apache.spark.sql.execution.datasources.FileFormatWriter$.executeTask(FileFormatWriter.scala:420)","logger":"airflow.task.operators.airflow.providers.docker.operators.docker.DockerOperator","filename":"docker.py","lineno":66}
{"timestamp":"2026-01-07T01:41:40.870415Z","level":"info","event":"\tat org.apache.spark.sql.execution.datasources.WriteFilesExec.$anonfun$doExecuteWrite$1(WriteFiles.scala:100)","logger":"airflow.task.operators.airflow.providers.docker.operators.docker.DockerOperator","filename":"docker.py","lineno":66}
{"timestamp":"2026-01-07T01:41:40.870449Z","level":"info","event":"\tat org.apache.spark.rdd.RDD.$anonfun$mapPartitionsInternal$2(RDD.scala:890)","logger":"airflow.task.operators.airflow.providers.docker.operators.docker.DockerOperator","filename":"docker.py","lineno":66}
{"timestamp":"2026-01-07T01:41:40.870481Z","level":"info","event":"\tat org.apache.spark.rdd.RDD.$anonfun$mapPartitionsInternal$2$adapted(RDD.scala:890)","logger":"airflow.task.operators.airflow.providers.docker.operators.docker.DockerOperator","filename":"docker.py","lineno":66}
{"timestamp":"2026-01-07T01:41:40.870506Z","level":"info","event":"\tat org.apache.spark.rdd.MapPartitionsRDD.compute(MapPartitionsRDD.scala:52)","logger":"airflow.task.operators.airflow.providers.docker.operators.docker.DockerOperator","filename":"docker.py","lineno":66}
{"timestamp":"2026-01-07T01:41:40.870531Z","level":"info","event":"\tat org.apache.spark.rdd.RDD.computeOrReadCheckpoint(RDD.scala:364)","logger":"airflow.task.operators.airflow.providers.docker.operators.docker.DockerOperator","filename":"docker.py","lineno":66}
{"timestamp":"2026-01-07T01:41:40.870557Z","level":"info","event":"\tat org.apache.spark.rdd.RDD.iterator(RDD.scala:328)","logger":"airflow.task.operators.airflow.providers.docker.operators.docker.DockerOperator","filename":"docker.py","lineno":66}
{"timestamp":"2026-01-07T01:41:40.870587Z","level":"info","event":"\tat org.apache.spark.scheduler.ResultTask.runTask(ResultTask.scala:93)","logger":"airflow.task.operators.airflow.providers.docker.operators.docker.DockerOperator","filename":"docker.py","lineno":66}
{"timestamp":"2026-01-07T01:41:40.870614Z","level":"info","event":"\tat org.apache.spark.TaskContext.runTaskWithListeners(TaskContext.scala:161)","logger":"airflow.task.operators.airflow.providers.docker.operators.docker.DockerOperator","filename":"docker.py","lineno":66}
{"timestamp":"2026-01-07T01:41:40.870637Z","level":"info","event":"\tat org.apache.spark.scheduler.Task.run(Task.scala:141)","logger":"airflow.task.operators.airflow.providers.docker.operators.docker.DockerOperator","filename":"docker.py","lineno":66}
{"timestamp":"2026-01-07T01:41:40.870659Z","level":"info","event":"\tat org.apache.spark.executor.Executor$TaskRunner.$anonfun$run$4(Executor.scala:620)","logger":"airflow.task.operators.airflow.providers.docker.operators.docker.DockerOperator","filename":"docker.py","lineno":66}
{"timestamp":"2026-01-07T01:41:40.870684Z","level":"info","event":"\tat org.apache.spark.util.SparkErrorUtils.tryWithSafeFinally(SparkErrorUtils.scala:64)","logger":"airflow.task.operators.airflow.providers.docker.operators.docker.DockerOperator","filename":"docker.py","lineno":66}
{"timestamp":"2026-01-07T01:41:40.870708Z","level":"info","event":"\tat org.apache.spark.util.SparkErrorUtils.tryWithSafeFinally$(SparkErrorUtils.scala:61)","logger":"airflow.task.operators.airflow.providers.docker.operators.docker.DockerOperator","filename":"docker.py","lineno":66}
{"timestamp":"2026-01-07T01:41:40.871031Z","level":"info","event":"\tat org.apache.spark.util.Utils$.tryWithSafeFinally(Utils.scala:94)","logger":"airflow.task.operators.airflow.providers.docker.operators.docker.DockerOperator","filename":"docker.py","lineno":66}
{"timestamp":"2026-01-07T01:41:40.871386Z","level":"info","event":"\tat org.apache.spark.executor.Executor$TaskRunner.run(Executor.scala:623)","logger":"airflow.task.operators.airflow.providers.docker.operators.docker.DockerOperator","filename":"docker.py","lineno":66}
{"timestamp":"2026-01-07T01:41:40.871509Z","level":"info","event":"\tat java.base/java.util.concurrent.ThreadPoolExecutor.runWorker(ThreadPoolExecutor.java:1136)","logger":"airflow.task.operators.airflow.providers.docker.operators.docker.DockerOperator","filename":"docker.py","lineno":66}
{"timestamp":"2026-01-07T01:41:40.871590Z","level":"info","event":"\tat java.base/java.util.concurrent.ThreadPoolExecutor$Worker.run(ThreadPoolExecutor.java:635)","logger":"airflow.task.operators.airflow.providers.docker.operators.docker.DockerOperator","filename":"docker.py","lineno":66}
{"timestamp":"2026-01-07T01:41:40.871657Z","level":"info","event":"\tat java.base/java.lang.Thread.run(Thread.java:840)","logger":"airflow.task.operators.airflow.providers.docker.operators.docker.DockerOperator","filename":"docker.py","lineno":66}
{"timestamp":"2026-01-07T01:41:40.871719Z","level":"info","event":"Caused by: org.apache.spark.api.python.PythonException: Traceback (most recent call last):","logger":"airflow.task.operators.airflow.providers.docker.operators.docker.DockerOperator","filename":"docker.py","lineno":66}
{"timestamp":"2026-01-07T01:41:40.871946Z","level":"info","event":"  File \"/opt/venv_analysis/lib/python3.11/site-packages/pyspark/python/lib/pyspark.zip/pyspark/worker.py\", line 1231, in main","logger":"airflow.task.operators.airflow.providers.docker.operators.docker.DockerOperator","filename":"docker.py","lineno":66}
{"timestamp":"2026-01-07T01:41:40.872074Z","level":"info","event":"    func, profiler, deserializer, serializer = read_udfs(pickleSer, infile, eval_type)","logger":"airflow.task.operators.airflow.providers.docker.operators.docker.DockerOperator","filename":"docker.py","lineno":66}
{"timestamp":"2026-01-07T01:41:40.872153Z","level":"info","event":"                                               ^^^^^^^^^^^^^^^^^^^^^^^^^^^^^^^^^^^^^^^","logger":"airflow.task.operators.airflow.providers.docker.operators.docker.DockerOperator","filename":"docker.py","lineno":66}
{"timestamp":"2026-01-07T01:41:40.872183Z","level":"info","event":"  File \"/opt/venv_analysis/lib/python3.11/site-packages/pyspark/python/lib/pyspark.zip/pyspark/worker.py\", line 1067, in read_udfs","logger":"airflow.task.operators.airflow.providers.docker.operators.docker.DockerOperator","filename":"docker.py","lineno":66}
{"timestamp":"2026-01-07T01:41:40.872208Z","level":"info","event":"    udfs.append(read_single_udf(pickleSer, infile, eval_type, runner_conf, udf_index=i))","logger":"airflow.task.operators.airflow.providers.docker.operators.docker.DockerOperator","filename":"docker.py","lineno":66}
{"timestamp":"2026-01-07T01:41:40.872232Z","level":"info","event":"                ^^^^^^^^^^^^^^^^^^^^^^^^^^^^^^^^^^^^^^^^^^^^^^^^^^^^^^^^^^^^^^^^^^^^^^^","logger":"airflow.task.operators.airflow.providers.docker.operators.docker.DockerOperator","filename":"docker.py","lineno":66}
{"timestamp":"2026-01-07T01:41:40.872254Z","level":"info","event":"  File \"/opt/venv_analysis/lib/python3.11/site-packages/pyspark/python/lib/pyspark.zip/pyspark/worker.py\", line 529, in read_single_udf","logger":"airflow.task.operators.airflow.providers.docker.operators.docker.DockerOperator","filename":"docker.py","lineno":66}
{"timestamp":"2026-01-07T01:41:40.872276Z","level":"info","event":"    f, return_type = read_command(pickleSer, infile)","logger":"airflow.task.operators.airflow.providers.docker.operators.docker.DockerOperator","filename":"docker.py","lineno":66}
{"timestamp":"2026-01-07T01:41:40.872299Z","level":"info","event":"                     ^^^^^^^^^^^^^^^^^^^^^^^^^^^^^^^","logger":"airflow.task.operators.airflow.providers.docker.operators.docker.DockerOperator","filename":"docker.py","lineno":66}
{"timestamp":"2026-01-07T01:41:40.872321Z","level":"info","event":"  File \"/opt/venv_analysis/lib/python3.11/site-packages/pyspark/python/lib/pyspark.zip/pyspark/worker.py\", line 90, in read_command","logger":"airflow.task.operators.airflow.providers.docker.operators.docker.DockerOperator","filename":"docker.py","lineno":66}
{"timestamp":"2026-01-07T01:41:40.872344Z","level":"info","event":"    command = serializer._read_with_length(file)","logger":"airflow.task.operators.airflow.providers.docker.operators.docker.DockerOperator","filename":"docker.py","lineno":66}
{"timestamp":"2026-01-07T01:41:40.872368Z","level":"info","event":"              ^^^^^^^^^^^^^^^^^^^^^^^^^^^^^^^^^^","logger":"airflow.task.operators.airflow.providers.docker.operators.docker.DockerOperator","filename":"docker.py","lineno":66}
{"timestamp":"2026-01-07T01:41:40.872391Z","level":"info","event":"  File \"/opt/venv_analysis/lib/python3.11/site-packages/pyspark/python/lib/pyspark.zip/pyspark/serializers.py\", line 174, in _read_with_length","logger":"airflow.task.operators.airflow.providers.docker.operators.docker.DockerOperator","filename":"docker.py","lineno":66}
{"timestamp":"2026-01-07T01:41:40.872416Z","level":"info","event":"    return self.loads(obj)","logger":"airflow.task.operators.airflow.providers.docker.operators.docker.DockerOperator","filename":"docker.py","lineno":66}
{"timestamp":"2026-01-07T01:41:40.872441Z","level":"info","event":"           ^^^^^^^^^^^^^^^","logger":"airflow.task.operators.airflow.providers.docker.operators.docker.DockerOperator","filename":"docker.py","lineno":66}
{"timestamp":"2026-01-07T01:41:40.872464Z","level":"info","event":"  File \"/opt/venv_analysis/lib/python3.11/site-packages/pyspark/python/lib/pyspark.zip/pyspark/serializers.py\", line 472, in loads","logger":"airflow.task.operators.airflow.providers.docker.operators.docker.DockerOperator","filename":"docker.py","lineno":66}
{"timestamp":"2026-01-07T01:41:40.872485Z","level":"info","event":"    return cloudpickle.loads(obj, encoding=encoding)","logger":"airflow.task.operators.airflow.providers.docker.operators.docker.DockerOperator","filename":"docker.py","lineno":66}
{"timestamp":"2026-01-07T01:41:40.872509Z","level":"info","event":"           ^^^^^^^^^^^^^^^^^^^^^^^^^^^^^^^^^^^^^^^^^","logger":"airflow.task.operators.airflow.providers.docker.operators.docker.DockerOperator","filename":"docker.py","lineno":66}
{"timestamp":"2026-01-07T01:41:40.872532Z","level":"info","event":"ModuleNotFoundError: No module named 'local_analysis'","logger":"airflow.task.operators.airflow.providers.docker.operators.docker.DockerOperator","filename":"docker.py","lineno":66}
{"timestamp":"2026-01-07T01:41:40.872556Z","level":"info","event":"","logger":"airflow.task.operators.airflow.providers.docker.operators.docker.DockerOperator","filename":"docker.py","lineno":66}
{"timestamp":"2026-01-07T01:41:40.872580Z","level":"info","event":"\tat org.apache.spark.api.python.BasePythonRunner$ReaderIterator.handlePythonException(PythonRunner.scala:572)","logger":"airflow.task.operators.airflow.providers.docker.operators.docker.DockerOperator","filename":"docker.py","lineno":66}
{"timestamp":"2026-01-07T01:41:40.872603Z","level":"info","event":"\tat org.apache.spark.sql.execution.python.PythonArrowOutput$$anon$1.read(PythonArrowOutput.scala:118)","logger":"airflow.task.operators.airflow.providers.docker.operators.docker.DockerOperator","filename":"docker.py","lineno":66}
{"timestamp":"2026-01-07T01:41:40.872626Z","level":"info","event":"\tat org.apache.spark.api.python.BasePythonRunner$ReaderIterator.hasNext(PythonRunner.scala:525)","logger":"airflow.task.operators.airflow.providers.docker.operators.docker.DockerOperator","filename":"docker.py","lineno":66}
{"timestamp":"2026-01-07T01:41:40.872651Z","level":"info","event":"\tat org.apache.spark.InterruptibleIterator.hasNext(InterruptibleIterator.scala:37)","logger":"airflow.task.operators.airflow.providers.docker.operators.docker.DockerOperator","filename":"docker.py","lineno":66}
{"timestamp":"2026-01-07T01:41:40.872673Z","level":"info","event":"\tat scala.collection.Iterator$$anon$11.hasNext(Iterator.scala:491)","logger":"airflow.task.operators.airflow.providers.docker.operators.docker.DockerOperator","filename":"docker.py","lineno":66}
{"timestamp":"2026-01-07T01:41:40.872706Z","level":"info","event":"\tat scala.collection.Iterator$$anon$10.hasNext(Iterator.scala:460)","logger":"airflow.task.operators.airflow.providers.docker.operators.docker.DockerOperator","filename":"docker.py","lineno":66}
{"timestamp":"2026-01-07T01:41:40.872729Z","level":"info","event":"\tat org.apache.spark.sql.catalyst.expressions.GeneratedClass$GeneratedIteratorForCodegenStage2.processNext(Unknown Source)","logger":"airflow.task.operators.airflow.providers.docker.operators.docker.DockerOperator","filename":"docker.py","lineno":66}
{"timestamp":"2026-01-07T01:41:40.872754Z","level":"info","event":"\tat org.apache.spark.sql.execution.BufferedRowIterator.hasNext(BufferedRowIterator.java:43)","logger":"airflow.task.operators.airflow.providers.docker.operators.docker.DockerOperator","filename":"docker.py","lineno":66}
{"timestamp":"2026-01-07T01:41:40.872778Z","level":"info","event":"\tat org.apache.spark.sql.execution.WholeStageCodegenEvaluatorFactory$WholeStageCodegenPartitionEvaluator$$anon$1.hasNext(WholeStageCodegenEvaluatorFactory.scala:43)","logger":"airflow.task.operators.airflow.providers.docker.operators.docker.DockerOperator","filename":"docker.py","lineno":66}
{"timestamp":"2026-01-07T01:41:40.872805Z","level":"info","event":"\tat scala.collection.Iterator$$anon$11.hasNext(Iterator.scala:490)","logger":"airflow.task.operators.airflow.providers.docker.operators.docker.DockerOperator","filename":"docker.py","lineno":66}
{"timestamp":"2026-01-07T01:41:40.872828Z","level":"info","event":"\tat org.apache.spark.sql.execution.datasources.FileFormatDataWriter.writeWithIterator(FileFormatDataWriter.scala:91)","logger":"airflow.task.operators.airflow.providers.docker.operators.docker.DockerOperator","filename":"docker.py","lineno":66}
{"timestamp":"2026-01-07T01:41:40.872852Z","level":"info","event":"\tat org.apache.spark.sql.execution.datasources.FileFormatWriter$.$anonfun$executeTask$1(FileFormatWriter.scala:403)","logger":"airflow.task.operators.airflow.providers.docker.operators.docker.DockerOperator","filename":"docker.py","lineno":66}
{"timestamp":"2026-01-07T01:41:40.872877Z","level":"info","event":"\tat org.apache.spark.util.Utils$.tryWithSafeFinallyAndFailureCallbacks(Utils.scala:1397)","logger":"airflow.task.operators.airflow.providers.docker.operators.docker.DockerOperator","filename":"docker.py","lineno":66}
{"timestamp":"2026-01-07T01:41:40.872903Z","level":"info","event":"\tat org.apache.spark.sql.execution.datasources.FileFormatWriter$.executeTask(FileFormatWriter.scala:410)","logger":"airflow.task.operators.airflow.providers.docker.operators.docker.DockerOperator","filename":"docker.py","lineno":66}
{"timestamp":"2026-01-07T01:41:40.872931Z","level":"info","event":"\t... 17 more","logger":"airflow.task.operators.airflow.providers.docker.operators.docker.DockerOperator","filename":"docker.py","lineno":66}
{"timestamp":"2026-01-07T01:41:40.872962Z","level":"info","event":"","logger":"airflow.task.operators.airflow.providers.docker.operators.docker.DockerOperator","filename":"docker.py","lineno":66}
{"timestamp":"2026-01-07T01:41:40.872990Z","level":"info","event":"Driver stacktrace:","logger":"airflow.task.operators.airflow.providers.docker.operators.docker.DockerOperator","filename":"docker.py","lineno":66}
{"timestamp":"2026-01-07T01:41:40.873016Z","level":"info","event":"\tat org.apache.spark.scheduler.DAGScheduler.failJobAndIndependentStages(DAGScheduler.scala:2844)","logger":"airflow.task.operators.airflow.providers.docker.operators.docker.DockerOperator","filename":"docker.py","lineno":66}
{"timestamp":"2026-01-07T01:41:40.873039Z","level":"info","event":"\tat org.apache.spark.scheduler.DAGScheduler.$anonfun$abortStage$2(DAGScheduler.scala:2780)","logger":"airflow.task.operators.airflow.providers.docker.operators.docker.DockerOperator","filename":"docker.py","lineno":66}
{"timestamp":"2026-01-07T01:41:40.873063Z","level":"info","event":"\tat org.apache.spark.scheduler.DAGScheduler.$anonfun$abortStage$2$adapted(DAGScheduler.scala:2779)","logger":"airflow.task.operators.airflow.providers.docker.operators.docker.DockerOperator","filename":"docker.py","lineno":66}
{"timestamp":"2026-01-07T01:41:40.873083Z","level":"info","event":"\tat scala.collection.mutable.ResizableArray.foreach(ResizableArray.scala:62)","logger":"airflow.task.operators.airflow.providers.docker.operators.docker.DockerOperator","filename":"docker.py","lineno":66}
{"timestamp":"2026-01-07T01:41:40.873102Z","level":"info","event":"\tat scala.collection.mutable.ResizableArray.foreach$(ResizableArray.scala:55)","logger":"airflow.task.operators.airflow.providers.docker.operators.docker.DockerOperator","filename":"docker.py","lineno":66}
{"timestamp":"2026-01-07T01:41:40.873119Z","level":"info","event":"\tat scala.collection.mutable.ArrayBuffer.foreach(ArrayBuffer.scala:49)","logger":"airflow.task.operators.airflow.providers.docker.operators.docker.DockerOperator","filename":"docker.py","lineno":66}
{"timestamp":"2026-01-07T01:41:40.873136Z","level":"info","event":"\tat org.apache.spark.scheduler.DAGScheduler.abortStage(DAGScheduler.scala:2779)","logger":"airflow.task.operators.airflow.providers.docker.operators.docker.DockerOperator","filename":"docker.py","lineno":66}
{"timestamp":"2026-01-07T01:41:40.873156Z","level":"info","event":"\tat org.apache.spark.scheduler.DAGScheduler.$anonfun$handleTaskSetFailed$1(DAGScheduler.scala:1242)","logger":"airflow.task.operators.airflow.providers.docker.operators.docker.DockerOperator","filename":"docker.py","lineno":66}
{"timestamp":"2026-01-07T01:41:40.873179Z","level":"info","event":"\tat org.apache.spark.scheduler.DAGScheduler.$anonfun$handleTaskSetFailed$1$adapted(DAGScheduler.scala:1242)","logger":"airflow.task.operators.airflow.providers.docker.operators.docker.DockerOperator","filename":"docker.py","lineno":66}
{"timestamp":"2026-01-07T01:41:40.873207Z","level":"info","event":"\tat scala.Option.foreach(Option.scala:407)","logger":"airflow.task.operators.airflow.providers.docker.operators.docker.DockerOperator","filename":"docker.py","lineno":66}
{"timestamp":"2026-01-07T01:41:40.873240Z","level":"info","event":"\tat org.apache.spark.scheduler.DAGScheduler.handleTaskSetFailed(DAGScheduler.scala:1242)","logger":"airflow.task.operators.airflow.providers.docker.operators.docker.DockerOperator","filename":"docker.py","lineno":66}
{"timestamp":"2026-01-07T01:41:40.873583Z","level":"info","event":"\tat org.apache.spark.scheduler.DAGSchedulerEventProcessLoop.doOnReceive(DAGScheduler.scala:3048)","logger":"airflow.task.operators.airflow.providers.docker.operators.docker.DockerOperator","filename":"docker.py","lineno":66}
{"timestamp":"2026-01-07T01:41:40.873680Z","level":"info","event":"\tat org.apache.spark.scheduler.DAGSchedulerEventProcessLoop.onReceive(DAGScheduler.scala:2982)","logger":"airflow.task.operators.airflow.providers.docker.operators.docker.DockerOperator","filename":"docker.py","lineno":66}
{"timestamp":"2026-01-07T01:41:40.873780Z","level":"info","event":"\tat org.apache.spark.scheduler.DAGSchedulerEventProcessLoop.onReceive(DAGScheduler.scala:2971)","logger":"airflow.task.operators.airflow.providers.docker.operators.docker.DockerOperator","filename":"docker.py","lineno":66}
{"timestamp":"2026-01-07T01:41:40.873822Z","level":"info","event":"\tat org.apache.spark.util.EventLoop$$anon$1.run(EventLoop.scala:49)","logger":"airflow.task.operators.airflow.providers.docker.operators.docker.DockerOperator","filename":"docker.py","lineno":66}
{"timestamp":"2026-01-07T01:41:40.873847Z","level":"info","event":"\tat org.apache.spark.scheduler.DAGScheduler.runJob(DAGScheduler.scala:984)","logger":"airflow.task.operators.airflow.providers.docker.operators.docker.DockerOperator","filename":"docker.py","lineno":66}
{"timestamp":"2026-01-07T01:41:40.873865Z","level":"info","event":"\tat org.apache.spark.SparkContext.runJob(SparkContext.scala:2398)","logger":"airflow.task.operators.airflow.providers.docker.operators.docker.DockerOperator","filename":"docker.py","lineno":66}
{"timestamp":"2026-01-07T01:41:40.873881Z","level":"info","event":"\tat org.apache.spark.sql.execution.datasources.FileFormatWriter$.$anonfun$executeWrite$4(FileFormatWriter.scala:307)","logger":"airflow.task.operators.airflow.providers.docker.operators.docker.DockerOperator","filename":"docker.py","lineno":66}
{"timestamp":"2026-01-07T01:41:40.873901Z","level":"info","event":"\tat org.apache.spark.sql.execution.datasources.FileFormatWriter$.writeAndCommit(FileFormatWriter.scala:271)","logger":"airflow.task.operators.airflow.providers.docker.operators.docker.DockerOperator","filename":"docker.py","lineno":66}
{"timestamp":"2026-01-07T01:41:40.873918Z","level":"info","event":"\tat org.apache.spark.sql.execution.datasources.FileFormatWriter$.executeWrite(FileFormatWriter.scala:304)","logger":"airflow.task.operators.airflow.providers.docker.operators.docker.DockerOperator","filename":"docker.py","lineno":66}
{"timestamp":"2026-01-07T01:41:40.873952Z","level":"info","event":"\tat org.apache.spark.sql.execution.datasources.FileFormatWriter$.write(FileFormatWriter.scala:190)","logger":"airflow.task.operators.airflow.providers.docker.operators.docker.DockerOperator","filename":"docker.py","lineno":66}
{"timestamp":"2026-01-07T01:41:40.874095Z","level":"info","event":"\tat org.apache.spark.sql.execution.datasources.InsertIntoHadoopFsRelationCommand.run(InsertIntoHadoopFsRelationCommand.scala:190)","logger":"airflow.task.operators.airflow.providers.docker.operators.docker.DockerOperator","filename":"docker.py","lineno":66}
{"timestamp":"2026-01-07T01:41:40.874287Z","level":"info","event":"\tat org.apache.spark.sql.execution.command.DataWritingCommandExec.sideEffectResult$lzycompute(commands.scala:113)","logger":"airflow.task.operators.airflow.providers.docker.operators.docker.DockerOperator","filename":"docker.py","lineno":66}
{"timestamp":"2026-01-07T01:41:40.874406Z","level":"info","event":"\tat org.apache.spark.sql.execution.command.DataWritingCommandExec.sideEffectResult(commands.scala:111)","logger":"airflow.task.operators.airflow.providers.docker.operators.docker.DockerOperator","filename":"docker.py","lineno":66}
{"timestamp":"2026-01-07T01:41:40.874484Z","level":"info","event":"\tat org.apache.spark.sql.execution.command.DataWritingCommandExec.executeCollect(commands.scala:125)","logger":"airflow.task.operators.airflow.providers.docker.operators.docker.DockerOperator","filename":"docker.py","lineno":66}
{"timestamp":"2026-01-07T01:41:40.874541Z","level":"info","event":"\tat org.apache.spark.sql.execution.QueryExecution$$anonfun$eagerlyExecuteCommands$1.$anonfun$applyOrElse$1(QueryExecution.scala:107)","logger":"airflow.task.operators.airflow.providers.docker.operators.docker.DockerOperator","filename":"docker.py","lineno":66}
{"timestamp":"2026-01-07T01:41:40.874597Z","level":"info","event":"\tat org.apache.spark.sql.execution.SQLExecution$.$anonfun$withNewExecutionId$6(SQLExecution.scala:125)","logger":"airflow.task.operators.airflow.providers.docker.operators.docker.DockerOperator","filename":"docker.py","lineno":66}
{"timestamp":"2026-01-07T01:41:40.874652Z","level":"info","event":"\tat org.apache.spark.sql.execution.SQLExecution$.withSQLConfPropagated(SQLExecution.scala:201)","logger":"airflow.task.operators.airflow.providers.docker.operators.docker.DockerOperator","filename":"docker.py","lineno":66}
{"timestamp":"2026-01-07T01:41:40.874706Z","level":"info","event":"\tat org.apache.spark.sql.execution.SQLExecution$.$anonfun$withNewExecutionId$1(SQLExecution.scala:108)","logger":"airflow.task.operators.airflow.providers.docker.operators.docker.DockerOperator","filename":"docker.py","lineno":66}
{"timestamp":"2026-01-07T01:41:40.874764Z","level":"info","event":"\tat org.apache.spark.sql.SparkSession.withActive(SparkSession.scala:900)","logger":"airflow.task.operators.airflow.providers.docker.operators.docker.DockerOperator","filename":"docker.py","lineno":66}
{"timestamp":"2026-01-07T01:41:40.874823Z","level":"info","event":"\tat org.apache.spark.sql.execution.SQLExecution$.withNewExecutionId(SQLExecution.scala:66)","logger":"airflow.task.operators.airflow.providers.docker.operators.docker.DockerOperator","filename":"docker.py","lineno":66}
{"timestamp":"2026-01-07T01:41:40.874885Z","level":"info","event":"\tat org.apache.spark.sql.execution.QueryExecution$$anonfun$eagerlyExecuteCommands$1.applyOrElse(QueryExecution.scala:107)","logger":"airflow.task.operators.airflow.providers.docker.operators.docker.DockerOperator","filename":"docker.py","lineno":66}
{"timestamp":"2026-01-07T01:41:40.874949Z","level":"info","event":"\tat org.apache.spark.sql.execution.QueryExecution$$anonfun$eagerlyExecuteCommands$1.applyOrElse(QueryExecution.scala:98)","logger":"airflow.task.operators.airflow.providers.docker.operators.docker.DockerOperator","filename":"docker.py","lineno":66}
{"timestamp":"2026-01-07T01:41:40.875003Z","level":"info","event":"\tat org.apache.spark.sql.catalyst.trees.TreeNode.$anonfun$transformDownWithPruning$1(TreeNode.scala:461)","logger":"airflow.task.operators.airflow.providers.docker.operators.docker.DockerOperator","filename":"docker.py","lineno":66}
{"timestamp":"2026-01-07T01:41:40.875056Z","level":"info","event":"\tat org.apache.spark.sql.catalyst.trees.CurrentOrigin$.withOrigin(origin.scala:76)","logger":"airflow.task.operators.airflow.providers.docker.operators.docker.DockerOperator","filename":"docker.py","lineno":66}
{"timestamp":"2026-01-07T01:41:40.875110Z","level":"info","event":"\tat org.apache.spark.sql.catalyst.trees.TreeNode.transformDownWithPruning(TreeNode.scala:461)","logger":"airflow.task.operators.airflow.providers.docker.operators.docker.DockerOperator","filename":"docker.py","lineno":66}
{"timestamp":"2026-01-07T01:41:40.875162Z","level":"info","event":"\tat org.apache.spark.sql.catalyst.plans.logical.LogicalPlan.org$apache$spark$sql$catalyst$plans$logical$AnalysisHelper$$super$transformDownWithPruning(LogicalPlan.scala:32)","logger":"airflow.task.operators.airflow.providers.docker.operators.docker.DockerOperator","filename":"docker.py","lineno":66}
{"timestamp":"2026-01-07T01:41:40.875214Z","level":"info","event":"\tat org.apache.spark.sql.catalyst.plans.logical.AnalysisHelper.transformDownWithPruning(AnalysisHelper.scala:267)","logger":"airflow.task.operators.airflow.providers.docker.operators.docker.DockerOperator","filename":"docker.py","lineno":66}
{"timestamp":"2026-01-07T01:41:40.875267Z","level":"info","event":"\tat org.apache.spark.sql.catalyst.plans.logical.AnalysisHelper.transformDownWithPruning$(AnalysisHelper.scala:263)","logger":"airflow.task.operators.airflow.providers.docker.operators.docker.DockerOperator","filename":"docker.py","lineno":66}
{"timestamp":"2026-01-07T01:41:40.875321Z","level":"info","event":"\tat org.apache.spark.sql.catalyst.plans.logical.LogicalPlan.transformDownWithPruning(LogicalPlan.scala:32)","logger":"airflow.task.operators.airflow.providers.docker.operators.docker.DockerOperator","filename":"docker.py","lineno":66}
{"timestamp":"2026-01-07T01:41:40.875377Z","level":"info","event":"\tat org.apache.spark.sql.catalyst.plans.logical.LogicalPlan.transformDownWithPruning(LogicalPlan.scala:32)","logger":"airflow.task.operators.airflow.providers.docker.operators.docker.DockerOperator","filename":"docker.py","lineno":66}
{"timestamp":"2026-01-07T01:41:40.875432Z","level":"info","event":"\tat org.apache.spark.sql.catalyst.trees.TreeNode.transformDown(TreeNode.scala:437)","logger":"airflow.task.operators.airflow.providers.docker.operators.docker.DockerOperator","filename":"docker.py","lineno":66}
{"timestamp":"2026-01-07T01:41:40.875482Z","level":"info","event":"\tat org.apache.spark.sql.execution.QueryExecution.eagerlyExecuteCommands(QueryExecution.scala:98)","logger":"airflow.task.operators.airflow.providers.docker.operators.docker.DockerOperator","filename":"docker.py","lineno":66}
{"timestamp":"2026-01-07T01:41:40.875533Z","level":"info","event":"\tat org.apache.spark.sql.execution.QueryExecution.commandExecuted$lzycompute(QueryExecution.scala:85)","logger":"airflow.task.operators.airflow.providers.docker.operators.docker.DockerOperator","filename":"docker.py","lineno":66}
{"timestamp":"2026-01-07T01:41:40.875662Z","level":"info","event":"\tat org.apache.spark.sql.execution.QueryExecution.commandExecuted(QueryExecution.scala:83)","logger":"airflow.task.operators.airflow.providers.docker.operators.docker.DockerOperator","filename":"docker.py","lineno":66}
{"timestamp":"2026-01-07T01:41:40.875707Z","level":"info","event":"\tat org.apache.spark.sql.execution.QueryExecution.assertCommandExecuted(QueryExecution.scala:142)","logger":"airflow.task.operators.airflow.providers.docker.operators.docker.DockerOperator","filename":"docker.py","lineno":66}
{"timestamp":"2026-01-07T01:41:40.875736Z","level":"info","event":"\tat org.apache.spark.sql.DataFrameWriter.runCommand(DataFrameWriter.scala:859)","logger":"airflow.task.operators.airflow.providers.docker.operators.docker.DockerOperator","filename":"docker.py","lineno":66}
{"timestamp":"2026-01-07T01:41:40.875765Z","level":"info","event":"\tat org.apache.spark.sql.DataFrameWriter.saveToV1Source(DataFrameWriter.scala:388)","logger":"airflow.task.operators.airflow.providers.docker.operators.docker.DockerOperator","filename":"docker.py","lineno":66}
{"timestamp":"2026-01-07T01:41:40.875794Z","level":"info","event":"\tat org.apache.spark.sql.DataFrameWriter.saveInternal(DataFrameWriter.scala:361)","logger":"airflow.task.operators.airflow.providers.docker.operators.docker.DockerOperator","filename":"docker.py","lineno":66}
{"timestamp":"2026-01-07T01:41:40.875821Z","level":"info","event":"\tat org.apache.spark.sql.DataFrameWriter.save(DataFrameWriter.scala:240)","logger":"airflow.task.operators.airflow.providers.docker.operators.docker.DockerOperator","filename":"docker.py","lineno":66}
{"timestamp":"2026-01-07T01:41:40.875845Z","level":"info","event":"\tat org.apache.spark.sql.DataFrameWriter.csv(DataFrameWriter.scala:850)","logger":"airflow.task.operators.airflow.providers.docker.operators.docker.DockerOperator","filename":"docker.py","lineno":66}
{"timestamp":"2026-01-07T01:41:40.875864Z","level":"info","event":"\tat java.base/jdk.internal.reflect.NativeMethodAccessorImpl.invoke0(Native Method)","logger":"airflow.task.operators.airflow.providers.docker.operators.docker.DockerOperator","filename":"docker.py","lineno":66}
{"timestamp":"2026-01-07T01:41:40.875892Z","level":"info","event":"\tat java.base/jdk.internal.reflect.NativeMethodAccessorImpl.invoke(NativeMethodAccessorImpl.java:77)","logger":"airflow.task.operators.airflow.providers.docker.operators.docker.DockerOperator","filename":"docker.py","lineno":66}
{"timestamp":"2026-01-07T01:41:40.875909Z","level":"info","event":"\tat java.base/jdk.internal.reflect.DelegatingMethodAccessorImpl.invoke(DelegatingMethodAccessorImpl.java:43)","logger":"airflow.task.operators.airflow.providers.docker.operators.docker.DockerOperator","filename":"docker.py","lineno":66}
{"timestamp":"2026-01-07T01:41:40.875930Z","level":"info","event":"\tat java.base/java.lang.reflect.Method.invoke(Method.java:569)","logger":"airflow.task.operators.airflow.providers.docker.operators.docker.DockerOperator","filename":"docker.py","lineno":66}
{"timestamp":"2026-01-07T01:41:40.875948Z","level":"info","event":"\tat py4j.reflection.MethodInvoker.invoke(MethodInvoker.java:244)","logger":"airflow.task.operators.airflow.providers.docker.operators.docker.DockerOperator","filename":"docker.py","lineno":66}
{"timestamp":"2026-01-07T01:41:40.875970Z","level":"info","event":"\tat py4j.reflection.ReflectionEngine.invoke(ReflectionEngine.java:374)","logger":"airflow.task.operators.airflow.providers.docker.operators.docker.DockerOperator","filename":"docker.py","lineno":66}
{"timestamp":"2026-01-07T01:41:40.875988Z","level":"info","event":"\tat py4j.Gateway.invoke(Gateway.java:282)","logger":"airflow.task.operators.airflow.providers.docker.operators.docker.DockerOperator","filename":"docker.py","lineno":66}
{"timestamp":"2026-01-07T01:41:40.876009Z","level":"info","event":"\tat py4j.commands.AbstractCommand.invokeMethod(AbstractCommand.java:132)","logger":"airflow.task.operators.airflow.providers.docker.operators.docker.DockerOperator","filename":"docker.py","lineno":66}
{"timestamp":"2026-01-07T01:41:40.876031Z","level":"info","event":"\tat py4j.commands.CallCommand.execute(CallCommand.java:79)","logger":"airflow.task.operators.airflow.providers.docker.operators.docker.DockerOperator","filename":"docker.py","lineno":66}
{"timestamp":"2026-01-07T01:41:40.876048Z","level":"info","event":"\tat py4j.ClientServerConnection.waitForCommands(ClientServerConnection.java:182)","logger":"airflow.task.operators.airflow.providers.docker.operators.docker.DockerOperator","filename":"docker.py","lineno":66}
{"timestamp":"2026-01-07T01:41:40.876066Z","level":"info","event":"\tat py4j.ClientServerConnection.run(ClientServerConnection.java:106)","logger":"airflow.task.operators.airflow.providers.docker.operators.docker.DockerOperator","filename":"docker.py","lineno":66}
{"timestamp":"2026-01-07T01:41:40.876095Z","level":"info","event":"\tat java.base/java.lang.Thread.run(Thread.java:840)","logger":"airflow.task.operators.airflow.providers.docker.operators.docker.DockerOperator","filename":"docker.py","lineno":66}
{"timestamp":"2026-01-07T01:41:40.876128Z","level":"info","event":"Caused by: org.apache.spark.SparkException: [TASK_WRITE_FAILED] Task failed while writing rows to file:/app/project_data/production_data/local_analysis_output.csv.","logger":"airflow.task.operators.airflow.providers.docker.operators.docker.DockerOperator","filename":"docker.py","lineno":66}
{"timestamp":"2026-01-07T01:41:40.876161Z","level":"info","event":"\tat org.apache.spark.sql.errors.QueryExecutionErrors$.taskFailedWhileWritingRowsError(QueryExecutionErrors.scala:774)","logger":"airflow.task.operators.airflow.providers.docker.operators.docker.DockerOperator","filename":"docker.py","lineno":66}
{"timestamp":"2026-01-07T01:41:40.876191Z","level":"info","event":"\tat org.apache.spark.sql.execution.datasources.FileFormatWriter$.executeTask(FileFormatWriter.scala:420)","logger":"airflow.task.operators.airflow.providers.docker.operators.docker.DockerOperator","filename":"docker.py","lineno":66}
{"timestamp":"2026-01-07T01:41:40.876219Z","level":"info","event":"\tat org.apache.spark.sql.execution.datasources.WriteFilesExec.$anonfun$doExecuteWrite$1(WriteFiles.scala:100)","logger":"airflow.task.operators.airflow.providers.docker.operators.docker.DockerOperator","filename":"docker.py","lineno":66}
{"timestamp":"2026-01-07T01:41:40.876248Z","level":"info","event":"\tat org.apache.spark.rdd.RDD.$anonfun$mapPartitionsInternal$2(RDD.scala:890)","logger":"airflow.task.operators.airflow.providers.docker.operators.docker.DockerOperator","filename":"docker.py","lineno":66}
{"timestamp":"2026-01-07T01:41:40.934847Z","level":"info","event":"\tat org.apache.spark.rdd.RDD.$anonfun$mapPartitionsInternal$2$adapted(RDD.scala:890)","logger":"airflow.task.operators.airflow.providers.docker.operators.docker.DockerOperator","filename":"docker.py","lineno":66}
{"timestamp":"2026-01-07T01:41:40.934946Z","level":"info","event":"\tat org.apache.spark.rdd.MapPartitionsRDD.compute(MapPartitionsRDD.scala:52)","logger":"airflow.task.operators.airflow.providers.docker.operators.docker.DockerOperator","filename":"docker.py","lineno":66}
{"timestamp":"2026-01-07T01:41:40.934970Z","level":"info","event":"\tat org.apache.spark.rdd.RDD.computeOrReadCheckpoint(RDD.scala:364)","logger":"airflow.task.operators.airflow.providers.docker.operators.docker.DockerOperator","filename":"docker.py","lineno":66}
{"timestamp":"2026-01-07T01:41:40.934988Z","level":"info","event":"\tat org.apache.spark.rdd.RDD.iterator(RDD.scala:328)","logger":"airflow.task.operators.airflow.providers.docker.operators.docker.DockerOperator","filename":"docker.py","lineno":66}
{"timestamp":"2026-01-07T01:41:40.935003Z","level":"info","event":"\tat org.apache.spark.scheduler.ResultTask.runTask(ResultTask.scala:93)","logger":"airflow.task.operators.airflow.providers.docker.operators.docker.DockerOperator","filename":"docker.py","lineno":66}
{"timestamp":"2026-01-07T01:41:40.935017Z","level":"info","event":"\tat org.apache.spark.TaskContext.runTaskWithListeners(TaskContext.scala:161)","logger":"airflow.task.operators.airflow.providers.docker.operators.docker.DockerOperator","filename":"docker.py","lineno":66}
{"timestamp":"2026-01-07T01:41:40.935031Z","level":"info","event":"\tat org.apache.spark.scheduler.Task.run(Task.scala:141)","logger":"airflow.task.operators.airflow.providers.docker.operators.docker.DockerOperator","filename":"docker.py","lineno":66}
{"timestamp":"2026-01-07T01:41:40.935051Z","level":"info","event":"\tat org.apache.spark.executor.Executor$TaskRunner.$anonfun$run$4(Executor.scala:620)","logger":"airflow.task.operators.airflow.providers.docker.operators.docker.DockerOperator","filename":"docker.py","lineno":66}
{"timestamp":"2026-01-07T01:41:40.935065Z","level":"info","event":"\tat org.apache.spark.util.SparkErrorUtils.tryWithSafeFinally(SparkErrorUtils.scala:64)","logger":"airflow.task.operators.airflow.providers.docker.operators.docker.DockerOperator","filename":"docker.py","lineno":66}
{"timestamp":"2026-01-07T01:41:40.935079Z","level":"info","event":"\tat org.apache.spark.util.SparkErrorUtils.tryWithSafeFinally$(SparkErrorUtils.scala:61)","logger":"airflow.task.operators.airflow.providers.docker.operators.docker.DockerOperator","filename":"docker.py","lineno":66}
{"timestamp":"2026-01-07T01:41:40.935093Z","level":"info","event":"\tat org.apache.spark.util.Utils$.tryWithSafeFinally(Utils.scala:94)","logger":"airflow.task.operators.airflow.providers.docker.operators.docker.DockerOperator","filename":"docker.py","lineno":66}
{"timestamp":"2026-01-07T01:41:40.935107Z","level":"info","event":"\tat org.apache.spark.executor.Executor$TaskRunner.run(Executor.scala:623)","logger":"airflow.task.operators.airflow.providers.docker.operators.docker.DockerOperator","filename":"docker.py","lineno":66}
{"timestamp":"2026-01-07T01:41:40.935122Z","level":"info","event":"\tat java.base/java.util.concurrent.ThreadPoolExecutor.runWorker(ThreadPoolExecutor.java:1136)","logger":"airflow.task.operators.airflow.providers.docker.operators.docker.DockerOperator","filename":"docker.py","lineno":66}
{"timestamp":"2026-01-07T01:41:40.935136Z","level":"info","event":"\tat java.base/java.util.concurrent.ThreadPoolExecutor$Worker.run(ThreadPoolExecutor.java:635)","logger":"airflow.task.operators.airflow.providers.docker.operators.docker.DockerOperator","filename":"docker.py","lineno":66}
{"timestamp":"2026-01-07T01:41:40.935150Z","level":"info","event":"\t... 1 more","logger":"airflow.task.operators.airflow.providers.docker.operators.docker.DockerOperator","filename":"docker.py","lineno":66}
{"timestamp":"2026-01-07T01:41:40.935163Z","level":"info","event":"Caused by: org.apache.spark.api.python.PythonException: Traceback (most recent call last):","logger":"airflow.task.operators.airflow.providers.docker.operators.docker.DockerOperator","filename":"docker.py","lineno":66}
{"timestamp":"2026-01-07T01:41:40.935178Z","level":"info","event":"  File \"/opt/venv_analysis/lib/python3.11/site-packages/pyspark/python/lib/pyspark.zip/pyspark/worker.py\", line 1231, in main","logger":"airflow.task.operators.airflow.providers.docker.operators.docker.DockerOperator","filename":"docker.py","lineno":66}
{"timestamp":"2026-01-07T01:41:40.935193Z","level":"info","event":"    func, profiler, deserializer, serializer = read_udfs(pickleSer, infile, eval_type)","logger":"airflow.task.operators.airflow.providers.docker.operators.docker.DockerOperator","filename":"docker.py","lineno":66}
{"timestamp":"2026-01-07T01:41:40.935207Z","level":"info","event":"                                               ^^^^^^^^^^^^^^^^^^^^^^^^^^^^^^^^^^^^^^^","logger":"airflow.task.operators.airflow.providers.docker.operators.docker.DockerOperator","filename":"docker.py","lineno":66}
{"timestamp":"2026-01-07T01:41:40.935220Z","level":"info","event":"  File \"/opt/venv_analysis/lib/python3.11/site-packages/pyspark/python/lib/pyspark.zip/pyspark/worker.py\", line 1067, in read_udfs","logger":"airflow.task.operators.airflow.providers.docker.operators.docker.DockerOperator","filename":"docker.py","lineno":66}
{"timestamp":"2026-01-07T01:41:40.935234Z","level":"info","event":"    udfs.append(read_single_udf(pickleSer, infile, eval_type, runner_conf, udf_index=i))","logger":"airflow.task.operators.airflow.providers.docker.operators.docker.DockerOperator","filename":"docker.py","lineno":66}
{"timestamp":"2026-01-07T01:41:40.935248Z","level":"info","event":"                ^^^^^^^^^^^^^^^^^^^^^^^^^^^^^^^^^^^^^^^^^^^^^^^^^^^^^^^^^^^^^^^^^^^^^^^","logger":"airflow.task.operators.airflow.providers.docker.operators.docker.DockerOperator","filename":"docker.py","lineno":66}
{"timestamp":"2026-01-07T01:41:40.935261Z","level":"info","event":"  File \"/opt/venv_analysis/lib/python3.11/site-packages/pyspark/python/lib/pyspark.zip/pyspark/worker.py\", line 529, in read_single_udf","logger":"airflow.task.operators.airflow.providers.docker.operators.docker.DockerOperator","filename":"docker.py","lineno":66}
{"timestamp":"2026-01-07T01:41:40.935275Z","level":"info","event":"    f, return_type = read_command(pickleSer, infile)","logger":"airflow.task.operators.airflow.providers.docker.operators.docker.DockerOperator","filename":"docker.py","lineno":66}
{"timestamp":"2026-01-07T01:41:40.935289Z","level":"info","event":"                     ^^^^^^^^^^^^^^^^^^^^^^^^^^^^^^^","logger":"airflow.task.operators.airflow.providers.docker.operators.docker.DockerOperator","filename":"docker.py","lineno":66}
{"timestamp":"2026-01-07T01:41:40.935303Z","level":"info","event":"  File \"/opt/venv_analysis/lib/python3.11/site-packages/pyspark/python/lib/pyspark.zip/pyspark/worker.py\", line 90, in read_command","logger":"airflow.task.operators.airflow.providers.docker.operators.docker.DockerOperator","filename":"docker.py","lineno":66}
{"timestamp":"2026-01-07T01:41:40.935317Z","level":"info","event":"    command = serializer._read_with_length(file)","logger":"airflow.task.operators.airflow.providers.docker.operators.docker.DockerOperator","filename":"docker.py","lineno":66}
{"timestamp":"2026-01-07T01:41:40.935331Z","level":"info","event":"              ^^^^^^^^^^^^^^^^^^^^^^^^^^^^^^^^^^","logger":"airflow.task.operators.airflow.providers.docker.operators.docker.DockerOperator","filename":"docker.py","lineno":66}
{"timestamp":"2026-01-07T01:41:40.935344Z","level":"info","event":"  File \"/opt/venv_analysis/lib/python3.11/site-packages/pyspark/python/lib/pyspark.zip/pyspark/serializers.py\", line 174, in _read_with_length","logger":"airflow.task.operators.airflow.providers.docker.operators.docker.DockerOperator","filename":"docker.py","lineno":66}
{"timestamp":"2026-01-07T01:41:40.935359Z","level":"info","event":"    return self.loads(obj)","logger":"airflow.task.operators.airflow.providers.docker.operators.docker.DockerOperator","filename":"docker.py","lineno":66}
{"timestamp":"2026-01-07T01:41:40.935373Z","level":"info","event":"           ^^^^^^^^^^^^^^^","logger":"airflow.task.operators.airflow.providers.docker.operators.docker.DockerOperator","filename":"docker.py","lineno":66}
{"timestamp":"2026-01-07T01:41:40.935386Z","level":"info","event":"  File \"/opt/venv_analysis/lib/python3.11/site-packages/pyspark/python/lib/pyspark.zip/pyspark/serializers.py\", line 472, in loads","logger":"airflow.task.operators.airflow.providers.docker.operators.docker.DockerOperator","filename":"docker.py","lineno":66}
{"timestamp":"2026-01-07T01:41:40.935499Z","level":"info","event":"    return cloudpickle.loads(obj, encoding=encoding)","logger":"airflow.task.operators.airflow.providers.docker.operators.docker.DockerOperator","filename":"docker.py","lineno":66}
{"timestamp":"2026-01-07T01:41:40.935555Z","level":"info","event":"           ^^^^^^^^^^^^^^^^^^^^^^^^^^^^^^^^^^^^^^^^^","logger":"airflow.task.operators.airflow.providers.docker.operators.docker.DockerOperator","filename":"docker.py","lineno":66}
{"timestamp":"2026-01-07T01:41:40.935600Z","level":"info","event":"ModuleNotFoundError: No module named 'local_analysis'","logger":"airflow.task.operators.airflow.providers.docker.operators.docker.DockerOperator","filename":"docker.py","lineno":66}
{"timestamp":"2026-01-07T01:41:40.935644Z","level":"info","event":"","logger":"airflow.task.operators.airflow.providers.docker.operators.docker.DockerOperator","filename":"docker.py","lineno":66}
{"timestamp":"2026-01-07T01:41:40.935689Z","level":"info","event":"\tat org.apache.spark.api.python.BasePythonRunner$ReaderIterator.handlePythonException(PythonRunner.scala:572)","logger":"airflow.task.operators.airflow.providers.docker.operators.docker.DockerOperator","filename":"docker.py","lineno":66}
{"timestamp":"2026-01-07T01:41:40.935742Z","level":"info","event":"\tat org.apache.spark.sql.execution.python.PythonArrowOutput$$anon$1.read(PythonArrowOutput.scala:118)","logger":"airflow.task.operators.airflow.providers.docker.operators.docker.DockerOperator","filename":"docker.py","lineno":66}
{"timestamp":"2026-01-07T01:41:40.935793Z","level":"info","event":"\tat org.apache.spark.api.python.BasePythonRunner$ReaderIterator.hasNext(PythonRunner.scala:525)","logger":"airflow.task.operators.airflow.providers.docker.operators.docker.DockerOperator","filename":"docker.py","lineno":66}
{"timestamp":"2026-01-07T01:41:40.935890Z","level":"info","event":"","logger":"airflow.task.operators.airflow.providers.docker.operators.docker.DockerOperator","filename":"docker.py","lineno":66}
{"timestamp":"2026-01-07T01:41:40.935934Z","level":"info","event":"\tat org.apache.spark.InterruptibleIterator.hasNext(InterruptibleIterator.scala:37)","logger":"airflow.task.operators.airflow.providers.docker.operators.docker.DockerOperator","filename":"docker.py","lineno":66}
{"timestamp":"2026-01-07T01:41:40.935958Z","level":"info","event":"\tat scala.collection.Iterator$$anon$11.hasNext(Iterator.scala:491)","logger":"airflow.task.operators.airflow.providers.docker.operators.docker.DockerOperator","filename":"docker.py","lineno":66}
{"timestamp":"2026-01-07T01:41:40.935977Z","level":"info","event":"\tat scala.collection.Iterator$$anon$10.hasNext(Iterator.scala:460)","logger":"airflow.task.operators.airflow.providers.docker.operators.docker.DockerOperator","filename":"docker.py","lineno":66}
{"timestamp":"2026-01-07T01:41:40.935992Z","level":"info","event":"\tat org.apache.spark.sql.catalyst.expressions.GeneratedClass$GeneratedIteratorForCodegenStage2.processNext(Unknown Source)","logger":"airflow.task.operators.airflow.providers.docker.operators.docker.DockerOperator","filename":"docker.py","lineno":66}
{"timestamp":"2026-01-07T01:41:40.936008Z","level":"info","event":"\tat org.apache.spark.sql.execution.BufferedRowIterator.hasNext(BufferedRowIterator.java:43)","logger":"airflow.task.operators.airflow.providers.docker.operators.docker.DockerOperator","filename":"docker.py","lineno":66}
{"timestamp":"2026-01-07T01:41:40.936023Z","level":"info","event":"\tat org.apache.spark.sql.execution.WholeStageCodegenEvaluatorFactory$WholeStageCodegenPartitionEvaluator$$anon$1.hasNext(WholeStageCodegenEvaluatorFactory.scala:43)","logger":"airflow.task.operators.airflow.providers.docker.operators.docker.DockerOperator","filename":"docker.py","lineno":66}
{"timestamp":"2026-01-07T01:41:40.936038Z","level":"info","event":"\tat scala.collection.Iterator$$anon$11.hasNext(Iterator.scala:490)","logger":"airflow.task.operators.airflow.providers.docker.operators.docker.DockerOperator","filename":"docker.py","lineno":66}
{"timestamp":"2026-01-07T01:41:40.936053Z","level":"info","event":"\tat org.apache.spark.sql.execution.datasources.FileFormatDataWriter.writeWithIterator(FileFormatDataWriter.scala:91)","logger":"airflow.task.operators.airflow.providers.docker.operators.docker.DockerOperator","filename":"docker.py","lineno":66}
{"timestamp":"2026-01-07T01:41:40.936070Z","level":"info","event":"\tat org.apache.spark.sql.execution.datasources.FileFormatWriter$.$anonfun$executeTask$1(FileFormatWriter.scala:403)","logger":"airflow.task.operators.airflow.providers.docker.operators.docker.DockerOperator","filename":"docker.py","lineno":66}
{"timestamp":"2026-01-07T01:41:40.936085Z","level":"info","event":"\tat org.apache.spark.util.Utils$.tryWithSafeFinallyAndFailureCallbacks(Utils.scala:1397)","logger":"airflow.task.operators.airflow.providers.docker.operators.docker.DockerOperator","filename":"docker.py","lineno":66}
{"timestamp":"2026-01-07T01:41:40.936099Z","level":"info","event":"\tat org.apache.spark.sql.execution.datasources.FileFormatWriter$.executeTask(FileFormatWriter.scala:410)","logger":"airflow.task.operators.airflow.providers.docker.operators.docker.DockerOperator","filename":"docker.py","lineno":66}
{"timestamp":"2026-01-07T01:41:40.936114Z","level":"info","event":"\t... 17 more","logger":"airflow.task.operators.airflow.providers.docker.operators.docker.DockerOperator","filename":"docker.py","lineno":66}
{"timestamp":"2026-01-07T01:41:40.936150Z","level":"info","event":"\r[Stage 0:>                                                          (0 + 0) / 1]","logger":"airflow.task.operators.airflow.providers.docker.operators.docker.DockerOperator","filename":"docker.py","lineno":66}
{"timestamp":"2026-01-07T01:41:40.977234Z","level":"info","event":"Traceback (most recent call last):","logger":"airflow.task.operators.airflow.providers.docker.operators.docker.DockerOperator","filename":"docker.py","lineno":66}
{"timestamp":"2026-01-07T01:41:40.977380Z","level":"info","event":"  File \"/app/analysis_container/analysis_main.py\", line 59, in <module>","logger":"airflow.task.operators.airflow.providers.docker.operators.docker.DockerOperator","filename":"docker.py","lineno":66}
{"timestamp":"2026-01-07T01:41:40.977436Z","level":"info","event":"    main()","logger":"airflow.task.operators.airflow.providers.docker.operators.docker.DockerOperator","filename":"docker.py","lineno":66}
{"timestamp":"2026-01-07T01:41:40.977457Z","level":"info","event":"  File \"/app/analysis_container/analysis_main.py\", line 56, in main","logger":"airflow.task.operators.airflow.providers.docker.operators.docker.DockerOperator","filename":"docker.py","lineno":66}
{"timestamp":"2026-01-07T01:41:40.977483Z","level":"info","event":"    main_local_analysis()","logger":"airflow.task.operators.airflow.providers.docker.operators.docker.DockerOperator","filename":"docker.py","lineno":66}
{"timestamp":"2026-01-07T01:41:40.977499Z","level":"info","event":"  File \"/app/analysis_container/local_analysis.py\", line 351, in main_local_analysis","logger":"airflow.task.operators.airflow.providers.docker.operators.docker.DockerOperator","filename":"docker.py","lineno":66}
{"timestamp":"2026-01-07T01:41:40.977523Z","level":"info","event":"    .csv(output_path)","logger":"airflow.task.operators.airflow.providers.docker.operators.docker.DockerOperator","filename":"docker.py","lineno":66}
{"timestamp":"2026-01-07T01:41:40.977541Z","level":"info","event":"     ^^^^^^^^^^^^^^^^","logger":"airflow.task.operators.airflow.providers.docker.operators.docker.DockerOperator","filename":"docker.py","lineno":66}
{"timestamp":"2026-01-07T01:41:40.977555Z","level":"info","event":"  File \"/opt/venv_analysis/lib/python3.11/site-packages/pyspark/sql/readwriter.py\", line 1864, in csv","logger":"airflow.task.operators.airflow.providers.docker.operators.docker.DockerOperator","filename":"docker.py","lineno":66}
{"timestamp":"2026-01-07T01:41:40.991609Z","level":"info","event":"    self._jwrite.csv(path)","logger":"airflow.task.operators.airflow.providers.docker.operators.docker.DockerOperator","filename":"docker.py","lineno":66}
{"timestamp":"2026-01-07T01:41:40.991832Z","level":"info","event":"  File \"/opt/venv_analysis/lib/python3.11/site-packages/py4j/java_gateway.py\", line 1322, in __call__","logger":"airflow.task.operators.airflow.providers.docker.operators.docker.DockerOperator","filename":"docker.py","lineno":66}
{"timestamp":"2026-01-07T01:41:40.991964Z","level":"info","event":"    return_value = get_return_value(","logger":"airflow.task.operators.airflow.providers.docker.operators.docker.DockerOperator","filename":"docker.py","lineno":66}
{"timestamp":"2026-01-07T01:41:40.992017Z","level":"info","event":"                   ^^^^^^^^^^^^^^^^^","logger":"airflow.task.operators.airflow.providers.docker.operators.docker.DockerOperator","filename":"docker.py","lineno":66}
{"timestamp":"2026-01-07T01:41:40.992056Z","level":"info","event":"  File \"/opt/venv_analysis/lib/python3.11/site-packages/pyspark/errors/exceptions/captured.py\", line 179, in deco","logger":"airflow.task.operators.airflow.providers.docker.operators.docker.DockerOperator","filename":"docker.py","lineno":66}
{"timestamp":"2026-01-07T01:41:40.992182Z","level":"info","event":"    return f(*a, **kw)","logger":"airflow.task.operators.airflow.providers.docker.operators.docker.DockerOperator","filename":"docker.py","lineno":66}
{"timestamp":"2026-01-07T01:41:40.992238Z","level":"info","event":"           ^^^^^^^^^^^","logger":"airflow.task.operators.airflow.providers.docker.operators.docker.DockerOperator","filename":"docker.py","lineno":66}
{"timestamp":"2026-01-07T01:41:40.992279Z","level":"info","event":"  File \"/opt/venv_analysis/lib/python3.11/site-packages/py4j/protocol.py\", line 326, in get_return_value","logger":"airflow.task.operators.airflow.providers.docker.operators.docker.DockerOperator","filename":"docker.py","lineno":66}
{"timestamp":"2026-01-07T01:41:40.994142Z","level":"info","event":"    raise Py4JJavaError(","logger":"airflow.task.operators.airflow.providers.docker.operators.docker.DockerOperator","filename":"docker.py","lineno":66}
{"timestamp":"2026-01-07T01:41:41.039538Z","level":"info","event":"py4j.protocol.Py4JJavaError: An error occurred while calling o91.csv.","logger":"airflow.task.operators.airflow.providers.docker.operators.docker.DockerOperator","filename":"docker.py","lineno":66}
{"timestamp":"2026-01-07T01:41:41.039741Z","level":"info","event":": org.apache.spark.SparkException: Job aborted due to stage failure: Task 0 in stage 0.0 failed 1 times, most recent failure: Lost task 0.0 in stage 0.0 (TID 0) (729722e67e0f executor driver): org.apache.spark.SparkException: [TASK_WRITE_FAILED] Task failed while writing rows to file:/app/project_data/production_data/local_analysis_output.csv.","logger":"airflow.task.operators.airflow.providers.docker.operators.docker.DockerOperator","filename":"docker.py","lineno":66}
{"timestamp":"2026-01-07T01:41:41.039822Z","level":"info","event":"\tat org.apache.spark.sql.errors.QueryExecutionErrors$.taskFailedWhileWritingRowsError(QueryExecutionErrors.scala:774)","logger":"airflow.task.operators.airflow.providers.docker.operators.docker.DockerOperator","filename":"docker.py","lineno":66}
{"timestamp":"2026-01-07T01:41:41.039849Z","level":"info","event":"\tat org.apache.spark.sql.execution.datasources.FileFormatWriter$.executeTask(FileFormatWriter.scala:420)","logger":"airflow.task.operators.airflow.providers.docker.operators.docker.DockerOperator","filename":"docker.py","lineno":66}
{"timestamp":"2026-01-07T01:41:41.039867Z","level":"info","event":"\tat org.apache.spark.sql.execution.datasources.WriteFilesExec.$anonfun$doExecuteWrite$1(WriteFiles.scala:100)","logger":"airflow.task.operators.airflow.providers.docker.operators.docker.DockerOperator","filename":"docker.py","lineno":66}
{"timestamp":"2026-01-07T01:41:41.039884Z","level":"info","event":"\tat org.apache.spark.rdd.RDD.$anonfun$mapPartitionsInternal$2(RDD.scala:890)","logger":"airflow.task.operators.airflow.providers.docker.operators.docker.DockerOperator","filename":"docker.py","lineno":66}
{"timestamp":"2026-01-07T01:41:41.039899Z","level":"info","event":"\tat org.apache.spark.rdd.RDD.$anonfun$mapPartitionsInternal$2$adapted(RDD.scala:890)","logger":"airflow.task.operators.airflow.providers.docker.operators.docker.DockerOperator","filename":"docker.py","lineno":66}
{"timestamp":"2026-01-07T01:41:41.039914Z","level":"info","event":"\tat org.apache.spark.rdd.MapPartitionsRDD.compute(MapPartitionsRDD.scala:52)","logger":"airflow.task.operators.airflow.providers.docker.operators.docker.DockerOperator","filename":"docker.py","lineno":66}
{"timestamp":"2026-01-07T01:41:41.039929Z","level":"info","event":"\tat org.apache.spark.rdd.RDD.computeOrReadCheckpoint(RDD.scala:364)","logger":"airflow.task.operators.airflow.providers.docker.operators.docker.DockerOperator","filename":"docker.py","lineno":66}
{"timestamp":"2026-01-07T01:41:41.039944Z","level":"info","event":"\tat org.apache.spark.rdd.RDD.iterator(RDD.scala:328)","logger":"airflow.task.operators.airflow.providers.docker.operators.docker.DockerOperator","filename":"docker.py","lineno":66}
{"timestamp":"2026-01-07T01:41:41.039961Z","level":"info","event":"\tat org.apache.spark.scheduler.ResultTask.runTask(ResultTask.scala:93)","logger":"airflow.task.operators.airflow.providers.docker.operators.docker.DockerOperator","filename":"docker.py","lineno":66}
{"timestamp":"2026-01-07T01:41:41.039986Z","level":"info","event":"\tat org.apache.spark.TaskContext.runTaskWithListeners(TaskContext.scala:161)","logger":"airflow.task.operators.airflow.providers.docker.operators.docker.DockerOperator","filename":"docker.py","lineno":66}
{"timestamp":"2026-01-07T01:41:41.040009Z","level":"info","event":"\tat org.apache.spark.scheduler.Task.run(Task.scala:141)","logger":"airflow.task.operators.airflow.providers.docker.operators.docker.DockerOperator","filename":"docker.py","lineno":66}
{"timestamp":"2026-01-07T01:41:41.040025Z","level":"info","event":"\tat org.apache.spark.executor.Executor$TaskRunner.$anonfun$run$4(Executor.scala:620)","logger":"airflow.task.operators.airflow.providers.docker.operators.docker.DockerOperator","filename":"docker.py","lineno":66}
{"timestamp":"2026-01-07T01:41:41.040043Z","level":"info","event":"\tat org.apache.spark.util.SparkErrorUtils.tryWithSafeFinally(SparkErrorUtils.scala:64)","logger":"airflow.task.operators.airflow.providers.docker.operators.docker.DockerOperator","filename":"docker.py","lineno":66}
{"timestamp":"2026-01-07T01:41:41.040059Z","level":"info","event":"\tat org.apache.spark.util.SparkErrorUtils.tryWithSafeFinally$(SparkErrorUtils.scala:61)","logger":"airflow.task.operators.airflow.providers.docker.operators.docker.DockerOperator","filename":"docker.py","lineno":66}
{"timestamp":"2026-01-07T01:41:41.040081Z","level":"info","event":"\tat org.apache.spark.util.Utils$.tryWithSafeFinally(Utils.scala:94)","logger":"airflow.task.operators.airflow.providers.docker.operators.docker.DockerOperator","filename":"docker.py","lineno":66}
{"timestamp":"2026-01-07T01:41:41.040098Z","level":"info","event":"\tat org.apache.spark.executor.Executor$TaskRunner.run(Executor.scala:623)","logger":"airflow.task.operators.airflow.providers.docker.operators.docker.DockerOperator","filename":"docker.py","lineno":66}
{"timestamp":"2026-01-07T01:41:41.040115Z","level":"info","event":"\tat java.base/java.util.concurrent.ThreadPoolExecutor.runWorker(ThreadPoolExecutor.java:1136)","logger":"airflow.task.operators.airflow.providers.docker.operators.docker.DockerOperator","filename":"docker.py","lineno":66}
{"timestamp":"2026-01-07T01:41:41.040130Z","level":"info","event":"\tat java.base/java.util.concurrent.ThreadPoolExecutor$Worker.run(ThreadPoolExecutor.java:635)","logger":"airflow.task.operators.airflow.providers.docker.operators.docker.DockerOperator","filename":"docker.py","lineno":66}
{"timestamp":"2026-01-07T01:41:41.040144Z","level":"info","event":"\tat java.base/java.lang.Thread.run(Thread.java:840)","logger":"airflow.task.operators.airflow.providers.docker.operators.docker.DockerOperator","filename":"docker.py","lineno":66}
{"timestamp":"2026-01-07T01:41:41.040159Z","level":"info","event":"Caused by: org.apache.spark.api.python.PythonException: Traceback (most recent call last):","logger":"airflow.task.operators.airflow.providers.docker.operators.docker.DockerOperator","filename":"docker.py","lineno":66}
{"timestamp":"2026-01-07T01:41:41.040176Z","level":"info","event":"  File \"/opt/venv_analysis/lib/python3.11/site-packages/pyspark/python/lib/pyspark.zip/pyspark/worker.py\", line 1231, in main","logger":"airflow.task.operators.airflow.providers.docker.operators.docker.DockerOperator","filename":"docker.py","lineno":66}
{"timestamp":"2026-01-07T01:41:41.040201Z","level":"info","event":"    func, profiler, deserializer, serializer = read_udfs(pickleSer, infile, eval_type)","logger":"airflow.task.operators.airflow.providers.docker.operators.docker.DockerOperator","filename":"docker.py","lineno":66}
{"timestamp":"2026-01-07T01:41:41.040216Z","level":"info","event":"                                               ^^^^^^^^^^^^^^^^^^^^^^^^^^^^^^^^^^^^^^^","logger":"airflow.task.operators.airflow.providers.docker.operators.docker.DockerOperator","filename":"docker.py","lineno":66}
{"timestamp":"2026-01-07T01:41:41.040240Z","level":"info","event":"  File \"/opt/venv_analysis/lib/python3.11/site-packages/pyspark/python/lib/pyspark.zip/pyspark/worker.py\", line 1067, in read_udfs","logger":"airflow.task.operators.airflow.providers.docker.operators.docker.DockerOperator","filename":"docker.py","lineno":66}
{"timestamp":"2026-01-07T01:41:41.040260Z","level":"info","event":"    udfs.append(read_single_udf(pickleSer, infile, eval_type, runner_conf, udf_index=i))","logger":"airflow.task.operators.airflow.providers.docker.operators.docker.DockerOperator","filename":"docker.py","lineno":66}
{"timestamp":"2026-01-07T01:41:41.040276Z","level":"info","event":"                ^^^^^^^^^^^^^^^^^^^^^^^^^^^^^^^^^^^^^^^^^^^^^^^^^^^^^^^^^^^^^^^^^^^^^^^","logger":"airflow.task.operators.airflow.providers.docker.operators.docker.DockerOperator","filename":"docker.py","lineno":66}
{"timestamp":"2026-01-07T01:41:41.040293Z","level":"info","event":"  File \"/opt/venv_analysis/lib/python3.11/site-packages/pyspark/python/lib/pyspark.zip/pyspark/worker.py\", line 529, in read_single_udf","logger":"airflow.task.operators.airflow.providers.docker.operators.docker.DockerOperator","filename":"docker.py","lineno":66}
{"timestamp":"2026-01-07T01:41:41.040310Z","level":"info","event":"    f, return_type = read_command(pickleSer, infile)","logger":"airflow.task.operators.airflow.providers.docker.operators.docker.DockerOperator","filename":"docker.py","lineno":66}
{"timestamp":"2026-01-07T01:41:41.040328Z","level":"info","event":"                     ^^^^^^^^^^^^^^^^^^^^^^^^^^^^^^^","logger":"airflow.task.operators.airflow.providers.docker.operators.docker.DockerOperator","filename":"docker.py","lineno":66}
{"timestamp":"2026-01-07T01:41:41.040348Z","level":"info","event":"  File \"/opt/venv_analysis/lib/python3.11/site-packages/pyspark/python/lib/pyspark.zip/pyspark/worker.py\", line 90, in read_command","logger":"airflow.task.operators.airflow.providers.docker.operators.docker.DockerOperator","filename":"docker.py","lineno":66}
{"timestamp":"2026-01-07T01:41:41.040371Z","level":"info","event":"    command = serializer._read_with_length(file)","logger":"airflow.task.operators.airflow.providers.docker.operators.docker.DockerOperator","filename":"docker.py","lineno":66}
{"timestamp":"2026-01-07T01:41:41.040388Z","level":"info","event":"              ^^^^^^^^^^^^^^^^^^^^^^^^^^^^^^^^^^","logger":"airflow.task.operators.airflow.providers.docker.operators.docker.DockerOperator","filename":"docker.py","lineno":66}
{"timestamp":"2026-01-07T01:41:41.040442Z","level":"info","event":"  File \"/opt/venv_analysis/lib/python3.11/site-packages/pyspark/python/lib/pyspark.zip/pyspark/serializers.py\", line 174, in _read_with_length","logger":"airflow.task.operators.airflow.providers.docker.operators.docker.DockerOperator","filename":"docker.py","lineno":66}
{"timestamp":"2026-01-07T01:41:41.040534Z","level":"info","event":"    return self.loads(obj)","logger":"airflow.task.operators.airflow.providers.docker.operators.docker.DockerOperator","filename":"docker.py","lineno":66}
{"timestamp":"2026-01-07T01:41:41.040603Z","level":"info","event":"           ^^^^^^^^^^^^^^^","logger":"airflow.task.operators.airflow.providers.docker.operators.docker.DockerOperator","filename":"docker.py","lineno":66}
{"timestamp":"2026-01-07T01:41:41.040656Z","level":"info","event":"  File \"/opt/venv_analysis/lib/python3.11/site-packages/pyspark/python/lib/pyspark.zip/pyspark/serializers.py\", line 472, in loads","logger":"airflow.task.operators.airflow.providers.docker.operators.docker.DockerOperator","filename":"docker.py","lineno":66}
{"timestamp":"2026-01-07T01:41:41.040699Z","level":"info","event":"    return cloudpickle.loads(obj, encoding=encoding)","logger":"airflow.task.operators.airflow.providers.docker.operators.docker.DockerOperator","filename":"docker.py","lineno":66}
{"timestamp":"2026-01-07T01:41:41.040842Z","level":"info","event":"           ^^^^^^^^^^^^^^^^^^^^^^^^^^^^^^^^^^^^^^^^^","logger":"airflow.task.operators.airflow.providers.docker.operators.docker.DockerOperator","filename":"docker.py","lineno":66}
{"timestamp":"2026-01-07T01:41:41.040924Z","level":"info","event":"ModuleNotFoundError: No module named 'local_analysis'","logger":"airflow.task.operators.airflow.providers.docker.operators.docker.DockerOperator","filename":"docker.py","lineno":66}
{"timestamp":"2026-01-07T01:41:41.040974Z","level":"info","event":"","logger":"airflow.task.operators.airflow.providers.docker.operators.docker.DockerOperator","filename":"docker.py","lineno":66}
{"timestamp":"2026-01-07T01:41:41.041061Z","level":"info","event":"\tat org.apache.spark.api.python.BasePythonRunner$ReaderIterator.handlePythonException(PythonRunner.scala:572)","logger":"airflow.task.operators.airflow.providers.docker.operators.docker.DockerOperator","filename":"docker.py","lineno":66}
{"timestamp":"2026-01-07T01:41:41.041137Z","level":"info","event":"\tat org.apache.spark.sql.execution.python.PythonArrowOutput$$anon$1.read(PythonArrowOutput.scala:118)","logger":"airflow.task.operators.airflow.providers.docker.operators.docker.DockerOperator","filename":"docker.py","lineno":66}
{"timestamp":"2026-01-07T01:41:41.041203Z","level":"info","event":"\tat org.apache.spark.api.python.BasePythonRunner$ReaderIterator.hasNext(PythonRunner.scala:525)","logger":"airflow.task.operators.airflow.providers.docker.operators.docker.DockerOperator","filename":"docker.py","lineno":66}
{"timestamp":"2026-01-07T01:41:41.041446Z","level":"info","event":"\tat org.apache.spark.InterruptibleIterator.hasNext(InterruptibleIterator.scala:37)","logger":"airflow.task.operators.airflow.providers.docker.operators.docker.DockerOperator","filename":"docker.py","lineno":66}
{"timestamp":"2026-01-07T01:41:41.041623Z","level":"info","event":"\tat scala.collection.Iterator$$anon$11.hasNext(Iterator.scala:491)","logger":"airflow.task.operators.airflow.providers.docker.operators.docker.DockerOperator","filename":"docker.py","lineno":66}
{"timestamp":"2026-01-07T01:41:41.041701Z","level":"info","event":"\tat scala.collection.Iterator$$anon$10.hasNext(Iterator.scala:460)","logger":"airflow.task.operators.airflow.providers.docker.operators.docker.DockerOperator","filename":"docker.py","lineno":66}
{"timestamp":"2026-01-07T01:41:41.041744Z","level":"info","event":"\tat org.apache.spark.sql.catalyst.expressions.GeneratedClass$GeneratedIteratorForCodegenStage2.processNext(Unknown Source)","logger":"airflow.task.operators.airflow.providers.docker.operators.docker.DockerOperator","filename":"docker.py","lineno":66}
{"timestamp":"2026-01-07T01:41:41.041778Z","level":"info","event":"\tat org.apache.spark.sql.execution.BufferedRowIterator.hasNext(BufferedRowIterator.java:43)","logger":"airflow.task.operators.airflow.providers.docker.operators.docker.DockerOperator","filename":"docker.py","lineno":66}
{"timestamp":"2026-01-07T01:41:41.041820Z","level":"info","event":"\tat org.apache.spark.sql.execution.WholeStageCodegenEvaluatorFactory$WholeStageCodegenPartitionEvaluator$$anon$1.hasNext(WholeStageCodegenEvaluatorFactory.scala:43)","logger":"airflow.task.operators.airflow.providers.docker.operators.docker.DockerOperator","filename":"docker.py","lineno":66}
{"timestamp":"2026-01-07T01:41:41.041854Z","level":"info","event":"\tat scala.collection.Iterator$$anon$11.hasNext(Iterator.scala:490)","logger":"airflow.task.operators.airflow.providers.docker.operators.docker.DockerOperator","filename":"docker.py","lineno":66}
{"timestamp":"2026-01-07T01:41:41.041997Z","level":"info","event":"\tat org.apache.spark.sql.execution.datasources.FileFormatDataWriter.writeWithIterator(FileFormatDataWriter.scala:91)","logger":"airflow.task.operators.airflow.providers.docker.operators.docker.DockerOperator","filename":"docker.py","lineno":66}
{"timestamp":"2026-01-07T01:41:41.042584Z","level":"info","event":"\tat org.apache.spark.sql.execution.datasources.FileFormatWriter$.$anonfun$executeTask$1(FileFormatWriter.scala:403)","logger":"airflow.task.operators.airflow.providers.docker.operators.docker.DockerOperator","filename":"docker.py","lineno":66}
{"timestamp":"2026-01-07T01:41:41.042713Z","level":"info","event":"\tat org.apache.spark.util.Utils$.tryWithSafeFinallyAndFailureCallbacks(Utils.scala:1397)","logger":"airflow.task.operators.airflow.providers.docker.operators.docker.DockerOperator","filename":"docker.py","lineno":66}
{"timestamp":"2026-01-07T01:41:41.042755Z","level":"info","event":"\tat org.apache.spark.sql.execution.datasources.FileFormatWriter$.executeTask(FileFormatWriter.scala:410)","logger":"airflow.task.operators.airflow.providers.docker.operators.docker.DockerOperator","filename":"docker.py","lineno":66}
{"timestamp":"2026-01-07T01:41:41.042789Z","level":"info","event":"\t... 17 more","logger":"airflow.task.operators.airflow.providers.docker.operators.docker.DockerOperator","filename":"docker.py","lineno":66}
{"timestamp":"2026-01-07T01:41:41.042821Z","level":"info","event":"","logger":"airflow.task.operators.airflow.providers.docker.operators.docker.DockerOperator","filename":"docker.py","lineno":66}
{"timestamp":"2026-01-07T01:41:41.042854Z","level":"info","event":"Driver stacktrace:","logger":"airflow.task.operators.airflow.providers.docker.operators.docker.DockerOperator","filename":"docker.py","lineno":66}
{"timestamp":"2026-01-07T01:41:41.042885Z","level":"info","event":"\tat org.apache.spark.scheduler.DAGScheduler.failJobAndIndependentStages(DAGScheduler.scala:2844)","logger":"airflow.task.operators.airflow.providers.docker.operators.docker.DockerOperator","filename":"docker.py","lineno":66}
{"timestamp":"2026-01-07T01:41:41.042923Z","level":"info","event":"\tat org.apache.spark.scheduler.DAGScheduler.$anonfun$abortStage$2(DAGScheduler.scala:2780)","logger":"airflow.task.operators.airflow.providers.docker.operators.docker.DockerOperator","filename":"docker.py","lineno":66}
{"timestamp":"2026-01-07T01:41:41.042952Z","level":"info","event":"\tat org.apache.spark.scheduler.DAGScheduler.$anonfun$abortStage$2$adapted(DAGScheduler.scala:2779)","logger":"airflow.task.operators.airflow.providers.docker.operators.docker.DockerOperator","filename":"docker.py","lineno":66}
{"timestamp":"2026-01-07T01:41:41.042981Z","level":"info","event":"\tat scala.collection.mutable.ResizableArray.foreach(ResizableArray.scala:62)","logger":"airflow.task.operators.airflow.providers.docker.operators.docker.DockerOperator","filename":"docker.py","lineno":66}
{"timestamp":"2026-01-07T01:41:41.043009Z","level":"info","event":"\tat scala.collection.mutable.ResizableArray.foreach$(ResizableArray.scala:55)","logger":"airflow.task.operators.airflow.providers.docker.operators.docker.DockerOperator","filename":"docker.py","lineno":66}
{"timestamp":"2026-01-07T01:41:41.043038Z","level":"info","event":"\tat scala.collection.mutable.ArrayBuffer.foreach(ArrayBuffer.scala:49)","logger":"airflow.task.operators.airflow.providers.docker.operators.docker.DockerOperator","filename":"docker.py","lineno":66}
{"timestamp":"2026-01-07T01:41:41.043067Z","level":"info","event":"\tat org.apache.spark.scheduler.DAGScheduler.abortStage(DAGScheduler.scala:2779)","logger":"airflow.task.operators.airflow.providers.docker.operators.docker.DockerOperator","filename":"docker.py","lineno":66}
{"timestamp":"2026-01-07T01:41:41.043099Z","level":"info","event":"\tat org.apache.spark.scheduler.DAGScheduler.$anonfun$handleTaskSetFailed$1(DAGScheduler.scala:1242)","logger":"airflow.task.operators.airflow.providers.docker.operators.docker.DockerOperator","filename":"docker.py","lineno":66}
{"timestamp":"2026-01-07T01:41:41.043129Z","level":"info","event":"\tat org.apache.spark.scheduler.DAGScheduler.$anonfun$handleTaskSetFailed$1$adapted(DAGScheduler.scala:1242)","logger":"airflow.task.operators.airflow.providers.docker.operators.docker.DockerOperator","filename":"docker.py","lineno":66}
{"timestamp":"2026-01-07T01:41:41.043158Z","level":"info","event":"\tat scala.Option.foreach(Option.scala:407)","logger":"airflow.task.operators.airflow.providers.docker.operators.docker.DockerOperator","filename":"docker.py","lineno":66}
{"timestamp":"2026-01-07T01:41:41.043189Z","level":"info","event":"\tat org.apache.spark.scheduler.DAGScheduler.handleTaskSetFailed(DAGScheduler.scala:1242)","logger":"airflow.task.operators.airflow.providers.docker.operators.docker.DockerOperator","filename":"docker.py","lineno":66}
{"timestamp":"2026-01-07T01:41:41.043233Z","level":"info","event":"\tat org.apache.spark.scheduler.DAGSchedulerEventProcessLoop.doOnReceive(DAGScheduler.scala:3048)","logger":"airflow.task.operators.airflow.providers.docker.operators.docker.DockerOperator","filename":"docker.py","lineno":66}
{"timestamp":"2026-01-07T01:41:41.043269Z","level":"info","event":"\tat org.apache.spark.scheduler.DAGSchedulerEventProcessLoop.onReceive(DAGScheduler.scala:2982)","logger":"airflow.task.operators.airflow.providers.docker.operators.docker.DockerOperator","filename":"docker.py","lineno":66}
{"timestamp":"2026-01-07T01:41:41.043299Z","level":"info","event":"\tat org.apache.spark.scheduler.DAGSchedulerEventProcessLoop.onReceive(DAGScheduler.scala:2971)","logger":"airflow.task.operators.airflow.providers.docker.operators.docker.DockerOperator","filename":"docker.py","lineno":66}
{"timestamp":"2026-01-07T01:41:41.043329Z","level":"info","event":"\tat org.apache.spark.util.EventLoop$$anon$1.run(EventLoop.scala:49)","logger":"airflow.task.operators.airflow.providers.docker.operators.docker.DockerOperator","filename":"docker.py","lineno":66}
{"timestamp":"2026-01-07T01:41:41.043360Z","level":"info","event":"\tat org.apache.spark.scheduler.DAGScheduler.runJob(DAGScheduler.scala:984)","logger":"airflow.task.operators.airflow.providers.docker.operators.docker.DockerOperator","filename":"docker.py","lineno":66}
{"timestamp":"2026-01-07T01:41:41.043388Z","level":"info","event":"\tat org.apache.spark.SparkContext.runJob(SparkContext.scala:2398)","logger":"airflow.task.operators.airflow.providers.docker.operators.docker.DockerOperator","filename":"docker.py","lineno":66}
{"timestamp":"2026-01-07T01:41:41.043415Z","level":"info","event":"\tat org.apache.spark.sql.execution.datasources.FileFormatWriter$.$anonfun$executeWrite$4(FileFormatWriter.scala:307)","logger":"airflow.task.operators.airflow.providers.docker.operators.docker.DockerOperator","filename":"docker.py","lineno":66}
{"timestamp":"2026-01-07T01:41:41.043443Z","level":"info","event":"\tat org.apache.spark.sql.execution.datasources.FileFormatWriter$.writeAndCommit(FileFormatWriter.scala:271)","logger":"airflow.task.operators.airflow.providers.docker.operators.docker.DockerOperator","filename":"docker.py","lineno":66}
{"timestamp":"2026-01-07T01:41:41.043470Z","level":"info","event":"\tat org.apache.spark.sql.execution.datasources.FileFormatWriter$.executeWrite(FileFormatWriter.scala:304)","logger":"airflow.task.operators.airflow.providers.docker.operators.docker.DockerOperator","filename":"docker.py","lineno":66}
{"timestamp":"2026-01-07T01:41:41.043498Z","level":"info","event":"\tat org.apache.spark.sql.execution.datasources.FileFormatWriter$.write(FileFormatWriter.scala:190)","logger":"airflow.task.operators.airflow.providers.docker.operators.docker.DockerOperator","filename":"docker.py","lineno":66}
{"timestamp":"2026-01-07T01:41:41.043525Z","level":"info","event":"\tat org.apache.spark.sql.execution.datasources.InsertIntoHadoopFsRelationCommand.run(InsertIntoHadoopFsRelationCommand.scala:190)","logger":"airflow.task.operators.airflow.providers.docker.operators.docker.DockerOperator","filename":"docker.py","lineno":66}
{"timestamp":"2026-01-07T01:41:41.043553Z","level":"info","event":"\tat org.apache.spark.sql.execution.command.DataWritingCommandExec.sideEffectResult$lzycompute(commands.scala:113)","logger":"airflow.task.operators.airflow.providers.docker.operators.docker.DockerOperator","filename":"docker.py","lineno":66}
{"timestamp":"2026-01-07T01:41:41.043639Z","level":"info","event":"\tat org.apache.spark.sql.execution.command.DataWritingCommandExec.sideEffectResult(commands.scala:111)","logger":"airflow.task.operators.airflow.providers.docker.operators.docker.DockerOperator","filename":"docker.py","lineno":66}
{"timestamp":"2026-01-07T01:41:41.043687Z","level":"info","event":"\tat org.apache.spark.sql.execution.command.DataWritingCommandExec.executeCollect(commands.scala:125)","logger":"airflow.task.operators.airflow.providers.docker.operators.docker.DockerOperator","filename":"docker.py","lineno":66}
{"timestamp":"2026-01-07T01:41:41.043721Z","level":"info","event":"\tat org.apache.spark.sql.execution.QueryExecution$$anonfun$eagerlyExecuteCommands$1.$anonfun$applyOrElse$1(QueryExecution.scala:107)","logger":"airflow.task.operators.airflow.providers.docker.operators.docker.DockerOperator","filename":"docker.py","lineno":66}
{"timestamp":"2026-01-07T01:41:41.043750Z","level":"info","event":"\tat org.apache.spark.sql.execution.SQLExecution$.$anonfun$withNewExecutionId$6(SQLExecution.scala:125)","logger":"airflow.task.operators.airflow.providers.docker.operators.docker.DockerOperator","filename":"docker.py","lineno":66}
{"timestamp":"2026-01-07T01:41:41.043778Z","level":"info","event":"\tat org.apache.spark.sql.execution.SQLExecution$.withSQLConfPropagated(SQLExecution.scala:201)","logger":"airflow.task.operators.airflow.providers.docker.operators.docker.DockerOperator","filename":"docker.py","lineno":66}
{"timestamp":"2026-01-07T01:41:41.043805Z","level":"info","event":"\tat org.apache.spark.sql.execution.SQLExecution$.$anonfun$withNewExecutionId$1(SQLExecution.scala:108)","logger":"airflow.task.operators.airflow.providers.docker.operators.docker.DockerOperator","filename":"docker.py","lineno":66}
{"timestamp":"2026-01-07T01:41:41.043839Z","level":"info","event":"\tat org.apache.spark.sql.SparkSession.withActive(SparkSession.scala:900)","logger":"airflow.task.operators.airflow.providers.docker.operators.docker.DockerOperator","filename":"docker.py","lineno":66}
{"timestamp":"2026-01-07T01:41:41.043874Z","level":"info","event":"\tat org.apache.spark.sql.execution.SQLExecution$.withNewExecutionId(SQLExecution.scala:66)","logger":"airflow.task.operators.airflow.providers.docker.operators.docker.DockerOperator","filename":"docker.py","lineno":66}
{"timestamp":"2026-01-07T01:41:41.043902Z","level":"info","event":"\tat org.apache.spark.sql.execution.QueryExecution$$anonfun$eagerlyExecuteCommands$1.applyOrElse(QueryExecution.scala:107)","logger":"airflow.task.operators.airflow.providers.docker.operators.docker.DockerOperator","filename":"docker.py","lineno":66}
{"timestamp":"2026-01-07T01:41:41.043931Z","level":"info","event":"\tat org.apache.spark.sql.execution.QueryExecution$$anonfun$eagerlyExecuteCommands$1.applyOrElse(QueryExecution.scala:98)","logger":"airflow.task.operators.airflow.providers.docker.operators.docker.DockerOperator","filename":"docker.py","lineno":66}
{"timestamp":"2026-01-07T01:41:41.043962Z","level":"info","event":"\tat org.apache.spark.sql.catalyst.trees.TreeNode.$anonfun$transformDownWithPruning$1(TreeNode.scala:461)","logger":"airflow.task.operators.airflow.providers.docker.operators.docker.DockerOperator","filename":"docker.py","lineno":66}
{"timestamp":"2026-01-07T01:41:41.043995Z","level":"info","event":"\tat org.apache.spark.sql.catalyst.trees.CurrentOrigin$.withOrigin(origin.scala:76)","logger":"airflow.task.operators.airflow.providers.docker.operators.docker.DockerOperator","filename":"docker.py","lineno":66}
{"timestamp":"2026-01-07T01:41:41.044022Z","level":"info","event":"\tat org.apache.spark.sql.catalyst.trees.TreeNode.transformDownWithPruning(TreeNode.scala:461)","logger":"airflow.task.operators.airflow.providers.docker.operators.docker.DockerOperator","filename":"docker.py","lineno":66}
{"timestamp":"2026-01-07T01:41:41.044050Z","level":"info","event":"\tat org.apache.spark.sql.catalyst.plans.logical.LogicalPlan.org$apache$spark$sql$catalyst$plans$logical$AnalysisHelper$$super$transformDownWithPruning(LogicalPlan.scala:32)","logger":"airflow.task.operators.airflow.providers.docker.operators.docker.DockerOperator","filename":"docker.py","lineno":66}
{"timestamp":"2026-01-07T01:41:41.044078Z","level":"info","event":"\tat org.apache.spark.sql.catalyst.plans.logical.AnalysisHelper.transformDownWithPruning(AnalysisHelper.scala:267)","logger":"airflow.task.operators.airflow.providers.docker.operators.docker.DockerOperator","filename":"docker.py","lineno":66}
{"timestamp":"2026-01-07T01:41:41.044106Z","level":"info","event":"\tat org.apache.spark.sql.catalyst.plans.logical.AnalysisHelper.transformDownWithPruning$(AnalysisHelper.scala:263)","logger":"airflow.task.operators.airflow.providers.docker.operators.docker.DockerOperator","filename":"docker.py","lineno":66}
{"timestamp":"2026-01-07T01:41:41.044216Z","level":"info","event":"\tat org.apache.spark.sql.catalyst.plans.logical.LogicalPlan.transformDownWithPruning(LogicalPlan.scala:32)","logger":"airflow.task.operators.airflow.providers.docker.operators.docker.DockerOperator","filename":"docker.py","lineno":66}
{"timestamp":"2026-01-07T01:41:41.044275Z","level":"info","event":"\tat org.apache.spark.sql.catalyst.plans.logical.LogicalPlan.transformDownWithPruning(LogicalPlan.scala:32)","logger":"airflow.task.operators.airflow.providers.docker.operators.docker.DockerOperator","filename":"docker.py","lineno":66}
{"timestamp":"2026-01-07T01:41:41.044311Z","level":"info","event":"\tat org.apache.spark.sql.catalyst.trees.TreeNode.transformDown(TreeNode.scala:437)","logger":"airflow.task.operators.airflow.providers.docker.operators.docker.DockerOperator","filename":"docker.py","lineno":66}
{"timestamp":"2026-01-07T01:41:41.044339Z","level":"info","event":"\tat org.apache.spark.sql.execution.QueryExecution.eagerlyExecuteCommands(QueryExecution.scala:98)","logger":"airflow.task.operators.airflow.providers.docker.operators.docker.DockerOperator","filename":"docker.py","lineno":66}
{"timestamp":"2026-01-07T01:41:41.044362Z","level":"info","event":"\tat org.apache.spark.sql.execution.QueryExecution.commandExecuted$lzycompute(QueryExecution.scala:85)","logger":"airflow.task.operators.airflow.providers.docker.operators.docker.DockerOperator","filename":"docker.py","lineno":66}
{"timestamp":"2026-01-07T01:41:41.044384Z","level":"info","event":"\tat org.apache.spark.sql.execution.QueryExecution.commandExecuted(QueryExecution.scala:83)","logger":"airflow.task.operators.airflow.providers.docker.operators.docker.DockerOperator","filename":"docker.py","lineno":66}
{"timestamp":"2026-01-07T01:41:41.044406Z","level":"info","event":"\tat org.apache.spark.sql.execution.QueryExecution.assertCommandExecuted(QueryExecution.scala:142)","logger":"airflow.task.operators.airflow.providers.docker.operators.docker.DockerOperator","filename":"docker.py","lineno":66}
{"timestamp":"2026-01-07T01:41:41.044428Z","level":"info","event":"\tat org.apache.spark.sql.DataFrameWriter.runCommand(DataFrameWriter.scala:859)","logger":"airflow.task.operators.airflow.providers.docker.operators.docker.DockerOperator","filename":"docker.py","lineno":66}
{"timestamp":"2026-01-07T01:41:41.044449Z","level":"info","event":"\tat org.apache.spark.sql.DataFrameWriter.saveToV1Source(DataFrameWriter.scala:388)","logger":"airflow.task.operators.airflow.providers.docker.operators.docker.DockerOperator","filename":"docker.py","lineno":66}
{"timestamp":"2026-01-07T01:41:41.044470Z","level":"info","event":"\tat org.apache.spark.sql.DataFrameWriter.saveInternal(DataFrameWriter.scala:361)","logger":"airflow.task.operators.airflow.providers.docker.operators.docker.DockerOperator","filename":"docker.py","lineno":66}
{"timestamp":"2026-01-07T01:41:41.044501Z","level":"info","event":"\tat org.apache.spark.sql.DataFrameWriter.save(DataFrameWriter.scala:240)","logger":"airflow.task.operators.airflow.providers.docker.operators.docker.DockerOperator","filename":"docker.py","lineno":66}
{"timestamp":"2026-01-07T01:41:41.044524Z","level":"info","event":"\tat org.apache.spark.sql.DataFrameWriter.csv(DataFrameWriter.scala:850)","logger":"airflow.task.operators.airflow.providers.docker.operators.docker.DockerOperator","filename":"docker.py","lineno":66}
{"timestamp":"2026-01-07T01:41:41.044546Z","level":"info","event":"\tat java.base/jdk.internal.reflect.NativeMethodAccessorImpl.invoke0(Native Method)","logger":"airflow.task.operators.airflow.providers.docker.operators.docker.DockerOperator","filename":"docker.py","lineno":66}
{"timestamp":"2026-01-07T01:41:41.044567Z","level":"info","event":"\tat java.base/jdk.internal.reflect.NativeMethodAccessorImpl.invoke(NativeMethodAccessorImpl.java:77)","logger":"airflow.task.operators.airflow.providers.docker.operators.docker.DockerOperator","filename":"docker.py","lineno":66}
{"timestamp":"2026-01-07T01:41:41.044589Z","level":"info","event":"\tat java.base/jdk.internal.reflect.DelegatingMethodAccessorImpl.invoke(DelegatingMethodAccessorImpl.java:43)","logger":"airflow.task.operators.airflow.providers.docker.operators.docker.DockerOperator","filename":"docker.py","lineno":66}
{"timestamp":"2026-01-07T01:41:41.044611Z","level":"info","event":"\tat java.base/java.lang.reflect.Method.invoke(Method.java:569)","logger":"airflow.task.operators.airflow.providers.docker.operators.docker.DockerOperator","filename":"docker.py","lineno":66}
{"timestamp":"2026-01-07T01:41:41.044633Z","level":"info","event":"\tat py4j.reflection.MethodInvoker.invoke(MethodInvoker.java:244)","logger":"airflow.task.operators.airflow.providers.docker.operators.docker.DockerOperator","filename":"docker.py","lineno":66}
{"timestamp":"2026-01-07T01:41:41.044654Z","level":"info","event":"\tat py4j.reflection.ReflectionEngine.invoke(ReflectionEngine.java:374)","logger":"airflow.task.operators.airflow.providers.docker.operators.docker.DockerOperator","filename":"docker.py","lineno":66}
{"timestamp":"2026-01-07T01:41:41.044675Z","level":"info","event":"\tat py4j.Gateway.invoke(Gateway.java:282)","logger":"airflow.task.operators.airflow.providers.docker.operators.docker.DockerOperator","filename":"docker.py","lineno":66}
{"timestamp":"2026-01-07T01:41:41.044698Z","level":"info","event":"\tat py4j.commands.AbstractCommand.invokeMethod(AbstractCommand.java:132)","logger":"airflow.task.operators.airflow.providers.docker.operators.docker.DockerOperator","filename":"docker.py","lineno":66}
{"timestamp":"2026-01-07T01:41:41.044719Z","level":"info","event":"\tat py4j.commands.CallCommand.execute(CallCommand.java:79)","logger":"airflow.task.operators.airflow.providers.docker.operators.docker.DockerOperator","filename":"docker.py","lineno":66}
{"timestamp":"2026-01-07T01:41:41.044735Z","level":"info","event":"\tat py4j.ClientServerConnection.waitForCommands(ClientServerConnection.java:182)","logger":"airflow.task.operators.airflow.providers.docker.operators.docker.DockerOperator","filename":"docker.py","lineno":66}
{"timestamp":"2026-01-07T01:41:41.044751Z","level":"info","event":"\tat py4j.ClientServerConnection.run(ClientServerConnection.java:106)","logger":"airflow.task.operators.airflow.providers.docker.operators.docker.DockerOperator","filename":"docker.py","lineno":66}
{"timestamp":"2026-01-07T01:41:41.044768Z","level":"info","event":"\tat java.base/java.lang.Thread.run(Thread.java:840)","logger":"airflow.task.operators.airflow.providers.docker.operators.docker.DockerOperator","filename":"docker.py","lineno":66}
{"timestamp":"2026-01-07T01:41:41.044785Z","level":"info","event":"Caused by: org.apache.spark.SparkException: [TASK_WRITE_FAILED] Task failed while writing rows to file:/app/project_data/production_data/local_analysis_output.csv.","logger":"airflow.task.operators.airflow.providers.docker.operators.docker.DockerOperator","filename":"docker.py","lineno":66}
{"timestamp":"2026-01-07T01:41:41.044802Z","level":"info","event":"\tat org.apache.spark.sql.errors.QueryExecutionErrors$.taskFailedWhileWritingRowsError(QueryExecutionErrors.scala:774)","logger":"airflow.task.operators.airflow.providers.docker.operators.docker.DockerOperator","filename":"docker.py","lineno":66}
{"timestamp":"2026-01-07T01:41:41.044846Z","level":"info","event":"\tat org.apache.spark.sql.execution.datasources.FileFormatWriter$.executeTask(FileFormatWriter.scala:420)","logger":"airflow.task.operators.airflow.providers.docker.operators.docker.DockerOperator","filename":"docker.py","lineno":66}
{"timestamp":"2026-01-07T01:41:41.044880Z","level":"info","event":"\tat org.apache.spark.sql.execution.datasources.WriteFilesExec.$anonfun$doExecuteWrite$1(WriteFiles.scala:100)","logger":"airflow.task.operators.airflow.providers.docker.operators.docker.DockerOperator","filename":"docker.py","lineno":66}
{"timestamp":"2026-01-07T01:41:41.044903Z","level":"info","event":"\tat org.apache.spark.rdd.RDD.$anonfun$mapPartitionsInternal$2(RDD.scala:890)","logger":"airflow.task.operators.airflow.providers.docker.operators.docker.DockerOperator","filename":"docker.py","lineno":66}
{"timestamp":"2026-01-07T01:41:41.044924Z","level":"info","event":"\tat org.apache.spark.rdd.RDD.$anonfun$mapPartitionsInternal$2$adapted(RDD.scala:890)","logger":"airflow.task.operators.airflow.providers.docker.operators.docker.DockerOperator","filename":"docker.py","lineno":66}
{"timestamp":"2026-01-07T01:41:41.044943Z","level":"info","event":"\tat org.apache.spark.rdd.MapPartitionsRDD.compute(MapPartitionsRDD.scala:52)","logger":"airflow.task.operators.airflow.providers.docker.operators.docker.DockerOperator","filename":"docker.py","lineno":66}
{"timestamp":"2026-01-07T01:41:41.044960Z","level":"info","event":"\tat org.apache.spark.rdd.RDD.computeOrReadCheckpoint(RDD.scala:364)","logger":"airflow.task.operators.airflow.providers.docker.operators.docker.DockerOperator","filename":"docker.py","lineno":66}
{"timestamp":"2026-01-07T01:41:41.044978Z","level":"info","event":"\tat org.apache.spark.rdd.RDD.iterator(RDD.scala:328)","logger":"airflow.task.operators.airflow.providers.docker.operators.docker.DockerOperator","filename":"docker.py","lineno":66}
{"timestamp":"2026-01-07T01:41:41.044996Z","level":"info","event":"\tat org.apache.spark.scheduler.ResultTask.runTask(ResultTask.scala:93)","logger":"airflow.task.operators.airflow.providers.docker.operators.docker.DockerOperator","filename":"docker.py","lineno":66}
{"timestamp":"2026-01-07T01:41:41.045013Z","level":"info","event":"\tat org.apache.spark.TaskContext.runTaskWithListeners(TaskContext.scala:161)","logger":"airflow.task.operators.airflow.providers.docker.operators.docker.DockerOperator","filename":"docker.py","lineno":66}
{"timestamp":"2026-01-07T01:41:41.045029Z","level":"info","event":"\tat org.apache.spark.scheduler.Task.run(Task.scala:141)","logger":"airflow.task.operators.airflow.providers.docker.operators.docker.DockerOperator","filename":"docker.py","lineno":66}
{"timestamp":"2026-01-07T01:41:41.045046Z","level":"info","event":"\tat org.apache.spark.executor.Executor$TaskRunner.$anonfun$run$4(Executor.scala:620)","logger":"airflow.task.operators.airflow.providers.docker.operators.docker.DockerOperator","filename":"docker.py","lineno":66}
{"timestamp":"2026-01-07T01:41:41.045063Z","level":"info","event":"\tat org.apache.spark.util.SparkErrorUtils.tryWithSafeFinally(SparkErrorUtils.scala:64)","logger":"airflow.task.operators.airflow.providers.docker.operators.docker.DockerOperator","filename":"docker.py","lineno":66}
{"timestamp":"2026-01-07T01:41:41.045087Z","level":"info","event":"\tat org.apache.spark.util.SparkErrorUtils.tryWithSafeFinally$(SparkErrorUtils.scala:61)","logger":"airflow.task.operators.airflow.providers.docker.operators.docker.DockerOperator","filename":"docker.py","lineno":66}
{"timestamp":"2026-01-07T01:41:41.045105Z","level":"info","event":"\tat org.apache.spark.util.Utils$.tryWithSafeFinally(Utils.scala:94)","logger":"airflow.task.operators.airflow.providers.docker.operators.docker.DockerOperator","filename":"docker.py","lineno":66}
{"timestamp":"2026-01-07T01:41:41.045121Z","level":"info","event":"\tat org.apache.spark.executor.Executor$TaskRunner.run(Executor.scala:623)","logger":"airflow.task.operators.airflow.providers.docker.operators.docker.DockerOperator","filename":"docker.py","lineno":66}
{"timestamp":"2026-01-07T01:41:41.045138Z","level":"info","event":"\tat java.base/java.util.concurrent.ThreadPoolExecutor.runWorker(ThreadPoolExecutor.java:1136)","logger":"airflow.task.operators.airflow.providers.docker.operators.docker.DockerOperator","filename":"docker.py","lineno":66}
{"timestamp":"2026-01-07T01:41:41.045155Z","level":"info","event":"\tat java.base/java.util.concurrent.ThreadPoolExecutor$Worker.run(ThreadPoolExecutor.java:635)","logger":"airflow.task.operators.airflow.providers.docker.operators.docker.DockerOperator","filename":"docker.py","lineno":66}
{"timestamp":"2026-01-07T01:41:41.045176Z","level":"info","event":"\t... 1 more","logger":"airflow.task.operators.airflow.providers.docker.operators.docker.DockerOperator","filename":"docker.py","lineno":66}
{"timestamp":"2026-01-07T01:41:41.045194Z","level":"info","event":"Caused by: org.apache.spark.api.python.PythonException: Traceback (most recent call last):","logger":"airflow.task.operators.airflow.providers.docker.operators.docker.DockerOperator","filename":"docker.py","lineno":66}
{"timestamp":"2026-01-07T01:41:41.045211Z","level":"info","event":"  File \"/opt/venv_analysis/lib/python3.11/site-packages/pyspark/python/lib/pyspark.zip/pyspark/worker.py\", line 1231, in main","logger":"airflow.task.operators.airflow.providers.docker.operators.docker.DockerOperator","filename":"docker.py","lineno":66}
{"timestamp":"2026-01-07T01:41:41.045228Z","level":"info","event":"    func, profiler, deserializer, serializer = read_udfs(pickleSer, infile, eval_type)","logger":"airflow.task.operators.airflow.providers.docker.operators.docker.DockerOperator","filename":"docker.py","lineno":66}
{"timestamp":"2026-01-07T01:41:41.045245Z","level":"info","event":"                                               ^^^^^^^^^^^^^^^^^^^^^^^^^^^^^^^^^^^^^^^","logger":"airflow.task.operators.airflow.providers.docker.operators.docker.DockerOperator","filename":"docker.py","lineno":66}
{"timestamp":"2026-01-07T01:41:41.045261Z","level":"info","event":"  File \"/opt/venv_analysis/lib/python3.11/site-packages/pyspark/python/lib/pyspark.zip/pyspark/worker.py\", line 1067, in read_udfs","logger":"airflow.task.operators.airflow.providers.docker.operators.docker.DockerOperator","filename":"docker.py","lineno":66}
{"timestamp":"2026-01-07T01:41:41.045277Z","level":"info","event":"    udfs.append(read_single_udf(pickleSer, infile, eval_type, runner_conf, udf_index=i))","logger":"airflow.task.operators.airflow.providers.docker.operators.docker.DockerOperator","filename":"docker.py","lineno":66}
{"timestamp":"2026-01-07T01:41:41.045294Z","level":"info","event":"                ^^^^^^^^^^^^^^^^^^^^^^^^^^^^^^^^^^^^^^^^^^^^^^^^^^^^^^^^^^^^^^^^^^^^^^^","logger":"airflow.task.operators.airflow.providers.docker.operators.docker.DockerOperator","filename":"docker.py","lineno":66}
{"timestamp":"2026-01-07T01:41:41.045307Z","level":"info","event":"  File \"/opt/venv_analysis/lib/python3.11/site-packages/pyspark/python/lib/pyspark.zip/pyspark/worker.py\", line 529, in read_single_udf","logger":"airflow.task.operators.airflow.providers.docker.operators.docker.DockerOperator","filename":"docker.py","lineno":66}
{"timestamp":"2026-01-07T01:41:41.045321Z","level":"info","event":"    f, return_type = read_command(pickleSer, infile)","logger":"airflow.task.operators.airflow.providers.docker.operators.docker.DockerOperator","filename":"docker.py","lineno":66}
{"timestamp":"2026-01-07T01:41:41.045335Z","level":"info","event":"                     ^^^^^^^^^^^^^^^^^^^^^^^^^^^^^^^","logger":"airflow.task.operators.airflow.providers.docker.operators.docker.DockerOperator","filename":"docker.py","lineno":66}
{"timestamp":"2026-01-07T01:41:41.045349Z","level":"info","event":"  File \"/opt/venv_analysis/lib/python3.11/site-packages/pyspark/python/lib/pyspark.zip/pyspark/worker.py\", line 90, in read_command","logger":"airflow.task.operators.airflow.providers.docker.operators.docker.DockerOperator","filename":"docker.py","lineno":66}
{"timestamp":"2026-01-07T01:41:41.045382Z","level":"info","event":"    command = serializer._read_with_length(file)","logger":"airflow.task.operators.airflow.providers.docker.operators.docker.DockerOperator","filename":"docker.py","lineno":66}
{"timestamp":"2026-01-07T01:41:41.045407Z","level":"info","event":"              ^^^^^^^^^^^^^^^^^^^^^^^^^^^^^^^^^^","logger":"airflow.task.operators.airflow.providers.docker.operators.docker.DockerOperator","filename":"docker.py","lineno":66}
{"timestamp":"2026-01-07T01:41:41.045423Z","level":"info","event":"  File \"/opt/venv_analysis/lib/python3.11/site-packages/pyspark/python/lib/pyspark.zip/pyspark/serializers.py\", line 174, in _read_with_length","logger":"airflow.task.operators.airflow.providers.docker.operators.docker.DockerOperator","filename":"docker.py","lineno":66}
{"timestamp":"2026-01-07T01:41:41.045439Z","level":"info","event":"    return self.loads(obj)","logger":"airflow.task.operators.airflow.providers.docker.operators.docker.DockerOperator","filename":"docker.py","lineno":66}
{"timestamp":"2026-01-07T01:41:41.045457Z","level":"info","event":"           ^^^^^^^^^^^^^^^","logger":"airflow.task.operators.airflow.providers.docker.operators.docker.DockerOperator","filename":"docker.py","lineno":66}
{"timestamp":"2026-01-07T01:41:41.045472Z","level":"info","event":"  File \"/opt/venv_analysis/lib/python3.11/site-packages/pyspark/python/lib/pyspark.zip/pyspark/serializers.py\", line 472, in loads","logger":"airflow.task.operators.airflow.providers.docker.operators.docker.DockerOperator","filename":"docker.py","lineno":66}
{"timestamp":"2026-01-07T01:41:41.045485Z","level":"info","event":"    return cloudpickle.loads(obj, encoding=encoding)","logger":"airflow.task.operators.airflow.providers.docker.operators.docker.DockerOperator","filename":"docker.py","lineno":66}
{"timestamp":"2026-01-07T01:41:41.045499Z","level":"info","event":"           ^^^^^^^^^^^^^^^^^^^^^^^^^^^^^^^^^^^^^^^^^","logger":"airflow.task.operators.airflow.providers.docker.operators.docker.DockerOperator","filename":"docker.py","lineno":66}
{"timestamp":"2026-01-07T01:41:41.045513Z","level":"info","event":"ModuleNotFoundError: No module named 'local_analysis'","logger":"airflow.task.operators.airflow.providers.docker.operators.docker.DockerOperator","filename":"docker.py","lineno":66}
{"timestamp":"2026-01-07T01:41:41.045528Z","level":"info","event":"","logger":"airflow.task.operators.airflow.providers.docker.operators.docker.DockerOperator","filename":"docker.py","lineno":66}
{"timestamp":"2026-01-07T01:41:41.045543Z","level":"info","event":"\tat org.apache.spark.api.python.BasePythonRunner$ReaderIterator.handlePythonException(PythonRunner.scala:572)","logger":"airflow.task.operators.airflow.providers.docker.operators.docker.DockerOperator","filename":"docker.py","lineno":66}
{"timestamp":"2026-01-07T01:41:41.045569Z","level":"info","event":"\tat org.apache.spark.sql.execution.python.PythonArrowOutput$$anon$1.read(PythonArrowOutput.scala:118)","logger":"airflow.task.operators.airflow.providers.docker.operators.docker.DockerOperator","filename":"docker.py","lineno":66}
{"timestamp":"2026-01-07T01:41:41.045587Z","level":"info","event":"\tat org.apache.spark.api.python.BasePythonRunner$ReaderIterator.hasNext(PythonRunner.scala:525)","logger":"airflow.task.operators.airflow.providers.docker.operators.docker.DockerOperator","filename":"docker.py","lineno":66}
{"timestamp":"2026-01-07T01:41:41.045601Z","level":"info","event":"\tat org.apache.spark.InterruptibleIterator.hasNext(InterruptibleIterator.scala:37)","logger":"airflow.task.operators.airflow.providers.docker.operators.docker.DockerOperator","filename":"docker.py","lineno":66}
{"timestamp":"2026-01-07T01:41:41.045615Z","level":"info","event":"\tat scala.collection.Iterator$$anon$11.hasNext(Iterator.scala:491)","logger":"airflow.task.operators.airflow.providers.docker.operators.docker.DockerOperator","filename":"docker.py","lineno":66}
{"timestamp":"2026-01-07T01:41:41.045629Z","level":"info","event":"\tat scala.collection.Iterator$$anon$10.hasNext(Iterator.scala:460)","logger":"airflow.task.operators.airflow.providers.docker.operators.docker.DockerOperator","filename":"docker.py","lineno":66}
{"timestamp":"2026-01-07T01:41:41.045643Z","level":"info","event":"\tat org.apache.spark.sql.catalyst.expressions.GeneratedClass$GeneratedIteratorForCodegenStage2.processNext(Unknown Source)","logger":"airflow.task.operators.airflow.providers.docker.operators.docker.DockerOperator","filename":"docker.py","lineno":66}
{"timestamp":"2026-01-07T01:41:41.045657Z","level":"info","event":"\tat org.apache.spark.sql.execution.BufferedRowIterator.hasNext(BufferedRowIterator.java:43)","logger":"airflow.task.operators.airflow.providers.docker.operators.docker.DockerOperator","filename":"docker.py","lineno":66}
{"timestamp":"2026-01-07T01:41:41.045671Z","level":"info","event":"\tat org.apache.spark.sql.execution.WholeStageCodegenEvaluatorFactory$WholeStageCodegenPartitionEvaluator$$anon$1.hasNext(WholeStageCodegenEvaluatorFactory.scala:43)","logger":"airflow.task.operators.airflow.providers.docker.operators.docker.DockerOperator","filename":"docker.py","lineno":66}
{"timestamp":"2026-01-07T01:41:41.045690Z","level":"info","event":"\tat scala.collection.Iterator$$anon$11.hasNext(Iterator.scala:490)","logger":"airflow.task.operators.airflow.providers.docker.operators.docker.DockerOperator","filename":"docker.py","lineno":66}
{"timestamp":"2026-01-07T01:41:41.045708Z","level":"info","event":"\tat org.apache.spark.sql.execution.datasources.FileFormatDataWriter.writeWithIterator(FileFormatDataWriter.scala:91)","logger":"airflow.task.operators.airflow.providers.docker.operators.docker.DockerOperator","filename":"docker.py","lineno":66}
{"timestamp":"2026-01-07T01:41:41.045722Z","level":"info","event":"\tat org.apache.spark.sql.execution.datasources.FileFormatWriter$.$anonfun$executeTask$1(FileFormatWriter.scala:403)","logger":"airflow.task.operators.airflow.providers.docker.operators.docker.DockerOperator","filename":"docker.py","lineno":66}
{"timestamp":"2026-01-07T01:41:41.045740Z","level":"info","event":"\tat org.apache.spark.util.Utils$.tryWithSafeFinallyAndFailureCallbacks(Utils.scala:1397)","logger":"airflow.task.operators.airflow.providers.docker.operators.docker.DockerOperator","filename":"docker.py","lineno":66}
{"timestamp":"2026-01-07T01:41:41.045753Z","level":"info","event":"\tat org.apache.spark.sql.execution.datasources.FileFormatWriter$.executeTask(FileFormatWriter.scala:410)","logger":"airflow.task.operators.airflow.providers.docker.operators.docker.DockerOperator","filename":"docker.py","lineno":66}
{"timestamp":"2026-01-07T01:41:41.045767Z","level":"info","event":"\t... 17 more","logger":"airflow.task.operators.airflow.providers.docker.operators.docker.DockerOperator","filename":"docker.py","lineno":66}
{"timestamp":"2026-01-07T01:41:43.442047Z","level":"error","event":"Task failed with exception","logger":"task","filename":"task_runner.py","lineno":972,"error_detail":[{"exc_type":"DockerContainerFailedException","exc_value":"Docker container failed: {'StatusCode': 1}","exc_notes":[],"syntax_error":null,"is_cause":false,"frames":[{"filename":"/home/airflow/.local/lib/python3.12/site-packages/airflow/sdk/execution_time/task_runner.py","lineno":920,"name":"run"},{"filename":"/home/airflow/.local/lib/python3.12/site-packages/airflow/sdk/execution_time/task_runner.py","lineno":1307,"name":"_execute_task"},{"filename":"/home/airflow/.local/lib/python3.12/site-packages/airflow/sdk/bases/operator.py","lineno":416,"name":"wrapper"},{"filename":"/home/airflow/.local/lib/python3.12/site-packages/airflow/providers/docker/operators/docker.py","lineno":495,"name":"execute"},{"filename":"/home/airflow/.local/lib/python3.12/site-packages/airflow/providers/docker/operators/docker.py","lineno":372,"name":"_run_image"},{"filename":"/home/airflow/.local/lib/python3.12/site-packages/airflow/providers/docker/operators/docker.py","lineno":430,"name":"_run_image_with_mounts"}],"is_group":false,"exceptions":[]}]}
