{"timestamp":"2025-12-19T10:30:46.183380Z","level":"info","event":"DAG bundles loaded: dags-folder","logger":"airflow.dag_processing.bundles.manager.DagBundlesManager","filename":"manager.py","lineno":179}
{"timestamp":"2025-12-19T10:30:46.185045Z","level":"info","event":"Filling up the DagBag from /opt/airflow/dags/new_tropes_dag.py","logger":"airflow.models.dagbag.DagBag","filename":"dagbag.py","lineno":593}
{"timestamp":"2025-12-19T10:30:46.663693Z","level":"info","event":"Starting apply_formatting step","logger":"root","filename":"new_tropes_dag.py","lineno":79}
{"timestamp":"2025-12-19T10:30:46.675139Z","level":"info","event":"Formatting title: (500) Days Of Summer","logger":"root","filename":"new_tropes_dag.py","lineno":66}
{"timestamp":"2025-12-19T10:30:46.675298Z","level":"info","event":"Formatting title: 10 Things I Hate About You","logger":"root","filename":"new_tropes_dag.py","lineno":66}
{"timestamp":"2025-12-19T10:30:46.675348Z","level":"info","event":"Formatting title: 101 Dalmations","logger":"root","filename":"new_tropes_dag.py","lineno":66}
{"timestamp":"2025-12-19T10:30:46.675380Z","level":"info","event":"Formatting title: 12","logger":"root","filename":"new_tropes_dag.py","lineno":66}
{"timestamp":"2025-12-19T10:30:46.675410Z","level":"info","event":"Formatting title: 12 And Holding","logger":"root","filename":"new_tropes_dag.py","lineno":66}
{"timestamp":"2025-12-19T10:30:46.675438Z","level":"info","event":"Formatting title: 12 Angry Men","logger":"root","filename":"new_tropes_dag.py","lineno":66}
{"timestamp":"2025-12-19T10:30:46.675465Z","level":"info","event":"Formatting title: 12 Monkeys","logger":"root","filename":"new_tropes_dag.py","lineno":66}
{"timestamp":"2025-12-19T10:30:46.675491Z","level":"info","event":"Formatting title: 12 Strong","logger":"root","filename":"new_tropes_dag.py","lineno":66}
{"timestamp":"2025-12-19T10:30:46.675518Z","level":"info","event":"Formatting title: 12 Years A Slave","logger":"root","filename":"new_tropes_dag.py","lineno":66}
{"timestamp":"2025-12-19T10:30:46.675552Z","level":"info","event":"Formatting title: 127 Hours","logger":"root","filename":"new_tropes_dag.py","lineno":66}
{"timestamp":"2025-12-19T10:30:46.675580Z","level":"info","event":"Formatting title: 1408","logger":"root","filename":"new_tropes_dag.py","lineno":66}
{"timestamp":"2025-12-19T10:30:46.675607Z","level":"info","event":"Formatting title: 1492 Conquest Of Paradise","logger":"root","filename":"new_tropes_dag.py","lineno":66}
{"timestamp":"2025-12-19T10:30:46.675633Z","level":"info","event":"Formatting title: 15 Minutes","logger":"root","filename":"new_tropes_dag.py","lineno":66}
{"timestamp":"2025-12-19T10:30:46.675676Z","level":"info","event":"Formatting title: 16 Blocks","logger":"root","filename":"new_tropes_dag.py","lineno":66}
{"timestamp":"2025-12-19T10:30:46.675701Z","level":"info","event":"Formatting title: 17 Again","logger":"root","filename":"new_tropes_dag.py","lineno":66}
{"timestamp":"2025-12-19T10:30:46.675726Z","level":"info","event":"Formatting title: 187","logger":"root","filename":"new_tropes_dag.py","lineno":66}
{"timestamp":"2025-12-19T10:30:46.675749Z","level":"info","event":"Formatting title: 1917","logger":"root","filename":"new_tropes_dag.py","lineno":66}
{"timestamp":"2025-12-19T10:30:46.675779Z","level":"info","event":"Formatting title: 2 Fast 2 Furious","logger":"root","filename":"new_tropes_dag.py","lineno":66}
{"timestamp":"2025-12-19T10:30:46.675804Z","level":"info","event":"Formatting title: 2001 A Space Odyssey","logger":"root","filename":"new_tropes_dag.py","lineno":66}
{"timestamp":"2025-12-19T10:30:46.675828Z","level":"info","event":"Formatting title: 2010 The Year We Make Contact","logger":"root","filename":"new_tropes_dag.py","lineno":66}
{"timestamp":"2025-12-19T10:30:46.675852Z","level":"info","event":"Formatting title: 2012","logger":"root","filename":"new_tropes_dag.py","lineno":66}
{"timestamp":"2025-12-19T10:30:46.675876Z","level":"info","event":"Formatting title: 20th Century Girl","logger":"root","filename":"new_tropes_dag.py","lineno":66}
{"timestamp":"2025-12-19T10:30:46.675900Z","level":"info","event":"Formatting title: 20th Century Women","logger":"root","filename":"new_tropes_dag.py","lineno":66}
{"timestamp":"2025-12-19T10:30:46.675923Z","level":"info","event":"Formatting title: 21 Jump Street","logger":"root","filename":"new_tropes_dag.py","lineno":66}
{"timestamp":"2025-12-19T10:30:46.675946Z","level":"info","event":"Formatting title: 213","logger":"root","filename":"new_tropes_dag.py","lineno":66}
{"timestamp":"2025-12-19T10:30:46.675970Z","level":"info","event":"Formatting title: 22 July","logger":"root","filename":"new_tropes_dag.py","lineno":66}
{"timestamp":"2025-12-19T10:30:46.675994Z","level":"info","event":"Formatting title: 22 Jump Street","logger":"root","filename":"new_tropes_dag.py","lineno":66}
{"timestamp":"2025-12-19T10:30:46.676019Z","level":"info","event":"Formatting title: 25th Hour","logger":"root","filename":"new_tropes_dag.py","lineno":66}
{"timestamp":"2025-12-19T10:30:46.676043Z","level":"info","event":"Formatting title: 28 Days Later","logger":"root","filename":"new_tropes_dag.py","lineno":66}
{"timestamp":"2025-12-19T10:30:46.676067Z","level":"info","event":"Formatting title: 28 Weeks Later","logger":"root","filename":"new_tropes_dag.py","lineno":66}
{"timestamp":"2025-12-19T10:30:46.676119Z","level":"info","event":"Formatting title: 30 Minutes Or Less","logger":"root","filename":"new_tropes_dag.py","lineno":66}
{"timestamp":"2025-12-19T10:30:46.676168Z","level":"info","event":"Formatting title: 300","logger":"root","filename":"new_tropes_dag.py","lineno":66}
{"timestamp":"2025-12-19T10:30:46.676205Z","level":"info","event":"Formatting title: 42","logger":"root","filename":"new_tropes_dag.py","lineno":66}
{"timestamp":"2025-12-19T10:30:46.676238Z","level":"info","event":"Formatting title: 44 Inch Chest","logger":"root","filename":"new_tropes_dag.py","lineno":66}
{"timestamp":"2025-12-19T10:30:46.676283Z","level":"info","event":"Formatting title: 48 Hrs","logger":"root","filename":"new_tropes_dag.py","lineno":66}
{"timestamp":"2025-12-19T10:30:46.676329Z","level":"info","event":"Formatting title: 5 To 7","logger":"root","filename":"new_tropes_dag.py","lineno":66}
{"timestamp":"2025-12-19T10:30:46.676359Z","level":"info","event":"Formatting title: 50 50","logger":"root","filename":"new_tropes_dag.py","lineno":66}
{"timestamp":"2025-12-19T10:30:46.676388Z","level":"info","event":"Formatting title: 500 Days Of Summer","logger":"root","filename":"new_tropes_dag.py","lineno":66}
{"timestamp":"2025-12-19T10:30:46.676433Z","level":"info","event":"Formatting title: 8 Bit Christmas","logger":"root","filename":"new_tropes_dag.py","lineno":66}
{"timestamp":"2025-12-19T10:30:46.676461Z","level":"info","event":"Formatting title: 8 Mile","logger":"root","filename":"new_tropes_dag.py","lineno":66}
{"timestamp":"2025-12-19T10:30:46.676494Z","level":"info","event":"Formatting title: 8mm","logger":"root","filename":"new_tropes_dag.py","lineno":66}
{"timestamp":"2025-12-19T10:30:46.676521Z","level":"info","event":"Formatting title: 8½","logger":"root","filename":"new_tropes_dag.py","lineno":66}
{"timestamp":"2025-12-19T10:30:46.676549Z","level":"info","event":"Formatting title: 9","logger":"root","filename":"new_tropes_dag.py","lineno":66}
{"timestamp":"2025-12-19T10:30:46.676575Z","level":"info","event":"Formatting title: A Beautiful Day In The Neighborhood","logger":"root","filename":"new_tropes_dag.py","lineno":66}
{"timestamp":"2025-12-19T10:30:46.676602Z","level":"info","event":"Formatting title: A Beautiful Mind","logger":"root","filename":"new_tropes_dag.py","lineno":66}
{"timestamp":"2025-12-19T10:30:46.676626Z","level":"info","event":"Formatting title: A Christmas Story","logger":"root","filename":"new_tropes_dag.py","lineno":66}
{"timestamp":"2025-12-19T10:30:46.676650Z","level":"info","event":"Formatting title: A Clockwork Orange","logger":"root","filename":"new_tropes_dag.py","lineno":66}
{"timestamp":"2025-12-19T10:30:46.676675Z","level":"info","event":"Formatting title: A Complete Unknown","logger":"root","filename":"new_tropes_dag.py","lineno":66}
{"timestamp":"2025-12-19T10:30:46.676699Z","level":"info","event":"Formatting title: A Fantastic Woman","logger":"root","filename":"new_tropes_dag.py","lineno":66}
{"timestamp":"2025-12-19T10:30:46.676723Z","level":"info","event":"Formatting title: A Few Good Men","logger":"root","filename":"new_tropes_dag.py","lineno":66}
{"timestamp":"2025-12-19T10:30:46.676747Z","level":"info","event":"Formatting title: A Good Person","logger":"root","filename":"new_tropes_dag.py","lineno":66}
{"timestamp":"2025-12-19T10:30:46.676773Z","level":"info","event":"Formatting title: A Haunting In Venice","logger":"root","filename":"new_tropes_dag.py","lineno":66}
{"timestamp":"2025-12-19T10:30:46.676799Z","level":"info","event":"Formatting title: A Hero","logger":"root","filename":"new_tropes_dag.py","lineno":66}
{"timestamp":"2025-12-19T10:30:46.676824Z","level":"info","event":"Formatting title: A Hidden Life","logger":"root","filename":"new_tropes_dag.py","lineno":66}
{"timestamp":"2025-12-19T10:30:46.676853Z","level":"info","event":"Formatting title: A History Of Violence","logger":"root","filename":"new_tropes_dag.py","lineno":66}
{"timestamp":"2025-12-19T10:30:46.676909Z","level":"info","event":"Formatting title: A Knights Tale","logger":"root","filename":"new_tropes_dag.py","lineno":66}
{"timestamp":"2025-12-19T10:30:46.676946Z","level":"info","event":"Formatting title: A Knock At The Cabin","logger":"root","filename":"new_tropes_dag.py","lineno":66}
{"timestamp":"2025-12-19T10:30:46.676976Z","level":"info","event":"Formatting title: A League Of Their Own","logger":"root","filename":"new_tropes_dag.py","lineno":66}
{"timestamp":"2025-12-19T10:30:46.677002Z","level":"info","event":"Formatting title: A Man Called Otto","logger":"root","filename":"new_tropes_dag.py","lineno":66}
{"timestamp":"2025-12-19T10:30:46.677031Z","level":"info","event":"Formatting title: A Million Miles Away","logger":"root","filename":"new_tropes_dag.py","lineno":66}
{"timestamp":"2025-12-19T10:30:46.677059Z","level":"info","event":"Formatting title: A Monster Calls","logger":"root","filename":"new_tropes_dag.py","lineno":66}
{"timestamp":"2025-12-19T10:30:46.677085Z","level":"info","event":"Formatting title: A Most Violent Year","logger":"root","filename":"new_tropes_dag.py","lineno":66}
{"timestamp":"2025-12-19T10:30:46.677110Z","level":"info","event":"Formatting title: A New Leaf","logger":"root","filename":"new_tropes_dag.py","lineno":66}
{"timestamp":"2025-12-19T10:30:46.677134Z","level":"info","event":"Formatting title: A Nightmare On Elm Street","logger":"root","filename":"new_tropes_dag.py","lineno":66}
{"timestamp":"2025-12-19T10:30:46.677164Z","level":"info","event":"Formatting title: A Nightmare On Elm Street 3 Dream Warriors","logger":"root","filename":"new_tropes_dag.py","lineno":66}
{"timestamp":"2025-12-19T10:30:46.677202Z","level":"info","event":"Formatting title: A Nightmare On Elm Street 5 The Dream Child","logger":"root","filename":"new_tropes_dag.py","lineno":66}
{"timestamp":"2025-12-19T10:30:46.677227Z","level":"info","event":"Formatting title: A Prayer Before Dawn","logger":"root","filename":"new_tropes_dag.py","lineno":66}
{"timestamp":"2025-12-19T10:30:46.677252Z","level":"info","event":"Formatting title: A Quiet Place","logger":"root","filename":"new_tropes_dag.py","lineno":66}
{"timestamp":"2025-12-19T10:30:46.677276Z","level":"info","event":"Formatting title: A Real Pain","logger":"root","filename":"new_tropes_dag.py","lineno":66}
{"timestamp":"2025-12-19T10:30:46.677302Z","level":"info","event":"Formatting title: A Scanner Darkly","logger":"root","filename":"new_tropes_dag.py","lineno":66}
{"timestamp":"2025-12-19T10:30:46.677330Z","level":"info","event":"Formatting title: A Separation","logger":"root","filename":"new_tropes_dag.py","lineno":66}
{"timestamp":"2025-12-19T10:30:46.677354Z","level":"info","event":"Formatting title: A Serious Man","logger":"root","filename":"new_tropes_dag.py","lineno":66}
{"timestamp":"2025-12-19T10:30:46.677379Z","level":"info","event":"Formatting title: A Simple Favor","logger":"root","filename":"new_tropes_dag.py","lineno":66}
{"timestamp":"2025-12-19T10:30:46.677402Z","level":"info","event":"Formatting title: A Simple Plan","logger":"root","filename":"new_tropes_dag.py","lineno":66}
{"timestamp":"2025-12-19T10:30:46.677426Z","level":"info","event":"Formatting title: A Soldiers Story","logger":"root","filename":"new_tropes_dag.py","lineno":66}
{"timestamp":"2025-12-19T10:30:46.677451Z","level":"info","event":"Formatting title: A Star Is Born","logger":"root","filename":"new_tropes_dag.py","lineno":66}
{"timestamp":"2025-12-19T10:30:46.677474Z","level":"info","event":"Formatting title: A Thin Line Between Love And Hate","logger":"root","filename":"new_tropes_dag.py","lineno":66}
{"timestamp":"2025-12-19T10:30:46.677497Z","level":"info","event":"Formatting title: A Time To Kill","logger":"root","filename":"new_tropes_dag.py","lineno":66}
{"timestamp":"2025-12-19T10:30:46.677519Z","level":"info","event":"Formatting title: A View To A Kill","logger":"root","filename":"new_tropes_dag.py","lineno":66}
{"timestamp":"2025-12-19T10:30:46.677542Z","level":"info","event":"Formatting title: About Alex","logger":"root","filename":"new_tropes_dag.py","lineno":66}
{"timestamp":"2025-12-19T10:30:46.677564Z","level":"info","event":"Formatting title: Above The Law","logger":"root","filename":"new_tropes_dag.py","lineno":66}
{"timestamp":"2025-12-19T10:30:46.677587Z","level":"info","event":"Formatting title: Abraham Lincoln Vampire Hunter","logger":"root","filename":"new_tropes_dag.py","lineno":66}
{"timestamp":"2025-12-19T10:30:46.677610Z","level":"info","event":"Formatting title: Absolute Power","logger":"root","filename":"new_tropes_dag.py","lineno":66}
{"timestamp":"2025-12-19T10:30:46.677633Z","level":"info","event":"Formatting title: Abyss The","logger":"root","filename":"new_tropes_dag.py","lineno":66}
{"timestamp":"2025-12-19T10:30:46.677656Z","level":"info","event":"Formatting title: Ace Ventura Pet Detective","logger":"root","filename":"new_tropes_dag.py","lineno":66}
{"timestamp":"2025-12-19T10:30:46.677679Z","level":"info","event":"Formatting title: Action Jackson","logger":"root","filename":"new_tropes_dag.py","lineno":66}
{"timestamp":"2025-12-19T10:30:46.677701Z","level":"info","event":"Formatting title: Ad Astra","logger":"root","filename":"new_tropes_dag.py","lineno":66}
{"timestamp":"2025-12-19T10:30:46.677725Z","level":"info","event":"Formatting title: Adaptation","logger":"root","filename":"new_tropes_dag.py","lineno":66}
{"timestamp":"2025-12-19T10:30:46.677748Z","level":"info","event":"Formatting title: Addams Family The","logger":"root","filename":"new_tropes_dag.py","lineno":66}
{"timestamp":"2025-12-19T10:30:46.677772Z","level":"info","event":"Formatting title: Addams Family Values","logger":"root","filename":"new_tropes_dag.py","lineno":66}
{"timestamp":"2025-12-19T10:30:46.677796Z","level":"info","event":"Formatting title: Adjustment Bureau The","logger":"root","filename":"new_tropes_dag.py","lineno":66}
{"timestamp":"2025-12-19T10:30:46.677820Z","level":"info","event":"Formatting title: Adventures Of Buckaroo Banzai Across The Eighth Dimension The","logger":"root","filename":"new_tropes_dag.py","lineno":66}
{"timestamp":"2025-12-19T10:30:46.677845Z","level":"info","event":"Formatting title: Affliction","logger":"root","filename":"new_tropes_dag.py","lineno":66}
{"timestamp":"2025-12-19T10:30:46.677868Z","level":"info","event":"Formatting title: After School Special","logger":"root","filename":"new_tropes_dag.py","lineno":66}
{"timestamp":"2025-12-19T10:30:46.677892Z","level":"info","event":"Formatting title: After The Wedding","logger":"root","filename":"new_tropes_dag.py","lineno":66}
{"timestamp":"2025-12-19T10:30:46.677919Z","level":"info","event":"Formatting title: Afterlife","logger":"root","filename":"new_tropes_dag.py","lineno":66}
{"timestamp":"2025-12-19T10:30:46.677945Z","level":"info","event":"Formatting title: Aftersun","logger":"root","filename":"new_tropes_dag.py","lineno":66}
{"timestamp":"2025-12-19T10:30:46.677971Z","level":"info","event":"Formatting title: Agnes Of God","logger":"root","filename":"new_tropes_dag.py","lineno":66}
{"timestamp":"2025-12-19T10:30:46.677996Z","level":"info","event":"Formatting title: Ai","logger":"root","filename":"new_tropes_dag.py","lineno":66}
{"timestamp":"2025-12-19T10:30:46.678020Z","level":"info","event":"Formatting title: Air","logger":"root","filename":"new_tropes_dag.py","lineno":66}
{"timestamp":"2025-12-19T10:30:46.678045Z","level":"info","event":"Formatting title: Air Force One","logger":"root","filename":"new_tropes_dag.py","lineno":66}
{"timestamp":"2025-12-19T10:30:46.678074Z","level":"info","event":"Formatting title: Airplane","logger":"root","filename":"new_tropes_dag.py","lineno":66}
{"timestamp":"2025-12-19T10:30:46.678137Z","level":"info","event":"Formatting title: Airplane 2 The Sequel","logger":"root","filename":"new_tropes_dag.py","lineno":66}
{"timestamp":"2025-12-19T10:30:46.678180Z","level":"info","event":"Formatting title: Aladdin","logger":"root","filename":"new_tropes_dag.py","lineno":66}
{"timestamp":"2025-12-19T10:30:46.678212Z","level":"info","event":"Formatting title: Alex Cross","logger":"root","filename":"new_tropes_dag.py","lineno":66}
{"timestamp":"2025-12-19T10:30:46.678239Z","level":"info","event":"Formatting title: Ali","logger":"root","filename":"new_tropes_dag.py","lineno":66}
{"timestamp":"2025-12-19T10:30:46.678273Z","level":"info","event":"Formatting title: Alien","logger":"root","filename":"new_tropes_dag.py","lineno":66}
{"timestamp":"2025-12-19T10:30:46.678307Z","level":"info","event":"Formatting title: Alien 3","logger":"root","filename":"new_tropes_dag.py","lineno":66}
{"timestamp":"2025-12-19T10:30:46.678340Z","level":"info","event":"Formatting title: Alien Covenant","logger":"root","filename":"new_tropes_dag.py","lineno":66}
{"timestamp":"2025-12-19T10:30:46.678577Z","level":"info","event":"Formatting title: Alien Nation","logger":"root","filename":"new_tropes_dag.py","lineno":66}
{"timestamp":"2025-12-19T10:30:46.678747Z","level":"info","event":"Formatting title: Alien Resurrection","logger":"root","filename":"new_tropes_dag.py","lineno":66}
{"timestamp":"2025-12-19T10:30:46.678798Z","level":"info","event":"Formatting title: Alien Vs Predator","logger":"root","filename":"new_tropes_dag.py","lineno":66}
{"timestamp":"2025-12-19T10:30:46.678841Z","level":"info","event":"Formatting title: Alien Vs Predator Requiem","logger":"root","filename":"new_tropes_dag.py","lineno":66}
{"timestamp":"2025-12-19T10:30:46.678879Z","level":"info","event":"Formatting title: Aliens","logger":"root","filename":"new_tropes_dag.py","lineno":66}
{"timestamp":"2025-12-19T10:30:46.678909Z","level":"info","event":"Formatting title: Aligarh","logger":"root","filename":"new_tropes_dag.py","lineno":66}
{"timestamp":"2025-12-19T10:30:46.678935Z","level":"info","event":"Formatting title: All About Eve","logger":"root","filename":"new_tropes_dag.py","lineno":66}
{"timestamp":"2025-12-19T10:30:46.678964Z","level":"info","event":"Formatting title: All About Steve","logger":"root","filename":"new_tropes_dag.py","lineno":66}
{"timestamp":"2025-12-19T10:30:46.678991Z","level":"info","event":"Formatting title: All Is Lost","logger":"root","filename":"new_tropes_dag.py","lineno":66}
{"timestamp":"2025-12-19T10:30:46.679026Z","level":"info","event":"Formatting title: All Is True","logger":"root","filename":"new_tropes_dag.py","lineno":66}
{"timestamp":"2025-12-19T10:30:46.679053Z","level":"info","event":"Formatting title: All Of Us Strangers","logger":"root","filename":"new_tropes_dag.py","lineno":66}
{"timestamp":"2025-12-19T10:30:46.679080Z","level":"info","event":"Formatting title: All Quiet On The Western Front","logger":"root","filename":"new_tropes_dag.py","lineno":66}
{"timestamp":"2025-12-19T10:30:46.679110Z","level":"info","event":"Formatting title: All The Boy Love Mandy Lane","logger":"root","filename":"new_tropes_dag.py","lineno":66}
{"timestamp":"2025-12-19T10:30:46.679140Z","level":"info","event":"Formatting title: All The Kings Men","logger":"root","filename":"new_tropes_dag.py","lineno":66}
{"timestamp":"2025-12-19T10:30:46.679169Z","level":"info","event":"Formatting title: All The Money In The World","logger":"root","filename":"new_tropes_dag.py","lineno":66}
{"timestamp":"2025-12-19T10:30:46.679196Z","level":"info","event":"Formatting title: All The Old Knives","logger":"root","filename":"new_tropes_dag.py","lineno":66}
{"timestamp":"2025-12-19T10:30:46.679231Z","level":"info","event":"Formatting title: All The Presidents Men","logger":"root","filename":"new_tropes_dag.py","lineno":66}
{"timestamp":"2025-12-19T10:30:46.679258Z","level":"info","event":"Formatting title: Almost Famous","logger":"root","filename":"new_tropes_dag.py","lineno":66}
{"timestamp":"2025-12-19T10:30:46.679286Z","level":"info","event":"Formatting title: Alone In The Dark","logger":"root","filename":"new_tropes_dag.py","lineno":66}
{"timestamp":"2025-12-19T10:30:46.679317Z","level":"info","event":"Formatting title: Altered States","logger":"root","filename":"new_tropes_dag.py","lineno":66}
{"timestamp":"2025-12-19T10:30:46.679345Z","level":"info","event":"Formatting title: Amadeus","logger":"root","filename":"new_tropes_dag.py","lineno":66}
{"timestamp":"2025-12-19T10:30:46.679373Z","level":"info","event":"Formatting title: Ambulance","logger":"root","filename":"new_tropes_dag.py","lineno":66}
{"timestamp":"2025-12-19T10:30:46.679403Z","level":"info","event":"Formatting title: Amelia","logger":"root","filename":"new_tropes_dag.py","lineno":66}
{"timestamp":"2025-12-19T10:30:46.679431Z","level":"info","event":"Formatting title: American Animals","logger":"root","filename":"new_tropes_dag.py","lineno":66}
{"timestamp":"2025-12-19T10:30:46.679457Z","level":"info","event":"Formatting title: American Beauty","logger":"root","filename":"new_tropes_dag.py","lineno":66}
{"timestamp":"2025-12-19T10:30:46.679485Z","level":"info","event":"Formatting title: American Fiction","logger":"root","filename":"new_tropes_dag.py","lineno":66}
{"timestamp":"2025-12-19T10:30:46.679512Z","level":"info","event":"Formatting title: American Gangster","logger":"root","filename":"new_tropes_dag.py","lineno":66}
{"timestamp":"2025-12-19T10:30:46.679539Z","level":"info","event":"Formatting title: American Graffiti","logger":"root","filename":"new_tropes_dag.py","lineno":66}
{"timestamp":"2025-12-19T10:30:46.679569Z","level":"info","event":"Formatting title: American History X","logger":"root","filename":"new_tropes_dag.py","lineno":66}
{"timestamp":"2025-12-19T10:30:46.679596Z","level":"info","event":"Formatting title: American Hustle","logger":"root","filename":"new_tropes_dag.py","lineno":66}
{"timestamp":"2025-12-19T10:30:46.679622Z","level":"info","event":"Formatting title: American Madness","logger":"root","filename":"new_tropes_dag.py","lineno":66}
{"timestamp":"2025-12-19T10:30:46.679649Z","level":"info","event":"Formatting title: American Milkshake","logger":"root","filename":"new_tropes_dag.py","lineno":66}
{"timestamp":"2025-12-19T10:30:46.679676Z","level":"info","event":"Formatting title: American Outlaws","logger":"root","filename":"new_tropes_dag.py","lineno":66}
{"timestamp":"2025-12-19T10:30:46.679706Z","level":"info","event":"Formatting title: American Pie","logger":"root","filename":"new_tropes_dag.py","lineno":66}
{"timestamp":"2025-12-19T10:30:46.679737Z","level":"info","event":"Formatting title: American President The","logger":"root","filename":"new_tropes_dag.py","lineno":66}
{"timestamp":"2025-12-19T10:30:46.679766Z","level":"info","event":"Formatting title: American Psycho","logger":"root","filename":"new_tropes_dag.py","lineno":66}
{"timestamp":"2025-12-19T10:30:46.679808Z","level":"info","event":"Formatting title: American Shaolin King Of Kickboxers 2","logger":"root","filename":"new_tropes_dag.py","lineno":66}
{"timestamp":"2025-12-19T10:30:46.679835Z","level":"info","event":"Formatting title: American Sniper","logger":"root","filename":"new_tropes_dag.py","lineno":66}
{"timestamp":"2025-12-19T10:30:46.679862Z","level":"info","event":"Formatting title: American Splendor","logger":"root","filename":"new_tropes_dag.py","lineno":66}
{"timestamp":"2025-12-19T10:30:46.679889Z","level":"info","event":"Formatting title: American The","logger":"root","filename":"new_tropes_dag.py","lineno":66}
{"timestamp":"2025-12-19T10:30:46.679914Z","level":"info","event":"Formatting title: American Ultra","logger":"root","filename":"new_tropes_dag.py","lineno":66}
{"timestamp":"2025-12-19T10:30:46.679939Z","level":"info","event":"Formatting title: American Werewolf In London","logger":"root","filename":"new_tropes_dag.py","lineno":66}
{"timestamp":"2025-12-19T10:30:46.679965Z","level":"info","event":"Formatting title: Amistad","logger":"root","filename":"new_tropes_dag.py","lineno":66}
{"timestamp":"2025-12-19T10:30:46.679994Z","level":"info","event":"Formatting title: Amityville Asylum The","logger":"root","filename":"new_tropes_dag.py","lineno":66}
{"timestamp":"2025-12-19T10:30:46.680020Z","level":"info","event":"Formatting title: Amour","logger":"root","filename":"new_tropes_dag.py","lineno":66}
{"timestamp":"2025-12-19T10:30:46.680047Z","level":"info","event":"Formatting title: Amsterdam","logger":"root","filename":"new_tropes_dag.py","lineno":66}
{"timestamp":"2025-12-19T10:30:46.680092Z","level":"info","event":"Formatting title: Amélie","logger":"root","filename":"new_tropes_dag.py","lineno":66}
{"timestamp":"2025-12-19T10:30:46.680142Z","level":"info","event":"Formatting title: An Affair To Remember","logger":"root","filename":"new_tropes_dag.py","lineno":66}
{"timestamp":"2025-12-19T10:30:46.680171Z","level":"info","event":"Formatting title: An American Werewolf In London","logger":"root","filename":"new_tropes_dag.py","lineno":66}
{"timestamp":"2025-12-19T10:30:46.680216Z","level":"info","event":"Formatting title: An Education","logger":"root","filename":"new_tropes_dag.py","lineno":66}
{"timestamp":"2025-12-19T10:30:46.680245Z","level":"info","event":"Formatting title: An Unmarried Woman","logger":"root","filename":"new_tropes_dag.py","lineno":66}
{"timestamp":"2025-12-19T10:30:46.680312Z","level":"info","event":"Formatting title: Anaconda","logger":"root","filename":"new_tropes_dag.py","lineno":66}
{"timestamp":"2025-12-19T10:30:46.680354Z","level":"info","event":"Formatting title: Analyze That","logger":"root","filename":"new_tropes_dag.py","lineno":66}
{"timestamp":"2025-12-19T10:30:46.680386Z","level":"info","event":"Formatting title: Analyze This","logger":"root","filename":"new_tropes_dag.py","lineno":66}
{"timestamp":"2025-12-19T10:30:46.680416Z","level":"info","event":"Formatting title: Anastasia","logger":"root","filename":"new_tropes_dag.py","lineno":66}
{"timestamp":"2025-12-19T10:30:46.680445Z","level":"info","event":"Formatting title: Anatomy Of A Fall","logger":"root","filename":"new_tropes_dag.py","lineno":66}
{"timestamp":"2025-12-19T10:30:46.680471Z","level":"info","event":"Formatting title: Anatomy Of A Murder","logger":"root","filename":"new_tropes_dag.py","lineno":66}
{"timestamp":"2025-12-19T10:30:46.680496Z","level":"info","event":"Formatting title: Anchorman The Legend Of Ron Burgundy","logger":"root","filename":"new_tropes_dag.py","lineno":66}
{"timestamp":"2025-12-19T10:30:46.680522Z","level":"info","event":"Formatting title: Angel Eyes","logger":"root","filename":"new_tropes_dag.py","lineno":66}
{"timestamp":"2025-12-19T10:30:46.680547Z","level":"info","event":"Formatting title: Angels & Demons","logger":"root","filename":"new_tropes_dag.py","lineno":66}
{"timestamp":"2025-12-19T10:30:46.680577Z","level":"info","event":"Formatting title: Angels With Dirty Faces","logger":"root","filename":"new_tropes_dag.py","lineno":66}
{"timestamp":"2025-12-19T10:30:46.680610Z","level":"info","event":"Formatting title: Anger Management","logger":"root","filename":"new_tropes_dag.py","lineno":66}
{"timestamp":"2025-12-19T10:30:46.680637Z","level":"info","event":"Formatting title: Animal Kingdom","logger":"root","filename":"new_tropes_dag.py","lineno":66}
{"timestamp":"2025-12-19T10:30:46.680664Z","level":"info","event":"Formatting title: Anna Karenina","logger":"root","filename":"new_tropes_dag.py","lineno":66}
{"timestamp":"2025-12-19T10:30:46.680690Z","level":"info","event":"Formatting title: Annabelle","logger":"root","filename":"new_tropes_dag.py","lineno":66}
{"timestamp":"2025-12-19T10:30:46.680717Z","level":"info","event":"Formatting title: Annette","logger":"root","filename":"new_tropes_dag.py","lineno":66}
{"timestamp":"2025-12-19T10:30:46.680740Z","level":"info","event":"Formatting title: Annie Hall","logger":"root","filename":"new_tropes_dag.py","lineno":66}
{"timestamp":"2025-12-19T10:30:46.680764Z","level":"info","event":"Formatting title: Annihilation","logger":"root","filename":"new_tropes_dag.py","lineno":66}
{"timestamp":"2025-12-19T10:30:46.680788Z","level":"info","event":"Formatting title: Anniversary Party The","logger":"root","filename":"new_tropes_dag.py","lineno":66}
{"timestamp":"2025-12-19T10:30:46.680812Z","level":"info","event":"Formatting title: Anonymous","logger":"root","filename":"new_tropes_dag.py","lineno":66}
{"timestamp":"2025-12-19T10:30:46.680836Z","level":"info","event":"Formatting title: Anora","logger":"root","filename":"new_tropes_dag.py","lineno":66}
{"timestamp":"2025-12-19T10:30:46.680859Z","level":"info","event":"Formatting title: Another 48 Hrs","logger":"root","filename":"new_tropes_dag.py","lineno":66}
{"timestamp":"2025-12-19T10:30:46.680882Z","level":"info","event":"Formatting title: Another Year","logger":"root","filename":"new_tropes_dag.py","lineno":66}
{"timestamp":"2025-12-19T10:30:46.680906Z","level":"info","event":"Formatting title: Antebellum","logger":"root","filename":"new_tropes_dag.py","lineno":66}
{"timestamp":"2025-12-19T10:30:46.680930Z","level":"info","event":"Formatting title: Anthropoid","logger":"root","filename":"new_tropes_dag.py","lineno":66}
{"timestamp":"2025-12-19T10:30:46.680953Z","level":"info","event":"Formatting title: Antitrust","logger":"root","filename":"new_tropes_dag.py","lineno":66}
{"timestamp":"2025-12-19T10:30:46.680976Z","level":"info","event":"Formatting title: Antz","logger":"root","filename":"new_tropes_dag.py","lineno":66}
{"timestamp":"2025-12-19T10:30:46.681000Z","level":"info","event":"Formatting title: Any Given Sunday","logger":"root","filename":"new_tropes_dag.py","lineno":66}
{"timestamp":"2025-12-19T10:30:46.681024Z","level":"info","event":"Formatting title: Apartment The","logger":"root","filename":"new_tropes_dag.py","lineno":66}
{"timestamp":"2025-12-19T10:30:46.681048Z","level":"info","event":"Formatting title: Apocalypse Now","logger":"root","filename":"new_tropes_dag.py","lineno":66}
{"timestamp":"2025-12-19T10:30:46.681071Z","level":"info","event":"Formatting title: Apollo 13","logger":"root","filename":"new_tropes_dag.py","lineno":66}
{"timestamp":"2025-12-19T10:30:46.681095Z","level":"info","event":"Formatting title: April Fools Day","logger":"root","filename":"new_tropes_dag.py","lineno":66}
{"timestamp":"2025-12-19T10:30:46.681119Z","level":"info","event":"Formatting title: Apt Pupil","logger":"root","filename":"new_tropes_dag.py","lineno":66}
{"timestamp":"2025-12-19T10:30:46.681143Z","level":"info","event":"Formatting title: Arbitrage","logger":"root","filename":"new_tropes_dag.py","lineno":66}
{"timestamp":"2025-12-19T10:30:46.681167Z","level":"info","event":"Formatting title: Arcade","logger":"root","filename":"new_tropes_dag.py","lineno":66}
{"timestamp":"2025-12-19T10:30:46.681192Z","level":"info","event":"Formatting title: Arctic Blue","logger":"root","filename":"new_tropes_dag.py","lineno":66}
{"timestamp":"2025-12-19T10:30:46.681217Z","level":"info","event":"Formatting title: Argentina 1985","logger":"root","filename":"new_tropes_dag.py","lineno":66}
{"timestamp":"2025-12-19T10:30:46.681241Z","level":"info","event":"Formatting title: Argo","logger":"root","filename":"new_tropes_dag.py","lineno":66}
{"timestamp":"2025-12-19T10:30:46.681270Z","level":"info","event":"Formatting title: Armageddon","logger":"root","filename":"new_tropes_dag.py","lineno":66}
{"timestamp":"2025-12-19T10:30:46.681296Z","level":"info","event":"Formatting title: Armageddon Time","logger":"root","filename":"new_tropes_dag.py","lineno":66}
{"timestamp":"2025-12-19T10:30:46.681327Z","level":"info","event":"Formatting title: Armed And Dangerous","logger":"root","filename":"new_tropes_dag.py","lineno":66}
{"timestamp":"2025-12-19T10:30:46.681353Z","level":"info","event":"Formatting title: Army Of Darkness","logger":"root","filename":"new_tropes_dag.py","lineno":66}
{"timestamp":"2025-12-19T10:30:46.681378Z","level":"info","event":"Formatting title: Arrival","logger":"root","filename":"new_tropes_dag.py","lineno":66}
{"timestamp":"2025-12-19T10:30:46.681402Z","level":"info","event":"Formatting title: Arsenic And Old Lace","logger":"root","filename":"new_tropes_dag.py","lineno":66}
{"timestamp":"2025-12-19T10:30:46.681427Z","level":"info","event":"Formatting title: Arthur","logger":"root","filename":"new_tropes_dag.py","lineno":66}
{"timestamp":"2025-12-19T10:30:46.681451Z","level":"info","event":"Formatting title: Artist The","logger":"root","filename":"new_tropes_dag.py","lineno":66}
{"timestamp":"2025-12-19T10:30:46.681476Z","level":"info","event":"Formatting title: As Good As It Gets","logger":"root","filename":"new_tropes_dag.py","lineno":66}
{"timestamp":"2025-12-19T10:30:46.681500Z","level":"info","event":"Formatting title: Ask The Dust","logger":"root","filename":"new_tropes_dag.py","lineno":66}
{"timestamp":"2025-12-19T10:30:46.681525Z","level":"info","event":"Formatting title: Assassination Nation","logger":"root","filename":"new_tropes_dag.py","lineno":66}
{"timestamp":"2025-12-19T10:30:46.681549Z","level":"info","event":"Formatting title: Assassins","logger":"root","filename":"new_tropes_dag.py","lineno":66}
{"timestamp":"2025-12-19T10:30:46.681574Z","level":"info","event":"Formatting title: Assault On Precinct 13","logger":"root","filename":"new_tropes_dag.py","lineno":66}
{"timestamp":"2025-12-19T10:30:46.681598Z","level":"info","event":"Formatting title: Assignment The","logger":"root","filename":"new_tropes_dag.py","lineno":66}
{"timestamp":"2025-12-19T10:30:46.681621Z","level":"info","event":"Formatting title: Asteroid City","logger":"root","filename":"new_tropes_dag.py","lineno":66}
{"timestamp":"2025-12-19T10:30:46.681645Z","level":"info","event":"Formatting title: At First Sight","logger":"root","filename":"new_tropes_dag.py","lineno":66}
{"timestamp":"2025-12-19T10:30:46.681670Z","level":"info","event":"Formatting title: Atomic Blonde","logger":"root","filename":"new_tropes_dag.py","lineno":66}
{"timestamp":"2025-12-19T10:30:46.681695Z","level":"info","event":"Formatting title: Attack The Block","logger":"root","filename":"new_tropes_dag.py","lineno":66}
{"timestamp":"2025-12-19T10:30:46.681719Z","level":"info","event":"Formatting title: Audrey Rose","logger":"root","filename":"new_tropes_dag.py","lineno":66}
{"timestamp":"2025-12-19T10:30:46.681745Z","level":"info","event":"Formatting title: August Osage County","logger":"root","filename":"new_tropes_dag.py","lineno":66}
{"timestamp":"2025-12-19T10:30:46.681770Z","level":"info","event":"Formatting title: Austin Powers International Man Of Mystery","logger":"root","filename":"new_tropes_dag.py","lineno":66}
{"timestamp":"2025-12-19T10:30:46.681796Z","level":"info","event":"Formatting title: Austin Powers The Spy Who Shagged Me","logger":"root","filename":"new_tropes_dag.py","lineno":66}
{"timestamp":"2025-12-19T10:30:46.681869Z","level":"info","event":"Formatting title: Authors Anonymous","logger":"root","filename":"new_tropes_dag.py","lineno":66}
{"timestamp":"2025-12-19T10:30:46.681905Z","level":"info","event":"Formatting title: Autumn In New York","logger":"root","filename":"new_tropes_dag.py","lineno":66}
{"timestamp":"2025-12-19T10:30:46.681934Z","level":"info","event":"Formatting title: Avatar","logger":"root","filename":"new_tropes_dag.py","lineno":66}
{"timestamp":"2025-12-19T10:30:46.681961Z","level":"info","event":"Formatting title: Avengers Endgame","logger":"root","filename":"new_tropes_dag.py","lineno":66}
{"timestamp":"2025-12-19T10:30:46.681989Z","level":"info","event":"Formatting title: Avengers The","logger":"root","filename":"new_tropes_dag.py","lineno":66}
{"timestamp":"2025-12-19T10:30:46.682021Z","level":"info","event":"Formatting title: Avengers The (2012)","logger":"root","filename":"new_tropes_dag.py","lineno":66}
{"timestamp":"2025-12-19T10:30:46.682047Z","level":"info","event":"Formatting title: Avp Alien Vs Predator","logger":"root","filename":"new_tropes_dag.py","lineno":66}
{"timestamp":"2025-12-19T10:30:46.682113Z","level":"info","event":"Formatting title: Avventura L (the Adventure)","logger":"root","filename":"new_tropes_dag.py","lineno":66}
{"timestamp":"2025-12-19T10:30:46.682146Z","level":"info","event":"Formatting title: Awakenings","logger":"root","filename":"new_tropes_dag.py","lineno":66}
{"timestamp":"2025-12-19T10:30:46.682174Z","level":"info","event":"Formatting title: Babel","logger":"root","filename":"new_tropes_dag.py","lineno":66}
{"timestamp":"2025-12-19T10:30:46.682201Z","level":"info","event":"Formatting title: Baby Boy","logger":"root","filename":"new_tropes_dag.py","lineno":66}
{"timestamp":"2025-12-19T10:30:46.682227Z","level":"info","event":"Formatting title: Baby Driver","logger":"root","filename":"new_tropes_dag.py","lineno":66}
{"timestamp":"2025-12-19T10:30:46.682256Z","level":"info","event":"Formatting title: Babylon","logger":"root","filename":"new_tropes_dag.py","lineno":66}
{"timestamp":"2025-12-19T10:30:46.682282Z","level":"info","event":"Formatting title: Bachelor Party","logger":"root","filename":"new_tropes_dag.py","lineno":66}
{"timestamp":"2025-12-19T10:30:46.682328Z","level":"info","event":"Formatting title: Bachelor Party The","logger":"root","filename":"new_tropes_dag.py","lineno":66}
{"timestamp":"2025-12-19T10:30:46.682362Z","level":"info","event":"Formatting title: Back To The Future","logger":"root","filename":"new_tropes_dag.py","lineno":66}
{"timestamp":"2025-12-19T10:30:46.682394Z","level":"info","event":"Formatting title: Back To The Future 2 & 3","logger":"root","filename":"new_tropes_dag.py","lineno":66}
{"timestamp":"2025-12-19T10:30:46.682439Z","level":"info","event":"Formatting title: Back Up Plan The","logger":"root","filename":"new_tropes_dag.py","lineno":66}
{"timestamp":"2025-12-19T10:30:46.682466Z","level":"info","event":"Formatting title: Backdraft","logger":"root","filename":"new_tropes_dag.py","lineno":66}
{"timestamp":"2025-12-19T10:30:46.682492Z","level":"info","event":"Formatting title: Bad Boys","logger":"root","filename":"new_tropes_dag.py","lineno":66}
{"timestamp":"2025-12-19T10:30:46.682517Z","level":"info","event":"Formatting title: Bad Boys For Life","logger":"root","filename":"new_tropes_dag.py","lineno":66}
{"timestamp":"2025-12-19T10:30:46.682541Z","level":"info","event":"Formatting title: Bad Country","logger":"root","filename":"new_tropes_dag.py","lineno":66}
{"timestamp":"2025-12-19T10:30:46.682567Z","level":"info","event":"Formatting title: Bad Day At Black Rock","logger":"root","filename":"new_tropes_dag.py","lineno":66}
{"timestamp":"2025-12-19T10:30:46.682592Z","level":"info","event":"Formatting title: Bad Dreams","logger":"root","filename":"new_tropes_dag.py","lineno":66}
{"timestamp":"2025-12-19T10:30:46.682617Z","level":"info","event":"Formatting title: Bad Lieutenant","logger":"root","filename":"new_tropes_dag.py","lineno":66}
{"timestamp":"2025-12-19T10:30:46.682642Z","level":"info","event":"Formatting title: Bad Moms","logger":"root","filename":"new_tropes_dag.py","lineno":66}
{"timestamp":"2025-12-19T10:30:46.682666Z","level":"info","event":"Formatting title: Bad Moon","logger":"root","filename":"new_tropes_dag.py","lineno":66}
{"timestamp":"2025-12-19T10:30:46.682690Z","level":"info","event":"Formatting title: Bad Santa","logger":"root","filename":"new_tropes_dag.py","lineno":66}
{"timestamp":"2025-12-19T10:30:46.682714Z","level":"info","event":"Formatting title: Bad Teacher","logger":"root","filename":"new_tropes_dag.py","lineno":66}
{"timestamp":"2025-12-19T10:30:46.682739Z","level":"info","event":"Formatting title: Bad Times At The El Royale","logger":"root","filename":"new_tropes_dag.py","lineno":66}
{"timestamp":"2025-12-19T10:30:46.682762Z","level":"info","event":"Formatting title: Badlands","logger":"root","filename":"new_tropes_dag.py","lineno":66}
{"timestamp":"2025-12-19T10:30:46.682785Z","level":"info","event":"Formatting title: Bamboozled","logger":"root","filename":"new_tropes_dag.py","lineno":66}
{"timestamp":"2025-12-19T10:30:46.682809Z","level":"info","event":"Formatting title: Barb And Star Go To Vista Del Mar","logger":"root","filename":"new_tropes_dag.py","lineno":66}
{"timestamp":"2025-12-19T10:30:46.682834Z","level":"info","event":"Formatting title: Barbarian","logger":"root","filename":"new_tropes_dag.py","lineno":66}
{"timestamp":"2025-12-19T10:30:46.682859Z","level":"info","event":"Formatting title: Barbershop","logger":"root","filename":"new_tropes_dag.py","lineno":66}
{"timestamp":"2025-12-19T10:30:46.682884Z","level":"info","event":"Formatting title: Barbie","logger":"root","filename":"new_tropes_dag.py","lineno":66}
{"timestamp":"2025-12-19T10:30:46.682930Z","level":"info","event":"Formatting title: Barry Lyndon","logger":"root","filename":"new_tropes_dag.py","lineno":66}
{"timestamp":"2025-12-19T10:30:46.682965Z","level":"info","event":"Formatting title: Barton Fink","logger":"root","filename":"new_tropes_dag.py","lineno":66}
{"timestamp":"2025-12-19T10:30:46.683008Z","level":"info","event":"Formatting title: Basic","logger":"root","filename":"new_tropes_dag.py","lineno":66}
{"timestamp":"2025-12-19T10:30:46.683043Z","level":"info","event":"Formatting title: Basic Instinct","logger":"root","filename":"new_tropes_dag.py","lineno":66}
{"timestamp":"2025-12-19T10:30:46.683073Z","level":"info","event":"Formatting title: Basic Instinct 2","logger":"root","filename":"new_tropes_dag.py","lineno":66}
{"timestamp":"2025-12-19T10:30:46.683102Z","level":"info","event":"Formatting title: Basket Case","logger":"root","filename":"new_tropes_dag.py","lineno":66}
{"timestamp":"2025-12-19T10:30:46.683129Z","level":"info","event":"Formatting title: Basquiat","logger":"root","filename":"new_tropes_dag.py","lineno":66}
{"timestamp":"2025-12-19T10:30:46.683155Z","level":"info","event":"Formatting title: Batman","logger":"root","filename":"new_tropes_dag.py","lineno":66}
{"timestamp":"2025-12-19T10:30:46.683188Z","level":"info","event":"Formatting title: Batman & Robin","logger":"root","filename":"new_tropes_dag.py","lineno":66}
{"timestamp":"2025-12-19T10:30:46.683213Z","level":"info","event":"Formatting title: Batman 2","logger":"root","filename":"new_tropes_dag.py","lineno":66}
{"timestamp":"2025-12-19T10:30:46.683238Z","level":"info","event":"Formatting title: Batman And Robin","logger":"root","filename":"new_tropes_dag.py","lineno":66}
{"timestamp":"2025-12-19T10:30:46.683264Z","level":"info","event":"Formatting title: Batman Begins","logger":"root","filename":"new_tropes_dag.py","lineno":66}
{"timestamp":"2025-12-19T10:30:46.683291Z","level":"info","event":"Formatting title: Batman Forever","logger":"root","filename":"new_tropes_dag.py","lineno":66}
{"timestamp":"2025-12-19T10:30:46.683317Z","level":"info","event":"Formatting title: Batman Mask Of The Phantasm","logger":"root","filename":"new_tropes_dag.py","lineno":66}
{"timestamp":"2025-12-19T10:30:46.683343Z","level":"info","event":"Formatting title: Batman Returns","logger":"root","filename":"new_tropes_dag.py","lineno":66}
{"timestamp":"2025-12-19T10:30:46.683367Z","level":"info","event":"Formatting title: Battle Los Angeles","logger":"root","filename":"new_tropes_dag.py","lineno":66}
{"timestamp":"2025-12-19T10:30:46.683392Z","level":"info","event":"Formatting title: Battle Of Algiers The","logger":"root","filename":"new_tropes_dag.py","lineno":66}
{"timestamp":"2025-12-19T10:30:46.683417Z","level":"info","event":"Formatting title: Battle Of Shaker Heights The","logger":"root","filename":"new_tropes_dag.py","lineno":66}
{"timestamp":"2025-12-19T10:30:46.683442Z","level":"info","event":"Formatting title: Battle Of The Sexes","logger":"root","filename":"new_tropes_dag.py","lineno":66}
{"timestamp":"2025-12-19T10:30:46.683467Z","level":"info","event":"Formatting title: Battlefield Earth","logger":"root","filename":"new_tropes_dag.py","lineno":66}
{"timestamp":"2025-12-19T10:30:46.683492Z","level":"info","event":"Formatting title: Baywatch","logger":"root","filename":"new_tropes_dag.py","lineno":66}
{"timestamp":"2025-12-19T10:30:46.683516Z","level":"info","event":"Formatting title: Beach The","logger":"root","filename":"new_tropes_dag.py","lineno":66}
{"timestamp":"2025-12-19T10:30:46.683539Z","level":"info","event":"Formatting title: Bean","logger":"root","filename":"new_tropes_dag.py","lineno":66}
{"timestamp":"2025-12-19T10:30:46.683589Z","level":"info","event":"Formatting title: Beasts Of No Nation","logger":"root","filename":"new_tropes_dag.py","lineno":66}
{"timestamp":"2025-12-19T10:30:46.683624Z","level":"info","event":"Formatting title: Beasts Of The Southern Wild","logger":"root","filename":"new_tropes_dag.py","lineno":66}
{"timestamp":"2025-12-19T10:30:46.683652Z","level":"info","event":"Formatting title: Beau Is Afraid","logger":"root","filename":"new_tropes_dag.py","lineno":66}
{"timestamp":"2025-12-19T10:30:46.683680Z","level":"info","event":"Formatting title: Beautiful Boy","logger":"root","filename":"new_tropes_dag.py","lineno":66}
{"timestamp":"2025-12-19T10:30:46.683704Z","level":"info","event":"Formatting title: Beauty And The Beast","logger":"root","filename":"new_tropes_dag.py","lineno":66}
{"timestamp":"2025-12-19T10:30:46.683730Z","level":"info","event":"Formatting title: Beavis And Butt Head Do America","logger":"root","filename":"new_tropes_dag.py","lineno":66}
{"timestamp":"2025-12-19T10:30:46.683754Z","level":"info","event":"Formatting title: Beekeeper The","logger":"root","filename":"new_tropes_dag.py","lineno":66}
{"timestamp":"2025-12-19T10:30:46.683779Z","level":"info","event":"Formatting title: Beetlejuice","logger":"root","filename":"new_tropes_dag.py","lineno":66}
{"timestamp":"2025-12-19T10:30:46.683804Z","level":"info","event":"Formatting title: Before Midnight","logger":"root","filename":"new_tropes_dag.py","lineno":66}
{"timestamp":"2025-12-19T10:30:46.683828Z","level":"info","event":"Formatting title: Beginners","logger":"root","filename":"new_tropes_dag.py","lineno":66}
{"timestamp":"2025-12-19T10:30:46.683851Z","level":"info","event":"Formatting title: Being Human","logger":"root","filename":"new_tropes_dag.py","lineno":66}
{"timestamp":"2025-12-19T10:30:46.683875Z","level":"info","event":"Formatting title: Being John Malkovich","logger":"root","filename":"new_tropes_dag.py","lineno":66}
{"timestamp":"2025-12-19T10:30:46.683899Z","level":"info","event":"Formatting title: Being The Ricardos","logger":"root","filename":"new_tropes_dag.py","lineno":66}
{"timestamp":"2025-12-19T10:30:46.683923Z","level":"info","event":"Formatting title: Being There","logger":"root","filename":"new_tropes_dag.py","lineno":66}
{"timestamp":"2025-12-19T10:30:46.683947Z","level":"info","event":"Formatting title: Belfast","logger":"root","filename":"new_tropes_dag.py","lineno":66}
{"timestamp":"2025-12-19T10:30:46.683971Z","level":"info","event":"Formatting title: Believer The","logger":"root","filename":"new_tropes_dag.py","lineno":66}
{"timestamp":"2025-12-19T10:30:46.683996Z","level":"info","event":"Formatting title: Belle","logger":"root","filename":"new_tropes_dag.py","lineno":66}
{"timestamp":"2025-12-19T10:30:46.684021Z","level":"info","event":"Formatting title: Beloved","logger":"root","filename":"new_tropes_dag.py","lineno":66}
{"timestamp":"2025-12-19T10:30:46.684045Z","level":"info","event":"Formatting title: Benny & Joon","logger":"root","filename":"new_tropes_dag.py","lineno":66}
{"timestamp":"2025-12-19T10:30:46.684068Z","level":"info","event":"Formatting title: Best Exotic Marigold Hotel The","logger":"root","filename":"new_tropes_dag.py","lineno":66}
{"timestamp":"2025-12-19T10:30:46.684092Z","level":"info","event":"Formatting title: Better Man","logger":"root","filename":"new_tropes_dag.py","lineno":66}
{"timestamp":"2025-12-19T10:30:46.684116Z","level":"info","event":"Formatting title: Beverly Hills Cop","logger":"root","filename":"new_tropes_dag.py","lineno":66}
{"timestamp":"2025-12-19T10:30:46.684139Z","level":"info","event":"Formatting title: Big","logger":"root","filename":"new_tropes_dag.py","lineno":66}
{"timestamp":"2025-12-19T10:30:46.684163Z","level":"info","event":"Formatting title: Big Blue The","logger":"root","filename":"new_tropes_dag.py","lineno":66}
{"timestamp":"2025-12-19T10:30:46.684187Z","level":"info","event":"Formatting title: Big Eyes","logger":"root","filename":"new_tropes_dag.py","lineno":66}
{"timestamp":"2025-12-19T10:30:46.684212Z","level":"info","event":"Formatting title: Big Fish","logger":"root","filename":"new_tropes_dag.py","lineno":66}
{"timestamp":"2025-12-19T10:30:46.684240Z","level":"info","event":"Formatting title: Big Lebowski The","logger":"root","filename":"new_tropes_dag.py","lineno":66}
{"timestamp":"2025-12-19T10:30:46.745291Z","level":"info","event":"Formatting title: Big Sick The","logger":"root","filename":"new_tropes_dag.py","lineno":66}
{"timestamp":"2025-12-19T10:30:46.745398Z","level":"info","event":"Formatting title: Big Time Adolescence","logger":"root","filename":"new_tropes_dag.py","lineno":66}
{"timestamp":"2025-12-19T10:30:46.745460Z","level":"info","event":"Formatting title: Big Trouble In Little China","logger":"root","filename":"new_tropes_dag.py","lineno":66}
{"timestamp":"2025-12-19T10:30:46.745500Z","level":"info","event":"Formatting title: Big White The","logger":"root","filename":"new_tropes_dag.py","lineno":66}
{"timestamp":"2025-12-19T10:30:46.745531Z","level":"info","event":"Formatting title: Bill & Ted Face The Music","logger":"root","filename":"new_tropes_dag.py","lineno":66}
{"timestamp":"2025-12-19T10:30:46.745573Z","level":"info","event":"Formatting title: Bill And Teds Bogus Journey","logger":"root","filename":"new_tropes_dag.py","lineno":66}
{"timestamp":"2025-12-19T10:30:46.745612Z","level":"info","event":"Formatting title: Bill And Teds Excellent Adventure","logger":"root","filename":"new_tropes_dag.py","lineno":66}
{"timestamp":"2025-12-19T10:30:46.745641Z","level":"info","event":"Formatting title: Bird Box","logger":"root","filename":"new_tropes_dag.py","lineno":66}
{"timestamp":"2025-12-19T10:30:46.745669Z","level":"info","event":"Formatting title: Birdman","logger":"root","filename":"new_tropes_dag.py","lineno":66}
{"timestamp":"2025-12-19T10:30:46.745695Z","level":"info","event":"Formatting title: Birds The","logger":"root","filename":"new_tropes_dag.py","lineno":66}
{"timestamp":"2025-12-19T10:30:46.745721Z","level":"info","event":"Formatting title: Birthday Girl","logger":"root","filename":"new_tropes_dag.py","lineno":66}
{"timestamp":"2025-12-19T10:30:46.745770Z","level":"info","event":"Formatting title: Black Christmas","logger":"root","filename":"new_tropes_dag.py","lineno":66}
{"timestamp":"2025-12-19T10:30:46.745801Z","level":"info","event":"Formatting title: Black Dahlia The","logger":"root","filename":"new_tropes_dag.py","lineno":66}
{"timestamp":"2025-12-19T10:30:46.745830Z","level":"info","event":"Formatting title: Black Panther","logger":"root","filename":"new_tropes_dag.py","lineno":66}
{"timestamp":"2025-12-19T10:30:46.745857Z","level":"info","event":"Formatting title: Black Panther Wakanda Forever","logger":"root","filename":"new_tropes_dag.py","lineno":66}
{"timestamp":"2025-12-19T10:30:46.745883Z","level":"info","event":"Formatting title: Black Rain","logger":"root","filename":"new_tropes_dag.py","lineno":66}
{"timestamp":"2025-12-19T10:30:46.745910Z","level":"info","event":"Formatting title: Black Snake Moan","logger":"root","filename":"new_tropes_dag.py","lineno":66}
{"timestamp":"2025-12-19T10:30:46.745936Z","level":"info","event":"Formatting title: Black Swan","logger":"root","filename":"new_tropes_dag.py","lineno":66}
{"timestamp":"2025-12-19T10:30:46.745987Z","level":"info","event":"Formatting title: Blackberry","logger":"root","filename":"new_tropes_dag.py","lineno":66}
{"timestamp":"2025-12-19T10:30:46.746018Z","level":"info","event":"Formatting title: Blackkklansman","logger":"root","filename":"new_tropes_dag.py","lineno":66}
{"timestamp":"2025-12-19T10:30:46.746047Z","level":"info","event":"Formatting title: Blade","logger":"root","filename":"new_tropes_dag.py","lineno":66}
{"timestamp":"2025-12-19T10:30:46.746074Z","level":"info","event":"Formatting title: Blade 2","logger":"root","filename":"new_tropes_dag.py","lineno":66}
{"timestamp":"2025-12-19T10:30:46.746103Z","level":"info","event":"Formatting title: Blade Runner","logger":"root","filename":"new_tropes_dag.py","lineno":66}
{"timestamp":"2025-12-19T10:30:46.746132Z","level":"info","event":"Formatting title: Blade Runner 2049","logger":"root","filename":"new_tropes_dag.py","lineno":66}
{"timestamp":"2025-12-19T10:30:46.746174Z","level":"info","event":"Formatting title: Blade Trinity","logger":"root","filename":"new_tropes_dag.py","lineno":66}
{"timestamp":"2025-12-19T10:30:46.746211Z","level":"info","event":"Formatting title: Blades Of Glory","logger":"root","filename":"new_tropes_dag.py","lineno":66}
{"timestamp":"2025-12-19T10:30:46.746241Z","level":"info","event":"Formatting title: Blankman","logger":"root","filename":"new_tropes_dag.py","lineno":66}
{"timestamp":"2025-12-19T10:30:46.746269Z","level":"info","event":"Formatting title: Blast From The Past The","logger":"root","filename":"new_tropes_dag.py","lineno":66}
{"timestamp":"2025-12-19T10:30:46.746295Z","level":"info","event":"Formatting title: Blazing Saddles","logger":"root","filename":"new_tropes_dag.py","lineno":66}
{"timestamp":"2025-12-19T10:30:46.746321Z","level":"info","event":"Formatting title: Blind Side The","logger":"root","filename":"new_tropes_dag.py","lineno":66}
{"timestamp":"2025-12-19T10:30:46.746371Z","level":"info","event":"Formatting title: Blindspotting","logger":"root","filename":"new_tropes_dag.py","lineno":66}
{"timestamp":"2025-12-19T10:30:46.746402Z","level":"info","event":"Formatting title: Bling Ring The","logger":"root","filename":"new_tropes_dag.py","lineno":66}
{"timestamp":"2025-12-19T10:30:46.746431Z","level":"info","event":"Formatting title: Blink Twice","logger":"root","filename":"new_tropes_dag.py","lineno":66}
{"timestamp":"2025-12-19T10:30:46.746458Z","level":"info","event":"Formatting title: Blitz","logger":"root","filename":"new_tropes_dag.py","lineno":66}
{"timestamp":"2025-12-19T10:30:46.746496Z","level":"info","event":"Formatting title: Blonde","logger":"root","filename":"new_tropes_dag.py","lineno":66}
{"timestamp":"2025-12-19T10:30:46.746536Z","level":"info","event":"Formatting title: Blood And Wine","logger":"root","filename":"new_tropes_dag.py","lineno":66}
{"timestamp":"2025-12-19T10:30:46.746566Z","level":"info","event":"Formatting title: Blood Diamond","logger":"root","filename":"new_tropes_dag.py","lineno":66}
{"timestamp":"2025-12-19T10:30:46.746595Z","level":"info","event":"Formatting title: Blood Simple","logger":"root","filename":"new_tropes_dag.py","lineno":66}
{"timestamp":"2025-12-19T10:30:46.746621Z","level":"info","event":"Formatting title: Bloodshot","logger":"root","filename":"new_tropes_dag.py","lineno":66}
{"timestamp":"2025-12-19T10:30:46.746648Z","level":"info","event":"Formatting title: Blow","logger":"root","filename":"new_tropes_dag.py","lineno":66}
{"timestamp":"2025-12-19T10:30:46.746688Z","level":"info","event":"Formatting title: Blue Jasmine","logger":"root","filename":"new_tropes_dag.py","lineno":66}
{"timestamp":"2025-12-19T10:30:46.746728Z","level":"info","event":"Formatting title: Blue Ruin","logger":"root","filename":"new_tropes_dag.py","lineno":66}
{"timestamp":"2025-12-19T10:30:46.746758Z","level":"info","event":"Formatting title: Blue Valentine","logger":"root","filename":"new_tropes_dag.py","lineno":66}
{"timestamp":"2025-12-19T10:30:46.746786Z","level":"info","event":"Formatting title: Blue Velvet","logger":"root","filename":"new_tropes_dag.py","lineno":66}
{"timestamp":"2025-12-19T10:30:46.746814Z","level":"info","event":"Formatting title: Blues Brothers The","logger":"root","filename":"new_tropes_dag.py","lineno":66}
{"timestamp":"2025-12-19T10:30:46.746840Z","level":"info","event":"Formatting title: Bodies Rest & Motion","logger":"root","filename":"new_tropes_dag.py","lineno":66}
{"timestamp":"2025-12-19T10:30:46.746893Z","level":"info","event":"Formatting title: Body Heat","logger":"root","filename":"new_tropes_dag.py","lineno":66}
{"timestamp":"2025-12-19T10:30:46.746934Z","level":"info","event":"Formatting title: Body Of Evidence","logger":"root","filename":"new_tropes_dag.py","lineno":66}
{"timestamp":"2025-12-19T10:30:46.746964Z","level":"info","event":"Formatting title: Bodyguard","logger":"root","filename":"new_tropes_dag.py","lineno":66}
{"timestamp":"2025-12-19T10:30:46.746992Z","level":"info","event":"Formatting title: Bohemian Rhapsody","logger":"root","filename":"new_tropes_dag.py","lineno":66}
{"timestamp":"2025-12-19T10:30:46.747031Z","level":"info","event":"Formatting title: Bones","logger":"root","filename":"new_tropes_dag.py","lineno":66}
{"timestamp":"2025-12-19T10:30:46.747073Z","level":"info","event":"Formatting title: Bones And All","logger":"root","filename":"new_tropes_dag.py","lineno":66}
{"timestamp":"2025-12-19T10:30:46.747104Z","level":"info","event":"Formatting title: Bonfire Of The Vanities","logger":"root","filename":"new_tropes_dag.py","lineno":66}
{"timestamp":"2025-12-19T10:30:46.747132Z","level":"info","event":"Formatting title: Bonnie And Clyde","logger":"root","filename":"new_tropes_dag.py","lineno":66}
{"timestamp":"2025-12-19T10:30:46.747233Z","level":"info","event":"Formatting title: Boogie Nights","logger":"root","filename":"new_tropes_dag.py","lineno":66}
{"timestamp":"2025-12-19T10:30:46.747270Z","level":"info","event":"Formatting title: Book Of Eli The","logger":"root","filename":"new_tropes_dag.py","lineno":66}
{"timestamp":"2025-12-19T10:30:46.747300Z","level":"info","event":"Formatting title: Booksmart","logger":"root","filename":"new_tropes_dag.py","lineno":66}
{"timestamp":"2025-12-19T10:30:46.747328Z","level":"info","event":"Formatting title: Bookworm","logger":"root","filename":"new_tropes_dag.py","lineno":66}
{"timestamp":"2025-12-19T10:30:46.747357Z","level":"info","event":"Formatting title: Boomerang","logger":"root","filename":"new_tropes_dag.py","lineno":66}
{"timestamp":"2025-12-19T10:30:46.747388Z","level":"info","event":"Formatting title: Boondock Saints 2 All Saints Day","logger":"root","filename":"new_tropes_dag.py","lineno":66}
{"timestamp":"2025-12-19T10:30:46.747418Z","level":"info","event":"Formatting title: Boondock Saints The","logger":"root","filename":"new_tropes_dag.py","lineno":66}
{"timestamp":"2025-12-19T10:30:46.747446Z","level":"info","event":"Formatting title: Booty Call","logger":"root","filename":"new_tropes_dag.py","lineno":66}
{"timestamp":"2025-12-19T10:30:46.747500Z","level":"info","event":"Formatting title: Borat Subsequent Moviefilm","logger":"root","filename":"new_tropes_dag.py","lineno":66}
{"timestamp":"2025-12-19T10:30:46.747532Z","level":"info","event":"Formatting title: Born On The Fourth Of July","logger":"root","filename":"new_tropes_dag.py","lineno":66}
{"timestamp":"2025-12-19T10:30:46.747562Z","level":"info","event":"Formatting title: Bottle Rocket","logger":"root","filename":"new_tropes_dag.py","lineno":66}
{"timestamp":"2025-12-19T10:30:46.747592Z","level":"info","event":"Formatting title: Bottoms","logger":"root","filename":"new_tropes_dag.py","lineno":66}
{"timestamp":"2025-12-19T10:30:46.747619Z","level":"info","event":"Formatting title: Bound","logger":"root","filename":"new_tropes_dag.py","lineno":66}
{"timestamp":"2025-12-19T10:30:46.747666Z","level":"info","event":"Formatting title: Bounty Hunter The","logger":"root","filename":"new_tropes_dag.py","lineno":66}
{"timestamp":"2025-12-19T10:30:46.747703Z","level":"info","event":"Formatting title: Bourne Identity The","logger":"root","filename":"new_tropes_dag.py","lineno":66}
{"timestamp":"2025-12-19T10:30:46.747733Z","level":"info","event":"Formatting title: Bourne Supremacy The","logger":"root","filename":"new_tropes_dag.py","lineno":66}
{"timestamp":"2025-12-19T10:30:46.747761Z","level":"info","event":"Formatting title: Bourne Ultimatum The","logger":"root","filename":"new_tropes_dag.py","lineno":66}
{"timestamp":"2025-12-19T10:30:46.747788Z","level":"info","event":"Formatting title: Bowfinger","logger":"root","filename":"new_tropes_dag.py","lineno":66}
{"timestamp":"2025-12-19T10:30:46.747814Z","level":"info","event":"Formatting title: Box The","logger":"root","filename":"new_tropes_dag.py","lineno":66}
{"timestamp":"2025-12-19T10:30:46.747842Z","level":"info","event":"Formatting title: Boxtrolls The","logger":"root","filename":"new_tropes_dag.py","lineno":66}
{"timestamp":"2025-12-19T10:30:46.747869Z","level":"info","event":"Formatting title: Boy Erased","logger":"root","filename":"new_tropes_dag.py","lineno":66}
{"timestamp":"2025-12-19T10:30:46.747895Z","level":"info","event":"Formatting title: Boyhood","logger":"root","filename":"new_tropes_dag.py","lineno":66}
{"timestamp":"2025-12-19T10:30:46.747922Z","level":"info","event":"Formatting title: Boyz In The Hood","logger":"root","filename":"new_tropes_dag.py","lineno":66}
{"timestamp":"2025-12-19T10:30:46.747951Z","level":"info","event":"Formatting title: Brads Status","logger":"root","filename":"new_tropes_dag.py","lineno":66}
{"timestamp":"2025-12-19T10:30:46.747977Z","level":"info","event":"Formatting title: Bram Stokers Dracula","logger":"root","filename":"new_tropes_dag.py","lineno":66}
{"timestamp":"2025-12-19T10:30:46.748003Z","level":"info","event":"Formatting title: Braveheart","logger":"root","filename":"new_tropes_dag.py","lineno":66}
{"timestamp":"2025-12-19T10:30:46.748028Z","level":"info","event":"Formatting title: Brazil","logger":"root","filename":"new_tropes_dag.py","lineno":66}
{"timestamp":"2025-12-19T10:30:46.748059Z","level":"info","event":"Formatting title: Breach","logger":"root","filename":"new_tropes_dag.py","lineno":66}
{"timestamp":"2025-12-19T10:30:46.748085Z","level":"info","event":"Formatting title: Break","logger":"root","filename":"new_tropes_dag.py","lineno":66}
{"timestamp":"2025-12-19T10:30:46.748113Z","level":"info","event":"Formatting title: Breakdown","logger":"root","filename":"new_tropes_dag.py","lineno":66}
{"timestamp":"2025-12-19T10:30:46.748143Z","level":"info","event":"Formatting title: Breakfast Club The","logger":"root","filename":"new_tropes_dag.py","lineno":66}
{"timestamp":"2025-12-19T10:30:46.748175Z","level":"info","event":"Formatting title: Breaking Away","logger":"root","filename":"new_tropes_dag.py","lineno":66}
{"timestamp":"2025-12-19T10:30:46.748224Z","level":"info","event":"Formatting title: Breathe","logger":"root","filename":"new_tropes_dag.py","lineno":66}
{"timestamp":"2025-12-19T10:30:46.748256Z","level":"info","event":"Formatting title: Brick","logger":"root","filename":"new_tropes_dag.py","lineno":66}
{"timestamp":"2025-12-19T10:30:46.748498Z","level":"info","event":"Formatting title: Bride Of Chucky","logger":"root","filename":"new_tropes_dag.py","lineno":66}
{"timestamp":"2025-12-19T10:30:46.748544Z","level":"info","event":"Formatting title: Bridesmaids","logger":"root","filename":"new_tropes_dag.py","lineno":66}
{"timestamp":"2025-12-19T10:30:46.748591Z","level":"info","event":"Formatting title: Bridge Of Spies","logger":"root","filename":"new_tropes_dag.py","lineno":66}
{"timestamp":"2025-12-19T10:30:46.748631Z","level":"info","event":"Formatting title: Bridget Jones Diary","logger":"root","filename":"new_tropes_dag.py","lineno":66}
{"timestamp":"2025-12-19T10:30:46.748662Z","level":"info","event":"Formatting title: Bridget Joness Baby","logger":"root","filename":"new_tropes_dag.py","lineno":66}
{"timestamp":"2025-12-19T10:30:46.748689Z","level":"info","event":"Formatting title: Bright","logger":"root","filename":"new_tropes_dag.py","lineno":66}
{"timestamp":"2025-12-19T10:30:46.748718Z","level":"info","event":"Formatting title: Brightburn","logger":"root","filename":"new_tropes_dag.py","lineno":66}
{"timestamp":"2025-12-19T10:30:46.748745Z","level":"info","event":"Formatting title: Bringing Out The Dead","logger":"root","filename":"new_tropes_dag.py","lineno":66}
{"timestamp":"2025-12-19T10:30:46.748770Z","level":"info","event":"Formatting title: Broadcast News","logger":"root","filename":"new_tropes_dag.py","lineno":66}
{"timestamp":"2025-12-19T10:30:46.748819Z","level":"info","event":"Formatting title: Brokeback Mountain","logger":"root","filename":"new_tropes_dag.py","lineno":66}
{"timestamp":"2025-12-19T10:30:46.748850Z","level":"info","event":"Formatting title: Broken Arrow","logger":"root","filename":"new_tropes_dag.py","lineno":66}
{"timestamp":"2025-12-19T10:30:46.748878Z","level":"info","event":"Formatting title: Broken Embraces","logger":"root","filename":"new_tropes_dag.py","lineno":66}
{"timestamp":"2025-12-19T10:30:46.748926Z","level":"info","event":"Formatting title: Brooklyn","logger":"root","filename":"new_tropes_dag.py","lineno":66}
{"timestamp":"2025-12-19T10:30:46.748960Z","level":"info","event":"Formatting title: Brothers Bloom The","logger":"root","filename":"new_tropes_dag.py","lineno":66}
{"timestamp":"2025-12-19T10:30:46.748988Z","level":"info","event":"Formatting title: Bruce Almighty","logger":"root","filename":"new_tropes_dag.py","lineno":66}
{"timestamp":"2025-12-19T10:30:46.749031Z","level":"info","event":"Formatting title: Brutalist The","logger":"root","filename":"new_tropes_dag.py","lineno":66}
{"timestamp":"2025-12-19T10:30:46.749068Z","level":"info","event":"Formatting title: Buffy The Vampire Slayer","logger":"root","filename":"new_tropes_dag.py","lineno":66}
{"timestamp":"2025-12-19T10:30:46.749098Z","level":"info","event":"Formatting title: Bull Durham","logger":"root","filename":"new_tropes_dag.py","lineno":66}
{"timestamp":"2025-12-19T10:30:46.749125Z","level":"info","event":"Formatting title: Buried","logger":"root","filename":"new_tropes_dag.py","lineno":66}
{"timestamp":"2025-12-19T10:30:46.749152Z","level":"info","event":"Formatting title: Burlesque","logger":"root","filename":"new_tropes_dag.py","lineno":66}
{"timestamp":"2025-12-19T10:30:46.749178Z","level":"info","event":"Formatting title: Burn After Reading","logger":"root","filename":"new_tropes_dag.py","lineno":66}
{"timestamp":"2025-12-19T10:30:46.749202Z","level":"info","event":"Formatting title: Burning Annie","logger":"root","filename":"new_tropes_dag.py","lineno":66}
{"timestamp":"2025-12-19T10:30:46.749229Z","level":"info","event":"Formatting title: Burnt","logger":"root","filename":"new_tropes_dag.py","lineno":66}
{"timestamp":"2025-12-19T10:30:46.749277Z","level":"info","event":"Formatting title: Butch Cassidy And The Sundance Kid","logger":"root","filename":"new_tropes_dag.py","lineno":66}
{"timestamp":"2025-12-19T10:30:46.749310Z","level":"info","event":"Formatting title: Butterfly Effect The","logger":"root","filename":"new_tropes_dag.py","lineno":66}
{"timestamp":"2025-12-19T10:30:46.749338Z","level":"info","event":"Formatting title: Cable Guy","logger":"root","filename":"new_tropes_dag.py","lineno":66}
{"timestamp":"2025-12-19T10:30:46.749364Z","level":"info","event":"Formatting title: Caddyshack","logger":"root","filename":"new_tropes_dag.py","lineno":66}
{"timestamp":"2025-12-19T10:30:46.749391Z","level":"info","event":"Formatting title: Call Me By Your Name","logger":"root","filename":"new_tropes_dag.py","lineno":66}
{"timestamp":"2025-12-19T10:30:46.749433Z","level":"info","event":"Formatting title: Can You Ever Forgive Me","logger":"root","filename":"new_tropes_dag.py","lineno":66}
{"timestamp":"2025-12-19T10:30:46.749469Z","level":"info","event":"Formatting title: Candle To Water","logger":"root","filename":"new_tropes_dag.py","lineno":66}
{"timestamp":"2025-12-19T10:30:46.749496Z","level":"info","event":"Formatting title: Candyman","logger":"root","filename":"new_tropes_dag.py","lineno":66}
{"timestamp":"2025-12-19T10:30:46.749523Z","level":"info","event":"Formatting title: Candyman","logger":"root","filename":"new_tropes_dag.py","lineno":66}
{"timestamp":"2025-12-19T10:30:46.749548Z","level":"info","event":"Formatting title: Cape Fear","logger":"root","filename":"new_tropes_dag.py","lineno":66}
{"timestamp":"2025-12-19T10:30:46.749781Z","level":"info","event":"Formatting title: Capharnaum","logger":"root","filename":"new_tropes_dag.py","lineno":66}
{"timestamp":"2025-12-19T10:30:46.749830Z","level":"info","event":"Formatting title: Capote","logger":"root","filename":"new_tropes_dag.py","lineno":66}
{"timestamp":"2025-12-19T10:30:46.749864Z","level":"info","event":"Formatting title: Captain America The First Avenger","logger":"root","filename":"new_tropes_dag.py","lineno":66}
{"timestamp":"2025-12-19T10:30:46.749893Z","level":"info","event":"Formatting title: Captain Fantastic","logger":"root","filename":"new_tropes_dag.py","lineno":66}
{"timestamp":"2025-12-19T10:30:46.749920Z","level":"info","event":"Formatting title: Car Wash","logger":"root","filename":"new_tropes_dag.py","lineno":66}
{"timestamp":"2025-12-19T10:30:46.749946Z","level":"info","event":"Formatting title: Carlitos Way","logger":"root","filename":"new_tropes_dag.py","lineno":66}
{"timestamp":"2025-12-19T10:30:46.749973Z","level":"info","event":"Formatting title: Carnage","logger":"root","filename":"new_tropes_dag.py","lineno":66}
{"timestamp":"2025-12-19T10:30:46.750001Z","level":"info","event":"Formatting title: Carol","logger":"root","filename":"new_tropes_dag.py","lineno":66}
{"timestamp":"2025-12-19T10:30:46.750027Z","level":"info","event":"Formatting title: Carrie","logger":"root","filename":"new_tropes_dag.py","lineno":66}
{"timestamp":"2025-12-19T10:30:46.750052Z","level":"info","event":"Formatting title: Cars 2","logger":"root","filename":"new_tropes_dag.py","lineno":66}
{"timestamp":"2025-12-19T10:30:46.750077Z","level":"info","event":"Formatting title: Casablanca","logger":"root","filename":"new_tropes_dag.py","lineno":66}
{"timestamp":"2025-12-19T10:30:46.750103Z","level":"info","event":"Formatting title: Case 39","logger":"root","filename":"new_tropes_dag.py","lineno":66}
{"timestamp":"2025-12-19T10:30:46.750129Z","level":"info","event":"Formatting title: Casino","logger":"root","filename":"new_tropes_dag.py","lineno":66}
{"timestamp":"2025-12-19T10:30:46.750153Z","level":"info","event":"Formatting title: Casino Royale","logger":"root","filename":"new_tropes_dag.py","lineno":66}
{"timestamp":"2025-12-19T10:30:46.750177Z","level":"info","event":"Formatting title: Casper","logger":"root","filename":"new_tropes_dag.py","lineno":66}
{"timestamp":"2025-12-19T10:30:46.750201Z","level":"info","event":"Formatting title: Cassandro","logger":"root","filename":"new_tropes_dag.py","lineno":66}
{"timestamp":"2025-12-19T10:30:46.750226Z","level":"info","event":"Formatting title: Cast Away","logger":"root","filename":"new_tropes_dag.py","lineno":66}
{"timestamp":"2025-12-19T10:30:46.750250Z","level":"info","event":"Formatting title: Catch Me If You Can","logger":"root","filename":"new_tropes_dag.py","lineno":66}
{"timestamp":"2025-12-19T10:30:46.750274Z","level":"info","event":"Formatting title: Catherine Called Birdy","logger":"root","filename":"new_tropes_dag.py","lineno":66}
{"timestamp":"2025-12-19T10:30:46.750300Z","level":"info","event":"Formatting title: Catwoman","logger":"root","filename":"new_tropes_dag.py","lineno":66}
{"timestamp":"2025-12-19T10:30:46.750325Z","level":"info","event":"Formatting title: Cb4","logger":"root","filename":"new_tropes_dag.py","lineno":66}
{"timestamp":"2025-12-19T10:30:46.750350Z","level":"info","event":"Formatting title: Cecil B Demented","logger":"root","filename":"new_tropes_dag.py","lineno":66}
{"timestamp":"2025-12-19T10:30:46.750374Z","level":"info","event":"Formatting title: Cedar Rapids","logger":"root","filename":"new_tropes_dag.py","lineno":66}
{"timestamp":"2025-12-19T10:30:46.750399Z","level":"info","event":"Formatting title: Celeste & Jesse Forever","logger":"root","filename":"new_tropes_dag.py","lineno":66}
{"timestamp":"2025-12-19T10:30:46.750422Z","level":"info","event":"Formatting title: Cell The","logger":"root","filename":"new_tropes_dag.py","lineno":66}
{"timestamp":"2025-12-19T10:30:46.750447Z","level":"info","event":"Formatting title: Cellular","logger":"root","filename":"new_tropes_dag.py","lineno":66}
{"timestamp":"2025-12-19T10:30:46.750471Z","level":"info","event":"Formatting title: Challengers","logger":"root","filename":"new_tropes_dag.py","lineno":66}
{"timestamp":"2025-12-19T10:30:46.750498Z","level":"info","event":"Formatting title: Change Up The","logger":"root","filename":"new_tropes_dag.py","lineno":66}
{"timestamp":"2025-12-19T10:30:46.750524Z","level":"info","event":"Formatting title: Changeling","logger":"root","filename":"new_tropes_dag.py","lineno":66}
{"timestamp":"2025-12-19T10:30:46.750549Z","level":"info","event":"Formatting title: Chaos","logger":"root","filename":"new_tropes_dag.py","lineno":66}
{"timestamp":"2025-12-19T10:30:46.750574Z","level":"info","event":"Formatting title: Chaplin","logger":"root","filename":"new_tropes_dag.py","lineno":66}
{"timestamp":"2025-12-19T10:30:46.750599Z","level":"info","event":"Formatting title: Charade","logger":"root","filename":"new_tropes_dag.py","lineno":66}
{"timestamp":"2025-12-19T10:30:46.750624Z","level":"info","event":"Formatting title: Chariots Of Fire","logger":"root","filename":"new_tropes_dag.py","lineno":66}
{"timestamp":"2025-12-19T10:30:46.750648Z","level":"info","event":"Formatting title: Charlie And The Chocolate Factory","logger":"root","filename":"new_tropes_dag.py","lineno":66}
{"timestamp":"2025-12-19T10:30:46.750696Z","level":"info","event":"Formatting title: Charlie Bartlett","logger":"root","filename":"new_tropes_dag.py","lineno":66}
{"timestamp":"2025-12-19T10:30:46.750731Z","level":"info","event":"Formatting title: Charlie Wilsons War","logger":"root","filename":"new_tropes_dag.py","lineno":66}
{"timestamp":"2025-12-19T10:30:46.750760Z","level":"info","event":"Formatting title: Charlies Angels","logger":"root","filename":"new_tropes_dag.py","lineno":66}
{"timestamp":"2025-12-19T10:30:46.750787Z","level":"info","event":"Formatting title: Chasing Amy","logger":"root","filename":"new_tropes_dag.py","lineno":66}
{"timestamp":"2025-12-19T10:30:46.750815Z","level":"info","event":"Formatting title: Chasing Sleep","logger":"root","filename":"new_tropes_dag.py","lineno":66}
{"timestamp":"2025-12-19T10:30:46.750842Z","level":"info","event":"Formatting title: Chef","logger":"root","filename":"new_tropes_dag.py","lineno":66}
{"timestamp":"2025-12-19T10:30:46.750868Z","level":"info","event":"Formatting title: Cherry","logger":"root","filename":"new_tropes_dag.py","lineno":66}
{"timestamp":"2025-12-19T10:30:46.750894Z","level":"info","event":"Formatting title: Cherry Falls","logger":"root","filename":"new_tropes_dag.py","lineno":66}
{"timestamp":"2025-12-19T10:30:46.750919Z","level":"info","event":"Formatting title: Children Of Men","logger":"root","filename":"new_tropes_dag.py","lineno":66}
{"timestamp":"2025-12-19T10:30:46.750945Z","level":"info","event":"Formatting title: Childs Play","logger":"root","filename":"new_tropes_dag.py","lineno":66}
{"timestamp":"2025-12-19T10:30:46.750971Z","level":"info","event":"Formatting title: Chinatown","logger":"root","filename":"new_tropes_dag.py","lineno":66}
{"timestamp":"2025-12-19T10:30:46.750996Z","level":"info","event":"Formatting title: Christ Complex","logger":"root","filename":"new_tropes_dag.py","lineno":66}
{"timestamp":"2025-12-19T10:30:46.751022Z","level":"info","event":"Formatting title: Christine","logger":"root","filename":"new_tropes_dag.py","lineno":66}
{"timestamp":"2025-12-19T10:30:46.751048Z","level":"info","event":"Formatting title: Christmas At Pee Wees Playhouse","logger":"root","filename":"new_tropes_dag.py","lineno":66}
{"timestamp":"2025-12-19T10:30:46.751073Z","level":"info","event":"Formatting title: Chronicle","logger":"root","filename":"new_tropes_dag.py","lineno":66}
{"timestamp":"2025-12-19T10:30:46.751097Z","level":"info","event":"Formatting title: Chronicles Of Narnia The Lion The Witch And The Wardrobe","logger":"root","filename":"new_tropes_dag.py","lineno":66}
{"timestamp":"2025-12-19T10:30:46.751123Z","level":"info","event":"Formatting title: Cider House Rules The","logger":"root","filename":"new_tropes_dag.py","lineno":66}
{"timestamp":"2025-12-19T10:30:46.751148Z","level":"info","event":"Formatting title: Cincinnati Kid The","logger":"root","filename":"new_tropes_dag.py","lineno":66}
{"timestamp":"2025-12-19T10:30:46.751174Z","level":"info","event":"Formatting title: Cinderella Man","logger":"root","filename":"new_tropes_dag.py","lineno":66}
{"timestamp":"2025-12-19T10:30:46.751198Z","level":"info","event":"Formatting title: Cinema Paradiso","logger":"root","filename":"new_tropes_dag.py","lineno":66}
{"timestamp":"2025-12-19T10:30:46.751231Z","level":"info","event":"Formatting title: Cirque Du Freak The Vampires Assistant","logger":"root","filename":"new_tropes_dag.py","lineno":66}
{"timestamp":"2025-12-19T10:30:46.751257Z","level":"info","event":"Formatting title: Citizen Kane","logger":"root","filename":"new_tropes_dag.py","lineno":66}
{"timestamp":"2025-12-19T10:30:46.751283Z","level":"info","event":"Formatting title: City Of Joy","logger":"root","filename":"new_tropes_dag.py","lineno":66}
{"timestamp":"2025-12-19T10:30:46.751308Z","level":"info","event":"Formatting title: Clash Of The Titans","logger":"root","filename":"new_tropes_dag.py","lineno":66}
{"timestamp":"2025-12-19T10:30:46.751332Z","level":"info","event":"Formatting title: Clear And Present Danger","logger":"root","filename":"new_tropes_dag.py","lineno":66}
{"timestamp":"2025-12-19T10:30:46.751379Z","level":"info","event":"Formatting title: Clerks","logger":"root","filename":"new_tropes_dag.py","lineno":66}
{"timestamp":"2025-12-19T10:30:46.751414Z","level":"info","event":"Formatting title: Clerks 2","logger":"root","filename":"new_tropes_dag.py","lineno":66}
{"timestamp":"2025-12-19T10:30:46.751443Z","level":"info","event":"Formatting title: Cliffhanger","logger":"root","filename":"new_tropes_dag.py","lineno":66}
{"timestamp":"2025-12-19T10:30:46.751470Z","level":"info","event":"Formatting title: Clockers","logger":"root","filename":"new_tropes_dag.py","lineno":66}
{"timestamp":"2025-12-19T10:30:46.751497Z","level":"info","event":"Formatting title: Clockwork Orange A","logger":"root","filename":"new_tropes_dag.py","lineno":66}
{"timestamp":"2025-12-19T10:30:46.751522Z","level":"info","event":"Formatting title: Close Encounters Of The Third Kind","logger":"root","filename":"new_tropes_dag.py","lineno":66}
{"timestamp":"2025-12-19T10:30:46.751548Z","level":"info","event":"Formatting title: Cloud Atlas","logger":"root","filename":"new_tropes_dag.py","lineno":66}
{"timestamp":"2025-12-19T10:30:46.751572Z","level":"info","event":"Formatting title: Cloverfield","logger":"root","filename":"new_tropes_dag.py","lineno":66}
{"timestamp":"2025-12-19T10:30:46.751597Z","level":"info","event":"Formatting title: Clue","logger":"root","filename":"new_tropes_dag.py","lineno":66}
{"timestamp":"2025-12-19T10:30:46.751622Z","level":"info","event":"Formatting title: Clueless","logger":"root","filename":"new_tropes_dag.py","lineno":66}
{"timestamp":"2025-12-19T10:30:46.751646Z","level":"info","event":"Formatting title: Cmon Cmon","logger":"root","filename":"new_tropes_dag.py","lineno":66}
{"timestamp":"2025-12-19T10:30:46.751670Z","level":"info","event":"Formatting title: Cobb","logger":"root","filename":"new_tropes_dag.py","lineno":66}
{"timestamp":"2025-12-19T10:30:46.751694Z","level":"info","event":"Formatting title: Coco","logger":"root","filename":"new_tropes_dag.py","lineno":66}
{"timestamp":"2025-12-19T10:30:46.751719Z","level":"info","event":"Formatting title: Cocoon","logger":"root","filename":"new_tropes_dag.py","lineno":66}
{"timestamp":"2025-12-19T10:30:46.751747Z","level":"info","event":"Formatting title: Coda","logger":"root","filename":"new_tropes_dag.py","lineno":66}
{"timestamp":"2025-12-19T10:30:46.751771Z","level":"info","event":"Formatting title: Code Of Silence","logger":"root","filename":"new_tropes_dag.py","lineno":66}
{"timestamp":"2025-12-19T10:30:46.751795Z","level":"info","event":"Formatting title: Cold Mountain","logger":"root","filename":"new_tropes_dag.py","lineno":66}
{"timestamp":"2025-12-19T10:30:46.751820Z","level":"info","event":"Formatting title: Colette","logger":"root","filename":"new_tropes_dag.py","lineno":66}
{"timestamp":"2025-12-19T10:30:46.751845Z","level":"info","event":"Formatting title: Collateral","logger":"root","filename":"new_tropes_dag.py","lineno":66}
{"timestamp":"2025-12-19T10:30:46.751869Z","level":"info","event":"Formatting title: Collateral Damage","logger":"root","filename":"new_tropes_dag.py","lineno":66}
{"timestamp":"2025-12-19T10:30:46.751914Z","level":"info","event":"Formatting title: Colombiana","logger":"root","filename":"new_tropes_dag.py","lineno":66}
{"timestamp":"2025-12-19T10:30:46.751940Z","level":"info","event":"Formatting title: Color Of Night","logger":"root","filename":"new_tropes_dag.py","lineno":66}
{"timestamp":"2025-12-19T10:30:46.751965Z","level":"info","event":"Formatting title: Color Purple The","logger":"root","filename":"new_tropes_dag.py","lineno":66}
{"timestamp":"2025-12-19T10:30:46.751990Z","level":"info","event":"Formatting title: Come To Daddy","logger":"root","filename":"new_tropes_dag.py","lineno":66}
{"timestamp":"2025-12-19T10:30:46.752016Z","level":"info","event":"Formatting title: Coming Home","logger":"root","filename":"new_tropes_dag.py","lineno":66}
{"timestamp":"2025-12-19T10:30:46.752041Z","level":"info","event":"Formatting title: Coming To America","logger":"root","filename":"new_tropes_dag.py","lineno":66}
{"timestamp":"2025-12-19T10:30:46.752065Z","level":"info","event":"Formatting title: Commando","logger":"root","filename":"new_tropes_dag.py","lineno":66}
{"timestamp":"2025-12-19T10:30:46.752090Z","level":"info","event":"Formatting title: Con Air","logger":"root","filename":"new_tropes_dag.py","lineno":66}
{"timestamp":"2025-12-19T10:30:46.752114Z","level":"info","event":"Formatting title: Conan The Barbarian","logger":"root","filename":"new_tropes_dag.py","lineno":66}
{"timestamp":"2025-12-19T10:30:46.752139Z","level":"info","event":"Formatting title: Conclave","logger":"root","filename":"new_tropes_dag.py","lineno":66}
{"timestamp":"2025-12-19T10:30:46.752164Z","level":"info","event":"Formatting title: Coneheads","logger":"root","filename":"new_tropes_dag.py","lineno":66}
{"timestamp":"2025-12-19T10:30:46.752188Z","level":"info","event":"Formatting title: Confessions Of A Dangerous Mind","logger":"root","filename":"new_tropes_dag.py","lineno":66}
{"timestamp":"2025-12-19T10:30:46.752211Z","level":"info","event":"Formatting title: Confidence","logger":"root","filename":"new_tropes_dag.py","lineno":66}
{"timestamp":"2025-12-19T10:30:46.752235Z","level":"info","event":"Formatting title: Constantine","logger":"root","filename":"new_tropes_dag.py","lineno":66}
{"timestamp":"2025-12-19T10:30:46.752259Z","level":"info","event":"Formatting title: Contact","logger":"root","filename":"new_tropes_dag.py","lineno":66}
{"timestamp":"2025-12-19T10:30:46.752341Z","level":"info","event":"Formatting title: Contagion","logger":"root","filename":"new_tropes_dag.py","lineno":66}
{"timestamp":"2025-12-19T10:30:46.752374Z","level":"info","event":"Formatting title: Cool Hand Luke","logger":"root","filename":"new_tropes_dag.py","lineno":66}
{"timestamp":"2025-12-19T10:30:46.752401Z","level":"info","event":"Formatting title: Cool Runnings","logger":"root","filename":"new_tropes_dag.py","lineno":66}
{"timestamp":"2025-12-19T10:30:46.752430Z","level":"info","event":"Formatting title: Cooler The","logger":"root","filename":"new_tropes_dag.py","lineno":66}
{"timestamp":"2025-12-19T10:30:46.752456Z","level":"info","event":"Formatting title: Copycat","logger":"root","filename":"new_tropes_dag.py","lineno":66}
{"timestamp":"2025-12-19T10:30:46.752482Z","level":"info","event":"Formatting title: Coraline","logger":"root","filename":"new_tropes_dag.py","lineno":66}
{"timestamp":"2025-12-19T10:30:46.752508Z","level":"info","event":"Formatting title: Coriolanus","logger":"root","filename":"new_tropes_dag.py","lineno":66}
{"timestamp":"2025-12-19T10:30:46.752532Z","level":"info","event":"Formatting title: Corpse Bride","logger":"root","filename":"new_tropes_dag.py","lineno":66}
{"timestamp":"2025-12-19T10:30:46.752558Z","level":"info","event":"Formatting title: Courage Under Fire","logger":"root","filename":"new_tropes_dag.py","lineno":66}
{"timestamp":"2025-12-19T10:30:46.752583Z","level":"info","event":"Formatting title: Cowboys & Aliens","logger":"root","filename":"new_tropes_dag.py","lineno":66}
{"timestamp":"2025-12-19T10:30:46.752609Z","level":"info","event":"Formatting title: Cradle 2 The Grave","logger":"root","filename":"new_tropes_dag.py","lineno":66}
{"timestamp":"2025-12-19T10:30:46.752683Z","level":"info","event":"Formatting title: Crank","logger":"root","filename":"new_tropes_dag.py","lineno":66}
{"timestamp":"2025-12-19T10:30:46.752719Z","level":"info","event":"Formatting title: Crash","logger":"root","filename":"new_tropes_dag.py","lineno":66}
{"timestamp":"2025-12-19T10:30:46.752748Z","level":"info","event":"Formatting title: Crawl","logger":"root","filename":"new_tropes_dag.py","lineno":66}
{"timestamp":"2025-12-19T10:30:46.752775Z","level":"info","event":"Formatting title: Crazy Rich Asians","logger":"root","filename":"new_tropes_dag.py","lineno":66}
{"timestamp":"2025-12-19T10:30:46.752802Z","level":"info","event":"Formatting title: Crazy Stupid Love","logger":"root","filename":"new_tropes_dag.py","lineno":66}
{"timestamp":"2025-12-19T10:30:46.752828Z","level":"info","event":"Formatting title: Crazylove","logger":"root","filename":"new_tropes_dag.py","lineno":66}
{"timestamp":"2025-12-19T10:30:46.752854Z","level":"info","event":"Formatting title: Creation","logger":"root","filename":"new_tropes_dag.py","lineno":66}
{"timestamp":"2025-12-19T10:30:46.752879Z","level":"info","event":"Formatting title: Creed","logger":"root","filename":"new_tropes_dag.py","lineno":66}
{"timestamp":"2025-12-19T10:30:46.752903Z","level":"info","event":"Formatting title: Creed 2","logger":"root","filename":"new_tropes_dag.py","lineno":66}
{"timestamp":"2025-12-19T10:30:46.752929Z","level":"info","event":"Formatting title: Creed 3","logger":"root","filename":"new_tropes_dag.py","lineno":66}
{"timestamp":"2025-12-19T10:30:46.752955Z","level":"info","event":"Formatting title: Crime Spree","logger":"root","filename":"new_tropes_dag.py","lineno":66}
{"timestamp":"2025-12-19T10:30:46.752982Z","level":"info","event":"Formatting title: Crimson Peak","logger":"root","filename":"new_tropes_dag.py","lineno":66}
{"timestamp":"2025-12-19T10:30:46.753014Z","level":"info","event":"Formatting title: Critters","logger":"root","filename":"new_tropes_dag.py","lineno":66}
{"timestamp":"2025-12-19T10:30:46.753039Z","level":"info","event":"Formatting title: Croods The","logger":"root","filename":"new_tropes_dag.py","lineno":66}
{"timestamp":"2025-12-19T10:30:46.753067Z","level":"info","event":"Formatting title: Crouching Tiger Hidden Dragon","logger":"root","filename":"new_tropes_dag.py","lineno":66}
{"timestamp":"2025-12-19T10:30:46.753094Z","level":"info","event":"Formatting title: Croupier","logger":"root","filename":"new_tropes_dag.py","lineno":66}
{"timestamp":"2025-12-19T10:30:46.753120Z","level":"info","event":"Formatting title: Crow City Of Angels The","logger":"root","filename":"new_tropes_dag.py","lineno":66}
{"timestamp":"2025-12-19T10:30:46.753144Z","level":"info","event":"Formatting title: Crow Salvation The","logger":"root","filename":"new_tropes_dag.py","lineno":66}
{"timestamp":"2025-12-19T10:30:46.753169Z","level":"info","event":"Formatting title: Crow The","logger":"root","filename":"new_tropes_dag.py","lineno":66}
{"timestamp":"2025-12-19T10:30:46.753193Z","level":"info","event":"Formatting title: Cruel Intentions","logger":"root","filename":"new_tropes_dag.py","lineno":66}
{"timestamp":"2025-12-19T10:30:46.753216Z","level":"info","event":"Formatting title: Crying Game","logger":"root","filename":"new_tropes_dag.py","lineno":66}
{"timestamp":"2025-12-19T10:30:46.753241Z","level":"info","event":"Formatting title: Cube","logger":"root","filename":"new_tropes_dag.py","lineno":66}
{"timestamp":"2025-12-19T10:30:46.753266Z","level":"info","event":"Formatting title: Curious Case Of Benjamin Button The","logger":"root","filename":"new_tropes_dag.py","lineno":66}
{"timestamp":"2025-12-19T10:30:46.753291Z","level":"info","event":"Formatting title: Curly Sue","logger":"root","filename":"new_tropes_dag.py","lineno":66}
{"timestamp":"2025-12-19T10:30:46.753318Z","level":"info","event":"Formatting title: Custody","logger":"root","filename":"new_tropes_dag.py","lineno":66}
{"timestamp":"2025-12-19T10:30:46.753343Z","level":"info","event":"Formatting title: Cyrano","logger":"root","filename":"new_tropes_dag.py","lineno":66}
{"timestamp":"2025-12-19T10:30:46.753408Z","level":"info","event":"Formatting title: D2 The Mighty Ducks","logger":"root","filename":"new_tropes_dag.py","lineno":66}
{"timestamp":"2025-12-19T10:30:46.753438Z","level":"info","event":"Formatting title: D3 The Mighty Ducks","logger":"root","filename":"new_tropes_dag.py","lineno":66}
{"timestamp":"2025-12-19T10:30:46.797634Z","level":"info","event":"Formatting title: Da 5 Bloods","logger":"root","filename":"new_tropes_dag.py","lineno":66}
{"timestamp":"2025-12-19T10:30:46.797750Z","level":"info","event":"Formatting title: Dallas Buyers Club","logger":"root","filename":"new_tropes_dag.py","lineno":66}
{"timestamp":"2025-12-19T10:30:46.797788Z","level":"info","event":"Formatting title: Damned United The","logger":"root","filename":"new_tropes_dag.py","lineno":66}
{"timestamp":"2025-12-19T10:30:46.797818Z","level":"info","event":"Formatting title: Dances With Wolves","logger":"root","filename":"new_tropes_dag.py","lineno":66}
{"timestamp":"2025-12-19T10:30:46.797849Z","level":"info","event":"Formatting title: Danish Girl The","logger":"root","filename":"new_tropes_dag.py","lineno":66}
{"timestamp":"2025-12-19T10:30:46.797876Z","level":"info","event":"Formatting title: Daredevil","logger":"root","filename":"new_tropes_dag.py","lineno":66}
{"timestamp":"2025-12-19T10:30:46.797903Z","level":"info","event":"Formatting title: Dark City","logger":"root","filename":"new_tropes_dag.py","lineno":66}
{"timestamp":"2025-12-19T10:30:46.797929Z","level":"info","event":"Formatting title: Dark Knight Rises The","logger":"root","filename":"new_tropes_dag.py","lineno":66}
{"timestamp":"2025-12-19T10:30:46.797954Z","level":"info","event":"Formatting title: Dark Knight The","logger":"root","filename":"new_tropes_dag.py","lineno":66}
{"timestamp":"2025-12-19T10:30:46.797979Z","level":"info","event":"Formatting title: Dark Star","logger":"root","filename":"new_tropes_dag.py","lineno":66}
{"timestamp":"2025-12-19T10:30:46.798004Z","level":"info","event":"Formatting title: Darker Than Amber","logger":"root","filename":"new_tropes_dag.py","lineno":66}
{"timestamp":"2025-12-19T10:30:46.798029Z","level":"info","event":"Formatting title: Darkest Hour","logger":"root","filename":"new_tropes_dag.py","lineno":66}
{"timestamp":"2025-12-19T10:30:46.798054Z","level":"info","event":"Formatting title: Darkman","logger":"root","filename":"new_tropes_dag.py","lineno":66}
{"timestamp":"2025-12-19T10:30:46.798079Z","level":"info","event":"Formatting title: Date Night","logger":"root","filename":"new_tropes_dag.py","lineno":66}
{"timestamp":"2025-12-19T10:30:46.798105Z","level":"info","event":"Formatting title: Dave Barrys Complete Guide To Guys","logger":"root","filename":"new_tropes_dag.py","lineno":66}
{"timestamp":"2025-12-19T10:30:46.798131Z","level":"info","event":"Formatting title: Dawn Of The Dead","logger":"root","filename":"new_tropes_dag.py","lineno":66}
{"timestamp":"2025-12-19T10:30:46.798168Z","level":"info","event":"Formatting title: Dawn Of The Planet Of The Apes","logger":"root","filename":"new_tropes_dag.py","lineno":66}
{"timestamp":"2025-12-19T10:30:46.798194Z","level":"info","event":"Formatting title: Day Of The Dead","logger":"root","filename":"new_tropes_dag.py","lineno":66}
{"timestamp":"2025-12-19T10:30:46.798220Z","level":"info","event":"Formatting title: Day The Clown Cried The","logger":"root","filename":"new_tropes_dag.py","lineno":66}
{"timestamp":"2025-12-19T10:30:46.798247Z","level":"info","event":"Formatting title: Day The Earth Stood Still The","logger":"root","filename":"new_tropes_dag.py","lineno":66}
{"timestamp":"2025-12-19T10:30:46.798271Z","level":"info","event":"Formatting title: Days Of Heaven","logger":"root","filename":"new_tropes_dag.py","lineno":66}
{"timestamp":"2025-12-19T10:30:46.798458Z","level":"info","event":"Formatting title: Dazed And Confused","logger":"root","filename":"new_tropes_dag.py","lineno":66}
{"timestamp":"2025-12-19T10:30:46.798520Z","level":"info","event":"Formatting title: Dead Poets Society","logger":"root","filename":"new_tropes_dag.py","lineno":66}
{"timestamp":"2025-12-19T10:30:46.798556Z","level":"info","event":"Formatting title: Deadpool","logger":"root","filename":"new_tropes_dag.py","lineno":66}
{"timestamp":"2025-12-19T10:30:46.798587Z","level":"info","event":"Formatting title: Deadpool & Wolverine","logger":"root","filename":"new_tropes_dag.py","lineno":66}
{"timestamp":"2025-12-19T10:30:46.798628Z","level":"info","event":"Formatting title: Dear White People","logger":"root","filename":"new_tropes_dag.py","lineno":66}
{"timestamp":"2025-12-19T10:30:46.798779Z","level":"info","event":"Formatting title: Death At A Funeral","logger":"root","filename":"new_tropes_dag.py","lineno":66}
{"timestamp":"2025-12-19T10:30:46.798824Z","level":"info","event":"Formatting title: Death Becomes Her","logger":"root","filename":"new_tropes_dag.py","lineno":66}
{"timestamp":"2025-12-19T10:30:46.798870Z","level":"info","event":"Formatting title: Death Note","logger":"root","filename":"new_tropes_dag.py","lineno":66}
{"timestamp":"2025-12-19T10:30:46.798908Z","level":"info","event":"Formatting title: Death Proof","logger":"root","filename":"new_tropes_dag.py","lineno":66}
{"timestamp":"2025-12-19T10:30:46.798937Z","level":"info","event":"Formatting title: Death To Smoochy","logger":"root","filename":"new_tropes_dag.py","lineno":66}
{"timestamp":"2025-12-19T10:30:46.798964Z","level":"info","event":"Formatting title: Debt The","logger":"root","filename":"new_tropes_dag.py","lineno":66}
{"timestamp":"2025-12-19T10:30:46.798991Z","level":"info","event":"Formatting title: Deception","logger":"root","filename":"new_tropes_dag.py","lineno":66}
{"timestamp":"2025-12-19T10:30:46.799038Z","level":"info","event":"Formatting title: Deep Cover","logger":"root","filename":"new_tropes_dag.py","lineno":66}
{"timestamp":"2025-12-19T10:30:46.799072Z","level":"info","event":"Formatting title: Deep Rising","logger":"root","filename":"new_tropes_dag.py","lineno":66}
{"timestamp":"2025-12-19T10:30:46.799100Z","level":"info","event":"Formatting title: Deep Star Six","logger":"root","filename":"new_tropes_dag.py","lineno":66}
{"timestamp":"2025-12-19T10:30:46.799143Z","level":"info","event":"Formatting title: Deer Hunter The","logger":"root","filename":"new_tropes_dag.py","lineno":66}
{"timestamp":"2025-12-19T10:30:46.799184Z","level":"info","event":"Formatting title: Defiance","logger":"root","filename":"new_tropes_dag.py","lineno":66}
{"timestamp":"2025-12-19T10:30:46.799216Z","level":"info","event":"Formatting title: Demolition Man","logger":"root","filename":"new_tropes_dag.py","lineno":66}
{"timestamp":"2025-12-19T10:30:46.799244Z","level":"info","event":"Formatting title: Den Of Thieves","logger":"root","filename":"new_tropes_dag.py","lineno":66}
{"timestamp":"2025-12-19T10:30:46.799284Z","level":"info","event":"Formatting title: Denial","logger":"root","filename":"new_tropes_dag.py","lineno":66}
{"timestamp":"2025-12-19T10:30:46.799322Z","level":"info","event":"Formatting title: Departed The","logger":"root","filename":"new_tropes_dag.py","lineno":66}
{"timestamp":"2025-12-19T10:30:46.799352Z","level":"info","event":"Formatting title: Descendants The","logger":"root","filename":"new_tropes_dag.py","lineno":66}
{"timestamp":"2025-12-19T10:30:46.799381Z","level":"info","event":"Formatting title: Despicable Me 2","logger":"root","filename":"new_tropes_dag.py","lineno":66}
{"timestamp":"2025-12-19T10:30:46.799407Z","level":"info","event":"Formatting title: Destroyer","logger":"root","filename":"new_tropes_dag.py","lineno":66}
{"timestamp":"2025-12-19T10:30:46.799433Z","level":"info","event":"Formatting title: Detroit Rock City","logger":"root","filename":"new_tropes_dag.py","lineno":66}
{"timestamp":"2025-12-19T10:30:46.799459Z","level":"info","event":"Formatting title: Devil In A Blue Dress","logger":"root","filename":"new_tropes_dag.py","lineno":66}
{"timestamp":"2025-12-19T10:30:46.799498Z","level":"info","event":"Formatting title: Devil Wears Prada The","logger":"root","filename":"new_tropes_dag.py","lineno":66}
{"timestamp":"2025-12-19T10:30:46.799536Z","level":"info","event":"Formatting title: Devils Advocate","logger":"root","filename":"new_tropes_dag.py","lineno":66}
{"timestamp":"2025-12-19T10:30:46.799565Z","level":"info","event":"Formatting title: Die Hard","logger":"root","filename":"new_tropes_dag.py","lineno":66}
{"timestamp":"2025-12-19T10:30:46.799592Z","level":"info","event":"Formatting title: Die Hard 2","logger":"root","filename":"new_tropes_dag.py","lineno":66}
{"timestamp":"2025-12-19T10:30:46.799619Z","level":"info","event":"Formatting title: Die Hard With A Vengeance","logger":"root","filename":"new_tropes_dag.py","lineno":66}
{"timestamp":"2025-12-19T10:30:46.799663Z","level":"info","event":"Formatting title: Diner","logger":"root","filename":"new_tropes_dag.py","lineno":66}
{"timestamp":"2025-12-19T10:30:46.799695Z","level":"info","event":"Formatting title: Dinner For Schmucks","logger":"root","filename":"new_tropes_dag.py","lineno":66}
{"timestamp":"2025-12-19T10:30:46.799724Z","level":"info","event":"Formatting title: Dirty Girl","logger":"root","filename":"new_tropes_dag.py","lineno":66}
{"timestamp":"2025-12-19T10:30:46.799751Z","level":"info","event":"Formatting title: Dirty Harry","logger":"root","filename":"new_tropes_dag.py","lineno":66}
{"timestamp":"2025-12-19T10:30:46.799776Z","level":"info","event":"Formatting title: Disclosure","logger":"root","filename":"new_tropes_dag.py","lineno":66}
{"timestamp":"2025-12-19T10:30:46.799801Z","level":"info","event":"Formatting title: Disobedience","logger":"root","filename":"new_tropes_dag.py","lineno":66}
{"timestamp":"2025-12-19T10:30:46.799826Z","level":"info","event":"Formatting title: Disorderlies","logger":"root","filename":"new_tropes_dag.py","lineno":66}
{"timestamp":"2025-12-19T10:30:46.799876Z","level":"info","event":"Formatting title: Distinguished Gentleman The","logger":"root","filename":"new_tropes_dag.py","lineno":66}
{"timestamp":"2025-12-19T10:30:46.799907Z","level":"info","event":"Formatting title: Disturbia","logger":"root","filename":"new_tropes_dag.py","lineno":66}
{"timestamp":"2025-12-19T10:30:46.799951Z","level":"info","event":"Formatting title: Django Unchained","logger":"root","filename":"new_tropes_dag.py","lineno":66}
{"timestamp":"2025-12-19T10:30:46.800001Z","level":"info","event":"Formatting title: Do The Right Thing","logger":"root","filename":"new_tropes_dag.py","lineno":66}
{"timestamp":"2025-12-19T10:30:46.800041Z","level":"info","event":"Formatting title: Doctor Sleep","logger":"root","filename":"new_tropes_dag.py","lineno":66}
{"timestamp":"2025-12-19T10:30:46.800070Z","level":"info","event":"Formatting title: Doctor Zhivago","logger":"root","filename":"new_tropes_dag.py","lineno":66}
{"timestamp":"2025-12-19T10:30:46.800098Z","level":"info","event":"Formatting title: Dog Day Afternoon","logger":"root","filename":"new_tropes_dag.py","lineno":66}
{"timestamp":"2025-12-19T10:30:46.800126Z","level":"info","event":"Formatting title: Dogma","logger":"root","filename":"new_tropes_dag.py","lineno":66}
{"timestamp":"2025-12-19T10:30:46.800166Z","level":"info","event":"Formatting title: Dolemite Is My Name","logger":"root","filename":"new_tropes_dag.py","lineno":66}
{"timestamp":"2025-12-19T10:30:46.800203Z","level":"info","event":"Formatting title: Dominion","logger":"root","filename":"new_tropes_dag.py","lineno":66}
{"timestamp":"2025-12-19T10:30:46.800232Z","level":"info","event":"Formatting title: Donnie Brasco","logger":"root","filename":"new_tropes_dag.py","lineno":66}
{"timestamp":"2025-12-19T10:30:46.800260Z","level":"info","event":"Formatting title: Donnie Darko","logger":"root","filename":"new_tropes_dag.py","lineno":66}
{"timestamp":"2025-12-19T10:30:46.800327Z","level":"info","event":"Formatting title: Dont Look Now","logger":"root","filename":"new_tropes_dag.py","lineno":66}
{"timestamp":"2025-12-19T10:30:46.800373Z","level":"info","event":"Formatting title: Dont Look Up","logger":"root","filename":"new_tropes_dag.py","lineno":66}
{"timestamp":"2025-12-19T10:30:46.800413Z","level":"info","event":"Formatting title: Dont Worry Darling","logger":"root","filename":"new_tropes_dag.py","lineno":66}
{"timestamp":"2025-12-19T10:30:46.800444Z","level":"info","event":"Formatting title: Doom","logger":"root","filename":"new_tropes_dag.py","lineno":66}
{"timestamp":"2025-12-19T10:30:46.800472Z","level":"info","event":"Formatting title: Doors The","logger":"root","filename":"new_tropes_dag.py","lineno":66}
{"timestamp":"2025-12-19T10:30:46.800513Z","level":"info","event":"Formatting title: Dope","logger":"root","filename":"new_tropes_dag.py","lineno":66}
{"timestamp":"2025-12-19T10:30:46.800551Z","level":"info","event":"Formatting title: Double Indemnity","logger":"root","filename":"new_tropes_dag.py","lineno":66}
{"timestamp":"2025-12-19T10:30:46.800580Z","level":"info","event":"Formatting title: Doubt","logger":"root","filename":"new_tropes_dag.py","lineno":66}
{"timestamp":"2025-12-19T10:30:46.800608Z","level":"info","event":"Formatting title: Downhill","logger":"root","filename":"new_tropes_dag.py","lineno":66}
{"timestamp":"2025-12-19T10:30:46.800635Z","level":"info","event":"Formatting title: Downsizing","logger":"root","filename":"new_tropes_dag.py","lineno":66}
{"timestamp":"2025-12-19T10:30:46.800662Z","level":"info","event":"Formatting title: Downton Abbey","logger":"root","filename":"new_tropes_dag.py","lineno":66}
{"timestamp":"2025-12-19T10:30:46.800688Z","level":"info","event":"Formatting title: Dr Horribles Sing Along Blog","logger":"root","filename":"new_tropes_dag.py","lineno":66}
{"timestamp":"2025-12-19T10:30:46.800714Z","level":"info","event":"Formatting title: Dr No","logger":"root","filename":"new_tropes_dag.py","lineno":66}
{"timestamp":"2025-12-19T10:30:46.800754Z","level":"info","event":"Formatting title: Dr Strangelove Or How I Learned To Stop Worrying And Love The Bomb","logger":"root","filename":"new_tropes_dag.py","lineno":66}
{"timestamp":"2025-12-19T10:30:46.800796Z","level":"info","event":"Formatting title: Drag Me To Hell","logger":"root","filename":"new_tropes_dag.py","lineno":66}
{"timestamp":"2025-12-19T10:30:46.800826Z","level":"info","event":"Formatting title: Dragonheart","logger":"root","filename":"new_tropes_dag.py","lineno":66}
{"timestamp":"2025-12-19T10:30:46.800854Z","level":"info","event":"Formatting title: Dragonslayer","logger":"root","filename":"new_tropes_dag.py","lineno":66}
{"timestamp":"2025-12-19T10:30:46.800880Z","level":"info","event":"Formatting title: Dream Scenario","logger":"root","filename":"new_tropes_dag.py","lineno":66}
{"timestamp":"2025-12-19T10:30:46.800907Z","level":"info","event":"Formatting title: Dredd","logger":"root","filename":"new_tropes_dag.py","lineno":66}
{"timestamp":"2025-12-19T10:30:46.800933Z","level":"info","event":"Formatting title: Dressed To Kill","logger":"root","filename":"new_tropes_dag.py","lineno":66}
{"timestamp":"2025-12-19T10:30:46.800978Z","level":"info","event":"Formatting title: Drive","logger":"root","filename":"new_tropes_dag.py","lineno":66}
{"timestamp":"2025-12-19T10:30:46.801012Z","level":"info","event":"Formatting title: Drive Angry","logger":"root","filename":"new_tropes_dag.py","lineno":66}
{"timestamp":"2025-12-19T10:30:46.801042Z","level":"info","event":"Formatting title: Driving Miss Daisy","logger":"root","filename":"new_tropes_dag.py","lineno":66}
{"timestamp":"2025-12-19T10:30:46.801068Z","level":"info","event":"Formatting title: Drop Dead Gorgeous","logger":"root","filename":"new_tropes_dag.py","lineno":66}
{"timestamp":"2025-12-19T10:30:46.801094Z","level":"info","event":"Formatting title: Dry White Season A","logger":"root","filename":"new_tropes_dag.py","lineno":66}
{"timestamp":"2025-12-19T10:30:46.801119Z","level":"info","event":"Formatting title: Duck Soup","logger":"root","filename":"new_tropes_dag.py","lineno":66}
{"timestamp":"2025-12-19T10:30:46.801145Z","level":"info","event":"Formatting title: Dumb And Dumber","logger":"root","filename":"new_tropes_dag.py","lineno":66}
{"timestamp":"2025-12-19T10:30:46.801195Z","level":"info","event":"Formatting title: Dumb Money","logger":"root","filename":"new_tropes_dag.py","lineno":66}
{"timestamp":"2025-12-19T10:30:46.801228Z","level":"info","event":"Formatting title: Dune","logger":"root","filename":"new_tropes_dag.py","lineno":66}
{"timestamp":"2025-12-19T10:30:46.801257Z","level":"info","event":"Formatting title: Dune","logger":"root","filename":"new_tropes_dag.py","lineno":66}
{"timestamp":"2025-12-19T10:30:46.801284Z","level":"info","event":"Formatting title: Dune Part One","logger":"root","filename":"new_tropes_dag.py","lineno":66}
{"timestamp":"2025-12-19T10:30:46.801326Z","level":"info","event":"Formatting title: Dunkirk","logger":"root","filename":"new_tropes_dag.py","lineno":66}
{"timestamp":"2025-12-19T10:30:46.801364Z","level":"info","event":"Formatting title: Duplicity","logger":"root","filename":"new_tropes_dag.py","lineno":66}
{"timestamp":"2025-12-19T10:30:46.801393Z","level":"info","event":"Formatting title: Dutch","logger":"root","filename":"new_tropes_dag.py","lineno":66}
{"timestamp":"2025-12-19T10:30:46.801421Z","level":"info","event":"Formatting title: Eagle Eye","logger":"root","filename":"new_tropes_dag.py","lineno":66}
{"timestamp":"2025-12-19T10:30:46.801463Z","level":"info","event":"Formatting title: Eastern Promises","logger":"root","filename":"new_tropes_dag.py","lineno":66}
{"timestamp":"2025-12-19T10:30:46.801501Z","level":"info","event":"Formatting title: Easy A","logger":"root","filename":"new_tropes_dag.py","lineno":66}
{"timestamp":"2025-12-19T10:30:46.801539Z","level":"info","event":"Formatting title: Ed Tv","logger":"root","filename":"new_tropes_dag.py","lineno":66}
{"timestamp":"2025-12-19T10:30:46.801584Z","level":"info","event":"Formatting title: Ed Wood","logger":"root","filename":"new_tropes_dag.py","lineno":66}
{"timestamp":"2025-12-19T10:30:46.801624Z","level":"info","event":"Formatting title: Eddie The Eagle","logger":"root","filename":"new_tropes_dag.py","lineno":66}
{"timestamp":"2025-12-19T10:30:46.801654Z","level":"info","event":"Formatting title: Edge Of Tomorrow","logger":"root","filename":"new_tropes_dag.py","lineno":66}
{"timestamp":"2025-12-19T10:30:46.801683Z","level":"info","event":"Formatting title: Edward Scissorhands","logger":"root","filename":"new_tropes_dag.py","lineno":66}
{"timestamp":"2025-12-19T10:30:46.801710Z","level":"info","event":"Formatting title: Eight Legged Freaks","logger":"root","filename":"new_tropes_dag.py","lineno":66}
{"timestamp":"2025-12-19T10:30:46.801737Z","level":"info","event":"Formatting title: Eighth Grade","logger":"root","filename":"new_tropes_dag.py","lineno":66}
{"timestamp":"2025-12-19T10:30:46.801779Z","level":"info","event":"Formatting title: El Mariachi","logger":"root","filename":"new_tropes_dag.py","lineno":66}
{"timestamp":"2025-12-19T10:30:46.801814Z","level":"info","event":"Formatting title: Election","logger":"root","filename":"new_tropes_dag.py","lineno":66}
{"timestamp":"2025-12-19T10:30:46.801843Z","level":"info","event":"Formatting title: Elemental","logger":"root","filename":"new_tropes_dag.py","lineno":66}
{"timestamp":"2025-12-19T10:30:46.801872Z","level":"info","event":"Formatting title: Elephant Man The","logger":"root","filename":"new_tropes_dag.py","lineno":66}
{"timestamp":"2025-12-19T10:30:46.801899Z","level":"info","event":"Formatting title: Elizabeth The Golden Age","logger":"root","filename":"new_tropes_dag.py","lineno":66}
{"timestamp":"2025-12-19T10:30:46.801926Z","level":"info","event":"Formatting title: Elvis","logger":"root","filename":"new_tropes_dag.py","lineno":66}
{"timestamp":"2025-12-19T10:30:46.801984Z","level":"info","event":"Formatting title: Elysium","logger":"root","filename":"new_tropes_dag.py","lineno":66}
{"timestamp":"2025-12-19T10:30:46.802023Z","level":"info","event":"Formatting title: Emancipation","logger":"root","filename":"new_tropes_dag.py","lineno":66}
{"timestamp":"2025-12-19T10:30:46.802052Z","level":"info","event":"Formatting title: Emergency","logger":"root","filename":"new_tropes_dag.py","lineno":66}
{"timestamp":"2025-12-19T10:30:46.802081Z","level":"info","event":"Formatting title: Emilia Pérez","logger":"root","filename":"new_tropes_dag.py","lineno":66}
{"timestamp":"2025-12-19T10:30:46.802111Z","level":"info","event":"Formatting title: Emma","logger":"root","filename":"new_tropes_dag.py","lineno":66}
{"timestamp":"2025-12-19T10:30:46.802138Z","level":"info","event":"Formatting title: Empire Of Light","logger":"root","filename":"new_tropes_dag.py","lineno":66}
{"timestamp":"2025-12-19T10:30:46.802164Z","level":"info","event":"Formatting title: Encanto","logger":"root","filename":"new_tropes_dag.py","lineno":66}
{"timestamp":"2025-12-19T10:30:46.802190Z","level":"info","event":"Formatting title: Encounter","logger":"root","filename":"new_tropes_dag.py","lineno":66}
{"timestamp":"2025-12-19T10:30:46.802216Z","level":"info","event":"Formatting title: End Of Watch","logger":"root","filename":"new_tropes_dag.py","lineno":66}
{"timestamp":"2025-12-19T10:30:46.802257Z","level":"info","event":"Formatting title: Enemy Of The State","logger":"root","filename":"new_tropes_dag.py","lineno":66}
{"timestamp":"2025-12-19T10:30:46.802292Z","level":"info","event":"Formatting title: English Patient The","logger":"root","filename":"new_tropes_dag.py","lineno":66}
{"timestamp":"2025-12-19T10:30:46.802320Z","level":"info","event":"Formatting title: Enough","logger":"root","filename":"new_tropes_dag.py","lineno":66}
{"timestamp":"2025-12-19T10:30:46.802347Z","level":"info","event":"Formatting title: Enough Said","logger":"root","filename":"new_tropes_dag.py","lineno":66}
{"timestamp":"2025-12-19T10:30:46.802372Z","level":"info","event":"Formatting title: Entrapment","logger":"root","filename":"new_tropes_dag.py","lineno":66}
{"timestamp":"2025-12-19T10:30:46.802408Z","level":"info","event":"Formatting title: Equilibrium","logger":"root","filename":"new_tropes_dag.py","lineno":66}
{"timestamp":"2025-12-19T10:30:46.802448Z","level":"info","event":"Formatting title: Equity","logger":"root","filename":"new_tropes_dag.py","lineno":66}
{"timestamp":"2025-12-19T10:30:46.802477Z","level":"info","event":"Formatting title: Eraser","logger":"root","filename":"new_tropes_dag.py","lineno":66}
{"timestamp":"2025-12-19T10:30:46.802504Z","level":"info","event":"Formatting title: Erik The Viking","logger":"root","filename":"new_tropes_dag.py","lineno":66}
{"timestamp":"2025-12-19T10:30:46.802531Z","level":"info","event":"Formatting title: Erin Brockovich","logger":"root","filename":"new_tropes_dag.py","lineno":66}
{"timestamp":"2025-12-19T10:30:46.802567Z","level":"info","event":"Formatting title: Escape From La","logger":"root","filename":"new_tropes_dag.py","lineno":66}
{"timestamp":"2025-12-19T10:30:46.802606Z","level":"info","event":"Formatting title: Escape From New York","logger":"root","filename":"new_tropes_dag.py","lineno":66}
{"timestamp":"2025-12-19T10:30:46.802635Z","level":"info","event":"Formatting title: Et","logger":"root","filename":"new_tropes_dag.py","lineno":66}
{"timestamp":"2025-12-19T10:30:46.802662Z","level":"info","event":"Formatting title: Et The Extra Terrestrial","logger":"root","filename":"new_tropes_dag.py","lineno":66}
{"timestamp":"2025-12-19T10:30:46.802688Z","level":"info","event":"Formatting title: Eternal Sunshine Of The Spotless Mind","logger":"root","filename":"new_tropes_dag.py","lineno":66}
{"timestamp":"2025-12-19T10:30:46.802839Z","level":"info","event":"Formatting title: Even Cowgirls Get The Blues","logger":"root","filename":"new_tropes_dag.py","lineno":66}
{"timestamp":"2025-12-19T10:30:46.802892Z","level":"info","event":"Formatting title: Event Horizon","logger":"root","filename":"new_tropes_dag.py","lineno":66}
{"timestamp":"2025-12-19T10:30:46.802946Z","level":"info","event":"Formatting title: Everything Everywhere All At Once","logger":"root","filename":"new_tropes_dag.py","lineno":66}
{"timestamp":"2025-12-19T10:30:46.803007Z","level":"info","event":"Formatting title: Evil Dead","logger":"root","filename":"new_tropes_dag.py","lineno":66}
{"timestamp":"2025-12-19T10:30:46.803056Z","level":"info","event":"Formatting title: Evil Dead 2","logger":"root","filename":"new_tropes_dag.py","lineno":66}
{"timestamp":"2025-12-19T10:30:46.803091Z","level":"info","event":"Formatting title: Evil Dead 2 Dead By Dawn","logger":"root","filename":"new_tropes_dag.py","lineno":66}
{"timestamp":"2025-12-19T10:30:46.803122Z","level":"info","event":"Formatting title: Evolution","logger":"root","filename":"new_tropes_dag.py","lineno":66}
{"timestamp":"2025-12-19T10:30:46.803178Z","level":"info","event":"Formatting title: Ex Machina","logger":"root","filename":"new_tropes_dag.py","lineno":66}
{"timestamp":"2025-12-19T10:30:46.803212Z","level":"info","event":"Formatting title: Excalibur","logger":"root","filename":"new_tropes_dag.py","lineno":66}
{"timestamp":"2025-12-19T10:30:46.803242Z","level":"info","event":"Formatting title: Executive Decision","logger":"root","filename":"new_tropes_dag.py","lineno":66}
{"timestamp":"2025-12-19T10:30:46.803271Z","level":"info","event":"Formatting title: Existenz","logger":"root","filename":"new_tropes_dag.py","lineno":66}
{"timestamp":"2025-12-19T10:30:46.803302Z","level":"info","event":"Formatting title: Exorcist 2 The Heretic","logger":"root","filename":"new_tropes_dag.py","lineno":66}
{"timestamp":"2025-12-19T10:30:46.803331Z","level":"info","event":"Formatting title: Extract","logger":"root","filename":"new_tropes_dag.py","lineno":66}
{"timestamp":"2025-12-19T10:30:46.803362Z","level":"info","event":"Formatting title: Extremely Wicked Shockingly Evil And Vile","logger":"root","filename":"new_tropes_dag.py","lineno":66}
{"timestamp":"2025-12-19T10:30:46.803393Z","level":"info","event":"Formatting title: Eye In The Sky","logger":"root","filename":"new_tropes_dag.py","lineno":66}
{"timestamp":"2025-12-19T10:30:46.803442Z","level":"info","event":"Formatting title: Eyes Wide Shut","logger":"root","filename":"new_tropes_dag.py","lineno":66}
{"timestamp":"2025-12-19T10:30:46.803485Z","level":"info","event":"Formatting title: Fabulous Baker Boys The","logger":"root","filename":"new_tropes_dag.py","lineno":66}
{"timestamp":"2025-12-19T10:30:46.803517Z","level":"info","event":"Formatting title: Face Off","logger":"root","filename":"new_tropes_dag.py","lineno":66}
{"timestamp":"2025-12-19T10:30:46.803548Z","level":"info","event":"Formatting title: Fair Game","logger":"root","filename":"new_tropes_dag.py","lineno":66}
{"timestamp":"2025-12-19T10:30:46.803577Z","level":"info","event":"Formatting title: Fair Play","logger":"root","filename":"new_tropes_dag.py","lineno":66}
{"timestamp":"2025-12-19T10:30:46.803610Z","level":"info","event":"Formatting title: Fairytale A True Story","logger":"root","filename":"new_tropes_dag.py","lineno":66}
{"timestamp":"2025-12-19T10:30:46.803638Z","level":"info","event":"Formatting title: Family Man The","logger":"root","filename":"new_tropes_dag.py","lineno":66}
{"timestamp":"2025-12-19T10:30:46.803667Z","level":"info","event":"Formatting title: Fanboys","logger":"root","filename":"new_tropes_dag.py","lineno":66}
{"timestamp":"2025-12-19T10:30:46.803699Z","level":"info","event":"Formatting title: Fantastic Beasts And Where To Find Them","logger":"root","filename":"new_tropes_dag.py","lineno":66}
{"timestamp":"2025-12-19T10:30:46.803731Z","level":"info","event":"Formatting title: Fantastic Beasts The Crimes Of Grindelwald","logger":"root","filename":"new_tropes_dag.py","lineno":66}
{"timestamp":"2025-12-19T10:30:46.803769Z","level":"info","event":"Formatting title: Fantastic Beasts The Secrets Of Dumbledore","logger":"root","filename":"new_tropes_dag.py","lineno":66}
{"timestamp":"2025-12-19T10:30:46.803801Z","level":"info","event":"Formatting title: Fantastic Four","logger":"root","filename":"new_tropes_dag.py","lineno":66}
{"timestamp":"2025-12-19T10:30:46.803834Z","level":"info","event":"Formatting title: Fantastic Mr Fox","logger":"root","filename":"new_tropes_dag.py","lineno":66}
{"timestamp":"2025-12-19T10:30:46.803867Z","level":"info","event":"Formatting title: Fargo","logger":"root","filename":"new_tropes_dag.py","lineno":66}
{"timestamp":"2025-12-19T10:30:46.803901Z","level":"info","event":"Formatting title: Fast Color","logger":"root","filename":"new_tropes_dag.py","lineno":66}
{"timestamp":"2025-12-19T10:30:46.803932Z","level":"info","event":"Formatting title: Fast Times At Ridgemont High","logger":"root","filename":"new_tropes_dag.py","lineno":66}
{"timestamp":"2025-12-19T10:30:46.803963Z","level":"info","event":"Formatting title: Fatal Attraction","logger":"root","filename":"new_tropes_dag.py","lineno":66}
{"timestamp":"2025-12-19T10:30:46.803991Z","level":"info","event":"Formatting title: Fatal Instinct","logger":"root","filename":"new_tropes_dag.py","lineno":66}
{"timestamp":"2025-12-19T10:30:46.804020Z","level":"info","event":"Formatting title: Fault In Our Stars The","logger":"root","filename":"new_tropes_dag.py","lineno":66}
{"timestamp":"2025-12-19T10:30:46.804046Z","level":"info","event":"Formatting title: Faults","logger":"root","filename":"new_tropes_dag.py","lineno":66}
{"timestamp":"2025-12-19T10:30:46.804074Z","level":"info","event":"Formatting title: Fear And Loathing In Las Vegas","logger":"root","filename":"new_tropes_dag.py","lineno":66}
{"timestamp":"2025-12-19T10:30:46.804106Z","level":"info","event":"Formatting title: Fear Street Part One 1994","logger":"root","filename":"new_tropes_dag.py","lineno":66}
{"timestamp":"2025-12-19T10:30:46.804138Z","level":"info","event":"Formatting title: Feast","logger":"root","filename":"new_tropes_dag.py","lineno":66}
{"timestamp":"2025-12-19T10:30:46.804165Z","level":"info","event":"Formatting title: Fences","logger":"root","filename":"new_tropes_dag.py","lineno":66}
{"timestamp":"2025-12-19T10:30:46.804190Z","level":"info","event":"Formatting title: Ferrari","logger":"root","filename":"new_tropes_dag.py","lineno":66}
{"timestamp":"2025-12-19T10:30:46.804215Z","level":"info","event":"Formatting title: Ferris Buellers Day Off","logger":"root","filename":"new_tropes_dag.py","lineno":66}
{"timestamp":"2025-12-19T10:30:46.804242Z","level":"info","event":"Formatting title: Field Of Dreams","logger":"root","filename":"new_tropes_dag.py","lineno":66}
{"timestamp":"2025-12-19T10:30:46.804351Z","level":"info","event":"Formatting title: Fifth Element The","logger":"root","filename":"new_tropes_dag.py","lineno":66}
{"timestamp":"2025-12-19T10:30:46.804405Z","level":"info","event":"Formatting title: Fight Club","logger":"root","filename":"new_tropes_dag.py","lineno":66}
{"timestamp":"2025-12-19T10:30:46.804551Z","level":"info","event":"Formatting title: Fighter The","logger":"root","filename":"new_tropes_dag.py","lineno":66}
{"timestamp":"2025-12-19T10:30:46.804621Z","level":"info","event":"Formatting title: Film Stars Dont Die In Liverpool","logger":"root","filename":"new_tropes_dag.py","lineno":66}
{"timestamp":"2025-12-19T10:30:46.804659Z","level":"info","event":"Formatting title: Final Destination","logger":"root","filename":"new_tropes_dag.py","lineno":66}
{"timestamp":"2025-12-19T10:30:46.804691Z","level":"info","event":"Formatting title: Final Destination 2","logger":"root","filename":"new_tropes_dag.py","lineno":66}
{"timestamp":"2025-12-19T10:30:46.804721Z","level":"info","event":"Formatting title: Finding Nemo","logger":"root","filename":"new_tropes_dag.py","lineno":66}
{"timestamp":"2025-12-19T10:30:46.804769Z","level":"info","event":"Formatting title: First Blood","logger":"root","filename":"new_tropes_dag.py","lineno":66}
{"timestamp":"2025-12-19T10:30:46.804805Z","level":"info","event":"Formatting title: First Cow","logger":"root","filename":"new_tropes_dag.py","lineno":66}
{"timestamp":"2025-12-19T10:30:46.804834Z","level":"info","event":"Formatting title: First Man","logger":"root","filename":"new_tropes_dag.py","lineno":66}
{"timestamp":"2025-12-19T10:30:46.804861Z","level":"info","event":"Formatting title: First Reformed","logger":"root","filename":"new_tropes_dag.py","lineno":66}
{"timestamp":"2025-12-19T10:30:46.804896Z","level":"info","event":"Formatting title: First They Killed My Father","logger":"root","filename":"new_tropes_dag.py","lineno":66}
{"timestamp":"2025-12-19T10:30:46.804949Z","level":"info","event":"Formatting title: Five Easy Pieces","logger":"root","filename":"new_tropes_dag.py","lineno":66}
{"timestamp":"2025-12-19T10:30:46.804992Z","level":"info","event":"Formatting title: Flash Gordon","logger":"root","filename":"new_tropes_dag.py","lineno":66}
{"timestamp":"2025-12-19T10:30:46.805023Z","level":"info","event":"Formatting title: Flashdance","logger":"root","filename":"new_tropes_dag.py","lineno":66}
{"timestamp":"2025-12-19T10:30:46.805051Z","level":"info","event":"Formatting title: Flatliners","logger":"root","filename":"new_tropes_dag.py","lineno":66}
{"timestamp":"2025-12-19T10:30:46.805089Z","level":"info","event":"Formatting title: Fletch","logger":"root","filename":"new_tropes_dag.py","lineno":66}
{"timestamp":"2025-12-19T10:30:46.805129Z","level":"info","event":"Formatting title: Flight","logger":"root","filename":"new_tropes_dag.py","lineno":66}
{"timestamp":"2025-12-19T10:30:46.805159Z","level":"info","event":"Formatting title: Flintstones The","logger":"root","filename":"new_tropes_dag.py","lineno":66}
{"timestamp":"2025-12-19T10:30:46.805187Z","level":"info","event":"Formatting title: Flora And Son","logger":"root","filename":"new_tropes_dag.py","lineno":66}
{"timestamp":"2025-12-19T10:30:46.805214Z","level":"info","event":"Formatting title: Focus","logger":"root","filename":"new_tropes_dag.py","lineno":66}
{"timestamp":"2025-12-19T10:30:46.805257Z","level":"info","event":"Formatting title: Foe","logger":"root","filename":"new_tropes_dag.py","lineno":66}
{"timestamp":"2025-12-19T10:30:46.805293Z","level":"info","event":"Formatting title: Following","logger":"root","filename":"new_tropes_dag.py","lineno":66}
{"timestamp":"2025-12-19T10:30:46.805321Z","level":"info","event":"Formatting title: For Your Eyes Only","logger":"root","filename":"new_tropes_dag.py","lineno":66}
{"timestamp":"2025-12-19T10:30:46.805349Z","level":"info","event":"Formatting title: Ford V Ferrari","logger":"root","filename":"new_tropes_dag.py","lineno":66}
{"timestamp":"2025-12-19T10:30:46.805376Z","level":"info","event":"Formatting title: Forrest Gump","logger":"root","filename":"new_tropes_dag.py","lineno":66}
{"timestamp":"2025-12-19T10:30:46.805586Z","level":"info","event":"Formatting title: Four Feathers","logger":"root","filename":"new_tropes_dag.py","lineno":66}
{"timestamp":"2025-12-19T10:30:46.805646Z","level":"info","event":"Formatting title: Four Rooms","logger":"root","filename":"new_tropes_dag.py","lineno":66}
{"timestamp":"2025-12-19T10:30:46.805680Z","level":"info","event":"Formatting title: Four Weddings And A Funeral","logger":"root","filename":"new_tropes_dag.py","lineno":66}
{"timestamp":"2025-12-19T10:30:46.805709Z","level":"info","event":"Formatting title: Foxcatcher","logger":"root","filename":"new_tropes_dag.py","lineno":66}
{"timestamp":"2025-12-19T10:30:46.805736Z","level":"info","event":"Formatting title: Fracture","logger":"root","filename":"new_tropes_dag.py","lineno":66}
{"timestamp":"2025-12-19T10:30:46.805763Z","level":"info","event":"Formatting title: Frailty","logger":"root","filename":"new_tropes_dag.py","lineno":66}
{"timestamp":"2025-12-19T10:30:46.805790Z","level":"info","event":"Formatting title: Frances","logger":"root","filename":"new_tropes_dag.py","lineno":66}
{"timestamp":"2025-12-19T10:30:46.805815Z","level":"info","event":"Formatting title: Frances Ha","logger":"root","filename":"new_tropes_dag.py","lineno":66}
{"timestamp":"2025-12-19T10:30:46.805852Z","level":"info","event":"Formatting title: Frank","logger":"root","filename":"new_tropes_dag.py","lineno":66}
{"timestamp":"2025-12-19T10:30:46.805879Z","level":"info","event":"Formatting title: Frankenstein","logger":"root","filename":"new_tropes_dag.py","lineno":66}
{"timestamp":"2025-12-19T10:30:46.805907Z","level":"info","event":"Formatting title: Frankensteins Army","logger":"root","filename":"new_tropes_dag.py","lineno":66}
{"timestamp":"2025-12-19T10:30:46.805937Z","level":"info","event":"Formatting title: Frankenweenie","logger":"root","filename":"new_tropes_dag.py","lineno":66}
{"timestamp":"2025-12-19T10:30:46.805962Z","level":"info","event":"Formatting title: Frankie","logger":"root","filename":"new_tropes_dag.py","lineno":66}
{"timestamp":"2025-12-19T10:30:46.805988Z","level":"info","event":"Formatting title: Frantic","logger":"root","filename":"new_tropes_dag.py","lineno":66}
{"timestamp":"2025-12-19T10:30:46.806013Z","level":"info","event":"Formatting title: Freaked","logger":"root","filename":"new_tropes_dag.py","lineno":66}
{"timestamp":"2025-12-19T10:30:46.806037Z","level":"info","event":"Formatting title: Fred Claus","logger":"root","filename":"new_tropes_dag.py","lineno":66}
{"timestamp":"2025-12-19T10:30:46.806062Z","level":"info","event":"Formatting title: Freddy Vs Jason","logger":"root","filename":"new_tropes_dag.py","lineno":66}
{"timestamp":"2025-12-19T10:30:46.806086Z","level":"info","event":"Formatting title: Free Fire","logger":"root","filename":"new_tropes_dag.py","lineno":66}
{"timestamp":"2025-12-19T10:30:46.806111Z","level":"info","event":"Formatting title: Free Guy","logger":"root","filename":"new_tropes_dag.py","lineno":66}
{"timestamp":"2025-12-19T10:30:46.806135Z","level":"info","event":"Formatting title: French Connection The","logger":"root","filename":"new_tropes_dag.py","lineno":66}
{"timestamp":"2025-12-19T10:30:46.806160Z","level":"info","event":"Formatting title: Frequency","logger":"root","filename":"new_tropes_dag.py","lineno":66}
{"timestamp":"2025-12-19T10:30:46.806185Z","level":"info","event":"Formatting title: Fresh","logger":"root","filename":"new_tropes_dag.py","lineno":66}
{"timestamp":"2025-12-19T10:30:46.806209Z","level":"info","event":"Formatting title: Freuds Last Session","logger":"root","filename":"new_tropes_dag.py","lineno":66}
{"timestamp":"2025-12-19T10:30:46.806233Z","level":"info","event":"Formatting title: Friday","logger":"root","filename":"new_tropes_dag.py","lineno":66}
{"timestamp":"2025-12-19T10:30:46.806257Z","level":"info","event":"Formatting title: Friday The 13th","logger":"root","filename":"new_tropes_dag.py","lineno":66}
{"timestamp":"2025-12-19T10:30:46.806280Z","level":"info","event":"Formatting title: Friday The 13th Part 6 Jason Lives","logger":"root","filename":"new_tropes_dag.py","lineno":66}
{"timestamp":"2025-12-19T10:30:46.806305Z","level":"info","event":"Formatting title: Friday The 13th Part 8 Jason Takes Manhattan","logger":"root","filename":"new_tropes_dag.py","lineno":66}
{"timestamp":"2025-12-19T10:30:46.806330Z","level":"info","event":"Formatting title: Fright Night","logger":"root","filename":"new_tropes_dag.py","lineno":66}
{"timestamp":"2025-12-19T10:30:46.806354Z","level":"info","event":"Formatting title: Fright Night (1985)","logger":"root","filename":"new_tropes_dag.py","lineno":66}
{"timestamp":"2025-12-19T10:30:46.806378Z","level":"info","event":"Formatting title: From Dusk Till Dawn","logger":"root","filename":"new_tropes_dag.py","lineno":66}
{"timestamp":"2025-12-19T10:30:46.806402Z","level":"info","event":"Formatting title: From Here To Eternity","logger":"root","filename":"new_tropes_dag.py","lineno":66}
{"timestamp":"2025-12-19T10:30:46.806426Z","level":"info","event":"Formatting title: From Russia With Love","logger":"root","filename":"new_tropes_dag.py","lineno":66}
{"timestamp":"2025-12-19T10:30:46.806450Z","level":"info","event":"Formatting title: Frost / Nixon","logger":"root","filename":"new_tropes_dag.py","lineno":66}
{"timestamp":"2025-12-19T10:30:46.806474Z","level":"info","event":"Formatting title: Frozen","logger":"root","filename":"new_tropes_dag.py","lineno":66}
{"timestamp":"2025-12-19T10:30:46.806498Z","level":"info","event":"Formatting title: Frozen (disney)","logger":"root","filename":"new_tropes_dag.py","lineno":66}
{"timestamp":"2025-12-19T10:30:46.806522Z","level":"info","event":"Formatting title: Frozen River","logger":"root","filename":"new_tropes_dag.py","lineno":66}
{"timestamp":"2025-12-19T10:30:46.806546Z","level":"info","event":"Formatting title: Fruitvale Station","logger":"root","filename":"new_tropes_dag.py","lineno":66}
{"timestamp":"2025-12-19T10:30:46.806569Z","level":"info","event":"Formatting title: Fugitive The","logger":"root","filename":"new_tropes_dag.py","lineno":66}
{"timestamp":"2025-12-19T10:30:46.806592Z","level":"info","event":"Formatting title: Full Metal Jacket","logger":"root","filename":"new_tropes_dag.py","lineno":66}
{"timestamp":"2025-12-19T10:30:46.806615Z","level":"info","event":"Formatting title: Funny People","logger":"root","filename":"new_tropes_dag.py","lineno":66}
{"timestamp":"2025-12-19T10:30:46.806639Z","level":"info","event":"Formatting title: Fury","logger":"root","filename":"new_tropes_dag.py","lineno":66}
{"timestamp":"2025-12-19T10:30:46.806662Z","level":"info","event":"Formatting title: Game 6","logger":"root","filename":"new_tropes_dag.py","lineno":66}
{"timestamp":"2025-12-19T10:30:46.849929Z","level":"info","event":"Formatting title: Game Night","logger":"root","filename":"new_tropes_dag.py","lineno":66}
{"timestamp":"2025-12-19T10:30:46.850033Z","level":"info","event":"Formatting title: Game The","logger":"root","filename":"new_tropes_dag.py","lineno":66}
{"timestamp":"2025-12-19T10:30:46.850069Z","level":"info","event":"Formatting title: Gamer","logger":"root","filename":"new_tropes_dag.py","lineno":66}
{"timestamp":"2025-12-19T10:30:46.850099Z","level":"info","event":"Formatting title: Gandhi","logger":"root","filename":"new_tropes_dag.py","lineno":66}
{"timestamp":"2025-12-19T10:30:46.850128Z","level":"info","event":"Formatting title: Gang Related","logger":"root","filename":"new_tropes_dag.py","lineno":66}
{"timestamp":"2025-12-19T10:30:46.850155Z","level":"info","event":"Formatting title: Gangs Of New York","logger":"root","filename":"new_tropes_dag.py","lineno":66}
{"timestamp":"2025-12-19T10:30:46.850180Z","level":"info","event":"Formatting title: Garden State","logger":"root","filename":"new_tropes_dag.py","lineno":66}
{"timestamp":"2025-12-19T10:30:46.850206Z","level":"info","event":"Formatting title: Gattaca","logger":"root","filename":"new_tropes_dag.py","lineno":66}
{"timestamp":"2025-12-19T10:30:46.850231Z","level":"info","event":"Formatting title: Gemini Man","logger":"root","filename":"new_tropes_dag.py","lineno":66}
{"timestamp":"2025-12-19T10:30:46.850256Z","level":"info","event":"Formatting title: Geostorm","logger":"root","filename":"new_tropes_dag.py","lineno":66}
{"timestamp":"2025-12-19T10:30:46.850281Z","level":"info","event":"Formatting title: Get Carter","logger":"root","filename":"new_tropes_dag.py","lineno":66}
{"timestamp":"2025-12-19T10:30:46.850305Z","level":"info","event":"Formatting title: Get Low","logger":"root","filename":"new_tropes_dag.py","lineno":66}
{"timestamp":"2025-12-19T10:30:46.850330Z","level":"info","event":"Formatting title: Get On Up","logger":"root","filename":"new_tropes_dag.py","lineno":66}
{"timestamp":"2025-12-19T10:30:46.850357Z","level":"info","event":"Formatting title: Get Out","logger":"root","filename":"new_tropes_dag.py","lineno":66}
{"timestamp":"2025-12-19T10:30:46.850382Z","level":"info","event":"Formatting title: Get Rich Or Die Tryin","logger":"root","filename":"new_tropes_dag.py","lineno":66}
{"timestamp":"2025-12-19T10:30:46.850407Z","level":"info","event":"Formatting title: Get Shorty","logger":"root","filename":"new_tropes_dag.py","lineno":66}
{"timestamp":"2025-12-19T10:30:46.850431Z","level":"info","event":"Formatting title: Getaway The","logger":"root","filename":"new_tropes_dag.py","lineno":66}
{"timestamp":"2025-12-19T10:30:46.850456Z","level":"info","event":"Formatting title: Ghost","logger":"root","filename":"new_tropes_dag.py","lineno":66}
{"timestamp":"2025-12-19T10:30:46.850480Z","level":"info","event":"Formatting title: Ghost And The Darkness The","logger":"root","filename":"new_tropes_dag.py","lineno":66}
{"timestamp":"2025-12-19T10:30:46.850504Z","level":"info","event":"Formatting title: Ghost Rider","logger":"root","filename":"new_tropes_dag.py","lineno":66}
{"timestamp":"2025-12-19T10:30:46.850529Z","level":"info","event":"Formatting title: Ghost Ship","logger":"root","filename":"new_tropes_dag.py","lineno":66}
{"timestamp":"2025-12-19T10:30:46.850553Z","level":"info","event":"Formatting title: Ghost World","logger":"root","filename":"new_tropes_dag.py","lineno":66}
{"timestamp":"2025-12-19T10:30:46.850578Z","level":"info","event":"Formatting title: Ghostbusters","logger":"root","filename":"new_tropes_dag.py","lineno":66}
{"timestamp":"2025-12-19T10:30:46.850603Z","level":"info","event":"Formatting title: Ghostbusters 2","logger":"root","filename":"new_tropes_dag.py","lineno":66}
{"timestamp":"2025-12-19T10:30:46.850627Z","level":"info","event":"Formatting title: Gi Jane","logger":"root","filename":"new_tropes_dag.py","lineno":66}
{"timestamp":"2025-12-19T10:30:46.850653Z","level":"info","event":"Formatting title: Gi Joe The Rise Of Cobra","logger":"root","filename":"new_tropes_dag.py","lineno":66}
{"timestamp":"2025-12-19T10:30:46.850679Z","level":"info","event":"Formatting title: Ginger Snaps","logger":"root","filename":"new_tropes_dag.py","lineno":66}
{"timestamp":"2025-12-19T10:30:46.850704Z","level":"info","event":"Formatting title: Girl With The Dragon Tattoo The","logger":"root","filename":"new_tropes_dag.py","lineno":66}
{"timestamp":"2025-12-19T10:30:46.850729Z","level":"info","event":"Formatting title: Girl With The Pearl Earring","logger":"root","filename":"new_tropes_dag.py","lineno":66}
{"timestamp":"2025-12-19T10:30:46.850753Z","level":"info","event":"Formatting title: Girls Trip","logger":"root","filename":"new_tropes_dag.py","lineno":66}
{"timestamp":"2025-12-19T10:30:46.850778Z","level":"info","event":"Formatting title: Gladiator","logger":"root","filename":"new_tropes_dag.py","lineno":66}
{"timestamp":"2025-12-19T10:30:46.850802Z","level":"info","event":"Formatting title: Gladiator 2","logger":"root","filename":"new_tropes_dag.py","lineno":66}
{"timestamp":"2025-12-19T10:30:46.850827Z","level":"info","event":"Formatting title: Glass Onion A Knives Out Mystery","logger":"root","filename":"new_tropes_dag.py","lineno":66}
{"timestamp":"2025-12-19T10:30:46.850852Z","level":"info","event":"Formatting title: Glengarry Glen Gross","logger":"root","filename":"new_tropes_dag.py","lineno":66}
{"timestamp":"2025-12-19T10:30:46.850876Z","level":"info","event":"Formatting title: Go","logger":"root","filename":"new_tropes_dag.py","lineno":66}
{"timestamp":"2025-12-19T10:30:46.850900Z","level":"info","event":"Formatting title: Godfather","logger":"root","filename":"new_tropes_dag.py","lineno":66}
{"timestamp":"2025-12-19T10:30:46.850925Z","level":"info","event":"Formatting title: Godfather Part 2","logger":"root","filename":"new_tropes_dag.py","lineno":66}
{"timestamp":"2025-12-19T10:30:46.850949Z","level":"info","event":"Formatting title: Godfather Part 3 The","logger":"root","filename":"new_tropes_dag.py","lineno":66}
{"timestamp":"2025-12-19T10:30:46.850975Z","level":"info","event":"Formatting title: Gods And Monsters","logger":"root","filename":"new_tropes_dag.py","lineno":66}
{"timestamp":"2025-12-19T10:30:46.850999Z","level":"info","event":"Formatting title: Godzilla","logger":"root","filename":"new_tropes_dag.py","lineno":66}
{"timestamp":"2025-12-19T10:30:46.851023Z","level":"info","event":"Formatting title: Gold","logger":"root","filename":"new_tropes_dag.py","lineno":66}
{"timestamp":"2025-12-19T10:30:46.851048Z","level":"info","event":"Formatting title: Goldeneye","logger":"root","filename":"new_tropes_dag.py","lineno":66}
{"timestamp":"2025-12-19T10:30:46.851072Z","level":"info","event":"Formatting title: Goldfinger","logger":"root","filename":"new_tropes_dag.py","lineno":66}
{"timestamp":"2025-12-19T10:30:46.851096Z","level":"info","event":"Formatting title: Gone Baby Gone","logger":"root","filename":"new_tropes_dag.py","lineno":66}
{"timestamp":"2025-12-19T10:30:46.851121Z","level":"info","event":"Formatting title: Gone Girl","logger":"root","filename":"new_tropes_dag.py","lineno":66}
{"timestamp":"2025-12-19T10:30:46.851145Z","level":"info","event":"Formatting title: Gone In 60 Seconds","logger":"root","filename":"new_tropes_dag.py","lineno":66}
{"timestamp":"2025-12-19T10:30:46.851168Z","level":"info","event":"Formatting title: Gone With The Wind","logger":"root","filename":"new_tropes_dag.py","lineno":66}
{"timestamp":"2025-12-19T10:30:46.851193Z","level":"info","event":"Formatting title: Good Girl The","logger":"root","filename":"new_tropes_dag.py","lineno":66}
{"timestamp":"2025-12-19T10:30:46.851217Z","level":"info","event":"Formatting title: Good Morning Vietnam","logger":"root","filename":"new_tropes_dag.py","lineno":66}
{"timestamp":"2025-12-19T10:30:46.851242Z","level":"info","event":"Formatting title: Good Will Hunting","logger":"root","filename":"new_tropes_dag.py","lineno":66}
{"timestamp":"2025-12-19T10:30:46.851266Z","level":"info","event":"Formatting title: Goodfellas","logger":"root","filename":"new_tropes_dag.py","lineno":66}
{"timestamp":"2025-12-19T10:30:46.851289Z","level":"info","event":"Formatting title: Gothika","logger":"root","filename":"new_tropes_dag.py","lineno":66}
{"timestamp":"2025-12-19T10:30:46.851314Z","level":"info","event":"Formatting title: Grabbers","logger":"root","filename":"new_tropes_dag.py","lineno":66}
{"timestamp":"2025-12-19T10:30:46.851338Z","level":"info","event":"Formatting title: Graduate The","logger":"root","filename":"new_tropes_dag.py","lineno":66}
{"timestamp":"2025-12-19T10:30:46.851362Z","level":"info","event":"Formatting title: Gran Torino","logger":"root","filename":"new_tropes_dag.py","lineno":66}
{"timestamp":"2025-12-19T10:30:46.851385Z","level":"info","event":"Formatting title: Grand Hotel","logger":"root","filename":"new_tropes_dag.py","lineno":66}
{"timestamp":"2025-12-19T10:30:46.851408Z","level":"info","event":"Formatting title: Grand Theft Parsons","logger":"root","filename":"new_tropes_dag.py","lineno":66}
{"timestamp":"2025-12-19T10:30:46.851432Z","level":"info","event":"Formatting title: Grapes Of Wrath The","logger":"root","filename":"new_tropes_dag.py","lineno":66}
{"timestamp":"2025-12-19T10:30:46.851456Z","level":"info","event":"Formatting title: Gravity","logger":"root","filename":"new_tropes_dag.py","lineno":66}
{"timestamp":"2025-12-19T10:30:46.851479Z","level":"info","event":"Formatting title: Grease","logger":"root","filename":"new_tropes_dag.py","lineno":66}
{"timestamp":"2025-12-19T10:30:46.851509Z","level":"info","event":"Formatting title: Great Gatsby The","logger":"root","filename":"new_tropes_dag.py","lineno":66}
{"timestamp":"2025-12-19T10:30:46.851565Z","level":"info","event":"Formatting title: Green Book","logger":"root","filename":"new_tropes_dag.py","lineno":66}
{"timestamp":"2025-12-19T10:30:46.851601Z","level":"info","event":"Formatting title: Green Lantern","logger":"root","filename":"new_tropes_dag.py","lineno":66}
{"timestamp":"2025-12-19T10:30:46.851629Z","level":"info","event":"Formatting title: Green Mile The","logger":"root","filename":"new_tropes_dag.py","lineno":66}
{"timestamp":"2025-12-19T10:30:46.851657Z","level":"info","event":"Formatting title: Green Room","logger":"root","filename":"new_tropes_dag.py","lineno":66}
{"timestamp":"2025-12-19T10:30:46.851683Z","level":"info","event":"Formatting title: Greenberg","logger":"root","filename":"new_tropes_dag.py","lineno":66}
{"timestamp":"2025-12-19T10:30:46.851709Z","level":"info","event":"Formatting title: Gremlins","logger":"root","filename":"new_tropes_dag.py","lineno":66}
{"timestamp":"2025-12-19T10:30:46.851736Z","level":"info","event":"Formatting title: Gremlins 2","logger":"root","filename":"new_tropes_dag.py","lineno":66}
{"timestamp":"2025-12-19T10:30:46.851771Z","level":"info","event":"Formatting title: Gremlins 2 The New Batch","logger":"root","filename":"new_tropes_dag.py","lineno":66}
{"timestamp":"2025-12-19T10:30:46.851799Z","level":"info","event":"Formatting title: Grifters The","logger":"root","filename":"new_tropes_dag.py","lineno":66}
{"timestamp":"2025-12-19T10:30:46.851831Z","level":"info","event":"Formatting title: Grosse Point Blank","logger":"root","filename":"new_tropes_dag.py","lineno":66}
{"timestamp":"2025-12-19T10:30:46.851875Z","level":"info","event":"Formatting title: Groundhog Day","logger":"root","filename":"new_tropes_dag.py","lineno":66}
{"timestamp":"2025-12-19T10:30:46.851905Z","level":"info","event":"Formatting title: Grudge The","logger":"root","filename":"new_tropes_dag.py","lineno":66}
{"timestamp":"2025-12-19T10:30:46.851935Z","level":"info","event":"Formatting title: Guardians Of The Galaxy Vol 2","logger":"root","filename":"new_tropes_dag.py","lineno":66}
{"timestamp":"2025-12-19T10:30:46.851967Z","level":"info","event":"Formatting title: Guillermo Del Toros Pinocchio","logger":"root","filename":"new_tropes_dag.py","lineno":66}
{"timestamp":"2025-12-19T10:30:46.852001Z","level":"info","event":"Formatting title: Gunpowder Milkshake","logger":"root","filename":"new_tropes_dag.py","lineno":66}
{"timestamp":"2025-12-19T10:30:46.852039Z","level":"info","event":"Formatting title: Hackers","logger":"root","filename":"new_tropes_dag.py","lineno":66}
{"timestamp":"2025-12-19T10:30:46.852077Z","level":"info","event":"Formatting title: Hacksaw Ridge","logger":"root","filename":"new_tropes_dag.py","lineno":66}
{"timestamp":"2025-12-19T10:30:46.852114Z","level":"info","event":"Formatting title: Hail Caesar","logger":"root","filename":"new_tropes_dag.py","lineno":66}
{"timestamp":"2025-12-19T10:30:46.852153Z","level":"info","event":"Formatting title: Hall Pass","logger":"root","filename":"new_tropes_dag.py","lineno":66}
{"timestamp":"2025-12-19T10:30:46.852200Z","level":"info","event":"Formatting title: Halloween","logger":"root","filename":"new_tropes_dag.py","lineno":66}
{"timestamp":"2025-12-19T10:30:46.852228Z","level":"info","event":"Formatting title: Halloween","logger":"root","filename":"new_tropes_dag.py","lineno":66}
{"timestamp":"2025-12-19T10:30:46.852254Z","level":"info","event":"Formatting title: Halloween 2","logger":"root","filename":"new_tropes_dag.py","lineno":66}
{"timestamp":"2025-12-19T10:30:46.852344Z","level":"info","event":"Formatting title: Halloween 3 Season Of The Witch","logger":"root","filename":"new_tropes_dag.py","lineno":66}
{"timestamp":"2025-12-19T10:30:46.852382Z","level":"info","event":"Formatting title: Halloween 4 The Return Of Michael Myers","logger":"root","filename":"new_tropes_dag.py","lineno":66}
{"timestamp":"2025-12-19T10:30:46.852410Z","level":"info","event":"Formatting title: Halloween 5 The Revenge Of Michael Myers","logger":"root","filename":"new_tropes_dag.py","lineno":66}
{"timestamp":"2025-12-19T10:30:46.852439Z","level":"info","event":"Formatting title: Halloween 6 The Curse Of Michael Myers","logger":"root","filename":"new_tropes_dag.py","lineno":66}
{"timestamp":"2025-12-19T10:30:46.852467Z","level":"info","event":"Formatting title: Halloween H2o 20 Years Later","logger":"root","filename":"new_tropes_dag.py","lineno":66}
{"timestamp":"2025-12-19T10:30:46.852492Z","level":"info","event":"Formatting title: Halloween Kills","logger":"root","filename":"new_tropes_dag.py","lineno":66}
{"timestamp":"2025-12-19T10:30:46.852518Z","level":"info","event":"Formatting title: Halloween The Curse Of Michael Myers","logger":"root","filename":"new_tropes_dag.py","lineno":66}
{"timestamp":"2025-12-19T10:30:46.852543Z","level":"info","event":"Formatting title: Hancock","logger":"root","filename":"new_tropes_dag.py","lineno":66}
{"timestamp":"2025-12-19T10:30:46.852568Z","level":"info","event":"Formatting title: Hangin With The Homeboys","logger":"root","filename":"new_tropes_dag.py","lineno":66}
{"timestamp":"2025-12-19T10:30:46.852598Z","level":"info","event":"Formatting title: Hangover The","logger":"root","filename":"new_tropes_dag.py","lineno":66}
{"timestamp":"2025-12-19T10:30:46.852623Z","level":"info","event":"Formatting title: Hanna","logger":"root","filename":"new_tropes_dag.py","lineno":66}
{"timestamp":"2025-12-19T10:30:46.852653Z","level":"info","event":"Formatting title: Hannah And Her Sisters","logger":"root","filename":"new_tropes_dag.py","lineno":66}
{"timestamp":"2025-12-19T10:30:46.852680Z","level":"info","event":"Formatting title: Hannibal","logger":"root","filename":"new_tropes_dag.py","lineno":66}
{"timestamp":"2025-12-19T10:30:46.852705Z","level":"info","event":"Formatting title: Happy Birthday To Me","logger":"root","filename":"new_tropes_dag.py","lineno":66}
{"timestamp":"2025-12-19T10:30:46.852730Z","level":"info","event":"Formatting title: Happy Birthday Wanda June","logger":"root","filename":"new_tropes_dag.py","lineno":66}
{"timestamp":"2025-12-19T10:30:46.852755Z","level":"info","event":"Formatting title: Happy Death Day","logger":"root","filename":"new_tropes_dag.py","lineno":66}
{"timestamp":"2025-12-19T10:30:46.852782Z","level":"info","event":"Formatting title: Happy Feet","logger":"root","filename":"new_tropes_dag.py","lineno":66}
{"timestamp":"2025-12-19T10:30:46.852808Z","level":"info","event":"Formatting title: Hard Rain","logger":"root","filename":"new_tropes_dag.py","lineno":66}
{"timestamp":"2025-12-19T10:30:46.852832Z","level":"info","event":"Formatting title: Hard To Kill","logger":"root","filename":"new_tropes_dag.py","lineno":66}
{"timestamp":"2025-12-19T10:30:46.852855Z","level":"info","event":"Formatting title: Harlem Nights","logger":"root","filename":"new_tropes_dag.py","lineno":66}
{"timestamp":"2025-12-19T10:30:46.852878Z","level":"info","event":"Formatting title: Harold And Kumar Go To White Castle","logger":"root","filename":"new_tropes_dag.py","lineno":66}
{"timestamp":"2025-12-19T10:30:46.852902Z","level":"info","event":"Formatting title: Harold And Maude","logger":"root","filename":"new_tropes_dag.py","lineno":66}
{"timestamp":"2025-12-19T10:30:46.852925Z","level":"info","event":"Formatting title: Harriet","logger":"root","filename":"new_tropes_dag.py","lineno":66}
{"timestamp":"2025-12-19T10:30:46.852948Z","level":"info","event":"Formatting title: Harry Potter And The Chamber Of Secrets","logger":"root","filename":"new_tropes_dag.py","lineno":66}
{"timestamp":"2025-12-19T10:30:46.852971Z","level":"info","event":"Formatting title: Harry Potter And The Deathly Hallows Part 1","logger":"root","filename":"new_tropes_dag.py","lineno":66}
{"timestamp":"2025-12-19T10:30:46.852995Z","level":"info","event":"Formatting title: Harry Potter And The Deathly Hallows Part 2","logger":"root","filename":"new_tropes_dag.py","lineno":66}
{"timestamp":"2025-12-19T10:30:46.853019Z","level":"info","event":"Formatting title: Harry Potter And The Goblet Of Fire","logger":"root","filename":"new_tropes_dag.py","lineno":66}
{"timestamp":"2025-12-19T10:30:46.853043Z","level":"info","event":"Formatting title: Harry Potter And The Half Blood Prince","logger":"root","filename":"new_tropes_dag.py","lineno":66}
{"timestamp":"2025-12-19T10:30:46.853066Z","level":"info","event":"Formatting title: Harry Potter And The Order Of The Phoenix","logger":"root","filename":"new_tropes_dag.py","lineno":66}
{"timestamp":"2025-12-19T10:30:46.853091Z","level":"info","event":"Formatting title: Harry Potter And The Prisoner Of Azkaban","logger":"root","filename":"new_tropes_dag.py","lineno":66}
{"timestamp":"2025-12-19T10:30:46.853115Z","level":"info","event":"Formatting title: Harry Potter And The Sorcerers Stone","logger":"root","filename":"new_tropes_dag.py","lineno":66}
{"timestamp":"2025-12-19T10:30:46.853139Z","level":"info","event":"Formatting title: Haunting The","logger":"root","filename":"new_tropes_dag.py","lineno":66}
{"timestamp":"2025-12-19T10:30:46.853162Z","level":"info","event":"Formatting title: Heat","logger":"root","filename":"new_tropes_dag.py","lineno":66}
{"timestamp":"2025-12-19T10:30:46.853186Z","level":"info","event":"Formatting title: Heathers","logger":"root","filename":"new_tropes_dag.py","lineno":66}
{"timestamp":"2025-12-19T10:30:46.853210Z","level":"info","event":"Formatting title: Heaven Can Wait","logger":"root","filename":"new_tropes_dag.py","lineno":66}
{"timestamp":"2025-12-19T10:30:46.853233Z","level":"info","event":"Formatting title: Heavenly Creatures","logger":"root","filename":"new_tropes_dag.py","lineno":66}
{"timestamp":"2025-12-19T10:30:46.853257Z","level":"info","event":"Formatting title: Heavy Metal","logger":"root","filename":"new_tropes_dag.py","lineno":66}
{"timestamp":"2025-12-19T10:30:46.853280Z","level":"info","event":"Formatting title: Heavyweights","logger":"root","filename":"new_tropes_dag.py","lineno":66}
{"timestamp":"2025-12-19T10:30:46.853303Z","level":"info","event":"Formatting title: Hebrew Hammer The","logger":"root","filename":"new_tropes_dag.py","lineno":66}
{"timestamp":"2025-12-19T10:30:46.853326Z","level":"info","event":"Formatting title: Heist","logger":"root","filename":"new_tropes_dag.py","lineno":66}
{"timestamp":"2025-12-19T10:30:46.853350Z","level":"info","event":"Formatting title: Hell Or High Water","logger":"root","filename":"new_tropes_dag.py","lineno":66}
{"timestamp":"2025-12-19T10:30:46.853375Z","level":"info","event":"Formatting title: Hellbound Hellraiser 2","logger":"root","filename":"new_tropes_dag.py","lineno":66}
{"timestamp":"2025-12-19T10:30:46.853398Z","level":"info","event":"Formatting title: Hellboy","logger":"root","filename":"new_tropes_dag.py","lineno":66}
{"timestamp":"2025-12-19T10:30:46.853424Z","level":"info","event":"Formatting title: Hellboy","logger":"root","filename":"new_tropes_dag.py","lineno":66}
{"timestamp":"2025-12-19T10:30:46.853449Z","level":"info","event":"Formatting title: Hellboy 2 The Golden Army","logger":"root","filename":"new_tropes_dag.py","lineno":66}
{"timestamp":"2025-12-19T10:30:46.853473Z","level":"info","event":"Formatting title: Hellraiser","logger":"root","filename":"new_tropes_dag.py","lineno":66}
{"timestamp":"2025-12-19T10:30:46.853500Z","level":"info","event":"Formatting title: Hellraiser 3 Hell On Earth","logger":"root","filename":"new_tropes_dag.py","lineno":66}
{"timestamp":"2025-12-19T10:30:46.853525Z","level":"info","event":"Formatting title: Hellraiser Deader","logger":"root","filename":"new_tropes_dag.py","lineno":66}
{"timestamp":"2025-12-19T10:30:46.853576Z","level":"info","event":"Formatting title: Hellraiser Hellseeker","logger":"root","filename":"new_tropes_dag.py","lineno":66}
{"timestamp":"2025-12-19T10:30:46.853606Z","level":"info","event":"Formatting title: Help The","logger":"root","filename":"new_tropes_dag.py","lineno":66}
{"timestamp":"2025-12-19T10:30:46.853633Z","level":"info","event":"Formatting title: Henry Fool","logger":"root","filename":"new_tropes_dag.py","lineno":66}
{"timestamp":"2025-12-19T10:30:46.853660Z","level":"info","event":"Formatting title: Henrys Crime","logger":"root","filename":"new_tropes_dag.py","lineno":66}
{"timestamp":"2025-12-19T10:30:46.853686Z","level":"info","event":"Formatting title: Her","logger":"root","filename":"new_tropes_dag.py","lineno":66}
{"timestamp":"2025-12-19T10:30:46.853711Z","level":"info","event":"Formatting title: Here Comes Peter Cottontail","logger":"root","filename":"new_tropes_dag.py","lineno":66}
{"timestamp":"2025-12-19T10:30:46.853737Z","level":"info","event":"Formatting title: Hereditary","logger":"root","filename":"new_tropes_dag.py","lineno":66}
{"timestamp":"2025-12-19T10:30:46.853762Z","level":"info","event":"Formatting title: Hes Just Not That Into You","logger":"root","filename":"new_tropes_dag.py","lineno":66}
{"timestamp":"2025-12-19T10:30:46.853787Z","level":"info","event":"Formatting title: Hesher","logger":"root","filename":"new_tropes_dag.py","lineno":66}
{"timestamp":"2025-12-19T10:30:46.853812Z","level":"info","event":"Formatting title: Hidden Figures","logger":"root","filename":"new_tropes_dag.py","lineno":66}
{"timestamp":"2025-12-19T10:30:46.853837Z","level":"info","event":"Formatting title: High Fidelity","logger":"root","filename":"new_tropes_dag.py","lineno":66}
{"timestamp":"2025-12-19T10:30:46.853861Z","level":"info","event":"Formatting title: High Noon","logger":"root","filename":"new_tropes_dag.py","lineno":66}
{"timestamp":"2025-12-19T10:30:46.853885Z","level":"info","event":"Formatting title: Highlander","logger":"root","filename":"new_tropes_dag.py","lineno":66}
{"timestamp":"2025-12-19T10:30:46.853908Z","level":"info","event":"Formatting title: Highlander 2 The Quickening","logger":"root","filename":"new_tropes_dag.py","lineno":66}
{"timestamp":"2025-12-19T10:30:46.853932Z","level":"info","event":"Formatting title: Highlander Endgame","logger":"root","filename":"new_tropes_dag.py","lineno":66}
{"timestamp":"2025-12-19T10:30:46.853978Z","level":"info","event":"Formatting title: Hills Have Eyes The","logger":"root","filename":"new_tropes_dag.py","lineno":66}
{"timestamp":"2025-12-19T10:30:46.854009Z","level":"info","event":"Formatting title: His Girl Friday","logger":"root","filename":"new_tropes_dag.py","lineno":66}
{"timestamp":"2025-12-19T10:30:46.854037Z","level":"info","event":"Formatting title: Hitchcock","logger":"root","filename":"new_tropes_dag.py","lineno":66}
{"timestamp":"2025-12-19T10:30:46.854070Z","level":"info","event":"Formatting title: Hitchhikers Guide To The Galaxy The","logger":"root","filename":"new_tropes_dag.py","lineno":66}
{"timestamp":"2025-12-19T10:30:46.854100Z","level":"info","event":"Formatting title: Hocus Pocus","logger":"root","filename":"new_tropes_dag.py","lineno":66}
{"timestamp":"2025-12-19T10:30:46.854127Z","level":"info","event":"Formatting title: Hold The Dark","logger":"root","filename":"new_tropes_dag.py","lineno":66}
{"timestamp":"2025-12-19T10:30:46.854152Z","level":"info","event":"Formatting title: Holdovers The","logger":"root","filename":"new_tropes_dag.py","lineno":66}
{"timestamp":"2025-12-19T10:30:46.854177Z","level":"info","event":"Formatting title: Hollow Man","logger":"root","filename":"new_tropes_dag.py","lineno":66}
{"timestamp":"2025-12-19T10:30:46.854204Z","level":"info","event":"Formatting title: Home Alone","logger":"root","filename":"new_tropes_dag.py","lineno":66}
{"timestamp":"2025-12-19T10:30:46.854230Z","level":"info","event":"Formatting title: Home Alone 2 Lost In New York","logger":"root","filename":"new_tropes_dag.py","lineno":66}
{"timestamp":"2025-12-19T10:30:46.854255Z","level":"info","event":"Formatting title: Honey Boy","logger":"root","filename":"new_tropes_dag.py","lineno":66}
{"timestamp":"2025-12-19T10:30:46.854279Z","level":"info","event":"Formatting title: Honey I Blew Up The Kid","logger":"root","filename":"new_tropes_dag.py","lineno":66}
{"timestamp":"2025-12-19T10:30:46.854303Z","level":"info","event":"Formatting title: Honey I Shrunk The Kids","logger":"root","filename":"new_tropes_dag.py","lineno":66}
{"timestamp":"2025-12-19T10:30:46.854328Z","level":"info","event":"Formatting title: Honeydripper","logger":"root","filename":"new_tropes_dag.py","lineno":66}
{"timestamp":"2025-12-19T10:30:46.854354Z","level":"info","event":"Formatting title: Horrible Bosses","logger":"root","filename":"new_tropes_dag.py","lineno":66}
{"timestamp":"2025-12-19T10:30:46.854380Z","level":"info","event":"Formatting title: Horrible Bosses 2","logger":"root","filename":"new_tropes_dag.py","lineno":66}
{"timestamp":"2025-12-19T10:30:46.854404Z","level":"info","event":"Formatting title: Horse Whisperer The","logger":"root","filename":"new_tropes_dag.py","lineno":66}
{"timestamp":"2025-12-19T10:30:46.854428Z","level":"info","event":"Formatting title: Hospital The","logger":"root","filename":"new_tropes_dag.py","lineno":66}
{"timestamp":"2025-12-19T10:30:46.854453Z","level":"info","event":"Formatting title: Hostage","logger":"root","filename":"new_tropes_dag.py","lineno":66}
{"timestamp":"2025-12-19T10:30:46.854476Z","level":"info","event":"Formatting title: Hostel","logger":"root","filename":"new_tropes_dag.py","lineno":66}
{"timestamp":"2025-12-19T10:30:46.854502Z","level":"info","event":"Formatting title: Hot Fuzz","logger":"root","filename":"new_tropes_dag.py","lineno":66}
{"timestamp":"2025-12-19T10:30:46.854526Z","level":"info","event":"Formatting title: Hot Tub Time Machine","logger":"root","filename":"new_tropes_dag.py","lineno":66}
{"timestamp":"2025-12-19T10:30:46.854550Z","level":"info","event":"Formatting title: Hotel Rwanda","logger":"root","filename":"new_tropes_dag.py","lineno":66}
{"timestamp":"2025-12-19T10:30:46.854575Z","level":"info","event":"Formatting title: House Of 1000 Corpses","logger":"root","filename":"new_tropes_dag.py","lineno":66}
{"timestamp":"2025-12-19T10:30:46.854599Z","level":"info","event":"Formatting title: House Of Gucci","logger":"root","filename":"new_tropes_dag.py","lineno":66}
{"timestamp":"2025-12-19T10:30:46.854623Z","level":"info","event":"Formatting title: House Party","logger":"root","filename":"new_tropes_dag.py","lineno":66}
{"timestamp":"2025-12-19T10:30:46.854647Z","level":"info","event":"Formatting title: How The Grinch Stole Christmas","logger":"root","filename":"new_tropes_dag.py","lineno":66}
{"timestamp":"2025-12-19T10:30:46.854671Z","level":"info","event":"Formatting title: How To Build A Girl","logger":"root","filename":"new_tropes_dag.py","lineno":66}
{"timestamp":"2025-12-19T10:30:46.854701Z","level":"info","event":"Formatting title: How To Lose Friends & Alienate People","logger":"root","filename":"new_tropes_dag.py","lineno":66}
{"timestamp":"2025-12-19T10:30:46.854727Z","level":"info","event":"Formatting title: How To Train Your Dragon","logger":"root","filename":"new_tropes_dag.py","lineno":66}
{"timestamp":"2025-12-19T10:30:46.854750Z","level":"info","event":"Formatting title: How To Train Your Dragon 2","logger":"root","filename":"new_tropes_dag.py","lineno":66}
{"timestamp":"2025-12-19T10:30:46.854773Z","level":"info","event":"Formatting title: How To Train Your Dragon The Hidden World","logger":"root","filename":"new_tropes_dag.py","lineno":66}
{"timestamp":"2025-12-19T10:30:46.854798Z","level":"info","event":"Formatting title: Howard The Duck","logger":"root","filename":"new_tropes_dag.py","lineno":66}
{"timestamp":"2025-12-19T10:30:46.854823Z","level":"info","event":"Formatting title: Hudson Hawk","logger":"root","filename":"new_tropes_dag.py","lineno":66}
{"timestamp":"2025-12-19T10:30:46.854847Z","level":"info","event":"Formatting title: Hudsucker Proxy The","logger":"root","filename":"new_tropes_dag.py","lineno":66}
{"timestamp":"2025-12-19T10:30:46.854870Z","level":"info","event":"Formatting title: Hugo","logger":"root","filename":"new_tropes_dag.py","lineno":66}
{"timestamp":"2025-12-19T10:30:46.854894Z","level":"info","event":"Formatting title: Human Nature","logger":"root","filename":"new_tropes_dag.py","lineno":66}
{"timestamp":"2025-12-19T10:30:46.854919Z","level":"info","event":"Formatting title: Hunt For Red October The","logger":"root","filename":"new_tropes_dag.py","lineno":66}
{"timestamp":"2025-12-19T10:30:46.854943Z","level":"info","event":"Formatting title: Hurt Locker The","logger":"root","filename":"new_tropes_dag.py","lineno":66}
{"timestamp":"2025-12-19T10:30:46.855020Z","level":"info","event":"Formatting title: Hustle & Flow","logger":"root","filename":"new_tropes_dag.py","lineno":66}
{"timestamp":"2025-12-19T10:30:46.855057Z","level":"info","event":"Formatting title: Hustlers","logger":"root","filename":"new_tropes_dag.py","lineno":66}
{"timestamp":"2025-12-19T10:30:46.855085Z","level":"info","event":"Formatting title: I Am Number Four","logger":"root","filename":"new_tropes_dag.py","lineno":66}
{"timestamp":"2025-12-19T10:30:46.855111Z","level":"info","event":"Formatting title: I Am Sam","logger":"root","filename":"new_tropes_dag.py","lineno":66}
{"timestamp":"2025-12-19T10:30:46.855138Z","level":"info","event":"Formatting title: I Dont Feel At Home In This World Anymore","logger":"root","filename":"new_tropes_dag.py","lineno":66}
{"timestamp":"2025-12-19T10:30:46.855164Z","level":"info","event":"Formatting title: I Love You Man","logger":"root","filename":"new_tropes_dag.py","lineno":66}
{"timestamp":"2025-12-19T10:30:46.855189Z","level":"info","event":"Formatting title: I Love You Phillip Morris","logger":"root","filename":"new_tropes_dag.py","lineno":66}
{"timestamp":"2025-12-19T10:30:46.855214Z","level":"info","event":"Formatting title: I Robot","logger":"root","filename":"new_tropes_dag.py","lineno":66}
{"timestamp":"2025-12-19T10:30:46.855239Z","level":"info","event":"Formatting title: I Saw The Light","logger":"root","filename":"new_tropes_dag.py","lineno":66}
{"timestamp":"2025-12-19T10:30:46.855265Z","level":"info","event":"Formatting title: I Spit On Your Grave","logger":"root","filename":"new_tropes_dag.py","lineno":66}
{"timestamp":"2025-12-19T10:30:46.855290Z","level":"info","event":"Formatting title: I Still Know What You Did Last Summer","logger":"root","filename":"new_tropes_dag.py","lineno":66}
{"timestamp":"2025-12-19T10:30:46.855317Z","level":"info","event":"Formatting title: I Think Were Alone Now","logger":"root","filename":"new_tropes_dag.py","lineno":66}
{"timestamp":"2025-12-19T10:30:46.855342Z","level":"info","event":"Formatting title: I Tonya","logger":"root","filename":"new_tropes_dag.py","lineno":66}
{"timestamp":"2025-12-19T10:30:46.855368Z","level":"info","event":"Formatting title: Ice Storm The","logger":"root","filename":"new_tropes_dag.py","lineno":66}
{"timestamp":"2025-12-19T10:30:46.855393Z","level":"info","event":"Formatting title: Identity","logger":"root","filename":"new_tropes_dag.py","lineno":66}
{"timestamp":"2025-12-19T10:30:46.855418Z","level":"info","event":"Formatting title: Ides Of March The","logger":"root","filename":"new_tropes_dag.py","lineno":66}
{"timestamp":"2025-12-19T10:30:46.855441Z","level":"info","event":"Formatting title: If Beale Street Could Talk","logger":"root","filename":"new_tropes_dag.py","lineno":66}
{"timestamp":"2025-12-19T10:30:46.855465Z","level":"info","event":"Formatting title: Ill Do Anything","logger":"root","filename":"new_tropes_dag.py","lineno":66}
{"timestamp":"2025-12-19T10:30:46.855490Z","level":"info","event":"Formatting title: Im Thinking Of Ending Things","logger":"root","filename":"new_tropes_dag.py","lineno":66}
{"timestamp":"2025-12-19T10:30:46.855513Z","level":"info","event":"Formatting title: Imaginarium Of Doctor Parnassus The","logger":"root","filename":"new_tropes_dag.py","lineno":66}
{"timestamp":"2025-12-19T10:30:46.855553Z","level":"info","event":"Formatting title: In Bruges","logger":"root","filename":"new_tropes_dag.py","lineno":66}
{"timestamp":"2025-12-19T10:30:46.855592Z","level":"info","event":"Formatting title: In Fabric","logger":"root","filename":"new_tropes_dag.py","lineno":66}
{"timestamp":"2025-12-19T10:30:46.855622Z","level":"info","event":"Formatting title: In The Bedroom","logger":"root","filename":"new_tropes_dag.py","lineno":66}
{"timestamp":"2025-12-19T10:30:46.855649Z","level":"info","event":"Formatting title: In The Loop","logger":"root","filename":"new_tropes_dag.py","lineno":66}
{"timestamp":"2025-12-19T10:30:46.855675Z","level":"info","event":"Formatting title: In The Tall Grass","logger":"root","filename":"new_tropes_dag.py","lineno":66}
{"timestamp":"2025-12-19T10:30:46.855700Z","level":"info","event":"Formatting title: Inception","logger":"root","filename":"new_tropes_dag.py","lineno":66}
{"timestamp":"2025-12-19T10:30:46.855725Z","level":"info","event":"Formatting title: Incredibles The","logger":"root","filename":"new_tropes_dag.py","lineno":66}
{"timestamp":"2025-12-19T10:30:46.855750Z","level":"info","event":"Formatting title: Indecent Proposal","logger":"root","filename":"new_tropes_dag.py","lineno":66}
{"timestamp":"2025-12-19T10:30:46.855775Z","level":"info","event":"Formatting title: Independence Day","logger":"root","filename":"new_tropes_dag.py","lineno":66}
{"timestamp":"2025-12-19T10:30:46.855800Z","level":"info","event":"Formatting title: Indiana Jones 4","logger":"root","filename":"new_tropes_dag.py","lineno":66}
{"timestamp":"2025-12-19T10:30:46.855825Z","level":"info","event":"Formatting title: Indiana Jones And The Kingdom Of The Crystal Skull","logger":"root","filename":"new_tropes_dag.py","lineno":66}
{"timestamp":"2025-12-19T10:30:46.855850Z","level":"info","event":"Formatting title: Indiana Jones And The Last Crusade","logger":"root","filename":"new_tropes_dag.py","lineno":66}
{"timestamp":"2025-12-19T10:30:46.855875Z","level":"info","event":"Formatting title: Indiana Jones And The Raiders Of The Lost Ark","logger":"root","filename":"new_tropes_dag.py","lineno":66}
{"timestamp":"2025-12-19T10:30:46.855901Z","level":"info","event":"Formatting title: Indiana Jones And The Temple Of Doom","logger":"root","filename":"new_tropes_dag.py","lineno":66}
{"timestamp":"2025-12-19T10:30:46.855925Z","level":"info","event":"Formatting title: Infinitely Polar Bear","logger":"root","filename":"new_tropes_dag.py","lineno":66}
{"timestamp":"2025-12-19T10:30:46.855950Z","level":"info","event":"Formatting title: Informant The","logger":"root","filename":"new_tropes_dag.py","lineno":66}
{"timestamp":"2025-12-19T10:30:46.855974Z","level":"info","event":"Formatting title: Inglourious Basterds","logger":"root","filename":"new_tropes_dag.py","lineno":66}
{"timestamp":"2025-12-19T10:30:46.855998Z","level":"info","event":"Formatting title: Ingrid Goes West","logger":"root","filename":"new_tropes_dag.py","lineno":66}
{"timestamp":"2025-12-19T10:30:46.856022Z","level":"info","event":"Formatting title: Inherent Vice","logger":"root","filename":"new_tropes_dag.py","lineno":66}
{"timestamp":"2025-12-19T10:30:46.856045Z","level":"info","event":"Formatting title: Initiation","logger":"root","filename":"new_tropes_dag.py","lineno":66}
{"timestamp":"2025-12-19T10:30:46.856070Z","level":"info","event":"Formatting title: Innerspace","logger":"root","filename":"new_tropes_dag.py","lineno":66}
{"timestamp":"2025-12-19T10:30:46.856094Z","level":"info","event":"Formatting title: Inside Llewyn Davis","logger":"root","filename":"new_tropes_dag.py","lineno":66}
{"timestamp":"2025-12-19T10:30:46.856117Z","level":"info","event":"Formatting title: Inside Out","logger":"root","filename":"new_tropes_dag.py","lineno":66}
{"timestamp":"2025-12-19T10:30:46.856141Z","level":"info","event":"Formatting title: Insider The","logger":"root","filename":"new_tropes_dag.py","lineno":66}
{"timestamp":"2025-12-19T10:30:46.856165Z","level":"info","event":"Formatting title: Insidious","logger":"root","filename":"new_tropes_dag.py","lineno":66}
{"timestamp":"2025-12-19T10:30:46.856188Z","level":"info","event":"Formatting title: Insidious Chapter 2","logger":"root","filename":"new_tropes_dag.py","lineno":66}
{"timestamp":"2025-12-19T10:30:46.856213Z","level":"info","event":"Formatting title: Insomnia","logger":"root","filename":"new_tropes_dag.py","lineno":66}
{"timestamp":"2025-12-19T10:30:46.856237Z","level":"info","event":"Formatting title: Inspector Gadget","logger":"root","filename":"new_tropes_dag.py","lineno":66}
{"timestamp":"2025-12-19T10:30:46.856261Z","level":"info","event":"Formatting title: Interstellar","logger":"root","filename":"new_tropes_dag.py","lineno":66}
{"timestamp":"2025-12-19T10:30:46.856300Z","level":"info","event":"Formatting title: Interview With The Vampire","logger":"root","filename":"new_tropes_dag.py","lineno":66}
{"timestamp":"2025-12-19T10:30:46.856328Z","level":"info","event":"Formatting title: Into The Wild","logger":"root","filename":"new_tropes_dag.py","lineno":66}
{"timestamp":"2025-12-19T10:30:46.856357Z","level":"info","event":"Formatting title: Into The Woods","logger":"root","filename":"new_tropes_dag.py","lineno":66}
{"timestamp":"2025-12-19T10:30:46.856383Z","level":"info","event":"Formatting title: Intolerable Cruelty","logger":"root","filename":"new_tropes_dag.py","lineno":66}
{"timestamp":"2025-12-19T10:30:46.856407Z","level":"info","event":"Formatting title: Invasion Of The Body Snatchers","logger":"root","filename":"new_tropes_dag.py","lineno":66}
{"timestamp":"2025-12-19T10:30:46.856432Z","level":"info","event":"Formatting title: Inventing The Abbotts","logger":"root","filename":"new_tropes_dag.py","lineno":66}
{"timestamp":"2025-12-19T10:30:46.856457Z","level":"info","event":"Formatting title: Invention Of Lying The","logger":"root","filename":"new_tropes_dag.py","lineno":66}
{"timestamp":"2025-12-19T10:30:46.856482Z","level":"info","event":"Formatting title: Invictus","logger":"root","filename":"new_tropes_dag.py","lineno":66}
{"timestamp":"2025-12-19T10:30:46.856512Z","level":"info","event":"Formatting title: Iron Claw The","logger":"root","filename":"new_tropes_dag.py","lineno":66}
{"timestamp":"2025-12-19T10:30:46.856537Z","level":"info","event":"Formatting title: Iron Lady The","logger":"root","filename":"new_tropes_dag.py","lineno":66}
{"timestamp":"2025-12-19T10:30:46.856562Z","level":"info","event":"Formatting title: Iron Man","logger":"root","filename":"new_tropes_dag.py","lineno":66}
{"timestamp":"2025-12-19T10:30:46.856587Z","level":"info","event":"Formatting title: Island The","logger":"root","filename":"new_tropes_dag.py","lineno":66}
{"timestamp":"2025-12-19T10:30:46.856609Z","level":"info","event":"Formatting title: Isle Of Dogs","logger":"root","filename":"new_tropes_dag.py","lineno":66}
{"timestamp":"2025-12-19T10:30:46.856633Z","level":"info","event":"Formatting title: It","logger":"root","filename":"new_tropes_dag.py","lineno":66}
{"timestamp":"2025-12-19T10:30:46.856657Z","level":"info","event":"Formatting title: It Follows","logger":"root","filename":"new_tropes_dag.py","lineno":66}
{"timestamp":"2025-12-19T10:30:46.856681Z","level":"info","event":"Formatting title: It Happened One Night","logger":"root","filename":"new_tropes_dag.py","lineno":66}
{"timestamp":"2025-12-19T10:30:46.856706Z","level":"info","event":"Formatting title: It Happened One Night","logger":"root","filename":"new_tropes_dag.py","lineno":66}
{"timestamp":"2025-12-19T10:30:46.856731Z","level":"info","event":"Formatting title: Italian Job The","logger":"root","filename":"new_tropes_dag.py","lineno":66}
{"timestamp":"2025-12-19T10:30:46.856755Z","level":"info","event":"Formatting title: Its A Wonderful Life","logger":"root","filename":"new_tropes_dag.py","lineno":66}
{"timestamp":"2025-12-19T10:30:46.856779Z","level":"info","event":"Formatting title: Its Complicated","logger":"root","filename":"new_tropes_dag.py","lineno":66}
{"timestamp":"2025-12-19T10:30:46.856804Z","level":"info","event":"Formatting title: Its Kind Of A Funny Story","logger":"root","filename":"new_tropes_dag.py","lineno":66}
{"timestamp":"2025-12-19T10:30:46.898592Z","level":"info","event":"Formatting title: Jack Reacher","logger":"root","filename":"new_tropes_dag.py","lineno":66}
{"timestamp":"2025-12-19T10:30:46.898701Z","level":"info","event":"Formatting title: Jacket The","logger":"root","filename":"new_tropes_dag.py","lineno":66}
{"timestamp":"2025-12-19T10:30:46.898741Z","level":"info","event":"Formatting title: Jackie","logger":"root","filename":"new_tropes_dag.py","lineno":66}
{"timestamp":"2025-12-19T10:30:46.898774Z","level":"info","event":"Formatting title: Jackie Brown","logger":"root","filename":"new_tropes_dag.py","lineno":66}
{"timestamp":"2025-12-19T10:30:46.898805Z","level":"info","event":"Formatting title: Jacobs Ladder","logger":"root","filename":"new_tropes_dag.py","lineno":66}
{"timestamp":"2025-12-19T10:30:46.898836Z","level":"info","event":"Formatting title: Jade","logger":"root","filename":"new_tropes_dag.py","lineno":66}
{"timestamp":"2025-12-19T10:30:46.898866Z","level":"info","event":"Formatting title: Jagged Edge","logger":"root","filename":"new_tropes_dag.py","lineno":66}
{"timestamp":"2025-12-19T10:30:46.898895Z","level":"info","event":"Formatting title: Jane Eyre","logger":"root","filename":"new_tropes_dag.py","lineno":66}
{"timestamp":"2025-12-19T10:30:46.898923Z","level":"info","event":"Formatting title: Jarhead","logger":"root","filename":"new_tropes_dag.py","lineno":66}
{"timestamp":"2025-12-19T10:30:46.898950Z","level":"info","event":"Formatting title: Jason Goes To Hell The Final Friday","logger":"root","filename":"new_tropes_dag.py","lineno":66}
{"timestamp":"2025-12-19T10:30:46.898977Z","level":"info","event":"Formatting title: Jason X","logger":"root","filename":"new_tropes_dag.py","lineno":66}
{"timestamp":"2025-12-19T10:30:46.899003Z","level":"info","event":"Formatting title: Jaws","logger":"root","filename":"new_tropes_dag.py","lineno":66}
{"timestamp":"2025-12-19T10:30:46.899028Z","level":"info","event":"Formatting title: Jaws 2","logger":"root","filename":"new_tropes_dag.py","lineno":66}
{"timestamp":"2025-12-19T10:30:46.899055Z","level":"info","event":"Formatting title: Jay And Silent Bob Strike Back","logger":"root","filename":"new_tropes_dag.py","lineno":66}
{"timestamp":"2025-12-19T10:30:46.899084Z","level":"info","event":"Formatting title: Jennifer Eight","logger":"root","filename":"new_tropes_dag.py","lineno":66}
{"timestamp":"2025-12-19T10:30:46.899110Z","level":"info","event":"Formatting title: Jennifers Body","logger":"root","filename":"new_tropes_dag.py","lineno":66}
{"timestamp":"2025-12-19T10:30:46.899134Z","level":"info","event":"Formatting title: Jerry Maguire","logger":"root","filename":"new_tropes_dag.py","lineno":66}
{"timestamp":"2025-12-19T10:30:46.899158Z","level":"info","event":"Formatting title: Jeux Interdits","logger":"root","filename":"new_tropes_dag.py","lineno":66}
{"timestamp":"2025-12-19T10:30:46.899182Z","level":"info","event":"Formatting title: Jfk","logger":"root","filename":"new_tropes_dag.py","lineno":66}
{"timestamp":"2025-12-19T10:30:46.899207Z","level":"info","event":"Formatting title: Jimmy And Judy","logger":"root","filename":"new_tropes_dag.py","lineno":66}
{"timestamp":"2025-12-19T10:30:46.899231Z","level":"info","event":"Formatting title: Jingle All The Way","logger":"root","filename":"new_tropes_dag.py","lineno":66}
{"timestamp":"2025-12-19T10:30:46.899254Z","level":"info","event":"Formatting title: Jo Jo Dancer Your Life Is Calling","logger":"root","filename":"new_tropes_dag.py","lineno":66}
{"timestamp":"2025-12-19T10:30:46.899278Z","level":"info","event":"Formatting title: Jockey","logger":"root","filename":"new_tropes_dag.py","lineno":66}
{"timestamp":"2025-12-19T10:30:46.899302Z","level":"info","event":"Formatting title: John Q","logger":"root","filename":"new_tropes_dag.py","lineno":66}
{"timestamp":"2025-12-19T10:30:46.899326Z","level":"info","event":"Formatting title: John Wick","logger":"root","filename":"new_tropes_dag.py","lineno":66}
{"timestamp":"2025-12-19T10:30:46.899351Z","level":"info","event":"Formatting title: John Wick Chapter 4","logger":"root","filename":"new_tropes_dag.py","lineno":66}
{"timestamp":"2025-12-19T10:30:46.899386Z","level":"info","event":"Formatting title: Jojo Rabbit","logger":"root","filename":"new_tropes_dag.py","lineno":66}
{"timestamp":"2025-12-19T10:30:46.899414Z","level":"info","event":"Formatting title: Joker","logger":"root","filename":"new_tropes_dag.py","lineno":66}
{"timestamp":"2025-12-19T10:30:46.899439Z","level":"info","event":"Formatting title: Joy","logger":"root","filename":"new_tropes_dag.py","lineno":66}
{"timestamp":"2025-12-19T10:30:46.899463Z","level":"info","event":"Formatting title: Judas And The Black Messiah","logger":"root","filename":"new_tropes_dag.py","lineno":66}
{"timestamp":"2025-12-19T10:30:46.899487Z","level":"info","event":"Formatting title: Judge Dredd","logger":"root","filename":"new_tropes_dag.py","lineno":66}
{"timestamp":"2025-12-19T10:30:46.899512Z","level":"info","event":"Formatting title: Jules","logger":"root","filename":"new_tropes_dag.py","lineno":66}
{"timestamp":"2025-12-19T10:30:46.899536Z","level":"info","event":"Formatting title: Julia","logger":"root","filename":"new_tropes_dag.py","lineno":66}
{"timestamp":"2025-12-19T10:30:46.899559Z","level":"info","event":"Formatting title: Julieta","logger":"root","filename":"new_tropes_dag.py","lineno":66}
{"timestamp":"2025-12-19T10:30:46.899582Z","level":"info","event":"Formatting title: Jumanji","logger":"root","filename":"new_tropes_dag.py","lineno":66}
{"timestamp":"2025-12-19T10:30:46.899605Z","level":"info","event":"Formatting title: Juno","logger":"root","filename":"new_tropes_dag.py","lineno":66}
{"timestamp":"2025-12-19T10:30:46.899629Z","level":"info","event":"Formatting title: Jurassic Park","logger":"root","filename":"new_tropes_dag.py","lineno":66}
{"timestamp":"2025-12-19T10:30:46.899652Z","level":"info","event":"Formatting title: Jurassic Park 3","logger":"root","filename":"new_tropes_dag.py","lineno":66}
{"timestamp":"2025-12-19T10:30:46.899678Z","level":"info","event":"Formatting title: Jurassic Park The Lost World","logger":"root","filename":"new_tropes_dag.py","lineno":66}
{"timestamp":"2025-12-19T10:30:46.899703Z","level":"info","event":"Formatting title: Just Mercy","logger":"root","filename":"new_tropes_dag.py","lineno":66}
{"timestamp":"2025-12-19T10:30:46.899726Z","level":"info","event":"Formatting title: K Pax","logger":"root","filename":"new_tropes_dag.py","lineno":66}
{"timestamp":"2025-12-19T10:30:46.899750Z","level":"info","event":"Formatting title: Kafka","logger":"root","filename":"new_tropes_dag.py","lineno":66}
{"timestamp":"2025-12-19T10:30:46.899773Z","level":"info","event":"Formatting title: Kajillionaire","logger":"root","filename":"new_tropes_dag.py","lineno":66}
{"timestamp":"2025-12-19T10:30:46.899798Z","level":"info","event":"Formatting title: Kalifornia","logger":"root","filename":"new_tropes_dag.py","lineno":66}
{"timestamp":"2025-12-19T10:30:46.899821Z","level":"info","event":"Formatting title: Karate Kid","logger":"root","filename":"new_tropes_dag.py","lineno":66}
{"timestamp":"2025-12-19T10:30:46.899846Z","level":"info","event":"Formatting title: Kate & Leopold","logger":"root","filename":"new_tropes_dag.py","lineno":66}
{"timestamp":"2025-12-19T10:30:46.899870Z","level":"info","event":"Formatting title: Kids","logger":"root","filename":"new_tropes_dag.py","lineno":66}
{"timestamp":"2025-12-19T10:30:46.899893Z","level":"info","event":"Formatting title: Kids Are All Right The","logger":"root","filename":"new_tropes_dag.py","lineno":66}
{"timestamp":"2025-12-19T10:30:46.899917Z","level":"info","event":"Formatting title: Kill Bill Vol 1","logger":"root","filename":"new_tropes_dag.py","lineno":66}
{"timestamp":"2025-12-19T10:30:46.899941Z","level":"info","event":"Formatting title: Kill Bill Vol 2","logger":"root","filename":"new_tropes_dag.py","lineno":66}
{"timestamp":"2025-12-19T10:30:46.899964Z","level":"info","event":"Formatting title: Kill Bill Volume 1 & 2","logger":"root","filename":"new_tropes_dag.py","lineno":66}
{"timestamp":"2025-12-19T10:30:46.899987Z","level":"info","event":"Formatting title: Kill The Messenger","logger":"root","filename":"new_tropes_dag.py","lineno":66}
{"timestamp":"2025-12-19T10:30:46.900011Z","level":"info","event":"Formatting title: Kill Your Darlings","logger":"root","filename":"new_tropes_dag.py","lineno":66}
{"timestamp":"2025-12-19T10:30:46.900035Z","level":"info","event":"Formatting title: Killer Klowns From Outer Space","logger":"root","filename":"new_tropes_dag.py","lineno":66}
{"timestamp":"2025-12-19T10:30:46.900062Z","level":"info","event":"Formatting title: Killer The","logger":"root","filename":"new_tropes_dag.py","lineno":66}
{"timestamp":"2025-12-19T10:30:46.900093Z","level":"info","event":"Formatting title: Killers Of The Flower Moon","logger":"root","filename":"new_tropes_dag.py","lineno":66}
{"timestamp":"2025-12-19T10:30:46.900118Z","level":"info","event":"Formatting title: Killing Zoe","logger":"root","filename":"new_tropes_dag.py","lineno":66}
{"timestamp":"2025-12-19T10:30:46.900150Z","level":"info","event":"Formatting title: Kin","logger":"root","filename":"new_tropes_dag.py","lineno":66}
{"timestamp":"2025-12-19T10:30:46.900177Z","level":"info","event":"Formatting title: King Kong","logger":"root","filename":"new_tropes_dag.py","lineno":66}
{"timestamp":"2025-12-19T10:30:46.900230Z","level":"info","event":"Formatting title: King Of Comedy The","logger":"root","filename":"new_tropes_dag.py","lineno":66}
{"timestamp":"2025-12-19T10:30:46.900261Z","level":"info","event":"Formatting title: King Richard","logger":"root","filename":"new_tropes_dag.py","lineno":66}
{"timestamp":"2025-12-19T10:30:46.900339Z","level":"info","event":"Formatting title: Kingdom The","logger":"root","filename":"new_tropes_dag.py","lineno":66}
{"timestamp":"2025-12-19T10:30:46.900377Z","level":"info","event":"Formatting title: Kingpin","logger":"root","filename":"new_tropes_dag.py","lineno":66}
{"timestamp":"2025-12-19T10:30:46.900412Z","level":"info","event":"Formatting title: Kings Of Summer","logger":"root","filename":"new_tropes_dag.py","lineno":66}
{"timestamp":"2025-12-19T10:30:46.900446Z","level":"info","event":"Formatting title: Kings Speech The","logger":"root","filename":"new_tropes_dag.py","lineno":66}
{"timestamp":"2025-12-19T10:30:46.900478Z","level":"info","event":"Formatting title: Kingsman The Secret Service","logger":"root","filename":"new_tropes_dag.py","lineno":66}
{"timestamp":"2025-12-19T10:30:46.900504Z","level":"info","event":"Formatting title: Kiss Kiss Bang Bang","logger":"root","filename":"new_tropes_dag.py","lineno":66}
{"timestamp":"2025-12-19T10:30:46.900530Z","level":"info","event":"Formatting title: Kiss Of The Spider Woman","logger":"root","filename":"new_tropes_dag.py","lineno":66}
{"timestamp":"2025-12-19T10:30:46.900560Z","level":"info","event":"Formatting title: Klute","logger":"root","filename":"new_tropes_dag.py","lineno":66}
{"timestamp":"2025-12-19T10:30:46.900587Z","level":"info","event":"Formatting title: Knight And Day","logger":"root","filename":"new_tropes_dag.py","lineno":66}
{"timestamp":"2025-12-19T10:30:46.900613Z","level":"info","event":"Formatting title: Knives Out","logger":"root","filename":"new_tropes_dag.py","lineno":66}
{"timestamp":"2025-12-19T10:30:46.900637Z","level":"info","event":"Formatting title: Knocked Up","logger":"root","filename":"new_tropes_dag.py","lineno":66}
{"timestamp":"2025-12-19T10:30:46.900662Z","level":"info","event":"Formatting title: Kramer Vs Kramer","logger":"root","filename":"new_tropes_dag.py","lineno":66}
{"timestamp":"2025-12-19T10:30:46.900687Z","level":"info","event":"Formatting title: Krampus","logger":"root","filename":"new_tropes_dag.py","lineno":66}
{"timestamp":"2025-12-19T10:30:46.900711Z","level":"info","event":"Formatting title: Kubo And The Two Strings","logger":"root","filename":"new_tropes_dag.py","lineno":66}
{"timestamp":"2025-12-19T10:30:46.900736Z","level":"info","event":"Formatting title: Kundun","logger":"root","filename":"new_tropes_dag.py","lineno":66}
{"timestamp":"2025-12-19T10:30:46.900767Z","level":"info","event":"Formatting title: Kung Fu Panda","logger":"root","filename":"new_tropes_dag.py","lineno":66}
{"timestamp":"2025-12-19T10:30:46.900795Z","level":"info","event":"Formatting title: La Confidential","logger":"root","filename":"new_tropes_dag.py","lineno":66}
{"timestamp":"2025-12-19T10:30:46.900824Z","level":"info","event":"Formatting title: La La Land","logger":"root","filename":"new_tropes_dag.py","lineno":66}
{"timestamp":"2025-12-19T10:30:46.900854Z","level":"info","event":"Formatting title: La Story","logger":"root","filename":"new_tropes_dag.py","lineno":66}
{"timestamp":"2025-12-19T10:30:46.900882Z","level":"info","event":"Formatting title: Labor Day","logger":"root","filename":"new_tropes_dag.py","lineno":66}
{"timestamp":"2025-12-19T10:30:46.900912Z","level":"info","event":"Formatting title: Labor Of Love","logger":"root","filename":"new_tropes_dag.py","lineno":66}
{"timestamp":"2025-12-19T10:30:46.900944Z","level":"info","event":"Formatting title: Labyrinth","logger":"root","filename":"new_tropes_dag.py","lineno":66}
{"timestamp":"2025-12-19T10:30:46.900978Z","level":"info","event":"Formatting title: Lady Bird","logger":"root","filename":"new_tropes_dag.py","lineno":66}
{"timestamp":"2025-12-19T10:30:46.901006Z","level":"info","event":"Formatting title: Lady Chatterleys Lover","logger":"root","filename":"new_tropes_dag.py","lineno":66}
{"timestamp":"2025-12-19T10:30:46.901035Z","level":"info","event":"Formatting title: Ladyhawke","logger":"root","filename":"new_tropes_dag.py","lineno":66}
{"timestamp":"2025-12-19T10:30:46.901060Z","level":"info","event":"Formatting title: Ladykillers The","logger":"root","filename":"new_tropes_dag.py","lineno":66}
{"timestamp":"2025-12-19T10:30:46.901089Z","level":"info","event":"Formatting title: Lake Placid","logger":"root","filename":"new_tropes_dag.py","lineno":66}
{"timestamp":"2025-12-19T10:30:46.901120Z","level":"info","event":"Formatting title: Land Of Mine","logger":"root","filename":"new_tropes_dag.py","lineno":66}
{"timestamp":"2025-12-19T10:30:46.901148Z","level":"info","event":"Formatting title: Land Of The Dead","logger":"root","filename":"new_tropes_dag.py","lineno":66}
{"timestamp":"2025-12-19T10:30:46.901177Z","level":"info","event":"Formatting title: Larry Crowne","logger":"root","filename":"new_tropes_dag.py","lineno":66}
{"timestamp":"2025-12-19T10:30:46.901208Z","level":"info","event":"Formatting title: Lars And The Real Girl","logger":"root","filename":"new_tropes_dag.py","lineno":66}
{"timestamp":"2025-12-19T10:30:46.901236Z","level":"info","event":"Formatting title: Last Boy Scout The","logger":"root","filename":"new_tropes_dag.py","lineno":66}
{"timestamp":"2025-12-19T10:30:46.901262Z","level":"info","event":"Formatting title: Last Chance Harvey","logger":"root","filename":"new_tropes_dag.py","lineno":66}
{"timestamp":"2025-12-19T10:30:46.901286Z","level":"info","event":"Formatting title: Last Flight The","logger":"root","filename":"new_tropes_dag.py","lineno":66}
{"timestamp":"2025-12-19T10:30:46.901311Z","level":"info","event":"Formatting title: Last Holiday","logger":"root","filename":"new_tropes_dag.py","lineno":66}
{"timestamp":"2025-12-19T10:30:46.901334Z","level":"info","event":"Formatting title: Last Night In Soho","logger":"root","filename":"new_tropes_dag.py","lineno":66}
{"timestamp":"2025-12-19T10:30:46.901359Z","level":"info","event":"Formatting title: Last Of The Mohicans The","logger":"root","filename":"new_tropes_dag.py","lineno":66}
{"timestamp":"2025-12-19T10:30:46.901387Z","level":"info","event":"Formatting title: Last Samurai The","logger":"root","filename":"new_tropes_dag.py","lineno":66}
{"timestamp":"2025-12-19T10:30:46.901413Z","level":"info","event":"Formatting title: Last Station The","logger":"root","filename":"new_tropes_dag.py","lineno":66}
{"timestamp":"2025-12-19T10:30:46.901440Z","level":"info","event":"Formatting title: Last Tango In Paris","logger":"root","filename":"new_tropes_dag.py","lineno":66}
{"timestamp":"2025-12-19T10:30:46.901465Z","level":"info","event":"Formatting title: Law Abiding Citizen","logger":"root","filename":"new_tropes_dag.py","lineno":66}
{"timestamp":"2025-12-19T10:30:46.901488Z","level":"info","event":"Formatting title: Lawrence Of Arabia","logger":"root","filename":"new_tropes_dag.py","lineno":66}
{"timestamp":"2025-12-19T10:30:46.901512Z","level":"info","event":"Formatting title: Le Diable Par La Queue","logger":"root","filename":"new_tropes_dag.py","lineno":66}
{"timestamp":"2025-12-19T10:30:46.901536Z","level":"info","event":"Formatting title: Lean On Me","logger":"root","filename":"new_tropes_dag.py","lineno":66}
{"timestamp":"2025-12-19T10:30:46.901559Z","level":"info","event":"Formatting title: Leave No Trace","logger":"root","filename":"new_tropes_dag.py","lineno":66}
{"timestamp":"2025-12-19T10:30:46.901583Z","level":"info","event":"Formatting title: Leaving Las Vegas","logger":"root","filename":"new_tropes_dag.py","lineno":66}
{"timestamp":"2025-12-19T10:30:46.901608Z","level":"info","event":"Formatting title: Lee Daniels The Butler","logger":"root","filename":"new_tropes_dag.py","lineno":66}
{"timestamp":"2025-12-19T10:30:46.901632Z","level":"info","event":"Formatting title: Legally Blonde","logger":"root","filename":"new_tropes_dag.py","lineno":66}
{"timestamp":"2025-12-19T10:30:46.901656Z","level":"info","event":"Formatting title: Legend","logger":"root","filename":"new_tropes_dag.py","lineno":66}
{"timestamp":"2025-12-19T10:30:46.901679Z","level":"info","event":"Formatting title: Legend","logger":"root","filename":"new_tropes_dag.py","lineno":66}
{"timestamp":"2025-12-19T10:30:46.901703Z","level":"info","event":"Formatting title: Legion","logger":"root","filename":"new_tropes_dag.py","lineno":66}
{"timestamp":"2025-12-19T10:30:46.901727Z","level":"info","event":"Formatting title: Lego Movie The","logger":"root","filename":"new_tropes_dag.py","lineno":66}
{"timestamp":"2025-12-19T10:30:46.901750Z","level":"info","event":"Formatting title: Lenny","logger":"root","filename":"new_tropes_dag.py","lineno":66}
{"timestamp":"2025-12-19T10:30:46.901774Z","level":"info","event":"Formatting title: Leprechaun","logger":"root","filename":"new_tropes_dag.py","lineno":66}
{"timestamp":"2025-12-19T10:30:46.901798Z","level":"info","event":"Formatting title: Leprechaun 2","logger":"root","filename":"new_tropes_dag.py","lineno":66}
{"timestamp":"2025-12-19T10:30:46.901822Z","level":"info","event":"Formatting title: Les Miserables","logger":"root","filename":"new_tropes_dag.py","lineno":66}
{"timestamp":"2025-12-19T10:30:46.901846Z","level":"info","event":"Formatting title: Les Misérables","logger":"root","filename":"new_tropes_dag.py","lineno":66}
{"timestamp":"2025-12-19T10:30:46.901873Z","level":"info","event":"Formatting title: Les Tontons Flingueurs","logger":"root","filename":"new_tropes_dag.py","lineno":66}
{"timestamp":"2025-12-19T10:30:46.901897Z","level":"info","event":"Formatting title: Let Me In","logger":"root","filename":"new_tropes_dag.py","lineno":66}
{"timestamp":"2025-12-19T10:30:46.901921Z","level":"info","event":"Formatting title: Lethal Weapon","logger":"root","filename":"new_tropes_dag.py","lineno":66}
{"timestamp":"2025-12-19T10:30:46.901944Z","level":"info","event":"Formatting title: Lethal Weapon 2","logger":"root","filename":"new_tropes_dag.py","lineno":66}
{"timestamp":"2025-12-19T10:30:46.901967Z","level":"info","event":"Formatting title: Lethal Weapon 4","logger":"root","filename":"new_tropes_dag.py","lineno":66}
{"timestamp":"2025-12-19T10:30:46.901999Z","level":"info","event":"Formatting title: Leviathan","logger":"root","filename":"new_tropes_dag.py","lineno":66}
{"timestamp":"2025-12-19T10:30:46.902023Z","level":"info","event":"Formatting title: Liar Liar","logger":"root","filename":"new_tropes_dag.py","lineno":66}
{"timestamp":"2025-12-19T10:30:46.902073Z","level":"info","event":"Formatting title: License To Kill","logger":"root","filename":"new_tropes_dag.py","lineno":66}
{"timestamp":"2025-12-19T10:30:46.902101Z","level":"info","event":"Formatting title: Life","logger":"root","filename":"new_tropes_dag.py","lineno":66}
{"timestamp":"2025-12-19T10:30:46.902128Z","level":"info","event":"Formatting title: Life As A House","logger":"root","filename":"new_tropes_dag.py","lineno":66}
{"timestamp":"2025-12-19T10:30:46.902154Z","level":"info","event":"Formatting title: Life Itself","logger":"root","filename":"new_tropes_dag.py","lineno":66}
{"timestamp":"2025-12-19T10:30:46.902180Z","level":"info","event":"Formatting title: Life Of David Gale The","logger":"root","filename":"new_tropes_dag.py","lineno":66}
{"timestamp":"2025-12-19T10:30:46.902223Z","level":"info","event":"Formatting title: Life Of Pi","logger":"root","filename":"new_tropes_dag.py","lineno":66}
{"timestamp":"2025-12-19T10:30:46.902256Z","level":"info","event":"Formatting title: Life Stinks","logger":"root","filename":"new_tropes_dag.py","lineno":66}
{"timestamp":"2025-12-19T10:30:46.902283Z","level":"info","event":"Formatting title: Light Sleeper","logger":"root","filename":"new_tropes_dag.py","lineno":66}
{"timestamp":"2025-12-19T10:30:46.902310Z","level":"info","event":"Formatting title: Lights Out","logger":"root","filename":"new_tropes_dag.py","lineno":66}
{"timestamp":"2025-12-19T10:30:46.902336Z","level":"info","event":"Formatting title: Like Father Like Son","logger":"root","filename":"new_tropes_dag.py","lineno":66}
{"timestamp":"2025-12-19T10:30:46.902362Z","level":"info","event":"Formatting title: Limey The","logger":"root","filename":"new_tropes_dag.py","lineno":66}
{"timestamp":"2025-12-19T10:30:46.902388Z","level":"info","event":"Formatting title: Limitless","logger":"root","filename":"new_tropes_dag.py","lineno":66}
{"timestamp":"2025-12-19T10:30:46.902413Z","level":"info","event":"Formatting title: Lincoln","logger":"root","filename":"new_tropes_dag.py","lineno":66}
{"timestamp":"2025-12-19T10:30:46.902439Z","level":"info","event":"Formatting title: Lincoln Lawyer The","logger":"root","filename":"new_tropes_dag.py","lineno":66}
{"timestamp":"2025-12-19T10:30:46.902465Z","level":"info","event":"Formatting title: Lion","logger":"root","filename":"new_tropes_dag.py","lineno":66}
{"timestamp":"2025-12-19T10:30:46.902489Z","level":"info","event":"Formatting title: Lion King The","logger":"root","filename":"new_tropes_dag.py","lineno":66}
{"timestamp":"2025-12-19T10:30:46.902514Z","level":"info","event":"Formatting title: Little Athens","logger":"root","filename":"new_tropes_dag.py","lineno":66}
{"timestamp":"2025-12-19T10:30:46.902540Z","level":"info","event":"Formatting title: Little Men","logger":"root","filename":"new_tropes_dag.py","lineno":66}
{"timestamp":"2025-12-19T10:30:46.902565Z","level":"info","event":"Formatting title: Little Mermaid The","logger":"root","filename":"new_tropes_dag.py","lineno":66}
{"timestamp":"2025-12-19T10:30:46.902589Z","level":"info","event":"Formatting title: Little Miss Sunshine","logger":"root","filename":"new_tropes_dag.py","lineno":66}
{"timestamp":"2025-12-19T10:30:46.902614Z","level":"info","event":"Formatting title: Little Nicky","logger":"root","filename":"new_tropes_dag.py","lineno":66}
{"timestamp":"2025-12-19T10:30:46.902702Z","level":"info","event":"Formatting title: Little Shop Of Horrors","logger":"root","filename":"new_tropes_dag.py","lineno":66}
{"timestamp":"2025-12-19T10:30:46.902821Z","level":"info","event":"Formatting title: Little Women","logger":"root","filename":"new_tropes_dag.py","lineno":66}
{"timestamp":"2025-12-19T10:30:46.902883Z","level":"info","event":"Formatting title: Live And Let Die","logger":"root","filename":"new_tropes_dag.py","lineno":66}
{"timestamp":"2025-12-19T10:30:46.902926Z","level":"info","event":"Formatting title: Live By Night","logger":"root","filename":"new_tropes_dag.py","lineno":66}
{"timestamp":"2025-12-19T10:30:46.902958Z","level":"info","event":"Formatting title: Live Free Or Die Hard","logger":"root","filename":"new_tropes_dag.py","lineno":66}
{"timestamp":"2025-12-19T10:30:46.902987Z","level":"info","event":"Formatting title: Living","logger":"root","filename":"new_tropes_dag.py","lineno":66}
{"timestamp":"2025-12-19T10:30:46.903015Z","level":"info","event":"Formatting title: Living In Oblivion","logger":"root","filename":"new_tropes_dag.py","lineno":66}
{"timestamp":"2025-12-19T10:30:46.903169Z","level":"info","event":"Formatting title: Lock Stock And Two Smoking Barrels","logger":"root","filename":"new_tropes_dag.py","lineno":66}
{"timestamp":"2025-12-19T10:30:46.903210Z","level":"info","event":"Formatting title: Locke","logger":"root","filename":"new_tropes_dag.py","lineno":66}
{"timestamp":"2025-12-19T10:30:46.903238Z","level":"info","event":"Formatting title: Logan","logger":"root","filename":"new_tropes_dag.py","lineno":66}
{"timestamp":"2025-12-19T10:30:46.903281Z","level":"info","event":"Formatting title: Logans Run","logger":"root","filename":"new_tropes_dag.py","lineno":66}
{"timestamp":"2025-12-19T10:30:46.903320Z","level":"info","event":"Formatting title: Lone Star","logger":"root","filename":"new_tropes_dag.py","lineno":66}
{"timestamp":"2025-12-19T10:30:46.903349Z","level":"info","event":"Formatting title: Lone Survivor","logger":"root","filename":"new_tropes_dag.py","lineno":66}
{"timestamp":"2025-12-19T10:30:46.903377Z","level":"info","event":"Formatting title: Long Kiss Goodnight The","logger":"root","filename":"new_tropes_dag.py","lineno":66}
{"timestamp":"2025-12-19T10:30:46.903404Z","level":"info","event":"Formatting title: Looney Tunes Back In Action","logger":"root","filename":"new_tropes_dag.py","lineno":66}
{"timestamp":"2025-12-19T10:30:46.903430Z","level":"info","event":"Formatting title: Looper","logger":"root","filename":"new_tropes_dag.py","lineno":66}
{"timestamp":"2025-12-19T10:30:46.903455Z","level":"info","event":"Formatting title: Lord Of Illusions","logger":"root","filename":"new_tropes_dag.py","lineno":66}
{"timestamp":"2025-12-19T10:30:46.903481Z","level":"info","event":"Formatting title: Lord Of The Rings Fellowship Of The Ring The","logger":"root","filename":"new_tropes_dag.py","lineno":66}
{"timestamp":"2025-12-19T10:30:46.903506Z","level":"info","event":"Formatting title: Lord Of The Rings Return Of The King","logger":"root","filename":"new_tropes_dag.py","lineno":66}
{"timestamp":"2025-12-19T10:30:46.903556Z","level":"info","event":"Formatting title: Lord Of The Rings The Two Towers","logger":"root","filename":"new_tropes_dag.py","lineno":66}
{"timestamp":"2025-12-19T10:30:46.903584Z","level":"info","event":"Formatting title: Lord Of War","logger":"root","filename":"new_tropes_dag.py","lineno":66}
{"timestamp":"2025-12-19T10:30:46.903611Z","level":"info","event":"Formatting title: Losers The","logger":"root","filename":"new_tropes_dag.py","lineno":66}
{"timestamp":"2025-12-19T10:30:46.903639Z","level":"info","event":"Formatting title: Lost Highway","logger":"root","filename":"new_tropes_dag.py","lineno":66}
{"timestamp":"2025-12-19T10:30:46.903665Z","level":"info","event":"Formatting title: Lost Horizon","logger":"root","filename":"new_tropes_dag.py","lineno":66}
{"timestamp":"2025-12-19T10:30:46.903690Z","level":"info","event":"Formatting title: Lost In Space","logger":"root","filename":"new_tropes_dag.py","lineno":66}
{"timestamp":"2025-12-19T10:30:46.903716Z","level":"info","event":"Formatting title: Lost In Translation","logger":"root","filename":"new_tropes_dag.py","lineno":66}
{"timestamp":"2025-12-19T10:30:46.903757Z","level":"info","event":"Formatting title: Love & Other Drugs","logger":"root","filename":"new_tropes_dag.py","lineno":66}
{"timestamp":"2025-12-19T10:30:46.903794Z","level":"info","event":"Formatting title: Love Actually","logger":"root","filename":"new_tropes_dag.py","lineno":66}
{"timestamp":"2025-12-19T10:30:46.903825Z","level":"info","event":"Formatting title: Love And Basketball","logger":"root","filename":"new_tropes_dag.py","lineno":66}
{"timestamp":"2025-12-19T10:30:46.903852Z","level":"info","event":"Formatting title: Love And Friendship","logger":"root","filename":"new_tropes_dag.py","lineno":66}
{"timestamp":"2025-12-19T10:30:46.903878Z","level":"info","event":"Formatting title: Love Is Strange","logger":"root","filename":"new_tropes_dag.py","lineno":66}
{"timestamp":"2025-12-19T10:30:46.903904Z","level":"info","event":"Formatting title: Love Simon","logger":"root","filename":"new_tropes_dag.py","lineno":66}
{"timestamp":"2025-12-19T10:30:46.903931Z","level":"info","event":"Formatting title: Loving","logger":"root","filename":"new_tropes_dag.py","lineno":66}
{"timestamp":"2025-12-19T10:30:46.903961Z","level":"info","event":"Formatting title: Luca","logger":"root","filename":"new_tropes_dag.py","lineno":66}
{"timestamp":"2025-12-19T10:30:46.904027Z","level":"info","event":"Formatting title: Lucky Number Slevin","logger":"root","filename":"new_tropes_dag.py","lineno":66}
{"timestamp":"2025-12-19T10:30:46.904065Z","level":"info","event":"Formatting title: Lucy","logger":"root","filename":"new_tropes_dag.py","lineno":66}
{"timestamp":"2025-12-19T10:30:46.904094Z","level":"info","event":"Formatting title: Lucy In The Sky","logger":"root","filename":"new_tropes_dag.py","lineno":66}
{"timestamp":"2025-12-19T10:30:46.904126Z","level":"info","event":"Formatting title: Macgruber","logger":"root","filename":"new_tropes_dag.py","lineno":66}
{"timestamp":"2025-12-19T10:30:46.904157Z","level":"info","event":"Formatting title: Machete","logger":"root","filename":"new_tropes_dag.py","lineno":66}
{"timestamp":"2025-12-19T10:30:46.904197Z","level":"info","event":"Formatting title: Machine Gun Preacher","logger":"root","filename":"new_tropes_dag.py","lineno":66}
{"timestamp":"2025-12-19T10:30:46.904237Z","level":"info","event":"Formatting title: Mad Max 2 The Road Warrior","logger":"root","filename":"new_tropes_dag.py","lineno":66}
{"timestamp":"2025-12-19T10:30:46.904293Z","level":"info","event":"Formatting title: Mad Max Fury Road","logger":"root","filename":"new_tropes_dag.py","lineno":66}
{"timestamp":"2025-12-19T10:30:46.904352Z","level":"info","event":"Formatting title: Made","logger":"root","filename":"new_tropes_dag.py","lineno":66}
{"timestamp":"2025-12-19T10:30:46.904391Z","level":"info","event":"Formatting title: Made In Heaven","logger":"root","filename":"new_tropes_dag.py","lineno":66}
{"timestamp":"2025-12-19T10:30:46.904420Z","level":"info","event":"Formatting title: Maestro","logger":"root","filename":"new_tropes_dag.py","lineno":66}
{"timestamp":"2025-12-19T10:30:46.904468Z","level":"info","event":"Formatting title: Maggies Plan","logger":"root","filename":"new_tropes_dag.py","lineno":66}
{"timestamp":"2025-12-19T10:30:46.904500Z","level":"info","event":"Formatting title: Magnolia","logger":"root","filename":"new_tropes_dag.py","lineno":66}
{"timestamp":"2025-12-19T10:30:46.904527Z","level":"info","event":"Formatting title: Majestic The (the Bijou)","logger":"root","filename":"new_tropes_dag.py","lineno":66}
{"timestamp":"2025-12-19T10:30:46.904553Z","level":"info","event":"Formatting title: Major League","logger":"root","filename":"new_tropes_dag.py","lineno":66}
{"timestamp":"2025-12-19T10:30:46.904580Z","level":"info","event":"Formatting title: Malcolm & Marie","logger":"root","filename":"new_tropes_dag.py","lineno":66}
{"timestamp":"2025-12-19T10:30:46.904606Z","level":"info","event":"Formatting title: Malcolm X","logger":"root","filename":"new_tropes_dag.py","lineno":66}
{"timestamp":"2025-12-19T10:30:46.904634Z","level":"info","event":"Formatting title: Malibus Most Wanted","logger":"root","filename":"new_tropes_dag.py","lineno":66}
{"timestamp":"2025-12-19T10:30:46.904663Z","level":"info","event":"Formatting title: Malignant","logger":"root","filename":"new_tropes_dag.py","lineno":66}
{"timestamp":"2025-12-19T10:30:46.904713Z","level":"info","event":"Formatting title: Mallrats","logger":"root","filename":"new_tropes_dag.py","lineno":66}
{"timestamp":"2025-12-19T10:30:46.904743Z","level":"info","event":"Formatting title: Man In The Iron Mask","logger":"root","filename":"new_tropes_dag.py","lineno":66}
{"timestamp":"2025-12-19T10:30:46.904772Z","level":"info","event":"Formatting title: Man On A Ledge","logger":"root","filename":"new_tropes_dag.py","lineno":66}
{"timestamp":"2025-12-19T10:30:46.904799Z","level":"info","event":"Formatting title: Man On Fire","logger":"root","filename":"new_tropes_dag.py","lineno":66}
{"timestamp":"2025-12-19T10:30:46.904824Z","level":"info","event":"Formatting title: Man On The Moon","logger":"root","filename":"new_tropes_dag.py","lineno":66}
{"timestamp":"2025-12-19T10:30:46.904849Z","level":"info","event":"Formatting title: Man Trouble","logger":"root","filename":"new_tropes_dag.py","lineno":66}
{"timestamp":"2025-12-19T10:30:46.904892Z","level":"info","event":"Formatting title: Man Who Knew Too Much The","logger":"root","filename":"new_tropes_dag.py","lineno":66}
{"timestamp":"2025-12-19T10:30:46.904925Z","level":"info","event":"Formatting title: Man Who Wasnt There The","logger":"root","filename":"new_tropes_dag.py","lineno":66}
{"timestamp":"2025-12-19T10:30:46.904951Z","level":"info","event":"Formatting title: Manchurian Candidate The","logger":"root","filename":"new_tropes_dag.py","lineno":66}
{"timestamp":"2025-12-19T10:30:46.904977Z","level":"info","event":"Formatting title: Mandy","logger":"root","filename":"new_tropes_dag.py","lineno":66}
{"timestamp":"2025-12-19T10:30:46.905003Z","level":"info","event":"Formatting title: Manhattan Murder Mystery","logger":"root","filename":"new_tropes_dag.py","lineno":66}
{"timestamp":"2025-12-19T10:30:46.905029Z","level":"info","event":"Formatting title: Manhunter","logger":"root","filename":"new_tropes_dag.py","lineno":66}
{"timestamp":"2025-12-19T10:30:46.905056Z","level":"info","event":"Formatting title: Maniac Cop","logger":"root","filename":"new_tropes_dag.py","lineno":66}
{"timestamp":"2025-12-19T10:30:46.905100Z","level":"info","event":"Formatting title: Mank","logger":"root","filename":"new_tropes_dag.py","lineno":66}
{"timestamp":"2025-12-19T10:30:46.905132Z","level":"info","event":"Formatting title: Margaret","logger":"root","filename":"new_tropes_dag.py","lineno":66}
{"timestamp":"2025-12-19T10:30:46.905159Z","level":"info","event":"Formatting title: Margin Call","logger":"root","filename":"new_tropes_dag.py","lineno":66}
{"timestamp":"2025-12-19T10:30:46.905186Z","level":"info","event":"Formatting title: Margot At The Wedding","logger":"root","filename":"new_tropes_dag.py","lineno":66}
{"timestamp":"2025-12-19T10:30:46.905212Z","level":"info","event":"Formatting title: Maria","logger":"root","filename":"new_tropes_dag.py","lineno":66}
{"timestamp":"2025-12-19T10:30:46.905237Z","level":"info","event":"Formatting title: Maria Full Of Grace","logger":"root","filename":"new_tropes_dag.py","lineno":66}
{"timestamp":"2025-12-19T10:30:46.905262Z","level":"info","event":"Formatting title: Mariachi El","logger":"root","filename":"new_tropes_dag.py","lineno":66}
{"timestamp":"2025-12-19T10:30:46.905294Z","level":"info","event":"Formatting title: Marley & Me","logger":"root","filename":"new_tropes_dag.py","lineno":66}
{"timestamp":"2025-12-19T10:30:46.905344Z","level":"info","event":"Formatting title: Marriage Story","logger":"root","filename":"new_tropes_dag.py","lineno":66}
{"timestamp":"2025-12-19T10:30:46.905376Z","level":"info","event":"Formatting title: Mars Attacks","logger":"root","filename":"new_tropes_dag.py","lineno":66}
{"timestamp":"2025-12-19T10:30:46.905404Z","level":"info","event":"Formatting title: Martha Marcy May Marlene","logger":"root","filename":"new_tropes_dag.py","lineno":66}
{"timestamp":"2025-12-19T10:30:46.905432Z","level":"info","event":"Formatting title: Martian The","logger":"root","filename":"new_tropes_dag.py","lineno":66}
{"timestamp":"2025-12-19T10:30:46.905458Z","level":"info","event":"Formatting title: Marty","logger":"root","filename":"new_tropes_dag.py","lineno":66}
{"timestamp":"2025-12-19T10:30:46.905495Z","level":"info","event":"Formatting title: Martyrs","logger":"root","filename":"new_tropes_dag.py","lineno":66}
{"timestamp":"2025-12-19T10:30:46.905533Z","level":"info","event":"Formatting title: Mary Poppins","logger":"root","filename":"new_tropes_dag.py","lineno":66}
{"timestamp":"2025-12-19T10:30:46.905563Z","level":"info","event":"Formatting title: Mary Poppins Returns","logger":"root","filename":"new_tropes_dag.py","lineno":66}
{"timestamp":"2025-12-19T10:30:46.905591Z","level":"info","event":"Formatting title: Mary Queen Of Scots","logger":"root","filename":"new_tropes_dag.py","lineno":66}
{"timestamp":"2025-12-19T10:30:46.905618Z","level":"info","event":"Formatting title: Mary Shelleys Frankenstein","logger":"root","filename":"new_tropes_dag.py","lineno":66}
{"timestamp":"2025-12-19T10:30:46.905644Z","level":"info","event":"Formatting title: Mask The","logger":"root","filename":"new_tropes_dag.py","lineno":66}
{"timestamp":"2025-12-19T10:30:46.905692Z","level":"info","event":"Formatting title: Mass","logger":"root","filename":"new_tropes_dag.py","lineno":66}
{"timestamp":"2025-12-19T10:30:46.905722Z","level":"info","event":"Formatting title: Master","logger":"root","filename":"new_tropes_dag.py","lineno":66}
{"timestamp":"2025-12-19T10:30:46.905751Z","level":"info","event":"Formatting title: Master And Commander","logger":"root","filename":"new_tropes_dag.py","lineno":66}
{"timestamp":"2025-12-19T10:30:46.905778Z","level":"info","event":"Formatting title: Master The","logger":"root","filename":"new_tropes_dag.py","lineno":66}
{"timestamp":"2025-12-19T10:30:46.905804Z","level":"info","event":"Formatting title: Match Point","logger":"root","filename":"new_tropes_dag.py","lineno":66}
{"timestamp":"2025-12-19T10:30:46.905831Z","level":"info","event":"Formatting title: Matchstick Men","logger":"root","filename":"new_tropes_dag.py","lineno":66}
{"timestamp":"2025-12-19T10:30:46.905879Z","level":"info","event":"Formatting title: Matrix Reloaded The","logger":"root","filename":"new_tropes_dag.py","lineno":66}
{"timestamp":"2025-12-19T10:30:46.905909Z","level":"info","event":"Formatting title: Matrix The","logger":"root","filename":"new_tropes_dag.py","lineno":66}
{"timestamp":"2025-12-19T10:30:46.905937Z","level":"info","event":"Formatting title: Maudie","logger":"root","filename":"new_tropes_dag.py","lineno":66}
{"timestamp":"2025-12-19T10:30:46.905965Z","level":"info","event":"Formatting title: Max Payne","logger":"root","filename":"new_tropes_dag.py","lineno":66}
{"timestamp":"2025-12-19T10:30:46.905992Z","level":"info","event":"Formatting title: May December","logger":"root","filename":"new_tropes_dag.py","lineno":66}
{"timestamp":"2025-12-19T10:30:46.906018Z","level":"info","event":"Formatting title: Me And Earl And The Dying Girl","logger":"root","filename":"new_tropes_dag.py","lineno":66}
{"timestamp":"2025-12-19T10:30:46.906068Z","level":"info","event":"Formatting title: Me Him Her","logger":"root","filename":"new_tropes_dag.py","lineno":66}
{"timestamp":"2025-12-19T10:30:46.906100Z","level":"info","event":"Formatting title: Mean Girls","logger":"root","filename":"new_tropes_dag.py","lineno":66}
{"timestamp":"2025-12-19T10:30:46.906127Z","level":"info","event":"Formatting title: Mean Streets","logger":"root","filename":"new_tropes_dag.py","lineno":66}
{"timestamp":"2025-12-19T10:30:46.906154Z","level":"info","event":"Formatting title: Meatballs","logger":"root","filename":"new_tropes_dag.py","lineno":66}
{"timestamp":"2025-12-19T10:30:46.906189Z","level":"info","event":"Formatting title: Mechanic The","logger":"root","filename":"new_tropes_dag.py","lineno":66}
{"timestamp":"2025-12-19T10:30:46.906228Z","level":"info","event":"Formatting title: Meet Joe Black","logger":"root","filename":"new_tropes_dag.py","lineno":66}
{"timestamp":"2025-12-19T10:30:46.906257Z","level":"info","event":"Formatting title: Meet John Doe","logger":"root","filename":"new_tropes_dag.py","lineno":66}
{"timestamp":"2025-12-19T10:30:46.906284Z","level":"info","event":"Formatting title: Megamind","logger":"root","filename":"new_tropes_dag.py","lineno":66}
{"timestamp":"2025-12-19T10:30:46.906310Z","level":"info","event":"Formatting title: Memento","logger":"root","filename":"new_tropes_dag.py","lineno":66}
{"timestamp":"2025-12-19T10:30:46.951426Z","level":"info","event":"Formatting title: Memoirs Of A Geisha","logger":"root","filename":"new_tropes_dag.py","lineno":66}
{"timestamp":"2025-12-19T10:30:46.951530Z","level":"info","event":"Formatting title: Memories Of Murder","logger":"root","filename":"new_tropes_dag.py","lineno":66}
{"timestamp":"2025-12-19T10:30:46.951566Z","level":"info","event":"Formatting title: Memory","logger":"root","filename":"new_tropes_dag.py","lineno":66}
{"timestamp":"2025-12-19T10:30:46.951597Z","level":"info","event":"Formatting title: Men In Black","logger":"root","filename":"new_tropes_dag.py","lineno":66}
{"timestamp":"2025-12-19T10:30:46.951625Z","level":"info","event":"Formatting title: Men In Black 3","logger":"root","filename":"new_tropes_dag.py","lineno":66}
{"timestamp":"2025-12-19T10:30:46.951650Z","level":"info","event":"Formatting title: Men Who Stare At Goats The","logger":"root","filename":"new_tropes_dag.py","lineno":66}
{"timestamp":"2025-12-19T10:30:46.951676Z","level":"info","event":"Formatting title: Menace 2 Society","logger":"root","filename":"new_tropes_dag.py","lineno":66}
{"timestamp":"2025-12-19T10:30:46.951701Z","level":"info","event":"Formatting title: Menu The","logger":"root","filename":"new_tropes_dag.py","lineno":66}
{"timestamp":"2025-12-19T10:30:46.951728Z","level":"info","event":"Formatting title: Metro","logger":"root","filename":"new_tropes_dag.py","lineno":66}
{"timestamp":"2025-12-19T10:30:46.951753Z","level":"info","event":"Formatting title: Miami Vice","logger":"root","filename":"new_tropes_dag.py","lineno":66}
{"timestamp":"2025-12-19T10:30:46.951778Z","level":"info","event":"Formatting title: Michael Clayton","logger":"root","filename":"new_tropes_dag.py","lineno":66}
{"timestamp":"2025-12-19T10:30:46.951804Z","level":"info","event":"Formatting title: Mid90s","logger":"root","filename":"new_tropes_dag.py","lineno":66}
{"timestamp":"2025-12-19T10:30:46.951830Z","level":"info","event":"Formatting title: Midnight Cowboy","logger":"root","filename":"new_tropes_dag.py","lineno":66}
{"timestamp":"2025-12-19T10:30:46.951856Z","level":"info","event":"Formatting title: Midnight Express","logger":"root","filename":"new_tropes_dag.py","lineno":66}
{"timestamp":"2025-12-19T10:30:46.951881Z","level":"info","event":"Formatting title: Midnight In Paris","logger":"root","filename":"new_tropes_dag.py","lineno":66}
{"timestamp":"2025-12-19T10:30:46.951906Z","level":"info","event":"Formatting title: Midnight Run","logger":"root","filename":"new_tropes_dag.py","lineno":66}
{"timestamp":"2025-12-19T10:30:46.951929Z","level":"info","event":"Formatting title: Midsommar","logger":"root","filename":"new_tropes_dag.py","lineno":66}
{"timestamp":"2025-12-19T10:30:46.951953Z","level":"info","event":"Formatting title: Midway","logger":"root","filename":"new_tropes_dag.py","lineno":66}
{"timestamp":"2025-12-19T10:30:46.951978Z","level":"info","event":"Formatting title: Mighty Joe Young","logger":"root","filename":"new_tropes_dag.py","lineno":66}
{"timestamp":"2025-12-19T10:30:46.952003Z","level":"info","event":"Formatting title: Mighty Morphin Power Rangers The Movie","logger":"root","filename":"new_tropes_dag.py","lineno":66}
{"timestamp":"2025-12-19T10:30:46.952028Z","level":"info","event":"Formatting title: Mikey And Nicky","logger":"root","filename":"new_tropes_dag.py","lineno":66}
{"timestamp":"2025-12-19T10:30:46.952051Z","level":"info","event":"Formatting title: Miles Ahead","logger":"root","filename":"new_tropes_dag.py","lineno":66}
{"timestamp":"2025-12-19T10:30:46.952075Z","level":"info","event":"Formatting title: Milk","logger":"root","filename":"new_tropes_dag.py","lineno":66}
{"timestamp":"2025-12-19T10:30:46.952099Z","level":"info","event":"Formatting title: Millers Crossing","logger":"root","filename":"new_tropes_dag.py","lineno":66}
{"timestamp":"2025-12-19T10:30:46.952123Z","level":"info","event":"Formatting title: Millers Girl","logger":"root","filename":"new_tropes_dag.py","lineno":66}
{"timestamp":"2025-12-19T10:30:46.952158Z","level":"info","event":"Formatting title: Million Dollar Baby","logger":"root","filename":"new_tropes_dag.py","lineno":66}
{"timestamp":"2025-12-19T10:30:46.952183Z","level":"info","event":"Formatting title: Mimic","logger":"root","filename":"new_tropes_dag.py","lineno":66}
{"timestamp":"2025-12-19T10:30:46.952207Z","level":"info","event":"Formatting title: Minari","logger":"root","filename":"new_tropes_dag.py","lineno":66}
{"timestamp":"2025-12-19T10:30:46.952231Z","level":"info","event":"Formatting title: Minis First Time","logger":"root","filename":"new_tropes_dag.py","lineno":66}
{"timestamp":"2025-12-19T10:30:46.952255Z","level":"info","event":"Formatting title: Minority Report","logger":"root","filename":"new_tropes_dag.py","lineno":66}
{"timestamp":"2025-12-19T10:30:46.952329Z","level":"info","event":"Formatting title: Miracle Worker The","logger":"root","filename":"new_tropes_dag.py","lineno":66}
{"timestamp":"2025-12-19T10:30:46.952366Z","level":"info","event":"Formatting title: Mirrors","logger":"root","filename":"new_tropes_dag.py","lineno":66}
{"timestamp":"2025-12-19T10:30:46.952394Z","level":"info","event":"Formatting title: Misery","logger":"root","filename":"new_tropes_dag.py","lineno":66}
{"timestamp":"2025-12-19T10:30:46.952420Z","level":"info","event":"Formatting title: Miss Congeniality","logger":"root","filename":"new_tropes_dag.py","lineno":66}
{"timestamp":"2025-12-19T10:30:46.952446Z","level":"info","event":"Formatting title: Miss Sloane","logger":"root","filename":"new_tropes_dag.py","lineno":66}
{"timestamp":"2025-12-19T10:30:46.952472Z","level":"info","event":"Formatting title: Mission Impossible","logger":"root","filename":"new_tropes_dag.py","lineno":66}
{"timestamp":"2025-12-19T10:30:46.952499Z","level":"info","event":"Formatting title: Mission Impossible 2","logger":"root","filename":"new_tropes_dag.py","lineno":66}
{"timestamp":"2025-12-19T10:30:46.952525Z","level":"info","event":"Formatting title: Mission Impossible 3","logger":"root","filename":"new_tropes_dag.py","lineno":66}
{"timestamp":"2025-12-19T10:30:46.952549Z","level":"info","event":"Formatting title: Mission Impossible Fallout","logger":"root","filename":"new_tropes_dag.py","lineno":66}
{"timestamp":"2025-12-19T10:30:46.952573Z","level":"info","event":"Formatting title: Mission Impossible Rogue Nation","logger":"root","filename":"new_tropes_dag.py","lineno":66}
{"timestamp":"2025-12-19T10:30:46.952598Z","level":"info","event":"Formatting title: Mission To Mars","logger":"root","filename":"new_tropes_dag.py","lineno":66}
{"timestamp":"2025-12-19T10:30:46.952622Z","level":"info","event":"Formatting title: Mollys Game","logger":"root","filename":"new_tropes_dag.py","lineno":66}
{"timestamp":"2025-12-19T10:30:46.952645Z","level":"info","event":"Formatting title: Moneyball","logger":"root","filename":"new_tropes_dag.py","lineno":66}
{"timestamp":"2025-12-19T10:30:46.952668Z","level":"info","event":"Formatting title: Monkeybone","logger":"root","filename":"new_tropes_dag.py","lineno":66}
{"timestamp":"2025-12-19T10:30:46.952694Z","level":"info","event":"Formatting title: Monster","logger":"root","filename":"new_tropes_dag.py","lineno":66}
{"timestamp":"2025-12-19T10:30:46.952717Z","level":"info","event":"Formatting title: Monsters Ball","logger":"root","filename":"new_tropes_dag.py","lineno":66}
{"timestamp":"2025-12-19T10:30:46.952741Z","level":"info","event":"Formatting title: Monsters Inc","logger":"root","filename":"new_tropes_dag.py","lineno":66}
{"timestamp":"2025-12-19T10:30:46.952764Z","level":"info","event":"Formatting title: Monsters University","logger":"root","filename":"new_tropes_dag.py","lineno":66}
{"timestamp":"2025-12-19T10:30:46.952788Z","level":"info","event":"Formatting title: Monte Carlo","logger":"root","filename":"new_tropes_dag.py","lineno":66}
{"timestamp":"2025-12-19T10:30:46.952813Z","level":"info","event":"Formatting title: Moon","logger":"root","filename":"new_tropes_dag.py","lineno":66}
{"timestamp":"2025-12-19T10:30:46.952840Z","level":"info","event":"Formatting title: Moonlight","logger":"root","filename":"new_tropes_dag.py","lineno":66}
{"timestamp":"2025-12-19T10:30:46.952865Z","level":"info","event":"Formatting title: Moonrise Kingdom","logger":"root","filename":"new_tropes_dag.py","lineno":66}
{"timestamp":"2025-12-19T10:30:46.952889Z","level":"info","event":"Formatting title: Moonstruck","logger":"root","filename":"new_tropes_dag.py","lineno":66}
{"timestamp":"2025-12-19T10:30:46.952914Z","level":"info","event":"Formatting title: Mother","logger":"root","filename":"new_tropes_dag.py","lineno":66}
{"timestamp":"2025-12-19T10:30:46.952938Z","level":"info","event":"Formatting title: Motherless Brooklyn","logger":"root","filename":"new_tropes_dag.py","lineno":66}
{"timestamp":"2025-12-19T10:30:46.952962Z","level":"info","event":"Formatting title: Moulin Rouge","logger":"root","filename":"new_tropes_dag.py","lineno":66}
{"timestamp":"2025-12-19T10:30:46.952986Z","level":"info","event":"Formatting title: Mr & Mrs Smith","logger":"root","filename":"new_tropes_dag.py","lineno":66}
{"timestamp":"2025-12-19T10:30:46.953011Z","level":"info","event":"Formatting title: Mr Blandings Builds His Dream House","logger":"root","filename":"new_tropes_dag.py","lineno":66}
{"timestamp":"2025-12-19T10:30:46.953056Z","level":"info","event":"Formatting title: Mr Brooks","logger":"root","filename":"new_tropes_dag.py","lineno":66}
{"timestamp":"2025-12-19T10:30:46.953089Z","level":"info","event":"Formatting title: Mr Deeds Goes To Town","logger":"root","filename":"new_tropes_dag.py","lineno":66}
{"timestamp":"2025-12-19T10:30:46.953116Z","level":"info","event":"Formatting title: Mr Hollands Opus","logger":"root","filename":"new_tropes_dag.py","lineno":66}
{"timestamp":"2025-12-19T10:30:46.953144Z","level":"info","event":"Formatting title: Mr Mom","logger":"root","filename":"new_tropes_dag.py","lineno":66}
{"timestamp":"2025-12-19T10:30:46.953170Z","level":"info","event":"Formatting title: Mr Nobody","logger":"root","filename":"new_tropes_dag.py","lineno":66}
{"timestamp":"2025-12-19T10:30:46.953196Z","level":"info","event":"Formatting title: Mr Right","logger":"root","filename":"new_tropes_dag.py","lineno":66}
{"timestamp":"2025-12-19T10:30:46.953220Z","level":"info","event":"Formatting title: Mr Turner","logger":"root","filename":"new_tropes_dag.py","lineno":66}
{"timestamp":"2025-12-19T10:30:46.953245Z","level":"info","event":"Formatting title: Mrs Brown","logger":"root","filename":"new_tropes_dag.py","lineno":66}
{"timestamp":"2025-12-19T10:30:46.953269Z","level":"info","event":"Formatting title: Mud","logger":"root","filename":"new_tropes_dag.py","lineno":66}
{"timestamp":"2025-12-19T10:30:46.953294Z","level":"info","event":"Formatting title: Mudbound","logger":"root","filename":"new_tropes_dag.py","lineno":66}
{"timestamp":"2025-12-19T10:30:46.953319Z","level":"info","event":"Formatting title: Mulan","logger":"root","filename":"new_tropes_dag.py","lineno":66}
{"timestamp":"2025-12-19T10:30:46.953342Z","level":"info","event":"Formatting title: Mulholland Dr","logger":"root","filename":"new_tropes_dag.py","lineno":66}
{"timestamp":"2025-12-19T10:30:46.953366Z","level":"info","event":"Formatting title: Mulholland Drive","logger":"root","filename":"new_tropes_dag.py","lineno":66}
{"timestamp":"2025-12-19T10:30:46.953390Z","level":"info","event":"Formatting title: Mumford","logger":"root","filename":"new_tropes_dag.py","lineno":66}
{"timestamp":"2025-12-19T10:30:46.953429Z","level":"info","event":"Formatting title: Mummy The","logger":"root","filename":"new_tropes_dag.py","lineno":66}
{"timestamp":"2025-12-19T10:30:46.953464Z","level":"info","event":"Formatting title: Murder On The Orient Express","logger":"root","filename":"new_tropes_dag.py","lineno":66}
{"timestamp":"2025-12-19T10:30:46.953493Z","level":"info","event":"Formatting title: Music Of The Heart","logger":"root","filename":"new_tropes_dag.py","lineno":66}
{"timestamp":"2025-12-19T10:30:46.953519Z","level":"info","event":"Formatting title: Mute Witness","logger":"root","filename":"new_tropes_dag.py","lineno":66}
{"timestamp":"2025-12-19T10:30:46.953546Z","level":"info","event":"Formatting title: My Best Friends Wedding","logger":"root","filename":"new_tropes_dag.py","lineno":66}
{"timestamp":"2025-12-19T10:30:46.953571Z","level":"info","event":"Formatting title: My Big Fat Greek Wedding 2","logger":"root","filename":"new_tropes_dag.py","lineno":66}
{"timestamp":"2025-12-19T10:30:46.953596Z","level":"info","event":"Formatting title: My Cousin Vinny","logger":"root","filename":"new_tropes_dag.py","lineno":66}
{"timestamp":"2025-12-19T10:30:46.953621Z","level":"info","event":"Formatting title: My Demon Lover","logger":"root","filename":"new_tropes_dag.py","lineno":66}
{"timestamp":"2025-12-19T10:30:46.953647Z","level":"info","event":"Formatting title: My Friend Dahmer","logger":"root","filename":"new_tropes_dag.py","lineno":66}
{"timestamp":"2025-12-19T10:30:46.953672Z","level":"info","event":"Formatting title: My Girl","logger":"root","filename":"new_tropes_dag.py","lineno":66}
{"timestamp":"2025-12-19T10:30:46.953699Z","level":"info","event":"Formatting title: My Mother Dreams The Satans Disciples In New York","logger":"root","filename":"new_tropes_dag.py","lineno":66}
{"timestamp":"2025-12-19T10:30:46.953728Z","level":"info","event":"Formatting title: My Old Ass","logger":"root","filename":"new_tropes_dag.py","lineno":66}
{"timestamp":"2025-12-19T10:30:46.953753Z","level":"info","event":"Formatting title: My Policeman","logger":"root","filename":"new_tropes_dag.py","lineno":66}
{"timestamp":"2025-12-19T10:30:46.953778Z","level":"info","event":"Formatting title: My Week With Marilyn","logger":"root","filename":"new_tropes_dag.py","lineno":66}
{"timestamp":"2025-12-19T10:30:46.953803Z","level":"info","event":"Formatting title: Mystery Men","logger":"root","filename":"new_tropes_dag.py","lineno":66}
{"timestamp":"2025-12-19T10:30:46.953827Z","level":"info","event":"Formatting title: Naked Gun 33 1/3 The Final Insult","logger":"root","filename":"new_tropes_dag.py","lineno":66}
{"timestamp":"2025-12-19T10:30:46.953853Z","level":"info","event":"Formatting title: Nanny","logger":"root","filename":"new_tropes_dag.py","lineno":66}
{"timestamp":"2025-12-19T10:30:46.953876Z","level":"info","event":"Formatting title: Napoleon","logger":"root","filename":"new_tropes_dag.py","lineno":66}
{"timestamp":"2025-12-19T10:30:46.953900Z","level":"info","event":"Formatting title: Napoleon Dynamite","logger":"root","filename":"new_tropes_dag.py","lineno":66}
{"timestamp":"2025-12-19T10:30:46.953924Z","level":"info","event":"Formatting title: Nashville","logger":"root","filename":"new_tropes_dag.py","lineno":66}
{"timestamp":"2025-12-19T10:30:46.953948Z","level":"info","event":"Formatting title: National Lampoons Animal House","logger":"root","filename":"new_tropes_dag.py","lineno":66}
{"timestamp":"2025-12-19T10:30:46.953973Z","level":"info","event":"Formatting title: National Lampoons Christmas Vacation","logger":"root","filename":"new_tropes_dag.py","lineno":66}
{"timestamp":"2025-12-19T10:30:46.953995Z","level":"info","event":"Formatting title: National Lampoons European Vacation","logger":"root","filename":"new_tropes_dag.py","lineno":66}
{"timestamp":"2025-12-19T10:30:46.954020Z","level":"info","event":"Formatting title: National Lampoons Vacation","logger":"root","filename":"new_tropes_dag.py","lineno":66}
{"timestamp":"2025-12-19T10:30:46.954045Z","level":"info","event":"Formatting title: National Treasure","logger":"root","filename":"new_tropes_dag.py","lineno":66}
{"timestamp":"2025-12-19T10:30:46.954070Z","level":"info","event":"Formatting title: Natural Born Killers","logger":"root","filename":"new_tropes_dag.py","lineno":66}
{"timestamp":"2025-12-19T10:30:46.954094Z","level":"info","event":"Formatting title: Near Dark","logger":"root","filename":"new_tropes_dag.py","lineno":66}
{"timestamp":"2025-12-19T10:30:46.954118Z","level":"info","event":"Formatting title: Nebraska","logger":"root","filename":"new_tropes_dag.py","lineno":66}
{"timestamp":"2025-12-19T10:30:46.954143Z","level":"info","event":"Formatting title: Nell","logger":"root","filename":"new_tropes_dag.py","lineno":66}
{"timestamp":"2025-12-19T10:30:46.954168Z","level":"info","event":"Formatting title: Network","logger":"root","filename":"new_tropes_dag.py","lineno":66}
{"timestamp":"2025-12-19T10:30:46.954192Z","level":"info","event":"Formatting title: Never Been Kissed","logger":"root","filename":"new_tropes_dag.py","lineno":66}
{"timestamp":"2025-12-19T10:30:46.954216Z","level":"info","event":"Formatting title: Never Look Away","logger":"root","filename":"new_tropes_dag.py","lineno":66}
{"timestamp":"2025-12-19T10:30:46.954240Z","level":"info","event":"Formatting title: Never Rarely Sometimes Always","logger":"root","filename":"new_tropes_dag.py","lineno":66}
{"timestamp":"2025-12-19T10:30:46.954262Z","level":"info","event":"Formatting title: Neverending Story The","logger":"root","filename":"new_tropes_dag.py","lineno":66}
{"timestamp":"2025-12-19T10:30:46.954286Z","level":"info","event":"Formatting title: New Jack City","logger":"root","filename":"new_tropes_dag.py","lineno":66}
{"timestamp":"2025-12-19T10:30:46.954309Z","level":"info","event":"Formatting title: New York Minute","logger":"root","filename":"new_tropes_dag.py","lineno":66}
{"timestamp":"2025-12-19T10:30:46.954332Z","level":"info","event":"Formatting title: Newsies","logger":"root","filename":"new_tropes_dag.py","lineno":66}
{"timestamp":"2025-12-19T10:30:46.954356Z","level":"info","event":"Formatting title: Next","logger":"root","filename":"new_tropes_dag.py","lineno":66}
{"timestamp":"2025-12-19T10:30:46.954380Z","level":"info","event":"Formatting title: Next Friday","logger":"root","filename":"new_tropes_dag.py","lineno":66}
{"timestamp":"2025-12-19T10:30:46.954404Z","level":"info","event":"Formatting title: Next Three Days The","logger":"root","filename":"new_tropes_dag.py","lineno":66}
{"timestamp":"2025-12-19T10:30:46.954427Z","level":"info","event":"Formatting title: Ni Vu Ni Connu","logger":"root","filename":"new_tropes_dag.py","lineno":66}
{"timestamp":"2025-12-19T10:30:46.954450Z","level":"info","event":"Formatting title: Nick And Norahs Infinite Playlist","logger":"root","filename":"new_tropes_dag.py","lineno":66}
{"timestamp":"2025-12-19T10:30:46.954473Z","level":"info","event":"Formatting title: Nick Of Time","logger":"root","filename":"new_tropes_dag.py","lineno":66}
{"timestamp":"2025-12-19T10:30:46.954497Z","level":"info","event":"Formatting title: Nickel Boys","logger":"root","filename":"new_tropes_dag.py","lineno":66}
{"timestamp":"2025-12-19T10:30:46.954519Z","level":"info","event":"Formatting title: Night Nurse","logger":"root","filename":"new_tropes_dag.py","lineno":66}
{"timestamp":"2025-12-19T10:30:46.954543Z","level":"info","event":"Formatting title: Night Of The Demons","logger":"root","filename":"new_tropes_dag.py","lineno":66}
{"timestamp":"2025-12-19T10:30:46.954566Z","level":"info","event":"Formatting title: Night Of The Living Dead","logger":"root","filename":"new_tropes_dag.py","lineno":66}
{"timestamp":"2025-12-19T10:30:46.954588Z","level":"info","event":"Formatting title: Night Time (the Poltergeist Treatment)","logger":"root","filename":"new_tropes_dag.py","lineno":66}
{"timestamp":"2025-12-19T10:30:46.954611Z","level":"info","event":"Formatting title: Nightbitch","logger":"root","filename":"new_tropes_dag.py","lineno":66}
{"timestamp":"2025-12-19T10:30:46.954634Z","level":"info","event":"Formatting title: Nightbreed","logger":"root","filename":"new_tropes_dag.py","lineno":66}
{"timestamp":"2025-12-19T10:30:46.954659Z","level":"info","event":"Formatting title: Nightcrawler","logger":"root","filename":"new_tropes_dag.py","lineno":66}
{"timestamp":"2025-12-19T10:30:46.954683Z","level":"info","event":"Formatting title: Nightmare Alley","logger":"root","filename":"new_tropes_dag.py","lineno":66}
{"timestamp":"2025-12-19T10:30:46.954706Z","level":"info","event":"Formatting title: Nightmare Before Christmas The","logger":"root","filename":"new_tropes_dag.py","lineno":66}
{"timestamp":"2025-12-19T10:30:46.954730Z","level":"info","event":"Formatting title: Nightmare Before Christmas The","logger":"root","filename":"new_tropes_dag.py","lineno":66}
{"timestamp":"2025-12-19T10:30:46.954753Z","level":"info","event":"Formatting title: Nightmare On Elm Street A","logger":"root","filename":"new_tropes_dag.py","lineno":66}
{"timestamp":"2025-12-19T10:30:46.954777Z","level":"info","event":"Formatting title: Nightmare On Elm Street The Final Chapter","logger":"root","filename":"new_tropes_dag.py","lineno":66}
{"timestamp":"2025-12-19T10:30:46.954801Z","level":"info","event":"Formatting title: Nine","logger":"root","filename":"new_tropes_dag.py","lineno":66}
{"timestamp":"2025-12-19T10:30:46.954824Z","level":"info","event":"Formatting title: Nine Days","logger":"root","filename":"new_tropes_dag.py","lineno":66}
{"timestamp":"2025-12-19T10:30:46.954847Z","level":"info","event":"Formatting title: Nines The","logger":"root","filename":"new_tropes_dag.py","lineno":66}
{"timestamp":"2025-12-19T10:30:46.954870Z","level":"info","event":"Formatting title: Ninja Assassin","logger":"root","filename":"new_tropes_dag.py","lineno":66}
{"timestamp":"2025-12-19T10:30:46.954893Z","level":"info","event":"Formatting title: Ninotchka","logger":"root","filename":"new_tropes_dag.py","lineno":66}
{"timestamp":"2025-12-19T10:30:46.954918Z","level":"info","event":"Formatting title: Ninth Gate The","logger":"root","filename":"new_tropes_dag.py","lineno":66}
{"timestamp":"2025-12-19T10:30:46.954943Z","level":"info","event":"Formatting title: Nixon","logger":"root","filename":"new_tropes_dag.py","lineno":66}
{"timestamp":"2025-12-19T10:30:46.954967Z","level":"info","event":"Formatting title: No Country For Old Men","logger":"root","filename":"new_tropes_dag.py","lineno":66}
{"timestamp":"2025-12-19T10:30:46.954990Z","level":"info","event":"Formatting title: No Hard Feelings","logger":"root","filename":"new_tropes_dag.py","lineno":66}
{"timestamp":"2025-12-19T10:30:46.955013Z","level":"info","event":"Formatting title: No One Will Save You","logger":"root","filename":"new_tropes_dag.py","lineno":66}
{"timestamp":"2025-12-19T10:30:46.955052Z","level":"info","event":"Formatting title: No Strings Attached","logger":"root","filename":"new_tropes_dag.py","lineno":66}
{"timestamp":"2025-12-19T10:30:46.955089Z","level":"info","event":"Formatting title: No Time To Die","logger":"root","filename":"new_tropes_dag.py","lineno":66}
{"timestamp":"2025-12-19T10:30:46.955118Z","level":"info","event":"Formatting title: Nocturnal Animals","logger":"root","filename":"new_tropes_dag.py","lineno":66}
{"timestamp":"2025-12-19T10:30:46.955145Z","level":"info","event":"Formatting title: Nomadland","logger":"root","filename":"new_tropes_dag.py","lineno":66}
{"timestamp":"2025-12-19T10:30:46.955171Z","level":"info","event":"Formatting title: Nope","logger":"root","filename":"new_tropes_dag.py","lineno":66}
{"timestamp":"2025-12-19T10:30:46.955196Z","level":"info","event":"Formatting title: Norma Rae","logger":"root","filename":"new_tropes_dag.py","lineno":66}
{"timestamp":"2025-12-19T10:30:46.955220Z","level":"info","event":"Formatting title: North By Northwest","logger":"root","filename":"new_tropes_dag.py","lineno":66}
{"timestamp":"2025-12-19T10:30:46.955245Z","level":"info","event":"Formatting title: Nosferatu","logger":"root","filename":"new_tropes_dag.py","lineno":66}
{"timestamp":"2025-12-19T10:30:46.955269Z","level":"info","event":"Formatting title: Not Easily Broken","logger":"root","filename":"new_tropes_dag.py","lineno":66}
{"timestamp":"2025-12-19T10:30:46.955295Z","level":"info","event":"Formatting title: Notorious","logger":"root","filename":"new_tropes_dag.py","lineno":66}
{"timestamp":"2025-12-19T10:30:46.955320Z","level":"info","event":"Formatting title: Notting Hill","logger":"root","filename":"new_tropes_dag.py","lineno":66}
{"timestamp":"2025-12-19T10:30:46.955345Z","level":"info","event":"Formatting title: Now You See Me","logger":"root","filename":"new_tropes_dag.py","lineno":66}
{"timestamp":"2025-12-19T10:30:46.955369Z","level":"info","event":"Formatting title: Nowhere Boy","logger":"root","filename":"new_tropes_dag.py","lineno":66}
{"timestamp":"2025-12-19T10:30:46.955393Z","level":"info","event":"Formatting title: Nurse Betty","logger":"root","filename":"new_tropes_dag.py","lineno":66}
{"timestamp":"2025-12-19T10:30:46.955416Z","level":"info","event":"Formatting title: O Brother Where Art Thou","logger":"root","filename":"new_tropes_dag.py","lineno":66}
{"timestamp":"2025-12-19T10:30:46.955440Z","level":"info","event":"Formatting title: Oblivion","logger":"root","filename":"new_tropes_dag.py","lineno":66}
{"timestamp":"2025-12-19T10:30:46.955464Z","level":"info","event":"Formatting title: Observe And Report","logger":"root","filename":"new_tropes_dag.py","lineno":66}
{"timestamp":"2025-12-19T10:30:46.955489Z","level":"info","event":"Formatting title: Obsessed","logger":"root","filename":"new_tropes_dag.py","lineno":66}
{"timestamp":"2025-12-19T10:30:46.955543Z","level":"info","event":"Formatting title: Oceans 8","logger":"root","filename":"new_tropes_dag.py","lineno":66}
{"timestamp":"2025-12-19T10:30:46.955580Z","level":"info","event":"Formatting title: Oceans Eleven","logger":"root","filename":"new_tropes_dag.py","lineno":66}
{"timestamp":"2025-12-19T10:30:46.955610Z","level":"info","event":"Formatting title: Oceans Twelve","logger":"root","filename":"new_tropes_dag.py","lineno":66}
{"timestamp":"2025-12-19T10:30:46.955640Z","level":"info","event":"Formatting title: Octopussy","logger":"root","filename":"new_tropes_dag.py","lineno":66}
{"timestamp":"2025-12-19T10:30:46.955667Z","level":"info","event":"Formatting title: Oculus","logger":"root","filename":"new_tropes_dag.py","lineno":66}
{"timestamp":"2025-12-19T10:30:46.955695Z","level":"info","event":"Formatting title: Office Space","logger":"root","filename":"new_tropes_dag.py","lineno":66}
{"timestamp":"2025-12-19T10:30:46.955727Z","level":"info","event":"Formatting title: Officer And A Gentleman An","logger":"root","filename":"new_tropes_dag.py","lineno":66}
{"timestamp":"2025-12-19T10:30:46.955777Z","level":"info","event":"Formatting title: Okja","logger":"root","filename":"new_tropes_dag.py","lineno":66}
{"timestamp":"2025-12-19T10:30:46.955816Z","level":"info","event":"Formatting title: Olympus Has Fallen","logger":"root","filename":"new_tropes_dag.py","lineno":66}
{"timestamp":"2025-12-19T10:30:46.955846Z","level":"info","event":"Formatting title: Omega Man","logger":"root","filename":"new_tropes_dag.py","lineno":66}
{"timestamp":"2025-12-19T10:30:46.955942Z","level":"info","event":"Formatting title: On The Basis Of Sex","logger":"root","filename":"new_tropes_dag.py","lineno":66}
{"timestamp":"2025-12-19T10:30:46.956052Z","level":"info","event":"Formatting title: Once Upon A Time In America","logger":"root","filename":"new_tropes_dag.py","lineno":66}
{"timestamp":"2025-12-19T10:30:46.956102Z","level":"info","event":"Formatting title: Once Upon A Time In Mexico","logger":"root","filename":"new_tropes_dag.py","lineno":66}
{"timestamp":"2025-12-19T10:30:46.956136Z","level":"info","event":"Formatting title: One Eight Seven","logger":"root","filename":"new_tropes_dag.py","lineno":66}
{"timestamp":"2025-12-19T10:30:46.956176Z","level":"info","event":"Formatting title: One Flew Over The Cuckoos Nest","logger":"root","filename":"new_tropes_dag.py","lineno":66}
{"timestamp":"2025-12-19T10:30:46.956236Z","level":"info","event":"Formatting title: One Night In Miami","logger":"root","filename":"new_tropes_dag.py","lineno":66}
{"timestamp":"2025-12-19T10:30:46.956394Z","level":"info","event":"Formatting title: Only God Forgives","logger":"root","filename":"new_tropes_dag.py","lineno":66}
{"timestamp":"2025-12-19T10:30:46.956472Z","level":"info","event":"Formatting title: Only Lovers Left Alive","logger":"root","filename":"new_tropes_dag.py","lineno":66}
{"timestamp":"2025-12-19T10:30:46.956556Z","level":"info","event":"Formatting title: Only The Brave","logger":"root","filename":"new_tropes_dag.py","lineno":66}
{"timestamp":"2025-12-19T10:30:46.956624Z","level":"info","event":"Formatting title: Onward","logger":"root","filename":"new_tropes_dag.py","lineno":66}
{"timestamp":"2025-12-19T10:30:46.956693Z","level":"info","event":"Formatting title: Oppenheimer","logger":"root","filename":"new_tropes_dag.py","lineno":66}
{"timestamp":"2025-12-19T10:30:46.956770Z","level":"info","event":"Formatting title: Ordinary People","logger":"root","filename":"new_tropes_dag.py","lineno":66}
{"timestamp":"2025-12-19T10:30:46.956824Z","level":"info","event":"Formatting title: Orgy Of The Dead","logger":"root","filename":"new_tropes_dag.py","lineno":66}
{"timestamp":"2025-12-19T10:30:46.956874Z","level":"info","event":"Formatting title: Origin","logger":"root","filename":"new_tropes_dag.py","lineno":66}
{"timestamp":"2025-12-19T10:30:46.956912Z","level":"info","event":"Formatting title: Orphan","logger":"root","filename":"new_tropes_dag.py","lineno":66}
{"timestamp":"2025-12-19T10:30:46.956955Z","level":"info","event":"Formatting title: Other Boleyn Girl The","logger":"root","filename":"new_tropes_dag.py","lineno":66}
{"timestamp":"2025-12-19T10:30:46.956998Z","level":"info","event":"Formatting title: Ouija","logger":"root","filename":"new_tropes_dag.py","lineno":66}
{"timestamp":"2025-12-19T10:30:46.957038Z","level":"info","event":"Formatting title: Out Of Africa","logger":"root","filename":"new_tropes_dag.py","lineno":66}
{"timestamp":"2025-12-19T10:30:46.957075Z","level":"info","event":"Formatting title: Out Of Sight","logger":"root","filename":"new_tropes_dag.py","lineno":66}
{"timestamp":"2025-12-19T10:30:46.957112Z","level":"info","event":"Formatting title: Outbreak","logger":"root","filename":"new_tropes_dag.py","lineno":66}
{"timestamp":"2025-12-19T10:30:46.957147Z","level":"info","event":"Formatting title: Outlaw King","logger":"root","filename":"new_tropes_dag.py","lineno":66}
{"timestamp":"2025-12-19T10:30:46.957184Z","level":"info","event":"Formatting title: Over The Moon","logger":"root","filename":"new_tropes_dag.py","lineno":66}
{"timestamp":"2025-12-19T10:30:46.957225Z","level":"info","event":"Formatting title: Overboard","logger":"root","filename":"new_tropes_dag.py","lineno":66}
{"timestamp":"2025-12-19T10:30:46.957264Z","level":"info","event":"Formatting title: Overboard","logger":"root","filename":"new_tropes_dag.py","lineno":66}
{"timestamp":"2025-12-19T10:30:46.957303Z","level":"info","event":"Formatting title: Overlord","logger":"root","filename":"new_tropes_dag.py","lineno":66}
{"timestamp":"2025-12-19T10:30:46.957341Z","level":"info","event":"Formatting title: Pacific Rim","logger":"root","filename":"new_tropes_dag.py","lineno":66}
{"timestamp":"2025-12-19T10:30:46.957390Z","level":"info","event":"Formatting title: Pacifier The","logger":"root","filename":"new_tropes_dag.py","lineno":66}
{"timestamp":"2025-12-19T10:30:46.957434Z","level":"info","event":"Formatting title: Paddington 2","logger":"root","filename":"new_tropes_dag.py","lineno":66}
{"timestamp":"2025-12-19T10:30:46.957478Z","level":"info","event":"Formatting title: Pain And Glory","logger":"root","filename":"new_tropes_dag.py","lineno":66}
{"timestamp":"2025-12-19T10:30:46.957508Z","level":"info","event":"Formatting title: Palm Springs","logger":"root","filename":"new_tropes_dag.py","lineno":66}
{"timestamp":"2025-12-19T10:30:46.957538Z","level":"info","event":"Formatting title: Pandorum","logger":"root","filename":"new_tropes_dag.py","lineno":66}
{"timestamp":"2025-12-19T10:30:46.957566Z","level":"info","event":"Formatting title: Panic Room","logger":"root","filename":"new_tropes_dag.py","lineno":66}
{"timestamp":"2025-12-19T10:30:46.957592Z","level":"info","event":"Formatting title: Pans Labyrinth","logger":"root","filename":"new_tropes_dag.py","lineno":66}
{"timestamp":"2025-12-19T10:30:46.957623Z","level":"info","event":"Formatting title: Papadopoulos & Sons","logger":"root","filename":"new_tropes_dag.py","lineno":66}
{"timestamp":"2025-12-19T10:30:46.957650Z","level":"info","event":"Formatting title: Paper Moon","logger":"root","filename":"new_tropes_dag.py","lineno":66}
{"timestamp":"2025-12-19T10:30:46.957677Z","level":"info","event":"Formatting title: Papillon","logger":"root","filename":"new_tropes_dag.py","lineno":66}
{"timestamp":"2025-12-19T10:30:46.957704Z","level":"info","event":"Formatting title: Paradise","logger":"root","filename":"new_tropes_dag.py","lineno":66}
{"timestamp":"2025-12-19T10:30:46.957730Z","level":"info","event":"Formatting title: Parallel Mothers","logger":"root","filename":"new_tropes_dag.py","lineno":66}
{"timestamp":"2025-12-19T10:30:46.957756Z","level":"info","event":"Formatting title: Paranorman","logger":"root","filename":"new_tropes_dag.py","lineno":66}
{"timestamp":"2025-12-19T10:30:46.957792Z","level":"info","event":"Formatting title: Parasite","logger":"root","filename":"new_tropes_dag.py","lineno":66}
{"timestamp":"2025-12-19T10:30:46.957822Z","level":"info","event":"Formatting title: Pariah","logger":"root","filename":"new_tropes_dag.py","lineno":66}
{"timestamp":"2025-12-19T10:30:46.957847Z","level":"info","event":"Formatting title: Passengers","logger":"root","filename":"new_tropes_dag.py","lineno":66}
{"timestamp":"2025-12-19T10:30:46.957874Z","level":"info","event":"Formatting title: Passing","logger":"root","filename":"new_tropes_dag.py","lineno":66}
{"timestamp":"2025-12-19T10:30:46.957898Z","level":"info","event":"Formatting title: Passion Of Joan Of Arc The","logger":"root","filename":"new_tropes_dag.py","lineno":66}
{"timestamp":"2025-12-19T10:30:46.957923Z","level":"info","event":"Formatting title: Past Lives","logger":"root","filename":"new_tropes_dag.py","lineno":66}
{"timestamp":"2025-12-19T10:30:46.958031Z","level":"info","event":"Formatting title: Patriot The","logger":"root","filename":"new_tropes_dag.py","lineno":66}
{"timestamp":"2025-12-19T10:30:46.958136Z","level":"info","event":"Formatting title: Paul","logger":"root","filename":"new_tropes_dag.py","lineno":66}
{"timestamp":"2025-12-19T10:30:46.958177Z","level":"info","event":"Formatting title: Pawn Sacrifice","logger":"root","filename":"new_tropes_dag.py","lineno":66}
{"timestamp":"2025-12-19T10:30:46.958208Z","level":"info","event":"Formatting title: Pearl Harbor","logger":"root","filename":"new_tropes_dag.py","lineno":66}
{"timestamp":"2025-12-19T10:30:46.958236Z","level":"info","event":"Formatting title: Peeping Tom","logger":"root","filename":"new_tropes_dag.py","lineno":66}
{"timestamp":"2025-12-19T10:30:46.958263Z","level":"info","event":"Formatting title: Peggy Sue Got Married","logger":"root","filename":"new_tropes_dag.py","lineno":66}
{"timestamp":"2025-12-19T10:30:46.958291Z","level":"info","event":"Formatting title: Perfect Creature","logger":"root","filename":"new_tropes_dag.py","lineno":66}
{"timestamp":"2025-12-19T10:30:46.958317Z","level":"info","event":"Formatting title: Perfect World A","logger":"root","filename":"new_tropes_dag.py","lineno":66}
{"timestamp":"2025-12-19T10:30:46.958343Z","level":"info","event":"Formatting title: Perks Of Being A Wallflower The","logger":"root","filename":"new_tropes_dag.py","lineno":66}
{"timestamp":"2025-12-19T10:30:46.958369Z","level":"info","event":"Formatting title: Persian Version The","logger":"root","filename":"new_tropes_dag.py","lineno":66}
{"timestamp":"2025-12-19T10:30:46.958394Z","level":"info","event":"Formatting title: Personal Best","logger":"root","filename":"new_tropes_dag.py","lineno":66}
{"timestamp":"2025-12-19T10:30:46.958419Z","level":"info","event":"Formatting title: Pet Sematary","logger":"root","filename":"new_tropes_dag.py","lineno":66}
{"timestamp":"2025-12-19T10:30:46.958445Z","level":"info","event":"Formatting title: Pet Sematary 2","logger":"root","filename":"new_tropes_dag.py","lineno":66}
{"timestamp":"2025-12-19T10:30:46.958472Z","level":"info","event":"Formatting title: Petulia","logger":"root","filename":"new_tropes_dag.py","lineno":66}
{"timestamp":"2025-12-19T10:30:46.958497Z","level":"info","event":"Formatting title: Phantom Of The Opera","logger":"root","filename":"new_tropes_dag.py","lineno":66}
{"timestamp":"2025-12-19T10:30:46.958521Z","level":"info","event":"Formatting title: Phantom Thread","logger":"root","filename":"new_tropes_dag.py","lineno":66}
{"timestamp":"2025-12-19T10:30:46.958547Z","level":"info","event":"Formatting title: Philadelphia","logger":"root","filename":"new_tropes_dag.py","lineno":66}
{"timestamp":"2025-12-19T10:30:46.958571Z","level":"info","event":"Formatting title: Phone Booth","logger":"root","filename":"new_tropes_dag.py","lineno":66}
{"timestamp":"2025-12-19T10:30:46.958596Z","level":"info","event":"Formatting title: Pi","logger":"root","filename":"new_tropes_dag.py","lineno":66}
{"timestamp":"2025-12-19T10:30:46.958621Z","level":"info","event":"Formatting title: Pianist The","logger":"root","filename":"new_tropes_dag.py","lineno":66}
{"timestamp":"2025-12-19T10:30:46.958646Z","level":"info","event":"Formatting title: Piano The","logger":"root","filename":"new_tropes_dag.py","lineno":66}
{"timestamp":"2025-12-19T10:30:46.958669Z","level":"info","event":"Formatting title: Picnic At Hanging Rock","logger":"root","filename":"new_tropes_dag.py","lineno":66}
{"timestamp":"2025-12-19T10:30:46.958694Z","level":"info","event":"Formatting title: Pineapple Express","logger":"root","filename":"new_tropes_dag.py","lineno":66}
{"timestamp":"2025-12-19T10:30:46.958717Z","level":"info","event":"Formatting title: Pirates Of The Caribbean","logger":"root","filename":"new_tropes_dag.py","lineno":66}
{"timestamp":"2025-12-19T10:30:46.958792Z","level":"info","event":"Formatting title: Pirates Of The Caribbean At Worlds End","logger":"root","filename":"new_tropes_dag.py","lineno":66}
{"timestamp":"2025-12-19T10:30:46.958827Z","level":"info","event":"Formatting title: Pirates Of The Caribbean Dead Mans Chest","logger":"root","filename":"new_tropes_dag.py","lineno":66}
{"timestamp":"2025-12-19T10:30:46.958855Z","level":"info","event":"Formatting title: Pirates Of The Caribbean Dead Men Tell No Tales","logger":"root","filename":"new_tropes_dag.py","lineno":66}
{"timestamp":"2025-12-19T10:30:46.958882Z","level":"info","event":"Formatting title: Pirates Of The Caribbean On Stranger Tides","logger":"root","filename":"new_tropes_dag.py","lineno":66}
{"timestamp":"2025-12-19T10:30:46.958908Z","level":"info","event":"Formatting title: Pirates Of The Caribbean The Curse Of The Black Pearl","logger":"root","filename":"new_tropes_dag.py","lineno":66}
{"timestamp":"2025-12-19T10:30:46.958934Z","level":"info","event":"Formatting title: Pitch Black","logger":"root","filename":"new_tropes_dag.py","lineno":66}
{"timestamp":"2025-12-19T10:30:46.958967Z","level":"info","event":"Formatting title: Pitch Perfect","logger":"root","filename":"new_tropes_dag.py","lineno":66}
{"timestamp":"2025-12-19T10:30:46.958993Z","level":"info","event":"Formatting title: Pitch Perfect 2","logger":"root","filename":"new_tropes_dag.py","lineno":66}
{"timestamp":"2025-12-19T10:30:46.959019Z","level":"info","event":"Formatting title: Pixels","logger":"root","filename":"new_tropes_dag.py","lineno":66}
{"timestamp":"2025-12-19T10:30:46.959045Z","level":"info","event":"Formatting title: Planes Trains & Automobiles","logger":"root","filename":"new_tropes_dag.py","lineno":66}
{"timestamp":"2025-12-19T10:30:46.959070Z","level":"info","event":"Formatting title: Planet Of The Apes","logger":"root","filename":"new_tropes_dag.py","lineno":66}
{"timestamp":"2025-12-19T10:30:46.959096Z","level":"info","event":"Formatting title: Planet Of The Apes The","logger":"root","filename":"new_tropes_dag.py","lineno":66}
{"timestamp":"2025-12-19T10:30:46.959120Z","level":"info","event":"Formatting title: Platinum Blonde","logger":"root","filename":"new_tropes_dag.py","lineno":66}
{"timestamp":"2025-12-19T10:30:46.959145Z","level":"info","event":"Formatting title: Platoon","logger":"root","filename":"new_tropes_dag.py","lineno":66}
{"timestamp":"2025-12-19T10:30:46.959168Z","level":"info","event":"Formatting title: Pleasantville","logger":"root","filename":"new_tropes_dag.py","lineno":66}
{"timestamp":"2025-12-19T10:30:46.959192Z","level":"info","event":"Formatting title: Please Give","logger":"root","filename":"new_tropes_dag.py","lineno":66}
{"timestamp":"2025-12-19T10:30:46.959215Z","level":"info","event":"Formatting title: Poetic Justice","logger":"root","filename":"new_tropes_dag.py","lineno":66}
{"timestamp":"2025-12-19T10:30:47.000847Z","level":"info","event":"Formatting title: Point Break","logger":"root","filename":"new_tropes_dag.py","lineno":66}
{"timestamp":"2025-12-19T10:30:47.000954Z","level":"info","event":"Formatting title: Pokemon Mewtwo Returns","logger":"root","filename":"new_tropes_dag.py","lineno":66}
{"timestamp":"2025-12-19T10:30:47.000992Z","level":"info","event":"Formatting title: Police Academy","logger":"root","filename":"new_tropes_dag.py","lineno":66}
{"timestamp":"2025-12-19T10:30:47.001023Z","level":"info","event":"Formatting title: Police Academy 2 Their First Assignment","logger":"root","filename":"new_tropes_dag.py","lineno":66}
{"timestamp":"2025-12-19T10:30:47.001054Z","level":"info","event":"Formatting title: Police Academy 3 Back In Training","logger":"root","filename":"new_tropes_dag.py","lineno":66}
{"timestamp":"2025-12-19T10:30:47.001082Z","level":"info","event":"Formatting title: Poltergeist","logger":"root","filename":"new_tropes_dag.py","lineno":66}
{"timestamp":"2025-12-19T10:30:47.001110Z","level":"info","event":"Formatting title: Poor Things","logger":"root","filename":"new_tropes_dag.py","lineno":66}
{"timestamp":"2025-12-19T10:30:47.001136Z","level":"info","event":"Formatting title: Popstar Never Stop Never Stopping","logger":"root","filename":"new_tropes_dag.py","lineno":66}
{"timestamp":"2025-12-19T10:30:47.001163Z","level":"info","event":"Formatting title: Porkys","logger":"root","filename":"new_tropes_dag.py","lineno":66}
{"timestamp":"2025-12-19T10:30:47.001189Z","level":"info","event":"Formatting title: Porkys Revenge","logger":"root","filename":"new_tropes_dag.py","lineno":66}
{"timestamp":"2025-12-19T10:30:47.001214Z","level":"info","event":"Formatting title: Postcards From The Edge","logger":"root","filename":"new_tropes_dag.py","lineno":66}
{"timestamp":"2025-12-19T10:30:47.001240Z","level":"info","event":"Formatting title: Postman The","logger":"root","filename":"new_tropes_dag.py","lineno":66}
{"timestamp":"2025-12-19T10:30:47.001265Z","level":"info","event":"Formatting title: Power Of One The","logger":"root","filename":"new_tropes_dag.py","lineno":66}
{"timestamp":"2025-12-19T10:30:47.001290Z","level":"info","event":"Formatting title: Precious","logger":"root","filename":"new_tropes_dag.py","lineno":66}
{"timestamp":"2025-12-19T10:30:47.001315Z","level":"info","event":"Formatting title: Predator","logger":"root","filename":"new_tropes_dag.py","lineno":66}
{"timestamp":"2025-12-19T10:30:47.001340Z","level":"info","event":"Formatting title: Predator 2","logger":"root","filename":"new_tropes_dag.py","lineno":66}
{"timestamp":"2025-12-19T10:30:47.001364Z","level":"info","event":"Formatting title: Predators","logger":"root","filename":"new_tropes_dag.py","lineno":66}
{"timestamp":"2025-12-19T10:30:47.001390Z","level":"info","event":"Formatting title: Prestige The","logger":"root","filename":"new_tropes_dag.py","lineno":66}
{"timestamp":"2025-12-19T10:30:47.001415Z","level":"info","event":"Formatting title: Pretty Woman","logger":"root","filename":"new_tropes_dag.py","lineno":66}
{"timestamp":"2025-12-19T10:30:47.001440Z","level":"info","event":"Formatting title: Pretty Woman (final Script)","logger":"root","filename":"new_tropes_dag.py","lineno":66}
{"timestamp":"2025-12-19T10:30:47.001466Z","level":"info","event":"Formatting title: Prey","logger":"root","filename":"new_tropes_dag.py","lineno":66}
{"timestamp":"2025-12-19T10:30:47.001491Z","level":"info","event":"Formatting title: Pride And Prejudice","logger":"root","filename":"new_tropes_dag.py","lineno":66}
{"timestamp":"2025-12-19T10:30:47.001516Z","level":"info","event":"Formatting title: Priest","logger":"root","filename":"new_tropes_dag.py","lineno":66}
{"timestamp":"2025-12-19T10:30:47.001540Z","level":"info","event":"Formatting title: Primary Colors","logger":"root","filename":"new_tropes_dag.py","lineno":66}
{"timestamp":"2025-12-19T10:30:47.001564Z","level":"info","event":"Formatting title: Prince Of Darkness","logger":"root","filename":"new_tropes_dag.py","lineno":66}
{"timestamp":"2025-12-19T10:30:47.001612Z","level":"info","event":"Formatting title: Princess Bride The","logger":"root","filename":"new_tropes_dag.py","lineno":66}
{"timestamp":"2025-12-19T10:30:47.001644Z","level":"info","event":"Formatting title: Priscilla","logger":"root","filename":"new_tropes_dag.py","lineno":66}
{"timestamp":"2025-12-19T10:30:47.001671Z","level":"info","event":"Formatting title: Prisoners","logger":"root","filename":"new_tropes_dag.py","lineno":66}
{"timestamp":"2025-12-19T10:30:47.001698Z","level":"info","event":"Formatting title: Private Life","logger":"root","filename":"new_tropes_dag.py","lineno":66}
{"timestamp":"2025-12-19T10:30:47.001723Z","level":"info","event":"Formatting title: Private Life Of Sherlock Holmes The","logger":"root","filename":"new_tropes_dag.py","lineno":66}
{"timestamp":"2025-12-19T10:30:47.001749Z","level":"info","event":"Formatting title: Producer The","logger":"root","filename":"new_tropes_dag.py","lineno":66}
{"timestamp":"2025-12-19T10:30:47.001774Z","level":"info","event":"Formatting title: Program The","logger":"root","filename":"new_tropes_dag.py","lineno":66}
{"timestamp":"2025-12-19T10:30:47.001797Z","level":"info","event":"Formatting title: Prom Night","logger":"root","filename":"new_tropes_dag.py","lineno":66}
{"timestamp":"2025-12-19T10:30:47.001822Z","level":"info","event":"Formatting title: Prometheus","logger":"root","filename":"new_tropes_dag.py","lineno":66}
{"timestamp":"2025-12-19T10:30:47.001846Z","level":"info","event":"Formatting title: Promising Young Woman","logger":"root","filename":"new_tropes_dag.py","lineno":66}
{"timestamp":"2025-12-19T10:30:47.001870Z","level":"info","event":"Formatting title: Proof Of Life","logger":"root","filename":"new_tropes_dag.py","lineno":66}
{"timestamp":"2025-12-19T10:30:47.001896Z","level":"info","event":"Formatting title: Prophecy The","logger":"root","filename":"new_tropes_dag.py","lineno":66}
{"timestamp":"2025-12-19T10:30:47.001920Z","level":"info","event":"Formatting title: Prophetess","logger":"root","filename":"new_tropes_dag.py","lineno":66}
{"timestamp":"2025-12-19T10:30:47.001945Z","level":"info","event":"Formatting title: Proposal The","logger":"root","filename":"new_tropes_dag.py","lineno":66}
{"timestamp":"2025-12-19T10:30:47.001969Z","level":"info","event":"Formatting title: Psycho","logger":"root","filename":"new_tropes_dag.py","lineno":66}
{"timestamp":"2025-12-19T10:30:47.001992Z","level":"info","event":"Formatting title: Public Enemies","logger":"root","filename":"new_tropes_dag.py","lineno":66}
{"timestamp":"2025-12-19T10:30:47.002017Z","level":"info","event":"Formatting title: Pulp Fiction","logger":"root","filename":"new_tropes_dag.py","lineno":66}
{"timestamp":"2025-12-19T10:30:47.002039Z","level":"info","event":"Formatting title: Punch Drunk Love","logger":"root","filename":"new_tropes_dag.py","lineno":66}
{"timestamp":"2025-12-19T10:30:47.002064Z","level":"info","event":"Formatting title: Purple Rain","logger":"root","filename":"new_tropes_dag.py","lineno":66}
{"timestamp":"2025-12-19T10:30:47.002090Z","level":"info","event":"Formatting title: Puss In Boots The Last Wish","logger":"root","filename":"new_tropes_dag.py","lineno":66}
{"timestamp":"2025-12-19T10:30:47.002114Z","level":"info","event":"Formatting title: Puzzle","logger":"root","filename":"new_tropes_dag.py","lineno":66}
{"timestamp":"2025-12-19T10:30:47.002139Z","level":"info","event":"Formatting title: Quantum Project","logger":"root","filename":"new_tropes_dag.py","lineno":66}
{"timestamp":"2025-12-19T10:30:47.002163Z","level":"info","event":"Formatting title: Queen & Slim","logger":"root","filename":"new_tropes_dag.py","lineno":66}
{"timestamp":"2025-12-19T10:30:47.002187Z","level":"info","event":"Formatting title: Queen Of The Damned","logger":"root","filename":"new_tropes_dag.py","lineno":66}
{"timestamp":"2025-12-19T10:30:47.002213Z","level":"info","event":"Formatting title: Queen The","logger":"root","filename":"new_tropes_dag.py","lineno":66}
{"timestamp":"2025-12-19T10:30:47.002237Z","level":"info","event":"Formatting title: Quiz Lady","logger":"root","filename":"new_tropes_dag.py","lineno":66}
{"timestamp":"2025-12-19T10:30:47.002262Z","level":"info","event":"Formatting title: Quiz Show","logger":"root","filename":"new_tropes_dag.py","lineno":66}
{"timestamp":"2025-12-19T10:30:47.002287Z","level":"info","event":"Formatting title: Rachel Getting Married","logger":"root","filename":"new_tropes_dag.py","lineno":66}
{"timestamp":"2025-12-19T10:30:47.002311Z","level":"info","event":"Formatting title: Raging Bull","logger":"root","filename":"new_tropes_dag.py","lineno":66}
{"timestamp":"2025-12-19T10:30:47.002343Z","level":"info","event":"Formatting title: Raiders Of The Lost Ark","logger":"root","filename":"new_tropes_dag.py","lineno":66}
{"timestamp":"2025-12-19T10:30:47.002369Z","level":"info","event":"Formatting title: Raising Arizona","logger":"root","filename":"new_tropes_dag.py","lineno":66}
{"timestamp":"2025-12-19T10:30:47.002394Z","level":"info","event":"Formatting title: Rambling Rose","logger":"root","filename":"new_tropes_dag.py","lineno":66}
{"timestamp":"2025-12-19T10:30:47.002418Z","level":"info","event":"Formatting title: Rambo 3","logger":"root","filename":"new_tropes_dag.py","lineno":66}
{"timestamp":"2025-12-19T10:30:47.002461Z","level":"info","event":"Formatting title: Rambo First Blood 2 The Mission","logger":"root","filename":"new_tropes_dag.py","lineno":66}
{"timestamp":"2025-12-19T10:30:47.002503Z","level":"info","event":"Formatting title: Rambo First Blood Part 2","logger":"root","filename":"new_tropes_dag.py","lineno":66}
{"timestamp":"2025-12-19T10:30:47.002534Z","level":"info","event":"Formatting title: Rango","logger":"root","filename":"new_tropes_dag.py","lineno":66}
{"timestamp":"2025-12-19T10:30:47.002562Z","level":"info","event":"Formatting title: Ratatouille","logger":"root","filename":"new_tropes_dag.py","lineno":66}
{"timestamp":"2025-12-19T10:30:47.002593Z","level":"info","event":"Formatting title: Raya And The Last Dragon","logger":"root","filename":"new_tropes_dag.py","lineno":66}
{"timestamp":"2025-12-19T10:30:47.002621Z","level":"info","event":"Formatting title: Reader The","logger":"root","filename":"new_tropes_dag.py","lineno":66}
{"timestamp":"2025-12-19T10:30:47.002647Z","level":"info","event":"Formatting title: Ready Player One","logger":"root","filename":"new_tropes_dag.py","lineno":66}
{"timestamp":"2025-12-19T10:30:47.002672Z","level":"info","event":"Formatting title: Real Genius","logger":"root","filename":"new_tropes_dag.py","lineno":66}
{"timestamp":"2025-12-19T10:30:47.002698Z","level":"info","event":"Formatting title: Reality Bites","logger":"root","filename":"new_tropes_dag.py","lineno":66}
{"timestamp":"2025-12-19T10:30:47.002722Z","level":"info","event":"Formatting title: Rear Window","logger":"root","filename":"new_tropes_dag.py","lineno":66}
{"timestamp":"2025-12-19T10:30:47.002748Z","level":"info","event":"Formatting title: Rebel Without A Cause","logger":"root","filename":"new_tropes_dag.py","lineno":66}
{"timestamp":"2025-12-19T10:30:47.002773Z","level":"info","event":"Formatting title: Red Dawn","logger":"root","filename":"new_tropes_dag.py","lineno":66}
{"timestamp":"2025-12-19T10:30:47.002797Z","level":"info","event":"Formatting title: Red Dragon","logger":"root","filename":"new_tropes_dag.py","lineno":66}
{"timestamp":"2025-12-19T10:30:47.002821Z","level":"info","event":"Formatting title: Red Eye","logger":"root","filename":"new_tropes_dag.py","lineno":66}
{"timestamp":"2025-12-19T10:30:47.002846Z","level":"info","event":"Formatting title: Red Heat","logger":"root","filename":"new_tropes_dag.py","lineno":66}
{"timestamp":"2025-12-19T10:30:47.002872Z","level":"info","event":"Formatting title: Red One","logger":"root","filename":"new_tropes_dag.py","lineno":66}
{"timestamp":"2025-12-19T10:30:47.002896Z","level":"info","event":"Formatting title: Red Planet","logger":"root","filename":"new_tropes_dag.py","lineno":66}
{"timestamp":"2025-12-19T10:30:47.002920Z","level":"info","event":"Formatting title: Red Riding Hood","logger":"root","filename":"new_tropes_dag.py","lineno":66}
{"timestamp":"2025-12-19T10:30:47.002944Z","level":"info","event":"Formatting title: Red Rocket","logger":"root","filename":"new_tropes_dag.py","lineno":66}
{"timestamp":"2025-12-19T10:30:47.002968Z","level":"info","event":"Formatting title: Red Sparrow","logger":"root","filename":"new_tropes_dag.py","lineno":66}
{"timestamp":"2025-12-19T10:30:47.002992Z","level":"info","event":"Formatting title: Reds","logger":"root","filename":"new_tropes_dag.py","lineno":66}
{"timestamp":"2025-12-19T10:30:47.003018Z","level":"info","event":"Formatting title: Reign Of Fire","logger":"root","filename":"new_tropes_dag.py","lineno":66}
{"timestamp":"2025-12-19T10:30:47.003042Z","level":"info","event":"Formatting title: Reindeer Games","logger":"root","filename":"new_tropes_dag.py","lineno":66}
{"timestamp":"2025-12-19T10:30:47.003066Z","level":"info","event":"Formatting title: Relic The","logger":"root","filename":"new_tropes_dag.py","lineno":66}
{"timestamp":"2025-12-19T10:30:47.003090Z","level":"info","event":"Formatting title: Remember Me","logger":"root","filename":"new_tropes_dag.py","lineno":66}
{"timestamp":"2025-12-19T10:30:47.003114Z","level":"info","event":"Formatting title: Rent","logger":"root","filename":"new_tropes_dag.py","lineno":66}
{"timestamp":"2025-12-19T10:30:47.003138Z","level":"info","event":"Formatting title: Replacements The","logger":"root","filename":"new_tropes_dag.py","lineno":66}
{"timestamp":"2025-12-19T10:30:47.003162Z","level":"info","event":"Formatting title: Repo Man","logger":"root","filename":"new_tropes_dag.py","lineno":66}
{"timestamp":"2025-12-19T10:30:47.003185Z","level":"info","event":"Formatting title: Requiem For A Dream","logger":"root","filename":"new_tropes_dag.py","lineno":66}
{"timestamp":"2025-12-19T10:30:47.003209Z","level":"info","event":"Formatting title: Rescuers Down Under The","logger":"root","filename":"new_tropes_dag.py","lineno":66}
{"timestamp":"2025-12-19T10:30:47.003234Z","level":"info","event":"Formatting title: Reservoir Dogs","logger":"root","filename":"new_tropes_dag.py","lineno":66}
{"timestamp":"2025-12-19T10:30:47.003257Z","level":"info","event":"Formatting title: Resident Evil","logger":"root","filename":"new_tropes_dag.py","lineno":66}
{"timestamp":"2025-12-19T10:30:47.003281Z","level":"info","event":"Formatting title: Respect","logger":"root","filename":"new_tropes_dag.py","lineno":66}
{"timestamp":"2025-12-19T10:30:47.003306Z","level":"info","event":"Formatting title: Return Of The Apes","logger":"root","filename":"new_tropes_dag.py","lineno":66}
{"timestamp":"2025-12-19T10:30:47.003330Z","level":"info","event":"Formatting title: Return Of The Living Dead","logger":"root","filename":"new_tropes_dag.py","lineno":66}
{"timestamp":"2025-12-19T10:30:47.003354Z","level":"info","event":"Formatting title: Revenant The","logger":"root","filename":"new_tropes_dag.py","lineno":66}
{"timestamp":"2025-12-19T10:30:47.003378Z","level":"info","event":"Formatting title: Revenge Of The Nerds","logger":"root","filename":"new_tropes_dag.py","lineno":66}
{"timestamp":"2025-12-19T10:30:47.003401Z","level":"info","event":"Formatting title: Revolutionary Road","logger":"root","filename":"new_tropes_dag.py","lineno":66}
{"timestamp":"2025-12-19T10:30:47.003427Z","level":"info","event":"Formatting title: Richard Jewell","logger":"root","filename":"new_tropes_dag.py","lineno":66}
{"timestamp":"2025-12-19T10:30:47.003450Z","level":"info","event":"Formatting title: Ricky Stanicky","logger":"root","filename":"new_tropes_dag.py","lineno":66}
{"timestamp":"2025-12-19T10:30:47.003474Z","level":"info","event":"Formatting title: Ringu","logger":"root","filename":"new_tropes_dag.py","lineno":66}
{"timestamp":"2025-12-19T10:30:47.003498Z","level":"info","event":"Formatting title: Rise Of The Guardians","logger":"root","filename":"new_tropes_dag.py","lineno":66}
{"timestamp":"2025-12-19T10:30:47.003522Z","level":"info","event":"Formatting title: Rise Of The Planet Of The Apes","logger":"root","filename":"new_tropes_dag.py","lineno":66}
{"timestamp":"2025-12-19T10:30:47.003544Z","level":"info","event":"Formatting title: Rko 281","logger":"root","filename":"new_tropes_dag.py","lineno":66}
{"timestamp":"2025-12-19T10:30:47.003568Z","level":"info","event":"Formatting title: Road House","logger":"root","filename":"new_tropes_dag.py","lineno":66}
{"timestamp":"2025-12-19T10:30:47.003593Z","level":"info","event":"Formatting title: Road The","logger":"root","filename":"new_tropes_dag.py","lineno":66}
{"timestamp":"2025-12-19T10:30:47.003617Z","level":"info","event":"Formatting title: Road To Perdition","logger":"root","filename":"new_tropes_dag.py","lineno":66}
{"timestamp":"2025-12-19T10:30:47.003640Z","level":"info","event":"Formatting title: Robin Hood Prince Of Thieves","logger":"root","filename":"new_tropes_dag.py","lineno":66}
{"timestamp":"2025-12-19T10:30:47.003664Z","level":"info","event":"Formatting title: Robocop","logger":"root","filename":"new_tropes_dag.py","lineno":66}
{"timestamp":"2025-12-19T10:30:47.003688Z","level":"info","event":"Formatting title: Rock The","logger":"root","filename":"new_tropes_dag.py","lineno":66}
{"timestamp":"2025-12-19T10:30:47.003713Z","level":"info","event":"Formatting title: Rocketman","logger":"root","filename":"new_tropes_dag.py","lineno":66}
{"timestamp":"2025-12-19T10:30:47.003737Z","level":"info","event":"Formatting title: Rocknrolla","logger":"root","filename":"new_tropes_dag.py","lineno":66}
{"timestamp":"2025-12-19T10:30:47.003761Z","level":"info","event":"Formatting title: Rocky","logger":"root","filename":"new_tropes_dag.py","lineno":66}
{"timestamp":"2025-12-19T10:30:47.003785Z","level":"info","event":"Formatting title: Rocky 2","logger":"root","filename":"new_tropes_dag.py","lineno":66}
{"timestamp":"2025-12-19T10:30:47.003808Z","level":"info","event":"Formatting title: Rocky 3","logger":"root","filename":"new_tropes_dag.py","lineno":66}
{"timestamp":"2025-12-19T10:30:47.003832Z","level":"info","event":"Formatting title: Rocky 4","logger":"root","filename":"new_tropes_dag.py","lineno":66}
{"timestamp":"2025-12-19T10:30:47.003857Z","level":"info","event":"Formatting title: Rocky Balboa","logger":"root","filename":"new_tropes_dag.py","lineno":66}
{"timestamp":"2025-12-19T10:30:47.003881Z","level":"info","event":"Formatting title: Rocky Horror Picture Show The","logger":"root","filename":"new_tropes_dag.py","lineno":66}
{"timestamp":"2025-12-19T10:30:47.003906Z","level":"info","event":"Formatting title: Rocky V","logger":"root","filename":"new_tropes_dag.py","lineno":66}
{"timestamp":"2025-12-19T10:30:47.003930Z","level":"info","event":"Formatting title: Roma","logger":"root","filename":"new_tropes_dag.py","lineno":66}
{"timestamp":"2025-12-19T10:30:47.003954Z","level":"info","event":"Formatting title: Roman J Israel Esq","logger":"root","filename":"new_tropes_dag.py","lineno":66}
{"timestamp":"2025-12-19T10:30:47.003977Z","level":"info","event":"Formatting title: Romancing The Stone","logger":"root","filename":"new_tropes_dag.py","lineno":66}
{"timestamp":"2025-12-19T10:30:47.004002Z","level":"info","event":"Formatting title: Romeo & Juliet","logger":"root","filename":"new_tropes_dag.py","lineno":66}
{"timestamp":"2025-12-19T10:30:47.004026Z","level":"info","event":"Formatting title: Romeo Must Die","logger":"root","filename":"new_tropes_dag.py","lineno":66}
{"timestamp":"2025-12-19T10:30:47.004050Z","level":"info","event":"Formatting title: Ronin","logger":"root","filename":"new_tropes_dag.py","lineno":66}
{"timestamp":"2025-12-19T10:30:47.004074Z","level":"info","event":"Formatting title: Room","logger":"root","filename":"new_tropes_dag.py","lineno":66}
{"timestamp":"2025-12-19T10:30:47.004098Z","level":"info","event":"Formatting title: Roommate The","logger":"root","filename":"new_tropes_dag.py","lineno":66}
{"timestamp":"2025-12-19T10:30:47.004121Z","level":"info","event":"Formatting title: Rosemarys Baby","logger":"root","filename":"new_tropes_dag.py","lineno":66}
{"timestamp":"2025-12-19T10:30:47.004144Z","level":"info","event":"Formatting title: Rosetta","logger":"root","filename":"new_tropes_dag.py","lineno":66}
{"timestamp":"2025-12-19T10:30:47.004167Z","level":"info","event":"Formatting title: Roughshod","logger":"root","filename":"new_tropes_dag.py","lineno":66}
{"timestamp":"2025-12-19T10:30:47.004190Z","level":"info","event":"Formatting title: Rounders","logger":"root","filename":"new_tropes_dag.py","lineno":66}
{"timestamp":"2025-12-19T10:30:47.004214Z","level":"info","event":"Formatting title: Ruby Sparks","logger":"root","filename":"new_tropes_dag.py","lineno":66}
{"timestamp":"2025-12-19T10:30:47.004238Z","level":"info","event":"Formatting title: Ruins The","logger":"root","filename":"new_tropes_dag.py","lineno":66}
{"timestamp":"2025-12-19T10:30:47.004261Z","level":"info","event":"Formatting title: Run","logger":"root","filename":"new_tropes_dag.py","lineno":66}
{"timestamp":"2025-12-19T10:30:47.004306Z","level":"info","event":"Formatting title: Runaway Bride","logger":"root","filename":"new_tropes_dag.py","lineno":66}
{"timestamp":"2025-12-19T10:30:47.004334Z","level":"info","event":"Formatting title: Running Scared","logger":"root","filename":"new_tropes_dag.py","lineno":66}
{"timestamp":"2025-12-19T10:30:47.004361Z","level":"info","event":"Formatting title: Rush","logger":"root","filename":"new_tropes_dag.py","lineno":66}
{"timestamp":"2025-12-19T10:30:47.004386Z","level":"info","event":"Formatting title: Rush Hour","logger":"root","filename":"new_tropes_dag.py","lineno":66}
{"timestamp":"2025-12-19T10:30:47.004410Z","level":"info","event":"Formatting title: Rush Hour 2","logger":"root","filename":"new_tropes_dag.py","lineno":66}
{"timestamp":"2025-12-19T10:30:47.004435Z","level":"info","event":"Formatting title: Rushmore","logger":"root","filename":"new_tropes_dag.py","lineno":66}
{"timestamp":"2025-12-19T10:30:47.004486Z","level":"info","event":"Formatting title: Rust And Bone","logger":"root","filename":"new_tropes_dag.py","lineno":66}
{"timestamp":"2025-12-19T10:30:47.004520Z","level":"info","event":"Formatting title: Rustin","logger":"root","filename":"new_tropes_dag.py","lineno":66}
{"timestamp":"2025-12-19T10:30:47.004554Z","level":"info","event":"Formatting title: S Darko","logger":"root","filename":"new_tropes_dag.py","lineno":66}
{"timestamp":"2025-12-19T10:30:47.004586Z","level":"info","event":"Formatting title: Safety Not Guaranteed","logger":"root","filename":"new_tropes_dag.py","lineno":66}
{"timestamp":"2025-12-19T10:30:47.004614Z","level":"info","event":"Formatting title: Saint Frances","logger":"root","filename":"new_tropes_dag.py","lineno":66}
{"timestamp":"2025-12-19T10:30:47.004641Z","level":"info","event":"Formatting title: Saint The","logger":"root","filename":"new_tropes_dag.py","lineno":66}
{"timestamp":"2025-12-19T10:30:47.004667Z","level":"info","event":"Formatting title: Saltburn","logger":"root","filename":"new_tropes_dag.py","lineno":66}
{"timestamp":"2025-12-19T10:30:47.004696Z","level":"info","event":"Formatting title: Salton Sea The","logger":"root","filename":"new_tropes_dag.py","lineno":66}
{"timestamp":"2025-12-19T10:30:47.004723Z","level":"info","event":"Formatting title: Sandlot Kids The","logger":"root","filename":"new_tropes_dag.py","lineno":66}
{"timestamp":"2025-12-19T10:30:47.004753Z","level":"info","event":"Formatting title: Saturday Night","logger":"root","filename":"new_tropes_dag.py","lineno":66}
{"timestamp":"2025-12-19T10:30:47.004780Z","level":"info","event":"Formatting title: Sausage Party","logger":"root","filename":"new_tropes_dag.py","lineno":66}
{"timestamp":"2025-12-19T10:30:47.004806Z","level":"info","event":"Formatting title: Save The Last Dance","logger":"root","filename":"new_tropes_dag.py","lineno":66}
{"timestamp":"2025-12-19T10:30:47.004836Z","level":"info","event":"Formatting title: Saving Mr Banks","logger":"root","filename":"new_tropes_dag.py","lineno":66}
{"timestamp":"2025-12-19T10:30:47.004863Z","level":"info","event":"Formatting title: Saving Private Ryan","logger":"root","filename":"new_tropes_dag.py","lineno":66}
{"timestamp":"2025-12-19T10:30:47.004892Z","level":"info","event":"Formatting title: Saw","logger":"root","filename":"new_tropes_dag.py","lineno":66}
{"timestamp":"2025-12-19T10:30:47.004918Z","level":"info","event":"Formatting title: Saw 4","logger":"root","filename":"new_tropes_dag.py","lineno":66}
{"timestamp":"2025-12-19T10:30:47.004948Z","level":"info","event":"Formatting title: Scanners","logger":"root","filename":"new_tropes_dag.py","lineno":66}
{"timestamp":"2025-12-19T10:30:47.004973Z","level":"info","event":"Formatting title: Scarface","logger":"root","filename":"new_tropes_dag.py","lineno":66}
{"timestamp":"2025-12-19T10:30:47.005000Z","level":"info","event":"Formatting title: Scary Movie","logger":"root","filename":"new_tropes_dag.py","lineno":66}
{"timestamp":"2025-12-19T10:30:47.005034Z","level":"info","event":"Formatting title: Scary Movie 2","logger":"root","filename":"new_tropes_dag.py","lineno":66}
{"timestamp":"2025-12-19T10:30:47.005059Z","level":"info","event":"Formatting title: Scary Stories To Tell In The Dark","logger":"root","filename":"new_tropes_dag.py","lineno":66}
{"timestamp":"2025-12-19T10:30:47.005091Z","level":"info","event":"Formatting title: Schindlers List","logger":"root","filename":"new_tropes_dag.py","lineno":66}
{"timestamp":"2025-12-19T10:30:47.005133Z","level":"info","event":"Formatting title: Scott Pilgrim Vs The World","logger":"root","filename":"new_tropes_dag.py","lineno":66}
{"timestamp":"2025-12-19T10:30:47.005170Z","level":"info","event":"Formatting title: Scream","logger":"root","filename":"new_tropes_dag.py","lineno":66}
{"timestamp":"2025-12-19T10:30:47.005208Z","level":"info","event":"Formatting title: Scream","logger":"root","filename":"new_tropes_dag.py","lineno":66}
{"timestamp":"2025-12-19T10:30:47.005239Z","level":"info","event":"Formatting title: Scream 2","logger":"root","filename":"new_tropes_dag.py","lineno":66}
{"timestamp":"2025-12-19T10:30:47.005267Z","level":"info","event":"Formatting title: Scream 3","logger":"root","filename":"new_tropes_dag.py","lineno":66}
{"timestamp":"2025-12-19T10:30:47.005294Z","level":"info","event":"Formatting title: Scream 4","logger":"root","filename":"new_tropes_dag.py","lineno":66}
{"timestamp":"2025-12-19T10:30:47.005319Z","level":"info","event":"Formatting title: Scream 6","logger":"root","filename":"new_tropes_dag.py","lineno":66}
{"timestamp":"2025-12-19T10:30:47.005343Z","level":"info","event":"Formatting title: Scrooged","logger":"root","filename":"new_tropes_dag.py","lineno":66}
{"timestamp":"2025-12-19T10:30:47.005367Z","level":"info","event":"Formatting title: Se7en","logger":"root","filename":"new_tropes_dag.py","lineno":66}
{"timestamp":"2025-12-19T10:30:47.005392Z","level":"info","event":"Formatting title: Sea Of Love","logger":"root","filename":"new_tropes_dag.py","lineno":66}
{"timestamp":"2025-12-19T10:30:47.005417Z","level":"info","event":"Formatting title: Searchers The","logger":"root","filename":"new_tropes_dag.py","lineno":66}
{"timestamp":"2025-12-19T10:30:47.005442Z","level":"info","event":"Formatting title: Searching","logger":"root","filename":"new_tropes_dag.py","lineno":66}
{"timestamp":"2025-12-19T10:30:47.005472Z","level":"info","event":"Formatting title: Secret Life Of Walter Mitty The","logger":"root","filename":"new_tropes_dag.py","lineno":66}
{"timestamp":"2025-12-19T10:30:47.005500Z","level":"info","event":"Formatting title: Secret Window","logger":"root","filename":"new_tropes_dag.py","lineno":66}
{"timestamp":"2025-12-19T10:30:47.005524Z","level":"info","event":"Formatting title: Selena","logger":"root","filename":"new_tropes_dag.py","lineno":66}
{"timestamp":"2025-12-19T10:30:47.005548Z","level":"info","event":"Formatting title: Selma","logger":"root","filename":"new_tropes_dag.py","lineno":66}
{"timestamp":"2025-12-19T10:30:47.005573Z","level":"info","event":"Formatting title: Semi Pro","logger":"root","filename":"new_tropes_dag.py","lineno":66}
{"timestamp":"2025-12-19T10:30:47.005599Z","level":"info","event":"Formatting title: Sense And Sensibility","logger":"root","filename":"new_tropes_dag.py","lineno":66}
{"timestamp":"2025-12-19T10:30:47.005623Z","level":"info","event":"Formatting title: September 5","logger":"root","filename":"new_tropes_dag.py","lineno":66}
{"timestamp":"2025-12-19T10:30:47.005647Z","level":"info","event":"Formatting title: Serenity","logger":"root","filename":"new_tropes_dag.py","lineno":66}
{"timestamp":"2025-12-19T10:30:47.005670Z","level":"info","event":"Formatting title: Serenity","logger":"root","filename":"new_tropes_dag.py","lineno":66}
{"timestamp":"2025-12-19T10:30:47.005694Z","level":"info","event":"Formatting title: Serial Mom","logger":"root","filename":"new_tropes_dag.py","lineno":66}
{"timestamp":"2025-12-19T10:30:47.005718Z","level":"info","event":"Formatting title: Sessions The","logger":"root","filename":"new_tropes_dag.py","lineno":66}
{"timestamp":"2025-12-19T10:30:47.005742Z","level":"info","event":"Formatting title: Seventh Seal The","logger":"root","filename":"new_tropes_dag.py","lineno":66}
{"timestamp":"2025-12-19T10:30:47.005765Z","level":"info","event":"Formatting title: Severance","logger":"root","filename":"new_tropes_dag.py","lineno":66}
{"timestamp":"2025-12-19T10:30:47.005788Z","level":"info","event":"Formatting title: Sex And The City","logger":"root","filename":"new_tropes_dag.py","lineno":66}
{"timestamp":"2025-12-19T10:30:47.005811Z","level":"info","event":"Formatting title: Sex Drive","logger":"root","filename":"new_tropes_dag.py","lineno":66}
{"timestamp":"2025-12-19T10:30:47.005834Z","level":"info","event":"Formatting title: Sex Lies And Videotape","logger":"root","filename":"new_tropes_dag.py","lineno":66}
{"timestamp":"2025-12-19T10:30:47.005857Z","level":"info","event":"Formatting title: Sexual Life","logger":"root","filename":"new_tropes_dag.py","lineno":66}
{"timestamp":"2025-12-19T10:30:47.005882Z","level":"info","event":"Formatting title: Shadow Of The Vampire","logger":"root","filename":"new_tropes_dag.py","lineno":66}
{"timestamp":"2025-12-19T10:30:47.005904Z","level":"info","event":"Formatting title: Shakespeare In Love","logger":"root","filename":"new_tropes_dag.py","lineno":66}
{"timestamp":"2025-12-19T10:30:47.005928Z","level":"info","event":"Formatting title: Shallow Grave","logger":"root","filename":"new_tropes_dag.py","lineno":66}
{"timestamp":"2025-12-19T10:30:47.005951Z","level":"info","event":"Formatting title: Shame","logger":"root","filename":"new_tropes_dag.py","lineno":66}
{"timestamp":"2025-12-19T10:30:47.005976Z","level":"info","event":"Formatting title: Shampoo","logger":"root","filename":"new_tropes_dag.py","lineno":66}
{"timestamp":"2025-12-19T10:30:47.006001Z","level":"info","event":"Formatting title: Sharkys Machine","logger":"root","filename":"new_tropes_dag.py","lineno":66}
{"timestamp":"2025-12-19T10:30:47.006025Z","level":"info","event":"Formatting title: Shaun Of The Dead","logger":"root","filename":"new_tropes_dag.py","lineno":66}
{"timestamp":"2025-12-19T10:30:47.006049Z","level":"info","event":"Formatting title: Shawshank Redemption The","logger":"root","filename":"new_tropes_dag.py","lineno":66}
{"timestamp":"2025-12-19T10:30:47.006072Z","level":"info","event":"Formatting title: Shayda","logger":"root","filename":"new_tropes_dag.py","lineno":66}
{"timestamp":"2025-12-19T10:30:47.006095Z","level":"info","event":"Formatting title: She Said","logger":"root","filename":"new_tropes_dag.py","lineno":66}
{"timestamp":"2025-12-19T10:30:47.006119Z","level":"info","event":"Formatting title: Sherlock Holmes","logger":"root","filename":"new_tropes_dag.py","lineno":66}
{"timestamp":"2025-12-19T10:30:47.006143Z","level":"info","event":"Formatting title: Shes Out Of My League","logger":"root","filename":"new_tropes_dag.py","lineno":66}
{"timestamp":"2025-12-19T10:30:47.006166Z","level":"info","event":"Formatting title: Shifty","logger":"root","filename":"new_tropes_dag.py","lineno":66}
{"timestamp":"2025-12-19T10:30:47.006188Z","level":"info","event":"Formatting title: Shining The","logger":"root","filename":"new_tropes_dag.py","lineno":66}
{"timestamp":"2025-12-19T10:30:47.006211Z","level":"info","event":"Formatting title: Shipping News The","logger":"root","filename":"new_tropes_dag.py","lineno":66}
{"timestamp":"2025-12-19T10:30:47.006240Z","level":"info","event":"Formatting title: Shivers","logger":"root","filename":"new_tropes_dag.py","lineno":66}
{"timestamp":"2025-12-19T10:30:47.006264Z","level":"info","event":"Formatting title: Short Term 12","logger":"root","filename":"new_tropes_dag.py","lineno":66}
{"timestamp":"2025-12-19T10:30:47.006288Z","level":"info","event":"Formatting title: Shortcomings","logger":"root","filename":"new_tropes_dag.py","lineno":66}
{"timestamp":"2025-12-19T10:30:47.006311Z","level":"info","event":"Formatting title: Showgirls","logger":"root","filename":"new_tropes_dag.py","lineno":66}
{"timestamp":"2025-12-19T10:30:47.006334Z","level":"info","event":"Formatting title: Shrek","logger":"root","filename":"new_tropes_dag.py","lineno":66}
{"timestamp":"2025-12-19T10:30:47.006356Z","level":"info","event":"Formatting title: Shrek The Third","logger":"root","filename":"new_tropes_dag.py","lineno":66}
{"timestamp":"2025-12-19T10:30:47.006379Z","level":"info","event":"Formatting title: Shutter Island","logger":"root","filename":"new_tropes_dag.py","lineno":66}
{"timestamp":"2025-12-19T10:30:47.006402Z","level":"info","event":"Formatting title: Sicario","logger":"root","filename":"new_tropes_dag.py","lineno":66}
{"timestamp":"2025-12-19T10:30:47.006426Z","level":"info","event":"Formatting title: Sicario Day Of The Soldado","logger":"root","filename":"new_tropes_dag.py","lineno":66}
{"timestamp":"2025-12-19T10:30:47.006448Z","level":"info","event":"Formatting title: Side Effects","logger":"root","filename":"new_tropes_dag.py","lineno":66}
{"timestamp":"2025-12-19T10:30:47.006510Z","level":"info","event":"Formatting title: Sideways","logger":"root","filename":"new_tropes_dag.py","lineno":66}
{"timestamp":"2025-12-19T10:30:47.006538Z","level":"info","event":"Formatting title: Siege The","logger":"root","filename":"new_tropes_dag.py","lineno":66}
{"timestamp":"2025-12-19T10:30:47.006566Z","level":"info","event":"Formatting title: Signs","logger":"root","filename":"new_tropes_dag.py","lineno":66}
{"timestamp":"2025-12-19T10:30:47.006593Z","level":"info","event":"Formatting title: Silence","logger":"root","filename":"new_tropes_dag.py","lineno":66}
{"timestamp":"2025-12-19T10:30:47.006619Z","level":"info","event":"Formatting title: Silence Of The Lambs","logger":"root","filename":"new_tropes_dag.py","lineno":66}
{"timestamp":"2025-12-19T10:30:47.006645Z","level":"info","event":"Formatting title: Silent Grace","logger":"root","filename":"new_tropes_dag.py","lineno":66}
{"timestamp":"2025-12-19T10:30:47.006671Z","level":"info","event":"Formatting title: Silkwood","logger":"root","filename":"new_tropes_dag.py","lineno":66}
{"timestamp":"2025-12-19T10:30:47.006698Z","level":"info","event":"Formatting title: Silver Bullet","logger":"root","filename":"new_tropes_dag.py","lineno":66}
{"timestamp":"2025-12-19T10:30:47.006722Z","level":"info","event":"Formatting title: Silver Linings Playbook","logger":"root","filename":"new_tropes_dag.py","lineno":66}
{"timestamp":"2025-12-19T10:30:47.006747Z","level":"info","event":"Formatting title: Silverado","logger":"root","filename":"new_tropes_dag.py","lineno":66}
{"timestamp":"2025-12-19T10:30:47.006773Z","level":"info","event":"Formatting title: Simone","logger":"root","filename":"new_tropes_dag.py","lineno":66}
{"timestamp":"2025-12-19T10:30:47.006798Z","level":"info","event":"Formatting title: Sing","logger":"root","filename":"new_tropes_dag.py","lineno":66}
{"timestamp":"2025-12-19T10:30:47.006907Z","level":"info","event":"Formatting title: Sing Sing","logger":"root","filename":"new_tropes_dag.py","lineno":66}
{"timestamp":"2025-12-19T10:30:47.006996Z","level":"info","event":"Formatting title: Sing Street","logger":"root","filename":"new_tropes_dag.py","lineno":66}
{"timestamp":"2025-12-19T10:30:47.007034Z","level":"info","event":"Formatting title: Singin In The Rain","logger":"root","filename":"new_tropes_dag.py","lineno":66}
{"timestamp":"2025-12-19T10:30:47.007064Z","level":"info","event":"Formatting title: Single White Female","logger":"root","filename":"new_tropes_dag.py","lineno":66}
{"timestamp":"2025-12-19T10:30:47.007096Z","level":"info","event":"Formatting title: Sister Act","logger":"root","filename":"new_tropes_dag.py","lineno":66}
{"timestamp":"2025-12-19T10:30:47.007124Z","level":"info","event":"Formatting title: Six Degrees Of Separation","logger":"root","filename":"new_tropes_dag.py","lineno":66}
{"timestamp":"2025-12-19T10:30:47.007151Z","level":"info","event":"Formatting title: Sixteen Candles","logger":"root","filename":"new_tropes_dag.py","lineno":66}
{"timestamp":"2025-12-19T10:30:47.007177Z","level":"info","event":"Formatting title: Sixth Sense The","logger":"root","filename":"new_tropes_dag.py","lineno":66}
{"timestamp":"2025-12-19T10:30:47.007203Z","level":"info","event":"Formatting title: Skyfall","logger":"root","filename":"new_tropes_dag.py","lineno":66}
{"timestamp":"2025-12-19T10:30:47.007229Z","level":"info","event":"Formatting title: Skyscraper","logger":"root","filename":"new_tropes_dag.py","lineno":66}
{"timestamp":"2025-12-19T10:30:47.007260Z","level":"info","event":"Formatting title: Sleepers","logger":"root","filename":"new_tropes_dag.py","lineno":66}
{"timestamp":"2025-12-19T10:30:47.007285Z","level":"info","event":"Formatting title: Sleepless In Seattle","logger":"root","filename":"new_tropes_dag.py","lineno":66}
{"timestamp":"2025-12-19T10:30:47.007310Z","level":"info","event":"Formatting title: Sleepy Hollow","logger":"root","filename":"new_tropes_dag.py","lineno":66}
{"timestamp":"2025-12-19T10:30:47.007336Z","level":"info","event":"Formatting title: Slender Man","logger":"root","filename":"new_tropes_dag.py","lineno":66}
{"timestamp":"2025-12-19T10:30:47.007361Z","level":"info","event":"Formatting title: Sling Blade","logger":"root","filename":"new_tropes_dag.py","lineno":66}
{"timestamp":"2025-12-19T10:30:47.007386Z","level":"info","event":"Formatting title: Slither","logger":"root","filename":"new_tropes_dag.py","lineno":66}
{"timestamp":"2025-12-19T10:30:47.007410Z","level":"info","event":"Formatting title: Sliver","logger":"root","filename":"new_tropes_dag.py","lineno":66}
{"timestamp":"2025-12-19T10:30:47.007436Z","level":"info","event":"Formatting title: Slumdog Millionaire","logger":"root","filename":"new_tropes_dag.py","lineno":66}
{"timestamp":"2025-12-19T10:30:47.007460Z","level":"info","event":"Formatting title: Smashed","logger":"root","filename":"new_tropes_dag.py","lineno":66}
{"timestamp":"2025-12-19T10:30:47.007485Z","level":"info","event":"Formatting title: Smokin Aces","logger":"root","filename":"new_tropes_dag.py","lineno":66}
{"timestamp":"2025-12-19T10:30:47.007509Z","level":"info","event":"Formatting title: Snake Eyes","logger":"root","filename":"new_tropes_dag.py","lineno":66}
{"timestamp":"2025-12-19T10:30:47.007533Z","level":"info","event":"Formatting title: Snatch","logger":"root","filename":"new_tropes_dag.py","lineno":66}
{"timestamp":"2025-12-19T10:30:47.007557Z","level":"info","event":"Formatting title: Sneakers","logger":"root","filename":"new_tropes_dag.py","lineno":66}
{"timestamp":"2025-12-19T10:30:47.007581Z","level":"info","event":"Formatting title: Snow Falling On Cedars","logger":"root","filename":"new_tropes_dag.py","lineno":66}
{"timestamp":"2025-12-19T10:30:47.007606Z","level":"info","event":"Formatting title: Snow White And The Huntsman","logger":"root","filename":"new_tropes_dag.py","lineno":66}
{"timestamp":"2025-12-19T10:30:47.007632Z","level":"info","event":"Formatting title: Snowpiercer","logger":"root","filename":"new_tropes_dag.py","lineno":66}
{"timestamp":"2025-12-19T10:30:47.007658Z","level":"info","event":"Formatting title: So I Married An Axe Murderer","logger":"root","filename":"new_tropes_dag.py","lineno":66}
{"timestamp":"2025-12-19T10:30:47.007684Z","level":"info","event":"Formatting title: Social Network The","logger":"root","filename":"new_tropes_dag.py","lineno":66}
{"timestamp":"2025-12-19T10:30:47.007709Z","level":"info","event":"Formatting title: Solaris","logger":"root","filename":"new_tropes_dag.py","lineno":66}
{"timestamp":"2025-12-19T10:30:47.107018Z","level":"info","event":"Formatting title: Soldier","logger":"root","filename":"new_tropes_dag.py","lineno":66}
{"timestamp":"2025-12-19T10:30:47.107126Z","level":"info","event":"Formatting title: Someone To Watch Over Me","logger":"root","filename":"new_tropes_dag.py","lineno":66}
{"timestamp":"2025-12-19T10:30:47.107161Z","level":"info","event":"Formatting title: Something Wicked This Way Comes","logger":"root","filename":"new_tropes_dag.py","lineno":66}
{"timestamp":"2025-12-19T10:30:47.107192Z","level":"info","event":"Formatting title: Somethings Gotta Give","logger":"root","filename":"new_tropes_dag.py","lineno":66}
{"timestamp":"2025-12-19T10:30:47.107219Z","level":"info","event":"Formatting title: Sorry To Bother","logger":"root","filename":"new_tropes_dag.py","lineno":66}
{"timestamp":"2025-12-19T10:30:47.107253Z","level":"info","event":"Formatting title: Soul","logger":"root","filename":"new_tropes_dag.py","lineno":66}
{"timestamp":"2025-12-19T10:30:47.107283Z","level":"info","event":"Formatting title: Sound Of Metal","logger":"root","filename":"new_tropes_dag.py","lineno":66}
{"timestamp":"2025-12-19T10:30:47.107309Z","level":"info","event":"Formatting title: Source Code","logger":"root","filename":"new_tropes_dag.py","lineno":66}
{"timestamp":"2025-12-19T10:30:47.107333Z","level":"info","event":"Formatting title: South Park","logger":"root","filename":"new_tropes_dag.py","lineno":66}
{"timestamp":"2025-12-19T10:30:47.107362Z","level":"info","event":"Formatting title: Soylent Green","logger":"root","filename":"new_tropes_dag.py","lineno":66}
{"timestamp":"2025-12-19T10:30:47.107389Z","level":"info","event":"Formatting title: Space Cowboys","logger":"root","filename":"new_tropes_dag.py","lineno":66}
{"timestamp":"2025-12-19T10:30:47.107413Z","level":"info","event":"Formatting title: Space Milkshake","logger":"root","filename":"new_tropes_dag.py","lineno":66}
{"timestamp":"2025-12-19T10:30:47.107437Z","level":"info","event":"Formatting title: Spaceballs","logger":"root","filename":"new_tropes_dag.py","lineno":66}
{"timestamp":"2025-12-19T10:30:47.107464Z","level":"info","event":"Formatting title: Spanglish","logger":"root","filename":"new_tropes_dag.py","lineno":66}
{"timestamp":"2025-12-19T10:30:47.107491Z","level":"info","event":"Formatting title: Spare Me","logger":"root","filename":"new_tropes_dag.py","lineno":66}
{"timestamp":"2025-12-19T10:30:47.107516Z","level":"info","event":"Formatting title: Spartacus","logger":"root","filename":"new_tropes_dag.py","lineno":66}
{"timestamp":"2025-12-19T10:30:47.107540Z","level":"info","event":"Formatting title: Spartan","logger":"root","filename":"new_tropes_dag.py","lineno":66}
{"timestamp":"2025-12-19T10:30:47.107565Z","level":"info","event":"Formatting title: Spawn","logger":"root","filename":"new_tropes_dag.py","lineno":66}
{"timestamp":"2025-12-19T10:30:47.107592Z","level":"info","event":"Formatting title: Spectre","logger":"root","filename":"new_tropes_dag.py","lineno":66}
{"timestamp":"2025-12-19T10:30:47.107617Z","level":"info","event":"Formatting title: Speed","logger":"root","filename":"new_tropes_dag.py","lineno":66}
{"timestamp":"2025-12-19T10:30:47.107640Z","level":"info","event":"Formatting title: Speed Racer","logger":"root","filename":"new_tropes_dag.py","lineno":66}
{"timestamp":"2025-12-19T10:30:47.107665Z","level":"info","event":"Formatting title: Spencer","logger":"root","filename":"new_tropes_dag.py","lineno":66}
{"timestamp":"2025-12-19T10:30:47.107690Z","level":"info","event":"Formatting title: Sphere","logger":"root","filename":"new_tropes_dag.py","lineno":66}
{"timestamp":"2025-12-19T10:30:47.107714Z","level":"info","event":"Formatting title: Spider Man","logger":"root","filename":"new_tropes_dag.py","lineno":66}
{"timestamp":"2025-12-19T10:30:47.107742Z","level":"info","event":"Formatting title: Spider Man 2","logger":"root","filename":"new_tropes_dag.py","lineno":66}
{"timestamp":"2025-12-19T10:30:47.107769Z","level":"info","event":"Formatting title: Spider Man Across The Spider Verse","logger":"root","filename":"new_tropes_dag.py","lineno":66}
{"timestamp":"2025-12-19T10:30:47.107795Z","level":"info","event":"Formatting title: Spider Man Into The Spider Verse","logger":"root","filename":"new_tropes_dag.py","lineno":66}
{"timestamp":"2025-12-19T10:30:47.107819Z","level":"info","event":"Formatting title: Spider Man No Way Home","logger":"root","filename":"new_tropes_dag.py","lineno":66}
{"timestamp":"2025-12-19T10:30:47.107850Z","level":"info","event":"Formatting title: Splice","logger":"root","filename":"new_tropes_dag.py","lineno":66}
{"timestamp":"2025-12-19T10:30:47.107875Z","level":"info","event":"Formatting title: Spotlight","logger":"root","filename":"new_tropes_dag.py","lineno":66}
{"timestamp":"2025-12-19T10:30:47.107898Z","level":"info","event":"Formatting title: Spring Breakers","logger":"root","filename":"new_tropes_dag.py","lineno":66}
{"timestamp":"2025-12-19T10:30:47.107921Z","level":"info","event":"Formatting title: Spy Kids","logger":"root","filename":"new_tropes_dag.py","lineno":66}
{"timestamp":"2025-12-19T10:30:47.107944Z","level":"info","event":"Formatting title: St Elmos Fire","logger":"root","filename":"new_tropes_dag.py","lineno":66}
{"timestamp":"2025-12-19T10:30:47.107967Z","level":"info","event":"Formatting title: Stagecoach","logger":"root","filename":"new_tropes_dag.py","lineno":66}
{"timestamp":"2025-12-19T10:30:47.107990Z","level":"info","event":"Formatting title: Stan & Ollie","logger":"root","filename":"new_tropes_dag.py","lineno":66}
{"timestamp":"2025-12-19T10:30:47.108013Z","level":"info","event":"Formatting title: Stand By Me","logger":"root","filename":"new_tropes_dag.py","lineno":66}
{"timestamp":"2025-12-19T10:30:47.108037Z","level":"info","event":"Formatting title: Star Trek","logger":"root","filename":"new_tropes_dag.py","lineno":66}
{"timestamp":"2025-12-19T10:30:47.108061Z","level":"info","event":"Formatting title: Star Trek 2 The Wrath Of Khan","logger":"root","filename":"new_tropes_dag.py","lineno":66}
{"timestamp":"2025-12-19T10:30:47.108084Z","level":"info","event":"Formatting title: Star Trek 3 The Search For Spock","logger":"root","filename":"new_tropes_dag.py","lineno":66}
{"timestamp":"2025-12-19T10:30:47.108113Z","level":"info","event":"Formatting title: Star Trek 4 The Voyage Home","logger":"root","filename":"new_tropes_dag.py","lineno":66}
{"timestamp":"2025-12-19T10:30:47.108138Z","level":"info","event":"Formatting title: Star Trek 6 The Undiscovered Country","logger":"root","filename":"new_tropes_dag.py","lineno":66}
{"timestamp":"2025-12-19T10:30:47.108161Z","level":"info","event":"Formatting title: Star Trek First Contact","logger":"root","filename":"new_tropes_dag.py","lineno":66}
{"timestamp":"2025-12-19T10:30:47.108184Z","level":"info","event":"Formatting title: Star Trek Generations","logger":"root","filename":"new_tropes_dag.py","lineno":66}
{"timestamp":"2025-12-19T10:30:47.108207Z","level":"info","event":"Formatting title: Star Trek Insurrection","logger":"root","filename":"new_tropes_dag.py","lineno":66}
{"timestamp":"2025-12-19T10:30:47.108234Z","level":"info","event":"Formatting title: Star Trek Nemesis","logger":"root","filename":"new_tropes_dag.py","lineno":66}
{"timestamp":"2025-12-19T10:30:47.108290Z","level":"info","event":"Formatting title: Star Trek The Motion Picture","logger":"root","filename":"new_tropes_dag.py","lineno":66}
{"timestamp":"2025-12-19T10:30:47.108344Z","level":"info","event":"Formatting title: Star Trek V The Final Frontier","logger":"root","filename":"new_tropes_dag.py","lineno":66}
{"timestamp":"2025-12-19T10:30:47.108381Z","level":"info","event":"Formatting title: Star Wars A New Hope","logger":"root","filename":"new_tropes_dag.py","lineno":66}
{"timestamp":"2025-12-19T10:30:47.108425Z","level":"info","event":"Formatting title: Star Wars Attack Of The Clones","logger":"root","filename":"new_tropes_dag.py","lineno":66}
{"timestamp":"2025-12-19T10:30:47.108458Z","level":"info","event":"Formatting title: Star Wars Episode 2 Attack Of The Clones","logger":"root","filename":"new_tropes_dag.py","lineno":66}
{"timestamp":"2025-12-19T10:30:47.108485Z","level":"info","event":"Formatting title: Star Wars Episode 3 Revenge Of The Sith","logger":"root","filename":"new_tropes_dag.py","lineno":66}
{"timestamp":"2025-12-19T10:30:47.108510Z","level":"info","event":"Formatting title: Star Wars Episode 4 A New Hope","logger":"root","filename":"new_tropes_dag.py","lineno":66}
{"timestamp":"2025-12-19T10:30:47.108537Z","level":"info","event":"Formatting title: Star Wars Episode 6 Return Of The Jedi","logger":"root","filename":"new_tropes_dag.py","lineno":66}
{"timestamp":"2025-12-19T10:30:47.108566Z","level":"info","event":"Formatting title: Star Wars Episode I The Phantom Menace","logger":"root","filename":"new_tropes_dag.py","lineno":66}
{"timestamp":"2025-12-19T10:30:47.108644Z","level":"info","event":"Formatting title: Star Wars Episode V The Empire Strikes Back","logger":"root","filename":"new_tropes_dag.py","lineno":66}
{"timestamp":"2025-12-19T10:30:47.108688Z","level":"info","event":"Formatting title: Star Wars Return Of The Jedi","logger":"root","filename":"new_tropes_dag.py","lineno":66}
{"timestamp":"2025-12-19T10:30:47.108717Z","level":"info","event":"Formatting title: Star Wars Revenge Of The Sith","logger":"root","filename":"new_tropes_dag.py","lineno":66}
{"timestamp":"2025-12-19T10:30:47.108745Z","level":"info","event":"Formatting title: Star Wars The Empire Strikes Back","logger":"root","filename":"new_tropes_dag.py","lineno":66}
{"timestamp":"2025-12-19T10:30:47.108773Z","level":"info","event":"Formatting title: Star Wars The Force Awakens","logger":"root","filename":"new_tropes_dag.py","lineno":66}
{"timestamp":"2025-12-19T10:30:47.108800Z","level":"info","event":"Formatting title: Star Wars The Phantom Menace","logger":"root","filename":"new_tropes_dag.py","lineno":66}
{"timestamp":"2025-12-19T10:30:47.108841Z","level":"info","event":"Formatting title: Stardust","logger":"root","filename":"new_tropes_dag.py","lineno":66}
{"timestamp":"2025-12-19T10:30:47.108871Z","level":"info","event":"Formatting title: Stargate","logger":"root","filename":"new_tropes_dag.py","lineno":66}
{"timestamp":"2025-12-19T10:30:47.108905Z","level":"info","event":"Formatting title: Starman","logger":"root","filename":"new_tropes_dag.py","lineno":66}
{"timestamp":"2025-12-19T10:30:47.108944Z","level":"info","event":"Formatting title: Starship Troopers","logger":"root","filename":"new_tropes_dag.py","lineno":66}
{"timestamp":"2025-12-19T10:30:47.108981Z","level":"info","event":"Formatting title: State And Main","logger":"root","filename":"new_tropes_dag.py","lineno":66}
{"timestamp":"2025-12-19T10:30:47.109013Z","level":"info","event":"Formatting title: State Of Grace","logger":"root","filename":"new_tropes_dag.py","lineno":66}
{"timestamp":"2025-12-19T10:30:47.109050Z","level":"info","event":"Formatting title: State Of Play","logger":"root","filename":"new_tropes_dag.py","lineno":66}
{"timestamp":"2025-12-19T10:30:47.109091Z","level":"info","event":"Formatting title: Station West","logger":"root","filename":"new_tropes_dag.py","lineno":66}
{"timestamp":"2025-12-19T10:30:47.109141Z","level":"info","event":"Formatting title: Step Brothers","logger":"root","filename":"new_tropes_dag.py","lineno":66}
{"timestamp":"2025-12-19T10:30:47.109186Z","level":"info","event":"Formatting title: Stepmom","logger":"root","filename":"new_tropes_dag.py","lineno":66}
{"timestamp":"2025-12-19T10:30:47.109237Z","level":"info","event":"Formatting title: Steve Jobs","logger":"root","filename":"new_tropes_dag.py","lineno":66}
{"timestamp":"2025-12-19T10:30:47.109317Z","level":"info","event":"Formatting title: Sting The","logger":"root","filename":"new_tropes_dag.py","lineno":66}
{"timestamp":"2025-12-19T10:30:47.109388Z","level":"info","event":"Formatting title: Stir Of Echoes","logger":"root","filename":"new_tropes_dag.py","lineno":66}
{"timestamp":"2025-12-19T10:30:47.109433Z","level":"info","event":"Formatting title: Stoker","logger":"root","filename":"new_tropes_dag.py","lineno":66}
{"timestamp":"2025-12-19T10:30:47.109474Z","level":"info","event":"Formatting title: Storm","logger":"root","filename":"new_tropes_dag.py","lineno":66}
{"timestamp":"2025-12-19T10:30:47.109524Z","level":"info","event":"Formatting title: Storytelling","logger":"root","filename":"new_tropes_dag.py","lineno":66}
{"timestamp":"2025-12-19T10:30:47.109566Z","level":"info","event":"Formatting title: Straight Outta Compton","logger":"root","filename":"new_tropes_dag.py","lineno":66}
{"timestamp":"2025-12-19T10:30:47.109606Z","level":"info","event":"Formatting title: Strange Days","logger":"root","filename":"new_tropes_dag.py","lineno":66}
{"timestamp":"2025-12-19T10:30:47.109646Z","level":"info","event":"Formatting title: Stranger Than Fiction","logger":"root","filename":"new_tropes_dag.py","lineno":66}
{"timestamp":"2025-12-19T10:30:47.109689Z","level":"info","event":"Formatting title: Stranger Than Paradise","logger":"root","filename":"new_tropes_dag.py","lineno":66}
{"timestamp":"2025-12-19T10:30:47.109733Z","level":"info","event":"Formatting title: Strangers On A Train","logger":"root","filename":"new_tropes_dag.py","lineno":66}
{"timestamp":"2025-12-19T10:30:47.109775Z","level":"info","event":"Formatting title: Strawberry Mansion","logger":"root","filename":"new_tropes_dag.py","lineno":66}
{"timestamp":"2025-12-19T10:30:47.109814Z","level":"info","event":"Formatting title: Street Smart","logger":"root","filename":"new_tropes_dag.py","lineno":66}
{"timestamp":"2025-12-19T10:30:47.109851Z","level":"info","event":"Formatting title: Stuber","logger":"root","filename":"new_tropes_dag.py","lineno":66}
{"timestamp":"2025-12-19T10:30:47.109889Z","level":"info","event":"Formatting title: Stuntman The","logger":"root","filename":"new_tropes_dag.py","lineno":66}
{"timestamp":"2025-12-19T10:30:47.109931Z","level":"info","event":"Formatting title: Submarine","logger":"root","filename":"new_tropes_dag.py","lineno":66}
{"timestamp":"2025-12-19T10:30:47.109974Z","level":"info","event":"Formatting title: Substance The","logger":"root","filename":"new_tropes_dag.py","lineno":66}
{"timestamp":"2025-12-19T10:30:47.110013Z","level":"info","event":"Formatting title: Suburbicon","logger":"root","filename":"new_tropes_dag.py","lineno":66}
{"timestamp":"2025-12-19T10:30:47.110051Z","level":"info","event":"Formatting title: Suffragette","logger":"root","filename":"new_tropes_dag.py","lineno":66}
{"timestamp":"2025-12-19T10:30:47.110087Z","level":"info","event":"Formatting title: Sugar","logger":"root","filename":"new_tropes_dag.py","lineno":66}
{"timestamp":"2025-12-19T10:30:47.110125Z","level":"info","event":"Formatting title: Sugar And Spice","logger":"root","filename":"new_tropes_dag.py","lineno":66}
{"timestamp":"2025-12-19T10:30:47.110161Z","level":"info","event":"Formatting title: Suicide Squad","logger":"root","filename":"new_tropes_dag.py","lineno":66}
{"timestamp":"2025-12-19T10:30:47.110197Z","level":"info","event":"Formatting title: Sully","logger":"root","filename":"new_tropes_dag.py","lineno":66}
{"timestamp":"2025-12-19T10:30:47.110233Z","level":"info","event":"Formatting title: Sunset Blvd","logger":"root","filename":"new_tropes_dag.py","lineno":66}
{"timestamp":"2025-12-19T10:30:47.110270Z","level":"info","event":"Formatting title: Sunshine","logger":"root","filename":"new_tropes_dag.py","lineno":66}
{"timestamp":"2025-12-19T10:30:47.110317Z","level":"info","event":"Formatting title: Sunshine Cleaning","logger":"root","filename":"new_tropes_dag.py","lineno":66}
{"timestamp":"2025-12-19T10:30:47.110352Z","level":"info","event":"Formatting title: Super","logger":"root","filename":"new_tropes_dag.py","lineno":66}
{"timestamp":"2025-12-19T10:30:47.110378Z","level":"info","event":"Formatting title: Super 8","logger":"root","filename":"new_tropes_dag.py","lineno":66}
{"timestamp":"2025-12-19T10:30:47.110402Z","level":"info","event":"Formatting title: Super Dark Times","logger":"root","filename":"new_tropes_dag.py","lineno":66}
{"timestamp":"2025-12-19T10:30:47.110426Z","level":"info","event":"Formatting title: Super Mario Bros","logger":"root","filename":"new_tropes_dag.py","lineno":66}
{"timestamp":"2025-12-19T10:30:47.110451Z","level":"info","event":"Formatting title: Superbad","logger":"root","filename":"new_tropes_dag.py","lineno":66}
{"timestamp":"2025-12-19T10:30:47.110477Z","level":"info","event":"Formatting title: Superfights","logger":"root","filename":"new_tropes_dag.py","lineno":66}
{"timestamp":"2025-12-19T10:30:47.110501Z","level":"info","event":"Formatting title: Supergirl","logger":"root","filename":"new_tropes_dag.py","lineno":66}
{"timestamp":"2025-12-19T10:30:47.110525Z","level":"info","event":"Formatting title: Superman","logger":"root","filename":"new_tropes_dag.py","lineno":66}
{"timestamp":"2025-12-19T10:30:47.110549Z","level":"info","event":"Formatting title: Surfer King The","logger":"root","filename":"new_tropes_dag.py","lineno":66}
{"timestamp":"2025-12-19T10:30:47.110573Z","level":"info","event":"Formatting title: Surrogates","logger":"root","filename":"new_tropes_dag.py","lineno":66}
{"timestamp":"2025-12-19T10:30:47.110597Z","level":"info","event":"Formatting title: Suspect Zero","logger":"root","filename":"new_tropes_dag.py","lineno":66}
{"timestamp":"2025-12-19T10:30:47.110651Z","level":"info","event":"Formatting title: Suspiria","logger":"root","filename":"new_tropes_dag.py","lineno":66}
{"timestamp":"2025-12-19T10:30:47.110686Z","level":"info","event":"Formatting title: Swan Song","logger":"root","filename":"new_tropes_dag.py","lineno":66}
{"timestamp":"2025-12-19T10:30:47.110729Z","level":"info","event":"Formatting title: Sweeney Todd The Demon Barber Of Fleet Street","logger":"root","filename":"new_tropes_dag.py","lineno":66}
{"timestamp":"2025-12-19T10:30:47.110771Z","level":"info","event":"Formatting title: Sweet Hereafter The","logger":"root","filename":"new_tropes_dag.py","lineno":66}
{"timestamp":"2025-12-19T10:30:47.110807Z","level":"info","event":"Formatting title: Sweet Smell Of Success","logger":"root","filename":"new_tropes_dag.py","lineno":66}
{"timestamp":"2025-12-19T10:30:47.110833Z","level":"info","event":"Formatting title: Swingers","logger":"root","filename":"new_tropes_dag.py","lineno":66}
{"timestamp":"2025-12-19T10:30:47.110858Z","level":"info","event":"Formatting title: Swiss Army Man","logger":"root","filename":"new_tropes_dag.py","lineno":66}
{"timestamp":"2025-12-19T10:30:47.110888Z","level":"info","event":"Formatting title: Swordfish","logger":"root","filename":"new_tropes_dag.py","lineno":66}
{"timestamp":"2025-12-19T10:30:47.110915Z","level":"info","event":"Formatting title: Synecdoche New York","logger":"root","filename":"new_tropes_dag.py","lineno":66}
{"timestamp":"2025-12-19T10:30:47.110943Z","level":"info","event":"Formatting title: Syriana","logger":"root","filename":"new_tropes_dag.py","lineno":66}
{"timestamp":"2025-12-19T10:30:47.110967Z","level":"info","event":"Formatting title: Take Shelter","logger":"root","filename":"new_tropes_dag.py","lineno":66}
{"timestamp":"2025-12-19T10:30:47.110997Z","level":"info","event":"Formatting title: Taking Lives","logger":"root","filename":"new_tropes_dag.py","lineno":66}
{"timestamp":"2025-12-19T10:30:47.111023Z","level":"info","event":"Formatting title: Taking Of Pelham One Two Three The","logger":"root","filename":"new_tropes_dag.py","lineno":66}
{"timestamp":"2025-12-19T10:30:47.111049Z","level":"info","event":"Formatting title: Taking Sides","logger":"root","filename":"new_tropes_dag.py","lineno":66}
{"timestamp":"2025-12-19T10:30:47.111074Z","level":"info","event":"Formatting title: Talented Mr Ripley The","logger":"root","filename":"new_tropes_dag.py","lineno":66}
{"timestamp":"2025-12-19T10:30:47.111099Z","level":"info","event":"Formatting title: Talkin Dirty After Dark","logger":"root","filename":"new_tropes_dag.py","lineno":66}
{"timestamp":"2025-12-19T10:30:47.111123Z","level":"info","event":"Formatting title: Tall In The Saddle","logger":"root","filename":"new_tropes_dag.py","lineno":66}
{"timestamp":"2025-12-19T10:30:47.111147Z","level":"info","event":"Formatting title: Talladega Nights The Ballad Of Ricky Bobby","logger":"root","filename":"new_tropes_dag.py","lineno":66}
{"timestamp":"2025-12-19T10:30:47.111171Z","level":"info","event":"Formatting title: Tamara Drewe","logger":"root","filename":"new_tropes_dag.py","lineno":66}
{"timestamp":"2025-12-19T10:30:47.111195Z","level":"info","event":"Formatting title: Tango & Cash","logger":"root","filename":"new_tropes_dag.py","lineno":66}
{"timestamp":"2025-12-19T10:30:47.111218Z","level":"info","event":"Formatting title: Taxi Driver","logger":"root","filename":"new_tropes_dag.py","lineno":66}
{"timestamp":"2025-12-19T10:30:47.111242Z","level":"info","event":"Formatting title: Teachers Lounge The","logger":"root","filename":"new_tropes_dag.py","lineno":66}
{"timestamp":"2025-12-19T10:30:47.111270Z","level":"info","event":"Formatting title: Team America World Police","logger":"root","filename":"new_tropes_dag.py","lineno":66}
{"timestamp":"2025-12-19T10:30:47.111295Z","level":"info","event":"Formatting title: Ted","logger":"root","filename":"new_tropes_dag.py","lineno":66}
{"timestamp":"2025-12-19T10:30:47.111323Z","level":"info","event":"Formatting title: Teen Wolf","logger":"root","filename":"new_tropes_dag.py","lineno":66}
{"timestamp":"2025-12-19T10:30:47.111353Z","level":"info","event":"Formatting title: Teenage Mutant Ninja Turtles Mutant Mayhem","logger":"root","filename":"new_tropes_dag.py","lineno":66}
{"timestamp":"2025-12-19T10:30:47.111377Z","level":"info","event":"Formatting title: Tenet","logger":"root","filename":"new_tropes_dag.py","lineno":66}
{"timestamp":"2025-12-19T10:30:47.111406Z","level":"info","event":"Formatting title: Tequila Sunrise","logger":"root","filename":"new_tropes_dag.py","lineno":66}
{"timestamp":"2025-12-19T10:30:47.111431Z","level":"info","event":"Formatting title: Terminator","logger":"root","filename":"new_tropes_dag.py","lineno":66}
{"timestamp":"2025-12-19T10:30:47.111455Z","level":"info","event":"Formatting title: Terminator 2 Judgement Day","logger":"root","filename":"new_tropes_dag.py","lineno":66}
{"timestamp":"2025-12-19T10:30:47.111479Z","level":"info","event":"Formatting title: Terminator Genisys","logger":"root","filename":"new_tropes_dag.py","lineno":66}
{"timestamp":"2025-12-19T10:30:47.111503Z","level":"info","event":"Formatting title: Terminator Salvation","logger":"root","filename":"new_tropes_dag.py","lineno":66}
{"timestamp":"2025-12-19T10:30:47.111527Z","level":"info","event":"Formatting title: Terms Of Endearment","logger":"root","filename":"new_tropes_dag.py","lineno":66}
{"timestamp":"2025-12-19T10:30:47.111551Z","level":"info","event":"Formatting title: The 40 Year Old Virgin","logger":"root","filename":"new_tropes_dag.py","lineno":66}
{"timestamp":"2025-12-19T10:30:47.111575Z","level":"info","event":"Formatting title: The A Team","logger":"root","filename":"new_tropes_dag.py","lineno":66}
{"timestamp":"2025-12-19T10:30:47.111600Z","level":"info","event":"Formatting title: The Abyss","logger":"root","filename":"new_tropes_dag.py","lineno":66}
{"timestamp":"2025-12-19T10:30:47.111624Z","level":"info","event":"Formatting title: The Accidental Tourist","logger":"root","filename":"new_tropes_dag.py","lineno":66}
{"timestamp":"2025-12-19T10:30:47.111647Z","level":"info","event":"Formatting title: The Accountant","logger":"root","filename":"new_tropes_dag.py","lineno":66}
{"timestamp":"2025-12-19T10:30:47.111671Z","level":"info","event":"Formatting title: The Addams Family","logger":"root","filename":"new_tropes_dag.py","lineno":66}
{"timestamp":"2025-12-19T10:30:47.111700Z","level":"info","event":"Formatting title: The Adjustment Bureau","logger":"root","filename":"new_tropes_dag.py","lineno":66}
{"timestamp":"2025-12-19T10:30:47.111737Z","level":"info","event":"Formatting title: The Adventures Of Ford Fairlane","logger":"root","filename":"new_tropes_dag.py","lineno":66}
{"timestamp":"2025-12-19T10:30:47.111764Z","level":"info","event":"Formatting title: The Adventures Of Tintin","logger":"root","filename":"new_tropes_dag.py","lineno":66}
{"timestamp":"2025-12-19T10:30:47.111788Z","level":"info","event":"Formatting title: The African Queen","logger":"root","filename":"new_tropes_dag.py","lineno":66}
{"timestamp":"2025-12-19T10:30:47.111816Z","level":"info","event":"Formatting title: The American","logger":"root","filename":"new_tropes_dag.py","lineno":66}
{"timestamp":"2025-12-19T10:30:47.111841Z","level":"info","event":"Formatting title: The American President","logger":"root","filename":"new_tropes_dag.py","lineno":66}
{"timestamp":"2025-12-19T10:30:47.111866Z","level":"info","event":"Formatting title: The Amityville Horror","logger":"root","filename":"new_tropes_dag.py","lineno":66}
{"timestamp":"2025-12-19T10:30:47.111892Z","level":"info","event":"Formatting title: The Apartment","logger":"root","filename":"new_tropes_dag.py","lineno":66}
{"timestamp":"2025-12-19T10:30:47.111922Z","level":"info","event":"Formatting title: The Artist","logger":"root","filename":"new_tropes_dag.py","lineno":66}
{"timestamp":"2025-12-19T10:30:47.111947Z","level":"info","event":"Formatting title: The Avengers","logger":"root","filename":"new_tropes_dag.py","lineno":66}
{"timestamp":"2025-12-19T10:30:47.111974Z","level":"info","event":"Formatting title: The Aviator","logger":"root","filename":"new_tropes_dag.py","lineno":66}
{"timestamp":"2025-12-19T10:30:47.111999Z","level":"info","event":"Formatting title: The Babadook","logger":"root","filename":"new_tropes_dag.py","lineno":66}
{"timestamp":"2025-12-19T10:30:47.112022Z","level":"info","event":"Formatting title: The Babysitter","logger":"root","filename":"new_tropes_dag.py","lineno":66}
{"timestamp":"2025-12-19T10:30:47.112048Z","level":"info","event":"Formatting title: The Ballad Of Buster Scruggs","logger":"root","filename":"new_tropes_dag.py","lineno":66}
{"timestamp":"2025-12-19T10:30:47.112079Z","level":"info","event":"Formatting title: The Banshees Of Inisherin","logger":"root","filename":"new_tropes_dag.py","lineno":66}
{"timestamp":"2025-12-19T10:30:47.112104Z","level":"info","event":"Formatting title: The Batman","logger":"root","filename":"new_tropes_dag.py","lineno":66}
{"timestamp":"2025-12-19T10:30:47.112127Z","level":"info","event":"Formatting title: The Beach Bum","logger":"root","filename":"new_tropes_dag.py","lineno":66}
{"timestamp":"2025-12-19T10:30:47.112150Z","level":"info","event":"Formatting title: The Beekeeper","logger":"root","filename":"new_tropes_dag.py","lineno":66}
{"timestamp":"2025-12-19T10:30:47.112177Z","level":"info","event":"Formatting title: The Beguiled","logger":"root","filename":"new_tropes_dag.py","lineno":66}
{"timestamp":"2025-12-19T10:30:47.112202Z","level":"info","event":"Formatting title: The Beguiled","logger":"root","filename":"new_tropes_dag.py","lineno":66}
{"timestamp":"2025-12-19T10:30:47.112227Z","level":"info","event":"Formatting title: The Bfg","logger":"root","filename":"new_tropes_dag.py","lineno":66}
{"timestamp":"2025-12-19T10:30:47.112251Z","level":"info","event":"Formatting title: The Big Chill","logger":"root","filename":"new_tropes_dag.py","lineno":66}
{"timestamp":"2025-12-19T10:30:47.112294Z","level":"info","event":"Formatting title: The Big Easy","logger":"root","filename":"new_tropes_dag.py","lineno":66}
{"timestamp":"2025-12-19T10:30:47.112324Z","level":"info","event":"Formatting title: The Big Lebowski","logger":"root","filename":"new_tropes_dag.py","lineno":66}
{"timestamp":"2025-12-19T10:30:47.112351Z","level":"info","event":"Formatting title: The Big Short","logger":"root","filename":"new_tropes_dag.py","lineno":66}
{"timestamp":"2025-12-19T10:30:47.112377Z","level":"info","event":"Formatting title: The Big Sick","logger":"root","filename":"new_tropes_dag.py","lineno":66}
{"timestamp":"2025-12-19T10:30:47.112403Z","level":"info","event":"Formatting title: The Birdcage","logger":"root","filename":"new_tropes_dag.py","lineno":66}
{"timestamp":"2025-12-19T10:30:47.112429Z","level":"info","event":"Formatting title: The Birds","logger":"root","filename":"new_tropes_dag.py","lineno":66}
{"timestamp":"2025-12-19T10:30:47.112454Z","level":"info","event":"Formatting title: The Birth Of A Nation","logger":"root","filename":"new_tropes_dag.py","lineno":66}
{"timestamp":"2025-12-19T10:30:47.112479Z","level":"info","event":"Formatting title: The Bling Ring","logger":"root","filename":"new_tropes_dag.py","lineno":66}
{"timestamp":"2025-12-19T10:30:47.112503Z","level":"info","event":"Formatting title: The Blob","logger":"root","filename":"new_tropes_dag.py","lineno":66}
{"timestamp":"2025-12-19T10:30:47.112528Z","level":"info","event":"Formatting title: The Blues Brothers","logger":"root","filename":"new_tropes_dag.py","lineno":66}
{"timestamp":"2025-12-19T10:30:47.112553Z","level":"info","event":"Formatting title: The Bodyguard","logger":"root","filename":"new_tropes_dag.py","lineno":66}
{"timestamp":"2025-12-19T10:30:47.112578Z","level":"info","event":"Formatting title: The Bonfire Of The Vanities","logger":"root","filename":"new_tropes_dag.py","lineno":66}
{"timestamp":"2025-12-19T10:30:47.112637Z","level":"info","event":"Formatting title: The Boondock Saints","logger":"root","filename":"new_tropes_dag.py","lineno":66}
{"timestamp":"2025-12-19T10:30:47.112691Z","level":"info","event":"Formatting title: The Boondock Saints 2 All Saints Day","logger":"root","filename":"new_tropes_dag.py","lineno":66}
{"timestamp":"2025-12-19T10:30:47.112726Z","level":"info","event":"Formatting title: The Boss Baby Family Business","logger":"root","filename":"new_tropes_dag.py","lineno":66}
{"timestamp":"2025-12-19T10:30:47.112754Z","level":"info","event":"Formatting title: The Bourne Identity","logger":"root","filename":"new_tropes_dag.py","lineno":66}
{"timestamp":"2025-12-19T10:30:47.112785Z","level":"info","event":"Formatting title: The Bourne Supremacy","logger":"root","filename":"new_tropes_dag.py","lineno":66}
{"timestamp":"2025-12-19T10:30:47.112811Z","level":"info","event":"Formatting title: The Bourne Ultimatum","logger":"root","filename":"new_tropes_dag.py","lineno":66}
{"timestamp":"2025-12-19T10:30:47.112838Z","level":"info","event":"Formatting title: The Boxtrolls","logger":"root","filename":"new_tropes_dag.py","lineno":66}
{"timestamp":"2025-12-19T10:30:47.112873Z","level":"info","event":"Formatting title: The Boy","logger":"root","filename":"new_tropes_dag.py","lineno":66}
{"timestamp":"2025-12-19T10:30:47.112902Z","level":"info","event":"Formatting title: The Brady Bunch Movie","logger":"root","filename":"new_tropes_dag.py","lineno":66}
{"timestamp":"2025-12-19T10:30:47.112927Z","level":"info","event":"Formatting title: The Breakfast Club","logger":"root","filename":"new_tropes_dag.py","lineno":66}
{"timestamp":"2025-12-19T10:30:47.112953Z","level":"info","event":"Formatting title: The Brothers Bloom","logger":"root","filename":"new_tropes_dag.py","lineno":66}
{"timestamp":"2025-12-19T10:30:47.112983Z","level":"info","event":"Formatting title: The Brutalist","logger":"root","filename":"new_tropes_dag.py","lineno":66}
{"timestamp":"2025-12-19T10:30:47.113009Z","level":"info","event":"Formatting title: The Burbs","logger":"root","filename":"new_tropes_dag.py","lineno":66}
{"timestamp":"2025-12-19T10:30:47.113034Z","level":"info","event":"Formatting title: The Burial","logger":"root","filename":"new_tropes_dag.py","lineno":66}
{"timestamp":"2025-12-19T10:30:47.113067Z","level":"info","event":"Formatting title: The Cabin In The Woods","logger":"root","filename":"new_tropes_dag.py","lineno":66}
{"timestamp":"2025-12-19T10:30:47.113093Z","level":"info","event":"Formatting title: The Card Counter","logger":"root","filename":"new_tropes_dag.py","lineno":66}
{"timestamp":"2025-12-19T10:30:47.113124Z","level":"info","event":"Formatting title: The Children Of The Corn","logger":"root","filename":"new_tropes_dag.py","lineno":66}
{"timestamp":"2025-12-19T10:30:47.113149Z","level":"info","event":"Formatting title: The Civil Dead","logger":"root","filename":"new_tropes_dag.py","lineno":66}
{"timestamp":"2025-12-19T10:30:47.113173Z","level":"info","event":"Formatting title: The Color Purple","logger":"root","filename":"new_tropes_dag.py","lineno":66}
{"timestamp":"2025-12-19T10:30:47.113198Z","level":"info","event":"Formatting title: The Color Purple","logger":"root","filename":"new_tropes_dag.py","lineno":66}
{"timestamp":"2025-12-19T10:30:47.113220Z","level":"info","event":"Formatting title: The Comedian","logger":"root","filename":"new_tropes_dag.py","lineno":66}
{"timestamp":"2025-12-19T10:30:47.113244Z","level":"info","event":"Formatting title: The Conjuring","logger":"root","filename":"new_tropes_dag.py","lineno":66}
{"timestamp":"2025-12-19T10:30:47.113268Z","level":"info","event":"Formatting title: The Conversation","logger":"root","filename":"new_tropes_dag.py","lineno":66}
{"timestamp":"2025-12-19T10:30:47.113295Z","level":"info","event":"Formatting title: The Cotton Club","logger":"root","filename":"new_tropes_dag.py","lineno":66}
{"timestamp":"2025-12-19T10:30:47.113320Z","level":"info","event":"Formatting title: The Craft","logger":"root","filename":"new_tropes_dag.py","lineno":66}
{"timestamp":"2025-12-19T10:30:47.113350Z","level":"info","event":"Formatting title: The Crow","logger":"root","filename":"new_tropes_dag.py","lineno":66}
{"timestamp":"2025-12-19T10:30:47.113376Z","level":"info","event":"Formatting title: The Curious Case Of Benjamin Button","logger":"root","filename":"new_tropes_dag.py","lineno":66}
{"timestamp":"2025-12-19T10:30:47.113401Z","level":"info","event":"Formatting title: The Cutting Edge","logger":"root","filename":"new_tropes_dag.py","lineno":66}
{"timestamp":"2025-12-19T10:30:47.113430Z","level":"info","event":"Formatting title: The Danish Girl","logger":"root","filename":"new_tropes_dag.py","lineno":66}
{"timestamp":"2025-12-19T10:30:47.113455Z","level":"info","event":"Formatting title: The Dark Knight","logger":"root","filename":"new_tropes_dag.py","lineno":66}
{"timestamp":"2025-12-19T10:30:47.113479Z","level":"info","event":"Formatting title: The Dark Knight Rises","logger":"root","filename":"new_tropes_dag.py","lineno":66}
{"timestamp":"2025-12-19T10:30:47.113503Z","level":"info","event":"Formatting title: The Dead Zone","logger":"root","filename":"new_tropes_dag.py","lineno":66}
{"timestamp":"2025-12-19T10:30:47.113526Z","level":"info","event":"Formatting title: The Deer Hunter","logger":"root","filename":"new_tropes_dag.py","lineno":66}
{"timestamp":"2025-12-19T10:30:47.113549Z","level":"info","event":"Formatting title: The Departed","logger":"root","filename":"new_tropes_dag.py","lineno":66}
{"timestamp":"2025-12-19T10:30:47.113573Z","level":"info","event":"Formatting title: The Descendants","logger":"root","filename":"new_tropes_dag.py","lineno":66}
{"timestamp":"2025-12-19T10:30:47.113597Z","level":"info","event":"Formatting title: The Descent","logger":"root","filename":"new_tropes_dag.py","lineno":66}
{"timestamp":"2025-12-19T10:30:47.113620Z","level":"info","event":"Formatting title: The Devil Wears Prada","logger":"root","filename":"new_tropes_dag.py","lineno":66}
{"timestamp":"2025-12-19T10:30:47.113642Z","level":"info","event":"Formatting title: The Devils Advocate","logger":"root","filename":"new_tropes_dag.py","lineno":66}
{"timestamp":"2025-12-19T10:30:47.113664Z","level":"info","event":"Formatting title: The Devils Rejects","logger":"root","filename":"new_tropes_dag.py","lineno":66}
{"timestamp":"2025-12-19T10:30:47.113687Z","level":"info","event":"Formatting title: The Disaster Artist","logger":"root","filename":"new_tropes_dag.py","lineno":66}
{"timestamp":"2025-12-19T10:30:47.113710Z","level":"info","event":"Formatting title: The Double","logger":"root","filename":"new_tropes_dag.py","lineno":66}
{"timestamp":"2025-12-19T10:30:47.113735Z","level":"info","event":"Formatting title: The Driver","logger":"root","filename":"new_tropes_dag.py","lineno":66}
{"timestamp":"2025-12-19T10:30:47.113757Z","level":"info","event":"Formatting title: The Edge Of Seventeen","logger":"root","filename":"new_tropes_dag.py","lineno":66}
{"timestamp":"2025-12-19T10:30:47.113781Z","level":"info","event":"Formatting title: The Electrical Life Of Louis Wain","logger":"root","filename":"new_tropes_dag.py","lineno":66}
{"timestamp":"2025-12-19T10:30:47.113810Z","level":"info","event":"Formatting title: The Entity","logger":"root","filename":"new_tropes_dag.py","lineno":66}
{"timestamp":"2025-12-19T10:30:47.113836Z","level":"info","event":"Formatting title: The Event","logger":"root","filename":"new_tropes_dag.py","lineno":66}
{"timestamp":"2025-12-19T10:30:47.113865Z","level":"info","event":"Formatting title: The Evil Dead","logger":"root","filename":"new_tropes_dag.py","lineno":66}
{"timestamp":"2025-12-19T10:30:47.113889Z","level":"info","event":"Formatting title: The Exorcist","logger":"root","filename":"new_tropes_dag.py","lineno":66}
{"timestamp":"2025-12-19T10:30:47.113914Z","level":"info","event":"Formatting title: The Exorcist 3","logger":"root","filename":"new_tropes_dag.py","lineno":66}
{"timestamp":"2025-12-19T10:30:47.113937Z","level":"info","event":"Formatting title: The Expendables","logger":"root","filename":"new_tropes_dag.py","lineno":66}
{"timestamp":"2025-12-19T10:30:47.113960Z","level":"info","event":"Formatting title: The Fabelmans","logger":"root","filename":"new_tropes_dag.py","lineno":66}
{"timestamp":"2025-12-19T10:30:47.198127Z","level":"info","event":"Formatting title: The Faculty","logger":"root","filename":"new_tropes_dag.py","lineno":66}
{"timestamp":"2025-12-19T10:30:47.198279Z","level":"info","event":"Formatting title: The Farewell","logger":"root","filename":"new_tropes_dag.py","lineno":66}
{"timestamp":"2025-12-19T10:30:47.198339Z","level":"info","event":"Formatting title: The Fast And The Furious","logger":"root","filename":"new_tropes_dag.py","lineno":66}
{"timestamp":"2025-12-19T10:30:47.198426Z","level":"info","event":"Formatting title: The Father","logger":"root","filename":"new_tropes_dag.py","lineno":66}
{"timestamp":"2025-12-19T10:30:47.198483Z","level":"info","event":"Formatting title: The Fault In Our Stars","logger":"root","filename":"new_tropes_dag.py","lineno":66}
{"timestamp":"2025-12-19T10:30:47.198618Z","level":"info","event":"Formatting title: The Favourite","logger":"root","filename":"new_tropes_dag.py","lineno":66}
{"timestamp":"2025-12-19T10:30:47.198673Z","level":"info","event":"Formatting title: The Fifth Element","logger":"root","filename":"new_tropes_dag.py","lineno":66}
{"timestamp":"2025-12-19T10:30:47.198718Z","level":"info","event":"Formatting title: The Firm","logger":"root","filename":"new_tropes_dag.py","lineno":66}
{"timestamp":"2025-12-19T10:30:47.198763Z","level":"info","event":"Formatting title: The Florida Project","logger":"root","filename":"new_tropes_dag.py","lineno":66}
{"timestamp":"2025-12-19T10:30:47.198824Z","level":"info","event":"Formatting title: The Fly","logger":"root","filename":"new_tropes_dag.py","lineno":66}
{"timestamp":"2025-12-19T10:30:47.198893Z","level":"info","event":"Formatting title: The Fly 2","logger":"root","filename":"new_tropes_dag.py","lineno":66}
{"timestamp":"2025-12-19T10:30:47.198948Z","level":"info","event":"Formatting title: The Fog","logger":"root","filename":"new_tropes_dag.py","lineno":66}
{"timestamp":"2025-12-19T10:30:47.199029Z","level":"info","event":"Formatting title: The Founder","logger":"root","filename":"new_tropes_dag.py","lineno":66}
{"timestamp":"2025-12-19T10:30:47.199120Z","level":"info","event":"Formatting title: The Fourth Kind","logger":"root","filename":"new_tropes_dag.py","lineno":66}
{"timestamp":"2025-12-19T10:30:47.199209Z","level":"info","event":"Formatting title: The French Connection","logger":"root","filename":"new_tropes_dag.py","lineno":66}
{"timestamp":"2025-12-19T10:30:47.199290Z","level":"info","event":"Formatting title: The French Dispatch","logger":"root","filename":"new_tropes_dag.py","lineno":66}
{"timestamp":"2025-12-19T10:30:47.199383Z","level":"info","event":"Formatting title: The Frighteners","logger":"root","filename":"new_tropes_dag.py","lineno":66}
{"timestamp":"2025-12-19T10:30:47.199476Z","level":"info","event":"Formatting title: The Front Runner","logger":"root","filename":"new_tropes_dag.py","lineno":66}
{"timestamp":"2025-12-19T10:30:47.199559Z","level":"info","event":"Formatting title: The Gambler","logger":"root","filename":"new_tropes_dag.py","lineno":66}
{"timestamp":"2025-12-19T10:30:47.199729Z","level":"info","event":"Formatting title: The Gentlemen","logger":"root","filename":"new_tropes_dag.py","lineno":66}
{"timestamp":"2025-12-19T10:30:47.199865Z","level":"info","event":"Formatting title: The Girl On The Train","logger":"root","filename":"new_tropes_dag.py","lineno":66}
{"timestamp":"2025-12-19T10:30:47.199953Z","level":"info","event":"Formatting title: The Girl With The Dragon Tattoo","logger":"root","filename":"new_tropes_dag.py","lineno":66}
{"timestamp":"2025-12-19T10:30:47.200264Z","level":"info","event":"Formatting title: The Godfather","logger":"root","filename":"new_tropes_dag.py","lineno":66}
{"timestamp":"2025-12-19T10:30:47.200529Z","level":"info","event":"Formatting title: The Godfather Part 2","logger":"root","filename":"new_tropes_dag.py","lineno":66}
{"timestamp":"2025-12-19T10:30:47.200632Z","level":"info","event":"Formatting title: The Godfather Part 3","logger":"root","filename":"new_tropes_dag.py","lineno":66}
{"timestamp":"2025-12-19T10:30:47.200727Z","level":"info","event":"Formatting title: The Good Dinosaur","logger":"root","filename":"new_tropes_dag.py","lineno":66}
{"timestamp":"2025-12-19T10:30:47.200819Z","level":"info","event":"Formatting title: The Good Nurse","logger":"root","filename":"new_tropes_dag.py","lineno":66}
{"timestamp":"2025-12-19T10:30:47.200911Z","level":"info","event":"Formatting title: The Good Shepherd","logger":"root","filename":"new_tropes_dag.py","lineno":66}
{"timestamp":"2025-12-19T10:30:47.200994Z","level":"info","event":"Formatting title: The Goodbye Girl","logger":"root","filename":"new_tropes_dag.py","lineno":66}
{"timestamp":"2025-12-19T10:30:47.201046Z","level":"info","event":"Formatting title: The Goonies","logger":"root","filename":"new_tropes_dag.py","lineno":66}
{"timestamp":"2025-12-19T10:30:47.201087Z","level":"info","event":"Formatting title: The Graduate","logger":"root","filename":"new_tropes_dag.py","lineno":66}
{"timestamp":"2025-12-19T10:30:47.201131Z","level":"info","event":"Formatting title: The Grand Budapest Hotel","logger":"root","filename":"new_tropes_dag.py","lineno":66}
{"timestamp":"2025-12-19T10:30:47.201174Z","level":"info","event":"Formatting title: The Great Escape","logger":"root","filename":"new_tropes_dag.py","lineno":66}
{"timestamp":"2025-12-19T10:30:47.201410Z","level":"info","event":"Formatting title: The Great Muppet Caper","logger":"root","filename":"new_tropes_dag.py","lineno":66}
{"timestamp":"2025-12-19T10:30:47.201560Z","level":"info","event":"Formatting title: The Greatest Showman","logger":"root","filename":"new_tropes_dag.py","lineno":66}
{"timestamp":"2025-12-19T10:30:47.201619Z","level":"info","event":"Formatting title: The Grudge","logger":"root","filename":"new_tropes_dag.py","lineno":66}
{"timestamp":"2025-12-19T10:30:47.201664Z","level":"info","event":"Formatting title: The Grudge","logger":"root","filename":"new_tropes_dag.py","lineno":66}
{"timestamp":"2025-12-19T10:30:47.201705Z","level":"info","event":"Formatting title: The Guest","logger":"root","filename":"new_tropes_dag.py","lineno":66}
{"timestamp":"2025-12-19T10:30:47.201747Z","level":"info","event":"Formatting title: The Hand Of God","logger":"root","filename":"new_tropes_dag.py","lineno":66}
{"timestamp":"2025-12-19T10:30:47.201786Z","level":"info","event":"Formatting title: The Hangover","logger":"root","filename":"new_tropes_dag.py","lineno":66}
{"timestamp":"2025-12-19T10:30:47.201832Z","level":"info","event":"Formatting title: The Happy Prince","logger":"root","filename":"new_tropes_dag.py","lineno":66}
{"timestamp":"2025-12-19T10:30:47.201872Z","level":"info","event":"Formatting title: The Harder They Fall","logger":"root","filename":"new_tropes_dag.py","lineno":66}
{"timestamp":"2025-12-19T10:30:47.201909Z","level":"info","event":"Formatting title: The Hate You Give","logger":"root","filename":"new_tropes_dag.py","lineno":66}
{"timestamp":"2025-12-19T10:30:47.201947Z","level":"info","event":"Formatting title: The Hateful Eight","logger":"root","filename":"new_tropes_dag.py","lineno":66}
{"timestamp":"2025-12-19T10:30:47.201984Z","level":"info","event":"Formatting title: The Haunted Mansion","logger":"root","filename":"new_tropes_dag.py","lineno":66}
{"timestamp":"2025-12-19T10:30:47.202022Z","level":"info","event":"Formatting title: The Help","logger":"root","filename":"new_tropes_dag.py","lineno":66}
{"timestamp":"2025-12-19T10:30:47.202059Z","level":"info","event":"Formatting title: The Hills Have Eyes","logger":"root","filename":"new_tropes_dag.py","lineno":66}
{"timestamp":"2025-12-19T10:30:47.202097Z","level":"info","event":"Formatting title: The Hitcher","logger":"root","filename":"new_tropes_dag.py","lineno":66}
{"timestamp":"2025-12-19T10:30:47.202132Z","level":"info","event":"Formatting title: The Hitchhikers Guide To The Galaxy","logger":"root","filename":"new_tropes_dag.py","lineno":66}
{"timestamp":"2025-12-19T10:30:47.202169Z","level":"info","event":"Formatting title: The Hitmans Bodyguard","logger":"root","filename":"new_tropes_dag.py","lineno":66}
{"timestamp":"2025-12-19T10:30:47.202206Z","level":"info","event":"Formatting title: The Hobbit An Unexpected Journey","logger":"root","filename":"new_tropes_dag.py","lineno":66}
{"timestamp":"2025-12-19T10:30:47.202245Z","level":"info","event":"Formatting title: The Hobbit The Desolation Of Smaug","logger":"root","filename":"new_tropes_dag.py","lineno":66}
{"timestamp":"2025-12-19T10:30:47.202281Z","level":"info","event":"Formatting title: The Holdovers","logger":"root","filename":"new_tropes_dag.py","lineno":66}
{"timestamp":"2025-12-19T10:30:47.202319Z","level":"info","event":"Formatting title: The Hole","logger":"root","filename":"new_tropes_dag.py","lineno":66}
{"timestamp":"2025-12-19T10:30:47.202357Z","level":"info","event":"Formatting title: The Holiday","logger":"root","filename":"new_tropes_dag.py","lineno":66}
{"timestamp":"2025-12-19T10:30:47.202394Z","level":"info","event":"Formatting title: The Hollars","logger":"root","filename":"new_tropes_dag.py","lineno":66}
{"timestamp":"2025-12-19T10:30:47.202432Z","level":"info","event":"Formatting title: The Hours","logger":"root","filename":"new_tropes_dag.py","lineno":66}
{"timestamp":"2025-12-19T10:30:47.202471Z","level":"info","event":"Formatting title: The Howling","logger":"root","filename":"new_tropes_dag.py","lineno":66}
{"timestamp":"2025-12-19T10:30:47.202507Z","level":"info","event":"Formatting title: The Humans","logger":"root","filename":"new_tropes_dag.py","lineno":66}
{"timestamp":"2025-12-19T10:30:47.202542Z","level":"info","event":"Formatting title: The Hummingbird Project","logger":"root","filename":"new_tropes_dag.py","lineno":66}
{"timestamp":"2025-12-19T10:30:47.202576Z","level":"info","event":"Formatting title: The Hunger Games","logger":"root","filename":"new_tropes_dag.py","lineno":66}
{"timestamp":"2025-12-19T10:30:47.202611Z","level":"info","event":"Formatting title: The Hunger Games Catching Fire","logger":"root","filename":"new_tropes_dag.py","lineno":66}
{"timestamp":"2025-12-19T10:30:47.202651Z","level":"info","event":"Formatting title: The Hurt Locker","logger":"root","filename":"new_tropes_dag.py","lineno":66}
{"timestamp":"2025-12-19T10:30:47.202691Z","level":"info","event":"Formatting title: The Hustler","logger":"root","filename":"new_tropes_dag.py","lineno":66}
{"timestamp":"2025-12-19T10:30:47.202728Z","level":"info","event":"Formatting title: The Imaginarium Of Doctor Parnassus","logger":"root","filename":"new_tropes_dag.py","lineno":66}
{"timestamp":"2025-12-19T10:30:47.202765Z","level":"info","event":"Formatting title: The Imitation Game","logger":"root","filename":"new_tropes_dag.py","lineno":66}
{"timestamp":"2025-12-19T10:30:47.202803Z","level":"info","event":"Formatting title: The Incredible Burt Wonderstone","logger":"root","filename":"new_tropes_dag.py","lineno":66}
{"timestamp":"2025-12-19T10:30:47.202841Z","level":"info","event":"Formatting title: The Incredible Hulk","logger":"root","filename":"new_tropes_dag.py","lineno":66}
{"timestamp":"2025-12-19T10:30:47.202881Z","level":"info","event":"Formatting title: The Incredibles","logger":"root","filename":"new_tropes_dag.py","lineno":66}
{"timestamp":"2025-12-19T10:30:47.202925Z","level":"info","event":"Formatting title: The Informant","logger":"root","filename":"new_tropes_dag.py","lineno":66}
{"timestamp":"2025-12-19T10:30:47.202966Z","level":"info","event":"Formatting title: The Internship","logger":"root","filename":"new_tropes_dag.py","lineno":66}
{"timestamp":"2025-12-19T10:30:47.203005Z","level":"info","event":"Formatting title: The Interpreter","logger":"root","filename":"new_tropes_dag.py","lineno":66}
{"timestamp":"2025-12-19T10:30:47.203091Z","level":"info","event":"Formatting title: The Interview","logger":"root","filename":"new_tropes_dag.py","lineno":66}
{"timestamp":"2025-12-19T10:30:47.203142Z","level":"info","event":"Formatting title: The Invisible Woman","logger":"root","filename":"new_tropes_dag.py","lineno":66}
{"timestamp":"2025-12-19T10:30:47.203185Z","level":"info","event":"Formatting title: The Invitation","logger":"root","filename":"new_tropes_dag.py","lineno":66}
{"timestamp":"2025-12-19T10:30:47.203228Z","level":"info","event":"Formatting title: The Irishman","logger":"root","filename":"new_tropes_dag.py","lineno":66}
{"timestamp":"2025-12-19T10:30:47.203270Z","level":"info","event":"Formatting title: The Iron Claw","logger":"root","filename":"new_tropes_dag.py","lineno":66}
{"timestamp":"2025-12-19T10:30:47.203314Z","level":"info","event":"Formatting title: The Iron Giant","logger":"root","filename":"new_tropes_dag.py","lineno":66}
{"timestamp":"2025-12-19T10:30:47.203356Z","level":"info","event":"Formatting title: The Island Of Dr Moreau","logger":"root","filename":"new_tropes_dag.py","lineno":66}
{"timestamp":"2025-12-19T10:30:47.203398Z","level":"info","event":"Formatting title: The Jerk","logger":"root","filename":"new_tropes_dag.py","lineno":66}
{"timestamp":"2025-12-19T10:30:47.203439Z","level":"info","event":"Formatting title: The Jewel Of The Nile","logger":"root","filename":"new_tropes_dag.py","lineno":66}
{"timestamp":"2025-12-19T10:30:47.203491Z","level":"info","event":"Formatting title: The Karate Kid Part 2","logger":"root","filename":"new_tropes_dag.py","lineno":66}
{"timestamp":"2025-12-19T10:30:47.203531Z","level":"info","event":"Formatting title: The Karate Kid Part 3","logger":"root","filename":"new_tropes_dag.py","lineno":66}
{"timestamp":"2025-12-19T10:30:47.203569Z","level":"info","event":"Formatting title: The Kids Are All Right","logger":"root","filename":"new_tropes_dag.py","lineno":66}
{"timestamp":"2025-12-19T10:30:47.203607Z","level":"info","event":"Formatting title: The Killer","logger":"root","filename":"new_tropes_dag.py","lineno":66}
{"timestamp":"2025-12-19T10:30:47.203645Z","level":"info","event":"Formatting title: The Killing Of A Sacred Deer","logger":"root","filename":"new_tropes_dag.py","lineno":66}
{"timestamp":"2025-12-19T10:30:47.203682Z","level":"info","event":"Formatting title: The King","logger":"root","filename":"new_tropes_dag.py","lineno":66}
{"timestamp":"2025-12-19T10:30:47.203719Z","level":"info","event":"Formatting title: The King Of Comedy","logger":"root","filename":"new_tropes_dag.py","lineno":66}
{"timestamp":"2025-12-19T10:30:47.203757Z","level":"info","event":"Formatting title: The Kings Speech","logger":"root","filename":"new_tropes_dag.py","lineno":66}
{"timestamp":"2025-12-19T10:30:47.203801Z","level":"info","event":"Formatting title: The Last Boy Scout","logger":"root","filename":"new_tropes_dag.py","lineno":66}
{"timestamp":"2025-12-19T10:30:47.203842Z","level":"info","event":"Formatting title: The Last Castle","logger":"root","filename":"new_tropes_dag.py","lineno":66}
{"timestamp":"2025-12-19T10:30:47.203883Z","level":"info","event":"Formatting title: The Last Picture Show","logger":"root","filename":"new_tropes_dag.py","lineno":66}
{"timestamp":"2025-12-19T10:30:47.203924Z","level":"info","event":"Formatting title: The Last Station","logger":"root","filename":"new_tropes_dag.py","lineno":66}
{"timestamp":"2025-12-19T10:30:47.203964Z","level":"info","event":"Formatting title: The Last Temptation Of Christ","logger":"root","filename":"new_tropes_dag.py","lineno":66}
{"timestamp":"2025-12-19T10:30:47.204005Z","level":"info","event":"Formatting title: The Legend Of Zorro","logger":"root","filename":"new_tropes_dag.py","lineno":66}
{"timestamp":"2025-12-19T10:30:47.204044Z","level":"info","event":"Formatting title: The Lego Movie","logger":"root","filename":"new_tropes_dag.py","lineno":66}
{"timestamp":"2025-12-19T10:30:47.204083Z","level":"info","event":"Formatting title: The Lighthouse","logger":"root","filename":"new_tropes_dag.py","lineno":66}
{"timestamp":"2025-12-19T10:30:47.204124Z","level":"info","event":"Formatting title: The Lincoln Lawyer","logger":"root","filename":"new_tropes_dag.py","lineno":66}
{"timestamp":"2025-12-19T10:30:47.204166Z","level":"info","event":"Formatting title: The Lion In Winter","logger":"root","filename":"new_tropes_dag.py","lineno":66}
{"timestamp":"2025-12-19T10:30:47.204205Z","level":"info","event":"Formatting title: The Lion King","logger":"root","filename":"new_tropes_dag.py","lineno":66}
{"timestamp":"2025-12-19T10:30:47.204245Z","level":"info","event":"Formatting title: The Little Mermaid","logger":"root","filename":"new_tropes_dag.py","lineno":66}
{"timestamp":"2025-12-19T10:30:47.204387Z","level":"info","event":"Formatting title: The Living Daylights","logger":"root","filename":"new_tropes_dag.py","lineno":66}
{"timestamp":"2025-12-19T10:30:47.204451Z","level":"info","event":"Formatting title: The Lobster","logger":"root","filename":"new_tropes_dag.py","lineno":66}
{"timestamp":"2025-12-19T10:30:47.204497Z","level":"info","event":"Formatting title: The Lone Ranger","logger":"root","filename":"new_tropes_dag.py","lineno":66}
{"timestamp":"2025-12-19T10:30:47.204542Z","level":"info","event":"Formatting title: The Long Goodbye","logger":"root","filename":"new_tropes_dag.py","lineno":66}
{"timestamp":"2025-12-19T10:30:47.204590Z","level":"info","event":"Formatting title: The Long Kiss Goodnight","logger":"root","filename":"new_tropes_dag.py","lineno":66}
{"timestamp":"2025-12-19T10:30:47.204636Z","level":"info","event":"Formatting title: The Lorax","logger":"root","filename":"new_tropes_dag.py","lineno":66}
{"timestamp":"2025-12-19T10:30:47.204728Z","level":"info","event":"Formatting title: The Lord Of The Rings The Fellowship Of The Ring","logger":"root","filename":"new_tropes_dag.py","lineno":66}
{"timestamp":"2025-12-19T10:30:47.204797Z","level":"info","event":"Formatting title: The Lord Of The Rings The Return Of The King","logger":"root","filename":"new_tropes_dag.py","lineno":66}
{"timestamp":"2025-12-19T10:30:47.204847Z","level":"info","event":"Formatting title: The Lord Of The Rings The Two Towers","logger":"root","filename":"new_tropes_dag.py","lineno":66}
{"timestamp":"2025-12-19T10:30:47.204893Z","level":"info","event":"Formatting title: The Lost Boys","logger":"root","filename":"new_tropes_dag.py","lineno":66}
{"timestamp":"2025-12-19T10:30:47.204937Z","level":"info","event":"Formatting title: The Lost City Of Z","logger":"root","filename":"new_tropes_dag.py","lineno":66}
{"timestamp":"2025-12-19T10:30:47.204981Z","level":"info","event":"Formatting title: The Lost Daughter","logger":"root","filename":"new_tropes_dag.py","lineno":66}
{"timestamp":"2025-12-19T10:30:47.205022Z","level":"info","event":"Formatting title: The Lost Weekend","logger":"root","filename":"new_tropes_dag.py","lineno":66}
{"timestamp":"2025-12-19T10:30:47.205100Z","level":"info","event":"Formatting title: The Lost World Jurassic Park","logger":"root","filename":"new_tropes_dag.py","lineno":66}
{"timestamp":"2025-12-19T10:30:47.205150Z","level":"info","event":"Formatting title: The Lunchbox","logger":"root","filename":"new_tropes_dag.py","lineno":66}
{"timestamp":"2025-12-19T10:30:47.205196Z","level":"info","event":"Formatting title: The Majestic","logger":"root","filename":"new_tropes_dag.py","lineno":66}
{"timestamp":"2025-12-19T10:30:47.205239Z","level":"info","event":"Formatting title: The Maltese Falcon","logger":"root","filename":"new_tropes_dag.py","lineno":66}
{"timestamp":"2025-12-19T10:30:47.205284Z","level":"info","event":"Formatting title: The Man From Uncle","logger":"root","filename":"new_tropes_dag.py","lineno":66}
{"timestamp":"2025-12-19T10:30:47.205327Z","level":"info","event":"Formatting title: The Man Who Invented Christmas","logger":"root","filename":"new_tropes_dag.py","lineno":66}
{"timestamp":"2025-12-19T10:30:47.205372Z","level":"info","event":"Formatting title: The Manchurian Candidate","logger":"root","filename":"new_tropes_dag.py","lineno":66}
{"timestamp":"2025-12-19T10:30:47.205413Z","level":"info","event":"Formatting title: The Martian","logger":"root","filename":"new_tropes_dag.py","lineno":66}
{"timestamp":"2025-12-19T10:30:47.205491Z","level":"info","event":"Formatting title: The Mask","logger":"root","filename":"new_tropes_dag.py","lineno":66}
{"timestamp":"2025-12-19T10:30:47.205660Z","level":"info","event":"Formatting title: The Mask Of Zorro","logger":"root","filename":"new_tropes_dag.py","lineno":66}
{"timestamp":"2025-12-19T10:30:47.205779Z","level":"info","event":"Formatting title: The Master","logger":"root","filename":"new_tropes_dag.py","lineno":66}
{"timestamp":"2025-12-19T10:30:47.205830Z","level":"info","event":"Formatting title: The Matador","logger":"root","filename":"new_tropes_dag.py","lineno":66}
{"timestamp":"2025-12-19T10:30:47.205879Z","level":"info","event":"Formatting title: The Matrix","logger":"root","filename":"new_tropes_dag.py","lineno":66}
{"timestamp":"2025-12-19T10:30:47.205921Z","level":"info","event":"Formatting title: The Matrix Reloaded","logger":"root","filename":"new_tropes_dag.py","lineno":66}
{"timestamp":"2025-12-19T10:30:47.205963Z","level":"info","event":"Formatting title: The Matrix Revolutions","logger":"root","filename":"new_tropes_dag.py","lineno":66}
{"timestamp":"2025-12-19T10:30:47.206002Z","level":"info","event":"Formatting title: The Maze Runner","logger":"root","filename":"new_tropes_dag.py","lineno":66}
{"timestamp":"2025-12-19T10:30:47.206194Z","level":"info","event":"Formatting title: The Meddler","logger":"root","filename":"new_tropes_dag.py","lineno":66}
{"timestamp":"2025-12-19T10:30:47.206287Z","level":"info","event":"Formatting title: The Meg","logger":"root","filename":"new_tropes_dag.py","lineno":66}
{"timestamp":"2025-12-19T10:30:47.206349Z","level":"info","event":"Formatting title: The Men Who Stare At Goats","logger":"root","filename":"new_tropes_dag.py","lineno":66}
{"timestamp":"2025-12-19T10:30:47.206394Z","level":"info","event":"Formatting title: The Menu","logger":"root","filename":"new_tropes_dag.py","lineno":66}
{"timestamp":"2025-12-19T10:30:47.206502Z","level":"info","event":"Formatting title: The Midnight Sky","logger":"root","filename":"new_tropes_dag.py","lineno":66}
{"timestamp":"2025-12-19T10:30:47.206779Z","level":"info","event":"Formatting title: The Mighty Ducks","logger":"root","filename":"new_tropes_dag.py","lineno":66}
{"timestamp":"2025-12-19T10:30:47.206922Z","level":"info","event":"Formatting title: The Miracle Club","logger":"root","filename":"new_tropes_dag.py","lineno":66}
{"timestamp":"2025-12-19T10:30:47.207020Z","level":"info","event":"Formatting title: The Mitchells Vs The Machines","logger":"root","filename":"new_tropes_dag.py","lineno":66}
{"timestamp":"2025-12-19T10:30:47.207105Z","level":"info","event":"Formatting title: The Mother","logger":"root","filename":"new_tropes_dag.py","lineno":66}
{"timestamp":"2025-12-19T10:30:47.207189Z","level":"info","event":"Formatting title: The Mummy","logger":"root","filename":"new_tropes_dag.py","lineno":66}
{"timestamp":"2025-12-19T10:30:47.207246Z","level":"info","event":"Formatting title: The Mummy","logger":"root","filename":"new_tropes_dag.py","lineno":66}
{"timestamp":"2025-12-19T10:30:47.207283Z","level":"info","event":"Formatting title: The Mummy Returns","logger":"root","filename":"new_tropes_dag.py","lineno":66}
{"timestamp":"2025-12-19T10:30:47.207318Z","level":"info","event":"Formatting title: The Mummy Tomb Of The Dragon Emperor","logger":"root","filename":"new_tropes_dag.py","lineno":66}
{"timestamp":"2025-12-19T10:30:47.207354Z","level":"info","event":"Formatting title: The Naked Gun 2½ The Smell Of Fear","logger":"root","filename":"new_tropes_dag.py","lineno":66}
{"timestamp":"2025-12-19T10:30:47.207393Z","level":"info","event":"Formatting title: The Naked Gun From The Files Of Police Squad","logger":"root","filename":"new_tropes_dag.py","lineno":66}
{"timestamp":"2025-12-19T10:30:47.207433Z","level":"info","event":"Formatting title: The Neon Demon","logger":"root","filename":"new_tropes_dag.py","lineno":66}
{"timestamp":"2025-12-19T10:30:47.207470Z","level":"info","event":"Formatting title: The Nice Guys","logger":"root","filename":"new_tropes_dag.py","lineno":66}
{"timestamp":"2025-12-19T10:30:47.207504Z","level":"info","event":"Formatting title: The Night House","logger":"root","filename":"new_tropes_dag.py","lineno":66}
{"timestamp":"2025-12-19T10:30:47.207539Z","level":"info","event":"Formatting title: The Nightmare Before Christmas","logger":"root","filename":"new_tropes_dag.py","lineno":66}
{"timestamp":"2025-12-19T10:30:47.207574Z","level":"info","event":"Formatting title: The Nines","logger":"root","filename":"new_tropes_dag.py","lineno":66}
{"timestamp":"2025-12-19T10:30:47.207609Z","level":"info","event":"Formatting title: The Northman","logger":"root","filename":"new_tropes_dag.py","lineno":66}
{"timestamp":"2025-12-19T10:30:47.207673Z","level":"info","event":"Formatting title: The Nun","logger":"root","filename":"new_tropes_dag.py","lineno":66}
{"timestamp":"2025-12-19T10:30:47.207723Z","level":"info","event":"Formatting title: The Nutty Professor","logger":"root","filename":"new_tropes_dag.py","lineno":66}
{"timestamp":"2025-12-19T10:30:47.207767Z","level":"info","event":"Formatting title: The Old Man And The Gun","logger":"root","filename":"new_tropes_dag.py","lineno":66}
{"timestamp":"2025-12-19T10:30:47.207806Z","level":"info","event":"Formatting title: The Omen","logger":"root","filename":"new_tropes_dag.py","lineno":66}
{"timestamp":"2025-12-19T10:30:47.207857Z","level":"info","event":"Formatting title: The Other Guys","logger":"root","filename":"new_tropes_dag.py","lineno":66}
{"timestamp":"2025-12-19T10:30:47.207896Z","level":"info","event":"Formatting title: The Other Side Of The Wind","logger":"root","filename":"new_tropes_dag.py","lineno":66}
{"timestamp":"2025-12-19T10:30:47.207967Z","level":"info","event":"Formatting title: The Others","logger":"root","filename":"new_tropes_dag.py","lineno":66}
{"timestamp":"2025-12-19T10:30:47.208217Z","level":"info","event":"Formatting title: The Outrun","logger":"root","filename":"new_tropes_dag.py","lineno":66}
{"timestamp":"2025-12-19T10:30:47.208325Z","level":"info","event":"Formatting title: The Outsiders","logger":"root","filename":"new_tropes_dag.py","lineno":66}
{"timestamp":"2025-12-19T10:30:47.208381Z","level":"info","event":"Formatting title: The Passion Of The Christ","logger":"root","filename":"new_tropes_dag.py","lineno":66}
{"timestamp":"2025-12-19T10:30:47.208423Z","level":"info","event":"Formatting title: The Peanut Butter Falcon","logger":"root","filename":"new_tropes_dag.py","lineno":66}
{"timestamp":"2025-12-19T10:30:47.208463Z","level":"info","event":"Formatting title: The Pelican Brief","logger":"root","filename":"new_tropes_dag.py","lineno":66}
{"timestamp":"2025-12-19T10:30:47.208502Z","level":"info","event":"Formatting title: The Perfect Storm","logger":"root","filename":"new_tropes_dag.py","lineno":66}
{"timestamp":"2025-12-19T10:30:47.208539Z","level":"info","event":"Formatting title: The Perks Of Being A Wallflower","logger":"root","filename":"new_tropes_dag.py","lineno":66}
{"timestamp":"2025-12-19T10:30:47.208576Z","level":"info","event":"Formatting title: The Persian Version","logger":"root","filename":"new_tropes_dag.py","lineno":66}
{"timestamp":"2025-12-19T10:30:47.208773Z","level":"info","event":"Formatting title: The Phantom","logger":"root","filename":"new_tropes_dag.py","lineno":66}
{"timestamp":"2025-12-19T10:30:47.208840Z","level":"info","event":"Formatting title: The Place Beyond The Pines","logger":"root","filename":"new_tropes_dag.py","lineno":66}
{"timestamp":"2025-12-19T10:30:47.208885Z","level":"info","event":"Formatting title: The Player","logger":"root","filename":"new_tropes_dag.py","lineno":66}
{"timestamp":"2025-12-19T10:30:47.208928Z","level":"info","event":"Formatting title: The Poseidon Adventure","logger":"root","filename":"new_tropes_dag.py","lineno":66}
{"timestamp":"2025-12-19T10:30:47.208966Z","level":"info","event":"Formatting title: The Post","logger":"root","filename":"new_tropes_dag.py","lineno":66}
{"timestamp":"2025-12-19T10:30:47.209001Z","level":"info","event":"Formatting title: The Power Of The Dog","logger":"root","filename":"new_tropes_dag.py","lineno":66}
{"timestamp":"2025-12-19T10:30:47.209041Z","level":"info","event":"Formatting title: The Predator","logger":"root","filename":"new_tropes_dag.py","lineno":66}
{"timestamp":"2025-12-19T10:30:47.209076Z","level":"info","event":"Formatting title: The Prestige","logger":"root","filename":"new_tropes_dag.py","lineno":66}
{"timestamp":"2025-12-19T10:30:47.209146Z","level":"info","event":"Formatting title: The Princess Bride","logger":"root","filename":"new_tropes_dag.py","lineno":66}
{"timestamp":"2025-12-19T10:30:47.209187Z","level":"info","event":"Formatting title: The Proposal","logger":"root","filename":"new_tropes_dag.py","lineno":66}
{"timestamp":"2025-12-19T10:30:47.209223Z","level":"info","event":"Formatting title: The Purge","logger":"root","filename":"new_tropes_dag.py","lineno":66}
{"timestamp":"2025-12-19T10:30:47.209259Z","level":"info","event":"Formatting title: The Pursuit Of Happyness","logger":"root","filename":"new_tropes_dag.py","lineno":66}
{"timestamp":"2025-12-19T10:30:47.209295Z","level":"info","event":"Formatting title: The Rage Carrie 2","logger":"root","filename":"new_tropes_dag.py","lineno":66}
{"timestamp":"2025-12-19T10:30:47.209330Z","level":"info","event":"Formatting title: The Red Turtle","logger":"root","filename":"new_tropes_dag.py","lineno":66}
{"timestamp":"2025-12-19T10:30:47.209365Z","level":"info","event":"Formatting title: The Revenant","logger":"root","filename":"new_tropes_dag.py","lineno":66}
{"timestamp":"2025-12-19T10:30:47.209400Z","level":"info","event":"Formatting title: The Rider","logger":"root","filename":"new_tropes_dag.py","lineno":66}
{"timestamp":"2025-12-19T10:30:47.209436Z","level":"info","event":"Formatting title: The Ring","logger":"root","filename":"new_tropes_dag.py","lineno":66}
{"timestamp":"2025-12-19T10:30:47.209469Z","level":"info","event":"Formatting title: The Road Warrior","logger":"root","filename":"new_tropes_dag.py","lineno":66}
{"timestamp":"2025-12-19T10:30:47.209503Z","level":"info","event":"Formatting title: The Rock","logger":"root","filename":"new_tropes_dag.py","lineno":66}
{"timestamp":"2025-12-19T10:30:47.209537Z","level":"info","event":"Formatting title: The Rocketeer","logger":"root","filename":"new_tropes_dag.py","lineno":66}
{"timestamp":"2025-12-19T10:30:47.209573Z","level":"info","event":"Formatting title: The Rocky Horror Picture Show","logger":"root","filename":"new_tropes_dag.py","lineno":66}
{"timestamp":"2025-12-19T10:30:47.209621Z","level":"info","event":"Formatting title: The Rookie","logger":"root","filename":"new_tropes_dag.py","lineno":66}
{"timestamp":"2025-12-19T10:30:47.209678Z","level":"info","event":"Formatting title: The Room Next Door","logger":"root","filename":"new_tropes_dag.py","lineno":66}
{"timestamp":"2025-12-19T10:30:47.209750Z","level":"info","event":"Formatting title: The Rover","logger":"root","filename":"new_tropes_dag.py","lineno":66}
{"timestamp":"2025-12-19T10:30:47.209794Z","level":"info","event":"Formatting title: The Royal Tenenbaums","logger":"root","filename":"new_tropes_dag.py","lineno":66}
{"timestamp":"2025-12-19T10:30:47.209835Z","level":"info","event":"Formatting title: The Rum Diary","logger":"root","filename":"new_tropes_dag.py","lineno":66}
{"timestamp":"2025-12-19T10:30:47.209872Z","level":"info","event":"Formatting title: The Sandlot","logger":"root","filename":"new_tropes_dag.py","lineno":66}
{"timestamp":"2025-12-19T10:30:47.209908Z","level":"info","event":"Formatting title: The Santa Clause","logger":"root","filename":"new_tropes_dag.py","lineno":66}
{"timestamp":"2025-12-19T10:30:47.209943Z","level":"info","event":"Formatting title: The Savages","logger":"root","filename":"new_tropes_dag.py","lineno":66}
{"timestamp":"2025-12-19T10:30:47.209977Z","level":"info","event":"Formatting title: The Searchers","logger":"root","filename":"new_tropes_dag.py","lineno":66}
{"timestamp":"2025-12-19T10:30:47.210012Z","level":"info","event":"Formatting title: The Secret Life Of Pets","logger":"root","filename":"new_tropes_dag.py","lineno":66}
{"timestamp":"2025-12-19T10:30:47.210067Z","level":"info","event":"Formatting title: The Secret Life Of Walter Mitty","logger":"root","filename":"new_tropes_dag.py","lineno":66}
{"timestamp":"2025-12-19T10:30:47.210120Z","level":"info","event":"Formatting title: The Sessions","logger":"root","filename":"new_tropes_dag.py","lineno":66}
{"timestamp":"2025-12-19T10:30:47.210158Z","level":"info","event":"Formatting title: The Shape Of Water","logger":"root","filename":"new_tropes_dag.py","lineno":66}
{"timestamp":"2025-12-19T10:30:47.210194Z","level":"info","event":"Formatting title: The Shawshank Redemption","logger":"root","filename":"new_tropes_dag.py","lineno":66}
{"timestamp":"2025-12-19T10:30:47.210229Z","level":"info","event":"Formatting title: The Shining","logger":"root","filename":"new_tropes_dag.py","lineno":66}
{"timestamp":"2025-12-19T10:30:47.210262Z","level":"info","event":"Formatting title: The Silence Of The Lambs","logger":"root","filename":"new_tropes_dag.py","lineno":66}
{"timestamp":"2025-12-19T10:30:47.210300Z","level":"info","event":"Formatting title: The Sisters Brothers","logger":"root","filename":"new_tropes_dag.py","lineno":66}
{"timestamp":"2025-12-19T10:30:47.210343Z","level":"info","event":"Formatting title: The Sixth Sense","logger":"root","filename":"new_tropes_dag.py","lineno":66}
{"timestamp":"2025-12-19T10:30:47.210378Z","level":"info","event":"Formatting title: The Skeleton Key","logger":"root","filename":"new_tropes_dag.py","lineno":66}
{"timestamp":"2025-12-19T10:30:47.210412Z","level":"info","event":"Formatting title: The Social Network","logger":"root","filename":"new_tropes_dag.py","lineno":66}
{"timestamp":"2025-12-19T10:30:47.210445Z","level":"info","event":"Formatting title: The Son","logger":"root","filename":"new_tropes_dag.py","lineno":66}
{"timestamp":"2025-12-19T10:30:47.210477Z","level":"info","event":"Formatting title: The Song Of Names","logger":"root","filename":"new_tropes_dag.py","lineno":66}
{"timestamp":"2025-12-19T10:30:47.210517Z","level":"info","event":"Formatting title: The Spy Who Dumped Me","logger":"root","filename":"new_tropes_dag.py","lineno":66}
{"timestamp":"2025-12-19T10:30:47.210578Z","level":"info","event":"Formatting title: The Spy Who Loved Me","logger":"root","filename":"new_tropes_dag.py","lineno":66}
{"timestamp":"2025-12-19T10:30:47.210622Z","level":"info","event":"Formatting title: The Squid And The Whale","logger":"root","filename":"new_tropes_dag.py","lineno":66}
{"timestamp":"2025-12-19T10:30:47.210659Z","level":"info","event":"Formatting title: The Star Wars Holiday Special","logger":"root","filename":"new_tropes_dag.py","lineno":66}
{"timestamp":"2025-12-19T10:30:47.210694Z","level":"info","event":"Formatting title: The Sting","logger":"root","filename":"new_tropes_dag.py","lineno":66}
{"timestamp":"2025-12-19T10:30:47.210731Z","level":"info","event":"Formatting title: The Substance","logger":"root","filename":"new_tropes_dag.py","lineno":66}
{"timestamp":"2025-12-19T10:30:47.210761Z","level":"info","event":"Formatting title: The Sun Is Also A Star","logger":"root","filename":"new_tropes_dag.py","lineno":66}
{"timestamp":"2025-12-19T10:30:47.210791Z","level":"info","event":"Formatting title: The Super","logger":"root","filename":"new_tropes_dag.py","lineno":66}
{"timestamp":"2025-12-19T10:30:47.210821Z","level":"info","event":"Formatting title: The Talented Mr Ripley","logger":"root","filename":"new_tropes_dag.py","lineno":66}
{"timestamp":"2025-12-19T10:30:47.210850Z","level":"info","event":"Formatting title: The Teachers Lounge","logger":"root","filename":"new_tropes_dag.py","lineno":66}
{"timestamp":"2025-12-19T10:30:47.210879Z","level":"info","event":"Formatting title: The Tender Bar","logger":"root","filename":"new_tropes_dag.py","lineno":66}
{"timestamp":"2025-12-19T10:30:47.210908Z","level":"info","event":"Formatting title: The Terminator","logger":"root","filename":"new_tropes_dag.py","lineno":66}
{"timestamp":"2025-12-19T10:30:47.210936Z","level":"info","event":"Formatting title: The Texas Chain Saw Massacre","logger":"root","filename":"new_tropes_dag.py","lineno":66}
{"timestamp":"2025-12-19T10:30:47.210994Z","level":"info","event":"Formatting title: The Theory Of Everything","logger":"root","filename":"new_tropes_dag.py","lineno":66}
{"timestamp":"2025-12-19T10:30:47.211032Z","level":"info","event":"Formatting title: The Thin Red Line","logger":"root","filename":"new_tropes_dag.py","lineno":66}
{"timestamp":"2025-12-19T10:30:47.211064Z","level":"info","event":"Formatting title: The Thing","logger":"root","filename":"new_tropes_dag.py","lineno":66}
{"timestamp":"2025-12-19T10:30:47.211095Z","level":"info","event":"Formatting title: The Third Man","logger":"root","filename":"new_tropes_dag.py","lineno":66}
{"timestamp":"2025-12-19T10:30:47.283877Z","level":"info","event":"Formatting title: The Thomas Crown Affair","logger":"root","filename":"new_tropes_dag.py","lineno":66}
{"timestamp":"2025-12-19T10:30:47.284056Z","level":"info","event":"Formatting title: The Tomorrow War","logger":"root","filename":"new_tropes_dag.py","lineno":66}
{"timestamp":"2025-12-19T10:30:47.284142Z","level":"info","event":"Formatting title: The Town","logger":"root","filename":"new_tropes_dag.py","lineno":66}
{"timestamp":"2025-12-19T10:30:47.284213Z","level":"info","event":"Formatting title: The Toy","logger":"root","filename":"new_tropes_dag.py","lineno":66}
{"timestamp":"2025-12-19T10:30:47.284352Z","level":"info","event":"Formatting title: The Tragedy Of Macbeth","logger":"root","filename":"new_tropes_dag.py","lineno":66}
{"timestamp":"2025-12-19T10:30:47.284756Z","level":"info","event":"Formatting title: The Tree Of Life","logger":"root","filename":"new_tropes_dag.py","lineno":66}
{"timestamp":"2025-12-19T10:30:47.284876Z","level":"info","event":"Formatting title: The Trial Of The Chicago 7","logger":"root","filename":"new_tropes_dag.py","lineno":66}
{"timestamp":"2025-12-19T10:30:47.284916Z","level":"info","event":"Formatting title: The Truman Show","logger":"root","filename":"new_tropes_dag.py","lineno":66}
{"timestamp":"2025-12-19T10:30:47.284951Z","level":"info","event":"Formatting title: The Two Jakes","logger":"root","filename":"new_tropes_dag.py","lineno":66}
{"timestamp":"2025-12-19T10:30:47.284990Z","level":"info","event":"Formatting title: The Two Popes","logger":"root","filename":"new_tropes_dag.py","lineno":66}
{"timestamp":"2025-12-19T10:30:47.285019Z","level":"info","event":"Formatting title: The Unborn","logger":"root","filename":"new_tropes_dag.py","lineno":66}
{"timestamp":"2025-12-19T10:30:47.285047Z","level":"info","event":"Formatting title: The Usual Suspects","logger":"root","filename":"new_tropes_dag.py","lineno":66}
{"timestamp":"2025-12-19T10:30:47.285074Z","level":"info","event":"Formatting title: The Verdict","logger":"root","filename":"new_tropes_dag.py","lineno":66}
{"timestamp":"2025-12-19T10:30:47.285100Z","level":"info","event":"Formatting title: The Virgin Suicides","logger":"root","filename":"new_tropes_dag.py","lineno":66}
{"timestamp":"2025-12-19T10:30:47.285125Z","level":"info","event":"Formatting title: The Warriors","logger":"root","filename":"new_tropes_dag.py","lineno":66}
{"timestamp":"2025-12-19T10:30:47.285150Z","level":"info","event":"Formatting title: The Way Back","logger":"root","filename":"new_tropes_dag.py","lineno":66}
{"timestamp":"2025-12-19T10:30:47.285174Z","level":"info","event":"Formatting title: The Wedding Singer","logger":"root","filename":"new_tropes_dag.py","lineno":66}
{"timestamp":"2025-12-19T10:30:47.285199Z","level":"info","event":"Formatting title: The Whale","logger":"root","filename":"new_tropes_dag.py","lineno":66}
{"timestamp":"2025-12-19T10:30:47.285225Z","level":"info","event":"Formatting title: The White Ribbon","logger":"root","filename":"new_tropes_dag.py","lineno":66}
{"timestamp":"2025-12-19T10:30:47.285249Z","level":"info","event":"Formatting title: The White Tiger","logger":"root","filename":"new_tropes_dag.py","lineno":66}
{"timestamp":"2025-12-19T10:30:47.285274Z","level":"info","event":"Formatting title: The Wicker Man","logger":"root","filename":"new_tropes_dag.py","lineno":66}
{"timestamp":"2025-12-19T10:30:47.285299Z","level":"info","event":"Formatting title: The Wife","logger":"root","filename":"new_tropes_dag.py","lineno":66}
{"timestamp":"2025-12-19T10:30:47.285322Z","level":"info","event":"Formatting title: The Wild Bunch","logger":"root","filename":"new_tropes_dag.py","lineno":66}
{"timestamp":"2025-12-19T10:30:47.285346Z","level":"info","event":"Formatting title: The Wild Robot","logger":"root","filename":"new_tropes_dag.py","lineno":66}
{"timestamp":"2025-12-19T10:30:47.285375Z","level":"info","event":"Formatting title: The Witch","logger":"root","filename":"new_tropes_dag.py","lineno":66}
{"timestamp":"2025-12-19T10:30:47.285401Z","level":"info","event":"Formatting title: The Witches","logger":"root","filename":"new_tropes_dag.py","lineno":66}
{"timestamp":"2025-12-19T10:30:47.285425Z","level":"info","event":"Formatting title: The Wizard Of Oz","logger":"root","filename":"new_tropes_dag.py","lineno":66}
{"timestamp":"2025-12-19T10:30:47.285448Z","level":"info","event":"Formatting title: The Wolf Of Wall Street","logger":"root","filename":"new_tropes_dag.py","lineno":66}
{"timestamp":"2025-12-19T10:30:47.285473Z","level":"info","event":"Formatting title: The Wolverine","logger":"root","filename":"new_tropes_dag.py","lineno":66}
{"timestamp":"2025-12-19T10:30:47.285498Z","level":"info","event":"Formatting title: The Woman King","logger":"root","filename":"new_tropes_dag.py","lineno":66}
{"timestamp":"2025-12-19T10:30:47.285523Z","level":"info","event":"Formatting title: The World Is Not Enough","logger":"root","filename":"new_tropes_dag.py","lineno":66}
{"timestamp":"2025-12-19T10:30:47.285550Z","level":"info","event":"Formatting title: The Worlds End","logger":"root","filename":"new_tropes_dag.py","lineno":66}
{"timestamp":"2025-12-19T10:30:47.285574Z","level":"info","event":"Formatting title: The X Files","logger":"root","filename":"new_tropes_dag.py","lineno":66}
{"timestamp":"2025-12-19T10:30:47.285599Z","level":"info","event":"Formatting title: The Zone Of Interest","logger":"root","filename":"new_tropes_dag.py","lineno":66}
{"timestamp":"2025-12-19T10:30:47.285624Z","level":"info","event":"Formatting title: Thelma & Louise","logger":"root","filename":"new_tropes_dag.py","lineno":66}
{"timestamp":"2025-12-19T10:30:47.285648Z","level":"info","event":"Formatting title: Theory Of Everything The","logger":"root","filename":"new_tropes_dag.py","lineno":66}
{"timestamp":"2025-12-19T10:30:47.285672Z","level":"info","event":"Formatting title: There Will Be Blood","logger":"root","filename":"new_tropes_dag.py","lineno":66}
{"timestamp":"2025-12-19T10:30:47.285697Z","level":"info","event":"Formatting title: Theres Something About Mary","logger":"root","filename":"new_tropes_dag.py","lineno":66}
{"timestamp":"2025-12-19T10:30:47.285723Z","level":"info","event":"Formatting title: They","logger":"root","filename":"new_tropes_dag.py","lineno":66}
{"timestamp":"2025-12-19T10:30:47.285748Z","level":"info","event":"Formatting title: They Live","logger":"root","filename":"new_tropes_dag.py","lineno":66}
{"timestamp":"2025-12-19T10:30:47.285774Z","level":"info","event":"Formatting title: Thing The","logger":"root","filename":"new_tropes_dag.py","lineno":66}
{"timestamp":"2025-12-19T10:30:47.285801Z","level":"info","event":"Formatting title: Things My Father Never Taught Me The","logger":"root","filename":"new_tropes_dag.py","lineno":66}
{"timestamp":"2025-12-19T10:30:47.285827Z","level":"info","event":"Formatting title: Thir13en Ghosts","logger":"root","filename":"new_tropes_dag.py","lineno":66}
{"timestamp":"2025-12-19T10:30:47.285853Z","level":"info","event":"Formatting title: Thirteen","logger":"root","filename":"new_tropes_dag.py","lineno":66}
{"timestamp":"2025-12-19T10:30:47.285880Z","level":"info","event":"Formatting title: Thirteen Days","logger":"root","filename":"new_tropes_dag.py","lineno":66}
{"timestamp":"2025-12-19T10:30:47.285911Z","level":"info","event":"Formatting title: Thirteen Lives","logger":"root","filename":"new_tropes_dag.py","lineno":66}
{"timestamp":"2025-12-19T10:30:47.285936Z","level":"info","event":"Formatting title: This Boys Life","logger":"root","filename":"new_tropes_dag.py","lineno":66}
{"timestamp":"2025-12-19T10:30:47.285962Z","level":"info","event":"Formatting title: This Is 40","logger":"root","filename":"new_tropes_dag.py","lineno":66}
{"timestamp":"2025-12-19T10:30:47.285988Z","level":"info","event":"Formatting title: Thor","logger":"root","filename":"new_tropes_dag.py","lineno":66}
{"timestamp":"2025-12-19T10:30:47.286018Z","level":"info","event":"Formatting title: Thor Ragnarok","logger":"root","filename":"new_tropes_dag.py","lineno":66}
{"timestamp":"2025-12-19T10:30:47.286044Z","level":"info","event":"Formatting title: Thoroughbreds","logger":"root","filename":"new_tropes_dag.py","lineno":66}
{"timestamp":"2025-12-19T10:30:47.286072Z","level":"info","event":"Formatting title: Those Who Walk Away","logger":"root","filename":"new_tropes_dag.py","lineno":66}
{"timestamp":"2025-12-19T10:30:47.286098Z","level":"info","event":"Formatting title: Three Billboards Outside Ebbing Missouri","logger":"root","filename":"new_tropes_dag.py","lineno":66}
{"timestamp":"2025-12-19T10:30:47.286126Z","level":"info","event":"Formatting title: Three Days Of Condor","logger":"root","filename":"new_tropes_dag.py","lineno":66}
{"timestamp":"2025-12-19T10:30:47.286151Z","level":"info","event":"Formatting title: Three Kings","logger":"root","filename":"new_tropes_dag.py","lineno":66}
{"timestamp":"2025-12-19T10:30:47.286177Z","level":"info","event":"Formatting title: Three Kings (spoils Of War)","logger":"root","filename":"new_tropes_dag.py","lineno":66}
{"timestamp":"2025-12-19T10:30:47.286202Z","level":"info","event":"Formatting title: Three Men And A Baby","logger":"root","filename":"new_tropes_dag.py","lineno":66}
{"timestamp":"2025-12-19T10:30:47.286227Z","level":"info","event":"Formatting title: Three Musketeers The","logger":"root","filename":"new_tropes_dag.py","lineno":66}
{"timestamp":"2025-12-19T10:30:47.286270Z","level":"info","event":"Formatting title: Three Thousand Years Of Longing","logger":"root","filename":"new_tropes_dag.py","lineno":66}
{"timestamp":"2025-12-19T10:30:47.286312Z","level":"info","event":"Formatting title: Thunderball","logger":"root","filename":"new_tropes_dag.py","lineno":66}
{"timestamp":"2025-12-19T10:30:47.286342Z","level":"info","event":"Formatting title: Thunderbirds","logger":"root","filename":"new_tropes_dag.py","lineno":66}
{"timestamp":"2025-12-19T10:30:47.286372Z","level":"info","event":"Formatting title: Thunderheart","logger":"root","filename":"new_tropes_dag.py","lineno":66}
{"timestamp":"2025-12-19T10:30:47.286399Z","level":"info","event":"Formatting title: Thx 1138","logger":"root","filename":"new_tropes_dag.py","lineno":66}
{"timestamp":"2025-12-19T10:30:47.286426Z","level":"info","event":"Formatting title: Tick Tick Boom","logger":"root","filename":"new_tropes_dag.py","lineno":66}
{"timestamp":"2025-12-19T10:30:47.286454Z","level":"info","event":"Formatting title: Ticker","logger":"root","filename":"new_tropes_dag.py","lineno":66}
{"timestamp":"2025-12-19T10:30:47.286484Z","level":"info","event":"Formatting title: Till","logger":"root","filename":"new_tropes_dag.py","lineno":66}
{"timestamp":"2025-12-19T10:30:47.286514Z","level":"info","event":"Formatting title: Timber Falls","logger":"root","filename":"new_tropes_dag.py","lineno":66}
{"timestamp":"2025-12-19T10:30:47.286540Z","level":"info","event":"Formatting title: Time Machine The","logger":"root","filename":"new_tropes_dag.py","lineno":66}
{"timestamp":"2025-12-19T10:30:47.286567Z","level":"info","event":"Formatting title: Tin Cup","logger":"root","filename":"new_tropes_dag.py","lineno":66}
{"timestamp":"2025-12-19T10:30:47.286592Z","level":"info","event":"Formatting title: Tin Men","logger":"root","filename":"new_tropes_dag.py","lineno":66}
{"timestamp":"2025-12-19T10:30:47.286617Z","level":"info","event":"Formatting title: Tinker Tailor Soldier Spy","logger":"root","filename":"new_tropes_dag.py","lineno":66}
{"timestamp":"2025-12-19T10:30:47.286642Z","level":"info","event":"Formatting title: Titanic","logger":"root","filename":"new_tropes_dag.py","lineno":66}
{"timestamp":"2025-12-19T10:30:47.286667Z","level":"info","event":"Formatting title: Tmnt","logger":"root","filename":"new_tropes_dag.py","lineno":66}
{"timestamp":"2025-12-19T10:30:47.286692Z","level":"info","event":"Formatting title: To All The Boys Ive Loved Before","logger":"root","filename":"new_tropes_dag.py","lineno":66}
{"timestamp":"2025-12-19T10:30:47.286716Z","level":"info","event":"Formatting title: To Catch A Killer","logger":"root","filename":"new_tropes_dag.py","lineno":66}
{"timestamp":"2025-12-19T10:30:47.286745Z","level":"info","event":"Formatting title: To Kill A Mockingbird","logger":"root","filename":"new_tropes_dag.py","lineno":66}
{"timestamp":"2025-12-19T10:30:47.286772Z","level":"info","event":"Formatting title: To Sleep With Anger","logger":"root","filename":"new_tropes_dag.py","lineno":66}
{"timestamp":"2025-12-19T10:30:47.286797Z","level":"info","event":"Formatting title: To Wong Foo Thanks For Everything Julie Newmar","logger":"root","filename":"new_tropes_dag.py","lineno":66}
{"timestamp":"2025-12-19T10:30:47.286823Z","level":"info","event":"Formatting title: Tombstone","logger":"root","filename":"new_tropes_dag.py","lineno":66}
{"timestamp":"2025-12-19T10:30:47.286848Z","level":"info","event":"Formatting title: Tomorrow Never Dies","logger":"root","filename":"new_tropes_dag.py","lineno":66}
{"timestamp":"2025-12-19T10:30:47.286873Z","level":"info","event":"Formatting title: Toni Erdmann","logger":"root","filename":"new_tropes_dag.py","lineno":66}
{"timestamp":"2025-12-19T10:30:47.286897Z","level":"info","event":"Formatting title: Tootsie","logger":"root","filename":"new_tropes_dag.py","lineno":66}
{"timestamp":"2025-12-19T10:30:47.286922Z","level":"info","event":"Formatting title: Top Gun","logger":"root","filename":"new_tropes_dag.py","lineno":66}
{"timestamp":"2025-12-19T10:30:47.286947Z","level":"info","event":"Formatting title: Top Gun Maverick","logger":"root","filename":"new_tropes_dag.py","lineno":66}
{"timestamp":"2025-12-19T10:30:47.286972Z","level":"info","event":"Formatting title: Total Recall","logger":"root","filename":"new_tropes_dag.py","lineno":66}
{"timestamp":"2025-12-19T10:30:47.286995Z","level":"info","event":"Formatting title: Totem","logger":"root","filename":"new_tropes_dag.py","lineno":66}
{"timestamp":"2025-12-19T10:30:47.287023Z","level":"info","event":"Formatting title: Touch Of Evil","logger":"root","filename":"new_tropes_dag.py","lineno":66}
{"timestamp":"2025-12-19T10:30:47.287047Z","level":"info","event":"Formatting title: Tough Guys","logger":"root","filename":"new_tropes_dag.py","lineno":66}
{"timestamp":"2025-12-19T10:30:47.287072Z","level":"info","event":"Formatting title: Tourist The","logger":"root","filename":"new_tropes_dag.py","lineno":66}
{"timestamp":"2025-12-19T10:30:47.287095Z","level":"info","event":"Formatting title: Tower Block","logger":"root","filename":"new_tropes_dag.py","lineno":66}
{"timestamp":"2025-12-19T10:30:47.287120Z","level":"info","event":"Formatting title: Tower Of Terror","logger":"root","filename":"new_tropes_dag.py","lineno":66}
{"timestamp":"2025-12-19T10:30:47.287143Z","level":"info","event":"Formatting title: Town The","logger":"root","filename":"new_tropes_dag.py","lineno":66}
{"timestamp":"2025-12-19T10:30:47.287166Z","level":"info","event":"Formatting title: Toy Story","logger":"root","filename":"new_tropes_dag.py","lineno":66}
{"timestamp":"2025-12-19T10:30:47.287190Z","level":"info","event":"Formatting title: Toy Story 2","logger":"root","filename":"new_tropes_dag.py","lineno":66}
{"timestamp":"2025-12-19T10:30:47.287219Z","level":"info","event":"Formatting title: Toy Story 3","logger":"root","filename":"new_tropes_dag.py","lineno":66}
{"timestamp":"2025-12-19T10:30:47.287246Z","level":"info","event":"Formatting title: Toy Story 4","logger":"root","filename":"new_tropes_dag.py","lineno":66}
{"timestamp":"2025-12-19T10:30:47.287270Z","level":"info","event":"Formatting title: Traffic","logger":"root","filename":"new_tropes_dag.py","lineno":66}
{"timestamp":"2025-12-19T10:30:47.287294Z","level":"info","event":"Formatting title: Training Day","logger":"root","filename":"new_tropes_dag.py","lineno":66}
{"timestamp":"2025-12-19T10:30:47.287317Z","level":"info","event":"Formatting title: Trainspotting","logger":"root","filename":"new_tropes_dag.py","lineno":66}
{"timestamp":"2025-12-19T10:30:47.287342Z","level":"info","event":"Formatting title: Trainwreck","logger":"root","filename":"new_tropes_dag.py","lineno":66}
{"timestamp":"2025-12-19T10:30:47.287370Z","level":"info","event":"Formatting title: Transcendence","logger":"root","filename":"new_tropes_dag.py","lineno":66}
{"timestamp":"2025-12-19T10:30:47.287395Z","level":"info","event":"Formatting title: Transformers","logger":"root","filename":"new_tropes_dag.py","lineno":66}
{"timestamp":"2025-12-19T10:30:47.287418Z","level":"info","event":"Formatting title: Transformers The Movie","logger":"root","filename":"new_tropes_dag.py","lineno":66}
{"timestamp":"2025-12-19T10:30:47.287442Z","level":"info","event":"Formatting title: Trap Livin","logger":"root","filename":"new_tropes_dag.py","lineno":66}
{"timestamp":"2025-12-19T10:30:47.287471Z","level":"info","event":"Formatting title: Tremors","logger":"root","filename":"new_tropes_dag.py","lineno":66}
{"timestamp":"2025-12-19T10:30:47.287497Z","level":"info","event":"Formatting title: Triangle Of Sadness","logger":"root","filename":"new_tropes_dag.py","lineno":66}
{"timestamp":"2025-12-19T10:30:47.287521Z","level":"info","event":"Formatting title: Trick R Treat","logger":"root","filename":"new_tropes_dag.py","lineno":66}
{"timestamp":"2025-12-19T10:30:47.287545Z","level":"info","event":"Formatting title: Tristan And Isolde","logger":"root","filename":"new_tropes_dag.py","lineno":66}
{"timestamp":"2025-12-19T10:30:47.287573Z","level":"info","event":"Formatting title: Tron","logger":"root","filename":"new_tropes_dag.py","lineno":66}
{"timestamp":"2025-12-19T10:30:47.287599Z","level":"info","event":"Formatting title: Tron Legacy","logger":"root","filename":"new_tropes_dag.py","lineno":66}
{"timestamp":"2025-12-19T10:30:47.287623Z","level":"info","event":"Formatting title: Tropic Thunder","logger":"root","filename":"new_tropes_dag.py","lineno":66}
{"timestamp":"2025-12-19T10:30:47.287647Z","level":"info","event":"Formatting title: Troy","logger":"root","filename":"new_tropes_dag.py","lineno":66}
{"timestamp":"2025-12-19T10:30:47.287673Z","level":"info","event":"Formatting title: True Grit","logger":"root","filename":"new_tropes_dag.py","lineno":66}
{"timestamp":"2025-12-19T10:30:47.287698Z","level":"info","event":"Formatting title: True Lies","logger":"root","filename":"new_tropes_dag.py","lineno":66}
{"timestamp":"2025-12-19T10:30:47.287722Z","level":"info","event":"Formatting title: True Romance","logger":"root","filename":"new_tropes_dag.py","lineno":66}
{"timestamp":"2025-12-19T10:30:47.287746Z","level":"info","event":"Formatting title: Truman Show The","logger":"root","filename":"new_tropes_dag.py","lineno":66}
{"timestamp":"2025-12-19T10:30:47.287769Z","level":"info","event":"Formatting title: Trumbo","logger":"root","filename":"new_tropes_dag.py","lineno":66}
{"timestamp":"2025-12-19T10:30:47.287793Z","level":"info","event":"Formatting title: Tucker And Dale Vs Evil","logger":"root","filename":"new_tropes_dag.py","lineno":66}
{"timestamp":"2025-12-19T10:30:47.287816Z","level":"info","event":"Formatting title: Tully","logger":"root","filename":"new_tropes_dag.py","lineno":66}
{"timestamp":"2025-12-19T10:30:47.287840Z","level":"info","event":"Formatting title: Tusk","logger":"root","filename":"new_tropes_dag.py","lineno":66}
{"timestamp":"2025-12-19T10:30:47.287864Z","level":"info","event":"Formatting title: Twelve Monkeys","logger":"root","filename":"new_tropes_dag.py","lineno":66}
{"timestamp":"2025-12-19T10:30:47.287888Z","level":"info","event":"Formatting title: Twilight","logger":"root","filename":"new_tropes_dag.py","lineno":66}
{"timestamp":"2025-12-19T10:30:47.287911Z","level":"info","event":"Formatting title: Twilight New Moon","logger":"root","filename":"new_tropes_dag.py","lineno":66}
{"timestamp":"2025-12-19T10:30:47.287936Z","level":"info","event":"Formatting title: Twin Peaks","logger":"root","filename":"new_tropes_dag.py","lineno":66}
{"timestamp":"2025-12-19T10:30:47.287960Z","level":"info","event":"Formatting title: Twin Peaks Fire Walk With Me","logger":"root","filename":"new_tropes_dag.py","lineno":66}
{"timestamp":"2025-12-19T10:30:47.287985Z","level":"info","event":"Formatting title: Twins","logger":"root","filename":"new_tropes_dag.py","lineno":66}
{"timestamp":"2025-12-19T10:30:47.288009Z","level":"info","event":"Formatting title: Twister","logger":"root","filename":"new_tropes_dag.py","lineno":66}
{"timestamp":"2025-12-19T10:30:47.288032Z","level":"info","event":"Formatting title: Two For The Money","logger":"root","filename":"new_tropes_dag.py","lineno":66}
{"timestamp":"2025-12-19T10:30:47.288055Z","level":"info","event":"Formatting title: Tár","logger":"root","filename":"new_tropes_dag.py","lineno":66}
{"timestamp":"2025-12-19T10:30:47.288081Z","level":"info","event":"Formatting title: U Turn","logger":"root","filename":"new_tropes_dag.py","lineno":66}
{"timestamp":"2025-12-19T10:30:47.288104Z","level":"info","event":"Formatting title: Ugly Truth The","logger":"root","filename":"new_tropes_dag.py","lineno":66}
{"timestamp":"2025-12-19T10:30:47.288127Z","level":"info","event":"Formatting title: Un Singe En Hiver","logger":"root","filename":"new_tropes_dag.py","lineno":66}
{"timestamp":"2025-12-19T10:30:47.288150Z","level":"info","event":"Formatting title: Unbreakable","logger":"root","filename":"new_tropes_dag.py","lineno":66}
{"timestamp":"2025-12-19T10:30:47.288172Z","level":"info","event":"Formatting title: Uncle Buck","logger":"root","filename":"new_tropes_dag.py","lineno":66}
{"timestamp":"2025-12-19T10:30:47.288195Z","level":"info","event":"Formatting title: Under Fire","logger":"root","filename":"new_tropes_dag.py","lineno":66}
{"timestamp":"2025-12-19T10:30:47.288219Z","level":"info","event":"Formatting title: Under Siege","logger":"root","filename":"new_tropes_dag.py","lineno":66}
{"timestamp":"2025-12-19T10:30:47.288244Z","level":"info","event":"Formatting title: Under The Silver Lake","logger":"root","filename":"new_tropes_dag.py","lineno":66}
{"timestamp":"2025-12-19T10:30:47.288321Z","level":"info","event":"Formatting title: Underwater","logger":"root","filename":"new_tropes_dag.py","lineno":66}
{"timestamp":"2025-12-19T10:30:47.288369Z","level":"info","event":"Formatting title: Underworld","logger":"root","filename":"new_tropes_dag.py","lineno":66}
{"timestamp":"2025-12-19T10:30:47.288400Z","level":"info","event":"Formatting title: Unforgiven","logger":"root","filename":"new_tropes_dag.py","lineno":66}
{"timestamp":"2025-12-19T10:30:47.288427Z","level":"info","event":"Formatting title: Unknown","logger":"root","filename":"new_tropes_dag.py","lineno":66}
{"timestamp":"2025-12-19T10:30:47.288454Z","level":"info","event":"Formatting title: Up","logger":"root","filename":"new_tropes_dag.py","lineno":66}
{"timestamp":"2025-12-19T10:30:47.288480Z","level":"info","event":"Formatting title: Up In The Air","logger":"root","filename":"new_tropes_dag.py","lineno":66}
{"timestamp":"2025-12-19T10:30:47.288506Z","level":"info","event":"Formatting title: Upgrade","logger":"root","filename":"new_tropes_dag.py","lineno":66}
{"timestamp":"2025-12-19T10:30:47.288531Z","level":"info","event":"Formatting title: Upstream Color","logger":"root","filename":"new_tropes_dag.py","lineno":66}
{"timestamp":"2025-12-19T10:30:47.288555Z","level":"info","event":"Formatting title: Us","logger":"root","filename":"new_tropes_dag.py","lineno":66}
{"timestamp":"2025-12-19T10:30:47.288584Z","level":"info","event":"Formatting title: Usual Suspects The","logger":"root","filename":"new_tropes_dag.py","lineno":66}
{"timestamp":"2025-12-19T10:30:47.288610Z","level":"info","event":"Formatting title: V For Vendetta","logger":"root","filename":"new_tropes_dag.py","lineno":66}
{"timestamp":"2025-12-19T10:30:47.288636Z","level":"info","event":"Formatting title: Vacancy","logger":"root","filename":"new_tropes_dag.py","lineno":66}
{"timestamp":"2025-12-19T10:30:47.288661Z","level":"info","event":"Formatting title: Vacation","logger":"root","filename":"new_tropes_dag.py","lineno":66}
{"timestamp":"2025-12-19T10:30:47.288685Z","level":"info","event":"Formatting title: Valentines Day","logger":"root","filename":"new_tropes_dag.py","lineno":66}
{"timestamp":"2025-12-19T10:30:47.288713Z","level":"info","event":"Formatting title: Valkyrie","logger":"root","filename":"new_tropes_dag.py","lineno":66}
{"timestamp":"2025-12-19T10:30:47.288739Z","level":"info","event":"Formatting title: Van Helsing","logger":"root","filename":"new_tropes_dag.py","lineno":66}
{"timestamp":"2025-12-19T10:30:47.288763Z","level":"info","event":"Formatting title: Vanilla Sky","logger":"root","filename":"new_tropes_dag.py","lineno":66}
{"timestamp":"2025-12-19T10:30:47.288786Z","level":"info","event":"Formatting title: Velvet Buzzsaw","logger":"root","filename":"new_tropes_dag.py","lineno":66}
{"timestamp":"2025-12-19T10:30:47.288810Z","level":"info","event":"Formatting title: Vengeance","logger":"root","filename":"new_tropes_dag.py","lineno":66}
{"timestamp":"2025-12-19T10:30:47.288834Z","level":"info","event":"Formatting title: Verdict The","logger":"root","filename":"new_tropes_dag.py","lineno":66}
{"timestamp":"2025-12-19T10:30:47.288859Z","level":"info","event":"Formatting title: Vertigo","logger":"root","filename":"new_tropes_dag.py","lineno":66}
{"timestamp":"2025-12-19T10:30:47.288883Z","level":"info","event":"Formatting title: Very Bad Things","logger":"root","filename":"new_tropes_dag.py","lineno":66}
{"timestamp":"2025-12-19T10:30:47.288908Z","level":"info","event":"Formatting title: Vice","logger":"root","filename":"new_tropes_dag.py","lineno":66}
{"timestamp":"2025-12-19T10:30:47.288932Z","level":"info","event":"Formatting title: Victor Frankenstein","logger":"root","filename":"new_tropes_dag.py","lineno":66}
{"timestamp":"2025-12-19T10:30:47.288959Z","level":"info","event":"Formatting title: Victoria & Abdul","logger":"root","filename":"new_tropes_dag.py","lineno":66}
{"timestamp":"2025-12-19T10:30:47.288984Z","level":"info","event":"Formatting title: Village The","logger":"root","filename":"new_tropes_dag.py","lineno":66}
{"timestamp":"2025-12-19T10:30:47.289014Z","level":"info","event":"Formatting title: Virtuosity","logger":"root","filename":"new_tropes_dag.py","lineno":66}
{"timestamp":"2025-12-19T10:30:47.289042Z","level":"info","event":"Formatting title: Visitor The","logger":"root","filename":"new_tropes_dag.py","lineno":66}
{"timestamp":"2025-12-19T10:30:47.289072Z","level":"info","event":"Formatting title: Vox Lux","logger":"root","filename":"new_tropes_dag.py","lineno":66}
{"timestamp":"2025-12-19T10:30:47.289100Z","level":"info","event":"Formatting title: Wadjda","logger":"root","filename":"new_tropes_dag.py","lineno":66}
{"timestamp":"2025-12-19T10:30:47.289128Z","level":"info","event":"Formatting title: Wag The Dog","logger":"root","filename":"new_tropes_dag.py","lineno":66}
{"timestamp":"2025-12-19T10:30:47.289157Z","level":"info","event":"Formatting title: Walk Hard The Dewey Cox Story","logger":"root","filename":"new_tropes_dag.py","lineno":66}
{"timestamp":"2025-12-19T10:30:47.289183Z","level":"info","event":"Formatting title: Walk To Remember A","logger":"root","filename":"new_tropes_dag.py","lineno":66}
{"timestamp":"2025-12-19T10:30:47.289211Z","level":"info","event":"Formatting title: Walking Tall","logger":"root","filename":"new_tropes_dag.py","lineno":66}
{"timestamp":"2025-12-19T10:30:47.289239Z","level":"info","event":"Formatting title: Wall E","logger":"root","filename":"new_tropes_dag.py","lineno":66}
{"timestamp":"2025-12-19T10:30:47.289268Z","level":"info","event":"Formatting title: Wall Street","logger":"root","filename":"new_tropes_dag.py","lineno":66}
{"timestamp":"2025-12-19T10:30:47.289300Z","level":"info","event":"Formatting title: Wall Street Money Never Sleeps","logger":"root","filename":"new_tropes_dag.py","lineno":66}
{"timestamp":"2025-12-19T10:30:47.289330Z","level":"info","event":"Formatting title: Wanted","logger":"root","filename":"new_tropes_dag.py","lineno":66}
{"timestamp":"2025-12-19T10:30:47.289357Z","level":"info","event":"Formatting title: War For The Planet Of The Apes","logger":"root","filename":"new_tropes_dag.py","lineno":66}
{"timestamp":"2025-12-19T10:30:47.289387Z","level":"info","event":"Formatting title: War Horse","logger":"root","filename":"new_tropes_dag.py","lineno":66}
{"timestamp":"2025-12-19T10:30:47.289420Z","level":"info","event":"Formatting title: War Of The Roses","logger":"root","filename":"new_tropes_dag.py","lineno":66}
{"timestamp":"2025-12-19T10:30:47.289451Z","level":"info","event":"Formatting title: War Of The Worlds","logger":"root","filename":"new_tropes_dag.py","lineno":66}
{"timestamp":"2025-12-19T10:30:47.289483Z","level":"info","event":"Formatting title: Warm Springs","logger":"root","filename":"new_tropes_dag.py","lineno":66}
{"timestamp":"2025-12-19T10:30:47.289515Z","level":"info","event":"Formatting title: Warrior","logger":"root","filename":"new_tropes_dag.py","lineno":66}
{"timestamp":"2025-12-19T10:30:47.289543Z","level":"info","event":"Formatting title: Watchmen","logger":"root","filename":"new_tropes_dag.py","lineno":66}
{"timestamp":"2025-12-19T10:30:47.289572Z","level":"info","event":"Formatting title: Water For Elephants","logger":"root","filename":"new_tropes_dag.py","lineno":66}
{"timestamp":"2025-12-19T10:30:47.289602Z","level":"info","event":"Formatting title: Waves","logger":"root","filename":"new_tropes_dag.py","lineno":66}
{"timestamp":"2025-12-19T10:30:47.289653Z","level":"info","event":"Formatting title: Way Back The","logger":"root","filename":"new_tropes_dag.py","lineno":66}
{"timestamp":"2025-12-19T10:30:47.289711Z","level":"info","event":"Formatting title: We Need To Talk About Kevin","logger":"root","filename":"new_tropes_dag.py","lineno":66}
{"timestamp":"2025-12-19T10:30:47.289767Z","level":"info","event":"Formatting title: We Own The Night","logger":"root","filename":"new_tropes_dag.py","lineno":66}
{"timestamp":"2025-12-19T10:30:47.289814Z","level":"info","event":"Formatting title: Wedding Crashers","logger":"root","filename":"new_tropes_dag.py","lineno":66}
{"timestamp":"2025-12-19T10:30:47.289868Z","level":"info","event":"Formatting title: Weird Science","logger":"root","filename":"new_tropes_dag.py","lineno":66}
{"timestamp":"2025-12-19T10:30:47.289919Z","level":"info","event":"Formatting title: Weird The Al Yankovic Story","logger":"root","filename":"new_tropes_dag.py","lineno":66}
{"timestamp":"2025-12-19T10:30:47.289970Z","level":"info","event":"Formatting title: Were No Angels","logger":"root","filename":"new_tropes_dag.py","lineno":66}
{"timestamp":"2025-12-19T10:30:47.290016Z","level":"info","event":"Formatting title: Wes Cravens New Nightmare","logger":"root","filename":"new_tropes_dag.py","lineno":66}
{"timestamp":"2025-12-19T10:30:47.290064Z","level":"info","event":"Formatting title: West Side Story","logger":"root","filename":"new_tropes_dag.py","lineno":66}
{"timestamp":"2025-12-19T10:30:47.290109Z","level":"info","event":"Formatting title: Westworld","logger":"root","filename":"new_tropes_dag.py","lineno":66}
{"timestamp":"2025-12-19T10:30:47.290155Z","level":"info","event":"Formatting title: What About Bob","logger":"root","filename":"new_tropes_dag.py","lineno":66}
{"timestamp":"2025-12-19T10:30:47.290205Z","level":"info","event":"Formatting title: What Dreams May Come","logger":"root","filename":"new_tropes_dag.py","lineno":66}
{"timestamp":"2025-12-19T10:30:47.290249Z","level":"info","event":"Formatting title: What Lies Beneath","logger":"root","filename":"new_tropes_dag.py","lineno":66}
{"timestamp":"2025-12-19T10:30:47.290335Z","level":"info","event":"Formatting title: What They Had","logger":"root","filename":"new_tropes_dag.py","lineno":66}
{"timestamp":"2025-12-19T10:30:47.290400Z","level":"info","event":"Formatting title: When A Stranger Calls","logger":"root","filename":"new_tropes_dag.py","lineno":66}
{"timestamp":"2025-12-19T10:30:47.290455Z","level":"info","event":"Formatting title: When Harry Met Sally","logger":"root","filename":"new_tropes_dag.py","lineno":66}
{"timestamp":"2025-12-19T10:30:47.290507Z","level":"info","event":"Formatting title: Where The Day Takes You","logger":"root","filename":"new_tropes_dag.py","lineno":66}
{"timestamp":"2025-12-19T10:30:47.290565Z","level":"info","event":"Formatting title: Where The Wild Things Are","logger":"root","filename":"new_tropes_dag.py","lineno":66}
{"timestamp":"2025-12-19T10:30:47.290616Z","level":"info","event":"Formatting title: Which Way Is Up","logger":"root","filename":"new_tropes_dag.py","lineno":66}
{"timestamp":"2025-12-19T10:30:47.290688Z","level":"info","event":"Formatting title: While She Was Out","logger":"root","filename":"new_tropes_dag.py","lineno":66}
{"timestamp":"2025-12-19T10:30:47.290735Z","level":"info","event":"Formatting title: While You Were Sleeping","logger":"root","filename":"new_tropes_dag.py","lineno":66}
{"timestamp":"2025-12-19T10:30:47.290788Z","level":"info","event":"Formatting title: Whiplash","logger":"root","filename":"new_tropes_dag.py","lineno":66}
{"timestamp":"2025-12-19T10:30:47.290843Z","level":"info","event":"Formatting title: Whistleblower The","logger":"root","filename":"new_tropes_dag.py","lineno":66}
{"timestamp":"2025-12-19T10:30:47.290936Z","level":"info","event":"Formatting title: White Christmas","logger":"root","filename":"new_tropes_dag.py","lineno":66}
{"timestamp":"2025-12-19T10:30:47.290967Z","level":"info","event":"Formatting title: White Jazz","logger":"root","filename":"new_tropes_dag.py","lineno":66}
{"timestamp":"2025-12-19T10:30:47.291005Z","level":"info","event":"Formatting title: White Noise","logger":"root","filename":"new_tropes_dag.py","lineno":66}
{"timestamp":"2025-12-19T10:30:47.291038Z","level":"info","event":"Formatting title: White Ribbon The","logger":"root","filename":"new_tropes_dag.py","lineno":66}
{"timestamp":"2025-12-19T10:30:47.291072Z","level":"info","event":"Formatting title: White Squall","logger":"root","filename":"new_tropes_dag.py","lineno":66}
{"timestamp":"2025-12-19T10:30:47.291100Z","level":"info","event":"Formatting title: Whiteout","logger":"root","filename":"new_tropes_dag.py","lineno":66}
{"timestamp":"2025-12-19T10:30:47.291130Z","level":"info","event":"Formatting title: Whitney Houston I Wanna Dance With Somebody","logger":"root","filename":"new_tropes_dag.py","lineno":66}
{"timestamp":"2025-12-19T10:30:47.291157Z","level":"info","event":"Formatting title: Who Framed Roger Rabbit","logger":"root","filename":"new_tropes_dag.py","lineno":66}
{"timestamp":"2025-12-19T10:30:47.291186Z","level":"info","event":"Formatting title: Whos Your Daddy","logger":"root","filename":"new_tropes_dag.py","lineno":66}
{"timestamp":"2025-12-19T10:30:47.291212Z","level":"info","event":"Formatting title: Wicked","logger":"root","filename":"new_tropes_dag.py","lineno":66}
{"timestamp":"2025-12-19T10:30:47.291241Z","level":"info","event":"Formatting title: Wild","logger":"root","filename":"new_tropes_dag.py","lineno":66}
{"timestamp":"2025-12-19T10:30:47.291266Z","level":"info","event":"Formatting title: Wild At Heart","logger":"root","filename":"new_tropes_dag.py","lineno":66}
{"timestamp":"2025-12-19T10:30:47.291383Z","level":"info","event":"Formatting title: Wild Bunch The","logger":"root","filename":"new_tropes_dag.py","lineno":66}
{"timestamp":"2025-12-19T10:30:47.291476Z","level":"info","event":"Formatting title: Wild Hogs","logger":"root","filename":"new_tropes_dag.py","lineno":66}
{"timestamp":"2025-12-19T10:30:47.291531Z","level":"info","event":"Formatting title: Wild Things","logger":"root","filename":"new_tropes_dag.py","lineno":66}
{"timestamp":"2025-12-19T10:30:47.291576Z","level":"info","event":"Formatting title: Wild Things Diamonds In The Rough","logger":"root","filename":"new_tropes_dag.py","lineno":66}
{"timestamp":"2025-12-19T10:30:47.291609Z","level":"info","event":"Formatting title: Wild Wild West","logger":"root","filename":"new_tropes_dag.py","lineno":66}
{"timestamp":"2025-12-19T10:30:47.291638Z","level":"info","event":"Formatting title: Wildlife","logger":"root","filename":"new_tropes_dag.py","lineno":66}
{"timestamp":"2025-12-19T10:30:47.291666Z","level":"info","event":"Formatting title: Willow","logger":"root","filename":"new_tropes_dag.py","lineno":66}
{"timestamp":"2025-12-19T10:30:47.291827Z","level":"info","event":"Formatting title: Willy Wonka & The Chocolate Factory","logger":"root","filename":"new_tropes_dag.py","lineno":66}
{"timestamp":"2025-12-19T10:30:47.291884Z","level":"info","event":"Formatting title: Win Win","logger":"root","filename":"new_tropes_dag.py","lineno":66}
{"timestamp":"2025-12-19T10:30:47.291917Z","level":"info","event":"Formatting title: Wind Chill","logger":"root","filename":"new_tropes_dag.py","lineno":66}
{"timestamp":"2025-12-19T10:30:47.291945Z","level":"info","event":"Formatting title: Wind River","logger":"root","filename":"new_tropes_dag.py","lineno":66}
{"timestamp":"2025-12-19T10:30:47.291970Z","level":"info","event":"Formatting title: Winters Tale","logger":"root","filename":"new_tropes_dag.py","lineno":66}
{"timestamp":"2025-12-19T10:30:47.291997Z","level":"info","event":"Formatting title: Wise Guys","logger":"root","filename":"new_tropes_dag.py","lineno":66}
{"timestamp":"2025-12-19T10:30:47.292023Z","level":"info","event":"Formatting title: Withnail And I","logger":"root","filename":"new_tropes_dag.py","lineno":66}
{"timestamp":"2025-12-19T10:30:47.292049Z","level":"info","event":"Formatting title: Witness","logger":"root","filename":"new_tropes_dag.py","lineno":66}
{"timestamp":"2025-12-19T10:30:47.292075Z","level":"info","event":"Formatting title: Wizard Of Oz The","logger":"root","filename":"new_tropes_dag.py","lineno":66}
{"timestamp":"2025-12-19T10:30:47.292103Z","level":"info","event":"Formatting title: Wolf Of Wall Street The","logger":"root","filename":"new_tropes_dag.py","lineno":66}
{"timestamp":"2025-12-19T10:30:47.292132Z","level":"info","event":"Formatting title: Woman In Gold","logger":"root","filename":"new_tropes_dag.py","lineno":66}
{"timestamp":"2025-12-19T10:30:47.292158Z","level":"info","event":"Formatting title: Women Talking","logger":"root","filename":"new_tropes_dag.py","lineno":66}
{"timestamp":"2025-12-19T10:30:47.292183Z","level":"info","event":"Formatting title: Wonder Boys","logger":"root","filename":"new_tropes_dag.py","lineno":66}
{"timestamp":"2025-12-19T10:30:47.292230Z","level":"info","event":"Formatting title: Wonder Woman","logger":"root","filename":"new_tropes_dag.py","lineno":66}
{"timestamp":"2025-12-19T10:30:47.292264Z","level":"info","event":"Formatting title: Wonka","logger":"root","filename":"new_tropes_dag.py","lineno":66}
{"timestamp":"2025-12-19T10:30:47.292293Z","level":"info","event":"Formatting title: Woodsman The","logger":"root","filename":"new_tropes_dag.py","lineno":66}
{"timestamp":"2025-12-19T10:30:47.292335Z","level":"info","event":"Formatting title: Work It","logger":"root","filename":"new_tropes_dag.py","lineno":66}
{"timestamp":"2025-12-19T10:30:47.292367Z","level":"info","event":"Formatting title: Working Girl","logger":"root","filename":"new_tropes_dag.py","lineno":66}
{"timestamp":"2025-12-19T10:30:47.292394Z","level":"info","event":"Formatting title: World Is Not Enough The","logger":"root","filename":"new_tropes_dag.py","lineno":66}
{"timestamp":"2025-12-19T10:30:47.292420Z","level":"info","event":"Formatting title: Wrestler The","logger":"root","filename":"new_tropes_dag.py","lineno":66}
{"timestamp":"2025-12-19T10:30:47.292445Z","level":"info","event":"Formatting title: Wrongfully Accused","logger":"root","filename":"new_tropes_dag.py","lineno":66}
{"timestamp":"2025-12-19T10:30:47.292475Z","level":"info","event":"Formatting title: X Files Fight The Future The","logger":"root","filename":"new_tropes_dag.py","lineno":66}
{"timestamp":"2025-12-19T10:30:47.292525Z","level":"info","event":"Formatting title: X Men","logger":"root","filename":"new_tropes_dag.py","lineno":66}
{"timestamp":"2025-12-19T10:30:47.292561Z","level":"info","event":"Formatting title: X Men Days Of Future Past","logger":"root","filename":"new_tropes_dag.py","lineno":66}
{"timestamp":"2025-12-19T10:30:47.354866Z","level":"info","event":"Formatting title: X Men Origins Wolverine","logger":"root","filename":"new_tropes_dag.py","lineno":66}
{"timestamp":"2025-12-19T10:30:47.354983Z","level":"info","event":"Formatting title: X2 X Men United","logger":"root","filename":"new_tropes_dag.py","lineno":66}
{"timestamp":"2025-12-19T10:30:47.355025Z","level":"info","event":"Formatting title: Xxx","logger":"root","filename":"new_tropes_dag.py","lineno":66}
{"timestamp":"2025-12-19T10:30:47.355075Z","level":"info","event":"Formatting title: Year One","logger":"root","filename":"new_tropes_dag.py","lineno":66}
{"timestamp":"2025-12-19T10:30:47.355120Z","level":"info","event":"Formatting title: Yes Man","logger":"root","filename":"new_tropes_dag.py","lineno":66}
{"timestamp":"2025-12-19T10:30:47.355152Z","level":"info","event":"Formatting title: You Can Count On Me","logger":"root","filename":"new_tropes_dag.py","lineno":66}
{"timestamp":"2025-12-19T10:30:47.355182Z","level":"info","event":"Formatting title: You Were Never Really Here","logger":"root","filename":"new_tropes_dag.py","lineno":66}
{"timestamp":"2025-12-19T10:30:47.355358Z","level":"info","event":"Formatting title: Young Adult","logger":"root","filename":"new_tropes_dag.py","lineno":66}
{"timestamp":"2025-12-19T10:30:47.355403Z","level":"info","event":"Formatting title: Young Frankenstein","logger":"root","filename":"new_tropes_dag.py","lineno":66}
{"timestamp":"2025-12-19T10:30:47.355434Z","level":"info","event":"Formatting title: Young Guns","logger":"root","filename":"new_tropes_dag.py","lineno":66}
{"timestamp":"2025-12-19T10:30:47.355461Z","level":"info","event":"Formatting title: Youre Next","logger":"root","filename":"new_tropes_dag.py","lineno":66}
{"timestamp":"2025-12-19T10:30:47.355488Z","level":"info","event":"Formatting title: Youth In Revolt","logger":"root","filename":"new_tropes_dag.py","lineno":66}
{"timestamp":"2025-12-19T10:30:47.355515Z","level":"info","event":"Formatting title: Youve Got Mail","logger":"root","filename":"new_tropes_dag.py","lineno":66}
{"timestamp":"2025-12-19T10:30:47.355542Z","level":"info","event":"Formatting title: Zathura A Space Adventure","logger":"root","filename":"new_tropes_dag.py","lineno":66}
{"timestamp":"2025-12-19T10:30:47.355580Z","level":"info","event":"Formatting title: Zebra Girl","logger":"root","filename":"new_tropes_dag.py","lineno":66}
{"timestamp":"2025-12-19T10:30:47.355622Z","level":"info","event":"Formatting title: Zero Dark Thirty","logger":"root","filename":"new_tropes_dag.py","lineno":66}
{"timestamp":"2025-12-19T10:30:47.355653Z","level":"info","event":"Formatting title: Zerophilia","logger":"root","filename":"new_tropes_dag.py","lineno":66}
{"timestamp":"2025-12-19T10:30:47.355683Z","level":"info","event":"Formatting title: Zodiac","logger":"root","filename":"new_tropes_dag.py","lineno":66}
{"timestamp":"2025-12-19T10:30:47.355712Z","level":"info","event":"Formatting title: Zombieland","logger":"root","filename":"new_tropes_dag.py","lineno":66}
{"timestamp":"2025-12-19T10:30:47.355738Z","level":"info","event":"Formatting title: Zombieland Double Tap","logger":"root","filename":"new_tropes_dag.py","lineno":66}
{"timestamp":"2025-12-19T10:30:47.355765Z","level":"info","event":"Formatting title: Zone Of Interest The","logger":"root","filename":"new_tropes_dag.py","lineno":66}
{"timestamp":"2025-12-19T10:30:47.355791Z","level":"info","event":"Formatting title: Zootopia","logger":"root","filename":"new_tropes_dag.py","lineno":66}
{"timestamp":"2025-12-19T10:30:47.355843Z","level":"info","event":"Formatting title: ¡three Amigos","logger":"root","filename":"new_tropes_dag.py","lineno":66}
{"timestamp":"2025-12-19T10:30:47.367662Z","level":"info","event":"Finished apply_formatting step","logger":"root","filename":"new_tropes_dag.py","lineno":92}
{"timestamp":"2025-12-19T10:30:47.368447Z","level":"info","event":"Done. Returned value was: True","logger":"airflow.task.operators.airflow.providers.standard.operators.python.PythonOperator","filename":"python.py","lineno":218}
{"timestamp":"2025-12-19T10:30:47.368661Z","level":"info","event":"Pushing xcom","ti":"RuntimeTaskInstance(id=UUID('019b3629-6b3c-7a31-9e63-ba45325283d7'), task_id='apply_formatting', dag_id='new_tropes_dag', run_id='manual__2025-12-19T10:30:42.729092+00:00', try_number=1, dag_version_id=UUID('019b33d3-186c-7d3f-96e0-6cf95b85624e'), map_index=-1, hostname='912f1c59037a', context_carrier={}, task=<Task(PythonOperator): apply_formatting>, bundle_instance=LocalDagBundle(name=dags-folder), max_tries=1, start_date=datetime.datetime(2025, 12, 19, 10, 30, 46, 30030, tzinfo=datetime.timezone.utc), end_date=None, state=<TaskInstanceState.RUNNING: 'running'>, is_mapped=False, rendered_map_index=None)","logger":"task","filename":"task_runner.py","lineno":1352}
