{"timestamp":"2026-01-07T00:00:22.467509Z","level":"info","event":"Filling up the DagBag from /opt/airflow/dags/ingestion_dag.py","logger":"airflow.models.dagbag.DagBag","filename":"dagbag.py","lineno":593}
{"timestamp":"2026-01-07T00:00:22.983334Z","level":"warning","event":"The `airflow.operators.empty.EmptyOperator` attribute is deprecated. Please use `'airflow.providers.standard.operators.empty.EmptyOperator'`.","category":"DeprecatedImportWarning","filename":"/opt/airflow/dags/ingestion_dag.py","lineno":15,"logger":"py.warnings"}
{"timestamp":"2026-01-07T00:00:53.214421Z","level":"info","event":"Filling up the DagBag from /opt/airflow/dags/ingestion_dag.py","logger":"airflow.models.dagbag.DagBag","filename":"dagbag.py","lineno":593}
{"timestamp":"2026-01-07T00:00:53.628460Z","level":"warning","event":"The `airflow.operators.empty.EmptyOperator` attribute is deprecated. Please use `'airflow.providers.standard.operators.empty.EmptyOperator'`.","category":"DeprecatedImportWarning","filename":"/opt/airflow/dags/ingestion_dag.py","lineno":15,"logger":"py.warnings"}
{"timestamp":"2026-01-07T00:01:23.939220Z","level":"info","event":"Filling up the DagBag from /opt/airflow/dags/ingestion_dag.py","logger":"airflow.models.dagbag.DagBag","filename":"dagbag.py","lineno":593}
{"timestamp":"2026-01-07T00:01:24.335977Z","level":"warning","event":"The `airflow.operators.empty.EmptyOperator` attribute is deprecated. Please use `'airflow.providers.standard.operators.empty.EmptyOperator'`.","category":"DeprecatedImportWarning","filename":"/opt/airflow/dags/ingestion_dag.py","lineno":15,"logger":"py.warnings"}
{"timestamp":"2026-01-07T00:01:55.308395Z","level":"info","event":"Filling up the DagBag from /opt/airflow/dags/ingestion_dag.py","logger":"airflow.models.dagbag.DagBag","filename":"dagbag.py","lineno":593}
{"timestamp":"2026-01-07T00:01:55.677116Z","level":"warning","event":"The `airflow.operators.empty.EmptyOperator` attribute is deprecated. Please use `'airflow.providers.standard.operators.empty.EmptyOperator'`.","category":"DeprecatedImportWarning","filename":"/opt/airflow/dags/ingestion_dag.py","lineno":15,"logger":"py.warnings"}
{"timestamp":"2026-01-07T00:02:26.183026Z","level":"info","event":"Filling up the DagBag from /opt/airflow/dags/ingestion_dag.py","logger":"airflow.models.dagbag.DagBag","filename":"dagbag.py","lineno":593}
{"timestamp":"2026-01-07T00:02:26.574169Z","level":"warning","event":"The `airflow.operators.empty.EmptyOperator` attribute is deprecated. Please use `'airflow.providers.standard.operators.empty.EmptyOperator'`.","category":"DeprecatedImportWarning","filename":"/opt/airflow/dags/ingestion_dag.py","lineno":15,"logger":"py.warnings"}
{"timestamp":"2026-01-07T00:02:57.202283Z","level":"info","event":"Filling up the DagBag from /opt/airflow/dags/ingestion_dag.py","logger":"airflow.models.dagbag.DagBag","filename":"dagbag.py","lineno":593}
{"timestamp":"2026-01-07T00:02:57.570916Z","level":"warning","event":"The `airflow.operators.empty.EmptyOperator` attribute is deprecated. Please use `'airflow.providers.standard.operators.empty.EmptyOperator'`.","category":"DeprecatedImportWarning","filename":"/opt/airflow/dags/ingestion_dag.py","lineno":15,"logger":"py.warnings"}
{"timestamp":"2026-01-07T00:03:27.866289Z","level":"info","event":"Filling up the DagBag from /opt/airflow/dags/ingestion_dag.py","logger":"airflow.models.dagbag.DagBag","filename":"dagbag.py","lineno":593}
{"timestamp":"2026-01-07T00:03:28.272713Z","level":"warning","event":"The `airflow.operators.empty.EmptyOperator` attribute is deprecated. Please use `'airflow.providers.standard.operators.empty.EmptyOperator'`.","category":"DeprecatedImportWarning","filename":"/opt/airflow/dags/ingestion_dag.py","lineno":15,"logger":"py.warnings"}
{"timestamp":"2026-01-07T00:03:59.077796Z","level":"info","event":"Filling up the DagBag from /opt/airflow/dags/ingestion_dag.py","logger":"airflow.models.dagbag.DagBag","filename":"dagbag.py","lineno":593}
{"timestamp":"2026-01-07T00:03:59.450958Z","level":"warning","event":"The `airflow.operators.empty.EmptyOperator` attribute is deprecated. Please use `'airflow.providers.standard.operators.empty.EmptyOperator'`.","category":"DeprecatedImportWarning","filename":"/opt/airflow/dags/ingestion_dag.py","lineno":15,"logger":"py.warnings"}
{"timestamp":"2026-01-07T00:04:29.739925Z","level":"info","event":"Filling up the DagBag from /opt/airflow/dags/ingestion_dag.py","logger":"airflow.models.dagbag.DagBag","filename":"dagbag.py","lineno":593}
{"timestamp":"2026-01-07T00:04:30.057261Z","level":"warning","event":"The `airflow.operators.empty.EmptyOperator` attribute is deprecated. Please use `'airflow.providers.standard.operators.empty.EmptyOperator'`.","category":"DeprecatedImportWarning","filename":"/opt/airflow/dags/ingestion_dag.py","lineno":15,"logger":"py.warnings"}
{"timestamp":"2026-01-07T00:05:00.205491Z","level":"info","event":"Filling up the DagBag from /opt/airflow/dags/ingestion_dag.py","logger":"airflow.models.dagbag.DagBag","filename":"dagbag.py","lineno":593}
{"timestamp":"2026-01-07T00:05:00.615168Z","level":"warning","event":"The `airflow.operators.empty.EmptyOperator` attribute is deprecated. Please use `'airflow.providers.standard.operators.empty.EmptyOperator'`.","category":"DeprecatedImportWarning","filename":"/opt/airflow/dags/ingestion_dag.py","lineno":15,"logger":"py.warnings"}
{"timestamp":"2026-01-07T00:05:30.975201Z","level":"info","event":"Filling up the DagBag from /opt/airflow/dags/ingestion_dag.py","logger":"airflow.models.dagbag.DagBag","filename":"dagbag.py","lineno":593}
{"timestamp":"2026-01-07T00:05:31.276552Z","level":"warning","event":"The `airflow.operators.empty.EmptyOperator` attribute is deprecated. Please use `'airflow.providers.standard.operators.empty.EmptyOperator'`.","category":"DeprecatedImportWarning","filename":"/opt/airflow/dags/ingestion_dag.py","lineno":15,"logger":"py.warnings"}
{"timestamp":"2026-01-07T00:06:01.796219Z","level":"info","event":"Filling up the DagBag from /opt/airflow/dags/ingestion_dag.py","logger":"airflow.models.dagbag.DagBag","filename":"dagbag.py","lineno":593}
{"timestamp":"2026-01-07T00:06:02.168015Z","level":"warning","event":"The `airflow.operators.empty.EmptyOperator` attribute is deprecated. Please use `'airflow.providers.standard.operators.empty.EmptyOperator'`.","category":"DeprecatedImportWarning","filename":"/opt/airflow/dags/ingestion_dag.py","lineno":15,"logger":"py.warnings"}
{"timestamp":"2026-01-07T00:06:32.633683Z","level":"info","event":"Filling up the DagBag from /opt/airflow/dags/ingestion_dag.py","logger":"airflow.models.dagbag.DagBag","filename":"dagbag.py","lineno":593}
{"timestamp":"2026-01-07T00:06:33.036076Z","level":"warning","event":"The `airflow.operators.empty.EmptyOperator` attribute is deprecated. Please use `'airflow.providers.standard.operators.empty.EmptyOperator'`.","category":"DeprecatedImportWarning","filename":"/opt/airflow/dags/ingestion_dag.py","lineno":15,"logger":"py.warnings"}
{"timestamp":"2026-01-07T00:07:03.576058Z","level":"info","event":"Filling up the DagBag from /opt/airflow/dags/ingestion_dag.py","logger":"airflow.models.dagbag.DagBag","filename":"dagbag.py","lineno":593}
{"timestamp":"2026-01-07T00:07:03.900351Z","level":"warning","event":"The `airflow.operators.empty.EmptyOperator` attribute is deprecated. Please use `'airflow.providers.standard.operators.empty.EmptyOperator'`.","category":"DeprecatedImportWarning","filename":"/opt/airflow/dags/ingestion_dag.py","lineno":15,"logger":"py.warnings"}
{"timestamp":"2026-01-07T00:07:34.105595Z","level":"info","event":"Filling up the DagBag from /opt/airflow/dags/ingestion_dag.py","logger":"airflow.models.dagbag.DagBag","filename":"dagbag.py","lineno":593}
{"timestamp":"2026-01-07T00:07:34.434492Z","level":"warning","event":"The `airflow.operators.empty.EmptyOperator` attribute is deprecated. Please use `'airflow.providers.standard.operators.empty.EmptyOperator'`.","category":"DeprecatedImportWarning","filename":"/opt/airflow/dags/ingestion_dag.py","lineno":15,"logger":"py.warnings"}
{"timestamp":"2026-01-07T00:08:05.369251Z","level":"info","event":"Filling up the DagBag from /opt/airflow/dags/ingestion_dag.py","logger":"airflow.models.dagbag.DagBag","filename":"dagbag.py","lineno":593}
{"timestamp":"2026-01-07T00:08:05.745191Z","level":"warning","event":"The `airflow.operators.empty.EmptyOperator` attribute is deprecated. Please use `'airflow.providers.standard.operators.empty.EmptyOperator'`.","category":"DeprecatedImportWarning","filename":"/opt/airflow/dags/ingestion_dag.py","lineno":15,"logger":"py.warnings"}
{"timestamp":"2026-01-07T00:08:35.881668Z","level":"info","event":"Filling up the DagBag from /opt/airflow/dags/ingestion_dag.py","logger":"airflow.models.dagbag.DagBag","filename":"dagbag.py","lineno":593}
{"timestamp":"2026-01-07T00:08:36.219512Z","level":"warning","event":"The `airflow.operators.empty.EmptyOperator` attribute is deprecated. Please use `'airflow.providers.standard.operators.empty.EmptyOperator'`.","category":"DeprecatedImportWarning","filename":"/opt/airflow/dags/ingestion_dag.py","lineno":15,"logger":"py.warnings"}
{"timestamp":"2026-01-07T00:09:07.026378Z","level":"info","event":"Filling up the DagBag from /opt/airflow/dags/ingestion_dag.py","logger":"airflow.models.dagbag.DagBag","filename":"dagbag.py","lineno":593}
{"timestamp":"2026-01-07T00:09:07.363826Z","level":"warning","event":"The `airflow.operators.empty.EmptyOperator` attribute is deprecated. Please use `'airflow.providers.standard.operators.empty.EmptyOperator'`.","category":"DeprecatedImportWarning","filename":"/opt/airflow/dags/ingestion_dag.py","lineno":15,"logger":"py.warnings"}
{"timestamp":"2026-01-07T00:09:37.549241Z","level":"info","event":"Filling up the DagBag from /opt/airflow/dags/ingestion_dag.py","logger":"airflow.models.dagbag.DagBag","filename":"dagbag.py","lineno":593}
{"timestamp":"2026-01-07T00:09:37.881375Z","level":"warning","event":"The `airflow.operators.empty.EmptyOperator` attribute is deprecated. Please use `'airflow.providers.standard.operators.empty.EmptyOperator'`.","category":"DeprecatedImportWarning","filename":"/opt/airflow/dags/ingestion_dag.py","lineno":15,"logger":"py.warnings"}
{"timestamp":"2026-01-07T00:10:08.004018Z","level":"info","event":"Filling up the DagBag from /opt/airflow/dags/ingestion_dag.py","logger":"airflow.models.dagbag.DagBag","filename":"dagbag.py","lineno":593}
{"timestamp":"2026-01-07T00:10:08.345457Z","level":"warning","event":"The `airflow.operators.empty.EmptyOperator` attribute is deprecated. Please use `'airflow.providers.standard.operators.empty.EmptyOperator'`.","category":"DeprecatedImportWarning","filename":"/opt/airflow/dags/ingestion_dag.py","lineno":15,"logger":"py.warnings"}
{"timestamp":"2026-01-07T00:10:38.626449Z","level":"info","event":"Filling up the DagBag from /opt/airflow/dags/ingestion_dag.py","logger":"airflow.models.dagbag.DagBag","filename":"dagbag.py","lineno":593}
{"timestamp":"2026-01-07T00:10:38.948875Z","level":"warning","event":"The `airflow.operators.empty.EmptyOperator` attribute is deprecated. Please use `'airflow.providers.standard.operators.empty.EmptyOperator'`.","category":"DeprecatedImportWarning","filename":"/opt/airflow/dags/ingestion_dag.py","lineno":15,"logger":"py.warnings"}
{"timestamp":"2026-01-07T00:11:09.486122Z","level":"info","event":"Filling up the DagBag from /opt/airflow/dags/ingestion_dag.py","logger":"airflow.models.dagbag.DagBag","filename":"dagbag.py","lineno":593}
{"timestamp":"2026-01-07T00:11:09.829781Z","level":"warning","event":"The `airflow.operators.empty.EmptyOperator` attribute is deprecated. Please use `'airflow.providers.standard.operators.empty.EmptyOperator'`.","category":"DeprecatedImportWarning","filename":"/opt/airflow/dags/ingestion_dag.py","lineno":15,"logger":"py.warnings"}
{"timestamp":"2026-01-07T00:11:40.733762Z","level":"info","event":"Filling up the DagBag from /opt/airflow/dags/ingestion_dag.py","logger":"airflow.models.dagbag.DagBag","filename":"dagbag.py","lineno":593}
{"timestamp":"2026-01-07T00:11:41.072776Z","level":"warning","event":"The `airflow.operators.empty.EmptyOperator` attribute is deprecated. Please use `'airflow.providers.standard.operators.empty.EmptyOperator'`.","category":"DeprecatedImportWarning","filename":"/opt/airflow/dags/ingestion_dag.py","lineno":15,"logger":"py.warnings"}
{"timestamp":"2026-01-07T00:12:11.333214Z","level":"info","event":"Filling up the DagBag from /opt/airflow/dags/ingestion_dag.py","logger":"airflow.models.dagbag.DagBag","filename":"dagbag.py","lineno":593}
{"timestamp":"2026-01-07T00:12:11.664951Z","level":"warning","event":"The `airflow.operators.empty.EmptyOperator` attribute is deprecated. Please use `'airflow.providers.standard.operators.empty.EmptyOperator'`.","category":"DeprecatedImportWarning","filename":"/opt/airflow/dags/ingestion_dag.py","lineno":15,"logger":"py.warnings"}
{"timestamp":"2026-01-07T00:12:42.462640Z","level":"info","event":"Filling up the DagBag from /opt/airflow/dags/ingestion_dag.py","logger":"airflow.models.dagbag.DagBag","filename":"dagbag.py","lineno":593}
{"timestamp":"2026-01-07T00:12:42.872698Z","level":"warning","event":"The `airflow.operators.empty.EmptyOperator` attribute is deprecated. Please use `'airflow.providers.standard.operators.empty.EmptyOperator'`.","category":"DeprecatedImportWarning","filename":"/opt/airflow/dags/ingestion_dag.py","lineno":15,"logger":"py.warnings"}
{"timestamp":"2026-01-07T00:13:13.056295Z","level":"info","event":"Filling up the DagBag from /opt/airflow/dags/ingestion_dag.py","logger":"airflow.models.dagbag.DagBag","filename":"dagbag.py","lineno":593}
{"timestamp":"2026-01-07T00:13:13.380989Z","level":"warning","event":"The `airflow.operators.empty.EmptyOperator` attribute is deprecated. Please use `'airflow.providers.standard.operators.empty.EmptyOperator'`.","category":"DeprecatedImportWarning","filename":"/opt/airflow/dags/ingestion_dag.py","lineno":15,"logger":"py.warnings"}
{"timestamp":"2026-01-07T00:13:44.178971Z","level":"info","event":"Filling up the DagBag from /opt/airflow/dags/ingestion_dag.py","logger":"airflow.models.dagbag.DagBag","filename":"dagbag.py","lineno":593}
{"timestamp":"2026-01-07T00:13:44.550513Z","level":"warning","event":"The `airflow.operators.empty.EmptyOperator` attribute is deprecated. Please use `'airflow.providers.standard.operators.empty.EmptyOperator'`.","category":"DeprecatedImportWarning","filename":"/opt/airflow/dags/ingestion_dag.py","lineno":15,"logger":"py.warnings"}
{"timestamp":"2026-01-07T00:14:15.401226Z","level":"info","event":"Filling up the DagBag from /opt/airflow/dags/ingestion_dag.py","logger":"airflow.models.dagbag.DagBag","filename":"dagbag.py","lineno":593}
{"timestamp":"2026-01-07T00:14:15.770754Z","level":"warning","event":"The `airflow.operators.empty.EmptyOperator` attribute is deprecated. Please use `'airflow.providers.standard.operators.empty.EmptyOperator'`.","category":"DeprecatedImportWarning","filename":"/opt/airflow/dags/ingestion_dag.py","lineno":15,"logger":"py.warnings"}
{"timestamp":"2026-01-07T00:14:46.092706Z","level":"info","event":"Filling up the DagBag from /opt/airflow/dags/ingestion_dag.py","logger":"airflow.models.dagbag.DagBag","filename":"dagbag.py","lineno":593}
{"timestamp":"2026-01-07T00:14:46.423833Z","level":"warning","event":"The `airflow.operators.empty.EmptyOperator` attribute is deprecated. Please use `'airflow.providers.standard.operators.empty.EmptyOperator'`.","category":"DeprecatedImportWarning","filename":"/opt/airflow/dags/ingestion_dag.py","lineno":15,"logger":"py.warnings"}
{"timestamp":"2026-01-07T00:15:17.084072Z","level":"info","event":"Filling up the DagBag from /opt/airflow/dags/ingestion_dag.py","logger":"airflow.models.dagbag.DagBag","filename":"dagbag.py","lineno":593}
{"timestamp":"2026-01-07T00:15:17.436591Z","level":"warning","event":"The `airflow.operators.empty.EmptyOperator` attribute is deprecated. Please use `'airflow.providers.standard.operators.empty.EmptyOperator'`.","category":"DeprecatedImportWarning","filename":"/opt/airflow/dags/ingestion_dag.py","lineno":15,"logger":"py.warnings"}
{"timestamp":"2026-01-07T00:15:47.765167Z","level":"info","event":"Filling up the DagBag from /opt/airflow/dags/ingestion_dag.py","logger":"airflow.models.dagbag.DagBag","filename":"dagbag.py","lineno":593}
{"timestamp":"2026-01-07T00:15:48.157150Z","level":"warning","event":"The `airflow.operators.empty.EmptyOperator` attribute is deprecated. Please use `'airflow.providers.standard.operators.empty.EmptyOperator'`.","category":"DeprecatedImportWarning","filename":"/opt/airflow/dags/ingestion_dag.py","lineno":15,"logger":"py.warnings"}
{"timestamp":"2026-01-07T00:17:41.429548Z","level":"info","event":"Filling up the DagBag from /opt/airflow/dags/ingestion_dag.py","logger":"airflow.models.dagbag.DagBag","filename":"dagbag.py","lineno":593}
{"timestamp":"2026-01-07T00:17:43.468738Z","level":"warning","event":"The `airflow.operators.empty.EmptyOperator` attribute is deprecated. Please use `'airflow.providers.standard.operators.empty.EmptyOperator'`.","category":"DeprecatedImportWarning","filename":"/opt/airflow/dags/ingestion_dag.py","lineno":15,"logger":"py.warnings"}
{"timestamp":"2026-01-07T00:18:13.838294Z","level":"info","event":"Filling up the DagBag from /opt/airflow/dags/ingestion_dag.py","logger":"airflow.models.dagbag.DagBag","filename":"dagbag.py","lineno":593}
{"timestamp":"2026-01-07T00:18:14.232803Z","level":"warning","event":"The `airflow.operators.empty.EmptyOperator` attribute is deprecated. Please use `'airflow.providers.standard.operators.empty.EmptyOperator'`.","category":"DeprecatedImportWarning","filename":"/opt/airflow/dags/ingestion_dag.py","lineno":15,"logger":"py.warnings"}
{"timestamp":"2026-01-07T00:18:44.593078Z","level":"info","event":"Filling up the DagBag from /opt/airflow/dags/ingestion_dag.py","logger":"airflow.models.dagbag.DagBag","filename":"dagbag.py","lineno":593}
{"timestamp":"2026-01-07T00:18:45.041082Z","level":"warning","event":"The `airflow.operators.empty.EmptyOperator` attribute is deprecated. Please use `'airflow.providers.standard.operators.empty.EmptyOperator'`.","category":"DeprecatedImportWarning","filename":"/opt/airflow/dags/ingestion_dag.py","lineno":15,"logger":"py.warnings"}
{"timestamp":"2026-01-07T00:19:15.700774Z","level":"info","event":"Filling up the DagBag from /opt/airflow/dags/ingestion_dag.py","logger":"airflow.models.dagbag.DagBag","filename":"dagbag.py","lineno":593}
{"timestamp":"2026-01-07T00:19:16.115260Z","level":"warning","event":"The `airflow.operators.empty.EmptyOperator` attribute is deprecated. Please use `'airflow.providers.standard.operators.empty.EmptyOperator'`.","category":"DeprecatedImportWarning","filename":"/opt/airflow/dags/ingestion_dag.py","lineno":15,"logger":"py.warnings"}
{"timestamp":"2026-01-07T00:19:47.191184Z","level":"info","event":"Filling up the DagBag from /opt/airflow/dags/ingestion_dag.py","logger":"airflow.models.dagbag.DagBag","filename":"dagbag.py","lineno":593}
{"timestamp":"2026-01-07T00:19:47.584866Z","level":"warning","event":"The `airflow.operators.empty.EmptyOperator` attribute is deprecated. Please use `'airflow.providers.standard.operators.empty.EmptyOperator'`.","category":"DeprecatedImportWarning","filename":"/opt/airflow/dags/ingestion_dag.py","lineno":15,"logger":"py.warnings"}
{"timestamp":"2026-01-07T00:20:18.522013Z","level":"info","event":"Filling up the DagBag from /opt/airflow/dags/ingestion_dag.py","logger":"airflow.models.dagbag.DagBag","filename":"dagbag.py","lineno":593}
{"timestamp":"2026-01-07T00:20:18.903725Z","level":"warning","event":"The `airflow.operators.empty.EmptyOperator` attribute is deprecated. Please use `'airflow.providers.standard.operators.empty.EmptyOperator'`.","category":"DeprecatedImportWarning","filename":"/opt/airflow/dags/ingestion_dag.py","lineno":15,"logger":"py.warnings"}
{"timestamp":"2026-01-07T00:20:49.015792Z","level":"info","event":"Filling up the DagBag from /opt/airflow/dags/ingestion_dag.py","logger":"airflow.models.dagbag.DagBag","filename":"dagbag.py","lineno":593}
{"timestamp":"2026-01-07T00:20:49.432513Z","level":"warning","event":"The `airflow.operators.empty.EmptyOperator` attribute is deprecated. Please use `'airflow.providers.standard.operators.empty.EmptyOperator'`.","category":"DeprecatedImportWarning","filename":"/opt/airflow/dags/ingestion_dag.py","lineno":15,"logger":"py.warnings"}
{"timestamp":"2026-01-07T00:23:08.805694Z","level":"info","event":"Filling up the DagBag from /opt/airflow/dags/ingestion_dag.py","logger":"airflow.models.dagbag.DagBag","filename":"dagbag.py","lineno":593}
{"timestamp":"2026-01-07T00:23:10.792159Z","level":"warning","event":"The `airflow.operators.empty.EmptyOperator` attribute is deprecated. Please use `'airflow.providers.standard.operators.empty.EmptyOperator'`.","category":"DeprecatedImportWarning","filename":"/opt/airflow/dags/ingestion_dag.py","lineno":15,"logger":"py.warnings"}
{"timestamp":"2026-01-07T00:23:41.022016Z","level":"info","event":"Filling up the DagBag from /opt/airflow/dags/ingestion_dag.py","logger":"airflow.models.dagbag.DagBag","filename":"dagbag.py","lineno":593}
{"timestamp":"2026-01-07T00:23:41.415937Z","level":"warning","event":"The `airflow.operators.empty.EmptyOperator` attribute is deprecated. Please use `'airflow.providers.standard.operators.empty.EmptyOperator'`.","category":"DeprecatedImportWarning","filename":"/opt/airflow/dags/ingestion_dag.py","lineno":15,"logger":"py.warnings"}
{"timestamp":"2026-01-07T00:24:12.010667Z","level":"info","event":"Filling up the DagBag from /opt/airflow/dags/ingestion_dag.py","logger":"airflow.models.dagbag.DagBag","filename":"dagbag.py","lineno":593}
{"timestamp":"2026-01-07T00:24:12.456629Z","level":"warning","event":"The `airflow.operators.empty.EmptyOperator` attribute is deprecated. Please use `'airflow.providers.standard.operators.empty.EmptyOperator'`.","category":"DeprecatedImportWarning","filename":"/opt/airflow/dags/ingestion_dag.py","lineno":15,"logger":"py.warnings"}
{"timestamp":"2026-01-07T00:24:43.310894Z","level":"info","event":"Filling up the DagBag from /opt/airflow/dags/ingestion_dag.py","logger":"airflow.models.dagbag.DagBag","filename":"dagbag.py","lineno":593}
{"timestamp":"2026-01-07T00:24:43.699990Z","level":"warning","event":"The `airflow.operators.empty.EmptyOperator` attribute is deprecated. Please use `'airflow.providers.standard.operators.empty.EmptyOperator'`.","category":"DeprecatedImportWarning","filename":"/opt/airflow/dags/ingestion_dag.py","lineno":15,"logger":"py.warnings"}
{"timestamp":"2026-01-07T00:25:14.671188Z","level":"info","event":"Filling up the DagBag from /opt/airflow/dags/ingestion_dag.py","logger":"airflow.models.dagbag.DagBag","filename":"dagbag.py","lineno":593}
{"timestamp":"2026-01-07T00:25:15.068963Z","level":"warning","event":"The `airflow.operators.empty.EmptyOperator` attribute is deprecated. Please use `'airflow.providers.standard.operators.empty.EmptyOperator'`.","category":"DeprecatedImportWarning","filename":"/opt/airflow/dags/ingestion_dag.py","lineno":15,"logger":"py.warnings"}
{"timestamp":"2026-01-07T00:25:56.069990Z","level":"info","event":"Filling up the DagBag from /opt/airflow/dags/ingestion_dag.py","logger":"airflow.models.dagbag.DagBag","filename":"dagbag.py","lineno":593}
{"timestamp":"2026-01-07T00:26:30.791303Z","level":"error","event":"Process timed out, PID: 185","logger":"airflow.models.dagbag","filename":"dagbag.py","lineno":134}
{"timestamp":"2026-01-07T00:26:30.792026Z","level":"error","event":"Failed to import: /opt/airflow/dags/ingestion_dag.py","logger":"airflow.models.dagbag.DagBag","filename":"dagbag.py","lineno":415,"error_detail":[{"exc_type":"AirflowTaskTimeout","exc_value":"DagBag import timeout for /opt/airflow/dags/ingestion_dag.py after 30.0s.\nPlease take a look at these docs to improve your DAG import time:\n* https://airflow.apache.org/docs/apache-airflow/3.1.0/best-practices.html#top-level-python-code\n* https://airflow.apache.org/docs/apache-airflow/3.1.0/best-practices.html#reducing-dag-complexity, PID: 185","exc_notes":["encoding with 'idna' codec failed"],"syntax_error":null,"is_cause":false,"frames":[{"filename":"/home/airflow/.local/lib/python3.12/site-packages/airflow/models/dagbag.py","lineno":405,"name":"parse"},{"filename":"<frozen importlib._bootstrap_external>","lineno":999,"name":"exec_module"},{"filename":"<frozen importlib._bootstrap>","lineno":488,"name":"_call_with_frames_removed"},{"filename":"/opt/airflow/dags/ingestion_dag.py","lineno":19,"name":"<module>"},{"filename":"/opt/airflow/dags/shared_operators.py","lineno":5,"name":"<module>"},{"filename":"/home/airflow/.local/lib/python3.12/site-packages/pymongo/__init__.py","lineno":91,"name":"<module>"},{"filename":"/home/airflow/.local/lib/python3.12/site-packages/pymongo/asynchronous/mongo_client.py","lineno":65,"name":"<module>"},{"filename":"/home/airflow/.local/lib/python3.12/site-packages/pymongo/asynchronous/uri_parser.py","lineno":25,"name":"<module>"},{"filename":"/home/airflow/.local/lib/python3.12/site-packages/pymongo/uri_parser_shared.py","lineno":38,"name":"<module>"},{"filename":"/home/airflow/.local/lib/python3.12/site-packages/pymongo/client_options.py","lineno":28,"name":"<module>"},{"filename":"/home/airflow/.local/lib/python3.12/site-packages/pymongo/pool_options.py","lineno":280,"name":"<module>"},{"filename":"/usr/python/lib/python3.12/encodings/idna.py","lineno":155,"name":"encode"},{"filename":"/home/airflow/.local/lib/python3.12/site-packages/airflow/models/dagbag.py","lineno":135,"name":"handle_timeout"}],"is_group":false,"exceptions":[]}]}
{"timestamp":"2026-01-07T00:26:30.811133Z","level":"warning","event":"The `airflow.operators.empty.EmptyOperator` attribute is deprecated. Please use `'airflow.providers.standard.operators.empty.EmptyOperator'`.","category":"DeprecatedImportWarning","filename":"/opt/airflow/dags/ingestion_dag.py","lineno":15,"logger":"py.warnings"}
{"timestamp":"2026-01-07T00:27:52.376586Z","level":"info","event":"Filling up the DagBag from /opt/airflow/dags/ingestion_dag.py","logger":"airflow.models.dagbag.DagBag","filename":"dagbag.py","lineno":593}
{"timestamp":"2026-01-07T00:28:26.081698Z","level":"error","event":"Process timed out, PID: 201","logger":"airflow.models.dagbag","filename":"dagbag.py","lineno":134}
{"timestamp":"2026-01-07T00:28:26.086819Z","level":"error","event":"Failed to import: /opt/airflow/dags/ingestion_dag.py","logger":"airflow.models.dagbag.DagBag","filename":"dagbag.py","lineno":415,"error_detail":[{"exc_type":"AirflowTaskTimeout","exc_value":"DagBag import timeout for /opt/airflow/dags/ingestion_dag.py after 30.0s.\nPlease take a look at these docs to improve your DAG import time:\n* https://airflow.apache.org/docs/apache-airflow/3.1.0/best-practices.html#top-level-python-code\n* https://airflow.apache.org/docs/apache-airflow/3.1.0/best-practices.html#reducing-dag-complexity, PID: 201","exc_notes":[],"syntax_error":null,"is_cause":false,"frames":[{"filename":"/home/airflow/.local/lib/python3.12/site-packages/airflow/models/dagbag.py","lineno":405,"name":"parse"},{"filename":"<frozen importlib._bootstrap_external>","lineno":999,"name":"exec_module"},{"filename":"<frozen importlib._bootstrap>","lineno":488,"name":"_call_with_frames_removed"},{"filename":"/opt/airflow/dags/ingestion_dag.py","lineno":5,"name":"<module>"},{"filename":"/home/airflow/.local/lib/python3.12/site-packages/pandas/__init__.py","lineno":46,"name":"<module>"},{"filename":"/home/airflow/.local/lib/python3.12/site-packages/pandas/core/api.py","lineno":47,"name":"<module>"},{"filename":"/home/airflow/.local/lib/python3.12/site-packages/pandas/core/groupby/__init__.py","lineno":1,"name":"<module>"},{"filename":"<frozen importlib._bootstrap>","lineno":1360,"name":"_find_and_load"},{"filename":"<frozen importlib._bootstrap>","lineno":1331,"name":"_find_and_load_unlocked"},{"filename":"<frozen importlib._bootstrap>","lineno":935,"name":"_load_unlocked"},{"filename":"<frozen importlib._bootstrap_external>","lineno":995,"name":"exec_module"},{"filename":"<frozen importlib._bootstrap_external>","lineno":1128,"name":"get_code"},{"filename":"<frozen importlib._bootstrap_external>","lineno":757,"name":"_compile_bytecode"},{"filename":"/home/airflow/.local/lib/python3.12/site-packages/airflow/models/dagbag.py","lineno":135,"name":"handle_timeout"}],"is_group":false,"exceptions":[]}]}
{"timestamp":"2026-01-07T00:28:57.734415Z","level":"info","event":"Filling up the DagBag from /opt/airflow/dags/ingestion_dag.py","logger":"airflow.models.dagbag.DagBag","filename":"dagbag.py","lineno":593}
{"timestamp":"2026-01-07T00:28:58.176690Z","level":"warning","event":"The `airflow.operators.empty.EmptyOperator` attribute is deprecated. Please use `'airflow.providers.standard.operators.empty.EmptyOperator'`.","category":"DeprecatedImportWarning","filename":"/opt/airflow/dags/ingestion_dag.py","lineno":15,"logger":"py.warnings"}
{"timestamp":"2026-01-07T00:29:28.657601Z","level":"info","event":"Filling up the DagBag from /opt/airflow/dags/ingestion_dag.py","logger":"airflow.models.dagbag.DagBag","filename":"dagbag.py","lineno":593}
{"timestamp":"2026-01-07T00:29:29.098856Z","level":"warning","event":"The `airflow.operators.empty.EmptyOperator` attribute is deprecated. Please use `'airflow.providers.standard.operators.empty.EmptyOperator'`.","category":"DeprecatedImportWarning","filename":"/opt/airflow/dags/ingestion_dag.py","lineno":15,"logger":"py.warnings"}
{"timestamp":"2026-01-07T00:29:59.247842Z","level":"info","event":"Filling up the DagBag from /opt/airflow/dags/ingestion_dag.py","logger":"airflow.models.dagbag.DagBag","filename":"dagbag.py","lineno":593}
{"timestamp":"2026-01-07T00:29:59.653209Z","level":"warning","event":"The `airflow.operators.empty.EmptyOperator` attribute is deprecated. Please use `'airflow.providers.standard.operators.empty.EmptyOperator'`.","category":"DeprecatedImportWarning","filename":"/opt/airflow/dags/ingestion_dag.py","lineno":15,"logger":"py.warnings"}
{"timestamp":"2026-01-07T00:30:29.914374Z","level":"info","event":"Filling up the DagBag from /opt/airflow/dags/ingestion_dag.py","logger":"airflow.models.dagbag.DagBag","filename":"dagbag.py","lineno":593}
{"timestamp":"2026-01-07T00:30:30.331432Z","level":"warning","event":"The `airflow.operators.empty.EmptyOperator` attribute is deprecated. Please use `'airflow.providers.standard.operators.empty.EmptyOperator'`.","category":"DeprecatedImportWarning","filename":"/opt/airflow/dags/ingestion_dag.py","lineno":15,"logger":"py.warnings"}
{"timestamp":"2026-01-07T00:31:01.275413Z","level":"info","event":"Filling up the DagBag from /opt/airflow/dags/ingestion_dag.py","logger":"airflow.models.dagbag.DagBag","filename":"dagbag.py","lineno":593}
{"timestamp":"2026-01-07T00:31:01.712058Z","level":"warning","event":"The `airflow.operators.empty.EmptyOperator` attribute is deprecated. Please use `'airflow.providers.standard.operators.empty.EmptyOperator'`.","category":"DeprecatedImportWarning","filename":"/opt/airflow/dags/ingestion_dag.py","lineno":15,"logger":"py.warnings"}
{"timestamp":"2026-01-07T00:31:31.816477Z","level":"info","event":"Filling up the DagBag from /opt/airflow/dags/ingestion_dag.py","logger":"airflow.models.dagbag.DagBag","filename":"dagbag.py","lineno":593}
{"timestamp":"2026-01-07T00:31:32.218923Z","level":"warning","event":"The `airflow.operators.empty.EmptyOperator` attribute is deprecated. Please use `'airflow.providers.standard.operators.empty.EmptyOperator'`.","category":"DeprecatedImportWarning","filename":"/opt/airflow/dags/ingestion_dag.py","lineno":15,"logger":"py.warnings"}
{"timestamp":"2026-01-07T00:32:02.875567Z","level":"info","event":"Filling up the DagBag from /opt/airflow/dags/ingestion_dag.py","logger":"airflow.models.dagbag.DagBag","filename":"dagbag.py","lineno":593}
{"timestamp":"2026-01-07T00:32:03.299367Z","level":"warning","event":"The `airflow.operators.empty.EmptyOperator` attribute is deprecated. Please use `'airflow.providers.standard.operators.empty.EmptyOperator'`.","category":"DeprecatedImportWarning","filename":"/opt/airflow/dags/ingestion_dag.py","lineno":15,"logger":"py.warnings"}
{"timestamp":"2026-01-07T00:32:34.043012Z","level":"info","event":"Filling up the DagBag from /opt/airflow/dags/ingestion_dag.py","logger":"airflow.models.dagbag.DagBag","filename":"dagbag.py","lineno":593}
{"timestamp":"2026-01-07T00:32:34.467754Z","level":"warning","event":"The `airflow.operators.empty.EmptyOperator` attribute is deprecated. Please use `'airflow.providers.standard.operators.empty.EmptyOperator'`.","category":"DeprecatedImportWarning","filename":"/opt/airflow/dags/ingestion_dag.py","lineno":15,"logger":"py.warnings"}
{"timestamp":"2026-01-07T00:34:23.020145Z","level":"info","event":"Filling up the DagBag from /opt/airflow/dags/ingestion_dag.py","logger":"airflow.models.dagbag.DagBag","filename":"dagbag.py","lineno":593}
{"timestamp":"2026-01-07T00:34:25.181878Z","level":"warning","event":"The `airflow.operators.empty.EmptyOperator` attribute is deprecated. Please use `'airflow.providers.standard.operators.empty.EmptyOperator'`.","category":"DeprecatedImportWarning","filename":"/opt/airflow/dags/ingestion_dag.py","lineno":15,"logger":"py.warnings"}
{"timestamp":"2026-01-07T00:34:56.598573Z","level":"info","event":"Filling up the DagBag from /opt/airflow/dags/ingestion_dag.py","logger":"airflow.models.dagbag.DagBag","filename":"dagbag.py","lineno":593}
{"timestamp":"2026-01-07T00:34:57.173828Z","level":"warning","event":"The `airflow.operators.empty.EmptyOperator` attribute is deprecated. Please use `'airflow.providers.standard.operators.empty.EmptyOperator'`.","category":"DeprecatedImportWarning","filename":"/opt/airflow/dags/ingestion_dag.py","lineno":15,"logger":"py.warnings"}
{"timestamp":"2026-01-07T00:35:27.962496Z","level":"info","event":"Filling up the DagBag from /opt/airflow/dags/ingestion_dag.py","logger":"airflow.models.dagbag.DagBag","filename":"dagbag.py","lineno":593}
{"timestamp":"2026-01-07T00:35:28.556038Z","level":"warning","event":"The `airflow.operators.empty.EmptyOperator` attribute is deprecated. Please use `'airflow.providers.standard.operators.empty.EmptyOperator'`.","category":"DeprecatedImportWarning","filename":"/opt/airflow/dags/ingestion_dag.py","lineno":15,"logger":"py.warnings"}
{"timestamp":"2026-01-07T00:35:58.777809Z","level":"info","event":"Filling up the DagBag from /opt/airflow/dags/ingestion_dag.py","logger":"airflow.models.dagbag.DagBag","filename":"dagbag.py","lineno":593}
{"timestamp":"2026-01-07T00:35:59.168380Z","level":"warning","event":"The `airflow.operators.empty.EmptyOperator` attribute is deprecated. Please use `'airflow.providers.standard.operators.empty.EmptyOperator'`.","category":"DeprecatedImportWarning","filename":"/opt/airflow/dags/ingestion_dag.py","lineno":15,"logger":"py.warnings"}
{"timestamp":"2026-01-07T00:36:30.173507Z","level":"info","event":"Filling up the DagBag from /opt/airflow/dags/ingestion_dag.py","logger":"airflow.models.dagbag.DagBag","filename":"dagbag.py","lineno":593}
{"timestamp":"2026-01-07T00:36:30.886816Z","level":"warning","event":"The `airflow.operators.empty.EmptyOperator` attribute is deprecated. Please use `'airflow.providers.standard.operators.empty.EmptyOperator'`.","category":"DeprecatedImportWarning","filename":"/opt/airflow/dags/ingestion_dag.py","lineno":15,"logger":"py.warnings"}
{"timestamp":"2026-01-07T00:37:36.747873Z","level":"info","event":"Filling up the DagBag from /opt/airflow/dags/ingestion_dag.py","logger":"airflow.models.dagbag.DagBag","filename":"dagbag.py","lineno":593}
{"timestamp":"2026-01-07T00:37:40.611754Z","level":"warning","event":"The `airflow.operators.empty.EmptyOperator` attribute is deprecated. Please use `'airflow.providers.standard.operators.empty.EmptyOperator'`.","category":"DeprecatedImportWarning","filename":"/opt/airflow/dags/ingestion_dag.py","lineno":15,"logger":"py.warnings"}
{"timestamp":"2026-01-07T00:38:11.951582Z","level":"info","event":"Filling up the DagBag from /opt/airflow/dags/ingestion_dag.py","logger":"airflow.models.dagbag.DagBag","filename":"dagbag.py","lineno":593}
{"timestamp":"2026-01-07T00:38:12.323376Z","level":"warning","event":"The `airflow.operators.empty.EmptyOperator` attribute is deprecated. Please use `'airflow.providers.standard.operators.empty.EmptyOperator'`.","category":"DeprecatedImportWarning","filename":"/opt/airflow/dags/ingestion_dag.py","lineno":15,"logger":"py.warnings"}
{"timestamp":"2026-01-07T00:38:42.854284Z","level":"info","event":"Filling up the DagBag from /opt/airflow/dags/ingestion_dag.py","logger":"airflow.models.dagbag.DagBag","filename":"dagbag.py","lineno":593}
{"timestamp":"2026-01-07T00:38:43.350640Z","level":"warning","event":"The `airflow.operators.empty.EmptyOperator` attribute is deprecated. Please use `'airflow.providers.standard.operators.empty.EmptyOperator'`.","category":"DeprecatedImportWarning","filename":"/opt/airflow/dags/ingestion_dag.py","lineno":15,"logger":"py.warnings"}
{"timestamp":"2026-01-07T00:39:13.518758Z","level":"info","event":"Filling up the DagBag from /opt/airflow/dags/ingestion_dag.py","logger":"airflow.models.dagbag.DagBag","filename":"dagbag.py","lineno":593}
{"timestamp":"2026-01-07T00:39:13.908121Z","level":"warning","event":"The `airflow.operators.empty.EmptyOperator` attribute is deprecated. Please use `'airflow.providers.standard.operators.empty.EmptyOperator'`.","category":"DeprecatedImportWarning","filename":"/opt/airflow/dags/ingestion_dag.py","lineno":15,"logger":"py.warnings"}
{"timestamp":"2026-01-07T00:39:44.078849Z","level":"info","event":"Filling up the DagBag from /opt/airflow/dags/ingestion_dag.py","logger":"airflow.models.dagbag.DagBag","filename":"dagbag.py","lineno":593}
{"timestamp":"2026-01-07T00:39:44.578878Z","level":"warning","event":"The `airflow.operators.empty.EmptyOperator` attribute is deprecated. Please use `'airflow.providers.standard.operators.empty.EmptyOperator'`.","category":"DeprecatedImportWarning","filename":"/opt/airflow/dags/ingestion_dag.py","lineno":15,"logger":"py.warnings"}
{"timestamp":"2026-01-07T00:56:08.323380Z","level":"info","event":"Filling up the DagBag from /opt/airflow/dags/ingestion_dag.py","logger":"airflow.models.dagbag.DagBag","filename":"dagbag.py","lineno":593}
{"timestamp":"2026-01-07T00:56:10.605867Z","level":"warning","event":"The `airflow.operators.empty.EmptyOperator` attribute is deprecated. Please use `'airflow.providers.standard.operators.empty.EmptyOperator'`.","category":"DeprecatedImportWarning","filename":"/opt/airflow/dags/ingestion_dag.py","lineno":15,"logger":"py.warnings"}
{"timestamp":"2026-01-07T00:56:41.476769Z","level":"info","event":"Filling up the DagBag from /opt/airflow/dags/ingestion_dag.py","logger":"airflow.models.dagbag.DagBag","filename":"dagbag.py","lineno":593}
{"timestamp":"2026-01-07T00:56:41.971339Z","level":"warning","event":"The `airflow.operators.empty.EmptyOperator` attribute is deprecated. Please use `'airflow.providers.standard.operators.empty.EmptyOperator'`.","category":"DeprecatedImportWarning","filename":"/opt/airflow/dags/ingestion_dag.py","lineno":15,"logger":"py.warnings"}
{"timestamp":"2026-01-07T00:57:12.360362Z","level":"info","event":"Filling up the DagBag from /opt/airflow/dags/ingestion_dag.py","logger":"airflow.models.dagbag.DagBag","filename":"dagbag.py","lineno":593}
{"timestamp":"2026-01-07T00:57:12.749221Z","level":"warning","event":"The `airflow.operators.empty.EmptyOperator` attribute is deprecated. Please use `'airflow.providers.standard.operators.empty.EmptyOperator'`.","category":"DeprecatedImportWarning","filename":"/opt/airflow/dags/ingestion_dag.py","lineno":15,"logger":"py.warnings"}
{"timestamp":"2026-01-07T00:57:43.043681Z","level":"info","event":"Filling up the DagBag from /opt/airflow/dags/ingestion_dag.py","logger":"airflow.models.dagbag.DagBag","filename":"dagbag.py","lineno":593}
{"timestamp":"2026-01-07T00:57:43.480986Z","level":"warning","event":"The `airflow.operators.empty.EmptyOperator` attribute is deprecated. Please use `'airflow.providers.standard.operators.empty.EmptyOperator'`.","category":"DeprecatedImportWarning","filename":"/opt/airflow/dags/ingestion_dag.py","lineno":15,"logger":"py.warnings"}
{"timestamp":"2026-01-07T00:58:13.853912Z","level":"info","event":"Filling up the DagBag from /opt/airflow/dags/ingestion_dag.py","logger":"airflow.models.dagbag.DagBag","filename":"dagbag.py","lineno":593}
{"timestamp":"2026-01-07T00:58:14.240193Z","level":"warning","event":"The `airflow.operators.empty.EmptyOperator` attribute is deprecated. Please use `'airflow.providers.standard.operators.empty.EmptyOperator'`.","category":"DeprecatedImportWarning","filename":"/opt/airflow/dags/ingestion_dag.py","lineno":15,"logger":"py.warnings"}
{"timestamp":"2026-01-07T01:00:10.158600Z","level":"info","event":"Filling up the DagBag from /opt/airflow/dags/ingestion_dag.py","logger":"airflow.models.dagbag.DagBag","filename":"dagbag.py","lineno":593}
{"timestamp":"2026-01-07T01:00:19.176272Z","level":"warning","event":"The `airflow.operators.empty.EmptyOperator` attribute is deprecated. Please use `'airflow.providers.standard.operators.empty.EmptyOperator'`.","category":"DeprecatedImportWarning","filename":"/opt/airflow/dags/ingestion_dag.py","lineno":15,"logger":"py.warnings"}
{"timestamp":"2026-01-07T01:00:49.878519Z","level":"info","event":"Filling up the DagBag from /opt/airflow/dags/ingestion_dag.py","logger":"airflow.models.dagbag.DagBag","filename":"dagbag.py","lineno":593}
{"timestamp":"2026-01-07T01:00:50.448017Z","level":"warning","event":"The `airflow.operators.empty.EmptyOperator` attribute is deprecated. Please use `'airflow.providers.standard.operators.empty.EmptyOperator'`.","category":"DeprecatedImportWarning","filename":"/opt/airflow/dags/ingestion_dag.py","lineno":15,"logger":"py.warnings"}
{"timestamp":"2026-01-07T01:01:20.857924Z","level":"info","event":"Filling up the DagBag from /opt/airflow/dags/ingestion_dag.py","logger":"airflow.models.dagbag.DagBag","filename":"dagbag.py","lineno":593}
{"timestamp":"2026-01-07T01:01:21.263067Z","level":"warning","event":"The `airflow.operators.empty.EmptyOperator` attribute is deprecated. Please use `'airflow.providers.standard.operators.empty.EmptyOperator'`.","category":"DeprecatedImportWarning","filename":"/opt/airflow/dags/ingestion_dag.py","lineno":15,"logger":"py.warnings"}
{"timestamp":"2026-01-07T01:07:40.378956Z","level":"info","event":"Filling up the DagBag from /opt/airflow/dags/ingestion_dag.py","logger":"airflow.models.dagbag.DagBag","filename":"dagbag.py","lineno":593}
{"timestamp":"2026-01-07T01:07:42.523390Z","level":"warning","event":"The `airflow.operators.empty.EmptyOperator` attribute is deprecated. Please use `'airflow.providers.standard.operators.empty.EmptyOperator'`.","category":"DeprecatedImportWarning","filename":"/opt/airflow/dags/ingestion_dag.py","lineno":15,"logger":"py.warnings"}
{"timestamp":"2026-01-07T01:08:13.266576Z","level":"info","event":"Filling up the DagBag from /opt/airflow/dags/ingestion_dag.py","logger":"airflow.models.dagbag.DagBag","filename":"dagbag.py","lineno":593}
{"timestamp":"2026-01-07T01:08:13.750866Z","level":"warning","event":"The `airflow.operators.empty.EmptyOperator` attribute is deprecated. Please use `'airflow.providers.standard.operators.empty.EmptyOperator'`.","category":"DeprecatedImportWarning","filename":"/opt/airflow/dags/ingestion_dag.py","lineno":15,"logger":"py.warnings"}
{"timestamp":"2026-01-07T01:08:43.970834Z","level":"info","event":"Filling up the DagBag from /opt/airflow/dags/ingestion_dag.py","logger":"airflow.models.dagbag.DagBag","filename":"dagbag.py","lineno":593}
{"timestamp":"2026-01-07T01:08:44.399523Z","level":"warning","event":"The `airflow.operators.empty.EmptyOperator` attribute is deprecated. Please use `'airflow.providers.standard.operators.empty.EmptyOperator'`.","category":"DeprecatedImportWarning","filename":"/opt/airflow/dags/ingestion_dag.py","lineno":15,"logger":"py.warnings"}
{"timestamp":"2026-01-07T01:09:15.334477Z","level":"info","event":"Filling up the DagBag from /opt/airflow/dags/ingestion_dag.py","logger":"airflow.models.dagbag.DagBag","filename":"dagbag.py","lineno":593}
{"timestamp":"2026-01-07T01:09:15.971863Z","level":"warning","event":"The `airflow.operators.empty.EmptyOperator` attribute is deprecated. Please use `'airflow.providers.standard.operators.empty.EmptyOperator'`.","category":"DeprecatedImportWarning","filename":"/opt/airflow/dags/ingestion_dag.py","lineno":15,"logger":"py.warnings"}
{"timestamp":"2026-01-07T01:09:46.682183Z","level":"info","event":"Filling up the DagBag from /opt/airflow/dags/ingestion_dag.py","logger":"airflow.models.dagbag.DagBag","filename":"dagbag.py","lineno":593}
{"timestamp":"2026-01-07T01:09:47.063295Z","level":"warning","event":"The `airflow.operators.empty.EmptyOperator` attribute is deprecated. Please use `'airflow.providers.standard.operators.empty.EmptyOperator'`.","category":"DeprecatedImportWarning","filename":"/opt/airflow/dags/ingestion_dag.py","lineno":15,"logger":"py.warnings"}
{"timestamp":"2026-01-07T01:10:17.616725Z","level":"info","event":"Filling up the DagBag from /opt/airflow/dags/ingestion_dag.py","logger":"airflow.models.dagbag.DagBag","filename":"dagbag.py","lineno":593}
{"timestamp":"2026-01-07T01:10:18.023684Z","level":"warning","event":"The `airflow.operators.empty.EmptyOperator` attribute is deprecated. Please use `'airflow.providers.standard.operators.empty.EmptyOperator'`.","category":"DeprecatedImportWarning","filename":"/opt/airflow/dags/ingestion_dag.py","lineno":15,"logger":"py.warnings"}
{"timestamp":"2026-01-07T01:10:48.141835Z","level":"info","event":"Filling up the DagBag from /opt/airflow/dags/ingestion_dag.py","logger":"airflow.models.dagbag.DagBag","filename":"dagbag.py","lineno":593}
{"timestamp":"2026-01-07T01:10:48.598242Z","level":"warning","event":"The `airflow.operators.empty.EmptyOperator` attribute is deprecated. Please use `'airflow.providers.standard.operators.empty.EmptyOperator'`.","category":"DeprecatedImportWarning","filename":"/opt/airflow/dags/ingestion_dag.py","lineno":15,"logger":"py.warnings"}
{"timestamp":"2026-01-07T01:11:19.151762Z","level":"info","event":"Filling up the DagBag from /opt/airflow/dags/ingestion_dag.py","logger":"airflow.models.dagbag.DagBag","filename":"dagbag.py","lineno":593}
{"timestamp":"2026-01-07T01:11:19.841226Z","level":"warning","event":"The `airflow.operators.empty.EmptyOperator` attribute is deprecated. Please use `'airflow.providers.standard.operators.empty.EmptyOperator'`.","category":"DeprecatedImportWarning","filename":"/opt/airflow/dags/ingestion_dag.py","lineno":15,"logger":"py.warnings"}
{"timestamp":"2026-01-07T01:11:50.547620Z","level":"info","event":"Filling up the DagBag from /opt/airflow/dags/ingestion_dag.py","logger":"airflow.models.dagbag.DagBag","filename":"dagbag.py","lineno":593}
{"timestamp":"2026-01-07T01:11:50.919524Z","level":"warning","event":"The `airflow.operators.empty.EmptyOperator` attribute is deprecated. Please use `'airflow.providers.standard.operators.empty.EmptyOperator'`.","category":"DeprecatedImportWarning","filename":"/opt/airflow/dags/ingestion_dag.py","lineno":15,"logger":"py.warnings"}
{"timestamp":"2026-01-07T01:13:46.137835Z","level":"info","event":"Filling up the DagBag from /opt/airflow/dags/ingestion_dag.py","logger":"airflow.models.dagbag.DagBag","filename":"dagbag.py","lineno":593}
{"timestamp":"2026-01-07T01:13:48.474134Z","level":"warning","event":"The `airflow.operators.empty.EmptyOperator` attribute is deprecated. Please use `'airflow.providers.standard.operators.empty.EmptyOperator'`.","category":"DeprecatedImportWarning","filename":"/opt/airflow/dags/ingestion_dag.py","lineno":15,"logger":"py.warnings"}
{"timestamp":"2026-01-07T01:14:19.312444Z","level":"info","event":"Filling up the DagBag from /opt/airflow/dags/ingestion_dag.py","logger":"airflow.models.dagbag.DagBag","filename":"dagbag.py","lineno":593}
{"timestamp":"2026-01-07T01:14:19.844337Z","level":"warning","event":"The `airflow.operators.empty.EmptyOperator` attribute is deprecated. Please use `'airflow.providers.standard.operators.empty.EmptyOperator'`.","category":"DeprecatedImportWarning","filename":"/opt/airflow/dags/ingestion_dag.py","lineno":15,"logger":"py.warnings"}
{"timestamp":"2026-01-07T01:14:50.625469Z","level":"info","event":"Filling up the DagBag from /opt/airflow/dags/ingestion_dag.py","logger":"airflow.models.dagbag.DagBag","filename":"dagbag.py","lineno":593}
{"timestamp":"2026-01-07T01:14:51.042528Z","level":"warning","event":"The `airflow.operators.empty.EmptyOperator` attribute is deprecated. Please use `'airflow.providers.standard.operators.empty.EmptyOperator'`.","category":"DeprecatedImportWarning","filename":"/opt/airflow/dags/ingestion_dag.py","lineno":15,"logger":"py.warnings"}
{"timestamp":"2026-01-07T01:15:21.673101Z","level":"info","event":"Filling up the DagBag from /opt/airflow/dags/ingestion_dag.py","logger":"airflow.models.dagbag.DagBag","filename":"dagbag.py","lineno":593}
{"timestamp":"2026-01-07T01:15:22.325348Z","level":"warning","event":"The `airflow.operators.empty.EmptyOperator` attribute is deprecated. Please use `'airflow.providers.standard.operators.empty.EmptyOperator'`.","category":"DeprecatedImportWarning","filename":"/opt/airflow/dags/ingestion_dag.py","lineno":15,"logger":"py.warnings"}
{"timestamp":"2026-01-07T01:15:52.745493Z","level":"info","event":"Filling up the DagBag from /opt/airflow/dags/ingestion_dag.py","logger":"airflow.models.dagbag.DagBag","filename":"dagbag.py","lineno":593}
{"timestamp":"2026-01-07T01:15:53.229957Z","level":"warning","event":"The `airflow.operators.empty.EmptyOperator` attribute is deprecated. Please use `'airflow.providers.standard.operators.empty.EmptyOperator'`.","category":"DeprecatedImportWarning","filename":"/opt/airflow/dags/ingestion_dag.py","lineno":15,"logger":"py.warnings"}
{"timestamp":"2026-01-07T01:16:23.989721Z","level":"info","event":"Filling up the DagBag from /opt/airflow/dags/ingestion_dag.py","logger":"airflow.models.dagbag.DagBag","filename":"dagbag.py","lineno":593}
{"timestamp":"2026-01-07T01:16:24.387791Z","level":"warning","event":"The `airflow.operators.empty.EmptyOperator` attribute is deprecated. Please use `'airflow.providers.standard.operators.empty.EmptyOperator'`.","category":"DeprecatedImportWarning","filename":"/opt/airflow/dags/ingestion_dag.py","lineno":15,"logger":"py.warnings"}
{"timestamp":"2026-01-07T01:16:55.412580Z","level":"info","event":"Filling up the DagBag from /opt/airflow/dags/ingestion_dag.py","logger":"airflow.models.dagbag.DagBag","filename":"dagbag.py","lineno":593}
{"timestamp":"2026-01-07T01:16:55.900494Z","level":"warning","event":"The `airflow.operators.empty.EmptyOperator` attribute is deprecated. Please use `'airflow.providers.standard.operators.empty.EmptyOperator'`.","category":"DeprecatedImportWarning","filename":"/opt/airflow/dags/ingestion_dag.py","lineno":15,"logger":"py.warnings"}
{"timestamp":"2026-01-07T01:17:26.045877Z","level":"info","event":"Filling up the DagBag from /opt/airflow/dags/ingestion_dag.py","logger":"airflow.models.dagbag.DagBag","filename":"dagbag.py","lineno":593}
{"timestamp":"2026-01-07T01:17:26.370287Z","level":"warning","event":"The `airflow.operators.empty.EmptyOperator` attribute is deprecated. Please use `'airflow.providers.standard.operators.empty.EmptyOperator'`.","category":"DeprecatedImportWarning","filename":"/opt/airflow/dags/ingestion_dag.py","lineno":15,"logger":"py.warnings"}
{"timestamp":"2026-01-07T01:17:56.494478Z","level":"info","event":"Filling up the DagBag from /opt/airflow/dags/ingestion_dag.py","logger":"airflow.models.dagbag.DagBag","filename":"dagbag.py","lineno":593}
{"timestamp":"2026-01-07T01:17:56.825822Z","level":"warning","event":"The `airflow.operators.empty.EmptyOperator` attribute is deprecated. Please use `'airflow.providers.standard.operators.empty.EmptyOperator'`.","category":"DeprecatedImportWarning","filename":"/opt/airflow/dags/ingestion_dag.py","lineno":15,"logger":"py.warnings"}
{"timestamp":"2026-01-07T01:18:27.100245Z","level":"info","event":"Filling up the DagBag from /opt/airflow/dags/ingestion_dag.py","logger":"airflow.models.dagbag.DagBag","filename":"dagbag.py","lineno":593}
{"timestamp":"2026-01-07T01:18:27.440500Z","level":"warning","event":"The `airflow.operators.empty.EmptyOperator` attribute is deprecated. Please use `'airflow.providers.standard.operators.empty.EmptyOperator'`.","category":"DeprecatedImportWarning","filename":"/opt/airflow/dags/ingestion_dag.py","lineno":15,"logger":"py.warnings"}
{"timestamp":"2026-01-07T01:35:28.546039Z","level":"info","event":"Filling up the DagBag from /opt/airflow/dags/ingestion_dag.py","logger":"airflow.models.dagbag.DagBag","filename":"dagbag.py","lineno":593}
{"timestamp":"2026-01-07T01:35:29.154351Z","level":"warning","event":"The `airflow.operators.empty.EmptyOperator` attribute is deprecated. Please use `'airflow.providers.standard.operators.empty.EmptyOperator'`.","category":"DeprecatedImportWarning","filename":"/opt/airflow/dags/ingestion_dag.py","lineno":15,"logger":"py.warnings"}
{"timestamp":"2026-01-07T01:39:35.965420Z","level":"info","event":"Filling up the DagBag from /opt/airflow/dags/ingestion_dag.py","logger":"airflow.models.dagbag.DagBag","filename":"dagbag.py","lineno":593}
{"timestamp":"2026-01-07T01:39:36.573166Z","level":"warning","event":"The `airflow.operators.empty.EmptyOperator` attribute is deprecated. Please use `'airflow.providers.standard.operators.empty.EmptyOperator'`.","category":"DeprecatedImportWarning","filename":"/opt/airflow/dags/ingestion_dag.py","lineno":15,"logger":"py.warnings"}
{"timestamp":"2026-01-07T01:40:06.818761Z","level":"info","event":"Filling up the DagBag from /opt/airflow/dags/ingestion_dag.py","logger":"airflow.models.dagbag.DagBag","filename":"dagbag.py","lineno":593}
{"timestamp":"2026-01-07T01:40:07.299491Z","level":"warning","event":"The `airflow.operators.empty.EmptyOperator` attribute is deprecated. Please use `'airflow.providers.standard.operators.empty.EmptyOperator'`.","category":"DeprecatedImportWarning","filename":"/opt/airflow/dags/ingestion_dag.py","lineno":15,"logger":"py.warnings"}
{"timestamp":"2026-01-07T01:40:38.272543Z","level":"info","event":"Filling up the DagBag from /opt/airflow/dags/ingestion_dag.py","logger":"airflow.models.dagbag.DagBag","filename":"dagbag.py","lineno":593}
{"timestamp":"2026-01-07T01:40:38.972477Z","level":"warning","event":"The `airflow.operators.empty.EmptyOperator` attribute is deprecated. Please use `'airflow.providers.standard.operators.empty.EmptyOperator'`.","category":"DeprecatedImportWarning","filename":"/opt/airflow/dags/ingestion_dag.py","lineno":15,"logger":"py.warnings"}
{"timestamp":"2026-01-07T01:41:10.468835Z","level":"info","event":"Filling up the DagBag from /opt/airflow/dags/ingestion_dag.py","logger":"airflow.models.dagbag.DagBag","filename":"dagbag.py","lineno":593}
{"timestamp":"2026-01-07T01:41:11.138434Z","level":"warning","event":"The `airflow.operators.empty.EmptyOperator` attribute is deprecated. Please use `'airflow.providers.standard.operators.empty.EmptyOperator'`.","category":"DeprecatedImportWarning","filename":"/opt/airflow/dags/ingestion_dag.py","lineno":15,"logger":"py.warnings"}
{"timestamp":"2026-01-07T01:41:41.694828Z","level":"info","event":"Filling up the DagBag from /opt/airflow/dags/ingestion_dag.py","logger":"airflow.models.dagbag.DagBag","filename":"dagbag.py","lineno":593}
{"timestamp":"2026-01-07T01:41:42.100831Z","level":"warning","event":"The `airflow.operators.empty.EmptyOperator` attribute is deprecated. Please use `'airflow.providers.standard.operators.empty.EmptyOperator'`.","category":"DeprecatedImportWarning","filename":"/opt/airflow/dags/ingestion_dag.py","lineno":15,"logger":"py.warnings"}
{"timestamp":"2026-01-07T01:50:40.442173Z","level":"info","event":"Filling up the DagBag from /opt/airflow/dags/ingestion_dag.py","logger":"airflow.models.dagbag.DagBag","filename":"dagbag.py","lineno":593}
{"timestamp":"2026-01-07T01:50:41.060177Z","level":"warning","event":"The `airflow.operators.empty.EmptyOperator` attribute is deprecated. Please use `'airflow.providers.standard.operators.empty.EmptyOperator'`.","category":"DeprecatedImportWarning","filename":"/opt/airflow/dags/ingestion_dag.py","lineno":15,"logger":"py.warnings"}
{"timestamp":"2026-01-07T01:51:11.445942Z","level":"info","event":"Filling up the DagBag from /opt/airflow/dags/ingestion_dag.py","logger":"airflow.models.dagbag.DagBag","filename":"dagbag.py","lineno":593}
{"timestamp":"2026-01-07T01:51:11.913406Z","level":"warning","event":"The `airflow.operators.empty.EmptyOperator` attribute is deprecated. Please use `'airflow.providers.standard.operators.empty.EmptyOperator'`.","category":"DeprecatedImportWarning","filename":"/opt/airflow/dags/ingestion_dag.py","lineno":15,"logger":"py.warnings"}
{"timestamp":"2026-01-07T01:51:42.246721Z","level":"info","event":"Filling up the DagBag from /opt/airflow/dags/ingestion_dag.py","logger":"airflow.models.dagbag.DagBag","filename":"dagbag.py","lineno":593}
{"timestamp":"2026-01-07T01:51:43.493765Z","level":"warning","event":"The `airflow.operators.empty.EmptyOperator` attribute is deprecated. Please use `'airflow.providers.standard.operators.empty.EmptyOperator'`.","category":"DeprecatedImportWarning","filename":"/opt/airflow/dags/ingestion_dag.py","lineno":15,"logger":"py.warnings"}
{"timestamp":"2026-01-07T01:52:13.877891Z","level":"info","event":"Filling up the DagBag from /opt/airflow/dags/ingestion_dag.py","logger":"airflow.models.dagbag.DagBag","filename":"dagbag.py","lineno":593}
{"timestamp":"2026-01-07T01:52:14.506262Z","level":"warning","event":"The `airflow.operators.empty.EmptyOperator` attribute is deprecated. Please use `'airflow.providers.standard.operators.empty.EmptyOperator'`.","category":"DeprecatedImportWarning","filename":"/opt/airflow/dags/ingestion_dag.py","lineno":15,"logger":"py.warnings"}
{"timestamp":"2026-01-07T01:53:16.747709Z","level":"info","event":"Filling up the DagBag from /opt/airflow/dags/ingestion_dag.py","logger":"airflow.models.dagbag.DagBag","filename":"dagbag.py","lineno":593}
{"timestamp":"2026-01-07T01:53:17.522182Z","level":"warning","event":"The `airflow.operators.empty.EmptyOperator` attribute is deprecated. Please use `'airflow.providers.standard.operators.empty.EmptyOperator'`.","category":"DeprecatedImportWarning","filename":"/opt/airflow/dags/ingestion_dag.py","lineno":15,"logger":"py.warnings"}
{"timestamp":"2026-01-07T01:53:47.728195Z","level":"info","event":"Filling up the DagBag from /opt/airflow/dags/ingestion_dag.py","logger":"airflow.models.dagbag.DagBag","filename":"dagbag.py","lineno":593}
{"timestamp":"2026-01-07T01:53:48.271170Z","level":"warning","event":"The `airflow.operators.empty.EmptyOperator` attribute is deprecated. Please use `'airflow.providers.standard.operators.empty.EmptyOperator'`.","category":"DeprecatedImportWarning","filename":"/opt/airflow/dags/ingestion_dag.py","lineno":15,"logger":"py.warnings"}
{"timestamp":"2026-01-07T01:54:19.309890Z","level":"info","event":"Filling up the DagBag from /opt/airflow/dags/ingestion_dag.py","logger":"airflow.models.dagbag.DagBag","filename":"dagbag.py","lineno":593}
{"timestamp":"2026-01-07T01:54:19.725111Z","level":"warning","event":"The `airflow.operators.empty.EmptyOperator` attribute is deprecated. Please use `'airflow.providers.standard.operators.empty.EmptyOperator'`.","category":"DeprecatedImportWarning","filename":"/opt/airflow/dags/ingestion_dag.py","lineno":15,"logger":"py.warnings"}
{"timestamp":"2026-01-07T01:54:50.448241Z","level":"info","event":"Filling up the DagBag from /opt/airflow/dags/ingestion_dag.py","logger":"airflow.models.dagbag.DagBag","filename":"dagbag.py","lineno":593}
{"timestamp":"2026-01-07T01:54:50.817966Z","level":"warning","event":"The `airflow.operators.empty.EmptyOperator` attribute is deprecated. Please use `'airflow.providers.standard.operators.empty.EmptyOperator'`.","category":"DeprecatedImportWarning","filename":"/opt/airflow/dags/ingestion_dag.py","lineno":15,"logger":"py.warnings"}
{"timestamp":"2026-01-07T01:58:04.917474Z","level":"info","event":"Filling up the DagBag from /opt/airflow/dags/ingestion_dag.py","logger":"airflow.models.dagbag.DagBag","filename":"dagbag.py","lineno":593}
{"timestamp":"2026-01-07T01:58:05.603675Z","level":"warning","event":"The `airflow.operators.empty.EmptyOperator` attribute is deprecated. Please use `'airflow.providers.standard.operators.empty.EmptyOperator'`.","category":"DeprecatedImportWarning","filename":"/opt/airflow/dags/ingestion_dag.py","lineno":15,"logger":"py.warnings"}
{"timestamp":"2026-01-07T01:58:35.995906Z","level":"info","event":"Filling up the DagBag from /opt/airflow/dags/ingestion_dag.py","logger":"airflow.models.dagbag.DagBag","filename":"dagbag.py","lineno":593}
{"timestamp":"2026-01-07T01:58:36.503130Z","level":"warning","event":"The `airflow.operators.empty.EmptyOperator` attribute is deprecated. Please use `'airflow.providers.standard.operators.empty.EmptyOperator'`.","category":"DeprecatedImportWarning","filename":"/opt/airflow/dags/ingestion_dag.py","lineno":15,"logger":"py.warnings"}
{"timestamp":"2026-01-07T01:59:07.102526Z","level":"info","event":"Filling up the DagBag from /opt/airflow/dags/ingestion_dag.py","logger":"airflow.models.dagbag.DagBag","filename":"dagbag.py","lineno":593}
{"timestamp":"2026-01-07T01:59:07.609464Z","level":"warning","event":"The `airflow.operators.empty.EmptyOperator` attribute is deprecated. Please use `'airflow.providers.standard.operators.empty.EmptyOperator'`.","category":"DeprecatedImportWarning","filename":"/opt/airflow/dags/ingestion_dag.py","lineno":15,"logger":"py.warnings"}
{"timestamp":"2026-01-07T01:59:40.048168Z","level":"info","event":"Filling up the DagBag from /opt/airflow/dags/ingestion_dag.py","logger":"airflow.models.dagbag.DagBag","filename":"dagbag.py","lineno":593}
{"timestamp":"2026-01-07T01:59:40.453029Z","level":"warning","event":"The `airflow.operators.empty.EmptyOperator` attribute is deprecated. Please use `'airflow.providers.standard.operators.empty.EmptyOperator'`.","category":"DeprecatedImportWarning","filename":"/opt/airflow/dags/ingestion_dag.py","lineno":15,"logger":"py.warnings"}
{"timestamp":"2026-01-07T02:00:11.410044Z","level":"info","event":"Filling up the DagBag from /opt/airflow/dags/ingestion_dag.py","logger":"airflow.models.dagbag.DagBag","filename":"dagbag.py","lineno":593}
{"timestamp":"2026-01-07T02:00:11.956191Z","level":"warning","event":"The `airflow.operators.empty.EmptyOperator` attribute is deprecated. Please use `'airflow.providers.standard.operators.empty.EmptyOperator'`.","category":"DeprecatedImportWarning","filename":"/opt/airflow/dags/ingestion_dag.py","lineno":15,"logger":"py.warnings"}
{"timestamp":"2026-01-07T02:00:42.710956Z","level":"info","event":"Filling up the DagBag from /opt/airflow/dags/ingestion_dag.py","logger":"airflow.models.dagbag.DagBag","filename":"dagbag.py","lineno":593}
{"timestamp":"2026-01-07T02:00:43.086034Z","level":"warning","event":"The `airflow.operators.empty.EmptyOperator` attribute is deprecated. Please use `'airflow.providers.standard.operators.empty.EmptyOperator'`.","category":"DeprecatedImportWarning","filename":"/opt/airflow/dags/ingestion_dag.py","lineno":15,"logger":"py.warnings"}
{"timestamp":"2026-01-07T02:01:13.737379Z","level":"info","event":"Filling up the DagBag from /opt/airflow/dags/ingestion_dag.py","logger":"airflow.models.dagbag.DagBag","filename":"dagbag.py","lineno":593}
{"timestamp":"2026-01-07T02:01:14.070971Z","level":"warning","event":"The `airflow.operators.empty.EmptyOperator` attribute is deprecated. Please use `'airflow.providers.standard.operators.empty.EmptyOperator'`.","category":"DeprecatedImportWarning","filename":"/opt/airflow/dags/ingestion_dag.py","lineno":15,"logger":"py.warnings"}
{"timestamp":"2026-01-07T02:01:44.868484Z","level":"info","event":"Filling up the DagBag from /opt/airflow/dags/ingestion_dag.py","logger":"airflow.models.dagbag.DagBag","filename":"dagbag.py","lineno":593}
{"timestamp":"2026-01-07T02:01:45.190060Z","level":"warning","event":"The `airflow.operators.empty.EmptyOperator` attribute is deprecated. Please use `'airflow.providers.standard.operators.empty.EmptyOperator'`.","category":"DeprecatedImportWarning","filename":"/opt/airflow/dags/ingestion_dag.py","lineno":15,"logger":"py.warnings"}
{"timestamp":"2026-01-07T02:02:15.839402Z","level":"info","event":"Filling up the DagBag from /opt/airflow/dags/ingestion_dag.py","logger":"airflow.models.dagbag.DagBag","filename":"dagbag.py","lineno":593}
{"timestamp":"2026-01-07T02:02:16.201119Z","level":"warning","event":"The `airflow.operators.empty.EmptyOperator` attribute is deprecated. Please use `'airflow.providers.standard.operators.empty.EmptyOperator'`.","category":"DeprecatedImportWarning","filename":"/opt/airflow/dags/ingestion_dag.py","lineno":15,"logger":"py.warnings"}
{"timestamp":"2026-01-07T02:02:46.288715Z","level":"info","event":"Filling up the DagBag from /opt/airflow/dags/ingestion_dag.py","logger":"airflow.models.dagbag.DagBag","filename":"dagbag.py","lineno":593}
{"timestamp":"2026-01-07T02:02:46.636039Z","level":"warning","event":"The `airflow.operators.empty.EmptyOperator` attribute is deprecated. Please use `'airflow.providers.standard.operators.empty.EmptyOperator'`.","category":"DeprecatedImportWarning","filename":"/opt/airflow/dags/ingestion_dag.py","lineno":15,"logger":"py.warnings"}
{"timestamp":"2026-01-07T02:04:31.856065Z","level":"info","event":"Filling up the DagBag from /opt/airflow/dags/ingestion_dag.py","logger":"airflow.models.dagbag.DagBag","filename":"dagbag.py","lineno":593}
{"timestamp":"2026-01-07T02:04:32.286825Z","level":"warning","event":"The `airflow.operators.empty.EmptyOperator` attribute is deprecated. Please use `'airflow.providers.standard.operators.empty.EmptyOperator'`.","category":"DeprecatedImportWarning","filename":"/opt/airflow/dags/ingestion_dag.py","lineno":15,"logger":"py.warnings"}
{"timestamp":"2026-01-07T02:05:03.332210Z","level":"info","event":"Filling up the DagBag from /opt/airflow/dags/ingestion_dag.py","logger":"airflow.models.dagbag.DagBag","filename":"dagbag.py","lineno":593}
{"timestamp":"2026-01-07T02:05:03.941249Z","level":"warning","event":"The `airflow.operators.empty.EmptyOperator` attribute is deprecated. Please use `'airflow.providers.standard.operators.empty.EmptyOperator'`.","category":"DeprecatedImportWarning","filename":"/opt/airflow/dags/ingestion_dag.py","lineno":15,"logger":"py.warnings"}
{"timestamp":"2026-01-07T02:05:34.714110Z","level":"info","event":"Filling up the DagBag from /opt/airflow/dags/ingestion_dag.py","logger":"airflow.models.dagbag.DagBag","filename":"dagbag.py","lineno":593}
{"timestamp":"2026-01-07T02:05:35.083922Z","level":"warning","event":"The `airflow.operators.empty.EmptyOperator` attribute is deprecated. Please use `'airflow.providers.standard.operators.empty.EmptyOperator'`.","category":"DeprecatedImportWarning","filename":"/opt/airflow/dags/ingestion_dag.py","lineno":15,"logger":"py.warnings"}
{"timestamp":"2026-01-07T02:06:05.215073Z","level":"info","event":"Filling up the DagBag from /opt/airflow/dags/ingestion_dag.py","logger":"airflow.models.dagbag.DagBag","filename":"dagbag.py","lineno":593}
{"timestamp":"2026-01-07T02:06:05.597553Z","level":"warning","event":"The `airflow.operators.empty.EmptyOperator` attribute is deprecated. Please use `'airflow.providers.standard.operators.empty.EmptyOperator'`.","category":"DeprecatedImportWarning","filename":"/opt/airflow/dags/ingestion_dag.py","lineno":15,"logger":"py.warnings"}
{"timestamp":"2026-01-07T02:06:35.899198Z","level":"info","event":"Filling up the DagBag from /opt/airflow/dags/ingestion_dag.py","logger":"airflow.models.dagbag.DagBag","filename":"dagbag.py","lineno":593}
{"timestamp":"2026-01-07T02:06:36.308627Z","level":"warning","event":"The `airflow.operators.empty.EmptyOperator` attribute is deprecated. Please use `'airflow.providers.standard.operators.empty.EmptyOperator'`.","category":"DeprecatedImportWarning","filename":"/opt/airflow/dags/ingestion_dag.py","lineno":15,"logger":"py.warnings"}
{"timestamp":"2026-01-07T02:07:06.414915Z","level":"info","event":"Filling up the DagBag from /opt/airflow/dags/ingestion_dag.py","logger":"airflow.models.dagbag.DagBag","filename":"dagbag.py","lineno":593}
{"timestamp":"2026-01-07T02:07:06.799587Z","level":"warning","event":"The `airflow.operators.empty.EmptyOperator` attribute is deprecated. Please use `'airflow.providers.standard.operators.empty.EmptyOperator'`.","category":"DeprecatedImportWarning","filename":"/opt/airflow/dags/ingestion_dag.py","lineno":15,"logger":"py.warnings"}
{"timestamp":"2026-01-07T02:07:37.542454Z","level":"info","event":"Filling up the DagBag from /opt/airflow/dags/ingestion_dag.py","logger":"airflow.models.dagbag.DagBag","filename":"dagbag.py","lineno":593}
{"timestamp":"2026-01-07T02:07:38.005124Z","level":"warning","event":"The `airflow.operators.empty.EmptyOperator` attribute is deprecated. Please use `'airflow.providers.standard.operators.empty.EmptyOperator'`.","category":"DeprecatedImportWarning","filename":"/opt/airflow/dags/ingestion_dag.py","lineno":15,"logger":"py.warnings"}
{"timestamp":"2026-01-07T02:09:32.806796Z","level":"info","event":"Filling up the DagBag from /opt/airflow/dags/ingestion_dag.py","logger":"airflow.models.dagbag.DagBag","filename":"dagbag.py","lineno":593}
{"timestamp":"2026-01-07T02:09:33.511461Z","level":"warning","event":"The `airflow.operators.empty.EmptyOperator` attribute is deprecated. Please use `'airflow.providers.standard.operators.empty.EmptyOperator'`.","category":"DeprecatedImportWarning","filename":"/opt/airflow/dags/ingestion_dag.py","lineno":15,"logger":"py.warnings"}
{"timestamp":"2026-01-07T02:10:03.933091Z","level":"info","event":"Filling up the DagBag from /opt/airflow/dags/ingestion_dag.py","logger":"airflow.models.dagbag.DagBag","filename":"dagbag.py","lineno":593}
{"timestamp":"2026-01-07T02:10:04.388505Z","level":"warning","event":"The `airflow.operators.empty.EmptyOperator` attribute is deprecated. Please use `'airflow.providers.standard.operators.empty.EmptyOperator'`.","category":"DeprecatedImportWarning","filename":"/opt/airflow/dags/ingestion_dag.py","lineno":15,"logger":"py.warnings"}
{"timestamp":"2026-01-07T02:10:34.918308Z","level":"info","event":"Filling up the DagBag from /opt/airflow/dags/ingestion_dag.py","logger":"airflow.models.dagbag.DagBag","filename":"dagbag.py","lineno":593}
{"timestamp":"2026-01-07T02:10:35.358879Z","level":"warning","event":"The `airflow.operators.empty.EmptyOperator` attribute is deprecated. Please use `'airflow.providers.standard.operators.empty.EmptyOperator'`.","category":"DeprecatedImportWarning","filename":"/opt/airflow/dags/ingestion_dag.py","lineno":15,"logger":"py.warnings"}
{"timestamp":"2026-01-07T02:11:05.934073Z","level":"info","event":"Filling up the DagBag from /opt/airflow/dags/ingestion_dag.py","logger":"airflow.models.dagbag.DagBag","filename":"dagbag.py","lineno":593}
{"timestamp":"2026-01-07T02:11:06.519455Z","level":"warning","event":"The `airflow.operators.empty.EmptyOperator` attribute is deprecated. Please use `'airflow.providers.standard.operators.empty.EmptyOperator'`.","category":"DeprecatedImportWarning","filename":"/opt/airflow/dags/ingestion_dag.py","lineno":15,"logger":"py.warnings"}
{"timestamp":"2026-01-07T02:11:37.298708Z","level":"info","event":"Filling up the DagBag from /opt/airflow/dags/ingestion_dag.py","logger":"airflow.models.dagbag.DagBag","filename":"dagbag.py","lineno":593}
{"timestamp":"2026-01-07T02:11:37.703470Z","level":"warning","event":"The `airflow.operators.empty.EmptyOperator` attribute is deprecated. Please use `'airflow.providers.standard.operators.empty.EmptyOperator'`.","category":"DeprecatedImportWarning","filename":"/opt/airflow/dags/ingestion_dag.py","lineno":15,"logger":"py.warnings"}
{"timestamp":"2026-01-07T02:12:09.777865Z","level":"info","event":"Filling up the DagBag from /opt/airflow/dags/ingestion_dag.py","logger":"airflow.models.dagbag.DagBag","filename":"dagbag.py","lineno":593}
{"timestamp":"2026-01-07T02:12:10.650647Z","level":"warning","event":"The `airflow.operators.empty.EmptyOperator` attribute is deprecated. Please use `'airflow.providers.standard.operators.empty.EmptyOperator'`.","category":"DeprecatedImportWarning","filename":"/opt/airflow/dags/ingestion_dag.py","lineno":15,"logger":"py.warnings"}
{"timestamp":"2026-01-07T02:12:41.704511Z","level":"info","event":"Filling up the DagBag from /opt/airflow/dags/ingestion_dag.py","logger":"airflow.models.dagbag.DagBag","filename":"dagbag.py","lineno":593}
{"timestamp":"2026-01-07T02:12:42.344164Z","level":"warning","event":"The `airflow.operators.empty.EmptyOperator` attribute is deprecated. Please use `'airflow.providers.standard.operators.empty.EmptyOperator'`.","category":"DeprecatedImportWarning","filename":"/opt/airflow/dags/ingestion_dag.py","lineno":15,"logger":"py.warnings"}
{"timestamp":"2026-01-07T02:13:13.576215Z","level":"info","event":"Filling up the DagBag from /opt/airflow/dags/ingestion_dag.py","logger":"airflow.models.dagbag.DagBag","filename":"dagbag.py","lineno":593}
{"timestamp":"2026-01-07T02:13:14.518690Z","level":"warning","event":"The `airflow.operators.empty.EmptyOperator` attribute is deprecated. Please use `'airflow.providers.standard.operators.empty.EmptyOperator'`.","category":"DeprecatedImportWarning","filename":"/opt/airflow/dags/ingestion_dag.py","lineno":15,"logger":"py.warnings"}
{"timestamp":"2026-01-07T02:13:45.139035Z","level":"info","event":"Filling up the DagBag from /opt/airflow/dags/ingestion_dag.py","logger":"airflow.models.dagbag.DagBag","filename":"dagbag.py","lineno":593}
{"timestamp":"2026-01-07T02:13:45.505909Z","level":"warning","event":"The `airflow.operators.empty.EmptyOperator` attribute is deprecated. Please use `'airflow.providers.standard.operators.empty.EmptyOperator'`.","category":"DeprecatedImportWarning","filename":"/opt/airflow/dags/ingestion_dag.py","lineno":15,"logger":"py.warnings"}
{"timestamp":"2026-01-07T02:14:15.788280Z","level":"info","event":"Filling up the DagBag from /opt/airflow/dags/ingestion_dag.py","logger":"airflow.models.dagbag.DagBag","filename":"dagbag.py","lineno":593}
{"timestamp":"2026-01-07T02:14:16.229233Z","level":"warning","event":"The `airflow.operators.empty.EmptyOperator` attribute is deprecated. Please use `'airflow.providers.standard.operators.empty.EmptyOperator'`.","category":"DeprecatedImportWarning","filename":"/opt/airflow/dags/ingestion_dag.py","lineno":15,"logger":"py.warnings"}
{"timestamp":"2026-01-07T02:14:47.015183Z","level":"info","event":"Filling up the DagBag from /opt/airflow/dags/ingestion_dag.py","logger":"airflow.models.dagbag.DagBag","filename":"dagbag.py","lineno":593}
{"timestamp":"2026-01-07T02:14:47.377107Z","level":"warning","event":"The `airflow.operators.empty.EmptyOperator` attribute is deprecated. Please use `'airflow.providers.standard.operators.empty.EmptyOperator'`.","category":"DeprecatedImportWarning","filename":"/opt/airflow/dags/ingestion_dag.py","lineno":15,"logger":"py.warnings"}
{"timestamp":"2026-01-07T02:15:18.173730Z","level":"info","event":"Filling up the DagBag from /opt/airflow/dags/ingestion_dag.py","logger":"airflow.models.dagbag.DagBag","filename":"dagbag.py","lineno":593}
{"timestamp":"2026-01-07T02:15:18.611531Z","level":"warning","event":"The `airflow.operators.empty.EmptyOperator` attribute is deprecated. Please use `'airflow.providers.standard.operators.empty.EmptyOperator'`.","category":"DeprecatedImportWarning","filename":"/opt/airflow/dags/ingestion_dag.py","lineno":15,"logger":"py.warnings"}
{"timestamp":"2026-01-07T02:15:49.225906Z","level":"info","event":"Filling up the DagBag from /opt/airflow/dags/ingestion_dag.py","logger":"airflow.models.dagbag.DagBag","filename":"dagbag.py","lineno":593}
{"timestamp":"2026-01-07T02:15:49.552350Z","level":"warning","event":"The `airflow.operators.empty.EmptyOperator` attribute is deprecated. Please use `'airflow.providers.standard.operators.empty.EmptyOperator'`.","category":"DeprecatedImportWarning","filename":"/opt/airflow/dags/ingestion_dag.py","lineno":15,"logger":"py.warnings"}
{"timestamp":"2026-01-07T02:16:20.400839Z","level":"info","event":"Filling up the DagBag from /opt/airflow/dags/ingestion_dag.py","logger":"airflow.models.dagbag.DagBag","filename":"dagbag.py","lineno":593}
{"timestamp":"2026-01-07T02:16:20.763377Z","level":"warning","event":"The `airflow.operators.empty.EmptyOperator` attribute is deprecated. Please use `'airflow.providers.standard.operators.empty.EmptyOperator'`.","category":"DeprecatedImportWarning","filename":"/opt/airflow/dags/ingestion_dag.py","lineno":15,"logger":"py.warnings"}
{"timestamp":"2026-01-07T02:16:51.483910Z","level":"info","event":"Filling up the DagBag from /opt/airflow/dags/ingestion_dag.py","logger":"airflow.models.dagbag.DagBag","filename":"dagbag.py","lineno":593}
{"timestamp":"2026-01-07T02:16:51.788078Z","level":"warning","event":"The `airflow.operators.empty.EmptyOperator` attribute is deprecated. Please use `'airflow.providers.standard.operators.empty.EmptyOperator'`.","category":"DeprecatedImportWarning","filename":"/opt/airflow/dags/ingestion_dag.py","lineno":15,"logger":"py.warnings"}
{"timestamp":"2026-01-07T02:17:22.115264Z","level":"info","event":"Filling up the DagBag from /opt/airflow/dags/ingestion_dag.py","logger":"airflow.models.dagbag.DagBag","filename":"dagbag.py","lineno":593}
{"timestamp":"2026-01-07T02:17:22.470178Z","level":"warning","event":"The `airflow.operators.empty.EmptyOperator` attribute is deprecated. Please use `'airflow.providers.standard.operators.empty.EmptyOperator'`.","category":"DeprecatedImportWarning","filename":"/opt/airflow/dags/ingestion_dag.py","lineno":15,"logger":"py.warnings"}
{"timestamp":"2026-01-07T02:17:52.620771Z","level":"info","event":"Filling up the DagBag from /opt/airflow/dags/ingestion_dag.py","logger":"airflow.models.dagbag.DagBag","filename":"dagbag.py","lineno":593}
{"timestamp":"2026-01-07T02:17:52.947095Z","level":"warning","event":"The `airflow.operators.empty.EmptyOperator` attribute is deprecated. Please use `'airflow.providers.standard.operators.empty.EmptyOperator'`.","category":"DeprecatedImportWarning","filename":"/opt/airflow/dags/ingestion_dag.py","lineno":15,"logger":"py.warnings"}
{"timestamp":"2026-01-07T02:18:23.286373Z","level":"info","event":"Filling up the DagBag from /opt/airflow/dags/ingestion_dag.py","logger":"airflow.models.dagbag.DagBag","filename":"dagbag.py","lineno":593}
{"timestamp":"2026-01-07T02:18:23.611798Z","level":"warning","event":"The `airflow.operators.empty.EmptyOperator` attribute is deprecated. Please use `'airflow.providers.standard.operators.empty.EmptyOperator'`.","category":"DeprecatedImportWarning","filename":"/opt/airflow/dags/ingestion_dag.py","lineno":15,"logger":"py.warnings"}
{"timestamp":"2026-01-07T02:18:54.465466Z","level":"info","event":"Filling up the DagBag from /opt/airflow/dags/ingestion_dag.py","logger":"airflow.models.dagbag.DagBag","filename":"dagbag.py","lineno":593}
{"timestamp":"2026-01-07T02:18:54.829188Z","level":"warning","event":"The `airflow.operators.empty.EmptyOperator` attribute is deprecated. Please use `'airflow.providers.standard.operators.empty.EmptyOperator'`.","category":"DeprecatedImportWarning","filename":"/opt/airflow/dags/ingestion_dag.py","lineno":15,"logger":"py.warnings"}
{"timestamp":"2026-01-07T02:19:25.788620Z","level":"info","event":"Filling up the DagBag from /opt/airflow/dags/ingestion_dag.py","logger":"airflow.models.dagbag.DagBag","filename":"dagbag.py","lineno":593}
{"timestamp":"2026-01-07T02:19:26.108429Z","level":"warning","event":"The `airflow.operators.empty.EmptyOperator` attribute is deprecated. Please use `'airflow.providers.standard.operators.empty.EmptyOperator'`.","category":"DeprecatedImportWarning","filename":"/opt/airflow/dags/ingestion_dag.py","lineno":15,"logger":"py.warnings"}
{"timestamp":"2026-01-07T02:19:56.324486Z","level":"info","event":"Filling up the DagBag from /opt/airflow/dags/ingestion_dag.py","logger":"airflow.models.dagbag.DagBag","filename":"dagbag.py","lineno":593}
{"timestamp":"2026-01-07T02:19:56.637233Z","level":"warning","event":"The `airflow.operators.empty.EmptyOperator` attribute is deprecated. Please use `'airflow.providers.standard.operators.empty.EmptyOperator'`.","category":"DeprecatedImportWarning","filename":"/opt/airflow/dags/ingestion_dag.py","lineno":15,"logger":"py.warnings"}
{"timestamp":"2026-01-07T02:20:26.945244Z","level":"info","event":"Filling up the DagBag from /opt/airflow/dags/ingestion_dag.py","logger":"airflow.models.dagbag.DagBag","filename":"dagbag.py","lineno":593}
{"timestamp":"2026-01-07T02:20:27.318881Z","level":"warning","event":"The `airflow.operators.empty.EmptyOperator` attribute is deprecated. Please use `'airflow.providers.standard.operators.empty.EmptyOperator'`.","category":"DeprecatedImportWarning","filename":"/opt/airflow/dags/ingestion_dag.py","lineno":15,"logger":"py.warnings"}
{"timestamp":"2026-01-07T02:20:57.454860Z","level":"info","event":"Filling up the DagBag from /opt/airflow/dags/ingestion_dag.py","logger":"airflow.models.dagbag.DagBag","filename":"dagbag.py","lineno":593}
{"timestamp":"2026-01-07T02:20:57.797903Z","level":"warning","event":"The `airflow.operators.empty.EmptyOperator` attribute is deprecated. Please use `'airflow.providers.standard.operators.empty.EmptyOperator'`.","category":"DeprecatedImportWarning","filename":"/opt/airflow/dags/ingestion_dag.py","lineno":15,"logger":"py.warnings"}
{"timestamp":"2026-01-07T02:21:28.636186Z","level":"info","event":"Filling up the DagBag from /opt/airflow/dags/ingestion_dag.py","logger":"airflow.models.dagbag.DagBag","filename":"dagbag.py","lineno":593}
{"timestamp":"2026-01-07T02:21:29.262252Z","level":"warning","event":"The `airflow.operators.empty.EmptyOperator` attribute is deprecated. Please use `'airflow.providers.standard.operators.empty.EmptyOperator'`.","category":"DeprecatedImportWarning","filename":"/opt/airflow/dags/ingestion_dag.py","lineno":15,"logger":"py.warnings"}
{"timestamp":"2026-01-07T02:22:00.223704Z","level":"info","event":"Filling up the DagBag from /opt/airflow/dags/ingestion_dag.py","logger":"airflow.models.dagbag.DagBag","filename":"dagbag.py","lineno":593}
{"timestamp":"2026-01-07T02:22:00.557100Z","level":"warning","event":"The `airflow.operators.empty.EmptyOperator` attribute is deprecated. Please use `'airflow.providers.standard.operators.empty.EmptyOperator'`.","category":"DeprecatedImportWarning","filename":"/opt/airflow/dags/ingestion_dag.py","lineno":15,"logger":"py.warnings"}
{"timestamp":"2026-01-07T02:22:31.023649Z","level":"info","event":"Filling up the DagBag from /opt/airflow/dags/ingestion_dag.py","logger":"airflow.models.dagbag.DagBag","filename":"dagbag.py","lineno":593}
{"timestamp":"2026-01-07T02:22:31.370082Z","level":"warning","event":"The `airflow.operators.empty.EmptyOperator` attribute is deprecated. Please use `'airflow.providers.standard.operators.empty.EmptyOperator'`.","category":"DeprecatedImportWarning","filename":"/opt/airflow/dags/ingestion_dag.py","lineno":15,"logger":"py.warnings"}
{"timestamp":"2026-01-07T02:24:52.031416Z","level":"info","event":"Filling up the DagBag from /opt/airflow/dags/ingestion_dag.py","logger":"airflow.models.dagbag.DagBag","filename":"dagbag.py","lineno":593}
{"timestamp":"2026-01-07T02:24:52.461665Z","level":"warning","event":"The `airflow.operators.empty.EmptyOperator` attribute is deprecated. Please use `'airflow.providers.standard.operators.empty.EmptyOperator'`.","category":"DeprecatedImportWarning","filename":"/opt/airflow/dags/ingestion_dag.py","lineno":15,"logger":"py.warnings"}
{"timestamp":"2026-01-07T02:25:23.452119Z","level":"info","event":"Filling up the DagBag from /opt/airflow/dags/ingestion_dag.py","logger":"airflow.models.dagbag.DagBag","filename":"dagbag.py","lineno":593}
{"timestamp":"2026-01-07T02:25:23.880726Z","level":"warning","event":"The `airflow.operators.empty.EmptyOperator` attribute is deprecated. Please use `'airflow.providers.standard.operators.empty.EmptyOperator'`.","category":"DeprecatedImportWarning","filename":"/opt/airflow/dags/ingestion_dag.py","lineno":15,"logger":"py.warnings"}
{"timestamp":"2026-01-07T02:25:54.508596Z","level":"info","event":"Filling up the DagBag from /opt/airflow/dags/ingestion_dag.py","logger":"airflow.models.dagbag.DagBag","filename":"dagbag.py","lineno":593}
{"timestamp":"2026-01-07T02:25:54.878768Z","level":"warning","event":"The `airflow.operators.empty.EmptyOperator` attribute is deprecated. Please use `'airflow.providers.standard.operators.empty.EmptyOperator'`.","category":"DeprecatedImportWarning","filename":"/opt/airflow/dags/ingestion_dag.py","lineno":15,"logger":"py.warnings"}
{"timestamp":"2026-01-07T02:26:25.420571Z","level":"info","event":"Filling up the DagBag from /opt/airflow/dags/ingestion_dag.py","logger":"airflow.models.dagbag.DagBag","filename":"dagbag.py","lineno":593}
{"timestamp":"2026-01-07T02:26:25.927931Z","level":"warning","event":"The `airflow.operators.empty.EmptyOperator` attribute is deprecated. Please use `'airflow.providers.standard.operators.empty.EmptyOperator'`.","category":"DeprecatedImportWarning","filename":"/opt/airflow/dags/ingestion_dag.py","lineno":15,"logger":"py.warnings"}
{"timestamp":"2026-01-07T02:27:04.610078Z","level":"info","event":"Filling up the DagBag from /opt/airflow/dags/ingestion_dag.py","logger":"airflow.models.dagbag.DagBag","filename":"dagbag.py","lineno":593}
{"timestamp":"2026-01-07T02:27:05.119480Z","level":"warning","event":"The `airflow.operators.empty.EmptyOperator` attribute is deprecated. Please use `'airflow.providers.standard.operators.empty.EmptyOperator'`.","category":"DeprecatedImportWarning","filename":"/opt/airflow/dags/ingestion_dag.py","lineno":15,"logger":"py.warnings"}
{"timestamp":"2026-01-07T02:27:41.821243Z","level":"info","event":"Filling up the DagBag from /opt/airflow/dags/ingestion_dag.py","logger":"airflow.models.dagbag.DagBag","filename":"dagbag.py","lineno":593}
{"timestamp":"2026-01-07T02:27:42.725171Z","level":"warning","event":"The `airflow.operators.empty.EmptyOperator` attribute is deprecated. Please use `'airflow.providers.standard.operators.empty.EmptyOperator'`.","category":"DeprecatedImportWarning","filename":"/opt/airflow/dags/ingestion_dag.py","lineno":15,"logger":"py.warnings"}
{"timestamp":"2026-01-07T02:28:13.590203Z","level":"info","event":"Filling up the DagBag from /opt/airflow/dags/ingestion_dag.py","logger":"airflow.models.dagbag.DagBag","filename":"dagbag.py","lineno":593}
{"timestamp":"2026-01-07T02:28:14.313590Z","level":"warning","event":"The `airflow.operators.empty.EmptyOperator` attribute is deprecated. Please use `'airflow.providers.standard.operators.empty.EmptyOperator'`.","category":"DeprecatedImportWarning","filename":"/opt/airflow/dags/ingestion_dag.py","lineno":15,"logger":"py.warnings"}
{"timestamp":"2026-01-07T02:28:44.543350Z","level":"info","event":"Filling up the DagBag from /opt/airflow/dags/ingestion_dag.py","logger":"airflow.models.dagbag.DagBag","filename":"dagbag.py","lineno":593}
{"timestamp":"2026-01-07T02:28:45.288633Z","level":"warning","event":"The `airflow.operators.empty.EmptyOperator` attribute is deprecated. Please use `'airflow.providers.standard.operators.empty.EmptyOperator'`.","category":"DeprecatedImportWarning","filename":"/opt/airflow/dags/ingestion_dag.py","lineno":15,"logger":"py.warnings"}
{"timestamp":"2026-01-07T02:29:17.275956Z","level":"info","event":"Filling up the DagBag from /opt/airflow/dags/ingestion_dag.py","logger":"airflow.models.dagbag.DagBag","filename":"dagbag.py","lineno":593}
{"timestamp":"2026-01-07T02:29:18.498384Z","level":"warning","event":"The `airflow.operators.empty.EmptyOperator` attribute is deprecated. Please use `'airflow.providers.standard.operators.empty.EmptyOperator'`.","category":"DeprecatedImportWarning","filename":"/opt/airflow/dags/ingestion_dag.py","lineno":15,"logger":"py.warnings"}
{"timestamp":"2026-01-07T02:29:49.439731Z","level":"info","event":"Filling up the DagBag from /opt/airflow/dags/ingestion_dag.py","logger":"airflow.models.dagbag.DagBag","filename":"dagbag.py","lineno":593}
{"timestamp":"2026-01-07T02:29:49.869849Z","level":"warning","event":"The `airflow.operators.empty.EmptyOperator` attribute is deprecated. Please use `'airflow.providers.standard.operators.empty.EmptyOperator'`.","category":"DeprecatedImportWarning","filename":"/opt/airflow/dags/ingestion_dag.py","lineno":15,"logger":"py.warnings"}
{"timestamp":"2026-01-07T02:30:20.877302Z","level":"info","event":"Filling up the DagBag from /opt/airflow/dags/ingestion_dag.py","logger":"airflow.models.dagbag.DagBag","filename":"dagbag.py","lineno":593}
{"timestamp":"2026-01-07T02:30:21.264421Z","level":"warning","event":"The `airflow.operators.empty.EmptyOperator` attribute is deprecated. Please use `'airflow.providers.standard.operators.empty.EmptyOperator'`.","category":"DeprecatedImportWarning","filename":"/opt/airflow/dags/ingestion_dag.py","lineno":15,"logger":"py.warnings"}
{"timestamp":"2026-01-07T02:30:51.769280Z","level":"info","event":"Filling up the DagBag from /opt/airflow/dags/ingestion_dag.py","logger":"airflow.models.dagbag.DagBag","filename":"dagbag.py","lineno":593}
{"timestamp":"2026-01-07T02:30:52.141169Z","level":"warning","event":"The `airflow.operators.empty.EmptyOperator` attribute is deprecated. Please use `'airflow.providers.standard.operators.empty.EmptyOperator'`.","category":"DeprecatedImportWarning","filename":"/opt/airflow/dags/ingestion_dag.py","lineno":15,"logger":"py.warnings"}
{"timestamp":"2026-01-07T02:31:22.299924Z","level":"info","event":"Filling up the DagBag from /opt/airflow/dags/ingestion_dag.py","logger":"airflow.models.dagbag.DagBag","filename":"dagbag.py","lineno":593}
{"timestamp":"2026-01-07T02:31:22.743457Z","level":"warning","event":"The `airflow.operators.empty.EmptyOperator` attribute is deprecated. Please use `'airflow.providers.standard.operators.empty.EmptyOperator'`.","category":"DeprecatedImportWarning","filename":"/opt/airflow/dags/ingestion_dag.py","lineno":15,"logger":"py.warnings"}
{"timestamp":"2026-01-07T02:31:53.382715Z","level":"info","event":"Filling up the DagBag from /opt/airflow/dags/ingestion_dag.py","logger":"airflow.models.dagbag.DagBag","filename":"dagbag.py","lineno":593}
{"timestamp":"2026-01-07T02:31:53.765744Z","level":"warning","event":"The `airflow.operators.empty.EmptyOperator` attribute is deprecated. Please use `'airflow.providers.standard.operators.empty.EmptyOperator'`.","category":"DeprecatedImportWarning","filename":"/opt/airflow/dags/ingestion_dag.py","lineno":15,"logger":"py.warnings"}
{"timestamp":"2026-01-07T02:32:24.154607Z","level":"info","event":"Filling up the DagBag from /opt/airflow/dags/ingestion_dag.py","logger":"airflow.models.dagbag.DagBag","filename":"dagbag.py","lineno":593}
{"timestamp":"2026-01-07T02:32:24.516442Z","level":"warning","event":"The `airflow.operators.empty.EmptyOperator` attribute is deprecated. Please use `'airflow.providers.standard.operators.empty.EmptyOperator'`.","category":"DeprecatedImportWarning","filename":"/opt/airflow/dags/ingestion_dag.py","lineno":15,"logger":"py.warnings"}
{"timestamp":"2026-01-07T02:32:54.949545Z","level":"info","event":"Filling up the DagBag from /opt/airflow/dags/ingestion_dag.py","logger":"airflow.models.dagbag.DagBag","filename":"dagbag.py","lineno":593}
{"timestamp":"2026-01-07T02:32:55.305141Z","level":"warning","event":"The `airflow.operators.empty.EmptyOperator` attribute is deprecated. Please use `'airflow.providers.standard.operators.empty.EmptyOperator'`.","category":"DeprecatedImportWarning","filename":"/opt/airflow/dags/ingestion_dag.py","lineno":15,"logger":"py.warnings"}
{"timestamp":"2026-01-07T02:33:26.284529Z","level":"info","event":"Filling up the DagBag from /opt/airflow/dags/ingestion_dag.py","logger":"airflow.models.dagbag.DagBag","filename":"dagbag.py","lineno":593}
{"timestamp":"2026-01-07T02:33:26.608295Z","level":"warning","event":"The `airflow.operators.empty.EmptyOperator` attribute is deprecated. Please use `'airflow.providers.standard.operators.empty.EmptyOperator'`.","category":"DeprecatedImportWarning","filename":"/opt/airflow/dags/ingestion_dag.py","lineno":15,"logger":"py.warnings"}
{"timestamp":"2026-01-07T02:33:57.053888Z","level":"info","event":"Filling up the DagBag from /opt/airflow/dags/ingestion_dag.py","logger":"airflow.models.dagbag.DagBag","filename":"dagbag.py","lineno":593}
{"timestamp":"2026-01-07T02:33:57.358702Z","level":"warning","event":"The `airflow.operators.empty.EmptyOperator` attribute is deprecated. Please use `'airflow.providers.standard.operators.empty.EmptyOperator'`.","category":"DeprecatedImportWarning","filename":"/opt/airflow/dags/ingestion_dag.py","lineno":15,"logger":"py.warnings"}
{"timestamp":"2026-01-07T02:34:28.171295Z","level":"info","event":"Filling up the DagBag from /opt/airflow/dags/ingestion_dag.py","logger":"airflow.models.dagbag.DagBag","filename":"dagbag.py","lineno":593}
{"timestamp":"2026-01-07T02:34:28.665025Z","level":"warning","event":"The `airflow.operators.empty.EmptyOperator` attribute is deprecated. Please use `'airflow.providers.standard.operators.empty.EmptyOperator'`.","category":"DeprecatedImportWarning","filename":"/opt/airflow/dags/ingestion_dag.py","lineno":15,"logger":"py.warnings"}
{"timestamp":"2026-01-07T02:36:18.709924Z","level":"info","event":"Filling up the DagBag from /opt/airflow/dags/ingestion_dag.py","logger":"airflow.models.dagbag.DagBag","filename":"dagbag.py","lineno":593}
{"timestamp":"2026-01-07T02:36:19.175388Z","level":"warning","event":"The `airflow.operators.empty.EmptyOperator` attribute is deprecated. Please use `'airflow.providers.standard.operators.empty.EmptyOperator'`.","category":"DeprecatedImportWarning","filename":"/opt/airflow/dags/ingestion_dag.py","lineno":15,"logger":"py.warnings"}
{"timestamp":"2026-01-07T02:36:49.983466Z","level":"info","event":"Filling up the DagBag from /opt/airflow/dags/ingestion_dag.py","logger":"airflow.models.dagbag.DagBag","filename":"dagbag.py","lineno":593}
{"timestamp":"2026-01-07T02:36:50.468995Z","level":"warning","event":"The `airflow.operators.empty.EmptyOperator` attribute is deprecated. Please use `'airflow.providers.standard.operators.empty.EmptyOperator'`.","category":"DeprecatedImportWarning","filename":"/opt/airflow/dags/ingestion_dag.py","lineno":15,"logger":"py.warnings"}
{"timestamp":"2026-01-07T02:37:20.776826Z","level":"info","event":"Filling up the DagBag from /opt/airflow/dags/ingestion_dag.py","logger":"airflow.models.dagbag.DagBag","filename":"dagbag.py","lineno":593}
{"timestamp":"2026-01-07T02:37:21.422387Z","level":"warning","event":"The `airflow.operators.empty.EmptyOperator` attribute is deprecated. Please use `'airflow.providers.standard.operators.empty.EmptyOperator'`.","category":"DeprecatedImportWarning","filename":"/opt/airflow/dags/ingestion_dag.py","lineno":15,"logger":"py.warnings"}
{"timestamp":"2026-01-07T02:37:52.183263Z","level":"info","event":"Filling up the DagBag from /opt/airflow/dags/ingestion_dag.py","logger":"airflow.models.dagbag.DagBag","filename":"dagbag.py","lineno":593}
{"timestamp":"2026-01-07T02:37:52.624751Z","level":"warning","event":"The `airflow.operators.empty.EmptyOperator` attribute is deprecated. Please use `'airflow.providers.standard.operators.empty.EmptyOperator'`.","category":"DeprecatedImportWarning","filename":"/opt/airflow/dags/ingestion_dag.py","lineno":15,"logger":"py.warnings"}
{"timestamp":"2026-01-07T02:38:23.616979Z","level":"info","event":"Filling up the DagBag from /opt/airflow/dags/ingestion_dag.py","logger":"airflow.models.dagbag.DagBag","filename":"dagbag.py","lineno":593}
{"timestamp":"2026-01-07T02:38:23.993445Z","level":"warning","event":"The `airflow.operators.empty.EmptyOperator` attribute is deprecated. Please use `'airflow.providers.standard.operators.empty.EmptyOperator'`.","category":"DeprecatedImportWarning","filename":"/opt/airflow/dags/ingestion_dag.py","lineno":15,"logger":"py.warnings"}
{"timestamp":"2026-01-07T02:38:55.085202Z","level":"info","event":"Filling up the DagBag from /opt/airflow/dags/ingestion_dag.py","logger":"airflow.models.dagbag.DagBag","filename":"dagbag.py","lineno":593}
{"timestamp":"2026-01-07T02:38:55.463309Z","level":"warning","event":"The `airflow.operators.empty.EmptyOperator` attribute is deprecated. Please use `'airflow.providers.standard.operators.empty.EmptyOperator'`.","category":"DeprecatedImportWarning","filename":"/opt/airflow/dags/ingestion_dag.py","lineno":15,"logger":"py.warnings"}
{"timestamp":"2026-01-07T02:39:25.649154Z","level":"info","event":"Filling up the DagBag from /opt/airflow/dags/ingestion_dag.py","logger":"airflow.models.dagbag.DagBag","filename":"dagbag.py","lineno":593}
{"timestamp":"2026-01-07T02:39:26.043923Z","level":"warning","event":"The `airflow.operators.empty.EmptyOperator` attribute is deprecated. Please use `'airflow.providers.standard.operators.empty.EmptyOperator'`.","category":"DeprecatedImportWarning","filename":"/opt/airflow/dags/ingestion_dag.py","lineno":15,"logger":"py.warnings"}
{"timestamp":"2026-01-07T02:39:56.436739Z","level":"info","event":"Filling up the DagBag from /opt/airflow/dags/ingestion_dag.py","logger":"airflow.models.dagbag.DagBag","filename":"dagbag.py","lineno":593}
{"timestamp":"2026-01-07T02:39:57.113021Z","level":"warning","event":"The `airflow.operators.empty.EmptyOperator` attribute is deprecated. Please use `'airflow.providers.standard.operators.empty.EmptyOperator'`.","category":"DeprecatedImportWarning","filename":"/opt/airflow/dags/ingestion_dag.py","lineno":15,"logger":"py.warnings"}
{"timestamp":"2026-01-07T02:40:27.889192Z","level":"info","event":"Filling up the DagBag from /opt/airflow/dags/ingestion_dag.py","logger":"airflow.models.dagbag.DagBag","filename":"dagbag.py","lineno":593}
{"timestamp":"2026-01-07T02:40:28.810774Z","level":"warning","event":"The `airflow.operators.empty.EmptyOperator` attribute is deprecated. Please use `'airflow.providers.standard.operators.empty.EmptyOperator'`.","category":"DeprecatedImportWarning","filename":"/opt/airflow/dags/ingestion_dag.py","lineno":15,"logger":"py.warnings"}
{"timestamp":"2026-01-07T02:40:59.823962Z","level":"info","event":"Filling up the DagBag from /opt/airflow/dags/ingestion_dag.py","logger":"airflow.models.dagbag.DagBag","filename":"dagbag.py","lineno":593}
{"timestamp":"2026-01-07T02:41:01.042163Z","level":"warning","event":"The `airflow.operators.empty.EmptyOperator` attribute is deprecated. Please use `'airflow.providers.standard.operators.empty.EmptyOperator'`.","category":"DeprecatedImportWarning","filename":"/opt/airflow/dags/ingestion_dag.py","lineno":15,"logger":"py.warnings"}
{"timestamp":"2026-01-07T02:41:31.353244Z","level":"info","event":"Filling up the DagBag from /opt/airflow/dags/ingestion_dag.py","logger":"airflow.models.dagbag.DagBag","filename":"dagbag.py","lineno":593}
{"timestamp":"2026-01-07T02:41:32.067821Z","level":"warning","event":"The `airflow.operators.empty.EmptyOperator` attribute is deprecated. Please use `'airflow.providers.standard.operators.empty.EmptyOperator'`.","category":"DeprecatedImportWarning","filename":"/opt/airflow/dags/ingestion_dag.py","lineno":15,"logger":"py.warnings"}
{"timestamp":"2026-01-07T02:42:02.445509Z","level":"info","event":"Filling up the DagBag from /opt/airflow/dags/ingestion_dag.py","logger":"airflow.models.dagbag.DagBag","filename":"dagbag.py","lineno":593}
{"timestamp":"2026-01-07T02:42:02.874080Z","level":"warning","event":"The `airflow.operators.empty.EmptyOperator` attribute is deprecated. Please use `'airflow.providers.standard.operators.empty.EmptyOperator'`.","category":"DeprecatedImportWarning","filename":"/opt/airflow/dags/ingestion_dag.py","lineno":15,"logger":"py.warnings"}
{"timestamp":"2026-01-07T02:42:33.394830Z","level":"info","event":"Filling up the DagBag from /opt/airflow/dags/ingestion_dag.py","logger":"airflow.models.dagbag.DagBag","filename":"dagbag.py","lineno":593}
{"timestamp":"2026-01-07T02:42:33.733922Z","level":"warning","event":"The `airflow.operators.empty.EmptyOperator` attribute is deprecated. Please use `'airflow.providers.standard.operators.empty.EmptyOperator'`.","category":"DeprecatedImportWarning","filename":"/opt/airflow/dags/ingestion_dag.py","lineno":15,"logger":"py.warnings"}
{"timestamp":"2026-01-07T02:44:09.877649Z","level":"info","event":"Filling up the DagBag from /opt/airflow/dags/ingestion_dag.py","logger":"airflow.models.dagbag.DagBag","filename":"dagbag.py","lineno":593}
{"timestamp":"2026-01-07T02:44:10.478923Z","level":"warning","event":"The `airflow.operators.empty.EmptyOperator` attribute is deprecated. Please use `'airflow.providers.standard.operators.empty.EmptyOperator'`.","category":"DeprecatedImportWarning","filename":"/opt/airflow/dags/ingestion_dag.py","lineno":15,"logger":"py.warnings"}
{"timestamp":"2026-01-07T02:44:41.529653Z","level":"info","event":"Filling up the DagBag from /opt/airflow/dags/ingestion_dag.py","logger":"airflow.models.dagbag.DagBag","filename":"dagbag.py","lineno":593}
{"timestamp":"2026-01-07T02:44:42.167319Z","level":"warning","event":"The `airflow.operators.empty.EmptyOperator` attribute is deprecated. Please use `'airflow.providers.standard.operators.empty.EmptyOperator'`.","category":"DeprecatedImportWarning","filename":"/opt/airflow/dags/ingestion_dag.py","lineno":15,"logger":"py.warnings"}
{"timestamp":"2026-01-07T02:45:13.288173Z","level":"info","event":"Filling up the DagBag from /opt/airflow/dags/ingestion_dag.py","logger":"airflow.models.dagbag.DagBag","filename":"dagbag.py","lineno":593}
{"timestamp":"2026-01-07T02:45:13.815033Z","level":"warning","event":"The `airflow.operators.empty.EmptyOperator` attribute is deprecated. Please use `'airflow.providers.standard.operators.empty.EmptyOperator'`.","category":"DeprecatedImportWarning","filename":"/opt/airflow/dags/ingestion_dag.py","lineno":15,"logger":"py.warnings"}
{"timestamp":"2026-01-07T02:45:43.923902Z","level":"info","event":"Filling up the DagBag from /opt/airflow/dags/ingestion_dag.py","logger":"airflow.models.dagbag.DagBag","filename":"dagbag.py","lineno":593}
{"timestamp":"2026-01-07T02:45:44.355430Z","level":"warning","event":"The `airflow.operators.empty.EmptyOperator` attribute is deprecated. Please use `'airflow.providers.standard.operators.empty.EmptyOperator'`.","category":"DeprecatedImportWarning","filename":"/opt/airflow/dags/ingestion_dag.py","lineno":15,"logger":"py.warnings"}
{"timestamp":"2026-01-07T02:46:14.604965Z","level":"info","event":"Filling up the DagBag from /opt/airflow/dags/ingestion_dag.py","logger":"airflow.models.dagbag.DagBag","filename":"dagbag.py","lineno":593}
{"timestamp":"2026-01-07T02:46:15.204871Z","level":"warning","event":"The `airflow.operators.empty.EmptyOperator` attribute is deprecated. Please use `'airflow.providers.standard.operators.empty.EmptyOperator'`.","category":"DeprecatedImportWarning","filename":"/opt/airflow/dags/ingestion_dag.py","lineno":15,"logger":"py.warnings"}
{"timestamp":"2026-01-07T02:46:45.429278Z","level":"info","event":"Filling up the DagBag from /opt/airflow/dags/ingestion_dag.py","logger":"airflow.models.dagbag.DagBag","filename":"dagbag.py","lineno":593}
{"timestamp":"2026-01-07T02:46:46.089830Z","level":"warning","event":"The `airflow.operators.empty.EmptyOperator` attribute is deprecated. Please use `'airflow.providers.standard.operators.empty.EmptyOperator'`.","category":"DeprecatedImportWarning","filename":"/opt/airflow/dags/ingestion_dag.py","lineno":15,"logger":"py.warnings"}
{"timestamp":"2026-01-07T02:47:16.661371Z","level":"info","event":"Filling up the DagBag from /opt/airflow/dags/ingestion_dag.py","logger":"airflow.models.dagbag.DagBag","filename":"dagbag.py","lineno":593}
{"timestamp":"2026-01-07T02:47:17.331614Z","level":"warning","event":"The `airflow.operators.empty.EmptyOperator` attribute is deprecated. Please use `'airflow.providers.standard.operators.empty.EmptyOperator'`.","category":"DeprecatedImportWarning","filename":"/opt/airflow/dags/ingestion_dag.py","lineno":15,"logger":"py.warnings"}
{"timestamp":"2026-01-07T02:47:47.573714Z","level":"info","event":"Filling up the DagBag from /opt/airflow/dags/ingestion_dag.py","logger":"airflow.models.dagbag.DagBag","filename":"dagbag.py","lineno":593}
{"timestamp":"2026-01-07T02:47:48.217353Z","level":"warning","event":"The `airflow.operators.empty.EmptyOperator` attribute is deprecated. Please use `'airflow.providers.standard.operators.empty.EmptyOperator'`.","category":"DeprecatedImportWarning","filename":"/opt/airflow/dags/ingestion_dag.py","lineno":15,"logger":"py.warnings"}
{"timestamp":"2026-01-07T02:48:19.020166Z","level":"info","event":"Filling up the DagBag from /opt/airflow/dags/ingestion_dag.py","logger":"airflow.models.dagbag.DagBag","filename":"dagbag.py","lineno":593}
{"timestamp":"2026-01-07T02:48:19.403344Z","level":"warning","event":"The `airflow.operators.empty.EmptyOperator` attribute is deprecated. Please use `'airflow.providers.standard.operators.empty.EmptyOperator'`.","category":"DeprecatedImportWarning","filename":"/opt/airflow/dags/ingestion_dag.py","lineno":15,"logger":"py.warnings"}
{"timestamp":"2026-01-07T02:48:50.226924Z","level":"info","event":"Filling up the DagBag from /opt/airflow/dags/ingestion_dag.py","logger":"airflow.models.dagbag.DagBag","filename":"dagbag.py","lineno":593}
{"timestamp":"2026-01-07T02:48:50.601861Z","level":"warning","event":"The `airflow.operators.empty.EmptyOperator` attribute is deprecated. Please use `'airflow.providers.standard.operators.empty.EmptyOperator'`.","category":"DeprecatedImportWarning","filename":"/opt/airflow/dags/ingestion_dag.py","lineno":15,"logger":"py.warnings"}
{"timestamp":"2026-01-07T02:49:20.913183Z","level":"info","event":"Filling up the DagBag from /opt/airflow/dags/ingestion_dag.py","logger":"airflow.models.dagbag.DagBag","filename":"dagbag.py","lineno":593}
{"timestamp":"2026-01-07T02:49:21.251883Z","level":"warning","event":"The `airflow.operators.empty.EmptyOperator` attribute is deprecated. Please use `'airflow.providers.standard.operators.empty.EmptyOperator'`.","category":"DeprecatedImportWarning","filename":"/opt/airflow/dags/ingestion_dag.py","lineno":15,"logger":"py.warnings"}
{"timestamp":"2026-01-07T02:49:51.356236Z","level":"info","event":"Filling up the DagBag from /opt/airflow/dags/ingestion_dag.py","logger":"airflow.models.dagbag.DagBag","filename":"dagbag.py","lineno":593}
{"timestamp":"2026-01-07T02:49:51.671929Z","level":"warning","event":"The `airflow.operators.empty.EmptyOperator` attribute is deprecated. Please use `'airflow.providers.standard.operators.empty.EmptyOperator'`.","category":"DeprecatedImportWarning","filename":"/opt/airflow/dags/ingestion_dag.py","lineno":15,"logger":"py.warnings"}
{"timestamp":"2026-01-07T02:50:22.015461Z","level":"info","event":"Filling up the DagBag from /opt/airflow/dags/ingestion_dag.py","logger":"airflow.models.dagbag.DagBag","filename":"dagbag.py","lineno":593}
{"timestamp":"2026-01-07T02:50:22.627213Z","level":"warning","event":"The `airflow.operators.empty.EmptyOperator` attribute is deprecated. Please use `'airflow.providers.standard.operators.empty.EmptyOperator'`.","category":"DeprecatedImportWarning","filename":"/opt/airflow/dags/ingestion_dag.py","lineno":15,"logger":"py.warnings"}
{"timestamp":"2026-01-07T02:50:53.399456Z","level":"info","event":"Filling up the DagBag from /opt/airflow/dags/ingestion_dag.py","logger":"airflow.models.dagbag.DagBag","filename":"dagbag.py","lineno":593}
{"timestamp":"2026-01-07T02:50:53.738548Z","level":"warning","event":"The `airflow.operators.empty.EmptyOperator` attribute is deprecated. Please use `'airflow.providers.standard.operators.empty.EmptyOperator'`.","category":"DeprecatedImportWarning","filename":"/opt/airflow/dags/ingestion_dag.py","lineno":15,"logger":"py.warnings"}
{"timestamp":"2026-01-07T02:51:24.212857Z","level":"info","event":"Filling up the DagBag from /opt/airflow/dags/ingestion_dag.py","logger":"airflow.models.dagbag.DagBag","filename":"dagbag.py","lineno":593}
{"timestamp":"2026-01-07T02:51:24.547603Z","level":"warning","event":"The `airflow.operators.empty.EmptyOperator` attribute is deprecated. Please use `'airflow.providers.standard.operators.empty.EmptyOperator'`.","category":"DeprecatedImportWarning","filename":"/opt/airflow/dags/ingestion_dag.py","lineno":15,"logger":"py.warnings"}
{"timestamp":"2026-01-07T02:51:55.203228Z","level":"info","event":"Filling up the DagBag from /opt/airflow/dags/ingestion_dag.py","logger":"airflow.models.dagbag.DagBag","filename":"dagbag.py","lineno":593}
{"timestamp":"2026-01-07T02:51:55.556354Z","level":"warning","event":"The `airflow.operators.empty.EmptyOperator` attribute is deprecated. Please use `'airflow.providers.standard.operators.empty.EmptyOperator'`.","category":"DeprecatedImportWarning","filename":"/opt/airflow/dags/ingestion_dag.py","lineno":15,"logger":"py.warnings"}
{"timestamp":"2026-01-07T02:52:26.265207Z","level":"info","event":"Filling up the DagBag from /opt/airflow/dags/ingestion_dag.py","logger":"airflow.models.dagbag.DagBag","filename":"dagbag.py","lineno":593}
{"timestamp":"2026-01-07T02:52:26.604921Z","level":"warning","event":"The `airflow.operators.empty.EmptyOperator` attribute is deprecated. Please use `'airflow.providers.standard.operators.empty.EmptyOperator'`.","category":"DeprecatedImportWarning","filename":"/opt/airflow/dags/ingestion_dag.py","lineno":15,"logger":"py.warnings"}
{"timestamp":"2026-01-07T02:52:56.708499Z","level":"info","event":"Filling up the DagBag from /opt/airflow/dags/ingestion_dag.py","logger":"airflow.models.dagbag.DagBag","filename":"dagbag.py","lineno":593}
{"timestamp":"2026-01-07T02:52:57.081649Z","level":"warning","event":"The `airflow.operators.empty.EmptyOperator` attribute is deprecated. Please use `'airflow.providers.standard.operators.empty.EmptyOperator'`.","category":"DeprecatedImportWarning","filename":"/opt/airflow/dags/ingestion_dag.py","lineno":15,"logger":"py.warnings"}
{"timestamp":"2026-01-07T02:53:27.969741Z","level":"info","event":"Filling up the DagBag from /opt/airflow/dags/ingestion_dag.py","logger":"airflow.models.dagbag.DagBag","filename":"dagbag.py","lineno":593}
{"timestamp":"2026-01-07T02:53:28.301336Z","level":"warning","event":"The `airflow.operators.empty.EmptyOperator` attribute is deprecated. Please use `'airflow.providers.standard.operators.empty.EmptyOperator'`.","category":"DeprecatedImportWarning","filename":"/opt/airflow/dags/ingestion_dag.py","lineno":15,"logger":"py.warnings"}
{"timestamp":"2026-01-07T02:53:58.549115Z","level":"info","event":"Filling up the DagBag from /opt/airflow/dags/ingestion_dag.py","logger":"airflow.models.dagbag.DagBag","filename":"dagbag.py","lineno":593}
{"timestamp":"2026-01-07T02:53:58.879149Z","level":"warning","event":"The `airflow.operators.empty.EmptyOperator` attribute is deprecated. Please use `'airflow.providers.standard.operators.empty.EmptyOperator'`.","category":"DeprecatedImportWarning","filename":"/opt/airflow/dags/ingestion_dag.py","lineno":15,"logger":"py.warnings"}
{"timestamp":"2026-01-07T02:54:29.396446Z","level":"info","event":"Filling up the DagBag from /opt/airflow/dags/ingestion_dag.py","logger":"airflow.models.dagbag.DagBag","filename":"dagbag.py","lineno":593}
{"timestamp":"2026-01-07T02:54:29.709821Z","level":"warning","event":"The `airflow.operators.empty.EmptyOperator` attribute is deprecated. Please use `'airflow.providers.standard.operators.empty.EmptyOperator'`.","category":"DeprecatedImportWarning","filename":"/opt/airflow/dags/ingestion_dag.py","lineno":15,"logger":"py.warnings"}
{"timestamp":"2026-01-07T02:54:59.898366Z","level":"info","event":"Filling up the DagBag from /opt/airflow/dags/ingestion_dag.py","logger":"airflow.models.dagbag.DagBag","filename":"dagbag.py","lineno":593}
{"timestamp":"2026-01-07T02:55:00.223711Z","level":"warning","event":"The `airflow.operators.empty.EmptyOperator` attribute is deprecated. Please use `'airflow.providers.standard.operators.empty.EmptyOperator'`.","category":"DeprecatedImportWarning","filename":"/opt/airflow/dags/ingestion_dag.py","lineno":15,"logger":"py.warnings"}
{"timestamp":"2026-01-07T02:55:30.675307Z","level":"info","event":"Filling up the DagBag from /opt/airflow/dags/ingestion_dag.py","logger":"airflow.models.dagbag.DagBag","filename":"dagbag.py","lineno":593}
{"timestamp":"2026-01-07T02:55:31.025350Z","level":"warning","event":"The `airflow.operators.empty.EmptyOperator` attribute is deprecated. Please use `'airflow.providers.standard.operators.empty.EmptyOperator'`.","category":"DeprecatedImportWarning","filename":"/opt/airflow/dags/ingestion_dag.py","lineno":15,"logger":"py.warnings"}
{"timestamp":"2026-01-07T02:56:02.073170Z","level":"info","event":"Filling up the DagBag from /opt/airflow/dags/ingestion_dag.py","logger":"airflow.models.dagbag.DagBag","filename":"dagbag.py","lineno":593}
{"timestamp":"2026-01-07T02:56:02.413885Z","level":"warning","event":"The `airflow.operators.empty.EmptyOperator` attribute is deprecated. Please use `'airflow.providers.standard.operators.empty.EmptyOperator'`.","category":"DeprecatedImportWarning","filename":"/opt/airflow/dags/ingestion_dag.py","lineno":15,"logger":"py.warnings"}
{"timestamp":"2026-01-07T02:56:33.111629Z","level":"info","event":"Filling up the DagBag from /opt/airflow/dags/ingestion_dag.py","logger":"airflow.models.dagbag.DagBag","filename":"dagbag.py","lineno":593}
{"timestamp":"2026-01-07T02:56:33.469741Z","level":"warning","event":"The `airflow.operators.empty.EmptyOperator` attribute is deprecated. Please use `'airflow.providers.standard.operators.empty.EmptyOperator'`.","category":"DeprecatedImportWarning","filename":"/opt/airflow/dags/ingestion_dag.py","lineno":15,"logger":"py.warnings"}
{"timestamp":"2026-01-07T02:57:03.719383Z","level":"info","event":"Filling up the DagBag from /opt/airflow/dags/ingestion_dag.py","logger":"airflow.models.dagbag.DagBag","filename":"dagbag.py","lineno":593}
{"timestamp":"2026-01-07T02:57:04.130306Z","level":"warning","event":"The `airflow.operators.empty.EmptyOperator` attribute is deprecated. Please use `'airflow.providers.standard.operators.empty.EmptyOperator'`.","category":"DeprecatedImportWarning","filename":"/opt/airflow/dags/ingestion_dag.py","lineno":15,"logger":"py.warnings"}
{"timestamp":"2026-01-07T02:57:34.521650Z","level":"info","event":"Filling up the DagBag from /opt/airflow/dags/ingestion_dag.py","logger":"airflow.models.dagbag.DagBag","filename":"dagbag.py","lineno":593}
{"timestamp":"2026-01-07T02:57:34.914730Z","level":"warning","event":"The `airflow.operators.empty.EmptyOperator` attribute is deprecated. Please use `'airflow.providers.standard.operators.empty.EmptyOperator'`.","category":"DeprecatedImportWarning","filename":"/opt/airflow/dags/ingestion_dag.py","lineno":15,"logger":"py.warnings"}
{"timestamp":"2026-01-07T02:58:05.516625Z","level":"info","event":"Filling up the DagBag from /opt/airflow/dags/ingestion_dag.py","logger":"airflow.models.dagbag.DagBag","filename":"dagbag.py","lineno":593}
{"timestamp":"2026-01-07T02:58:05.892564Z","level":"warning","event":"The `airflow.operators.empty.EmptyOperator` attribute is deprecated. Please use `'airflow.providers.standard.operators.empty.EmptyOperator'`.","category":"DeprecatedImportWarning","filename":"/opt/airflow/dags/ingestion_dag.py","lineno":15,"logger":"py.warnings"}
{"timestamp":"2026-01-07T02:58:36.391580Z","level":"info","event":"Filling up the DagBag from /opt/airflow/dags/ingestion_dag.py","logger":"airflow.models.dagbag.DagBag","filename":"dagbag.py","lineno":593}
{"timestamp":"2026-01-07T02:58:36.753385Z","level":"warning","event":"The `airflow.operators.empty.EmptyOperator` attribute is deprecated. Please use `'airflow.providers.standard.operators.empty.EmptyOperator'`.","category":"DeprecatedImportWarning","filename":"/opt/airflow/dags/ingestion_dag.py","lineno":15,"logger":"py.warnings"}
{"timestamp":"2026-01-07T02:59:07.579965Z","level":"info","event":"Filling up the DagBag from /opt/airflow/dags/ingestion_dag.py","logger":"airflow.models.dagbag.DagBag","filename":"dagbag.py","lineno":593}
{"timestamp":"2026-01-07T02:59:07.961736Z","level":"warning","event":"The `airflow.operators.empty.EmptyOperator` attribute is deprecated. Please use `'airflow.providers.standard.operators.empty.EmptyOperator'`.","category":"DeprecatedImportWarning","filename":"/opt/airflow/dags/ingestion_dag.py","lineno":15,"logger":"py.warnings"}
{"timestamp":"2026-01-07T02:59:38.224872Z","level":"info","event":"Filling up the DagBag from /opt/airflow/dags/ingestion_dag.py","logger":"airflow.models.dagbag.DagBag","filename":"dagbag.py","lineno":593}
{"timestamp":"2026-01-07T02:59:38.568634Z","level":"warning","event":"The `airflow.operators.empty.EmptyOperator` attribute is deprecated. Please use `'airflow.providers.standard.operators.empty.EmptyOperator'`.","category":"DeprecatedImportWarning","filename":"/opt/airflow/dags/ingestion_dag.py","lineno":15,"logger":"py.warnings"}
{"timestamp":"2026-01-07T03:00:08.904844Z","level":"info","event":"Filling up the DagBag from /opt/airflow/dags/ingestion_dag.py","logger":"airflow.models.dagbag.DagBag","filename":"dagbag.py","lineno":593}
{"timestamp":"2026-01-07T03:00:09.261798Z","level":"warning","event":"The `airflow.operators.empty.EmptyOperator` attribute is deprecated. Please use `'airflow.providers.standard.operators.empty.EmptyOperator'`.","category":"DeprecatedImportWarning","filename":"/opt/airflow/dags/ingestion_dag.py","lineno":15,"logger":"py.warnings"}
{"timestamp":"2026-01-07T03:00:40.155217Z","level":"info","event":"Filling up the DagBag from /opt/airflow/dags/ingestion_dag.py","logger":"airflow.models.dagbag.DagBag","filename":"dagbag.py","lineno":593}
{"timestamp":"2026-01-07T03:00:40.476227Z","level":"warning","event":"The `airflow.operators.empty.EmptyOperator` attribute is deprecated. Please use `'airflow.providers.standard.operators.empty.EmptyOperator'`.","category":"DeprecatedImportWarning","filename":"/opt/airflow/dags/ingestion_dag.py","lineno":15,"logger":"py.warnings"}
{"timestamp":"2026-01-07T03:02:58.469044Z","level":"info","event":"Filling up the DagBag from /opt/airflow/dags/ingestion_dag.py","logger":"airflow.models.dagbag.DagBag","filename":"dagbag.py","lineno":593}
{"timestamp":"2026-01-07T03:02:59.219235Z","level":"warning","event":"The `airflow.operators.empty.EmptyOperator` attribute is deprecated. Please use `'airflow.providers.standard.operators.empty.EmptyOperator'`.","category":"DeprecatedImportWarning","filename":"/opt/airflow/dags/ingestion_dag.py","lineno":15,"logger":"py.warnings"}
{"timestamp":"2026-01-07T03:03:29.715058Z","level":"info","event":"Filling up the DagBag from /opt/airflow/dags/ingestion_dag.py","logger":"airflow.models.dagbag.DagBag","filename":"dagbag.py","lineno":593}
{"timestamp":"2026-01-07T03:03:30.196660Z","level":"warning","event":"The `airflow.operators.empty.EmptyOperator` attribute is deprecated. Please use `'airflow.providers.standard.operators.empty.EmptyOperator'`.","category":"DeprecatedImportWarning","filename":"/opt/airflow/dags/ingestion_dag.py","lineno":15,"logger":"py.warnings"}
{"timestamp":"2026-01-07T03:04:00.325647Z","level":"info","event":"Filling up the DagBag from /opt/airflow/dags/ingestion_dag.py","logger":"airflow.models.dagbag.DagBag","filename":"dagbag.py","lineno":593}
{"timestamp":"2026-01-07T03:04:00.938883Z","level":"warning","event":"The `airflow.operators.empty.EmptyOperator` attribute is deprecated. Please use `'airflow.providers.standard.operators.empty.EmptyOperator'`.","category":"DeprecatedImportWarning","filename":"/opt/airflow/dags/ingestion_dag.py","lineno":15,"logger":"py.warnings"}
{"timestamp":"2026-01-07T03:05:07.507061Z","level":"info","event":"Filling up the DagBag from /opt/airflow/dags/ingestion_dag.py","logger":"airflow.models.dagbag.DagBag","filename":"dagbag.py","lineno":593}
{"timestamp":"2026-01-07T03:05:07.968105Z","level":"warning","event":"The `airflow.operators.empty.EmptyOperator` attribute is deprecated. Please use `'airflow.providers.standard.operators.empty.EmptyOperator'`.","category":"DeprecatedImportWarning","filename":"/opt/airflow/dags/ingestion_dag.py","lineno":15,"logger":"py.warnings"}
{"timestamp":"2026-01-07T03:05:38.328846Z","level":"info","event":"Filling up the DagBag from /opt/airflow/dags/ingestion_dag.py","logger":"airflow.models.dagbag.DagBag","filename":"dagbag.py","lineno":593}
{"timestamp":"2026-01-07T03:05:38.770421Z","level":"warning","event":"The `airflow.operators.empty.EmptyOperator` attribute is deprecated. Please use `'airflow.providers.standard.operators.empty.EmptyOperator'`.","category":"DeprecatedImportWarning","filename":"/opt/airflow/dags/ingestion_dag.py","lineno":15,"logger":"py.warnings"}
{"timestamp":"2026-01-07T03:06:08.979089Z","level":"info","event":"Filling up the DagBag from /opt/airflow/dags/ingestion_dag.py","logger":"airflow.models.dagbag.DagBag","filename":"dagbag.py","lineno":593}
{"timestamp":"2026-01-07T03:06:09.345219Z","level":"warning","event":"The `airflow.operators.empty.EmptyOperator` attribute is deprecated. Please use `'airflow.providers.standard.operators.empty.EmptyOperator'`.","category":"DeprecatedImportWarning","filename":"/opt/airflow/dags/ingestion_dag.py","lineno":15,"logger":"py.warnings"}
{"timestamp":"2026-01-07T03:06:40.222012Z","level":"info","event":"Filling up the DagBag from /opt/airflow/dags/ingestion_dag.py","logger":"airflow.models.dagbag.DagBag","filename":"dagbag.py","lineno":593}
{"timestamp":"2026-01-07T03:06:40.590633Z","level":"warning","event":"The `airflow.operators.empty.EmptyOperator` attribute is deprecated. Please use `'airflow.providers.standard.operators.empty.EmptyOperator'`.","category":"DeprecatedImportWarning","filename":"/opt/airflow/dags/ingestion_dag.py","lineno":15,"logger":"py.warnings"}
{"timestamp":"2026-01-07T03:07:11.622427Z","level":"info","event":"Filling up the DagBag from /opt/airflow/dags/ingestion_dag.py","logger":"airflow.models.dagbag.DagBag","filename":"dagbag.py","lineno":593}
{"timestamp":"2026-01-07T03:07:12.053651Z","level":"warning","event":"The `airflow.operators.empty.EmptyOperator` attribute is deprecated. Please use `'airflow.providers.standard.operators.empty.EmptyOperator'`.","category":"DeprecatedImportWarning","filename":"/opt/airflow/dags/ingestion_dag.py","lineno":15,"logger":"py.warnings"}
{"timestamp":"2026-01-07T03:07:42.825782Z","level":"info","event":"Filling up the DagBag from /opt/airflow/dags/ingestion_dag.py","logger":"airflow.models.dagbag.DagBag","filename":"dagbag.py","lineno":593}
{"timestamp":"2026-01-07T03:07:43.207980Z","level":"warning","event":"The `airflow.operators.empty.EmptyOperator` attribute is deprecated. Please use `'airflow.providers.standard.operators.empty.EmptyOperator'`.","category":"DeprecatedImportWarning","filename":"/opt/airflow/dags/ingestion_dag.py","lineno":15,"logger":"py.warnings"}
{"timestamp":"2026-01-07T03:08:14.042851Z","level":"info","event":"Filling up the DagBag from /opt/airflow/dags/ingestion_dag.py","logger":"airflow.models.dagbag.DagBag","filename":"dagbag.py","lineno":593}
{"timestamp":"2026-01-07T03:08:14.433854Z","level":"warning","event":"The `airflow.operators.empty.EmptyOperator` attribute is deprecated. Please use `'airflow.providers.standard.operators.empty.EmptyOperator'`.","category":"DeprecatedImportWarning","filename":"/opt/airflow/dags/ingestion_dag.py","lineno":15,"logger":"py.warnings"}
{"timestamp":"2026-01-07T03:08:45.312921Z","level":"info","event":"Filling up the DagBag from /opt/airflow/dags/ingestion_dag.py","logger":"airflow.models.dagbag.DagBag","filename":"dagbag.py","lineno":593}
{"timestamp":"2026-01-07T03:08:45.751952Z","level":"warning","event":"The `airflow.operators.empty.EmptyOperator` attribute is deprecated. Please use `'airflow.providers.standard.operators.empty.EmptyOperator'`.","category":"DeprecatedImportWarning","filename":"/opt/airflow/dags/ingestion_dag.py","lineno":15,"logger":"py.warnings"}
{"timestamp":"2026-01-07T03:09:15.928092Z","level":"info","event":"Filling up the DagBag from /opt/airflow/dags/ingestion_dag.py","logger":"airflow.models.dagbag.DagBag","filename":"dagbag.py","lineno":593}
{"timestamp":"2026-01-07T03:09:16.328632Z","level":"warning","event":"The `airflow.operators.empty.EmptyOperator` attribute is deprecated. Please use `'airflow.providers.standard.operators.empty.EmptyOperator'`.","category":"DeprecatedImportWarning","filename":"/opt/airflow/dags/ingestion_dag.py","lineno":15,"logger":"py.warnings"}
{"timestamp":"2026-01-07T03:09:46.696765Z","level":"info","event":"Filling up the DagBag from /opt/airflow/dags/ingestion_dag.py","logger":"airflow.models.dagbag.DagBag","filename":"dagbag.py","lineno":593}
{"timestamp":"2026-01-07T03:09:47.050830Z","level":"warning","event":"The `airflow.operators.empty.EmptyOperator` attribute is deprecated. Please use `'airflow.providers.standard.operators.empty.EmptyOperator'`.","category":"DeprecatedImportWarning","filename":"/opt/airflow/dags/ingestion_dag.py","lineno":15,"logger":"py.warnings"}
{"timestamp":"2026-01-07T03:10:17.737685Z","level":"info","event":"Filling up the DagBag from /opt/airflow/dags/ingestion_dag.py","logger":"airflow.models.dagbag.DagBag","filename":"dagbag.py","lineno":593}
{"timestamp":"2026-01-07T03:10:18.095478Z","level":"warning","event":"The `airflow.operators.empty.EmptyOperator` attribute is deprecated. Please use `'airflow.providers.standard.operators.empty.EmptyOperator'`.","category":"DeprecatedImportWarning","filename":"/opt/airflow/dags/ingestion_dag.py","lineno":15,"logger":"py.warnings"}
{"timestamp":"2026-01-07T03:10:48.569305Z","level":"info","event":"Filling up the DagBag from /opt/airflow/dags/ingestion_dag.py","logger":"airflow.models.dagbag.DagBag","filename":"dagbag.py","lineno":593}
{"timestamp":"2026-01-07T03:10:48.870284Z","level":"warning","event":"The `airflow.operators.empty.EmptyOperator` attribute is deprecated. Please use `'airflow.providers.standard.operators.empty.EmptyOperator'`.","category":"DeprecatedImportWarning","filename":"/opt/airflow/dags/ingestion_dag.py","lineno":15,"logger":"py.warnings"}
{"timestamp":"2026-01-07T03:11:19.245732Z","level":"info","event":"Filling up the DagBag from /opt/airflow/dags/ingestion_dag.py","logger":"airflow.models.dagbag.DagBag","filename":"dagbag.py","lineno":593}
{"timestamp":"2026-01-07T03:11:19.567958Z","level":"warning","event":"The `airflow.operators.empty.EmptyOperator` attribute is deprecated. Please use `'airflow.providers.standard.operators.empty.EmptyOperator'`.","category":"DeprecatedImportWarning","filename":"/opt/airflow/dags/ingestion_dag.py","lineno":15,"logger":"py.warnings"}
{"timestamp":"2026-01-07T03:11:49.782254Z","level":"info","event":"Filling up the DagBag from /opt/airflow/dags/ingestion_dag.py","logger":"airflow.models.dagbag.DagBag","filename":"dagbag.py","lineno":593}
{"timestamp":"2026-01-07T03:11:50.103338Z","level":"warning","event":"The `airflow.operators.empty.EmptyOperator` attribute is deprecated. Please use `'airflow.providers.standard.operators.empty.EmptyOperator'`.","category":"DeprecatedImportWarning","filename":"/opt/airflow/dags/ingestion_dag.py","lineno":15,"logger":"py.warnings"}
{"timestamp":"2026-01-07T03:12:20.596575Z","level":"info","event":"Filling up the DagBag from /opt/airflow/dags/ingestion_dag.py","logger":"airflow.models.dagbag.DagBag","filename":"dagbag.py","lineno":593}
{"timestamp":"2026-01-07T03:12:20.936522Z","level":"warning","event":"The `airflow.operators.empty.EmptyOperator` attribute is deprecated. Please use `'airflow.providers.standard.operators.empty.EmptyOperator'`.","category":"DeprecatedImportWarning","filename":"/opt/airflow/dags/ingestion_dag.py","lineno":15,"logger":"py.warnings"}
{"timestamp":"2026-01-07T03:12:51.138285Z","level":"info","event":"Filling up the DagBag from /opt/airflow/dags/ingestion_dag.py","logger":"airflow.models.dagbag.DagBag","filename":"dagbag.py","lineno":593}
{"timestamp":"2026-01-07T03:12:51.488932Z","level":"warning","event":"The `airflow.operators.empty.EmptyOperator` attribute is deprecated. Please use `'airflow.providers.standard.operators.empty.EmptyOperator'`.","category":"DeprecatedImportWarning","filename":"/opt/airflow/dags/ingestion_dag.py","lineno":15,"logger":"py.warnings"}
{"timestamp":"2026-01-07T03:13:21.674512Z","level":"info","event":"Filling up the DagBag from /opt/airflow/dags/ingestion_dag.py","logger":"airflow.models.dagbag.DagBag","filename":"dagbag.py","lineno":593}
{"timestamp":"2026-01-07T03:13:22.060343Z","level":"warning","event":"The `airflow.operators.empty.EmptyOperator` attribute is deprecated. Please use `'airflow.providers.standard.operators.empty.EmptyOperator'`.","category":"DeprecatedImportWarning","filename":"/opt/airflow/dags/ingestion_dag.py","lineno":15,"logger":"py.warnings"}
{"timestamp":"2026-01-07T03:13:53.223121Z","level":"info","event":"Filling up the DagBag from /opt/airflow/dags/ingestion_dag.py","logger":"airflow.models.dagbag.DagBag","filename":"dagbag.py","lineno":593}
{"timestamp":"2026-01-07T03:13:53.923144Z","level":"warning","event":"The `airflow.operators.empty.EmptyOperator` attribute is deprecated. Please use `'airflow.providers.standard.operators.empty.EmptyOperator'`.","category":"DeprecatedImportWarning","filename":"/opt/airflow/dags/ingestion_dag.py","lineno":15,"logger":"py.warnings"}
{"timestamp":"2026-01-07T03:14:24.242632Z","level":"info","event":"Filling up the DagBag from /opt/airflow/dags/ingestion_dag.py","logger":"airflow.models.dagbag.DagBag","filename":"dagbag.py","lineno":593}
{"timestamp":"2026-01-07T03:14:24.790680Z","level":"warning","event":"The `airflow.operators.empty.EmptyOperator` attribute is deprecated. Please use `'airflow.providers.standard.operators.empty.EmptyOperator'`.","category":"DeprecatedImportWarning","filename":"/opt/airflow/dags/ingestion_dag.py","lineno":15,"logger":"py.warnings"}
{"timestamp":"2026-01-07T03:14:55.020262Z","level":"info","event":"Filling up the DagBag from /opt/airflow/dags/ingestion_dag.py","logger":"airflow.models.dagbag.DagBag","filename":"dagbag.py","lineno":593}
{"timestamp":"2026-01-07T03:14:55.787805Z","level":"warning","event":"The `airflow.operators.empty.EmptyOperator` attribute is deprecated. Please use `'airflow.providers.standard.operators.empty.EmptyOperator'`.","category":"DeprecatedImportWarning","filename":"/opt/airflow/dags/ingestion_dag.py","lineno":15,"logger":"py.warnings"}
{"timestamp":"2026-01-07T03:15:26.242498Z","level":"info","event":"Filling up the DagBag from /opt/airflow/dags/ingestion_dag.py","logger":"airflow.models.dagbag.DagBag","filename":"dagbag.py","lineno":593}
{"timestamp":"2026-01-07T03:15:26.902757Z","level":"warning","event":"The `airflow.operators.empty.EmptyOperator` attribute is deprecated. Please use `'airflow.providers.standard.operators.empty.EmptyOperator'`.","category":"DeprecatedImportWarning","filename":"/opt/airflow/dags/ingestion_dag.py","lineno":15,"logger":"py.warnings"}
{"timestamp":"2026-01-07T03:15:57.213313Z","level":"info","event":"Filling up the DagBag from /opt/airflow/dags/ingestion_dag.py","logger":"airflow.models.dagbag.DagBag","filename":"dagbag.py","lineno":593}
{"timestamp":"2026-01-07T03:15:57.769575Z","level":"warning","event":"The `airflow.operators.empty.EmptyOperator` attribute is deprecated. Please use `'airflow.providers.standard.operators.empty.EmptyOperator'`.","category":"DeprecatedImportWarning","filename":"/opt/airflow/dags/ingestion_dag.py","lineno":15,"logger":"py.warnings"}
{"timestamp":"2026-01-07T03:16:27.998905Z","level":"info","event":"Filling up the DagBag from /opt/airflow/dags/ingestion_dag.py","logger":"airflow.models.dagbag.DagBag","filename":"dagbag.py","lineno":593}
{"timestamp":"2026-01-07T03:16:28.326101Z","level":"warning","event":"The `airflow.operators.empty.EmptyOperator` attribute is deprecated. Please use `'airflow.providers.standard.operators.empty.EmptyOperator'`.","category":"DeprecatedImportWarning","filename":"/opt/airflow/dags/ingestion_dag.py","lineno":15,"logger":"py.warnings"}
{"timestamp":"2026-01-07T03:16:59.292999Z","level":"info","event":"Filling up the DagBag from /opt/airflow/dags/ingestion_dag.py","logger":"airflow.models.dagbag.DagBag","filename":"dagbag.py","lineno":593}
{"timestamp":"2026-01-07T03:16:59.635995Z","level":"warning","event":"The `airflow.operators.empty.EmptyOperator` attribute is deprecated. Please use `'airflow.providers.standard.operators.empty.EmptyOperator'`.","category":"DeprecatedImportWarning","filename":"/opt/airflow/dags/ingestion_dag.py","lineno":15,"logger":"py.warnings"}
{"timestamp":"2026-01-07T03:17:29.883867Z","level":"info","event":"Filling up the DagBag from /opt/airflow/dags/ingestion_dag.py","logger":"airflow.models.dagbag.DagBag","filename":"dagbag.py","lineno":593}
{"timestamp":"2026-01-07T03:17:30.231292Z","level":"warning","event":"The `airflow.operators.empty.EmptyOperator` attribute is deprecated. Please use `'airflow.providers.standard.operators.empty.EmptyOperator'`.","category":"DeprecatedImportWarning","filename":"/opt/airflow/dags/ingestion_dag.py","lineno":15,"logger":"py.warnings"}
{"timestamp":"2026-01-07T03:18:00.808471Z","level":"info","event":"Filling up the DagBag from /opt/airflow/dags/ingestion_dag.py","logger":"airflow.models.dagbag.DagBag","filename":"dagbag.py","lineno":593}
{"timestamp":"2026-01-07T03:18:01.152451Z","level":"warning","event":"The `airflow.operators.empty.EmptyOperator` attribute is deprecated. Please use `'airflow.providers.standard.operators.empty.EmptyOperator'`.","category":"DeprecatedImportWarning","filename":"/opt/airflow/dags/ingestion_dag.py","lineno":15,"logger":"py.warnings"}
{"timestamp":"2026-01-07T03:18:31.992782Z","level":"info","event":"Filling up the DagBag from /opt/airflow/dags/ingestion_dag.py","logger":"airflow.models.dagbag.DagBag","filename":"dagbag.py","lineno":593}
{"timestamp":"2026-01-07T03:18:32.311599Z","level":"warning","event":"The `airflow.operators.empty.EmptyOperator` attribute is deprecated. Please use `'airflow.providers.standard.operators.empty.EmptyOperator'`.","category":"DeprecatedImportWarning","filename":"/opt/airflow/dags/ingestion_dag.py","lineno":15,"logger":"py.warnings"}
{"timestamp":"2026-01-07T03:21:22.490588Z","level":"info","event":"Filling up the DagBag from /opt/airflow/dags/ingestion_dag.py","logger":"airflow.models.dagbag.DagBag","filename":"dagbag.py","lineno":593}
{"timestamp":"2026-01-07T03:21:53.439750Z","level":"info","event":"Filling up the DagBag from /opt/airflow/dags/ingestion_dag.py","logger":"airflow.models.dagbag.DagBag","filename":"dagbag.py","lineno":593}
{"timestamp":"2026-01-07T03:22:24.813467Z","level":"info","event":"Filling up the DagBag from /opt/airflow/dags/ingestion_dag.py","logger":"airflow.models.dagbag.DagBag","filename":"dagbag.py","lineno":593}
{"timestamp":"2026-01-07T03:22:56.500231Z","level":"info","event":"Filling up the DagBag from /opt/airflow/dags/ingestion_dag.py","logger":"airflow.models.dagbag.DagBag","filename":"dagbag.py","lineno":593}
{"timestamp":"2026-01-07T03:23:29.431717Z","level":"info","event":"Filling up the DagBag from /opt/airflow/dags/ingestion_dag.py","logger":"airflow.models.dagbag.DagBag","filename":"dagbag.py","lineno":593}
{"timestamp":"2026-01-07T03:24:01.569870Z","level":"info","event":"Filling up the DagBag from /opt/airflow/dags/ingestion_dag.py","logger":"airflow.models.dagbag.DagBag","filename":"dagbag.py","lineno":593}
{"timestamp":"2026-01-07T03:24:35.277023Z","level":"info","event":"Filling up the DagBag from /opt/airflow/dags/ingestion_dag.py","logger":"airflow.models.dagbag.DagBag","filename":"dagbag.py","lineno":593}
{"timestamp":"2026-01-07T03:25:06.602715Z","level":"info","event":"Filling up the DagBag from /opt/airflow/dags/ingestion_dag.py","logger":"airflow.models.dagbag.DagBag","filename":"dagbag.py","lineno":593}
{"timestamp":"2026-01-07T03:25:37.759774Z","level":"info","event":"Filling up the DagBag from /opt/airflow/dags/ingestion_dag.py","logger":"airflow.models.dagbag.DagBag","filename":"dagbag.py","lineno":593}
{"timestamp":"2026-01-07T03:26:09.018037Z","level":"info","event":"Filling up the DagBag from /opt/airflow/dags/ingestion_dag.py","logger":"airflow.models.dagbag.DagBag","filename":"dagbag.py","lineno":593}
{"timestamp":"2026-01-07T03:26:40.116631Z","level":"info","event":"Filling up the DagBag from /opt/airflow/dags/ingestion_dag.py","logger":"airflow.models.dagbag.DagBag","filename":"dagbag.py","lineno":593}
{"timestamp":"2026-01-07T03:27:11.166223Z","level":"info","event":"Filling up the DagBag from /opt/airflow/dags/ingestion_dag.py","logger":"airflow.models.dagbag.DagBag","filename":"dagbag.py","lineno":593}
{"timestamp":"2026-01-07T03:27:42.303839Z","level":"info","event":"Filling up the DagBag from /opt/airflow/dags/ingestion_dag.py","logger":"airflow.models.dagbag.DagBag","filename":"dagbag.py","lineno":593}
{"timestamp":"2026-01-07T03:28:13.427753Z","level":"info","event":"Filling up the DagBag from /opt/airflow/dags/ingestion_dag.py","logger":"airflow.models.dagbag.DagBag","filename":"dagbag.py","lineno":593}
{"timestamp":"2026-01-07T03:28:45.025197Z","level":"info","event":"Filling up the DagBag from /opt/airflow/dags/ingestion_dag.py","logger":"airflow.models.dagbag.DagBag","filename":"dagbag.py","lineno":593}
{"timestamp":"2026-01-07T03:29:15.987445Z","level":"info","event":"Filling up the DagBag from /opt/airflow/dags/ingestion_dag.py","logger":"airflow.models.dagbag.DagBag","filename":"dagbag.py","lineno":593}
{"timestamp":"2026-01-07T03:29:47.182089Z","level":"info","event":"Filling up the DagBag from /opt/airflow/dags/ingestion_dag.py","logger":"airflow.models.dagbag.DagBag","filename":"dagbag.py","lineno":593}
{"timestamp":"2026-01-07T03:30:17.997300Z","level":"info","event":"Filling up the DagBag from /opt/airflow/dags/ingestion_dag.py","logger":"airflow.models.dagbag.DagBag","filename":"dagbag.py","lineno":593}
{"timestamp":"2026-01-07T03:30:48.906634Z","level":"info","event":"Filling up the DagBag from /opt/airflow/dags/ingestion_dag.py","logger":"airflow.models.dagbag.DagBag","filename":"dagbag.py","lineno":593}
{"timestamp":"2026-01-07T03:32:37.751357Z","level":"info","event":"Filling up the DagBag from /opt/airflow/dags/ingestion_dag.py","logger":"airflow.models.dagbag.DagBag","filename":"dagbag.py","lineno":593}
{"timestamp":"2026-01-07T03:33:08.864480Z","level":"info","event":"Filling up the DagBag from /opt/airflow/dags/ingestion_dag.py","logger":"airflow.models.dagbag.DagBag","filename":"dagbag.py","lineno":593}
{"timestamp":"2026-01-07T03:33:40.333168Z","level":"info","event":"Filling up the DagBag from /opt/airflow/dags/ingestion_dag.py","logger":"airflow.models.dagbag.DagBag","filename":"dagbag.py","lineno":593}
{"timestamp":"2026-01-07T03:34:11.089137Z","level":"info","event":"Filling up the DagBag from /opt/airflow/dags/ingestion_dag.py","logger":"airflow.models.dagbag.DagBag","filename":"dagbag.py","lineno":593}
{"timestamp":"2026-01-07T03:34:42.247971Z","level":"info","event":"Filling up the DagBag from /opt/airflow/dags/ingestion_dag.py","logger":"airflow.models.dagbag.DagBag","filename":"dagbag.py","lineno":593}
{"timestamp":"2026-01-07T03:35:15.473452Z","level":"info","event":"Filling up the DagBag from /opt/airflow/dags/ingestion_dag.py","logger":"airflow.models.dagbag.DagBag","filename":"dagbag.py","lineno":593}
{"timestamp":"2026-01-07T03:35:46.335544Z","level":"info","event":"Filling up the DagBag from /opt/airflow/dags/ingestion_dag.py","logger":"airflow.models.dagbag.DagBag","filename":"dagbag.py","lineno":593}
{"timestamp":"2026-01-07T03:36:17.561643Z","level":"info","event":"Filling up the DagBag from /opt/airflow/dags/ingestion_dag.py","logger":"airflow.models.dagbag.DagBag","filename":"dagbag.py","lineno":593}
{"timestamp":"2026-01-07T03:36:49.204068Z","level":"info","event":"Filling up the DagBag from /opt/airflow/dags/ingestion_dag.py","logger":"airflow.models.dagbag.DagBag","filename":"dagbag.py","lineno":593}
{"timestamp":"2026-01-07T03:37:19.756268Z","level":"info","event":"Filling up the DagBag from /opt/airflow/dags/ingestion_dag.py","logger":"airflow.models.dagbag.DagBag","filename":"dagbag.py","lineno":593}
