{"timestamp":"2025-12-19T11:05:52.108070Z","level":"info","event":"DAG bundles loaded: dags-folder","logger":"airflow.dag_processing.bundles.manager.DagBundlesManager","filename":"manager.py","lineno":179}
{"timestamp":"2025-12-19T11:05:52.109690Z","level":"info","event":"Filling up the DagBag from /opt/airflow/dags/new_tropes_dag.py","logger":"airflow.models.dagbag.DagBag","filename":"dagbag.py","lineno":593}
{"timestamp":"2025-12-19T11:05:52.549197Z","level":"info","event":"Starting apply_formatting step","logger":"root","filename":"new_tropes_dag.py","lineno":79}
{"timestamp":"2025-12-19T11:05:52.558531Z","level":"info","event":"Formatting title: (500) Days Of Summer","logger":"root","filename":"new_tropes_dag.py","lineno":66}
{"timestamp":"2025-12-19T11:05:52.558891Z","level":"info","event":"Formatting title: 10 Things I Hate About You","logger":"root","filename":"new_tropes_dag.py","lineno":66}
{"timestamp":"2025-12-19T11:05:52.559190Z","level":"info","event":"Formatting title: 101 Dalmations","logger":"root","filename":"new_tropes_dag.py","lineno":66}
{"timestamp":"2025-12-19T11:05:52.559254Z","level":"info","event":"Formatting title: 12","logger":"root","filename":"new_tropes_dag.py","lineno":66}
{"timestamp":"2025-12-19T11:05:52.559291Z","level":"info","event":"Formatting title: 12 And Holding","logger":"root","filename":"new_tropes_dag.py","lineno":66}
{"timestamp":"2025-12-19T11:05:52.559588Z","level":"info","event":"Formatting title: 12 Angry Men","logger":"root","filename":"new_tropes_dag.py","lineno":66}
{"timestamp":"2025-12-19T11:05:52.559683Z","level":"info","event":"Formatting title: 12 Monkeys","logger":"root","filename":"new_tropes_dag.py","lineno":66}
{"timestamp":"2025-12-19T11:05:52.559726Z","level":"info","event":"Formatting title: 12 Strong","logger":"root","filename":"new_tropes_dag.py","lineno":66}
{"timestamp":"2025-12-19T11:05:52.559867Z","level":"info","event":"Formatting title: 12 Years A Slave","logger":"root","filename":"new_tropes_dag.py","lineno":66}
{"timestamp":"2025-12-19T11:05:52.559945Z","level":"info","event":"Formatting title: 127 Hours","logger":"root","filename":"new_tropes_dag.py","lineno":66}
{"timestamp":"2025-12-19T11:05:52.560002Z","level":"info","event":"Formatting title: 1408","logger":"root","filename":"new_tropes_dag.py","lineno":66}
{"timestamp":"2025-12-19T11:05:52.560103Z","level":"info","event":"Formatting title: 1492 Conquest Of Paradise","logger":"root","filename":"new_tropes_dag.py","lineno":66}
{"timestamp":"2025-12-19T11:05:52.560240Z","level":"info","event":"Formatting title: 15 Minutes","logger":"root","filename":"new_tropes_dag.py","lineno":66}
{"timestamp":"2025-12-19T11:05:52.560283Z","level":"info","event":"Formatting title: 16 Blocks","logger":"root","filename":"new_tropes_dag.py","lineno":66}
{"timestamp":"2025-12-19T11:05:52.560337Z","level":"info","event":"Formatting title: 17 Again","logger":"root","filename":"new_tropes_dag.py","lineno":66}
{"timestamp":"2025-12-19T11:05:52.560389Z","level":"info","event":"Formatting title: 187","logger":"root","filename":"new_tropes_dag.py","lineno":66}
{"timestamp":"2025-12-19T11:05:52.560421Z","level":"info","event":"Formatting title: 1917","logger":"root","filename":"new_tropes_dag.py","lineno":66}
{"timestamp":"2025-12-19T11:05:52.560451Z","level":"info","event":"Formatting title: 2 Fast 2 Furious","logger":"root","filename":"new_tropes_dag.py","lineno":66}
{"timestamp":"2025-12-19T11:05:52.560479Z","level":"info","event":"Formatting title: 2001 A Space Odyssey","logger":"root","filename":"new_tropes_dag.py","lineno":66}
{"timestamp":"2025-12-19T11:05:52.560507Z","level":"info","event":"Formatting title: 2010 The Year We Make Contact","logger":"root","filename":"new_tropes_dag.py","lineno":66}
{"timestamp":"2025-12-19T11:05:52.560534Z","level":"info","event":"Formatting title: 2012","logger":"root","filename":"new_tropes_dag.py","lineno":66}
{"timestamp":"2025-12-19T11:05:52.560562Z","level":"info","event":"Formatting title: 20th Century Girl","logger":"root","filename":"new_tropes_dag.py","lineno":66}
{"timestamp":"2025-12-19T11:05:52.560598Z","level":"info","event":"Formatting title: 20th Century Women","logger":"root","filename":"new_tropes_dag.py","lineno":66}
{"timestamp":"2025-12-19T11:05:52.560630Z","level":"info","event":"Formatting title: 21 Jump Street","logger":"root","filename":"new_tropes_dag.py","lineno":66}
{"timestamp":"2025-12-19T11:05:52.560658Z","level":"info","event":"Formatting title: 213","logger":"root","filename":"new_tropes_dag.py","lineno":66}
{"timestamp":"2025-12-19T11:05:52.560685Z","level":"info","event":"Formatting title: 22 July","logger":"root","filename":"new_tropes_dag.py","lineno":66}
{"timestamp":"2025-12-19T11:05:52.560717Z","level":"info","event":"Formatting title: 22 Jump Street","logger":"root","filename":"new_tropes_dag.py","lineno":66}
{"timestamp":"2025-12-19T11:05:52.560743Z","level":"info","event":"Formatting title: 25th Hour","logger":"root","filename":"new_tropes_dag.py","lineno":66}
{"timestamp":"2025-12-19T11:05:52.560769Z","level":"info","event":"Formatting title: 28 Days Later","logger":"root","filename":"new_tropes_dag.py","lineno":66}
{"timestamp":"2025-12-19T11:05:52.560795Z","level":"info","event":"Formatting title: 28 Weeks Later","logger":"root","filename":"new_tropes_dag.py","lineno":66}
{"timestamp":"2025-12-19T11:05:52.560825Z","level":"info","event":"Formatting title: 30 Minutes Or Less","logger":"root","filename":"new_tropes_dag.py","lineno":66}
{"timestamp":"2025-12-19T11:05:52.560856Z","level":"info","event":"Formatting title: 300","logger":"root","filename":"new_tropes_dag.py","lineno":66}
{"timestamp":"2025-12-19T11:05:52.560884Z","level":"info","event":"Formatting title: 42","logger":"root","filename":"new_tropes_dag.py","lineno":66}
{"timestamp":"2025-12-19T11:05:52.560910Z","level":"info","event":"Formatting title: 44 Inch Chest","logger":"root","filename":"new_tropes_dag.py","lineno":66}
{"timestamp":"2025-12-19T11:05:52.560936Z","level":"info","event":"Formatting title: 48 Hrs","logger":"root","filename":"new_tropes_dag.py","lineno":66}
{"timestamp":"2025-12-19T11:05:52.560985Z","level":"info","event":"Formatting title: 5 To 7","logger":"root","filename":"new_tropes_dag.py","lineno":66}
{"timestamp":"2025-12-19T11:05:52.561032Z","level":"info","event":"Formatting title: 50 50","logger":"root","filename":"new_tropes_dag.py","lineno":66}
{"timestamp":"2025-12-19T11:05:52.561063Z","level":"info","event":"Formatting title: 500 Days Of Summer","logger":"root","filename":"new_tropes_dag.py","lineno":66}
{"timestamp":"2025-12-19T11:05:52.561159Z","level":"info","event":"Formatting title: 8 Bit Christmas","logger":"root","filename":"new_tropes_dag.py","lineno":66}
{"timestamp":"2025-12-19T11:05:52.561202Z","level":"info","event":"Formatting title: 8 Mile","logger":"root","filename":"new_tropes_dag.py","lineno":66}
{"timestamp":"2025-12-19T11:05:52.561238Z","level":"info","event":"Formatting title: 8mm","logger":"root","filename":"new_tropes_dag.py","lineno":66}
{"timestamp":"2025-12-19T11:05:52.561270Z","level":"info","event":"Formatting title: 8½","logger":"root","filename":"new_tropes_dag.py","lineno":66}
{"timestamp":"2025-12-19T11:05:52.561308Z","level":"info","event":"Formatting title: 9","logger":"root","filename":"new_tropes_dag.py","lineno":66}
{"timestamp":"2025-12-19T11:05:52.561340Z","level":"info","event":"Formatting title: A Beautiful Day In The Neighborhood","logger":"root","filename":"new_tropes_dag.py","lineno":66}
{"timestamp":"2025-12-19T11:05:52.561389Z","level":"info","event":"Formatting title: A Beautiful Mind","logger":"root","filename":"new_tropes_dag.py","lineno":66}
{"timestamp":"2025-12-19T11:05:52.561570Z","level":"info","event":"Formatting title: A Christmas Story","logger":"root","filename":"new_tropes_dag.py","lineno":66}
{"timestamp":"2025-12-19T11:05:52.561602Z","level":"info","event":"Formatting title: A Clockwork Orange","logger":"root","filename":"new_tropes_dag.py","lineno":66}
{"timestamp":"2025-12-19T11:05:52.561631Z","level":"info","event":"Formatting title: A Complete Unknown","logger":"root","filename":"new_tropes_dag.py","lineno":66}
{"timestamp":"2025-12-19T11:05:52.561658Z","level":"info","event":"Formatting title: A Fantastic Woman","logger":"root","filename":"new_tropes_dag.py","lineno":66}
{"timestamp":"2025-12-19T11:05:52.561686Z","level":"info","event":"Formatting title: A Few Good Men","logger":"root","filename":"new_tropes_dag.py","lineno":66}
{"timestamp":"2025-12-19T11:05:52.561714Z","level":"info","event":"Formatting title: A Good Person","logger":"root","filename":"new_tropes_dag.py","lineno":66}
{"timestamp":"2025-12-19T11:05:52.561743Z","level":"info","event":"Formatting title: A Haunting In Venice","logger":"root","filename":"new_tropes_dag.py","lineno":66}
{"timestamp":"2025-12-19T11:05:52.561792Z","level":"info","event":"Formatting title: A Hero","logger":"root","filename":"new_tropes_dag.py","lineno":66}
{"timestamp":"2025-12-19T11:05:52.561830Z","level":"info","event":"Formatting title: A Hidden Life","logger":"root","filename":"new_tropes_dag.py","lineno":66}
{"timestamp":"2025-12-19T11:05:52.561860Z","level":"info","event":"Formatting title: A History Of Violence","logger":"root","filename":"new_tropes_dag.py","lineno":66}
{"timestamp":"2025-12-19T11:05:52.561887Z","level":"info","event":"Formatting title: A Knights Tale","logger":"root","filename":"new_tropes_dag.py","lineno":66}
{"timestamp":"2025-12-19T11:05:52.561914Z","level":"info","event":"Formatting title: A Knock At The Cabin","logger":"root","filename":"new_tropes_dag.py","lineno":66}
{"timestamp":"2025-12-19T11:05:52.561941Z","level":"info","event":"Formatting title: A League Of Their Own","logger":"root","filename":"new_tropes_dag.py","lineno":66}
{"timestamp":"2025-12-19T11:05:52.561968Z","level":"info","event":"Formatting title: A Man Called Otto","logger":"root","filename":"new_tropes_dag.py","lineno":66}
{"timestamp":"2025-12-19T11:05:52.562016Z","level":"info","event":"Formatting title: A Million Miles Away","logger":"root","filename":"new_tropes_dag.py","lineno":66}
{"timestamp":"2025-12-19T11:05:52.562047Z","level":"info","event":"Formatting title: A Monster Calls","logger":"root","filename":"new_tropes_dag.py","lineno":66}
{"timestamp":"2025-12-19T11:05:52.562076Z","level":"info","event":"Formatting title: A Most Violent Year","logger":"root","filename":"new_tropes_dag.py","lineno":66}
{"timestamp":"2025-12-19T11:05:52.562120Z","level":"info","event":"Formatting title: A New Leaf","logger":"root","filename":"new_tropes_dag.py","lineno":66}
{"timestamp":"2025-12-19T11:05:52.562160Z","level":"info","event":"Formatting title: A Nightmare On Elm Street","logger":"root","filename":"new_tropes_dag.py","lineno":66}
{"timestamp":"2025-12-19T11:05:52.562192Z","level":"info","event":"Formatting title: A Nightmare On Elm Street 3 Dream Warriors","logger":"root","filename":"new_tropes_dag.py","lineno":66}
{"timestamp":"2025-12-19T11:05:52.562222Z","level":"info","event":"Formatting title: A Nightmare On Elm Street 5 The Dream Child","logger":"root","filename":"new_tropes_dag.py","lineno":66}
{"timestamp":"2025-12-19T11:05:52.562249Z","level":"info","event":"Formatting title: A Prayer Before Dawn","logger":"root","filename":"new_tropes_dag.py","lineno":66}
{"timestamp":"2025-12-19T11:05:52.562280Z","level":"info","event":"Formatting title: A Quiet Place","logger":"root","filename":"new_tropes_dag.py","lineno":66}
{"timestamp":"2025-12-19T11:05:52.562307Z","level":"info","event":"Formatting title: A Real Pain","logger":"root","filename":"new_tropes_dag.py","lineno":66}
{"timestamp":"2025-12-19T11:05:52.562333Z","level":"info","event":"Formatting title: A Scanner Darkly","logger":"root","filename":"new_tropes_dag.py","lineno":66}
{"timestamp":"2025-12-19T11:05:52.562359Z","level":"info","event":"Formatting title: A Separation","logger":"root","filename":"new_tropes_dag.py","lineno":66}
{"timestamp":"2025-12-19T11:05:52.562385Z","level":"info","event":"Formatting title: A Serious Man","logger":"root","filename":"new_tropes_dag.py","lineno":66}
{"timestamp":"2025-12-19T11:05:52.562425Z","level":"info","event":"Formatting title: A Simple Favor","logger":"root","filename":"new_tropes_dag.py","lineno":66}
{"timestamp":"2025-12-19T11:05:52.562464Z","level":"info","event":"Formatting title: A Simple Plan","logger":"root","filename":"new_tropes_dag.py","lineno":66}
{"timestamp":"2025-12-19T11:05:52.562493Z","level":"info","event":"Formatting title: A Soldiers Story","logger":"root","filename":"new_tropes_dag.py","lineno":66}
{"timestamp":"2025-12-19T11:05:52.562521Z","level":"info","event":"Formatting title: A Star Is Born","logger":"root","filename":"new_tropes_dag.py","lineno":66}
{"timestamp":"2025-12-19T11:05:52.562548Z","level":"info","event":"Formatting title: A Thin Line Between Love And Hate","logger":"root","filename":"new_tropes_dag.py","lineno":66}
{"timestamp":"2025-12-19T11:05:52.562576Z","level":"info","event":"Formatting title: A Time To Kill","logger":"root","filename":"new_tropes_dag.py","lineno":66}
{"timestamp":"2025-12-19T11:05:52.562622Z","level":"info","event":"Formatting title: A View To A Kill","logger":"root","filename":"new_tropes_dag.py","lineno":66}
{"timestamp":"2025-12-19T11:05:52.562657Z","level":"info","event":"Formatting title: About Alex","logger":"root","filename":"new_tropes_dag.py","lineno":66}
{"timestamp":"2025-12-19T11:05:52.562685Z","level":"info","event":"Formatting title: Above The Law","logger":"root","filename":"new_tropes_dag.py","lineno":66}
{"timestamp":"2025-12-19T11:05:52.562714Z","level":"info","event":"Formatting title: Abraham Lincoln Vampire Hunter","logger":"root","filename":"new_tropes_dag.py","lineno":66}
{"timestamp":"2025-12-19T11:05:52.562741Z","level":"info","event":"Formatting title: Absolute Power","logger":"root","filename":"new_tropes_dag.py","lineno":66}
{"timestamp":"2025-12-19T11:05:52.562767Z","level":"info","event":"Formatting title: Abyss The","logger":"root","filename":"new_tropes_dag.py","lineno":66}
{"timestamp":"2025-12-19T11:05:52.562793Z","level":"info","event":"Formatting title: Ace Ventura Pet Detective","logger":"root","filename":"new_tropes_dag.py","lineno":66}
{"timestamp":"2025-12-19T11:05:52.562819Z","level":"info","event":"Formatting title: Action Jackson","logger":"root","filename":"new_tropes_dag.py","lineno":66}
{"timestamp":"2025-12-19T11:05:52.562845Z","level":"info","event":"Formatting title: Ad Astra","logger":"root","filename":"new_tropes_dag.py","lineno":66}
{"timestamp":"2025-12-19T11:05:52.562870Z","level":"info","event":"Formatting title: Adaptation","logger":"root","filename":"new_tropes_dag.py","lineno":66}
{"timestamp":"2025-12-19T11:05:52.562895Z","level":"info","event":"Formatting title: Addams Family The","logger":"root","filename":"new_tropes_dag.py","lineno":66}
{"timestamp":"2025-12-19T11:05:52.562921Z","level":"info","event":"Formatting title: Addams Family Values","logger":"root","filename":"new_tropes_dag.py","lineno":66}
{"timestamp":"2025-12-19T11:05:52.562946Z","level":"info","event":"Formatting title: Adjustment Bureau The","logger":"root","filename":"new_tropes_dag.py","lineno":66}
{"timestamp":"2025-12-19T11:05:52.562985Z","level":"info","event":"Formatting title: Adventures Of Buckaroo Banzai Across The Eighth Dimension The","logger":"root","filename":"new_tropes_dag.py","lineno":66}
{"timestamp":"2025-12-19T11:05:52.563027Z","level":"info","event":"Formatting title: Affliction","logger":"root","filename":"new_tropes_dag.py","lineno":66}
{"timestamp":"2025-12-19T11:05:52.563057Z","level":"info","event":"Formatting title: After School Special","logger":"root","filename":"new_tropes_dag.py","lineno":66}
{"timestamp":"2025-12-19T11:05:52.563084Z","level":"info","event":"Formatting title: After The Wedding","logger":"root","filename":"new_tropes_dag.py","lineno":66}
{"timestamp":"2025-12-19T11:05:52.563132Z","level":"info","event":"Formatting title: Afterlife","logger":"root","filename":"new_tropes_dag.py","lineno":66}
{"timestamp":"2025-12-19T11:05:52.563167Z","level":"info","event":"Formatting title: Aftersun","logger":"root","filename":"new_tropes_dag.py","lineno":66}
{"timestamp":"2025-12-19T11:05:52.563196Z","level":"info","event":"Formatting title: Agnes Of God","logger":"root","filename":"new_tropes_dag.py","lineno":66}
{"timestamp":"2025-12-19T11:05:52.563228Z","level":"info","event":"Formatting title: Ai","logger":"root","filename":"new_tropes_dag.py","lineno":66}
{"timestamp":"2025-12-19T11:05:52.563256Z","level":"info","event":"Formatting title: Air","logger":"root","filename":"new_tropes_dag.py","lineno":66}
{"timestamp":"2025-12-19T11:05:52.563282Z","level":"info","event":"Formatting title: Air Force One","logger":"root","filename":"new_tropes_dag.py","lineno":66}
{"timestamp":"2025-12-19T11:05:52.563309Z","level":"info","event":"Formatting title: Airplane","logger":"root","filename":"new_tropes_dag.py","lineno":66}
{"timestamp":"2025-12-19T11:05:52.563334Z","level":"info","event":"Formatting title: Airplane 2 The Sequel","logger":"root","filename":"new_tropes_dag.py","lineno":66}
{"timestamp":"2025-12-19T11:05:52.563401Z","level":"info","event":"Formatting title: Aladdin","logger":"root","filename":"new_tropes_dag.py","lineno":66}
{"timestamp":"2025-12-19T11:05:52.563438Z","level":"info","event":"Formatting title: Alex Cross","logger":"root","filename":"new_tropes_dag.py","lineno":66}
{"timestamp":"2025-12-19T11:05:52.563468Z","level":"info","event":"Formatting title: Ali","logger":"root","filename":"new_tropes_dag.py","lineno":66}
{"timestamp":"2025-12-19T11:05:52.563497Z","level":"info","event":"Formatting title: Alien","logger":"root","filename":"new_tropes_dag.py","lineno":66}
{"timestamp":"2025-12-19T11:05:52.563528Z","level":"info","event":"Formatting title: Alien 3","logger":"root","filename":"new_tropes_dag.py","lineno":66}
{"timestamp":"2025-12-19T11:05:52.563566Z","level":"info","event":"Formatting title: Alien Covenant","logger":"root","filename":"new_tropes_dag.py","lineno":66}
{"timestamp":"2025-12-19T11:05:52.563608Z","level":"info","event":"Formatting title: Alien Nation","logger":"root","filename":"new_tropes_dag.py","lineno":66}
{"timestamp":"2025-12-19T11:05:52.563640Z","level":"info","event":"Formatting title: Alien Resurrection","logger":"root","filename":"new_tropes_dag.py","lineno":66}
{"timestamp":"2025-12-19T11:05:52.563669Z","level":"info","event":"Formatting title: Alien Vs Predator","logger":"root","filename":"new_tropes_dag.py","lineno":66}
{"timestamp":"2025-12-19T11:05:52.563696Z","level":"info","event":"Formatting title: Alien Vs Predator Requiem","logger":"root","filename":"new_tropes_dag.py","lineno":66}
{"timestamp":"2025-12-19T11:05:52.563724Z","level":"info","event":"Formatting title: Aliens","logger":"root","filename":"new_tropes_dag.py","lineno":66}
{"timestamp":"2025-12-19T11:05:52.563751Z","level":"info","event":"Formatting title: Aligarh","logger":"root","filename":"new_tropes_dag.py","lineno":66}
{"timestamp":"2025-12-19T11:05:52.563776Z","level":"info","event":"Formatting title: All About Eve","logger":"root","filename":"new_tropes_dag.py","lineno":66}
{"timestamp":"2025-12-19T11:05:52.563802Z","level":"info","event":"Formatting title: All About Steve","logger":"root","filename":"new_tropes_dag.py","lineno":66}
{"timestamp":"2025-12-19T11:05:52.563832Z","level":"info","event":"Formatting title: All Is Lost","logger":"root","filename":"new_tropes_dag.py","lineno":66}
{"timestamp":"2025-12-19T11:05:52.563857Z","level":"info","event":"Formatting title: All Is True","logger":"root","filename":"new_tropes_dag.py","lineno":66}
{"timestamp":"2025-12-19T11:05:52.563882Z","level":"info","event":"Formatting title: All Of Us Strangers","logger":"root","filename":"new_tropes_dag.py","lineno":66}
{"timestamp":"2025-12-19T11:05:52.563907Z","level":"info","event":"Formatting title: All Quiet On The Western Front","logger":"root","filename":"new_tropes_dag.py","lineno":66}
{"timestamp":"2025-12-19T11:05:52.563932Z","level":"info","event":"Formatting title: All The Boy Love Mandy Lane","logger":"root","filename":"new_tropes_dag.py","lineno":66}
{"timestamp":"2025-12-19T11:05:52.563959Z","level":"info","event":"Formatting title: All The Kings Men","logger":"root","filename":"new_tropes_dag.py","lineno":66}
{"timestamp":"2025-12-19T11:05:52.564037Z","level":"info","event":"Formatting title: All The Money In The World","logger":"root","filename":"new_tropes_dag.py","lineno":66}
{"timestamp":"2025-12-19T11:05:52.564081Z","level":"info","event":"Formatting title: All The Old Knives","logger":"root","filename":"new_tropes_dag.py","lineno":66}
{"timestamp":"2025-12-19T11:05:52.564110Z","level":"info","event":"Formatting title: All The Presidents Men","logger":"root","filename":"new_tropes_dag.py","lineno":66}
{"timestamp":"2025-12-19T11:05:52.564138Z","level":"info","event":"Formatting title: Almost Famous","logger":"root","filename":"new_tropes_dag.py","lineno":66}
{"timestamp":"2025-12-19T11:05:52.564174Z","level":"info","event":"Formatting title: Alone In The Dark","logger":"root","filename":"new_tropes_dag.py","lineno":66}
{"timestamp":"2025-12-19T11:05:52.564200Z","level":"info","event":"Formatting title: Altered States","logger":"root","filename":"new_tropes_dag.py","lineno":66}
{"timestamp":"2025-12-19T11:05:52.564226Z","level":"info","event":"Formatting title: Amadeus","logger":"root","filename":"new_tropes_dag.py","lineno":66}
{"timestamp":"2025-12-19T11:05:52.564252Z","level":"info","event":"Formatting title: Ambulance","logger":"root","filename":"new_tropes_dag.py","lineno":66}
{"timestamp":"2025-12-19T11:05:52.564278Z","level":"info","event":"Formatting title: Amelia","logger":"root","filename":"new_tropes_dag.py","lineno":66}
{"timestamp":"2025-12-19T11:05:52.564304Z","level":"info","event":"Formatting title: American Animals","logger":"root","filename":"new_tropes_dag.py","lineno":66}
{"timestamp":"2025-12-19T11:05:52.564331Z","level":"info","event":"Formatting title: American Beauty","logger":"root","filename":"new_tropes_dag.py","lineno":66}
{"timestamp":"2025-12-19T11:05:52.564360Z","level":"info","event":"Formatting title: American Fiction","logger":"root","filename":"new_tropes_dag.py","lineno":66}
{"timestamp":"2025-12-19T11:05:52.564386Z","level":"info","event":"Formatting title: American Gangster","logger":"root","filename":"new_tropes_dag.py","lineno":66}
{"timestamp":"2025-12-19T11:05:52.564411Z","level":"info","event":"Formatting title: American Graffiti","logger":"root","filename":"new_tropes_dag.py","lineno":66}
{"timestamp":"2025-12-19T11:05:52.564457Z","level":"info","event":"Formatting title: American History X","logger":"root","filename":"new_tropes_dag.py","lineno":66}
{"timestamp":"2025-12-19T11:05:52.564506Z","level":"info","event":"Formatting title: American Hustle","logger":"root","filename":"new_tropes_dag.py","lineno":66}
{"timestamp":"2025-12-19T11:05:52.564549Z","level":"info","event":"Formatting title: American Madness","logger":"root","filename":"new_tropes_dag.py","lineno":66}
{"timestamp":"2025-12-19T11:05:52.564588Z","level":"info","event":"Formatting title: American Milkshake","logger":"root","filename":"new_tropes_dag.py","lineno":66}
{"timestamp":"2025-12-19T11:05:52.564623Z","level":"info","event":"Formatting title: American Outlaws","logger":"root","filename":"new_tropes_dag.py","lineno":66}
{"timestamp":"2025-12-19T11:05:52.564658Z","level":"info","event":"Formatting title: American Pie","logger":"root","filename":"new_tropes_dag.py","lineno":66}
{"timestamp":"2025-12-19T11:05:52.564697Z","level":"info","event":"Formatting title: American President The","logger":"root","filename":"new_tropes_dag.py","lineno":66}
{"timestamp":"2025-12-19T11:05:52.564733Z","level":"info","event":"Formatting title: American Psycho","logger":"root","filename":"new_tropes_dag.py","lineno":66}
{"timestamp":"2025-12-19T11:05:52.564772Z","level":"info","event":"Formatting title: American Shaolin King Of Kickboxers 2","logger":"root","filename":"new_tropes_dag.py","lineno":66}
{"timestamp":"2025-12-19T11:05:52.564823Z","level":"info","event":"Formatting title: American Sniper","logger":"root","filename":"new_tropes_dag.py","lineno":66}
{"timestamp":"2025-12-19T11:05:52.564866Z","level":"info","event":"Formatting title: American Splendor","logger":"root","filename":"new_tropes_dag.py","lineno":66}
{"timestamp":"2025-12-19T11:05:52.564920Z","level":"info","event":"Formatting title: American The","logger":"root","filename":"new_tropes_dag.py","lineno":66}
{"timestamp":"2025-12-19T11:05:52.564969Z","level":"info","event":"Formatting title: American Ultra","logger":"root","filename":"new_tropes_dag.py","lineno":66}
{"timestamp":"2025-12-19T11:05:52.565015Z","level":"info","event":"Formatting title: American Werewolf In London","logger":"root","filename":"new_tropes_dag.py","lineno":66}
{"timestamp":"2025-12-19T11:05:52.565064Z","level":"info","event":"Formatting title: Amistad","logger":"root","filename":"new_tropes_dag.py","lineno":66}
{"timestamp":"2025-12-19T11:05:52.565124Z","level":"info","event":"Formatting title: Amityville Asylum The","logger":"root","filename":"new_tropes_dag.py","lineno":66}
{"timestamp":"2025-12-19T11:05:52.565178Z","level":"info","event":"Formatting title: Amour","logger":"root","filename":"new_tropes_dag.py","lineno":66}
{"timestamp":"2025-12-19T11:05:52.565224Z","level":"info","event":"Formatting title: Amsterdam","logger":"root","filename":"new_tropes_dag.py","lineno":66}
{"timestamp":"2025-12-19T11:05:52.565277Z","level":"info","event":"Formatting title: Amélie","logger":"root","filename":"new_tropes_dag.py","lineno":66}
{"timestamp":"2025-12-19T11:05:52.565335Z","level":"info","event":"Formatting title: An Affair To Remember","logger":"root","filename":"new_tropes_dag.py","lineno":66}
{"timestamp":"2025-12-19T11:05:52.565392Z","level":"info","event":"Formatting title: An American Werewolf In London","logger":"root","filename":"new_tropes_dag.py","lineno":66}
{"timestamp":"2025-12-19T11:05:52.565440Z","level":"info","event":"Formatting title: An Education","logger":"root","filename":"new_tropes_dag.py","lineno":66}
{"timestamp":"2025-12-19T11:05:52.565600Z","level":"info","event":"Formatting title: An Unmarried Woman","logger":"root","filename":"new_tropes_dag.py","lineno":66}
{"timestamp":"2025-12-19T11:05:52.565691Z","level":"info","event":"Formatting title: Anaconda","logger":"root","filename":"new_tropes_dag.py","lineno":66}
{"timestamp":"2025-12-19T11:05:52.565735Z","level":"info","event":"Formatting title: Analyze That","logger":"root","filename":"new_tropes_dag.py","lineno":66}
{"timestamp":"2025-12-19T11:05:52.565780Z","level":"info","event":"Formatting title: Analyze This","logger":"root","filename":"new_tropes_dag.py","lineno":66}
{"timestamp":"2025-12-19T11:05:52.565832Z","level":"info","event":"Formatting title: Anastasia","logger":"root","filename":"new_tropes_dag.py","lineno":66}
{"timestamp":"2025-12-19T11:05:52.565877Z","level":"info","event":"Formatting title: Anatomy Of A Fall","logger":"root","filename":"new_tropes_dag.py","lineno":66}
{"timestamp":"2025-12-19T11:05:52.565918Z","level":"info","event":"Formatting title: Anatomy Of A Murder","logger":"root","filename":"new_tropes_dag.py","lineno":66}
{"timestamp":"2025-12-19T11:05:52.565954Z","level":"info","event":"Formatting title: Anchorman The Legend Of Ron Burgundy","logger":"root","filename":"new_tropes_dag.py","lineno":66}
{"timestamp":"2025-12-19T11:05:52.565993Z","level":"info","event":"Formatting title: Angel Eyes","logger":"root","filename":"new_tropes_dag.py","lineno":66}
{"timestamp":"2025-12-19T11:05:52.566041Z","level":"info","event":"Formatting title: Angels & Demons","logger":"root","filename":"new_tropes_dag.py","lineno":66}
{"timestamp":"2025-12-19T11:05:52.566093Z","level":"info","event":"Formatting title: Angels With Dirty Faces","logger":"root","filename":"new_tropes_dag.py","lineno":66}
{"timestamp":"2025-12-19T11:05:52.566141Z","level":"info","event":"Formatting title: Anger Management","logger":"root","filename":"new_tropes_dag.py","lineno":66}
{"timestamp":"2025-12-19T11:05:52.566179Z","level":"info","event":"Formatting title: Animal Kingdom","logger":"root","filename":"new_tropes_dag.py","lineno":66}
{"timestamp":"2025-12-19T11:05:52.566222Z","level":"info","event":"Formatting title: Anna Karenina","logger":"root","filename":"new_tropes_dag.py","lineno":66}
{"timestamp":"2025-12-19T11:05:52.566266Z","level":"info","event":"Formatting title: Annabelle","logger":"root","filename":"new_tropes_dag.py","lineno":66}
{"timestamp":"2025-12-19T11:05:52.566321Z","level":"info","event":"Formatting title: Annette","logger":"root","filename":"new_tropes_dag.py","lineno":66}
{"timestamp":"2025-12-19T11:05:52.566375Z","level":"info","event":"Formatting title: Annie Hall","logger":"root","filename":"new_tropes_dag.py","lineno":66}
{"timestamp":"2025-12-19T11:05:52.566433Z","level":"info","event":"Formatting title: Annihilation","logger":"root","filename":"new_tropes_dag.py","lineno":66}
{"timestamp":"2025-12-19T11:05:52.566473Z","level":"info","event":"Formatting title: Anniversary Party The","logger":"root","filename":"new_tropes_dag.py","lineno":66}
{"timestamp":"2025-12-19T11:05:52.566557Z","level":"info","event":"Formatting title: Anonymous","logger":"root","filename":"new_tropes_dag.py","lineno":66}
{"timestamp":"2025-12-19T11:05:52.566609Z","level":"info","event":"Formatting title: Anora","logger":"root","filename":"new_tropes_dag.py","lineno":66}
{"timestamp":"2025-12-19T11:05:52.566664Z","level":"info","event":"Formatting title: Another 48 Hrs","logger":"root","filename":"new_tropes_dag.py","lineno":66}
{"timestamp":"2025-12-19T11:05:52.566715Z","level":"info","event":"Formatting title: Another Year","logger":"root","filename":"new_tropes_dag.py","lineno":66}
{"timestamp":"2025-12-19T11:05:52.566759Z","level":"info","event":"Formatting title: Antebellum","logger":"root","filename":"new_tropes_dag.py","lineno":66}
{"timestamp":"2025-12-19T11:05:52.566815Z","level":"info","event":"Formatting title: Anthropoid","logger":"root","filename":"new_tropes_dag.py","lineno":66}
{"timestamp":"2025-12-19T11:05:52.566864Z","level":"info","event":"Formatting title: Antitrust","logger":"root","filename":"new_tropes_dag.py","lineno":66}
{"timestamp":"2025-12-19T11:05:52.566905Z","level":"info","event":"Formatting title: Antz","logger":"root","filename":"new_tropes_dag.py","lineno":66}
{"timestamp":"2025-12-19T11:05:52.566958Z","level":"info","event":"Formatting title: Any Given Sunday","logger":"root","filename":"new_tropes_dag.py","lineno":66}
{"timestamp":"2025-12-19T11:05:52.567011Z","level":"info","event":"Formatting title: Apartment The","logger":"root","filename":"new_tropes_dag.py","lineno":66}
{"timestamp":"2025-12-19T11:05:52.567061Z","level":"info","event":"Formatting title: Apocalypse Now","logger":"root","filename":"new_tropes_dag.py","lineno":66}
{"timestamp":"2025-12-19T11:05:52.567103Z","level":"info","event":"Formatting title: Apollo 13","logger":"root","filename":"new_tropes_dag.py","lineno":66}
{"timestamp":"2025-12-19T11:05:52.567158Z","level":"info","event":"Formatting title: April Fools Day","logger":"root","filename":"new_tropes_dag.py","lineno":66}
{"timestamp":"2025-12-19T11:05:52.567209Z","level":"info","event":"Formatting title: Apt Pupil","logger":"root","filename":"new_tropes_dag.py","lineno":66}
{"timestamp":"2025-12-19T11:05:52.567255Z","level":"info","event":"Formatting title: Arbitrage","logger":"root","filename":"new_tropes_dag.py","lineno":66}
{"timestamp":"2025-12-19T11:05:52.567289Z","level":"info","event":"Formatting title: Arcade","logger":"root","filename":"new_tropes_dag.py","lineno":66}
{"timestamp":"2025-12-19T11:05:52.567323Z","level":"info","event":"Formatting title: Arctic Blue","logger":"root","filename":"new_tropes_dag.py","lineno":66}
{"timestamp":"2025-12-19T11:05:52.567455Z","level":"info","event":"Formatting title: Argentina 1985","logger":"root","filename":"new_tropes_dag.py","lineno":66}
{"timestamp":"2025-12-19T11:05:52.567525Z","level":"info","event":"Formatting title: Argo","logger":"root","filename":"new_tropes_dag.py","lineno":66}
{"timestamp":"2025-12-19T11:05:52.567565Z","level":"info","event":"Formatting title: Armageddon","logger":"root","filename":"new_tropes_dag.py","lineno":66}
{"timestamp":"2025-12-19T11:05:52.567605Z","level":"info","event":"Formatting title: Armageddon Time","logger":"root","filename":"new_tropes_dag.py","lineno":66}
{"timestamp":"2025-12-19T11:05:52.567641Z","level":"info","event":"Formatting title: Armed And Dangerous","logger":"root","filename":"new_tropes_dag.py","lineno":66}
{"timestamp":"2025-12-19T11:05:52.567686Z","level":"info","event":"Formatting title: Army Of Darkness","logger":"root","filename":"new_tropes_dag.py","lineno":66}
{"timestamp":"2025-12-19T11:05:52.567731Z","level":"info","event":"Formatting title: Arrival","logger":"root","filename":"new_tropes_dag.py","lineno":66}
{"timestamp":"2025-12-19T11:05:52.567766Z","level":"info","event":"Formatting title: Arsenic And Old Lace","logger":"root","filename":"new_tropes_dag.py","lineno":66}
{"timestamp":"2025-12-19T11:05:52.567799Z","level":"info","event":"Formatting title: Arthur","logger":"root","filename":"new_tropes_dag.py","lineno":66}
{"timestamp":"2025-12-19T11:05:52.567839Z","level":"info","event":"Formatting title: Artist The","logger":"root","filename":"new_tropes_dag.py","lineno":66}
{"timestamp":"2025-12-19T11:05:52.567875Z","level":"info","event":"Formatting title: As Good As It Gets","logger":"root","filename":"new_tropes_dag.py","lineno":66}
{"timestamp":"2025-12-19T11:05:52.568133Z","level":"info","event":"Formatting title: Ask The Dust","logger":"root","filename":"new_tropes_dag.py","lineno":66}
{"timestamp":"2025-12-19T11:05:52.568203Z","level":"info","event":"Formatting title: Assassination Nation","logger":"root","filename":"new_tropes_dag.py","lineno":66}
{"timestamp":"2025-12-19T11:05:52.568243Z","level":"info","event":"Formatting title: Assassins","logger":"root","filename":"new_tropes_dag.py","lineno":66}
{"timestamp":"2025-12-19T11:05:52.568280Z","level":"info","event":"Formatting title: Assault On Precinct 13","logger":"root","filename":"new_tropes_dag.py","lineno":66}
{"timestamp":"2025-12-19T11:05:52.568313Z","level":"info","event":"Formatting title: Assignment The","logger":"root","filename":"new_tropes_dag.py","lineno":66}
{"timestamp":"2025-12-19T11:05:52.568347Z","level":"info","event":"Formatting title: Asteroid City","logger":"root","filename":"new_tropes_dag.py","lineno":66}
{"timestamp":"2025-12-19T11:05:52.568379Z","level":"info","event":"Formatting title: At First Sight","logger":"root","filename":"new_tropes_dag.py","lineno":66}
{"timestamp":"2025-12-19T11:05:52.568412Z","level":"info","event":"Formatting title: Atomic Blonde","logger":"root","filename":"new_tropes_dag.py","lineno":66}
{"timestamp":"2025-12-19T11:05:52.568445Z","level":"info","event":"Formatting title: Attack The Block","logger":"root","filename":"new_tropes_dag.py","lineno":66}
{"timestamp":"2025-12-19T11:05:52.568477Z","level":"info","event":"Formatting title: Audrey Rose","logger":"root","filename":"new_tropes_dag.py","lineno":66}
{"timestamp":"2025-12-19T11:05:52.568514Z","level":"info","event":"Formatting title: August Osage County","logger":"root","filename":"new_tropes_dag.py","lineno":66}
{"timestamp":"2025-12-19T11:05:52.568549Z","level":"info","event":"Formatting title: Austin Powers International Man Of Mystery","logger":"root","filename":"new_tropes_dag.py","lineno":66}
{"timestamp":"2025-12-19T11:05:52.568616Z","level":"info","event":"Formatting title: Austin Powers The Spy Who Shagged Me","logger":"root","filename":"new_tropes_dag.py","lineno":66}
{"timestamp":"2025-12-19T11:05:52.568658Z","level":"info","event":"Formatting title: Authors Anonymous","logger":"root","filename":"new_tropes_dag.py","lineno":66}
{"timestamp":"2025-12-19T11:05:52.568724Z","level":"info","event":"Formatting title: Autumn In New York","logger":"root","filename":"new_tropes_dag.py","lineno":66}
{"timestamp":"2025-12-19T11:05:52.568768Z","level":"info","event":"Formatting title: Avatar","logger":"root","filename":"new_tropes_dag.py","lineno":66}
{"timestamp":"2025-12-19T11:05:52.568808Z","level":"info","event":"Formatting title: Avengers Endgame","logger":"root","filename":"new_tropes_dag.py","lineno":66}
{"timestamp":"2025-12-19T11:05:52.568850Z","level":"info","event":"Formatting title: Avengers The","logger":"root","filename":"new_tropes_dag.py","lineno":66}
{"timestamp":"2025-12-19T11:05:52.568892Z","level":"info","event":"Formatting title: Avengers The (2012)","logger":"root","filename":"new_tropes_dag.py","lineno":66}
{"timestamp":"2025-12-19T11:05:52.568941Z","level":"info","event":"Formatting title: Avp Alien Vs Predator","logger":"root","filename":"new_tropes_dag.py","lineno":66}
{"timestamp":"2025-12-19T11:05:52.568996Z","level":"info","event":"Formatting title: Avventura L (the Adventure)","logger":"root","filename":"new_tropes_dag.py","lineno":66}
{"timestamp":"2025-12-19T11:05:52.569035Z","level":"info","event":"Formatting title: Awakenings","logger":"root","filename":"new_tropes_dag.py","lineno":66}
{"timestamp":"2025-12-19T11:05:52.569071Z","level":"info","event":"Formatting title: Babel","logger":"root","filename":"new_tropes_dag.py","lineno":66}
{"timestamp":"2025-12-19T11:05:52.569102Z","level":"info","event":"Formatting title: Baby Boy","logger":"root","filename":"new_tropes_dag.py","lineno":66}
{"timestamp":"2025-12-19T11:05:52.569134Z","level":"info","event":"Formatting title: Baby Driver","logger":"root","filename":"new_tropes_dag.py","lineno":66}
{"timestamp":"2025-12-19T11:05:52.569160Z","level":"info","event":"Formatting title: Babylon","logger":"root","filename":"new_tropes_dag.py","lineno":66}
{"timestamp":"2025-12-19T11:05:52.569187Z","level":"info","event":"Formatting title: Bachelor Party","logger":"root","filename":"new_tropes_dag.py","lineno":66}
{"timestamp":"2025-12-19T11:05:52.569216Z","level":"info","event":"Formatting title: Bachelor Party The","logger":"root","filename":"new_tropes_dag.py","lineno":66}
{"timestamp":"2025-12-19T11:05:52.569242Z","level":"info","event":"Formatting title: Back To The Future","logger":"root","filename":"new_tropes_dag.py","lineno":66}
{"timestamp":"2025-12-19T11:05:52.569275Z","level":"info","event":"Formatting title: Back To The Future 2 & 3","logger":"root","filename":"new_tropes_dag.py","lineno":66}
{"timestamp":"2025-12-19T11:05:52.569302Z","level":"info","event":"Formatting title: Back Up Plan The","logger":"root","filename":"new_tropes_dag.py","lineno":66}
{"timestamp":"2025-12-19T11:05:52.569331Z","level":"info","event":"Formatting title: Backdraft","logger":"root","filename":"new_tropes_dag.py","lineno":66}
{"timestamp":"2025-12-19T11:05:52.569359Z","level":"info","event":"Formatting title: Bad Boys","logger":"root","filename":"new_tropes_dag.py","lineno":66}
{"timestamp":"2025-12-19T11:05:52.569388Z","level":"info","event":"Formatting title: Bad Boys For Life","logger":"root","filename":"new_tropes_dag.py","lineno":66}
{"timestamp":"2025-12-19T11:05:52.569413Z","level":"info","event":"Formatting title: Bad Country","logger":"root","filename":"new_tropes_dag.py","lineno":66}
{"timestamp":"2025-12-19T11:05:52.569441Z","level":"info","event":"Formatting title: Bad Day At Black Rock","logger":"root","filename":"new_tropes_dag.py","lineno":66}
{"timestamp":"2025-12-19T11:05:52.569470Z","level":"info","event":"Formatting title: Bad Dreams","logger":"root","filename":"new_tropes_dag.py","lineno":66}
{"timestamp":"2025-12-19T11:05:52.569496Z","level":"info","event":"Formatting title: Bad Lieutenant","logger":"root","filename":"new_tropes_dag.py","lineno":66}
{"timestamp":"2025-12-19T11:05:52.569520Z","level":"info","event":"Formatting title: Bad Moms","logger":"root","filename":"new_tropes_dag.py","lineno":66}
{"timestamp":"2025-12-19T11:05:52.569544Z","level":"info","event":"Formatting title: Bad Moon","logger":"root","filename":"new_tropes_dag.py","lineno":66}
{"timestamp":"2025-12-19T11:05:52.569605Z","level":"info","event":"Formatting title: Bad Santa","logger":"root","filename":"new_tropes_dag.py","lineno":66}
{"timestamp":"2025-12-19T11:05:52.569644Z","level":"info","event":"Formatting title: Bad Teacher","logger":"root","filename":"new_tropes_dag.py","lineno":66}
{"timestamp":"2025-12-19T11:05:52.569673Z","level":"info","event":"Formatting title: Bad Times At The El Royale","logger":"root","filename":"new_tropes_dag.py","lineno":66}
{"timestamp":"2025-12-19T11:05:52.569708Z","level":"info","event":"Formatting title: Badlands","logger":"root","filename":"new_tropes_dag.py","lineno":66}
{"timestamp":"2025-12-19T11:05:52.569736Z","level":"info","event":"Formatting title: Bamboozled","logger":"root","filename":"new_tropes_dag.py","lineno":66}
{"timestamp":"2025-12-19T11:05:52.569762Z","level":"info","event":"Formatting title: Barb And Star Go To Vista Del Mar","logger":"root","filename":"new_tropes_dag.py","lineno":66}
{"timestamp":"2025-12-19T11:05:52.569788Z","level":"info","event":"Formatting title: Barbarian","logger":"root","filename":"new_tropes_dag.py","lineno":66}
{"timestamp":"2025-12-19T11:05:52.569819Z","level":"info","event":"Formatting title: Barbershop","logger":"root","filename":"new_tropes_dag.py","lineno":66}
{"timestamp":"2025-12-19T11:05:52.569846Z","level":"info","event":"Formatting title: Barbie","logger":"root","filename":"new_tropes_dag.py","lineno":66}
{"timestamp":"2025-12-19T11:05:52.569873Z","level":"info","event":"Formatting title: Barry Lyndon","logger":"root","filename":"new_tropes_dag.py","lineno":66}
{"timestamp":"2025-12-19T11:05:52.569899Z","level":"info","event":"Formatting title: Barton Fink","logger":"root","filename":"new_tropes_dag.py","lineno":66}
{"timestamp":"2025-12-19T11:05:52.569925Z","level":"info","event":"Formatting title: Basic","logger":"root","filename":"new_tropes_dag.py","lineno":66}
{"timestamp":"2025-12-19T11:05:52.569951Z","level":"info","event":"Formatting title: Basic Instinct","logger":"root","filename":"new_tropes_dag.py","lineno":66}
{"timestamp":"2025-12-19T11:05:52.569981Z","level":"info","event":"Formatting title: Basic Instinct 2","logger":"root","filename":"new_tropes_dag.py","lineno":66}
{"timestamp":"2025-12-19T11:05:52.570007Z","level":"info","event":"Formatting title: Basket Case","logger":"root","filename":"new_tropes_dag.py","lineno":66}
{"timestamp":"2025-12-19T11:05:52.570033Z","level":"info","event":"Formatting title: Basquiat","logger":"root","filename":"new_tropes_dag.py","lineno":66}
{"timestamp":"2025-12-19T11:05:52.570058Z","level":"info","event":"Formatting title: Batman","logger":"root","filename":"new_tropes_dag.py","lineno":66}
{"timestamp":"2025-12-19T11:05:52.570098Z","level":"info","event":"Formatting title: Batman & Robin","logger":"root","filename":"new_tropes_dag.py","lineno":66}
{"timestamp":"2025-12-19T11:05:52.570139Z","level":"info","event":"Formatting title: Batman 2","logger":"root","filename":"new_tropes_dag.py","lineno":66}
{"timestamp":"2025-12-19T11:05:52.570174Z","level":"info","event":"Formatting title: Batman And Robin","logger":"root","filename":"new_tropes_dag.py","lineno":66}
{"timestamp":"2025-12-19T11:05:52.570202Z","level":"info","event":"Formatting title: Batman Begins","logger":"root","filename":"new_tropes_dag.py","lineno":66}
{"timestamp":"2025-12-19T11:05:52.570229Z","level":"info","event":"Formatting title: Batman Forever","logger":"root","filename":"new_tropes_dag.py","lineno":66}
{"timestamp":"2025-12-19T11:05:52.570261Z","level":"info","event":"Formatting title: Batman Mask Of The Phantasm","logger":"root","filename":"new_tropes_dag.py","lineno":66}
{"timestamp":"2025-12-19T11:05:52.570288Z","level":"info","event":"Formatting title: Batman Returns","logger":"root","filename":"new_tropes_dag.py","lineno":66}
{"timestamp":"2025-12-19T11:05:52.570313Z","level":"info","event":"Formatting title: Battle Los Angeles","logger":"root","filename":"new_tropes_dag.py","lineno":66}
{"timestamp":"2025-12-19T11:05:52.570339Z","level":"info","event":"Formatting title: Battle Of Algiers The","logger":"root","filename":"new_tropes_dag.py","lineno":66}
{"timestamp":"2025-12-19T11:05:52.570365Z","level":"info","event":"Formatting title: Battle Of Shaker Heights The","logger":"root","filename":"new_tropes_dag.py","lineno":66}
{"timestamp":"2025-12-19T11:05:52.570390Z","level":"info","event":"Formatting title: Battle Of The Sexes","logger":"root","filename":"new_tropes_dag.py","lineno":66}
{"timestamp":"2025-12-19T11:05:52.570415Z","level":"info","event":"Formatting title: Battlefield Earth","logger":"root","filename":"new_tropes_dag.py","lineno":66}
{"timestamp":"2025-12-19T11:05:52.570439Z","level":"info","event":"Formatting title: Baywatch","logger":"root","filename":"new_tropes_dag.py","lineno":66}
{"timestamp":"2025-12-19T11:05:52.570464Z","level":"info","event":"Formatting title: Beach The","logger":"root","filename":"new_tropes_dag.py","lineno":66}
{"timestamp":"2025-12-19T11:05:52.570487Z","level":"info","event":"Formatting title: Bean","logger":"root","filename":"new_tropes_dag.py","lineno":66}
{"timestamp":"2025-12-19T11:05:52.570512Z","level":"info","event":"Formatting title: Beasts Of No Nation","logger":"root","filename":"new_tropes_dag.py","lineno":66}
{"timestamp":"2025-12-19T11:05:52.570537Z","level":"info","event":"Formatting title: Beasts Of The Southern Wild","logger":"root","filename":"new_tropes_dag.py","lineno":66}
{"timestamp":"2025-12-19T11:05:52.570563Z","level":"info","event":"Formatting title: Beau Is Afraid","logger":"root","filename":"new_tropes_dag.py","lineno":66}
{"timestamp":"2025-12-19T11:05:52.570615Z","level":"info","event":"Formatting title: Beautiful Boy","logger":"root","filename":"new_tropes_dag.py","lineno":66}
{"timestamp":"2025-12-19T11:05:52.570649Z","level":"info","event":"Formatting title: Beauty And The Beast","logger":"root","filename":"new_tropes_dag.py","lineno":66}
{"timestamp":"2025-12-19T11:05:52.570677Z","level":"info","event":"Formatting title: Beavis And Butt Head Do America","logger":"root","filename":"new_tropes_dag.py","lineno":66}
{"timestamp":"2025-12-19T11:05:52.570704Z","level":"info","event":"Formatting title: Beekeeper The","logger":"root","filename":"new_tropes_dag.py","lineno":66}
{"timestamp":"2025-12-19T11:05:52.570730Z","level":"info","event":"Formatting title: Beetlejuice","logger":"root","filename":"new_tropes_dag.py","lineno":66}
{"timestamp":"2025-12-19T11:05:52.570756Z","level":"info","event":"Formatting title: Before Midnight","logger":"root","filename":"new_tropes_dag.py","lineno":66}
{"timestamp":"2025-12-19T11:05:52.570785Z","level":"info","event":"Formatting title: Beginners","logger":"root","filename":"new_tropes_dag.py","lineno":66}
{"timestamp":"2025-12-19T11:05:52.570811Z","level":"info","event":"Formatting title: Being Human","logger":"root","filename":"new_tropes_dag.py","lineno":66}
{"timestamp":"2025-12-19T11:05:52.570837Z","level":"info","event":"Formatting title: Being John Malkovich","logger":"root","filename":"new_tropes_dag.py","lineno":66}
{"timestamp":"2025-12-19T11:05:52.570862Z","level":"info","event":"Formatting title: Being The Ricardos","logger":"root","filename":"new_tropes_dag.py","lineno":66}
{"timestamp":"2025-12-19T11:05:52.570887Z","level":"info","event":"Formatting title: Being There","logger":"root","filename":"new_tropes_dag.py","lineno":66}
{"timestamp":"2025-12-19T11:05:52.570912Z","level":"info","event":"Formatting title: Belfast","logger":"root","filename":"new_tropes_dag.py","lineno":66}
{"timestamp":"2025-12-19T11:05:52.570936Z","level":"info","event":"Formatting title: Believer The","logger":"root","filename":"new_tropes_dag.py","lineno":66}
{"timestamp":"2025-12-19T11:05:52.570961Z","level":"info","event":"Formatting title: Belle","logger":"root","filename":"new_tropes_dag.py","lineno":66}
{"timestamp":"2025-12-19T11:05:52.570985Z","level":"info","event":"Formatting title: Beloved","logger":"root","filename":"new_tropes_dag.py","lineno":66}
{"timestamp":"2025-12-19T11:05:52.571010Z","level":"info","event":"Formatting title: Benny & Joon","logger":"root","filename":"new_tropes_dag.py","lineno":66}
{"timestamp":"2025-12-19T11:05:52.571038Z","level":"info","event":"Formatting title: Best Exotic Marigold Hotel The","logger":"root","filename":"new_tropes_dag.py","lineno":66}
{"timestamp":"2025-12-19T11:05:52.571063Z","level":"info","event":"Formatting title: Better Man","logger":"root","filename":"new_tropes_dag.py","lineno":66}
{"timestamp":"2025-12-19T11:05:52.571088Z","level":"info","event":"Formatting title: Beverly Hills Cop","logger":"root","filename":"new_tropes_dag.py","lineno":66}
{"timestamp":"2025-12-19T11:05:52.571137Z","level":"info","event":"Formatting title: Big","logger":"root","filename":"new_tropes_dag.py","lineno":66}
{"timestamp":"2025-12-19T11:05:52.571171Z","level":"info","event":"Formatting title: Big Blue The","logger":"root","filename":"new_tropes_dag.py","lineno":66}
{"timestamp":"2025-12-19T11:05:52.571199Z","level":"info","event":"Formatting title: Big Eyes","logger":"root","filename":"new_tropes_dag.py","lineno":66}
{"timestamp":"2025-12-19T11:05:52.571226Z","level":"info","event":"Formatting title: Big Fish","logger":"root","filename":"new_tropes_dag.py","lineno":66}
{"timestamp":"2025-12-19T11:05:52.571253Z","level":"info","event":"Formatting title: Big Lebowski The","logger":"root","filename":"new_tropes_dag.py","lineno":66}
{"timestamp":"2025-12-19T11:05:52.571279Z","level":"info","event":"Formatting title: Big Sick The","logger":"root","filename":"new_tropes_dag.py","lineno":66}
{"timestamp":"2025-12-19T11:05:52.571304Z","level":"info","event":"Formatting title: Big Time Adolescence","logger":"root","filename":"new_tropes_dag.py","lineno":66}
{"timestamp":"2025-12-19T11:05:52.571329Z","level":"info","event":"Formatting title: Big Trouble In Little China","logger":"root","filename":"new_tropes_dag.py","lineno":66}
{"timestamp":"2025-12-19T11:05:52.643647Z","level":"info","event":"Formatting title: Big White The","logger":"root","filename":"new_tropes_dag.py","lineno":66}
{"timestamp":"2025-12-19T11:05:52.643758Z","level":"info","event":"Formatting title: Bill & Ted Face The Music","logger":"root","filename":"new_tropes_dag.py","lineno":66}
{"timestamp":"2025-12-19T11:05:52.643796Z","level":"info","event":"Formatting title: Bill And Teds Bogus Journey","logger":"root","filename":"new_tropes_dag.py","lineno":66}
{"timestamp":"2025-12-19T11:05:52.643827Z","level":"info","event":"Formatting title: Bill And Teds Excellent Adventure","logger":"root","filename":"new_tropes_dag.py","lineno":66}
{"timestamp":"2025-12-19T11:05:52.643857Z","level":"info","event":"Formatting title: Bird Box","logger":"root","filename":"new_tropes_dag.py","lineno":66}
{"timestamp":"2025-12-19T11:05:52.643886Z","level":"info","event":"Formatting title: Birdman","logger":"root","filename":"new_tropes_dag.py","lineno":66}
{"timestamp":"2025-12-19T11:05:52.643913Z","level":"info","event":"Formatting title: Birds The","logger":"root","filename":"new_tropes_dag.py","lineno":66}
{"timestamp":"2025-12-19T11:05:52.643940Z","level":"info","event":"Formatting title: Birthday Girl","logger":"root","filename":"new_tropes_dag.py","lineno":66}
{"timestamp":"2025-12-19T11:05:52.643966Z","level":"info","event":"Formatting title: Black Christmas","logger":"root","filename":"new_tropes_dag.py","lineno":66}
{"timestamp":"2025-12-19T11:05:52.643990Z","level":"info","event":"Formatting title: Black Dahlia The","logger":"root","filename":"new_tropes_dag.py","lineno":66}
{"timestamp":"2025-12-19T11:05:52.644017Z","level":"info","event":"Formatting title: Black Panther","logger":"root","filename":"new_tropes_dag.py","lineno":66}
{"timestamp":"2025-12-19T11:05:52.644044Z","level":"info","event":"Formatting title: Black Panther Wakanda Forever","logger":"root","filename":"new_tropes_dag.py","lineno":66}
{"timestamp":"2025-12-19T11:05:52.644068Z","level":"info","event":"Formatting title: Black Rain","logger":"root","filename":"new_tropes_dag.py","lineno":66}
{"timestamp":"2025-12-19T11:05:52.644093Z","level":"info","event":"Formatting title: Black Snake Moan","logger":"root","filename":"new_tropes_dag.py","lineno":66}
{"timestamp":"2025-12-19T11:05:52.644130Z","level":"info","event":"Formatting title: Black Swan","logger":"root","filename":"new_tropes_dag.py","lineno":66}
{"timestamp":"2025-12-19T11:05:52.644156Z","level":"info","event":"Formatting title: Blackberry","logger":"root","filename":"new_tropes_dag.py","lineno":66}
{"timestamp":"2025-12-19T11:05:52.644181Z","level":"info","event":"Formatting title: Blackkklansman","logger":"root","filename":"new_tropes_dag.py","lineno":66}
{"timestamp":"2025-12-19T11:05:52.644209Z","level":"info","event":"Formatting title: Blade","logger":"root","filename":"new_tropes_dag.py","lineno":66}
{"timestamp":"2025-12-19T11:05:52.644234Z","level":"info","event":"Formatting title: Blade 2","logger":"root","filename":"new_tropes_dag.py","lineno":66}
{"timestamp":"2025-12-19T11:05:52.644260Z","level":"info","event":"Formatting title: Blade Runner","logger":"root","filename":"new_tropes_dag.py","lineno":66}
{"timestamp":"2025-12-19T11:05:52.644305Z","level":"info","event":"Formatting title: Blade Runner 2049","logger":"root","filename":"new_tropes_dag.py","lineno":66}
{"timestamp":"2025-12-19T11:05:52.644332Z","level":"info","event":"Formatting title: Blade Trinity","logger":"root","filename":"new_tropes_dag.py","lineno":66}
{"timestamp":"2025-12-19T11:05:52.644357Z","level":"info","event":"Formatting title: Blades Of Glory","logger":"root","filename":"new_tropes_dag.py","lineno":66}
{"timestamp":"2025-12-19T11:05:52.644381Z","level":"info","event":"Formatting title: Blankman","logger":"root","filename":"new_tropes_dag.py","lineno":66}
{"timestamp":"2025-12-19T11:05:52.644406Z","level":"info","event":"Formatting title: Blast From The Past The","logger":"root","filename":"new_tropes_dag.py","lineno":66}
{"timestamp":"2025-12-19T11:05:52.644432Z","level":"info","event":"Formatting title: Blazing Saddles","logger":"root","filename":"new_tropes_dag.py","lineno":66}
{"timestamp":"2025-12-19T11:05:52.644457Z","level":"info","event":"Formatting title: Blind Side The","logger":"root","filename":"new_tropes_dag.py","lineno":66}
{"timestamp":"2025-12-19T11:05:52.644482Z","level":"info","event":"Formatting title: Blindspotting","logger":"root","filename":"new_tropes_dag.py","lineno":66}
{"timestamp":"2025-12-19T11:05:52.644507Z","level":"info","event":"Formatting title: Bling Ring The","logger":"root","filename":"new_tropes_dag.py","lineno":66}
{"timestamp":"2025-12-19T11:05:52.644533Z","level":"info","event":"Formatting title: Blink Twice","logger":"root","filename":"new_tropes_dag.py","lineno":66}
{"timestamp":"2025-12-19T11:05:52.644559Z","level":"info","event":"Formatting title: Blitz","logger":"root","filename":"new_tropes_dag.py","lineno":66}
{"timestamp":"2025-12-19T11:05:52.644584Z","level":"info","event":"Formatting title: Blonde","logger":"root","filename":"new_tropes_dag.py","lineno":66}
{"timestamp":"2025-12-19T11:05:52.644609Z","level":"info","event":"Formatting title: Blood And Wine","logger":"root","filename":"new_tropes_dag.py","lineno":66}
{"timestamp":"2025-12-19T11:05:52.644634Z","level":"info","event":"Formatting title: Blood Diamond","logger":"root","filename":"new_tropes_dag.py","lineno":66}
{"timestamp":"2025-12-19T11:05:52.644658Z","level":"info","event":"Formatting title: Blood Simple","logger":"root","filename":"new_tropes_dag.py","lineno":66}
{"timestamp":"2025-12-19T11:05:52.644682Z","level":"info","event":"Formatting title: Bloodshot","logger":"root","filename":"new_tropes_dag.py","lineno":66}
{"timestamp":"2025-12-19T11:05:52.644706Z","level":"info","event":"Formatting title: Blow","logger":"root","filename":"new_tropes_dag.py","lineno":66}
{"timestamp":"2025-12-19T11:05:52.644730Z","level":"info","event":"Formatting title: Blue Jasmine","logger":"root","filename":"new_tropes_dag.py","lineno":66}
{"timestamp":"2025-12-19T11:05:52.644753Z","level":"info","event":"Formatting title: Blue Ruin","logger":"root","filename":"new_tropes_dag.py","lineno":66}
{"timestamp":"2025-12-19T11:05:52.644778Z","level":"info","event":"Formatting title: Blue Valentine","logger":"root","filename":"new_tropes_dag.py","lineno":66}
{"timestamp":"2025-12-19T11:05:52.644809Z","level":"info","event":"Formatting title: Blue Velvet","logger":"root","filename":"new_tropes_dag.py","lineno":66}
{"timestamp":"2025-12-19T11:05:52.644838Z","level":"info","event":"Formatting title: Blues Brothers The","logger":"root","filename":"new_tropes_dag.py","lineno":66}
{"timestamp":"2025-12-19T11:05:52.644862Z","level":"info","event":"Formatting title: Bodies Rest & Motion","logger":"root","filename":"new_tropes_dag.py","lineno":66}
{"timestamp":"2025-12-19T11:05:52.644886Z","level":"info","event":"Formatting title: Body Heat","logger":"root","filename":"new_tropes_dag.py","lineno":66}
{"timestamp":"2025-12-19T11:05:52.644910Z","level":"info","event":"Formatting title: Body Of Evidence","logger":"root","filename":"new_tropes_dag.py","lineno":66}
{"timestamp":"2025-12-19T11:05:52.644935Z","level":"info","event":"Formatting title: Bodyguard","logger":"root","filename":"new_tropes_dag.py","lineno":66}
{"timestamp":"2025-12-19T11:05:52.644959Z","level":"info","event":"Formatting title: Bohemian Rhapsody","logger":"root","filename":"new_tropes_dag.py","lineno":66}
{"timestamp":"2025-12-19T11:05:52.644984Z","level":"info","event":"Formatting title: Bones","logger":"root","filename":"new_tropes_dag.py","lineno":66}
{"timestamp":"2025-12-19T11:05:52.645008Z","level":"info","event":"Formatting title: Bones And All","logger":"root","filename":"new_tropes_dag.py","lineno":66}
{"timestamp":"2025-12-19T11:05:52.645033Z","level":"info","event":"Formatting title: Bonfire Of The Vanities","logger":"root","filename":"new_tropes_dag.py","lineno":66}
{"timestamp":"2025-12-19T11:05:52.645057Z","level":"info","event":"Formatting title: Bonnie And Clyde","logger":"root","filename":"new_tropes_dag.py","lineno":66}
{"timestamp":"2025-12-19T11:05:52.645175Z","level":"info","event":"Formatting title: Boogie Nights","logger":"root","filename":"new_tropes_dag.py","lineno":66}
{"timestamp":"2025-12-19T11:05:52.645234Z","level":"info","event":"Formatting title: Book Of Eli The","logger":"root","filename":"new_tropes_dag.py","lineno":66}
{"timestamp":"2025-12-19T11:05:52.645276Z","level":"info","event":"Formatting title: Booksmart","logger":"root","filename":"new_tropes_dag.py","lineno":66}
{"timestamp":"2025-12-19T11:05:52.645306Z","level":"info","event":"Formatting title: Bookworm","logger":"root","filename":"new_tropes_dag.py","lineno":66}
{"timestamp":"2025-12-19T11:05:52.645339Z","level":"info","event":"Formatting title: Boomerang","logger":"root","filename":"new_tropes_dag.py","lineno":66}
{"timestamp":"2025-12-19T11:05:52.645368Z","level":"info","event":"Formatting title: Boondock Saints 2 All Saints Day","logger":"root","filename":"new_tropes_dag.py","lineno":66}
{"timestamp":"2025-12-19T11:05:52.645405Z","level":"info","event":"Formatting title: Boondock Saints The","logger":"root","filename":"new_tropes_dag.py","lineno":66}
{"timestamp":"2025-12-19T11:05:52.645436Z","level":"info","event":"Formatting title: Booty Call","logger":"root","filename":"new_tropes_dag.py","lineno":66}
{"timestamp":"2025-12-19T11:05:52.645463Z","level":"info","event":"Formatting title: Borat Subsequent Moviefilm","logger":"root","filename":"new_tropes_dag.py","lineno":66}
{"timestamp":"2025-12-19T11:05:52.645490Z","level":"info","event":"Formatting title: Born On The Fourth Of July","logger":"root","filename":"new_tropes_dag.py","lineno":66}
{"timestamp":"2025-12-19T11:05:52.645518Z","level":"info","event":"Formatting title: Bottle Rocket","logger":"root","filename":"new_tropes_dag.py","lineno":66}
{"timestamp":"2025-12-19T11:05:52.645545Z","level":"info","event":"Formatting title: Bottoms","logger":"root","filename":"new_tropes_dag.py","lineno":66}
{"timestamp":"2025-12-19T11:05:52.645575Z","level":"info","event":"Formatting title: Bound","logger":"root","filename":"new_tropes_dag.py","lineno":66}
{"timestamp":"2025-12-19T11:05:52.645601Z","level":"info","event":"Formatting title: Bounty Hunter The","logger":"root","filename":"new_tropes_dag.py","lineno":66}
{"timestamp":"2025-12-19T11:05:52.645627Z","level":"info","event":"Formatting title: Bourne Identity The","logger":"root","filename":"new_tropes_dag.py","lineno":66}
{"timestamp":"2025-12-19T11:05:52.645653Z","level":"info","event":"Formatting title: Bourne Supremacy The","logger":"root","filename":"new_tropes_dag.py","lineno":66}
{"timestamp":"2025-12-19T11:05:52.645678Z","level":"info","event":"Formatting title: Bourne Ultimatum The","logger":"root","filename":"new_tropes_dag.py","lineno":66}
{"timestamp":"2025-12-19T11:05:52.645702Z","level":"info","event":"Formatting title: Bowfinger","logger":"root","filename":"new_tropes_dag.py","lineno":66}
{"timestamp":"2025-12-19T11:05:52.645727Z","level":"info","event":"Formatting title: Box The","logger":"root","filename":"new_tropes_dag.py","lineno":66}
{"timestamp":"2025-12-19T11:05:52.645752Z","level":"info","event":"Formatting title: Boxtrolls The","logger":"root","filename":"new_tropes_dag.py","lineno":66}
{"timestamp":"2025-12-19T11:05:52.645778Z","level":"info","event":"Formatting title: Boy Erased","logger":"root","filename":"new_tropes_dag.py","lineno":66}
{"timestamp":"2025-12-19T11:05:52.645804Z","level":"info","event":"Formatting title: Boyhood","logger":"root","filename":"new_tropes_dag.py","lineno":66}
{"timestamp":"2025-12-19T11:05:52.645829Z","level":"info","event":"Formatting title: Boyz In The Hood","logger":"root","filename":"new_tropes_dag.py","lineno":66}
{"timestamp":"2025-12-19T11:05:52.645855Z","level":"info","event":"Formatting title: Brads Status","logger":"root","filename":"new_tropes_dag.py","lineno":66}
{"timestamp":"2025-12-19T11:05:52.645934Z","level":"info","event":"Formatting title: Bram Stokers Dracula","logger":"root","filename":"new_tropes_dag.py","lineno":66}
{"timestamp":"2025-12-19T11:05:52.645981Z","level":"info","event":"Formatting title: Braveheart","logger":"root","filename":"new_tropes_dag.py","lineno":66}
{"timestamp":"2025-12-19T11:05:52.646014Z","level":"info","event":"Formatting title: Brazil","logger":"root","filename":"new_tropes_dag.py","lineno":66}
{"timestamp":"2025-12-19T11:05:52.646042Z","level":"info","event":"Formatting title: Breach","logger":"root","filename":"new_tropes_dag.py","lineno":66}
{"timestamp":"2025-12-19T11:05:52.646071Z","level":"info","event":"Formatting title: Break","logger":"root","filename":"new_tropes_dag.py","lineno":66}
{"timestamp":"2025-12-19T11:05:52.646099Z","level":"info","event":"Formatting title: Breakdown","logger":"root","filename":"new_tropes_dag.py","lineno":66}
{"timestamp":"2025-12-19T11:05:52.646129Z","level":"info","event":"Formatting title: Breakfast Club The","logger":"root","filename":"new_tropes_dag.py","lineno":66}
{"timestamp":"2025-12-19T11:05:52.646156Z","level":"info","event":"Formatting title: Breaking Away","logger":"root","filename":"new_tropes_dag.py","lineno":66}
{"timestamp":"2025-12-19T11:05:52.646182Z","level":"info","event":"Formatting title: Breathe","logger":"root","filename":"new_tropes_dag.py","lineno":66}
{"timestamp":"2025-12-19T11:05:52.646208Z","level":"info","event":"Formatting title: Brick","logger":"root","filename":"new_tropes_dag.py","lineno":66}
{"timestamp":"2025-12-19T11:05:52.646239Z","level":"info","event":"Formatting title: Bride Of Chucky","logger":"root","filename":"new_tropes_dag.py","lineno":66}
{"timestamp":"2025-12-19T11:05:52.646265Z","level":"info","event":"Formatting title: Bridesmaids","logger":"root","filename":"new_tropes_dag.py","lineno":66}
{"timestamp":"2025-12-19T11:05:52.646291Z","level":"info","event":"Formatting title: Bridge Of Spies","logger":"root","filename":"new_tropes_dag.py","lineno":66}
{"timestamp":"2025-12-19T11:05:52.646317Z","level":"info","event":"Formatting title: Bridget Jones Diary","logger":"root","filename":"new_tropes_dag.py","lineno":66}
{"timestamp":"2025-12-19T11:05:52.646342Z","level":"info","event":"Formatting title: Bridget Joness Baby","logger":"root","filename":"new_tropes_dag.py","lineno":66}
{"timestamp":"2025-12-19T11:05:52.646367Z","level":"info","event":"Formatting title: Bright","logger":"root","filename":"new_tropes_dag.py","lineno":66}
{"timestamp":"2025-12-19T11:05:52.646393Z","level":"info","event":"Formatting title: Brightburn","logger":"root","filename":"new_tropes_dag.py","lineno":66}
{"timestamp":"2025-12-19T11:05:52.646417Z","level":"info","event":"Formatting title: Bringing Out The Dead","logger":"root","filename":"new_tropes_dag.py","lineno":66}
{"timestamp":"2025-12-19T11:05:52.646442Z","level":"info","event":"Formatting title: Broadcast News","logger":"root","filename":"new_tropes_dag.py","lineno":66}
{"timestamp":"2025-12-19T11:05:52.646466Z","level":"info","event":"Formatting title: Brokeback Mountain","logger":"root","filename":"new_tropes_dag.py","lineno":66}
{"timestamp":"2025-12-19T11:05:52.646490Z","level":"info","event":"Formatting title: Broken Arrow","logger":"root","filename":"new_tropes_dag.py","lineno":66}
{"timestamp":"2025-12-19T11:05:52.646516Z","level":"info","event":"Formatting title: Broken Embraces","logger":"root","filename":"new_tropes_dag.py","lineno":66}
{"timestamp":"2025-12-19T11:05:52.646542Z","level":"info","event":"Formatting title: Brooklyn","logger":"root","filename":"new_tropes_dag.py","lineno":66}
{"timestamp":"2025-12-19T11:05:52.646572Z","level":"info","event":"Formatting title: Brothers Bloom The","logger":"root","filename":"new_tropes_dag.py","lineno":66}
{"timestamp":"2025-12-19T11:05:52.646612Z","level":"info","event":"Formatting title: Bruce Almighty","logger":"root","filename":"new_tropes_dag.py","lineno":66}
{"timestamp":"2025-12-19T11:05:52.646639Z","level":"info","event":"Formatting title: Brutalist The","logger":"root","filename":"new_tropes_dag.py","lineno":66}
{"timestamp":"2025-12-19T11:05:52.646669Z","level":"info","event":"Formatting title: Buffy The Vampire Slayer","logger":"root","filename":"new_tropes_dag.py","lineno":66}
{"timestamp":"2025-12-19T11:05:52.646695Z","level":"info","event":"Formatting title: Bull Durham","logger":"root","filename":"new_tropes_dag.py","lineno":66}
{"timestamp":"2025-12-19T11:05:52.646720Z","level":"info","event":"Formatting title: Buried","logger":"root","filename":"new_tropes_dag.py","lineno":66}
{"timestamp":"2025-12-19T11:05:52.646745Z","level":"info","event":"Formatting title: Burlesque","logger":"root","filename":"new_tropes_dag.py","lineno":66}
{"timestamp":"2025-12-19T11:05:52.646768Z","level":"info","event":"Formatting title: Burn After Reading","logger":"root","filename":"new_tropes_dag.py","lineno":66}
{"timestamp":"2025-12-19T11:05:52.646792Z","level":"info","event":"Formatting title: Burning Annie","logger":"root","filename":"new_tropes_dag.py","lineno":66}
{"timestamp":"2025-12-19T11:05:52.646839Z","level":"info","event":"Formatting title: Burnt","logger":"root","filename":"new_tropes_dag.py","lineno":66}
{"timestamp":"2025-12-19T11:05:52.646874Z","level":"info","event":"Formatting title: Butch Cassidy And The Sundance Kid","logger":"root","filename":"new_tropes_dag.py","lineno":66}
{"timestamp":"2025-12-19T11:05:52.646902Z","level":"info","event":"Formatting title: Butterfly Effect The","logger":"root","filename":"new_tropes_dag.py","lineno":66}
{"timestamp":"2025-12-19T11:05:52.646929Z","level":"info","event":"Formatting title: Cable Guy","logger":"root","filename":"new_tropes_dag.py","lineno":66}
{"timestamp":"2025-12-19T11:05:52.646956Z","level":"info","event":"Formatting title: Caddyshack","logger":"root","filename":"new_tropes_dag.py","lineno":66}
{"timestamp":"2025-12-19T11:05:52.646981Z","level":"info","event":"Formatting title: Call Me By Your Name","logger":"root","filename":"new_tropes_dag.py","lineno":66}
{"timestamp":"2025-12-19T11:05:52.647007Z","level":"info","event":"Formatting title: Can You Ever Forgive Me","logger":"root","filename":"new_tropes_dag.py","lineno":66}
{"timestamp":"2025-12-19T11:05:52.647037Z","level":"info","event":"Formatting title: Candle To Water","logger":"root","filename":"new_tropes_dag.py","lineno":66}
{"timestamp":"2025-12-19T11:05:52.647062Z","level":"info","event":"Formatting title: Candyman","logger":"root","filename":"new_tropes_dag.py","lineno":66}
{"timestamp":"2025-12-19T11:05:52.647087Z","level":"info","event":"Formatting title: Candyman","logger":"root","filename":"new_tropes_dag.py","lineno":66}
{"timestamp":"2025-12-19T11:05:52.647111Z","level":"info","event":"Formatting title: Cape Fear","logger":"root","filename":"new_tropes_dag.py","lineno":66}
{"timestamp":"2025-12-19T11:05:52.647136Z","level":"info","event":"Formatting title: Capharnaum","logger":"root","filename":"new_tropes_dag.py","lineno":66}
{"timestamp":"2025-12-19T11:05:52.647159Z","level":"info","event":"Formatting title: Capote","logger":"root","filename":"new_tropes_dag.py","lineno":66}
{"timestamp":"2025-12-19T11:05:52.647184Z","level":"info","event":"Formatting title: Captain America The First Avenger","logger":"root","filename":"new_tropes_dag.py","lineno":66}
{"timestamp":"2025-12-19T11:05:52.647208Z","level":"info","event":"Formatting title: Captain Fantastic","logger":"root","filename":"new_tropes_dag.py","lineno":66}
{"timestamp":"2025-12-19T11:05:52.647256Z","level":"info","event":"Formatting title: Car Wash","logger":"root","filename":"new_tropes_dag.py","lineno":66}
{"timestamp":"2025-12-19T11:05:52.647288Z","level":"info","event":"Formatting title: Carlitos Way","logger":"root","filename":"new_tropes_dag.py","lineno":66}
{"timestamp":"2025-12-19T11:05:52.647316Z","level":"info","event":"Formatting title: Carnage","logger":"root","filename":"new_tropes_dag.py","lineno":66}
{"timestamp":"2025-12-19T11:05:52.647343Z","level":"info","event":"Formatting title: Carol","logger":"root","filename":"new_tropes_dag.py","lineno":66}
{"timestamp":"2025-12-19T11:05:52.647400Z","level":"info","event":"Formatting title: Carrie","logger":"root","filename":"new_tropes_dag.py","lineno":66}
{"timestamp":"2025-12-19T11:05:52.647434Z","level":"info","event":"Formatting title: Cars 2","logger":"root","filename":"new_tropes_dag.py","lineno":66}
{"timestamp":"2025-12-19T11:05:52.647464Z","level":"info","event":"Formatting title: Casablanca","logger":"root","filename":"new_tropes_dag.py","lineno":66}
{"timestamp":"2025-12-19T11:05:52.647493Z","level":"info","event":"Formatting title: Case 39","logger":"root","filename":"new_tropes_dag.py","lineno":66}
{"timestamp":"2025-12-19T11:05:52.647520Z","level":"info","event":"Formatting title: Casino","logger":"root","filename":"new_tropes_dag.py","lineno":66}
{"timestamp":"2025-12-19T11:05:52.647547Z","level":"info","event":"Formatting title: Casino Royale","logger":"root","filename":"new_tropes_dag.py","lineno":66}
{"timestamp":"2025-12-19T11:05:52.647573Z","level":"info","event":"Formatting title: Casper","logger":"root","filename":"new_tropes_dag.py","lineno":66}
{"timestamp":"2025-12-19T11:05:52.647598Z","level":"info","event":"Formatting title: Cassandro","logger":"root","filename":"new_tropes_dag.py","lineno":66}
{"timestamp":"2025-12-19T11:05:52.647624Z","level":"info","event":"Formatting title: Cast Away","logger":"root","filename":"new_tropes_dag.py","lineno":66}
{"timestamp":"2025-12-19T11:05:52.647649Z","level":"info","event":"Formatting title: Catch Me If You Can","logger":"root","filename":"new_tropes_dag.py","lineno":66}
{"timestamp":"2025-12-19T11:05:52.647677Z","level":"info","event":"Formatting title: Catherine Called Birdy","logger":"root","filename":"new_tropes_dag.py","lineno":66}
{"timestamp":"2025-12-19T11:05:52.647705Z","level":"info","event":"Formatting title: Catwoman","logger":"root","filename":"new_tropes_dag.py","lineno":66}
{"timestamp":"2025-12-19T11:05:52.647730Z","level":"info","event":"Formatting title: Cb4","logger":"root","filename":"new_tropes_dag.py","lineno":66}
{"timestamp":"2025-12-19T11:05:52.647755Z","level":"info","event":"Formatting title: Cecil B Demented","logger":"root","filename":"new_tropes_dag.py","lineno":66}
{"timestamp":"2025-12-19T11:05:52.647780Z","level":"info","event":"Formatting title: Cedar Rapids","logger":"root","filename":"new_tropes_dag.py","lineno":66}
{"timestamp":"2025-12-19T11:05:52.647805Z","level":"info","event":"Formatting title: Celeste & Jesse Forever","logger":"root","filename":"new_tropes_dag.py","lineno":66}
{"timestamp":"2025-12-19T11:05:52.647830Z","level":"info","event":"Formatting title: Cell The","logger":"root","filename":"new_tropes_dag.py","lineno":66}
{"timestamp":"2025-12-19T11:05:52.647855Z","level":"info","event":"Formatting title: Cellular","logger":"root","filename":"new_tropes_dag.py","lineno":66}
{"timestamp":"2025-12-19T11:05:52.647880Z","level":"info","event":"Formatting title: Challengers","logger":"root","filename":"new_tropes_dag.py","lineno":66}
{"timestamp":"2025-12-19T11:05:52.647907Z","level":"info","event":"Formatting title: Change Up The","logger":"root","filename":"new_tropes_dag.py","lineno":66}
{"timestamp":"2025-12-19T11:05:52.647935Z","level":"info","event":"Formatting title: Changeling","logger":"root","filename":"new_tropes_dag.py","lineno":66}
{"timestamp":"2025-12-19T11:05:52.647959Z","level":"info","event":"Formatting title: Chaos","logger":"root","filename":"new_tropes_dag.py","lineno":66}
{"timestamp":"2025-12-19T11:05:52.647984Z","level":"info","event":"Formatting title: Chaplin","logger":"root","filename":"new_tropes_dag.py","lineno":66}
{"timestamp":"2025-12-19T11:05:52.648009Z","level":"info","event":"Formatting title: Charade","logger":"root","filename":"new_tropes_dag.py","lineno":66}
{"timestamp":"2025-12-19T11:05:52.648033Z","level":"info","event":"Formatting title: Chariots Of Fire","logger":"root","filename":"new_tropes_dag.py","lineno":66}
{"timestamp":"2025-12-19T11:05:52.648057Z","level":"info","event":"Formatting title: Charlie And The Chocolate Factory","logger":"root","filename":"new_tropes_dag.py","lineno":66}
{"timestamp":"2025-12-19T11:05:52.648081Z","level":"info","event":"Formatting title: Charlie Bartlett","logger":"root","filename":"new_tropes_dag.py","lineno":66}
{"timestamp":"2025-12-19T11:05:52.648105Z","level":"info","event":"Formatting title: Charlie Wilsons War","logger":"root","filename":"new_tropes_dag.py","lineno":66}
{"timestamp":"2025-12-19T11:05:52.648129Z","level":"info","event":"Formatting title: Charlies Angels","logger":"root","filename":"new_tropes_dag.py","lineno":66}
{"timestamp":"2025-12-19T11:05:52.648153Z","level":"info","event":"Formatting title: Chasing Amy","logger":"root","filename":"new_tropes_dag.py","lineno":66}
{"timestamp":"2025-12-19T11:05:52.648176Z","level":"info","event":"Formatting title: Chasing Sleep","logger":"root","filename":"new_tropes_dag.py","lineno":66}
{"timestamp":"2025-12-19T11:05:52.648200Z","level":"info","event":"Formatting title: Chef","logger":"root","filename":"new_tropes_dag.py","lineno":66}
{"timestamp":"2025-12-19T11:05:52.648224Z","level":"info","event":"Formatting title: Cherry","logger":"root","filename":"new_tropes_dag.py","lineno":66}
{"timestamp":"2025-12-19T11:05:52.648247Z","level":"info","event":"Formatting title: Cherry Falls","logger":"root","filename":"new_tropes_dag.py","lineno":66}
{"timestamp":"2025-12-19T11:05:52.648269Z","level":"info","event":"Formatting title: Children Of Men","logger":"root","filename":"new_tropes_dag.py","lineno":66}
{"timestamp":"2025-12-19T11:05:52.648293Z","level":"info","event":"Formatting title: Childs Play","logger":"root","filename":"new_tropes_dag.py","lineno":66}
{"timestamp":"2025-12-19T11:05:52.648317Z","level":"info","event":"Formatting title: Chinatown","logger":"root","filename":"new_tropes_dag.py","lineno":66}
{"timestamp":"2025-12-19T11:05:52.648340Z","level":"info","event":"Formatting title: Christ Complex","logger":"root","filename":"new_tropes_dag.py","lineno":66}
{"timestamp":"2025-12-19T11:05:52.648365Z","level":"info","event":"Formatting title: Christine","logger":"root","filename":"new_tropes_dag.py","lineno":66}
{"timestamp":"2025-12-19T11:05:52.648389Z","level":"info","event":"Formatting title: Christmas At Pee Wees Playhouse","logger":"root","filename":"new_tropes_dag.py","lineno":66}
{"timestamp":"2025-12-19T11:05:52.648415Z","level":"info","event":"Formatting title: Chronicle","logger":"root","filename":"new_tropes_dag.py","lineno":66}
{"timestamp":"2025-12-19T11:05:52.648440Z","level":"info","event":"Formatting title: Chronicles Of Narnia The Lion The Witch And The Wardrobe","logger":"root","filename":"new_tropes_dag.py","lineno":66}
{"timestamp":"2025-12-19T11:05:52.648467Z","level":"info","event":"Formatting title: Cider House Rules The","logger":"root","filename":"new_tropes_dag.py","lineno":66}
{"timestamp":"2025-12-19T11:05:52.648492Z","level":"info","event":"Formatting title: Cincinnati Kid The","logger":"root","filename":"new_tropes_dag.py","lineno":66}
{"timestamp":"2025-12-19T11:05:52.648523Z","level":"info","event":"Formatting title: Cinderella Man","logger":"root","filename":"new_tropes_dag.py","lineno":66}
{"timestamp":"2025-12-19T11:05:52.648549Z","level":"info","event":"Formatting title: Cinema Paradiso","logger":"root","filename":"new_tropes_dag.py","lineno":66}
{"timestamp":"2025-12-19T11:05:52.648578Z","level":"info","event":"Formatting title: Cirque Du Freak The Vampires Assistant","logger":"root","filename":"new_tropes_dag.py","lineno":66}
{"timestamp":"2025-12-19T11:05:52.648602Z","level":"info","event":"Formatting title: Citizen Kane","logger":"root","filename":"new_tropes_dag.py","lineno":66}
{"timestamp":"2025-12-19T11:05:52.648630Z","level":"info","event":"Formatting title: City Of Joy","logger":"root","filename":"new_tropes_dag.py","lineno":66}
{"timestamp":"2025-12-19T11:05:52.648655Z","level":"info","event":"Formatting title: Clash Of The Titans","logger":"root","filename":"new_tropes_dag.py","lineno":66}
{"timestamp":"2025-12-19T11:05:52.648680Z","level":"info","event":"Formatting title: Clear And Present Danger","logger":"root","filename":"new_tropes_dag.py","lineno":66}
{"timestamp":"2025-12-19T11:05:52.648704Z","level":"info","event":"Formatting title: Clerks","logger":"root","filename":"new_tropes_dag.py","lineno":66}
{"timestamp":"2025-12-19T11:05:52.648729Z","level":"info","event":"Formatting title: Clerks 2","logger":"root","filename":"new_tropes_dag.py","lineno":66}
{"timestamp":"2025-12-19T11:05:52.648753Z","level":"info","event":"Formatting title: Cliffhanger","logger":"root","filename":"new_tropes_dag.py","lineno":66}
{"timestamp":"2025-12-19T11:05:52.648776Z","level":"info","event":"Formatting title: Clockers","logger":"root","filename":"new_tropes_dag.py","lineno":66}
{"timestamp":"2025-12-19T11:05:52.648801Z","level":"info","event":"Formatting title: Clockwork Orange A","logger":"root","filename":"new_tropes_dag.py","lineno":66}
{"timestamp":"2025-12-19T11:05:52.648825Z","level":"info","event":"Formatting title: Close Encounters Of The Third Kind","logger":"root","filename":"new_tropes_dag.py","lineno":66}
{"timestamp":"2025-12-19T11:05:52.648849Z","level":"info","event":"Formatting title: Cloud Atlas","logger":"root","filename":"new_tropes_dag.py","lineno":66}
{"timestamp":"2025-12-19T11:05:52.648872Z","level":"info","event":"Formatting title: Cloverfield","logger":"root","filename":"new_tropes_dag.py","lineno":66}
{"timestamp":"2025-12-19T11:05:52.648896Z","level":"info","event":"Formatting title: Clue","logger":"root","filename":"new_tropes_dag.py","lineno":66}
{"timestamp":"2025-12-19T11:05:52.648921Z","level":"info","event":"Formatting title: Clueless","logger":"root","filename":"new_tropes_dag.py","lineno":66}
{"timestamp":"2025-12-19T11:05:52.648946Z","level":"info","event":"Formatting title: Cmon Cmon","logger":"root","filename":"new_tropes_dag.py","lineno":66}
{"timestamp":"2025-12-19T11:05:52.648973Z","level":"info","event":"Formatting title: Cobb","logger":"root","filename":"new_tropes_dag.py","lineno":66}
{"timestamp":"2025-12-19T11:05:52.649000Z","level":"info","event":"Formatting title: Coco","logger":"root","filename":"new_tropes_dag.py","lineno":66}
{"timestamp":"2025-12-19T11:05:52.649029Z","level":"info","event":"Formatting title: Cocoon","logger":"root","filename":"new_tropes_dag.py","lineno":66}
{"timestamp":"2025-12-19T11:05:52.649054Z","level":"info","event":"Formatting title: Coda","logger":"root","filename":"new_tropes_dag.py","lineno":66}
{"timestamp":"2025-12-19T11:05:52.649081Z","level":"info","event":"Formatting title: Code Of Silence","logger":"root","filename":"new_tropes_dag.py","lineno":66}
{"timestamp":"2025-12-19T11:05:52.649112Z","level":"info","event":"Formatting title: Cold Mountain","logger":"root","filename":"new_tropes_dag.py","lineno":66}
{"timestamp":"2025-12-19T11:05:52.649139Z","level":"info","event":"Formatting title: Colette","logger":"root","filename":"new_tropes_dag.py","lineno":66}
{"timestamp":"2025-12-19T11:05:52.649172Z","level":"info","event":"Formatting title: Collateral","logger":"root","filename":"new_tropes_dag.py","lineno":66}
{"timestamp":"2025-12-19T11:05:52.649198Z","level":"info","event":"Formatting title: Collateral Damage","logger":"root","filename":"new_tropes_dag.py","lineno":66}
{"timestamp":"2025-12-19T11:05:52.649243Z","level":"info","event":"Formatting title: Colombiana","logger":"root","filename":"new_tropes_dag.py","lineno":66}
{"timestamp":"2025-12-19T11:05:52.649283Z","level":"info","event":"Formatting title: Color Of Night","logger":"root","filename":"new_tropes_dag.py","lineno":66}
{"timestamp":"2025-12-19T11:05:52.649313Z","level":"info","event":"Formatting title: Color Purple The","logger":"root","filename":"new_tropes_dag.py","lineno":66}
{"timestamp":"2025-12-19T11:05:52.649347Z","level":"info","event":"Formatting title: Come To Daddy","logger":"root","filename":"new_tropes_dag.py","lineno":66}
{"timestamp":"2025-12-19T11:05:52.649376Z","level":"info","event":"Formatting title: Coming Home","logger":"root","filename":"new_tropes_dag.py","lineno":66}
{"timestamp":"2025-12-19T11:05:52.649404Z","level":"info","event":"Formatting title: Coming To America","logger":"root","filename":"new_tropes_dag.py","lineno":66}
{"timestamp":"2025-12-19T11:05:52.649431Z","level":"info","event":"Formatting title: Commando","logger":"root","filename":"new_tropes_dag.py","lineno":66}
{"timestamp":"2025-12-19T11:05:52.649461Z","level":"info","event":"Formatting title: Con Air","logger":"root","filename":"new_tropes_dag.py","lineno":66}
{"timestamp":"2025-12-19T11:05:52.649490Z","level":"info","event":"Formatting title: Conan The Barbarian","logger":"root","filename":"new_tropes_dag.py","lineno":66}
{"timestamp":"2025-12-19T11:05:52.649524Z","level":"info","event":"Formatting title: Conclave","logger":"root","filename":"new_tropes_dag.py","lineno":66}
{"timestamp":"2025-12-19T11:05:52.649552Z","level":"info","event":"Formatting title: Coneheads","logger":"root","filename":"new_tropes_dag.py","lineno":66}
{"timestamp":"2025-12-19T11:05:52.649584Z","level":"info","event":"Formatting title: Confessions Of A Dangerous Mind","logger":"root","filename":"new_tropes_dag.py","lineno":66}
{"timestamp":"2025-12-19T11:05:52.649620Z","level":"info","event":"Formatting title: Confidence","logger":"root","filename":"new_tropes_dag.py","lineno":66}
{"timestamp":"2025-12-19T11:05:52.649650Z","level":"info","event":"Formatting title: Constantine","logger":"root","filename":"new_tropes_dag.py","lineno":66}
{"timestamp":"2025-12-19T11:05:52.649684Z","level":"info","event":"Formatting title: Contact","logger":"root","filename":"new_tropes_dag.py","lineno":66}
{"timestamp":"2025-12-19T11:05:52.649711Z","level":"info","event":"Formatting title: Contagion","logger":"root","filename":"new_tropes_dag.py","lineno":66}
{"timestamp":"2025-12-19T11:05:52.649739Z","level":"info","event":"Formatting title: Cool Hand Luke","logger":"root","filename":"new_tropes_dag.py","lineno":66}
{"timestamp":"2025-12-19T11:05:52.649764Z","level":"info","event":"Formatting title: Cool Runnings","logger":"root","filename":"new_tropes_dag.py","lineno":66}
{"timestamp":"2025-12-19T11:05:52.649789Z","level":"info","event":"Formatting title: Cooler The","logger":"root","filename":"new_tropes_dag.py","lineno":66}
{"timestamp":"2025-12-19T11:05:52.649814Z","level":"info","event":"Formatting title: Copycat","logger":"root","filename":"new_tropes_dag.py","lineno":66}
{"timestamp":"2025-12-19T11:05:52.649844Z","level":"info","event":"Formatting title: Coraline","logger":"root","filename":"new_tropes_dag.py","lineno":66}
{"timestamp":"2025-12-19T11:05:52.649869Z","level":"info","event":"Formatting title: Coriolanus","logger":"root","filename":"new_tropes_dag.py","lineno":66}
{"timestamp":"2025-12-19T11:05:52.649894Z","level":"info","event":"Formatting title: Corpse Bride","logger":"root","filename":"new_tropes_dag.py","lineno":66}
{"timestamp":"2025-12-19T11:05:52.649924Z","level":"info","event":"Formatting title: Courage Under Fire","logger":"root","filename":"new_tropes_dag.py","lineno":66}
{"timestamp":"2025-12-19T11:05:52.649950Z","level":"info","event":"Formatting title: Cowboys & Aliens","logger":"root","filename":"new_tropes_dag.py","lineno":66}
{"timestamp":"2025-12-19T11:05:52.649974Z","level":"info","event":"Formatting title: Cradle 2 The Grave","logger":"root","filename":"new_tropes_dag.py","lineno":66}
{"timestamp":"2025-12-19T11:05:52.649998Z","level":"info","event":"Formatting title: Crank","logger":"root","filename":"new_tropes_dag.py","lineno":66}
{"timestamp":"2025-12-19T11:05:52.650024Z","level":"info","event":"Formatting title: Crash","logger":"root","filename":"new_tropes_dag.py","lineno":66}
{"timestamp":"2025-12-19T11:05:52.650049Z","level":"info","event":"Formatting title: Crawl","logger":"root","filename":"new_tropes_dag.py","lineno":66}
{"timestamp":"2025-12-19T11:05:52.650073Z","level":"info","event":"Formatting title: Crazy Rich Asians","logger":"root","filename":"new_tropes_dag.py","lineno":66}
{"timestamp":"2025-12-19T11:05:52.650098Z","level":"info","event":"Formatting title: Crazy Stupid Love","logger":"root","filename":"new_tropes_dag.py","lineno":66}
{"timestamp":"2025-12-19T11:05:52.716838Z","level":"info","event":"Formatting title: Crazylove","logger":"root","filename":"new_tropes_dag.py","lineno":66}
{"timestamp":"2025-12-19T11:05:52.716944Z","level":"info","event":"Formatting title: Creation","logger":"root","filename":"new_tropes_dag.py","lineno":66}
{"timestamp":"2025-12-19T11:05:52.716980Z","level":"info","event":"Formatting title: Creed","logger":"root","filename":"new_tropes_dag.py","lineno":66}
{"timestamp":"2025-12-19T11:05:52.717010Z","level":"info","event":"Formatting title: Creed 2","logger":"root","filename":"new_tropes_dag.py","lineno":66}
{"timestamp":"2025-12-19T11:05:52.717040Z","level":"info","event":"Formatting title: Creed 3","logger":"root","filename":"new_tropes_dag.py","lineno":66}
{"timestamp":"2025-12-19T11:05:52.717071Z","level":"info","event":"Formatting title: Crime Spree","logger":"root","filename":"new_tropes_dag.py","lineno":66}
{"timestamp":"2025-12-19T11:05:52.717100Z","level":"info","event":"Formatting title: Crimson Peak","logger":"root","filename":"new_tropes_dag.py","lineno":66}
{"timestamp":"2025-12-19T11:05:52.717126Z","level":"info","event":"Formatting title: Critters","logger":"root","filename":"new_tropes_dag.py","lineno":66}
{"timestamp":"2025-12-19T11:05:52.717154Z","level":"info","event":"Formatting title: Croods The","logger":"root","filename":"new_tropes_dag.py","lineno":66}
{"timestamp":"2025-12-19T11:05:52.717180Z","level":"info","event":"Formatting title: Crouching Tiger Hidden Dragon","logger":"root","filename":"new_tropes_dag.py","lineno":66}
{"timestamp":"2025-12-19T11:05:52.717209Z","level":"info","event":"Formatting title: Croupier","logger":"root","filename":"new_tropes_dag.py","lineno":66}
{"timestamp":"2025-12-19T11:05:52.717239Z","level":"info","event":"Formatting title: Crow City Of Angels The","logger":"root","filename":"new_tropes_dag.py","lineno":66}
{"timestamp":"2025-12-19T11:05:52.717270Z","level":"info","event":"Formatting title: Crow Salvation The","logger":"root","filename":"new_tropes_dag.py","lineno":66}
{"timestamp":"2025-12-19T11:05:52.717296Z","level":"info","event":"Formatting title: Crow The","logger":"root","filename":"new_tropes_dag.py","lineno":66}
{"timestamp":"2025-12-19T11:05:52.717322Z","level":"info","event":"Formatting title: Cruel Intentions","logger":"root","filename":"new_tropes_dag.py","lineno":66}
{"timestamp":"2025-12-19T11:05:52.717348Z","level":"info","event":"Formatting title: Crying Game","logger":"root","filename":"new_tropes_dag.py","lineno":66}
{"timestamp":"2025-12-19T11:05:52.717373Z","level":"info","event":"Formatting title: Cube","logger":"root","filename":"new_tropes_dag.py","lineno":66}
{"timestamp":"2025-12-19T11:05:52.717398Z","level":"info","event":"Formatting title: Curious Case Of Benjamin Button The","logger":"root","filename":"new_tropes_dag.py","lineno":66}
{"timestamp":"2025-12-19T11:05:52.717422Z","level":"info","event":"Formatting title: Curly Sue","logger":"root","filename":"new_tropes_dag.py","lineno":66}
{"timestamp":"2025-12-19T11:05:52.717447Z","level":"info","event":"Formatting title: Custody","logger":"root","filename":"new_tropes_dag.py","lineno":66}
{"timestamp":"2025-12-19T11:05:52.717474Z","level":"info","event":"Formatting title: Cyrano","logger":"root","filename":"new_tropes_dag.py","lineno":66}
{"timestamp":"2025-12-19T11:05:52.717500Z","level":"info","event":"Formatting title: D2 The Mighty Ducks","logger":"root","filename":"new_tropes_dag.py","lineno":66}
{"timestamp":"2025-12-19T11:05:52.717525Z","level":"info","event":"Formatting title: D3 The Mighty Ducks","logger":"root","filename":"new_tropes_dag.py","lineno":66}
{"timestamp":"2025-12-19T11:05:52.717557Z","level":"info","event":"Formatting title: Da 5 Bloods","logger":"root","filename":"new_tropes_dag.py","lineno":66}
{"timestamp":"2025-12-19T11:05:52.717582Z","level":"info","event":"Formatting title: Dallas Buyers Club","logger":"root","filename":"new_tropes_dag.py","lineno":66}
{"timestamp":"2025-12-19T11:05:52.717605Z","level":"info","event":"Formatting title: Damned United The","logger":"root","filename":"new_tropes_dag.py","lineno":66}
{"timestamp":"2025-12-19T11:05:52.717630Z","level":"info","event":"Formatting title: Dances With Wolves","logger":"root","filename":"new_tropes_dag.py","lineno":66}
{"timestamp":"2025-12-19T11:05:52.717655Z","level":"info","event":"Formatting title: Danish Girl The","logger":"root","filename":"new_tropes_dag.py","lineno":66}
{"timestamp":"2025-12-19T11:05:52.717679Z","level":"info","event":"Formatting title: Daredevil","logger":"root","filename":"new_tropes_dag.py","lineno":66}
{"timestamp":"2025-12-19T11:05:52.717704Z","level":"info","event":"Formatting title: Dark City","logger":"root","filename":"new_tropes_dag.py","lineno":66}
{"timestamp":"2025-12-19T11:05:52.717729Z","level":"info","event":"Formatting title: Dark Knight Rises The","logger":"root","filename":"new_tropes_dag.py","lineno":66}
{"timestamp":"2025-12-19T11:05:52.717754Z","level":"info","event":"Formatting title: Dark Knight The","logger":"root","filename":"new_tropes_dag.py","lineno":66}
{"timestamp":"2025-12-19T11:05:52.717778Z","level":"info","event":"Formatting title: Dark Star","logger":"root","filename":"new_tropes_dag.py","lineno":66}
{"timestamp":"2025-12-19T11:05:52.717802Z","level":"info","event":"Formatting title: Darker Than Amber","logger":"root","filename":"new_tropes_dag.py","lineno":66}
{"timestamp":"2025-12-19T11:05:52.717825Z","level":"info","event":"Formatting title: Darkest Hour","logger":"root","filename":"new_tropes_dag.py","lineno":66}
{"timestamp":"2025-12-19T11:05:52.717849Z","level":"info","event":"Formatting title: Darkman","logger":"root","filename":"new_tropes_dag.py","lineno":66}
{"timestamp":"2025-12-19T11:05:52.717873Z","level":"info","event":"Formatting title: Date Night","logger":"root","filename":"new_tropes_dag.py","lineno":66}
{"timestamp":"2025-12-19T11:05:52.717897Z","level":"info","event":"Formatting title: Dave Barrys Complete Guide To Guys","logger":"root","filename":"new_tropes_dag.py","lineno":66}
{"timestamp":"2025-12-19T11:05:52.717921Z","level":"info","event":"Formatting title: Dawn Of The Dead","logger":"root","filename":"new_tropes_dag.py","lineno":66}
{"timestamp":"2025-12-19T11:05:52.717945Z","level":"info","event":"Formatting title: Dawn Of The Planet Of The Apes","logger":"root","filename":"new_tropes_dag.py","lineno":66}
{"timestamp":"2025-12-19T11:05:52.717969Z","level":"info","event":"Formatting title: Day Of The Dead","logger":"root","filename":"new_tropes_dag.py","lineno":66}
{"timestamp":"2025-12-19T11:05:52.717994Z","level":"info","event":"Formatting title: Day The Clown Cried The","logger":"root","filename":"new_tropes_dag.py","lineno":66}
{"timestamp":"2025-12-19T11:05:52.718019Z","level":"info","event":"Formatting title: Day The Earth Stood Still The","logger":"root","filename":"new_tropes_dag.py","lineno":66}
{"timestamp":"2025-12-19T11:05:52.718056Z","level":"info","event":"Formatting title: Days Of Heaven","logger":"root","filename":"new_tropes_dag.py","lineno":66}
{"timestamp":"2025-12-19T11:05:52.718095Z","level":"info","event":"Formatting title: Dazed And Confused","logger":"root","filename":"new_tropes_dag.py","lineno":66}
{"timestamp":"2025-12-19T11:05:52.718130Z","level":"info","event":"Formatting title: Dead Poets Society","logger":"root","filename":"new_tropes_dag.py","lineno":66}
{"timestamp":"2025-12-19T11:05:52.718159Z","level":"info","event":"Formatting title: Deadpool","logger":"root","filename":"new_tropes_dag.py","lineno":66}
{"timestamp":"2025-12-19T11:05:52.718186Z","level":"info","event":"Formatting title: Deadpool & Wolverine","logger":"root","filename":"new_tropes_dag.py","lineno":66}
{"timestamp":"2025-12-19T11:05:52.718212Z","level":"info","event":"Formatting title: Dear White People","logger":"root","filename":"new_tropes_dag.py","lineno":66}
{"timestamp":"2025-12-19T11:05:52.718239Z","level":"info","event":"Formatting title: Death At A Funeral","logger":"root","filename":"new_tropes_dag.py","lineno":66}
{"timestamp":"2025-12-19T11:05:52.718265Z","level":"info","event":"Formatting title: Death Becomes Her","logger":"root","filename":"new_tropes_dag.py","lineno":66}
{"timestamp":"2025-12-19T11:05:52.718291Z","level":"info","event":"Formatting title: Death Note","logger":"root","filename":"new_tropes_dag.py","lineno":66}
{"timestamp":"2025-12-19T11:05:52.718317Z","level":"info","event":"Formatting title: Death Proof","logger":"root","filename":"new_tropes_dag.py","lineno":66}
{"timestamp":"2025-12-19T11:05:52.718348Z","level":"info","event":"Formatting title: Death To Smoochy","logger":"root","filename":"new_tropes_dag.py","lineno":66}
{"timestamp":"2025-12-19T11:05:52.718375Z","level":"info","event":"Formatting title: Debt The","logger":"root","filename":"new_tropes_dag.py","lineno":66}
{"timestamp":"2025-12-19T11:05:52.718401Z","level":"info","event":"Formatting title: Deception","logger":"root","filename":"new_tropes_dag.py","lineno":66}
{"timestamp":"2025-12-19T11:05:52.718427Z","level":"info","event":"Formatting title: Deep Cover","logger":"root","filename":"new_tropes_dag.py","lineno":66}
{"timestamp":"2025-12-19T11:05:52.718498Z","level":"info","event":"Formatting title: Deep Rising","logger":"root","filename":"new_tropes_dag.py","lineno":66}
{"timestamp":"2025-12-19T11:05:52.718538Z","level":"info","event":"Formatting title: Deep Star Six","logger":"root","filename":"new_tropes_dag.py","lineno":66}
{"timestamp":"2025-12-19T11:05:52.718569Z","level":"info","event":"Formatting title: Deer Hunter The","logger":"root","filename":"new_tropes_dag.py","lineno":66}
{"timestamp":"2025-12-19T11:05:52.718597Z","level":"info","event":"Formatting title: Defiance","logger":"root","filename":"new_tropes_dag.py","lineno":66}
{"timestamp":"2025-12-19T11:05:52.718624Z","level":"info","event":"Formatting title: Demolition Man","logger":"root","filename":"new_tropes_dag.py","lineno":66}
{"timestamp":"2025-12-19T11:05:52.718651Z","level":"info","event":"Formatting title: Den Of Thieves","logger":"root","filename":"new_tropes_dag.py","lineno":66}
{"timestamp":"2025-12-19T11:05:52.718683Z","level":"info","event":"Formatting title: Denial","logger":"root","filename":"new_tropes_dag.py","lineno":66}
{"timestamp":"2025-12-19T11:05:52.718710Z","level":"info","event":"Formatting title: Departed The","logger":"root","filename":"new_tropes_dag.py","lineno":66}
{"timestamp":"2025-12-19T11:05:52.718744Z","level":"info","event":"Formatting title: Descendants The","logger":"root","filename":"new_tropes_dag.py","lineno":66}
{"timestamp":"2025-12-19T11:05:52.718777Z","level":"info","event":"Formatting title: Despicable Me 2","logger":"root","filename":"new_tropes_dag.py","lineno":66}
{"timestamp":"2025-12-19T11:05:52.718816Z","level":"info","event":"Formatting title: Destroyer","logger":"root","filename":"new_tropes_dag.py","lineno":66}
{"timestamp":"2025-12-19T11:05:52.718849Z","level":"info","event":"Formatting title: Detroit Rock City","logger":"root","filename":"new_tropes_dag.py","lineno":66}
{"timestamp":"2025-12-19T11:05:52.718882Z","level":"info","event":"Formatting title: Devil In A Blue Dress","logger":"root","filename":"new_tropes_dag.py","lineno":66}
{"timestamp":"2025-12-19T11:05:52.718919Z","level":"info","event":"Formatting title: Devil Wears Prada The","logger":"root","filename":"new_tropes_dag.py","lineno":66}
{"timestamp":"2025-12-19T11:05:52.718952Z","level":"info","event":"Formatting title: Devils Advocate","logger":"root","filename":"new_tropes_dag.py","lineno":66}
{"timestamp":"2025-12-19T11:05:52.718981Z","level":"info","event":"Formatting title: Die Hard","logger":"root","filename":"new_tropes_dag.py","lineno":66}
{"timestamp":"2025-12-19T11:05:52.719015Z","level":"info","event":"Formatting title: Die Hard 2","logger":"root","filename":"new_tropes_dag.py","lineno":66}
{"timestamp":"2025-12-19T11:05:52.719050Z","level":"info","event":"Formatting title: Die Hard With A Vengeance","logger":"root","filename":"new_tropes_dag.py","lineno":66}
{"timestamp":"2025-12-19T11:05:52.719077Z","level":"info","event":"Formatting title: Diner","logger":"root","filename":"new_tropes_dag.py","lineno":66}
{"timestamp":"2025-12-19T11:05:52.719105Z","level":"info","event":"Formatting title: Dinner For Schmucks","logger":"root","filename":"new_tropes_dag.py","lineno":66}
{"timestamp":"2025-12-19T11:05:52.719131Z","level":"info","event":"Formatting title: Dirty Girl","logger":"root","filename":"new_tropes_dag.py","lineno":66}
{"timestamp":"2025-12-19T11:05:52.719157Z","level":"info","event":"Formatting title: Dirty Harry","logger":"root","filename":"new_tropes_dag.py","lineno":66}
{"timestamp":"2025-12-19T11:05:52.719186Z","level":"info","event":"Formatting title: Disclosure","logger":"root","filename":"new_tropes_dag.py","lineno":66}
{"timestamp":"2025-12-19T11:05:52.719214Z","level":"info","event":"Formatting title: Disobedience","logger":"root","filename":"new_tropes_dag.py","lineno":66}
{"timestamp":"2025-12-19T11:05:52.719240Z","level":"info","event":"Formatting title: Disorderlies","logger":"root","filename":"new_tropes_dag.py","lineno":66}
{"timestamp":"2025-12-19T11:05:52.719268Z","level":"info","event":"Formatting title: Distinguished Gentleman The","logger":"root","filename":"new_tropes_dag.py","lineno":66}
{"timestamp":"2025-12-19T11:05:52.719295Z","level":"info","event":"Formatting title: Disturbia","logger":"root","filename":"new_tropes_dag.py","lineno":66}
{"timestamp":"2025-12-19T11:05:52.719319Z","level":"info","event":"Formatting title: Django Unchained","logger":"root","filename":"new_tropes_dag.py","lineno":66}
{"timestamp":"2025-12-19T11:05:52.719343Z","level":"info","event":"Formatting title: Do The Right Thing","logger":"root","filename":"new_tropes_dag.py","lineno":66}
{"timestamp":"2025-12-19T11:05:52.719442Z","level":"info","event":"Formatting title: Doctor Sleep","logger":"root","filename":"new_tropes_dag.py","lineno":66}
{"timestamp":"2025-12-19T11:05:52.719485Z","level":"info","event":"Formatting title: Doctor Zhivago","logger":"root","filename":"new_tropes_dag.py","lineno":66}
{"timestamp":"2025-12-19T11:05:52.719517Z","level":"info","event":"Formatting title: Dog Day Afternoon","logger":"root","filename":"new_tropes_dag.py","lineno":66}
{"timestamp":"2025-12-19T11:05:52.719545Z","level":"info","event":"Formatting title: Dogma","logger":"root","filename":"new_tropes_dag.py","lineno":66}
{"timestamp":"2025-12-19T11:05:52.719574Z","level":"info","event":"Formatting title: Dolemite Is My Name","logger":"root","filename":"new_tropes_dag.py","lineno":66}
{"timestamp":"2025-12-19T11:05:52.719605Z","level":"info","event":"Formatting title: Dominion","logger":"root","filename":"new_tropes_dag.py","lineno":66}
{"timestamp":"2025-12-19T11:05:52.719633Z","level":"info","event":"Formatting title: Donnie Brasco","logger":"root","filename":"new_tropes_dag.py","lineno":66}
{"timestamp":"2025-12-19T11:05:52.719659Z","level":"info","event":"Formatting title: Donnie Darko","logger":"root","filename":"new_tropes_dag.py","lineno":66}
{"timestamp":"2025-12-19T11:05:52.719684Z","level":"info","event":"Formatting title: Dont Look Now","logger":"root","filename":"new_tropes_dag.py","lineno":66}
{"timestamp":"2025-12-19T11:05:52.719710Z","level":"info","event":"Formatting title: Dont Look Up","logger":"root","filename":"new_tropes_dag.py","lineno":66}
{"timestamp":"2025-12-19T11:05:52.719735Z","level":"info","event":"Formatting title: Dont Worry Darling","logger":"root","filename":"new_tropes_dag.py","lineno":66}
{"timestamp":"2025-12-19T11:05:52.719761Z","level":"info","event":"Formatting title: Doom","logger":"root","filename":"new_tropes_dag.py","lineno":66}
{"timestamp":"2025-12-19T11:05:52.719787Z","level":"info","event":"Formatting title: Doors The","logger":"root","filename":"new_tropes_dag.py","lineno":66}
{"timestamp":"2025-12-19T11:05:52.719818Z","level":"info","event":"Formatting title: Dope","logger":"root","filename":"new_tropes_dag.py","lineno":66}
{"timestamp":"2025-12-19T11:05:52.719844Z","level":"info","event":"Formatting title: Double Indemnity","logger":"root","filename":"new_tropes_dag.py","lineno":66}
{"timestamp":"2025-12-19T11:05:52.719869Z","level":"info","event":"Formatting title: Doubt","logger":"root","filename":"new_tropes_dag.py","lineno":66}
{"timestamp":"2025-12-19T11:05:52.719897Z","level":"info","event":"Formatting title: Downhill","logger":"root","filename":"new_tropes_dag.py","lineno":66}
{"timestamp":"2025-12-19T11:05:52.719926Z","level":"info","event":"Formatting title: Downsizing","logger":"root","filename":"new_tropes_dag.py","lineno":66}
{"timestamp":"2025-12-19T11:05:52.719950Z","level":"info","event":"Formatting title: Downton Abbey","logger":"root","filename":"new_tropes_dag.py","lineno":66}
{"timestamp":"2025-12-19T11:05:52.719975Z","level":"info","event":"Formatting title: Dr Horribles Sing Along Blog","logger":"root","filename":"new_tropes_dag.py","lineno":66}
{"timestamp":"2025-12-19T11:05:52.720000Z","level":"info","event":"Formatting title: Dr No","logger":"root","filename":"new_tropes_dag.py","lineno":66}
{"timestamp":"2025-12-19T11:05:52.720024Z","level":"info","event":"Formatting title: Dr Strangelove Or How I Learned To Stop Worrying And Love The Bomb","logger":"root","filename":"new_tropes_dag.py","lineno":66}
{"timestamp":"2025-12-19T11:05:52.720052Z","level":"info","event":"Formatting title: Drag Me To Hell","logger":"root","filename":"new_tropes_dag.py","lineno":66}
{"timestamp":"2025-12-19T11:05:52.720078Z","level":"info","event":"Formatting title: Dragonheart","logger":"root","filename":"new_tropes_dag.py","lineno":66}
{"timestamp":"2025-12-19T11:05:52.720103Z","level":"info","event":"Formatting title: Dragonslayer","logger":"root","filename":"new_tropes_dag.py","lineno":66}
{"timestamp":"2025-12-19T11:05:52.720128Z","level":"info","event":"Formatting title: Dream Scenario","logger":"root","filename":"new_tropes_dag.py","lineno":66}
{"timestamp":"2025-12-19T11:05:52.720158Z","level":"info","event":"Formatting title: Dredd","logger":"root","filename":"new_tropes_dag.py","lineno":66}
{"timestamp":"2025-12-19T11:05:52.720187Z","level":"info","event":"Formatting title: Dressed To Kill","logger":"root","filename":"new_tropes_dag.py","lineno":66}
{"timestamp":"2025-12-19T11:05:52.720213Z","level":"info","event":"Formatting title: Drive","logger":"root","filename":"new_tropes_dag.py","lineno":66}
{"timestamp":"2025-12-19T11:05:52.720238Z","level":"info","event":"Formatting title: Drive Angry","logger":"root","filename":"new_tropes_dag.py","lineno":66}
{"timestamp":"2025-12-19T11:05:52.720263Z","level":"info","event":"Formatting title: Driving Miss Daisy","logger":"root","filename":"new_tropes_dag.py","lineno":66}
{"timestamp":"2025-12-19T11:05:52.720286Z","level":"info","event":"Formatting title: Drop Dead Gorgeous","logger":"root","filename":"new_tropes_dag.py","lineno":66}
{"timestamp":"2025-12-19T11:05:52.720315Z","level":"info","event":"Formatting title: Dry White Season A","logger":"root","filename":"new_tropes_dag.py","lineno":66}
{"timestamp":"2025-12-19T11:05:52.720340Z","level":"info","event":"Formatting title: Duck Soup","logger":"root","filename":"new_tropes_dag.py","lineno":66}
{"timestamp":"2025-12-19T11:05:52.720364Z","level":"info","event":"Formatting title: Dumb And Dumber","logger":"root","filename":"new_tropes_dag.py","lineno":66}
{"timestamp":"2025-12-19T11:05:52.720389Z","level":"info","event":"Formatting title: Dumb Money","logger":"root","filename":"new_tropes_dag.py","lineno":66}
{"timestamp":"2025-12-19T11:05:52.720414Z","level":"info","event":"Formatting title: Dune","logger":"root","filename":"new_tropes_dag.py","lineno":66}
{"timestamp":"2025-12-19T11:05:52.720438Z","level":"info","event":"Formatting title: Dune","logger":"root","filename":"new_tropes_dag.py","lineno":66}
{"timestamp":"2025-12-19T11:05:52.720493Z","level":"info","event":"Formatting title: Dune Part One","logger":"root","filename":"new_tropes_dag.py","lineno":66}
{"timestamp":"2025-12-19T11:05:52.720527Z","level":"info","event":"Formatting title: Dunkirk","logger":"root","filename":"new_tropes_dag.py","lineno":66}
{"timestamp":"2025-12-19T11:05:52.720556Z","level":"info","event":"Formatting title: Duplicity","logger":"root","filename":"new_tropes_dag.py","lineno":66}
{"timestamp":"2025-12-19T11:05:52.720583Z","level":"info","event":"Formatting title: Dutch","logger":"root","filename":"new_tropes_dag.py","lineno":66}
{"timestamp":"2025-12-19T11:05:52.720609Z","level":"info","event":"Formatting title: Eagle Eye","logger":"root","filename":"new_tropes_dag.py","lineno":66}
{"timestamp":"2025-12-19T11:05:52.720635Z","level":"info","event":"Formatting title: Eastern Promises","logger":"root","filename":"new_tropes_dag.py","lineno":66}
{"timestamp":"2025-12-19T11:05:52.720661Z","level":"info","event":"Formatting title: Easy A","logger":"root","filename":"new_tropes_dag.py","lineno":66}
{"timestamp":"2025-12-19T11:05:52.720686Z","level":"info","event":"Formatting title: Ed Tv","logger":"root","filename":"new_tropes_dag.py","lineno":66}
{"timestamp":"2025-12-19T11:05:52.720712Z","level":"info","event":"Formatting title: Ed Wood","logger":"root","filename":"new_tropes_dag.py","lineno":66}
{"timestamp":"2025-12-19T11:05:52.720738Z","level":"info","event":"Formatting title: Eddie The Eagle","logger":"root","filename":"new_tropes_dag.py","lineno":66}
{"timestamp":"2025-12-19T11:05:52.720764Z","level":"info","event":"Formatting title: Edge Of Tomorrow","logger":"root","filename":"new_tropes_dag.py","lineno":66}
{"timestamp":"2025-12-19T11:05:52.720789Z","level":"info","event":"Formatting title: Edward Scissorhands","logger":"root","filename":"new_tropes_dag.py","lineno":66}
{"timestamp":"2025-12-19T11:05:52.720813Z","level":"info","event":"Formatting title: Eight Legged Freaks","logger":"root","filename":"new_tropes_dag.py","lineno":66}
{"timestamp":"2025-12-19T11:05:52.720837Z","level":"info","event":"Formatting title: Eighth Grade","logger":"root","filename":"new_tropes_dag.py","lineno":66}
{"timestamp":"2025-12-19T11:05:52.720866Z","level":"info","event":"Formatting title: El Mariachi","logger":"root","filename":"new_tropes_dag.py","lineno":66}
{"timestamp":"2025-12-19T11:05:52.720892Z","level":"info","event":"Formatting title: Election","logger":"root","filename":"new_tropes_dag.py","lineno":66}
{"timestamp":"2025-12-19T11:05:52.720921Z","level":"info","event":"Formatting title: Elemental","logger":"root","filename":"new_tropes_dag.py","lineno":66}
{"timestamp":"2025-12-19T11:05:52.720946Z","level":"info","event":"Formatting title: Elephant Man The","logger":"root","filename":"new_tropes_dag.py","lineno":66}
{"timestamp":"2025-12-19T11:05:52.720971Z","level":"info","event":"Formatting title: Elizabeth The Golden Age","logger":"root","filename":"new_tropes_dag.py","lineno":66}
{"timestamp":"2025-12-19T11:05:52.720996Z","level":"info","event":"Formatting title: Elvis","logger":"root","filename":"new_tropes_dag.py","lineno":66}
{"timestamp":"2025-12-19T11:05:52.721020Z","level":"info","event":"Formatting title: Elysium","logger":"root","filename":"new_tropes_dag.py","lineno":66}
{"timestamp":"2025-12-19T11:05:52.721046Z","level":"info","event":"Formatting title: Emancipation","logger":"root","filename":"new_tropes_dag.py","lineno":66}
{"timestamp":"2025-12-19T11:05:52.721076Z","level":"info","event":"Formatting title: Emergency","logger":"root","filename":"new_tropes_dag.py","lineno":66}
{"timestamp":"2025-12-19T11:05:52.721101Z","level":"info","event":"Formatting title: Emilia Pérez","logger":"root","filename":"new_tropes_dag.py","lineno":66}
{"timestamp":"2025-12-19T11:05:52.721129Z","level":"info","event":"Formatting title: Emma","logger":"root","filename":"new_tropes_dag.py","lineno":66}
{"timestamp":"2025-12-19T11:05:52.721153Z","level":"info","event":"Formatting title: Empire Of Light","logger":"root","filename":"new_tropes_dag.py","lineno":66}
{"timestamp":"2025-12-19T11:05:52.721177Z","level":"info","event":"Formatting title: Encanto","logger":"root","filename":"new_tropes_dag.py","lineno":66}
{"timestamp":"2025-12-19T11:05:52.721202Z","level":"info","event":"Formatting title: Encounter","logger":"root","filename":"new_tropes_dag.py","lineno":66}
{"timestamp":"2025-12-19T11:05:52.721226Z","level":"info","event":"Formatting title: End Of Watch","logger":"root","filename":"new_tropes_dag.py","lineno":66}
{"timestamp":"2025-12-19T11:05:52.721250Z","level":"info","event":"Formatting title: Enemy Of The State","logger":"root","filename":"new_tropes_dag.py","lineno":66}
{"timestamp":"2025-12-19T11:05:52.721274Z","level":"info","event":"Formatting title: English Patient The","logger":"root","filename":"new_tropes_dag.py","lineno":66}
{"timestamp":"2025-12-19T11:05:52.721297Z","level":"info","event":"Formatting title: Enough","logger":"root","filename":"new_tropes_dag.py","lineno":66}
{"timestamp":"2025-12-19T11:05:52.721320Z","level":"info","event":"Formatting title: Enough Said","logger":"root","filename":"new_tropes_dag.py","lineno":66}
{"timestamp":"2025-12-19T11:05:52.721343Z","level":"info","event":"Formatting title: Entrapment","logger":"root","filename":"new_tropes_dag.py","lineno":66}
{"timestamp":"2025-12-19T11:05:52.721367Z","level":"info","event":"Formatting title: Equilibrium","logger":"root","filename":"new_tropes_dag.py","lineno":66}
{"timestamp":"2025-12-19T11:05:52.721391Z","level":"info","event":"Formatting title: Equity","logger":"root","filename":"new_tropes_dag.py","lineno":66}
{"timestamp":"2025-12-19T11:05:52.721416Z","level":"info","event":"Formatting title: Eraser","logger":"root","filename":"new_tropes_dag.py","lineno":66}
{"timestamp":"2025-12-19T11:05:52.721441Z","level":"info","event":"Formatting title: Erik The Viking","logger":"root","filename":"new_tropes_dag.py","lineno":66}
{"timestamp":"2025-12-19T11:05:52.721465Z","level":"info","event":"Formatting title: Erin Brockovich","logger":"root","filename":"new_tropes_dag.py","lineno":66}
{"timestamp":"2025-12-19T11:05:52.721494Z","level":"info","event":"Formatting title: Escape From La","logger":"root","filename":"new_tropes_dag.py","lineno":66}
{"timestamp":"2025-12-19T11:05:52.721519Z","level":"info","event":"Formatting title: Escape From New York","logger":"root","filename":"new_tropes_dag.py","lineno":66}
{"timestamp":"2025-12-19T11:05:52.721544Z","level":"info","event":"Formatting title: Et","logger":"root","filename":"new_tropes_dag.py","lineno":66}
{"timestamp":"2025-12-19T11:05:52.721569Z","level":"info","event":"Formatting title: Et The Extra Terrestrial","logger":"root","filename":"new_tropes_dag.py","lineno":66}
{"timestamp":"2025-12-19T11:05:52.721595Z","level":"info","event":"Formatting title: Eternal Sunshine Of The Spotless Mind","logger":"root","filename":"new_tropes_dag.py","lineno":66}
{"timestamp":"2025-12-19T11:05:52.721619Z","level":"info","event":"Formatting title: Even Cowgirls Get The Blues","logger":"root","filename":"new_tropes_dag.py","lineno":66}
{"timestamp":"2025-12-19T11:05:52.721643Z","level":"info","event":"Formatting title: Event Horizon","logger":"root","filename":"new_tropes_dag.py","lineno":66}
{"timestamp":"2025-12-19T11:05:52.721667Z","level":"info","event":"Formatting title: Everything Everywhere All At Once","logger":"root","filename":"new_tropes_dag.py","lineno":66}
{"timestamp":"2025-12-19T11:05:52.721691Z","level":"info","event":"Formatting title: Evil Dead","logger":"root","filename":"new_tropes_dag.py","lineno":66}
{"timestamp":"2025-12-19T11:05:52.721716Z","level":"info","event":"Formatting title: Evil Dead 2","logger":"root","filename":"new_tropes_dag.py","lineno":66}
{"timestamp":"2025-12-19T11:05:52.721740Z","level":"info","event":"Formatting title: Evil Dead 2 Dead By Dawn","logger":"root","filename":"new_tropes_dag.py","lineno":66}
{"timestamp":"2025-12-19T11:05:52.721765Z","level":"info","event":"Formatting title: Evolution","logger":"root","filename":"new_tropes_dag.py","lineno":66}
{"timestamp":"2025-12-19T11:05:52.721790Z","level":"info","event":"Formatting title: Ex Machina","logger":"root","filename":"new_tropes_dag.py","lineno":66}
{"timestamp":"2025-12-19T11:05:52.721816Z","level":"info","event":"Formatting title: Excalibur","logger":"root","filename":"new_tropes_dag.py","lineno":66}
{"timestamp":"2025-12-19T11:05:52.721840Z","level":"info","event":"Formatting title: Executive Decision","logger":"root","filename":"new_tropes_dag.py","lineno":66}
{"timestamp":"2025-12-19T11:05:52.721866Z","level":"info","event":"Formatting title: Existenz","logger":"root","filename":"new_tropes_dag.py","lineno":66}
{"timestamp":"2025-12-19T11:05:52.721891Z","level":"info","event":"Formatting title: Exorcist 2 The Heretic","logger":"root","filename":"new_tropes_dag.py","lineno":66}
{"timestamp":"2025-12-19T11:05:52.721917Z","level":"info","event":"Formatting title: Extract","logger":"root","filename":"new_tropes_dag.py","lineno":66}
{"timestamp":"2025-12-19T11:05:52.721941Z","level":"info","event":"Formatting title: Extremely Wicked Shockingly Evil And Vile","logger":"root","filename":"new_tropes_dag.py","lineno":66}
{"timestamp":"2025-12-19T11:05:52.721966Z","level":"info","event":"Formatting title: Eye In The Sky","logger":"root","filename":"new_tropes_dag.py","lineno":66}
{"timestamp":"2025-12-19T11:05:52.721991Z","level":"info","event":"Formatting title: Eyes Wide Shut","logger":"root","filename":"new_tropes_dag.py","lineno":66}
{"timestamp":"2025-12-19T11:05:52.722015Z","level":"info","event":"Formatting title: Fabulous Baker Boys The","logger":"root","filename":"new_tropes_dag.py","lineno":66}
{"timestamp":"2025-12-19T11:05:52.722039Z","level":"info","event":"Formatting title: Face Off","logger":"root","filename":"new_tropes_dag.py","lineno":66}
{"timestamp":"2025-12-19T11:05:52.722067Z","level":"info","event":"Formatting title: Fair Game","logger":"root","filename":"new_tropes_dag.py","lineno":66}
{"timestamp":"2025-12-19T11:05:52.722092Z","level":"info","event":"Formatting title: Fair Play","logger":"root","filename":"new_tropes_dag.py","lineno":66}
{"timestamp":"2025-12-19T11:05:52.722118Z","level":"info","event":"Formatting title: Fairytale A True Story","logger":"root","filename":"new_tropes_dag.py","lineno":66}
{"timestamp":"2025-12-19T11:05:52.722143Z","level":"info","event":"Formatting title: Family Man The","logger":"root","filename":"new_tropes_dag.py","lineno":66}
{"timestamp":"2025-12-19T11:05:52.722167Z","level":"info","event":"Formatting title: Fanboys","logger":"root","filename":"new_tropes_dag.py","lineno":66}
{"timestamp":"2025-12-19T11:05:52.722191Z","level":"info","event":"Formatting title: Fantastic Beasts And Where To Find Them","logger":"root","filename":"new_tropes_dag.py","lineno":66}
{"timestamp":"2025-12-19T11:05:52.722216Z","level":"info","event":"Formatting title: Fantastic Beasts The Crimes Of Grindelwald","logger":"root","filename":"new_tropes_dag.py","lineno":66}
{"timestamp":"2025-12-19T11:05:52.722240Z","level":"info","event":"Formatting title: Fantastic Beasts The Secrets Of Dumbledore","logger":"root","filename":"new_tropes_dag.py","lineno":66}
{"timestamp":"2025-12-19T11:05:52.722264Z","level":"info","event":"Formatting title: Fantastic Four","logger":"root","filename":"new_tropes_dag.py","lineno":66}
{"timestamp":"2025-12-19T11:05:52.722288Z","level":"info","event":"Formatting title: Fantastic Mr Fox","logger":"root","filename":"new_tropes_dag.py","lineno":66}
{"timestamp":"2025-12-19T11:05:52.722311Z","level":"info","event":"Formatting title: Fargo","logger":"root","filename":"new_tropes_dag.py","lineno":66}
{"timestamp":"2025-12-19T11:05:52.722335Z","level":"info","event":"Formatting title: Fast Color","logger":"root","filename":"new_tropes_dag.py","lineno":66}
{"timestamp":"2025-12-19T11:05:52.722359Z","level":"info","event":"Formatting title: Fast Times At Ridgemont High","logger":"root","filename":"new_tropes_dag.py","lineno":66}
{"timestamp":"2025-12-19T11:05:52.722384Z","level":"info","event":"Formatting title: Fatal Attraction","logger":"root","filename":"new_tropes_dag.py","lineno":66}
{"timestamp":"2025-12-19T11:05:52.722408Z","level":"info","event":"Formatting title: Fatal Instinct","logger":"root","filename":"new_tropes_dag.py","lineno":66}
{"timestamp":"2025-12-19T11:05:52.722431Z","level":"info","event":"Formatting title: Fault In Our Stars The","logger":"root","filename":"new_tropes_dag.py","lineno":66}
{"timestamp":"2025-12-19T11:05:52.722474Z","level":"info","event":"Formatting title: Faults","logger":"root","filename":"new_tropes_dag.py","lineno":66}
{"timestamp":"2025-12-19T11:05:52.722512Z","level":"info","event":"Formatting title: Fear And Loathing In Las Vegas","logger":"root","filename":"new_tropes_dag.py","lineno":66}
{"timestamp":"2025-12-19T11:05:52.722542Z","level":"info","event":"Formatting title: Fear Street Part One 1994","logger":"root","filename":"new_tropes_dag.py","lineno":66}
{"timestamp":"2025-12-19T11:05:52.722569Z","level":"info","event":"Formatting title: Feast","logger":"root","filename":"new_tropes_dag.py","lineno":66}
{"timestamp":"2025-12-19T11:05:52.722595Z","level":"info","event":"Formatting title: Fences","logger":"root","filename":"new_tropes_dag.py","lineno":66}
{"timestamp":"2025-12-19T11:05:52.722620Z","level":"info","event":"Formatting title: Ferrari","logger":"root","filename":"new_tropes_dag.py","lineno":66}
{"timestamp":"2025-12-19T11:05:52.722645Z","level":"info","event":"Formatting title: Ferris Buellers Day Off","logger":"root","filename":"new_tropes_dag.py","lineno":66}
{"timestamp":"2025-12-19T11:05:52.722670Z","level":"info","event":"Formatting title: Field Of Dreams","logger":"root","filename":"new_tropes_dag.py","lineno":66}
{"timestamp":"2025-12-19T11:05:52.722699Z","level":"info","event":"Formatting title: Fifth Element The","logger":"root","filename":"new_tropes_dag.py","lineno":66}
{"timestamp":"2025-12-19T11:05:52.722725Z","level":"info","event":"Formatting title: Fight Club","logger":"root","filename":"new_tropes_dag.py","lineno":66}
{"timestamp":"2025-12-19T11:05:52.722750Z","level":"info","event":"Formatting title: Fighter The","logger":"root","filename":"new_tropes_dag.py","lineno":66}
{"timestamp":"2025-12-19T11:05:52.722777Z","level":"info","event":"Formatting title: Film Stars Dont Die In Liverpool","logger":"root","filename":"new_tropes_dag.py","lineno":66}
{"timestamp":"2025-12-19T11:05:52.722801Z","level":"info","event":"Formatting title: Final Destination","logger":"root","filename":"new_tropes_dag.py","lineno":66}
{"timestamp":"2025-12-19T11:05:52.722825Z","level":"info","event":"Formatting title: Final Destination 2","logger":"root","filename":"new_tropes_dag.py","lineno":66}
{"timestamp":"2025-12-19T11:05:52.722849Z","level":"info","event":"Formatting title: Finding Nemo","logger":"root","filename":"new_tropes_dag.py","lineno":66}
{"timestamp":"2025-12-19T11:05:52.722875Z","level":"info","event":"Formatting title: First Blood","logger":"root","filename":"new_tropes_dag.py","lineno":66}
{"timestamp":"2025-12-19T11:05:52.722899Z","level":"info","event":"Formatting title: First Cow","logger":"root","filename":"new_tropes_dag.py","lineno":66}
{"timestamp":"2025-12-19T11:05:52.722923Z","level":"info","event":"Formatting title: First Man","logger":"root","filename":"new_tropes_dag.py","lineno":66}
{"timestamp":"2025-12-19T11:05:52.722947Z","level":"info","event":"Formatting title: First Reformed","logger":"root","filename":"new_tropes_dag.py","lineno":66}
{"timestamp":"2025-12-19T11:05:52.722972Z","level":"info","event":"Formatting title: First They Killed My Father","logger":"root","filename":"new_tropes_dag.py","lineno":66}
{"timestamp":"2025-12-19T11:05:52.723000Z","level":"info","event":"Formatting title: Five Easy Pieces","logger":"root","filename":"new_tropes_dag.py","lineno":66}
{"timestamp":"2025-12-19T11:05:52.723025Z","level":"info","event":"Formatting title: Flash Gordon","logger":"root","filename":"new_tropes_dag.py","lineno":66}
{"timestamp":"2025-12-19T11:05:52.723050Z","level":"info","event":"Formatting title: Flashdance","logger":"root","filename":"new_tropes_dag.py","lineno":66}
{"timestamp":"2025-12-19T11:05:52.723074Z","level":"info","event":"Formatting title: Flatliners","logger":"root","filename":"new_tropes_dag.py","lineno":66}
{"timestamp":"2025-12-19T11:05:52.723098Z","level":"info","event":"Formatting title: Fletch","logger":"root","filename":"new_tropes_dag.py","lineno":66}
{"timestamp":"2025-12-19T11:05:52.723121Z","level":"info","event":"Formatting title: Flight","logger":"root","filename":"new_tropes_dag.py","lineno":66}
{"timestamp":"2025-12-19T11:05:52.723145Z","level":"info","event":"Formatting title: Flintstones The","logger":"root","filename":"new_tropes_dag.py","lineno":66}
{"timestamp":"2025-12-19T11:05:52.723169Z","level":"info","event":"Formatting title: Flora And Son","logger":"root","filename":"new_tropes_dag.py","lineno":66}
{"timestamp":"2025-12-19T11:05:52.785262Z","level":"info","event":"Formatting title: Focus","logger":"root","filename":"new_tropes_dag.py","lineno":66}
{"timestamp":"2025-12-19T11:05:52.785369Z","level":"info","event":"Formatting title: Foe","logger":"root","filename":"new_tropes_dag.py","lineno":66}
{"timestamp":"2025-12-19T11:05:52.785410Z","level":"info","event":"Formatting title: Following","logger":"root","filename":"new_tropes_dag.py","lineno":66}
{"timestamp":"2025-12-19T11:05:52.785443Z","level":"info","event":"Formatting title: For Your Eyes Only","logger":"root","filename":"new_tropes_dag.py","lineno":66}
{"timestamp":"2025-12-19T11:05:52.785473Z","level":"info","event":"Formatting title: Ford V Ferrari","logger":"root","filename":"new_tropes_dag.py","lineno":66}
{"timestamp":"2025-12-19T11:05:52.785502Z","level":"info","event":"Formatting title: Forrest Gump","logger":"root","filename":"new_tropes_dag.py","lineno":66}
{"timestamp":"2025-12-19T11:05:52.785529Z","level":"info","event":"Formatting title: Four Feathers","logger":"root","filename":"new_tropes_dag.py","lineno":66}
{"timestamp":"2025-12-19T11:05:52.785555Z","level":"info","event":"Formatting title: Four Rooms","logger":"root","filename":"new_tropes_dag.py","lineno":66}
{"timestamp":"2025-12-19T11:05:52.785581Z","level":"info","event":"Formatting title: Four Weddings And A Funeral","logger":"root","filename":"new_tropes_dag.py","lineno":66}
{"timestamp":"2025-12-19T11:05:52.785606Z","level":"info","event":"Formatting title: Foxcatcher","logger":"root","filename":"new_tropes_dag.py","lineno":66}
{"timestamp":"2025-12-19T11:05:52.785632Z","level":"info","event":"Formatting title: Fracture","logger":"root","filename":"new_tropes_dag.py","lineno":66}
{"timestamp":"2025-12-19T11:05:52.785658Z","level":"info","event":"Formatting title: Frailty","logger":"root","filename":"new_tropes_dag.py","lineno":66}
{"timestamp":"2025-12-19T11:05:52.785685Z","level":"info","event":"Formatting title: Frances","logger":"root","filename":"new_tropes_dag.py","lineno":66}
{"timestamp":"2025-12-19T11:05:52.785711Z","level":"info","event":"Formatting title: Frances Ha","logger":"root","filename":"new_tropes_dag.py","lineno":66}
{"timestamp":"2025-12-19T11:05:52.785736Z","level":"info","event":"Formatting title: Frank","logger":"root","filename":"new_tropes_dag.py","lineno":66}
{"timestamp":"2025-12-19T11:05:52.785761Z","level":"info","event":"Formatting title: Frankenstein","logger":"root","filename":"new_tropes_dag.py","lineno":66}
{"timestamp":"2025-12-19T11:05:52.785786Z","level":"info","event":"Formatting title: Frankensteins Army","logger":"root","filename":"new_tropes_dag.py","lineno":66}
{"timestamp":"2025-12-19T11:05:52.785811Z","level":"info","event":"Formatting title: Frankenweenie","logger":"root","filename":"new_tropes_dag.py","lineno":66}
{"timestamp":"2025-12-19T11:05:52.785835Z","level":"info","event":"Formatting title: Frankie","logger":"root","filename":"new_tropes_dag.py","lineno":66}
{"timestamp":"2025-12-19T11:05:52.785861Z","level":"info","event":"Formatting title: Frantic","logger":"root","filename":"new_tropes_dag.py","lineno":66}
{"timestamp":"2025-12-19T11:05:52.785886Z","level":"info","event":"Formatting title: Freaked","logger":"root","filename":"new_tropes_dag.py","lineno":66}
{"timestamp":"2025-12-19T11:05:52.785910Z","level":"info","event":"Formatting title: Fred Claus","logger":"root","filename":"new_tropes_dag.py","lineno":66}
{"timestamp":"2025-12-19T11:05:52.785934Z","level":"info","event":"Formatting title: Freddy Vs Jason","logger":"root","filename":"new_tropes_dag.py","lineno":66}
{"timestamp":"2025-12-19T11:05:52.785958Z","level":"info","event":"Formatting title: Free Fire","logger":"root","filename":"new_tropes_dag.py","lineno":66}
{"timestamp":"2025-12-19T11:05:52.785982Z","level":"info","event":"Formatting title: Free Guy","logger":"root","filename":"new_tropes_dag.py","lineno":66}
{"timestamp":"2025-12-19T11:05:52.786006Z","level":"info","event":"Formatting title: French Connection The","logger":"root","filename":"new_tropes_dag.py","lineno":66}
{"timestamp":"2025-12-19T11:05:52.786030Z","level":"info","event":"Formatting title: Frequency","logger":"root","filename":"new_tropes_dag.py","lineno":66}
{"timestamp":"2025-12-19T11:05:52.786053Z","level":"info","event":"Formatting title: Fresh","logger":"root","filename":"new_tropes_dag.py","lineno":66}
{"timestamp":"2025-12-19T11:05:52.786078Z","level":"info","event":"Formatting title: Freuds Last Session","logger":"root","filename":"new_tropes_dag.py","lineno":66}
{"timestamp":"2025-12-19T11:05:52.786103Z","level":"info","event":"Formatting title: Friday","logger":"root","filename":"new_tropes_dag.py","lineno":66}
{"timestamp":"2025-12-19T11:05:52.786129Z","level":"info","event":"Formatting title: Friday The 13th","logger":"root","filename":"new_tropes_dag.py","lineno":66}
{"timestamp":"2025-12-19T11:05:52.786153Z","level":"info","event":"Formatting title: Friday The 13th Part 6 Jason Lives","logger":"root","filename":"new_tropes_dag.py","lineno":66}
{"timestamp":"2025-12-19T11:05:52.786179Z","level":"info","event":"Formatting title: Friday The 13th Part 8 Jason Takes Manhattan","logger":"root","filename":"new_tropes_dag.py","lineno":66}
{"timestamp":"2025-12-19T11:05:52.786204Z","level":"info","event":"Formatting title: Fright Night","logger":"root","filename":"new_tropes_dag.py","lineno":66}
{"timestamp":"2025-12-19T11:05:52.786231Z","level":"info","event":"Formatting title: Fright Night (1985)","logger":"root","filename":"new_tropes_dag.py","lineno":66}
{"timestamp":"2025-12-19T11:05:52.786256Z","level":"info","event":"Formatting title: From Dusk Till Dawn","logger":"root","filename":"new_tropes_dag.py","lineno":66}
{"timestamp":"2025-12-19T11:05:52.786281Z","level":"info","event":"Formatting title: From Here To Eternity","logger":"root","filename":"new_tropes_dag.py","lineno":66}
{"timestamp":"2025-12-19T11:05:52.786376Z","level":"info","event":"Formatting title: From Russia With Love","logger":"root","filename":"new_tropes_dag.py","lineno":66}
{"timestamp":"2025-12-19T11:05:52.786442Z","level":"info","event":"Formatting title: Frost / Nixon","logger":"root","filename":"new_tropes_dag.py","lineno":66}
{"timestamp":"2025-12-19T11:05:52.786481Z","level":"info","event":"Formatting title: Frozen","logger":"root","filename":"new_tropes_dag.py","lineno":66}
{"timestamp":"2025-12-19T11:05:52.786534Z","level":"info","event":"Formatting title: Frozen (disney)","logger":"root","filename":"new_tropes_dag.py","lineno":66}
{"timestamp":"2025-12-19T11:05:52.786594Z","level":"info","event":"Formatting title: Frozen River","logger":"root","filename":"new_tropes_dag.py","lineno":66}
{"timestamp":"2025-12-19T11:05:52.786631Z","level":"info","event":"Formatting title: Fruitvale Station","logger":"root","filename":"new_tropes_dag.py","lineno":66}
{"timestamp":"2025-12-19T11:05:52.786662Z","level":"info","event":"Formatting title: Fugitive The","logger":"root","filename":"new_tropes_dag.py","lineno":66}
{"timestamp":"2025-12-19T11:05:52.786700Z","level":"info","event":"Formatting title: Full Metal Jacket","logger":"root","filename":"new_tropes_dag.py","lineno":66}
{"timestamp":"2025-12-19T11:05:52.786728Z","level":"info","event":"Formatting title: Funny People","logger":"root","filename":"new_tropes_dag.py","lineno":66}
{"timestamp":"2025-12-19T11:05:52.786754Z","level":"info","event":"Formatting title: Fury","logger":"root","filename":"new_tropes_dag.py","lineno":66}
{"timestamp":"2025-12-19T11:05:52.786781Z","level":"info","event":"Formatting title: Game 6","logger":"root","filename":"new_tropes_dag.py","lineno":66}
{"timestamp":"2025-12-19T11:05:52.786807Z","level":"info","event":"Formatting title: Game Night","logger":"root","filename":"new_tropes_dag.py","lineno":66}
{"timestamp":"2025-12-19T11:05:52.786835Z","level":"info","event":"Formatting title: Game The","logger":"root","filename":"new_tropes_dag.py","lineno":66}
{"timestamp":"2025-12-19T11:05:52.786886Z","level":"info","event":"Formatting title: Gamer","logger":"root","filename":"new_tropes_dag.py","lineno":66}
{"timestamp":"2025-12-19T11:05:52.786921Z","level":"info","event":"Formatting title: Gandhi","logger":"root","filename":"new_tropes_dag.py","lineno":66}
{"timestamp":"2025-12-19T11:05:52.786950Z","level":"info","event":"Formatting title: Gang Related","logger":"root","filename":"new_tropes_dag.py","lineno":66}
{"timestamp":"2025-12-19T11:05:52.786977Z","level":"info","event":"Formatting title: Gangs Of New York","logger":"root","filename":"new_tropes_dag.py","lineno":66}
{"timestamp":"2025-12-19T11:05:52.787004Z","level":"info","event":"Formatting title: Garden State","logger":"root","filename":"new_tropes_dag.py","lineno":66}
{"timestamp":"2025-12-19T11:05:52.787030Z","level":"info","event":"Formatting title: Gattaca","logger":"root","filename":"new_tropes_dag.py","lineno":66}
{"timestamp":"2025-12-19T11:05:52.787055Z","level":"info","event":"Formatting title: Gemini Man","logger":"root","filename":"new_tropes_dag.py","lineno":66}
{"timestamp":"2025-12-19T11:05:52.787081Z","level":"info","event":"Formatting title: Geostorm","logger":"root","filename":"new_tropes_dag.py","lineno":66}
{"timestamp":"2025-12-19T11:05:52.787106Z","level":"info","event":"Formatting title: Get Carter","logger":"root","filename":"new_tropes_dag.py","lineno":66}
{"timestamp":"2025-12-19T11:05:52.787131Z","level":"info","event":"Formatting title: Get Low","logger":"root","filename":"new_tropes_dag.py","lineno":66}
{"timestamp":"2025-12-19T11:05:52.787156Z","level":"info","event":"Formatting title: Get On Up","logger":"root","filename":"new_tropes_dag.py","lineno":66}
{"timestamp":"2025-12-19T11:05:52.787183Z","level":"info","event":"Formatting title: Get Out","logger":"root","filename":"new_tropes_dag.py","lineno":66}
{"timestamp":"2025-12-19T11:05:52.787217Z","level":"info","event":"Formatting title: Get Rich Or Die Tryin","logger":"root","filename":"new_tropes_dag.py","lineno":66}
{"timestamp":"2025-12-19T11:05:52.787243Z","level":"info","event":"Formatting title: Get Shorty","logger":"root","filename":"new_tropes_dag.py","lineno":66}
{"timestamp":"2025-12-19T11:05:52.787268Z","level":"info","event":"Formatting title: Getaway The","logger":"root","filename":"new_tropes_dag.py","lineno":66}
{"timestamp":"2025-12-19T11:05:52.787293Z","level":"info","event":"Formatting title: Ghost","logger":"root","filename":"new_tropes_dag.py","lineno":66}
{"timestamp":"2025-12-19T11:05:52.787318Z","level":"info","event":"Formatting title: Ghost And The Darkness The","logger":"root","filename":"new_tropes_dag.py","lineno":66}
{"timestamp":"2025-12-19T11:05:52.787341Z","level":"info","event":"Formatting title: Ghost Rider","logger":"root","filename":"new_tropes_dag.py","lineno":66}
{"timestamp":"2025-12-19T11:05:52.787412Z","level":"info","event":"Formatting title: Ghost Ship","logger":"root","filename":"new_tropes_dag.py","lineno":66}
{"timestamp":"2025-12-19T11:05:52.787448Z","level":"info","event":"Formatting title: Ghost World","logger":"root","filename":"new_tropes_dag.py","lineno":66}
{"timestamp":"2025-12-19T11:05:52.787477Z","level":"info","event":"Formatting title: Ghostbusters","logger":"root","filename":"new_tropes_dag.py","lineno":66}
{"timestamp":"2025-12-19T11:05:52.787505Z","level":"info","event":"Formatting title: Ghostbusters 2","logger":"root","filename":"new_tropes_dag.py","lineno":66}
{"timestamp":"2025-12-19T11:05:52.787531Z","level":"info","event":"Formatting title: Gi Jane","logger":"root","filename":"new_tropes_dag.py","lineno":66}
{"timestamp":"2025-12-19T11:05:52.787558Z","level":"info","event":"Formatting title: Gi Joe The Rise Of Cobra","logger":"root","filename":"new_tropes_dag.py","lineno":66}
{"timestamp":"2025-12-19T11:05:52.787584Z","level":"info","event":"Formatting title: Ginger Snaps","logger":"root","filename":"new_tropes_dag.py","lineno":66}
{"timestamp":"2025-12-19T11:05:52.787610Z","level":"info","event":"Formatting title: Girl With The Dragon Tattoo The","logger":"root","filename":"new_tropes_dag.py","lineno":66}
{"timestamp":"2025-12-19T11:05:52.787636Z","level":"info","event":"Formatting title: Girl With The Pearl Earring","logger":"root","filename":"new_tropes_dag.py","lineno":66}
{"timestamp":"2025-12-19T11:05:52.787662Z","level":"info","event":"Formatting title: Girls Trip","logger":"root","filename":"new_tropes_dag.py","lineno":66}
{"timestamp":"2025-12-19T11:05:52.787687Z","level":"info","event":"Formatting title: Gladiator","logger":"root","filename":"new_tropes_dag.py","lineno":66}
{"timestamp":"2025-12-19T11:05:52.787711Z","level":"info","event":"Formatting title: Gladiator 2","logger":"root","filename":"new_tropes_dag.py","lineno":66}
{"timestamp":"2025-12-19T11:05:52.787736Z","level":"info","event":"Formatting title: Glass Onion A Knives Out Mystery","logger":"root","filename":"new_tropes_dag.py","lineno":66}
{"timestamp":"2025-12-19T11:05:52.787761Z","level":"info","event":"Formatting title: Glengarry Glen Gross","logger":"root","filename":"new_tropes_dag.py","lineno":66}
{"timestamp":"2025-12-19T11:05:52.787786Z","level":"info","event":"Formatting title: Go","logger":"root","filename":"new_tropes_dag.py","lineno":66}
{"timestamp":"2025-12-19T11:05:52.787817Z","level":"info","event":"Formatting title: Godfather","logger":"root","filename":"new_tropes_dag.py","lineno":66}
{"timestamp":"2025-12-19T11:05:52.787843Z","level":"info","event":"Formatting title: Godfather Part 2","logger":"root","filename":"new_tropes_dag.py","lineno":66}
{"timestamp":"2025-12-19T11:05:52.787868Z","level":"info","event":"Formatting title: Godfather Part 3 The","logger":"root","filename":"new_tropes_dag.py","lineno":66}
{"timestamp":"2025-12-19T11:05:52.787904Z","level":"info","event":"Formatting title: Gods And Monsters","logger":"root","filename":"new_tropes_dag.py","lineno":66}
{"timestamp":"2025-12-19T11:05:52.787947Z","level":"info","event":"Formatting title: Godzilla","logger":"root","filename":"new_tropes_dag.py","lineno":66}
{"timestamp":"2025-12-19T11:05:52.787980Z","level":"info","event":"Formatting title: Gold","logger":"root","filename":"new_tropes_dag.py","lineno":66}
{"timestamp":"2025-12-19T11:05:52.788012Z","level":"info","event":"Formatting title: Goldeneye","logger":"root","filename":"new_tropes_dag.py","lineno":66}
{"timestamp":"2025-12-19T11:05:52.788039Z","level":"info","event":"Formatting title: Goldfinger","logger":"root","filename":"new_tropes_dag.py","lineno":66}
{"timestamp":"2025-12-19T11:05:52.788066Z","level":"info","event":"Formatting title: Gone Baby Gone","logger":"root","filename":"new_tropes_dag.py","lineno":66}
{"timestamp":"2025-12-19T11:05:52.788096Z","level":"info","event":"Formatting title: Gone Girl","logger":"root","filename":"new_tropes_dag.py","lineno":66}
{"timestamp":"2025-12-19T11:05:52.788138Z","level":"info","event":"Formatting title: Gone In 60 Seconds","logger":"root","filename":"new_tropes_dag.py","lineno":66}
{"timestamp":"2025-12-19T11:05:52.788169Z","level":"info","event":"Formatting title: Gone With The Wind","logger":"root","filename":"new_tropes_dag.py","lineno":66}
{"timestamp":"2025-12-19T11:05:52.788205Z","level":"info","event":"Formatting title: Good Girl The","logger":"root","filename":"new_tropes_dag.py","lineno":66}
{"timestamp":"2025-12-19T11:05:52.788230Z","level":"info","event":"Formatting title: Good Morning Vietnam","logger":"root","filename":"new_tropes_dag.py","lineno":66}
{"timestamp":"2025-12-19T11:05:52.788254Z","level":"info","event":"Formatting title: Good Will Hunting","logger":"root","filename":"new_tropes_dag.py","lineno":66}
{"timestamp":"2025-12-19T11:05:52.788277Z","level":"info","event":"Formatting title: Goodfellas","logger":"root","filename":"new_tropes_dag.py","lineno":66}
{"timestamp":"2025-12-19T11:05:52.788301Z","level":"info","event":"Formatting title: Gothika","logger":"root","filename":"new_tropes_dag.py","lineno":66}
{"timestamp":"2025-12-19T11:05:52.788326Z","level":"info","event":"Formatting title: Grabbers","logger":"root","filename":"new_tropes_dag.py","lineno":66}
{"timestamp":"2025-12-19T11:05:52.788377Z","level":"info","event":"Formatting title: Graduate The","logger":"root","filename":"new_tropes_dag.py","lineno":66}
{"timestamp":"2025-12-19T11:05:52.788445Z","level":"info","event":"Formatting title: Gran Torino","logger":"root","filename":"new_tropes_dag.py","lineno":66}
{"timestamp":"2025-12-19T11:05:52.788537Z","level":"info","event":"Formatting title: Grand Hotel","logger":"root","filename":"new_tropes_dag.py","lineno":66}
{"timestamp":"2025-12-19T11:05:52.788641Z","level":"info","event":"Formatting title: Grand Theft Parsons","logger":"root","filename":"new_tropes_dag.py","lineno":66}
{"timestamp":"2025-12-19T11:05:52.788738Z","level":"info","event":"Formatting title: Grapes Of Wrath The","logger":"root","filename":"new_tropes_dag.py","lineno":66}
{"timestamp":"2025-12-19T11:05:52.788830Z","level":"info","event":"Formatting title: Gravity","logger":"root","filename":"new_tropes_dag.py","lineno":66}
{"timestamp":"2025-12-19T11:05:52.788968Z","level":"info","event":"Formatting title: Grease","logger":"root","filename":"new_tropes_dag.py","lineno":66}
{"timestamp":"2025-12-19T11:05:52.789057Z","level":"info","event":"Formatting title: Great Gatsby The","logger":"root","filename":"new_tropes_dag.py","lineno":66}
{"timestamp":"2025-12-19T11:05:52.789142Z","level":"info","event":"Formatting title: Green Book","logger":"root","filename":"new_tropes_dag.py","lineno":66}
{"timestamp":"2025-12-19T11:05:52.789227Z","level":"info","event":"Formatting title: Green Lantern","logger":"root","filename":"new_tropes_dag.py","lineno":66}
{"timestamp":"2025-12-19T11:05:52.789322Z","level":"info","event":"Formatting title: Green Mile The","logger":"root","filename":"new_tropes_dag.py","lineno":66}
{"timestamp":"2025-12-19T11:05:52.789398Z","level":"info","event":"Formatting title: Green Room","logger":"root","filename":"new_tropes_dag.py","lineno":66}
{"timestamp":"2025-12-19T11:05:52.789474Z","level":"info","event":"Formatting title: Greenberg","logger":"root","filename":"new_tropes_dag.py","lineno":66}
{"timestamp":"2025-12-19T11:05:52.789552Z","level":"info","event":"Formatting title: Gremlins","logger":"root","filename":"new_tropes_dag.py","lineno":66}
{"timestamp":"2025-12-19T11:05:52.789627Z","level":"info","event":"Formatting title: Gremlins 2","logger":"root","filename":"new_tropes_dag.py","lineno":66}
{"timestamp":"2025-12-19T11:05:52.789704Z","level":"info","event":"Formatting title: Gremlins 2 The New Batch","logger":"root","filename":"new_tropes_dag.py","lineno":66}
{"timestamp":"2025-12-19T11:05:52.789796Z","level":"info","event":"Formatting title: Grifters The","logger":"root","filename":"new_tropes_dag.py","lineno":66}
{"timestamp":"2025-12-19T11:05:52.789888Z","level":"info","event":"Formatting title: Grosse Point Blank","logger":"root","filename":"new_tropes_dag.py","lineno":66}
{"timestamp":"2025-12-19T11:05:52.789965Z","level":"info","event":"Formatting title: Groundhog Day","logger":"root","filename":"new_tropes_dag.py","lineno":66}
{"timestamp":"2025-12-19T11:05:52.790041Z","level":"info","event":"Formatting title: Grudge The","logger":"root","filename":"new_tropes_dag.py","lineno":66}
{"timestamp":"2025-12-19T11:05:52.790113Z","level":"info","event":"Formatting title: Guardians Of The Galaxy Vol 2","logger":"root","filename":"new_tropes_dag.py","lineno":66}
{"timestamp":"2025-12-19T11:05:52.790184Z","level":"info","event":"Formatting title: Guillermo Del Toros Pinocchio","logger":"root","filename":"new_tropes_dag.py","lineno":66}
{"timestamp":"2025-12-19T11:05:52.790257Z","level":"info","event":"Formatting title: Gunpowder Milkshake","logger":"root","filename":"new_tropes_dag.py","lineno":66}
{"timestamp":"2025-12-19T11:05:52.790332Z","level":"info","event":"Formatting title: Hackers","logger":"root","filename":"new_tropes_dag.py","lineno":66}
{"timestamp":"2025-12-19T11:05:52.790404Z","level":"info","event":"Formatting title: Hacksaw Ridge","logger":"root","filename":"new_tropes_dag.py","lineno":66}
{"timestamp":"2025-12-19T11:05:52.790476Z","level":"info","event":"Formatting title: Hail Caesar","logger":"root","filename":"new_tropes_dag.py","lineno":66}
{"timestamp":"2025-12-19T11:05:52.790542Z","level":"info","event":"Formatting title: Hall Pass","logger":"root","filename":"new_tropes_dag.py","lineno":66}
{"timestamp":"2025-12-19T11:05:52.790601Z","level":"info","event":"Formatting title: Halloween","logger":"root","filename":"new_tropes_dag.py","lineno":66}
{"timestamp":"2025-12-19T11:05:52.790661Z","level":"info","event":"Formatting title: Halloween","logger":"root","filename":"new_tropes_dag.py","lineno":66}
{"timestamp":"2025-12-19T11:05:52.790720Z","level":"info","event":"Formatting title: Halloween 2","logger":"root","filename":"new_tropes_dag.py","lineno":66}
{"timestamp":"2025-12-19T11:05:52.790779Z","level":"info","event":"Formatting title: Halloween 3 Season Of The Witch","logger":"root","filename":"new_tropes_dag.py","lineno":66}
{"timestamp":"2025-12-19T11:05:52.790916Z","level":"info","event":"Formatting title: Halloween 4 The Return Of Michael Myers","logger":"root","filename":"new_tropes_dag.py","lineno":66}
{"timestamp":"2025-12-19T11:05:52.791014Z","level":"info","event":"Formatting title: Halloween 5 The Revenge Of Michael Myers","logger":"root","filename":"new_tropes_dag.py","lineno":66}
{"timestamp":"2025-12-19T11:05:52.791086Z","level":"info","event":"Formatting title: Halloween 6 The Curse Of Michael Myers","logger":"root","filename":"new_tropes_dag.py","lineno":66}
{"timestamp":"2025-12-19T11:05:52.791129Z","level":"info","event":"Formatting title: Halloween H2o 20 Years Later","logger":"root","filename":"new_tropes_dag.py","lineno":66}
{"timestamp":"2025-12-19T11:05:52.791157Z","level":"info","event":"Formatting title: Halloween Kills","logger":"root","filename":"new_tropes_dag.py","lineno":66}
{"timestamp":"2025-12-19T11:05:52.791183Z","level":"info","event":"Formatting title: Halloween The Curse Of Michael Myers","logger":"root","filename":"new_tropes_dag.py","lineno":66}
{"timestamp":"2025-12-19T11:05:52.791210Z","level":"info","event":"Formatting title: Hancock","logger":"root","filename":"new_tropes_dag.py","lineno":66}
{"timestamp":"2025-12-19T11:05:52.791249Z","level":"info","event":"Formatting title: Hangin With The Homeboys","logger":"root","filename":"new_tropes_dag.py","lineno":66}
{"timestamp":"2025-12-19T11:05:52.791279Z","level":"info","event":"Formatting title: Hangover The","logger":"root","filename":"new_tropes_dag.py","lineno":66}
{"timestamp":"2025-12-19T11:05:52.791306Z","level":"info","event":"Formatting title: Hanna","logger":"root","filename":"new_tropes_dag.py","lineno":66}
{"timestamp":"2025-12-19T11:05:52.791331Z","level":"info","event":"Formatting title: Hannah And Her Sisters","logger":"root","filename":"new_tropes_dag.py","lineno":66}
{"timestamp":"2025-12-19T11:05:52.791384Z","level":"info","event":"Formatting title: Hannibal","logger":"root","filename":"new_tropes_dag.py","lineno":66}
{"timestamp":"2025-12-19T11:05:52.791423Z","level":"info","event":"Formatting title: Happy Birthday To Me","logger":"root","filename":"new_tropes_dag.py","lineno":66}
{"timestamp":"2025-12-19T11:05:52.791452Z","level":"info","event":"Formatting title: Happy Birthday Wanda June","logger":"root","filename":"new_tropes_dag.py","lineno":66}
{"timestamp":"2025-12-19T11:05:52.791480Z","level":"info","event":"Formatting title: Happy Death Day","logger":"root","filename":"new_tropes_dag.py","lineno":66}
{"timestamp":"2025-12-19T11:05:52.791508Z","level":"info","event":"Formatting title: Happy Feet","logger":"root","filename":"new_tropes_dag.py","lineno":66}
{"timestamp":"2025-12-19T11:05:52.791534Z","level":"info","event":"Formatting title: Hard Rain","logger":"root","filename":"new_tropes_dag.py","lineno":66}
{"timestamp":"2025-12-19T11:05:52.791560Z","level":"info","event":"Formatting title: Hard To Kill","logger":"root","filename":"new_tropes_dag.py","lineno":66}
{"timestamp":"2025-12-19T11:05:52.791586Z","level":"info","event":"Formatting title: Harlem Nights","logger":"root","filename":"new_tropes_dag.py","lineno":66}
{"timestamp":"2025-12-19T11:05:52.791612Z","level":"info","event":"Formatting title: Harold And Kumar Go To White Castle","logger":"root","filename":"new_tropes_dag.py","lineno":66}
{"timestamp":"2025-12-19T11:05:52.791638Z","level":"info","event":"Formatting title: Harold And Maude","logger":"root","filename":"new_tropes_dag.py","lineno":66}
{"timestamp":"2025-12-19T11:05:52.791663Z","level":"info","event":"Formatting title: Harriet","logger":"root","filename":"new_tropes_dag.py","lineno":66}
{"timestamp":"2025-12-19T11:05:52.791689Z","level":"info","event":"Formatting title: Harry Potter And The Chamber Of Secrets","logger":"root","filename":"new_tropes_dag.py","lineno":66}
{"timestamp":"2025-12-19T11:05:52.791714Z","level":"info","event":"Formatting title: Harry Potter And The Deathly Hallows Part 1","logger":"root","filename":"new_tropes_dag.py","lineno":66}
{"timestamp":"2025-12-19T11:05:52.791739Z","level":"info","event":"Formatting title: Harry Potter And The Deathly Hallows Part 2","logger":"root","filename":"new_tropes_dag.py","lineno":66}
{"timestamp":"2025-12-19T11:05:52.791763Z","level":"info","event":"Formatting title: Harry Potter And The Goblet Of Fire","logger":"root","filename":"new_tropes_dag.py","lineno":66}
{"timestamp":"2025-12-19T11:05:52.791787Z","level":"info","event":"Formatting title: Harry Potter And The Half Blood Prince","logger":"root","filename":"new_tropes_dag.py","lineno":66}
{"timestamp":"2025-12-19T11:05:52.791812Z","level":"info","event":"Formatting title: Harry Potter And The Order Of The Phoenix","logger":"root","filename":"new_tropes_dag.py","lineno":66}
{"timestamp":"2025-12-19T11:05:52.791836Z","level":"info","event":"Formatting title: Harry Potter And The Prisoner Of Azkaban","logger":"root","filename":"new_tropes_dag.py","lineno":66}
{"timestamp":"2025-12-19T11:05:52.791860Z","level":"info","event":"Formatting title: Harry Potter And The Sorcerers Stone","logger":"root","filename":"new_tropes_dag.py","lineno":66}
{"timestamp":"2025-12-19T11:05:52.791885Z","level":"info","event":"Formatting title: Haunting The","logger":"root","filename":"new_tropes_dag.py","lineno":66}
{"timestamp":"2025-12-19T11:05:52.791909Z","level":"info","event":"Formatting title: Heat","logger":"root","filename":"new_tropes_dag.py","lineno":66}
{"timestamp":"2025-12-19T11:05:52.791933Z","level":"info","event":"Formatting title: Heathers","logger":"root","filename":"new_tropes_dag.py","lineno":66}
{"timestamp":"2025-12-19T11:05:52.791958Z","level":"info","event":"Formatting title: Heaven Can Wait","logger":"root","filename":"new_tropes_dag.py","lineno":66}
{"timestamp":"2025-12-19T11:05:52.791981Z","level":"info","event":"Formatting title: Heavenly Creatures","logger":"root","filename":"new_tropes_dag.py","lineno":66}
{"timestamp":"2025-12-19T11:05:52.792008Z","level":"info","event":"Formatting title: Heavy Metal","logger":"root","filename":"new_tropes_dag.py","lineno":66}
{"timestamp":"2025-12-19T11:05:52.792032Z","level":"info","event":"Formatting title: Heavyweights","logger":"root","filename":"new_tropes_dag.py","lineno":66}
{"timestamp":"2025-12-19T11:05:52.792055Z","level":"info","event":"Formatting title: Hebrew Hammer The","logger":"root","filename":"new_tropes_dag.py","lineno":66}
{"timestamp":"2025-12-19T11:05:52.792078Z","level":"info","event":"Formatting title: Heist","logger":"root","filename":"new_tropes_dag.py","lineno":66}
{"timestamp":"2025-12-19T11:05:52.792102Z","level":"info","event":"Formatting title: Hell Or High Water","logger":"root","filename":"new_tropes_dag.py","lineno":66}
{"timestamp":"2025-12-19T11:05:52.792128Z","level":"info","event":"Formatting title: Hellbound Hellraiser 2","logger":"root","filename":"new_tropes_dag.py","lineno":66}
{"timestamp":"2025-12-19T11:05:52.792151Z","level":"info","event":"Formatting title: Hellboy","logger":"root","filename":"new_tropes_dag.py","lineno":66}
{"timestamp":"2025-12-19T11:05:52.792175Z","level":"info","event":"Formatting title: Hellboy","logger":"root","filename":"new_tropes_dag.py","lineno":66}
{"timestamp":"2025-12-19T11:05:52.792198Z","level":"info","event":"Formatting title: Hellboy 2 The Golden Army","logger":"root","filename":"new_tropes_dag.py","lineno":66}
{"timestamp":"2025-12-19T11:05:52.792221Z","level":"info","event":"Formatting title: Hellraiser","logger":"root","filename":"new_tropes_dag.py","lineno":66}
{"timestamp":"2025-12-19T11:05:52.792245Z","level":"info","event":"Formatting title: Hellraiser 3 Hell On Earth","logger":"root","filename":"new_tropes_dag.py","lineno":66}
{"timestamp":"2025-12-19T11:05:52.792269Z","level":"info","event":"Formatting title: Hellraiser Deader","logger":"root","filename":"new_tropes_dag.py","lineno":66}
{"timestamp":"2025-12-19T11:05:52.792294Z","level":"info","event":"Formatting title: Hellraiser Hellseeker","logger":"root","filename":"new_tropes_dag.py","lineno":66}
{"timestamp":"2025-12-19T11:05:52.792321Z","level":"info","event":"Formatting title: Help The","logger":"root","filename":"new_tropes_dag.py","lineno":66}
{"timestamp":"2025-12-19T11:05:52.792345Z","level":"info","event":"Formatting title: Henry Fool","logger":"root","filename":"new_tropes_dag.py","lineno":66}
{"timestamp":"2025-12-19T11:05:52.792369Z","level":"info","event":"Formatting title: Henrys Crime","logger":"root","filename":"new_tropes_dag.py","lineno":66}
{"timestamp":"2025-12-19T11:05:52.792392Z","level":"info","event":"Formatting title: Her","logger":"root","filename":"new_tropes_dag.py","lineno":66}
{"timestamp":"2025-12-19T11:05:52.792420Z","level":"info","event":"Formatting title: Here Comes Peter Cottontail","logger":"root","filename":"new_tropes_dag.py","lineno":66}
{"timestamp":"2025-12-19T11:05:52.792449Z","level":"info","event":"Formatting title: Hereditary","logger":"root","filename":"new_tropes_dag.py","lineno":66}
{"timestamp":"2025-12-19T11:05:52.792474Z","level":"info","event":"Formatting title: Hes Just Not That Into You","logger":"root","filename":"new_tropes_dag.py","lineno":66}
{"timestamp":"2025-12-19T11:05:52.792498Z","level":"info","event":"Formatting title: Hesher","logger":"root","filename":"new_tropes_dag.py","lineno":66}
{"timestamp":"2025-12-19T11:05:52.792521Z","level":"info","event":"Formatting title: Hidden Figures","logger":"root","filename":"new_tropes_dag.py","lineno":66}
{"timestamp":"2025-12-19T11:05:52.792544Z","level":"info","event":"Formatting title: High Fidelity","logger":"root","filename":"new_tropes_dag.py","lineno":66}
{"timestamp":"2025-12-19T11:05:52.792567Z","level":"info","event":"Formatting title: High Noon","logger":"root","filename":"new_tropes_dag.py","lineno":66}
{"timestamp":"2025-12-19T11:05:52.792592Z","level":"info","event":"Formatting title: Highlander","logger":"root","filename":"new_tropes_dag.py","lineno":66}
{"timestamp":"2025-12-19T11:05:52.792616Z","level":"info","event":"Formatting title: Highlander 2 The Quickening","logger":"root","filename":"new_tropes_dag.py","lineno":66}
{"timestamp":"2025-12-19T11:05:52.792639Z","level":"info","event":"Formatting title: Highlander Endgame","logger":"root","filename":"new_tropes_dag.py","lineno":66}
{"timestamp":"2025-12-19T11:05:52.792662Z","level":"info","event":"Formatting title: Hills Have Eyes The","logger":"root","filename":"new_tropes_dag.py","lineno":66}
{"timestamp":"2025-12-19T11:05:52.792685Z","level":"info","event":"Formatting title: His Girl Friday","logger":"root","filename":"new_tropes_dag.py","lineno":66}
{"timestamp":"2025-12-19T11:05:52.792710Z","level":"info","event":"Formatting title: Hitchcock","logger":"root","filename":"new_tropes_dag.py","lineno":66}
{"timestamp":"2025-12-19T11:05:52.792734Z","level":"info","event":"Formatting title: Hitchhikers Guide To The Galaxy The","logger":"root","filename":"new_tropes_dag.py","lineno":66}
{"timestamp":"2025-12-19T11:05:52.792759Z","level":"info","event":"Formatting title: Hocus Pocus","logger":"root","filename":"new_tropes_dag.py","lineno":66}
{"timestamp":"2025-12-19T11:05:52.792782Z","level":"info","event":"Formatting title: Hold The Dark","logger":"root","filename":"new_tropes_dag.py","lineno":66}
{"timestamp":"2025-12-19T11:05:52.792807Z","level":"info","event":"Formatting title: Holdovers The","logger":"root","filename":"new_tropes_dag.py","lineno":66}
{"timestamp":"2025-12-19T11:05:52.792831Z","level":"info","event":"Formatting title: Hollow Man","logger":"root","filename":"new_tropes_dag.py","lineno":66}
{"timestamp":"2025-12-19T11:05:52.792855Z","level":"info","event":"Formatting title: Home Alone","logger":"root","filename":"new_tropes_dag.py","lineno":66}
{"timestamp":"2025-12-19T11:05:52.792879Z","level":"info","event":"Formatting title: Home Alone 2 Lost In New York","logger":"root","filename":"new_tropes_dag.py","lineno":66}
{"timestamp":"2025-12-19T11:05:52.792931Z","level":"info","event":"Formatting title: Honey Boy","logger":"root","filename":"new_tropes_dag.py","lineno":66}
{"timestamp":"2025-12-19T11:05:52.792962Z","level":"info","event":"Formatting title: Honey I Blew Up The Kid","logger":"root","filename":"new_tropes_dag.py","lineno":66}
{"timestamp":"2025-12-19T11:05:52.792989Z","level":"info","event":"Formatting title: Honey I Shrunk The Kids","logger":"root","filename":"new_tropes_dag.py","lineno":66}
{"timestamp":"2025-12-19T11:05:52.793015Z","level":"info","event":"Formatting title: Honeydripper","logger":"root","filename":"new_tropes_dag.py","lineno":66}
{"timestamp":"2025-12-19T11:05:52.793042Z","level":"info","event":"Formatting title: Horrible Bosses","logger":"root","filename":"new_tropes_dag.py","lineno":66}
{"timestamp":"2025-12-19T11:05:52.793068Z","level":"info","event":"Formatting title: Horrible Bosses 2","logger":"root","filename":"new_tropes_dag.py","lineno":66}
{"timestamp":"2025-12-19T11:05:52.793094Z","level":"info","event":"Formatting title: Horse Whisperer The","logger":"root","filename":"new_tropes_dag.py","lineno":66}
{"timestamp":"2025-12-19T11:05:52.793119Z","level":"info","event":"Formatting title: Hospital The","logger":"root","filename":"new_tropes_dag.py","lineno":66}
{"timestamp":"2025-12-19T11:05:52.793147Z","level":"info","event":"Formatting title: Hostage","logger":"root","filename":"new_tropes_dag.py","lineno":66}
{"timestamp":"2025-12-19T11:05:52.793171Z","level":"info","event":"Formatting title: Hostel","logger":"root","filename":"new_tropes_dag.py","lineno":66}
{"timestamp":"2025-12-19T11:05:52.793195Z","level":"info","event":"Formatting title: Hot Fuzz","logger":"root","filename":"new_tropes_dag.py","lineno":66}
{"timestamp":"2025-12-19T11:05:52.793220Z","level":"info","event":"Formatting title: Hot Tub Time Machine","logger":"root","filename":"new_tropes_dag.py","lineno":66}
{"timestamp":"2025-12-19T11:05:52.793245Z","level":"info","event":"Formatting title: Hotel Rwanda","logger":"root","filename":"new_tropes_dag.py","lineno":66}
{"timestamp":"2025-12-19T11:05:52.793269Z","level":"info","event":"Formatting title: House Of 1000 Corpses","logger":"root","filename":"new_tropes_dag.py","lineno":66}
{"timestamp":"2025-12-19T11:05:52.793300Z","level":"info","event":"Formatting title: House Of Gucci","logger":"root","filename":"new_tropes_dag.py","lineno":66}
{"timestamp":"2025-12-19T11:05:52.793325Z","level":"info","event":"Formatting title: House Party","logger":"root","filename":"new_tropes_dag.py","lineno":66}
{"timestamp":"2025-12-19T11:05:52.793349Z","level":"info","event":"Formatting title: How The Grinch Stole Christmas","logger":"root","filename":"new_tropes_dag.py","lineno":66}
{"timestamp":"2025-12-19T11:05:52.793373Z","level":"info","event":"Formatting title: How To Build A Girl","logger":"root","filename":"new_tropes_dag.py","lineno":66}
{"timestamp":"2025-12-19T11:05:52.793398Z","level":"info","event":"Formatting title: How To Lose Friends & Alienate People","logger":"root","filename":"new_tropes_dag.py","lineno":66}
{"timestamp":"2025-12-19T11:05:52.793422Z","level":"info","event":"Formatting title: How To Train Your Dragon","logger":"root","filename":"new_tropes_dag.py","lineno":66}
{"timestamp":"2025-12-19T11:05:52.793445Z","level":"info","event":"Formatting title: How To Train Your Dragon 2","logger":"root","filename":"new_tropes_dag.py","lineno":66}
{"timestamp":"2025-12-19T11:05:52.793470Z","level":"info","event":"Formatting title: How To Train Your Dragon The Hidden World","logger":"root","filename":"new_tropes_dag.py","lineno":66}
{"timestamp":"2025-12-19T11:05:52.793495Z","level":"info","event":"Formatting title: Howard The Duck","logger":"root","filename":"new_tropes_dag.py","lineno":66}
{"timestamp":"2025-12-19T11:05:52.793519Z","level":"info","event":"Formatting title: Hudson Hawk","logger":"root","filename":"new_tropes_dag.py","lineno":66}
{"timestamp":"2025-12-19T11:05:52.793549Z","level":"info","event":"Formatting title: Hudsucker Proxy The","logger":"root","filename":"new_tropes_dag.py","lineno":66}
{"timestamp":"2025-12-19T11:05:52.793573Z","level":"info","event":"Formatting title: Hugo","logger":"root","filename":"new_tropes_dag.py","lineno":66}
{"timestamp":"2025-12-19T11:05:52.793597Z","level":"info","event":"Formatting title: Human Nature","logger":"root","filename":"new_tropes_dag.py","lineno":66}
{"timestamp":"2025-12-19T11:05:52.793622Z","level":"info","event":"Formatting title: Hunt For Red October The","logger":"root","filename":"new_tropes_dag.py","lineno":66}
{"timestamp":"2025-12-19T11:05:52.793647Z","level":"info","event":"Formatting title: Hurt Locker The","logger":"root","filename":"new_tropes_dag.py","lineno":66}
{"timestamp":"2025-12-19T11:05:52.793671Z","level":"info","event":"Formatting title: Hustle & Flow","logger":"root","filename":"new_tropes_dag.py","lineno":66}
{"timestamp":"2025-12-19T11:05:52.793695Z","level":"info","event":"Formatting title: Hustlers","logger":"root","filename":"new_tropes_dag.py","lineno":66}
{"timestamp":"2025-12-19T11:05:52.793719Z","level":"info","event":"Formatting title: I Am Number Four","logger":"root","filename":"new_tropes_dag.py","lineno":66}
{"timestamp":"2025-12-19T11:05:52.793743Z","level":"info","event":"Formatting title: I Am Sam","logger":"root","filename":"new_tropes_dag.py","lineno":66}
{"timestamp":"2025-12-19T11:05:52.793767Z","level":"info","event":"Formatting title: I Dont Feel At Home In This World Anymore","logger":"root","filename":"new_tropes_dag.py","lineno":66}
{"timestamp":"2025-12-19T11:05:52.793791Z","level":"info","event":"Formatting title: I Love You Man","logger":"root","filename":"new_tropes_dag.py","lineno":66}
{"timestamp":"2025-12-19T11:05:52.793814Z","level":"info","event":"Formatting title: I Love You Phillip Morris","logger":"root","filename":"new_tropes_dag.py","lineno":66}
{"timestamp":"2025-12-19T11:05:52.793839Z","level":"info","event":"Formatting title: I Robot","logger":"root","filename":"new_tropes_dag.py","lineno":66}
{"timestamp":"2025-12-19T11:05:52.793864Z","level":"info","event":"Formatting title: I Saw The Light","logger":"root","filename":"new_tropes_dag.py","lineno":66}
{"timestamp":"2025-12-19T11:05:52.793890Z","level":"info","event":"Formatting title: I Spit On Your Grave","logger":"root","filename":"new_tropes_dag.py","lineno":66}
{"timestamp":"2025-12-19T11:05:52.793916Z","level":"info","event":"Formatting title: I Still Know What You Did Last Summer","logger":"root","filename":"new_tropes_dag.py","lineno":66}
{"timestamp":"2025-12-19T11:05:52.793943Z","level":"info","event":"Formatting title: I Think Were Alone Now","logger":"root","filename":"new_tropes_dag.py","lineno":66}
{"timestamp":"2025-12-19T11:05:52.793967Z","level":"info","event":"Formatting title: I Tonya","logger":"root","filename":"new_tropes_dag.py","lineno":66}
{"timestamp":"2025-12-19T11:05:52.793991Z","level":"info","event":"Formatting title: Ice Storm The","logger":"root","filename":"new_tropes_dag.py","lineno":66}
{"timestamp":"2025-12-19T11:05:52.794018Z","level":"info","event":"Formatting title: Identity","logger":"root","filename":"new_tropes_dag.py","lineno":66}
{"timestamp":"2025-12-19T11:05:52.794043Z","level":"info","event":"Formatting title: Ides Of March The","logger":"root","filename":"new_tropes_dag.py","lineno":66}
{"timestamp":"2025-12-19T11:05:52.794067Z","level":"info","event":"Formatting title: If Beale Street Could Talk","logger":"root","filename":"new_tropes_dag.py","lineno":66}
{"timestamp":"2025-12-19T11:05:52.794093Z","level":"info","event":"Formatting title: Ill Do Anything","logger":"root","filename":"new_tropes_dag.py","lineno":66}
{"timestamp":"2025-12-19T11:05:52.794117Z","level":"info","event":"Formatting title: Im Thinking Of Ending Things","logger":"root","filename":"new_tropes_dag.py","lineno":66}
{"timestamp":"2025-12-19T11:05:52.794140Z","level":"info","event":"Formatting title: Imaginarium Of Doctor Parnassus The","logger":"root","filename":"new_tropes_dag.py","lineno":66}
{"timestamp":"2025-12-19T11:05:52.794165Z","level":"info","event":"Formatting title: In Bruges","logger":"root","filename":"new_tropes_dag.py","lineno":66}
{"timestamp":"2025-12-19T11:05:52.794189Z","level":"info","event":"Formatting title: In Fabric","logger":"root","filename":"new_tropes_dag.py","lineno":66}
{"timestamp":"2025-12-19T11:05:52.794212Z","level":"info","event":"Formatting title: In The Bedroom","logger":"root","filename":"new_tropes_dag.py","lineno":66}
{"timestamp":"2025-12-19T11:05:52.859048Z","level":"info","event":"Formatting title: In The Loop","logger":"root","filename":"new_tropes_dag.py","lineno":66}
{"timestamp":"2025-12-19T11:05:52.859164Z","level":"info","event":"Formatting title: In The Tall Grass","logger":"root","filename":"new_tropes_dag.py","lineno":66}
{"timestamp":"2025-12-19T11:05:52.859202Z","level":"info","event":"Formatting title: Inception","logger":"root","filename":"new_tropes_dag.py","lineno":66}
{"timestamp":"2025-12-19T11:05:52.859237Z","level":"info","event":"Formatting title: Incredibles The","logger":"root","filename":"new_tropes_dag.py","lineno":66}
{"timestamp":"2025-12-19T11:05:52.859274Z","level":"info","event":"Formatting title: Indecent Proposal","logger":"root","filename":"new_tropes_dag.py","lineno":66}
{"timestamp":"2025-12-19T11:05:52.859308Z","level":"info","event":"Formatting title: Independence Day","logger":"root","filename":"new_tropes_dag.py","lineno":66}
{"timestamp":"2025-12-19T11:05:52.859343Z","level":"info","event":"Formatting title: Indiana Jones 4","logger":"root","filename":"new_tropes_dag.py","lineno":66}
{"timestamp":"2025-12-19T11:05:52.859446Z","level":"info","event":"Formatting title: Indiana Jones And The Kingdom Of The Crystal Skull","logger":"root","filename":"new_tropes_dag.py","lineno":66}
{"timestamp":"2025-12-19T11:05:52.859483Z","level":"info","event":"Formatting title: Indiana Jones And The Last Crusade","logger":"root","filename":"new_tropes_dag.py","lineno":66}
{"timestamp":"2025-12-19T11:05:52.859512Z","level":"info","event":"Formatting title: Indiana Jones And The Raiders Of The Lost Ark","logger":"root","filename":"new_tropes_dag.py","lineno":66}
{"timestamp":"2025-12-19T11:05:52.859539Z","level":"info","event":"Formatting title: Indiana Jones And The Temple Of Doom","logger":"root","filename":"new_tropes_dag.py","lineno":66}
{"timestamp":"2025-12-19T11:05:52.859566Z","level":"info","event":"Formatting title: Infinitely Polar Bear","logger":"root","filename":"new_tropes_dag.py","lineno":66}
{"timestamp":"2025-12-19T11:05:52.859596Z","level":"info","event":"Formatting title: Informant The","logger":"root","filename":"new_tropes_dag.py","lineno":66}
{"timestamp":"2025-12-19T11:05:52.859622Z","level":"info","event":"Formatting title: Inglourious Basterds","logger":"root","filename":"new_tropes_dag.py","lineno":66}
{"timestamp":"2025-12-19T11:05:52.859647Z","level":"info","event":"Formatting title: Ingrid Goes West","logger":"root","filename":"new_tropes_dag.py","lineno":66}
{"timestamp":"2025-12-19T11:05:52.859674Z","level":"info","event":"Formatting title: Inherent Vice","logger":"root","filename":"new_tropes_dag.py","lineno":66}
{"timestamp":"2025-12-19T11:05:52.859699Z","level":"info","event":"Formatting title: Initiation","logger":"root","filename":"new_tropes_dag.py","lineno":66}
{"timestamp":"2025-12-19T11:05:52.859725Z","level":"info","event":"Formatting title: Innerspace","logger":"root","filename":"new_tropes_dag.py","lineno":66}
{"timestamp":"2025-12-19T11:05:52.859751Z","level":"info","event":"Formatting title: Inside Llewyn Davis","logger":"root","filename":"new_tropes_dag.py","lineno":66}
{"timestamp":"2025-12-19T11:05:52.859789Z","level":"info","event":"Formatting title: Inside Out","logger":"root","filename":"new_tropes_dag.py","lineno":66}
{"timestamp":"2025-12-19T11:05:52.859815Z","level":"info","event":"Formatting title: Insider The","logger":"root","filename":"new_tropes_dag.py","lineno":66}
{"timestamp":"2025-12-19T11:05:52.859843Z","level":"info","event":"Formatting title: Insidious","logger":"root","filename":"new_tropes_dag.py","lineno":66}
{"timestamp":"2025-12-19T11:05:52.859868Z","level":"info","event":"Formatting title: Insidious Chapter 2","logger":"root","filename":"new_tropes_dag.py","lineno":66}
{"timestamp":"2025-12-19T11:05:52.859893Z","level":"info","event":"Formatting title: Insomnia","logger":"root","filename":"new_tropes_dag.py","lineno":66}
{"timestamp":"2025-12-19T11:05:52.859919Z","level":"info","event":"Formatting title: Inspector Gadget","logger":"root","filename":"new_tropes_dag.py","lineno":66}
{"timestamp":"2025-12-19T11:05:52.859944Z","level":"info","event":"Formatting title: Interstellar","logger":"root","filename":"new_tropes_dag.py","lineno":66}
{"timestamp":"2025-12-19T11:05:52.859969Z","level":"info","event":"Formatting title: Interview With The Vampire","logger":"root","filename":"new_tropes_dag.py","lineno":66}
{"timestamp":"2025-12-19T11:05:52.859992Z","level":"info","event":"Formatting title: Into The Wild","logger":"root","filename":"new_tropes_dag.py","lineno":66}
{"timestamp":"2025-12-19T11:05:52.860016Z","level":"info","event":"Formatting title: Into The Woods","logger":"root","filename":"new_tropes_dag.py","lineno":66}
{"timestamp":"2025-12-19T11:05:52.860042Z","level":"info","event":"Formatting title: Intolerable Cruelty","logger":"root","filename":"new_tropes_dag.py","lineno":66}
{"timestamp":"2025-12-19T11:05:52.860070Z","level":"info","event":"Formatting title: Invasion Of The Body Snatchers","logger":"root","filename":"new_tropes_dag.py","lineno":66}
{"timestamp":"2025-12-19T11:05:52.860095Z","level":"info","event":"Formatting title: Inventing The Abbotts","logger":"root","filename":"new_tropes_dag.py","lineno":66}
{"timestamp":"2025-12-19T11:05:52.860121Z","level":"info","event":"Formatting title: Invention Of Lying The","logger":"root","filename":"new_tropes_dag.py","lineno":66}
{"timestamp":"2025-12-19T11:05:52.860150Z","level":"info","event":"Formatting title: Invictus","logger":"root","filename":"new_tropes_dag.py","lineno":66}
{"timestamp":"2025-12-19T11:05:52.860174Z","level":"info","event":"Formatting title: Iron Claw The","logger":"root","filename":"new_tropes_dag.py","lineno":66}
{"timestamp":"2025-12-19T11:05:52.860198Z","level":"info","event":"Formatting title: Iron Lady The","logger":"root","filename":"new_tropes_dag.py","lineno":66}
{"timestamp":"2025-12-19T11:05:52.860222Z","level":"info","event":"Formatting title: Iron Man","logger":"root","filename":"new_tropes_dag.py","lineno":66}
{"timestamp":"2025-12-19T11:05:52.860246Z","level":"info","event":"Formatting title: Island The","logger":"root","filename":"new_tropes_dag.py","lineno":66}
{"timestamp":"2025-12-19T11:05:52.860272Z","level":"info","event":"Formatting title: Isle Of Dogs","logger":"root","filename":"new_tropes_dag.py","lineno":66}
{"timestamp":"2025-12-19T11:05:52.860298Z","level":"info","event":"Formatting title: It","logger":"root","filename":"new_tropes_dag.py","lineno":66}
{"timestamp":"2025-12-19T11:05:52.860324Z","level":"info","event":"Formatting title: It Follows","logger":"root","filename":"new_tropes_dag.py","lineno":66}
{"timestamp":"2025-12-19T11:05:52.860349Z","level":"info","event":"Formatting title: It Happened One Night","logger":"root","filename":"new_tropes_dag.py","lineno":66}
{"timestamp":"2025-12-19T11:05:52.860373Z","level":"info","event":"Formatting title: It Happened One Night","logger":"root","filename":"new_tropes_dag.py","lineno":66}
{"timestamp":"2025-12-19T11:05:52.860397Z","level":"info","event":"Formatting title: Italian Job The","logger":"root","filename":"new_tropes_dag.py","lineno":66}
{"timestamp":"2025-12-19T11:05:52.860421Z","level":"info","event":"Formatting title: Its A Wonderful Life","logger":"root","filename":"new_tropes_dag.py","lineno":66}
{"timestamp":"2025-12-19T11:05:52.860445Z","level":"info","event":"Formatting title: Its Complicated","logger":"root","filename":"new_tropes_dag.py","lineno":66}
{"timestamp":"2025-12-19T11:05:52.860469Z","level":"info","event":"Formatting title: Its Kind Of A Funny Story","logger":"root","filename":"new_tropes_dag.py","lineno":66}
{"timestamp":"2025-12-19T11:05:52.860493Z","level":"info","event":"Formatting title: Jack Reacher","logger":"root","filename":"new_tropes_dag.py","lineno":66}
{"timestamp":"2025-12-19T11:05:52.860533Z","level":"info","event":"Formatting title: Jacket The","logger":"root","filename":"new_tropes_dag.py","lineno":66}
{"timestamp":"2025-12-19T11:05:52.860575Z","level":"info","event":"Formatting title: Jackie","logger":"root","filename":"new_tropes_dag.py","lineno":66}
{"timestamp":"2025-12-19T11:05:52.860605Z","level":"info","event":"Formatting title: Jackie Brown","logger":"root","filename":"new_tropes_dag.py","lineno":66}
{"timestamp":"2025-12-19T11:05:52.860633Z","level":"info","event":"Formatting title: Jacobs Ladder","logger":"root","filename":"new_tropes_dag.py","lineno":66}
{"timestamp":"2025-12-19T11:05:52.860658Z","level":"info","event":"Formatting title: Jade","logger":"root","filename":"new_tropes_dag.py","lineno":66}
{"timestamp":"2025-12-19T11:05:52.860684Z","level":"info","event":"Formatting title: Jagged Edge","logger":"root","filename":"new_tropes_dag.py","lineno":66}
{"timestamp":"2025-12-19T11:05:52.860710Z","level":"info","event":"Formatting title: Jane Eyre","logger":"root","filename":"new_tropes_dag.py","lineno":66}
{"timestamp":"2025-12-19T11:05:52.860735Z","level":"info","event":"Formatting title: Jarhead","logger":"root","filename":"new_tropes_dag.py","lineno":66}
{"timestamp":"2025-12-19T11:05:52.860760Z","level":"info","event":"Formatting title: Jason Goes To Hell The Final Friday","logger":"root","filename":"new_tropes_dag.py","lineno":66}
{"timestamp":"2025-12-19T11:05:52.860785Z","level":"info","event":"Formatting title: Jason X","logger":"root","filename":"new_tropes_dag.py","lineno":66}
{"timestamp":"2025-12-19T11:05:52.860809Z","level":"info","event":"Formatting title: Jaws","logger":"root","filename":"new_tropes_dag.py","lineno":66}
{"timestamp":"2025-12-19T11:05:52.860836Z","level":"info","event":"Formatting title: Jaws 2","logger":"root","filename":"new_tropes_dag.py","lineno":66}
{"timestamp":"2025-12-19T11:05:52.860862Z","level":"info","event":"Formatting title: Jay And Silent Bob Strike Back","logger":"root","filename":"new_tropes_dag.py","lineno":66}
{"timestamp":"2025-12-19T11:05:52.860888Z","level":"info","event":"Formatting title: Jennifer Eight","logger":"root","filename":"new_tropes_dag.py","lineno":66}
{"timestamp":"2025-12-19T11:05:52.860912Z","level":"info","event":"Formatting title: Jennifers Body","logger":"root","filename":"new_tropes_dag.py","lineno":66}
{"timestamp":"2025-12-19T11:05:52.860936Z","level":"info","event":"Formatting title: Jerry Maguire","logger":"root","filename":"new_tropes_dag.py","lineno":66}
{"timestamp":"2025-12-19T11:05:52.860964Z","level":"info","event":"Formatting title: Jeux Interdits","logger":"root","filename":"new_tropes_dag.py","lineno":66}
{"timestamp":"2025-12-19T11:05:52.860990Z","level":"info","event":"Formatting title: Jfk","logger":"root","filename":"new_tropes_dag.py","lineno":66}
{"timestamp":"2025-12-19T11:05:52.861013Z","level":"info","event":"Formatting title: Jimmy And Judy","logger":"root","filename":"new_tropes_dag.py","lineno":66}
{"timestamp":"2025-12-19T11:05:52.861041Z","level":"info","event":"Formatting title: Jingle All The Way","logger":"root","filename":"new_tropes_dag.py","lineno":66}
{"timestamp":"2025-12-19T11:05:52.861065Z","level":"info","event":"Formatting title: Jo Jo Dancer Your Life Is Calling","logger":"root","filename":"new_tropes_dag.py","lineno":66}
{"timestamp":"2025-12-19T11:05:52.861092Z","level":"info","event":"Formatting title: Jockey","logger":"root","filename":"new_tropes_dag.py","lineno":66}
{"timestamp":"2025-12-19T11:05:52.861117Z","level":"info","event":"Formatting title: John Q","logger":"root","filename":"new_tropes_dag.py","lineno":66}
{"timestamp":"2025-12-19T11:05:52.861141Z","level":"info","event":"Formatting title: John Wick","logger":"root","filename":"new_tropes_dag.py","lineno":66}
{"timestamp":"2025-12-19T11:05:52.861167Z","level":"info","event":"Formatting title: John Wick Chapter 4","logger":"root","filename":"new_tropes_dag.py","lineno":66}
{"timestamp":"2025-12-19T11:05:52.861192Z","level":"info","event":"Formatting title: Jojo Rabbit","logger":"root","filename":"new_tropes_dag.py","lineno":66}
{"timestamp":"2025-12-19T11:05:52.861217Z","level":"info","event":"Formatting title: Joker","logger":"root","filename":"new_tropes_dag.py","lineno":66}
{"timestamp":"2025-12-19T11:05:52.861241Z","level":"info","event":"Formatting title: Joy","logger":"root","filename":"new_tropes_dag.py","lineno":66}
{"timestamp":"2025-12-19T11:05:52.861265Z","level":"info","event":"Formatting title: Judas And The Black Messiah","logger":"root","filename":"new_tropes_dag.py","lineno":66}
{"timestamp":"2025-12-19T11:05:52.861290Z","level":"info","event":"Formatting title: Judge Dredd","logger":"root","filename":"new_tropes_dag.py","lineno":66}
{"timestamp":"2025-12-19T11:05:52.861315Z","level":"info","event":"Formatting title: Jules","logger":"root","filename":"new_tropes_dag.py","lineno":66}
{"timestamp":"2025-12-19T11:05:52.861339Z","level":"info","event":"Formatting title: Julia","logger":"root","filename":"new_tropes_dag.py","lineno":66}
{"timestamp":"2025-12-19T11:05:52.861363Z","level":"info","event":"Formatting title: Julieta","logger":"root","filename":"new_tropes_dag.py","lineno":66}
{"timestamp":"2025-12-19T11:05:52.861387Z","level":"info","event":"Formatting title: Jumanji","logger":"root","filename":"new_tropes_dag.py","lineno":66}
{"timestamp":"2025-12-19T11:05:52.861410Z","level":"info","event":"Formatting title: Juno","logger":"root","filename":"new_tropes_dag.py","lineno":66}
{"timestamp":"2025-12-19T11:05:52.861433Z","level":"info","event":"Formatting title: Jurassic Park","logger":"root","filename":"new_tropes_dag.py","lineno":66}
{"timestamp":"2025-12-19T11:05:52.861457Z","level":"info","event":"Formatting title: Jurassic Park 3","logger":"root","filename":"new_tropes_dag.py","lineno":66}
{"timestamp":"2025-12-19T11:05:52.861481Z","level":"info","event":"Formatting title: Jurassic Park The Lost World","logger":"root","filename":"new_tropes_dag.py","lineno":66}
{"timestamp":"2025-12-19T11:05:52.861508Z","level":"info","event":"Formatting title: Just Mercy","logger":"root","filename":"new_tropes_dag.py","lineno":66}
{"timestamp":"2025-12-19T11:05:52.861532Z","level":"info","event":"Formatting title: K Pax","logger":"root","filename":"new_tropes_dag.py","lineno":66}
{"timestamp":"2025-12-19T11:05:52.861556Z","level":"info","event":"Formatting title: Kafka","logger":"root","filename":"new_tropes_dag.py","lineno":66}
{"timestamp":"2025-12-19T11:05:52.861581Z","level":"info","event":"Formatting title: Kajillionaire","logger":"root","filename":"new_tropes_dag.py","lineno":66}
{"timestamp":"2025-12-19T11:05:52.861606Z","level":"info","event":"Formatting title: Kalifornia","logger":"root","filename":"new_tropes_dag.py","lineno":66}
{"timestamp":"2025-12-19T11:05:52.861630Z","level":"info","event":"Formatting title: Karate Kid","logger":"root","filename":"new_tropes_dag.py","lineno":66}
{"timestamp":"2025-12-19T11:05:52.861654Z","level":"info","event":"Formatting title: Kate & Leopold","logger":"root","filename":"new_tropes_dag.py","lineno":66}
{"timestamp":"2025-12-19T11:05:52.861679Z","level":"info","event":"Formatting title: Kids","logger":"root","filename":"new_tropes_dag.py","lineno":66}
{"timestamp":"2025-12-19T11:05:52.861702Z","level":"info","event":"Formatting title: Kids Are All Right The","logger":"root","filename":"new_tropes_dag.py","lineno":66}
{"timestamp":"2025-12-19T11:05:52.861726Z","level":"info","event":"Formatting title: Kill Bill Vol 1","logger":"root","filename":"new_tropes_dag.py","lineno":66}
{"timestamp":"2025-12-19T11:05:52.861751Z","level":"info","event":"Formatting title: Kill Bill Vol 2","logger":"root","filename":"new_tropes_dag.py","lineno":66}
{"timestamp":"2025-12-19T11:05:52.861778Z","level":"info","event":"Formatting title: Kill Bill Volume 1 & 2","logger":"root","filename":"new_tropes_dag.py","lineno":66}
{"timestamp":"2025-12-19T11:05:52.861803Z","level":"info","event":"Formatting title: Kill The Messenger","logger":"root","filename":"new_tropes_dag.py","lineno":66}
{"timestamp":"2025-12-19T11:05:52.861829Z","level":"info","event":"Formatting title: Kill Your Darlings","logger":"root","filename":"new_tropes_dag.py","lineno":66}
{"timestamp":"2025-12-19T11:05:52.861855Z","level":"info","event":"Formatting title: Killer Klowns From Outer Space","logger":"root","filename":"new_tropes_dag.py","lineno":66}
{"timestamp":"2025-12-19T11:05:52.861879Z","level":"info","event":"Formatting title: Killer The","logger":"root","filename":"new_tropes_dag.py","lineno":66}
{"timestamp":"2025-12-19T11:05:52.861904Z","level":"info","event":"Formatting title: Killers Of The Flower Moon","logger":"root","filename":"new_tropes_dag.py","lineno":66}
{"timestamp":"2025-12-19T11:05:52.861931Z","level":"info","event":"Formatting title: Killing Zoe","logger":"root","filename":"new_tropes_dag.py","lineno":66}
{"timestamp":"2025-12-19T11:05:52.861955Z","level":"info","event":"Formatting title: Kin","logger":"root","filename":"new_tropes_dag.py","lineno":66}
{"timestamp":"2025-12-19T11:05:52.861979Z","level":"info","event":"Formatting title: King Kong","logger":"root","filename":"new_tropes_dag.py","lineno":66}
{"timestamp":"2025-12-19T11:05:52.862002Z","level":"info","event":"Formatting title: King Of Comedy The","logger":"root","filename":"new_tropes_dag.py","lineno":66}
{"timestamp":"2025-12-19T11:05:52.862026Z","level":"info","event":"Formatting title: King Richard","logger":"root","filename":"new_tropes_dag.py","lineno":66}
{"timestamp":"2025-12-19T11:05:52.862051Z","level":"info","event":"Formatting title: Kingdom The","logger":"root","filename":"new_tropes_dag.py","lineno":66}
{"timestamp":"2025-12-19T11:05:52.862074Z","level":"info","event":"Formatting title: Kingpin","logger":"root","filename":"new_tropes_dag.py","lineno":66}
{"timestamp":"2025-12-19T11:05:52.862098Z","level":"info","event":"Formatting title: Kings Of Summer","logger":"root","filename":"new_tropes_dag.py","lineno":66}
{"timestamp":"2025-12-19T11:05:52.862125Z","level":"info","event":"Formatting title: Kings Speech The","logger":"root","filename":"new_tropes_dag.py","lineno":66}
{"timestamp":"2025-12-19T11:05:52.862150Z","level":"info","event":"Formatting title: Kingsman The Secret Service","logger":"root","filename":"new_tropes_dag.py","lineno":66}
{"timestamp":"2025-12-19T11:05:52.862174Z","level":"info","event":"Formatting title: Kiss Kiss Bang Bang","logger":"root","filename":"new_tropes_dag.py","lineno":66}
{"timestamp":"2025-12-19T11:05:52.862199Z","level":"info","event":"Formatting title: Kiss Of The Spider Woman","logger":"root","filename":"new_tropes_dag.py","lineno":66}
{"timestamp":"2025-12-19T11:05:52.862224Z","level":"info","event":"Formatting title: Klute","logger":"root","filename":"new_tropes_dag.py","lineno":66}
{"timestamp":"2025-12-19T11:05:52.862249Z","level":"info","event":"Formatting title: Knight And Day","logger":"root","filename":"new_tropes_dag.py","lineno":66}
{"timestamp":"2025-12-19T11:05:52.862273Z","level":"info","event":"Formatting title: Knives Out","logger":"root","filename":"new_tropes_dag.py","lineno":66}
{"timestamp":"2025-12-19T11:05:52.862296Z","level":"info","event":"Formatting title: Knocked Up","logger":"root","filename":"new_tropes_dag.py","lineno":66}
{"timestamp":"2025-12-19T11:05:52.862320Z","level":"info","event":"Formatting title: Kramer Vs Kramer","logger":"root","filename":"new_tropes_dag.py","lineno":66}
{"timestamp":"2025-12-19T11:05:52.862344Z","level":"info","event":"Formatting title: Krampus","logger":"root","filename":"new_tropes_dag.py","lineno":66}
{"timestamp":"2025-12-19T11:05:52.862368Z","level":"info","event":"Formatting title: Kubo And The Two Strings","logger":"root","filename":"new_tropes_dag.py","lineno":66}
{"timestamp":"2025-12-19T11:05:52.862396Z","level":"info","event":"Formatting title: Kundun","logger":"root","filename":"new_tropes_dag.py","lineno":66}
{"timestamp":"2025-12-19T11:05:52.862420Z","level":"info","event":"Formatting title: Kung Fu Panda","logger":"root","filename":"new_tropes_dag.py","lineno":66}
{"timestamp":"2025-12-19T11:05:52.862443Z","level":"info","event":"Formatting title: La Confidential","logger":"root","filename":"new_tropes_dag.py","lineno":66}
{"timestamp":"2025-12-19T11:05:52.862467Z","level":"info","event":"Formatting title: La La Land","logger":"root","filename":"new_tropes_dag.py","lineno":66}
{"timestamp":"2025-12-19T11:05:52.862494Z","level":"info","event":"Formatting title: La Story","logger":"root","filename":"new_tropes_dag.py","lineno":66}
{"timestamp":"2025-12-19T11:05:52.862518Z","level":"info","event":"Formatting title: Labor Day","logger":"root","filename":"new_tropes_dag.py","lineno":66}
{"timestamp":"2025-12-19T11:05:52.862571Z","level":"info","event":"Formatting title: Labor Of Love","logger":"root","filename":"new_tropes_dag.py","lineno":66}
{"timestamp":"2025-12-19T11:05:52.862606Z","level":"info","event":"Formatting title: Labyrinth","logger":"root","filename":"new_tropes_dag.py","lineno":66}
{"timestamp":"2025-12-19T11:05:52.862637Z","level":"info","event":"Formatting title: Lady Bird","logger":"root","filename":"new_tropes_dag.py","lineno":66}
{"timestamp":"2025-12-19T11:05:52.862666Z","level":"info","event":"Formatting title: Lady Chatterleys Lover","logger":"root","filename":"new_tropes_dag.py","lineno":66}
{"timestamp":"2025-12-19T11:05:52.862693Z","level":"info","event":"Formatting title: Ladyhawke","logger":"root","filename":"new_tropes_dag.py","lineno":66}
{"timestamp":"2025-12-19T11:05:52.862720Z","level":"info","event":"Formatting title: Ladykillers The","logger":"root","filename":"new_tropes_dag.py","lineno":66}
{"timestamp":"2025-12-19T11:05:52.862745Z","level":"info","event":"Formatting title: Lake Placid","logger":"root","filename":"new_tropes_dag.py","lineno":66}
{"timestamp":"2025-12-19T11:05:52.862782Z","level":"info","event":"Formatting title: Land Of Mine","logger":"root","filename":"new_tropes_dag.py","lineno":66}
{"timestamp":"2025-12-19T11:05:52.862818Z","level":"info","event":"Formatting title: Land Of The Dead","logger":"root","filename":"new_tropes_dag.py","lineno":66}
{"timestamp":"2025-12-19T11:05:52.862846Z","level":"info","event":"Formatting title: Larry Crowne","logger":"root","filename":"new_tropes_dag.py","lineno":66}
{"timestamp":"2025-12-19T11:05:52.862873Z","level":"info","event":"Formatting title: Lars And The Real Girl","logger":"root","filename":"new_tropes_dag.py","lineno":66}
{"timestamp":"2025-12-19T11:05:52.862900Z","level":"info","event":"Formatting title: Last Boy Scout The","logger":"root","filename":"new_tropes_dag.py","lineno":66}
{"timestamp":"2025-12-19T11:05:52.862928Z","level":"info","event":"Formatting title: Last Chance Harvey","logger":"root","filename":"new_tropes_dag.py","lineno":66}
{"timestamp":"2025-12-19T11:05:52.862957Z","level":"info","event":"Formatting title: Last Flight The","logger":"root","filename":"new_tropes_dag.py","lineno":66}
{"timestamp":"2025-12-19T11:05:52.862988Z","level":"info","event":"Formatting title: Last Holiday","logger":"root","filename":"new_tropes_dag.py","lineno":66}
{"timestamp":"2025-12-19T11:05:52.863019Z","level":"info","event":"Formatting title: Last Night In Soho","logger":"root","filename":"new_tropes_dag.py","lineno":66}
{"timestamp":"2025-12-19T11:05:52.863048Z","level":"info","event":"Formatting title: Last Of The Mohicans The","logger":"root","filename":"new_tropes_dag.py","lineno":66}
{"timestamp":"2025-12-19T11:05:52.863074Z","level":"info","event":"Formatting title: Last Samurai The","logger":"root","filename":"new_tropes_dag.py","lineno":66}
{"timestamp":"2025-12-19T11:05:52.863101Z","level":"info","event":"Formatting title: Last Station The","logger":"root","filename":"new_tropes_dag.py","lineno":66}
{"timestamp":"2025-12-19T11:05:52.863125Z","level":"info","event":"Formatting title: Last Tango In Paris","logger":"root","filename":"new_tropes_dag.py","lineno":66}
{"timestamp":"2025-12-19T11:05:52.863150Z","level":"info","event":"Formatting title: Law Abiding Citizen","logger":"root","filename":"new_tropes_dag.py","lineno":66}
{"timestamp":"2025-12-19T11:05:52.863173Z","level":"info","event":"Formatting title: Lawrence Of Arabia","logger":"root","filename":"new_tropes_dag.py","lineno":66}
{"timestamp":"2025-12-19T11:05:52.863198Z","level":"info","event":"Formatting title: Le Diable Par La Queue","logger":"root","filename":"new_tropes_dag.py","lineno":66}
{"timestamp":"2025-12-19T11:05:52.863223Z","level":"info","event":"Formatting title: Lean On Me","logger":"root","filename":"new_tropes_dag.py","lineno":66}
{"timestamp":"2025-12-19T11:05:52.863247Z","level":"info","event":"Formatting title: Leave No Trace","logger":"root","filename":"new_tropes_dag.py","lineno":66}
{"timestamp":"2025-12-19T11:05:52.863272Z","level":"info","event":"Formatting title: Leaving Las Vegas","logger":"root","filename":"new_tropes_dag.py","lineno":66}
{"timestamp":"2025-12-19T11:05:52.863298Z","level":"info","event":"Formatting title: Lee Daniels The Butler","logger":"root","filename":"new_tropes_dag.py","lineno":66}
{"timestamp":"2025-12-19T11:05:52.863326Z","level":"info","event":"Formatting title: Legally Blonde","logger":"root","filename":"new_tropes_dag.py","lineno":66}
{"timestamp":"2025-12-19T11:05:52.863386Z","level":"info","event":"Formatting title: Legend","logger":"root","filename":"new_tropes_dag.py","lineno":66}
{"timestamp":"2025-12-19T11:05:52.863432Z","level":"info","event":"Formatting title: Legend","logger":"root","filename":"new_tropes_dag.py","lineno":66}
{"timestamp":"2025-12-19T11:05:52.863461Z","level":"info","event":"Formatting title: Legion","logger":"root","filename":"new_tropes_dag.py","lineno":66}
{"timestamp":"2025-12-19T11:05:52.863488Z","level":"info","event":"Formatting title: Lego Movie The","logger":"root","filename":"new_tropes_dag.py","lineno":66}
{"timestamp":"2025-12-19T11:05:52.863514Z","level":"info","event":"Formatting title: Lenny","logger":"root","filename":"new_tropes_dag.py","lineno":66}
{"timestamp":"2025-12-19T11:05:52.863540Z","level":"info","event":"Formatting title: Leprechaun","logger":"root","filename":"new_tropes_dag.py","lineno":66}
{"timestamp":"2025-12-19T11:05:52.863566Z","level":"info","event":"Formatting title: Leprechaun 2","logger":"root","filename":"new_tropes_dag.py","lineno":66}
{"timestamp":"2025-12-19T11:05:52.863592Z","level":"info","event":"Formatting title: Les Miserables","logger":"root","filename":"new_tropes_dag.py","lineno":66}
{"timestamp":"2025-12-19T11:05:52.863616Z","level":"info","event":"Formatting title: Les Misérables","logger":"root","filename":"new_tropes_dag.py","lineno":66}
{"timestamp":"2025-12-19T11:05:52.863644Z","level":"info","event":"Formatting title: Les Tontons Flingueurs","logger":"root","filename":"new_tropes_dag.py","lineno":66}
{"timestamp":"2025-12-19T11:05:52.863668Z","level":"info","event":"Formatting title: Let Me In","logger":"root","filename":"new_tropes_dag.py","lineno":66}
{"timestamp":"2025-12-19T11:05:52.863692Z","level":"info","event":"Formatting title: Lethal Weapon","logger":"root","filename":"new_tropes_dag.py","lineno":66}
{"timestamp":"2025-12-19T11:05:52.863716Z","level":"info","event":"Formatting title: Lethal Weapon 2","logger":"root","filename":"new_tropes_dag.py","lineno":66}
{"timestamp":"2025-12-19T11:05:52.863740Z","level":"info","event":"Formatting title: Lethal Weapon 4","logger":"root","filename":"new_tropes_dag.py","lineno":66}
{"timestamp":"2025-12-19T11:05:52.863764Z","level":"info","event":"Formatting title: Leviathan","logger":"root","filename":"new_tropes_dag.py","lineno":66}
{"timestamp":"2025-12-19T11:05:52.863788Z","level":"info","event":"Formatting title: Liar Liar","logger":"root","filename":"new_tropes_dag.py","lineno":66}
{"timestamp":"2025-12-19T11:05:52.863814Z","level":"info","event":"Formatting title: License To Kill","logger":"root","filename":"new_tropes_dag.py","lineno":66}
{"timestamp":"2025-12-19T11:05:52.863837Z","level":"info","event":"Formatting title: Life","logger":"root","filename":"new_tropes_dag.py","lineno":66}
{"timestamp":"2025-12-19T11:05:52.863861Z","level":"info","event":"Formatting title: Life As A House","logger":"root","filename":"new_tropes_dag.py","lineno":66}
{"timestamp":"2025-12-19T11:05:52.863884Z","level":"info","event":"Formatting title: Life Itself","logger":"root","filename":"new_tropes_dag.py","lineno":66}
{"timestamp":"2025-12-19T11:05:52.863907Z","level":"info","event":"Formatting title: Life Of David Gale The","logger":"root","filename":"new_tropes_dag.py","lineno":66}
{"timestamp":"2025-12-19T11:05:52.863931Z","level":"info","event":"Formatting title: Life Of Pi","logger":"root","filename":"new_tropes_dag.py","lineno":66}
{"timestamp":"2025-12-19T11:05:52.863956Z","level":"info","event":"Formatting title: Life Stinks","logger":"root","filename":"new_tropes_dag.py","lineno":66}
{"timestamp":"2025-12-19T11:05:52.863979Z","level":"info","event":"Formatting title: Light Sleeper","logger":"root","filename":"new_tropes_dag.py","lineno":66}
{"timestamp":"2025-12-19T11:05:52.864002Z","level":"info","event":"Formatting title: Lights Out","logger":"root","filename":"new_tropes_dag.py","lineno":66}
{"timestamp":"2025-12-19T11:05:52.864027Z","level":"info","event":"Formatting title: Like Father Like Son","logger":"root","filename":"new_tropes_dag.py","lineno":66}
{"timestamp":"2025-12-19T11:05:52.864051Z","level":"info","event":"Formatting title: Limey The","logger":"root","filename":"new_tropes_dag.py","lineno":66}
{"timestamp":"2025-12-19T11:05:52.864074Z","level":"info","event":"Formatting title: Limitless","logger":"root","filename":"new_tropes_dag.py","lineno":66}
{"timestamp":"2025-12-19T11:05:52.864098Z","level":"info","event":"Formatting title: Lincoln","logger":"root","filename":"new_tropes_dag.py","lineno":66}
{"timestamp":"2025-12-19T11:05:52.864121Z","level":"info","event":"Formatting title: Lincoln Lawyer The","logger":"root","filename":"new_tropes_dag.py","lineno":66}
{"timestamp":"2025-12-19T11:05:52.864147Z","level":"info","event":"Formatting title: Lion","logger":"root","filename":"new_tropes_dag.py","lineno":66}
{"timestamp":"2025-12-19T11:05:52.864172Z","level":"info","event":"Formatting title: Lion King The","logger":"root","filename":"new_tropes_dag.py","lineno":66}
{"timestamp":"2025-12-19T11:05:52.864197Z","level":"info","event":"Formatting title: Little Athens","logger":"root","filename":"new_tropes_dag.py","lineno":66}
{"timestamp":"2025-12-19T11:05:52.864222Z","level":"info","event":"Formatting title: Little Men","logger":"root","filename":"new_tropes_dag.py","lineno":66}
{"timestamp":"2025-12-19T11:05:52.864247Z","level":"info","event":"Formatting title: Little Mermaid The","logger":"root","filename":"new_tropes_dag.py","lineno":66}
{"timestamp":"2025-12-19T11:05:52.864271Z","level":"info","event":"Formatting title: Little Miss Sunshine","logger":"root","filename":"new_tropes_dag.py","lineno":66}
{"timestamp":"2025-12-19T11:05:52.864315Z","level":"info","event":"Formatting title: Little Nicky","logger":"root","filename":"new_tropes_dag.py","lineno":66}
{"timestamp":"2025-12-19T11:05:52.864360Z","level":"info","event":"Formatting title: Little Shop Of Horrors","logger":"root","filename":"new_tropes_dag.py","lineno":66}
{"timestamp":"2025-12-19T11:05:52.864392Z","level":"info","event":"Formatting title: Little Women","logger":"root","filename":"new_tropes_dag.py","lineno":66}
{"timestamp":"2025-12-19T11:05:52.864425Z","level":"info","event":"Formatting title: Live And Let Die","logger":"root","filename":"new_tropes_dag.py","lineno":66}
{"timestamp":"2025-12-19T11:05:52.864457Z","level":"info","event":"Formatting title: Live By Night","logger":"root","filename":"new_tropes_dag.py","lineno":66}
{"timestamp":"2025-12-19T11:05:52.864490Z","level":"info","event":"Formatting title: Live Free Or Die Hard","logger":"root","filename":"new_tropes_dag.py","lineno":66}
{"timestamp":"2025-12-19T11:05:52.864521Z","level":"info","event":"Formatting title: Living","logger":"root","filename":"new_tropes_dag.py","lineno":66}
{"timestamp":"2025-12-19T11:05:52.864572Z","level":"info","event":"Formatting title: Living In Oblivion","logger":"root","filename":"new_tropes_dag.py","lineno":66}
{"timestamp":"2025-12-19T11:05:52.864622Z","level":"info","event":"Formatting title: Lock Stock And Two Smoking Barrels","logger":"root","filename":"new_tropes_dag.py","lineno":66}
{"timestamp":"2025-12-19T11:05:52.864655Z","level":"info","event":"Formatting title: Locke","logger":"root","filename":"new_tropes_dag.py","lineno":66}
{"timestamp":"2025-12-19T11:05:52.864683Z","level":"info","event":"Formatting title: Logan","logger":"root","filename":"new_tropes_dag.py","lineno":66}
{"timestamp":"2025-12-19T11:05:52.864710Z","level":"info","event":"Formatting title: Logans Run","logger":"root","filename":"new_tropes_dag.py","lineno":66}
{"timestamp":"2025-12-19T11:05:52.864741Z","level":"info","event":"Formatting title: Lone Star","logger":"root","filename":"new_tropes_dag.py","lineno":66}
{"timestamp":"2025-12-19T11:05:52.864768Z","level":"info","event":"Formatting title: Lone Survivor","logger":"root","filename":"new_tropes_dag.py","lineno":66}
{"timestamp":"2025-12-19T11:05:52.864802Z","level":"info","event":"Formatting title: Long Kiss Goodnight The","logger":"root","filename":"new_tropes_dag.py","lineno":66}
{"timestamp":"2025-12-19T11:05:52.864833Z","level":"info","event":"Formatting title: Looney Tunes Back In Action","logger":"root","filename":"new_tropes_dag.py","lineno":66}
{"timestamp":"2025-12-19T11:05:52.864865Z","level":"info","event":"Formatting title: Looper","logger":"root","filename":"new_tropes_dag.py","lineno":66}
{"timestamp":"2025-12-19T11:05:52.864894Z","level":"info","event":"Formatting title: Lord Of Illusions","logger":"root","filename":"new_tropes_dag.py","lineno":66}
{"timestamp":"2025-12-19T11:05:52.864933Z","level":"info","event":"Formatting title: Lord Of The Rings Fellowship Of The Ring The","logger":"root","filename":"new_tropes_dag.py","lineno":66}
{"timestamp":"2025-12-19T11:05:52.864969Z","level":"info","event":"Formatting title: Lord Of The Rings Return Of The King","logger":"root","filename":"new_tropes_dag.py","lineno":66}
{"timestamp":"2025-12-19T11:05:52.864999Z","level":"info","event":"Formatting title: Lord Of The Rings The Two Towers","logger":"root","filename":"new_tropes_dag.py","lineno":66}
{"timestamp":"2025-12-19T11:05:52.865046Z","level":"info","event":"Formatting title: Lord Of War","logger":"root","filename":"new_tropes_dag.py","lineno":66}
{"timestamp":"2025-12-19T11:05:52.865093Z","level":"info","event":"Formatting title: Losers The","logger":"root","filename":"new_tropes_dag.py","lineno":66}
{"timestamp":"2025-12-19T11:05:52.865147Z","level":"info","event":"Formatting title: Lost Highway","logger":"root","filename":"new_tropes_dag.py","lineno":66}
{"timestamp":"2025-12-19T11:05:52.865200Z","level":"info","event":"Formatting title: Lost Horizon","logger":"root","filename":"new_tropes_dag.py","lineno":66}
{"timestamp":"2025-12-19T11:05:52.865246Z","level":"info","event":"Formatting title: Lost In Space","logger":"root","filename":"new_tropes_dag.py","lineno":66}
{"timestamp":"2025-12-19T11:05:52.865295Z","level":"info","event":"Formatting title: Lost In Translation","logger":"root","filename":"new_tropes_dag.py","lineno":66}
{"timestamp":"2025-12-19T11:05:52.865339Z","level":"info","event":"Formatting title: Love & Other Drugs","logger":"root","filename":"new_tropes_dag.py","lineno":66}
{"timestamp":"2025-12-19T11:05:52.865392Z","level":"info","event":"Formatting title: Love Actually","logger":"root","filename":"new_tropes_dag.py","lineno":66}
{"timestamp":"2025-12-19T11:05:52.865440Z","level":"info","event":"Formatting title: Love And Basketball","logger":"root","filename":"new_tropes_dag.py","lineno":66}
{"timestamp":"2025-12-19T11:05:52.865485Z","level":"info","event":"Formatting title: Love And Friendship","logger":"root","filename":"new_tropes_dag.py","lineno":66}
{"timestamp":"2025-12-19T11:05:52.865528Z","level":"info","event":"Formatting title: Love Is Strange","logger":"root","filename":"new_tropes_dag.py","lineno":66}
{"timestamp":"2025-12-19T11:05:52.865572Z","level":"info","event":"Formatting title: Love Simon","logger":"root","filename":"new_tropes_dag.py","lineno":66}
{"timestamp":"2025-12-19T11:05:52.865617Z","level":"info","event":"Formatting title: Loving","logger":"root","filename":"new_tropes_dag.py","lineno":66}
{"timestamp":"2025-12-19T11:05:52.865661Z","level":"info","event":"Formatting title: Luca","logger":"root","filename":"new_tropes_dag.py","lineno":66}
{"timestamp":"2025-12-19T11:05:52.865875Z","level":"info","event":"Formatting title: Lucky Number Slevin","logger":"root","filename":"new_tropes_dag.py","lineno":66}
{"timestamp":"2025-12-19T11:05:52.866006Z","level":"info","event":"Formatting title: Lucy","logger":"root","filename":"new_tropes_dag.py","lineno":66}
{"timestamp":"2025-12-19T11:05:52.866073Z","level":"info","event":"Formatting title: Lucy In The Sky","logger":"root","filename":"new_tropes_dag.py","lineno":66}
{"timestamp":"2025-12-19T11:05:52.866137Z","level":"info","event":"Formatting title: Macgruber","logger":"root","filename":"new_tropes_dag.py","lineno":66}
{"timestamp":"2025-12-19T11:05:52.866195Z","level":"info","event":"Formatting title: Machete","logger":"root","filename":"new_tropes_dag.py","lineno":66}
{"timestamp":"2025-12-19T11:05:52.866253Z","level":"info","event":"Formatting title: Machine Gun Preacher","logger":"root","filename":"new_tropes_dag.py","lineno":66}
{"timestamp":"2025-12-19T11:05:52.866307Z","level":"info","event":"Formatting title: Mad Max 2 The Road Warrior","logger":"root","filename":"new_tropes_dag.py","lineno":66}
{"timestamp":"2025-12-19T11:05:52.866378Z","level":"info","event":"Formatting title: Mad Max Fury Road","logger":"root","filename":"new_tropes_dag.py","lineno":66}
{"timestamp":"2025-12-19T11:05:52.866433Z","level":"info","event":"Formatting title: Made","logger":"root","filename":"new_tropes_dag.py","lineno":66}
{"timestamp":"2025-12-19T11:05:52.866490Z","level":"info","event":"Formatting title: Made In Heaven","logger":"root","filename":"new_tropes_dag.py","lineno":66}
{"timestamp":"2025-12-19T11:05:52.866536Z","level":"info","event":"Formatting title: Maestro","logger":"root","filename":"new_tropes_dag.py","lineno":66}
{"timestamp":"2025-12-19T11:05:52.866582Z","level":"info","event":"Formatting title: Maggies Plan","logger":"root","filename":"new_tropes_dag.py","lineno":66}
{"timestamp":"2025-12-19T11:05:52.866628Z","level":"info","event":"Formatting title: Magnolia","logger":"root","filename":"new_tropes_dag.py","lineno":66}
{"timestamp":"2025-12-19T11:05:52.866676Z","level":"info","event":"Formatting title: Majestic The (the Bijou)","logger":"root","filename":"new_tropes_dag.py","lineno":66}
{"timestamp":"2025-12-19T11:05:52.866722Z","level":"info","event":"Formatting title: Major League","logger":"root","filename":"new_tropes_dag.py","lineno":66}
{"timestamp":"2025-12-19T11:05:52.866767Z","level":"info","event":"Formatting title: Malcolm & Marie","logger":"root","filename":"new_tropes_dag.py","lineno":66}
{"timestamp":"2025-12-19T11:05:52.866809Z","level":"info","event":"Formatting title: Malcolm X","logger":"root","filename":"new_tropes_dag.py","lineno":66}
{"timestamp":"2025-12-19T11:05:52.866854Z","level":"info","event":"Formatting title: Malibus Most Wanted","logger":"root","filename":"new_tropes_dag.py","lineno":66}
{"timestamp":"2025-12-19T11:05:52.866908Z","level":"info","event":"Formatting title: Malignant","logger":"root","filename":"new_tropes_dag.py","lineno":66}
{"timestamp":"2025-12-19T11:05:52.866956Z","level":"info","event":"Formatting title: Mallrats","logger":"root","filename":"new_tropes_dag.py","lineno":66}
{"timestamp":"2025-12-19T11:05:52.867004Z","level":"info","event":"Formatting title: Man In The Iron Mask","logger":"root","filename":"new_tropes_dag.py","lineno":66}
{"timestamp":"2025-12-19T11:05:52.867051Z","level":"info","event":"Formatting title: Man On A Ledge","logger":"root","filename":"new_tropes_dag.py","lineno":66}
{"timestamp":"2025-12-19T11:05:52.867096Z","level":"info","event":"Formatting title: Man On Fire","logger":"root","filename":"new_tropes_dag.py","lineno":66}
{"timestamp":"2025-12-19T11:05:52.867152Z","level":"info","event":"Formatting title: Man On The Moon","logger":"root","filename":"new_tropes_dag.py","lineno":66}
{"timestamp":"2025-12-19T11:05:52.925326Z","level":"info","event":"Formatting title: Man Trouble","logger":"root","filename":"new_tropes_dag.py","lineno":66}
{"timestamp":"2025-12-19T11:05:52.925456Z","level":"info","event":"Formatting title: Man Who Knew Too Much The","logger":"root","filename":"new_tropes_dag.py","lineno":66}
{"timestamp":"2025-12-19T11:05:52.925503Z","level":"info","event":"Formatting title: Man Who Wasnt There The","logger":"root","filename":"new_tropes_dag.py","lineno":66}
{"timestamp":"2025-12-19T11:05:52.925543Z","level":"info","event":"Formatting title: Manchurian Candidate The","logger":"root","filename":"new_tropes_dag.py","lineno":66}
{"timestamp":"2025-12-19T11:05:52.925611Z","level":"info","event":"Formatting title: Mandy","logger":"root","filename":"new_tropes_dag.py","lineno":66}
{"timestamp":"2025-12-19T11:05:52.925650Z","level":"info","event":"Formatting title: Manhattan Murder Mystery","logger":"root","filename":"new_tropes_dag.py","lineno":66}
{"timestamp":"2025-12-19T11:05:52.925684Z","level":"info","event":"Formatting title: Manhunter","logger":"root","filename":"new_tropes_dag.py","lineno":66}
{"timestamp":"2025-12-19T11:05:52.925732Z","level":"info","event":"Formatting title: Maniac Cop","logger":"root","filename":"new_tropes_dag.py","lineno":66}
{"timestamp":"2025-12-19T11:05:52.925788Z","level":"info","event":"Formatting title: Mank","logger":"root","filename":"new_tropes_dag.py","lineno":66}
{"timestamp":"2025-12-19T11:05:52.925835Z","level":"info","event":"Formatting title: Margaret","logger":"root","filename":"new_tropes_dag.py","lineno":66}
{"timestamp":"2025-12-19T11:05:52.925872Z","level":"info","event":"Formatting title: Margin Call","logger":"root","filename":"new_tropes_dag.py","lineno":66}
{"timestamp":"2025-12-19T11:05:52.925906Z","level":"info","event":"Formatting title: Margot At The Wedding","logger":"root","filename":"new_tropes_dag.py","lineno":66}
{"timestamp":"2025-12-19T11:05:52.925941Z","level":"info","event":"Formatting title: Maria","logger":"root","filename":"new_tropes_dag.py","lineno":66}
{"timestamp":"2025-12-19T11:05:52.925973Z","level":"info","event":"Formatting title: Maria Full Of Grace","logger":"root","filename":"new_tropes_dag.py","lineno":66}
{"timestamp":"2025-12-19T11:05:52.926006Z","level":"info","event":"Formatting title: Mariachi El","logger":"root","filename":"new_tropes_dag.py","lineno":66}
{"timestamp":"2025-12-19T11:05:52.926039Z","level":"info","event":"Formatting title: Marley & Me","logger":"root","filename":"new_tropes_dag.py","lineno":66}
{"timestamp":"2025-12-19T11:05:52.926102Z","level":"info","event":"Formatting title: Marriage Story","logger":"root","filename":"new_tropes_dag.py","lineno":66}
{"timestamp":"2025-12-19T11:05:52.926145Z","level":"info","event":"Formatting title: Mars Attacks","logger":"root","filename":"new_tropes_dag.py","lineno":66}
{"timestamp":"2025-12-19T11:05:52.926180Z","level":"info","event":"Formatting title: Martha Marcy May Marlene","logger":"root","filename":"new_tropes_dag.py","lineno":66}
{"timestamp":"2025-12-19T11:05:52.926214Z","level":"info","event":"Formatting title: Martian The","logger":"root","filename":"new_tropes_dag.py","lineno":66}
{"timestamp":"2025-12-19T11:05:52.926267Z","level":"info","event":"Formatting title: Marty","logger":"root","filename":"new_tropes_dag.py","lineno":66}
{"timestamp":"2025-12-19T11:05:52.926313Z","level":"info","event":"Formatting title: Martyrs","logger":"root","filename":"new_tropes_dag.py","lineno":66}
{"timestamp":"2025-12-19T11:05:52.926350Z","level":"info","event":"Formatting title: Mary Poppins","logger":"root","filename":"new_tropes_dag.py","lineno":66}
{"timestamp":"2025-12-19T11:05:52.926383Z","level":"info","event":"Formatting title: Mary Poppins Returns","logger":"root","filename":"new_tropes_dag.py","lineno":66}
{"timestamp":"2025-12-19T11:05:52.926416Z","level":"info","event":"Formatting title: Mary Queen Of Scots","logger":"root","filename":"new_tropes_dag.py","lineno":66}
{"timestamp":"2025-12-19T11:05:52.926450Z","level":"info","event":"Formatting title: Mary Shelleys Frankenstein","logger":"root","filename":"new_tropes_dag.py","lineno":66}
{"timestamp":"2025-12-19T11:05:52.926505Z","level":"info","event":"Formatting title: Mask The","logger":"root","filename":"new_tropes_dag.py","lineno":66}
{"timestamp":"2025-12-19T11:05:52.926549Z","level":"info","event":"Formatting title: Mass","logger":"root","filename":"new_tropes_dag.py","lineno":66}
{"timestamp":"2025-12-19T11:05:52.926677Z","level":"info","event":"Formatting title: Master","logger":"root","filename":"new_tropes_dag.py","lineno":66}
{"timestamp":"2025-12-19T11:05:52.926739Z","level":"info","event":"Formatting title: Master And Commander","logger":"root","filename":"new_tropes_dag.py","lineno":66}
{"timestamp":"2025-12-19T11:05:52.926780Z","level":"info","event":"Formatting title: Master The","logger":"root","filename":"new_tropes_dag.py","lineno":66}
{"timestamp":"2025-12-19T11:05:52.926824Z","level":"info","event":"Formatting title: Match Point","logger":"root","filename":"new_tropes_dag.py","lineno":66}
{"timestamp":"2025-12-19T11:05:52.926862Z","level":"info","event":"Formatting title: Matchstick Men","logger":"root","filename":"new_tropes_dag.py","lineno":66}
{"timestamp":"2025-12-19T11:05:52.926956Z","level":"info","event":"Formatting title: Matrix Reloaded The","logger":"root","filename":"new_tropes_dag.py","lineno":66}
{"timestamp":"2025-12-19T11:05:52.927010Z","level":"info","event":"Formatting title: Matrix The","logger":"root","filename":"new_tropes_dag.py","lineno":66}
{"timestamp":"2025-12-19T11:05:52.927079Z","level":"info","event":"Formatting title: Maudie","logger":"root","filename":"new_tropes_dag.py","lineno":66}
{"timestamp":"2025-12-19T11:05:52.927121Z","level":"info","event":"Formatting title: Max Payne","logger":"root","filename":"new_tropes_dag.py","lineno":66}
{"timestamp":"2025-12-19T11:05:52.927150Z","level":"info","event":"Formatting title: May December","logger":"root","filename":"new_tropes_dag.py","lineno":66}
{"timestamp":"2025-12-19T11:05:52.927179Z","level":"info","event":"Formatting title: Me And Earl And The Dying Girl","logger":"root","filename":"new_tropes_dag.py","lineno":66}
{"timestamp":"2025-12-19T11:05:52.927207Z","level":"info","event":"Formatting title: Me Him Her","logger":"root","filename":"new_tropes_dag.py","lineno":66}
{"timestamp":"2025-12-19T11:05:52.927237Z","level":"info","event":"Formatting title: Mean Girls","logger":"root","filename":"new_tropes_dag.py","lineno":66}
{"timestamp":"2025-12-19T11:05:52.927265Z","level":"info","event":"Formatting title: Mean Streets","logger":"root","filename":"new_tropes_dag.py","lineno":66}
{"timestamp":"2025-12-19T11:05:52.927290Z","level":"info","event":"Formatting title: Meatballs","logger":"root","filename":"new_tropes_dag.py","lineno":66}
{"timestamp":"2025-12-19T11:05:52.927316Z","level":"info","event":"Formatting title: Mechanic The","logger":"root","filename":"new_tropes_dag.py","lineno":66}
{"timestamp":"2025-12-19T11:05:52.927342Z","level":"info","event":"Formatting title: Meet Joe Black","logger":"root","filename":"new_tropes_dag.py","lineno":66}
{"timestamp":"2025-12-19T11:05:52.927446Z","level":"info","event":"Formatting title: Meet John Doe","logger":"root","filename":"new_tropes_dag.py","lineno":66}
{"timestamp":"2025-12-19T11:05:52.927489Z","level":"info","event":"Formatting title: Megamind","logger":"root","filename":"new_tropes_dag.py","lineno":66}
{"timestamp":"2025-12-19T11:05:52.927525Z","level":"info","event":"Formatting title: Memento","logger":"root","filename":"new_tropes_dag.py","lineno":66}
{"timestamp":"2025-12-19T11:05:52.927565Z","level":"info","event":"Formatting title: Memoirs Of A Geisha","logger":"root","filename":"new_tropes_dag.py","lineno":66}
{"timestamp":"2025-12-19T11:05:52.927602Z","level":"info","event":"Formatting title: Memories Of Murder","logger":"root","filename":"new_tropes_dag.py","lineno":66}
{"timestamp":"2025-12-19T11:05:52.927629Z","level":"info","event":"Formatting title: Memory","logger":"root","filename":"new_tropes_dag.py","lineno":66}
{"timestamp":"2025-12-19T11:05:52.927656Z","level":"info","event":"Formatting title: Men In Black","logger":"root","filename":"new_tropes_dag.py","lineno":66}
{"timestamp":"2025-12-19T11:05:52.927683Z","level":"info","event":"Formatting title: Men In Black 3","logger":"root","filename":"new_tropes_dag.py","lineno":66}
{"timestamp":"2025-12-19T11:05:52.927708Z","level":"info","event":"Formatting title: Men Who Stare At Goats The","logger":"root","filename":"new_tropes_dag.py","lineno":66}
{"timestamp":"2025-12-19T11:05:52.927734Z","level":"info","event":"Formatting title: Menace 2 Society","logger":"root","filename":"new_tropes_dag.py","lineno":66}
{"timestamp":"2025-12-19T11:05:52.927758Z","level":"info","event":"Formatting title: Menu The","logger":"root","filename":"new_tropes_dag.py","lineno":66}
{"timestamp":"2025-12-19T11:05:52.927800Z","level":"info","event":"Formatting title: Metro","logger":"root","filename":"new_tropes_dag.py","lineno":66}
{"timestamp":"2025-12-19T11:05:52.927839Z","level":"info","event":"Formatting title: Miami Vice","logger":"root","filename":"new_tropes_dag.py","lineno":66}
{"timestamp":"2025-12-19T11:05:52.927870Z","level":"info","event":"Formatting title: Michael Clayton","logger":"root","filename":"new_tropes_dag.py","lineno":66}
{"timestamp":"2025-12-19T11:05:52.927897Z","level":"info","event":"Formatting title: Mid90s","logger":"root","filename":"new_tropes_dag.py","lineno":66}
{"timestamp":"2025-12-19T11:05:52.927924Z","level":"info","event":"Formatting title: Midnight Cowboy","logger":"root","filename":"new_tropes_dag.py","lineno":66}
{"timestamp":"2025-12-19T11:05:52.927958Z","level":"info","event":"Formatting title: Midnight Express","logger":"root","filename":"new_tropes_dag.py","lineno":66}
{"timestamp":"2025-12-19T11:05:52.927985Z","level":"info","event":"Formatting title: Midnight In Paris","logger":"root","filename":"new_tropes_dag.py","lineno":66}
{"timestamp":"2025-12-19T11:05:52.928012Z","level":"info","event":"Formatting title: Midnight Run","logger":"root","filename":"new_tropes_dag.py","lineno":66}
{"timestamp":"2025-12-19T11:05:52.928037Z","level":"info","event":"Formatting title: Midsommar","logger":"root","filename":"new_tropes_dag.py","lineno":66}
{"timestamp":"2025-12-19T11:05:52.928062Z","level":"info","event":"Formatting title: Midway","logger":"root","filename":"new_tropes_dag.py","lineno":66}
{"timestamp":"2025-12-19T11:05:52.928103Z","level":"info","event":"Formatting title: Mighty Joe Young","logger":"root","filename":"new_tropes_dag.py","lineno":66}
{"timestamp":"2025-12-19T11:05:52.928140Z","level":"info","event":"Formatting title: Mighty Morphin Power Rangers The Movie","logger":"root","filename":"new_tropes_dag.py","lineno":66}
{"timestamp":"2025-12-19T11:05:52.928168Z","level":"info","event":"Formatting title: Mikey And Nicky","logger":"root","filename":"new_tropes_dag.py","lineno":66}
{"timestamp":"2025-12-19T11:05:52.928425Z","level":"info","event":"Formatting title: Miles Ahead","logger":"root","filename":"new_tropes_dag.py","lineno":66}
{"timestamp":"2025-12-19T11:05:52.928473Z","level":"info","event":"Formatting title: Milk","logger":"root","filename":"new_tropes_dag.py","lineno":66}
{"timestamp":"2025-12-19T11:05:52.928502Z","level":"info","event":"Formatting title: Millers Crossing","logger":"root","filename":"new_tropes_dag.py","lineno":66}
{"timestamp":"2025-12-19T11:05:52.928532Z","level":"info","event":"Formatting title: Millers Girl","logger":"root","filename":"new_tropes_dag.py","lineno":66}
{"timestamp":"2025-12-19T11:05:52.928559Z","level":"info","event":"Formatting title: Million Dollar Baby","logger":"root","filename":"new_tropes_dag.py","lineno":66}
{"timestamp":"2025-12-19T11:05:52.928611Z","level":"info","event":"Formatting title: Mimic","logger":"root","filename":"new_tropes_dag.py","lineno":66}
{"timestamp":"2025-12-19T11:05:52.928641Z","level":"info","event":"Formatting title: Minari","logger":"root","filename":"new_tropes_dag.py","lineno":66}
{"timestamp":"2025-12-19T11:05:52.928669Z","level":"info","event":"Formatting title: Minis First Time","logger":"root","filename":"new_tropes_dag.py","lineno":66}
{"timestamp":"2025-12-19T11:05:52.928695Z","level":"info","event":"Formatting title: Minority Report","logger":"root","filename":"new_tropes_dag.py","lineno":66}
{"timestamp":"2025-12-19T11:05:52.928722Z","level":"info","event":"Formatting title: Miracle Worker The","logger":"root","filename":"new_tropes_dag.py","lineno":66}
{"timestamp":"2025-12-19T11:05:52.928760Z","level":"info","event":"Formatting title: Mirrors","logger":"root","filename":"new_tropes_dag.py","lineno":66}
{"timestamp":"2025-12-19T11:05:52.928799Z","level":"info","event":"Formatting title: Misery","logger":"root","filename":"new_tropes_dag.py","lineno":66}
{"timestamp":"2025-12-19T11:05:52.928830Z","level":"info","event":"Formatting title: Miss Congeniality","logger":"root","filename":"new_tropes_dag.py","lineno":66}
{"timestamp":"2025-12-19T11:05:52.928857Z","level":"info","event":"Formatting title: Miss Sloane","logger":"root","filename":"new_tropes_dag.py","lineno":66}
{"timestamp":"2025-12-19T11:05:52.928882Z","level":"info","event":"Formatting title: Mission Impossible","logger":"root","filename":"new_tropes_dag.py","lineno":66}
{"timestamp":"2025-12-19T11:05:52.928940Z","level":"info","event":"Formatting title: Mission Impossible 2","logger":"root","filename":"new_tropes_dag.py","lineno":66}
{"timestamp":"2025-12-19T11:05:52.928980Z","level":"info","event":"Formatting title: Mission Impossible 3","logger":"root","filename":"new_tropes_dag.py","lineno":66}
{"timestamp":"2025-12-19T11:05:52.929010Z","level":"info","event":"Formatting title: Mission Impossible Fallout","logger":"root","filename":"new_tropes_dag.py","lineno":66}
{"timestamp":"2025-12-19T11:05:52.929038Z","level":"info","event":"Formatting title: Mission Impossible Rogue Nation","logger":"root","filename":"new_tropes_dag.py","lineno":66}
{"timestamp":"2025-12-19T11:05:52.929064Z","level":"info","event":"Formatting title: Mission To Mars","logger":"root","filename":"new_tropes_dag.py","lineno":66}
{"timestamp":"2025-12-19T11:05:52.929090Z","level":"info","event":"Formatting title: Mollys Game","logger":"root","filename":"new_tropes_dag.py","lineno":66}
{"timestamp":"2025-12-19T11:05:52.929115Z","level":"info","event":"Formatting title: Moneyball","logger":"root","filename":"new_tropes_dag.py","lineno":66}
{"timestamp":"2025-12-19T11:05:52.929141Z","level":"info","event":"Formatting title: Monkeybone","logger":"root","filename":"new_tropes_dag.py","lineno":66}
{"timestamp":"2025-12-19T11:05:52.929183Z","level":"info","event":"Formatting title: Monster","logger":"root","filename":"new_tropes_dag.py","lineno":66}
{"timestamp":"2025-12-19T11:05:52.929217Z","level":"info","event":"Formatting title: Monsters Ball","logger":"root","filename":"new_tropes_dag.py","lineno":66}
{"timestamp":"2025-12-19T11:05:52.929245Z","level":"info","event":"Formatting title: Monsters Inc","logger":"root","filename":"new_tropes_dag.py","lineno":66}
{"timestamp":"2025-12-19T11:05:52.929271Z","level":"info","event":"Formatting title: Monsters University","logger":"root","filename":"new_tropes_dag.py","lineno":66}
{"timestamp":"2025-12-19T11:05:52.929297Z","level":"info","event":"Formatting title: Monte Carlo","logger":"root","filename":"new_tropes_dag.py","lineno":66}
{"timestamp":"2025-12-19T11:05:52.929323Z","level":"info","event":"Formatting title: Moon","logger":"root","filename":"new_tropes_dag.py","lineno":66}
{"timestamp":"2025-12-19T11:05:52.929348Z","level":"info","event":"Formatting title: Moonlight","logger":"root","filename":"new_tropes_dag.py","lineno":66}
{"timestamp":"2025-12-19T11:05:52.929393Z","level":"info","event":"Formatting title: Moonrise Kingdom","logger":"root","filename":"new_tropes_dag.py","lineno":66}
{"timestamp":"2025-12-19T11:05:52.929429Z","level":"info","event":"Formatting title: Moonstruck","logger":"root","filename":"new_tropes_dag.py","lineno":66}
{"timestamp":"2025-12-19T11:05:52.929459Z","level":"info","event":"Formatting title: Mother","logger":"root","filename":"new_tropes_dag.py","lineno":66}
{"timestamp":"2025-12-19T11:05:52.929486Z","level":"info","event":"Formatting title: Motherless Brooklyn","logger":"root","filename":"new_tropes_dag.py","lineno":66}
{"timestamp":"2025-12-19T11:05:52.929513Z","level":"info","event":"Formatting title: Moulin Rouge","logger":"root","filename":"new_tropes_dag.py","lineno":66}
{"timestamp":"2025-12-19T11:05:52.929539Z","level":"info","event":"Formatting title: Mr & Mrs Smith","logger":"root","filename":"new_tropes_dag.py","lineno":66}
{"timestamp":"2025-12-19T11:05:52.929576Z","level":"info","event":"Formatting title: Mr Blandings Builds His Dream House","logger":"root","filename":"new_tropes_dag.py","lineno":66}
{"timestamp":"2025-12-19T11:05:52.929615Z","level":"info","event":"Formatting title: Mr Brooks","logger":"root","filename":"new_tropes_dag.py","lineno":66}
{"timestamp":"2025-12-19T11:05:52.929645Z","level":"info","event":"Formatting title: Mr Deeds Goes To Town","logger":"root","filename":"new_tropes_dag.py","lineno":66}
{"timestamp":"2025-12-19T11:05:52.929673Z","level":"info","event":"Formatting title: Mr Hollands Opus","logger":"root","filename":"new_tropes_dag.py","lineno":66}
{"timestamp":"2025-12-19T11:05:52.929699Z","level":"info","event":"Formatting title: Mr Mom","logger":"root","filename":"new_tropes_dag.py","lineno":66}
{"timestamp":"2025-12-19T11:05:52.929726Z","level":"info","event":"Formatting title: Mr Nobody","logger":"root","filename":"new_tropes_dag.py","lineno":66}
{"timestamp":"2025-12-19T11:05:52.929775Z","level":"info","event":"Formatting title: Mr Right","logger":"root","filename":"new_tropes_dag.py","lineno":66}
{"timestamp":"2025-12-19T11:05:52.929807Z","level":"info","event":"Formatting title: Mr Turner","logger":"root","filename":"new_tropes_dag.py","lineno":66}
{"timestamp":"2025-12-19T11:05:52.929836Z","level":"info","event":"Formatting title: Mrs Brown","logger":"root","filename":"new_tropes_dag.py","lineno":66}
{"timestamp":"2025-12-19T11:05:52.929864Z","level":"info","event":"Formatting title: Mud","logger":"root","filename":"new_tropes_dag.py","lineno":66}
{"timestamp":"2025-12-19T11:05:52.929891Z","level":"info","event":"Formatting title: Mudbound","logger":"root","filename":"new_tropes_dag.py","lineno":66}
{"timestamp":"2025-12-19T11:05:52.929917Z","level":"info","event":"Formatting title: Mulan","logger":"root","filename":"new_tropes_dag.py","lineno":66}
{"timestamp":"2025-12-19T11:05:52.929943Z","level":"info","event":"Formatting title: Mulholland Dr","logger":"root","filename":"new_tropes_dag.py","lineno":66}
{"timestamp":"2025-12-19T11:05:52.929969Z","level":"info","event":"Formatting title: Mulholland Drive","logger":"root","filename":"new_tropes_dag.py","lineno":66}
{"timestamp":"2025-12-19T11:05:52.929995Z","level":"info","event":"Formatting title: Mumford","logger":"root","filename":"new_tropes_dag.py","lineno":66}
{"timestamp":"2025-12-19T11:05:52.930021Z","level":"info","event":"Formatting title: Mummy The","logger":"root","filename":"new_tropes_dag.py","lineno":66}
{"timestamp":"2025-12-19T11:05:52.930067Z","level":"info","event":"Formatting title: Murder On The Orient Express","logger":"root","filename":"new_tropes_dag.py","lineno":66}
{"timestamp":"2025-12-19T11:05:52.930101Z","level":"info","event":"Formatting title: Music Of The Heart","logger":"root","filename":"new_tropes_dag.py","lineno":66}
{"timestamp":"2025-12-19T11:05:52.930129Z","level":"info","event":"Formatting title: Mute Witness","logger":"root","filename":"new_tropes_dag.py","lineno":66}
{"timestamp":"2025-12-19T11:05:52.930157Z","level":"info","event":"Formatting title: My Best Friends Wedding","logger":"root","filename":"new_tropes_dag.py","lineno":66}
{"timestamp":"2025-12-19T11:05:52.930184Z","level":"info","event":"Formatting title: My Big Fat Greek Wedding 2","logger":"root","filename":"new_tropes_dag.py","lineno":66}
{"timestamp":"2025-12-19T11:05:52.930210Z","level":"info","event":"Formatting title: My Cousin Vinny","logger":"root","filename":"new_tropes_dag.py","lineno":66}
{"timestamp":"2025-12-19T11:05:52.930236Z","level":"info","event":"Formatting title: My Demon Lover","logger":"root","filename":"new_tropes_dag.py","lineno":66}
{"timestamp":"2025-12-19T11:05:52.930277Z","level":"info","event":"Formatting title: My Friend Dahmer","logger":"root","filename":"new_tropes_dag.py","lineno":66}
{"timestamp":"2025-12-19T11:05:52.930312Z","level":"info","event":"Formatting title: My Girl","logger":"root","filename":"new_tropes_dag.py","lineno":66}
{"timestamp":"2025-12-19T11:05:52.930341Z","level":"info","event":"Formatting title: My Mother Dreams The Satans Disciples In New York","logger":"root","filename":"new_tropes_dag.py","lineno":66}
{"timestamp":"2025-12-19T11:05:52.930370Z","level":"info","event":"Formatting title: My Old Ass","logger":"root","filename":"new_tropes_dag.py","lineno":66}
{"timestamp":"2025-12-19T11:05:52.930396Z","level":"info","event":"Formatting title: My Policeman","logger":"root","filename":"new_tropes_dag.py","lineno":66}
{"timestamp":"2025-12-19T11:05:52.930421Z","level":"info","event":"Formatting title: My Week With Marilyn","logger":"root","filename":"new_tropes_dag.py","lineno":66}
{"timestamp":"2025-12-19T11:05:52.930446Z","level":"info","event":"Formatting title: Mystery Men","logger":"root","filename":"new_tropes_dag.py","lineno":66}
{"timestamp":"2025-12-19T11:05:52.930485Z","level":"info","event":"Formatting title: Naked Gun 33 1/3 The Final Insult","logger":"root","filename":"new_tropes_dag.py","lineno":66}
{"timestamp":"2025-12-19T11:05:52.930524Z","level":"info","event":"Formatting title: Nanny","logger":"root","filename":"new_tropes_dag.py","lineno":66}
{"timestamp":"2025-12-19T11:05:52.930555Z","level":"info","event":"Formatting title: Napoleon","logger":"root","filename":"new_tropes_dag.py","lineno":66}
{"timestamp":"2025-12-19T11:05:52.930583Z","level":"info","event":"Formatting title: Napoleon Dynamite","logger":"root","filename":"new_tropes_dag.py","lineno":66}
{"timestamp":"2025-12-19T11:05:52.930610Z","level":"info","event":"Formatting title: Nashville","logger":"root","filename":"new_tropes_dag.py","lineno":66}
{"timestamp":"2025-12-19T11:05:52.930710Z","level":"info","event":"Formatting title: National Lampoons Animal House","logger":"root","filename":"new_tropes_dag.py","lineno":66}
{"timestamp":"2025-12-19T11:05:52.930743Z","level":"info","event":"Formatting title: National Lampoons Christmas Vacation","logger":"root","filename":"new_tropes_dag.py","lineno":66}
{"timestamp":"2025-12-19T11:05:52.930772Z","level":"info","event":"Formatting title: National Lampoons European Vacation","logger":"root","filename":"new_tropes_dag.py","lineno":66}
{"timestamp":"2025-12-19T11:05:52.930799Z","level":"info","event":"Formatting title: National Lampoons Vacation","logger":"root","filename":"new_tropes_dag.py","lineno":66}
{"timestamp":"2025-12-19T11:05:52.930826Z","level":"info","event":"Formatting title: National Treasure","logger":"root","filename":"new_tropes_dag.py","lineno":66}
{"timestamp":"2025-12-19T11:05:52.930880Z","level":"info","event":"Formatting title: Natural Born Killers","logger":"root","filename":"new_tropes_dag.py","lineno":66}
{"timestamp":"2025-12-19T11:05:52.930952Z","level":"info","event":"Formatting title: Near Dark","logger":"root","filename":"new_tropes_dag.py","lineno":66}
{"timestamp":"2025-12-19T11:05:52.930999Z","level":"info","event":"Formatting title: Nebraska","logger":"root","filename":"new_tropes_dag.py","lineno":66}
{"timestamp":"2025-12-19T11:05:52.931031Z","level":"info","event":"Formatting title: Nell","logger":"root","filename":"new_tropes_dag.py","lineno":66}
{"timestamp":"2025-12-19T11:05:52.931060Z","level":"info","event":"Formatting title: Network","logger":"root","filename":"new_tropes_dag.py","lineno":66}
{"timestamp":"2025-12-19T11:05:52.931088Z","level":"info","event":"Formatting title: Never Been Kissed","logger":"root","filename":"new_tropes_dag.py","lineno":66}
{"timestamp":"2025-12-19T11:05:52.931117Z","level":"info","event":"Formatting title: Never Look Away","logger":"root","filename":"new_tropes_dag.py","lineno":66}
{"timestamp":"2025-12-19T11:05:52.931144Z","level":"info","event":"Formatting title: Never Rarely Sometimes Always","logger":"root","filename":"new_tropes_dag.py","lineno":66}
{"timestamp":"2025-12-19T11:05:52.931171Z","level":"info","event":"Formatting title: Neverending Story The","logger":"root","filename":"new_tropes_dag.py","lineno":66}
{"timestamp":"2025-12-19T11:05:52.931202Z","level":"info","event":"Formatting title: New Jack City","logger":"root","filename":"new_tropes_dag.py","lineno":66}
{"timestamp":"2025-12-19T11:05:52.931231Z","level":"info","event":"Formatting title: New York Minute","logger":"root","filename":"new_tropes_dag.py","lineno":66}
{"timestamp":"2025-12-19T11:05:52.931258Z","level":"info","event":"Formatting title: Newsies","logger":"root","filename":"new_tropes_dag.py","lineno":66}
{"timestamp":"2025-12-19T11:05:52.931289Z","level":"info","event":"Formatting title: Next","logger":"root","filename":"new_tropes_dag.py","lineno":66}
{"timestamp":"2025-12-19T11:05:52.931315Z","level":"info","event":"Formatting title: Next Friday","logger":"root","filename":"new_tropes_dag.py","lineno":66}
{"timestamp":"2025-12-19T11:05:52.931342Z","level":"info","event":"Formatting title: Next Three Days The","logger":"root","filename":"new_tropes_dag.py","lineno":66}
{"timestamp":"2025-12-19T11:05:52.931386Z","level":"info","event":"Formatting title: Ni Vu Ni Connu","logger":"root","filename":"new_tropes_dag.py","lineno":66}
{"timestamp":"2025-12-19T11:05:52.931441Z","level":"info","event":"Formatting title: Nick And Norahs Infinite Playlist","logger":"root","filename":"new_tropes_dag.py","lineno":66}
{"timestamp":"2025-12-19T11:05:52.931478Z","level":"info","event":"Formatting title: Nick Of Time","logger":"root","filename":"new_tropes_dag.py","lineno":66}
{"timestamp":"2025-12-19T11:05:52.931506Z","level":"info","event":"Formatting title: Nickel Boys","logger":"root","filename":"new_tropes_dag.py","lineno":66}
{"timestamp":"2025-12-19T11:05:52.931537Z","level":"info","event":"Formatting title: Night Nurse","logger":"root","filename":"new_tropes_dag.py","lineno":66}
{"timestamp":"2025-12-19T11:05:52.931565Z","level":"info","event":"Formatting title: Night Of The Demons","logger":"root","filename":"new_tropes_dag.py","lineno":66}
{"timestamp":"2025-12-19T11:05:52.931592Z","level":"info","event":"Formatting title: Night Of The Living Dead","logger":"root","filename":"new_tropes_dag.py","lineno":66}
{"timestamp":"2025-12-19T11:05:52.931618Z","level":"info","event":"Formatting title: Night Time (the Poltergeist Treatment)","logger":"root","filename":"new_tropes_dag.py","lineno":66}
{"timestamp":"2025-12-19T11:05:52.931645Z","level":"info","event":"Formatting title: Nightbitch","logger":"root","filename":"new_tropes_dag.py","lineno":66}
{"timestamp":"2025-12-19T11:05:52.931672Z","level":"info","event":"Formatting title: Nightbreed","logger":"root","filename":"new_tropes_dag.py","lineno":66}
{"timestamp":"2025-12-19T11:05:52.931699Z","level":"info","event":"Formatting title: Nightcrawler","logger":"root","filename":"new_tropes_dag.py","lineno":66}
{"timestamp":"2025-12-19T11:05:52.931749Z","level":"info","event":"Formatting title: Nightmare Alley","logger":"root","filename":"new_tropes_dag.py","lineno":66}
{"timestamp":"2025-12-19T11:05:52.931797Z","level":"info","event":"Formatting title: Nightmare Before Christmas The","logger":"root","filename":"new_tropes_dag.py","lineno":66}
{"timestamp":"2025-12-19T11:05:52.931828Z","level":"info","event":"Formatting title: Nightmare Before Christmas The","logger":"root","filename":"new_tropes_dag.py","lineno":66}
{"timestamp":"2025-12-19T11:05:52.931856Z","level":"info","event":"Formatting title: Nightmare On Elm Street A","logger":"root","filename":"new_tropes_dag.py","lineno":66}
{"timestamp":"2025-12-19T11:05:52.931883Z","level":"info","event":"Formatting title: Nightmare On Elm Street The Final Chapter","logger":"root","filename":"new_tropes_dag.py","lineno":66}
{"timestamp":"2025-12-19T11:05:52.931928Z","level":"info","event":"Formatting title: Nine","logger":"root","filename":"new_tropes_dag.py","lineno":66}
{"timestamp":"2025-12-19T11:05:52.931985Z","level":"info","event":"Formatting title: Nine Days","logger":"root","filename":"new_tropes_dag.py","lineno":66}
{"timestamp":"2025-12-19T11:05:52.932041Z","level":"info","event":"Formatting title: Nines The","logger":"root","filename":"new_tropes_dag.py","lineno":66}
{"timestamp":"2025-12-19T11:05:52.932073Z","level":"info","event":"Formatting title: Ninja Assassin","logger":"root","filename":"new_tropes_dag.py","lineno":66}
{"timestamp":"2025-12-19T11:05:52.932102Z","level":"info","event":"Formatting title: Ninotchka","logger":"root","filename":"new_tropes_dag.py","lineno":66}
{"timestamp":"2025-12-19T11:05:52.932130Z","level":"info","event":"Formatting title: Ninth Gate The","logger":"root","filename":"new_tropes_dag.py","lineno":66}
{"timestamp":"2025-12-19T11:05:52.932175Z","level":"info","event":"Formatting title: Nixon","logger":"root","filename":"new_tropes_dag.py","lineno":66}
{"timestamp":"2025-12-19T11:05:52.932211Z","level":"info","event":"Formatting title: No Country For Old Men","logger":"root","filename":"new_tropes_dag.py","lineno":66}
{"timestamp":"2025-12-19T11:05:52.932239Z","level":"info","event":"Formatting title: No Hard Feelings","logger":"root","filename":"new_tropes_dag.py","lineno":66}
{"timestamp":"2025-12-19T11:05:52.932267Z","level":"info","event":"Formatting title: No One Will Save You","logger":"root","filename":"new_tropes_dag.py","lineno":66}
{"timestamp":"2025-12-19T11:05:52.932309Z","level":"info","event":"Formatting title: No Strings Attached","logger":"root","filename":"new_tropes_dag.py","lineno":66}
{"timestamp":"2025-12-19T11:05:52.932346Z","level":"info","event":"Formatting title: No Time To Die","logger":"root","filename":"new_tropes_dag.py","lineno":66}
{"timestamp":"2025-12-19T11:05:52.932375Z","level":"info","event":"Formatting title: Nocturnal Animals","logger":"root","filename":"new_tropes_dag.py","lineno":66}
{"timestamp":"2025-12-19T11:05:52.932404Z","level":"info","event":"Formatting title: Nomadland","logger":"root","filename":"new_tropes_dag.py","lineno":66}
{"timestamp":"2025-12-19T11:05:52.932432Z","level":"info","event":"Formatting title: Nope","logger":"root","filename":"new_tropes_dag.py","lineno":66}
{"timestamp":"2025-12-19T11:05:52.932482Z","level":"info","event":"Formatting title: Norma Rae","logger":"root","filename":"new_tropes_dag.py","lineno":66}
{"timestamp":"2025-12-19T11:05:52.932523Z","level":"info","event":"Formatting title: North By Northwest","logger":"root","filename":"new_tropes_dag.py","lineno":66}
{"timestamp":"2025-12-19T11:05:52.932552Z","level":"info","event":"Formatting title: Nosferatu","logger":"root","filename":"new_tropes_dag.py","lineno":66}
{"timestamp":"2025-12-19T11:05:52.932579Z","level":"info","event":"Formatting title: Not Easily Broken","logger":"root","filename":"new_tropes_dag.py","lineno":66}
{"timestamp":"2025-12-19T11:05:52.932616Z","level":"info","event":"Formatting title: Notorious","logger":"root","filename":"new_tropes_dag.py","lineno":66}
{"timestamp":"2025-12-19T11:05:52.932655Z","level":"info","event":"Formatting title: Notting Hill","logger":"root","filename":"new_tropes_dag.py","lineno":66}
{"timestamp":"2025-12-19T11:05:52.932685Z","level":"info","event":"Formatting title: Now You See Me","logger":"root","filename":"new_tropes_dag.py","lineno":66}
{"timestamp":"2025-12-19T11:05:52.932713Z","level":"info","event":"Formatting title: Nowhere Boy","logger":"root","filename":"new_tropes_dag.py","lineno":66}
{"timestamp":"2025-12-19T11:05:52.932740Z","level":"info","event":"Formatting title: Nurse Betty","logger":"root","filename":"new_tropes_dag.py","lineno":66}
{"timestamp":"2025-12-19T11:05:52.932789Z","level":"info","event":"Formatting title: O Brother Where Art Thou","logger":"root","filename":"new_tropes_dag.py","lineno":66}
{"timestamp":"2025-12-19T11:05:52.932821Z","level":"info","event":"Formatting title: Oblivion","logger":"root","filename":"new_tropes_dag.py","lineno":66}
{"timestamp":"2025-12-19T11:05:52.932849Z","level":"info","event":"Formatting title: Observe And Report","logger":"root","filename":"new_tropes_dag.py","lineno":66}
{"timestamp":"2025-12-19T11:05:52.932877Z","level":"info","event":"Formatting title: Obsessed","logger":"root","filename":"new_tropes_dag.py","lineno":66}
{"timestamp":"2025-12-19T11:05:52.932904Z","level":"info","event":"Formatting title: Oceans 8","logger":"root","filename":"new_tropes_dag.py","lineno":66}
{"timestamp":"2025-12-19T11:05:52.932950Z","level":"info","event":"Formatting title: Oceans Eleven","logger":"root","filename":"new_tropes_dag.py","lineno":66}
{"timestamp":"2025-12-19T11:05:52.932989Z","level":"info","event":"Formatting title: Oceans Twelve","logger":"root","filename":"new_tropes_dag.py","lineno":66}
{"timestamp":"2025-12-19T11:05:52.933019Z","level":"info","event":"Formatting title: Octopussy","logger":"root","filename":"new_tropes_dag.py","lineno":66}
{"timestamp":"2025-12-19T11:05:52.933045Z","level":"info","event":"Formatting title: Oculus","logger":"root","filename":"new_tropes_dag.py","lineno":66}
{"timestamp":"2025-12-19T11:05:52.933093Z","level":"info","event":"Formatting title: Office Space","logger":"root","filename":"new_tropes_dag.py","lineno":66}
{"timestamp":"2025-12-19T11:05:52.933124Z","level":"info","event":"Formatting title: Officer And A Gentleman An","logger":"root","filename":"new_tropes_dag.py","lineno":66}
{"timestamp":"2025-12-19T11:05:52.933156Z","level":"info","event":"Formatting title: Okja","logger":"root","filename":"new_tropes_dag.py","lineno":66}
{"timestamp":"2025-12-19T11:05:52.933185Z","level":"info","event":"Formatting title: Olympus Has Fallen","logger":"root","filename":"new_tropes_dag.py","lineno":66}
{"timestamp":"2025-12-19T11:05:52.933211Z","level":"info","event":"Formatting title: Omega Man","logger":"root","filename":"new_tropes_dag.py","lineno":66}
{"timestamp":"2025-12-19T11:05:52.933250Z","level":"info","event":"Formatting title: On The Basis Of Sex","logger":"root","filename":"new_tropes_dag.py","lineno":66}
{"timestamp":"2025-12-19T11:05:52.933290Z","level":"info","event":"Formatting title: Once Upon A Time In America","logger":"root","filename":"new_tropes_dag.py","lineno":66}
{"timestamp":"2025-12-19T11:05:52.933321Z","level":"info","event":"Formatting title: Once Upon A Time In Mexico","logger":"root","filename":"new_tropes_dag.py","lineno":66}
{"timestamp":"2025-12-19T11:05:52.933350Z","level":"info","event":"Formatting title: One Eight Seven","logger":"root","filename":"new_tropes_dag.py","lineno":66}
{"timestamp":"2025-12-19T11:05:52.933377Z","level":"info","event":"Formatting title: One Flew Over The Cuckoos Nest","logger":"root","filename":"new_tropes_dag.py","lineno":66}
{"timestamp":"2025-12-19T11:05:52.933421Z","level":"info","event":"Formatting title: One Night In Miami","logger":"root","filename":"new_tropes_dag.py","lineno":66}
{"timestamp":"2025-12-19T11:05:52.933453Z","level":"info","event":"Formatting title: Only God Forgives","logger":"root","filename":"new_tropes_dag.py","lineno":66}
{"timestamp":"2025-12-19T11:05:52.933482Z","level":"info","event":"Formatting title: Only Lovers Left Alive","logger":"root","filename":"new_tropes_dag.py","lineno":66}
{"timestamp":"2025-12-19T11:05:52.933567Z","level":"info","event":"Formatting title: Only The Brave","logger":"root","filename":"new_tropes_dag.py","lineno":66}
{"timestamp":"2025-12-19T11:05:52.933625Z","level":"info","event":"Formatting title: Onward","logger":"root","filename":"new_tropes_dag.py","lineno":66}
{"timestamp":"2025-12-19T11:05:52.933658Z","level":"info","event":"Formatting title: Oppenheimer","logger":"root","filename":"new_tropes_dag.py","lineno":66}
{"timestamp":"2025-12-19T11:05:52.933689Z","level":"info","event":"Formatting title: Ordinary People","logger":"root","filename":"new_tropes_dag.py","lineno":66}
{"timestamp":"2025-12-19T11:05:52.933717Z","level":"info","event":"Formatting title: Orgy Of The Dead","logger":"root","filename":"new_tropes_dag.py","lineno":66}
{"timestamp":"2025-12-19T11:05:52.933744Z","level":"info","event":"Formatting title: Origin","logger":"root","filename":"new_tropes_dag.py","lineno":66}
{"timestamp":"2025-12-19T11:05:52.933771Z","level":"info","event":"Formatting title: Orphan","logger":"root","filename":"new_tropes_dag.py","lineno":66}
{"timestamp":"2025-12-19T11:05:52.933797Z","level":"info","event":"Formatting title: Other Boleyn Girl The","logger":"root","filename":"new_tropes_dag.py","lineno":66}
{"timestamp":"2025-12-19T11:05:52.933823Z","level":"info","event":"Formatting title: Ouija","logger":"root","filename":"new_tropes_dag.py","lineno":66}
{"timestamp":"2025-12-19T11:05:52.933872Z","level":"info","event":"Formatting title: Out Of Africa","logger":"root","filename":"new_tropes_dag.py","lineno":66}
{"timestamp":"2025-12-19T11:05:52.933904Z","level":"info","event":"Formatting title: Out Of Sight","logger":"root","filename":"new_tropes_dag.py","lineno":66}
{"timestamp":"2025-12-19T11:05:52.933932Z","level":"info","event":"Formatting title: Outbreak","logger":"root","filename":"new_tropes_dag.py","lineno":66}
{"timestamp":"2025-12-19T11:05:52.933960Z","level":"info","event":"Formatting title: Outlaw King","logger":"root","filename":"new_tropes_dag.py","lineno":66}
{"timestamp":"2025-12-19T11:05:52.933987Z","level":"info","event":"Formatting title: Over The Moon","logger":"root","filename":"new_tropes_dag.py","lineno":66}
{"timestamp":"2025-12-19T11:05:52.934035Z","level":"info","event":"Formatting title: Overboard","logger":"root","filename":"new_tropes_dag.py","lineno":66}
{"timestamp":"2025-12-19T11:05:52.934065Z","level":"info","event":"Formatting title: Overboard","logger":"root","filename":"new_tropes_dag.py","lineno":66}
{"timestamp":"2025-12-19T11:05:52.934097Z","level":"info","event":"Formatting title: Overlord","logger":"root","filename":"new_tropes_dag.py","lineno":66}
{"timestamp":"2025-12-19T11:05:52.934123Z","level":"info","event":"Formatting title: Pacific Rim","logger":"root","filename":"new_tropes_dag.py","lineno":66}
{"timestamp":"2025-12-19T11:05:52.934172Z","level":"info","event":"Formatting title: Pacifier The","logger":"root","filename":"new_tropes_dag.py","lineno":66}
{"timestamp":"2025-12-19T11:05:52.934204Z","level":"info","event":"Formatting title: Paddington 2","logger":"root","filename":"new_tropes_dag.py","lineno":66}
{"timestamp":"2025-12-19T11:05:52.934232Z","level":"info","event":"Formatting title: Pain And Glory","logger":"root","filename":"new_tropes_dag.py","lineno":66}
{"timestamp":"2025-12-19T11:05:52.934259Z","level":"info","event":"Formatting title: Palm Springs","logger":"root","filename":"new_tropes_dag.py","lineno":66}
{"timestamp":"2025-12-19T11:05:52.934286Z","level":"info","event":"Formatting title: Pandorum","logger":"root","filename":"new_tropes_dag.py","lineno":66}
{"timestamp":"2025-12-19T11:05:52.934312Z","level":"info","event":"Formatting title: Panic Room","logger":"root","filename":"new_tropes_dag.py","lineno":66}
{"timestamp":"2025-12-19T11:05:52.934338Z","level":"info","event":"Formatting title: Pans Labyrinth","logger":"root","filename":"new_tropes_dag.py","lineno":66}
{"timestamp":"2025-12-19T11:05:52.934387Z","level":"info","event":"Formatting title: Papadopoulos & Sons","logger":"root","filename":"new_tropes_dag.py","lineno":66}
{"timestamp":"2025-12-19T11:05:52.934416Z","level":"info","event":"Formatting title: Paper Moon","logger":"root","filename":"new_tropes_dag.py","lineno":66}
{"timestamp":"2025-12-19T11:05:52.934444Z","level":"info","event":"Formatting title: Papillon","logger":"root","filename":"new_tropes_dag.py","lineno":66}
{"timestamp":"2025-12-19T11:05:52.934470Z","level":"info","event":"Formatting title: Paradise","logger":"root","filename":"new_tropes_dag.py","lineno":66}
{"timestamp":"2025-12-19T11:05:52.934525Z","level":"info","event":"Formatting title: Parallel Mothers","logger":"root","filename":"new_tropes_dag.py","lineno":66}
{"timestamp":"2025-12-19T11:05:52.934563Z","level":"info","event":"Formatting title: Paranorman","logger":"root","filename":"new_tropes_dag.py","lineno":66}
{"timestamp":"2025-12-19T11:05:52.984485Z","level":"info","event":"Formatting title: Parasite","logger":"root","filename":"new_tropes_dag.py","lineno":66}
{"timestamp":"2025-12-19T11:05:52.984625Z","level":"info","event":"Formatting title: Pariah","logger":"root","filename":"new_tropes_dag.py","lineno":66}
{"timestamp":"2025-12-19T11:05:52.984677Z","level":"info","event":"Formatting title: Passengers","logger":"root","filename":"new_tropes_dag.py","lineno":66}
{"timestamp":"2025-12-19T11:05:52.984729Z","level":"info","event":"Formatting title: Passing","logger":"root","filename":"new_tropes_dag.py","lineno":66}
{"timestamp":"2025-12-19T11:05:52.984767Z","level":"info","event":"Formatting title: Passion Of Joan Of Arc The","logger":"root","filename":"new_tropes_dag.py","lineno":66}
{"timestamp":"2025-12-19T11:05:52.984799Z","level":"info","event":"Formatting title: Past Lives","logger":"root","filename":"new_tropes_dag.py","lineno":66}
{"timestamp":"2025-12-19T11:05:52.984861Z","level":"info","event":"Formatting title: Patriot The","logger":"root","filename":"new_tropes_dag.py","lineno":66}
{"timestamp":"2025-12-19T11:05:52.984918Z","level":"info","event":"Formatting title: Paul","logger":"root","filename":"new_tropes_dag.py","lineno":66}
{"timestamp":"2025-12-19T11:05:52.984954Z","level":"info","event":"Formatting title: Pawn Sacrifice","logger":"root","filename":"new_tropes_dag.py","lineno":66}
{"timestamp":"2025-12-19T11:05:52.984984Z","level":"info","event":"Formatting title: Pearl Harbor","logger":"root","filename":"new_tropes_dag.py","lineno":66}
{"timestamp":"2025-12-19T11:05:52.985035Z","level":"info","event":"Formatting title: Peeping Tom","logger":"root","filename":"new_tropes_dag.py","lineno":66}
{"timestamp":"2025-12-19T11:05:52.985076Z","level":"info","event":"Formatting title: Peggy Sue Got Married","logger":"root","filename":"new_tropes_dag.py","lineno":66}
{"timestamp":"2025-12-19T11:05:52.985106Z","level":"info","event":"Formatting title: Perfect Creature","logger":"root","filename":"new_tropes_dag.py","lineno":66}
{"timestamp":"2025-12-19T11:05:52.985136Z","level":"info","event":"Formatting title: Perfect World A","logger":"root","filename":"new_tropes_dag.py","lineno":66}
{"timestamp":"2025-12-19T11:05:52.985174Z","level":"info","event":"Formatting title: Perks Of Being A Wallflower The","logger":"root","filename":"new_tropes_dag.py","lineno":66}
{"timestamp":"2025-12-19T11:05:52.985223Z","level":"info","event":"Formatting title: Persian Version The","logger":"root","filename":"new_tropes_dag.py","lineno":66}
{"timestamp":"2025-12-19T11:05:52.985259Z","level":"info","event":"Formatting title: Personal Best","logger":"root","filename":"new_tropes_dag.py","lineno":66}
{"timestamp":"2025-12-19T11:05:52.985292Z","level":"info","event":"Formatting title: Pet Sematary","logger":"root","filename":"new_tropes_dag.py","lineno":66}
{"timestamp":"2025-12-19T11:05:52.985337Z","level":"info","event":"Formatting title: Pet Sematary 2","logger":"root","filename":"new_tropes_dag.py","lineno":66}
{"timestamp":"2025-12-19T11:05:52.985393Z","level":"info","event":"Formatting title: Petulia","logger":"root","filename":"new_tropes_dag.py","lineno":66}
{"timestamp":"2025-12-19T11:05:52.985430Z","level":"info","event":"Formatting title: Phantom Of The Opera","logger":"root","filename":"new_tropes_dag.py","lineno":66}
{"timestamp":"2025-12-19T11:05:52.985480Z","level":"info","event":"Formatting title: Phantom Thread","logger":"root","filename":"new_tropes_dag.py","lineno":66}
{"timestamp":"2025-12-19T11:05:52.985512Z","level":"info","event":"Formatting title: Philadelphia","logger":"root","filename":"new_tropes_dag.py","lineno":66}
{"timestamp":"2025-12-19T11:05:52.985572Z","level":"info","event":"Formatting title: Phone Booth","logger":"root","filename":"new_tropes_dag.py","lineno":66}
{"timestamp":"2025-12-19T11:05:52.985609Z","level":"info","event":"Formatting title: Pi","logger":"root","filename":"new_tropes_dag.py","lineno":66}
{"timestamp":"2025-12-19T11:05:52.985639Z","level":"info","event":"Formatting title: Pianist The","logger":"root","filename":"new_tropes_dag.py","lineno":66}
{"timestamp":"2025-12-19T11:05:52.985667Z","level":"info","event":"Formatting title: Piano The","logger":"root","filename":"new_tropes_dag.py","lineno":66}
{"timestamp":"2025-12-19T11:05:52.985694Z","level":"info","event":"Formatting title: Picnic At Hanging Rock","logger":"root","filename":"new_tropes_dag.py","lineno":66}
{"timestamp":"2025-12-19T11:05:52.985756Z","level":"info","event":"Formatting title: Pineapple Express","logger":"root","filename":"new_tropes_dag.py","lineno":66}
{"timestamp":"2025-12-19T11:05:52.985799Z","level":"info","event":"Formatting title: Pirates Of The Caribbean","logger":"root","filename":"new_tropes_dag.py","lineno":66}
{"timestamp":"2025-12-19T11:05:52.985829Z","level":"info","event":"Formatting title: Pirates Of The Caribbean At Worlds End","logger":"root","filename":"new_tropes_dag.py","lineno":66}
{"timestamp":"2025-12-19T11:05:52.985859Z","level":"info","event":"Formatting title: Pirates Of The Caribbean Dead Mans Chest","logger":"root","filename":"new_tropes_dag.py","lineno":66}
{"timestamp":"2025-12-19T11:05:52.985888Z","level":"info","event":"Formatting title: Pirates Of The Caribbean Dead Men Tell No Tales","logger":"root","filename":"new_tropes_dag.py","lineno":66}
{"timestamp":"2025-12-19T11:05:52.985954Z","level":"info","event":"Formatting title: Pirates Of The Caribbean On Stranger Tides","logger":"root","filename":"new_tropes_dag.py","lineno":66}
{"timestamp":"2025-12-19T11:05:52.985993Z","level":"info","event":"Formatting title: Pirates Of The Caribbean The Curse Of The Black Pearl","logger":"root","filename":"new_tropes_dag.py","lineno":66}
{"timestamp":"2025-12-19T11:05:52.986024Z","level":"info","event":"Formatting title: Pitch Black","logger":"root","filename":"new_tropes_dag.py","lineno":66}
{"timestamp":"2025-12-19T11:05:52.986068Z","level":"info","event":"Formatting title: Pitch Perfect","logger":"root","filename":"new_tropes_dag.py","lineno":66}
{"timestamp":"2025-12-19T11:05:52.986107Z","level":"info","event":"Formatting title: Pitch Perfect 2","logger":"root","filename":"new_tropes_dag.py","lineno":66}
{"timestamp":"2025-12-19T11:05:52.986221Z","level":"info","event":"Formatting title: Pixels","logger":"root","filename":"new_tropes_dag.py","lineno":66}
{"timestamp":"2025-12-19T11:05:52.986260Z","level":"info","event":"Formatting title: Planes Trains & Automobiles","logger":"root","filename":"new_tropes_dag.py","lineno":66}
{"timestamp":"2025-12-19T11:05:52.986290Z","level":"info","event":"Formatting title: Planet Of The Apes","logger":"root","filename":"new_tropes_dag.py","lineno":66}
{"timestamp":"2025-12-19T11:05:52.986318Z","level":"info","event":"Formatting title: Planet Of The Apes The","logger":"root","filename":"new_tropes_dag.py","lineno":66}
{"timestamp":"2025-12-19T11:05:52.986346Z","level":"info","event":"Formatting title: Platinum Blonde","logger":"root","filename":"new_tropes_dag.py","lineno":66}
{"timestamp":"2025-12-19T11:05:52.986372Z","level":"info","event":"Formatting title: Platoon","logger":"root","filename":"new_tropes_dag.py","lineno":66}
{"timestamp":"2025-12-19T11:05:52.986404Z","level":"info","event":"Formatting title: Pleasantville","logger":"root","filename":"new_tropes_dag.py","lineno":66}
{"timestamp":"2025-12-19T11:05:52.986430Z","level":"info","event":"Formatting title: Please Give","logger":"root","filename":"new_tropes_dag.py","lineno":66}
{"timestamp":"2025-12-19T11:05:52.986456Z","level":"info","event":"Formatting title: Poetic Justice","logger":"root","filename":"new_tropes_dag.py","lineno":66}
{"timestamp":"2025-12-19T11:05:52.986485Z","level":"info","event":"Formatting title: Point Break","logger":"root","filename":"new_tropes_dag.py","lineno":66}
{"timestamp":"2025-12-19T11:05:52.986535Z","level":"info","event":"Formatting title: Pokemon Mewtwo Returns","logger":"root","filename":"new_tropes_dag.py","lineno":66}
{"timestamp":"2025-12-19T11:05:52.986566Z","level":"info","event":"Formatting title: Police Academy","logger":"root","filename":"new_tropes_dag.py","lineno":66}
{"timestamp":"2025-12-19T11:05:52.986595Z","level":"info","event":"Formatting title: Police Academy 2 Their First Assignment","logger":"root","filename":"new_tropes_dag.py","lineno":66}
{"timestamp":"2025-12-19T11:05:52.986624Z","level":"info","event":"Formatting title: Police Academy 3 Back In Training","logger":"root","filename":"new_tropes_dag.py","lineno":66}
{"timestamp":"2025-12-19T11:05:52.986651Z","level":"info","event":"Formatting title: Poltergeist","logger":"root","filename":"new_tropes_dag.py","lineno":66}
{"timestamp":"2025-12-19T11:05:52.986677Z","level":"info","event":"Formatting title: Poor Things","logger":"root","filename":"new_tropes_dag.py","lineno":66}
{"timestamp":"2025-12-19T11:05:52.986704Z","level":"info","event":"Formatting title: Popstar Never Stop Never Stopping","logger":"root","filename":"new_tropes_dag.py","lineno":66}
{"timestamp":"2025-12-19T11:05:52.986751Z","level":"info","event":"Formatting title: Porkys","logger":"root","filename":"new_tropes_dag.py","lineno":66}
{"timestamp":"2025-12-19T11:05:52.986786Z","level":"info","event":"Formatting title: Porkys Revenge","logger":"root","filename":"new_tropes_dag.py","lineno":66}
{"timestamp":"2025-12-19T11:05:52.986816Z","level":"info","event":"Formatting title: Postcards From The Edge","logger":"root","filename":"new_tropes_dag.py","lineno":66}
{"timestamp":"2025-12-19T11:05:52.986844Z","level":"info","event":"Formatting title: Postman The","logger":"root","filename":"new_tropes_dag.py","lineno":66}
{"timestamp":"2025-12-19T11:05:52.986871Z","level":"info","event":"Formatting title: Power Of One The","logger":"root","filename":"new_tropes_dag.py","lineno":66}
{"timestamp":"2025-12-19T11:05:52.986916Z","level":"info","event":"Formatting title: Precious","logger":"root","filename":"new_tropes_dag.py","lineno":66}
{"timestamp":"2025-12-19T11:05:52.986953Z","level":"info","event":"Formatting title: Predator","logger":"root","filename":"new_tropes_dag.py","lineno":66}
{"timestamp":"2025-12-19T11:05:52.986982Z","level":"info","event":"Formatting title: Predator 2","logger":"root","filename":"new_tropes_dag.py","lineno":66}
{"timestamp":"2025-12-19T11:05:52.987010Z","level":"info","event":"Formatting title: Predators","logger":"root","filename":"new_tropes_dag.py","lineno":66}
{"timestamp":"2025-12-19T11:05:52.987037Z","level":"info","event":"Formatting title: Prestige The","logger":"root","filename":"new_tropes_dag.py","lineno":66}
{"timestamp":"2025-12-19T11:05:52.987080Z","level":"info","event":"Formatting title: Pretty Woman","logger":"root","filename":"new_tropes_dag.py","lineno":66}
{"timestamp":"2025-12-19T11:05:52.987115Z","level":"info","event":"Formatting title: Pretty Woman (final Script)","logger":"root","filename":"new_tropes_dag.py","lineno":66}
{"timestamp":"2025-12-19T11:05:52.987144Z","level":"info","event":"Formatting title: Prey","logger":"root","filename":"new_tropes_dag.py","lineno":66}
{"timestamp":"2025-12-19T11:05:52.987171Z","level":"info","event":"Formatting title: Pride And Prejudice","logger":"root","filename":"new_tropes_dag.py","lineno":66}
{"timestamp":"2025-12-19T11:05:52.987198Z","level":"info","event":"Formatting title: Priest","logger":"root","filename":"new_tropes_dag.py","lineno":66}
{"timestamp":"2025-12-19T11:05:52.987250Z","level":"info","event":"Formatting title: Primary Colors","logger":"root","filename":"new_tropes_dag.py","lineno":66}
{"timestamp":"2025-12-19T11:05:52.987283Z","level":"info","event":"Formatting title: Prince Of Darkness","logger":"root","filename":"new_tropes_dag.py","lineno":66}
{"timestamp":"2025-12-19T11:05:52.987312Z","level":"info","event":"Formatting title: Princess Bride The","logger":"root","filename":"new_tropes_dag.py","lineno":66}
{"timestamp":"2025-12-19T11:05:52.987339Z","level":"info","event":"Formatting title: Priscilla","logger":"root","filename":"new_tropes_dag.py","lineno":66}
{"timestamp":"2025-12-19T11:05:52.987411Z","level":"info","event":"Formatting title: Prisoners","logger":"root","filename":"new_tropes_dag.py","lineno":66}
{"timestamp":"2025-12-19T11:05:52.987449Z","level":"info","event":"Formatting title: Private Life","logger":"root","filename":"new_tropes_dag.py","lineno":66}
{"timestamp":"2025-12-19T11:05:52.987478Z","level":"info","event":"Formatting title: Private Life Of Sherlock Holmes The","logger":"root","filename":"new_tropes_dag.py","lineno":66}
{"timestamp":"2025-12-19T11:05:52.987507Z","level":"info","event":"Formatting title: Producer The","logger":"root","filename":"new_tropes_dag.py","lineno":66}
{"timestamp":"2025-12-19T11:05:52.987534Z","level":"info","event":"Formatting title: Program The","logger":"root","filename":"new_tropes_dag.py","lineno":66}
{"timestamp":"2025-12-19T11:05:52.987560Z","level":"info","event":"Formatting title: Prom Night","logger":"root","filename":"new_tropes_dag.py","lineno":66}
{"timestamp":"2025-12-19T11:05:52.987587Z","level":"info","event":"Formatting title: Prometheus","logger":"root","filename":"new_tropes_dag.py","lineno":66}
{"timestamp":"2025-12-19T11:05:52.987612Z","level":"info","event":"Formatting title: Promising Young Woman","logger":"root","filename":"new_tropes_dag.py","lineno":66}
{"timestamp":"2025-12-19T11:05:52.987661Z","level":"info","event":"Formatting title: Proof Of Life","logger":"root","filename":"new_tropes_dag.py","lineno":66}
{"timestamp":"2025-12-19T11:05:52.987693Z","level":"info","event":"Formatting title: Prophecy The","logger":"root","filename":"new_tropes_dag.py","lineno":66}
{"timestamp":"2025-12-19T11:05:52.987721Z","level":"info","event":"Formatting title: Prophetess","logger":"root","filename":"new_tropes_dag.py","lineno":66}
{"timestamp":"2025-12-19T11:05:52.987749Z","level":"info","event":"Formatting title: Proposal The","logger":"root","filename":"new_tropes_dag.py","lineno":66}
{"timestamp":"2025-12-19T11:05:52.987790Z","level":"info","event":"Formatting title: Psycho","logger":"root","filename":"new_tropes_dag.py","lineno":66}
{"timestamp":"2025-12-19T11:05:52.987826Z","level":"info","event":"Formatting title: Public Enemies","logger":"root","filename":"new_tropes_dag.py","lineno":66}
{"timestamp":"2025-12-19T11:05:52.987856Z","level":"info","event":"Formatting title: Pulp Fiction","logger":"root","filename":"new_tropes_dag.py","lineno":66}
{"timestamp":"2025-12-19T11:05:52.987884Z","level":"info","event":"Formatting title: Punch Drunk Love","logger":"root","filename":"new_tropes_dag.py","lineno":66}
{"timestamp":"2025-12-19T11:05:52.987911Z","level":"info","event":"Formatting title: Purple Rain","logger":"root","filename":"new_tropes_dag.py","lineno":66}
{"timestamp":"2025-12-19T11:05:52.987959Z","level":"info","event":"Formatting title: Puss In Boots The Last Wish","logger":"root","filename":"new_tropes_dag.py","lineno":66}
{"timestamp":"2025-12-19T11:05:52.987994Z","level":"info","event":"Formatting title: Puzzle","logger":"root","filename":"new_tropes_dag.py","lineno":66}
{"timestamp":"2025-12-19T11:05:52.988022Z","level":"info","event":"Formatting title: Quantum Project","logger":"root","filename":"new_tropes_dag.py","lineno":66}
{"timestamp":"2025-12-19T11:05:52.988049Z","level":"info","event":"Formatting title: Queen & Slim","logger":"root","filename":"new_tropes_dag.py","lineno":66}
{"timestamp":"2025-12-19T11:05:52.988099Z","level":"info","event":"Formatting title: Queen Of The Damned","logger":"root","filename":"new_tropes_dag.py","lineno":66}
{"timestamp":"2025-12-19T11:05:52.988152Z","level":"info","event":"Formatting title: Queen The","logger":"root","filename":"new_tropes_dag.py","lineno":66}
{"timestamp":"2025-12-19T11:05:52.988192Z","level":"info","event":"Formatting title: Quiz Lady","logger":"root","filename":"new_tropes_dag.py","lineno":66}
{"timestamp":"2025-12-19T11:05:52.988223Z","level":"info","event":"Formatting title: Quiz Show","logger":"root","filename":"new_tropes_dag.py","lineno":66}
{"timestamp":"2025-12-19T11:05:52.988251Z","level":"info","event":"Formatting title: Rachel Getting Married","logger":"root","filename":"new_tropes_dag.py","lineno":66}
{"timestamp":"2025-12-19T11:05:52.988297Z","level":"info","event":"Formatting title: Raging Bull","logger":"root","filename":"new_tropes_dag.py","lineno":66}
{"timestamp":"2025-12-19T11:05:52.988330Z","level":"info","event":"Formatting title: Raiders Of The Lost Ark","logger":"root","filename":"new_tropes_dag.py","lineno":66}
{"timestamp":"2025-12-19T11:05:52.988358Z","level":"info","event":"Formatting title: Raising Arizona","logger":"root","filename":"new_tropes_dag.py","lineno":66}
{"timestamp":"2025-12-19T11:05:52.988386Z","level":"info","event":"Formatting title: Rambling Rose","logger":"root","filename":"new_tropes_dag.py","lineno":66}
{"timestamp":"2025-12-19T11:05:52.988412Z","level":"info","event":"Formatting title: Rambo 3","logger":"root","filename":"new_tropes_dag.py","lineno":66}
{"timestamp":"2025-12-19T11:05:52.988462Z","level":"info","event":"Formatting title: Rambo First Blood 2 The Mission","logger":"root","filename":"new_tropes_dag.py","lineno":66}
{"timestamp":"2025-12-19T11:05:52.988496Z","level":"info","event":"Formatting title: Rambo First Blood Part 2","logger":"root","filename":"new_tropes_dag.py","lineno":66}
{"timestamp":"2025-12-19T11:05:52.988526Z","level":"info","event":"Formatting title: Rango","logger":"root","filename":"new_tropes_dag.py","lineno":66}
{"timestamp":"2025-12-19T11:05:52.988557Z","level":"info","event":"Formatting title: Ratatouille","logger":"root","filename":"new_tropes_dag.py","lineno":66}
{"timestamp":"2025-12-19T11:05:52.988587Z","level":"info","event":"Formatting title: Raya And The Last Dragon","logger":"root","filename":"new_tropes_dag.py","lineno":66}
{"timestamp":"2025-12-19T11:05:52.988613Z","level":"info","event":"Formatting title: Reader The","logger":"root","filename":"new_tropes_dag.py","lineno":66}
{"timestamp":"2025-12-19T11:05:52.988642Z","level":"info","event":"Formatting title: Ready Player One","logger":"root","filename":"new_tropes_dag.py","lineno":66}
{"timestamp":"2025-12-19T11:05:52.988688Z","level":"info","event":"Formatting title: Real Genius","logger":"root","filename":"new_tropes_dag.py","lineno":66}
{"timestamp":"2025-12-19T11:05:52.988720Z","level":"info","event":"Formatting title: Reality Bites","logger":"root","filename":"new_tropes_dag.py","lineno":66}
{"timestamp":"2025-12-19T11:05:52.988748Z","level":"info","event":"Formatting title: Rear Window","logger":"root","filename":"new_tropes_dag.py","lineno":66}
{"timestamp":"2025-12-19T11:05:52.988774Z","level":"info","event":"Formatting title: Rebel Without A Cause","logger":"root","filename":"new_tropes_dag.py","lineno":66}
{"timestamp":"2025-12-19T11:05:52.988800Z","level":"info","event":"Formatting title: Red Dawn","logger":"root","filename":"new_tropes_dag.py","lineno":66}
{"timestamp":"2025-12-19T11:05:52.988825Z","level":"info","event":"Formatting title: Red Dragon","logger":"root","filename":"new_tropes_dag.py","lineno":66}
{"timestamp":"2025-12-19T11:05:52.988873Z","level":"info","event":"Formatting title: Red Eye","logger":"root","filename":"new_tropes_dag.py","lineno":66}
{"timestamp":"2025-12-19T11:05:52.988904Z","level":"info","event":"Formatting title: Red Heat","logger":"root","filename":"new_tropes_dag.py","lineno":66}
{"timestamp":"2025-12-19T11:05:52.988932Z","level":"info","event":"Formatting title: Red One","logger":"root","filename":"new_tropes_dag.py","lineno":66}
{"timestamp":"2025-12-19T11:05:52.988965Z","level":"info","event":"Formatting title: Red Planet","logger":"root","filename":"new_tropes_dag.py","lineno":66}
{"timestamp":"2025-12-19T11:05:52.989009Z","level":"info","event":"Formatting title: Red Riding Hood","logger":"root","filename":"new_tropes_dag.py","lineno":66}
{"timestamp":"2025-12-19T11:05:52.989047Z","level":"info","event":"Formatting title: Red Rocket","logger":"root","filename":"new_tropes_dag.py","lineno":66}
{"timestamp":"2025-12-19T11:05:52.989203Z","level":"info","event":"Formatting title: Red Sparrow","logger":"root","filename":"new_tropes_dag.py","lineno":66}
{"timestamp":"2025-12-19T11:05:52.989315Z","level":"info","event":"Formatting title: Reds","logger":"root","filename":"new_tropes_dag.py","lineno":66}
{"timestamp":"2025-12-19T11:05:52.989357Z","level":"info","event":"Formatting title: Reign Of Fire","logger":"root","filename":"new_tropes_dag.py","lineno":66}
{"timestamp":"2025-12-19T11:05:52.989392Z","level":"info","event":"Formatting title: Reindeer Games","logger":"root","filename":"new_tropes_dag.py","lineno":66}
{"timestamp":"2025-12-19T11:05:52.989421Z","level":"info","event":"Formatting title: Relic The","logger":"root","filename":"new_tropes_dag.py","lineno":66}
{"timestamp":"2025-12-19T11:05:52.989449Z","level":"info","event":"Formatting title: Remember Me","logger":"root","filename":"new_tropes_dag.py","lineno":66}
{"timestamp":"2025-12-19T11:05:52.989476Z","level":"info","event":"Formatting title: Rent","logger":"root","filename":"new_tropes_dag.py","lineno":66}
{"timestamp":"2025-12-19T11:05:52.989505Z","level":"info","event":"Formatting title: Replacements The","logger":"root","filename":"new_tropes_dag.py","lineno":66}
{"timestamp":"2025-12-19T11:05:52.989534Z","level":"info","event":"Formatting title: Repo Man","logger":"root","filename":"new_tropes_dag.py","lineno":66}
{"timestamp":"2025-12-19T11:05:52.989568Z","level":"info","event":"Formatting title: Requiem For A Dream","logger":"root","filename":"new_tropes_dag.py","lineno":66}
{"timestamp":"2025-12-19T11:05:52.989603Z","level":"info","event":"Formatting title: Rescuers Down Under The","logger":"root","filename":"new_tropes_dag.py","lineno":66}
{"timestamp":"2025-12-19T11:05:52.989643Z","level":"info","event":"Formatting title: Reservoir Dogs","logger":"root","filename":"new_tropes_dag.py","lineno":66}
{"timestamp":"2025-12-19T11:05:52.989684Z","level":"info","event":"Formatting title: Resident Evil","logger":"root","filename":"new_tropes_dag.py","lineno":66}
{"timestamp":"2025-12-19T11:05:52.989734Z","level":"info","event":"Formatting title: Respect","logger":"root","filename":"new_tropes_dag.py","lineno":66}
{"timestamp":"2025-12-19T11:05:52.989774Z","level":"info","event":"Formatting title: Return Of The Apes","logger":"root","filename":"new_tropes_dag.py","lineno":66}
{"timestamp":"2025-12-19T11:05:52.989815Z","level":"info","event":"Formatting title: Return Of The Living Dead","logger":"root","filename":"new_tropes_dag.py","lineno":66}
{"timestamp":"2025-12-19T11:05:52.989853Z","level":"info","event":"Formatting title: Revenant The","logger":"root","filename":"new_tropes_dag.py","lineno":66}
{"timestamp":"2025-12-19T11:05:52.989907Z","level":"info","event":"Formatting title: Revenge Of The Nerds","logger":"root","filename":"new_tropes_dag.py","lineno":66}
{"timestamp":"2025-12-19T11:05:52.989967Z","level":"info","event":"Formatting title: Revolutionary Road","logger":"root","filename":"new_tropes_dag.py","lineno":66}
{"timestamp":"2025-12-19T11:05:52.990054Z","level":"info","event":"Formatting title: Richard Jewell","logger":"root","filename":"new_tropes_dag.py","lineno":66}
{"timestamp":"2025-12-19T11:05:52.990108Z","level":"info","event":"Formatting title: Ricky Stanicky","logger":"root","filename":"new_tropes_dag.py","lineno":66}
{"timestamp":"2025-12-19T11:05:52.990159Z","level":"info","event":"Formatting title: Ringu","logger":"root","filename":"new_tropes_dag.py","lineno":66}
{"timestamp":"2025-12-19T11:05:52.990209Z","level":"info","event":"Formatting title: Rise Of The Guardians","logger":"root","filename":"new_tropes_dag.py","lineno":66}
{"timestamp":"2025-12-19T11:05:52.990256Z","level":"info","event":"Formatting title: Rise Of The Planet Of The Apes","logger":"root","filename":"new_tropes_dag.py","lineno":66}
{"timestamp":"2025-12-19T11:05:52.990298Z","level":"info","event":"Formatting title: Rko 281","logger":"root","filename":"new_tropes_dag.py","lineno":66}
{"timestamp":"2025-12-19T11:05:52.990335Z","level":"info","event":"Formatting title: Road House","logger":"root","filename":"new_tropes_dag.py","lineno":66}
{"timestamp":"2025-12-19T11:05:52.990370Z","level":"info","event":"Formatting title: Road The","logger":"root","filename":"new_tropes_dag.py","lineno":66}
{"timestamp":"2025-12-19T11:05:52.990406Z","level":"info","event":"Formatting title: Road To Perdition","logger":"root","filename":"new_tropes_dag.py","lineno":66}
{"timestamp":"2025-12-19T11:05:52.990436Z","level":"info","event":"Formatting title: Robin Hood Prince Of Thieves","logger":"root","filename":"new_tropes_dag.py","lineno":66}
{"timestamp":"2025-12-19T11:05:52.990462Z","level":"info","event":"Formatting title: Robocop","logger":"root","filename":"new_tropes_dag.py","lineno":66}
{"timestamp":"2025-12-19T11:05:52.990491Z","level":"info","event":"Formatting title: Rock The","logger":"root","filename":"new_tropes_dag.py","lineno":66}
{"timestamp":"2025-12-19T11:05:52.990521Z","level":"info","event":"Formatting title: Rocketman","logger":"root","filename":"new_tropes_dag.py","lineno":66}
{"timestamp":"2025-12-19T11:05:52.990551Z","level":"info","event":"Formatting title: Rocknrolla","logger":"root","filename":"new_tropes_dag.py","lineno":66}
{"timestamp":"2025-12-19T11:05:52.990578Z","level":"info","event":"Formatting title: Rocky","logger":"root","filename":"new_tropes_dag.py","lineno":66}
{"timestamp":"2025-12-19T11:05:52.990606Z","level":"info","event":"Formatting title: Rocky 2","logger":"root","filename":"new_tropes_dag.py","lineno":66}
{"timestamp":"2025-12-19T11:05:52.990634Z","level":"info","event":"Formatting title: Rocky 3","logger":"root","filename":"new_tropes_dag.py","lineno":66}
{"timestamp":"2025-12-19T11:05:52.990664Z","level":"info","event":"Formatting title: Rocky 4","logger":"root","filename":"new_tropes_dag.py","lineno":66}
{"timestamp":"2025-12-19T11:05:52.990693Z","level":"info","event":"Formatting title: Rocky Balboa","logger":"root","filename":"new_tropes_dag.py","lineno":66}
{"timestamp":"2025-12-19T11:05:52.990721Z","level":"info","event":"Formatting title: Rocky Horror Picture Show The","logger":"root","filename":"new_tropes_dag.py","lineno":66}
{"timestamp":"2025-12-19T11:05:52.990748Z","level":"info","event":"Formatting title: Rocky V","logger":"root","filename":"new_tropes_dag.py","lineno":66}
{"timestamp":"2025-12-19T11:05:52.990781Z","level":"info","event":"Formatting title: Roma","logger":"root","filename":"new_tropes_dag.py","lineno":66}
{"timestamp":"2025-12-19T11:05:52.990843Z","level":"info","event":"Formatting title: Roman J Israel Esq","logger":"root","filename":"new_tropes_dag.py","lineno":66}
{"timestamp":"2025-12-19T11:05:52.990899Z","level":"info","event":"Formatting title: Romancing The Stone","logger":"root","filename":"new_tropes_dag.py","lineno":66}
{"timestamp":"2025-12-19T11:05:52.990940Z","level":"info","event":"Formatting title: Romeo & Juliet","logger":"root","filename":"new_tropes_dag.py","lineno":66}
{"timestamp":"2025-12-19T11:05:52.990969Z","level":"info","event":"Formatting title: Romeo Must Die","logger":"root","filename":"new_tropes_dag.py","lineno":66}
{"timestamp":"2025-12-19T11:05:52.990998Z","level":"info","event":"Formatting title: Ronin","logger":"root","filename":"new_tropes_dag.py","lineno":66}
{"timestamp":"2025-12-19T11:05:52.991026Z","level":"info","event":"Formatting title: Room","logger":"root","filename":"new_tropes_dag.py","lineno":66}
{"timestamp":"2025-12-19T11:05:52.991053Z","level":"info","event":"Formatting title: Roommate The","logger":"root","filename":"new_tropes_dag.py","lineno":66}
{"timestamp":"2025-12-19T11:05:52.991080Z","level":"info","event":"Formatting title: Rosemarys Baby","logger":"root","filename":"new_tropes_dag.py","lineno":66}
{"timestamp":"2025-12-19T11:05:52.991107Z","level":"info","event":"Formatting title: Rosetta","logger":"root","filename":"new_tropes_dag.py","lineno":66}
{"timestamp":"2025-12-19T11:05:52.991135Z","level":"info","event":"Formatting title: Roughshod","logger":"root","filename":"new_tropes_dag.py","lineno":66}
{"timestamp":"2025-12-19T11:05:52.991161Z","level":"info","event":"Formatting title: Rounders","logger":"root","filename":"new_tropes_dag.py","lineno":66}
{"timestamp":"2025-12-19T11:05:52.991192Z","level":"info","event":"Formatting title: Ruby Sparks","logger":"root","filename":"new_tropes_dag.py","lineno":66}
{"timestamp":"2025-12-19T11:05:52.991222Z","level":"info","event":"Formatting title: Ruins The","logger":"root","filename":"new_tropes_dag.py","lineno":66}
{"timestamp":"2025-12-19T11:05:52.991253Z","level":"info","event":"Formatting title: Run","logger":"root","filename":"new_tropes_dag.py","lineno":66}
{"timestamp":"2025-12-19T11:05:52.991281Z","level":"info","event":"Formatting title: Runaway Bride","logger":"root","filename":"new_tropes_dag.py","lineno":66}
{"timestamp":"2025-12-19T11:05:52.991307Z","level":"info","event":"Formatting title: Running Scared","logger":"root","filename":"new_tropes_dag.py","lineno":66}
{"timestamp":"2025-12-19T11:05:52.991332Z","level":"info","event":"Formatting title: Rush","logger":"root","filename":"new_tropes_dag.py","lineno":66}
{"timestamp":"2025-12-19T11:05:52.991392Z","level":"info","event":"Formatting title: Rush Hour","logger":"root","filename":"new_tropes_dag.py","lineno":66}
{"timestamp":"2025-12-19T11:05:52.991433Z","level":"info","event":"Formatting title: Rush Hour 2","logger":"root","filename":"new_tropes_dag.py","lineno":66}
{"timestamp":"2025-12-19T11:05:52.991473Z","level":"info","event":"Formatting title: Rushmore","logger":"root","filename":"new_tropes_dag.py","lineno":66}
{"timestamp":"2025-12-19T11:05:52.991502Z","level":"info","event":"Formatting title: Rust And Bone","logger":"root","filename":"new_tropes_dag.py","lineno":66}
{"timestamp":"2025-12-19T11:05:52.991533Z","level":"info","event":"Formatting title: Rustin","logger":"root","filename":"new_tropes_dag.py","lineno":66}
{"timestamp":"2025-12-19T11:05:52.991563Z","level":"info","event":"Formatting title: S Darko","logger":"root","filename":"new_tropes_dag.py","lineno":66}
{"timestamp":"2025-12-19T11:05:52.991593Z","level":"info","event":"Formatting title: Safety Not Guaranteed","logger":"root","filename":"new_tropes_dag.py","lineno":66}
{"timestamp":"2025-12-19T11:05:52.991623Z","level":"info","event":"Formatting title: Saint Frances","logger":"root","filename":"new_tropes_dag.py","lineno":66}
{"timestamp":"2025-12-19T11:05:52.991653Z","level":"info","event":"Formatting title: Saint The","logger":"root","filename":"new_tropes_dag.py","lineno":66}
{"timestamp":"2025-12-19T11:05:52.991682Z","level":"info","event":"Formatting title: Saltburn","logger":"root","filename":"new_tropes_dag.py","lineno":66}
{"timestamp":"2025-12-19T11:05:52.991712Z","level":"info","event":"Formatting title: Salton Sea The","logger":"root","filename":"new_tropes_dag.py","lineno":66}
{"timestamp":"2025-12-19T11:05:52.991743Z","level":"info","event":"Formatting title: Sandlot Kids The","logger":"root","filename":"new_tropes_dag.py","lineno":66}
{"timestamp":"2025-12-19T11:05:52.991768Z","level":"info","event":"Formatting title: Saturday Night","logger":"root","filename":"new_tropes_dag.py","lineno":66}
{"timestamp":"2025-12-19T11:05:52.991796Z","level":"info","event":"Formatting title: Sausage Party","logger":"root","filename":"new_tropes_dag.py","lineno":66}
{"timestamp":"2025-12-19T11:05:52.991825Z","level":"info","event":"Formatting title: Save The Last Dance","logger":"root","filename":"new_tropes_dag.py","lineno":66}
{"timestamp":"2025-12-19T11:05:52.991854Z","level":"info","event":"Formatting title: Saving Mr Banks","logger":"root","filename":"new_tropes_dag.py","lineno":66}
{"timestamp":"2025-12-19T11:05:52.991883Z","level":"info","event":"Formatting title: Saving Private Ryan","logger":"root","filename":"new_tropes_dag.py","lineno":66}
{"timestamp":"2025-12-19T11:05:52.991911Z","level":"info","event":"Formatting title: Saw","logger":"root","filename":"new_tropes_dag.py","lineno":66}
{"timestamp":"2025-12-19T11:05:52.991935Z","level":"info","event":"Formatting title: Saw 4","logger":"root","filename":"new_tropes_dag.py","lineno":66}
{"timestamp":"2025-12-19T11:05:52.991964Z","level":"info","event":"Formatting title: Scanners","logger":"root","filename":"new_tropes_dag.py","lineno":66}
{"timestamp":"2025-12-19T11:05:52.991989Z","level":"info","event":"Formatting title: Scarface","logger":"root","filename":"new_tropes_dag.py","lineno":66}
{"timestamp":"2025-12-19T11:05:52.992014Z","level":"info","event":"Formatting title: Scary Movie","logger":"root","filename":"new_tropes_dag.py","lineno":66}
{"timestamp":"2025-12-19T11:05:52.992039Z","level":"info","event":"Formatting title: Scary Movie 2","logger":"root","filename":"new_tropes_dag.py","lineno":66}
{"timestamp":"2025-12-19T11:05:52.992067Z","level":"info","event":"Formatting title: Scary Stories To Tell In The Dark","logger":"root","filename":"new_tropes_dag.py","lineno":66}
{"timestamp":"2025-12-19T11:05:52.992096Z","level":"info","event":"Formatting title: Schindlers List","logger":"root","filename":"new_tropes_dag.py","lineno":66}
{"timestamp":"2025-12-19T11:05:52.992127Z","level":"info","event":"Formatting title: Scott Pilgrim Vs The World","logger":"root","filename":"new_tropes_dag.py","lineno":66}
{"timestamp":"2025-12-19T11:05:52.992153Z","level":"info","event":"Formatting title: Scream","logger":"root","filename":"new_tropes_dag.py","lineno":66}
{"timestamp":"2025-12-19T11:05:52.992179Z","level":"info","event":"Formatting title: Scream","logger":"root","filename":"new_tropes_dag.py","lineno":66}
{"timestamp":"2025-12-19T11:05:52.992205Z","level":"info","event":"Formatting title: Scream 2","logger":"root","filename":"new_tropes_dag.py","lineno":66}
{"timestamp":"2025-12-19T11:05:52.992232Z","level":"info","event":"Formatting title: Scream 3","logger":"root","filename":"new_tropes_dag.py","lineno":66}
{"timestamp":"2025-12-19T11:05:52.992256Z","level":"info","event":"Formatting title: Scream 4","logger":"root","filename":"new_tropes_dag.py","lineno":66}
{"timestamp":"2025-12-19T11:05:52.992281Z","level":"info","event":"Formatting title: Scream 6","logger":"root","filename":"new_tropes_dag.py","lineno":66}
{"timestamp":"2025-12-19T11:05:52.992305Z","level":"info","event":"Formatting title: Scrooged","logger":"root","filename":"new_tropes_dag.py","lineno":66}
{"timestamp":"2025-12-19T11:05:52.992329Z","level":"info","event":"Formatting title: Se7en","logger":"root","filename":"new_tropes_dag.py","lineno":66}
{"timestamp":"2025-12-19T11:05:52.992359Z","level":"info","event":"Formatting title: Sea Of Love","logger":"root","filename":"new_tropes_dag.py","lineno":66}
{"timestamp":"2025-12-19T11:05:52.992388Z","level":"info","event":"Formatting title: Searchers The","logger":"root","filename":"new_tropes_dag.py","lineno":66}
{"timestamp":"2025-12-19T11:05:52.992418Z","level":"info","event":"Formatting title: Searching","logger":"root","filename":"new_tropes_dag.py","lineno":66}
{"timestamp":"2025-12-19T11:05:52.992449Z","level":"info","event":"Formatting title: Secret Life Of Walter Mitty The","logger":"root","filename":"new_tropes_dag.py","lineno":66}
{"timestamp":"2025-12-19T11:05:52.992477Z","level":"info","event":"Formatting title: Secret Window","logger":"root","filename":"new_tropes_dag.py","lineno":66}
{"timestamp":"2025-12-19T11:05:52.992503Z","level":"info","event":"Formatting title: Selena","logger":"root","filename":"new_tropes_dag.py","lineno":66}
{"timestamp":"2025-12-19T11:05:52.992528Z","level":"info","event":"Formatting title: Selma","logger":"root","filename":"new_tropes_dag.py","lineno":66}
{"timestamp":"2025-12-19T11:05:52.992553Z","level":"info","event":"Formatting title: Semi Pro","logger":"root","filename":"new_tropes_dag.py","lineno":66}
{"timestamp":"2025-12-19T11:05:52.992577Z","level":"info","event":"Formatting title: Sense And Sensibility","logger":"root","filename":"new_tropes_dag.py","lineno":66}
{"timestamp":"2025-12-19T11:05:52.992600Z","level":"info","event":"Formatting title: September 5","logger":"root","filename":"new_tropes_dag.py","lineno":66}
{"timestamp":"2025-12-19T11:05:52.992624Z","level":"info","event":"Formatting title: Serenity","logger":"root","filename":"new_tropes_dag.py","lineno":66}
{"timestamp":"2025-12-19T11:05:52.992647Z","level":"info","event":"Formatting title: Serenity","logger":"root","filename":"new_tropes_dag.py","lineno":66}
{"timestamp":"2025-12-19T11:05:52.992675Z","level":"info","event":"Formatting title: Serial Mom","logger":"root","filename":"new_tropes_dag.py","lineno":66}
{"timestamp":"2025-12-19T11:05:52.992700Z","level":"info","event":"Formatting title: Sessions The","logger":"root","filename":"new_tropes_dag.py","lineno":66}
{"timestamp":"2025-12-19T11:05:52.992725Z","level":"info","event":"Formatting title: Seventh Seal The","logger":"root","filename":"new_tropes_dag.py","lineno":66}
{"timestamp":"2025-12-19T11:05:52.992749Z","level":"info","event":"Formatting title: Severance","logger":"root","filename":"new_tropes_dag.py","lineno":66}
{"timestamp":"2025-12-19T11:05:52.992773Z","level":"info","event":"Formatting title: Sex And The City","logger":"root","filename":"new_tropes_dag.py","lineno":66}
{"timestamp":"2025-12-19T11:05:52.992798Z","level":"info","event":"Formatting title: Sex Drive","logger":"root","filename":"new_tropes_dag.py","lineno":66}
{"timestamp":"2025-12-19T11:05:52.992847Z","level":"info","event":"Formatting title: Sex Lies And Videotape","logger":"root","filename":"new_tropes_dag.py","lineno":66}
{"timestamp":"2025-12-19T11:05:52.992880Z","level":"info","event":"Formatting title: Sexual Life","logger":"root","filename":"new_tropes_dag.py","lineno":66}
{"timestamp":"2025-12-19T11:05:52.992907Z","level":"info","event":"Formatting title: Shadow Of The Vampire","logger":"root","filename":"new_tropes_dag.py","lineno":66}
{"timestamp":"2025-12-19T11:05:52.992933Z","level":"info","event":"Formatting title: Shakespeare In Love","logger":"root","filename":"new_tropes_dag.py","lineno":66}
{"timestamp":"2025-12-19T11:05:52.992961Z","level":"info","event":"Formatting title: Shallow Grave","logger":"root","filename":"new_tropes_dag.py","lineno":66}
{"timestamp":"2025-12-19T11:05:52.992989Z","level":"info","event":"Formatting title: Shame","logger":"root","filename":"new_tropes_dag.py","lineno":66}
{"timestamp":"2025-12-19T11:05:52.993017Z","level":"info","event":"Formatting title: Shampoo","logger":"root","filename":"new_tropes_dag.py","lineno":66}
{"timestamp":"2025-12-19T11:05:52.993044Z","level":"info","event":"Formatting title: Sharkys Machine","logger":"root","filename":"new_tropes_dag.py","lineno":66}
{"timestamp":"2025-12-19T11:05:52.993074Z","level":"info","event":"Formatting title: Shaun Of The Dead","logger":"root","filename":"new_tropes_dag.py","lineno":66}
{"timestamp":"2025-12-19T11:05:52.993099Z","level":"info","event":"Formatting title: Shawshank Redemption The","logger":"root","filename":"new_tropes_dag.py","lineno":66}
{"timestamp":"2025-12-19T11:05:52.993124Z","level":"info","event":"Formatting title: Shayda","logger":"root","filename":"new_tropes_dag.py","lineno":66}
{"timestamp":"2025-12-19T11:05:52.993149Z","level":"info","event":"Formatting title: She Said","logger":"root","filename":"new_tropes_dag.py","lineno":66}
{"timestamp":"2025-12-19T11:05:52.993174Z","level":"info","event":"Formatting title: Sherlock Holmes","logger":"root","filename":"new_tropes_dag.py","lineno":66}
{"timestamp":"2025-12-19T11:05:52.993197Z","level":"info","event":"Formatting title: Shes Out Of My League","logger":"root","filename":"new_tropes_dag.py","lineno":66}
{"timestamp":"2025-12-19T11:05:52.993222Z","level":"info","event":"Formatting title: Shifty","logger":"root","filename":"new_tropes_dag.py","lineno":66}
{"timestamp":"2025-12-19T11:05:52.993249Z","level":"info","event":"Formatting title: Shining The","logger":"root","filename":"new_tropes_dag.py","lineno":66}
{"timestamp":"2025-12-19T11:05:52.993274Z","level":"info","event":"Formatting title: Shipping News The","logger":"root","filename":"new_tropes_dag.py","lineno":66}
{"timestamp":"2025-12-19T11:05:52.993298Z","level":"info","event":"Formatting title: Shivers","logger":"root","filename":"new_tropes_dag.py","lineno":66}
{"timestamp":"2025-12-19T11:05:52.993321Z","level":"info","event":"Formatting title: Short Term 12","logger":"root","filename":"new_tropes_dag.py","lineno":66}
{"timestamp":"2025-12-19T11:05:53.061758Z","level":"info","event":"Formatting title: Shortcomings","logger":"root","filename":"new_tropes_dag.py","lineno":66}
{"timestamp":"2025-12-19T11:05:53.061874Z","level":"info","event":"Formatting title: Showgirls","logger":"root","filename":"new_tropes_dag.py","lineno":66}
{"timestamp":"2025-12-19T11:05:53.061910Z","level":"info","event":"Formatting title: Shrek","logger":"root","filename":"new_tropes_dag.py","lineno":66}
{"timestamp":"2025-12-19T11:05:53.061941Z","level":"info","event":"Formatting title: Shrek The Third","logger":"root","filename":"new_tropes_dag.py","lineno":66}
{"timestamp":"2025-12-19T11:05:53.061974Z","level":"info","event":"Formatting title: Shutter Island","logger":"root","filename":"new_tropes_dag.py","lineno":66}
{"timestamp":"2025-12-19T11:05:53.062005Z","level":"info","event":"Formatting title: Sicario","logger":"root","filename":"new_tropes_dag.py","lineno":66}
{"timestamp":"2025-12-19T11:05:53.062032Z","level":"info","event":"Formatting title: Sicario Day Of The Soldado","logger":"root","filename":"new_tropes_dag.py","lineno":66}
{"timestamp":"2025-12-19T11:05:53.062061Z","level":"info","event":"Formatting title: Side Effects","logger":"root","filename":"new_tropes_dag.py","lineno":66}
{"timestamp":"2025-12-19T11:05:53.062088Z","level":"info","event":"Formatting title: Sideways","logger":"root","filename":"new_tropes_dag.py","lineno":66}
{"timestamp":"2025-12-19T11:05:53.062115Z","level":"info","event":"Formatting title: Siege The","logger":"root","filename":"new_tropes_dag.py","lineno":66}
{"timestamp":"2025-12-19T11:05:53.062142Z","level":"info","event":"Formatting title: Signs","logger":"root","filename":"new_tropes_dag.py","lineno":66}
{"timestamp":"2025-12-19T11:05:53.062168Z","level":"info","event":"Formatting title: Silence","logger":"root","filename":"new_tropes_dag.py","lineno":66}
{"timestamp":"2025-12-19T11:05:53.062194Z","level":"info","event":"Formatting title: Silence Of The Lambs","logger":"root","filename":"new_tropes_dag.py","lineno":66}
{"timestamp":"2025-12-19T11:05:53.062220Z","level":"info","event":"Formatting title: Silent Grace","logger":"root","filename":"new_tropes_dag.py","lineno":66}
{"timestamp":"2025-12-19T11:05:53.062250Z","level":"info","event":"Formatting title: Silkwood","logger":"root","filename":"new_tropes_dag.py","lineno":66}
{"timestamp":"2025-12-19T11:05:53.062275Z","level":"info","event":"Formatting title: Silver Bullet","logger":"root","filename":"new_tropes_dag.py","lineno":66}
{"timestamp":"2025-12-19T11:05:53.062303Z","level":"info","event":"Formatting title: Silver Linings Playbook","logger":"root","filename":"new_tropes_dag.py","lineno":66}
{"timestamp":"2025-12-19T11:05:53.062330Z","level":"info","event":"Formatting title: Silverado","logger":"root","filename":"new_tropes_dag.py","lineno":66}
{"timestamp":"2025-12-19T11:05:53.062354Z","level":"info","event":"Formatting title: Simone","logger":"root","filename":"new_tropes_dag.py","lineno":66}
{"timestamp":"2025-12-19T11:05:53.062381Z","level":"info","event":"Formatting title: Sing","logger":"root","filename":"new_tropes_dag.py","lineno":66}
{"timestamp":"2025-12-19T11:05:53.062406Z","level":"info","event":"Formatting title: Sing Sing","logger":"root","filename":"new_tropes_dag.py","lineno":66}
{"timestamp":"2025-12-19T11:05:53.062430Z","level":"info","event":"Formatting title: Sing Street","logger":"root","filename":"new_tropes_dag.py","lineno":66}
{"timestamp":"2025-12-19T11:05:53.062455Z","level":"info","event":"Formatting title: Singin In The Rain","logger":"root","filename":"new_tropes_dag.py","lineno":66}
{"timestamp":"2025-12-19T11:05:53.062486Z","level":"info","event":"Formatting title: Single White Female","logger":"root","filename":"new_tropes_dag.py","lineno":66}
{"timestamp":"2025-12-19T11:05:53.062512Z","level":"info","event":"Formatting title: Sister Act","logger":"root","filename":"new_tropes_dag.py","lineno":66}
{"timestamp":"2025-12-19T11:05:53.062548Z","level":"info","event":"Formatting title: Six Degrees Of Separation","logger":"root","filename":"new_tropes_dag.py","lineno":66}
{"timestamp":"2025-12-19T11:05:53.062574Z","level":"info","event":"Formatting title: Sixteen Candles","logger":"root","filename":"new_tropes_dag.py","lineno":66}
{"timestamp":"2025-12-19T11:05:53.062606Z","level":"info","event":"Formatting title: Sixth Sense The","logger":"root","filename":"new_tropes_dag.py","lineno":66}
{"timestamp":"2025-12-19T11:05:53.062633Z","level":"info","event":"Formatting title: Skyfall","logger":"root","filename":"new_tropes_dag.py","lineno":66}
{"timestamp":"2025-12-19T11:05:53.062659Z","level":"info","event":"Formatting title: Skyscraper","logger":"root","filename":"new_tropes_dag.py","lineno":66}
{"timestamp":"2025-12-19T11:05:53.062683Z","level":"info","event":"Formatting title: Sleepers","logger":"root","filename":"new_tropes_dag.py","lineno":66}
{"timestamp":"2025-12-19T11:05:53.062708Z","level":"info","event":"Formatting title: Sleepless In Seattle","logger":"root","filename":"new_tropes_dag.py","lineno":66}
{"timestamp":"2025-12-19T11:05:53.062731Z","level":"info","event":"Formatting title: Sleepy Hollow","logger":"root","filename":"new_tropes_dag.py","lineno":66}
{"timestamp":"2025-12-19T11:05:53.062755Z","level":"info","event":"Formatting title: Slender Man","logger":"root","filename":"new_tropes_dag.py","lineno":66}
{"timestamp":"2025-12-19T11:05:53.062778Z","level":"info","event":"Formatting title: Sling Blade","logger":"root","filename":"new_tropes_dag.py","lineno":66}
{"timestamp":"2025-12-19T11:05:53.062803Z","level":"info","event":"Formatting title: Slither","logger":"root","filename":"new_tropes_dag.py","lineno":66}
{"timestamp":"2025-12-19T11:05:53.062826Z","level":"info","event":"Formatting title: Sliver","logger":"root","filename":"new_tropes_dag.py","lineno":66}
{"timestamp":"2025-12-19T11:05:53.062850Z","level":"info","event":"Formatting title: Slumdog Millionaire","logger":"root","filename":"new_tropes_dag.py","lineno":66}
{"timestamp":"2025-12-19T11:05:53.062874Z","level":"info","event":"Formatting title: Smashed","logger":"root","filename":"new_tropes_dag.py","lineno":66}
{"timestamp":"2025-12-19T11:05:53.062897Z","level":"info","event":"Formatting title: Smokin Aces","logger":"root","filename":"new_tropes_dag.py","lineno":66}
{"timestamp":"2025-12-19T11:05:53.062920Z","level":"info","event":"Formatting title: Snake Eyes","logger":"root","filename":"new_tropes_dag.py","lineno":66}
{"timestamp":"2025-12-19T11:05:53.062943Z","level":"info","event":"Formatting title: Snatch","logger":"root","filename":"new_tropes_dag.py","lineno":66}
{"timestamp":"2025-12-19T11:05:53.062965Z","level":"info","event":"Formatting title: Sneakers","logger":"root","filename":"new_tropes_dag.py","lineno":66}
{"timestamp":"2025-12-19T11:05:53.062989Z","level":"info","event":"Formatting title: Snow Falling On Cedars","logger":"root","filename":"new_tropes_dag.py","lineno":66}
{"timestamp":"2025-12-19T11:05:53.063013Z","level":"info","event":"Formatting title: Snow White And The Huntsman","logger":"root","filename":"new_tropes_dag.py","lineno":66}
{"timestamp":"2025-12-19T11:05:53.063036Z","level":"info","event":"Formatting title: Snowpiercer","logger":"root","filename":"new_tropes_dag.py","lineno":66}
{"timestamp":"2025-12-19T11:05:53.063059Z","level":"info","event":"Formatting title: So I Married An Axe Murderer","logger":"root","filename":"new_tropes_dag.py","lineno":66}
{"timestamp":"2025-12-19T11:05:53.063084Z","level":"info","event":"Formatting title: Social Network The","logger":"root","filename":"new_tropes_dag.py","lineno":66}
{"timestamp":"2025-12-19T11:05:53.063108Z","level":"info","event":"Formatting title: Solaris","logger":"root","filename":"new_tropes_dag.py","lineno":66}
{"timestamp":"2025-12-19T11:05:53.063131Z","level":"info","event":"Formatting title: Soldier","logger":"root","filename":"new_tropes_dag.py","lineno":66}
{"timestamp":"2025-12-19T11:05:53.063154Z","level":"info","event":"Formatting title: Someone To Watch Over Me","logger":"root","filename":"new_tropes_dag.py","lineno":66}
{"timestamp":"2025-12-19T11:05:53.063177Z","level":"info","event":"Formatting title: Something Wicked This Way Comes","logger":"root","filename":"new_tropes_dag.py","lineno":66}
{"timestamp":"2025-12-19T11:05:53.063200Z","level":"info","event":"Formatting title: Somethings Gotta Give","logger":"root","filename":"new_tropes_dag.py","lineno":66}
{"timestamp":"2025-12-19T11:05:53.063224Z","level":"info","event":"Formatting title: Sorry To Bother","logger":"root","filename":"new_tropes_dag.py","lineno":66}
{"timestamp":"2025-12-19T11:05:53.063247Z","level":"info","event":"Formatting title: Soul","logger":"root","filename":"new_tropes_dag.py","lineno":66}
{"timestamp":"2025-12-19T11:05:53.063270Z","level":"info","event":"Formatting title: Sound Of Metal","logger":"root","filename":"new_tropes_dag.py","lineno":66}
{"timestamp":"2025-12-19T11:05:53.063294Z","level":"info","event":"Formatting title: Source Code","logger":"root","filename":"new_tropes_dag.py","lineno":66}
{"timestamp":"2025-12-19T11:05:53.063392Z","level":"info","event":"Formatting title: South Park","logger":"root","filename":"new_tropes_dag.py","lineno":66}
{"timestamp":"2025-12-19T11:05:53.063445Z","level":"info","event":"Formatting title: Soylent Green","logger":"root","filename":"new_tropes_dag.py","lineno":66}
{"timestamp":"2025-12-19T11:05:53.063480Z","level":"info","event":"Formatting title: Space Cowboys","logger":"root","filename":"new_tropes_dag.py","lineno":66}
{"timestamp":"2025-12-19T11:05:53.063510Z","level":"info","event":"Formatting title: Space Milkshake","logger":"root","filename":"new_tropes_dag.py","lineno":66}
{"timestamp":"2025-12-19T11:05:53.063538Z","level":"info","event":"Formatting title: Spaceballs","logger":"root","filename":"new_tropes_dag.py","lineno":66}
{"timestamp":"2025-12-19T11:05:53.063564Z","level":"info","event":"Formatting title: Spanglish","logger":"root","filename":"new_tropes_dag.py","lineno":66}
{"timestamp":"2025-12-19T11:05:53.063590Z","level":"info","event":"Formatting title: Spare Me","logger":"root","filename":"new_tropes_dag.py","lineno":66}
{"timestamp":"2025-12-19T11:05:53.063616Z","level":"info","event":"Formatting title: Spartacus","logger":"root","filename":"new_tropes_dag.py","lineno":66}
{"timestamp":"2025-12-19T11:05:53.063641Z","level":"info","event":"Formatting title: Spartan","logger":"root","filename":"new_tropes_dag.py","lineno":66}
{"timestamp":"2025-12-19T11:05:53.063667Z","level":"info","event":"Formatting title: Spawn","logger":"root","filename":"new_tropes_dag.py","lineno":66}
{"timestamp":"2025-12-19T11:05:53.063691Z","level":"info","event":"Formatting title: Spectre","logger":"root","filename":"new_tropes_dag.py","lineno":66}
{"timestamp":"2025-12-19T11:05:53.063716Z","level":"info","event":"Formatting title: Speed","logger":"root","filename":"new_tropes_dag.py","lineno":66}
{"timestamp":"2025-12-19T11:05:53.063740Z","level":"info","event":"Formatting title: Speed Racer","logger":"root","filename":"new_tropes_dag.py","lineno":66}
{"timestamp":"2025-12-19T11:05:53.063764Z","level":"info","event":"Formatting title: Spencer","logger":"root","filename":"new_tropes_dag.py","lineno":66}
{"timestamp":"2025-12-19T11:05:53.063788Z","level":"info","event":"Formatting title: Sphere","logger":"root","filename":"new_tropes_dag.py","lineno":66}
{"timestamp":"2025-12-19T11:05:53.063813Z","level":"info","event":"Formatting title: Spider Man","logger":"root","filename":"new_tropes_dag.py","lineno":66}
{"timestamp":"2025-12-19T11:05:53.063837Z","level":"info","event":"Formatting title: Spider Man 2","logger":"root","filename":"new_tropes_dag.py","lineno":66}
{"timestamp":"2025-12-19T11:05:53.063862Z","level":"info","event":"Formatting title: Spider Man Across The Spider Verse","logger":"root","filename":"new_tropes_dag.py","lineno":66}
{"timestamp":"2025-12-19T11:05:53.063886Z","level":"info","event":"Formatting title: Spider Man Into The Spider Verse","logger":"root","filename":"new_tropes_dag.py","lineno":66}
{"timestamp":"2025-12-19T11:05:53.063911Z","level":"info","event":"Formatting title: Spider Man No Way Home","logger":"root","filename":"new_tropes_dag.py","lineno":66}
{"timestamp":"2025-12-19T11:05:53.063936Z","level":"info","event":"Formatting title: Splice","logger":"root","filename":"new_tropes_dag.py","lineno":66}
{"timestamp":"2025-12-19T11:05:53.063960Z","level":"info","event":"Formatting title: Spotlight","logger":"root","filename":"new_tropes_dag.py","lineno":66}
{"timestamp":"2025-12-19T11:05:53.063984Z","level":"info","event":"Formatting title: Spring Breakers","logger":"root","filename":"new_tropes_dag.py","lineno":66}
{"timestamp":"2025-12-19T11:05:53.064009Z","level":"info","event":"Formatting title: Spy Kids","logger":"root","filename":"new_tropes_dag.py","lineno":66}
{"timestamp":"2025-12-19T11:05:53.064034Z","level":"info","event":"Formatting title: St Elmos Fire","logger":"root","filename":"new_tropes_dag.py","lineno":66}
{"timestamp":"2025-12-19T11:05:53.064058Z","level":"info","event":"Formatting title: Stagecoach","logger":"root","filename":"new_tropes_dag.py","lineno":66}
{"timestamp":"2025-12-19T11:05:53.064083Z","level":"info","event":"Formatting title: Stan & Ollie","logger":"root","filename":"new_tropes_dag.py","lineno":66}
{"timestamp":"2025-12-19T11:05:53.064108Z","level":"info","event":"Formatting title: Stand By Me","logger":"root","filename":"new_tropes_dag.py","lineno":66}
{"timestamp":"2025-12-19T11:05:53.064132Z","level":"info","event":"Formatting title: Star Trek","logger":"root","filename":"new_tropes_dag.py","lineno":66}
{"timestamp":"2025-12-19T11:05:53.064155Z","level":"info","event":"Formatting title: Star Trek 2 The Wrath Of Khan","logger":"root","filename":"new_tropes_dag.py","lineno":66}
{"timestamp":"2025-12-19T11:05:53.064179Z","level":"info","event":"Formatting title: Star Trek 3 The Search For Spock","logger":"root","filename":"new_tropes_dag.py","lineno":66}
{"timestamp":"2025-12-19T11:05:53.064203Z","level":"info","event":"Formatting title: Star Trek 4 The Voyage Home","logger":"root","filename":"new_tropes_dag.py","lineno":66}
{"timestamp":"2025-12-19T11:05:53.064228Z","level":"info","event":"Formatting title: Star Trek 6 The Undiscovered Country","logger":"root","filename":"new_tropes_dag.py","lineno":66}
{"timestamp":"2025-12-19T11:05:53.064252Z","level":"info","event":"Formatting title: Star Trek First Contact","logger":"root","filename":"new_tropes_dag.py","lineno":66}
{"timestamp":"2025-12-19T11:05:53.064278Z","level":"info","event":"Formatting title: Star Trek Generations","logger":"root","filename":"new_tropes_dag.py","lineno":66}
{"timestamp":"2025-12-19T11:05:53.064315Z","level":"info","event":"Formatting title: Star Trek Insurrection","logger":"root","filename":"new_tropes_dag.py","lineno":66}
{"timestamp":"2025-12-19T11:05:53.064351Z","level":"info","event":"Formatting title: Star Trek Nemesis","logger":"root","filename":"new_tropes_dag.py","lineno":66}
{"timestamp":"2025-12-19T11:05:53.064379Z","level":"info","event":"Formatting title: Star Trek The Motion Picture","logger":"root","filename":"new_tropes_dag.py","lineno":66}
{"timestamp":"2025-12-19T11:05:53.064406Z","level":"info","event":"Formatting title: Star Trek V The Final Frontier","logger":"root","filename":"new_tropes_dag.py","lineno":66}
{"timestamp":"2025-12-19T11:05:53.064433Z","level":"info","event":"Formatting title: Star Wars A New Hope","logger":"root","filename":"new_tropes_dag.py","lineno":66}
{"timestamp":"2025-12-19T11:05:53.064458Z","level":"info","event":"Formatting title: Star Wars Attack Of The Clones","logger":"root","filename":"new_tropes_dag.py","lineno":66}
{"timestamp":"2025-12-19T11:05:53.064484Z","level":"info","event":"Formatting title: Star Wars Episode 2 Attack Of The Clones","logger":"root","filename":"new_tropes_dag.py","lineno":66}
{"timestamp":"2025-12-19T11:05:53.064509Z","level":"info","event":"Formatting title: Star Wars Episode 3 Revenge Of The Sith","logger":"root","filename":"new_tropes_dag.py","lineno":66}
{"timestamp":"2025-12-19T11:05:53.064534Z","level":"info","event":"Formatting title: Star Wars Episode 4 A New Hope","logger":"root","filename":"new_tropes_dag.py","lineno":66}
{"timestamp":"2025-12-19T11:05:53.064558Z","level":"info","event":"Formatting title: Star Wars Episode 6 Return Of The Jedi","logger":"root","filename":"new_tropes_dag.py","lineno":66}
{"timestamp":"2025-12-19T11:05:53.064583Z","level":"info","event":"Formatting title: Star Wars Episode I The Phantom Menace","logger":"root","filename":"new_tropes_dag.py","lineno":66}
{"timestamp":"2025-12-19T11:05:53.064607Z","level":"info","event":"Formatting title: Star Wars Episode V The Empire Strikes Back","logger":"root","filename":"new_tropes_dag.py","lineno":66}
{"timestamp":"2025-12-19T11:05:53.064632Z","level":"info","event":"Formatting title: Star Wars Return Of The Jedi","logger":"root","filename":"new_tropes_dag.py","lineno":66}
{"timestamp":"2025-12-19T11:05:53.064656Z","level":"info","event":"Formatting title: Star Wars Revenge Of The Sith","logger":"root","filename":"new_tropes_dag.py","lineno":66}
{"timestamp":"2025-12-19T11:05:53.064680Z","level":"info","event":"Formatting title: Star Wars The Empire Strikes Back","logger":"root","filename":"new_tropes_dag.py","lineno":66}
{"timestamp":"2025-12-19T11:05:53.064704Z","level":"info","event":"Formatting title: Star Wars The Force Awakens","logger":"root","filename":"new_tropes_dag.py","lineno":66}
{"timestamp":"2025-12-19T11:05:53.064729Z","level":"info","event":"Formatting title: Star Wars The Phantom Menace","logger":"root","filename":"new_tropes_dag.py","lineno":66}
{"timestamp":"2025-12-19T11:05:53.064754Z","level":"info","event":"Formatting title: Stardust","logger":"root","filename":"new_tropes_dag.py","lineno":66}
{"timestamp":"2025-12-19T11:05:53.064778Z","level":"info","event":"Formatting title: Stargate","logger":"root","filename":"new_tropes_dag.py","lineno":66}
{"timestamp":"2025-12-19T11:05:53.064801Z","level":"info","event":"Formatting title: Starman","logger":"root","filename":"new_tropes_dag.py","lineno":66}
{"timestamp":"2025-12-19T11:05:53.064825Z","level":"info","event":"Formatting title: Starship Troopers","logger":"root","filename":"new_tropes_dag.py","lineno":66}
{"timestamp":"2025-12-19T11:05:53.064849Z","level":"info","event":"Formatting title: State And Main","logger":"root","filename":"new_tropes_dag.py","lineno":66}
{"timestamp":"2025-12-19T11:05:53.064875Z","level":"info","event":"Formatting title: State Of Grace","logger":"root","filename":"new_tropes_dag.py","lineno":66}
{"timestamp":"2025-12-19T11:05:53.064899Z","level":"info","event":"Formatting title: State Of Play","logger":"root","filename":"new_tropes_dag.py","lineno":66}
{"timestamp":"2025-12-19T11:05:53.064923Z","level":"info","event":"Formatting title: Station West","logger":"root","filename":"new_tropes_dag.py","lineno":66}
{"timestamp":"2025-12-19T11:05:53.064946Z","level":"info","event":"Formatting title: Step Brothers","logger":"root","filename":"new_tropes_dag.py","lineno":66}
{"timestamp":"2025-12-19T11:05:53.064970Z","level":"info","event":"Formatting title: Stepmom","logger":"root","filename":"new_tropes_dag.py","lineno":66}
{"timestamp":"2025-12-19T11:05:53.064994Z","level":"info","event":"Formatting title: Steve Jobs","logger":"root","filename":"new_tropes_dag.py","lineno":66}
{"timestamp":"2025-12-19T11:05:53.065020Z","level":"info","event":"Formatting title: Sting The","logger":"root","filename":"new_tropes_dag.py","lineno":66}
{"timestamp":"2025-12-19T11:05:53.065045Z","level":"info","event":"Formatting title: Stir Of Echoes","logger":"root","filename":"new_tropes_dag.py","lineno":66}
{"timestamp":"2025-12-19T11:05:53.065069Z","level":"info","event":"Formatting title: Stoker","logger":"root","filename":"new_tropes_dag.py","lineno":66}
{"timestamp":"2025-12-19T11:05:53.065094Z","level":"info","event":"Formatting title: Storm","logger":"root","filename":"new_tropes_dag.py","lineno":66}
{"timestamp":"2025-12-19T11:05:53.065117Z","level":"info","event":"Formatting title: Storytelling","logger":"root","filename":"new_tropes_dag.py","lineno":66}
{"timestamp":"2025-12-19T11:05:53.065142Z","level":"info","event":"Formatting title: Straight Outta Compton","logger":"root","filename":"new_tropes_dag.py","lineno":66}
{"timestamp":"2025-12-19T11:05:53.065167Z","level":"info","event":"Formatting title: Strange Days","logger":"root","filename":"new_tropes_dag.py","lineno":66}
{"timestamp":"2025-12-19T11:05:53.065191Z","level":"info","event":"Formatting title: Stranger Than Fiction","logger":"root","filename":"new_tropes_dag.py","lineno":66}
{"timestamp":"2025-12-19T11:05:53.065214Z","level":"info","event":"Formatting title: Stranger Than Paradise","logger":"root","filename":"new_tropes_dag.py","lineno":66}
{"timestamp":"2025-12-19T11:05:53.065237Z","level":"info","event":"Formatting title: Strangers On A Train","logger":"root","filename":"new_tropes_dag.py","lineno":66}
{"timestamp":"2025-12-19T11:05:53.065260Z","level":"info","event":"Formatting title: Strawberry Mansion","logger":"root","filename":"new_tropes_dag.py","lineno":66}
{"timestamp":"2025-12-19T11:05:53.065284Z","level":"info","event":"Formatting title: Street Smart","logger":"root","filename":"new_tropes_dag.py","lineno":66}
{"timestamp":"2025-12-19T11:05:53.065307Z","level":"info","event":"Formatting title: Stuber","logger":"root","filename":"new_tropes_dag.py","lineno":66}
{"timestamp":"2025-12-19T11:05:53.065357Z","level":"info","event":"Formatting title: Stuntman The","logger":"root","filename":"new_tropes_dag.py","lineno":66}
{"timestamp":"2025-12-19T11:05:53.065388Z","level":"info","event":"Formatting title: Submarine","logger":"root","filename":"new_tropes_dag.py","lineno":66}
{"timestamp":"2025-12-19T11:05:53.065415Z","level":"info","event":"Formatting title: Substance The","logger":"root","filename":"new_tropes_dag.py","lineno":66}
{"timestamp":"2025-12-19T11:05:53.065441Z","level":"info","event":"Formatting title: Suburbicon","logger":"root","filename":"new_tropes_dag.py","lineno":66}
{"timestamp":"2025-12-19T11:05:53.065466Z","level":"info","event":"Formatting title: Suffragette","logger":"root","filename":"new_tropes_dag.py","lineno":66}
{"timestamp":"2025-12-19T11:05:53.065492Z","level":"info","event":"Formatting title: Sugar","logger":"root","filename":"new_tropes_dag.py","lineno":66}
{"timestamp":"2025-12-19T11:05:53.065517Z","level":"info","event":"Formatting title: Sugar And Spice","logger":"root","filename":"new_tropes_dag.py","lineno":66}
{"timestamp":"2025-12-19T11:05:53.065543Z","level":"info","event":"Formatting title: Suicide Squad","logger":"root","filename":"new_tropes_dag.py","lineno":66}
{"timestamp":"2025-12-19T11:05:53.065568Z","level":"info","event":"Formatting title: Sully","logger":"root","filename":"new_tropes_dag.py","lineno":66}
{"timestamp":"2025-12-19T11:05:53.065594Z","level":"info","event":"Formatting title: Sunset Blvd","logger":"root","filename":"new_tropes_dag.py","lineno":66}
{"timestamp":"2025-12-19T11:05:53.065621Z","level":"info","event":"Formatting title: Sunshine","logger":"root","filename":"new_tropes_dag.py","lineno":66}
{"timestamp":"2025-12-19T11:05:53.065675Z","level":"info","event":"Formatting title: Sunshine Cleaning","logger":"root","filename":"new_tropes_dag.py","lineno":66}
{"timestamp":"2025-12-19T11:05:53.065708Z","level":"info","event":"Formatting title: Super","logger":"root","filename":"new_tropes_dag.py","lineno":66}
{"timestamp":"2025-12-19T11:05:53.065736Z","level":"info","event":"Formatting title: Super 8","logger":"root","filename":"new_tropes_dag.py","lineno":66}
{"timestamp":"2025-12-19T11:05:53.065763Z","level":"info","event":"Formatting title: Super Dark Times","logger":"root","filename":"new_tropes_dag.py","lineno":66}
{"timestamp":"2025-12-19T11:05:53.065790Z","level":"info","event":"Formatting title: Super Mario Bros","logger":"root","filename":"new_tropes_dag.py","lineno":66}
{"timestamp":"2025-12-19T11:05:53.065816Z","level":"info","event":"Formatting title: Superbad","logger":"root","filename":"new_tropes_dag.py","lineno":66}
{"timestamp":"2025-12-19T11:05:53.065844Z","level":"info","event":"Formatting title: Superfights","logger":"root","filename":"new_tropes_dag.py","lineno":66}
{"timestamp":"2025-12-19T11:05:53.065874Z","level":"info","event":"Formatting title: Supergirl","logger":"root","filename":"new_tropes_dag.py","lineno":66}
{"timestamp":"2025-12-19T11:05:53.065911Z","level":"info","event":"Formatting title: Superman","logger":"root","filename":"new_tropes_dag.py","lineno":66}
{"timestamp":"2025-12-19T11:05:53.065941Z","level":"info","event":"Formatting title: Surfer King The","logger":"root","filename":"new_tropes_dag.py","lineno":66}
{"timestamp":"2025-12-19T11:05:53.065976Z","level":"info","event":"Formatting title: Surrogates","logger":"root","filename":"new_tropes_dag.py","lineno":66}
{"timestamp":"2025-12-19T11:05:53.066010Z","level":"info","event":"Formatting title: Suspect Zero","logger":"root","filename":"new_tropes_dag.py","lineno":66}
{"timestamp":"2025-12-19T11:05:53.066041Z","level":"info","event":"Formatting title: Suspiria","logger":"root","filename":"new_tropes_dag.py","lineno":66}
{"timestamp":"2025-12-19T11:05:53.066075Z","level":"info","event":"Formatting title: Swan Song","logger":"root","filename":"new_tropes_dag.py","lineno":66}
{"timestamp":"2025-12-19T11:05:53.066111Z","level":"info","event":"Formatting title: Sweeney Todd The Demon Barber Of Fleet Street","logger":"root","filename":"new_tropes_dag.py","lineno":66}
{"timestamp":"2025-12-19T11:05:53.066143Z","level":"info","event":"Formatting title: Sweet Hereafter The","logger":"root","filename":"new_tropes_dag.py","lineno":66}
{"timestamp":"2025-12-19T11:05:53.066170Z","level":"info","event":"Formatting title: Sweet Smell Of Success","logger":"root","filename":"new_tropes_dag.py","lineno":66}
{"timestamp":"2025-12-19T11:05:53.066197Z","level":"info","event":"Formatting title: Swingers","logger":"root","filename":"new_tropes_dag.py","lineno":66}
{"timestamp":"2025-12-19T11:05:53.066228Z","level":"info","event":"Formatting title: Swiss Army Man","logger":"root","filename":"new_tropes_dag.py","lineno":66}
{"timestamp":"2025-12-19T11:05:53.066257Z","level":"info","event":"Formatting title: Swordfish","logger":"root","filename":"new_tropes_dag.py","lineno":66}
{"timestamp":"2025-12-19T11:05:53.066291Z","level":"info","event":"Formatting title: Synecdoche New York","logger":"root","filename":"new_tropes_dag.py","lineno":66}
{"timestamp":"2025-12-19T11:05:53.066322Z","level":"info","event":"Formatting title: Syriana","logger":"root","filename":"new_tropes_dag.py","lineno":66}
{"timestamp":"2025-12-19T11:05:53.066360Z","level":"info","event":"Formatting title: Take Shelter","logger":"root","filename":"new_tropes_dag.py","lineno":66}
{"timestamp":"2025-12-19T11:05:53.066392Z","level":"info","event":"Formatting title: Taking Lives","logger":"root","filename":"new_tropes_dag.py","lineno":66}
{"timestamp":"2025-12-19T11:05:53.066428Z","level":"info","event":"Formatting title: Taking Of Pelham One Two Three The","logger":"root","filename":"new_tropes_dag.py","lineno":66}
{"timestamp":"2025-12-19T11:05:53.066466Z","level":"info","event":"Formatting title: Taking Sides","logger":"root","filename":"new_tropes_dag.py","lineno":66}
{"timestamp":"2025-12-19T11:05:53.066503Z","level":"info","event":"Formatting title: Talented Mr Ripley The","logger":"root","filename":"new_tropes_dag.py","lineno":66}
{"timestamp":"2025-12-19T11:05:53.066530Z","level":"info","event":"Formatting title: Talkin Dirty After Dark","logger":"root","filename":"new_tropes_dag.py","lineno":66}
{"timestamp":"2025-12-19T11:05:53.066556Z","level":"info","event":"Formatting title: Tall In The Saddle","logger":"root","filename":"new_tropes_dag.py","lineno":66}
{"timestamp":"2025-12-19T11:05:53.066581Z","level":"info","event":"Formatting title: Talladega Nights The Ballad Of Ricky Bobby","logger":"root","filename":"new_tropes_dag.py","lineno":66}
{"timestamp":"2025-12-19T11:05:53.066607Z","level":"info","event":"Formatting title: Tamara Drewe","logger":"root","filename":"new_tropes_dag.py","lineno":66}
{"timestamp":"2025-12-19T11:05:53.066632Z","level":"info","event":"Formatting title: Tango & Cash","logger":"root","filename":"new_tropes_dag.py","lineno":66}
{"timestamp":"2025-12-19T11:05:53.066656Z","level":"info","event":"Formatting title: Taxi Driver","logger":"root","filename":"new_tropes_dag.py","lineno":66}
{"timestamp":"2025-12-19T11:05:53.066680Z","level":"info","event":"Formatting title: Teachers Lounge The","logger":"root","filename":"new_tropes_dag.py","lineno":66}
{"timestamp":"2025-12-19T11:05:53.066705Z","level":"info","event":"Formatting title: Team America World Police","logger":"root","filename":"new_tropes_dag.py","lineno":66}
{"timestamp":"2025-12-19T11:05:53.066730Z","level":"info","event":"Formatting title: Ted","logger":"root","filename":"new_tropes_dag.py","lineno":66}
{"timestamp":"2025-12-19T11:05:53.066756Z","level":"info","event":"Formatting title: Teen Wolf","logger":"root","filename":"new_tropes_dag.py","lineno":66}
{"timestamp":"2025-12-19T11:05:53.066781Z","level":"info","event":"Formatting title: Teenage Mutant Ninja Turtles Mutant Mayhem","logger":"root","filename":"new_tropes_dag.py","lineno":66}
{"timestamp":"2025-12-19T11:05:53.066806Z","level":"info","event":"Formatting title: Tenet","logger":"root","filename":"new_tropes_dag.py","lineno":66}
{"timestamp":"2025-12-19T11:05:53.066836Z","level":"info","event":"Formatting title: Tequila Sunrise","logger":"root","filename":"new_tropes_dag.py","lineno":66}
{"timestamp":"2025-12-19T11:05:53.066866Z","level":"info","event":"Formatting title: Terminator","logger":"root","filename":"new_tropes_dag.py","lineno":66}
{"timestamp":"2025-12-19T11:05:53.066900Z","level":"info","event":"Formatting title: Terminator 2 Judgement Day","logger":"root","filename":"new_tropes_dag.py","lineno":66}
{"timestamp":"2025-12-19T11:05:53.066931Z","level":"info","event":"Formatting title: Terminator Genisys","logger":"root","filename":"new_tropes_dag.py","lineno":66}
{"timestamp":"2025-12-19T11:05:53.066959Z","level":"info","event":"Formatting title: Terminator Salvation","logger":"root","filename":"new_tropes_dag.py","lineno":66}
{"timestamp":"2025-12-19T11:05:53.066985Z","level":"info","event":"Formatting title: Terms Of Endearment","logger":"root","filename":"new_tropes_dag.py","lineno":66}
{"timestamp":"2025-12-19T11:05:53.067010Z","level":"info","event":"Formatting title: The 40 Year Old Virgin","logger":"root","filename":"new_tropes_dag.py","lineno":66}
{"timestamp":"2025-12-19T11:05:53.067036Z","level":"info","event":"Formatting title: The A Team","logger":"root","filename":"new_tropes_dag.py","lineno":66}
{"timestamp":"2025-12-19T11:05:53.067067Z","level":"info","event":"Formatting title: The Abyss","logger":"root","filename":"new_tropes_dag.py","lineno":66}
{"timestamp":"2025-12-19T11:05:53.067131Z","level":"info","event":"Formatting title: The Accidental Tourist","logger":"root","filename":"new_tropes_dag.py","lineno":66}
{"timestamp":"2025-12-19T11:05:53.067173Z","level":"info","event":"Formatting title: The Accountant","logger":"root","filename":"new_tropes_dag.py","lineno":66}
{"timestamp":"2025-12-19T11:05:53.067210Z","level":"info","event":"Formatting title: The Addams Family","logger":"root","filename":"new_tropes_dag.py","lineno":66}
{"timestamp":"2025-12-19T11:05:53.067245Z","level":"info","event":"Formatting title: The Adjustment Bureau","logger":"root","filename":"new_tropes_dag.py","lineno":66}
{"timestamp":"2025-12-19T11:05:53.067283Z","level":"info","event":"Formatting title: The Adventures Of Ford Fairlane","logger":"root","filename":"new_tropes_dag.py","lineno":66}
{"timestamp":"2025-12-19T11:05:53.067343Z","level":"info","event":"Formatting title: The Adventures Of Tintin","logger":"root","filename":"new_tropes_dag.py","lineno":66}
{"timestamp":"2025-12-19T11:05:53.067445Z","level":"info","event":"Formatting title: The African Queen","logger":"root","filename":"new_tropes_dag.py","lineno":66}
{"timestamp":"2025-12-19T11:05:53.067491Z","level":"info","event":"Formatting title: The American","logger":"root","filename":"new_tropes_dag.py","lineno":66}
{"timestamp":"2025-12-19T11:05:53.067528Z","level":"info","event":"Formatting title: The American President","logger":"root","filename":"new_tropes_dag.py","lineno":66}
{"timestamp":"2025-12-19T11:05:53.067562Z","level":"info","event":"Formatting title: The Amityville Horror","logger":"root","filename":"new_tropes_dag.py","lineno":66}
{"timestamp":"2025-12-19T11:05:53.067597Z","level":"info","event":"Formatting title: The Apartment","logger":"root","filename":"new_tropes_dag.py","lineno":66}
{"timestamp":"2025-12-19T11:05:53.067633Z","level":"info","event":"Formatting title: The Artist","logger":"root","filename":"new_tropes_dag.py","lineno":66}
{"timestamp":"2025-12-19T11:05:53.067666Z","level":"info","event":"Formatting title: The Avengers","logger":"root","filename":"new_tropes_dag.py","lineno":66}
{"timestamp":"2025-12-19T11:05:53.067700Z","level":"info","event":"Formatting title: The Aviator","logger":"root","filename":"new_tropes_dag.py","lineno":66}
{"timestamp":"2025-12-19T11:05:53.067733Z","level":"info","event":"Formatting title: The Babadook","logger":"root","filename":"new_tropes_dag.py","lineno":66}
{"timestamp":"2025-12-19T11:05:53.067767Z","level":"info","event":"Formatting title: The Babysitter","logger":"root","filename":"new_tropes_dag.py","lineno":66}
{"timestamp":"2025-12-19T11:05:53.067804Z","level":"info","event":"Formatting title: The Ballad Of Buster Scruggs","logger":"root","filename":"new_tropes_dag.py","lineno":66}
{"timestamp":"2025-12-19T11:05:53.067840Z","level":"info","event":"Formatting title: The Banshees Of Inisherin","logger":"root","filename":"new_tropes_dag.py","lineno":66}
{"timestamp":"2025-12-19T11:05:53.067872Z","level":"info","event":"Formatting title: The Batman","logger":"root","filename":"new_tropes_dag.py","lineno":66}
{"timestamp":"2025-12-19T11:05:53.067911Z","level":"info","event":"Formatting title: The Beach Bum","logger":"root","filename":"new_tropes_dag.py","lineno":66}
{"timestamp":"2025-12-19T11:05:53.067945Z","level":"info","event":"Formatting title: The Beekeeper","logger":"root","filename":"new_tropes_dag.py","lineno":66}
{"timestamp":"2025-12-19T11:05:53.067975Z","level":"info","event":"Formatting title: The Beguiled","logger":"root","filename":"new_tropes_dag.py","lineno":66}
{"timestamp":"2025-12-19T11:05:53.067999Z","level":"info","event":"Formatting title: The Beguiled","logger":"root","filename":"new_tropes_dag.py","lineno":66}
{"timestamp":"2025-12-19T11:05:53.068026Z","level":"info","event":"Formatting title: The Bfg","logger":"root","filename":"new_tropes_dag.py","lineno":66}
{"timestamp":"2025-12-19T11:05:53.068051Z","level":"info","event":"Formatting title: The Big Chill","logger":"root","filename":"new_tropes_dag.py","lineno":66}
{"timestamp":"2025-12-19T11:05:53.068075Z","level":"info","event":"Formatting title: The Big Easy","logger":"root","filename":"new_tropes_dag.py","lineno":66}
{"timestamp":"2025-12-19T11:05:53.068105Z","level":"info","event":"Formatting title: The Big Lebowski","logger":"root","filename":"new_tropes_dag.py","lineno":66}
{"timestamp":"2025-12-19T11:05:53.068131Z","level":"info","event":"Formatting title: The Big Short","logger":"root","filename":"new_tropes_dag.py","lineno":66}
{"timestamp":"2025-12-19T11:05:53.068159Z","level":"info","event":"Formatting title: The Big Sick","logger":"root","filename":"new_tropes_dag.py","lineno":66}
{"timestamp":"2025-12-19T11:05:53.068185Z","level":"info","event":"Formatting title: The Birdcage","logger":"root","filename":"new_tropes_dag.py","lineno":66}
{"timestamp":"2025-12-19T11:05:53.068211Z","level":"info","event":"Formatting title: The Birds","logger":"root","filename":"new_tropes_dag.py","lineno":66}
{"timestamp":"2025-12-19T11:05:53.068238Z","level":"info","event":"Formatting title: The Birth Of A Nation","logger":"root","filename":"new_tropes_dag.py","lineno":66}
{"timestamp":"2025-12-19T11:05:53.068263Z","level":"info","event":"Formatting title: The Bling Ring","logger":"root","filename":"new_tropes_dag.py","lineno":66}
{"timestamp":"2025-12-19T11:05:53.068290Z","level":"info","event":"Formatting title: The Blob","logger":"root","filename":"new_tropes_dag.py","lineno":66}
{"timestamp":"2025-12-19T11:05:53.068317Z","level":"info","event":"Formatting title: The Blues Brothers","logger":"root","filename":"new_tropes_dag.py","lineno":66}
{"timestamp":"2025-12-19T11:05:53.068347Z","level":"info","event":"Formatting title: The Bodyguard","logger":"root","filename":"new_tropes_dag.py","lineno":66}
{"timestamp":"2025-12-19T11:05:53.068378Z","level":"info","event":"Formatting title: The Bonfire Of The Vanities","logger":"root","filename":"new_tropes_dag.py","lineno":66}
{"timestamp":"2025-12-19T11:05:53.068408Z","level":"info","event":"Formatting title: The Boondock Saints","logger":"root","filename":"new_tropes_dag.py","lineno":66}
{"timestamp":"2025-12-19T11:05:53.068445Z","level":"info","event":"Formatting title: The Boondock Saints 2 All Saints Day","logger":"root","filename":"new_tropes_dag.py","lineno":66}
{"timestamp":"2025-12-19T11:05:53.068471Z","level":"info","event":"Formatting title: The Boss Baby Family Business","logger":"root","filename":"new_tropes_dag.py","lineno":66}
{"timestamp":"2025-12-19T11:05:53.068503Z","level":"info","event":"Formatting title: The Bourne Identity","logger":"root","filename":"new_tropes_dag.py","lineno":66}
{"timestamp":"2025-12-19T11:05:53.068531Z","level":"info","event":"Formatting title: The Bourne Supremacy","logger":"root","filename":"new_tropes_dag.py","lineno":66}
{"timestamp":"2025-12-19T11:05:53.068557Z","level":"info","event":"Formatting title: The Bourne Ultimatum","logger":"root","filename":"new_tropes_dag.py","lineno":66}
{"timestamp":"2025-12-19T11:05:53.068593Z","level":"info","event":"Formatting title: The Boxtrolls","logger":"root","filename":"new_tropes_dag.py","lineno":66}
{"timestamp":"2025-12-19T11:05:53.068618Z","level":"info","event":"Formatting title: The Boy","logger":"root","filename":"new_tropes_dag.py","lineno":66}
{"timestamp":"2025-12-19T11:05:53.068642Z","level":"info","event":"Formatting title: The Brady Bunch Movie","logger":"root","filename":"new_tropes_dag.py","lineno":66}
{"timestamp":"2025-12-19T11:05:53.068671Z","level":"info","event":"Formatting title: The Breakfast Club","logger":"root","filename":"new_tropes_dag.py","lineno":66}
{"timestamp":"2025-12-19T11:05:53.068703Z","level":"info","event":"Formatting title: The Brothers Bloom","logger":"root","filename":"new_tropes_dag.py","lineno":66}
{"timestamp":"2025-12-19T11:05:53.068730Z","level":"info","event":"Formatting title: The Brutalist","logger":"root","filename":"new_tropes_dag.py","lineno":66}
{"timestamp":"2025-12-19T11:05:53.068759Z","level":"info","event":"Formatting title: The Burbs","logger":"root","filename":"new_tropes_dag.py","lineno":66}
{"timestamp":"2025-12-19T11:05:53.068791Z","level":"info","event":"Formatting title: The Burial","logger":"root","filename":"new_tropes_dag.py","lineno":66}
{"timestamp":"2025-12-19T11:05:53.068828Z","level":"info","event":"Formatting title: The Cabin In The Woods","logger":"root","filename":"new_tropes_dag.py","lineno":66}
{"timestamp":"2025-12-19T11:05:53.068854Z","level":"info","event":"Formatting title: The Card Counter","logger":"root","filename":"new_tropes_dag.py","lineno":66}
{"timestamp":"2025-12-19T11:05:53.068883Z","level":"info","event":"Formatting title: The Children Of The Corn","logger":"root","filename":"new_tropes_dag.py","lineno":66}
{"timestamp":"2025-12-19T11:05:53.068913Z","level":"info","event":"Formatting title: The Civil Dead","logger":"root","filename":"new_tropes_dag.py","lineno":66}
{"timestamp":"2025-12-19T11:05:53.068943Z","level":"info","event":"Formatting title: The Color Purple","logger":"root","filename":"new_tropes_dag.py","lineno":66}
{"timestamp":"2025-12-19T11:05:53.068968Z","level":"info","event":"Formatting title: The Color Purple","logger":"root","filename":"new_tropes_dag.py","lineno":66}
{"timestamp":"2025-12-19T11:05:53.069001Z","level":"info","event":"Formatting title: The Comedian","logger":"root","filename":"new_tropes_dag.py","lineno":66}
{"timestamp":"2025-12-19T11:05:53.069032Z","level":"info","event":"Formatting title: The Conjuring","logger":"root","filename":"new_tropes_dag.py","lineno":66}
{"timestamp":"2025-12-19T11:05:53.069096Z","level":"info","event":"Formatting title: The Conversation","logger":"root","filename":"new_tropes_dag.py","lineno":66}
{"timestamp":"2025-12-19T11:05:53.069153Z","level":"info","event":"Formatting title: The Cotton Club","logger":"root","filename":"new_tropes_dag.py","lineno":66}
{"timestamp":"2025-12-19T11:05:53.069199Z","level":"info","event":"Formatting title: The Craft","logger":"root","filename":"new_tropes_dag.py","lineno":66}
{"timestamp":"2025-12-19T11:05:53.069237Z","level":"info","event":"Formatting title: The Crow","logger":"root","filename":"new_tropes_dag.py","lineno":66}
{"timestamp":"2025-12-19T11:05:53.069266Z","level":"info","event":"Formatting title: The Curious Case Of Benjamin Button","logger":"root","filename":"new_tropes_dag.py","lineno":66}
{"timestamp":"2025-12-19T11:05:53.069297Z","level":"info","event":"Formatting title: The Cutting Edge","logger":"root","filename":"new_tropes_dag.py","lineno":66}
{"timestamp":"2025-12-19T11:05:53.127704Z","level":"info","event":"Formatting title: The Danish Girl","logger":"root","filename":"new_tropes_dag.py","lineno":66}
{"timestamp":"2025-12-19T11:05:53.127809Z","level":"info","event":"Formatting title: The Dark Knight","logger":"root","filename":"new_tropes_dag.py","lineno":66}
{"timestamp":"2025-12-19T11:05:53.127845Z","level":"info","event":"Formatting title: The Dark Knight Rises","logger":"root","filename":"new_tropes_dag.py","lineno":66}
{"timestamp":"2025-12-19T11:05:53.127874Z","level":"info","event":"Formatting title: The Dead Zone","logger":"root","filename":"new_tropes_dag.py","lineno":66}
{"timestamp":"2025-12-19T11:05:53.127901Z","level":"info","event":"Formatting title: The Deer Hunter","logger":"root","filename":"new_tropes_dag.py","lineno":66}
{"timestamp":"2025-12-19T11:05:53.127928Z","level":"info","event":"Formatting title: The Departed","logger":"root","filename":"new_tropes_dag.py","lineno":66}
{"timestamp":"2025-12-19T11:05:53.127955Z","level":"info","event":"Formatting title: The Descendants","logger":"root","filename":"new_tropes_dag.py","lineno":66}
{"timestamp":"2025-12-19T11:05:53.127981Z","level":"info","event":"Formatting title: The Descent","logger":"root","filename":"new_tropes_dag.py","lineno":66}
{"timestamp":"2025-12-19T11:05:53.128006Z","level":"info","event":"Formatting title: The Devil Wears Prada","logger":"root","filename":"new_tropes_dag.py","lineno":66}
{"timestamp":"2025-12-19T11:05:53.128031Z","level":"info","event":"Formatting title: The Devils Advocate","logger":"root","filename":"new_tropes_dag.py","lineno":66}
{"timestamp":"2025-12-19T11:05:53.128057Z","level":"info","event":"Formatting title: The Devils Rejects","logger":"root","filename":"new_tropes_dag.py","lineno":66}
{"timestamp":"2025-12-19T11:05:53.128090Z","level":"info","event":"Formatting title: The Disaster Artist","logger":"root","filename":"new_tropes_dag.py","lineno":66}
{"timestamp":"2025-12-19T11:05:53.128120Z","level":"info","event":"Formatting title: The Double","logger":"root","filename":"new_tropes_dag.py","lineno":66}
{"timestamp":"2025-12-19T11:05:53.128146Z","level":"info","event":"Formatting title: The Driver","logger":"root","filename":"new_tropes_dag.py","lineno":66}
{"timestamp":"2025-12-19T11:05:53.128171Z","level":"info","event":"Formatting title: The Edge Of Seventeen","logger":"root","filename":"new_tropes_dag.py","lineno":66}
{"timestamp":"2025-12-19T11:05:53.128196Z","level":"info","event":"Formatting title: The Electrical Life Of Louis Wain","logger":"root","filename":"new_tropes_dag.py","lineno":66}
{"timestamp":"2025-12-19T11:05:53.128226Z","level":"info","event":"Formatting title: The Entity","logger":"root","filename":"new_tropes_dag.py","lineno":66}
{"timestamp":"2025-12-19T11:05:53.128252Z","level":"info","event":"Formatting title: The Event","logger":"root","filename":"new_tropes_dag.py","lineno":66}
{"timestamp":"2025-12-19T11:05:53.128278Z","level":"info","event":"Formatting title: The Evil Dead","logger":"root","filename":"new_tropes_dag.py","lineno":66}
{"timestamp":"2025-12-19T11:05:53.128303Z","level":"info","event":"Formatting title: The Exorcist","logger":"root","filename":"new_tropes_dag.py","lineno":66}
{"timestamp":"2025-12-19T11:05:53.128327Z","level":"info","event":"Formatting title: The Exorcist 3","logger":"root","filename":"new_tropes_dag.py","lineno":66}
{"timestamp":"2025-12-19T11:05:53.128351Z","level":"info","event":"Formatting title: The Expendables","logger":"root","filename":"new_tropes_dag.py","lineno":66}
{"timestamp":"2025-12-19T11:05:53.128379Z","level":"info","event":"Formatting title: The Fabelmans","logger":"root","filename":"new_tropes_dag.py","lineno":66}
{"timestamp":"2025-12-19T11:05:53.128406Z","level":"info","event":"Formatting title: The Faculty","logger":"root","filename":"new_tropes_dag.py","lineno":66}
{"timestamp":"2025-12-19T11:05:53.128431Z","level":"info","event":"Formatting title: The Farewell","logger":"root","filename":"new_tropes_dag.py","lineno":66}
{"timestamp":"2025-12-19T11:05:53.128464Z","level":"info","event":"Formatting title: The Fast And The Furious","logger":"root","filename":"new_tropes_dag.py","lineno":66}
{"timestamp":"2025-12-19T11:05:53.128497Z","level":"info","event":"Formatting title: The Father","logger":"root","filename":"new_tropes_dag.py","lineno":66}
{"timestamp":"2025-12-19T11:05:53.128528Z","level":"info","event":"Formatting title: The Fault In Our Stars","logger":"root","filename":"new_tropes_dag.py","lineno":66}
{"timestamp":"2025-12-19T11:05:53.128559Z","level":"info","event":"Formatting title: The Favourite","logger":"root","filename":"new_tropes_dag.py","lineno":66}
{"timestamp":"2025-12-19T11:05:53.128616Z","level":"info","event":"Formatting title: The Fifth Element","logger":"root","filename":"new_tropes_dag.py","lineno":66}
{"timestamp":"2025-12-19T11:05:53.128674Z","level":"info","event":"Formatting title: The Firm","logger":"root","filename":"new_tropes_dag.py","lineno":66}
{"timestamp":"2025-12-19T11:05:53.128718Z","level":"info","event":"Formatting title: The Florida Project","logger":"root","filename":"new_tropes_dag.py","lineno":66}
{"timestamp":"2025-12-19T11:05:53.128748Z","level":"info","event":"Formatting title: The Fly","logger":"root","filename":"new_tropes_dag.py","lineno":66}
{"timestamp":"2025-12-19T11:05:53.128782Z","level":"info","event":"Formatting title: The Fly 2","logger":"root","filename":"new_tropes_dag.py","lineno":66}
{"timestamp":"2025-12-19T11:05:53.128826Z","level":"info","event":"Formatting title: The Fog","logger":"root","filename":"new_tropes_dag.py","lineno":66}
{"timestamp":"2025-12-19T11:05:53.128865Z","level":"info","event":"Formatting title: The Founder","logger":"root","filename":"new_tropes_dag.py","lineno":66}
{"timestamp":"2025-12-19T11:05:53.128901Z","level":"info","event":"Formatting title: The Fourth Kind","logger":"root","filename":"new_tropes_dag.py","lineno":66}
{"timestamp":"2025-12-19T11:05:53.128931Z","level":"info","event":"Formatting title: The French Connection","logger":"root","filename":"new_tropes_dag.py","lineno":66}
{"timestamp":"2025-12-19T11:05:53.128957Z","level":"info","event":"Formatting title: The French Dispatch","logger":"root","filename":"new_tropes_dag.py","lineno":66}
{"timestamp":"2025-12-19T11:05:53.128982Z","level":"info","event":"Formatting title: The Frighteners","logger":"root","filename":"new_tropes_dag.py","lineno":66}
{"timestamp":"2025-12-19T11:05:53.129006Z","level":"info","event":"Formatting title: The Front Runner","logger":"root","filename":"new_tropes_dag.py","lineno":66}
{"timestamp":"2025-12-19T11:05:53.129031Z","level":"info","event":"Formatting title: The Gambler","logger":"root","filename":"new_tropes_dag.py","lineno":66}
{"timestamp":"2025-12-19T11:05:53.129057Z","level":"info","event":"Formatting title: The Gentlemen","logger":"root","filename":"new_tropes_dag.py","lineno":66}
{"timestamp":"2025-12-19T11:05:53.129083Z","level":"info","event":"Formatting title: The Girl On The Train","logger":"root","filename":"new_tropes_dag.py","lineno":66}
{"timestamp":"2025-12-19T11:05:53.129108Z","level":"info","event":"Formatting title: The Girl With The Dragon Tattoo","logger":"root","filename":"new_tropes_dag.py","lineno":66}
{"timestamp":"2025-12-19T11:05:53.129133Z","level":"info","event":"Formatting title: The Godfather","logger":"root","filename":"new_tropes_dag.py","lineno":66}
{"timestamp":"2025-12-19T11:05:53.129157Z","level":"info","event":"Formatting title: The Godfather Part 2","logger":"root","filename":"new_tropes_dag.py","lineno":66}
{"timestamp":"2025-12-19T11:05:53.129183Z","level":"info","event":"Formatting title: The Godfather Part 3","logger":"root","filename":"new_tropes_dag.py","lineno":66}
{"timestamp":"2025-12-19T11:05:53.129208Z","level":"info","event":"Formatting title: The Good Dinosaur","logger":"root","filename":"new_tropes_dag.py","lineno":66}
{"timestamp":"2025-12-19T11:05:53.129236Z","level":"info","event":"Formatting title: The Good Nurse","logger":"root","filename":"new_tropes_dag.py","lineno":66}
{"timestamp":"2025-12-19T11:05:53.129261Z","level":"info","event":"Formatting title: The Good Shepherd","logger":"root","filename":"new_tropes_dag.py","lineno":66}
{"timestamp":"2025-12-19T11:05:53.129285Z","level":"info","event":"Formatting title: The Goodbye Girl","logger":"root","filename":"new_tropes_dag.py","lineno":66}
{"timestamp":"2025-12-19T11:05:53.129328Z","level":"info","event":"Formatting title: The Goonies","logger":"root","filename":"new_tropes_dag.py","lineno":66}
{"timestamp":"2025-12-19T11:05:53.129368Z","level":"info","event":"Formatting title: The Graduate","logger":"root","filename":"new_tropes_dag.py","lineno":66}
{"timestamp":"2025-12-19T11:05:53.129398Z","level":"info","event":"Formatting title: The Grand Budapest Hotel","logger":"root","filename":"new_tropes_dag.py","lineno":66}
{"timestamp":"2025-12-19T11:05:53.129427Z","level":"info","event":"Formatting title: The Great Escape","logger":"root","filename":"new_tropes_dag.py","lineno":66}
{"timestamp":"2025-12-19T11:05:53.129454Z","level":"info","event":"Formatting title: The Great Muppet Caper","logger":"root","filename":"new_tropes_dag.py","lineno":66}
{"timestamp":"2025-12-19T11:05:53.129486Z","level":"info","event":"Formatting title: The Greatest Showman","logger":"root","filename":"new_tropes_dag.py","lineno":66}
{"timestamp":"2025-12-19T11:05:53.129515Z","level":"info","event":"Formatting title: The Grudge","logger":"root","filename":"new_tropes_dag.py","lineno":66}
{"timestamp":"2025-12-19T11:05:53.129565Z","level":"info","event":"Formatting title: The Grudge","logger":"root","filename":"new_tropes_dag.py","lineno":66}
{"timestamp":"2025-12-19T11:05:53.129597Z","level":"info","event":"Formatting title: The Guest","logger":"root","filename":"new_tropes_dag.py","lineno":66}
{"timestamp":"2025-12-19T11:05:53.129629Z","level":"info","event":"Formatting title: The Hand Of God","logger":"root","filename":"new_tropes_dag.py","lineno":66}
{"timestamp":"2025-12-19T11:05:53.129658Z","level":"info","event":"Formatting title: The Hangover","logger":"root","filename":"new_tropes_dag.py","lineno":66}
{"timestamp":"2025-12-19T11:05:53.129684Z","level":"info","event":"Formatting title: The Happy Prince","logger":"root","filename":"new_tropes_dag.py","lineno":66}
{"timestamp":"2025-12-19T11:05:53.129712Z","level":"info","event":"Formatting title: The Harder They Fall","logger":"root","filename":"new_tropes_dag.py","lineno":66}
{"timestamp":"2025-12-19T11:05:53.129739Z","level":"info","event":"Formatting title: The Hate You Give","logger":"root","filename":"new_tropes_dag.py","lineno":66}
{"timestamp":"2025-12-19T11:05:53.129769Z","level":"info","event":"Formatting title: The Hateful Eight","logger":"root","filename":"new_tropes_dag.py","lineno":66}
{"timestamp":"2025-12-19T11:05:53.129801Z","level":"info","event":"Formatting title: The Haunted Mansion","logger":"root","filename":"new_tropes_dag.py","lineno":66}
{"timestamp":"2025-12-19T11:05:53.129827Z","level":"info","event":"Formatting title: The Help","logger":"root","filename":"new_tropes_dag.py","lineno":66}
{"timestamp":"2025-12-19T11:05:53.129855Z","level":"info","event":"Formatting title: The Hills Have Eyes","logger":"root","filename":"new_tropes_dag.py","lineno":66}
{"timestamp":"2025-12-19T11:05:53.129879Z","level":"info","event":"Formatting title: The Hitcher","logger":"root","filename":"new_tropes_dag.py","lineno":66}
{"timestamp":"2025-12-19T11:05:53.129904Z","level":"info","event":"Formatting title: The Hitchhikers Guide To The Galaxy","logger":"root","filename":"new_tropes_dag.py","lineno":66}
{"timestamp":"2025-12-19T11:05:53.129929Z","level":"info","event":"Formatting title: The Hitmans Bodyguard","logger":"root","filename":"new_tropes_dag.py","lineno":66}
{"timestamp":"2025-12-19T11:05:53.129953Z","level":"info","event":"Formatting title: The Hobbit An Unexpected Journey","logger":"root","filename":"new_tropes_dag.py","lineno":66}
{"timestamp":"2025-12-19T11:05:53.129978Z","level":"info","event":"Formatting title: The Hobbit The Desolation Of Smaug","logger":"root","filename":"new_tropes_dag.py","lineno":66}
{"timestamp":"2025-12-19T11:05:53.130002Z","level":"info","event":"Formatting title: The Holdovers","logger":"root","filename":"new_tropes_dag.py","lineno":66}
{"timestamp":"2025-12-19T11:05:53.130025Z","level":"info","event":"Formatting title: The Hole","logger":"root","filename":"new_tropes_dag.py","lineno":66}
{"timestamp":"2025-12-19T11:05:53.130049Z","level":"info","event":"Formatting title: The Holiday","logger":"root","filename":"new_tropes_dag.py","lineno":66}
{"timestamp":"2025-12-19T11:05:53.130073Z","level":"info","event":"Formatting title: The Hollars","logger":"root","filename":"new_tropes_dag.py","lineno":66}
{"timestamp":"2025-12-19T11:05:53.130097Z","level":"info","event":"Formatting title: The Hours","logger":"root","filename":"new_tropes_dag.py","lineno":66}
{"timestamp":"2025-12-19T11:05:53.130121Z","level":"info","event":"Formatting title: The Howling","logger":"root","filename":"new_tropes_dag.py","lineno":66}
{"timestamp":"2025-12-19T11:05:53.130146Z","level":"info","event":"Formatting title: The Humans","logger":"root","filename":"new_tropes_dag.py","lineno":66}
{"timestamp":"2025-12-19T11:05:53.130169Z","level":"info","event":"Formatting title: The Hummingbird Project","logger":"root","filename":"new_tropes_dag.py","lineno":66}
{"timestamp":"2025-12-19T11:05:53.130193Z","level":"info","event":"Formatting title: The Hunger Games","logger":"root","filename":"new_tropes_dag.py","lineno":66}
{"timestamp":"2025-12-19T11:05:53.130216Z","level":"info","event":"Formatting title: The Hunger Games Catching Fire","logger":"root","filename":"new_tropes_dag.py","lineno":66}
{"timestamp":"2025-12-19T11:05:53.130240Z","level":"info","event":"Formatting title: The Hurt Locker","logger":"root","filename":"new_tropes_dag.py","lineno":66}
{"timestamp":"2025-12-19T11:05:53.130263Z","level":"info","event":"Formatting title: The Hustler","logger":"root","filename":"new_tropes_dag.py","lineno":66}
{"timestamp":"2025-12-19T11:05:53.130287Z","level":"info","event":"Formatting title: The Imaginarium Of Doctor Parnassus","logger":"root","filename":"new_tropes_dag.py","lineno":66}
{"timestamp":"2025-12-19T11:05:53.130310Z","level":"info","event":"Formatting title: The Imitation Game","logger":"root","filename":"new_tropes_dag.py","lineno":66}
{"timestamp":"2025-12-19T11:05:53.130333Z","level":"info","event":"Formatting title: The Incredible Burt Wonderstone","logger":"root","filename":"new_tropes_dag.py","lineno":66}
{"timestamp":"2025-12-19T11:05:53.130357Z","level":"info","event":"Formatting title: The Incredible Hulk","logger":"root","filename":"new_tropes_dag.py","lineno":66}
{"timestamp":"2025-12-19T11:05:53.130381Z","level":"info","event":"Formatting title: The Incredibles","logger":"root","filename":"new_tropes_dag.py","lineno":66}
{"timestamp":"2025-12-19T11:05:53.130406Z","level":"info","event":"Formatting title: The Informant","logger":"root","filename":"new_tropes_dag.py","lineno":66}
{"timestamp":"2025-12-19T11:05:53.130429Z","level":"info","event":"Formatting title: The Internship","logger":"root","filename":"new_tropes_dag.py","lineno":66}
{"timestamp":"2025-12-19T11:05:53.130452Z","level":"info","event":"Formatting title: The Interpreter","logger":"root","filename":"new_tropes_dag.py","lineno":66}
{"timestamp":"2025-12-19T11:05:53.130475Z","level":"info","event":"Formatting title: The Interview","logger":"root","filename":"new_tropes_dag.py","lineno":66}
{"timestamp":"2025-12-19T11:05:53.130499Z","level":"info","event":"Formatting title: The Invisible Woman","logger":"root","filename":"new_tropes_dag.py","lineno":66}
{"timestamp":"2025-12-19T11:05:53.130522Z","level":"info","event":"Formatting title: The Invitation","logger":"root","filename":"new_tropes_dag.py","lineno":66}
{"timestamp":"2025-12-19T11:05:53.130545Z","level":"info","event":"Formatting title: The Irishman","logger":"root","filename":"new_tropes_dag.py","lineno":66}
{"timestamp":"2025-12-19T11:05:53.130568Z","level":"info","event":"Formatting title: The Iron Claw","logger":"root","filename":"new_tropes_dag.py","lineno":66}
{"timestamp":"2025-12-19T11:05:53.130592Z","level":"info","event":"Formatting title: The Iron Giant","logger":"root","filename":"new_tropes_dag.py","lineno":66}
{"timestamp":"2025-12-19T11:05:53.130615Z","level":"info","event":"Formatting title: The Island Of Dr Moreau","logger":"root","filename":"new_tropes_dag.py","lineno":66}
{"timestamp":"2025-12-19T11:05:53.130640Z","level":"info","event":"Formatting title: The Jerk","logger":"root","filename":"new_tropes_dag.py","lineno":66}
{"timestamp":"2025-12-19T11:05:53.130663Z","level":"info","event":"Formatting title: The Jewel Of The Nile","logger":"root","filename":"new_tropes_dag.py","lineno":66}
{"timestamp":"2025-12-19T11:05:53.130686Z","level":"info","event":"Formatting title: The Karate Kid Part 2","logger":"root","filename":"new_tropes_dag.py","lineno":66}
{"timestamp":"2025-12-19T11:05:53.130709Z","level":"info","event":"Formatting title: The Karate Kid Part 3","logger":"root","filename":"new_tropes_dag.py","lineno":66}
{"timestamp":"2025-12-19T11:05:53.130732Z","level":"info","event":"Formatting title: The Kids Are All Right","logger":"root","filename":"new_tropes_dag.py","lineno":66}
{"timestamp":"2025-12-19T11:05:53.130755Z","level":"info","event":"Formatting title: The Killer","logger":"root","filename":"new_tropes_dag.py","lineno":66}
{"timestamp":"2025-12-19T11:05:53.130780Z","level":"info","event":"Formatting title: The Killing Of A Sacred Deer","logger":"root","filename":"new_tropes_dag.py","lineno":66}
{"timestamp":"2025-12-19T11:05:53.130804Z","level":"info","event":"Formatting title: The King","logger":"root","filename":"new_tropes_dag.py","lineno":66}
{"timestamp":"2025-12-19T11:05:53.130828Z","level":"info","event":"Formatting title: The King Of Comedy","logger":"root","filename":"new_tropes_dag.py","lineno":66}
{"timestamp":"2025-12-19T11:05:53.130851Z","level":"info","event":"Formatting title: The Kings Speech","logger":"root","filename":"new_tropes_dag.py","lineno":66}
{"timestamp":"2025-12-19T11:05:53.130877Z","level":"info","event":"Formatting title: The Last Boy Scout","logger":"root","filename":"new_tropes_dag.py","lineno":66}
{"timestamp":"2025-12-19T11:05:53.130901Z","level":"info","event":"Formatting title: The Last Castle","logger":"root","filename":"new_tropes_dag.py","lineno":66}
{"timestamp":"2025-12-19T11:05:53.130925Z","level":"info","event":"Formatting title: The Last Picture Show","logger":"root","filename":"new_tropes_dag.py","lineno":66}
{"timestamp":"2025-12-19T11:05:53.130950Z","level":"info","event":"Formatting title: The Last Station","logger":"root","filename":"new_tropes_dag.py","lineno":66}
{"timestamp":"2025-12-19T11:05:53.130974Z","level":"info","event":"Formatting title: The Last Temptation Of Christ","logger":"root","filename":"new_tropes_dag.py","lineno":66}
{"timestamp":"2025-12-19T11:05:53.130999Z","level":"info","event":"Formatting title: The Legend Of Zorro","logger":"root","filename":"new_tropes_dag.py","lineno":66}
{"timestamp":"2025-12-19T11:05:53.131024Z","level":"info","event":"Formatting title: The Lego Movie","logger":"root","filename":"new_tropes_dag.py","lineno":66}
{"timestamp":"2025-12-19T11:05:53.131047Z","level":"info","event":"Formatting title: The Lighthouse","logger":"root","filename":"new_tropes_dag.py","lineno":66}
{"timestamp":"2025-12-19T11:05:53.131071Z","level":"info","event":"Formatting title: The Lincoln Lawyer","logger":"root","filename":"new_tropes_dag.py","lineno":66}
{"timestamp":"2025-12-19T11:05:53.131095Z","level":"info","event":"Formatting title: The Lion In Winter","logger":"root","filename":"new_tropes_dag.py","lineno":66}
{"timestamp":"2025-12-19T11:05:53.131119Z","level":"info","event":"Formatting title: The Lion King","logger":"root","filename":"new_tropes_dag.py","lineno":66}
{"timestamp":"2025-12-19T11:05:53.131142Z","level":"info","event":"Formatting title: The Little Mermaid","logger":"root","filename":"new_tropes_dag.py","lineno":66}
{"timestamp":"2025-12-19T11:05:53.131167Z","level":"info","event":"Formatting title: The Living Daylights","logger":"root","filename":"new_tropes_dag.py","lineno":66}
{"timestamp":"2025-12-19T11:05:53.131191Z","level":"info","event":"Formatting title: The Lobster","logger":"root","filename":"new_tropes_dag.py","lineno":66}
{"timestamp":"2025-12-19T11:05:53.131215Z","level":"info","event":"Formatting title: The Lone Ranger","logger":"root","filename":"new_tropes_dag.py","lineno":66}
{"timestamp":"2025-12-19T11:05:53.131240Z","level":"info","event":"Formatting title: The Long Goodbye","logger":"root","filename":"new_tropes_dag.py","lineno":66}
{"timestamp":"2025-12-19T11:05:53.131264Z","level":"info","event":"Formatting title: The Long Kiss Goodnight","logger":"root","filename":"new_tropes_dag.py","lineno":66}
{"timestamp":"2025-12-19T11:05:53.131287Z","level":"info","event":"Formatting title: The Lorax","logger":"root","filename":"new_tropes_dag.py","lineno":66}
{"timestamp":"2025-12-19T11:05:53.131331Z","level":"info","event":"Formatting title: The Lord Of The Rings The Fellowship Of The Ring","logger":"root","filename":"new_tropes_dag.py","lineno":66}
{"timestamp":"2025-12-19T11:05:53.131418Z","level":"info","event":"Formatting title: The Lord Of The Rings The Return Of The King","logger":"root","filename":"new_tropes_dag.py","lineno":66}
{"timestamp":"2025-12-19T11:05:53.131457Z","level":"info","event":"Formatting title: The Lord Of The Rings The Two Towers","logger":"root","filename":"new_tropes_dag.py","lineno":66}
{"timestamp":"2025-12-19T11:05:53.131486Z","level":"info","event":"Formatting title: The Lost Boys","logger":"root","filename":"new_tropes_dag.py","lineno":66}
{"timestamp":"2025-12-19T11:05:53.131513Z","level":"info","event":"Formatting title: The Lost City Of Z","logger":"root","filename":"new_tropes_dag.py","lineno":66}
{"timestamp":"2025-12-19T11:05:53.131540Z","level":"info","event":"Formatting title: The Lost Daughter","logger":"root","filename":"new_tropes_dag.py","lineno":66}
{"timestamp":"2025-12-19T11:05:53.131566Z","level":"info","event":"Formatting title: The Lost Weekend","logger":"root","filename":"new_tropes_dag.py","lineno":66}
{"timestamp":"2025-12-19T11:05:53.131593Z","level":"info","event":"Formatting title: The Lost World Jurassic Park","logger":"root","filename":"new_tropes_dag.py","lineno":66}
{"timestamp":"2025-12-19T11:05:53.131620Z","level":"info","event":"Formatting title: The Lunchbox","logger":"root","filename":"new_tropes_dag.py","lineno":66}
{"timestamp":"2025-12-19T11:05:53.131645Z","level":"info","event":"Formatting title: The Majestic","logger":"root","filename":"new_tropes_dag.py","lineno":66}
{"timestamp":"2025-12-19T11:05:53.131669Z","level":"info","event":"Formatting title: The Maltese Falcon","logger":"root","filename":"new_tropes_dag.py","lineno":66}
{"timestamp":"2025-12-19T11:05:53.131693Z","level":"info","event":"Formatting title: The Man From Uncle","logger":"root","filename":"new_tropes_dag.py","lineno":66}
{"timestamp":"2025-12-19T11:05:53.131718Z","level":"info","event":"Formatting title: The Man Who Invented Christmas","logger":"root","filename":"new_tropes_dag.py","lineno":66}
{"timestamp":"2025-12-19T11:05:53.131742Z","level":"info","event":"Formatting title: The Manchurian Candidate","logger":"root","filename":"new_tropes_dag.py","lineno":66}
{"timestamp":"2025-12-19T11:05:53.131770Z","level":"info","event":"Formatting title: The Martian","logger":"root","filename":"new_tropes_dag.py","lineno":66}
{"timestamp":"2025-12-19T11:05:53.131798Z","level":"info","event":"Formatting title: The Mask","logger":"root","filename":"new_tropes_dag.py","lineno":66}
{"timestamp":"2025-12-19T11:05:53.131823Z","level":"info","event":"Formatting title: The Mask Of Zorro","logger":"root","filename":"new_tropes_dag.py","lineno":66}
{"timestamp":"2025-12-19T11:05:53.131848Z","level":"info","event":"Formatting title: The Master","logger":"root","filename":"new_tropes_dag.py","lineno":66}
{"timestamp":"2025-12-19T11:05:53.131873Z","level":"info","event":"Formatting title: The Matador","logger":"root","filename":"new_tropes_dag.py","lineno":66}
{"timestamp":"2025-12-19T11:05:53.131897Z","level":"info","event":"Formatting title: The Matrix","logger":"root","filename":"new_tropes_dag.py","lineno":66}
{"timestamp":"2025-12-19T11:05:53.131921Z","level":"info","event":"Formatting title: The Matrix Reloaded","logger":"root","filename":"new_tropes_dag.py","lineno":66}
{"timestamp":"2025-12-19T11:05:53.131945Z","level":"info","event":"Formatting title: The Matrix Revolutions","logger":"root","filename":"new_tropes_dag.py","lineno":66}
{"timestamp":"2025-12-19T11:05:53.131969Z","level":"info","event":"Formatting title: The Maze Runner","logger":"root","filename":"new_tropes_dag.py","lineno":66}
{"timestamp":"2025-12-19T11:05:53.131993Z","level":"info","event":"Formatting title: The Meddler","logger":"root","filename":"new_tropes_dag.py","lineno":66}
{"timestamp":"2025-12-19T11:05:53.132016Z","level":"info","event":"Formatting title: The Meg","logger":"root","filename":"new_tropes_dag.py","lineno":66}
{"timestamp":"2025-12-19T11:05:53.132038Z","level":"info","event":"Formatting title: The Men Who Stare At Goats","logger":"root","filename":"new_tropes_dag.py","lineno":66}
{"timestamp":"2025-12-19T11:05:53.132062Z","level":"info","event":"Formatting title: The Menu","logger":"root","filename":"new_tropes_dag.py","lineno":66}
{"timestamp":"2025-12-19T11:05:53.132091Z","level":"info","event":"Formatting title: The Midnight Sky","logger":"root","filename":"new_tropes_dag.py","lineno":66}
{"timestamp":"2025-12-19T11:05:53.132115Z","level":"info","event":"Formatting title: The Mighty Ducks","logger":"root","filename":"new_tropes_dag.py","lineno":66}
{"timestamp":"2025-12-19T11:05:53.132138Z","level":"info","event":"Formatting title: The Miracle Club","logger":"root","filename":"new_tropes_dag.py","lineno":66}
{"timestamp":"2025-12-19T11:05:53.132161Z","level":"info","event":"Formatting title: The Mitchells Vs The Machines","logger":"root","filename":"new_tropes_dag.py","lineno":66}
{"timestamp":"2025-12-19T11:05:53.132185Z","level":"info","event":"Formatting title: The Mother","logger":"root","filename":"new_tropes_dag.py","lineno":66}
{"timestamp":"2025-12-19T11:05:53.132209Z","level":"info","event":"Formatting title: The Mummy","logger":"root","filename":"new_tropes_dag.py","lineno":66}
{"timestamp":"2025-12-19T11:05:53.132233Z","level":"info","event":"Formatting title: The Mummy","logger":"root","filename":"new_tropes_dag.py","lineno":66}
{"timestamp":"2025-12-19T11:05:53.132261Z","level":"info","event":"Formatting title: The Mummy Returns","logger":"root","filename":"new_tropes_dag.py","lineno":66}
{"timestamp":"2025-12-19T11:05:53.132286Z","level":"info","event":"Formatting title: The Mummy Tomb Of The Dragon Emperor","logger":"root","filename":"new_tropes_dag.py","lineno":66}
{"timestamp":"2025-12-19T11:05:53.132309Z","level":"info","event":"Formatting title: The Naked Gun 2½ The Smell Of Fear","logger":"root","filename":"new_tropes_dag.py","lineno":66}
{"timestamp":"2025-12-19T11:05:53.132335Z","level":"info","event":"Formatting title: The Naked Gun From The Files Of Police Squad","logger":"root","filename":"new_tropes_dag.py","lineno":66}
{"timestamp":"2025-12-19T11:05:53.132360Z","level":"info","event":"Formatting title: The Neon Demon","logger":"root","filename":"new_tropes_dag.py","lineno":66}
{"timestamp":"2025-12-19T11:05:53.132384Z","level":"info","event":"Formatting title: The Nice Guys","logger":"root","filename":"new_tropes_dag.py","lineno":66}
{"timestamp":"2025-12-19T11:05:53.132407Z","level":"info","event":"Formatting title: The Night House","logger":"root","filename":"new_tropes_dag.py","lineno":66}
{"timestamp":"2025-12-19T11:05:53.132430Z","level":"info","event":"Formatting title: The Nightmare Before Christmas","logger":"root","filename":"new_tropes_dag.py","lineno":66}
{"timestamp":"2025-12-19T11:05:53.132456Z","level":"info","event":"Formatting title: The Nines","logger":"root","filename":"new_tropes_dag.py","lineno":66}
{"timestamp":"2025-12-19T11:05:53.132479Z","level":"info","event":"Formatting title: The Northman","logger":"root","filename":"new_tropes_dag.py","lineno":66}
{"timestamp":"2025-12-19T11:05:53.132504Z","level":"info","event":"Formatting title: The Nun","logger":"root","filename":"new_tropes_dag.py","lineno":66}
{"timestamp":"2025-12-19T11:05:53.132528Z","level":"info","event":"Formatting title: The Nutty Professor","logger":"root","filename":"new_tropes_dag.py","lineno":66}
{"timestamp":"2025-12-19T11:05:53.132551Z","level":"info","event":"Formatting title: The Old Man And The Gun","logger":"root","filename":"new_tropes_dag.py","lineno":66}
{"timestamp":"2025-12-19T11:05:53.132575Z","level":"info","event":"Formatting title: The Omen","logger":"root","filename":"new_tropes_dag.py","lineno":66}
{"timestamp":"2025-12-19T11:05:53.132598Z","level":"info","event":"Formatting title: The Other Guys","logger":"root","filename":"new_tropes_dag.py","lineno":66}
{"timestamp":"2025-12-19T11:05:53.132622Z","level":"info","event":"Formatting title: The Other Side Of The Wind","logger":"root","filename":"new_tropes_dag.py","lineno":66}
{"timestamp":"2025-12-19T11:05:53.132645Z","level":"info","event":"Formatting title: The Others","logger":"root","filename":"new_tropes_dag.py","lineno":66}
{"timestamp":"2025-12-19T11:05:53.132669Z","level":"info","event":"Formatting title: The Outrun","logger":"root","filename":"new_tropes_dag.py","lineno":66}
{"timestamp":"2025-12-19T11:05:53.132693Z","level":"info","event":"Formatting title: The Outsiders","logger":"root","filename":"new_tropes_dag.py","lineno":66}
{"timestamp":"2025-12-19T11:05:53.132717Z","level":"info","event":"Formatting title: The Passion Of The Christ","logger":"root","filename":"new_tropes_dag.py","lineno":66}
{"timestamp":"2025-12-19T11:05:53.132741Z","level":"info","event":"Formatting title: The Peanut Butter Falcon","logger":"root","filename":"new_tropes_dag.py","lineno":66}
{"timestamp":"2025-12-19T11:05:53.132766Z","level":"info","event":"Formatting title: The Pelican Brief","logger":"root","filename":"new_tropes_dag.py","lineno":66}
{"timestamp":"2025-12-19T11:05:53.132790Z","level":"info","event":"Formatting title: The Perfect Storm","logger":"root","filename":"new_tropes_dag.py","lineno":66}
{"timestamp":"2025-12-19T11:05:53.132814Z","level":"info","event":"Formatting title: The Perks Of Being A Wallflower","logger":"root","filename":"new_tropes_dag.py","lineno":66}
{"timestamp":"2025-12-19T11:05:53.132838Z","level":"info","event":"Formatting title: The Persian Version","logger":"root","filename":"new_tropes_dag.py","lineno":66}
{"timestamp":"2025-12-19T11:05:53.132861Z","level":"info","event":"Formatting title: The Phantom","logger":"root","filename":"new_tropes_dag.py","lineno":66}
{"timestamp":"2025-12-19T11:05:53.132884Z","level":"info","event":"Formatting title: The Place Beyond The Pines","logger":"root","filename":"new_tropes_dag.py","lineno":66}
{"timestamp":"2025-12-19T11:05:53.132907Z","level":"info","event":"Formatting title: The Player","logger":"root","filename":"new_tropes_dag.py","lineno":66}
{"timestamp":"2025-12-19T11:05:53.132931Z","level":"info","event":"Formatting title: The Poseidon Adventure","logger":"root","filename":"new_tropes_dag.py","lineno":66}
{"timestamp":"2025-12-19T11:05:53.132954Z","level":"info","event":"Formatting title: The Post","logger":"root","filename":"new_tropes_dag.py","lineno":66}
{"timestamp":"2025-12-19T11:05:53.132978Z","level":"info","event":"Formatting title: The Power Of The Dog","logger":"root","filename":"new_tropes_dag.py","lineno":66}
{"timestamp":"2025-12-19T11:05:53.133002Z","level":"info","event":"Formatting title: The Predator","logger":"root","filename":"new_tropes_dag.py","lineno":66}
{"timestamp":"2025-12-19T11:05:53.133033Z","level":"info","event":"Formatting title: The Prestige","logger":"root","filename":"new_tropes_dag.py","lineno":66}
{"timestamp":"2025-12-19T11:05:53.133056Z","level":"info","event":"Formatting title: The Princess Bride","logger":"root","filename":"new_tropes_dag.py","lineno":66}
{"timestamp":"2025-12-19T11:05:53.133108Z","level":"info","event":"Formatting title: The Proposal","logger":"root","filename":"new_tropes_dag.py","lineno":66}
{"timestamp":"2025-12-19T11:05:53.133138Z","level":"info","event":"Formatting title: The Purge","logger":"root","filename":"new_tropes_dag.py","lineno":66}
{"timestamp":"2025-12-19T11:05:53.133166Z","level":"info","event":"Formatting title: The Pursuit Of Happyness","logger":"root","filename":"new_tropes_dag.py","lineno":66}
{"timestamp":"2025-12-19T11:05:53.133191Z","level":"info","event":"Formatting title: The Rage Carrie 2","logger":"root","filename":"new_tropes_dag.py","lineno":66}
{"timestamp":"2025-12-19T11:05:53.133218Z","level":"info","event":"Formatting title: The Red Turtle","logger":"root","filename":"new_tropes_dag.py","lineno":66}
{"timestamp":"2025-12-19T11:05:53.133243Z","level":"info","event":"Formatting title: The Revenant","logger":"root","filename":"new_tropes_dag.py","lineno":66}
{"timestamp":"2025-12-19T11:05:53.133269Z","level":"info","event":"Formatting title: The Rider","logger":"root","filename":"new_tropes_dag.py","lineno":66}
{"timestamp":"2025-12-19T11:05:53.133294Z","level":"info","event":"Formatting title: The Ring","logger":"root","filename":"new_tropes_dag.py","lineno":66}
{"timestamp":"2025-12-19T11:05:53.133318Z","level":"info","event":"Formatting title: The Road Warrior","logger":"root","filename":"new_tropes_dag.py","lineno":66}
{"timestamp":"2025-12-19T11:05:53.133342Z","level":"info","event":"Formatting title: The Rock","logger":"root","filename":"new_tropes_dag.py","lineno":66}
{"timestamp":"2025-12-19T11:05:53.133366Z","level":"info","event":"Formatting title: The Rocketeer","logger":"root","filename":"new_tropes_dag.py","lineno":66}
{"timestamp":"2025-12-19T11:05:53.133391Z","level":"info","event":"Formatting title: The Rocky Horror Picture Show","logger":"root","filename":"new_tropes_dag.py","lineno":66}
{"timestamp":"2025-12-19T11:05:53.133416Z","level":"info","event":"Formatting title: The Rookie","logger":"root","filename":"new_tropes_dag.py","lineno":66}
{"timestamp":"2025-12-19T11:05:53.133441Z","level":"info","event":"Formatting title: The Room Next Door","logger":"root","filename":"new_tropes_dag.py","lineno":66}
{"timestamp":"2025-12-19T11:05:53.133465Z","level":"info","event":"Formatting title: The Rover","logger":"root","filename":"new_tropes_dag.py","lineno":66}
{"timestamp":"2025-12-19T11:05:53.133488Z","level":"info","event":"Formatting title: The Royal Tenenbaums","logger":"root","filename":"new_tropes_dag.py","lineno":66}
{"timestamp":"2025-12-19T11:05:53.133514Z","level":"info","event":"Formatting title: The Rum Diary","logger":"root","filename":"new_tropes_dag.py","lineno":66}
{"timestamp":"2025-12-19T11:05:53.133540Z","level":"info","event":"Formatting title: The Sandlot","logger":"root","filename":"new_tropes_dag.py","lineno":66}
{"timestamp":"2025-12-19T11:05:53.133564Z","level":"info","event":"Formatting title: The Santa Clause","logger":"root","filename":"new_tropes_dag.py","lineno":66}
{"timestamp":"2025-12-19T11:05:53.133587Z","level":"info","event":"Formatting title: The Savages","logger":"root","filename":"new_tropes_dag.py","lineno":66}
{"timestamp":"2025-12-19T11:05:53.133610Z","level":"info","event":"Formatting title: The Searchers","logger":"root","filename":"new_tropes_dag.py","lineno":66}
{"timestamp":"2025-12-19T11:05:53.133634Z","level":"info","event":"Formatting title: The Secret Life Of Pets","logger":"root","filename":"new_tropes_dag.py","lineno":66}
{"timestamp":"2025-12-19T11:05:53.133657Z","level":"info","event":"Formatting title: The Secret Life Of Walter Mitty","logger":"root","filename":"new_tropes_dag.py","lineno":66}
{"timestamp":"2025-12-19T11:05:53.133682Z","level":"info","event":"Formatting title: The Sessions","logger":"root","filename":"new_tropes_dag.py","lineno":66}
{"timestamp":"2025-12-19T11:05:53.133706Z","level":"info","event":"Formatting title: The Shape Of Water","logger":"root","filename":"new_tropes_dag.py","lineno":66}
{"timestamp":"2025-12-19T11:05:53.133731Z","level":"info","event":"Formatting title: The Shawshank Redemption","logger":"root","filename":"new_tropes_dag.py","lineno":66}
{"timestamp":"2025-12-19T11:05:53.133756Z","level":"info","event":"Formatting title: The Shining","logger":"root","filename":"new_tropes_dag.py","lineno":66}
{"timestamp":"2025-12-19T11:05:53.133779Z","level":"info","event":"Formatting title: The Silence Of The Lambs","logger":"root","filename":"new_tropes_dag.py","lineno":66}
{"timestamp":"2025-12-19T11:05:53.196494Z","level":"info","event":"Formatting title: The Sisters Brothers","logger":"root","filename":"new_tropes_dag.py","lineno":66}
{"timestamp":"2025-12-19T11:05:53.196602Z","level":"info","event":"Formatting title: The Sixth Sense","logger":"root","filename":"new_tropes_dag.py","lineno":66}
{"timestamp":"2025-12-19T11:05:53.196643Z","level":"info","event":"Formatting title: The Skeleton Key","logger":"root","filename":"new_tropes_dag.py","lineno":66}
{"timestamp":"2025-12-19T11:05:53.196673Z","level":"info","event":"Formatting title: The Social Network","logger":"root","filename":"new_tropes_dag.py","lineno":66}
{"timestamp":"2025-12-19T11:05:53.196701Z","level":"info","event":"Formatting title: The Son","logger":"root","filename":"new_tropes_dag.py","lineno":66}
{"timestamp":"2025-12-19T11:05:53.196728Z","level":"info","event":"Formatting title: The Song Of Names","logger":"root","filename":"new_tropes_dag.py","lineno":66}
{"timestamp":"2025-12-19T11:05:53.196769Z","level":"info","event":"Formatting title: The Spy Who Dumped Me","logger":"root","filename":"new_tropes_dag.py","lineno":66}
{"timestamp":"2025-12-19T11:05:53.196796Z","level":"info","event":"Formatting title: The Spy Who Loved Me","logger":"root","filename":"new_tropes_dag.py","lineno":66}
{"timestamp":"2025-12-19T11:05:53.196822Z","level":"info","event":"Formatting title: The Squid And The Whale","logger":"root","filename":"new_tropes_dag.py","lineno":66}
{"timestamp":"2025-12-19T11:05:53.196847Z","level":"info","event":"Formatting title: The Star Wars Holiday Special","logger":"root","filename":"new_tropes_dag.py","lineno":66}
{"timestamp":"2025-12-19T11:05:53.196875Z","level":"info","event":"Formatting title: The Sting","logger":"root","filename":"new_tropes_dag.py","lineno":66}
{"timestamp":"2025-12-19T11:05:53.196900Z","level":"info","event":"Formatting title: The Substance","logger":"root","filename":"new_tropes_dag.py","lineno":66}
{"timestamp":"2025-12-19T11:05:53.196924Z","level":"info","event":"Formatting title: The Sun Is Also A Star","logger":"root","filename":"new_tropes_dag.py","lineno":66}
{"timestamp":"2025-12-19T11:05:53.196949Z","level":"info","event":"Formatting title: The Super","logger":"root","filename":"new_tropes_dag.py","lineno":66}
{"timestamp":"2025-12-19T11:05:53.196974Z","level":"info","event":"Formatting title: The Talented Mr Ripley","logger":"root","filename":"new_tropes_dag.py","lineno":66}
{"timestamp":"2025-12-19T11:05:53.196997Z","level":"info","event":"Formatting title: The Teachers Lounge","logger":"root","filename":"new_tropes_dag.py","lineno":66}
{"timestamp":"2025-12-19T11:05:53.197022Z","level":"info","event":"Formatting title: The Tender Bar","logger":"root","filename":"new_tropes_dag.py","lineno":66}
{"timestamp":"2025-12-19T11:05:53.197048Z","level":"info","event":"Formatting title: The Terminator","logger":"root","filename":"new_tropes_dag.py","lineno":66}
{"timestamp":"2025-12-19T11:05:53.197073Z","level":"info","event":"Formatting title: The Texas Chain Saw Massacre","logger":"root","filename":"new_tropes_dag.py","lineno":66}
{"timestamp":"2025-12-19T11:05:53.197099Z","level":"info","event":"Formatting title: The Theory Of Everything","logger":"root","filename":"new_tropes_dag.py","lineno":66}
{"timestamp":"2025-12-19T11:05:53.197124Z","level":"info","event":"Formatting title: The Thin Red Line","logger":"root","filename":"new_tropes_dag.py","lineno":66}
{"timestamp":"2025-12-19T11:05:53.197149Z","level":"info","event":"Formatting title: The Thing","logger":"root","filename":"new_tropes_dag.py","lineno":66}
{"timestamp":"2025-12-19T11:05:53.197173Z","level":"info","event":"Formatting title: The Third Man","logger":"root","filename":"new_tropes_dag.py","lineno":66}
{"timestamp":"2025-12-19T11:05:53.197197Z","level":"info","event":"Formatting title: The Thomas Crown Affair","logger":"root","filename":"new_tropes_dag.py","lineno":66}
{"timestamp":"2025-12-19T11:05:53.197221Z","level":"info","event":"Formatting title: The Tomorrow War","logger":"root","filename":"new_tropes_dag.py","lineno":66}
{"timestamp":"2025-12-19T11:05:53.197246Z","level":"info","event":"Formatting title: The Town","logger":"root","filename":"new_tropes_dag.py","lineno":66}
{"timestamp":"2025-12-19T11:05:53.197270Z","level":"info","event":"Formatting title: The Toy","logger":"root","filename":"new_tropes_dag.py","lineno":66}
{"timestamp":"2025-12-19T11:05:53.197294Z","level":"info","event":"Formatting title: The Tragedy Of Macbeth","logger":"root","filename":"new_tropes_dag.py","lineno":66}
{"timestamp":"2025-12-19T11:05:53.197320Z","level":"info","event":"Formatting title: The Tree Of Life","logger":"root","filename":"new_tropes_dag.py","lineno":66}
{"timestamp":"2025-12-19T11:05:53.197345Z","level":"info","event":"Formatting title: The Trial Of The Chicago 7","logger":"root","filename":"new_tropes_dag.py","lineno":66}
{"timestamp":"2025-12-19T11:05:53.197370Z","level":"info","event":"Formatting title: The Truman Show","logger":"root","filename":"new_tropes_dag.py","lineno":66}
{"timestamp":"2025-12-19T11:05:53.197395Z","level":"info","event":"Formatting title: The Two Jakes","logger":"root","filename":"new_tropes_dag.py","lineno":66}
{"timestamp":"2025-12-19T11:05:53.197420Z","level":"info","event":"Formatting title: The Two Popes","logger":"root","filename":"new_tropes_dag.py","lineno":66}
{"timestamp":"2025-12-19T11:05:53.197445Z","level":"info","event":"Formatting title: The Unborn","logger":"root","filename":"new_tropes_dag.py","lineno":66}
{"timestamp":"2025-12-19T11:05:53.197469Z","level":"info","event":"Formatting title: The Usual Suspects","logger":"root","filename":"new_tropes_dag.py","lineno":66}
{"timestamp":"2025-12-19T11:05:53.197495Z","level":"info","event":"Formatting title: The Verdict","logger":"root","filename":"new_tropes_dag.py","lineno":66}
{"timestamp":"2025-12-19T11:05:53.197544Z","level":"info","event":"Formatting title: The Virgin Suicides","logger":"root","filename":"new_tropes_dag.py","lineno":66}
{"timestamp":"2025-12-19T11:05:53.197580Z","level":"info","event":"Formatting title: The Warriors","logger":"root","filename":"new_tropes_dag.py","lineno":66}
{"timestamp":"2025-12-19T11:05:53.197640Z","level":"info","event":"Formatting title: The Way Back","logger":"root","filename":"new_tropes_dag.py","lineno":66}
{"timestamp":"2025-12-19T11:05:53.197671Z","level":"info","event":"Formatting title: The Wedding Singer","logger":"root","filename":"new_tropes_dag.py","lineno":66}
{"timestamp":"2025-12-19T11:05:53.197700Z","level":"info","event":"Formatting title: The Whale","logger":"root","filename":"new_tropes_dag.py","lineno":66}
{"timestamp":"2025-12-19T11:05:53.197731Z","level":"info","event":"Formatting title: The White Ribbon","logger":"root","filename":"new_tropes_dag.py","lineno":66}
{"timestamp":"2025-12-19T11:05:53.197764Z","level":"info","event":"Formatting title: The White Tiger","logger":"root","filename":"new_tropes_dag.py","lineno":66}
{"timestamp":"2025-12-19T11:05:53.197792Z","level":"info","event":"Formatting title: The Wicker Man","logger":"root","filename":"new_tropes_dag.py","lineno":66}
{"timestamp":"2025-12-19T11:05:53.197819Z","level":"info","event":"Formatting title: The Wife","logger":"root","filename":"new_tropes_dag.py","lineno":66}
{"timestamp":"2025-12-19T11:05:53.197848Z","level":"info","event":"Formatting title: The Wild Bunch","logger":"root","filename":"new_tropes_dag.py","lineno":66}
{"timestamp":"2025-12-19T11:05:53.197875Z","level":"info","event":"Formatting title: The Wild Robot","logger":"root","filename":"new_tropes_dag.py","lineno":66}
{"timestamp":"2025-12-19T11:05:53.197905Z","level":"info","event":"Formatting title: The Witch","logger":"root","filename":"new_tropes_dag.py","lineno":66}
{"timestamp":"2025-12-19T11:05:53.197935Z","level":"info","event":"Formatting title: The Witches","logger":"root","filename":"new_tropes_dag.py","lineno":66}
{"timestamp":"2025-12-19T11:05:53.197962Z","level":"info","event":"Formatting title: The Wizard Of Oz","logger":"root","filename":"new_tropes_dag.py","lineno":66}
{"timestamp":"2025-12-19T11:05:53.197989Z","level":"info","event":"Formatting title: The Wolf Of Wall Street","logger":"root","filename":"new_tropes_dag.py","lineno":66}
{"timestamp":"2025-12-19T11:05:53.198017Z","level":"info","event":"Formatting title: The Wolverine","logger":"root","filename":"new_tropes_dag.py","lineno":66}
{"timestamp":"2025-12-19T11:05:53.198244Z","level":"info","event":"Formatting title: The Woman King","logger":"root","filename":"new_tropes_dag.py","lineno":66}
{"timestamp":"2025-12-19T11:05:53.198474Z","level":"info","event":"Formatting title: The World Is Not Enough","logger":"root","filename":"new_tropes_dag.py","lineno":66}
{"timestamp":"2025-12-19T11:05:53.198550Z","level":"info","event":"Formatting title: The Worlds End","logger":"root","filename":"new_tropes_dag.py","lineno":66}
{"timestamp":"2025-12-19T11:05:53.198589Z","level":"info","event":"Formatting title: The X Files","logger":"root","filename":"new_tropes_dag.py","lineno":66}
{"timestamp":"2025-12-19T11:05:53.198684Z","level":"info","event":"Formatting title: The Zone Of Interest","logger":"root","filename":"new_tropes_dag.py","lineno":66}
{"timestamp":"2025-12-19T11:05:53.198742Z","level":"info","event":"Formatting title: Thelma & Louise","logger":"root","filename":"new_tropes_dag.py","lineno":66}
{"timestamp":"2025-12-19T11:05:53.198776Z","level":"info","event":"Formatting title: Theory Of Everything The","logger":"root","filename":"new_tropes_dag.py","lineno":66}
{"timestamp":"2025-12-19T11:05:53.198804Z","level":"info","event":"Formatting title: There Will Be Blood","logger":"root","filename":"new_tropes_dag.py","lineno":66}
{"timestamp":"2025-12-19T11:05:53.198831Z","level":"info","event":"Formatting title: Theres Something About Mary","logger":"root","filename":"new_tropes_dag.py","lineno":66}
{"timestamp":"2025-12-19T11:05:53.198857Z","level":"info","event":"Formatting title: They","logger":"root","filename":"new_tropes_dag.py","lineno":66}
{"timestamp":"2025-12-19T11:05:53.198882Z","level":"info","event":"Formatting title: They Live","logger":"root","filename":"new_tropes_dag.py","lineno":66}
{"timestamp":"2025-12-19T11:05:53.198908Z","level":"info","event":"Formatting title: Thing The","logger":"root","filename":"new_tropes_dag.py","lineno":66}
{"timestamp":"2025-12-19T11:05:53.198932Z","level":"info","event":"Formatting title: Things My Father Never Taught Me The","logger":"root","filename":"new_tropes_dag.py","lineno":66}
{"timestamp":"2025-12-19T11:05:53.198957Z","level":"info","event":"Formatting title: Thir13en Ghosts","logger":"root","filename":"new_tropes_dag.py","lineno":66}
{"timestamp":"2025-12-19T11:05:53.198997Z","level":"info","event":"Formatting title: Thirteen","logger":"root","filename":"new_tropes_dag.py","lineno":66}
{"timestamp":"2025-12-19T11:05:53.199023Z","level":"info","event":"Formatting title: Thirteen Days","logger":"root","filename":"new_tropes_dag.py","lineno":66}
{"timestamp":"2025-12-19T11:05:53.199049Z","level":"info","event":"Formatting title: Thirteen Lives","logger":"root","filename":"new_tropes_dag.py","lineno":66}
{"timestamp":"2025-12-19T11:05:53.199074Z","level":"info","event":"Formatting title: This Boys Life","logger":"root","filename":"new_tropes_dag.py","lineno":66}
{"timestamp":"2025-12-19T11:05:53.199099Z","level":"info","event":"Formatting title: This Is 40","logger":"root","filename":"new_tropes_dag.py","lineno":66}
{"timestamp":"2025-12-19T11:05:53.199125Z","level":"info","event":"Formatting title: Thor","logger":"root","filename":"new_tropes_dag.py","lineno":66}
{"timestamp":"2025-12-19T11:05:53.199150Z","level":"info","event":"Formatting title: Thor Ragnarok","logger":"root","filename":"new_tropes_dag.py","lineno":66}
{"timestamp":"2025-12-19T11:05:53.199174Z","level":"info","event":"Formatting title: Thoroughbreds","logger":"root","filename":"new_tropes_dag.py","lineno":66}
{"timestamp":"2025-12-19T11:05:53.199199Z","level":"info","event":"Formatting title: Those Who Walk Away","logger":"root","filename":"new_tropes_dag.py","lineno":66}
{"timestamp":"2025-12-19T11:05:53.199223Z","level":"info","event":"Formatting title: Three Billboards Outside Ebbing Missouri","logger":"root","filename":"new_tropes_dag.py","lineno":66}
{"timestamp":"2025-12-19T11:05:53.199248Z","level":"info","event":"Formatting title: Three Days Of Condor","logger":"root","filename":"new_tropes_dag.py","lineno":66}
{"timestamp":"2025-12-19T11:05:53.199272Z","level":"info","event":"Formatting title: Three Kings","logger":"root","filename":"new_tropes_dag.py","lineno":66}
{"timestamp":"2025-12-19T11:05:53.199296Z","level":"info","event":"Formatting title: Three Kings (spoils Of War)","logger":"root","filename":"new_tropes_dag.py","lineno":66}
{"timestamp":"2025-12-19T11:05:53.199320Z","level":"info","event":"Formatting title: Three Men And A Baby","logger":"root","filename":"new_tropes_dag.py","lineno":66}
{"timestamp":"2025-12-19T11:05:53.199345Z","level":"info","event":"Formatting title: Three Musketeers The","logger":"root","filename":"new_tropes_dag.py","lineno":66}
{"timestamp":"2025-12-19T11:05:53.199449Z","level":"info","event":"Formatting title: Three Thousand Years Of Longing","logger":"root","filename":"new_tropes_dag.py","lineno":66}
{"timestamp":"2025-12-19T11:05:53.199482Z","level":"info","event":"Formatting title: Thunderball","logger":"root","filename":"new_tropes_dag.py","lineno":66}
{"timestamp":"2025-12-19T11:05:53.199510Z","level":"info","event":"Formatting title: Thunderbirds","logger":"root","filename":"new_tropes_dag.py","lineno":66}
{"timestamp":"2025-12-19T11:05:53.199537Z","level":"info","event":"Formatting title: Thunderheart","logger":"root","filename":"new_tropes_dag.py","lineno":66}
{"timestamp":"2025-12-19T11:05:53.199563Z","level":"info","event":"Formatting title: Thx 1138","logger":"root","filename":"new_tropes_dag.py","lineno":66}
{"timestamp":"2025-12-19T11:05:53.199589Z","level":"info","event":"Formatting title: Tick Tick Boom","logger":"root","filename":"new_tropes_dag.py","lineno":66}
{"timestamp":"2025-12-19T11:05:53.199614Z","level":"info","event":"Formatting title: Ticker","logger":"root","filename":"new_tropes_dag.py","lineno":66}
{"timestamp":"2025-12-19T11:05:53.199639Z","level":"info","event":"Formatting title: Till","logger":"root","filename":"new_tropes_dag.py","lineno":66}
{"timestamp":"2025-12-19T11:05:53.199663Z","level":"info","event":"Formatting title: Timber Falls","logger":"root","filename":"new_tropes_dag.py","lineno":66}
{"timestamp":"2025-12-19T11:05:53.199687Z","level":"info","event":"Formatting title: Time Machine The","logger":"root","filename":"new_tropes_dag.py","lineno":66}
{"timestamp":"2025-12-19T11:05:53.199711Z","level":"info","event":"Formatting title: Tin Cup","logger":"root","filename":"new_tropes_dag.py","lineno":66}
{"timestamp":"2025-12-19T11:05:53.199737Z","level":"info","event":"Formatting title: Tin Men","logger":"root","filename":"new_tropes_dag.py","lineno":66}
{"timestamp":"2025-12-19T11:05:53.199764Z","level":"info","event":"Formatting title: Tinker Tailor Soldier Spy","logger":"root","filename":"new_tropes_dag.py","lineno":66}
{"timestamp":"2025-12-19T11:05:53.199789Z","level":"info","event":"Formatting title: Titanic","logger":"root","filename":"new_tropes_dag.py","lineno":66}
{"timestamp":"2025-12-19T11:05:53.199815Z","level":"info","event":"Formatting title: Tmnt","logger":"root","filename":"new_tropes_dag.py","lineno":66}
{"timestamp":"2025-12-19T11:05:53.199839Z","level":"info","event":"Formatting title: To All The Boys Ive Loved Before","logger":"root","filename":"new_tropes_dag.py","lineno":66}
{"timestamp":"2025-12-19T11:05:53.199863Z","level":"info","event":"Formatting title: To Catch A Killer","logger":"root","filename":"new_tropes_dag.py","lineno":66}
{"timestamp":"2025-12-19T11:05:53.199889Z","level":"info","event":"Formatting title: To Kill A Mockingbird","logger":"root","filename":"new_tropes_dag.py","lineno":66}
{"timestamp":"2025-12-19T11:05:53.199915Z","level":"info","event":"Formatting title: To Sleep With Anger","logger":"root","filename":"new_tropes_dag.py","lineno":66}
{"timestamp":"2025-12-19T11:05:53.199939Z","level":"info","event":"Formatting title: To Wong Foo Thanks For Everything Julie Newmar","logger":"root","filename":"new_tropes_dag.py","lineno":66}
{"timestamp":"2025-12-19T11:05:53.199964Z","level":"info","event":"Formatting title: Tombstone","logger":"root","filename":"new_tropes_dag.py","lineno":66}
{"timestamp":"2025-12-19T11:05:53.199986Z","level":"info","event":"Formatting title: Tomorrow Never Dies","logger":"root","filename":"new_tropes_dag.py","lineno":66}
{"timestamp":"2025-12-19T11:05:53.200009Z","level":"info","event":"Formatting title: Toni Erdmann","logger":"root","filename":"new_tropes_dag.py","lineno":66}
{"timestamp":"2025-12-19T11:05:53.200034Z","level":"info","event":"Formatting title: Tootsie","logger":"root","filename":"new_tropes_dag.py","lineno":66}
{"timestamp":"2025-12-19T11:05:53.200059Z","level":"info","event":"Formatting title: Top Gun","logger":"root","filename":"new_tropes_dag.py","lineno":66}
{"timestamp":"2025-12-19T11:05:53.200084Z","level":"info","event":"Formatting title: Top Gun Maverick","logger":"root","filename":"new_tropes_dag.py","lineno":66}
{"timestamp":"2025-12-19T11:05:53.200130Z","level":"info","event":"Formatting title: Total Recall","logger":"root","filename":"new_tropes_dag.py","lineno":66}
{"timestamp":"2025-12-19T11:05:53.200162Z","level":"info","event":"Formatting title: Totem","logger":"root","filename":"new_tropes_dag.py","lineno":66}
{"timestamp":"2025-12-19T11:05:53.200191Z","level":"info","event":"Formatting title: Touch Of Evil","logger":"root","filename":"new_tropes_dag.py","lineno":66}
{"timestamp":"2025-12-19T11:05:53.200218Z","level":"info","event":"Formatting title: Tough Guys","logger":"root","filename":"new_tropes_dag.py","lineno":66}
{"timestamp":"2025-12-19T11:05:53.200243Z","level":"info","event":"Formatting title: Tourist The","logger":"root","filename":"new_tropes_dag.py","lineno":66}
{"timestamp":"2025-12-19T11:05:53.200269Z","level":"info","event":"Formatting title: Tower Block","logger":"root","filename":"new_tropes_dag.py","lineno":66}
{"timestamp":"2025-12-19T11:05:53.200294Z","level":"info","event":"Formatting title: Tower Of Terror","logger":"root","filename":"new_tropes_dag.py","lineno":66}
{"timestamp":"2025-12-19T11:05:53.200319Z","level":"info","event":"Formatting title: Town The","logger":"root","filename":"new_tropes_dag.py","lineno":66}
{"timestamp":"2025-12-19T11:05:53.200344Z","level":"info","event":"Formatting title: Toy Story","logger":"root","filename":"new_tropes_dag.py","lineno":66}
{"timestamp":"2025-12-19T11:05:53.200371Z","level":"info","event":"Formatting title: Toy Story 2","logger":"root","filename":"new_tropes_dag.py","lineno":66}
{"timestamp":"2025-12-19T11:05:53.200402Z","level":"info","event":"Formatting title: Toy Story 3","logger":"root","filename":"new_tropes_dag.py","lineno":66}
{"timestamp":"2025-12-19T11:05:53.200427Z","level":"info","event":"Formatting title: Toy Story 4","logger":"root","filename":"new_tropes_dag.py","lineno":66}
{"timestamp":"2025-12-19T11:05:53.200451Z","level":"info","event":"Formatting title: Traffic","logger":"root","filename":"new_tropes_dag.py","lineno":66}
{"timestamp":"2025-12-19T11:05:53.200475Z","level":"info","event":"Formatting title: Training Day","logger":"root","filename":"new_tropes_dag.py","lineno":66}
{"timestamp":"2025-12-19T11:05:53.200500Z","level":"info","event":"Formatting title: Trainspotting","logger":"root","filename":"new_tropes_dag.py","lineno":66}
{"timestamp":"2025-12-19T11:05:53.200525Z","level":"info","event":"Formatting title: Trainwreck","logger":"root","filename":"new_tropes_dag.py","lineno":66}
{"timestamp":"2025-12-19T11:05:53.200551Z","level":"info","event":"Formatting title: Transcendence","logger":"root","filename":"new_tropes_dag.py","lineno":66}
{"timestamp":"2025-12-19T11:05:53.200575Z","level":"info","event":"Formatting title: Transformers","logger":"root","filename":"new_tropes_dag.py","lineno":66}
{"timestamp":"2025-12-19T11:05:53.200600Z","level":"info","event":"Formatting title: Transformers The Movie","logger":"root","filename":"new_tropes_dag.py","lineno":66}
{"timestamp":"2025-12-19T11:05:53.200624Z","level":"info","event":"Formatting title: Trap Livin","logger":"root","filename":"new_tropes_dag.py","lineno":66}
{"timestamp":"2025-12-19T11:05:53.200648Z","level":"info","event":"Formatting title: Tremors","logger":"root","filename":"new_tropes_dag.py","lineno":66}
{"timestamp":"2025-12-19T11:05:53.200673Z","level":"info","event":"Formatting title: Triangle Of Sadness","logger":"root","filename":"new_tropes_dag.py","lineno":66}
{"timestamp":"2025-12-19T11:05:53.200697Z","level":"info","event":"Formatting title: Trick R Treat","logger":"root","filename":"new_tropes_dag.py","lineno":66}
{"timestamp":"2025-12-19T11:05:53.200722Z","level":"info","event":"Formatting title: Tristan And Isolde","logger":"root","filename":"new_tropes_dag.py","lineno":66}
{"timestamp":"2025-12-19T11:05:53.200746Z","level":"info","event":"Formatting title: Tron","logger":"root","filename":"new_tropes_dag.py","lineno":66}
{"timestamp":"2025-12-19T11:05:53.200770Z","level":"info","event":"Formatting title: Tron Legacy","logger":"root","filename":"new_tropes_dag.py","lineno":66}
{"timestamp":"2025-12-19T11:05:53.200793Z","level":"info","event":"Formatting title: Tropic Thunder","logger":"root","filename":"new_tropes_dag.py","lineno":66}
{"timestamp":"2025-12-19T11:05:53.200816Z","level":"info","event":"Formatting title: Troy","logger":"root","filename":"new_tropes_dag.py","lineno":66}
{"timestamp":"2025-12-19T11:05:53.200840Z","level":"info","event":"Formatting title: True Grit","logger":"root","filename":"new_tropes_dag.py","lineno":66}
{"timestamp":"2025-12-19T11:05:53.200864Z","level":"info","event":"Formatting title: True Lies","logger":"root","filename":"new_tropes_dag.py","lineno":66}
{"timestamp":"2025-12-19T11:05:53.200886Z","level":"info","event":"Formatting title: True Romance","logger":"root","filename":"new_tropes_dag.py","lineno":66}
{"timestamp":"2025-12-19T11:05:53.200909Z","level":"info","event":"Formatting title: Truman Show The","logger":"root","filename":"new_tropes_dag.py","lineno":66}
{"timestamp":"2025-12-19T11:05:53.200931Z","level":"info","event":"Formatting title: Trumbo","logger":"root","filename":"new_tropes_dag.py","lineno":66}
{"timestamp":"2025-12-19T11:05:53.200955Z","level":"info","event":"Formatting title: Tucker And Dale Vs Evil","logger":"root","filename":"new_tropes_dag.py","lineno":66}
{"timestamp":"2025-12-19T11:05:53.200979Z","level":"info","event":"Formatting title: Tully","logger":"root","filename":"new_tropes_dag.py","lineno":66}
{"timestamp":"2025-12-19T11:05:53.201002Z","level":"info","event":"Formatting title: Tusk","logger":"root","filename":"new_tropes_dag.py","lineno":66}
{"timestamp":"2025-12-19T11:05:53.201025Z","level":"info","event":"Formatting title: Twelve Monkeys","logger":"root","filename":"new_tropes_dag.py","lineno":66}
{"timestamp":"2025-12-19T11:05:53.201048Z","level":"info","event":"Formatting title: Twilight","logger":"root","filename":"new_tropes_dag.py","lineno":66}
{"timestamp":"2025-12-19T11:05:53.201071Z","level":"info","event":"Formatting title: Twilight New Moon","logger":"root","filename":"new_tropes_dag.py","lineno":66}
{"timestamp":"2025-12-19T11:05:53.201095Z","level":"info","event":"Formatting title: Twin Peaks","logger":"root","filename":"new_tropes_dag.py","lineno":66}
{"timestamp":"2025-12-19T11:05:53.201123Z","level":"info","event":"Formatting title: Twin Peaks Fire Walk With Me","logger":"root","filename":"new_tropes_dag.py","lineno":66}
{"timestamp":"2025-12-19T11:05:53.201149Z","level":"info","event":"Formatting title: Twins","logger":"root","filename":"new_tropes_dag.py","lineno":66}
{"timestamp":"2025-12-19T11:05:53.201174Z","level":"info","event":"Formatting title: Twister","logger":"root","filename":"new_tropes_dag.py","lineno":66}
{"timestamp":"2025-12-19T11:05:53.201198Z","level":"info","event":"Formatting title: Two For The Money","logger":"root","filename":"new_tropes_dag.py","lineno":66}
{"timestamp":"2025-12-19T11:05:53.201223Z","level":"info","event":"Formatting title: Tár","logger":"root","filename":"new_tropes_dag.py","lineno":66}
{"timestamp":"2025-12-19T11:05:53.201251Z","level":"info","event":"Formatting title: U Turn","logger":"root","filename":"new_tropes_dag.py","lineno":66}
{"timestamp":"2025-12-19T11:05:53.201275Z","level":"info","event":"Formatting title: Ugly Truth The","logger":"root","filename":"new_tropes_dag.py","lineno":66}
{"timestamp":"2025-12-19T11:05:53.201300Z","level":"info","event":"Formatting title: Un Singe En Hiver","logger":"root","filename":"new_tropes_dag.py","lineno":66}
{"timestamp":"2025-12-19T11:05:53.201324Z","level":"info","event":"Formatting title: Unbreakable","logger":"root","filename":"new_tropes_dag.py","lineno":66}
{"timestamp":"2025-12-19T11:05:53.201347Z","level":"info","event":"Formatting title: Uncle Buck","logger":"root","filename":"new_tropes_dag.py","lineno":66}
{"timestamp":"2025-12-19T11:05:53.201371Z","level":"info","event":"Formatting title: Under Fire","logger":"root","filename":"new_tropes_dag.py","lineno":66}
{"timestamp":"2025-12-19T11:05:53.201394Z","level":"info","event":"Formatting title: Under Siege","logger":"root","filename":"new_tropes_dag.py","lineno":66}
{"timestamp":"2025-12-19T11:05:53.201418Z","level":"info","event":"Formatting title: Under The Silver Lake","logger":"root","filename":"new_tropes_dag.py","lineno":66}
{"timestamp":"2025-12-19T11:05:53.201442Z","level":"info","event":"Formatting title: Underwater","logger":"root","filename":"new_tropes_dag.py","lineno":66}
{"timestamp":"2025-12-19T11:05:53.201465Z","level":"info","event":"Formatting title: Underworld","logger":"root","filename":"new_tropes_dag.py","lineno":66}
{"timestamp":"2025-12-19T11:05:53.201489Z","level":"info","event":"Formatting title: Unforgiven","logger":"root","filename":"new_tropes_dag.py","lineno":66}
{"timestamp":"2025-12-19T11:05:53.201513Z","level":"info","event":"Formatting title: Unknown","logger":"root","filename":"new_tropes_dag.py","lineno":66}
{"timestamp":"2025-12-19T11:05:53.201537Z","level":"info","event":"Formatting title: Up","logger":"root","filename":"new_tropes_dag.py","lineno":66}
{"timestamp":"2025-12-19T11:05:53.201561Z","level":"info","event":"Formatting title: Up In The Air","logger":"root","filename":"new_tropes_dag.py","lineno":66}
{"timestamp":"2025-12-19T11:05:53.201585Z","level":"info","event":"Formatting title: Upgrade","logger":"root","filename":"new_tropes_dag.py","lineno":66}
{"timestamp":"2025-12-19T11:05:53.201610Z","level":"info","event":"Formatting title: Upstream Color","logger":"root","filename":"new_tropes_dag.py","lineno":66}
{"timestamp":"2025-12-19T11:05:53.201634Z","level":"info","event":"Formatting title: Us","logger":"root","filename":"new_tropes_dag.py","lineno":66}
{"timestamp":"2025-12-19T11:05:53.201657Z","level":"info","event":"Formatting title: Usual Suspects The","logger":"root","filename":"new_tropes_dag.py","lineno":66}
{"timestamp":"2025-12-19T11:05:53.201681Z","level":"info","event":"Formatting title: V For Vendetta","logger":"root","filename":"new_tropes_dag.py","lineno":66}
{"timestamp":"2025-12-19T11:05:53.201704Z","level":"info","event":"Formatting title: Vacancy","logger":"root","filename":"new_tropes_dag.py","lineno":66}
{"timestamp":"2025-12-19T11:05:53.201727Z","level":"info","event":"Formatting title: Vacation","logger":"root","filename":"new_tropes_dag.py","lineno":66}
{"timestamp":"2025-12-19T11:05:53.201755Z","level":"info","event":"Formatting title: Valentines Day","logger":"root","filename":"new_tropes_dag.py","lineno":66}
{"timestamp":"2025-12-19T11:05:53.201778Z","level":"info","event":"Formatting title: Valkyrie","logger":"root","filename":"new_tropes_dag.py","lineno":66}
{"timestamp":"2025-12-19T11:05:53.201801Z","level":"info","event":"Formatting title: Van Helsing","logger":"root","filename":"new_tropes_dag.py","lineno":66}
{"timestamp":"2025-12-19T11:05:53.201826Z","level":"info","event":"Formatting title: Vanilla Sky","logger":"root","filename":"new_tropes_dag.py","lineno":66}
{"timestamp":"2025-12-19T11:05:53.201850Z","level":"info","event":"Formatting title: Velvet Buzzsaw","logger":"root","filename":"new_tropes_dag.py","lineno":66}
{"timestamp":"2025-12-19T11:05:53.201875Z","level":"info","event":"Formatting title: Vengeance","logger":"root","filename":"new_tropes_dag.py","lineno":66}
{"timestamp":"2025-12-19T11:05:53.201898Z","level":"info","event":"Formatting title: Verdict The","logger":"root","filename":"new_tropes_dag.py","lineno":66}
{"timestamp":"2025-12-19T11:05:53.201926Z","level":"info","event":"Formatting title: Vertigo","logger":"root","filename":"new_tropes_dag.py","lineno":66}
{"timestamp":"2025-12-19T11:05:53.201951Z","level":"info","event":"Formatting title: Very Bad Things","logger":"root","filename":"new_tropes_dag.py","lineno":66}
{"timestamp":"2025-12-19T11:05:53.201976Z","level":"info","event":"Formatting title: Vice","logger":"root","filename":"new_tropes_dag.py","lineno":66}
{"timestamp":"2025-12-19T11:05:53.202000Z","level":"info","event":"Formatting title: Victor Frankenstein","logger":"root","filename":"new_tropes_dag.py","lineno":66}
{"timestamp":"2025-12-19T11:05:53.202024Z","level":"info","event":"Formatting title: Victoria & Abdul","logger":"root","filename":"new_tropes_dag.py","lineno":66}
{"timestamp":"2025-12-19T11:05:53.202047Z","level":"info","event":"Formatting title: Village The","logger":"root","filename":"new_tropes_dag.py","lineno":66}
{"timestamp":"2025-12-19T11:05:53.202071Z","level":"info","event":"Formatting title: Virtuosity","logger":"root","filename":"new_tropes_dag.py","lineno":66}
{"timestamp":"2025-12-19T11:05:53.202094Z","level":"info","event":"Formatting title: Visitor The","logger":"root","filename":"new_tropes_dag.py","lineno":66}
{"timestamp":"2025-12-19T11:05:53.202143Z","level":"info","event":"Formatting title: Vox Lux","logger":"root","filename":"new_tropes_dag.py","lineno":66}
{"timestamp":"2025-12-19T11:05:53.202175Z","level":"info","event":"Formatting title: Wadjda","logger":"root","filename":"new_tropes_dag.py","lineno":66}
{"timestamp":"2025-12-19T11:05:53.202203Z","level":"info","event":"Formatting title: Wag The Dog","logger":"root","filename":"new_tropes_dag.py","lineno":66}
{"timestamp":"2025-12-19T11:05:53.202230Z","level":"info","event":"Formatting title: Walk Hard The Dewey Cox Story","logger":"root","filename":"new_tropes_dag.py","lineno":66}
{"timestamp":"2025-12-19T11:05:53.202257Z","level":"info","event":"Formatting title: Walk To Remember A","logger":"root","filename":"new_tropes_dag.py","lineno":66}
{"timestamp":"2025-12-19T11:05:53.202283Z","level":"info","event":"Formatting title: Walking Tall","logger":"root","filename":"new_tropes_dag.py","lineno":66}
{"timestamp":"2025-12-19T11:05:53.202309Z","level":"info","event":"Formatting title: Wall E","logger":"root","filename":"new_tropes_dag.py","lineno":66}
{"timestamp":"2025-12-19T11:05:53.202334Z","level":"info","event":"Formatting title: Wall Street","logger":"root","filename":"new_tropes_dag.py","lineno":66}
{"timestamp":"2025-12-19T11:05:53.202359Z","level":"info","event":"Formatting title: Wall Street Money Never Sleeps","logger":"root","filename":"new_tropes_dag.py","lineno":66}
{"timestamp":"2025-12-19T11:05:53.202384Z","level":"info","event":"Formatting title: Wanted","logger":"root","filename":"new_tropes_dag.py","lineno":66}
{"timestamp":"2025-12-19T11:05:53.202409Z","level":"info","event":"Formatting title: War For The Planet Of The Apes","logger":"root","filename":"new_tropes_dag.py","lineno":66}
{"timestamp":"2025-12-19T11:05:53.202435Z","level":"info","event":"Formatting title: War Horse","logger":"root","filename":"new_tropes_dag.py","lineno":66}
{"timestamp":"2025-12-19T11:05:53.202460Z","level":"info","event":"Formatting title: War Of The Roses","logger":"root","filename":"new_tropes_dag.py","lineno":66}
{"timestamp":"2025-12-19T11:05:53.202484Z","level":"info","event":"Formatting title: War Of The Worlds","logger":"root","filename":"new_tropes_dag.py","lineno":66}
{"timestamp":"2025-12-19T11:05:53.202509Z","level":"info","event":"Formatting title: Warm Springs","logger":"root","filename":"new_tropes_dag.py","lineno":66}
{"timestamp":"2025-12-19T11:05:53.202535Z","level":"info","event":"Formatting title: Warrior","logger":"root","filename":"new_tropes_dag.py","lineno":66}
{"timestamp":"2025-12-19T11:05:53.202559Z","level":"info","event":"Formatting title: Watchmen","logger":"root","filename":"new_tropes_dag.py","lineno":66}
{"timestamp":"2025-12-19T11:05:53.202586Z","level":"info","event":"Formatting title: Water For Elephants","logger":"root","filename":"new_tropes_dag.py","lineno":66}
{"timestamp":"2025-12-19T11:05:53.202611Z","level":"info","event":"Formatting title: Waves","logger":"root","filename":"new_tropes_dag.py","lineno":66}
{"timestamp":"2025-12-19T11:05:53.202636Z","level":"info","event":"Formatting title: Way Back The","logger":"root","filename":"new_tropes_dag.py","lineno":66}
{"timestamp":"2025-12-19T11:05:53.202661Z","level":"info","event":"Formatting title: We Need To Talk About Kevin","logger":"root","filename":"new_tropes_dag.py","lineno":66}
{"timestamp":"2025-12-19T11:05:53.202686Z","level":"info","event":"Formatting title: We Own The Night","logger":"root","filename":"new_tropes_dag.py","lineno":66}
{"timestamp":"2025-12-19T11:05:53.202712Z","level":"info","event":"Formatting title: Wedding Crashers","logger":"root","filename":"new_tropes_dag.py","lineno":66}
{"timestamp":"2025-12-19T11:05:53.202735Z","level":"info","event":"Formatting title: Weird Science","logger":"root","filename":"new_tropes_dag.py","lineno":66}
{"timestamp":"2025-12-19T11:05:53.202760Z","level":"info","event":"Formatting title: Weird The Al Yankovic Story","logger":"root","filename":"new_tropes_dag.py","lineno":66}
{"timestamp":"2025-12-19T11:05:53.202786Z","level":"info","event":"Formatting title: Were No Angels","logger":"root","filename":"new_tropes_dag.py","lineno":66}
{"timestamp":"2025-12-19T11:05:53.202816Z","level":"info","event":"Formatting title: Wes Cravens New Nightmare","logger":"root","filename":"new_tropes_dag.py","lineno":66}
{"timestamp":"2025-12-19T11:05:53.202842Z","level":"info","event":"Formatting title: West Side Story","logger":"root","filename":"new_tropes_dag.py","lineno":66}
{"timestamp":"2025-12-19T11:05:53.202871Z","level":"info","event":"Formatting title: Westworld","logger":"root","filename":"new_tropes_dag.py","lineno":66}
{"timestamp":"2025-12-19T11:05:53.202897Z","level":"info","event":"Formatting title: What About Bob","logger":"root","filename":"new_tropes_dag.py","lineno":66}
{"timestamp":"2025-12-19T11:05:53.202925Z","level":"info","event":"Formatting title: What Dreams May Come","logger":"root","filename":"new_tropes_dag.py","lineno":66}
{"timestamp":"2025-12-19T11:05:53.202950Z","level":"info","event":"Formatting title: What Lies Beneath","logger":"root","filename":"new_tropes_dag.py","lineno":66}
{"timestamp":"2025-12-19T11:05:53.202974Z","level":"info","event":"Formatting title: What They Had","logger":"root","filename":"new_tropes_dag.py","lineno":66}
{"timestamp":"2025-12-19T11:05:53.202997Z","level":"info","event":"Formatting title: When A Stranger Calls","logger":"root","filename":"new_tropes_dag.py","lineno":66}
{"timestamp":"2025-12-19T11:05:53.203020Z","level":"info","event":"Formatting title: When Harry Met Sally","logger":"root","filename":"new_tropes_dag.py","lineno":66}
{"timestamp":"2025-12-19T11:05:53.203042Z","level":"info","event":"Formatting title: Where The Day Takes You","logger":"root","filename":"new_tropes_dag.py","lineno":66}
{"timestamp":"2025-12-19T11:05:53.203066Z","level":"info","event":"Formatting title: Where The Wild Things Are","logger":"root","filename":"new_tropes_dag.py","lineno":66}
{"timestamp":"2025-12-19T11:05:53.272785Z","level":"info","event":"Formatting title: Which Way Is Up","logger":"root","filename":"new_tropes_dag.py","lineno":66}
{"timestamp":"2025-12-19T11:05:53.272888Z","level":"info","event":"Formatting title: While She Was Out","logger":"root","filename":"new_tropes_dag.py","lineno":66}
{"timestamp":"2025-12-19T11:05:53.272925Z","level":"info","event":"Formatting title: While You Were Sleeping","logger":"root","filename":"new_tropes_dag.py","lineno":66}
{"timestamp":"2025-12-19T11:05:53.272956Z","level":"info","event":"Formatting title: Whiplash","logger":"root","filename":"new_tropes_dag.py","lineno":66}
{"timestamp":"2025-12-19T11:05:53.272984Z","level":"info","event":"Formatting title: Whistleblower The","logger":"root","filename":"new_tropes_dag.py","lineno":66}
{"timestamp":"2025-12-19T11:05:53.273013Z","level":"info","event":"Formatting title: White Christmas","logger":"root","filename":"new_tropes_dag.py","lineno":66}
{"timestamp":"2025-12-19T11:05:53.273040Z","level":"info","event":"Formatting title: White Jazz","logger":"root","filename":"new_tropes_dag.py","lineno":66}
{"timestamp":"2025-12-19T11:05:53.273067Z","level":"info","event":"Formatting title: White Noise","logger":"root","filename":"new_tropes_dag.py","lineno":66}
{"timestamp":"2025-12-19T11:05:53.273093Z","level":"info","event":"Formatting title: White Ribbon The","logger":"root","filename":"new_tropes_dag.py","lineno":66}
{"timestamp":"2025-12-19T11:05:53.273118Z","level":"info","event":"Formatting title: White Squall","logger":"root","filename":"new_tropes_dag.py","lineno":66}
{"timestamp":"2025-12-19T11:05:53.273144Z","level":"info","event":"Formatting title: Whiteout","logger":"root","filename":"new_tropes_dag.py","lineno":66}
{"timestamp":"2025-12-19T11:05:53.273171Z","level":"info","event":"Formatting title: Whitney Houston I Wanna Dance With Somebody","logger":"root","filename":"new_tropes_dag.py","lineno":66}
{"timestamp":"2025-12-19T11:05:53.273200Z","level":"info","event":"Formatting title: Who Framed Roger Rabbit","logger":"root","filename":"new_tropes_dag.py","lineno":66}
{"timestamp":"2025-12-19T11:05:53.273226Z","level":"info","event":"Formatting title: Whos Your Daddy","logger":"root","filename":"new_tropes_dag.py","lineno":66}
{"timestamp":"2025-12-19T11:05:53.273253Z","level":"info","event":"Formatting title: Wicked","logger":"root","filename":"new_tropes_dag.py","lineno":66}
{"timestamp":"2025-12-19T11:05:53.273278Z","level":"info","event":"Formatting title: Wild","logger":"root","filename":"new_tropes_dag.py","lineno":66}
{"timestamp":"2025-12-19T11:05:53.273301Z","level":"info","event":"Formatting title: Wild At Heart","logger":"root","filename":"new_tropes_dag.py","lineno":66}
{"timestamp":"2025-12-19T11:05:53.273325Z","level":"info","event":"Formatting title: Wild Bunch The","logger":"root","filename":"new_tropes_dag.py","lineno":66}
{"timestamp":"2025-12-19T11:05:53.273348Z","level":"info","event":"Formatting title: Wild Hogs","logger":"root","filename":"new_tropes_dag.py","lineno":66}
{"timestamp":"2025-12-19T11:05:53.273372Z","level":"info","event":"Formatting title: Wild Things","logger":"root","filename":"new_tropes_dag.py","lineno":66}
{"timestamp":"2025-12-19T11:05:53.273395Z","level":"info","event":"Formatting title: Wild Things Diamonds In The Rough","logger":"root","filename":"new_tropes_dag.py","lineno":66}
{"timestamp":"2025-12-19T11:05:53.273419Z","level":"info","event":"Formatting title: Wild Wild West","logger":"root","filename":"new_tropes_dag.py","lineno":66}
{"timestamp":"2025-12-19T11:05:53.273443Z","level":"info","event":"Formatting title: Wildlife","logger":"root","filename":"new_tropes_dag.py","lineno":66}
{"timestamp":"2025-12-19T11:05:53.273468Z","level":"info","event":"Formatting title: Willow","logger":"root","filename":"new_tropes_dag.py","lineno":66}
{"timestamp":"2025-12-19T11:05:53.273492Z","level":"info","event":"Formatting title: Willy Wonka & The Chocolate Factory","logger":"root","filename":"new_tropes_dag.py","lineno":66}
{"timestamp":"2025-12-19T11:05:53.273516Z","level":"info","event":"Formatting title: Win Win","logger":"root","filename":"new_tropes_dag.py","lineno":66}
{"timestamp":"2025-12-19T11:05:53.273540Z","level":"info","event":"Formatting title: Wind Chill","logger":"root","filename":"new_tropes_dag.py","lineno":66}
{"timestamp":"2025-12-19T11:05:53.273563Z","level":"info","event":"Formatting title: Wind River","logger":"root","filename":"new_tropes_dag.py","lineno":66}
{"timestamp":"2025-12-19T11:05:53.273586Z","level":"info","event":"Formatting title: Winters Tale","logger":"root","filename":"new_tropes_dag.py","lineno":66}
{"timestamp":"2025-12-19T11:05:53.273610Z","level":"info","event":"Formatting title: Wise Guys","logger":"root","filename":"new_tropes_dag.py","lineno":66}
{"timestamp":"2025-12-19T11:05:53.273636Z","level":"info","event":"Formatting title: Withnail And I","logger":"root","filename":"new_tropes_dag.py","lineno":66}
{"timestamp":"2025-12-19T11:05:53.273662Z","level":"info","event":"Formatting title: Witness","logger":"root","filename":"new_tropes_dag.py","lineno":66}
{"timestamp":"2025-12-19T11:05:53.273687Z","level":"info","event":"Formatting title: Wizard Of Oz The","logger":"root","filename":"new_tropes_dag.py","lineno":66}
{"timestamp":"2025-12-19T11:05:53.273711Z","level":"info","event":"Formatting title: Wolf Of Wall Street The","logger":"root","filename":"new_tropes_dag.py","lineno":66}
{"timestamp":"2025-12-19T11:05:53.273735Z","level":"info","event":"Formatting title: Woman In Gold","logger":"root","filename":"new_tropes_dag.py","lineno":66}
{"timestamp":"2025-12-19T11:05:53.273759Z","level":"info","event":"Formatting title: Women Talking","logger":"root","filename":"new_tropes_dag.py","lineno":66}
{"timestamp":"2025-12-19T11:05:53.273783Z","level":"info","event":"Formatting title: Wonder Boys","logger":"root","filename":"new_tropes_dag.py","lineno":66}
{"timestamp":"2025-12-19T11:05:53.273807Z","level":"info","event":"Formatting title: Wonder Woman","logger":"root","filename":"new_tropes_dag.py","lineno":66}
{"timestamp":"2025-12-19T11:05:53.273848Z","level":"info","event":"Formatting title: Wonka","logger":"root","filename":"new_tropes_dag.py","lineno":66}
{"timestamp":"2025-12-19T11:05:53.273887Z","level":"info","event":"Formatting title: Woodsman The","logger":"root","filename":"new_tropes_dag.py","lineno":66}
{"timestamp":"2025-12-19T11:05:53.273915Z","level":"info","event":"Formatting title: Work It","logger":"root","filename":"new_tropes_dag.py","lineno":66}
{"timestamp":"2025-12-19T11:05:53.273942Z","level":"info","event":"Formatting title: Working Girl","logger":"root","filename":"new_tropes_dag.py","lineno":66}
{"timestamp":"2025-12-19T11:05:53.273969Z","level":"info","event":"Formatting title: World Is Not Enough The","logger":"root","filename":"new_tropes_dag.py","lineno":66}
{"timestamp":"2025-12-19T11:05:53.273995Z","level":"info","event":"Formatting title: Wrestler The","logger":"root","filename":"new_tropes_dag.py","lineno":66}
{"timestamp":"2025-12-19T11:05:53.274020Z","level":"info","event":"Formatting title: Wrongfully Accused","logger":"root","filename":"new_tropes_dag.py","lineno":66}
{"timestamp":"2025-12-19T11:05:53.274046Z","level":"info","event":"Formatting title: X Files Fight The Future The","logger":"root","filename":"new_tropes_dag.py","lineno":66}
{"timestamp":"2025-12-19T11:05:53.274081Z","level":"info","event":"Formatting title: X Men","logger":"root","filename":"new_tropes_dag.py","lineno":66}
{"timestamp":"2025-12-19T11:05:53.274114Z","level":"info","event":"Formatting title: X Men Days Of Future Past","logger":"root","filename":"new_tropes_dag.py","lineno":66}
{"timestamp":"2025-12-19T11:05:53.274145Z","level":"info","event":"Formatting title: X Men Origins Wolverine","logger":"root","filename":"new_tropes_dag.py","lineno":66}
{"timestamp":"2025-12-19T11:05:53.274175Z","level":"info","event":"Formatting title: X2 X Men United","logger":"root","filename":"new_tropes_dag.py","lineno":66}
{"timestamp":"2025-12-19T11:05:53.274208Z","level":"info","event":"Formatting title: Xxx","logger":"root","filename":"new_tropes_dag.py","lineno":66}
{"timestamp":"2025-12-19T11:05:53.274239Z","level":"info","event":"Formatting title: Year One","logger":"root","filename":"new_tropes_dag.py","lineno":66}
{"timestamp":"2025-12-19T11:05:53.274273Z","level":"info","event":"Formatting title: Yes Man","logger":"root","filename":"new_tropes_dag.py","lineno":66}
{"timestamp":"2025-12-19T11:05:53.274307Z","level":"info","event":"Formatting title: You Can Count On Me","logger":"root","filename":"new_tropes_dag.py","lineno":66}
{"timestamp":"2025-12-19T11:05:53.274338Z","level":"info","event":"Formatting title: You Were Never Really Here","logger":"root","filename":"new_tropes_dag.py","lineno":66}
{"timestamp":"2025-12-19T11:05:53.274398Z","level":"info","event":"Formatting title: Young Adult","logger":"root","filename":"new_tropes_dag.py","lineno":66}
{"timestamp":"2025-12-19T11:05:53.274459Z","level":"info","event":"Formatting title: Young Frankenstein","logger":"root","filename":"new_tropes_dag.py","lineno":66}
{"timestamp":"2025-12-19T11:05:53.274501Z","level":"info","event":"Formatting title: Young Guns","logger":"root","filename":"new_tropes_dag.py","lineno":66}
{"timestamp":"2025-12-19T11:05:53.274535Z","level":"info","event":"Formatting title: Youre Next","logger":"root","filename":"new_tropes_dag.py","lineno":66}
{"timestamp":"2025-12-19T11:05:53.274568Z","level":"info","event":"Formatting title: Youth In Revolt","logger":"root","filename":"new_tropes_dag.py","lineno":66}
{"timestamp":"2025-12-19T11:05:53.274596Z","level":"info","event":"Formatting title: Youve Got Mail","logger":"root","filename":"new_tropes_dag.py","lineno":66}
{"timestamp":"2025-12-19T11:05:53.274624Z","level":"info","event":"Formatting title: Zathura A Space Adventure","logger":"root","filename":"new_tropes_dag.py","lineno":66}
{"timestamp":"2025-12-19T11:05:53.274651Z","level":"info","event":"Formatting title: Zebra Girl","logger":"root","filename":"new_tropes_dag.py","lineno":66}
{"timestamp":"2025-12-19T11:05:53.274677Z","level":"info","event":"Formatting title: Zero Dark Thirty","logger":"root","filename":"new_tropes_dag.py","lineno":66}
{"timestamp":"2025-12-19T11:05:53.274704Z","level":"info","event":"Formatting title: Zerophilia","logger":"root","filename":"new_tropes_dag.py","lineno":66}
{"timestamp":"2025-12-19T11:05:53.274730Z","level":"info","event":"Formatting title: Zodiac","logger":"root","filename":"new_tropes_dag.py","lineno":66}
{"timestamp":"2025-12-19T11:05:53.274755Z","level":"info","event":"Formatting title: Zombieland","logger":"root","filename":"new_tropes_dag.py","lineno":66}
{"timestamp":"2025-12-19T11:05:53.274780Z","level":"info","event":"Formatting title: Zombieland Double Tap","logger":"root","filename":"new_tropes_dag.py","lineno":66}
{"timestamp":"2025-12-19T11:05:53.274805Z","level":"info","event":"Formatting title: Zone Of Interest The","logger":"root","filename":"new_tropes_dag.py","lineno":66}
{"timestamp":"2025-12-19T11:05:53.274830Z","level":"info","event":"Formatting title: Zootopia","logger":"root","filename":"new_tropes_dag.py","lineno":66}
{"timestamp":"2025-12-19T11:05:53.274855Z","level":"info","event":"Formatting title: ¡three Amigos","logger":"root","filename":"new_tropes_dag.py","lineno":66}
{"timestamp":"2025-12-19T11:05:53.291646Z","level":"info","event":"Finished apply_formatting step","logger":"root","filename":"new_tropes_dag.py","lineno":92}
{"timestamp":"2025-12-19T11:05:53.292437Z","level":"info","event":"Done. Returned value was: True","logger":"airflow.task.operators.airflow.providers.standard.operators.python.PythonOperator","filename":"python.py","lineno":218}
{"timestamp":"2025-12-19T11:05:53.292683Z","level":"info","event":"Pushing xcom","ti":"RuntimeTaskInstance(id=UUID('019b3649-8eaf-7c21-b8fc-c15d2c5dd5b0'), task_id='apply_formatting', dag_id='new_tropes_dag', run_id='manual__2025-12-19T11:05:48.954637+00:00', try_number=1, dag_version_id=UUID('019b363e-bd3a-7e8d-bb2f-551bef6de25e'), map_index=-1, hostname='912f1c59037a', context_carrier={}, task=<Task(PythonOperator): apply_formatting>, bundle_instance=LocalDagBundle(name=dags-folder), max_tries=1, start_date=datetime.datetime(2025, 12, 19, 11, 5, 51, 963977, tzinfo=datetime.timezone.utc), end_date=None, state=<TaskInstanceState.RUNNING: 'running'>, is_mapped=False, rendered_map_index=None)","logger":"task","filename":"task_runner.py","lineno":1352}
