{"timestamp":"2025-12-21T17:54:40.591240Z","level":"info","event":"DAG bundles loaded: dags-folder","logger":"airflow.dag_processing.bundles.manager.DagBundlesManager","filename":"manager.py","lineno":179}
{"timestamp":"2025-12-21T17:54:40.592483Z","level":"info","event":"Filling up the DagBag from /opt/airflow/dags/ingestion_dag.py","logger":"airflow.models.dagbag.DagBag","filename":"dagbag.py","lineno":593}
{"timestamp":"2025-12-21T17:54:41.054368Z","level":"info","event":"Starting apply_formatting step","logger":"root","filename":"ingestion_dag.py","lineno":106}
{"timestamp":"2025-12-21T17:54:41.070600Z","level":"info","event":"Formatting title: (500) Days Of Summer","logger":"root","filename":"ingestion_dag.py","lineno":93}
{"timestamp":"2025-12-21T17:54:41.070757Z","level":"info","event":"Formatting title: 10 Things I Hate About You","logger":"root","filename":"ingestion_dag.py","lineno":93}
{"timestamp":"2025-12-21T17:54:41.070890Z","level":"info","event":"Formatting title: 101 Dalmations","logger":"root","filename":"ingestion_dag.py","lineno":93}
{"timestamp":"2025-12-21T17:54:41.070930Z","level":"info","event":"Formatting title: 12","logger":"root","filename":"ingestion_dag.py","lineno":93}
{"timestamp":"2025-12-21T17:54:41.070965Z","level":"info","event":"Formatting title: 12 And Holding","logger":"root","filename":"ingestion_dag.py","lineno":93}
{"timestamp":"2025-12-21T17:54:41.071022Z","level":"info","event":"Formatting title: 12 Angry Men","logger":"root","filename":"ingestion_dag.py","lineno":93}
{"timestamp":"2025-12-21T17:54:41.071054Z","level":"info","event":"Formatting title: 12 Monkeys","logger":"root","filename":"ingestion_dag.py","lineno":93}
{"timestamp":"2025-12-21T17:54:41.071084Z","level":"info","event":"Formatting title: 12 Strong","logger":"root","filename":"ingestion_dag.py","lineno":93}
{"timestamp":"2025-12-21T17:54:41.071114Z","level":"info","event":"Formatting title: 12 Years A Slave","logger":"root","filename":"ingestion_dag.py","lineno":93}
{"timestamp":"2025-12-21T17:54:41.071142Z","level":"info","event":"Formatting title: 127 Hours","logger":"root","filename":"ingestion_dag.py","lineno":93}
{"timestamp":"2025-12-21T17:54:41.071170Z","level":"info","event":"Formatting title: 1408","logger":"root","filename":"ingestion_dag.py","lineno":93}
{"timestamp":"2025-12-21T17:54:41.071198Z","level":"info","event":"Formatting title: 1492 Conquest Of Paradise","logger":"root","filename":"ingestion_dag.py","lineno":93}
{"timestamp":"2025-12-21T17:54:41.071228Z","level":"info","event":"Formatting title: 15 Minutes","logger":"root","filename":"ingestion_dag.py","lineno":93}
{"timestamp":"2025-12-21T17:54:41.071263Z","level":"info","event":"Formatting title: 16 Blocks","logger":"root","filename":"ingestion_dag.py","lineno":93}
{"timestamp":"2025-12-21T17:54:41.071295Z","level":"info","event":"Formatting title: 17 Again","logger":"root","filename":"ingestion_dag.py","lineno":93}
{"timestamp":"2025-12-21T17:54:41.071324Z","level":"info","event":"Formatting title: 187","logger":"root","filename":"ingestion_dag.py","lineno":93}
{"timestamp":"2025-12-21T17:54:41.071352Z","level":"info","event":"Formatting title: 1917","logger":"root","filename":"ingestion_dag.py","lineno":93}
{"timestamp":"2025-12-21T17:54:41.071379Z","level":"info","event":"Formatting title: 2 Fast 2 Furious","logger":"root","filename":"ingestion_dag.py","lineno":93}
{"timestamp":"2025-12-21T17:54:41.071406Z","level":"info","event":"Formatting title: 2001 A Space Odyssey","logger":"root","filename":"ingestion_dag.py","lineno":93}
{"timestamp":"2025-12-21T17:54:41.071438Z","level":"info","event":"Formatting title: 2010 The Year We Make Contact","logger":"root","filename":"ingestion_dag.py","lineno":93}
{"timestamp":"2025-12-21T17:54:41.071482Z","level":"info","event":"Formatting title: 2012","logger":"root","filename":"ingestion_dag.py","lineno":93}
{"timestamp":"2025-12-21T17:54:41.071526Z","level":"info","event":"Formatting title: 20th Century Girl","logger":"root","filename":"ingestion_dag.py","lineno":93}
{"timestamp":"2025-12-21T17:54:41.071553Z","level":"info","event":"Formatting title: 20th Century Women","logger":"root","filename":"ingestion_dag.py","lineno":93}
{"timestamp":"2025-12-21T17:54:41.071578Z","level":"info","event":"Formatting title: 21 Jump Street","logger":"root","filename":"ingestion_dag.py","lineno":93}
{"timestamp":"2025-12-21T17:54:41.071604Z","level":"info","event":"Formatting title: 213","logger":"root","filename":"ingestion_dag.py","lineno":93}
{"timestamp":"2025-12-21T17:54:41.071629Z","level":"info","event":"Formatting title: 22 July","logger":"root","filename":"ingestion_dag.py","lineno":93}
{"timestamp":"2025-12-21T17:54:41.071656Z","level":"info","event":"Formatting title: 22 Jump Street","logger":"root","filename":"ingestion_dag.py","lineno":93}
{"timestamp":"2025-12-21T17:54:41.071681Z","level":"info","event":"Formatting title: 25th Hour","logger":"root","filename":"ingestion_dag.py","lineno":93}
{"timestamp":"2025-12-21T17:54:41.071707Z","level":"info","event":"Formatting title: 28 Days Later","logger":"root","filename":"ingestion_dag.py","lineno":93}
{"timestamp":"2025-12-21T17:54:41.071732Z","level":"info","event":"Formatting title: 28 Weeks Later","logger":"root","filename":"ingestion_dag.py","lineno":93}
{"timestamp":"2025-12-21T17:54:41.071757Z","level":"info","event":"Formatting title: 30 Minutes Or Less","logger":"root","filename":"ingestion_dag.py","lineno":93}
{"timestamp":"2025-12-21T17:54:41.071782Z","level":"info","event":"Formatting title: 300","logger":"root","filename":"ingestion_dag.py","lineno":93}
{"timestamp":"2025-12-21T17:54:41.071807Z","level":"info","event":"Formatting title: 42","logger":"root","filename":"ingestion_dag.py","lineno":93}
{"timestamp":"2025-12-21T17:54:41.071832Z","level":"info","event":"Formatting title: 44 Inch Chest","logger":"root","filename":"ingestion_dag.py","lineno":93}
{"timestamp":"2025-12-21T17:54:41.071858Z","level":"info","event":"Formatting title: 48 Hrs","logger":"root","filename":"ingestion_dag.py","lineno":93}
{"timestamp":"2025-12-21T17:54:41.071883Z","level":"info","event":"Formatting title: 5 To 7","logger":"root","filename":"ingestion_dag.py","lineno":93}
{"timestamp":"2025-12-21T17:54:41.071909Z","level":"info","event":"Formatting title: 50 50","logger":"root","filename":"ingestion_dag.py","lineno":93}
{"timestamp":"2025-12-21T17:54:41.071935Z","level":"info","event":"Formatting title: 500 Days Of Summer","logger":"root","filename":"ingestion_dag.py","lineno":93}
{"timestamp":"2025-12-21T17:54:41.071962Z","level":"info","event":"Formatting title: 8 Bit Christmas","logger":"root","filename":"ingestion_dag.py","lineno":93}
{"timestamp":"2025-12-21T17:54:41.072007Z","level":"info","event":"Formatting title: 8 Mile","logger":"root","filename":"ingestion_dag.py","lineno":93}
{"timestamp":"2025-12-21T17:54:41.072039Z","level":"info","event":"Formatting title: 8mm","logger":"root","filename":"ingestion_dag.py","lineno":93}
{"timestamp":"2025-12-21T17:54:41.072097Z","level":"info","event":"Formatting title: 8½","logger":"root","filename":"ingestion_dag.py","lineno":93}
{"timestamp":"2025-12-21T17:54:41.072132Z","level":"info","event":"Formatting title: 9","logger":"root","filename":"ingestion_dag.py","lineno":93}
{"timestamp":"2025-12-21T17:54:41.072162Z","level":"info","event":"Formatting title: A Beautiful Day In The Neighborhood","logger":"root","filename":"ingestion_dag.py","lineno":93}
{"timestamp":"2025-12-21T17:54:41.072191Z","level":"info","event":"Formatting title: A Beautiful Mind","logger":"root","filename":"ingestion_dag.py","lineno":93}
{"timestamp":"2025-12-21T17:54:41.072223Z","level":"info","event":"Formatting title: A Christmas Story","logger":"root","filename":"ingestion_dag.py","lineno":93}
{"timestamp":"2025-12-21T17:54:41.072253Z","level":"info","event":"Formatting title: A Clockwork Orange","logger":"root","filename":"ingestion_dag.py","lineno":93}
{"timestamp":"2025-12-21T17:54:41.072282Z","level":"info","event":"Formatting title: A Complete Unknown","logger":"root","filename":"ingestion_dag.py","lineno":93}
{"timestamp":"2025-12-21T17:54:41.072308Z","level":"info","event":"Formatting title: A Fantastic Woman","logger":"root","filename":"ingestion_dag.py","lineno":93}
{"timestamp":"2025-12-21T17:54:41.072335Z","level":"info","event":"Formatting title: A Few Good Men","logger":"root","filename":"ingestion_dag.py","lineno":93}
{"timestamp":"2025-12-21T17:54:41.072362Z","level":"info","event":"Formatting title: A Good Person","logger":"root","filename":"ingestion_dag.py","lineno":93}
{"timestamp":"2025-12-21T17:54:41.072389Z","level":"info","event":"Formatting title: A Haunting In Venice","logger":"root","filename":"ingestion_dag.py","lineno":93}
{"timestamp":"2025-12-21T17:54:41.072417Z","level":"info","event":"Formatting title: A Hero","logger":"root","filename":"ingestion_dag.py","lineno":93}
{"timestamp":"2025-12-21T17:54:41.072443Z","level":"info","event":"Formatting title: A Hidden Life","logger":"root","filename":"ingestion_dag.py","lineno":93}
{"timestamp":"2025-12-21T17:54:41.072471Z","level":"info","event":"Formatting title: A History Of Violence","logger":"root","filename":"ingestion_dag.py","lineno":93}
{"timestamp":"2025-12-21T17:54:41.072497Z","level":"info","event":"Formatting title: A Knights Tale","logger":"root","filename":"ingestion_dag.py","lineno":93}
{"timestamp":"2025-12-21T17:54:41.072528Z","level":"info","event":"Formatting title: A Knock At The Cabin","logger":"root","filename":"ingestion_dag.py","lineno":93}
{"timestamp":"2025-12-21T17:54:41.072555Z","level":"info","event":"Formatting title: A League Of Their Own","logger":"root","filename":"ingestion_dag.py","lineno":93}
{"timestamp":"2025-12-21T17:54:41.072581Z","level":"info","event":"Formatting title: A Man Called Otto","logger":"root","filename":"ingestion_dag.py","lineno":93}
{"timestamp":"2025-12-21T17:54:41.072610Z","level":"info","event":"Formatting title: A Million Miles Away","logger":"root","filename":"ingestion_dag.py","lineno":93}
{"timestamp":"2025-12-21T17:54:41.072640Z","level":"info","event":"Formatting title: A Monster Calls","logger":"root","filename":"ingestion_dag.py","lineno":93}
{"timestamp":"2025-12-21T17:54:41.072668Z","level":"info","event":"Formatting title: A Most Violent Year","logger":"root","filename":"ingestion_dag.py","lineno":93}
{"timestamp":"2025-12-21T17:54:41.072693Z","level":"info","event":"Formatting title: A New Leaf","logger":"root","filename":"ingestion_dag.py","lineno":93}
{"timestamp":"2025-12-21T17:54:41.072719Z","level":"info","event":"Formatting title: A Nightmare On Elm Street","logger":"root","filename":"ingestion_dag.py","lineno":93}
{"timestamp":"2025-12-21T17:54:41.072750Z","level":"info","event":"Formatting title: A Nightmare On Elm Street 3 Dream Warriors","logger":"root","filename":"ingestion_dag.py","lineno":93}
{"timestamp":"2025-12-21T17:54:41.072781Z","level":"info","event":"Formatting title: A Nightmare On Elm Street 5 The Dream Child","logger":"root","filename":"ingestion_dag.py","lineno":93}
{"timestamp":"2025-12-21T17:54:41.072807Z","level":"info","event":"Formatting title: A Prayer Before Dawn","logger":"root","filename":"ingestion_dag.py","lineno":93}
{"timestamp":"2025-12-21T17:54:41.072833Z","level":"info","event":"Formatting title: A Quiet Place","logger":"root","filename":"ingestion_dag.py","lineno":93}
{"timestamp":"2025-12-21T17:54:41.072859Z","level":"info","event":"Formatting title: A Real Pain","logger":"root","filename":"ingestion_dag.py","lineno":93}
{"timestamp":"2025-12-21T17:54:41.072885Z","level":"info","event":"Formatting title: A Scanner Darkly","logger":"root","filename":"ingestion_dag.py","lineno":93}
{"timestamp":"2025-12-21T17:54:41.072909Z","level":"info","event":"Formatting title: A Separation","logger":"root","filename":"ingestion_dag.py","lineno":93}
{"timestamp":"2025-12-21T17:54:41.072934Z","level":"info","event":"Formatting title: A Serious Man","logger":"root","filename":"ingestion_dag.py","lineno":93}
{"timestamp":"2025-12-21T17:54:41.072959Z","level":"info","event":"Formatting title: A Simple Favor","logger":"root","filename":"ingestion_dag.py","lineno":93}
{"timestamp":"2025-12-21T17:54:41.072985Z","level":"info","event":"Formatting title: A Simple Plan","logger":"root","filename":"ingestion_dag.py","lineno":93}
{"timestamp":"2025-12-21T17:54:41.073010Z","level":"info","event":"Formatting title: A Soldiers Story","logger":"root","filename":"ingestion_dag.py","lineno":93}
{"timestamp":"2025-12-21T17:54:41.073034Z","level":"info","event":"Formatting title: A Star Is Born","logger":"root","filename":"ingestion_dag.py","lineno":93}
{"timestamp":"2025-12-21T17:54:41.073059Z","level":"info","event":"Formatting title: A Thin Line Between Love And Hate","logger":"root","filename":"ingestion_dag.py","lineno":93}
{"timestamp":"2025-12-21T17:54:41.073087Z","level":"info","event":"Formatting title: A Time To Kill","logger":"root","filename":"ingestion_dag.py","lineno":93}
{"timestamp":"2025-12-21T17:54:41.073111Z","level":"info","event":"Formatting title: A View To A Kill","logger":"root","filename":"ingestion_dag.py","lineno":93}
{"timestamp":"2025-12-21T17:54:41.073136Z","level":"info","event":"Formatting title: About Alex","logger":"root","filename":"ingestion_dag.py","lineno":93}
{"timestamp":"2025-12-21T17:54:41.073161Z","level":"info","event":"Formatting title: Above The Law","logger":"root","filename":"ingestion_dag.py","lineno":93}
{"timestamp":"2025-12-21T17:54:41.073186Z","level":"info","event":"Formatting title: Abraham Lincoln Vampire Hunter","logger":"root","filename":"ingestion_dag.py","lineno":93}
{"timestamp":"2025-12-21T17:54:41.073211Z","level":"info","event":"Formatting title: Absolute Power","logger":"root","filename":"ingestion_dag.py","lineno":93}
{"timestamp":"2025-12-21T17:54:41.073235Z","level":"info","event":"Formatting title: Abyss The","logger":"root","filename":"ingestion_dag.py","lineno":93}
{"timestamp":"2025-12-21T17:54:41.073267Z","level":"info","event":"Formatting title: Ace Ventura Pet Detective","logger":"root","filename":"ingestion_dag.py","lineno":93}
{"timestamp":"2025-12-21T17:54:41.073297Z","level":"info","event":"Formatting title: Action Jackson","logger":"root","filename":"ingestion_dag.py","lineno":93}
{"timestamp":"2025-12-21T17:54:41.073323Z","level":"info","event":"Formatting title: Ad Astra","logger":"root","filename":"ingestion_dag.py","lineno":93}
{"timestamp":"2025-12-21T17:54:41.073351Z","level":"info","event":"Formatting title: Adaptation","logger":"root","filename":"ingestion_dag.py","lineno":93}
{"timestamp":"2025-12-21T17:54:41.073376Z","level":"info","event":"Formatting title: Addams Family The","logger":"root","filename":"ingestion_dag.py","lineno":93}
{"timestamp":"2025-12-21T17:54:41.073401Z","level":"info","event":"Formatting title: Addams Family Values","logger":"root","filename":"ingestion_dag.py","lineno":93}
{"timestamp":"2025-12-21T17:54:41.073429Z","level":"info","event":"Formatting title: Adjustment Bureau The","logger":"root","filename":"ingestion_dag.py","lineno":93}
{"timestamp":"2025-12-21T17:54:41.073464Z","level":"info","event":"Formatting title: Adventures Of Buckaroo Banzai Across The Eighth Dimension The","logger":"root","filename":"ingestion_dag.py","lineno":93}
{"timestamp":"2025-12-21T17:54:41.073494Z","level":"info","event":"Formatting title: Affliction","logger":"root","filename":"ingestion_dag.py","lineno":93}
{"timestamp":"2025-12-21T17:54:41.073520Z","level":"info","event":"Formatting title: After School Special","logger":"root","filename":"ingestion_dag.py","lineno":93}
{"timestamp":"2025-12-21T17:54:41.073549Z","level":"info","event":"Formatting title: After The Wedding","logger":"root","filename":"ingestion_dag.py","lineno":93}
{"timestamp":"2025-12-21T17:54:41.073576Z","level":"info","event":"Formatting title: Afterlife","logger":"root","filename":"ingestion_dag.py","lineno":93}
{"timestamp":"2025-12-21T17:54:41.073608Z","level":"info","event":"Formatting title: Aftersun","logger":"root","filename":"ingestion_dag.py","lineno":93}
{"timestamp":"2025-12-21T17:54:41.073639Z","level":"info","event":"Formatting title: Agnes Of God","logger":"root","filename":"ingestion_dag.py","lineno":93}
{"timestamp":"2025-12-21T17:54:41.073665Z","level":"info","event":"Formatting title: Ai","logger":"root","filename":"ingestion_dag.py","lineno":93}
{"timestamp":"2025-12-21T17:54:41.073691Z","level":"info","event":"Formatting title: Air","logger":"root","filename":"ingestion_dag.py","lineno":93}
{"timestamp":"2025-12-21T17:54:41.073722Z","level":"info","event":"Formatting title: Air Force One","logger":"root","filename":"ingestion_dag.py","lineno":93}
{"timestamp":"2025-12-21T17:54:41.073750Z","level":"info","event":"Formatting title: Airplane","logger":"root","filename":"ingestion_dag.py","lineno":93}
{"timestamp":"2025-12-21T17:54:41.073781Z","level":"info","event":"Formatting title: Airplane 2 The Sequel","logger":"root","filename":"ingestion_dag.py","lineno":93}
{"timestamp":"2025-12-21T17:54:41.073808Z","level":"info","event":"Formatting title: Aladdin","logger":"root","filename":"ingestion_dag.py","lineno":93}
{"timestamp":"2025-12-21T17:54:41.073841Z","level":"info","event":"Formatting title: Alex Cross","logger":"root","filename":"ingestion_dag.py","lineno":93}
{"timestamp":"2025-12-21T17:54:41.073870Z","level":"info","event":"Formatting title: Ali","logger":"root","filename":"ingestion_dag.py","lineno":93}
{"timestamp":"2025-12-21T17:54:41.073896Z","level":"info","event":"Formatting title: Alien","logger":"root","filename":"ingestion_dag.py","lineno":93}
{"timestamp":"2025-12-21T17:54:41.073921Z","level":"info","event":"Formatting title: Alien 3","logger":"root","filename":"ingestion_dag.py","lineno":93}
{"timestamp":"2025-12-21T17:54:41.073947Z","level":"info","event":"Formatting title: Alien Covenant","logger":"root","filename":"ingestion_dag.py","lineno":93}
{"timestamp":"2025-12-21T17:54:41.073976Z","level":"info","event":"Formatting title: Alien Nation","logger":"root","filename":"ingestion_dag.py","lineno":93}
{"timestamp":"2025-12-21T17:54:41.074009Z","level":"info","event":"Formatting title: Alien Resurrection","logger":"root","filename":"ingestion_dag.py","lineno":93}
{"timestamp":"2025-12-21T17:54:41.074036Z","level":"info","event":"Formatting title: Alien Vs Predator","logger":"root","filename":"ingestion_dag.py","lineno":93}
{"timestamp":"2025-12-21T17:54:41.074084Z","level":"info","event":"Formatting title: Alien Vs Predator Requiem","logger":"root","filename":"ingestion_dag.py","lineno":93}
{"timestamp":"2025-12-21T17:54:41.074123Z","level":"info","event":"Formatting title: Aliens","logger":"root","filename":"ingestion_dag.py","lineno":93}
{"timestamp":"2025-12-21T17:54:41.074158Z","level":"info","event":"Formatting title: Aligarh","logger":"root","filename":"ingestion_dag.py","lineno":93}
{"timestamp":"2025-12-21T17:54:41.074188Z","level":"info","event":"Formatting title: All About Eve","logger":"root","filename":"ingestion_dag.py","lineno":93}
{"timestamp":"2025-12-21T17:54:41.074216Z","level":"info","event":"Formatting title: All About Steve","logger":"root","filename":"ingestion_dag.py","lineno":93}
{"timestamp":"2025-12-21T17:54:41.074252Z","level":"info","event":"Formatting title: All Is Lost","logger":"root","filename":"ingestion_dag.py","lineno":93}
{"timestamp":"2025-12-21T17:54:41.074280Z","level":"info","event":"Formatting title: All Is True","logger":"root","filename":"ingestion_dag.py","lineno":93}
{"timestamp":"2025-12-21T17:54:41.074322Z","level":"info","event":"Formatting title: All Of Us Strangers","logger":"root","filename":"ingestion_dag.py","lineno":93}
{"timestamp":"2025-12-21T17:54:41.074359Z","level":"info","event":"Formatting title: All Quiet On The Western Front","logger":"root","filename":"ingestion_dag.py","lineno":93}
{"timestamp":"2025-12-21T17:54:41.074397Z","level":"info","event":"Formatting title: All The Boy Love Mandy Lane","logger":"root","filename":"ingestion_dag.py","lineno":93}
{"timestamp":"2025-12-21T17:54:41.074427Z","level":"info","event":"Formatting title: All The Kings Men","logger":"root","filename":"ingestion_dag.py","lineno":93}
{"timestamp":"2025-12-21T17:54:41.074469Z","level":"info","event":"Formatting title: All The Money In The World","logger":"root","filename":"ingestion_dag.py","lineno":93}
{"timestamp":"2025-12-21T17:54:41.074502Z","level":"info","event":"Formatting title: All The Old Knives","logger":"root","filename":"ingestion_dag.py","lineno":93}
{"timestamp":"2025-12-21T17:54:41.074697Z","level":"info","event":"Formatting title: All The Presidents Men","logger":"root","filename":"ingestion_dag.py","lineno":93}
{"timestamp":"2025-12-21T17:54:41.074776Z","level":"info","event":"Formatting title: Almost Famous","logger":"root","filename":"ingestion_dag.py","lineno":93}
{"timestamp":"2025-12-21T17:54:41.074822Z","level":"info","event":"Formatting title: Alone In The Dark","logger":"root","filename":"ingestion_dag.py","lineno":93}
{"timestamp":"2025-12-21T17:54:41.074857Z","level":"info","event":"Formatting title: Altered States","logger":"root","filename":"ingestion_dag.py","lineno":93}
{"timestamp":"2025-12-21T17:54:41.074887Z","level":"info","event":"Formatting title: Amadeus","logger":"root","filename":"ingestion_dag.py","lineno":93}
{"timestamp":"2025-12-21T17:54:41.074916Z","level":"info","event":"Formatting title: Ambulance","logger":"root","filename":"ingestion_dag.py","lineno":93}
{"timestamp":"2025-12-21T17:54:41.075035Z","level":"info","event":"Formatting title: Amelia","logger":"root","filename":"ingestion_dag.py","lineno":93}
{"timestamp":"2025-12-21T17:54:41.075272Z","level":"info","event":"Formatting title: American Animals","logger":"root","filename":"ingestion_dag.py","lineno":93}
{"timestamp":"2025-12-21T17:54:41.075337Z","level":"info","event":"Formatting title: American Beauty","logger":"root","filename":"ingestion_dag.py","lineno":93}
{"timestamp":"2025-12-21T17:54:41.075375Z","level":"info","event":"Formatting title: American Fiction","logger":"root","filename":"ingestion_dag.py","lineno":93}
{"timestamp":"2025-12-21T17:54:41.075404Z","level":"info","event":"Formatting title: American Gangster","logger":"root","filename":"ingestion_dag.py","lineno":93}
{"timestamp":"2025-12-21T17:54:41.075440Z","level":"info","event":"Formatting title: American Graffiti","logger":"root","filename":"ingestion_dag.py","lineno":93}
{"timestamp":"2025-12-21T17:54:41.075472Z","level":"info","event":"Formatting title: American History X","logger":"root","filename":"ingestion_dag.py","lineno":93}
{"timestamp":"2025-12-21T17:54:41.075505Z","level":"info","event":"Formatting title: American Hustle","logger":"root","filename":"ingestion_dag.py","lineno":93}
{"timestamp":"2025-12-21T17:54:41.075541Z","level":"info","event":"Formatting title: American Madness","logger":"root","filename":"ingestion_dag.py","lineno":93}
{"timestamp":"2025-12-21T17:54:41.075573Z","level":"info","event":"Formatting title: American Milkshake","logger":"root","filename":"ingestion_dag.py","lineno":93}
{"timestamp":"2025-12-21T17:54:41.075604Z","level":"info","event":"Formatting title: American Outlaws","logger":"root","filename":"ingestion_dag.py","lineno":93}
{"timestamp":"2025-12-21T17:54:41.075630Z","level":"info","event":"Formatting title: American Pie","logger":"root","filename":"ingestion_dag.py","lineno":93}
{"timestamp":"2025-12-21T17:54:41.075661Z","level":"info","event":"Formatting title: American President The","logger":"root","filename":"ingestion_dag.py","lineno":93}
{"timestamp":"2025-12-21T17:54:41.075691Z","level":"info","event":"Formatting title: American Psycho","logger":"root","filename":"ingestion_dag.py","lineno":93}
{"timestamp":"2025-12-21T17:54:41.075719Z","level":"info","event":"Formatting title: American Shaolin King Of Kickboxers 2","logger":"root","filename":"ingestion_dag.py","lineno":93}
{"timestamp":"2025-12-21T17:54:41.075747Z","level":"info","event":"Formatting title: American Sniper","logger":"root","filename":"ingestion_dag.py","lineno":93}
{"timestamp":"2025-12-21T17:54:41.075777Z","level":"info","event":"Formatting title: American Splendor","logger":"root","filename":"ingestion_dag.py","lineno":93}
{"timestamp":"2025-12-21T17:54:41.075803Z","level":"info","event":"Formatting title: American The","logger":"root","filename":"ingestion_dag.py","lineno":93}
{"timestamp":"2025-12-21T17:54:41.075832Z","level":"info","event":"Formatting title: American Ultra","logger":"root","filename":"ingestion_dag.py","lineno":93}
{"timestamp":"2025-12-21T17:54:41.075860Z","level":"info","event":"Formatting title: American Werewolf In London","logger":"root","filename":"ingestion_dag.py","lineno":93}
{"timestamp":"2025-12-21T17:54:41.075889Z","level":"info","event":"Formatting title: Amistad","logger":"root","filename":"ingestion_dag.py","lineno":93}
{"timestamp":"2025-12-21T17:54:41.075920Z","level":"info","event":"Formatting title: Amityville Asylum The","logger":"root","filename":"ingestion_dag.py","lineno":93}
{"timestamp":"2025-12-21T17:54:41.075947Z","level":"info","event":"Formatting title: Amour","logger":"root","filename":"ingestion_dag.py","lineno":93}
{"timestamp":"2025-12-21T17:54:41.076000Z","level":"info","event":"Formatting title: Amsterdam","logger":"root","filename":"ingestion_dag.py","lineno":93}
{"timestamp":"2025-12-21T17:54:41.076049Z","level":"info","event":"Formatting title: Amélie","logger":"root","filename":"ingestion_dag.py","lineno":93}
{"timestamp":"2025-12-21T17:54:41.076095Z","level":"info","event":"Formatting title: An Affair To Remember","logger":"root","filename":"ingestion_dag.py","lineno":93}
{"timestamp":"2025-12-21T17:54:41.076125Z","level":"info","event":"Formatting title: An American Werewolf In London","logger":"root","filename":"ingestion_dag.py","lineno":93}
{"timestamp":"2025-12-21T17:54:41.076156Z","level":"info","event":"Formatting title: An Education","logger":"root","filename":"ingestion_dag.py","lineno":93}
{"timestamp":"2025-12-21T17:54:41.076183Z","level":"info","event":"Formatting title: An Unmarried Woman","logger":"root","filename":"ingestion_dag.py","lineno":93}
{"timestamp":"2025-12-21T17:54:41.076212Z","level":"info","event":"Formatting title: Anaconda","logger":"root","filename":"ingestion_dag.py","lineno":93}
{"timestamp":"2025-12-21T17:54:41.076244Z","level":"info","event":"Formatting title: Analyze That","logger":"root","filename":"ingestion_dag.py","lineno":93}
{"timestamp":"2025-12-21T17:54:41.076273Z","level":"info","event":"Formatting title: Analyze This","logger":"root","filename":"ingestion_dag.py","lineno":93}
{"timestamp":"2025-12-21T17:54:41.076301Z","level":"info","event":"Formatting title: Anastasia","logger":"root","filename":"ingestion_dag.py","lineno":93}
{"timestamp":"2025-12-21T17:54:41.076328Z","level":"info","event":"Formatting title: Anatomy Of A Fall","logger":"root","filename":"ingestion_dag.py","lineno":93}
{"timestamp":"2025-12-21T17:54:41.076357Z","level":"info","event":"Formatting title: Anatomy Of A Murder","logger":"root","filename":"ingestion_dag.py","lineno":93}
{"timestamp":"2025-12-21T17:54:41.076387Z","level":"info","event":"Formatting title: Anchorman The Legend Of Ron Burgundy","logger":"root","filename":"ingestion_dag.py","lineno":93}
{"timestamp":"2025-12-21T17:54:41.076424Z","level":"info","event":"Formatting title: Angel Eyes","logger":"root","filename":"ingestion_dag.py","lineno":93}
{"timestamp":"2025-12-21T17:54:41.076461Z","level":"info","event":"Formatting title: Angels & Demons","logger":"root","filename":"ingestion_dag.py","lineno":93}
{"timestamp":"2025-12-21T17:54:41.076493Z","level":"info","event":"Formatting title: Angels With Dirty Faces","logger":"root","filename":"ingestion_dag.py","lineno":93}
{"timestamp":"2025-12-21T17:54:41.076520Z","level":"info","event":"Formatting title: Anger Management","logger":"root","filename":"ingestion_dag.py","lineno":93}
{"timestamp":"2025-12-21T17:54:41.076547Z","level":"info","event":"Formatting title: Animal Kingdom","logger":"root","filename":"ingestion_dag.py","lineno":93}
{"timestamp":"2025-12-21T17:54:41.076575Z","level":"info","event":"Formatting title: Anna Karenina","logger":"root","filename":"ingestion_dag.py","lineno":93}
{"timestamp":"2025-12-21T17:54:41.076618Z","level":"info","event":"Formatting title: Annabelle","logger":"root","filename":"ingestion_dag.py","lineno":93}
{"timestamp":"2025-12-21T17:54:41.076645Z","level":"info","event":"Formatting title: Annette","logger":"root","filename":"ingestion_dag.py","lineno":93}
{"timestamp":"2025-12-21T17:54:41.076674Z","level":"info","event":"Formatting title: Annie Hall","logger":"root","filename":"ingestion_dag.py","lineno":93}
{"timestamp":"2025-12-21T17:54:41.076701Z","level":"info","event":"Formatting title: Annihilation","logger":"root","filename":"ingestion_dag.py","lineno":93}
{"timestamp":"2025-12-21T17:54:41.076728Z","level":"info","event":"Formatting title: Anniversary Party The","logger":"root","filename":"ingestion_dag.py","lineno":93}
{"timestamp":"2025-12-21T17:54:41.076756Z","level":"info","event":"Formatting title: Anonymous","logger":"root","filename":"ingestion_dag.py","lineno":93}
{"timestamp":"2025-12-21T17:54:41.076782Z","level":"info","event":"Formatting title: Anora","logger":"root","filename":"ingestion_dag.py","lineno":93}
{"timestamp":"2025-12-21T17:54:41.076809Z","level":"info","event":"Formatting title: Another 48 Hrs","logger":"root","filename":"ingestion_dag.py","lineno":93}
{"timestamp":"2025-12-21T17:54:41.076836Z","level":"info","event":"Formatting title: Another Year","logger":"root","filename":"ingestion_dag.py","lineno":93}
{"timestamp":"2025-12-21T17:54:41.076862Z","level":"info","event":"Formatting title: Antebellum","logger":"root","filename":"ingestion_dag.py","lineno":93}
{"timestamp":"2025-12-21T17:54:41.076889Z","level":"info","event":"Formatting title: Anthropoid","logger":"root","filename":"ingestion_dag.py","lineno":93}
{"timestamp":"2025-12-21T17:54:41.076914Z","level":"info","event":"Formatting title: Antitrust","logger":"root","filename":"ingestion_dag.py","lineno":93}
{"timestamp":"2025-12-21T17:54:41.076973Z","level":"info","event":"Formatting title: Antz","logger":"root","filename":"ingestion_dag.py","lineno":93}
{"timestamp":"2025-12-21T17:54:41.077015Z","level":"info","event":"Formatting title: Any Given Sunday","logger":"root","filename":"ingestion_dag.py","lineno":93}
{"timestamp":"2025-12-21T17:54:41.077046Z","level":"info","event":"Formatting title: Apartment The","logger":"root","filename":"ingestion_dag.py","lineno":93}
{"timestamp":"2025-12-21T17:54:41.077078Z","level":"info","event":"Formatting title: Apocalypse Now","logger":"root","filename":"ingestion_dag.py","lineno":93}
{"timestamp":"2025-12-21T17:54:41.077110Z","level":"info","event":"Formatting title: Apollo 13","logger":"root","filename":"ingestion_dag.py","lineno":93}
{"timestamp":"2025-12-21T17:54:41.077138Z","level":"info","event":"Formatting title: April Fools Day","logger":"root","filename":"ingestion_dag.py","lineno":93}
{"timestamp":"2025-12-21T17:54:41.077166Z","level":"info","event":"Formatting title: Apt Pupil","logger":"root","filename":"ingestion_dag.py","lineno":93}
{"timestamp":"2025-12-21T17:54:41.077192Z","level":"info","event":"Formatting title: Arbitrage","logger":"root","filename":"ingestion_dag.py","lineno":93}
{"timestamp":"2025-12-21T17:54:41.077218Z","level":"info","event":"Formatting title: Arcade","logger":"root","filename":"ingestion_dag.py","lineno":93}
{"timestamp":"2025-12-21T17:54:41.077245Z","level":"info","event":"Formatting title: Arctic Blue","logger":"root","filename":"ingestion_dag.py","lineno":93}
{"timestamp":"2025-12-21T17:54:41.077272Z","level":"info","event":"Formatting title: Argentina 1985","logger":"root","filename":"ingestion_dag.py","lineno":93}
{"timestamp":"2025-12-21T17:54:41.077297Z","level":"info","event":"Formatting title: Argo","logger":"root","filename":"ingestion_dag.py","lineno":93}
{"timestamp":"2025-12-21T17:54:41.077325Z","level":"info","event":"Formatting title: Armageddon","logger":"root","filename":"ingestion_dag.py","lineno":93}
{"timestamp":"2025-12-21T17:54:41.077359Z","level":"info","event":"Formatting title: Armageddon Time","logger":"root","filename":"ingestion_dag.py","lineno":93}
{"timestamp":"2025-12-21T17:54:41.077387Z","level":"info","event":"Formatting title: Armed And Dangerous","logger":"root","filename":"ingestion_dag.py","lineno":93}
{"timestamp":"2025-12-21T17:54:41.077414Z","level":"info","event":"Formatting title: Army Of Darkness","logger":"root","filename":"ingestion_dag.py","lineno":93}
{"timestamp":"2025-12-21T17:54:41.077444Z","level":"info","event":"Formatting title: Arrival","logger":"root","filename":"ingestion_dag.py","lineno":93}
{"timestamp":"2025-12-21T17:54:41.077470Z","level":"info","event":"Formatting title: Arsenic And Old Lace","logger":"root","filename":"ingestion_dag.py","lineno":93}
{"timestamp":"2025-12-21T17:54:41.077502Z","level":"info","event":"Formatting title: Arthur","logger":"root","filename":"ingestion_dag.py","lineno":93}
{"timestamp":"2025-12-21T17:54:41.077530Z","level":"info","event":"Formatting title: Artist The","logger":"root","filename":"ingestion_dag.py","lineno":93}
{"timestamp":"2025-12-21T17:54:41.077560Z","level":"info","event":"Formatting title: As Good As It Gets","logger":"root","filename":"ingestion_dag.py","lineno":93}
{"timestamp":"2025-12-21T17:54:41.077586Z","level":"info","event":"Formatting title: Ask The Dust","logger":"root","filename":"ingestion_dag.py","lineno":93}
{"timestamp":"2025-12-21T17:54:41.077611Z","level":"info","event":"Formatting title: Assassination Nation","logger":"root","filename":"ingestion_dag.py","lineno":93}
{"timestamp":"2025-12-21T17:54:41.077636Z","level":"info","event":"Formatting title: Assassins","logger":"root","filename":"ingestion_dag.py","lineno":93}
{"timestamp":"2025-12-21T17:54:41.077661Z","level":"info","event":"Formatting title: Assault On Precinct 13","logger":"root","filename":"ingestion_dag.py","lineno":93}
{"timestamp":"2025-12-21T17:54:41.077687Z","level":"info","event":"Formatting title: Assignment The","logger":"root","filename":"ingestion_dag.py","lineno":93}
{"timestamp":"2025-12-21T17:54:41.077713Z","level":"info","event":"Formatting title: Asteroid City","logger":"root","filename":"ingestion_dag.py","lineno":93}
{"timestamp":"2025-12-21T17:54:41.077737Z","level":"info","event":"Formatting title: At First Sight","logger":"root","filename":"ingestion_dag.py","lineno":93}
{"timestamp":"2025-12-21T17:54:41.077762Z","level":"info","event":"Formatting title: Atomic Blonde","logger":"root","filename":"ingestion_dag.py","lineno":93}
{"timestamp":"2025-12-21T17:54:41.077786Z","level":"info","event":"Formatting title: Attack The Block","logger":"root","filename":"ingestion_dag.py","lineno":93}
{"timestamp":"2025-12-21T17:54:41.077811Z","level":"info","event":"Formatting title: Audrey Rose","logger":"root","filename":"ingestion_dag.py","lineno":93}
{"timestamp":"2025-12-21T17:54:41.077835Z","level":"info","event":"Formatting title: August Osage County","logger":"root","filename":"ingestion_dag.py","lineno":93}
{"timestamp":"2025-12-21T17:54:41.077860Z","level":"info","event":"Formatting title: Austin Powers International Man Of Mystery","logger":"root","filename":"ingestion_dag.py","lineno":93}
{"timestamp":"2025-12-21T17:54:41.077886Z","level":"info","event":"Formatting title: Austin Powers The Spy Who Shagged Me","logger":"root","filename":"ingestion_dag.py","lineno":93}
{"timestamp":"2025-12-21T17:54:41.077911Z","level":"info","event":"Formatting title: Authors Anonymous","logger":"root","filename":"ingestion_dag.py","lineno":93}
{"timestamp":"2025-12-21T17:54:41.077945Z","level":"info","event":"Formatting title: Autumn In New York","logger":"root","filename":"ingestion_dag.py","lineno":93}
{"timestamp":"2025-12-21T17:54:41.077972Z","level":"info","event":"Formatting title: Avatar","logger":"root","filename":"ingestion_dag.py","lineno":93}
{"timestamp":"2025-12-21T17:54:41.077997Z","level":"info","event":"Formatting title: Avengers Endgame","logger":"root","filename":"ingestion_dag.py","lineno":93}
{"timestamp":"2025-12-21T17:54:41.078022Z","level":"info","event":"Formatting title: Avengers The","logger":"root","filename":"ingestion_dag.py","lineno":93}
{"timestamp":"2025-12-21T17:54:41.078048Z","level":"info","event":"Formatting title: Avengers The (2012)","logger":"root","filename":"ingestion_dag.py","lineno":93}
{"timestamp":"2025-12-21T17:54:41.078073Z","level":"info","event":"Formatting title: Avp Alien Vs Predator","logger":"root","filename":"ingestion_dag.py","lineno":93}
{"timestamp":"2025-12-21T17:54:41.078097Z","level":"info","event":"Formatting title: Avventura L (the Adventure)","logger":"root","filename":"ingestion_dag.py","lineno":93}
{"timestamp":"2025-12-21T17:54:41.078122Z","level":"info","event":"Formatting title: Awakenings","logger":"root","filename":"ingestion_dag.py","lineno":93}
{"timestamp":"2025-12-21T17:54:41.078147Z","level":"info","event":"Formatting title: Babel","logger":"root","filename":"ingestion_dag.py","lineno":93}
{"timestamp":"2025-12-21T17:54:41.078173Z","level":"info","event":"Formatting title: Baby Boy","logger":"root","filename":"ingestion_dag.py","lineno":93}
{"timestamp":"2025-12-21T17:54:41.078199Z","level":"info","event":"Formatting title: Baby Driver","logger":"root","filename":"ingestion_dag.py","lineno":93}
{"timestamp":"2025-12-21T17:54:41.078225Z","level":"info","event":"Formatting title: Babylon","logger":"root","filename":"ingestion_dag.py","lineno":93}
{"timestamp":"2025-12-21T17:54:41.078254Z","level":"info","event":"Formatting title: Bachelor Party","logger":"root","filename":"ingestion_dag.py","lineno":93}
{"timestamp":"2025-12-21T17:54:41.078280Z","level":"info","event":"Formatting title: Bachelor Party The","logger":"root","filename":"ingestion_dag.py","lineno":93}
{"timestamp":"2025-12-21T17:54:41.078304Z","level":"info","event":"Formatting title: Back To The Future","logger":"root","filename":"ingestion_dag.py","lineno":93}
{"timestamp":"2025-12-21T17:54:41.078329Z","level":"info","event":"Formatting title: Back To The Future 2 & 3","logger":"root","filename":"ingestion_dag.py","lineno":93}
{"timestamp":"2025-12-21T17:54:41.078355Z","level":"info","event":"Formatting title: Back Up Plan The","logger":"root","filename":"ingestion_dag.py","lineno":93}
{"timestamp":"2025-12-21T17:54:41.078382Z","level":"info","event":"Formatting title: Backdraft","logger":"root","filename":"ingestion_dag.py","lineno":93}
{"timestamp":"2025-12-21T17:54:41.078406Z","level":"info","event":"Formatting title: Bad Boys","logger":"root","filename":"ingestion_dag.py","lineno":93}
{"timestamp":"2025-12-21T17:54:41.078430Z","level":"info","event":"Formatting title: Bad Boys For Life","logger":"root","filename":"ingestion_dag.py","lineno":93}
{"timestamp":"2025-12-21T17:54:41.078455Z","level":"info","event":"Formatting title: Bad Country","logger":"root","filename":"ingestion_dag.py","lineno":93}
{"timestamp":"2025-12-21T17:54:41.078481Z","level":"info","event":"Formatting title: Bad Day At Black Rock","logger":"root","filename":"ingestion_dag.py","lineno":93}
{"timestamp":"2025-12-21T17:54:41.078505Z","level":"info","event":"Formatting title: Bad Dreams","logger":"root","filename":"ingestion_dag.py","lineno":93}
{"timestamp":"2025-12-21T17:54:41.078530Z","level":"info","event":"Formatting title: Bad Lieutenant","logger":"root","filename":"ingestion_dag.py","lineno":93}
{"timestamp":"2025-12-21T17:54:41.078556Z","level":"info","event":"Formatting title: Bad Moms","logger":"root","filename":"ingestion_dag.py","lineno":93}
{"timestamp":"2025-12-21T17:54:41.078580Z","level":"info","event":"Formatting title: Bad Moon","logger":"root","filename":"ingestion_dag.py","lineno":93}
{"timestamp":"2025-12-21T17:54:41.078605Z","level":"info","event":"Formatting title: Bad Santa","logger":"root","filename":"ingestion_dag.py","lineno":93}
{"timestamp":"2025-12-21T17:54:41.078630Z","level":"info","event":"Formatting title: Bad Teacher","logger":"root","filename":"ingestion_dag.py","lineno":93}
{"timestamp":"2025-12-21T17:54:41.078654Z","level":"info","event":"Formatting title: Bad Times At The El Royale","logger":"root","filename":"ingestion_dag.py","lineno":93}
{"timestamp":"2025-12-21T17:54:41.078683Z","level":"info","event":"Formatting title: Badlands","logger":"root","filename":"ingestion_dag.py","lineno":93}
{"timestamp":"2025-12-21T17:54:41.078709Z","level":"info","event":"Formatting title: Bamboozled","logger":"root","filename":"ingestion_dag.py","lineno":93}
{"timestamp":"2025-12-21T17:54:41.078733Z","level":"info","event":"Formatting title: Barb And Star Go To Vista Del Mar","logger":"root","filename":"ingestion_dag.py","lineno":93}
{"timestamp":"2025-12-21T17:54:41.078759Z","level":"info","event":"Formatting title: Barbarian","logger":"root","filename":"ingestion_dag.py","lineno":93}
{"timestamp":"2025-12-21T17:54:41.078784Z","level":"info","event":"Formatting title: Barbershop","logger":"root","filename":"ingestion_dag.py","lineno":93}
{"timestamp":"2025-12-21T17:54:41.078810Z","level":"info","event":"Formatting title: Barbie","logger":"root","filename":"ingestion_dag.py","lineno":93}
{"timestamp":"2025-12-21T17:54:41.078835Z","level":"info","event":"Formatting title: Barry Lyndon","logger":"root","filename":"ingestion_dag.py","lineno":93}
{"timestamp":"2025-12-21T17:54:41.078861Z","level":"info","event":"Formatting title: Barton Fink","logger":"root","filename":"ingestion_dag.py","lineno":93}
{"timestamp":"2025-12-21T17:54:41.078886Z","level":"info","event":"Formatting title: Basic","logger":"root","filename":"ingestion_dag.py","lineno":93}
{"timestamp":"2025-12-21T17:54:41.078913Z","level":"info","event":"Formatting title: Basic Instinct","logger":"root","filename":"ingestion_dag.py","lineno":93}
{"timestamp":"2025-12-21T17:54:41.078954Z","level":"info","event":"Formatting title: Basic Instinct 2","logger":"root","filename":"ingestion_dag.py","lineno":93}
{"timestamp":"2025-12-21T17:54:41.078993Z","level":"info","event":"Formatting title: Basket Case","logger":"root","filename":"ingestion_dag.py","lineno":93}
{"timestamp":"2025-12-21T17:54:41.079022Z","level":"info","event":"Formatting title: Basquiat","logger":"root","filename":"ingestion_dag.py","lineno":93}
{"timestamp":"2025-12-21T17:54:41.079050Z","level":"info","event":"Formatting title: Batman","logger":"root","filename":"ingestion_dag.py","lineno":93}
{"timestamp":"2025-12-21T17:54:41.079077Z","level":"info","event":"Formatting title: Batman & Robin","logger":"root","filename":"ingestion_dag.py","lineno":93}
{"timestamp":"2025-12-21T17:54:41.079104Z","level":"info","event":"Formatting title: Batman 2","logger":"root","filename":"ingestion_dag.py","lineno":93}
{"timestamp":"2025-12-21T17:54:41.079134Z","level":"info","event":"Formatting title: Batman And Robin","logger":"root","filename":"ingestion_dag.py","lineno":93}
{"timestamp":"2025-12-21T17:54:41.079161Z","level":"info","event":"Formatting title: Batman Begins","logger":"root","filename":"ingestion_dag.py","lineno":93}
{"timestamp":"2025-12-21T17:54:41.079188Z","level":"info","event":"Formatting title: Batman Forever","logger":"root","filename":"ingestion_dag.py","lineno":93}
{"timestamp":"2025-12-21T17:54:41.079214Z","level":"info","event":"Formatting title: Batman Mask Of The Phantasm","logger":"root","filename":"ingestion_dag.py","lineno":93}
{"timestamp":"2025-12-21T17:54:41.079246Z","level":"info","event":"Formatting title: Batman Returns","logger":"root","filename":"ingestion_dag.py","lineno":93}
{"timestamp":"2025-12-21T17:54:41.079272Z","level":"info","event":"Formatting title: Battle Los Angeles","logger":"root","filename":"ingestion_dag.py","lineno":93}
{"timestamp":"2025-12-21T17:54:41.079298Z","level":"info","event":"Formatting title: Battle Of Algiers The","logger":"root","filename":"ingestion_dag.py","lineno":93}
{"timestamp":"2025-12-21T17:54:41.079324Z","level":"info","event":"Formatting title: Battle Of Shaker Heights The","logger":"root","filename":"ingestion_dag.py","lineno":93}
{"timestamp":"2025-12-21T17:54:41.079351Z","level":"info","event":"Formatting title: Battle Of The Sexes","logger":"root","filename":"ingestion_dag.py","lineno":93}
{"timestamp":"2025-12-21T17:54:41.079375Z","level":"info","event":"Formatting title: Battlefield Earth","logger":"root","filename":"ingestion_dag.py","lineno":93}
{"timestamp":"2025-12-21T17:54:41.079400Z","level":"info","event":"Formatting title: Baywatch","logger":"root","filename":"ingestion_dag.py","lineno":93}
{"timestamp":"2025-12-21T17:54:41.079425Z","level":"info","event":"Formatting title: Beach The","logger":"root","filename":"ingestion_dag.py","lineno":93}
{"timestamp":"2025-12-21T17:54:41.079452Z","level":"info","event":"Formatting title: Bean","logger":"root","filename":"ingestion_dag.py","lineno":93}
{"timestamp":"2025-12-21T17:54:41.079478Z","level":"info","event":"Formatting title: Beasts Of No Nation","logger":"root","filename":"ingestion_dag.py","lineno":93}
{"timestamp":"2025-12-21T17:54:41.079513Z","level":"info","event":"Formatting title: Beasts Of The Southern Wild","logger":"root","filename":"ingestion_dag.py","lineno":93}
{"timestamp":"2025-12-21T17:54:41.079553Z","level":"info","event":"Formatting title: Beau Is Afraid","logger":"root","filename":"ingestion_dag.py","lineno":93}
{"timestamp":"2025-12-21T17:54:41.079583Z","level":"info","event":"Formatting title: Beautiful Boy","logger":"root","filename":"ingestion_dag.py","lineno":93}
{"timestamp":"2025-12-21T17:54:41.079614Z","level":"info","event":"Formatting title: Beauty And The Beast","logger":"root","filename":"ingestion_dag.py","lineno":93}
{"timestamp":"2025-12-21T17:54:41.079646Z","level":"info","event":"Formatting title: Beavis And Butt Head Do America","logger":"root","filename":"ingestion_dag.py","lineno":93}
{"timestamp":"2025-12-21T17:54:41.079677Z","level":"info","event":"Formatting title: Beekeeper The","logger":"root","filename":"ingestion_dag.py","lineno":93}
{"timestamp":"2025-12-21T17:54:41.079704Z","level":"info","event":"Formatting title: Beetlejuice","logger":"root","filename":"ingestion_dag.py","lineno":93}
{"timestamp":"2025-12-21T17:54:41.079729Z","level":"info","event":"Formatting title: Before Midnight","logger":"root","filename":"ingestion_dag.py","lineno":93}
{"timestamp":"2025-12-21T17:54:41.079754Z","level":"info","event":"Formatting title: Beginners","logger":"root","filename":"ingestion_dag.py","lineno":93}
{"timestamp":"2025-12-21T17:54:41.079779Z","level":"info","event":"Formatting title: Being Human","logger":"root","filename":"ingestion_dag.py","lineno":93}
{"timestamp":"2025-12-21T17:54:41.079805Z","level":"info","event":"Formatting title: Being John Malkovich","logger":"root","filename":"ingestion_dag.py","lineno":93}
{"timestamp":"2025-12-21T17:54:41.079830Z","level":"info","event":"Formatting title: Being The Ricardos","logger":"root","filename":"ingestion_dag.py","lineno":93}
{"timestamp":"2025-12-21T17:54:41.079855Z","level":"info","event":"Formatting title: Being There","logger":"root","filename":"ingestion_dag.py","lineno":93}
{"timestamp":"2025-12-21T17:54:41.079880Z","level":"info","event":"Formatting title: Belfast","logger":"root","filename":"ingestion_dag.py","lineno":93}
{"timestamp":"2025-12-21T17:54:41.079905Z","level":"info","event":"Formatting title: Believer The","logger":"root","filename":"ingestion_dag.py","lineno":93}
{"timestamp":"2025-12-21T17:54:41.079930Z","level":"info","event":"Formatting title: Belle","logger":"root","filename":"ingestion_dag.py","lineno":93}
{"timestamp":"2025-12-21T17:54:41.079955Z","level":"info","event":"Formatting title: Beloved","logger":"root","filename":"ingestion_dag.py","lineno":93}
{"timestamp":"2025-12-21T17:54:41.079980Z","level":"info","event":"Formatting title: Benny & Joon","logger":"root","filename":"ingestion_dag.py","lineno":93}
{"timestamp":"2025-12-21T17:54:41.080057Z","level":"info","event":"Formatting title: Best Exotic Marigold Hotel The","logger":"root","filename":"ingestion_dag.py","lineno":93}
{"timestamp":"2025-12-21T17:54:41.080088Z","level":"info","event":"Formatting title: Better Man","logger":"root","filename":"ingestion_dag.py","lineno":93}
{"timestamp":"2025-12-21T17:54:41.080117Z","level":"info","event":"Formatting title: Beverly Hills Cop","logger":"root","filename":"ingestion_dag.py","lineno":93}
{"timestamp":"2025-12-21T17:54:41.080150Z","level":"info","event":"Formatting title: Big","logger":"root","filename":"ingestion_dag.py","lineno":93}
{"timestamp":"2025-12-21T17:54:41.080178Z","level":"info","event":"Formatting title: Big Blue The","logger":"root","filename":"ingestion_dag.py","lineno":93}
{"timestamp":"2025-12-21T17:54:41.080205Z","level":"info","event":"Formatting title: Big Eyes","logger":"root","filename":"ingestion_dag.py","lineno":93}
{"timestamp":"2025-12-21T17:54:41.080232Z","level":"info","event":"Formatting title: Big Fish","logger":"root","filename":"ingestion_dag.py","lineno":93}
{"timestamp":"2025-12-21T17:54:41.139741Z","level":"info","event":"Formatting title: Big Lebowski The","logger":"root","filename":"ingestion_dag.py","lineno":93}
{"timestamp":"2025-12-21T17:54:41.139842Z","level":"info","event":"Formatting title: Big Sick The","logger":"root","filename":"ingestion_dag.py","lineno":93}
{"timestamp":"2025-12-21T17:54:41.139883Z","level":"info","event":"Formatting title: Big Time Adolescence","logger":"root","filename":"ingestion_dag.py","lineno":93}
{"timestamp":"2025-12-21T17:54:41.139918Z","level":"info","event":"Formatting title: Big Trouble In Little China","logger":"root","filename":"ingestion_dag.py","lineno":93}
{"timestamp":"2025-12-21T17:54:41.139948Z","level":"info","event":"Formatting title: Big White The","logger":"root","filename":"ingestion_dag.py","lineno":93}
{"timestamp":"2025-12-21T17:54:41.139977Z","level":"info","event":"Formatting title: Bill & Ted Face The Music","logger":"root","filename":"ingestion_dag.py","lineno":93}
{"timestamp":"2025-12-21T17:54:41.140052Z","level":"info","event":"Formatting title: Bill And Teds Bogus Journey","logger":"root","filename":"ingestion_dag.py","lineno":93}
{"timestamp":"2025-12-21T17:54:41.140084Z","level":"info","event":"Formatting title: Bill And Teds Excellent Adventure","logger":"root","filename":"ingestion_dag.py","lineno":93}
{"timestamp":"2025-12-21T17:54:41.140113Z","level":"info","event":"Formatting title: Bird Box","logger":"root","filename":"ingestion_dag.py","lineno":93}
{"timestamp":"2025-12-21T17:54:41.140143Z","level":"info","event":"Formatting title: Birdman","logger":"root","filename":"ingestion_dag.py","lineno":93}
{"timestamp":"2025-12-21T17:54:41.140170Z","level":"info","event":"Formatting title: Birds The","logger":"root","filename":"ingestion_dag.py","lineno":93}
{"timestamp":"2025-12-21T17:54:41.140198Z","level":"info","event":"Formatting title: Birthday Girl","logger":"root","filename":"ingestion_dag.py","lineno":93}
{"timestamp":"2025-12-21T17:54:41.140226Z","level":"info","event":"Formatting title: Black Christmas","logger":"root","filename":"ingestion_dag.py","lineno":93}
{"timestamp":"2025-12-21T17:54:41.140254Z","level":"info","event":"Formatting title: Black Dahlia The","logger":"root","filename":"ingestion_dag.py","lineno":93}
{"timestamp":"2025-12-21T17:54:41.140280Z","level":"info","event":"Formatting title: Black Panther","logger":"root","filename":"ingestion_dag.py","lineno":93}
{"timestamp":"2025-12-21T17:54:41.140306Z","level":"info","event":"Formatting title: Black Panther Wakanda Forever","logger":"root","filename":"ingestion_dag.py","lineno":93}
{"timestamp":"2025-12-21T17:54:41.140330Z","level":"info","event":"Formatting title: Black Rain","logger":"root","filename":"ingestion_dag.py","lineno":93}
{"timestamp":"2025-12-21T17:54:41.140356Z","level":"info","event":"Formatting title: Black Snake Moan","logger":"root","filename":"ingestion_dag.py","lineno":93}
{"timestamp":"2025-12-21T17:54:41.140382Z","level":"info","event":"Formatting title: Black Swan","logger":"root","filename":"ingestion_dag.py","lineno":93}
{"timestamp":"2025-12-21T17:54:41.140412Z","level":"info","event":"Formatting title: Blackberry","logger":"root","filename":"ingestion_dag.py","lineno":93}
{"timestamp":"2025-12-21T17:54:41.140439Z","level":"info","event":"Formatting title: Blackkklansman","logger":"root","filename":"ingestion_dag.py","lineno":93}
{"timestamp":"2025-12-21T17:54:41.140464Z","level":"info","event":"Formatting title: Blade","logger":"root","filename":"ingestion_dag.py","lineno":93}
{"timestamp":"2025-12-21T17:54:41.140491Z","level":"info","event":"Formatting title: Blade 2","logger":"root","filename":"ingestion_dag.py","lineno":93}
{"timestamp":"2025-12-21T17:54:41.140516Z","level":"info","event":"Formatting title: Blade Runner","logger":"root","filename":"ingestion_dag.py","lineno":93}
{"timestamp":"2025-12-21T17:54:41.140543Z","level":"info","event":"Formatting title: Blade Runner 2049","logger":"root","filename":"ingestion_dag.py","lineno":93}
{"timestamp":"2025-12-21T17:54:41.140569Z","level":"info","event":"Formatting title: Blade Trinity","logger":"root","filename":"ingestion_dag.py","lineno":93}
{"timestamp":"2025-12-21T17:54:41.140594Z","level":"info","event":"Formatting title: Blades Of Glory","logger":"root","filename":"ingestion_dag.py","lineno":93}
{"timestamp":"2025-12-21T17:54:41.140619Z","level":"info","event":"Formatting title: Blankman","logger":"root","filename":"ingestion_dag.py","lineno":93}
{"timestamp":"2025-12-21T17:54:41.140644Z","level":"info","event":"Formatting title: Blast From The Past The","logger":"root","filename":"ingestion_dag.py","lineno":93}
{"timestamp":"2025-12-21T17:54:41.140670Z","level":"info","event":"Formatting title: Blazing Saddles","logger":"root","filename":"ingestion_dag.py","lineno":93}
{"timestamp":"2025-12-21T17:54:41.140695Z","level":"info","event":"Formatting title: Blind Side The","logger":"root","filename":"ingestion_dag.py","lineno":93}
{"timestamp":"2025-12-21T17:54:41.140719Z","level":"info","event":"Formatting title: Blindspotting","logger":"root","filename":"ingestion_dag.py","lineno":93}
{"timestamp":"2025-12-21T17:54:41.140744Z","level":"info","event":"Formatting title: Bling Ring The","logger":"root","filename":"ingestion_dag.py","lineno":93}
{"timestamp":"2025-12-21T17:54:41.140769Z","level":"info","event":"Formatting title: Blink Twice","logger":"root","filename":"ingestion_dag.py","lineno":93}
{"timestamp":"2025-12-21T17:54:41.140793Z","level":"info","event":"Formatting title: Blitz","logger":"root","filename":"ingestion_dag.py","lineno":93}
{"timestamp":"2025-12-21T17:54:41.140818Z","level":"info","event":"Formatting title: Blonde","logger":"root","filename":"ingestion_dag.py","lineno":93}
{"timestamp":"2025-12-21T17:54:41.140843Z","level":"info","event":"Formatting title: Blood And Wine","logger":"root","filename":"ingestion_dag.py","lineno":93}
{"timestamp":"2025-12-21T17:54:41.140868Z","level":"info","event":"Formatting title: Blood Diamond","logger":"root","filename":"ingestion_dag.py","lineno":93}
{"timestamp":"2025-12-21T17:54:41.140893Z","level":"info","event":"Formatting title: Blood Simple","logger":"root","filename":"ingestion_dag.py","lineno":93}
{"timestamp":"2025-12-21T17:54:41.140917Z","level":"info","event":"Formatting title: Bloodshot","logger":"root","filename":"ingestion_dag.py","lineno":93}
{"timestamp":"2025-12-21T17:54:41.140941Z","level":"info","event":"Formatting title: Blow","logger":"root","filename":"ingestion_dag.py","lineno":93}
{"timestamp":"2025-12-21T17:54:41.140966Z","level":"info","event":"Formatting title: Blue Jasmine","logger":"root","filename":"ingestion_dag.py","lineno":93}
{"timestamp":"2025-12-21T17:54:41.140990Z","level":"info","event":"Formatting title: Blue Ruin","logger":"root","filename":"ingestion_dag.py","lineno":93}
{"timestamp":"2025-12-21T17:54:41.141015Z","level":"info","event":"Formatting title: Blue Valentine","logger":"root","filename":"ingestion_dag.py","lineno":93}
{"timestamp":"2025-12-21T17:54:41.141039Z","level":"info","event":"Formatting title: Blue Velvet","logger":"root","filename":"ingestion_dag.py","lineno":93}
{"timestamp":"2025-12-21T17:54:41.141065Z","level":"info","event":"Formatting title: Blues Brothers The","logger":"root","filename":"ingestion_dag.py","lineno":93}
{"timestamp":"2025-12-21T17:54:41.141089Z","level":"info","event":"Formatting title: Bodies Rest & Motion","logger":"root","filename":"ingestion_dag.py","lineno":93}
{"timestamp":"2025-12-21T17:54:41.141113Z","level":"info","event":"Formatting title: Body Heat","logger":"root","filename":"ingestion_dag.py","lineno":93}
{"timestamp":"2025-12-21T17:54:41.141138Z","level":"info","event":"Formatting title: Body Of Evidence","logger":"root","filename":"ingestion_dag.py","lineno":93}
{"timestamp":"2025-12-21T17:54:41.141162Z","level":"info","event":"Formatting title: Bodyguard","logger":"root","filename":"ingestion_dag.py","lineno":93}
{"timestamp":"2025-12-21T17:54:41.141185Z","level":"info","event":"Formatting title: Bohemian Rhapsody","logger":"root","filename":"ingestion_dag.py","lineno":93}
{"timestamp":"2025-12-21T17:54:41.141209Z","level":"info","event":"Formatting title: Bones","logger":"root","filename":"ingestion_dag.py","lineno":93}
{"timestamp":"2025-12-21T17:54:41.141233Z","level":"info","event":"Formatting title: Bones And All","logger":"root","filename":"ingestion_dag.py","lineno":93}
{"timestamp":"2025-12-21T17:54:41.141257Z","level":"info","event":"Formatting title: Bonfire Of The Vanities","logger":"root","filename":"ingestion_dag.py","lineno":93}
{"timestamp":"2025-12-21T17:54:41.141281Z","level":"info","event":"Formatting title: Bonnie And Clyde","logger":"root","filename":"ingestion_dag.py","lineno":93}
{"timestamp":"2025-12-21T17:54:41.141307Z","level":"info","event":"Formatting title: Boogie Nights","logger":"root","filename":"ingestion_dag.py","lineno":93}
{"timestamp":"2025-12-21T17:54:41.141332Z","level":"info","event":"Formatting title: Book Of Eli The","logger":"root","filename":"ingestion_dag.py","lineno":93}
{"timestamp":"2025-12-21T17:54:41.141379Z","level":"info","event":"Formatting title: Booksmart","logger":"root","filename":"ingestion_dag.py","lineno":93}
{"timestamp":"2025-12-21T17:54:41.141417Z","level":"info","event":"Formatting title: Bookworm","logger":"root","filename":"ingestion_dag.py","lineno":93}
{"timestamp":"2025-12-21T17:54:41.141447Z","level":"info","event":"Formatting title: Boomerang","logger":"root","filename":"ingestion_dag.py","lineno":93}
{"timestamp":"2025-12-21T17:54:41.141477Z","level":"info","event":"Formatting title: Boondock Saints 2 All Saints Day","logger":"root","filename":"ingestion_dag.py","lineno":93}
{"timestamp":"2025-12-21T17:54:41.141505Z","level":"info","event":"Formatting title: Boondock Saints The","logger":"root","filename":"ingestion_dag.py","lineno":93}
{"timestamp":"2025-12-21T17:54:41.141533Z","level":"info","event":"Formatting title: Booty Call","logger":"root","filename":"ingestion_dag.py","lineno":93}
{"timestamp":"2025-12-21T17:54:41.141559Z","level":"info","event":"Formatting title: Borat Subsequent Moviefilm","logger":"root","filename":"ingestion_dag.py","lineno":93}
{"timestamp":"2025-12-21T17:54:41.141585Z","level":"info","event":"Formatting title: Born On The Fourth Of July","logger":"root","filename":"ingestion_dag.py","lineno":93}
{"timestamp":"2025-12-21T17:54:41.141612Z","level":"info","event":"Formatting title: Bottle Rocket","logger":"root","filename":"ingestion_dag.py","lineno":93}
{"timestamp":"2025-12-21T17:54:41.141639Z","level":"info","event":"Formatting title: Bottoms","logger":"root","filename":"ingestion_dag.py","lineno":93}
{"timestamp":"2025-12-21T17:54:41.141665Z","level":"info","event":"Formatting title: Bound","logger":"root","filename":"ingestion_dag.py","lineno":93}
{"timestamp":"2025-12-21T17:54:41.141691Z","level":"info","event":"Formatting title: Bounty Hunter The","logger":"root","filename":"ingestion_dag.py","lineno":93}
{"timestamp":"2025-12-21T17:54:41.141717Z","level":"info","event":"Formatting title: Bourne Identity The","logger":"root","filename":"ingestion_dag.py","lineno":93}
{"timestamp":"2025-12-21T17:54:41.141742Z","level":"info","event":"Formatting title: Bourne Supremacy The","logger":"root","filename":"ingestion_dag.py","lineno":93}
{"timestamp":"2025-12-21T17:54:41.141770Z","level":"info","event":"Formatting title: Bourne Ultimatum The","logger":"root","filename":"ingestion_dag.py","lineno":93}
{"timestamp":"2025-12-21T17:54:41.141798Z","level":"info","event":"Formatting title: Bowfinger","logger":"root","filename":"ingestion_dag.py","lineno":93}
{"timestamp":"2025-12-21T17:54:41.141824Z","level":"info","event":"Formatting title: Box The","logger":"root","filename":"ingestion_dag.py","lineno":93}
{"timestamp":"2025-12-21T17:54:41.141849Z","level":"info","event":"Formatting title: Boxtrolls The","logger":"root","filename":"ingestion_dag.py","lineno":93}
{"timestamp":"2025-12-21T17:54:41.141876Z","level":"info","event":"Formatting title: Boy Erased","logger":"root","filename":"ingestion_dag.py","lineno":93}
{"timestamp":"2025-12-21T17:54:41.141910Z","level":"info","event":"Formatting title: Boyhood","logger":"root","filename":"ingestion_dag.py","lineno":93}
{"timestamp":"2025-12-21T17:54:41.141936Z","level":"info","event":"Formatting title: Boyz In The Hood","logger":"root","filename":"ingestion_dag.py","lineno":93}
{"timestamp":"2025-12-21T17:54:41.141962Z","level":"info","event":"Formatting title: Brads Status","logger":"root","filename":"ingestion_dag.py","lineno":93}
{"timestamp":"2025-12-21T17:54:41.141988Z","level":"info","event":"Formatting title: Bram Stokers Dracula","logger":"root","filename":"ingestion_dag.py","lineno":93}
{"timestamp":"2025-12-21T17:54:41.142012Z","level":"info","event":"Formatting title: Braveheart","logger":"root","filename":"ingestion_dag.py","lineno":93}
{"timestamp":"2025-12-21T17:54:41.142039Z","level":"info","event":"Formatting title: Brazil","logger":"root","filename":"ingestion_dag.py","lineno":93}
{"timestamp":"2025-12-21T17:54:41.142067Z","level":"info","event":"Formatting title: Breach","logger":"root","filename":"ingestion_dag.py","lineno":93}
{"timestamp":"2025-12-21T17:54:41.142093Z","level":"info","event":"Formatting title: Break","logger":"root","filename":"ingestion_dag.py","lineno":93}
{"timestamp":"2025-12-21T17:54:41.142118Z","level":"info","event":"Formatting title: Breakdown","logger":"root","filename":"ingestion_dag.py","lineno":93}
{"timestamp":"2025-12-21T17:54:41.142142Z","level":"info","event":"Formatting title: Breakfast Club The","logger":"root","filename":"ingestion_dag.py","lineno":93}
{"timestamp":"2025-12-21T17:54:41.142166Z","level":"info","event":"Formatting title: Breaking Away","logger":"root","filename":"ingestion_dag.py","lineno":93}
{"timestamp":"2025-12-21T17:54:41.142191Z","level":"info","event":"Formatting title: Breathe","logger":"root","filename":"ingestion_dag.py","lineno":93}
{"timestamp":"2025-12-21T17:54:41.142215Z","level":"info","event":"Formatting title: Brick","logger":"root","filename":"ingestion_dag.py","lineno":93}
{"timestamp":"2025-12-21T17:54:41.142239Z","level":"info","event":"Formatting title: Bride Of Chucky","logger":"root","filename":"ingestion_dag.py","lineno":93}
{"timestamp":"2025-12-21T17:54:41.142263Z","level":"info","event":"Formatting title: Bridesmaids","logger":"root","filename":"ingestion_dag.py","lineno":93}
{"timestamp":"2025-12-21T17:54:41.142287Z","level":"info","event":"Formatting title: Bridge Of Spies","logger":"root","filename":"ingestion_dag.py","lineno":93}
{"timestamp":"2025-12-21T17:54:41.142310Z","level":"info","event":"Formatting title: Bridget Jones Diary","logger":"root","filename":"ingestion_dag.py","lineno":93}
{"timestamp":"2025-12-21T17:54:41.142335Z","level":"info","event":"Formatting title: Bridget Joness Baby","logger":"root","filename":"ingestion_dag.py","lineno":93}
{"timestamp":"2025-12-21T17:54:41.142360Z","level":"info","event":"Formatting title: Bright","logger":"root","filename":"ingestion_dag.py","lineno":93}
{"timestamp":"2025-12-21T17:54:41.142385Z","level":"info","event":"Formatting title: Brightburn","logger":"root","filename":"ingestion_dag.py","lineno":93}
{"timestamp":"2025-12-21T17:54:41.142408Z","level":"info","event":"Formatting title: Bringing Out The Dead","logger":"root","filename":"ingestion_dag.py","lineno":93}
{"timestamp":"2025-12-21T17:54:41.142433Z","level":"info","event":"Formatting title: Broadcast News","logger":"root","filename":"ingestion_dag.py","lineno":93}
{"timestamp":"2025-12-21T17:54:41.142457Z","level":"info","event":"Formatting title: Brokeback Mountain","logger":"root","filename":"ingestion_dag.py","lineno":93}
{"timestamp":"2025-12-21T17:54:41.142482Z","level":"info","event":"Formatting title: Broken Arrow","logger":"root","filename":"ingestion_dag.py","lineno":93}
{"timestamp":"2025-12-21T17:54:41.142505Z","level":"info","event":"Formatting title: Broken Embraces","logger":"root","filename":"ingestion_dag.py","lineno":93}
{"timestamp":"2025-12-21T17:54:41.142529Z","level":"info","event":"Formatting title: Brooklyn","logger":"root","filename":"ingestion_dag.py","lineno":93}
{"timestamp":"2025-12-21T17:54:41.142553Z","level":"info","event":"Formatting title: Brothers Bloom The","logger":"root","filename":"ingestion_dag.py","lineno":93}
{"timestamp":"2025-12-21T17:54:41.142577Z","level":"info","event":"Formatting title: Bruce Almighty","logger":"root","filename":"ingestion_dag.py","lineno":93}
{"timestamp":"2025-12-21T17:54:41.142602Z","level":"info","event":"Formatting title: Brutalist The","logger":"root","filename":"ingestion_dag.py","lineno":93}
{"timestamp":"2025-12-21T17:54:41.142627Z","level":"info","event":"Formatting title: Buffy The Vampire Slayer","logger":"root","filename":"ingestion_dag.py","lineno":93}
{"timestamp":"2025-12-21T17:54:41.142652Z","level":"info","event":"Formatting title: Bull Durham","logger":"root","filename":"ingestion_dag.py","lineno":93}
{"timestamp":"2025-12-21T17:54:41.142678Z","level":"info","event":"Formatting title: Buried","logger":"root","filename":"ingestion_dag.py","lineno":93}
{"timestamp":"2025-12-21T17:54:41.142702Z","level":"info","event":"Formatting title: Burlesque","logger":"root","filename":"ingestion_dag.py","lineno":93}
{"timestamp":"2025-12-21T17:54:41.142726Z","level":"info","event":"Formatting title: Burn After Reading","logger":"root","filename":"ingestion_dag.py","lineno":93}
{"timestamp":"2025-12-21T17:54:41.142751Z","level":"info","event":"Formatting title: Burning Annie","logger":"root","filename":"ingestion_dag.py","lineno":93}
{"timestamp":"2025-12-21T17:54:41.142776Z","level":"info","event":"Formatting title: Burnt","logger":"root","filename":"ingestion_dag.py","lineno":93}
{"timestamp":"2025-12-21T17:54:41.142802Z","level":"info","event":"Formatting title: Butch Cassidy And The Sundance Kid","logger":"root","filename":"ingestion_dag.py","lineno":93}
{"timestamp":"2025-12-21T17:54:41.142826Z","level":"info","event":"Formatting title: Butterfly Effect The","logger":"root","filename":"ingestion_dag.py","lineno":93}
{"timestamp":"2025-12-21T17:54:41.142851Z","level":"info","event":"Formatting title: Cable Guy","logger":"root","filename":"ingestion_dag.py","lineno":93}
{"timestamp":"2025-12-21T17:54:41.142875Z","level":"info","event":"Formatting title: Caddyshack","logger":"root","filename":"ingestion_dag.py","lineno":93}
{"timestamp":"2025-12-21T17:54:41.142899Z","level":"info","event":"Formatting title: Call Me By Your Name","logger":"root","filename":"ingestion_dag.py","lineno":93}
{"timestamp":"2025-12-21T17:54:41.142924Z","level":"info","event":"Formatting title: Can You Ever Forgive Me","logger":"root","filename":"ingestion_dag.py","lineno":93}
{"timestamp":"2025-12-21T17:54:41.142950Z","level":"info","event":"Formatting title: Candle To Water","logger":"root","filename":"ingestion_dag.py","lineno":93}
{"timestamp":"2025-12-21T17:54:41.142975Z","level":"info","event":"Formatting title: Candyman","logger":"root","filename":"ingestion_dag.py","lineno":93}
{"timestamp":"2025-12-21T17:54:41.143000Z","level":"info","event":"Formatting title: Candyman","logger":"root","filename":"ingestion_dag.py","lineno":93}
{"timestamp":"2025-12-21T17:54:41.143024Z","level":"info","event":"Formatting title: Cape Fear","logger":"root","filename":"ingestion_dag.py","lineno":93}
{"timestamp":"2025-12-21T17:54:41.143049Z","level":"info","event":"Formatting title: Capharnaum","logger":"root","filename":"ingestion_dag.py","lineno":93}
{"timestamp":"2025-12-21T17:54:41.143074Z","level":"info","event":"Formatting title: Capote","logger":"root","filename":"ingestion_dag.py","lineno":93}
{"timestamp":"2025-12-21T17:54:41.143098Z","level":"info","event":"Formatting title: Captain America The First Avenger","logger":"root","filename":"ingestion_dag.py","lineno":93}
{"timestamp":"2025-12-21T17:54:41.143122Z","level":"info","event":"Formatting title: Captain Fantastic","logger":"root","filename":"ingestion_dag.py","lineno":93}
{"timestamp":"2025-12-21T17:54:41.143147Z","level":"info","event":"Formatting title: Car Wash","logger":"root","filename":"ingestion_dag.py","lineno":93}
{"timestamp":"2025-12-21T17:54:41.143171Z","level":"info","event":"Formatting title: Carlitos Way","logger":"root","filename":"ingestion_dag.py","lineno":93}
{"timestamp":"2025-12-21T17:54:41.143196Z","level":"info","event":"Formatting title: Carnage","logger":"root","filename":"ingestion_dag.py","lineno":93}
{"timestamp":"2025-12-21T17:54:41.143220Z","level":"info","event":"Formatting title: Carol","logger":"root","filename":"ingestion_dag.py","lineno":93}
{"timestamp":"2025-12-21T17:54:41.143246Z","level":"info","event":"Formatting title: Carrie","logger":"root","filename":"ingestion_dag.py","lineno":93}
{"timestamp":"2025-12-21T17:54:41.143270Z","level":"info","event":"Formatting title: Cars 2","logger":"root","filename":"ingestion_dag.py","lineno":93}
{"timestamp":"2025-12-21T17:54:41.143299Z","level":"info","event":"Formatting title: Casablanca","logger":"root","filename":"ingestion_dag.py","lineno":93}
{"timestamp":"2025-12-21T17:54:41.143330Z","level":"info","event":"Formatting title: Case 39","logger":"root","filename":"ingestion_dag.py","lineno":93}
{"timestamp":"2025-12-21T17:54:41.143367Z","level":"info","event":"Formatting title: Casino","logger":"root","filename":"ingestion_dag.py","lineno":93}
{"timestamp":"2025-12-21T17:54:41.143408Z","level":"info","event":"Formatting title: Casino Royale","logger":"root","filename":"ingestion_dag.py","lineno":93}
{"timestamp":"2025-12-21T17:54:41.143438Z","level":"info","event":"Formatting title: Casper","logger":"root","filename":"ingestion_dag.py","lineno":93}
{"timestamp":"2025-12-21T17:54:41.143466Z","level":"info","event":"Formatting title: Cassandro","logger":"root","filename":"ingestion_dag.py","lineno":93}
{"timestamp":"2025-12-21T17:54:41.143494Z","level":"info","event":"Formatting title: Cast Away","logger":"root","filename":"ingestion_dag.py","lineno":93}
{"timestamp":"2025-12-21T17:54:41.143521Z","level":"info","event":"Formatting title: Catch Me If You Can","logger":"root","filename":"ingestion_dag.py","lineno":93}
{"timestamp":"2025-12-21T17:54:41.143549Z","level":"info","event":"Formatting title: Catherine Called Birdy","logger":"root","filename":"ingestion_dag.py","lineno":93}
{"timestamp":"2025-12-21T17:54:41.143578Z","level":"info","event":"Formatting title: Catwoman","logger":"root","filename":"ingestion_dag.py","lineno":93}
{"timestamp":"2025-12-21T17:54:41.143604Z","level":"info","event":"Formatting title: Cb4","logger":"root","filename":"ingestion_dag.py","lineno":93}
{"timestamp":"2025-12-21T17:54:41.143631Z","level":"info","event":"Formatting title: Cecil B Demented","logger":"root","filename":"ingestion_dag.py","lineno":93}
{"timestamp":"2025-12-21T17:54:41.143665Z","level":"info","event":"Formatting title: Cedar Rapids","logger":"root","filename":"ingestion_dag.py","lineno":93}
{"timestamp":"2025-12-21T17:54:41.143701Z","level":"info","event":"Formatting title: Celeste & Jesse Forever","logger":"root","filename":"ingestion_dag.py","lineno":93}
{"timestamp":"2025-12-21T17:54:41.143733Z","level":"info","event":"Formatting title: Cell The","logger":"root","filename":"ingestion_dag.py","lineno":93}
{"timestamp":"2025-12-21T17:54:41.143770Z","level":"info","event":"Formatting title: Cellular","logger":"root","filename":"ingestion_dag.py","lineno":93}
{"timestamp":"2025-12-21T17:54:41.143798Z","level":"info","event":"Formatting title: Challengers","logger":"root","filename":"ingestion_dag.py","lineno":93}
{"timestamp":"2025-12-21T17:54:41.143851Z","level":"info","event":"Formatting title: Change Up The","logger":"root","filename":"ingestion_dag.py","lineno":93}
{"timestamp":"2025-12-21T17:54:41.143883Z","level":"info","event":"Formatting title: Changeling","logger":"root","filename":"ingestion_dag.py","lineno":93}
{"timestamp":"2025-12-21T17:54:41.143913Z","level":"info","event":"Formatting title: Chaos","logger":"root","filename":"ingestion_dag.py","lineno":93}
{"timestamp":"2025-12-21T17:54:41.143941Z","level":"info","event":"Formatting title: Chaplin","logger":"root","filename":"ingestion_dag.py","lineno":93}
{"timestamp":"2025-12-21T17:54:41.143970Z","level":"info","event":"Formatting title: Charade","logger":"root","filename":"ingestion_dag.py","lineno":93}
{"timestamp":"2025-12-21T17:54:41.144060Z","level":"info","event":"Formatting title: Chariots Of Fire","logger":"root","filename":"ingestion_dag.py","lineno":93}
{"timestamp":"2025-12-21T17:54:41.144105Z","level":"info","event":"Formatting title: Charlie And The Chocolate Factory","logger":"root","filename":"ingestion_dag.py","lineno":93}
{"timestamp":"2025-12-21T17:54:41.144136Z","level":"info","event":"Formatting title: Charlie Bartlett","logger":"root","filename":"ingestion_dag.py","lineno":93}
{"timestamp":"2025-12-21T17:54:41.144166Z","level":"info","event":"Formatting title: Charlie Wilsons War","logger":"root","filename":"ingestion_dag.py","lineno":93}
{"timestamp":"2025-12-21T17:54:41.144200Z","level":"info","event":"Formatting title: Charlies Angels","logger":"root","filename":"ingestion_dag.py","lineno":93}
{"timestamp":"2025-12-21T17:54:41.144231Z","level":"info","event":"Formatting title: Chasing Amy","logger":"root","filename":"ingestion_dag.py","lineno":93}
{"timestamp":"2025-12-21T17:54:41.144258Z","level":"info","event":"Formatting title: Chasing Sleep","logger":"root","filename":"ingestion_dag.py","lineno":93}
{"timestamp":"2025-12-21T17:54:41.144286Z","level":"info","event":"Formatting title: Chef","logger":"root","filename":"ingestion_dag.py","lineno":93}
{"timestamp":"2025-12-21T17:54:41.144319Z","level":"info","event":"Formatting title: Cherry","logger":"root","filename":"ingestion_dag.py","lineno":93}
{"timestamp":"2025-12-21T17:54:41.144346Z","level":"info","event":"Formatting title: Cherry Falls","logger":"root","filename":"ingestion_dag.py","lineno":93}
{"timestamp":"2025-12-21T17:54:41.144373Z","level":"info","event":"Formatting title: Children Of Men","logger":"root","filename":"ingestion_dag.py","lineno":93}
{"timestamp":"2025-12-21T17:54:41.144404Z","level":"info","event":"Formatting title: Childs Play","logger":"root","filename":"ingestion_dag.py","lineno":93}
{"timestamp":"2025-12-21T17:54:41.144438Z","level":"info","event":"Formatting title: Chinatown","logger":"root","filename":"ingestion_dag.py","lineno":93}
{"timestamp":"2025-12-21T17:54:41.144475Z","level":"info","event":"Formatting title: Christ Complex","logger":"root","filename":"ingestion_dag.py","lineno":93}
{"timestamp":"2025-12-21T17:54:41.144501Z","level":"info","event":"Formatting title: Christine","logger":"root","filename":"ingestion_dag.py","lineno":93}
{"timestamp":"2025-12-21T17:54:41.144530Z","level":"info","event":"Formatting title: Christmas At Pee Wees Playhouse","logger":"root","filename":"ingestion_dag.py","lineno":93}
{"timestamp":"2025-12-21T17:54:41.144557Z","level":"info","event":"Formatting title: Chronicle","logger":"root","filename":"ingestion_dag.py","lineno":93}
{"timestamp":"2025-12-21T17:54:41.144583Z","level":"info","event":"Formatting title: Chronicles Of Narnia The Lion The Witch And The Wardrobe","logger":"root","filename":"ingestion_dag.py","lineno":93}
{"timestamp":"2025-12-21T17:54:41.144612Z","level":"info","event":"Formatting title: Cider House Rules The","logger":"root","filename":"ingestion_dag.py","lineno":93}
{"timestamp":"2025-12-21T17:54:41.144643Z","level":"info","event":"Formatting title: Cincinnati Kid The","logger":"root","filename":"ingestion_dag.py","lineno":93}
{"timestamp":"2025-12-21T17:54:41.144672Z","level":"info","event":"Formatting title: Cinderella Man","logger":"root","filename":"ingestion_dag.py","lineno":93}
{"timestamp":"2025-12-21T17:54:41.144708Z","level":"info","event":"Formatting title: Cinema Paradiso","logger":"root","filename":"ingestion_dag.py","lineno":93}
{"timestamp":"2025-12-21T17:54:41.144734Z","level":"info","event":"Formatting title: Cirque Du Freak The Vampires Assistant","logger":"root","filename":"ingestion_dag.py","lineno":93}
{"timestamp":"2025-12-21T17:54:41.144761Z","level":"info","event":"Formatting title: Citizen Kane","logger":"root","filename":"ingestion_dag.py","lineno":93}
{"timestamp":"2025-12-21T17:54:41.144790Z","level":"info","event":"Formatting title: City Of Joy","logger":"root","filename":"ingestion_dag.py","lineno":93}
{"timestamp":"2025-12-21T17:54:41.144816Z","level":"info","event":"Formatting title: Clash Of The Titans","logger":"root","filename":"ingestion_dag.py","lineno":93}
{"timestamp":"2025-12-21T17:54:41.144842Z","level":"info","event":"Formatting title: Clear And Present Danger","logger":"root","filename":"ingestion_dag.py","lineno":93}
{"timestamp":"2025-12-21T17:54:41.144868Z","level":"info","event":"Formatting title: Clerks","logger":"root","filename":"ingestion_dag.py","lineno":93}
{"timestamp":"2025-12-21T17:54:41.144899Z","level":"info","event":"Formatting title: Clerks 2","logger":"root","filename":"ingestion_dag.py","lineno":93}
{"timestamp":"2025-12-21T17:54:41.144928Z","level":"info","event":"Formatting title: Cliffhanger","logger":"root","filename":"ingestion_dag.py","lineno":93}
{"timestamp":"2025-12-21T17:54:41.144955Z","level":"info","event":"Formatting title: Clockers","logger":"root","filename":"ingestion_dag.py","lineno":93}
{"timestamp":"2025-12-21T17:54:41.144981Z","level":"info","event":"Formatting title: Clockwork Orange A","logger":"root","filename":"ingestion_dag.py","lineno":93}
{"timestamp":"2025-12-21T17:54:41.145005Z","level":"info","event":"Formatting title: Close Encounters Of The Third Kind","logger":"root","filename":"ingestion_dag.py","lineno":93}
{"timestamp":"2025-12-21T17:54:41.145039Z","level":"info","event":"Formatting title: Cloud Atlas","logger":"root","filename":"ingestion_dag.py","lineno":93}
{"timestamp":"2025-12-21T17:54:41.145066Z","level":"info","event":"Formatting title: Cloverfield","logger":"root","filename":"ingestion_dag.py","lineno":93}
{"timestamp":"2025-12-21T17:54:41.145091Z","level":"info","event":"Formatting title: Clue","logger":"root","filename":"ingestion_dag.py","lineno":93}
{"timestamp":"2025-12-21T17:54:41.145116Z","level":"info","event":"Formatting title: Clueless","logger":"root","filename":"ingestion_dag.py","lineno":93}
{"timestamp":"2025-12-21T17:54:41.145143Z","level":"info","event":"Formatting title: Cmon Cmon","logger":"root","filename":"ingestion_dag.py","lineno":93}
{"timestamp":"2025-12-21T17:54:41.145169Z","level":"info","event":"Formatting title: Cobb","logger":"root","filename":"ingestion_dag.py","lineno":93}
{"timestamp":"2025-12-21T17:54:41.145196Z","level":"info","event":"Formatting title: Coco","logger":"root","filename":"ingestion_dag.py","lineno":93}
{"timestamp":"2025-12-21T17:54:41.145220Z","level":"info","event":"Formatting title: Cocoon","logger":"root","filename":"ingestion_dag.py","lineno":93}
{"timestamp":"2025-12-21T17:54:41.145248Z","level":"info","event":"Formatting title: Coda","logger":"root","filename":"ingestion_dag.py","lineno":93}
{"timestamp":"2025-12-21T17:54:41.145276Z","level":"info","event":"Formatting title: Code Of Silence","logger":"root","filename":"ingestion_dag.py","lineno":93}
{"timestamp":"2025-12-21T17:54:41.145305Z","level":"info","event":"Formatting title: Cold Mountain","logger":"root","filename":"ingestion_dag.py","lineno":93}
{"timestamp":"2025-12-21T17:54:41.145332Z","level":"info","event":"Formatting title: Colette","logger":"root","filename":"ingestion_dag.py","lineno":93}
{"timestamp":"2025-12-21T17:54:41.145376Z","level":"info","event":"Formatting title: Collateral","logger":"root","filename":"ingestion_dag.py","lineno":93}
{"timestamp":"2025-12-21T17:54:41.145420Z","level":"info","event":"Formatting title: Collateral Damage","logger":"root","filename":"ingestion_dag.py","lineno":93}
{"timestamp":"2025-12-21T17:54:41.145452Z","level":"info","event":"Formatting title: Colombiana","logger":"root","filename":"ingestion_dag.py","lineno":93}
{"timestamp":"2025-12-21T17:54:41.145480Z","level":"info","event":"Formatting title: Color Of Night","logger":"root","filename":"ingestion_dag.py","lineno":93}
{"timestamp":"2025-12-21T17:54:41.145508Z","level":"info","event":"Formatting title: Color Purple The","logger":"root","filename":"ingestion_dag.py","lineno":93}
{"timestamp":"2025-12-21T17:54:41.145535Z","level":"info","event":"Formatting title: Come To Daddy","logger":"root","filename":"ingestion_dag.py","lineno":93}
{"timestamp":"2025-12-21T17:54:41.145562Z","level":"info","event":"Formatting title: Coming Home","logger":"root","filename":"ingestion_dag.py","lineno":93}
{"timestamp":"2025-12-21T17:54:41.145593Z","level":"info","event":"Formatting title: Coming To America","logger":"root","filename":"ingestion_dag.py","lineno":93}
{"timestamp":"2025-12-21T17:54:41.145619Z","level":"info","event":"Formatting title: Commando","logger":"root","filename":"ingestion_dag.py","lineno":93}
{"timestamp":"2025-12-21T17:54:41.145645Z","level":"info","event":"Formatting title: Con Air","logger":"root","filename":"ingestion_dag.py","lineno":93}
{"timestamp":"2025-12-21T17:54:41.145671Z","level":"info","event":"Formatting title: Conan The Barbarian","logger":"root","filename":"ingestion_dag.py","lineno":93}
{"timestamp":"2025-12-21T17:54:41.145699Z","level":"info","event":"Formatting title: Conclave","logger":"root","filename":"ingestion_dag.py","lineno":93}
{"timestamp":"2025-12-21T17:54:41.145726Z","level":"info","event":"Formatting title: Coneheads","logger":"root","filename":"ingestion_dag.py","lineno":93}
{"timestamp":"2025-12-21T17:54:41.145752Z","level":"info","event":"Formatting title: Confessions Of A Dangerous Mind","logger":"root","filename":"ingestion_dag.py","lineno":93}
{"timestamp":"2025-12-21T17:54:41.145779Z","level":"info","event":"Formatting title: Confidence","logger":"root","filename":"ingestion_dag.py","lineno":93}
{"timestamp":"2025-12-21T17:54:41.145805Z","level":"info","event":"Formatting title: Constantine","logger":"root","filename":"ingestion_dag.py","lineno":93}
{"timestamp":"2025-12-21T17:54:41.145831Z","level":"info","event":"Formatting title: Contact","logger":"root","filename":"ingestion_dag.py","lineno":93}
{"timestamp":"2025-12-21T17:54:41.145856Z","level":"info","event":"Formatting title: Contagion","logger":"root","filename":"ingestion_dag.py","lineno":93}
{"timestamp":"2025-12-21T17:54:41.145882Z","level":"info","event":"Formatting title: Cool Hand Luke","logger":"root","filename":"ingestion_dag.py","lineno":93}
{"timestamp":"2025-12-21T17:54:41.145906Z","level":"info","event":"Formatting title: Cool Runnings","logger":"root","filename":"ingestion_dag.py","lineno":93}
{"timestamp":"2025-12-21T17:54:41.145931Z","level":"info","event":"Formatting title: Cooler The","logger":"root","filename":"ingestion_dag.py","lineno":93}
{"timestamp":"2025-12-21T17:54:41.145956Z","level":"info","event":"Formatting title: Copycat","logger":"root","filename":"ingestion_dag.py","lineno":93}
{"timestamp":"2025-12-21T17:54:41.145980Z","level":"info","event":"Formatting title: Coraline","logger":"root","filename":"ingestion_dag.py","lineno":93}
{"timestamp":"2025-12-21T17:54:41.146005Z","level":"info","event":"Formatting title: Coriolanus","logger":"root","filename":"ingestion_dag.py","lineno":93}
{"timestamp":"2025-12-21T17:54:41.146030Z","level":"info","event":"Formatting title: Corpse Bride","logger":"root","filename":"ingestion_dag.py","lineno":93}
{"timestamp":"2025-12-21T17:54:41.146055Z","level":"info","event":"Formatting title: Courage Under Fire","logger":"root","filename":"ingestion_dag.py","lineno":93}
{"timestamp":"2025-12-21T17:54:41.146080Z","level":"info","event":"Formatting title: Cowboys & Aliens","logger":"root","filename":"ingestion_dag.py","lineno":93}
{"timestamp":"2025-12-21T17:54:41.146105Z","level":"info","event":"Formatting title: Cradle 2 The Grave","logger":"root","filename":"ingestion_dag.py","lineno":93}
{"timestamp":"2025-12-21T17:54:41.146130Z","level":"info","event":"Formatting title: Crank","logger":"root","filename":"ingestion_dag.py","lineno":93}
{"timestamp":"2025-12-21T17:54:41.146154Z","level":"info","event":"Formatting title: Crash","logger":"root","filename":"ingestion_dag.py","lineno":93}
{"timestamp":"2025-12-21T17:54:41.146180Z","level":"info","event":"Formatting title: Crawl","logger":"root","filename":"ingestion_dag.py","lineno":93}
{"timestamp":"2025-12-21T17:54:41.209673Z","level":"info","event":"Formatting title: Crazy Rich Asians","logger":"root","filename":"ingestion_dag.py","lineno":93}
{"timestamp":"2025-12-21T17:54:41.209780Z","level":"info","event":"Formatting title: Crazy Stupid Love","logger":"root","filename":"ingestion_dag.py","lineno":93}
{"timestamp":"2025-12-21T17:54:41.209836Z","level":"info","event":"Formatting title: Crazylove","logger":"root","filename":"ingestion_dag.py","lineno":93}
{"timestamp":"2025-12-21T17:54:41.209882Z","level":"info","event":"Formatting title: Creation","logger":"root","filename":"ingestion_dag.py","lineno":93}
{"timestamp":"2025-12-21T17:54:41.209915Z","level":"info","event":"Formatting title: Creed","logger":"root","filename":"ingestion_dag.py","lineno":93}
{"timestamp":"2025-12-21T17:54:41.209945Z","level":"info","event":"Formatting title: Creed 2","logger":"root","filename":"ingestion_dag.py","lineno":93}
{"timestamp":"2025-12-21T17:54:41.209975Z","level":"info","event":"Formatting title: Creed 3","logger":"root","filename":"ingestion_dag.py","lineno":93}
{"timestamp":"2025-12-21T17:54:41.210029Z","level":"info","event":"Formatting title: Crime Spree","logger":"root","filename":"ingestion_dag.py","lineno":93}
{"timestamp":"2025-12-21T17:54:41.210062Z","level":"info","event":"Formatting title: Crimson Peak","logger":"root","filename":"ingestion_dag.py","lineno":93}
{"timestamp":"2025-12-21T17:54:41.210092Z","level":"info","event":"Formatting title: Critters","logger":"root","filename":"ingestion_dag.py","lineno":93}
{"timestamp":"2025-12-21T17:54:41.210122Z","level":"info","event":"Formatting title: Croods The","logger":"root","filename":"ingestion_dag.py","lineno":93}
{"timestamp":"2025-12-21T17:54:41.210150Z","level":"info","event":"Formatting title: Crouching Tiger Hidden Dragon","logger":"root","filename":"ingestion_dag.py","lineno":93}
{"timestamp":"2025-12-21T17:54:41.210178Z","level":"info","event":"Formatting title: Croupier","logger":"root","filename":"ingestion_dag.py","lineno":93}
{"timestamp":"2025-12-21T17:54:41.210205Z","level":"info","event":"Formatting title: Crow City Of Angels The","logger":"root","filename":"ingestion_dag.py","lineno":93}
{"timestamp":"2025-12-21T17:54:41.210233Z","level":"info","event":"Formatting title: Crow Salvation The","logger":"root","filename":"ingestion_dag.py","lineno":93}
{"timestamp":"2025-12-21T17:54:41.210261Z","level":"info","event":"Formatting title: Crow The","logger":"root","filename":"ingestion_dag.py","lineno":93}
{"timestamp":"2025-12-21T17:54:41.210288Z","level":"info","event":"Formatting title: Cruel Intentions","logger":"root","filename":"ingestion_dag.py","lineno":93}
{"timestamp":"2025-12-21T17:54:41.210314Z","level":"info","event":"Formatting title: Crying Game","logger":"root","filename":"ingestion_dag.py","lineno":93}
{"timestamp":"2025-12-21T17:54:41.210341Z","level":"info","event":"Formatting title: Cube","logger":"root","filename":"ingestion_dag.py","lineno":93}
{"timestamp":"2025-12-21T17:54:41.210392Z","level":"info","event":"Formatting title: Curious Case Of Benjamin Button The","logger":"root","filename":"ingestion_dag.py","lineno":93}
{"timestamp":"2025-12-21T17:54:41.210424Z","level":"info","event":"Formatting title: Curly Sue","logger":"root","filename":"ingestion_dag.py","lineno":93}
{"timestamp":"2025-12-21T17:54:41.210454Z","level":"info","event":"Formatting title: Custody","logger":"root","filename":"ingestion_dag.py","lineno":93}
{"timestamp":"2025-12-21T17:54:41.210481Z","level":"info","event":"Formatting title: Cyrano","logger":"root","filename":"ingestion_dag.py","lineno":93}
{"timestamp":"2025-12-21T17:54:41.210509Z","level":"info","event":"Formatting title: D2 The Mighty Ducks","logger":"root","filename":"ingestion_dag.py","lineno":93}
{"timestamp":"2025-12-21T17:54:41.210540Z","level":"info","event":"Formatting title: D3 The Mighty Ducks","logger":"root","filename":"ingestion_dag.py","lineno":93}
{"timestamp":"2025-12-21T17:54:41.210581Z","level":"info","event":"Formatting title: Da 5 Bloods","logger":"root","filename":"ingestion_dag.py","lineno":93}
{"timestamp":"2025-12-21T17:54:41.210609Z","level":"info","event":"Formatting title: Dallas Buyers Club","logger":"root","filename":"ingestion_dag.py","lineno":93}
{"timestamp":"2025-12-21T17:54:41.210640Z","level":"info","event":"Formatting title: Damned United The","logger":"root","filename":"ingestion_dag.py","lineno":93}
{"timestamp":"2025-12-21T17:54:41.210689Z","level":"info","event":"Formatting title: Dances With Wolves","logger":"root","filename":"ingestion_dag.py","lineno":93}
{"timestamp":"2025-12-21T17:54:41.210729Z","level":"info","event":"Formatting title: Danish Girl The","logger":"root","filename":"ingestion_dag.py","lineno":93}
{"timestamp":"2025-12-21T17:54:41.210758Z","level":"info","event":"Formatting title: Daredevil","logger":"root","filename":"ingestion_dag.py","lineno":93}
{"timestamp":"2025-12-21T17:54:41.210786Z","level":"info","event":"Formatting title: Dark City","logger":"root","filename":"ingestion_dag.py","lineno":93}
{"timestamp":"2025-12-21T17:54:41.210816Z","level":"info","event":"Formatting title: Dark Knight Rises The","logger":"root","filename":"ingestion_dag.py","lineno":93}
{"timestamp":"2025-12-21T17:54:41.210845Z","level":"info","event":"Formatting title: Dark Knight The","logger":"root","filename":"ingestion_dag.py","lineno":93}
{"timestamp":"2025-12-21T17:54:41.210872Z","level":"info","event":"Formatting title: Dark Star","logger":"root","filename":"ingestion_dag.py","lineno":93}
{"timestamp":"2025-12-21T17:54:41.210901Z","level":"info","event":"Formatting title: Darker Than Amber","logger":"root","filename":"ingestion_dag.py","lineno":93}
{"timestamp":"2025-12-21T17:54:41.210929Z","level":"info","event":"Formatting title: Darkest Hour","logger":"root","filename":"ingestion_dag.py","lineno":93}
{"timestamp":"2025-12-21T17:54:41.210956Z","level":"info","event":"Formatting title: Darkman","logger":"root","filename":"ingestion_dag.py","lineno":93}
{"timestamp":"2025-12-21T17:54:41.211007Z","level":"info","event":"Formatting title: Date Night","logger":"root","filename":"ingestion_dag.py","lineno":93}
{"timestamp":"2025-12-21T17:54:41.211042Z","level":"info","event":"Formatting title: Dave Barrys Complete Guide To Guys","logger":"root","filename":"ingestion_dag.py","lineno":93}
{"timestamp":"2025-12-21T17:54:41.211073Z","level":"info","event":"Formatting title: Dawn Of The Dead","logger":"root","filename":"ingestion_dag.py","lineno":93}
{"timestamp":"2025-12-21T17:54:41.211103Z","level":"info","event":"Formatting title: Dawn Of The Planet Of The Apes","logger":"root","filename":"ingestion_dag.py","lineno":93}
{"timestamp":"2025-12-21T17:54:41.211133Z","level":"info","event":"Formatting title: Day Of The Dead","logger":"root","filename":"ingestion_dag.py","lineno":93}
{"timestamp":"2025-12-21T17:54:41.211161Z","level":"info","event":"Formatting title: Day The Clown Cried The","logger":"root","filename":"ingestion_dag.py","lineno":93}
{"timestamp":"2025-12-21T17:54:41.211192Z","level":"info","event":"Formatting title: Day The Earth Stood Still The","logger":"root","filename":"ingestion_dag.py","lineno":93}
{"timestamp":"2025-12-21T17:54:41.211221Z","level":"info","event":"Formatting title: Days Of Heaven","logger":"root","filename":"ingestion_dag.py","lineno":93}
{"timestamp":"2025-12-21T17:54:41.211249Z","level":"info","event":"Formatting title: Dazed And Confused","logger":"root","filename":"ingestion_dag.py","lineno":93}
{"timestamp":"2025-12-21T17:54:41.211294Z","level":"info","event":"Formatting title: Dead Poets Society","logger":"root","filename":"ingestion_dag.py","lineno":93}
{"timestamp":"2025-12-21T17:54:41.211334Z","level":"info","event":"Formatting title: Deadpool","logger":"root","filename":"ingestion_dag.py","lineno":93}
{"timestamp":"2025-12-21T17:54:41.211375Z","level":"info","event":"Formatting title: Deadpool & Wolverine","logger":"root","filename":"ingestion_dag.py","lineno":93}
{"timestamp":"2025-12-21T17:54:41.211416Z","level":"info","event":"Formatting title: Dear White People","logger":"root","filename":"ingestion_dag.py","lineno":93}
{"timestamp":"2025-12-21T17:54:41.211446Z","level":"info","event":"Formatting title: Death At A Funeral","logger":"root","filename":"ingestion_dag.py","lineno":93}
{"timestamp":"2025-12-21T17:54:41.211474Z","level":"info","event":"Formatting title: Death Becomes Her","logger":"root","filename":"ingestion_dag.py","lineno":93}
{"timestamp":"2025-12-21T17:54:41.211502Z","level":"info","event":"Formatting title: Death Note","logger":"root","filename":"ingestion_dag.py","lineno":93}
{"timestamp":"2025-12-21T17:54:41.211531Z","level":"info","event":"Formatting title: Death Proof","logger":"root","filename":"ingestion_dag.py","lineno":93}
{"timestamp":"2025-12-21T17:54:41.211557Z","level":"info","event":"Formatting title: Death To Smoochy","logger":"root","filename":"ingestion_dag.py","lineno":93}
{"timestamp":"2025-12-21T17:54:41.211609Z","level":"info","event":"Formatting title: Debt The","logger":"root","filename":"ingestion_dag.py","lineno":93}
{"timestamp":"2025-12-21T17:54:41.211646Z","level":"info","event":"Formatting title: Deception","logger":"root","filename":"ingestion_dag.py","lineno":93}
{"timestamp":"2025-12-21T17:54:41.211676Z","level":"info","event":"Formatting title: Deep Cover","logger":"root","filename":"ingestion_dag.py","lineno":93}
{"timestamp":"2025-12-21T17:54:41.211705Z","level":"info","event":"Formatting title: Deep Rising","logger":"root","filename":"ingestion_dag.py","lineno":93}
{"timestamp":"2025-12-21T17:54:41.211732Z","level":"info","event":"Formatting title: Deep Star Six","logger":"root","filename":"ingestion_dag.py","lineno":93}
{"timestamp":"2025-12-21T17:54:41.211760Z","level":"info","event":"Formatting title: Deer Hunter The","logger":"root","filename":"ingestion_dag.py","lineno":93}
{"timestamp":"2025-12-21T17:54:41.211790Z","level":"info","event":"Formatting title: Defiance","logger":"root","filename":"ingestion_dag.py","lineno":93}
{"timestamp":"2025-12-21T17:54:41.211818Z","level":"info","event":"Formatting title: Demolition Man","logger":"root","filename":"ingestion_dag.py","lineno":93}
{"timestamp":"2025-12-21T17:54:41.211864Z","level":"info","event":"Formatting title: Den Of Thieves","logger":"root","filename":"ingestion_dag.py","lineno":93}
{"timestamp":"2025-12-21T17:54:41.211919Z","level":"info","event":"Formatting title: Denial","logger":"root","filename":"ingestion_dag.py","lineno":93}
{"timestamp":"2025-12-21T17:54:41.211973Z","level":"info","event":"Formatting title: Departed The","logger":"root","filename":"ingestion_dag.py","lineno":93}
{"timestamp":"2025-12-21T17:54:41.212058Z","level":"info","event":"Formatting title: Descendants The","logger":"root","filename":"ingestion_dag.py","lineno":93}
{"timestamp":"2025-12-21T17:54:41.212097Z","level":"info","event":"Formatting title: Despicable Me 2","logger":"root","filename":"ingestion_dag.py","lineno":93}
{"timestamp":"2025-12-21T17:54:41.212131Z","level":"info","event":"Formatting title: Destroyer","logger":"root","filename":"ingestion_dag.py","lineno":93}
{"timestamp":"2025-12-21T17:54:41.212161Z","level":"info","event":"Formatting title: Detroit Rock City","logger":"root","filename":"ingestion_dag.py","lineno":93}
{"timestamp":"2025-12-21T17:54:41.212211Z","level":"info","event":"Formatting title: Devil In A Blue Dress","logger":"root","filename":"ingestion_dag.py","lineno":93}
{"timestamp":"2025-12-21T17:54:41.212249Z","level":"info","event":"Formatting title: Devil Wears Prada The","logger":"root","filename":"ingestion_dag.py","lineno":93}
{"timestamp":"2025-12-21T17:54:41.212280Z","level":"info","event":"Formatting title: Devils Advocate","logger":"root","filename":"ingestion_dag.py","lineno":93}
{"timestamp":"2025-12-21T17:54:41.212315Z","level":"info","event":"Formatting title: Die Hard","logger":"root","filename":"ingestion_dag.py","lineno":93}
{"timestamp":"2025-12-21T17:54:41.212344Z","level":"info","event":"Formatting title: Die Hard 2","logger":"root","filename":"ingestion_dag.py","lineno":93}
{"timestamp":"2025-12-21T17:54:41.212372Z","level":"info","event":"Formatting title: Die Hard With A Vengeance","logger":"root","filename":"ingestion_dag.py","lineno":93}
{"timestamp":"2025-12-21T17:54:41.212400Z","level":"info","event":"Formatting title: Diner","logger":"root","filename":"ingestion_dag.py","lineno":93}
{"timestamp":"2025-12-21T17:54:41.212429Z","level":"info","event":"Formatting title: Dinner For Schmucks","logger":"root","filename":"ingestion_dag.py","lineno":93}
{"timestamp":"2025-12-21T17:54:41.212457Z","level":"info","event":"Formatting title: Dirty Girl","logger":"root","filename":"ingestion_dag.py","lineno":93}
{"timestamp":"2025-12-21T17:54:41.212483Z","level":"info","event":"Formatting title: Dirty Harry","logger":"root","filename":"ingestion_dag.py","lineno":93}
{"timestamp":"2025-12-21T17:54:41.212509Z","level":"info","event":"Formatting title: Disclosure","logger":"root","filename":"ingestion_dag.py","lineno":93}
{"timestamp":"2025-12-21T17:54:41.212536Z","level":"info","event":"Formatting title: Disobedience","logger":"root","filename":"ingestion_dag.py","lineno":93}
{"timestamp":"2025-12-21T17:54:41.212564Z","level":"info","event":"Formatting title: Disorderlies","logger":"root","filename":"ingestion_dag.py","lineno":93}
{"timestamp":"2025-12-21T17:54:41.212591Z","level":"info","event":"Formatting title: Distinguished Gentleman The","logger":"root","filename":"ingestion_dag.py","lineno":93}
{"timestamp":"2025-12-21T17:54:41.212618Z","level":"info","event":"Formatting title: Disturbia","logger":"root","filename":"ingestion_dag.py","lineno":93}
{"timestamp":"2025-12-21T17:54:41.212644Z","level":"info","event":"Formatting title: Django Unchained","logger":"root","filename":"ingestion_dag.py","lineno":93}
{"timestamp":"2025-12-21T17:54:41.212669Z","level":"info","event":"Formatting title: Do The Right Thing","logger":"root","filename":"ingestion_dag.py","lineno":93}
{"timestamp":"2025-12-21T17:54:41.212698Z","level":"info","event":"Formatting title: Doctor Sleep","logger":"root","filename":"ingestion_dag.py","lineno":93}
{"timestamp":"2025-12-21T17:54:41.212725Z","level":"info","event":"Formatting title: Doctor Zhivago","logger":"root","filename":"ingestion_dag.py","lineno":93}
{"timestamp":"2025-12-21T17:54:41.212778Z","level":"info","event":"Formatting title: Dog Day Afternoon","logger":"root","filename":"ingestion_dag.py","lineno":93}
{"timestamp":"2025-12-21T17:54:41.212809Z","level":"info","event":"Formatting title: Dogma","logger":"root","filename":"ingestion_dag.py","lineno":93}
{"timestamp":"2025-12-21T17:54:41.212840Z","level":"info","event":"Formatting title: Dolemite Is My Name","logger":"root","filename":"ingestion_dag.py","lineno":93}
{"timestamp":"2025-12-21T17:54:41.212869Z","level":"info","event":"Formatting title: Dominion","logger":"root","filename":"ingestion_dag.py","lineno":93}
{"timestamp":"2025-12-21T17:54:41.212897Z","level":"info","event":"Formatting title: Donnie Brasco","logger":"root","filename":"ingestion_dag.py","lineno":93}
{"timestamp":"2025-12-21T17:54:41.212923Z","level":"info","event":"Formatting title: Donnie Darko","logger":"root","filename":"ingestion_dag.py","lineno":93}
{"timestamp":"2025-12-21T17:54:41.212949Z","level":"info","event":"Formatting title: Dont Look Now","logger":"root","filename":"ingestion_dag.py","lineno":93}
{"timestamp":"2025-12-21T17:54:41.212975Z","level":"info","event":"Formatting title: Dont Look Up","logger":"root","filename":"ingestion_dag.py","lineno":93}
{"timestamp":"2025-12-21T17:54:41.213070Z","level":"info","event":"Formatting title: Dont Worry Darling","logger":"root","filename":"ingestion_dag.py","lineno":93}
{"timestamp":"2025-12-21T17:54:41.213124Z","level":"info","event":"Formatting title: Doom","logger":"root","filename":"ingestion_dag.py","lineno":93}
{"timestamp":"2025-12-21T17:54:41.213158Z","level":"info","event":"Formatting title: Doors The","logger":"root","filename":"ingestion_dag.py","lineno":93}
{"timestamp":"2025-12-21T17:54:41.213211Z","level":"info","event":"Formatting title: Dope","logger":"root","filename":"ingestion_dag.py","lineno":93}
{"timestamp":"2025-12-21T17:54:41.213250Z","level":"info","event":"Formatting title: Double Indemnity","logger":"root","filename":"ingestion_dag.py","lineno":93}
{"timestamp":"2025-12-21T17:54:41.213286Z","level":"info","event":"Formatting title: Doubt","logger":"root","filename":"ingestion_dag.py","lineno":93}
{"timestamp":"2025-12-21T17:54:41.213323Z","level":"info","event":"Formatting title: Downhill","logger":"root","filename":"ingestion_dag.py","lineno":93}
{"timestamp":"2025-12-21T17:54:41.213359Z","level":"info","event":"Formatting title: Downsizing","logger":"root","filename":"ingestion_dag.py","lineno":93}
{"timestamp":"2025-12-21T17:54:41.213389Z","level":"info","event":"Formatting title: Downton Abbey","logger":"root","filename":"ingestion_dag.py","lineno":93}
{"timestamp":"2025-12-21T17:54:41.213419Z","level":"info","event":"Formatting title: Dr Horribles Sing Along Blog","logger":"root","filename":"ingestion_dag.py","lineno":93}
{"timestamp":"2025-12-21T17:54:41.213446Z","level":"info","event":"Formatting title: Dr No","logger":"root","filename":"ingestion_dag.py","lineno":93}
{"timestamp":"2025-12-21T17:54:41.213474Z","level":"info","event":"Formatting title: Dr Strangelove Or How I Learned To Stop Worrying And Love The Bomb","logger":"root","filename":"ingestion_dag.py","lineno":93}
{"timestamp":"2025-12-21T17:54:41.213530Z","level":"info","event":"Formatting title: Drag Me To Hell","logger":"root","filename":"ingestion_dag.py","lineno":93}
{"timestamp":"2025-12-21T17:54:41.213567Z","level":"info","event":"Formatting title: Dragonheart","logger":"root","filename":"ingestion_dag.py","lineno":93}
{"timestamp":"2025-12-21T17:54:41.213602Z","level":"info","event":"Formatting title: Dragonslayer","logger":"root","filename":"ingestion_dag.py","lineno":93}
{"timestamp":"2025-12-21T17:54:41.213630Z","level":"info","event":"Formatting title: Dream Scenario","logger":"root","filename":"ingestion_dag.py","lineno":93}
{"timestamp":"2025-12-21T17:54:41.213659Z","level":"info","event":"Formatting title: Dredd","logger":"root","filename":"ingestion_dag.py","lineno":93}
{"timestamp":"2025-12-21T17:54:41.213687Z","level":"info","event":"Formatting title: Dressed To Kill","logger":"root","filename":"ingestion_dag.py","lineno":93}
{"timestamp":"2025-12-21T17:54:41.213717Z","level":"info","event":"Formatting title: Drive","logger":"root","filename":"ingestion_dag.py","lineno":93}
{"timestamp":"2025-12-21T17:54:41.213745Z","level":"info","event":"Formatting title: Drive Angry","logger":"root","filename":"ingestion_dag.py","lineno":93}
{"timestamp":"2025-12-21T17:54:41.213772Z","level":"info","event":"Formatting title: Driving Miss Daisy","logger":"root","filename":"ingestion_dag.py","lineno":93}
{"timestamp":"2025-12-21T17:54:41.213798Z","level":"info","event":"Formatting title: Drop Dead Gorgeous","logger":"root","filename":"ingestion_dag.py","lineno":93}
{"timestamp":"2025-12-21T17:54:41.213824Z","level":"info","event":"Formatting title: Dry White Season A","logger":"root","filename":"ingestion_dag.py","lineno":93}
{"timestamp":"2025-12-21T17:54:41.213884Z","level":"info","event":"Formatting title: Duck Soup","logger":"root","filename":"ingestion_dag.py","lineno":93}
{"timestamp":"2025-12-21T17:54:41.213927Z","level":"info","event":"Formatting title: Dumb And Dumber","logger":"root","filename":"ingestion_dag.py","lineno":93}
{"timestamp":"2025-12-21T17:54:41.213964Z","level":"info","event":"Formatting title: Dumb Money","logger":"root","filename":"ingestion_dag.py","lineno":93}
{"timestamp":"2025-12-21T17:54:41.214000Z","level":"info","event":"Formatting title: Dune","logger":"root","filename":"ingestion_dag.py","lineno":93}
{"timestamp":"2025-12-21T17:54:41.214030Z","level":"info","event":"Formatting title: Dune","logger":"root","filename":"ingestion_dag.py","lineno":93}
{"timestamp":"2025-12-21T17:54:41.214061Z","level":"info","event":"Formatting title: Dune Part One","logger":"root","filename":"ingestion_dag.py","lineno":93}
{"timestamp":"2025-12-21T17:54:41.214095Z","level":"info","event":"Formatting title: Dunkirk","logger":"root","filename":"ingestion_dag.py","lineno":93}
{"timestamp":"2025-12-21T17:54:41.214123Z","level":"info","event":"Formatting title: Duplicity","logger":"root","filename":"ingestion_dag.py","lineno":93}
{"timestamp":"2025-12-21T17:54:41.214150Z","level":"info","event":"Formatting title: Dutch","logger":"root","filename":"ingestion_dag.py","lineno":93}
{"timestamp":"2025-12-21T17:54:41.214177Z","level":"info","event":"Formatting title: Eagle Eye","logger":"root","filename":"ingestion_dag.py","lineno":93}
{"timestamp":"2025-12-21T17:54:41.214222Z","level":"info","event":"Formatting title: Eastern Promises","logger":"root","filename":"ingestion_dag.py","lineno":93}
{"timestamp":"2025-12-21T17:54:41.214261Z","level":"info","event":"Formatting title: Easy A","logger":"root","filename":"ingestion_dag.py","lineno":93}
{"timestamp":"2025-12-21T17:54:41.214295Z","level":"info","event":"Formatting title: Ed Tv","logger":"root","filename":"ingestion_dag.py","lineno":93}
{"timestamp":"2025-12-21T17:54:41.214482Z","level":"info","event":"Formatting title: Ed Wood","logger":"root","filename":"ingestion_dag.py","lineno":93}
{"timestamp":"2025-12-21T17:54:41.214580Z","level":"info","event":"Formatting title: Eddie The Eagle","logger":"root","filename":"ingestion_dag.py","lineno":93}
{"timestamp":"2025-12-21T17:54:41.214625Z","level":"info","event":"Formatting title: Edge Of Tomorrow","logger":"root","filename":"ingestion_dag.py","lineno":93}
{"timestamp":"2025-12-21T17:54:41.214656Z","level":"info","event":"Formatting title: Edward Scissorhands","logger":"root","filename":"ingestion_dag.py","lineno":93}
{"timestamp":"2025-12-21T17:54:41.214738Z","level":"info","event":"Formatting title: Eight Legged Freaks","logger":"root","filename":"ingestion_dag.py","lineno":93}
{"timestamp":"2025-12-21T17:54:41.214780Z","level":"info","event":"Formatting title: Eighth Grade","logger":"root","filename":"ingestion_dag.py","lineno":93}
{"timestamp":"2025-12-21T17:54:41.214810Z","level":"info","event":"Formatting title: El Mariachi","logger":"root","filename":"ingestion_dag.py","lineno":93}
{"timestamp":"2025-12-21T17:54:41.214903Z","level":"info","event":"Formatting title: Election","logger":"root","filename":"ingestion_dag.py","lineno":93}
{"timestamp":"2025-12-21T17:54:41.214940Z","level":"info","event":"Formatting title: Elemental","logger":"root","filename":"ingestion_dag.py","lineno":93}
{"timestamp":"2025-12-21T17:54:41.214971Z","level":"info","event":"Formatting title: Elephant Man The","logger":"root","filename":"ingestion_dag.py","lineno":93}
{"timestamp":"2025-12-21T17:54:41.215000Z","level":"info","event":"Formatting title: Elizabeth The Golden Age","logger":"root","filename":"ingestion_dag.py","lineno":93}
{"timestamp":"2025-12-21T17:54:41.215030Z","level":"info","event":"Formatting title: Elvis","logger":"root","filename":"ingestion_dag.py","lineno":93}
{"timestamp":"2025-12-21T17:54:41.215057Z","level":"info","event":"Formatting title: Elysium","logger":"root","filename":"ingestion_dag.py","lineno":93}
{"timestamp":"2025-12-21T17:54:41.215084Z","level":"info","event":"Formatting title: Emancipation","logger":"root","filename":"ingestion_dag.py","lineno":93}
{"timestamp":"2025-12-21T17:54:41.215112Z","level":"info","event":"Formatting title: Emergency","logger":"root","filename":"ingestion_dag.py","lineno":93}
{"timestamp":"2025-12-21T17:54:41.215138Z","level":"info","event":"Formatting title: Emilia Pérez","logger":"root","filename":"ingestion_dag.py","lineno":93}
{"timestamp":"2025-12-21T17:54:41.215167Z","level":"info","event":"Formatting title: Emma","logger":"root","filename":"ingestion_dag.py","lineno":93}
{"timestamp":"2025-12-21T17:54:41.215195Z","level":"info","event":"Formatting title: Empire Of Light","logger":"root","filename":"ingestion_dag.py","lineno":93}
{"timestamp":"2025-12-21T17:54:41.215223Z","level":"info","event":"Formatting title: Encanto","logger":"root","filename":"ingestion_dag.py","lineno":93}
{"timestamp":"2025-12-21T17:54:41.215278Z","level":"info","event":"Formatting title: Encounter","logger":"root","filename":"ingestion_dag.py","lineno":93}
{"timestamp":"2025-12-21T17:54:41.215311Z","level":"info","event":"Formatting title: End Of Watch","logger":"root","filename":"ingestion_dag.py","lineno":93}
{"timestamp":"2025-12-21T17:54:41.215340Z","level":"info","event":"Formatting title: Enemy Of The State","logger":"root","filename":"ingestion_dag.py","lineno":93}
{"timestamp":"2025-12-21T17:54:41.215368Z","level":"info","event":"Formatting title: English Patient The","logger":"root","filename":"ingestion_dag.py","lineno":93}
{"timestamp":"2025-12-21T17:54:41.215395Z","level":"info","event":"Formatting title: Enough","logger":"root","filename":"ingestion_dag.py","lineno":93}
{"timestamp":"2025-12-21T17:54:41.215422Z","level":"info","event":"Formatting title: Enough Said","logger":"root","filename":"ingestion_dag.py","lineno":93}
{"timestamp":"2025-12-21T17:54:41.215459Z","level":"info","event":"Formatting title: Entrapment","logger":"root","filename":"ingestion_dag.py","lineno":93}
{"timestamp":"2025-12-21T17:54:41.215540Z","level":"info","event":"Formatting title: Equilibrium","logger":"root","filename":"ingestion_dag.py","lineno":93}
{"timestamp":"2025-12-21T17:54:41.215587Z","level":"info","event":"Formatting title: Equity","logger":"root","filename":"ingestion_dag.py","lineno":93}
{"timestamp":"2025-12-21T17:54:41.215619Z","level":"info","event":"Formatting title: Eraser","logger":"root","filename":"ingestion_dag.py","lineno":93}
{"timestamp":"2025-12-21T17:54:41.215658Z","level":"info","event":"Formatting title: Erik The Viking","logger":"root","filename":"ingestion_dag.py","lineno":93}
{"timestamp":"2025-12-21T17:54:41.215700Z","level":"info","event":"Formatting title: Erin Brockovich","logger":"root","filename":"ingestion_dag.py","lineno":93}
{"timestamp":"2025-12-21T17:54:41.215732Z","level":"info","event":"Formatting title: Escape From La","logger":"root","filename":"ingestion_dag.py","lineno":93}
{"timestamp":"2025-12-21T17:54:41.215760Z","level":"info","event":"Formatting title: Escape From New York","logger":"root","filename":"ingestion_dag.py","lineno":93}
{"timestamp":"2025-12-21T17:54:41.215788Z","level":"info","event":"Formatting title: Et","logger":"root","filename":"ingestion_dag.py","lineno":93}
{"timestamp":"2025-12-21T17:54:41.215815Z","level":"info","event":"Formatting title: Et The Extra Terrestrial","logger":"root","filename":"ingestion_dag.py","lineno":93}
{"timestamp":"2025-12-21T17:54:41.215867Z","level":"info","event":"Formatting title: Eternal Sunshine Of The Spotless Mind","logger":"root","filename":"ingestion_dag.py","lineno":93}
{"timestamp":"2025-12-21T17:54:41.215927Z","level":"info","event":"Formatting title: Even Cowgirls Get The Blues","logger":"root","filename":"ingestion_dag.py","lineno":93}
{"timestamp":"2025-12-21T17:54:41.216006Z","level":"info","event":"Formatting title: Event Horizon","logger":"root","filename":"ingestion_dag.py","lineno":93}
{"timestamp":"2025-12-21T17:54:41.216055Z","level":"info","event":"Formatting title: Everything Everywhere All At Once","logger":"root","filename":"ingestion_dag.py","lineno":93}
{"timestamp":"2025-12-21T17:54:41.216087Z","level":"info","event":"Formatting title: Evil Dead","logger":"root","filename":"ingestion_dag.py","lineno":93}
{"timestamp":"2025-12-21T17:54:41.216117Z","level":"info","event":"Formatting title: Evil Dead 2","logger":"root","filename":"ingestion_dag.py","lineno":93}
{"timestamp":"2025-12-21T17:54:41.216147Z","level":"info","event":"Formatting title: Evil Dead 2 Dead By Dawn","logger":"root","filename":"ingestion_dag.py","lineno":93}
{"timestamp":"2025-12-21T17:54:41.216177Z","level":"info","event":"Formatting title: Evolution","logger":"root","filename":"ingestion_dag.py","lineno":93}
{"timestamp":"2025-12-21T17:54:41.216205Z","level":"info","event":"Formatting title: Ex Machina","logger":"root","filename":"ingestion_dag.py","lineno":93}
{"timestamp":"2025-12-21T17:54:41.216233Z","level":"info","event":"Formatting title: Excalibur","logger":"root","filename":"ingestion_dag.py","lineno":93}
{"timestamp":"2025-12-21T17:54:41.216259Z","level":"info","event":"Formatting title: Executive Decision","logger":"root","filename":"ingestion_dag.py","lineno":93}
{"timestamp":"2025-12-21T17:54:41.216315Z","level":"info","event":"Formatting title: Existenz","logger":"root","filename":"ingestion_dag.py","lineno":93}
{"timestamp":"2025-12-21T17:54:41.216346Z","level":"info","event":"Formatting title: Exorcist 2 The Heretic","logger":"root","filename":"ingestion_dag.py","lineno":93}
{"timestamp":"2025-12-21T17:54:41.216374Z","level":"info","event":"Formatting title: Extract","logger":"root","filename":"ingestion_dag.py","lineno":93}
{"timestamp":"2025-12-21T17:54:41.216402Z","level":"info","event":"Formatting title: Extremely Wicked Shockingly Evil And Vile","logger":"root","filename":"ingestion_dag.py","lineno":93}
{"timestamp":"2025-12-21T17:54:41.216430Z","level":"info","event":"Formatting title: Eye In The Sky","logger":"root","filename":"ingestion_dag.py","lineno":93}
{"timestamp":"2025-12-21T17:54:41.216464Z","level":"info","event":"Formatting title: Eyes Wide Shut","logger":"root","filename":"ingestion_dag.py","lineno":93}
{"timestamp":"2025-12-21T17:54:41.216491Z","level":"info","event":"Formatting title: Fabulous Baker Boys The","logger":"root","filename":"ingestion_dag.py","lineno":93}
{"timestamp":"2025-12-21T17:54:41.216518Z","level":"info","event":"Formatting title: Face Off","logger":"root","filename":"ingestion_dag.py","lineno":93}
{"timestamp":"2025-12-21T17:54:41.216546Z","level":"info","event":"Formatting title: Fair Game","logger":"root","filename":"ingestion_dag.py","lineno":93}
{"timestamp":"2025-12-21T17:54:41.216573Z","level":"info","event":"Formatting title: Fair Play","logger":"root","filename":"ingestion_dag.py","lineno":93}
{"timestamp":"2025-12-21T17:54:41.216616Z","level":"info","event":"Formatting title: Fairytale A True Story","logger":"root","filename":"ingestion_dag.py","lineno":93}
{"timestamp":"2025-12-21T17:54:41.216654Z","level":"info","event":"Formatting title: Family Man The","logger":"root","filename":"ingestion_dag.py","lineno":93}
{"timestamp":"2025-12-21T17:54:41.216688Z","level":"info","event":"Formatting title: Fanboys","logger":"root","filename":"ingestion_dag.py","lineno":93}
{"timestamp":"2025-12-21T17:54:41.216716Z","level":"info","event":"Formatting title: Fantastic Beasts And Where To Find Them","logger":"root","filename":"ingestion_dag.py","lineno":93}
{"timestamp":"2025-12-21T17:54:41.216744Z","level":"info","event":"Formatting title: Fantastic Beasts The Crimes Of Grindelwald","logger":"root","filename":"ingestion_dag.py","lineno":93}
{"timestamp":"2025-12-21T17:54:41.216772Z","level":"info","event":"Formatting title: Fantastic Beasts The Secrets Of Dumbledore","logger":"root","filename":"ingestion_dag.py","lineno":93}
{"timestamp":"2025-12-21T17:54:41.216799Z","level":"info","event":"Formatting title: Fantastic Four","logger":"root","filename":"ingestion_dag.py","lineno":93}
{"timestamp":"2025-12-21T17:54:41.216825Z","level":"info","event":"Formatting title: Fantastic Mr Fox","logger":"root","filename":"ingestion_dag.py","lineno":93}
{"timestamp":"2025-12-21T17:54:41.216852Z","level":"info","event":"Formatting title: Fargo","logger":"root","filename":"ingestion_dag.py","lineno":93}
{"timestamp":"2025-12-21T17:54:41.216879Z","level":"info","event":"Formatting title: Fast Color","logger":"root","filename":"ingestion_dag.py","lineno":93}
{"timestamp":"2025-12-21T17:54:41.216923Z","level":"info","event":"Formatting title: Fast Times At Ridgemont High","logger":"root","filename":"ingestion_dag.py","lineno":93}
{"timestamp":"2025-12-21T17:54:41.216960Z","level":"info","event":"Formatting title: Fatal Attraction","logger":"root","filename":"ingestion_dag.py","lineno":93}
{"timestamp":"2025-12-21T17:54:41.216990Z","level":"info","event":"Formatting title: Fatal Instinct","logger":"root","filename":"ingestion_dag.py","lineno":93}
{"timestamp":"2025-12-21T17:54:41.217017Z","level":"info","event":"Formatting title: Fault In Our Stars The","logger":"root","filename":"ingestion_dag.py","lineno":93}
{"timestamp":"2025-12-21T17:54:41.217044Z","level":"info","event":"Formatting title: Faults","logger":"root","filename":"ingestion_dag.py","lineno":93}
{"timestamp":"2025-12-21T17:54:41.217072Z","level":"info","event":"Formatting title: Fear And Loathing In Las Vegas","logger":"root","filename":"ingestion_dag.py","lineno":93}
{"timestamp":"2025-12-21T17:54:41.217099Z","level":"info","event":"Formatting title: Fear Street Part One 1994","logger":"root","filename":"ingestion_dag.py","lineno":93}
{"timestamp":"2025-12-21T17:54:41.217130Z","level":"info","event":"Formatting title: Feast","logger":"root","filename":"ingestion_dag.py","lineno":93}
{"timestamp":"2025-12-21T17:54:41.217156Z","level":"info","event":"Formatting title: Fences","logger":"root","filename":"ingestion_dag.py","lineno":93}
{"timestamp":"2025-12-21T17:54:41.217181Z","level":"info","event":"Formatting title: Ferrari","logger":"root","filename":"ingestion_dag.py","lineno":93}
{"timestamp":"2025-12-21T17:54:41.217206Z","level":"info","event":"Formatting title: Ferris Buellers Day Off","logger":"root","filename":"ingestion_dag.py","lineno":93}
{"timestamp":"2025-12-21T17:54:41.217232Z","level":"info","event":"Formatting title: Field Of Dreams","logger":"root","filename":"ingestion_dag.py","lineno":93}
{"timestamp":"2025-12-21T17:54:41.217258Z","level":"info","event":"Formatting title: Fifth Element The","logger":"root","filename":"ingestion_dag.py","lineno":93}
{"timestamp":"2025-12-21T17:54:41.217284Z","level":"info","event":"Formatting title: Fight Club","logger":"root","filename":"ingestion_dag.py","lineno":93}
{"timestamp":"2025-12-21T17:54:41.217308Z","level":"info","event":"Formatting title: Fighter The","logger":"root","filename":"ingestion_dag.py","lineno":93}
{"timestamp":"2025-12-21T17:54:41.217358Z","level":"info","event":"Formatting title: Film Stars Dont Die In Liverpool","logger":"root","filename":"ingestion_dag.py","lineno":93}
{"timestamp":"2025-12-21T17:54:41.217388Z","level":"info","event":"Formatting title: Final Destination","logger":"root","filename":"ingestion_dag.py","lineno":93}
{"timestamp":"2025-12-21T17:54:41.217419Z","level":"info","event":"Formatting title: Final Destination 2","logger":"root","filename":"ingestion_dag.py","lineno":93}
{"timestamp":"2025-12-21T17:54:41.217508Z","level":"info","event":"Formatting title: Finding Nemo","logger":"root","filename":"ingestion_dag.py","lineno":93}
{"timestamp":"2025-12-21T17:54:41.217724Z","level":"info","event":"Formatting title: First Blood","logger":"root","filename":"ingestion_dag.py","lineno":93}
{"timestamp":"2025-12-21T17:54:41.217764Z","level":"info","event":"Formatting title: First Cow","logger":"root","filename":"ingestion_dag.py","lineno":93}
{"timestamp":"2025-12-21T17:54:41.217804Z","level":"info","event":"Formatting title: First Man","logger":"root","filename":"ingestion_dag.py","lineno":93}
{"timestamp":"2025-12-21T17:54:41.217833Z","level":"info","event":"Formatting title: First Reformed","logger":"root","filename":"ingestion_dag.py","lineno":93}
{"timestamp":"2025-12-21T17:54:41.217861Z","level":"info","event":"Formatting title: First They Killed My Father","logger":"root","filename":"ingestion_dag.py","lineno":93}
{"timestamp":"2025-12-21T17:54:41.217890Z","level":"info","event":"Formatting title: Five Easy Pieces","logger":"root","filename":"ingestion_dag.py","lineno":93}
{"timestamp":"2025-12-21T17:54:41.217918Z","level":"info","event":"Formatting title: Flash Gordon","logger":"root","filename":"ingestion_dag.py","lineno":93}
{"timestamp":"2025-12-21T17:54:41.217944Z","level":"info","event":"Formatting title: Flashdance","logger":"root","filename":"ingestion_dag.py","lineno":93}
{"timestamp":"2025-12-21T17:54:41.217972Z","level":"info","event":"Formatting title: Flatliners","logger":"root","filename":"ingestion_dag.py","lineno":93}
{"timestamp":"2025-12-21T17:54:41.218036Z","level":"info","event":"Formatting title: Fletch","logger":"root","filename":"ingestion_dag.py","lineno":93}
{"timestamp":"2025-12-21T17:54:41.218075Z","level":"info","event":"Formatting title: Flight","logger":"root","filename":"ingestion_dag.py","lineno":93}
{"timestamp":"2025-12-21T17:54:41.218105Z","level":"info","event":"Formatting title: Flintstones The","logger":"root","filename":"ingestion_dag.py","lineno":93}
{"timestamp":"2025-12-21T17:54:41.275354Z","level":"info","event":"Formatting title: Flora And Son","logger":"root","filename":"ingestion_dag.py","lineno":93}
{"timestamp":"2025-12-21T17:54:41.275481Z","level":"info","event":"Formatting title: Focus","logger":"root","filename":"ingestion_dag.py","lineno":93}
{"timestamp":"2025-12-21T17:54:41.275630Z","level":"info","event":"Formatting title: Foe","logger":"root","filename":"ingestion_dag.py","lineno":93}
{"timestamp":"2025-12-21T17:54:41.275947Z","level":"info","event":"Formatting title: Following","logger":"root","filename":"ingestion_dag.py","lineno":93}
{"timestamp":"2025-12-21T17:54:41.276052Z","level":"info","event":"Formatting title: For Your Eyes Only","logger":"root","filename":"ingestion_dag.py","lineno":93}
{"timestamp":"2025-12-21T17:54:41.276095Z","level":"info","event":"Formatting title: Ford V Ferrari","logger":"root","filename":"ingestion_dag.py","lineno":93}
{"timestamp":"2025-12-21T17:54:41.276127Z","level":"info","event":"Formatting title: Forrest Gump","logger":"root","filename":"ingestion_dag.py","lineno":93}
{"timestamp":"2025-12-21T17:54:41.276157Z","level":"info","event":"Formatting title: Four Feathers","logger":"root","filename":"ingestion_dag.py","lineno":93}
{"timestamp":"2025-12-21T17:54:41.276185Z","level":"info","event":"Formatting title: Four Rooms","logger":"root","filename":"ingestion_dag.py","lineno":93}
{"timestamp":"2025-12-21T17:54:41.276213Z","level":"info","event":"Formatting title: Four Weddings And A Funeral","logger":"root","filename":"ingestion_dag.py","lineno":93}
{"timestamp":"2025-12-21T17:54:41.276242Z","level":"info","event":"Formatting title: Foxcatcher","logger":"root","filename":"ingestion_dag.py","lineno":93}
{"timestamp":"2025-12-21T17:54:41.276274Z","level":"info","event":"Formatting title: Fracture","logger":"root","filename":"ingestion_dag.py","lineno":93}
{"timestamp":"2025-12-21T17:54:41.276302Z","level":"info","event":"Formatting title: Frailty","logger":"root","filename":"ingestion_dag.py","lineno":93}
{"timestamp":"2025-12-21T17:54:41.276329Z","level":"info","event":"Formatting title: Frances","logger":"root","filename":"ingestion_dag.py","lineno":93}
{"timestamp":"2025-12-21T17:54:41.276357Z","level":"info","event":"Formatting title: Frances Ha","logger":"root","filename":"ingestion_dag.py","lineno":93}
{"timestamp":"2025-12-21T17:54:41.276384Z","level":"info","event":"Formatting title: Frank","logger":"root","filename":"ingestion_dag.py","lineno":93}
{"timestamp":"2025-12-21T17:54:41.276412Z","level":"info","event":"Formatting title: Frankenstein","logger":"root","filename":"ingestion_dag.py","lineno":93}
{"timestamp":"2025-12-21T17:54:41.276448Z","level":"info","event":"Formatting title: Frankensteins Army","logger":"root","filename":"ingestion_dag.py","lineno":93}
{"timestamp":"2025-12-21T17:54:41.276480Z","level":"info","event":"Formatting title: Frankenweenie","logger":"root","filename":"ingestion_dag.py","lineno":93}
{"timestamp":"2025-12-21T17:54:41.276511Z","level":"info","event":"Formatting title: Frankie","logger":"root","filename":"ingestion_dag.py","lineno":93}
{"timestamp":"2025-12-21T17:54:41.276540Z","level":"info","event":"Formatting title: Frantic","logger":"root","filename":"ingestion_dag.py","lineno":93}
{"timestamp":"2025-12-21T17:54:41.276569Z","level":"info","event":"Formatting title: Freaked","logger":"root","filename":"ingestion_dag.py","lineno":93}
{"timestamp":"2025-12-21T17:54:41.276605Z","level":"info","event":"Formatting title: Fred Claus","logger":"root","filename":"ingestion_dag.py","lineno":93}
{"timestamp":"2025-12-21T17:54:41.276639Z","level":"info","event":"Formatting title: Freddy Vs Jason","logger":"root","filename":"ingestion_dag.py","lineno":93}
{"timestamp":"2025-12-21T17:54:41.276677Z","level":"info","event":"Formatting title: Free Fire","logger":"root","filename":"ingestion_dag.py","lineno":93}
{"timestamp":"2025-12-21T17:54:41.276709Z","level":"info","event":"Formatting title: Free Guy","logger":"root","filename":"ingestion_dag.py","lineno":93}
{"timestamp":"2025-12-21T17:54:41.276745Z","level":"info","event":"Formatting title: French Connection The","logger":"root","filename":"ingestion_dag.py","lineno":93}
{"timestamp":"2025-12-21T17:54:41.276783Z","level":"info","event":"Formatting title: Frequency","logger":"root","filename":"ingestion_dag.py","lineno":93}
{"timestamp":"2025-12-21T17:54:41.276821Z","level":"info","event":"Formatting title: Fresh","logger":"root","filename":"ingestion_dag.py","lineno":93}
{"timestamp":"2025-12-21T17:54:41.276855Z","level":"info","event":"Formatting title: Freuds Last Session","logger":"root","filename":"ingestion_dag.py","lineno":93}
{"timestamp":"2025-12-21T17:54:41.276891Z","level":"info","event":"Formatting title: Friday","logger":"root","filename":"ingestion_dag.py","lineno":93}
{"timestamp":"2025-12-21T17:54:41.276922Z","level":"info","event":"Formatting title: Friday The 13th","logger":"root","filename":"ingestion_dag.py","lineno":93}
{"timestamp":"2025-12-21T17:54:41.276952Z","level":"info","event":"Formatting title: Friday The 13th Part 6 Jason Lives","logger":"root","filename":"ingestion_dag.py","lineno":93}
{"timestamp":"2025-12-21T17:54:41.276983Z","level":"info","event":"Formatting title: Friday The 13th Part 8 Jason Takes Manhattan","logger":"root","filename":"ingestion_dag.py","lineno":93}
{"timestamp":"2025-12-21T17:54:41.277022Z","level":"info","event":"Formatting title: Fright Night","logger":"root","filename":"ingestion_dag.py","lineno":93}
{"timestamp":"2025-12-21T17:54:41.277057Z","level":"info","event":"Formatting title: Fright Night (1985)","logger":"root","filename":"ingestion_dag.py","lineno":93}
{"timestamp":"2025-12-21T17:54:41.277089Z","level":"info","event":"Formatting title: From Dusk Till Dawn","logger":"root","filename":"ingestion_dag.py","lineno":93}
{"timestamp":"2025-12-21T17:54:41.277120Z","level":"info","event":"Formatting title: From Here To Eternity","logger":"root","filename":"ingestion_dag.py","lineno":93}
{"timestamp":"2025-12-21T17:54:41.277153Z","level":"info","event":"Formatting title: From Russia With Love","logger":"root","filename":"ingestion_dag.py","lineno":93}
{"timestamp":"2025-12-21T17:54:41.277185Z","level":"info","event":"Formatting title: Frost / Nixon","logger":"root","filename":"ingestion_dag.py","lineno":93}
{"timestamp":"2025-12-21T17:54:41.277215Z","level":"info","event":"Formatting title: Frozen","logger":"root","filename":"ingestion_dag.py","lineno":93}
{"timestamp":"2025-12-21T17:54:41.277249Z","level":"info","event":"Formatting title: Frozen (disney)","logger":"root","filename":"ingestion_dag.py","lineno":93}
{"timestamp":"2025-12-21T17:54:41.277280Z","level":"info","event":"Formatting title: Frozen River","logger":"root","filename":"ingestion_dag.py","lineno":93}
{"timestamp":"2025-12-21T17:54:41.277307Z","level":"info","event":"Formatting title: Fruitvale Station","logger":"root","filename":"ingestion_dag.py","lineno":93}
{"timestamp":"2025-12-21T17:54:41.277332Z","level":"info","event":"Formatting title: Fugitive The","logger":"root","filename":"ingestion_dag.py","lineno":93}
{"timestamp":"2025-12-21T17:54:41.277359Z","level":"info","event":"Formatting title: Full Metal Jacket","logger":"root","filename":"ingestion_dag.py","lineno":93}
{"timestamp":"2025-12-21T17:54:41.277385Z","level":"info","event":"Formatting title: Funny People","logger":"root","filename":"ingestion_dag.py","lineno":93}
{"timestamp":"2025-12-21T17:54:41.277410Z","level":"info","event":"Formatting title: Fury","logger":"root","filename":"ingestion_dag.py","lineno":93}
{"timestamp":"2025-12-21T17:54:41.277436Z","level":"info","event":"Formatting title: Game 6","logger":"root","filename":"ingestion_dag.py","lineno":93}
{"timestamp":"2025-12-21T17:54:41.277464Z","level":"info","event":"Formatting title: Game Night","logger":"root","filename":"ingestion_dag.py","lineno":93}
{"timestamp":"2025-12-21T17:54:41.277492Z","level":"info","event":"Formatting title: Game The","logger":"root","filename":"ingestion_dag.py","lineno":93}
{"timestamp":"2025-12-21T17:54:41.277519Z","level":"info","event":"Formatting title: Gamer","logger":"root","filename":"ingestion_dag.py","lineno":93}
{"timestamp":"2025-12-21T17:54:41.277546Z","level":"info","event":"Formatting title: Gandhi","logger":"root","filename":"ingestion_dag.py","lineno":93}
{"timestamp":"2025-12-21T17:54:41.277572Z","level":"info","event":"Formatting title: Gang Related","logger":"root","filename":"ingestion_dag.py","lineno":93}
{"timestamp":"2025-12-21T17:54:41.277602Z","level":"info","event":"Formatting title: Gangs Of New York","logger":"root","filename":"ingestion_dag.py","lineno":93}
{"timestamp":"2025-12-21T17:54:41.277628Z","level":"info","event":"Formatting title: Garden State","logger":"root","filename":"ingestion_dag.py","lineno":93}
{"timestamp":"2025-12-21T17:54:41.277687Z","level":"info","event":"Formatting title: Gattaca","logger":"root","filename":"ingestion_dag.py","lineno":93}
{"timestamp":"2025-12-21T17:54:41.277725Z","level":"info","event":"Formatting title: Gemini Man","logger":"root","filename":"ingestion_dag.py","lineno":93}
{"timestamp":"2025-12-21T17:54:41.277756Z","level":"info","event":"Formatting title: Geostorm","logger":"root","filename":"ingestion_dag.py","lineno":93}
{"timestamp":"2025-12-21T17:54:41.277790Z","level":"info","event":"Formatting title: Get Carter","logger":"root","filename":"ingestion_dag.py","lineno":93}
{"timestamp":"2025-12-21T17:54:41.277820Z","level":"info","event":"Formatting title: Get Low","logger":"root","filename":"ingestion_dag.py","lineno":93}
{"timestamp":"2025-12-21T17:54:41.277848Z","level":"info","event":"Formatting title: Get On Up","logger":"root","filename":"ingestion_dag.py","lineno":93}
{"timestamp":"2025-12-21T17:54:41.277877Z","level":"info","event":"Formatting title: Get Out","logger":"root","filename":"ingestion_dag.py","lineno":93}
{"timestamp":"2025-12-21T17:54:41.277905Z","level":"info","event":"Formatting title: Get Rich Or Die Tryin","logger":"root","filename":"ingestion_dag.py","lineno":93}
{"timestamp":"2025-12-21T17:54:41.277933Z","level":"info","event":"Formatting title: Get Shorty","logger":"root","filename":"ingestion_dag.py","lineno":93}
{"timestamp":"2025-12-21T17:54:41.277960Z","level":"info","event":"Formatting title: Getaway The","logger":"root","filename":"ingestion_dag.py","lineno":93}
{"timestamp":"2025-12-21T17:54:41.277986Z","level":"info","event":"Formatting title: Ghost","logger":"root","filename":"ingestion_dag.py","lineno":93}
{"timestamp":"2025-12-21T17:54:41.278012Z","level":"info","event":"Formatting title: Ghost And The Darkness The","logger":"root","filename":"ingestion_dag.py","lineno":93}
{"timestamp":"2025-12-21T17:54:41.278038Z","level":"info","event":"Formatting title: Ghost Rider","logger":"root","filename":"ingestion_dag.py","lineno":93}
{"timestamp":"2025-12-21T17:54:41.278064Z","level":"info","event":"Formatting title: Ghost Ship","logger":"root","filename":"ingestion_dag.py","lineno":93}
{"timestamp":"2025-12-21T17:54:41.278098Z","level":"info","event":"Formatting title: Ghost World","logger":"root","filename":"ingestion_dag.py","lineno":93}
{"timestamp":"2025-12-21T17:54:41.278126Z","level":"info","event":"Formatting title: Ghostbusters","logger":"root","filename":"ingestion_dag.py","lineno":93}
{"timestamp":"2025-12-21T17:54:41.278156Z","level":"info","event":"Formatting title: Ghostbusters 2","logger":"root","filename":"ingestion_dag.py","lineno":93}
{"timestamp":"2025-12-21T17:54:41.278188Z","level":"info","event":"Formatting title: Gi Jane","logger":"root","filename":"ingestion_dag.py","lineno":93}
{"timestamp":"2025-12-21T17:54:41.278223Z","level":"info","event":"Formatting title: Gi Joe The Rise Of Cobra","logger":"root","filename":"ingestion_dag.py","lineno":93}
{"timestamp":"2025-12-21T17:54:41.278252Z","level":"info","event":"Formatting title: Ginger Snaps","logger":"root","filename":"ingestion_dag.py","lineno":93}
{"timestamp":"2025-12-21T17:54:41.278282Z","level":"info","event":"Formatting title: Girl With The Dragon Tattoo The","logger":"root","filename":"ingestion_dag.py","lineno":93}
{"timestamp":"2025-12-21T17:54:41.278315Z","level":"info","event":"Formatting title: Girl With The Pearl Earring","logger":"root","filename":"ingestion_dag.py","lineno":93}
{"timestamp":"2025-12-21T17:54:41.278348Z","level":"info","event":"Formatting title: Girls Trip","logger":"root","filename":"ingestion_dag.py","lineno":93}
{"timestamp":"2025-12-21T17:54:41.278375Z","level":"info","event":"Formatting title: Gladiator","logger":"root","filename":"ingestion_dag.py","lineno":93}
{"timestamp":"2025-12-21T17:54:41.278400Z","level":"info","event":"Formatting title: Gladiator 2","logger":"root","filename":"ingestion_dag.py","lineno":93}
{"timestamp":"2025-12-21T17:54:41.278431Z","level":"info","event":"Formatting title: Glass Onion A Knives Out Mystery","logger":"root","filename":"ingestion_dag.py","lineno":93}
{"timestamp":"2025-12-21T17:54:41.278461Z","level":"info","event":"Formatting title: Glengarry Glen Gross","logger":"root","filename":"ingestion_dag.py","lineno":93}
{"timestamp":"2025-12-21T17:54:41.278486Z","level":"info","event":"Formatting title: Go","logger":"root","filename":"ingestion_dag.py","lineno":93}
{"timestamp":"2025-12-21T17:54:41.278511Z","level":"info","event":"Formatting title: Godfather","logger":"root","filename":"ingestion_dag.py","lineno":93}
{"timestamp":"2025-12-21T17:54:41.278536Z","level":"info","event":"Formatting title: Godfather Part 2","logger":"root","filename":"ingestion_dag.py","lineno":93}
{"timestamp":"2025-12-21T17:54:41.278561Z","level":"info","event":"Formatting title: Godfather Part 3 The","logger":"root","filename":"ingestion_dag.py","lineno":93}
{"timestamp":"2025-12-21T17:54:41.278590Z","level":"info","event":"Formatting title: Gods And Monsters","logger":"root","filename":"ingestion_dag.py","lineno":93}
{"timestamp":"2025-12-21T17:54:41.278620Z","level":"info","event":"Formatting title: Godzilla","logger":"root","filename":"ingestion_dag.py","lineno":93}
{"timestamp":"2025-12-21T17:54:41.278647Z","level":"info","event":"Formatting title: Gold","logger":"root","filename":"ingestion_dag.py","lineno":93}
{"timestamp":"2025-12-21T17:54:41.278673Z","level":"info","event":"Formatting title: Goldeneye","logger":"root","filename":"ingestion_dag.py","lineno":93}
{"timestamp":"2025-12-21T17:54:41.278699Z","level":"info","event":"Formatting title: Goldfinger","logger":"root","filename":"ingestion_dag.py","lineno":93}
{"timestamp":"2025-12-21T17:54:41.278725Z","level":"info","event":"Formatting title: Gone Baby Gone","logger":"root","filename":"ingestion_dag.py","lineno":93}
{"timestamp":"2025-12-21T17:54:41.278749Z","level":"info","event":"Formatting title: Gone Girl","logger":"root","filename":"ingestion_dag.py","lineno":93}
{"timestamp":"2025-12-21T17:54:41.278773Z","level":"info","event":"Formatting title: Gone In 60 Seconds","logger":"root","filename":"ingestion_dag.py","lineno":93}
{"timestamp":"2025-12-21T17:54:41.278798Z","level":"info","event":"Formatting title: Gone With The Wind","logger":"root","filename":"ingestion_dag.py","lineno":93}
{"timestamp":"2025-12-21T17:54:41.278821Z","level":"info","event":"Formatting title: Good Girl The","logger":"root","filename":"ingestion_dag.py","lineno":93}
{"timestamp":"2025-12-21T17:54:41.278845Z","level":"info","event":"Formatting title: Good Morning Vietnam","logger":"root","filename":"ingestion_dag.py","lineno":93}
{"timestamp":"2025-12-21T17:54:41.278869Z","level":"info","event":"Formatting title: Good Will Hunting","logger":"root","filename":"ingestion_dag.py","lineno":93}
{"timestamp":"2025-12-21T17:54:41.278902Z","level":"info","event":"Formatting title: Goodfellas","logger":"root","filename":"ingestion_dag.py","lineno":93}
{"timestamp":"2025-12-21T17:54:41.278929Z","level":"info","event":"Formatting title: Gothika","logger":"root","filename":"ingestion_dag.py","lineno":93}
{"timestamp":"2025-12-21T17:54:41.278960Z","level":"info","event":"Formatting title: Grabbers","logger":"root","filename":"ingestion_dag.py","lineno":93}
{"timestamp":"2025-12-21T17:54:41.278988Z","level":"info","event":"Formatting title: Graduate The","logger":"root","filename":"ingestion_dag.py","lineno":93}
{"timestamp":"2025-12-21T17:54:41.279013Z","level":"info","event":"Formatting title: Gran Torino","logger":"root","filename":"ingestion_dag.py","lineno":93}
{"timestamp":"2025-12-21T17:54:41.279037Z","level":"info","event":"Formatting title: Grand Hotel","logger":"root","filename":"ingestion_dag.py","lineno":93}
{"timestamp":"2025-12-21T17:54:41.279061Z","level":"info","event":"Formatting title: Grand Theft Parsons","logger":"root","filename":"ingestion_dag.py","lineno":93}
{"timestamp":"2025-12-21T17:54:41.279088Z","level":"info","event":"Formatting title: Grapes Of Wrath The","logger":"root","filename":"ingestion_dag.py","lineno":93}
{"timestamp":"2025-12-21T17:54:41.279114Z","level":"info","event":"Formatting title: Gravity","logger":"root","filename":"ingestion_dag.py","lineno":93}
{"timestamp":"2025-12-21T17:54:41.279137Z","level":"info","event":"Formatting title: Grease","logger":"root","filename":"ingestion_dag.py","lineno":93}
{"timestamp":"2025-12-21T17:54:41.279160Z","level":"info","event":"Formatting title: Great Gatsby The","logger":"root","filename":"ingestion_dag.py","lineno":93}
{"timestamp":"2025-12-21T17:54:41.279188Z","level":"info","event":"Formatting title: Green Book","logger":"root","filename":"ingestion_dag.py","lineno":93}
{"timestamp":"2025-12-21T17:54:41.279213Z","level":"info","event":"Formatting title: Green Lantern","logger":"root","filename":"ingestion_dag.py","lineno":93}
{"timestamp":"2025-12-21T17:54:41.279239Z","level":"info","event":"Formatting title: Green Mile The","logger":"root","filename":"ingestion_dag.py","lineno":93}
{"timestamp":"2025-12-21T17:54:41.279264Z","level":"info","event":"Formatting title: Green Room","logger":"root","filename":"ingestion_dag.py","lineno":93}
{"timestamp":"2025-12-21T17:54:41.279290Z","level":"info","event":"Formatting title: Greenberg","logger":"root","filename":"ingestion_dag.py","lineno":93}
{"timestamp":"2025-12-21T17:54:41.279315Z","level":"info","event":"Formatting title: Gremlins","logger":"root","filename":"ingestion_dag.py","lineno":93}
{"timestamp":"2025-12-21T17:54:41.279338Z","level":"info","event":"Formatting title: Gremlins 2","logger":"root","filename":"ingestion_dag.py","lineno":93}
{"timestamp":"2025-12-21T17:54:41.279362Z","level":"info","event":"Formatting title: Gremlins 2 The New Batch","logger":"root","filename":"ingestion_dag.py","lineno":93}
{"timestamp":"2025-12-21T17:54:41.279386Z","level":"info","event":"Formatting title: Grifters The","logger":"root","filename":"ingestion_dag.py","lineno":93}
{"timestamp":"2025-12-21T17:54:41.279410Z","level":"info","event":"Formatting title: Grosse Point Blank","logger":"root","filename":"ingestion_dag.py","lineno":93}
{"timestamp":"2025-12-21T17:54:41.279435Z","level":"info","event":"Formatting title: Groundhog Day","logger":"root","filename":"ingestion_dag.py","lineno":93}
{"timestamp":"2025-12-21T17:54:41.279459Z","level":"info","event":"Formatting title: Grudge The","logger":"root","filename":"ingestion_dag.py","lineno":93}
{"timestamp":"2025-12-21T17:54:41.279482Z","level":"info","event":"Formatting title: Guardians Of The Galaxy Vol 2","logger":"root","filename":"ingestion_dag.py","lineno":93}
{"timestamp":"2025-12-21T17:54:41.279509Z","level":"info","event":"Formatting title: Guillermo Del Toros Pinocchio","logger":"root","filename":"ingestion_dag.py","lineno":93}
{"timestamp":"2025-12-21T17:54:41.279535Z","level":"info","event":"Formatting title: Gunpowder Milkshake","logger":"root","filename":"ingestion_dag.py","lineno":93}
{"timestamp":"2025-12-21T17:54:41.279561Z","level":"info","event":"Formatting title: Hackers","logger":"root","filename":"ingestion_dag.py","lineno":93}
{"timestamp":"2025-12-21T17:54:41.279586Z","level":"info","event":"Formatting title: Hacksaw Ridge","logger":"root","filename":"ingestion_dag.py","lineno":93}
{"timestamp":"2025-12-21T17:54:41.279618Z","level":"info","event":"Formatting title: Hail Caesar","logger":"root","filename":"ingestion_dag.py","lineno":93}
{"timestamp":"2025-12-21T17:54:41.279644Z","level":"info","event":"Formatting title: Hall Pass","logger":"root","filename":"ingestion_dag.py","lineno":93}
{"timestamp":"2025-12-21T17:54:41.279697Z","level":"info","event":"Formatting title: Halloween","logger":"root","filename":"ingestion_dag.py","lineno":93}
{"timestamp":"2025-12-21T17:54:41.279730Z","level":"info","event":"Formatting title: Halloween","logger":"root","filename":"ingestion_dag.py","lineno":93}
{"timestamp":"2025-12-21T17:54:41.279758Z","level":"info","event":"Formatting title: Halloween 2","logger":"root","filename":"ingestion_dag.py","lineno":93}
{"timestamp":"2025-12-21T17:54:41.279785Z","level":"info","event":"Formatting title: Halloween 3 Season Of The Witch","logger":"root","filename":"ingestion_dag.py","lineno":93}
{"timestamp":"2025-12-21T17:54:41.279813Z","level":"info","event":"Formatting title: Halloween 4 The Return Of Michael Myers","logger":"root","filename":"ingestion_dag.py","lineno":93}
{"timestamp":"2025-12-21T17:54:41.279839Z","level":"info","event":"Formatting title: Halloween 5 The Revenge Of Michael Myers","logger":"root","filename":"ingestion_dag.py","lineno":93}
{"timestamp":"2025-12-21T17:54:41.279866Z","level":"info","event":"Formatting title: Halloween 6 The Curse Of Michael Myers","logger":"root","filename":"ingestion_dag.py","lineno":93}
{"timestamp":"2025-12-21T17:54:41.279893Z","level":"info","event":"Formatting title: Halloween H2o 20 Years Later","logger":"root","filename":"ingestion_dag.py","lineno":93}
{"timestamp":"2025-12-21T17:54:41.279919Z","level":"info","event":"Formatting title: Halloween Kills","logger":"root","filename":"ingestion_dag.py","lineno":93}
{"timestamp":"2025-12-21T17:54:41.279947Z","level":"info","event":"Formatting title: Halloween The Curse Of Michael Myers","logger":"root","filename":"ingestion_dag.py","lineno":93}
{"timestamp":"2025-12-21T17:54:41.279973Z","level":"info","event":"Formatting title: Hancock","logger":"root","filename":"ingestion_dag.py","lineno":93}
{"timestamp":"2025-12-21T17:54:41.280050Z","level":"info","event":"Formatting title: Hangin With The Homeboys","logger":"root","filename":"ingestion_dag.py","lineno":93}
{"timestamp":"2025-12-21T17:54:41.280084Z","level":"info","event":"Formatting title: Hangover The","logger":"root","filename":"ingestion_dag.py","lineno":93}
{"timestamp":"2025-12-21T17:54:41.280112Z","level":"info","event":"Formatting title: Hanna","logger":"root","filename":"ingestion_dag.py","lineno":93}
{"timestamp":"2025-12-21T17:54:41.280144Z","level":"info","event":"Formatting title: Hannah And Her Sisters","logger":"root","filename":"ingestion_dag.py","lineno":93}
{"timestamp":"2025-12-21T17:54:41.280172Z","level":"info","event":"Formatting title: Hannibal","logger":"root","filename":"ingestion_dag.py","lineno":93}
{"timestamp":"2025-12-21T17:54:41.280198Z","level":"info","event":"Formatting title: Happy Birthday To Me","logger":"root","filename":"ingestion_dag.py","lineno":93}
{"timestamp":"2025-12-21T17:54:41.280234Z","level":"info","event":"Formatting title: Happy Birthday Wanda June","logger":"root","filename":"ingestion_dag.py","lineno":93}
{"timestamp":"2025-12-21T17:54:41.280263Z","level":"info","event":"Formatting title: Happy Death Day","logger":"root","filename":"ingestion_dag.py","lineno":93}
{"timestamp":"2025-12-21T17:54:41.280289Z","level":"info","event":"Formatting title: Happy Feet","logger":"root","filename":"ingestion_dag.py","lineno":93}
{"timestamp":"2025-12-21T17:54:41.280315Z","level":"info","event":"Formatting title: Hard Rain","logger":"root","filename":"ingestion_dag.py","lineno":93}
{"timestamp":"2025-12-21T17:54:41.280340Z","level":"info","event":"Formatting title: Hard To Kill","logger":"root","filename":"ingestion_dag.py","lineno":93}
{"timestamp":"2025-12-21T17:54:41.280366Z","level":"info","event":"Formatting title: Harlem Nights","logger":"root","filename":"ingestion_dag.py","lineno":93}
{"timestamp":"2025-12-21T17:54:41.280396Z","level":"info","event":"Formatting title: Harold And Kumar Go To White Castle","logger":"root","filename":"ingestion_dag.py","lineno":93}
{"timestamp":"2025-12-21T17:54:41.280422Z","level":"info","event":"Formatting title: Harold And Maude","logger":"root","filename":"ingestion_dag.py","lineno":93}
{"timestamp":"2025-12-21T17:54:41.280448Z","level":"info","event":"Formatting title: Harriet","logger":"root","filename":"ingestion_dag.py","lineno":93}
{"timestamp":"2025-12-21T17:54:41.280473Z","level":"info","event":"Formatting title: Harry Potter And The Chamber Of Secrets","logger":"root","filename":"ingestion_dag.py","lineno":93}
{"timestamp":"2025-12-21T17:54:41.280499Z","level":"info","event":"Formatting title: Harry Potter And The Deathly Hallows Part 1","logger":"root","filename":"ingestion_dag.py","lineno":93}
{"timestamp":"2025-12-21T17:54:41.280524Z","level":"info","event":"Formatting title: Harry Potter And The Deathly Hallows Part 2","logger":"root","filename":"ingestion_dag.py","lineno":93}
{"timestamp":"2025-12-21T17:54:41.280549Z","level":"info","event":"Formatting title: Harry Potter And The Goblet Of Fire","logger":"root","filename":"ingestion_dag.py","lineno":93}
{"timestamp":"2025-12-21T17:54:41.280576Z","level":"info","event":"Formatting title: Harry Potter And The Half Blood Prince","logger":"root","filename":"ingestion_dag.py","lineno":93}
{"timestamp":"2025-12-21T17:54:41.280602Z","level":"info","event":"Formatting title: Harry Potter And The Order Of The Phoenix","logger":"root","filename":"ingestion_dag.py","lineno":93}
{"timestamp":"2025-12-21T17:54:41.280627Z","level":"info","event":"Formatting title: Harry Potter And The Prisoner Of Azkaban","logger":"root","filename":"ingestion_dag.py","lineno":93}
{"timestamp":"2025-12-21T17:54:41.280652Z","level":"info","event":"Formatting title: Harry Potter And The Sorcerers Stone","logger":"root","filename":"ingestion_dag.py","lineno":93}
{"timestamp":"2025-12-21T17:54:41.280676Z","level":"info","event":"Formatting title: Haunting The","logger":"root","filename":"ingestion_dag.py","lineno":93}
{"timestamp":"2025-12-21T17:54:41.280701Z","level":"info","event":"Formatting title: Heat","logger":"root","filename":"ingestion_dag.py","lineno":93}
{"timestamp":"2025-12-21T17:54:41.280726Z","level":"info","event":"Formatting title: Heathers","logger":"root","filename":"ingestion_dag.py","lineno":93}
{"timestamp":"2025-12-21T17:54:41.280752Z","level":"info","event":"Formatting title: Heaven Can Wait","logger":"root","filename":"ingestion_dag.py","lineno":93}
{"timestamp":"2025-12-21T17:54:41.280781Z","level":"info","event":"Formatting title: Heavenly Creatures","logger":"root","filename":"ingestion_dag.py","lineno":93}
{"timestamp":"2025-12-21T17:54:41.280813Z","level":"info","event":"Formatting title: Heavy Metal","logger":"root","filename":"ingestion_dag.py","lineno":93}
{"timestamp":"2025-12-21T17:54:41.280839Z","level":"info","event":"Formatting title: Heavyweights","logger":"root","filename":"ingestion_dag.py","lineno":93}
{"timestamp":"2025-12-21T17:54:41.280867Z","level":"info","event":"Formatting title: Hebrew Hammer The","logger":"root","filename":"ingestion_dag.py","lineno":93}
{"timestamp":"2025-12-21T17:54:41.280901Z","level":"info","event":"Formatting title: Heist","logger":"root","filename":"ingestion_dag.py","lineno":93}
{"timestamp":"2025-12-21T17:54:41.280928Z","level":"info","event":"Formatting title: Hell Or High Water","logger":"root","filename":"ingestion_dag.py","lineno":93}
{"timestamp":"2025-12-21T17:54:41.280956Z","level":"info","event":"Formatting title: Hellbound Hellraiser 2","logger":"root","filename":"ingestion_dag.py","lineno":93}
{"timestamp":"2025-12-21T17:54:41.280983Z","level":"info","event":"Formatting title: Hellboy","logger":"root","filename":"ingestion_dag.py","lineno":93}
{"timestamp":"2025-12-21T17:54:41.281008Z","level":"info","event":"Formatting title: Hellboy","logger":"root","filename":"ingestion_dag.py","lineno":93}
{"timestamp":"2025-12-21T17:54:41.281033Z","level":"info","event":"Formatting title: Hellboy 2 The Golden Army","logger":"root","filename":"ingestion_dag.py","lineno":93}
{"timestamp":"2025-12-21T17:54:41.281061Z","level":"info","event":"Formatting title: Hellraiser","logger":"root","filename":"ingestion_dag.py","lineno":93}
{"timestamp":"2025-12-21T17:54:41.281094Z","level":"info","event":"Formatting title: Hellraiser 3 Hell On Earth","logger":"root","filename":"ingestion_dag.py","lineno":93}
{"timestamp":"2025-12-21T17:54:41.281120Z","level":"info","event":"Formatting title: Hellraiser Deader","logger":"root","filename":"ingestion_dag.py","lineno":93}
{"timestamp":"2025-12-21T17:54:41.281149Z","level":"info","event":"Formatting title: Hellraiser Hellseeker","logger":"root","filename":"ingestion_dag.py","lineno":93}
{"timestamp":"2025-12-21T17:54:41.281174Z","level":"info","event":"Formatting title: Help The","logger":"root","filename":"ingestion_dag.py","lineno":93}
{"timestamp":"2025-12-21T17:54:41.281199Z","level":"info","event":"Formatting title: Henry Fool","logger":"root","filename":"ingestion_dag.py","lineno":93}
{"timestamp":"2025-12-21T17:54:41.281223Z","level":"info","event":"Formatting title: Henrys Crime","logger":"root","filename":"ingestion_dag.py","lineno":93}
{"timestamp":"2025-12-21T17:54:41.281248Z","level":"info","event":"Formatting title: Her","logger":"root","filename":"ingestion_dag.py","lineno":93}
{"timestamp":"2025-12-21T17:54:41.281273Z","level":"info","event":"Formatting title: Here Comes Peter Cottontail","logger":"root","filename":"ingestion_dag.py","lineno":93}
{"timestamp":"2025-12-21T17:54:41.281298Z","level":"info","event":"Formatting title: Hereditary","logger":"root","filename":"ingestion_dag.py","lineno":93}
{"timestamp":"2025-12-21T17:54:41.281323Z","level":"info","event":"Formatting title: Hes Just Not That Into You","logger":"root","filename":"ingestion_dag.py","lineno":93}
{"timestamp":"2025-12-21T17:54:41.281348Z","level":"info","event":"Formatting title: Hesher","logger":"root","filename":"ingestion_dag.py","lineno":93}
{"timestamp":"2025-12-21T17:54:41.281373Z","level":"info","event":"Formatting title: Hidden Figures","logger":"root","filename":"ingestion_dag.py","lineno":93}
{"timestamp":"2025-12-21T17:54:41.281397Z","level":"info","event":"Formatting title: High Fidelity","logger":"root","filename":"ingestion_dag.py","lineno":93}
{"timestamp":"2025-12-21T17:54:41.281422Z","level":"info","event":"Formatting title: High Noon","logger":"root","filename":"ingestion_dag.py","lineno":93}
{"timestamp":"2025-12-21T17:54:41.281446Z","level":"info","event":"Formatting title: Highlander","logger":"root","filename":"ingestion_dag.py","lineno":93}
{"timestamp":"2025-12-21T17:54:41.281470Z","level":"info","event":"Formatting title: Highlander 2 The Quickening","logger":"root","filename":"ingestion_dag.py","lineno":93}
{"timestamp":"2025-12-21T17:54:41.281493Z","level":"info","event":"Formatting title: Highlander Endgame","logger":"root","filename":"ingestion_dag.py","lineno":93}
{"timestamp":"2025-12-21T17:54:41.281517Z","level":"info","event":"Formatting title: Hills Have Eyes The","logger":"root","filename":"ingestion_dag.py","lineno":93}
{"timestamp":"2025-12-21T17:54:41.281541Z","level":"info","event":"Formatting title: His Girl Friday","logger":"root","filename":"ingestion_dag.py","lineno":93}
{"timestamp":"2025-12-21T17:54:41.281566Z","level":"info","event":"Formatting title: Hitchcock","logger":"root","filename":"ingestion_dag.py","lineno":93}
{"timestamp":"2025-12-21T17:54:41.281590Z","level":"info","event":"Formatting title: Hitchhikers Guide To The Galaxy The","logger":"root","filename":"ingestion_dag.py","lineno":93}
{"timestamp":"2025-12-21T17:54:41.281614Z","level":"info","event":"Formatting title: Hocus Pocus","logger":"root","filename":"ingestion_dag.py","lineno":93}
{"timestamp":"2025-12-21T17:54:41.281688Z","level":"info","event":"Formatting title: Hold The Dark","logger":"root","filename":"ingestion_dag.py","lineno":93}
{"timestamp":"2025-12-21T17:54:41.281728Z","level":"info","event":"Formatting title: Holdovers The","logger":"root","filename":"ingestion_dag.py","lineno":93}
{"timestamp":"2025-12-21T17:54:41.281760Z","level":"info","event":"Formatting title: Hollow Man","logger":"root","filename":"ingestion_dag.py","lineno":93}
{"timestamp":"2025-12-21T17:54:41.281793Z","level":"info","event":"Formatting title: Home Alone","logger":"root","filename":"ingestion_dag.py","lineno":93}
{"timestamp":"2025-12-21T17:54:41.281824Z","level":"info","event":"Formatting title: Home Alone 2 Lost In New York","logger":"root","filename":"ingestion_dag.py","lineno":93}
{"timestamp":"2025-12-21T17:54:41.281856Z","level":"info","event":"Formatting title: Honey Boy","logger":"root","filename":"ingestion_dag.py","lineno":93}
{"timestamp":"2025-12-21T17:54:41.281883Z","level":"info","event":"Formatting title: Honey I Blew Up The Kid","logger":"root","filename":"ingestion_dag.py","lineno":93}
{"timestamp":"2025-12-21T17:54:41.281911Z","level":"info","event":"Formatting title: Honey I Shrunk The Kids","logger":"root","filename":"ingestion_dag.py","lineno":93}
{"timestamp":"2025-12-21T17:54:41.281941Z","level":"info","event":"Formatting title: Honeydripper","logger":"root","filename":"ingestion_dag.py","lineno":93}
{"timestamp":"2025-12-21T17:54:41.281969Z","level":"info","event":"Formatting title: Horrible Bosses","logger":"root","filename":"ingestion_dag.py","lineno":93}
{"timestamp":"2025-12-21T17:54:41.281996Z","level":"info","event":"Formatting title: Horrible Bosses 2","logger":"root","filename":"ingestion_dag.py","lineno":93}
{"timestamp":"2025-12-21T17:54:41.282022Z","level":"info","event":"Formatting title: Horse Whisperer The","logger":"root","filename":"ingestion_dag.py","lineno":93}
{"timestamp":"2025-12-21T17:54:41.282048Z","level":"info","event":"Formatting title: Hospital The","logger":"root","filename":"ingestion_dag.py","lineno":93}
{"timestamp":"2025-12-21T17:54:41.282073Z","level":"info","event":"Formatting title: Hostage","logger":"root","filename":"ingestion_dag.py","lineno":93}
{"timestamp":"2025-12-21T17:54:41.282100Z","level":"info","event":"Formatting title: Hostel","logger":"root","filename":"ingestion_dag.py","lineno":93}
{"timestamp":"2025-12-21T17:54:41.282130Z","level":"info","event":"Formatting title: Hot Fuzz","logger":"root","filename":"ingestion_dag.py","lineno":93}
{"timestamp":"2025-12-21T17:54:41.282196Z","level":"info","event":"Formatting title: Hot Tub Time Machine","logger":"root","filename":"ingestion_dag.py","lineno":93}
{"timestamp":"2025-12-21T17:54:41.282240Z","level":"info","event":"Formatting title: Hotel Rwanda","logger":"root","filename":"ingestion_dag.py","lineno":93}
{"timestamp":"2025-12-21T17:54:41.282270Z","level":"info","event":"Formatting title: House Of 1000 Corpses","logger":"root","filename":"ingestion_dag.py","lineno":93}
{"timestamp":"2025-12-21T17:54:41.282307Z","level":"info","event":"Formatting title: House Of Gucci","logger":"root","filename":"ingestion_dag.py","lineno":93}
{"timestamp":"2025-12-21T17:54:41.282335Z","level":"info","event":"Formatting title: House Party","logger":"root","filename":"ingestion_dag.py","lineno":93}
{"timestamp":"2025-12-21T17:54:41.282362Z","level":"info","event":"Formatting title: How The Grinch Stole Christmas","logger":"root","filename":"ingestion_dag.py","lineno":93}
{"timestamp":"2025-12-21T17:54:41.282390Z","level":"info","event":"Formatting title: How To Build A Girl","logger":"root","filename":"ingestion_dag.py","lineno":93}
{"timestamp":"2025-12-21T17:54:41.282418Z","level":"info","event":"Formatting title: How To Lose Friends & Alienate People","logger":"root","filename":"ingestion_dag.py","lineno":93}
{"timestamp":"2025-12-21T17:54:41.282445Z","level":"info","event":"Formatting title: How To Train Your Dragon","logger":"root","filename":"ingestion_dag.py","lineno":93}
{"timestamp":"2025-12-21T17:54:41.282476Z","level":"info","event":"Formatting title: How To Train Your Dragon 2","logger":"root","filename":"ingestion_dag.py","lineno":93}
{"timestamp":"2025-12-21T17:54:41.282504Z","level":"info","event":"Formatting title: How To Train Your Dragon The Hidden World","logger":"root","filename":"ingestion_dag.py","lineno":93}
{"timestamp":"2025-12-21T17:54:41.282532Z","level":"info","event":"Formatting title: Howard The Duck","logger":"root","filename":"ingestion_dag.py","lineno":93}
{"timestamp":"2025-12-21T17:54:41.282820Z","level":"info","event":"Formatting title: Hudson Hawk","logger":"root","filename":"ingestion_dag.py","lineno":93}
{"timestamp":"2025-12-21T17:54:41.283038Z","level":"info","event":"Formatting title: Hudsucker Proxy The","logger":"root","filename":"ingestion_dag.py","lineno":93}
{"timestamp":"2025-12-21T17:54:41.283105Z","level":"info","event":"Formatting title: Hugo","logger":"root","filename":"ingestion_dag.py","lineno":93}
{"timestamp":"2025-12-21T17:54:41.283142Z","level":"info","event":"Formatting title: Human Nature","logger":"root","filename":"ingestion_dag.py","lineno":93}
{"timestamp":"2025-12-21T17:54:41.336911Z","level":"info","event":"Formatting title: Hunt For Red October The","logger":"root","filename":"ingestion_dag.py","lineno":93}
{"timestamp":"2025-12-21T17:54:41.337014Z","level":"info","event":"Formatting title: Hurt Locker The","logger":"root","filename":"ingestion_dag.py","lineno":93}
{"timestamp":"2025-12-21T17:54:41.337055Z","level":"info","event":"Formatting title: Hustle & Flow","logger":"root","filename":"ingestion_dag.py","lineno":93}
{"timestamp":"2025-12-21T17:54:41.337087Z","level":"info","event":"Formatting title: Hustlers","logger":"root","filename":"ingestion_dag.py","lineno":93}
{"timestamp":"2025-12-21T17:54:41.337116Z","level":"info","event":"Formatting title: I Am Number Four","logger":"root","filename":"ingestion_dag.py","lineno":93}
{"timestamp":"2025-12-21T17:54:41.337145Z","level":"info","event":"Formatting title: I Am Sam","logger":"root","filename":"ingestion_dag.py","lineno":93}
{"timestamp":"2025-12-21T17:54:41.337173Z","level":"info","event":"Formatting title: I Dont Feel At Home In This World Anymore","logger":"root","filename":"ingestion_dag.py","lineno":93}
{"timestamp":"2025-12-21T17:54:41.337201Z","level":"info","event":"Formatting title: I Love You Man","logger":"root","filename":"ingestion_dag.py","lineno":93}
{"timestamp":"2025-12-21T17:54:41.337227Z","level":"info","event":"Formatting title: I Love You Phillip Morris","logger":"root","filename":"ingestion_dag.py","lineno":93}
{"timestamp":"2025-12-21T17:54:41.337254Z","level":"info","event":"Formatting title: I Robot","logger":"root","filename":"ingestion_dag.py","lineno":93}
{"timestamp":"2025-12-21T17:54:41.337283Z","level":"info","event":"Formatting title: I Saw The Light","logger":"root","filename":"ingestion_dag.py","lineno":93}
{"timestamp":"2025-12-21T17:54:41.337311Z","level":"info","event":"Formatting title: I Spit On Your Grave","logger":"root","filename":"ingestion_dag.py","lineno":93}
{"timestamp":"2025-12-21T17:54:41.337338Z","level":"info","event":"Formatting title: I Still Know What You Did Last Summer","logger":"root","filename":"ingestion_dag.py","lineno":93}
{"timestamp":"2025-12-21T17:54:41.337366Z","level":"info","event":"Formatting title: I Think Were Alone Now","logger":"root","filename":"ingestion_dag.py","lineno":93}
{"timestamp":"2025-12-21T17:54:41.337393Z","level":"info","event":"Formatting title: I Tonya","logger":"root","filename":"ingestion_dag.py","lineno":93}
{"timestamp":"2025-12-21T17:54:41.337420Z","level":"info","event":"Formatting title: Ice Storm The","logger":"root","filename":"ingestion_dag.py","lineno":93}
{"timestamp":"2025-12-21T17:54:41.337446Z","level":"info","event":"Formatting title: Identity","logger":"root","filename":"ingestion_dag.py","lineno":93}
{"timestamp":"2025-12-21T17:54:41.337471Z","level":"info","event":"Formatting title: Ides Of March The","logger":"root","filename":"ingestion_dag.py","lineno":93}
{"timestamp":"2025-12-21T17:54:41.337497Z","level":"info","event":"Formatting title: If Beale Street Could Talk","logger":"root","filename":"ingestion_dag.py","lineno":93}
{"timestamp":"2025-12-21T17:54:41.337522Z","level":"info","event":"Formatting title: Ill Do Anything","logger":"root","filename":"ingestion_dag.py","lineno":93}
{"timestamp":"2025-12-21T17:54:41.337547Z","level":"info","event":"Formatting title: Im Thinking Of Ending Things","logger":"root","filename":"ingestion_dag.py","lineno":93}
{"timestamp":"2025-12-21T17:54:41.337572Z","level":"info","event":"Formatting title: Imaginarium Of Doctor Parnassus The","logger":"root","filename":"ingestion_dag.py","lineno":93}
{"timestamp":"2025-12-21T17:54:41.337596Z","level":"info","event":"Formatting title: In Bruges","logger":"root","filename":"ingestion_dag.py","lineno":93}
{"timestamp":"2025-12-21T17:54:41.337622Z","level":"info","event":"Formatting title: In Fabric","logger":"root","filename":"ingestion_dag.py","lineno":93}
{"timestamp":"2025-12-21T17:54:41.337648Z","level":"info","event":"Formatting title: In The Bedroom","logger":"root","filename":"ingestion_dag.py","lineno":93}
{"timestamp":"2025-12-21T17:54:41.337673Z","level":"info","event":"Formatting title: In The Loop","logger":"root","filename":"ingestion_dag.py","lineno":93}
{"timestamp":"2025-12-21T17:54:41.337698Z","level":"info","event":"Formatting title: In The Tall Grass","logger":"root","filename":"ingestion_dag.py","lineno":93}
{"timestamp":"2025-12-21T17:54:41.337723Z","level":"info","event":"Formatting title: Inception","logger":"root","filename":"ingestion_dag.py","lineno":93}
{"timestamp":"2025-12-21T17:54:41.337748Z","level":"info","event":"Formatting title: Incredibles The","logger":"root","filename":"ingestion_dag.py","lineno":93}
{"timestamp":"2025-12-21T17:54:41.337772Z","level":"info","event":"Formatting title: Indecent Proposal","logger":"root","filename":"ingestion_dag.py","lineno":93}
{"timestamp":"2025-12-21T17:54:41.337798Z","level":"info","event":"Formatting title: Independence Day","logger":"root","filename":"ingestion_dag.py","lineno":93}
{"timestamp":"2025-12-21T17:54:41.337822Z","level":"info","event":"Formatting title: Indiana Jones 4","logger":"root","filename":"ingestion_dag.py","lineno":93}
{"timestamp":"2025-12-21T17:54:41.337846Z","level":"info","event":"Formatting title: Indiana Jones And The Kingdom Of The Crystal Skull","logger":"root","filename":"ingestion_dag.py","lineno":93}
{"timestamp":"2025-12-21T17:54:41.337872Z","level":"info","event":"Formatting title: Indiana Jones And The Last Crusade","logger":"root","filename":"ingestion_dag.py","lineno":93}
{"timestamp":"2025-12-21T17:54:41.337897Z","level":"info","event":"Formatting title: Indiana Jones And The Raiders Of The Lost Ark","logger":"root","filename":"ingestion_dag.py","lineno":93}
{"timestamp":"2025-12-21T17:54:41.337923Z","level":"info","event":"Formatting title: Indiana Jones And The Temple Of Doom","logger":"root","filename":"ingestion_dag.py","lineno":93}
{"timestamp":"2025-12-21T17:54:41.337948Z","level":"info","event":"Formatting title: Infinitely Polar Bear","logger":"root","filename":"ingestion_dag.py","lineno":93}
{"timestamp":"2025-12-21T17:54:41.337973Z","level":"info","event":"Formatting title: Informant The","logger":"root","filename":"ingestion_dag.py","lineno":93}
{"timestamp":"2025-12-21T17:54:41.337999Z","level":"info","event":"Formatting title: Inglourious Basterds","logger":"root","filename":"ingestion_dag.py","lineno":93}
{"timestamp":"2025-12-21T17:54:41.338024Z","level":"info","event":"Formatting title: Ingrid Goes West","logger":"root","filename":"ingestion_dag.py","lineno":93}
{"timestamp":"2025-12-21T17:54:41.338049Z","level":"info","event":"Formatting title: Inherent Vice","logger":"root","filename":"ingestion_dag.py","lineno":93}
{"timestamp":"2025-12-21T17:54:41.338073Z","level":"info","event":"Formatting title: Initiation","logger":"root","filename":"ingestion_dag.py","lineno":93}
{"timestamp":"2025-12-21T17:54:41.338099Z","level":"info","event":"Formatting title: Innerspace","logger":"root","filename":"ingestion_dag.py","lineno":93}
{"timestamp":"2025-12-21T17:54:41.338124Z","level":"info","event":"Formatting title: Inside Llewyn Davis","logger":"root","filename":"ingestion_dag.py","lineno":93}
{"timestamp":"2025-12-21T17:54:41.338150Z","level":"info","event":"Formatting title: Inside Out","logger":"root","filename":"ingestion_dag.py","lineno":93}
{"timestamp":"2025-12-21T17:54:41.338176Z","level":"info","event":"Formatting title: Insider The","logger":"root","filename":"ingestion_dag.py","lineno":93}
{"timestamp":"2025-12-21T17:54:41.338206Z","level":"info","event":"Formatting title: Insidious","logger":"root","filename":"ingestion_dag.py","lineno":93}
{"timestamp":"2025-12-21T17:54:41.338235Z","level":"info","event":"Formatting title: Insidious Chapter 2","logger":"root","filename":"ingestion_dag.py","lineno":93}
{"timestamp":"2025-12-21T17:54:41.338261Z","level":"info","event":"Formatting title: Insomnia","logger":"root","filename":"ingestion_dag.py","lineno":93}
{"timestamp":"2025-12-21T17:54:41.338290Z","level":"info","event":"Formatting title: Inspector Gadget","logger":"root","filename":"ingestion_dag.py","lineno":93}
{"timestamp":"2025-12-21T17:54:41.338315Z","level":"info","event":"Formatting title: Interstellar","logger":"root","filename":"ingestion_dag.py","lineno":93}
{"timestamp":"2025-12-21T17:54:41.338341Z","level":"info","event":"Formatting title: Interview With The Vampire","logger":"root","filename":"ingestion_dag.py","lineno":93}
{"timestamp":"2025-12-21T17:54:41.338366Z","level":"info","event":"Formatting title: Into The Wild","logger":"root","filename":"ingestion_dag.py","lineno":93}
{"timestamp":"2025-12-21T17:54:41.338391Z","level":"info","event":"Formatting title: Into The Woods","logger":"root","filename":"ingestion_dag.py","lineno":93}
{"timestamp":"2025-12-21T17:54:41.338415Z","level":"info","event":"Formatting title: Intolerable Cruelty","logger":"root","filename":"ingestion_dag.py","lineno":93}
{"timestamp":"2025-12-21T17:54:41.338438Z","level":"info","event":"Formatting title: Invasion Of The Body Snatchers","logger":"root","filename":"ingestion_dag.py","lineno":93}
{"timestamp":"2025-12-21T17:54:41.338462Z","level":"info","event":"Formatting title: Inventing The Abbotts","logger":"root","filename":"ingestion_dag.py","lineno":93}
{"timestamp":"2025-12-21T17:54:41.338493Z","level":"info","event":"Formatting title: Invention Of Lying The","logger":"root","filename":"ingestion_dag.py","lineno":93}
{"timestamp":"2025-12-21T17:54:41.338543Z","level":"info","event":"Formatting title: Invictus","logger":"root","filename":"ingestion_dag.py","lineno":93}
{"timestamp":"2025-12-21T17:54:41.338585Z","level":"info","event":"Formatting title: Iron Claw The","logger":"root","filename":"ingestion_dag.py","lineno":93}
{"timestamp":"2025-12-21T17:54:41.338619Z","level":"info","event":"Formatting title: Iron Lady The","logger":"root","filename":"ingestion_dag.py","lineno":93}
{"timestamp":"2025-12-21T17:54:41.338647Z","level":"info","event":"Formatting title: Iron Man","logger":"root","filename":"ingestion_dag.py","lineno":93}
{"timestamp":"2025-12-21T17:54:41.338675Z","level":"info","event":"Formatting title: Island The","logger":"root","filename":"ingestion_dag.py","lineno":93}
{"timestamp":"2025-12-21T17:54:41.338702Z","level":"info","event":"Formatting title: Isle Of Dogs","logger":"root","filename":"ingestion_dag.py","lineno":93}
{"timestamp":"2025-12-21T17:54:41.338730Z","level":"info","event":"Formatting title: It","logger":"root","filename":"ingestion_dag.py","lineno":93}
{"timestamp":"2025-12-21T17:54:41.338757Z","level":"info","event":"Formatting title: It Follows","logger":"root","filename":"ingestion_dag.py","lineno":93}
{"timestamp":"2025-12-21T17:54:41.338784Z","level":"info","event":"Formatting title: It Happened One Night","logger":"root","filename":"ingestion_dag.py","lineno":93}
{"timestamp":"2025-12-21T17:54:41.338811Z","level":"info","event":"Formatting title: It Happened One Night","logger":"root","filename":"ingestion_dag.py","lineno":93}
{"timestamp":"2025-12-21T17:54:41.338837Z","level":"info","event":"Formatting title: Italian Job The","logger":"root","filename":"ingestion_dag.py","lineno":93}
{"timestamp":"2025-12-21T17:54:41.338862Z","level":"info","event":"Formatting title: Its A Wonderful Life","logger":"root","filename":"ingestion_dag.py","lineno":93}
{"timestamp":"2025-12-21T17:54:41.338887Z","level":"info","event":"Formatting title: Its Complicated","logger":"root","filename":"ingestion_dag.py","lineno":93}
{"timestamp":"2025-12-21T17:54:41.338913Z","level":"info","event":"Formatting title: Its Kind Of A Funny Story","logger":"root","filename":"ingestion_dag.py","lineno":93}
{"timestamp":"2025-12-21T17:54:41.338945Z","level":"info","event":"Formatting title: Jack Reacher","logger":"root","filename":"ingestion_dag.py","lineno":93}
{"timestamp":"2025-12-21T17:54:41.338976Z","level":"info","event":"Formatting title: Jacket The","logger":"root","filename":"ingestion_dag.py","lineno":93}
{"timestamp":"2025-12-21T17:54:41.339010Z","level":"info","event":"Formatting title: Jackie","logger":"root","filename":"ingestion_dag.py","lineno":93}
{"timestamp":"2025-12-21T17:54:41.339039Z","level":"info","event":"Formatting title: Jackie Brown","logger":"root","filename":"ingestion_dag.py","lineno":93}
{"timestamp":"2025-12-21T17:54:41.339070Z","level":"info","event":"Formatting title: Jacobs Ladder","logger":"root","filename":"ingestion_dag.py","lineno":93}
{"timestamp":"2025-12-21T17:54:41.339104Z","level":"info","event":"Formatting title: Jade","logger":"root","filename":"ingestion_dag.py","lineno":93}
{"timestamp":"2025-12-21T17:54:41.339137Z","level":"info","event":"Formatting title: Jagged Edge","logger":"root","filename":"ingestion_dag.py","lineno":93}
{"timestamp":"2025-12-21T17:54:41.339168Z","level":"info","event":"Formatting title: Jane Eyre","logger":"root","filename":"ingestion_dag.py","lineno":93}
{"timestamp":"2025-12-21T17:54:41.339195Z","level":"info","event":"Formatting title: Jarhead","logger":"root","filename":"ingestion_dag.py","lineno":93}
{"timestamp":"2025-12-21T17:54:41.339221Z","level":"info","event":"Formatting title: Jason Goes To Hell The Final Friday","logger":"root","filename":"ingestion_dag.py","lineno":93}
{"timestamp":"2025-12-21T17:54:41.339246Z","level":"info","event":"Formatting title: Jason X","logger":"root","filename":"ingestion_dag.py","lineno":93}
{"timestamp":"2025-12-21T17:54:41.339278Z","level":"info","event":"Formatting title: Jaws","logger":"root","filename":"ingestion_dag.py","lineno":93}
{"timestamp":"2025-12-21T17:54:41.339311Z","level":"info","event":"Formatting title: Jaws 2","logger":"root","filename":"ingestion_dag.py","lineno":93}
{"timestamp":"2025-12-21T17:54:41.339339Z","level":"info","event":"Formatting title: Jay And Silent Bob Strike Back","logger":"root","filename":"ingestion_dag.py","lineno":93}
{"timestamp":"2025-12-21T17:54:41.339375Z","level":"info","event":"Formatting title: Jennifer Eight","logger":"root","filename":"ingestion_dag.py","lineno":93}
{"timestamp":"2025-12-21T17:54:41.339403Z","level":"info","event":"Formatting title: Jennifers Body","logger":"root","filename":"ingestion_dag.py","lineno":93}
{"timestamp":"2025-12-21T17:54:41.339430Z","level":"info","event":"Formatting title: Jerry Maguire","logger":"root","filename":"ingestion_dag.py","lineno":93}
{"timestamp":"2025-12-21T17:54:41.339457Z","level":"info","event":"Formatting title: Jeux Interdits","logger":"root","filename":"ingestion_dag.py","lineno":93}
{"timestamp":"2025-12-21T17:54:41.339498Z","level":"info","event":"Formatting title: Jfk","logger":"root","filename":"ingestion_dag.py","lineno":93}
{"timestamp":"2025-12-21T17:54:41.339529Z","level":"info","event":"Formatting title: Jimmy And Judy","logger":"root","filename":"ingestion_dag.py","lineno":93}
{"timestamp":"2025-12-21T17:54:41.339557Z","level":"info","event":"Formatting title: Jingle All The Way","logger":"root","filename":"ingestion_dag.py","lineno":93}
{"timestamp":"2025-12-21T17:54:41.339587Z","level":"info","event":"Formatting title: Jo Jo Dancer Your Life Is Calling","logger":"root","filename":"ingestion_dag.py","lineno":93}
{"timestamp":"2025-12-21T17:54:41.339619Z","level":"info","event":"Formatting title: Jockey","logger":"root","filename":"ingestion_dag.py","lineno":93}
{"timestamp":"2025-12-21T17:54:41.339654Z","level":"info","event":"Formatting title: John Q","logger":"root","filename":"ingestion_dag.py","lineno":93}
{"timestamp":"2025-12-21T17:54:41.339682Z","level":"info","event":"Formatting title: John Wick","logger":"root","filename":"ingestion_dag.py","lineno":93}
{"timestamp":"2025-12-21T17:54:41.339710Z","level":"info","event":"Formatting title: John Wick Chapter 4","logger":"root","filename":"ingestion_dag.py","lineno":93}
{"timestamp":"2025-12-21T17:54:41.339740Z","level":"info","event":"Formatting title: Jojo Rabbit","logger":"root","filename":"ingestion_dag.py","lineno":93}
{"timestamp":"2025-12-21T17:54:41.339772Z","level":"info","event":"Formatting title: Joker","logger":"root","filename":"ingestion_dag.py","lineno":93}
{"timestamp":"2025-12-21T17:54:41.339798Z","level":"info","event":"Formatting title: Joy","logger":"root","filename":"ingestion_dag.py","lineno":93}
{"timestamp":"2025-12-21T17:54:41.339825Z","level":"info","event":"Formatting title: Judas And The Black Messiah","logger":"root","filename":"ingestion_dag.py","lineno":93}
{"timestamp":"2025-12-21T17:54:41.339857Z","level":"info","event":"Formatting title: Judge Dredd","logger":"root","filename":"ingestion_dag.py","lineno":93}
{"timestamp":"2025-12-21T17:54:41.339892Z","level":"info","event":"Formatting title: Jules","logger":"root","filename":"ingestion_dag.py","lineno":93}
{"timestamp":"2025-12-21T17:54:41.339929Z","level":"info","event":"Formatting title: Julia","logger":"root","filename":"ingestion_dag.py","lineno":93}
{"timestamp":"2025-12-21T17:54:41.339966Z","level":"info","event":"Formatting title: Julieta","logger":"root","filename":"ingestion_dag.py","lineno":93}
{"timestamp":"2025-12-21T17:54:41.340067Z","level":"info","event":"Formatting title: Jumanji","logger":"root","filename":"ingestion_dag.py","lineno":93}
{"timestamp":"2025-12-21T17:54:41.340113Z","level":"info","event":"Formatting title: Juno","logger":"root","filename":"ingestion_dag.py","lineno":93}
{"timestamp":"2025-12-21T17:54:41.340147Z","level":"info","event":"Formatting title: Jurassic Park","logger":"root","filename":"ingestion_dag.py","lineno":93}
{"timestamp":"2025-12-21T17:54:41.340179Z","level":"info","event":"Formatting title: Jurassic Park 3","logger":"root","filename":"ingestion_dag.py","lineno":93}
{"timestamp":"2025-12-21T17:54:41.340213Z","level":"info","event":"Formatting title: Jurassic Park The Lost World","logger":"root","filename":"ingestion_dag.py","lineno":93}
{"timestamp":"2025-12-21T17:54:41.340242Z","level":"info","event":"Formatting title: Just Mercy","logger":"root","filename":"ingestion_dag.py","lineno":93}
{"timestamp":"2025-12-21T17:54:41.340273Z","level":"info","event":"Formatting title: K Pax","logger":"root","filename":"ingestion_dag.py","lineno":93}
{"timestamp":"2025-12-21T17:54:41.340299Z","level":"info","event":"Formatting title: Kafka","logger":"root","filename":"ingestion_dag.py","lineno":93}
{"timestamp":"2025-12-21T17:54:41.340327Z","level":"info","event":"Formatting title: Kajillionaire","logger":"root","filename":"ingestion_dag.py","lineno":93}
{"timestamp":"2025-12-21T17:54:41.340357Z","level":"info","event":"Formatting title: Kalifornia","logger":"root","filename":"ingestion_dag.py","lineno":93}
{"timestamp":"2025-12-21T17:54:41.340387Z","level":"info","event":"Formatting title: Karate Kid","logger":"root","filename":"ingestion_dag.py","lineno":93}
{"timestamp":"2025-12-21T17:54:41.340415Z","level":"info","event":"Formatting title: Kate & Leopold","logger":"root","filename":"ingestion_dag.py","lineno":93}
{"timestamp":"2025-12-21T17:54:41.340445Z","level":"info","event":"Formatting title: Kids","logger":"root","filename":"ingestion_dag.py","lineno":93}
{"timestamp":"2025-12-21T17:54:41.340474Z","level":"info","event":"Formatting title: Kids Are All Right The","logger":"root","filename":"ingestion_dag.py","lineno":93}
{"timestamp":"2025-12-21T17:54:41.340503Z","level":"info","event":"Formatting title: Kill Bill Vol 1","logger":"root","filename":"ingestion_dag.py","lineno":93}
{"timestamp":"2025-12-21T17:54:41.340554Z","level":"info","event":"Formatting title: Kill Bill Vol 2","logger":"root","filename":"ingestion_dag.py","lineno":93}
{"timestamp":"2025-12-21T17:54:41.340592Z","level":"info","event":"Formatting title: Kill Bill Volume 1 & 2","logger":"root","filename":"ingestion_dag.py","lineno":93}
{"timestamp":"2025-12-21T17:54:41.340623Z","level":"info","event":"Formatting title: Kill The Messenger","logger":"root","filename":"ingestion_dag.py","lineno":93}
{"timestamp":"2025-12-21T17:54:41.340654Z","level":"info","event":"Formatting title: Kill Your Darlings","logger":"root","filename":"ingestion_dag.py","lineno":93}
{"timestamp":"2025-12-21T17:54:41.340685Z","level":"info","event":"Formatting title: Killer Klowns From Outer Space","logger":"root","filename":"ingestion_dag.py","lineno":93}
{"timestamp":"2025-12-21T17:54:41.340715Z","level":"info","event":"Formatting title: Killer The","logger":"root","filename":"ingestion_dag.py","lineno":93}
{"timestamp":"2025-12-21T17:54:41.340748Z","level":"info","event":"Formatting title: Killers Of The Flower Moon","logger":"root","filename":"ingestion_dag.py","lineno":93}
{"timestamp":"2025-12-21T17:54:41.340780Z","level":"info","event":"Formatting title: Killing Zoe","logger":"root","filename":"ingestion_dag.py","lineno":93}
{"timestamp":"2025-12-21T17:54:41.340808Z","level":"info","event":"Formatting title: Kin","logger":"root","filename":"ingestion_dag.py","lineno":93}
{"timestamp":"2025-12-21T17:54:41.340834Z","level":"info","event":"Formatting title: King Kong","logger":"root","filename":"ingestion_dag.py","lineno":93}
{"timestamp":"2025-12-21T17:54:41.340865Z","level":"info","event":"Formatting title: King Of Comedy The","logger":"root","filename":"ingestion_dag.py","lineno":93}
{"timestamp":"2025-12-21T17:54:41.340894Z","level":"info","event":"Formatting title: King Richard","logger":"root","filename":"ingestion_dag.py","lineno":93}
{"timestamp":"2025-12-21T17:54:41.340926Z","level":"info","event":"Formatting title: Kingdom The","logger":"root","filename":"ingestion_dag.py","lineno":93}
{"timestamp":"2025-12-21T17:54:41.340958Z","level":"info","event":"Formatting title: Kingpin","logger":"root","filename":"ingestion_dag.py","lineno":93}
{"timestamp":"2025-12-21T17:54:41.340987Z","level":"info","event":"Formatting title: Kings Of Summer","logger":"root","filename":"ingestion_dag.py","lineno":93}
{"timestamp":"2025-12-21T17:54:41.341044Z","level":"info","event":"Formatting title: Kings Speech The","logger":"root","filename":"ingestion_dag.py","lineno":93}
{"timestamp":"2025-12-21T17:54:41.341085Z","level":"info","event":"Formatting title: Kingsman The Secret Service","logger":"root","filename":"ingestion_dag.py","lineno":93}
{"timestamp":"2025-12-21T17:54:41.341115Z","level":"info","event":"Formatting title: Kiss Kiss Bang Bang","logger":"root","filename":"ingestion_dag.py","lineno":93}
{"timestamp":"2025-12-21T17:54:41.341158Z","level":"info","event":"Formatting title: Kiss Of The Spider Woman","logger":"root","filename":"ingestion_dag.py","lineno":93}
{"timestamp":"2025-12-21T17:54:41.341200Z","level":"info","event":"Formatting title: Klute","logger":"root","filename":"ingestion_dag.py","lineno":93}
{"timestamp":"2025-12-21T17:54:41.341234Z","level":"info","event":"Formatting title: Knight And Day","logger":"root","filename":"ingestion_dag.py","lineno":93}
{"timestamp":"2025-12-21T17:54:41.341263Z","level":"info","event":"Formatting title: Knives Out","logger":"root","filename":"ingestion_dag.py","lineno":93}
{"timestamp":"2025-12-21T17:54:41.341292Z","level":"info","event":"Formatting title: Knocked Up","logger":"root","filename":"ingestion_dag.py","lineno":93}
{"timestamp":"2025-12-21T17:54:41.341319Z","level":"info","event":"Formatting title: Kramer Vs Kramer","logger":"root","filename":"ingestion_dag.py","lineno":93}
{"timestamp":"2025-12-21T17:54:41.341347Z","level":"info","event":"Formatting title: Krampus","logger":"root","filename":"ingestion_dag.py","lineno":93}
{"timestamp":"2025-12-21T17:54:41.341377Z","level":"info","event":"Formatting title: Kubo And The Two Strings","logger":"root","filename":"ingestion_dag.py","lineno":93}
{"timestamp":"2025-12-21T17:54:41.341407Z","level":"info","event":"Formatting title: Kundun","logger":"root","filename":"ingestion_dag.py","lineno":93}
{"timestamp":"2025-12-21T17:54:41.341433Z","level":"info","event":"Formatting title: Kung Fu Panda","logger":"root","filename":"ingestion_dag.py","lineno":93}
{"timestamp":"2025-12-21T17:54:41.341460Z","level":"info","event":"Formatting title: La Confidential","logger":"root","filename":"ingestion_dag.py","lineno":93}
{"timestamp":"2025-12-21T17:54:41.341491Z","level":"info","event":"Formatting title: La La Land","logger":"root","filename":"ingestion_dag.py","lineno":93}
{"timestamp":"2025-12-21T17:54:41.341517Z","level":"info","event":"Formatting title: La Story","logger":"root","filename":"ingestion_dag.py","lineno":93}
{"timestamp":"2025-12-21T17:54:41.341548Z","level":"info","event":"Formatting title: Labor Day","logger":"root","filename":"ingestion_dag.py","lineno":93}
{"timestamp":"2025-12-21T17:54:41.341575Z","level":"info","event":"Formatting title: Labor Of Love","logger":"root","filename":"ingestion_dag.py","lineno":93}
{"timestamp":"2025-12-21T17:54:41.341600Z","level":"info","event":"Formatting title: Labyrinth","logger":"root","filename":"ingestion_dag.py","lineno":93}
{"timestamp":"2025-12-21T17:54:41.341629Z","level":"info","event":"Formatting title: Lady Bird","logger":"root","filename":"ingestion_dag.py","lineno":93}
{"timestamp":"2025-12-21T17:54:41.341655Z","level":"info","event":"Formatting title: Lady Chatterleys Lover","logger":"root","filename":"ingestion_dag.py","lineno":93}
{"timestamp":"2025-12-21T17:54:41.341681Z","level":"info","event":"Formatting title: Ladyhawke","logger":"root","filename":"ingestion_dag.py","lineno":93}
{"timestamp":"2025-12-21T17:54:41.341707Z","level":"info","event":"Formatting title: Ladykillers The","logger":"root","filename":"ingestion_dag.py","lineno":93}
{"timestamp":"2025-12-21T17:54:41.341732Z","level":"info","event":"Formatting title: Lake Placid","logger":"root","filename":"ingestion_dag.py","lineno":93}
{"timestamp":"2025-12-21T17:54:41.341762Z","level":"info","event":"Formatting title: Land Of Mine","logger":"root","filename":"ingestion_dag.py","lineno":93}
{"timestamp":"2025-12-21T17:54:41.341788Z","level":"info","event":"Formatting title: Land Of The Dead","logger":"root","filename":"ingestion_dag.py","lineno":93}
{"timestamp":"2025-12-21T17:54:41.341815Z","level":"info","event":"Formatting title: Larry Crowne","logger":"root","filename":"ingestion_dag.py","lineno":93}
{"timestamp":"2025-12-21T17:54:41.341840Z","level":"info","event":"Formatting title: Lars And The Real Girl","logger":"root","filename":"ingestion_dag.py","lineno":93}
{"timestamp":"2025-12-21T17:54:41.341864Z","level":"info","event":"Formatting title: Last Boy Scout The","logger":"root","filename":"ingestion_dag.py","lineno":93}
{"timestamp":"2025-12-21T17:54:41.341888Z","level":"info","event":"Formatting title: Last Chance Harvey","logger":"root","filename":"ingestion_dag.py","lineno":93}
{"timestamp":"2025-12-21T17:54:41.341912Z","level":"info","event":"Formatting title: Last Flight The","logger":"root","filename":"ingestion_dag.py","lineno":93}
{"timestamp":"2025-12-21T17:54:41.341937Z","level":"info","event":"Formatting title: Last Holiday","logger":"root","filename":"ingestion_dag.py","lineno":93}
{"timestamp":"2025-12-21T17:54:41.341967Z","level":"info","event":"Formatting title: Last Night In Soho","logger":"root","filename":"ingestion_dag.py","lineno":93}
{"timestamp":"2025-12-21T17:54:41.341992Z","level":"info","event":"Formatting title: Last Of The Mohicans The","logger":"root","filename":"ingestion_dag.py","lineno":93}
{"timestamp":"2025-12-21T17:54:41.342018Z","level":"info","event":"Formatting title: Last Samurai The","logger":"root","filename":"ingestion_dag.py","lineno":93}
{"timestamp":"2025-12-21T17:54:41.342043Z","level":"info","event":"Formatting title: Last Station The","logger":"root","filename":"ingestion_dag.py","lineno":93}
{"timestamp":"2025-12-21T17:54:41.342068Z","level":"info","event":"Formatting title: Last Tango In Paris","logger":"root","filename":"ingestion_dag.py","lineno":93}
{"timestamp":"2025-12-21T17:54:41.342093Z","level":"info","event":"Formatting title: Law Abiding Citizen","logger":"root","filename":"ingestion_dag.py","lineno":93}
{"timestamp":"2025-12-21T17:54:41.342118Z","level":"info","event":"Formatting title: Lawrence Of Arabia","logger":"root","filename":"ingestion_dag.py","lineno":93}
{"timestamp":"2025-12-21T17:54:41.342142Z","level":"info","event":"Formatting title: Le Diable Par La Queue","logger":"root","filename":"ingestion_dag.py","lineno":93}
{"timestamp":"2025-12-21T17:54:41.342166Z","level":"info","event":"Formatting title: Lean On Me","logger":"root","filename":"ingestion_dag.py","lineno":93}
{"timestamp":"2025-12-21T17:54:41.342192Z","level":"info","event":"Formatting title: Leave No Trace","logger":"root","filename":"ingestion_dag.py","lineno":93}
{"timestamp":"2025-12-21T17:54:41.342220Z","level":"info","event":"Formatting title: Leaving Las Vegas","logger":"root","filename":"ingestion_dag.py","lineno":93}
{"timestamp":"2025-12-21T17:54:41.342245Z","level":"info","event":"Formatting title: Lee Daniels The Butler","logger":"root","filename":"ingestion_dag.py","lineno":93}
{"timestamp":"2025-12-21T17:54:41.342282Z","level":"info","event":"Formatting title: Legally Blonde","logger":"root","filename":"ingestion_dag.py","lineno":93}
{"timestamp":"2025-12-21T17:54:41.342323Z","level":"info","event":"Formatting title: Legend","logger":"root","filename":"ingestion_dag.py","lineno":93}
{"timestamp":"2025-12-21T17:54:41.342354Z","level":"info","event":"Formatting title: Legend","logger":"root","filename":"ingestion_dag.py","lineno":93}
{"timestamp":"2025-12-21T17:54:41.342382Z","level":"info","event":"Formatting title: Legion","logger":"root","filename":"ingestion_dag.py","lineno":93}
{"timestamp":"2025-12-21T17:54:41.342409Z","level":"info","event":"Formatting title: Lego Movie The","logger":"root","filename":"ingestion_dag.py","lineno":93}
{"timestamp":"2025-12-21T17:54:41.342436Z","level":"info","event":"Formatting title: Lenny","logger":"root","filename":"ingestion_dag.py","lineno":93}
{"timestamp":"2025-12-21T17:54:41.342463Z","level":"info","event":"Formatting title: Leprechaun","logger":"root","filename":"ingestion_dag.py","lineno":93}
{"timestamp":"2025-12-21T17:54:41.342497Z","level":"info","event":"Formatting title: Leprechaun 2","logger":"root","filename":"ingestion_dag.py","lineno":93}
{"timestamp":"2025-12-21T17:54:41.342524Z","level":"info","event":"Formatting title: Les Miserables","logger":"root","filename":"ingestion_dag.py","lineno":93}
{"timestamp":"2025-12-21T17:54:41.342550Z","level":"info","event":"Formatting title: Les Misérables","logger":"root","filename":"ingestion_dag.py","lineno":93}
{"timestamp":"2025-12-21T17:54:41.342577Z","level":"info","event":"Formatting title: Les Tontons Flingueurs","logger":"root","filename":"ingestion_dag.py","lineno":93}
{"timestamp":"2025-12-21T17:54:41.342603Z","level":"info","event":"Formatting title: Let Me In","logger":"root","filename":"ingestion_dag.py","lineno":93}
{"timestamp":"2025-12-21T17:54:41.342638Z","level":"info","event":"Formatting title: Lethal Weapon","logger":"root","filename":"ingestion_dag.py","lineno":93}
{"timestamp":"2025-12-21T17:54:41.342670Z","level":"info","event":"Formatting title: Lethal Weapon 2","logger":"root","filename":"ingestion_dag.py","lineno":93}
{"timestamp":"2025-12-21T17:54:41.342699Z","level":"info","event":"Formatting title: Lethal Weapon 4","logger":"root","filename":"ingestion_dag.py","lineno":93}
{"timestamp":"2025-12-21T17:54:41.342727Z","level":"info","event":"Formatting title: Leviathan","logger":"root","filename":"ingestion_dag.py","lineno":93}
{"timestamp":"2025-12-21T17:54:41.342758Z","level":"info","event":"Formatting title: Liar Liar","logger":"root","filename":"ingestion_dag.py","lineno":93}
{"timestamp":"2025-12-21T17:54:41.342785Z","level":"info","event":"Formatting title: License To Kill","logger":"root","filename":"ingestion_dag.py","lineno":93}
{"timestamp":"2025-12-21T17:54:41.342810Z","level":"info","event":"Formatting title: Life","logger":"root","filename":"ingestion_dag.py","lineno":93}
{"timestamp":"2025-12-21T17:54:41.342835Z","level":"info","event":"Formatting title: Life As A House","logger":"root","filename":"ingestion_dag.py","lineno":93}
{"timestamp":"2025-12-21T17:54:41.342860Z","level":"info","event":"Formatting title: Life Itself","logger":"root","filename":"ingestion_dag.py","lineno":93}
{"timestamp":"2025-12-21T17:54:41.342884Z","level":"info","event":"Formatting title: Life Of David Gale The","logger":"root","filename":"ingestion_dag.py","lineno":93}
{"timestamp":"2025-12-21T17:54:41.342909Z","level":"info","event":"Formatting title: Life Of Pi","logger":"root","filename":"ingestion_dag.py","lineno":93}
{"timestamp":"2025-12-21T17:54:41.342932Z","level":"info","event":"Formatting title: Life Stinks","logger":"root","filename":"ingestion_dag.py","lineno":93}
{"timestamp":"2025-12-21T17:54:41.342957Z","level":"info","event":"Formatting title: Light Sleeper","logger":"root","filename":"ingestion_dag.py","lineno":93}
{"timestamp":"2025-12-21T17:54:41.342981Z","level":"info","event":"Formatting title: Lights Out","logger":"root","filename":"ingestion_dag.py","lineno":93}
{"timestamp":"2025-12-21T17:54:41.343007Z","level":"info","event":"Formatting title: Like Father Like Son","logger":"root","filename":"ingestion_dag.py","lineno":93}
{"timestamp":"2025-12-21T17:54:41.343031Z","level":"info","event":"Formatting title: Limey The","logger":"root","filename":"ingestion_dag.py","lineno":93}
{"timestamp":"2025-12-21T17:54:41.343055Z","level":"info","event":"Formatting title: Limitless","logger":"root","filename":"ingestion_dag.py","lineno":93}
{"timestamp":"2025-12-21T17:54:41.343079Z","level":"info","event":"Formatting title: Lincoln","logger":"root","filename":"ingestion_dag.py","lineno":93}
{"timestamp":"2025-12-21T17:54:41.343103Z","level":"info","event":"Formatting title: Lincoln Lawyer The","logger":"root","filename":"ingestion_dag.py","lineno":93}
{"timestamp":"2025-12-21T17:54:41.343128Z","level":"info","event":"Formatting title: Lion","logger":"root","filename":"ingestion_dag.py","lineno":93}
{"timestamp":"2025-12-21T17:54:41.343152Z","level":"info","event":"Formatting title: Lion King The","logger":"root","filename":"ingestion_dag.py","lineno":93}
{"timestamp":"2025-12-21T17:54:41.343177Z","level":"info","event":"Formatting title: Little Athens","logger":"root","filename":"ingestion_dag.py","lineno":93}
{"timestamp":"2025-12-21T17:54:41.343201Z","level":"info","event":"Formatting title: Little Men","logger":"root","filename":"ingestion_dag.py","lineno":93}
{"timestamp":"2025-12-21T17:54:41.343228Z","level":"info","event":"Formatting title: Little Mermaid The","logger":"root","filename":"ingestion_dag.py","lineno":93}
{"timestamp":"2025-12-21T17:54:41.343256Z","level":"info","event":"Formatting title: Little Miss Sunshine","logger":"root","filename":"ingestion_dag.py","lineno":93}
{"timestamp":"2025-12-21T17:54:41.343280Z","level":"info","event":"Formatting title: Little Nicky","logger":"root","filename":"ingestion_dag.py","lineno":93}
{"timestamp":"2025-12-21T17:54:41.343308Z","level":"info","event":"Formatting title: Little Shop Of Horrors","logger":"root","filename":"ingestion_dag.py","lineno":93}
{"timestamp":"2025-12-21T17:54:41.343337Z","level":"info","event":"Formatting title: Little Women","logger":"root","filename":"ingestion_dag.py","lineno":93}
{"timestamp":"2025-12-21T17:54:41.343367Z","level":"info","event":"Formatting title: Live And Let Die","logger":"root","filename":"ingestion_dag.py","lineno":93}
{"timestamp":"2025-12-21T17:54:41.343392Z","level":"info","event":"Formatting title: Live By Night","logger":"root","filename":"ingestion_dag.py","lineno":93}
{"timestamp":"2025-12-21T17:54:41.343418Z","level":"info","event":"Formatting title: Live Free Or Die Hard","logger":"root","filename":"ingestion_dag.py","lineno":93}
{"timestamp":"2025-12-21T17:54:41.343442Z","level":"info","event":"Formatting title: Living","logger":"root","filename":"ingestion_dag.py","lineno":93}
{"timestamp":"2025-12-21T17:54:41.343469Z","level":"info","event":"Formatting title: Living In Oblivion","logger":"root","filename":"ingestion_dag.py","lineno":93}
{"timestamp":"2025-12-21T17:54:41.343494Z","level":"info","event":"Formatting title: Lock Stock And Two Smoking Barrels","logger":"root","filename":"ingestion_dag.py","lineno":93}
{"timestamp":"2025-12-21T17:54:41.343518Z","level":"info","event":"Formatting title: Locke","logger":"root","filename":"ingestion_dag.py","lineno":93}
{"timestamp":"2025-12-21T17:54:41.343542Z","level":"info","event":"Formatting title: Logan","logger":"root","filename":"ingestion_dag.py","lineno":93}
{"timestamp":"2025-12-21T17:54:41.399292Z","level":"info","event":"Formatting title: Logans Run","logger":"root","filename":"ingestion_dag.py","lineno":93}
{"timestamp":"2025-12-21T17:54:41.399389Z","level":"info","event":"Formatting title: Lone Star","logger":"root","filename":"ingestion_dag.py","lineno":93}
{"timestamp":"2025-12-21T17:54:41.399426Z","level":"info","event":"Formatting title: Lone Survivor","logger":"root","filename":"ingestion_dag.py","lineno":93}
{"timestamp":"2025-12-21T17:54:41.399456Z","level":"info","event":"Formatting title: Long Kiss Goodnight The","logger":"root","filename":"ingestion_dag.py","lineno":93}
{"timestamp":"2025-12-21T17:54:41.399485Z","level":"info","event":"Formatting title: Looney Tunes Back In Action","logger":"root","filename":"ingestion_dag.py","lineno":93}
{"timestamp":"2025-12-21T17:54:41.399514Z","level":"info","event":"Formatting title: Looper","logger":"root","filename":"ingestion_dag.py","lineno":93}
{"timestamp":"2025-12-21T17:54:41.399542Z","level":"info","event":"Formatting title: Lord Of Illusions","logger":"root","filename":"ingestion_dag.py","lineno":93}
{"timestamp":"2025-12-21T17:54:41.399570Z","level":"info","event":"Formatting title: Lord Of The Rings Fellowship Of The Ring The","logger":"root","filename":"ingestion_dag.py","lineno":93}
{"timestamp":"2025-12-21T17:54:41.399597Z","level":"info","event":"Formatting title: Lord Of The Rings Return Of The King","logger":"root","filename":"ingestion_dag.py","lineno":93}
{"timestamp":"2025-12-21T17:54:41.399624Z","level":"info","event":"Formatting title: Lord Of The Rings The Two Towers","logger":"root","filename":"ingestion_dag.py","lineno":93}
{"timestamp":"2025-12-21T17:54:41.399649Z","level":"info","event":"Formatting title: Lord Of War","logger":"root","filename":"ingestion_dag.py","lineno":93}
{"timestamp":"2025-12-21T17:54:41.399676Z","level":"info","event":"Formatting title: Losers The","logger":"root","filename":"ingestion_dag.py","lineno":93}
{"timestamp":"2025-12-21T17:54:41.399701Z","level":"info","event":"Formatting title: Lost Highway","logger":"root","filename":"ingestion_dag.py","lineno":93}
{"timestamp":"2025-12-21T17:54:41.399726Z","level":"info","event":"Formatting title: Lost Horizon","logger":"root","filename":"ingestion_dag.py","lineno":93}
{"timestamp":"2025-12-21T17:54:41.399752Z","level":"info","event":"Formatting title: Lost In Space","logger":"root","filename":"ingestion_dag.py","lineno":93}
{"timestamp":"2025-12-21T17:54:41.399777Z","level":"info","event":"Formatting title: Lost In Translation","logger":"root","filename":"ingestion_dag.py","lineno":93}
{"timestamp":"2025-12-21T17:54:41.399801Z","level":"info","event":"Formatting title: Love & Other Drugs","logger":"root","filename":"ingestion_dag.py","lineno":93}
{"timestamp":"2025-12-21T17:54:41.399827Z","level":"info","event":"Formatting title: Love Actually","logger":"root","filename":"ingestion_dag.py","lineno":93}
{"timestamp":"2025-12-21T17:54:41.399853Z","level":"info","event":"Formatting title: Love And Basketball","logger":"root","filename":"ingestion_dag.py","lineno":93}
{"timestamp":"2025-12-21T17:54:41.399884Z","level":"info","event":"Formatting title: Love And Friendship","logger":"root","filename":"ingestion_dag.py","lineno":93}
{"timestamp":"2025-12-21T17:54:41.399909Z","level":"info","event":"Formatting title: Love Is Strange","logger":"root","filename":"ingestion_dag.py","lineno":93}
{"timestamp":"2025-12-21T17:54:41.399934Z","level":"info","event":"Formatting title: Love Simon","logger":"root","filename":"ingestion_dag.py","lineno":93}
{"timestamp":"2025-12-21T17:54:41.399963Z","level":"info","event":"Formatting title: Loving","logger":"root","filename":"ingestion_dag.py","lineno":93}
{"timestamp":"2025-12-21T17:54:41.400033Z","level":"info","event":"Formatting title: Luca","logger":"root","filename":"ingestion_dag.py","lineno":93}
{"timestamp":"2025-12-21T17:54:41.400078Z","level":"info","event":"Formatting title: Lucky Number Slevin","logger":"root","filename":"ingestion_dag.py","lineno":93}
{"timestamp":"2025-12-21T17:54:41.400111Z","level":"info","event":"Formatting title: Lucy","logger":"root","filename":"ingestion_dag.py","lineno":93}
{"timestamp":"2025-12-21T17:54:41.400140Z","level":"info","event":"Formatting title: Lucy In The Sky","logger":"root","filename":"ingestion_dag.py","lineno":93}
{"timestamp":"2025-12-21T17:54:41.400167Z","level":"info","event":"Formatting title: Macgruber","logger":"root","filename":"ingestion_dag.py","lineno":93}
{"timestamp":"2025-12-21T17:54:41.400196Z","level":"info","event":"Formatting title: Machete","logger":"root","filename":"ingestion_dag.py","lineno":93}
{"timestamp":"2025-12-21T17:54:41.400224Z","level":"info","event":"Formatting title: Machine Gun Preacher","logger":"root","filename":"ingestion_dag.py","lineno":93}
{"timestamp":"2025-12-21T17:54:41.400250Z","level":"info","event":"Formatting title: Mad Max 2 The Road Warrior","logger":"root","filename":"ingestion_dag.py","lineno":93}
{"timestamp":"2025-12-21T17:54:41.400276Z","level":"info","event":"Formatting title: Mad Max Fury Road","logger":"root","filename":"ingestion_dag.py","lineno":93}
{"timestamp":"2025-12-21T17:54:41.400302Z","level":"info","event":"Formatting title: Made","logger":"root","filename":"ingestion_dag.py","lineno":93}
{"timestamp":"2025-12-21T17:54:41.400327Z","level":"info","event":"Formatting title: Made In Heaven","logger":"root","filename":"ingestion_dag.py","lineno":93}
{"timestamp":"2025-12-21T17:54:41.400352Z","level":"info","event":"Formatting title: Maestro","logger":"root","filename":"ingestion_dag.py","lineno":93}
{"timestamp":"2025-12-21T17:54:41.400377Z","level":"info","event":"Formatting title: Maggies Plan","logger":"root","filename":"ingestion_dag.py","lineno":93}
{"timestamp":"2025-12-21T17:54:41.400403Z","level":"info","event":"Formatting title: Magnolia","logger":"root","filename":"ingestion_dag.py","lineno":93}
{"timestamp":"2025-12-21T17:54:41.400428Z","level":"info","event":"Formatting title: Majestic The (the Bijou)","logger":"root","filename":"ingestion_dag.py","lineno":93}
{"timestamp":"2025-12-21T17:54:41.400454Z","level":"info","event":"Formatting title: Major League","logger":"root","filename":"ingestion_dag.py","lineno":93}
{"timestamp":"2025-12-21T17:54:41.400483Z","level":"info","event":"Formatting title: Malcolm & Marie","logger":"root","filename":"ingestion_dag.py","lineno":93}
{"timestamp":"2025-12-21T17:54:41.400509Z","level":"info","event":"Formatting title: Malcolm X","logger":"root","filename":"ingestion_dag.py","lineno":93}
{"timestamp":"2025-12-21T17:54:41.400534Z","level":"info","event":"Formatting title: Malibus Most Wanted","logger":"root","filename":"ingestion_dag.py","lineno":93}
{"timestamp":"2025-12-21T17:54:41.400566Z","level":"info","event":"Formatting title: Malignant","logger":"root","filename":"ingestion_dag.py","lineno":93}
{"timestamp":"2025-12-21T17:54:41.400591Z","level":"info","event":"Formatting title: Mallrats","logger":"root","filename":"ingestion_dag.py","lineno":93}
{"timestamp":"2025-12-21T17:54:41.400624Z","level":"info","event":"Formatting title: Man In The Iron Mask","logger":"root","filename":"ingestion_dag.py","lineno":93}
{"timestamp":"2025-12-21T17:54:41.400657Z","level":"info","event":"Formatting title: Man On A Ledge","logger":"root","filename":"ingestion_dag.py","lineno":93}
{"timestamp":"2025-12-21T17:54:41.400684Z","level":"info","event":"Formatting title: Man On Fire","logger":"root","filename":"ingestion_dag.py","lineno":93}
{"timestamp":"2025-12-21T17:54:41.400716Z","level":"info","event":"Formatting title: Man On The Moon","logger":"root","filename":"ingestion_dag.py","lineno":93}
{"timestamp":"2025-12-21T17:54:41.400747Z","level":"info","event":"Formatting title: Man Trouble","logger":"root","filename":"ingestion_dag.py","lineno":93}
{"timestamp":"2025-12-21T17:54:41.400773Z","level":"info","event":"Formatting title: Man Who Knew Too Much The","logger":"root","filename":"ingestion_dag.py","lineno":93}
{"timestamp":"2025-12-21T17:54:41.400832Z","level":"info","event":"Formatting title: Man Who Wasnt There The","logger":"root","filename":"ingestion_dag.py","lineno":93}
{"timestamp":"2025-12-21T17:54:41.400886Z","level":"info","event":"Formatting title: Manchurian Candidate The","logger":"root","filename":"ingestion_dag.py","lineno":93}
{"timestamp":"2025-12-21T17:54:41.400945Z","level":"info","event":"Formatting title: Mandy","logger":"root","filename":"ingestion_dag.py","lineno":93}
{"timestamp":"2025-12-21T17:54:41.400988Z","level":"info","event":"Formatting title: Manhattan Murder Mystery","logger":"root","filename":"ingestion_dag.py","lineno":93}
{"timestamp":"2025-12-21T17:54:41.401023Z","level":"info","event":"Formatting title: Manhunter","logger":"root","filename":"ingestion_dag.py","lineno":93}
{"timestamp":"2025-12-21T17:54:41.401054Z","level":"info","event":"Formatting title: Maniac Cop","logger":"root","filename":"ingestion_dag.py","lineno":93}
{"timestamp":"2025-12-21T17:54:41.401084Z","level":"info","event":"Formatting title: Mank","logger":"root","filename":"ingestion_dag.py","lineno":93}
{"timestamp":"2025-12-21T17:54:41.401113Z","level":"info","event":"Formatting title: Margaret","logger":"root","filename":"ingestion_dag.py","lineno":93}
{"timestamp":"2025-12-21T17:54:41.401141Z","level":"info","event":"Formatting title: Margin Call","logger":"root","filename":"ingestion_dag.py","lineno":93}
{"timestamp":"2025-12-21T17:54:41.401174Z","level":"info","event":"Formatting title: Margot At The Wedding","logger":"root","filename":"ingestion_dag.py","lineno":93}
{"timestamp":"2025-12-21T17:54:41.401207Z","level":"info","event":"Formatting title: Maria","logger":"root","filename":"ingestion_dag.py","lineno":93}
{"timestamp":"2025-12-21T17:54:41.401241Z","level":"info","event":"Formatting title: Maria Full Of Grace","logger":"root","filename":"ingestion_dag.py","lineno":93}
{"timestamp":"2025-12-21T17:54:41.401273Z","level":"info","event":"Formatting title: Mariachi El","logger":"root","filename":"ingestion_dag.py","lineno":93}
{"timestamp":"2025-12-21T17:54:41.401302Z","level":"info","event":"Formatting title: Marley & Me","logger":"root","filename":"ingestion_dag.py","lineno":93}
{"timestamp":"2025-12-21T17:54:41.401329Z","level":"info","event":"Formatting title: Marriage Story","logger":"root","filename":"ingestion_dag.py","lineno":93}
{"timestamp":"2025-12-21T17:54:41.401356Z","level":"info","event":"Formatting title: Mars Attacks","logger":"root","filename":"ingestion_dag.py","lineno":93}
{"timestamp":"2025-12-21T17:54:41.401388Z","level":"info","event":"Formatting title: Martha Marcy May Marlene","logger":"root","filename":"ingestion_dag.py","lineno":93}
{"timestamp":"2025-12-21T17:54:41.401418Z","level":"info","event":"Formatting title: Martian The","logger":"root","filename":"ingestion_dag.py","lineno":93}
{"timestamp":"2025-12-21T17:54:41.401450Z","level":"info","event":"Formatting title: Marty","logger":"root","filename":"ingestion_dag.py","lineno":93}
{"timestamp":"2025-12-21T17:54:41.401481Z","level":"info","event":"Formatting title: Martyrs","logger":"root","filename":"ingestion_dag.py","lineno":93}
{"timestamp":"2025-12-21T17:54:41.401518Z","level":"info","event":"Formatting title: Mary Poppins","logger":"root","filename":"ingestion_dag.py","lineno":93}
{"timestamp":"2025-12-21T17:54:41.401551Z","level":"info","event":"Formatting title: Mary Poppins Returns","logger":"root","filename":"ingestion_dag.py","lineno":93}
{"timestamp":"2025-12-21T17:54:41.401582Z","level":"info","event":"Formatting title: Mary Queen Of Scots","logger":"root","filename":"ingestion_dag.py","lineno":93}
{"timestamp":"2025-12-21T17:54:41.401609Z","level":"info","event":"Formatting title: Mary Shelleys Frankenstein","logger":"root","filename":"ingestion_dag.py","lineno":93}
{"timestamp":"2025-12-21T17:54:41.401635Z","level":"info","event":"Formatting title: Mask The","logger":"root","filename":"ingestion_dag.py","lineno":93}
{"timestamp":"2025-12-21T17:54:41.401661Z","level":"info","event":"Formatting title: Mass","logger":"root","filename":"ingestion_dag.py","lineno":93}
{"timestamp":"2025-12-21T17:54:41.401689Z","level":"info","event":"Formatting title: Master","logger":"root","filename":"ingestion_dag.py","lineno":93}
{"timestamp":"2025-12-21T17:54:41.401718Z","level":"info","event":"Formatting title: Master And Commander","logger":"root","filename":"ingestion_dag.py","lineno":93}
{"timestamp":"2025-12-21T17:54:41.401747Z","level":"info","event":"Formatting title: Master The","logger":"root","filename":"ingestion_dag.py","lineno":93}
{"timestamp":"2025-12-21T17:54:41.401772Z","level":"info","event":"Formatting title: Match Point","logger":"root","filename":"ingestion_dag.py","lineno":93}
{"timestamp":"2025-12-21T17:54:41.401798Z","level":"info","event":"Formatting title: Matchstick Men","logger":"root","filename":"ingestion_dag.py","lineno":93}
{"timestamp":"2025-12-21T17:54:41.401823Z","level":"info","event":"Formatting title: Matrix Reloaded The","logger":"root","filename":"ingestion_dag.py","lineno":93}
{"timestamp":"2025-12-21T17:54:41.401852Z","level":"info","event":"Formatting title: Matrix The","logger":"root","filename":"ingestion_dag.py","lineno":93}
{"timestamp":"2025-12-21T17:54:41.401881Z","level":"info","event":"Formatting title: Maudie","logger":"root","filename":"ingestion_dag.py","lineno":93}
{"timestamp":"2025-12-21T17:54:41.401911Z","level":"info","event":"Formatting title: Max Payne","logger":"root","filename":"ingestion_dag.py","lineno":93}
{"timestamp":"2025-12-21T17:54:41.401938Z","level":"info","event":"Formatting title: May December","logger":"root","filename":"ingestion_dag.py","lineno":93}
{"timestamp":"2025-12-21T17:54:41.401967Z","level":"info","event":"Formatting title: Me And Earl And The Dying Girl","logger":"root","filename":"ingestion_dag.py","lineno":93}
{"timestamp":"2025-12-21T17:54:41.401997Z","level":"info","event":"Formatting title: Me Him Her","logger":"root","filename":"ingestion_dag.py","lineno":93}
{"timestamp":"2025-12-21T17:54:41.402023Z","level":"info","event":"Formatting title: Mean Girls","logger":"root","filename":"ingestion_dag.py","lineno":93}
{"timestamp":"2025-12-21T17:54:41.402075Z","level":"info","event":"Formatting title: Mean Streets","logger":"root","filename":"ingestion_dag.py","lineno":93}
{"timestamp":"2025-12-21T17:54:41.402106Z","level":"info","event":"Formatting title: Meatballs","logger":"root","filename":"ingestion_dag.py","lineno":93}
{"timestamp":"2025-12-21T17:54:41.402136Z","level":"info","event":"Formatting title: Mechanic The","logger":"root","filename":"ingestion_dag.py","lineno":93}
{"timestamp":"2025-12-21T17:54:41.402165Z","level":"info","event":"Formatting title: Meet Joe Black","logger":"root","filename":"ingestion_dag.py","lineno":93}
{"timestamp":"2025-12-21T17:54:41.402198Z","level":"info","event":"Formatting title: Meet John Doe","logger":"root","filename":"ingestion_dag.py","lineno":93}
{"timestamp":"2025-12-21T17:54:41.402230Z","level":"info","event":"Formatting title: Megamind","logger":"root","filename":"ingestion_dag.py","lineno":93}
{"timestamp":"2025-12-21T17:54:41.402260Z","level":"info","event":"Formatting title: Memento","logger":"root","filename":"ingestion_dag.py","lineno":93}
{"timestamp":"2025-12-21T17:54:41.402288Z","level":"info","event":"Formatting title: Memoirs Of A Geisha","logger":"root","filename":"ingestion_dag.py","lineno":93}
{"timestamp":"2025-12-21T17:54:41.402319Z","level":"info","event":"Formatting title: Memories Of Murder","logger":"root","filename":"ingestion_dag.py","lineno":93}
{"timestamp":"2025-12-21T17:54:41.402350Z","level":"info","event":"Formatting title: Memory","logger":"root","filename":"ingestion_dag.py","lineno":93}
{"timestamp":"2025-12-21T17:54:41.402378Z","level":"info","event":"Formatting title: Men In Black","logger":"root","filename":"ingestion_dag.py","lineno":93}
{"timestamp":"2025-12-21T17:54:41.402403Z","level":"info","event":"Formatting title: Men In Black 3","logger":"root","filename":"ingestion_dag.py","lineno":93}
{"timestamp":"2025-12-21T17:54:41.402429Z","level":"info","event":"Formatting title: Men Who Stare At Goats The","logger":"root","filename":"ingestion_dag.py","lineno":93}
{"timestamp":"2025-12-21T17:54:41.402454Z","level":"info","event":"Formatting title: Menace 2 Society","logger":"root","filename":"ingestion_dag.py","lineno":93}
{"timestamp":"2025-12-21T17:54:41.402483Z","level":"info","event":"Formatting title: Menu The","logger":"root","filename":"ingestion_dag.py","lineno":93}
{"timestamp":"2025-12-21T17:54:41.402510Z","level":"info","event":"Formatting title: Metro","logger":"root","filename":"ingestion_dag.py","lineno":93}
{"timestamp":"2025-12-21T17:54:41.402538Z","level":"info","event":"Formatting title: Miami Vice","logger":"root","filename":"ingestion_dag.py","lineno":93}
{"timestamp":"2025-12-21T17:54:41.402566Z","level":"info","event":"Formatting title: Michael Clayton","logger":"root","filename":"ingestion_dag.py","lineno":93}
{"timestamp":"2025-12-21T17:54:41.402593Z","level":"info","event":"Formatting title: Mid90s","logger":"root","filename":"ingestion_dag.py","lineno":93}
{"timestamp":"2025-12-21T17:54:41.402619Z","level":"info","event":"Formatting title: Midnight Cowboy","logger":"root","filename":"ingestion_dag.py","lineno":93}
{"timestamp":"2025-12-21T17:54:41.402644Z","level":"info","event":"Formatting title: Midnight Express","logger":"root","filename":"ingestion_dag.py","lineno":93}
{"timestamp":"2025-12-21T17:54:41.402670Z","level":"info","event":"Formatting title: Midnight In Paris","logger":"root","filename":"ingestion_dag.py","lineno":93}
{"timestamp":"2025-12-21T17:54:41.402698Z","level":"info","event":"Formatting title: Midnight Run","logger":"root","filename":"ingestion_dag.py","lineno":93}
{"timestamp":"2025-12-21T17:54:41.402725Z","level":"info","event":"Formatting title: Midsommar","logger":"root","filename":"ingestion_dag.py","lineno":93}
{"timestamp":"2025-12-21T17:54:41.402749Z","level":"info","event":"Formatting title: Midway","logger":"root","filename":"ingestion_dag.py","lineno":93}
{"timestamp":"2025-12-21T17:54:41.402774Z","level":"info","event":"Formatting title: Mighty Joe Young","logger":"root","filename":"ingestion_dag.py","lineno":93}
{"timestamp":"2025-12-21T17:54:41.402799Z","level":"info","event":"Formatting title: Mighty Morphin Power Rangers The Movie","logger":"root","filename":"ingestion_dag.py","lineno":93}
{"timestamp":"2025-12-21T17:54:41.402825Z","level":"info","event":"Formatting title: Mikey And Nicky","logger":"root","filename":"ingestion_dag.py","lineno":93}
{"timestamp":"2025-12-21T17:54:41.402850Z","level":"info","event":"Formatting title: Miles Ahead","logger":"root","filename":"ingestion_dag.py","lineno":93}
{"timestamp":"2025-12-21T17:54:41.402875Z","level":"info","event":"Formatting title: Milk","logger":"root","filename":"ingestion_dag.py","lineno":93}
{"timestamp":"2025-12-21T17:54:41.402900Z","level":"info","event":"Formatting title: Millers Crossing","logger":"root","filename":"ingestion_dag.py","lineno":93}
{"timestamp":"2025-12-21T17:54:41.402947Z","level":"info","event":"Formatting title: Millers Girl","logger":"root","filename":"ingestion_dag.py","lineno":93}
{"timestamp":"2025-12-21T17:54:41.402982Z","level":"info","event":"Formatting title: Million Dollar Baby","logger":"root","filename":"ingestion_dag.py","lineno":93}
{"timestamp":"2025-12-21T17:54:41.403013Z","level":"info","event":"Formatting title: Mimic","logger":"root","filename":"ingestion_dag.py","lineno":93}
{"timestamp":"2025-12-21T17:54:41.403047Z","level":"info","event":"Formatting title: Minari","logger":"root","filename":"ingestion_dag.py","lineno":93}
{"timestamp":"2025-12-21T17:54:41.403074Z","level":"info","event":"Formatting title: Minis First Time","logger":"root","filename":"ingestion_dag.py","lineno":93}
{"timestamp":"2025-12-21T17:54:41.403101Z","level":"info","event":"Formatting title: Minority Report","logger":"root","filename":"ingestion_dag.py","lineno":93}
{"timestamp":"2025-12-21T17:54:41.403129Z","level":"info","event":"Formatting title: Miracle Worker The","logger":"root","filename":"ingestion_dag.py","lineno":93}
{"timestamp":"2025-12-21T17:54:41.403161Z","level":"info","event":"Formatting title: Mirrors","logger":"root","filename":"ingestion_dag.py","lineno":93}
{"timestamp":"2025-12-21T17:54:41.403188Z","level":"info","event":"Formatting title: Misery","logger":"root","filename":"ingestion_dag.py","lineno":93}
{"timestamp":"2025-12-21T17:54:41.403218Z","level":"info","event":"Formatting title: Miss Congeniality","logger":"root","filename":"ingestion_dag.py","lineno":93}
{"timestamp":"2025-12-21T17:54:41.403246Z","level":"info","event":"Formatting title: Miss Sloane","logger":"root","filename":"ingestion_dag.py","lineno":93}
{"timestamp":"2025-12-21T17:54:41.403272Z","level":"info","event":"Formatting title: Mission Impossible","logger":"root","filename":"ingestion_dag.py","lineno":93}
{"timestamp":"2025-12-21T17:54:41.403298Z","level":"info","event":"Formatting title: Mission Impossible 2","logger":"root","filename":"ingestion_dag.py","lineno":93}
{"timestamp":"2025-12-21T17:54:41.403325Z","level":"info","event":"Formatting title: Mission Impossible 3","logger":"root","filename":"ingestion_dag.py","lineno":93}
{"timestamp":"2025-12-21T17:54:41.403354Z","level":"info","event":"Formatting title: Mission Impossible Fallout","logger":"root","filename":"ingestion_dag.py","lineno":93}
{"timestamp":"2025-12-21T17:54:41.403381Z","level":"info","event":"Formatting title: Mission Impossible Rogue Nation","logger":"root","filename":"ingestion_dag.py","lineno":93}
{"timestamp":"2025-12-21T17:54:41.403407Z","level":"info","event":"Formatting title: Mission To Mars","logger":"root","filename":"ingestion_dag.py","lineno":93}
{"timestamp":"2025-12-21T17:54:41.403432Z","level":"info","event":"Formatting title: Mollys Game","logger":"root","filename":"ingestion_dag.py","lineno":93}
{"timestamp":"2025-12-21T17:54:41.403458Z","level":"info","event":"Formatting title: Moneyball","logger":"root","filename":"ingestion_dag.py","lineno":93}
{"timestamp":"2025-12-21T17:54:41.403484Z","level":"info","event":"Formatting title: Monkeybone","logger":"root","filename":"ingestion_dag.py","lineno":93}
{"timestamp":"2025-12-21T17:54:41.403513Z","level":"info","event":"Formatting title: Monster","logger":"root","filename":"ingestion_dag.py","lineno":93}
{"timestamp":"2025-12-21T17:54:41.403538Z","level":"info","event":"Formatting title: Monsters Ball","logger":"root","filename":"ingestion_dag.py","lineno":93}
{"timestamp":"2025-12-21T17:54:41.403610Z","level":"info","event":"Formatting title: Monsters Inc","logger":"root","filename":"ingestion_dag.py","lineno":93}
{"timestamp":"2025-12-21T17:54:41.403641Z","level":"info","event":"Formatting title: Monsters University","logger":"root","filename":"ingestion_dag.py","lineno":93}
{"timestamp":"2025-12-21T17:54:41.403669Z","level":"info","event":"Formatting title: Monte Carlo","logger":"root","filename":"ingestion_dag.py","lineno":93}
{"timestamp":"2025-12-21T17:54:41.403697Z","level":"info","event":"Formatting title: Moon","logger":"root","filename":"ingestion_dag.py","lineno":93}
{"timestamp":"2025-12-21T17:54:41.403724Z","level":"info","event":"Formatting title: Moonlight","logger":"root","filename":"ingestion_dag.py","lineno":93}
{"timestamp":"2025-12-21T17:54:41.403751Z","level":"info","event":"Formatting title: Moonrise Kingdom","logger":"root","filename":"ingestion_dag.py","lineno":93}
{"timestamp":"2025-12-21T17:54:41.403778Z","level":"info","event":"Formatting title: Moonstruck","logger":"root","filename":"ingestion_dag.py","lineno":93}
{"timestamp":"2025-12-21T17:54:41.403804Z","level":"info","event":"Formatting title: Mother","logger":"root","filename":"ingestion_dag.py","lineno":93}
{"timestamp":"2025-12-21T17:54:41.403830Z","level":"info","event":"Formatting title: Motherless Brooklyn","logger":"root","filename":"ingestion_dag.py","lineno":93}
{"timestamp":"2025-12-21T17:54:41.403857Z","level":"info","event":"Formatting title: Moulin Rouge","logger":"root","filename":"ingestion_dag.py","lineno":93}
{"timestamp":"2025-12-21T17:54:41.403882Z","level":"info","event":"Formatting title: Mr & Mrs Smith","logger":"root","filename":"ingestion_dag.py","lineno":93}
{"timestamp":"2025-12-21T17:54:41.403907Z","level":"info","event":"Formatting title: Mr Blandings Builds His Dream House","logger":"root","filename":"ingestion_dag.py","lineno":93}
{"timestamp":"2025-12-21T17:54:41.403932Z","level":"info","event":"Formatting title: Mr Brooks","logger":"root","filename":"ingestion_dag.py","lineno":93}
{"timestamp":"2025-12-21T17:54:41.403957Z","level":"info","event":"Formatting title: Mr Deeds Goes To Town","logger":"root","filename":"ingestion_dag.py","lineno":93}
{"timestamp":"2025-12-21T17:54:41.404007Z","level":"info","event":"Formatting title: Mr Hollands Opus","logger":"root","filename":"ingestion_dag.py","lineno":93}
{"timestamp":"2025-12-21T17:54:41.404058Z","level":"info","event":"Formatting title: Mr Mom","logger":"root","filename":"ingestion_dag.py","lineno":93}
{"timestamp":"2025-12-21T17:54:41.404089Z","level":"info","event":"Formatting title: Mr Nobody","logger":"root","filename":"ingestion_dag.py","lineno":93}
{"timestamp":"2025-12-21T17:54:41.404118Z","level":"info","event":"Formatting title: Mr Right","logger":"root","filename":"ingestion_dag.py","lineno":93}
{"timestamp":"2025-12-21T17:54:41.404145Z","level":"info","event":"Formatting title: Mr Turner","logger":"root","filename":"ingestion_dag.py","lineno":93}
{"timestamp":"2025-12-21T17:54:41.404172Z","level":"info","event":"Formatting title: Mrs Brown","logger":"root","filename":"ingestion_dag.py","lineno":93}
{"timestamp":"2025-12-21T17:54:41.404199Z","level":"info","event":"Formatting title: Mud","logger":"root","filename":"ingestion_dag.py","lineno":93}
{"timestamp":"2025-12-21T17:54:41.404225Z","level":"info","event":"Formatting title: Mudbound","logger":"root","filename":"ingestion_dag.py","lineno":93}
{"timestamp":"2025-12-21T17:54:41.404251Z","level":"info","event":"Formatting title: Mulan","logger":"root","filename":"ingestion_dag.py","lineno":93}
{"timestamp":"2025-12-21T17:54:41.404277Z","level":"info","event":"Formatting title: Mulholland Dr","logger":"root","filename":"ingestion_dag.py","lineno":93}
{"timestamp":"2025-12-21T17:54:41.404306Z","level":"info","event":"Formatting title: Mulholland Drive","logger":"root","filename":"ingestion_dag.py","lineno":93}
{"timestamp":"2025-12-21T17:54:41.404332Z","level":"info","event":"Formatting title: Mumford","logger":"root","filename":"ingestion_dag.py","lineno":93}
{"timestamp":"2025-12-21T17:54:41.404357Z","level":"info","event":"Formatting title: Mummy The","logger":"root","filename":"ingestion_dag.py","lineno":93}
{"timestamp":"2025-12-21T17:54:41.404384Z","level":"info","event":"Formatting title: Murder On The Orient Express","logger":"root","filename":"ingestion_dag.py","lineno":93}
{"timestamp":"2025-12-21T17:54:41.404415Z","level":"info","event":"Formatting title: Music Of The Heart","logger":"root","filename":"ingestion_dag.py","lineno":93}
{"timestamp":"2025-12-21T17:54:41.404445Z","level":"info","event":"Formatting title: Mute Witness","logger":"root","filename":"ingestion_dag.py","lineno":93}
{"timestamp":"2025-12-21T17:54:41.404470Z","level":"info","event":"Formatting title: My Best Friends Wedding","logger":"root","filename":"ingestion_dag.py","lineno":93}
{"timestamp":"2025-12-21T17:54:41.404494Z","level":"info","event":"Formatting title: My Big Fat Greek Wedding 2","logger":"root","filename":"ingestion_dag.py","lineno":93}
{"timestamp":"2025-12-21T17:54:41.404523Z","level":"info","event":"Formatting title: My Cousin Vinny","logger":"root","filename":"ingestion_dag.py","lineno":93}
{"timestamp":"2025-12-21T17:54:41.404550Z","level":"info","event":"Formatting title: My Demon Lover","logger":"root","filename":"ingestion_dag.py","lineno":93}
{"timestamp":"2025-12-21T17:54:41.404575Z","level":"info","event":"Formatting title: My Friend Dahmer","logger":"root","filename":"ingestion_dag.py","lineno":93}
{"timestamp":"2025-12-21T17:54:41.404600Z","level":"info","event":"Formatting title: My Girl","logger":"root","filename":"ingestion_dag.py","lineno":93}
{"timestamp":"2025-12-21T17:54:41.404634Z","level":"info","event":"Formatting title: My Mother Dreams The Satans Disciples In New York","logger":"root","filename":"ingestion_dag.py","lineno":93}
{"timestamp":"2025-12-21T17:54:41.404667Z","level":"info","event":"Formatting title: My Old Ass","logger":"root","filename":"ingestion_dag.py","lineno":93}
{"timestamp":"2025-12-21T17:54:41.404694Z","level":"info","event":"Formatting title: My Policeman","logger":"root","filename":"ingestion_dag.py","lineno":93}
{"timestamp":"2025-12-21T17:54:41.404719Z","level":"info","event":"Formatting title: My Week With Marilyn","logger":"root","filename":"ingestion_dag.py","lineno":93}
{"timestamp":"2025-12-21T17:54:41.404748Z","level":"info","event":"Formatting title: Mystery Men","logger":"root","filename":"ingestion_dag.py","lineno":93}
{"timestamp":"2025-12-21T17:54:41.404774Z","level":"info","event":"Formatting title: Naked Gun 33 1/3 The Final Insult","logger":"root","filename":"ingestion_dag.py","lineno":93}
{"timestamp":"2025-12-21T17:54:41.404800Z","level":"info","event":"Formatting title: Nanny","logger":"root","filename":"ingestion_dag.py","lineno":93}
{"timestamp":"2025-12-21T17:54:41.404824Z","level":"info","event":"Formatting title: Napoleon","logger":"root","filename":"ingestion_dag.py","lineno":93}
{"timestamp":"2025-12-21T17:54:41.404849Z","level":"info","event":"Formatting title: Napoleon Dynamite","logger":"root","filename":"ingestion_dag.py","lineno":93}
{"timestamp":"2025-12-21T17:54:41.404873Z","level":"info","event":"Formatting title: Nashville","logger":"root","filename":"ingestion_dag.py","lineno":93}
{"timestamp":"2025-12-21T17:54:41.404898Z","level":"info","event":"Formatting title: National Lampoons Animal House","logger":"root","filename":"ingestion_dag.py","lineno":93}
{"timestamp":"2025-12-21T17:54:41.404948Z","level":"info","event":"Formatting title: National Lampoons Christmas Vacation","logger":"root","filename":"ingestion_dag.py","lineno":93}
{"timestamp":"2025-12-21T17:54:41.404984Z","level":"info","event":"Formatting title: National Lampoons European Vacation","logger":"root","filename":"ingestion_dag.py","lineno":93}
{"timestamp":"2025-12-21T17:54:41.405015Z","level":"info","event":"Formatting title: National Lampoons Vacation","logger":"root","filename":"ingestion_dag.py","lineno":93}
{"timestamp":"2025-12-21T17:54:41.405044Z","level":"info","event":"Formatting title: National Treasure","logger":"root","filename":"ingestion_dag.py","lineno":93}
{"timestamp":"2025-12-21T17:54:41.405078Z","level":"info","event":"Formatting title: Natural Born Killers","logger":"root","filename":"ingestion_dag.py","lineno":93}
{"timestamp":"2025-12-21T17:54:41.405105Z","level":"info","event":"Formatting title: Near Dark","logger":"root","filename":"ingestion_dag.py","lineno":93}
{"timestamp":"2025-12-21T17:54:41.405132Z","level":"info","event":"Formatting title: Nebraska","logger":"root","filename":"ingestion_dag.py","lineno":93}
{"timestamp":"2025-12-21T17:54:41.405159Z","level":"info","event":"Formatting title: Nell","logger":"root","filename":"ingestion_dag.py","lineno":93}
{"timestamp":"2025-12-21T17:54:41.405184Z","level":"info","event":"Formatting title: Network","logger":"root","filename":"ingestion_dag.py","lineno":93}
{"timestamp":"2025-12-21T17:54:41.405210Z","level":"info","event":"Formatting title: Never Been Kissed","logger":"root","filename":"ingestion_dag.py","lineno":93}
{"timestamp":"2025-12-21T17:54:41.405238Z","level":"info","event":"Formatting title: Never Look Away","logger":"root","filename":"ingestion_dag.py","lineno":93}
{"timestamp":"2025-12-21T17:54:41.405263Z","level":"info","event":"Formatting title: Never Rarely Sometimes Always","logger":"root","filename":"ingestion_dag.py","lineno":93}
{"timestamp":"2025-12-21T17:54:41.405288Z","level":"info","event":"Formatting title: Neverending Story The","logger":"root","filename":"ingestion_dag.py","lineno":93}
{"timestamp":"2025-12-21T17:54:41.405314Z","level":"info","event":"Formatting title: New Jack City","logger":"root","filename":"ingestion_dag.py","lineno":93}
{"timestamp":"2025-12-21T17:54:41.405339Z","level":"info","event":"Formatting title: New York Minute","logger":"root","filename":"ingestion_dag.py","lineno":93}
{"timestamp":"2025-12-21T17:54:41.405367Z","level":"info","event":"Formatting title: Newsies","logger":"root","filename":"ingestion_dag.py","lineno":93}
{"timestamp":"2025-12-21T17:54:41.405392Z","level":"info","event":"Formatting title: Next","logger":"root","filename":"ingestion_dag.py","lineno":93}
{"timestamp":"2025-12-21T17:54:41.405418Z","level":"info","event":"Formatting title: Next Friday","logger":"root","filename":"ingestion_dag.py","lineno":93}
{"timestamp":"2025-12-21T17:54:41.405443Z","level":"info","event":"Formatting title: Next Three Days The","logger":"root","filename":"ingestion_dag.py","lineno":93}
{"timestamp":"2025-12-21T17:54:41.405471Z","level":"info","event":"Formatting title: Ni Vu Ni Connu","logger":"root","filename":"ingestion_dag.py","lineno":93}
{"timestamp":"2025-12-21T17:54:41.405500Z","level":"info","event":"Formatting title: Nick And Norahs Infinite Playlist","logger":"root","filename":"ingestion_dag.py","lineno":93}
{"timestamp":"2025-12-21T17:54:41.405525Z","level":"info","event":"Formatting title: Nick Of Time","logger":"root","filename":"ingestion_dag.py","lineno":93}
{"timestamp":"2025-12-21T17:54:41.405554Z","level":"info","event":"Formatting title: Nickel Boys","logger":"root","filename":"ingestion_dag.py","lineno":93}
{"timestamp":"2025-12-21T17:54:41.405580Z","level":"info","event":"Formatting title: Night Nurse","logger":"root","filename":"ingestion_dag.py","lineno":93}
{"timestamp":"2025-12-21T17:54:41.405607Z","level":"info","event":"Formatting title: Night Of The Demons","logger":"root","filename":"ingestion_dag.py","lineno":93}
{"timestamp":"2025-12-21T17:54:41.405635Z","level":"info","event":"Formatting title: Night Of The Living Dead","logger":"root","filename":"ingestion_dag.py","lineno":93}
{"timestamp":"2025-12-21T17:54:41.405665Z","level":"info","event":"Formatting title: Night Time (the Poltergeist Treatment)","logger":"root","filename":"ingestion_dag.py","lineno":93}
{"timestamp":"2025-12-21T17:54:41.405692Z","level":"info","event":"Formatting title: Nightbitch","logger":"root","filename":"ingestion_dag.py","lineno":93}
{"timestamp":"2025-12-21T17:54:41.405717Z","level":"info","event":"Formatting title: Nightbreed","logger":"root","filename":"ingestion_dag.py","lineno":93}
{"timestamp":"2025-12-21T17:54:41.405743Z","level":"info","event":"Formatting title: Nightcrawler","logger":"root","filename":"ingestion_dag.py","lineno":93}
{"timestamp":"2025-12-21T17:54:41.405771Z","level":"info","event":"Formatting title: Nightmare Alley","logger":"root","filename":"ingestion_dag.py","lineno":93}
{"timestamp":"2025-12-21T17:54:41.405801Z","level":"info","event":"Formatting title: Nightmare Before Christmas The","logger":"root","filename":"ingestion_dag.py","lineno":93}
{"timestamp":"2025-12-21T17:54:41.405828Z","level":"info","event":"Formatting title: Nightmare Before Christmas The","logger":"root","filename":"ingestion_dag.py","lineno":93}
{"timestamp":"2025-12-21T17:54:41.405853Z","level":"info","event":"Formatting title: Nightmare On Elm Street A","logger":"root","filename":"ingestion_dag.py","lineno":93}
{"timestamp":"2025-12-21T17:54:41.405878Z","level":"info","event":"Formatting title: Nightmare On Elm Street The Final Chapter","logger":"root","filename":"ingestion_dag.py","lineno":93}
{"timestamp":"2025-12-21T17:54:41.405911Z","level":"info","event":"Formatting title: Nine","logger":"root","filename":"ingestion_dag.py","lineno":93}
{"timestamp":"2025-12-21T17:54:41.405938Z","level":"info","event":"Formatting title: Nine Days","logger":"root","filename":"ingestion_dag.py","lineno":93}
{"timestamp":"2025-12-21T17:54:41.405963Z","level":"info","event":"Formatting title: Nines The","logger":"root","filename":"ingestion_dag.py","lineno":93}
{"timestamp":"2025-12-21T17:54:41.405989Z","level":"info","event":"Formatting title: Ninja Assassin","logger":"root","filename":"ingestion_dag.py","lineno":93}
{"timestamp":"2025-12-21T17:54:41.463499Z","level":"info","event":"Formatting title: Ninotchka","logger":"root","filename":"ingestion_dag.py","lineno":93}
{"timestamp":"2025-12-21T17:54:41.463627Z","level":"info","event":"Formatting title: Ninth Gate The","logger":"root","filename":"ingestion_dag.py","lineno":93}
{"timestamp":"2025-12-21T17:54:41.463678Z","level":"info","event":"Formatting title: Nixon","logger":"root","filename":"ingestion_dag.py","lineno":93}
{"timestamp":"2025-12-21T17:54:41.463720Z","level":"info","event":"Formatting title: No Country For Old Men","logger":"root","filename":"ingestion_dag.py","lineno":93}
{"timestamp":"2025-12-21T17:54:41.463751Z","level":"info","event":"Formatting title: No Hard Feelings","logger":"root","filename":"ingestion_dag.py","lineno":93}
{"timestamp":"2025-12-21T17:54:41.463779Z","level":"info","event":"Formatting title: No One Will Save You","logger":"root","filename":"ingestion_dag.py","lineno":93}
{"timestamp":"2025-12-21T17:54:41.463811Z","level":"info","event":"Formatting title: No Strings Attached","logger":"root","filename":"ingestion_dag.py","lineno":93}
{"timestamp":"2025-12-21T17:54:41.463840Z","level":"info","event":"Formatting title: No Time To Die","logger":"root","filename":"ingestion_dag.py","lineno":93}
{"timestamp":"2025-12-21T17:54:41.463869Z","level":"info","event":"Formatting title: Nocturnal Animals","logger":"root","filename":"ingestion_dag.py","lineno":93}
{"timestamp":"2025-12-21T17:54:41.463929Z","level":"info","event":"Formatting title: Nomadland","logger":"root","filename":"ingestion_dag.py","lineno":93}
{"timestamp":"2025-12-21T17:54:41.463976Z","level":"info","event":"Formatting title: Nope","logger":"root","filename":"ingestion_dag.py","lineno":93}
{"timestamp":"2025-12-21T17:54:41.464106Z","level":"info","event":"Formatting title: Norma Rae","logger":"root","filename":"ingestion_dag.py","lineno":93}
{"timestamp":"2025-12-21T17:54:41.464153Z","level":"info","event":"Formatting title: North By Northwest","logger":"root","filename":"ingestion_dag.py","lineno":93}
{"timestamp":"2025-12-21T17:54:41.464186Z","level":"info","event":"Formatting title: Nosferatu","logger":"root","filename":"ingestion_dag.py","lineno":93}
{"timestamp":"2025-12-21T17:54:41.464220Z","level":"info","event":"Formatting title: Not Easily Broken","logger":"root","filename":"ingestion_dag.py","lineno":93}
{"timestamp":"2025-12-21T17:54:41.464281Z","level":"info","event":"Formatting title: Notorious","logger":"root","filename":"ingestion_dag.py","lineno":93}
{"timestamp":"2025-12-21T17:54:41.464312Z","level":"info","event":"Formatting title: Notting Hill","logger":"root","filename":"ingestion_dag.py","lineno":93}
{"timestamp":"2025-12-21T17:54:41.464342Z","level":"info","event":"Formatting title: Now You See Me","logger":"root","filename":"ingestion_dag.py","lineno":93}
{"timestamp":"2025-12-21T17:54:41.464371Z","level":"info","event":"Formatting title: Nowhere Boy","logger":"root","filename":"ingestion_dag.py","lineno":93}
{"timestamp":"2025-12-21T17:54:41.464399Z","level":"info","event":"Formatting title: Nurse Betty","logger":"root","filename":"ingestion_dag.py","lineno":93}
{"timestamp":"2025-12-21T17:54:41.464427Z","level":"info","event":"Formatting title: O Brother Where Art Thou","logger":"root","filename":"ingestion_dag.py","lineno":93}
{"timestamp":"2025-12-21T17:54:41.464453Z","level":"info","event":"Formatting title: Oblivion","logger":"root","filename":"ingestion_dag.py","lineno":93}
{"timestamp":"2025-12-21T17:54:41.464480Z","level":"info","event":"Formatting title: Observe And Report","logger":"root","filename":"ingestion_dag.py","lineno":93}
{"timestamp":"2025-12-21T17:54:41.464506Z","level":"info","event":"Formatting title: Obsessed","logger":"root","filename":"ingestion_dag.py","lineno":93}
{"timestamp":"2025-12-21T17:54:41.464533Z","level":"info","event":"Formatting title: Oceans 8","logger":"root","filename":"ingestion_dag.py","lineno":93}
{"timestamp":"2025-12-21T17:54:41.464560Z","level":"info","event":"Formatting title: Oceans Eleven","logger":"root","filename":"ingestion_dag.py","lineno":93}
{"timestamp":"2025-12-21T17:54:41.464591Z","level":"info","event":"Formatting title: Oceans Twelve","logger":"root","filename":"ingestion_dag.py","lineno":93}
{"timestamp":"2025-12-21T17:54:41.464618Z","level":"info","event":"Formatting title: Octopussy","logger":"root","filename":"ingestion_dag.py","lineno":93}
{"timestamp":"2025-12-21T17:54:41.464644Z","level":"info","event":"Formatting title: Oculus","logger":"root","filename":"ingestion_dag.py","lineno":93}
{"timestamp":"2025-12-21T17:54:41.464669Z","level":"info","event":"Formatting title: Office Space","logger":"root","filename":"ingestion_dag.py","lineno":93}
{"timestamp":"2025-12-21T17:54:41.464694Z","level":"info","event":"Formatting title: Officer And A Gentleman An","logger":"root","filename":"ingestion_dag.py","lineno":93}
{"timestamp":"2025-12-21T17:54:41.464721Z","level":"info","event":"Formatting title: Okja","logger":"root","filename":"ingestion_dag.py","lineno":93}
{"timestamp":"2025-12-21T17:54:41.464748Z","level":"info","event":"Formatting title: Olympus Has Fallen","logger":"root","filename":"ingestion_dag.py","lineno":93}
{"timestamp":"2025-12-21T17:54:41.464773Z","level":"info","event":"Formatting title: Omega Man","logger":"root","filename":"ingestion_dag.py","lineno":93}
{"timestamp":"2025-12-21T17:54:41.464799Z","level":"info","event":"Formatting title: On The Basis Of Sex","logger":"root","filename":"ingestion_dag.py","lineno":93}
{"timestamp":"2025-12-21T17:54:41.464826Z","level":"info","event":"Formatting title: Once Upon A Time In America","logger":"root","filename":"ingestion_dag.py","lineno":93}
{"timestamp":"2025-12-21T17:54:41.464851Z","level":"info","event":"Formatting title: Once Upon A Time In Mexico","logger":"root","filename":"ingestion_dag.py","lineno":93}
{"timestamp":"2025-12-21T17:54:41.464877Z","level":"info","event":"Formatting title: One Eight Seven","logger":"root","filename":"ingestion_dag.py","lineno":93}
{"timestamp":"2025-12-21T17:54:41.464902Z","level":"info","event":"Formatting title: One Flew Over The Cuckoos Nest","logger":"root","filename":"ingestion_dag.py","lineno":93}
{"timestamp":"2025-12-21T17:54:41.464927Z","level":"info","event":"Formatting title: One Night In Miami","logger":"root","filename":"ingestion_dag.py","lineno":93}
{"timestamp":"2025-12-21T17:54:41.464952Z","level":"info","event":"Formatting title: Only God Forgives","logger":"root","filename":"ingestion_dag.py","lineno":93}
{"timestamp":"2025-12-21T17:54:41.464977Z","level":"info","event":"Formatting title: Only Lovers Left Alive","logger":"root","filename":"ingestion_dag.py","lineno":93}
{"timestamp":"2025-12-21T17:54:41.465003Z","level":"info","event":"Formatting title: Only The Brave","logger":"root","filename":"ingestion_dag.py","lineno":93}
{"timestamp":"2025-12-21T17:54:41.465028Z","level":"info","event":"Formatting title: Onward","logger":"root","filename":"ingestion_dag.py","lineno":93}
{"timestamp":"2025-12-21T17:54:41.465054Z","level":"info","event":"Formatting title: Oppenheimer","logger":"root","filename":"ingestion_dag.py","lineno":93}
{"timestamp":"2025-12-21T17:54:41.465086Z","level":"info","event":"Formatting title: Ordinary People","logger":"root","filename":"ingestion_dag.py","lineno":93}
{"timestamp":"2025-12-21T17:54:41.465113Z","level":"info","event":"Formatting title: Orgy Of The Dead","logger":"root","filename":"ingestion_dag.py","lineno":93}
{"timestamp":"2025-12-21T17:54:41.465168Z","level":"info","event":"Formatting title: Origin","logger":"root","filename":"ingestion_dag.py","lineno":93}
{"timestamp":"2025-12-21T17:54:41.465200Z","level":"info","event":"Formatting title: Orphan","logger":"root","filename":"ingestion_dag.py","lineno":93}
{"timestamp":"2025-12-21T17:54:41.465229Z","level":"info","event":"Formatting title: Other Boleyn Girl The","logger":"root","filename":"ingestion_dag.py","lineno":93}
{"timestamp":"2025-12-21T17:54:41.465259Z","level":"info","event":"Formatting title: Ouija","logger":"root","filename":"ingestion_dag.py","lineno":93}
{"timestamp":"2025-12-21T17:54:41.465292Z","level":"info","event":"Formatting title: Out Of Africa","logger":"root","filename":"ingestion_dag.py","lineno":93}
{"timestamp":"2025-12-21T17:54:41.465324Z","level":"info","event":"Formatting title: Out Of Sight","logger":"root","filename":"ingestion_dag.py","lineno":93}
{"timestamp":"2025-12-21T17:54:41.465352Z","level":"info","event":"Formatting title: Outbreak","logger":"root","filename":"ingestion_dag.py","lineno":93}
{"timestamp":"2025-12-21T17:54:41.465379Z","level":"info","event":"Formatting title: Outlaw King","logger":"root","filename":"ingestion_dag.py","lineno":93}
{"timestamp":"2025-12-21T17:54:41.465406Z","level":"info","event":"Formatting title: Over The Moon","logger":"root","filename":"ingestion_dag.py","lineno":93}
{"timestamp":"2025-12-21T17:54:41.465441Z","level":"info","event":"Formatting title: Overboard","logger":"root","filename":"ingestion_dag.py","lineno":93}
{"timestamp":"2025-12-21T17:54:41.465474Z","level":"info","event":"Formatting title: Overboard","logger":"root","filename":"ingestion_dag.py","lineno":93}
{"timestamp":"2025-12-21T17:54:41.465505Z","level":"info","event":"Formatting title: Overlord","logger":"root","filename":"ingestion_dag.py","lineno":93}
{"timestamp":"2025-12-21T17:54:41.465536Z","level":"info","event":"Formatting title: Pacific Rim","logger":"root","filename":"ingestion_dag.py","lineno":93}
{"timestamp":"2025-12-21T17:54:41.465563Z","level":"info","event":"Formatting title: Pacifier The","logger":"root","filename":"ingestion_dag.py","lineno":93}
{"timestamp":"2025-12-21T17:54:41.465589Z","level":"info","event":"Formatting title: Paddington 2","logger":"root","filename":"ingestion_dag.py","lineno":93}
{"timestamp":"2025-12-21T17:54:41.465615Z","level":"info","event":"Formatting title: Pain And Glory","logger":"root","filename":"ingestion_dag.py","lineno":93}
{"timestamp":"2025-12-21T17:54:41.465641Z","level":"info","event":"Formatting title: Palm Springs","logger":"root","filename":"ingestion_dag.py","lineno":93}
{"timestamp":"2025-12-21T17:54:41.465667Z","level":"info","event":"Formatting title: Pandorum","logger":"root","filename":"ingestion_dag.py","lineno":93}
{"timestamp":"2025-12-21T17:54:41.465693Z","level":"info","event":"Formatting title: Panic Room","logger":"root","filename":"ingestion_dag.py","lineno":93}
{"timestamp":"2025-12-21T17:54:41.465720Z","level":"info","event":"Formatting title: Pans Labyrinth","logger":"root","filename":"ingestion_dag.py","lineno":93}
{"timestamp":"2025-12-21T17:54:41.465745Z","level":"info","event":"Formatting title: Papadopoulos & Sons","logger":"root","filename":"ingestion_dag.py","lineno":93}
{"timestamp":"2025-12-21T17:54:41.465770Z","level":"info","event":"Formatting title: Paper Moon","logger":"root","filename":"ingestion_dag.py","lineno":93}
{"timestamp":"2025-12-21T17:54:41.465798Z","level":"info","event":"Formatting title: Papillon","logger":"root","filename":"ingestion_dag.py","lineno":93}
{"timestamp":"2025-12-21T17:54:41.465827Z","level":"info","event":"Formatting title: Paradise","logger":"root","filename":"ingestion_dag.py","lineno":93}
{"timestamp":"2025-12-21T17:54:41.465857Z","level":"info","event":"Formatting title: Parallel Mothers","logger":"root","filename":"ingestion_dag.py","lineno":93}
{"timestamp":"2025-12-21T17:54:41.465889Z","level":"info","event":"Formatting title: Paranorman","logger":"root","filename":"ingestion_dag.py","lineno":93}
{"timestamp":"2025-12-21T17:54:41.465915Z","level":"info","event":"Formatting title: Parasite","logger":"root","filename":"ingestion_dag.py","lineno":93}
{"timestamp":"2025-12-21T17:54:41.465940Z","level":"info","event":"Formatting title: Pariah","logger":"root","filename":"ingestion_dag.py","lineno":93}
{"timestamp":"2025-12-21T17:54:41.465966Z","level":"info","event":"Formatting title: Passengers","logger":"root","filename":"ingestion_dag.py","lineno":93}
{"timestamp":"2025-12-21T17:54:41.465992Z","level":"info","event":"Formatting title: Passing","logger":"root","filename":"ingestion_dag.py","lineno":93}
{"timestamp":"2025-12-21T17:54:41.466016Z","level":"info","event":"Formatting title: Passion Of Joan Of Arc The","logger":"root","filename":"ingestion_dag.py","lineno":93}
{"timestamp":"2025-12-21T17:54:41.466040Z","level":"info","event":"Formatting title: Past Lives","logger":"root","filename":"ingestion_dag.py","lineno":93}
{"timestamp":"2025-12-21T17:54:41.466065Z","level":"info","event":"Formatting title: Patriot The","logger":"root","filename":"ingestion_dag.py","lineno":93}
{"timestamp":"2025-12-21T17:54:41.466090Z","level":"info","event":"Formatting title: Paul","logger":"root","filename":"ingestion_dag.py","lineno":93}
{"timestamp":"2025-12-21T17:54:41.466116Z","level":"info","event":"Formatting title: Pawn Sacrifice","logger":"root","filename":"ingestion_dag.py","lineno":93}
{"timestamp":"2025-12-21T17:54:41.466141Z","level":"info","event":"Formatting title: Pearl Harbor","logger":"root","filename":"ingestion_dag.py","lineno":93}
{"timestamp":"2025-12-21T17:54:41.466166Z","level":"info","event":"Formatting title: Peeping Tom","logger":"root","filename":"ingestion_dag.py","lineno":93}
{"timestamp":"2025-12-21T17:54:41.466199Z","level":"info","event":"Formatting title: Peggy Sue Got Married","logger":"root","filename":"ingestion_dag.py","lineno":93}
{"timestamp":"2025-12-21T17:54:41.466228Z","level":"info","event":"Formatting title: Perfect Creature","logger":"root","filename":"ingestion_dag.py","lineno":93}
{"timestamp":"2025-12-21T17:54:41.466254Z","level":"info","event":"Formatting title: Perfect World A","logger":"root","filename":"ingestion_dag.py","lineno":93}
{"timestamp":"2025-12-21T17:54:41.466281Z","level":"info","event":"Formatting title: Perks Of Being A Wallflower The","logger":"root","filename":"ingestion_dag.py","lineno":93}
{"timestamp":"2025-12-21T17:54:41.466306Z","level":"info","event":"Formatting title: Persian Version The","logger":"root","filename":"ingestion_dag.py","lineno":93}
{"timestamp":"2025-12-21T17:54:41.466330Z","level":"info","event":"Formatting title: Personal Best","logger":"root","filename":"ingestion_dag.py","lineno":93}
{"timestamp":"2025-12-21T17:54:41.466355Z","level":"info","event":"Formatting title: Pet Sematary","logger":"root","filename":"ingestion_dag.py","lineno":93}
{"timestamp":"2025-12-21T17:54:41.466379Z","level":"info","event":"Formatting title: Pet Sematary 2","logger":"root","filename":"ingestion_dag.py","lineno":93}
{"timestamp":"2025-12-21T17:54:41.466404Z","level":"info","event":"Formatting title: Petulia","logger":"root","filename":"ingestion_dag.py","lineno":93}
{"timestamp":"2025-12-21T17:54:41.466428Z","level":"info","event":"Formatting title: Phantom Of The Opera","logger":"root","filename":"ingestion_dag.py","lineno":93}
{"timestamp":"2025-12-21T17:54:41.466454Z","level":"info","event":"Formatting title: Phantom Thread","logger":"root","filename":"ingestion_dag.py","lineno":93}
{"timestamp":"2025-12-21T17:54:41.466479Z","level":"info","event":"Formatting title: Philadelphia","logger":"root","filename":"ingestion_dag.py","lineno":93}
{"timestamp":"2025-12-21T17:54:41.466503Z","level":"info","event":"Formatting title: Phone Booth","logger":"root","filename":"ingestion_dag.py","lineno":93}
{"timestamp":"2025-12-21T17:54:41.466529Z","level":"info","event":"Formatting title: Pi","logger":"root","filename":"ingestion_dag.py","lineno":93}
{"timestamp":"2025-12-21T17:54:41.466554Z","level":"info","event":"Formatting title: Pianist The","logger":"root","filename":"ingestion_dag.py","lineno":93}
{"timestamp":"2025-12-21T17:54:41.466580Z","level":"info","event":"Formatting title: Piano The","logger":"root","filename":"ingestion_dag.py","lineno":93}
{"timestamp":"2025-12-21T17:54:41.466604Z","level":"info","event":"Formatting title: Picnic At Hanging Rock","logger":"root","filename":"ingestion_dag.py","lineno":93}
{"timestamp":"2025-12-21T17:54:41.466635Z","level":"info","event":"Formatting title: Pineapple Express","logger":"root","filename":"ingestion_dag.py","lineno":93}
{"timestamp":"2025-12-21T17:54:41.466663Z","level":"info","event":"Formatting title: Pirates Of The Caribbean","logger":"root","filename":"ingestion_dag.py","lineno":93}
{"timestamp":"2025-12-21T17:54:41.466689Z","level":"info","event":"Formatting title: Pirates Of The Caribbean At Worlds End","logger":"root","filename":"ingestion_dag.py","lineno":93}
{"timestamp":"2025-12-21T17:54:41.466716Z","level":"info","event":"Formatting title: Pirates Of The Caribbean Dead Mans Chest","logger":"root","filename":"ingestion_dag.py","lineno":93}
{"timestamp":"2025-12-21T17:54:41.466744Z","level":"info","event":"Formatting title: Pirates Of The Caribbean Dead Men Tell No Tales","logger":"root","filename":"ingestion_dag.py","lineno":93}
{"timestamp":"2025-12-21T17:54:41.466773Z","level":"info","event":"Formatting title: Pirates Of The Caribbean On Stranger Tides","logger":"root","filename":"ingestion_dag.py","lineno":93}
{"timestamp":"2025-12-21T17:54:41.466799Z","level":"info","event":"Formatting title: Pirates Of The Caribbean The Curse Of The Black Pearl","logger":"root","filename":"ingestion_dag.py","lineno":93}
{"timestamp":"2025-12-21T17:54:41.466826Z","level":"info","event":"Formatting title: Pitch Black","logger":"root","filename":"ingestion_dag.py","lineno":93}
{"timestamp":"2025-12-21T17:54:41.466852Z","level":"info","event":"Formatting title: Pitch Perfect","logger":"root","filename":"ingestion_dag.py","lineno":93}
{"timestamp":"2025-12-21T17:54:41.466877Z","level":"info","event":"Formatting title: Pitch Perfect 2","logger":"root","filename":"ingestion_dag.py","lineno":93}
{"timestamp":"2025-12-21T17:54:41.466902Z","level":"info","event":"Formatting title: Pixels","logger":"root","filename":"ingestion_dag.py","lineno":93}
{"timestamp":"2025-12-21T17:54:41.466930Z","level":"info","event":"Formatting title: Planes Trains & Automobiles","logger":"root","filename":"ingestion_dag.py","lineno":93}
{"timestamp":"2025-12-21T17:54:41.466957Z","level":"info","event":"Formatting title: Planet Of The Apes","logger":"root","filename":"ingestion_dag.py","lineno":93}
{"timestamp":"2025-12-21T17:54:41.466982Z","level":"info","event":"Formatting title: Planet Of The Apes The","logger":"root","filename":"ingestion_dag.py","lineno":93}
{"timestamp":"2025-12-21T17:54:41.467007Z","level":"info","event":"Formatting title: Platinum Blonde","logger":"root","filename":"ingestion_dag.py","lineno":93}
{"timestamp":"2025-12-21T17:54:41.467032Z","level":"info","event":"Formatting title: Platoon","logger":"root","filename":"ingestion_dag.py","lineno":93}
{"timestamp":"2025-12-21T17:54:41.467057Z","level":"info","event":"Formatting title: Pleasantville","logger":"root","filename":"ingestion_dag.py","lineno":93}
{"timestamp":"2025-12-21T17:54:41.467082Z","level":"info","event":"Formatting title: Please Give","logger":"root","filename":"ingestion_dag.py","lineno":93}
{"timestamp":"2025-12-21T17:54:41.467107Z","level":"info","event":"Formatting title: Poetic Justice","logger":"root","filename":"ingestion_dag.py","lineno":93}
{"timestamp":"2025-12-21T17:54:41.467154Z","level":"info","event":"Formatting title: Point Break","logger":"root","filename":"ingestion_dag.py","lineno":93}
{"timestamp":"2025-12-21T17:54:41.467192Z","level":"info","event":"Formatting title: Pokemon Mewtwo Returns","logger":"root","filename":"ingestion_dag.py","lineno":93}
{"timestamp":"2025-12-21T17:54:41.467222Z","level":"info","event":"Formatting title: Police Academy","logger":"root","filename":"ingestion_dag.py","lineno":93}
{"timestamp":"2025-12-21T17:54:41.467250Z","level":"info","event":"Formatting title: Police Academy 2 Their First Assignment","logger":"root","filename":"ingestion_dag.py","lineno":93}
{"timestamp":"2025-12-21T17:54:41.467276Z","level":"info","event":"Formatting title: Police Academy 3 Back In Training","logger":"root","filename":"ingestion_dag.py","lineno":93}
{"timestamp":"2025-12-21T17:54:41.467302Z","level":"info","event":"Formatting title: Poltergeist","logger":"root","filename":"ingestion_dag.py","lineno":93}
{"timestamp":"2025-12-21T17:54:41.467329Z","level":"info","event":"Formatting title: Poor Things","logger":"root","filename":"ingestion_dag.py","lineno":93}
{"timestamp":"2025-12-21T17:54:41.467355Z","level":"info","event":"Formatting title: Popstar Never Stop Never Stopping","logger":"root","filename":"ingestion_dag.py","lineno":93}
{"timestamp":"2025-12-21T17:54:41.467381Z","level":"info","event":"Formatting title: Porkys","logger":"root","filename":"ingestion_dag.py","lineno":93}
{"timestamp":"2025-12-21T17:54:41.467406Z","level":"info","event":"Formatting title: Porkys Revenge","logger":"root","filename":"ingestion_dag.py","lineno":93}
{"timestamp":"2025-12-21T17:54:41.467431Z","level":"info","event":"Formatting title: Postcards From The Edge","logger":"root","filename":"ingestion_dag.py","lineno":93}
{"timestamp":"2025-12-21T17:54:41.467455Z","level":"info","event":"Formatting title: Postman The","logger":"root","filename":"ingestion_dag.py","lineno":93}
{"timestamp":"2025-12-21T17:54:41.467482Z","level":"info","event":"Formatting title: Power Of One The","logger":"root","filename":"ingestion_dag.py","lineno":93}
{"timestamp":"2025-12-21T17:54:41.467508Z","level":"info","event":"Formatting title: Precious","logger":"root","filename":"ingestion_dag.py","lineno":93}
{"timestamp":"2025-12-21T17:54:41.467534Z","level":"info","event":"Formatting title: Predator","logger":"root","filename":"ingestion_dag.py","lineno":93}
{"timestamp":"2025-12-21T17:54:41.467559Z","level":"info","event":"Formatting title: Predator 2","logger":"root","filename":"ingestion_dag.py","lineno":93}
{"timestamp":"2025-12-21T17:54:41.467585Z","level":"info","event":"Formatting title: Predators","logger":"root","filename":"ingestion_dag.py","lineno":93}
{"timestamp":"2025-12-21T17:54:41.467610Z","level":"info","event":"Formatting title: Prestige The","logger":"root","filename":"ingestion_dag.py","lineno":93}
{"timestamp":"2025-12-21T17:54:41.467635Z","level":"info","event":"Formatting title: Pretty Woman","logger":"root","filename":"ingestion_dag.py","lineno":93}
{"timestamp":"2025-12-21T17:54:41.467663Z","level":"info","event":"Formatting title: Pretty Woman (final Script)","logger":"root","filename":"ingestion_dag.py","lineno":93}
{"timestamp":"2025-12-21T17:54:41.467689Z","level":"info","event":"Formatting title: Prey","logger":"root","filename":"ingestion_dag.py","lineno":93}
{"timestamp":"2025-12-21T17:54:41.467715Z","level":"info","event":"Formatting title: Pride And Prejudice","logger":"root","filename":"ingestion_dag.py","lineno":93}
{"timestamp":"2025-12-21T17:54:41.467744Z","level":"info","event":"Formatting title: Priest","logger":"root","filename":"ingestion_dag.py","lineno":93}
{"timestamp":"2025-12-21T17:54:41.467769Z","level":"info","event":"Formatting title: Primary Colors","logger":"root","filename":"ingestion_dag.py","lineno":93}
{"timestamp":"2025-12-21T17:54:41.467794Z","level":"info","event":"Formatting title: Prince Of Darkness","logger":"root","filename":"ingestion_dag.py","lineno":93}
{"timestamp":"2025-12-21T17:54:41.467819Z","level":"info","event":"Formatting title: Princess Bride The","logger":"root","filename":"ingestion_dag.py","lineno":93}
{"timestamp":"2025-12-21T17:54:41.467845Z","level":"info","event":"Formatting title: Priscilla","logger":"root","filename":"ingestion_dag.py","lineno":93}
{"timestamp":"2025-12-21T17:54:41.467869Z","level":"info","event":"Formatting title: Prisoners","logger":"root","filename":"ingestion_dag.py","lineno":93}
{"timestamp":"2025-12-21T17:54:41.467898Z","level":"info","event":"Formatting title: Private Life","logger":"root","filename":"ingestion_dag.py","lineno":93}
{"timestamp":"2025-12-21T17:54:41.467924Z","level":"info","event":"Formatting title: Private Life Of Sherlock Holmes The","logger":"root","filename":"ingestion_dag.py","lineno":93}
{"timestamp":"2025-12-21T17:54:41.467949Z","level":"info","event":"Formatting title: Producer The","logger":"root","filename":"ingestion_dag.py","lineno":93}
{"timestamp":"2025-12-21T17:54:41.467974Z","level":"info","event":"Formatting title: Program The","logger":"root","filename":"ingestion_dag.py","lineno":93}
{"timestamp":"2025-12-21T17:54:41.468055Z","level":"info","event":"Formatting title: Prom Night","logger":"root","filename":"ingestion_dag.py","lineno":93}
{"timestamp":"2025-12-21T17:54:41.468096Z","level":"info","event":"Formatting title: Prometheus","logger":"root","filename":"ingestion_dag.py","lineno":93}
{"timestamp":"2025-12-21T17:54:41.468128Z","level":"info","event":"Formatting title: Promising Young Woman","logger":"root","filename":"ingestion_dag.py","lineno":93}
{"timestamp":"2025-12-21T17:54:41.468159Z","level":"info","event":"Formatting title: Proof Of Life","logger":"root","filename":"ingestion_dag.py","lineno":93}
{"timestamp":"2025-12-21T17:54:41.468190Z","level":"info","event":"Formatting title: Prophecy The","logger":"root","filename":"ingestion_dag.py","lineno":93}
{"timestamp":"2025-12-21T17:54:41.468217Z","level":"info","event":"Formatting title: Prophetess","logger":"root","filename":"ingestion_dag.py","lineno":93}
{"timestamp":"2025-12-21T17:54:41.468244Z","level":"info","event":"Formatting title: Proposal The","logger":"root","filename":"ingestion_dag.py","lineno":93}
{"timestamp":"2025-12-21T17:54:41.468271Z","level":"info","event":"Formatting title: Psycho","logger":"root","filename":"ingestion_dag.py","lineno":93}
{"timestamp":"2025-12-21T17:54:41.468301Z","level":"info","event":"Formatting title: Public Enemies","logger":"root","filename":"ingestion_dag.py","lineno":93}
{"timestamp":"2025-12-21T17:54:41.468327Z","level":"info","event":"Formatting title: Pulp Fiction","logger":"root","filename":"ingestion_dag.py","lineno":93}
{"timestamp":"2025-12-21T17:54:41.468353Z","level":"info","event":"Formatting title: Punch Drunk Love","logger":"root","filename":"ingestion_dag.py","lineno":93}
{"timestamp":"2025-12-21T17:54:41.468379Z","level":"info","event":"Formatting title: Purple Rain","logger":"root","filename":"ingestion_dag.py","lineno":93}
{"timestamp":"2025-12-21T17:54:41.468405Z","level":"info","event":"Formatting title: Puss In Boots The Last Wish","logger":"root","filename":"ingestion_dag.py","lineno":93}
{"timestamp":"2025-12-21T17:54:41.468432Z","level":"info","event":"Formatting title: Puzzle","logger":"root","filename":"ingestion_dag.py","lineno":93}
{"timestamp":"2025-12-21T17:54:41.468457Z","level":"info","event":"Formatting title: Quantum Project","logger":"root","filename":"ingestion_dag.py","lineno":93}
{"timestamp":"2025-12-21T17:54:41.468484Z","level":"info","event":"Formatting title: Queen & Slim","logger":"root","filename":"ingestion_dag.py","lineno":93}
{"timestamp":"2025-12-21T17:54:41.468510Z","level":"info","event":"Formatting title: Queen Of The Damned","logger":"root","filename":"ingestion_dag.py","lineno":93}
{"timestamp":"2025-12-21T17:54:41.468535Z","level":"info","event":"Formatting title: Queen The","logger":"root","filename":"ingestion_dag.py","lineno":93}
{"timestamp":"2025-12-21T17:54:41.468561Z","level":"info","event":"Formatting title: Quiz Lady","logger":"root","filename":"ingestion_dag.py","lineno":93}
{"timestamp":"2025-12-21T17:54:41.468586Z","level":"info","event":"Formatting title: Quiz Show","logger":"root","filename":"ingestion_dag.py","lineno":93}
{"timestamp":"2025-12-21T17:54:41.468609Z","level":"info","event":"Formatting title: Rachel Getting Married","logger":"root","filename":"ingestion_dag.py","lineno":93}
{"timestamp":"2025-12-21T17:54:41.468634Z","level":"info","event":"Formatting title: Raging Bull","logger":"root","filename":"ingestion_dag.py","lineno":93}
{"timestamp":"2025-12-21T17:54:41.468680Z","level":"info","event":"Formatting title: Raiders Of The Lost Ark","logger":"root","filename":"ingestion_dag.py","lineno":93}
{"timestamp":"2025-12-21T17:54:41.468718Z","level":"info","event":"Formatting title: Raising Arizona","logger":"root","filename":"ingestion_dag.py","lineno":93}
{"timestamp":"2025-12-21T17:54:41.468746Z","level":"info","event":"Formatting title: Rambling Rose","logger":"root","filename":"ingestion_dag.py","lineno":93}
{"timestamp":"2025-12-21T17:54:41.468773Z","level":"info","event":"Formatting title: Rambo 3","logger":"root","filename":"ingestion_dag.py","lineno":93}
{"timestamp":"2025-12-21T17:54:41.468801Z","level":"info","event":"Formatting title: Rambo First Blood 2 The Mission","logger":"root","filename":"ingestion_dag.py","lineno":93}
{"timestamp":"2025-12-21T17:54:41.468828Z","level":"info","event":"Formatting title: Rambo First Blood Part 2","logger":"root","filename":"ingestion_dag.py","lineno":93}
{"timestamp":"2025-12-21T17:54:41.468858Z","level":"info","event":"Formatting title: Rango","logger":"root","filename":"ingestion_dag.py","lineno":93}
{"timestamp":"2025-12-21T17:54:41.468900Z","level":"info","event":"Formatting title: Ratatouille","logger":"root","filename":"ingestion_dag.py","lineno":93}
{"timestamp":"2025-12-21T17:54:41.468935Z","level":"info","event":"Formatting title: Raya And The Last Dragon","logger":"root","filename":"ingestion_dag.py","lineno":93}
{"timestamp":"2025-12-21T17:54:41.468964Z","level":"info","event":"Formatting title: Reader The","logger":"root","filename":"ingestion_dag.py","lineno":93}
{"timestamp":"2025-12-21T17:54:41.468992Z","level":"info","event":"Formatting title: Ready Player One","logger":"root","filename":"ingestion_dag.py","lineno":93}
{"timestamp":"2025-12-21T17:54:41.469020Z","level":"info","event":"Formatting title: Real Genius","logger":"root","filename":"ingestion_dag.py","lineno":93}
{"timestamp":"2025-12-21T17:54:41.469052Z","level":"info","event":"Formatting title: Reality Bites","logger":"root","filename":"ingestion_dag.py","lineno":93}
{"timestamp":"2025-12-21T17:54:41.469079Z","level":"info","event":"Formatting title: Rear Window","logger":"root","filename":"ingestion_dag.py","lineno":93}
{"timestamp":"2025-12-21T17:54:41.469105Z","level":"info","event":"Formatting title: Rebel Without A Cause","logger":"root","filename":"ingestion_dag.py","lineno":93}
{"timestamp":"2025-12-21T17:54:41.469130Z","level":"info","event":"Formatting title: Red Dawn","logger":"root","filename":"ingestion_dag.py","lineno":93}
{"timestamp":"2025-12-21T17:54:41.469156Z","level":"info","event":"Formatting title: Red Dragon","logger":"root","filename":"ingestion_dag.py","lineno":93}
{"timestamp":"2025-12-21T17:54:41.469181Z","level":"info","event":"Formatting title: Red Eye","logger":"root","filename":"ingestion_dag.py","lineno":93}
{"timestamp":"2025-12-21T17:54:41.469212Z","level":"info","event":"Formatting title: Red Heat","logger":"root","filename":"ingestion_dag.py","lineno":93}
{"timestamp":"2025-12-21T17:54:41.469242Z","level":"info","event":"Formatting title: Red One","logger":"root","filename":"ingestion_dag.py","lineno":93}
{"timestamp":"2025-12-21T17:54:41.469269Z","level":"info","event":"Formatting title: Red Planet","logger":"root","filename":"ingestion_dag.py","lineno":93}
{"timestamp":"2025-12-21T17:54:41.469294Z","level":"info","event":"Formatting title: Red Riding Hood","logger":"root","filename":"ingestion_dag.py","lineno":93}
{"timestamp":"2025-12-21T17:54:41.469321Z","level":"info","event":"Formatting title: Red Rocket","logger":"root","filename":"ingestion_dag.py","lineno":93}
{"timestamp":"2025-12-21T17:54:41.469347Z","level":"info","event":"Formatting title: Red Sparrow","logger":"root","filename":"ingestion_dag.py","lineno":93}
{"timestamp":"2025-12-21T17:54:41.469373Z","level":"info","event":"Formatting title: Reds","logger":"root","filename":"ingestion_dag.py","lineno":93}
{"timestamp":"2025-12-21T17:54:41.469400Z","level":"info","event":"Formatting title: Reign Of Fire","logger":"root","filename":"ingestion_dag.py","lineno":93}
{"timestamp":"2025-12-21T17:54:41.469425Z","level":"info","event":"Formatting title: Reindeer Games","logger":"root","filename":"ingestion_dag.py","lineno":93}
{"timestamp":"2025-12-21T17:54:41.469450Z","level":"info","event":"Formatting title: Relic The","logger":"root","filename":"ingestion_dag.py","lineno":93}
{"timestamp":"2025-12-21T17:54:41.469475Z","level":"info","event":"Formatting title: Remember Me","logger":"root","filename":"ingestion_dag.py","lineno":93}
{"timestamp":"2025-12-21T17:54:41.469500Z","level":"info","event":"Formatting title: Rent","logger":"root","filename":"ingestion_dag.py","lineno":93}
{"timestamp":"2025-12-21T17:54:41.469525Z","level":"info","event":"Formatting title: Replacements The","logger":"root","filename":"ingestion_dag.py","lineno":93}
{"timestamp":"2025-12-21T17:54:41.469551Z","level":"info","event":"Formatting title: Repo Man","logger":"root","filename":"ingestion_dag.py","lineno":93}
{"timestamp":"2025-12-21T17:54:41.469578Z","level":"info","event":"Formatting title: Requiem For A Dream","logger":"root","filename":"ingestion_dag.py","lineno":93}
{"timestamp":"2025-12-21T17:54:41.469603Z","level":"info","event":"Formatting title: Rescuers Down Under The","logger":"root","filename":"ingestion_dag.py","lineno":93}
{"timestamp":"2025-12-21T17:54:41.469627Z","level":"info","event":"Formatting title: Reservoir Dogs","logger":"root","filename":"ingestion_dag.py","lineno":93}
{"timestamp":"2025-12-21T17:54:41.469650Z","level":"info","event":"Formatting title: Resident Evil","logger":"root","filename":"ingestion_dag.py","lineno":93}
{"timestamp":"2025-12-21T17:54:41.469674Z","level":"info","event":"Formatting title: Respect","logger":"root","filename":"ingestion_dag.py","lineno":93}
{"timestamp":"2025-12-21T17:54:41.469698Z","level":"info","event":"Formatting title: Return Of The Apes","logger":"root","filename":"ingestion_dag.py","lineno":93}
{"timestamp":"2025-12-21T17:54:41.469723Z","level":"info","event":"Formatting title: Return Of The Living Dead","logger":"root","filename":"ingestion_dag.py","lineno":93}
{"timestamp":"2025-12-21T17:54:41.469747Z","level":"info","event":"Formatting title: Revenant The","logger":"root","filename":"ingestion_dag.py","lineno":93}
{"timestamp":"2025-12-21T17:54:41.469771Z","level":"info","event":"Formatting title: Revenge Of The Nerds","logger":"root","filename":"ingestion_dag.py","lineno":93}
{"timestamp":"2025-12-21T17:54:41.469795Z","level":"info","event":"Formatting title: Revolutionary Road","logger":"root","filename":"ingestion_dag.py","lineno":93}
{"timestamp":"2025-12-21T17:54:41.469821Z","level":"info","event":"Formatting title: Richard Jewell","logger":"root","filename":"ingestion_dag.py","lineno":93}
{"timestamp":"2025-12-21T17:54:41.469848Z","level":"info","event":"Formatting title: Ricky Stanicky","logger":"root","filename":"ingestion_dag.py","lineno":93}
{"timestamp":"2025-12-21T17:54:41.469873Z","level":"info","event":"Formatting title: Ringu","logger":"root","filename":"ingestion_dag.py","lineno":93}
{"timestamp":"2025-12-21T17:54:41.469898Z","level":"info","event":"Formatting title: Rise Of The Guardians","logger":"root","filename":"ingestion_dag.py","lineno":93}
{"timestamp":"2025-12-21T17:54:41.469923Z","level":"info","event":"Formatting title: Rise Of The Planet Of The Apes","logger":"root","filename":"ingestion_dag.py","lineno":93}
{"timestamp":"2025-12-21T17:54:41.469949Z","level":"info","event":"Formatting title: Rko 281","logger":"root","filename":"ingestion_dag.py","lineno":93}
{"timestamp":"2025-12-21T17:54:41.469975Z","level":"info","event":"Formatting title: Road House","logger":"root","filename":"ingestion_dag.py","lineno":93}
{"timestamp":"2025-12-21T17:54:41.470077Z","level":"info","event":"Formatting title: Road The","logger":"root","filename":"ingestion_dag.py","lineno":93}
{"timestamp":"2025-12-21T17:54:41.470299Z","level":"info","event":"Formatting title: Road To Perdition","logger":"root","filename":"ingestion_dag.py","lineno":93}
{"timestamp":"2025-12-21T17:54:41.470459Z","level":"info","event":"Formatting title: Robin Hood Prince Of Thieves","logger":"root","filename":"ingestion_dag.py","lineno":93}
{"timestamp":"2025-12-21T17:54:41.470590Z","level":"info","event":"Formatting title: Robocop","logger":"root","filename":"ingestion_dag.py","lineno":93}
{"timestamp":"2025-12-21T17:54:41.470631Z","level":"info","event":"Formatting title: Rock The","logger":"root","filename":"ingestion_dag.py","lineno":93}
{"timestamp":"2025-12-21T17:54:41.470662Z","level":"info","event":"Formatting title: Rocketman","logger":"root","filename":"ingestion_dag.py","lineno":93}
{"timestamp":"2025-12-21T17:54:41.470699Z","level":"info","event":"Formatting title: Rocknrolla","logger":"root","filename":"ingestion_dag.py","lineno":93}
{"timestamp":"2025-12-21T17:54:41.529877Z","level":"info","event":"Formatting title: Rocky","logger":"root","filename":"ingestion_dag.py","lineno":93}
{"timestamp":"2025-12-21T17:54:41.529984Z","level":"info","event":"Formatting title: Rocky 2","logger":"root","filename":"ingestion_dag.py","lineno":93}
{"timestamp":"2025-12-21T17:54:41.530024Z","level":"info","event":"Formatting title: Rocky 3","logger":"root","filename":"ingestion_dag.py","lineno":93}
{"timestamp":"2025-12-21T17:54:41.530057Z","level":"info","event":"Formatting title: Rocky 4","logger":"root","filename":"ingestion_dag.py","lineno":93}
{"timestamp":"2025-12-21T17:54:41.530090Z","level":"info","event":"Formatting title: Rocky Balboa","logger":"root","filename":"ingestion_dag.py","lineno":93}
{"timestamp":"2025-12-21T17:54:41.530122Z","level":"info","event":"Formatting title: Rocky Horror Picture Show The","logger":"root","filename":"ingestion_dag.py","lineno":93}
{"timestamp":"2025-12-21T17:54:41.530154Z","level":"info","event":"Formatting title: Rocky V","logger":"root","filename":"ingestion_dag.py","lineno":93}
{"timestamp":"2025-12-21T17:54:41.530185Z","level":"info","event":"Formatting title: Roma","logger":"root","filename":"ingestion_dag.py","lineno":93}
{"timestamp":"2025-12-21T17:54:41.530216Z","level":"info","event":"Formatting title: Roman J Israel Esq","logger":"root","filename":"ingestion_dag.py","lineno":93}
{"timestamp":"2025-12-21T17:54:41.530246Z","level":"info","event":"Formatting title: Romancing The Stone","logger":"root","filename":"ingestion_dag.py","lineno":93}
{"timestamp":"2025-12-21T17:54:41.530277Z","level":"info","event":"Formatting title: Romeo & Juliet","logger":"root","filename":"ingestion_dag.py","lineno":93}
{"timestamp":"2025-12-21T17:54:41.530306Z","level":"info","event":"Formatting title: Romeo Must Die","logger":"root","filename":"ingestion_dag.py","lineno":93}
{"timestamp":"2025-12-21T17:54:41.530336Z","level":"info","event":"Formatting title: Ronin","logger":"root","filename":"ingestion_dag.py","lineno":93}
{"timestamp":"2025-12-21T17:54:41.530364Z","level":"info","event":"Formatting title: Room","logger":"root","filename":"ingestion_dag.py","lineno":93}
{"timestamp":"2025-12-21T17:54:41.530417Z","level":"info","event":"Formatting title: Roommate The","logger":"root","filename":"ingestion_dag.py","lineno":93}
{"timestamp":"2025-12-21T17:54:41.530457Z","level":"info","event":"Formatting title: Rosemarys Baby","logger":"root","filename":"ingestion_dag.py","lineno":93}
{"timestamp":"2025-12-21T17:54:41.530496Z","level":"info","event":"Formatting title: Rosetta","logger":"root","filename":"ingestion_dag.py","lineno":93}
{"timestamp":"2025-12-21T17:54:41.530529Z","level":"info","event":"Formatting title: Roughshod","logger":"root","filename":"ingestion_dag.py","lineno":93}
{"timestamp":"2025-12-21T17:54:41.530560Z","level":"info","event":"Formatting title: Rounders","logger":"root","filename":"ingestion_dag.py","lineno":93}
{"timestamp":"2025-12-21T17:54:41.530592Z","level":"info","event":"Formatting title: Ruby Sparks","logger":"root","filename":"ingestion_dag.py","lineno":93}
{"timestamp":"2025-12-21T17:54:41.530623Z","level":"info","event":"Formatting title: Ruins The","logger":"root","filename":"ingestion_dag.py","lineno":93}
{"timestamp":"2025-12-21T17:54:41.530653Z","level":"info","event":"Formatting title: Run","logger":"root","filename":"ingestion_dag.py","lineno":93}
{"timestamp":"2025-12-21T17:54:41.530684Z","level":"info","event":"Formatting title: Runaway Bride","logger":"root","filename":"ingestion_dag.py","lineno":93}
{"timestamp":"2025-12-21T17:54:41.530719Z","level":"info","event":"Formatting title: Running Scared","logger":"root","filename":"ingestion_dag.py","lineno":93}
{"timestamp":"2025-12-21T17:54:41.530749Z","level":"info","event":"Formatting title: Rush","logger":"root","filename":"ingestion_dag.py","lineno":93}
{"timestamp":"2025-12-21T17:54:41.530777Z","level":"info","event":"Formatting title: Rush Hour","logger":"root","filename":"ingestion_dag.py","lineno":93}
{"timestamp":"2025-12-21T17:54:41.530807Z","level":"info","event":"Formatting title: Rush Hour 2","logger":"root","filename":"ingestion_dag.py","lineno":93}
{"timestamp":"2025-12-21T17:54:41.530836Z","level":"info","event":"Formatting title: Rushmore","logger":"root","filename":"ingestion_dag.py","lineno":93}
{"timestamp":"2025-12-21T17:54:41.530866Z","level":"info","event":"Formatting title: Rust And Bone","logger":"root","filename":"ingestion_dag.py","lineno":93}
{"timestamp":"2025-12-21T17:54:41.530895Z","level":"info","event":"Formatting title: Rustin","logger":"root","filename":"ingestion_dag.py","lineno":93}
{"timestamp":"2025-12-21T17:54:41.530924Z","level":"info","event":"Formatting title: S Darko","logger":"root","filename":"ingestion_dag.py","lineno":93}
{"timestamp":"2025-12-21T17:54:41.530953Z","level":"info","event":"Formatting title: Safety Not Guaranteed","logger":"root","filename":"ingestion_dag.py","lineno":93}
{"timestamp":"2025-12-21T17:54:41.530981Z","level":"info","event":"Formatting title: Saint Frances","logger":"root","filename":"ingestion_dag.py","lineno":93}
{"timestamp":"2025-12-21T17:54:41.531010Z","level":"info","event":"Formatting title: Saint The","logger":"root","filename":"ingestion_dag.py","lineno":93}
{"timestamp":"2025-12-21T17:54:41.531039Z","level":"info","event":"Formatting title: Saltburn","logger":"root","filename":"ingestion_dag.py","lineno":93}
{"timestamp":"2025-12-21T17:54:41.531067Z","level":"info","event":"Formatting title: Salton Sea The","logger":"root","filename":"ingestion_dag.py","lineno":93}
{"timestamp":"2025-12-21T17:54:41.531096Z","level":"info","event":"Formatting title: Sandlot Kids The","logger":"root","filename":"ingestion_dag.py","lineno":93}
{"timestamp":"2025-12-21T17:54:41.531127Z","level":"info","event":"Formatting title: Saturday Night","logger":"root","filename":"ingestion_dag.py","lineno":93}
{"timestamp":"2025-12-21T17:54:41.531157Z","level":"info","event":"Formatting title: Sausage Party","logger":"root","filename":"ingestion_dag.py","lineno":93}
{"timestamp":"2025-12-21T17:54:41.531185Z","level":"info","event":"Formatting title: Save The Last Dance","logger":"root","filename":"ingestion_dag.py","lineno":93}
{"timestamp":"2025-12-21T17:54:41.531217Z","level":"info","event":"Formatting title: Saving Mr Banks","logger":"root","filename":"ingestion_dag.py","lineno":93}
{"timestamp":"2025-12-21T17:54:41.531247Z","level":"info","event":"Formatting title: Saving Private Ryan","logger":"root","filename":"ingestion_dag.py","lineno":93}
{"timestamp":"2025-12-21T17:54:41.531277Z","level":"info","event":"Formatting title: Saw","logger":"root","filename":"ingestion_dag.py","lineno":93}
{"timestamp":"2025-12-21T17:54:41.531307Z","level":"info","event":"Formatting title: Saw 4","logger":"root","filename":"ingestion_dag.py","lineno":93}
{"timestamp":"2025-12-21T17:54:41.531342Z","level":"info","event":"Formatting title: Scanners","logger":"root","filename":"ingestion_dag.py","lineno":93}
{"timestamp":"2025-12-21T17:54:41.531374Z","level":"info","event":"Formatting title: Scarface","logger":"root","filename":"ingestion_dag.py","lineno":93}
{"timestamp":"2025-12-21T17:54:41.531405Z","level":"info","event":"Formatting title: Scary Movie","logger":"root","filename":"ingestion_dag.py","lineno":93}
{"timestamp":"2025-12-21T17:54:41.531437Z","level":"info","event":"Formatting title: Scary Movie 2","logger":"root","filename":"ingestion_dag.py","lineno":93}
{"timestamp":"2025-12-21T17:54:41.531481Z","level":"info","event":"Formatting title: Scary Stories To Tell In The Dark","logger":"root","filename":"ingestion_dag.py","lineno":93}
{"timestamp":"2025-12-21T17:54:41.531534Z","level":"info","event":"Formatting title: Schindlers List","logger":"root","filename":"ingestion_dag.py","lineno":93}
{"timestamp":"2025-12-21T17:54:41.531569Z","level":"info","event":"Formatting title: Scott Pilgrim Vs The World","logger":"root","filename":"ingestion_dag.py","lineno":93}
{"timestamp":"2025-12-21T17:54:41.531606Z","level":"info","event":"Formatting title: Scream","logger":"root","filename":"ingestion_dag.py","lineno":93}
{"timestamp":"2025-12-21T17:54:41.531642Z","level":"info","event":"Formatting title: Scream","logger":"root","filename":"ingestion_dag.py","lineno":93}
{"timestamp":"2025-12-21T17:54:41.531673Z","level":"info","event":"Formatting title: Scream 2","logger":"root","filename":"ingestion_dag.py","lineno":93}
{"timestamp":"2025-12-21T17:54:41.531705Z","level":"info","event":"Formatting title: Scream 3","logger":"root","filename":"ingestion_dag.py","lineno":93}
{"timestamp":"2025-12-21T17:54:41.531736Z","level":"info","event":"Formatting title: Scream 4","logger":"root","filename":"ingestion_dag.py","lineno":93}
{"timestamp":"2025-12-21T17:54:41.531777Z","level":"info","event":"Formatting title: Scream 6","logger":"root","filename":"ingestion_dag.py","lineno":93}
{"timestamp":"2025-12-21T17:54:41.531808Z","level":"info","event":"Formatting title: Scrooged","logger":"root","filename":"ingestion_dag.py","lineno":93}
{"timestamp":"2025-12-21T17:54:41.531837Z","level":"info","event":"Formatting title: Se7en","logger":"root","filename":"ingestion_dag.py","lineno":93}
{"timestamp":"2025-12-21T17:54:41.531867Z","level":"info","event":"Formatting title: Sea Of Love","logger":"root","filename":"ingestion_dag.py","lineno":93}
{"timestamp":"2025-12-21T17:54:41.531899Z","level":"info","event":"Formatting title: Searchers The","logger":"root","filename":"ingestion_dag.py","lineno":93}
{"timestamp":"2025-12-21T17:54:41.531929Z","level":"info","event":"Formatting title: Searching","logger":"root","filename":"ingestion_dag.py","lineno":93}
{"timestamp":"2025-12-21T17:54:41.531957Z","level":"info","event":"Formatting title: Secret Life Of Walter Mitty The","logger":"root","filename":"ingestion_dag.py","lineno":93}
{"timestamp":"2025-12-21T17:54:41.532011Z","level":"info","event":"Formatting title: Secret Window","logger":"root","filename":"ingestion_dag.py","lineno":93}
{"timestamp":"2025-12-21T17:54:41.532052Z","level":"info","event":"Formatting title: Selena","logger":"root","filename":"ingestion_dag.py","lineno":93}
{"timestamp":"2025-12-21T17:54:41.532084Z","level":"info","event":"Formatting title: Selma","logger":"root","filename":"ingestion_dag.py","lineno":93}
{"timestamp":"2025-12-21T17:54:41.532116Z","level":"info","event":"Formatting title: Semi Pro","logger":"root","filename":"ingestion_dag.py","lineno":93}
{"timestamp":"2025-12-21T17:54:41.532154Z","level":"info","event":"Formatting title: Sense And Sensibility","logger":"root","filename":"ingestion_dag.py","lineno":93}
{"timestamp":"2025-12-21T17:54:41.532196Z","level":"info","event":"Formatting title: September 5","logger":"root","filename":"ingestion_dag.py","lineno":93}
{"timestamp":"2025-12-21T17:54:41.532229Z","level":"info","event":"Formatting title: Serenity","logger":"root","filename":"ingestion_dag.py","lineno":93}
{"timestamp":"2025-12-21T17:54:41.532260Z","level":"info","event":"Formatting title: Serenity","logger":"root","filename":"ingestion_dag.py","lineno":93}
{"timestamp":"2025-12-21T17:54:41.532295Z","level":"info","event":"Formatting title: Serial Mom","logger":"root","filename":"ingestion_dag.py","lineno":93}
{"timestamp":"2025-12-21T17:54:41.532352Z","level":"info","event":"Formatting title: Sessions The","logger":"root","filename":"ingestion_dag.py","lineno":93}
{"timestamp":"2025-12-21T17:54:41.532402Z","level":"info","event":"Formatting title: Seventh Seal The","logger":"root","filename":"ingestion_dag.py","lineno":93}
{"timestamp":"2025-12-21T17:54:41.532437Z","level":"info","event":"Formatting title: Severance","logger":"root","filename":"ingestion_dag.py","lineno":93}
{"timestamp":"2025-12-21T17:54:41.532471Z","level":"info","event":"Formatting title: Sex And The City","logger":"root","filename":"ingestion_dag.py","lineno":93}
{"timestamp":"2025-12-21T17:54:41.532550Z","level":"info","event":"Formatting title: Sex Drive","logger":"root","filename":"ingestion_dag.py","lineno":93}
{"timestamp":"2025-12-21T17:54:41.532679Z","level":"info","event":"Formatting title: Sex Lies And Videotape","logger":"root","filename":"ingestion_dag.py","lineno":93}
{"timestamp":"2025-12-21T17:54:41.532757Z","level":"info","event":"Formatting title: Sexual Life","logger":"root","filename":"ingestion_dag.py","lineno":93}
{"timestamp":"2025-12-21T17:54:41.532800Z","level":"info","event":"Formatting title: Shadow Of The Vampire","logger":"root","filename":"ingestion_dag.py","lineno":93}
{"timestamp":"2025-12-21T17:54:41.532847Z","level":"info","event":"Formatting title: Shakespeare In Love","logger":"root","filename":"ingestion_dag.py","lineno":93}
{"timestamp":"2025-12-21T17:54:41.532890Z","level":"info","event":"Formatting title: Shallow Grave","logger":"root","filename":"ingestion_dag.py","lineno":93}
{"timestamp":"2025-12-21T17:54:41.532940Z","level":"info","event":"Formatting title: Shame","logger":"root","filename":"ingestion_dag.py","lineno":93}
{"timestamp":"2025-12-21T17:54:41.532979Z","level":"info","event":"Formatting title: Shampoo","logger":"root","filename":"ingestion_dag.py","lineno":93}
{"timestamp":"2025-12-21T17:54:41.533018Z","level":"info","event":"Formatting title: Sharkys Machine","logger":"root","filename":"ingestion_dag.py","lineno":93}
{"timestamp":"2025-12-21T17:54:41.533053Z","level":"info","event":"Formatting title: Shaun Of The Dead","logger":"root","filename":"ingestion_dag.py","lineno":93}
{"timestamp":"2025-12-21T17:54:41.533089Z","level":"info","event":"Formatting title: Shawshank Redemption The","logger":"root","filename":"ingestion_dag.py","lineno":93}
{"timestamp":"2025-12-21T17:54:41.533160Z","level":"info","event":"Formatting title: Shayda","logger":"root","filename":"ingestion_dag.py","lineno":93}
{"timestamp":"2025-12-21T17:54:41.533223Z","level":"info","event":"Formatting title: She Said","logger":"root","filename":"ingestion_dag.py","lineno":93}
{"timestamp":"2025-12-21T17:54:41.533288Z","level":"info","event":"Formatting title: Sherlock Holmes","logger":"root","filename":"ingestion_dag.py","lineno":93}
{"timestamp":"2025-12-21T17:54:41.533339Z","level":"info","event":"Formatting title: Shes Out Of My League","logger":"root","filename":"ingestion_dag.py","lineno":93}
{"timestamp":"2025-12-21T17:54:41.533391Z","level":"info","event":"Formatting title: Shifty","logger":"root","filename":"ingestion_dag.py","lineno":93}
{"timestamp":"2025-12-21T17:54:41.533431Z","level":"info","event":"Formatting title: Shining The","logger":"root","filename":"ingestion_dag.py","lineno":93}
{"timestamp":"2025-12-21T17:54:41.533488Z","level":"info","event":"Formatting title: Shipping News The","logger":"root","filename":"ingestion_dag.py","lineno":93}
{"timestamp":"2025-12-21T17:54:41.533537Z","level":"info","event":"Formatting title: Shivers","logger":"root","filename":"ingestion_dag.py","lineno":93}
{"timestamp":"2025-12-21T17:54:41.533575Z","level":"info","event":"Formatting title: Short Term 12","logger":"root","filename":"ingestion_dag.py","lineno":93}
{"timestamp":"2025-12-21T17:54:41.533611Z","level":"info","event":"Formatting title: Shortcomings","logger":"root","filename":"ingestion_dag.py","lineno":93}
{"timestamp":"2025-12-21T17:54:41.533646Z","level":"info","event":"Formatting title: Showgirls","logger":"root","filename":"ingestion_dag.py","lineno":93}
{"timestamp":"2025-12-21T17:54:41.533680Z","level":"info","event":"Formatting title: Shrek","logger":"root","filename":"ingestion_dag.py","lineno":93}
{"timestamp":"2025-12-21T17:54:41.533913Z","level":"info","event":"Formatting title: Shrek The Third","logger":"root","filename":"ingestion_dag.py","lineno":93}
{"timestamp":"2025-12-21T17:54:41.533996Z","level":"info","event":"Formatting title: Shutter Island","logger":"root","filename":"ingestion_dag.py","lineno":93}
{"timestamp":"2025-12-21T17:54:41.534036Z","level":"info","event":"Formatting title: Sicario","logger":"root","filename":"ingestion_dag.py","lineno":93}
{"timestamp":"2025-12-21T17:54:41.534069Z","level":"info","event":"Formatting title: Sicario Day Of The Soldado","logger":"root","filename":"ingestion_dag.py","lineno":93}
{"timestamp":"2025-12-21T17:54:41.534126Z","level":"info","event":"Formatting title: Side Effects","logger":"root","filename":"ingestion_dag.py","lineno":93}
{"timestamp":"2025-12-21T17:54:41.534163Z","level":"info","event":"Formatting title: Sideways","logger":"root","filename":"ingestion_dag.py","lineno":93}
{"timestamp":"2025-12-21T17:54:41.534222Z","level":"info","event":"Formatting title: Siege The","logger":"root","filename":"ingestion_dag.py","lineno":93}
{"timestamp":"2025-12-21T17:54:41.534267Z","level":"info","event":"Formatting title: Signs","logger":"root","filename":"ingestion_dag.py","lineno":93}
{"timestamp":"2025-12-21T17:54:41.534434Z","level":"info","event":"Formatting title: Silence","logger":"root","filename":"ingestion_dag.py","lineno":93}
{"timestamp":"2025-12-21T17:54:41.534488Z","level":"info","event":"Formatting title: Silence Of The Lambs","logger":"root","filename":"ingestion_dag.py","lineno":93}
{"timestamp":"2025-12-21T17:54:41.534525Z","level":"info","event":"Formatting title: Silent Grace","logger":"root","filename":"ingestion_dag.py","lineno":93}
{"timestamp":"2025-12-21T17:54:41.534559Z","level":"info","event":"Formatting title: Silkwood","logger":"root","filename":"ingestion_dag.py","lineno":93}
{"timestamp":"2025-12-21T17:54:41.534594Z","level":"info","event":"Formatting title: Silver Bullet","logger":"root","filename":"ingestion_dag.py","lineno":93}
{"timestamp":"2025-12-21T17:54:41.534624Z","level":"info","event":"Formatting title: Silver Linings Playbook","logger":"root","filename":"ingestion_dag.py","lineno":93}
{"timestamp":"2025-12-21T17:54:41.534676Z","level":"info","event":"Formatting title: Silverado","logger":"root","filename":"ingestion_dag.py","lineno":93}
{"timestamp":"2025-12-21T17:54:41.534725Z","level":"info","event":"Formatting title: Simone","logger":"root","filename":"ingestion_dag.py","lineno":93}
{"timestamp":"2025-12-21T17:54:41.534759Z","level":"info","event":"Formatting title: Sing","logger":"root","filename":"ingestion_dag.py","lineno":93}
{"timestamp":"2025-12-21T17:54:41.534796Z","level":"info","event":"Formatting title: Sing Sing","logger":"root","filename":"ingestion_dag.py","lineno":93}
{"timestamp":"2025-12-21T17:54:41.534828Z","level":"info","event":"Formatting title: Sing Street","logger":"root","filename":"ingestion_dag.py","lineno":93}
{"timestamp":"2025-12-21T17:54:41.534886Z","level":"info","event":"Formatting title: Singin In The Rain","logger":"root","filename":"ingestion_dag.py","lineno":93}
{"timestamp":"2025-12-21T17:54:41.534994Z","level":"info","event":"Formatting title: Single White Female","logger":"root","filename":"ingestion_dag.py","lineno":93}
{"timestamp":"2025-12-21T17:54:41.535048Z","level":"info","event":"Formatting title: Sister Act","logger":"root","filename":"ingestion_dag.py","lineno":93}
{"timestamp":"2025-12-21T17:54:41.535087Z","level":"info","event":"Formatting title: Six Degrees Of Separation","logger":"root","filename":"ingestion_dag.py","lineno":93}
{"timestamp":"2025-12-21T17:54:41.535119Z","level":"info","event":"Formatting title: Sixteen Candles","logger":"root","filename":"ingestion_dag.py","lineno":93}
{"timestamp":"2025-12-21T17:54:41.535149Z","level":"info","event":"Formatting title: Sixth Sense The","logger":"root","filename":"ingestion_dag.py","lineno":93}
{"timestamp":"2025-12-21T17:54:41.535211Z","level":"info","event":"Formatting title: Skyfall","logger":"root","filename":"ingestion_dag.py","lineno":93}
{"timestamp":"2025-12-21T17:54:41.535245Z","level":"info","event":"Formatting title: Skyscraper","logger":"root","filename":"ingestion_dag.py","lineno":93}
{"timestamp":"2025-12-21T17:54:41.535497Z","level":"info","event":"Formatting title: Sleepers","logger":"root","filename":"ingestion_dag.py","lineno":93}
{"timestamp":"2025-12-21T17:54:41.535577Z","level":"info","event":"Formatting title: Sleepless In Seattle","logger":"root","filename":"ingestion_dag.py","lineno":93}
{"timestamp":"2025-12-21T17:54:41.535627Z","level":"info","event":"Formatting title: Sleepy Hollow","logger":"root","filename":"ingestion_dag.py","lineno":93}
{"timestamp":"2025-12-21T17:54:41.535662Z","level":"info","event":"Formatting title: Slender Man","logger":"root","filename":"ingestion_dag.py","lineno":93}
{"timestamp":"2025-12-21T17:54:41.535694Z","level":"info","event":"Formatting title: Sling Blade","logger":"root","filename":"ingestion_dag.py","lineno":93}
{"timestamp":"2025-12-21T17:54:41.535725Z","level":"info","event":"Formatting title: Slither","logger":"root","filename":"ingestion_dag.py","lineno":93}
{"timestamp":"2025-12-21T17:54:41.535761Z","level":"info","event":"Formatting title: Sliver","logger":"root","filename":"ingestion_dag.py","lineno":93}
{"timestamp":"2025-12-21T17:54:41.535798Z","level":"info","event":"Formatting title: Slumdog Millionaire","logger":"root","filename":"ingestion_dag.py","lineno":93}
{"timestamp":"2025-12-21T17:54:41.535835Z","level":"info","event":"Formatting title: Smashed","logger":"root","filename":"ingestion_dag.py","lineno":93}
{"timestamp":"2025-12-21T17:54:41.535865Z","level":"info","event":"Formatting title: Smokin Aces","logger":"root","filename":"ingestion_dag.py","lineno":93}
{"timestamp":"2025-12-21T17:54:41.535896Z","level":"info","event":"Formatting title: Snake Eyes","logger":"root","filename":"ingestion_dag.py","lineno":93}
{"timestamp":"2025-12-21T17:54:41.535933Z","level":"info","event":"Formatting title: Snatch","logger":"root","filename":"ingestion_dag.py","lineno":93}
{"timestamp":"2025-12-21T17:54:41.535964Z","level":"info","event":"Formatting title: Sneakers","logger":"root","filename":"ingestion_dag.py","lineno":93}
{"timestamp":"2025-12-21T17:54:41.536012Z","level":"info","event":"Formatting title: Snow Falling On Cedars","logger":"root","filename":"ingestion_dag.py","lineno":93}
{"timestamp":"2025-12-21T17:54:41.536053Z","level":"info","event":"Formatting title: Snow White And The Huntsman","logger":"root","filename":"ingestion_dag.py","lineno":93}
{"timestamp":"2025-12-21T17:54:41.536086Z","level":"info","event":"Formatting title: Snowpiercer","logger":"root","filename":"ingestion_dag.py","lineno":93}
{"timestamp":"2025-12-21T17:54:41.536117Z","level":"info","event":"Formatting title: So I Married An Axe Murderer","logger":"root","filename":"ingestion_dag.py","lineno":93}
{"timestamp":"2025-12-21T17:54:41.536147Z","level":"info","event":"Formatting title: Social Network The","logger":"root","filename":"ingestion_dag.py","lineno":93}
{"timestamp":"2025-12-21T17:54:41.536176Z","level":"info","event":"Formatting title: Solaris","logger":"root","filename":"ingestion_dag.py","lineno":93}
{"timestamp":"2025-12-21T17:54:41.536204Z","level":"info","event":"Formatting title: Soldier","logger":"root","filename":"ingestion_dag.py","lineno":93}
{"timestamp":"2025-12-21T17:54:41.536236Z","level":"info","event":"Formatting title: Someone To Watch Over Me","logger":"root","filename":"ingestion_dag.py","lineno":93}
{"timestamp":"2025-12-21T17:54:41.536265Z","level":"info","event":"Formatting title: Something Wicked This Way Comes","logger":"root","filename":"ingestion_dag.py","lineno":93}
{"timestamp":"2025-12-21T17:54:41.536300Z","level":"info","event":"Formatting title: Somethings Gotta Give","logger":"root","filename":"ingestion_dag.py","lineno":93}
{"timestamp":"2025-12-21T17:54:41.536330Z","level":"info","event":"Formatting title: Sorry To Bother","logger":"root","filename":"ingestion_dag.py","lineno":93}
{"timestamp":"2025-12-21T17:54:41.536360Z","level":"info","event":"Formatting title: Soul","logger":"root","filename":"ingestion_dag.py","lineno":93}
{"timestamp":"2025-12-21T17:54:41.536395Z","level":"info","event":"Formatting title: Sound Of Metal","logger":"root","filename":"ingestion_dag.py","lineno":93}
{"timestamp":"2025-12-21T17:54:41.536429Z","level":"info","event":"Formatting title: Source Code","logger":"root","filename":"ingestion_dag.py","lineno":93}
{"timestamp":"2025-12-21T17:54:41.536463Z","level":"info","event":"Formatting title: South Park","logger":"root","filename":"ingestion_dag.py","lineno":93}
{"timestamp":"2025-12-21T17:54:41.536500Z","level":"info","event":"Formatting title: Soylent Green","logger":"root","filename":"ingestion_dag.py","lineno":93}
{"timestamp":"2025-12-21T17:54:41.536531Z","level":"info","event":"Formatting title: Space Cowboys","logger":"root","filename":"ingestion_dag.py","lineno":93}
{"timestamp":"2025-12-21T17:54:41.536564Z","level":"info","event":"Formatting title: Space Milkshake","logger":"root","filename":"ingestion_dag.py","lineno":93}
{"timestamp":"2025-12-21T17:54:41.536592Z","level":"info","event":"Formatting title: Spaceballs","logger":"root","filename":"ingestion_dag.py","lineno":93}
{"timestamp":"2025-12-21T17:54:41.536620Z","level":"info","event":"Formatting title: Spanglish","logger":"root","filename":"ingestion_dag.py","lineno":93}
{"timestamp":"2025-12-21T17:54:41.536654Z","level":"info","event":"Formatting title: Spare Me","logger":"root","filename":"ingestion_dag.py","lineno":93}
{"timestamp":"2025-12-21T17:54:41.536694Z","level":"info","event":"Formatting title: Spartacus","logger":"root","filename":"ingestion_dag.py","lineno":93}
{"timestamp":"2025-12-21T17:54:41.536724Z","level":"info","event":"Formatting title: Spartan","logger":"root","filename":"ingestion_dag.py","lineno":93}
{"timestamp":"2025-12-21T17:54:41.536759Z","level":"info","event":"Formatting title: Spawn","logger":"root","filename":"ingestion_dag.py","lineno":93}
{"timestamp":"2025-12-21T17:54:41.536796Z","level":"info","event":"Formatting title: Spectre","logger":"root","filename":"ingestion_dag.py","lineno":93}
{"timestamp":"2025-12-21T17:54:41.536825Z","level":"info","event":"Formatting title: Speed","logger":"root","filename":"ingestion_dag.py","lineno":93}
{"timestamp":"2025-12-21T17:54:41.536853Z","level":"info","event":"Formatting title: Speed Racer","logger":"root","filename":"ingestion_dag.py","lineno":93}
{"timestamp":"2025-12-21T17:54:41.536882Z","level":"info","event":"Formatting title: Spencer","logger":"root","filename":"ingestion_dag.py","lineno":93}
{"timestamp":"2025-12-21T17:54:41.536912Z","level":"info","event":"Formatting title: Sphere","logger":"root","filename":"ingestion_dag.py","lineno":93}
{"timestamp":"2025-12-21T17:54:41.536944Z","level":"info","event":"Formatting title: Spider Man","logger":"root","filename":"ingestion_dag.py","lineno":93}
{"timestamp":"2025-12-21T17:54:41.536976Z","level":"info","event":"Formatting title: Spider Man 2","logger":"root","filename":"ingestion_dag.py","lineno":93}
{"timestamp":"2025-12-21T17:54:41.537008Z","level":"info","event":"Formatting title: Spider Man Across The Spider Verse","logger":"root","filename":"ingestion_dag.py","lineno":93}
{"timestamp":"2025-12-21T17:54:41.537069Z","level":"info","event":"Formatting title: Spider Man Into The Spider Verse","logger":"root","filename":"ingestion_dag.py","lineno":93}
{"timestamp":"2025-12-21T17:54:41.537115Z","level":"info","event":"Formatting title: Spider Man No Way Home","logger":"root","filename":"ingestion_dag.py","lineno":93}
{"timestamp":"2025-12-21T17:54:41.537150Z","level":"info","event":"Formatting title: Splice","logger":"root","filename":"ingestion_dag.py","lineno":93}
{"timestamp":"2025-12-21T17:54:41.537190Z","level":"info","event":"Formatting title: Spotlight","logger":"root","filename":"ingestion_dag.py","lineno":93}
{"timestamp":"2025-12-21T17:54:41.537225Z","level":"info","event":"Formatting title: Spring Breakers","logger":"root","filename":"ingestion_dag.py","lineno":93}
{"timestamp":"2025-12-21T17:54:41.537261Z","level":"info","event":"Formatting title: Spy Kids","logger":"root","filename":"ingestion_dag.py","lineno":93}
{"timestamp":"2025-12-21T17:54:41.537308Z","level":"info","event":"Formatting title: St Elmos Fire","logger":"root","filename":"ingestion_dag.py","lineno":93}
{"timestamp":"2025-12-21T17:54:41.537353Z","level":"info","event":"Formatting title: Stagecoach","logger":"root","filename":"ingestion_dag.py","lineno":93}
{"timestamp":"2025-12-21T17:54:41.537387Z","level":"info","event":"Formatting title: Stan & Ollie","logger":"root","filename":"ingestion_dag.py","lineno":93}
{"timestamp":"2025-12-21T17:54:41.537420Z","level":"info","event":"Formatting title: Stand By Me","logger":"root","filename":"ingestion_dag.py","lineno":93}
{"timestamp":"2025-12-21T17:54:41.537453Z","level":"info","event":"Formatting title: Star Trek","logger":"root","filename":"ingestion_dag.py","lineno":93}
{"timestamp":"2025-12-21T17:54:41.537484Z","level":"info","event":"Formatting title: Star Trek 2 The Wrath Of Khan","logger":"root","filename":"ingestion_dag.py","lineno":93}
{"timestamp":"2025-12-21T17:54:41.537517Z","level":"info","event":"Formatting title: Star Trek 3 The Search For Spock","logger":"root","filename":"ingestion_dag.py","lineno":93}
{"timestamp":"2025-12-21T17:54:41.537550Z","level":"info","event":"Formatting title: Star Trek 4 The Voyage Home","logger":"root","filename":"ingestion_dag.py","lineno":93}
{"timestamp":"2025-12-21T17:54:41.537592Z","level":"info","event":"Formatting title: Star Trek 6 The Undiscovered Country","logger":"root","filename":"ingestion_dag.py","lineno":93}
{"timestamp":"2025-12-21T17:54:41.537628Z","level":"info","event":"Formatting title: Star Trek First Contact","logger":"root","filename":"ingestion_dag.py","lineno":93}
{"timestamp":"2025-12-21T17:54:41.537667Z","level":"info","event":"Formatting title: Star Trek Generations","logger":"root","filename":"ingestion_dag.py","lineno":93}
{"timestamp":"2025-12-21T17:54:41.537703Z","level":"info","event":"Formatting title: Star Trek Insurrection","logger":"root","filename":"ingestion_dag.py","lineno":93}
{"timestamp":"2025-12-21T17:54:41.537737Z","level":"info","event":"Formatting title: Star Trek Nemesis","logger":"root","filename":"ingestion_dag.py","lineno":93}
{"timestamp":"2025-12-21T17:54:41.537766Z","level":"info","event":"Formatting title: Star Trek The Motion Picture","logger":"root","filename":"ingestion_dag.py","lineno":93}
{"timestamp":"2025-12-21T17:54:41.537793Z","level":"info","event":"Formatting title: Star Trek V The Final Frontier","logger":"root","filename":"ingestion_dag.py","lineno":93}
{"timestamp":"2025-12-21T17:54:41.537829Z","level":"info","event":"Formatting title: Star Wars A New Hope","logger":"root","filename":"ingestion_dag.py","lineno":93}
{"timestamp":"2025-12-21T17:54:41.537863Z","level":"info","event":"Formatting title: Star Wars Attack Of The Clones","logger":"root","filename":"ingestion_dag.py","lineno":93}
{"timestamp":"2025-12-21T17:54:41.537892Z","level":"info","event":"Formatting title: Star Wars Episode 2 Attack Of The Clones","logger":"root","filename":"ingestion_dag.py","lineno":93}
{"timestamp":"2025-12-21T17:54:41.537926Z","level":"info","event":"Formatting title: Star Wars Episode 3 Revenge Of The Sith","logger":"root","filename":"ingestion_dag.py","lineno":93}
{"timestamp":"2025-12-21T17:54:41.537963Z","level":"info","event":"Formatting title: Star Wars Episode 4 A New Hope","logger":"root","filename":"ingestion_dag.py","lineno":93}
{"timestamp":"2025-12-21T17:54:41.538000Z","level":"info","event":"Formatting title: Star Wars Episode 6 Return Of The Jedi","logger":"root","filename":"ingestion_dag.py","lineno":93}
{"timestamp":"2025-12-21T17:54:41.538037Z","level":"info","event":"Formatting title: Star Wars Episode I The Phantom Menace","logger":"root","filename":"ingestion_dag.py","lineno":93}
{"timestamp":"2025-12-21T17:54:41.538077Z","level":"info","event":"Formatting title: Star Wars Episode V The Empire Strikes Back","logger":"root","filename":"ingestion_dag.py","lineno":93}
{"timestamp":"2025-12-21T17:54:41.538117Z","level":"info","event":"Formatting title: Star Wars Return Of The Jedi","logger":"root","filename":"ingestion_dag.py","lineno":93}
{"timestamp":"2025-12-21T17:54:41.538149Z","level":"info","event":"Formatting title: Star Wars Revenge Of The Sith","logger":"root","filename":"ingestion_dag.py","lineno":93}
{"timestamp":"2025-12-21T17:54:41.538178Z","level":"info","event":"Formatting title: Star Wars The Empire Strikes Back","logger":"root","filename":"ingestion_dag.py","lineno":93}
{"timestamp":"2025-12-21T17:54:41.538205Z","level":"info","event":"Formatting title: Star Wars The Force Awakens","logger":"root","filename":"ingestion_dag.py","lineno":93}
{"timestamp":"2025-12-21T17:54:41.538232Z","level":"info","event":"Formatting title: Star Wars The Phantom Menace","logger":"root","filename":"ingestion_dag.py","lineno":93}
{"timestamp":"2025-12-21T17:54:41.538257Z","level":"info","event":"Formatting title: Stardust","logger":"root","filename":"ingestion_dag.py","lineno":93}
{"timestamp":"2025-12-21T17:54:41.538283Z","level":"info","event":"Formatting title: Stargate","logger":"root","filename":"ingestion_dag.py","lineno":93}
{"timestamp":"2025-12-21T17:54:41.538309Z","level":"info","event":"Formatting title: Starman","logger":"root","filename":"ingestion_dag.py","lineno":93}
{"timestamp":"2025-12-21T17:54:41.538336Z","level":"info","event":"Formatting title: Starship Troopers","logger":"root","filename":"ingestion_dag.py","lineno":93}
{"timestamp":"2025-12-21T17:54:41.538362Z","level":"info","event":"Formatting title: State And Main","logger":"root","filename":"ingestion_dag.py","lineno":93}
{"timestamp":"2025-12-21T17:54:41.538389Z","level":"info","event":"Formatting title: State Of Grace","logger":"root","filename":"ingestion_dag.py","lineno":93}
{"timestamp":"2025-12-21T17:54:41.538416Z","level":"info","event":"Formatting title: State Of Play","logger":"root","filename":"ingestion_dag.py","lineno":93}
{"timestamp":"2025-12-21T17:54:41.538447Z","level":"info","event":"Formatting title: Station West","logger":"root","filename":"ingestion_dag.py","lineno":93}
{"timestamp":"2025-12-21T17:54:41.538480Z","level":"info","event":"Formatting title: Step Brothers","logger":"root","filename":"ingestion_dag.py","lineno":93}
{"timestamp":"2025-12-21T17:54:41.538508Z","level":"info","event":"Formatting title: Stepmom","logger":"root","filename":"ingestion_dag.py","lineno":93}
{"timestamp":"2025-12-21T17:54:41.538539Z","level":"info","event":"Formatting title: Steve Jobs","logger":"root","filename":"ingestion_dag.py","lineno":93}
{"timestamp":"2025-12-21T17:54:41.538566Z","level":"info","event":"Formatting title: Sting The","logger":"root","filename":"ingestion_dag.py","lineno":93}
{"timestamp":"2025-12-21T17:54:41.538592Z","level":"info","event":"Formatting title: Stir Of Echoes","logger":"root","filename":"ingestion_dag.py","lineno":93}
{"timestamp":"2025-12-21T17:54:41.538618Z","level":"info","event":"Formatting title: Stoker","logger":"root","filename":"ingestion_dag.py","lineno":93}
{"timestamp":"2025-12-21T17:54:41.538644Z","level":"info","event":"Formatting title: Storm","logger":"root","filename":"ingestion_dag.py","lineno":93}
{"timestamp":"2025-12-21T17:54:41.538673Z","level":"info","event":"Formatting title: Storytelling","logger":"root","filename":"ingestion_dag.py","lineno":93}
{"timestamp":"2025-12-21T17:54:41.538699Z","level":"info","event":"Formatting title: Straight Outta Compton","logger":"root","filename":"ingestion_dag.py","lineno":93}
{"timestamp":"2025-12-21T17:54:41.538735Z","level":"info","event":"Formatting title: Strange Days","logger":"root","filename":"ingestion_dag.py","lineno":93}
{"timestamp":"2025-12-21T17:54:41.538764Z","level":"info","event":"Formatting title: Stranger Than Fiction","logger":"root","filename":"ingestion_dag.py","lineno":93}
{"timestamp":"2025-12-21T17:54:41.538793Z","level":"info","event":"Formatting title: Stranger Than Paradise","logger":"root","filename":"ingestion_dag.py","lineno":93}
{"timestamp":"2025-12-21T17:54:41.538820Z","level":"info","event":"Formatting title: Strangers On A Train","logger":"root","filename":"ingestion_dag.py","lineno":93}
{"timestamp":"2025-12-21T17:54:41.538847Z","level":"info","event":"Formatting title: Strawberry Mansion","logger":"root","filename":"ingestion_dag.py","lineno":93}
{"timestamp":"2025-12-21T17:54:41.538872Z","level":"info","event":"Formatting title: Street Smart","logger":"root","filename":"ingestion_dag.py","lineno":93}
{"timestamp":"2025-12-21T17:54:41.538899Z","level":"info","event":"Formatting title: Stuber","logger":"root","filename":"ingestion_dag.py","lineno":93}
{"timestamp":"2025-12-21T17:54:41.538926Z","level":"info","event":"Formatting title: Stuntman The","logger":"root","filename":"ingestion_dag.py","lineno":93}
{"timestamp":"2025-12-21T17:54:41.538953Z","level":"info","event":"Formatting title: Submarine","logger":"root","filename":"ingestion_dag.py","lineno":93}
{"timestamp":"2025-12-21T17:54:41.538980Z","level":"info","event":"Formatting title: Substance The","logger":"root","filename":"ingestion_dag.py","lineno":93}
{"timestamp":"2025-12-21T17:54:41.539007Z","level":"info","event":"Formatting title: Suburbicon","logger":"root","filename":"ingestion_dag.py","lineno":93}
{"timestamp":"2025-12-21T17:54:41.539052Z","level":"info","event":"Formatting title: Suffragette","logger":"root","filename":"ingestion_dag.py","lineno":93}
{"timestamp":"2025-12-21T17:54:41.539101Z","level":"info","event":"Formatting title: Sugar","logger":"root","filename":"ingestion_dag.py","lineno":93}
{"timestamp":"2025-12-21T17:54:41.539139Z","level":"info","event":"Formatting title: Sugar And Spice","logger":"root","filename":"ingestion_dag.py","lineno":93}
{"timestamp":"2025-12-21T17:54:41.539176Z","level":"info","event":"Formatting title: Suicide Squad","logger":"root","filename":"ingestion_dag.py","lineno":93}
{"timestamp":"2025-12-21T17:54:41.539208Z","level":"info","event":"Formatting title: Sully","logger":"root","filename":"ingestion_dag.py","lineno":93}
{"timestamp":"2025-12-21T17:54:41.539236Z","level":"info","event":"Formatting title: Sunset Blvd","logger":"root","filename":"ingestion_dag.py","lineno":93}
{"timestamp":"2025-12-21T17:54:41.539264Z","level":"info","event":"Formatting title: Sunshine","logger":"root","filename":"ingestion_dag.py","lineno":93}
{"timestamp":"2025-12-21T17:54:41.539292Z","level":"info","event":"Formatting title: Sunshine Cleaning","logger":"root","filename":"ingestion_dag.py","lineno":93}
{"timestamp":"2025-12-21T17:54:41.539322Z","level":"info","event":"Formatting title: Super","logger":"root","filename":"ingestion_dag.py","lineno":93}
{"timestamp":"2025-12-21T17:54:41.539353Z","level":"info","event":"Formatting title: Super 8","logger":"root","filename":"ingestion_dag.py","lineno":93}
{"timestamp":"2025-12-21T17:54:41.539385Z","level":"info","event":"Formatting title: Super Dark Times","logger":"root","filename":"ingestion_dag.py","lineno":93}
{"timestamp":"2025-12-21T17:54:41.539421Z","level":"info","event":"Formatting title: Super Mario Bros","logger":"root","filename":"ingestion_dag.py","lineno":93}
{"timestamp":"2025-12-21T17:54:41.539461Z","level":"info","event":"Formatting title: Superbad","logger":"root","filename":"ingestion_dag.py","lineno":93}
{"timestamp":"2025-12-21T17:54:41.539499Z","level":"info","event":"Formatting title: Superfights","logger":"root","filename":"ingestion_dag.py","lineno":93}
{"timestamp":"2025-12-21T17:54:41.539763Z","level":"info","event":"Formatting title: Supergirl","logger":"root","filename":"ingestion_dag.py","lineno":93}
{"timestamp":"2025-12-21T17:54:41.539837Z","level":"info","event":"Formatting title: Superman","logger":"root","filename":"ingestion_dag.py","lineno":93}
{"timestamp":"2025-12-21T17:54:41.539876Z","level":"info","event":"Formatting title: Surfer King The","logger":"root","filename":"ingestion_dag.py","lineno":93}
{"timestamp":"2025-12-21T17:54:41.540015Z","level":"info","event":"Formatting title: Surrogates","logger":"root","filename":"ingestion_dag.py","lineno":93}
{"timestamp":"2025-12-21T17:54:41.540087Z","level":"info","event":"Formatting title: Suspect Zero","logger":"root","filename":"ingestion_dag.py","lineno":93}
{"timestamp":"2025-12-21T17:54:41.540188Z","level":"info","event":"Formatting title: Suspiria","logger":"root","filename":"ingestion_dag.py","lineno":93}
{"timestamp":"2025-12-21T17:54:41.540265Z","level":"info","event":"Formatting title: Swan Song","logger":"root","filename":"ingestion_dag.py","lineno":93}
{"timestamp":"2025-12-21T17:54:41.540316Z","level":"info","event":"Formatting title: Sweeney Todd The Demon Barber Of Fleet Street","logger":"root","filename":"ingestion_dag.py","lineno":93}
{"timestamp":"2025-12-21T17:54:41.540370Z","level":"info","event":"Formatting title: Sweet Hereafter The","logger":"root","filename":"ingestion_dag.py","lineno":93}
{"timestamp":"2025-12-21T17:54:41.540420Z","level":"info","event":"Formatting title: Sweet Smell Of Success","logger":"root","filename":"ingestion_dag.py","lineno":93}
{"timestamp":"2025-12-21T17:54:41.591470Z","level":"info","event":"Formatting title: Swingers","logger":"root","filename":"ingestion_dag.py","lineno":93}
{"timestamp":"2025-12-21T17:54:41.591572Z","level":"info","event":"Formatting title: Swiss Army Man","logger":"root","filename":"ingestion_dag.py","lineno":93}
{"timestamp":"2025-12-21T17:54:41.591611Z","level":"info","event":"Formatting title: Swordfish","logger":"root","filename":"ingestion_dag.py","lineno":93}
{"timestamp":"2025-12-21T17:54:41.591642Z","level":"info","event":"Formatting title: Synecdoche New York","logger":"root","filename":"ingestion_dag.py","lineno":93}
{"timestamp":"2025-12-21T17:54:41.591672Z","level":"info","event":"Formatting title: Syriana","logger":"root","filename":"ingestion_dag.py","lineno":93}
{"timestamp":"2025-12-21T17:54:41.591701Z","level":"info","event":"Formatting title: Take Shelter","logger":"root","filename":"ingestion_dag.py","lineno":93}
{"timestamp":"2025-12-21T17:54:41.591733Z","level":"info","event":"Formatting title: Taking Lives","logger":"root","filename":"ingestion_dag.py","lineno":93}
{"timestamp":"2025-12-21T17:54:41.591761Z","level":"info","event":"Formatting title: Taking Of Pelham One Two Three The","logger":"root","filename":"ingestion_dag.py","lineno":93}
{"timestamp":"2025-12-21T17:54:41.591788Z","level":"info","event":"Formatting title: Taking Sides","logger":"root","filename":"ingestion_dag.py","lineno":93}
{"timestamp":"2025-12-21T17:54:41.591818Z","level":"info","event":"Formatting title: Talented Mr Ripley The","logger":"root","filename":"ingestion_dag.py","lineno":93}
{"timestamp":"2025-12-21T17:54:41.591867Z","level":"info","event":"Formatting title: Talkin Dirty After Dark","logger":"root","filename":"ingestion_dag.py","lineno":93}
{"timestamp":"2025-12-21T17:54:41.591901Z","level":"info","event":"Formatting title: Tall In The Saddle","logger":"root","filename":"ingestion_dag.py","lineno":93}
{"timestamp":"2025-12-21T17:54:41.591932Z","level":"info","event":"Formatting title: Talladega Nights The Ballad Of Ricky Bobby","logger":"root","filename":"ingestion_dag.py","lineno":93}
{"timestamp":"2025-12-21T17:54:41.591964Z","level":"info","event":"Formatting title: Tamara Drewe","logger":"root","filename":"ingestion_dag.py","lineno":93}
{"timestamp":"2025-12-21T17:54:41.592036Z","level":"info","event":"Formatting title: Tango & Cash","logger":"root","filename":"ingestion_dag.py","lineno":93}
{"timestamp":"2025-12-21T17:54:41.592072Z","level":"info","event":"Formatting title: Taxi Driver","logger":"root","filename":"ingestion_dag.py","lineno":93}
{"timestamp":"2025-12-21T17:54:41.592101Z","level":"info","event":"Formatting title: Teachers Lounge The","logger":"root","filename":"ingestion_dag.py","lineno":93}
{"timestamp":"2025-12-21T17:54:41.592130Z","level":"info","event":"Formatting title: Team America World Police","logger":"root","filename":"ingestion_dag.py","lineno":93}
{"timestamp":"2025-12-21T17:54:41.592158Z","level":"info","event":"Formatting title: Ted","logger":"root","filename":"ingestion_dag.py","lineno":93}
{"timestamp":"2025-12-21T17:54:41.592186Z","level":"info","event":"Formatting title: Teen Wolf","logger":"root","filename":"ingestion_dag.py","lineno":93}
{"timestamp":"2025-12-21T17:54:41.592212Z","level":"info","event":"Formatting title: Teenage Mutant Ninja Turtles Mutant Mayhem","logger":"root","filename":"ingestion_dag.py","lineno":93}
{"timestamp":"2025-12-21T17:54:41.592239Z","level":"info","event":"Formatting title: Tenet","logger":"root","filename":"ingestion_dag.py","lineno":93}
{"timestamp":"2025-12-21T17:54:41.592268Z","level":"info","event":"Formatting title: Tequila Sunrise","logger":"root","filename":"ingestion_dag.py","lineno":93}
{"timestamp":"2025-12-21T17:54:41.592296Z","level":"info","event":"Formatting title: Terminator","logger":"root","filename":"ingestion_dag.py","lineno":93}
{"timestamp":"2025-12-21T17:54:41.592323Z","level":"info","event":"Formatting title: Terminator 2 Judgement Day","logger":"root","filename":"ingestion_dag.py","lineno":93}
{"timestamp":"2025-12-21T17:54:41.592349Z","level":"info","event":"Formatting title: Terminator Genisys","logger":"root","filename":"ingestion_dag.py","lineno":93}
{"timestamp":"2025-12-21T17:54:41.592377Z","level":"info","event":"Formatting title: Terminator Salvation","logger":"root","filename":"ingestion_dag.py","lineno":93}
{"timestamp":"2025-12-21T17:54:41.592405Z","level":"info","event":"Formatting title: Terms Of Endearment","logger":"root","filename":"ingestion_dag.py","lineno":93}
{"timestamp":"2025-12-21T17:54:41.592434Z","level":"info","event":"Formatting title: The 40 Year Old Virgin","logger":"root","filename":"ingestion_dag.py","lineno":93}
{"timestamp":"2025-12-21T17:54:41.592460Z","level":"info","event":"Formatting title: The A Team","logger":"root","filename":"ingestion_dag.py","lineno":93}
{"timestamp":"2025-12-21T17:54:41.592487Z","level":"info","event":"Formatting title: The Abyss","logger":"root","filename":"ingestion_dag.py","lineno":93}
{"timestamp":"2025-12-21T17:54:41.592515Z","level":"info","event":"Formatting title: The Accidental Tourist","logger":"root","filename":"ingestion_dag.py","lineno":93}
{"timestamp":"2025-12-21T17:54:41.592541Z","level":"info","event":"Formatting title: The Accountant","logger":"root","filename":"ingestion_dag.py","lineno":93}
{"timestamp":"2025-12-21T17:54:41.592566Z","level":"info","event":"Formatting title: The Addams Family","logger":"root","filename":"ingestion_dag.py","lineno":93}
{"timestamp":"2025-12-21T17:54:41.592591Z","level":"info","event":"Formatting title: The Adjustment Bureau","logger":"root","filename":"ingestion_dag.py","lineno":93}
{"timestamp":"2025-12-21T17:54:41.592617Z","level":"info","event":"Formatting title: The Adventures Of Ford Fairlane","logger":"root","filename":"ingestion_dag.py","lineno":93}
{"timestamp":"2025-12-21T17:54:41.592642Z","level":"info","event":"Formatting title: The Adventures Of Tintin","logger":"root","filename":"ingestion_dag.py","lineno":93}
{"timestamp":"2025-12-21T17:54:41.592671Z","level":"info","event":"Formatting title: The African Queen","logger":"root","filename":"ingestion_dag.py","lineno":93}
{"timestamp":"2025-12-21T17:54:41.592697Z","level":"info","event":"Formatting title: The American","logger":"root","filename":"ingestion_dag.py","lineno":93}
{"timestamp":"2025-12-21T17:54:41.592730Z","level":"info","event":"Formatting title: The American President","logger":"root","filename":"ingestion_dag.py","lineno":93}
{"timestamp":"2025-12-21T17:54:41.592758Z","level":"info","event":"Formatting title: The Amityville Horror","logger":"root","filename":"ingestion_dag.py","lineno":93}
{"timestamp":"2025-12-21T17:54:41.592786Z","level":"info","event":"Formatting title: The Apartment","logger":"root","filename":"ingestion_dag.py","lineno":93}
{"timestamp":"2025-12-21T17:54:41.592812Z","level":"info","event":"Formatting title: The Artist","logger":"root","filename":"ingestion_dag.py","lineno":93}
{"timestamp":"2025-12-21T17:54:41.592838Z","level":"info","event":"Formatting title: The Avengers","logger":"root","filename":"ingestion_dag.py","lineno":93}
{"timestamp":"2025-12-21T17:54:41.592864Z","level":"info","event":"Formatting title: The Aviator","logger":"root","filename":"ingestion_dag.py","lineno":93}
{"timestamp":"2025-12-21T17:54:41.592888Z","level":"info","event":"Formatting title: The Babadook","logger":"root","filename":"ingestion_dag.py","lineno":93}
{"timestamp":"2025-12-21T17:54:41.592912Z","level":"info","event":"Formatting title: The Babysitter","logger":"root","filename":"ingestion_dag.py","lineno":93}
{"timestamp":"2025-12-21T17:54:41.592936Z","level":"info","event":"Formatting title: The Ballad Of Buster Scruggs","logger":"root","filename":"ingestion_dag.py","lineno":93}
{"timestamp":"2025-12-21T17:54:41.592962Z","level":"info","event":"Formatting title: The Banshees Of Inisherin","logger":"root","filename":"ingestion_dag.py","lineno":93}
{"timestamp":"2025-12-21T17:54:41.592989Z","level":"info","event":"Formatting title: The Batman","logger":"root","filename":"ingestion_dag.py","lineno":93}
{"timestamp":"2025-12-21T17:54:41.593015Z","level":"info","event":"Formatting title: The Beach Bum","logger":"root","filename":"ingestion_dag.py","lineno":93}
{"timestamp":"2025-12-21T17:54:41.593040Z","level":"info","event":"Formatting title: The Beekeeper","logger":"root","filename":"ingestion_dag.py","lineno":93}
{"timestamp":"2025-12-21T17:54:41.593064Z","level":"info","event":"Formatting title: The Beguiled","logger":"root","filename":"ingestion_dag.py","lineno":93}
{"timestamp":"2025-12-21T17:54:41.593120Z","level":"info","event":"Formatting title: The Beguiled","logger":"root","filename":"ingestion_dag.py","lineno":93}
{"timestamp":"2025-12-21T17:54:41.593153Z","level":"info","event":"Formatting title: The Bfg","logger":"root","filename":"ingestion_dag.py","lineno":93}
{"timestamp":"2025-12-21T17:54:41.593182Z","level":"info","event":"Formatting title: The Big Chill","logger":"root","filename":"ingestion_dag.py","lineno":93}
{"timestamp":"2025-12-21T17:54:41.593210Z","level":"info","event":"Formatting title: The Big Easy","logger":"root","filename":"ingestion_dag.py","lineno":93}
{"timestamp":"2025-12-21T17:54:41.593236Z","level":"info","event":"Formatting title: The Big Lebowski","logger":"root","filename":"ingestion_dag.py","lineno":93}
{"timestamp":"2025-12-21T17:54:41.593263Z","level":"info","event":"Formatting title: The Big Short","logger":"root","filename":"ingestion_dag.py","lineno":93}
{"timestamp":"2025-12-21T17:54:41.593287Z","level":"info","event":"Formatting title: The Big Sick","logger":"root","filename":"ingestion_dag.py","lineno":93}
{"timestamp":"2025-12-21T17:54:41.593314Z","level":"info","event":"Formatting title: The Birdcage","logger":"root","filename":"ingestion_dag.py","lineno":93}
{"timestamp":"2025-12-21T17:54:41.593339Z","level":"info","event":"Formatting title: The Birds","logger":"root","filename":"ingestion_dag.py","lineno":93}
{"timestamp":"2025-12-21T17:54:41.593365Z","level":"info","event":"Formatting title: The Birth Of A Nation","logger":"root","filename":"ingestion_dag.py","lineno":93}
{"timestamp":"2025-12-21T17:54:41.593390Z","level":"info","event":"Formatting title: The Bling Ring","logger":"root","filename":"ingestion_dag.py","lineno":93}
{"timestamp":"2025-12-21T17:54:41.593414Z","level":"info","event":"Formatting title: The Blob","logger":"root","filename":"ingestion_dag.py","lineno":93}
{"timestamp":"2025-12-21T17:54:41.593439Z","level":"info","event":"Formatting title: The Blues Brothers","logger":"root","filename":"ingestion_dag.py","lineno":93}
{"timestamp":"2025-12-21T17:54:41.593464Z","level":"info","event":"Formatting title: The Bodyguard","logger":"root","filename":"ingestion_dag.py","lineno":93}
{"timestamp":"2025-12-21T17:54:41.593493Z","level":"info","event":"Formatting title: The Bonfire Of The Vanities","logger":"root","filename":"ingestion_dag.py","lineno":93}
{"timestamp":"2025-12-21T17:54:41.593519Z","level":"info","event":"Formatting title: The Boondock Saints","logger":"root","filename":"ingestion_dag.py","lineno":93}
{"timestamp":"2025-12-21T17:54:41.593545Z","level":"info","event":"Formatting title: The Boondock Saints 2 All Saints Day","logger":"root","filename":"ingestion_dag.py","lineno":93}
{"timestamp":"2025-12-21T17:54:41.593569Z","level":"info","event":"Formatting title: The Boss Baby Family Business","logger":"root","filename":"ingestion_dag.py","lineno":93}
{"timestamp":"2025-12-21T17:54:41.593596Z","level":"info","event":"Formatting title: The Bourne Identity","logger":"root","filename":"ingestion_dag.py","lineno":93}
{"timestamp":"2025-12-21T17:54:41.593623Z","level":"info","event":"Formatting title: The Bourne Supremacy","logger":"root","filename":"ingestion_dag.py","lineno":93}
{"timestamp":"2025-12-21T17:54:41.593652Z","level":"info","event":"Formatting title: The Bourne Ultimatum","logger":"root","filename":"ingestion_dag.py","lineno":93}
{"timestamp":"2025-12-21T17:54:41.593676Z","level":"info","event":"Formatting title: The Boxtrolls","logger":"root","filename":"ingestion_dag.py","lineno":93}
{"timestamp":"2025-12-21T17:54:41.593701Z","level":"info","event":"Formatting title: The Boy","logger":"root","filename":"ingestion_dag.py","lineno":93}
{"timestamp":"2025-12-21T17:54:41.593725Z","level":"info","event":"Formatting title: The Brady Bunch Movie","logger":"root","filename":"ingestion_dag.py","lineno":93}
{"timestamp":"2025-12-21T17:54:41.593751Z","level":"info","event":"Formatting title: The Breakfast Club","logger":"root","filename":"ingestion_dag.py","lineno":93}
{"timestamp":"2025-12-21T17:54:41.593776Z","level":"info","event":"Formatting title: The Brothers Bloom","logger":"root","filename":"ingestion_dag.py","lineno":93}
{"timestamp":"2025-12-21T17:54:41.593801Z","level":"info","event":"Formatting title: The Brutalist","logger":"root","filename":"ingestion_dag.py","lineno":93}
{"timestamp":"2025-12-21T17:54:41.593825Z","level":"info","event":"Formatting title: The Burbs","logger":"root","filename":"ingestion_dag.py","lineno":93}
{"timestamp":"2025-12-21T17:54:41.593849Z","level":"info","event":"Formatting title: The Burial","logger":"root","filename":"ingestion_dag.py","lineno":93}
{"timestamp":"2025-12-21T17:54:41.593874Z","level":"info","event":"Formatting title: The Cabin In The Woods","logger":"root","filename":"ingestion_dag.py","lineno":93}
{"timestamp":"2025-12-21T17:54:41.593899Z","level":"info","event":"Formatting title: The Card Counter","logger":"root","filename":"ingestion_dag.py","lineno":93}
{"timestamp":"2025-12-21T17:54:41.593925Z","level":"info","event":"Formatting title: The Children Of The Corn","logger":"root","filename":"ingestion_dag.py","lineno":93}
{"timestamp":"2025-12-21T17:54:41.593949Z","level":"info","event":"Formatting title: The Civil Dead","logger":"root","filename":"ingestion_dag.py","lineno":93}
{"timestamp":"2025-12-21T17:54:41.593976Z","level":"info","event":"Formatting title: The Color Purple","logger":"root","filename":"ingestion_dag.py","lineno":93}
{"timestamp":"2025-12-21T17:54:41.594003Z","level":"info","event":"Formatting title: The Color Purple","logger":"root","filename":"ingestion_dag.py","lineno":93}
{"timestamp":"2025-12-21T17:54:41.594031Z","level":"info","event":"Formatting title: The Comedian","logger":"root","filename":"ingestion_dag.py","lineno":93}
{"timestamp":"2025-12-21T17:54:41.594059Z","level":"info","event":"Formatting title: The Conjuring","logger":"root","filename":"ingestion_dag.py","lineno":93}
{"timestamp":"2025-12-21T17:54:41.594086Z","level":"info","event":"Formatting title: The Conversation","logger":"root","filename":"ingestion_dag.py","lineno":93}
{"timestamp":"2025-12-21T17:54:41.594110Z","level":"info","event":"Formatting title: The Cotton Club","logger":"root","filename":"ingestion_dag.py","lineno":93}
{"timestamp":"2025-12-21T17:54:41.594138Z","level":"info","event":"Formatting title: The Craft","logger":"root","filename":"ingestion_dag.py","lineno":93}
{"timestamp":"2025-12-21T17:54:41.594163Z","level":"info","event":"Formatting title: The Crow","logger":"root","filename":"ingestion_dag.py","lineno":93}
{"timestamp":"2025-12-21T17:54:41.594193Z","level":"info","event":"Formatting title: The Curious Case Of Benjamin Button","logger":"root","filename":"ingestion_dag.py","lineno":93}
{"timestamp":"2025-12-21T17:54:41.594221Z","level":"info","event":"Formatting title: The Cutting Edge","logger":"root","filename":"ingestion_dag.py","lineno":93}
{"timestamp":"2025-12-21T17:54:41.594246Z","level":"info","event":"Formatting title: The Danish Girl","logger":"root","filename":"ingestion_dag.py","lineno":93}
{"timestamp":"2025-12-21T17:54:41.594270Z","level":"info","event":"Formatting title: The Dark Knight","logger":"root","filename":"ingestion_dag.py","lineno":93}
{"timestamp":"2025-12-21T17:54:41.594295Z","level":"info","event":"Formatting title: The Dark Knight Rises","logger":"root","filename":"ingestion_dag.py","lineno":93}
{"timestamp":"2025-12-21T17:54:41.594320Z","level":"info","event":"Formatting title: The Dead Zone","logger":"root","filename":"ingestion_dag.py","lineno":93}
{"timestamp":"2025-12-21T17:54:41.594345Z","level":"info","event":"Formatting title: The Deer Hunter","logger":"root","filename":"ingestion_dag.py","lineno":93}
{"timestamp":"2025-12-21T17:54:41.594370Z","level":"info","event":"Formatting title: The Departed","logger":"root","filename":"ingestion_dag.py","lineno":93}
{"timestamp":"2025-12-21T17:54:41.594394Z","level":"info","event":"Formatting title: The Descendants","logger":"root","filename":"ingestion_dag.py","lineno":93}
{"timestamp":"2025-12-21T17:54:41.594419Z","level":"info","event":"Formatting title: The Descent","logger":"root","filename":"ingestion_dag.py","lineno":93}
{"timestamp":"2025-12-21T17:54:41.594444Z","level":"info","event":"Formatting title: The Devil Wears Prada","logger":"root","filename":"ingestion_dag.py","lineno":93}
{"timestamp":"2025-12-21T17:54:41.594469Z","level":"info","event":"Formatting title: The Devils Advocate","logger":"root","filename":"ingestion_dag.py","lineno":93}
{"timestamp":"2025-12-21T17:54:41.594492Z","level":"info","event":"Formatting title: The Devils Rejects","logger":"root","filename":"ingestion_dag.py","lineno":93}
{"timestamp":"2025-12-21T17:54:41.594516Z","level":"info","event":"Formatting title: The Disaster Artist","logger":"root","filename":"ingestion_dag.py","lineno":93}
{"timestamp":"2025-12-21T17:54:41.594540Z","level":"info","event":"Formatting title: The Double","logger":"root","filename":"ingestion_dag.py","lineno":93}
{"timestamp":"2025-12-21T17:54:41.594564Z","level":"info","event":"Formatting title: The Driver","logger":"root","filename":"ingestion_dag.py","lineno":93}
{"timestamp":"2025-12-21T17:54:41.594588Z","level":"info","event":"Formatting title: The Edge Of Seventeen","logger":"root","filename":"ingestion_dag.py","lineno":93}
{"timestamp":"2025-12-21T17:54:41.594615Z","level":"info","event":"Formatting title: The Electrical Life Of Louis Wain","logger":"root","filename":"ingestion_dag.py","lineno":93}
{"timestamp":"2025-12-21T17:54:41.594640Z","level":"info","event":"Formatting title: The Entity","logger":"root","filename":"ingestion_dag.py","lineno":93}
{"timestamp":"2025-12-21T17:54:41.594664Z","level":"info","event":"Formatting title: The Event","logger":"root","filename":"ingestion_dag.py","lineno":93}
{"timestamp":"2025-12-21T17:54:41.594690Z","level":"info","event":"Formatting title: The Evil Dead","logger":"root","filename":"ingestion_dag.py","lineno":93}
{"timestamp":"2025-12-21T17:54:41.594716Z","level":"info","event":"Formatting title: The Exorcist","logger":"root","filename":"ingestion_dag.py","lineno":93}
{"timestamp":"2025-12-21T17:54:41.594743Z","level":"info","event":"Formatting title: The Exorcist 3","logger":"root","filename":"ingestion_dag.py","lineno":93}
{"timestamp":"2025-12-21T17:54:41.594767Z","level":"info","event":"Formatting title: The Expendables","logger":"root","filename":"ingestion_dag.py","lineno":93}
{"timestamp":"2025-12-21T17:54:41.594791Z","level":"info","event":"Formatting title: The Fabelmans","logger":"root","filename":"ingestion_dag.py","lineno":93}
{"timestamp":"2025-12-21T17:54:41.594815Z","level":"info","event":"Formatting title: The Faculty","logger":"root","filename":"ingestion_dag.py","lineno":93}
{"timestamp":"2025-12-21T17:54:41.594840Z","level":"info","event":"Formatting title: The Farewell","logger":"root","filename":"ingestion_dag.py","lineno":93}
{"timestamp":"2025-12-21T17:54:41.594863Z","level":"info","event":"Formatting title: The Fast And The Furious","logger":"root","filename":"ingestion_dag.py","lineno":93}
{"timestamp":"2025-12-21T17:54:41.594888Z","level":"info","event":"Formatting title: The Father","logger":"root","filename":"ingestion_dag.py","lineno":93}
{"timestamp":"2025-12-21T17:54:41.594913Z","level":"info","event":"Formatting title: The Fault In Our Stars","logger":"root","filename":"ingestion_dag.py","lineno":93}
{"timestamp":"2025-12-21T17:54:41.594940Z","level":"info","event":"Formatting title: The Favourite","logger":"root","filename":"ingestion_dag.py","lineno":93}
{"timestamp":"2025-12-21T17:54:41.594971Z","level":"info","event":"Formatting title: The Fifth Element","logger":"root","filename":"ingestion_dag.py","lineno":93}
{"timestamp":"2025-12-21T17:54:41.594997Z","level":"info","event":"Formatting title: The Firm","logger":"root","filename":"ingestion_dag.py","lineno":93}
{"timestamp":"2025-12-21T17:54:41.595026Z","level":"info","event":"Formatting title: The Florida Project","logger":"root","filename":"ingestion_dag.py","lineno":93}
{"timestamp":"2025-12-21T17:54:41.595053Z","level":"info","event":"Formatting title: The Fly","logger":"root","filename":"ingestion_dag.py","lineno":93}
{"timestamp":"2025-12-21T17:54:41.595098Z","level":"info","event":"Formatting title: The Fly 2","logger":"root","filename":"ingestion_dag.py","lineno":93}
{"timestamp":"2025-12-21T17:54:41.595137Z","level":"info","event":"Formatting title: The Fog","logger":"root","filename":"ingestion_dag.py","lineno":93}
{"timestamp":"2025-12-21T17:54:41.595174Z","level":"info","event":"Formatting title: The Founder","logger":"root","filename":"ingestion_dag.py","lineno":93}
{"timestamp":"2025-12-21T17:54:41.595208Z","level":"info","event":"Formatting title: The Fourth Kind","logger":"root","filename":"ingestion_dag.py","lineno":93}
{"timestamp":"2025-12-21T17:54:41.595244Z","level":"info","event":"Formatting title: The French Connection","logger":"root","filename":"ingestion_dag.py","lineno":93}
{"timestamp":"2025-12-21T17:54:41.595279Z","level":"info","event":"Formatting title: The French Dispatch","logger":"root","filename":"ingestion_dag.py","lineno":93}
{"timestamp":"2025-12-21T17:54:41.595308Z","level":"info","event":"Formatting title: The Frighteners","logger":"root","filename":"ingestion_dag.py","lineno":93}
{"timestamp":"2025-12-21T17:54:41.595346Z","level":"info","event":"Formatting title: The Front Runner","logger":"root","filename":"ingestion_dag.py","lineno":93}
{"timestamp":"2025-12-21T17:54:41.595377Z","level":"info","event":"Formatting title: The Gambler","logger":"root","filename":"ingestion_dag.py","lineno":93}
{"timestamp":"2025-12-21T17:54:41.595403Z","level":"info","event":"Formatting title: The Gentlemen","logger":"root","filename":"ingestion_dag.py","lineno":93}
{"timestamp":"2025-12-21T17:54:41.595429Z","level":"info","event":"Formatting title: The Girl On The Train","logger":"root","filename":"ingestion_dag.py","lineno":93}
{"timestamp":"2025-12-21T17:54:41.595457Z","level":"info","event":"Formatting title: The Girl With The Dragon Tattoo","logger":"root","filename":"ingestion_dag.py","lineno":93}
{"timestamp":"2025-12-21T17:54:41.595488Z","level":"info","event":"Formatting title: The Godfather","logger":"root","filename":"ingestion_dag.py","lineno":93}
{"timestamp":"2025-12-21T17:54:41.595513Z","level":"info","event":"Formatting title: The Godfather Part 2","logger":"root","filename":"ingestion_dag.py","lineno":93}
{"timestamp":"2025-12-21T17:54:41.595538Z","level":"info","event":"Formatting title: The Godfather Part 3","logger":"root","filename":"ingestion_dag.py","lineno":93}
{"timestamp":"2025-12-21T17:54:41.595567Z","level":"info","event":"Formatting title: The Good Dinosaur","logger":"root","filename":"ingestion_dag.py","lineno":93}
{"timestamp":"2025-12-21T17:54:41.595599Z","level":"info","event":"Formatting title: The Good Nurse","logger":"root","filename":"ingestion_dag.py","lineno":93}
{"timestamp":"2025-12-21T17:54:41.595630Z","level":"info","event":"Formatting title: The Good Shepherd","logger":"root","filename":"ingestion_dag.py","lineno":93}
{"timestamp":"2025-12-21T17:54:41.595661Z","level":"info","event":"Formatting title: The Goodbye Girl","logger":"root","filename":"ingestion_dag.py","lineno":93}
{"timestamp":"2025-12-21T17:54:41.595689Z","level":"info","event":"Formatting title: The Goonies","logger":"root","filename":"ingestion_dag.py","lineno":93}
{"timestamp":"2025-12-21T17:54:41.595714Z","level":"info","event":"Formatting title: The Graduate","logger":"root","filename":"ingestion_dag.py","lineno":93}
{"timestamp":"2025-12-21T17:54:41.595740Z","level":"info","event":"Formatting title: The Grand Budapest Hotel","logger":"root","filename":"ingestion_dag.py","lineno":93}
{"timestamp":"2025-12-21T17:54:41.595767Z","level":"info","event":"Formatting title: The Great Escape","logger":"root","filename":"ingestion_dag.py","lineno":93}
{"timestamp":"2025-12-21T17:54:41.595792Z","level":"info","event":"Formatting title: The Great Muppet Caper","logger":"root","filename":"ingestion_dag.py","lineno":93}
{"timestamp":"2025-12-21T17:54:41.595817Z","level":"info","event":"Formatting title: The Greatest Showman","logger":"root","filename":"ingestion_dag.py","lineno":93}
{"timestamp":"2025-12-21T17:54:41.595854Z","level":"info","event":"Formatting title: The Grudge","logger":"root","filename":"ingestion_dag.py","lineno":93}
{"timestamp":"2025-12-21T17:54:41.595886Z","level":"info","event":"Formatting title: The Grudge","logger":"root","filename":"ingestion_dag.py","lineno":93}
{"timestamp":"2025-12-21T17:54:41.595919Z","level":"info","event":"Formatting title: The Guest","logger":"root","filename":"ingestion_dag.py","lineno":93}
{"timestamp":"2025-12-21T17:54:41.595952Z","level":"info","event":"Formatting title: The Hand Of God","logger":"root","filename":"ingestion_dag.py","lineno":93}
{"timestamp":"2025-12-21T17:54:41.595980Z","level":"info","event":"Formatting title: The Hangover","logger":"root","filename":"ingestion_dag.py","lineno":93}
{"timestamp":"2025-12-21T17:54:41.596046Z","level":"info","event":"Formatting title: The Happy Prince","logger":"root","filename":"ingestion_dag.py","lineno":93}
{"timestamp":"2025-12-21T17:54:41.596082Z","level":"info","event":"Formatting title: The Harder They Fall","logger":"root","filename":"ingestion_dag.py","lineno":93}
{"timestamp":"2025-12-21T17:54:41.596121Z","level":"info","event":"Formatting title: The Hate You Give","logger":"root","filename":"ingestion_dag.py","lineno":93}
{"timestamp":"2025-12-21T17:54:41.596151Z","level":"info","event":"Formatting title: The Hateful Eight","logger":"root","filename":"ingestion_dag.py","lineno":93}
{"timestamp":"2025-12-21T17:54:41.596177Z","level":"info","event":"Formatting title: The Haunted Mansion","logger":"root","filename":"ingestion_dag.py","lineno":93}
{"timestamp":"2025-12-21T17:54:41.596206Z","level":"info","event":"Formatting title: The Help","logger":"root","filename":"ingestion_dag.py","lineno":93}
{"timestamp":"2025-12-21T17:54:41.596239Z","level":"info","event":"Formatting title: The Hills Have Eyes","logger":"root","filename":"ingestion_dag.py","lineno":93}
{"timestamp":"2025-12-21T17:54:41.596286Z","level":"info","event":"Formatting title: The Hitcher","logger":"root","filename":"ingestion_dag.py","lineno":93}
{"timestamp":"2025-12-21T17:54:41.596343Z","level":"info","event":"Formatting title: The Hitchhikers Guide To The Galaxy","logger":"root","filename":"ingestion_dag.py","lineno":93}
{"timestamp":"2025-12-21T17:54:41.596395Z","level":"info","event":"Formatting title: The Hitmans Bodyguard","logger":"root","filename":"ingestion_dag.py","lineno":93}
{"timestamp":"2025-12-21T17:54:41.596428Z","level":"info","event":"Formatting title: The Hobbit An Unexpected Journey","logger":"root","filename":"ingestion_dag.py","lineno":93}
{"timestamp":"2025-12-21T17:54:41.596455Z","level":"info","event":"Formatting title: The Hobbit The Desolation Of Smaug","logger":"root","filename":"ingestion_dag.py","lineno":93}
{"timestamp":"2025-12-21T17:54:41.596482Z","level":"info","event":"Formatting title: The Holdovers","logger":"root","filename":"ingestion_dag.py","lineno":93}
{"timestamp":"2025-12-21T17:54:41.596509Z","level":"info","event":"Formatting title: The Hole","logger":"root","filename":"ingestion_dag.py","lineno":93}
{"timestamp":"2025-12-21T17:54:41.596542Z","level":"info","event":"Formatting title: The Holiday","logger":"root","filename":"ingestion_dag.py","lineno":93}
{"timestamp":"2025-12-21T17:54:41.596568Z","level":"info","event":"Formatting title: The Hollars","logger":"root","filename":"ingestion_dag.py","lineno":93}
{"timestamp":"2025-12-21T17:54:41.596598Z","level":"info","event":"Formatting title: The Hours","logger":"root","filename":"ingestion_dag.py","lineno":93}
{"timestamp":"2025-12-21T17:54:41.596640Z","level":"info","event":"Formatting title: The Howling","logger":"root","filename":"ingestion_dag.py","lineno":93}
{"timestamp":"2025-12-21T17:54:41.596667Z","level":"info","event":"Formatting title: The Humans","logger":"root","filename":"ingestion_dag.py","lineno":93}
{"timestamp":"2025-12-21T17:54:41.596693Z","level":"info","event":"Formatting title: The Hummingbird Project","logger":"root","filename":"ingestion_dag.py","lineno":93}
{"timestamp":"2025-12-21T17:54:41.596718Z","level":"info","event":"Formatting title: The Hunger Games","logger":"root","filename":"ingestion_dag.py","lineno":93}
{"timestamp":"2025-12-21T17:54:41.596743Z","level":"info","event":"Formatting title: The Hunger Games Catching Fire","logger":"root","filename":"ingestion_dag.py","lineno":93}
{"timestamp":"2025-12-21T17:54:41.596769Z","level":"info","event":"Formatting title: The Hurt Locker","logger":"root","filename":"ingestion_dag.py","lineno":93}
{"timestamp":"2025-12-21T17:54:41.596795Z","level":"info","event":"Formatting title: The Hustler","logger":"root","filename":"ingestion_dag.py","lineno":93}
{"timestamp":"2025-12-21T17:54:41.596820Z","level":"info","event":"Formatting title: The Imaginarium Of Doctor Parnassus","logger":"root","filename":"ingestion_dag.py","lineno":93}
{"timestamp":"2025-12-21T17:54:41.596881Z","level":"info","event":"Formatting title: The Imitation Game","logger":"root","filename":"ingestion_dag.py","lineno":93}
{"timestamp":"2025-12-21T17:54:41.596913Z","level":"info","event":"Formatting title: The Incredible Burt Wonderstone","logger":"root","filename":"ingestion_dag.py","lineno":93}
{"timestamp":"2025-12-21T17:54:41.596946Z","level":"info","event":"Formatting title: The Incredible Hulk","logger":"root","filename":"ingestion_dag.py","lineno":93}
{"timestamp":"2025-12-21T17:54:41.596981Z","level":"info","event":"Formatting title: The Incredibles","logger":"root","filename":"ingestion_dag.py","lineno":93}
{"timestamp":"2025-12-21T17:54:41.597015Z","level":"info","event":"Formatting title: The Informant","logger":"root","filename":"ingestion_dag.py","lineno":93}
{"timestamp":"2025-12-21T17:54:41.597042Z","level":"info","event":"Formatting title: The Internship","logger":"root","filename":"ingestion_dag.py","lineno":93}
{"timestamp":"2025-12-21T17:54:41.597066Z","level":"info","event":"Formatting title: The Interpreter","logger":"root","filename":"ingestion_dag.py","lineno":93}
{"timestamp":"2025-12-21T17:54:41.597093Z","level":"info","event":"Formatting title: The Interview","logger":"root","filename":"ingestion_dag.py","lineno":93}
{"timestamp":"2025-12-21T17:54:41.597117Z","level":"info","event":"Formatting title: The Invisible Woman","logger":"root","filename":"ingestion_dag.py","lineno":93}
{"timestamp":"2025-12-21T17:54:41.597143Z","level":"info","event":"Formatting title: The Invitation","logger":"root","filename":"ingestion_dag.py","lineno":93}
{"timestamp":"2025-12-21T17:54:41.597167Z","level":"info","event":"Formatting title: The Irishman","logger":"root","filename":"ingestion_dag.py","lineno":93}
{"timestamp":"2025-12-21T17:54:41.597219Z","level":"info","event":"Formatting title: The Iron Claw","logger":"root","filename":"ingestion_dag.py","lineno":93}
{"timestamp":"2025-12-21T17:54:41.597254Z","level":"info","event":"Formatting title: The Iron Giant","logger":"root","filename":"ingestion_dag.py","lineno":93}
{"timestamp":"2025-12-21T17:54:41.597282Z","level":"info","event":"Formatting title: The Island Of Dr Moreau","logger":"root","filename":"ingestion_dag.py","lineno":93}
{"timestamp":"2025-12-21T17:54:41.597310Z","level":"info","event":"Formatting title: The Jerk","logger":"root","filename":"ingestion_dag.py","lineno":93}
{"timestamp":"2025-12-21T17:54:41.597337Z","level":"info","event":"Formatting title: The Jewel Of The Nile","logger":"root","filename":"ingestion_dag.py","lineno":93}
{"timestamp":"2025-12-21T17:54:41.597363Z","level":"info","event":"Formatting title: The Karate Kid Part 2","logger":"root","filename":"ingestion_dag.py","lineno":93}
{"timestamp":"2025-12-21T17:54:41.597393Z","level":"info","event":"Formatting title: The Karate Kid Part 3","logger":"root","filename":"ingestion_dag.py","lineno":93}
{"timestamp":"2025-12-21T17:54:41.597420Z","level":"info","event":"Formatting title: The Kids Are All Right","logger":"root","filename":"ingestion_dag.py","lineno":93}
{"timestamp":"2025-12-21T17:54:41.597451Z","level":"info","event":"Formatting title: The Killer","logger":"root","filename":"ingestion_dag.py","lineno":93}
{"timestamp":"2025-12-21T17:54:41.597478Z","level":"info","event":"Formatting title: The Killing Of A Sacred Deer","logger":"root","filename":"ingestion_dag.py","lineno":93}
{"timestamp":"2025-12-21T17:54:41.597505Z","level":"info","event":"Formatting title: The King","logger":"root","filename":"ingestion_dag.py","lineno":93}
{"timestamp":"2025-12-21T17:54:41.597535Z","level":"info","event":"Formatting title: The King Of Comedy","logger":"root","filename":"ingestion_dag.py","lineno":93}
{"timestamp":"2025-12-21T17:54:41.597560Z","level":"info","event":"Formatting title: The Kings Speech","logger":"root","filename":"ingestion_dag.py","lineno":93}
{"timestamp":"2025-12-21T17:54:41.597587Z","level":"info","event":"Formatting title: The Last Boy Scout","logger":"root","filename":"ingestion_dag.py","lineno":93}
{"timestamp":"2025-12-21T17:54:41.597613Z","level":"info","event":"Formatting title: The Last Castle","logger":"root","filename":"ingestion_dag.py","lineno":93}
{"timestamp":"2025-12-21T17:54:41.597638Z","level":"info","event":"Formatting title: The Last Picture Show","logger":"root","filename":"ingestion_dag.py","lineno":93}
{"timestamp":"2025-12-21T17:54:41.597661Z","level":"info","event":"Formatting title: The Last Station","logger":"root","filename":"ingestion_dag.py","lineno":93}
{"timestamp":"2025-12-21T17:54:41.597690Z","level":"info","event":"Formatting title: The Last Temptation Of Christ","logger":"root","filename":"ingestion_dag.py","lineno":93}
{"timestamp":"2025-12-21T17:54:41.597715Z","level":"info","event":"Formatting title: The Legend Of Zorro","logger":"root","filename":"ingestion_dag.py","lineno":93}
{"timestamp":"2025-12-21T17:54:41.597740Z","level":"info","event":"Formatting title: The Lego Movie","logger":"root","filename":"ingestion_dag.py","lineno":93}
{"timestamp":"2025-12-21T17:54:41.597768Z","level":"info","event":"Formatting title: The Lighthouse","logger":"root","filename":"ingestion_dag.py","lineno":93}
{"timestamp":"2025-12-21T17:54:41.597794Z","level":"info","event":"Formatting title: The Lincoln Lawyer","logger":"root","filename":"ingestion_dag.py","lineno":93}
{"timestamp":"2025-12-21T17:54:41.597819Z","level":"info","event":"Formatting title: The Lion In Winter","logger":"root","filename":"ingestion_dag.py","lineno":93}
{"timestamp":"2025-12-21T17:54:41.597844Z","level":"info","event":"Formatting title: The Lion King","logger":"root","filename":"ingestion_dag.py","lineno":93}
{"timestamp":"2025-12-21T17:54:41.597869Z","level":"info","event":"Formatting title: The Little Mermaid","logger":"root","filename":"ingestion_dag.py","lineno":93}
{"timestamp":"2025-12-21T17:54:41.597894Z","level":"info","event":"Formatting title: The Living Daylights","logger":"root","filename":"ingestion_dag.py","lineno":93}
{"timestamp":"2025-12-21T17:54:41.597921Z","level":"info","event":"Formatting title: The Lobster","logger":"root","filename":"ingestion_dag.py","lineno":93}
{"timestamp":"2025-12-21T17:54:41.597950Z","level":"info","event":"Formatting title: The Lone Ranger","logger":"root","filename":"ingestion_dag.py","lineno":93}
{"timestamp":"2025-12-21T17:54:41.597979Z","level":"info","event":"Formatting title: The Long Goodbye","logger":"root","filename":"ingestion_dag.py","lineno":93}
{"timestamp":"2025-12-21T17:54:41.598005Z","level":"info","event":"Formatting title: The Long Kiss Goodnight","logger":"root","filename":"ingestion_dag.py","lineno":93}
{"timestamp":"2025-12-21T17:54:41.598030Z","level":"info","event":"Formatting title: The Lorax","logger":"root","filename":"ingestion_dag.py","lineno":93}
{"timestamp":"2025-12-21T17:54:41.598060Z","level":"info","event":"Formatting title: The Lord Of The Rings The Fellowship Of The Ring","logger":"root","filename":"ingestion_dag.py","lineno":93}
{"timestamp":"2025-12-21T17:54:41.598088Z","level":"info","event":"Formatting title: The Lord Of The Rings The Return Of The King","logger":"root","filename":"ingestion_dag.py","lineno":93}
{"timestamp":"2025-12-21T17:54:41.598118Z","level":"info","event":"Formatting title: The Lord Of The Rings The Two Towers","logger":"root","filename":"ingestion_dag.py","lineno":93}
{"timestamp":"2025-12-21T17:54:41.648592Z","level":"info","event":"Formatting title: The Lost Boys","logger":"root","filename":"ingestion_dag.py","lineno":93}
{"timestamp":"2025-12-21T17:54:41.648694Z","level":"info","event":"Formatting title: The Lost City Of Z","logger":"root","filename":"ingestion_dag.py","lineno":93}
{"timestamp":"2025-12-21T17:54:41.648732Z","level":"info","event":"Formatting title: The Lost Daughter","logger":"root","filename":"ingestion_dag.py","lineno":93}
{"timestamp":"2025-12-21T17:54:41.648763Z","level":"info","event":"Formatting title: The Lost Weekend","logger":"root","filename":"ingestion_dag.py","lineno":93}
{"timestamp":"2025-12-21T17:54:41.648792Z","level":"info","event":"Formatting title: The Lost World Jurassic Park","logger":"root","filename":"ingestion_dag.py","lineno":93}
{"timestamp":"2025-12-21T17:54:41.648820Z","level":"info","event":"Formatting title: The Lunchbox","logger":"root","filename":"ingestion_dag.py","lineno":93}
{"timestamp":"2025-12-21T17:54:41.648849Z","level":"info","event":"Formatting title: The Majestic","logger":"root","filename":"ingestion_dag.py","lineno":93}
{"timestamp":"2025-12-21T17:54:41.648877Z","level":"info","event":"Formatting title: The Maltese Falcon","logger":"root","filename":"ingestion_dag.py","lineno":93}
{"timestamp":"2025-12-21T17:54:41.648910Z","level":"info","event":"Formatting title: The Man From Uncle","logger":"root","filename":"ingestion_dag.py","lineno":93}
{"timestamp":"2025-12-21T17:54:41.648937Z","level":"info","event":"Formatting title: The Man Who Invented Christmas","logger":"root","filename":"ingestion_dag.py","lineno":93}
{"timestamp":"2025-12-21T17:54:41.648967Z","level":"info","event":"Formatting title: The Manchurian Candidate","logger":"root","filename":"ingestion_dag.py","lineno":93}
{"timestamp":"2025-12-21T17:54:41.649001Z","level":"info","event":"Formatting title: The Martian","logger":"root","filename":"ingestion_dag.py","lineno":93}
{"timestamp":"2025-12-21T17:54:41.649029Z","level":"info","event":"Formatting title: The Mask","logger":"root","filename":"ingestion_dag.py","lineno":93}
{"timestamp":"2025-12-21T17:54:41.649057Z","level":"info","event":"Formatting title: The Mask Of Zorro","logger":"root","filename":"ingestion_dag.py","lineno":93}
{"timestamp":"2025-12-21T17:54:41.649084Z","level":"info","event":"Formatting title: The Master","logger":"root","filename":"ingestion_dag.py","lineno":93}
{"timestamp":"2025-12-21T17:54:41.649111Z","level":"info","event":"Formatting title: The Matador","logger":"root","filename":"ingestion_dag.py","lineno":93}
{"timestamp":"2025-12-21T17:54:41.649143Z","level":"info","event":"Formatting title: The Matrix","logger":"root","filename":"ingestion_dag.py","lineno":93}
{"timestamp":"2025-12-21T17:54:41.649172Z","level":"info","event":"Formatting title: The Matrix Reloaded","logger":"root","filename":"ingestion_dag.py","lineno":93}
{"timestamp":"2025-12-21T17:54:41.649198Z","level":"info","event":"Formatting title: The Matrix Revolutions","logger":"root","filename":"ingestion_dag.py","lineno":93}
{"timestamp":"2025-12-21T17:54:41.649228Z","level":"info","event":"Formatting title: The Maze Runner","logger":"root","filename":"ingestion_dag.py","lineno":93}
{"timestamp":"2025-12-21T17:54:41.649254Z","level":"info","event":"Formatting title: The Meddler","logger":"root","filename":"ingestion_dag.py","lineno":93}
{"timestamp":"2025-12-21T17:54:41.649282Z","level":"info","event":"Formatting title: The Meg","logger":"root","filename":"ingestion_dag.py","lineno":93}
{"timestamp":"2025-12-21T17:54:41.649308Z","level":"info","event":"Formatting title: The Men Who Stare At Goats","logger":"root","filename":"ingestion_dag.py","lineno":93}
{"timestamp":"2025-12-21T17:54:41.649336Z","level":"info","event":"Formatting title: The Menu","logger":"root","filename":"ingestion_dag.py","lineno":93}
{"timestamp":"2025-12-21T17:54:41.649370Z","level":"info","event":"Formatting title: The Midnight Sky","logger":"root","filename":"ingestion_dag.py","lineno":93}
{"timestamp":"2025-12-21T17:54:41.649397Z","level":"info","event":"Formatting title: The Mighty Ducks","logger":"root","filename":"ingestion_dag.py","lineno":93}
{"timestamp":"2025-12-21T17:54:41.649425Z","level":"info","event":"Formatting title: The Miracle Club","logger":"root","filename":"ingestion_dag.py","lineno":93}
{"timestamp":"2025-12-21T17:54:41.649450Z","level":"info","event":"Formatting title: The Mitchells Vs The Machines","logger":"root","filename":"ingestion_dag.py","lineno":93}
{"timestamp":"2025-12-21T17:54:41.649476Z","level":"info","event":"Formatting title: The Mother","logger":"root","filename":"ingestion_dag.py","lineno":93}
{"timestamp":"2025-12-21T17:54:41.649502Z","level":"info","event":"Formatting title: The Mummy","logger":"root","filename":"ingestion_dag.py","lineno":93}
{"timestamp":"2025-12-21T17:54:41.649530Z","level":"info","event":"Formatting title: The Mummy","logger":"root","filename":"ingestion_dag.py","lineno":93}
{"timestamp":"2025-12-21T17:54:41.649559Z","level":"info","event":"Formatting title: The Mummy Returns","logger":"root","filename":"ingestion_dag.py","lineno":93}
{"timestamp":"2025-12-21T17:54:41.649589Z","level":"info","event":"Formatting title: The Mummy Tomb Of The Dragon Emperor","logger":"root","filename":"ingestion_dag.py","lineno":93}
{"timestamp":"2025-12-21T17:54:41.649615Z","level":"info","event":"Formatting title: The Naked Gun 2½ The Smell Of Fear","logger":"root","filename":"ingestion_dag.py","lineno":93}
{"timestamp":"2025-12-21T17:54:41.649645Z","level":"info","event":"Formatting title: The Naked Gun From The Files Of Police Squad","logger":"root","filename":"ingestion_dag.py","lineno":93}
{"timestamp":"2025-12-21T17:54:41.649676Z","level":"info","event":"Formatting title: The Neon Demon","logger":"root","filename":"ingestion_dag.py","lineno":93}
{"timestamp":"2025-12-21T17:54:41.649708Z","level":"info","event":"Formatting title: The Nice Guys","logger":"root","filename":"ingestion_dag.py","lineno":93}
{"timestamp":"2025-12-21T17:54:41.649750Z","level":"info","event":"Formatting title: The Night House","logger":"root","filename":"ingestion_dag.py","lineno":93}
{"timestamp":"2025-12-21T17:54:41.649777Z","level":"info","event":"Formatting title: The Nightmare Before Christmas","logger":"root","filename":"ingestion_dag.py","lineno":93}
{"timestamp":"2025-12-21T17:54:41.649803Z","level":"info","event":"Formatting title: The Nines","logger":"root","filename":"ingestion_dag.py","lineno":93}
{"timestamp":"2025-12-21T17:54:41.649832Z","level":"info","event":"Formatting title: The Northman","logger":"root","filename":"ingestion_dag.py","lineno":93}
{"timestamp":"2025-12-21T17:54:41.649860Z","level":"info","event":"Formatting title: The Nun","logger":"root","filename":"ingestion_dag.py","lineno":93}
{"timestamp":"2025-12-21T17:54:41.649886Z","level":"info","event":"Formatting title: The Nutty Professor","logger":"root","filename":"ingestion_dag.py","lineno":93}
{"timestamp":"2025-12-21T17:54:41.649911Z","level":"info","event":"Formatting title: The Old Man And The Gun","logger":"root","filename":"ingestion_dag.py","lineno":93}
{"timestamp":"2025-12-21T17:54:41.649937Z","level":"info","event":"Formatting title: The Omen","logger":"root","filename":"ingestion_dag.py","lineno":93}
{"timestamp":"2025-12-21T17:54:41.649964Z","level":"info","event":"Formatting title: The Other Guys","logger":"root","filename":"ingestion_dag.py","lineno":93}
{"timestamp":"2025-12-21T17:54:41.649991Z","level":"info","event":"Formatting title: The Other Side Of The Wind","logger":"root","filename":"ingestion_dag.py","lineno":93}
{"timestamp":"2025-12-21T17:54:41.650017Z","level":"info","event":"Formatting title: The Others","logger":"root","filename":"ingestion_dag.py","lineno":93}
{"timestamp":"2025-12-21T17:54:41.650042Z","level":"info","event":"Formatting title: The Outrun","logger":"root","filename":"ingestion_dag.py","lineno":93}
{"timestamp":"2025-12-21T17:54:41.650067Z","level":"info","event":"Formatting title: The Outsiders","logger":"root","filename":"ingestion_dag.py","lineno":93}
{"timestamp":"2025-12-21T17:54:41.650092Z","level":"info","event":"Formatting title: The Passion Of The Christ","logger":"root","filename":"ingestion_dag.py","lineno":93}
{"timestamp":"2025-12-21T17:54:41.650116Z","level":"info","event":"Formatting title: The Peanut Butter Falcon","logger":"root","filename":"ingestion_dag.py","lineno":93}
{"timestamp":"2025-12-21T17:54:41.650141Z","level":"info","event":"Formatting title: The Pelican Brief","logger":"root","filename":"ingestion_dag.py","lineno":93}
{"timestamp":"2025-12-21T17:54:41.650167Z","level":"info","event":"Formatting title: The Perfect Storm","logger":"root","filename":"ingestion_dag.py","lineno":93}
{"timestamp":"2025-12-21T17:54:41.650192Z","level":"info","event":"Formatting title: The Perks Of Being A Wallflower","logger":"root","filename":"ingestion_dag.py","lineno":93}
{"timestamp":"2025-12-21T17:54:41.650249Z","level":"info","event":"Formatting title: The Persian Version","logger":"root","filename":"ingestion_dag.py","lineno":93}
{"timestamp":"2025-12-21T17:54:41.650285Z","level":"info","event":"Formatting title: The Phantom","logger":"root","filename":"ingestion_dag.py","lineno":93}
{"timestamp":"2025-12-21T17:54:41.650315Z","level":"info","event":"Formatting title: The Place Beyond The Pines","logger":"root","filename":"ingestion_dag.py","lineno":93}
{"timestamp":"2025-12-21T17:54:41.650343Z","level":"info","event":"Formatting title: The Player","logger":"root","filename":"ingestion_dag.py","lineno":93}
{"timestamp":"2025-12-21T17:54:41.650371Z","level":"info","event":"Formatting title: The Poseidon Adventure","logger":"root","filename":"ingestion_dag.py","lineno":93}
{"timestamp":"2025-12-21T17:54:41.650398Z","level":"info","event":"Formatting title: The Post","logger":"root","filename":"ingestion_dag.py","lineno":93}
{"timestamp":"2025-12-21T17:54:41.650424Z","level":"info","event":"Formatting title: The Power Of The Dog","logger":"root","filename":"ingestion_dag.py","lineno":93}
{"timestamp":"2025-12-21T17:54:41.650451Z","level":"info","event":"Formatting title: The Predator","logger":"root","filename":"ingestion_dag.py","lineno":93}
{"timestamp":"2025-12-21T17:54:41.650481Z","level":"info","event":"Formatting title: The Prestige","logger":"root","filename":"ingestion_dag.py","lineno":93}
{"timestamp":"2025-12-21T17:54:41.650511Z","level":"info","event":"Formatting title: The Princess Bride","logger":"root","filename":"ingestion_dag.py","lineno":93}
{"timestamp":"2025-12-21T17:54:41.650543Z","level":"info","event":"Formatting title: The Proposal","logger":"root","filename":"ingestion_dag.py","lineno":93}
{"timestamp":"2025-12-21T17:54:41.650571Z","level":"info","event":"Formatting title: The Purge","logger":"root","filename":"ingestion_dag.py","lineno":93}
{"timestamp":"2025-12-21T17:54:41.650600Z","level":"info","event":"Formatting title: The Pursuit Of Happyness","logger":"root","filename":"ingestion_dag.py","lineno":93}
{"timestamp":"2025-12-21T17:54:41.650636Z","level":"info","event":"Formatting title: The Rage Carrie 2","logger":"root","filename":"ingestion_dag.py","lineno":93}
{"timestamp":"2025-12-21T17:54:41.650666Z","level":"info","event":"Formatting title: The Red Turtle","logger":"root","filename":"ingestion_dag.py","lineno":93}
{"timestamp":"2025-12-21T17:54:41.650694Z","level":"info","event":"Formatting title: The Revenant","logger":"root","filename":"ingestion_dag.py","lineno":93}
{"timestamp":"2025-12-21T17:54:41.650724Z","level":"info","event":"Formatting title: The Rider","logger":"root","filename":"ingestion_dag.py","lineno":93}
{"timestamp":"2025-12-21T17:54:41.650751Z","level":"info","event":"Formatting title: The Ring","logger":"root","filename":"ingestion_dag.py","lineno":93}
{"timestamp":"2025-12-21T17:54:41.650777Z","level":"info","event":"Formatting title: The Road Warrior","logger":"root","filename":"ingestion_dag.py","lineno":93}
{"timestamp":"2025-12-21T17:54:41.650807Z","level":"info","event":"Formatting title: The Rock","logger":"root","filename":"ingestion_dag.py","lineno":93}
{"timestamp":"2025-12-21T17:54:41.650836Z","level":"info","event":"Formatting title: The Rocketeer","logger":"root","filename":"ingestion_dag.py","lineno":93}
{"timestamp":"2025-12-21T17:54:41.650864Z","level":"info","event":"Formatting title: The Rocky Horror Picture Show","logger":"root","filename":"ingestion_dag.py","lineno":93}
{"timestamp":"2025-12-21T17:54:41.650890Z","level":"info","event":"Formatting title: The Rookie","logger":"root","filename":"ingestion_dag.py","lineno":93}
{"timestamp":"2025-12-21T17:54:41.650923Z","level":"info","event":"Formatting title: The Room Next Door","logger":"root","filename":"ingestion_dag.py","lineno":93}
{"timestamp":"2025-12-21T17:54:41.650957Z","level":"info","event":"Formatting title: The Rover","logger":"root","filename":"ingestion_dag.py","lineno":93}
{"timestamp":"2025-12-21T17:54:41.650986Z","level":"info","event":"Formatting title: The Royal Tenenbaums","logger":"root","filename":"ingestion_dag.py","lineno":93}
{"timestamp":"2025-12-21T17:54:41.651015Z","level":"info","event":"Formatting title: The Rum Diary","logger":"root","filename":"ingestion_dag.py","lineno":93}
{"timestamp":"2025-12-21T17:54:41.651042Z","level":"info","event":"Formatting title: The Sandlot","logger":"root","filename":"ingestion_dag.py","lineno":93}
{"timestamp":"2025-12-21T17:54:41.651067Z","level":"info","event":"Formatting title: The Santa Clause","logger":"root","filename":"ingestion_dag.py","lineno":93}
{"timestamp":"2025-12-21T17:54:41.651094Z","level":"info","event":"Formatting title: The Savages","logger":"root","filename":"ingestion_dag.py","lineno":93}
{"timestamp":"2025-12-21T17:54:41.651123Z","level":"info","event":"Formatting title: The Searchers","logger":"root","filename":"ingestion_dag.py","lineno":93}
{"timestamp":"2025-12-21T17:54:41.651153Z","level":"info","event":"Formatting title: The Secret Life Of Pets","logger":"root","filename":"ingestion_dag.py","lineno":93}
{"timestamp":"2025-12-21T17:54:41.651180Z","level":"info","event":"Formatting title: The Secret Life Of Walter Mitty","logger":"root","filename":"ingestion_dag.py","lineno":93}
{"timestamp":"2025-12-21T17:54:41.651207Z","level":"info","event":"Formatting title: The Sessions","logger":"root","filename":"ingestion_dag.py","lineno":93}
{"timestamp":"2025-12-21T17:54:41.651238Z","level":"info","event":"Formatting title: The Shape Of Water","logger":"root","filename":"ingestion_dag.py","lineno":93}
{"timestamp":"2025-12-21T17:54:41.651267Z","level":"info","event":"Formatting title: The Shawshank Redemption","logger":"root","filename":"ingestion_dag.py","lineno":93}
{"timestamp":"2025-12-21T17:54:41.651295Z","level":"info","event":"Formatting title: The Shining","logger":"root","filename":"ingestion_dag.py","lineno":93}
{"timestamp":"2025-12-21T17:54:41.651329Z","level":"info","event":"Formatting title: The Silence Of The Lambs","logger":"root","filename":"ingestion_dag.py","lineno":93}
{"timestamp":"2025-12-21T17:54:41.651356Z","level":"info","event":"Formatting title: The Sisters Brothers","logger":"root","filename":"ingestion_dag.py","lineno":93}
{"timestamp":"2025-12-21T17:54:41.651386Z","level":"info","event":"Formatting title: The Sixth Sense","logger":"root","filename":"ingestion_dag.py","lineno":93}
{"timestamp":"2025-12-21T17:54:41.651413Z","level":"info","event":"Formatting title: The Skeleton Key","logger":"root","filename":"ingestion_dag.py","lineno":93}
{"timestamp":"2025-12-21T17:54:41.651448Z","level":"info","event":"Formatting title: The Social Network","logger":"root","filename":"ingestion_dag.py","lineno":93}
{"timestamp":"2025-12-21T17:54:41.651481Z","level":"info","event":"Formatting title: The Son","logger":"root","filename":"ingestion_dag.py","lineno":93}
{"timestamp":"2025-12-21T17:54:41.651508Z","level":"info","event":"Formatting title: The Song Of Names","logger":"root","filename":"ingestion_dag.py","lineno":93}
{"timestamp":"2025-12-21T17:54:41.651534Z","level":"info","event":"Formatting title: The Spy Who Dumped Me","logger":"root","filename":"ingestion_dag.py","lineno":93}
{"timestamp":"2025-12-21T17:54:41.651559Z","level":"info","event":"Formatting title: The Spy Who Loved Me","logger":"root","filename":"ingestion_dag.py","lineno":93}
{"timestamp":"2025-12-21T17:54:41.651584Z","level":"info","event":"Formatting title: The Squid And The Whale","logger":"root","filename":"ingestion_dag.py","lineno":93}
{"timestamp":"2025-12-21T17:54:41.651608Z","level":"info","event":"Formatting title: The Star Wars Holiday Special","logger":"root","filename":"ingestion_dag.py","lineno":93}
{"timestamp":"2025-12-21T17:54:41.651634Z","level":"info","event":"Formatting title: The Sting","logger":"root","filename":"ingestion_dag.py","lineno":93}
{"timestamp":"2025-12-21T17:54:41.651670Z","level":"info","event":"Formatting title: The Substance","logger":"root","filename":"ingestion_dag.py","lineno":93}
{"timestamp":"2025-12-21T17:54:41.651698Z","level":"info","event":"Formatting title: The Sun Is Also A Star","logger":"root","filename":"ingestion_dag.py","lineno":93}
{"timestamp":"2025-12-21T17:54:41.651731Z","level":"info","event":"Formatting title: The Super","logger":"root","filename":"ingestion_dag.py","lineno":93}
{"timestamp":"2025-12-21T17:54:41.651764Z","level":"info","event":"Formatting title: The Talented Mr Ripley","logger":"root","filename":"ingestion_dag.py","lineno":93}
{"timestamp":"2025-12-21T17:54:41.651796Z","level":"info","event":"Formatting title: The Teachers Lounge","logger":"root","filename":"ingestion_dag.py","lineno":93}
{"timestamp":"2025-12-21T17:54:41.651828Z","level":"info","event":"Formatting title: The Tender Bar","logger":"root","filename":"ingestion_dag.py","lineno":93}
{"timestamp":"2025-12-21T17:54:41.651858Z","level":"info","event":"Formatting title: The Terminator","logger":"root","filename":"ingestion_dag.py","lineno":93}
{"timestamp":"2025-12-21T17:54:41.651891Z","level":"info","event":"Formatting title: The Texas Chain Saw Massacre","logger":"root","filename":"ingestion_dag.py","lineno":93}
{"timestamp":"2025-12-21T17:54:41.651927Z","level":"info","event":"Formatting title: The Theory Of Everything","logger":"root","filename":"ingestion_dag.py","lineno":93}
{"timestamp":"2025-12-21T17:54:41.651964Z","level":"info","event":"Formatting title: The Thin Red Line","logger":"root","filename":"ingestion_dag.py","lineno":93}
{"timestamp":"2025-12-21T17:54:41.652036Z","level":"info","event":"Formatting title: The Thing","logger":"root","filename":"ingestion_dag.py","lineno":93}
{"timestamp":"2025-12-21T17:54:41.652081Z","level":"info","event":"Formatting title: The Third Man","logger":"root","filename":"ingestion_dag.py","lineno":93}
{"timestamp":"2025-12-21T17:54:41.652117Z","level":"info","event":"Formatting title: The Thomas Crown Affair","logger":"root","filename":"ingestion_dag.py","lineno":93}
{"timestamp":"2025-12-21T17:54:41.652147Z","level":"info","event":"Formatting title: The Tomorrow War","logger":"root","filename":"ingestion_dag.py","lineno":93}
{"timestamp":"2025-12-21T17:54:41.652174Z","level":"info","event":"Formatting title: The Town","logger":"root","filename":"ingestion_dag.py","lineno":93}
{"timestamp":"2025-12-21T17:54:41.652201Z","level":"info","event":"Formatting title: The Toy","logger":"root","filename":"ingestion_dag.py","lineno":93}
{"timestamp":"2025-12-21T17:54:41.652249Z","level":"info","event":"Formatting title: The Tragedy Of Macbeth","logger":"root","filename":"ingestion_dag.py","lineno":93}
{"timestamp":"2025-12-21T17:54:41.652286Z","level":"info","event":"Formatting title: The Tree Of Life","logger":"root","filename":"ingestion_dag.py","lineno":93}
{"timestamp":"2025-12-21T17:54:41.652325Z","level":"info","event":"Formatting title: The Trial Of The Chicago 7","logger":"root","filename":"ingestion_dag.py","lineno":93}
{"timestamp":"2025-12-21T17:54:41.652361Z","level":"info","event":"Formatting title: The Truman Show","logger":"root","filename":"ingestion_dag.py","lineno":93}
{"timestamp":"2025-12-21T17:54:41.652398Z","level":"info","event":"Formatting title: The Two Jakes","logger":"root","filename":"ingestion_dag.py","lineno":93}
{"timestamp":"2025-12-21T17:54:41.652428Z","level":"info","event":"Formatting title: The Two Popes","logger":"root","filename":"ingestion_dag.py","lineno":93}
{"timestamp":"2025-12-21T17:54:41.652461Z","level":"info","event":"Formatting title: The Unborn","logger":"root","filename":"ingestion_dag.py","lineno":93}
{"timestamp":"2025-12-21T17:54:41.652496Z","level":"info","event":"Formatting title: The Usual Suspects","logger":"root","filename":"ingestion_dag.py","lineno":93}
{"timestamp":"2025-12-21T17:54:41.652531Z","level":"info","event":"Formatting title: The Verdict","logger":"root","filename":"ingestion_dag.py","lineno":93}
{"timestamp":"2025-12-21T17:54:41.652574Z","level":"info","event":"Formatting title: The Virgin Suicides","logger":"root","filename":"ingestion_dag.py","lineno":93}
{"timestamp":"2025-12-21T17:54:41.652618Z","level":"info","event":"Formatting title: The Warriors","logger":"root","filename":"ingestion_dag.py","lineno":93}
{"timestamp":"2025-12-21T17:54:41.652648Z","level":"info","event":"Formatting title: The Way Back","logger":"root","filename":"ingestion_dag.py","lineno":93}
{"timestamp":"2025-12-21T17:54:41.652676Z","level":"info","event":"Formatting title: The Wedding Singer","logger":"root","filename":"ingestion_dag.py","lineno":93}
{"timestamp":"2025-12-21T17:54:41.652704Z","level":"info","event":"Formatting title: The Whale","logger":"root","filename":"ingestion_dag.py","lineno":93}
{"timestamp":"2025-12-21T17:54:41.652731Z","level":"info","event":"Formatting title: The White Ribbon","logger":"root","filename":"ingestion_dag.py","lineno":93}
{"timestamp":"2025-12-21T17:54:41.652758Z","level":"info","event":"Formatting title: The White Tiger","logger":"root","filename":"ingestion_dag.py","lineno":93}
{"timestamp":"2025-12-21T17:54:41.652784Z","level":"info","event":"Formatting title: The Wicker Man","logger":"root","filename":"ingestion_dag.py","lineno":93}
{"timestamp":"2025-12-21T17:54:41.652812Z","level":"info","event":"Formatting title: The Wife","logger":"root","filename":"ingestion_dag.py","lineno":93}
{"timestamp":"2025-12-21T17:54:41.652842Z","level":"info","event":"Formatting title: The Wild Bunch","logger":"root","filename":"ingestion_dag.py","lineno":93}
{"timestamp":"2025-12-21T17:54:41.652866Z","level":"info","event":"Formatting title: The Wild Robot","logger":"root","filename":"ingestion_dag.py","lineno":93}
{"timestamp":"2025-12-21T17:54:41.652891Z","level":"info","event":"Formatting title: The Witch","logger":"root","filename":"ingestion_dag.py","lineno":93}
{"timestamp":"2025-12-21T17:54:41.652916Z","level":"info","event":"Formatting title: The Witches","logger":"root","filename":"ingestion_dag.py","lineno":93}
{"timestamp":"2025-12-21T17:54:41.652941Z","level":"info","event":"Formatting title: The Wizard Of Oz","logger":"root","filename":"ingestion_dag.py","lineno":93}
{"timestamp":"2025-12-21T17:54:41.652967Z","level":"info","event":"Formatting title: The Wolf Of Wall Street","logger":"root","filename":"ingestion_dag.py","lineno":93}
{"timestamp":"2025-12-21T17:54:41.652994Z","level":"info","event":"Formatting title: The Wolverine","logger":"root","filename":"ingestion_dag.py","lineno":93}
{"timestamp":"2025-12-21T17:54:41.653023Z","level":"info","event":"Formatting title: The Woman King","logger":"root","filename":"ingestion_dag.py","lineno":93}
{"timestamp":"2025-12-21T17:54:41.653051Z","level":"info","event":"Formatting title: The World Is Not Enough","logger":"root","filename":"ingestion_dag.py","lineno":93}
{"timestamp":"2025-12-21T17:54:41.653076Z","level":"info","event":"Formatting title: The Worlds End","logger":"root","filename":"ingestion_dag.py","lineno":93}
{"timestamp":"2025-12-21T17:54:41.653101Z","level":"info","event":"Formatting title: The X Files","logger":"root","filename":"ingestion_dag.py","lineno":93}
{"timestamp":"2025-12-21T17:54:41.653128Z","level":"info","event":"Formatting title: The Zone Of Interest","logger":"root","filename":"ingestion_dag.py","lineno":93}
{"timestamp":"2025-12-21T17:54:41.653153Z","level":"info","event":"Formatting title: Thelma & Louise","logger":"root","filename":"ingestion_dag.py","lineno":93}
{"timestamp":"2025-12-21T17:54:41.653179Z","level":"info","event":"Formatting title: Theory Of Everything The","logger":"root","filename":"ingestion_dag.py","lineno":93}
{"timestamp":"2025-12-21T17:54:41.653208Z","level":"info","event":"Formatting title: There Will Be Blood","logger":"root","filename":"ingestion_dag.py","lineno":93}
{"timestamp":"2025-12-21T17:54:41.653234Z","level":"info","event":"Formatting title: Theres Something About Mary","logger":"root","filename":"ingestion_dag.py","lineno":93}
{"timestamp":"2025-12-21T17:54:41.653260Z","level":"info","event":"Formatting title: They","logger":"root","filename":"ingestion_dag.py","lineno":93}
{"timestamp":"2025-12-21T17:54:41.653291Z","level":"info","event":"Formatting title: They Live","logger":"root","filename":"ingestion_dag.py","lineno":93}
{"timestamp":"2025-12-21T17:54:41.653320Z","level":"info","event":"Formatting title: Thing The","logger":"root","filename":"ingestion_dag.py","lineno":93}
{"timestamp":"2025-12-21T17:54:41.653345Z","level":"info","event":"Formatting title: Things My Father Never Taught Me The","logger":"root","filename":"ingestion_dag.py","lineno":93}
{"timestamp":"2025-12-21T17:54:41.653375Z","level":"info","event":"Formatting title: Thir13en Ghosts","logger":"root","filename":"ingestion_dag.py","lineno":93}
{"timestamp":"2025-12-21T17:54:41.653401Z","level":"info","event":"Formatting title: Thirteen","logger":"root","filename":"ingestion_dag.py","lineno":93}
{"timestamp":"2025-12-21T17:54:41.653426Z","level":"info","event":"Formatting title: Thirteen Days","logger":"root","filename":"ingestion_dag.py","lineno":93}
{"timestamp":"2025-12-21T17:54:41.653450Z","level":"info","event":"Formatting title: Thirteen Lives","logger":"root","filename":"ingestion_dag.py","lineno":93}
{"timestamp":"2025-12-21T17:54:41.653481Z","level":"info","event":"Formatting title: This Boys Life","logger":"root","filename":"ingestion_dag.py","lineno":93}
{"timestamp":"2025-12-21T17:54:41.653510Z","level":"info","event":"Formatting title: This Is 40","logger":"root","filename":"ingestion_dag.py","lineno":93}
{"timestamp":"2025-12-21T17:54:41.653536Z","level":"info","event":"Formatting title: Thor","logger":"root","filename":"ingestion_dag.py","lineno":93}
{"timestamp":"2025-12-21T17:54:41.653561Z","level":"info","event":"Formatting title: Thor Ragnarok","logger":"root","filename":"ingestion_dag.py","lineno":93}
{"timestamp":"2025-12-21T17:54:41.653586Z","level":"info","event":"Formatting title: Thoroughbreds","logger":"root","filename":"ingestion_dag.py","lineno":93}
{"timestamp":"2025-12-21T17:54:41.653611Z","level":"info","event":"Formatting title: Those Who Walk Away","logger":"root","filename":"ingestion_dag.py","lineno":93}
{"timestamp":"2025-12-21T17:54:41.653638Z","level":"info","event":"Formatting title: Three Billboards Outside Ebbing Missouri","logger":"root","filename":"ingestion_dag.py","lineno":93}
{"timestamp":"2025-12-21T17:54:41.653664Z","level":"info","event":"Formatting title: Three Days Of Condor","logger":"root","filename":"ingestion_dag.py","lineno":93}
{"timestamp":"2025-12-21T17:54:41.653693Z","level":"info","event":"Formatting title: Three Kings","logger":"root","filename":"ingestion_dag.py","lineno":93}
{"timestamp":"2025-12-21T17:54:41.653718Z","level":"info","event":"Formatting title: Three Kings (spoils Of War)","logger":"root","filename":"ingestion_dag.py","lineno":93}
{"timestamp":"2025-12-21T17:54:41.653745Z","level":"info","event":"Formatting title: Three Men And A Baby","logger":"root","filename":"ingestion_dag.py","lineno":93}
{"timestamp":"2025-12-21T17:54:41.653775Z","level":"info","event":"Formatting title: Three Musketeers The","logger":"root","filename":"ingestion_dag.py","lineno":93}
{"timestamp":"2025-12-21T17:54:41.653801Z","level":"info","event":"Formatting title: Three Thousand Years Of Longing","logger":"root","filename":"ingestion_dag.py","lineno":93}
{"timestamp":"2025-12-21T17:54:41.653826Z","level":"info","event":"Formatting title: Thunderball","logger":"root","filename":"ingestion_dag.py","lineno":93}
{"timestamp":"2025-12-21T17:54:41.653856Z","level":"info","event":"Formatting title: Thunderbirds","logger":"root","filename":"ingestion_dag.py","lineno":93}
{"timestamp":"2025-12-21T17:54:41.653882Z","level":"info","event":"Formatting title: Thunderheart","logger":"root","filename":"ingestion_dag.py","lineno":93}
{"timestamp":"2025-12-21T17:54:41.653908Z","level":"info","event":"Formatting title: Thx 1138","logger":"root","filename":"ingestion_dag.py","lineno":93}
{"timestamp":"2025-12-21T17:54:41.653932Z","level":"info","event":"Formatting title: Tick Tick Boom","logger":"root","filename":"ingestion_dag.py","lineno":93}
{"timestamp":"2025-12-21T17:54:41.653957Z","level":"info","event":"Formatting title: Ticker","logger":"root","filename":"ingestion_dag.py","lineno":93}
{"timestamp":"2025-12-21T17:54:41.653982Z","level":"info","event":"Formatting title: Till","logger":"root","filename":"ingestion_dag.py","lineno":93}
{"timestamp":"2025-12-21T17:54:41.654011Z","level":"info","event":"Formatting title: Timber Falls","logger":"root","filename":"ingestion_dag.py","lineno":93}
{"timestamp":"2025-12-21T17:54:41.654035Z","level":"info","event":"Formatting title: Time Machine The","logger":"root","filename":"ingestion_dag.py","lineno":93}
{"timestamp":"2025-12-21T17:54:41.654060Z","level":"info","event":"Formatting title: Tin Cup","logger":"root","filename":"ingestion_dag.py","lineno":93}
{"timestamp":"2025-12-21T17:54:41.654085Z","level":"info","event":"Formatting title: Tin Men","logger":"root","filename":"ingestion_dag.py","lineno":93}
{"timestamp":"2025-12-21T17:54:41.654109Z","level":"info","event":"Formatting title: Tinker Tailor Soldier Spy","logger":"root","filename":"ingestion_dag.py","lineno":93}
{"timestamp":"2025-12-21T17:54:41.654136Z","level":"info","event":"Formatting title: Titanic","logger":"root","filename":"ingestion_dag.py","lineno":93}
{"timestamp":"2025-12-21T17:54:41.654161Z","level":"info","event":"Formatting title: Tmnt","logger":"root","filename":"ingestion_dag.py","lineno":93}
{"timestamp":"2025-12-21T17:54:41.654186Z","level":"info","event":"Formatting title: To All The Boys Ive Loved Before","logger":"root","filename":"ingestion_dag.py","lineno":93}
{"timestamp":"2025-12-21T17:54:41.654212Z","level":"info","event":"Formatting title: To Catch A Killer","logger":"root","filename":"ingestion_dag.py","lineno":93}
{"timestamp":"2025-12-21T17:54:41.654257Z","level":"info","event":"Formatting title: To Kill A Mockingbird","logger":"root","filename":"ingestion_dag.py","lineno":93}
{"timestamp":"2025-12-21T17:54:41.654293Z","level":"info","event":"Formatting title: To Sleep With Anger","logger":"root","filename":"ingestion_dag.py","lineno":93}
{"timestamp":"2025-12-21T17:54:41.654323Z","level":"info","event":"Formatting title: To Wong Foo Thanks For Everything Julie Newmar","logger":"root","filename":"ingestion_dag.py","lineno":93}
{"timestamp":"2025-12-21T17:54:41.654351Z","level":"info","event":"Formatting title: Tombstone","logger":"root","filename":"ingestion_dag.py","lineno":93}
{"timestamp":"2025-12-21T17:54:41.654379Z","level":"info","event":"Formatting title: Tomorrow Never Dies","logger":"root","filename":"ingestion_dag.py","lineno":93}
{"timestamp":"2025-12-21T17:54:41.654405Z","level":"info","event":"Formatting title: Toni Erdmann","logger":"root","filename":"ingestion_dag.py","lineno":93}
{"timestamp":"2025-12-21T17:54:41.654432Z","level":"info","event":"Formatting title: Tootsie","logger":"root","filename":"ingestion_dag.py","lineno":93}
{"timestamp":"2025-12-21T17:54:41.654457Z","level":"info","event":"Formatting title: Top Gun","logger":"root","filename":"ingestion_dag.py","lineno":93}
{"timestamp":"2025-12-21T17:54:41.654483Z","level":"info","event":"Formatting title: Top Gun Maverick","logger":"root","filename":"ingestion_dag.py","lineno":93}
{"timestamp":"2025-12-21T17:54:41.654509Z","level":"info","event":"Formatting title: Total Recall","logger":"root","filename":"ingestion_dag.py","lineno":93}
{"timestamp":"2025-12-21T17:54:41.654538Z","level":"info","event":"Formatting title: Totem","logger":"root","filename":"ingestion_dag.py","lineno":93}
{"timestamp":"2025-12-21T17:54:41.654567Z","level":"info","event":"Formatting title: Touch Of Evil","logger":"root","filename":"ingestion_dag.py","lineno":93}
{"timestamp":"2025-12-21T17:54:41.654591Z","level":"info","event":"Formatting title: Tough Guys","logger":"root","filename":"ingestion_dag.py","lineno":93}
{"timestamp":"2025-12-21T17:54:41.654615Z","level":"info","event":"Formatting title: Tourist The","logger":"root","filename":"ingestion_dag.py","lineno":93}
{"timestamp":"2025-12-21T17:54:41.654641Z","level":"info","event":"Formatting title: Tower Block","logger":"root","filename":"ingestion_dag.py","lineno":93}
{"timestamp":"2025-12-21T17:54:41.654670Z","level":"info","event":"Formatting title: Tower Of Terror","logger":"root","filename":"ingestion_dag.py","lineno":93}
{"timestamp":"2025-12-21T17:54:41.654694Z","level":"info","event":"Formatting title: Town The","logger":"root","filename":"ingestion_dag.py","lineno":93}
{"timestamp":"2025-12-21T17:54:41.654720Z","level":"info","event":"Formatting title: Toy Story","logger":"root","filename":"ingestion_dag.py","lineno":93}
{"timestamp":"2025-12-21T17:54:41.654745Z","level":"info","event":"Formatting title: Toy Story 2","logger":"root","filename":"ingestion_dag.py","lineno":93}
{"timestamp":"2025-12-21T17:54:41.654770Z","level":"info","event":"Formatting title: Toy Story 3","logger":"root","filename":"ingestion_dag.py","lineno":93}
{"timestamp":"2025-12-21T17:54:41.654795Z","level":"info","event":"Formatting title: Toy Story 4","logger":"root","filename":"ingestion_dag.py","lineno":93}
{"timestamp":"2025-12-21T17:54:41.654819Z","level":"info","event":"Formatting title: Traffic","logger":"root","filename":"ingestion_dag.py","lineno":93}
{"timestamp":"2025-12-21T17:54:41.654844Z","level":"info","event":"Formatting title: Training Day","logger":"root","filename":"ingestion_dag.py","lineno":93}
{"timestamp":"2025-12-21T17:54:41.654868Z","level":"info","event":"Formatting title: Trainspotting","logger":"root","filename":"ingestion_dag.py","lineno":93}
{"timestamp":"2025-12-21T17:54:41.654892Z","level":"info","event":"Formatting title: Trainwreck","logger":"root","filename":"ingestion_dag.py","lineno":93}
{"timestamp":"2025-12-21T17:54:41.654917Z","level":"info","event":"Formatting title: Transcendence","logger":"root","filename":"ingestion_dag.py","lineno":93}
{"timestamp":"2025-12-21T17:54:41.654942Z","level":"info","event":"Formatting title: Transformers","logger":"root","filename":"ingestion_dag.py","lineno":93}
{"timestamp":"2025-12-21T17:54:41.654968Z","level":"info","event":"Formatting title: Transformers The Movie","logger":"root","filename":"ingestion_dag.py","lineno":93}
{"timestamp":"2025-12-21T17:54:41.654994Z","level":"info","event":"Formatting title: Trap Livin","logger":"root","filename":"ingestion_dag.py","lineno":93}
{"timestamp":"2025-12-21T17:54:41.655019Z","level":"info","event":"Formatting title: Tremors","logger":"root","filename":"ingestion_dag.py","lineno":93}
{"timestamp":"2025-12-21T17:54:41.655045Z","level":"info","event":"Formatting title: Triangle Of Sadness","logger":"root","filename":"ingestion_dag.py","lineno":93}
{"timestamp":"2025-12-21T17:54:41.655070Z","level":"info","event":"Formatting title: Trick R Treat","logger":"root","filename":"ingestion_dag.py","lineno":93}
{"timestamp":"2025-12-21T17:54:41.655097Z","level":"info","event":"Formatting title: Tristan And Isolde","logger":"root","filename":"ingestion_dag.py","lineno":93}
{"timestamp":"2025-12-21T17:54:41.655121Z","level":"info","event":"Formatting title: Tron","logger":"root","filename":"ingestion_dag.py","lineno":93}
{"timestamp":"2025-12-21T17:54:41.655145Z","level":"info","event":"Formatting title: Tron Legacy","logger":"root","filename":"ingestion_dag.py","lineno":93}
{"timestamp":"2025-12-21T17:54:41.655170Z","level":"info","event":"Formatting title: Tropic Thunder","logger":"root","filename":"ingestion_dag.py","lineno":93}
{"timestamp":"2025-12-21T17:54:41.655201Z","level":"info","event":"Formatting title: Troy","logger":"root","filename":"ingestion_dag.py","lineno":93}
{"timestamp":"2025-12-21T17:54:41.723854Z","level":"info","event":"Formatting title: True Grit","logger":"root","filename":"ingestion_dag.py","lineno":93}
{"timestamp":"2025-12-21T17:54:41.724042Z","level":"info","event":"Formatting title: True Lies","logger":"root","filename":"ingestion_dag.py","lineno":93}
{"timestamp":"2025-12-21T17:54:41.724180Z","level":"info","event":"Formatting title: True Romance","logger":"root","filename":"ingestion_dag.py","lineno":93}
{"timestamp":"2025-12-21T17:54:41.724318Z","level":"info","event":"Formatting title: Truman Show The","logger":"root","filename":"ingestion_dag.py","lineno":93}
{"timestamp":"2025-12-21T17:54:41.724369Z","level":"info","event":"Formatting title: Trumbo","logger":"root","filename":"ingestion_dag.py","lineno":93}
{"timestamp":"2025-12-21T17:54:41.724405Z","level":"info","event":"Formatting title: Tucker And Dale Vs Evil","logger":"root","filename":"ingestion_dag.py","lineno":93}
{"timestamp":"2025-12-21T17:54:41.724438Z","level":"info","event":"Formatting title: Tully","logger":"root","filename":"ingestion_dag.py","lineno":93}
{"timestamp":"2025-12-21T17:54:41.724470Z","level":"info","event":"Formatting title: Tusk","logger":"root","filename":"ingestion_dag.py","lineno":93}
{"timestamp":"2025-12-21T17:54:41.724504Z","level":"info","event":"Formatting title: Twelve Monkeys","logger":"root","filename":"ingestion_dag.py","lineno":93}
{"timestamp":"2025-12-21T17:54:41.724534Z","level":"info","event":"Formatting title: Twilight","logger":"root","filename":"ingestion_dag.py","lineno":93}
{"timestamp":"2025-12-21T17:54:41.724569Z","level":"info","event":"Formatting title: Twilight New Moon","logger":"root","filename":"ingestion_dag.py","lineno":93}
{"timestamp":"2025-12-21T17:54:41.724600Z","level":"info","event":"Formatting title: Twin Peaks","logger":"root","filename":"ingestion_dag.py","lineno":93}
{"timestamp":"2025-12-21T17:54:41.724630Z","level":"info","event":"Formatting title: Twin Peaks Fire Walk With Me","logger":"root","filename":"ingestion_dag.py","lineno":93}
{"timestamp":"2025-12-21T17:54:41.724659Z","level":"info","event":"Formatting title: Twins","logger":"root","filename":"ingestion_dag.py","lineno":93}
{"timestamp":"2025-12-21T17:54:41.724687Z","level":"info","event":"Formatting title: Twister","logger":"root","filename":"ingestion_dag.py","lineno":93}
{"timestamp":"2025-12-21T17:54:41.724714Z","level":"info","event":"Formatting title: Two For The Money","logger":"root","filename":"ingestion_dag.py","lineno":93}
{"timestamp":"2025-12-21T17:54:41.724747Z","level":"info","event":"Formatting title: Tár","logger":"root","filename":"ingestion_dag.py","lineno":93}
{"timestamp":"2025-12-21T17:54:41.724780Z","level":"info","event":"Formatting title: U Turn","logger":"root","filename":"ingestion_dag.py","lineno":93}
{"timestamp":"2025-12-21T17:54:41.724808Z","level":"info","event":"Formatting title: Ugly Truth The","logger":"root","filename":"ingestion_dag.py","lineno":93}
{"timestamp":"2025-12-21T17:54:41.724837Z","level":"info","event":"Formatting title: Un Singe En Hiver","logger":"root","filename":"ingestion_dag.py","lineno":93}
{"timestamp":"2025-12-21T17:54:41.724866Z","level":"info","event":"Formatting title: Unbreakable","logger":"root","filename":"ingestion_dag.py","lineno":93}
{"timestamp":"2025-12-21T17:54:41.724896Z","level":"info","event":"Formatting title: Uncle Buck","logger":"root","filename":"ingestion_dag.py","lineno":93}
{"timestamp":"2025-12-21T17:54:41.724927Z","level":"info","event":"Formatting title: Under Fire","logger":"root","filename":"ingestion_dag.py","lineno":93}
{"timestamp":"2025-12-21T17:54:41.724958Z","level":"info","event":"Formatting title: Under Siege","logger":"root","filename":"ingestion_dag.py","lineno":93}
{"timestamp":"2025-12-21T17:54:41.724985Z","level":"info","event":"Formatting title: Under The Silver Lake","logger":"root","filename":"ingestion_dag.py","lineno":93}
{"timestamp":"2025-12-21T17:54:41.725011Z","level":"info","event":"Formatting title: Underwater","logger":"root","filename":"ingestion_dag.py","lineno":93}
{"timestamp":"2025-12-21T17:54:41.725037Z","level":"info","event":"Formatting title: Underworld","logger":"root","filename":"ingestion_dag.py","lineno":93}
{"timestamp":"2025-12-21T17:54:41.725064Z","level":"info","event":"Formatting title: Unforgiven","logger":"root","filename":"ingestion_dag.py","lineno":93}
{"timestamp":"2025-12-21T17:54:41.725092Z","level":"info","event":"Formatting title: Unknown","logger":"root","filename":"ingestion_dag.py","lineno":93}
{"timestamp":"2025-12-21T17:54:41.725120Z","level":"info","event":"Formatting title: Up","logger":"root","filename":"ingestion_dag.py","lineno":93}
{"timestamp":"2025-12-21T17:54:41.725148Z","level":"info","event":"Formatting title: Up In The Air","logger":"root","filename":"ingestion_dag.py","lineno":93}
{"timestamp":"2025-12-21T17:54:41.725175Z","level":"info","event":"Formatting title: Upgrade","logger":"root","filename":"ingestion_dag.py","lineno":93}
{"timestamp":"2025-12-21T17:54:41.725203Z","level":"info","event":"Formatting title: Upstream Color","logger":"root","filename":"ingestion_dag.py","lineno":93}
{"timestamp":"2025-12-21T17:54:41.725229Z","level":"info","event":"Formatting title: Us","logger":"root","filename":"ingestion_dag.py","lineno":93}
{"timestamp":"2025-12-21T17:54:41.725258Z","level":"info","event":"Formatting title: Usual Suspects The","logger":"root","filename":"ingestion_dag.py","lineno":93}
{"timestamp":"2025-12-21T17:54:41.725298Z","level":"info","event":"Formatting title: V For Vendetta","logger":"root","filename":"ingestion_dag.py","lineno":93}
{"timestamp":"2025-12-21T17:54:41.725334Z","level":"info","event":"Formatting title: Vacancy","logger":"root","filename":"ingestion_dag.py","lineno":93}
{"timestamp":"2025-12-21T17:54:41.725367Z","level":"info","event":"Formatting title: Vacation","logger":"root","filename":"ingestion_dag.py","lineno":93}
{"timestamp":"2025-12-21T17:54:41.725397Z","level":"info","event":"Formatting title: Valentines Day","logger":"root","filename":"ingestion_dag.py","lineno":93}
{"timestamp":"2025-12-21T17:54:41.725425Z","level":"info","event":"Formatting title: Valkyrie","logger":"root","filename":"ingestion_dag.py","lineno":93}
{"timestamp":"2025-12-21T17:54:41.725455Z","level":"info","event":"Formatting title: Van Helsing","logger":"root","filename":"ingestion_dag.py","lineno":93}
{"timestamp":"2025-12-21T17:54:41.725490Z","level":"info","event":"Formatting title: Vanilla Sky","logger":"root","filename":"ingestion_dag.py","lineno":93}
{"timestamp":"2025-12-21T17:54:41.725522Z","level":"info","event":"Formatting title: Velvet Buzzsaw","logger":"root","filename":"ingestion_dag.py","lineno":93}
{"timestamp":"2025-12-21T17:54:41.725548Z","level":"info","event":"Formatting title: Vengeance","logger":"root","filename":"ingestion_dag.py","lineno":93}
{"timestamp":"2025-12-21T17:54:41.725575Z","level":"info","event":"Formatting title: Verdict The","logger":"root","filename":"ingestion_dag.py","lineno":93}
{"timestamp":"2025-12-21T17:54:41.725601Z","level":"info","event":"Formatting title: Vertigo","logger":"root","filename":"ingestion_dag.py","lineno":93}
{"timestamp":"2025-12-21T17:54:41.725627Z","level":"info","event":"Formatting title: Very Bad Things","logger":"root","filename":"ingestion_dag.py","lineno":93}
{"timestamp":"2025-12-21T17:54:41.725658Z","level":"info","event":"Formatting title: Vice","logger":"root","filename":"ingestion_dag.py","lineno":93}
{"timestamp":"2025-12-21T17:54:41.725685Z","level":"info","event":"Formatting title: Victor Frankenstein","logger":"root","filename":"ingestion_dag.py","lineno":93}
{"timestamp":"2025-12-21T17:54:41.725715Z","level":"info","event":"Formatting title: Victoria & Abdul","logger":"root","filename":"ingestion_dag.py","lineno":93}
{"timestamp":"2025-12-21T17:54:41.725742Z","level":"info","event":"Formatting title: Village The","logger":"root","filename":"ingestion_dag.py","lineno":93}
{"timestamp":"2025-12-21T17:54:41.725768Z","level":"info","event":"Formatting title: Virtuosity","logger":"root","filename":"ingestion_dag.py","lineno":93}
{"timestamp":"2025-12-21T17:54:41.725795Z","level":"info","event":"Formatting title: Visitor The","logger":"root","filename":"ingestion_dag.py","lineno":93}
{"timestamp":"2025-12-21T17:54:41.725822Z","level":"info","event":"Formatting title: Vox Lux","logger":"root","filename":"ingestion_dag.py","lineno":93}
{"timestamp":"2025-12-21T17:54:41.725849Z","level":"info","event":"Formatting title: Wadjda","logger":"root","filename":"ingestion_dag.py","lineno":93}
{"timestamp":"2025-12-21T17:54:41.725876Z","level":"info","event":"Formatting title: Wag The Dog","logger":"root","filename":"ingestion_dag.py","lineno":93}
{"timestamp":"2025-12-21T17:54:41.725903Z","level":"info","event":"Formatting title: Walk Hard The Dewey Cox Story","logger":"root","filename":"ingestion_dag.py","lineno":93}
{"timestamp":"2025-12-21T17:54:41.725930Z","level":"info","event":"Formatting title: Walk To Remember A","logger":"root","filename":"ingestion_dag.py","lineno":93}
{"timestamp":"2025-12-21T17:54:41.725996Z","level":"info","event":"Formatting title: Walking Tall","logger":"root","filename":"ingestion_dag.py","lineno":93}
{"timestamp":"2025-12-21T17:54:41.726029Z","level":"info","event":"Formatting title: Wall E","logger":"root","filename":"ingestion_dag.py","lineno":93}
{"timestamp":"2025-12-21T17:54:41.726058Z","level":"info","event":"Formatting title: Wall Street","logger":"root","filename":"ingestion_dag.py","lineno":93}
{"timestamp":"2025-12-21T17:54:41.726090Z","level":"info","event":"Formatting title: Wall Street Money Never Sleeps","logger":"root","filename":"ingestion_dag.py","lineno":93}
{"timestamp":"2025-12-21T17:54:41.726118Z","level":"info","event":"Formatting title: Wanted","logger":"root","filename":"ingestion_dag.py","lineno":93}
{"timestamp":"2025-12-21T17:54:41.726153Z","level":"info","event":"Formatting title: War For The Planet Of The Apes","logger":"root","filename":"ingestion_dag.py","lineno":93}
{"timestamp":"2025-12-21T17:54:41.726185Z","level":"info","event":"Formatting title: War Horse","logger":"root","filename":"ingestion_dag.py","lineno":93}
{"timestamp":"2025-12-21T17:54:41.726217Z","level":"info","event":"Formatting title: War Of The Roses","logger":"root","filename":"ingestion_dag.py","lineno":93}
{"timestamp":"2025-12-21T17:54:41.726246Z","level":"info","event":"Formatting title: War Of The Worlds","logger":"root","filename":"ingestion_dag.py","lineno":93}
{"timestamp":"2025-12-21T17:54:41.726274Z","level":"info","event":"Formatting title: Warm Springs","logger":"root","filename":"ingestion_dag.py","lineno":93}
{"timestamp":"2025-12-21T17:54:41.726308Z","level":"info","event":"Formatting title: Warrior","logger":"root","filename":"ingestion_dag.py","lineno":93}
{"timestamp":"2025-12-21T17:54:41.726341Z","level":"info","event":"Formatting title: Watchmen","logger":"root","filename":"ingestion_dag.py","lineno":93}
{"timestamp":"2025-12-21T17:54:41.726370Z","level":"info","event":"Formatting title: Water For Elephants","logger":"root","filename":"ingestion_dag.py","lineno":93}
{"timestamp":"2025-12-21T17:54:41.726398Z","level":"info","event":"Formatting title: Waves","logger":"root","filename":"ingestion_dag.py","lineno":93}
{"timestamp":"2025-12-21T17:54:41.726427Z","level":"info","event":"Formatting title: Way Back The","logger":"root","filename":"ingestion_dag.py","lineno":93}
{"timestamp":"2025-12-21T17:54:41.726455Z","level":"info","event":"Formatting title: We Need To Talk About Kevin","logger":"root","filename":"ingestion_dag.py","lineno":93}
{"timestamp":"2025-12-21T17:54:41.726483Z","level":"info","event":"Formatting title: We Own The Night","logger":"root","filename":"ingestion_dag.py","lineno":93}
{"timestamp":"2025-12-21T17:54:41.726510Z","level":"info","event":"Formatting title: Wedding Crashers","logger":"root","filename":"ingestion_dag.py","lineno":93}
{"timestamp":"2025-12-21T17:54:41.726537Z","level":"info","event":"Formatting title: Weird Science","logger":"root","filename":"ingestion_dag.py","lineno":93}
{"timestamp":"2025-12-21T17:54:41.726571Z","level":"info","event":"Formatting title: Weird The Al Yankovic Story","logger":"root","filename":"ingestion_dag.py","lineno":93}
{"timestamp":"2025-12-21T17:54:41.726601Z","level":"info","event":"Formatting title: Were No Angels","logger":"root","filename":"ingestion_dag.py","lineno":93}
{"timestamp":"2025-12-21T17:54:41.726627Z","level":"info","event":"Formatting title: Wes Cravens New Nightmare","logger":"root","filename":"ingestion_dag.py","lineno":93}
{"timestamp":"2025-12-21T17:54:41.726653Z","level":"info","event":"Formatting title: West Side Story","logger":"root","filename":"ingestion_dag.py","lineno":93}
{"timestamp":"2025-12-21T17:54:41.726679Z","level":"info","event":"Formatting title: Westworld","logger":"root","filename":"ingestion_dag.py","lineno":93}
{"timestamp":"2025-12-21T17:54:41.726705Z","level":"info","event":"Formatting title: What About Bob","logger":"root","filename":"ingestion_dag.py","lineno":93}
{"timestamp":"2025-12-21T17:54:41.726733Z","level":"info","event":"Formatting title: What Dreams May Come","logger":"root","filename":"ingestion_dag.py","lineno":93}
{"timestamp":"2025-12-21T17:54:41.726766Z","level":"info","event":"Formatting title: What Lies Beneath","logger":"root","filename":"ingestion_dag.py","lineno":93}
{"timestamp":"2025-12-21T17:54:41.726801Z","level":"info","event":"Formatting title: What They Had","logger":"root","filename":"ingestion_dag.py","lineno":93}
{"timestamp":"2025-12-21T17:54:41.726832Z","level":"info","event":"Formatting title: When A Stranger Calls","logger":"root","filename":"ingestion_dag.py","lineno":93}
{"timestamp":"2025-12-21T17:54:41.726859Z","level":"info","event":"Formatting title: When Harry Met Sally","logger":"root","filename":"ingestion_dag.py","lineno":93}
{"timestamp":"2025-12-21T17:54:41.726888Z","level":"info","event":"Formatting title: Where The Day Takes You","logger":"root","filename":"ingestion_dag.py","lineno":93}
{"timestamp":"2025-12-21T17:54:41.726915Z","level":"info","event":"Formatting title: Where The Wild Things Are","logger":"root","filename":"ingestion_dag.py","lineno":93}
{"timestamp":"2025-12-21T17:54:41.726943Z","level":"info","event":"Formatting title: Which Way Is Up","logger":"root","filename":"ingestion_dag.py","lineno":93}
{"timestamp":"2025-12-21T17:54:41.726971Z","level":"info","event":"Formatting title: While She Was Out","logger":"root","filename":"ingestion_dag.py","lineno":93}
{"timestamp":"2025-12-21T17:54:41.726999Z","level":"info","event":"Formatting title: While You Were Sleeping","logger":"root","filename":"ingestion_dag.py","lineno":93}
{"timestamp":"2025-12-21T17:54:41.727027Z","level":"info","event":"Formatting title: Whiplash","logger":"root","filename":"ingestion_dag.py","lineno":93}
{"timestamp":"2025-12-21T17:54:41.727063Z","level":"info","event":"Formatting title: Whistleblower The","logger":"root","filename":"ingestion_dag.py","lineno":93}
{"timestamp":"2025-12-21T17:54:41.727092Z","level":"info","event":"Formatting title: White Christmas","logger":"root","filename":"ingestion_dag.py","lineno":93}
{"timestamp":"2025-12-21T17:54:41.727122Z","level":"info","event":"Formatting title: White Jazz","logger":"root","filename":"ingestion_dag.py","lineno":93}
{"timestamp":"2025-12-21T17:54:41.727153Z","level":"info","event":"Formatting title: White Noise","logger":"root","filename":"ingestion_dag.py","lineno":93}
{"timestamp":"2025-12-21T17:54:41.727183Z","level":"info","event":"Formatting title: White Ribbon The","logger":"root","filename":"ingestion_dag.py","lineno":93}
{"timestamp":"2025-12-21T17:54:41.727210Z","level":"info","event":"Formatting title: White Squall","logger":"root","filename":"ingestion_dag.py","lineno":93}
{"timestamp":"2025-12-21T17:54:41.727236Z","level":"info","event":"Formatting title: Whiteout","logger":"root","filename":"ingestion_dag.py","lineno":93}
{"timestamp":"2025-12-21T17:54:41.727266Z","level":"info","event":"Formatting title: Whitney Houston I Wanna Dance With Somebody","logger":"root","filename":"ingestion_dag.py","lineno":93}
{"timestamp":"2025-12-21T17:54:41.727297Z","level":"info","event":"Formatting title: Who Framed Roger Rabbit","logger":"root","filename":"ingestion_dag.py","lineno":93}
{"timestamp":"2025-12-21T17:54:41.727327Z","level":"info","event":"Formatting title: Whos Your Daddy","logger":"root","filename":"ingestion_dag.py","lineno":93}
{"timestamp":"2025-12-21T17:54:41.727354Z","level":"info","event":"Formatting title: Wicked","logger":"root","filename":"ingestion_dag.py","lineno":93}
{"timestamp":"2025-12-21T17:54:41.727381Z","level":"info","event":"Formatting title: Wild","logger":"root","filename":"ingestion_dag.py","lineno":93}
{"timestamp":"2025-12-21T17:54:41.727410Z","level":"info","event":"Formatting title: Wild At Heart","logger":"root","filename":"ingestion_dag.py","lineno":93}
{"timestamp":"2025-12-21T17:54:41.727438Z","level":"info","event":"Formatting title: Wild Bunch The","logger":"root","filename":"ingestion_dag.py","lineno":93}
{"timestamp":"2025-12-21T17:54:41.727464Z","level":"info","event":"Formatting title: Wild Hogs","logger":"root","filename":"ingestion_dag.py","lineno":93}
{"timestamp":"2025-12-21T17:54:41.727491Z","level":"info","event":"Formatting title: Wild Things","logger":"root","filename":"ingestion_dag.py","lineno":93}
{"timestamp":"2025-12-21T17:54:41.727525Z","level":"info","event":"Formatting title: Wild Things Diamonds In The Rough","logger":"root","filename":"ingestion_dag.py","lineno":93}
{"timestamp":"2025-12-21T17:54:41.727558Z","level":"info","event":"Formatting title: Wild Wild West","logger":"root","filename":"ingestion_dag.py","lineno":93}
{"timestamp":"2025-12-21T17:54:41.727584Z","level":"info","event":"Formatting title: Wildlife","logger":"root","filename":"ingestion_dag.py","lineno":93}
{"timestamp":"2025-12-21T17:54:41.727611Z","level":"info","event":"Formatting title: Willow","logger":"root","filename":"ingestion_dag.py","lineno":93}
{"timestamp":"2025-12-21T17:54:41.727636Z","level":"info","event":"Formatting title: Willy Wonka & The Chocolate Factory","logger":"root","filename":"ingestion_dag.py","lineno":93}
{"timestamp":"2025-12-21T17:54:41.727668Z","level":"info","event":"Formatting title: Win Win","logger":"root","filename":"ingestion_dag.py","lineno":93}
{"timestamp":"2025-12-21T17:54:41.727699Z","level":"info","event":"Formatting title: Wind Chill","logger":"root","filename":"ingestion_dag.py","lineno":93}
{"timestamp":"2025-12-21T17:54:41.727730Z","level":"info","event":"Formatting title: Wind River","logger":"root","filename":"ingestion_dag.py","lineno":93}
{"timestamp":"2025-12-21T17:54:41.727760Z","level":"info","event":"Formatting title: Winters Tale","logger":"root","filename":"ingestion_dag.py","lineno":93}
{"timestamp":"2025-12-21T17:54:41.727788Z","level":"info","event":"Formatting title: Wise Guys","logger":"root","filename":"ingestion_dag.py","lineno":93}
{"timestamp":"2025-12-21T17:54:41.727817Z","level":"info","event":"Formatting title: Withnail And I","logger":"root","filename":"ingestion_dag.py","lineno":93}
{"timestamp":"2025-12-21T17:54:41.727849Z","level":"info","event":"Formatting title: Witness","logger":"root","filename":"ingestion_dag.py","lineno":93}
{"timestamp":"2025-12-21T17:54:41.727876Z","level":"info","event":"Formatting title: Wizard Of Oz The","logger":"root","filename":"ingestion_dag.py","lineno":93}
{"timestamp":"2025-12-21T17:54:41.727909Z","level":"info","event":"Formatting title: Wolf Of Wall Street The","logger":"root","filename":"ingestion_dag.py","lineno":93}
{"timestamp":"2025-12-21T17:54:41.727936Z","level":"info","event":"Formatting title: Woman In Gold","logger":"root","filename":"ingestion_dag.py","lineno":93}
{"timestamp":"2025-12-21T17:54:41.728049Z","level":"info","event":"Formatting title: Women Talking","logger":"root","filename":"ingestion_dag.py","lineno":93}
{"timestamp":"2025-12-21T17:54:41.728112Z","level":"info","event":"Formatting title: Wonder Boys","logger":"root","filename":"ingestion_dag.py","lineno":93}
{"timestamp":"2025-12-21T17:54:41.728152Z","level":"info","event":"Formatting title: Wonder Woman","logger":"root","filename":"ingestion_dag.py","lineno":93}
{"timestamp":"2025-12-21T17:54:41.728188Z","level":"info","event":"Formatting title: Wonka","logger":"root","filename":"ingestion_dag.py","lineno":93}
{"timestamp":"2025-12-21T17:54:41.728220Z","level":"info","event":"Formatting title: Woodsman The","logger":"root","filename":"ingestion_dag.py","lineno":93}
{"timestamp":"2025-12-21T17:54:41.728249Z","level":"info","event":"Formatting title: Work It","logger":"root","filename":"ingestion_dag.py","lineno":93}
{"timestamp":"2025-12-21T17:54:41.728276Z","level":"info","event":"Formatting title: Working Girl","logger":"root","filename":"ingestion_dag.py","lineno":93}
{"timestamp":"2025-12-21T17:54:41.728303Z","level":"info","event":"Formatting title: World Is Not Enough The","logger":"root","filename":"ingestion_dag.py","lineno":93}
{"timestamp":"2025-12-21T17:54:41.728328Z","level":"info","event":"Formatting title: Wrestler The","logger":"root","filename":"ingestion_dag.py","lineno":93}
{"timestamp":"2025-12-21T17:54:41.728356Z","level":"info","event":"Formatting title: Wrongfully Accused","logger":"root","filename":"ingestion_dag.py","lineno":93}
{"timestamp":"2025-12-21T17:54:41.728382Z","level":"info","event":"Formatting title: X Files Fight The Future The","logger":"root","filename":"ingestion_dag.py","lineno":93}
{"timestamp":"2025-12-21T17:54:41.728408Z","level":"info","event":"Formatting title: X Men","logger":"root","filename":"ingestion_dag.py","lineno":93}
{"timestamp":"2025-12-21T17:54:41.728435Z","level":"info","event":"Formatting title: X Men Days Of Future Past","logger":"root","filename":"ingestion_dag.py","lineno":93}
{"timestamp":"2025-12-21T17:54:41.728465Z","level":"info","event":"Formatting title: X Men Origins Wolverine","logger":"root","filename":"ingestion_dag.py","lineno":93}
{"timestamp":"2025-12-21T17:54:41.728492Z","level":"info","event":"Formatting title: X2 X Men United","logger":"root","filename":"ingestion_dag.py","lineno":93}
{"timestamp":"2025-12-21T17:54:41.728518Z","level":"info","event":"Formatting title: Xxx","logger":"root","filename":"ingestion_dag.py","lineno":93}
{"timestamp":"2025-12-21T17:54:41.728543Z","level":"info","event":"Formatting title: Year One","logger":"root","filename":"ingestion_dag.py","lineno":93}
{"timestamp":"2025-12-21T17:54:41.728569Z","level":"info","event":"Formatting title: Yes Man","logger":"root","filename":"ingestion_dag.py","lineno":93}
{"timestamp":"2025-12-21T17:54:41.728594Z","level":"info","event":"Formatting title: You Can Count On Me","logger":"root","filename":"ingestion_dag.py","lineno":93}
{"timestamp":"2025-12-21T17:54:41.728623Z","level":"info","event":"Formatting title: You Were Never Really Here","logger":"root","filename":"ingestion_dag.py","lineno":93}
{"timestamp":"2025-12-21T17:54:41.728651Z","level":"info","event":"Formatting title: Young Adult","logger":"root","filename":"ingestion_dag.py","lineno":93}
{"timestamp":"2025-12-21T17:54:41.728680Z","level":"info","event":"Formatting title: Young Frankenstein","logger":"root","filename":"ingestion_dag.py","lineno":93}
{"timestamp":"2025-12-21T17:54:41.728707Z","level":"info","event":"Formatting title: Young Guns","logger":"root","filename":"ingestion_dag.py","lineno":93}
{"timestamp":"2025-12-21T17:54:41.728732Z","level":"info","event":"Formatting title: Youre Next","logger":"root","filename":"ingestion_dag.py","lineno":93}
{"timestamp":"2025-12-21T17:54:41.728763Z","level":"info","event":"Formatting title: Youth In Revolt","logger":"root","filename":"ingestion_dag.py","lineno":93}
{"timestamp":"2025-12-21T17:54:41.728790Z","level":"info","event":"Formatting title: Youve Got Mail","logger":"root","filename":"ingestion_dag.py","lineno":93}
{"timestamp":"2025-12-21T17:54:41.728815Z","level":"info","event":"Formatting title: Zathura A Space Adventure","logger":"root","filename":"ingestion_dag.py","lineno":93}
{"timestamp":"2025-12-21T17:54:41.728841Z","level":"info","event":"Formatting title: Zebra Girl","logger":"root","filename":"ingestion_dag.py","lineno":93}
{"timestamp":"2025-12-21T17:54:41.728874Z","level":"info","event":"Formatting title: Zero Dark Thirty","logger":"root","filename":"ingestion_dag.py","lineno":93}
{"timestamp":"2025-12-21T17:54:41.728900Z","level":"info","event":"Formatting title: Zerophilia","logger":"root","filename":"ingestion_dag.py","lineno":93}
{"timestamp":"2025-12-21T17:54:41.728929Z","level":"info","event":"Formatting title: Zodiac","logger":"root","filename":"ingestion_dag.py","lineno":93}
{"timestamp":"2025-12-21T17:54:41.728954Z","level":"info","event":"Formatting title: Zombieland","logger":"root","filename":"ingestion_dag.py","lineno":93}
{"timestamp":"2025-12-21T17:54:41.728978Z","level":"info","event":"Formatting title: Zombieland Double Tap","logger":"root","filename":"ingestion_dag.py","lineno":93}
{"timestamp":"2025-12-21T17:54:41.729003Z","level":"info","event":"Formatting title: Zone Of Interest The","logger":"root","filename":"ingestion_dag.py","lineno":93}
{"timestamp":"2025-12-21T17:54:41.729029Z","level":"info","event":"Formatting title: Zootopia","logger":"root","filename":"ingestion_dag.py","lineno":93}
{"timestamp":"2025-12-21T17:54:41.729054Z","level":"info","event":"Formatting title: ¡three Amigos","logger":"root","filename":"ingestion_dag.py","lineno":93}
{"timestamp":"2025-12-21T17:54:41.790992Z","level":"info","event":"Finished apply_formatting step","logger":"root","filename":"ingestion_dag.py","lineno":119}
{"timestamp":"2025-12-21T17:54:41.792313Z","level":"info","event":"Done. Returned value was: True","logger":"airflow.task.operators.airflow.providers.standard.operators.python.PythonOperator","filename":"python.py","lineno":218}
{"timestamp":"2025-12-21T17:54:41.792666Z","level":"info","event":"Pushing xcom","ti":"RuntimeTaskInstance(id=UUID('019b420c-83b7-7045-aa4c-8888d28e8c5d'), task_id='apply_formatting', dag_id='ingestion_dag', run_id='manual__2025-12-21T17:54:35.012074+00:00', try_number=1, dag_version_id=UUID('019b338f-1608-7bcd-9dd9-e3a6c95f99bf'), map_index=-1, hostname='649da6fea2d5', context_carrier={}, task=<Task(PythonOperator): apply_formatting>, bundle_instance=LocalDagBundle(name=dags-folder), max_tries=1, start_date=datetime.datetime(2025, 12, 21, 17, 54, 40, 466330, tzinfo=datetime.timezone.utc), end_date=None, state=<TaskInstanceState.RUNNING: 'running'>, is_mapped=False, rendered_map_index=None)","logger":"task","filename":"task_runner.py","lineno":1352}
