{"timestamp":"2026-01-06T09:49:11.660953Z","level":"info","event":"DAG bundles loaded: dags-folder","logger":"airflow.dag_processing.bundles.manager.DagBundlesManager","filename":"manager.py","lineno":179}
{"timestamp":"2026-01-06T09:49:11.662521Z","level":"info","event":"Filling up the DagBag from /opt/airflow/dags/scrapping_dag.py","logger":"airflow.models.dagbag.DagBag","filename":"dagbag.py","lineno":593}
{"timestamp":"2026-01-06T09:49:12.235294Z","level":"info","event":"Starting apply_formatting step","logger":"root","filename":"scrapping_dag.py","lineno":213}
{"timestamp":"2026-01-06T09:49:12.245487Z","level":"info","event":"Formatting title: 10 Things I Hate About You","logger":"root","filename":"scrapping_dag.py","lineno":200}
{"timestamp":"2026-01-06T09:49:12.245688Z","level":"info","event":"Formatting title: 101 Dalmations","logger":"root","filename":"scrapping_dag.py","lineno":200}
{"timestamp":"2026-01-06T09:49:12.245745Z","level":"info","event":"Formatting title: 12 Angry Men","logger":"root","filename":"scrapping_dag.py","lineno":200}
{"timestamp":"2026-01-06T09:49:12.245780Z","level":"info","event":"Formatting title: 12 Strong","logger":"root","filename":"scrapping_dag.py","lineno":200}
{"timestamp":"2026-01-06T09:49:12.245811Z","level":"info","event":"Formatting title: 12 Years A Slave","logger":"root","filename":"scrapping_dag.py","lineno":200}
{"timestamp":"2026-01-06T09:49:12.245840Z","level":"info","event":"Formatting title: 127 Hours","logger":"root","filename":"scrapping_dag.py","lineno":200}
{"timestamp":"2026-01-06T09:49:12.245868Z","level":"info","event":"Formatting title: 1408","logger":"root","filename":"scrapping_dag.py","lineno":200}
{"timestamp":"2026-01-06T09:49:12.245906Z","level":"info","event":"Formatting title: 16 Blocks","logger":"root","filename":"scrapping_dag.py","lineno":200}
{"timestamp":"2026-01-06T09:49:12.245939Z","level":"info","event":"Formatting title: 1917","logger":"root","filename":"scrapping_dag.py","lineno":200}
{"timestamp":"2026-01-06T09:49:12.245970Z","level":"info","event":"Formatting title: 2 Fast 2 Furious","logger":"root","filename":"scrapping_dag.py","lineno":200}
{"timestamp":"2026-01-06T09:49:12.246001Z","level":"info","event":"Formatting title: 2001 A Space Odyssey","logger":"root","filename":"scrapping_dag.py","lineno":200}
{"timestamp":"2026-01-06T09:49:12.246029Z","level":"info","event":"Formatting title: 2010 The Year We Make Contact","logger":"root","filename":"scrapping_dag.py","lineno":200}
{"timestamp":"2026-01-06T09:49:12.246061Z","level":"info","event":"Formatting title: 20th Century Girl","logger":"root","filename":"scrapping_dag.py","lineno":200}
{"timestamp":"2026-01-06T09:49:12.246170Z","level":"info","event":"Formatting title: 20th Century Women","logger":"root","filename":"scrapping_dag.py","lineno":200}
{"timestamp":"2026-01-06T09:49:12.246315Z","level":"info","event":"Formatting title: 21 Jump Street","logger":"root","filename":"scrapping_dag.py","lineno":200}
{"timestamp":"2026-01-06T09:49:12.246362Z","level":"info","event":"Formatting title: 213","logger":"root","filename":"scrapping_dag.py","lineno":200}
{"timestamp":"2026-01-06T09:49:12.246396Z","level":"info","event":"Formatting title: 22 July","logger":"root","filename":"scrapping_dag.py","lineno":200}
{"timestamp":"2026-01-06T09:49:12.246427Z","level":"info","event":"Formatting title: 22 Jump Street","logger":"root","filename":"scrapping_dag.py","lineno":200}
{"timestamp":"2026-01-06T09:49:12.246457Z","level":"info","event":"Formatting title: 28 Days Later","logger":"root","filename":"scrapping_dag.py","lineno":200}
{"timestamp":"2026-01-06T09:49:12.246486Z","level":"info","event":"Formatting title: 28 Weeks Later","logger":"root","filename":"scrapping_dag.py","lineno":200}
{"timestamp":"2026-01-06T09:49:12.246513Z","level":"info","event":"Formatting title: 300","logger":"root","filename":"scrapping_dag.py","lineno":200}
{"timestamp":"2026-01-06T09:49:12.246545Z","level":"info","event":"Formatting title: The 40 Year Old Virgin","logger":"root","filename":"scrapping_dag.py","lineno":200}
{"timestamp":"2026-01-06T09:49:12.246583Z","level":"info","event":"Formatting title: 48 Hrs","logger":"root","filename":"scrapping_dag.py","lineno":200}
{"timestamp":"2026-01-06T09:49:12.246614Z","level":"info","event":"Formatting title: 5 To 7","logger":"root","filename":"scrapping_dag.py","lineno":200}
{"timestamp":"2026-01-06T09:49:12.246641Z","level":"info","event":"Formatting title: (500) Days Of Summer","logger":"root","filename":"scrapping_dag.py","lineno":200}
{"timestamp":"2026-01-06T09:49:12.246669Z","level":"info","event":"Formatting title: 8½","logger":"root","filename":"scrapping_dag.py","lineno":200}
{"timestamp":"2026-01-06T09:49:12.246699Z","level":"info","event":"Formatting title: 8 Mile","logger":"root","filename":"scrapping_dag.py","lineno":200}
{"timestamp":"2026-01-06T09:49:12.246730Z","level":"info","event":"Formatting title: 8 Bit Christmas","logger":"root","filename":"scrapping_dag.py","lineno":200}
{"timestamp":"2026-01-06T09:49:12.246759Z","level":"info","event":"Formatting title: About Alex","logger":"root","filename":"scrapping_dag.py","lineno":200}
{"timestamp":"2026-01-06T09:49:12.246786Z","level":"info","event":"Formatting title: Abraham Lincoln Vampire Hunter","logger":"root","filename":"scrapping_dag.py","lineno":200}
{"timestamp":"2026-01-06T09:49:12.246813Z","level":"info","event":"Formatting title: The Abyss","logger":"root","filename":"scrapping_dag.py","lineno":200}
{"timestamp":"2026-01-06T09:49:12.246840Z","level":"info","event":"Formatting title: The Accidental Tourist","logger":"root","filename":"scrapping_dag.py","lineno":200}
{"timestamp":"2026-01-06T09:49:12.246865Z","level":"info","event":"Formatting title: The Accountant","logger":"root","filename":"scrapping_dag.py","lineno":200}
{"timestamp":"2026-01-06T09:49:12.246891Z","level":"info","event":"Formatting title: Ace Ventura Pet Detective","logger":"root","filename":"scrapping_dag.py","lineno":200}
{"timestamp":"2026-01-06T09:49:12.246917Z","level":"info","event":"Formatting title: Action Jackson","logger":"root","filename":"scrapping_dag.py","lineno":200}
{"timestamp":"2026-01-06T09:49:12.246942Z","level":"info","event":"Formatting title: Ad Astra","logger":"root","filename":"scrapping_dag.py","lineno":200}
{"timestamp":"2026-01-06T09:49:12.246968Z","level":"info","event":"Formatting title: Adaptation","logger":"root","filename":"scrapping_dag.py","lineno":200}
{"timestamp":"2026-01-06T09:49:12.247023Z","level":"info","event":"Formatting title: The Addams Family","logger":"root","filename":"scrapping_dag.py","lineno":200}
{"timestamp":"2026-01-06T09:49:12.247061Z","level":"info","event":"Formatting title: Addams Family Values","logger":"root","filename":"scrapping_dag.py","lineno":200}
{"timestamp":"2026-01-06T09:49:12.247094Z","level":"info","event":"Formatting title: The Adjustment Bureau","logger":"root","filename":"scrapping_dag.py","lineno":200}
{"timestamp":"2026-01-06T09:49:12.247124Z","level":"info","event":"Formatting title: The Adventures Of Ford Fairlane","logger":"root","filename":"scrapping_dag.py","lineno":200}
{"timestamp":"2026-01-06T09:49:12.247152Z","level":"info","event":"Formatting title: The Adventures Of Tintin","logger":"root","filename":"scrapping_dag.py","lineno":200}
{"timestamp":"2026-01-06T09:49:12.247179Z","level":"info","event":"Formatting title: The African Queen","logger":"root","filename":"scrapping_dag.py","lineno":200}
{"timestamp":"2026-01-06T09:49:12.247210Z","level":"info","event":"Formatting title: After The Wedding","logger":"root","filename":"scrapping_dag.py","lineno":200}
{"timestamp":"2026-01-06T09:49:12.247238Z","level":"info","event":"Formatting title: Aftersun","logger":"root","filename":"scrapping_dag.py","lineno":200}
{"timestamp":"2026-01-06T09:49:12.247268Z","level":"info","event":"Formatting title: Air","logger":"root","filename":"scrapping_dag.py","lineno":200}
{"timestamp":"2026-01-06T09:49:12.247297Z","level":"info","event":"Formatting title: Air Force One","logger":"root","filename":"scrapping_dag.py","lineno":200}
{"timestamp":"2026-01-06T09:49:12.247325Z","level":"info","event":"Formatting title: Airplane","logger":"root","filename":"scrapping_dag.py","lineno":200}
{"timestamp":"2026-01-06T09:49:12.247350Z","level":"info","event":"Formatting title: Airplane 2 The Sequel","logger":"root","filename":"scrapping_dag.py","lineno":200}
{"timestamp":"2026-01-06T09:49:12.247379Z","level":"info","event":"Formatting title: Aladdin","logger":"root","filename":"scrapping_dag.py","lineno":200}
{"timestamp":"2026-01-06T09:49:12.247412Z","level":"info","event":"Formatting title: Alex Cross","logger":"root","filename":"scrapping_dag.py","lineno":200}
{"timestamp":"2026-01-06T09:49:12.247444Z","level":"info","event":"Formatting title: Ali","logger":"root","filename":"scrapping_dag.py","lineno":200}
{"timestamp":"2026-01-06T09:49:12.247474Z","level":"info","event":"Formatting title: Alien","logger":"root","filename":"scrapping_dag.py","lineno":200}
{"timestamp":"2026-01-06T09:49:12.247504Z","level":"info","event":"Formatting title: Alien 3","logger":"root","filename":"scrapping_dag.py","lineno":200}
{"timestamp":"2026-01-06T09:49:12.247529Z","level":"info","event":"Formatting title: Alien Covenant","logger":"root","filename":"scrapping_dag.py","lineno":200}
{"timestamp":"2026-01-06T09:49:12.247556Z","level":"info","event":"Formatting title: Alien Resurrection","logger":"root","filename":"scrapping_dag.py","lineno":200}
{"timestamp":"2026-01-06T09:49:12.247582Z","level":"info","event":"Formatting title: Alien Vs Predator Requiem","logger":"root","filename":"scrapping_dag.py","lineno":200}
{"timestamp":"2026-01-06T09:49:12.247609Z","level":"info","event":"Formatting title: Aliens","logger":"root","filename":"scrapping_dag.py","lineno":200}
{"timestamp":"2026-01-06T09:49:12.247634Z","level":"info","event":"Formatting title: Aligarh","logger":"root","filename":"scrapping_dag.py","lineno":200}
{"timestamp":"2026-01-06T09:49:12.247658Z","level":"info","event":"Formatting title: All About Eve","logger":"root","filename":"scrapping_dag.py","lineno":200}
{"timestamp":"2026-01-06T09:49:12.247684Z","level":"info","event":"Formatting title: All Is Lost","logger":"root","filename":"scrapping_dag.py","lineno":200}
{"timestamp":"2026-01-06T09:49:12.247713Z","level":"info","event":"Formatting title: All Is True","logger":"root","filename":"scrapping_dag.py","lineno":200}
{"timestamp":"2026-01-06T09:49:12.247739Z","level":"info","event":"Formatting title: All Of Us Strangers","logger":"root","filename":"scrapping_dag.py","lineno":200}
{"timestamp":"2026-01-06T09:49:12.247765Z","level":"info","event":"Formatting title: All Quiet On The Western Front","logger":"root","filename":"scrapping_dag.py","lineno":200}
{"timestamp":"2026-01-06T09:49:12.247789Z","level":"info","event":"Formatting title: All The Boy Love Mandy Lane","logger":"root","filename":"scrapping_dag.py","lineno":200}
{"timestamp":"2026-01-06T09:49:12.247814Z","level":"info","event":"Formatting title: All The Money In The World","logger":"root","filename":"scrapping_dag.py","lineno":200}
{"timestamp":"2026-01-06T09:49:12.247857Z","level":"info","event":"Formatting title: All The Old Knives","logger":"root","filename":"scrapping_dag.py","lineno":200}
{"timestamp":"2026-01-06T09:49:12.247896Z","level":"info","event":"Formatting title: All The Presidents Men","logger":"root","filename":"scrapping_dag.py","lineno":200}
{"timestamp":"2026-01-06T09:49:12.247927Z","level":"info","event":"Formatting title: Almost Famous","logger":"root","filename":"scrapping_dag.py","lineno":200}
{"timestamp":"2026-01-06T09:49:12.247955Z","level":"info","event":"Formatting title: Altered States","logger":"root","filename":"scrapping_dag.py","lineno":200}
{"timestamp":"2026-01-06T09:49:12.247982Z","level":"info","event":"Formatting title: Amadeus","logger":"root","filename":"scrapping_dag.py","lineno":200}
{"timestamp":"2026-01-06T09:49:12.248009Z","level":"info","event":"Formatting title: Ambulance","logger":"root","filename":"scrapping_dag.py","lineno":200}
{"timestamp":"2026-01-06T09:49:12.248036Z","level":"info","event":"Formatting title: The American","logger":"root","filename":"scrapping_dag.py","lineno":200}
{"timestamp":"2026-01-06T09:49:12.248063Z","level":"info","event":"Formatting title: American Animals","logger":"root","filename":"scrapping_dag.py","lineno":200}
{"timestamp":"2026-01-06T09:49:12.248090Z","level":"info","event":"Formatting title: American Beauty","logger":"root","filename":"scrapping_dag.py","lineno":200}
{"timestamp":"2026-01-06T09:49:12.248117Z","level":"info","event":"Formatting title: American Fiction","logger":"root","filename":"scrapping_dag.py","lineno":200}
{"timestamp":"2026-01-06T09:49:12.248143Z","level":"info","event":"Formatting title: American Graffiti","logger":"root","filename":"scrapping_dag.py","lineno":200}
{"timestamp":"2026-01-06T09:49:12.248169Z","level":"info","event":"Formatting title: American Hustle","logger":"root","filename":"scrapping_dag.py","lineno":200}
{"timestamp":"2026-01-06T09:49:12.248193Z","level":"info","event":"Formatting title: American Pie","logger":"root","filename":"scrapping_dag.py","lineno":200}
{"timestamp":"2026-01-06T09:49:12.248219Z","level":"info","event":"Formatting title: The American President","logger":"root","filename":"scrapping_dag.py","lineno":200}
{"timestamp":"2026-01-06T09:49:12.248244Z","level":"info","event":"Formatting title: American Psycho","logger":"root","filename":"scrapping_dag.py","lineno":200}
{"timestamp":"2026-01-06T09:49:12.248270Z","level":"info","event":"Formatting title: American Sniper","logger":"root","filename":"scrapping_dag.py","lineno":200}
{"timestamp":"2026-01-06T09:49:12.248295Z","level":"info","event":"Formatting title: American Ultra","logger":"root","filename":"scrapping_dag.py","lineno":200}
{"timestamp":"2026-01-06T09:49:12.248320Z","level":"info","event":"Formatting title: Amistad","logger":"root","filename":"scrapping_dag.py","lineno":200}
{"timestamp":"2026-01-06T09:49:12.248345Z","level":"info","event":"Formatting title: The Amityville Horror","logger":"root","filename":"scrapping_dag.py","lineno":200}
{"timestamp":"2026-01-06T09:49:12.248373Z","level":"info","event":"Formatting title: Amélie","logger":"root","filename":"scrapping_dag.py","lineno":200}
{"timestamp":"2026-01-06T09:49:12.248401Z","level":"info","event":"Formatting title: Amour","logger":"root","filename":"scrapping_dag.py","lineno":200}
{"timestamp":"2026-01-06T09:49:12.248427Z","level":"info","event":"Formatting title: Amsterdam","logger":"root","filename":"scrapping_dag.py","lineno":200}
{"timestamp":"2026-01-06T09:49:12.248452Z","level":"info","event":"Formatting title: An Affair To Remember","logger":"root","filename":"scrapping_dag.py","lineno":200}
{"timestamp":"2026-01-06T09:49:12.248477Z","level":"info","event":"Formatting title: An American Werewolf In London","logger":"root","filename":"scrapping_dag.py","lineno":200}
{"timestamp":"2026-01-06T09:49:12.248504Z","level":"info","event":"Formatting title: An Unmarried Woman","logger":"root","filename":"scrapping_dag.py","lineno":200}
{"timestamp":"2026-01-06T09:49:12.248531Z","level":"info","event":"Formatting title: Anaconda","logger":"root","filename":"scrapping_dag.py","lineno":200}
{"timestamp":"2026-01-06T09:49:12.248558Z","level":"info","event":"Formatting title: Analyze That","logger":"root","filename":"scrapping_dag.py","lineno":200}
{"timestamp":"2026-01-06T09:49:12.248583Z","level":"info","event":"Formatting title: Analyze This","logger":"root","filename":"scrapping_dag.py","lineno":200}
{"timestamp":"2026-01-06T09:49:12.248608Z","level":"info","event":"Formatting title: Anastasia","logger":"root","filename":"scrapping_dag.py","lineno":200}
{"timestamp":"2026-01-06T09:49:12.248633Z","level":"info","event":"Formatting title: Anatomy Of A Fall","logger":"root","filename":"scrapping_dag.py","lineno":200}
{"timestamp":"2026-01-06T09:49:12.248658Z","level":"info","event":"Formatting title: Anatomy Of A Murder","logger":"root","filename":"scrapping_dag.py","lineno":200}
{"timestamp":"2026-01-06T09:49:12.248683Z","level":"info","event":"Formatting title: Anchorman The Legend Of Ron Burgundy","logger":"root","filename":"scrapping_dag.py","lineno":200}
{"timestamp":"2026-01-06T09:49:12.248710Z","level":"info","event":"Formatting title: Angel Eyes","logger":"root","filename":"scrapping_dag.py","lineno":200}
{"timestamp":"2026-01-06T09:49:12.248734Z","level":"info","event":"Formatting title: Angels With Dirty Faces","logger":"root","filename":"scrapping_dag.py","lineno":200}
{"timestamp":"2026-01-06T09:49:12.248759Z","level":"info","event":"Formatting title: Anger Management","logger":"root","filename":"scrapping_dag.py","lineno":200}
{"timestamp":"2026-01-06T09:49:12.248783Z","level":"info","event":"Formatting title: Animal Kingdom","logger":"root","filename":"scrapping_dag.py","lineno":200}
{"timestamp":"2026-01-06T09:49:12.248809Z","level":"info","event":"Formatting title: Annabelle","logger":"root","filename":"scrapping_dag.py","lineno":200}
{"timestamp":"2026-01-06T09:49:12.248833Z","level":"info","event":"Formatting title: Annette","logger":"root","filename":"scrapping_dag.py","lineno":200}
{"timestamp":"2026-01-06T09:49:12.248861Z","level":"info","event":"Formatting title: Annie Hall","logger":"root","filename":"scrapping_dag.py","lineno":200}
{"timestamp":"2026-01-06T09:49:12.248886Z","level":"info","event":"Formatting title: Annihilation","logger":"root","filename":"scrapping_dag.py","lineno":200}
{"timestamp":"2026-01-06T09:49:12.248909Z","level":"info","event":"Formatting title: Anora","logger":"root","filename":"scrapping_dag.py","lineno":200}
{"timestamp":"2026-01-06T09:49:12.248933Z","level":"info","event":"Formatting title: Another 48 Hrs","logger":"root","filename":"scrapping_dag.py","lineno":200}
{"timestamp":"2026-01-06T09:49:12.248957Z","level":"info","event":"Formatting title: Another Year","logger":"root","filename":"scrapping_dag.py","lineno":200}
{"timestamp":"2026-01-06T09:49:12.248981Z","level":"info","event":"Formatting title: Antebellum","logger":"root","filename":"scrapping_dag.py","lineno":200}
{"timestamp":"2026-01-06T09:49:12.249005Z","level":"info","event":"Formatting title: Anthropoid","logger":"root","filename":"scrapping_dag.py","lineno":200}
{"timestamp":"2026-01-06T09:49:12.249030Z","level":"info","event":"Formatting title: Any Given Sunday","logger":"root","filename":"scrapping_dag.py","lineno":200}
{"timestamp":"2026-01-06T09:49:12.249053Z","level":"info","event":"Formatting title: The Apartment","logger":"root","filename":"scrapping_dag.py","lineno":200}
{"timestamp":"2026-01-06T09:49:12.249078Z","level":"info","event":"Formatting title: Apocalypse Now","logger":"root","filename":"scrapping_dag.py","lineno":200}
{"timestamp":"2026-01-06T09:49:12.249101Z","level":"info","event":"Formatting title: Argentina 1985","logger":"root","filename":"scrapping_dag.py","lineno":200}
{"timestamp":"2026-01-06T09:49:12.249126Z","level":"info","event":"Formatting title: Argo","logger":"root","filename":"scrapping_dag.py","lineno":200}
{"timestamp":"2026-01-06T09:49:12.249150Z","level":"info","event":"Formatting title: Armageddon","logger":"root","filename":"scrapping_dag.py","lineno":200}
{"timestamp":"2026-01-06T09:49:12.249174Z","level":"info","event":"Formatting title: Armageddon Time","logger":"root","filename":"scrapping_dag.py","lineno":200}
{"timestamp":"2026-01-06T09:49:12.249199Z","level":"info","event":"Formatting title: Armed And Dangerous","logger":"root","filename":"scrapping_dag.py","lineno":200}
{"timestamp":"2026-01-06T09:49:12.249224Z","level":"info","event":"Formatting title: Army Of Darkness","logger":"root","filename":"scrapping_dag.py","lineno":200}
{"timestamp":"2026-01-06T09:49:12.249249Z","level":"info","event":"Formatting title: Arrival","logger":"root","filename":"scrapping_dag.py","lineno":200}
{"timestamp":"2026-01-06T09:49:12.249274Z","level":"info","event":"Formatting title: The Artist","logger":"root","filename":"scrapping_dag.py","lineno":200}
{"timestamp":"2026-01-06T09:49:12.249298Z","level":"info","event":"Formatting title: As Good As It Gets","logger":"root","filename":"scrapping_dag.py","lineno":200}
{"timestamp":"2026-01-06T09:49:12.249322Z","level":"info","event":"Formatting title: Ask The Dust","logger":"root","filename":"scrapping_dag.py","lineno":200}
{"timestamp":"2026-01-06T09:49:12.249346Z","level":"info","event":"Formatting title: Assassination Nation","logger":"root","filename":"scrapping_dag.py","lineno":200}
{"timestamp":"2026-01-06T09:49:12.249370Z","level":"info","event":"Formatting title: Assault On Precinct 13","logger":"root","filename":"scrapping_dag.py","lineno":200}
{"timestamp":"2026-01-06T09:49:12.249396Z","level":"info","event":"Formatting title: Asteroid City","logger":"root","filename":"scrapping_dag.py","lineno":200}
{"timestamp":"2026-01-06T09:49:12.249421Z","level":"info","event":"Formatting title: The A Team","logger":"root","filename":"scrapping_dag.py","lineno":200}
{"timestamp":"2026-01-06T09:49:12.249446Z","level":"info","event":"Formatting title: Atomic Blonde","logger":"root","filename":"scrapping_dag.py","lineno":200}
{"timestamp":"2026-01-06T09:49:12.249473Z","level":"info","event":"Formatting title: Attack The Block","logger":"root","filename":"scrapping_dag.py","lineno":200}
{"timestamp":"2026-01-06T09:49:12.249499Z","level":"info","event":"Formatting title: Audrey Rose","logger":"root","filename":"scrapping_dag.py","lineno":200}
{"timestamp":"2026-01-06T09:49:12.249523Z","level":"info","event":"Formatting title: August Osage County","logger":"root","filename":"scrapping_dag.py","lineno":200}
{"timestamp":"2026-01-06T09:49:12.249610Z","level":"info","event":"Formatting title: Avatar","logger":"root","filename":"scrapping_dag.py","lineno":200}
{"timestamp":"2026-01-06T09:49:12.249646Z","level":"info","event":"Formatting title: The Avengers","logger":"root","filename":"scrapping_dag.py","lineno":200}
{"timestamp":"2026-01-06T09:49:12.249674Z","level":"info","event":"Formatting title: Avengers Endgame","logger":"root","filename":"scrapping_dag.py","lineno":200}
{"timestamp":"2026-01-06T09:49:12.249701Z","level":"info","event":"Formatting title: The Aviator","logger":"root","filename":"scrapping_dag.py","lineno":200}
{"timestamp":"2026-01-06T09:49:12.249754Z","level":"info","event":"Formatting title: Avp Alien Vs Predator","logger":"root","filename":"scrapping_dag.py","lineno":200}
{"timestamp":"2026-01-06T09:49:12.249790Z","level":"info","event":"Formatting title: The Babadook","logger":"root","filename":"scrapping_dag.py","lineno":200}
{"timestamp":"2026-01-06T09:49:12.249819Z","level":"info","event":"Formatting title: Baby Boy","logger":"root","filename":"scrapping_dag.py","lineno":200}
{"timestamp":"2026-01-06T09:49:12.249884Z","level":"info","event":"Formatting title: Baby Driver","logger":"root","filename":"scrapping_dag.py","lineno":200}
{"timestamp":"2026-01-06T09:49:12.249921Z","level":"info","event":"Formatting title: Babylon","logger":"root","filename":"scrapping_dag.py","lineno":200}
{"timestamp":"2026-01-06T09:49:12.249958Z","level":"info","event":"Formatting title: The Babysitter","logger":"root","filename":"scrapping_dag.py","lineno":200}
{"timestamp":"2026-01-06T09:49:12.249991Z","level":"info","event":"Formatting title: Back To The Future","logger":"root","filename":"scrapping_dag.py","lineno":200}
{"timestamp":"2026-01-06T09:49:12.250021Z","level":"info","event":"Formatting title: Bad Boys","logger":"root","filename":"scrapping_dag.py","lineno":200}
{"timestamp":"2026-01-06T09:49:12.250049Z","level":"info","event":"Formatting title: Bad Boys For Life","logger":"root","filename":"scrapping_dag.py","lineno":200}
{"timestamp":"2026-01-06T09:49:12.250076Z","level":"info","event":"Formatting title: Bad Lieutenant","logger":"root","filename":"scrapping_dag.py","lineno":200}
{"timestamp":"2026-01-06T09:49:12.250145Z","level":"info","event":"Formatting title: Bad Moms","logger":"root","filename":"scrapping_dag.py","lineno":200}
{"timestamp":"2026-01-06T09:49:12.250184Z","level":"info","event":"Formatting title: Bad Moon","logger":"root","filename":"scrapping_dag.py","lineno":200}
{"timestamp":"2026-01-06T09:49:12.250214Z","level":"info","event":"Formatting title: Bad Santa","logger":"root","filename":"scrapping_dag.py","lineno":200}
{"timestamp":"2026-01-06T09:49:12.250242Z","level":"info","event":"Formatting title: Bad Teacher","logger":"root","filename":"scrapping_dag.py","lineno":200}
{"timestamp":"2026-01-06T09:49:12.250270Z","level":"info","event":"Formatting title: Bad Times At The El Royale","logger":"root","filename":"scrapping_dag.py","lineno":200}
{"timestamp":"2026-01-06T09:49:12.250297Z","level":"info","event":"Formatting title: Badlands","logger":"root","filename":"scrapping_dag.py","lineno":200}
{"timestamp":"2026-01-06T09:49:12.250329Z","level":"info","event":"Formatting title: The Ballad Of Buster Scruggs","logger":"root","filename":"scrapping_dag.py","lineno":200}
{"timestamp":"2026-01-06T09:49:12.250356Z","level":"info","event":"Formatting title: The Banshees Of Inisherin","logger":"root","filename":"scrapping_dag.py","lineno":200}
{"timestamp":"2026-01-06T09:49:12.250381Z","level":"info","event":"Formatting title: Barb And Star Go To Vista Del Mar","logger":"root","filename":"scrapping_dag.py","lineno":200}
{"timestamp":"2026-01-06T09:49:12.250408Z","level":"info","event":"Formatting title: Barbarian","logger":"root","filename":"scrapping_dag.py","lineno":200}
{"timestamp":"2026-01-06T09:49:12.250434Z","level":"info","event":"Formatting title: Barbershop","logger":"root","filename":"scrapping_dag.py","lineno":200}
{"timestamp":"2026-01-06T09:49:12.250460Z","level":"info","event":"Formatting title: Barbie","logger":"root","filename":"scrapping_dag.py","lineno":200}
{"timestamp":"2026-01-06T09:49:12.250487Z","level":"info","event":"Formatting title: Barton Fink","logger":"root","filename":"scrapping_dag.py","lineno":200}
{"timestamp":"2026-01-06T09:49:12.250513Z","level":"info","event":"Formatting title: Basic Instinct","logger":"root","filename":"scrapping_dag.py","lineno":200}
{"timestamp":"2026-01-06T09:49:12.250539Z","level":"info","event":"Formatting title: Basic Instinct 2","logger":"root","filename":"scrapping_dag.py","lineno":200}
{"timestamp":"2026-01-06T09:49:12.250564Z","level":"info","event":"Formatting title: Basket Case","logger":"root","filename":"scrapping_dag.py","lineno":200}
{"timestamp":"2026-01-06T09:49:12.250594Z","level":"info","event":"Formatting title: Batman & Robin","logger":"root","filename":"scrapping_dag.py","lineno":200}
{"timestamp":"2026-01-06T09:49:12.250626Z","level":"info","event":"Formatting title: Batman","logger":"root","filename":"scrapping_dag.py","lineno":200}
{"timestamp":"2026-01-06T09:49:12.250652Z","level":"info","event":"Formatting title: The Batman","logger":"root","filename":"scrapping_dag.py","lineno":200}
{"timestamp":"2026-01-06T09:49:12.250677Z","level":"info","event":"Formatting title: Batman Begins","logger":"root","filename":"scrapping_dag.py","lineno":200}
{"timestamp":"2026-01-06T09:49:12.250702Z","level":"info","event":"Formatting title: Batman Forever","logger":"root","filename":"scrapping_dag.py","lineno":200}
{"timestamp":"2026-01-06T09:49:12.250726Z","level":"info","event":"Formatting title: Batman Mask Of The Phantasm","logger":"root","filename":"scrapping_dag.py","lineno":200}
{"timestamp":"2026-01-06T09:49:12.250751Z","level":"info","event":"Formatting title: Batman Returns","logger":"root","filename":"scrapping_dag.py","lineno":200}
{"timestamp":"2026-01-06T09:49:12.250775Z","level":"info","event":"Formatting title: Battle Of The Sexes","logger":"root","filename":"scrapping_dag.py","lineno":200}
{"timestamp":"2026-01-06T09:49:12.250801Z","level":"info","event":"Formatting title: Battlefield Earth","logger":"root","filename":"scrapping_dag.py","lineno":200}
{"timestamp":"2026-01-06T09:49:12.250825Z","level":"info","event":"Formatting title: Baywatch","logger":"root","filename":"scrapping_dag.py","lineno":200}
{"timestamp":"2026-01-06T09:49:12.250854Z","level":"info","event":"Formatting title: The Beach Bum","logger":"root","filename":"scrapping_dag.py","lineno":200}
{"timestamp":"2026-01-06T09:49:12.250879Z","level":"info","event":"Formatting title: Bean","logger":"root","filename":"scrapping_dag.py","lineno":200}
{"timestamp":"2026-01-06T09:49:12.250903Z","level":"info","event":"Formatting title: Beau Is Afraid","logger":"root","filename":"scrapping_dag.py","lineno":200}
{"timestamp":"2026-01-06T09:49:12.250928Z","level":"info","event":"Formatting title: Beautiful Boy","logger":"root","filename":"scrapping_dag.py","lineno":200}
{"timestamp":"2026-01-06T09:49:12.250954Z","level":"info","event":"Formatting title: A Beautiful Day In The Neighborhood","logger":"root","filename":"scrapping_dag.py","lineno":200}
{"timestamp":"2026-01-06T09:49:12.250979Z","level":"info","event":"Formatting title: A Beautiful Mind","logger":"root","filename":"scrapping_dag.py","lineno":200}
{"timestamp":"2026-01-06T09:49:12.251005Z","level":"info","event":"Formatting title: Beauty And The Beast","logger":"root","filename":"scrapping_dag.py","lineno":200}
{"timestamp":"2026-01-06T09:49:12.251031Z","level":"info","event":"Formatting title: The Beekeeper","logger":"root","filename":"scrapping_dag.py","lineno":200}
{"timestamp":"2026-01-06T09:49:12.251057Z","level":"info","event":"Formatting title: Beetlejuice","logger":"root","filename":"scrapping_dag.py","lineno":200}
{"timestamp":"2026-01-06T09:49:12.251083Z","level":"info","event":"Formatting title: Before Midnight","logger":"root","filename":"scrapping_dag.py","lineno":200}
{"timestamp":"2026-01-06T09:49:12.251109Z","level":"info","event":"Formatting title: Beginners","logger":"root","filename":"scrapping_dag.py","lineno":200}
{"timestamp":"2026-01-06T09:49:12.251134Z","level":"info","event":"Formatting title: The Beguiled","logger":"root","filename":"scrapping_dag.py","lineno":200}
{"timestamp":"2026-01-06T09:49:12.251160Z","level":"info","event":"Formatting title: The Beguiled","logger":"root","filename":"scrapping_dag.py","lineno":200}
{"timestamp":"2026-01-06T09:49:12.251184Z","level":"info","event":"Formatting title: Being John Malkovich","logger":"root","filename":"scrapping_dag.py","lineno":200}
{"timestamp":"2026-01-06T09:49:12.251209Z","level":"info","event":"Formatting title: Being The Ricardos","logger":"root","filename":"scrapping_dag.py","lineno":200}
{"timestamp":"2026-01-06T09:49:12.251233Z","level":"info","event":"Formatting title: Being There","logger":"root","filename":"scrapping_dag.py","lineno":200}
{"timestamp":"2026-01-06T09:49:12.251256Z","level":"info","event":"Formatting title: Belfast","logger":"root","filename":"scrapping_dag.py","lineno":200}
{"timestamp":"2026-01-06T09:49:12.251287Z","level":"info","event":"Formatting title: Belle","logger":"root","filename":"scrapping_dag.py","lineno":200}
{"timestamp":"2026-01-06T09:49:12.251334Z","level":"info","event":"Formatting title: Better Man","logger":"root","filename":"scrapping_dag.py","lineno":200}
{"timestamp":"2026-01-06T09:49:12.251369Z","level":"info","event":"Formatting title: Beverly Hills Cop","logger":"root","filename":"scrapping_dag.py","lineno":200}
{"timestamp":"2026-01-06T09:49:12.251399Z","level":"info","event":"Formatting title: The Bfg","logger":"root","filename":"scrapping_dag.py","lineno":200}
{"timestamp":"2026-01-06T09:49:12.251427Z","level":"info","event":"Formatting title: Big","logger":"root","filename":"scrapping_dag.py","lineno":200}
{"timestamp":"2026-01-06T09:49:12.251456Z","level":"info","event":"Formatting title: The Big Chill","logger":"root","filename":"scrapping_dag.py","lineno":200}
{"timestamp":"2026-01-06T09:49:12.251484Z","level":"info","event":"Formatting title: The Big Easy","logger":"root","filename":"scrapping_dag.py","lineno":200}
{"timestamp":"2026-01-06T09:49:12.251512Z","level":"info","event":"Formatting title: Big Fish","logger":"root","filename":"scrapping_dag.py","lineno":200}
{"timestamp":"2026-01-06T09:49:12.251543Z","level":"info","event":"Formatting title: The Big Lebowski","logger":"root","filename":"scrapping_dag.py","lineno":200}
{"timestamp":"2026-01-06T09:49:12.251576Z","level":"info","event":"Formatting title: The Big Short","logger":"root","filename":"scrapping_dag.py","lineno":200}
{"timestamp":"2026-01-06T09:49:12.251607Z","level":"info","event":"Formatting title: The Big Sick","logger":"root","filename":"scrapping_dag.py","lineno":200}
{"timestamp":"2026-01-06T09:49:12.251637Z","level":"info","event":"Formatting title: Big Time Adolescence","logger":"root","filename":"scrapping_dag.py","lineno":200}
{"timestamp":"2026-01-06T09:49:12.251669Z","level":"info","event":"Formatting title: Big Trouble In Little China","logger":"root","filename":"scrapping_dag.py","lineno":200}
{"timestamp":"2026-01-06T09:49:12.251711Z","level":"info","event":"Formatting title: Bill & Ted Face The Music","logger":"root","filename":"scrapping_dag.py","lineno":200}
{"timestamp":"2026-01-06T09:49:12.251752Z","level":"info","event":"Formatting title: Bill And Teds Bogus Journey","logger":"root","filename":"scrapping_dag.py","lineno":200}
{"timestamp":"2026-01-06T09:49:12.251786Z","level":"info","event":"Formatting title: Bill And Teds Excellent Adventure","logger":"root","filename":"scrapping_dag.py","lineno":200}
{"timestamp":"2026-01-06T09:49:12.251822Z","level":"info","event":"Formatting title: Bird Box","logger":"root","filename":"scrapping_dag.py","lineno":200}
{"timestamp":"2026-01-06T09:49:12.251888Z","level":"info","event":"Formatting title: The Birdcage","logger":"root","filename":"scrapping_dag.py","lineno":200}
{"timestamp":"2026-01-06T09:49:12.251942Z","level":"info","event":"Formatting title: Birdman","logger":"root","filename":"scrapping_dag.py","lineno":200}
{"timestamp":"2026-01-06T09:49:12.251986Z","level":"info","event":"Formatting title: The Birds","logger":"root","filename":"scrapping_dag.py","lineno":200}
{"timestamp":"2026-01-06T09:49:12.252031Z","level":"info","event":"Formatting title: The Birth Of A Nation","logger":"root","filename":"scrapping_dag.py","lineno":200}
{"timestamp":"2026-01-06T09:49:12.252075Z","level":"info","event":"Formatting title: Black Christmas","logger":"root","filename":"scrapping_dag.py","lineno":200}
{"timestamp":"2026-01-06T09:49:12.252109Z","level":"info","event":"Formatting title: Black Panther","logger":"root","filename":"scrapping_dag.py","lineno":200}
{"timestamp":"2026-01-06T09:49:12.252139Z","level":"info","event":"Formatting title: Black Panther Wakanda Forever","logger":"root","filename":"scrapping_dag.py","lineno":200}
{"timestamp":"2026-01-06T09:49:12.252166Z","level":"info","event":"Formatting title: Black Swan","logger":"root","filename":"scrapping_dag.py","lineno":200}
{"timestamp":"2026-01-06T09:49:12.252198Z","level":"info","event":"Formatting title: Blackberry","logger":"root","filename":"scrapping_dag.py","lineno":200}
{"timestamp":"2026-01-06T09:49:12.252225Z","level":"info","event":"Formatting title: Blackkklansman","logger":"root","filename":"scrapping_dag.py","lineno":200}
{"timestamp":"2026-01-06T09:49:12.252252Z","level":"info","event":"Formatting title: Blade","logger":"root","filename":"scrapping_dag.py","lineno":200}
{"timestamp":"2026-01-06T09:49:12.252280Z","level":"info","event":"Formatting title: Blade Runner","logger":"root","filename":"scrapping_dag.py","lineno":200}
{"timestamp":"2026-01-06T09:49:12.252310Z","level":"info","event":"Formatting title: Blade Runner 2049","logger":"root","filename":"scrapping_dag.py","lineno":200}
{"timestamp":"2026-01-06T09:49:12.252342Z","level":"info","event":"Formatting title: Blades Of Glory","logger":"root","filename":"scrapping_dag.py","lineno":200}
{"timestamp":"2026-01-06T09:49:12.252379Z","level":"info","event":"Formatting title: Blankman","logger":"root","filename":"scrapping_dag.py","lineno":200}
{"timestamp":"2026-01-06T09:49:12.252426Z","level":"info","event":"Formatting title: Blazing Saddles","logger":"root","filename":"scrapping_dag.py","lineno":200}
{"timestamp":"2026-01-06T09:49:12.252471Z","level":"info","event":"Formatting title: Blindspotting","logger":"root","filename":"scrapping_dag.py","lineno":200}
{"timestamp":"2026-01-06T09:49:12.252524Z","level":"info","event":"Formatting title: The Bling Ring","logger":"root","filename":"scrapping_dag.py","lineno":200}
{"timestamp":"2026-01-06T09:49:12.252569Z","level":"info","event":"Formatting title: Blink Twice","logger":"root","filename":"scrapping_dag.py","lineno":200}
{"timestamp":"2026-01-06T09:49:12.252617Z","level":"info","event":"Formatting title: Blitz","logger":"root","filename":"scrapping_dag.py","lineno":200}
{"timestamp":"2026-01-06T09:49:12.252672Z","level":"info","event":"Formatting title: The Blob","logger":"root","filename":"scrapping_dag.py","lineno":200}
{"timestamp":"2026-01-06T09:49:12.252719Z","level":"info","event":"Formatting title: Blonde","logger":"root","filename":"scrapping_dag.py","lineno":200}
{"timestamp":"2026-01-06T09:49:12.252770Z","level":"info","event":"Formatting title: Blood Diamond","logger":"root","filename":"scrapping_dag.py","lineno":200}
{"timestamp":"2026-01-06T09:49:12.252820Z","level":"info","event":"Formatting title: Bloodshot","logger":"root","filename":"scrapping_dag.py","lineno":200}
{"timestamp":"2026-01-06T09:49:12.252872Z","level":"info","event":"Formatting title: Blue Jasmine","logger":"root","filename":"scrapping_dag.py","lineno":200}
{"timestamp":"2026-01-06T09:49:12.252931Z","level":"info","event":"Formatting title: Blue Ruin","logger":"root","filename":"scrapping_dag.py","lineno":200}
{"timestamp":"2026-01-06T09:49:12.252981Z","level":"info","event":"Formatting title: Blue Valentine","logger":"root","filename":"scrapping_dag.py","lineno":200}
{"timestamp":"2026-01-06T09:49:12.253033Z","level":"info","event":"Formatting title: Blue Velvet","logger":"root","filename":"scrapping_dag.py","lineno":200}
{"timestamp":"2026-01-06T09:49:12.253095Z","level":"info","event":"Formatting title: The Blues Brothers","logger":"root","filename":"scrapping_dag.py","lineno":200}
{"timestamp":"2026-01-06T09:49:12.253161Z","level":"info","event":"Formatting title: Body Heat","logger":"root","filename":"scrapping_dag.py","lineno":200}
{"timestamp":"2026-01-06T09:49:12.253209Z","level":"info","event":"Formatting title: The Bodyguard","logger":"root","filename":"scrapping_dag.py","lineno":200}
{"timestamp":"2026-01-06T09:49:12.253338Z","level":"info","event":"Formatting title: Bohemian Rhapsody","logger":"root","filename":"scrapping_dag.py","lineno":200}
{"timestamp":"2026-01-06T09:49:12.253607Z","level":"info","event":"Formatting title: Bones And All","logger":"root","filename":"scrapping_dag.py","lineno":200}
{"timestamp":"2026-01-06T09:49:12.253734Z","level":"info","event":"Formatting title: The Bonfire Of The Vanities","logger":"root","filename":"scrapping_dag.py","lineno":200}
{"timestamp":"2026-01-06T09:49:12.253810Z","level":"info","event":"Formatting title: Boogie Nights","logger":"root","filename":"scrapping_dag.py","lineno":200}
{"timestamp":"2026-01-06T09:49:12.253876Z","level":"info","event":"Formatting title: Booksmart","logger":"root","filename":"scrapping_dag.py","lineno":200}
{"timestamp":"2026-01-06T09:49:12.253931Z","level":"info","event":"Formatting title: Bookworm","logger":"root","filename":"scrapping_dag.py","lineno":200}
{"timestamp":"2026-01-06T09:49:12.253984Z","level":"info","event":"Formatting title: Boomerang","logger":"root","filename":"scrapping_dag.py","lineno":200}
{"timestamp":"2026-01-06T09:49:12.254081Z","level":"info","event":"Formatting title: The Boondock Saints","logger":"root","filename":"scrapping_dag.py","lineno":200}
{"timestamp":"2026-01-06T09:49:12.254197Z","level":"info","event":"Formatting title: The Boondock Saints 2 All Saints Day","logger":"root","filename":"scrapping_dag.py","lineno":200}
{"timestamp":"2026-01-06T09:49:12.254257Z","level":"info","event":"Formatting title: Booty Call","logger":"root","filename":"scrapping_dag.py","lineno":200}
{"timestamp":"2026-01-06T09:49:12.254310Z","level":"info","event":"Formatting title: Borat Subsequent Moviefilm","logger":"root","filename":"scrapping_dag.py","lineno":200}
{"timestamp":"2026-01-06T09:49:12.254360Z","level":"info","event":"Formatting title: Born On The Fourth Of July","logger":"root","filename":"scrapping_dag.py","lineno":200}
{"timestamp":"2026-01-06T09:49:12.254413Z","level":"info","event":"Formatting title: The Boss Baby Family Business","logger":"root","filename":"scrapping_dag.py","lineno":200}
{"timestamp":"2026-01-06T09:49:12.254462Z","level":"info","event":"Formatting title: Bottoms","logger":"root","filename":"scrapping_dag.py","lineno":200}
{"timestamp":"2026-01-06T09:49:12.254509Z","level":"info","event":"Formatting title: Bound","logger":"root","filename":"scrapping_dag.py","lineno":200}
{"timestamp":"2026-01-06T09:49:12.254595Z","level":"info","event":"Formatting title: The Bourne Identity","logger":"root","filename":"scrapping_dag.py","lineno":200}
{"timestamp":"2026-01-06T09:49:12.254658Z","level":"info","event":"Formatting title: The Bourne Supremacy","logger":"root","filename":"scrapping_dag.py","lineno":200}
{"timestamp":"2026-01-06T09:49:12.254692Z","level":"info","event":"Formatting title: The Bourne Ultimatum","logger":"root","filename":"scrapping_dag.py","lineno":200}
{"timestamp":"2026-01-06T09:49:12.254720Z","level":"info","event":"Formatting title: Bowfinger","logger":"root","filename":"scrapping_dag.py","lineno":200}
{"timestamp":"2026-01-06T09:49:12.254747Z","level":"info","event":"Formatting title: The Boxtrolls","logger":"root","filename":"scrapping_dag.py","lineno":200}
{"timestamp":"2026-01-06T09:49:12.254774Z","level":"info","event":"Formatting title: The Boy","logger":"root","filename":"scrapping_dag.py","lineno":200}
{"timestamp":"2026-01-06T09:49:12.254805Z","level":"info","event":"Formatting title: Boy Erased","logger":"root","filename":"scrapping_dag.py","lineno":200}
{"timestamp":"2026-01-06T09:49:12.254833Z","level":"info","event":"Formatting title: Boyhood","logger":"root","filename":"scrapping_dag.py","lineno":200}
{"timestamp":"2026-01-06T09:49:12.254858Z","level":"info","event":"Formatting title: Boyz In The Hood","logger":"root","filename":"scrapping_dag.py","lineno":200}
{"timestamp":"2026-01-06T09:49:12.254892Z","level":"info","event":"Formatting title: Brads Status","logger":"root","filename":"scrapping_dag.py","lineno":200}
{"timestamp":"2026-01-06T09:49:12.254918Z","level":"info","event":"Formatting title: The Brady Bunch Movie","logger":"root","filename":"scrapping_dag.py","lineno":200}
{"timestamp":"2026-01-06T09:49:12.254944Z","level":"info","event":"Formatting title: Bram Stokers Dracula","logger":"root","filename":"scrapping_dag.py","lineno":200}
{"timestamp":"2026-01-06T09:49:12.254969Z","level":"info","event":"Formatting title: Braveheart","logger":"root","filename":"scrapping_dag.py","lineno":200}
{"timestamp":"2026-01-06T09:49:12.254993Z","level":"info","event":"Formatting title: Breach","logger":"root","filename":"scrapping_dag.py","lineno":200}
{"timestamp":"2026-01-06T09:49:12.255018Z","level":"info","event":"Formatting title: The Breakfast Club","logger":"root","filename":"scrapping_dag.py","lineno":200}
{"timestamp":"2026-01-06T09:49:12.255043Z","level":"info","event":"Formatting title: Breaking Away","logger":"root","filename":"scrapping_dag.py","lineno":200}
{"timestamp":"2026-01-06T09:49:12.255069Z","level":"info","event":"Formatting title: Breathe","logger":"root","filename":"scrapping_dag.py","lineno":200}
{"timestamp":"2026-01-06T09:49:12.255094Z","level":"info","event":"Formatting title: Brick","logger":"root","filename":"scrapping_dag.py","lineno":200}
{"timestamp":"2026-01-06T09:49:12.255117Z","level":"info","event":"Formatting title: Bride Of Chucky","logger":"root","filename":"scrapping_dag.py","lineno":200}
{"timestamp":"2026-01-06T09:49:12.255141Z","level":"info","event":"Formatting title: Bridesmaids","logger":"root","filename":"scrapping_dag.py","lineno":200}
{"timestamp":"2026-01-06T09:49:12.255166Z","level":"info","event":"Formatting title: Bridge Of Spies","logger":"root","filename":"scrapping_dag.py","lineno":200}
{"timestamp":"2026-01-06T09:49:12.255194Z","level":"info","event":"Formatting title: Bridget Jones Diary","logger":"root","filename":"scrapping_dag.py","lineno":200}
{"timestamp":"2026-01-06T09:49:12.255222Z","level":"info","event":"Formatting title: Bridget Joness Baby","logger":"root","filename":"scrapping_dag.py","lineno":200}
{"timestamp":"2026-01-06T09:49:12.255246Z","level":"info","event":"Formatting title: Bright","logger":"root","filename":"scrapping_dag.py","lineno":200}
{"timestamp":"2026-01-06T09:49:12.255270Z","level":"info","event":"Formatting title: Brightburn","logger":"root","filename":"scrapping_dag.py","lineno":200}
{"timestamp":"2026-01-06T09:49:12.255295Z","level":"info","event":"Formatting title: Broadcast News","logger":"root","filename":"scrapping_dag.py","lineno":200}
{"timestamp":"2026-01-06T09:49:12.255321Z","level":"info","event":"Formatting title: Brokeback Mountain","logger":"root","filename":"scrapping_dag.py","lineno":200}
{"timestamp":"2026-01-06T09:49:12.255346Z","level":"info","event":"Formatting title: Broken Arrow","logger":"root","filename":"scrapping_dag.py","lineno":200}
{"timestamp":"2026-01-06T09:49:12.255371Z","level":"info","event":"Formatting title: Brooklyn","logger":"root","filename":"scrapping_dag.py","lineno":200}
{"timestamp":"2026-01-06T09:49:12.255395Z","level":"info","event":"Formatting title: The Brothers Bloom","logger":"root","filename":"scrapping_dag.py","lineno":200}
{"timestamp":"2026-01-06T09:49:12.255420Z","level":"info","event":"Formatting title: The Brutalist","logger":"root","filename":"scrapping_dag.py","lineno":200}
{"timestamp":"2026-01-06T09:49:12.255446Z","level":"info","event":"Formatting title: Buffy The Vampire Slayer","logger":"root","filename":"scrapping_dag.py","lineno":200}
{"timestamp":"2026-01-06T09:49:12.255472Z","level":"info","event":"Formatting title: The Burbs","logger":"root","filename":"scrapping_dag.py","lineno":200}
{"timestamp":"2026-01-06T09:49:12.255498Z","level":"info","event":"Formatting title: The Burial","logger":"root","filename":"scrapping_dag.py","lineno":200}
{"timestamp":"2026-01-06T09:49:12.255523Z","level":"info","event":"Formatting title: Buried","logger":"root","filename":"scrapping_dag.py","lineno":200}
{"timestamp":"2026-01-06T09:49:12.255548Z","level":"info","event":"Formatting title: Burn After Reading","logger":"root","filename":"scrapping_dag.py","lineno":200}
{"timestamp":"2026-01-06T09:49:12.255573Z","level":"info","event":"Formatting title: Burnt","logger":"root","filename":"scrapping_dag.py","lineno":200}
{"timestamp":"2026-01-06T09:49:12.255598Z","level":"info","event":"Formatting title: Butch Cassidy And The Sundance Kid","logger":"root","filename":"scrapping_dag.py","lineno":200}
{"timestamp":"2026-01-06T09:49:12.255625Z","level":"info","event":"Formatting title: The Cabin In The Woods","logger":"root","filename":"scrapping_dag.py","lineno":200}
{"timestamp":"2026-01-06T09:49:12.255651Z","level":"info","event":"Formatting title: Caddyshack","logger":"root","filename":"scrapping_dag.py","lineno":200}
{"timestamp":"2026-01-06T09:49:12.255675Z","level":"info","event":"Formatting title: Call Me By Your Name","logger":"root","filename":"scrapping_dag.py","lineno":200}
{"timestamp":"2026-01-06T09:49:12.255701Z","level":"info","event":"Formatting title: Can You Ever Forgive Me","logger":"root","filename":"scrapping_dag.py","lineno":200}
{"timestamp":"2026-01-06T09:49:12.255724Z","level":"info","event":"Formatting title: Candyman","logger":"root","filename":"scrapping_dag.py","lineno":200}
{"timestamp":"2026-01-06T09:49:12.255748Z","level":"info","event":"Formatting title: Candyman","logger":"root","filename":"scrapping_dag.py","lineno":200}
{"timestamp":"2026-01-06T09:49:12.255771Z","level":"info","event":"Formatting title: Cape Fear","logger":"root","filename":"scrapping_dag.py","lineno":200}
{"timestamp":"2026-01-06T09:49:12.255795Z","level":"info","event":"Formatting title: Capharnaum","logger":"root","filename":"scrapping_dag.py","lineno":200}
{"timestamp":"2026-01-06T09:49:12.255818Z","level":"info","event":"Formatting title: Capote","logger":"root","filename":"scrapping_dag.py","lineno":200}
{"timestamp":"2026-01-06T09:49:12.255842Z","level":"info","event":"Formatting title: Captain America The First Avenger","logger":"root","filename":"scrapping_dag.py","lineno":200}
{"timestamp":"2026-01-06T09:49:12.255866Z","level":"info","event":"Formatting title: Captain Fantastic","logger":"root","filename":"scrapping_dag.py","lineno":200}
{"timestamp":"2026-01-06T09:49:12.255892Z","level":"info","event":"Formatting title: Car Wash","logger":"root","filename":"scrapping_dag.py","lineno":200}
{"timestamp":"2026-01-06T09:49:12.255916Z","level":"info","event":"Formatting title: The Card Counter","logger":"root","filename":"scrapping_dag.py","lineno":200}
{"timestamp":"2026-01-06T09:49:12.255941Z","level":"info","event":"Formatting title: Carlitos Way","logger":"root","filename":"scrapping_dag.py","lineno":200}
{"timestamp":"2026-01-06T09:49:12.255968Z","level":"info","event":"Formatting title: Carnage","logger":"root","filename":"scrapping_dag.py","lineno":200}
{"timestamp":"2026-01-06T09:49:12.255993Z","level":"info","event":"Formatting title: Carol","logger":"root","filename":"scrapping_dag.py","lineno":200}
{"timestamp":"2026-01-06T09:49:12.335496Z","level":"info","event":"Formatting title: Carrie","logger":"root","filename":"scrapping_dag.py","lineno":200}
{"timestamp":"2026-01-06T09:49:12.335616Z","level":"info","event":"Formatting title: Casablanca","logger":"root","filename":"scrapping_dag.py","lineno":200}
{"timestamp":"2026-01-06T09:49:12.335657Z","level":"info","event":"Formatting title: Casino","logger":"root","filename":"scrapping_dag.py","lineno":200}
{"timestamp":"2026-01-06T09:49:12.335691Z","level":"info","event":"Formatting title: Casino Royale","logger":"root","filename":"scrapping_dag.py","lineno":200}
{"timestamp":"2026-01-06T09:49:12.335727Z","level":"info","event":"Formatting title: Casper","logger":"root","filename":"scrapping_dag.py","lineno":200}
{"timestamp":"2026-01-06T09:49:12.335761Z","level":"info","event":"Formatting title: Cassandro","logger":"root","filename":"scrapping_dag.py","lineno":200}
{"timestamp":"2026-01-06T09:49:12.335791Z","level":"info","event":"Formatting title: Cast Away","logger":"root","filename":"scrapping_dag.py","lineno":200}
{"timestamp":"2026-01-06T09:49:12.335821Z","level":"info","event":"Formatting title: Catch Me If You Can","logger":"root","filename":"scrapping_dag.py","lineno":200}
{"timestamp":"2026-01-06T09:49:12.335852Z","level":"info","event":"Formatting title: Catherine Called Birdy","logger":"root","filename":"scrapping_dag.py","lineno":200}
{"timestamp":"2026-01-06T09:49:12.335880Z","level":"info","event":"Formatting title: Cb4","logger":"root","filename":"scrapping_dag.py","lineno":200}
{"timestamp":"2026-01-06T09:49:12.335909Z","level":"info","event":"Formatting title: Challengers","logger":"root","filename":"scrapping_dag.py","lineno":200}
{"timestamp":"2026-01-06T09:49:12.335938Z","level":"info","event":"Formatting title: Chaplin","logger":"root","filename":"scrapping_dag.py","lineno":200}
{"timestamp":"2026-01-06T09:49:12.335966Z","level":"info","event":"Formatting title: Chariots Of Fire","logger":"root","filename":"scrapping_dag.py","lineno":200}
{"timestamp":"2026-01-06T09:49:12.336001Z","level":"info","event":"Formatting title: Charlie And The Chocolate Factory","logger":"root","filename":"scrapping_dag.py","lineno":200}
{"timestamp":"2026-01-06T09:49:12.336034Z","level":"info","event":"Formatting title: Charlie Bartlett","logger":"root","filename":"scrapping_dag.py","lineno":200}
{"timestamp":"2026-01-06T09:49:12.336063Z","level":"info","event":"Formatting title: Charlie Wilsons War","logger":"root","filename":"scrapping_dag.py","lineno":200}
{"timestamp":"2026-01-06T09:49:12.336094Z","level":"info","event":"Formatting title: Chasing Amy","logger":"root","filename":"scrapping_dag.py","lineno":200}
{"timestamp":"2026-01-06T09:49:12.336127Z","level":"info","event":"Formatting title: Chef","logger":"root","filename":"scrapping_dag.py","lineno":200}
{"timestamp":"2026-01-06T09:49:12.336156Z","level":"info","event":"Formatting title: Cherry","logger":"root","filename":"scrapping_dag.py","lineno":200}
{"timestamp":"2026-01-06T09:49:12.336191Z","level":"info","event":"Formatting title: Children Of Men","logger":"root","filename":"scrapping_dag.py","lineno":200}
{"timestamp":"2026-01-06T09:49:12.336225Z","level":"info","event":"Formatting title: The Children Of The Corn","logger":"root","filename":"scrapping_dag.py","lineno":200}
{"timestamp":"2026-01-06T09:49:12.336254Z","level":"info","event":"Formatting title: Childs Play","logger":"root","filename":"scrapping_dag.py","lineno":200}
{"timestamp":"2026-01-06T09:49:12.336282Z","level":"info","event":"Formatting title: Chinatown","logger":"root","filename":"scrapping_dag.py","lineno":200}
{"timestamp":"2026-01-06T09:49:12.336309Z","level":"info","event":"Formatting title: Christine","logger":"root","filename":"scrapping_dag.py","lineno":200}
{"timestamp":"2026-01-06T09:49:12.336341Z","level":"info","event":"Formatting title: Christmas At Pee Wees Playhouse","logger":"root","filename":"scrapping_dag.py","lineno":200}
{"timestamp":"2026-01-06T09:49:12.336369Z","level":"info","event":"Formatting title: A Christmas Story","logger":"root","filename":"scrapping_dag.py","lineno":200}
{"timestamp":"2026-01-06T09:49:12.336407Z","level":"info","event":"Formatting title: Chronicle","logger":"root","filename":"scrapping_dag.py","lineno":200}
{"timestamp":"2026-01-06T09:49:12.336439Z","level":"info","event":"Formatting title: Cinderella Man","logger":"root","filename":"scrapping_dag.py","lineno":200}
{"timestamp":"2026-01-06T09:49:12.336473Z","level":"info","event":"Formatting title: Citizen Kane","logger":"root","filename":"scrapping_dag.py","lineno":200}
{"timestamp":"2026-01-06T09:49:12.336503Z","level":"info","event":"Formatting title: The Civil Dead","logger":"root","filename":"scrapping_dag.py","lineno":200}
{"timestamp":"2026-01-06T09:49:12.336533Z","level":"info","event":"Formatting title: Clear And Present Danger","logger":"root","filename":"scrapping_dag.py","lineno":200}
{"timestamp":"2026-01-06T09:49:12.336583Z","level":"info","event":"Formatting title: Clerks","logger":"root","filename":"scrapping_dag.py","lineno":200}
{"timestamp":"2026-01-06T09:49:12.336651Z","level":"info","event":"Formatting title: Clerks 2","logger":"root","filename":"scrapping_dag.py","lineno":200}
{"timestamp":"2026-01-06T09:49:12.336703Z","level":"info","event":"Formatting title: Clockers","logger":"root","filename":"scrapping_dag.py","lineno":200}
{"timestamp":"2026-01-06T09:49:12.336757Z","level":"info","event":"Formatting title: A Clockwork Orange","logger":"root","filename":"scrapping_dag.py","lineno":200}
{"timestamp":"2026-01-06T09:49:12.336808Z","level":"info","event":"Formatting title: Close Encounters Of The Third Kind","logger":"root","filename":"scrapping_dag.py","lineno":200}
{"timestamp":"2026-01-06T09:49:12.336965Z","level":"info","event":"Formatting title: Cloud Atlas","logger":"root","filename":"scrapping_dag.py","lineno":200}
{"timestamp":"2026-01-06T09:49:12.337042Z","level":"info","event":"Formatting title: Cloverfield","logger":"root","filename":"scrapping_dag.py","lineno":200}
{"timestamp":"2026-01-06T09:49:12.337157Z","level":"info","event":"Formatting title: Clue","logger":"root","filename":"scrapping_dag.py","lineno":200}
{"timestamp":"2026-01-06T09:49:12.337237Z","level":"info","event":"Formatting title: Cmon Cmon","logger":"root","filename":"scrapping_dag.py","lineno":200}
{"timestamp":"2026-01-06T09:49:12.337298Z","level":"info","event":"Formatting title: Coco","logger":"root","filename":"scrapping_dag.py","lineno":200}
{"timestamp":"2026-01-06T09:49:12.337355Z","level":"info","event":"Formatting title: Cocoon","logger":"root","filename":"scrapping_dag.py","lineno":200}
{"timestamp":"2026-01-06T09:49:12.337415Z","level":"info","event":"Formatting title: Coda","logger":"root","filename":"scrapping_dag.py","lineno":200}
{"timestamp":"2026-01-06T09:49:12.337479Z","level":"info","event":"Formatting title: Cold Mountain","logger":"root","filename":"scrapping_dag.py","lineno":200}
{"timestamp":"2026-01-06T09:49:12.337560Z","level":"info","event":"Formatting title: Colette","logger":"root","filename":"scrapping_dag.py","lineno":200}
{"timestamp":"2026-01-06T09:49:12.337597Z","level":"info","event":"Formatting title: Collateral","logger":"root","filename":"scrapping_dag.py","lineno":200}
{"timestamp":"2026-01-06T09:49:12.337631Z","level":"info","event":"Formatting title: Color Of Night","logger":"root","filename":"scrapping_dag.py","lineno":200}
{"timestamp":"2026-01-06T09:49:12.337661Z","level":"info","event":"Formatting title: The Color Purple","logger":"root","filename":"scrapping_dag.py","lineno":200}
{"timestamp":"2026-01-06T09:49:12.337693Z","level":"info","event":"Formatting title: The Color Purple","logger":"root","filename":"scrapping_dag.py","lineno":200}
{"timestamp":"2026-01-06T09:49:12.337722Z","level":"info","event":"Formatting title: Come To Daddy","logger":"root","filename":"scrapping_dag.py","lineno":200}
{"timestamp":"2026-01-06T09:49:12.337774Z","level":"info","event":"Formatting title: The Comedian","logger":"root","filename":"scrapping_dag.py","lineno":200}
{"timestamp":"2026-01-06T09:49:12.337811Z","level":"info","event":"Formatting title: Coming Home","logger":"root","filename":"scrapping_dag.py","lineno":200}
{"timestamp":"2026-01-06T09:49:12.337839Z","level":"info","event":"Formatting title: Coming To America","logger":"root","filename":"scrapping_dag.py","lineno":200}
{"timestamp":"2026-01-06T09:49:12.337873Z","level":"info","event":"Formatting title: Commando","logger":"root","filename":"scrapping_dag.py","lineno":200}
{"timestamp":"2026-01-06T09:49:12.337901Z","level":"info","event":"Formatting title: A Complete Unknown","logger":"root","filename":"scrapping_dag.py","lineno":200}
{"timestamp":"2026-01-06T09:49:12.337936Z","level":"info","event":"Formatting title: Con Air","logger":"root","filename":"scrapping_dag.py","lineno":200}
{"timestamp":"2026-01-06T09:49:12.337964Z","level":"info","event":"Formatting title: Conclave","logger":"root","filename":"scrapping_dag.py","lineno":200}
{"timestamp":"2026-01-06T09:49:12.337997Z","level":"info","event":"Formatting title: Coneheads","logger":"root","filename":"scrapping_dag.py","lineno":200}
{"timestamp":"2026-01-06T09:49:12.338032Z","level":"info","event":"Formatting title: The Conjuring","logger":"root","filename":"scrapping_dag.py","lineno":200}
{"timestamp":"2026-01-06T09:49:12.338062Z","level":"info","event":"Formatting title: Constantine","logger":"root","filename":"scrapping_dag.py","lineno":200}
{"timestamp":"2026-01-06T09:49:12.338160Z","level":"info","event":"Formatting title: Contact","logger":"root","filename":"scrapping_dag.py","lineno":200}
{"timestamp":"2026-01-06T09:49:12.338224Z","level":"info","event":"Formatting title: Contagion","logger":"root","filename":"scrapping_dag.py","lineno":200}
{"timestamp":"2026-01-06T09:49:12.338261Z","level":"info","event":"Formatting title: The Conversation","logger":"root","filename":"scrapping_dag.py","lineno":200}
{"timestamp":"2026-01-06T09:49:12.338292Z","level":"info","event":"Formatting title: Cool Hand Luke","logger":"root","filename":"scrapping_dag.py","lineno":200}
{"timestamp":"2026-01-06T09:49:12.338325Z","level":"info","event":"Formatting title: Cool Runnings","logger":"root","filename":"scrapping_dag.py","lineno":200}
{"timestamp":"2026-01-06T09:49:12.338358Z","level":"info","event":"Formatting title: Copycat","logger":"root","filename":"scrapping_dag.py","lineno":200}
{"timestamp":"2026-01-06T09:49:12.338387Z","level":"info","event":"Formatting title: Coraline","logger":"root","filename":"scrapping_dag.py","lineno":200}
{"timestamp":"2026-01-06T09:49:12.338416Z","level":"info","event":"Formatting title: Corpse Bride","logger":"root","filename":"scrapping_dag.py","lineno":200}
{"timestamp":"2026-01-06T09:49:12.338446Z","level":"info","event":"Formatting title: The Cotton Club","logger":"root","filename":"scrapping_dag.py","lineno":200}
{"timestamp":"2026-01-06T09:49:12.338473Z","level":"info","event":"Formatting title: Courage Under Fire","logger":"root","filename":"scrapping_dag.py","lineno":200}
{"timestamp":"2026-01-06T09:49:12.338503Z","level":"info","event":"Formatting title: The Craft","logger":"root","filename":"scrapping_dag.py","lineno":200}
{"timestamp":"2026-01-06T09:49:12.338535Z","level":"info","event":"Formatting title: Crash","logger":"root","filename":"scrapping_dag.py","lineno":200}
{"timestamp":"2026-01-06T09:49:12.338563Z","level":"info","event":"Formatting title: Crawl","logger":"root","filename":"scrapping_dag.py","lineno":200}
{"timestamp":"2026-01-06T09:49:12.338592Z","level":"info","event":"Formatting title: Crazy Rich Asians","logger":"root","filename":"scrapping_dag.py","lineno":200}
{"timestamp":"2026-01-06T09:49:12.338622Z","level":"info","event":"Formatting title: Crazy Stupid Love","logger":"root","filename":"scrapping_dag.py","lineno":200}
{"timestamp":"2026-01-06T09:49:12.338648Z","level":"info","event":"Formatting title: Creed","logger":"root","filename":"scrapping_dag.py","lineno":200}
{"timestamp":"2026-01-06T09:49:12.338674Z","level":"info","event":"Formatting title: Creed 2","logger":"root","filename":"scrapping_dag.py","lineno":200}
{"timestamp":"2026-01-06T09:49:12.338708Z","level":"info","event":"Formatting title: Creed 3","logger":"root","filename":"scrapping_dag.py","lineno":200}
{"timestamp":"2026-01-06T09:49:12.338755Z","level":"info","event":"Formatting title: Crimson Peak","logger":"root","filename":"scrapping_dag.py","lineno":200}
{"timestamp":"2026-01-06T09:49:12.338804Z","level":"info","event":"Formatting title: Critters","logger":"root","filename":"scrapping_dag.py","lineno":200}
{"timestamp":"2026-01-06T09:49:12.338849Z","level":"info","event":"Formatting title: The Crow","logger":"root","filename":"scrapping_dag.py","lineno":200}
{"timestamp":"2026-01-06T09:49:12.338892Z","level":"info","event":"Formatting title: The Curious Case Of Benjamin Button","logger":"root","filename":"scrapping_dag.py","lineno":200}
{"timestamp":"2026-01-06T09:49:12.338936Z","level":"info","event":"Formatting title: Curly Sue","logger":"root","filename":"scrapping_dag.py","lineno":200}
{"timestamp":"2026-01-06T09:49:12.338980Z","level":"info","event":"Formatting title: The Cutting Edge","logger":"root","filename":"scrapping_dag.py","lineno":200}
{"timestamp":"2026-01-06T09:49:12.339019Z","level":"info","event":"Formatting title: Cyrano","logger":"root","filename":"scrapping_dag.py","lineno":200}
{"timestamp":"2026-01-06T09:49:12.339068Z","level":"info","event":"Formatting title: D2 The Mighty Ducks","logger":"root","filename":"scrapping_dag.py","lineno":200}
{"timestamp":"2026-01-06T09:49:12.339137Z","level":"info","event":"Formatting title: D3 The Mighty Ducks","logger":"root","filename":"scrapping_dag.py","lineno":200}
{"timestamp":"2026-01-06T09:49:12.339193Z","level":"info","event":"Formatting title: Da 5 Bloods","logger":"root","filename":"scrapping_dag.py","lineno":200}
{"timestamp":"2026-01-06T09:49:12.339241Z","level":"info","event":"Formatting title: Dallas Buyers Club","logger":"root","filename":"scrapping_dag.py","lineno":200}
{"timestamp":"2026-01-06T09:49:12.339286Z","level":"info","event":"Formatting title: Dances With Wolves","logger":"root","filename":"scrapping_dag.py","lineno":200}
{"timestamp":"2026-01-06T09:49:12.339327Z","level":"info","event":"Formatting title: The Danish Girl","logger":"root","filename":"scrapping_dag.py","lineno":200}
{"timestamp":"2026-01-06T09:49:12.339369Z","level":"info","event":"Formatting title: Daredevil","logger":"root","filename":"scrapping_dag.py","lineno":200}
{"timestamp":"2026-01-06T09:49:12.339421Z","level":"info","event":"Formatting title: Dark City","logger":"root","filename":"scrapping_dag.py","lineno":200}
{"timestamp":"2026-01-06T09:49:12.339470Z","level":"info","event":"Formatting title: The Dark Knight","logger":"root","filename":"scrapping_dag.py","lineno":200}
{"timestamp":"2026-01-06T09:49:12.339522Z","level":"info","event":"Formatting title: The Dark Knight Rises","logger":"root","filename":"scrapping_dag.py","lineno":200}
{"timestamp":"2026-01-06T09:49:12.339564Z","level":"info","event":"Formatting title: Darker Than Amber","logger":"root","filename":"scrapping_dag.py","lineno":200}
{"timestamp":"2026-01-06T09:49:12.339604Z","level":"info","event":"Formatting title: Darkest Hour","logger":"root","filename":"scrapping_dag.py","lineno":200}
{"timestamp":"2026-01-06T09:49:12.339629Z","level":"info","event":"Formatting title: Darkman","logger":"root","filename":"scrapping_dag.py","lineno":200}
{"timestamp":"2026-01-06T09:49:12.339658Z","level":"info","event":"Formatting title: Dawn Of The Dead","logger":"root","filename":"scrapping_dag.py","lineno":200}
{"timestamp":"2026-01-06T09:49:12.339688Z","level":"info","event":"Formatting title: Dawn Of The Planet Of The Apes","logger":"root","filename":"scrapping_dag.py","lineno":200}
{"timestamp":"2026-01-06T09:49:12.339715Z","level":"info","event":"Formatting title: Days Of Heaven","logger":"root","filename":"scrapping_dag.py","lineno":200}
{"timestamp":"2026-01-06T09:49:12.339749Z","level":"info","event":"Formatting title: Dazed And Confused","logger":"root","filename":"scrapping_dag.py","lineno":200}
{"timestamp":"2026-01-06T09:49:12.339773Z","level":"info","event":"Formatting title: Dead Poets Society","logger":"root","filename":"scrapping_dag.py","lineno":200}
{"timestamp":"2026-01-06T09:49:12.339800Z","level":"info","event":"Formatting title: The Dead Zone","logger":"root","filename":"scrapping_dag.py","lineno":200}
{"timestamp":"2026-01-06T09:49:12.339826Z","level":"info","event":"Formatting title: Deadpool & Wolverine","logger":"root","filename":"scrapping_dag.py","lineno":200}
{"timestamp":"2026-01-06T09:49:12.339851Z","level":"info","event":"Formatting title: Deadpool","logger":"root","filename":"scrapping_dag.py","lineno":200}
{"timestamp":"2026-01-06T09:49:12.339877Z","level":"info","event":"Formatting title: Dear White People","logger":"root","filename":"scrapping_dag.py","lineno":200}
{"timestamp":"2026-01-06T09:49:12.339908Z","level":"info","event":"Formatting title: Death At A Funeral","logger":"root","filename":"scrapping_dag.py","lineno":200}
{"timestamp":"2026-01-06T09:49:12.339934Z","level":"info","event":"Formatting title: Death Becomes Her","logger":"root","filename":"scrapping_dag.py","lineno":200}
{"timestamp":"2026-01-06T09:49:12.339965Z","level":"info","event":"Formatting title: Death Note","logger":"root","filename":"scrapping_dag.py","lineno":200}
{"timestamp":"2026-01-06T09:49:12.339993Z","level":"info","event":"Formatting title: Death Proof","logger":"root","filename":"scrapping_dag.py","lineno":200}
{"timestamp":"2026-01-06T09:49:12.340024Z","level":"info","event":"Formatting title: Deep Star Six","logger":"root","filename":"scrapping_dag.py","lineno":200}
{"timestamp":"2026-01-06T09:49:12.340051Z","level":"info","event":"Formatting title: The Deer Hunter","logger":"root","filename":"scrapping_dag.py","lineno":200}
{"timestamp":"2026-01-06T09:49:12.340076Z","level":"info","event":"Formatting title: Demolition Man","logger":"root","filename":"scrapping_dag.py","lineno":200}
{"timestamp":"2026-01-06T09:49:12.340102Z","level":"info","event":"Formatting title: Den Of Thieves","logger":"root","filename":"scrapping_dag.py","lineno":200}
{"timestamp":"2026-01-06T09:49:12.340132Z","level":"info","event":"Formatting title: Denial","logger":"root","filename":"scrapping_dag.py","lineno":200}
{"timestamp":"2026-01-06T09:49:12.340160Z","level":"info","event":"Formatting title: The Departed","logger":"root","filename":"scrapping_dag.py","lineno":200}
{"timestamp":"2026-01-06T09:49:12.340186Z","level":"info","event":"Formatting title: The Descendants","logger":"root","filename":"scrapping_dag.py","lineno":200}
{"timestamp":"2026-01-06T09:49:12.340215Z","level":"info","event":"Formatting title: The Descent","logger":"root","filename":"scrapping_dag.py","lineno":200}
{"timestamp":"2026-01-06T09:49:12.340241Z","level":"info","event":"Formatting title: Destroyer","logger":"root","filename":"scrapping_dag.py","lineno":200}
{"timestamp":"2026-01-06T09:49:12.340266Z","level":"info","event":"Formatting title: The Devil Wears Prada","logger":"root","filename":"scrapping_dag.py","lineno":200}
{"timestamp":"2026-01-06T09:49:12.340290Z","level":"info","event":"Formatting title: The Devils Advocate","logger":"root","filename":"scrapping_dag.py","lineno":200}
{"timestamp":"2026-01-06T09:49:12.340316Z","level":"info","event":"Formatting title: The Devils Rejects","logger":"root","filename":"scrapping_dag.py","lineno":200}
{"timestamp":"2026-01-06T09:49:12.340340Z","level":"info","event":"Formatting title: Die Hard","logger":"root","filename":"scrapping_dag.py","lineno":200}
{"timestamp":"2026-01-06T09:49:12.340365Z","level":"info","event":"Formatting title: Die Hard 2","logger":"root","filename":"scrapping_dag.py","lineno":200}
{"timestamp":"2026-01-06T09:49:12.340389Z","level":"info","event":"Formatting title: Die Hard With A Vengeance","logger":"root","filename":"scrapping_dag.py","lineno":200}
{"timestamp":"2026-01-06T09:49:12.340414Z","level":"info","event":"Formatting title: Dinner For Schmucks","logger":"root","filename":"scrapping_dag.py","lineno":200}
{"timestamp":"2026-01-06T09:49:12.340439Z","level":"info","event":"Formatting title: Dirty Girl","logger":"root","filename":"scrapping_dag.py","lineno":200}
{"timestamp":"2026-01-06T09:49:12.340464Z","level":"info","event":"Formatting title: Dirty Harry","logger":"root","filename":"scrapping_dag.py","lineno":200}
{"timestamp":"2026-01-06T09:49:12.340493Z","level":"info","event":"Formatting title: The Disaster Artist","logger":"root","filename":"scrapping_dag.py","lineno":200}
{"timestamp":"2026-01-06T09:49:12.340519Z","level":"info","event":"Formatting title: Disclosure","logger":"root","filename":"scrapping_dag.py","lineno":200}
{"timestamp":"2026-01-06T09:49:12.340543Z","level":"info","event":"Formatting title: Disobedience","logger":"root","filename":"scrapping_dag.py","lineno":200}
{"timestamp":"2026-01-06T09:49:12.340567Z","level":"info","event":"Formatting title: Disorderlies","logger":"root","filename":"scrapping_dag.py","lineno":200}
{"timestamp":"2026-01-06T09:49:12.340596Z","level":"info","event":"Formatting title: Django Unchained","logger":"root","filename":"scrapping_dag.py","lineno":200}
{"timestamp":"2026-01-06T09:49:12.340624Z","level":"info","event":"Formatting title: Do The Right Thing","logger":"root","filename":"scrapping_dag.py","lineno":200}
{"timestamp":"2026-01-06T09:49:12.340651Z","level":"info","event":"Formatting title: Doctor Sleep","logger":"root","filename":"scrapping_dag.py","lineno":200}
{"timestamp":"2026-01-06T09:49:12.340680Z","level":"info","event":"Formatting title: Doctor Zhivago","logger":"root","filename":"scrapping_dag.py","lineno":200}
{"timestamp":"2026-01-06T09:49:12.340707Z","level":"info","event":"Formatting title: Dogma","logger":"root","filename":"scrapping_dag.py","lineno":200}
{"timestamp":"2026-01-06T09:49:12.340733Z","level":"info","event":"Formatting title: Dolemite Is My Name","logger":"root","filename":"scrapping_dag.py","lineno":200}
{"timestamp":"2026-01-06T09:49:12.340763Z","level":"info","event":"Formatting title: Dominion","logger":"root","filename":"scrapping_dag.py","lineno":200}
{"timestamp":"2026-01-06T09:49:12.340789Z","level":"info","event":"Formatting title: Donnie Brasco","logger":"root","filename":"scrapping_dag.py","lineno":200}
{"timestamp":"2026-01-06T09:49:12.340815Z","level":"info","event":"Formatting title: Donnie Darko","logger":"root","filename":"scrapping_dag.py","lineno":200}
{"timestamp":"2026-01-06T09:49:12.340840Z","level":"info","event":"Formatting title: Dont Look Now","logger":"root","filename":"scrapping_dag.py","lineno":200}
{"timestamp":"2026-01-06T09:49:12.340864Z","level":"info","event":"Formatting title: Dont Look Up","logger":"root","filename":"scrapping_dag.py","lineno":200}
{"timestamp":"2026-01-06T09:49:12.340888Z","level":"info","event":"Formatting title: Dont Worry Darling","logger":"root","filename":"scrapping_dag.py","lineno":200}
{"timestamp":"2026-01-06T09:49:12.340913Z","level":"info","event":"Formatting title: Doom","logger":"root","filename":"scrapping_dag.py","lineno":200}
{"timestamp":"2026-01-06T09:49:12.340937Z","level":"info","event":"Formatting title: Dope","logger":"root","filename":"scrapping_dag.py","lineno":200}
{"timestamp":"2026-01-06T09:49:12.340968Z","level":"info","event":"Formatting title: The Double","logger":"root","filename":"scrapping_dag.py","lineno":200}
{"timestamp":"2026-01-06T09:49:12.340994Z","level":"info","event":"Formatting title: Doubt","logger":"root","filename":"scrapping_dag.py","lineno":200}
{"timestamp":"2026-01-06T09:49:12.341019Z","level":"info","event":"Formatting title: Downhill","logger":"root","filename":"scrapping_dag.py","lineno":200}
{"timestamp":"2026-01-06T09:49:12.341044Z","level":"info","event":"Formatting title: Downsizing","logger":"root","filename":"scrapping_dag.py","lineno":200}
{"timestamp":"2026-01-06T09:49:12.341074Z","level":"info","event":"Formatting title: Downton Abbey","logger":"root","filename":"scrapping_dag.py","lineno":200}
{"timestamp":"2026-01-06T09:49:12.341099Z","level":"info","event":"Formatting title: Dr Horribles Sing Along Blog","logger":"root","filename":"scrapping_dag.py","lineno":200}
{"timestamp":"2026-01-06T09:49:12.341150Z","level":"info","event":"Formatting title: Dr No","logger":"root","filename":"scrapping_dag.py","lineno":200}
{"timestamp":"2026-01-06T09:49:12.341182Z","level":"info","event":"Formatting title: Dr Strangelove Or How I Learned To Stop Worrying And Love The Bomb","logger":"root","filename":"scrapping_dag.py","lineno":200}
{"timestamp":"2026-01-06T09:49:12.341212Z","level":"info","event":"Formatting title: Drag Me To Hell","logger":"root","filename":"scrapping_dag.py","lineno":200}
{"timestamp":"2026-01-06T09:49:12.341240Z","level":"info","event":"Formatting title: Dragonheart","logger":"root","filename":"scrapping_dag.py","lineno":200}
{"timestamp":"2026-01-06T09:49:12.341267Z","level":"info","event":"Formatting title: Dream Scenario","logger":"root","filename":"scrapping_dag.py","lineno":200}
{"timestamp":"2026-01-06T09:49:12.341295Z","level":"info","event":"Formatting title: Dredd","logger":"root","filename":"scrapping_dag.py","lineno":200}
{"timestamp":"2026-01-06T09:49:12.341321Z","level":"info","event":"Formatting title: Dressed To Kill","logger":"root","filename":"scrapping_dag.py","lineno":200}
{"timestamp":"2026-01-06T09:49:12.341350Z","level":"info","event":"Formatting title: Drive","logger":"root","filename":"scrapping_dag.py","lineno":200}
{"timestamp":"2026-01-06T09:49:12.341378Z","level":"info","event":"Formatting title: The Driver","logger":"root","filename":"scrapping_dag.py","lineno":200}
{"timestamp":"2026-01-06T09:49:12.341404Z","level":"info","event":"Formatting title: Driving Miss Daisy","logger":"root","filename":"scrapping_dag.py","lineno":200}
{"timestamp":"2026-01-06T09:49:12.341430Z","level":"info","event":"Formatting title: Dumb Money","logger":"root","filename":"scrapping_dag.py","lineno":200}
{"timestamp":"2026-01-06T09:49:12.341456Z","level":"info","event":"Formatting title: Dune","logger":"root","filename":"scrapping_dag.py","lineno":200}
{"timestamp":"2026-01-06T09:49:12.341483Z","level":"info","event":"Formatting title: Dune","logger":"root","filename":"scrapping_dag.py","lineno":200}
{"timestamp":"2026-01-06T09:49:12.341510Z","level":"info","event":"Formatting title: Dunkirk","logger":"root","filename":"scrapping_dag.py","lineno":200}
{"timestamp":"2026-01-06T09:49:12.341534Z","level":"info","event":"Formatting title: Duplicity","logger":"root","filename":"scrapping_dag.py","lineno":200}
{"timestamp":"2026-01-06T09:49:12.341559Z","level":"info","event":"Formatting title: Dutch","logger":"root","filename":"scrapping_dag.py","lineno":200}
{"timestamp":"2026-01-06T09:49:12.341586Z","level":"info","event":"Formatting title: Easy A","logger":"root","filename":"scrapping_dag.py","lineno":200}
{"timestamp":"2026-01-06T09:49:12.341613Z","level":"info","event":"Formatting title: Ed Wood","logger":"root","filename":"scrapping_dag.py","lineno":200}
{"timestamp":"2026-01-06T09:49:12.341640Z","level":"info","event":"Formatting title: Eddie The Eagle","logger":"root","filename":"scrapping_dag.py","lineno":200}
{"timestamp":"2026-01-06T09:49:12.341670Z","level":"info","event":"Formatting title: The Edge Of Seventeen","logger":"root","filename":"scrapping_dag.py","lineno":200}
{"timestamp":"2026-01-06T09:49:12.341696Z","level":"info","event":"Formatting title: Edge Of Tomorrow","logger":"root","filename":"scrapping_dag.py","lineno":200}
{"timestamp":"2026-01-06T09:49:12.341722Z","level":"info","event":"Formatting title: Edward Scissorhands","logger":"root","filename":"scrapping_dag.py","lineno":200}
{"timestamp":"2026-01-06T09:49:12.341748Z","level":"info","event":"Formatting title: Eighth Grade","logger":"root","filename":"scrapping_dag.py","lineno":200}
{"timestamp":"2026-01-06T09:49:12.341774Z","level":"info","event":"Formatting title: Election","logger":"root","filename":"scrapping_dag.py","lineno":200}
{"timestamp":"2026-01-06T09:49:12.341799Z","level":"info","event":"Formatting title: The Electrical Life Of Louis Wain","logger":"root","filename":"scrapping_dag.py","lineno":200}
{"timestamp":"2026-01-06T09:49:12.341824Z","level":"info","event":"Formatting title: Elemental","logger":"root","filename":"scrapping_dag.py","lineno":200}
{"timestamp":"2026-01-06T09:49:12.341856Z","level":"info","event":"Formatting title: Elvis","logger":"root","filename":"scrapping_dag.py","lineno":200}
{"timestamp":"2026-01-06T09:49:12.341883Z","level":"info","event":"Formatting title: Elysium","logger":"root","filename":"scrapping_dag.py","lineno":200}
{"timestamp":"2026-01-06T09:49:12.341914Z","level":"info","event":"Formatting title: Emancipation","logger":"root","filename":"scrapping_dag.py","lineno":200}
{"timestamp":"2026-01-06T09:49:12.341942Z","level":"info","event":"Formatting title: Emergency","logger":"root","filename":"scrapping_dag.py","lineno":200}
{"timestamp":"2026-01-06T09:49:12.341974Z","level":"info","event":"Formatting title: Emilia Pérez","logger":"root","filename":"scrapping_dag.py","lineno":200}
{"timestamp":"2026-01-06T09:49:12.342014Z","level":"info","event":"Formatting title: Emma","logger":"root","filename":"scrapping_dag.py","lineno":200}
{"timestamp":"2026-01-06T09:49:12.342051Z","level":"info","event":"Formatting title: Empire Of Light","logger":"root","filename":"scrapping_dag.py","lineno":200}
{"timestamp":"2026-01-06T09:49:12.342111Z","level":"info","event":"Formatting title: Encanto","logger":"root","filename":"scrapping_dag.py","lineno":200}
{"timestamp":"2026-01-06T09:49:12.342160Z","level":"info","event":"Formatting title: Encounter","logger":"root","filename":"scrapping_dag.py","lineno":200}
{"timestamp":"2026-01-06T09:49:12.342197Z","level":"info","event":"Formatting title: End Of Watch","logger":"root","filename":"scrapping_dag.py","lineno":200}
{"timestamp":"2026-01-06T09:49:12.342226Z","level":"info","event":"Formatting title: Enough Said","logger":"root","filename":"scrapping_dag.py","lineno":200}
{"timestamp":"2026-01-06T09:49:12.342255Z","level":"info","event":"Formatting title: The Entity","logger":"root","filename":"scrapping_dag.py","lineno":200}
{"timestamp":"2026-01-06T09:49:12.342282Z","level":"info","event":"Formatting title: Equity","logger":"root","filename":"scrapping_dag.py","lineno":200}
{"timestamp":"2026-01-06T09:49:12.342309Z","level":"info","event":"Formatting title: Eraser","logger":"root","filename":"scrapping_dag.py","lineno":200}
{"timestamp":"2026-01-06T09:49:12.342340Z","level":"info","event":"Formatting title: Erin Brockovich","logger":"root","filename":"scrapping_dag.py","lineno":200}
{"timestamp":"2026-01-06T09:49:12.342368Z","level":"info","event":"Formatting title: Et The Extra Terrestrial","logger":"root","filename":"scrapping_dag.py","lineno":200}
{"timestamp":"2026-01-06T09:49:12.342399Z","level":"info","event":"Formatting title: Eternal Sunshine Of The Spotless Mind","logger":"root","filename":"scrapping_dag.py","lineno":200}
{"timestamp":"2026-01-06T09:49:12.342434Z","level":"info","event":"Formatting title: The Event","logger":"root","filename":"scrapping_dag.py","lineno":200}
{"timestamp":"2026-01-06T09:49:12.342463Z","level":"info","event":"Formatting title: Event Horizon","logger":"root","filename":"scrapping_dag.py","lineno":200}
{"timestamp":"2026-01-06T09:49:12.342496Z","level":"info","event":"Formatting title: Everything Everywhere All At Once","logger":"root","filename":"scrapping_dag.py","lineno":200}
{"timestamp":"2026-01-06T09:49:12.342538Z","level":"info","event":"Formatting title: The Evil Dead","logger":"root","filename":"scrapping_dag.py","lineno":200}
{"timestamp":"2026-01-06T09:49:12.342579Z","level":"info","event":"Formatting title: Evil Dead","logger":"root","filename":"scrapping_dag.py","lineno":200}
{"timestamp":"2026-01-06T09:49:12.342633Z","level":"info","event":"Formatting title: Evil Dead 2","logger":"root","filename":"scrapping_dag.py","lineno":200}
{"timestamp":"2026-01-06T09:49:12.342686Z","level":"info","event":"Formatting title: Evolution","logger":"root","filename":"scrapping_dag.py","lineno":200}
{"timestamp":"2026-01-06T09:49:12.342747Z","level":"info","event":"Formatting title: Ex Machina","logger":"root","filename":"scrapping_dag.py","lineno":200}
{"timestamp":"2026-01-06T09:49:12.342810Z","level":"info","event":"Formatting title: Excalibur","logger":"root","filename":"scrapping_dag.py","lineno":200}
{"timestamp":"2026-01-06T09:49:12.342866Z","level":"info","event":"Formatting title: The Exorcist","logger":"root","filename":"scrapping_dag.py","lineno":200}
{"timestamp":"2026-01-06T09:49:12.342923Z","level":"info","event":"Formatting title: Exorcist 2 The Heretic","logger":"root","filename":"scrapping_dag.py","lineno":200}
{"timestamp":"2026-01-06T09:49:12.342992Z","level":"info","event":"Formatting title: The Exorcist 3","logger":"root","filename":"scrapping_dag.py","lineno":200}
{"timestamp":"2026-01-06T09:49:12.343054Z","level":"info","event":"Formatting title: The Expendables","logger":"root","filename":"scrapping_dag.py","lineno":200}
{"timestamp":"2026-01-06T09:49:12.343106Z","level":"info","event":"Formatting title: Extremely Wicked Shockingly Evil And Vile","logger":"root","filename":"scrapping_dag.py","lineno":200}
{"timestamp":"2026-01-06T09:49:12.343221Z","level":"info","event":"Formatting title: Eye In The Sky","logger":"root","filename":"scrapping_dag.py","lineno":200}
{"timestamp":"2026-01-06T09:49:12.343288Z","level":"info","event":"Formatting title: Eyes Wide Shut","logger":"root","filename":"scrapping_dag.py","lineno":200}
{"timestamp":"2026-01-06T09:49:12.343347Z","level":"info","event":"Formatting title: The Fabelmans","logger":"root","filename":"scrapping_dag.py","lineno":200}
{"timestamp":"2026-01-06T09:49:12.343425Z","level":"info","event":"Formatting title: The Faculty","logger":"root","filename":"scrapping_dag.py","lineno":200}
{"timestamp":"2026-01-06T09:49:12.343490Z","level":"info","event":"Formatting title: Fair Play","logger":"root","filename":"scrapping_dag.py","lineno":200}
{"timestamp":"2026-01-06T09:49:12.343563Z","level":"info","event":"Formatting title: Fanboys","logger":"root","filename":"scrapping_dag.py","lineno":200}
{"timestamp":"2026-01-06T09:49:12.343637Z","level":"info","event":"Formatting title: Fantastic Beasts And Where To Find Them","logger":"root","filename":"scrapping_dag.py","lineno":200}
{"timestamp":"2026-01-06T09:49:12.343713Z","level":"info","event":"Formatting title: Fantastic Beasts The Crimes Of Grindelwald","logger":"root","filename":"scrapping_dag.py","lineno":200}
{"timestamp":"2026-01-06T09:49:12.343830Z","level":"info","event":"Formatting title: Fantastic Beasts The Secrets Of Dumbledore","logger":"root","filename":"scrapping_dag.py","lineno":200}
{"timestamp":"2026-01-06T09:49:12.343918Z","level":"info","event":"Formatting title: Fantastic Mr Fox","logger":"root","filename":"scrapping_dag.py","lineno":200}
{"timestamp":"2026-01-06T09:49:12.343995Z","level":"info","event":"Formatting title: A Fantastic Woman","logger":"root","filename":"scrapping_dag.py","lineno":200}
{"timestamp":"2026-01-06T09:49:12.344076Z","level":"info","event":"Formatting title: The Farewell","logger":"root","filename":"scrapping_dag.py","lineno":200}
{"timestamp":"2026-01-06T09:49:12.344164Z","level":"info","event":"Formatting title: Fargo","logger":"root","filename":"scrapping_dag.py","lineno":200}
{"timestamp":"2026-01-06T09:49:12.344255Z","level":"info","event":"Formatting title: The Fast And The Furious","logger":"root","filename":"scrapping_dag.py","lineno":200}
{"timestamp":"2026-01-06T09:49:12.344341Z","level":"info","event":"Formatting title: Fast Color","logger":"root","filename":"scrapping_dag.py","lineno":200}
{"timestamp":"2026-01-06T09:49:12.344415Z","level":"info","event":"Formatting title: Fatal Attraction","logger":"root","filename":"scrapping_dag.py","lineno":200}
{"timestamp":"2026-01-06T09:49:12.344473Z","level":"info","event":"Formatting title: The Father","logger":"root","filename":"scrapping_dag.py","lineno":200}
{"timestamp":"2026-01-06T09:49:12.344529Z","level":"info","event":"Formatting title: The Fault In Our Stars","logger":"root","filename":"scrapping_dag.py","lineno":200}
{"timestamp":"2026-01-06T09:49:12.344601Z","level":"info","event":"Formatting title: Faults","logger":"root","filename":"scrapping_dag.py","lineno":200}
{"timestamp":"2026-01-06T09:49:12.344679Z","level":"info","event":"Formatting title: The Favourite","logger":"root","filename":"scrapping_dag.py","lineno":200}
{"timestamp":"2026-01-06T09:49:12.344746Z","level":"info","event":"Formatting title: Fear Street Part One 1994","logger":"root","filename":"scrapping_dag.py","lineno":200}
{"timestamp":"2026-01-06T09:49:12.344814Z","level":"info","event":"Formatting title: Fences","logger":"root","filename":"scrapping_dag.py","lineno":200}
{"timestamp":"2026-01-06T09:49:12.344878Z","level":"info","event":"Formatting title: Ferrari","logger":"root","filename":"scrapping_dag.py","lineno":200}
{"timestamp":"2026-01-06T09:49:12.344936Z","level":"info","event":"Formatting title: Ferris Buellers Day Off","logger":"root","filename":"scrapping_dag.py","lineno":200}
{"timestamp":"2026-01-06T09:49:12.344990Z","level":"info","event":"Formatting title: A Few Good Men","logger":"root","filename":"scrapping_dag.py","lineno":200}
{"timestamp":"2026-01-06T09:49:12.345060Z","level":"info","event":"Formatting title: Field Of Dreams","logger":"root","filename":"scrapping_dag.py","lineno":200}
{"timestamp":"2026-01-06T09:49:12.345107Z","level":"info","event":"Formatting title: The Fifth Element","logger":"root","filename":"scrapping_dag.py","lineno":200}
{"timestamp":"2026-01-06T09:49:12.345155Z","level":"info","event":"Formatting title: Fight Club","logger":"root","filename":"scrapping_dag.py","lineno":200}
{"timestamp":"2026-01-06T09:49:12.345191Z","level":"info","event":"Formatting title: Film Stars Dont Die In Liverpool","logger":"root","filename":"scrapping_dag.py","lineno":200}
{"timestamp":"2026-01-06T09:49:12.345220Z","level":"info","event":"Formatting title: Final Destination","logger":"root","filename":"scrapping_dag.py","lineno":200}
{"timestamp":"2026-01-06T09:49:12.345252Z","level":"info","event":"Formatting title: Finding Nemo","logger":"root","filename":"scrapping_dag.py","lineno":200}
{"timestamp":"2026-01-06T09:49:12.345285Z","level":"info","event":"Formatting title: The Firm","logger":"root","filename":"scrapping_dag.py","lineno":200}
{"timestamp":"2026-01-06T09:49:12.345313Z","level":"info","event":"Formatting title: First Blood","logger":"root","filename":"scrapping_dag.py","lineno":200}
{"timestamp":"2026-01-06T09:49:12.345342Z","level":"info","event":"Formatting title: First Cow","logger":"root","filename":"scrapping_dag.py","lineno":200}
{"timestamp":"2026-01-06T09:49:12.345376Z","level":"info","event":"Formatting title: First Man","logger":"root","filename":"scrapping_dag.py","lineno":200}
{"timestamp":"2026-01-06T09:49:12.345405Z","level":"info","event":"Formatting title: First Reformed","logger":"root","filename":"scrapping_dag.py","lineno":200}
{"timestamp":"2026-01-06T09:49:12.345467Z","level":"info","event":"Formatting title: First They Killed My Father","logger":"root","filename":"scrapping_dag.py","lineno":200}
{"timestamp":"2026-01-06T09:49:12.345532Z","level":"info","event":"Formatting title: Flashdance","logger":"root","filename":"scrapping_dag.py","lineno":200}
{"timestamp":"2026-01-06T09:49:12.345572Z","level":"info","event":"Formatting title: Flatliners","logger":"root","filename":"scrapping_dag.py","lineno":200}
{"timestamp":"2026-01-06T09:49:12.345603Z","level":"info","event":"Formatting title: Flight","logger":"root","filename":"scrapping_dag.py","lineno":200}
{"timestamp":"2026-01-06T09:49:12.345639Z","level":"info","event":"Formatting title: Flora And Son","logger":"root","filename":"scrapping_dag.py","lineno":200}
{"timestamp":"2026-01-06T09:49:12.345678Z","level":"info","event":"Formatting title: The Florida Project","logger":"root","filename":"scrapping_dag.py","lineno":200}
{"timestamp":"2026-01-06T09:49:12.345721Z","level":"info","event":"Formatting title: The Fly","logger":"root","filename":"scrapping_dag.py","lineno":200}
{"timestamp":"2026-01-06T09:49:12.345762Z","level":"info","event":"Formatting title: The Fly 2","logger":"root","filename":"scrapping_dag.py","lineno":200}
{"timestamp":"2026-01-06T09:49:12.403909Z","level":"info","event":"Formatting title: Focus","logger":"root","filename":"scrapping_dag.py","lineno":200}
{"timestamp":"2026-01-06T09:49:12.404026Z","level":"info","event":"Formatting title: Foe","logger":"root","filename":"scrapping_dag.py","lineno":200}
{"timestamp":"2026-01-06T09:49:12.404066Z","level":"info","event":"Formatting title: The Fog","logger":"root","filename":"scrapping_dag.py","lineno":200}
{"timestamp":"2026-01-06T09:49:12.404102Z","level":"info","event":"Formatting title: Following","logger":"root","filename":"scrapping_dag.py","lineno":200}
{"timestamp":"2026-01-06T09:49:12.404136Z","level":"info","event":"Formatting title: For Your Eyes Only","logger":"root","filename":"scrapping_dag.py","lineno":200}
{"timestamp":"2026-01-06T09:49:12.404167Z","level":"info","event":"Formatting title: Ford V Ferrari","logger":"root","filename":"scrapping_dag.py","lineno":200}
{"timestamp":"2026-01-06T09:49:12.404197Z","level":"info","event":"Formatting title: Forrest Gump","logger":"root","filename":"scrapping_dag.py","lineno":200}
{"timestamp":"2026-01-06T09:49:12.404227Z","level":"info","event":"Formatting title: The Founder","logger":"root","filename":"scrapping_dag.py","lineno":200}
{"timestamp":"2026-01-06T09:49:12.404255Z","level":"info","event":"Formatting title: Four Rooms","logger":"root","filename":"scrapping_dag.py","lineno":200}
{"timestamp":"2026-01-06T09:49:12.404284Z","level":"info","event":"Formatting title: Four Weddings And A Funeral","logger":"root","filename":"scrapping_dag.py","lineno":200}
{"timestamp":"2026-01-06T09:49:12.404323Z","level":"info","event":"Formatting title: The Fourth Kind","logger":"root","filename":"scrapping_dag.py","lineno":200}
{"timestamp":"2026-01-06T09:49:12.404353Z","level":"info","event":"Formatting title: Foxcatcher","logger":"root","filename":"scrapping_dag.py","lineno":200}
{"timestamp":"2026-01-06T09:49:12.404382Z","level":"info","event":"Formatting title: Frailty","logger":"root","filename":"scrapping_dag.py","lineno":200}
{"timestamp":"2026-01-06T09:49:12.404422Z","level":"info","event":"Formatting title: Frances Ha","logger":"root","filename":"scrapping_dag.py","lineno":200}
{"timestamp":"2026-01-06T09:49:12.404454Z","level":"info","event":"Formatting title: Frank","logger":"root","filename":"scrapping_dag.py","lineno":200}
{"timestamp":"2026-01-06T09:49:12.404486Z","level":"info","event":"Formatting title: Frankensteins Army","logger":"root","filename":"scrapping_dag.py","lineno":200}
{"timestamp":"2026-01-06T09:49:12.404517Z","level":"info","event":"Formatting title: Frankenweenie","logger":"root","filename":"scrapping_dag.py","lineno":200}
{"timestamp":"2026-01-06T09:49:12.404551Z","level":"info","event":"Formatting title: Frankie","logger":"root","filename":"scrapping_dag.py","lineno":200}
{"timestamp":"2026-01-06T09:49:12.404585Z","level":"info","event":"Formatting title: Frantic","logger":"root","filename":"scrapping_dag.py","lineno":200}
{"timestamp":"2026-01-06T09:49:12.404616Z","level":"info","event":"Formatting title: Fred Claus","logger":"root","filename":"scrapping_dag.py","lineno":200}
{"timestamp":"2026-01-06T09:49:12.404648Z","level":"info","event":"Formatting title: Freddy Vs Jason","logger":"root","filename":"scrapping_dag.py","lineno":200}
{"timestamp":"2026-01-06T09:49:12.404684Z","level":"info","event":"Formatting title: Free Fire","logger":"root","filename":"scrapping_dag.py","lineno":200}
{"timestamp":"2026-01-06T09:49:12.404722Z","level":"info","event":"Formatting title: Free Guy","logger":"root","filename":"scrapping_dag.py","lineno":200}
{"timestamp":"2026-01-06T09:49:12.404757Z","level":"info","event":"Formatting title: The French Connection","logger":"root","filename":"scrapping_dag.py","lineno":200}
{"timestamp":"2026-01-06T09:49:12.404795Z","level":"info","event":"Formatting title: The French Dispatch","logger":"root","filename":"scrapping_dag.py","lineno":200}
{"timestamp":"2026-01-06T09:49:12.404834Z","level":"info","event":"Formatting title: Frequency","logger":"root","filename":"scrapping_dag.py","lineno":200}
{"timestamp":"2026-01-06T09:49:12.404882Z","level":"info","event":"Formatting title: Fresh","logger":"root","filename":"scrapping_dag.py","lineno":200}
{"timestamp":"2026-01-06T09:49:12.404922Z","level":"info","event":"Formatting title: Freuds Last Session","logger":"root","filename":"scrapping_dag.py","lineno":200}
{"timestamp":"2026-01-06T09:49:12.404964Z","level":"info","event":"Formatting title: Friday","logger":"root","filename":"scrapping_dag.py","lineno":200}
{"timestamp":"2026-01-06T09:49:12.405004Z","level":"info","event":"Formatting title: Friday The 13th","logger":"root","filename":"scrapping_dag.py","lineno":200}
{"timestamp":"2026-01-06T09:49:12.405049Z","level":"info","event":"Formatting title: Friday The 13th Part 6 Jason Lives","logger":"root","filename":"scrapping_dag.py","lineno":200}
{"timestamp":"2026-01-06T09:49:12.405104Z","level":"info","event":"Formatting title: The Frighteners","logger":"root","filename":"scrapping_dag.py","lineno":200}
{"timestamp":"2026-01-06T09:49:12.405194Z","level":"info","event":"Formatting title: From Dusk Till Dawn","logger":"root","filename":"scrapping_dag.py","lineno":200}
{"timestamp":"2026-01-06T09:49:12.405292Z","level":"info","event":"Formatting title: From Russia With Love","logger":"root","filename":"scrapping_dag.py","lineno":200}
{"timestamp":"2026-01-06T09:49:12.405384Z","level":"info","event":"Formatting title: The Front Runner","logger":"root","filename":"scrapping_dag.py","lineno":200}
{"timestamp":"2026-01-06T09:49:12.405526Z","level":"info","event":"Formatting title: Frost / Nixon","logger":"root","filename":"scrapping_dag.py","lineno":200}
{"timestamp":"2026-01-06T09:49:12.405671Z","level":"info","event":"Formatting title: Frozen","logger":"root","filename":"scrapping_dag.py","lineno":200}
{"timestamp":"2026-01-06T09:49:12.405769Z","level":"info","event":"Formatting title: Fruitvale Station","logger":"root","filename":"scrapping_dag.py","lineno":200}
{"timestamp":"2026-01-06T09:49:12.405855Z","level":"info","event":"Formatting title: Full Metal Jacket","logger":"root","filename":"scrapping_dag.py","lineno":200}
{"timestamp":"2026-01-06T09:49:12.405946Z","level":"info","event":"Formatting title: Fury","logger":"root","filename":"scrapping_dag.py","lineno":200}
{"timestamp":"2026-01-06T09:49:12.406025Z","level":"info","event":"Formatting title: The Gambler","logger":"root","filename":"scrapping_dag.py","lineno":200}
{"timestamp":"2026-01-06T09:49:12.406197Z","level":"info","event":"Formatting title: Game Night","logger":"root","filename":"scrapping_dag.py","lineno":200}
{"timestamp":"2026-01-06T09:49:12.406328Z","level":"info","event":"Formatting title: Garden State","logger":"root","filename":"scrapping_dag.py","lineno":200}
{"timestamp":"2026-01-06T09:49:12.406408Z","level":"info","event":"Formatting title: Gattaca","logger":"root","filename":"scrapping_dag.py","lineno":200}
{"timestamp":"2026-01-06T09:49:12.406459Z","level":"info","event":"Formatting title: Gemini Man","logger":"root","filename":"scrapping_dag.py","lineno":200}
{"timestamp":"2026-01-06T09:49:12.406507Z","level":"info","event":"Formatting title: The Gentlemen","logger":"root","filename":"scrapping_dag.py","lineno":200}
{"timestamp":"2026-01-06T09:49:12.406554Z","level":"info","event":"Formatting title: Geostorm","logger":"root","filename":"scrapping_dag.py","lineno":200}
{"timestamp":"2026-01-06T09:49:12.406600Z","level":"info","event":"Formatting title: Get Carter","logger":"root","filename":"scrapping_dag.py","lineno":200}
{"timestamp":"2026-01-06T09:49:12.406653Z","level":"info","event":"Formatting title: Get Low","logger":"root","filename":"scrapping_dag.py","lineno":200}
{"timestamp":"2026-01-06T09:49:12.406702Z","level":"info","event":"Formatting title: Get On Up","logger":"root","filename":"scrapping_dag.py","lineno":200}
{"timestamp":"2026-01-06T09:49:12.406754Z","level":"info","event":"Formatting title: Get Out","logger":"root","filename":"scrapping_dag.py","lineno":200}
{"timestamp":"2026-01-06T09:49:12.406807Z","level":"info","event":"Formatting title: Get Rich Or Die Tryin","logger":"root","filename":"scrapping_dag.py","lineno":200}
{"timestamp":"2026-01-06T09:49:12.406859Z","level":"info","event":"Formatting title: Ghost","logger":"root","filename":"scrapping_dag.py","lineno":200}
{"timestamp":"2026-01-06T09:49:12.406911Z","level":"info","event":"Formatting title: Ghost Rider","logger":"root","filename":"scrapping_dag.py","lineno":200}
{"timestamp":"2026-01-06T09:49:12.406988Z","level":"info","event":"Formatting title: Ghostbusters","logger":"root","filename":"scrapping_dag.py","lineno":200}
{"timestamp":"2026-01-06T09:49:12.407041Z","level":"info","event":"Formatting title: Ghostbusters 2","logger":"root","filename":"scrapping_dag.py","lineno":200}
{"timestamp":"2026-01-06T09:49:12.407106Z","level":"info","event":"Formatting title: Ginger Snaps","logger":"root","filename":"scrapping_dag.py","lineno":200}
{"timestamp":"2026-01-06T09:49:12.407164Z","level":"info","event":"Formatting title: The Girl On The Train","logger":"root","filename":"scrapping_dag.py","lineno":200}
{"timestamp":"2026-01-06T09:49:12.407235Z","level":"info","event":"Formatting title: The Girl With The Dragon Tattoo","logger":"root","filename":"scrapping_dag.py","lineno":200}
{"timestamp":"2026-01-06T09:49:12.407291Z","level":"info","event":"Formatting title: Girl With The Pearl Earring","logger":"root","filename":"scrapping_dag.py","lineno":200}
{"timestamp":"2026-01-06T09:49:12.407339Z","level":"info","event":"Formatting title: Girls Trip","logger":"root","filename":"scrapping_dag.py","lineno":200}
{"timestamp":"2026-01-06T09:49:12.407385Z","level":"info","event":"Formatting title: Gladiator","logger":"root","filename":"scrapping_dag.py","lineno":200}
{"timestamp":"2026-01-06T09:49:12.407430Z","level":"info","event":"Formatting title: Gladiator 2","logger":"root","filename":"scrapping_dag.py","lineno":200}
{"timestamp":"2026-01-06T09:49:12.407500Z","level":"info","event":"Formatting title: Glass Onion A Knives Out Mystery","logger":"root","filename":"scrapping_dag.py","lineno":200}
{"timestamp":"2026-01-06T09:49:12.407685Z","level":"info","event":"Formatting title: The Godfather","logger":"root","filename":"scrapping_dag.py","lineno":200}
{"timestamp":"2026-01-06T09:49:12.407808Z","level":"info","event":"Formatting title: The Godfather Part 2","logger":"root","filename":"scrapping_dag.py","lineno":200}
{"timestamp":"2026-01-06T09:49:12.407910Z","level":"info","event":"Formatting title: The Godfather Part 3","logger":"root","filename":"scrapping_dag.py","lineno":200}
{"timestamp":"2026-01-06T09:49:12.408041Z","level":"info","event":"Formatting title: Godzilla","logger":"root","filename":"scrapping_dag.py","lineno":200}
{"timestamp":"2026-01-06T09:49:12.408080Z","level":"info","event":"Formatting title: Gold","logger":"root","filename":"scrapping_dag.py","lineno":200}
{"timestamp":"2026-01-06T09:49:12.408113Z","level":"info","event":"Formatting title: Goldeneye","logger":"root","filename":"scrapping_dag.py","lineno":200}
{"timestamp":"2026-01-06T09:49:12.408144Z","level":"info","event":"Formatting title: Goldfinger","logger":"root","filename":"scrapping_dag.py","lineno":200}
{"timestamp":"2026-01-06T09:49:12.408177Z","level":"info","event":"Formatting title: Gone Baby Gone","logger":"root","filename":"scrapping_dag.py","lineno":200}
{"timestamp":"2026-01-06T09:49:12.408216Z","level":"info","event":"Formatting title: Gone Girl","logger":"root","filename":"scrapping_dag.py","lineno":200}
{"timestamp":"2026-01-06T09:49:12.408254Z","level":"info","event":"Formatting title: Gone With The Wind","logger":"root","filename":"scrapping_dag.py","lineno":200}
{"timestamp":"2026-01-06T09:49:12.408283Z","level":"info","event":"Formatting title: The Good Dinosaur","logger":"root","filename":"scrapping_dag.py","lineno":200}
{"timestamp":"2026-01-06T09:49:12.408314Z","level":"info","event":"Formatting title: Good Morning Vietnam","logger":"root","filename":"scrapping_dag.py","lineno":200}
{"timestamp":"2026-01-06T09:49:12.408342Z","level":"info","event":"Formatting title: The Good Nurse","logger":"root","filename":"scrapping_dag.py","lineno":200}
{"timestamp":"2026-01-06T09:49:12.408369Z","level":"info","event":"Formatting title: A Good Person","logger":"root","filename":"scrapping_dag.py","lineno":200}
{"timestamp":"2026-01-06T09:49:12.408394Z","level":"info","event":"Formatting title: The Good Shepherd","logger":"root","filename":"scrapping_dag.py","lineno":200}
{"timestamp":"2026-01-06T09:49:12.408419Z","level":"info","event":"Formatting title: Good Will Hunting","logger":"root","filename":"scrapping_dag.py","lineno":200}
{"timestamp":"2026-01-06T09:49:12.408444Z","level":"info","event":"Formatting title: The Goodbye Girl","logger":"root","filename":"scrapping_dag.py","lineno":200}
{"timestamp":"2026-01-06T09:49:12.408470Z","level":"info","event":"Formatting title: Goodfellas","logger":"root","filename":"scrapping_dag.py","lineno":200}
{"timestamp":"2026-01-06T09:49:12.408500Z","level":"info","event":"Formatting title: The Goonies","logger":"root","filename":"scrapping_dag.py","lineno":200}
{"timestamp":"2026-01-06T09:49:12.408527Z","level":"info","event":"Formatting title: The Graduate","logger":"root","filename":"scrapping_dag.py","lineno":200}
{"timestamp":"2026-01-06T09:49:12.408552Z","level":"info","event":"Formatting title: The Grand Budapest Hotel","logger":"root","filename":"scrapping_dag.py","lineno":200}
{"timestamp":"2026-01-06T09:49:12.408579Z","level":"info","event":"Formatting title: Gravity","logger":"root","filename":"scrapping_dag.py","lineno":200}
{"timestamp":"2026-01-06T09:49:12.408622Z","level":"info","event":"Formatting title: Grease","logger":"root","filename":"scrapping_dag.py","lineno":200}
{"timestamp":"2026-01-06T09:49:12.408650Z","level":"info","event":"Formatting title: The Great Escape","logger":"root","filename":"scrapping_dag.py","lineno":200}
{"timestamp":"2026-01-06T09:49:12.408677Z","level":"info","event":"Formatting title: The Great Muppet Caper","logger":"root","filename":"scrapping_dag.py","lineno":200}
{"timestamp":"2026-01-06T09:49:12.408710Z","level":"info","event":"Formatting title: The Greatest Showman","logger":"root","filename":"scrapping_dag.py","lineno":200}
{"timestamp":"2026-01-06T09:49:12.408774Z","level":"info","event":"Formatting title: Green Book","logger":"root","filename":"scrapping_dag.py","lineno":200}
{"timestamp":"2026-01-06T09:49:12.408815Z","level":"info","event":"Formatting title: Green Lantern","logger":"root","filename":"scrapping_dag.py","lineno":200}
{"timestamp":"2026-01-06T09:49:12.408857Z","level":"info","event":"Formatting title: Green Room","logger":"root","filename":"scrapping_dag.py","lineno":200}
{"timestamp":"2026-01-06T09:49:12.408891Z","level":"info","event":"Formatting title: Greenberg","logger":"root","filename":"scrapping_dag.py","lineno":200}
{"timestamp":"2026-01-06T09:49:12.408921Z","level":"info","event":"Formatting title: Gremlins","logger":"root","filename":"scrapping_dag.py","lineno":200}
{"timestamp":"2026-01-06T09:49:12.408949Z","level":"info","event":"Formatting title: Gremlins 2 The New Batch","logger":"root","filename":"scrapping_dag.py","lineno":200}
{"timestamp":"2026-01-06T09:49:12.408977Z","level":"info","event":"Formatting title: Groundhog Day","logger":"root","filename":"scrapping_dag.py","lineno":200}
{"timestamp":"2026-01-06T09:49:12.409003Z","level":"info","event":"Formatting title: The Grudge","logger":"root","filename":"scrapping_dag.py","lineno":200}
{"timestamp":"2026-01-06T09:49:12.409030Z","level":"info","event":"Formatting title: The Grudge","logger":"root","filename":"scrapping_dag.py","lineno":200}
{"timestamp":"2026-01-06T09:49:12.409065Z","level":"info","event":"Formatting title: Guardians Of The Galaxy Vol 2","logger":"root","filename":"scrapping_dag.py","lineno":200}
{"timestamp":"2026-01-06T09:49:12.409096Z","level":"info","event":"Formatting title: The Guest","logger":"root","filename":"scrapping_dag.py","lineno":200}
{"timestamp":"2026-01-06T09:49:12.409124Z","level":"info","event":"Formatting title: Guillermo Del Toros Pinocchio","logger":"root","filename":"scrapping_dag.py","lineno":200}
{"timestamp":"2026-01-06T09:49:12.409151Z","level":"info","event":"Formatting title: Gunpowder Milkshake","logger":"root","filename":"scrapping_dag.py","lineno":200}
{"timestamp":"2026-01-06T09:49:12.409182Z","level":"info","event":"Formatting title: Hackers","logger":"root","filename":"scrapping_dag.py","lineno":200}
{"timestamp":"2026-01-06T09:49:12.409207Z","level":"info","event":"Formatting title: Hacksaw Ridge","logger":"root","filename":"scrapping_dag.py","lineno":200}
{"timestamp":"2026-01-06T09:49:12.409233Z","level":"info","event":"Formatting title: Hail Caesar","logger":"root","filename":"scrapping_dag.py","lineno":200}
{"timestamp":"2026-01-06T09:49:12.409258Z","level":"info","event":"Formatting title: Hall Pass","logger":"root","filename":"scrapping_dag.py","lineno":200}
{"timestamp":"2026-01-06T09:49:12.409282Z","level":"info","event":"Formatting title: Halloween","logger":"root","filename":"scrapping_dag.py","lineno":200}
{"timestamp":"2026-01-06T09:49:12.409306Z","level":"info","event":"Formatting title: Halloween","logger":"root","filename":"scrapping_dag.py","lineno":200}
{"timestamp":"2026-01-06T09:49:12.409332Z","level":"info","event":"Formatting title: Halloween 4 The Return Of Michael Myers","logger":"root","filename":"scrapping_dag.py","lineno":200}
{"timestamp":"2026-01-06T09:49:12.409357Z","level":"info","event":"Formatting title: Halloween 5 The Revenge Of Michael Myers","logger":"root","filename":"scrapping_dag.py","lineno":200}
{"timestamp":"2026-01-06T09:49:12.409382Z","level":"info","event":"Formatting title: Halloween 6 The Curse Of Michael Myers","logger":"root","filename":"scrapping_dag.py","lineno":200}
{"timestamp":"2026-01-06T09:49:12.409406Z","level":"info","event":"Formatting title: Halloween H2o 20 Years Later","logger":"root","filename":"scrapping_dag.py","lineno":200}
{"timestamp":"2026-01-06T09:49:12.409431Z","level":"info","event":"Formatting title: Halloween 2","logger":"root","filename":"scrapping_dag.py","lineno":200}
{"timestamp":"2026-01-06T09:49:12.409455Z","level":"info","event":"Formatting title: Halloween 3 Season Of The Witch","logger":"root","filename":"scrapping_dag.py","lineno":200}
{"timestamp":"2026-01-06T09:49:12.409480Z","level":"info","event":"Formatting title: Halloween Kills","logger":"root","filename":"scrapping_dag.py","lineno":200}
{"timestamp":"2026-01-06T09:49:12.409503Z","level":"info","event":"Formatting title: The Hand Of God","logger":"root","filename":"scrapping_dag.py","lineno":200}
{"timestamp":"2026-01-06T09:49:12.409548Z","level":"info","event":"Formatting title: Hangin With The Homeboys","logger":"root","filename":"scrapping_dag.py","lineno":200}
{"timestamp":"2026-01-06T09:49:12.409584Z","level":"info","event":"Formatting title: The Hangover","logger":"root","filename":"scrapping_dag.py","lineno":200}
{"timestamp":"2026-01-06T09:49:12.409615Z","level":"info","event":"Formatting title: Hanna","logger":"root","filename":"scrapping_dag.py","lineno":200}
{"timestamp":"2026-01-06T09:49:12.409642Z","level":"info","event":"Formatting title: Hannah And Her Sisters","logger":"root","filename":"scrapping_dag.py","lineno":200}
{"timestamp":"2026-01-06T09:49:12.409671Z","level":"info","event":"Formatting title: Happy Birthday To Me","logger":"root","filename":"scrapping_dag.py","lineno":200}
{"timestamp":"2026-01-06T09:49:12.409701Z","level":"info","event":"Formatting title: Happy Death Day","logger":"root","filename":"scrapping_dag.py","lineno":200}
{"timestamp":"2026-01-06T09:49:12.409726Z","level":"info","event":"Formatting title: The Happy Prince","logger":"root","filename":"scrapping_dag.py","lineno":200}
{"timestamp":"2026-01-06T09:49:12.409752Z","level":"info","event":"Formatting title: The Harder They Fall","logger":"root","filename":"scrapping_dag.py","lineno":200}
{"timestamp":"2026-01-06T09:49:12.409778Z","level":"info","event":"Formatting title: Harlem Nights","logger":"root","filename":"scrapping_dag.py","lineno":200}
{"timestamp":"2026-01-06T09:49:12.409803Z","level":"info","event":"Formatting title: Harold And Maude","logger":"root","filename":"scrapping_dag.py","lineno":200}
{"timestamp":"2026-01-06T09:49:12.409829Z","level":"info","event":"Formatting title: Harriet","logger":"root","filename":"scrapping_dag.py","lineno":200}
{"timestamp":"2026-01-06T09:49:12.409854Z","level":"info","event":"Formatting title: Harry Potter And The Chamber Of Secrets","logger":"root","filename":"scrapping_dag.py","lineno":200}
{"timestamp":"2026-01-06T09:49:12.409880Z","level":"info","event":"Formatting title: Harry Potter And The Deathly Hallows Part 1","logger":"root","filename":"scrapping_dag.py","lineno":200}
{"timestamp":"2026-01-06T09:49:12.409905Z","level":"info","event":"Formatting title: Harry Potter And The Deathly Hallows Part 2","logger":"root","filename":"scrapping_dag.py","lineno":200}
{"timestamp":"2026-01-06T09:49:12.409933Z","level":"info","event":"Formatting title: Harry Potter And The Goblet Of Fire","logger":"root","filename":"scrapping_dag.py","lineno":200}
{"timestamp":"2026-01-06T09:49:12.409960Z","level":"info","event":"Formatting title: Harry Potter And The Half Blood Prince","logger":"root","filename":"scrapping_dag.py","lineno":200}
{"timestamp":"2026-01-06T09:49:12.409985Z","level":"info","event":"Formatting title: Harry Potter And The Order Of The Phoenix","logger":"root","filename":"scrapping_dag.py","lineno":200}
{"timestamp":"2026-01-06T09:49:12.410010Z","level":"info","event":"Formatting title: Harry Potter And The Prisoner Of Azkaban","logger":"root","filename":"scrapping_dag.py","lineno":200}
{"timestamp":"2026-01-06T09:49:12.410041Z","level":"info","event":"Formatting title: Harry Potter And The Sorcerers Stone","logger":"root","filename":"scrapping_dag.py","lineno":200}
{"timestamp":"2026-01-06T09:49:12.410065Z","level":"info","event":"Formatting title: The Hate You Give","logger":"root","filename":"scrapping_dag.py","lineno":200}
{"timestamp":"2026-01-06T09:49:12.410130Z","level":"info","event":"Formatting title: The Hateful Eight","logger":"root","filename":"scrapping_dag.py","lineno":200}
{"timestamp":"2026-01-06T09:49:12.410172Z","level":"info","event":"Formatting title: The Haunted Mansion","logger":"root","filename":"scrapping_dag.py","lineno":200}
{"timestamp":"2026-01-06T09:49:12.410203Z","level":"info","event":"Formatting title: A Haunting In Venice","logger":"root","filename":"scrapping_dag.py","lineno":200}
{"timestamp":"2026-01-06T09:49:12.410233Z","level":"info","event":"Formatting title: Heat","logger":"root","filename":"scrapping_dag.py","lineno":200}
{"timestamp":"2026-01-06T09:49:12.410261Z","level":"info","event":"Formatting title: Heathers","logger":"root","filename":"scrapping_dag.py","lineno":200}
{"timestamp":"2026-01-06T09:49:12.410287Z","level":"info","event":"Formatting title: Heaven Can Wait","logger":"root","filename":"scrapping_dag.py","lineno":200}
{"timestamp":"2026-01-06T09:49:12.410314Z","level":"info","event":"Formatting title: Heavy Metal","logger":"root","filename":"scrapping_dag.py","lineno":200}
{"timestamp":"2026-01-06T09:49:12.410341Z","level":"info","event":"Formatting title: Heavyweights","logger":"root","filename":"scrapping_dag.py","lineno":200}
{"timestamp":"2026-01-06T09:49:12.410368Z","level":"info","event":"Formatting title: Hell Or High Water","logger":"root","filename":"scrapping_dag.py","lineno":200}
{"timestamp":"2026-01-06T09:49:12.410394Z","level":"info","event":"Formatting title: Hellbound Hellraiser 2","logger":"root","filename":"scrapping_dag.py","lineno":200}
{"timestamp":"2026-01-06T09:49:12.410420Z","level":"info","event":"Formatting title: Hellboy","logger":"root","filename":"scrapping_dag.py","lineno":200}
{"timestamp":"2026-01-06T09:49:12.410444Z","level":"info","event":"Formatting title: Hellboy","logger":"root","filename":"scrapping_dag.py","lineno":200}
{"timestamp":"2026-01-06T09:49:12.410470Z","level":"info","event":"Formatting title: Hellraiser","logger":"root","filename":"scrapping_dag.py","lineno":200}
{"timestamp":"2026-01-06T09:49:12.410495Z","level":"info","event":"Formatting title: Hellraiser Deader","logger":"root","filename":"scrapping_dag.py","lineno":200}
{"timestamp":"2026-01-06T09:49:12.410521Z","level":"info","event":"Formatting title: Hellraiser Hellseeker","logger":"root","filename":"scrapping_dag.py","lineno":200}
{"timestamp":"2026-01-06T09:49:12.410547Z","level":"info","event":"Formatting title: The Help","logger":"root","filename":"scrapping_dag.py","lineno":200}
{"timestamp":"2026-01-06T09:49:12.410572Z","level":"info","event":"Formatting title: Her","logger":"root","filename":"scrapping_dag.py","lineno":200}
{"timestamp":"2026-01-06T09:49:12.410604Z","level":"info","event":"Formatting title: Hereditary","logger":"root","filename":"scrapping_dag.py","lineno":200}
{"timestamp":"2026-01-06T09:49:12.410630Z","level":"info","event":"Formatting title: A Hero","logger":"root","filename":"scrapping_dag.py","lineno":200}
{"timestamp":"2026-01-06T09:49:12.410657Z","level":"info","event":"Formatting title: Hidden Figures","logger":"root","filename":"scrapping_dag.py","lineno":200}
{"timestamp":"2026-01-06T09:49:12.410703Z","level":"info","event":"Formatting title: A Hidden Life","logger":"root","filename":"scrapping_dag.py","lineno":200}
{"timestamp":"2026-01-06T09:49:12.410735Z","level":"info","event":"Formatting title: High Fidelity","logger":"root","filename":"scrapping_dag.py","lineno":200}
{"timestamp":"2026-01-06T09:49:12.410762Z","level":"info","event":"Formatting title: High Noon","logger":"root","filename":"scrapping_dag.py","lineno":200}
{"timestamp":"2026-01-06T09:49:12.410790Z","level":"info","event":"Formatting title: Highlander 2 The Quickening","logger":"root","filename":"scrapping_dag.py","lineno":200}
{"timestamp":"2026-01-06T09:49:12.410817Z","level":"info","event":"Formatting title: The Hills Have Eyes","logger":"root","filename":"scrapping_dag.py","lineno":200}
{"timestamp":"2026-01-06T09:49:12.410843Z","level":"info","event":"Formatting title: A History Of Violence","logger":"root","filename":"scrapping_dag.py","lineno":200}
{"timestamp":"2026-01-06T09:49:12.410868Z","level":"info","event":"Formatting title: Hitchcock","logger":"root","filename":"scrapping_dag.py","lineno":200}
{"timestamp":"2026-01-06T09:49:12.410893Z","level":"info","event":"Formatting title: The Hitcher","logger":"root","filename":"scrapping_dag.py","lineno":200}
{"timestamp":"2026-01-06T09:49:12.410918Z","level":"info","event":"Formatting title: The Hitchhikers Guide To The Galaxy","logger":"root","filename":"scrapping_dag.py","lineno":200}
{"timestamp":"2026-01-06T09:49:12.410944Z","level":"info","event":"Formatting title: The Hitmans Bodyguard","logger":"root","filename":"scrapping_dag.py","lineno":200}
{"timestamp":"2026-01-06T09:49:12.410969Z","level":"info","event":"Formatting title: The Hobbit An Unexpected Journey","logger":"root","filename":"scrapping_dag.py","lineno":200}
{"timestamp":"2026-01-06T09:49:12.410994Z","level":"info","event":"Formatting title: The Hobbit The Desolation Of Smaug","logger":"root","filename":"scrapping_dag.py","lineno":200}
{"timestamp":"2026-01-06T09:49:12.411019Z","level":"info","event":"Formatting title: Hocus Pocus","logger":"root","filename":"scrapping_dag.py","lineno":200}
{"timestamp":"2026-01-06T09:49:12.411043Z","level":"info","event":"Formatting title: Hold The Dark","logger":"root","filename":"scrapping_dag.py","lineno":200}
{"timestamp":"2026-01-06T09:49:12.411067Z","level":"info","event":"Formatting title: The Holdovers","logger":"root","filename":"scrapping_dag.py","lineno":200}
{"timestamp":"2026-01-06T09:49:12.411093Z","level":"info","event":"Formatting title: The Hole","logger":"root","filename":"scrapping_dag.py","lineno":200}
{"timestamp":"2026-01-06T09:49:12.411118Z","level":"info","event":"Formatting title: The Holiday","logger":"root","filename":"scrapping_dag.py","lineno":200}
{"timestamp":"2026-01-06T09:49:12.411146Z","level":"info","event":"Formatting title: The Hollars","logger":"root","filename":"scrapping_dag.py","lineno":200}
{"timestamp":"2026-01-06T09:49:12.411170Z","level":"info","event":"Formatting title: Hollow Man","logger":"root","filename":"scrapping_dag.py","lineno":200}
{"timestamp":"2026-01-06T09:49:12.411193Z","level":"info","event":"Formatting title: Home Alone","logger":"root","filename":"scrapping_dag.py","lineno":200}
{"timestamp":"2026-01-06T09:49:12.411216Z","level":"info","event":"Formatting title: Home Alone 2 Lost In New York","logger":"root","filename":"scrapping_dag.py","lineno":200}
{"timestamp":"2026-01-06T09:49:12.411240Z","level":"info","event":"Formatting title: Honey Boy","logger":"root","filename":"scrapping_dag.py","lineno":200}
{"timestamp":"2026-01-06T09:49:12.411265Z","level":"info","event":"Formatting title: Honey I Blew Up The Kid","logger":"root","filename":"scrapping_dag.py","lineno":200}
{"timestamp":"2026-01-06T09:49:12.411290Z","level":"info","event":"Formatting title: Honey I Shrunk The Kids","logger":"root","filename":"scrapping_dag.py","lineno":200}
{"timestamp":"2026-01-06T09:49:12.411315Z","level":"info","event":"Formatting title: Horrible Bosses 2","logger":"root","filename":"scrapping_dag.py","lineno":200}
{"timestamp":"2026-01-06T09:49:12.411341Z","level":"info","event":"Formatting title: Horrible Bosses","logger":"root","filename":"scrapping_dag.py","lineno":200}
{"timestamp":"2026-01-06T09:49:12.411370Z","level":"info","event":"Formatting title: Hostel","logger":"root","filename":"scrapping_dag.py","lineno":200}
{"timestamp":"2026-01-06T09:49:12.411397Z","level":"info","event":"Formatting title: Hot Fuzz","logger":"root","filename":"scrapping_dag.py","lineno":200}
{"timestamp":"2026-01-06T09:49:12.411426Z","level":"info","event":"Formatting title: The Hours","logger":"root","filename":"scrapping_dag.py","lineno":200}
{"timestamp":"2026-01-06T09:49:12.411457Z","level":"info","event":"Formatting title: House Of Gucci","logger":"root","filename":"scrapping_dag.py","lineno":200}
{"timestamp":"2026-01-06T09:49:12.411495Z","level":"info","event":"Formatting title: House Party","logger":"root","filename":"scrapping_dag.py","lineno":200}
{"timestamp":"2026-01-06T09:49:12.411525Z","level":"info","event":"Formatting title: How The Grinch Stole Christmas","logger":"root","filename":"scrapping_dag.py","lineno":200}
{"timestamp":"2026-01-06T09:49:12.411583Z","level":"info","event":"Formatting title: How To Build A Girl","logger":"root","filename":"scrapping_dag.py","lineno":200}
{"timestamp":"2026-01-06T09:49:12.411617Z","level":"info","event":"Formatting title: How To Train Your Dragon 2","logger":"root","filename":"scrapping_dag.py","lineno":200}
{"timestamp":"2026-01-06T09:49:12.411647Z","level":"info","event":"Formatting title: How To Train Your Dragon","logger":"root","filename":"scrapping_dag.py","lineno":200}
{"timestamp":"2026-01-06T09:49:12.411675Z","level":"info","event":"Formatting title: How To Train Your Dragon The Hidden World","logger":"root","filename":"scrapping_dag.py","lineno":200}
{"timestamp":"2026-01-06T09:49:12.411702Z","level":"info","event":"Formatting title: Howard The Duck","logger":"root","filename":"scrapping_dag.py","lineno":200}
{"timestamp":"2026-01-06T09:49:12.411728Z","level":"info","event":"Formatting title: The Howling","logger":"root","filename":"scrapping_dag.py","lineno":200}
{"timestamp":"2026-01-06T09:49:12.411756Z","level":"info","event":"Formatting title: Hugo","logger":"root","filename":"scrapping_dag.py","lineno":200}
{"timestamp":"2026-01-06T09:49:12.411786Z","level":"info","event":"Formatting title: The Humans","logger":"root","filename":"scrapping_dag.py","lineno":200}
{"timestamp":"2026-01-06T09:49:12.411819Z","level":"info","event":"Formatting title: The Hummingbird Project","logger":"root","filename":"scrapping_dag.py","lineno":200}
{"timestamp":"2026-01-06T09:49:12.411855Z","level":"info","event":"Formatting title: The Hunger Games","logger":"root","filename":"scrapping_dag.py","lineno":200}
{"timestamp":"2026-01-06T09:49:12.411893Z","level":"info","event":"Formatting title: The Hunger Games Catching Fire","logger":"root","filename":"scrapping_dag.py","lineno":200}
{"timestamp":"2026-01-06T09:49:12.411924Z","level":"info","event":"Formatting title: The Hurt Locker","logger":"root","filename":"scrapping_dag.py","lineno":200}
{"timestamp":"2026-01-06T09:49:12.411959Z","level":"info","event":"Formatting title: Hustle & Flow","logger":"root","filename":"scrapping_dag.py","lineno":200}
{"timestamp":"2026-01-06T09:49:12.411991Z","level":"info","event":"Formatting title: The Hustler","logger":"root","filename":"scrapping_dag.py","lineno":200}
{"timestamp":"2026-01-06T09:49:12.412017Z","level":"info","event":"Formatting title: Hustlers","logger":"root","filename":"scrapping_dag.py","lineno":200}
{"timestamp":"2026-01-06T09:49:12.412043Z","level":"info","event":"Formatting title: I Dont Feel At Home In This World Anymore","logger":"root","filename":"scrapping_dag.py","lineno":200}
{"timestamp":"2026-01-06T09:49:12.412069Z","level":"info","event":"Formatting title: I Love You Man","logger":"root","filename":"scrapping_dag.py","lineno":200}
{"timestamp":"2026-01-06T09:49:12.412095Z","level":"info","event":"Formatting title: I Saw The Light","logger":"root","filename":"scrapping_dag.py","lineno":200}
{"timestamp":"2026-01-06T09:49:12.412132Z","level":"info","event":"Formatting title: I Think Were Alone Now","logger":"root","filename":"scrapping_dag.py","lineno":200}
{"timestamp":"2026-01-06T09:49:12.412202Z","level":"info","event":"Formatting title: I Tonya","logger":"root","filename":"scrapping_dag.py","lineno":200}
{"timestamp":"2026-01-06T09:49:12.412280Z","level":"info","event":"Formatting title: Identity","logger":"root","filename":"scrapping_dag.py","lineno":200}
{"timestamp":"2026-01-06T09:49:12.412357Z","level":"info","event":"Formatting title: If Beale Street Could Talk","logger":"root","filename":"scrapping_dag.py","lineno":200}
{"timestamp":"2026-01-06T09:49:12.412422Z","level":"info","event":"Formatting title: Im Thinking Of Ending Things","logger":"root","filename":"scrapping_dag.py","lineno":200}
{"timestamp":"2026-01-06T09:49:12.412483Z","level":"info","event":"Formatting title: The Imaginarium Of Doctor Parnassus","logger":"root","filename":"scrapping_dag.py","lineno":200}
{"timestamp":"2026-01-06T09:49:12.412546Z","level":"info","event":"Formatting title: The Imitation Game","logger":"root","filename":"scrapping_dag.py","lineno":200}
{"timestamp":"2026-01-06T09:49:12.412605Z","level":"info","event":"Formatting title: In Bruges","logger":"root","filename":"scrapping_dag.py","lineno":200}
{"timestamp":"2026-01-06T09:49:12.412666Z","level":"info","event":"Formatting title: In Fabric","logger":"root","filename":"scrapping_dag.py","lineno":200}
{"timestamp":"2026-01-06T09:49:12.412738Z","level":"info","event":"Formatting title: In The Tall Grass","logger":"root","filename":"scrapping_dag.py","lineno":200}
{"timestamp":"2026-01-06T09:49:12.412799Z","level":"info","event":"Formatting title: Inception","logger":"root","filename":"scrapping_dag.py","lineno":200}
{"timestamp":"2026-01-06T09:49:12.412860Z","level":"info","event":"Formatting title: The Incredible Burt Wonderstone","logger":"root","filename":"scrapping_dag.py","lineno":200}
{"timestamp":"2026-01-06T09:49:12.412921Z","level":"info","event":"Formatting title: The Incredible Hulk","logger":"root","filename":"scrapping_dag.py","lineno":200}
{"timestamp":"2026-01-06T09:49:12.412986Z","level":"info","event":"Formatting title: The Incredibles","logger":"root","filename":"scrapping_dag.py","lineno":200}
{"timestamp":"2026-01-06T09:49:12.413053Z","level":"info","event":"Formatting title: Indecent Proposal","logger":"root","filename":"scrapping_dag.py","lineno":200}
{"timestamp":"2026-01-06T09:49:12.413114Z","level":"info","event":"Formatting title: Independence Day","logger":"root","filename":"scrapping_dag.py","lineno":200}
{"timestamp":"2026-01-06T09:49:12.413182Z","level":"info","event":"Formatting title: Indiana Jones And The Kingdom Of The Crystal Skull","logger":"root","filename":"scrapping_dag.py","lineno":200}
{"timestamp":"2026-01-06T09:49:12.413255Z","level":"info","event":"Formatting title: Indiana Jones And The Last Crusade","logger":"root","filename":"scrapping_dag.py","lineno":200}
{"timestamp":"2026-01-06T09:49:12.413321Z","level":"info","event":"Formatting title: Indiana Jones And The Temple Of Doom","logger":"root","filename":"scrapping_dag.py","lineno":200}
{"timestamp":"2026-01-06T09:49:12.413352Z","level":"info","event":"Formatting title: Infinitely Polar Bear","logger":"root","filename":"scrapping_dag.py","lineno":200}
{"timestamp":"2026-01-06T09:49:12.413381Z","level":"info","event":"Formatting title: The Informant","logger":"root","filename":"scrapping_dag.py","lineno":200}
{"timestamp":"2026-01-06T09:49:12.413409Z","level":"info","event":"Formatting title: Inglourious Basterds","logger":"root","filename":"scrapping_dag.py","lineno":200}
{"timestamp":"2026-01-06T09:49:12.413436Z","level":"info","event":"Formatting title: Ingrid Goes West","logger":"root","filename":"scrapping_dag.py","lineno":200}
{"timestamp":"2026-01-06T09:49:12.505762Z","level":"info","event":"Formatting title: Inherent Vice","logger":"root","filename":"scrapping_dag.py","lineno":200}
{"timestamp":"2026-01-06T09:49:12.505883Z","level":"info","event":"Formatting title: Initiation","logger":"root","filename":"scrapping_dag.py","lineno":200}
{"timestamp":"2026-01-06T09:49:12.505924Z","level":"info","event":"Formatting title: Innerspace","logger":"root","filename":"scrapping_dag.py","lineno":200}
{"timestamp":"2026-01-06T09:49:12.505955Z","level":"info","event":"Formatting title: Inside Llewyn Davis","logger":"root","filename":"scrapping_dag.py","lineno":200}
{"timestamp":"2026-01-06T09:49:12.505984Z","level":"info","event":"Formatting title: Inside Out","logger":"root","filename":"scrapping_dag.py","lineno":200}
{"timestamp":"2026-01-06T09:49:12.506012Z","level":"info","event":"Formatting title: Insidious","logger":"root","filename":"scrapping_dag.py","lineno":200}
{"timestamp":"2026-01-06T09:49:12.506039Z","level":"info","event":"Formatting title: Insidious Chapter 2","logger":"root","filename":"scrapping_dag.py","lineno":200}
{"timestamp":"2026-01-06T09:49:12.506065Z","level":"info","event":"Formatting title: Insomnia","logger":"root","filename":"scrapping_dag.py","lineno":200}
{"timestamp":"2026-01-06T09:49:12.506139Z","level":"info","event":"Formatting title: Inspector Gadget","logger":"root","filename":"scrapping_dag.py","lineno":200}
{"timestamp":"2026-01-06T09:49:12.506187Z","level":"info","event":"Formatting title: The Internship","logger":"root","filename":"scrapping_dag.py","lineno":200}
{"timestamp":"2026-01-06T09:49:12.506219Z","level":"info","event":"Formatting title: The Interpreter","logger":"root","filename":"scrapping_dag.py","lineno":200}
{"timestamp":"2026-01-06T09:49:12.506248Z","level":"info","event":"Formatting title: Interstellar","logger":"root","filename":"scrapping_dag.py","lineno":200}
{"timestamp":"2026-01-06T09:49:12.506276Z","level":"info","event":"Formatting title: The Interview","logger":"root","filename":"scrapping_dag.py","lineno":200}
{"timestamp":"2026-01-06T09:49:12.506304Z","level":"info","event":"Formatting title: Interview With The Vampire","logger":"root","filename":"scrapping_dag.py","lineno":200}
{"timestamp":"2026-01-06T09:49:12.506333Z","level":"info","event":"Formatting title: Into The Woods","logger":"root","filename":"scrapping_dag.py","lineno":200}
{"timestamp":"2026-01-06T09:49:12.506360Z","level":"info","event":"Formatting title: Invasion Of The Body Snatchers","logger":"root","filename":"scrapping_dag.py","lineno":200}
{"timestamp":"2026-01-06T09:49:12.506386Z","level":"info","event":"Formatting title: The Invisible Woman","logger":"root","filename":"scrapping_dag.py","lineno":200}
{"timestamp":"2026-01-06T09:49:12.506413Z","level":"info","event":"Formatting title: The Invitation","logger":"root","filename":"scrapping_dag.py","lineno":200}
{"timestamp":"2026-01-06T09:49:12.506455Z","level":"info","event":"Formatting title: The Irishman","logger":"root","filename":"scrapping_dag.py","lineno":200}
{"timestamp":"2026-01-06T09:49:12.506482Z","level":"info","event":"Formatting title: The Iron Claw","logger":"root","filename":"scrapping_dag.py","lineno":200}
{"timestamp":"2026-01-06T09:49:12.506508Z","level":"info","event":"Formatting title: The Iron Giant","logger":"root","filename":"scrapping_dag.py","lineno":200}
{"timestamp":"2026-01-06T09:49:12.506537Z","level":"info","event":"Formatting title: Iron Man","logger":"root","filename":"scrapping_dag.py","lineno":200}
{"timestamp":"2026-01-06T09:49:12.506567Z","level":"info","event":"Formatting title: The Island Of Dr Moreau","logger":"root","filename":"scrapping_dag.py","lineno":200}
{"timestamp":"2026-01-06T09:49:12.506593Z","level":"info","event":"Formatting title: Isle Of Dogs","logger":"root","filename":"scrapping_dag.py","lineno":200}
{"timestamp":"2026-01-06T09:49:12.506619Z","level":"info","event":"Formatting title: It","logger":"root","filename":"scrapping_dag.py","lineno":200}
{"timestamp":"2026-01-06T09:49:12.506645Z","level":"info","event":"Formatting title: It Follows","logger":"root","filename":"scrapping_dag.py","lineno":200}
{"timestamp":"2026-01-06T09:49:12.506671Z","level":"info","event":"Formatting title: Its A Wonderful Life","logger":"root","filename":"scrapping_dag.py","lineno":200}
{"timestamp":"2026-01-06T09:49:12.506697Z","level":"info","event":"Formatting title: Its Complicated","logger":"root","filename":"scrapping_dag.py","lineno":200}
{"timestamp":"2026-01-06T09:49:12.506722Z","level":"info","event":"Formatting title: Its Kind Of A Funny Story","logger":"root","filename":"scrapping_dag.py","lineno":200}
{"timestamp":"2026-01-06T09:49:12.506747Z","level":"info","event":"Formatting title: Jack Reacher","logger":"root","filename":"scrapping_dag.py","lineno":200}
{"timestamp":"2026-01-06T09:49:12.506772Z","level":"info","event":"Formatting title: Jackie","logger":"root","filename":"scrapping_dag.py","lineno":200}
{"timestamp":"2026-01-06T09:49:12.506796Z","level":"info","event":"Formatting title: Jackie Brown","logger":"root","filename":"scrapping_dag.py","lineno":200}
{"timestamp":"2026-01-06T09:49:12.506821Z","level":"info","event":"Formatting title: Jacobs Ladder","logger":"root","filename":"scrapping_dag.py","lineno":200}
{"timestamp":"2026-01-06T09:49:12.506846Z","level":"info","event":"Formatting title: Jagged Edge","logger":"root","filename":"scrapping_dag.py","lineno":200}
{"timestamp":"2026-01-06T09:49:12.506870Z","level":"info","event":"Formatting title: Jane Eyre","logger":"root","filename":"scrapping_dag.py","lineno":200}
{"timestamp":"2026-01-06T09:49:12.506895Z","level":"info","event":"Formatting title: Jarhead","logger":"root","filename":"scrapping_dag.py","lineno":200}
{"timestamp":"2026-01-06T09:49:12.506919Z","level":"info","event":"Formatting title: Jason Goes To Hell The Final Friday","logger":"root","filename":"scrapping_dag.py","lineno":200}
{"timestamp":"2026-01-06T09:49:12.506944Z","level":"info","event":"Formatting title: Jaws","logger":"root","filename":"scrapping_dag.py","lineno":200}
{"timestamp":"2026-01-06T09:49:12.506968Z","level":"info","event":"Formatting title: Jaws 2","logger":"root","filename":"scrapping_dag.py","lineno":200}
{"timestamp":"2026-01-06T09:49:12.506993Z","level":"info","event":"Formatting title: Jennifers Body","logger":"root","filename":"scrapping_dag.py","lineno":200}
{"timestamp":"2026-01-06T09:49:12.507018Z","level":"info","event":"Formatting title: The Jerk","logger":"root","filename":"scrapping_dag.py","lineno":200}
{"timestamp":"2026-01-06T09:49:12.507043Z","level":"info","event":"Formatting title: Jerry Maguire","logger":"root","filename":"scrapping_dag.py","lineno":200}
{"timestamp":"2026-01-06T09:49:12.507068Z","level":"info","event":"Formatting title: The Jewel Of The Nile","logger":"root","filename":"scrapping_dag.py","lineno":200}
{"timestamp":"2026-01-06T09:49:12.507092Z","level":"info","event":"Formatting title: Jfk","logger":"root","filename":"scrapping_dag.py","lineno":200}
{"timestamp":"2026-01-06T09:49:12.507116Z","level":"info","event":"Formatting title: Jingle All The Way","logger":"root","filename":"scrapping_dag.py","lineno":200}
{"timestamp":"2026-01-06T09:49:12.507140Z","level":"info","event":"Formatting title: Jo Jo Dancer Your Life Is Calling","logger":"root","filename":"scrapping_dag.py","lineno":200}
{"timestamp":"2026-01-06T09:49:12.507165Z","level":"info","event":"Formatting title: Jockey","logger":"root","filename":"scrapping_dag.py","lineno":200}
{"timestamp":"2026-01-06T09:49:12.507190Z","level":"info","event":"Formatting title: John Wick","logger":"root","filename":"scrapping_dag.py","lineno":200}
{"timestamp":"2026-01-06T09:49:12.507216Z","level":"info","event":"Formatting title: John Wick Chapter 4","logger":"root","filename":"scrapping_dag.py","lineno":200}
{"timestamp":"2026-01-06T09:49:12.507241Z","level":"info","event":"Formatting title: Jojo Rabbit","logger":"root","filename":"scrapping_dag.py","lineno":200}
{"timestamp":"2026-01-06T09:49:12.507266Z","level":"info","event":"Formatting title: Joker","logger":"root","filename":"scrapping_dag.py","lineno":200}
{"timestamp":"2026-01-06T09:49:12.507291Z","level":"info","event":"Formatting title: Joy","logger":"root","filename":"scrapping_dag.py","lineno":200}
{"timestamp":"2026-01-06T09:49:12.507316Z","level":"info","event":"Formatting title: Judas And The Black Messiah","logger":"root","filename":"scrapping_dag.py","lineno":200}
{"timestamp":"2026-01-06T09:49:12.507361Z","level":"info","event":"Formatting title: Jules","logger":"root","filename":"scrapping_dag.py","lineno":200}
{"timestamp":"2026-01-06T09:49:12.507399Z","level":"info","event":"Formatting title: Julia","logger":"root","filename":"scrapping_dag.py","lineno":200}
{"timestamp":"2026-01-06T09:49:12.507429Z","level":"info","event":"Formatting title: Julieta","logger":"root","filename":"scrapping_dag.py","lineno":200}
{"timestamp":"2026-01-06T09:49:12.507458Z","level":"info","event":"Formatting title: Jumanji","logger":"root","filename":"scrapping_dag.py","lineno":200}
{"timestamp":"2026-01-06T09:49:12.507487Z","level":"info","event":"Formatting title: Juno","logger":"root","filename":"scrapping_dag.py","lineno":200}
{"timestamp":"2026-01-06T09:49:12.507513Z","level":"info","event":"Formatting title: Jurassic Park","logger":"root","filename":"scrapping_dag.py","lineno":200}
{"timestamp":"2026-01-06T09:49:12.507539Z","level":"info","event":"Formatting title: Just Mercy","logger":"root","filename":"scrapping_dag.py","lineno":200}
{"timestamp":"2026-01-06T09:49:12.507565Z","level":"info","event":"Formatting title: Kajillionaire","logger":"root","filename":"scrapping_dag.py","lineno":200}
{"timestamp":"2026-01-06T09:49:12.507590Z","level":"info","event":"Formatting title: Karate Kid","logger":"root","filename":"scrapping_dag.py","lineno":200}
{"timestamp":"2026-01-06T09:49:12.507615Z","level":"info","event":"Formatting title: The Karate Kid Part 2","logger":"root","filename":"scrapping_dag.py","lineno":200}
{"timestamp":"2026-01-06T09:49:12.507641Z","level":"info","event":"Formatting title: The Karate Kid Part 3","logger":"root","filename":"scrapping_dag.py","lineno":200}
{"timestamp":"2026-01-06T09:49:12.507667Z","level":"info","event":"Formatting title: Kids","logger":"root","filename":"scrapping_dag.py","lineno":200}
{"timestamp":"2026-01-06T09:49:12.507693Z","level":"info","event":"Formatting title: The Kids Are All Right","logger":"root","filename":"scrapping_dag.py","lineno":200}
{"timestamp":"2026-01-06T09:49:12.507717Z","level":"info","event":"Formatting title: Kill Bill Vol 1","logger":"root","filename":"scrapping_dag.py","lineno":200}
{"timestamp":"2026-01-06T09:49:12.507741Z","level":"info","event":"Formatting title: Kill Bill Vol 2","logger":"root","filename":"scrapping_dag.py","lineno":200}
{"timestamp":"2026-01-06T09:49:12.507766Z","level":"info","event":"Formatting title: Kill The Messenger","logger":"root","filename":"scrapping_dag.py","lineno":200}
{"timestamp":"2026-01-06T09:49:12.507791Z","level":"info","event":"Formatting title: Kill Your Darlings","logger":"root","filename":"scrapping_dag.py","lineno":200}
{"timestamp":"2026-01-06T09:49:12.507816Z","level":"info","event":"Formatting title: The Killer","logger":"root","filename":"scrapping_dag.py","lineno":200}
{"timestamp":"2026-01-06T09:49:12.507840Z","level":"info","event":"Formatting title: Killer Klowns From Outer Space","logger":"root","filename":"scrapping_dag.py","lineno":200}
{"timestamp":"2026-01-06T09:49:12.507866Z","level":"info","event":"Formatting title: Killers Of The Flower Moon","logger":"root","filename":"scrapping_dag.py","lineno":200}
{"timestamp":"2026-01-06T09:49:12.507891Z","level":"info","event":"Formatting title: The Killing Of A Sacred Deer","logger":"root","filename":"scrapping_dag.py","lineno":200}
{"timestamp":"2026-01-06T09:49:12.507924Z","level":"info","event":"Formatting title: Kin","logger":"root","filename":"scrapping_dag.py","lineno":200}
{"timestamp":"2026-01-06T09:49:12.507951Z","level":"info","event":"Formatting title: The King","logger":"root","filename":"scrapping_dag.py","lineno":200}
{"timestamp":"2026-01-06T09:49:12.507978Z","level":"info","event":"Formatting title: King Kong","logger":"root","filename":"scrapping_dag.py","lineno":200}
{"timestamp":"2026-01-06T09:49:12.508004Z","level":"info","event":"Formatting title: The King Of Comedy","logger":"root","filename":"scrapping_dag.py","lineno":200}
{"timestamp":"2026-01-06T09:49:12.508028Z","level":"info","event":"Formatting title: King Richard","logger":"root","filename":"scrapping_dag.py","lineno":200}
{"timestamp":"2026-01-06T09:49:12.508053Z","level":"info","event":"Formatting title: Kingpin","logger":"root","filename":"scrapping_dag.py","lineno":200}
{"timestamp":"2026-01-06T09:49:12.508078Z","level":"info","event":"Formatting title: Kings Of Summer","logger":"root","filename":"scrapping_dag.py","lineno":200}
{"timestamp":"2026-01-06T09:49:12.508102Z","level":"info","event":"Formatting title: The Kings Speech","logger":"root","filename":"scrapping_dag.py","lineno":200}
{"timestamp":"2026-01-06T09:49:12.508127Z","level":"info","event":"Formatting title: Kingsman The Secret Service","logger":"root","filename":"scrapping_dag.py","lineno":200}
{"timestamp":"2026-01-06T09:49:12.508153Z","level":"info","event":"Formatting title: Kiss Kiss Bang Bang","logger":"root","filename":"scrapping_dag.py","lineno":200}
{"timestamp":"2026-01-06T09:49:12.508178Z","level":"info","event":"Formatting title: Kiss Of The Spider Woman","logger":"root","filename":"scrapping_dag.py","lineno":200}
{"timestamp":"2026-01-06T09:49:12.508203Z","level":"info","event":"Formatting title: Knight And Day","logger":"root","filename":"scrapping_dag.py","lineno":200}
{"timestamp":"2026-01-06T09:49:12.508227Z","level":"info","event":"Formatting title: A Knights Tale","logger":"root","filename":"scrapping_dag.py","lineno":200}
{"timestamp":"2026-01-06T09:49:12.508252Z","level":"info","event":"Formatting title: Knives Out","logger":"root","filename":"scrapping_dag.py","lineno":200}
{"timestamp":"2026-01-06T09:49:12.508276Z","level":"info","event":"Formatting title: A Knock At The Cabin","logger":"root","filename":"scrapping_dag.py","lineno":200}
{"timestamp":"2026-01-06T09:49:12.508301Z","level":"info","event":"Formatting title: Knocked Up","logger":"root","filename":"scrapping_dag.py","lineno":200}
{"timestamp":"2026-01-06T09:49:12.508325Z","level":"info","event":"Formatting title: K Pax","logger":"root","filename":"scrapping_dag.py","lineno":200}
{"timestamp":"2026-01-06T09:49:12.508349Z","level":"info","event":"Formatting title: Kramer Vs Kramer","logger":"root","filename":"scrapping_dag.py","lineno":200}
{"timestamp":"2026-01-06T09:49:12.508374Z","level":"info","event":"Formatting title: Krampus","logger":"root","filename":"scrapping_dag.py","lineno":200}
{"timestamp":"2026-01-06T09:49:12.508400Z","level":"info","event":"Formatting title: Kubo And The Two Strings","logger":"root","filename":"scrapping_dag.py","lineno":200}
{"timestamp":"2026-01-06T09:49:12.508425Z","level":"info","event":"Formatting title: La Confidential","logger":"root","filename":"scrapping_dag.py","lineno":200}
{"timestamp":"2026-01-06T09:49:12.508450Z","level":"info","event":"Formatting title: La La Land","logger":"root","filename":"scrapping_dag.py","lineno":200}
{"timestamp":"2026-01-06T09:49:12.508478Z","level":"info","event":"Formatting title: La Story","logger":"root","filename":"scrapping_dag.py","lineno":200}
{"timestamp":"2026-01-06T09:49:12.508502Z","level":"info","event":"Formatting title: Labor Day","logger":"root","filename":"scrapping_dag.py","lineno":200}
{"timestamp":"2026-01-06T09:49:12.508527Z","level":"info","event":"Formatting title: Lady Bird","logger":"root","filename":"scrapping_dag.py","lineno":200}
{"timestamp":"2026-01-06T09:49:12.508552Z","level":"info","event":"Formatting title: Lady Chatterleys Lover","logger":"root","filename":"scrapping_dag.py","lineno":200}
{"timestamp":"2026-01-06T09:49:12.508576Z","level":"info","event":"Formatting title: Ladyhawke","logger":"root","filename":"scrapping_dag.py","lineno":200}
{"timestamp":"2026-01-06T09:49:12.508600Z","level":"info","event":"Formatting title: Lake Placid","logger":"root","filename":"scrapping_dag.py","lineno":200}
{"timestamp":"2026-01-06T09:49:12.508625Z","level":"info","event":"Formatting title: Land Of Mine","logger":"root","filename":"scrapping_dag.py","lineno":200}
{"timestamp":"2026-01-06T09:49:12.508652Z","level":"info","event":"Formatting title: Lars And The Real Girl","logger":"root","filename":"scrapping_dag.py","lineno":200}
{"timestamp":"2026-01-06T09:49:12.508677Z","level":"info","event":"Formatting title: The Last Boy Scout","logger":"root","filename":"scrapping_dag.py","lineno":200}
{"timestamp":"2026-01-06T09:49:12.508705Z","level":"info","event":"Formatting title: The Last Castle","logger":"root","filename":"scrapping_dag.py","lineno":200}
{"timestamp":"2026-01-06T09:49:12.508736Z","level":"info","event":"Formatting title: Last Holiday","logger":"root","filename":"scrapping_dag.py","lineno":200}
{"timestamp":"2026-01-06T09:49:12.508767Z","level":"info","event":"Formatting title: Last Night In Soho","logger":"root","filename":"scrapping_dag.py","lineno":200}
{"timestamp":"2026-01-06T09:49:12.508799Z","level":"info","event":"Formatting title: The Last Picture Show","logger":"root","filename":"scrapping_dag.py","lineno":200}
{"timestamp":"2026-01-06T09:49:12.508830Z","level":"info","event":"Formatting title: The Last Station","logger":"root","filename":"scrapping_dag.py","lineno":200}
{"timestamp":"2026-01-06T09:49:12.508864Z","level":"info","event":"Formatting title: The Last Temptation Of Christ","logger":"root","filename":"scrapping_dag.py","lineno":200}
{"timestamp":"2026-01-06T09:49:12.508896Z","level":"info","event":"Formatting title: Law Abiding Citizen","logger":"root","filename":"scrapping_dag.py","lineno":200}
{"timestamp":"2026-01-06T09:49:12.508935Z","level":"info","event":"Formatting title: Lawrence Of Arabia","logger":"root","filename":"scrapping_dag.py","lineno":200}
{"timestamp":"2026-01-06T09:49:12.508969Z","level":"info","event":"Formatting title: A League Of Their Own","logger":"root","filename":"scrapping_dag.py","lineno":200}
{"timestamp":"2026-01-06T09:49:12.508999Z","level":"info","event":"Formatting title: Lean On Me","logger":"root","filename":"scrapping_dag.py","lineno":200}
{"timestamp":"2026-01-06T09:49:12.509027Z","level":"info","event":"Formatting title: Leave No Trace","logger":"root","filename":"scrapping_dag.py","lineno":200}
{"timestamp":"2026-01-06T09:49:12.509055Z","level":"info","event":"Formatting title: Leaving Las Vegas","logger":"root","filename":"scrapping_dag.py","lineno":200}
{"timestamp":"2026-01-06T09:49:12.509090Z","level":"info","event":"Formatting title: Lee Daniels The Butler","logger":"root","filename":"scrapping_dag.py","lineno":200}
{"timestamp":"2026-01-06T09:49:12.509118Z","level":"info","event":"Formatting title: Legend","logger":"root","filename":"scrapping_dag.py","lineno":200}
{"timestamp":"2026-01-06T09:49:12.509145Z","level":"info","event":"Formatting title: Legend","logger":"root","filename":"scrapping_dag.py","lineno":200}
{"timestamp":"2026-01-06T09:49:12.509170Z","level":"info","event":"Formatting title: The Legend Of Zorro","logger":"root","filename":"scrapping_dag.py","lineno":200}
{"timestamp":"2026-01-06T09:49:12.509219Z","level":"info","event":"Formatting title: The Lego Movie","logger":"root","filename":"scrapping_dag.py","lineno":200}
{"timestamp":"2026-01-06T09:49:12.509291Z","level":"info","event":"Formatting title: Lenny","logger":"root","filename":"scrapping_dag.py","lineno":200}
{"timestamp":"2026-01-06T09:49:12.509422Z","level":"info","event":"Formatting title: Leprechaun","logger":"root","filename":"scrapping_dag.py","lineno":200}
{"timestamp":"2026-01-06T09:49:12.509556Z","level":"info","event":"Formatting title: Leprechaun 2","logger":"root","filename":"scrapping_dag.py","lineno":200}
{"timestamp":"2026-01-06T09:49:12.509669Z","level":"info","event":"Formatting title: Les Misérables","logger":"root","filename":"scrapping_dag.py","lineno":200}
{"timestamp":"2026-01-06T09:49:12.509776Z","level":"info","event":"Formatting title: Let Me In","logger":"root","filename":"scrapping_dag.py","lineno":200}
{"timestamp":"2026-01-06T09:49:12.509874Z","level":"info","event":"Formatting title: Lethal Weapon","logger":"root","filename":"scrapping_dag.py","lineno":200}
{"timestamp":"2026-01-06T09:49:12.509963Z","level":"info","event":"Formatting title: Lethal Weapon 2","logger":"root","filename":"scrapping_dag.py","lineno":200}
{"timestamp":"2026-01-06T09:49:12.510043Z","level":"info","event":"Formatting title: Lethal Weapon 4","logger":"root","filename":"scrapping_dag.py","lineno":200}
{"timestamp":"2026-01-06T09:49:12.510247Z","level":"info","event":"Formatting title: Liar Liar","logger":"root","filename":"scrapping_dag.py","lineno":200}
{"timestamp":"2026-01-06T09:49:12.510379Z","level":"info","event":"Formatting title: License To Kill","logger":"root","filename":"scrapping_dag.py","lineno":200}
{"timestamp":"2026-01-06T09:49:12.510494Z","level":"info","event":"Formatting title: Life Itself","logger":"root","filename":"scrapping_dag.py","lineno":200}
{"timestamp":"2026-01-06T09:49:12.510594Z","level":"info","event":"Formatting title: Life Of Pi","logger":"root","filename":"scrapping_dag.py","lineno":200}
{"timestamp":"2026-01-06T09:49:12.510690Z","level":"info","event":"Formatting title: Life Stinks","logger":"root","filename":"scrapping_dag.py","lineno":200}
{"timestamp":"2026-01-06T09:49:12.510808Z","level":"info","event":"Formatting title: The Lighthouse","logger":"root","filename":"scrapping_dag.py","lineno":200}
{"timestamp":"2026-01-06T09:49:12.510961Z","level":"info","event":"Formatting title: Lights Out","logger":"root","filename":"scrapping_dag.py","lineno":200}
{"timestamp":"2026-01-06T09:49:12.511069Z","level":"info","event":"Formatting title: Like Father Like Son","logger":"root","filename":"scrapping_dag.py","lineno":200}
{"timestamp":"2026-01-06T09:49:12.511152Z","level":"info","event":"Formatting title: Lincoln","logger":"root","filename":"scrapping_dag.py","lineno":200}
{"timestamp":"2026-01-06T09:49:12.511226Z","level":"info","event":"Formatting title: The Lincoln Lawyer","logger":"root","filename":"scrapping_dag.py","lineno":200}
{"timestamp":"2026-01-06T09:49:12.511323Z","level":"info","event":"Formatting title: Lion","logger":"root","filename":"scrapping_dag.py","lineno":200}
{"timestamp":"2026-01-06T09:49:12.511474Z","level":"info","event":"Formatting title: The Lion In Winter","logger":"root","filename":"scrapping_dag.py","lineno":200}
{"timestamp":"2026-01-06T09:49:12.511585Z","level":"info","event":"Formatting title: The Lion King","logger":"root","filename":"scrapping_dag.py","lineno":200}
{"timestamp":"2026-01-06T09:49:12.511680Z","level":"info","event":"Formatting title: The Little Mermaid","logger":"root","filename":"scrapping_dag.py","lineno":200}
{"timestamp":"2026-01-06T09:49:12.511751Z","level":"info","event":"Formatting title: Little Miss Sunshine","logger":"root","filename":"scrapping_dag.py","lineno":200}
{"timestamp":"2026-01-06T09:49:12.511820Z","level":"info","event":"Formatting title: Little Shop Of Horrors","logger":"root","filename":"scrapping_dag.py","lineno":200}
{"timestamp":"2026-01-06T09:49:12.511959Z","level":"info","event":"Formatting title: Little Women","logger":"root","filename":"scrapping_dag.py","lineno":200}
{"timestamp":"2026-01-06T09:49:12.512041Z","level":"info","event":"Formatting title: Live And Let Die","logger":"root","filename":"scrapping_dag.py","lineno":200}
{"timestamp":"2026-01-06T09:49:12.512111Z","level":"info","event":"Formatting title: Live By Night","logger":"root","filename":"scrapping_dag.py","lineno":200}
{"timestamp":"2026-01-06T09:49:12.512186Z","level":"info","event":"Formatting title: Live Free Or Die Hard","logger":"root","filename":"scrapping_dag.py","lineno":200}
{"timestamp":"2026-01-06T09:49:12.512256Z","level":"info","event":"Formatting title: Living","logger":"root","filename":"scrapping_dag.py","lineno":200}
{"timestamp":"2026-01-06T09:49:12.512299Z","level":"info","event":"Formatting title: The Living Daylights","logger":"root","filename":"scrapping_dag.py","lineno":200}
{"timestamp":"2026-01-06T09:49:12.512336Z","level":"info","event":"Formatting title: The Lobster","logger":"root","filename":"scrapping_dag.py","lineno":200}
{"timestamp":"2026-01-06T09:49:12.512378Z","level":"info","event":"Formatting title: Lock Stock And Two Smoking Barrels","logger":"root","filename":"scrapping_dag.py","lineno":200}
{"timestamp":"2026-01-06T09:49:12.512416Z","level":"info","event":"Formatting title: Locke","logger":"root","filename":"scrapping_dag.py","lineno":200}
{"timestamp":"2026-01-06T09:49:12.512462Z","level":"info","event":"Formatting title: Logan","logger":"root","filename":"scrapping_dag.py","lineno":200}
{"timestamp":"2026-01-06T09:49:12.512508Z","level":"info","event":"Formatting title: The Lone Ranger","logger":"root","filename":"scrapping_dag.py","lineno":200}
{"timestamp":"2026-01-06T09:49:12.512551Z","level":"info","event":"Formatting title: Lone Survivor","logger":"root","filename":"scrapping_dag.py","lineno":200}
{"timestamp":"2026-01-06T09:49:12.512630Z","level":"info","event":"Formatting title: The Long Goodbye","logger":"root","filename":"scrapping_dag.py","lineno":200}
{"timestamp":"2026-01-06T09:49:12.512724Z","level":"info","event":"Formatting title: The Long Kiss Goodnight","logger":"root","filename":"scrapping_dag.py","lineno":200}
{"timestamp":"2026-01-06T09:49:12.512838Z","level":"info","event":"Formatting title: Looney Tunes Back In Action","logger":"root","filename":"scrapping_dag.py","lineno":200}
{"timestamp":"2026-01-06T09:49:12.512928Z","level":"info","event":"Formatting title: Looper","logger":"root","filename":"scrapping_dag.py","lineno":200}
{"timestamp":"2026-01-06T09:49:12.513036Z","level":"info","event":"Formatting title: The Lorax","logger":"root","filename":"scrapping_dag.py","lineno":200}
{"timestamp":"2026-01-06T09:49:12.513138Z","level":"info","event":"Formatting title: The Lord Of The Rings The Fellowship Of The Ring","logger":"root","filename":"scrapping_dag.py","lineno":200}
{"timestamp":"2026-01-06T09:49:12.513295Z","level":"info","event":"Formatting title: The Lord Of The Rings The Return Of The King","logger":"root","filename":"scrapping_dag.py","lineno":200}
{"timestamp":"2026-01-06T09:49:12.513545Z","level":"info","event":"Formatting title: The Lord Of The Rings The Two Towers","logger":"root","filename":"scrapping_dag.py","lineno":200}
{"timestamp":"2026-01-06T09:49:12.513720Z","level":"info","event":"Formatting title: The Lost Boys","logger":"root","filename":"scrapping_dag.py","lineno":200}
{"timestamp":"2026-01-06T09:49:12.513829Z","level":"info","event":"Formatting title: The Lost City Of Z","logger":"root","filename":"scrapping_dag.py","lineno":200}
{"timestamp":"2026-01-06T09:49:12.513929Z","level":"info","event":"Formatting title: The Lost Daughter","logger":"root","filename":"scrapping_dag.py","lineno":200}
{"timestamp":"2026-01-06T09:49:12.514022Z","level":"info","event":"Formatting title: Lost Highway","logger":"root","filename":"scrapping_dag.py","lineno":200}
{"timestamp":"2026-01-06T09:49:12.514136Z","level":"info","event":"Formatting title: Lost In Translation","logger":"root","filename":"scrapping_dag.py","lineno":200}
{"timestamp":"2026-01-06T09:49:12.514228Z","level":"info","event":"Formatting title: The Lost Weekend","logger":"root","filename":"scrapping_dag.py","lineno":200}
{"timestamp":"2026-01-06T09:49:12.514310Z","level":"info","event":"Formatting title: The Lost World Jurassic Park","logger":"root","filename":"scrapping_dag.py","lineno":200}
{"timestamp":"2026-01-06T09:49:12.514398Z","level":"info","event":"Formatting title: Love & Other Drugs","logger":"root","filename":"scrapping_dag.py","lineno":200}
{"timestamp":"2026-01-06T09:49:12.514472Z","level":"info","event":"Formatting title: Love Actually","logger":"root","filename":"scrapping_dag.py","lineno":200}
{"timestamp":"2026-01-06T09:49:12.514543Z","level":"info","event":"Formatting title: Love And Friendship","logger":"root","filename":"scrapping_dag.py","lineno":200}
{"timestamp":"2026-01-06T09:49:12.514613Z","level":"info","event":"Formatting title: Love Is Strange","logger":"root","filename":"scrapping_dag.py","lineno":200}
{"timestamp":"2026-01-06T09:49:12.514686Z","level":"info","event":"Formatting title: Love Simon","logger":"root","filename":"scrapping_dag.py","lineno":200}
{"timestamp":"2026-01-06T09:49:12.514778Z","level":"info","event":"Formatting title: Loving","logger":"root","filename":"scrapping_dag.py","lineno":200}
{"timestamp":"2026-01-06T09:49:12.514865Z","level":"info","event":"Formatting title: Luca","logger":"root","filename":"scrapping_dag.py","lineno":200}
{"timestamp":"2026-01-06T09:49:12.514926Z","level":"info","event":"Formatting title: Lucky Number Slevin","logger":"root","filename":"scrapping_dag.py","lineno":200}
{"timestamp":"2026-01-06T09:49:12.514953Z","level":"info","event":"Formatting title: Lucy","logger":"root","filename":"scrapping_dag.py","lineno":200}
{"timestamp":"2026-01-06T09:49:12.514979Z","level":"info","event":"Formatting title: Lucy In The Sky","logger":"root","filename":"scrapping_dag.py","lineno":200}
{"timestamp":"2026-01-06T09:49:12.515005Z","level":"info","event":"Formatting title: The Lunchbox","logger":"root","filename":"scrapping_dag.py","lineno":200}
{"timestamp":"2026-01-06T09:49:12.515030Z","level":"info","event":"Formatting title: Macgruber","logger":"root","filename":"scrapping_dag.py","lineno":200}
{"timestamp":"2026-01-06T09:49:12.515055Z","level":"info","event":"Formatting title: Mad Max Fury Road","logger":"root","filename":"scrapping_dag.py","lineno":200}
{"timestamp":"2026-01-06T09:49:12.515081Z","level":"info","event":"Formatting title: Made In Heaven","logger":"root","filename":"scrapping_dag.py","lineno":200}
{"timestamp":"2026-01-06T09:49:12.515117Z","level":"info","event":"Formatting title: Maestro","logger":"root","filename":"scrapping_dag.py","lineno":200}
{"timestamp":"2026-01-06T09:49:12.515143Z","level":"info","event":"Formatting title: Maggies Plan","logger":"root","filename":"scrapping_dag.py","lineno":200}
{"timestamp":"2026-01-06T09:49:12.515169Z","level":"info","event":"Formatting title: Magnolia","logger":"root","filename":"scrapping_dag.py","lineno":200}
{"timestamp":"2026-01-06T09:49:12.515193Z","level":"info","event":"Formatting title: The Majestic","logger":"root","filename":"scrapping_dag.py","lineno":200}
{"timestamp":"2026-01-06T09:49:12.515218Z","level":"info","event":"Formatting title: Malcolm & Marie","logger":"root","filename":"scrapping_dag.py","lineno":200}
{"timestamp":"2026-01-06T09:49:12.515243Z","level":"info","event":"Formatting title: Malcolm X","logger":"root","filename":"scrapping_dag.py","lineno":200}
{"timestamp":"2026-01-06T09:49:12.515271Z","level":"info","event":"Formatting title: Malibus Most Wanted","logger":"root","filename":"scrapping_dag.py","lineno":200}
{"timestamp":"2026-01-06T09:49:12.515297Z","level":"info","event":"Formatting title: Malignant","logger":"root","filename":"scrapping_dag.py","lineno":200}
{"timestamp":"2026-01-06T09:49:12.515322Z","level":"info","event":"Formatting title: Mallrats","logger":"root","filename":"scrapping_dag.py","lineno":200}
{"timestamp":"2026-01-06T09:49:12.515348Z","level":"info","event":"Formatting title: The Maltese Falcon","logger":"root","filename":"scrapping_dag.py","lineno":200}
{"timestamp":"2026-01-06T09:49:12.515373Z","level":"info","event":"Formatting title: A Man Called Otto","logger":"root","filename":"scrapping_dag.py","lineno":200}
{"timestamp":"2026-01-06T09:49:12.515398Z","level":"info","event":"Formatting title: The Man From Uncle","logger":"root","filename":"scrapping_dag.py","lineno":200}
{"timestamp":"2026-01-06T09:49:12.515454Z","level":"info","event":"Formatting title: Man On A Ledge","logger":"root","filename":"scrapping_dag.py","lineno":200}
{"timestamp":"2026-01-06T09:49:12.515483Z","level":"info","event":"Formatting title: Man On Fire","logger":"root","filename":"scrapping_dag.py","lineno":200}
{"timestamp":"2026-01-06T09:49:12.515511Z","level":"info","event":"Formatting title: Man On The Moon","logger":"root","filename":"scrapping_dag.py","lineno":200}
{"timestamp":"2026-01-06T09:49:12.515538Z","level":"info","event":"Formatting title: The Man Who Invented Christmas","logger":"root","filename":"scrapping_dag.py","lineno":200}
{"timestamp":"2026-01-06T09:49:12.515564Z","level":"info","event":"Formatting title: The Manchurian Candidate","logger":"root","filename":"scrapping_dag.py","lineno":200}
{"timestamp":"2026-01-06T09:49:12.515590Z","level":"info","event":"Formatting title: Mandy","logger":"root","filename":"scrapping_dag.py","lineno":200}
{"timestamp":"2026-01-06T09:49:12.515616Z","level":"info","event":"Formatting title: Maniac Cop","logger":"root","filename":"scrapping_dag.py","lineno":200}
{"timestamp":"2026-01-06T09:49:12.515642Z","level":"info","event":"Formatting title: Mank","logger":"root","filename":"scrapping_dag.py","lineno":200}
{"timestamp":"2026-01-06T09:49:12.515668Z","level":"info","event":"Formatting title: Margin Call","logger":"root","filename":"scrapping_dag.py","lineno":200}
{"timestamp":"2026-01-06T09:49:12.515694Z","level":"info","event":"Formatting title: Maria","logger":"root","filename":"scrapping_dag.py","lineno":200}
{"timestamp":"2026-01-06T09:49:12.515723Z","level":"info","event":"Formatting title: Maria Full Of Grace","logger":"root","filename":"scrapping_dag.py","lineno":200}
{"timestamp":"2026-01-06T09:49:12.515754Z","level":"info","event":"Formatting title: Marriage Story","logger":"root","filename":"scrapping_dag.py","lineno":200}
{"timestamp":"2026-01-06T09:49:12.515781Z","level":"info","event":"Formatting title: Mars Attacks","logger":"root","filename":"scrapping_dag.py","lineno":200}
{"timestamp":"2026-01-06T09:49:12.515807Z","level":"info","event":"Formatting title: The Martian","logger":"root","filename":"scrapping_dag.py","lineno":200}
{"timestamp":"2026-01-06T09:49:12.515833Z","level":"info","event":"Formatting title: Martyrs","logger":"root","filename":"scrapping_dag.py","lineno":200}
{"timestamp":"2026-01-06T09:49:12.515864Z","level":"info","event":"Formatting title: Mary Poppins","logger":"root","filename":"scrapping_dag.py","lineno":200}
{"timestamp":"2026-01-06T09:49:12.515892Z","level":"info","event":"Formatting title: Mary Poppins Returns","logger":"root","filename":"scrapping_dag.py","lineno":200}
{"timestamp":"2026-01-06T09:49:12.515923Z","level":"info","event":"Formatting title: Mary Queen Of Scots","logger":"root","filename":"scrapping_dag.py","lineno":200}
{"timestamp":"2026-01-06T09:49:12.515960Z","level":"info","event":"Formatting title: Mary Shelleys Frankenstein","logger":"root","filename":"scrapping_dag.py","lineno":200}
{"timestamp":"2026-01-06T09:49:12.515997Z","level":"info","event":"Formatting title: The Mask","logger":"root","filename":"scrapping_dag.py","lineno":200}
{"timestamp":"2026-01-06T09:49:12.516025Z","level":"info","event":"Formatting title: The Mask Of Zorro","logger":"root","filename":"scrapping_dag.py","lineno":200}
{"timestamp":"2026-01-06T09:49:12.516051Z","level":"info","event":"Formatting title: Mass","logger":"root","filename":"scrapping_dag.py","lineno":200}
{"timestamp":"2026-01-06T09:49:12.516078Z","level":"info","event":"Formatting title: The Master","logger":"root","filename":"scrapping_dag.py","lineno":200}
{"timestamp":"2026-01-06T09:49:12.516104Z","level":"info","event":"Formatting title: Master","logger":"root","filename":"scrapping_dag.py","lineno":200}
{"timestamp":"2026-01-06T09:49:12.516129Z","level":"info","event":"Formatting title: The Matador","logger":"root","filename":"scrapping_dag.py","lineno":200}
{"timestamp":"2026-01-06T09:49:12.516154Z","level":"info","event":"Formatting title: Match Point","logger":"root","filename":"scrapping_dag.py","lineno":200}
{"timestamp":"2026-01-06T09:49:12.516183Z","level":"info","event":"Formatting title: The Matrix","logger":"root","filename":"scrapping_dag.py","lineno":200}
{"timestamp":"2026-01-06T09:49:12.574600Z","level":"info","event":"Formatting title: The Matrix Reloaded","logger":"root","filename":"scrapping_dag.py","lineno":200}
{"timestamp":"2026-01-06T09:49:12.574728Z","level":"info","event":"Formatting title: The Matrix Revolutions","logger":"root","filename":"scrapping_dag.py","lineno":200}
{"timestamp":"2026-01-06T09:49:12.574764Z","level":"info","event":"Formatting title: Maudie","logger":"root","filename":"scrapping_dag.py","lineno":200}
{"timestamp":"2026-01-06T09:49:12.574795Z","level":"info","event":"Formatting title: May December","logger":"root","filename":"scrapping_dag.py","lineno":200}
{"timestamp":"2026-01-06T09:49:12.574826Z","level":"info","event":"Formatting title: The Maze Runner","logger":"root","filename":"scrapping_dag.py","lineno":200}
{"timestamp":"2026-01-06T09:49:12.574854Z","level":"info","event":"Formatting title: Me And Earl And The Dying Girl","logger":"root","filename":"scrapping_dag.py","lineno":200}
{"timestamp":"2026-01-06T09:49:12.574881Z","level":"info","event":"Formatting title: Me Him Her","logger":"root","filename":"scrapping_dag.py","lineno":200}
{"timestamp":"2026-01-06T09:49:12.574908Z","level":"info","event":"Formatting title: Mean Girls","logger":"root","filename":"scrapping_dag.py","lineno":200}
{"timestamp":"2026-01-06T09:49:12.574934Z","level":"info","event":"Formatting title: Mean Streets","logger":"root","filename":"scrapping_dag.py","lineno":200}
{"timestamp":"2026-01-06T09:49:12.574968Z","level":"info","event":"Formatting title: Meatballs","logger":"root","filename":"scrapping_dag.py","lineno":200}
{"timestamp":"2026-01-06T09:49:12.574995Z","level":"info","event":"Formatting title: The Meddler","logger":"root","filename":"scrapping_dag.py","lineno":200}
{"timestamp":"2026-01-06T09:49:12.575020Z","level":"info","event":"Formatting title: The Meg","logger":"root","filename":"scrapping_dag.py","lineno":200}
{"timestamp":"2026-01-06T09:49:12.575045Z","level":"info","event":"Formatting title: Megamind","logger":"root","filename":"scrapping_dag.py","lineno":200}
{"timestamp":"2026-01-06T09:49:12.575073Z","level":"info","event":"Formatting title: Memento","logger":"root","filename":"scrapping_dag.py","lineno":200}
{"timestamp":"2026-01-06T09:49:12.575108Z","level":"info","event":"Formatting title: Memoirs Of A Geisha","logger":"root","filename":"scrapping_dag.py","lineno":200}
{"timestamp":"2026-01-06T09:49:12.575141Z","level":"info","event":"Formatting title: Memories Of Murder","logger":"root","filename":"scrapping_dag.py","lineno":200}
{"timestamp":"2026-01-06T09:49:12.575169Z","level":"info","event":"Formatting title: Memory","logger":"root","filename":"scrapping_dag.py","lineno":200}
{"timestamp":"2026-01-06T09:49:12.575196Z","level":"info","event":"Formatting title: Men In Black","logger":"root","filename":"scrapping_dag.py","lineno":200}
{"timestamp":"2026-01-06T09:49:12.575266Z","level":"info","event":"Formatting title: The Men Who Stare At Goats","logger":"root","filename":"scrapping_dag.py","lineno":200}
{"timestamp":"2026-01-06T09:49:12.575299Z","level":"info","event":"Formatting title: Menace 2 Society","logger":"root","filename":"scrapping_dag.py","lineno":200}
{"timestamp":"2026-01-06T09:49:12.575328Z","level":"info","event":"Formatting title: The Menu","logger":"root","filename":"scrapping_dag.py","lineno":200}
{"timestamp":"2026-01-06T09:49:12.575355Z","level":"info","event":"Formatting title: Michael Clayton","logger":"root","filename":"scrapping_dag.py","lineno":200}
{"timestamp":"2026-01-06T09:49:12.575388Z","level":"info","event":"Formatting title: Mid90s","logger":"root","filename":"scrapping_dag.py","lineno":200}
{"timestamp":"2026-01-06T09:49:12.575420Z","level":"info","event":"Formatting title: Midnight Cowboy","logger":"root","filename":"scrapping_dag.py","lineno":200}
{"timestamp":"2026-01-06T09:49:12.575446Z","level":"info","event":"Formatting title: Midnight In Paris","logger":"root","filename":"scrapping_dag.py","lineno":200}
{"timestamp":"2026-01-06T09:49:12.575472Z","level":"info","event":"Formatting title: Midnight Run","logger":"root","filename":"scrapping_dag.py","lineno":200}
{"timestamp":"2026-01-06T09:49:12.575497Z","level":"info","event":"Formatting title: The Midnight Sky","logger":"root","filename":"scrapping_dag.py","lineno":200}
{"timestamp":"2026-01-06T09:49:12.575523Z","level":"info","event":"Formatting title: Midsommar","logger":"root","filename":"scrapping_dag.py","lineno":200}
{"timestamp":"2026-01-06T09:49:12.575552Z","level":"info","event":"Formatting title: Midway","logger":"root","filename":"scrapping_dag.py","lineno":200}
{"timestamp":"2026-01-06T09:49:12.575578Z","level":"info","event":"Formatting title: The Mighty Ducks","logger":"root","filename":"scrapping_dag.py","lineno":200}
{"timestamp":"2026-01-06T09:49:12.575605Z","level":"info","event":"Formatting title: Mikey And Nicky","logger":"root","filename":"scrapping_dag.py","lineno":200}
{"timestamp":"2026-01-06T09:49:12.575649Z","level":"info","event":"Formatting title: Miles Ahead","logger":"root","filename":"scrapping_dag.py","lineno":200}
{"timestamp":"2026-01-06T09:49:12.575692Z","level":"info","event":"Formatting title: Millers Girl","logger":"root","filename":"scrapping_dag.py","lineno":200}
{"timestamp":"2026-01-06T09:49:12.575722Z","level":"info","event":"Formatting title: Million Dollar Baby","logger":"root","filename":"scrapping_dag.py","lineno":200}
{"timestamp":"2026-01-06T09:49:12.575750Z","level":"info","event":"Formatting title: A Million Miles Away","logger":"root","filename":"scrapping_dag.py","lineno":200}
{"timestamp":"2026-01-06T09:49:12.575777Z","level":"info","event":"Formatting title: Mimic","logger":"root","filename":"scrapping_dag.py","lineno":200}
{"timestamp":"2026-01-06T09:49:12.575804Z","level":"info","event":"Formatting title: Minari","logger":"root","filename":"scrapping_dag.py","lineno":200}
{"timestamp":"2026-01-06T09:49:12.575834Z","level":"info","event":"Formatting title: Minority Report","logger":"root","filename":"scrapping_dag.py","lineno":200}
{"timestamp":"2026-01-06T09:49:12.575861Z","level":"info","event":"Formatting title: The Miracle Club","logger":"root","filename":"scrapping_dag.py","lineno":200}
{"timestamp":"2026-01-06T09:49:12.575887Z","level":"info","event":"Formatting title: Misery","logger":"root","filename":"scrapping_dag.py","lineno":200}
{"timestamp":"2026-01-06T09:49:12.575913Z","level":"info","event":"Formatting title: Miss Congeniality","logger":"root","filename":"scrapping_dag.py","lineno":200}
{"timestamp":"2026-01-06T09:49:12.575939Z","level":"info","event":"Formatting title: Miss Sloane","logger":"root","filename":"scrapping_dag.py","lineno":200}
{"timestamp":"2026-01-06T09:49:12.575965Z","level":"info","event":"Formatting title: Mission Impossible Fallout","logger":"root","filename":"scrapping_dag.py","lineno":200}
{"timestamp":"2026-01-06T09:49:12.575995Z","level":"info","event":"Formatting title: Mission Impossible Rogue Nation","logger":"root","filename":"scrapping_dag.py","lineno":200}
{"timestamp":"2026-01-06T09:49:12.576022Z","level":"info","event":"Formatting title: Mission Impossible","logger":"root","filename":"scrapping_dag.py","lineno":200}
{"timestamp":"2026-01-06T09:49:12.576047Z","level":"info","event":"Formatting title: Mission Impossible 2","logger":"root","filename":"scrapping_dag.py","lineno":200}
{"timestamp":"2026-01-06T09:49:12.576072Z","level":"info","event":"Formatting title: Mission Impossible 3","logger":"root","filename":"scrapping_dag.py","lineno":200}
{"timestamp":"2026-01-06T09:49:12.576098Z","level":"info","event":"Formatting title: The Mitchells Vs The Machines","logger":"root","filename":"scrapping_dag.py","lineno":200}
{"timestamp":"2026-01-06T09:49:12.576123Z","level":"info","event":"Formatting title: Mollys Game","logger":"root","filename":"scrapping_dag.py","lineno":200}
{"timestamp":"2026-01-06T09:49:12.576174Z","level":"info","event":"Formatting title: Moneyball","logger":"root","filename":"scrapping_dag.py","lineno":200}
{"timestamp":"2026-01-06T09:49:12.576207Z","level":"info","event":"Formatting title: Monster","logger":"root","filename":"scrapping_dag.py","lineno":200}
{"timestamp":"2026-01-06T09:49:12.576238Z","level":"info","event":"Formatting title: A Monster Calls","logger":"root","filename":"scrapping_dag.py","lineno":200}
{"timestamp":"2026-01-06T09:49:12.576267Z","level":"info","event":"Formatting title: Monsters Ball","logger":"root","filename":"scrapping_dag.py","lineno":200}
{"timestamp":"2026-01-06T09:49:12.576298Z","level":"info","event":"Formatting title: Monsters Inc","logger":"root","filename":"scrapping_dag.py","lineno":200}
{"timestamp":"2026-01-06T09:49:12.576324Z","level":"info","event":"Formatting title: Monsters University","logger":"root","filename":"scrapping_dag.py","lineno":200}
{"timestamp":"2026-01-06T09:49:12.576361Z","level":"info","event":"Formatting title: Moon","logger":"root","filename":"scrapping_dag.py","lineno":200}
{"timestamp":"2026-01-06T09:49:12.576387Z","level":"info","event":"Formatting title: Moonlight","logger":"root","filename":"scrapping_dag.py","lineno":200}
{"timestamp":"2026-01-06T09:49:12.576413Z","level":"info","event":"Formatting title: Moonrise Kingdom","logger":"root","filename":"scrapping_dag.py","lineno":200}
{"timestamp":"2026-01-06T09:49:12.576444Z","level":"info","event":"Formatting title: Moonstruck","logger":"root","filename":"scrapping_dag.py","lineno":200}
{"timestamp":"2026-01-06T09:49:12.576472Z","level":"info","event":"Formatting title: A Most Violent Year","logger":"root","filename":"scrapping_dag.py","lineno":200}
{"timestamp":"2026-01-06T09:49:12.576500Z","level":"info","event":"Formatting title: Mother","logger":"root","filename":"scrapping_dag.py","lineno":200}
{"timestamp":"2026-01-06T09:49:12.576527Z","level":"info","event":"Formatting title: The Mother","logger":"root","filename":"scrapping_dag.py","lineno":200}
{"timestamp":"2026-01-06T09:49:12.576554Z","level":"info","event":"Formatting title: Motherless Brooklyn","logger":"root","filename":"scrapping_dag.py","lineno":200}
{"timestamp":"2026-01-06T09:49:12.576581Z","level":"info","event":"Formatting title: Moulin Rouge","logger":"root","filename":"scrapping_dag.py","lineno":200}
{"timestamp":"2026-01-06T09:49:12.576608Z","level":"info","event":"Formatting title: Mr & Mrs Smith","logger":"root","filename":"scrapping_dag.py","lineno":200}
{"timestamp":"2026-01-06T09:49:12.576636Z","level":"info","event":"Formatting title: Mr Hollands Opus","logger":"root","filename":"scrapping_dag.py","lineno":200}
{"timestamp":"2026-01-06T09:49:12.576663Z","level":"info","event":"Formatting title: Mr Mom","logger":"root","filename":"scrapping_dag.py","lineno":200}
{"timestamp":"2026-01-06T09:49:12.576691Z","level":"info","event":"Formatting title: Mr Nobody","logger":"root","filename":"scrapping_dag.py","lineno":200}
{"timestamp":"2026-01-06T09:49:12.576717Z","level":"info","event":"Formatting title: Mr Right","logger":"root","filename":"scrapping_dag.py","lineno":200}
{"timestamp":"2026-01-06T09:49:12.576743Z","level":"info","event":"Formatting title: Mr Turner","logger":"root","filename":"scrapping_dag.py","lineno":200}
{"timestamp":"2026-01-06T09:49:12.576770Z","level":"info","event":"Formatting title: Mud","logger":"root","filename":"scrapping_dag.py","lineno":200}
{"timestamp":"2026-01-06T09:49:12.576796Z","level":"info","event":"Formatting title: Mudbound","logger":"root","filename":"scrapping_dag.py","lineno":200}
{"timestamp":"2026-01-06T09:49:12.576822Z","level":"info","event":"Formatting title: Mulan","logger":"root","filename":"scrapping_dag.py","lineno":200}
{"timestamp":"2026-01-06T09:49:12.576892Z","level":"info","event":"Formatting title: Mulholland Dr","logger":"root","filename":"scrapping_dag.py","lineno":200}
{"timestamp":"2026-01-06T09:49:12.576934Z","level":"info","event":"Formatting title: The Mummy","logger":"root","filename":"scrapping_dag.py","lineno":200}
{"timestamp":"2026-01-06T09:49:12.576964Z","level":"info","event":"Formatting title: The Mummy","logger":"root","filename":"scrapping_dag.py","lineno":200}
{"timestamp":"2026-01-06T09:49:12.576992Z","level":"info","event":"Formatting title: The Mummy Returns","logger":"root","filename":"scrapping_dag.py","lineno":200}
{"timestamp":"2026-01-06T09:49:12.577019Z","level":"info","event":"Formatting title: The Mummy Tomb Of The Dragon Emperor","logger":"root","filename":"scrapping_dag.py","lineno":200}
{"timestamp":"2026-01-06T09:49:12.577046Z","level":"info","event":"Formatting title: Murder On The Orient Express","logger":"root","filename":"scrapping_dag.py","lineno":200}
{"timestamp":"2026-01-06T09:49:12.577073Z","level":"info","event":"Formatting title: My Big Fat Greek Wedding 2","logger":"root","filename":"scrapping_dag.py","lineno":200}
{"timestamp":"2026-01-06T09:49:12.577100Z","level":"info","event":"Formatting title: My Cousin Vinny","logger":"root","filename":"scrapping_dag.py","lineno":200}
{"timestamp":"2026-01-06T09:49:12.577126Z","level":"info","event":"Formatting title: My Demon Lover","logger":"root","filename":"scrapping_dag.py","lineno":200}
{"timestamp":"2026-01-06T09:49:12.577151Z","level":"info","event":"Formatting title: My Friend Dahmer","logger":"root","filename":"scrapping_dag.py","lineno":200}
{"timestamp":"2026-01-06T09:49:12.577175Z","level":"info","event":"Formatting title: My Old Ass","logger":"root","filename":"scrapping_dag.py","lineno":200}
{"timestamp":"2026-01-06T09:49:12.577200Z","level":"info","event":"Formatting title: My Policeman","logger":"root","filename":"scrapping_dag.py","lineno":200}
{"timestamp":"2026-01-06T09:49:12.577224Z","level":"info","event":"Formatting title: My Week With Marilyn","logger":"root","filename":"scrapping_dag.py","lineno":200}
{"timestamp":"2026-01-06T09:49:12.577250Z","level":"info","event":"Formatting title: Mystery Men","logger":"root","filename":"scrapping_dag.py","lineno":200}
{"timestamp":"2026-01-06T09:49:12.577275Z","level":"info","event":"Formatting title: The Naked Gun 2½ The Smell Of Fear","logger":"root","filename":"scrapping_dag.py","lineno":200}
{"timestamp":"2026-01-06T09:49:12.577303Z","level":"info","event":"Formatting title: Naked Gun 33 1/3 The Final Insult","logger":"root","filename":"scrapping_dag.py","lineno":200}
{"timestamp":"2026-01-06T09:49:12.577328Z","level":"info","event":"Formatting title: The Naked Gun From The Files Of Police Squad","logger":"root","filename":"scrapping_dag.py","lineno":200}
{"timestamp":"2026-01-06T09:49:12.577355Z","level":"info","event":"Formatting title: Nanny","logger":"root","filename":"scrapping_dag.py","lineno":200}
{"timestamp":"2026-01-06T09:49:12.577380Z","level":"info","event":"Formatting title: Napoleon","logger":"root","filename":"scrapping_dag.py","lineno":200}
{"timestamp":"2026-01-06T09:49:12.577404Z","level":"info","event":"Formatting title: Napoleon Dynamite","logger":"root","filename":"scrapping_dag.py","lineno":200}
{"timestamp":"2026-01-06T09:49:12.577428Z","level":"info","event":"Formatting title: National Lampoons Animal House","logger":"root","filename":"scrapping_dag.py","lineno":200}
{"timestamp":"2026-01-06T09:49:12.577453Z","level":"info","event":"Formatting title: National Lampoons Christmas Vacation","logger":"root","filename":"scrapping_dag.py","lineno":200}
{"timestamp":"2026-01-06T09:49:12.577477Z","level":"info","event":"Formatting title: National Lampoons European Vacation","logger":"root","filename":"scrapping_dag.py","lineno":200}
{"timestamp":"2026-01-06T09:49:12.577504Z","level":"info","event":"Formatting title: National Lampoons Vacation","logger":"root","filename":"scrapping_dag.py","lineno":200}
{"timestamp":"2026-01-06T09:49:12.577532Z","level":"info","event":"Formatting title: National Treasure","logger":"root","filename":"scrapping_dag.py","lineno":200}
{"timestamp":"2026-01-06T09:49:12.577557Z","level":"info","event":"Formatting title: Natural Born Killers","logger":"root","filename":"scrapping_dag.py","lineno":200}
{"timestamp":"2026-01-06T09:49:12.577582Z","level":"info","event":"Formatting title: Near Dark","logger":"root","filename":"scrapping_dag.py","lineno":200}
{"timestamp":"2026-01-06T09:49:12.577607Z","level":"info","event":"Formatting title: Nebraska","logger":"root","filename":"scrapping_dag.py","lineno":200}
{"timestamp":"2026-01-06T09:49:12.577633Z","level":"info","event":"Formatting title: Nell","logger":"root","filename":"scrapping_dag.py","lineno":200}
{"timestamp":"2026-01-06T09:49:12.577657Z","level":"info","event":"Formatting title: The Neon Demon","logger":"root","filename":"scrapping_dag.py","lineno":200}
{"timestamp":"2026-01-06T09:49:12.577683Z","level":"info","event":"Formatting title: Network","logger":"root","filename":"scrapping_dag.py","lineno":200}
{"timestamp":"2026-01-06T09:49:12.577706Z","level":"info","event":"Formatting title: Never Look Away","logger":"root","filename":"scrapping_dag.py","lineno":200}
{"timestamp":"2026-01-06T09:49:12.577731Z","level":"info","event":"Formatting title: Never Rarely Sometimes Always","logger":"root","filename":"scrapping_dag.py","lineno":200}
{"timestamp":"2026-01-06T09:49:12.577755Z","level":"info","event":"Formatting title: New Jack City","logger":"root","filename":"scrapping_dag.py","lineno":200}
{"timestamp":"2026-01-06T09:49:12.577780Z","level":"info","event":"Formatting title: A New Leaf","logger":"root","filename":"scrapping_dag.py","lineno":200}
{"timestamp":"2026-01-06T09:49:12.577804Z","level":"info","event":"Formatting title: The Nice Guys","logger":"root","filename":"scrapping_dag.py","lineno":200}
{"timestamp":"2026-01-06T09:49:12.577829Z","level":"info","event":"Formatting title: Nick And Norahs Infinite Playlist","logger":"root","filename":"scrapping_dag.py","lineno":200}
{"timestamp":"2026-01-06T09:49:12.577853Z","level":"info","event":"Formatting title: Nickel Boys","logger":"root","filename":"scrapping_dag.py","lineno":200}
{"timestamp":"2026-01-06T09:49:12.577877Z","level":"info","event":"Formatting title: The Night House","logger":"root","filename":"scrapping_dag.py","lineno":200}
{"timestamp":"2026-01-06T09:49:12.577901Z","level":"info","event":"Formatting title: Night Nurse","logger":"root","filename":"scrapping_dag.py","lineno":200}
{"timestamp":"2026-01-06T09:49:12.577926Z","level":"info","event":"Formatting title: Night Of The Demons","logger":"root","filename":"scrapping_dag.py","lineno":200}
{"timestamp":"2026-01-06T09:49:12.577951Z","level":"info","event":"Formatting title: Night Of The Living Dead","logger":"root","filename":"scrapping_dag.py","lineno":200}
{"timestamp":"2026-01-06T09:49:12.577976Z","level":"info","event":"Formatting title: Nightbitch","logger":"root","filename":"scrapping_dag.py","lineno":200}
{"timestamp":"2026-01-06T09:49:12.578008Z","level":"info","event":"Formatting title: Nightcrawler","logger":"root","filename":"scrapping_dag.py","lineno":200}
{"timestamp":"2026-01-06T09:49:12.578038Z","level":"info","event":"Formatting title: Nightmare Alley","logger":"root","filename":"scrapping_dag.py","lineno":200}
{"timestamp":"2026-01-06T09:49:12.578068Z","level":"info","event":"Formatting title: The Nightmare Before Christmas","logger":"root","filename":"scrapping_dag.py","lineno":200}
{"timestamp":"2026-01-06T09:49:12.578149Z","level":"info","event":"Formatting title: A Nightmare On Elm Street","logger":"root","filename":"scrapping_dag.py","lineno":200}
{"timestamp":"2026-01-06T09:49:12.578208Z","level":"info","event":"Formatting title: A Nightmare On Elm Street 3 Dream Warriors","logger":"root","filename":"scrapping_dag.py","lineno":200}
{"timestamp":"2026-01-06T09:49:12.578241Z","level":"info","event":"Formatting title: A Nightmare On Elm Street 5 The Dream Child","logger":"root","filename":"scrapping_dag.py","lineno":200}
{"timestamp":"2026-01-06T09:49:12.578276Z","level":"info","event":"Formatting title: Nine Days","logger":"root","filename":"scrapping_dag.py","lineno":200}
{"timestamp":"2026-01-06T09:49:12.578313Z","level":"info","event":"Formatting title: The Nines","logger":"root","filename":"scrapping_dag.py","lineno":200}
{"timestamp":"2026-01-06T09:49:12.578351Z","level":"info","event":"Formatting title: Ninja Assassin","logger":"root","filename":"scrapping_dag.py","lineno":200}
{"timestamp":"2026-01-06T09:49:12.578383Z","level":"info","event":"Formatting title: Nixon","logger":"root","filename":"scrapping_dag.py","lineno":200}
{"timestamp":"2026-01-06T09:49:12.578415Z","level":"info","event":"Formatting title: No Country For Old Men","logger":"root","filename":"scrapping_dag.py","lineno":200}
{"timestamp":"2026-01-06T09:49:12.578446Z","level":"info","event":"Formatting title: No Hard Feelings","logger":"root","filename":"scrapping_dag.py","lineno":200}
{"timestamp":"2026-01-06T09:49:12.578480Z","level":"info","event":"Formatting title: No One Will Save You","logger":"root","filename":"scrapping_dag.py","lineno":200}
{"timestamp":"2026-01-06T09:49:12.578514Z","level":"info","event":"Formatting title: No Time To Die","logger":"root","filename":"scrapping_dag.py","lineno":200}
{"timestamp":"2026-01-06T09:49:12.578544Z","level":"info","event":"Formatting title: Nocturnal Animals","logger":"root","filename":"scrapping_dag.py","lineno":200}
{"timestamp":"2026-01-06T09:49:12.578577Z","level":"info","event":"Formatting title: Nomadland","logger":"root","filename":"scrapping_dag.py","lineno":200}
{"timestamp":"2026-01-06T09:49:12.578607Z","level":"info","event":"Formatting title: Nope","logger":"root","filename":"scrapping_dag.py","lineno":200}
{"timestamp":"2026-01-06T09:49:12.578650Z","level":"info","event":"Formatting title: Norma Rae","logger":"root","filename":"scrapping_dag.py","lineno":200}
{"timestamp":"2026-01-06T09:49:12.578723Z","level":"info","event":"Formatting title: North By Northwest","logger":"root","filename":"scrapping_dag.py","lineno":200}
{"timestamp":"2026-01-06T09:49:12.578813Z","level":"info","event":"Formatting title: The Northman","logger":"root","filename":"scrapping_dag.py","lineno":200}
{"timestamp":"2026-01-06T09:49:12.578901Z","level":"info","event":"Formatting title: Nosferatu","logger":"root","filename":"scrapping_dag.py","lineno":200}
{"timestamp":"2026-01-06T09:49:12.578989Z","level":"info","event":"Formatting title: Not Easily Broken","logger":"root","filename":"scrapping_dag.py","lineno":200}
{"timestamp":"2026-01-06T09:49:12.579061Z","level":"info","event":"Formatting title: Notorious","logger":"root","filename":"scrapping_dag.py","lineno":200}
{"timestamp":"2026-01-06T09:49:12.579133Z","level":"info","event":"Formatting title: Notting Hill","logger":"root","filename":"scrapping_dag.py","lineno":200}
{"timestamp":"2026-01-06T09:49:12.579224Z","level":"info","event":"Formatting title: Now You See Me","logger":"root","filename":"scrapping_dag.py","lineno":200}
{"timestamp":"2026-01-06T09:49:12.579293Z","level":"info","event":"Formatting title: Nowhere Boy","logger":"root","filename":"scrapping_dag.py","lineno":200}
{"timestamp":"2026-01-06T09:49:12.579371Z","level":"info","event":"Formatting title: The Nun","logger":"root","filename":"scrapping_dag.py","lineno":200}
{"timestamp":"2026-01-06T09:49:12.579438Z","level":"info","event":"Formatting title: The Nutty Professor","logger":"root","filename":"scrapping_dag.py","lineno":200}
{"timestamp":"2026-01-06T09:49:12.579520Z","level":"info","event":"Formatting title: Oceans 8","logger":"root","filename":"scrapping_dag.py","lineno":200}
{"timestamp":"2026-01-06T09:49:12.579604Z","level":"info","event":"Formatting title: Oceans Eleven","logger":"root","filename":"scrapping_dag.py","lineno":200}
{"timestamp":"2026-01-06T09:49:12.579690Z","level":"info","event":"Formatting title: Oceans Twelve","logger":"root","filename":"scrapping_dag.py","lineno":200}
{"timestamp":"2026-01-06T09:49:12.579758Z","level":"info","event":"Formatting title: Octopussy","logger":"root","filename":"scrapping_dag.py","lineno":200}
{"timestamp":"2026-01-06T09:49:12.579837Z","level":"info","event":"Formatting title: Oculus","logger":"root","filename":"scrapping_dag.py","lineno":200}
{"timestamp":"2026-01-06T09:49:12.579919Z","level":"info","event":"Formatting title: Office Space","logger":"root","filename":"scrapping_dag.py","lineno":200}
{"timestamp":"2026-01-06T09:49:12.579998Z","level":"info","event":"Formatting title: Okja","logger":"root","filename":"scrapping_dag.py","lineno":200}
{"timestamp":"2026-01-06T09:49:12.580072Z","level":"info","event":"Formatting title: The Old Man And The Gun","logger":"root","filename":"scrapping_dag.py","lineno":200}
{"timestamp":"2026-01-06T09:49:12.580140Z","level":"info","event":"Formatting title: Olympus Has Fallen","logger":"root","filename":"scrapping_dag.py","lineno":200}
{"timestamp":"2026-01-06T09:49:12.580263Z","level":"info","event":"Formatting title: The Omen","logger":"root","filename":"scrapping_dag.py","lineno":200}
{"timestamp":"2026-01-06T09:49:12.580331Z","level":"info","event":"Formatting title: On The Basis Of Sex","logger":"root","filename":"scrapping_dag.py","lineno":200}
{"timestamp":"2026-01-06T09:49:12.580403Z","level":"info","event":"Formatting title: Once Upon A Time In America","logger":"root","filename":"scrapping_dag.py","lineno":200}
{"timestamp":"2026-01-06T09:49:12.580462Z","level":"info","event":"Formatting title: Once Upon A Time In Mexico","logger":"root","filename":"scrapping_dag.py","lineno":200}
{"timestamp":"2026-01-06T09:49:12.580522Z","level":"info","event":"Formatting title: One Eight Seven","logger":"root","filename":"scrapping_dag.py","lineno":200}
{"timestamp":"2026-01-06T09:49:12.580580Z","level":"info","event":"Formatting title: One Flew Over The Cuckoos Nest","logger":"root","filename":"scrapping_dag.py","lineno":200}
{"timestamp":"2026-01-06T09:49:12.580637Z","level":"info","event":"Formatting title: One Night In Miami","logger":"root","filename":"scrapping_dag.py","lineno":200}
{"timestamp":"2026-01-06T09:49:12.580692Z","level":"info","event":"Formatting title: Only Lovers Left Alive","logger":"root","filename":"scrapping_dag.py","lineno":200}
{"timestamp":"2026-01-06T09:49:12.580728Z","level":"info","event":"Formatting title: Only The Brave","logger":"root","filename":"scrapping_dag.py","lineno":200}
{"timestamp":"2026-01-06T09:49:12.580754Z","level":"info","event":"Formatting title: Oppenheimer","logger":"root","filename":"scrapping_dag.py","lineno":200}
{"timestamp":"2026-01-06T09:49:12.580787Z","level":"info","event":"Formatting title: Ordinary People","logger":"root","filename":"scrapping_dag.py","lineno":200}
{"timestamp":"2026-01-06T09:49:12.580816Z","level":"info","event":"Formatting title: Origin","logger":"root","filename":"scrapping_dag.py","lineno":200}
{"timestamp":"2026-01-06T09:49:12.580841Z","level":"info","event":"Formatting title: Orphan","logger":"root","filename":"scrapping_dag.py","lineno":200}
{"timestamp":"2026-01-06T09:49:12.580866Z","level":"info","event":"Formatting title: The Other Guys","logger":"root","filename":"scrapping_dag.py","lineno":200}
{"timestamp":"2026-01-06T09:49:12.580892Z","level":"info","event":"Formatting title: The Other Side Of The Wind","logger":"root","filename":"scrapping_dag.py","lineno":200}
{"timestamp":"2026-01-06T09:49:12.580918Z","level":"info","event":"Formatting title: The Others","logger":"root","filename":"scrapping_dag.py","lineno":200}
{"timestamp":"2026-01-06T09:49:12.580944Z","level":"info","event":"Formatting title: Ouija","logger":"root","filename":"scrapping_dag.py","lineno":200}
{"timestamp":"2026-01-06T09:49:12.580975Z","level":"info","event":"Formatting title: Out Of Africa","logger":"root","filename":"scrapping_dag.py","lineno":200}
{"timestamp":"2026-01-06T09:49:12.581003Z","level":"info","event":"Formatting title: Outlaw King","logger":"root","filename":"scrapping_dag.py","lineno":200}
{"timestamp":"2026-01-06T09:49:12.581036Z","level":"info","event":"Formatting title: The Outrun","logger":"root","filename":"scrapping_dag.py","lineno":200}
{"timestamp":"2026-01-06T09:49:12.581068Z","level":"info","event":"Formatting title: The Outsiders","logger":"root","filename":"scrapping_dag.py","lineno":200}
{"timestamp":"2026-01-06T09:49:12.581094Z","level":"info","event":"Formatting title: Over The Moon","logger":"root","filename":"scrapping_dag.py","lineno":200}
{"timestamp":"2026-01-06T09:49:12.581118Z","level":"info","event":"Formatting title: Overboard","logger":"root","filename":"scrapping_dag.py","lineno":200}
{"timestamp":"2026-01-06T09:49:12.581151Z","level":"info","event":"Formatting title: Overboard","logger":"root","filename":"scrapping_dag.py","lineno":200}
{"timestamp":"2026-01-06T09:49:12.581175Z","level":"info","event":"Formatting title: Overlord","logger":"root","filename":"scrapping_dag.py","lineno":200}
{"timestamp":"2026-01-06T09:49:12.581199Z","level":"info","event":"Formatting title: Pacific Rim","logger":"root","filename":"scrapping_dag.py","lineno":200}
{"timestamp":"2026-01-06T09:49:12.581224Z","level":"info","event":"Formatting title: Paddington 2","logger":"root","filename":"scrapping_dag.py","lineno":200}
{"timestamp":"2026-01-06T09:49:12.581256Z","level":"info","event":"Formatting title: Pain And Glory","logger":"root","filename":"scrapping_dag.py","lineno":200}
{"timestamp":"2026-01-06T09:49:12.581284Z","level":"info","event":"Formatting title: Palm Springs","logger":"root","filename":"scrapping_dag.py","lineno":200}
{"timestamp":"2026-01-06T09:49:12.581310Z","level":"info","event":"Formatting title: Panic Room","logger":"root","filename":"scrapping_dag.py","lineno":200}
{"timestamp":"2026-01-06T09:49:12.581334Z","level":"info","event":"Formatting title: Pans Labyrinth","logger":"root","filename":"scrapping_dag.py","lineno":200}
{"timestamp":"2026-01-06T09:49:12.581357Z","level":"info","event":"Formatting title: Paper Moon","logger":"root","filename":"scrapping_dag.py","lineno":200}
{"timestamp":"2026-01-06T09:49:12.581382Z","level":"info","event":"Formatting title: Papillon","logger":"root","filename":"scrapping_dag.py","lineno":200}
{"timestamp":"2026-01-06T09:49:12.581407Z","level":"info","event":"Formatting title: Paradise","logger":"root","filename":"scrapping_dag.py","lineno":200}
{"timestamp":"2026-01-06T09:49:12.581432Z","level":"info","event":"Formatting title: Parallel Mothers","logger":"root","filename":"scrapping_dag.py","lineno":200}
{"timestamp":"2026-01-06T09:49:12.581459Z","level":"info","event":"Formatting title: Paranorman","logger":"root","filename":"scrapping_dag.py","lineno":200}
{"timestamp":"2026-01-06T09:49:12.581484Z","level":"info","event":"Formatting title: Parasite","logger":"root","filename":"scrapping_dag.py","lineno":200}
{"timestamp":"2026-01-06T09:49:12.581510Z","level":"info","event":"Formatting title: Pariah","logger":"root","filename":"scrapping_dag.py","lineno":200}
{"timestamp":"2026-01-06T09:49:12.581534Z","level":"info","event":"Formatting title: Passengers","logger":"root","filename":"scrapping_dag.py","lineno":200}
{"timestamp":"2026-01-06T09:49:12.581564Z","level":"info","event":"Formatting title: Passing","logger":"root","filename":"scrapping_dag.py","lineno":200}
{"timestamp":"2026-01-06T09:49:12.581602Z","level":"info","event":"Formatting title: The Passion Of The Christ","logger":"root","filename":"scrapping_dag.py","lineno":200}
{"timestamp":"2026-01-06T09:49:12.581638Z","level":"info","event":"Formatting title: Past Lives","logger":"root","filename":"scrapping_dag.py","lineno":200}
{"timestamp":"2026-01-06T09:49:12.581670Z","level":"info","event":"Formatting title: Pawn Sacrifice","logger":"root","filename":"scrapping_dag.py","lineno":200}
{"timestamp":"2026-01-06T09:49:12.581707Z","level":"info","event":"Formatting title: The Peanut Butter Falcon","logger":"root","filename":"scrapping_dag.py","lineno":200}
{"timestamp":"2026-01-06T09:49:12.581739Z","level":"info","event":"Formatting title: Peggy Sue Got Married","logger":"root","filename":"scrapping_dag.py","lineno":200}
{"timestamp":"2026-01-06T09:49:12.581771Z","level":"info","event":"Formatting title: The Pelican Brief","logger":"root","filename":"scrapping_dag.py","lineno":200}
{"timestamp":"2026-01-06T09:49:12.581802Z","level":"info","event":"Formatting title: The Perfect Storm","logger":"root","filename":"scrapping_dag.py","lineno":200}
{"timestamp":"2026-01-06T09:49:12.581840Z","level":"info","event":"Formatting title: The Perks Of Being A Wallflower","logger":"root","filename":"scrapping_dag.py","lineno":200}
{"timestamp":"2026-01-06T09:49:12.581879Z","level":"info","event":"Formatting title: The Persian Version","logger":"root","filename":"scrapping_dag.py","lineno":200}
{"timestamp":"2026-01-06T09:49:12.581911Z","level":"info","event":"Formatting title: Personal Best","logger":"root","filename":"scrapping_dag.py","lineno":200}
{"timestamp":"2026-01-06T09:49:12.581945Z","level":"info","event":"Formatting title: Pet Sematary","logger":"root","filename":"scrapping_dag.py","lineno":200}
{"timestamp":"2026-01-06T09:49:12.581985Z","level":"info","event":"Formatting title: The Phantom","logger":"root","filename":"scrapping_dag.py","lineno":200}
{"timestamp":"2026-01-06T09:49:12.582019Z","level":"info","event":"Formatting title: Phantom Of The Opera","logger":"root","filename":"scrapping_dag.py","lineno":200}
{"timestamp":"2026-01-06T09:49:12.582051Z","level":"info","event":"Formatting title: Phantom Thread","logger":"root","filename":"scrapping_dag.py","lineno":200}
{"timestamp":"2026-01-06T09:49:12.582101Z","level":"info","event":"Formatting title: Philadelphia","logger":"root","filename":"scrapping_dag.py","lineno":200}
{"timestamp":"2026-01-06T09:49:12.582154Z","level":"info","event":"Formatting title: Picnic At Hanging Rock","logger":"root","filename":"scrapping_dag.py","lineno":200}
{"timestamp":"2026-01-06T09:49:12.582245Z","level":"info","event":"Formatting title: Pineapple Express","logger":"root","filename":"scrapping_dag.py","lineno":200}
{"timestamp":"2026-01-06T09:49:12.582309Z","level":"info","event":"Formatting title: Pirates Of The Caribbean At Worlds End","logger":"root","filename":"scrapping_dag.py","lineno":200}
{"timestamp":"2026-01-06T09:49:12.582365Z","level":"info","event":"Formatting title: Pirates Of The Caribbean Dead Mans Chest","logger":"root","filename":"scrapping_dag.py","lineno":200}
{"timestamp":"2026-01-06T09:49:12.582421Z","level":"info","event":"Formatting title: Pirates Of The Caribbean Dead Men Tell No Tales","logger":"root","filename":"scrapping_dag.py","lineno":200}
{"timestamp":"2026-01-06T09:49:12.582494Z","level":"info","event":"Formatting title: Pirates Of The Caribbean On Stranger Tides","logger":"root","filename":"scrapping_dag.py","lineno":200}
{"timestamp":"2026-01-06T09:49:12.582584Z","level":"info","event":"Formatting title: Pirates Of The Caribbean The Curse Of The Black Pearl","logger":"root","filename":"scrapping_dag.py","lineno":200}
{"timestamp":"2026-01-06T09:49:12.582662Z","level":"info","event":"Formatting title: Pitch Perfect 2","logger":"root","filename":"scrapping_dag.py","lineno":200}
{"timestamp":"2026-01-06T09:49:12.582736Z","level":"info","event":"Formatting title: Pitch Perfect","logger":"root","filename":"scrapping_dag.py","lineno":200}
{"timestamp":"2026-01-06T09:49:12.582806Z","level":"info","event":"Formatting title: Pixels","logger":"root","filename":"scrapping_dag.py","lineno":200}
{"timestamp":"2026-01-06T09:49:12.582878Z","level":"info","event":"Formatting title: The Place Beyond The Pines","logger":"root","filename":"scrapping_dag.py","lineno":200}
{"timestamp":"2026-01-06T09:49:12.583021Z","level":"info","event":"Formatting title: Planes Trains & Automobiles","logger":"root","filename":"scrapping_dag.py","lineno":200}
{"timestamp":"2026-01-06T09:49:12.583120Z","level":"info","event":"Formatting title: Planet Of The Apes","logger":"root","filename":"scrapping_dag.py","lineno":200}
{"timestamp":"2026-01-06T09:49:12.583202Z","level":"info","event":"Formatting title: The Player","logger":"root","filename":"scrapping_dag.py","lineno":200}
{"timestamp":"2026-01-06T09:49:12.583278Z","level":"info","event":"Formatting title: Please Give","logger":"root","filename":"scrapping_dag.py","lineno":200}
{"timestamp":"2026-01-06T09:49:12.583339Z","level":"info","event":"Formatting title: Poetic Justice","logger":"root","filename":"scrapping_dag.py","lineno":200}
{"timestamp":"2026-01-06T09:49:12.583365Z","level":"info","event":"Formatting title: Police Academy","logger":"root","filename":"scrapping_dag.py","lineno":200}
{"timestamp":"2026-01-06T09:49:12.583392Z","level":"info","event":"Formatting title: Police Academy 2 Their First Assignment","logger":"root","filename":"scrapping_dag.py","lineno":200}
{"timestamp":"2026-01-06T09:49:12.583418Z","level":"info","event":"Formatting title: Police Academy 3 Back In Training","logger":"root","filename":"scrapping_dag.py","lineno":200}
{"timestamp":"2026-01-06T09:49:12.583446Z","level":"info","event":"Formatting title: Poltergeist","logger":"root","filename":"scrapping_dag.py","lineno":200}
{"timestamp":"2026-01-06T09:49:12.583477Z","level":"info","event":"Formatting title: Poor Things","logger":"root","filename":"scrapping_dag.py","lineno":200}
{"timestamp":"2026-01-06T09:49:12.583507Z","level":"info","event":"Formatting title: Popstar Never Stop Never Stopping","logger":"root","filename":"scrapping_dag.py","lineno":200}
{"timestamp":"2026-01-06T09:49:12.583536Z","level":"info","event":"Formatting title: Porkys","logger":"root","filename":"scrapping_dag.py","lineno":200}
{"timestamp":"2026-01-06T09:49:12.583565Z","level":"info","event":"Formatting title: Porkys Revenge","logger":"root","filename":"scrapping_dag.py","lineno":200}
{"timestamp":"2026-01-06T09:49:12.583600Z","level":"info","event":"Formatting title: The Poseidon Adventure","logger":"root","filename":"scrapping_dag.py","lineno":200}
{"timestamp":"2026-01-06T09:49:12.583638Z","level":"info","event":"Formatting title: The Post","logger":"root","filename":"scrapping_dag.py","lineno":200}
{"timestamp":"2026-01-06T09:49:12.583674Z","level":"info","event":"Formatting title: Postcards From The Edge","logger":"root","filename":"scrapping_dag.py","lineno":200}
{"timestamp":"2026-01-06T09:49:12.583706Z","level":"info","event":"Formatting title: The Power Of The Dog","logger":"root","filename":"scrapping_dag.py","lineno":200}
{"timestamp":"2026-01-06T09:49:12.583737Z","level":"info","event":"Formatting title: Precious","logger":"root","filename":"scrapping_dag.py","lineno":200}
{"timestamp":"2026-01-06T09:49:12.583766Z","level":"info","event":"Formatting title: Predator","logger":"root","filename":"scrapping_dag.py","lineno":200}
{"timestamp":"2026-01-06T09:49:12.583797Z","level":"info","event":"Formatting title: Predator 2","logger":"root","filename":"scrapping_dag.py","lineno":200}
{"timestamp":"2026-01-06T09:49:12.583827Z","level":"info","event":"Formatting title: The Predator","logger":"root","filename":"scrapping_dag.py","lineno":200}
{"timestamp":"2026-01-06T09:49:12.583857Z","level":"info","event":"Formatting title: Predators","logger":"root","filename":"scrapping_dag.py","lineno":200}
{"timestamp":"2026-01-06T09:49:12.583888Z","level":"info","event":"Formatting title: The Prestige","logger":"root","filename":"scrapping_dag.py","lineno":200}
{"timestamp":"2026-01-06T09:49:12.583919Z","level":"info","event":"Formatting title: Pretty Woman","logger":"root","filename":"scrapping_dag.py","lineno":200}
{"timestamp":"2026-01-06T09:49:12.583959Z","level":"info","event":"Formatting title: Prey","logger":"root","filename":"scrapping_dag.py","lineno":200}
{"timestamp":"2026-01-06T09:49:12.584002Z","level":"info","event":"Formatting title: Primary Colors","logger":"root","filename":"scrapping_dag.py","lineno":200}
{"timestamp":"2026-01-06T09:49:12.584034Z","level":"info","event":"Formatting title: Prince Of Darkness","logger":"root","filename":"scrapping_dag.py","lineno":200}
{"timestamp":"2026-01-06T09:49:12.584069Z","level":"info","event":"Formatting title: The Princess Bride","logger":"root","filename":"scrapping_dag.py","lineno":200}
{"timestamp":"2026-01-06T09:49:12.584099Z","level":"info","event":"Formatting title: Priscilla","logger":"root","filename":"scrapping_dag.py","lineno":200}
{"timestamp":"2026-01-06T09:49:12.584129Z","level":"info","event":"Formatting title: Prisoners","logger":"root","filename":"scrapping_dag.py","lineno":200}
{"timestamp":"2026-01-06T09:49:12.584164Z","level":"info","event":"Formatting title: Private Life","logger":"root","filename":"scrapping_dag.py","lineno":200}
{"timestamp":"2026-01-06T09:49:12.584244Z","level":"info","event":"Formatting title: Prometheus","logger":"root","filename":"scrapping_dag.py","lineno":200}
{"timestamp":"2026-01-06T09:49:12.584284Z","level":"info","event":"Formatting title: Promising Young Woman","logger":"root","filename":"scrapping_dag.py","lineno":200}
{"timestamp":"2026-01-06T09:49:12.701904Z","level":"info","event":"Formatting title: Proof Of Life","logger":"root","filename":"scrapping_dag.py","lineno":200}
{"timestamp":"2026-01-06T09:49:12.702024Z","level":"info","event":"Formatting title: Prophetess","logger":"root","filename":"scrapping_dag.py","lineno":200}
{"timestamp":"2026-01-06T09:49:12.702067Z","level":"info","event":"Formatting title: The Proposal","logger":"root","filename":"scrapping_dag.py","lineno":200}
{"timestamp":"2026-01-06T09:49:12.702168Z","level":"info","event":"Formatting title: Psycho","logger":"root","filename":"scrapping_dag.py","lineno":200}
{"timestamp":"2026-01-06T09:49:12.702222Z","level":"info","event":"Formatting title: Pulp Fiction","logger":"root","filename":"scrapping_dag.py","lineno":200}
{"timestamp":"2026-01-06T09:49:12.702258Z","level":"info","event":"Formatting title: Punch Drunk Love","logger":"root","filename":"scrapping_dag.py","lineno":200}
{"timestamp":"2026-01-06T09:49:12.702288Z","level":"info","event":"Formatting title: The Purge","logger":"root","filename":"scrapping_dag.py","lineno":200}
{"timestamp":"2026-01-06T09:49:12.702316Z","level":"info","event":"Formatting title: Purple Rain","logger":"root","filename":"scrapping_dag.py","lineno":200}
{"timestamp":"2026-01-06T09:49:12.702345Z","level":"info","event":"Formatting title: The Pursuit Of Happyness","logger":"root","filename":"scrapping_dag.py","lineno":200}
{"timestamp":"2026-01-06T09:49:12.702378Z","level":"info","event":"Formatting title: Puzzle","logger":"root","filename":"scrapping_dag.py","lineno":200}
{"timestamp":"2026-01-06T09:49:12.702406Z","level":"info","event":"Formatting title: Queen & Slim","logger":"root","filename":"scrapping_dag.py","lineno":200}
{"timestamp":"2026-01-06T09:49:12.702435Z","level":"info","event":"Formatting title: A Quiet Place","logger":"root","filename":"scrapping_dag.py","lineno":200}
{"timestamp":"2026-01-06T09:49:12.702461Z","level":"info","event":"Formatting title: Quiz Show","logger":"root","filename":"scrapping_dag.py","lineno":200}
{"timestamp":"2026-01-06T09:49:12.702487Z","level":"info","event":"Formatting title: Raging Bull","logger":"root","filename":"scrapping_dag.py","lineno":200}
{"timestamp":"2026-01-06T09:49:12.702515Z","level":"info","event":"Formatting title: Raiders Of The Lost Ark","logger":"root","filename":"scrapping_dag.py","lineno":200}
{"timestamp":"2026-01-06T09:49:12.702542Z","level":"info","event":"Formatting title: Raising Arizona","logger":"root","filename":"scrapping_dag.py","lineno":200}
{"timestamp":"2026-01-06T09:49:12.702573Z","level":"info","event":"Formatting title: Rambo First Blood Part 2","logger":"root","filename":"scrapping_dag.py","lineno":200}
{"timestamp":"2026-01-06T09:49:12.702604Z","level":"info","event":"Formatting title: Rambo 3","logger":"root","filename":"scrapping_dag.py","lineno":200}
{"timestamp":"2026-01-06T09:49:12.702631Z","level":"info","event":"Formatting title: Rango","logger":"root","filename":"scrapping_dag.py","lineno":200}
{"timestamp":"2026-01-06T09:49:12.702657Z","level":"info","event":"Formatting title: Ratatouille","logger":"root","filename":"scrapping_dag.py","lineno":200}
{"timestamp":"2026-01-06T09:49:12.702686Z","level":"info","event":"Formatting title: Raya And The Last Dragon","logger":"root","filename":"scrapping_dag.py","lineno":200}
{"timestamp":"2026-01-06T09:49:12.702713Z","level":"info","event":"Formatting title: Ready Player One","logger":"root","filename":"scrapping_dag.py","lineno":200}
{"timestamp":"2026-01-06T09:49:12.702742Z","level":"info","event":"Formatting title: A Real Pain","logger":"root","filename":"scrapping_dag.py","lineno":200}
{"timestamp":"2026-01-06T09:49:12.702770Z","level":"info","event":"Formatting title: Reality Bites","logger":"root","filename":"scrapping_dag.py","lineno":200}
{"timestamp":"2026-01-06T09:49:12.702802Z","level":"info","event":"Formatting title: Rear Window","logger":"root","filename":"scrapping_dag.py","lineno":200}
{"timestamp":"2026-01-06T09:49:12.702830Z","level":"info","event":"Formatting title: Red Dawn","logger":"root","filename":"scrapping_dag.py","lineno":200}
{"timestamp":"2026-01-06T09:49:12.702864Z","level":"info","event":"Formatting title: Red Dragon","logger":"root","filename":"scrapping_dag.py","lineno":200}
{"timestamp":"2026-01-06T09:49:12.702917Z","level":"info","event":"Formatting title: Red Eye","logger":"root","filename":"scrapping_dag.py","lineno":200}
{"timestamp":"2026-01-06T09:49:12.702964Z","level":"info","event":"Formatting title: Red Heat","logger":"root","filename":"scrapping_dag.py","lineno":200}
{"timestamp":"2026-01-06T09:49:12.702998Z","level":"info","event":"Formatting title: Red One","logger":"root","filename":"scrapping_dag.py","lineno":200}
{"timestamp":"2026-01-06T09:49:12.703039Z","level":"info","event":"Formatting title: Red Rocket","logger":"root","filename":"scrapping_dag.py","lineno":200}
{"timestamp":"2026-01-06T09:49:12.703074Z","level":"info","event":"Formatting title: Red Sparrow","logger":"root","filename":"scrapping_dag.py","lineno":200}
{"timestamp":"2026-01-06T09:49:12.703103Z","level":"info","event":"Formatting title: The Red Turtle","logger":"root","filename":"scrapping_dag.py","lineno":200}
{"timestamp":"2026-01-06T09:49:12.703137Z","level":"info","event":"Formatting title: Reds","logger":"root","filename":"scrapping_dag.py","lineno":200}
{"timestamp":"2026-01-06T09:49:12.703168Z","level":"info","event":"Formatting title: Reign Of Fire","logger":"root","filename":"scrapping_dag.py","lineno":200}
{"timestamp":"2026-01-06T09:49:12.703206Z","level":"info","event":"Formatting title: Rent","logger":"root","filename":"scrapping_dag.py","lineno":200}
{"timestamp":"2026-01-06T09:49:12.703242Z","level":"info","event":"Formatting title: Requiem For A Dream","logger":"root","filename":"scrapping_dag.py","lineno":200}
{"timestamp":"2026-01-06T09:49:12.703290Z","level":"info","event":"Formatting title: Reservoir Dogs","logger":"root","filename":"scrapping_dag.py","lineno":200}
{"timestamp":"2026-01-06T09:49:12.703348Z","level":"info","event":"Formatting title: Respect","logger":"root","filename":"scrapping_dag.py","lineno":200}
{"timestamp":"2026-01-06T09:49:12.703407Z","level":"info","event":"Formatting title: Return Of The Living Dead","logger":"root","filename":"scrapping_dag.py","lineno":200}
{"timestamp":"2026-01-06T09:49:12.703454Z","level":"info","event":"Formatting title: The Revenant","logger":"root","filename":"scrapping_dag.py","lineno":200}
{"timestamp":"2026-01-06T09:49:12.703500Z","level":"info","event":"Formatting title: Revenge Of The Nerds","logger":"root","filename":"scrapping_dag.py","lineno":200}
{"timestamp":"2026-01-06T09:49:12.703573Z","level":"info","event":"Formatting title: Revolutionary Road","logger":"root","filename":"scrapping_dag.py","lineno":200}
{"timestamp":"2026-01-06T09:49:12.703656Z","level":"info","event":"Formatting title: Richard Jewell","logger":"root","filename":"scrapping_dag.py","lineno":200}
{"timestamp":"2026-01-06T09:49:12.703720Z","level":"info","event":"Formatting title: Ricky Stanicky","logger":"root","filename":"scrapping_dag.py","lineno":200}
{"timestamp":"2026-01-06T09:49:12.703783Z","level":"info","event":"Formatting title: The Rider","logger":"root","filename":"scrapping_dag.py","lineno":200}
{"timestamp":"2026-01-06T09:49:12.703847Z","level":"info","event":"Formatting title: The Ring","logger":"root","filename":"scrapping_dag.py","lineno":200}
{"timestamp":"2026-01-06T09:49:12.703913Z","level":"info","event":"Formatting title: Rise Of The Planet Of The Apes","logger":"root","filename":"scrapping_dag.py","lineno":200}
{"timestamp":"2026-01-06T09:49:12.703986Z","level":"info","event":"Formatting title: Road House","logger":"root","filename":"scrapping_dag.py","lineno":200}
{"timestamp":"2026-01-06T09:49:12.704049Z","level":"info","event":"Formatting title: Road To Perdition","logger":"root","filename":"scrapping_dag.py","lineno":200}
{"timestamp":"2026-01-06T09:49:12.704107Z","level":"info","event":"Formatting title: The Road Warrior","logger":"root","filename":"scrapping_dag.py","lineno":200}
{"timestamp":"2026-01-06T09:49:12.704170Z","level":"info","event":"Formatting title: Robocop","logger":"root","filename":"scrapping_dag.py","lineno":200}
{"timestamp":"2026-01-06T09:49:12.704227Z","level":"info","event":"Formatting title: The Rock","logger":"root","filename":"scrapping_dag.py","lineno":200}
{"timestamp":"2026-01-06T09:49:12.704277Z","level":"info","event":"Formatting title: The Rocketeer","logger":"root","filename":"scrapping_dag.py","lineno":200}
{"timestamp":"2026-01-06T09:49:12.704327Z","level":"info","event":"Formatting title: Rocketman","logger":"root","filename":"scrapping_dag.py","lineno":200}
{"timestamp":"2026-01-06T09:49:12.704370Z","level":"info","event":"Formatting title: Rocky","logger":"root","filename":"scrapping_dag.py","lineno":200}
{"timestamp":"2026-01-06T09:49:12.704415Z","level":"info","event":"Formatting title: Rocky Balboa","logger":"root","filename":"scrapping_dag.py","lineno":200}
{"timestamp":"2026-01-06T09:49:12.704464Z","level":"info","event":"Formatting title: The Rocky Horror Picture Show","logger":"root","filename":"scrapping_dag.py","lineno":200}
{"timestamp":"2026-01-06T09:49:12.704509Z","level":"info","event":"Formatting title: Rocky 2","logger":"root","filename":"scrapping_dag.py","lineno":200}
{"timestamp":"2026-01-06T09:49:12.704552Z","level":"info","event":"Formatting title: Rocky 3","logger":"root","filename":"scrapping_dag.py","lineno":200}
{"timestamp":"2026-01-06T09:49:12.704598Z","level":"info","event":"Formatting title: Rocky 4","logger":"root","filename":"scrapping_dag.py","lineno":200}
{"timestamp":"2026-01-06T09:49:12.704644Z","level":"info","event":"Formatting title: Rocky V","logger":"root","filename":"scrapping_dag.py","lineno":200}
{"timestamp":"2026-01-06T09:49:12.704689Z","level":"info","event":"Formatting title: Roma","logger":"root","filename":"scrapping_dag.py","lineno":200}
{"timestamp":"2026-01-06T09:49:12.704740Z","level":"info","event":"Formatting title: Roman J Israel Esq","logger":"root","filename":"scrapping_dag.py","lineno":200}
{"timestamp":"2026-01-06T09:49:12.704785Z","level":"info","event":"Formatting title: Romancing The Stone","logger":"root","filename":"scrapping_dag.py","lineno":200}
{"timestamp":"2026-01-06T09:49:12.704832Z","level":"info","event":"Formatting title: Romeo Must Die","logger":"root","filename":"scrapping_dag.py","lineno":200}
{"timestamp":"2026-01-06T09:49:12.704878Z","level":"info","event":"Formatting title: Ronin","logger":"root","filename":"scrapping_dag.py","lineno":200}
{"timestamp":"2026-01-06T09:49:12.704957Z","level":"info","event":"Formatting title: The Rookie","logger":"root","filename":"scrapping_dag.py","lineno":200}
{"timestamp":"2026-01-06T09:49:12.705031Z","level":"info","event":"Formatting title: Room","logger":"root","filename":"scrapping_dag.py","lineno":200}
{"timestamp":"2026-01-06T09:49:12.705091Z","level":"info","event":"Formatting title: The Room Next Door","logger":"root","filename":"scrapping_dag.py","lineno":200}
{"timestamp":"2026-01-06T09:49:12.705146Z","level":"info","event":"Formatting title: Rosemarys Baby","logger":"root","filename":"scrapping_dag.py","lineno":200}
{"timestamp":"2026-01-06T09:49:12.705195Z","level":"info","event":"Formatting title: Rounders","logger":"root","filename":"scrapping_dag.py","lineno":200}
{"timestamp":"2026-01-06T09:49:12.705241Z","level":"info","event":"Formatting title: The Rover","logger":"root","filename":"scrapping_dag.py","lineno":200}
{"timestamp":"2026-01-06T09:49:12.705285Z","level":"info","event":"Formatting title: The Royal Tenenbaums","logger":"root","filename":"scrapping_dag.py","lineno":200}
{"timestamp":"2026-01-06T09:49:12.705329Z","level":"info","event":"Formatting title: Ruby Sparks","logger":"root","filename":"scrapping_dag.py","lineno":200}
{"timestamp":"2026-01-06T09:49:12.705374Z","level":"info","event":"Formatting title: The Rum Diary","logger":"root","filename":"scrapping_dag.py","lineno":200}
{"timestamp":"2026-01-06T09:49:12.705423Z","level":"info","event":"Formatting title: Run","logger":"root","filename":"scrapping_dag.py","lineno":200}
{"timestamp":"2026-01-06T09:49:12.705475Z","level":"info","event":"Formatting title: Runaway Bride","logger":"root","filename":"scrapping_dag.py","lineno":200}
{"timestamp":"2026-01-06T09:49:12.705533Z","level":"info","event":"Formatting title: Running Scared","logger":"root","filename":"scrapping_dag.py","lineno":200}
{"timestamp":"2026-01-06T09:49:12.705636Z","level":"info","event":"Formatting title: Rush","logger":"root","filename":"scrapping_dag.py","lineno":200}
{"timestamp":"2026-01-06T09:49:12.705706Z","level":"info","event":"Formatting title: Rush Hour","logger":"root","filename":"scrapping_dag.py","lineno":200}
{"timestamp":"2026-01-06T09:49:12.705757Z","level":"info","event":"Formatting title: Rushmore","logger":"root","filename":"scrapping_dag.py","lineno":200}
{"timestamp":"2026-01-06T09:49:12.705801Z","level":"info","event":"Formatting title: Rust And Bone","logger":"root","filename":"scrapping_dag.py","lineno":200}
{"timestamp":"2026-01-06T09:49:12.705847Z","level":"info","event":"Formatting title: Rustin","logger":"root","filename":"scrapping_dag.py","lineno":200}
{"timestamp":"2026-01-06T09:49:12.705891Z","level":"info","event":"Formatting title: Safety Not Guaranteed","logger":"root","filename":"scrapping_dag.py","lineno":200}
{"timestamp":"2026-01-06T09:49:12.705936Z","level":"info","event":"Formatting title: Saint Frances","logger":"root","filename":"scrapping_dag.py","lineno":200}
{"timestamp":"2026-01-06T09:49:12.705982Z","level":"info","event":"Formatting title: Saltburn","logger":"root","filename":"scrapping_dag.py","lineno":200}
{"timestamp":"2026-01-06T09:49:12.706028Z","level":"info","event":"Formatting title: The Sandlot","logger":"root","filename":"scrapping_dag.py","lineno":200}
{"timestamp":"2026-01-06T09:49:12.706074Z","level":"info","event":"Formatting title: The Santa Clause","logger":"root","filename":"scrapping_dag.py","lineno":200}
{"timestamp":"2026-01-06T09:49:12.706152Z","level":"info","event":"Formatting title: Saturday Night","logger":"root","filename":"scrapping_dag.py","lineno":200}
{"timestamp":"2026-01-06T09:49:12.706204Z","level":"info","event":"Formatting title: Sausage Party","logger":"root","filename":"scrapping_dag.py","lineno":200}
{"timestamp":"2026-01-06T09:49:12.706249Z","level":"info","event":"Formatting title: The Savages","logger":"root","filename":"scrapping_dag.py","lineno":200}
{"timestamp":"2026-01-06T09:49:12.706291Z","level":"info","event":"Formatting title: Saving Mr Banks","logger":"root","filename":"scrapping_dag.py","lineno":200}
{"timestamp":"2026-01-06T09:49:12.706350Z","level":"info","event":"Formatting title: Saving Private Ryan","logger":"root","filename":"scrapping_dag.py","lineno":200}
{"timestamp":"2026-01-06T09:49:12.706397Z","level":"info","event":"Formatting title: Saw","logger":"root","filename":"scrapping_dag.py","lineno":200}
{"timestamp":"2026-01-06T09:49:12.706441Z","level":"info","event":"Formatting title: Scanners","logger":"root","filename":"scrapping_dag.py","lineno":200}
{"timestamp":"2026-01-06T09:49:12.706484Z","level":"info","event":"Formatting title: Scarface","logger":"root","filename":"scrapping_dag.py","lineno":200}
{"timestamp":"2026-01-06T09:49:12.706526Z","level":"info","event":"Formatting title: Scary Movie 2","logger":"root","filename":"scrapping_dag.py","lineno":200}
{"timestamp":"2026-01-06T09:49:12.706571Z","level":"info","event":"Formatting title: Scary Movie","logger":"root","filename":"scrapping_dag.py","lineno":200}
{"timestamp":"2026-01-06T09:49:12.706618Z","level":"info","event":"Formatting title: Scary Stories To Tell In The Dark","logger":"root","filename":"scrapping_dag.py","lineno":200}
{"timestamp":"2026-01-06T09:49:12.706668Z","level":"info","event":"Formatting title: Schindlers List","logger":"root","filename":"scrapping_dag.py","lineno":200}
{"timestamp":"2026-01-06T09:49:12.706710Z","level":"info","event":"Formatting title: Scott Pilgrim Vs The World","logger":"root","filename":"scrapping_dag.py","lineno":200}
{"timestamp":"2026-01-06T09:49:12.706755Z","level":"info","event":"Formatting title: Scream","logger":"root","filename":"scrapping_dag.py","lineno":200}
{"timestamp":"2026-01-06T09:49:12.706805Z","level":"info","event":"Formatting title: Scream","logger":"root","filename":"scrapping_dag.py","lineno":200}
{"timestamp":"2026-01-06T09:49:12.706848Z","level":"info","event":"Formatting title: Scream 2","logger":"root","filename":"scrapping_dag.py","lineno":200}
{"timestamp":"2026-01-06T09:49:12.706890Z","level":"info","event":"Formatting title: Scream 6","logger":"root","filename":"scrapping_dag.py","lineno":200}
{"timestamp":"2026-01-06T09:49:12.706935Z","level":"info","event":"Formatting title: Scrooged","logger":"root","filename":"scrapping_dag.py","lineno":200}
{"timestamp":"2026-01-06T09:49:12.706980Z","level":"info","event":"Formatting title: Se7en","logger":"root","filename":"scrapping_dag.py","lineno":200}
{"timestamp":"2026-01-06T09:49:12.707026Z","level":"info","event":"Formatting title: Sea Of Love","logger":"root","filename":"scrapping_dag.py","lineno":200}
{"timestamp":"2026-01-06T09:49:12.707071Z","level":"info","event":"Formatting title: The Searchers","logger":"root","filename":"scrapping_dag.py","lineno":200}
{"timestamp":"2026-01-06T09:49:12.707118Z","level":"info","event":"Formatting title: Searching","logger":"root","filename":"scrapping_dag.py","lineno":200}
{"timestamp":"2026-01-06T09:49:12.707162Z","level":"info","event":"Formatting title: The Secret Life Of Pets","logger":"root","filename":"scrapping_dag.py","lineno":200}
{"timestamp":"2026-01-06T09:49:12.707207Z","level":"info","event":"Formatting title: The Secret Life Of Walter Mitty","logger":"root","filename":"scrapping_dag.py","lineno":200}
{"timestamp":"2026-01-06T09:49:12.707252Z","level":"info","event":"Formatting title: Secret Window","logger":"root","filename":"scrapping_dag.py","lineno":200}
{"timestamp":"2026-01-06T09:49:12.707294Z","level":"info","event":"Formatting title: Selena","logger":"root","filename":"scrapping_dag.py","lineno":200}
{"timestamp":"2026-01-06T09:49:12.707335Z","level":"info","event":"Formatting title: Selma","logger":"root","filename":"scrapping_dag.py","lineno":200}
{"timestamp":"2026-01-06T09:49:12.707377Z","level":"info","event":"Formatting title: A Separation","logger":"root","filename":"scrapping_dag.py","lineno":200}
{"timestamp":"2026-01-06T09:49:12.707418Z","level":"info","event":"Formatting title: September 5","logger":"root","filename":"scrapping_dag.py","lineno":200}
{"timestamp":"2026-01-06T09:49:12.707460Z","level":"info","event":"Formatting title: Serenity","logger":"root","filename":"scrapping_dag.py","lineno":200}
{"timestamp":"2026-01-06T09:49:12.707508Z","level":"info","event":"Formatting title: Serenity","logger":"root","filename":"scrapping_dag.py","lineno":200}
{"timestamp":"2026-01-06T09:49:12.707618Z","level":"info","event":"Formatting title: A Serious Man","logger":"root","filename":"scrapping_dag.py","lineno":200}
{"timestamp":"2026-01-06T09:49:12.707682Z","level":"info","event":"Formatting title: The Sessions","logger":"root","filename":"scrapping_dag.py","lineno":200}
{"timestamp":"2026-01-06T09:49:12.707730Z","level":"info","event":"Formatting title: Severance","logger":"root","filename":"scrapping_dag.py","lineno":200}
{"timestamp":"2026-01-06T09:49:12.707776Z","level":"info","event":"Formatting title: Sex Drive","logger":"root","filename":"scrapping_dag.py","lineno":200}
{"timestamp":"2026-01-06T09:49:12.707823Z","level":"info","event":"Formatting title: Sex Lies And Videotape","logger":"root","filename":"scrapping_dag.py","lineno":200}
{"timestamp":"2026-01-06T09:49:12.707870Z","level":"info","event":"Formatting title: Shakespeare In Love","logger":"root","filename":"scrapping_dag.py","lineno":200}
{"timestamp":"2026-01-06T09:49:12.707915Z","level":"info","event":"Formatting title: Shame","logger":"root","filename":"scrapping_dag.py","lineno":200}
{"timestamp":"2026-01-06T09:49:12.707959Z","level":"info","event":"Formatting title: The Shape Of Water","logger":"root","filename":"scrapping_dag.py","lineno":200}
{"timestamp":"2026-01-06T09:49:12.708003Z","level":"info","event":"Formatting title: Sharkys Machine","logger":"root","filename":"scrapping_dag.py","lineno":200}
{"timestamp":"2026-01-06T09:49:12.708049Z","level":"info","event":"Formatting title: Shaun Of The Dead","logger":"root","filename":"scrapping_dag.py","lineno":200}
{"timestamp":"2026-01-06T09:49:12.708095Z","level":"info","event":"Formatting title: The Shawshank Redemption","logger":"root","filename":"scrapping_dag.py","lineno":200}
{"timestamp":"2026-01-06T09:49:12.708140Z","level":"info","event":"Formatting title: Shayda","logger":"root","filename":"scrapping_dag.py","lineno":200}
{"timestamp":"2026-01-06T09:49:12.708184Z","level":"info","event":"Formatting title: She Said","logger":"root","filename":"scrapping_dag.py","lineno":200}
{"timestamp":"2026-01-06T09:49:12.708228Z","level":"info","event":"Formatting title: Sherlock Holmes","logger":"root","filename":"scrapping_dag.py","lineno":200}
{"timestamp":"2026-01-06T09:49:12.708269Z","level":"info","event":"Formatting title: The Shining","logger":"root","filename":"scrapping_dag.py","lineno":200}
{"timestamp":"2026-01-06T09:49:12.708311Z","level":"info","event":"Formatting title: Short Term 12","logger":"root","filename":"scrapping_dag.py","lineno":200}
{"timestamp":"2026-01-06T09:49:12.708354Z","level":"info","event":"Formatting title: Shortcomings","logger":"root","filename":"scrapping_dag.py","lineno":200}
{"timestamp":"2026-01-06T09:49:12.708397Z","level":"info","event":"Formatting title: Showgirls","logger":"root","filename":"scrapping_dag.py","lineno":200}
{"timestamp":"2026-01-06T09:49:12.708442Z","level":"info","event":"Formatting title: Shrek","logger":"root","filename":"scrapping_dag.py","lineno":200}
{"timestamp":"2026-01-06T09:49:12.708486Z","level":"info","event":"Formatting title: Shrek The Third","logger":"root","filename":"scrapping_dag.py","lineno":200}
{"timestamp":"2026-01-06T09:49:12.708530Z","level":"info","event":"Formatting title: Shutter Island","logger":"root","filename":"scrapping_dag.py","lineno":200}
{"timestamp":"2026-01-06T09:49:12.708573Z","level":"info","event":"Formatting title: Sicario","logger":"root","filename":"scrapping_dag.py","lineno":200}
{"timestamp":"2026-01-06T09:49:12.708615Z","level":"info","event":"Formatting title: Sicario Day Of The Soldado","logger":"root","filename":"scrapping_dag.py","lineno":200}
{"timestamp":"2026-01-06T09:49:12.708658Z","level":"info","event":"Formatting title: Side Effects","logger":"root","filename":"scrapping_dag.py","lineno":200}
{"timestamp":"2026-01-06T09:49:12.708701Z","level":"info","event":"Formatting title: Signs","logger":"root","filename":"scrapping_dag.py","lineno":200}
{"timestamp":"2026-01-06T09:49:12.708743Z","level":"info","event":"Formatting title: Silence","logger":"root","filename":"scrapping_dag.py","lineno":200}
{"timestamp":"2026-01-06T09:49:12.708791Z","level":"info","event":"Formatting title: The Silence Of The Lambs","logger":"root","filename":"scrapping_dag.py","lineno":200}
{"timestamp":"2026-01-06T09:49:12.708836Z","level":"info","event":"Formatting title: Silkwood","logger":"root","filename":"scrapping_dag.py","lineno":200}
{"timestamp":"2026-01-06T09:49:12.708879Z","level":"info","event":"Formatting title: Silverado","logger":"root","filename":"scrapping_dag.py","lineno":200}
{"timestamp":"2026-01-06T09:49:12.708923Z","level":"info","event":"Formatting title: A Simple Favor","logger":"root","filename":"scrapping_dag.py","lineno":200}
{"timestamp":"2026-01-06T09:49:12.708967Z","level":"info","event":"Formatting title: A Simple Plan","logger":"root","filename":"scrapping_dag.py","lineno":200}
{"timestamp":"2026-01-06T09:49:12.709014Z","level":"info","event":"Formatting title: Sing","logger":"root","filename":"scrapping_dag.py","lineno":200}
{"timestamp":"2026-01-06T09:49:12.709060Z","level":"info","event":"Formatting title: Sing Sing","logger":"root","filename":"scrapping_dag.py","lineno":200}
{"timestamp":"2026-01-06T09:49:12.709107Z","level":"info","event":"Formatting title: Sing Street","logger":"root","filename":"scrapping_dag.py","lineno":200}
{"timestamp":"2026-01-06T09:49:12.709154Z","level":"info","event":"Formatting title: Singin In The Rain","logger":"root","filename":"scrapping_dag.py","lineno":200}
{"timestamp":"2026-01-06T09:49:12.709198Z","level":"info","event":"Formatting title: The Sisters Brothers","logger":"root","filename":"scrapping_dag.py","lineno":200}
{"timestamp":"2026-01-06T09:49:12.709241Z","level":"info","event":"Formatting title: Sixteen Candles","logger":"root","filename":"scrapping_dag.py","lineno":200}
{"timestamp":"2026-01-06T09:49:12.709284Z","level":"info","event":"Formatting title: The Sixth Sense","logger":"root","filename":"scrapping_dag.py","lineno":200}
{"timestamp":"2026-01-06T09:49:12.709327Z","level":"info","event":"Formatting title: The Skeleton Key","logger":"root","filename":"scrapping_dag.py","lineno":200}
{"timestamp":"2026-01-06T09:49:12.709370Z","level":"info","event":"Formatting title: Skyfall","logger":"root","filename":"scrapping_dag.py","lineno":200}
{"timestamp":"2026-01-06T09:49:12.709413Z","level":"info","event":"Formatting title: Skyscraper","logger":"root","filename":"scrapping_dag.py","lineno":200}
{"timestamp":"2026-01-06T09:49:12.709459Z","level":"info","event":"Formatting title: Sleepers","logger":"root","filename":"scrapping_dag.py","lineno":200}
{"timestamp":"2026-01-06T09:49:12.709506Z","level":"info","event":"Formatting title: Sleepless In Seattle","logger":"root","filename":"scrapping_dag.py","lineno":200}
{"timestamp":"2026-01-06T09:49:12.709551Z","level":"info","event":"Formatting title: Sleepy Hollow","logger":"root","filename":"scrapping_dag.py","lineno":200}
{"timestamp":"2026-01-06T09:49:12.709627Z","level":"info","event":"Formatting title: Slender Man","logger":"root","filename":"scrapping_dag.py","lineno":200}
{"timestamp":"2026-01-06T09:49:12.709690Z","level":"info","event":"Formatting title: Sliver","logger":"root","filename":"scrapping_dag.py","lineno":200}
{"timestamp":"2026-01-06T09:49:12.709746Z","level":"info","event":"Formatting title: Snake Eyes","logger":"root","filename":"scrapping_dag.py","lineno":200}
{"timestamp":"2026-01-06T09:49:12.709798Z","level":"info","event":"Formatting title: Snatch","logger":"root","filename":"scrapping_dag.py","lineno":200}
{"timestamp":"2026-01-06T09:49:12.709849Z","level":"info","event":"Formatting title: Snow White And The Huntsman","logger":"root","filename":"scrapping_dag.py","lineno":200}
{"timestamp":"2026-01-06T09:49:12.709901Z","level":"info","event":"Formatting title: Snowpiercer","logger":"root","filename":"scrapping_dag.py","lineno":200}
{"timestamp":"2026-01-06T09:49:12.709953Z","level":"info","event":"Formatting title: So I Married An Axe Murderer","logger":"root","filename":"scrapping_dag.py","lineno":200}
{"timestamp":"2026-01-06T09:49:12.710001Z","level":"info","event":"Formatting title: The Social Network","logger":"root","filename":"scrapping_dag.py","lineno":200}
{"timestamp":"2026-01-06T09:49:12.710051Z","level":"info","event":"Formatting title: Solaris","logger":"root","filename":"scrapping_dag.py","lineno":200}
{"timestamp":"2026-01-06T09:49:12.710174Z","level":"info","event":"Formatting title: A Soldiers Story","logger":"root","filename":"scrapping_dag.py","lineno":200}
{"timestamp":"2026-01-06T09:49:12.710264Z","level":"info","event":"Formatting title: Something Wicked This Way Comes","logger":"root","filename":"scrapping_dag.py","lineno":200}
{"timestamp":"2026-01-06T09:49:12.710327Z","level":"info","event":"Formatting title: Somethings Gotta Give","logger":"root","filename":"scrapping_dag.py","lineno":200}
{"timestamp":"2026-01-06T09:49:12.710377Z","level":"info","event":"Formatting title: The Son","logger":"root","filename":"scrapping_dag.py","lineno":200}
{"timestamp":"2026-01-06T09:49:12.710427Z","level":"info","event":"Formatting title: The Song Of Names","logger":"root","filename":"scrapping_dag.py","lineno":200}
{"timestamp":"2026-01-06T09:49:12.710478Z","level":"info","event":"Formatting title: Sorry To Bother","logger":"root","filename":"scrapping_dag.py","lineno":200}
{"timestamp":"2026-01-06T09:49:12.710529Z","level":"info","event":"Formatting title: Soul","logger":"root","filename":"scrapping_dag.py","lineno":200}
{"timestamp":"2026-01-06T09:49:12.710587Z","level":"info","event":"Formatting title: Sound Of Metal","logger":"root","filename":"scrapping_dag.py","lineno":200}
{"timestamp":"2026-01-06T09:49:12.710653Z","level":"info","event":"Formatting title: Soylent Green","logger":"root","filename":"scrapping_dag.py","lineno":200}
{"timestamp":"2026-01-06T09:49:12.710718Z","level":"info","event":"Formatting title: Space Cowboys","logger":"root","filename":"scrapping_dag.py","lineno":200}
{"timestamp":"2026-01-06T09:49:12.710778Z","level":"info","event":"Formatting title: Spaceballs","logger":"root","filename":"scrapping_dag.py","lineno":200}
{"timestamp":"2026-01-06T09:49:12.710843Z","level":"info","event":"Formatting title: Spartacus","logger":"root","filename":"scrapping_dag.py","lineno":200}
{"timestamp":"2026-01-06T09:49:12.710911Z","level":"info","event":"Formatting title: Spawn","logger":"root","filename":"scrapping_dag.py","lineno":200}
{"timestamp":"2026-01-06T09:49:12.710975Z","level":"info","event":"Formatting title: Spectre","logger":"root","filename":"scrapping_dag.py","lineno":200}
{"timestamp":"2026-01-06T09:49:12.711045Z","level":"info","event":"Formatting title: Speed","logger":"root","filename":"scrapping_dag.py","lineno":200}
{"timestamp":"2026-01-06T09:49:12.711123Z","level":"info","event":"Formatting title: Speed Racer","logger":"root","filename":"scrapping_dag.py","lineno":200}
{"timestamp":"2026-01-06T09:49:12.711181Z","level":"info","event":"Formatting title: Spencer","logger":"root","filename":"scrapping_dag.py","lineno":200}
{"timestamp":"2026-01-06T09:49:12.711233Z","level":"info","event":"Formatting title: Spider Man 2","logger":"root","filename":"scrapping_dag.py","lineno":200}
{"timestamp":"2026-01-06T09:49:12.711283Z","level":"info","event":"Formatting title: Spider Man","logger":"root","filename":"scrapping_dag.py","lineno":200}
{"timestamp":"2026-01-06T09:49:12.711343Z","level":"info","event":"Formatting title: Spider Man Across The Spider Verse","logger":"root","filename":"scrapping_dag.py","lineno":200}
{"timestamp":"2026-01-06T09:49:12.711393Z","level":"info","event":"Formatting title: Spider Man Into The Spider Verse","logger":"root","filename":"scrapping_dag.py","lineno":200}
{"timestamp":"2026-01-06T09:49:12.711438Z","level":"info","event":"Formatting title: Spider Man No Way Home","logger":"root","filename":"scrapping_dag.py","lineno":200}
{"timestamp":"2026-01-06T09:49:12.711486Z","level":"info","event":"Formatting title: Splice","logger":"root","filename":"scrapping_dag.py","lineno":200}
{"timestamp":"2026-01-06T09:49:12.711534Z","level":"info","event":"Formatting title: Spotlight","logger":"root","filename":"scrapping_dag.py","lineno":200}
{"timestamp":"2026-01-06T09:49:12.711586Z","level":"info","event":"Formatting title: Spring Breakers","logger":"root","filename":"scrapping_dag.py","lineno":200}
{"timestamp":"2026-01-06T09:49:12.711695Z","level":"info","event":"Formatting title: Spy Kids","logger":"root","filename":"scrapping_dag.py","lineno":200}
{"timestamp":"2026-01-06T09:49:12.711761Z","level":"info","event":"Formatting title: The Spy Who Dumped Me","logger":"root","filename":"scrapping_dag.py","lineno":200}
{"timestamp":"2026-01-06T09:49:12.711814Z","level":"info","event":"Formatting title: The Spy Who Loved Me","logger":"root","filename":"scrapping_dag.py","lineno":200}
{"timestamp":"2026-01-06T09:49:12.711868Z","level":"info","event":"Formatting title: The Squid And The Whale","logger":"root","filename":"scrapping_dag.py","lineno":200}
{"timestamp":"2026-01-06T09:49:12.711922Z","level":"info","event":"Formatting title: Stagecoach","logger":"root","filename":"scrapping_dag.py","lineno":200}
{"timestamp":"2026-01-06T09:49:12.711979Z","level":"info","event":"Formatting title: Stan & Ollie","logger":"root","filename":"scrapping_dag.py","lineno":200}
{"timestamp":"2026-01-06T09:49:12.712037Z","level":"info","event":"Formatting title: Stand By Me","logger":"root","filename":"scrapping_dag.py","lineno":200}
{"timestamp":"2026-01-06T09:49:12.712100Z","level":"info","event":"Formatting title: A Star Is Born","logger":"root","filename":"scrapping_dag.py","lineno":200}
{"timestamp":"2026-01-06T09:49:12.712164Z","level":"info","event":"Formatting title: Star Trek","logger":"root","filename":"scrapping_dag.py","lineno":200}
{"timestamp":"2026-01-06T09:49:12.712239Z","level":"info","event":"Formatting title: Star Trek First Contact","logger":"root","filename":"scrapping_dag.py","lineno":200}
{"timestamp":"2026-01-06T09:49:12.712313Z","level":"info","event":"Formatting title: Star Trek Generations","logger":"root","filename":"scrapping_dag.py","lineno":200}
{"timestamp":"2026-01-06T09:49:12.712366Z","level":"info","event":"Formatting title: Star Trek 2 The Wrath Of Khan","logger":"root","filename":"scrapping_dag.py","lineno":200}
{"timestamp":"2026-01-06T09:49:12.712419Z","level":"info","event":"Formatting title: Star Trek 3 The Search For Spock","logger":"root","filename":"scrapping_dag.py","lineno":200}
{"timestamp":"2026-01-06T09:49:12.712470Z","level":"info","event":"Formatting title: Star Trek Insurrection","logger":"root","filename":"scrapping_dag.py","lineno":200}
{"timestamp":"2026-01-06T09:49:12.712520Z","level":"info","event":"Formatting title: Star Trek 4 The Voyage Home","logger":"root","filename":"scrapping_dag.py","lineno":200}
{"timestamp":"2026-01-06T09:49:12.712571Z","level":"info","event":"Formatting title: Star Trek Nemesis","logger":"root","filename":"scrapping_dag.py","lineno":200}
{"timestamp":"2026-01-06T09:49:12.712621Z","level":"info","event":"Formatting title: Star Trek The Motion Picture","logger":"root","filename":"scrapping_dag.py","lineno":200}
{"timestamp":"2026-01-06T09:49:12.712668Z","level":"info","event":"Formatting title: Star Trek V The Final Frontier","logger":"root","filename":"scrapping_dag.py","lineno":200}
{"timestamp":"2026-01-06T09:49:12.712715Z","level":"info","event":"Formatting title: Star Trek 6 The Undiscovered Country","logger":"root","filename":"scrapping_dag.py","lineno":200}
{"timestamp":"2026-01-06T09:49:12.712766Z","level":"info","event":"Formatting title: Star Wars Episode I The Phantom Menace","logger":"root","filename":"scrapping_dag.py","lineno":200}
{"timestamp":"2026-01-06T09:49:12.712823Z","level":"info","event":"Formatting title: Star Wars Episode 2 Attack Of The Clones","logger":"root","filename":"scrapping_dag.py","lineno":200}
{"timestamp":"2026-01-06T09:49:12.712873Z","level":"info","event":"Formatting title: Star Wars Episode 3 Revenge Of The Sith","logger":"root","filename":"scrapping_dag.py","lineno":200}
{"timestamp":"2026-01-06T09:49:12.712916Z","level":"info","event":"Formatting title: Star Wars Episode 4 A New Hope","logger":"root","filename":"scrapping_dag.py","lineno":200}
{"timestamp":"2026-01-06T09:49:12.712958Z","level":"info","event":"Formatting title: Star Wars Episode V The Empire Strikes Back","logger":"root","filename":"scrapping_dag.py","lineno":200}
{"timestamp":"2026-01-06T09:49:12.713017Z","level":"info","event":"Formatting title: Star Wars Episode 6 Return Of The Jedi","logger":"root","filename":"scrapping_dag.py","lineno":200}
{"timestamp":"2026-01-06T09:49:12.713063Z","level":"info","event":"Formatting title: The Star Wars Holiday Special","logger":"root","filename":"scrapping_dag.py","lineno":200}
{"timestamp":"2026-01-06T09:49:12.713112Z","level":"info","event":"Formatting title: Star Wars The Force Awakens","logger":"root","filename":"scrapping_dag.py","lineno":200}
{"timestamp":"2026-01-06T09:49:12.713159Z","level":"info","event":"Formatting title: Stardust","logger":"root","filename":"scrapping_dag.py","lineno":200}
{"timestamp":"2026-01-06T09:49:12.713207Z","level":"info","event":"Formatting title: Stargate","logger":"root","filename":"scrapping_dag.py","lineno":200}
{"timestamp":"2026-01-06T09:49:12.713257Z","level":"info","event":"Formatting title: State Of Grace","logger":"root","filename":"scrapping_dag.py","lineno":200}
{"timestamp":"2026-01-06T09:49:12.798511Z","level":"info","event":"Formatting title: State Of Play","logger":"root","filename":"scrapping_dag.py","lineno":200}
{"timestamp":"2026-01-06T09:49:12.798637Z","level":"info","event":"Formatting title: Step Brothers","logger":"root","filename":"scrapping_dag.py","lineno":200}
{"timestamp":"2026-01-06T09:49:12.798683Z","level":"info","event":"Formatting title: Stepmom","logger":"root","filename":"scrapping_dag.py","lineno":200}
{"timestamp":"2026-01-06T09:49:12.798715Z","level":"info","event":"Formatting title: Steve Jobs","logger":"root","filename":"scrapping_dag.py","lineno":200}
{"timestamp":"2026-01-06T09:49:12.798743Z","level":"info","event":"Formatting title: The Sting","logger":"root","filename":"scrapping_dag.py","lineno":200}
{"timestamp":"2026-01-06T09:49:12.798771Z","level":"info","event":"Formatting title: Stir Of Echoes","logger":"root","filename":"scrapping_dag.py","lineno":200}
{"timestamp":"2026-01-06T09:49:12.798803Z","level":"info","event":"Formatting title: Stoker","logger":"root","filename":"scrapping_dag.py","lineno":200}
{"timestamp":"2026-01-06T09:49:12.798830Z","level":"info","event":"Formatting title: Storm","logger":"root","filename":"scrapping_dag.py","lineno":200}
{"timestamp":"2026-01-06T09:49:12.798857Z","level":"info","event":"Formatting title: Straight Outta Compton","logger":"root","filename":"scrapping_dag.py","lineno":200}
{"timestamp":"2026-01-06T09:49:12.798885Z","level":"info","event":"Formatting title: Strange Days","logger":"root","filename":"scrapping_dag.py","lineno":200}
{"timestamp":"2026-01-06T09:49:12.798914Z","level":"info","event":"Formatting title: Stranger Than Fiction","logger":"root","filename":"scrapping_dag.py","lineno":200}
{"timestamp":"2026-01-06T09:49:12.798944Z","level":"info","event":"Formatting title: Stranger Than Paradise","logger":"root","filename":"scrapping_dag.py","lineno":200}
{"timestamp":"2026-01-06T09:49:12.798971Z","level":"info","event":"Formatting title: Strangers On A Train","logger":"root","filename":"scrapping_dag.py","lineno":200}
{"timestamp":"2026-01-06T09:49:12.798997Z","level":"info","event":"Formatting title: Strawberry Mansion","logger":"root","filename":"scrapping_dag.py","lineno":200}
{"timestamp":"2026-01-06T09:49:12.799023Z","level":"info","event":"Formatting title: Street Smart","logger":"root","filename":"scrapping_dag.py","lineno":200}
{"timestamp":"2026-01-06T09:49:12.799047Z","level":"info","event":"Formatting title: Stuber","logger":"root","filename":"scrapping_dag.py","lineno":200}
{"timestamp":"2026-01-06T09:49:12.799073Z","level":"info","event":"Formatting title: Submarine","logger":"root","filename":"scrapping_dag.py","lineno":200}
{"timestamp":"2026-01-06T09:49:12.799098Z","level":"info","event":"Formatting title: The Substance","logger":"root","filename":"scrapping_dag.py","lineno":200}
{"timestamp":"2026-01-06T09:49:12.799124Z","level":"info","event":"Formatting title: Suburbicon","logger":"root","filename":"scrapping_dag.py","lineno":200}
{"timestamp":"2026-01-06T09:49:12.799148Z","level":"info","event":"Formatting title: Suffragette","logger":"root","filename":"scrapping_dag.py","lineno":200}
{"timestamp":"2026-01-06T09:49:12.799172Z","level":"info","event":"Formatting title: Suicide Squad","logger":"root","filename":"scrapping_dag.py","lineno":200}
{"timestamp":"2026-01-06T09:49:12.799196Z","level":"info","event":"Formatting title: Sully","logger":"root","filename":"scrapping_dag.py","lineno":200}
{"timestamp":"2026-01-06T09:49:12.799220Z","level":"info","event":"Formatting title: The Sun Is Also A Star","logger":"root","filename":"scrapping_dag.py","lineno":200}
{"timestamp":"2026-01-06T09:49:12.799245Z","level":"info","event":"Formatting title: Sunshine","logger":"root","filename":"scrapping_dag.py","lineno":200}
{"timestamp":"2026-01-06T09:49:12.799300Z","level":"info","event":"Formatting title: The Super","logger":"root","filename":"scrapping_dag.py","lineno":200}
{"timestamp":"2026-01-06T09:49:12.799350Z","level":"info","event":"Formatting title: Super","logger":"root","filename":"scrapping_dag.py","lineno":200}
{"timestamp":"2026-01-06T09:49:12.799383Z","level":"info","event":"Formatting title: Super 8","logger":"root","filename":"scrapping_dag.py","lineno":200}
{"timestamp":"2026-01-06T09:49:12.799411Z","level":"info","event":"Formatting title: Super Dark Times","logger":"root","filename":"scrapping_dag.py","lineno":200}
{"timestamp":"2026-01-06T09:49:12.799440Z","level":"info","event":"Formatting title: Super Mario Bros","logger":"root","filename":"scrapping_dag.py","lineno":200}
{"timestamp":"2026-01-06T09:49:12.799468Z","level":"info","event":"Formatting title: Superbad","logger":"root","filename":"scrapping_dag.py","lineno":200}
{"timestamp":"2026-01-06T09:49:12.799499Z","level":"info","event":"Formatting title: Superman","logger":"root","filename":"scrapping_dag.py","lineno":200}
{"timestamp":"2026-01-06T09:49:12.799544Z","level":"info","event":"Formatting title: Surrogates","logger":"root","filename":"scrapping_dag.py","lineno":200}
{"timestamp":"2026-01-06T09:49:12.799582Z","level":"info","event":"Formatting title: Suspiria","logger":"root","filename":"scrapping_dag.py","lineno":200}
{"timestamp":"2026-01-06T09:49:12.799616Z","level":"info","event":"Formatting title: Swan Song","logger":"root","filename":"scrapping_dag.py","lineno":200}
{"timestamp":"2026-01-06T09:49:12.799645Z","level":"info","event":"Formatting title: Sweeney Todd The Demon Barber Of Fleet Street","logger":"root","filename":"scrapping_dag.py","lineno":200}
{"timestamp":"2026-01-06T09:49:12.799676Z","level":"info","event":"Formatting title: Sweet Smell Of Success","logger":"root","filename":"scrapping_dag.py","lineno":200}
{"timestamp":"2026-01-06T09:49:12.799705Z","level":"info","event":"Formatting title: Swingers","logger":"root","filename":"scrapping_dag.py","lineno":200}
{"timestamp":"2026-01-06T09:49:12.799735Z","level":"info","event":"Formatting title: Swiss Army Man","logger":"root","filename":"scrapping_dag.py","lineno":200}
{"timestamp":"2026-01-06T09:49:12.799765Z","level":"info","event":"Formatting title: Synecdoche New York","logger":"root","filename":"scrapping_dag.py","lineno":200}
{"timestamp":"2026-01-06T09:49:12.799792Z","level":"info","event":"Formatting title: Take Shelter","logger":"root","filename":"scrapping_dag.py","lineno":200}
{"timestamp":"2026-01-06T09:49:12.799819Z","level":"info","event":"Formatting title: The Talented Mr Ripley","logger":"root","filename":"scrapping_dag.py","lineno":200}
{"timestamp":"2026-01-06T09:49:12.799848Z","level":"info","event":"Formatting title: Talkin Dirty After Dark","logger":"root","filename":"scrapping_dag.py","lineno":200}
{"timestamp":"2026-01-06T09:49:12.799882Z","level":"info","event":"Formatting title: Talladega Nights The Ballad Of Ricky Bobby","logger":"root","filename":"scrapping_dag.py","lineno":200}
{"timestamp":"2026-01-06T09:49:12.799914Z","level":"info","event":"Formatting title: Tango & Cash","logger":"root","filename":"scrapping_dag.py","lineno":200}
{"timestamp":"2026-01-06T09:49:12.799941Z","level":"info","event":"Formatting title: Taxi Driver","logger":"root","filename":"scrapping_dag.py","lineno":200}
{"timestamp":"2026-01-06T09:49:12.799966Z","level":"info","event":"Formatting title: The Teachers Lounge","logger":"root","filename":"scrapping_dag.py","lineno":200}
{"timestamp":"2026-01-06T09:49:12.799991Z","level":"info","event":"Formatting title: Team America World Police","logger":"root","filename":"scrapping_dag.py","lineno":200}
{"timestamp":"2026-01-06T09:49:12.800017Z","level":"info","event":"Formatting title: Ted","logger":"root","filename":"scrapping_dag.py","lineno":200}
{"timestamp":"2026-01-06T09:49:12.800043Z","level":"info","event":"Formatting title: Teen Wolf","logger":"root","filename":"scrapping_dag.py","lineno":200}
{"timestamp":"2026-01-06T09:49:12.800070Z","level":"info","event":"Formatting title: Teenage Mutant Ninja Turtles Mutant Mayhem","logger":"root","filename":"scrapping_dag.py","lineno":200}
{"timestamp":"2026-01-06T09:49:12.800096Z","level":"info","event":"Formatting title: The Tender Bar","logger":"root","filename":"scrapping_dag.py","lineno":200}
{"timestamp":"2026-01-06T09:49:12.800125Z","level":"info","event":"Formatting title: Tenet","logger":"root","filename":"scrapping_dag.py","lineno":200}
{"timestamp":"2026-01-06T09:49:12.800158Z","level":"info","event":"Formatting title: Tequila Sunrise","logger":"root","filename":"scrapping_dag.py","lineno":200}
{"timestamp":"2026-01-06T09:49:12.800257Z","level":"info","event":"Formatting title: The Terminator","logger":"root","filename":"scrapping_dag.py","lineno":200}
{"timestamp":"2026-01-06T09:49:12.800299Z","level":"info","event":"Formatting title: Terminator 2 Judgement Day","logger":"root","filename":"scrapping_dag.py","lineno":200}
{"timestamp":"2026-01-06T09:49:12.800330Z","level":"info","event":"Formatting title: Terminator Genisys","logger":"root","filename":"scrapping_dag.py","lineno":200}
{"timestamp":"2026-01-06T09:49:12.800361Z","level":"info","event":"Formatting title: Terminator Salvation","logger":"root","filename":"scrapping_dag.py","lineno":200}
{"timestamp":"2026-01-06T09:49:12.800392Z","level":"info","event":"Formatting title: Terms Of Endearment","logger":"root","filename":"scrapping_dag.py","lineno":200}
{"timestamp":"2026-01-06T09:49:12.800423Z","level":"info","event":"Formatting title: The Texas Chain Saw Massacre","logger":"root","filename":"scrapping_dag.py","lineno":200}
{"timestamp":"2026-01-06T09:49:12.800454Z","level":"info","event":"Formatting title: Thelma & Louise","logger":"root","filename":"scrapping_dag.py","lineno":200}
{"timestamp":"2026-01-06T09:49:12.800488Z","level":"info","event":"Formatting title: The Theory Of Everything","logger":"root","filename":"scrapping_dag.py","lineno":200}
{"timestamp":"2026-01-06T09:49:12.800519Z","level":"info","event":"Formatting title: There Will Be Blood","logger":"root","filename":"scrapping_dag.py","lineno":200}
{"timestamp":"2026-01-06T09:49:12.800553Z","level":"info","event":"Formatting title: They Live","logger":"root","filename":"scrapping_dag.py","lineno":200}
{"timestamp":"2026-01-06T09:49:12.800582Z","level":"info","event":"Formatting title: A Thin Line Between Love And Hate","logger":"root","filename":"scrapping_dag.py","lineno":200}
{"timestamp":"2026-01-06T09:49:12.800609Z","level":"info","event":"Formatting title: The Thin Red Line","logger":"root","filename":"scrapping_dag.py","lineno":200}
{"timestamp":"2026-01-06T09:49:12.800635Z","level":"info","event":"Formatting title: The Thing","logger":"root","filename":"scrapping_dag.py","lineno":200}
{"timestamp":"2026-01-06T09:49:12.800664Z","level":"info","event":"Formatting title: Thir13en Ghosts","logger":"root","filename":"scrapping_dag.py","lineno":200}
{"timestamp":"2026-01-06T09:49:12.800695Z","level":"info","event":"Formatting title: The Third Man","logger":"root","filename":"scrapping_dag.py","lineno":200}
{"timestamp":"2026-01-06T09:49:12.800722Z","level":"info","event":"Formatting title: Thirteen","logger":"root","filename":"scrapping_dag.py","lineno":200}
{"timestamp":"2026-01-06T09:49:12.800751Z","level":"info","event":"Formatting title: Thirteen Lives","logger":"root","filename":"scrapping_dag.py","lineno":200}
{"timestamp":"2026-01-06T09:49:12.800778Z","level":"info","event":"Formatting title: This Boys Life","logger":"root","filename":"scrapping_dag.py","lineno":200}
{"timestamp":"2026-01-06T09:49:12.800803Z","level":"info","event":"Formatting title: This Is 40","logger":"root","filename":"scrapping_dag.py","lineno":200}
{"timestamp":"2026-01-06T09:49:12.800827Z","level":"info","event":"Formatting title: The Thomas Crown Affair","logger":"root","filename":"scrapping_dag.py","lineno":200}
{"timestamp":"2026-01-06T09:49:12.800853Z","level":"info","event":"Formatting title: Thor","logger":"root","filename":"scrapping_dag.py","lineno":200}
{"timestamp":"2026-01-06T09:49:12.800885Z","level":"info","event":"Formatting title: Thor Ragnarok","logger":"root","filename":"scrapping_dag.py","lineno":200}
{"timestamp":"2026-01-06T09:49:12.800915Z","level":"info","event":"Formatting title: Thoroughbreds","logger":"root","filename":"scrapping_dag.py","lineno":200}
{"timestamp":"2026-01-06T09:49:12.800943Z","level":"info","event":"Formatting title: Those Who Walk Away","logger":"root","filename":"scrapping_dag.py","lineno":200}
{"timestamp":"2026-01-06T09:49:12.800973Z","level":"info","event":"Formatting title: ¡three Amigos","logger":"root","filename":"scrapping_dag.py","lineno":200}
{"timestamp":"2026-01-06T09:49:12.801007Z","level":"info","event":"Formatting title: Three Billboards Outside Ebbing Missouri","logger":"root","filename":"scrapping_dag.py","lineno":200}
{"timestamp":"2026-01-06T09:49:12.801044Z","level":"info","event":"Formatting title: Three Days Of Condor","logger":"root","filename":"scrapping_dag.py","lineno":200}
{"timestamp":"2026-01-06T09:49:12.801075Z","level":"info","event":"Formatting title: Three Kings","logger":"root","filename":"scrapping_dag.py","lineno":200}
{"timestamp":"2026-01-06T09:49:12.801104Z","level":"info","event":"Formatting title: Three Thousand Years Of Longing","logger":"root","filename":"scrapping_dag.py","lineno":200}
{"timestamp":"2026-01-06T09:49:12.801130Z","level":"info","event":"Formatting title: Thunderball","logger":"root","filename":"scrapping_dag.py","lineno":200}
{"timestamp":"2026-01-06T09:49:12.801156Z","level":"info","event":"Formatting title: Thx 1138","logger":"root","filename":"scrapping_dag.py","lineno":200}
{"timestamp":"2026-01-06T09:49:12.801182Z","level":"info","event":"Formatting title: Tick Tick Boom","logger":"root","filename":"scrapping_dag.py","lineno":200}
{"timestamp":"2026-01-06T09:49:12.801212Z","level":"info","event":"Formatting title: Till","logger":"root","filename":"scrapping_dag.py","lineno":200}
{"timestamp":"2026-01-06T09:49:12.801238Z","level":"info","event":"Formatting title: A Time To Kill","logger":"root","filename":"scrapping_dag.py","lineno":200}
{"timestamp":"2026-01-06T09:49:12.801267Z","level":"info","event":"Formatting title: Tin Men","logger":"root","filename":"scrapping_dag.py","lineno":200}
{"timestamp":"2026-01-06T09:49:12.801300Z","level":"info","event":"Formatting title: Tinker Tailor Soldier Spy","logger":"root","filename":"scrapping_dag.py","lineno":200}
{"timestamp":"2026-01-06T09:49:12.801332Z","level":"info","event":"Formatting title: Titanic","logger":"root","filename":"scrapping_dag.py","lineno":200}
{"timestamp":"2026-01-06T09:49:12.801363Z","level":"info","event":"Formatting title: To All The Boys Ive Loved Before","logger":"root","filename":"scrapping_dag.py","lineno":200}
{"timestamp":"2026-01-06T09:49:12.801390Z","level":"info","event":"Formatting title: To Catch A Killer","logger":"root","filename":"scrapping_dag.py","lineno":200}
{"timestamp":"2026-01-06T09:49:12.801416Z","level":"info","event":"Formatting title: To Kill A Mockingbird","logger":"root","filename":"scrapping_dag.py","lineno":200}
{"timestamp":"2026-01-06T09:49:12.801442Z","level":"info","event":"Formatting title: To Wong Foo Thanks For Everything Julie Newmar","logger":"root","filename":"scrapping_dag.py","lineno":200}
{"timestamp":"2026-01-06T09:49:12.801468Z","level":"info","event":"Formatting title: Tomorrow Never Dies","logger":"root","filename":"scrapping_dag.py","lineno":200}
{"timestamp":"2026-01-06T09:49:12.801492Z","level":"info","event":"Formatting title: The Tomorrow War","logger":"root","filename":"scrapping_dag.py","lineno":200}
{"timestamp":"2026-01-06T09:49:12.801516Z","level":"info","event":"Formatting title: Toni Erdmann","logger":"root","filename":"scrapping_dag.py","lineno":200}
{"timestamp":"2026-01-06T09:49:12.801544Z","level":"info","event":"Formatting title: Tootsie","logger":"root","filename":"scrapping_dag.py","lineno":200}
{"timestamp":"2026-01-06T09:49:12.801572Z","level":"info","event":"Formatting title: Top Gun","logger":"root","filename":"scrapping_dag.py","lineno":200}
{"timestamp":"2026-01-06T09:49:12.801599Z","level":"info","event":"Formatting title: Top Gun Maverick","logger":"root","filename":"scrapping_dag.py","lineno":200}
{"timestamp":"2026-01-06T09:49:12.801624Z","level":"info","event":"Formatting title: Total Recall","logger":"root","filename":"scrapping_dag.py","lineno":200}
{"timestamp":"2026-01-06T09:49:12.801667Z","level":"info","event":"Formatting title: Totem","logger":"root","filename":"scrapping_dag.py","lineno":200}
{"timestamp":"2026-01-06T09:49:12.801700Z","level":"info","event":"Formatting title: Touch Of Evil","logger":"root","filename":"scrapping_dag.py","lineno":200}
{"timestamp":"2026-01-06T09:49:12.801728Z","level":"info","event":"Formatting title: Tough Guys","logger":"root","filename":"scrapping_dag.py","lineno":200}
{"timestamp":"2026-01-06T09:49:12.801757Z","level":"info","event":"Formatting title: Tower Block","logger":"root","filename":"scrapping_dag.py","lineno":200}
{"timestamp":"2026-01-06T09:49:12.801784Z","level":"info","event":"Formatting title: Tower Of Terror","logger":"root","filename":"scrapping_dag.py","lineno":200}
{"timestamp":"2026-01-06T09:49:12.801814Z","level":"info","event":"Formatting title: The Town","logger":"root","filename":"scrapping_dag.py","lineno":200}
{"timestamp":"2026-01-06T09:49:12.801840Z","level":"info","event":"Formatting title: The Toy","logger":"root","filename":"scrapping_dag.py","lineno":200}
{"timestamp":"2026-01-06T09:49:12.801865Z","level":"info","event":"Formatting title: Toy Story","logger":"root","filename":"scrapping_dag.py","lineno":200}
{"timestamp":"2026-01-06T09:49:12.801891Z","level":"info","event":"Formatting title: Toy Story 2","logger":"root","filename":"scrapping_dag.py","lineno":200}
{"timestamp":"2026-01-06T09:49:12.801920Z","level":"info","event":"Formatting title: Toy Story 3","logger":"root","filename":"scrapping_dag.py","lineno":200}
{"timestamp":"2026-01-06T09:49:12.801949Z","level":"info","event":"Formatting title: Toy Story 4","logger":"root","filename":"scrapping_dag.py","lineno":200}
{"timestamp":"2026-01-06T09:49:12.801976Z","level":"info","event":"Formatting title: Tár","logger":"root","filename":"scrapping_dag.py","lineno":200}
{"timestamp":"2026-01-06T09:49:12.802014Z","level":"info","event":"Formatting title: The Tragedy Of Macbeth","logger":"root","filename":"scrapping_dag.py","lineno":200}
{"timestamp":"2026-01-06T09:49:12.802043Z","level":"info","event":"Formatting title: Training Day","logger":"root","filename":"scrapping_dag.py","lineno":200}
{"timestamp":"2026-01-06T09:49:12.802070Z","level":"info","event":"Formatting title: Trainwreck","logger":"root","filename":"scrapping_dag.py","lineno":200}
{"timestamp":"2026-01-06T09:49:12.802115Z","level":"info","event":"Formatting title: Transcendence","logger":"root","filename":"scrapping_dag.py","lineno":200}
{"timestamp":"2026-01-06T09:49:12.802147Z","level":"info","event":"Formatting title: Transformers","logger":"root","filename":"scrapping_dag.py","lineno":200}
{"timestamp":"2026-01-06T09:49:12.802196Z","level":"info","event":"Formatting title: The Tree Of Life","logger":"root","filename":"scrapping_dag.py","lineno":200}
{"timestamp":"2026-01-06T09:49:12.802239Z","level":"info","event":"Formatting title: Tremors","logger":"root","filename":"scrapping_dag.py","lineno":200}
{"timestamp":"2026-01-06T09:49:12.802271Z","level":"info","event":"Formatting title: The Trial Of The Chicago 7","logger":"root","filename":"scrapping_dag.py","lineno":200}
{"timestamp":"2026-01-06T09:49:12.802301Z","level":"info","event":"Formatting title: Triangle Of Sadness","logger":"root","filename":"scrapping_dag.py","lineno":200}
{"timestamp":"2026-01-06T09:49:12.802331Z","level":"info","event":"Formatting title: Trick R Treat","logger":"root","filename":"scrapping_dag.py","lineno":200}
{"timestamp":"2026-01-06T09:49:12.802363Z","level":"info","event":"Formatting title: Tron Legacy","logger":"root","filename":"scrapping_dag.py","lineno":200}
{"timestamp":"2026-01-06T09:49:12.802391Z","level":"info","event":"Formatting title: True Grit","logger":"root","filename":"scrapping_dag.py","lineno":200}
{"timestamp":"2026-01-06T09:49:12.802420Z","level":"info","event":"Formatting title: True Lies","logger":"root","filename":"scrapping_dag.py","lineno":200}
{"timestamp":"2026-01-06T09:49:12.802456Z","level":"info","event":"Formatting title: True Romance","logger":"root","filename":"scrapping_dag.py","lineno":200}
{"timestamp":"2026-01-06T09:49:12.802483Z","level":"info","event":"Formatting title: The Truman Show","logger":"root","filename":"scrapping_dag.py","lineno":200}
{"timestamp":"2026-01-06T09:49:12.802516Z","level":"info","event":"Formatting title: Trumbo","logger":"root","filename":"scrapping_dag.py","lineno":200}
{"timestamp":"2026-01-06T09:49:12.802548Z","level":"info","event":"Formatting title: Tucker And Dale Vs Evil","logger":"root","filename":"scrapping_dag.py","lineno":200}
{"timestamp":"2026-01-06T09:49:12.802579Z","level":"info","event":"Formatting title: Tully","logger":"root","filename":"scrapping_dag.py","lineno":200}
{"timestamp":"2026-01-06T09:49:12.802607Z","level":"info","event":"Formatting title: Tusk","logger":"root","filename":"scrapping_dag.py","lineno":200}
{"timestamp":"2026-01-06T09:49:12.802637Z","level":"info","event":"Formatting title: Twelve Monkeys","logger":"root","filename":"scrapping_dag.py","lineno":200}
{"timestamp":"2026-01-06T09:49:12.802667Z","level":"info","event":"Formatting title: Twilight","logger":"root","filename":"scrapping_dag.py","lineno":200}
{"timestamp":"2026-01-06T09:49:12.802701Z","level":"info","event":"Formatting title: Twin Peaks Fire Walk With Me","logger":"root","filename":"scrapping_dag.py","lineno":200}
{"timestamp":"2026-01-06T09:49:12.802728Z","level":"info","event":"Formatting title: Twins","logger":"root","filename":"scrapping_dag.py","lineno":200}
{"timestamp":"2026-01-06T09:49:12.802759Z","level":"info","event":"Formatting title: The Two Jakes","logger":"root","filename":"scrapping_dag.py","lineno":200}
{"timestamp":"2026-01-06T09:49:12.802794Z","level":"info","event":"Formatting title: The Two Popes","logger":"root","filename":"scrapping_dag.py","lineno":200}
{"timestamp":"2026-01-06T09:49:12.802827Z","level":"info","event":"Formatting title: The Unborn","logger":"root","filename":"scrapping_dag.py","lineno":200}
{"timestamp":"2026-01-06T09:49:12.802861Z","level":"info","event":"Formatting title: Unbreakable","logger":"root","filename":"scrapping_dag.py","lineno":200}
{"timestamp":"2026-01-06T09:49:12.802892Z","level":"info","event":"Formatting title: Uncle Buck","logger":"root","filename":"scrapping_dag.py","lineno":200}
{"timestamp":"2026-01-06T09:49:12.802927Z","level":"info","event":"Formatting title: Under Siege","logger":"root","filename":"scrapping_dag.py","lineno":200}
{"timestamp":"2026-01-06T09:49:12.802954Z","level":"info","event":"Formatting title: Under The Silver Lake","logger":"root","filename":"scrapping_dag.py","lineno":200}
{"timestamp":"2026-01-06T09:49:12.802980Z","level":"info","event":"Formatting title: Underwater","logger":"root","filename":"scrapping_dag.py","lineno":200}
{"timestamp":"2026-01-06T09:49:12.803006Z","level":"info","event":"Formatting title: Underworld","logger":"root","filename":"scrapping_dag.py","lineno":200}
{"timestamp":"2026-01-06T09:49:12.803032Z","level":"info","event":"Formatting title: Unforgiven","logger":"root","filename":"scrapping_dag.py","lineno":200}
{"timestamp":"2026-01-06T09:49:12.803056Z","level":"info","event":"Formatting title: Up","logger":"root","filename":"scrapping_dag.py","lineno":200}
{"timestamp":"2026-01-06T09:49:12.803084Z","level":"info","event":"Formatting title: Up In The Air","logger":"root","filename":"scrapping_dag.py","lineno":200}
{"timestamp":"2026-01-06T09:49:12.803109Z","level":"info","event":"Formatting title: Upgrade","logger":"root","filename":"scrapping_dag.py","lineno":200}
{"timestamp":"2026-01-06T09:49:12.803135Z","level":"info","event":"Formatting title: Upstream Color","logger":"root","filename":"scrapping_dag.py","lineno":200}
{"timestamp":"2026-01-06T09:49:12.803159Z","level":"info","event":"Formatting title: Us","logger":"root","filename":"scrapping_dag.py","lineno":200}
{"timestamp":"2026-01-06T09:49:12.803184Z","level":"info","event":"Formatting title: The Usual Suspects","logger":"root","filename":"scrapping_dag.py","lineno":200}
{"timestamp":"2026-01-06T09:49:12.803209Z","level":"info","event":"Formatting title: V For Vendetta","logger":"root","filename":"scrapping_dag.py","lineno":200}
{"timestamp":"2026-01-06T09:49:12.803238Z","level":"info","event":"Formatting title: Vacancy","logger":"root","filename":"scrapping_dag.py","lineno":200}
{"timestamp":"2026-01-06T09:49:12.803265Z","level":"info","event":"Formatting title: Vacation","logger":"root","filename":"scrapping_dag.py","lineno":200}
{"timestamp":"2026-01-06T09:49:12.803292Z","level":"info","event":"Formatting title: Van Helsing","logger":"root","filename":"scrapping_dag.py","lineno":200}
{"timestamp":"2026-01-06T09:49:12.803323Z","level":"info","event":"Formatting title: Vanilla Sky","logger":"root","filename":"scrapping_dag.py","lineno":200}
{"timestamp":"2026-01-06T09:49:12.803379Z","level":"info","event":"Formatting title: Velvet Buzzsaw","logger":"root","filename":"scrapping_dag.py","lineno":200}
{"timestamp":"2026-01-06T09:49:12.803425Z","level":"info","event":"Formatting title: Vengeance","logger":"root","filename":"scrapping_dag.py","lineno":200}
{"timestamp":"2026-01-06T09:49:12.803457Z","level":"info","event":"Formatting title: The Verdict","logger":"root","filename":"scrapping_dag.py","lineno":200}
{"timestamp":"2026-01-06T09:49:12.803489Z","level":"info","event":"Formatting title: Vertigo","logger":"root","filename":"scrapping_dag.py","lineno":200}
{"timestamp":"2026-01-06T09:49:12.803519Z","level":"info","event":"Formatting title: Vice","logger":"root","filename":"scrapping_dag.py","lineno":200}
{"timestamp":"2026-01-06T09:49:12.803547Z","level":"info","event":"Formatting title: Victor Frankenstein","logger":"root","filename":"scrapping_dag.py","lineno":200}
{"timestamp":"2026-01-06T09:49:12.803574Z","level":"info","event":"Formatting title: Victoria & Abdul","logger":"root","filename":"scrapping_dag.py","lineno":200}
{"timestamp":"2026-01-06T09:49:12.803600Z","level":"info","event":"Formatting title: A View To A Kill","logger":"root","filename":"scrapping_dag.py","lineno":200}
{"timestamp":"2026-01-06T09:49:12.803629Z","level":"info","event":"Formatting title: The Virgin Suicides","logger":"root","filename":"scrapping_dag.py","lineno":200}
{"timestamp":"2026-01-06T09:49:12.803656Z","level":"info","event":"Formatting title: Vox Lux","logger":"root","filename":"scrapping_dag.py","lineno":200}
{"timestamp":"2026-01-06T09:49:12.803681Z","level":"info","event":"Formatting title: Wadjda","logger":"root","filename":"scrapping_dag.py","lineno":200}
{"timestamp":"2026-01-06T09:49:12.803716Z","level":"info","event":"Formatting title: Walk Hard The Dewey Cox Story","logger":"root","filename":"scrapping_dag.py","lineno":200}
{"timestamp":"2026-01-06T09:49:12.803746Z","level":"info","event":"Formatting title: Wall Street","logger":"root","filename":"scrapping_dag.py","lineno":200}
{"timestamp":"2026-01-06T09:49:12.803780Z","level":"info","event":"Formatting title: Wall E","logger":"root","filename":"scrapping_dag.py","lineno":200}
{"timestamp":"2026-01-06T09:49:12.803811Z","level":"info","event":"Formatting title: Wanted","logger":"root","filename":"scrapping_dag.py","lineno":200}
{"timestamp":"2026-01-06T09:49:12.803839Z","level":"info","event":"Formatting title: War For The Planet Of The Apes","logger":"root","filename":"scrapping_dag.py","lineno":200}
{"timestamp":"2026-01-06T09:49:12.803869Z","level":"info","event":"Formatting title: War Of The Roses","logger":"root","filename":"scrapping_dag.py","lineno":200}
{"timestamp":"2026-01-06T09:49:12.803904Z","level":"info","event":"Formatting title: War Of The Worlds","logger":"root","filename":"scrapping_dag.py","lineno":200}
{"timestamp":"2026-01-06T09:49:12.803936Z","level":"info","event":"Formatting title: Warrior","logger":"root","filename":"scrapping_dag.py","lineno":200}
{"timestamp":"2026-01-06T09:49:12.803964Z","level":"info","event":"Formatting title: The Warriors","logger":"root","filename":"scrapping_dag.py","lineno":200}
{"timestamp":"2026-01-06T09:49:12.803991Z","level":"info","event":"Formatting title: Watchmen","logger":"root","filename":"scrapping_dag.py","lineno":200}
{"timestamp":"2026-01-06T09:49:12.804025Z","level":"info","event":"Formatting title: Waves","logger":"root","filename":"scrapping_dag.py","lineno":200}
{"timestamp":"2026-01-06T09:49:12.804061Z","level":"info","event":"Formatting title: The Way Back","logger":"root","filename":"scrapping_dag.py","lineno":200}
{"timestamp":"2026-01-06T09:49:12.804103Z","level":"info","event":"Formatting title: We Need To Talk About Kevin","logger":"root","filename":"scrapping_dag.py","lineno":200}
{"timestamp":"2026-01-06T09:49:12.804140Z","level":"info","event":"Formatting title: Wedding Crashers","logger":"root","filename":"scrapping_dag.py","lineno":200}
{"timestamp":"2026-01-06T09:49:12.804198Z","level":"info","event":"Formatting title: The Wedding Singer","logger":"root","filename":"scrapping_dag.py","lineno":200}
{"timestamp":"2026-01-06T09:49:12.804266Z","level":"info","event":"Formatting title: Weird Science","logger":"root","filename":"scrapping_dag.py","lineno":200}
{"timestamp":"2026-01-06T09:49:12.804315Z","level":"info","event":"Formatting title: Weird The Al Yankovic Story","logger":"root","filename":"scrapping_dag.py","lineno":200}
{"timestamp":"2026-01-06T09:49:12.804356Z","level":"info","event":"Formatting title: Were No Angels","logger":"root","filename":"scrapping_dag.py","lineno":200}
{"timestamp":"2026-01-06T09:49:12.804390Z","level":"info","event":"Formatting title: Wes Cravens New Nightmare","logger":"root","filename":"scrapping_dag.py","lineno":200}
{"timestamp":"2026-01-06T09:49:12.804422Z","level":"info","event":"Formatting title: West Side Story","logger":"root","filename":"scrapping_dag.py","lineno":200}
{"timestamp":"2026-01-06T09:49:12.804454Z","level":"info","event":"Formatting title: Westworld","logger":"root","filename":"scrapping_dag.py","lineno":200}
{"timestamp":"2026-01-06T09:49:12.804485Z","level":"info","event":"Formatting title: The Whale","logger":"root","filename":"scrapping_dag.py","lineno":200}
{"timestamp":"2026-01-06T09:49:12.804517Z","level":"info","event":"Formatting title: What Dreams May Come","logger":"root","filename":"scrapping_dag.py","lineno":200}
{"timestamp":"2026-01-06T09:49:12.804546Z","level":"info","event":"Formatting title: What Lies Beneath","logger":"root","filename":"scrapping_dag.py","lineno":200}
{"timestamp":"2026-01-06T09:49:12.804580Z","level":"info","event":"Formatting title: What They Had","logger":"root","filename":"scrapping_dag.py","lineno":200}
{"timestamp":"2026-01-06T09:49:12.804614Z","level":"info","event":"Formatting title: When Harry Met Sally","logger":"root","filename":"scrapping_dag.py","lineno":200}
{"timestamp":"2026-01-06T09:49:12.804641Z","level":"info","event":"Formatting title: Where The Day Takes You","logger":"root","filename":"scrapping_dag.py","lineno":200}
{"timestamp":"2026-01-06T09:49:12.804667Z","level":"info","event":"Formatting title: Where The Wild Things Are","logger":"root","filename":"scrapping_dag.py","lineno":200}
{"timestamp":"2026-01-06T09:49:12.804702Z","level":"info","event":"Formatting title: Which Way Is Up","logger":"root","filename":"scrapping_dag.py","lineno":200}
{"timestamp":"2026-01-06T09:49:12.804732Z","level":"info","event":"Formatting title: While You Were Sleeping","logger":"root","filename":"scrapping_dag.py","lineno":200}
{"timestamp":"2026-01-06T09:49:12.804763Z","level":"info","event":"Formatting title: Whiplash","logger":"root","filename":"scrapping_dag.py","lineno":200}
{"timestamp":"2026-01-06T09:49:12.804790Z","level":"info","event":"Formatting title: White Noise","logger":"root","filename":"scrapping_dag.py","lineno":200}
{"timestamp":"2026-01-06T09:49:12.804815Z","level":"info","event":"Formatting title: The White Ribbon","logger":"root","filename":"scrapping_dag.py","lineno":200}
{"timestamp":"2026-01-06T09:49:12.804843Z","level":"info","event":"Formatting title: The White Tiger","logger":"root","filename":"scrapping_dag.py","lineno":200}
{"timestamp":"2026-01-06T09:49:12.804873Z","level":"info","event":"Formatting title: Whitney Houston I Wanna Dance With Somebody","logger":"root","filename":"scrapping_dag.py","lineno":200}
{"timestamp":"2026-01-06T09:49:12.804903Z","level":"info","event":"Formatting title: Who Framed Roger Rabbit","logger":"root","filename":"scrapping_dag.py","lineno":200}
{"timestamp":"2026-01-06T09:49:12.804930Z","level":"info","event":"Formatting title: Wicked","logger":"root","filename":"scrapping_dag.py","lineno":200}
{"timestamp":"2026-01-06T09:49:12.804955Z","level":"info","event":"Formatting title: The Wicker Man","logger":"root","filename":"scrapping_dag.py","lineno":200}
{"timestamp":"2026-01-06T09:49:12.804987Z","level":"info","event":"Formatting title: The Wife","logger":"root","filename":"scrapping_dag.py","lineno":200}
{"timestamp":"2026-01-06T09:49:12.805030Z","level":"info","event":"Formatting title: Wild","logger":"root","filename":"scrapping_dag.py","lineno":200}
{"timestamp":"2026-01-06T09:49:12.805060Z","level":"info","event":"Formatting title: Wild At Heart","logger":"root","filename":"scrapping_dag.py","lineno":200}
{"timestamp":"2026-01-06T09:49:12.805087Z","level":"info","event":"Formatting title: The Wild Bunch","logger":"root","filename":"scrapping_dag.py","lineno":200}
{"timestamp":"2026-01-06T09:49:12.805119Z","level":"info","event":"Formatting title: The Wild Robot","logger":"root","filename":"scrapping_dag.py","lineno":200}
{"timestamp":"2026-01-06T09:49:12.805149Z","level":"info","event":"Formatting title: Wildlife","logger":"root","filename":"scrapping_dag.py","lineno":200}
{"timestamp":"2026-01-06T09:49:12.805175Z","level":"info","event":"Formatting title: Willy Wonka & The Chocolate Factory","logger":"root","filename":"scrapping_dag.py","lineno":200}
{"timestamp":"2026-01-06T09:49:12.805200Z","level":"info","event":"Formatting title: Wind River","logger":"root","filename":"scrapping_dag.py","lineno":200}
{"timestamp":"2026-01-06T09:49:12.805226Z","level":"info","event":"Formatting title: Winters Tale","logger":"root","filename":"scrapping_dag.py","lineno":200}
{"timestamp":"2026-01-06T09:49:12.805255Z","level":"info","event":"Formatting title: Wise Guys","logger":"root","filename":"scrapping_dag.py","lineno":200}
{"timestamp":"2026-01-06T09:49:12.805280Z","level":"info","event":"Formatting title: The Witch","logger":"root","filename":"scrapping_dag.py","lineno":200}
{"timestamp":"2026-01-06T09:49:12.805304Z","level":"info","event":"Formatting title: The Witches","logger":"root","filename":"scrapping_dag.py","lineno":200}
{"timestamp":"2026-01-06T09:49:12.805329Z","level":"info","event":"Formatting title: Witness","logger":"root","filename":"scrapping_dag.py","lineno":200}
{"timestamp":"2026-01-06T09:49:12.805354Z","level":"info","event":"Formatting title: The Wizard Of Oz","logger":"root","filename":"scrapping_dag.py","lineno":200}
{"timestamp":"2026-01-06T09:49:12.805384Z","level":"info","event":"Formatting title: The Wolf Of Wall Street","logger":"root","filename":"scrapping_dag.py","lineno":200}
{"timestamp":"2026-01-06T09:49:12.805409Z","level":"info","event":"Formatting title: The Wolverine","logger":"root","filename":"scrapping_dag.py","lineno":200}
{"timestamp":"2026-01-06T09:49:12.805434Z","level":"info","event":"Formatting title: Woman In Gold","logger":"root","filename":"scrapping_dag.py","lineno":200}
{"timestamp":"2026-01-06T09:49:12.805459Z","level":"info","event":"Formatting title: The Woman King","logger":"root","filename":"scrapping_dag.py","lineno":200}
{"timestamp":"2026-01-06T09:49:12.805487Z","level":"info","event":"Formatting title: Women Talking","logger":"root","filename":"scrapping_dag.py","lineno":200}
{"timestamp":"2026-01-06T09:49:12.805516Z","level":"info","event":"Formatting title: Wonder Boys","logger":"root","filename":"scrapping_dag.py","lineno":200}
{"timestamp":"2026-01-06T09:49:12.805541Z","level":"info","event":"Formatting title: Wonder Woman","logger":"root","filename":"scrapping_dag.py","lineno":200}
{"timestamp":"2026-01-06T09:49:12.805566Z","level":"info","event":"Formatting title: Wonka","logger":"root","filename":"scrapping_dag.py","lineno":200}
{"timestamp":"2026-01-06T09:49:12.805592Z","level":"info","event":"Formatting title: Work It","logger":"root","filename":"scrapping_dag.py","lineno":200}
{"timestamp":"2026-01-06T09:49:12.805617Z","level":"info","event":"Formatting title: Working Girl","logger":"root","filename":"scrapping_dag.py","lineno":200}
{"timestamp":"2026-01-06T09:49:12.859879Z","level":"info","event":"Formatting title: The World Is Not Enough","logger":"root","filename":"scrapping_dag.py","lineno":200}
{"timestamp":"2026-01-06T09:49:12.859997Z","level":"info","event":"Formatting title: The Worlds End","logger":"root","filename":"scrapping_dag.py","lineno":200}
{"timestamp":"2026-01-06T09:49:12.860034Z","level":"info","event":"Formatting title: Wrongfully Accused","logger":"root","filename":"scrapping_dag.py","lineno":200}
{"timestamp":"2026-01-06T09:49:12.860064Z","level":"info","event":"Formatting title: X2 X Men United","logger":"root","filename":"scrapping_dag.py","lineno":200}
{"timestamp":"2026-01-06T09:49:12.860093Z","level":"info","event":"Formatting title: The X Files","logger":"root","filename":"scrapping_dag.py","lineno":200}
{"timestamp":"2026-01-06T09:49:12.860122Z","level":"info","event":"Formatting title: X Men","logger":"root","filename":"scrapping_dag.py","lineno":200}
{"timestamp":"2026-01-06T09:49:12.860149Z","level":"info","event":"Formatting title: X Men Days Of Future Past","logger":"root","filename":"scrapping_dag.py","lineno":200}
{"timestamp":"2026-01-06T09:49:12.860177Z","level":"info","event":"Formatting title: Xxx","logger":"root","filename":"scrapping_dag.py","lineno":200}
{"timestamp":"2026-01-06T09:49:12.860205Z","level":"info","event":"Formatting title: You Were Never Really Here","logger":"root","filename":"scrapping_dag.py","lineno":200}
{"timestamp":"2026-01-06T09:49:12.860232Z","level":"info","event":"Formatting title: Young Adult","logger":"root","filename":"scrapping_dag.py","lineno":200}
{"timestamp":"2026-01-06T09:49:12.860259Z","level":"info","event":"Formatting title: Young Frankenstein","logger":"root","filename":"scrapping_dag.py","lineno":200}
{"timestamp":"2026-01-06T09:49:12.860284Z","level":"info","event":"Formatting title: Young Guns","logger":"root","filename":"scrapping_dag.py","lineno":200}
{"timestamp":"2026-01-06T09:49:12.860312Z","level":"info","event":"Formatting title: Youre Next","logger":"root","filename":"scrapping_dag.py","lineno":200}
{"timestamp":"2026-01-06T09:49:12.860338Z","level":"info","event":"Formatting title: Youth In Revolt","logger":"root","filename":"scrapping_dag.py","lineno":200}
{"timestamp":"2026-01-06T09:49:12.860365Z","level":"info","event":"Formatting title: Zathura A Space Adventure","logger":"root","filename":"scrapping_dag.py","lineno":200}
{"timestamp":"2026-01-06T09:49:12.860391Z","level":"info","event":"Formatting title: Zebra Girl","logger":"root","filename":"scrapping_dag.py","lineno":200}
{"timestamp":"2026-01-06T09:49:12.860417Z","level":"info","event":"Formatting title: Zero Dark Thirty","logger":"root","filename":"scrapping_dag.py","lineno":200}
{"timestamp":"2026-01-06T09:49:12.860443Z","level":"info","event":"Formatting title: Zodiac","logger":"root","filename":"scrapping_dag.py","lineno":200}
{"timestamp":"2026-01-06T09:49:12.860468Z","level":"info","event":"Formatting title: Zombieland","logger":"root","filename":"scrapping_dag.py","lineno":200}
{"timestamp":"2026-01-06T09:49:12.860493Z","level":"info","event":"Formatting title: Zombieland Double Tap","logger":"root","filename":"scrapping_dag.py","lineno":200}
{"timestamp":"2026-01-06T09:49:12.860517Z","level":"info","event":"Formatting title: The Zone Of Interest","logger":"root","filename":"scrapping_dag.py","lineno":200}
{"timestamp":"2026-01-06T09:49:12.860543Z","level":"info","event":"Formatting title: Zootopia","logger":"root","filename":"scrapping_dag.py","lineno":200}
{"timestamp":"2026-01-06T09:49:12.860568Z","level":"info","event":"Formatting title: 12","logger":"root","filename":"scrapping_dag.py","lineno":200}
{"timestamp":"2026-01-06T09:49:12.860593Z","level":"info","event":"Formatting title: 12 And Holding","logger":"root","filename":"scrapping_dag.py","lineno":200}
{"timestamp":"2026-01-06T09:49:12.860617Z","level":"info","event":"Formatting title: 12 Monkeys","logger":"root","filename":"scrapping_dag.py","lineno":200}
{"timestamp":"2026-01-06T09:49:12.860643Z","level":"info","event":"Formatting title: 1492 Conquest Of Paradise","logger":"root","filename":"scrapping_dag.py","lineno":200}
{"timestamp":"2026-01-06T09:49:12.860668Z","level":"info","event":"Formatting title: 15 Minutes","logger":"root","filename":"scrapping_dag.py","lineno":200}
{"timestamp":"2026-01-06T09:49:12.860693Z","level":"info","event":"Formatting title: 17 Again","logger":"root","filename":"scrapping_dag.py","lineno":200}
{"timestamp":"2026-01-06T09:49:12.860718Z","level":"info","event":"Formatting title: 187","logger":"root","filename":"scrapping_dag.py","lineno":200}
{"timestamp":"2026-01-06T09:49:12.860744Z","level":"info","event":"Formatting title: 2012","logger":"root","filename":"scrapping_dag.py","lineno":200}
{"timestamp":"2026-01-06T09:49:12.860769Z","level":"info","event":"Formatting title: 25th Hour","logger":"root","filename":"scrapping_dag.py","lineno":200}
{"timestamp":"2026-01-06T09:49:12.860795Z","level":"info","event":"Formatting title: 30 Minutes Or Less","logger":"root","filename":"scrapping_dag.py","lineno":200}
{"timestamp":"2026-01-06T09:49:12.860820Z","level":"info","event":"Formatting title: 42","logger":"root","filename":"scrapping_dag.py","lineno":200}
{"timestamp":"2026-01-06T09:49:12.860846Z","level":"info","event":"Formatting title: 44 Inch Chest","logger":"root","filename":"scrapping_dag.py","lineno":200}
{"timestamp":"2026-01-06T09:49:12.860870Z","level":"info","event":"Formatting title: 50 50","logger":"root","filename":"scrapping_dag.py","lineno":200}
{"timestamp":"2026-01-06T09:49:12.860923Z","level":"info","event":"Formatting title: 500 Days Of Summer","logger":"root","filename":"scrapping_dag.py","lineno":200}
{"timestamp":"2026-01-06T09:49:12.860954Z","level":"info","event":"Formatting title: 8mm","logger":"root","filename":"scrapping_dag.py","lineno":200}
{"timestamp":"2026-01-06T09:49:12.860981Z","level":"info","event":"Formatting title: 9","logger":"root","filename":"scrapping_dag.py","lineno":200}
{"timestamp":"2026-01-06T09:49:12.861009Z","level":"info","event":"Formatting title: A Prayer Before Dawn","logger":"root","filename":"scrapping_dag.py","lineno":200}
{"timestamp":"2026-01-06T09:49:12.861035Z","level":"info","event":"Formatting title: A Scanner Darkly","logger":"root","filename":"scrapping_dag.py","lineno":200}
{"timestamp":"2026-01-06T09:49:12.861061Z","level":"info","event":"Formatting title: Ai","logger":"root","filename":"scrapping_dag.py","lineno":200}
{"timestamp":"2026-01-06T09:49:12.861087Z","level":"info","event":"Formatting title: Above The Law","logger":"root","filename":"scrapping_dag.py","lineno":200}
{"timestamp":"2026-01-06T09:49:12.861112Z","level":"info","event":"Formatting title: Absolute Power","logger":"root","filename":"scrapping_dag.py","lineno":200}
{"timestamp":"2026-01-06T09:49:12.861136Z","level":"info","event":"Formatting title: Abyss The","logger":"root","filename":"scrapping_dag.py","lineno":200}
{"timestamp":"2026-01-06T09:49:12.861163Z","level":"info","event":"Formatting title: Addams Family The","logger":"root","filename":"scrapping_dag.py","lineno":200}
{"timestamp":"2026-01-06T09:49:12.861187Z","level":"info","event":"Formatting title: Adjustment Bureau The","logger":"root","filename":"scrapping_dag.py","lineno":200}
{"timestamp":"2026-01-06T09:49:12.861211Z","level":"info","event":"Formatting title: Adventures Of Buckaroo Banzai Across The Eighth Dimension The","logger":"root","filename":"scrapping_dag.py","lineno":200}
{"timestamp":"2026-01-06T09:49:12.861238Z","level":"info","event":"Formatting title: Affliction","logger":"root","filename":"scrapping_dag.py","lineno":200}
{"timestamp":"2026-01-06T09:49:12.861262Z","level":"info","event":"Formatting title: After School Special","logger":"root","filename":"scrapping_dag.py","lineno":200}
{"timestamp":"2026-01-06T09:49:12.861285Z","level":"info","event":"Formatting title: Afterlife","logger":"root","filename":"scrapping_dag.py","lineno":200}
{"timestamp":"2026-01-06T09:49:12.861308Z","level":"info","event":"Formatting title: Agnes Of God","logger":"root","filename":"scrapping_dag.py","lineno":200}
{"timestamp":"2026-01-06T09:49:12.861331Z","level":"info","event":"Formatting title: Alien Nation","logger":"root","filename":"scrapping_dag.py","lineno":200}
{"timestamp":"2026-01-06T09:49:12.861355Z","level":"info","event":"Formatting title: Alien Vs Predator","logger":"root","filename":"scrapping_dag.py","lineno":200}
{"timestamp":"2026-01-06T09:49:12.861378Z","level":"info","event":"Formatting title: All About Steve","logger":"root","filename":"scrapping_dag.py","lineno":200}
{"timestamp":"2026-01-06T09:49:12.861402Z","level":"info","event":"Formatting title: All The Kings Men","logger":"root","filename":"scrapping_dag.py","lineno":200}
{"timestamp":"2026-01-06T09:49:12.861426Z","level":"info","event":"Formatting title: Alone In The Dark","logger":"root","filename":"scrapping_dag.py","lineno":200}
{"timestamp":"2026-01-06T09:49:12.861473Z","level":"info","event":"Formatting title: Amelia","logger":"root","filename":"scrapping_dag.py","lineno":200}
{"timestamp":"2026-01-06T09:49:12.861506Z","level":"info","event":"Formatting title: American Gangster","logger":"root","filename":"scrapping_dag.py","lineno":200}
{"timestamp":"2026-01-06T09:49:12.861533Z","level":"info","event":"Formatting title: American History X","logger":"root","filename":"scrapping_dag.py","lineno":200}
{"timestamp":"2026-01-06T09:49:12.861560Z","level":"info","event":"Formatting title: American Madness","logger":"root","filename":"scrapping_dag.py","lineno":200}
{"timestamp":"2026-01-06T09:49:12.861585Z","level":"info","event":"Formatting title: American Milkshake","logger":"root","filename":"scrapping_dag.py","lineno":200}
{"timestamp":"2026-01-06T09:49:12.861610Z","level":"info","event":"Formatting title: American Outlaws","logger":"root","filename":"scrapping_dag.py","lineno":200}
{"timestamp":"2026-01-06T09:49:12.861637Z","level":"info","event":"Formatting title: American President The","logger":"root","filename":"scrapping_dag.py","lineno":200}
{"timestamp":"2026-01-06T09:49:12.861662Z","level":"info","event":"Formatting title: American Shaolin King Of Kickboxers 2","logger":"root","filename":"scrapping_dag.py","lineno":200}
{"timestamp":"2026-01-06T09:49:12.861688Z","level":"info","event":"Formatting title: American Splendor","logger":"root","filename":"scrapping_dag.py","lineno":200}
{"timestamp":"2026-01-06T09:49:12.861714Z","level":"info","event":"Formatting title: American Werewolf In London","logger":"root","filename":"scrapping_dag.py","lineno":200}
{"timestamp":"2026-01-06T09:49:12.861740Z","level":"info","event":"Formatting title: American The","logger":"root","filename":"scrapping_dag.py","lineno":200}
{"timestamp":"2026-01-06T09:49:12.861764Z","level":"info","event":"Formatting title: Amityville Asylum The","logger":"root","filename":"scrapping_dag.py","lineno":200}
{"timestamp":"2026-01-06T09:49:12.861790Z","level":"info","event":"Formatting title: An Education","logger":"root","filename":"scrapping_dag.py","lineno":200}
{"timestamp":"2026-01-06T09:49:12.861815Z","level":"info","event":"Formatting title: Angels & Demons","logger":"root","filename":"scrapping_dag.py","lineno":200}
{"timestamp":"2026-01-06T09:49:12.861839Z","level":"info","event":"Formatting title: Anna Karenina","logger":"root","filename":"scrapping_dag.py","lineno":200}
{"timestamp":"2026-01-06T09:49:12.861877Z","level":"info","event":"Formatting title: Anniversary Party The","logger":"root","filename":"scrapping_dag.py","lineno":200}
{"timestamp":"2026-01-06T09:49:12.861903Z","level":"info","event":"Formatting title: Anonymous","logger":"root","filename":"scrapping_dag.py","lineno":200}
{"timestamp":"2026-01-06T09:49:12.861928Z","level":"info","event":"Formatting title: Antitrust","logger":"root","filename":"scrapping_dag.py","lineno":200}
{"timestamp":"2026-01-06T09:49:12.861952Z","level":"info","event":"Formatting title: Antz","logger":"root","filename":"scrapping_dag.py","lineno":200}
{"timestamp":"2026-01-06T09:49:12.861978Z","level":"info","event":"Formatting title: Apartment The","logger":"root","filename":"scrapping_dag.py","lineno":200}
{"timestamp":"2026-01-06T09:49:12.862003Z","level":"info","event":"Formatting title: Apollo 13","logger":"root","filename":"scrapping_dag.py","lineno":200}
{"timestamp":"2026-01-06T09:49:12.862028Z","level":"info","event":"Formatting title: April Fools Day","logger":"root","filename":"scrapping_dag.py","lineno":200}
{"timestamp":"2026-01-06T09:49:12.862053Z","level":"info","event":"Formatting title: Apt Pupil","logger":"root","filename":"scrapping_dag.py","lineno":200}
{"timestamp":"2026-01-06T09:49:12.862078Z","level":"info","event":"Formatting title: Arbitrage","logger":"root","filename":"scrapping_dag.py","lineno":200}
{"timestamp":"2026-01-06T09:49:12.862158Z","level":"info","event":"Formatting title: Arcade","logger":"root","filename":"scrapping_dag.py","lineno":200}
{"timestamp":"2026-01-06T09:49:12.862192Z","level":"info","event":"Formatting title: Arctic Blue","logger":"root","filename":"scrapping_dag.py","lineno":200}
{"timestamp":"2026-01-06T09:49:12.862221Z","level":"info","event":"Formatting title: Arsenic And Old Lace","logger":"root","filename":"scrapping_dag.py","lineno":200}
{"timestamp":"2026-01-06T09:49:12.862250Z","level":"info","event":"Formatting title: Arthur","logger":"root","filename":"scrapping_dag.py","lineno":200}
{"timestamp":"2026-01-06T09:49:12.862276Z","level":"info","event":"Formatting title: Artist The","logger":"root","filename":"scrapping_dag.py","lineno":200}
{"timestamp":"2026-01-06T09:49:12.862302Z","level":"info","event":"Formatting title: Assassins","logger":"root","filename":"scrapping_dag.py","lineno":200}
{"timestamp":"2026-01-06T09:49:12.862327Z","level":"info","event":"Formatting title: Assignment The","logger":"root","filename":"scrapping_dag.py","lineno":200}
{"timestamp":"2026-01-06T09:49:12.862353Z","level":"info","event":"Formatting title: At First Sight","logger":"root","filename":"scrapping_dag.py","lineno":200}
{"timestamp":"2026-01-06T09:49:12.862379Z","level":"info","event":"Formatting title: Austin Powers International Man Of Mystery","logger":"root","filename":"scrapping_dag.py","lineno":200}
{"timestamp":"2026-01-06T09:49:12.862407Z","level":"info","event":"Formatting title: Austin Powers The Spy Who Shagged Me","logger":"root","filename":"scrapping_dag.py","lineno":200}
{"timestamp":"2026-01-06T09:49:12.862433Z","level":"info","event":"Formatting title: Authors Anonymous","logger":"root","filename":"scrapping_dag.py","lineno":200}
{"timestamp":"2026-01-06T09:49:12.862459Z","level":"info","event":"Formatting title: Autumn In New York","logger":"root","filename":"scrapping_dag.py","lineno":200}
{"timestamp":"2026-01-06T09:49:12.862483Z","level":"info","event":"Formatting title: Avengers The","logger":"root","filename":"scrapping_dag.py","lineno":200}
{"timestamp":"2026-01-06T09:49:12.862507Z","level":"info","event":"Formatting title: Avengers The (2012)","logger":"root","filename":"scrapping_dag.py","lineno":200}
{"timestamp":"2026-01-06T09:49:12.862532Z","level":"info","event":"Formatting title: Avventura L (the Adventure)","logger":"root","filename":"scrapping_dag.py","lineno":200}
{"timestamp":"2026-01-06T09:49:12.862557Z","level":"info","event":"Formatting title: Awakenings","logger":"root","filename":"scrapping_dag.py","lineno":200}
{"timestamp":"2026-01-06T09:49:12.862582Z","level":"info","event":"Formatting title: Babel","logger":"root","filename":"scrapping_dag.py","lineno":200}
{"timestamp":"2026-01-06T09:49:12.862607Z","level":"info","event":"Formatting title: Bachelor Party","logger":"root","filename":"scrapping_dag.py","lineno":200}
{"timestamp":"2026-01-06T09:49:12.862632Z","level":"info","event":"Formatting title: Bachelor Party The","logger":"root","filename":"scrapping_dag.py","lineno":200}
{"timestamp":"2026-01-06T09:49:12.862657Z","level":"info","event":"Formatting title: Back To The Future 2 & 3","logger":"root","filename":"scrapping_dag.py","lineno":200}
{"timestamp":"2026-01-06T09:49:12.862683Z","level":"info","event":"Formatting title: Back Up Plan The","logger":"root","filename":"scrapping_dag.py","lineno":200}
{"timestamp":"2026-01-06T09:49:12.862708Z","level":"info","event":"Formatting title: Backdraft","logger":"root","filename":"scrapping_dag.py","lineno":200}
{"timestamp":"2026-01-06T09:49:12.862733Z","level":"info","event":"Formatting title: Bad Country","logger":"root","filename":"scrapping_dag.py","lineno":200}
{"timestamp":"2026-01-06T09:49:12.862762Z","level":"info","event":"Formatting title: Bad Day At Black Rock","logger":"root","filename":"scrapping_dag.py","lineno":200}
{"timestamp":"2026-01-06T09:49:12.862791Z","level":"info","event":"Formatting title: Bad Dreams","logger":"root","filename":"scrapping_dag.py","lineno":200}
{"timestamp":"2026-01-06T09:49:12.862816Z","level":"info","event":"Formatting title: Bamboozled","logger":"root","filename":"scrapping_dag.py","lineno":200}
{"timestamp":"2026-01-06T09:49:12.862848Z","level":"info","event":"Formatting title: Barry Lyndon","logger":"root","filename":"scrapping_dag.py","lineno":200}
{"timestamp":"2026-01-06T09:49:12.862879Z","level":"info","event":"Formatting title: Basic","logger":"root","filename":"scrapping_dag.py","lineno":200}
{"timestamp":"2026-01-06T09:49:12.862907Z","level":"info","event":"Formatting title: Basquiat","logger":"root","filename":"scrapping_dag.py","lineno":200}
{"timestamp":"2026-01-06T09:49:12.862935Z","level":"info","event":"Formatting title: Batman 2","logger":"root","filename":"scrapping_dag.py","lineno":200}
{"timestamp":"2026-01-06T09:49:12.862961Z","level":"info","event":"Formatting title: Batman And Robin","logger":"root","filename":"scrapping_dag.py","lineno":200}
{"timestamp":"2026-01-06T09:49:12.862991Z","level":"info","event":"Formatting title: Battle Of Algiers The","logger":"root","filename":"scrapping_dag.py","lineno":200}
{"timestamp":"2026-01-06T09:49:12.863022Z","level":"info","event":"Formatting title: Battle Of Shaker Heights The","logger":"root","filename":"scrapping_dag.py","lineno":200}
{"timestamp":"2026-01-06T09:49:12.863052Z","level":"info","event":"Formatting title: Battle Los Angeles","logger":"root","filename":"scrapping_dag.py","lineno":200}
{"timestamp":"2026-01-06T09:49:12.863082Z","level":"info","event":"Formatting title: Beach The","logger":"root","filename":"scrapping_dag.py","lineno":200}
{"timestamp":"2026-01-06T09:49:12.863109Z","level":"info","event":"Formatting title: Beasts Of No Nation","logger":"root","filename":"scrapping_dag.py","lineno":200}
{"timestamp":"2026-01-06T09:49:12.863141Z","level":"info","event":"Formatting title: Beasts Of The Southern Wild","logger":"root","filename":"scrapping_dag.py","lineno":200}
{"timestamp":"2026-01-06T09:49:12.863171Z","level":"info","event":"Formatting title: Beavis And Butt Head Do America","logger":"root","filename":"scrapping_dag.py","lineno":200}
{"timestamp":"2026-01-06T09:49:12.863198Z","level":"info","event":"Formatting title: Beekeeper The","logger":"root","filename":"scrapping_dag.py","lineno":200}
{"timestamp":"2026-01-06T09:49:12.863234Z","level":"info","event":"Formatting title: Being Human","logger":"root","filename":"scrapping_dag.py","lineno":200}
{"timestamp":"2026-01-06T09:49:12.863262Z","level":"info","event":"Formatting title: Believer The","logger":"root","filename":"scrapping_dag.py","lineno":200}
{"timestamp":"2026-01-06T09:49:12.863287Z","level":"info","event":"Formatting title: Beloved","logger":"root","filename":"scrapping_dag.py","lineno":200}
{"timestamp":"2026-01-06T09:49:12.863312Z","level":"info","event":"Formatting title: Benny & Joon","logger":"root","filename":"scrapping_dag.py","lineno":200}
{"timestamp":"2026-01-06T09:49:12.863337Z","level":"info","event":"Formatting title: Best Exotic Marigold Hotel The","logger":"root","filename":"scrapping_dag.py","lineno":200}
{"timestamp":"2026-01-06T09:49:12.863366Z","level":"info","event":"Formatting title: Big Blue The","logger":"root","filename":"scrapping_dag.py","lineno":200}
{"timestamp":"2026-01-06T09:49:12.863392Z","level":"info","event":"Formatting title: Big Eyes","logger":"root","filename":"scrapping_dag.py","lineno":200}
{"timestamp":"2026-01-06T09:49:12.863424Z","level":"info","event":"Formatting title: Big Lebowski The","logger":"root","filename":"scrapping_dag.py","lineno":200}
{"timestamp":"2026-01-06T09:49:12.863475Z","level":"info","event":"Formatting title: Big Sick The","logger":"root","filename":"scrapping_dag.py","lineno":200}
{"timestamp":"2026-01-06T09:49:12.863516Z","level":"info","event":"Formatting title: Big White The","logger":"root","filename":"scrapping_dag.py","lineno":200}
{"timestamp":"2026-01-06T09:49:12.863560Z","level":"info","event":"Formatting title: Birds The","logger":"root","filename":"scrapping_dag.py","lineno":200}
{"timestamp":"2026-01-06T09:49:12.863594Z","level":"info","event":"Formatting title: Birthday Girl","logger":"root","filename":"scrapping_dag.py","lineno":200}
{"timestamp":"2026-01-06T09:49:12.863627Z","level":"info","event":"Formatting title: Black Dahlia The","logger":"root","filename":"scrapping_dag.py","lineno":200}
{"timestamp":"2026-01-06T09:49:12.863660Z","level":"info","event":"Formatting title: Black Rain","logger":"root","filename":"scrapping_dag.py","lineno":200}
{"timestamp":"2026-01-06T09:49:12.863696Z","level":"info","event":"Formatting title: Black Snake Moan","logger":"root","filename":"scrapping_dag.py","lineno":200}
{"timestamp":"2026-01-06T09:49:12.863735Z","level":"info","event":"Formatting title: Blade 2","logger":"root","filename":"scrapping_dag.py","lineno":200}
{"timestamp":"2026-01-06T09:49:12.863774Z","level":"info","event":"Formatting title: Blade Trinity","logger":"root","filename":"scrapping_dag.py","lineno":200}
{"timestamp":"2026-01-06T09:49:12.863808Z","level":"info","event":"Formatting title: Blast From The Past The","logger":"root","filename":"scrapping_dag.py","lineno":200}
{"timestamp":"2026-01-06T09:49:12.863842Z","level":"info","event":"Formatting title: Blind Side The","logger":"root","filename":"scrapping_dag.py","lineno":200}
{"timestamp":"2026-01-06T09:49:12.863878Z","level":"info","event":"Formatting title: Bling Ring The","logger":"root","filename":"scrapping_dag.py","lineno":200}
{"timestamp":"2026-01-06T09:49:12.863917Z","level":"info","event":"Formatting title: Blood And Wine","logger":"root","filename":"scrapping_dag.py","lineno":200}
{"timestamp":"2026-01-06T09:49:12.863950Z","level":"info","event":"Formatting title: Blood Simple","logger":"root","filename":"scrapping_dag.py","lineno":200}
{"timestamp":"2026-01-06T09:49:12.863981Z","level":"info","event":"Formatting title: Blow","logger":"root","filename":"scrapping_dag.py","lineno":200}
{"timestamp":"2026-01-06T09:49:12.864016Z","level":"info","event":"Formatting title: Blues Brothers The","logger":"root","filename":"scrapping_dag.py","lineno":200}
{"timestamp":"2026-01-06T09:49:12.864049Z","level":"info","event":"Formatting title: Bodies Rest & Motion","logger":"root","filename":"scrapping_dag.py","lineno":200}
{"timestamp":"2026-01-06T09:49:12.864083Z","level":"info","event":"Formatting title: Body Of Evidence","logger":"root","filename":"scrapping_dag.py","lineno":200}
{"timestamp":"2026-01-06T09:49:12.864117Z","level":"info","event":"Formatting title: Bodyguard","logger":"root","filename":"scrapping_dag.py","lineno":200}
{"timestamp":"2026-01-06T09:49:12.864148Z","level":"info","event":"Formatting title: Bones","logger":"root","filename":"scrapping_dag.py","lineno":200}
{"timestamp":"2026-01-06T09:49:12.864193Z","level":"info","event":"Formatting title: Bonfire Of The Vanities","logger":"root","filename":"scrapping_dag.py","lineno":200}
{"timestamp":"2026-01-06T09:49:12.864225Z","level":"info","event":"Formatting title: Bonnie And Clyde","logger":"root","filename":"scrapping_dag.py","lineno":200}
{"timestamp":"2026-01-06T09:49:12.864255Z","level":"info","event":"Formatting title: Book Of Eli The","logger":"root","filename":"scrapping_dag.py","lineno":200}
{"timestamp":"2026-01-06T09:49:12.864286Z","level":"info","event":"Formatting title: Boondock Saints 2 All Saints Day","logger":"root","filename":"scrapping_dag.py","lineno":200}
{"timestamp":"2026-01-06T09:49:12.864320Z","level":"info","event":"Formatting title: Boondock Saints The","logger":"root","filename":"scrapping_dag.py","lineno":200}
{"timestamp":"2026-01-06T09:49:12.864351Z","level":"info","event":"Formatting title: Bottle Rocket","logger":"root","filename":"scrapping_dag.py","lineno":200}
{"timestamp":"2026-01-06T09:49:12.864379Z","level":"info","event":"Formatting title: Bounty Hunter The","logger":"root","filename":"scrapping_dag.py","lineno":200}
{"timestamp":"2026-01-06T09:49:12.864409Z","level":"info","event":"Formatting title: Bourne Identity The","logger":"root","filename":"scrapping_dag.py","lineno":200}
{"timestamp":"2026-01-06T09:49:12.864433Z","level":"info","event":"Formatting title: Bourne Supremacy The","logger":"root","filename":"scrapping_dag.py","lineno":200}
{"timestamp":"2026-01-06T09:49:12.864458Z","level":"info","event":"Formatting title: Bourne Ultimatum The","logger":"root","filename":"scrapping_dag.py","lineno":200}
{"timestamp":"2026-01-06T09:49:12.864482Z","level":"info","event":"Formatting title: Box The","logger":"root","filename":"scrapping_dag.py","lineno":200}
{"timestamp":"2026-01-06T09:49:12.864507Z","level":"info","event":"Formatting title: Boxtrolls The","logger":"root","filename":"scrapping_dag.py","lineno":200}
{"timestamp":"2026-01-06T09:49:12.864533Z","level":"info","event":"Formatting title: Brazil","logger":"root","filename":"scrapping_dag.py","lineno":200}
{"timestamp":"2026-01-06T09:49:12.864557Z","level":"info","event":"Formatting title: Break","logger":"root","filename":"scrapping_dag.py","lineno":200}
{"timestamp":"2026-01-06T09:49:12.864587Z","level":"info","event":"Formatting title: Breakdown","logger":"root","filename":"scrapping_dag.py","lineno":200}
{"timestamp":"2026-01-06T09:49:12.864616Z","level":"info","event":"Formatting title: Breakfast Club The","logger":"root","filename":"scrapping_dag.py","lineno":200}
{"timestamp":"2026-01-06T09:49:12.864644Z","level":"info","event":"Formatting title: Bringing Out The Dead","logger":"root","filename":"scrapping_dag.py","lineno":200}
{"timestamp":"2026-01-06T09:49:12.864669Z","level":"info","event":"Formatting title: Broken Embraces","logger":"root","filename":"scrapping_dag.py","lineno":200}
{"timestamp":"2026-01-06T09:49:12.864697Z","level":"info","event":"Formatting title: Brothers Bloom The","logger":"root","filename":"scrapping_dag.py","lineno":200}
{"timestamp":"2026-01-06T09:49:12.864721Z","level":"info","event":"Formatting title: Bruce Almighty","logger":"root","filename":"scrapping_dag.py","lineno":200}
{"timestamp":"2026-01-06T09:49:12.864747Z","level":"info","event":"Formatting title: Brutalist The","logger":"root","filename":"scrapping_dag.py","lineno":200}
{"timestamp":"2026-01-06T09:49:12.864773Z","level":"info","event":"Formatting title: Bull Durham","logger":"root","filename":"scrapping_dag.py","lineno":200}
{"timestamp":"2026-01-06T09:49:12.864806Z","level":"info","event":"Formatting title: Burlesque","logger":"root","filename":"scrapping_dag.py","lineno":200}
{"timestamp":"2026-01-06T09:49:12.864835Z","level":"info","event":"Formatting title: Burning Annie","logger":"root","filename":"scrapping_dag.py","lineno":200}
{"timestamp":"2026-01-06T09:49:12.864865Z","level":"info","event":"Formatting title: Butterfly Effect The","logger":"root","filename":"scrapping_dag.py","lineno":200}
{"timestamp":"2026-01-06T09:49:12.864897Z","level":"info","event":"Formatting title: Cable Guy","logger":"root","filename":"scrapping_dag.py","lineno":200}
{"timestamp":"2026-01-06T09:49:12.864931Z","level":"info","event":"Formatting title: Candle To Water","logger":"root","filename":"scrapping_dag.py","lineno":200}
{"timestamp":"2026-01-06T09:49:12.864957Z","level":"info","event":"Formatting title: Cars 2","logger":"root","filename":"scrapping_dag.py","lineno":200}
{"timestamp":"2026-01-06T09:49:12.864987Z","level":"info","event":"Formatting title: Case 39","logger":"root","filename":"scrapping_dag.py","lineno":200}
{"timestamp":"2026-01-06T09:49:12.865015Z","level":"info","event":"Formatting title: Catwoman","logger":"root","filename":"scrapping_dag.py","lineno":200}
{"timestamp":"2026-01-06T09:49:12.865044Z","level":"info","event":"Formatting title: Cecil B Demented","logger":"root","filename":"scrapping_dag.py","lineno":200}
{"timestamp":"2026-01-06T09:49:12.865071Z","level":"info","event":"Formatting title: Cedar Rapids","logger":"root","filename":"scrapping_dag.py","lineno":200}
{"timestamp":"2026-01-06T09:49:12.865107Z","level":"info","event":"Formatting title: Celeste & Jesse Forever","logger":"root","filename":"scrapping_dag.py","lineno":200}
{"timestamp":"2026-01-06T09:49:12.865136Z","level":"info","event":"Formatting title: Cell The","logger":"root","filename":"scrapping_dag.py","lineno":200}
{"timestamp":"2026-01-06T09:49:12.865161Z","level":"info","event":"Formatting title: Cellular","logger":"root","filename":"scrapping_dag.py","lineno":200}
{"timestamp":"2026-01-06T09:49:12.865187Z","level":"info","event":"Formatting title: Change Up The","logger":"root","filename":"scrapping_dag.py","lineno":200}
{"timestamp":"2026-01-06T09:49:12.865215Z","level":"info","event":"Formatting title: Changeling","logger":"root","filename":"scrapping_dag.py","lineno":200}
{"timestamp":"2026-01-06T09:49:12.865243Z","level":"info","event":"Formatting title: Chaos","logger":"root","filename":"scrapping_dag.py","lineno":200}
{"timestamp":"2026-01-06T09:49:12.865271Z","level":"info","event":"Formatting title: Charade","logger":"root","filename":"scrapping_dag.py","lineno":200}
{"timestamp":"2026-01-06T09:49:12.865299Z","level":"info","event":"Formatting title: Charlies Angels","logger":"root","filename":"scrapping_dag.py","lineno":200}
{"timestamp":"2026-01-06T09:49:12.865333Z","level":"info","event":"Formatting title: Chasing Sleep","logger":"root","filename":"scrapping_dag.py","lineno":200}
{"timestamp":"2026-01-06T09:49:12.865362Z","level":"info","event":"Formatting title: Cherry Falls","logger":"root","filename":"scrapping_dag.py","lineno":200}
{"timestamp":"2026-01-06T09:49:12.865387Z","level":"info","event":"Formatting title: Christ Complex","logger":"root","filename":"scrapping_dag.py","lineno":200}
{"timestamp":"2026-01-06T09:49:12.865416Z","level":"info","event":"Formatting title: Chronicles Of Narnia The Lion The Witch And The Wardrobe","logger":"root","filename":"scrapping_dag.py","lineno":200}
{"timestamp":"2026-01-06T09:49:12.865446Z","level":"info","event":"Formatting title: Cider House Rules The","logger":"root","filename":"scrapping_dag.py","lineno":200}
{"timestamp":"2026-01-06T09:49:12.865503Z","level":"info","event":"Formatting title: Cincinnati Kid The","logger":"root","filename":"scrapping_dag.py","lineno":200}
{"timestamp":"2026-01-06T09:49:12.865538Z","level":"info","event":"Formatting title: Cinema Paradiso","logger":"root","filename":"scrapping_dag.py","lineno":200}
{"timestamp":"2026-01-06T09:49:12.865566Z","level":"info","event":"Formatting title: Cirque Du Freak The Vampires Assistant","logger":"root","filename":"scrapping_dag.py","lineno":200}
{"timestamp":"2026-01-06T09:49:12.865595Z","level":"info","event":"Formatting title: City Of Joy","logger":"root","filename":"scrapping_dag.py","lineno":200}
{"timestamp":"2026-01-06T09:49:12.865621Z","level":"info","event":"Formatting title: Clash Of The Titans","logger":"root","filename":"scrapping_dag.py","lineno":200}
{"timestamp":"2026-01-06T09:49:12.865648Z","level":"info","event":"Formatting title: Cliffhanger","logger":"root","filename":"scrapping_dag.py","lineno":200}
{"timestamp":"2026-01-06T09:49:12.865673Z","level":"info","event":"Formatting title: Clockwork Orange A","logger":"root","filename":"scrapping_dag.py","lineno":200}
{"timestamp":"2026-01-06T09:49:12.865698Z","level":"info","event":"Formatting title: Clueless","logger":"root","filename":"scrapping_dag.py","lineno":200}
{"timestamp":"2026-01-06T09:49:12.865723Z","level":"info","event":"Formatting title: Cobb","logger":"root","filename":"scrapping_dag.py","lineno":200}
{"timestamp":"2026-01-06T09:49:12.865749Z","level":"info","event":"Formatting title: Code Of Silence","logger":"root","filename":"scrapping_dag.py","lineno":200}
{"timestamp":"2026-01-06T09:49:12.865774Z","level":"info","event":"Formatting title: Collateral Damage","logger":"root","filename":"scrapping_dag.py","lineno":200}
{"timestamp":"2026-01-06T09:49:12.865805Z","level":"info","event":"Formatting title: Colombiana","logger":"root","filename":"scrapping_dag.py","lineno":200}
{"timestamp":"2026-01-06T09:49:12.865831Z","level":"info","event":"Formatting title: Color Purple The","logger":"root","filename":"scrapping_dag.py","lineno":200}
{"timestamp":"2026-01-06T09:49:12.865856Z","level":"info","event":"Formatting title: Conan The Barbarian","logger":"root","filename":"scrapping_dag.py","lineno":200}
{"timestamp":"2026-01-06T09:49:12.865881Z","level":"info","event":"Formatting title: Confessions Of A Dangerous Mind","logger":"root","filename":"scrapping_dag.py","lineno":200}
{"timestamp":"2026-01-06T09:49:12.865907Z","level":"info","event":"Formatting title: Confidence","logger":"root","filename":"scrapping_dag.py","lineno":200}
{"timestamp":"2026-01-06T09:49:12.865932Z","level":"info","event":"Formatting title: Cooler The","logger":"root","filename":"scrapping_dag.py","lineno":200}
{"timestamp":"2026-01-06T09:49:12.865958Z","level":"info","event":"Formatting title: Coriolanus","logger":"root","filename":"scrapping_dag.py","lineno":200}
{"timestamp":"2026-01-06T09:49:12.865983Z","level":"info","event":"Formatting title: Cowboys & Aliens","logger":"root","filename":"scrapping_dag.py","lineno":200}
{"timestamp":"2026-01-06T09:49:12.866008Z","level":"info","event":"Formatting title: Cradle 2 The Grave","logger":"root","filename":"scrapping_dag.py","lineno":200}
{"timestamp":"2026-01-06T09:49:12.866034Z","level":"info","event":"Formatting title: Crank","logger":"root","filename":"scrapping_dag.py","lineno":200}
{"timestamp":"2026-01-06T09:49:12.866060Z","level":"info","event":"Formatting title: Crazylove","logger":"root","filename":"scrapping_dag.py","lineno":200}
{"timestamp":"2026-01-06T09:49:12.866128Z","level":"info","event":"Formatting title: Creation","logger":"root","filename":"scrapping_dag.py","lineno":200}
{"timestamp":"2026-01-06T09:49:12.866174Z","level":"info","event":"Formatting title: Crime Spree","logger":"root","filename":"scrapping_dag.py","lineno":200}
{"timestamp":"2026-01-06T09:49:12.866204Z","level":"info","event":"Formatting title: Croods The","logger":"root","filename":"scrapping_dag.py","lineno":200}
{"timestamp":"2026-01-06T09:49:12.866233Z","level":"info","event":"Formatting title: Crouching Tiger Hidden Dragon","logger":"root","filename":"scrapping_dag.py","lineno":200}
{"timestamp":"2026-01-06T09:49:12.866264Z","level":"info","event":"Formatting title: Croupier","logger":"root","filename":"scrapping_dag.py","lineno":200}
{"timestamp":"2026-01-06T09:49:12.866295Z","level":"info","event":"Formatting title: Crow Salvation The","logger":"root","filename":"scrapping_dag.py","lineno":200}
{"timestamp":"2026-01-06T09:49:12.866323Z","level":"info","event":"Formatting title: Crow The","logger":"root","filename":"scrapping_dag.py","lineno":200}
{"timestamp":"2026-01-06T09:49:12.866350Z","level":"info","event":"Formatting title: Crow City Of Angels The","logger":"root","filename":"scrapping_dag.py","lineno":200}
{"timestamp":"2026-01-06T09:49:12.866375Z","level":"info","event":"Formatting title: Cruel Intentions","logger":"root","filename":"scrapping_dag.py","lineno":200}
{"timestamp":"2026-01-06T09:49:12.866401Z","level":"info","event":"Formatting title: Crying Game","logger":"root","filename":"scrapping_dag.py","lineno":200}
{"timestamp":"2026-01-06T09:49:12.866427Z","level":"info","event":"Formatting title: Cube","logger":"root","filename":"scrapping_dag.py","lineno":200}
{"timestamp":"2026-01-06T09:49:12.866454Z","level":"info","event":"Formatting title: Curious Case Of Benjamin Button The","logger":"root","filename":"scrapping_dag.py","lineno":200}
{"timestamp":"2026-01-06T09:49:12.866481Z","level":"info","event":"Formatting title: Custody","logger":"root","filename":"scrapping_dag.py","lineno":200}
{"timestamp":"2026-01-06T09:49:12.925499Z","level":"info","event":"Formatting title: Damned United The","logger":"root","filename":"scrapping_dag.py","lineno":200}
{"timestamp":"2026-01-06T09:49:12.925624Z","level":"info","event":"Formatting title: Danish Girl The","logger":"root","filename":"scrapping_dag.py","lineno":200}
{"timestamp":"2026-01-06T09:49:12.925681Z","level":"info","event":"Formatting title: Dark Knight Rises The","logger":"root","filename":"scrapping_dag.py","lineno":200}
{"timestamp":"2026-01-06T09:49:12.925719Z","level":"info","event":"Formatting title: Dark Knight The","logger":"root","filename":"scrapping_dag.py","lineno":200}
{"timestamp":"2026-01-06T09:49:12.925753Z","level":"info","event":"Formatting title: Dark Star","logger":"root","filename":"scrapping_dag.py","lineno":200}
{"timestamp":"2026-01-06T09:49:12.925788Z","level":"info","event":"Formatting title: Date Night","logger":"root","filename":"scrapping_dag.py","lineno":200}
{"timestamp":"2026-01-06T09:49:12.925822Z","level":"info","event":"Formatting title: Dave Barrys Complete Guide To Guys","logger":"root","filename":"scrapping_dag.py","lineno":200}
{"timestamp":"2026-01-06T09:49:12.925857Z","level":"info","event":"Formatting title: Day Of The Dead","logger":"root","filename":"scrapping_dag.py","lineno":200}
{"timestamp":"2026-01-06T09:49:12.925891Z","level":"info","event":"Formatting title: Day The Clown Cried The","logger":"root","filename":"scrapping_dag.py","lineno":200}
{"timestamp":"2026-01-06T09:49:12.925921Z","level":"info","event":"Formatting title: Day The Earth Stood Still The","logger":"root","filename":"scrapping_dag.py","lineno":200}
{"timestamp":"2026-01-06T09:49:12.925959Z","level":"info","event":"Formatting title: Death To Smoochy","logger":"root","filename":"scrapping_dag.py","lineno":200}
{"timestamp":"2026-01-06T09:49:12.925998Z","level":"info","event":"Formatting title: Debt The","logger":"root","filename":"scrapping_dag.py","lineno":200}
{"timestamp":"2026-01-06T09:49:12.926039Z","level":"info","event":"Formatting title: Deception","logger":"root","filename":"scrapping_dag.py","lineno":200}
{"timestamp":"2026-01-06T09:49:12.926076Z","level":"info","event":"Formatting title: Deep Cover","logger":"root","filename":"scrapping_dag.py","lineno":200}
{"timestamp":"2026-01-06T09:49:12.926132Z","level":"info","event":"Formatting title: Deep Rising","logger":"root","filename":"scrapping_dag.py","lineno":200}
{"timestamp":"2026-01-06T09:49:12.926165Z","level":"info","event":"Formatting title: Deer Hunter The","logger":"root","filename":"scrapping_dag.py","lineno":200}
{"timestamp":"2026-01-06T09:49:12.926198Z","level":"info","event":"Formatting title: Defiance","logger":"root","filename":"scrapping_dag.py","lineno":200}
{"timestamp":"2026-01-06T09:49:12.926233Z","level":"info","event":"Formatting title: Departed The","logger":"root","filename":"scrapping_dag.py","lineno":200}
{"timestamp":"2026-01-06T09:49:12.926298Z","level":"info","event":"Formatting title: Descendants The","logger":"root","filename":"scrapping_dag.py","lineno":200}
{"timestamp":"2026-01-06T09:49:12.926334Z","level":"info","event":"Formatting title: Despicable Me 2","logger":"root","filename":"scrapping_dag.py","lineno":200}
{"timestamp":"2026-01-06T09:49:12.926368Z","level":"info","event":"Formatting title: Detroit Rock City","logger":"root","filename":"scrapping_dag.py","lineno":200}
{"timestamp":"2026-01-06T09:49:12.926404Z","level":"info","event":"Formatting title: Devil In A Blue Dress","logger":"root","filename":"scrapping_dag.py","lineno":200}
{"timestamp":"2026-01-06T09:49:12.926447Z","level":"info","event":"Formatting title: Devil Wears Prada The","logger":"root","filename":"scrapping_dag.py","lineno":200}
{"timestamp":"2026-01-06T09:49:12.926480Z","level":"info","event":"Formatting title: Devils Advocate","logger":"root","filename":"scrapping_dag.py","lineno":200}
{"timestamp":"2026-01-06T09:49:12.926510Z","level":"info","event":"Formatting title: Diner","logger":"root","filename":"scrapping_dag.py","lineno":200}
{"timestamp":"2026-01-06T09:49:12.926540Z","level":"info","event":"Formatting title: Distinguished Gentleman The","logger":"root","filename":"scrapping_dag.py","lineno":200}
{"timestamp":"2026-01-06T09:49:12.926567Z","level":"info","event":"Formatting title: Disturbia","logger":"root","filename":"scrapping_dag.py","lineno":200}
{"timestamp":"2026-01-06T09:49:12.926594Z","level":"info","event":"Formatting title: Dog Day Afternoon","logger":"root","filename":"scrapping_dag.py","lineno":200}
{"timestamp":"2026-01-06T09:49:12.926621Z","level":"info","event":"Formatting title: Doors The","logger":"root","filename":"scrapping_dag.py","lineno":200}
{"timestamp":"2026-01-06T09:49:12.926647Z","level":"info","event":"Formatting title: Double Indemnity","logger":"root","filename":"scrapping_dag.py","lineno":200}
{"timestamp":"2026-01-06T09:49:12.926677Z","level":"info","event":"Formatting title: Dragonslayer","logger":"root","filename":"scrapping_dag.py","lineno":200}
{"timestamp":"2026-01-06T09:49:12.926704Z","level":"info","event":"Formatting title: Drive Angry","logger":"root","filename":"scrapping_dag.py","lineno":200}
{"timestamp":"2026-01-06T09:49:12.926733Z","level":"info","event":"Formatting title: Drop Dead Gorgeous","logger":"root","filename":"scrapping_dag.py","lineno":200}
{"timestamp":"2026-01-06T09:49:12.926761Z","level":"info","event":"Formatting title: Dry White Season A","logger":"root","filename":"scrapping_dag.py","lineno":200}
{"timestamp":"2026-01-06T09:49:12.926793Z","level":"info","event":"Formatting title: Duck Soup","logger":"root","filename":"scrapping_dag.py","lineno":200}
{"timestamp":"2026-01-06T09:49:12.926843Z","level":"info","event":"Formatting title: Dumb And Dumber","logger":"root","filename":"scrapping_dag.py","lineno":200}
{"timestamp":"2026-01-06T09:49:12.926872Z","level":"info","event":"Formatting title: Dune Part One","logger":"root","filename":"scrapping_dag.py","lineno":200}
{"timestamp":"2026-01-06T09:49:12.926901Z","level":"info","event":"Formatting title: Et","logger":"root","filename":"scrapping_dag.py","lineno":200}
{"timestamp":"2026-01-06T09:49:12.926931Z","level":"info","event":"Formatting title: Eagle Eye","logger":"root","filename":"scrapping_dag.py","lineno":200}
{"timestamp":"2026-01-06T09:49:12.926957Z","level":"info","event":"Formatting title: Eastern Promises","logger":"root","filename":"scrapping_dag.py","lineno":200}
{"timestamp":"2026-01-06T09:49:12.926988Z","level":"info","event":"Formatting title: Ed Tv","logger":"root","filename":"scrapping_dag.py","lineno":200}
{"timestamp":"2026-01-06T09:49:12.927017Z","level":"info","event":"Formatting title: Eight Legged Freaks","logger":"root","filename":"scrapping_dag.py","lineno":200}
{"timestamp":"2026-01-06T09:49:12.927043Z","level":"info","event":"Formatting title: El Mariachi","logger":"root","filename":"scrapping_dag.py","lineno":200}
{"timestamp":"2026-01-06T09:49:12.927099Z","level":"info","event":"Formatting title: Elephant Man The","logger":"root","filename":"scrapping_dag.py","lineno":200}
{"timestamp":"2026-01-06T09:49:12.927147Z","level":"info","event":"Formatting title: Elizabeth The Golden Age","logger":"root","filename":"scrapping_dag.py","lineno":200}
{"timestamp":"2026-01-06T09:49:12.927180Z","level":"info","event":"Formatting title: Enemy Of The State","logger":"root","filename":"scrapping_dag.py","lineno":200}
{"timestamp":"2026-01-06T09:49:12.927210Z","level":"info","event":"Formatting title: English Patient The","logger":"root","filename":"scrapping_dag.py","lineno":200}
{"timestamp":"2026-01-06T09:49:12.927239Z","level":"info","event":"Formatting title: Enough","logger":"root","filename":"scrapping_dag.py","lineno":200}
{"timestamp":"2026-01-06T09:49:12.927266Z","level":"info","event":"Formatting title: Entrapment","logger":"root","filename":"scrapping_dag.py","lineno":200}
{"timestamp":"2026-01-06T09:49:12.927293Z","level":"info","event":"Formatting title: Equilibrium","logger":"root","filename":"scrapping_dag.py","lineno":200}
{"timestamp":"2026-01-06T09:49:12.927318Z","level":"info","event":"Formatting title: Erik The Viking","logger":"root","filename":"scrapping_dag.py","lineno":200}
{"timestamp":"2026-01-06T09:49:12.927344Z","level":"info","event":"Formatting title: Escape From La","logger":"root","filename":"scrapping_dag.py","lineno":200}
{"timestamp":"2026-01-06T09:49:12.927376Z","level":"info","event":"Formatting title: Escape From New York","logger":"root","filename":"scrapping_dag.py","lineno":200}
{"timestamp":"2026-01-06T09:49:12.927405Z","level":"info","event":"Formatting title: Even Cowgirls Get The Blues","logger":"root","filename":"scrapping_dag.py","lineno":200}
{"timestamp":"2026-01-06T09:49:12.927435Z","level":"info","event":"Formatting title: Evil Dead 2 Dead By Dawn","logger":"root","filename":"scrapping_dag.py","lineno":200}
{"timestamp":"2026-01-06T09:49:12.927463Z","level":"info","event":"Formatting title: Executive Decision","logger":"root","filename":"scrapping_dag.py","lineno":200}
{"timestamp":"2026-01-06T09:49:12.927489Z","level":"info","event":"Formatting title: Existenz","logger":"root","filename":"scrapping_dag.py","lineno":200}
{"timestamp":"2026-01-06T09:49:12.927516Z","level":"info","event":"Formatting title: Extract","logger":"root","filename":"scrapping_dag.py","lineno":200}
{"timestamp":"2026-01-06T09:49:12.927545Z","level":"info","event":"Formatting title: Fabulous Baker Boys The","logger":"root","filename":"scrapping_dag.py","lineno":200}
{"timestamp":"2026-01-06T09:49:12.927570Z","level":"info","event":"Formatting title: Face Off","logger":"root","filename":"scrapping_dag.py","lineno":200}
{"timestamp":"2026-01-06T09:49:12.927594Z","level":"info","event":"Formatting title: Fair Game","logger":"root","filename":"scrapping_dag.py","lineno":200}
{"timestamp":"2026-01-06T09:49:12.927618Z","level":"info","event":"Formatting title: Fairytale A True Story","logger":"root","filename":"scrapping_dag.py","lineno":200}
{"timestamp":"2026-01-06T09:49:12.927645Z","level":"info","event":"Formatting title: Family Man The","logger":"root","filename":"scrapping_dag.py","lineno":200}
{"timestamp":"2026-01-06T09:49:12.927676Z","level":"info","event":"Formatting title: Fantastic Four","logger":"root","filename":"scrapping_dag.py","lineno":200}
{"timestamp":"2026-01-06T09:49:12.927714Z","level":"info","event":"Formatting title: Fast Times At Ridgemont High","logger":"root","filename":"scrapping_dag.py","lineno":200}
{"timestamp":"2026-01-06T09:49:12.927743Z","level":"info","event":"Formatting title: Fatal Instinct","logger":"root","filename":"scrapping_dag.py","lineno":200}
{"timestamp":"2026-01-06T09:49:12.927776Z","level":"info","event":"Formatting title: Fault In Our Stars The","logger":"root","filename":"scrapping_dag.py","lineno":200}
{"timestamp":"2026-01-06T09:49:12.927805Z","level":"info","event":"Formatting title: Fear And Loathing In Las Vegas","logger":"root","filename":"scrapping_dag.py","lineno":200}
{"timestamp":"2026-01-06T09:49:12.927831Z","level":"info","event":"Formatting title: Feast","logger":"root","filename":"scrapping_dag.py","lineno":200}
{"timestamp":"2026-01-06T09:49:12.927857Z","level":"info","event":"Formatting title: Fifth Element The","logger":"root","filename":"scrapping_dag.py","lineno":200}
{"timestamp":"2026-01-06T09:49:12.927892Z","level":"info","event":"Formatting title: Fighter The","logger":"root","filename":"scrapping_dag.py","lineno":200}
{"timestamp":"2026-01-06T09:49:12.927925Z","level":"info","event":"Formatting title: Final Destination 2","logger":"root","filename":"scrapping_dag.py","lineno":200}
{"timestamp":"2026-01-06T09:49:12.927953Z","level":"info","event":"Formatting title: Five Easy Pieces","logger":"root","filename":"scrapping_dag.py","lineno":200}
{"timestamp":"2026-01-06T09:49:12.927978Z","level":"info","event":"Formatting title: Flash Gordon","logger":"root","filename":"scrapping_dag.py","lineno":200}
{"timestamp":"2026-01-06T09:49:12.928008Z","level":"info","event":"Formatting title: Fletch","logger":"root","filename":"scrapping_dag.py","lineno":200}
{"timestamp":"2026-01-06T09:49:12.928033Z","level":"info","event":"Formatting title: Flintstones The","logger":"root","filename":"scrapping_dag.py","lineno":200}
{"timestamp":"2026-01-06T09:49:12.928059Z","level":"info","event":"Formatting title: Four Feathers","logger":"root","filename":"scrapping_dag.py","lineno":200}
{"timestamp":"2026-01-06T09:49:12.928083Z","level":"info","event":"Formatting title: Fracture","logger":"root","filename":"scrapping_dag.py","lineno":200}
{"timestamp":"2026-01-06T09:49:12.928108Z","level":"info","event":"Formatting title: Frances","logger":"root","filename":"scrapping_dag.py","lineno":200}
{"timestamp":"2026-01-06T09:49:12.928133Z","level":"info","event":"Formatting title: Frankenstein","logger":"root","filename":"scrapping_dag.py","lineno":200}
{"timestamp":"2026-01-06T09:49:12.928159Z","level":"info","event":"Formatting title: Freaked","logger":"root","filename":"scrapping_dag.py","lineno":200}
{"timestamp":"2026-01-06T09:49:12.928184Z","level":"info","event":"Formatting title: French Connection The","logger":"root","filename":"scrapping_dag.py","lineno":200}
{"timestamp":"2026-01-06T09:49:12.928210Z","level":"info","event":"Formatting title: Friday The 13th Part 8 Jason Takes Manhattan","logger":"root","filename":"scrapping_dag.py","lineno":200}
{"timestamp":"2026-01-06T09:49:12.928239Z","level":"info","event":"Formatting title: Fright Night","logger":"root","filename":"scrapping_dag.py","lineno":200}
{"timestamp":"2026-01-06T09:49:12.928269Z","level":"info","event":"Formatting title: Fright Night (1985)","logger":"root","filename":"scrapping_dag.py","lineno":200}
{"timestamp":"2026-01-06T09:49:12.928295Z","level":"info","event":"Formatting title: From Here To Eternity","logger":"root","filename":"scrapping_dag.py","lineno":200}
{"timestamp":"2026-01-06T09:49:12.928320Z","level":"info","event":"Formatting title: Frozen (disney)","logger":"root","filename":"scrapping_dag.py","lineno":200}
{"timestamp":"2026-01-06T09:49:12.928348Z","level":"info","event":"Formatting title: Frozen River","logger":"root","filename":"scrapping_dag.py","lineno":200}
{"timestamp":"2026-01-06T09:49:12.928377Z","level":"info","event":"Formatting title: Fugitive The","logger":"root","filename":"scrapping_dag.py","lineno":200}
{"timestamp":"2026-01-06T09:49:12.928404Z","level":"info","event":"Formatting title: Funny People","logger":"root","filename":"scrapping_dag.py","lineno":200}
{"timestamp":"2026-01-06T09:49:12.928433Z","level":"info","event":"Formatting title: Gi Jane","logger":"root","filename":"scrapping_dag.py","lineno":200}
{"timestamp":"2026-01-06T09:49:12.928461Z","level":"info","event":"Formatting title: Gi Joe The Rise Of Cobra","logger":"root","filename":"scrapping_dag.py","lineno":200}
{"timestamp":"2026-01-06T09:49:12.928497Z","level":"info","event":"Formatting title: Game 6","logger":"root","filename":"scrapping_dag.py","lineno":200}
{"timestamp":"2026-01-06T09:49:12.928541Z","level":"info","event":"Formatting title: Game The","logger":"root","filename":"scrapping_dag.py","lineno":200}
{"timestamp":"2026-01-06T09:49:12.928589Z","level":"info","event":"Formatting title: Gamer","logger":"root","filename":"scrapping_dag.py","lineno":200}
{"timestamp":"2026-01-06T09:49:12.928622Z","level":"info","event":"Formatting title: Gandhi","logger":"root","filename":"scrapping_dag.py","lineno":200}
{"timestamp":"2026-01-06T09:49:12.928657Z","level":"info","event":"Formatting title: Gang Related","logger":"root","filename":"scrapping_dag.py","lineno":200}
{"timestamp":"2026-01-06T09:49:12.928685Z","level":"info","event":"Formatting title: Gangs Of New York","logger":"root","filename":"scrapping_dag.py","lineno":200}
{"timestamp":"2026-01-06T09:49:12.928712Z","level":"info","event":"Formatting title: Get Shorty","logger":"root","filename":"scrapping_dag.py","lineno":200}
{"timestamp":"2026-01-06T09:49:12.928737Z","level":"info","event":"Formatting title: Getaway The","logger":"root","filename":"scrapping_dag.py","lineno":200}
{"timestamp":"2026-01-06T09:49:12.928762Z","level":"info","event":"Formatting title: Ghost And The Darkness The","logger":"root","filename":"scrapping_dag.py","lineno":200}
{"timestamp":"2026-01-06T09:49:12.928788Z","level":"info","event":"Formatting title: Ghost Ship","logger":"root","filename":"scrapping_dag.py","lineno":200}
{"timestamp":"2026-01-06T09:49:12.928814Z","level":"info","event":"Formatting title: Ghost World","logger":"root","filename":"scrapping_dag.py","lineno":200}
{"timestamp":"2026-01-06T09:49:12.928839Z","level":"info","event":"Formatting title: Girl With The Dragon Tattoo The","logger":"root","filename":"scrapping_dag.py","lineno":200}
{"timestamp":"2026-01-06T09:49:12.928867Z","level":"info","event":"Formatting title: Glengarry Glen Gross","logger":"root","filename":"scrapping_dag.py","lineno":200}
{"timestamp":"2026-01-06T09:49:12.928894Z","level":"info","event":"Formatting title: Go","logger":"root","filename":"scrapping_dag.py","lineno":200}
{"timestamp":"2026-01-06T09:49:12.928922Z","level":"info","event":"Formatting title: Godfather","logger":"root","filename":"scrapping_dag.py","lineno":200}
{"timestamp":"2026-01-06T09:49:12.928949Z","level":"info","event":"Formatting title: Godfather Part 2","logger":"root","filename":"scrapping_dag.py","lineno":200}
{"timestamp":"2026-01-06T09:49:12.928982Z","level":"info","event":"Formatting title: Godfather Part 3 The","logger":"root","filename":"scrapping_dag.py","lineno":200}
{"timestamp":"2026-01-06T09:49:12.929012Z","level":"info","event":"Formatting title: Gods And Monsters","logger":"root","filename":"scrapping_dag.py","lineno":200}
{"timestamp":"2026-01-06T09:49:12.929039Z","level":"info","event":"Formatting title: Gone In 60 Seconds","logger":"root","filename":"scrapping_dag.py","lineno":200}
{"timestamp":"2026-01-06T09:49:12.929066Z","level":"info","event":"Formatting title: Good Girl The","logger":"root","filename":"scrapping_dag.py","lineno":200}
{"timestamp":"2026-01-06T09:49:12.929124Z","level":"info","event":"Formatting title: Gothika","logger":"root","filename":"scrapping_dag.py","lineno":200}
{"timestamp":"2026-01-06T09:49:12.929160Z","level":"info","event":"Formatting title: Grabbers","logger":"root","filename":"scrapping_dag.py","lineno":200}
{"timestamp":"2026-01-06T09:49:12.929190Z","level":"info","event":"Formatting title: Graduate The","logger":"root","filename":"scrapping_dag.py","lineno":200}
{"timestamp":"2026-01-06T09:49:12.929218Z","level":"info","event":"Formatting title: Gran Torino","logger":"root","filename":"scrapping_dag.py","lineno":200}
{"timestamp":"2026-01-06T09:49:12.929244Z","level":"info","event":"Formatting title: Grand Hotel","logger":"root","filename":"scrapping_dag.py","lineno":200}
{"timestamp":"2026-01-06T09:49:12.929270Z","level":"info","event":"Formatting title: Grand Theft Parsons","logger":"root","filename":"scrapping_dag.py","lineno":200}
{"timestamp":"2026-01-06T09:49:12.929296Z","level":"info","event":"Formatting title: Grapes Of Wrath The","logger":"root","filename":"scrapping_dag.py","lineno":200}
{"timestamp":"2026-01-06T09:49:12.929323Z","level":"info","event":"Formatting title: Great Gatsby The","logger":"root","filename":"scrapping_dag.py","lineno":200}
{"timestamp":"2026-01-06T09:49:12.929356Z","level":"info","event":"Formatting title: Green Mile The","logger":"root","filename":"scrapping_dag.py","lineno":200}
{"timestamp":"2026-01-06T09:49:12.929385Z","level":"info","event":"Formatting title: Gremlins 2","logger":"root","filename":"scrapping_dag.py","lineno":200}
{"timestamp":"2026-01-06T09:49:12.929410Z","level":"info","event":"Formatting title: Grifters The","logger":"root","filename":"scrapping_dag.py","lineno":200}
{"timestamp":"2026-01-06T09:49:12.929435Z","level":"info","event":"Formatting title: Grosse Point Blank","logger":"root","filename":"scrapping_dag.py","lineno":200}
{"timestamp":"2026-01-06T09:49:12.929460Z","level":"info","event":"Formatting title: Grudge The","logger":"root","filename":"scrapping_dag.py","lineno":200}
{"timestamp":"2026-01-06T09:49:12.929484Z","level":"info","event":"Formatting title: Halloween The Curse Of Michael Myers","logger":"root","filename":"scrapping_dag.py","lineno":200}
{"timestamp":"2026-01-06T09:49:12.929509Z","level":"info","event":"Formatting title: Hancock","logger":"root","filename":"scrapping_dag.py","lineno":200}
{"timestamp":"2026-01-06T09:49:12.929538Z","level":"info","event":"Formatting title: Hangover The","logger":"root","filename":"scrapping_dag.py","lineno":200}
{"timestamp":"2026-01-06T09:49:12.929569Z","level":"info","event":"Formatting title: Hannibal","logger":"root","filename":"scrapping_dag.py","lineno":200}
{"timestamp":"2026-01-06T09:49:12.929596Z","level":"info","event":"Formatting title: Happy Birthday Wanda June","logger":"root","filename":"scrapping_dag.py","lineno":200}
{"timestamp":"2026-01-06T09:49:12.929715Z","level":"info","event":"Formatting title: Happy Feet","logger":"root","filename":"scrapping_dag.py","lineno":200}
{"timestamp":"2026-01-06T09:49:12.929758Z","level":"info","event":"Formatting title: Hard Rain","logger":"root","filename":"scrapping_dag.py","lineno":200}
{"timestamp":"2026-01-06T09:49:12.929789Z","level":"info","event":"Formatting title: Hard To Kill","logger":"root","filename":"scrapping_dag.py","lineno":200}
{"timestamp":"2026-01-06T09:49:12.929840Z","level":"info","event":"Formatting title: Harold And Kumar Go To White Castle","logger":"root","filename":"scrapping_dag.py","lineno":200}
{"timestamp":"2026-01-06T09:49:12.929867Z","level":"info","event":"Formatting title: Haunting The","logger":"root","filename":"scrapping_dag.py","lineno":200}
{"timestamp":"2026-01-06T09:49:12.929898Z","level":"info","event":"Formatting title: Hes Just Not That Into You","logger":"root","filename":"scrapping_dag.py","lineno":200}
{"timestamp":"2026-01-06T09:49:12.929925Z","level":"info","event":"Formatting title: Heavenly Creatures","logger":"root","filename":"scrapping_dag.py","lineno":200}
{"timestamp":"2026-01-06T09:49:12.929950Z","level":"info","event":"Formatting title: Hebrew Hammer The","logger":"root","filename":"scrapping_dag.py","lineno":200}
{"timestamp":"2026-01-06T09:49:12.929975Z","level":"info","event":"Formatting title: Heist","logger":"root","filename":"scrapping_dag.py","lineno":200}
{"timestamp":"2026-01-06T09:49:12.930001Z","level":"info","event":"Formatting title: Hellboy 2 The Golden Army","logger":"root","filename":"scrapping_dag.py","lineno":200}
{"timestamp":"2026-01-06T09:49:12.930025Z","level":"info","event":"Formatting title: Hellraiser 3 Hell On Earth","logger":"root","filename":"scrapping_dag.py","lineno":200}
{"timestamp":"2026-01-06T09:49:12.930050Z","level":"info","event":"Formatting title: Help The","logger":"root","filename":"scrapping_dag.py","lineno":200}
{"timestamp":"2026-01-06T09:49:12.930075Z","level":"info","event":"Formatting title: Henry Fool","logger":"root","filename":"scrapping_dag.py","lineno":200}
{"timestamp":"2026-01-06T09:49:12.930117Z","level":"info","event":"Formatting title: Henrys Crime","logger":"root","filename":"scrapping_dag.py","lineno":200}
{"timestamp":"2026-01-06T09:49:12.930145Z","level":"info","event":"Formatting title: Here Comes Peter Cottontail","logger":"root","filename":"scrapping_dag.py","lineno":200}
{"timestamp":"2026-01-06T09:49:12.930172Z","level":"info","event":"Formatting title: Hesher","logger":"root","filename":"scrapping_dag.py","lineno":200}
{"timestamp":"2026-01-06T09:49:12.930202Z","level":"info","event":"Formatting title: Highlander","logger":"root","filename":"scrapping_dag.py","lineno":200}
{"timestamp":"2026-01-06T09:49:12.930228Z","level":"info","event":"Formatting title: Highlander Endgame","logger":"root","filename":"scrapping_dag.py","lineno":200}
{"timestamp":"2026-01-06T09:49:12.930253Z","level":"info","event":"Formatting title: Hills Have Eyes The","logger":"root","filename":"scrapping_dag.py","lineno":200}
{"timestamp":"2026-01-06T09:49:12.930280Z","level":"info","event":"Formatting title: His Girl Friday","logger":"root","filename":"scrapping_dag.py","lineno":200}
{"timestamp":"2026-01-06T09:49:12.930307Z","level":"info","event":"Formatting title: Hitchhikers Guide To The Galaxy The","logger":"root","filename":"scrapping_dag.py","lineno":200}
{"timestamp":"2026-01-06T09:49:12.930333Z","level":"info","event":"Formatting title: Holdovers The","logger":"root","filename":"scrapping_dag.py","lineno":200}
{"timestamp":"2026-01-06T09:49:12.930357Z","level":"info","event":"Formatting title: Honeydripper","logger":"root","filename":"scrapping_dag.py","lineno":200}
{"timestamp":"2026-01-06T09:49:12.930381Z","level":"info","event":"Formatting title: Horse Whisperer The","logger":"root","filename":"scrapping_dag.py","lineno":200}
{"timestamp":"2026-01-06T09:49:12.930411Z","level":"info","event":"Formatting title: Hospital The","logger":"root","filename":"scrapping_dag.py","lineno":200}
{"timestamp":"2026-01-06T09:49:12.930438Z","level":"info","event":"Formatting title: Hostage","logger":"root","filename":"scrapping_dag.py","lineno":200}
{"timestamp":"2026-01-06T09:49:12.930462Z","level":"info","event":"Formatting title: Hot Tub Time Machine","logger":"root","filename":"scrapping_dag.py","lineno":200}
{"timestamp":"2026-01-06T09:49:12.930486Z","level":"info","event":"Formatting title: Hotel Rwanda","logger":"root","filename":"scrapping_dag.py","lineno":200}
{"timestamp":"2026-01-06T09:49:12.930510Z","level":"info","event":"Formatting title: House Of 1000 Corpses","logger":"root","filename":"scrapping_dag.py","lineno":200}
{"timestamp":"2026-01-06T09:49:12.930534Z","level":"info","event":"Formatting title: How To Lose Friends & Alienate People","logger":"root","filename":"scrapping_dag.py","lineno":200}
{"timestamp":"2026-01-06T09:49:12.930559Z","level":"info","event":"Formatting title: Hudson Hawk","logger":"root","filename":"scrapping_dag.py","lineno":200}
{"timestamp":"2026-01-06T09:49:12.930584Z","level":"info","event":"Formatting title: Hudsucker Proxy The","logger":"root","filename":"scrapping_dag.py","lineno":200}
{"timestamp":"2026-01-06T09:49:12.930611Z","level":"info","event":"Formatting title: Human Nature","logger":"root","filename":"scrapping_dag.py","lineno":200}
{"timestamp":"2026-01-06T09:49:12.930635Z","level":"info","event":"Formatting title: Hunt For Red October The","logger":"root","filename":"scrapping_dag.py","lineno":200}
{"timestamp":"2026-01-06T09:49:12.930660Z","level":"info","event":"Formatting title: Hurt Locker The","logger":"root","filename":"scrapping_dag.py","lineno":200}
{"timestamp":"2026-01-06T09:49:12.930683Z","level":"info","event":"Formatting title: I Am Number Four","logger":"root","filename":"scrapping_dag.py","lineno":200}
{"timestamp":"2026-01-06T09:49:12.930707Z","level":"info","event":"Formatting title: I Am Sam","logger":"root","filename":"scrapping_dag.py","lineno":200}
{"timestamp":"2026-01-06T09:49:12.930730Z","level":"info","event":"Formatting title: I Love You Phillip Morris","logger":"root","filename":"scrapping_dag.py","lineno":200}
{"timestamp":"2026-01-06T09:49:12.930753Z","level":"info","event":"Formatting title: I Spit On Your Grave","logger":"root","filename":"scrapping_dag.py","lineno":200}
{"timestamp":"2026-01-06T09:49:12.930778Z","level":"info","event":"Formatting title: I Still Know What You Did Last Summer","logger":"root","filename":"scrapping_dag.py","lineno":200}
{"timestamp":"2026-01-06T09:49:12.930803Z","level":"info","event":"Formatting title: Ill Do Anything","logger":"root","filename":"scrapping_dag.py","lineno":200}
{"timestamp":"2026-01-06T09:49:12.930827Z","level":"info","event":"Formatting title: I Robot","logger":"root","filename":"scrapping_dag.py","lineno":200}
{"timestamp":"2026-01-06T09:49:12.930852Z","level":"info","event":"Formatting title: Ice Storm The","logger":"root","filename":"scrapping_dag.py","lineno":200}
{"timestamp":"2026-01-06T09:49:12.930876Z","level":"info","event":"Formatting title: Ides Of March The","logger":"root","filename":"scrapping_dag.py","lineno":200}
{"timestamp":"2026-01-06T09:49:12.930901Z","level":"info","event":"Formatting title: Imaginarium Of Doctor Parnassus The","logger":"root","filename":"scrapping_dag.py","lineno":200}
{"timestamp":"2026-01-06T09:49:12.930925Z","level":"info","event":"Formatting title: In The Bedroom","logger":"root","filename":"scrapping_dag.py","lineno":200}
{"timestamp":"2026-01-06T09:49:12.930950Z","level":"info","event":"Formatting title: In The Loop","logger":"root","filename":"scrapping_dag.py","lineno":200}
{"timestamp":"2026-01-06T09:49:12.930974Z","level":"info","event":"Formatting title: Incredibles The","logger":"root","filename":"scrapping_dag.py","lineno":200}
{"timestamp":"2026-01-06T09:49:12.930999Z","level":"info","event":"Formatting title: Indiana Jones And The Raiders Of The Lost Ark","logger":"root","filename":"scrapping_dag.py","lineno":200}
{"timestamp":"2026-01-06T09:49:12.931024Z","level":"info","event":"Formatting title: Indiana Jones 4","logger":"root","filename":"scrapping_dag.py","lineno":200}
{"timestamp":"2026-01-06T09:49:12.931048Z","level":"info","event":"Formatting title: Informant The","logger":"root","filename":"scrapping_dag.py","lineno":200}
{"timestamp":"2026-01-06T09:49:12.931071Z","level":"info","event":"Formatting title: Insider The","logger":"root","filename":"scrapping_dag.py","lineno":200}
{"timestamp":"2026-01-06T09:49:12.931114Z","level":"info","event":"Formatting title: Into The Wild","logger":"root","filename":"scrapping_dag.py","lineno":200}
{"timestamp":"2026-01-06T09:49:12.931150Z","level":"info","event":"Formatting title: Intolerable Cruelty","logger":"root","filename":"scrapping_dag.py","lineno":200}
{"timestamp":"2026-01-06T09:49:12.931178Z","level":"info","event":"Formatting title: Inventing The Abbotts","logger":"root","filename":"scrapping_dag.py","lineno":200}
{"timestamp":"2026-01-06T09:49:12.931205Z","level":"info","event":"Formatting title: Invention Of Lying The","logger":"root","filename":"scrapping_dag.py","lineno":200}
{"timestamp":"2026-01-06T09:49:12.931232Z","level":"info","event":"Formatting title: Invictus","logger":"root","filename":"scrapping_dag.py","lineno":200}
{"timestamp":"2026-01-06T09:49:12.931258Z","level":"info","event":"Formatting title: Iron Claw The","logger":"root","filename":"scrapping_dag.py","lineno":200}
{"timestamp":"2026-01-06T09:49:12.931284Z","level":"info","event":"Formatting title: Iron Lady The","logger":"root","filename":"scrapping_dag.py","lineno":200}
{"timestamp":"2026-01-06T09:49:12.931309Z","level":"info","event":"Formatting title: Island The","logger":"root","filename":"scrapping_dag.py","lineno":200}
{"timestamp":"2026-01-06T09:49:12.931335Z","level":"info","event":"Formatting title: It Happened One Night","logger":"root","filename":"scrapping_dag.py","lineno":200}
{"timestamp":"2026-01-06T09:49:12.931364Z","level":"info","event":"Formatting title: It Happened One Night","logger":"root","filename":"scrapping_dag.py","lineno":200}
{"timestamp":"2026-01-06T09:49:12.931393Z","level":"info","event":"Formatting title: Italian Job The","logger":"root","filename":"scrapping_dag.py","lineno":200}
{"timestamp":"2026-01-06T09:49:12.931420Z","level":"info","event":"Formatting title: Jacket The","logger":"root","filename":"scrapping_dag.py","lineno":200}
{"timestamp":"2026-01-06T09:49:12.931456Z","level":"info","event":"Formatting title: Jade","logger":"root","filename":"scrapping_dag.py","lineno":200}
{"timestamp":"2026-01-06T09:49:12.931486Z","level":"info","event":"Formatting title: Jason X","logger":"root","filename":"scrapping_dag.py","lineno":200}
{"timestamp":"2026-01-06T09:49:12.931519Z","level":"info","event":"Formatting title: Jay And Silent Bob Strike Back","logger":"root","filename":"scrapping_dag.py","lineno":200}
{"timestamp":"2026-01-06T09:49:12.931558Z","level":"info","event":"Formatting title: Jennifer Eight","logger":"root","filename":"scrapping_dag.py","lineno":200}
{"timestamp":"2026-01-06T09:49:12.931598Z","level":"info","event":"Formatting title: Jeux Interdits","logger":"root","filename":"scrapping_dag.py","lineno":200}
{"timestamp":"2026-01-06T09:49:12.931640Z","level":"info","event":"Formatting title: Jimmy And Judy","logger":"root","filename":"scrapping_dag.py","lineno":200}
{"timestamp":"2026-01-06T09:49:12.931679Z","level":"info","event":"Formatting title: John Q","logger":"root","filename":"scrapping_dag.py","lineno":200}
{"timestamp":"2026-01-06T09:49:12.931709Z","level":"info","event":"Formatting title: Judge Dredd","logger":"root","filename":"scrapping_dag.py","lineno":200}
{"timestamp":"2026-01-06T09:49:12.931737Z","level":"info","event":"Formatting title: Jurassic Park 3","logger":"root","filename":"scrapping_dag.py","lineno":200}
{"timestamp":"2026-01-06T09:49:12.931768Z","level":"info","event":"Formatting title: Jurassic Park The Lost World","logger":"root","filename":"scrapping_dag.py","lineno":200}
{"timestamp":"2026-01-06T09:49:12.931798Z","level":"info","event":"Formatting title: Kafka","logger":"root","filename":"scrapping_dag.py","lineno":200}
{"timestamp":"2026-01-06T09:49:12.931827Z","level":"info","event":"Formatting title: Kalifornia","logger":"root","filename":"scrapping_dag.py","lineno":200}
{"timestamp":"2026-01-06T09:49:12.931854Z","level":"info","event":"Formatting title: Kate & Leopold","logger":"root","filename":"scrapping_dag.py","lineno":200}
{"timestamp":"2026-01-06T09:49:12.931879Z","level":"info","event":"Formatting title: Kids Are All Right The","logger":"root","filename":"scrapping_dag.py","lineno":200}
{"timestamp":"2026-01-06T09:49:12.931904Z","level":"info","event":"Formatting title: Kill Bill Volume 1 & 2","logger":"root","filename":"scrapping_dag.py","lineno":200}
{"timestamp":"2026-01-06T09:49:12.931929Z","level":"info","event":"Formatting title: Killer The","logger":"root","filename":"scrapping_dag.py","lineno":200}
{"timestamp":"2026-01-06T09:49:12.931960Z","level":"info","event":"Formatting title: Killing Zoe","logger":"root","filename":"scrapping_dag.py","lineno":200}
{"timestamp":"2026-01-06T09:49:12.931990Z","level":"info","event":"Formatting title: King Of Comedy The","logger":"root","filename":"scrapping_dag.py","lineno":200}
{"timestamp":"2026-01-06T09:49:12.932016Z","level":"info","event":"Formatting title: Kings Speech The","logger":"root","filename":"scrapping_dag.py","lineno":200}
{"timestamp":"2026-01-06T09:49:12.932045Z","level":"info","event":"Formatting title: Kingdom The","logger":"root","filename":"scrapping_dag.py","lineno":200}
{"timestamp":"2026-01-06T09:49:12.932147Z","level":"info","event":"Formatting title: Klute","logger":"root","filename":"scrapping_dag.py","lineno":200}
{"timestamp":"2026-01-06T09:49:12.932465Z","level":"info","event":"Formatting title: Kundun","logger":"root","filename":"scrapping_dag.py","lineno":200}
{"timestamp":"2026-01-06T09:49:12.932749Z","level":"info","event":"Formatting title: Kung Fu Panda","logger":"root","filename":"scrapping_dag.py","lineno":200}
{"timestamp":"2026-01-06T09:49:12.932791Z","level":"info","event":"Formatting title: Labor Of Love","logger":"root","filename":"scrapping_dag.py","lineno":200}
{"timestamp":"2026-01-06T09:49:12.932830Z","level":"info","event":"Formatting title: Labyrinth","logger":"root","filename":"scrapping_dag.py","lineno":200}
{"timestamp":"2026-01-06T09:49:12.932952Z","level":"info","event":"Formatting title: Ladykillers The","logger":"root","filename":"scrapping_dag.py","lineno":200}
{"timestamp":"2026-01-06T09:49:12.933144Z","level":"info","event":"Formatting title: Land Of The Dead","logger":"root","filename":"scrapping_dag.py","lineno":200}
{"timestamp":"2026-01-06T09:49:12.933397Z","level":"info","event":"Formatting title: Larry Crowne","logger":"root","filename":"scrapping_dag.py","lineno":200}
{"timestamp":"2026-01-06T09:49:12.933505Z","level":"info","event":"Formatting title: Last Boy Scout The","logger":"root","filename":"scrapping_dag.py","lineno":200}
{"timestamp":"2026-01-06T09:49:12.933548Z","level":"info","event":"Formatting title: Last Chance Harvey","logger":"root","filename":"scrapping_dag.py","lineno":200}
{"timestamp":"2026-01-06T09:49:12.933580Z","level":"info","event":"Formatting title: Last Flight The","logger":"root","filename":"scrapping_dag.py","lineno":200}
{"timestamp":"2026-01-06T09:49:12.933640Z","level":"info","event":"Formatting title: Last Of The Mohicans The","logger":"root","filename":"scrapping_dag.py","lineno":200}
{"timestamp":"2026-01-06T09:49:12.933701Z","level":"info","event":"Formatting title: Last Samurai The","logger":"root","filename":"scrapping_dag.py","lineno":200}
{"timestamp":"2026-01-06T09:49:12.933747Z","level":"info","event":"Formatting title: Last Station The","logger":"root","filename":"scrapping_dag.py","lineno":200}
{"timestamp":"2026-01-06T09:49:12.933794Z","level":"info","event":"Formatting title: Last Tango In Paris","logger":"root","filename":"scrapping_dag.py","lineno":200}
{"timestamp":"2026-01-06T09:49:12.995682Z","level":"info","event":"Formatting title: Le Diable Par La Queue","logger":"root","filename":"scrapping_dag.py","lineno":200}
{"timestamp":"2026-01-06T09:49:12.995925Z","level":"info","event":"Formatting title: Legally Blonde","logger":"root","filename":"scrapping_dag.py","lineno":200}
{"timestamp":"2026-01-06T09:49:12.996031Z","level":"info","event":"Formatting title: Legion","logger":"root","filename":"scrapping_dag.py","lineno":200}
{"timestamp":"2026-01-06T09:49:12.996130Z","level":"info","event":"Formatting title: Lego Movie The","logger":"root","filename":"scrapping_dag.py","lineno":200}
{"timestamp":"2026-01-06T09:49:12.996213Z","level":"info","event":"Formatting title: Les Miserables","logger":"root","filename":"scrapping_dag.py","lineno":200}
{"timestamp":"2026-01-06T09:49:12.996344Z","level":"info","event":"Formatting title: Les Tontons Flingueurs","logger":"root","filename":"scrapping_dag.py","lineno":200}
{"timestamp":"2026-01-06T09:49:12.996458Z","level":"info","event":"Formatting title: Leviathan","logger":"root","filename":"scrapping_dag.py","lineno":200}
{"timestamp":"2026-01-06T09:49:12.996546Z","level":"info","event":"Formatting title: Life","logger":"root","filename":"scrapping_dag.py","lineno":200}
{"timestamp":"2026-01-06T09:49:12.996629Z","level":"info","event":"Formatting title: Life As A House","logger":"root","filename":"scrapping_dag.py","lineno":200}
{"timestamp":"2026-01-06T09:49:12.996720Z","level":"info","event":"Formatting title: Life Of David Gale The","logger":"root","filename":"scrapping_dag.py","lineno":200}
{"timestamp":"2026-01-06T09:49:12.996802Z","level":"info","event":"Formatting title: Light Sleeper","logger":"root","filename":"scrapping_dag.py","lineno":200}
{"timestamp":"2026-01-06T09:49:12.996938Z","level":"info","event":"Formatting title: Limey The","logger":"root","filename":"scrapping_dag.py","lineno":200}
{"timestamp":"2026-01-06T09:49:12.997268Z","level":"info","event":"Formatting title: Limitless","logger":"root","filename":"scrapping_dag.py","lineno":200}
{"timestamp":"2026-01-06T09:49:12.997554Z","level":"info","event":"Formatting title: Lincoln Lawyer The","logger":"root","filename":"scrapping_dag.py","lineno":200}
{"timestamp":"2026-01-06T09:49:12.997666Z","level":"info","event":"Formatting title: Lion King The","logger":"root","filename":"scrapping_dag.py","lineno":200}
{"timestamp":"2026-01-06T09:49:12.997750Z","level":"info","event":"Formatting title: Little Athens","logger":"root","filename":"scrapping_dag.py","lineno":200}
{"timestamp":"2026-01-06T09:49:12.997819Z","level":"info","event":"Formatting title: Little Men","logger":"root","filename":"scrapping_dag.py","lineno":200}
{"timestamp":"2026-01-06T09:49:12.997881Z","level":"info","event":"Formatting title: Little Mermaid The","logger":"root","filename":"scrapping_dag.py","lineno":200}
{"timestamp":"2026-01-06T09:49:12.997941Z","level":"info","event":"Formatting title: Little Nicky","logger":"root","filename":"scrapping_dag.py","lineno":200}
{"timestamp":"2026-01-06T09:49:12.998032Z","level":"info","event":"Formatting title: Living In Oblivion","logger":"root","filename":"scrapping_dag.py","lineno":200}
{"timestamp":"2026-01-06T09:49:12.998224Z","level":"info","event":"Formatting title: Logans Run","logger":"root","filename":"scrapping_dag.py","lineno":200}
{"timestamp":"2026-01-06T09:49:12.998334Z","level":"info","event":"Formatting title: Lone Star","logger":"root","filename":"scrapping_dag.py","lineno":200}
{"timestamp":"2026-01-06T09:49:12.998404Z","level":"info","event":"Formatting title: Long Kiss Goodnight The","logger":"root","filename":"scrapping_dag.py","lineno":200}
{"timestamp":"2026-01-06T09:49:12.998434Z","level":"info","event":"Formatting title: Lord Of Illusions","logger":"root","filename":"scrapping_dag.py","lineno":200}
{"timestamp":"2026-01-06T09:49:12.998479Z","level":"info","event":"Formatting title: Lord Of The Rings Fellowship Of The Ring The","logger":"root","filename":"scrapping_dag.py","lineno":200}
{"timestamp":"2026-01-06T09:49:12.998523Z","level":"info","event":"Formatting title: Lord Of The Rings Return Of The King","logger":"root","filename":"scrapping_dag.py","lineno":200}
{"timestamp":"2026-01-06T09:49:12.998605Z","level":"info","event":"Formatting title: Lord Of The Rings The Two Towers","logger":"root","filename":"scrapping_dag.py","lineno":200}
{"timestamp":"2026-01-06T09:49:12.998688Z","level":"info","event":"Formatting title: Lord Of War","logger":"root","filename":"scrapping_dag.py","lineno":200}
{"timestamp":"2026-01-06T09:49:12.998765Z","level":"info","event":"Formatting title: Losers The","logger":"root","filename":"scrapping_dag.py","lineno":200}
{"timestamp":"2026-01-06T09:49:12.998891Z","level":"info","event":"Formatting title: Lost Horizon","logger":"root","filename":"scrapping_dag.py","lineno":200}
{"timestamp":"2026-01-06T09:49:12.999027Z","level":"info","event":"Formatting title: Lost In Space","logger":"root","filename":"scrapping_dag.py","lineno":200}
{"timestamp":"2026-01-06T09:49:12.999125Z","level":"info","event":"Formatting title: Love And Basketball","logger":"root","filename":"scrapping_dag.py","lineno":200}
{"timestamp":"2026-01-06T09:49:12.999201Z","level":"info","event":"Formatting title: Machete","logger":"root","filename":"scrapping_dag.py","lineno":200}
{"timestamp":"2026-01-06T09:49:12.999269Z","level":"info","event":"Formatting title: Machine Gun Preacher","logger":"root","filename":"scrapping_dag.py","lineno":200}
{"timestamp":"2026-01-06T09:49:12.999336Z","level":"info","event":"Formatting title: Mad Max 2 The Road Warrior","logger":"root","filename":"scrapping_dag.py","lineno":200}
{"timestamp":"2026-01-06T09:49:12.999403Z","level":"info","event":"Formatting title: Made","logger":"root","filename":"scrapping_dag.py","lineno":200}
{"timestamp":"2026-01-06T09:49:12.999469Z","level":"info","event":"Formatting title: Majestic The (the Bijou)","logger":"root","filename":"scrapping_dag.py","lineno":200}
{"timestamp":"2026-01-06T09:49:12.999520Z","level":"info","event":"Formatting title: Major League","logger":"root","filename":"scrapping_dag.py","lineno":200}
{"timestamp":"2026-01-06T09:49:12.999556Z","level":"info","event":"Formatting title: Man In The Iron Mask","logger":"root","filename":"scrapping_dag.py","lineno":200}
{"timestamp":"2026-01-06T09:49:12.999587Z","level":"info","event":"Formatting title: Man Trouble","logger":"root","filename":"scrapping_dag.py","lineno":200}
{"timestamp":"2026-01-06T09:49:12.999616Z","level":"info","event":"Formatting title: Man Who Knew Too Much The","logger":"root","filename":"scrapping_dag.py","lineno":200}
{"timestamp":"2026-01-06T09:49:12.999647Z","level":"info","event":"Formatting title: Man Who Wasnt There The","logger":"root","filename":"scrapping_dag.py","lineno":200}
{"timestamp":"2026-01-06T09:49:12.999677Z","level":"info","event":"Formatting title: Manchurian Candidate The","logger":"root","filename":"scrapping_dag.py","lineno":200}
{"timestamp":"2026-01-06T09:49:12.999705Z","level":"info","event":"Formatting title: Manhattan Murder Mystery","logger":"root","filename":"scrapping_dag.py","lineno":200}
{"timestamp":"2026-01-06T09:49:12.999734Z","level":"info","event":"Formatting title: Manhunter","logger":"root","filename":"scrapping_dag.py","lineno":200}
{"timestamp":"2026-01-06T09:49:12.999786Z","level":"info","event":"Formatting title: Margaret","logger":"root","filename":"scrapping_dag.py","lineno":200}
{"timestamp":"2026-01-06T09:49:12.999820Z","level":"info","event":"Formatting title: Margot At The Wedding","logger":"root","filename":"scrapping_dag.py","lineno":200}
{"timestamp":"2026-01-06T09:49:12.999867Z","level":"info","event":"Formatting title: Mariachi El","logger":"root","filename":"scrapping_dag.py","lineno":200}
{"timestamp":"2026-01-06T09:49:12.999903Z","level":"info","event":"Formatting title: Marley & Me","logger":"root","filename":"scrapping_dag.py","lineno":200}
{"timestamp":"2026-01-06T09:49:12.999952Z","level":"info","event":"Formatting title: Martha Marcy May Marlene","logger":"root","filename":"scrapping_dag.py","lineno":200}
{"timestamp":"2026-01-06T09:49:12.999991Z","level":"info","event":"Formatting title: Martian The","logger":"root","filename":"scrapping_dag.py","lineno":200}
{"timestamp":"2026-01-06T09:49:13.000022Z","level":"info","event":"Formatting title: Marty","logger":"root","filename":"scrapping_dag.py","lineno":200}
{"timestamp":"2026-01-06T09:49:13.000055Z","level":"info","event":"Formatting title: Mask The","logger":"root","filename":"scrapping_dag.py","lineno":200}
{"timestamp":"2026-01-06T09:49:13.000103Z","level":"info","event":"Formatting title: Master And Commander","logger":"root","filename":"scrapping_dag.py","lineno":200}
{"timestamp":"2026-01-06T09:49:13.000140Z","level":"info","event":"Formatting title: Master The","logger":"root","filename":"scrapping_dag.py","lineno":200}
{"timestamp":"2026-01-06T09:49:13.000169Z","level":"info","event":"Formatting title: Matchstick Men","logger":"root","filename":"scrapping_dag.py","lineno":200}
{"timestamp":"2026-01-06T09:49:13.000198Z","level":"info","event":"Formatting title: Matrix Reloaded The","logger":"root","filename":"scrapping_dag.py","lineno":200}
{"timestamp":"2026-01-06T09:49:13.000229Z","level":"info","event":"Formatting title: Matrix The","logger":"root","filename":"scrapping_dag.py","lineno":200}
{"timestamp":"2026-01-06T09:49:13.000263Z","level":"info","event":"Formatting title: Max Payne","logger":"root","filename":"scrapping_dag.py","lineno":200}
{"timestamp":"2026-01-06T09:49:13.000301Z","level":"info","event":"Formatting title: Mechanic The","logger":"root","filename":"scrapping_dag.py","lineno":200}
{"timestamp":"2026-01-06T09:49:13.000343Z","level":"info","event":"Formatting title: Meet Joe Black","logger":"root","filename":"scrapping_dag.py","lineno":200}
{"timestamp":"2026-01-06T09:49:13.000385Z","level":"info","event":"Formatting title: Meet John Doe","logger":"root","filename":"scrapping_dag.py","lineno":200}
{"timestamp":"2026-01-06T09:49:13.000437Z","level":"info","event":"Formatting title: Men In Black 3","logger":"root","filename":"scrapping_dag.py","lineno":200}
{"timestamp":"2026-01-06T09:49:13.000500Z","level":"info","event":"Formatting title: Men Who Stare At Goats The","logger":"root","filename":"scrapping_dag.py","lineno":200}
{"timestamp":"2026-01-06T09:49:13.000548Z","level":"info","event":"Formatting title: Menu The","logger":"root","filename":"scrapping_dag.py","lineno":200}
{"timestamp":"2026-01-06T09:49:13.000607Z","level":"info","event":"Formatting title: Metro","logger":"root","filename":"scrapping_dag.py","lineno":200}
{"timestamp":"2026-01-06T09:49:13.000671Z","level":"info","event":"Formatting title: Miami Vice","logger":"root","filename":"scrapping_dag.py","lineno":200}
{"timestamp":"2026-01-06T09:49:13.000732Z","level":"info","event":"Formatting title: Midnight Express","logger":"root","filename":"scrapping_dag.py","lineno":200}
{"timestamp":"2026-01-06T09:49:13.000799Z","level":"info","event":"Formatting title: Mighty Joe Young","logger":"root","filename":"scrapping_dag.py","lineno":200}
{"timestamp":"2026-01-06T09:49:13.000940Z","level":"info","event":"Formatting title: Mighty Morphin Power Rangers The Movie","logger":"root","filename":"scrapping_dag.py","lineno":200}
{"timestamp":"2026-01-06T09:49:13.001018Z","level":"info","event":"Formatting title: Milk","logger":"root","filename":"scrapping_dag.py","lineno":200}
{"timestamp":"2026-01-06T09:49:13.001088Z","level":"info","event":"Formatting title: Millers Crossing","logger":"root","filename":"scrapping_dag.py","lineno":200}
{"timestamp":"2026-01-06T09:49:13.001154Z","level":"info","event":"Formatting title: Minis First Time","logger":"root","filename":"scrapping_dag.py","lineno":200}
{"timestamp":"2026-01-06T09:49:13.001214Z","level":"info","event":"Formatting title: Miracle Worker The","logger":"root","filename":"scrapping_dag.py","lineno":200}
{"timestamp":"2026-01-06T09:49:13.001318Z","level":"info","event":"Formatting title: Mirrors","logger":"root","filename":"scrapping_dag.py","lineno":200}
{"timestamp":"2026-01-06T09:49:13.001401Z","level":"info","event":"Formatting title: Mission To Mars","logger":"root","filename":"scrapping_dag.py","lineno":200}
{"timestamp":"2026-01-06T09:49:13.001637Z","level":"info","event":"Formatting title: Monkeybone","logger":"root","filename":"scrapping_dag.py","lineno":200}
{"timestamp":"2026-01-06T09:49:13.001745Z","level":"info","event":"Formatting title: Monte Carlo","logger":"root","filename":"scrapping_dag.py","lineno":200}
{"timestamp":"2026-01-06T09:49:13.001807Z","level":"info","event":"Formatting title: Mr Blandings Builds His Dream House","logger":"root","filename":"scrapping_dag.py","lineno":200}
{"timestamp":"2026-01-06T09:49:13.001864Z","level":"info","event":"Formatting title: Mr Brooks","logger":"root","filename":"scrapping_dag.py","lineno":200}
{"timestamp":"2026-01-06T09:49:13.001920Z","level":"info","event":"Formatting title: Mr Deeds Goes To Town","logger":"root","filename":"scrapping_dag.py","lineno":200}
{"timestamp":"2026-01-06T09:49:13.002018Z","level":"info","event":"Formatting title: Mrs Brown","logger":"root","filename":"scrapping_dag.py","lineno":200}
{"timestamp":"2026-01-06T09:49:13.002129Z","level":"info","event":"Formatting title: Mulholland Drive","logger":"root","filename":"scrapping_dag.py","lineno":200}
{"timestamp":"2026-01-06T09:49:13.002237Z","level":"info","event":"Formatting title: Mumford","logger":"root","filename":"scrapping_dag.py","lineno":200}
{"timestamp":"2026-01-06T09:49:13.002315Z","level":"info","event":"Formatting title: Mummy The","logger":"root","filename":"scrapping_dag.py","lineno":200}
{"timestamp":"2026-01-06T09:49:13.002384Z","level":"info","event":"Formatting title: Music Of The Heart","logger":"root","filename":"scrapping_dag.py","lineno":200}
{"timestamp":"2026-01-06T09:49:13.002454Z","level":"info","event":"Formatting title: Mute Witness","logger":"root","filename":"scrapping_dag.py","lineno":200}
{"timestamp":"2026-01-06T09:49:13.002529Z","level":"info","event":"Formatting title: My Best Friends Wedding","logger":"root","filename":"scrapping_dag.py","lineno":200}
{"timestamp":"2026-01-06T09:49:13.002603Z","level":"info","event":"Formatting title: My Girl","logger":"root","filename":"scrapping_dag.py","lineno":200}
{"timestamp":"2026-01-06T09:49:13.002674Z","level":"info","event":"Formatting title: My Mother Dreams The Satans Disciples In New York","logger":"root","filename":"scrapping_dag.py","lineno":200}
{"timestamp":"2026-01-06T09:49:13.002751Z","level":"info","event":"Formatting title: Nashville","logger":"root","filename":"scrapping_dag.py","lineno":200}
{"timestamp":"2026-01-06T09:49:13.002831Z","level":"info","event":"Formatting title: Never Been Kissed","logger":"root","filename":"scrapping_dag.py","lineno":200}
{"timestamp":"2026-01-06T09:49:13.002974Z","level":"info","event":"Formatting title: Neverending Story The","logger":"root","filename":"scrapping_dag.py","lineno":200}
{"timestamp":"2026-01-06T09:49:13.003055Z","level":"info","event":"Formatting title: New York Minute","logger":"root","filename":"scrapping_dag.py","lineno":200}
{"timestamp":"2026-01-06T09:49:13.003130Z","level":"info","event":"Formatting title: Newsies","logger":"root","filename":"scrapping_dag.py","lineno":200}
{"timestamp":"2026-01-06T09:49:13.003192Z","level":"info","event":"Formatting title: Next","logger":"root","filename":"scrapping_dag.py","lineno":200}
{"timestamp":"2026-01-06T09:49:13.003259Z","level":"info","event":"Formatting title: Next Friday","logger":"root","filename":"scrapping_dag.py","lineno":200}
{"timestamp":"2026-01-06T09:49:13.003337Z","level":"info","event":"Formatting title: Next Three Days The","logger":"root","filename":"scrapping_dag.py","lineno":200}
{"timestamp":"2026-01-06T09:49:13.003423Z","level":"info","event":"Formatting title: Ni Vu Ni Connu","logger":"root","filename":"scrapping_dag.py","lineno":200}
{"timestamp":"2026-01-06T09:49:13.003487Z","level":"info","event":"Formatting title: Nick Of Time","logger":"root","filename":"scrapping_dag.py","lineno":200}
{"timestamp":"2026-01-06T09:49:13.003544Z","level":"info","event":"Formatting title: Night Time (the Poltergeist Treatment)","logger":"root","filename":"scrapping_dag.py","lineno":200}
{"timestamp":"2026-01-06T09:49:13.003789Z","level":"info","event":"Formatting title: Nightbreed","logger":"root","filename":"scrapping_dag.py","lineno":200}
{"timestamp":"2026-01-06T09:49:13.003951Z","level":"info","event":"Formatting title: Nightmare Before Christmas The","logger":"root","filename":"scrapping_dag.py","lineno":200}
{"timestamp":"2026-01-06T09:49:13.004499Z","level":"info","event":"Formatting title: Nightmare Before Christmas The","logger":"root","filename":"scrapping_dag.py","lineno":200}
{"timestamp":"2026-01-06T09:49:13.004676Z","level":"info","event":"Formatting title: Nightmare On Elm Street A","logger":"root","filename":"scrapping_dag.py","lineno":200}
{"timestamp":"2026-01-06T09:49:13.004764Z","level":"info","event":"Formatting title: Nightmare On Elm Street The Final Chapter","logger":"root","filename":"scrapping_dag.py","lineno":200}
{"timestamp":"2026-01-06T09:49:13.004828Z","level":"info","event":"Formatting title: Nine","logger":"root","filename":"scrapping_dag.py","lineno":200}
{"timestamp":"2026-01-06T09:49:13.004886Z","level":"info","event":"Formatting title: Nines The","logger":"root","filename":"scrapping_dag.py","lineno":200}
{"timestamp":"2026-01-06T09:49:13.004940Z","level":"info","event":"Formatting title: Ninotchka","logger":"root","filename":"scrapping_dag.py","lineno":200}
{"timestamp":"2026-01-06T09:49:13.004991Z","level":"info","event":"Formatting title: Ninth Gate The","logger":"root","filename":"scrapping_dag.py","lineno":200}
{"timestamp":"2026-01-06T09:49:13.005044Z","level":"info","event":"Formatting title: No Strings Attached","logger":"root","filename":"scrapping_dag.py","lineno":200}
{"timestamp":"2026-01-06T09:49:13.005096Z","level":"info","event":"Formatting title: Nurse Betty","logger":"root","filename":"scrapping_dag.py","lineno":200}
{"timestamp":"2026-01-06T09:49:13.005148Z","level":"info","event":"Formatting title: O Brother Where Art Thou","logger":"root","filename":"scrapping_dag.py","lineno":200}
{"timestamp":"2026-01-06T09:49:13.005199Z","level":"info","event":"Formatting title: Oblivion","logger":"root","filename":"scrapping_dag.py","lineno":200}
{"timestamp":"2026-01-06T09:49:13.005258Z","level":"info","event":"Formatting title: Observe And Report","logger":"root","filename":"scrapping_dag.py","lineno":200}
{"timestamp":"2026-01-06T09:49:13.005310Z","level":"info","event":"Formatting title: Obsessed","logger":"root","filename":"scrapping_dag.py","lineno":200}
{"timestamp":"2026-01-06T09:49:13.005367Z","level":"info","event":"Formatting title: Officer And A Gentleman An","logger":"root","filename":"scrapping_dag.py","lineno":200}
{"timestamp":"2026-01-06T09:49:13.005419Z","level":"info","event":"Formatting title: Omega Man","logger":"root","filename":"scrapping_dag.py","lineno":200}
{"timestamp":"2026-01-06T09:49:13.005470Z","level":"info","event":"Formatting title: Only God Forgives","logger":"root","filename":"scrapping_dag.py","lineno":200}
{"timestamp":"2026-01-06T09:49:13.005519Z","level":"info","event":"Formatting title: Onward","logger":"root","filename":"scrapping_dag.py","lineno":200}
{"timestamp":"2026-01-06T09:49:13.005566Z","level":"info","event":"Formatting title: Orgy Of The Dead","logger":"root","filename":"scrapping_dag.py","lineno":200}
{"timestamp":"2026-01-06T09:49:13.005614Z","level":"info","event":"Formatting title: Other Boleyn Girl The","logger":"root","filename":"scrapping_dag.py","lineno":200}
{"timestamp":"2026-01-06T09:49:13.005665Z","level":"info","event":"Formatting title: Out Of Sight","logger":"root","filename":"scrapping_dag.py","lineno":200}
{"timestamp":"2026-01-06T09:49:13.005724Z","level":"info","event":"Formatting title: Outbreak","logger":"root","filename":"scrapping_dag.py","lineno":200}
{"timestamp":"2026-01-06T09:49:13.005750Z","level":"info","event":"Formatting title: Pacifier The","logger":"root","filename":"scrapping_dag.py","lineno":200}
{"timestamp":"2026-01-06T09:49:13.005775Z","level":"info","event":"Formatting title: Pandorum","logger":"root","filename":"scrapping_dag.py","lineno":200}
{"timestamp":"2026-01-06T09:49:13.005804Z","level":"info","event":"Formatting title: Papadopoulos & Sons","logger":"root","filename":"scrapping_dag.py","lineno":200}
{"timestamp":"2026-01-06T09:49:13.005833Z","level":"info","event":"Formatting title: Passion Of Joan Of Arc The","logger":"root","filename":"scrapping_dag.py","lineno":200}
{"timestamp":"2026-01-06T09:49:13.005859Z","level":"info","event":"Formatting title: Patriot The","logger":"root","filename":"scrapping_dag.py","lineno":200}
{"timestamp":"2026-01-06T09:49:13.005897Z","level":"info","event":"Formatting title: Paul","logger":"root","filename":"scrapping_dag.py","lineno":200}
{"timestamp":"2026-01-06T09:49:13.005924Z","level":"info","event":"Formatting title: Pearl Harbor","logger":"root","filename":"scrapping_dag.py","lineno":200}
{"timestamp":"2026-01-06T09:49:13.005949Z","level":"info","event":"Formatting title: Peeping Tom","logger":"root","filename":"scrapping_dag.py","lineno":200}
{"timestamp":"2026-01-06T09:49:13.005998Z","level":"info","event":"Formatting title: Perfect Creature","logger":"root","filename":"scrapping_dag.py","lineno":200}
{"timestamp":"2026-01-06T09:49:13.006033Z","level":"info","event":"Formatting title: Perfect World A","logger":"root","filename":"scrapping_dag.py","lineno":200}
{"timestamp":"2026-01-06T09:49:13.006067Z","level":"info","event":"Formatting title: Perks Of Being A Wallflower The","logger":"root","filename":"scrapping_dag.py","lineno":200}
{"timestamp":"2026-01-06T09:49:13.006150Z","level":"info","event":"Formatting title: Persian Version The","logger":"root","filename":"scrapping_dag.py","lineno":200}
{"timestamp":"2026-01-06T09:49:13.006198Z","level":"info","event":"Formatting title: Pet Sematary 2","logger":"root","filename":"scrapping_dag.py","lineno":200}
{"timestamp":"2026-01-06T09:49:13.006232Z","level":"info","event":"Formatting title: Petulia","logger":"root","filename":"scrapping_dag.py","lineno":200}
{"timestamp":"2026-01-06T09:49:13.006270Z","level":"info","event":"Formatting title: Phone Booth","logger":"root","filename":"scrapping_dag.py","lineno":200}
{"timestamp":"2026-01-06T09:49:13.006302Z","level":"info","event":"Formatting title: Pi","logger":"root","filename":"scrapping_dag.py","lineno":200}
{"timestamp":"2026-01-06T09:49:13.006333Z","level":"info","event":"Formatting title: Pianist The","logger":"root","filename":"scrapping_dag.py","lineno":200}
{"timestamp":"2026-01-06T09:49:13.006366Z","level":"info","event":"Formatting title: Piano The","logger":"root","filename":"scrapping_dag.py","lineno":200}
{"timestamp":"2026-01-06T09:49:13.006393Z","level":"info","event":"Formatting title: Pirates Of The Caribbean","logger":"root","filename":"scrapping_dag.py","lineno":200}
{"timestamp":"2026-01-06T09:49:13.006425Z","level":"info","event":"Formatting title: Pitch Black","logger":"root","filename":"scrapping_dag.py","lineno":200}
{"timestamp":"2026-01-06T09:49:13.006452Z","level":"info","event":"Formatting title: Planet Of The Apes The","logger":"root","filename":"scrapping_dag.py","lineno":200}
{"timestamp":"2026-01-06T09:49:13.006477Z","level":"info","event":"Formatting title: Platinum Blonde","logger":"root","filename":"scrapping_dag.py","lineno":200}
{"timestamp":"2026-01-06T09:49:13.006504Z","level":"info","event":"Formatting title: Platoon","logger":"root","filename":"scrapping_dag.py","lineno":200}
{"timestamp":"2026-01-06T09:49:13.006537Z","level":"info","event":"Formatting title: Pleasantville","logger":"root","filename":"scrapping_dag.py","lineno":200}
{"timestamp":"2026-01-06T09:49:13.006567Z","level":"info","event":"Formatting title: Point Break","logger":"root","filename":"scrapping_dag.py","lineno":200}
{"timestamp":"2026-01-06T09:49:13.006596Z","level":"info","event":"Formatting title: Pokemon Mewtwo Returns","logger":"root","filename":"scrapping_dag.py","lineno":200}
{"timestamp":"2026-01-06T09:49:13.006632Z","level":"info","event":"Formatting title: Postman The","logger":"root","filename":"scrapping_dag.py","lineno":200}
{"timestamp":"2026-01-06T09:49:13.006663Z","level":"info","event":"Formatting title: Power Of One The","logger":"root","filename":"scrapping_dag.py","lineno":200}
{"timestamp":"2026-01-06T09:49:13.006694Z","level":"info","event":"Formatting title: Prestige The","logger":"root","filename":"scrapping_dag.py","lineno":200}
{"timestamp":"2026-01-06T09:49:13.006728Z","level":"info","event":"Formatting title: Pretty Woman (final Script)","logger":"root","filename":"scrapping_dag.py","lineno":200}
{"timestamp":"2026-01-06T09:49:13.006758Z","level":"info","event":"Formatting title: Pride And Prejudice","logger":"root","filename":"scrapping_dag.py","lineno":200}
{"timestamp":"2026-01-06T09:49:13.006787Z","level":"info","event":"Formatting title: Priest","logger":"root","filename":"scrapping_dag.py","lineno":200}
{"timestamp":"2026-01-06T09:49:13.006821Z","level":"info","event":"Formatting title: Princess Bride The","logger":"root","filename":"scrapping_dag.py","lineno":200}
{"timestamp":"2026-01-06T09:49:13.006852Z","level":"info","event":"Formatting title: Private Life Of Sherlock Holmes The","logger":"root","filename":"scrapping_dag.py","lineno":200}
{"timestamp":"2026-01-06T09:49:13.006883Z","level":"info","event":"Formatting title: Producer The","logger":"root","filename":"scrapping_dag.py","lineno":200}
{"timestamp":"2026-01-06T09:49:13.006911Z","level":"info","event":"Formatting title: Program The","logger":"root","filename":"scrapping_dag.py","lineno":200}
{"timestamp":"2026-01-06T09:49:13.006941Z","level":"info","event":"Formatting title: Prom Night","logger":"root","filename":"scrapping_dag.py","lineno":200}
{"timestamp":"2026-01-06T09:49:13.006971Z","level":"info","event":"Formatting title: Prophecy The","logger":"root","filename":"scrapping_dag.py","lineno":200}
{"timestamp":"2026-01-06T09:49:13.007001Z","level":"info","event":"Formatting title: Proposal The","logger":"root","filename":"scrapping_dag.py","lineno":200}
{"timestamp":"2026-01-06T09:49:13.007031Z","level":"info","event":"Formatting title: Public Enemies","logger":"root","filename":"scrapping_dag.py","lineno":200}
{"timestamp":"2026-01-06T09:49:13.007061Z","level":"info","event":"Formatting title: Puss In Boots The Last Wish","logger":"root","filename":"scrapping_dag.py","lineno":200}
{"timestamp":"2026-01-06T09:49:13.007089Z","level":"info","event":"Formatting title: Quantum Project","logger":"root","filename":"scrapping_dag.py","lineno":200}
{"timestamp":"2026-01-06T09:49:13.007118Z","level":"info","event":"Formatting title: Queen Of The Damned","logger":"root","filename":"scrapping_dag.py","lineno":200}
{"timestamp":"2026-01-06T09:49:13.007147Z","level":"info","event":"Formatting title: Queen The","logger":"root","filename":"scrapping_dag.py","lineno":200}
{"timestamp":"2026-01-06T09:49:13.007175Z","level":"info","event":"Formatting title: Quiz Lady","logger":"root","filename":"scrapping_dag.py","lineno":200}
{"timestamp":"2026-01-06T09:49:13.007204Z","level":"info","event":"Formatting title: Rachel Getting Married","logger":"root","filename":"scrapping_dag.py","lineno":200}
{"timestamp":"2026-01-06T09:49:13.007232Z","level":"info","event":"Formatting title: Rambling Rose","logger":"root","filename":"scrapping_dag.py","lineno":200}
{"timestamp":"2026-01-06T09:49:13.007261Z","level":"info","event":"Formatting title: Rambo First Blood 2 The Mission","logger":"root","filename":"scrapping_dag.py","lineno":200}
{"timestamp":"2026-01-06T09:49:13.007288Z","level":"info","event":"Formatting title: Reader The","logger":"root","filename":"scrapping_dag.py","lineno":200}
{"timestamp":"2026-01-06T09:49:13.007315Z","level":"info","event":"Formatting title: Real Genius","logger":"root","filename":"scrapping_dag.py","lineno":200}
{"timestamp":"2026-01-06T09:49:13.007344Z","level":"info","event":"Formatting title: Rebel Without A Cause","logger":"root","filename":"scrapping_dag.py","lineno":200}
{"timestamp":"2026-01-06T09:49:13.007372Z","level":"info","event":"Formatting title: Red Planet","logger":"root","filename":"scrapping_dag.py","lineno":200}
{"timestamp":"2026-01-06T09:49:13.007396Z","level":"info","event":"Formatting title: Red Riding Hood","logger":"root","filename":"scrapping_dag.py","lineno":200}
{"timestamp":"2026-01-06T09:49:13.007421Z","level":"info","event":"Formatting title: Reindeer Games","logger":"root","filename":"scrapping_dag.py","lineno":200}
{"timestamp":"2026-01-06T09:49:13.007446Z","level":"info","event":"Formatting title: Relic The","logger":"root","filename":"scrapping_dag.py","lineno":200}
{"timestamp":"2026-01-06T09:49:13.007477Z","level":"info","event":"Formatting title: Remember Me","logger":"root","filename":"scrapping_dag.py","lineno":200}
{"timestamp":"2026-01-06T09:49:13.007503Z","level":"info","event":"Formatting title: Replacements The","logger":"root","filename":"scrapping_dag.py","lineno":200}
{"timestamp":"2026-01-06T09:49:13.007534Z","level":"info","event":"Formatting title: Repo Man","logger":"root","filename":"scrapping_dag.py","lineno":200}
{"timestamp":"2026-01-06T09:49:13.007560Z","level":"info","event":"Formatting title: Rescuers Down Under The","logger":"root","filename":"scrapping_dag.py","lineno":200}
{"timestamp":"2026-01-06T09:49:13.007586Z","level":"info","event":"Formatting title: Resident Evil","logger":"root","filename":"scrapping_dag.py","lineno":200}
{"timestamp":"2026-01-06T09:49:13.007633Z","level":"info","event":"Formatting title: Return Of The Apes","logger":"root","filename":"scrapping_dag.py","lineno":200}
{"timestamp":"2026-01-06T09:49:13.007668Z","level":"info","event":"Formatting title: Revenant The","logger":"root","filename":"scrapping_dag.py","lineno":200}
{"timestamp":"2026-01-06T09:49:13.007697Z","level":"info","event":"Formatting title: Ringu","logger":"root","filename":"scrapping_dag.py","lineno":200}
{"timestamp":"2026-01-06T09:49:13.007729Z","level":"info","event":"Formatting title: Rise Of The Guardians","logger":"root","filename":"scrapping_dag.py","lineno":200}
{"timestamp":"2026-01-06T09:49:13.007757Z","level":"info","event":"Formatting title: Rko 281","logger":"root","filename":"scrapping_dag.py","lineno":200}
{"timestamp":"2026-01-06T09:49:13.007783Z","level":"info","event":"Formatting title: Road The","logger":"root","filename":"scrapping_dag.py","lineno":200}
{"timestamp":"2026-01-06T09:49:13.007808Z","level":"info","event":"Formatting title: Robin Hood Prince Of Thieves","logger":"root","filename":"scrapping_dag.py","lineno":200}
{"timestamp":"2026-01-06T09:49:13.007833Z","level":"info","event":"Formatting title: Rock The","logger":"root","filename":"scrapping_dag.py","lineno":200}
{"timestamp":"2026-01-06T09:49:13.007859Z","level":"info","event":"Formatting title: Rocknrolla","logger":"root","filename":"scrapping_dag.py","lineno":200}
{"timestamp":"2026-01-06T09:49:13.007884Z","level":"info","event":"Formatting title: Rocky Horror Picture Show The","logger":"root","filename":"scrapping_dag.py","lineno":200}
{"timestamp":"2026-01-06T09:49:13.007909Z","level":"info","event":"Formatting title: Romeo & Juliet","logger":"root","filename":"scrapping_dag.py","lineno":200}
{"timestamp":"2026-01-06T09:49:13.007940Z","level":"info","event":"Formatting title: Roommate The","logger":"root","filename":"scrapping_dag.py","lineno":200}
{"timestamp":"2026-01-06T09:49:13.007968Z","level":"info","event":"Formatting title: Rosetta","logger":"root","filename":"scrapping_dag.py","lineno":200}
{"timestamp":"2026-01-06T09:49:13.008019Z","level":"info","event":"Formatting title: Roughshod","logger":"root","filename":"scrapping_dag.py","lineno":200}
{"timestamp":"2026-01-06T09:49:13.008052Z","level":"info","event":"Formatting title: Ruins The","logger":"root","filename":"scrapping_dag.py","lineno":200}
{"timestamp":"2026-01-06T09:49:13.008081Z","level":"info","event":"Formatting title: Rush Hour 2","logger":"root","filename":"scrapping_dag.py","lineno":200}
{"timestamp":"2026-01-06T09:49:13.008110Z","level":"info","event":"Formatting title: S Darko","logger":"root","filename":"scrapping_dag.py","lineno":200}
{"timestamp":"2026-01-06T09:49:13.008137Z","level":"info","event":"Formatting title: Saint The","logger":"root","filename":"scrapping_dag.py","lineno":200}
{"timestamp":"2026-01-06T09:49:13.008164Z","level":"info","event":"Formatting title: Salton Sea The","logger":"root","filename":"scrapping_dag.py","lineno":200}
{"timestamp":"2026-01-06T09:49:13.008191Z","level":"info","event":"Formatting title: Sandlot Kids The","logger":"root","filename":"scrapping_dag.py","lineno":200}
{"timestamp":"2026-01-06T09:49:13.008226Z","level":"info","event":"Formatting title: Save The Last Dance","logger":"root","filename":"scrapping_dag.py","lineno":200}
{"timestamp":"2026-01-06T09:49:13.008253Z","level":"info","event":"Formatting title: Saw 4","logger":"root","filename":"scrapping_dag.py","lineno":200}
{"timestamp":"2026-01-06T09:49:13.008279Z","level":"info","event":"Formatting title: Scream 3","logger":"root","filename":"scrapping_dag.py","lineno":200}
{"timestamp":"2026-01-06T09:49:13.008306Z","level":"info","event":"Formatting title: Scream 4","logger":"root","filename":"scrapping_dag.py","lineno":200}
{"timestamp":"2026-01-06T09:49:13.008332Z","level":"info","event":"Formatting title: Searchers The","logger":"root","filename":"scrapping_dag.py","lineno":200}
{"timestamp":"2026-01-06T09:49:13.008358Z","level":"info","event":"Formatting title: Secret Life Of Walter Mitty The","logger":"root","filename":"scrapping_dag.py","lineno":200}
{"timestamp":"2026-01-06T09:49:13.008383Z","level":"info","event":"Formatting title: Semi Pro","logger":"root","filename":"scrapping_dag.py","lineno":200}
{"timestamp":"2026-01-06T09:49:13.008407Z","level":"info","event":"Formatting title: Sense And Sensibility","logger":"root","filename":"scrapping_dag.py","lineno":200}
{"timestamp":"2026-01-06T09:49:13.008432Z","level":"info","event":"Formatting title: Serial Mom","logger":"root","filename":"scrapping_dag.py","lineno":200}
{"timestamp":"2026-01-06T09:49:13.008752Z","level":"info","event":"Formatting title: Sessions The","logger":"root","filename":"scrapping_dag.py","lineno":200}
{"timestamp":"2026-01-06T09:49:13.008913Z","level":"info","event":"Formatting title: Seventh Seal The","logger":"root","filename":"scrapping_dag.py","lineno":200}
{"timestamp":"2026-01-06T09:49:13.009172Z","level":"info","event":"Formatting title: Sex And The City","logger":"root","filename":"scrapping_dag.py","lineno":200}
{"timestamp":"2026-01-06T09:49:13.009670Z","level":"info","event":"Formatting title: Sexual Life","logger":"root","filename":"scrapping_dag.py","lineno":200}
{"timestamp":"2026-01-06T09:49:13.009838Z","level":"info","event":"Formatting title: Shadow Of The Vampire","logger":"root","filename":"scrapping_dag.py","lineno":200}
{"timestamp":"2026-01-06T09:49:13.010013Z","level":"info","event":"Formatting title: Shallow Grave","logger":"root","filename":"scrapping_dag.py","lineno":200}
{"timestamp":"2026-01-06T09:49:13.010126Z","level":"info","event":"Formatting title: Shampoo","logger":"root","filename":"scrapping_dag.py","lineno":200}
{"timestamp":"2026-01-06T09:49:13.010189Z","level":"info","event":"Formatting title: Shawshank Redemption The","logger":"root","filename":"scrapping_dag.py","lineno":200}
{"timestamp":"2026-01-06T09:49:13.010236Z","level":"info","event":"Formatting title: Shes Out Of My League","logger":"root","filename":"scrapping_dag.py","lineno":200}
{"timestamp":"2026-01-06T09:49:13.010282Z","level":"info","event":"Formatting title: Shifty","logger":"root","filename":"scrapping_dag.py","lineno":200}
{"timestamp":"2026-01-06T09:49:13.010322Z","level":"info","event":"Formatting title: Shining The","logger":"root","filename":"scrapping_dag.py","lineno":200}
{"timestamp":"2026-01-06T09:49:13.010371Z","level":"info","event":"Formatting title: Shipping News The","logger":"root","filename":"scrapping_dag.py","lineno":200}
{"timestamp":"2026-01-06T09:49:13.010422Z","level":"info","event":"Formatting title: Shivers","logger":"root","filename":"scrapping_dag.py","lineno":200}
{"timestamp":"2026-01-06T09:49:13.010470Z","level":"info","event":"Formatting title: Sideways","logger":"root","filename":"scrapping_dag.py","lineno":200}
{"timestamp":"2026-01-06T09:49:13.010519Z","level":"info","event":"Formatting title: Siege The","logger":"root","filename":"scrapping_dag.py","lineno":200}
{"timestamp":"2026-01-06T09:49:13.010628Z","level":"info","event":"Formatting title: Silence Of The Lambs","logger":"root","filename":"scrapping_dag.py","lineno":200}
{"timestamp":"2026-01-06T09:49:13.010690Z","level":"info","event":"Formatting title: Silent Grace","logger":"root","filename":"scrapping_dag.py","lineno":200}
{"timestamp":"2026-01-06T09:49:13.010737Z","level":"info","event":"Formatting title: Silver Bullet","logger":"root","filename":"scrapping_dag.py","lineno":200}
{"timestamp":"2026-01-06T09:49:13.010779Z","level":"info","event":"Formatting title: Silver Linings Playbook","logger":"root","filename":"scrapping_dag.py","lineno":200}
{"timestamp":"2026-01-06T09:49:13.010826Z","level":"info","event":"Formatting title: Simone","logger":"root","filename":"scrapping_dag.py","lineno":200}
{"timestamp":"2026-01-06T09:49:13.010870Z","level":"info","event":"Formatting title: Single White Female","logger":"root","filename":"scrapping_dag.py","lineno":200}
{"timestamp":"2026-01-06T09:49:13.010911Z","level":"info","event":"Formatting title: Sister Act","logger":"root","filename":"scrapping_dag.py","lineno":200}
{"timestamp":"2026-01-06T09:49:13.010952Z","level":"info","event":"Formatting title: Six Degrees Of Separation","logger":"root","filename":"scrapping_dag.py","lineno":200}
{"timestamp":"2026-01-06T09:49:13.010992Z","level":"info","event":"Formatting title: Sixth Sense The","logger":"root","filename":"scrapping_dag.py","lineno":200}
{"timestamp":"2026-01-06T09:49:13.011043Z","level":"info","event":"Formatting title: Sling Blade","logger":"root","filename":"scrapping_dag.py","lineno":200}
{"timestamp":"2026-01-06T09:49:13.011095Z","level":"info","event":"Formatting title: Slither","logger":"root","filename":"scrapping_dag.py","lineno":200}
{"timestamp":"2026-01-06T09:49:13.011139Z","level":"info","event":"Formatting title: Slumdog Millionaire","logger":"root","filename":"scrapping_dag.py","lineno":200}
{"timestamp":"2026-01-06T09:49:13.011179Z","level":"info","event":"Formatting title: Smashed","logger":"root","filename":"scrapping_dag.py","lineno":200}
{"timestamp":"2026-01-06T09:49:13.011217Z","level":"info","event":"Formatting title: Smokin Aces","logger":"root","filename":"scrapping_dag.py","lineno":200}
{"timestamp":"2026-01-06T09:49:13.011254Z","level":"info","event":"Formatting title: Sneakers","logger":"root","filename":"scrapping_dag.py","lineno":200}
{"timestamp":"2026-01-06T09:49:13.011293Z","level":"info","event":"Formatting title: Snow Falling On Cedars","logger":"root","filename":"scrapping_dag.py","lineno":200}
{"timestamp":"2026-01-06T09:49:13.011339Z","level":"info","event":"Formatting title: Social Network The","logger":"root","filename":"scrapping_dag.py","lineno":200}
{"timestamp":"2026-01-06T09:49:13.011387Z","level":"info","event":"Formatting title: Soldier","logger":"root","filename":"scrapping_dag.py","lineno":200}
{"timestamp":"2026-01-06T09:49:13.011427Z","level":"info","event":"Formatting title: Someone To Watch Over Me","logger":"root","filename":"scrapping_dag.py","lineno":200}
{"timestamp":"2026-01-06T09:49:13.011472Z","level":"info","event":"Formatting title: Source Code","logger":"root","filename":"scrapping_dag.py","lineno":200}
{"timestamp":"2026-01-06T09:49:13.011511Z","level":"info","event":"Formatting title: South Park","logger":"root","filename":"scrapping_dag.py","lineno":200}
{"timestamp":"2026-01-06T09:49:13.011547Z","level":"info","event":"Formatting title: Space Milkshake","logger":"root","filename":"scrapping_dag.py","lineno":200}
{"timestamp":"2026-01-06T09:49:13.011593Z","level":"info","event":"Formatting title: Spanglish","logger":"root","filename":"scrapping_dag.py","lineno":200}
{"timestamp":"2026-01-06T09:49:13.011683Z","level":"info","event":"Formatting title: Spare Me","logger":"root","filename":"scrapping_dag.py","lineno":200}
{"timestamp":"2026-01-06T09:49:13.083752Z","level":"info","event":"Formatting title: Spartan","logger":"root","filename":"scrapping_dag.py","lineno":200}
{"timestamp":"2026-01-06T09:49:13.083867Z","level":"info","event":"Formatting title: Sphere","logger":"root","filename":"scrapping_dag.py","lineno":200}
{"timestamp":"2026-01-06T09:49:13.083905Z","level":"info","event":"Formatting title: St Elmos Fire","logger":"root","filename":"scrapping_dag.py","lineno":200}
{"timestamp":"2026-01-06T09:49:13.083960Z","level":"info","event":"Formatting title: Star Wars A New Hope","logger":"root","filename":"scrapping_dag.py","lineno":200}
{"timestamp":"2026-01-06T09:49:13.084008Z","level":"info","event":"Formatting title: Star Wars Attack Of The Clones","logger":"root","filename":"scrapping_dag.py","lineno":200}
{"timestamp":"2026-01-06T09:49:13.084041Z","level":"info","event":"Formatting title: Star Wars Return Of The Jedi","logger":"root","filename":"scrapping_dag.py","lineno":200}
{"timestamp":"2026-01-06T09:49:13.084071Z","level":"info","event":"Formatting title: Star Wars Revenge Of The Sith","logger":"root","filename":"scrapping_dag.py","lineno":200}
{"timestamp":"2026-01-06T09:49:13.084099Z","level":"info","event":"Formatting title: Star Wars The Empire Strikes Back","logger":"root","filename":"scrapping_dag.py","lineno":200}
{"timestamp":"2026-01-06T09:49:13.084128Z","level":"info","event":"Formatting title: Star Wars The Phantom Menace","logger":"root","filename":"scrapping_dag.py","lineno":200}
{"timestamp":"2026-01-06T09:49:13.084156Z","level":"info","event":"Formatting title: Starman","logger":"root","filename":"scrapping_dag.py","lineno":200}
{"timestamp":"2026-01-06T09:49:13.084183Z","level":"info","event":"Formatting title: Starship Troopers","logger":"root","filename":"scrapping_dag.py","lineno":200}
{"timestamp":"2026-01-06T09:49:13.084210Z","level":"info","event":"Formatting title: State And Main","logger":"root","filename":"scrapping_dag.py","lineno":200}
{"timestamp":"2026-01-06T09:49:13.084236Z","level":"info","event":"Formatting title: Station West","logger":"root","filename":"scrapping_dag.py","lineno":200}
{"timestamp":"2026-01-06T09:49:13.084266Z","level":"info","event":"Formatting title: Sting The","logger":"root","filename":"scrapping_dag.py","lineno":200}
{"timestamp":"2026-01-06T09:49:13.084319Z","level":"info","event":"Formatting title: Storytelling","logger":"root","filename":"scrapping_dag.py","lineno":200}
{"timestamp":"2026-01-06T09:49:13.084349Z","level":"info","event":"Formatting title: Stuntman The","logger":"root","filename":"scrapping_dag.py","lineno":200}
{"timestamp":"2026-01-06T09:49:13.084378Z","level":"info","event":"Formatting title: Substance The","logger":"root","filename":"scrapping_dag.py","lineno":200}
{"timestamp":"2026-01-06T09:49:13.084406Z","level":"info","event":"Formatting title: Sugar","logger":"root","filename":"scrapping_dag.py","lineno":200}
{"timestamp":"2026-01-06T09:49:13.084432Z","level":"info","event":"Formatting title: Sugar And Spice","logger":"root","filename":"scrapping_dag.py","lineno":200}
{"timestamp":"2026-01-06T09:49:13.084458Z","level":"info","event":"Formatting title: Sunset Blvd","logger":"root","filename":"scrapping_dag.py","lineno":200}
{"timestamp":"2026-01-06T09:49:13.084484Z","level":"info","event":"Formatting title: Sunshine Cleaning","logger":"root","filename":"scrapping_dag.py","lineno":200}
{"timestamp":"2026-01-06T09:49:13.084510Z","level":"info","event":"Formatting title: Superfights","logger":"root","filename":"scrapping_dag.py","lineno":200}
{"timestamp":"2026-01-06T09:49:13.084559Z","level":"info","event":"Formatting title: Supergirl","logger":"root","filename":"scrapping_dag.py","lineno":200}
{"timestamp":"2026-01-06T09:49:13.084591Z","level":"info","event":"Formatting title: Surfer King The","logger":"root","filename":"scrapping_dag.py","lineno":200}
{"timestamp":"2026-01-06T09:49:13.084619Z","level":"info","event":"Formatting title: Suspect Zero","logger":"root","filename":"scrapping_dag.py","lineno":200}
{"timestamp":"2026-01-06T09:49:13.084646Z","level":"info","event":"Formatting title: Sweet Hereafter The","logger":"root","filename":"scrapping_dag.py","lineno":200}
{"timestamp":"2026-01-06T09:49:13.084673Z","level":"info","event":"Formatting title: Swordfish","logger":"root","filename":"scrapping_dag.py","lineno":200}
{"timestamp":"2026-01-06T09:49:13.084703Z","level":"info","event":"Formatting title: Syriana","logger":"root","filename":"scrapping_dag.py","lineno":200}
{"timestamp":"2026-01-06T09:49:13.084731Z","level":"info","event":"Formatting title: Taking Lives","logger":"root","filename":"scrapping_dag.py","lineno":200}
{"timestamp":"2026-01-06T09:49:13.084757Z","level":"info","event":"Formatting title: Taking Of Pelham One Two Three The","logger":"root","filename":"scrapping_dag.py","lineno":200}
{"timestamp":"2026-01-06T09:49:13.084907Z","level":"info","event":"Formatting title: Taking Sides","logger":"root","filename":"scrapping_dag.py","lineno":200}
{"timestamp":"2026-01-06T09:49:13.084969Z","level":"info","event":"Formatting title: Talented Mr Ripley The","logger":"root","filename":"scrapping_dag.py","lineno":200}
{"timestamp":"2026-01-06T09:49:13.085035Z","level":"info","event":"Formatting title: Tall In The Saddle","logger":"root","filename":"scrapping_dag.py","lineno":200}
{"timestamp":"2026-01-06T09:49:13.085131Z","level":"info","event":"Formatting title: Tamara Drewe","logger":"root","filename":"scrapping_dag.py","lineno":200}
{"timestamp":"2026-01-06T09:49:13.085197Z","level":"info","event":"Formatting title: Teachers Lounge The","logger":"root","filename":"scrapping_dag.py","lineno":200}
{"timestamp":"2026-01-06T09:49:13.085254Z","level":"info","event":"Formatting title: Terminator","logger":"root","filename":"scrapping_dag.py","lineno":200}
{"timestamp":"2026-01-06T09:49:13.085339Z","level":"info","event":"Formatting title: The Rage Carrie 2","logger":"root","filename":"scrapping_dag.py","lineno":200}
{"timestamp":"2026-01-06T09:49:13.085411Z","level":"info","event":"Formatting title: Theory Of Everything The","logger":"root","filename":"scrapping_dag.py","lineno":200}
{"timestamp":"2026-01-06T09:49:13.085502Z","level":"info","event":"Formatting title: Theres Something About Mary","logger":"root","filename":"scrapping_dag.py","lineno":200}
{"timestamp":"2026-01-06T09:49:13.085568Z","level":"info","event":"Formatting title: They","logger":"root","filename":"scrapping_dag.py","lineno":200}
{"timestamp":"2026-01-06T09:49:13.085650Z","level":"info","event":"Formatting title: Thing The","logger":"root","filename":"scrapping_dag.py","lineno":200}
{"timestamp":"2026-01-06T09:49:13.085714Z","level":"info","event":"Formatting title: Things My Father Never Taught Me The","logger":"root","filename":"scrapping_dag.py","lineno":200}
{"timestamp":"2026-01-06T09:49:13.085767Z","level":"info","event":"Formatting title: Thirteen Days","logger":"root","filename":"scrapping_dag.py","lineno":200}
{"timestamp":"2026-01-06T09:49:13.085841Z","level":"info","event":"Formatting title: Three Kings (spoils Of War)","logger":"root","filename":"scrapping_dag.py","lineno":200}
{"timestamp":"2026-01-06T09:49:13.085967Z","level":"info","event":"Formatting title: Three Men And A Baby","logger":"root","filename":"scrapping_dag.py","lineno":200}
{"timestamp":"2026-01-06T09:49:13.086214Z","level":"info","event":"Formatting title: Three Musketeers The","logger":"root","filename":"scrapping_dag.py","lineno":200}
{"timestamp":"2026-01-06T09:49:13.086269Z","level":"info","event":"Formatting title: Thunderbirds","logger":"root","filename":"scrapping_dag.py","lineno":200}
{"timestamp":"2026-01-06T09:49:13.086355Z","level":"info","event":"Formatting title: Thunderheart","logger":"root","filename":"scrapping_dag.py","lineno":200}
{"timestamp":"2026-01-06T09:49:13.086393Z","level":"info","event":"Formatting title: Ticker","logger":"root","filename":"scrapping_dag.py","lineno":200}
{"timestamp":"2026-01-06T09:49:13.086448Z","level":"info","event":"Formatting title: Timber Falls","logger":"root","filename":"scrapping_dag.py","lineno":200}
{"timestamp":"2026-01-06T09:49:13.086480Z","level":"info","event":"Formatting title: Time Machine The","logger":"root","filename":"scrapping_dag.py","lineno":200}
{"timestamp":"2026-01-06T09:49:13.086509Z","level":"info","event":"Formatting title: Tin Cup","logger":"root","filename":"scrapping_dag.py","lineno":200}
{"timestamp":"2026-01-06T09:49:13.086536Z","level":"info","event":"Formatting title: Tmnt","logger":"root","filename":"scrapping_dag.py","lineno":200}
{"timestamp":"2026-01-06T09:49:13.086564Z","level":"info","event":"Formatting title: To Sleep With Anger","logger":"root","filename":"scrapping_dag.py","lineno":200}
{"timestamp":"2026-01-06T09:49:13.086591Z","level":"info","event":"Formatting title: Tombstone","logger":"root","filename":"scrapping_dag.py","lineno":200}
{"timestamp":"2026-01-06T09:49:13.086618Z","level":"info","event":"Formatting title: Tourist The","logger":"root","filename":"scrapping_dag.py","lineno":200}
{"timestamp":"2026-01-06T09:49:13.086693Z","level":"info","event":"Formatting title: Town The","logger":"root","filename":"scrapping_dag.py","lineno":200}
{"timestamp":"2026-01-06T09:49:13.086747Z","level":"info","event":"Formatting title: Traffic","logger":"root","filename":"scrapping_dag.py","lineno":200}
{"timestamp":"2026-01-06T09:49:13.086788Z","level":"info","event":"Formatting title: Trainspotting","logger":"root","filename":"scrapping_dag.py","lineno":200}
{"timestamp":"2026-01-06T09:49:13.086819Z","level":"info","event":"Formatting title: Transformers The Movie","logger":"root","filename":"scrapping_dag.py","lineno":200}
{"timestamp":"2026-01-06T09:49:13.086848Z","level":"info","event":"Formatting title: Trap Livin","logger":"root","filename":"scrapping_dag.py","lineno":200}
{"timestamp":"2026-01-06T09:49:13.086882Z","level":"info","event":"Formatting title: Tristan And Isolde","logger":"root","filename":"scrapping_dag.py","lineno":200}
{"timestamp":"2026-01-06T09:49:13.086909Z","level":"info","event":"Formatting title: Tron","logger":"root","filename":"scrapping_dag.py","lineno":200}
{"timestamp":"2026-01-06T09:49:13.086936Z","level":"info","event":"Formatting title: Tropic Thunder","logger":"root","filename":"scrapping_dag.py","lineno":200}
{"timestamp":"2026-01-06T09:49:13.086962Z","level":"info","event":"Formatting title: Troy","logger":"root","filename":"scrapping_dag.py","lineno":200}
{"timestamp":"2026-01-06T09:49:13.087013Z","level":"info","event":"Formatting title: Truman Show The","logger":"root","filename":"scrapping_dag.py","lineno":200}
{"timestamp":"2026-01-06T09:49:13.087044Z","level":"info","event":"Formatting title: Twilight New Moon","logger":"root","filename":"scrapping_dag.py","lineno":200}
{"timestamp":"2026-01-06T09:49:13.087072Z","level":"info","event":"Formatting title: Twin Peaks","logger":"root","filename":"scrapping_dag.py","lineno":200}
{"timestamp":"2026-01-06T09:49:13.087099Z","level":"info","event":"Formatting title: Twister","logger":"root","filename":"scrapping_dag.py","lineno":200}
{"timestamp":"2026-01-06T09:49:13.087126Z","level":"info","event":"Formatting title: Two For The Money","logger":"root","filename":"scrapping_dag.py","lineno":200}
{"timestamp":"2026-01-06T09:49:13.087175Z","level":"info","event":"Formatting title: U Turn","logger":"root","filename":"scrapping_dag.py","lineno":200}
{"timestamp":"2026-01-06T09:49:13.087210Z","level":"info","event":"Formatting title: Ugly Truth The","logger":"root","filename":"scrapping_dag.py","lineno":200}
{"timestamp":"2026-01-06T09:49:13.087240Z","level":"info","event":"Formatting title: Un Singe En Hiver","logger":"root","filename":"scrapping_dag.py","lineno":200}
{"timestamp":"2026-01-06T09:49:13.087267Z","level":"info","event":"Formatting title: Under Fire","logger":"root","filename":"scrapping_dag.py","lineno":200}
{"timestamp":"2026-01-06T09:49:13.087294Z","level":"info","event":"Formatting title: Unknown","logger":"root","filename":"scrapping_dag.py","lineno":200}
{"timestamp":"2026-01-06T09:49:13.087506Z","level":"info","event":"Formatting title: Usual Suspects The","logger":"root","filename":"scrapping_dag.py","lineno":200}
{"timestamp":"2026-01-06T09:49:13.087563Z","level":"info","event":"Formatting title: Valentines Day","logger":"root","filename":"scrapping_dag.py","lineno":200}
{"timestamp":"2026-01-06T09:49:13.087594Z","level":"info","event":"Formatting title: Valkyrie","logger":"root","filename":"scrapping_dag.py","lineno":200}
{"timestamp":"2026-01-06T09:49:13.087668Z","level":"info","event":"Formatting title: Verdict The","logger":"root","filename":"scrapping_dag.py","lineno":200}
{"timestamp":"2026-01-06T09:49:13.087714Z","level":"info","event":"Formatting title: Very Bad Things","logger":"root","filename":"scrapping_dag.py","lineno":200}
{"timestamp":"2026-01-06T09:49:13.087747Z","level":"info","event":"Formatting title: Village The","logger":"root","filename":"scrapping_dag.py","lineno":200}
{"timestamp":"2026-01-06T09:49:13.087775Z","level":"info","event":"Formatting title: Virtuosity","logger":"root","filename":"scrapping_dag.py","lineno":200}
{"timestamp":"2026-01-06T09:49:13.087802Z","level":"info","event":"Formatting title: Visitor The","logger":"root","filename":"scrapping_dag.py","lineno":200}
{"timestamp":"2026-01-06T09:49:13.087828Z","level":"info","event":"Formatting title: Wag The Dog","logger":"root","filename":"scrapping_dag.py","lineno":200}
{"timestamp":"2026-01-06T09:49:13.087855Z","level":"info","event":"Formatting title: Walk To Remember A","logger":"root","filename":"scrapping_dag.py","lineno":200}
{"timestamp":"2026-01-06T09:49:13.087891Z","level":"info","event":"Formatting title: Walking Tall","logger":"root","filename":"scrapping_dag.py","lineno":200}
{"timestamp":"2026-01-06T09:49:13.087931Z","level":"info","event":"Formatting title: Wall Street Money Never Sleeps","logger":"root","filename":"scrapping_dag.py","lineno":200}
{"timestamp":"2026-01-06T09:49:13.087960Z","level":"info","event":"Formatting title: War Horse","logger":"root","filename":"scrapping_dag.py","lineno":200}
{"timestamp":"2026-01-06T09:49:13.087988Z","level":"info","event":"Formatting title: Warm Springs","logger":"root","filename":"scrapping_dag.py","lineno":200}
{"timestamp":"2026-01-06T09:49:13.088015Z","level":"info","event":"Formatting title: Water For Elephants","logger":"root","filename":"scrapping_dag.py","lineno":200}
{"timestamp":"2026-01-06T09:49:13.088041Z","level":"info","event":"Formatting title: Way Back The","logger":"root","filename":"scrapping_dag.py","lineno":200}
{"timestamp":"2026-01-06T09:49:13.088096Z","level":"info","event":"Formatting title: We Own The Night","logger":"root","filename":"scrapping_dag.py","lineno":200}
{"timestamp":"2026-01-06T09:49:13.088128Z","level":"info","event":"Formatting title: What About Bob","logger":"root","filename":"scrapping_dag.py","lineno":200}
{"timestamp":"2026-01-06T09:49:13.088156Z","level":"info","event":"Formatting title: When A Stranger Calls","logger":"root","filename":"scrapping_dag.py","lineno":200}
{"timestamp":"2026-01-06T09:49:13.088183Z","level":"info","event":"Formatting title: While She Was Out","logger":"root","filename":"scrapping_dag.py","lineno":200}
{"timestamp":"2026-01-06T09:49:13.088229Z","level":"info","event":"Formatting title: Whistleblower The","logger":"root","filename":"scrapping_dag.py","lineno":200}
{"timestamp":"2026-01-06T09:49:13.088264Z","level":"info","event":"Formatting title: White Christmas","logger":"root","filename":"scrapping_dag.py","lineno":200}
{"timestamp":"2026-01-06T09:49:13.088293Z","level":"info","event":"Formatting title: White Jazz","logger":"root","filename":"scrapping_dag.py","lineno":200}
{"timestamp":"2026-01-06T09:49:13.088321Z","level":"info","event":"Formatting title: White Ribbon The","logger":"root","filename":"scrapping_dag.py","lineno":200}
{"timestamp":"2026-01-06T09:49:13.088363Z","level":"info","event":"Formatting title: White Squall","logger":"root","filename":"scrapping_dag.py","lineno":200}
{"timestamp":"2026-01-06T09:49:13.088403Z","level":"info","event":"Formatting title: Whiteout","logger":"root","filename":"scrapping_dag.py","lineno":200}
{"timestamp":"2026-01-06T09:49:13.088437Z","level":"info","event":"Formatting title: Whos Your Daddy","logger":"root","filename":"scrapping_dag.py","lineno":200}
{"timestamp":"2026-01-06T09:49:13.088466Z","level":"info","event":"Formatting title: Wild Bunch The","logger":"root","filename":"scrapping_dag.py","lineno":200}
{"timestamp":"2026-01-06T09:49:13.088494Z","level":"info","event":"Formatting title: Wild Hogs","logger":"root","filename":"scrapping_dag.py","lineno":200}
{"timestamp":"2026-01-06T09:49:13.088523Z","level":"info","event":"Formatting title: Wild Things","logger":"root","filename":"scrapping_dag.py","lineno":200}
{"timestamp":"2026-01-06T09:49:13.088559Z","level":"info","event":"Formatting title: Wild Things Diamonds In The Rough","logger":"root","filename":"scrapping_dag.py","lineno":200}
{"timestamp":"2026-01-06T09:49:13.088601Z","level":"info","event":"Formatting title: Wild Wild West","logger":"root","filename":"scrapping_dag.py","lineno":200}
{"timestamp":"2026-01-06T09:49:13.088630Z","level":"info","event":"Formatting title: Willow","logger":"root","filename":"scrapping_dag.py","lineno":200}
{"timestamp":"2026-01-06T09:49:13.088659Z","level":"info","event":"Formatting title: Win Win","logger":"root","filename":"scrapping_dag.py","lineno":200}
{"timestamp":"2026-01-06T09:49:13.088686Z","level":"info","event":"Formatting title: Wind Chill","logger":"root","filename":"scrapping_dag.py","lineno":200}
{"timestamp":"2026-01-06T09:49:13.088715Z","level":"info","event":"Formatting title: Withnail And I","logger":"root","filename":"scrapping_dag.py","lineno":200}
{"timestamp":"2026-01-06T09:49:13.088742Z","level":"info","event":"Formatting title: Wizard Of Oz The","logger":"root","filename":"scrapping_dag.py","lineno":200}
{"timestamp":"2026-01-06T09:49:13.088768Z","level":"info","event":"Formatting title: Wolf Of Wall Street The","logger":"root","filename":"scrapping_dag.py","lineno":200}
{"timestamp":"2026-01-06T09:49:13.088804Z","level":"info","event":"Formatting title: Woodsman The","logger":"root","filename":"scrapping_dag.py","lineno":200}
{"timestamp":"2026-01-06T09:49:13.088843Z","level":"info","event":"Formatting title: World Is Not Enough The","logger":"root","filename":"scrapping_dag.py","lineno":200}
{"timestamp":"2026-01-06T09:49:13.088876Z","level":"info","event":"Formatting title: Wrestler The","logger":"root","filename":"scrapping_dag.py","lineno":200}
{"timestamp":"2026-01-06T09:49:13.088906Z","level":"info","event":"Formatting title: X Files Fight The Future The","logger":"root","filename":"scrapping_dag.py","lineno":200}
{"timestamp":"2026-01-06T09:49:13.088938Z","level":"info","event":"Formatting title: X Men Origins Wolverine","logger":"root","filename":"scrapping_dag.py","lineno":200}
{"timestamp":"2026-01-06T09:49:13.088966Z","level":"info","event":"Formatting title: Year One","logger":"root","filename":"scrapping_dag.py","lineno":200}
{"timestamp":"2026-01-06T09:49:13.088996Z","level":"info","event":"Formatting title: Yes Man","logger":"root","filename":"scrapping_dag.py","lineno":200}
{"timestamp":"2026-01-06T09:49:13.089026Z","level":"info","event":"Formatting title: You Can Count On Me","logger":"root","filename":"scrapping_dag.py","lineno":200}
{"timestamp":"2026-01-06T09:49:13.089061Z","level":"info","event":"Formatting title: Youve Got Mail","logger":"root","filename":"scrapping_dag.py","lineno":200}
{"timestamp":"2026-01-06T09:49:13.089092Z","level":"info","event":"Formatting title: Zerophilia","logger":"root","filename":"scrapping_dag.py","lineno":200}
{"timestamp":"2026-01-06T09:49:13.089131Z","level":"info","event":"Formatting title: Zone Of Interest The","logger":"root","filename":"scrapping_dag.py","lineno":200}
{"timestamp":"2026-01-06T09:49:13.100931Z","level":"info","event":"Finished apply_formatting step","logger":"root","filename":"scrapping_dag.py","lineno":225}
{"timestamp":"2026-01-06T09:49:13.101754Z","level":"info","event":"Done. Returned value was: True","logger":"airflow.task.operators.airflow.providers.standard.operators.python.PythonOperator","filename":"python.py","lineno":218}
{"timestamp":"2026-01-06T09:49:13.101999Z","level":"info","event":"Pushing xcom","ti":"RuntimeTaskInstance(id=UUID('019b9268-571d-7b61-86d9-b3c4a2904152'), task_id='apply_formatting', dag_id='scrapping_dag', run_id='manual__2026-01-06T08:24:30.208901+00:00', try_number=1, dag_version_id=UUID('019b8e2a-2d66-7c0e-b1ec-5c7a33a3994d'), map_index=-1, hostname='171f9a6efc2c', context_carrier={}, task=<Task(PythonOperator): apply_formatting>, bundle_instance=LocalDagBundle(name=dags-folder), max_tries=1, start_date=datetime.datetime(2026, 1, 6, 9, 49, 11, 512580, tzinfo=datetime.timezone.utc), end_date=None, state=<TaskInstanceState.RUNNING: 'running'>, is_mapped=False, rendered_map_index=None)","logger":"task","filename":"task_runner.py","lineno":1352}
