name,name_conventioned,movie_name,movie_url,movie_url_extension,movie_name_conventioned,_merge,name_error,error,name_conventioned_error
10 Things I Hate About You,10 Things I Hate About You,10 Things I Hate About You,https://www.dailyscript.com/scripts/10Things.html,html,10 Things I Hate About You,both,,,
12,12,,,,,left_only,,,
12 and Holding,12 And Holding,12 And Holding,https://www.dailyscript.com/scripts/12+and+Holding.pdf,pdf,12 And Holding,both,,,
12 Monkeys,12 Monkeys,12 Monkeys,https://www.dailyscript.com/scripts/twelve_monkeys.html,html,12 Monkeys,both,,,
12 Years a Slave,12 Years A Slave,12 Years a Slave,https://www.dailyscript.com/scripts/12_Years_A_Slave.pdf,pdf,12 Years A Slave,both,,,
127 Hours,127 Hours,,,,,left_only,,,
1492: Conquest of Paradise,1492 Conquest Of Paradise,1492: Conquest of Paradise:,https://www.dailyscript.com/scripts/1492_conquest.html,html,1492 Conquest Of Paradise,both,,,
15 Minutes,15 Minutes,15 Minutes,https://www.dailyscript.com/scripts/15minutes.html,html,15 Minutes,both,,,
17 Again,17 Again,,,,,left_only,,,
187,187,,,,,left_only,,,
2001: A Space Odyssey,2001 A Space Odyssey,2001: A Space Odyssey,https://www.dailyscript.com/scripts/2001.html,html,2001 A Space Odyssey,both,,,
2012,2012,,,,,left_only,,,
20th Century Women,20th Century Women,,,,,left_only,,,
25th Hour,25th Hour,25th Hour,https://www.dailyscript.com/scripts/25thhour_all.pdf,pdf,25th Hour,both,,,
28 Days Later,28 Days Later,,,,,left_only,,,
30 Minutes or Less,30 Minutes Or Less,,,,,left_only,,,
42,42,,,,,left_only,,,
44 Inch Chest,44 Inch Chest,,,,,left_only,,,
48 Hrs.,48 Hrs,,,,,left_only,,,
50-50,50 50,,,,,left_only,,,
500 Days of Summer,500 Days Of Summer,,,,,left_only,,,
8 Mile,8 Mile,,,,,left_only,8 Mile,HTML len = 0 : no content scrapped,8 Mile
8MM,8mm,,,,,left_only,,,
9,9,,,,,left_only,,,
A Few Good Men,A Few Good Men,,,,,left_only,,,
A Good Person,A Good Person,,,,,left_only,,,
A Million Miles Away,A Million Miles Away,,,,,left_only,,,
A Most Violent Year,A Most Violent Year,A Most Violent Year,https://www.dailyscript.com/scripts/AMVY+Script.pdf,pdf,A Most Violent Year,both,,,
A Prayer Before Dawn,A Prayer Before Dawn,,,,,left_only,,,
A Quiet Place,A Quiet Place,,,,,left_only,,,
A Real Pain,A Real Pain,,,,,left_only,,,
A Scanner Darkly,A Scanner Darkly,,,,,left_only,,,
A Serious Man,A Serious Man,,,,,left_only,,,
Above the Law,Above The Law,Above the Law,https://www.dailyscript.com/scripts/Above_the_Law.pdf,pdf,Above The Law,both,,,
Absolute Power,Absolute Power,Absolute Power,https://www.dailyscript.com/scripts/Absolute_Power.PDF,pdf,Absolute Power,both,,,
Ace Ventura: Pet Detective,Ace Ventura Pet Detective,Ace Ventura: Pet Detective,https://www.dailyscript.com/scripts/ace_ventura_shoot.html,html,Ace Ventura Pet Detective,both,,,
Ad Astra,Ad Astra,,,,,left_only,,,
Adaptation,Adaptation,Adaptation,https://www.dailyscript.com/scripts/adaptation.pdf,pdf,Adaptation,both,,,
Affliction,Affliction,Affliction,https://www.dailyscript.com/scripts/Affliction.txt,txt,Affliction,both,,,
After School Special,After School Special,,,,,left_only,,,
After.Life,Afterlife,,,,,left_only,,,
Agnes of God,Agnes Of God,,,,,left_only,,,
A.I.,Ai,,,,,left_only,A.I.,"Webstatus : 404
",Ai
Air,Air,,,,,left_only,,,
Air Force One,Air Force One,,,,,left_only,,,
Airplane,Airplane,Airplane!,https://www.dailyscript.com/scripts/Airplane_script.htm,htm,Airplane,both,,,
Airplane 2: The Sequel,Airplane 2 The Sequel,Airplane II: The Sequel,https://www.dailyscript.com/scripts/Airplane2_script.htm,htm,Airplane 2 The Sequel,both,,,
Aladdin,Aladdin,,,,,left_only,,,
Ali,Ali,Ali,https://www.dailyscript.com/scripts/Ali.pdf,pdf,Ali,both,,,
Alien,Alien,Alien,https://www.dailyscript.com/scripts/alien_early.html,html,Alien,both,,,
Alien 3,Alien 3,,,,,left_only,,,
Alien Nation,Alien Nation,Alien Nation,https://www.dailyscript.com/scripts/Alien_Nation_Bannon_Cameron_October_1987.html,html,Alien Nation,both,,,
Alien: Resurrection,Alien Resurrection,,,,,left_only,,,
Alien vs. Predator,Alien Vs Predator,,,,,left_only,,,
Aliens,Aliens,Aliens,https://www.dailyscript.com/scripts/Aliens_James_Cameron_May_28_1985_first_draft.html,html,Aliens,both,,,
All About Eve,All About Eve,All About Eve,https://www.dailyscript.com/scripts/All%20About%20Eve.txt,txt,All About Eve,both,,,
All About Steve,All About Steve,,,,,left_only,,,
All of Us Strangers,All Of Us Strangers,,,,,left_only,,,
All the King's Men,All The Kings Men,All The King's Men,https://www.dailyscript.com/scripts/All%20The%20King%27s%20Men%20(1949).txt,txt,All The Kings Men,both,,,
All the President's Men,All The Presidents Men,All The President's Men,https://www.dailyscript.com/scripts/All%20The%20President's%20Men.txt,txt,All The Presidents Men,both,,,
Almost Famous,Almost Famous,Almost Famous,https://www.dailyscript.com/scripts/Almost%20Famous.txt,txt,Almost Famous,both,,,
Alone in the Dark,Alone In The Dark,,,,,left_only,,,
Amadeus,Amadeus,Amadeus,https://www.dailyscript.com/scripts/amadeus.html,html,Amadeus,both,,,
Amelia,Amelia,,,,,left_only,,,
American Beauty,American Beauty,American Beauty,https://www.dailyscript.com/scripts/American%20Beauty.txt,txt,American Beauty,both,,,
American Fiction,American Fiction,,,,,left_only,,,
American Gangster,American Gangster,,,,,left_only,,,
American Graffiti,American Graffiti,American Graffiti,https://www.dailyscript.com/scripts/American%20Graffiti.txt,txt,American Graffiti,both,,,
American History X,American History X,,,,,left_only,,,
American Hustle,American Hustle,,,,,left_only,,,
American Madness,American Madness,American Madness,https://www.dailyscript.com/scripts/American_Madness.html,html,American Madness,both,,,
American Milkshake,American Milkshake,,,,,left_only,,,
American Outlaws,American Outlaws,American Outlaws,https://www.dailyscript.com/scripts/American_Outlaws.html,html,American Outlaws,both,,,
American Pie,American Pie,American Pie,https://www.dailyscript.com/scripts/american-pie_production.html,html,American Pie,both,,,
American Psycho,American Psycho,American Psycho,https://www.dailyscript.com/scripts/American_Psycho_Harron_Turner.html,html,American Psycho,both,,,
American Shaolin: King of Kickboxers II,American Shaolin King Of Kickboxers 2,,,,,left_only,,,
American Sniper,American Sniper,,,,,left_only,,,
American Splendor,American Splendor,American Splendor,https://www.dailyscript.com/scripts/American_Splendor.pdf,pdf,American Splendor,both,,,
American Werewolf in London,American Werewolf In London,,,,,left_only,,,
Amour,Amour,,,,,left_only,,,
An Education,An Education,,,,,left_only,,,
Analyze That,Analyze That,,,,,left_only,,,
Analyze This,Analyze This,,,,,left_only,,,
Anastasia,Anastasia,,,,,left_only,,,
Angel Eyes,Angel Eyes,Angel Eyes,https://www.dailyscript.com/scripts/Angel_Eyes.PDF,pdf,Angel Eyes,both,,,
Angels & Demons,Angels & Demons,,,,,left_only,Angels & Demons,HTML len = 0 : no content scrapped,Angels & Demons
Anna Karenina,Anna Karenina,,,,,left_only,,,
Annie Hall,Annie Hall,Annie Hall,https://www.dailyscript.com/scripts/Annie%20Hall.txt,txt,Annie Hall,both,,,
Anonymous,Anonymous,,,,,left_only,,,
Anora,Anora,,,,,left_only,,,
Antitrust,Antitrust,Antitrust,https://www.dailyscript.com/scripts/Antitrust.txt,txt,Antitrust,both,,,
Antz,Antz,Antz,https://www.dailyscript.com/scripts/antz.html,html,Antz,both,,,
Apocalypse Now,Apocalypse Now,Apocalypse Now,https://www.dailyscript.com/scripts/apocolypse.html,html,Apocalypse Now,both,,,
Apollo 13,Apollo 13,,,,,left_only,Apollo 13,HTML len = 0 : no content scrapped,Apollo 13
April Fool's Day,April Fools Day,,,,,left_only,,,
Apt Pupil,Apt Pupil,Apt Pupil,https://www.dailyscript.com/scripts/apt-pupil_early.html,html,Apt Pupil,both,,,
Arbitrage,Arbitrage,,,,,left_only,,,
Arcade,Arcade,,,,,left_only,,,
Arctic Blue,Arctic Blue,,,,,left_only,,,
Argo,Argo,,,,,left_only,,,
Armageddon,Armageddon,,,,,left_only,,,
Army of Darkness,Army Of Darkness,,,,,left_only,,,
Arsenic and Old Lace,Arsenic And Old Lace,,,,,left_only,,,
Arthur,Arthur,,,,,left_only,,,
As Good As It Gets,As Good As It Gets,As Good As It Gets,https://www.dailyscript.com/scripts/as_good_as_it_gets.html,html,As Good As It Gets,both,,,
Assassins,Assassins,Assassins,https://www.dailyscript.com/scripts/assassins_early.html,html,Assassins,both,,,
Asteroid City,Asteroid City,,,,,left_only,,,
At First Sight,At First Sight,At First Sight,https://www.dailyscript.com/scripts/at_first_sight.html,html,At First Sight,both,,,
August: Osage County,August Osage County,,,,,left_only,,,
Austin Powers - International Man of Mystery,Austin Powers International Man Of Mystery,Austin Powers: International Man of Mystery,https://www.dailyscript.com/scripts/Austin%20Powers%20-%20International%20Man%20Of%20Mystery.txt,txt,Austin Powers International Man Of Mystery,both,,,
Austin Powers - The Spy Who Shagged Me,Austin Powers The Spy Who Shagged Me,,,,,left_only,,,
Authors Anonymous,Authors Anonymous,,,,,left_only,,,
Autumn in New York,Autumn In New York,Autumn In New York,https://www.dailyscript.com/scripts/Autumn%20In%20New%20York.txt,txt,Autumn In New York,both,,,
Avatar,Avatar,,,,,left_only,,,
Avengers: Endgame,Avengers Endgame,,,,,left_only,,,
"Avventura, L' (The Adventure)",Avventura L (the Adventure),,,,,left_only,,,
Awakenings,Awakenings,Awakenings,https://www.dailyscript.com/scripts/awakenings_lite.pdf,pdf,Awakenings,both,,,
Babel,Babel,Babel,https://www.dailyscript.com/scripts/Babel.pdf,pdf,Babel,both,,,
Bachelor Party,Bachelor Party,Bachelor Party,https://www.dailyscript.com/scripts/Bachelor%20Party.txt,txt,Bachelor Party,both,,,
Back to the Future,Back To The Future,,,,,left_only,Back to the Future,HTML len = 0 : no content scrapped,Back To The Future
Back to the Future II & III,Back To The Future 2 & 3,,,,,left_only,Back to the Future II & III,HTML len = 0 : no content scrapped,Back To The Future 2 & 3
Backdraft,Backdraft,Backdraft,https://www.dailyscript.com/scripts/Backdraft%20(1991).txt,txt,Backdraft,both,,,
Bad Boys,Bad Boys,Bad Boys,https://www.dailyscript.com/scripts/bad_boys.pdf,pdf,Bad Boys,both,,,
Bad Country,Bad Country,,,,,left_only,,,
Bad Day at Black Rock,Bad Day At Black Rock,Bad Day At Black Rock,https://www.dailyscript.com/scripts/Bad%20Day%20At%20Black%20Rock.txt,txt,Bad Day At Black Rock,both,,,
Bad Dreams,Bad Dreams,,,,,left_only,,,
Bad Lieutenant,Bad Lieutenant,Bad Lieutenant,https://www.dailyscript.com/scripts/badlieu.pdf,pdf,Bad Lieutenant,both,,,
Bad Santa,Bad Santa,Bad Santa,https://www.dailyscript.com/scripts/Bad%20Santa.txt,txt,Bad Santa,both,,,
Bad Teacher,Bad Teacher,,,,,left_only,,,
Badlands,Badlands,Badlands,https://www.dailyscript.com/scripts/Badlands.txt,txt,Badlands,both,,,
Bamboozled,Bamboozled,,,,,left_only,,,
Barbie,Barbie,,,,,left_only,,,
Barry Lyndon,Barry Lyndon,Barry Lyndon,https://www.dailyscript.com/scripts/BarryLyndon.html,html,Barry Lyndon,both,,,
Barton Fink,Barton Fink,Barton Fink,https://www.dailyscript.com/scripts/Barton%20Fink.txt,txt,Barton Fink,both,,,
Basic,Basic,Basic,https://www.dailyscript.com/scripts/Basic.txt,txt,Basic,both,,,
Basic Instinct,Basic Instinct,Basic Instinct,https://www.dailyscript.com/scripts/basic_instinct.html,html,Basic Instinct,both,,,
Basquiat,Basquiat,,,,,left_only,,,
Batman,Batman,Batman,https://www.dailyscript.com/scripts/batman_early.html,html,Batman,both,,,
Batman 2,Batman 2,,,,,left_only,,,
Batman and Robin,Batman And Robin,,,,,left_only,Batman and Robin,"Webstatus : 404
",Batman And Robin
Batman Begins,Batman Begins,Batman Begins,https://www.dailyscript.com/scripts/Batman-Begins.pdf,pdf,Batman Begins,both,Batman Begins,"Webstatus : 404
",Batman Begins
Batman Forever,Batman Forever,Batman Forever,https://www.dailyscript.com/scripts/batman_forever.html,html,Batman Forever,both,Batman Forever,"Webstatus : 404
",Batman Forever
Batman Returns,Batman Returns,Batman Returns,https://www.dailyscript.com/scripts/batman-returns_early.html,html,Batman Returns,both,Batman Returns,"Webstatus : 404
",Batman Returns
Battle: Los Angeles,Battle Los Angeles,,,,,left_only,,,
Bean,Bean,,,,,left_only,,,
Beasts of No Nation,Beasts Of No Nation,,,,,left_only,,,
Beasts of the Southern Wild,Beasts Of The Southern Wild,,,,,left_only,,,
Beauty and the Beast,Beauty And The Beast,,,,,left_only,,,
Beavis and Butt-head Do America,Beavis And Butt Head Do America,Beavis and Butt-head Do America,https://www.dailyscript.com/scripts/beavis_and_butthead_do_america.html,html,Beavis And Butt Head Do America,both,,,
Beginners,Beginners,,,,,left_only,,,
Being Human,Being Human,Being Human,https://www.dailyscript.com/scripts/Being_Human.PDF,pdf,Being Human,both,,,
Being John Malkovich,Being John Malkovich,Being John Malkovich,https://www.dailyscript.com/scripts/beingjohnmalkovich.html,html,Being John Malkovich,both,,,
Being the Ricardos,Being The Ricardos,,,,,left_only,,,
Being There,Being There,Being There,https://www.dailyscript.com/scripts/being_there_1_10_79.html,html,Being There,both,,,
Belle,Belle,Belle,https://www.dailyscript.com/scripts/FSP3827_BELLE_SCRIPT_BOOK_C6a.pdf,pdf,Belle,both,,,
Beloved,Beloved,Beloved,https://www.dailyscript.com/scripts/beloved_lagravenese.html,html,Beloved,both,,,
Benny & Joon,Benny & Joon,,,,,left_only,Benny & Joon,HTML len = 0 : no content scrapped,Benny & Joon
Big,Big,,,,,left_only,,,
Big Eyes,Big Eyes,Big Eyes,https://www.dailyscript.com/scripts/ScreenplayBigEyes.pdf,pdf,Big Eyes,both,,,
Big Fish,Big Fish,,,,,left_only,,,
Birdman,Birdman,Birdman,https://www.dailyscript.com/scripts/FSP3823_BiRDMAN_MINI_SCRIPT_BOOK_C5.pdf,pdf,Birdman,both,,,
Birthday Girl,Birthday Girl,Birthday Girl,https://www.dailyscript.com/scripts/Birthday+Girl.txt,txt,Birthday Girl,both,,,
Black Panther,Black Panther,,,,,left_only,,,
Black Rain,Black Rain,Black Rain,https://www.dailyscript.com/scripts/black_rain.html,html,Black Rain,both,,,
Black Snake Moan,Black Snake Moan,Black Snake Moan,https://www.dailyscript.com/scripts/Black-Snake-Moan.pdf,pdf,Black Snake Moan,both,,,
Black Swan,Black Swan,,,,,left_only,,,
Blackberry,Blackberry,,,,,left_only,,,
BlacKkKlansman,Blackkklansman,,,,,left_only,,,
Blade,Blade,Blade,https://www.dailyscript.com/scripts/blade.html,html,Blade,both,,,
Blade II,Blade 2,Blade II,https://www.dailyscript.com/scripts/Blade_II_David_goyer.html,html,Blade 2,both,,,
Blade Runner,Blade Runner,Blade Runner,https://www.dailyscript.com/scripts/Blade-runner_early.html,html,Blade Runner,both,,,
Blade: Trinity,Blade Trinity,Blade Trinity,https://www.dailyscript.com/scripts/BladeTrinity.txt,txt,Blade Trinity,both,,,
Blink Twice,Blink Twice,,,,,left_only,,,
Blitz,Blitz,,,,,left_only,,,
Blood and Wine,Blood And Wine,,,,,left_only,,,
Blood Simple,Blood Simple,Blood Simple,https://www.dailyscript.com/scripts/Blood%20Simple.txt,txt,Blood Simple,both,,,
Blow,Blow,Blow,https://www.dailyscript.com/scripts/blow.html,html,Blow,both,,,
Blue Valentine,Blue Valentine,,,,,left_only,,,
Blue Velvet,Blue Velvet,Blue Velvet,https://www.dailyscript.com/scripts/Blue+Velvet.txt,txt,Blue Velvet,both,,,
"Bodies, Rest & Motion",Bodies Rest & Motion,"Bodies, Rest & Motion","https://www.dailyscript.com/scripts/Bodies,%20Rest%20&%20Motion.txt",txt,Bodies Rest & Motion,both,"Bodies, Rest & Motion",HTML len = 0 : no content scrapped,Bodies Rest & Motion
Body Heat,Body Heat,Body Heat,https://www.dailyscript.com/scripts/BodyHeat.pdf,pdf,Body Heat,both,,,
Body of Evidence,Body Of Evidence,Body of Evidence,https://www.dailyscript.com/scripts/body_of_evidence.html,html,Body Of Evidence,both,,,
Bodyguard,Bodyguard,,,,,left_only,,,
Bones,Bones,Bones,https://www.dailyscript.com/scripts/bones.html,html,Bones,both,,,
Bonfire of the Vanities,Bonfire Of The Vanities,Bonfire of the Vanities,https://www.dailyscript.com/scripts/Bonfire_Vanities.PDF,pdf,Bonfire Of The Vanities,both,,,
Bonnie and Clyde,Bonnie And Clyde,,,,,left_only,,,
Boogie Nights,Boogie Nights,,,,,left_only,,,
Bookworm,Bookworm,,,,,left_only,,,
Boondock Saints 2: All Saints Day,Boondock Saints 2 All Saints Day,,,,,left_only,,,
Bottle Rocket,Bottle Rocket,Bottle Rocket,https://www.dailyscript.com/scripts/bottlerocket.html,html,Bottle Rocket,both,,,
Bound,Bound,Bound,https://www.dailyscript.com/scripts/Bound_FirstDraft.txt,txt,Bound,both,,,
Boyhood,Boyhood,Boyhood,https://www.dailyscript.com/scripts/Boyhood-screenplay-11-14-FINAL.pdf,pdf,Boyhood,both,,,
Braveheart,Braveheart,Braveheart,https://www.dailyscript.com/scripts/Braveheart.txt,txt,Braveheart,both,,,
Brazil,Brazil,Brazil,https://www.dailyscript.com/scripts/brazil.html,html,Brazil,both,,,
Break,Break,Break,https://www.dailyscript.com/scripts/Break_final.pdf,pdf,Break,both,,,
Breakdown,Breakdown,Breakdown,https://www.dailyscript.com/scripts/Breakdown.PDF,pdf,Breakdown,both,,,
Breaking Away,Breaking Away,,,,,left_only,,,
Brick,Brick,,,,,left_only,,,
Bridesmaids,Bridesmaids,,,,,left_only,,,
Bringing Out the Dead,Bringing Out The Dead,Bringing Out the Dead,https://www.dailyscript.com/scripts/bringing-out-the-dead.html,html,Bringing Out The Dead,both,,,
Bringing Out the Dead,Bringing Out The Dead,Bringing Out The Dead,https://www.dailyscript.com/scripts/Bringing+Out+The+Dead.txt,txt,Bringing Out The Dead,both,,,
Broadcast News,Broadcast News,Broadcast News,https://www.dailyscript.com/scripts/broadc_news.html,html,Broadcast News,both,,,
Broken Arrow,Broken Arrow,,,,,left_only,,,
Broken Embraces,Broken Embraces,,,,,left_only,,,
Bruce Almighty,Bruce Almighty,Bruce Almighty,https://www.dailyscript.com/scripts/Bruce%20Almighty.txt,txt,Bruce Almighty,both,,,
Buffy the Vampire Slayer,Buffy The Vampire Slayer,Buffy the Vampire Slayer,https://www.dailyscript.com/scripts/buffy_the_vampire_slayer.html,html,Buffy The Vampire Slayer,both,,,
Bull Durham,Bull Durham,Bull Durham,https://www.dailyscript.com/scripts/Bull+Durham.txt,txt,Bull Durham,both,,,
Buried,Buried,,,,,left_only,,,
Burlesque,Burlesque,,,,,left_only,,,
Burn After Reading,Burn After Reading,,,,,left_only,,,
Burning Annie,Burning Annie,,,,,left_only,,,
Cable Guy,Cable Guy,,,,,left_only,,,
Candle to Water,Candle To Water,,,,,left_only,,,
Capote,Capote,Capote,https://www.dailyscript.com/scripts/Capote.pdf,pdf,Capote,both,,,
Carrie,Carrie,,,,,left_only,,,
Cars 2,Cars 2,,,,,left_only,,,
Casablanca,Casablanca,Casablanca,https://www.dailyscript.com/scripts/casablanca.pdf,pdf,Casablanca,both,Casablanca,"Webstatus : 404
",Casablanca
Case 39,Case 39,,,,,left_only,,,
Casino,Casino,Casino,https://www.dailyscript.com/scripts/casino.html,html,Casino,both,,,
Cassandro,Cassandro,,,,,left_only,,,
Cast Away,Cast Away,Cast Away,https://www.dailyscript.com/scripts/CastAway.txt,txt,Cast Away,both,,,
Catch Me If You Can,Catch Me If You Can,,,,,left_only,,,
Catwoman,Catwoman,Catwoman,https://www.dailyscript.com/scripts/catwoman.pdf,pdf,Catwoman,both,,,
Cecil B. Demented,Cecil B Demented,,,,,left_only,,,
Cedar Rapids,Cedar Rapids,,,,,left_only,,,
Celeste & Jesse Forever,Celeste & Jesse Forever,,,,,left_only,Celeste & Jesse Forever,HTML len = 0 : no content scrapped,Celeste & Jesse Forever
Cellular,Cellular,Cellular,https://www.dailyscript.com/scripts/cellular.pdf,pdf,Cellular,both,,,
Changeling,Changeling,Changeling,https://www.dailyscript.com/scripts/Changeling_screenplay.pdf,pdf,Changeling,both,,,
Chaos,Chaos,,,,,left_only,,,
Charade,Charade,Charade,https://www.dailyscript.com/scripts/Charade.txt,txt,Charade,both,,,
Charlie's Angels,Charlies Angels,Charlie's Angels,https://www.dailyscript.com/scripts/Charlies_Angels.pdf,pdf,Charlies Angels,both,,,
Chasing Amy,Chasing Amy,Chasing Amy,https://www.dailyscript.com/scripts/Chasing%20Amy.txt,txt,Chasing Amy,both,,,
Chasing Sleep,Chasing Sleep,Chasing Sleep,https://www.dailyscript.com/scripts/chasing_sleep.html,html,Chasing Sleep,both,,,
Cherry Falls,Cherry Falls,,,,,left_only,,,
Chinatown,Chinatown,Chinatown,https://www.dailyscript.com/scripts/Chinatown.txt,txt,Chinatown,both,,,
Christ Complex,Christ Complex,,,,,left_only,,,
Chronicle,Chronicle,Chronicle,https://www.dailyscript.com/scripts/Chronicle.pdf,pdf,Chronicle,both,,,
"Chronicles of Narnia: The Lion, the Witch and the Wardrobe",Chronicles Of Narnia The Lion The Witch And The Wardrobe,,,,,left_only,,,
Cinema Paradiso,Cinema Paradiso,Cinema Paradiso,https://www.dailyscript.com/scripts/cinema_paradiso.html,html,Cinema Paradiso,both,,,
Cirque du Freak: The Vampire's Assistant,Cirque Du Freak The Vampires Assistant,,,,,left_only,,,
Citizen Kane,Citizen Kane,Citizen Kane,https://www.dailyscript.com/scripts/Citizen%20Kane.txt,txt,Citizen Kane,both,,,
City of Joy,City Of Joy,City of Joy,https://www.dailyscript.com/scripts/city_of_joy.pdf,pdf,City Of Joy,both,,,
Clash of the Titans,Clash Of The Titans,,,,,left_only,,,
Clerks,Clerks,Clerks,https://www.dailyscript.com/scripts/clerks.html,html,Clerks,both,,,
Cliffhanger,Cliffhanger,Cliffhanger,https://www.dailyscript.com/scripts/cliffhanger_france.html,html,Cliffhanger,both,,,
"Clockwork Orange, A",Clockwork Orange A,,,,,left_only,"Clockwork Orange, A",HTML len = 0 : no content scrapped,Clockwork Orange A
Clueless,Clueless,,,,,left_only,,,
Cobb,Cobb,Cobb,https://www.dailyscript.com/scripts/cobb.pdf,pdf,Cobb,both,,,
Coco,Coco,,,,,left_only,,,
Code of Silence,Code Of Silence,Code Of Silence,https://www.dailyscript.com/scripts/Code%20Of%20Silence.txt,txt,Code Of Silence,both,,,
Cold Mountain,Cold Mountain,Cold Mountain,https://www.dailyscript.com/scripts/Cold%20Mountain.txt,txt,Cold Mountain,both,,,
Collateral,Collateral,Collateral,https://www.dailyscript.com/scripts/Collateral.html,html,Collateral,both,,,
Collateral Damage,Collateral Damage,Collateral Damage,https://www.dailyscript.com/scripts/Collateral_Damage.pdf,pdf,Collateral Damage,both,,,
Colombiana,Colombiana,,,,,left_only,,,
Color of Night,Color Of Night,,,,,left_only,,,
Commando,Commando,,,,,left_only,Commando,HTML len = 0 : no content scrapped,Commando
Conan the Barbarian,Conan The Barbarian,,,,,left_only,Conan the Barbarian,HTML len = 0 : no content scrapped,Conan The Barbarian
Confessions of a Dangerous Mind,Confessions Of A Dangerous Mind,,,,,left_only,,,
Confidence,Confidence,Confidence,https://www.dailyscript.com/scripts/CONFIDENCE.pdf,pdf,Confidence,both,,,
Constantine,Constantine,,,,,left_only,,,
Contact,Contact,,,,,left_only,Contact,"Webstatus : 404
",Contact
Copycat,Copycat,Copycat,https://www.dailyscript.com/scripts/copycat.html,html,Copycat,both,,,
Coraline,Coraline,,,,,left_only,,,
Coriolanus,Coriolanus,,,,,left_only,,,
Corpse Bride,Corpse Bride,,,,,left_only,,,
Courage Under Fire,Courage Under Fire,Courage Under Fire,https://www.dailyscript.com/scripts/CourageUnderFire.pdf,pdf,Courage Under Fire,both,Courage Under Fire,HTML len = 0 : no content scrapped,Courage Under Fire
Cowboys & Aliens,Cowboys & Aliens,,,,,left_only,Cowboys & Aliens,HTML len = 0 : no content scrapped,Cowboys & Aliens
Cradle 2 the Grave,Cradle 2 The Grave,,,,,left_only,,,
Crank,Crank,Crank,https://www.dailyscript.com/scripts/crank.pdf,pdf,Crank,both,,,
Crash,Crash,,,,,left_only,,,
"Crazy, Stupid, Love",Crazy Stupid Love,,,,,left_only,,,
Crazylove,Crazylove,,,,,left_only,,,
Creation,Creation,,,,,left_only,,,
Crime Spree,Crime Spree,Crime Spree,https://www.dailyscript.com/scripts/crimespree.html,html,Crime Spree,both,,,
"Crouching Tiger, Hidden Dragon",Crouching Tiger Hidden Dragon,,,,,left_only,,,
Croupier,Croupier,Croupier,https://www.dailyscript.com/scripts/Croupier.txt,txt,Croupier,both,,,
Cruel Intentions,Cruel Intentions,Cruel Intentions,https://www.dailyscript.com/scripts/cruel-intentions.html,html,Cruel Intentions,both,,,
Crying Game,Crying Game,,,,,left_only,,,
Cube,Cube,,,,,left_only,,,
Custody,Custody,,,,,left_only,,,
Dallas Buyers Club,Dallas Buyers Club,,,,,left_only,,,
Dances with Wolves,Dances With Wolves,Dances With Wolves,https://www.dailyscript.com/scripts/Dances_With_Wolves.pdf,pdf,Dances With Wolves,both,,,
Dark City,Dark City,Dark City,https://www.dailyscript.com/scripts/dark-city_early.html,html,Dark City,both,,,
Dark Star,Dark Star,Dark Star,https://www.dailyscript.com/scripts/dark-star_short.html,html,Dark Star,both,,,
Darkman,Darkman,Darkman,https://www.dailyscript.com/scripts/darkman.pdf,pdf,Darkman,both,,,
Date Night,Date Night,,,,,left_only,,,
Dave Barry's Complete Guide to Guys,Dave Barrys Complete Guide To Guys,,,,,left_only,,,
Dawn of the Dead,Dawn Of The Dead,,,,,left_only,,,
Day of the Dead,Day Of The Dead,,,,,left_only,,,
Days of Heaven,Days Of Heaven,Days of Heaven,https://www.dailyscript.com/scripts/daysofheaven.html,html,Days Of Heaven,both,,,
Dead Poets Society,Dead Poets Society,Dead Poets Society,https://www.dailyscript.com/scripts/Dead%20Poets%20Society.txt,txt,Dead Poets Society,both,,,
Deadpool,Deadpool,,,,,left_only,,,
Deadpool & Wolverine,Deadpool & Wolverine,,,,,left_only,Deadpool & Wolverine,HTML len = 0 : no content scrapped,Deadpool & Wolverine
Dear White People,Dear White People,,,,,left_only,,,
Death at a Funeral,Death At A Funeral,,,,,left_only,,,
Death to Smoochy,Death To Smoochy,Death to Smoochy,https://www.dailyscript.com/scripts/Death_to_Smoochy.pdf,pdf,Death To Smoochy,both,,,
Deception,Deception,,,,,left_only,,,
Deep Cover,Deep Cover,Deep Cover,https://www.dailyscript.com/scripts/Deep%20Cover.txt,txt,Deep Cover,both,,,
Deep Rising,Deep Rising,Deep Rising,https://www.dailyscript.com/scripts/deep_rising.html,html,Deep Rising,both,,,
Defiance,Defiance,Defiance,https://www.dailyscript.com/scripts/Final_Defiance_With_Cover.pdf,pdf,Defiance,both,,,
Despicable Me 2,Despicable Me 2,,,,,left_only,,,
Detroit Rock City,Detroit Rock City,Detroit Rock City,https://www.dailyscript.com/scripts/DetroitRockCity.htm,htm,Detroit Rock City,both,,,
Devil in a Blue Dress,Devil In A Blue Dress,Devil In a Blue Dress,https://www.dailyscript.com/scripts/devilinabluedress.pdf,pdf,Devil In A Blue Dress,both,,,
Devil's Advocate,Devils Advocate,,,,,left_only,,,
Die Hard,Die Hard,,,,,left_only,,,
Die Hard 2,Die Hard 2,Die Hard 2,https://www.dailyscript.com/scripts/Die_Hard_2.pdf,pdf,Die Hard 2,both,,,
Diner,Diner,Diner,https://www.dailyscript.com/scripts/diner.pdf,pdf,Diner,both,,,
Disturbia,Disturbia,Disturbia,https://www.dailyscript.com/scripts/Disturbia.pdf,pdf,Disturbia,both,,,
Django Unchained,Django Unchained,Django Unchained,https://www.dailyscript.com/scripts/Django.pdf,pdf,Django Unchained,both,,,
Do The Right Thing,Do The Right Thing,,,,,left_only,,,
Dog Day Afternoon,Dog Day Afternoon,Dog Day Afternoon,https://www.dailyscript.com/scripts/Dog%20Day%20Afternoon.txt,txt,Dog Day Afternoon,both,,,
Dogma,Dogma,,,,,left_only,,,
Donnie Brasco,Donnie Brasco,Donnie Brasco,https://www.dailyscript.com/scripts/Donnie%20Brasco.txt,txt,Donnie Brasco,both,,,
Donnie Darko,Donnie Darko,Donnie Darko,https://www.dailyscript.com/scripts/donniedarko.pdf,pdf,Donnie Darko,both,Donnie Darko,"Webstatus : 404
",Donnie Darko
Double Indemnity,Double Indemnity,Double Indemnity,https://www.dailyscript.com/scripts/Double%20Indemnity.txt,txt,Double Indemnity,both,,,
Drag Me to Hell,Drag Me To Hell,,,,,left_only,,,
Dragonslayer,Dragonslayer,,,,,left_only,,,
Dream Scenario,Dream Scenario,,,,,left_only,,,
Drive,Drive,,,,,left_only,,,
Drive Angry,Drive Angry,,,,,left_only,,,
Drop Dead Gorgeous,Drop Dead Gorgeous,Drop Dead Gorgeous,https://www.dailyscript.com/scripts/dropdeadgorgeous.html,html,Drop Dead Gorgeous,both,,,
"Dry White Season, A",Dry White Season A,,,,,left_only,,,
Duck Soup,Duck Soup,Duck Soup,https://www.dailyscript.com/scripts/Duck%20Soup.txt,txt,Duck Soup,both,,,
Dumb and Dumber,Dumb And Dumber,Dumb and Dumber,https://www.dailyscript.com/scripts/Dumb%20And%20Dumber.txt,txt,Dumb And Dumber,both,,,
Dune,Dune,,,,,left_only,,,
Dune Part One,Dune Part One,,,,,left_only,,,
Eagle Eye,Eagle Eye,,,,,left_only,,,
Eastern Promises,Eastern Promises,,,,,left_only,,,
Easy A,Easy A,,,,,left_only,,,
Ed TV,Ed Tv,Ed TV,https://www.dailyscript.com/scripts/edtv.html,html,Ed Tv,both,,,
Ed Wood,Ed Wood,Ed Wood,https://www.dailyscript.com/scripts/ed-wood.html,html,Ed Wood,both,,,
Edward Scissorhands,Edward Scissorhands,Edward Scissorhands,https://www.dailyscript.com/scripts/edward_scissorhands1.pdf,pdf,Edward Scissorhands,both,,,
Eight Legged Freaks,Eight Legged Freaks,,,,,left_only,,,
El Mariachi,El Mariachi,El Mariachi,https://www.dailyscript.com/scripts/El%20Mariachi.txt,txt,El Mariachi,both,,,
Election,Election,Election,https://www.dailyscript.com/scripts/election.html,html,Election,both,,,
Elemental,Elemental,,,,,left_only,,,
Elizabeth: The Golden Age,Elizabeth The Golden Age,Elizabeth: The Golden Age,https://www.dailyscript.com/scripts/elizabeth.pdf,pdf,Elizabeth The Golden Age,both,,,
Elvis,Elvis,,,,,left_only,,,
Enemy of the State,Enemy Of The State,Enemy of the State,https://www.dailyscript.com/scripts/enemyofthestate.html,html,Enemy Of The State,both,,,
Enough,Enough,,,,,left_only,,,
Entrapment,Entrapment,Entrapment,https://www.dailyscript.com/scripts/entrapment_early.html,html,Entrapment,both,,,
Equilibrium,Equilibrium,Equilibrium,https://www.dailyscript.com/scripts/equilibrium-early.pdf,pdf,Equilibrium,both,Equilibrium,HTML len = 0 : no content scrapped,Equilibrium
Erik the Viking,Erik The Viking,Erik the Viking,https://www.dailyscript.com/scripts/erik_the_viking.html,html,Erik The Viking,both,,,
Erik the Viking,Erik The Viking,Erik The Viking,https://www.dailyscript.com/scripts/Erik+The+Viking.txt,txt,Erik The Viking,both,,,
Erin Brockovich,Erin Brockovich,Erin Brockovich,https://www.dailyscript.com/scripts/erin-brockovich_early.html,html,Erin Brockovich,both,,,
Escape From L.A.,Escape From La,,,,,left_only,,,
Escape From New York,Escape From New York,,,,,left_only,,,
E.T.,Et,,,,,left_only,,,
Eternal Sunshine of the Spotless Mind,Eternal Sunshine Of The Spotless Mind,Eternal Sunshine Of The Spotless Mind,https://www.dailyscript.com/scripts/Eternal+Sunshine+Of+The+Spotless+Mind.txt,txt,Eternal Sunshine Of The Spotless Mind,both,,,
Even Cowgirls Get the Blues,Even Cowgirls Get The Blues,Even Cowgirls Get The Blues,https://www.dailyscript.com/scripts/Even%20Cowgirls%20Get%20The%20Blues.txt,txt,Even Cowgirls Get The Blues,both,,,
Event Horizon,Event Horizon,Event Horizon,https://www.dailyscript.com/scripts/Event%20Horizon.txt,txt,Event Horizon,both,,,
Evil Dead,Evil Dead,,,,,left_only,,,
Evil Dead II: Dead by Dawn,Evil Dead 2 Dead By Dawn,,,,,left_only,,,
Ex Machina,Ex Machina,Ex Machina,https://www.dailyscript.com/scripts/exMachina_script.pdf,pdf,Ex Machina,both,,,
Excalibur,Excalibur,Excalibur,https://www.dailyscript.com/scripts/Excalibur.txt,txt,Excalibur,both,,,
Executive Decision,Executive Decision,Executive Decision,https://www.dailyscript.com/scripts/Executive_Decision.pdf,pdf,Executive Decision,both,Executive Decision,"Webstatus : 404
",Executive Decision
eXistenZ,Existenz,,,,,left_only,eXistenZ,HTML len = 0 : no content scrapped,Existenz
Extract,Extract,,,,,left_only,,,
Eyes Wide Shut,Eyes Wide Shut,,,,,left_only,Eyes Wide Shut,"Webstatus : 404
",Eyes Wide Shut
Face Off,Face Off,,,,,left_only,,,
Fair Game,Fair Game,,,,,left_only,,,
FairyTale: A True Story,Fairytale A True Story,,,,,left_only,,,
Fantastic Beasts and Where to Find Them,Fantastic Beasts And Where To Find Them,,,,,left_only,,,
Fantastic Beasts: The Crimes of Grindelwald,Fantastic Beasts The Crimes Of Grindelwald,,,,,left_only,,,
Fantastic Beasts: The Secrets of Dumbledore,Fantastic Beasts The Secrets Of Dumbledore,,,,,left_only,,,
Fantastic Four,Fantastic Four,,,,,left_only,,,
Fantastic Mr Fox,Fantastic Mr Fox,,,,,left_only,,,
Fargo,Fargo,Fargo,https://www.dailyscript.com/scripts/fargo.html,html,Fargo,both,,,
Fast Times at Ridgemont High,Fast Times At Ridgemont High,Fast Times at Ridgemont High,https://www.dailyscript.com/scripts/fast_times_at_ridgemont_high.html,html,Fast Times At Ridgemont High,both,,,
Fast Times at Ridgemont High,Fast Times At Ridgemont High,Fast Times At Ridgemont High,https://www.dailyscript.com/scripts/Fast+Times+At+Ridgemont+High.txt,txt,Fast Times At Ridgemont High,both,,,
Fatal Instinct,Fatal Instinct,Fatal Instinct,https://www.dailyscript.com/scripts/Fatal%20Instinct.txt,txt,Fatal Instinct,both,,,
Fear and Loathing in Las Vegas,Fear And Loathing In Las Vegas,Fear and Loathing in Las Vegas,https://www.dailyscript.com/scripts/fearandloathing.html,html,Fear And Loathing In Las Vegas,both,,,
Fear and Loathing in Las Vegas,Fear And Loathing In Las Vegas,Fear And Loathing In Las Vegas,https://www.dailyscript.com/scripts/Fear+&+Loathing+In+Las+Vegas.txt,txt,Fear And Loathing In Las Vegas,both,,,
Feast,Feast,,,,,left_only,,,
Ferrari,Ferrari,,,,,left_only,,,
Ferris Bueller's Day Off,Ferris Buellers Day Off,Ferris Bueller's Day Off,https://www.dailyscript.com/scripts/ferris_bueller_shooting.html,html,Ferris Buellers Day Off,both,,,
Field of Dreams,Field Of Dreams,Field of Dreams,https://www.dailyscript.com/scripts/Field_of_Dreams.pdf,pdf,Field Of Dreams,both,,,
Fight Club,Fight Club,Fight Club,https://www.dailyscript.com/scripts/fightclub_2_98.html,html,Fight Club,both,,,
Final Destination,Final Destination,Final Destination,https://www.dailyscript.com/scripts/final_destination.html,html,Final Destination,both,,,
Final Destination 2,Final Destination 2,Final Destination 2,https://www.dailyscript.com/scripts/final_destination2.html,html,Final Destination 2,both,,,
Finding Nemo,Finding Nemo,,,,,left_only,,,
First Cow,First Cow,,,,,left_only,,,
Five Easy Pieces,Five Easy Pieces,Five Easy Pieces,https://www.dailyscript.com/scripts/fiveeasypieces.html,html,Five Easy Pieces,both,,,
Flash Gordon,Flash Gordon,,,,,left_only,,,
Fletch,Fletch,Fletch,https://www.dailyscript.com/scripts/fletch.html,html,Fletch,both,,,
Flight,Flight,Flight,https://www.dailyscript.com/scripts/Flight.pdf,pdf,Flight,both,,,
Flora and Son,Flora And Son,,,,,left_only,,,
Foe,Foe,,,,,left_only,,,
Forrest Gump,Forrest Gump,Forrest Gump,https://www.dailyscript.com/scripts/Forrest%20Gump.txt,txt,Forrest Gump,both,,,
Four Feathers,Four Feathers,Four Feathers,https://www.dailyscript.com/scripts/Four_Feathers_3rd_Draft.html,html,Four Feathers,both,,,
Four Rooms,Four Rooms,Four Rooms,https://www.dailyscript.com/scripts/Four%20Rooms.txt,txt,Four Rooms,both,,,
Foxcatcher,Foxcatcher,,,,,left_only,,,
Fracture,Fracture,Fracture,https://www.dailyscript.com/scripts/fracture.pdf,pdf,Fracture,both,,,
Frances,Frances,Frances,https://www.dailyscript.com/scripts/Frances.txt,txt,Frances,both,,,
Frankenstein,Frankenstein,,,,,left_only,Frankenstein,HTML len = 0 : no content scrapped,Frankenstein
Frankenweenie,Frankenweenie,,,,,left_only,Frankenweenie,HTML len = 0 : no content scrapped,Frankenweenie
Freaked,Freaked,Freaked,https://www.dailyscript.com/scripts/freaked.pdf,pdf,Freaked,both,,,
Fred Claus,Fred Claus,,,,,left_only,,,
Freddy vs. Jason,Freddy Vs Jason,Freddy vs. Jason,https://www.dailyscript.com/scripts/freddy_v_jason_briggs.html,html,Freddy Vs Jason,both,,,
Frequency,Frequency,Frequency,https://www.dailyscript.com/scripts/frequency.html,html,Frequency,both,,,
Freud's Last Session,Freuds Last Session,,,,,left_only,,,
Friday the 13th,Friday The 13th,Friday the 13th,https://www.dailyscript.com/scripts/friday_13.html,html,Friday The 13th,both,,,
Friday the 13th,Friday The 13th,Friday The 13th,https://www.dailyscript.com/scripts/Friday%20The%2013th.txt,txt,Friday The 13th,both,,,
Friday the 13th Part VIII: Jason Takes Manhattan,Friday The 13th Part V3 Jason Takes Manhattan,,,,,left_only,,,
Fright Night,Fright Night,,,,,left_only,,,
Fright Night (1985),Fright Night (1985),,,,,left_only,,,
From Dusk Till Dawn,From Dusk Till Dawn,From Dusk Till Dawn,https://www.dailyscript.com/scripts/from_dusk_till_dawk.html,html,From Dusk Till Dawn,both,,,
From Here to Eternity,From Here To Eternity,,,,,left_only,,,
Frozen,Frozen,,,,,left_only,,,
Frozen (Disney),Frozen (disney),,,,,left_only,,,
Frozen River,Frozen River,Frozen River,https://www.dailyscript.com/scripts/frozenriver_screenplay.pdf,pdf,Frozen River,both,,,
Fruitvale Station,Fruitvale Station,,,,,left_only,,,
Full Metal Jacket,Full Metal Jacket,,,,,left_only,Full Metal Jacket,"Webstatus : 404
",Full Metal Jacket
Funny People,Funny People,Funny People,https://www.dailyscript.com/scripts/Funny_People_screenplay.pdf,pdf,Funny People,both,,,
Fury,Fury,Fury,https://www.dailyscript.com/scripts/Fury.pdf,pdf,Fury,both,Fury,"Webstatus : 404
",Fury
Game 6,Game 6,Game 6,https://www.dailyscript.com/scripts/game_6.html,html,Game 6,both,,,
Gamer,Gamer,,,,,left_only,,,
Gandhi,Gandhi,Gandhi,https://www.dailyscript.com/scripts/Gandhi.txt,txt,Gandhi,both,,,
Gang Related,Gang Related,Gang Related,https://www.dailyscript.com/scripts/Gang%20Related.txt,txt,Gang Related,both,,,
Gangs of New York,Gangs Of New York,,,,,left_only,,,
Garden State,Garden State,Garden State,https://www.dailyscript.com/scripts/garden-state.pdf,pdf,Garden State,both,,,
Gattaca,Gattaca,Gattaca,https://www.dailyscript.com/scripts/gattaca_early.html,html,Gattaca,both,,,
Get Carter,Get Carter,Get Carter,https://www.dailyscript.com/scripts/Get_Carter.pdf,pdf,Get Carter,both,,,
Get Low,Get Low,,,,,left_only,,,
Get on Up,Get On Up,Get On Up,https://www.dailyscript.com/scripts/Get-On-Up.pdf,pdf,Get On Up,both,,,
Get Out,Get Out,,,,,left_only,,,
Get Shorty,Get Shorty,Get Shorty,https://www.dailyscript.com/scripts/get_shorty.txt,txt,Get Shorty,both,,,
Ghost,Ghost,Ghost,https://www.dailyscript.com/scripts/Ghost%20(1990).txt,txt,Ghost,both,,,
Ghost Rider,Ghost Rider,,,,,left_only,,,
Ghost Ship,Ghost Ship,Ghost Ship,https://www.dailyscript.com/scripts/Ghost%20Ship.txt,txt,Ghost Ship,both,,,
Ghost World,Ghost World,Ghost World,https://www.dailyscript.com/scripts/Ghost%20World.txt,txt,Ghost World,both,,,
Ghostbusters,Ghostbusters,,,,,left_only,,,
Ghostbusters 2,Ghostbusters 2,,,,,left_only,,,
G.I. Jane,Gi Jane,,,,,left_only,,,
G.I. Joe: The Rise of Cobra,Gi Joe The Rise Of Cobra,,,,,left_only,,,
Ginger Snaps,Ginger Snaps,,,,,left_only,Ginger Snaps,"Webstatus : 404
",Ginger Snaps
Gladiator,Gladiator,,,,,left_only,,,
Glengarry Glen Gross,Glengarry Glen Gross,,,,,left_only,,,
Go,Go,,,,,left_only,,,
Godfather,Godfather,,,,,left_only,,,
Godfather Part II,Godfather Part 2,,,,,left_only,,,
Gods and Monsters,Gods And Monsters,Gods and Monsters,https://www.dailyscript.com/scripts/Gods%20And%20Monsters.txt,txt,Gods And Monsters,both,,,
Godzilla,Godzilla,,,,,left_only,,,
Gone Baby Gone,Gone Baby Gone,,,,,left_only,,,
Gone in 60 Seconds,Gone In 60 Seconds,,,,,left_only,,,
Good Will Hunting,Good Will Hunting,Good Will Hunting,https://www.dailyscript.com/scripts/goodwillhunting.html,html,Good Will Hunting,both,,,
Goodfellas,Goodfellas,,,,,left_only,Goodfellas,"Webstatus : 404
",Goodfellas
Gothika,Gothika,Gothika,https://www.dailyscript.com/scripts/gothika.pdf,pdf,Gothika,both,,,
Grabbers,Grabbers,,,,,left_only,,,
Gran Torino,Gran Torino,,,,,left_only,,,
Grand Hotel,Grand Hotel,Grand Hotel,https://www.dailyscript.com/scripts/Grand%20Hotel.txt,txt,Grand Hotel,both,,,
Grand Theft Parsons,Grand Theft Parsons,,,,,left_only,,,
Gravity,Gravity,Gravity,https://www.dailyscript.com/scripts/GRAVITY.pdf,pdf,Gravity,both,,,
Gremlins,Gremlins,,,,,left_only,,,
Gremlins 2,Gremlins 2,,,,,left_only,,,
Grosse Point Blank,Grosse Point Blank,,,,,left_only,,,
Groundhog Day,Groundhog Day,Groundhog Day,https://www.dailyscript.com/scripts/groundhogday.pdf,pdf,Groundhog Day,both,,,
Guardians of the Galaxy Vol 2,Guardians Of The Galaxy Vol 2,,,,,left_only,,,
Hackers,Hackers,,,,,left_only,,,
Hall Pass,Hall Pass,,,,,left_only,,,
Halloween,Halloween,Halloween,https://www.dailyscript.com/scripts/halloween.html,html,Halloween,both,,,
Halloween: The Curse of Michael Myers,Halloween The Curse Of Michael Myers,,,,,left_only,,,
Hancock,Hancock,,,,,left_only,,,
Hanna,Hanna,,,,,left_only,,,
Hannah and Her Sisters,Hannah And Her Sisters,Hannah and Her Sisters,https://www.dailyscript.com/scripts/Hannah%20And%20Her%20Sisters.txt,txt,Hannah And Her Sisters,both,,,
Hannibal,Hannibal,Hannibal,https://www.dailyscript.com/scripts/Hannibal%20-%20Mamet.txt,txt,Hannibal,both,,,
"Happy Birthday, Wanda June",Happy Birthday Wanda June,"Happy Birthday, Wanda June",https://www.dailyscript.com/scripts/Happy_Birthday_Wanda_JUne.html,html,Happy Birthday Wanda June,both,,,
Happy Feet,Happy Feet,,,,,left_only,,,
Hard Rain,Hard Rain,Hard Rain,https://www.dailyscript.com/scripts/Hard%20Rain.txt,txt,Hard Rain,both,,,
Hard to Kill,Hard To Kill,Hard to Kill,https://www.dailyscript.com/scripts/HardToKill.pdf,pdf,Hard To Kill,both,,,
Harold and Kumar Go to White Castle,Harold And Kumar Go To White Castle,Harold and Kumar go to White Castle,https://www.dailyscript.com/scripts/Harold_Kumar-5-28-03-DOUBLE-WHITE-Final.pdf,pdf,Harold And Kumar Go To White Castle,both,,,
Harry Potter and the Chamber of Secrets,Harry Potter And The Chamber Of Secrets,,,,,left_only,Harry Potter and the Chamber of Secrets,"Webstatus : 404
",Harry Potter And The Chamber Of Secrets
Harry Potter and the Deathly Hallows Part 1,Harry Potter And The Deathly Hallows Part 1,,,,,left_only,Harry Potter and the Deathly Hallows Part 1,"Webstatus : 404
",Harry Potter And The Deathly Hallows Part 1
Harry Potter and the Goblet of Fire,Harry Potter And The Goblet Of Fire,,,,,left_only,Harry Potter and the Goblet of Fire,"Webstatus : 404
",Harry Potter And The Goblet Of Fire
Harry Potter and the Half-Blood Prince,Harry Potter And The Half Blood Prince,,,,,left_only,Harry Potter and the Half-Blood Prince,"Webstatus : 404
",Harry Potter And The Half Blood Prince
Harry Potter and the Prisoner of Azkaban,Harry Potter And The Prisoner Of Azkaban,,,,,left_only,Harry Potter and the Prisoner of Azkaban,"Webstatus : 404
",Harry Potter And The Prisoner Of Azkaban
Harry Potter and the Sorcerer's Stone,Harry Potter And The Sorcerers Stone,,,,,left_only,Harry Potter and the Sorcerer's Stone,"Webstatus : 404
",Harry Potter And The Sorcerers Stone
Heat,Heat,Heat,https://www.dailyscript.com/scripts/Heat.pdf,pdf,Heat,both,,,
Heathers,Heathers,Heathers,https://www.dailyscript.com/scripts/heathers_early.html,html,Heathers,both,,,
Heavenly Creatures,Heavenly Creatures,,,,,left_only,,,
Heavy Metal,Heavy Metal,Heavy Metal,https://www.dailyscript.com/scripts/Heavy-Metal.htm,htm,Heavy Metal,both,,,
Heist,Heist,Heist,https://www.dailyscript.com/scripts/heist_mar99.pdf,pdf,Heist,both,,,
Hellbound: Hellraiser II,Hellbound Hellraiser 2,Hellbound: Hellraiser II,https://www.dailyscript.com/scripts/Hellbound+-+Hellraiser+II.txt,txt,Hellbound Hellraiser 2,both,,,
Hellboy,Hellboy,Hellboy,https://www.dailyscript.com/scripts/Hellboy.txt,txt,Hellboy,both,,,
Hellboy 2: The Golden Army,Hellboy 2 The Golden Army,,,,,left_only,,,
Hellraiser,Hellraiser,Hellraiser,https://www.dailyscript.com/scripts/hellraiser_early.html,html,Hellraiser,both,,,
Hellraiser 3: Hell on Earth,Hellraiser 3 Hell On Earth,,,,,left_only,,,
Hellraiser: Deader,Hellraiser Deader,,,,,left_only,,,
Hellraiser: Hellseeker,Hellraiser Hellseeker,,,,,left_only,,,
Henry Fool,Henry Fool,Henry Fool,https://www.dailyscript.com/scripts/Henry%20Fool.txt,txt,Henry Fool,both,,,
Henry's Crime,Henrys Crime,,,,,left_only,,,
Her,Her,,,,,left_only,,,
Here Comes Peter Cottontail,Here Comes Peter Cottontail,,,,,left_only,,,
He's Just Not That Into You,Hes Just Not That Into You,He's Just Not That Into You,https://www.dailyscript.com/scripts/HJNTIY_072007.pdf,pdf,Hes Just Not That Into You,both,,,
Hesher,Hesher,,,,,left_only,,,
High Fidelity,High Fidelity,High Fidelity,https://www.dailyscript.com/scripts/High%20Fidelity.txt,txt,High Fidelity,both,,,
Highlander,Highlander,,,,,left_only,,,
Highlander: Endgame,Highlander Endgame,,,,,left_only,,,
His Girl Friday,His Girl Friday,His Girl Friday,https://www.dailyscript.com/scripts/His%20Girl%20Friday.txt,txt,His Girl Friday,both,,,
Hitchcock,Hitchcock,,,,,left_only,,,
Hollow Man,Hollow Man,,,,,left_only,,,
Honeydripper,Honeydripper,,,,,left_only,,,
Horrible Bosses,Horrible Bosses,,,,,left_only,,,
Hostage,Hostage,Hostage,https://www.dailyscript.com/scripts/hostage.htm,htm,Hostage,both,,,
Hot Tub Time Machine,Hot Tub Time Machine,,,,,left_only,,,
Hotel Rwanda,Hotel Rwanda,Hotel Rwanda,https://www.dailyscript.com/scripts/hotel_rwanda.html,html,Hotel Rwanda,both,,,
House of 1000 Corpses,House Of 1000 Corpses,House Of 1000 Corpses,https://www.dailyscript.com/scripts/House%20Of%201000%20Corpses.txt,txt,House Of 1000 Corpses,both,,,
How to Lose Friends & Alienate People,How To Lose Friends & Alienate People,,,,,left_only,How to Lose Friends & Alienate People,HTML len = 0 : no content scrapped,How To Lose Friends & Alienate People
How to Train Your Dragon,How To Train Your Dragon,,,,,left_only,,,
How to Train Your Dragon 2,How To Train Your Dragon 2,How To Train Your Dragon 2,https://www.dailyscript.com/scripts/HowToTrainYourDragon2.pdf,pdf,How To Train Your Dragon 2,both,,,
Hudson Hawk,Hudson Hawk,Hudson Hawk,https://www.dailyscript.com/scripts/Hudson_Hawk.PDF,pdf,Hudson Hawk,both,,,
Human Nature,Human Nature,Human Nature,https://www.dailyscript.com/scripts/Human+Nature.txt,txt,Human Nature,both,,,
I Am Number Four,I Am Number Four,,,,,left_only,,,
I am Sam,I Am Sam,I am Sam,https://www.dailyscript.com/scripts/I%20Am%20Sam.txt,txt,I Am Sam,both,,,
I Love You Phillip Morris,I Love You Phillip Morris,,,,,left_only,,,
"I, Robot",I Robot,"I, Robot",https://www.dailyscript.com/scripts/irobot.pdf,pdf,I Robot,both,,,
I Spit on Your Grave,I Spit On Your Grave,,,,,left_only,,,
I Still Know What You Did Last Summer,I Still Know What You Did Last Summer,,,,,left_only,,,
I'll Do Anything,Ill Do Anything,I'll Do Anything,https://www.dailyscript.com/scripts/I%27ll%20Do%20Anything%20(1994).txt,txt,Ill Do Anything,both,,,
In the Bedroom,In The Bedroom,,,,,left_only,,,
In the Loop,In The Loop,,,,,left_only,,,
Inception,Inception,,,,,left_only,,,
Independence Day,Independence Day,Independence Day,https://www.dailyscript.com/scripts/id4.html,html,Independence Day,both,,,
Indiana Jones IV,Indiana Jones 4,,,,,left_only,,,
Indiana Jones and the Last Crusade,Indiana Jones And The Last Crusade,Indiana Jones And The Last Crusade,https://www.dailyscript.com/scripts/Indiana%20Jones%20And%20The%20Last%20Crusade.txt,txt,Indiana Jones And The Last Crusade,both,,,
Indiana Jones and the Raiders of the Lost Ark,Indiana Jones And The Raiders Of The Lost Ark,Indiana Jones and the Raiders Of The Lost Ark,https://www.dailyscript.com/scripts/RaidersoftheLostArk.pdf,pdf,Indiana Jones And The Raiders Of The Lost Ark,both,,,
Indiana Jones and the Temple of Doom,Indiana Jones And The Temple Of Doom,Indiana Jones and the Temple of Doom,https://www.dailyscript.com/scripts/Indiana%20Jones%20And%20The%20Temple%20Of%20Doom.txt,txt,Indiana Jones And The Temple Of Doom,both,,,
Inglourious Basterds,Inglourious Basterds,,,,,left_only,,,
Initiation,Initiation,,,,,left_only,,,
Innerspace,Innerspace,Innerspace,https://www.dailyscript.com/scripts/Innerspace.PDF,pdf,Innerspace,both,Innerspace,"Webstatus : 404
",Innerspace
Insidious,Insidious,,,,,left_only,,,
Insomnia,Insomnia,Insomnia,https://www.dailyscript.com/scripts/insomnia.html,html,Insomnia,both,,,
Interstellar,Interstellar,,,,,left_only,,,
Interview with the Vampire,Interview With The Vampire,Interview with the Vampire,https://www.dailyscript.com/scripts/Interview_Vampire.pdf,pdf,Interview With The Vampire,both,,,
Into the Wild,Into The Wild,,,,,left_only,,,
Into the Woods,Into The Woods,,,,,left_only,,,
Intolerable Cruelty,Intolerable Cruelty,Intolerable Cruelty,https://www.dailyscript.com/scripts/Intolerable%20Cruelty.txt,txt,Intolerable Cruelty,both,,,
Inventing the Abbotts,Inventing The Abbotts,Inventing the Abbotts,https://www.dailyscript.com/scripts/inventing_the_abbotts.pdf,pdf,Inventing The Abbotts,both,,,
Invictus,Invictus,,,,,left_only,,,
It,It,,,,,left_only,,,
It Happened One Night,It Happened One Night,It Happened One Night,https://www.dailyscript.com/scripts/It%20Happened%20One%20Night.txt,txt,It Happened One Night,both,,,
It's a Wonderful Life,Its A Wonderful Life,It's a Wonderful Life,https://www.dailyscript.com/scripts/It's%20A%20Wonderful%20Life.txt,txt,Its A Wonderful Life,both,,,
It's Complicated,Its Complicated,,,,,left_only,,,
Jackie Brown,Jackie Brown,Jackie Brown,https://www.dailyscript.com/scripts/jackiebrown.html,html,Jackie Brown,both,,,
Jacob's Ladder,Jacobs Ladder,Jacob's Ladder,https://www.dailyscript.com/scripts/JacobsLadder.html,html,Jacobs Ladder,both,,,
Jade,Jade,Jade,https://www.dailyscript.com/scripts/Jade.pdf,pdf,Jade,both,Jade,HTML len = 0 : no content scrapped,Jade
Jane Eyre,Jane Eyre,Jane Eyre,https://www.dailyscript.com/scripts/janeeyre.html,html,Jane Eyre,both,,,
Jason X,Jason X,Jason X,https://www.dailyscript.com/scripts/Jason_X_early.html,html,Jason X,both,,,
Jaws,Jaws,Jaws,https://www.dailyscript.com/scripts/Jaws.txt,txt,Jaws,both,,,
Jaws 2,Jaws 2,Jaws 2,https://www.dailyscript.com/scripts/Jaws%202.txt,txt,Jaws 2,both,,,
Jay and Silent Bob Strike Back,Jay And Silent Bob Strike Back,Jay And Silent Bob Strike Back,https://www.dailyscript.com/scripts/Jay%20And%20Silent%20Bob%20Strike%20Back.txt,txt,Jay And Silent Bob Strike Back,both,,,
Jennifer Eight,Jennifer Eight,Jennifer Eight,https://www.dailyscript.com/scripts/jennifer-eight-script.html,html,Jennifer Eight,both,,,
Jennifer's Body,Jennifers Body,,,,,left_only,,,
Jerry Maguire,Jerry Maguire,Jerry Maguire,https://www.dailyscript.com/scripts/jerrymaguire.html,html,Jerry Maguire,both,,,
Jeux Interdits,Jeux Interdits,,,,,left_only,,,
JFK,Jfk,JFK,https://www.dailyscript.com/scripts/JFK.txt,txt,Jfk,both,,,
Jimmy and Judy,Jimmy And Judy,Jimmy and Judy,https://www.dailyscript.com/scripts/Jimmy+and+Judy+[Eddie+Furlong].pdf,pdf,Jimmy And Judy,both,,,
John Q,John Q,John Q.,https://www.dailyscript.com/scripts/JohnQ.html,html,John Q,both,,,
John Wick,John Wick,,,,,left_only,,,
John Wick: Chapter 4,John Wick Chapter 4,,,,,left_only,,,
Jojo Rabbit,Jojo Rabbit,,,,,left_only,,,
Joker,Joker,,,,,left_only,,,
Judge Dredd,Judge Dredd,,,,,left_only,,,
Juno,Juno,Juno,https://www.dailyscript.com/scripts/Juno.txt,txt,Juno,both,,,
Jurassic Park,Jurassic Park,Jurassic Park,https://www.dailyscript.com/scripts/jurassicpark_script_early_3_92.html,html,Jurassic Park,both,,,
Jurassic Park III,Jurassic Park 3,Jurassic Park 3,https://www.dailyscript.com/scripts/jp3.html,html,Jurassic Park 3,both,,,
Jurassic Park: The Lost World,Jurassic Park The Lost World,,,,,left_only,,,
Kafka,Kafka,Kafka,https://www.dailyscript.com/scripts/kafka.html,html,Kafka,both,,,
Kalifornia,Kalifornia,Kalifornia,https://www.dailyscript.com/scripts/Kalifornia.txt,txt,Kalifornia,both,,,
Kate & Leopold,Kate & Leopold,,,,,left_only,Kate & Leopold,HTML len = 0 : no content scrapped,Kate & Leopold
Kids,Kids,Kids,https://www.dailyscript.com/scripts/Kids.txt,txt,Kids,both,,,
Kill Bill Volume 1 & 2,Kill Bill Volume 1 & 2,,,,,left_only,Kill Bill Volume 1 & 2,HTML len = 0 : no content scrapped,Kill Bill Volume 1 & 2
Kill Your Darlings,Kill Your Darlings,Kill Your Darlings,https://www.dailyscript.com/scripts/Kill_Your_Darlings.pdf,pdf,Kill Your Darlings,both,,,
Killers of the Flower Moon,Killers Of The Flower Moon,,,,,left_only,,,
Killing Zoe,Killing Zoe,,,,,left_only,,,
King Kong,King Kong,King Kong,https://www.dailyscript.com/scripts/King_Kong__2005_.pdf,pdf,King Kong,both,,,
Kiss of the Spider Woman,Kiss Of The Spider Woman,Kiss of the Spider Woman,https://www.dailyscript.com/scripts/KissOfTheSpiderWoman.pdf,pdf,Kiss Of The Spider Woman,both,Kiss of the Spider Woman,HTML len = 0 : no content scrapped,Kiss Of The Spider Woman
Klute,Klute,Klute,https://www.dailyscript.com/scripts/klute.html,html,Klute,both,,,
Knocked Up,Knocked Up,Knocked Up,https://www.dailyscript.com/scripts/knockedup.pdf,pdf,Knocked Up,both,,,
Kramer vs Kramer,Kramer Vs Kramer,Kramer Vs. Kramer,https://www.dailyscript.com/scripts/Kramer%20vs%20Kramer.txt,txt,Kramer Vs Kramer,both,,,
Kundun,Kundun,Kundun,https://www.dailyscript.com/scripts/kundun.html,html,Kundun,both,,,
Kung Fu Panda,Kung Fu Panda,,,,,left_only,,,
L.A. Confidential,La Confidential,L.A. Confidential,https://www.dailyscript.com/scripts/ellay-confidential_early.html,html,La Confidential,both,,,
La La Land,La La Land,,,,,left_only,,,
Labor of Love,Labor Of Love,,,,,left_only,,,
Labyrinth,Labyrinth,,,,,left_only,,,
Lake Placid,Lake Placid,Lake Placid,https://www.dailyscript.com/scripts/lake-placid.html,html,Lake Placid,both,,,
Land of the Dead,Land Of The Dead,Land of the Dead,https://www.dailyscript.com/scripts/land-of-the-dead.pdf,pdf,Land Of The Dead,both,,,
Larry Crowne,Larry Crowne,,,,,left_only,,,
Last Chance Harvey,Last Chance Harvey,,,,,left_only,,,
Last Tango in Paris,Last Tango In Paris,,,,,left_only,,,
Law Abiding Citizen,Law Abiding Citizen,,,,,left_only,,,
Le Diable par la Queue,Le Diable Par La Queue,,,,,left_only,,,
Leaving Las Vegas,Leaving Las Vegas,Leaving Las Vegas,https://www.dailyscript.com/scripts/leavinglasvegas.html,html,Leaving Las Vegas,both,,,
Legally Blonde,Legally Blonde,Legally Blonde,https://www.dailyscript.com/scripts/legallblonde-shooting.pdf,pdf,Legally Blonde,both,,,
Legend,Legend,,,,,left_only,,,
Legion,Legion,,,,,left_only,,,
Leprechaun 2,Leprechaun 2,,,,,left_only,,,
Les Miserables,Les Miserables,,,,,left_only,,,
Les Tontons Flingueurs,Les Tontons Flingueurs,,,,,left_only,,,
Lethal Weapon,Lethal Weapon,Lethal Weapon,https://www.dailyscript.com/scripts/lethalweapon.html,html,Lethal Weapon,both,Lethal Weapon,"Webstatus : 404
",Lethal Weapon
Lethal Weapon 4,Lethal Weapon 4,Lethal Weapon 4,https://www.dailyscript.com/scripts/Lethal_Weapon_4.pdf,pdf,Lethal Weapon 4,both,Lethal Weapon 4,"Webstatus : 404
",Lethal Weapon 4
Leviathan,Leviathan,Leviathan,https://www.dailyscript.com/scripts/leviathan_shooting.html,html,Leviathan,both,,,
Liar Liar,Liar Liar,"Liar, Liar",https://www.dailyscript.com/scripts/liarliar.pdf,pdf,Liar Liar,both,,,
Life,Life,Life,https://www.dailyscript.com/scripts/Life.txt,txt,Life,both,,,
Life As A House,Life As A House,Life As A House,https://www.dailyscript.com/scripts/LifeAsAHouse.html,html,Life As A House,both,,,
Life of Pi,Life Of Pi,,,,,left_only,,,
Light Sleeper,Light Sleeper,Light Sleeper,https://www.dailyscript.com/scripts/Light%20Sleeper.txt,txt,Light Sleeper,both,,,
Limitless,Limitless,,,,,left_only,,,
Lincoln,Lincoln,,,,,left_only,,,
Little Athens,Little Athens,,,,,left_only,,,
Little Men,Little Men,,,,,left_only,,,
Little Nicky,Little Nicky,Little Nicky,https://www.dailyscript.com/scripts/littlenicky.html,html,Little Nicky,both,,,
Living in Oblivion,Living In Oblivion,Living in Oblivion,https://www.dailyscript.com/scripts/Living%20In%20Oblivion.txt,txt,Living In Oblivion,both,,,
"Lock, Stock and Two Smoking Barrels",Lock Stock And Two Smoking Barrels,,,,,left_only,,,
Logan,Logan,,,,,left_only,,,
Logan's Run,Logans Run,Logan's Run,https://www.dailyscript.com/scripts/logans_run.html,html,Logans Run,both,,,
Lone Star,Lone Star,Lone Star,https://www.dailyscript.com/scripts/Lone%20Star.txt,txt,Lone Star,both,,,
Looper,Looper,,,,,left_only,,,
Lord of Illusions,Lord Of Illusions,Lord of Illusions,https://www.dailyscript.com/scripts/lordofillusions.html,html,Lord Of Illusions,both,,,
Lord of the Rings: Return of the King,Lord Of The Rings Return Of The King,,,,,left_only,,,
Lord of the Rings: The Two Towers,Lord Of The Rings The Two Towers,,,,,left_only,,,
Lord of War,Lord Of War,,,,,left_only,,,
Lost Highway,Lost Highway,Lost Highway,https://www.dailyscript.com/scripts/Lost+Highway.txt,txt,Lost Highway,both,,,
Lost Horizon,Lost Horizon,Lost Horizon,https://www.dailyscript.com/scripts/Lost_Horizon.html,html,Lost Horizon,both,,,
Lost in Space,Lost In Space,,,,,left_only,,,
Lost in Translation,Lost In Translation,Lost in Translation,https://www.dailyscript.com/scripts/lost_in_translation.pdf,pdf,Lost In Translation,both,,,
Love and Basketball,Love And Basketball,Love and Basketball,https://www.dailyscript.com/scripts/love_and_basketball.html,html,Love And Basketball,both,,,
Machete,Machete,,,,,left_only,,,
Machine Gun Preacher,Machine Gun Preacher,,,,,left_only,,,
Mad Max 2: The Road Warrior,Mad Max 2 The Road Warrior,,,,,left_only,,,
Made,Made,Made,https://www.dailyscript.com/scripts/Made.htm,htm,Made,both,,,
Maestro,Maestro,,,,,left_only,,,
Magnolia,Magnolia,Magnolia,https://www.dailyscript.com/scripts/magnolia.html,html,Magnolia,both,,,
Major League,Major League,Major League,https://www.dailyscript.com/scripts/Major%20League.txt,txt,Major League,both,,,
Malcolm X,Malcolm X,Malcolm X,https://www.dailyscript.com/scripts/Malcolm+X.txt,txt,Malcolm X,both,,,
Malibu's Most Wanted,Malibus Most Wanted,Malibu's Most Wanted,https://www.dailyscript.com/scripts/MalibusMostWanted.pdf,pdf,Malibus Most Wanted,both,,,
Malignant,Malignant,,,,,left_only,,,
Man in the Iron Mask,Man In The Iron Mask,Man in the Iron Mask,https://www.dailyscript.com/scripts/man_in_iron_mask_95.html,html,Man In The Iron Mask,both,,,
Man On Fire,Man On Fire,Man on Fire,https://www.dailyscript.com/scripts/manonfire.pdf,pdf,Man On Fire,both,,,
Man On Fire,Man On Fire,Man On Fire,https://www.dailyscript.com/scripts/Man+On+Fire.txt,txt,Man On Fire,both,,,
Man on the Moon,Man On The Moon,,,,,left_only,,,
Man Trouble,Man Trouble,Man Trouble,https://www.dailyscript.com/scripts/Man_Trouble.pdf,pdf,Man Trouble,both,,,
Manhattan Murder Mystery,Manhattan Murder Mystery,,,,,left_only,,,
Manhunter,Manhunter,Manhunter,https://www.dailyscript.com/scripts/Manhunter.txt,txt,Manhunter,both,,,
Margaret,Margaret,,,,,left_only,,,
Margin Call,Margin Call,,,,,left_only,,,
Margot at the Wedding,Margot At The Wedding,,,,,left_only,,,
"Mariachi, El",Mariachi El,,,,,left_only,,,
Marley & Me,Marley & Me,,,,,left_only,Marley & Me,HTML len = 0 : no content scrapped,Marley & Me
Martha Marcy May Marlene,Martha Marcy May Marlene,,,,,left_only,,,
Marty,Marty,Marty,https://www.dailyscript.com/scripts/Marty.txt,txt,Marty,both,,,
Mary Poppins,Mary Poppins,,,,,left_only,,,
Master and Commander,Master And Commander,,,,,left_only,,,
Matchstick Men,Matchstick Men,Matchstick Men,https://www.dailyscript.com/scripts/MATCHSTICK_MEN.pdf,pdf,Matchstick Men,both,Matchstick Men,"Webstatus : 404
",Matchstick Men
Max Payne,Max Payne,,,,,left_only,,,
May December,May December,,,,,left_only,,,
Mean Streets,Mean Streets,,,,,left_only,,,
Meet Joe Black,Meet Joe Black,,,,,left_only,,,
Meet John Doe,Meet John Doe,Meet John Doe,https://www.dailyscript.com/scripts/Meet_John_Doe.html,html,Meet John Doe,both,,,
Megamind,Megamind,,,,,left_only,,,
Memento,Memento,Memento,https://www.dailyscript.com/scripts/memento.html,html,Memento,both,,,
Memory,Memory,,,,,left_only,,,
Men in Black,Men In Black,Men In Black,https://www.dailyscript.com/scripts/Men+In+Black.txt,txt,Men In Black,both,,,
Men in Black 3,Men In Black 3,Men In Black 3,https://www.dailyscript.com/scripts/Men_In_Black_3.pdf,pdf,Men In Black 3,both,,,
Metro,Metro,Metro,https://www.dailyscript.com/scripts/Metro.txt,txt,Metro,both,,,
Miami Vice,Miami Vice,Miami Vice,https://www.dailyscript.com/scripts/miamivice.html,html,Miami Vice,both,,,
Midnight Cowboy,Midnight Cowboy,Midnight Cowboy,https://www.dailyscript.com/scripts/Midnight%20Cowboy.txt,txt,Midnight Cowboy,both,,,
Midnight Express,Midnight Express,Midnight Express,https://www.dailyscript.com/scripts/Expressfinal.PDF,pdf,Midnight Express,both,,,
Midnight in Paris,Midnight In Paris,,,,,left_only,,,
Mighty Joe Young,Mighty Joe Young,Mighty Joe Young,https://www.dailyscript.com/scripts/mighty_joe_young.pdf,pdf,Mighty Joe Young,both,,,
Mighty Morphin Power Rangers: The Movie,Mighty Morphin Power Rangers The Movie,,,,,left_only,,,
Milk,Milk,,,,,left_only,,,
Miller's Crossing,Millers Crossing,Miller's Crossing,https://www.dailyscript.com/scripts/Miller's%20Crossing.txt,txt,Millers Crossing,both,,,
Miller's Girl,Millers Girl,,,,,left_only,,,
Mimic,Mimic,Mimic,https://www.dailyscript.com/scripts/mimic_production.html,html,Mimic,both,,,
Mini's First Time,Minis First Time,Mini's First Time,https://www.dailyscript.com/scripts/Mini's-First-Time.pdf,pdf,Minis First Time,both,,,
Minority Report,Minority Report,Minority Report,https://www.dailyscript.com/scripts/Minority%20Report.txt,txt,Minority Report,both,,,
Mirrors,Mirrors,,,,,left_only,,,
Misery,Misery,Misery,https://www.dailyscript.com/scripts/misery.html,html,Misery,both,,,
Mission Impossible,Mission Impossible,Mission Impossible,https://www.dailyscript.com/scripts/mission-impossible_shoot.html,html,Mission Impossible,both,,,
Mission Impossible II,Mission Impossible 2,Mission Impossible II,https://www.dailyscript.com/scripts/mission-impossible-2_shoot.html,html,Mission Impossible 2,both,,,
Mission to Mars,Mission To Mars,Mission to Mars,https://www.dailyscript.com/scripts/Mission%20To%20Mars.txt,txt,Mission To Mars,both,,,
Moneyball,Moneyball,,,,,left_only,,,
Monkeybone,Monkeybone,Monkeybone,https://www.dailyscript.com/scripts/MonkeyBone_script.htm,htm,Monkeybone,both,,,
Monster's Ball,Monsters Ball,Monster's Ball,https://www.dailyscript.com/scripts/monstersball.pdf,pdf,Monsters Ball,both,Monster's Ball,HTML len = 0 : no content scrapped,Monsters Ball
Monte Carlo,Monte Carlo,,,,,left_only,,,
Moon,Moon,,,,,left_only,,,
Moonrise Kingdom,Moonrise Kingdom,,,,,left_only,,,
Moonstruck,Moonstruck,Moonstruck,https://www.dailyscript.com/scripts/Moonstruck.txt,txt,Moonstruck,both,,,
Mr Blandings Builds His Dream House,Mr Blandings Builds His Dream House,Mr. Blandings Builds His Dream House,https://www.dailyscript.com/scripts/Mr.%20Blandings%20Builds%20His%20Dream%20House.txt,txt,Mr Blandings Builds His Dream House,both,,,
Mr Brooks,Mr Brooks,,,,,left_only,,,
Mr Deeds Goes to Town,Mr Deeds Goes To Town,Mr. Deeds Goes to Town,https://www.dailyscript.com/scripts/Mr._Deeds_Goes_to_Town.html,html,Mr Deeds Goes To Town,both,,,
Mr. Holland's Opus,Mr Hollands Opus,Mr. Holland's Opus,https://www.dailyscript.com/scripts/MrHollandsOpus.pdf,pdf,Mr Hollands Opus,both,Mr. Holland's Opus,HTML len = 0 : no content scrapped,Mr Hollands Opus
Mrs. Brown,Mrs Brown,Mrs. Brown,https://www.dailyscript.com/scripts/mrs_brown.html,html,Mrs Brown,both,,,
Mud,Mud,,,,,left_only,,,
Mulan,Mulan,,,,,left_only,,,
Mulholland Drive,Mulholland Drive,Mulholland Drive,https://www.dailyscript.com/scripts/mulholland_drive.html,html,Mulholland Drive,both,,,
Mumford,Mumford,Mumford,https://www.dailyscript.com/scripts/Mumford.txt,txt,Mumford,both,,,
Music of the Heart,Music Of The Heart,,,,,left_only,,,
Mute Witness,Mute Witness,,,,,left_only,,,
My Best Friend's Wedding,My Best Friends Wedding,,,,,left_only,,,
My Girl,My Girl,,,,,left_only,,,
My Mother Dreams the Satan's Disciples in New York,My Mother Dreams The Satans Disciples In New York,My Mother Dreams The Satan's Disciples in New York,https://www.dailyscript.com/scripts/mother_dreams.html,html,My Mother Dreams The Satans Disciples In New York,both,,,
My Week with Marilyn,My Week With Marilyn,,,,,left_only,,,
Mystery Men,Mystery Men,Mystery Men,https://www.dailyscript.com/scripts/mystery_men_6_6_97.html,html,Mystery Men,both,,,
Napoleon,Napoleon,,,,,left_only,,,
Napoleon Dynamite,Napoleon Dynamite,,,,,left_only,,,
Nashville,Nashville,Nashville,https://www.dailyscript.com/scripts/nashville.html,html,Nashville,both,,,
Natural Born Killers,Natural Born Killers,Natural Born Killers,https://www.dailyscript.com/scripts/Natural_Born_Killers.PDF,pdf,Natural Born Killers,both,,,
Never Been Kissed,Never Been Kissed,Never Been Kissed,https://www.dailyscript.com/scripts/neverbeenkissed.html,html,Never Been Kissed,both,,,
New York Minute,New York Minute,New York Minute,https://www.dailyscript.com/scripts/new_york_minute.pdf,pdf,New York Minute,both,,,
Newsies,Newsies,Newsies,https://www.dailyscript.com/scripts/Newsies.PDF,pdf,Newsies,both,,,
Next,Next,Next,https://www.dailyscript.com/scripts/Next-GaryGoldman.pdf,pdf,Next,both,,,
Next Friday,Next Friday,Next Friday,https://www.dailyscript.com/scripts/Next_Friday.html,html,Next Friday,both,,,
Ni vu ni connu,Ni Vu Ni Connu,,,,,left_only,,,
Nick of Time,Nick Of Time,Nick of Time,https://www.dailyscript.com/scripts/nick_of_time.pdf,pdf,Nick Of Time,both,,,
Nickel Boys,Nickel Boys,,,,,left_only,,,
Night Time (The Poltergeist Treatment),Night Time (the Poltergeist Treatment),,,,,left_only,,,
Nightbreed,Nightbreed,,,,,left_only,,,
"Nightmare on Elm Street, A",Nightmare On Elm Street A,"Nightmare On Elm Street, A","https://www.dailyscript.com/scripts/Nightmare+On+Elm+Street,+A.txt",txt,Nightmare On Elm Street A,both,,,
Nightmare on Elm Street: The Final Chapter,Nightmare On Elm Street The Final Chapter,,,,,left_only,,,
Nine,Nine,,,,,left_only,,,
Ninja Assassin,Ninja Assassin,,,,,left_only,,,
Ninotchka,Ninotchka,Ninotchka,https://www.dailyscript.com/scripts/Ninotchka.txt,txt,Ninotchka,both,,,
No Country for Old Men,No Country For Old Men,,,,,left_only,,,
No Hard Feelings,No Hard Feelings,,,,,left_only,,,
No One Will Save You,No One Will Save You,,,,,left_only,,,
No Strings Attached,No Strings Attached,,,,,left_only,,,
Notting Hill,Notting Hill,,,,,left_only,,,
Nurse Betty,Nurse Betty,Nurse Betty,https://www.dailyscript.com/scripts/nursebetty.html,html,Nurse Betty,both,,,
O Brother Where Art Thou?,O Brother Where Art Thou,"O Brother, Where Art Thou?",https://www.dailyscript.com/scripts/O%20Brother%20Where%20Art%20Thou.txt,txt,O Brother Where Art Thou,both,O Brother Where Art Thou?,"Webstatus : 404
",O Brother Where Art Thou
Oblivion,Oblivion,,,,,left_only,,,
Observe and Report,Observe And Report,,,,,left_only,,,
Obsessed,Obsessed,,,,,left_only,,,
Ocean's Eleven,Oceans Eleven,Ocean's Eleven,https://www.dailyscript.com/scripts/oceans_11.pdf,pdf,Oceans Eleven,both,,,
Ocean's Twelve,Oceans Twelve,Ocean's Twelve,https://www.dailyscript.com/scripts/oceans-12_roughdraft1.pdf,pdf,Oceans Twelve,both,,,
Office Space,Office Space,Office Space,https://www.dailyscript.com/scripts/office-early-reduced.pdf,pdf,Office Space,both,,,
"Officer and a Gentleman, An",Officer And A Gentleman An,"Officer And A Gentleman, An","https://www.dailyscript.com/scripts/Officer+And+A+Gentleman,+An.txt",txt,Officer And A Gentleman An,both,"Officer and a Gentleman, An",HTML len = 0 : no content scrapped,Officer And A Gentleman An
Omega Man,Omega Man,Omega Man,https://www.dailyscript.com/scripts/i_am_legend_6_26_70.html,html,Omega Man,both,,,
One Flew Over the Cuckoo's Nest,One Flew Over The Cuckoos Nest,One Flew Over The Cuckoo's Nest,https://www.dailyscript.com/scripts/One%20Flew%20Over%20The%20Cuckoo's%20Nest.txt,txt,One Flew Over The Cuckoos Nest,both,,,
Only God Forgives,Only God Forgives,,,,,left_only,,,
Onward,Onward,,,,,left_only,,,
Oppenheimer,Oppenheimer,,,,,left_only,,,
Ordinary People,Ordinary People,Ordinary People,https://www.dailyscript.com/scripts/Ordinary_People.pdf,pdf,Ordinary People,both,,,
Orgy of the Dead,Orgy Of The Dead,Orgy of the Dead,https://www.dailyscript.com/scripts/orgyofthedead.html,html,Orgy Of The Dead,both,,,
Origin,Origin,,,,,left_only,,,
Orphan,Orphan,,,,,left_only,,,
Out of Sight,Out Of Sight,Out of Sight,https://www.dailyscript.com/scripts/Out%20Of%20Sight.txt,txt,Out Of Sight,both,,,
Outbreak,Outbreak,Outbreak,https://www.dailyscript.com/scripts/Outbreak.pdf,pdf,Outbreak,both,Outbreak,"Webstatus : 404
",Outbreak
Pandorum,Pandorum,,,,,left_only,,,
Panic Room,Panic Room,Panic Room,https://www.dailyscript.com/scripts/Panic_Room_Koepp.html,html,Panic Room,both,,,
Papadopoulos & Sons,Papadopoulos & Sons,,,,,left_only,Papadopoulos & Sons,HTML len = 0 : no content scrapped,Papadopoulos & Sons
ParaNorman,Paranorman,,,,,left_only,,,
Pariah,Pariah,,,,,left_only,,,
Passengers,Passengers,,,,,left_only,,,
Paul,Paul,,,,,left_only,,,
Pearl Harbor,Pearl Harbor,Pearl Harbor,https://www.dailyscript.com/scripts/pearl_harbor_early.html,html,Pearl Harbor,both,,,
Peeping Tom,Peeping Tom,Peeping Tom,https://www.dailyscript.com/scripts/Peeping%20Tom.txt,txt,Peeping Tom,both,,,
Peggy Sue Got Married,Peggy Sue Got Married,Peggy Sue Got Married,https://www.dailyscript.com/scripts/peggysue.html,html,Peggy Sue Got Married,both,,,
Perfect Creature,Perfect Creature,,,,,left_only,,,
"Perfect World, A",Perfect World A,,,,,left_only,,,
Pet Sematary,Pet Sematary,Pet Sematary,https://www.dailyscript.com/scripts/Pet-Sematary.html,html,Pet Sematary,both,,,
Pet Sematary II,Pet Sematary 2,Pet Sematary II,https://www.dailyscript.com/scripts/petsemetaryii.html,html,Pet Sematary 2,both,,,
Petulia,Petulia,,,,,left_only,,,
Philadelphia,Philadelphia,Philadelphia,https://www.dailyscript.com/scripts/philadelphia.html,html,Philadelphia,both,,,
Phone Booth,Phone Booth,Phone Booth,https://www.dailyscript.com/scripts/Phone%20Booth.txt,txt,Phone Booth,both,,,
Pi,Pi,PI,https://www.dailyscript.com/scripts/pi.html,html,Pi,both,,,
Pineapple Express,Pineapple Express,,,,,left_only,,,
Pirates of the Caribbean,Pirates Of The Caribbean,Pirates of the Caribbean,https://www.dailyscript.com/scripts/Pirates%20Of%20The%20Caribbean.txt,txt,Pirates Of The Caribbean,both,,,
Pirates of the Caribbean: Dead Man's Chest,Pirates Of The Caribbean Dead Mans Chest,,,,,left_only,,,
Pitch Black,Pitch Black,Pitch Black,https://www.dailyscript.com/scripts/pitch-black_shooting.html,html,Pitch Black,both,,,
Platinum Blonde,Platinum Blonde,Platinum Blonde,https://www.dailyscript.com/scripts/Platinum_Blonde.html,html,Platinum Blonde,both,,,
Platoon,Platoon,Platoon,https://www.dailyscript.com/scripts/platoon.html,html,Platoon,both,,,
Pleasantville,Pleasantville,Pleasantville,https://www.dailyscript.com/scripts/Pleasantville.htm,htm,Pleasantville,both,,,
Point Break,Point Break,,,,,left_only,,,
Pokemon: Mewtwo Returns,Pokemon Mewtwo Returns,,,,,left_only,,,
Poor Things,Poor Things,,,,,left_only,,,
Precious,Precious,,,,,left_only,,,
Predator,Predator,Predator,https://www.dailyscript.com/scripts/hunter.html,html,Predator,both,,,
Pretty Woman,Pretty Woman,Pretty Woman,https://www.dailyscript.com/scripts/Pretty_Woman_Disney.pdf,pdf,Pretty Woman,both,,,
Pretty Woman (final script),Pretty Woman (final Script),,,,,left_only,,,
Pride and Prejudice,Pride And Prejudice,,,,,left_only,,,
Priest,Priest,,,,,left_only,,,
Priscilla,Priscilla,,,,,left_only,,,
Prom Night,Prom Night,,,,,left_only,,,
Prometheus,Prometheus,,,,,left_only,,,
Psycho,Psycho,Psycho,https://www.dailyscript.com/scripts/Psycho.txt,txt,Psycho,both,,,
Public Enemies,Public Enemies,,,,,left_only,,,
Pulp Fiction,Pulp Fiction,Pulp Fiction,https://www.dailyscript.com/scripts/pulp_fiction.html,html,Pulp Fiction,both,,,
Punch-Drunk Love,Punch Drunk Love,Punch Drunk Love,https://www.dailyscript.com/scripts/Punch-Drunk_Love.html,html,Punch Drunk Love,both,,,
Purple Rain,Purple Rain,,,,,left_only,,,
Puss in Boots: The Last Wish,Puss In Boots The Last Wish,,,,,left_only,,,
Quantum Project,Quantum Project,Quantum Project,https://www.dailyscript.com/scripts/quantumproject.html,html,Quantum Project,both,,,
Queen of the Damned,Queen Of The Damned,Queen of the Damned,https://www.dailyscript.com/scripts/Queen_Damned.pdf,pdf,Queen Of The Damned,both,,,
Quiz Lady,Quiz Lady,,,,,left_only,,,
Rachel Getting Married,Rachel Getting Married,,,,,left_only,,,
Raging Bull,Raging Bull,Raging Bull,https://www.dailyscript.com/scripts/raging_bull.html,html,Raging Bull,both,,,
Raising Arizona,Raising Arizona,Raising Arizona,https://www.dailyscript.com/scripts/Raising%20Arizona.txt,txt,Raising Arizona,both,,,
Rambling Rose,Rambling Rose,Rambling Rose,https://www.dailyscript.com/scripts/ramblingrose.html,html,Rambling Rose,both,,,
Rambo: First Blood II: The Mission,Rambo First Blood 2 The Mission,Rambo: First Blood II: The Mission,https://www.dailyscript.com/scripts/firstblood2.html,html,Rambo First Blood 2 The Mission,both,,,
Real Genius,Real Genius,Real Genius,https://www.dailyscript.com/scripts/real_genius.html,html,Real Genius,both,,,
Rear Window,Rear Window,Rear Window,https://www.dailyscript.com/scripts/rearwindow.pdf,pdf,Rear Window,both,,,
Rebel Without A Cause,Rebel Without A Cause,Rebel Without A Cause,https://www.dailyscript.com/scripts/Rebel_Without_A_Cause.html,html,Rebel Without A Cause,both,,,
Red Planet,Red Planet,Red Planet,https://www.dailyscript.com/scripts/Red_Planet.html,html,Red Planet,both,,,
Red Riding Hood,Red Riding Hood,,,,,left_only,,,
Reindeer Games,Reindeer Games,Reindeer Games,https://www.dailyscript.com/scripts/Reindeer+Games.txt,txt,Reindeer Games,both,,,
Remember Me,Remember Me,,,,,left_only,,,
Repo Man,Repo Man,,,,,left_only,,,
Reservoir Dogs,Reservoir Dogs,Reservoir Dogs,https://www.dailyscript.com/scripts/Reservoir+Dogs.txt,txt,Reservoir Dogs,both,,,
Resident Evil,Resident Evil,Resident Evil,https://www.dailyscript.com/scripts/resevil.html,html,Resident Evil,both,,,
Return of the Apes,Return Of The Apes,Return of the Apes,https://www.dailyscript.com/scripts/ROTA_Hayes.html,html,Return Of The Apes,both,,,
Revolutionary Road,Revolutionary Road,,,,,left_only,,,
Ricky Stanicky,Ricky Stanicky,,,,,left_only,,,
Ringu,Ringu,,,,,left_only,,,
Rise of the Guardians,Rise Of The Guardians,,,,,left_only,,,
Rise of the Planet of the Apes,Rise Of The Planet Of The Apes,,,,,left_only,,,
RKO 281,Rko 281,RKO 281,https://www.dailyscript.com/scripts/RKO218.html,html,Rko 281,both,,,
Robin Hood: Prince of Thieves,Robin Hood Prince Of Thieves,,,,,left_only,,,
Robocop,Robocop,,,,,left_only,Robocop,HTML len = 0 : no content scrapped,Robocop
RocknRolla,Rocknrolla,RocknRolla,https://www.dailyscript.com/scripts/RockNRolla_Script.pdf,pdf,Rocknrolla,both,,,
Rocky,Rocky,Rocky,https://www.dailyscript.com/scripts/rocky.html,html,Rocky,both,,,
Romeo & Juliet,Romeo & Juliet,,,,,left_only,Romeo & Juliet,HTML len = 0 : no content scrapped,Romeo & Juliet
Ronin,Ronin,Ronin,https://www.dailyscript.com/scripts/ronin_early.html,html,Ronin,both,,,
Room,Room,Room,https://www.dailyscript.com/scripts/room_script.pdf,pdf,Room,both,,,
Rosetta,Rosetta,,,,,left_only,,,
Roughshod,Roughshod,Roughshod,https://www.dailyscript.com/scripts/Roughshod.txt,txt,Roughshod,both,,,
Runaway Bride,Runaway Bride,,,,,left_only,,,
Rush,Rush,Rush,https://www.dailyscript.com/scripts/RUSH[2013]-PETER%20MORGAN.pdf,pdf,Rush,both,,,
Rush Hour,Rush Hour,Rush Hour,https://www.dailyscript.com/scripts/rush_hour.html,html,Rush Hour,both,,,
Rush Hour 2,Rush Hour 2,Rush Hour 2,https://www.dailyscript.com/scripts/rush_hour_2.html,html,Rush Hour 2,both,,,
Rushmore,Rushmore,Rushmore,https://www.dailyscript.com/scripts/rushmore.html,html,Rushmore,both,,,
Rust and Bone,Rust And Bone,,,,,left_only,,,
Rustin,Rustin,,,,,left_only,,,
S. Darko,S Darko,,,,,left_only,,,
Saturday Night,Saturday Night,,,,,left_only,,,
Save the Last Dance,Save The Last Dance,Save the Last Dance,https://www.dailyscript.com/scripts/Save_the_Last_Dance.pdf,pdf,Save The Last Dance,both,,,
Saving Mr. Banks,Saving Mr Banks,,,,,left_only,,,
Saving Private Ryan,Saving Private Ryan,Saving Private Ryan,https://www.dailyscript.com/scripts/Saving%20Private%20Ryan.txt,txt,Saving Private Ryan,both,,,
Saw,Saw,,,,,left_only,,,
Saw IV,Saw 4,,,,,left_only,,,
Scarface,Scarface,Scarface,https://www.dailyscript.com/scripts/Scarfacefinal.PDF,pdf,Scarface,both,,,
Scary Movie 2,Scary Movie 2,Scary Movie 2,https://www.dailyscript.com/scripts/ScaryMovie2.htm,htm,Scary Movie 2,both,Scary Movie 2,HTML len = 0 : no content scrapped,Scary Movie 2
Schindler's List,Schindlers List,Schindler's List,https://www.dailyscript.com/scripts/Schindler's%20List.txt,txt,Schindlers List,both,,,
Scott Pilgrim vs the World,Scott Pilgrim Vs The World,,,,,left_only,,,
Scream,Scream,Scream,https://www.dailyscript.com/scripts/Scream.txt,txt,Scream,both,,,
Scream 2,Scream 2,,,,,left_only,,,
Scream 3,Scream 3,Scream 3,https://www.dailyscript.com/scripts/Scream3.doc,doc,Scream 3,both,,,
Scream 4,Scream 4,,,,,left_only,,,
Se7en,Se7en,,,,,left_only,,,
Semi-Pro,Semi Pro,Semi Pro,https://www.dailyscript.com/scripts/semipro.pdf,pdf,Semi Pro,both,,,
Sense and Sensibility,Sense And Sensibility,Sense And Sensibility,https://www.dailyscript.com/scripts/Sense%20And%20Sensibility.txt,txt,Sense And Sensibility,both,,,
Serenity,Serenity,,,,,left_only,,,
Serial Mom,Serial Mom,Serial Mom,https://www.dailyscript.com/scripts/serial-mom.html,html,Serial Mom,both,,,
Sex and the City,Sex And The City,,,,,left_only,,,
"Sex, Lies and Videotape",Sex Lies And Videotape,"Sex, Lies, And Videotape",https://www.dailyscript.com/scripts/Sex+Lies+And+Videotape.txt,txt,Sex Lies And Videotape,both,,,
Sexual Life,Sexual Life,Sexual Life,https://www.dailyscript.com/scripts/Sexual_Life.doc,doc,Sexual Life,both,,,
Shadow of the Vampire,Shadow Of The Vampire,Shadow of the Vampire,https://www.dailyscript.com/scripts/Shadow_of_the_Vampire.pdf,pdf,Shadow Of The Vampire,both,Shadow of the Vampire,HTML len = 0 : no content scrapped,Shadow Of The Vampire
Shakespeare in Love,Shakespeare In Love,Shakespeare in Love,https://www.dailyscript.com/scripts/Shakespeare%20In%20Love.txt,txt,Shakespeare In Love,both,,,
Shallow Grave,Shallow Grave,,,,,left_only,,,
Shame,Shame,,,,,left_only,,,
Shampoo,Shampoo,Shampoo,https://www.dailyscript.com/scripts/shampoo.html,html,Shampoo,both,,,
Sherlock Holmes,Sherlock Holmes,,,,,left_only,,,
She's Out of My League,Shes Out Of My League,,,,,left_only,,,
Shifty,Shifty,,,,,left_only,,,
Shivers,Shivers,Shivers,https://www.dailyscript.com/scripts/Shivers.txt,txt,Shivers,both,,,
Shrek,Shrek,,,,,left_only,,,
Shrek the Third,Shrek The Third,,,,,left_only,,,
Sicario,Sicario,,,,,left_only,,,
Sideways,Sideways,Sideways,https://www.dailyscript.com/scripts/Sideways.txt,txt,Sideways,both,,,
Signs,Signs,Signs,https://www.dailyscript.com/scripts/Signs.txt,txt,Signs,both,,,
Silence of the Lambs,Silence Of The Lambs,,,,,left_only,,,
Silent Grace,Silent Grace,,,,,left_only,,,
Silver Bullet,Silver Bullet,Silver Bullet,https://www.dailyscript.com/scripts/silverbullet.html,html,Silver Bullet,both,,,
Silver Linings Playbook,Silver Linings Playbook,,,,,left_only,,,
Simone,Simone,Simone,https://www.dailyscript.com/scripts/Simone_Andrew_Niccol.html,html,Simone,both,,,
Sing Sing,Sing Sing,,,,,left_only,,,
Single White Female,Single White Female,,,,,left_only,,,
Sister Act,Sister Act,,,,,left_only,,,
Six Degrees of Separation,Six Degrees Of Separation,,,,,left_only,,,
Sleepless in Seattle,Sleepless In Seattle,,,,,left_only,,,
Sleepy Hollow,Sleepy Hollow,Sleepy Hollow,https://www.dailyscript.com/scripts/sleepy-hollow_early.html,html,Sleepy Hollow,both,,,
Sling Blade,Sling Blade,Sling Blade,https://www.dailyscript.com/scripts/Sling%20Blade.txt,txt,Sling Blade,both,,,
Slither,Slither,SliTHER,https://www.dailyscript.com/scripts/SliTHER.html,html,Slither,both,,,
Slumdog Millionaire,Slumdog Millionaire,Slumdog Millionaire,https://www.dailyscript.com/scripts/slumdog-millionaire-simon-beaufoy.pdf,pdf,Slumdog Millionaire,both,,,
Smashed,Smashed,,,,,left_only,,,
Smokin' Aces,Smokin Aces,Smokin' Aces,https://www.dailyscript.com/scripts/Smokin'+Aces.txt,txt,Smokin Aces,both,,,
Snatch,Snatch,Snatch,https://www.dailyscript.com/scripts/snatch.pdf,pdf,Snatch,both,,,
Sneakers,Sneakers,,,,,left_only,Sneakers,HTML len = 0 : no content scrapped,Sneakers
Snow Falling On Cedars,Snow Falling On Cedars,Snow Falling On Cedars,https://www.dailyscript.com/scripts/snow-falling_early.html,html,Snow Falling On Cedars,both,,,
Snow White and the Huntsman,Snow White And The Huntsman,Snow White and the Huntsman,https://www.dailyscript.com/scripts/swath_screenplay.pdf,pdf,Snow White And The Huntsman,both,,,
So I Married an Axe Murderer,So I Married An Axe Murderer,So I Married An Axe Murderer,https://www.dailyscript.com/scripts/So%20I%20Married%20An%20Axe%20Murderer.txt,txt,So I Married An Axe Murderer,both,,,
Solaris,Solaris,Solaris,https://www.dailyscript.com/scripts/Solaris.txt,txt,Solaris,both,,,
Soldier,Soldier,Soldier,https://www.dailyscript.com/scripts/soldier.html,html,Soldier,both,,,
Someone To Watch Over Me,Someone To Watch Over Me,,,,,left_only,,,
Something's Gotta Give,Somethings Gotta Give,Something's Gotta Give,https://www.dailyscript.com/scripts/SomethingsGottaGive.pdf,pdf,Somethings Gotta Give,both,,,
Source Code,Source Code,,,,,left_only,,,
South Park,South Park,,,,,left_only,,,
Space Milkshake,Space Milkshake,,,,,left_only,,,
Spanglish,Spanglish,Spanglish,https://www.dailyscript.com/scripts/spanish.pdf,pdf,Spanglish,both,,,
Spare Me,Spare Me,Spare Me,https://www.dailyscript.com/scripts/spareme.html,html,Spare Me,both,,,
Spartan,Spartan,Spartan,https://www.dailyscript.com/scripts/spartan.pdf,pdf,Spartan,both,,,
Speed,Speed,Speed,https://www.dailyscript.com/scripts/Speed.pdf,pdf,Speed,both,Speed,HTML len = 0 : no content scrapped,Speed
Speed Racer,Speed Racer,,,,,left_only,,,
Sphere,Sphere,Sphere,https://www.dailyscript.com/scripts/sphere_early.html,html,Sphere,both,,,
Spider-Man,Spider Man,Spider-Man,https://www.dailyscript.com/scripts/spider_man_cohen_newson_cameron_8_4_93draft.html,html,Spider Man,both,,,
Spider-Man,Spider Man,Spider-man,https://www.dailyscript.com/scripts/Spider-Man%20(Unproduced).txt,txt,Spider Man,both,,,
Spider-Man: Across the Spider-Verse,Spider Man Across The Spider Verse,,,,,left_only,,,
St. Elmo's Fire,St Elmos Fire,,,,,left_only,,,
Star Trek,Star Trek,,,,,left_only,,,
Star Trek II: The Wrath of Khan,Star Trek 2 The Wrath Of Khan,,,,,left_only,,,
Star Trek: First Contact,Star Trek First Contact,,,,,left_only,,,
Star Trek: Generations,Star Trek Generations,,,,,left_only,,,
Star Trek: Nemesis,Star Trek Nemesis,,,,,left_only,,,
Star Trek: The Motion Picture,Star Trek The Motion Picture,,,,,left_only,,,
Star Wars: A New Hope,Star Wars A New Hope,,,,,left_only,,,
Star Wars: Attack of the Clones,Star Wars Attack Of The Clones,,,,,left_only,,,
Star Wars: Return of the Jedi,Star Wars Return Of The Jedi,,,,,left_only,,,
Star Wars: Revenge of the Sith,Star Wars Revenge Of The Sith,,,,,left_only,,,
Star Wars: The Empire Strikes Back,Star Wars The Empire Strikes Back,,,,,left_only,,,
Star Wars: The Force Awakens,Star Wars The Force Awakens,,,,,left_only,,,
Star Wars: The Phantom Menace,Star Wars The Phantom Menace,,,,,left_only,,,
Starman,Starman,Starman,https://www.dailyscript.com/scripts/Starman.txt,txt,Starman,both,,,
Starship Troopers,Starship Troopers,,,,,left_only,,,
State and Main,State And Main,State and Main,https://www.dailyscript.com/scripts/stateandmain.html,html,State And Main,both,,,
State and Main,State And Main,State And Main,https://www.dailyscript.com/scripts/State+And+Main.txt,txt,State And Main,both,,,
Station West,Station West,Station West,https://www.dailyscript.com/scripts/Station%20West.txt,txt,Station West,both,,,
Stepmom,Stepmom,Stepmom,https://www.dailyscript.com/scripts/stepmom.html,html,Stepmom,both,,,
Stir of Echoes,Stir Of Echoes,,,,,left_only,,,
Storytelling,Storytelling,Storytelling,https://www.dailyscript.com/scripts/storytelling.html,html,Storytelling,both,,,
Straight Outta Compton,Straight Outta Compton,,,,,left_only,,,
Strange Days,Strange Days,,,,,left_only,,,
Strangers on a Train,Strangers On A Train,Strangers on a Train,https://www.dailyscript.com/scripts/Strangers_On_A_Train.pdf,pdf,Strangers On A Train,both,,,
Sugar,Sugar,,,,,left_only,,,
Sugar and Spice,Sugar And Spice,Sugar and Spice,https://www.dailyscript.com/scripts/sugarandspice.html,html,Sugar And Spice,both,,,
Sunset Blvd.,Sunset Blvd,Sunset Blvd.,https://www.dailyscript.com/scripts/sunset_bld_3_21_49.html,html,Sunset Blvd,both,,,
Sunshine Cleaning,Sunshine Cleaning,,,,,left_only,,,
Super 8,Super 8,,,,,left_only,,,
Superbad,Superbad,,,,,left_only,,,
Superfights,Superfights,SuperFights,https://www.dailyscript.com/scripts/SuperFights.pdf,pdf,Superfights,both,Superfights,HTML len = 0 : no content scrapped,Superfights
Supergirl,Supergirl,,,,,left_only,,,
Surrogates,Surrogates,,,,,left_only,,,
Suspect Zero,Suspect Zero,Suspect Zero,https://www.dailyscript.com/scripts/Suspect%20Zero%20(Unproduced).txt,txt,Suspect Zero,both,,,
Sweeney Todd: The Demon Barber of Fleet Street,Sweeney Todd The Demon Barber Of Fleet Street,,,,,left_only,,,
Sweet Smell of Success,Sweet Smell Of Success,Sweet Smell of Success,https://www.dailyscript.com/scripts/sweetsmell.html,html,Sweet Smell Of Success,both,,,
Swingers,Swingers,Swingers,https://www.dailyscript.com/scripts/Swingers.html,html,Swingers,both,,,
Swordfish,Swordfish,Swordfish,https://www.dailyscript.com/scripts/swordfish.pdf,pdf,Swordfish,both,,,
"Synecdoche, New York",Synecdoche New York,,,,,left_only,,,
Syriana,Syriana,,,,,left_only,,,
Take Shelter,Take Shelter,,,,,left_only,,,
Taking Lives,Taking Lives,Taking Lives,https://www.dailyscript.com/scripts/taking_lives.pdf,pdf,Taking Lives,both,,,
Taking Sides,Taking Sides,Taking Sides,https://www.dailyscript.com/scripts/takingsides.html,html,Taking Sides,both,,,
Tall in the Saddle,Tall In The Saddle,Tall In The Saddle,https://www.dailyscript.com/scripts/Tall%20In%20The%20Saddle.txt,txt,Tall In The Saddle,both,,,
Tamara Drewe,Tamara Drewe,,,,,left_only,,,
Taxi Driver,Taxi Driver,Taxi Driver,https://www.dailyscript.com/scripts/taxidriver.html,html,Taxi Driver,both,,,
Ted,Ted,,,,,left_only,,,
Teenage Mutant Ninja Turtles: Mutant Mayhem,Teenage Mutant Ninja Turtles Mutant Mayhem,,,,,left_only,,,
Tenet,Tenet,,,,,left_only,,,
Terminator,Terminator,Terminator,https://www.dailyscript.com/scripts/Terminator_5th-Draft.txt,txt,Terminator,both,,,
Terminator 2: Judgement Day,Terminator 2 Judgement Day,,,,,left_only,,,
Terminator Salvation,Terminator Salvation,,,,,left_only,,,
The Abyss,The Abyss,The Abyss,https://www.dailyscript.com/scripts/abyss.html,html,The Abyss,both,,,
The Addams Family,The Addams Family,The Addams Family,https://www.dailyscript.com/scripts/the_addams_family.pdf,pdf,The Addams Family,both,,,
The Adjustment Bureau,The Adjustment Bureau,,,,,left_only,,,
The Adventures of Buckaroo Banzai Across the Eighth Dimension,The Adventures Of Buckaroo Banzai Across The Eighth Dimension,,,,,left_only,,,
The American,The American,,,,,left_only,,,
The American President,The American President,The American President,https://www.dailyscript.com/scripts/american_president.html,html,The American President,both,,,
The Amityville Asylum,The Amityville Asylum,,,,,left_only,,,
The Anniversary Party,The Anniversary Party,The Anniversary Party,https://www.dailyscript.com/scripts/anniversaryparty.html,html,The Anniversary Party,both,,,
The Apartment,The Apartment,The Apartment,https://www.dailyscript.com/scripts/apartment.html,html,The Apartment,both,,,
The Artist,The Artist,,,,,left_only,,,
The Assignment,The Assignment,The Assignment,"https://www.dailyscript.com/scripts/Assignment,%20The.txt",txt,The Assignment,both,,,
The Avengers,The Avengers,The Avengers,https://www.dailyscript.com/scripts/Avengers.html,html,The Avengers,both,,,
The Bachelor Party,The Bachelor Party,,,,,left_only,,,
The Back-up Plan,The Back Up Plan,,,,,left_only,,,
The Battle of Algiers,The Battle Of Algiers,The Battle of Algiers,https://www.dailyscript.com/scripts/boa.html,html,The Battle Of Algiers,both,,,
The Battle of Shaker Heights,The Battle Of Shaker Heights,The Battle of Shaker Heights,"https://www.dailyscript.com/scripts/Battle%20Of%20Shaker%20Heights,%20The.txt",txt,The Battle Of Shaker Heights,both,,,
The Beach,The Beach,,,,,left_only,,,
The Beekeeper,The Beekeeper,,,,,left_only,,,
The Believer,The Believer,The Believer,https://www.dailyscript.com/scripts/thebeliever.html,html,The Believer,both,,,
The Best Exotic Marigold Hotel,The Best Exotic Marigold Hotel,,,,,left_only,,,
The Big Blue,The Big Blue,The Big Blue,https://www.dailyscript.com/scripts/thebigblue.html,html,The Big Blue,both,,,
The Big Lebowski,The Big Lebowski,The Big Lebowski,"https://www.dailyscript.com/scripts/Big%20Lebowski,%20The.txt",txt,The Big Lebowski,both,,,
The Big Sick,The Big Sick,The Big Sick,https://www.dailyscript.com/scripts/BIG-SICK_final-script_for-academy.pdf,pdf,The Big Sick,both,,,
The Big White,The Big White,,,,,left_only,,,
The Birds,The Birds,The Birds,"https://www.dailyscript.com/scripts/Birds,%20The.txt",txt,The Birds,both,,,
The Black Dahlia,The Black Dahlia,The Black Dahlia,https://www.dailyscript.com/scripts/Black%20Dahlia.pdf,pdf,The Black Dahlia,both,,,
The Blast from the Past,The Blast From The Past,The Blast from the Past,https://www.dailyscript.com/scripts/Blast-from-the-Past.htm,htm,The Blast From The Past,both,,,
The Blind Side,The Blind Side,,,,,left_only,,,
The Bling Ring,The Bling Ring,,,,,left_only,,,
The Blues Brothers,The Blues Brothers,The Blues Brothers,https://www.dailyscript.com/scripts/bluesbrothers_script.pdf,pdf,The Blues Brothers,both,The Blues Brothers,HTML len = 0 : no content scrapped,The Blues Brothers
The Book of Eli,The Book Of Eli,,,,,left_only,,,
The Boondock Saints,The Boondock Saints,The Boondock Saints,"https://www.dailyscript.com/scripts/Boondock%20Saints,%20The.txt",txt,The Boondock Saints,both,,,
The Bounty Hunter,The Bounty Hunter,,,,,left_only,,,
The Bourne Identity,The Bourne Identity,The Bourne Identity,https://www.dailyscript.com/scripts/bourneidentity.html,html,The Bourne Identity,both,,,
The Bourne Supremacy,The Bourne Supremacy,The Bourne Supremacy,https://www.dailyscript.com/scripts/bournesupremacy.pdf,pdf,The Bourne Supremacy,both,,,
The Bourne Ultimatum,The Bourne Ultimatum,The Bourne Ultimatum,https://www.dailyscript.com/scripts/Bourne-Ultimatum.pdf,pdf,The Bourne Ultimatum,both,,,
The Box,The Box,,,,,left_only,,,
The Boxtrolls,The Boxtrolls,The Boxtrolls,https://www.dailyscript.com/scripts/boxtrolls-screenplay.pdf,pdf,The Boxtrolls,both,,,
The Breakfast Club,The Breakfast Club,The Breakfast Club,https://www.dailyscript.com/scripts/Breakfast_Club.pdf,pdf,The Breakfast Club,both,,,
The Brothers Bloom,The Brothers Bloom,,,,,left_only,,,
The Brutalist,The Brutalist,,,,,left_only,,,
The Butterfly Effect,The Butterfly Effect,The Butterfly Effect,"https://www.dailyscript.com/scripts/Butterfly+Effect,+The.txt",txt,The Butterfly Effect,both,,,
The Cell,The Cell,The Cell,https://www.dailyscript.com/scripts/the_cell.html,html,The Cell,both,,,
The Change-Up,The Change Up,,,,,left_only,,,
The Cider House Rules,The Cider House Rules,The Cider House Rules,"https://www.dailyscript.com/scripts/Cider%20House%20Rules,%20The.txt",txt,The Cider House Rules,both,,,
The Cincinnati Kid,The Cincinnati Kid,The Cincinnati Kid,"https://www.dailyscript.com/scripts/Cincinnati%20Kid,%20The.txt",txt,The Cincinnati Kid,both,,,
The Color Purple,The Color Purple,,,,,left_only,,,
The Cooler,The Cooler,The Cooler,"https://www.dailyscript.com/scripts/Cooler,%20The.txt",txt,The Cooler,both,,,
The Croods,The Croods,,,,,left_only,,,
The Crow,The Crow,The Crow,https://www.dailyscript.com/scripts/the_crow.html,html,The Crow,both,,,
The Crow: City of Angels,The Crow City Of Angels,,,,,left_only,,,
The Crow Salvation,The Crow Salvation,The Crow Salvation,https://www.dailyscript.com/scripts/TheCrowSalvation.htm,htm,The Crow Salvation,both,,,
The Curious Case of Benjamin Button,The Curious Case Of Benjamin Button,,,,,left_only,,,
The Damned United,The Damned United,,,,,left_only,,,
The Danish Girl,The Danish Girl,,,,,left_only,,,
The Dark Knight,The Dark Knight,,,,,left_only,The Dark Knight,"Webstatus : 404
",The Dark Knight
The Dark Knight Rises,The Dark Knight Rises,,,,,left_only,,,
The Day the Clown Cried,The Day The Clown Cried,The Day the Clown Cried,"https://www.dailyscript.com/scripts/Day%20The%20Clown%20Cried,%20The.txt",txt,The Day The Clown Cried,both,,,
The Day the Earth Stood Still,The Day The Earth Stood Still,The Day The Earth Stood Still,"https://www.dailyscript.com/scripts/Day%20The%20Earth%20Stood%20Still,%20The.txt",txt,The Day The Earth Stood Still,both,,,
The Debt,The Debt,,,,,left_only,,,
The Deer Hunter,The Deer Hunter,The Deer Hunter,https://www.dailyscript.com/scripts/deer_hunter.html,html,The Deer Hunter,both,,,
The Departed,The Departed,The Departed,https://www.dailyscript.com/scripts/departed.pdf,pdf,The Departed,both,,,
The Descendants,The Descendants,,,,,left_only,,,
The Devil Wears Prada,The Devil Wears Prada,The Devil Wears Prada,https://www.dailyscript.com/scripts/devil_wears_prada.pdf,pdf,The Devil Wears Prada,both,,,
The Distinguished Gentleman,The Distinguished Gentleman,The Distinguished Gentleman,https://www.dailyscript.com/scripts/Distinguished_Gentleman.pdf,pdf,The Distinguished Gentleman,both,,,
The Doors,The Doors,The Doors,"https://www.dailyscript.com/scripts/Doors,%20The.txt",txt,The Doors,both,,,
The Elephant Man,The Elephant Man,The Elephant Man,"https://www.dailyscript.com/scripts/Elephant+Man,+The.txt",txt,The Elephant Man,both,,,
The English Patient,The English Patient,The English Patient,https://www.dailyscript.com/scripts/englishpatient.html,html,The English Patient,both,,,
The Fabulous Baker Boys,The Fabulous Baker Boys,The Fabulous Baker Boys,https://www.dailyscript.com/scripts/fabulous_baker_boys_april_1985.html,html,The Fabulous Baker Boys,both,,,
The Family Man,The Family Man,The Family Man,https://www.dailyscript.com/scripts/familyman.html,html,The Family Man,both,,,
The Fault in Our Stars,The Fault In Our Stars,The Fault in our Stars,https://www.dailyscript.com/scripts/TFIOS_Final_Shooting_Script.pdf,pdf,The Fault In Our Stars,both,,,
The Fifth Element,The Fifth Element,,,,,left_only,,,
The Fighter,The Fighter,,,,,left_only,,,
The Flintstones,The Flintstones,The Flintstones,https://www.dailyscript.com/scripts/The_Flintstones.pdf,pdf,The Flintstones,both,,,
The French Connection,The French Connection,The French Connection,https://www.dailyscript.com/scripts/frenchconnection.html,html,The French Connection,both,,,
The Fugitive,The Fugitive,The Fugitive,https://www.dailyscript.com/scripts/Fugitive_EARLY.pdf,pdf,The Fugitive,both,,,
The Game,The Game,The Game,https://www.dailyscript.com/scripts/the-game_shooting.html,html,The Game,both,,,
The Getaway,The Getaway,The Getaway,https://www.dailyscript.com/scripts/getaway.html,html,The Getaway,both,,,
The Ghost and the Darkness,The Ghost And The Darkness,The Ghost and the Darkness,"https://www.dailyscript.com/scripts/Ghost%20And%20The%20Darkness,%20The.txt",txt,The Ghost And The Darkness,both,,,
The Girl with the Dragon Tattoo,The Girl With The Dragon Tattoo,,,,,left_only,,,
The Godfather Part III,The Godfather Part 3,,,,,left_only,,,
The Good Girl,The Good Girl,,,,,left_only,,,
The Graduate,The Graduate,The Graduate,https://www.dailyscript.com/scripts/the_graduate.html,html,The Graduate,both,,,
The Grapes of Wrath,The Grapes Of Wrath,The Grapes of Wrath,"https://www.dailyscript.com/scripts/Grapes%20Of%20Wrath,%20The.txt",txt,The Grapes Of Wrath,both,,,
The Great Gatsby,The Great Gatsby,,,,,left_only,,,
The Green Mile,The Green Mile,,,,,left_only,,,
The Grifters,The Grifters,The Grifters,https://www.dailyscript.com/scripts/Grifters_Westlake.html,html,The Grifters,both,,,
The Grudge,The Grudge,The Grudge,"https://www.dailyscript.com/scripts/GRUDGE,THE-2004.01.26-DOUBLE-BLUE.pdf",pdf,The Grudge,both,,,
The Hangover,The Hangover,,,,,left_only,,,
The Haunting,The Haunting,The Haunting,https://www.dailyscript.com/scripts/the-haunting_production.html,html,The Haunting,both,,,
The Hebrew Hammer,The Hebrew Hammer,The Hebrew Hammer,https://www.dailyscript.com/scripts/thehebrewhammer.html,html,The Hebrew Hammer,both,,,
The Help,The Help,The Help,https://www.dailyscript.com/scripts/the_help.pdf,pdf,The Help,both,,,
The Hills Have Eyes,The Hills Have Eyes,,,,,left_only,,,
The Hitchhiker's Guide to the Galaxy,The Hitchhikers Guide To The Galaxy,,,,,left_only,,,
The Holdovers,The Holdovers,,,,,left_only,,,
The Horse Whisperer,The Horse Whisperer,,,,,left_only,,,
The Hospital,The Hospital,The Hospital,"https://www.dailyscript.com/scripts/Hospital,%20The.txt",txt,The Hospital,both,,,
The Hudsucker Proxy,The Hudsucker Proxy,The Hudsucker Proxy,"https://www.dailyscript.com/scripts/Hudsucker%20Proxy,%20The.txt",txt,The Hudsucker Proxy,both,,,
The Hunt for Red October,The Hunt For Red October,The Hunt For Red October,https://www.dailyscript.com/scripts/thehuntforredoctober.pdf,pdf,The Hunt For Red October,both,,,
The Hurt Locker,The Hurt Locker,The Hurt Locker,https://www.dailyscript.com/scripts/hurtlocker_script.pdf,pdf,The Hurt Locker,both,,,
The Ice Storm,The Ice Storm,The Ice Storm,https://www.dailyscript.com/scripts/icestorm.html,html,The Ice Storm,both,,,
The Ides of March,The Ides Of March,,,,,left_only,,,
The Imaginarium of Doctor Parnassus,The Imaginarium Of Doctor Parnassus,,,,,left_only,,,
The Incredibles,The Incredibles,,,,,left_only,,,
The Informant,The Informant,,,,,left_only,,,
The Insider,The Insider,The Insider,https://www.dailyscript.com/scripts/the-insider_shooting.html,html,The Insider,both,,,
The Invention of Lying,The Invention Of Lying,,,,,left_only,,,
The Iron Claw,The Iron Claw,,,,,left_only,,,
The Iron Lady,The Iron Lady,,,,,left_only,,,
The Island,The Island,The Island,https://www.dailyscript.com/scripts/theisland.pdf,pdf,The Island,both,,,
The Italian Job,The Italian Job,The Italian Job,https://www.dailyscript.com/scripts/italianjob.pdf,pdf,The Italian Job,both,,,
The Jacket,The Jacket,The Jacket,https://www.dailyscript.com/scripts/The_Jacket.html,html,The Jacket,both,,,
The Kids Are All Right,The Kids Are All Right,,,,,left_only,,,
The Killer,The Killer,,,,,left_only,,,
The King of Comedy,The King Of Comedy,,,,,left_only,,,
The Kingdom,The Kingdom,,,,,left_only,,,
The King's Speech,The Kings Speech,,,,,left_only,,,
The Ladykillers,The Ladykillers,The Ladykillers,"https://www.dailyscript.com/scripts/Ladykillers,%20The%20(2004).txt",txt,The Ladykillers,both,,,
The Last Boy Scout,The Last Boy Scout,The Last Boy Scout,https://www.dailyscript.com/scripts/the_last_boy_scout.pdf,pdf,The Last Boy Scout,both,,,
The Last Flight,The Last Flight,,,,,left_only,,,
The Last of the Mohicans,The Last Of The Mohicans,,,,,left_only,,,
The Last Samurai,The Last Samurai,The Last Samurai,https://www.dailyscript.com/scripts/The_Last_Samurai.pdf,pdf,The Last Samurai,both,,,
The Last Station,The Last Station,,,,,left_only,,,
The LEGO Movie,The Lego Movie,,,,,left_only,,,
The Life of David Gale,The Life Of David Gale,The Life of David Gale,https://www.dailyscript.com/scripts/the_life_of_david_gale.pdf,pdf,The Life Of David Gale,both,,,
The Limey,The Limey,The Limey,https://www.dailyscript.com/scripts/the-limey.html,html,The Limey,both,,,
The Lincoln Lawyer,The Lincoln Lawyer,,,,,left_only,,,
The Lion King,The Lion King,,,,,left_only,The Lion King,HTML len = 0 : no content scrapped,The Lion King
The Little Mermaid,The Little Mermaid,,,,,left_only,,,
The Long Kiss Goodnight,The Long Kiss Goodnight,,,,,left_only,,,
The Lord of the Rings: Fellowship of the Ring,The Lord Of The Rings Fellowship Of The Ring,,,,,left_only,,,
The Losers,The Losers,,,,,left_only,,,
The Majestic,The Majestic,The Majestic,https://www.dailyscript.com/scripts/TheBijou.html,html,The Majestic,both,,,
The Man Who Knew Too Much,The Man Who Knew Too Much,The Man Who Knew Too Much,https://www.dailyscript.com/scripts/TheManWhoKnewTooMuch.pdf,pdf,The Man Who Knew Too Much,both,,,
The Man Who Wasn't There,The Man Who Wasnt There,The Man Who Wasn't There,"https://www.dailyscript.com/scripts/Man%20Who%20Wasn't%20There,%20The.txt",txt,The Man Who Wasnt There,both,,,
The Manchurian Candidate,The Manchurian Candidate,The Manchurian Candidate,https://www.dailyscript.com/scripts/manchuriancandidate2004.pdf,pdf,The Manchurian Candidate,both,,,
The Martian,The Martian,,,,,left_only,,,
The Mask,The Mask,,,,,left_only,,,
The Master,The Master,,,,,left_only,,,
The Matrix,The Matrix,The Matrix,https://www.dailyscript.com/scripts/the_matrix.pdf,pdf,The Matrix,both,,,
The Matrix Reloaded,The Matrix Reloaded,,,,,left_only,,,
The Mechanic,The Mechanic,,,,,left_only,,,
The Men Who Stare at Goats,The Men Who Stare At Goats,,,,,left_only,,,
The Menu,The Menu,,,,,left_only,,,
The Miracle Worker,The Miracle Worker,,,,,left_only,,,
The Mummy,The Mummy,,,,,left_only,,,
The Neverending Story,The Neverending Story,,,,,left_only,,,
The Next Three Days,The Next Three Days,,,,,left_only,,,
The Nightmare Before Christmas,The Nightmare Before Christmas,The Nightmare Before Christmas,https://www.dailyscript.com/scripts/nightmare-b4-xmas_early.html,html,The Nightmare Before Christmas,both,,,
The Nines,The Nines,,,,,left_only,,,
The Ninth Gate,The Ninth Gate,,,,,left_only,,,
The Other Boleyn Girl,The Other Boleyn Girl,,,,,left_only,,,
The Pacifier,The Pacifier,The Pacifier,https://www.dailyscript.com/scripts/The_Pacifier.pdf,pdf,The Pacifier,both,,,
The Passion of Joan of Arc,The Passion Of Joan Of Arc,,,,,left_only,,,
The Patriot,The Patriot,The Patriot,https://www.dailyscript.com/scripts/Patriot_1998.html,html,The Patriot,both,,,
The Perks of Being a Wallflower,The Perks Of Being A Wallflower,,,,,left_only,,,
The Persian Version,The Persian Version,,,,,left_only,,,
The Pianist,The Pianist,The Pianist,"https://www.dailyscript.com/scripts/Pianist,%20The.txt",txt,The Pianist,both,,,
The Piano,The Piano,The Piano,https://www.dailyscript.com/scripts/thepianolesson.html,html,The Piano,both,,,
The Planet of the Apes,The Planet Of The Apes,,,,,left_only,,,
The Postman,The Postman,The Postman,https://www.dailyscript.com/scripts/the_postman.pdf,pdf,The Postman,both,,,
The Power of One,The Power Of One,The Power of One,https://www.dailyscript.com/scripts/Power_of_One.pdf,pdf,The Power Of One,both,,,
The Prestige,The Prestige,The Prestige,https://www.dailyscript.com/scripts/Prestige.pdf,pdf,The Prestige,both,,,
The Princess Bride,The Princess Bride,The Princess Bride,"https://www.dailyscript.com/scripts/Princess%20Bride,%20The.txt",txt,The Princess Bride,both,,,
The Private Life of Sherlock Holmes,The Private Life Of Sherlock Holmes,,,,,left_only,,,
The Producer,The Producer,,,,,left_only,,,
The Program,The Program,The Program,"https://www.dailyscript.com/scripts/Program,%20The%20(1993).txt",txt,The Program,both,,,
The Prophecy,The Prophecy,The Prophecy,"https://www.dailyscript.com/scripts/Prophecy,%20The.txt",txt,The Prophecy,both,,,
The Proposal,The Proposal,,,,,left_only,,,
The Queen,The Queen,The Queen,https://www.dailyscript.com/scripts/TheQueenScreenplay.pdf,pdf,The Queen,both,,,
The Rage: Carrie 2,The Rage Carrie 2,,,,,left_only,,,
The Reader,The Reader,The Reader,https://www.dailyscript.com/scripts/The_Reader.pdf,pdf,The Reader,both,,,
The Relic,The Relic,The Relic,https://www.dailyscript.com/scripts/the-relic_early.html,html,The Relic,both,,,
The Replacements,The Replacements,The Replacements,https://www.dailyscript.com/scripts/the_replacements.pdf,pdf,The Replacements,both,,,
The Rescuers Down Under,The Rescuers Down Under,,,,,left_only,,,
The Revenant,The Revenant,,,,,left_only,,,
The Road,The Road,,,,,left_only,,,
The Rock,The Rock,,,,,left_only,,,
The Rocky Horror Picture Show,The Rocky Horror Picture Show,,,,,left_only,,,
The Roommate,The Roommate,,,,,left_only,,,
The Ruins,The Ruins,,,,,left_only,,,
The Saint,The Saint,The Saint,https://www.dailyscript.com/scripts/the_saint.html,html,The Saint,both,,,
The Salton Sea,The Salton Sea,The Salton Sea,https://www.dailyscript.com/scripts/salton_sea.html,html,The Salton Sea,both,,,
The Sandlot Kids,The Sandlot Kids,,,,,left_only,,,
The Searchers,The Searchers,The Searchers,"https://www.dailyscript.com/scripts/Searchers,%20The.txt",txt,The Searchers,both,,,
The Secret Life of Walter Mitty,The Secret Life Of Walter Mitty,The Secret Life of Walter Mitty,"https://www.dailyscript.com/scripts/Secret_Life_of_Walter_MItty,The.pdf",pdf,The Secret Life Of Walter Mitty,both,,,
The Sessions,The Sessions,,,,,left_only,,,
The Seventh Seal,The Seventh Seal,,,,,left_only,,,
The Shawshank Redemption,The Shawshank Redemption,The Shawshank Redemption,https://www.dailyscript.com/scripts/shawshank.html,html,The Shawshank Redemption,both,,,
The Shining,The Shining,The Shining,https://www.dailyscript.com/scripts/shining.html,html,The Shining,both,,,
The Shipping News,The Shipping News,The Shipping News,https://www.dailyscript.com/scripts/Shipping-News_unproduced.htm,htm,The Shipping News,both,,,
The Siege,The Siege,The Siege,"https://www.dailyscript.com/scripts/Siege,%20The.txt",txt,The Siege,both,,,
The Sixth Sense,The Sixth Sense,The Sixth Sense,"https://www.dailyscript.com/scripts/Sixth%20Sense,%20The.txt",txt,The Sixth Sense,both,,,
The Social Network,The Social Network,,,,,left_only,,,
The Sting,The Sting,The Sting,"https://www.dailyscript.com/scripts/Sting,%20The.txt",txt,The Sting,both,,,
The Stuntman,The Stuntman,,,,,left_only,,,
The Substance,The Substance,,,,,left_only,,,
The Surfer King,The Surfer King,,,,,left_only,,,
The Sweet Hereafter,The Sweet Hereafter,The Sweet Hereafter,https://www.dailyscript.com/scripts/sweethereafter.html,html,The Sweet Hereafter,both,,,
The Taking of Pelham One Two Three,The Taking Of Pelham One Two Three,,,,,left_only,,,
The Talented Mr. Ripley,The Talented Mr Ripley,The Talented Mr. Ripley,https://www.dailyscript.com/scripts/mr-ripley_shooting.html,html,The Talented Mr Ripley,both,,,
The Teachers' Lounge,The Teachers Lounge,,,,,left_only,,,
The Theory of Everything,The Theory Of Everything,The Theory of Everything,https://www.dailyscript.com/scripts/the-theory-of-everything-screenplay.pdf,pdf,The Theory Of Everything,both,,,
The Thing,The Thing,The Thing,"https://www.dailyscript.com/scripts/Thing,+The.txt",txt,The Thing,both,,,
The Things My Father Never Taught Me,The Things My Father Never Taught Me,,,,,left_only,,,
The Three Musketeers,The Three Musketeers,The Three Musketeers,https://www.dailyscript.com/scripts/three_musketeers.pdf,pdf,The Three Musketeers,both,,,
The Time Machine,The Time Machine,The Time Machine,https://www.dailyscript.com/scripts/TheTimeMachine.html,html,The Time Machine,both,,,
The Tourist,The Tourist,,,,,left_only,,,
The Town,The Town,,,,,left_only,,,
The Truman Show,The Truman Show,The Truman Show,https://www.dailyscript.com/scripts/the-truman-show_early.html,html,The Truman Show,both,,,
The Ugly Truth,The Ugly Truth,,,,,left_only,,,
The Usual Suspects,The Usual Suspects,The Usual Suspects,"https://www.dailyscript.com/scripts/Usual%20Suspects,%20The.txt",txt,The Usual Suspects,both,,,
The Verdict,The Verdict,The Verdict,https://www.dailyscript.com/scripts/the-verdict-script.html,html,The Verdict,both,,,
The Village,The Village,,,,,left_only,,,
The Visitor,The Visitor,,,,,left_only,,,
The Way Back,The Way Back,,,,,left_only,,,
The Whistleblower,The Whistleblower,,,,,left_only,,,
The White Ribbon,The White Ribbon,,,,,left_only,,,
The Wild Bunch,The Wild Bunch,The Wild Bunch,https://www.dailyscript.com/scripts/The_Wild_Bunch.pdf,pdf,The Wild Bunch,both,,,
The Wizard of Oz,The Wizard Of Oz,,,,,left_only,,,
The Wolf of Wall Street,The Wolf Of Wall Street,,,,,left_only,,,
The Woodsman,The Woodsman,The Woodsman,https://www.dailyscript.com/scripts/thewoodsman.html,html,The Woodsman,both,,,
The World is not Enough,The World Is Not Enough,,,,,left_only,,,
The Wrestler,The Wrestler,,,,,left_only,,,
The X-Files: Fight the Future,The X Files Fight The Future,,,,,left_only,,,
The Zone of Interest,The Zone Of Interest,,,,,left_only,,,
Thelma & Louise,Thelma & Louise,Thelma & Louise,https://www.dailyscript.com/scripts/Thelma%20And%20Louise.txt,txt,Thelma & Louise,both,Thelma & Louise,HTML len = 0 : no content scrapped,Thelma & Louise
There's Something About Mary,Theres Something About Mary,There's Something About Mary,https://www.dailyscript.com/scripts/aboutmary.html,html,Theres Something About Mary,both,,,
They,They,,,,,left_only,,,
Thirteen Days,Thirteen Days,Thirteen Days,https://www.dailyscript.com/scripts/13_days.html,html,Thirteen Days,both,,,
This Boy's Life,This Boys Life,This Boy's Life,https://www.dailyscript.com/scripts/This_Boys_Life.pdf,pdf,This Boys Life,both,,,
This is 40,This Is 40,,,,,left_only,This is 40,HTML len = 0 : no content scrapped,This Is 40
Thor,Thor,,,,,left_only,,,
Thor Ragnarok,Thor Ragnarok,,,,,left_only,,,
Three Kings,Three Kings,Three Kings,https://www.dailyscript.com/scripts/three-kings_shooting.html,html,Three Kings,both,,,
Three Kings (Spoils of War),Three Kings (spoils Of War),Three Kings (Spoils of War),https://www.dailyscript.com/scripts/three-kings_unproduced.html,html,Three Kings (spoils Of War),both,,,
Three Men and a Baby,Three Men And A Baby,Three Men and a Baby,https://www.dailyscript.com/scripts/Three_Men_and_a_Baby.pdf,pdf,Three Men And A Baby,both,,,
Thunderbirds,Thunderbirds,,,,,left_only,,,
Thunderheart,Thunderheart,Thunderheart,https://www.dailyscript.com/scripts/Thunderheart.txt,txt,Thunderheart,both,,,
Ticker,Ticker,Ticker,https://www.dailyscript.com/scripts/ticker.html,html,Ticker,both,,,
Timber Falls,Timber Falls,,,,,left_only,,,
Tin Cup,Tin Cup,Tin Cup,https://www.dailyscript.com/scripts/Tin_Cup.pdf,pdf,Tin Cup,both,,,
Tin Men,Tin Men,Tin Men,https://www.dailyscript.com/scripts/Tin_Men.pdf,pdf,Tin Men,both,,,
Tinker Tailor Soldier Spy,Tinker Tailor Soldier Spy,,,,,left_only,,,
Titanic,Titanic,Titanic,https://www.dailyscript.com/scripts/Titanic.txt,txt,Titanic,both,,,
TMNT,Tmnt,,,,,left_only,,,
To Sleep with Anger,To Sleep With Anger,To Sleep With Anger,https://www.dailyscript.com/scripts/tosleepwithanger.html,html,To Sleep With Anger,both,,,
Tombstone,Tombstone,Tombstone,https://www.dailyscript.com/scripts/tomb_stone.html,html,Tombstone,both,,,
Tomorrow Never Dies,Tomorrow Never Dies,,,,,left_only,,,
Top Gun,Top Gun,Top Gun,https://www.dailyscript.com/scripts/TopGun.html,html,Top Gun,both,,,
Total Recall,Total Recall,,,,,left_only,,,
Toy Story,Toy Story,Toy Story,https://www.dailyscript.com/scripts/toy_story.html,html,Toy Story,both,,,
Traffic,Traffic,Traffic,https://www.dailyscript.com/scripts/traffic.html,html,Traffic,both,,,
Training Day,Training Day,Training Day,https://www.dailyscript.com/scripts/Training_Day.pdf,pdf,Training Day,both,,,
Trainspotting,Trainspotting,Trainspotting,https://www.dailyscript.com/scripts/trainspotting.html,html,Trainspotting,both,,,
Transformers: The Movie,Transformers The Movie,Transformers: The Movie,https://www.dailyscript.com/scripts/transformers.html,html,Transformers The Movie,both,,,
Trap Livin',Trap Livin,,,,,left_only,,,
Tremors,Tremors,Tremors,https://www.dailyscript.com/scripts/Tremors.htm,htm,Tremors,both,,,
Tristan and Isolde,Tristan And Isolde,,,,,left_only,,,
TRON,Tron,TRON,https://www.dailyscript.com/scripts/tron.html,html,Tron,both,,,
TRON: Legacy,Tron Legacy,,,,,left_only,,,
Tropic Thunder,Tropic Thunder,,,,,left_only,,,
Troy,Troy,Troy,https://www.dailyscript.com/scripts/Tabb'sTROY-Final.pdf,pdf,Troy,both,Troy,"Webstatus : 404
",Troy
True Grit,True Grit,,,,,left_only,,,
True Lies,True Lies,,,,,left_only,,,
True Romance,True Romance,True Romance,https://www.dailyscript.com/scripts/true_romance.html,html,True Romance,both,,,
Tucker and Dale vs Evil,Tucker And Dale Vs Evil,,,,,left_only,,,
Twilight,Twilight,,,,,left_only,,,
Twilight: New Moon,Twilight New Moon,,,,,left_only,,,
Twin Peaks,Twin Peaks,,,,,left_only,,,
Twins,Twins,Twins,https://www.dailyscript.com/scripts/Twins.PDF,pdf,Twins,both,,,
Twister,Twister,,,,,left_only,,,
Two For The Money,Two For The Money,Two For The Money,https://www.dailyscript.com/scripts/TwoForTheMoney.doc,doc,Two For The Money,both,,,
U Turn,U Turn,U Turn,https://www.dailyscript.com/scripts/u-turn_shooting.html,html,U Turn,both,,,
Un Singe en Hiver,Un Singe En Hiver,,,,,left_only,,,
Unbreakable,Unbreakable,Unbreakable,https://www.dailyscript.com/scripts/unbreakable.html,html,Unbreakable,both,,,
Under Fire,Under Fire,Under Fire,https://www.dailyscript.com/scripts/Under%20Fire%20(1983).txt,txt,Under Fire,both,,,
Unforgiven,Unforgiven,Unforgiven,https://www.dailyscript.com/scripts/unforgiven.html,html,Unforgiven,both,Unforgiven,"Webstatus : 404
",Unforgiven
Unknown,Unknown,,,,,left_only,,,
Up,Up,,,,,left_only,,,
Up in the Air,Up In The Air,,,,,left_only,,,
V for Vendetta,V For Vendetta,,,,,left_only,,,
Valentine's Day,Valentines Day,,,,,left_only,Valentine's Day,"Webstatus : 404
",Valentines Day
Valkyrie,Valkyrie,,,,,left_only,,,
Vanilla Sky,Vanilla Sky,,,,,left_only,,,
Vertigo,Vertigo,Vertigo,https://www.dailyscript.com/scripts/vertigo.html,html,Vertigo,both,Vertigo,HTML len = 0 : no content scrapped,Vertigo
Very Bad Things,Very Bad Things,Very Bad Things,https://www.dailyscript.com/scripts/Very+Bad+Things.txt,txt,Very Bad Things,both,,,
Virtuosity,Virtuosity,Virtuosity,https://www.dailyscript.com/scripts/virtuosity.html,html,Virtuosity,both,,,
Wag the Dog,Wag The Dog,Wag the Dog,https://www.dailyscript.com/scripts/wag-the-dog_production.html,html,Wag The Dog,both,,,
"Walk to Remember, A",Walk To Remember A,,,,,left_only,,,
Walking Tall,Walking Tall,,,,,left_only,,,
Wall-E,Wall E,,,,,left_only,,,
Wall Street,Wall Street,Wall Street,https://www.dailyscript.com/scripts/wall_street.html,html,Wall Street,both,,,
Wall Street: Money Never Sleeps,Wall Street Money Never Sleeps,,,,,left_only,,,
Wanted,Wanted,,,,,left_only,,,
War for the Planet of the Apes,War For The Planet Of The Apes,,,,,left_only,,,
War Horse,War Horse,,,,,left_only,,,
War of the Worlds,War Of The Worlds,,,,,left_only,,,
Warm Springs,Warm Springs,Warm Springs,https://www.dailyscript.com/scripts/Warm%20Springs.txt,txt,Warm Springs,both,,,
Warrior,Warrior,,,,,left_only,,,
Watchmen,Watchmen,,,,,left_only,,,
Water for Elephants,Water For Elephants,,,,,left_only,,,
We Own the Night,We Own The Night,,,,,left_only,,,
What About Bob?,What About Bob,What About Bob?,https://www.dailyscript.com/scripts/What%20About%20Bob.txt,txt,What About Bob,both,What About Bob?,"Webstatus : 404
",What About Bob
What Lies Beneath,What Lies Beneath,What Lies Beneath,https://www.dailyscript.com/scripts/What+Lies+Beneath.txt,txt,What Lies Beneath,both,,,
When a Stranger Calls,When A Stranger Calls,When A Stranger Calls,https://www.dailyscript.com/scripts/When%20A%20Stranger%20Calls.txt,txt,When A Stranger Calls,both,,,
When Harry Met Sally,When Harry Met Sally,When Harry Met Sally,https://www.dailyscript.com/scripts/whenharrymesally.pdf,pdf,When Harry Met Sally,both,When Harry Met Sally,HTML len = 0 : no content scrapped,When Harry Met Sally
While She Was Out,While She Was Out,,,,,left_only,,,
Whiplash,Whiplash,Whiplash,https://www.dailyscript.com/scripts/whiplash_screenplay.pdf,pdf,Whiplash,both,,,
White Christmas,White Christmas,White Christmas,https://www.dailyscript.com/scripts/White%20Christmas.txt,txt,White Christmas,both,,,
White Jazz,White Jazz,,,,,left_only,,,
White Squall,White Squall,,,,,left_only,,,
Whiteout,Whiteout,,,,,left_only,,,
Who Framed Roger Rabbit?,Who Framed Roger Rabbit,,,,,left_only,Who Framed Roger Rabbit?,"Webstatus : 404
",Who Framed Roger Rabbit
Who's Your Daddy,Whos Your Daddy,,,,,left_only,,,
Wicked,Wicked,,,,,left_only,,,
Wild At Heart,Wild At Heart,Wild At Heart,https://www.dailyscript.com/scripts/wild_at_heart.html,html,Wild At Heart,both,,,
Wild Hogs,Wild Hogs,,,,,left_only,,,
Wild Things,Wild Things,Wild Things,https://www.dailyscript.com/scripts/wild-things_production.html,html,Wild Things,both,,,
Wild Things: Diamonds in the Rough,Wild Things Diamonds In The Rough,,,,,left_only,,,
Wild Wild West,Wild Wild West,"Wild, Wild West",https://www.dailyscript.com/scripts/Wild_Wild_West.pdf,pdf,Wild Wild West,both,,,
Willow,Willow,Willow,https://www.dailyscript.com/scripts/willow.html,html,Willow,both,,,
Win Win,Win Win,,,,,left_only,,,
Wind Chill,Wind Chill,Wind Chill,https://www.dailyscript.com/scripts/WC_0223_YellowRevs1.pdf,pdf,Wind Chill,both,,,
Withnail and I,Withnail And I,Withnail and I,https://www.dailyscript.com/scripts/withnail.html,html,Withnail And I,both,,,
Witness,Witness,Witness,https://www.dailyscript.com/scripts/witness.html,html,Witness,both,,,
Wonder Boys,Wonder Boys,Wonder Boys,https://www.dailyscript.com/scripts/thewonderboys.html,html,Wonder Boys,both,,,
Wonder Woman,Wonder Woman,,,,,left_only,,,
Wonka,Wonka,,,,,left_only,,,
X-Men,X Men,X-Men,https://www.dailyscript.com/scripts/x-men_walker3.html,html,X Men,both,,,
X-Men Origins: Wolverine,X Men Origins Wolverine,,,,,left_only,,,
xXx,Xxx,xXx,https://www.dailyscript.com/scripts/xXx.txt,txt,Xxx,both,,,
Year One,Year One,,,,,left_only,,,
Yes Man,Yes Man,,,,,left_only,,,
You Can Count On Me,You Can Count On Me,You Can Count On Me,https://www.dailyscript.com/scripts/You%20Can%20Count%20On%20Me.txt,txt,You Can Count On Me,both,,,
Youth in Revolt,Youth In Revolt,Youth In Revolt,https://www.dailyscript.com/scripts/Youth-In-Revolt.pdf,pdf,Youth In Revolt,both,,,
You've Got Mail,Youve Got Mail,You've Got Mail,https://www.dailyscript.com/scripts/Youve_got_mail.html,html,Youve Got Mail,both,,,
Zebra Girl,Zebra Girl,,,,,left_only,,,
Zero Dark Thirty,Zero Dark Thirty,,,,,left_only,,,
Zerophilia,Zerophilia,,,,,left_only,,,
Zootopia,Zootopia,Zootopia,https://www.dailyscript.com/scripts/zootopia.pdf,pdf,Zootopia,both,,,
,,"10,000 B. C. ","https://www.dailyscript.com/scripts/10,000BC.pdf",pdf,10000 B C ,right_only,,,
,,12 Angry Men,https://www.dailyscript.com/scripts/12AngryMen.pdf,pdf,12 Angry Men,right_only,,,
,,13 Days,https://www.dailyscript.com/scripts/13_days.html,html,13 Days,right_only,,,
,,13 Ghosts,https://www.dailyscript.com/scripts/thirteen_ghosts.pdf,pdf,13 Ghosts,right_only,,,
,,15 Minutes ,https://www.dailyscript.com/scripts/15minutes.html,html,15 Minutes ,right_only,,,
,,16 Blocks,https://www.dailyscript.com/scripts/16_Blocks_by_Richard_Wenk.pdf,pdf,16 Blocks,right_only,,,
,,20th Century Woman,https://www.dailyscript.com/scripts/20TH_CENTURY_WOMEN.pdf,pdf,20th Century Woman,right_only,,,
,,3 Kings,https://www.dailyscript.com/scripts/three-kings_shooting.html,html,3 Kings,right_only,,,
,,3 Kings (Spoils of War),https://www.dailyscript.com/scripts/three-kings_unproduced.html,html,3 Kings (spoils Of War),right_only,,,
,,40 Year Old Virgin,https://www.dailyscript.com/scripts/40_year_old_virgin.pdf,pdf,40 Year Old Virgin,right_only,,,
,,48 Hours,https://www.dailyscript.com/scripts/48hours.html,html,48 Hours,right_only,,,
,,531,https://www.dailyscript.com/scripts/531.doc,doc,531,right_only,,,
,,8 Mile (aka Untitled Detroit Project),https://www.dailyscript.com/scripts/8MILE.pdf,pdf,8 Mile (aka Untitled Detroit Project),right_only,,,
,,8 Millimeter,https://www.dailyscript.com/scripts/eight-millimeter.html,html,8 Millimeter,right_only,,,
,,8 MM,https://www.dailyscript.com/scripts/eight-millimeter.html,html,8 Mm,right_only,,,
,,84 Charlie MoPic,https://www.dailyscript.com/scripts/84%20Charlie%20MoPic.txt,txt,84 Charlie Mopic,right_only,,,
,,A Christmas Story,https://www.dailyscript.com/scripts/AChristmasStory.pdf,pdf,A Christmas Story,right_only,,,
,,A Clockwork Orange,https://www.dailyscript.com/scripts/A+Clockwork+Orange.pdf,pdf,A Clockwork Orange,right_only,,,
,,A Dry White Season,https://www.dailyscript.com/scripts/Dry_White_Season.pdf,pdf,A Dry White Season,right_only,,,
,,A Good Year,https://www.dailyscript.com/scripts/A-GOOD-YEAR.pdf,pdf,A Good Year,right_only,,,
,,A Hard Day's Night,"https://www.dailyscript.com/scripts/Hard+Day's+Night,+A.txt",txt,A Hard Days Night,right_only,,,
,,A Last Kiss (filmed as The Last Kiss),https://www.dailyscript.com/scripts/A-Last-Kiss-script.pdf,pdf,A Last Kiss (filmed As The Last Kiss),right_only,,,
,,A Nightmare on Elm Street,https://www.dailyscript.com/scripts/nightmare-on-elm-street.html,html,A Nightmare On Elm Street,right_only,,,
,,A Perfect World,https://www.dailyscript.com/scripts/A_Perfect_World.pdf,pdf,A Perfect World,right_only,,,
,,A Thousand Acres,https://www.dailyscript.com/scripts/A-Thousand-Acres.pdf,pdf,A Thousand Acres,right_only,,,
,,A Walk to Remember,https://www.dailyscript.com/scripts/A_Walk_to_Remember.pdf,pdf,A Walk To Remember,right_only,,,
,,Adventureland,https://www.dailyscript.com/scripts/Adventureland.pdf,pdf,Adventureland,right_only,,,
,,Airforce One,https://www.dailyscript.com/scripts/AirForceOne_TXT.html,html,Airforce One,right_only,,,
,,Alfie,https://www.dailyscript.com/scripts/Alfie.pdf,pdf,Alfie,right_only,,,
,,American Bullshit (filmed as American Hustle),https://www.dailyscript.com/scripts/American_BullShit.pdf,pdf,American Bullshit (filmed As American Hustle),right_only,,,
,,An Affair to Remember,https://www.dailyscript.com/scripts/an_affair_to_remember.pdf,pdf,An Affair To Remember,right_only,,,
,,An American Werewolf In London,"https://www.dailyscript.com/scripts/American%20Werewolf%20In%20London,%20An.txt",txt,An American Werewolf In London,right_only,,,
,,An American Werewolf In Paris,"https://www.dailyscript.com/scripts/American+Werewolf+In+Paris,+An.txt",txt,An American Werewolf In Paris,right_only,,,
,,An Officer and a Gentleman,https://www.dailyscript.com/scripts/officerandgentleman.pdf,pdf,An Officer And A Gentleman,right_only,,,
,,Analyse That,https://www.dailyscript.com/scripts/Analyze_That.pdf,pdf,Analyse That,right_only,,,
,,Analyse This,https://www.dailyscript.com/scripts/Analyze_This.pdf,pdf,Analyse This,right_only,,,
,,Anatomy of a Murder,https://www.dailyscript.com/scripts/anatomy_of_a_murder.pdf,pdf,Anatomy Of A Murder,right_only,,,
,,Any Given Sunday,https://www.dailyscript.com/scripts/any_given_sunday.pdf,pdf,Any Given Sunday,right_only,,,
,,Apache Drums,https://www.dailyscript.com/scripts/apachedrums.pdf,pdf,Apache Drums,right_only,,,
,,Apocalypse Now: Redux,https://www.dailyscript.com/scripts/apocalypsenowredux.html,html,Apocalypse Now Redux,right_only,,,
,,Arac Attack (Released as Eight Legged Freaks),https://www.dailyscript.com/scripts/arac_attack.pdf,pdf,Arac Attack (released As Eight Legged Freaks),right_only,,,
,,Armstrong (filmed as First Man),https://www.dailyscript.com/scripts/first-man-2018.pdf,pdf,Armstrong (filmed As First Man),right_only,,,
,,Arrival,https://www.dailyscript.com/scripts/arrival.pdf,pdf,Arrival,right_only,,,
,,As Good As It Gets ,https://www.dailyscript.com/scripts/As+Good+As+It+Gets.txt,txt,As Good As It Gets ,right_only,,,
,,Asylum (Batman Vs Superman),https://www.dailyscript.com/scripts/asylum.pdf,pdf,Asylum (batman Vs Superman),right_only,,,
,,Austin Powers 2: The Spy Who Shagged Me,https://www.dailyscript.com/scripts/Austin%20Powers%20-%20The%20Spy%20Who%20Shagged%20Me.txt,txt,Austin Powers 2 The Spy Who Shagged Me,right_only,,,
,,Batman 2 (Unproduced),https://www.dailyscript.com/scripts/batman-returns_unproduced.html,html,Batman 2 (unproduced),right_only,,,
,,Beautiful Girls,https://www.dailyscript.com/scripts/beautifulgirls.pdf,pdf,Beautiful Girls,right_only,,,
,,Beauty Shop,https://www.dailyscript.com/scripts/Beauty_Shop_by_Kate_Lanier.pdf,pdf,Beauty Shop,right_only,,,
,,Bedlam,https://www.dailyscript.com/scripts/chamberofhorrors.html,html,Bedlam,right_only,,,
,,Beetle Juice,https://www.dailyscript.com/scripts/beetlejuice_mcdowell.html,html,Beetle Juice,right_only,,,
,,Before Sunset,https://www.dailyscript.com/scripts/before-sunset.pdf,pdf,Before Sunset,right_only,,,
,,Below,https://www.dailyscript.com/scripts/Below%20_%20Twohy%20_%2011-6-00.htm,htm,Below,right_only,,,
,,Beowulf & Grendal,https://www.dailyscript.com/scripts/BeowulfGrendel-script.pdf,pdf,Beowulf & Grendal,right_only,,,
,,Big Fish ,https://www.dailyscript.com/scripts/Big+Fish.txt,txt,Big Fish ,right_only,,,
,,Big Trouble in Little China II,https://www.dailyscript.com/scripts/Big_Trouble_in_Little_China_II.pdf,pdf,Big Trouble In Little China 2,right_only,,,
,,Birth of a Nation,https://www.dailyscript.com/scripts/Birth-of-a-Nation.pdf,pdf,Birth Of A Nation,right_only,,,
,,Blair Witch II,https://www.dailyscript.com/scripts/blair-witch-2.html,html,Blair Witch 2,right_only,,,
,,Blood Diamond,https://www.dailyscript.com/scripts/Blood%20Diamond_July_27_2005_draft).pdf,pdf,Blood Diamond,right_only,,,
,,Blood Relations The Sun Wars (filmed as The Hills Have Eyes),https://www.dailyscript.com/scripts/The-Hills-Have-Eyes.pdf,pdf,Blood Relations The Sun Wars (filmed As The Hills Have Eyes),right_only,,,
,,Blood Work,https://www.dailyscript.com/scripts/blood_work.pdf,pdf,Blood Work,right_only,,,
,,Blue Hotel,https://www.dailyscript.com/scripts/Blue%20Hotel%20(Unproduced).txt,txt,Blue Hotel,right_only,,,
,,Born on the Fourth of July (part 1),https://www.dailyscript.com/scripts/bornontheforthofjuly1.pdf,pdf,Born On The Fourth Of July (part 1),right_only,,,
,,Born on the Fourth of July (part 2),https://www.dailyscript.com/scripts/bornontheforthofjuly2.pdf,pdf,Born On The Fourth Of July (part 2),right_only,,,
,,Boy Who Never Slept,https://www.dailyscript.com/scripts/Boy+Who+Never+Slept.txt,txt,Boy Who Never Slept,right_only,,,
,,Breach (written as Hanssen),https://www.dailyscript.com/scripts/Hanssen-pt1.pdf,pdf,Breach (written As Hanssen),right_only,,,
,,Breakfast At Tiffany's,https://www.dailyscript.com/scripts/BreakfastatTiffany's.pdf,pdf,Breakfast At Tiffanys,right_only,,,
,,Bringing Up Baby,https://www.dailyscript.com/scripts/BringingUpBabyScript.pdf,pdf,Bringing Up Baby,right_only,,,
,,Brooklyn,https://www.dailyscript.com/scripts/Brooklyn.pdf,pdf,Brooklyn,right_only,,,
,,Butch Cassidy and The Sundance Kid,https://www.dailyscript.com/scripts/Butch_Cassidy_and_the_Sundance_Kid.pdf,pdf,Butch Cassidy And The Sundance Kid,right_only,,,
,,Call Me By Your Name,https://www.dailyscript.com/scripts/callmebyyourname_screenplay.pdf,pdf,Call Me By Your Name,right_only,,,
,,Call Northside 777 (part 1),https://www.dailyscript.com/scripts/call_northside_777-1.pdf,pdf,Call Northside 777 (part 1),right_only,,,
,,Call Northside 777 (part 2),https://www.dailyscript.com/scripts/call_northside_777-2.pdf,pdf,Call Northside 777 (part 2),right_only,,,
,,Calvary,https://www.dailyscript.com/scripts/FSP3826_CALVARY_SCRIPT_BOOK_C6.pdf,pdf,Calvary,right_only,,,
,,Captain Phillips (was Maersk Alabama),https://www.dailyscript.com/scripts/CAPTAIN%20PHILLIPS%20(aka%20MAERSK%20ALABAMA)%20by%20Billy%20Ray%20(2010.12.09)%20(Digital).pdf,pdf,Captain Phillips (was Maersk Alabama),right_only,,,
,,Carnivore,https://www.dailyscript.com/scripts/Carnivore%20(Unproduced).txt,txt,Carnivore,right_only,,,
,,Carol,https://www.dailyscript.com/scripts/Screenplay-Carol.pdf,pdf,Carol,right_only,,,
,,Casino Royale,https://www.dailyscript.com/scripts/Casino-Royale.pdf,pdf,Casino Royale,right_only,,,
,,Children of Men,https://www.dailyscript.com/scripts/children_of_men-script.pdf,pdf,Children Of Men,right_only,,,
,,Committed (filmed as Crazy Love),https://www.dailyscript.com/scripts/crazy_love.html,html,Committed (filmed As Crazy Love),right_only,,,
,,Committed (filmed as Crazylove),https://www.dailyscript.com/scripts/Committed.pdf,pdf,Committed (filmed As Crazylove),right_only,,,
,,Conan,https://www.dailyscript.com/scripts/Conan-10-07-09.pdf,pdf,Conan,right_only,,,
,,Conquest of Paradise: 1492,https://www.dailyscript.com/scripts/1492-ConquestOfParadise.txt,txt,Conquest Of Paradise 1492,right_only,,,
,,Conspiracy Theory,https://www.dailyscript.com/scripts/conspiracy-theory.html,html,Conspiracy Theory,right_only,,,
,,Cradle to the Grave,https://www.dailyscript.com/scripts/Cradle_to_the_Grave.pdf,pdf,Cradle To The Grave,right_only,,,
,,Crash (1996),https://www.dailyscript.com/scripts/Crash+(1996).txt,txt,Crash (1996),right_only,,,
,,Crazy Love (was Committed),https://www.dailyscript.com/scripts/crazy_love.html,html,Crazy Love (was Committed),right_only,,,
,,Crazylove (was Committed),https://www.dailyscript.com/scripts/Committed.pdf,pdf,Crazylove (was Committed),right_only,,,
,,Cross of Iron,https://www.dailyscript.com/scripts/Cross-of-Iron-script.pdf,pdf,Cross Of Iron,right_only,,,
,,Crow 3: Resurrection,https://www.dailyscript.com/scripts/TheCrow3_unproduced.txt,txt,Crow 3 Resurrection,right_only,,,
,,Curse of the Cat People,https://www.dailyscript.com/scripts/cursecat.htm,htm,Curse Of The Cat People,right_only,,,
,,Dark Angel - Pilot,https://www.dailyscript.com/scripts/DarkAngel.txt,txt,Dark Angel Pilot,right_only,,,
,,Dark City�,https://www.dailyscript.com/scripts/dark-city_early-rewrite.html,html,Dark City�,right_only,,,
,,Deliverance,https://www.dailyscript.com/scripts/deliverance.pdf,pdf,Deliverance,right_only,,,
,,Demolition Man,https://www.dailyscript.com/scripts/demolition-man_lenkov.html,html,Demolition Man,right_only,,,
,,Doctor Zhivago,https://www.dailyscript.com/scripts/drzhivago.pdf,pdf,Doctor Zhivago,right_only,,,
,,Domino,https://www.dailyscript.com/scripts/domino.html,html,Domino,right_only,,,
,,Doom,https://www.dailyscript.com/scripts/Doom.pdf,pdf,Doom,right_only,,,
,,Downsizing,https://www.dailyscript.com/scripts/downsizing.pdf,pdf,Downsizing,right_only,,,
,,Dragon Slayer,https://www.dailyscript.com/scripts/Dragonslayer.txt,txt,Dragon Slayer,right_only,,,
,,Duchess,https://www.dailyscript.com/scripts/Final_Duchess_with_Cover.pdf,pdf,Duchess,right_only,,,
,,Dunkirk,https://www.dailyscript.com/scripts/Dunkirk.pdf,pdf,Dunkirk,right_only,,,
,,Eight Legged Freaks (Originally Titled Arac Attack),https://www.dailyscript.com/scripts/arac_attack.pdf,pdf,Eight Legged Freaks (originally Titled Arac Attack),right_only,,,
,,Eight Millimeter,https://www.dailyscript.com/scripts/eight-millimeter.html,html,Eight Millimeter,right_only,,,
,,Eight Scenes from the life of Hank Williams,https://www.dailyscript.com/scripts/Eight%20Scenes%20From%20The%20Life%20Of%20Hank%20Williams%20(Unproduced).txt,txt,Eight Scenes From The Life Of Hank Williams,right_only,,,
,,El Cantante,https://www.dailyscript.com/scripts/El-Cantante-script.pdf,pdf,El Cantante,right_only,,,
,,El Laberinto del Fauno,https://www.dailyscript.com/scripts/PansLabyrinthEnglishScreenplay.pdf,pdf,El Laberinto Del Fauno,right_only,,,
,,Elf,https://www.dailyscript.com/scripts/elf.html,html,Elf,right_only,,,
,,Elizabethtown,https://www.dailyscript.com/scripts/Elizabethtown.pdf,pdf,Elizabethtown,right_only,,,
,,Elle,https://www.dailyscript.com/scripts/elle_screenplay.pdf,pdf,Elle,right_only,,,
,,Empire of the Sun,https://www.dailyscript.com/scripts/EmpireoftheSun.pdf,pdf,Empire Of The Sun,right_only,,,
,,Equity,https://www.dailyscript.com/scripts/equity_screenplay.pdf,pdf,Equity,right_only,,,
,,Erin Brockovich ,https://www.dailyscript.com/scripts/Erin+Brockovich.txt,txt,Erin Brockovich ,right_only,,,
,,Face/Off,https://www.dailyscript.com/scripts/faceoff_early.html,html,Face/off,right_only,,,
,,Fallen,https://www.dailyscript.com/scripts/Fallen.pdf,pdf,Fallen,right_only,,,
,,Far From The Maddening Crowd,https://www.dailyscript.com/scripts/Far-From-The-Maddening-Crowd.pdf,pdf,Far From The Maddening Crowd,right_only,,,
,,Feast - early draft,https://www.dailyscript.com/scripts/Feast%20-%20Early%20Draft.txt,txt,Feast Early Draft,right_only,,,
,,Feast - revised draft,https://www.dailyscript.com/scripts/Feast%20-%20Revised%20Draft.txt,txt,Feast Revised Draft,right_only,,,
,,Fences,https://www.dailyscript.com/scripts/fences.pdf,pdf,Fences,right_only,,,
,,Fifty Violins (filmed as Music of the Heart),https://www.dailyscript.com/scripts/Music%20Of%20The%20Heart.txt,txt,Fifty Violins (filmed As Music Of The Heart),right_only,,,
,,Final Analysis,https://www.dailyscript.com/scripts/finalanalysis.pdf,pdf,Final Analysis,right_only,,,
,,First Man (written as Armstrong),https://www.dailyscript.com/scripts/first-man-2018.pdf,pdf,First Man (written As Armstrong),right_only,,,
,,Five Feet and Rising,https://www.dailyscript.com/scripts/fivefeetandrising.html,html,Five Feet And Rising,right_only,,,
,,Flight Plan,https://www.dailyscript.com/scripts/flightplan.html,html,Flight Plan,right_only,,,
,,Forbidden Planet,https://www.dailyscript.com/scripts/Forbidden-Planet.pdf,pdf,Forbidden Planet,right_only,,,
,,Ford Fairlane (The Adventures of Ford Fairlane),https://www.dailyscript.com/scripts/ford-fairlane_early.html,html,Ford Fairlane (the Adventures Of Ford Fairlane),right_only,,,
,,Foundation,https://www.dailyscript.com/scripts/FOUNDATION_Vintar_%202004.pdf,pdf,Foundation,right_only,,,
,,Frankenstein (1994),https://www.dailyscript.com/scripts/Frankenstein+(1994).txt,txt,Frankenstein (1994),right_only,,,
,,Freddy's Dead: The Final Nightmare,https://www.dailyscript.com/scripts/nightmare_on_elm_street_6.html,html,Freddys Dead The Final Nightmare,right_only,,,
,,Friday the 13th Part 10: Jason X,https://www.dailyscript.com/scripts/Jason_X_early.html,html,Friday The 13th Part 10 Jason X,right_only,,,
,,Friday The 13th Part 8: Jason Takes Manhatten,https://www.dailyscript.com/scripts/friday_13_8.html,html,Friday The 13th Part 8 Jason Takes Manhatten,right_only,,,
,,From Russia With Love,https://www.dailyscript.com/scripts/FROM.doc,doc,From Russia With Love,right_only,,,
,,Frost/Nixon,https://www.dailyscript.com/scripts/Frost_Nixon_screenplay.pdf,pdf,Frost/nixon,right_only,,,
,,FTKMF (First They Killed My Father_,https://www.dailyscript.com/scripts/FTKMF.pdf,pdf,Ftkmf (first They Killed My Father ,right_only,,,
,,Fun With Dick and Jane Part 1,https://www.dailyscript.com/scripts/Fun-with-Dick-and-Jane_part1.pdf,pdf,Fun With Dick And Jane Part 1,right_only,,,
,,Fun With Dick and Jane Part 2,https://www.dailyscript.com/scripts/Fun-with-Dick-and-Jane_part2.pdf,pdf,Fun With Dick And Jane Part 2,right_only,,,
,,Gateway,https://www.dailyscript.com/scripts/Gateway_Vintar_%202006.pdf,pdf,Gateway,right_only,,,
,,Get Him To The Greek,https://www.dailyscript.com/scripts/GetHimToTheGreek.pdf,pdf,Get Him To The Greek,right_only,,,
,,Get Rich or Die Trying (aka Untitled 50 Cent Project),https://www.dailyscript.com/scripts/Untitled_50_Cent_project_by_Terrence_Winter.pdf,pdf,Get Rich Or Die Trying (aka Untitled 50 Cent Project),right_only,,,
,,Giant,https://www.dailyscript.com/scripts/giant.pdf,pdf,Giant,right_only,,,
,,Glengarry Glen Ross,https://www.dailyscript.com/scripts/glengarry.html,html,Glengarry Glen Ross,right_only,,,
,,Glory Road,https://www.dailyscript.com/scripts/Glory_Road(2).pdf,pdf,Glory Road,right_only,,,
,,Gold,https://www.dailyscript.com/scripts/GOLD_Script_wCover_R1.pdf,pdf,Gold,right_only,,,
,,Goldeneye,https://www.dailyscript.com/scripts/Goldeneye.pdf,pdf,Goldeneye,right_only,,,
,,Goldfinger,https://www.dailyscript.com/scripts/GOLDFINGER.doc,doc,Goldfinger,right_only,,,
,,Gone Girl,https://www.dailyscript.com/scripts/GoneGirl_Final_Shooting_Script.pdf,pdf,Gone Girl,right_only,,,
,,Gone in Sixty Seconds,https://www.dailyscript.com/scripts/gone_in_60_seconds.html,html,Gone In Sixty Seconds,right_only,,,
,,Gone With The Wind,https://www.dailyscript.com/scripts/Gone_With_the_Wind.pdf,pdf,Gone With The Wind,right_only,,,
,,Good Luck Chuck,https://www.dailyscript.com/scripts/Good-Luck-Chuck.pdf,pdf,Good Luck Chuck,right_only,,,
,,"Good Night, and Good Luck",https://www.dailyscript.com/scripts/Good_Night_and_Good_Luck.pdf,pdf,Good Night And Good Luck,right_only,,,
,,Goodfellas ,https://www.dailyscript.com/scripts/goodfellas.html,html,Goodfellas ,right_only,,,
,,Grosse Pointe Blank,https://www.dailyscript.com/scripts/Grosse%20Pointe%20Blank.txt,txt,Grosse Pointe Blank,right_only,,,
,,Halloween 6: The Curse of Michael Myers (HALLOWEEN 666: THE ORIGIN OF MICHAEL MYERS),https://www.dailyscript.com/scripts/Halloween_6_The_Curse_of_Michael_Myers.html,html,Halloween 6 The Curse Of Michael Myers (halloween 666 The Origin Of Michael Myers),right_only,,,
,,Halloween: Resurrection,https://www.dailyscript.com/scripts/Halloween8_shooting.pdf,pdf,Halloween Resurrection,right_only,,,
,,Hanssen (filmed as Breach),https://www.dailyscript.com/scripts/Hanssen-pt1.pdf,pdf,Hanssen (filmed As Breach),right_only,,,
,,Happy Campers,https://www.dailyscript.com/scripts/happy-campers_early.html,html,Happy Campers,right_only,,,
,,Happy-Go-Lucky,https://www.dailyscript.com/scripts/HAPPY-GO-LUCKY[3].pdf,pdf,Happy Go Lucky,right_only,,,
,,Hardcore,https://www.dailyscript.com/scripts/Hardcore.txt,txt,Hardcore,right_only,,,
,,Harold and Maude,https://www.dailyscript.com/scripts/Harold-and-Maude.htm,htm,Harold And Maude,right_only,,,
,,Harry Potter And The Order of the Phoenix,https://www.dailyscript.com/scripts/HARRY-POTTER-AND-THE-ORDER-OF-THE-PHOENIX-2007-by-Michael-Goldenberg.pdf,pdf,Harry Potter And The Order Of The Phoenix,right_only,,,
,,Havoc 2: Normal Adolescent Behavior,https://www.dailyscript.com/scripts/NAB-SHOOTING.pdf,pdf,Havoc 2 Normal Adolescent Behavior,right_only,,,
,,Hero,https://www.dailyscript.com/scripts/hero1.html,html,Hero,right_only,,,
,,Heros: Genesis,https://www.dailyscript.com/scripts/Heroes.pdf,pdf,Heros Genesis,right_only,,,
,,Hider In The House,https://www.dailyscript.com/scripts/hider-in-the-house.html,html,Hider In The House,right_only,,,
,,High Noon,https://www.dailyscript.com/scripts/High_Noon-1952-Shooting-script.pdf,pdf,High Noon,right_only,,,
,,Highlander 4,https://www.dailyscript.com/scripts/highlander_4.html,html,Highlander 4,right_only,,,
,,Hitchhiker's Guide to the Galaxy,https://www.dailyscript.com/scripts/hhgg.pdf,pdf,Hitchhikers Guide To The Galaxy,right_only,,,
,,Hitman,https://www.dailyscript.com/scripts/hitman.pdf,pdf,Hitman,right_only,,,
,,Hope and Glory,https://www.dailyscript.com/scripts/hopeandglory.html,html,Hope And Glory,right_only,,,
,,Hope And Glory,https://www.dailyscript.com/scripts/Hope+And+Glory.txt,txt,Hope And Glory,right_only,,,
,,House on Haunted Hill,https://www.dailyscript.com/scripts/house-on-haunted-hill.html,html,House On Haunted Hill,right_only,,,
,,Hustle & Flow,https://www.dailyscript.com/scripts/Hustle&Flow.pdf,pdf,Hustle & Flow,right_only,,,
,,I Am Legend (Omega Man),https://www.dailyscript.com/scripts/i_am_legend_6_26_70.html,html,I Am Legend (omega Man),right_only,,,
,,I Saw The Light,https://www.dailyscript.com/scripts/isawthelight_screenplay.pdf,pdf,I Saw The Light,right_only,,,
,,I Think I Love My Wife,https://www.dailyscript.com/scripts/I-Think-I-Love-My-Wife-script.pdf,pdf,I Think I Love My Wife,right_only,,,
,,I Walked with a Zombie,https://www.dailyscript.com/scripts/i-walked_with_a_zombie.html,html,I Walked With A Zombie,right_only,,,
,,Ides of March,https://www.dailyscript.com/scripts/idesofmarch-screenplay.pdf,pdf,Ides Of March,right_only,,,
,,If Beale Street Could Talk,https://www.dailyscript.com/scripts/Beale.pdf,pdf,If Beale Street Could Talk,right_only,,,
,,Inside Man,https://www.dailyscript.com/scripts/Inside_Man_by_Russel_Gewirtz_Jan_17_2005.pdf,pdf,Inside Man,right_only,,,
,,Inside Out,https://www.dailyscript.com/scripts/inside-out-screenplay.pdf,pdf,Inside Out,right_only,,,
,,Investigation,https://www.dailyscript.com/scripts/Investigation%20(Unproduced).txt,txt,Investigation,right_only,,,
,,Isle of the Dead,https://www.dailyscript.com/scripts/isleofthedead.htm,htm,Isle Of The Dead,right_only,,,
,,Jackie,https://www.dailyscript.com/scripts/Jackie.pdf,pdf,Jackie,right_only,,,
,,Julieta,https://www.dailyscript.com/scripts/julieta_screenplay.pdf,pdf,Julieta,right_only,,,
,,Jurassic Park 2: The Lost World,https://www.dailyscript.com/scripts/jurassic2_thw.html,html,Jurassic Park 2 The Lost World,right_only,,,
,,K-2,https://www.dailyscript.com/scripts/k2.pdf,pdf,K 2,right_only,,,
,,Kate and Leopold,https://www.dailyscript.com/scripts/Kate%20And%20Leopold.txt,txt,Kate And Leopold,right_only,,,
,,King Kong (Kong),https://www.dailyscript.com/scripts/kong1933.html,html,King Kong (kong),right_only,,,
,,"Kiss, Kiss, Bang, Bang (You'll Never Die In This Town Again)",https://www.dailyscript.com/scripts/Kiss_Kiss_Bang_Bang.pdf,pdf,Kiss Kiss Bang Bang (youll Never Die In This Town Again),right_only,,,
,,Kong (King Kong),https://www.dailyscript.com/scripts/kong1933.html,html,Kong (king Kong),right_only,,,
,,Lady Bird,https://www.dailyscript.com/scripts/LADY_BIRD_shooting_script.pdf,pdf,Lady Bird,right_only,,,
,,Land of Mine,https://www.dailyscript.com/scripts/landofmine_screenplay.pdf,pdf,Land Of Mine,right_only,,,
,,Last Flag Flying,https://www.dailyscript.com/scripts/LFGF_Revised-White-Shooting-Script_10.30.164.pdf,pdf,Last Flag Flying,right_only,,,
,,Last Of The Mohicans,https://www.dailyscript.com/scripts/last-of-the-mohicans-script.html,html,Last Of The Mohicans,right_only,,,
,,Lawrence of Arabia,https://www.dailyscript.com/scripts/Lawerence_of_Arabia.pdf,pdf,Lawrence Of Arabia,right_only,,,
,,Le Grand bleu,https://www.dailyscript.com/scripts/thebigblue.html,html,Le Grand Bleu,right_only,,,
,,Legionnaire,https://www.dailyscript.com/scripts/Legionnaire.txt,txt,Legionnaire,right_only,,,
,,Lethal Weapon II,https://www.dailyscript.com/scripts/Lethal%20Weapon_2.pdf,pdf,Lethal Weapon 2,right_only,,,
,,Letters from Iwo Jima,https://www.dailyscript.com/scripts/Letters_From_Iwo_Jima_2006.pdf,pdf,Letters From Iwo Jima,right_only,,,
,,Letters To Juliet,https://www.dailyscript.com/scripts/LetterstoJuliet.pdf,pdf,Letters To Juliet,right_only,,,
,,Liberty Street (filmed as Life on Liberty Street),https://www.dailyscript.com/scripts/Libery+St.+[star+Ethan+Embry].pdf,pdf,Liberty Street (filmed As Life On Liberty Street),right_only,,,
,,License to Drive,https://www.dailyscript.com/scripts/license_to_drive.pdf,pdf,License To Drive,right_only,,,
,,Life on Liberty Street (was Liberty Street),https://www.dailyscript.com/scripts/Libery+St.+[star+Ethan+Embry].pdf,pdf,Life On Liberty Street (was Liberty Street),right_only,,,
,,Lion,https://www.dailyscript.com/scripts/LION_Script_wCover_R31.pdf,pdf,Lion,right_only,,,
,,Little Athens ,https://www.dailyscript.com/scripts/Little+Athens.pdf,pdf,Little Athens ,right_only,,,
,,Little Black Book,https://www.dailyscript.com/scripts/Little_Black_Book.pdf,pdf,Little Black Book,right_only,,,
,,Little Children,https://www.dailyscript.com/scripts/Little_Children-script.pdf,pdf,Little Children,right_only,,,
,,Little Miss Sunshine,https://www.dailyscript.com/scripts/LITTLE_MISS_SUNSHINE.pdf,pdf,Little Miss Sunshine,right_only,,,
,,Locke,https://www.dailyscript.com/scripts/Locke+(1).pdf,pdf,Locke,right_only,,,
,,Long Kiss Goodnight,"https://www.dailyscript.com/scripts/Long%20Kiss%20Goodnight,%20The.txt",txt,Long Kiss Goodnight,right_only,,,
,,Looking For The Man,https://www.dailyscript.com/scripts/Looking%20For%20The%20Man%20(Unproduced).txt,txt,Looking For The Man,right_only,,,
,,Love Actually,https://www.dailyscript.com/scripts/LoveActually.pdf,pdf,Love Actually,right_only,,,
,,Love and Friendship,https://www.dailyscript.com/scripts/Love_and_Friendship_ScriptDownload.pdf,pdf,Love And Friendship,right_only,,,
,,M*A*S*H,https://www.dailyscript.com/scripts/MASH.txt,txt,M*a*s*h,right_only,,,
,,MacBeth,https://www.dailyscript.com/scripts/MACBETH_SCRIPT_wCover_R31.pdf,pdf,Macbeth,right_only,,,
,,MacGruber,https://www.dailyscript.com/scripts/MacGruber.pdf,pdf,Macgruber,right_only,,,
,,Made For Each Other,https://www.dailyscript.com/scripts/Made%20For%20Each%20Other%20(1939).txt,txt,Made For Each Other,right_only,,,
,,Maersk Alabama (filmed as Captain Phillips),https://www.dailyscript.com/scripts/CAPTAIN%20PHILLIPS%20(aka%20MAERSK%20ALABAMA)%20by%20Billy%20Ray%20(2010.12.09)%20(Digital).pdf,pdf,Maersk Alabama (filmed As Captain Phillips),right_only,,,
,,Maggie's Plan,https://www.dailyscript.com/scripts/maggiesplan_screenplay.pdf,pdf,Maggies Plan,right_only,,,
,,Man Plus,https://www.dailyscript.com/scripts/Man_Plus_Vintar_1996.pdf,pdf,Man Plus,right_only,,,
,,Mandingo,https://www.dailyscript.com/scripts/mandingo1.pdf,pdf,Mandingo,right_only,,,
,,Manhunter (Red Dragon),https://www.dailyscript.com/scripts/manhunter.html,html,Manhunter (red Dragon),right_only,,,
,,Maria Full of Grace ,https://www.dailyscript.com/scripts/MariaFullGrace.pdf,pdf,Maria Full Of Grace ,right_only,,,
,,Maverick,https://www.dailyscript.com/scripts/Maverick.PDF,pdf,Maverick,right_only,,,
,,Max Payne ,https://www.dailyscript.com/scripts/maxpayne.pdf,pdf,Max Payne ,right_only,,,
,,Me and Earl and the Dying Girl,https://www.dailyscript.com/scripts/Me-And-Earl-And-The-Dying-Girl.pdf,pdf,Me And Earl And The Dying Girl,right_only,,,
,,Mean Girls,https://www.dailyscript.com/scripts/mean_girls.pdf,pdf,Mean Girls,right_only,,,
,,Mean Streets (Season of the Witch),https://www.dailyscript.com/scripts/meanstreet.html,html,Mean Streets (season Of The Witch),right_only,,,
,,Memphis Belle,https://www.dailyscript.com/scripts/Memphis_Belle.pdf,pdf,Memphis Belle,right_only,,,
,,Midnight Run,https://www.dailyscript.com/scripts/Midnight%20Run.txt,txt,Midnight Run,right_only,,,
,,Mighty Morphin Power Rangers,https://www.dailyscript.com/scripts/MightyMorphinPowerRangers.txt,txt,Mighty Morphin Power Rangers,right_only,,,
,,Miles Ahead,https://www.dailyscript.com/scripts/milesahead_screenplay.pdf,pdf,Miles Ahead,right_only,,,
,,Mississippi Grind,https://www.dailyscript.com/scripts/mg_script.pdf,pdf,Mississippi Grind,right_only,,,
,,Mistress America,https://www.dailyscript.com/scripts/Mistress-America.pdf,pdf,Mistress America,right_only,,,
,,Mobsters,https://www.dailyscript.com/scripts/Mobsters.txt,txt,Mobsters,right_only,,,
,,Moonlight,https://www.dailyscript.com/scripts/MOONLIGHT.pdf,pdf,Moonlight,right_only,,,
,,mother!,https://www.dailyscript.com/scripts/mother.pdf,pdf,Mother,right_only,,,
,,Mr. Smith Goes To Washington,https://www.dailyscript.com/scripts/Mr%20Smith%20Goes%20To%20Washington.txt,txt,Mr Smith Goes To Washington,right_only,,,
,,Mr. Smith Goes to Washington,https://www.dailyscript.com/scripts/MrSmithGoesToWashington.txt,txt,Mr Smith Goes To Washington,right_only,,,
,,Munich,https://www.dailyscript.com/scripts/munich.pdf,pdf,Munich,right_only,,,
,,Music of the Heart (Fifty Violins),https://www.dailyscript.com/scripts/Music%20Of%20The%20Heart.txt,txt,Music Of The Heart (fifty Violins),right_only,,,
,,Naked City,"https://www.dailyscript.com/scripts/Naked%20City,%20The.txt",txt,Naked City,right_only,,,
,,Near Dark,https://www.dailyscript.com/scripts/NearDark.pdf,pdf,Near Dark,right_only,,,
,,New Nightmare,https://www.dailyscript.com/scripts/WesCravensNewNightmare.txt,txt,New Nightmare,right_only,,,
,,Nightcrawler,https://www.dailyscript.com/scripts/NIGHTCRAWLER-Dan-Gilroy.pdf,pdf,Nightcrawler,right_only,,,
,,Nightmare on Elm Street 4: Dream Master,https://www.dailyscript.com/scripts/A-Nightmare-on-Elm-Street-4.txt,txt,Nightmare On Elm Street 4 Dream Master,right_only,,,
,,Nightmare on Elm Street 5: Dream Child,https://www.dailyscript.com/scripts/A-Nightmare-on-Elm-Street-5.txt,txt,Nightmare On Elm Street 5 Dream Child,right_only,,,
,,Nightmare on Elm Street 6: Freddy's Dead: The Final Nightmare,https://www.dailyscript.com/scripts/nightmare_on_elm_street_6.html,html,Nightmare On Elm Street 6 Freddys Dead The Final Nightmare,right_only,,,
,,Nightmare on Elm Street 7: Wes Craven's New Nightmare,https://www.dailyscript.com/scripts/WesCravensNewNightmare.txt,txt,Nightmare On Elm Street 7 Wes Cravens New Nightmare,right_only,,,
,,Nixon,https://www.dailyscript.com/scripts/Nixon.txt,txt,Nixon,right_only,,,
,,No Country For Old Men (Shooting),https://www.dailyscript.com/scripts/No%20Country%20For%20Old%20Men%20(Shooting).txt,txt,No Country For Old Men (shooting),right_only,,,
,,Noah,https://www.dailyscript.com/scripts/Noah.pdf,pdf,Noah,right_only,,,
,,Normal Adolescent Behavior,https://www.dailyscript.com/scripts/NAB-SHOOTING.pdf,pdf,Normal Adolescent Behavior,right_only,,,
,,North By Northwest,https://www.dailyscript.com/scripts/NorthByNorthwest.pdf,pdf,North By Northwest,right_only,,,
,,Okja,https://www.dailyscript.com/scripts/OKJA.pdf,pdf,Okja,right_only,,,
,,On The Waterfront,https://www.dailyscript.com/scripts/onthewaterfront.html,html,On The Waterfront,right_only,,,
,,Once Upon A Time In America,https://www.dailyscript.com/scripts/Once_Upon_A_Time_In_America.pdf,pdf,Once Upon A Time In America,right_only,,,
,,One Eight Seven,https://www.dailyscript.com/scripts/187.pdf,pdf,One Eight Seven,right_only,,,
,,One Saliva Bubble,https://www.dailyscript.com/scripts/One+Saliva+Bubble+(Unproduced).txt,txt,One Saliva Bubble,right_only,,,
,,Only Angels Have Wings,https://www.dailyscript.com/scripts/only_angels_have_wings.pdf,pdf,Only Angels Have Wings,right_only,,,
,,Out of Africa,https://www.dailyscript.com/scripts/Out_of_Africa_by_Kurt_Luedtke.pdf,pdf,Out Of Africa,right_only,,,
,,Out Of Time,https://www.dailyscript.com/scripts/Out-Of-Time.pdf,pdf,Out Of Time,right_only,,,
,,Pacific Rim,https://www.dailyscript.com/scripts/Pacific%20Rim%20[undated]%20[Digital].pdf,pdf,Pacific Rim,right_only,,,
,,Pan's Labyrinth,https://www.dailyscript.com/scripts/PansLabyrinthEnglishScreenplay.pdf,pdf,Pans Labyrinth,right_only,,,
,,Panther,https://www.dailyscript.com/scripts/Panther.txt,txt,Panther,right_only,,,
,,Paper Moon,https://www.dailyscript.com/scripts/papermoon.pdf,pdf,Paper Moon,right_only,,,
,,Planet of the Apes,https://www.dailyscript.com/scripts/POTA_67.html,html,Planet Of The Apes,right_only,,,
,,"Planet of the Apes, 2001",https://www.dailyscript.com/scripts/POA_new.html,html,Planet Of The Apes 2001,right_only,,,
,,Playback,https://www.dailyscript.com/scripts/playback.html,html,Playback,right_only,,,
,,Poltergeist,https://www.dailyscript.com/scripts/Poltergeist.pdf,pdf,Poltergeist,right_only,,,
,,Popeye,https://www.dailyscript.com/scripts/Popeye.pdf,pdf,Popeye,right_only,,,
,,Portrait of Jennie,https://www.dailyscript.com/scripts/Portrait%20Of%20Jennie%20(1948).txt,txt,Portrait Of Jennie,right_only,,,
,,Possession,https://www.dailyscript.com/scripts/Possession1.pdf,pdf,Possession,right_only,,,
,,Pray For Dawn,https://www.dailyscript.com/scripts/Pray%20For%20Dawn-1.pdf,pdf,Pray For Dawn,right_only,,,
,,Prisoners,https://www.dailyscript.com/scripts/Prisoners.pdf,pdf,Prisoners,right_only,,,
,,Quebecois!,https://www.dailyscript.com/scripts/Quebecois.pdf,pdf,Quebecois,right_only,,,
,,Quills,https://www.dailyscript.com/scripts/Quills.txt,txt,Quills,right_only,,,
,,Rabid,https://www.dailyscript.com/scripts/Rabid%20(1977).txt,txt,Rabid,right_only,,,
,,Raiders Of The Lost Ark: Indiana Jones,https://www.dailyscript.com/scripts/Raiders%20Of%20The%20Lost%20Ark.txt,txt,Raiders Of The Lost Ark Indiana Jones,right_only,,,
,,Rails & Ties,https://www.dailyscript.com/scripts/rails-and-ties.pdf,pdf,Rails & Ties,right_only,,,
,,Rambo: First Blood Part II,https://www.dailyscript.com/scripts/rambo_first_blood_2.html,html,Rambo First Blood Part 2,right_only,,,
,,Remember,https://www.dailyscript.com/scripts/RememberScript.pdf,pdf,Remember,right_only,,,
,,Resident Evil - Romero - Unproduced,https://www.dailyscript.com/scripts/resident_evil_romero.html,html,Resident Evil Romero Unproduced,right_only,,,
,,Return to Me,https://www.dailyscript.com/scripts/return_to_me.html,html,Return To Me,right_only,,,
,,Ride the High Country,https://www.dailyscript.com/scripts/Ride%20The%20High%20Country.txt,txt,Ride The High Country,right_only,,,
,,"Robin Hood, The Prince of Thieves",https://www.dailyscript.com/scripts/prince_of_thieves.pdf,pdf,Robin Hood The Prince Of Thieves,right_only,,,
,,Rock & Rule,https://www.dailyscript.com/scripts/Rock-and-Rule.pdf,pdf,Rock & Rule,right_only,,,
,,Rocky Balboa (Rocky (Puncher's Chance)),https://www.dailyscript.com/scripts/ROCKY.pdf,pdf,Rocky Balboa (rocky (punchers Chance)),right_only,,,
,,Room With A View,https://www.dailyscript.com/scripts/A_Room_With_A_View.pdf,pdf,Room With A View,right_only,,,
,,Rough Diamonds (filmed as Wild Things: Diamonds in the Rough),https://www.dailyscript.com/scripts/Rough+Diamonds.pdf,pdf,Rough Diamonds (filmed As Wild Things Diamonds In The Rough),right_only,,,
,,Saboteur,https://www.dailyscript.com/scripts/saboteur.pdf,pdf,Saboteur,right_only,,,
,,Season of the Witch (Mean Streets),https://www.dailyscript.com/scripts/meanstreet.html,html,Season Of The Witch (mean Streets),right_only,,,
,,Second Act,https://www.dailyscript.com/scripts/Second_Act.pdf,pdf,Second Act,right_only,,,
,,Secret Window,https://www.dailyscript.com/scripts/SecretWindow.pdf,pdf,Secret Window,right_only,,,
,,Seven,https://www.dailyscript.com/scripts/seven_early.html,html,Seven,right_only,,,
,,"Sex, Lies and Videotapes",https://www.dailyscript.com/scripts/sex_lies_and_video_tapes.html,html,Sex Lies And Videotapes,right_only,,,
,,Sgt. Rock,https://www.dailyscript.com/scripts/sgt-rock_peoples.html,html,Sgt Rock,right_only,,,
,,Silence,https://www.dailyscript.com/scripts/silence.pdf,pdf,Silence,right_only,,,
,,Silverado,https://www.dailyscript.com/scripts/Silverado.txt,txt,Silverado,right_only,,,
,,Sing Street,https://www.dailyscript.com/scripts/SING_STREET_Script_wCover_R1.pdf,pdf,Sing Street,right_only,,,
,,Singin' in the Rain,https://www.dailyscript.com/scripts/Singing-In-The-Rain.pdf,pdf,Singin In The Rain,right_only,,,
,,Slash,https://www.dailyscript.com/scripts/Slash.pdf,pdf,Slash,right_only,,,
,,Slow West,https://www.dailyscript.com/scripts/SlowWestScript.pdf,pdf,Slow West,right_only,,,
,,Smokey and the Bandit,https://www.dailyscript.com/scripts/Smokey%20And%20The%20Bandit.txt,txt,Smokey And The Bandit,right_only,,,
,,Some Like It Hot,https://www.dailyscript.com/scripts/Some+Like+It+Hot.txt,txt,Some Like It Hot,right_only,,,
,,"Something Borrowed (filmed as ""The Wedding Date"")",https://www.dailyscript.com/scripts/somethingborrowed.html,html,"Something Borrowed (filmed As ""the Wedding Date"")",right_only,,,
,,Somewhere,https://www.dailyscript.com/scripts/somewhere_screenplay.pdf,pdf,Somewhere,right_only,,,
,,Somewhere In Time (Bid Time Return),https://www.dailyscript.com/scripts/somewhereintime.pdf,pdf,Somewhere In Time (bid Time Return),right_only,,,
,,"Sorry, Right Number",https://www.dailyscript.com/scripts/Sorry-RightNumber.doc,doc,Sorry Right Number,right_only,,,
,,"South Park: Bigger, Longer, Uncut",https://www.dailyscript.com/scripts/south-park.html,html,South Park Bigger Longer Uncut,right_only,,,
,,Space Cowboys,https://www.dailyscript.com/scripts/Space_Cowboys.pdf,pdf,Space Cowboys,right_only,,,
,,St. Vincent (de Van Nuys),https://www.dailyscript.com/scripts/ScreenplayStVincent.pdf,pdf,St Vincent (de Van Nuys),right_only,,,
,,Stagecoach,https://www.dailyscript.com/scripts/Stagecoach%20(1939).txt,txt,Stagecoach,right_only,,,
,,Stalag 17,https://www.dailyscript.com/scripts/Stalag%2017.txt,txt,Stalag 17,right_only,,,
,,Star Trek 01: The Motion Picture,https://www.dailyscript.com/scripts/startrek01.html,html,Star Trek 01 The Motion Picture,right_only,,,
,,Star Trek 02: The Wrath Of Khan,https://www.dailyscript.com/scripts/startrek02.html,html,Star Trek 02 The Wrath Of Khan,right_only,,,
,,Star Trek 07: Generations,https://www.dailyscript.com/scripts/startrek07.html,html,Star Trek 07 Generations,right_only,,,
,,Star Trek 08: First Contact,https://www.dailyscript.com/scripts/startrek08.html,html,Star Trek 08 First Contact,right_only,,,
,,Star Trek 10: Nemesis,https://www.dailyscript.com/scripts/startrek10.html,html,Star Trek 10 Nemesis,right_only,,,
,,Station,https://www.dailyscript.com/scripts/Station_Vintar_%202010.pdf,pdf,Station,right_only,,,
,,Stolen Summer,https://www.dailyscript.com/scripts/Stolen%20Summer.txt,txt,Stolen Summer,right_only,,,
,,Stone My Heart,https://www.dailyscript.com/scripts/Stone%20My%20Heart%20(Unproduced).txt,txt,Stone My Heart,right_only,,,
,,Stranger Than Fiction,https://www.dailyscript.com/scripts/Stranger-Than-Fiction.pdf,pdf,Stranger Than Fiction,right_only,,,
,,Stuart Little 2,https://www.dailyscript.com/scripts/stuart_little_2.pdf,pdf,Stuart Little 2,right_only,,,
,,Sully,https://www.dailyscript.com/scripts/sully_full_blue.pdf,pdf,Sully,right_only,,,
,,Summer of 84,https://www.dailyscript.com/scripts/SUMMER-OF-84.pdf,pdf,Summer Of 84,right_only,,,
,,Superman,https://www.dailyscript.com/scripts/Superman(JJAbrams).pdf,pdf,Superman,right_only,,,
,,S.W.A.T.,https://www.dailyscript.com/scripts/s.w.a.t.pdf,pdf,Swat,right_only,,,
,,Sweet November,https://www.dailyscript.com/scripts/sweet_november.pdf,pdf,Sweet November,right_only,,,
,,Tarzan's Secret Treasure,https://www.dailyscript.com/scripts/tarzan_s_secret_treasure.pdf,pdf,Tarzans Secret Treasure,right_only,,,
,,Tender Mercies,https://www.dailyscript.com/scripts/TenderMercies.pdf,pdf,Tender Mercies,right_only,,,
,,The 5th Element,https://www.dailyscript.com/scripts/thefifthelement.html,html,The 5th Element,right_only,,,
,,The 9th Gate,https://www.dailyscript.com/scripts/theninthgate.html,html,The 9th Gate,right_only,,,
,,The Adventures of Ford Fairlane (Ford Fairlane ),https://www.dailyscript.com/scripts/ford-fairlane_early.html,html,The Adventures Of Ford Fairlane (ford Fairlane ),right_only,,,
,,The African Queen,"https://www.dailyscript.com/scripts/African%20Queen,%20The%20(1951).txt",txt,The African Queen,right_only,,,
,,The Big Easy,https://www.dailyscript.com/scripts/bigeasy.pdf,pdf,The Big Easy,right_only,,,
,,The Big Sleep,https://www.dailyscript.com/scripts/Big_Sleep.pdf,pdf,The Big Sleep,right_only,,,
,,The Bijou,https://www.dailyscript.com/scripts/TheBijou.html,html,The Bijou,right_only,,,
,,The Body Snatcher,https://www.dailyscript.com/scripts/TheBodySnatcher.htm,htm,The Body Snatcher,right_only,,,
,,The Bodyguard,https://www.dailyscript.com/scripts/The_Body_Guard.pdf,pdf,The Bodyguard,right_only,,,
,,The Boy Next Door,https://www.dailyscript.com/scripts/TheBoyNextDoor.pdf,pdf,The Boy Next Door,right_only,,,
,,The Bucket List,https://www.dailyscript.com/scripts/The_Bucket_List_4-16-05.pdf,pdf,The Bucket List,right_only,,,
,,The Butler,"https://www.dailyscript.com/scripts/Butler,_The-Danny+Strong_[03.17.2010].pdf",pdf,The Butler,right_only,,,
,,The Cable Guy,https://www.dailyscript.com/scripts/The-Cable-Guy.txt,txt,The Cable Guy,right_only,,,
,,The Cat People,https://www.dailyscript.com/scripts/catpeople.html,html,The Cat People,right_only,,,
,,"The Chronicles of Narnia: The Lion, the Witch and the Wardrobe (formerly The Hundred Year Winter)",https://www.dailyscript.com/scripts/Chronicles_of_Narnia.pdf,pdf,The Chronicles Of Narnia The Lion The Witch And The Wardrobe (formerly The Hundred Year Winter),right_only,,,
,,The Comedian,https://www.dailyscript.com/scripts/thecomedian_screenplay.pdf,pdf,The Comedian,right_only,,,
,,The Corruptor,https://www.dailyscript.com/scripts/TheCorruptor.txt,txt,The Corruptor,right_only,,,
,,The Crowded Room,https://www.dailyscript.com/scripts/A-Crowded-Room.txt,txt,The Crowded Room,right_only,,,
,,The Crying Game,https://www.dailyscript.com/scripts/cg.html,html,The Crying Game,right_only,,,
,,The Devil's Advocate,https://www.dailyscript.com/scripts/devils_advocate.pdf,pdf,The Devils Advocate,right_only,,,
,,The Disaster Artist,https://www.dailyscript.com/scripts/The_Disaster_Artist_Script.pdf,pdf,The Disaster Artist,right_only,,,
,,The Diving Bell and the Butterfly (Le Scaphandre et le papillon),https://www.dailyscript.com/scripts/The_Diving_Bell_and_the_Butterfly.pdf,pdf,The Diving Bell And The Butterfly (le Scaphandre Et Le Papillon),right_only,,,
,,The Doors of Perception,"https://www.dailyscript.com/scripts/Doors%20Of%20Perception,%20The%20(Unproduced).txt",txt,The Doors Of Perception,right_only,,,
,,The Dragons of Krull,https://www.dailyscript.com/scripts/Krull.html,html,The Dragons Of Krull,right_only,,,
,,The Egyptian,https://www.dailyscript.com/scripts/The_Egyptian.pdf,pdf,The Egyptian,right_only,,,
,,The Electric Horseman,https://www.dailyscript.com/scripts/theelectrichorseman.pdf,pdf,The Electric Horseman,right_only,,,
,,The End of the Tour,https://www.dailyscript.com/scripts/EndOfTourScript.pdf,pdf,The End Of The Tour,right_only,,,
,,The Fact of Murder,https://www.dailyscript.com/scripts/factofmurder.html,html,The Fact Of Murder,right_only,,,
,,The Faculty (a.k.a The Feelers),https://www.dailyscript.com/scripts/The-Faculty.pdf,pdf,The Faculty (aka The Feelers),right_only,,,
,,The Fantastic Four,https://www.dailyscript.com/scripts/fantasticfour.html,html,The Fantastic Four,right_only,,,
,,The Fisher King,https://www.dailyscript.com/scripts/fisher-king_early.html,html,The Fisher King,right_only,,,
,,The Florida Project,https://www.dailyscript.com/scripts/The_Florida_Project_Script.pdf,pdf,The Florida Project,right_only,,,
,,The Founder,https://www.dailyscript.com/scripts/THE-FOUNDER_Script_wCover_Rd12.pdf,pdf,The Founder,right_only,,,
,,The Fugitive ,https://www.dailyscript.com/scripts/fugitive.html,html,The Fugitive ,right_only,,,
,,The Godfather,"https://www.dailyscript.com/scripts/Godfather,%20The.txt",txt,The Godfather,right_only,,,
,,The Godfather Part 2,https://www.dailyscript.com/scripts/godfather2.html,html,The Godfather Part 2,right_only,,,
,,The Goonies,https://www.dailyscript.com/scripts/goonies.pdf,pdf,The Goonies,right_only,,,
,,The Grand Budapest Hotel,https://www.dailyscript.com/scripts/FSP3825_TGBH_SCRIPT_BOOK_C6.pdf,pdf,The Grand Budapest Hotel,right_only,,,
,,The Great Train Robbery,"https://www.dailyscript.com/scripts/Great%20Train%20Robbery,%20The%20(1903).txt",txt,The Great Train Robbery,right_only,,,
,,"The Greatest Muppet Movie of All Time (filmed as ""The Muppets"")",https://www.dailyscript.com/scripts/TheGreatestMuppetMovieofAllTimebyJasonSegelandNicholasStoller10-30-09.pdf,pdf,"The Greatest Muppet Movie Of All Time (filmed As ""the Muppets"")",right_only,,,
,,The Hateful Eight,https://www.dailyscript.com/scripts/H8_SCRIPT_CleanedUp_Final1.pdf,pdf,The Hateful Eight,right_only,,,
,,The Haunting (The Haunting of Hill House),https://www.dailyscript.com/scripts/the-haunting_production.html,html,The Haunting (the Haunting Of Hill House),right_only,,,
,,The Haunting of Hill House (The Haunting),https://www.dailyscript.com/scripts/the-haunting_production.html,html,The Haunting Of Hill House (the Haunting),right_only,,,
,,The Hills Have Eyes (was Blood Relations The Sun Wars),https://www.dailyscript.com/scripts/The-Hills-Have-Eyes.pdf,pdf,The Hills Have Eyes (was Blood Relations The Sun Wars),right_only,,,
,,The Hindenberg,"https://www.dailyscript.com/scripts/Hindenburg,%20The%20(1975)%20[4-22-1974].pdf",pdf,The Hindenberg,right_only,,,
,,The Hitcher,https://www.dailyscript.com/scripts/TheHitcher.pdf,pdf,The Hitcher,right_only,,,
,,The Hollars,https://www.dailyscript.com/scripts/thehollars_screenplay.pdf,pdf,The Hollars,right_only,,,
,,The Horse Wisperer,"https://www.dailyscript.com/scripts/Horse+Whisperer,+The.txt",txt,The Horse Wisperer,right_only,,,
,,The Hulk,https://www.dailyscript.com/scripts/The_Hulk-France.pdf,pdf,The Hulk,right_only,,,
,,"The Hundred Year Winter (filmed as The Chronicles of Narnia: The Lion, the Witch and the Wardrobe)",https://www.dailyscript.com/scripts/Chronicles_of_Narnia.pdf,pdf,The Hundred Year Winter (filmed As The Chronicles Of Narnia The Lion The Witch And The Wardrobe),right_only,,,
,,The Hustler,"https://www.dailyscript.com/scripts/Hustler,+The.txt",txt,The Hustler,right_only,,,
,,The Island of Dr. Moreau,https://www.dailyscript.com/scripts/the_island_of_dr_moreau.pdf,pdf,The Island Of Dr Moreau,right_only,,,
,,The Jackie Robinson Story,"https://www.dailyscript.com/scripts/Jackie%20Robinson%20Story,%20The.txt",txt,The Jackie Robinson Story,right_only,,,
,,The Jolson Story,https://www.dailyscript.com/scripts/JOLSON.doc,doc,The Jolson Story,right_only,,,
,,The Kingdom ,https://www.dailyscript.com/scripts/kingdom.pdf,pdf,The Kingdom ,right_only,,,
,,The Kingdom of Heaven,https://www.dailyscript.com/scripts/The_Kingdom_of_Heaven.pdf,pdf,The Kingdom Of Heaven,right_only,,,
,,The Last Temptation of Christ,"https://www.dailyscript.com/scripts/Last%20Temptation%20Of%20Christ,%20The.txt",txt,The Last Temptation Of Christ,right_only,,,
,,The Leopard Man,https://www.dailyscript.com/scripts/theleopardman.htm,htm,The Leopard Man,right_only,,,
,,The Life and Death of Colonel Blimp,https://www.dailyscript.com/scripts/thelifeanddeathofcolonelblimp.html,html,The Life And Death Of Colonel Blimp,right_only,,,
,,The Lion In Winter,https://www.dailyscript.com/scripts/The_Lion_In_Winter.pdf,pdf,The Lion In Winter,right_only,,,
,,The Long Goodbye,https://www.dailyscript.com/scripts/The%20Long%20Goodbye%20%5BLeigh%20Brackett%5D%20%2803_07_72%29%20%281%29.pdf,pdf,The Long Goodbye,right_only,,,
,,The Lookout,https://www.dailyscript.com/scripts/The-Lookout.pdf,pdf,The Lookout,right_only,,,
,,The Lord of the Rings: The Return of the King,https://www.dailyscript.com/scripts/TLOTR%20-%20The%20Return%20Of%20The%20King.txt,txt,The Lord Of The Rings The Return Of The King,right_only,,,
,,The Lost Boys,https://www.dailyscript.com/scripts/TheLostBoys.htm,htm,The Lost Boys,right_only,,,
,,The Lost City of Z,https://www.dailyscript.com/scripts/2015-10-25-LCOZ-FINAL-FULL-SHOOTING-SCRIPT-WHITE-TO-BUFF.pdf,pdf,The Lost City Of Z,right_only,,,
,,The Lost Weekend,"https://www.dailyscript.com/scripts/Lost%20Weekend,%20The.txt",txt,The Lost Weekend,right_only,,,
,,The Lovely Bones,https://www.dailyscript.com/scripts/The_Lovely_Bones_script.pdf,pdf,The Lovely Bones,right_only,,,
,,The Maltese Falcon,https://www.dailyscript.com/scripts/Maltese_Falcon.pdf,pdf,The Maltese Falcon,right_only,,,
,,The Meddler,https://www.dailyscript.com/scripts/themeddler_screenplay.pdf,pdf,The Meddler,right_only,,,
,,The Meyerowitz Stories (New and Selected),https://www.dailyscript.com/scripts/TMS.PDF,pdf,The Meyerowitz Stories (new And Selected),right_only,,,
,,The Mirror Has Two Faces,https://www.dailyscript.com/scripts/mirrorhastwofaces.pdf,pdf,The Mirror Has Two Faces,right_only,,,
,,The Mummy (1999),"https://www.dailyscript.com/scripts/Mummy,+The.txt",txt,The Mummy (1999),right_only,,,
,,The Muppets (written as The Greatest Muppet Movie of All Time),https://www.dailyscript.com/scripts/TheGreatestMuppetMovieofAllTimebyJasonSegelandNicholasStoller10-30-09.pdf,pdf,The Muppets (written As The Greatest Muppet Movie Of All Time),right_only,,,
,,The Night of the Hunter,"https://www.dailyscript.com/scripts/Night+Of+The+Hunter,+The.txt",txt,The Night Of The Hunter,right_only,,,
,,The Number 23,https://www.dailyscript.com/scripts/The-Number-23-script.pdf,pdf,The Number 23,right_only,,,
,,The Omen,https://www.dailyscript.com/scripts/Omen.pdf,pdf,The Omen,right_only,,,
,,The Parallax View,https://www.dailyscript.com/scripts/The_Parallax_View_-_Original_Draft.pdf,pdf,The Parallax View,right_only,,,
,,The Perfect Neighbor (was The Perfect Stranger),https://www.dailyscript.com/scripts/The+Perfect+Neighbor+the+password+is+perfection.pdf,pdf,The Perfect Neighbor (was The Perfect Stranger),right_only,,,
,,"The Perfect Stranger (filmed as ""The Perfect Neighbor"")",https://www.dailyscript.com/scripts/The+Perfect+Neighbor+the+password+is+perfection.pdf,pdf,"The Perfect Stranger (filmed As ""the Perfect Neighbor"")",right_only,,,
,,The Ploughman's Lunch,https://www.dailyscript.com/scripts/ploughmans_lunch.html,html,The Ploughmans Lunch,right_only,,,
,,The Post,https://www.dailyscript.com/scripts/the-post-2017.pdf,pdf,The Post,right_only,,,
,,The Private Life of Sherlock Homes,https://www.dailyscript.com/scripts/holmes.pdf,pdf,The Private Life Of Sherlock Homes,right_only,,,
,,The Producers,"https://www.dailyscript.com/scripts/Producers,%20The.txt",txt,The Producers,right_only,,,
,,The Public Eye,"https://www.dailyscript.com/scripts/Public%20Eye,%20The.txt",txt,The Public Eye,right_only,,,
,,The Red Turtle,https://www.dailyscript.com/scripts/theredturtle_screenplay.pdf,pdf,The Red Turtle,right_only,,,
,,The Royal Tenenbaums,https://www.dailyscript.com/scripts/theroyaltenenbaums.pdf,pdf,The Royal Tenenbaums,right_only,,,
,,The Rules of Attraction,https://www.dailyscript.com/scripts/The_Rules_Of_Attraction.pdf,pdf,The Rules Of Attraction,right_only,,,
,,The Seventh Victim,https://www.dailyscript.com/scripts/SeventhVictim.htm,htm,The Seventh Victim,right_only,,,
,,The Silence Of The Lambs,"https://www.dailyscript.com/scripts/Silence%20Of%20The%20Lambs,%20The.txt",txt,The Silence Of The Lambs,right_only,,,
,,The Spectacular Now,https://www.dailyscript.com/scripts/The_Spectacular_Now.pdf,pdf,The Spectacular Now,right_only,,,
,,The Spirit of St. Louis,https://www.dailyscript.com/scripts/spirit_of_st._louis.pdf,pdf,The Spirit Of St Louis,right_only,,,
,,The Stunt Man,https://www.dailyscript.com/scripts/the-stuntman.pdf,pdf,The Stunt Man,right_only,,,
,,The Thin Man,https://www.dailyscript.com/scripts/thethinman.html,html,The Thin Man,right_only,,,
,,The Third Man,https://www.dailyscript.com/scripts/the_third_man.html,html,The Third Man,right_only,,,
,,The Utah Murder Project,https://www.dailyscript.com/scripts/The-Utah-Murder-Project-finaldraft.pdf,pdf,The Utah Murder Project,right_only,,,
,,"The Village (originally ""The Woods"")","https://www.dailyscript.com/scripts/Village,+The.txt",txt,"The Village (originally ""the Woods"")",right_only,,,
,,The Wedding Crashers,https://www.dailyscript.com/scripts/wedding_crashers.pdf,pdf,The Wedding Crashers,right_only,,,
,,"The Wedding Date (was ""Something Borrowed"")",https://www.dailyscript.com/scripts/somethingborrowed.html,html,"The Wedding Date (was ""something Borrowed"")",right_only,,,
,,The Wild One,"https://www.dailyscript.com/scripts/Wild%20One,%20The.txt",txt,The Wild One,right_only,,,
,,The Witches of Eastwick,https://www.dailyscript.com/scripts/The_Witches_of_Eastwick.pdf,pdf,The Witches Of Eastwick,right_only,,,
,,The X-Files Movie,https://www.dailyscript.com/scripts/the-x-files_production.html,html,The X Files Movie,right_only,,,
,,The Year of Living Dangerously,https://www.dailyscript.com/scripts/TheYearofLivingDangerously.pdf,pdf,The Year Of Living Dangerously,right_only,,,
,,The Zero Theorem,https://www.dailyscript.com/scripts/TheZeroTheorem.pdf,pdf,The Zero Theorem,right_only,,,
,,Thief,https://www.dailyscript.com/scripts/thief.pdf,pdf,Thief,right_only,,,
,,Thir13en Ghosts,https://www.dailyscript.com/scripts/thirteen_ghosts.pdf,pdf,Thir13en Ghosts,right_only,,,
,,Thirteen Ghosts,https://www.dailyscript.com/scripts/thirteen_ghosts.pdf,pdf,Thirteen Ghosts,right_only,,,
,,Three Thousand (filmed as Pretty Woman),https://www.dailyscript.com/scripts/Three_Thousand_Sundance.pdf,pdf,Three Thousand (filmed As Pretty Woman),right_only,,,
,,THX 1138,https://www.dailyscript.com/scripts/thx1138.html,html,Thx 1138,right_only,,,
,,To Kill a Mockingbird,https://www.dailyscript.com/scripts/To_Kill_a_Mockingbird.pdf,pdf,To Kill A Mockingbird,right_only,,,
,,Toni Erdmann,https://www.dailyscript.com/scripts/tonierdmann_screenplay.pdf,pdf,Toni Erdmann,right_only,,,
,,Tootsie,https://www.dailyscript.com/scripts/Tootsie.pdf,pdf,Tootsie,right_only,,,
,,Trainwreck,https://www.dailyscript.com/scripts/Trainwreck-Final-Script.pdf,pdf,Trainwreck,right_only,,,
,,True Believer,https://www.dailyscript.com/scripts/True%20Believer.txt,txt,True Believer,right_only,,,
,,True Crime,https://www.dailyscript.com/scripts/true_crime.pdf,pdf,True Crime,right_only,,,
,,Twelve Monkeys,https://www.dailyscript.com/scripts/twelve_monkeys.html,html,Twelve Monkeys,right_only,,,
,,Twin Peaks: Fire Walk With Me,https://www.dailyscript.com/scripts/Twin+Peaks+-+Fire+Walk+With+Me.txt,txt,Twin Peaks Fire Walk With Me,right_only,,,
,,U Turn (Stray Dogs),https://www.dailyscript.com/scripts/u-turn_early.html,html,U Turn (stray Dogs),right_only,,,
,,Unbroken,https://www.dailyscript.com/scripts/screenplay4_512054.pdf,pdf,Unbroken,right_only,,,
,,Untitled 50 Cent Project (filmed as Get Rich Or Die Trying),https://www.dailyscript.com/scripts/Untitled_50_Cent_project_by_Terrence_Winter.pdf,pdf,Untitled 50 Cent Project (filmed As Get Rich Or Die Trying),right_only,,,
,,Untraceable,https://www.dailyscript.com/scripts/untraceable.pdf,pdf,Untraceable,right_only,,,
,,Vantage Point,https://www.dailyscript.com/scripts/Vantage_20Point.pdf,pdf,Vantage Point,right_only,,,
,,Vicky Cristina Barcelona,https://www.dailyscript.com/scripts/vicky-cristina-barcelona-script.pdf,pdf,Vicky Cristina Barcelona,right_only,,,
,,Wes Craven's New Nightmare,https://www.dailyscript.com/scripts/WesCravensNewNightmare.txt,txt,Wes Cravens New Nightmare,right_only,,,
,,What to Expect When You're Expecting,https://www.dailyscript.com/scripts/What_To_Expect_When_You're_Expecting.pdf,pdf,What To Expect When Youre Expecting,right_only,,,
,,While We're Young,https://www.dailyscript.com/scripts/wwy_script.pdf,pdf,While Were Young,right_only,,,
,,Who Framed Roger Rabbit? (Who Shot Roger Rabbit?),https://www.dailyscript.com/scripts/roger-rabbit.html,html,Who Framed Roger Rabbit (who Shot Roger Rabbit),right_only,,,
,,Wild Things: Diamonds in the Rough (was Rough Diamonds),https://www.dailyscript.com/scripts/Rough+Diamonds.pdf,pdf,Wild Things Diamonds In The Rough (was Rough Diamonds),right_only,,,
,,Woman In Gold,https://www.dailyscript.com/scripts/WIG_SCRIPT_wCover_R22.pdf,pdf,Woman In Gold,right_only,,,
,,Wonderstruck,https://www.dailyscript.com/scripts/Wonderstruck-FINAL-SCRIPT.pdf,pdf,Wonderstruck,right_only,,,
,,Wreck It Ralph,https://www.dailyscript.com/scripts/wreck-it-ralph-screenplay.pdf,pdf,Wreck It Ralph,right_only,,,
,,"You'll Never Die In This Town Again (Kiss, Kiss, Bang, Bang)",https://www.dailyscript.com/scripts/Kiss_Kiss_Bang_Bang.pdf,pdf,Youll Never Die In This Town Again (kiss Kiss Bang Bang),right_only,,,
,,Youth,https://www.dailyscript.com/scripts/Youth.pdf,pdf,Youth,right_only,,,
