{"timestamp":"2025-11-18T15:34:51.020714Z","level":"info","event":"DAG bundles loaded: dags-folder","logger":"airflow.dag_processing.bundles.manager.DagBundlesManager","filename":"manager.py","lineno":179}
{"timestamp":"2025-11-18T15:34:51.052684Z","level":"info","event":"Filling up the DagBag from /opt/airflow/dags/ingestion_dag_3.py","logger":"airflow.models.dagbag.DagBag","filename":"dagbag.py","lineno":593}
{"timestamp":"2025-11-18T15:34:52.004861Z","level":"info","event":"_download_pdf - Pdf downloaded from : https://assets.scriptslug.com/live/pdf/scripts/500-days-of-summer-2009.pdf?v=1729114850","logger":"root","filename":"ingestion_dag_3.py","lineno":180}
{"timestamp":"2025-11-18T15:34:52.648261Z","level":"info","event":"_download_pdf - Pdf downloaded from : https://assets.scriptslug.com/live/pdf/scripts/10-things-i-hate-about-you-1999.pdf?v=1729114847","logger":"root","filename":"ingestion_dag_3.py","lineno":180}
{"timestamp":"2025-11-18T15:34:54.642347Z","level":"info","event":"_download_pdf - Pdf downloaded from : https://assets.scriptslug.com/live/pdf/scripts/101-dalmations-1996.pdf?v=1729114847","logger":"root","filename":"ingestion_dag_3.py","lineno":180}
{"timestamp":"2025-11-18T15:34:59.702176Z","level":"info","event":"_download_pdf - Pdf downloaded from : https://assets.scriptslug.com/live/pdf/scripts/12-angry-men-1957.pdf?v=1729114847","logger":"root","filename":"ingestion_dag_3.py","lineno":180}
{"timestamp":"2025-11-18T15:35:00.594407Z","level":"info","event":"_download_pdf - Pdf downloaded from : https://assets.scriptslug.com/live/pdf/scripts/12-strong-2018.pdf?v=1729114847","logger":"root","filename":"ingestion_dag_3.py","lineno":180}
{"timestamp":"2025-11-18T15:35:03.049323Z","level":"info","event":"_download_pdf - Pdf downloaded from : https://assets.scriptslug.com/live/pdf/scripts/12-years-a-slave-2013.pdf?v=1729114848","logger":"root","filename":"ingestion_dag_3.py","lineno":180}
{"timestamp":"2025-11-18T15:35:04.161502Z","level":"info","event":"_download_pdf - Pdf downloaded from : https://assets.scriptslug.com/live/pdf/scripts/127-hours-2010.pdf?v=1729114848","logger":"root","filename":"ingestion_dag_3.py","lineno":180}
{"timestamp":"2025-11-18T15:35:08.632223Z","level":"info","event":"_download_pdf - Pdf downloaded from : https://assets.scriptslug.com/live/pdf/scripts/1408-2007.pdf?v=1729114848","logger":"root","filename":"ingestion_dag_3.py","lineno":180}
{"timestamp":"2025-11-18T15:35:10.974155Z","level":"info","event":"_download_pdf - Pdf downloaded from : https://assets.scriptslug.com/live/pdf/scripts/16-blocks-2006.pdf?v=1729114848","logger":"root","filename":"ingestion_dag_3.py","lineno":180}
{"timestamp":"2025-11-18T15:35:12.242099Z","level":"info","event":"_download_pdf - Pdf downloaded from : https://assets.scriptslug.com/live/pdf/scripts/1917-2019.pdf?v=1729114848","logger":"root","filename":"ingestion_dag_3.py","lineno":180}
{"timestamp":"2025-11-18T15:35:19.183880Z","level":"info","event":"_download_pdf - Pdf downloaded from : https://assets.scriptslug.com/live/pdf/scripts/2-fast-2-furious-2003.pdf?v=1729114848","logger":"root","filename":"ingestion_dag_3.py","lineno":180}
{"timestamp":"2025-11-18T15:35:19.604044Z","level":"info","event":"_download_pdf - Pdf downloaded from : https://assets.scriptslug.com/live/pdf/scripts/2001-a-space-odyssey-1968.pdf?v=1729114848","logger":"root","filename":"ingestion_dag_3.py","lineno":180}
{"timestamp":"2025-11-18T15:35:22.060596Z","level":"info","event":"_download_pdf - Pdf downloaded from : https://assets.scriptslug.com/live/pdf/scripts/2010-the-year-we-make-contact-1984.pdf?v=1729114849","logger":"root","filename":"ingestion_dag_3.py","lineno":180}
{"timestamp":"2025-11-18T15:35:22.943890Z","level":"info","event":"_download_pdf - Pdf downloaded from : https://assets.scriptslug.com/live/pdf/scripts/20th-century-girl-2022.pdf?v=1729114849","logger":"root","filename":"ingestion_dag_3.py","lineno":180}
{"timestamp":"2025-11-18T15:35:23.505936Z","level":"info","event":"_download_pdf - Pdf downloaded from : https://assets.scriptslug.com/live/pdf/scripts/20th-century-women-2016.pdf?v=1729114849","logger":"root","filename":"ingestion_dag_3.py","lineno":180}
{"timestamp":"2025-11-18T15:35:26.119807Z","level":"info","event":"_download_pdf - Pdf downloaded from : https://assets.scriptslug.com/live/pdf/scripts/21-jump-street-2012.pdf?v=1729114849","logger":"root","filename":"ingestion_dag_3.py","lineno":180}
{"timestamp":"2025-11-18T15:35:27.123745Z","level":"info","event":"_download_pdf - Pdf downloaded from : https://assets.scriptslug.com/live/pdf/scripts/2-13-2009.pdf?v=1729114848","logger":"root","filename":"ingestion_dag_3.py","lineno":180}
{"timestamp":"2025-11-18T15:35:28.334416Z","level":"info","event":"_download_pdf - Pdf downloaded from : https://assets.scriptslug.com/live/pdf/scripts/22-july-2018.pdf?v=1729114849","logger":"root","filename":"ingestion_dag_3.py","lineno":180}
{"timestamp":"2025-11-18T15:35:29.019576Z","level":"info","event":"_download_pdf - Pdf downloaded from : https://assets.scriptslug.com/live/pdf/scripts/22-jump-street-2014.pdf?v=1729114849","logger":"root","filename":"ingestion_dag_3.py","lineno":180}
{"timestamp":"2025-11-18T15:35:29.483252Z","level":"info","event":"_download_pdf - Pdf downloaded from : https://assets.scriptslug.com/live/pdf/scripts/28-days-later-2002.pdf?v=1729114849","logger":"root","filename":"ingestion_dag_3.py","lineno":180}
{"timestamp":"2025-11-18T15:35:30.179089Z","level":"info","event":"_download_pdf - Pdf downloaded from : https://assets.scriptslug.com/live/pdf/scripts/28-weeks-later-2007.pdf?v=1729114849","logger":"root","filename":"ingestion_dag_3.py","lineno":180}
{"timestamp":"2025-11-18T15:35:32.657550Z","level":"info","event":"_download_pdf - Pdf downloaded from : https://assets.scriptslug.com/live/pdf/scripts/300-2006.pdf?v=1729114849","logger":"root","filename":"ingestion_dag_3.py","lineno":180}
{"timestamp":"2025-11-18T15:35:33.338462Z","level":"info","event":"_download_pdf - Pdf downloaded from : https://assets.scriptslug.com/live/pdf/scripts/48-hrs-1982.pdf?v=1729114850","logger":"root","filename":"ingestion_dag_3.py","lineno":180}
{"timestamp":"2025-11-18T15:35:34.090646Z","level":"info","event":"_download_pdf - Pdf downloaded from : https://assets.scriptslug.com/live/pdf/scripts/5-to-7-2014.pdf?v=1729114850","logger":"root","filename":"ingestion_dag_3.py","lineno":180}
{"timestamp":"2025-11-18T15:35:34.821625Z","level":"info","event":"_download_pdf - Pdf downloaded from : https://assets.scriptslug.com/live/pdf/scripts/8-bit-christmas-2021.pdf?v=1729114850","logger":"root","filename":"ingestion_dag_3.py","lineno":180}
{"timestamp":"2025-11-18T15:35:38.697293Z","level":"info","event":"_download_pdf - Pdf downloaded from : https://assets.scriptslug.com/live/pdf/scripts/8-mile-2002.pdf?v=1729114850","logger":"root","filename":"ingestion_dag_3.py","lineno":180}
{"timestamp":"2025-11-18T15:35:40.117148Z","level":"info","event":"_download_pdf - Pdf downloaded from : https://assets.scriptslug.com/live/pdf/scripts/8-1-2-1963.pdf?v=1729114850","logger":"root","filename":"ingestion_dag_3.py","lineno":180}
{"timestamp":"2025-11-18T15:35:40.915156Z","level":"info","event":"_download_pdf - Pdf downloaded from : https://assets.scriptslug.com/live/pdf/scripts/a-beautiful-day-in-the-neighborhood-2019.pdf?v=1729114850","logger":"root","filename":"ingestion_dag_3.py","lineno":180}
{"timestamp":"2025-11-18T15:35:43.789187Z","level":"info","event":"_download_pdf - Pdf downloaded from : https://assets.scriptslug.com/live/pdf/scripts/a-beautiful-mind-2001.pdf?v=1729114850","logger":"root","filename":"ingestion_dag_3.py","lineno":180}
{"timestamp":"2025-11-18T15:35:48.188260Z","level":"info","event":"_download_pdf - Pdf downloaded from : https://assets.scriptslug.com/live/pdf/scripts/a-christmas-story-1983.pdf?v=1729114851","logger":"root","filename":"ingestion_dag_3.py","lineno":180}
{"timestamp":"2025-11-18T15:35:48.787792Z","level":"info","event":"_download_pdf - Pdf downloaded from : https://assets.scriptslug.com/live/pdf/scripts/a-clockwork-orange-1971.pdf?v=1729114851","logger":"root","filename":"ingestion_dag_3.py","lineno":180}
{"timestamp":"2025-11-18T15:35:49.750372Z","level":"info","event":"_download_pdf - Pdf downloaded from : https://assets.scriptslug.com/live/pdf/scripts/a-complete-unknown-2024.pdf?v=1738463523","logger":"root","filename":"ingestion_dag_3.py","lineno":180}
{"timestamp":"2025-11-18T15:35:50.391464Z","level":"info","event":"_download_pdf - Pdf downloaded from : https://assets.scriptslug.com/live/pdf/scripts/a-fantastic-woman-2017.pdf?v=1729114851","logger":"root","filename":"ingestion_dag_3.py","lineno":180}
{"timestamp":"2025-11-18T15:35:51.422600Z","level":"info","event":"_download_pdf - Pdf downloaded from : https://assets.scriptslug.com/live/pdf/scripts/a-few-good-men-1992.pdf?v=1729114851","logger":"root","filename":"ingestion_dag_3.py","lineno":180}
{"timestamp":"2025-11-18T15:35:51.949869Z","level":"info","event":"_download_pdf - Pdf downloaded from : https://assets.scriptslug.com/live/pdf/scripts/a-good-person-2023.pdf?v=1729114851","logger":"root","filename":"ingestion_dag_3.py","lineno":180}
{"timestamp":"2025-11-18T15:35:52.606856Z","level":"info","event":"_download_pdf - Pdf downloaded from : https://assets.scriptslug.com/live/pdf/scripts/a-haunting-in-venice-2023.pdf?v=1729114851","logger":"root","filename":"ingestion_dag_3.py","lineno":180}
{"timestamp":"2025-11-18T15:35:53.658503Z","level":"info","event":"_download_pdf - Pdf downloaded from : https://assets.scriptslug.com/live/pdf/scripts/a-hero-2021.pdf?v=1729114851","logger":"root","filename":"ingestion_dag_3.py","lineno":180}
{"timestamp":"2025-11-18T15:35:55.198441Z","level":"info","event":"_download_pdf - Pdf downloaded from : https://assets.scriptslug.com/live/pdf/scripts/a-hidden-life-2019.pdf?v=1729114851","logger":"root","filename":"ingestion_dag_3.py","lineno":180}
{"timestamp":"2025-11-18T15:35:56.701482Z","level":"info","event":"_download_pdf - Pdf downloaded from : https://assets.scriptslug.com/live/pdf/scripts/a-history-of-violence-2005.pdf?v=1729114851","logger":"root","filename":"ingestion_dag_3.py","lineno":180}
{"timestamp":"2025-11-18T15:35:59.507336Z","level":"info","event":"_download_pdf - Pdf downloaded from : https://assets.scriptslug.com/live/pdf/scripts/a-knights-tale-2001.pdf?v=1729114852","logger":"root","filename":"ingestion_dag_3.py","lineno":180}
{"timestamp":"2025-11-18T15:35:59.960335Z","level":"info","event":"_download_pdf - Pdf downloaded from : https://assets.scriptslug.com/live/pdf/scripts/a-knock-at-the-cabin-2023.pdf?v=1729114852","logger":"root","filename":"ingestion_dag_3.py","lineno":180}
{"timestamp":"2025-11-18T15:36:21.168124Z","level":"info","event":"_download_pdf - Pdf downloaded from : https://assets.scriptslug.com/live/pdf/scripts/a-league-of-their-own-1992.pdf?v=1729114852","logger":"root","filename":"ingestion_dag_3.py","lineno":180}
{"timestamp":"2025-11-18T15:36:21.943170Z","level":"info","event":"_download_pdf - Pdf downloaded from : https://assets.scriptslug.com/live/pdf/scripts/a-man-called-otto-2022.pdf?v=1729114852","logger":"root","filename":"ingestion_dag_3.py","lineno":180}
{"timestamp":"2025-11-18T15:36:22.508965Z","level":"info","event":"_download_pdf - Pdf downloaded from : https://assets.scriptslug.com/live/pdf/scripts/a-million-miles-away-2023.pdf?v=1729114852","logger":"root","filename":"ingestion_dag_3.py","lineno":180}
{"timestamp":"2025-11-18T15:36:23.309773Z","level":"info","event":"_download_pdf - Pdf downloaded from : https://assets.scriptslug.com/live/pdf/scripts/a-monster-calls-2016.pdf?v=1729114852","logger":"root","filename":"ingestion_dag_3.py","lineno":180}
{"timestamp":"2025-11-18T15:36:24.141865Z","level":"info","event":"_download_pdf - Pdf downloaded from : https://assets.scriptslug.com/live/pdf/scripts/a-most-violent-year-2014.pdf?v=1729114852","logger":"root","filename":"ingestion_dag_3.py","lineno":180}
{"timestamp":"2025-11-18T15:36:29.180403Z","level":"info","event":"_download_pdf - Pdf downloaded from : https://assets.scriptslug.com/live/pdf/scripts/a-new-leaf-1971.pdf?v=1729114852","logger":"root","filename":"ingestion_dag_3.py","lineno":180}
{"timestamp":"2025-11-18T15:36:29.783566Z","level":"info","event":"_download_pdf - Pdf downloaded from : https://assets.scriptslug.com/live/pdf/scripts/a-nightmare-on-elm-street-1984.pdf?v=1729114852","logger":"root","filename":"ingestion_dag_3.py","lineno":180}
{"timestamp":"2025-11-18T15:36:30.310200Z","level":"info","event":"_download_pdf - Pdf downloaded from : https://assets.scriptslug.com/live/pdf/scripts/nightmare-on-elm-street-3-dream-warriors-1987.pdf?v=1729114962","logger":"root","filename":"ingestion_dag_3.py","lineno":180}
{"timestamp":"2025-11-18T15:36:30.893026Z","level":"info","event":"_download_pdf - Pdf downloaded from : https://assets.scriptslug.com/live/pdf/scripts/a-nightmare-on-elm-street-the-dream-child-1989.pdf?v=1729114853","logger":"root","filename":"ingestion_dag_3.py","lineno":180}
{"timestamp":"2025-11-18T15:36:33.624220Z","level":"info","event":"_download_pdf - Pdf downloaded from : https://assets.scriptslug.com/live/pdf/scripts/a-quiet-place-2018.pdf?v=1729114853","logger":"root","filename":"ingestion_dag_3.py","lineno":180}
{"timestamp":"2025-11-18T15:36:34.382167Z","level":"info","event":"_download_pdf - Pdf downloaded from : https://assets.scriptslug.com/live/pdf/scripts/a-real-pain-2024.pdf?v=1735776819","logger":"root","filename":"ingestion_dag_3.py","lineno":180}
{"timestamp":"2025-11-18T15:36:35.001467Z","level":"info","event":"_download_pdf - Pdf downloaded from : https://assets.scriptslug.com/live/pdf/scripts/a-separation-2011.pdf?v=1729114853","logger":"root","filename":"ingestion_dag_3.py","lineno":180}
{"timestamp":"2025-11-18T15:36:38.255585Z","level":"info","event":"_download_pdf - Pdf downloaded from : https://assets.scriptslug.com/live/pdf/scripts/a-serious-man-2009.pdf?v=1729114853","logger":"root","filename":"ingestion_dag_3.py","lineno":180}
{"timestamp":"2025-11-18T15:36:39.084529Z","level":"info","event":"_download_pdf - Pdf downloaded from : https://assets.scriptslug.com/live/pdf/scripts/a-simple-favor-2018.pdf?v=1729114853","logger":"root","filename":"ingestion_dag_3.py","lineno":180}
{"timestamp":"2025-11-18T15:36:42.762171Z","level":"info","event":"_download_pdf - Pdf downloaded from : https://assets.scriptslug.com/live/pdf/scripts/a-simple-plan-1998.pdf?v=1729114853","logger":"root","filename":"ingestion_dag_3.py","lineno":180}
{"timestamp":"2025-11-18T15:36:49.292751Z","level":"info","event":"_download_pdf - Pdf downloaded from : https://assets.scriptslug.com/live/pdf/scripts/a-soldiers-story-1984.pdf?v=1729114853","logger":"root","filename":"ingestion_dag_3.py","lineno":180}
{"timestamp":"2025-11-18T15:36:50.617403Z","level":"info","event":"_download_pdf - Pdf downloaded from : https://assets.scriptslug.com/live/pdf/scripts/a-star-is-born-2018.pdf?v=1729114853","logger":"root","filename":"ingestion_dag_3.py","lineno":180}
{"timestamp":"2025-11-18T15:37:02.302210Z","level":"info","event":"_download_pdf - Pdf downloaded from : https://assets.scriptslug.com/live/pdf/scripts/a-thin-line-between-love-and-hate-1996.pdf?v=1729114853","logger":"root","filename":"ingestion_dag_3.py","lineno":180}
{"timestamp":"2025-11-18T15:37:07.165694Z","level":"info","event":"_download_pdf - Pdf downloaded from : https://assets.scriptslug.com/live/pdf/scripts/a-time-to-kill-1996.pdf?v=1729114853","logger":"root","filename":"ingestion_dag_3.py","lineno":180}
{"timestamp":"2025-11-18T15:37:12.851401Z","level":"info","event":"_download_pdf - Pdf downloaded from : https://assets.scriptslug.com/live/pdf/scripts/a-view-to-a-kill-1985.pdf?v=1729114854","logger":"root","filename":"ingestion_dag_3.py","lineno":180}
{"timestamp":"2025-11-18T15:37:13.498604Z","level":"info","event":"_download_pdf - Pdf downloaded from : https://assets.scriptslug.com/live/pdf/scripts/about-alex-2014.pdf?v=1729114854","logger":"root","filename":"ingestion_dag_3.py","lineno":180}
{"timestamp":"2025-11-18T15:37:14.936281Z","level":"info","event":"_download_pdf - Pdf downloaded from : https://assets.scriptslug.com/live/pdf/scripts/abraham-lincoln-vampire-hunter-2012.pdf?v=1729114854","logger":"root","filename":"ingestion_dag_3.py","lineno":180}
{"timestamp":"2025-11-18T15:37:15.564695Z","level":"info","event":"_download_pdf - Pdf downloaded from : https://assets.scriptslug.com/live/pdf/scripts/ace-ventura-pet-detective-1994.pdf?v=1729114854","logger":"root","filename":"ingestion_dag_3.py","lineno":180}
{"timestamp":"2025-11-18T15:37:17.948215Z","level":"info","event":"_download_pdf - Pdf downloaded from : https://assets.scriptslug.com/live/pdf/scripts/actions-jackson-1988.pdf?v=1729114854","logger":"root","filename":"ingestion_dag_3.py","lineno":180}
{"timestamp":"2025-11-18T15:37:18.635458Z","level":"info","event":"_download_pdf - Pdf downloaded from : https://assets.scriptslug.com/live/pdf/scripts/ad-astra-2019.pdf?v=1729114854","logger":"root","filename":"ingestion_dag_3.py","lineno":180}
{"timestamp":"2025-11-18T15:37:19.470716Z","level":"info","event":"_download_pdf - Pdf downloaded from : https://assets.scriptslug.com/live/pdf/scripts/adaptation-2002.pdf?v=1729114854","logger":"root","filename":"ingestion_dag_3.py","lineno":180}
{"timestamp":"2025-11-18T15:37:26.191887Z","level":"info","event":"_download_pdf - Pdf downloaded from : https://assets.scriptslug.com/live/pdf/scripts/addams-family-values-1993.pdf?v=1729114855","logger":"root","filename":"ingestion_dag_3.py","lineno":180}
{"timestamp":"2025-11-18T15:37:27.304487Z","level":"info","event":"_download_pdf - Pdf downloaded from : https://assets.scriptslug.com/live/pdf/scripts/after-the-wedding-2019.pdf?v=1729114855","logger":"root","filename":"ingestion_dag_3.py","lineno":180}
{"timestamp":"2025-11-18T15:37:28.057227Z","level":"info","event":"_download_pdf - Pdf downloaded from : https://assets.scriptslug.com/live/pdf/scripts/aftersun-2022.pdf?v=1729114855","logger":"root","filename":"ingestion_dag_3.py","lineno":180}
{"timestamp":"2025-11-18T15:37:28.978031Z","level":"info","event":"_download_pdf - Pdf downloaded from : https://assets.scriptslug.com/live/pdf/scripts/air-2023.pdf?v=1729114855","logger":"root","filename":"ingestion_dag_3.py","lineno":180}
{"timestamp":"2025-11-18T15:37:30.280785Z","level":"info","event":"_download_pdf - Pdf downloaded from : https://assets.scriptslug.com/live/pdf/scripts/air-force-one-1997.pdf?v=1729114855","logger":"root","filename":"ingestion_dag_3.py","lineno":180}
{"timestamp":"2025-11-18T15:37:30.870213Z","level":"info","event":"_download_pdf - Pdf downloaded from : https://assets.scriptslug.com/live/pdf/scripts/airplane-1980.pdf?v=1729114855","logger":"root","filename":"ingestion_dag_3.py","lineno":180}
{"timestamp":"2025-11-18T15:37:32.262435Z","level":"info","event":"_download_pdf - Pdf downloaded from : https://assets.scriptslug.com/live/pdf/scripts/airplane-ii-the-sequel-1982.pdf?v=1729114855","logger":"root","filename":"ingestion_dag_3.py","lineno":180}
{"timestamp":"2025-11-18T15:37:34.870363Z","level":"info","event":"_download_pdf - Pdf downloaded from : https://assets.scriptslug.com/live/pdf/scripts/aladdin-1992.pdf?v=1729114855","logger":"root","filename":"ingestion_dag_3.py","lineno":180}
{"timestamp":"2025-11-18T15:37:35.580392Z","level":"info","event":"_download_pdf - Pdf downloaded from : https://assets.scriptslug.com/live/pdf/scripts/alex-cross-2012.pdf?v=1729114855","logger":"root","filename":"ingestion_dag_3.py","lineno":180}
{"timestamp":"2025-11-18T15:37:36.427844Z","level":"info","event":"_download_pdf - Pdf downloaded from : https://assets.scriptslug.com/live/pdf/scripts/ali-2001.pdf?v=1729114855","logger":"root","filename":"ingestion_dag_3.py","lineno":180}
{"timestamp":"2025-11-18T15:37:39.244809Z","level":"info","event":"_download_pdf - Pdf downloaded from : https://assets.scriptslug.com/live/pdf/scripts/alien-1979.pdf?v=1729114856","logger":"root","filename":"ingestion_dag_3.py","lineno":180}
{"timestamp":"2025-11-18T15:37:43.354320Z","level":"info","event":"_download_pdf - Pdf downloaded from : https://assets.scriptslug.com/live/pdf/scripts/alien-3-1992.pdf?v=1729114856","logger":"root","filename":"ingestion_dag_3.py","lineno":180}
{"timestamp":"2025-11-18T15:37:44.093931Z","level":"info","event":"_download_pdf - Pdf downloaded from : https://assets.scriptslug.com/live/pdf/scripts/alien-covenant-2017.pdf?v=1729114856","logger":"root","filename":"ingestion_dag_3.py","lineno":180}
{"timestamp":"2025-11-18T15:37:47.799637Z","level":"info","event":"_download_pdf - Pdf downloaded from : https://assets.scriptslug.com/live/pdf/scripts/alien-resurrection-1997.pdf?v=1729114856","logger":"root","filename":"ingestion_dag_3.py","lineno":180}
{"timestamp":"2025-11-18T15:37:52.300812Z","level":"info","event":"_download_pdf - Pdf downloaded from : https://assets.scriptslug.com/live/pdf/scripts/alien-vs-predator-requiem-2007.pdf?v=1729114856","logger":"root","filename":"ingestion_dag_3.py","lineno":180}
{"timestamp":"2025-11-18T15:37:53.798331Z","level":"info","event":"_download_pdf - Pdf downloaded from : https://assets.scriptslug.com/live/pdf/scripts/aliens-1986.pdf?v=1729114856","logger":"root","filename":"ingestion_dag_3.py","lineno":180}
{"timestamp":"2025-11-18T15:37:54.342248Z","level":"info","event":"_download_pdf - Pdf downloaded from : https://assets.scriptslug.com/live/pdf/scripts/aligarh-2015.pdf?v=1729114856","logger":"root","filename":"ingestion_dag_3.py","lineno":180}
{"timestamp":"2025-11-18T15:37:57.585993Z","level":"info","event":"_download_pdf - Pdf downloaded from : https://assets.scriptslug.com/live/pdf/scripts/all-about-eve-1950.pdf?v=1729114856","logger":"root","filename":"ingestion_dag_3.py","lineno":180}
{"timestamp":"2025-11-18T15:37:58.409484Z","level":"info","event":"_download_pdf - Pdf downloaded from : https://assets.scriptslug.com/live/pdf/scripts/all-is-lost-2013.pdf?v=1729114856","logger":"root","filename":"ingestion_dag_3.py","lineno":180}
{"timestamp":"2025-11-18T15:37:59.137495Z","level":"info","event":"_download_pdf - Pdf downloaded from : https://assets.scriptslug.com/live/pdf/scripts/all-is-true-2018.pdf?v=1729114856","logger":"root","filename":"ingestion_dag_3.py","lineno":180}
{"timestamp":"2025-11-18T15:37:59.690740Z","level":"info","event":"_download_pdf - Pdf downloaded from : https://assets.scriptslug.com/live/pdf/scripts/all-of-us-strangers-2023.pdf?v=1729114857","logger":"root","filename":"ingestion_dag_3.py","lineno":180}
{"timestamp":"2025-11-18T15:38:00.315687Z","level":"info","event":"_download_pdf - Pdf downloaded from : https://assets.scriptslug.com/live/pdf/scripts/all-quiet-on-the-western-front-2022.pdf?v=1729114857","logger":"root","filename":"ingestion_dag_3.py","lineno":180}
{"timestamp":"2025-11-18T15:38:01.257308Z","level":"info","event":"_download_pdf - Pdf downloaded from : https://assets.scriptslug.com/live/pdf/scripts/all-the-boys-love-mandy-lane-2006.pdf?v=1729114857","logger":"root","filename":"ingestion_dag_3.py","lineno":180}
{"timestamp":"2025-11-18T15:38:02.579879Z","level":"info","event":"_download_pdf - Pdf downloaded from : https://assets.scriptslug.com/live/pdf/scripts/all-the-money-in-the-world-2017.pdf?v=1729114857","logger":"root","filename":"ingestion_dag_3.py","lineno":180}
{"timestamp":"2025-11-18T15:38:03.587468Z","level":"info","event":"_download_pdf - Pdf downloaded from : https://assets.scriptslug.com/live/pdf/scripts/all-the-old-knives-2022.pdf?v=1729114857","logger":"root","filename":"ingestion_dag_3.py","lineno":180}
{"timestamp":"2025-11-18T15:38:05.362287Z","level":"info","event":"_download_pdf - Pdf downloaded from : https://assets.scriptslug.com/live/pdf/scripts/all-the-presidents-men-1976.pdf?v=1729114857","logger":"root","filename":"ingestion_dag_3.py","lineno":180}
{"timestamp":"2025-11-18T15:38:05.943865Z","level":"info","event":"_download_pdf - Pdf downloaded from : https://assets.scriptslug.com/live/pdf/scripts/almost-famous-2000.pdf?v=1729114857","logger":"root","filename":"ingestion_dag_3.py","lineno":180}
{"timestamp":"2025-11-18T15:38:09.790882Z","level":"info","event":"_download_pdf - Pdf downloaded from : https://assets.scriptslug.com/live/pdf/scripts/altered-states-1980.pdf?v=1729114857","logger":"root","filename":"ingestion_dag_3.py","lineno":180}
{"timestamp":"2025-11-18T15:38:10.453374Z","level":"info","event":"_download_pdf - Pdf downloaded from : https://assets.scriptslug.com/live/pdf/scripts/amadeus-1984.pdf?v=1729114857","logger":"root","filename":"ingestion_dag_3.py","lineno":180}
{"timestamp":"2025-11-18T15:38:12.480776Z","level":"info","event":"_download_pdf - Pdf downloaded from : https://assets.scriptslug.com/live/pdf/scripts/ambulance-2022.pdf?v=1729114857","logger":"root","filename":"ingestion_dag_3.py","lineno":180}
{"timestamp":"2025-11-18T15:38:13.199690Z","level":"info","event":"_download_pdf - Pdf downloaded from : https://assets.scriptslug.com/live/pdf/scripts/american-animals-2018.pdf?v=1729114858","logger":"root","filename":"ingestion_dag_3.py","lineno":180}
{"timestamp":"2025-11-18T15:38:14.157387Z","level":"info","event":"_download_pdf - Pdf downloaded from : https://assets.scriptslug.com/live/pdf/scripts/american-beauty-1999.pdf?v=1729114858","logger":"root","filename":"ingestion_dag_3.py","lineno":180}
{"timestamp":"2025-11-18T15:38:14.708743Z","level":"info","event":"_download_pdf - Pdf downloaded from : https://assets.scriptslug.com/live/pdf/scripts/american-fiction-2023.pdf?v=1729114858","logger":"root","filename":"ingestion_dag_3.py","lineno":180}
{"timestamp":"2025-11-18T15:38:15.588218Z","level":"info","event":"_download_pdf - Pdf downloaded from : https://assets.scriptslug.com/live/pdf/scripts/american-graffiti-1973.pdf?v=1729114858","logger":"root","filename":"ingestion_dag_3.py","lineno":180}
{"timestamp":"2025-11-18T15:38:16.378598Z","level":"info","event":"_download_pdf - Pdf downloaded from : https://assets.scriptslug.com/live/pdf/scripts/american-hustle-2013.pdf?v=1729114858","logger":"root","filename":"ingestion_dag_3.py","lineno":180}
{"timestamp":"2025-11-18T15:38:17.008166Z","level":"info","event":"_download_pdf - Pdf downloaded from : https://assets.scriptslug.com/live/pdf/scripts/american-pie-1999.pdf?v=1729114858","logger":"root","filename":"ingestion_dag_3.py","lineno":180}
{"timestamp":"2025-11-18T15:38:23.786849Z","level":"info","event":"_download_pdf - Pdf downloaded from : https://assets.scriptslug.com/live/pdf/scripts/american-psycho-2000.pdf?v=1729114858","logger":"root","filename":"ingestion_dag_3.py","lineno":180}
{"timestamp":"2025-11-18T15:38:24.625870Z","level":"info","event":"_download_pdf - Pdf downloaded from : https://assets.scriptslug.com/live/pdf/scripts/american-sniper-2014.pdf?v=1729114859","logger":"root","filename":"ingestion_dag_3.py","lineno":180}
{"timestamp":"2025-11-18T15:38:25.488953Z","level":"info","event":"_download_pdf - Pdf downloaded from : https://assets.scriptslug.com/live/pdf/scripts/american-ultra-2015.pdf?v=1729114859","logger":"root","filename":"ingestion_dag_3.py","lineno":180}
{"timestamp":"2025-11-18T15:38:28.619403Z","level":"info","event":"_download_pdf - Pdf downloaded from : https://assets.scriptslug.com/live/pdf/scripts/amistad-1997.pdf?v=1729114859","logger":"root","filename":"ingestion_dag_3.py","lineno":180}
{"timestamp":"2025-11-18T15:38:29.696053Z","level":"info","event":"_download_pdf - Pdf downloaded from : https://assets.scriptslug.com/live/pdf/scripts/amour-2012.pdf?v=1729114859","logger":"root","filename":"ingestion_dag_3.py","lineno":180}
{"timestamp":"2025-11-18T15:38:31.234366Z","level":"info","event":"_download_pdf - Pdf downloaded from : https://assets.scriptslug.com/live/pdf/scripts/amsterdam-2022.pdf?v=1729114859","logger":"root","filename":"ingestion_dag_3.py","lineno":180}
{"timestamp":"2025-11-18T15:38:33.790595Z","level":"info","event":"_download_pdf - Pdf downloaded from : https://assets.scriptslug.com/live/pdf/scripts/amelie-2001.pdf?v=1729114858","logger":"root","filename":"ingestion_dag_3.py","lineno":180}
{"timestamp":"2025-11-18T15:38:38.313078Z","level":"info","event":"_download_pdf - Pdf downloaded from : https://assets.scriptslug.com/live/pdf/scripts/an-affair-to-remember-1957.pdf?v=1729114859","logger":"root","filename":"ingestion_dag_3.py","lineno":180}
{"timestamp":"2025-11-18T15:38:40.410018Z","level":"info","event":"_download_pdf - Pdf downloaded from : https://assets.scriptslug.com/live/pdf/scripts/an-american-werewolf-in-london-1981.pdf?v=1729114859","logger":"root","filename":"ingestion_dag_3.py","lineno":180}
{"timestamp":"2025-11-18T15:38:42.389921Z","level":"info","event":"_download_pdf - Pdf downloaded from : https://assets.scriptslug.com/live/pdf/scripts/an-unmarried-woman-1978.pdf?v=1729114859","logger":"root","filename":"ingestion_dag_3.py","lineno":180}
{"timestamp":"2025-11-18T15:38:47.925182Z","level":"info","event":"_download_pdf - Pdf downloaded from : https://assets.scriptslug.com/live/pdf/scripts/anaconda-1997.pdf?v=1729114859","logger":"root","filename":"ingestion_dag_3.py","lineno":180}
{"timestamp":"2025-11-18T15:38:48.598255Z","level":"info","event":"_download_pdf - Pdf downloaded from : https://assets.scriptslug.com/live/pdf/scripts/analyze-that-2002.pdf?v=1729114860","logger":"root","filename":"ingestion_dag_3.py","lineno":180}
{"timestamp":"2025-11-18T15:38:49.653895Z","level":"info","event":"_download_pdf - Pdf downloaded from : https://assets.scriptslug.com/live/pdf/scripts/analyze-this-1999.pdf?v=1729114860","logger":"root","filename":"ingestion_dag_3.py","lineno":180}
{"timestamp":"2025-11-18T15:38:51.276854Z","level":"info","event":"_download_pdf - Pdf downloaded from : https://assets.scriptslug.com/live/pdf/scripts/anastasia-1997.pdf?v=1729114860","logger":"root","filename":"ingestion_dag_3.py","lineno":180}
{"timestamp":"2025-11-18T15:38:53.556978Z","level":"info","event":"_download_pdf - Pdf downloaded from : https://assets.scriptslug.com/live/pdf/scripts/anatomy-of-a-fall-2023.pdf?v=1729114860","logger":"root","filename":"ingestion_dag_3.py","lineno":180}
{"timestamp":"2025-11-18T15:38:56.885681Z","level":"info","event":"_download_pdf - Pdf downloaded from : https://assets.scriptslug.com/live/pdf/scripts/anatomy-of-a-murder-1959.pdf?v=1729114860","logger":"root","filename":"ingestion_dag_3.py","lineno":180}
{"timestamp":"2025-11-18T15:38:58.473330Z","level":"info","event":"_download_pdf - Pdf downloaded from : https://assets.scriptslug.com/live/pdf/scripts/anchorman-the-legend-of-ron-burgundy-2004.pdf?v=1729114860","logger":"root","filename":"ingestion_dag_3.py","lineno":180}
{"timestamp":"2025-11-18T15:38:59.130164Z","level":"info","event":"_download_pdf - Pdf downloaded from : https://assets.scriptslug.com/live/pdf/scripts/angel-eyes-2001.pdf?v=1729114860","logger":"root","filename":"ingestion_dag_3.py","lineno":180}
{"timestamp":"2025-11-18T15:39:04.721917Z","level":"info","event":"_download_pdf - Pdf downloaded from : https://assets.scriptslug.com/live/pdf/scripts/angels-with-dirty-faces-1938.pdf?v=1729114860","logger":"root","filename":"ingestion_dag_3.py","lineno":180}
{"timestamp":"2025-11-18T15:39:07.654061Z","level":"info","event":"_download_pdf - Pdf downloaded from : https://assets.scriptslug.com/live/pdf/scripts/anger-management-2003.pdf?v=1729114860","logger":"root","filename":"ingestion_dag_3.py","lineno":180}
{"timestamp":"2025-11-18T15:39:08.409633Z","level":"info","event":"_download_pdf - Pdf downloaded from : https://assets.scriptslug.com/live/pdf/scripts/animal-kingdom-2010.pdf?v=1729114860","logger":"root","filename":"ingestion_dag_3.py","lineno":180}
{"timestamp":"2025-11-18T15:39:08.981464Z","level":"info","event":"_download_pdf - Pdf downloaded from : https://assets.scriptslug.com/live/pdf/scripts/annabelle-2014.pdf?v=1729114861","logger":"root","filename":"ingestion_dag_3.py","lineno":180}
{"timestamp":"2025-11-18T15:39:10.358931Z","level":"info","event":"_download_pdf - Pdf downloaded from : https://assets.scriptslug.com/live/pdf/scripts/annette-2021.pdf?v=1729114861","logger":"root","filename":"ingestion_dag_3.py","lineno":180}
{"timestamp":"2025-11-18T15:39:11.258958Z","level":"info","event":"_download_pdf - Pdf downloaded from : https://assets.scriptslug.com/live/pdf/scripts/annie-hall-1977.pdf?v=1729114861","logger":"root","filename":"ingestion_dag_3.py","lineno":180}
{"timestamp":"2025-11-18T15:39:12.191161Z","level":"info","event":"_download_pdf - Pdf downloaded from : https://assets.scriptslug.com/live/pdf/scripts/annihilation-2018.pdf?v=1729114861","logger":"root","filename":"ingestion_dag_3.py","lineno":180}
{"timestamp":"2025-11-18T15:39:12.769072Z","level":"info","event":"_download_pdf - Pdf downloaded from : https://assets.scriptslug.com/live/pdf/scripts/anora-2024.pdf?v=1738462640","logger":"root","filename":"ingestion_dag_3.py","lineno":180}
{"timestamp":"2025-11-18T15:39:16.377063Z","level":"info","event":"_download_pdf - Pdf downloaded from : https://assets.scriptslug.com/live/pdf/scripts/another-48-hrs-1990.pdf?v=1729114861","logger":"root","filename":"ingestion_dag_3.py","lineno":180}
{"timestamp":"2025-11-18T15:39:17.504881Z","level":"info","event":"_download_pdf - Pdf downloaded from : https://assets.scriptslug.com/live/pdf/scripts/another-year-2010.pdf?v=1729114861","logger":"root","filename":"ingestion_dag_3.py","lineno":180}
{"timestamp":"2025-11-18T15:39:18.236872Z","level":"info","event":"_download_pdf - Pdf downloaded from : https://assets.scriptslug.com/live/pdf/scripts/antebellum-2020.pdf?v=1729114861","logger":"root","filename":"ingestion_dag_3.py","lineno":180}
{"timestamp":"2025-11-18T15:39:19.784099Z","level":"info","event":"_download_pdf - Pdf downloaded from : https://assets.scriptslug.com/live/pdf/scripts/anthropoid-2016.pdf?v=1729114861","logger":"root","filename":"ingestion_dag_3.py","lineno":180}
{"timestamp":"2025-11-18T15:39:21.187857Z","level":"info","event":"_download_pdf - Pdf downloaded from : https://assets.scriptslug.com/live/pdf/scripts/any-given-sunday-1999.pdf?v=1729114861","logger":"root","filename":"ingestion_dag_3.py","lineno":180}
{"timestamp":"2025-11-18T15:39:21.857374Z","level":"info","event":"_download_pdf - Pdf downloaded from : https://assets.scriptslug.com/live/pdf/scripts/apocalypse-now-1979.pdf?v=1729114861","logger":"root","filename":"ingestion_dag_3.py","lineno":180}
{"timestamp":"2025-11-18T15:39:23.229944Z","level":"info","event":"_download_pdf - Pdf downloaded from : https://assets.scriptslug.com/live/pdf/scripts/argentina-1985-2022.pdf?v=1729114862","logger":"root","filename":"ingestion_dag_3.py","lineno":180}
{"timestamp":"2025-11-18T15:39:24.671597Z","level":"info","event":"_download_pdf - Pdf downloaded from : https://assets.scriptslug.com/live/pdf/scripts/argo-2012.pdf?v=1729114862","logger":"root","filename":"ingestion_dag_3.py","lineno":180}
{"timestamp":"2025-11-18T15:39:30.017270Z","level":"info","event":"_download_pdf - Pdf downloaded from : https://assets.scriptslug.com/live/pdf/scripts/armageddon-1998.pdf?v=1729114862","logger":"root","filename":"ingestion_dag_3.py","lineno":180}
{"timestamp":"2025-11-18T15:39:31.032867Z","level":"info","event":"_download_pdf - Pdf downloaded from : https://assets.scriptslug.com/live/pdf/scripts/armageddon-time-2022.pdf?v=1729114862","logger":"root","filename":"ingestion_dag_3.py","lineno":180}
{"timestamp":"2025-11-18T15:39:36.826924Z","level":"info","event":"_download_pdf - Pdf downloaded from : https://assets.scriptslug.com/live/pdf/scripts/armed-and-dangerous-1986.pdf?v=1729114862","logger":"root","filename":"ingestion_dag_3.py","lineno":180}
{"timestamp":"2025-11-18T15:39:37.820877Z","level":"info","event":"_download_pdf - Pdf downloaded from : https://assets.scriptslug.com/live/pdf/scripts/army-of-darkness-1992.pdf?v=1729114862","logger":"root","filename":"ingestion_dag_3.py","lineno":180}
{"timestamp":"2025-11-18T15:39:40.569943Z","level":"info","event":"_download_pdf - Pdf downloaded from : https://assets.scriptslug.com/live/pdf/scripts/arrival-2016.pdf?v=1729114862","logger":"root","filename":"ingestion_dag_3.py","lineno":180}
{"timestamp":"2025-11-18T15:39:41.145560Z","level":"info","event":"_download_pdf - Pdf downloaded from : https://assets.scriptslug.com/live/pdf/scripts/as-good-as-it-gets-1997.pdf?v=1729114862","logger":"root","filename":"ingestion_dag_3.py","lineno":180}
{"timestamp":"2025-11-18T15:39:43.502442Z","level":"info","event":"_download_pdf - Pdf downloaded from : https://assets.scriptslug.com/live/pdf/scripts/ask-the-dust-2006.pdf?v=1729114863","logger":"root","filename":"ingestion_dag_3.py","lineno":180}
{"timestamp":"2025-11-18T15:39:44.404995Z","level":"info","event":"_download_pdf - Pdf downloaded from : https://assets.scriptslug.com/live/pdf/scripts/assassination-nation-2018.pdf?v=1729114863","logger":"root","filename":"ingestion_dag_3.py","lineno":180}
{"timestamp":"2025-11-18T15:39:49.060996Z","level":"info","event":"_download_pdf - Pdf downloaded from : https://assets.scriptslug.com/live/pdf/scripts/assault-on-prisinct-13-2005.pdf?v=1729114863","logger":"root","filename":"ingestion_dag_3.py","lineno":180}
{"timestamp":"2025-11-18T15:39:49.803607Z","level":"info","event":"_download_pdf - Pdf downloaded from : https://assets.scriptslug.com/live/pdf/scripts/asteroid-city-2023.pdf?v=1729114863","logger":"root","filename":"ingestion_dag_3.py","lineno":180}
{"timestamp":"2025-11-18T15:39:50.499205Z","level":"info","event":"_download_pdf - Pdf downloaded from : https://assets.scriptslug.com/live/pdf/scripts/atomic-blonde-2017.pdf?v=1729114863","logger":"root","filename":"ingestion_dag_3.py","lineno":180}
{"timestamp":"2025-11-18T15:39:51.198119Z","level":"info","event":"_download_pdf - Pdf downloaded from : https://assets.scriptslug.com/live/pdf/scripts/attack-the-block-2011.pdf?v=1729114863","logger":"root","filename":"ingestion_dag_3.py","lineno":180}
{"timestamp":"2025-11-18T15:40:02.694672Z","level":"info","event":"_download_pdf - Pdf downloaded from : https://assets.scriptslug.com/live/pdf/scripts/audrey-rose-1977.pdf?v=1729114864","logger":"root","filename":"ingestion_dag_3.py","lineno":180}
{"timestamp":"2025-11-18T15:40:05.019199Z","level":"info","event":"_download_pdf - Pdf downloaded from : https://assets.scriptslug.com/live/pdf/scripts/august-osage-county-2013.pdf?v=1729114864","logger":"root","filename":"ingestion_dag_3.py","lineno":180}
{"timestamp":"2025-11-18T15:40:06.067505Z","level":"info","event":"_download_pdf - Pdf downloaded from : https://assets.scriptslug.com/live/pdf/scripts/avatar-2009.pdf?v=1729114864","logger":"root","filename":"ingestion_dag_3.py","lineno":180}
{"timestamp":"2025-11-18T15:40:07.045644Z","level":"info","event":"_download_pdf - Pdf downloaded from : https://assets.scriptslug.com/live/pdf/scripts/avengers-endgame-2019.pdf?v=1729114864","logger":"root","filename":"ingestion_dag_3.py","lineno":180}
{"timestamp":"2025-11-18T15:40:12.137060Z","level":"info","event":"_download_pdf - Pdf downloaded from : https://assets.scriptslug.com/live/pdf/scripts/avp-alien-vs-predator-2004.pdf?v=1729114864","logger":"root","filename":"ingestion_dag_3.py","lineno":180}
{"timestamp":"2025-11-18T15:40:16.478667Z","level":"info","event":"_download_pdf - Pdf downloaded from : https://assets.scriptslug.com/live/pdf/scripts/baby-boy-2001.pdf?v=1729114864","logger":"root","filename":"ingestion_dag_3.py","lineno":180}
{"timestamp":"2025-11-18T15:40:17.185119Z","level":"info","event":"_download_pdf - Pdf downloaded from : https://assets.scriptslug.com/live/pdf/scripts/baby-driver-2017.pdf?v=1729114864","logger":"root","filename":"ingestion_dag_3.py","lineno":180}
{"timestamp":"2025-11-18T15:40:18.423373Z","level":"info","event":"_download_pdf - Pdf downloaded from : https://assets.scriptslug.com/live/pdf/scripts/babylon-2022_2023-03-24-175719_unck.pdf?v=1729114865","logger":"root","filename":"ingestion_dag_3.py","lineno":180}
{"timestamp":"2025-11-18T15:40:19.645065Z","level":"info","event":"_download_pdf - Pdf downloaded from : https://assets.scriptslug.com/live/pdf/scripts/back-to-the-future-1985.pdf?v=1729114865","logger":"root","filename":"ingestion_dag_3.py","lineno":180}
{"timestamp":"2025-11-18T15:40:20.584388Z","level":"info","event":"_download_pdf - Pdf downloaded from : https://assets.scriptslug.com/live/pdf/scripts/bad-boys-1995.pdf?v=1729114865","logger":"root","filename":"ingestion_dag_3.py","lineno":180}
{"timestamp":"2025-11-18T15:40:21.403982Z","level":"info","event":"_download_pdf - Pdf downloaded from : https://assets.scriptslug.com/live/pdf/scripts/bad-boys-for-life-2020.pdf?v=1729114865","logger":"root","filename":"ingestion_dag_3.py","lineno":180}
{"timestamp":"2025-11-18T15:40:22.696936Z","level":"info","event":"_download_pdf - Pdf downloaded from : https://assets.scriptslug.com/live/pdf/scripts/bad-lieutenant-1992.pdf?v=1729114865","logger":"root","filename":"ingestion_dag_3.py","lineno":180}
{"timestamp":"2025-11-18T15:40:23.630426Z","level":"info","event":"_download_pdf - Pdf downloaded from : https://assets.scriptslug.com/live/pdf/scripts/bad-moms-2016.pdf?v=1729114865","logger":"root","filename":"ingestion_dag_3.py","lineno":180}
{"timestamp":"2025-11-18T15:40:27.376476Z","level":"info","event":"_download_pdf - Pdf downloaded from : https://assets.scriptslug.com/live/pdf/scripts/bad-moon-1996.pdf?v=1729114865","logger":"root","filename":"ingestion_dag_3.py","lineno":180}
{"timestamp":"2025-11-18T15:40:28.154423Z","level":"info","event":"_download_pdf - Pdf downloaded from : https://assets.scriptslug.com/live/pdf/scripts/bad-santa-2003.pdf?v=1729114865","logger":"root","filename":"ingestion_dag_3.py","lineno":180}
{"timestamp":"2025-11-18T15:40:29.760213Z","level":"info","event":"_download_pdf - Pdf downloaded from : https://assets.scriptslug.com/live/pdf/scripts/bad-teacher-2011.pdf?v=1729114866","logger":"root","filename":"ingestion_dag_3.py","lineno":180}
{"timestamp":"2025-11-18T15:40:30.933288Z","level":"info","event":"_download_pdf - Pdf downloaded from : https://assets.scriptslug.com/live/pdf/scripts/bad-times-at-the-el-royale-2018.pdf?v=1729114866","logger":"root","filename":"ingestion_dag_3.py","lineno":180}
{"timestamp":"2025-11-18T15:40:31.467644Z","level":"info","event":"_download_pdf - Pdf downloaded from : https://assets.scriptslug.com/live/pdf/scripts/badlands-1973.pdf?v=1729114866","logger":"root","filename":"ingestion_dag_3.py","lineno":180}
{"timestamp":"2025-11-18T15:40:32.582461Z","level":"info","event":"_download_pdf - Pdf downloaded from : https://assets.scriptslug.com/live/pdf/scripts/barb-and-star-go-to-vista-del-mar-2021.pdf?v=1729114866","logger":"root","filename":"ingestion_dag_3.py","lineno":180}
{"timestamp":"2025-11-18T15:40:33.646203Z","level":"info","event":"_download_pdf - Pdf downloaded from : https://assets.scriptslug.com/live/pdf/scripts/barbarian-2022.pdf?v=1729114866","logger":"root","filename":"ingestion_dag_3.py","lineno":180}
{"timestamp":"2025-11-18T15:40:39.823061Z","level":"info","event":"_download_pdf - Pdf downloaded from : https://assets.scriptslug.com/live/pdf/scripts/barbershop-2002.pdf?v=1729114866","logger":"root","filename":"ingestion_dag_3.py","lineno":180}
{"timestamp":"2025-11-18T15:40:40.621821Z","level":"info","event":"_download_pdf - Pdf downloaded from : https://assets.scriptslug.com/live/pdf/scripts/barbie-2023.pdf?v=1729114866","logger":"root","filename":"ingestion_dag_3.py","lineno":180}
{"timestamp":"2025-11-18T15:40:43.799568Z","level":"info","event":"_download_pdf - Pdf downloaded from : https://assets.scriptslug.com/live/pdf/scripts/barton-fink-1991.pdf?v=1729114867","logger":"root","filename":"ingestion_dag_3.py","lineno":180}
{"timestamp":"2025-11-18T15:40:44.512636Z","level":"info","event":"_download_pdf - Pdf downloaded from : https://assets.scriptslug.com/live/pdf/scripts/basic-instinct-1992.pdf?v=1729114867","logger":"root","filename":"ingestion_dag_3.py","lineno":180}
{"timestamp":"2025-11-18T15:40:46.692979Z","level":"info","event":"_download_pdf - Pdf downloaded from : https://assets.scriptslug.com/live/pdf/scripts/basic-instinct-2-2006.pdf?v=1729114867","logger":"root","filename":"ingestion_dag_3.py","lineno":180}
{"timestamp":"2025-11-18T15:40:56.519494Z","level":"info","event":"_download_pdf - Pdf downloaded from : https://assets.scriptslug.com/live/pdf/scripts/basket-case-1982.pdf?v=1729114867","logger":"root","filename":"ingestion_dag_3.py","lineno":180}
{"timestamp":"2025-11-18T15:41:03.086731Z","level":"info","event":"_download_pdf - Pdf downloaded from : https://assets.scriptslug.com/live/pdf/scripts/batman-1989.pdf?v=1729114867","logger":"root","filename":"ingestion_dag_3.py","lineno":180}
{"timestamp":"2025-11-18T15:41:09.596143Z","level":"info","event":"_download_pdf - Pdf downloaded from : https://assets.scriptslug.com/live/pdf/scripts/batman-and-robin-1997.pdf?v=1729114868","logger":"root","filename":"ingestion_dag_3.py","lineno":180}
{"timestamp":"2025-11-18T15:41:10.186728Z","level":"info","event":"_download_pdf - Pdf downloaded from : https://assets.scriptslug.com/live/pdf/scripts/batman-begins-2005.pdf?v=1729114868","logger":"root","filename":"ingestion_dag_3.py","lineno":180}
{"timestamp":"2025-11-18T15:41:17.177764Z","level":"info","event":"_download_pdf - Pdf downloaded from : https://assets.scriptslug.com/live/pdf/scripts/batman-forever-1995.pdf?v=1729114868","logger":"root","filename":"ingestion_dag_3.py","lineno":180}
{"timestamp":"2025-11-18T15:41:22.093602Z","level":"info","event":"_download_pdf - Pdf downloaded from : https://assets.scriptslug.com/live/pdf/scripts/batman-mask-of-the-phantasm-1993.pdf?v=1729114868","logger":"root","filename":"ingestion_dag_3.py","lineno":180}
{"timestamp":"2025-11-18T15:41:27.195932Z","level":"info","event":"_download_pdf - Pdf downloaded from : https://assets.scriptslug.com/live/pdf/scripts/batman-returns-1992.pdf?v=1729114868","logger":"root","filename":"ingestion_dag_3.py","lineno":180}
{"timestamp":"2025-11-18T15:41:28.517174Z","level":"info","event":"_download_pdf - Pdf downloaded from : https://assets.scriptslug.com/live/pdf/scripts/battle-of-the-sexes-2017.pdf?v=1729114868","logger":"root","filename":"ingestion_dag_3.py","lineno":180}
{"timestamp":"2025-11-18T15:41:32.707738Z","level":"info","event":"_download_pdf - Pdf downloaded from : https://assets.scriptslug.com/live/pdf/scripts/battlefield-earth-2000.pdf?v=1729114868","logger":"root","filename":"ingestion_dag_3.py","lineno":180}
{"timestamp":"2025-11-18T15:41:33.711231Z","level":"info","event":"_download_pdf - Pdf downloaded from : https://assets.scriptslug.com/live/pdf/scripts/baywatch-2017.pdf?v=1729114868","logger":"root","filename":"ingestion_dag_3.py","lineno":180}
{"timestamp":"2025-11-18T15:41:34.881954Z","level":"info","event":"_download_pdf - Pdf downloaded from : https://assets.scriptslug.com/live/pdf/scripts/bean-1997.pdf?v=1729114869","logger":"root","filename":"ingestion_dag_3.py","lineno":180}
{"timestamp":"2025-11-18T15:41:35.491390Z","level":"info","event":"_download_pdf - Pdf downloaded from : https://assets.scriptslug.com/live/pdf/scripts/beau-is-afraid-2023.pdf?v=1729114869","logger":"root","filename":"ingestion_dag_3.py","lineno":180}
{"timestamp":"2025-11-18T15:41:36.807855Z","level":"info","event":"_download_pdf - Pdf downloaded from : https://assets.scriptslug.com/live/pdf/scripts/beautiful-boy-2018.pdf?v=1729114869","logger":"root","filename":"ingestion_dag_3.py","lineno":180}
{"timestamp":"2025-11-18T15:41:37.399943Z","level":"info","event":"_download_pdf - Pdf downloaded from : https://assets.scriptslug.com/live/pdf/scripts/beauty-and-the-beast-2017.pdf?v=1729114869","logger":"root","filename":"ingestion_dag_3.py","lineno":180}
{"timestamp":"2025-11-18T15:41:38.622619Z","level":"info","event":"_download_pdf - Pdf downloaded from : https://assets.scriptslug.com/live/pdf/scripts/beetlejuice-1988.pdf?v=1729114869","logger":"root","filename":"ingestion_dag_3.py","lineno":180}
{"timestamp":"2025-11-18T15:41:39.863298Z","level":"info","event":"_download_pdf - Pdf downloaded from : https://assets.scriptslug.com/live/pdf/scripts/before-midnight-2013.pdf?v=1729114869","logger":"root","filename":"ingestion_dag_3.py","lineno":180}
{"timestamp":"2025-11-18T15:41:40.539709Z","level":"info","event":"_download_pdf - Pdf downloaded from : https://assets.scriptslug.com/live/pdf/scripts/beginners-2010.pdf?v=1729114869","logger":"root","filename":"ingestion_dag_3.py","lineno":180}
{"timestamp":"2025-11-18T15:41:41.528110Z","level":"info","event":"_download_pdf - Pdf downloaded from : https://assets.scriptslug.com/live/pdf/scripts/being-john-malkovich-1999.pdf?v=1729114869","logger":"root","filename":"ingestion_dag_3.py","lineno":180}
{"timestamp":"2025-11-18T15:41:42.538510Z","level":"info","event":"_download_pdf - Pdf downloaded from : https://assets.scriptslug.com/live/pdf/scripts/being-the-ricardos-2021.pdf?v=1729114869","logger":"root","filename":"ingestion_dag_3.py","lineno":180}
{"timestamp":"2025-11-18T15:41:43.380707Z","level":"info","event":"_download_pdf - Pdf downloaded from : https://assets.scriptslug.com/live/pdf/scripts/being-there-1979.pdf?v=1729114869","logger":"root","filename":"ingestion_dag_3.py","lineno":180}
{"timestamp":"2025-11-18T15:41:45.142807Z","level":"info","event":"_download_pdf - Pdf downloaded from : https://assets.scriptslug.com/live/pdf/scripts/belfast-2021.pdf?v=1729114870","logger":"root","filename":"ingestion_dag_3.py","lineno":180}
{"timestamp":"2025-11-18T15:41:46.434663Z","level":"info","event":"_download_pdf - Pdf downloaded from : https://assets.scriptslug.com/live/pdf/scripts/belle-2013.pdf?v=1729114870","logger":"root","filename":"ingestion_dag_3.py","lineno":180}
{"timestamp":"2025-11-18T15:41:49.936530Z","level":"info","event":"_download_pdf - Pdf downloaded from : https://assets.scriptslug.com/live/pdf/scripts/beverly-hills-cop-1984.pdf?v=1729114870","logger":"root","filename":"ingestion_dag_3.py","lineno":180}
{"timestamp":"2025-11-18T15:41:53.506197Z","level":"info","event":"_download_pdf - Pdf downloaded from : https://assets.scriptslug.com/live/pdf/scripts/big-1988.pdf?v=1729114870","logger":"root","filename":"ingestion_dag_3.py","lineno":180}
{"timestamp":"2025-11-18T15:41:54.223463Z","level":"info","event":"_download_pdf - Pdf downloaded from : https://assets.scriptslug.com/live/pdf/scripts/big-fish-2003.pdf?v=1729114870","logger":"root","filename":"ingestion_dag_3.py","lineno":180}
{"timestamp":"2025-11-18T15:41:54.957950Z","level":"info","event":"_download_pdf - Pdf downloaded from : https://assets.scriptslug.com/live/pdf/scripts/big-time-adolescence-2020.pdf?v=1729114871","logger":"root","filename":"ingestion_dag_3.py","lineno":180}
{"timestamp":"2025-11-18T15:41:57.144786Z","level":"info","event":"_download_pdf - Pdf downloaded from : https://assets.scriptslug.com/live/pdf/scripts/big-trouble-in-little-china-1986.pdf?v=1729114871","logger":"root","filename":"ingestion_dag_3.py","lineno":180}
{"timestamp":"2025-11-18T15:41:58.180335Z","level":"info","event":"_download_pdf - Pdf downloaded from : https://assets.scriptslug.com/live/pdf/scripts/bill-and-ted-face-the-music-2020.pdf?v=1729114871","logger":"root","filename":"ingestion_dag_3.py","lineno":180}
{"timestamp":"2025-11-18T15:42:02.497971Z","level":"info","event":"_download_pdf - Pdf downloaded from : https://assets.scriptslug.com/live/pdf/scripts/bill-and-teds-bogus-journey-1991.pdf?v=1729114872","logger":"root","filename":"ingestion_dag_3.py","lineno":180}
{"timestamp":"2025-11-18T15:42:06.494200Z","level":"info","event":"_download_pdf - Pdf downloaded from : https://assets.scriptslug.com/live/pdf/scripts/bill-and-teds-excellent-adventure-1989.pdf?v=1729114872","logger":"root","filename":"ingestion_dag_3.py","lineno":180}
{"timestamp":"2025-11-18T15:42:07.204060Z","level":"info","event":"_download_pdf - Pdf downloaded from : https://assets.scriptslug.com/live/pdf/scripts/bird-box-2018.pdf?v=1729114872","logger":"root","filename":"ingestion_dag_3.py","lineno":180}
{"timestamp":"2025-11-18T15:42:08.367157Z","level":"info","event":"_download_pdf - Pdf downloaded from : https://assets.scriptslug.com/live/pdf/scripts/birdman-2014.pdf?v=1729114872","logger":"root","filename":"ingestion_dag_3.py","lineno":180}
{"timestamp":"2025-11-18T15:42:12.226492Z","level":"info","event":"_download_pdf - Pdf downloaded from : https://assets.scriptslug.com/live/pdf/scripts/black-christmas-1974.pdf?v=1729114872","logger":"root","filename":"ingestion_dag_3.py","lineno":180}
{"timestamp":"2025-11-18T15:42:13.403525Z","level":"info","event":"_download_pdf - Pdf downloaded from : https://assets.scriptslug.com/live/pdf/scripts/black-panther-2018.pdf?v=1729114873","logger":"root","filename":"ingestion_dag_3.py","lineno":180}
{"timestamp":"2025-11-18T15:42:14.261336Z","level":"info","event":"_download_pdf - Pdf downloaded from : https://assets.scriptslug.com/live/pdf/scripts/black-panther-wakanda-forever-2022.pdf?v=1729114873","logger":"root","filename":"ingestion_dag_3.py","lineno":180}
{"timestamp":"2025-11-18T15:42:14.777670Z","level":"info","event":"_download_pdf - Pdf downloaded from : https://assets.scriptslug.com/live/pdf/scripts/black-swan-2010.pdf?v=1729114873","logger":"root","filename":"ingestion_dag_3.py","lineno":180}
{"timestamp":"2025-11-18T15:42:15.360800Z","level":"info","event":"_download_pdf - Pdf downloaded from : https://assets.scriptslug.com/live/pdf/scripts/blackberry-2023.pdf?v=1729114873","logger":"root","filename":"ingestion_dag_3.py","lineno":180}
{"timestamp":"2025-11-18T15:42:15.863286Z","level":"info","event":"_download_pdf - Pdf downloaded from : https://assets.scriptslug.com/live/pdf/scripts/blackkkklansman-2018.pdf?v=1729114873","logger":"root","filename":"ingestion_dag_3.py","lineno":180}
{"timestamp":"2025-11-18T15:42:17.939583Z","level":"info","event":"_download_pdf - Pdf downloaded from : https://assets.scriptslug.com/live/pdf/scripts/blade-1998.pdf?v=1729114873","logger":"root","filename":"ingestion_dag_3.py","lineno":180}
{"timestamp":"2025-11-18T15:42:18.575906Z","level":"info","event":"_download_pdf - Pdf downloaded from : https://assets.scriptslug.com/live/pdf/scripts/blade-runner-1982.pdf?v=1729114873","logger":"root","filename":"ingestion_dag_3.py","lineno":180}
{"timestamp":"2025-11-18T15:42:19.159138Z","level":"info","event":"_download_pdf - Pdf downloaded from : https://assets.scriptslug.com/live/pdf/scripts/blade-runner-2049.pdf?v=1729114873","logger":"root","filename":"ingestion_dag_3.py","lineno":180}
{"timestamp":"2025-11-18T15:42:22.149884Z","level":"info","event":"_download_pdf - Pdf downloaded from : https://assets.scriptslug.com/live/pdf/scripts/blades-of-glory-2007.pdf?v=1729114874","logger":"root","filename":"ingestion_dag_3.py","lineno":180}
{"timestamp":"2025-11-18T15:42:25.514931Z","level":"info","event":"_download_pdf - Pdf downloaded from : https://assets.scriptslug.com/live/pdf/scripts/blankman-1994.pdf?v=1729114874","logger":"root","filename":"ingestion_dag_3.py","lineno":180}
{"timestamp":"2025-11-18T15:42:28.235314Z","level":"info","event":"_download_pdf - Pdf downloaded from : https://assets.scriptslug.com/live/pdf/scripts/blazing-saddles-1974.pdf?v=1729114874","logger":"root","filename":"ingestion_dag_3.py","lineno":180}
{"timestamp":"2025-11-18T15:42:29.189470Z","level":"info","event":"_download_pdf - Pdf downloaded from : https://assets.scriptslug.com/live/pdf/scripts/blindspotting-2018.pdf?v=1729114874","logger":"root","filename":"ingestion_dag_3.py","lineno":180}
{"timestamp":"2025-11-18T15:42:30.179497Z","level":"info","event":"_download_pdf - Pdf downloaded from : https://assets.scriptslug.com/live/pdf/scripts/blink-twice-2024.pdf?v=1735776411","logger":"root","filename":"ingestion_dag_3.py","lineno":180}
{"timestamp":"2025-11-18T15:42:33.498957Z","level":"info","event":"_download_pdf - Pdf downloaded from : https://assets.scriptslug.com/live/pdf/scripts/blitz-2024.pdf?v=1735777422","logger":"root","filename":"ingestion_dag_3.py","lineno":180}
{"timestamp":"2025-11-18T15:42:34.447293Z","level":"info","event":"_download_pdf - Pdf downloaded from : https://assets.scriptslug.com/live/pdf/scripts/blonde-2022.pdf?v=1729114874","logger":"root","filename":"ingestion_dag_3.py","lineno":180}
{"timestamp":"2025-11-18T15:42:38.798778Z","level":"info","event":"_download_pdf - Pdf downloaded from : https://assets.scriptslug.com/live/pdf/scripts/blood-diamond-2006.pdf?v=1729114874","logger":"root","filename":"ingestion_dag_3.py","lineno":180}
{"timestamp":"2025-11-18T15:42:39.507377Z","level":"info","event":"_download_pdf - Pdf downloaded from : https://assets.scriptslug.com/live/pdf/scripts/bloodshot-2020.pdf?v=1729114874","logger":"root","filename":"ingestion_dag_3.py","lineno":180}
{"timestamp":"2025-11-18T15:42:40.000391Z","level":"info","event":"_download_pdf - Pdf downloaded from : https://assets.scriptslug.com/live/pdf/scripts/blue-jasmine-2013.pdf?v=1729114874","logger":"root","filename":"ingestion_dag_3.py","lineno":180}
{"timestamp":"2025-11-18T15:42:40.984680Z","level":"info","event":"_download_pdf - Pdf downloaded from : https://assets.scriptslug.com/live/pdf/scripts/blue-ruin-2013.pdf?v=1729114874","logger":"root","filename":"ingestion_dag_3.py","lineno":180}
{"timestamp":"2025-11-18T15:42:41.505478Z","level":"info","event":"_download_pdf - Pdf downloaded from : https://assets.scriptslug.com/live/pdf/scripts/blue-valentine-2010.pdf?v=1729114875","logger":"root","filename":"ingestion_dag_3.py","lineno":180}
{"timestamp":"2025-11-18T15:42:47.451741Z","level":"info","event":"_download_pdf - Pdf downloaded from : https://assets.scriptslug.com/live/pdf/scripts/blue-velvet-1986.pdf?v=1729114875","logger":"root","filename":"ingestion_dag_3.py","lineno":180}
{"timestamp":"2025-11-18T15:42:49.101729Z","level":"info","event":"_download_pdf - Pdf downloaded from : https://assets.scriptslug.com/live/pdf/scripts/body-heat-1981.pdf?v=1729114875","logger":"root","filename":"ingestion_dag_3.py","lineno":180}
{"timestamp":"2025-11-18T15:42:50.309535Z","level":"info","event":"_download_pdf - Pdf downloaded from : https://assets.scriptslug.com/live/pdf/scripts/bohemian-rhapsody-2018.pdf?v=1729114875","logger":"root","filename":"ingestion_dag_3.py","lineno":180}
{"timestamp":"2025-11-18T15:42:51.182015Z","level":"info","event":"_download_pdf - Pdf downloaded from : https://assets.scriptslug.com/live/pdf/scripts/bones-and-all-2022.pdf?v=1729114875","logger":"root","filename":"ingestion_dag_3.py","lineno":180}
{"timestamp":"2025-11-18T15:42:54.692782Z","level":"info","event":"_download_pdf - Pdf downloaded from : https://assets.scriptslug.com/live/pdf/scripts/boogie-nights-1997.pdf?v=1729114875","logger":"root","filename":"ingestion_dag_3.py","lineno":180}
{"timestamp":"2025-11-18T15:42:55.261010Z","level":"info","event":"_download_pdf - Pdf downloaded from : https://assets.scriptslug.com/live/pdf/scripts/booksmart-2019.pdf?v=1729114875","logger":"root","filename":"ingestion_dag_3.py","lineno":180}
{"timestamp":"2025-11-18T15:42:56.047881Z","level":"info","event":"_download_pdf - Pdf downloaded from : https://assets.scriptslug.com/live/pdf/scripts/bookworm-2024.pdf?v=1738547432","logger":"root","filename":"ingestion_dag_3.py","lineno":180}
{"timestamp":"2025-11-18T15:42:58.994087Z","level":"info","event":"_download_pdf - Pdf downloaded from : https://assets.scriptslug.com/live/pdf/scripts/boomerang-1992.pdf?v=1729114875","logger":"root","filename":"ingestion_dag_3.py","lineno":180}
{"timestamp":"2025-11-18T15:43:02.689483Z","level":"info","event":"_download_pdf - Pdf downloaded from : https://assets.scriptslug.com/live/pdf/scripts/booty-call-1997.pdf?v=1729114876","logger":"root","filename":"ingestion_dag_3.py","lineno":180}
{"timestamp":"2025-11-18T15:43:03.650831Z","level":"info","event":"_download_pdf - Pdf downloaded from : https://assets.scriptslug.com/live/pdf/scripts/borat-subsequent-moviefilm-2020.pdf?v=1729114876","logger":"root","filename":"ingestion_dag_3.py","lineno":180}
{"timestamp":"2025-11-18T15:43:06.773092Z","level":"info","event":"_download_pdf - Pdf downloaded from : https://assets.scriptslug.com/live/pdf/scripts/born-on-the-fourth-of-july-1989.pdf?v=1729114876","logger":"root","filename":"ingestion_dag_3.py","lineno":180}
{"timestamp":"2025-11-18T15:43:07.397295Z","level":"info","event":"_download_pdf - Pdf downloaded from : https://assets.scriptslug.com/live/pdf/scripts/bottoms-2023.pdf?v=1729114876","logger":"root","filename":"ingestion_dag_3.py","lineno":180}
{"timestamp":"2025-11-18T15:43:08.081724Z","level":"info","event":"_download_pdf - Pdf downloaded from : https://assets.scriptslug.com/live/pdf/scripts/bound-1996.pdf?v=1729114876","logger":"root","filename":"ingestion_dag_3.py","lineno":180}
{"timestamp":"2025-11-18T15:43:12.836711Z","level":"info","event":"_download_pdf - Pdf downloaded from : https://assets.scriptslug.com/live/pdf/scripts/bowfinger-1999.pdf?v=1729114876","logger":"root","filename":"ingestion_dag_3.py","lineno":180}
{"timestamp":"2025-11-18T15:43:14.057768Z","level":"info","event":"_download_pdf - Pdf downloaded from : https://assets.scriptslug.com/live/pdf/scripts/boy-erased-2018.pdf?v=1729114876","logger":"root","filename":"ingestion_dag_3.py","lineno":180}
{"timestamp":"2025-11-18T15:43:14.959263Z","level":"info","event":"_download_pdf - Pdf downloaded from : https://assets.scriptslug.com/live/pdf/scripts/boyhood-2014.pdf?v=1729114876","logger":"root","filename":"ingestion_dag_3.py","lineno":180}
{"timestamp":"2025-11-18T15:43:18.610953Z","level":"info","event":"_download_pdf - Pdf downloaded from : https://assets.scriptslug.com/live/pdf/scripts/boyz-in-the-hood-1991.pdf?v=1729114877","logger":"root","filename":"ingestion_dag_3.py","lineno":180}
{"timestamp":"2025-11-18T15:43:19.424434Z","level":"info","event":"_download_pdf - Pdf downloaded from : https://assets.scriptslug.com/live/pdf/scripts/brads-status-2017.pdf?v=1729114877","logger":"root","filename":"ingestion_dag_3.py","lineno":180}
{"timestamp":"2025-11-18T15:43:21.445308Z","level":"info","event":"_download_pdf - Pdf downloaded from : https://assets.scriptslug.com/live/pdf/scripts/bram-stokers-dracula-1992.pdf?v=1729114877","logger":"root","filename":"ingestion_dag_3.py","lineno":180}
{"timestamp":"2025-11-18T15:43:22.138160Z","level":"info","event":"_download_pdf - Pdf downloaded from : https://assets.scriptslug.com/live/pdf/scripts/braveheart-1995.pdf?v=1729114877","logger":"root","filename":"ingestion_dag_3.py","lineno":180}
{"timestamp":"2025-11-18T15:43:26.975501Z","level":"info","event":"_download_pdf - Pdf downloaded from : https://assets.scriptslug.com/live/pdf/scripts/breach-2007.pdf?v=1729114877","logger":"root","filename":"ingestion_dag_3.py","lineno":180}
{"timestamp":"2025-11-18T15:43:29.656638Z","level":"info","event":"_download_pdf - Pdf downloaded from : https://assets.scriptslug.com/live/pdf/scripts/breaking-away-1979.pdf?v=1729114877","logger":"root","filename":"ingestion_dag_3.py","lineno":180}
{"timestamp":"2025-11-18T15:43:30.706636Z","level":"info","event":"_download_pdf - Pdf downloaded from : https://assets.scriptslug.com/live/pdf/scripts/breathe-2017.pdf?v=1729114878","logger":"root","filename":"ingestion_dag_3.py","lineno":180}
{"timestamp":"2025-11-18T15:43:31.672828Z","level":"info","event":"_download_pdf - Pdf downloaded from : https://assets.scriptslug.com/live/pdf/scripts/brick-2005.pdf?v=1729114878","logger":"root","filename":"ingestion_dag_3.py","lineno":180}
{"timestamp":"2025-11-18T15:43:42.001369Z","level":"info","event":"_download_pdf - Pdf downloaded from : https://assets.scriptslug.com/live/pdf/scripts/bride-of-chucky-1998.pdf?v=1729114879","logger":"root","filename":"ingestion_dag_3.py","lineno":180}
{"timestamp":"2025-11-18T15:43:43.078748Z","level":"info","event":"_download_pdf - Pdf downloaded from : https://assets.scriptslug.com/live/pdf/scripts/bridesmaids-2011.pdf?v=1729114879","logger":"root","filename":"ingestion_dag_3.py","lineno":180}
{"timestamp":"2025-11-18T15:43:44.157732Z","level":"info","event":"_download_pdf - Pdf downloaded from : https://assets.scriptslug.com/live/pdf/scripts/bridge-of-spies-2015.pdf?v=1729114879","logger":"root","filename":"ingestion_dag_3.py","lineno":180}
{"timestamp":"2025-11-18T15:43:49.616849Z","level":"info","event":"_download_pdf - Pdf downloaded from : https://assets.scriptslug.com/live/pdf/scripts/bridget-jones-diary-2001.pdf?v=1729114879","logger":"root","filename":"ingestion_dag_3.py","lineno":180}
{"timestamp":"2025-11-18T15:43:50.770053Z","level":"info","event":"_download_pdf - Pdf downloaded from : https://assets.scriptslug.com/live/pdf/scripts/bridget-joness-baby-2016.pdf?v=1729114879","logger":"root","filename":"ingestion_dag_3.py","lineno":180}
{"timestamp":"2025-11-18T15:43:51.485100Z","level":"info","event":"_download_pdf - Pdf downloaded from : https://assets.scriptslug.com/live/pdf/scripts/bright-2017.pdf?v=1729114879","logger":"root","filename":"ingestion_dag_3.py","lineno":180}
{"timestamp":"2025-11-18T15:43:53.000669Z","level":"info","event":"_download_pdf - Pdf downloaded from : https://assets.scriptslug.com/live/pdf/scripts/brightburn-2019.pdf?v=1729114879","logger":"root","filename":"ingestion_dag_3.py","lineno":180}
{"timestamp":"2025-11-18T15:43:55.890380Z","level":"info","event":"_download_pdf - Pdf downloaded from : https://assets.scriptslug.com/live/pdf/scripts/broadcast-new-1987.pdf?v=1729114879","logger":"root","filename":"ingestion_dag_3.py","lineno":180}
{"timestamp":"2025-11-18T15:43:58.525111Z","level":"info","event":"_download_pdf - Pdf downloaded from : https://assets.scriptslug.com/live/pdf/scripts/brokeback-mountain-2005.pdf?v=1729114879","logger":"root","filename":"ingestion_dag_3.py","lineno":180}
{"timestamp":"2025-11-18T15:43:59.459855Z","level":"info","event":"_download_pdf - Pdf downloaded from : https://assets.scriptslug.com/live/pdf/scripts/broken-arrow-1996.pdf?v=1729114880","logger":"root","filename":"ingestion_dag_3.py","lineno":180}
{"timestamp":"2025-11-18T15:44:00.154583Z","level":"info","event":"_download_pdf - Pdf downloaded from : https://assets.scriptslug.com/live/pdf/scripts/brooklyn-2015.pdf?v=1729114880","logger":"root","filename":"ingestion_dag_3.py","lineno":180}
{"timestamp":"2025-11-18T15:44:00.857643Z","level":"info","event":"_download_pdf - Pdf downloaded from : https://assets.scriptslug.com/live/pdf/scripts/buffy-the-vampire-slayer-1992.pdf?v=1729114880","logger":"root","filename":"ingestion_dag_3.py","lineno":180}
{"timestamp":"2025-11-18T15:44:02.086542Z","level":"info","event":"_download_pdf - Pdf downloaded from : https://assets.scriptslug.com/live/pdf/scripts/buried-2010.pdf?v=1729114880","logger":"root","filename":"ingestion_dag_3.py","lineno":180}
{"timestamp":"2025-11-18T15:44:05.484188Z","level":"info","event":"_download_pdf - Pdf downloaded from : https://assets.scriptslug.com/live/pdf/scripts/burn-after-reading-2008.pdf?v=1729114880","logger":"root","filename":"ingestion_dag_3.py","lineno":180}
{"timestamp":"2025-11-18T15:44:14.286727Z","level":"info","event":"_download_pdf - Pdf downloaded from : https://assets.scriptslug.com/live/pdf/scripts/burnt-2015.pdf?v=1729114880","logger":"root","filename":"ingestion_dag_3.py","lineno":180}
{"timestamp":"2025-11-18T15:44:18.238064Z","level":"info","event":"_download_pdf - Pdf downloaded from : https://assets.scriptslug.com/live/pdf/scripts/butch-cassidy-and-the-sundance-kid-1969.pdf?v=1729114880","logger":"root","filename":"ingestion_dag_3.py","lineno":180}
{"timestamp":"2025-11-18T15:44:21.010496Z","level":"info","event":"_download_pdf - Pdf downloaded from : https://assets.scriptslug.com/live/pdf/scripts/caddyshack-1980.pdf?v=1729114881","logger":"root","filename":"ingestion_dag_3.py","lineno":180}
{"timestamp":"2025-11-18T15:44:21.634094Z","level":"info","event":"_download_pdf - Pdf downloaded from : https://assets.scriptslug.com/live/pdf/scripts/call-me-by-your-name-2017.pdf?v=1729114881","logger":"root","filename":"ingestion_dag_3.py","lineno":180}
{"timestamp":"2025-11-18T15:44:23.557632Z","level":"info","event":"_download_pdf - Pdf downloaded from : https://assets.scriptslug.com/live/pdf/scripts/can-you-ever-forgive-me-2018.pdf?v=1729114882","logger":"root","filename":"ingestion_dag_3.py","lineno":180}
{"timestamp":"2025-11-18T15:44:26.431358Z","level":"info","event":"_download_pdf - Pdf downloaded from : https://assets.scriptslug.com/live/pdf/scripts/candyman-1992.pdf?v=1729114882","logger":"root","filename":"ingestion_dag_3.py","lineno":180}
{"timestamp":"2025-11-18T15:44:27.263582Z","level":"info","event":"_download_pdf - Pdf downloaded from : https://assets.scriptslug.com/live/pdf/scripts/candyman-2021.pdf?v=1729114882","logger":"root","filename":"ingestion_dag_3.py","lineno":180}
{"timestamp":"2025-11-18T15:44:30.390171Z","level":"info","event":"_download_pdf - Pdf downloaded from : https://assets.scriptslug.com/live/pdf/scripts/cape-fear-1962.pdf?v=1729114882","logger":"root","filename":"ingestion_dag_3.py","lineno":180}
{"timestamp":"2025-11-18T15:44:32.144907Z","level":"info","event":"_download_pdf - Pdf downloaded from : https://assets.scriptslug.com/live/pdf/scripts/capharnaum-2018.pdf?v=1729114882","logger":"root","filename":"ingestion_dag_3.py","lineno":180}
{"timestamp":"2025-11-18T15:44:36.489944Z","level":"info","event":"_download_pdf - Pdf downloaded from : https://assets.scriptslug.com/live/pdf/scripts/capote-2005.pdf?v=1729114882","logger":"root","filename":"ingestion_dag_3.py","lineno":180}
{"timestamp":"2025-11-18T15:44:37.076657Z","level":"info","event":"_download_pdf - Pdf downloaded from : https://assets.scriptslug.com/live/pdf/scripts/captain-america-the-first-avenger-20.pdf?v=1729114882","logger":"root","filename":"ingestion_dag_3.py","lineno":180}
{"timestamp":"2025-11-18T15:44:37.840971Z","level":"info","event":"_download_pdf - Pdf downloaded from : https://assets.scriptslug.com/live/pdf/scripts/captain-fantastic-2016.pdf?v=1729114882","logger":"root","filename":"ingestion_dag_3.py","lineno":180}
{"timestamp":"2025-11-18T15:44:41.232207Z","level":"info","event":"_download_pdf - Pdf downloaded from : https://assets.scriptslug.com/live/pdf/scripts/car-wash-1976.pdf?v=1729114882","logger":"root","filename":"ingestion_dag_3.py","lineno":180}
{"timestamp":"2025-11-18T15:44:45.018580Z","level":"info","event":"_download_pdf - Pdf downloaded from : https://assets.scriptslug.com/live/pdf/scripts/carlitos-way-1993.pdf?v=1729114882","logger":"root","filename":"ingestion_dag_3.py","lineno":180}
{"timestamp":"2025-11-18T15:44:45.688074Z","level":"info","event":"_download_pdf - Pdf downloaded from : https://assets.scriptslug.com/live/pdf/scripts/carnage-2011.pdf?v=1729114883","logger":"root","filename":"ingestion_dag_3.py","lineno":180}
{"timestamp":"2025-11-18T15:44:46.545439Z","level":"info","event":"_download_pdf - Pdf downloaded from : https://assets.scriptslug.com/live/pdf/scripts/carol-2015.pdf?v=1729114883","logger":"root","filename":"ingestion_dag_3.py","lineno":180}
{"timestamp":"2025-11-18T15:44:49.216956Z","level":"info","event":"_download_pdf - Pdf downloaded from : https://assets.scriptslug.com/live/pdf/scripts/carrie-1976.pdf?v=1729114883","logger":"root","filename":"ingestion_dag_3.py","lineno":180}
{"timestamp":"2025-11-18T15:44:53.970672Z","level":"info","event":"_download_pdf - Pdf downloaded from : https://assets.scriptslug.com/live/pdf/scripts/casablanca-1942.pdf?v=1729114883","logger":"root","filename":"ingestion_dag_3.py","lineno":180}
{"timestamp":"2025-11-18T15:44:56.913235Z","level":"info","event":"_download_pdf - Pdf downloaded from : https://assets.scriptslug.com/live/pdf/scripts/casino-1995.pdf?v=1729114883","logger":"root","filename":"ingestion_dag_3.py","lineno":180}
{"timestamp":"2025-11-18T15:45:01.718371Z","level":"info","event":"_download_pdf - Pdf downloaded from : https://assets.scriptslug.com/live/pdf/scripts/casino-royale-2006_180309_060624.pdf?v=1729115069","logger":"root","filename":"ingestion_dag_3.py","lineno":180}
{"timestamp":"2025-11-18T15:45:11.493734Z","level":"info","event":"_download_pdf - Pdf downloaded from : https://assets.scriptslug.com/live/pdf/scripts/casper-1995.pdf?v=1729114883","logger":"root","filename":"ingestion_dag_3.py","lineno":180}
{"timestamp":"2025-11-18T15:45:12.144481Z","level":"info","event":"_download_pdf - Pdf downloaded from : https://assets.scriptslug.com/live/pdf/scripts/cassandro-2023.pdf?v=1729114883","logger":"root","filename":"ingestion_dag_3.py","lineno":180}
{"timestamp":"2025-11-18T15:45:12.868202Z","level":"info","event":"_download_pdf - Pdf downloaded from : https://assets.scriptslug.com/live/pdf/scripts/cast-away-2000.pdf?v=1729114883","logger":"root","filename":"ingestion_dag_3.py","lineno":180}
{"timestamp":"2025-11-18T15:45:14.694043Z","level":"info","event":"_download_pdf - Pdf downloaded from : https://assets.scriptslug.com/live/pdf/scripts/catch-me-if-you-can-2002.pdf?v=1729114884","logger":"root","filename":"ingestion_dag_3.py","lineno":180}
{"timestamp":"2025-11-18T15:45:15.593555Z","level":"info","event":"_download_pdf - Pdf downloaded from : https://assets.scriptslug.com/live/pdf/scripts/catherine-called-birdy-2022.pdf?v=1729114884","logger":"root","filename":"ingestion_dag_3.py","lineno":180}
{"timestamp":"2025-11-18T15:45:21.673829Z","level":"info","event":"_download_pdf - Pdf downloaded from : https://assets.scriptslug.com/live/pdf/scripts/cb4-1993.pdf?v=1729114884","logger":"root","filename":"ingestion_dag_3.py","lineno":180}
{"timestamp":"2025-11-18T15:45:28.911001Z","level":"info","event":"_download_pdf - Pdf downloaded from : https://assets.scriptslug.com/live/pdf/scripts/challengers-2024.pdf?v=1735776661","logger":"root","filename":"ingestion_dag_3.py","lineno":180}
{"timestamp":"2025-11-18T15:45:38.307401Z","level":"info","event":"_download_pdf - Pdf downloaded from : https://assets.scriptslug.com/live/pdf/scripts/chaplin-1992.pdf?v=1729114884","logger":"root","filename":"ingestion_dag_3.py","lineno":180}
{"timestamp":"2025-11-18T15:45:45.877346Z","level":"info","event":"_download_pdf - Pdf downloaded from : https://assets.scriptslug.com/live/pdf/scripts/chariots-of-fire-1981.pdf?v=1729114884","logger":"root","filename":"ingestion_dag_3.py","lineno":180}
{"timestamp":"2025-11-18T15:45:46.779805Z","level":"info","event":"_download_pdf - Pdf downloaded from : https://assets.scriptslug.com/live/pdf/scripts/charlie-and-the-choclate-factory-2005.pdf?v=1729114884","logger":"root","filename":"ingestion_dag_3.py","lineno":180}
{"timestamp":"2025-11-18T15:45:49.957089Z","level":"info","event":"_download_pdf - Pdf downloaded from : https://assets.scriptslug.com/live/pdf/scripts/charlie-bartlett-2007.pdf?v=1729114884","logger":"root","filename":"ingestion_dag_3.py","lineno":180}
{"timestamp":"2025-11-18T15:45:54.605421Z","level":"info","event":"_download_pdf - Pdf downloaded from : https://assets.scriptslug.com/live/pdf/scripts/charlie-wilsons-war-2007.pdf?v=1729114885","logger":"root","filename":"ingestion_dag_3.py","lineno":180}
{"timestamp":"2025-11-18T15:45:58.968345Z","level":"info","event":"_download_pdf - Pdf downloaded from : https://assets.scriptslug.com/live/pdf/scripts/chasing-amy-1997.pdf?v=1729114885","logger":"root","filename":"ingestion_dag_3.py","lineno":180}
{"timestamp":"2025-11-18T15:45:59.511252Z","level":"info","event":"_download_pdf - Pdf downloaded from : https://assets.scriptslug.com/live/pdf/scripts/chef-2015.pdf?v=1729114885","logger":"root","filename":"ingestion_dag_3.py","lineno":180}
{"timestamp":"2025-11-18T15:46:00.412163Z","level":"info","event":"_download_pdf - Pdf downloaded from : https://assets.scriptslug.com/live/pdf/scripts/cherry-2021.pdf?v=1729114885","logger":"root","filename":"ingestion_dag_3.py","lineno":180}
{"timestamp":"2025-11-18T15:46:03.500276Z","level":"info","event":"_download_pdf - Pdf downloaded from : https://assets.scriptslug.com/live/pdf/scripts/children-of-men-2006.pdf?v=1729114886","logger":"root","filename":"ingestion_dag_3.py","lineno":180}
{"timestamp":"2025-11-18T15:46:08.118500Z","level":"info","event":"_download_pdf - Pdf downloaded from : https://assets.scriptslug.com/live/pdf/scripts/childs-play-1988.pdf?v=1729114886","logger":"root","filename":"ingestion_dag_3.py","lineno":180}
{"timestamp":"2025-11-18T15:46:08.862909Z","level":"info","event":"_download_pdf - Pdf downloaded from : https://assets.scriptslug.com/live/pdf/scripts/chinatown-1974.pdf?v=1729114886","logger":"root","filename":"ingestion_dag_3.py","lineno":180}
{"timestamp":"2025-11-18T15:46:15.299262Z","level":"info","event":"_download_pdf - Pdf downloaded from : https://assets.scriptslug.com/live/pdf/scripts/christine-1983.pdf?v=1729114886","logger":"root","filename":"ingestion_dag_3.py","lineno":180}
{"timestamp":"2025-11-18T15:46:16.621399Z","level":"info","event":"_download_pdf - Pdf downloaded from : https://assets.scriptslug.com/live/pdf/scripts/christmas-at-pee-wees-playhouse-1988.pdf?v=1729114886","logger":"root","filename":"ingestion_dag_3.py","lineno":180}
{"timestamp":"2025-11-18T15:46:17.696348Z","level":"info","event":"_download_pdf - Pdf downloaded from : https://assets.scriptslug.com/live/pdf/scripts/chronicle-2012.pdf?v=1729114886","logger":"root","filename":"ingestion_dag_3.py","lineno":180}
{"timestamp":"2025-11-18T15:46:20.985091Z","level":"info","event":"_download_pdf - Pdf downloaded from : https://assets.scriptslug.com/live/pdf/scripts/cinderella-man-2005.pdf?v=1729114886","logger":"root","filename":"ingestion_dag_3.py","lineno":180}
{"timestamp":"2025-11-18T15:46:21.718052Z","level":"info","event":"_download_pdf - Pdf downloaded from : https://assets.scriptslug.com/live/pdf/scripts/citizen-kane-1941.pdf?v=1729114886","logger":"root","filename":"ingestion_dag_3.py","lineno":180}
{"timestamp":"2025-11-18T15:46:25.048692Z","level":"info","event":"_download_pdf - Pdf downloaded from : https://assets.scriptslug.com/live/pdf/scripts/clear-and-present-danger-1994.pdf?v=1729114886","logger":"root","filename":"ingestion_dag_3.py","lineno":180}
{"timestamp":"2025-11-18T15:46:25.653841Z","level":"info","event":"_download_pdf - Pdf downloaded from : https://assets.scriptslug.com/live/pdf/scripts/clerks-1994.pdf?v=1729114887","logger":"root","filename":"ingestion_dag_3.py","lineno":180}
{"timestamp":"2025-11-18T15:46:26.474782Z","level":"info","event":"_download_pdf - Pdf downloaded from : https://assets.scriptslug.com/live/pdf/scripts/clearks-ii-2006.pdf?v=1729114887","logger":"root","filename":"ingestion_dag_3.py","lineno":180}
{"timestamp":"2025-11-18T15:46:31.531922Z","level":"info","event":"_download_pdf - Pdf downloaded from : https://assets.scriptslug.com/live/pdf/scripts/clockers-1995.pdf?v=1729114887","logger":"root","filename":"ingestion_dag_3.py","lineno":180}
{"timestamp":"2025-11-18T15:46:36.284396Z","level":"info","event":"_download_pdf - Pdf downloaded from : https://assets.scriptslug.com/live/pdf/scripts/close-encounters-of-the-third-kind-1977.pdf?v=1729114887","logger":"root","filename":"ingestion_dag_3.py","lineno":180}
{"timestamp":"2025-11-18T15:46:38.250832Z","level":"info","event":"_download_pdf - Pdf downloaded from : https://assets.scriptslug.com/live/pdf/scripts/cloud-atlas-2012.pdf?v=1729114887","logger":"root","filename":"ingestion_dag_3.py","lineno":180}
{"timestamp":"2025-11-18T15:46:41.430579Z","level":"info","event":"_download_pdf - Pdf downloaded from : https://assets.scriptslug.com/live/pdf/scripts/cloverfield-2008.pdf?v=1729114887","logger":"root","filename":"ingestion_dag_3.py","lineno":180}
{"timestamp":"2025-11-18T15:46:50.776857Z","level":"info","event":"_download_pdf - Pdf downloaded from : https://assets.scriptslug.com/live/pdf/scripts/clue-1985.pdf?v=1729114887","logger":"root","filename":"ingestion_dag_3.py","lineno":180}
{"timestamp":"2025-11-18T15:46:51.605377Z","level":"info","event":"_download_pdf - Pdf downloaded from : https://assets.scriptslug.com/live/pdf/scripts/cmon-cmon-2021.pdf?v=1729114887","logger":"root","filename":"ingestion_dag_3.py","lineno":180}
{"timestamp":"2025-11-18T15:46:52.579419Z","level":"info","event":"_download_pdf - Pdf downloaded from : https://assets.scriptslug.com/live/pdf/scripts/coco-2017.pdf?v=1729114888","logger":"root","filename":"ingestion_dag_3.py","lineno":180}
{"timestamp":"2025-11-18T15:46:55.665919Z","level":"info","event":"_download_pdf - Pdf downloaded from : https://assets.scriptslug.com/live/pdf/scripts/cocoon-1985.pdf?v=1729114888","logger":"root","filename":"ingestion_dag_3.py","lineno":180}
{"timestamp":"2025-11-18T15:46:56.691474Z","level":"info","event":"_download_pdf - Pdf downloaded from : https://assets.scriptslug.com/live/pdf/scripts/coda-2021.pdf?v=1729114888","logger":"root","filename":"ingestion_dag_3.py","lineno":180}
{"timestamp":"2025-11-18T15:46:57.812280Z","level":"info","event":"_download_pdf - Pdf downloaded from : https://assets.scriptslug.com/live/pdf/scripts/cold-mountain-2003.pdf?v=1729114888","logger":"root","filename":"ingestion_dag_3.py","lineno":180}
{"timestamp":"2025-11-18T15:47:00.406123Z","level":"info","event":"_download_pdf - Pdf downloaded from : https://assets.scriptslug.com/live/pdf/scripts/colette-2018.pdf?v=1729114888","logger":"root","filename":"ingestion_dag_3.py","lineno":180}
{"timestamp":"2025-11-18T15:47:01.108668Z","level":"info","event":"_download_pdf - Pdf downloaded from : https://assets.scriptslug.com/live/pdf/scripts/collateral-2004.pdf?v=1729114888","logger":"root","filename":"ingestion_dag_3.py","lineno":180}
{"timestamp":"2025-11-18T15:47:02.026689Z","level":"info","event":"_download_pdf - Pdf downloaded from : https://assets.scriptslug.com/live/pdf/scripts/color-of-night-1994.pdf?v=1729114888","logger":"root","filename":"ingestion_dag_3.py","lineno":180}
{"timestamp":"2025-11-18T15:47:03.174358Z","level":"info","event":"_download_pdf - Pdf downloaded from : https://assets.scriptslug.com/live/pdf/scripts/come-to-daddy-2020.pdf?v=1729114889","logger":"root","filename":"ingestion_dag_3.py","lineno":180}
{"timestamp":"2025-11-18T15:47:08.663227Z","level":"info","event":"_download_pdf - Pdf downloaded from : https://assets.scriptslug.com/live/pdf/scripts/coming-home-1978.pdf?v=1729114889","logger":"root","filename":"ingestion_dag_3.py","lineno":180}
{"timestamp":"2025-11-18T15:47:11.588096Z","level":"info","event":"_download_pdf - Pdf downloaded from : https://assets.scriptslug.com/live/pdf/scripts/coming-to-america-1988.pdf?v=1729114889","logger":"root","filename":"ingestion_dag_3.py","lineno":180}
{"timestamp":"2025-11-18T15:47:15.022746Z","level":"info","event":"_download_pdf - Pdf downloaded from : https://assets.scriptslug.com/live/pdf/scripts/commando-1985.pdf?v=1729114889","logger":"root","filename":"ingestion_dag_3.py","lineno":180}
{"timestamp":"2025-11-18T15:47:18.326006Z","level":"info","event":"_download_pdf - Pdf downloaded from : https://assets.scriptslug.com/live/pdf/scripts/con-air-1997.pdf?v=1729114889","logger":"root","filename":"ingestion_dag_3.py","lineno":180}
{"timestamp":"2025-11-18T15:47:19.216148Z","level":"info","event":"_download_pdf - Pdf downloaded from : https://assets.scriptslug.com/live/pdf/scripts/conclave-2024.pdf?v=1738463617","logger":"root","filename":"ingestion_dag_3.py","lineno":180}
{"timestamp":"2025-11-18T15:47:22.218967Z","level":"info","event":"_download_pdf - Pdf downloaded from : https://assets.scriptslug.com/live/pdf/scripts/conheads-1993.pdf?v=1729114890","logger":"root","filename":"ingestion_dag_3.py","lineno":180}
{"timestamp":"2025-11-18T15:47:23.042106Z","level":"info","event":"_download_pdf - Pdf downloaded from : https://assets.scriptslug.com/live/pdf/scripts/constantine-2005.pdf?v=1729114890","logger":"root","filename":"ingestion_dag_3.py","lineno":180}
{"timestamp":"2025-11-18T15:47:24.513288Z","level":"info","event":"_download_pdf - Pdf downloaded from : https://assets.scriptslug.com/live/pdf/scripts/contact-1997.pdf?v=1729114890","logger":"root","filename":"ingestion_dag_3.py","lineno":180}
{"timestamp":"2025-11-18T15:47:26.995321Z","level":"info","event":"_download_pdf - Pdf downloaded from : https://assets.scriptslug.com/live/pdf/scripts/contagion-2011.pdf?v=1729114890","logger":"root","filename":"ingestion_dag_3.py","lineno":180}
{"timestamp":"2025-11-18T15:47:36.741208Z","level":"info","event":"_download_pdf - Pdf downloaded from : https://assets.scriptslug.com/live/pdf/scripts/cool-hand-luke-1967.pdf?v=1729114890","logger":"root","filename":"ingestion_dag_3.py","lineno":180}
{"timestamp":"2025-11-18T15:47:39.735067Z","level":"info","event":"_download_pdf - Pdf downloaded from : https://assets.scriptslug.com/live/pdf/scripts/cool-runnings-1993.pdf?v=1729114890","logger":"root","filename":"ingestion_dag_3.py","lineno":180}
{"timestamp":"2025-11-18T15:47:43.825929Z","level":"info","event":"_download_pdf - Pdf downloaded from : https://assets.scriptslug.com/live/pdf/scripts/copycat-1995.pdf?v=1729114890","logger":"root","filename":"ingestion_dag_3.py","lineno":180}
{"timestamp":"2025-11-18T15:47:44.909805Z","level":"info","event":"_download_pdf - Pdf downloaded from : https://assets.scriptslug.com/live/pdf/scripts/coraline-2009.pdf?v=1729114890","logger":"root","filename":"ingestion_dag_3.py","lineno":180}
{"timestamp":"2025-11-18T15:47:45.935485Z","level":"info","event":"_download_pdf - Pdf downloaded from : https://assets.scriptslug.com/live/pdf/scripts/corpse-bride-2005.pdf?v=1729114891","logger":"root","filename":"ingestion_dag_3.py","lineno":180}
{"timestamp":"2025-11-18T15:47:47.122375Z","level":"info","event":"_download_pdf - Pdf downloaded from : https://assets.scriptslug.com/live/pdf/scripts/courage-under-fire-1996.pdf?v=1729114891","logger":"root","filename":"ingestion_dag_3.py","lineno":180}
{"timestamp":"2025-11-18T15:47:48.949028Z","level":"info","event":"_download_pdf - Pdf downloaded from : https://assets.scriptslug.com/live/pdf/scripts/crash-2004.pdf?v=1729114891","logger":"root","filename":"ingestion_dag_3.py","lineno":180}
{"timestamp":"2025-11-18T15:47:49.555230Z","level":"info","event":"_download_pdf - Pdf downloaded from : https://assets.scriptslug.com/live/pdf/scripts/crawl-2019.pdf?v=1729114891","logger":"root","filename":"ingestion_dag_3.py","lineno":180}
{"timestamp":"2025-11-18T15:47:50.341215Z","level":"info","event":"_download_pdf - Pdf downloaded from : https://assets.scriptslug.com/live/pdf/scripts/crazy-rich-asians-2018.pdf?v=1729114891","logger":"root","filename":"ingestion_dag_3.py","lineno":180}
{"timestamp":"2025-11-18T15:47:51.022977Z","level":"info","event":"_download_pdf - Pdf downloaded from : https://assets.scriptslug.com/live/pdf/scripts/crazy-stupid-love-2011.pdf?v=1729114891","logger":"root","filename":"ingestion_dag_3.py","lineno":180}
{"timestamp":"2025-11-18T15:47:51.814528Z","level":"info","event":"_download_pdf - Pdf downloaded from : https://assets.scriptslug.com/live/pdf/scripts/creed-2015.pdf?v=1729114891","logger":"root","filename":"ingestion_dag_3.py","lineno":180}
{"timestamp":"2025-11-18T15:47:52.401308Z","level":"info","event":"_download_pdf - Pdf downloaded from : https://assets.scriptslug.com/live/pdf/scripts/creed-ii-2018.pdf?v=1729114891","logger":"root","filename":"ingestion_dag_3.py","lineno":180}
{"timestamp":"2025-11-18T15:47:53.020370Z","level":"info","event":"_download_pdf - Pdf downloaded from : https://assets.scriptslug.com/live/pdf/scripts/creed-iii-2023.pdf?v=1729114891","logger":"root","filename":"ingestion_dag_3.py","lineno":180}
{"timestamp":"2025-11-18T15:47:53.483382Z","level":"info","event":"_download_pdf - Pdf downloaded from : https://assets.scriptslug.com/live/pdf/scripts/crimson-peak-2015.pdf?v=1729114891","logger":"root","filename":"ingestion_dag_3.py","lineno":180}
{"timestamp":"2025-11-18T15:47:56.597105Z","level":"info","event":"_download_pdf - Pdf downloaded from : https://assets.scriptslug.com/live/pdf/scripts/critters-1986.pdf?v=1729114892","logger":"root","filename":"ingestion_dag_3.py","lineno":180}
{"timestamp":"2025-11-18T15:47:58.691538Z","level":"info","event":"_download_pdf - Pdf downloaded from : https://assets.scriptslug.com/live/pdf/scripts/curly-sue-1991.pdf?v=1729114892","logger":"root","filename":"ingestion_dag_3.py","lineno":180}
{"timestamp":"2025-11-18T15:47:59.376939Z","level":"info","event":"_download_pdf - Pdf downloaded from : https://assets.scriptslug.com/live/pdf/scripts/cyrano-2022.pdf?v=1729114892","logger":"root","filename":"ingestion_dag_3.py","lineno":180}
{"timestamp":"2025-11-18T15:48:05.709166Z","level":"info","event":"_download_pdf - Pdf downloaded from : https://assets.scriptslug.com/live/pdf/scripts/d2-the-mighty-ducks-1994.pdf?v=1729114892","logger":"root","filename":"ingestion_dag_3.py","lineno":180}
{"timestamp":"2025-11-18T15:48:09.419718Z","level":"info","event":"_download_pdf - Pdf downloaded from : https://assets.scriptslug.com/live/pdf/scripts/d3-the-mighty-ducks-1996.pdf?v=1729114892","logger":"root","filename":"ingestion_dag_3.py","lineno":180}
{"timestamp":"2025-11-18T15:48:10.769767Z","level":"info","event":"_download_pdf - Pdf downloaded from : https://assets.scriptslug.com/live/pdf/scripts/da-5-bloods-2020.pdf?v=1729114892","logger":"root","filename":"ingestion_dag_3.py","lineno":180}
{"timestamp":"2025-11-18T15:48:11.602802Z","level":"info","event":"_download_pdf - Pdf downloaded from : https://assets.scriptslug.com/live/pdf/scripts/dallas-buyers-club-2013.pdf?v=1729114892","logger":"root","filename":"ingestion_dag_3.py","lineno":180}
{"timestamp":"2025-11-18T15:48:17.239153Z","level":"info","event":"_download_pdf - Pdf downloaded from : https://assets.scriptslug.com/live/pdf/scripts/dances-with-wolves-1990.pdf?v=1729114892","logger":"root","filename":"ingestion_dag_3.py","lineno":180}
{"timestamp":"2025-11-18T15:48:21.344853Z","level":"info","event":"_download_pdf - Pdf downloaded from : https://assets.scriptslug.com/live/pdf/scripts/daredevil-2003.pdf?v=1729114892","logger":"root","filename":"ingestion_dag_3.py","lineno":180}
{"timestamp":"2025-11-18T15:48:23.744293Z","level":"info","event":"_download_pdf - Pdf downloaded from : https://assets.scriptslug.com/live/pdf/scripts/dark-city-1998.pdf?v=1729114893","logger":"root","filename":"ingestion_dag_3.py","lineno":180}
{"timestamp":"2025-11-18T15:48:26.791043Z","level":"info","event":"_download_pdf - Pdf downloaded from : https://assets.scriptslug.com/live/pdf/scripts/darker-than-amber-1970.pdf?v=1729114893","logger":"root","filename":"ingestion_dag_3.py","lineno":180}
{"timestamp":"2025-11-18T15:48:27.947082Z","level":"info","event":"_download_pdf - Pdf downloaded from : https://assets.scriptslug.com/live/pdf/scripts/darkest-hour-2017.pdf?v=1729114893","logger":"root","filename":"ingestion_dag_3.py","lineno":180}
{"timestamp":"2025-11-18T15:48:30.500919Z","level":"info","event":"_download_pdf - Pdf downloaded from : https://assets.scriptslug.com/live/pdf/scripts/darkman-1990.pdf?v=1729114893","logger":"root","filename":"ingestion_dag_3.py","lineno":180}
{"timestamp":"2025-11-18T15:48:33.292540Z","level":"info","event":"_download_pdf - Pdf downloaded from : https://assets.scriptslug.com/live/pdf/scripts/dawn-of-the-dead-2004.pdf?v=1729114893","logger":"root","filename":"ingestion_dag_3.py","lineno":180}
{"timestamp":"2025-11-18T15:48:34.358060Z","level":"info","event":"_download_pdf - Pdf downloaded from : https://assets.scriptslug.com/live/pdf/scripts/dawn-of-the-planet-of-the-apes-2014.pdf?v=1729114893","logger":"root","filename":"ingestion_dag_3.py","lineno":180}
{"timestamp":"2025-11-18T15:48:35.304378Z","level":"info","event":"_download_pdf - Pdf downloaded from : https://assets.scriptslug.com/live/pdf/scripts/days-of-heaven-1978.pdf?v=1729114893","logger":"root","filename":"ingestion_dag_3.py","lineno":180}
{"timestamp":"2025-11-18T15:48:38.193219Z","level":"info","event":"_download_pdf - Pdf downloaded from : https://assets.scriptslug.com/live/pdf/scripts/dazed-and-confused-1993.pdf?v=1729114893","logger":"root","filename":"ingestion_dag_3.py","lineno":180}
{"timestamp":"2025-11-18T15:48:38.935252Z","level":"info","event":"_download_pdf - Pdf downloaded from : https://assets.scriptslug.com/live/pdf/scripts/dead-poets-society-1989.pdf?v=1729114893","logger":"root","filename":"ingestion_dag_3.py","lineno":180}
{"timestamp":"2025-11-18T15:48:39.570723Z","level":"info","event":"_download_pdf - Pdf downloaded from : https://assets.scriptslug.com/live/pdf/scripts/deadpool-2016.pdf?v=1729114893","logger":"root","filename":"ingestion_dag_3.py","lineno":180}
{"timestamp":"2025-11-18T15:48:42.704731Z","level":"info","event":"_download_pdf - Pdf downloaded from : https://assets.scriptslug.com/live/pdf/scripts/deadpool-and-wolverine-2024.pdf?v=1738462441","logger":"root","filename":"ingestion_dag_3.py","lineno":180}
{"timestamp":"2025-11-18T15:48:43.430139Z","level":"info","event":"_download_pdf - Pdf downloaded from : https://assets.scriptslug.com/live/pdf/scripts/dear-white-people-2014.pdf?v=1729114894","logger":"root","filename":"ingestion_dag_3.py","lineno":180}
{"timestamp":"2025-11-18T15:48:45.230116Z","level":"info","event":"_download_pdf - Pdf downloaded from : https://assets.scriptslug.com/live/pdf/scripts/death-at-a-funeral-2007.pdf?v=1729114894","logger":"root","filename":"ingestion_dag_3.py","lineno":180}
{"timestamp":"2025-11-18T15:49:08.693648Z","level":"info","event":"_download_pdf - Pdf downloaded from : https://assets.scriptslug.com/live/pdf/scripts/death-becomes-her-1992.pdf?v=1729114894","logger":"root","filename":"ingestion_dag_3.py","lineno":180}
{"timestamp":"2025-11-18T15:49:11.286707Z","level":"info","event":"_download_pdf - Pdf downloaded from : https://assets.scriptslug.com/live/pdf/scripts/death-note-2017.pdf?v=1729114894","logger":"root","filename":"ingestion_dag_3.py","lineno":180}
{"timestamp":"2025-11-18T15:49:17.226889Z","level":"info","event":"_download_pdf - Pdf downloaded from : https://assets.scriptslug.com/live/pdf/scripts/death-proof-2007.pdf?v=1729114894","logger":"root","filename":"ingestion_dag_3.py","lineno":180}
{"timestamp":"2025-11-18T15:49:19.036890Z","level":"info","event":"_download_pdf - Pdf downloaded from : https://assets.scriptslug.com/live/pdf/scripts/deep-star-six-1989.pdf?v=1729114895","logger":"root","filename":"ingestion_dag_3.py","lineno":180}
{"timestamp":"2025-11-18T15:49:20.238252Z","level":"info","event":"_download_pdf - Pdf downloaded from : https://assets.scriptslug.com/live/pdf/scripts/demolition-man-1993.pdf?v=1729114895","logger":"root","filename":"ingestion_dag_3.py","lineno":180}
{"timestamp":"2025-11-18T15:49:20.918939Z","level":"info","event":"_download_pdf - Pdf downloaded from : https://assets.scriptslug.com/live/pdf/scripts/den-of-thieves-2018.pdf?v=1729114895","logger":"root","filename":"ingestion_dag_3.py","lineno":180}
{"timestamp":"2025-11-18T15:49:22.335677Z","level":"info","event":"_download_pdf - Pdf downloaded from : https://assets.scriptslug.com/live/pdf/scripts/denial-2016.pdf?v=1729114895","logger":"root","filename":"ingestion_dag_3.py","lineno":180}
{"timestamp":"2025-11-18T15:49:23.392963Z","level":"info","event":"_download_pdf - Pdf downloaded from : https://assets.scriptslug.com/live/pdf/scripts/destroyer-2018.pdf?v=1729114895","logger":"root","filename":"ingestion_dag_3.py","lineno":180}
{"timestamp":"2025-11-18T15:49:30.525311Z","level":"info","event":"_download_pdf - Pdf downloaded from : https://assets.scriptslug.com/live/pdf/scripts/die-hard-1988.pdf?v=1729114895","logger":"root","filename":"ingestion_dag_3.py","lineno":180}
{"timestamp":"2025-11-18T15:49:35.576783Z","level":"info","event":"_download_pdf - Pdf downloaded from : https://assets.scriptslug.com/live/pdf/scripts/die-hard-2-1990.pdf?v=1729114896","logger":"root","filename":"ingestion_dag_3.py","lineno":180}
{"timestamp":"2025-11-18T15:49:39.452923Z","level":"info","event":"_download_pdf - Pdf downloaded from : https://assets.scriptslug.com/live/pdf/scripts/die-hard-with-a-vengeance-1995.pdf?v=1729114896","logger":"root","filename":"ingestion_dag_3.py","lineno":180}
{"timestamp":"2025-11-18T15:49:42.438759Z","level":"info","event":"_download_pdf - Pdf downloaded from : https://assets.scriptslug.com/live/pdf/scripts/dinner-for-schmucks-2010.pdf?v=1729114896","logger":"root","filename":"ingestion_dag_3.py","lineno":180}
{"timestamp":"2025-11-18T15:49:46.738675Z","level":"info","event":"_download_pdf - Pdf downloaded from : https://assets.scriptslug.com/live/pdf/scripts/dirty-girl-2010.pdf?v=1729114896","logger":"root","filename":"ingestion_dag_3.py","lineno":180}
{"timestamp":"2025-11-18T15:49:54.018178Z","level":"info","event":"_download_pdf - Pdf downloaded from : https://assets.scriptslug.com/live/pdf/scripts/dirty-harry-1971.pdf?v=1729114896","logger":"root","filename":"ingestion_dag_3.py","lineno":180}
{"timestamp":"2025-11-18T15:49:57.070281Z","level":"info","event":"_download_pdf - Pdf downloaded from : https://assets.scriptslug.com/live/pdf/scripts/disclosure-1994.pdf?v=1729114896","logger":"root","filename":"ingestion_dag_3.py","lineno":180}
{"timestamp":"2025-11-18T15:49:57.716437Z","level":"info","event":"_download_pdf - Pdf downloaded from : https://assets.scriptslug.com/live/pdf/scripts/disobedience-2018.pdf?v=1729114896","logger":"root","filename":"ingestion_dag_3.py","lineno":180}
{"timestamp":"2025-11-18T15:50:01.892658Z","level":"info","event":"_download_pdf - Pdf downloaded from : https://assets.scriptslug.com/live/pdf/scripts/disorderlies-1987.pdf?v=1729114896","logger":"root","filename":"ingestion_dag_3.py","lineno":180}
{"timestamp":"2025-11-18T15:50:04.886831Z","level":"info","event":"_download_pdf - Pdf downloaded from : https://assets.scriptslug.com/live/pdf/scripts/django-unchained-2012.pdf?v=1729114896","logger":"root","filename":"ingestion_dag_3.py","lineno":180}
{"timestamp":"2025-11-18T15:50:06.862507Z","level":"info","event":"_download_pdf - Pdf downloaded from : https://assets.scriptslug.com/live/pdf/scripts/do-the-right-thing-1989.pdf?v=1729114896","logger":"root","filename":"ingestion_dag_3.py","lineno":180}
{"timestamp":"2025-11-18T15:50:08.076448Z","level":"info","event":"_download_pdf - Pdf downloaded from : https://assets.scriptslug.com/live/pdf/scripts/doctor-sleep-2019.pdf?v=1729114897","logger":"root","filename":"ingestion_dag_3.py","lineno":180}
{"timestamp":"2025-11-18T15:50:14.316114Z","level":"info","event":"_download_pdf - Pdf downloaded from : https://assets.scriptslug.com/live/pdf/scripts/doctor-zhivago-1965.pdf?v=1729114897","logger":"root","filename":"ingestion_dag_3.py","lineno":180}
{"timestamp":"2025-11-18T15:50:20.742727Z","level":"info","event":"_download_pdf - Pdf downloaded from : https://assets.scriptslug.com/live/pdf/scripts/dogma-1999.pdf?v=1729114897","logger":"root","filename":"ingestion_dag_3.py","lineno":180}
{"timestamp":"2025-11-18T15:50:21.643453Z","level":"info","event":"_download_pdf - Pdf downloaded from : https://assets.scriptslug.com/live/pdf/scripts/dolemite-is-my-name-2019.pdf?v=1729114897","logger":"root","filename":"ingestion_dag_3.py","lineno":180}
{"timestamp":"2025-11-18T15:50:23.910964Z","level":"info","event":"_download_pdf - Pdf downloaded from : https://assets.scriptslug.com/live/pdf/scripts/dominion-2005.pdf?v=1729114897","logger":"root","filename":"ingestion_dag_3.py","lineno":180}
{"timestamp":"2025-11-18T15:50:25.761334Z","level":"info","event":"_download_pdf - Pdf downloaded from : https://assets.scriptslug.com/live/pdf/scripts/donnie-brasco-1997.pdf?v=1729114897","logger":"root","filename":"ingestion_dag_3.py","lineno":180}
{"timestamp":"2025-11-18T15:50:26.128592Z","level":"info","event":"_download_pdf - Pdf downloaded from : https://assets.scriptslug.com/live/pdf/scripts/donnie-darko-2001.pdf?v=1729114897","logger":"root","filename":"ingestion_dag_3.py","lineno":180}
{"timestamp":"2025-11-18T15:50:28.542781Z","level":"info","event":"_download_pdf - Pdf downloaded from : https://assets.scriptslug.com/live/pdf/scripts/dont-look-now-1973.pdf?v=1729114897","logger":"root","filename":"ingestion_dag_3.py","lineno":180}
{"timestamp":"2025-11-18T15:50:29.095455Z","level":"info","event":"_download_pdf - Pdf downloaded from : https://assets.scriptslug.com/live/pdf/scripts/dont-look-up-2021.pdf?v=1729114898","logger":"root","filename":"ingestion_dag_3.py","lineno":180}
{"timestamp":"2025-11-18T15:50:30.096679Z","level":"info","event":"_download_pdf - Pdf downloaded from : https://assets.scriptslug.com/live/pdf/scripts/dont-worry-darling-2022.pdf?v=1729114898","logger":"root","filename":"ingestion_dag_3.py","lineno":180}
{"timestamp":"2025-11-18T15:50:31.601139Z","level":"info","event":"_download_pdf - Pdf downloaded from : https://assets.scriptslug.com/live/pdf/scripts/doom-2005.pdf?v=1729114898","logger":"root","filename":"ingestion_dag_3.py","lineno":180}
{"timestamp":"2025-11-18T15:50:32.663653Z","level":"info","event":"_download_pdf - Pdf downloaded from : https://assets.scriptslug.com/live/pdf/scripts/dope-2015.pdf?v=1729114898","logger":"root","filename":"ingestion_dag_3.py","lineno":180}
{"timestamp":"2025-11-18T15:50:33.369883Z","level":"info","event":"_download_pdf - Pdf downloaded from : https://assets.scriptslug.com/live/pdf/scripts/doubt-2008.pdf?v=1729114898","logger":"root","filename":"ingestion_dag_3.py","lineno":180}
{"timestamp":"2025-11-18T15:50:34.754454Z","level":"info","event":"_download_pdf - Pdf downloaded from : https://assets.scriptslug.com/live/pdf/scripts/downhill-2020.pdf?v=1729114898","logger":"root","filename":"ingestion_dag_3.py","lineno":180}
{"timestamp":"2025-11-18T15:50:35.695845Z","level":"info","event":"_download_pdf - Pdf downloaded from : https://assets.scriptslug.com/live/pdf/scripts/downsizing-2017.pdf?v=1729114898","logger":"root","filename":"ingestion_dag_3.py","lineno":180}
{"timestamp":"2025-11-18T15:50:37.843446Z","level":"info","event":"_download_pdf - Pdf downloaded from : https://assets.scriptslug.com/live/pdf/scripts/downton-abbey-2019.pdf?v=1729114898","logger":"root","filename":"ingestion_dag_3.py","lineno":180}
{"timestamp":"2025-11-18T15:50:39.390283Z","level":"info","event":"_download_pdf - Pdf downloaded from : https://assets.scriptslug.com/live/pdf/scripts/dr-horribles-sing-along-blog-2008.pdf?v=1729114898","logger":"root","filename":"ingestion_dag_3.py","lineno":180}
{"timestamp":"2025-11-18T15:50:46.692264Z","level":"info","event":"_download_pdf - Pdf downloaded from : https://assets.scriptslug.com/live/pdf/scripts/dr-no-1962.pdf?v=1729114899","logger":"root","filename":"ingestion_dag_3.py","lineno":180}
{"timestamp":"2025-11-18T15:50:51.599653Z","level":"info","event":"_download_pdf - Pdf downloaded from : https://assets.scriptslug.com/live/pdf/scripts/dr-strangelove-or-how-i-learned-to-stop-worrying-and-love-the-bomb-1964.pdf?v=1729114899","logger":"root","filename":"ingestion_dag_3.py","lineno":180}
{"timestamp":"2025-11-18T15:50:52.115491Z","level":"info","event":"_download_pdf - Pdf downloaded from : https://assets.scriptslug.com/live/pdf/scripts/drag-me-to-hell-2009.pdf?v=1729114899","logger":"root","filename":"ingestion_dag_3.py","lineno":180}
{"timestamp":"2025-11-18T15:50:53.757402Z","level":"info","event":"_download_pdf - Pdf downloaded from : https://assets.scriptslug.com/live/pdf/scripts/dragonheart-1996.pdf?v=1729114899","logger":"root","filename":"ingestion_dag_3.py","lineno":180}
{"timestamp":"2025-11-18T15:50:54.280485Z","level":"info","event":"_download_pdf - Pdf downloaded from : https://assets.scriptslug.com/live/pdf/scripts/dream-scenario-2023.pdf?v=1729114899","logger":"root","filename":"ingestion_dag_3.py","lineno":180}
{"timestamp":"2025-11-18T15:50:55.364127Z","level":"info","event":"_download_pdf - Pdf downloaded from : https://assets.scriptslug.com/live/pdf/scripts/dredd-2012.pdf?v=1729114899","logger":"root","filename":"ingestion_dag_3.py","lineno":180}
{"timestamp":"2025-11-18T15:50:57.218561Z","level":"info","event":"_download_pdf - Pdf downloaded from : https://assets.scriptslug.com/live/pdf/scripts/dressed-to-kill-1980.pdf?v=1729114899","logger":"root","filename":"ingestion_dag_3.py","lineno":180}
{"timestamp":"2025-11-18T15:50:57.550070Z","level":"info","event":"_download_pdf - Pdf downloaded from : https://assets.scriptslug.com/live/pdf/scripts/drive-2011.pdf?v=1729114899","logger":"root","filename":"ingestion_dag_3.py","lineno":180}
{"timestamp":"2025-11-18T15:50:58.911566Z","level":"info","event":"_download_pdf - Pdf downloaded from : https://assets.scriptslug.com/live/pdf/scripts/driving-miss-daisy-1989.pdf?v=1729114899","logger":"root","filename":"ingestion_dag_3.py","lineno":180}
{"timestamp":"2025-11-18T15:50:59.455454Z","level":"info","event":"_download_pdf - Pdf downloaded from : https://assets.scriptslug.com/live/pdf/scripts/dumb-money-2023.pdf?v=1729114900","logger":"root","filename":"ingestion_dag_3.py","lineno":180}
{"timestamp":"2025-11-18T15:51:04.305593Z","level":"info","event":"_download_pdf - Pdf downloaded from : https://assets.scriptslug.com/live/pdf/scripts/dune-1984.pdf?v=1729114900","logger":"root","filename":"ingestion_dag_3.py","lineno":180}
{"timestamp":"2025-11-18T15:51:05.313600Z","level":"info","event":"_download_pdf - Pdf downloaded from : https://assets.scriptslug.com/live/pdf/scripts/dune-2021.pdf?v=1729114900","logger":"root","filename":"ingestion_dag_3.py","lineno":180}
{"timestamp":"2025-11-18T15:51:06.369092Z","level":"info","event":"_download_pdf - Pdf downloaded from : https://assets.scriptslug.com/live/pdf/scripts/dunkirk-2017.pdf?v=1729114900","logger":"root","filename":"ingestion_dag_3.py","lineno":180}
{"timestamp":"2025-11-18T15:51:07.240621Z","level":"info","event":"_download_pdf - Pdf downloaded from : https://assets.scriptslug.com/live/pdf/scripts/duplicity-2009.pdf?v=1729114900","logger":"root","filename":"ingestion_dag_3.py","lineno":180}
{"timestamp":"2025-11-18T15:51:09.763124Z","level":"info","event":"_download_pdf - Pdf downloaded from : https://assets.scriptslug.com/live/pdf/scripts/dutch-1991.pdf?v=1729114900","logger":"root","filename":"ingestion_dag_3.py","lineno":180}
{"timestamp":"2025-11-18T15:51:10.384874Z","level":"info","event":"_download_pdf - Pdf downloaded from : https://assets.scriptslug.com/live/pdf/scripts/easy-a-2010.pdf?v=1729114900","logger":"root","filename":"ingestion_dag_3.py","lineno":180}
{"timestamp":"2025-11-18T15:51:13.267598Z","level":"info","event":"_download_pdf - Pdf downloaded from : https://assets.scriptslug.com/live/pdf/scripts/ed-wood-1994.pdf?v=1729114900","logger":"root","filename":"ingestion_dag_3.py","lineno":180}
{"timestamp":"2025-11-18T15:51:13.681015Z","level":"info","event":"_download_pdf - Pdf downloaded from : https://assets.scriptslug.com/live/pdf/scripts/eddie-the-eagle-2016.pdf?v=1729114901","logger":"root","filename":"ingestion_dag_3.py","lineno":180}
{"timestamp":"2025-11-18T15:51:14.334594Z","level":"info","event":"_download_pdf - Pdf downloaded from : https://assets.scriptslug.com/live/pdf/scripts/edge-of-tomorrow-2014.pdf?v=1729114901","logger":"root","filename":"ingestion_dag_3.py","lineno":180}
{"timestamp":"2025-11-18T15:51:16.280739Z","level":"info","event":"_download_pdf - Pdf downloaded from : https://assets.scriptslug.com/live/pdf/scripts/edward-scissorhands-1990.pdf?v=1729114901","logger":"root","filename":"ingestion_dag_3.py","lineno":180}
{"timestamp":"2025-11-18T15:51:16.759703Z","level":"info","event":"_download_pdf - Pdf downloaded from : https://assets.scriptslug.com/live/pdf/scripts/eighth-grade-2018.pdf?v=1729114901","logger":"root","filename":"ingestion_dag_3.py","lineno":180}
{"timestamp":"2025-11-18T15:51:17.116111Z","level":"info","event":"_download_pdf - Pdf downloaded from : https://assets.scriptslug.com/live/pdf/scripts/election-1999.pdf?v=1730829431","logger":"root","filename":"ingestion_dag_3.py","lineno":180}
{"timestamp":"2025-11-18T15:51:17.585519Z","level":"info","event":"_download_pdf - Pdf downloaded from : https://assets.scriptslug.com/live/pdf/scripts/elemental-2023.pdf?v=1729114901","logger":"root","filename":"ingestion_dag_3.py","lineno":180}
{"timestamp":"2025-11-18T15:51:19.029783Z","level":"info","event":"_download_pdf - Pdf downloaded from : https://assets.scriptslug.com/live/pdf/scripts/elvis-2022.pdf?v=1729114901","logger":"root","filename":"ingestion_dag_3.py","lineno":180}
{"timestamp":"2025-11-18T15:51:24.250854Z","level":"info","event":"_download_pdf - Pdf downloaded from : https://assets.scriptslug.com/live/pdf/scripts/elysium-2013.pdf?v=1729114901","logger":"root","filename":"ingestion_dag_3.py","lineno":180}
{"timestamp":"2025-11-18T15:51:35.890081Z","level":"info","event":"_download_pdf - Pdf downloaded from : https://assets.scriptslug.com/live/pdf/scripts/emancipation-2023.pdf?v=1729114901","logger":"root","filename":"ingestion_dag_3.py","lineno":180}
{"timestamp":"2025-11-18T15:51:37.528741Z","level":"info","event":"_download_pdf - Pdf downloaded from : https://assets.scriptslug.com/live/pdf/scripts/emergency-2022.pdf?v=1729114902","logger":"root","filename":"ingestion_dag_3.py","lineno":180}
{"timestamp":"2025-11-18T15:51:38.145743Z","level":"info","event":"_download_pdf - Pdf downloaded from : https://assets.scriptslug.com/live/pdf/scripts/emilia-perez-2024.pdf?v=1738463837","logger":"root","filename":"ingestion_dag_3.py","lineno":180}
{"timestamp":"2025-11-18T15:51:40.315829Z","level":"info","event":"_download_pdf - Pdf downloaded from : https://assets.scriptslug.com/live/pdf/scripts/emma-2020.pdf?v=1729114902","logger":"root","filename":"ingestion_dag_3.py","lineno":180}
{"timestamp":"2025-11-18T15:51:42.571878Z","level":"info","event":"_download_pdf - Pdf downloaded from : https://assets.scriptslug.com/live/pdf/scripts/empire-of-light-2022.pdf?v=1729114902","logger":"root","filename":"ingestion_dag_3.py","lineno":180}
{"timestamp":"2025-11-18T15:51:43.176125Z","level":"info","event":"_download_pdf - Pdf downloaded from : https://assets.scriptslug.com/live/pdf/scripts/encanto-2021.pdf?v=1729114902","logger":"root","filename":"ingestion_dag_3.py","lineno":180}
{"timestamp":"2025-11-18T15:51:43.986540Z","level":"info","event":"_download_pdf - Pdf downloaded from : https://assets.scriptslug.com/live/pdf/scripts/encounter-2021.pdf?v=1729114902","logger":"root","filename":"ingestion_dag_3.py","lineno":180}
{"timestamp":"2025-11-18T15:51:45.180855Z","level":"info","event":"_download_pdf - Pdf downloaded from : https://assets.scriptslug.com/live/pdf/scripts/end-of-watch-2012.pdf?v=1729114902","logger":"root","filename":"ingestion_dag_3.py","lineno":180}
{"timestamp":"2025-11-18T15:51:46.376487Z","level":"info","event":"_download_pdf - Pdf downloaded from : https://assets.scriptslug.com/live/pdf/scripts/enough-said-2013.pdf?v=1729114902","logger":"root","filename":"ingestion_dag_3.py","lineno":180}
{"timestamp":"2025-11-18T15:51:47.034235Z","level":"info","event":"_download_pdf - Pdf downloaded from : https://assets.scriptslug.com/live/pdf/scripts/equity-2016.pdf?v=1729114902","logger":"root","filename":"ingestion_dag_3.py","lineno":180}
{"timestamp":"2025-11-18T15:51:50.061984Z","level":"info","event":"_download_pdf - Pdf downloaded from : https://assets.scriptslug.com/live/pdf/scripts/eraser-1996.pdf?v=1729114903","logger":"root","filename":"ingestion_dag_3.py","lineno":180}
{"timestamp":"2025-11-18T15:51:50.967476Z","level":"info","event":"_download_pdf - Pdf downloaded from : https://assets.scriptslug.com/live/pdf/scripts/erin-brockovich-2000.pdf?v=1729114903","logger":"root","filename":"ingestion_dag_3.py","lineno":180}
{"timestamp":"2025-11-18T15:51:53.623397Z","level":"info","event":"_download_pdf - Pdf downloaded from : https://assets.scriptslug.com/live/pdf/scripts/e-t-the-extra-terrestrial-1982.pdf?v=1729114900","logger":"root","filename":"ingestion_dag_3.py","lineno":180}
{"timestamp":"2025-11-18T15:51:54.169305Z","level":"info","event":"_download_pdf - Pdf downloaded from : https://assets.scriptslug.com/live/pdf/scripts/eternal-sunshine-of-the-spotless-mind-2004.pdf?v=1729114903","logger":"root","filename":"ingestion_dag_3.py","lineno":180}
{"timestamp":"2025-11-18T15:51:55.293514Z","level":"info","event":"_download_pdf - Pdf downloaded from : https://assets.scriptslug.com/live/pdf/scripts/event-horizon-1997.pdf?v=1729114904","logger":"root","filename":"ingestion_dag_3.py","lineno":180}
{"timestamp":"2025-11-18T15:51:57.350704Z","level":"info","event":"_download_pdf - Pdf downloaded from : https://assets.scriptslug.com/live/pdf/scripts/everything-everywhere-all-at-once-2022.pdf?v=1729114904","logger":"root","filename":"ingestion_dag_3.py","lineno":180}
{"timestamp":"2025-11-18T15:51:58.860768Z","level":"info","event":"_download_pdf - Pdf downloaded from : https://assets.scriptslug.com/live/pdf/scripts/evil-dead-2013.pdf?v=1729114904","logger":"root","filename":"ingestion_dag_3.py","lineno":180}
{"timestamp":"2025-11-18T15:52:02.378305Z","level":"info","event":"_download_pdf - Pdf downloaded from : https://assets.scriptslug.com/live/pdf/scripts/evil-dead-ii-1987.pdf?v=1729114904","logger":"root","filename":"ingestion_dag_3.py","lineno":180}
{"timestamp":"2025-11-18T15:52:04.810686Z","level":"info","event":"_download_pdf - Pdf downloaded from : https://assets.scriptslug.com/live/pdf/scripts/evolution-2001.pdf?v=1729114905","logger":"root","filename":"ingestion_dag_3.py","lineno":180}
{"timestamp":"2025-11-18T15:52:05.235837Z","level":"info","event":"_download_pdf - Pdf downloaded from : https://assets.scriptslug.com/live/pdf/scripts/ex-machina-2015.pdf?v=1729114905","logger":"root","filename":"ingestion_dag_3.py","lineno":180}
{"timestamp":"2025-11-18T15:52:07.711060Z","level":"info","event":"_download_pdf - Pdf downloaded from : https://assets.scriptslug.com/live/pdf/scripts/excalibur-1981.pdf?v=1729114905","logger":"root","filename":"ingestion_dag_3.py","lineno":180}
{"timestamp":"2025-11-18T15:52:14.265621Z","level":"info","event":"_download_pdf - Pdf downloaded from : https://assets.scriptslug.com/live/pdf/scripts/exorcist-ii-the-heretic-1977.pdf?v=1729114905","logger":"root","filename":"ingestion_dag_3.py","lineno":180}
{"timestamp":"2025-11-18T15:52:15.093384Z","level":"info","event":"_download_pdf - Pdf downloaded from : https://assets.scriptslug.com/live/pdf/scripts/extremely-wicked-shockingly-evil-and-vile-2019.pdf?v=1729114905","logger":"root","filename":"ingestion_dag_3.py","lineno":180}
{"timestamp":"2025-11-18T15:52:16.519682Z","level":"info","event":"_download_pdf - Pdf downloaded from : https://assets.scriptslug.com/live/pdf/scripts/eye-in-the-sky-2016.pdf?v=1729114905","logger":"root","filename":"ingestion_dag_3.py","lineno":180}
{"timestamp":"2025-11-18T15:52:19.478757Z","level":"info","event":"_download_pdf - Pdf downloaded from : https://assets.scriptslug.com/live/pdf/scripts/eyes-wide-shut-1999.pdf?v=1729114905","logger":"root","filename":"ingestion_dag_3.py","lineno":180}
{"timestamp":"2025-11-18T15:52:20.492930Z","level":"info","event":"_download_pdf - Pdf downloaded from : https://assets.scriptslug.com/live/pdf/scripts/fair-play-2023.pdf?v=1729114905","logger":"root","filename":"ingestion_dag_3.py","lineno":180}
{"timestamp":"2025-11-18T15:52:21.056380Z","level":"info","event":"_download_pdf - Pdf downloaded from : https://assets.scriptslug.com/live/pdf/scripts/fanboys-2009.pdf?v=1729114906","logger":"root","filename":"ingestion_dag_3.py","lineno":180}
{"timestamp":"2025-11-18T15:52:22.013727Z","level":"info","event":"_download_pdf - Pdf downloaded from : https://assets.scriptslug.com/live/pdf/scripts/fantastic-beasts-and-where-to-find-them-2016.pdf?v=1729114906","logger":"root","filename":"ingestion_dag_3.py","lineno":180}
{"timestamp":"2025-11-18T15:52:22.782121Z","level":"info","event":"_download_pdf - Pdf downloaded from : https://assets.scriptslug.com/live/pdf/scripts/fantastic-beasts-the-crimes-of-grindelwald-2018.pdf?v=1729114906","logger":"root","filename":"ingestion_dag_3.py","lineno":180}
{"timestamp":"2025-11-18T15:52:23.546657Z","level":"info","event":"_download_pdf - Pdf downloaded from : https://assets.scriptslug.com/live/pdf/scripts/fantastic-beasts-the-secrets-of-dumbledore-2022.pdf?v=1729114906","logger":"root","filename":"ingestion_dag_3.py","lineno":180}
{"timestamp":"2025-11-18T15:52:25.319791Z","level":"info","event":"_download_pdf - Pdf downloaded from : https://assets.scriptslug.com/live/pdf/scripts/fantastic-mr-fox-2009.pdf?v=1729114906","logger":"root","filename":"ingestion_dag_3.py","lineno":180}
{"timestamp":"2025-11-18T15:52:27.136783Z","level":"info","event":"_download_pdf - Pdf downloaded from : https://assets.scriptslug.com/live/pdf/scripts/fargo-1996.pdf?v=1729114906","logger":"root","filename":"ingestion_dag_3.py","lineno":180}
{"timestamp":"2025-11-18T15:52:27.745656Z","level":"info","event":"_download_pdf - Pdf downloaded from : https://assets.scriptslug.com/live/pdf/scripts/fast-color-2019.pdf?v=1729114907","logger":"root","filename":"ingestion_dag_3.py","lineno":180}
{"timestamp":"2025-11-18T15:52:29.166017Z","level":"info","event":"_download_pdf - Pdf downloaded from : https://assets.scriptslug.com/live/pdf/scripts/fatal-attraction-1987.pdf?v=1729114907","logger":"root","filename":"ingestion_dag_3.py","lineno":180}
{"timestamp":"2025-11-18T15:52:29.858755Z","level":"info","event":"_download_pdf - Pdf downloaded from : https://assets.scriptslug.com/live/pdf/scripts/faults-2014.pdf?v=1729114907","logger":"root","filename":"ingestion_dag_3.py","lineno":180}
{"timestamp":"2025-11-18T15:52:31.996507Z","level":"info","event":"_download_pdf - Pdf downloaded from : https://assets.scriptslug.com/live/pdf/scripts/fear-street-part-one-1994-2021.pdf?v=1729114907","logger":"root","filename":"ingestion_dag_3.py","lineno":180}
{"timestamp":"2025-11-18T15:52:34.310177Z","level":"info","event":"_download_pdf - Pdf downloaded from : https://assets.scriptslug.com/live/pdf/scripts/fences-2016.pdf?v=1729114907","logger":"root","filename":"ingestion_dag_3.py","lineno":180}
{"timestamp":"2025-11-18T15:52:35.165403Z","level":"info","event":"_download_pdf - Pdf downloaded from : https://assets.scriptslug.com/live/pdf/scripts/ferrari-2023.pdf?v=1729114907","logger":"root","filename":"ingestion_dag_3.py","lineno":180}
{"timestamp":"2025-11-18T15:52:35.674922Z","level":"info","event":"_download_pdf - Pdf downloaded from : https://assets.scriptslug.com/live/pdf/scripts/ferris-buellers-day-off-1986.pdf?v=1729114907","logger":"root","filename":"ingestion_dag_3.py","lineno":180}
{"timestamp":"2025-11-18T15:52:38.466642Z","level":"info","event":"_download_pdf - Pdf downloaded from : https://assets.scriptslug.com/live/pdf/scripts/field-of-dreams-1989.pdf?v=1729114908","logger":"root","filename":"ingestion_dag_3.py","lineno":180}
{"timestamp":"2025-11-18T15:52:38.973156Z","level":"info","event":"_download_pdf - Pdf downloaded from : https://assets.scriptslug.com/live/pdf/scripts/fight-club-2000.pdf?v=1729114908","logger":"root","filename":"ingestion_dag_3.py","lineno":180}
{"timestamp":"2025-11-18T15:52:39.610082Z","level":"info","event":"_download_pdf - Pdf downloaded from : https://assets.scriptslug.com/live/pdf/scripts/film-stars-dont-die-in-liverpool-2017.pdf?v=1729114908","logger":"root","filename":"ingestion_dag_3.py","lineno":180}
{"timestamp":"2025-11-18T15:52:41.226745Z","level":"info","event":"_download_pdf - Pdf downloaded from : https://assets.scriptslug.com/live/pdf/scripts/final-destination-2000.pdf?v=1729114908","logger":"root","filename":"ingestion_dag_3.py","lineno":180}
{"timestamp":"2025-11-18T15:52:43.665393Z","level":"info","event":"_download_pdf - Pdf downloaded from : https://assets.scriptslug.com/live/pdf/scripts/finding-nemo-2003.pdf?v=1729114908","logger":"root","filename":"ingestion_dag_3.py","lineno":180}
{"timestamp":"2025-11-18T15:52:46.389789Z","level":"info","event":"_download_pdf - Pdf downloaded from : https://assets.scriptslug.com/live/pdf/scripts/first-blood-1982.pdf?v=1729114908","logger":"root","filename":"ingestion_dag_3.py","lineno":180}
{"timestamp":"2025-11-18T15:52:46.924952Z","level":"info","event":"_download_pdf - Pdf downloaded from : https://assets.scriptslug.com/live/pdf/scripts/first-cow-2020.pdf?v=1729114908","logger":"root","filename":"ingestion_dag_3.py","lineno":180}
{"timestamp":"2025-11-18T15:52:47.679927Z","level":"info","event":"_download_pdf - Pdf downloaded from : https://assets.scriptslug.com/live/pdf/scripts/first-man-2018.pdf?v=1729114908","logger":"root","filename":"ingestion_dag_3.py","lineno":180}
{"timestamp":"2025-11-18T15:52:48.377692Z","level":"info","event":"_download_pdf - Pdf downloaded from : https://assets.scriptslug.com/live/pdf/scripts/first-reformed-2018.pdf?v=1729114908","logger":"root","filename":"ingestion_dag_3.py","lineno":180}
{"timestamp":"2025-11-18T15:52:49.285830Z","level":"info","event":"_download_pdf - Pdf downloaded from : https://assets.scriptslug.com/live/pdf/scripts/first-they-killed-my-father-2017.pdf?v=1729114909","logger":"root","filename":"ingestion_dag_3.py","lineno":180}
{"timestamp":"2025-11-18T15:52:51.281858Z","level":"info","event":"_download_pdf - Pdf downloaded from : https://assets.scriptslug.com/live/pdf/scripts/flashdance-1983.pdf?v=1729114909","logger":"root","filename":"ingestion_dag_3.py","lineno":180}
{"timestamp":"2025-11-18T15:52:51.918953Z","level":"info","event":"_download_pdf - Pdf downloaded from : https://assets.scriptslug.com/live/pdf/scripts/flatliners-2017.pdf?v=1729114909","logger":"root","filename":"ingestion_dag_3.py","lineno":180}
{"timestamp":"2025-11-18T15:52:53.240491Z","level":"info","event":"_download_pdf - Pdf downloaded from : https://assets.scriptslug.com/live/pdf/scripts/flight-2012.pdf?v=1729114909","logger":"root","filename":"ingestion_dag_3.py","lineno":180}
{"timestamp":"2025-11-18T15:52:53.723522Z","level":"info","event":"_download_pdf - Pdf downloaded from : https://assets.scriptslug.com/live/pdf/scripts/flora-and-son-2023.pdf?v=1729114909","logger":"root","filename":"ingestion_dag_3.py","lineno":180}
{"timestamp":"2025-11-18T15:52:54.781494Z","level":"info","event":"_download_pdf - Pdf downloaded from : https://assets.scriptslug.com/live/pdf/scripts/focus-2015.pdf?v=1729114909","logger":"root","filename":"ingestion_dag_3.py","lineno":180}
{"timestamp":"2025-11-18T15:52:55.300884Z","level":"info","event":"_download_pdf - Pdf downloaded from : https://assets.scriptslug.com/live/pdf/scripts/foe-2023.pdf?v=1729114909","logger":"root","filename":"ingestion_dag_3.py","lineno":180}
{"timestamp":"2025-11-18T15:52:55.704171Z","level":"info","event":"_download_pdf - Pdf downloaded from : https://assets.scriptslug.com/live/pdf/scripts/following-1998.pdf?v=1729114909","logger":"root","filename":"ingestion_dag_3.py","lineno":180}
{"timestamp":"2025-11-18T15:52:58.841410Z","level":"info","event":"_download_pdf - Pdf downloaded from : https://assets.scriptslug.com/live/pdf/scripts/for-your-eyes-only-1981.pdf?v=1729114909","logger":"root","filename":"ingestion_dag_3.py","lineno":180}
{"timestamp":"2025-11-18T15:52:59.639715Z","level":"info","event":"_download_pdf - Pdf downloaded from : https://assets.scriptslug.com/live/pdf/scripts/ford-v-ferrari-2019.pdf?v=1729114910","logger":"root","filename":"ingestion_dag_3.py","lineno":180}
{"timestamp":"2025-11-18T15:53:04.530037Z","level":"info","event":"_download_pdf - Pdf downloaded from : https://assets.scriptslug.com/live/pdf/scripts/forrest-gump-1994.pdf?v=1729114910","logger":"root","filename":"ingestion_dag_3.py","lineno":180}
{"timestamp":"2025-11-18T15:53:06.462710Z","level":"info","event":"_download_pdf - Pdf downloaded from : https://assets.scriptslug.com/live/pdf/scripts/four-rooms-1995.pdf?v=1729114910","logger":"root","filename":"ingestion_dag_3.py","lineno":180}
{"timestamp":"2025-11-18T15:53:08.128688Z","level":"info","event":"_download_pdf - Pdf downloaded from : https://assets.scriptslug.com/live/pdf/scripts/four-weddings-and-a-funeral-1994.pdf?v=1729114910","logger":"root","filename":"ingestion_dag_3.py","lineno":180}
{"timestamp":"2025-11-18T15:53:08.684854Z","level":"info","event":"_download_pdf - Pdf downloaded from : https://assets.scriptslug.com/live/pdf/scripts/foxcatcher-2014.pdf?v=1729114910","logger":"root","filename":"ingestion_dag_3.py","lineno":180}
{"timestamp":"2025-11-18T15:53:13.201777Z","level":"info","event":"_download_pdf - Pdf downloaded from : https://assets.scriptslug.com/live/pdf/scripts/frailty-2001.pdf?v=1729114910","logger":"root","filename":"ingestion_dag_3.py","lineno":180}
{"timestamp":"2025-11-18T15:53:13.752009Z","level":"info","event":"_download_pdf - Pdf downloaded from : https://assets.scriptslug.com/live/pdf/scripts/frances-ha-2012.pdf?v=1729114910","logger":"root","filename":"ingestion_dag_3.py","lineno":180}
{"timestamp":"2025-11-18T15:53:14.427948Z","level":"info","event":"_download_pdf - Pdf downloaded from : https://assets.scriptslug.com/live/pdf/scripts/frank-2014.pdf?v=1729114910","logger":"root","filename":"ingestion_dag_3.py","lineno":180}
{"timestamp":"2025-11-18T15:53:15.279061Z","level":"info","event":"_download_pdf - Pdf downloaded from : https://assets.scriptslug.com/live/pdf/scripts/frankensteins-army-2013.pdf?v=1729114910","logger":"root","filename":"ingestion_dag_3.py","lineno":180}
{"timestamp":"2025-11-18T15:53:15.890455Z","level":"info","event":"_download_pdf - Pdf downloaded from : https://assets.scriptslug.com/live/pdf/scripts/frankenweenie-2012.pdf?v=1729114910","logger":"root","filename":"ingestion_dag_3.py","lineno":180}
{"timestamp":"2025-11-18T15:53:16.640548Z","level":"info","event":"_download_pdf - Pdf downloaded from : https://assets.scriptslug.com/live/pdf/scripts/frankie-2019.pdf?v=1729114911","logger":"root","filename":"ingestion_dag_3.py","lineno":180}
{"timestamp":"2025-11-18T15:53:20.006206Z","level":"info","event":"_download_pdf - Pdf downloaded from : https://assets.scriptslug.com/live/pdf/scripts/frantic-1988.pdf?v=1729114911","logger":"root","filename":"ingestion_dag_3.py","lineno":180}
{"timestamp":"2025-11-18T15:53:21.843478Z","level":"info","event":"_download_pdf - Pdf downloaded from : https://assets.scriptslug.com/live/pdf/scripts/fred-claus-2007.pdf?v=1729114911","logger":"root","filename":"ingestion_dag_3.py","lineno":180}
{"timestamp":"2025-11-18T15:53:22.742850Z","level":"info","event":"_download_pdf - Pdf downloaded from : https://assets.scriptslug.com/live/pdf/scripts/freddy-vs-jason-2003.pdf?v=1729114911","logger":"root","filename":"ingestion_dag_3.py","lineno":180}
{"timestamp":"2025-11-18T15:53:23.771437Z","level":"info","event":"_download_pdf - Pdf downloaded from : https://assets.scriptslug.com/live/pdf/scripts/free-fire-2016.pdf?v=1729114911","logger":"root","filename":"ingestion_dag_3.py","lineno":180}
{"timestamp":"2025-11-18T15:53:25.197407Z","level":"info","event":"_download_pdf - Pdf downloaded from : https://assets.scriptslug.com/live/pdf/scripts/free-guy-2021.pdf?v=1729114911","logger":"root","filename":"ingestion_dag_3.py","lineno":180}
{"timestamp":"2025-11-18T15:53:25.881176Z","level":"info","event":"_download_pdf - Pdf downloaded from : https://assets.scriptslug.com/live/pdf/scripts/frequency-2000.pdf?v=1729114911","logger":"root","filename":"ingestion_dag_3.py","lineno":180}
{"timestamp":"2025-11-18T15:53:27.415895Z","level":"info","event":"_download_pdf - Pdf downloaded from : https://assets.scriptslug.com/live/pdf/scripts/fresh-2022.pdf?v=1729114911","logger":"root","filename":"ingestion_dag_3.py","lineno":180}
{"timestamp":"2025-11-18T15:53:27.984337Z","level":"info","event":"_download_pdf - Pdf downloaded from : https://assets.scriptslug.com/live/pdf/scripts/freuds-last-session-2023.pdf?v=1729114911","logger":"root","filename":"ingestion_dag_3.py","lineno":180}
{"timestamp":"2025-11-18T15:53:29.816637Z","level":"info","event":"_download_pdf - Pdf downloaded from : https://assets.scriptslug.com/live/pdf/scripts/friday-1995.pdf?v=1729114911","logger":"root","filename":"ingestion_dag_3.py","lineno":180}
{"timestamp":"2025-11-18T15:53:30.395537Z","level":"info","event":"_download_pdf - Pdf downloaded from : https://assets.scriptslug.com/live/pdf/scripts/friday-the-13th-1980.pdf?v=1729114912","logger":"root","filename":"ingestion_dag_3.py","lineno":180}
{"timestamp":"2025-11-18T15:53:33.261875Z","level":"info","event":"_download_pdf - Pdf downloaded from : https://assets.scriptslug.com/live/pdf/scripts/friday-the-13th-part-vi-jason-lives-1986.pdf?v=1729114912","logger":"root","filename":"ingestion_dag_3.py","lineno":180}
{"timestamp":"2025-11-18T15:53:33.613098Z","level":"info","event":"_download_pdf - Pdf downloaded from : https://assets.scriptslug.com/live/pdf/scripts/from-dusk-till-dawn-1996.pdf?v=1729114913","logger":"root","filename":"ingestion_dag_3.py","lineno":180}
{"timestamp":"2025-11-18T15:53:34.259247Z","level":"info","event":"_download_pdf - Pdf downloaded from : https://assets.scriptslug.com/live/pdf/scripts/from-russia-with-love-1963.pdf?v=1729114913","logger":"root","filename":"ingestion_dag_3.py","lineno":180}
{"timestamp":"2025-11-18T15:53:34.659842Z","level":"error","event":"_download_pdf - Error for https://assets.scriptslug.com/live/pdf/scripts/frost-nixon-2008.pdf?v=1729114913: [Errno 2] No such file or directory: '/opt/airflow/project_data/ingestion_data/pdf_data/frost_/_nixon.pdf'","logger":"root","filename":"ingestion_dag_3.py","lineno":184}
{"timestamp":"2025-11-18T15:53:35.826025Z","level":"info","event":"_download_pdf - Pdf downloaded from : https://assets.scriptslug.com/live/pdf/scripts/frozen-2013.pdf?v=1729114913","logger":"root","filename":"ingestion_dag_3.py","lineno":180}
{"timestamp":"2025-11-18T15:53:36.909119Z","level":"info","event":"_download_pdf - Pdf downloaded from : https://assets.scriptslug.com/live/pdf/scripts/fruitvale-station-2013.pdf?v=1729114913","logger":"root","filename":"ingestion_dag_3.py","lineno":180}
{"timestamp":"2025-11-18T15:53:39.582749Z","level":"info","event":"_download_pdf - Pdf downloaded from : https://assets.scriptslug.com/live/pdf/scripts/full-metal-jacket-1987.pdf?v=1729114913","logger":"root","filename":"ingestion_dag_3.py","lineno":180}
{"timestamp":"2025-11-18T15:53:40.535523Z","level":"info","event":"_download_pdf - Pdf downloaded from : https://assets.scriptslug.com/live/pdf/scripts/fury-2014.pdf?v=1729114913","logger":"root","filename":"ingestion_dag_3.py","lineno":180}
{"timestamp":"2025-11-18T15:53:41.503537Z","level":"info","event":"_download_pdf - Pdf downloaded from : https://assets.scriptslug.com/live/pdf/scripts/game-night-2018.pdf?v=1729114913","logger":"root","filename":"ingestion_dag_3.py","lineno":180}
{"timestamp":"2025-11-18T15:53:43.481728Z","level":"info","event":"_download_pdf - Pdf downloaded from : https://assets.scriptslug.com/live/pdf/scripts/garden-state-2004.pdf?v=1729114914","logger":"root","filename":"ingestion_dag_3.py","lineno":180}
{"timestamp":"2025-11-18T15:53:45.241331Z","level":"info","event":"_download_pdf - Pdf downloaded from : https://assets.scriptslug.com/live/pdf/scripts/gattaca-1997.pdf?v=1729114915","logger":"root","filename":"ingestion_dag_3.py","lineno":180}
{"timestamp":"2025-11-18T15:53:47.811695Z","level":"info","event":"_download_pdf - Pdf downloaded from : https://assets.scriptslug.com/live/pdf/scripts/gemini-man-2019.pdf?v=1729114915","logger":"root","filename":"ingestion_dag_3.py","lineno":180}
{"timestamp":"2025-11-18T15:53:48.310777Z","level":"info","event":"_download_pdf - Pdf downloaded from : https://assets.scriptslug.com/live/pdf/scripts/geostorm-2017.pdf?v=1729114915","logger":"root","filename":"ingestion_dag_3.py","lineno":180}
{"timestamp":"2025-11-18T15:53:49.357063Z","level":"info","event":"_download_pdf - Pdf downloaded from : https://assets.scriptslug.com/live/pdf/scripts/get-carter-1971.pdf?v=1729114915","logger":"root","filename":"ingestion_dag_3.py","lineno":180}
{"timestamp":"2025-11-18T15:53:53.069949Z","level":"info","event":"_download_pdf - Pdf downloaded from : https://assets.scriptslug.com/live/pdf/scripts/get-low-2009.pdf?v=1729114915","logger":"root","filename":"ingestion_dag_3.py","lineno":180}
{"timestamp":"2025-11-18T15:53:53.814689Z","level":"info","event":"_download_pdf - Pdf downloaded from : https://assets.scriptslug.com/live/pdf/scripts/get-on-up-2014.pdf?v=1729114915","logger":"root","filename":"ingestion_dag_3.py","lineno":180}
{"timestamp":"2025-11-18T15:53:54.229512Z","level":"info","event":"_download_pdf - Pdf downloaded from : https://assets.scriptslug.com/live/pdf/scripts/get-out-2017.pdf?v=1729114915","logger":"root","filename":"ingestion_dag_3.py","lineno":180}
{"timestamp":"2025-11-18T15:53:55.753058Z","level":"info","event":"_download_pdf - Pdf downloaded from : https://assets.scriptslug.com/live/pdf/scripts/get-rich-or-die-tryin-2005.pdf?v=1729114915","logger":"root","filename":"ingestion_dag_3.py","lineno":180}
{"timestamp":"2025-11-18T15:53:56.621999Z","level":"info","event":"_download_pdf - Pdf downloaded from : https://assets.scriptslug.com/live/pdf/scripts/ghost-1990.pdf?v=1729114915","logger":"root","filename":"ingestion_dag_3.py","lineno":180}
{"timestamp":"2025-11-18T15:53:59.860521Z","level":"info","event":"_download_pdf - Pdf downloaded from : https://assets.scriptslug.com/live/pdf/scripts/ghost-rider-2007.pdf?v=1729114915","logger":"root","filename":"ingestion_dag_3.py","lineno":180}
{"timestamp":"2025-11-18T15:54:03.786235Z","level":"info","event":"_download_pdf - Pdf downloaded from : https://assets.scriptslug.com/live/pdf/scripts/ghostbusters-1984.pdf?v=1729114915","logger":"root","filename":"ingestion_dag_3.py","lineno":180}
{"timestamp":"2025-11-18T15:54:04.372404Z","level":"info","event":"_download_pdf - Pdf downloaded from : https://assets.scriptslug.com/live/pdf/scripts/ghostbusters-ii-1989.pdf?v=1729114916","logger":"root","filename":"ingestion_dag_3.py","lineno":180}
{"timestamp":"2025-11-18T15:54:06.017686Z","level":"info","event":"_download_pdf - Pdf downloaded from : https://assets.scriptslug.com/live/pdf/scripts/ginger-snaps-2000.pdf?v=1729114916","logger":"root","filename":"ingestion_dag_3.py","lineno":180}
{"timestamp":"2025-11-18T15:54:07.817771Z","level":"info","event":"_download_pdf - Pdf downloaded from : https://assets.scriptslug.com/live/pdf/scripts/girl-with-the-pearl-earring-2003.pdf?v=1729114916","logger":"root","filename":"ingestion_dag_3.py","lineno":180}
{"timestamp":"2025-11-18T15:54:08.473034Z","level":"info","event":"_download_pdf - Pdf downloaded from : https://assets.scriptslug.com/live/pdf/scripts/girls-trip-2017.pdf?v=1729114916","logger":"root","filename":"ingestion_dag_3.py","lineno":180}
{"timestamp":"2025-11-18T15:54:09.178102Z","level":"info","event":"_download_pdf - Pdf downloaded from : https://assets.scriptslug.com/live/pdf/scripts/gladiator-2000.pdf?v=1729114916","logger":"root","filename":"ingestion_dag_3.py","lineno":180}
{"timestamp":"2025-11-18T15:54:10.003757Z","level":"info","event":"_download_pdf - Pdf downloaded from : https://assets.scriptslug.com/live/pdf/scripts/gladiator-2-2024.pdf?v=1739815888","logger":"root","filename":"ingestion_dag_3.py","lineno":180}
{"timestamp":"2025-11-18T15:54:10.990109Z","level":"info","event":"_download_pdf - Pdf downloaded from : https://assets.scriptslug.com/live/pdf/scripts/glass-onion-a-knives-out-mystery-2022.pdf?v=1729114916","logger":"root","filename":"ingestion_dag_3.py","lineno":180}
{"timestamp":"2025-11-18T15:54:11.735335Z","level":"info","event":"_download_pdf - Pdf downloaded from : https://assets.scriptslug.com/live/pdf/scripts/godzilla-2014.pdf?v=1729114916","logger":"root","filename":"ingestion_dag_3.py","lineno":180}
{"timestamp":"2025-11-18T15:54:13.024184Z","level":"info","event":"_download_pdf - Pdf downloaded from : https://assets.scriptslug.com/live/pdf/scripts/gold-2016.pdf?v=1729114917","logger":"root","filename":"ingestion_dag_3.py","lineno":180}
{"timestamp":"2025-11-18T15:54:16.278718Z","level":"info","event":"_download_pdf - Pdf downloaded from : https://assets.scriptslug.com/live/pdf/scripts/goldeneye-1995.pdf?v=1729114917","logger":"root","filename":"ingestion_dag_3.py","lineno":180}
{"timestamp":"2025-11-18T15:54:16.972144Z","level":"info","event":"_download_pdf - Pdf downloaded from : https://assets.scriptslug.com/live/pdf/scripts/goldfinger-1964.pdf?v=1729114917","logger":"root","filename":"ingestion_dag_3.py","lineno":180}
{"timestamp":"2025-11-18T15:54:21.020437Z","level":"info","event":"_download_pdf - Pdf downloaded from : https://assets.scriptslug.com/live/pdf/scripts/gone-baby-gone-2007.pdf?v=1729114917","logger":"root","filename":"ingestion_dag_3.py","lineno":180}
{"timestamp":"2025-11-18T15:54:23.503259Z","level":"info","event":"_download_pdf - Pdf downloaded from : https://assets.scriptslug.com/live/pdf/scripts/gone-girl-2014.pdf?v=1729114917","logger":"root","filename":"ingestion_dag_3.py","lineno":180}
{"timestamp":"2025-11-18T15:54:34.515002Z","level":"info","event":"_download_pdf - Pdf downloaded from : https://assets.scriptslug.com/live/pdf/scripts/gone-with-the-wind-1939.pdf?v=1729114917","logger":"root","filename":"ingestion_dag_3.py","lineno":180}
{"timestamp":"2025-11-18T15:54:41.682658Z","level":"info","event":"_download_pdf - Pdf downloaded from : https://assets.scriptslug.com/live/pdf/scripts/good-morning-vietnam-1987.pdf?v=1729114917","logger":"root","filename":"ingestion_dag_3.py","lineno":180}
{"timestamp":"2025-11-18T15:54:42.272810Z","level":"info","event":"_download_pdf - Pdf downloaded from : https://assets.scriptslug.com/live/pdf/scripts/good-will-hunting-1997.pdf?v=1729114917","logger":"root","filename":"ingestion_dag_3.py","lineno":180}
{"timestamp":"2025-11-18T15:54:45.300892Z","level":"info","event":"_download_pdf - Pdf downloaded from : https://assets.scriptslug.com/live/pdf/scripts/goodfellas-1990.pdf?v=1729114917","logger":"root","filename":"ingestion_dag_3.py","lineno":180}
{"timestamp":"2025-11-18T15:54:47.735107Z","level":"info","event":"_download_pdf - Pdf downloaded from : https://assets.scriptslug.com/live/pdf/scripts/gravity-2013.pdf?v=1729114918","logger":"root","filename":"ingestion_dag_3.py","lineno":180}
{"timestamp":"2025-11-18T15:54:52.519065Z","level":"info","event":"_download_pdf - Pdf downloaded from : https://assets.scriptslug.com/live/pdf/scripts/grease-1978.pdf?v=1729114918","logger":"root","filename":"ingestion_dag_3.py","lineno":180}
{"timestamp":"2025-11-18T15:54:53.416987Z","level":"info","event":"_download_pdf - Pdf downloaded from : https://assets.scriptslug.com/live/pdf/scripts/green-book-2018.pdf?v=1729114918","logger":"root","filename":"ingestion_dag_3.py","lineno":180}
{"timestamp":"2025-11-18T15:54:56.619013Z","level":"info","event":"_download_pdf - Pdf downloaded from : https://assets.scriptslug.com/live/pdf/scripts/green-lantern-2011.pdf?v=1729114918","logger":"root","filename":"ingestion_dag_3.py","lineno":180}
{"timestamp":"2025-11-18T15:54:57.280294Z","level":"info","event":"_download_pdf - Pdf downloaded from : https://assets.scriptslug.com/live/pdf/scripts/green-room-2015.pdf?v=1729114918","logger":"root","filename":"ingestion_dag_3.py","lineno":180}
{"timestamp":"2025-11-18T15:54:58.470035Z","level":"info","event":"_download_pdf - Pdf downloaded from : https://assets.scriptslug.com/live/pdf/scripts/greenberg-2010.pdf?v=1729114918","logger":"root","filename":"ingestion_dag_3.py","lineno":180}
{"timestamp":"2025-11-18T15:55:02.125693Z","level":"info","event":"_download_pdf - Pdf downloaded from : https://assets.scriptslug.com/live/pdf/scripts/gremlins-1984.pdf?v=1729114918","logger":"root","filename":"ingestion_dag_3.py","lineno":180}
{"timestamp":"2025-11-18T15:55:04.869680Z","level":"info","event":"_download_pdf - Pdf downloaded from : https://assets.scriptslug.com/live/pdf/scripts/gremlins-2-the-new-batch-1990.pdf?v=1729114918","logger":"root","filename":"ingestion_dag_3.py","lineno":180}
{"timestamp":"2025-11-18T15:55:05.847505Z","level":"info","event":"_download_pdf - Pdf downloaded from : https://assets.scriptslug.com/live/pdf/scripts/groundhog-day-1993.pdf?v=1729114919","logger":"root","filename":"ingestion_dag_3.py","lineno":180}
{"timestamp":"2025-11-18T15:55:06.509884Z","level":"info","event":"_download_pdf - Pdf downloaded from : https://assets.scriptslug.com/live/pdf/scripts/guardians-of-the-galaxy-vol-2-2017.pdf?v=1729114919","logger":"root","filename":"ingestion_dag_3.py","lineno":180}
{"timestamp":"2025-11-18T15:55:07.295430Z","level":"info","event":"_download_pdf - Pdf downloaded from : https://assets.scriptslug.com/live/pdf/scripts/pinocchio-2022.pdf?v=1729114971","logger":"root","filename":"ingestion_dag_3.py","lineno":180}
{"timestamp":"2025-11-18T15:55:08.443543Z","level":"info","event":"_download_pdf - Pdf downloaded from : https://assets.scriptslug.com/live/pdf/scripts/gunpowder-milkshake-2021.pdf?v=1729114919","logger":"root","filename":"ingestion_dag_3.py","lineno":180}
{"timestamp":"2025-11-18T15:55:09.211007Z","level":"info","event":"_download_pdf - Pdf downloaded from : https://assets.scriptslug.com/live/pdf/scripts/hackers-1995.pdf?v=1729114919","logger":"root","filename":"ingestion_dag_3.py","lineno":180}
{"timestamp":"2025-11-18T15:55:10.298441Z","level":"info","event":"_download_pdf - Pdf downloaded from : https://assets.scriptslug.com/live/pdf/scripts/hacksaw-ridge-2016.pdf?v=1729114919","logger":"root","filename":"ingestion_dag_3.py","lineno":180}
{"timestamp":"2025-11-18T15:55:11.129444Z","level":"info","event":"_download_pdf - Pdf downloaded from : https://assets.scriptslug.com/live/pdf/scripts/hail-caesar-2016.pdf?v=1729114919","logger":"root","filename":"ingestion_dag_3.py","lineno":180}
{"timestamp":"2025-11-18T15:55:14.707602Z","level":"info","event":"_download_pdf - Pdf downloaded from : https://assets.scriptslug.com/live/pdf/scripts/hall-pass-2011.pdf?v=1729114919","logger":"root","filename":"ingestion_dag_3.py","lineno":180}
{"timestamp":"2025-11-18T15:55:16.971279Z","level":"info","event":"_download_pdf - Pdf downloaded from : https://assets.scriptslug.com/live/pdf/scripts/halloween-1978.pdf?v=1729114919","logger":"root","filename":"ingestion_dag_3.py","lineno":180}
{"timestamp":"2025-11-18T15:55:17.532462Z","level":"info","event":"_download_pdf - Pdf downloaded from : https://assets.scriptslug.com/live/pdf/scripts/halloween-2018_2024-01-09-005255_xwtn.pdf?v=1729114920","logger":"root","filename":"ingestion_dag_3.py","lineno":180}
{"timestamp":"2025-11-18T15:55:20.980632Z","level":"info","event":"_download_pdf - Pdf downloaded from : https://assets.scriptslug.com/live/pdf/scripts/halloween-ii-1981.pdf?v=1729114920","logger":"root","filename":"ingestion_dag_3.py","lineno":180}
{"timestamp":"2025-11-18T15:55:24.804524Z","level":"info","event":"_download_pdf - Pdf downloaded from : https://assets.scriptslug.com/live/pdf/scripts/halloween-iii-season-of-the-witch-1982.pdf?v=1729114920","logger":"root","filename":"ingestion_dag_3.py","lineno":180}
{"timestamp":"2025-11-18T15:55:26.373186Z","level":"info","event":"_download_pdf - Pdf downloaded from : https://assets.scriptslug.com/live/pdf/scripts/halloween-4-the-return-of-michael-myers-1988.pdf?v=1729114920","logger":"root","filename":"ingestion_dag_3.py","lineno":180}
{"timestamp":"2025-11-18T15:55:29.110220Z","level":"info","event":"_download_pdf - Pdf downloaded from : https://assets.scriptslug.com/live/pdf/scripts/halloween-5-1989.pdf?v=1729114920","logger":"root","filename":"ingestion_dag_3.py","lineno":180}
{"timestamp":"2025-11-18T15:55:31.491838Z","level":"info","event":"_download_pdf - Pdf downloaded from : https://assets.scriptslug.com/live/pdf/scripts/halloween-6-the-curse-of-michael-myers-1995.pdf?v=1729114920","logger":"root","filename":"ingestion_dag_3.py","lineno":180}
{"timestamp":"2025-11-18T15:55:32.493510Z","level":"info","event":"_download_pdf - Pdf downloaded from : https://assets.scriptslug.com/live/pdf/scripts/halloween-h20-20-years-later-1998.pdf?v=1729114920","logger":"root","filename":"ingestion_dag_3.py","lineno":180}
{"timestamp":"2025-11-18T15:55:32.940667Z","level":"info","event":"_download_pdf - Pdf downloaded from : https://assets.scriptslug.com/live/pdf/scripts/halloween-kills-2021.pdf?v=1729114920","logger":"root","filename":"ingestion_dag_3.py","lineno":180}
{"timestamp":"2025-11-18T15:55:34.911139Z","level":"info","event":"_download_pdf - Pdf downloaded from : https://assets.scriptslug.com/live/pdf/scripts/hangin-with-the-homeboys-1991.pdf?v=1729114921","logger":"root","filename":"ingestion_dag_3.py","lineno":180}
{"timestamp":"2025-11-18T15:55:35.792673Z","level":"info","event":"_download_pdf - Pdf downloaded from : https://assets.scriptslug.com/live/pdf/scripts/hanna-2011.pdf?v=1729114921","logger":"root","filename":"ingestion_dag_3.py","lineno":180}
{"timestamp":"2025-11-18T15:55:38.696944Z","level":"info","event":"_download_pdf - Pdf downloaded from : https://assets.scriptslug.com/live/pdf/scripts/happy-birthday-to-me-1981.pdf?v=1729114921","logger":"root","filename":"ingestion_dag_3.py","lineno":180}
{"timestamp":"2025-11-18T15:55:40.322567Z","level":"info","event":"_download_pdf - Pdf downloaded from : https://assets.scriptslug.com/live/pdf/scripts/happy-death-day-2017.pdf?v=1729114921","logger":"root","filename":"ingestion_dag_3.py","lineno":180}
{"timestamp":"2025-11-18T15:55:43.444208Z","level":"info","event":"_download_pdf - Pdf downloaded from : https://assets.scriptslug.com/live/pdf/scripts/harlem-nights-1989.pdf?v=1729114921","logger":"root","filename":"ingestion_dag_3.py","lineno":180}
{"timestamp":"2025-11-18T15:55:50.655174Z","level":"info","event":"_download_pdf - Pdf downloaded from : https://assets.scriptslug.com/live/pdf/scripts/harold-and-maude-1971.pdf?v=1729114921","logger":"root","filename":"ingestion_dag_3.py","lineno":180}
{"timestamp":"2025-11-18T15:55:51.603198Z","level":"info","event":"_download_pdf - Pdf downloaded from : https://assets.scriptslug.com/live/pdf/scripts/harriet-2019.pdf?v=1729114921","logger":"root","filename":"ingestion_dag_3.py","lineno":180}
{"timestamp":"2025-11-18T15:55:52.752905Z","level":"info","event":"_download_pdf - Pdf downloaded from : https://assets.scriptslug.com/live/pdf/scripts/harry-potter-and-the-chamber-of-secrets-2002.pdf?v=1729114922","logger":"root","filename":"ingestion_dag_3.py","lineno":180}
{"timestamp":"2025-11-18T15:55:53.339773Z","level":"info","event":"_download_pdf - Pdf downloaded from : https://assets.scriptslug.com/live/pdf/scripts/harry-potter-and-the-deathly-hallows-part-1-2010.pdf?v=1729114922","logger":"root","filename":"ingestion_dag_3.py","lineno":180}
{"timestamp":"2025-11-18T15:55:53.921939Z","level":"info","event":"_download_pdf - Pdf downloaded from : https://assets.scriptslug.com/live/pdf/scripts/harry-potter-and-the-deathly-hollows-part-2-2011.pdf?v=1729114922","logger":"root","filename":"ingestion_dag_3.py","lineno":180}
{"timestamp":"2025-11-18T15:55:57.265432Z","level":"info","event":"_download_pdf - Pdf downloaded from : https://assets.scriptslug.com/live/pdf/scripts/harry-potter-and-the-goblet-of-fire-2005.pdf?v=1729114922","logger":"root","filename":"ingestion_dag_3.py","lineno":180}
{"timestamp":"2025-11-18T15:55:58.111007Z","level":"info","event":"_download_pdf - Pdf downloaded from : https://assets.scriptslug.com/live/pdf/scripts/harry-potter-and-the-half-blood-prince-2009.pdf?v=1729114922","logger":"root","filename":"ingestion_dag_3.py","lineno":180}
{"timestamp":"2025-11-18T15:55:58.922015Z","level":"info","event":"_download_pdf - Pdf downloaded from : https://assets.scriptslug.com/live/pdf/scripts/harry-potter-and-the-order-of-the-phoenix-2007.pdf?v=1729114922","logger":"root","filename":"ingestion_dag_3.py","lineno":180}
{"timestamp":"2025-11-18T15:55:59.619417Z","level":"info","event":"_download_pdf - Pdf downloaded from : https://assets.scriptslug.com/live/pdf/scripts/harry-potter-and-the-prisoner-of-azkaban-2004.pdf?v=1729114922","logger":"root","filename":"ingestion_dag_3.py","lineno":180}
{"timestamp":"2025-11-18T15:56:04.328233Z","level":"info","event":"_download_pdf - Pdf downloaded from : https://assets.scriptslug.com/live/pdf/scripts/harry-potter-and-the-sorcerers-stone-2001.pdf?v=1729114922","logger":"root","filename":"ingestion_dag_3.py","lineno":180}
{"timestamp":"2025-11-18T15:56:04.819217Z","level":"info","event":"_download_pdf - Pdf downloaded from : https://assets.scriptslug.com/live/pdf/scripts/heat-1995.pdf?v=1729114922","logger":"root","filename":"ingestion_dag_3.py","lineno":180}
{"timestamp":"2025-11-18T15:56:08.815501Z","level":"info","event":"_download_pdf - Pdf downloaded from : https://assets.scriptslug.com/live/pdf/scripts/heathers-1988.pdf?v=1729114922","logger":"root","filename":"ingestion_dag_3.py","lineno":180}
{"timestamp":"2025-11-18T15:56:16.058510Z","level":"info","event":"_download_pdf - Pdf downloaded from : https://assets.scriptslug.com/live/pdf/scripts/heaven-can-wait-1978.pdf?v=1729114923","logger":"root","filename":"ingestion_dag_3.py","lineno":180}
{"timestamp":"2025-11-18T15:56:19.553220Z","level":"info","event":"_download_pdf - Pdf downloaded from : https://assets.scriptslug.com/live/pdf/scripts/heavy-metal-1981.pdf?v=1729114923","logger":"root","filename":"ingestion_dag_3.py","lineno":180}
{"timestamp":"2025-11-18T15:56:23.727771Z","level":"info","event":"_download_pdf - Pdf downloaded from : https://assets.scriptslug.com/live/pdf/scripts/heavyweights-1995.pdf?v=1729114923","logger":"root","filename":"ingestion_dag_3.py","lineno":180}
{"timestamp":"2025-11-18T15:56:24.284398Z","level":"info","event":"_download_pdf - Pdf downloaded from : https://assets.scriptslug.com/live/pdf/scripts/hell-or-high-water-2016.pdf?v=1729114923","logger":"root","filename":"ingestion_dag_3.py","lineno":180}
{"timestamp":"2025-11-18T15:56:25.489938Z","level":"info","event":"_download_pdf - Pdf downloaded from : https://assets.scriptslug.com/live/pdf/scripts/hellbound-hellraiser-ii-1988.pdf?v=1729114923","logger":"root","filename":"ingestion_dag_3.py","lineno":180}
{"timestamp":"2025-11-18T15:56:27.604670Z","level":"info","event":"_download_pdf - Pdf downloaded from : https://assets.scriptslug.com/live/pdf/scripts/hellboy-2004.pdf?v=1729114923","logger":"root","filename":"ingestion_dag_3.py","lineno":180}
{"timestamp":"2025-11-18T15:56:28.825390Z","level":"info","event":"_download_pdf - Pdf downloaded from : https://assets.scriptslug.com/live/pdf/scripts/hellboy-2019.pdf?v=1729114923","logger":"root","filename":"ingestion_dag_3.py","lineno":180}
{"timestamp":"2025-11-18T15:56:29.894154Z","level":"info","event":"_download_pdf - Pdf downloaded from : https://assets.scriptslug.com/live/pdf/scripts/hellraiser-1987.pdf?v=1729114923","logger":"root","filename":"ingestion_dag_3.py","lineno":180}
{"timestamp":"2025-11-18T15:56:31.224014Z","level":"info","event":"_download_pdf - Pdf downloaded from : https://assets.scriptslug.com/live/pdf/scripts/hellraiser-deader-2005.pdf?v=1729114923","logger":"root","filename":"ingestion_dag_3.py","lineno":180}
{"timestamp":"2025-11-18T15:56:31.903873Z","level":"info","event":"_download_pdf - Pdf downloaded from : https://assets.scriptslug.com/live/pdf/scripts/hellraiser-hellseeker-2002.pdf?v=1729114924","logger":"root","filename":"ingestion_dag_3.py","lineno":180}
{"timestamp":"2025-11-18T15:56:33.142266Z","level":"info","event":"_download_pdf - Pdf downloaded from : https://assets.scriptslug.com/live/pdf/scripts/her-2013.pdf?v=1729114924","logger":"root","filename":"ingestion_dag_3.py","lineno":180}
{"timestamp":"2025-11-18T15:56:34.062422Z","level":"info","event":"_download_pdf - Pdf downloaded from : https://assets.scriptslug.com/live/pdf/scripts/hereditary-2018.pdf?v=1729114924","logger":"root","filename":"ingestion_dag_3.py","lineno":180}
{"timestamp":"2025-11-18T15:56:35.434264Z","level":"info","event":"_download_pdf - Pdf downloaded from : https://assets.scriptslug.com/live/pdf/scripts/hidden-figures-2016.pdf?v=1729114924","logger":"root","filename":"ingestion_dag_3.py","lineno":180}
{"timestamp":"2025-11-18T15:56:36.539112Z","level":"info","event":"_download_pdf - Pdf downloaded from : https://assets.scriptslug.com/live/pdf/scripts/high-fidelity-2000.pdf?v=1729114924","logger":"root","filename":"ingestion_dag_3.py","lineno":180}
{"timestamp":"2025-11-18T15:56:40.982481Z","level":"info","event":"_download_pdf - Pdf downloaded from : https://assets.scriptslug.com/live/pdf/scripts/high-noon-1952.pdf?v=1729114924","logger":"root","filename":"ingestion_dag_3.py","lineno":180}
{"timestamp":"2025-11-18T15:56:44.712807Z","level":"info","event":"_download_pdf - Pdf downloaded from : https://assets.scriptslug.com/live/pdf/scripts/highlander-ii-the-quickening-1991.pdf?v=1729114924","logger":"root","filename":"ingestion_dag_3.py","lineno":180}
{"timestamp":"2025-11-18T15:56:45.437268Z","level":"info","event":"_download_pdf - Pdf downloaded from : https://assets.scriptslug.com/live/pdf/scripts/hitchcock-2012.pdf?v=1729114924","logger":"root","filename":"ingestion_dag_3.py","lineno":180}
{"timestamp":"2025-11-18T15:56:48.530657Z","level":"info","event":"_download_pdf - Pdf downloaded from : https://assets.scriptslug.com/live/pdf/scripts/hocus-pocus-1993.pdf?v=1729114924","logger":"root","filename":"ingestion_dag_3.py","lineno":180}
{"timestamp":"2025-11-18T15:56:49.505604Z","level":"info","event":"_download_pdf - Pdf downloaded from : https://assets.scriptslug.com/live/pdf/scripts/hold-the-dark-2018.pdf?v=1729114925","logger":"root","filename":"ingestion_dag_3.py","lineno":180}
{"timestamp":"2025-11-18T15:56:50.044967Z","level":"info","event":"_download_pdf - Pdf downloaded from : https://assets.scriptslug.com/live/pdf/scripts/hollow-man-2000.pdf?v=1729114925","logger":"root","filename":"ingestion_dag_3.py","lineno":180}
{"timestamp":"2025-11-18T15:56:53.193598Z","level":"info","event":"_download_pdf - Pdf downloaded from : https://assets.scriptslug.com/live/pdf/scripts/home-alone-1990.pdf?v=1729114925","logger":"root","filename":"ingestion_dag_3.py","lineno":180}
{"timestamp":"2025-11-18T15:56:58.830168Z","level":"info","event":"_download_pdf - Pdf downloaded from : https://assets.scriptslug.com/live/pdf/scripts/home-alone-2-lost-in-new-york-1992.pdf?v=1729114925","logger":"root","filename":"ingestion_dag_3.py","lineno":180}
{"timestamp":"2025-11-18T15:57:00.113344Z","level":"info","event":"_download_pdf - Pdf downloaded from : https://assets.scriptslug.com/live/pdf/scripts/honey-boy-2019.pdf?v=1729114925","logger":"root","filename":"ingestion_dag_3.py","lineno":180}
{"timestamp":"2025-11-18T15:57:03.095763Z","level":"info","event":"_download_pdf - Pdf downloaded from : https://assets.scriptslug.com/live/pdf/scripts/honey-i-blew-up-the-kid-1992.pdf?v=1729114925","logger":"root","filename":"ingestion_dag_3.py","lineno":180}
{"timestamp":"2025-11-18T15:57:05.731340Z","level":"info","event":"_download_pdf - Pdf downloaded from : https://assets.scriptslug.com/live/pdf/scripts/honey-i-shrunk-the-kids-1989.pdf?v=1729114925","logger":"root","filename":"ingestion_dag_3.py","lineno":180}
{"timestamp":"2025-11-18T15:57:06.523095Z","level":"info","event":"_download_pdf - Pdf downloaded from : https://assets.scriptslug.com/live/pdf/scripts/horrible-bosses-2011.pdf?v=1729114926","logger":"root","filename":"ingestion_dag_3.py","lineno":180}
{"timestamp":"2025-11-18T15:57:07.237639Z","level":"info","event":"_download_pdf - Pdf downloaded from : https://assets.scriptslug.com/live/pdf/scripts/horrible-bosses-2-2014.pdf?v=1729114925","logger":"root","filename":"ingestion_dag_3.py","lineno":180}
{"timestamp":"2025-11-18T15:57:11.766266Z","level":"info","event":"_download_pdf - Pdf downloaded from : https://assets.scriptslug.com/live/pdf/scripts/hostel-2005.pdf?v=1729114926","logger":"root","filename":"ingestion_dag_3.py","lineno":180}
{"timestamp":"2025-11-18T15:57:12.467231Z","level":"info","event":"_download_pdf - Pdf downloaded from : https://assets.scriptslug.com/live/pdf/scripts/hot-fuzz-2007.pdf?v=1729114926","logger":"root","filename":"ingestion_dag_3.py","lineno":180}
{"timestamp":"2025-11-18T15:57:13.505341Z","level":"info","event":"_download_pdf - Pdf downloaded from : https://assets.scriptslug.com/live/pdf/scripts/house-of-gucci.2021.pdf?v=1729114926","logger":"root","filename":"ingestion_dag_3.py","lineno":180}
{"timestamp":"2025-11-18T15:57:16.997920Z","level":"info","event":"_download_pdf - Pdf downloaded from : https://assets.scriptslug.com/live/pdf/scripts/house-party-1990.pdf?v=1729114926","logger":"root","filename":"ingestion_dag_3.py","lineno":180}
{"timestamp":"2025-11-18T15:57:19.956577Z","level":"info","event":"_download_pdf - Pdf downloaded from : https://assets.scriptslug.com/live/pdf/scripts/how-the-grinch-stole-christmas-2000.pdf?v=1729114926","logger":"root","filename":"ingestion_dag_3.py","lineno":180}
{"timestamp":"2025-11-18T15:57:20.820049Z","level":"info","event":"_download_pdf - Pdf downloaded from : https://assets.scriptslug.com/live/pdf/scripts/how-to-build-a-girl-2020.pdf?v=1729114926","logger":"root","filename":"ingestion_dag_3.py","lineno":180}
{"timestamp":"2025-11-18T15:57:21.522094Z","level":"info","event":"_download_pdf - Pdf downloaded from : https://assets.scriptslug.com/live/pdf/scripts/how-to-train-your-dragon-2010.pdf?v=1729114927","logger":"root","filename":"ingestion_dag_3.py","lineno":180}
{"timestamp":"2025-11-18T15:57:22.835411Z","level":"info","event":"_download_pdf - Pdf downloaded from : https://assets.scriptslug.com/live/pdf/scripts/how-to-train-your-dragon-2-2014.pdf?v=1729114927","logger":"root","filename":"ingestion_dag_3.py","lineno":180}
{"timestamp":"2025-11-18T15:57:24.308751Z","level":"info","event":"_download_pdf - Pdf downloaded from : https://assets.scriptslug.com/live/pdf/scripts/how-to-train-your-dragon-the-hidden-world-2019.pdf?v=1729114927","logger":"root","filename":"ingestion_dag_3.py","lineno":180}
{"timestamp":"2025-11-18T15:57:26.927967Z","level":"info","event":"_download_pdf - Pdf downloaded from : https://assets.scriptslug.com/live/pdf/scripts/howard-the-duck-1986.pdf?v=1729114927","logger":"root","filename":"ingestion_dag_3.py","lineno":180}
{"timestamp":"2025-11-18T15:57:29.421666Z","level":"info","event":"_download_pdf - Pdf downloaded from : https://assets.scriptslug.com/live/pdf/scripts/hugo-2011.pdf?v=1729114927","logger":"root","filename":"ingestion_dag_3.py","lineno":180}
{"timestamp":"2025-11-18T15:57:31.537317Z","level":"info","event":"_download_pdf - Pdf downloaded from : https://assets.scriptslug.com/live/pdf/scripts/hustle-and-flow-2005.pdf?v=1729114927","logger":"root","filename":"ingestion_dag_3.py","lineno":180}
{"timestamp":"2025-11-18T15:57:32.349352Z","level":"info","event":"_download_pdf - Pdf downloaded from : https://assets.scriptslug.com/live/pdf/scripts/hustlers-2019.pdf?v=1729114927","logger":"root","filename":"ingestion_dag_3.py","lineno":180}
{"timestamp":"2025-11-18T15:57:33.168171Z","level":"info","event":"_download_pdf - Pdf downloaded from : https://assets.scriptslug.com/live/pdf/scripts/i-dont-feel-at-home-in-this-world-anymore-2017.pdf?v=1729114927","logger":"root","filename":"ingestion_dag_3.py","lineno":180}
{"timestamp":"2025-11-18T15:57:33.939376Z","level":"info","event":"_download_pdf - Pdf downloaded from : https://assets.scriptslug.com/live/pdf/scripts/i-love-you-man-2009.pdf?v=1729114927","logger":"root","filename":"ingestion_dag_3.py","lineno":180}
{"timestamp":"2025-11-18T15:57:34.794391Z","level":"info","event":"_download_pdf - Pdf downloaded from : https://assets.scriptslug.com/live/pdf/scripts/i-saw-the-light-2016.pdf?v=1729114928","logger":"root","filename":"ingestion_dag_3.py","lineno":180}
{"timestamp":"2025-11-18T15:57:35.359738Z","level":"info","event":"_download_pdf - Pdf downloaded from : https://assets.scriptslug.com/live/pdf/scripts/i-think-were-alone-now-2018.pdf?v=1729114928","logger":"root","filename":"ingestion_dag_3.py","lineno":180}
{"timestamp":"2025-11-18T15:57:36.532897Z","level":"info","event":"_download_pdf - Pdf downloaded from : https://assets.scriptslug.com/live/pdf/scripts/i-tonya-2017.pdf?v=1729114928","logger":"root","filename":"ingestion_dag_3.py","lineno":180}
{"timestamp":"2025-11-18T15:57:42.423056Z","level":"info","event":"_download_pdf - Pdf downloaded from : https://assets.scriptslug.com/live/pdf/scripts/identity-2003.pdf?v=1729114928","logger":"root","filename":"ingestion_dag_3.py","lineno":180}
{"timestamp":"2025-11-18T15:57:43.040424Z","level":"info","event":"_download_pdf - Pdf downloaded from : https://assets.scriptslug.com/live/pdf/scripts/if-beale-street-could-talk-2018.pdf?v=1729114928","logger":"root","filename":"ingestion_dag_3.py","lineno":180}
{"timestamp":"2025-11-18T15:57:44.209086Z","level":"info","event":"_download_pdf - Pdf downloaded from : https://assets.scriptslug.com/live/pdf/scripts/im-thinking-of-ending-things-2020.pdf?v=1729114928","logger":"root","filename":"ingestion_dag_3.py","lineno":180}
{"timestamp":"2025-11-18T15:57:57.627536Z","level":"info","event":"_download_pdf - Pdf downloaded from : https://assets.scriptslug.com/live/pdf/scripts/in-bruges-2008.pdf?v=1729114928","logger":"root","filename":"ingestion_dag_3.py","lineno":180}
{"timestamp":"2025-11-18T15:57:58.506597Z","level":"info","event":"_download_pdf - Pdf downloaded from : https://assets.scriptslug.com/live/pdf/scripts/inf-fabric-2018.pdf?v=1729114929","logger":"root","filename":"ingestion_dag_3.py","lineno":180}
{"timestamp":"2025-11-18T15:57:59.290885Z","level":"info","event":"_download_pdf - Pdf downloaded from : https://assets.scriptslug.com/live/pdf/scripts/in-the-tall-grass-2019.pdf?v=1729114929","logger":"root","filename":"ingestion_dag_3.py","lineno":180}
{"timestamp":"2025-11-18T15:58:00.263505Z","level":"info","event":"_download_pdf - Pdf downloaded from : https://assets.scriptslug.com/live/pdf/scripts/inception-2010.pdf?v=1729114929","logger":"root","filename":"ingestion_dag_3.py","lineno":180}
{"timestamp":"2025-11-18T15:58:02.670269Z","level":"info","event":"_download_pdf - Pdf downloaded from : https://assets.scriptslug.com/live/pdf/scripts/indecent-proposal-1993.pdf?v=1729114929","logger":"root","filename":"ingestion_dag_3.py","lineno":180}
{"timestamp":"2025-11-18T15:58:15.722593Z","level":"info","event":"_download_pdf - Pdf downloaded from : https://assets.scriptslug.com/live/pdf/scripts/independence-day-1996.pdf?v=1729114929","logger":"root","filename":"ingestion_dag_3.py","lineno":180}
{"timestamp":"2025-11-18T15:58:16.505089Z","level":"info","event":"_download_pdf - Pdf downloaded from : https://assets.scriptslug.com/live/pdf/scripts/indiana-jones-and-the-kingdom-of-the-crystal-skull-2008.pdf?v=1729114929","logger":"root","filename":"ingestion_dag_3.py","lineno":180}
{"timestamp":"2025-11-18T15:58:17.118929Z","level":"info","event":"_download_pdf - Pdf downloaded from : https://assets.scriptslug.com/live/pdf/scripts/indiana-jones-and-the-last-crusade-1989.pdf?v=1729114929","logger":"root","filename":"ingestion_dag_3.py","lineno":180}
{"timestamp":"2025-11-18T15:58:21.670346Z","level":"info","event":"_download_pdf - Pdf downloaded from : https://assets.scriptslug.com/live/pdf/scripts/indiana-jones-and-the-temple-of-doom-1984.pdf?v=1729114929","logger":"root","filename":"ingestion_dag_3.py","lineno":180}
{"timestamp":"2025-11-18T15:58:22.335815Z","level":"info","event":"_download_pdf - Pdf downloaded from : https://assets.scriptslug.com/live/pdf/scripts/infinitely-polar-bear-2014.pdf?v=1729114929","logger":"root","filename":"ingestion_dag_3.py","lineno":180}
{"timestamp":"2025-11-18T15:58:23.809976Z","level":"info","event":"_download_pdf - Pdf downloaded from : https://assets.scriptslug.com/live/pdf/scripts/inglourious-bastards-2009.pdf?v=1729114930","logger":"root","filename":"ingestion_dag_3.py","lineno":180}
{"timestamp":"2025-11-18T15:58:24.863866Z","level":"info","event":"_download_pdf - Pdf downloaded from : https://assets.scriptslug.com/live/pdf/scripts/ingrid-goes-west-2017.pdf?v=1729114930","logger":"root","filename":"ingestion_dag_3.py","lineno":180}
{"timestamp":"2025-11-18T15:58:25.690536Z","level":"info","event":"_download_pdf - Pdf downloaded from : https://assets.scriptslug.com/live/pdf/scripts/inherent-vice-2014.pdf?v=1729114930","logger":"root","filename":"ingestion_dag_3.py","lineno":180}
{"timestamp":"2025-11-18T15:58:26.171532Z","level":"info","event":"_download_pdf - Pdf downloaded from : https://assets.scriptslug.com/live/pdf/scripts/initiation-2016.pdf?v=1729114930","logger":"root","filename":"ingestion_dag_3.py","lineno":180}
{"timestamp":"2025-11-18T15:58:27.060876Z","level":"info","event":"_download_pdf - Pdf downloaded from : https://assets.scriptslug.com/live/pdf/scripts/innerspace-1987.pdf?v=1729114930","logger":"root","filename":"ingestion_dag_3.py","lineno":180}
{"timestamp":"2025-11-18T15:58:30.579713Z","level":"info","event":"_download_pdf - Pdf downloaded from : https://assets.scriptslug.com/live/pdf/scripts/inside-llewyn-davis-2013.pdf?v=1729114930","logger":"root","filename":"ingestion_dag_3.py","lineno":180}
{"timestamp":"2025-11-18T15:58:31.040505Z","level":"info","event":"_download_pdf - Pdf downloaded from : https://assets.scriptslug.com/live/pdf/scripts/inside-out-2015.pdf?v=1729114930","logger":"root","filename":"ingestion_dag_3.py","lineno":180}
{"timestamp":"2025-11-18T15:58:31.959819Z","level":"info","event":"_download_pdf - Pdf downloaded from : https://assets.scriptslug.com/live/pdf/scripts/Insidious-2010.pdf?v=1729114850","logger":"root","filename":"ingestion_dag_3.py","lineno":180}
{"timestamp":"2025-11-18T15:58:32.990248Z","level":"info","event":"_download_pdf - Pdf downloaded from : https://assets.scriptslug.com/live/pdf/scripts/insidious-chapter-2-2013.pdf?v=1729114930","logger":"root","filename":"ingestion_dag_3.py","lineno":180}
{"timestamp":"2025-11-18T15:58:36.976948Z","level":"info","event":"_download_pdf - Pdf downloaded from : https://assets.scriptslug.com/live/pdf/scripts/insomnia-2002.pdf?v=1729114931","logger":"root","filename":"ingestion_dag_3.py","lineno":180}
{"timestamp":"2025-11-18T15:58:40.619787Z","level":"info","event":"_download_pdf - Pdf downloaded from : https://assets.scriptslug.com/live/pdf/scripts/inspector-gadget-1999.pdf?v=1729114931","logger":"root","filename":"ingestion_dag_3.py","lineno":180}
{"timestamp":"2025-11-18T15:58:41.181651Z","level":"info","event":"_download_pdf - Pdf downloaded from : https://assets.scriptslug.com/live/pdf/scripts/interstellar-2014.pdf?v=1729114931","logger":"root","filename":"ingestion_dag_3.py","lineno":180}
{"timestamp":"2025-11-18T15:58:44.633827Z","level":"info","event":"_download_pdf - Pdf downloaded from : https://assets.scriptslug.com/live/pdf/scripts/interview-with-the-vampire-1994.pdf?v=1729114931","logger":"root","filename":"ingestion_dag_3.py","lineno":180}
{"timestamp":"2025-11-18T15:58:45.135720Z","level":"info","event":"_download_pdf - Pdf downloaded from : https://assets.scriptslug.com/live/pdf/scripts/into-the-woods-2014.pdf?v=1729114931","logger":"root","filename":"ingestion_dag_3.py","lineno":180}
{"timestamp":"2025-11-18T15:58:50.488902Z","level":"info","event":"_download_pdf - Pdf downloaded from : https://assets.scriptslug.com/live/pdf/scripts/invasion-of-the-body-snatchers-1978.pdf?v=1729114931","logger":"root","filename":"ingestion_dag_3.py","lineno":180}
{"timestamp":"2025-11-18T15:58:51.203045Z","level":"info","event":"_download_pdf - Pdf downloaded from : https://assets.scriptslug.com/live/pdf/scripts/iron-man-2008.pdf?v=1729114931","logger":"root","filename":"ingestion_dag_3.py","lineno":180}
{"timestamp":"2025-11-18T15:58:59.086847Z","level":"info","event":"_download_pdf - Pdf downloaded from : https://assets.scriptslug.com/live/pdf/scripts/isle-of-dogs-2018.pdf?v=1729114931","logger":"root","filename":"ingestion_dag_3.py","lineno":180}
{"timestamp":"2025-11-18T15:58:59.560900Z","level":"info","event":"_download_pdf - Pdf downloaded from : https://assets.scriptslug.com/live/pdf/scripts/it-2017.pdf?v=1729114931","logger":"root","filename":"ingestion_dag_3.py","lineno":180}
{"timestamp":"2025-11-18T15:59:00.255643Z","level":"info","event":"_download_pdf - Pdf downloaded from : https://assets.scriptslug.com/live/pdf/scripts/it-follows-2015.pdf?v=1729114932","logger":"root","filename":"ingestion_dag_3.py","lineno":180}
{"timestamp":"2025-11-18T15:59:00.766452Z","level":"info","event":"_download_pdf - Pdf downloaded from : https://assets.scriptslug.com/live/pdf/scripts/its-a-wonderful-life-1946.pdf?v=1729114932","logger":"root","filename":"ingestion_dag_3.py","lineno":180}
{"timestamp":"2025-11-18T15:59:01.384811Z","level":"info","event":"_download_pdf - Pdf downloaded from : https://assets.scriptslug.com/live/pdf/scripts/its-complicated-2009.pdf?v=1729114932","logger":"root","filename":"ingestion_dag_3.py","lineno":180}
{"timestamp":"2025-11-18T15:59:01.963299Z","level":"info","event":"_download_pdf - Pdf downloaded from : https://assets.scriptslug.com/live/pdf/scripts/its-kind-of-a-funny-story-2010.pdf?v=1729114932","logger":"root","filename":"ingestion_dag_3.py","lineno":180}
{"timestamp":"2025-11-18T15:59:03.594821Z","level":"info","event":"_download_pdf - Pdf downloaded from : https://assets.scriptslug.com/live/pdf/scripts/jack-reacher-2012.pdf?v=1729114932","logger":"root","filename":"ingestion_dag_3.py","lineno":180}
{"timestamp":"2025-11-18T15:59:05.979025Z","level":"info","event":"_download_pdf - Pdf downloaded from : https://assets.scriptslug.com/live/pdf/scripts/jackie-2016.pdf?v=1729114932","logger":"root","filename":"ingestion_dag_3.py","lineno":180}
{"timestamp":"2025-11-18T15:59:06.468827Z","level":"info","event":"_download_pdf - Pdf downloaded from : https://assets.scriptslug.com/live/pdf/scripts/jackie-brown-1997.pdf?v=1729114932","logger":"root","filename":"ingestion_dag_3.py","lineno":180}
{"timestamp":"2025-11-18T15:59:07.266661Z","level":"info","event":"_download_pdf - Pdf downloaded from : https://assets.scriptslug.com/live/pdf/scripts/jacobs-ladder-1990.pdf?v=1729114932","logger":"root","filename":"ingestion_dag_3.py","lineno":180}
{"timestamp":"2025-11-18T15:59:11.450993Z","level":"info","event":"_download_pdf - Pdf downloaded from : https://assets.scriptslug.com/live/pdf/scripts/jagged-edge-1985.pdf?v=1729114933","logger":"root","filename":"ingestion_dag_3.py","lineno":180}
{"timestamp":"2025-11-18T15:59:12.229787Z","level":"info","event":"_download_pdf - Pdf downloaded from : https://assets.scriptslug.com/live/pdf/scripts/jane-eyre-2011.pdf?v=1729114933","logger":"root","filename":"ingestion_dag_3.py","lineno":180}
{"timestamp":"2025-11-18T15:59:13.963067Z","level":"info","event":"_download_pdf - Pdf downloaded from : https://assets.scriptslug.com/live/pdf/scripts/jarhead-2005.pdf?v=1729114933","logger":"root","filename":"ingestion_dag_3.py","lineno":180}
{"timestamp":"2025-11-18T15:59:17.354655Z","level":"info","event":"_download_pdf - Pdf downloaded from : https://assets.scriptslug.com/live/pdf/scripts/jason-goes-to-hell-the-final-friday1993.pdf?v=1729114933","logger":"root","filename":"ingestion_dag_3.py","lineno":180}
{"timestamp":"2025-11-18T15:59:17.876888Z","level":"info","event":"_download_pdf - Pdf downloaded from : https://assets.scriptslug.com/live/pdf/scripts/jaws-1975.pdf?v=1729114933","logger":"root","filename":"ingestion_dag_3.py","lineno":180}
{"timestamp":"2025-11-18T15:59:18.790117Z","level":"info","event":"_download_pdf - Pdf downloaded from : https://assets.scriptslug.com/live/pdf/scripts/jaws-2-1978.pdf?v=1729114933","logger":"root","filename":"ingestion_dag_3.py","lineno":180}
{"timestamp":"2025-11-18T15:59:19.556308Z","level":"info","event":"_download_pdf - Pdf downloaded from : https://assets.scriptslug.com/live/pdf/scripts/jennifers-body-2009.pdf?v=1729114933","logger":"root","filename":"ingestion_dag_3.py","lineno":180}
{"timestamp":"2025-11-18T15:59:22.230818Z","level":"info","event":"_download_pdf - Pdf downloaded from : https://assets.scriptslug.com/live/pdf/scripts/jerry-maguire-1996.pdf?v=1729114933","logger":"root","filename":"ingestion_dag_3.py","lineno":180}
{"timestamp":"2025-11-18T15:59:29.460480Z","level":"info","event":"_download_pdf - Pdf downloaded from : https://assets.scriptslug.com/live/pdf/scripts/jfk-1991.pdf?v=1729114933","logger":"root","filename":"ingestion_dag_3.py","lineno":180}
{"timestamp":"2025-11-18T15:59:34.235889Z","level":"info","event":"_download_pdf - Pdf downloaded from : https://assets.scriptslug.com/live/pdf/scripts/jingle-all-the-way-1996.pdf?v=1729114933","logger":"root","filename":"ingestion_dag_3.py","lineno":180}
{"timestamp":"2025-11-18T15:59:39.527529Z","level":"info","event":"_download_pdf - Pdf downloaded from : https://assets.scriptslug.com/live/pdf/scripts/jo-jo-dancer-your-life-is-calling-1986.pdf?v=1729114934","logger":"root","filename":"ingestion_dag_3.py","lineno":180}
{"timestamp":"2025-11-18T15:59:40.377473Z","level":"info","event":"_download_pdf - Pdf downloaded from : https://assets.scriptslug.com/live/pdf/scripts/jockey-2021.pdf?v=1729114934","logger":"root","filename":"ingestion_dag_3.py","lineno":180}
{"timestamp":"2025-11-18T15:59:41.048387Z","level":"info","event":"_download_pdf - Pdf downloaded from : https://assets.scriptslug.com/live/pdf/scripts/john-wick-2015.pdf?v=1729114934","logger":"root","filename":"ingestion_dag_3.py","lineno":180}
{"timestamp":"2025-11-18T15:59:42.214824Z","level":"info","event":"_download_pdf - Pdf downloaded from : https://assets.scriptslug.com/live/pdf/scripts/john-wick-chapter-4-2023.pdf?v=1729114934","logger":"root","filename":"ingestion_dag_3.py","lineno":180}
{"timestamp":"2025-11-18T15:59:43.338923Z","level":"info","event":"_download_pdf - Pdf downloaded from : https://assets.scriptslug.com/live/pdf/scripts/jojo-rabbit-2019.pdf?v=1729114934","logger":"root","filename":"ingestion_dag_3.py","lineno":180}
{"timestamp":"2025-11-18T15:59:44.110349Z","level":"info","event":"_download_pdf - Pdf downloaded from : https://assets.scriptslug.com/live/pdf/scripts/joker-2019.pdf?v=1729114934","logger":"root","filename":"ingestion_dag_3.py","lineno":180}
{"timestamp":"2025-11-18T15:59:44.946748Z","level":"info","event":"_download_pdf - Pdf downloaded from : https://assets.scriptslug.com/live/pdf/scripts/joy-2015.pdf?v=1729114934","logger":"root","filename":"ingestion_dag_3.py","lineno":180}
{"timestamp":"2025-11-18T15:59:46.418152Z","level":"info","event":"_download_pdf - Pdf downloaded from : https://assets.scriptslug.com/live/pdf/scripts/judas-and-the-black-messiah-2021.pdf?v=1729114934","logger":"root","filename":"ingestion_dag_3.py","lineno":180}
{"timestamp":"2025-11-18T15:59:47.092303Z","level":"info","event":"_download_pdf - Pdf downloaded from : https://assets.scriptslug.com/live/pdf/scripts/jules-2023.pdf?v=1729114934","logger":"root","filename":"ingestion_dag_3.py","lineno":180}
{"timestamp":"2025-11-18T15:59:50.353131Z","level":"info","event":"_download_pdf - Pdf downloaded from : https://assets.scriptslug.com/live/pdf/scripts/julia-1977.pdf?v=1729114934","logger":"root","filename":"ingestion_dag_3.py","lineno":180}
{"timestamp":"2025-11-18T15:59:52.171859Z","level":"info","event":"_download_pdf - Pdf downloaded from : https://assets.scriptslug.com/live/pdf/scripts/julieta-2016.pdf?v=1729114935","logger":"root","filename":"ingestion_dag_3.py","lineno":180}
{"timestamp":"2025-11-18T15:59:56.720967Z","level":"info","event":"_download_pdf - Pdf downloaded from : https://assets.scriptslug.com/live/pdf/scripts/jumanji-1995.pdf?v=1729114935","logger":"root","filename":"ingestion_dag_3.py","lineno":180}
{"timestamp":"2025-11-18T15:59:57.304147Z","level":"info","event":"_download_pdf - Pdf downloaded from : https://assets.scriptslug.com/live/pdf/scripts/juno-2007.pdf?v=1729114935","logger":"root","filename":"ingestion_dag_3.py","lineno":180}
{"timestamp":"2025-11-18T15:59:58.132338Z","level":"info","event":"_download_pdf - Pdf downloaded from : https://assets.scriptslug.com/live/pdf/scripts/jurassic-park-1993.pdf?v=1729114935","logger":"root","filename":"ingestion_dag_3.py","lineno":180}
{"timestamp":"2025-11-18T15:59:59.816512Z","level":"info","event":"_download_pdf - Pdf downloaded from : https://assets.scriptslug.com/live/pdf/scripts/just-mercy-2019.pdf?v=1729114935","logger":"root","filename":"ingestion_dag_3.py","lineno":180}
{"timestamp":"2025-11-18T16:00:03.303381Z","level":"info","event":"_download_pdf - Pdf downloaded from : https://assets.scriptslug.com/live/pdf/scripts/k-pax-2001.pdf?v=1729114935","logger":"root","filename":"ingestion_dag_3.py","lineno":180}
{"timestamp":"2025-11-18T16:00:04.386540Z","level":"info","event":"_download_pdf - Pdf downloaded from : https://assets.scriptslug.com/live/pdf/scripts/kajillionaire-2020.pdf?v=1729114935","logger":"root","filename":"ingestion_dag_3.py","lineno":180}
{"timestamp":"2025-11-18T16:00:08.780038Z","level":"info","event":"_download_pdf - Pdf downloaded from : https://assets.scriptslug.com/live/pdf/scripts/karate-kid-1984.pdf?v=1729114935","logger":"root","filename":"ingestion_dag_3.py","lineno":180}
{"timestamp":"2025-11-18T16:00:09.453927Z","level":"info","event":"_download_pdf - Pdf downloaded from : https://assets.scriptslug.com/live/pdf/scripts/kids-1995.pdf?v=1729114936","logger":"root","filename":"ingestion_dag_3.py","lineno":180}
{"timestamp":"2025-11-18T16:00:14.771906Z","level":"info","event":"_download_pdf - Pdf downloaded from : https://assets.scriptslug.com/live/pdf/scripts/kill-bill-vol-1-2003.pdf?v=1729114936","logger":"root","filename":"ingestion_dag_3.py","lineno":180}
{"timestamp":"2025-11-18T16:00:18.815990Z","level":"info","event":"_download_pdf - Pdf downloaded from : https://assets.scriptslug.com/live/pdf/scripts/kill-bill-vol-2-2004.pdf?v=1729114936","logger":"root","filename":"ingestion_dag_3.py","lineno":180}
{"timestamp":"2025-11-18T16:00:24.120873Z","level":"info","event":"_download_pdf - Pdf downloaded from : https://assets.scriptslug.com/live/pdf/scripts/kill-the-messenger-2014.pdf?v=1729114936","logger":"root","filename":"ingestion_dag_3.py","lineno":180}
{"timestamp":"2025-11-18T16:00:24.951495Z","level":"info","event":"_download_pdf - Pdf downloaded from : https://assets.scriptslug.com/live/pdf/scripts/kill-your-darlings-2013.pdf?v=1729114936","logger":"root","filename":"ingestion_dag_3.py","lineno":180}
{"timestamp":"2025-11-18T16:00:27.682739Z","level":"info","event":"_download_pdf - Pdf downloaded from : https://assets.scriptslug.com/live/pdf/scripts/killer-klowns-from-outer-space-1989.pdf?v=1729114936","logger":"root","filename":"ingestion_dag_3.py","lineno":180}
{"timestamp":"2025-11-18T16:00:28.452149Z","level":"info","event":"_download_pdf - Pdf downloaded from : https://assets.scriptslug.com/live/pdf/scripts/killers-of-the-flower-moon-2023.pdf?v=1729114936","logger":"root","filename":"ingestion_dag_3.py","lineno":180}
{"timestamp":"2025-11-18T16:00:29.181683Z","level":"info","event":"_download_pdf - Pdf downloaded from : https://assets.scriptslug.com/live/pdf/scripts/kin-2018.pdf?v=1729114936","logger":"root","filename":"ingestion_dag_3.py","lineno":180}
{"timestamp":"2025-11-18T16:00:30.311950Z","level":"info","event":"_download_pdf - Pdf downloaded from : https://assets.scriptslug.com/live/pdf/scripts/king-kong-2005.pdf?v=1729114937","logger":"root","filename":"ingestion_dag_3.py","lineno":180}
{"timestamp":"2025-11-18T16:00:32.078687Z","level":"info","event":"_download_pdf - Pdf downloaded from : https://assets.scriptslug.com/live/pdf/scripts/king-richard-2021.pdf?v=1729114937","logger":"root","filename":"ingestion_dag_3.py","lineno":180}
{"timestamp":"2025-11-18T16:00:34.745860Z","level":"info","event":"_download_pdf - Pdf downloaded from : https://assets.scriptslug.com/live/pdf/scripts/kingpin-1996.pdf?v=1729114937","logger":"root","filename":"ingestion_dag_3.py","lineno":180}
{"timestamp":"2025-11-18T16:00:35.791434Z","level":"info","event":"_download_pdf - Pdf downloaded from : https://assets.scriptslug.com/live/pdf/scripts/kings-of-summer-2013.pdf?v=1729114937","logger":"root","filename":"ingestion_dag_3.py","lineno":180}
{"timestamp":"2025-11-18T16:00:37.958970Z","level":"info","event":"_download_pdf - Pdf downloaded from : https://assets.scriptslug.com/live/pdf/scripts/kingsman-the-secret-service-2014.pdf?v=1729114937","logger":"root","filename":"ingestion_dag_3.py","lineno":180}
{"timestamp":"2025-11-18T16:00:43.168033Z","level":"info","event":"_download_pdf - Pdf downloaded from : https://assets.scriptslug.com/live/pdf/scripts/kiss-kiss-bang-bang-2005.pdf?v=1729114937","logger":"root","filename":"ingestion_dag_3.py","lineno":180}
{"timestamp":"2025-11-18T16:00:44.523413Z","level":"info","event":"_download_pdf - Pdf downloaded from : https://assets.scriptslug.com/live/pdf/scripts/kiss-of-the-spiderwoman-1985.pdf?v=1729114937","logger":"root","filename":"ingestion_dag_3.py","lineno":180}
{"timestamp":"2025-11-18T16:00:46.775790Z","level":"info","event":"_download_pdf - Pdf downloaded from : https://assets.scriptslug.com/live/pdf/scripts/knight-and-day-2010.pdf?v=1729114938","logger":"root","filename":"ingestion_dag_3.py","lineno":180}
{"timestamp":"2025-11-18T16:00:47.208331Z","level":"info","event":"_download_pdf - Pdf downloaded from : https://assets.scriptslug.com/live/pdf/scripts/knives-out-2019.pdf?v=1729114938","logger":"root","filename":"ingestion_dag_3.py","lineno":180}
{"timestamp":"2025-11-18T16:00:48.004869Z","level":"info","event":"_download_pdf - Pdf downloaded from : https://assets.scriptslug.com/live/pdf/scripts/knocked-up-2007.pdf?v=1729114938","logger":"root","filename":"ingestion_dag_3.py","lineno":180}
{"timestamp":"2025-11-18T16:00:53.054185Z","level":"info","event":"_download_pdf - Pdf downloaded from : https://assets.scriptslug.com/live/pdf/scripts/kramer-vs-kramer-1979.pdf?v=1729114938","logger":"root","filename":"ingestion_dag_3.py","lineno":180}
{"timestamp":"2025-11-18T16:00:53.966825Z","level":"info","event":"_download_pdf - Pdf downloaded from : https://assets.scriptslug.com/live/pdf/scripts/krampus-2015.pdf?v=1729114938","logger":"root","filename":"ingestion_dag_3.py","lineno":180}
{"timestamp":"2025-11-18T16:00:54.702380Z","level":"info","event":"_download_pdf - Pdf downloaded from : https://assets.scriptslug.com/live/pdf/scripts/kubo-and-the-two-strings-2016.pdf?v=1729114938","logger":"root","filename":"ingestion_dag_3.py","lineno":180}
{"timestamp":"2025-11-18T16:00:59.597437Z","level":"info","event":"_download_pdf - Pdf downloaded from : https://assets.scriptslug.com/live/pdf/scripts/l-a-confidential-1997.pdf?v=1729114938","logger":"root","filename":"ingestion_dag_3.py","lineno":180}
{"timestamp":"2025-11-18T16:01:00.176510Z","level":"info","event":"_download_pdf - Pdf downloaded from : https://assets.scriptslug.com/live/pdf/scripts/la-la-land-2016.pdf?v=1729114938","logger":"root","filename":"ingestion_dag_3.py","lineno":180}
{"timestamp":"2025-11-18T16:01:04.852135Z","level":"info","event":"_download_pdf - Pdf downloaded from : https://assets.scriptslug.com/live/pdf/scripts/l-a-story-1991.pdf?v=1729114938","logger":"root","filename":"ingestion_dag_3.py","lineno":180}
{"timestamp":"2025-11-18T16:01:05.805761Z","level":"info","event":"_download_pdf - Pdf downloaded from : https://assets.scriptslug.com/live/pdf/scripts/labor-day-2013.pdf?v=1729114939","logger":"root","filename":"ingestion_dag_3.py","lineno":180}
{"timestamp":"2025-11-18T16:01:06.561479Z","level":"info","event":"_download_pdf - Pdf downloaded from : https://assets.scriptslug.com/live/pdf/scripts/lady-bird-2017.pdf?v=1729114939","logger":"root","filename":"ingestion_dag_3.py","lineno":180}
{"timestamp":"2025-11-18T16:01:07.317910Z","level":"info","event":"_download_pdf - Pdf downloaded from : https://assets.scriptslug.com/live/pdf/scripts/lady-chatterleys-lover-2022.pdf?v=1729114939","logger":"root","filename":"ingestion_dag_3.py","lineno":180}
{"timestamp":"2025-11-18T16:01:11.174052Z","level":"info","event":"_download_pdf - Pdf downloaded from : https://assets.scriptslug.com/live/pdf/scripts/ladyhawke-1985.pdf?v=1729114939","logger":"root","filename":"ingestion_dag_3.py","lineno":180}
{"timestamp":"2025-11-18T16:01:11.865618Z","level":"info","event":"_download_pdf - Pdf downloaded from : https://assets.scriptslug.com/live/pdf/scripts/lake-placid-1999.pdf?v=1729114939","logger":"root","filename":"ingestion_dag_3.py","lineno":180}
{"timestamp":"2025-11-18T16:01:13.031429Z","level":"info","event":"_download_pdf - Pdf downloaded from : https://assets.scriptslug.com/live/pdf/scripts/land-of-mine-2016.pdf?v=1729114939","logger":"root","filename":"ingestion_dag_3.py","lineno":180}
{"timestamp":"2025-11-18T16:01:15.003120Z","level":"info","event":"_download_pdf - Pdf downloaded from : https://assets.scriptslug.com/live/pdf/scripts/lars-and-the-real-girl-2007.pdf?v=1729114939","logger":"root","filename":"ingestion_dag_3.py","lineno":180}
{"timestamp":"2025-11-18T16:01:18.502638Z","level":"info","event":"_download_pdf - Pdf downloaded from : https://assets.scriptslug.com/live/pdf/scripts/last-holiday-2006.pdf?v=1729114939","logger":"root","filename":"ingestion_dag_3.py","lineno":180}
{"timestamp":"2025-11-18T16:01:19.267790Z","level":"info","event":"_download_pdf - Pdf downloaded from : https://assets.scriptslug.com/live/pdf/scripts/last-night-in-soho-2021.pdf?v=1729114939","logger":"root","filename":"ingestion_dag_3.py","lineno":180}
{"timestamp":"2025-11-18T16:01:20.005767Z","level":"info","event":"_download_pdf - Pdf downloaded from : https://assets.scriptslug.com/live/pdf/scripts/law-abiding-citizen-2009.pdf?v=1729114939","logger":"root","filename":"ingestion_dag_3.py","lineno":180}
{"timestamp":"2025-11-18T16:01:30.782260Z","level":"info","event":"_download_pdf - Pdf downloaded from : https://assets.scriptslug.com/live/pdf/scripts/lawrence-of-arabia-1962.pdf?v=1729114940","logger":"root","filename":"ingestion_dag_3.py","lineno":180}
{"timestamp":"2025-11-18T16:01:33.834851Z","level":"info","event":"_download_pdf - Pdf downloaded from : https://assets.scriptslug.com/live/pdf/scripts/lean-on-me-1989.pdf?v=1729114940","logger":"root","filename":"ingestion_dag_3.py","lineno":180}
{"timestamp":"2025-11-18T16:01:34.489692Z","level":"info","event":"_download_pdf - Pdf downloaded from : https://assets.scriptslug.com/live/pdf/scripts/leave-no-trace-2018.pdf?v=1729114940","logger":"root","filename":"ingestion_dag_3.py","lineno":180}
{"timestamp":"2025-11-18T16:01:38.218082Z","level":"info","event":"_download_pdf - Pdf downloaded from : https://assets.scriptslug.com/live/pdf/scripts/leaving-las-vegas-1995.pdf?v=1729114940","logger":"root","filename":"ingestion_dag_3.py","lineno":180}
{"timestamp":"2025-11-18T16:01:38.782184Z","level":"info","event":"_download_pdf - Pdf downloaded from : https://assets.scriptslug.com/live/pdf/scripts/lee-daniels-the-butler-2013.pdf?v=1729114940","logger":"root","filename":"ingestion_dag_3.py","lineno":180}
{"timestamp":"2025-11-18T16:01:40.004030Z","level":"info","event":"_download_pdf - Pdf downloaded from : https://assets.scriptslug.com/live/pdf/scripts/legend-1985.pdf?v=1729114940","logger":"root","filename":"ingestion_dag_3.py","lineno":180}
{"timestamp":"2025-11-18T16:01:41.081246Z","level":"info","event":"_download_pdf - Pdf downloaded from : https://assets.scriptslug.com/live/pdf/scripts/legend-2015.pdf?v=1729114940","logger":"root","filename":"ingestion_dag_3.py","lineno":180}
{"timestamp":"2025-11-18T16:01:44.936964Z","level":"info","event":"_download_pdf - Pdf downloaded from : https://assets.scriptslug.com/live/pdf/scripts/lenny-1974.pdf?v=1729114940","logger":"root","filename":"ingestion_dag_3.py","lineno":180}
{"timestamp":"2025-11-18T16:01:46.962869Z","level":"info","event":"_download_pdf - Pdf downloaded from : https://assets.scriptslug.com/live/pdf/scripts/leprechaun-1993.pdf?v=1729114941","logger":"root","filename":"ingestion_dag_3.py","lineno":180}
{"timestamp":"2025-11-18T16:01:47.670036Z","level":"info","event":"_download_pdf - Pdf downloaded from : https://assets.scriptslug.com/live/pdf/scripts/leprechaun-2-1994.pdf?v=1729114941","logger":"root","filename":"ingestion_dag_3.py","lineno":180}
{"timestamp":"2025-11-18T16:01:48.562193Z","level":"info","event":"_download_pdf - Pdf downloaded from : https://assets.scriptslug.com/live/pdf/scripts/les-miserables-2012.pdf?v=1729114941","logger":"root","filename":"ingestion_dag_3.py","lineno":180}
{"timestamp":"2025-11-18T16:01:49.347187Z","level":"info","event":"_download_pdf - Pdf downloaded from : https://assets.scriptslug.com/live/pdf/scripts/let-me-in-2010.pdf?v=1729114941","logger":"root","filename":"ingestion_dag_3.py","lineno":180}
{"timestamp":"2025-11-18T16:01:52.228787Z","level":"info","event":"_download_pdf - Pdf downloaded from : https://assets.scriptslug.com/live/pdf/scripts/lethal-weapon-1987.pdf?v=1729114941","logger":"root","filename":"ingestion_dag_3.py","lineno":180}
{"timestamp":"2025-11-18T16:01:54.596864Z","level":"info","event":"_download_pdf - Pdf downloaded from : https://assets.scriptslug.com/live/pdf/scripts/lethal-weapon-2-1989.pdf?v=1729114941","logger":"root","filename":"ingestion_dag_3.py","lineno":180}
{"timestamp":"2025-11-18T16:01:55.487987Z","level":"info","event":"_download_pdf - Pdf downloaded from : https://assets.scriptslug.com/live/pdf/scripts/lethal-weapon-4-1988.pdf?v=1729114941","logger":"root","filename":"ingestion_dag_3.py","lineno":180}
{"timestamp":"2025-11-18T16:01:57.168089Z","level":"info","event":"_download_pdf - Pdf downloaded from : https://assets.scriptslug.com/live/pdf/scripts/liar-liar-1997.pdf?v=1729114941","logger":"root","filename":"ingestion_dag_3.py","lineno":180}
{"timestamp":"2025-11-18T16:02:02.558158Z","level":"info","event":"_download_pdf - Pdf downloaded from : https://assets.scriptslug.com/live/pdf/scripts/license-to-kill-1989.pdf?v=1729114941","logger":"root","filename":"ingestion_dag_3.py","lineno":180}
{"timestamp":"2025-11-18T16:02:03.303442Z","level":"info","event":"_download_pdf - Pdf downloaded from : https://assets.scriptslug.com/live/pdf/scripts/life-itself-2018.pdf?v=1729114941","logger":"root","filename":"ingestion_dag_3.py","lineno":180}
{"timestamp":"2025-11-18T16:02:04.303455Z","level":"info","event":"_download_pdf - Pdf downloaded from : https://assets.scriptslug.com/live/pdf/scripts/life-of-pi-2012.pdf?v=1729114942","logger":"root","filename":"ingestion_dag_3.py","lineno":180}
{"timestamp":"2025-11-18T16:02:07.164917Z","level":"info","event":"_download_pdf - Pdf downloaded from : https://assets.scriptslug.com/live/pdf/scripts/life-stinks-1991.pdf?v=1729114942","logger":"root","filename":"ingestion_dag_3.py","lineno":180}
{"timestamp":"2025-11-18T16:02:08.112931Z","level":"info","event":"_download_pdf - Pdf downloaded from : https://assets.scriptslug.com/live/pdf/scripts/lights-out-2016.pdf?v=1729114942","logger":"root","filename":"ingestion_dag_3.py","lineno":180}
{"timestamp":"2025-11-18T16:02:15.075697Z","level":"info","event":"_download_pdf - Pdf downloaded from : https://assets.scriptslug.com/live/pdf/scripts/like-father-like-son-1987.pdf?v=1729114942","logger":"root","filename":"ingestion_dag_3.py","lineno":180}
{"timestamp":"2025-11-18T16:02:16.220933Z","level":"info","event":"_download_pdf - Pdf downloaded from : https://assets.scriptslug.com/live/pdf/scripts/lincoln-2012.pdf?v=1729114942","logger":"root","filename":"ingestion_dag_3.py","lineno":180}
{"timestamp":"2025-11-18T16:02:17.208318Z","level":"info","event":"_download_pdf - Pdf downloaded from : https://assets.scriptslug.com/live/pdf/scripts/lion-2016.pdf?v=1729114942","logger":"root","filename":"ingestion_dag_3.py","lineno":180}
{"timestamp":"2025-11-18T16:02:28.018277Z","level":"info","event":"_download_pdf - Pdf downloaded from : https://assets.scriptslug.com/live/pdf/scripts/little-miss-sunshine-2006.pdf?v=1729114942","logger":"root","filename":"ingestion_dag_3.py","lineno":180}
{"timestamp":"2025-11-18T16:02:32.662049Z","level":"info","event":"_download_pdf - Pdf downloaded from : https://assets.scriptslug.com/live/pdf/scripts/little-shop-of-horrors-1986.pdf?v=1729114942","logger":"root","filename":"ingestion_dag_3.py","lineno":180}
{"timestamp":"2025-11-18T16:02:33.470485Z","level":"info","event":"_download_pdf - Pdf downloaded from : https://assets.scriptslug.com/live/pdf/scripts/little-women-2019.pdf?v=1729114942","logger":"root","filename":"ingestion_dag_3.py","lineno":180}
{"timestamp":"2025-11-18T16:02:37.865576Z","level":"info","event":"_download_pdf - Pdf downloaded from : https://assets.scriptslug.com/live/pdf/scripts/live-and-let-die-1973.pdf?v=1729114942","logger":"root","filename":"ingestion_dag_3.py","lineno":180}
{"timestamp":"2025-11-18T16:02:38.774914Z","level":"info","event":"_download_pdf - Pdf downloaded from : https://assets.scriptslug.com/live/pdf/scripts/live-by-night-2016.pdf?v=1729114943","logger":"root","filename":"ingestion_dag_3.py","lineno":180}
{"timestamp":"2025-11-18T16:02:48.541664Z","level":"info","event":"_download_pdf - Pdf downloaded from : https://assets.scriptslug.com/live/pdf/scripts/life-free-or-die-hard-2007.pdf?v=1729114941","logger":"root","filename":"ingestion_dag_3.py","lineno":180}
{"timestamp":"2025-11-18T16:02:50.121198Z","level":"info","event":"_download_pdf - Pdf downloaded from : https://assets.scriptslug.com/live/pdf/scripts/living-2022.pdf?v=1729114943","logger":"root","filename":"ingestion_dag_3.py","lineno":180}
{"timestamp":"2025-11-18T16:02:50.643735Z","level":"info","event":"_download_pdf - Pdf downloaded from : https://assets.scriptslug.com/live/pdf/scripts/lock-stock-and-two-smoking-barrels-1998.pdf?v=1729114943","logger":"root","filename":"ingestion_dag_3.py","lineno":180}
{"timestamp":"2025-11-18T16:02:51.176230Z","level":"info","event":"_download_pdf - Pdf downloaded from : https://assets.scriptslug.com/live/pdf/scripts/locke-2013.pdf?v=1729114943","logger":"root","filename":"ingestion_dag_3.py","lineno":180}
{"timestamp":"2025-11-18T16:02:53.429376Z","level":"info","event":"_download_pdf - Pdf downloaded from : https://assets.scriptslug.com/live/pdf/scripts/logan-2017.pdf?v=1729114943","logger":"root","filename":"ingestion_dag_3.py","lineno":180}
{"timestamp":"2025-11-18T16:02:54.237350Z","level":"info","event":"_download_pdf - Pdf downloaded from : https://assets.scriptslug.com/live/pdf/scripts/lone-survivor-2013.pdf?v=1729114943","logger":"root","filename":"ingestion_dag_3.py","lineno":180}
{"timestamp":"2025-11-18T16:02:54.736282Z","level":"info","event":"_download_pdf - Pdf downloaded from : https://assets.scriptslug.com/live/pdf/scripts/looney-tunes-back-in-action-2003.pdf?v=1729114943","logger":"root","filename":"ingestion_dag_3.py","lineno":180}
{"timestamp":"2025-11-18T16:02:55.916625Z","level":"info","event":"_download_pdf - Pdf downloaded from : https://assets.scriptslug.com/live/pdf/scripts/looper-2012.pdf?v=1729114943","logger":"root","filename":"ingestion_dag_3.py","lineno":180}
{"timestamp":"2025-11-18T16:02:58.042387Z","level":"info","event":"_download_pdf - Pdf downloaded from : https://assets.scriptslug.com/live/pdf/scripts/lost-highway-1997.pdf?v=1729114944","logger":"root","filename":"ingestion_dag_3.py","lineno":180}
{"timestamp":"2025-11-18T16:02:59.226885Z","level":"info","event":"_download_pdf - Pdf downloaded from : https://assets.scriptslug.com/live/pdf/scripts/lost-in-translation-2003.pdf?v=1729114944","logger":"root","filename":"ingestion_dag_3.py","lineno":180}
{"timestamp":"2025-11-18T16:02:59.963448Z","level":"info","event":"_download_pdf - Pdf downloaded from : https://assets.scriptslug.com/live/pdf/scripts/love-and-other-drugs-2010.pdf?v=1729114944","logger":"root","filename":"ingestion_dag_3.py","lineno":180}
{"timestamp":"2025-11-18T16:03:04.255233Z","level":"info","event":"_download_pdf - Pdf downloaded from : https://assets.scriptslug.com/live/pdf/scripts/love-actually-2003.pdf?v=1729114944","logger":"root","filename":"ingestion_dag_3.py","lineno":180}
{"timestamp":"2025-11-18T16:03:05.307804Z","level":"info","event":"_download_pdf - Pdf downloaded from : https://assets.scriptslug.com/live/pdf/scripts/love-and-friendship-2016.pdf?v=1729114944","logger":"root","filename":"ingestion_dag_3.py","lineno":180}
{"timestamp":"2025-11-18T16:03:06.159367Z","level":"info","event":"_download_pdf - Pdf downloaded from : https://assets.scriptslug.com/live/pdf/scripts/love-is-strange-2014.pdf?v=1729114944","logger":"root","filename":"ingestion_dag_3.py","lineno":180}
{"timestamp":"2025-11-18T16:03:09.328103Z","level":"info","event":"_download_pdf - Pdf downloaded from : https://assets.scriptslug.com/live/pdf/scripts/love-simon-2015.pdf?v=1729114945","logger":"root","filename":"ingestion_dag_3.py","lineno":180}
{"timestamp":"2025-11-18T16:03:10.619183Z","level":"info","event":"_download_pdf - Pdf downloaded from : https://assets.scriptslug.com/live/pdf/scripts/loving-2016.pdf?v=1729114946","logger":"root","filename":"ingestion_dag_3.py","lineno":180}
{"timestamp":"2025-11-18T16:03:11.900148Z","level":"info","event":"_download_pdf - Pdf downloaded from : https://assets.scriptslug.com/live/pdf/scripts/luca-2021.pdf?v=1729114946","logger":"root","filename":"ingestion_dag_3.py","lineno":180}
{"timestamp":"2025-11-18T16:03:15.080563Z","level":"info","event":"_download_pdf - Pdf downloaded from : https://assets.scriptslug.com/live/pdf/scripts/lucky-number-slevin-2006.pdf?v=1729114946","logger":"root","filename":"ingestion_dag_3.py","lineno":180}
{"timestamp":"2025-11-18T16:03:17.418313Z","level":"info","event":"_download_pdf - Pdf downloaded from : https://assets.scriptslug.com/live/pdf/scripts/lucy-2014.pdf?v=1729114946","logger":"root","filename":"ingestion_dag_3.py","lineno":180}
{"timestamp":"2025-11-18T16:03:18.644094Z","level":"info","event":"_download_pdf - Pdf downloaded from : https://assets.scriptslug.com/live/pdf/scripts/lucy-in-the-sky-2019.pdf?v=1729114946","logger":"root","filename":"ingestion_dag_3.py","lineno":180}
{"timestamp":"2025-11-18T16:03:19.259295Z","level":"info","event":"_download_pdf - Pdf downloaded from : https://assets.scriptslug.com/live/pdf/scripts/macgruber-2010.pdf?v=1729114946","logger":"root","filename":"ingestion_dag_3.py","lineno":180}
{"timestamp":"2025-11-18T16:03:31.153429Z","level":"info","event":"_download_pdf - Pdf downloaded from : https://assets.scriptslug.com/live/pdf/scripts/mad-max-fury-road-2015.pdf?v=1729114946","logger":"root","filename":"ingestion_dag_3.py","lineno":180}
{"timestamp":"2025-11-18T16:03:32.027943Z","level":"info","event":"_download_pdf - Pdf downloaded from : https://assets.scriptslug.com/live/pdf/scripts/made-in-heaven-1987.pdf?v=1729114947","logger":"root","filename":"ingestion_dag_3.py","lineno":180}
{"timestamp":"2025-11-18T16:03:32.832631Z","level":"info","event":"_download_pdf - Pdf downloaded from : https://assets.scriptslug.com/live/pdf/scripts/maestro-2023.pdf?v=1729114947","logger":"root","filename":"ingestion_dag_3.py","lineno":180}
{"timestamp":"2025-11-18T16:03:33.601956Z","level":"info","event":"_download_pdf - Pdf downloaded from : https://assets.scriptslug.com/live/pdf/scripts/maggies-plan-2016.pdf?v=1729114947","logger":"root","filename":"ingestion_dag_3.py","lineno":180}
{"timestamp":"2025-11-18T16:03:37.523371Z","level":"info","event":"_download_pdf - Pdf downloaded from : https://assets.scriptslug.com/live/pdf/scripts/magnolia-1999.pdf?v=1729114947","logger":"root","filename":"ingestion_dag_3.py","lineno":180}
{"timestamp":"2025-11-18T16:03:38.607342Z","level":"info","event":"_download_pdf - Pdf downloaded from : https://assets.scriptslug.com/live/pdf/scripts/malcolm-and-marie-2021.pdf?v=1729114947","logger":"root","filename":"ingestion_dag_3.py","lineno":180}
{"timestamp":"2025-11-18T16:03:44.063122Z","level":"info","event":"_download_pdf - Pdf downloaded from : https://assets.scriptslug.com/live/pdf/scripts/malcolm-x-1992.pdf?v=1729114947","logger":"root","filename":"ingestion_dag_3.py","lineno":180}
{"timestamp":"2025-11-18T16:03:44.662467Z","level":"info","event":"_download_pdf - Pdf downloaded from : https://assets.scriptslug.com/live/pdf/scripts/malibus-most-wanted-2003.pdf?v=1729114947","logger":"root","filename":"ingestion_dag_3.py","lineno":180}
{"timestamp":"2025-11-18T16:03:45.593471Z","level":"info","event":"_download_pdf - Pdf downloaded from : https://assets.scriptslug.com/live/pdf/scripts/malignant-2021.pdf?v=1729114947","logger":"root","filename":"ingestion_dag_3.py","lineno":180}
{"timestamp":"2025-11-18T16:03:48.447207Z","level":"info","event":"_download_pdf - Pdf downloaded from : https://assets.scriptslug.com/live/pdf/scripts/mallrats-1995.pdf?v=1729114947","logger":"root","filename":"ingestion_dag_3.py","lineno":180}
{"timestamp":"2025-11-18T16:03:51.028941Z","level":"info","event":"_download_pdf - Pdf downloaded from : https://assets.scriptslug.com/live/pdf/scripts/man-on-a-ledge-2012.pdf?v=1729114948","logger":"root","filename":"ingestion_dag_3.py","lineno":180}
{"timestamp":"2025-11-18T16:03:52.036009Z","level":"info","event":"_download_pdf - Pdf downloaded from : https://assets.scriptslug.com/live/pdf/scripts/man-on-fire-2004.pdf?v=1729114948","logger":"root","filename":"ingestion_dag_3.py","lineno":180}
{"timestamp":"2025-11-18T16:03:56.793505Z","level":"info","event":"_download_pdf - Pdf downloaded from : https://assets.scriptslug.com/live/pdf/scripts/man-on-the-moon-1999.pdf?v=1729114948","logger":"root","filename":"ingestion_dag_3.py","lineno":180}
{"timestamp":"2025-11-18T16:03:57.881408Z","level":"info","event":"_download_pdf - Pdf downloaded from : https://assets.scriptslug.com/live/pdf/scripts/mandy-2018.pdf?v=1729114948","logger":"root","filename":"ingestion_dag_3.py","lineno":180}
{"timestamp":"2025-11-18T16:04:00.931109Z","level":"info","event":"_download_pdf - Pdf downloaded from : https://assets.scriptslug.com/live/pdf/scripts/maniac-cop-1988.pdf?v=1729114948","logger":"root","filename":"ingestion_dag_3.py","lineno":180}
{"timestamp":"2025-11-18T16:04:01.965477Z","level":"info","event":"_download_pdf - Pdf downloaded from : https://assets.scriptslug.com/live/pdf/scripts/mank-2020.pdf?v=1729114948","logger":"root","filename":"ingestion_dag_3.py","lineno":180}
{"timestamp":"2025-11-18T16:04:02.566420Z","level":"info","event":"_download_pdf - Pdf downloaded from : https://assets.scriptslug.com/live/pdf/scripts/margin-call-2011.pdf?v=1729114949","logger":"root","filename":"ingestion_dag_3.py","lineno":180}
{"timestamp":"2025-11-18T16:04:03.185748Z","level":"info","event":"_download_pdf - Pdf downloaded from : https://assets.scriptslug.com/live/pdf/scripts/maria-2024.pdf?v=1738547975","logger":"root","filename":"ingestion_dag_3.py","lineno":180}
{"timestamp":"2025-11-18T16:04:04.966863Z","level":"info","event":"_download_pdf - Pdf downloaded from : https://assets.scriptslug.com/live/pdf/scripts/maria-full-of-grace-2004.pdf?v=1729114949","logger":"root","filename":"ingestion_dag_3.py","lineno":180}
{"timestamp":"2025-11-18T16:04:05.590192Z","level":"info","event":"_download_pdf - Pdf downloaded from : https://assets.scriptslug.com/live/pdf/scripts/marriage-story-2019.pdf?v=1729114949","logger":"root","filename":"ingestion_dag_3.py","lineno":180}
{"timestamp":"2025-11-18T16:04:07.970278Z","level":"info","event":"_download_pdf - Pdf downloaded from : https://assets.scriptslug.com/live/pdf/scripts/mars-attacks-1996.pdf?v=1729114949","logger":"root","filename":"ingestion_dag_3.py","lineno":180}
{"timestamp":"2025-11-18T16:04:08.932898Z","level":"info","event":"_download_pdf - Pdf downloaded from : https://assets.scriptslug.com/live/pdf/scripts/martyrs-2015.pdf?v=1729114949","logger":"root","filename":"ingestion_dag_3.py","lineno":180}
{"timestamp":"2025-11-18T16:04:14.825186Z","level":"info","event":"_download_pdf - Pdf downloaded from : https://assets.scriptslug.com/live/pdf/scripts/mary-poppins-1964.pdf?v=1729114949","logger":"root","filename":"ingestion_dag_3.py","lineno":180}
{"timestamp":"2025-11-18T16:04:16.229011Z","level":"info","event":"_download_pdf - Pdf downloaded from : https://assets.scriptslug.com/live/pdf/scripts/mary-poppins-returns-2018.pdf?v=1729114949","logger":"root","filename":"ingestion_dag_3.py","lineno":180}
{"timestamp":"2025-11-18T16:04:17.501670Z","level":"info","event":"_download_pdf - Pdf downloaded from : https://assets.scriptslug.com/live/pdf/scripts/mary-queen-of-scots-2018.pdf?v=1729114949","logger":"root","filename":"ingestion_dag_3.py","lineno":180}
{"timestamp":"2025-11-18T16:04:22.827331Z","level":"info","event":"_download_pdf - Pdf downloaded from : https://assets.scriptslug.com/live/pdf/scripts/mary-shelleys-frankenstein-1994.pdf?v=1729114950","logger":"root","filename":"ingestion_dag_3.py","lineno":180}
{"timestamp":"2025-11-18T16:04:24.841261Z","level":"info","event":"_download_pdf - Pdf downloaded from : https://assets.scriptslug.com/live/pdf/scripts/mass-2021.pdf?v=1729114950","logger":"root","filename":"ingestion_dag_3.py","lineno":180}
{"timestamp":"2025-11-18T16:04:26.049508Z","level":"info","event":"_download_pdf - Pdf downloaded from : https://assets.scriptslug.com/live/pdf/scripts/master-2022.pdf?v=1729114950","logger":"root","filename":"ingestion_dag_3.py","lineno":180}
{"timestamp":"2025-11-18T16:04:27.704857Z","level":"info","event":"_download_pdf - Pdf downloaded from : https://assets.scriptslug.com/live/pdf/scripts/match-point-2005.pdf?v=1729114950","logger":"root","filename":"ingestion_dag_3.py","lineno":180}
{"timestamp":"2025-11-18T16:04:28.426965Z","level":"info","event":"_download_pdf - Pdf downloaded from : https://assets.scriptslug.com/live/pdf/scripts/maudie-2017.pdf?v=1729114950","logger":"root","filename":"ingestion_dag_3.py","lineno":180}
{"timestamp":"2025-11-18T16:04:28.978763Z","level":"info","event":"_download_pdf - Pdf downloaded from : https://assets.scriptslug.com/live/pdf/scripts/may-december-2023.pdf?v=1729114950","logger":"root","filename":"ingestion_dag_3.py","lineno":180}
{"timestamp":"2025-11-18T16:04:29.685190Z","level":"info","event":"_download_pdf - Pdf downloaded from : https://assets.scriptslug.com/live/pdf/scripts/me-earl-and-the-dying-girl-2015.pdf?v=1729114951","logger":"root","filename":"ingestion_dag_3.py","lineno":180}
{"timestamp":"2025-11-18T16:04:30.450185Z","level":"info","event":"_download_pdf - Pdf downloaded from : https://assets.scriptslug.com/live/pdf/scripts/me-him-her-2015.pdf?v=1729114951","logger":"root","filename":"ingestion_dag_3.py","lineno":180}
{"timestamp":"2025-11-18T16:04:32.729122Z","level":"info","event":"_download_pdf - Pdf downloaded from : https://assets.scriptslug.com/live/pdf/scripts/mean-girls-2004.pdf?v=1729114951","logger":"root","filename":"ingestion_dag_3.py","lineno":180}
{"timestamp":"2025-11-18T16:04:35.180796Z","level":"info","event":"_download_pdf - Pdf downloaded from : https://assets.scriptslug.com/live/pdf/scripts/mean-streets-1973.pdf?v=1729114951","logger":"root","filename":"ingestion_dag_3.py","lineno":180}
{"timestamp":"2025-11-18T16:04:38.539892Z","level":"info","event":"_download_pdf - Pdf downloaded from : https://assets.scriptslug.com/live/pdf/scripts/meatballs-1979.pdf?v=1729114951","logger":"root","filename":"ingestion_dag_3.py","lineno":180}
{"timestamp":"2025-11-18T16:04:39.682631Z","level":"info","event":"_download_pdf - Pdf downloaded from : https://assets.scriptslug.com/live/pdf/scripts/megamind-2010.pdf?v=1729114951","logger":"root","filename":"ingestion_dag_3.py","lineno":180}
{"timestamp":"2025-11-18T16:04:40.613569Z","level":"info","event":"_download_pdf - Pdf downloaded from : https://assets.scriptslug.com/live/pdf/scripts/memento-2000.pdf?v=1729114951","logger":"root","filename":"ingestion_dag_3.py","lineno":180}
{"timestamp":"2025-11-18T16:04:45.489306Z","level":"info","event":"_download_pdf - Pdf downloaded from : https://assets.scriptslug.com/live/pdf/scripts/memoirs-of-a-geisha-2005.pdf?v=1729114951","logger":"root","filename":"ingestion_dag_3.py","lineno":180}
{"timestamp":"2025-11-18T16:04:48.426814Z","level":"info","event":"_download_pdf - Pdf downloaded from : https://assets.scriptslug.com/live/pdf/scripts/memories-of-murder-2003.pdf?v=1729114951","logger":"root","filename":"ingestion_dag_3.py","lineno":180}
{"timestamp":"2025-11-18T16:04:48.968857Z","level":"info","event":"_download_pdf - Pdf downloaded from : https://assets.scriptslug.com/live/pdf/scripts/memory-2023.pdf?v=1729114952","logger":"root","filename":"ingestion_dag_3.py","lineno":180}
{"timestamp":"2025-11-18T16:04:49.696000Z","level":"info","event":"_download_pdf - Pdf downloaded from : https://assets.scriptslug.com/live/pdf/scripts/men-in-black-1997.pdf?v=1729114952","logger":"root","filename":"ingestion_dag_3.py","lineno":180}
{"timestamp":"2025-11-18T16:04:53.298555Z","level":"info","event":"_download_pdf - Pdf downloaded from : https://assets.scriptslug.com/live/pdf/scripts/menace-ii-society-1993.pdf?v=1729114952","logger":"root","filename":"ingestion_dag_3.py","lineno":180}
{"timestamp":"2025-11-18T16:04:54.170674Z","level":"info","event":"_download_pdf - Pdf downloaded from : https://assets.scriptslug.com/live/pdf/scripts/michael-clayton-2007.pdf?v=1729114952","logger":"root","filename":"ingestion_dag_3.py","lineno":180}
{"timestamp":"2025-11-18T16:04:54.774441Z","level":"info","event":"_download_pdf - Pdf downloaded from : https://assets.scriptslug.com/live/pdf/scripts/mid90s-2018.pdf?v=1729114952","logger":"root","filename":"ingestion_dag_3.py","lineno":180}
{"timestamp":"2025-11-18T16:04:57.684206Z","level":"info","event":"_download_pdf - Pdf downloaded from : https://assets.scriptslug.com/live/pdf/scripts/midnight-cowboy-1969.pdf?v=1729114952","logger":"root","filename":"ingestion_dag_3.py","lineno":180}
{"timestamp":"2025-11-18T16:04:58.255596Z","level":"info","event":"_download_pdf - Pdf downloaded from : https://assets.scriptslug.com/live/pdf/scripts/midnight-in-paris-2011.pdf?v=1729114952","logger":"root","filename":"ingestion_dag_3.py","lineno":180}
{"timestamp":"2025-11-18T16:05:02.710954Z","level":"info","event":"_download_pdf - Pdf downloaded from : https://assets.scriptslug.com/live/pdf/scripts/midnight-run-1988.pdf?v=1729114953","logger":"root","filename":"ingestion_dag_3.py","lineno":180}
{"timestamp":"2025-11-18T16:05:03.454259Z","level":"info","event":"_download_pdf - Pdf downloaded from : https://assets.scriptslug.com/live/pdf/scripts/midsommar-2019.pdf?v=1729114953","logger":"root","filename":"ingestion_dag_3.py","lineno":180}
{"timestamp":"2025-11-18T16:05:04.271458Z","level":"info","event":"_download_pdf - Pdf downloaded from : https://assets.scriptslug.com/live/pdf/scripts/midway-2019.pdf?v=1729114953","logger":"root","filename":"ingestion_dag_3.py","lineno":180}
{"timestamp":"2025-11-18T16:05:09.417123Z","level":"info","event":"_download_pdf - Pdf downloaded from : https://assets.scriptslug.com/live/pdf/scripts/mikey-and-nicky-1976.pdf?v=1729114953","logger":"root","filename":"ingestion_dag_3.py","lineno":180}
{"timestamp":"2025-11-18T16:05:11.139767Z","level":"info","event":"_download_pdf - Pdf downloaded from : https://assets.scriptslug.com/live/pdf/scripts/miles-ahead-2016.pdf?v=1729114953","logger":"root","filename":"ingestion_dag_3.py","lineno":180}
{"timestamp":"2025-11-18T16:05:12.487439Z","level":"info","event":"_download_pdf - Pdf downloaded from : https://assets.scriptslug.com/live/pdf/scripts/millers-girl-2024.pdf?v=1729114953","logger":"root","filename":"ingestion_dag_3.py","lineno":180}
{"timestamp":"2025-11-18T16:05:17.881084Z","level":"info","event":"_download_pdf - Pdf downloaded from : https://assets.scriptslug.com/live/pdf/scripts/million-dollar-baby-2004.pdf?v=1729114953","logger":"root","filename":"ingestion_dag_3.py","lineno":180}
{"timestamp":"2025-11-18T16:05:18.489240Z","level":"info","event":"_download_pdf - Pdf downloaded from : https://assets.scriptslug.com/live/pdf/scripts/mimic-1997.pdf?v=1729114953","logger":"root","filename":"ingestion_dag_3.py","lineno":180}
{"timestamp":"2025-11-18T16:05:19.532387Z","level":"info","event":"_download_pdf - Pdf downloaded from : https://assets.scriptslug.com/live/pdf/scripts/minari-2020.pdf?v=1729114954","logger":"root","filename":"ingestion_dag_3.py","lineno":180}
{"timestamp":"2025-11-18T16:05:20.511621Z","level":"info","event":"_download_pdf - Pdf downloaded from : https://assets.scriptslug.com/live/pdf/scripts/minority-report-2002.pdf?v=1729114954","logger":"root","filename":"ingestion_dag_3.py","lineno":180}
{"timestamp":"2025-11-18T16:05:22.402144Z","level":"info","event":"_download_pdf - Pdf downloaded from : https://assets.scriptslug.com/live/pdf/scripts/misery-1990.pdf?v=1729114954","logger":"root","filename":"ingestion_dag_3.py","lineno":180}
{"timestamp":"2025-11-18T16:05:24.696315Z","level":"info","event":"_download_pdf - Pdf downloaded from : https://assets.scriptslug.com/live/pdf/scripts/miss-congeniality-2000.pdf?v=1729114954","logger":"root","filename":"ingestion_dag_3.py","lineno":180}
{"timestamp":"2025-11-18T16:05:25.397640Z","level":"info","event":"_download_pdf - Pdf downloaded from : https://assets.scriptslug.com/live/pdf/scripts/miss-sloane-2016.pdf?v=1729114954","logger":"root","filename":"ingestion_dag_3.py","lineno":180}
{"timestamp":"2025-11-18T16:05:26.118383Z","level":"info","event":"_download_pdf - Pdf downloaded from : https://assets.scriptslug.com/live/pdf/scripts/mission-impossible-1996.pdf?v=1729114954","logger":"root","filename":"ingestion_dag_3.py","lineno":180}
{"timestamp":"2025-11-18T16:05:32.614100Z","level":"info","event":"_download_pdf - Pdf downloaded from : https://assets.scriptslug.com/live/pdf/scripts/mission-impossible-ii-2000.pdf?v=1729114954","logger":"root","filename":"ingestion_dag_3.py","lineno":180}
{"timestamp":"2025-11-18T16:05:33.475940Z","level":"info","event":"_download_pdf - Pdf downloaded from : https://assets.scriptslug.com/live/pdf/scripts/mission-impossible-iii-2006.pdf?v=1729114955","logger":"root","filename":"ingestion_dag_3.py","lineno":180}
{"timestamp":"2025-11-18T16:05:36.099181Z","level":"info","event":"_download_pdf - Pdf downloaded from : https://assets.scriptslug.com/live/pdf/scripts/mission-impossible-fallout-2018.pdf?v=1729114954","logger":"root","filename":"ingestion_dag_3.py","lineno":180}
{"timestamp":"2025-11-18T16:05:38.786146Z","level":"info","event":"_download_pdf - Pdf downloaded from : https://assets.scriptslug.com/live/pdf/scripts/mission-impossible-rogue-nation-2015.pdf?v=1729114955","logger":"root","filename":"ingestion_dag_3.py","lineno":180}
{"timestamp":"2025-11-18T16:05:40.132261Z","level":"info","event":"_download_pdf - Pdf downloaded from : https://assets.scriptslug.com/live/pdf/scripts/mollys-game-2017.pdf?v=1729114955","logger":"root","filename":"ingestion_dag_3.py","lineno":180}
{"timestamp":"2025-11-18T16:05:43.076975Z","level":"info","event":"_download_pdf - Pdf downloaded from : https://assets.scriptslug.com/live/pdf/scripts/moneyball-2011.pdf?v=1729114956","logger":"root","filename":"ingestion_dag_3.py","lineno":180}
{"timestamp":"2025-11-18T16:05:47.608527Z","level":"info","event":"_download_pdf - Pdf downloaded from : https://assets.scriptslug.com/live/pdf/scripts/monster-2003.pdf?v=1729114956","logger":"root","filename":"ingestion_dag_3.py","lineno":180}
{"timestamp":"2025-11-18T16:05:48.731623Z","level":"info","event":"_download_pdf - Pdf downloaded from : https://assets.scriptslug.com/live/pdf/scripts/monsters-ball-2001.pdf?v=1729114956","logger":"root","filename":"ingestion_dag_3.py","lineno":180}
{"timestamp":"2025-11-18T16:05:52.059921Z","level":"info","event":"_download_pdf - Pdf downloaded from : https://assets.scriptslug.com/live/pdf/scripts/monsters-inc-2001.pdf?v=1729114956","logger":"root","filename":"ingestion_dag_3.py","lineno":180}
{"timestamp":"2025-11-18T16:05:53.060268Z","level":"info","event":"_download_pdf - Pdf downloaded from : https://assets.scriptslug.com/live/pdf/scripts/monsters-university-2013.pdf?v=1729114956","logger":"root","filename":"ingestion_dag_3.py","lineno":180}
{"timestamp":"2025-11-18T16:05:53.763435Z","level":"info","event":"_download_pdf - Pdf downloaded from : https://assets.scriptslug.com/live/pdf/scripts/moon-2009.pdf?v=1729114956","logger":"root","filename":"ingestion_dag_3.py","lineno":180}
{"timestamp":"2025-11-18T16:05:57.251857Z","level":"info","event":"_download_pdf - Pdf downloaded from : https://assets.scriptslug.com/live/pdf/scripts/moonlight-2016.pdf?v=1729114956","logger":"root","filename":"ingestion_dag_3.py","lineno":180}
{"timestamp":"2025-11-18T16:05:58.107934Z","level":"info","event":"_download_pdf - Pdf downloaded from : https://assets.scriptslug.com/live/pdf/scripts/moonrise-kingdom-2012.pdf?v=1729114956","logger":"root","filename":"ingestion_dag_3.py","lineno":180}
{"timestamp":"2025-11-18T16:06:01.852124Z","level":"info","event":"_download_pdf - Pdf downloaded from : https://assets.scriptslug.com/live/pdf/scripts/moonstruck-1987.pdf?v=1729114956","logger":"root","filename":"ingestion_dag_3.py","lineno":180}
{"timestamp":"2025-11-18T16:06:03.065649Z","level":"info","event":"_download_pdf - Pdf downloaded from : https://assets.scriptslug.com/live/pdf/scripts/mother-2017.pdf?v=1729114957","logger":"root","filename":"ingestion_dag_3.py","lineno":180}
{"timestamp":"2025-11-18T16:06:03.855792Z","level":"info","event":"_download_pdf - Pdf downloaded from : https://assets.scriptslug.com/live/pdf/scripts/motherless-brooklyn-2019.pdf?v=1729114957","logger":"root","filename":"ingestion_dag_3.py","lineno":180}
{"timestamp":"2025-11-18T16:06:08.664229Z","level":"info","event":"_download_pdf - Pdf downloaded from : https://assets.scriptslug.com/live/pdf/scripts/moulin-rouge-2001.pdf?v=1729114957","logger":"root","filename":"ingestion_dag_3.py","lineno":180}
{"timestamp":"2025-11-18T16:06:12.743263Z","level":"info","event":"_download_pdf - Pdf downloaded from : https://assets.scriptslug.com/live/pdf/scripts/mr-and-mrs-smith-2005.pdf?v=1729114957","logger":"root","filename":"ingestion_dag_3.py","lineno":180}
{"timestamp":"2025-11-18T16:06:13.921213Z","level":"info","event":"_download_pdf - Pdf downloaded from : https://assets.scriptslug.com/live/pdf/scripts/mr-hollands-opus-1995.pdf?v=1729114957","logger":"root","filename":"ingestion_dag_3.py","lineno":180}
{"timestamp":"2025-11-18T16:06:19.069605Z","level":"info","event":"_download_pdf - Pdf downloaded from : https://assets.scriptslug.com/live/pdf/scripts/mr-mom-1983.pdf?v=1729114957","logger":"root","filename":"ingestion_dag_3.py","lineno":180}
{"timestamp":"2025-11-18T16:06:20.021486Z","level":"info","event":"_download_pdf - Pdf downloaded from : https://assets.scriptslug.com/live/pdf/scripts/mr-nobody-2009.pdf?v=1729114957","logger":"root","filename":"ingestion_dag_3.py","lineno":180}
{"timestamp":"2025-11-18T16:06:20.964539Z","level":"info","event":"_download_pdf - Pdf downloaded from : https://assets.scriptslug.com/live/pdf/scripts/mr-right-2015.pdf?v=1729114957","logger":"root","filename":"ingestion_dag_3.py","lineno":180}
{"timestamp":"2025-11-18T16:06:21.679585Z","level":"info","event":"_download_pdf - Pdf downloaded from : https://assets.scriptslug.com/live/pdf/scripts/mr-turner-2014.pdf?v=1729114958","logger":"root","filename":"ingestion_dag_3.py","lineno":180}
{"timestamp":"2025-11-18T16:06:22.749526Z","level":"info","event":"_download_pdf - Pdf downloaded from : https://assets.scriptslug.com/live/pdf/scripts/mud-2012.pdf?v=1729114958","logger":"root","filename":"ingestion_dag_3.py","lineno":180}
{"timestamp":"2025-11-18T16:06:23.925301Z","level":"info","event":"_download_pdf - Pdf downloaded from : https://assets.scriptslug.com/live/pdf/scripts/mudbound-2017.pdf?v=1729114958","logger":"root","filename":"ingestion_dag_3.py","lineno":180}
{"timestamp":"2025-11-18T16:06:26.329934Z","level":"info","event":"_download_pdf - Pdf downloaded from : https://assets.scriptslug.com/live/pdf/scripts/mulan-1998.pdf?v=1729114958","logger":"root","filename":"ingestion_dag_3.py","lineno":180}
{"timestamp":"2025-11-18T16:06:27.798321Z","level":"info","event":"_download_pdf - Pdf downloaded from : https://assets.scriptslug.com/live/pdf/scripts/mulholland-drive-2001.pdf?v=1729114958","logger":"root","filename":"ingestion_dag_3.py","lineno":180}
{"timestamp":"2025-11-18T16:06:28.571862Z","level":"info","event":"_download_pdf - Pdf downloaded from : https://assets.scriptslug.com/live/pdf/scripts/murder-on-the-orient-express-2017.pdf?v=1729114958","logger":"root","filename":"ingestion_dag_3.py","lineno":180}
{"timestamp":"2025-11-18T16:06:29.645098Z","level":"info","event":"_download_pdf - Pdf downloaded from : https://assets.scriptslug.com/live/pdf/scripts/my-big-fat-greek-wedding-2-2016.pdf?v=1729114958","logger":"root","filename":"ingestion_dag_3.py","lineno":180}
{"timestamp":"2025-11-18T16:06:31.726906Z","level":"info","event":"_download_pdf - Pdf downloaded from : https://assets.scriptslug.com/live/pdf/scripts/my-cousin-vinny-1992.pdf?v=1729114958","logger":"root","filename":"ingestion_dag_3.py","lineno":180}
{"timestamp":"2025-11-18T16:06:37.589500Z","level":"info","event":"_download_pdf - Pdf downloaded from : https://assets.scriptslug.com/live/pdf/scripts/my-demon-lover-1987.pdf?v=1729114959","logger":"root","filename":"ingestion_dag_3.py","lineno":180}
{"timestamp":"2025-11-18T16:06:38.178619Z","level":"info","event":"_download_pdf - Pdf downloaded from : https://assets.scriptslug.com/live/pdf/scripts/my-friend-dahmer-2017.pdf?v=1729114959","logger":"root","filename":"ingestion_dag_3.py","lineno":180}
{"timestamp":"2025-11-18T16:06:38.667167Z","level":"info","event":"_download_pdf - Pdf downloaded from : https://assets.scriptslug.com/live/pdf/scripts/my-old-ass-2024.pdf?v=1738547793","logger":"root","filename":"ingestion_dag_3.py","lineno":180}
{"timestamp":"2025-11-18T16:06:39.676766Z","level":"info","event":"_download_pdf - Pdf downloaded from : https://assets.scriptslug.com/live/pdf/scripts/my-policeman-2022.pdf?v=1729114959","logger":"root","filename":"ingestion_dag_3.py","lineno":180}
{"timestamp":"2025-11-18T16:06:40.456378Z","level":"info","event":"_download_pdf - Pdf downloaded from : https://assets.scriptslug.com/live/pdf/scripts/my-week-with-marilyn-2011.pdf?v=1729114959","logger":"root","filename":"ingestion_dag_3.py","lineno":180}
{"timestamp":"2025-11-18T16:06:46.725896Z","level":"info","event":"_download_pdf - Pdf downloaded from : https://assets.scriptslug.com/live/pdf/scripts/mystery-men-1999.pdf?v=1729114959","logger":"root","filename":"ingestion_dag_3.py","lineno":180}
{"timestamp":"2025-11-18T16:06:47.125863Z","level":"error","event":"_download_pdf - Error for https://assets.scriptslug.com/live/pdf/scripts/naked-gun-33-1-3-the-final-insult-1994.pdf?v=1729114959: [Errno 2] No such file or directory: '/opt/airflow/project_data/ingestion_data/pdf_data/naked_gun_33_1/3_the_final_insult.pdf'","logger":"root","filename":"ingestion_dag_3.py","lineno":184}
{"timestamp":"2025-11-18T16:06:49.197828Z","level":"info","event":"_download_pdf - Pdf downloaded from : https://assets.scriptslug.com/live/pdf/scripts/nanny-2022.pdf?v=1729114959","logger":"root","filename":"ingestion_dag_3.py","lineno":180}
{"timestamp":"2025-11-18T16:06:49.803456Z","level":"info","event":"_download_pdf - Pdf downloaded from : https://assets.scriptslug.com/live/pdf/scripts/napoleon-2023.pdf?v=1729114959","logger":"root","filename":"ingestion_dag_3.py","lineno":180}
{"timestamp":"2025-11-18T16:06:51.473599Z","level":"info","event":"_download_pdf - Pdf downloaded from : https://assets.scriptslug.com/live/pdf/scripts/nopoleon-dynamite-2004.pdf?v=1729114963","logger":"root","filename":"ingestion_dag_3.py","lineno":180}
{"timestamp":"2025-11-18T16:06:54.511777Z","level":"info","event":"_download_pdf - Pdf downloaded from : https://assets.scriptslug.com/live/pdf/scripts/national-lampoons-animal-house-1978.pdf?v=1729114960","logger":"root","filename":"ingestion_dag_3.py","lineno":180}
{"timestamp":"2025-11-18T16:06:58.148995Z","level":"info","event":"_download_pdf - Pdf downloaded from : https://assets.scriptslug.com/live/pdf/scripts/national-lampoons-christmas-vacation-1989.pdf?v=1729114960","logger":"root","filename":"ingestion_dag_3.py","lineno":180}
{"timestamp":"2025-11-18T16:07:00.195160Z","level":"info","event":"_download_pdf - Pdf downloaded from : https://assets.scriptslug.com/live/pdf/scripts/national-lampoons-european-vacation-1985.pdf?v=1729114960","logger":"root","filename":"ingestion_dag_3.py","lineno":180}
{"timestamp":"2025-11-18T16:07:02.785605Z","level":"info","event":"_download_pdf - Pdf downloaded from : https://assets.scriptslug.com/live/pdf/scripts/national-lampoons-vacation-1983.pdf?v=1729114960","logger":"root","filename":"ingestion_dag_3.py","lineno":180}
{"timestamp":"2025-11-18T16:07:03.772411Z","level":"info","event":"_download_pdf - Pdf downloaded from : https://assets.scriptslug.com/live/pdf/scripts/national-treasure-2004.pdf?v=1729114960","logger":"root","filename":"ingestion_dag_3.py","lineno":180}
{"timestamp":"2025-11-18T16:07:04.456952Z","level":"info","event":"_download_pdf - Pdf downloaded from : https://assets.scriptslug.com/live/pdf/scripts/natural-born-killer-1994.pdf?v=1729114960","logger":"root","filename":"ingestion_dag_3.py","lineno":180}
{"timestamp":"2025-11-18T16:07:07.275465Z","level":"info","event":"_download_pdf - Pdf downloaded from : https://assets.scriptslug.com/live/pdf/scripts/near-dark-1987.pdf?v=1729114960","logger":"root","filename":"ingestion_dag_3.py","lineno":180}
{"timestamp":"2025-11-18T16:07:07.899837Z","level":"info","event":"_download_pdf - Pdf downloaded from : https://assets.scriptslug.com/live/pdf/scripts/nebraska-2013.pdf?v=1729114960","logger":"root","filename":"ingestion_dag_3.py","lineno":180}
{"timestamp":"2025-11-18T16:07:08.283166Z","level":"info","event":"_download_pdf - Pdf downloaded from : https://assets.scriptslug.com/live/pdf/scripts/nell-2024.pdf?v=1741848457","logger":"root","filename":"ingestion_dag_3.py","lineno":180}
{"timestamp":"2025-11-18T16:07:17.629688Z","level":"info","event":"_download_pdf - Pdf downloaded from : https://assets.scriptslug.com/live/pdf/scripts/network-1976.pdf?v=1729114961","logger":"root","filename":"ingestion_dag_3.py","lineno":180}
{"timestamp":"2025-11-18T16:07:19.597014Z","level":"info","event":"_download_pdf - Pdf downloaded from : https://assets.scriptslug.com/live/pdf/scripts/never-look-away-2018.pdf?v=1729114961","logger":"root","filename":"ingestion_dag_3.py","lineno":180}
{"timestamp":"2025-11-18T16:07:20.377096Z","level":"info","event":"_download_pdf - Pdf downloaded from : https://assets.scriptslug.com/live/pdf/scripts/never-rarely-sometimes-always-2020.pdf?v=1729114961","logger":"root","filename":"ingestion_dag_3.py","lineno":180}
{"timestamp":"2025-11-18T16:07:25.738657Z","level":"info","event":"_download_pdf - Pdf downloaded from : https://assets.scriptslug.com/live/pdf/scripts/new-jack-city-1991.pdf?v=1729114961","logger":"root","filename":"ingestion_dag_3.py","lineno":180}
{"timestamp":"2025-11-18T16:07:28.103410Z","level":"info","event":"_download_pdf - Pdf downloaded from : https://assets.scriptslug.com/live/pdf/scripts/nick-and-norahs-infiinite-playlist-2008.pdf?v=1729114961","logger":"root","filename":"ingestion_dag_3.py","lineno":180}
{"timestamp":"2025-11-18T16:07:28.925318Z","level":"info","event":"_download_pdf - Pdf downloaded from : https://assets.scriptslug.com/live/pdf/scripts/nickel-boys-2024.pdf?v=1738464415","logger":"root","filename":"ingestion_dag_3.py","lineno":180}
{"timestamp":"2025-11-18T16:07:39.092455Z","level":"info","event":"_download_pdf - Pdf downloaded from : https://assets.scriptslug.com/live/pdf/scripts/night-nurse-1931.pdf?v=1729114961","logger":"root","filename":"ingestion_dag_3.py","lineno":180}
{"timestamp":"2025-11-18T16:07:43.915437Z","level":"info","event":"_download_pdf - Pdf downloaded from : https://assets.scriptslug.com/live/pdf/scripts/night-of-the-demons-1988.pdf?v=1729114961","logger":"root","filename":"ingestion_dag_3.py","lineno":180}
{"timestamp":"2025-11-18T16:07:44.628495Z","level":"info","event":"_download_pdf - Pdf downloaded from : https://assets.scriptslug.com/live/pdf/scripts/night-of-the-living-dead-1968.pdf?v=1729114962","logger":"root","filename":"ingestion_dag_3.py","lineno":180}
{"timestamp":"2025-11-18T16:07:45.378171Z","level":"info","event":"_download_pdf - Pdf downloaded from : https://assets.scriptslug.com/live/pdf/scripts/nightbitch-2024.pdf?v=1738547724","logger":"root","filename":"ingestion_dag_3.py","lineno":180}
{"timestamp":"2025-11-18T16:07:46.614382Z","level":"info","event":"_download_pdf - Pdf downloaded from : https://assets.scriptslug.com/live/pdf/scripts/nightcrawler-2014.pdf?v=1729114962","logger":"root","filename":"ingestion_dag_3.py","lineno":180}
{"timestamp":"2025-11-18T16:07:47.574742Z","level":"info","event":"_download_pdf - Pdf downloaded from : https://assets.scriptslug.com/live/pdf/scripts/nightmare-alley-2021.pdf?v=1729114962","logger":"root","filename":"ingestion_dag_3.py","lineno":180}
{"timestamp":"2025-11-18T16:07:48.789861Z","level":"info","event":"_download_pdf - Pdf downloaded from : https://assets.scriptslug.com/live/pdf/scripts/nine-days-2020.pdf?v=1729114962","logger":"root","filename":"ingestion_dag_3.py","lineno":180}
{"timestamp":"2025-11-18T16:07:50.112798Z","level":"info","event":"_download_pdf - Pdf downloaded from : https://assets.scriptslug.com/live/pdf/scripts/ninja-assassin-2009.pdf?v=1729114962","logger":"root","filename":"ingestion_dag_3.py","lineno":180}
{"timestamp":"2025-11-18T16:07:55.037806Z","level":"info","event":"_download_pdf - Pdf downloaded from : https://assets.scriptslug.com/live/pdf/scripts/nixon-1995.pdf?v=1729114962","logger":"root","filename":"ingestion_dag_3.py","lineno":180}
{"timestamp":"2025-11-18T16:07:55.783065Z","level":"info","event":"_download_pdf - Pdf downloaded from : https://assets.scriptslug.com/live/pdf/scripts/no-country-for-old-men-2007.pdf?v=1729114962","logger":"root","filename":"ingestion_dag_3.py","lineno":180}
{"timestamp":"2025-11-18T16:07:57.334912Z","level":"info","event":"_download_pdf - Pdf downloaded from : https://assets.scriptslug.com/live/pdf/scripts/no-hard-feelings-2023.pdf?v=1729114963","logger":"root","filename":"ingestion_dag_3.py","lineno":180}
{"timestamp":"2025-11-18T16:07:57.886155Z","level":"info","event":"_download_pdf - Pdf downloaded from : https://assets.scriptslug.com/live/pdf/scripts/no-one-will-save-you-2023.pdf?v=1729114963","logger":"root","filename":"ingestion_dag_3.py","lineno":180}
{"timestamp":"2025-11-18T16:07:58.696069Z","level":"info","event":"_download_pdf - Pdf downloaded from : https://assets.scriptslug.com/live/pdf/scripts/no-time-to-die-2021.pdf?v=1729114963","logger":"root","filename":"ingestion_dag_3.py","lineno":180}
{"timestamp":"2025-11-18T16:07:59.437946Z","level":"info","event":"_download_pdf - Pdf downloaded from : https://assets.scriptslug.com/live/pdf/scripts/nocturnal-animals-2016.pdf?v=1729114963","logger":"root","filename":"ingestion_dag_3.py","lineno":180}
{"timestamp":"2025-11-18T16:08:00.153210Z","level":"info","event":"_download_pdf - Pdf downloaded from : https://assets.scriptslug.com/live/pdf/scripts/nomadland-2020.pdf?v=1729114963","logger":"root","filename":"ingestion_dag_3.py","lineno":180}
{"timestamp":"2025-11-18T16:08:01.037691Z","level":"info","event":"_download_pdf - Pdf downloaded from : https://assets.scriptslug.com/live/pdf/scripts/nope-2022.pdf?v=1729114963","logger":"root","filename":"ingestion_dag_3.py","lineno":180}
{"timestamp":"2025-11-18T16:08:03.635187Z","level":"info","event":"_download_pdf - Pdf downloaded from : https://assets.scriptslug.com/live/pdf/scripts/norma-rae-1979.pdf?v=1729114963","logger":"root","filename":"ingestion_dag_3.py","lineno":180}
{"timestamp":"2025-11-18T16:08:09.452190Z","level":"info","event":"_download_pdf - Pdf downloaded from : https://assets.scriptslug.com/live/pdf/scripts/north-by-northwest-1959.pdf?v=1729114963","logger":"root","filename":"ingestion_dag_3.py","lineno":180}
{"timestamp":"2025-11-18T16:08:10.154069Z","level":"info","event":"_download_pdf - Pdf downloaded from : https://assets.scriptslug.com/live/pdf/scripts/nosferatu-2025.pdf?v=1739901972","logger":"root","filename":"ingestion_dag_3.py","lineno":180}
{"timestamp":"2025-11-18T16:08:11.637521Z","level":"info","event":"_download_pdf - Pdf downloaded from : https://assets.scriptslug.com/live/pdf/scripts/not-easily-broken-2009.pdf?v=1729114963","logger":"root","filename":"ingestion_dag_3.py","lineno":180}
{"timestamp":"2025-11-18T16:08:13.940341Z","level":"info","event":"_download_pdf - Pdf downloaded from : https://assets.scriptslug.com/live/pdf/scripts/notorious-2009.pdf?v=1729114964","logger":"root","filename":"ingestion_dag_3.py","lineno":180}
{"timestamp":"2025-11-18T16:08:14.779608Z","level":"info","event":"_download_pdf - Pdf downloaded from : https://assets.scriptslug.com/live/pdf/scripts/notting-hill-1999.pdf?v=1729114964","logger":"root","filename":"ingestion_dag_3.py","lineno":180}
{"timestamp":"2025-11-18T16:08:16.406177Z","level":"info","event":"_download_pdf - Pdf downloaded from : https://assets.scriptslug.com/live/pdf/scripts/now-you-see-me-2013.pdf?v=1729114964","logger":"root","filename":"ingestion_dag_3.py","lineno":180}
{"timestamp":"2025-11-18T16:08:17.095185Z","level":"info","event":"_download_pdf - Pdf downloaded from : https://assets.scriptslug.com/live/pdf/scripts/nowhere-boy-2009.pdf?v=1729114964","logger":"root","filename":"ingestion_dag_3.py","lineno":180}
{"timestamp":"2025-11-18T16:08:17.651275Z","level":"info","event":"_download_pdf - Pdf downloaded from : https://assets.scriptslug.com/live/pdf/scripts/oceans-8-2018.pdf?v=1729114964","logger":"root","filename":"ingestion_dag_3.py","lineno":180}
{"timestamp":"2025-11-18T16:08:18.231421Z","level":"info","event":"_download_pdf - Pdf downloaded from : https://assets.scriptslug.com/live/pdf/scripts/oceans-eleven-2001.pdf?v=1729114964","logger":"root","filename":"ingestion_dag_3.py","lineno":180}
{"timestamp":"2025-11-18T16:08:18.948219Z","level":"info","event":"_download_pdf - Pdf downloaded from : https://assets.scriptslug.com/live/pdf/scripts/oceans-twelve-2004.pdf?v=1729114964","logger":"root","filename":"ingestion_dag_3.py","lineno":180}
{"timestamp":"2025-11-18T16:08:21.705572Z","level":"info","event":"_download_pdf - Pdf downloaded from : https://assets.scriptslug.com/live/pdf/scripts/octupussy-1983.pdf?v=1729114964","logger":"root","filename":"ingestion_dag_3.py","lineno":180}
{"timestamp":"2025-11-18T16:08:22.369208Z","level":"info","event":"_download_pdf - Pdf downloaded from : https://assets.scriptslug.com/live/pdf/scripts/oculus-2013.pdf?v=1729114964","logger":"root","filename":"ingestion_dag_3.py","lineno":180}
{"timestamp":"2025-11-18T16:08:28.375872Z","level":"info","event":"_download_pdf - Pdf downloaded from : https://assets.scriptslug.com/live/pdf/scripts/office-space-1999.pdf?v=1729114964","logger":"root","filename":"ingestion_dag_3.py","lineno":180}
{"timestamp":"2025-11-18T16:08:29.442207Z","level":"info","event":"_download_pdf - Pdf downloaded from : https://assets.scriptslug.com/live/pdf/scripts/okja-2017.pdf?v=1729114965","logger":"root","filename":"ingestion_dag_3.py","lineno":180}
{"timestamp":"2025-11-18T16:08:30.178955Z","level":"info","event":"_download_pdf - Pdf downloaded from : https://assets.scriptslug.com/live/pdf/scripts/olympus-has-fallen-2013.pdf?v=1729114965","logger":"root","filename":"ingestion_dag_3.py","lineno":180}
{"timestamp":"2025-11-18T16:08:30.926390Z","level":"info","event":"_download_pdf - Pdf downloaded from : https://assets.scriptslug.com/live/pdf/scripts/on-the-basis-of-sex-2018.pdf?v=1729114965","logger":"root","filename":"ingestion_dag_3.py","lineno":180}
{"timestamp":"2025-11-18T16:08:31.975448Z","level":"info","event":"_download_pdf - Pdf downloaded from : https://assets.scriptslug.com/live/pdf/scripts/once-upon-a-time-in-america-1984.pdf?v=1729114965","logger":"root","filename":"ingestion_dag_3.py","lineno":180}
{"timestamp":"2025-11-18T16:08:36.270022Z","level":"info","event":"_download_pdf - Pdf downloaded from : https://assets.scriptslug.com/live/pdf/scripts/once-upon-a-time-in-mexico-2003.pdf?v=1729114965","logger":"root","filename":"ingestion_dag_3.py","lineno":180}
{"timestamp":"2025-11-18T16:08:36.887409Z","level":"info","event":"_download_pdf - Pdf downloaded from : https://assets.scriptslug.com/live/pdf/scripts/one-eighty-seven-1999.pdf?v=1729114965","logger":"root","filename":"ingestion_dag_3.py","lineno":180}
{"timestamp":"2025-11-18T16:08:37.456547Z","level":"info","event":"_download_pdf - Pdf downloaded from : https://assets.scriptslug.com/live/pdf/scripts/one-flew-over-the-cuckoos-nest-1975.pdf?v=1729114965","logger":"root","filename":"ingestion_dag_3.py","lineno":180}
{"timestamp":"2025-11-18T16:08:38.532430Z","level":"info","event":"_download_pdf - Pdf downloaded from : https://assets.scriptslug.com/live/pdf/scripts/one-night-in-miami-2020.pdf?v=1729114965","logger":"root","filename":"ingestion_dag_3.py","lineno":180}
{"timestamp":"2025-11-18T16:08:40.104020Z","level":"info","event":"_download_pdf - Pdf downloaded from : https://assets.scriptslug.com/live/pdf/scripts/only-lovers-left-alive-2013.pdf?v=1729114965","logger":"root","filename":"ingestion_dag_3.py","lineno":180}
{"timestamp":"2025-11-18T16:08:41.010673Z","level":"info","event":"_download_pdf - Pdf downloaded from : https://assets.scriptslug.com/live/pdf/scripts/only-the-brave-2017.pdf?v=1729114966","logger":"root","filename":"ingestion_dag_3.py","lineno":180}
{"timestamp":"2025-11-18T16:08:42.718805Z","level":"info","event":"_download_pdf - Pdf downloaded from : https://assets.scriptslug.com/live/pdf/scripts/oppenheimer-2023.pdf?v=1729114966","logger":"root","filename":"ingestion_dag_3.py","lineno":180}
{"timestamp":"2025-11-18T16:08:43.783622Z","level":"info","event":"_download_pdf - Pdf downloaded from : https://assets.scriptslug.com/live/pdf/scripts/ordinary-people-1980.pdf?v=1729114966","logger":"root","filename":"ingestion_dag_3.py","lineno":180}
{"timestamp":"2025-11-18T16:08:44.367129Z","level":"info","event":"_download_pdf - Pdf downloaded from : https://assets.scriptslug.com/live/pdf/scripts/origin-2023.pdf?v=1729114966","logger":"root","filename":"ingestion_dag_3.py","lineno":180}
{"timestamp":"2025-11-18T16:08:48.189463Z","level":"info","event":"_download_pdf - Pdf downloaded from : https://assets.scriptslug.com/live/pdf/scripts/orphan-2008.pdf?v=1729114966","logger":"root","filename":"ingestion_dag_3.py","lineno":180}
{"timestamp":"2025-11-18T16:08:48.965057Z","level":"info","event":"_download_pdf - Pdf downloaded from : https://assets.scriptslug.com/live/pdf/scripts/ouija-2014.pdf?v=1729114966","logger":"root","filename":"ingestion_dag_3.py","lineno":180}
{"timestamp":"2025-11-18T16:08:52.385101Z","level":"info","event":"_download_pdf - Pdf downloaded from : https://assets.scriptslug.com/live/pdf/scripts/out-of-africa-1985.pdf?v=1729114966","logger":"root","filename":"ingestion_dag_3.py","lineno":180}
{"timestamp":"2025-11-18T16:08:53.063381Z","level":"info","event":"_download_pdf - Pdf downloaded from : https://assets.scriptslug.com/live/pdf/scripts/outlaw-king-2018.pdf?v=1729114966","logger":"root","filename":"ingestion_dag_3.py","lineno":180}
{"timestamp":"2025-11-18T16:08:53.764148Z","level":"info","event":"_download_pdf - Pdf downloaded from : https://assets.scriptslug.com/live/pdf/scripts/over-the-moon-2020.pdf?v=1729114966","logger":"root","filename":"ingestion_dag_3.py","lineno":180}
{"timestamp":"2025-11-18T16:08:56.509569Z","level":"info","event":"_download_pdf - Pdf downloaded from : https://assets.scriptslug.com/live/pdf/scripts/overboard-1987.pdf?v=1729114967","logger":"root","filename":"ingestion_dag_3.py","lineno":180}
{"timestamp":"2025-11-18T16:08:57.424257Z","level":"info","event":"_download_pdf - Pdf downloaded from : https://assets.scriptslug.com/live/pdf/scripts/overboard-2018.pdf?v=1729114967","logger":"root","filename":"ingestion_dag_3.py","lineno":180}
{"timestamp":"2025-11-18T16:08:57.881538Z","level":"info","event":"_download_pdf - Pdf downloaded from : https://assets.scriptslug.com/live/pdf/scripts/overlord-2018.pdf?v=1729114967","logger":"root","filename":"ingestion_dag_3.py","lineno":180}
{"timestamp":"2025-11-18T16:08:58.489790Z","level":"info","event":"_download_pdf - Pdf downloaded from : https://assets.scriptslug.com/live/pdf/scripts/pacific-rim-2013.pdf?v=1729114967","logger":"root","filename":"ingestion_dag_3.py","lineno":180}
{"timestamp":"2025-11-18T16:08:59.438924Z","level":"info","event":"_download_pdf - Pdf downloaded from : https://assets.scriptslug.com/live/pdf/scripts/paddington-2-2018.pdf?v=1729114967","logger":"root","filename":"ingestion_dag_3.py","lineno":180}
{"timestamp":"2025-11-18T16:09:00.276502Z","level":"info","event":"_download_pdf - Pdf downloaded from : https://assets.scriptslug.com/live/pdf/scripts/pain-and-glory-2019.pdf?v=1729114967","logger":"root","filename":"ingestion_dag_3.py","lineno":180}
{"timestamp":"2025-11-18T16:09:00.865697Z","level":"info","event":"_download_pdf - Pdf downloaded from : https://assets.scriptslug.com/live/pdf/scripts/palm-springs-2020.pdf?v=1729114967","logger":"root","filename":"ingestion_dag_3.py","lineno":180}
{"timestamp":"2025-11-18T16:09:01.790836Z","level":"info","event":"_download_pdf - Pdf downloaded from : https://assets.scriptslug.com/live/pdf/scripts/panic-room-2002.pdf?v=1729114967","logger":"root","filename":"ingestion_dag_3.py","lineno":180}
{"timestamp":"2025-11-18T16:09:02.430059Z","level":"info","event":"_download_pdf - Pdf downloaded from : https://assets.scriptslug.com/live/pdf/scripts/pans-labyrinth-2006.pdf?v=1729114967","logger":"root","filename":"ingestion_dag_3.py","lineno":180}
{"timestamp":"2025-11-18T16:09:05.589742Z","level":"info","event":"_download_pdf - Pdf downloaded from : https://assets.scriptslug.com/live/pdf/scripts/paper-moon-1973.pdf?v=1729114968","logger":"root","filename":"ingestion_dag_3.py","lineno":180}
{"timestamp":"2025-11-18T16:09:06.588602Z","level":"info","event":"_download_pdf - Pdf downloaded from : https://assets.scriptslug.com/live/pdf/scripts/papillon-2017.pdf?v=1729114968","logger":"root","filename":"ingestion_dag_3.py","lineno":180}
{"timestamp":"2025-11-18T16:09:07.306618Z","level":"info","event":"_download_pdf - Pdf downloaded from : https://assets.scriptslug.com/live/pdf/scripts/paradise-2013.pdf?v=1729114968","logger":"root","filename":"ingestion_dag_3.py","lineno":180}
{"timestamp":"2025-11-18T16:09:08.685142Z","level":"info","event":"_download_pdf - Pdf downloaded from : https://assets.scriptslug.com/live/pdf/scripts/parallel-mothers-2021.pdf?v=1729114968","logger":"root","filename":"ingestion_dag_3.py","lineno":180}
{"timestamp":"2025-11-18T16:09:09.683160Z","level":"info","event":"_download_pdf - Pdf downloaded from : https://assets.scriptslug.com/live/pdf/scripts/paranorman-2012.pdf?v=1729114968","logger":"root","filename":"ingestion_dag_3.py","lineno":180}
{"timestamp":"2025-11-18T16:09:10.407483Z","level":"info","event":"_download_pdf - Pdf downloaded from : https://assets.scriptslug.com/live/pdf/scripts/parasite-2019.pdf?v=1729114968","logger":"root","filename":"ingestion_dag_3.py","lineno":180}
{"timestamp":"2025-11-18T16:09:11.505208Z","level":"info","event":"_download_pdf - Pdf downloaded from : https://assets.scriptslug.com/live/pdf/scripts/pariah-2011.pdf?v=1729114968","logger":"root","filename":"ingestion_dag_3.py","lineno":180}
{"timestamp":"2025-11-18T16:09:12.477191Z","level":"info","event":"_download_pdf - Pdf downloaded from : https://assets.scriptslug.com/live/pdf/scripts/passengers-2011.pdf?v=1729114969","logger":"root","filename":"ingestion_dag_3.py","lineno":180}
{"timestamp":"2025-11-18T16:09:13.621019Z","level":"info","event":"_download_pdf - Pdf downloaded from : https://assets.scriptslug.com/live/pdf/scripts/passing-2021.pdf?v=1729114969","logger":"root","filename":"ingestion_dag_3.py","lineno":180}
{"timestamp":"2025-11-18T16:09:14.184300Z","level":"info","event":"_download_pdf - Pdf downloaded from : https://assets.scriptslug.com/live/pdf/scripts/past-lives-2023.pdf?v=1729114969","logger":"root","filename":"ingestion_dag_3.py","lineno":180}
{"timestamp":"2025-11-18T16:09:14.843208Z","level":"info","event":"_download_pdf - Pdf downloaded from : https://assets.scriptslug.com/live/pdf/scripts/pawn-sacrifice-2014.pdf?v=1729114970","logger":"root","filename":"ingestion_dag_3.py","lineno":180}
{"timestamp":"2025-11-18T16:09:15.306518Z","level":"info","event":"_download_pdf - Pdf downloaded from : https://assets.scriptslug.com/live/pdf/scripts/peggy-sue-got-married-1986.pdf?v=1729114970","logger":"root","filename":"ingestion_dag_3.py","lineno":180}
{"timestamp":"2025-11-18T16:09:17.934003Z","level":"info","event":"_download_pdf - Pdf downloaded from : https://assets.scriptslug.com/live/pdf/scripts/personal-best-1982.pdf?v=1729114970","logger":"root","filename":"ingestion_dag_3.py","lineno":180}
{"timestamp":"2025-11-18T16:09:18.565383Z","level":"info","event":"_download_pdf - Pdf downloaded from : https://assets.scriptslug.com/live/pdf/scripts/pet-sematary-2019.pdf?v=1729114970","logger":"root","filename":"ingestion_dag_3.py","lineno":180}
{"timestamp":"2025-11-18T16:09:19.137133Z","level":"info","event":"_download_pdf - Pdf downloaded from : https://assets.scriptslug.com/live/pdf/scripts/phantom-of-the-opera-2004.pdf?v=1729114970","logger":"root","filename":"ingestion_dag_3.py","lineno":180}
{"timestamp":"2025-11-18T16:09:21.157827Z","level":"info","event":"_download_pdf - Pdf downloaded from : https://assets.scriptslug.com/live/pdf/scripts/phantom-thread-2017.pdf?v=1729114970","logger":"root","filename":"ingestion_dag_3.py","lineno":180}
{"timestamp":"2025-11-18T16:09:23.312955Z","level":"info","event":"_download_pdf - Pdf downloaded from : https://assets.scriptslug.com/live/pdf/scripts/philadelphia-1993.pdf?v=1729114970","logger":"root","filename":"ingestion_dag_3.py","lineno":180}
{"timestamp":"2025-11-18T16:09:28.001149Z","level":"info","event":"_download_pdf - Pdf downloaded from : https://assets.scriptslug.com/live/pdf/scripts/picnic-at-hanging-rock-1975.pdf?v=1729114970","logger":"root","filename":"ingestion_dag_3.py","lineno":180}
{"timestamp":"2025-11-18T16:09:28.576894Z","level":"info","event":"_download_pdf - Pdf downloaded from : https://assets.scriptslug.com/live/pdf/scripts/pineapple-express-2008.pdf?v=1729114970","logger":"root","filename":"ingestion_dag_3.py","lineno":180}
{"timestamp":"2025-11-18T16:09:30.570027Z","level":"info","event":"_download_pdf - Pdf downloaded from : https://assets.scriptslug.com/live/pdf/scripts/pirates-of-the-caribbean-at-worlds-end-2007.pdf?v=1729114971","logger":"root","filename":"ingestion_dag_3.py","lineno":180}
{"timestamp":"2025-11-18T16:09:31.927909Z","level":"info","event":"_download_pdf - Pdf downloaded from : https://assets.scriptslug.com/live/pdf/scripts/pirates-of-the-caribbean-dead-mans-chest-2006.pdf?v=1729114971","logger":"root","filename":"ingestion_dag_3.py","lineno":180}
{"timestamp":"2025-11-18T16:09:32.727726Z","level":"info","event":"_download_pdf - Pdf downloaded from : https://assets.scriptslug.com/live/pdf/scripts/pirates-of-the-caribbean-dead-men-tell-no-tales-2017.pdf?v=1729114971","logger":"root","filename":"ingestion_dag_3.py","lineno":180}
{"timestamp":"2025-11-18T16:09:33.306277Z","level":"info","event":"_download_pdf - Pdf downloaded from : https://assets.scriptslug.com/live/pdf/scripts/pirates-of-the-caribbean-on-stranger-tides-2011.pdf?v=1729114971","logger":"root","filename":"ingestion_dag_3.py","lineno":180}
{"timestamp":"2025-11-18T16:09:33.765259Z","level":"info","event":"_download_pdf - Pdf downloaded from : https://assets.scriptslug.com/live/pdf/scripts/pirates-of-the-caribbean-the-curse-of-the-black-pearl-2003.pdf?v=1729114971","logger":"root","filename":"ingestion_dag_3.py","lineno":180}
{"timestamp":"2025-11-18T16:09:34.343347Z","level":"info","event":"_download_pdf - Pdf downloaded from : https://assets.scriptslug.com/live/pdf/scripts/pitch-perfect-2012.pdf?v=1729114971","logger":"root","filename":"ingestion_dag_3.py","lineno":180}
{"timestamp":"2025-11-18T16:09:35.027282Z","level":"info","event":"_download_pdf - Pdf downloaded from : https://assets.scriptslug.com/live/pdf/scripts/pitch-perfect-2-2015.pdf?v=1729114971","logger":"root","filename":"ingestion_dag_3.py","lineno":180}
{"timestamp":"2025-11-18T16:09:35.695252Z","level":"info","event":"_download_pdf - Pdf downloaded from : https://assets.scriptslug.com/live/pdf/scripts/pixels-2015.pdf?v=1729114971","logger":"root","filename":"ingestion_dag_3.py","lineno":180}
{"timestamp":"2025-11-18T16:09:37.084293Z","level":"info","event":"_download_pdf - Pdf downloaded from : https://assets.scriptslug.com/live/pdf/scripts/planes-trains-and-automobiles-1987.pdf?v=1729114971","logger":"root","filename":"ingestion_dag_3.py","lineno":180}
{"timestamp":"2025-11-18T16:09:40.924397Z","level":"info","event":"_download_pdf - Pdf downloaded from : https://assets.scriptslug.com/live/pdf/scripts/planet-of-the-apes-1968.pdf?v=1729114972","logger":"root","filename":"ingestion_dag_3.py","lineno":180}
{"timestamp":"2025-11-18T16:09:42.525893Z","level":"info","event":"_download_pdf - Pdf downloaded from : https://assets.scriptslug.com/live/pdf/scripts/please-give-2010.pdf?v=1729114972","logger":"root","filename":"ingestion_dag_3.py","lineno":180}
{"timestamp":"2025-11-18T16:09:47.802031Z","level":"info","event":"_download_pdf - Pdf downloaded from : https://assets.scriptslug.com/live/pdf/scripts/poetic-justice-1993.pdf?v=1729114972","logger":"root","filename":"ingestion_dag_3.py","lineno":180}
{"timestamp":"2025-11-18T16:09:49.838967Z","level":"info","event":"_download_pdf - Pdf downloaded from : https://assets.scriptslug.com/live/pdf/scripts/police-academy-1984.pdf?v=1729114972","logger":"root","filename":"ingestion_dag_3.py","lineno":180}
{"timestamp":"2025-11-18T16:10:07.265059Z","level":"info","event":"_download_pdf - Pdf downloaded from : https://assets.scriptslug.com/live/pdf/scripts/police-academy-2-the-first-assignment-1985.pdf?v=1729114972","logger":"root","filename":"ingestion_dag_3.py","lineno":180}
{"timestamp":"2025-11-18T16:10:35.958607Z","level":"info","event":"_download_pdf - Pdf downloaded from : https://assets.scriptslug.com/live/pdf/scripts/police-academy-3-back-in-training-1986.pdf?v=1729114972","logger":"root","filename":"ingestion_dag_3.py","lineno":180}
{"timestamp":"2025-11-18T16:10:36.708075Z","level":"info","event":"_download_pdf - Pdf downloaded from : https://assets.scriptslug.com/live/pdf/scripts/poltergeist-1982.pdf?v=1729114972","logger":"root","filename":"ingestion_dag_3.py","lineno":180}
{"timestamp":"2025-11-18T16:10:37.509282Z","level":"info","event":"_download_pdf - Pdf downloaded from : https://assets.scriptslug.com/live/pdf/scripts/poor-things-2023.pdf?v=1729114972","logger":"root","filename":"ingestion_dag_3.py","lineno":180}
{"timestamp":"2025-11-18T16:10:38.139037Z","level":"info","event":"_download_pdf - Pdf downloaded from : https://assets.scriptslug.com/live/pdf/scripts/popstar-never-stop-stopping-2016.pdf?v=1729114972","logger":"root","filename":"ingestion_dag_3.py","lineno":180}
{"timestamp":"2025-11-18T16:10:45.474487Z","level":"info","event":"_download_pdf - Pdf downloaded from : https://assets.scriptslug.com/live/pdf/scripts/porkys-1981.pdf?v=1729114973","logger":"root","filename":"ingestion_dag_3.py","lineno":180}
{"timestamp":"2025-11-18T16:10:48.952266Z","level":"info","event":"_download_pdf - Pdf downloaded from : https://assets.scriptslug.com/live/pdf/scripts/porkys-revenge-1985.pdf?v=1729114973","logger":"root","filename":"ingestion_dag_3.py","lineno":180}
{"timestamp":"2025-11-18T16:10:51.830652Z","level":"info","event":"_download_pdf - Pdf downloaded from : https://assets.scriptslug.com/live/pdf/scripts/postcards-from-the-edge-1990.pdf?v=1729114973","logger":"root","filename":"ingestion_dag_3.py","lineno":180}
{"timestamp":"2025-11-18T16:10:53.190741Z","level":"info","event":"_download_pdf - Pdf downloaded from : https://assets.scriptslug.com/live/pdf/scripts/precious-2009.pdf?v=1729114973","logger":"root","filename":"ingestion_dag_3.py","lineno":180}
{"timestamp":"2025-11-18T16:10:55.739644Z","level":"info","event":"_download_pdf - Pdf downloaded from : https://assets.scriptslug.com/live/pdf/scripts/predator-1987.pdf?v=1729114973","logger":"root","filename":"ingestion_dag_3.py","lineno":180}
{"timestamp":"2025-11-18T16:10:58.926812Z","level":"info","event":"_download_pdf - Pdf downloaded from : https://assets.scriptslug.com/live/pdf/scripts/predator-2-1990.pdf?v=1729114973","logger":"root","filename":"ingestion_dag_3.py","lineno":180}
{"timestamp":"2025-11-18T16:10:59.905748Z","level":"info","event":"_download_pdf - Pdf downloaded from : https://assets.scriptslug.com/live/pdf/scripts/predators-2010.pdf?v=1729114973","logger":"root","filename":"ingestion_dag_3.py","lineno":180}
{"timestamp":"2025-11-18T16:11:00.694206Z","level":"info","event":"_download_pdf - Pdf downloaded from : https://assets.scriptslug.com/live/pdf/scripts/pretty-woman-1990.pdf?v=1729114973","logger":"root","filename":"ingestion_dag_3.py","lineno":180}
{"timestamp":"2025-11-18T16:11:01.758890Z","level":"info","event":"_download_pdf - Pdf downloaded from : https://assets.scriptslug.com/live/pdf/scripts/prey-2022.pdf?v=1729114974","logger":"root","filename":"ingestion_dag_3.py","lineno":180}
{"timestamp":"2025-11-18T16:11:12.693600Z","level":"info","event":"_download_pdf - Pdf downloaded from : https://assets.scriptslug.com/live/pdf/scripts/primary-colors-1994.pdf?v=1729114974","logger":"root","filename":"ingestion_dag_3.py","lineno":180}
{"timestamp":"2025-11-18T16:11:16.511382Z","level":"info","event":"_download_pdf - Pdf downloaded from : https://assets.scriptslug.com/live/pdf/scripts/prince-of-darkness-1987.pdf?v=1729114974","logger":"root","filename":"ingestion_dag_3.py","lineno":180}
{"timestamp":"2025-11-18T16:11:17.107543Z","level":"info","event":"_download_pdf - Pdf downloaded from : https://assets.scriptslug.com/live/pdf/scripts/priscilla-2023.pdf?v=1729114974","logger":"root","filename":"ingestion_dag_3.py","lineno":180}
{"timestamp":"2025-11-18T16:11:18.103094Z","level":"info","event":"_download_pdf - Pdf downloaded from : https://assets.scriptslug.com/live/pdf/scripts/prisoners-2013.pdf?v=1729114974","logger":"root","filename":"ingestion_dag_3.py","lineno":180}
{"timestamp":"2025-11-18T16:11:19.044968Z","level":"info","event":"_download_pdf - Pdf downloaded from : https://assets.scriptslug.com/live/pdf/scripts/private-life-2018.pdf?v=1729114974","logger":"root","filename":"ingestion_dag_3.py","lineno":180}
{"timestamp":"2025-11-18T16:11:20.348822Z","level":"info","event":"_download_pdf - Pdf downloaded from : https://assets.scriptslug.com/live/pdf/scripts/prometheus-2012.pdf?v=1729114974","logger":"root","filename":"ingestion_dag_3.py","lineno":180}
{"timestamp":"2025-11-18T16:11:21.401899Z","level":"info","event":"_download_pdf - Pdf downloaded from : https://assets.scriptslug.com/live/pdf/scripts/promising-young-woman-2020.pdf?v=1729114974","logger":"root","filename":"ingestion_dag_3.py","lineno":180}
{"timestamp":"2025-11-18T16:11:27.634969Z","level":"info","event":"_download_pdf - Pdf downloaded from : https://assets.scriptslug.com/live/pdf/scripts/proof-of-life-2000.pdf?v=1729114975","logger":"root","filename":"ingestion_dag_3.py","lineno":180}
{"timestamp":"2025-11-18T16:11:28.634201Z","level":"info","event":"_download_pdf - Pdf downloaded from : https://assets.scriptslug.com/live/pdf/scripts/prophetess-2021.pdf?v=1729114975","logger":"root","filename":"ingestion_dag_3.py","lineno":180}
{"timestamp":"2025-11-18T16:11:37.580808Z","level":"info","event":"_download_pdf - Pdf downloaded from : https://assets.scriptslug.com/live/pdf/scripts/psycho-1960.pdf?v=1729114975","logger":"root","filename":"ingestion_dag_3.py","lineno":180}
{"timestamp":"2025-11-18T16:11:38.118184Z","level":"info","event":"_download_pdf - Pdf downloaded from : https://assets.scriptslug.com/live/pdf/scripts/pulp-fiction-1994.pdf?v=1729114975","logger":"root","filename":"ingestion_dag_3.py","lineno":180}
{"timestamp":"2025-11-18T16:11:39.235454Z","level":"info","event":"_download_pdf - Pdf downloaded from : https://assets.scriptslug.com/live/pdf/scripts/punch-drunk-love-2002.pdf?v=1729114975","logger":"root","filename":"ingestion_dag_3.py","lineno":180}
{"timestamp":"2025-11-18T16:11:40.286814Z","level":"info","event":"_download_pdf - Pdf downloaded from : https://assets.scriptslug.com/live/pdf/scripts/purple-rain-1984.pdf?v=1729114975","logger":"root","filename":"ingestion_dag_3.py","lineno":180}
{"timestamp":"2025-11-18T16:11:41.412268Z","level":"info","event":"_download_pdf - Pdf downloaded from : https://assets.scriptslug.com/live/pdf/scripts/puzzle-2018.pdf?v=1729114975","logger":"root","filename":"ingestion_dag_3.py","lineno":180}
{"timestamp":"2025-11-18T16:11:42.403258Z","level":"info","event":"_download_pdf - Pdf downloaded from : https://assets.scriptslug.com/live/pdf/scripts/queen-and-slim-2019.pdf?v=1729114975","logger":"root","filename":"ingestion_dag_3.py","lineno":180}
{"timestamp":"2025-11-18T16:11:45.917854Z","level":"info","event":"_download_pdf - Pdf downloaded from : https://assets.scriptslug.com/live/pdf/scripts/quiz-show-1994.pdf?v=1729114976","logger":"root","filename":"ingestion_dag_3.py","lineno":180}
{"timestamp":"2025-11-18T16:11:49.647253Z","level":"info","event":"_download_pdf - Pdf downloaded from : https://assets.scriptslug.com/live/pdf/scripts/ragin-bull-1980.pdf?v=1729114976","logger":"root","filename":"ingestion_dag_3.py","lineno":180}
{"timestamp":"2025-11-18T16:11:50.246513Z","level":"info","event":"_download_pdf - Pdf downloaded from : https://assets.scriptslug.com/live/pdf/scripts/raiders-of-the-lost-ark-1981.pdf?v=1729114976","logger":"root","filename":"ingestion_dag_3.py","lineno":180}
{"timestamp":"2025-11-18T16:11:50.951383Z","level":"info","event":"_download_pdf - Pdf downloaded from : https://assets.scriptslug.com/live/pdf/scripts/raising-arizona-1987.pdf?v=1729114976","logger":"root","filename":"ingestion_dag_3.py","lineno":180}
{"timestamp":"2025-11-18T16:11:56.418208Z","level":"info","event":"_download_pdf - Pdf downloaded from : https://assets.scriptslug.com/live/pdf/scripts/rambo-iii-1988.pdf?v=1729114976","logger":"root","filename":"ingestion_dag_3.py","lineno":180}
{"timestamp":"2025-11-18T16:11:57.408432Z","level":"info","event":"_download_pdf - Pdf downloaded from : https://assets.scriptslug.com/live/pdf/scripts/rambo-first-blood-part-ii-1985.pdf?v=1729114976","logger":"root","filename":"ingestion_dag_3.py","lineno":180}
{"timestamp":"2025-11-18T16:12:00.316827Z","level":"info","event":"_download_pdf - Pdf downloaded from : https://assets.scriptslug.com/live/pdf/scripts/rango-2011.pdf?v=1729114977","logger":"root","filename":"ingestion_dag_3.py","lineno":180}
{"timestamp":"2025-11-18T16:12:01.022251Z","level":"info","event":"_download_pdf - Pdf downloaded from : https://assets.scriptslug.com/live/pdf/scripts/ratatouille-2007.pdf?v=1729114977","logger":"root","filename":"ingestion_dag_3.py","lineno":180}
{"timestamp":"2025-11-18T16:12:02.278549Z","level":"info","event":"_download_pdf - Pdf downloaded from : https://assets.scriptslug.com/live/pdf/scripts/raya-and-the-last-dragon-2021.pdf?v=1729114977","logger":"root","filename":"ingestion_dag_3.py","lineno":180}
{"timestamp":"2025-11-18T16:12:02.884583Z","level":"info","event":"_download_pdf - Pdf downloaded from : https://assets.scriptslug.com/live/pdf/scripts/ready-player-one-2018.pdf?v=1729114977","logger":"root","filename":"ingestion_dag_3.py","lineno":180}
{"timestamp":"2025-11-18T16:12:07.872300Z","level":"info","event":"_download_pdf - Pdf downloaded from : https://assets.scriptslug.com/live/pdf/scripts/reality-bites-1994.pdf?v=1729114977","logger":"root","filename":"ingestion_dag_3.py","lineno":180}
{"timestamp":"2025-11-18T16:12:14.319933Z","level":"info","event":"_download_pdf - Pdf downloaded from : https://assets.scriptslug.com/live/pdf/scripts/rear-window-1954.pdf?v=1729114977","logger":"root","filename":"ingestion_dag_3.py","lineno":180}
{"timestamp":"2025-11-18T16:12:16.443982Z","level":"info","event":"_download_pdf - Pdf downloaded from : https://assets.scriptslug.com/live/pdf/scripts/red-dawn-1984.pdf?v=1729114977","logger":"root","filename":"ingestion_dag_3.py","lineno":180}
{"timestamp":"2025-11-18T16:12:19.684097Z","level":"info","event":"_download_pdf - Pdf downloaded from : https://assets.scriptslug.com/live/pdf/scripts/red-dragon-2002.pdf?v=1729114977","logger":"root","filename":"ingestion_dag_3.py","lineno":180}
{"timestamp":"2025-11-18T16:12:23.522229Z","level":"info","event":"_download_pdf - Pdf downloaded from : https://assets.scriptslug.com/live/pdf/scripts/red-eye-2005.pdf?v=1729114978","logger":"root","filename":"ingestion_dag_3.py","lineno":180}
{"timestamp":"2025-11-18T16:12:26.396008Z","level":"info","event":"_download_pdf - Pdf downloaded from : https://assets.scriptslug.com/live/pdf/scripts/red-heat-1988.pdf?v=1729114978","logger":"root","filename":"ingestion_dag_3.py","lineno":180}
{"timestamp":"2025-11-18T16:12:27.304696Z","level":"info","event":"_download_pdf - Pdf downloaded from : https://assets.scriptslug.com/live/pdf/scripts/red-one-2024.pdf?v=1738547185","logger":"root","filename":"ingestion_dag_3.py","lineno":180}
{"timestamp":"2025-11-18T16:12:28.016667Z","level":"info","event":"_download_pdf - Pdf downloaded from : https://assets.scriptslug.com/live/pdf/scripts/red-rocket-2021.pdf?v=1729114978","logger":"root","filename":"ingestion_dag_3.py","lineno":180}
{"timestamp":"2025-11-18T16:12:29.251304Z","level":"info","event":"_download_pdf - Pdf downloaded from : https://assets.scriptslug.com/live/pdf/scripts/red-sparrow-2018.pdf?v=1729114978","logger":"root","filename":"ingestion_dag_3.py","lineno":180}
{"timestamp":"2025-11-18T16:12:33.030521Z","level":"info","event":"_download_pdf - Pdf downloaded from : https://assets.scriptslug.com/live/pdf/scripts/reds-1981.pdf?v=1729114978","logger":"root","filename":"ingestion_dag_3.py","lineno":180}
{"timestamp":"2025-11-18T16:12:35.655457Z","level":"info","event":"_download_pdf - Pdf downloaded from : https://assets.scriptslug.com/live/pdf/scripts/reign-of-fire-2002.pdf?v=1729114978","logger":"root","filename":"ingestion_dag_3.py","lineno":180}
{"timestamp":"2025-11-18T16:12:39.100866Z","level":"info","event":"_download_pdf - Pdf downloaded from : https://assets.scriptslug.com/live/pdf/scripts/rent-2005.pdf?v=1729114978","logger":"root","filename":"ingestion_dag_3.py","lineno":180}
{"timestamp":"2025-11-18T16:12:39.834548Z","level":"info","event":"_download_pdf - Pdf downloaded from : https://assets.scriptslug.com/live/pdf/scripts/requiem-for-a-dream-2000.pdf?v=1729114978","logger":"root","filename":"ingestion_dag_3.py","lineno":180}
{"timestamp":"2025-11-18T16:12:40.363593Z","level":"info","event":"_download_pdf - Pdf downloaded from : https://assets.scriptslug.com/live/pdf/scripts/reservoir-dogs-1992.pdf?v=1729114978","logger":"root","filename":"ingestion_dag_3.py","lineno":180}
{"timestamp":"2025-11-18T16:12:41.742657Z","level":"info","event":"_download_pdf - Pdf downloaded from : https://assets.scriptslug.com/live/pdf/scripts/respect-2021.pdf?v=1729114978","logger":"root","filename":"ingestion_dag_3.py","lineno":180}
{"timestamp":"2025-11-18T16:12:44.591644Z","level":"info","event":"_download_pdf - Pdf downloaded from : https://assets.scriptslug.com/live/pdf/scripts/return-of-the-living-dead-1985.pdf?v=1729114979","logger":"root","filename":"ingestion_dag_3.py","lineno":180}
{"timestamp":"2025-11-18T16:12:48.225220Z","level":"info","event":"_download_pdf - Pdf downloaded from : https://assets.scriptslug.com/live/pdf/scripts/revenge-of-the-nerds-1984.pdf?v=1729114979","logger":"root","filename":"ingestion_dag_3.py","lineno":180}
{"timestamp":"2025-11-18T16:12:58.120518Z","level":"info","event":"_download_pdf - Pdf downloaded from : https://assets.scriptslug.com/live/pdf/scripts/revolutionary-road-2008.pdf?v=1729114979","logger":"root","filename":"ingestion_dag_3.py","lineno":180}
{"timestamp":"2025-11-18T16:12:59.949357Z","level":"info","event":"_download_pdf - Pdf downloaded from : https://assets.scriptslug.com/live/pdf/scripts/richard-jewell-2019.pdf?v=1729114979","logger":"root","filename":"ingestion_dag_3.py","lineno":180}
{"timestamp":"2025-11-18T16:13:00.527000Z","level":"info","event":"_download_pdf - Pdf downloaded from : https://assets.scriptslug.com/live/pdf/scripts/ricky-stanicky-2024.pdf?v=1729114980","logger":"root","filename":"ingestion_dag_3.py","lineno":180}
{"timestamp":"2025-11-18T16:13:03.250849Z","level":"info","event":"_download_pdf - Pdf downloaded from : https://assets.scriptslug.com/live/pdf/scripts/rise-of-the-planet-of-the-apes-2010.pdf?v=1729114980","logger":"root","filename":"ingestion_dag_3.py","lineno":180}
{"timestamp":"2025-11-18T16:13:04.221158Z","level":"info","event":"_download_pdf - Pdf downloaded from : https://assets.scriptslug.com/live/pdf/scripts/road-house-1989.pdf?v=1729114980","logger":"root","filename":"ingestion_dag_3.py","lineno":180}
{"timestamp":"2025-11-18T16:13:05.129476Z","level":"info","event":"_download_pdf - Pdf downloaded from : https://assets.scriptslug.com/live/pdf/scripts/road-to-perdition-2002.pdf?v=1729114980","logger":"root","filename":"ingestion_dag_3.py","lineno":180}
{"timestamp":"2025-11-18T16:13:08.532187Z","level":"info","event":"_download_pdf - Pdf downloaded from : https://assets.scriptslug.com/live/pdf/scripts/robocop-1987.pdf?v=1729114980","logger":"root","filename":"ingestion_dag_3.py","lineno":180}
{"timestamp":"2025-11-18T16:13:09.299655Z","level":"info","event":"_download_pdf - Pdf downloaded from : https://assets.scriptslug.com/live/pdf/scripts/rocketman-2019.pdf?v=1729114980","logger":"root","filename":"ingestion_dag_3.py","lineno":180}
{"timestamp":"2025-11-18T16:13:10.442112Z","level":"info","event":"_download_pdf - Pdf downloaded from : https://assets.scriptslug.com/live/pdf/scripts/rocky-1976.pdf?v=1729114980","logger":"root","filename":"ingestion_dag_3.py","lineno":180}
{"timestamp":"2025-11-18T16:13:19.908841Z","level":"info","event":"_download_pdf - Pdf downloaded from : https://assets.scriptslug.com/live/pdf/scripts/rocky-ii-1979.pdf?v=1729114980","logger":"root","filename":"ingestion_dag_3.py","lineno":180}
{"timestamp":"2025-11-18T16:13:23.862841Z","level":"info","event":"_download_pdf - Pdf downloaded from : https://assets.scriptslug.com/live/pdf/scripts/rocky-iii-1982.pdf?v=1729114981","logger":"root","filename":"ingestion_dag_3.py","lineno":180}
{"timestamp":"2025-11-18T16:13:27.671537Z","level":"info","event":"_download_pdf - Pdf downloaded from : https://assets.scriptslug.com/live/pdf/scripts/rocky-iv-1985.pdf?v=1729114981","logger":"root","filename":"ingestion_dag_3.py","lineno":180}
{"timestamp":"2025-11-18T16:13:30.109960Z","level":"info","event":"_download_pdf - Pdf downloaded from : https://assets.scriptslug.com/live/pdf/scripts/rocky-balboa-2006.pdf?v=1729114980","logger":"root","filename":"ingestion_dag_3.py","lineno":180}
{"timestamp":"2025-11-18T16:13:35.261263Z","level":"info","event":"_download_pdf - Pdf downloaded from : https://assets.scriptslug.com/live/pdf/scripts/rocky-v-1990.pdf?v=1729114981","logger":"root","filename":"ingestion_dag_3.py","lineno":180}
{"timestamp":"2025-11-18T16:13:36.519304Z","level":"info","event":"_download_pdf - Pdf downloaded from : https://assets.scriptslug.com/live/pdf/scripts/roma-2018.pdf?v=1729114981","logger":"root","filename":"ingestion_dag_3.py","lineno":180}
{"timestamp":"2025-11-18T16:13:37.797961Z","level":"info","event":"_download_pdf - Pdf downloaded from : https://assets.scriptslug.com/live/pdf/scripts/roman-j-israel-esq-2017.pdf?v=1729114981","logger":"root","filename":"ingestion_dag_3.py","lineno":180}
{"timestamp":"2025-11-18T16:13:41.194738Z","level":"info","event":"_download_pdf - Pdf downloaded from : https://assets.scriptslug.com/live/pdf/scripts/romancing-the-stone-1984.pdf?v=1729114981","logger":"root","filename":"ingestion_dag_3.py","lineno":180}
{"timestamp":"2025-11-18T16:13:45.043047Z","level":"info","event":"_download_pdf - Pdf downloaded from : https://assets.scriptslug.com/live/pdf/scripts/romeo-must-die-2000.pdf?v=1729114981","logger":"root","filename":"ingestion_dag_3.py","lineno":180}
{"timestamp":"2025-11-18T16:13:47.743100Z","level":"info","event":"_download_pdf - Pdf downloaded from : https://assets.scriptslug.com/live/pdf/scripts/ronin-1998.pdf?v=1729114981","logger":"root","filename":"ingestion_dag_3.py","lineno":180}
{"timestamp":"2025-11-18T16:13:49.438549Z","level":"info","event":"_download_pdf - Pdf downloaded from : https://assets.scriptslug.com/live/pdf/scripts/room-2015.pdf?v=1729114981","logger":"root","filename":"ingestion_dag_3.py","lineno":180}
{"timestamp":"2025-11-18T16:13:58.211374Z","level":"info","event":"_download_pdf - Pdf downloaded from : https://assets.scriptslug.com/live/pdf/scripts/rosemarys-baby-1968.pdf?v=1729114981","logger":"root","filename":"ingestion_dag_3.py","lineno":180}
{"timestamp":"2025-11-18T16:14:00.581561Z","level":"info","event":"_download_pdf - Pdf downloaded from : https://assets.scriptslug.com/live/pdf/scripts/rounders-1998.pdf?v=1729114982","logger":"root","filename":"ingestion_dag_3.py","lineno":180}
{"timestamp":"2025-11-18T16:14:01.310097Z","level":"info","event":"_download_pdf - Pdf downloaded from : https://assets.scriptslug.com/live/pdf/scripts/ruby-sparks-2012.pdf?v=1729114982","logger":"root","filename":"ingestion_dag_3.py","lineno":180}
{"timestamp":"2025-11-18T16:14:01.806211Z","level":"info","event":"_download_pdf - Pdf downloaded from : https://assets.scriptslug.com/live/pdf/scripts/run-2020.pdf?v=1729114982","logger":"root","filename":"ingestion_dag_3.py","lineno":180}
{"timestamp":"2025-11-18T16:14:02.550579Z","level":"info","event":"_download_pdf - Pdf downloaded from : https://assets.scriptslug.com/live/pdf/scripts/runaway-bride-1999.pdf?v=1729114982","logger":"root","filename":"ingestion_dag_3.py","lineno":180}
{"timestamp":"2025-11-18T16:14:08.320670Z","level":"info","event":"_download_pdf - Pdf downloaded from : https://assets.scriptslug.com/live/pdf/scripts/running-scared-1986.pdf?v=1729114982","logger":"root","filename":"ingestion_dag_3.py","lineno":180}
{"timestamp":"2025-11-18T16:14:09.453373Z","level":"info","event":"_download_pdf - Pdf downloaded from : https://assets.scriptslug.com/live/pdf/scripts/rush-2013.pdf?v=1729114982","logger":"root","filename":"ingestion_dag_3.py","lineno":180}
{"timestamp":"2025-11-18T16:14:11.807975Z","level":"info","event":"_download_pdf - Pdf downloaded from : https://assets.scriptslug.com/live/pdf/scripts/rush-hour-1998.pdf?v=1729114982","logger":"root","filename":"ingestion_dag_3.py","lineno":180}
{"timestamp":"2025-11-18T16:14:15.903993Z","level":"info","event":"_download_pdf - Pdf downloaded from : https://assets.scriptslug.com/live/pdf/scripts/rushmore-1998.pdf?v=1729114983","logger":"root","filename":"ingestion_dag_3.py","lineno":180}
{"timestamp":"2025-11-18T16:14:16.946157Z","level":"info","event":"_download_pdf - Pdf downloaded from : https://assets.scriptslug.com/live/pdf/scripts/rust-and-bone-2012.pdf?v=1729114983","logger":"root","filename":"ingestion_dag_3.py","lineno":180}
{"timestamp":"2025-11-18T16:14:17.615124Z","level":"info","event":"_download_pdf - Pdf downloaded from : https://assets.scriptslug.com/live/pdf/scripts/rustin-2023.pdf?v=1729114983","logger":"root","filename":"ingestion_dag_3.py","lineno":180}
{"timestamp":"2025-11-18T16:14:18.362231Z","level":"info","event":"_download_pdf - Pdf downloaded from : https://assets.scriptslug.com/live/pdf/scripts/safety-not-guaranteed-2012.pdf?v=1729114983","logger":"root","filename":"ingestion_dag_3.py","lineno":180}
{"timestamp":"2025-11-18T16:14:18.816636Z","level":"info","event":"_download_pdf - Pdf downloaded from : https://assets.scriptslug.com/live/pdf/scripts/saint-frances-2019.pdf?v=1729114983","logger":"root","filename":"ingestion_dag_3.py","lineno":180}
{"timestamp":"2025-11-18T16:14:19.996614Z","level":"info","event":"_download_pdf - Pdf downloaded from : https://assets.scriptslug.com/live/pdf/scripts/saltburn-2023.pdf?v=1729114984","logger":"root","filename":"ingestion_dag_3.py","lineno":180}
{"timestamp":"2025-11-18T16:14:20.973078Z","level":"info","event":"_download_pdf - Pdf downloaded from : https://assets.scriptslug.com/live/pdf/scripts/saturday-night-2024.pdf?v=1738546680","logger":"root","filename":"ingestion_dag_3.py","lineno":180}
{"timestamp":"2025-11-18T16:14:26.546909Z","level":"info","event":"_download_pdf - Pdf downloaded from : https://assets.scriptslug.com/live/pdf/scripts/sausage-party-2016.pdf?v=1729114984","logger":"root","filename":"ingestion_dag_3.py","lineno":180}
{"timestamp":"2025-11-18T16:14:27.447315Z","level":"info","event":"_download_pdf - Pdf downloaded from : https://assets.scriptslug.com/live/pdf/scripts/saving-mr-banks-2013.pdf?v=1729114984","logger":"root","filename":"ingestion_dag_3.py","lineno":180}
{"timestamp":"2025-11-18T16:14:28.687618Z","level":"info","event":"_download_pdf - Pdf downloaded from : https://assets.scriptslug.com/live/pdf/scripts/saving-private-ryan-1998.pdf?v=1729114984","logger":"root","filename":"ingestion_dag_3.py","lineno":180}
{"timestamp":"2025-11-18T16:14:31.489366Z","level":"info","event":"_download_pdf - Pdf downloaded from : https://assets.scriptslug.com/live/pdf/scripts/saw-2004.pdf?v=1729114984","logger":"root","filename":"ingestion_dag_3.py","lineno":180}
{"timestamp":"2025-11-18T16:14:33.673099Z","level":"info","event":"_download_pdf - Pdf downloaded from : https://assets.scriptslug.com/live/pdf/scripts/scanners-1981.pdf?v=1729114984","logger":"root","filename":"ingestion_dag_3.py","lineno":180}
{"timestamp":"2025-11-18T16:14:36.362248Z","level":"info","event":"_download_pdf - Pdf downloaded from : https://assets.scriptslug.com/live/pdf/scripts/scarface-1983.pdf?v=1729114984","logger":"root","filename":"ingestion_dag_3.py","lineno":180}
{"timestamp":"2025-11-18T16:14:41.074214Z","level":"info","event":"_download_pdf - Pdf downloaded from : https://assets.scriptslug.com/live/pdf/scripts/scary-movie-2000.pdf?v=1729114985","logger":"root","filename":"ingestion_dag_3.py","lineno":180}
{"timestamp":"2025-11-18T16:14:43.472386Z","level":"info","event":"_download_pdf - Pdf downloaded from : https://assets.scriptslug.com/live/pdf/scripts/scary-movie-2-2001.pdf?v=1729114984","logger":"root","filename":"ingestion_dag_3.py","lineno":180}
{"timestamp":"2025-11-18T16:14:44.357774Z","level":"info","event":"_download_pdf - Pdf downloaded from : https://assets.scriptslug.com/live/pdf/scripts/scary-stories-to-tell-in-the-dark-2019.pdf?v=1729114985","logger":"root","filename":"ingestion_dag_3.py","lineno":180}
{"timestamp":"2025-11-18T16:14:45.329214Z","level":"info","event":"_download_pdf - Pdf downloaded from : https://assets.scriptslug.com/live/pdf/scripts/schindlers-list-1993.pdf?v=1729114985","logger":"root","filename":"ingestion_dag_3.py","lineno":180}
{"timestamp":"2025-11-18T16:14:46.029457Z","level":"info","event":"_download_pdf - Pdf downloaded from : https://assets.scriptslug.com/live/pdf/scripts/scott-pilgrim-vs-the-world-2010.pdf?v=1729114985","logger":"root","filename":"ingestion_dag_3.py","lineno":180}
{"timestamp":"2025-11-18T16:14:49.968702Z","level":"info","event":"_download_pdf - Pdf downloaded from : https://assets.scriptslug.com/live/pdf/scripts/scream-1996.pdf?v=1729115069","logger":"root","filename":"ingestion_dag_3.py","lineno":180}
{"timestamp":"2025-11-18T16:14:51.062074Z","level":"info","event":"_download_pdf - Pdf downloaded from : https://assets.scriptslug.com/live/pdf/scripts/scream-2022.pdf?v=1729114985","logger":"root","filename":"ingestion_dag_3.py","lineno":180}
{"timestamp":"2025-11-18T16:14:51.753433Z","level":"info","event":"_download_pdf - Pdf downloaded from : https://assets.scriptslug.com/live/pdf/scripts/scream-2-1997.pdf?v=1729114985","logger":"root","filename":"ingestion_dag_3.py","lineno":180}
{"timestamp":"2025-11-18T16:14:52.889773Z","level":"info","event":"_download_pdf - Pdf downloaded from : https://assets.scriptslug.com/live/pdf/scripts/scream-vi-2023.pdf?v=1729114985","logger":"root","filename":"ingestion_dag_3.py","lineno":180}
{"timestamp":"2025-11-18T16:14:57.576924Z","level":"info","event":"_download_pdf - Pdf downloaded from : https://assets.scriptslug.com/live/pdf/scripts/scrooged-1988.pdf?v=1729114985","logger":"root","filename":"ingestion_dag_3.py","lineno":180}
{"timestamp":"2025-11-18T16:14:58.422698Z","level":"info","event":"_download_pdf - Pdf downloaded from : https://assets.scriptslug.com/live/pdf/scripts/se7en-1995.pdf?v=1729114986","logger":"root","filename":"ingestion_dag_3.py","lineno":180}
{"timestamp":"2025-11-18T16:15:04.794596Z","level":"info","event":"_download_pdf - Pdf downloaded from : https://assets.scriptslug.com/live/pdf/scripts/sea-of-love-1989.pdf?v=1729114986","logger":"root","filename":"ingestion_dag_3.py","lineno":180}
{"timestamp":"2025-11-18T16:15:05.722335Z","level":"info","event":"_download_pdf - Pdf downloaded from : https://assets.scriptslug.com/live/pdf/scripts/searching-2018.pdf?v=1729114986","logger":"root","filename":"ingestion_dag_3.py","lineno":180}
{"timestamp":"2025-11-18T16:15:11.758302Z","level":"info","event":"_download_pdf - Pdf downloaded from : https://assets.scriptslug.com/live/pdf/scripts/secret-window-2004.pdf?v=1729114986","logger":"root","filename":"ingestion_dag_3.py","lineno":180}
{"timestamp":"2025-11-18T16:15:44.184236Z","level":"info","event":"_download_pdf - Pdf downloaded from : https://assets.scriptslug.com/live/pdf/scripts/selena-1997.pdf?v=1729114986","logger":"root","filename":"ingestion_dag_3.py","lineno":180}
{"timestamp":"2025-11-18T16:15:45.748011Z","level":"info","event":"_download_pdf - Pdf downloaded from : https://assets.scriptslug.com/live/pdf/scripts/selma-2014.pdf?v=1729114986","logger":"root","filename":"ingestion_dag_3.py","lineno":180}
{"timestamp":"2025-11-18T16:15:46.710067Z","level":"info","event":"_download_pdf - Pdf downloaded from : https://assets.scriptslug.com/live/pdf/scripts/september-5-2024.pdf?v=1738463295","logger":"root","filename":"ingestion_dag_3.py","lineno":180}
{"timestamp":"2025-11-18T16:15:48.153942Z","level":"info","event":"_download_pdf - Pdf downloaded from : https://assets.scriptslug.com/live/pdf/scripts/serenity-2005.pdf?v=1729114986","logger":"root","filename":"ingestion_dag_3.py","lineno":180}
{"timestamp":"2025-11-18T16:15:49.054046Z","level":"info","event":"_download_pdf - Pdf downloaded from : https://assets.scriptslug.com/live/pdf/scripts/serenity-2019.pdf?v=1729114987","logger":"root","filename":"ingestion_dag_3.py","lineno":180}
{"timestamp":"2025-11-18T16:15:50.252972Z","level":"info","event":"_download_pdf - Pdf downloaded from : https://assets.scriptslug.com/live/pdf/scripts/severance-2006.pdf?v=1729114987","logger":"root","filename":"ingestion_dag_3.py","lineno":180}
{"timestamp":"2025-11-18T16:15:51.170634Z","level":"info","event":"_download_pdf - Pdf downloaded from : https://assets.scriptslug.com/live/pdf/scripts/sex-drive-2008.pdf?v=1729114987","logger":"root","filename":"ingestion_dag_3.py","lineno":180}
{"timestamp":"2025-11-18T16:15:54.108947Z","level":"info","event":"_download_pdf - Pdf downloaded from : https://assets.scriptslug.com/live/pdf/scripts/sex-lies-and-videotape-1992.pdf?v=1729114987","logger":"root","filename":"ingestion_dag_3.py","lineno":180}
{"timestamp":"2025-11-18T16:15:55.015711Z","level":"info","event":"_download_pdf - Pdf downloaded from : https://assets.scriptslug.com/live/pdf/scripts/shakespeare-in-love-1987.pdf?v=1729114987","logger":"root","filename":"ingestion_dag_3.py","lineno":180}
{"timestamp":"2025-11-18T16:15:55.894713Z","level":"info","event":"_download_pdf - Pdf downloaded from : https://assets.scriptslug.com/live/pdf/scripts/shame-2011.pdf?v=1729114988","logger":"root","filename":"ingestion_dag_3.py","lineno":180}
{"timestamp":"2025-11-18T16:15:59.929998Z","level":"info","event":"_download_pdf - Pdf downloaded from : https://assets.scriptslug.com/live/pdf/scripts/sharkys-machine-1981.pdf?v=1729114988","logger":"root","filename":"ingestion_dag_3.py","lineno":180}
{"timestamp":"2025-11-18T16:16:01.042636Z","level":"info","event":"_download_pdf - Pdf downloaded from : https://assets.scriptslug.com/live/pdf/scripts/shaun-of-the-dead-2004.pdf?v=1729114988","logger":"root","filename":"ingestion_dag_3.py","lineno":180}
{"timestamp":"2025-11-18T16:16:01.978206Z","level":"info","event":"_download_pdf - Pdf downloaded from : https://assets.scriptslug.com/live/pdf/scripts/shayda-2023.pdf?v=1729114988","logger":"root","filename":"ingestion_dag_3.py","lineno":180}
{"timestamp":"2025-11-18T16:16:03.477809Z","level":"info","event":"_download_pdf - Pdf downloaded from : https://assets.scriptslug.com/live/pdf/scripts/she-said-2022.pdf?v=1729114988","logger":"root","filename":"ingestion_dag_3.py","lineno":180}
{"timestamp":"2025-11-18T16:16:04.597997Z","level":"info","event":"_download_pdf - Pdf downloaded from : https://assets.scriptslug.com/live/pdf/scripts/sherlock-holmes-2009.pdf?v=1729114988","logger":"root","filename":"ingestion_dag_3.py","lineno":180}
{"timestamp":"2025-11-18T16:16:05.548521Z","level":"info","event":"_download_pdf - Pdf downloaded from : https://assets.scriptslug.com/live/pdf/scripts/short-term-12-2013.pdf?v=1729114989","logger":"root","filename":"ingestion_dag_3.py","lineno":180}
{"timestamp":"2025-11-18T16:16:06.279968Z","level":"info","event":"_download_pdf - Pdf downloaded from : https://assets.scriptslug.com/live/pdf/scripts/shortcomings-2023.pdf?v=1729114989","logger":"root","filename":"ingestion_dag_3.py","lineno":180}
{"timestamp":"2025-11-18T16:16:09.091330Z","level":"info","event":"_download_pdf - Pdf downloaded from : https://assets.scriptslug.com/live/pdf/scripts/showgirls-1995.pdf?v=1729114989","logger":"root","filename":"ingestion_dag_3.py","lineno":180}
{"timestamp":"2025-11-18T16:16:11.090083Z","level":"info","event":"_download_pdf - Pdf downloaded from : https://assets.scriptslug.com/live/pdf/scripts/shrek-2001.pdf?v=1729114989","logger":"root","filename":"ingestion_dag_3.py","lineno":180}
{"timestamp":"2025-11-18T16:16:12.131326Z","level":"info","event":"_download_pdf - Pdf downloaded from : https://assets.scriptslug.com/live/pdf/scripts/shrek-the-third-2007.pdf?v=1729114989","logger":"root","filename":"ingestion_dag_3.py","lineno":180}
{"timestamp":"2025-11-18T16:16:19.932715Z","level":"info","event":"_download_pdf - Pdf downloaded from : https://assets.scriptslug.com/live/pdf/scripts/shutter-island-2010.pdf?v=1729114989","logger":"root","filename":"ingestion_dag_3.py","lineno":180}
{"timestamp":"2025-11-18T16:16:20.715774Z","level":"info","event":"_download_pdf - Pdf downloaded from : https://assets.scriptslug.com/live/pdf/scripts/sicario-2015.pdf?v=1729114989","logger":"root","filename":"ingestion_dag_3.py","lineno":180}
{"timestamp":"2025-11-18T16:16:21.643837Z","level":"info","event":"_download_pdf - Pdf downloaded from : https://assets.scriptslug.com/live/pdf/scripts/sicario-day-of-soldado-2015.pdf?v=1729114989","logger":"root","filename":"ingestion_dag_3.py","lineno":180}
{"timestamp":"2025-11-18T16:16:23.764304Z","level":"info","event":"_download_pdf - Pdf downloaded from : https://assets.scriptslug.com/live/pdf/scripts/side-effects-2013.pdf?v=1729114989","logger":"root","filename":"ingestion_dag_3.py","lineno":180}
{"timestamp":"2025-11-18T16:16:26.335575Z","level":"info","event":"_download_pdf - Pdf downloaded from : https://assets.scriptslug.com/live/pdf/scripts/signs-2002.pdf?v=1729114990","logger":"root","filename":"ingestion_dag_3.py","lineno":180}
{"timestamp":"2025-11-18T16:16:26.964724Z","level":"info","event":"_download_pdf - Pdf downloaded from : https://assets.scriptslug.com/live/pdf/scripts/silence-2016.pdf?v=1729114990","logger":"root","filename":"ingestion_dag_3.py","lineno":180}
{"timestamp":"2025-11-18T16:16:32.542516Z","level":"info","event":"_download_pdf - Pdf downloaded from : https://assets.scriptslug.com/live/pdf/scripts/silkwood-1983.pdf?v=1729114990","logger":"root","filename":"ingestion_dag_3.py","lineno":180}
{"timestamp":"2025-11-18T16:16:42.216245Z","level":"info","event":"_download_pdf - Pdf downloaded from : https://assets.scriptslug.com/live/pdf/scripts/silverado-1985.pdf?v=1729114990","logger":"root","filename":"ingestion_dag_3.py","lineno":180}
{"timestamp":"2025-11-18T16:16:43.390341Z","level":"info","event":"_download_pdf - Pdf downloaded from : https://assets.scriptslug.com/live/pdf/scripts/sing-2016.pdf?v=1729114990","logger":"root","filename":"ingestion_dag_3.py","lineno":180}
{"timestamp":"2025-11-18T16:16:43.946681Z","level":"info","event":"_download_pdf - Pdf downloaded from : https://assets.scriptslug.com/live/pdf/scripts/sing-sing-2024.pdf?v=1738464550","logger":"root","filename":"ingestion_dag_3.py","lineno":180}
{"timestamp":"2025-11-18T16:16:44.688092Z","level":"info","event":"_download_pdf - Pdf downloaded from : https://assets.scriptslug.com/live/pdf/scripts/sing-street-2016.pdf?v=1729114990","logger":"root","filename":"ingestion_dag_3.py","lineno":180}
{"timestamp":"2025-11-18T16:16:50.163163Z","level":"info","event":"_download_pdf - Pdf downloaded from : https://assets.scriptslug.com/live/pdf/scripts/singin-in-the-rain-1982.pdf?v=1729114990","logger":"root","filename":"ingestion_dag_3.py","lineno":180}
{"timestamp":"2025-11-18T16:16:52.554911Z","level":"info","event":"_download_pdf - Pdf downloaded from : https://assets.scriptslug.com/live/pdf/scripts/sixteen-candles-1984.pdf?v=1729114991","logger":"root","filename":"ingestion_dag_3.py","lineno":180}
{"timestamp":"2025-11-18T16:16:53.255544Z","level":"info","event":"_download_pdf - Pdf downloaded from : https://assets.scriptslug.com/live/pdf/scripts/skyfall-2012.pdf?v=1729114991","logger":"root","filename":"ingestion_dag_3.py","lineno":180}
{"timestamp":"2025-11-18T16:16:54.015638Z","level":"info","event":"_download_pdf - Pdf downloaded from : https://assets.scriptslug.com/live/pdf/scripts/skyscraper-2018.pdf?v=1729114991","logger":"root","filename":"ingestion_dag_3.py","lineno":180}
{"timestamp":"2025-11-18T16:16:57.118403Z","level":"info","event":"_download_pdf - Pdf downloaded from : https://assets.scriptslug.com/live/pdf/scripts/sleepers-1996.pdf?v=1729114991","logger":"root","filename":"ingestion_dag_3.py","lineno":180}
{"timestamp":"2025-11-18T16:17:00.201675Z","level":"info","event":"_download_pdf - Pdf downloaded from : https://assets.scriptslug.com/live/pdf/scripts/sleepless-in-seatlle-1993.pdf?v=1729114991","logger":"root","filename":"ingestion_dag_3.py","lineno":180}
{"timestamp":"2025-11-18T16:17:00.846681Z","level":"info","event":"_download_pdf - Pdf downloaded from : https://assets.scriptslug.com/live/pdf/scripts/sleepy-hollow-1999.pdf?v=1729114991","logger":"root","filename":"ingestion_dag_3.py","lineno":180}
{"timestamp":"2025-11-18T16:17:02.355723Z","level":"info","event":"_download_pdf - Pdf downloaded from : https://assets.scriptslug.com/live/pdf/scripts/slender-man-2018.pdf?v=1729114992","logger":"root","filename":"ingestion_dag_3.py","lineno":180}
{"timestamp":"2025-11-18T16:17:05.304010Z","level":"info","event":"_download_pdf - Pdf downloaded from : https://assets.scriptslug.com/live/pdf/scripts/sliver-1993.pdf?v=1729114992","logger":"root","filename":"ingestion_dag_3.py","lineno":180}
{"timestamp":"2025-11-18T16:17:10.719610Z","level":"info","event":"_download_pdf - Pdf downloaded from : https://assets.scriptslug.com/live/pdf/scripts/snake-eyes-1998.pdf?v=1729114992","logger":"root","filename":"ingestion_dag_3.py","lineno":180}
{"timestamp":"2025-11-18T16:17:11.729444Z","level":"info","event":"_download_pdf - Pdf downloaded from : https://assets.scriptslug.com/live/pdf/scripts/snatch-2000.pdf?v=1729114992","logger":"root","filename":"ingestion_dag_3.py","lineno":180}
{"timestamp":"2025-11-18T16:17:14.975386Z","level":"info","event":"_download_pdf - Pdf downloaded from : https://assets.scriptslug.com/live/pdf/scripts/show-white-and-the-huntsman-2012.pdf?v=1729114989","logger":"root","filename":"ingestion_dag_3.py","lineno":180}
{"timestamp":"2025-11-18T16:17:16.182481Z","level":"info","event":"_download_pdf - Pdf downloaded from : https://assets.scriptslug.com/live/pdf/scripts/snowpiercer-2013.pdf?v=1729114992","logger":"root","filename":"ingestion_dag_3.py","lineno":180}
{"timestamp":"2025-11-18T16:17:20.593398Z","level":"info","event":"_download_pdf - Pdf downloaded from : https://assets.scriptslug.com/live/pdf/scripts/so-i-married-an-axe-murderer-1993.pdf?v=1729114992","logger":"root","filename":"ingestion_dag_3.py","lineno":180}
{"timestamp":"2025-11-18T16:17:21.385207Z","level":"info","event":"_download_pdf - Pdf downloaded from : https://assets.scriptslug.com/live/pdf/scripts/solaris-2002.pdf?v=1729114992","logger":"root","filename":"ingestion_dag_3.py","lineno":180}
{"timestamp":"2025-11-18T16:17:26.170431Z","level":"info","event":"_download_pdf - Pdf downloaded from : https://assets.scriptslug.com/live/pdf/scripts/something-wicked-this-way-comes-1983.pdf?v=1729114993","logger":"root","filename":"ingestion_dag_3.py","lineno":180}
{"timestamp":"2025-11-18T16:17:27.332916Z","level":"info","event":"_download_pdf - Pdf downloaded from : https://assets.scriptslug.com/live/pdf/scripts/somethings-gotta-give-2003.pdf?v=1729114993","logger":"root","filename":"ingestion_dag_3.py","lineno":180}
{"timestamp":"2025-11-18T16:17:31.353356Z","level":"info","event":"_download_pdf - Pdf downloaded from : https://assets.scriptslug.com/live/pdf/scripts/sorry-to-bother-you-2018.pdf?v=1729114993","logger":"root","filename":"ingestion_dag_3.py","lineno":180}
{"timestamp":"2025-11-18T16:17:32.441456Z","level":"info","event":"_download_pdf - Pdf downloaded from : https://assets.scriptslug.com/live/pdf/scripts/soul-2020.pdf?v=1729114993","logger":"root","filename":"ingestion_dag_3.py","lineno":180}
{"timestamp":"2025-11-18T16:17:33.582428Z","level":"info","event":"_download_pdf - Pdf downloaded from : https://assets.scriptslug.com/live/pdf/scripts/sound-of-metal-2019.pdf?v=1729114993","logger":"root","filename":"ingestion_dag_3.py","lineno":180}
{"timestamp":"2025-11-18T16:18:04.736759Z","level":"info","event":"_download_pdf - Pdf downloaded from : https://assets.scriptslug.com/live/pdf/scripts/soylent-green-1973.pdf?v=1729114993","logger":"root","filename":"ingestion_dag_3.py","lineno":180}
{"timestamp":"2025-11-18T16:18:06.020971Z","level":"info","event":"_download_pdf - Pdf downloaded from : https://assets.scriptslug.com/live/pdf/scripts/space-cowboys-2000.pdf?v=1729114993","logger":"root","filename":"ingestion_dag_3.py","lineno":180}
{"timestamp":"2025-11-18T16:18:16.052127Z","level":"info","event":"_download_pdf - Pdf downloaded from : https://assets.scriptslug.com/live/pdf/scripts/spaceballs-1987.pdf?v=1729114994","logger":"root","filename":"ingestion_dag_3.py","lineno":180}
{"timestamp":"2025-11-18T16:18:44.506279Z","level":"info","event":"_download_pdf - Pdf downloaded from : https://assets.scriptslug.com/live/pdf/scripts/spartacus-1960.pdf?v=1729114994","logger":"root","filename":"ingestion_dag_3.py","lineno":180}
{"timestamp":"2025-11-18T16:18:47.388253Z","level":"info","event":"_download_pdf - Pdf downloaded from : https://assets.scriptslug.com/live/pdf/scripts/spawn-1997.pdf?v=1729114994","logger":"root","filename":"ingestion_dag_3.py","lineno":180}
{"timestamp":"2025-11-18T16:18:58.117891Z","level":"info","event":"_download_pdf - Pdf downloaded from : https://assets.scriptslug.com/live/pdf/scripts/spectre-2015.pdf?v=1729114994","logger":"root","filename":"ingestion_dag_3.py","lineno":180}
{"timestamp":"2025-11-18T16:18:58.781683Z","level":"info","event":"_download_pdf - Pdf downloaded from : https://assets.scriptslug.com/live/pdf/scripts/speed-1994.pdf?v=1729114995","logger":"root","filename":"ingestion_dag_3.py","lineno":180}
{"timestamp":"2025-11-18T16:19:09.915647Z","level":"info","event":"_download_pdf - Pdf downloaded from : https://assets.scriptslug.com/live/pdf/scripts/speed-racer-2008.pdf?v=1729114995","logger":"root","filename":"ingestion_dag_3.py","lineno":180}
{"timestamp":"2025-11-18T16:19:11.167153Z","level":"info","event":"_download_pdf - Pdf downloaded from : https://assets.scriptslug.com/live/pdf/scripts/spencer-2021.pdf?v=1729114995","logger":"root","filename":"ingestion_dag_3.py","lineno":180}
{"timestamp":"2025-11-18T16:19:30.040218Z","level":"info","event":"_download_pdf - Pdf downloaded from : https://assets.scriptslug.com/live/pdf/scripts/spider-man-2002.pdf?v=1729114995","logger":"root","filename":"ingestion_dag_3.py","lineno":180}
{"timestamp":"2025-11-18T16:19:31.002256Z","level":"info","event":"_download_pdf - Pdf downloaded from : https://assets.scriptslug.com/live/pdf/scripts/spider-man-2-2004.pdf?v=1729114995","logger":"root","filename":"ingestion_dag_3.py","lineno":180}
{"timestamp":"2025-11-18T16:19:32.244929Z","level":"info","event":"_download_pdf - Pdf downloaded from : https://assets.scriptslug.com/live/pdf/scripts/spider-man-across-the-spider-verse-2023.pdf?v=1729114995","logger":"root","filename":"ingestion_dag_3.py","lineno":180}
{"timestamp":"2025-11-18T16:19:33.027161Z","level":"info","event":"_download_pdf - Pdf downloaded from : https://assets.scriptslug.com/live/pdf/scripts/spider-man-into-the-spider-verse-2018.pdf?v=1729114995","logger":"root","filename":"ingestion_dag_3.py","lineno":180}
{"timestamp":"2025-11-18T16:19:33.846442Z","level":"info","event":"_download_pdf - Pdf downloaded from : https://assets.scriptslug.com/live/pdf/scripts/spider-man-no-way-home-2021.pdf?v=1729114995","logger":"root","filename":"ingestion_dag_3.py","lineno":180}
{"timestamp":"2025-11-18T16:19:34.662958Z","level":"info","event":"_download_pdf - Pdf downloaded from : https://assets.scriptslug.com/live/pdf/scripts/splice-2009.pdf?v=1729114995","logger":"root","filename":"ingestion_dag_3.py","lineno":180}
{"timestamp":"2025-11-18T16:19:35.509013Z","level":"info","event":"_download_pdf - Pdf downloaded from : https://assets.scriptslug.com/live/pdf/scripts/spotlight-2015.pdf?v=1729114995","logger":"root","filename":"ingestion_dag_3.py","lineno":180}
{"timestamp":"2025-11-18T16:19:37.654294Z","level":"info","event":"_download_pdf - Pdf downloaded from : https://assets.scriptslug.com/live/pdf/scripts/spring-breakers-2013.pdf?v=1729114996","logger":"root","filename":"ingestion_dag_3.py","lineno":180}
{"timestamp":"2025-11-18T16:19:44.718647Z","level":"info","event":"_download_pdf - Pdf downloaded from : https://assets.scriptslug.com/live/pdf/scripts/spy-kids-2001.pdf?v=1729114996","logger":"root","filename":"ingestion_dag_3.py","lineno":180}
{"timestamp":"2025-11-18T16:19:46.098217Z","level":"info","event":"_download_pdf - Pdf downloaded from : https://assets.scriptslug.com/live/pdf/scripts/stagecoach-1939.pdf?v=1729114996","logger":"root","filename":"ingestion_dag_3.py","lineno":180}
{"timestamp":"2025-11-18T16:19:47.445147Z","level":"info","event":"_download_pdf - Pdf downloaded from : https://assets.scriptslug.com/live/pdf/scripts/stan-and-ollie-2018.pdf?v=1729114996","logger":"root","filename":"ingestion_dag_3.py","lineno":180}
{"timestamp":"2025-11-18T16:19:54.249193Z","level":"info","event":"_download_pdf - Pdf downloaded from : https://assets.scriptslug.com/live/pdf/scripts/stand-by-me-1986.pdf?v=1729114996","logger":"root","filename":"ingestion_dag_3.py","lineno":180}
{"timestamp":"2025-11-18T16:19:58.650436Z","level":"info","event":"_download_pdf - Pdf downloaded from : https://assets.scriptslug.com/live/pdf/scripts/star-trek-2009.pdf?v=1729114996","logger":"root","filename":"ingestion_dag_3.py","lineno":180}
{"timestamp":"2025-11-18T16:19:59.176090Z","level":"info","event":"_download_pdf - Pdf downloaded from : https://assets.scriptslug.com/live/pdf/scripts/star-trek-ii-the-wrath-of-kahn-1982.pdf?v=1729114997","logger":"root","filename":"ingestion_dag_3.py","lineno":180}
{"timestamp":"2025-11-18T16:20:00.165581Z","level":"info","event":"_download_pdf - Pdf downloaded from : https://assets.scriptslug.com/live/pdf/scripts/star-trek-iii-the-search-for-spock-1984.pdf?v=1729114997","logger":"root","filename":"ingestion_dag_3.py","lineno":180}
{"timestamp":"2025-11-18T16:20:01.208133Z","level":"info","event":"_download_pdf - Pdf downloaded from : https://assets.scriptslug.com/live/pdf/scripts/star-trek-iv-the-voyage-home-1986.pdf?v=1729114997","logger":"root","filename":"ingestion_dag_3.py","lineno":180}
{"timestamp":"2025-11-18T16:20:06.777981Z","level":"info","event":"_download_pdf - Pdf downloaded from : https://assets.scriptslug.com/live/pdf/scripts/star-trek-vi-the-undiscovered-country-1991.pdf?v=1729114997","logger":"root","filename":"ingestion_dag_3.py","lineno":180}
{"timestamp":"2025-11-18T16:20:15.933281Z","level":"info","event":"_download_pdf - Pdf downloaded from : https://assets.scriptslug.com/live/pdf/scripts/star-trek-first-contact-1996.pdf?v=1729114996","logger":"root","filename":"ingestion_dag_3.py","lineno":180}
{"timestamp":"2025-11-18T16:20:21.121554Z","level":"info","event":"_download_pdf - Pdf downloaded from : https://assets.scriptslug.com/live/pdf/scripts/star-trek-generations-1994.pdf?v=1729114996","logger":"root","filename":"ingestion_dag_3.py","lineno":180}
{"timestamp":"2025-11-18T16:20:24.556088Z","level":"info","event":"_download_pdf - Pdf downloaded from : https://assets.scriptslug.com/live/pdf/scripts/star-trek-insurrection-1998.pdf?v=1729114997","logger":"root","filename":"ingestion_dag_3.py","lineno":180}
{"timestamp":"2025-11-18T16:20:27.982183Z","level":"info","event":"_download_pdf - Pdf downloaded from : https://assets.scriptslug.com/live/pdf/scripts/star-trek-nemesis-2002.pdf?v=1729114997","logger":"root","filename":"ingestion_dag_3.py","lineno":180}
{"timestamp":"2025-11-18T16:20:28.819211Z","level":"info","event":"_download_pdf - Pdf downloaded from : https://assets.scriptslug.com/live/pdf/scripts/star-trek-the-motion-picture-1979.pdf?v=1729114997","logger":"root","filename":"ingestion_dag_3.py","lineno":180}
{"timestamp":"2025-11-18T16:20:30.148480Z","level":"info","event":"_download_pdf - Pdf downloaded from : https://assets.scriptslug.com/live/pdf/scripts/star-trek-v-the-final-frontier-1989.pdf?v=1729114997","logger":"root","filename":"ingestion_dag_3.py","lineno":180}
{"timestamp":"2025-11-18T16:20:36.065792Z","level":"info","event":"_download_pdf - Pdf downloaded from : https://assets.scriptslug.com/live/pdf/scripts/star-wars-episode-ii-attack-of-the-clones-2002.pdf?v=1729114998","logger":"root","filename":"ingestion_dag_3.py","lineno":180}
{"timestamp":"2025-11-18T16:20:38.481017Z","level":"info","event":"_download_pdf - Pdf downloaded from : https://assets.scriptslug.com/live/pdf/scripts/star-wars-episode-iii-revenge-of-the-sith-2005.pdf?v=1729114998","logger":"root","filename":"ingestion_dag_3.py","lineno":180}
{"timestamp":"2025-11-18T16:20:38.954463Z","level":"info","event":"_download_pdf - Pdf downloaded from : https://assets.scriptslug.com/live/pdf/scripts/star-wars-episode-iv-a-new-hope-1977.pdf?v=1729114998","logger":"root","filename":"ingestion_dag_3.py","lineno":180}
{"timestamp":"2025-11-18T16:20:40.514685Z","level":"info","event":"_download_pdf - Pdf downloaded from : https://assets.scriptslug.com/live/pdf/scripts/star-wars-episode-vi-return-of-the-jedi-1983.pdf?v=1729114998","logger":"root","filename":"ingestion_dag_3.py","lineno":180}
{"timestamp":"2025-11-18T16:20:45.636716Z","level":"info","event":"_download_pdf - Pdf downloaded from : https://assets.scriptslug.com/live/pdf/scripts/star-wars-episode-i-the-phantom-menace-1999.pdf?v=1729114997","logger":"root","filename":"ingestion_dag_3.py","lineno":180}
{"timestamp":"2025-11-18T16:20:46.038034Z","level":"info","event":"_download_pdf - Pdf downloaded from : https://assets.scriptslug.com/live/pdf/scripts/star-wars-episode-v-the-empire-strikes-back-1980.pdf?v=1729114998","logger":"root","filename":"ingestion_dag_3.py","lineno":180}
{"timestamp":"2025-11-18T16:20:47.018019Z","level":"info","event":"_download_pdf - Pdf downloaded from : https://assets.scriptslug.com/live/pdf/scripts/star-wars-episode-vii-the-force-awakens-2015.pdf?v=1729114998","logger":"root","filename":"ingestion_dag_3.py","lineno":180}
{"timestamp":"2025-11-18T16:20:49.671616Z","level":"info","event":"_download_pdf - Pdf downloaded from : https://assets.scriptslug.com/live/pdf/scripts/stardust-2007.pdf?v=1729114998","logger":"root","filename":"ingestion_dag_3.py","lineno":180}
{"timestamp":"2025-11-18T16:20:55.668209Z","level":"info","event":"_download_pdf - Pdf downloaded from : https://assets.scriptslug.com/live/pdf/scripts/stargate-1994.pdf?v=1729114998","logger":"root","filename":"ingestion_dag_3.py","lineno":180}
{"timestamp":"2025-11-18T16:21:00.888837Z","level":"info","event":"_download_pdf - Pdf downloaded from : https://assets.scriptslug.com/live/pdf/scripts/state-of-grace-1983.pdf?v=1729114998","logger":"root","filename":"ingestion_dag_3.py","lineno":180}
{"timestamp":"2025-11-18T16:21:01.691029Z","level":"info","event":"_download_pdf - Pdf downloaded from : https://assets.scriptslug.com/live/pdf/scripts/state-of-play-2009.pdf?v=1729114999","logger":"root","filename":"ingestion_dag_3.py","lineno":180}
{"timestamp":"2025-11-18T16:21:03.260214Z","level":"info","event":"_download_pdf - Pdf downloaded from : https://assets.scriptslug.com/live/pdf/scripts/step-brothers-2008.pdf?v=1729114999","logger":"root","filename":"ingestion_dag_3.py","lineno":180}
{"timestamp":"2025-11-18T16:21:04.258162Z","level":"info","event":"_download_pdf - Pdf downloaded from : https://assets.scriptslug.com/live/pdf/scripts/stepmom-1998.pdf?v=1729114999","logger":"root","filename":"ingestion_dag_3.py","lineno":180}
{"timestamp":"2025-11-18T16:21:05.527868Z","level":"info","event":"_download_pdf - Pdf downloaded from : https://assets.scriptslug.com/live/pdf/scripts/steve-jobs-2015.pdf?v=1729114999","logger":"root","filename":"ingestion_dag_3.py","lineno":180}
{"timestamp":"2025-11-18T16:21:50.668459Z","level":"info","event":"_download_pdf - Pdf downloaded from : https://assets.scriptslug.com/live/pdf/scripts/stir-of-echoes-1999.pdf?v=1729114999","logger":"root","filename":"ingestion_dag_3.py","lineno":180}
{"timestamp":"2025-11-18T16:21:54.783885Z","level":"info","event":"_download_pdf - Pdf downloaded from : https://assets.scriptslug.com/live/pdf/scripts/stoker-2013.pdf?v=1729114999","logger":"root","filename":"ingestion_dag_3.py","lineno":180}
{"timestamp":"2025-11-18T16:21:55.138661Z","level":"info","event":"_download_pdf - Pdf downloaded from : https://assets.scriptslug.com/live/pdf/scripts/storm-2019.pdf?v=1738890775","logger":"root","filename":"ingestion_dag_3.py","lineno":180}
{"timestamp":"2025-11-18T16:21:56.313164Z","level":"info","event":"_download_pdf - Pdf downloaded from : https://assets.scriptslug.com/live/pdf/scripts/straight-outta-compoton-2015.pdf?v=1729114999","logger":"root","filename":"ingestion_dag_3.py","lineno":180}
{"timestamp":"2025-11-18T16:21:57.066118Z","level":"info","event":"_download_pdf - Pdf downloaded from : https://assets.scriptslug.com/live/pdf/scripts/strange-days-1995.pdf?v=1729114999","logger":"root","filename":"ingestion_dag_3.py","lineno":180}
{"timestamp":"2025-11-18T16:21:59.218378Z","level":"info","event":"_download_pdf - Pdf downloaded from : https://assets.scriptslug.com/live/pdf/scripts/stranger-than-fiction-2006.pdf?v=1729114999","logger":"root","filename":"ingestion_dag_3.py","lineno":180}
{"timestamp":"2025-11-18T16:22:00.744045Z","level":"info","event":"_download_pdf - Pdf downloaded from : https://assets.scriptslug.com/live/pdf/scripts/stranger-than-paradise-1984.pdf?v=1729115000","logger":"root","filename":"ingestion_dag_3.py","lineno":180}
{"timestamp":"2025-11-18T16:22:01.238572Z","level":"info","event":"_download_pdf - Pdf downloaded from : https://assets.scriptslug.com/live/pdf/scripts/strangers-on-a-train-1959.pdf?v=1729115000","logger":"root","filename":"ingestion_dag_3.py","lineno":180}
{"timestamp":"2025-11-18T16:22:02.039865Z","level":"info","event":"_download_pdf - Pdf downloaded from : https://assets.scriptslug.com/live/pdf/scripts/strawberry-mansion-2021.pdf?v=1729115000","logger":"root","filename":"ingestion_dag_3.py","lineno":180}
{"timestamp":"2025-11-18T16:22:05.155073Z","level":"info","event":"_download_pdf - Pdf downloaded from : https://assets.scriptslug.com/live/pdf/scripts/street-smart-1987.pdf?v=1729115000","logger":"root","filename":"ingestion_dag_3.py","lineno":180}
{"timestamp":"2025-11-18T16:22:05.866426Z","level":"info","event":"_download_pdf - Pdf downloaded from : https://assets.scriptslug.com/live/pdf/scripts/stuber-2019.pdf?v=1729115000","logger":"root","filename":"ingestion_dag_3.py","lineno":180}
{"timestamp":"2025-11-18T16:22:07.869947Z","level":"info","event":"_download_pdf - Pdf downloaded from : https://assets.scriptslug.com/live/pdf/scripts/submarine-2010.pdf?v=1729115001","logger":"root","filename":"ingestion_dag_3.py","lineno":180}
{"timestamp":"2025-11-18T16:22:08.680350Z","level":"info","event":"_download_pdf - Pdf downloaded from : https://assets.scriptslug.com/live/pdf/scripts/suburbicon-2017.pdf?v=1729115001","logger":"root","filename":"ingestion_dag_3.py","lineno":180}
{"timestamp":"2025-11-18T16:22:10.540522Z","level":"info","event":"_download_pdf - Pdf downloaded from : https://assets.scriptslug.com/live/pdf/scripts/suffragette-2015.pdf?v=1729115001","logger":"root","filename":"ingestion_dag_3.py","lineno":180}
{"timestamp":"2025-11-18T16:22:22.039407Z","level":"info","event":"_download_pdf - Pdf downloaded from : https://assets.scriptslug.com/live/pdf/scripts/suicide-squad-2016.pdf?v=1729115001","logger":"root","filename":"ingestion_dag_3.py","lineno":180}
{"timestamp":"2025-11-18T16:22:23.140429Z","level":"info","event":"_download_pdf - Pdf downloaded from : https://assets.scriptslug.com/live/pdf/scripts/sully-2016.pdf?v=1729115001","logger":"root","filename":"ingestion_dag_3.py","lineno":180}
{"timestamp":"2025-11-18T16:22:26.418076Z","level":"info","event":"_download_pdf - Pdf downloaded from : https://assets.scriptslug.com/live/pdf/scripts/sunshine-2007.pdf?v=1729115002","logger":"root","filename":"ingestion_dag_3.py","lineno":180}
{"timestamp":"2025-11-18T16:22:26.959097Z","level":"info","event":"_download_pdf - Pdf downloaded from : https://assets.scriptslug.com/live/pdf/scripts/super-2010.pdf?v=1729115002","logger":"root","filename":"ingestion_dag_3.py","lineno":180}
{"timestamp":"2025-11-18T16:22:28.341639Z","level":"info","event":"_download_pdf - Pdf downloaded from : https://assets.scriptslug.com/live/pdf/scripts/super-8-2011.pdf?v=1729115002","logger":"root","filename":"ingestion_dag_3.py","lineno":180}
{"timestamp":"2025-11-18T16:22:28.990256Z","level":"info","event":"_download_pdf - Pdf downloaded from : https://assets.scriptslug.com/live/pdf/scripts/super-dark-times-2017.pdf?v=1729115002","logger":"root","filename":"ingestion_dag_3.py","lineno":180}
{"timestamp":"2025-11-18T16:22:40.344342Z","level":"info","event":"_download_pdf - Pdf downloaded from : https://assets.scriptslug.com/live/pdf/scripts/super-mario-bros-1993.pdf?v=1729115002","logger":"root","filename":"ingestion_dag_3.py","lineno":180}
{"timestamp":"2025-11-18T16:22:41.556858Z","level":"info","event":"_download_pdf - Pdf downloaded from : https://assets.scriptslug.com/live/pdf/scripts/superbad-2007.pdf?v=1729115002","logger":"root","filename":"ingestion_dag_3.py","lineno":180}
{"timestamp":"2025-11-18T16:22:42.285132Z","level":"info","event":"_download_pdf - Pdf downloaded from : https://assets.scriptslug.com/live/pdf/scripts/superman-1978.pdf?v=1729115002","logger":"root","filename":"ingestion_dag_3.py","lineno":180}
{"timestamp":"2025-11-18T16:22:46.116047Z","level":"info","event":"_download_pdf - Pdf downloaded from : https://assets.scriptslug.com/live/pdf/scripts/surrogates-2009.pdf?v=1729115002","logger":"root","filename":"ingestion_dag_3.py","lineno":180}
{"timestamp":"2025-11-18T16:22:46.699932Z","level":"info","event":"_download_pdf - Pdf downloaded from : https://assets.scriptslug.com/live/pdf/scripts/suspiria-2018.pdf?v=1729115002","logger":"root","filename":"ingestion_dag_3.py","lineno":180}
{"timestamp":"2025-11-18T16:22:47.374205Z","level":"info","event":"_download_pdf - Pdf downloaded from : https://assets.scriptslug.com/live/pdf/scripts/swan-song-2021.pdf?v=1729115003","logger":"root","filename":"ingestion_dag_3.py","lineno":180}
{"timestamp":"2025-11-18T16:22:48.208343Z","level":"info","event":"_download_pdf - Pdf downloaded from : https://assets.scriptslug.com/live/pdf/scripts/sweeney-todd-the-demon-barber-of-fleet-street-2007.pdf?v=1729115003","logger":"root","filename":"ingestion_dag_3.py","lineno":180}
{"timestamp":"2025-11-18T16:23:10.715719Z","level":"info","event":"_download_pdf - Pdf downloaded from : https://assets.scriptslug.com/live/pdf/scripts/sweet-smell-of-success-1957.pdf?v=1729115003","logger":"root","filename":"ingestion_dag_3.py","lineno":180}
{"timestamp":"2025-11-18T16:23:11.214481Z","level":"info","event":"_download_pdf - Pdf downloaded from : https://assets.scriptslug.com/live/pdf/scripts/swingers-1996.pdf?v=1729115003","logger":"root","filename":"ingestion_dag_3.py","lineno":180}
{"timestamp":"2025-11-18T16:23:12.235774Z","level":"info","event":"_download_pdf - Pdf downloaded from : https://assets.scriptslug.com/live/pdf/scripts/swiss-army-main-2016.pdf?v=1729115003","logger":"root","filename":"ingestion_dag_3.py","lineno":180}
{"timestamp":"2025-11-18T16:23:13.158088Z","level":"info","event":"_download_pdf - Pdf downloaded from : https://assets.scriptslug.com/live/pdf/scripts/synecdoche-new-york-2008.pdf?v=1729115003","logger":"root","filename":"ingestion_dag_3.py","lineno":180}
{"timestamp":"2025-11-18T16:23:14.273484Z","level":"info","event":"_download_pdf - Pdf downloaded from : https://assets.scriptslug.com/live/pdf/scripts/take-shelter-2011.pdf?v=1729115003","logger":"root","filename":"ingestion_dag_3.py","lineno":180}
{"timestamp":"2025-11-18T16:23:15.838013Z","level":"info","event":"_download_pdf - Pdf downloaded from : https://assets.scriptslug.com/live/pdf/scripts/talkin-dirty-after-dark-1991.pdf?v=1729115003","logger":"root","filename":"ingestion_dag_3.py","lineno":180}
{"timestamp":"2025-11-18T16:23:30.932461Z","level":"info","event":"_download_pdf - Pdf downloaded from : https://assets.scriptslug.com/live/pdf/scripts/talladega-nights-2006.pdf?v=1729115003","logger":"root","filename":"ingestion_dag_3.py","lineno":180}
{"timestamp":"2025-11-18T16:23:35.692658Z","level":"info","event":"_download_pdf - Pdf downloaded from : https://assets.scriptslug.com/live/pdf/scripts/tango-and-cash-1989.pdf?v=1729115003","logger":"root","filename":"ingestion_dag_3.py","lineno":180}
{"timestamp":"2025-11-18T16:23:38.097315Z","level":"info","event":"_download_pdf - Pdf downloaded from : https://assets.scriptslug.com/live/pdf/scripts/taxi-driver-1976.pdf?v=1729115004","logger":"root","filename":"ingestion_dag_3.py","lineno":180}
{"timestamp":"2025-11-18T16:23:44.003029Z","level":"info","event":"_download_pdf - Pdf downloaded from : https://assets.scriptslug.com/live/pdf/scripts/team-america-world-police-2004.pdf?v=1729115004","logger":"root","filename":"ingestion_dag_3.py","lineno":180}
{"timestamp":"2025-11-18T16:23:44.702736Z","level":"info","event":"_download_pdf - Pdf downloaded from : https://assets.scriptslug.com/live/pdf/scripts/ted-2012.pdf?v=1729115004","logger":"root","filename":"ingestion_dag_3.py","lineno":180}
{"timestamp":"2025-11-18T16:23:46.859776Z","level":"info","event":"_download_pdf - Pdf downloaded from : https://assets.scriptslug.com/live/pdf/scripts/teen-wolf-1985.pdf?v=1729115004","logger":"root","filename":"ingestion_dag_3.py","lineno":180}
{"timestamp":"2025-11-18T16:23:47.264761Z","level":"info","event":"_download_pdf - Pdf downloaded from : https://assets.scriptslug.com/live/pdf/scripts/teenage-mutant-ninja-turtles-mutant-mayhem-2023.pdf?v=1729115004","logger":"root","filename":"ingestion_dag_3.py","lineno":180}
{"timestamp":"2025-11-18T16:23:48.065955Z","level":"info","event":"_download_pdf - Pdf downloaded from : https://assets.scriptslug.com/live/pdf/scripts/tenet-2020.pdf?v=1729115005","logger":"root","filename":"ingestion_dag_3.py","lineno":180}
{"timestamp":"2025-11-18T16:23:50.975425Z","level":"info","event":"_download_pdf - Pdf downloaded from : https://assets.scriptslug.com/live/pdf/scripts/tequila-sunrise-1988.pdf?v=1729115005","logger":"root","filename":"ingestion_dag_3.py","lineno":180}
{"timestamp":"2025-11-18T16:23:51.936696Z","level":"info","event":"_download_pdf - Pdf downloaded from : https://assets.scriptslug.com/live/pdf/scripts/terminator-2-judgement-day-1991.pdf?v=1729115005","logger":"root","filename":"ingestion_dag_3.py","lineno":180}
{"timestamp":"2025-11-18T16:23:56.730085Z","level":"info","event":"_download_pdf - Pdf downloaded from : https://assets.scriptslug.com/live/pdf/scripts/terminator-genisys-2015.pdf?v=1729115005","logger":"root","filename":"ingestion_dag_3.py","lineno":180}
{"timestamp":"2025-11-18T16:23:57.334773Z","level":"info","event":"_download_pdf - Pdf downloaded from : https://assets.scriptslug.com/live/pdf/scripts/terminator-salvation-2009.pdf?v=1729115005","logger":"root","filename":"ingestion_dag_3.py","lineno":180}
{"timestamp":"2025-11-18T16:23:59.580386Z","level":"info","event":"_download_pdf - Pdf downloaded from : https://assets.scriptslug.com/live/pdf/scripts/terms-of-endearment-1983.pdf?v=1729115005","logger":"root","filename":"ingestion_dag_3.py","lineno":180}
{"timestamp":"2025-11-18T16:24:01.428128Z","level":"info","event":"_download_pdf - Pdf downloaded from : https://assets.scriptslug.com/live/pdf/scripts/40-year-old-virgin-2005.pdf?v=1729114849","logger":"root","filename":"ingestion_dag_3.py","lineno":180}
{"timestamp":"2025-11-18T16:24:02.501986Z","level":"info","event":"_download_pdf - Pdf downloaded from : https://assets.scriptslug.com/live/pdf/scripts/the-a-team-2010.pdf?v=1729115005","logger":"root","filename":"ingestion_dag_3.py","lineno":180}
{"timestamp":"2025-11-18T16:24:03.197031Z","level":"info","event":"_download_pdf - Pdf downloaded from : https://assets.scriptslug.com/live/pdf/scripts/the-abyss-1989.pdf?v=1729115005","logger":"root","filename":"ingestion_dag_3.py","lineno":180}
{"timestamp":"2025-11-18T16:24:07.583504Z","level":"info","event":"_download_pdf - Pdf downloaded from : https://assets.scriptslug.com/live/pdf/scripts/the-accidental-tourist-1988.pdf?v=1729115006","logger":"root","filename":"ingestion_dag_3.py","lineno":180}
{"timestamp":"2025-11-18T16:24:10.853567Z","level":"info","event":"_download_pdf - Pdf downloaded from : https://assets.scriptslug.com/live/pdf/scripts/the-accountant-2016.pdf?v=1729115006","logger":"root","filename":"ingestion_dag_3.py","lineno":180}
{"timestamp":"2025-11-18T16:24:11.866968Z","level":"info","event":"_download_pdf - Pdf downloaded from : https://assets.scriptslug.com/live/pdf/scripts/the-addams-family-1991.pdf?v=1729115006","logger":"root","filename":"ingestion_dag_3.py","lineno":180}
{"timestamp":"2025-11-18T16:24:14.162835Z","level":"info","event":"_download_pdf - Pdf downloaded from : https://assets.scriptslug.com/live/pdf/scripts/the-adjustment-bureau-2011.pdf?v=1729115006","logger":"root","filename":"ingestion_dag_3.py","lineno":180}
{"timestamp":"2025-11-18T16:24:14.998270Z","level":"info","event":"_download_pdf - Pdf downloaded from : https://assets.scriptslug.com/live/pdf/scripts/the-adventures-of-ford-fairlane-1990.pdf?v=1729115006","logger":"root","filename":"ingestion_dag_3.py","lineno":180}
{"timestamp":"2025-11-18T16:24:20.096751Z","level":"info","event":"_download_pdf - Pdf downloaded from : https://assets.scriptslug.com/live/pdf/scripts/the-adventures-of-tintin-2011.pdf?v=1729115006","logger":"root","filename":"ingestion_dag_3.py","lineno":180}
{"timestamp":"2025-11-18T16:24:21.936374Z","level":"info","event":"_download_pdf - Pdf downloaded from : https://assets.scriptslug.com/live/pdf/scripts/the-african-queen-1951.pdf?v=1729115006","logger":"root","filename":"ingestion_dag_3.py","lineno":180}
{"timestamp":"2025-11-18T16:24:22.890720Z","level":"info","event":"_download_pdf - Pdf downloaded from : https://assets.scriptslug.com/live/pdf/scripts/the-american-2010.pdf?v=1729115006","logger":"root","filename":"ingestion_dag_3.py","lineno":180}
{"timestamp":"2025-11-18T16:24:23.374224Z","level":"info","event":"_download_pdf - Pdf downloaded from : https://assets.scriptslug.com/live/pdf/scripts/the-american-president-1995.pdf?v=1729115007","logger":"root","filename":"ingestion_dag_3.py","lineno":180}
{"timestamp":"2025-11-18T16:24:28.416491Z","level":"info","event":"_download_pdf - Pdf downloaded from : https://assets.scriptslug.com/live/pdf/scripts/the-amityville-horror-1979.pdf?v=1729115007","logger":"root","filename":"ingestion_dag_3.py","lineno":180}
{"timestamp":"2025-11-18T16:24:28.992303Z","level":"info","event":"_download_pdf - Pdf downloaded from : https://assets.scriptslug.com/live/pdf/scripts/the-apartment-1960.pdf?v=1729115007","logger":"root","filename":"ingestion_dag_3.py","lineno":180}
{"timestamp":"2025-11-18T16:24:30.267601Z","level":"info","event":"_download_pdf - Pdf downloaded from : https://assets.scriptslug.com/live/pdf/scripts/the-artist-2011.pdf?v=1729115007","logger":"root","filename":"ingestion_dag_3.py","lineno":180}
{"timestamp":"2025-11-18T16:24:30.794854Z","level":"info","event":"_download_pdf - Pdf downloaded from : https://assets.scriptslug.com/live/pdf/scripts/the-avengers-2012.pdf?v=1729115007","logger":"root","filename":"ingestion_dag_3.py","lineno":180}
{"timestamp":"2025-11-18T16:24:34.501704Z","level":"info","event":"_download_pdf - Pdf downloaded from : https://assets.scriptslug.com/live/pdf/scripts/the-aviator-2004.pdf?v=1729115007","logger":"root","filename":"ingestion_dag_3.py","lineno":180}
{"timestamp":"2025-11-18T16:24:35.139150Z","level":"info","event":"_download_pdf - Pdf downloaded from : https://assets.scriptslug.com/live/pdf/scripts/the-babadook-2011.pdf?v=1729115007","logger":"root","filename":"ingestion_dag_3.py","lineno":180}
{"timestamp":"2025-11-18T16:24:35.840454Z","level":"info","event":"_download_pdf - Pdf downloaded from : https://assets.scriptslug.com/live/pdf/scripts/the-babysitter-2017.pdf?v=1729115007","logger":"root","filename":"ingestion_dag_3.py","lineno":180}
{"timestamp":"2025-11-18T16:24:38.022006Z","level":"info","event":"_download_pdf - Pdf downloaded from : https://assets.scriptslug.com/live/pdf/scripts/the-ballad-of-buster-scruggs-2018.pdf?v=1729115007","logger":"root","filename":"ingestion_dag_3.py","lineno":180}
{"timestamp":"2025-11-18T16:24:39.446918Z","level":"info","event":"_download_pdf - Pdf downloaded from : https://assets.scriptslug.com/live/pdf/scripts/the-banshees-of-inisherin-2022.pdf?v=1729115007","logger":"root","filename":"ingestion_dag_3.py","lineno":180}
{"timestamp":"2025-11-18T16:24:42.910447Z","level":"info","event":"_download_pdf - Pdf downloaded from : https://assets.scriptslug.com/live/pdf/scripts/the-batman-2022.pdf?v=1729115008","logger":"root","filename":"ingestion_dag_3.py","lineno":180}
{"timestamp":"2025-11-18T16:24:43.721353Z","level":"info","event":"_download_pdf - Pdf downloaded from : https://assets.scriptslug.com/live/pdf/scripts/the-beach-bum-2019.pdf?v=1729115008","logger":"root","filename":"ingestion_dag_3.py","lineno":180}
{"timestamp":"2025-11-18T16:24:44.201330Z","level":"info","event":"_download_pdf - Pdf downloaded from : https://assets.scriptslug.com/live/pdf/scripts/the-beekeeper-2024.pdf?v=1729115008","logger":"root","filename":"ingestion_dag_3.py","lineno":180}
{"timestamp":"2025-11-18T16:24:45.794907Z","level":"info","event":"_download_pdf - Pdf downloaded from : https://assets.scriptslug.com/live/pdf/scripts/the-beguiled-1971.pdf?v=1729115008","logger":"root","filename":"ingestion_dag_3.py","lineno":180}
{"timestamp":"2025-11-18T16:24:46.265802Z","level":"info","event":"_download_pdf - Pdf downloaded from : https://assets.scriptslug.com/live/pdf/scripts/the-beguiled-2017.pdf?v=1729115008","logger":"root","filename":"ingestion_dag_3.py","lineno":180}
{"timestamp":"2025-11-18T16:24:46.854726Z","level":"info","event":"_download_pdf - Pdf downloaded from : https://assets.scriptslug.com/live/pdf/scripts/the-bfg-2016.pdf?v=1729115008","logger":"root","filename":"ingestion_dag_3.py","lineno":180}
{"timestamp":"2025-11-18T16:24:49.406817Z","level":"info","event":"_download_pdf - Pdf downloaded from : https://assets.scriptslug.com/live/pdf/scripts/the-big-chill-1983.pdf?v=1729115008","logger":"root","filename":"ingestion_dag_3.py","lineno":180}
{"timestamp":"2025-11-18T16:24:55.770930Z","level":"info","event":"_download_pdf - Pdf downloaded from : https://assets.scriptslug.com/live/pdf/scripts/the-big-easy-1986.pdf?v=1729115008","logger":"root","filename":"ingestion_dag_3.py","lineno":180}
{"timestamp":"2025-11-18T16:24:58.698936Z","level":"info","event":"_download_pdf - Pdf downloaded from : https://assets.scriptslug.com/live/pdf/scripts/the-big-lebowski-2004.pdf?v=1729115008","logger":"root","filename":"ingestion_dag_3.py","lineno":180}
{"timestamp":"2025-11-18T16:24:59.494456Z","level":"info","event":"_download_pdf - Pdf downloaded from : https://assets.scriptslug.com/live/pdf/scripts/the-big-short-2015.pdf?v=1729115009","logger":"root","filename":"ingestion_dag_3.py","lineno":180}
{"timestamp":"2025-11-18T16:25:00.386911Z","level":"info","event":"_download_pdf - Pdf downloaded from : https://assets.scriptslug.com/live/pdf/scripts/the-big-sick-2017.pdf?v=1729115009","logger":"root","filename":"ingestion_dag_3.py","lineno":180}
{"timestamp":"2025-11-18T16:25:04.844033Z","level":"info","event":"_download_pdf - Pdf downloaded from : https://assets.scriptslug.com/live/pdf/scripts/the-birdcage-1996.pdf?v=1729115009","logger":"root","filename":"ingestion_dag_3.py","lineno":180}
{"timestamp":"2025-11-18T16:25:05.359424Z","level":"info","event":"_download_pdf - Pdf downloaded from : https://assets.scriptslug.com/live/pdf/scripts/the-birds-1963.pdf?v=1729115009","logger":"root","filename":"ingestion_dag_3.py","lineno":180}
{"timestamp":"2025-11-18T16:25:07.852775Z","level":"info","event":"_download_pdf - Pdf downloaded from : https://assets.scriptslug.com/live/pdf/scripts/the-birth-of-a-nation-2016.pdf?v=1729115009","logger":"root","filename":"ingestion_dag_3.py","lineno":180}
{"timestamp":"2025-11-18T16:25:08.443339Z","level":"info","event":"_download_pdf - Pdf downloaded from : https://assets.scriptslug.com/live/pdf/scripts/bling-ring-2013.pdf?v=1729114874","logger":"root","filename":"ingestion_dag_3.py","lineno":180}
{"timestamp":"2025-11-18T16:25:12.070592Z","level":"info","event":"_download_pdf - Pdf downloaded from : https://assets.scriptslug.com/live/pdf/scripts/the-blob-1988.pdf?v=1729115009","logger":"root","filename":"ingestion_dag_3.py","lineno":180}
{"timestamp":"2025-11-18T16:25:12.633858Z","level":"info","event":"_download_pdf - Pdf downloaded from : https://assets.scriptslug.com/live/pdf/scripts/the-blues-brothers-1980.pdf?v=1729115009","logger":"root","filename":"ingestion_dag_3.py","lineno":180}
{"timestamp":"2025-11-18T16:25:13.414318Z","level":"info","event":"_download_pdf - Pdf downloaded from : https://assets.scriptslug.com/live/pdf/scripts/the-bodyguard-1992.pdf?v=1729115009","logger":"root","filename":"ingestion_dag_3.py","lineno":180}
{"timestamp":"2025-11-18T16:25:14.041584Z","level":"info","event":"_download_pdf - Pdf downloaded from : https://assets.scriptslug.com/live/pdf/scripts/the-bonfire-of-the-vanities-1990.pdf?v=1729115009","logger":"root","filename":"ingestion_dag_3.py","lineno":180}
{"timestamp":"2025-11-18T16:25:15.071969Z","level":"info","event":"_download_pdf - Pdf downloaded from : https://assets.scriptslug.com/live/pdf/scripts/boondock-saints-1999.pdf?v=1729114876","logger":"root","filename":"ingestion_dag_3.py","lineno":180}
{"timestamp":"2025-11-18T16:25:16.141368Z","level":"info","event":"_download_pdf - Pdf downloaded from : https://assets.scriptslug.com/live/pdf/scripts/the-boondock-saints-ii-all-saints-day-2009.pdf?v=1729115010","logger":"root","filename":"ingestion_dag_3.py","lineno":180}
{"timestamp":"2025-11-18T16:25:16.745314Z","level":"info","event":"_download_pdf - Pdf downloaded from : https://assets.scriptslug.com/live/pdf/scripts/the-boss-baby-family-business-2021.pdf?v=1729115010","logger":"root","filename":"ingestion_dag_3.py","lineno":180}
{"timestamp":"2025-11-18T16:25:17.478515Z","level":"info","event":"_download_pdf - Pdf downloaded from : https://assets.scriptslug.com/live/pdf/scripts/the-bourne-identity-2002.pdf?v=1729115010","logger":"root","filename":"ingestion_dag_3.py","lineno":180}
{"timestamp":"2025-11-18T16:25:18.019333Z","level":"info","event":"_download_pdf - Pdf downloaded from : https://assets.scriptslug.com/live/pdf/scripts/the-bourne-supremacy-2004.pdf?v=1729115010","logger":"root","filename":"ingestion_dag_3.py","lineno":180}
{"timestamp":"2025-11-18T16:25:18.566922Z","level":"info","event":"_download_pdf - Pdf downloaded from : https://assets.scriptslug.com/live/pdf/scripts/the-bourne-ultimatum-2007.pdf?v=1729115010","logger":"root","filename":"ingestion_dag_3.py","lineno":180}
{"timestamp":"2025-11-18T16:25:19.843434Z","level":"info","event":"_download_pdf - Pdf downloaded from : https://assets.scriptslug.com/live/pdf/scripts/the-boxtrolls-2014.pdf?v=1729115010","logger":"root","filename":"ingestion_dag_3.py","lineno":180}
{"timestamp":"2025-11-18T16:25:21.123088Z","level":"info","event":"_download_pdf - Pdf downloaded from : https://assets.scriptslug.com/live/pdf/scripts/the-boy-2016.pdf?v=1729115010","logger":"root","filename":"ingestion_dag_3.py","lineno":180}
{"timestamp":"2025-11-18T16:25:24.322965Z","level":"info","event":"_download_pdf - Pdf downloaded from : https://assets.scriptslug.com/live/pdf/scripts/the-brady-bunch-movie-1995.pdf?v=1729115010","logger":"root","filename":"ingestion_dag_3.py","lineno":180}
{"timestamp":"2025-11-18T16:25:24.963995Z","level":"info","event":"_download_pdf - Pdf downloaded from : https://assets.scriptslug.com/live/pdf/scripts/the-breakfast-club-1985.pdf?v=1729115010","logger":"root","filename":"ingestion_dag_3.py","lineno":180}
{"timestamp":"2025-11-18T16:25:25.761582Z","level":"info","event":"_download_pdf - Pdf downloaded from : https://assets.scriptslug.com/live/pdf/scripts/the-brothers-bloom-2008.pdf?v=1729115011","logger":"root","filename":"ingestion_dag_3.py","lineno":180}
{"timestamp":"2025-11-18T16:25:26.364907Z","level":"info","event":"_download_pdf - Pdf downloaded from : https://assets.scriptslug.com/live/pdf/scripts/the-brutalist-2024.pdf?v=1738462790","logger":"root","filename":"ingestion_dag_3.py","lineno":180}
{"timestamp":"2025-11-18T16:25:29.352810Z","level":"info","event":"_download_pdf - Pdf downloaded from : https://assets.scriptslug.com/live/pdf/scripts/the-burbs-1989.pdf?v=1729115011","logger":"root","filename":"ingestion_dag_3.py","lineno":180}
{"timestamp":"2025-11-18T16:25:30.380286Z","level":"info","event":"_download_pdf - Pdf downloaded from : https://assets.scriptslug.com/live/pdf/scripts/the-burial-2023.pdf?v=1729115011","logger":"root","filename":"ingestion_dag_3.py","lineno":180}
{"timestamp":"2025-11-18T16:25:32.711532Z","level":"info","event":"_download_pdf - Pdf downloaded from : https://assets.scriptslug.com/live/pdf/scripts/the-cabin-in-the-woods-2012.pdf?v=1729114881","logger":"root","filename":"ingestion_dag_3.py","lineno":180}
{"timestamp":"2025-11-18T16:25:33.803444Z","level":"info","event":"_download_pdf - Pdf downloaded from : https://assets.scriptslug.com/live/pdf/scripts/the-card-counter-2021.pdf?v=1729115011","logger":"root","filename":"ingestion_dag_3.py","lineno":180}
{"timestamp":"2025-11-18T16:25:34.511901Z","level":"info","event":"_download_pdf - Pdf downloaded from : https://assets.scriptslug.com/live/pdf/scripts/the-children-of-the-corn-1984.pdf?v=1729115011","logger":"root","filename":"ingestion_dag_3.py","lineno":180}
{"timestamp":"2025-11-18T16:25:35.585308Z","level":"info","event":"_download_pdf - Pdf downloaded from : https://assets.scriptslug.com/live/pdf/scripts/the-civil-dead-2022.pdf?v=1729115011","logger":"root","filename":"ingestion_dag_3.py","lineno":180}
{"timestamp":"2025-11-18T16:25:38.736085Z","level":"info","event":"_download_pdf - Pdf downloaded from : https://assets.scriptslug.com/live/pdf/scripts/the-color-purple-1985.pdf?v=1729115011","logger":"root","filename":"ingestion_dag_3.py","lineno":180}
{"timestamp":"2025-11-18T16:25:39.402982Z","level":"info","event":"_download_pdf - Pdf downloaded from : https://assets.scriptslug.com/live/pdf/scripts/the-color-purple-2023.pdf?v=1729115011","logger":"root","filename":"ingestion_dag_3.py","lineno":180}
{"timestamp":"2025-11-18T16:25:41.293071Z","level":"info","event":"_download_pdf - Pdf downloaded from : https://assets.scriptslug.com/live/pdf/scripts/the-comedian-2016.pdf?v=1729115011","logger":"root","filename":"ingestion_dag_3.py","lineno":180}
{"timestamp":"2025-11-18T16:25:42.588929Z","level":"info","event":"_download_pdf - Pdf downloaded from : https://assets.scriptslug.com/live/pdf/scripts/the-conjuring-2013.pdf?v=1729115012","logger":"root","filename":"ingestion_dag_3.py","lineno":180}
{"timestamp":"2025-11-18T16:25:44.589630Z","level":"info","event":"_download_pdf - Pdf downloaded from : https://assets.scriptslug.com/live/pdf/scripts/the-conversation-1974.pdf?v=1729115012","logger":"root","filename":"ingestion_dag_3.py","lineno":180}
{"timestamp":"2025-11-18T16:25:47.626553Z","level":"info","event":"_download_pdf - Pdf downloaded from : https://assets.scriptslug.com/live/pdf/scripts/the-cotton-club-1984.pdf?v=1729115012","logger":"root","filename":"ingestion_dag_3.py","lineno":180}
{"timestamp":"2025-11-18T16:25:51.629313Z","level":"info","event":"_download_pdf - Pdf downloaded from : https://assets.scriptslug.com/live/pdf/scripts/the-craft-1996.pdf?v=1729115012","logger":"root","filename":"ingestion_dag_3.py","lineno":180}
{"timestamp":"2025-11-18T16:25:54.630619Z","level":"info","event":"_download_pdf - Pdf downloaded from : https://assets.scriptslug.com/live/pdf/scripts/the-crow-1994.pdf?v=1729115012","logger":"root","filename":"ingestion_dag_3.py","lineno":180}
{"timestamp":"2025-11-18T16:25:55.820414Z","level":"info","event":"_download_pdf - Pdf downloaded from : https://assets.scriptslug.com/live/pdf/scripts/the-curious-case-of-benjamin-button-2008.pdf?v=1729115012","logger":"root","filename":"ingestion_dag_3.py","lineno":180}
{"timestamp":"2025-11-18T16:25:58.747515Z","level":"info","event":"_download_pdf - Pdf downloaded from : https://assets.scriptslug.com/live/pdf/scripts/the-cutting-edge-1992.pdf?v=1729115012","logger":"root","filename":"ingestion_dag_3.py","lineno":180}
{"timestamp":"2025-11-18T16:25:59.386763Z","level":"info","event":"_download_pdf - Pdf downloaded from : https://assets.scriptslug.com/live/pdf/scripts/the-danish-girl-2015.pdf?v=1729115012","logger":"root","filename":"ingestion_dag_3.py","lineno":180}
{"timestamp":"2025-11-18T16:26:00.164313Z","level":"info","event":"_download_pdf - Pdf downloaded from : https://assets.scriptslug.com/live/pdf/scripts/the-dark-knight-2008.pdf?v=1729115013","logger":"root","filename":"ingestion_dag_3.py","lineno":180}
{"timestamp":"2025-11-18T16:26:00.855212Z","level":"info","event":"_download_pdf - Pdf downloaded from : https://assets.scriptslug.com/live/pdf/scripts/the-dark-knight-rises-2012.pdf?v=1729115013","logger":"root","filename":"ingestion_dag_3.py","lineno":180}
{"timestamp":"2025-11-18T16:26:05.891710Z","level":"info","event":"_download_pdf - Pdf downloaded from : https://assets.scriptslug.com/live/pdf/scripts/the-dead-zone-1983.pdf?v=1729115013","logger":"root","filename":"ingestion_dag_3.py","lineno":180}
{"timestamp":"2025-11-18T16:26:09.098884Z","level":"info","event":"_download_pdf - Pdf downloaded from : https://assets.scriptslug.com/live/pdf/scripts/the-deer-hunter-1978.pdf?v=1729115013","logger":"root","filename":"ingestion_dag_3.py","lineno":180}
{"timestamp":"2025-11-18T16:26:09.638578Z","level":"info","event":"_download_pdf - Pdf downloaded from : https://assets.scriptslug.com/live/pdf/scripts/the-departed-2006.pdf?v=1729115013","logger":"root","filename":"ingestion_dag_3.py","lineno":180}
{"timestamp":"2025-11-18T16:26:10.522313Z","level":"info","event":"_download_pdf - Pdf downloaded from : https://assets.scriptslug.com/live/pdf/scripts/the-descendants-2011.pdf?v=1729115013","logger":"root","filename":"ingestion_dag_3.py","lineno":180}
{"timestamp":"2025-11-18T16:26:11.034590Z","level":"info","event":"_download_pdf - Pdf downloaded from : https://assets.scriptslug.com/live/pdf/scripts/the-descent-2005.pdf?v=1729115013","logger":"root","filename":"ingestion_dag_3.py","lineno":180}
{"timestamp":"2025-11-18T16:26:12.934857Z","level":"info","event":"_download_pdf - Pdf downloaded from : https://assets.scriptslug.com/live/pdf/scripts/the-devil-wears-prada-2006.pdf?v=1729115013","logger":"root","filename":"ingestion_dag_3.py","lineno":180}
{"timestamp":"2025-11-18T16:26:13.539263Z","level":"info","event":"_download_pdf - Pdf downloaded from : https://assets.scriptslug.com/live/pdf/scripts/the-devils-advocate-1997.pdf?v=1729115013","logger":"root","filename":"ingestion_dag_3.py","lineno":180}
{"timestamp":"2025-11-18T16:26:15.483536Z","level":"info","event":"_download_pdf - Pdf downloaded from : https://assets.scriptslug.com/live/pdf/scripts/the-devils-rejects-2005.pdf?v=1729115014","logger":"root","filename":"ingestion_dag_3.py","lineno":180}
{"timestamp":"2025-11-18T16:26:16.649149Z","level":"info","event":"_download_pdf - Pdf downloaded from : https://assets.scriptslug.com/live/pdf/scripts/the-disaster-artist-2017.pdf?v=1729115014","logger":"root","filename":"ingestion_dag_3.py","lineno":180}
{"timestamp":"2025-11-18T16:26:18.159477Z","level":"info","event":"_download_pdf - Pdf downloaded from : https://assets.scriptslug.com/live/pdf/scripts/the-double-2013.pdf?v=1729115014","logger":"root","filename":"ingestion_dag_3.py","lineno":180}
{"timestamp":"2025-11-18T16:26:21.988253Z","level":"info","event":"_download_pdf - Pdf downloaded from : https://assets.scriptslug.com/live/pdf/scripts/the-driver-1978.pdf?v=1729115014","logger":"root","filename":"ingestion_dag_3.py","lineno":180}
{"timestamp":"2025-11-18T16:26:22.999203Z","level":"info","event":"_download_pdf - Pdf downloaded from : https://assets.scriptslug.com/live/pdf/scripts/the-edge-of-seventeen-2016.pdf?v=1729115014","logger":"root","filename":"ingestion_dag_3.py","lineno":180}
{"timestamp":"2025-11-18T16:26:23.996173Z","level":"info","event":"_download_pdf - Pdf downloaded from : https://assets.scriptslug.com/live/pdf/scripts/the-electrical-life-of-louis-wain-2021.pdf?v=1729115014","logger":"root","filename":"ingestion_dag_3.py","lineno":180}
{"timestamp":"2025-11-18T16:26:31.192920Z","level":"info","event":"_download_pdf - Pdf downloaded from : https://assets.scriptslug.com/live/pdf/scripts/the-entity-1983.pdf?v=1729115014","logger":"root","filename":"ingestion_dag_3.py","lineno":180}
{"timestamp":"2025-11-18T16:26:31.740046Z","level":"info","event":"_download_pdf - Pdf downloaded from : https://assets.scriptslug.com/live/pdf/scripts/the-event-2022.pdf?v=1729115014","logger":"root","filename":"ingestion_dag_3.py","lineno":180}
{"timestamp":"2025-11-18T16:26:32.540260Z","level":"info","event":"_download_pdf - Pdf downloaded from : https://assets.scriptslug.com/live/pdf/scripts/the-evil-dead-1981.pdf?v=1729115014","logger":"root","filename":"ingestion_dag_3.py","lineno":180}
{"timestamp":"2025-11-18T16:26:33.390817Z","level":"info","event":"_download_pdf - Pdf downloaded from : https://assets.scriptslug.com/live/pdf/scripts/the-exorcist-1973.pdf?v=1729115014","logger":"root","filename":"ingestion_dag_3.py","lineno":180}
{"timestamp":"2025-11-18T16:26:37.643573Z","level":"info","event":"_download_pdf - Pdf downloaded from : https://assets.scriptslug.com/live/pdf/scripts/the-exorcist-iii-1990.pdf?v=1729115015","logger":"root","filename":"ingestion_dag_3.py","lineno":180}
{"timestamp":"2025-11-18T16:26:38.508414Z","level":"info","event":"_download_pdf - Pdf downloaded from : https://assets.scriptslug.com/live/pdf/scripts/the-expendables-2010.pdf?v=1729115015","logger":"root","filename":"ingestion_dag_3.py","lineno":180}
{"timestamp":"2025-11-18T16:26:39.757853Z","level":"info","event":"_download_pdf - Pdf downloaded from : https://assets.scriptslug.com/live/pdf/scripts/the-fabelmans-2022.pdf?v=1729115015","logger":"root","filename":"ingestion_dag_3.py","lineno":180}
{"timestamp":"2025-11-18T16:26:44.673227Z","level":"info","event":"_download_pdf - Pdf downloaded from : https://assets.scriptslug.com/live/pdf/scripts/the-faculty-1998.pdf?v=1729115015","logger":"root","filename":"ingestion_dag_3.py","lineno":180}
{"timestamp":"2025-11-18T16:26:45.490516Z","level":"info","event":"_download_pdf - Pdf downloaded from : https://assets.scriptslug.com/live/pdf/scripts/the-farewell-2019.pdf?v=1729115015","logger":"root","filename":"ingestion_dag_3.py","lineno":180}
{"timestamp":"2025-11-18T16:26:47.771681Z","level":"info","event":"_download_pdf - Pdf downloaded from : https://assets.scriptslug.com/live/pdf/scripts/the-fast-and-the-furious-2001.pdf?v=1729115015","logger":"root","filename":"ingestion_dag_3.py","lineno":180}
{"timestamp":"2025-11-18T16:26:48.972401Z","level":"info","event":"_download_pdf - Pdf downloaded from : https://assets.scriptslug.com/live/pdf/scripts/the-father-2020.pdf?v=1729115015","logger":"root","filename":"ingestion_dag_3.py","lineno":180}
{"timestamp":"2025-11-18T16:26:50.534510Z","level":"info","event":"_download_pdf - Pdf downloaded from : https://assets.scriptslug.com/live/pdf/scripts/the-fault-in-our-stars-2014.pdf?v=1729115015","logger":"root","filename":"ingestion_dag_3.py","lineno":180}
{"timestamp":"2025-11-18T16:26:52.940456Z","level":"info","event":"_download_pdf - Pdf downloaded from : https://assets.scriptslug.com/live/pdf/scripts/the-favourite-2018.pdf?v=1729115016","logger":"root","filename":"ingestion_dag_3.py","lineno":180}
{"timestamp":"2025-11-18T16:26:53.902057Z","level":"info","event":"_download_pdf - Pdf downloaded from : https://assets.scriptslug.com/live/pdf/scripts/the-fifth-element-1997.pdf?v=1729115016","logger":"root","filename":"ingestion_dag_3.py","lineno":180}
{"timestamp":"2025-11-18T16:26:57.038093Z","level":"info","event":"_download_pdf - Pdf downloaded from : https://assets.scriptslug.com/live/pdf/scripts/the-firm-1993.pdf?v=1729115016","logger":"root","filename":"ingestion_dag_3.py","lineno":180}
{"timestamp":"2025-11-18T16:26:57.652133Z","level":"info","event":"_download_pdf - Pdf downloaded from : https://assets.scriptslug.com/live/pdf/scripts/the-florida-project-2017.pdf?v=1729115016","logger":"root","filename":"ingestion_dag_3.py","lineno":180}
{"timestamp":"2025-11-18T16:27:01.140148Z","level":"info","event":"_download_pdf - Pdf downloaded from : https://assets.scriptslug.com/live/pdf/scripts/the-fly-1986.pdf?v=1729115016","logger":"root","filename":"ingestion_dag_3.py","lineno":180}
{"timestamp":"2025-11-18T16:27:07.187949Z","level":"info","event":"_download_pdf - Pdf downloaded from : https://assets.scriptslug.com/live/pdf/scripts/the-fly-ii-1989.pdf?v=1729115016","logger":"root","filename":"ingestion_dag_3.py","lineno":180}
{"timestamp":"2025-11-18T16:27:12.047434Z","level":"info","event":"_download_pdf - Pdf downloaded from : https://assets.scriptslug.com/live/pdf/scripts/the-fog-1980.pdf?v=1729115016","logger":"root","filename":"ingestion_dag_3.py","lineno":180}
{"timestamp":"2025-11-18T16:27:13.133859Z","level":"info","event":"_download_pdf - Pdf downloaded from : https://assets.scriptslug.com/live/pdf/scripts/the-founder-2016.pdf?v=1729115016","logger":"root","filename":"ingestion_dag_3.py","lineno":180}
{"timestamp":"2025-11-18T16:27:17.137027Z","level":"info","event":"_download_pdf - Pdf downloaded from : https://assets.scriptslug.com/live/pdf/scripts/the-fourth-kind-2009.pdf?v=1729115017","logger":"root","filename":"ingestion_dag_3.py","lineno":180}
{"timestamp":"2025-11-18T16:27:22.781685Z","level":"info","event":"_download_pdf - Pdf downloaded from : https://assets.scriptslug.com/live/pdf/scripts/the-french-connection-1971.pdf?v=1729115017","logger":"root","filename":"ingestion_dag_3.py","lineno":180}
{"timestamp":"2025-11-18T16:27:24.618636Z","level":"info","event":"_download_pdf - Pdf downloaded from : https://assets.scriptslug.com/live/pdf/scripts/the-french-dispatch-2021.pdf?v=1729115017","logger":"root","filename":"ingestion_dag_3.py","lineno":180}
{"timestamp":"2025-11-18T16:27:29.962658Z","level":"info","event":"_download_pdf - Pdf downloaded from : https://assets.scriptslug.com/live/pdf/scripts/the-frighteners-1996.pdf?v=1729115017","logger":"root","filename":"ingestion_dag_3.py","lineno":180}
{"timestamp":"2025-11-18T16:27:31.464465Z","level":"info","event":"_download_pdf - Pdf downloaded from : https://assets.scriptslug.com/live/pdf/scripts/the-front-runner-2018.pdf?v=1729115017","logger":"root","filename":"ingestion_dag_3.py","lineno":180}
{"timestamp":"2025-11-18T16:27:32.111367Z","level":"info","event":"_download_pdf - Pdf downloaded from : https://assets.scriptslug.com/live/pdf/scripts/the-gambler-2014.pdf?v=1729115017","logger":"root","filename":"ingestion_dag_3.py","lineno":180}
{"timestamp":"2025-11-18T16:27:32.708894Z","level":"info","event":"_download_pdf - Pdf downloaded from : https://assets.scriptslug.com/live/pdf/scripts/the-gentleman-2019.pdf?v=1729115017","logger":"root","filename":"ingestion_dag_3.py","lineno":180}
{"timestamp":"2025-11-18T16:27:33.513975Z","level":"info","event":"_download_pdf - Pdf downloaded from : https://assets.scriptslug.com/live/pdf/scripts/the-girl-on-the-train-2016.pdf?v=1729115017","logger":"root","filename":"ingestion_dag_3.py","lineno":180}
{"timestamp":"2025-11-18T16:27:34.892087Z","level":"info","event":"_download_pdf - Pdf downloaded from : https://assets.scriptslug.com/live/pdf/scripts/the-girl-with-the-dragon-tattoo-2011.pdf?v=1729115017","logger":"root","filename":"ingestion_dag_3.py","lineno":180}
{"timestamp":"2025-11-18T16:27:35.414395Z","level":"info","event":"_download_pdf - Pdf downloaded from : https://assets.scriptslug.com/live/pdf/scripts/the-godfather-1972.pdf?v=1729115017","logger":"root","filename":"ingestion_dag_3.py","lineno":180}
{"timestamp":"2025-11-18T16:27:36.022868Z","level":"info","event":"_download_pdf - Pdf downloaded from : https://assets.scriptslug.com/live/pdf/scripts/the-godfather-part-ii-1974.pdf?v=1729115018","logger":"root","filename":"ingestion_dag_3.py","lineno":180}
{"timestamp":"2025-11-18T16:27:42.326544Z","level":"info","event":"_download_pdf - Pdf downloaded from : https://assets.scriptslug.com/live/pdf/scripts/the-godfather-part-iii-1990.pdf?v=1729115018","logger":"root","filename":"ingestion_dag_3.py","lineno":180}
{"timestamp":"2025-11-18T16:27:43.309667Z","level":"info","event":"_download_pdf - Pdf downloaded from : https://assets.scriptslug.com/live/pdf/scripts/the-good-dinosaur-2015.pdf?v=1729115018","logger":"root","filename":"ingestion_dag_3.py","lineno":180}
{"timestamp":"2025-11-18T16:27:44.349332Z","level":"info","event":"_download_pdf - Pdf downloaded from : https://assets.scriptslug.com/live/pdf/scripts/the-good-nurse-2022.pdf?v=1729115018","logger":"root","filename":"ingestion_dag_3.py","lineno":180}
{"timestamp":"2025-11-18T16:27:49.947866Z","level":"info","event":"_download_pdf - Pdf downloaded from : https://assets.scriptslug.com/live/pdf/scripts/the-good-shepherd-2006.pdf?v=1729115019","logger":"root","filename":"ingestion_dag_3.py","lineno":180}
{"timestamp":"2025-11-18T16:27:56.342176Z","level":"info","event":"_download_pdf - Pdf downloaded from : https://assets.scriptslug.com/live/pdf/scripts/the-goodbye-girl-1977.pdf?v=1729115019","logger":"root","filename":"ingestion_dag_3.py","lineno":180}
{"timestamp":"2025-11-18T16:28:00.138376Z","level":"info","event":"_download_pdf - Pdf downloaded from : https://assets.scriptslug.com/live/pdf/scripts/the-goonies-1985.pdf?v=1729115019","logger":"root","filename":"ingestion_dag_3.py","lineno":180}
{"timestamp":"2025-11-18T16:28:00.942192Z","level":"info","event":"_download_pdf - Pdf downloaded from : https://assets.scriptslug.com/live/pdf/scripts/the-graduate-1967.pdf?v=1729115019","logger":"root","filename":"ingestion_dag_3.py","lineno":180}
{"timestamp":"2025-11-18T16:28:03.345756Z","level":"info","event":"_download_pdf - Pdf downloaded from : https://assets.scriptslug.com/live/pdf/scripts/the-grand-budapest-hotel-2014.pdf?v=1729115019","logger":"root","filename":"ingestion_dag_3.py","lineno":180}
{"timestamp":"2025-11-18T16:28:15.831041Z","level":"info","event":"_download_pdf - Pdf downloaded from : https://assets.scriptslug.com/live/pdf/scripts/the-great-escape-1963.pdf?v=1729115019","logger":"root","filename":"ingestion_dag_3.py","lineno":180}
{"timestamp":"2025-11-18T16:28:21.026101Z","level":"info","event":"_download_pdf - Pdf downloaded from : https://assets.scriptslug.com/live/pdf/scripts/the-great-muppet-caper-1981.pdf?v=1729115019","logger":"root","filename":"ingestion_dag_3.py","lineno":180}
{"timestamp":"2025-11-18T16:28:21.606681Z","level":"info","event":"_download_pdf - Pdf downloaded from : https://assets.scriptslug.com/live/pdf/scripts/the-greatest-showman-2017.pdf?v=1729115019","logger":"root","filename":"ingestion_dag_3.py","lineno":180}
{"timestamp":"2025-11-18T16:28:22.881719Z","level":"info","event":"_download_pdf - Pdf downloaded from : https://assets.scriptslug.com/live/pdf/scripts/the-grudge-2004.pdf?v=1729115019","logger":"root","filename":"ingestion_dag_3.py","lineno":180}
{"timestamp":"2025-11-18T16:28:26.098246Z","level":"info","event":"_download_pdf - Pdf downloaded from : https://assets.scriptslug.com/live/pdf/scripts/the-grudge-2020.pdf?v=1729115020","logger":"root","filename":"ingestion_dag_3.py","lineno":180}
{"timestamp":"2025-11-18T16:28:26.670362Z","level":"info","event":"_download_pdf - Pdf downloaded from : https://assets.scriptslug.com/live/pdf/scripts/the-guest-2014.pdf?v=1729115020","logger":"root","filename":"ingestion_dag_3.py","lineno":180}
{"timestamp":"2025-11-18T16:28:28.553508Z","level":"info","event":"_download_pdf - Pdf downloaded from : https://assets.scriptslug.com/live/pdf/scripts/the-hand-of-god-2021.pdf?v=1729115020","logger":"root","filename":"ingestion_dag_3.py","lineno":180}
{"timestamp":"2025-11-18T16:28:29.282255Z","level":"info","event":"_download_pdf - Pdf downloaded from : https://assets.scriptslug.com/live/pdf/scripts/the-hangover-2009.pdf?v=1729115020","logger":"root","filename":"ingestion_dag_3.py","lineno":180}
{"timestamp":"2025-11-18T16:28:30.977100Z","level":"info","event":"_download_pdf - Pdf downloaded from : https://assets.scriptslug.com/live/pdf/scripts/the-happy-prince-2018.pdf?v=1729115020","logger":"root","filename":"ingestion_dag_3.py","lineno":180}
{"timestamp":"2025-11-18T16:28:32.276710Z","level":"info","event":"_download_pdf - Pdf downloaded from : https://assets.scriptslug.com/live/pdf/scripts/the-harder-they-fall-2021.pdf?v=1729115020","logger":"root","filename":"ingestion_dag_3.py","lineno":180}
{"timestamp":"2025-11-18T16:28:42.767952Z","level":"info","event":"_download_pdf - Pdf downloaded from : https://assets.scriptslug.com/live/pdf/scripts/the-hate-u-give-2018.pdf?v=1729115021","logger":"root","filename":"ingestion_dag_3.py","lineno":180}
{"timestamp":"2025-11-18T16:28:50.822544Z","level":"info","event":"_download_pdf - Pdf downloaded from : https://assets.scriptslug.com/live/pdf/scripts/the-hateful-eight-2014.pdf?v=1729115021","logger":"root","filename":"ingestion_dag_3.py","lineno":180}
{"timestamp":"2025-11-18T16:28:53.519924Z","level":"info","event":"_download_pdf - Pdf downloaded from : https://assets.scriptslug.com/live/pdf/scripts/the-haunted-mansion-2003.pdf?v=1729115021","logger":"root","filename":"ingestion_dag_3.py","lineno":180}
{"timestamp":"2025-11-18T16:28:54.228915Z","level":"info","event":"_download_pdf - Pdf downloaded from : https://assets.scriptslug.com/live/pdf/scripts/the-help-2018.pdf?v=1729115021","logger":"root","filename":"ingestion_dag_3.py","lineno":180}
{"timestamp":"2025-11-18T16:28:54.874969Z","level":"info","event":"_download_pdf - Pdf downloaded from : https://assets.scriptslug.com/live/pdf/scripts/the-hills-have-eyes-1976.pdf?v=1729115021","logger":"root","filename":"ingestion_dag_3.py","lineno":180}
{"timestamp":"2025-11-18T16:28:57.671298Z","level":"info","event":"_download_pdf - Pdf downloaded from : https://assets.scriptslug.com/live/pdf/scripts/the-hitcher-1986.pdf?v=1729115021","logger":"root","filename":"ingestion_dag_3.py","lineno":180}
{"timestamp":"2025-11-18T16:28:58.767757Z","level":"info","event":"_download_pdf - Pdf downloaded from : https://assets.scriptslug.com/live/pdf/scripts/the-hitchhikers-guide-to-the-galaxy-2005.pdf?v=1729115021","logger":"root","filename":"ingestion_dag_3.py","lineno":180}
{"timestamp":"2025-11-18T16:28:59.796879Z","level":"info","event":"_download_pdf - Pdf downloaded from : https://assets.scriptslug.com/live/pdf/scripts/the-hitmans-bodyguard-2017.pdf?v=1729115021","logger":"root","filename":"ingestion_dag_3.py","lineno":180}
{"timestamp":"2025-11-18T16:29:00.424574Z","level":"info","event":"_download_pdf - Pdf downloaded from : https://assets.scriptslug.com/live/pdf/scripts/the-hobbit-an-unexpected-journey-scripted-2012.pdf?v=1729115021","logger":"root","filename":"ingestion_dag_3.py","lineno":180}
{"timestamp":"2025-11-18T16:29:02.128823Z","level":"info","event":"_download_pdf - Pdf downloaded from : https://assets.scriptslug.com/live/pdf/scripts/the-hobbit-the-desolation-of-smaug-2013.pdf?v=1729115022","logger":"root","filename":"ingestion_dag_3.py","lineno":180}
{"timestamp":"2025-11-18T16:29:03.184038Z","level":"info","event":"_download_pdf - Pdf downloaded from : https://assets.scriptslug.com/live/pdf/scripts/the-holdovers-2023.pdf?v=1729115022","logger":"root","filename":"ingestion_dag_3.py","lineno":180}
{"timestamp":"2025-11-18T16:29:03.985098Z","level":"info","event":"_download_pdf - Pdf downloaded from : https://assets.scriptslug.com/live/pdf/scripts/the-hole-2009.pdf?v=1729115022","logger":"root","filename":"ingestion_dag_3.py","lineno":180}
{"timestamp":"2025-11-18T16:29:05.031486Z","level":"info","event":"_download_pdf - Pdf downloaded from : https://assets.scriptslug.com/live/pdf/scripts/the-holiday-2006.pdf?v=1729115022","logger":"root","filename":"ingestion_dag_3.py","lineno":180}
{"timestamp":"2025-11-18T16:29:05.649881Z","level":"info","event":"_download_pdf - Pdf downloaded from : https://assets.scriptslug.com/live/pdf/scripts/the-hollars-2016.pdf?v=1729115022","logger":"root","filename":"ingestion_dag_3.py","lineno":180}
{"timestamp":"2025-11-18T16:29:06.890003Z","level":"info","event":"_download_pdf - Pdf downloaded from : https://assets.scriptslug.com/live/pdf/scripts/the-hours-2002.pdf?v=1729115022","logger":"root","filename":"ingestion_dag_3.py","lineno":180}
{"timestamp":"2025-11-18T16:29:09.471872Z","level":"info","event":"_download_pdf - Pdf downloaded from : https://assets.scriptslug.com/live/pdf/scripts/the-howling-1981.pdf?v=1729115022","logger":"root","filename":"ingestion_dag_3.py","lineno":180}
{"timestamp":"2025-11-18T16:29:10.040288Z","level":"info","event":"_download_pdf - Pdf downloaded from : https://assets.scriptslug.com/live/pdf/scripts/the-humans-2021.pdf?v=1729115022","logger":"root","filename":"ingestion_dag_3.py","lineno":180}
{"timestamp":"2025-11-18T16:29:10.700105Z","level":"info","event":"_download_pdf - Pdf downloaded from : https://assets.scriptslug.com/live/pdf/scripts/the-hummingbird-project-2018.pdf?v=1729115022","logger":"root","filename":"ingestion_dag_3.py","lineno":180}
{"timestamp":"2025-11-18T16:29:11.555062Z","level":"info","event":"_download_pdf - Pdf downloaded from : https://assets.scriptslug.com/live/pdf/scripts/the-hunger-games-2012.pdf?v=1729115022","logger":"root","filename":"ingestion_dag_3.py","lineno":180}
{"timestamp":"2025-11-18T16:29:20.455803Z","level":"info","event":"_download_pdf - Pdf downloaded from : https://assets.scriptslug.com/live/pdf/scripts/the-hunger-games-catching-fire-2013.pdf?v=1729115023","logger":"root","filename":"ingestion_dag_3.py","lineno":180}
{"timestamp":"2025-11-18T16:29:21.579885Z","level":"info","event":"_download_pdf - Pdf downloaded from : https://assets.scriptslug.com/live/pdf/scripts/the-hurt-locker-2008.pdf?v=1729115023","logger":"root","filename":"ingestion_dag_3.py","lineno":180}
{"timestamp":"2025-11-18T16:29:21.827245Z","level":"info","event":"_download_pdf - Pdf downloaded from : https://assets.scriptslug.com/live/pdf/scripts/the-hustler-1961.pdf?v=1729115023","logger":"root","filename":"ingestion_dag_3.py","lineno":180}
{"timestamp":"2025-11-18T16:29:22.332645Z","level":"info","event":"_download_pdf - Pdf downloaded from : https://assets.scriptslug.com/live/pdf/scripts/the-imaginarium-of-doctor-parnassus-2009.pdf?v=1729115023","logger":"root","filename":"ingestion_dag_3.py","lineno":180}
{"timestamp":"2025-11-18T16:29:22.879957Z","level":"info","event":"_download_pdf - Pdf downloaded from : https://assets.scriptslug.com/live/pdf/scripts/the-imitation-game-2014.pdf?v=1729115023","logger":"root","filename":"ingestion_dag_3.py","lineno":180}
{"timestamp":"2025-11-18T16:29:23.219057Z","level":"info","event":"_download_pdf - Pdf downloaded from : https://assets.scriptslug.com/live/pdf/scripts/the-incredible-burt-wonderstone-2013.pdf?v=1729115023","logger":"root","filename":"ingestion_dag_3.py","lineno":180}
{"timestamp":"2025-11-18T16:29:23.512578Z","level":"info","event":"_download_pdf - Pdf downloaded from : https://assets.scriptslug.com/live/pdf/scripts/the-incredible-hulk-2008.pdf?v=1729115023","logger":"root","filename":"ingestion_dag_3.py","lineno":180}
{"timestamp":"2025-11-18T16:29:24.242006Z","level":"info","event":"_download_pdf - Pdf downloaded from : https://assets.scriptslug.com/live/pdf/scripts/the-incredibles-2004.pdf?v=1729115023","logger":"root","filename":"ingestion_dag_3.py","lineno":180}
{"timestamp":"2025-11-18T16:29:25.130194Z","level":"info","event":"_download_pdf - Pdf downloaded from : https://assets.scriptslug.com/live/pdf/scripts/the-informant-2009.pdf?v=1729115023","logger":"root","filename":"ingestion_dag_3.py","lineno":180}
{"timestamp":"2025-11-18T16:29:26.044736Z","level":"info","event":"_download_pdf - Pdf downloaded from : https://assets.scriptslug.com/live/pdf/scripts/the-internship-2013.pdf?v=1729115023","logger":"root","filename":"ingestion_dag_3.py","lineno":180}
{"timestamp":"2025-11-18T16:29:29.250594Z","level":"info","event":"_download_pdf - Pdf downloaded from : https://assets.scriptslug.com/live/pdf/scripts/the-interpreter-2005.pdf?v=1729115023","logger":"root","filename":"ingestion_dag_3.py","lineno":180}
{"timestamp":"2025-11-18T16:29:29.647420Z","level":"info","event":"_download_pdf - Pdf downloaded from : https://assets.scriptslug.com/live/pdf/scripts/the-interview-2014.pdf?v=1729115024","logger":"root","filename":"ingestion_dag_3.py","lineno":180}
{"timestamp":"2025-11-18T16:29:30.743600Z","level":"info","event":"_download_pdf - Pdf downloaded from : https://assets.scriptslug.com/live/pdf/scripts/the-invisible-woman-2013.pdf?v=1729115024","logger":"root","filename":"ingestion_dag_3.py","lineno":180}
{"timestamp":"2025-11-18T16:29:31.341425Z","level":"info","event":"_download_pdf - Pdf downloaded from : https://assets.scriptslug.com/live/pdf/scripts/the-invitation-2015.pdf?v=1729115024","logger":"root","filename":"ingestion_dag_3.py","lineno":180}
{"timestamp":"2025-11-18T16:29:31.797031Z","level":"info","event":"_download_pdf - Pdf downloaded from : https://assets.scriptslug.com/live/pdf/scripts/the-irishman-2019.pdf?v=1729115024","logger":"root","filename":"ingestion_dag_3.py","lineno":180}
{"timestamp":"2025-11-18T16:29:32.095371Z","level":"info","event":"_download_pdf - Pdf downloaded from : https://assets.scriptslug.com/live/pdf/scripts/iron-claw-2023.pdf?v=1729114931","logger":"root","filename":"ingestion_dag_3.py","lineno":180}
{"timestamp":"2025-11-18T16:29:32.672703Z","level":"info","event":"_download_pdf - Pdf downloaded from : https://assets.scriptslug.com/live/pdf/scripts/the-iron-giant-1999.pdf?v=1729115024","logger":"root","filename":"ingestion_dag_3.py","lineno":180}
{"timestamp":"2025-11-18T16:29:33.044193Z","level":"info","event":"_download_pdf - Pdf downloaded from : https://assets.scriptslug.com/live/pdf/scripts/the-island-of-dr-moreau-1996.pdf?v=1729115024","logger":"root","filename":"ingestion_dag_3.py","lineno":180}
{"timestamp":"2025-11-18T16:29:34.563853Z","level":"info","event":"_download_pdf - Pdf downloaded from : https://assets.scriptslug.com/live/pdf/scripts/the-jerk-1979.pdf?v=1729115024","logger":"root","filename":"ingestion_dag_3.py","lineno":180}
{"timestamp":"2025-11-18T16:29:47.083830Z","level":"info","event":"_download_pdf - Pdf downloaded from : https://assets.scriptslug.com/live/pdf/scripts/the-jewel-of-the-nile-1985.pdf?v=1729115024","logger":"root","filename":"ingestion_dag_3.py","lineno":180}
{"timestamp":"2025-11-18T16:29:50.241753Z","level":"info","event":"_download_pdf - Pdf downloaded from : https://assets.scriptslug.com/live/pdf/scripts/the-karate-kid-part-ii-1986.pdf?v=1729115024","logger":"root","filename":"ingestion_dag_3.py","lineno":180}
{"timestamp":"2025-11-18T16:29:54.379192Z","level":"info","event":"_download_pdf - Pdf downloaded from : https://assets.scriptslug.com/live/pdf/scripts/the-karate-kid-part-iii-1989.pdf?v=1729115024","logger":"root","filename":"ingestion_dag_3.py","lineno":180}
{"timestamp":"2025-11-18T16:29:55.068457Z","level":"info","event":"_download_pdf - Pdf downloaded from : https://assets.scriptslug.com/live/pdf/scripts/the-kids-are-all-right-2010.pdf?v=1729115025","logger":"root","filename":"ingestion_dag_3.py","lineno":180}
{"timestamp":"2025-11-18T16:29:56.085643Z","level":"info","event":"_download_pdf - Pdf downloaded from : https://assets.scriptslug.com/live/pdf/scripts/the-killer-2023.pdf?v=1729115025","logger":"root","filename":"ingestion_dag_3.py","lineno":180}
{"timestamp":"2025-11-18T16:29:56.805274Z","level":"info","event":"_download_pdf - Pdf downloaded from : https://assets.scriptslug.com/live/pdf/scripts/the-killing-of-a-sacred-deer-2017.pdf?v=1729115025","logger":"root","filename":"ingestion_dag_3.py","lineno":180}
{"timestamp":"2025-11-18T16:29:57.717183Z","level":"info","event":"_download_pdf - Pdf downloaded from : https://assets.scriptslug.com/live/pdf/scripts/the-king-2019.pdf?v=1729115025","logger":"root","filename":"ingestion_dag_3.py","lineno":180}
{"timestamp":"2025-11-18T16:30:14.120651Z","level":"info","event":"_download_pdf - Pdf downloaded from : https://assets.scriptslug.com/live/pdf/scripts/the-king-of-comedy-1982.pdf?v=1729115025","logger":"root","filename":"ingestion_dag_3.py","lineno":180}
{"timestamp":"2025-11-18T16:30:14.644194Z","level":"info","event":"_download_pdf - Pdf downloaded from : https://assets.scriptslug.com/live/pdf/scripts/the-kings-speech-2010.pdf?v=1729115025","logger":"root","filename":"ingestion_dag_3.py","lineno":180}
{"timestamp":"2025-11-18T16:30:15.349824Z","level":"info","event":"_download_pdf - Pdf downloaded from : https://assets.scriptslug.com/live/pdf/scripts/the-last-boy-scout-1991.pdf?v=1729115025","logger":"root","filename":"ingestion_dag_3.py","lineno":180}
{"timestamp":"2025-11-18T16:30:18.048271Z","level":"info","event":"_download_pdf - Pdf downloaded from : https://assets.scriptslug.com/live/pdf/scripts/the-last-castle-2001.pdf?v=1729115025","logger":"root","filename":"ingestion_dag_3.py","lineno":180}
{"timestamp":"2025-11-18T16:30:20.283567Z","level":"info","event":"_download_pdf - Pdf downloaded from : https://assets.scriptslug.com/live/pdf/scripts/the-last-picture-show-1971.pdf?v=1729115025","logger":"root","filename":"ingestion_dag_3.py","lineno":180}
{"timestamp":"2025-11-18T16:30:20.911409Z","level":"info","event":"_download_pdf - Pdf downloaded from : https://assets.scriptslug.com/live/pdf/scripts/the-last-station-2009.pdf?v=1729115026","logger":"root","filename":"ingestion_dag_3.py","lineno":180}
{"timestamp":"2025-11-18T16:30:22.278531Z","level":"info","event":"_download_pdf - Pdf downloaded from : https://assets.scriptslug.com/live/pdf/scripts/the-last-temptation-of-christ-1988.pdf?v=1729115026","logger":"root","filename":"ingestion_dag_3.py","lineno":180}
{"timestamp":"2025-11-18T16:30:23.764551Z","level":"info","event":"_download_pdf - Pdf downloaded from : https://assets.scriptslug.com/live/pdf/scripts/the-legend-of-zorro-2005.pdf?v=1729115026","logger":"root","filename":"ingestion_dag_3.py","lineno":180}
{"timestamp":"2025-11-18T16:30:24.447750Z","level":"info","event":"_download_pdf - Pdf downloaded from : https://assets.scriptslug.com/live/pdf/scripts/the-lego-movie-2014.pdf?v=1729115026","logger":"root","filename":"ingestion_dag_3.py","lineno":180}
{"timestamp":"2025-11-18T16:30:24.983000Z","level":"info","event":"_download_pdf - Pdf downloaded from : https://assets.scriptslug.com/live/pdf/scripts/the-lighthouse-2019.pdf?v=1729115026","logger":"root","filename":"ingestion_dag_3.py","lineno":180}
{"timestamp":"2025-11-18T16:30:25.689682Z","level":"info","event":"_download_pdf - Pdf downloaded from : https://assets.scriptslug.com/live/pdf/scripts/the-lincoln-lawyer-2011.pdf?v=1729115026","logger":"root","filename":"ingestion_dag_3.py","lineno":180}
{"timestamp":"2025-11-18T16:30:28.703075Z","level":"info","event":"_download_pdf - Pdf downloaded from : https://assets.scriptslug.com/live/pdf/scripts/the-lion-in-the-winter-1968.pdf?v=1729115026","logger":"root","filename":"ingestion_dag_3.py","lineno":180}
{"timestamp":"2025-11-18T16:30:31.415018Z","level":"info","event":"_download_pdf - Pdf downloaded from : https://assets.scriptslug.com/live/pdf/scripts/the-lion-king-1994.pdf?v=1729115026","logger":"root","filename":"ingestion_dag_3.py","lineno":180}
{"timestamp":"2025-11-18T16:30:33.968715Z","level":"info","event":"_download_pdf - Pdf downloaded from : https://assets.scriptslug.com/live/pdf/scripts/the-little-mermaid-1989.pdf?v=1729115026","logger":"root","filename":"ingestion_dag_3.py","lineno":180}
{"timestamp":"2025-11-18T16:30:34.380721Z","level":"info","event":"_download_pdf - Pdf downloaded from : https://assets.scriptslug.com/live/pdf/scripts/the-living-daylights-1987.pdf?v=1729115027","logger":"root","filename":"ingestion_dag_3.py","lineno":180}
{"timestamp":"2025-11-18T16:30:34.806671Z","level":"info","event":"_download_pdf - Pdf downloaded from : https://assets.scriptslug.com/live/pdf/scripts/the-lobster-2015.pdf?v=1729115027","logger":"root","filename":"ingestion_dag_3.py","lineno":180}
{"timestamp":"2025-11-18T16:30:36.870214Z","level":"info","event":"_download_pdf - Pdf downloaded from : https://assets.scriptslug.com/live/pdf/scripts/the-lone-ranger-2013.pdf?v=1729115027","logger":"root","filename":"ingestion_dag_3.py","lineno":180}
{"timestamp":"2025-11-18T16:30:38.175197Z","level":"info","event":"_download_pdf - Pdf downloaded from : https://assets.scriptslug.com/live/pdf/scripts/the-long-goodbye-1973.pdf?v=1729115027","logger":"root","filename":"ingestion_dag_3.py","lineno":180}
{"timestamp":"2025-11-18T16:30:38.737605Z","level":"info","event":"_download_pdf - Pdf downloaded from : https://assets.scriptslug.com/live/pdf/scripts/the-long-kiss-goodnight-1996.pdf?v=1729115027","logger":"root","filename":"ingestion_dag_3.py","lineno":180}
{"timestamp":"2025-11-18T16:30:39.320476Z","level":"info","event":"_download_pdf - Pdf downloaded from : https://assets.scriptslug.com/live/pdf/scripts/the-lorax-2012.pdf?v=1729115027","logger":"root","filename":"ingestion_dag_3.py","lineno":180}
{"timestamp":"2025-11-18T16:30:39.647063Z","level":"info","event":"_download_pdf - Pdf downloaded from : https://assets.scriptslug.com/live/pdf/scripts/the-lord-of-the-rings-the-fellowship-of-the-ring-2001.pdf?v=1729115027","logger":"root","filename":"ingestion_dag_3.py","lineno":180}
{"timestamp":"2025-11-18T16:30:40.146956Z","level":"info","event":"_download_pdf - Pdf downloaded from : https://assets.scriptslug.com/live/pdf/scripts/the-lord-of-the-rings-the-3-return-of-the-king-2003.pdf?v=1729115027","logger":"root","filename":"ingestion_dag_3.py","lineno":180}
{"timestamp":"2025-11-18T16:30:40.483889Z","level":"info","event":"_download_pdf - Pdf downloaded from : https://assets.scriptslug.com/live/pdf/scripts/the-lord-of-the-rings-the-two-towers-2002.pdf?v=1729115027","logger":"root","filename":"ingestion_dag_3.py","lineno":180}
{"timestamp":"2025-11-18T16:30:41.120651Z","level":"info","event":"_download_pdf - Pdf downloaded from : https://assets.scriptslug.com/live/pdf/scripts/the-lost-boys-1987.pdf?v=1729115028","logger":"root","filename":"ingestion_dag_3.py","lineno":180}
{"timestamp":"2025-11-18T16:30:42.127701Z","level":"info","event":"_download_pdf - Pdf downloaded from : https://assets.scriptslug.com/live/pdf/scripts/the-lost-city-of-z-2017.pdf?v=1729115028","logger":"root","filename":"ingestion_dag_3.py","lineno":180}
{"timestamp":"2025-11-18T16:30:42.435624Z","level":"info","event":"_download_pdf - Pdf downloaded from : https://assets.scriptslug.com/live/pdf/scripts/the-lost-daughter-2021.pdf?v=1729115028","logger":"root","filename":"ingestion_dag_3.py","lineno":180}
{"timestamp":"2025-11-18T16:30:42.681093Z","level":"info","event":"_download_pdf - Pdf downloaded from : https://assets.scriptslug.com/live/pdf/scripts/the-lost-weekend-1945.pdf?v=1729115028","logger":"root","filename":"ingestion_dag_3.py","lineno":180}
{"timestamp":"2025-11-18T16:30:43.139470Z","level":"info","event":"_download_pdf - Pdf downloaded from : https://assets.scriptslug.com/live/pdf/scripts/the-lost-world-jurassic-park-1997.pdf?v=1729115028","logger":"root","filename":"ingestion_dag_3.py","lineno":180}
{"timestamp":"2025-11-18T16:30:43.608521Z","level":"info","event":"_download_pdf - Pdf downloaded from : https://assets.scriptslug.com/live/pdf/scripts/the-lunchbox-2013.pdf?v=1729115028","logger":"root","filename":"ingestion_dag_3.py","lineno":180}
{"timestamp":"2025-11-18T16:30:44.143496Z","level":"info","event":"_download_pdf - Pdf downloaded from : https://assets.scriptslug.com/live/pdf/scripts/the-majestic-2001.pdf?v=1729115028","logger":"root","filename":"ingestion_dag_3.py","lineno":180}
{"timestamp":"2025-11-18T16:30:44.370389Z","level":"info","event":"_download_pdf - Pdf downloaded from : https://assets.scriptslug.com/live/pdf/scripts/the-maltese-falcon-1941.pdf?v=1729115028","logger":"root","filename":"ingestion_dag_3.py","lineno":180}
{"timestamp":"2025-11-18T16:30:44.624830Z","level":"info","event":"_download_pdf - Pdf downloaded from : https://assets.scriptslug.com/live/pdf/scripts/the-man-from-uncle-2015.pdf?v=1729115028","logger":"root","filename":"ingestion_dag_3.py","lineno":180}
{"timestamp":"2025-11-18T16:30:45.133371Z","level":"info","event":"_download_pdf - Pdf downloaded from : https://assets.scriptslug.com/live/pdf/scripts/the-man-who-invented-christmas-2017.pdf?v=1729115029","logger":"root","filename":"ingestion_dag_3.py","lineno":180}
{"timestamp":"2025-11-18T16:30:45.675635Z","level":"info","event":"_download_pdf - Pdf downloaded from : https://assets.scriptslug.com/live/pdf/scripts/the-manchurian-candidate-2004.pdf?v=1729115029","logger":"root","filename":"ingestion_dag_3.py","lineno":180}
{"timestamp":"2025-11-18T16:30:46.009242Z","level":"info","event":"_download_pdf - Pdf downloaded from : https://assets.scriptslug.com/live/pdf/scripts/the-martian-2015.pdf?v=1729115029","logger":"root","filename":"ingestion_dag_3.py","lineno":180}
{"timestamp":"2025-11-18T16:30:46.842333Z","level":"info","event":"_download_pdf - Pdf downloaded from : https://assets.scriptslug.com/live/pdf/scripts/the-mask-1994.pdf?v=1729115029","logger":"root","filename":"ingestion_dag_3.py","lineno":180}
{"timestamp":"2025-11-18T16:30:47.201329Z","level":"info","event":"_download_pdf - Pdf downloaded from : https://assets.scriptslug.com/live/pdf/scripts/the-mask-of-zorro-1998.pdf?v=1729115029","logger":"root","filename":"ingestion_dag_3.py","lineno":180}
{"timestamp":"2025-11-18T16:30:47.907631Z","level":"info","event":"_download_pdf - Pdf downloaded from : https://assets.scriptslug.com/live/pdf/scripts/the-master-2012.pdf?v=1729115029","logger":"root","filename":"ingestion_dag_3.py","lineno":180}
{"timestamp":"2025-11-18T16:30:48.747239Z","level":"info","event":"_download_pdf - Pdf downloaded from : https://assets.scriptslug.com/live/pdf/scripts/the-matador-2005.pdf?v=1729115029","logger":"root","filename":"ingestion_dag_3.py","lineno":180}
{"timestamp":"2025-11-18T16:30:49.596572Z","level":"info","event":"_download_pdf - Pdf downloaded from : https://assets.scriptslug.com/live/pdf/scripts/the-matrix-1999.pdf?v=1729115029","logger":"root","filename":"ingestion_dag_3.py","lineno":180}
{"timestamp":"2025-11-18T16:30:50.461593Z","level":"info","event":"_download_pdf - Pdf downloaded from : https://assets.scriptslug.com/live/pdf/scripts/the-matrix-reloaded-2003.pdf?v=1729115030","logger":"root","filename":"ingestion_dag_3.py","lineno":180}
{"timestamp":"2025-11-18T16:30:51.731025Z","level":"info","event":"_download_pdf - Pdf downloaded from : https://assets.scriptslug.com/live/pdf/scripts/the-matrix-revolutions-2003.pdf?v=1729115030","logger":"root","filename":"ingestion_dag_3.py","lineno":180}
{"timestamp":"2025-11-18T16:30:52.025850Z","level":"info","event":"_download_pdf - Pdf downloaded from : https://assets.scriptslug.com/live/pdf/scripts/the-maze-runner-2014.pdf?v=1729115030","logger":"root","filename":"ingestion_dag_3.py","lineno":180}
{"timestamp":"2025-11-18T16:30:52.456732Z","level":"info","event":"_download_pdf - Pdf downloaded from : https://assets.scriptslug.com/live/pdf/scripts/the-meddler-2016.pdf?v=1729115030","logger":"root","filename":"ingestion_dag_3.py","lineno":180}
{"timestamp":"2025-11-18T16:30:53.070519Z","level":"info","event":"_download_pdf - Pdf downloaded from : https://assets.scriptslug.com/live/pdf/scripts/the-meg-2018.pdf?v=1729115030","logger":"root","filename":"ingestion_dag_3.py","lineno":180}
{"timestamp":"2025-11-18T16:30:53.756708Z","level":"info","event":"_download_pdf - Pdf downloaded from : https://assets.scriptslug.com/live/pdf/scripts/the-men-who-stare-at-goats-2009.pdf?v=1729115030","logger":"root","filename":"ingestion_dag_3.py","lineno":180}
{"timestamp":"2025-11-18T16:30:54.155949Z","level":"info","event":"_download_pdf - Pdf downloaded from : https://assets.scriptslug.com/live/pdf/scripts/the-menu-2022.pdf?v=1729115030","logger":"root","filename":"ingestion_dag_3.py","lineno":180}
{"timestamp":"2025-11-18T16:30:54.915104Z","level":"info","event":"_download_pdf - Pdf downloaded from : https://assets.scriptslug.com/live/pdf/scripts/the-midnight-sky-2020.pdf?v=1729115030","logger":"root","filename":"ingestion_dag_3.py","lineno":180}
{"timestamp":"2025-11-18T16:30:57.253958Z","level":"info","event":"_download_pdf - Pdf downloaded from : https://assets.scriptslug.com/live/pdf/scripts/the-mighty-ducks-1992.pdf?v=1729115031","logger":"root","filename":"ingestion_dag_3.py","lineno":180}
{"timestamp":"2025-11-18T16:30:57.573303Z","level":"info","event":"_download_pdf - Pdf downloaded from : https://assets.scriptslug.com/live/pdf/scripts/the-miracle-club-2023.pdf?v=1729115031","logger":"root","filename":"ingestion_dag_3.py","lineno":180}
{"timestamp":"2025-11-18T16:30:58.434060Z","level":"info","event":"_download_pdf - Pdf downloaded from : https://assets.scriptslug.com/live/pdf/scripts/the-mitchells-vs-the-machines-2021_2021-12-30-220917_rfqw.pdf?v=1729115031","logger":"root","filename":"ingestion_dag_3.py","lineno":180}
{"timestamp":"2025-11-18T16:30:58.718960Z","level":"info","event":"_download_pdf - Pdf downloaded from : https://assets.scriptslug.com/live/pdf/scripts/the-mother-2023.pdf?v=1729115031","logger":"root","filename":"ingestion_dag_3.py","lineno":180}
{"timestamp":"2025-11-18T16:30:59.657241Z","level":"info","event":"_download_pdf - Pdf downloaded from : https://assets.scriptslug.com/live/pdf/scripts/the-mummy-1999.pdf?v=1729115031","logger":"root","filename":"ingestion_dag_3.py","lineno":180}
{"timestamp":"2025-11-18T16:31:00.511853Z","level":"info","event":"_download_pdf - Pdf downloaded from : https://assets.scriptslug.com/live/pdf/scripts/the-mummy-2017.pdf?v=1729115031","logger":"root","filename":"ingestion_dag_3.py","lineno":180}
{"timestamp":"2025-11-18T16:31:02.480891Z","level":"info","event":"_download_pdf - Pdf downloaded from : https://assets.scriptslug.com/live/pdf/scripts/the-mummy-returns-2001.pdf?v=1729115031","logger":"root","filename":"ingestion_dag_3.py","lineno":180}
{"timestamp":"2025-11-18T16:31:04.096035Z","level":"info","event":"_download_pdf - Pdf downloaded from : https://assets.scriptslug.com/live/pdf/scripts/the-mummy-tomb-of-the-dragon-emperor-2008.pdf?v=1729115031","logger":"root","filename":"ingestion_dag_3.py","lineno":180}
{"timestamp":"2025-11-18T16:31:05.319864Z","level":"info","event":"_download_pdf - Pdf downloaded from : https://assets.scriptslug.com/live/pdf/scripts/the-naked-gun-2-1-2-the-smell-of-fear-1991.pdf?v=1729115031","logger":"root","filename":"ingestion_dag_3.py","lineno":180}
{"timestamp":"2025-11-18T16:31:05.965509Z","level":"info","event":"_download_pdf - Pdf downloaded from : https://assets.scriptslug.com/live/pdf/scripts/the-naked-gun-from-the-files-of-police-squad-1988.pdf?v=1729115032","logger":"root","filename":"ingestion_dag_3.py","lineno":180}
{"timestamp":"2025-11-18T16:31:06.870108Z","level":"info","event":"_download_pdf - Pdf downloaded from : https://assets.scriptslug.com/live/pdf/scripts/the-neon-demon-2016.pdf?v=1729115032","logger":"root","filename":"ingestion_dag_3.py","lineno":180}
{"timestamp":"2025-11-18T16:31:07.361513Z","level":"info","event":"_download_pdf - Pdf downloaded from : https://assets.scriptslug.com/live/pdf/scripts/the-nice-guys-2016.pdf?v=1729115032","logger":"root","filename":"ingestion_dag_3.py","lineno":180}
{"timestamp":"2025-11-18T16:31:07.785698Z","level":"info","event":"_download_pdf - Pdf downloaded from : https://assets.scriptslug.com/live/pdf/scripts/the-night-house-2020.pdf?v=1729115032","logger":"root","filename":"ingestion_dag_3.py","lineno":180}
{"timestamp":"2025-11-18T16:31:08.320958Z","level":"info","event":"_download_pdf - Pdf downloaded from : https://assets.scriptslug.com/live/pdf/scripts/the-nightmare-before-christmas-1993.pdf?v=1729115033","logger":"root","filename":"ingestion_dag_3.py","lineno":180}
{"timestamp":"2025-11-18T16:31:09.151164Z","level":"info","event":"_download_pdf - Pdf downloaded from : https://assets.scriptslug.com/live/pdf/scripts/the-nines-2007.pdf?v=1729115033","logger":"root","filename":"ingestion_dag_3.py","lineno":180}
{"timestamp":"2025-11-18T16:31:09.877589Z","level":"info","event":"_download_pdf - Pdf downloaded from : https://assets.scriptslug.com/live/pdf/scripts/the-northman-2022.pdf?v=1729115033","logger":"root","filename":"ingestion_dag_3.py","lineno":180}
{"timestamp":"2025-11-18T16:31:10.325130Z","level":"info","event":"_download_pdf - Pdf downloaded from : https://assets.scriptslug.com/live/pdf/scripts/the-nun-2018.pdf?v=1729115033","logger":"root","filename":"ingestion_dag_3.py","lineno":180}
{"timestamp":"2025-11-18T16:31:10.901657Z","level":"info","event":"_download_pdf - Pdf downloaded from : https://assets.scriptslug.com/live/pdf/scripts/the-nutty-professor-1995.pdf?v=1729115033","logger":"root","filename":"ingestion_dag_3.py","lineno":180}
{"timestamp":"2025-11-18T16:31:11.319928Z","level":"info","event":"_download_pdf - Pdf downloaded from : https://assets.scriptslug.com/live/pdf/scripts/the-old-man-and-the-gun-2018.pdf?v=1729115033","logger":"root","filename":"ingestion_dag_3.py","lineno":180}
{"timestamp":"2025-11-18T16:31:12.937725Z","level":"info","event":"_download_pdf - Pdf downloaded from : https://assets.scriptslug.com/live/pdf/scripts/the-omen-1976.pdf?v=1729115033","logger":"root","filename":"ingestion_dag_3.py","lineno":180}
{"timestamp":"2025-11-18T16:31:13.570362Z","level":"info","event":"_download_pdf - Pdf downloaded from : https://assets.scriptslug.com/live/pdf/scripts/the-other-guys-2010.pdf?v=1729115033","logger":"root","filename":"ingestion_dag_3.py","lineno":180}
{"timestamp":"2025-11-18T16:31:14.112212Z","level":"info","event":"_download_pdf - Pdf downloaded from : https://assets.scriptslug.com/live/pdf/scripts/the-other-side-of-the-wind-2018.pdf?v=1729115033","logger":"root","filename":"ingestion_dag_3.py","lineno":180}
{"timestamp":"2025-11-18T16:31:18.659473Z","level":"info","event":"_download_pdf - Pdf downloaded from : https://assets.scriptslug.com/live/pdf/scripts/the-others-2001.pdf?v=1729115034","logger":"root","filename":"ingestion_dag_3.py","lineno":180}
{"timestamp":"2025-11-18T16:31:19.354398Z","level":"info","event":"_download_pdf - Pdf downloaded from : https://assets.scriptslug.com/live/pdf/scripts/the-outrun-2024.pdf?v=1738547349","logger":"root","filename":"ingestion_dag_3.py","lineno":180}
{"timestamp":"2025-11-18T16:31:22.182792Z","level":"info","event":"_download_pdf - Pdf downloaded from : https://assets.scriptslug.com/live/pdf/scripts/the-outsiders-1983.pdf?v=1729115034","logger":"root","filename":"ingestion_dag_3.py","lineno":180}
{"timestamp":"2025-11-18T16:31:23.905175Z","level":"info","event":"_download_pdf - Pdf downloaded from : https://assets.scriptslug.com/live/pdf/scripts/the-passion-of-the-christ-2004.pdf?v=1729115034","logger":"root","filename":"ingestion_dag_3.py","lineno":180}
{"timestamp":"2025-11-18T16:31:24.555272Z","level":"info","event":"_download_pdf - Pdf downloaded from : https://assets.scriptslug.com/live/pdf/scripts/the-peanut-butter-falcon-2019.pdf?v=1729115034","logger":"root","filename":"ingestion_dag_3.py","lineno":180}
{"timestamp":"2025-11-18T16:31:26.652777Z","level":"info","event":"_download_pdf - Pdf downloaded from : https://assets.scriptslug.com/live/pdf/scripts/the-pelican-brief-1993.pdf?v=1729115034","logger":"root","filename":"ingestion_dag_3.py","lineno":180}
{"timestamp":"2025-11-18T16:31:28.991459Z","level":"info","event":"_download_pdf - Pdf downloaded from : https://assets.scriptslug.com/live/pdf/scripts/the-perfect-storm-2000.pdf?v=1729115034","logger":"root","filename":"ingestion_dag_3.py","lineno":180}
{"timestamp":"2025-11-18T16:31:29.519459Z","level":"info","event":"_download_pdf - Pdf downloaded from : https://assets.scriptslug.com/live/pdf/scripts/the-perks-of-being-a-wall-flower-2012.pdf?v=1729115034","logger":"root","filename":"ingestion_dag_3.py","lineno":180}
{"timestamp":"2025-11-18T16:31:30.400587Z","level":"info","event":"_download_pdf - Pdf downloaded from : https://assets.scriptslug.com/live/pdf/scripts/the-persian-version-2023.pdf?v=1729115034","logger":"root","filename":"ingestion_dag_3.py","lineno":180}
{"timestamp":"2025-11-18T16:31:35.152069Z","level":"info","event":"_download_pdf - Pdf downloaded from : https://assets.scriptslug.com/live/pdf/scripts/the-phantom-1996.pdf?v=1729115035","logger":"root","filename":"ingestion_dag_3.py","lineno":180}
{"timestamp":"2025-11-18T16:31:36.423951Z","level":"info","event":"_download_pdf - Pdf downloaded from : https://assets.scriptslug.com/live/pdf/scripts/the-place-beyond-the-pines-2012.pdf?v=1729115035","logger":"root","filename":"ingestion_dag_3.py","lineno":180}
{"timestamp":"2025-11-18T16:31:39.762954Z","level":"info","event":"_download_pdf - Pdf downloaded from : https://assets.scriptslug.com/live/pdf/scripts/the-player-1992.pdf?v=1729115035","logger":"root","filename":"ingestion_dag_3.py","lineno":180}
{"timestamp":"2025-11-18T16:31:45.347945Z","level":"info","event":"_download_pdf - Pdf downloaded from : https://assets.scriptslug.com/live/pdf/scripts/the-poseidon-adventure-1972.pdf?v=1729115035","logger":"root","filename":"ingestion_dag_3.py","lineno":180}
{"timestamp":"2025-11-18T16:31:46.481191Z","level":"info","event":"_download_pdf - Pdf downloaded from : https://assets.scriptslug.com/live/pdf/scripts/the-post-2017.pdf?v=1729115035","logger":"root","filename":"ingestion_dag_3.py","lineno":180}
{"timestamp":"2025-11-18T16:31:47.418748Z","level":"info","event":"_download_pdf - Pdf downloaded from : https://assets.scriptslug.com/live/pdf/scripts/the-power-of-the-dog-2021.pdf?v=1729115035","logger":"root","filename":"ingestion_dag_3.py","lineno":180}
{"timestamp":"2025-11-18T16:31:49.816397Z","level":"info","event":"_download_pdf - Pdf downloaded from : https://assets.scriptslug.com/live/pdf/scripts/the-predator-2018.pdf?v=1729115035","logger":"root","filename":"ingestion_dag_3.py","lineno":180}
{"timestamp":"2025-11-18T16:31:50.866970Z","level":"info","event":"_download_pdf - Pdf downloaded from : https://assets.scriptslug.com/live/pdf/scripts/the-prestige-2006.pdf?v=1729115070","logger":"root","filename":"ingestion_dag_3.py","lineno":180}
{"timestamp":"2025-11-18T16:31:53.659395Z","level":"info","event":"_download_pdf - Pdf downloaded from : https://assets.scriptslug.com/live/pdf/scripts/the-princess-bride-1987.pdf?v=1729115035","logger":"root","filename":"ingestion_dag_3.py","lineno":180}
{"timestamp":"2025-11-18T16:31:54.986314Z","level":"info","event":"_download_pdf - Pdf downloaded from : https://assets.scriptslug.com/live/pdf/scripts/the-proposal-2009.pdf?v=1729115035","logger":"root","filename":"ingestion_dag_3.py","lineno":180}
{"timestamp":"2025-11-18T16:31:56.218748Z","level":"info","event":"_download_pdf - Pdf downloaded from : https://assets.scriptslug.com/live/pdf/scripts/the-purge-2013.pdf?v=1729115035","logger":"root","filename":"ingestion_dag_3.py","lineno":180}
{"timestamp":"2025-11-18T16:31:56.714137Z","level":"info","event":"_download_pdf - Pdf downloaded from : https://assets.scriptslug.com/live/pdf/scripts/the-pursuit-of-happyness-2006.pdf?v=1729115036","logger":"root","filename":"ingestion_dag_3.py","lineno":180}
{"timestamp":"2025-11-18T16:31:57.726355Z","level":"info","event":"_download_pdf - Pdf downloaded from : https://assets.scriptslug.com/live/pdf/scripts/the-red-turtle-2016.pdf?v=1729115036","logger":"root","filename":"ingestion_dag_3.py","lineno":180}
{"timestamp":"2025-11-18T16:31:59.060622Z","level":"info","event":"_download_pdf - Pdf downloaded from : https://assets.scriptslug.com/live/pdf/scripts/the-revenant-2015.pdf?v=1729115036","logger":"root","filename":"ingestion_dag_3.py","lineno":180}
{"timestamp":"2025-11-18T16:32:00.196677Z","level":"info","event":"_download_pdf - Pdf downloaded from : https://assets.scriptslug.com/live/pdf/scripts/the-rider-2018.pdf?v=1729115036","logger":"root","filename":"ingestion_dag_3.py","lineno":180}
{"timestamp":"2025-11-18T16:32:03.815055Z","level":"info","event":"_download_pdf - Pdf downloaded from : https://assets.scriptslug.com/live/pdf/scripts/the-ring-2002.pdf?v=1729115036","logger":"root","filename":"ingestion_dag_3.py","lineno":180}
{"timestamp":"2025-11-18T16:32:06.394786Z","level":"info","event":"_download_pdf - Pdf downloaded from : https://assets.scriptslug.com/live/pdf/scripts/the-road-warrior-1981.pdf?v=1729115036","logger":"root","filename":"ingestion_dag_3.py","lineno":180}
{"timestamp":"2025-11-18T16:32:07.569934Z","level":"info","event":"_download_pdf - Pdf downloaded from : https://assets.scriptslug.com/live/pdf/scripts/the-rock-1996.pdf?v=1729115036","logger":"root","filename":"ingestion_dag_3.py","lineno":180}
{"timestamp":"2025-11-18T16:32:17.404166Z","level":"info","event":"_download_pdf - Pdf downloaded from : https://assets.scriptslug.com/live/pdf/scripts/the-rocketeer-1991.pdf?v=1729115036","logger":"root","filename":"ingestion_dag_3.py","lineno":180}
{"timestamp":"2025-11-18T16:32:18.315076Z","level":"info","event":"_download_pdf - Pdf downloaded from : https://assets.scriptslug.com/live/pdf/scripts/the-rocky-horror-picture-show-1975.pdf?v=1729115036","logger":"root","filename":"ingestion_dag_3.py","lineno":180}
{"timestamp":"2025-11-18T16:32:22.030953Z","level":"info","event":"_download_pdf - Pdf downloaded from : https://assets.scriptslug.com/live/pdf/scripts/the-rookie-2002.pdf?v=1729115037","logger":"root","filename":"ingestion_dag_3.py","lineno":180}
{"timestamp":"2025-11-18T16:32:23.317050Z","level":"info","event":"_download_pdf - Pdf downloaded from : https://assets.scriptslug.com/live/pdf/scripts/the-room-next-door-2024.pdf?v=1738546901","logger":"root","filename":"ingestion_dag_3.py","lineno":180}
{"timestamp":"2025-11-18T16:32:25.347425Z","level":"info","event":"_download_pdf - Pdf downloaded from : https://assets.scriptslug.com/live/pdf/scripts/the-rover-2014.pdf?v=1729115037","logger":"root","filename":"ingestion_dag_3.py","lineno":180}
{"timestamp":"2025-11-18T16:32:31.316740Z","level":"info","event":"_download_pdf - Pdf downloaded from : https://assets.scriptslug.com/live/pdf/scripts/royal-tenenbaums-2000.pdf?v=1729114982","logger":"root","filename":"ingestion_dag_3.py","lineno":180}
{"timestamp":"2025-11-18T16:32:35.404548Z","level":"info","event":"_download_pdf - Pdf downloaded from : https://assets.scriptslug.com/live/pdf/scripts/the-rum-diary-2011.pdf?v=1729115037","logger":"root","filename":"ingestion_dag_3.py","lineno":180}
{"timestamp":"2025-11-18T16:32:38.674921Z","level":"info","event":"_download_pdf - Pdf downloaded from : https://assets.scriptslug.com/live/pdf/scripts/the-sandlot-1993.pdf?v=1729115037","logger":"root","filename":"ingestion_dag_3.py","lineno":180}
{"timestamp":"2025-11-18T16:32:44.096801Z","level":"info","event":"_download_pdf - Pdf downloaded from : https://assets.scriptslug.com/live/pdf/scripts/the-santa-clause-1994.pdf?v=1729115037","logger":"root","filename":"ingestion_dag_3.py","lineno":180}
{"timestamp":"2025-11-18T16:32:45.790560Z","level":"info","event":"_download_pdf - Pdf downloaded from : https://assets.scriptslug.com/live/pdf/scripts/the-savages-2007.pdf?v=1729115037","logger":"root","filename":"ingestion_dag_3.py","lineno":180}
{"timestamp":"2025-11-18T16:32:53.287329Z","level":"info","event":"_download_pdf - Pdf downloaded from : https://assets.scriptslug.com/live/pdf/scripts/the-searchers-1956.pdf?v=1729115037","logger":"root","filename":"ingestion_dag_3.py","lineno":180}
{"timestamp":"2025-11-18T16:32:53.927117Z","level":"info","event":"_download_pdf - Pdf downloaded from : https://assets.scriptslug.com/live/pdf/scripts/the-secret-life-of-pets-2016.pdf?v=1729115037","logger":"root","filename":"ingestion_dag_3.py","lineno":180}
{"timestamp":"2025-11-18T16:32:54.771716Z","level":"info","event":"_download_pdf - Pdf downloaded from : https://assets.scriptslug.com/live/pdf/scripts/the-secret-life-of-walter-mitty-2013.pdf?v=1729115038","logger":"root","filename":"ingestion_dag_3.py","lineno":180}
{"timestamp":"2025-11-18T16:32:55.512885Z","level":"info","event":"_download_pdf - Pdf downloaded from : https://assets.scriptslug.com/live/pdf/scripts/the-sessions-2012.pdf?v=1729115038","logger":"root","filename":"ingestion_dag_3.py","lineno":180}
{"timestamp":"2025-11-18T16:32:57.973534Z","level":"info","event":"_download_pdf - Pdf downloaded from : https://assets.scriptslug.com/live/pdf/scripts/the-shape-of-water-2017.pdf?v=1729115038","logger":"root","filename":"ingestion_dag_3.py","lineno":180}
{"timestamp":"2025-11-18T16:32:58.581507Z","level":"info","event":"_download_pdf - Pdf downloaded from : https://assets.scriptslug.com/live/pdf/scripts/the-shawshank-redemption-1994.pdf?v=1729115038","logger":"root","filename":"ingestion_dag_3.py","lineno":180}
{"timestamp":"2025-11-18T16:32:59.451907Z","level":"info","event":"_download_pdf - Pdf downloaded from : https://assets.scriptslug.com/live/pdf/scripts/the-shining-1980.pdf?v=1729115038","logger":"root","filename":"ingestion_dag_3.py","lineno":180}
{"timestamp":"2025-11-18T16:33:00.514223Z","level":"info","event":"_download_pdf - Pdf downloaded from : https://assets.scriptslug.com/live/pdf/scripts/the-silence-of-the-lambs-1991.pdf?v=1729115038","logger":"root","filename":"ingestion_dag_3.py","lineno":180}
{"timestamp":"2025-11-18T16:33:01.454350Z","level":"info","event":"_download_pdf - Pdf downloaded from : https://assets.scriptslug.com/live/pdf/scripts/the-sisters-brothers-2018.pdf?v=1729115038","logger":"root","filename":"ingestion_dag_3.py","lineno":180}
{"timestamp":"2025-11-18T16:33:06.948045Z","level":"info","event":"_download_pdf - Pdf downloaded from : https://assets.scriptslug.com/live/pdf/scripts/sixth-sense-1999.pdf?v=1729114991","logger":"root","filename":"ingestion_dag_3.py","lineno":180}
{"timestamp":"2025-11-18T16:33:11.385918Z","level":"info","event":"_download_pdf - Pdf downloaded from : https://assets.scriptslug.com/live/pdf/scripts/the-skeleton-key-2005.pdf?v=1729115039","logger":"root","filename":"ingestion_dag_3.py","lineno":180}
{"timestamp":"2025-11-18T16:33:12.898838Z","level":"info","event":"_download_pdf - Pdf downloaded from : https://assets.scriptslug.com/live/pdf/scripts/the-social-network-2010.pdf?v=1729115039","logger":"root","filename":"ingestion_dag_3.py","lineno":180}
{"timestamp":"2025-11-18T16:33:14.197702Z","level":"info","event":"_download_pdf - Pdf downloaded from : https://assets.scriptslug.com/live/pdf/scripts/the-son-2022.pdf?v=1729115039","logger":"root","filename":"ingestion_dag_3.py","lineno":180}
{"timestamp":"2025-11-18T16:33:15.260805Z","level":"info","event":"_download_pdf - Pdf downloaded from : https://assets.scriptslug.com/live/pdf/scripts/the-song-of-names-2019.pdf?v=1729115039","logger":"root","filename":"ingestion_dag_3.py","lineno":180}
{"timestamp":"2025-11-18T16:33:16.272158Z","level":"info","event":"_download_pdf - Pdf downloaded from : https://assets.scriptslug.com/live/pdf/scripts/the-spy-who-dumped-me-2018.pdf?v=1729115040","logger":"root","filename":"ingestion_dag_3.py","lineno":180}
{"timestamp":"2025-11-18T16:33:20.609637Z","level":"info","event":"_download_pdf - Pdf downloaded from : https://assets.scriptslug.com/live/pdf/scripts/the-spy-who-loved-me-1977.pdf?v=1729115040","logger":"root","filename":"ingestion_dag_3.py","lineno":180}
{"timestamp":"2025-11-18T16:33:23.438652Z","level":"info","event":"_download_pdf - Pdf downloaded from : https://assets.scriptslug.com/live/pdf/scripts/the-squid-and-the-whale-2005.pdf?v=1729115040","logger":"root","filename":"ingestion_dag_3.py","lineno":180}
{"timestamp":"2025-11-18T16:33:34.217862Z","level":"info","event":"_download_pdf - Pdf downloaded from : https://assets.scriptslug.com/live/pdf/scripts/the-star-wars-holiday-special-1978.pdf?v=1729115040","logger":"root","filename":"ingestion_dag_3.py","lineno":180}
{"timestamp":"2025-11-18T16:33:42.126480Z","level":"info","event":"_download_pdf - Pdf downloaded from : https://assets.scriptslug.com/live/pdf/scripts/the-sting-1973.pdf?v=1729115040","logger":"root","filename":"ingestion_dag_3.py","lineno":180}
{"timestamp":"2025-11-18T16:33:43.359630Z","level":"info","event":"_download_pdf - Pdf downloaded from : https://assets.scriptslug.com/live/pdf/scripts/the-substance-2024.pdf?v=1738463202","logger":"root","filename":"ingestion_dag_3.py","lineno":180}
{"timestamp":"2025-11-18T16:33:44.317260Z","level":"info","event":"_download_pdf - Pdf downloaded from : https://assets.scriptslug.com/live/pdf/scripts/the-sun-is-also-a-star-2019.pdf?v=1729115040","logger":"root","filename":"ingestion_dag_3.py","lineno":180}
{"timestamp":"2025-11-18T16:33:47.319447Z","level":"info","event":"_download_pdf - Pdf downloaded from : https://assets.scriptslug.com/live/pdf/scripts/the-super-1991.pdf?v=1729115040","logger":"root","filename":"ingestion_dag_3.py","lineno":180}
{"timestamp":"2025-11-18T16:33:47.779017Z","level":"info","event":"_download_pdf - Pdf downloaded from : https://assets.scriptslug.com/live/pdf/scripts/the-talented-mr-ripley-1999.pdf?v=1729115040","logger":"root","filename":"ingestion_dag_3.py","lineno":180}
{"timestamp":"2025-11-18T16:33:48.368689Z","level":"info","event":"_download_pdf - Pdf downloaded from : https://assets.scriptslug.com/live/pdf/scripts/the-teachers-lounge-2023.pdf?v=1729115040","logger":"root","filename":"ingestion_dag_3.py","lineno":180}
{"timestamp":"2025-11-18T16:33:49.976350Z","level":"info","event":"_download_pdf - Pdf downloaded from : https://assets.scriptslug.com/live/pdf/scripts/the-tender-bar-2021.pdf?v=1729115040","logger":"root","filename":"ingestion_dag_3.py","lineno":180}
{"timestamp":"2025-11-18T16:33:50.833530Z","level":"info","event":"_download_pdf - Pdf downloaded from : https://assets.scriptslug.com/live/pdf/scripts/the-terminator-1984.pdf?v=1729115040","logger":"root","filename":"ingestion_dag_3.py","lineno":180}
{"timestamp":"2025-11-18T16:33:54.264700Z","level":"info","event":"_download_pdf - Pdf downloaded from : https://assets.scriptslug.com/live/pdf/scripts/the-texas-chain-saw-massacre-1974.pdf?v=1729115041","logger":"root","filename":"ingestion_dag_3.py","lineno":180}
{"timestamp":"2025-11-18T16:33:55.481531Z","level":"info","event":"_download_pdf - Pdf downloaded from : https://assets.scriptslug.com/live/pdf/scripts/the-theory-of-everything-2015.pdf?v=1729115041","logger":"root","filename":"ingestion_dag_3.py","lineno":180}
{"timestamp":"2025-11-18T16:33:56.227554Z","level":"info","event":"_download_pdf - Pdf downloaded from : https://assets.scriptslug.com/live/pdf/scripts/the-thin-red-line-1998.pdf?v=1729115041","logger":"root","filename":"ingestion_dag_3.py","lineno":180}
{"timestamp":"2025-11-18T16:33:59.248737Z","level":"info","event":"_download_pdf - Pdf downloaded from : https://assets.scriptslug.com/live/pdf/scripts/the-thing-1982.pdf?v=1729115041","logger":"root","filename":"ingestion_dag_3.py","lineno":180}
{"timestamp":"2025-11-18T16:34:03.986103Z","level":"info","event":"_download_pdf - Pdf downloaded from : https://assets.scriptslug.com/live/pdf/scripts/the-third-man-1949.pdf?v=1729115041","logger":"root","filename":"ingestion_dag_3.py","lineno":180}
{"timestamp":"2025-11-18T16:34:10.541537Z","level":"info","event":"_download_pdf - Pdf downloaded from : https://assets.scriptslug.com/live/pdf/scripts/the-thomas-crown-affair-1999.pdf?v=1729115041","logger":"root","filename":"ingestion_dag_3.py","lineno":180}
{"timestamp":"2025-11-18T16:34:11.637119Z","level":"info","event":"_download_pdf - Pdf downloaded from : https://assets.scriptslug.com/live/pdf/scripts/the-tomorrow-war-2021.pdf?v=1729115041","logger":"root","filename":"ingestion_dag_3.py","lineno":180}
{"timestamp":"2025-11-18T16:34:12.642485Z","level":"info","event":"_download_pdf - Pdf downloaded from : https://assets.scriptslug.com/live/pdf/scripts/the-town-2010.pdf?v=1729115041","logger":"root","filename":"ingestion_dag_3.py","lineno":180}
{"timestamp":"2025-11-18T16:34:22.173612Z","level":"info","event":"_download_pdf - Pdf downloaded from : https://assets.scriptslug.com/live/pdf/scripts/the-toy-1982.pdf?v=1729115041","logger":"root","filename":"ingestion_dag_3.py","lineno":180}
{"timestamp":"2025-11-18T16:34:22.834095Z","level":"info","event":"_download_pdf - Pdf downloaded from : https://assets.scriptslug.com/live/pdf/scripts/the-tragedy-of-macbeth-2021.pdf?v=1729115041","logger":"root","filename":"ingestion_dag_3.py","lineno":180}
{"timestamp":"2025-11-18T16:34:25.610318Z","level":"info","event":"_download_pdf - Pdf downloaded from : https://assets.scriptslug.com/live/pdf/scripts/the-tree-of-life-2011.pdf?v=1729115042","logger":"root","filename":"ingestion_dag_3.py","lineno":180}
{"timestamp":"2025-11-18T16:34:26.562782Z","level":"info","event":"_download_pdf - Pdf downloaded from : https://assets.scriptslug.com/live/pdf/scripts/the-trial-of-the-chicago-7-2020.pdf?v=1729115042","logger":"root","filename":"ingestion_dag_3.py","lineno":180}
{"timestamp":"2025-11-18T16:34:27.187589Z","level":"info","event":"_download_pdf - Pdf downloaded from : https://assets.scriptslug.com/live/pdf/scripts/the-truman-show-1998.pdf?v=1729115042","logger":"root","filename":"ingestion_dag_3.py","lineno":180}
{"timestamp":"2025-11-18T16:34:33.150676Z","level":"info","event":"_download_pdf - Pdf downloaded from : https://assets.scriptslug.com/live/pdf/scripts/the-two-jakes-1990.pdf?v=1729115042","logger":"root","filename":"ingestion_dag_3.py","lineno":180}
{"timestamp":"2025-11-18T16:34:34.383137Z","level":"info","event":"_download_pdf - Pdf downloaded from : https://assets.scriptslug.com/live/pdf/scripts/the-two-popes-2019.pdf?v=1729115042","logger":"root","filename":"ingestion_dag_3.py","lineno":180}
{"timestamp":"2025-11-18T16:34:35.592705Z","level":"info","event":"_download_pdf - Pdf downloaded from : https://assets.scriptslug.com/live/pdf/scripts/the-unborn-2009.pdf?v=1729115043","logger":"root","filename":"ingestion_dag_3.py","lineno":180}
{"timestamp":"2025-11-18T16:34:36.368331Z","level":"info","event":"_download_pdf - Pdf downloaded from : https://assets.scriptslug.com/live/pdf/scripts/the-usual-suspects-1995.pdf?v=1729115043","logger":"root","filename":"ingestion_dag_3.py","lineno":180}
{"timestamp":"2025-11-18T16:34:39.994769Z","level":"info","event":"_download_pdf - Pdf downloaded from : https://assets.scriptslug.com/live/pdf/scripts/the-verdict-1982.pdf?v=1729115043","logger":"root","filename":"ingestion_dag_3.py","lineno":180}
{"timestamp":"2025-11-18T16:34:42.377526Z","level":"info","event":"_download_pdf - Pdf downloaded from : https://assets.scriptslug.com/live/pdf/scripts/the-virgin-suicides-1999.pdf?v=1729115043","logger":"root","filename":"ingestion_dag_3.py","lineno":180}
{"timestamp":"2025-11-18T16:34:50.063753Z","level":"info","event":"_download_pdf - Pdf downloaded from : https://assets.scriptslug.com/live/pdf/scripts/the-warriors-1979.pdf?v=1729115043","logger":"root","filename":"ingestion_dag_3.py","lineno":180}
{"timestamp":"2025-11-18T16:34:50.974580Z","level":"info","event":"_download_pdf - Pdf downloaded from : https://assets.scriptslug.com/live/pdf/scripts/the-way-back-2020.pdf?v=1729115043","logger":"root","filename":"ingestion_dag_3.py","lineno":180}
{"timestamp":"2025-11-18T16:34:53.173113Z","level":"info","event":"_download_pdf - Pdf downloaded from : https://assets.scriptslug.com/live/pdf/scripts/the-wedding-singer-1998.pdf?v=1729115043","logger":"root","filename":"ingestion_dag_3.py","lineno":180}
{"timestamp":"2025-11-18T16:34:54.075520Z","level":"info","event":"_download_pdf - Pdf downloaded from : https://assets.scriptslug.com/live/pdf/scripts/the-whale-2022.pdf?v=1729115044","logger":"root","filename":"ingestion_dag_3.py","lineno":180}
{"timestamp":"2025-11-18T16:34:54.691056Z","level":"info","event":"_download_pdf - Pdf downloaded from : https://assets.scriptslug.com/live/pdf/scripts/the-white-ribbon-2009.pdf?v=1729115044","logger":"root","filename":"ingestion_dag_3.py","lineno":180}
{"timestamp":"2025-11-18T16:34:55.811065Z","level":"info","event":"_download_pdf - Pdf downloaded from : https://assets.scriptslug.com/live/pdf/scripts/the-white-tiger-2021.pdf?v=1729115044","logger":"root","filename":"ingestion_dag_3.py","lineno":180}
{"timestamp":"2025-11-18T16:35:02.708869Z","level":"info","event":"_download_pdf - Pdf downloaded from : https://assets.scriptslug.com/live/pdf/scripts/the-wicker-man-1973.pdf?v=1729115044","logger":"root","filename":"ingestion_dag_3.py","lineno":180}
{"timestamp":"2025-11-18T16:35:03.641377Z","level":"info","event":"_download_pdf - Pdf downloaded from : https://assets.scriptslug.com/live/pdf/scripts/the-wife-2018.pdf?v=1729115044","logger":"root","filename":"ingestion_dag_3.py","lineno":180}
{"timestamp":"2025-11-18T16:35:07.760421Z","level":"info","event":"_download_pdf - Pdf downloaded from : https://assets.scriptslug.com/live/pdf/scripts/the-wild-bunch-1969.pdf?v=1729115044","logger":"root","filename":"ingestion_dag_3.py","lineno":180}
{"timestamp":"2025-11-18T16:35:08.417505Z","level":"info","event":"_download_pdf - Pdf downloaded from : https://assets.scriptslug.com/live/pdf/scripts/the-wild-robot-2024.pdf?v=1738546645","logger":"root","filename":"ingestion_dag_3.py","lineno":180}
{"timestamp":"2025-11-18T16:35:09.251185Z","level":"info","event":"_download_pdf - Pdf downloaded from : https://assets.scriptslug.com/live/pdf/scripts/the-witch-2016.pdf?v=1729115044","logger":"root","filename":"ingestion_dag_3.py","lineno":180}
{"timestamp":"2025-11-18T16:35:15.015089Z","level":"info","event":"_download_pdf - Pdf downloaded from : https://assets.scriptslug.com/live/pdf/scripts/the-witches-1990.pdf?v=1729115044","logger":"root","filename":"ingestion_dag_3.py","lineno":180}
{"timestamp":"2025-11-18T16:35:15.561188Z","level":"info","event":"_download_pdf - Pdf downloaded from : https://assets.scriptslug.com/live/pdf/scripts/the-wizard-of-oz-1939.pdf?v=1729115045","logger":"root","filename":"ingestion_dag_3.py","lineno":180}
{"timestamp":"2025-11-18T16:35:16.737880Z","level":"info","event":"_download_pdf - Pdf downloaded from : https://assets.scriptslug.com/live/pdf/scripts/the-wolf-of-wall-street-2013.pdf?v=1729115045","logger":"root","filename":"ingestion_dag_3.py","lineno":180}
{"timestamp":"2025-11-18T16:35:17.502805Z","level":"info","event":"_download_pdf - Pdf downloaded from : https://assets.scriptslug.com/live/pdf/scripts/the-wolverine-2013.pdf?v=1729115045","logger":"root","filename":"ingestion_dag_3.py","lineno":180}
{"timestamp":"2025-11-18T16:35:18.561219Z","level":"info","event":"_download_pdf - Pdf downloaded from : https://assets.scriptslug.com/live/pdf/scripts/the-woman-king-2022.pdf?v=1729115045","logger":"root","filename":"ingestion_dag_3.py","lineno":180}
{"timestamp":"2025-11-18T16:35:24.971003Z","level":"info","event":"_download_pdf - Pdf downloaded from : https://assets.scriptslug.com/live/pdf/scripts/the-world-is-not-enough-1999.pdf?v=1729115045","logger":"root","filename":"ingestion_dag_3.py","lineno":180}
{"timestamp":"2025-11-18T16:35:26.128821Z","level":"info","event":"_download_pdf - Pdf downloaded from : https://assets.scriptslug.com/live/pdf/scripts/the-worlds-end-2013.pdf?v=1729115045","logger":"root","filename":"ingestion_dag_3.py","lineno":180}
{"timestamp":"2025-11-18T16:35:33.457695Z","level":"info","event":"_download_pdf - Pdf downloaded from : https://assets.scriptslug.com/live/pdf/scripts/the-x-files-1998.pdf?v=1729115045","logger":"root","filename":"ingestion_dag_3.py","lineno":180}
{"timestamp":"2025-11-18T16:35:33.990649Z","level":"info","event":"_download_pdf - Pdf downloaded from : https://assets.scriptslug.com/live/pdf/scripts/the-zone-of-interest-2023.pdf?v=1729115047","logger":"root","filename":"ingestion_dag_3.py","lineno":180}
{"timestamp":"2025-11-18T16:35:37.420290Z","level":"info","event":"_download_pdf - Pdf downloaded from : https://assets.scriptslug.com/live/pdf/scripts/thelma-and-louise-1991.pdf?v=1729115047","logger":"root","filename":"ingestion_dag_3.py","lineno":180}
{"timestamp":"2025-11-18T16:35:43.736478Z","level":"info","event":"_download_pdf - Pdf downloaded from : https://assets.scriptslug.com/live/pdf/scripts/there-will-be-blood-2007.pdf?v=1729115047","logger":"root","filename":"ingestion_dag_3.py","lineno":180}
{"timestamp":"2025-11-18T16:35:48.088763Z","level":"info","event":"_download_pdf - Pdf downloaded from : https://assets.scriptslug.com/live/pdf/scripts/they-live-1988.pdf?v=1729115048","logger":"root","filename":"ingestion_dag_3.py","lineno":180}
{"timestamp":"2025-11-18T16:35:48.883759Z","level":"info","event":"_download_pdf - Pdf downloaded from : https://assets.scriptslug.com/live/pdf/scripts/thir13en-ghosts-2001.pdf?v=1729115048","logger":"root","filename":"ingestion_dag_3.py","lineno":180}
{"timestamp":"2025-11-18T16:35:52.323276Z","level":"info","event":"_download_pdf - Pdf downloaded from : https://assets.scriptslug.com/live/pdf/scripts/thirteen-2003.pdf?v=1729115048","logger":"root","filename":"ingestion_dag_3.py","lineno":180}
{"timestamp":"2025-11-18T16:35:53.203714Z","level":"info","event":"_download_pdf - Pdf downloaded from : https://assets.scriptslug.com/live/pdf/scripts/thirteen-lives-2022.pdf?v=1729115048","logger":"root","filename":"ingestion_dag_3.py","lineno":180}
{"timestamp":"2025-11-18T16:35:53.912688Z","level":"info","event":"_download_pdf - Pdf downloaded from : https://assets.scriptslug.com/live/pdf/scripts/this-boys-life-1992.pdf?v=1729115048","logger":"root","filename":"ingestion_dag_3.py","lineno":180}
{"timestamp":"2025-11-18T16:35:54.792922Z","level":"info","event":"_download_pdf - Pdf downloaded from : https://assets.scriptslug.com/live/pdf/scripts/this-is-40-2012.pdf?v=1729115048","logger":"root","filename":"ingestion_dag_3.py","lineno":180}
{"timestamp":"2025-11-18T16:35:56.023693Z","level":"info","event":"_download_pdf - Pdf downloaded from : https://assets.scriptslug.com/live/pdf/scripts/thor-2011.pdf?v=1729115048","logger":"root","filename":"ingestion_dag_3.py","lineno":180}
{"timestamp":"2025-11-18T16:35:56.782307Z","level":"info","event":"_download_pdf - Pdf downloaded from : https://assets.scriptslug.com/live/pdf/scripts/thor-ragnorak-2017.pdf?v=1729115048","logger":"root","filename":"ingestion_dag_3.py","lineno":180}
{"timestamp":"2025-11-18T16:35:57.601787Z","level":"info","event":"_download_pdf - Pdf downloaded from : https://assets.scriptslug.com/live/pdf/scripts/thoroughbreds-2018.pdf?v=1729115048","logger":"root","filename":"ingestion_dag_3.py","lineno":180}
{"timestamp":"2025-11-18T16:35:58.297847Z","level":"info","event":"_download_pdf - Pdf downloaded from : https://assets.scriptslug.com/live/pdf/scripts/those-who-walk-away-2022.pdf?v=1729115048","logger":"root","filename":"ingestion_dag_3.py","lineno":180}
{"timestamp":"2025-11-18T16:35:59.619887Z","level":"info","event":"_download_pdf - Pdf downloaded from : https://assets.scriptslug.com/live/pdf/scripts/three-billboards-outside-ebbing-missouri-2017.pdf?v=1729115049","logger":"root","filename":"ingestion_dag_3.py","lineno":180}
{"timestamp":"2025-11-18T16:36:06.515575Z","level":"info","event":"_download_pdf - Pdf downloaded from : https://assets.scriptslug.com/live/pdf/scripts/three-days-of-condor-1975.pdf?v=1729115049","logger":"root","filename":"ingestion_dag_3.py","lineno":180}
{"timestamp":"2025-11-18T16:36:07.471755Z","level":"info","event":"_download_pdf - Pdf downloaded from : https://assets.scriptslug.com/live/pdf/scripts/three-kings-1999.pdf?v=1729115049","logger":"root","filename":"ingestion_dag_3.py","lineno":180}
{"timestamp":"2025-11-18T16:36:08.340831Z","level":"info","event":"_download_pdf - Pdf downloaded from : https://assets.scriptslug.com/live/pdf/scripts/three-thousand-years-of-longing-2022.pdf?v=1729115049","logger":"root","filename":"ingestion_dag_3.py","lineno":180}
{"timestamp":"2025-11-18T16:36:18.338183Z","level":"info","event":"_download_pdf - Pdf downloaded from : https://assets.scriptslug.com/live/pdf/scripts/thunderball-1965.pdf?v=1729115049","logger":"root","filename":"ingestion_dag_3.py","lineno":180}
{"timestamp":"2025-11-18T16:36:19.507680Z","level":"info","event":"_download_pdf - Pdf downloaded from : https://assets.scriptslug.com/live/pdf/scripts/thx-1138-1971.pdf?v=1729115049","logger":"root","filename":"ingestion_dag_3.py","lineno":180}
{"timestamp":"2025-11-18T16:36:21.005265Z","level":"info","event":"_download_pdf - Pdf downloaded from : https://assets.scriptslug.com/live/pdf/scripts/tick-tick-boom-2021.pdf?v=1729115049","logger":"root","filename":"ingestion_dag_3.py","lineno":180}
{"timestamp":"2025-11-18T16:36:22.247397Z","level":"info","event":"_download_pdf - Pdf downloaded from : https://assets.scriptslug.com/live/pdf/scripts/till-2022.pdf?v=1729115049","logger":"root","filename":"ingestion_dag_3.py","lineno":180}
{"timestamp":"2025-11-18T16:36:23.363587Z","level":"info","event":"_download_pdf - Pdf downloaded from : https://assets.scriptslug.com/live/pdf/scripts/tin-men-1987.pdf?v=1729115049","logger":"root","filename":"ingestion_dag_3.py","lineno":180}
{"timestamp":"2025-11-18T16:36:24.416707Z","level":"info","event":"_download_pdf - Pdf downloaded from : https://assets.scriptslug.com/live/pdf/scripts/tinker-tailor-soldier-spy-2011.pdf?v=1729115049","logger":"root","filename":"ingestion_dag_3.py","lineno":180}
{"timestamp":"2025-11-18T16:36:25.330176Z","level":"info","event":"_download_pdf - Pdf downloaded from : https://assets.scriptslug.com/live/pdf/scripts/titanic-1997.pdf?v=1729115050","logger":"root","filename":"ingestion_dag_3.py","lineno":180}
{"timestamp":"2025-11-18T16:36:26.111660Z","level":"info","event":"_download_pdf - Pdf downloaded from : https://assets.scriptslug.com/live/pdf/scripts/to-all-the-boys-ive-loved-before-2018.pdf?v=1729115050","logger":"root","filename":"ingestion_dag_3.py","lineno":180}
{"timestamp":"2025-11-18T16:36:28.394124Z","level":"info","event":"_download_pdf - Pdf downloaded from : https://assets.scriptslug.com/live/pdf/scripts/to-catch-a-killer-2023.pdf?v=1729115050","logger":"root","filename":"ingestion_dag_3.py","lineno":180}
{"timestamp":"2025-11-18T16:36:34.630864Z","level":"info","event":"_download_pdf - Pdf downloaded from : https://assets.scriptslug.com/live/pdf/scripts/to-kill-a-mockingbird-1962.pdf?v=1729115050","logger":"root","filename":"ingestion_dag_3.py","lineno":180}
{"timestamp":"2025-11-18T16:36:47.455666Z","level":"info","event":"_download_pdf - Pdf downloaded from : https://assets.scriptslug.com/live/pdf/scripts/to-wong-foo-thanks-for-everything-julie-newmar-1995.pdf?v=1729115050","logger":"root","filename":"ingestion_dag_3.py","lineno":180}
{"timestamp":"2025-11-18T16:37:00.222579Z","level":"info","event":"_download_pdf - Pdf downloaded from : https://assets.scriptslug.com/live/pdf/scripts/tomorrow-never-dies-1997.pdf?v=1729115050","logger":"root","filename":"ingestion_dag_3.py","lineno":180}
{"timestamp":"2025-11-18T16:37:02.032518Z","level":"info","event":"_download_pdf - Pdf downloaded from : https://assets.scriptslug.com/live/pdf/scripts/toni-erdmann-2016.pdf?v=1729115050","logger":"root","filename":"ingestion_dag_3.py","lineno":180}
{"timestamp":"2025-11-18T16:37:06.188440Z","level":"info","event":"_download_pdf - Pdf downloaded from : https://assets.scriptslug.com/live/pdf/scripts/tootsie-1982.pdf?v=1729115050","logger":"root","filename":"ingestion_dag_3.py","lineno":180}
{"timestamp":"2025-11-18T16:37:08.539932Z","level":"info","event":"_download_pdf - Pdf downloaded from : https://assets.scriptslug.com/live/pdf/scripts/top-gun-1986.pdf?v=1729115050","logger":"root","filename":"ingestion_dag_3.py","lineno":180}
{"timestamp":"2025-11-18T16:37:09.762781Z","level":"info","event":"_download_pdf - Pdf downloaded from : https://assets.scriptslug.com/live/pdf/scripts/top-gun-maverick-2022.pdf?v=1729115051","logger":"root","filename":"ingestion_dag_3.py","lineno":180}
{"timestamp":"2025-11-18T16:37:11.197015Z","level":"info","event":"_download_pdf - Pdf downloaded from : https://assets.scriptslug.com/live/pdf/scripts/total-recall-1990.pdf?v=1729115051","logger":"root","filename":"ingestion_dag_3.py","lineno":180}
{"timestamp":"2025-11-18T16:37:11.916645Z","level":"info","event":"_download_pdf - Pdf downloaded from : https://assets.scriptslug.com/live/pdf/scripts/totem-2017.pdf?v=1729115051","logger":"root","filename":"ingestion_dag_3.py","lineno":180}
{"timestamp":"2025-11-18T16:37:18.973432Z","level":"info","event":"_download_pdf - Pdf downloaded from : https://assets.scriptslug.com/live/pdf/scripts/touch-of-evil-1958.pdf?v=1729115051","logger":"root","filename":"ingestion_dag_3.py","lineno":180}
{"timestamp":"2025-11-18T16:37:23.555355Z","level":"info","event":"_download_pdf - Pdf downloaded from : https://assets.scriptslug.com/live/pdf/scripts/tough-guys-1985.pdf?v=1729115051","logger":"root","filename":"ingestion_dag_3.py","lineno":180}
{"timestamp":"2025-11-18T16:37:24.685431Z","level":"info","event":"_download_pdf - Pdf downloaded from : https://assets.scriptslug.com/live/pdf/scripts/tower-block-2012.pdf?v=1729115051","logger":"root","filename":"ingestion_dag_3.py","lineno":180}
{"timestamp":"2025-11-18T16:37:27.753303Z","level":"info","event":"_download_pdf - Pdf downloaded from : https://assets.scriptslug.com/live/pdf/scripts/tower-of-terror-1997.pdf?v=1729115051","logger":"root","filename":"ingestion_dag_3.py","lineno":180}
{"timestamp":"2025-11-18T16:37:29.778834Z","level":"info","event":"_download_pdf - Pdf downloaded from : https://assets.scriptslug.com/live/pdf/scripts/toy-story-1995.pdf?v=1729115051","logger":"root","filename":"ingestion_dag_3.py","lineno":180}
{"timestamp":"2025-11-18T16:37:35.612710Z","level":"info","event":"_download_pdf - Pdf downloaded from : https://assets.scriptslug.com/live/pdf/scripts/toy-story-2-1999.pdf?v=1729115051","logger":"root","filename":"ingestion_dag_3.py","lineno":180}
{"timestamp":"2025-11-18T16:37:37.043339Z","level":"info","event":"_download_pdf - Pdf downloaded from : https://assets.scriptslug.com/live/pdf/scripts/toy-story-3-2010.pdf?v=1729115051","logger":"root","filename":"ingestion_dag_3.py","lineno":180}
{"timestamp":"2025-11-18T16:37:37.898468Z","level":"info","event":"_download_pdf - Pdf downloaded from : https://assets.scriptslug.com/live/pdf/scripts/toy-story-4-2019.pdf?v=1729115052","logger":"root","filename":"ingestion_dag_3.py","lineno":180}
{"timestamp":"2025-11-18T16:37:38.773187Z","level":"info","event":"_download_pdf - Pdf downloaded from : https://assets.scriptslug.com/live/pdf/scripts/training-day-2001.pdf?v=1729115052","logger":"root","filename":"ingestion_dag_3.py","lineno":180}
{"timestamp":"2025-11-18T16:37:39.523415Z","level":"info","event":"_download_pdf - Pdf downloaded from : https://assets.scriptslug.com/live/pdf/scripts/trainwreck-2015.pdf?v=1729115052","logger":"root","filename":"ingestion_dag_3.py","lineno":180}
{"timestamp":"2025-11-18T16:37:49.928636Z","level":"info","event":"_download_pdf - Pdf downloaded from : https://assets.scriptslug.com/live/pdf/scripts/transcendence-2014.pdf?v=1729115052","logger":"root","filename":"ingestion_dag_3.py","lineno":180}
{"timestamp":"2025-11-18T16:37:54.638719Z","level":"info","event":"_download_pdf - Pdf downloaded from : https://assets.scriptslug.com/live/pdf/scripts/transformers-2007.pdf?v=1729115052","logger":"root","filename":"ingestion_dag_3.py","lineno":180}
{"timestamp":"2025-11-18T16:37:57.306253Z","level":"info","event":"_download_pdf - Pdf downloaded from : https://assets.scriptslug.com/live/pdf/scripts/tremors-1990.pdf?v=1729115052","logger":"root","filename":"ingestion_dag_3.py","lineno":180}
{"timestamp":"2025-11-18T16:37:58.225653Z","level":"info","event":"_download_pdf - Pdf downloaded from : https://assets.scriptslug.com/live/pdf/scripts/triangle-of-sadness-2022.pdf?v=1729115052","logger":"root","filename":"ingestion_dag_3.py","lineno":180}
{"timestamp":"2025-11-18T16:38:00.485464Z","level":"info","event":"_download_pdf - Pdf downloaded from : https://assets.scriptslug.com/live/pdf/scripts/trick-r-treat-2007.pdf?v=1729115052","logger":"root","filename":"ingestion_dag_3.py","lineno":180}
{"timestamp":"2025-11-18T16:38:02.677910Z","level":"info","event":"_download_pdf - Pdf downloaded from : https://assets.scriptslug.com/live/pdf/scripts/tron-legacy-2010.pdf?v=1729115052","logger":"root","filename":"ingestion_dag_3.py","lineno":180}
{"timestamp":"2025-11-18T16:38:04.348127Z","level":"info","event":"_download_pdf - Pdf downloaded from : https://assets.scriptslug.com/live/pdf/scripts/true-grit-2010.pdf?v=1729115053","logger":"root","filename":"ingestion_dag_3.py","lineno":180}
{"timestamp":"2025-11-18T16:38:05.202884Z","level":"info","event":"_download_pdf - Pdf downloaded from : https://assets.scriptslug.com/live/pdf/scripts/true-lies-1994.pdf?v=1729115053","logger":"root","filename":"ingestion_dag_3.py","lineno":180}
{"timestamp":"2025-11-18T16:38:05.870848Z","level":"info","event":"_download_pdf - Pdf downloaded from : https://assets.scriptslug.com/live/pdf/scripts/true-romance-1993.pdf?v=1729115053","logger":"root","filename":"ingestion_dag_3.py","lineno":180}
{"timestamp":"2025-11-18T16:38:06.935097Z","level":"info","event":"_download_pdf - Pdf downloaded from : https://assets.scriptslug.com/live/pdf/scripts/trumbo-2015.pdf?v=1729115053","logger":"root","filename":"ingestion_dag_3.py","lineno":180}
{"timestamp":"2025-11-18T16:38:07.481905Z","level":"info","event":"_download_pdf - Pdf downloaded from : https://assets.scriptslug.com/live/pdf/scripts/tucker-and-dale-vs-evil-2010.pdf?v=1729115053","logger":"root","filename":"ingestion_dag_3.py","lineno":180}
{"timestamp":"2025-11-18T16:38:08.341605Z","level":"info","event":"_download_pdf - Pdf downloaded from : https://assets.scriptslug.com/live/pdf/scripts/tully-2018.pdf?v=1729115053","logger":"root","filename":"ingestion_dag_3.py","lineno":180}
{"timestamp":"2025-11-18T16:38:09.385925Z","level":"info","event":"_download_pdf - Pdf downloaded from : https://assets.scriptslug.com/live/pdf/scripts/tusk-2014.pdf?v=1729115053","logger":"root","filename":"ingestion_dag_3.py","lineno":180}
{"timestamp":"2025-11-18T16:38:19.630484Z","level":"info","event":"_download_pdf - Pdf downloaded from : https://assets.scriptslug.com/live/pdf/scripts/twelve-monkeys-1995.pdf?v=1729115054","logger":"root","filename":"ingestion_dag_3.py","lineno":180}
{"timestamp":"2025-11-18T16:38:21.006836Z","level":"info","event":"_download_pdf - Pdf downloaded from : https://assets.scriptslug.com/live/pdf/scripts/twilight-2008.pdf?v=1729115054","logger":"root","filename":"ingestion_dag_3.py","lineno":180}
{"timestamp":"2025-11-18T16:38:29.521018Z","level":"info","event":"_download_pdf - Pdf downloaded from : https://assets.scriptslug.com/live/pdf/scripts/twin-peaks-fire-walk-with-me-1992.pdf?v=1729115054","logger":"root","filename":"ingestion_dag_3.py","lineno":180}
{"timestamp":"2025-11-18T16:38:31.899423Z","level":"info","event":"_download_pdf - Pdf downloaded from : https://assets.scriptslug.com/live/pdf/scripts/twins-1988.pdf?v=1729115054","logger":"root","filename":"ingestion_dag_3.py","lineno":180}
{"timestamp":"2025-11-18T16:38:34.795615Z","level":"info","event":"_download_pdf - Pdf downloaded from : https://assets.scriptslug.com/live/pdf/scripts/tar-2022.pdf?v=1729115004","logger":"root","filename":"ingestion_dag_3.py","lineno":180}
{"timestamp":"2025-11-18T16:38:35.488729Z","level":"info","event":"_download_pdf - Pdf downloaded from : https://assets.scriptslug.com/live/pdf/scripts/unbreakable-2000.pdf?v=1729115055","logger":"root","filename":"ingestion_dag_3.py","lineno":180}
{"timestamp":"2025-11-18T16:38:38.422818Z","level":"info","event":"_download_pdf - Pdf downloaded from : https://assets.scriptslug.com/live/pdf/scripts/uncle-buck-1989.pdf?v=1729115055","logger":"root","filename":"ingestion_dag_3.py","lineno":180}
{"timestamp":"2025-11-18T16:38:44.685164Z","level":"info","event":"_download_pdf - Pdf downloaded from : https://assets.scriptslug.com/live/pdf/scripts/under-siege-1992.pdf?v=1729115055","logger":"root","filename":"ingestion_dag_3.py","lineno":180}
{"timestamp":"2025-11-18T16:38:47.420492Z","level":"info","event":"_download_pdf - Pdf downloaded from : https://assets.scriptslug.com/live/pdf/scripts/under-the-silver-lake-2018.pdf?v=1729115055","logger":"root","filename":"ingestion_dag_3.py","lineno":180}
{"timestamp":"2025-11-18T16:38:48.615759Z","level":"info","event":"_download_pdf - Pdf downloaded from : https://assets.scriptslug.com/live/pdf/scripts/underwater-2020.pdf?v=1729115055","logger":"root","filename":"ingestion_dag_3.py","lineno":180}
{"timestamp":"2025-11-18T16:38:54.032777Z","level":"info","event":"_download_pdf - Pdf downloaded from : https://assets.scriptslug.com/live/pdf/scripts/underworld-2003.pdf?v=1729115055","logger":"root","filename":"ingestion_dag_3.py","lineno":180}
{"timestamp":"2025-11-18T16:38:55.364068Z","level":"info","event":"_download_pdf - Pdf downloaded from : https://assets.scriptslug.com/live/pdf/scripts/unforgiven-1992.pdf?v=1729115055","logger":"root","filename":"ingestion_dag_3.py","lineno":180}
{"timestamp":"2025-11-18T16:38:57.965651Z","level":"info","event":"_download_pdf - Pdf downloaded from : https://assets.scriptslug.com/live/pdf/scripts/up-2009.pdf?v=1729115055","logger":"root","filename":"ingestion_dag_3.py","lineno":180}
{"timestamp":"2025-11-18T16:39:04.517733Z","level":"info","event":"_download_pdf - Pdf downloaded from : https://assets.scriptslug.com/live/pdf/scripts/up-in-the-air-2009.pdf?v=1729115056","logger":"root","filename":"ingestion_dag_3.py","lineno":180}
{"timestamp":"2025-11-18T16:39:05.414393Z","level":"info","event":"_download_pdf - Pdf downloaded from : https://assets.scriptslug.com/live/pdf/scripts/upgrade-2018.pdf?v=1729115056","logger":"root","filename":"ingestion_dag_3.py","lineno":180}
{"timestamp":"2025-11-18T16:39:06.069539Z","level":"info","event":"_download_pdf - Pdf downloaded from : https://assets.scriptslug.com/live/pdf/scripts/upstream-color-2013.pdf?v=1729115056","logger":"root","filename":"ingestion_dag_3.py","lineno":180}
{"timestamp":"2025-11-18T16:39:06.799918Z","level":"info","event":"_download_pdf - Pdf downloaded from : https://assets.scriptslug.com/live/pdf/scripts/us-2019.pdf?v=1729115056","logger":"root","filename":"ingestion_dag_3.py","lineno":180}
{"timestamp":"2025-11-18T16:39:07.535355Z","level":"info","event":"_download_pdf - Pdf downloaded from : https://assets.scriptslug.com/live/pdf/scripts/v-for-vendetta-2006.pdf?v=1729115056","logger":"root","filename":"ingestion_dag_3.py","lineno":180}
{"timestamp":"2025-11-18T16:39:08.304580Z","level":"info","event":"_download_pdf - Pdf downloaded from : https://assets.scriptslug.com/live/pdf/scripts/vacancy-2007.pdf?v=1729115056","logger":"root","filename":"ingestion_dag_3.py","lineno":180}
{"timestamp":"2025-11-18T16:39:09.173634Z","level":"info","event":"_download_pdf - Pdf downloaded from : https://assets.scriptslug.com/live/pdf/scripts/vacation-2015.pdf?v=1729115056","logger":"root","filename":"ingestion_dag_3.py","lineno":180}
{"timestamp":"2025-11-18T16:39:10.312652Z","level":"info","event":"_download_pdf - Pdf downloaded from : https://assets.scriptslug.com/live/pdf/scripts/van-helsing-2004.pdf?v=1729115056","logger":"root","filename":"ingestion_dag_3.py","lineno":180}
{"timestamp":"2025-11-18T16:39:12.277229Z","level":"info","event":"_download_pdf - Pdf downloaded from : https://assets.scriptslug.com/live/pdf/scripts/vanilla-sky-2001.pdf?v=1729115056","logger":"root","filename":"ingestion_dag_3.py","lineno":180}
{"timestamp":"2025-11-18T16:39:14.926751Z","level":"info","event":"_download_pdf - Pdf downloaded from : https://assets.scriptslug.com/live/pdf/scripts/velvet-buzzsaw-2019.pdf?v=1729115057","logger":"root","filename":"ingestion_dag_3.py","lineno":180}
{"timestamp":"2025-11-18T16:39:17.289732Z","level":"info","event":"_download_pdf - Pdf downloaded from : https://assets.scriptslug.com/live/pdf/scripts/vengeance-2022.pdf?v=1729115057","logger":"root","filename":"ingestion_dag_3.py","lineno":180}
{"timestamp":"2025-11-18T16:39:17.879035Z","level":"info","event":"_download_pdf - Pdf downloaded from : https://assets.scriptslug.com/live/pdf/scripts/vertigo-1985.pdf?v=1729115057","logger":"root","filename":"ingestion_dag_3.py","lineno":180}
{"timestamp":"2025-11-18T16:39:18.822664Z","level":"info","event":"_download_pdf - Pdf downloaded from : https://assets.scriptslug.com/live/pdf/scripts/vice-2018.pdf?v=1729115057","logger":"root","filename":"ingestion_dag_3.py","lineno":180}
{"timestamp":"2025-11-18T16:39:20.495810Z","level":"info","event":"_download_pdf - Pdf downloaded from : https://assets.scriptslug.com/live/pdf/scripts/victor-frankenstein-2015.pdf?v=1729115057","logger":"root","filename":"ingestion_dag_3.py","lineno":180}
{"timestamp":"2025-11-18T16:39:21.913626Z","level":"info","event":"_download_pdf - Pdf downloaded from : https://assets.scriptslug.com/live/pdf/scripts/victoria-and-abdul-2017.pdf?v=1729115057","logger":"root","filename":"ingestion_dag_3.py","lineno":180}
{"timestamp":"2025-11-18T16:39:23.479180Z","level":"info","event":"_download_pdf - Pdf downloaded from : https://assets.scriptslug.com/live/pdf/scripts/vox-lux-2018.pdf?v=1729115057","logger":"root","filename":"ingestion_dag_3.py","lineno":180}
{"timestamp":"2025-11-18T16:39:24.446761Z","level":"info","event":"_download_pdf - Pdf downloaded from : https://assets.scriptslug.com/live/pdf/scripts/wadjda-2012.pdf?v=1729115057","logger":"root","filename":"ingestion_dag_3.py","lineno":180}
{"timestamp":"2025-11-18T16:39:28.205044Z","level":"info","event":"_download_pdf - Pdf downloaded from : https://assets.scriptslug.com/live/pdf/scripts/walk-hard-the-dewey-cox-story-2007.pdf?v=1729115058","logger":"root","filename":"ingestion_dag_3.py","lineno":180}
{"timestamp":"2025-11-18T16:39:29.414084Z","level":"info","event":"_download_pdf - Pdf downloaded from : https://assets.scriptslug.com/live/pdf/scripts/wall-e-2008.pdf?v=1729115058","logger":"root","filename":"ingestion_dag_3.py","lineno":180}
{"timestamp":"2025-11-18T16:39:31.928659Z","level":"info","event":"_download_pdf - Pdf downloaded from : https://assets.scriptslug.com/live/pdf/scripts/wall-street-1987.pdf?v=1729115058","logger":"root","filename":"ingestion_dag_3.py","lineno":180}
{"timestamp":"2025-11-18T16:39:34.531724Z","level":"info","event":"_download_pdf - Pdf downloaded from : https://assets.scriptslug.com/live/pdf/scripts/wanted-2008.pdf?v=1729115058","logger":"root","filename":"ingestion_dag_3.py","lineno":180}
{"timestamp":"2025-11-18T16:39:35.399992Z","level":"info","event":"_download_pdf - Pdf downloaded from : https://assets.scriptslug.com/live/pdf/scripts/war-for-the-planets-of-the-apes-2017.pdf?v=1729115058","logger":"root","filename":"ingestion_dag_3.py","lineno":180}
{"timestamp":"2025-11-18T16:39:37.686719Z","level":"info","event":"_download_pdf - Pdf downloaded from : https://assets.scriptslug.com/live/pdf/scripts/war-of-the-roses-1989.pdf?v=1729115058","logger":"root","filename":"ingestion_dag_3.py","lineno":180}
{"timestamp":"2025-11-18T16:39:42.118357Z","level":"info","event":"_download_pdf - Pdf downloaded from : https://assets.scriptslug.com/live/pdf/scripts/war-of-the-worlds-2005.pdf?v=1729115058","logger":"root","filename":"ingestion_dag_3.py","lineno":180}
{"timestamp":"2025-11-18T16:39:42.995930Z","level":"info","event":"_download_pdf - Pdf downloaded from : https://assets.scriptslug.com/live/pdf/scripts/warrior-2011.pdf?v=1729115059","logger":"root","filename":"ingestion_dag_3.py","lineno":180}
{"timestamp":"2025-11-18T16:39:47.059077Z","level":"info","event":"_download_pdf - Pdf downloaded from : https://assets.scriptslug.com/live/pdf/scripts/watchmen-2009.pdf?v=1729115059","logger":"root","filename":"ingestion_dag_3.py","lineno":180}
{"timestamp":"2025-11-18T16:39:48.064890Z","level":"info","event":"_download_pdf - Pdf downloaded from : https://assets.scriptslug.com/live/pdf/scripts/waves-2019.pdf?v=1729115059","logger":"root","filename":"ingestion_dag_3.py","lineno":180}
{"timestamp":"2025-11-18T16:39:49.015741Z","level":"info","event":"_download_pdf - Pdf downloaded from : https://assets.scriptslug.com/live/pdf/scripts/we-need-to-talk-about-kevin-2011.pdf?v=1729115059","logger":"root","filename":"ingestion_dag_3.py","lineno":180}
{"timestamp":"2025-11-18T16:39:53.310492Z","level":"info","event":"_download_pdf - Pdf downloaded from : https://assets.scriptslug.com/live/pdf/scripts/wedding-crashers-2005.pdf?v=1729115059","logger":"root","filename":"ingestion_dag_3.py","lineno":180}
{"timestamp":"2025-11-18T16:39:57.819988Z","level":"info","event":"_download_pdf - Pdf downloaded from : https://assets.scriptslug.com/live/pdf/scripts/weird-science-1985.pdf?v=1729115059","logger":"root","filename":"ingestion_dag_3.py","lineno":180}
{"timestamp":"2025-11-18T16:39:59.007832Z","level":"info","event":"_download_pdf - Pdf downloaded from : https://assets.scriptslug.com/live/pdf/scripts/weird-the-al-yankovic-story-2022.pdf?v=1729115060","logger":"root","filename":"ingestion_dag_3.py","lineno":180}
{"timestamp":"2025-11-18T16:40:08.061517Z","level":"info","event":"_download_pdf - Pdf downloaded from : https://assets.scriptslug.com/live/pdf/scripts/were-no-angels-1989.pdf?v=1729115060","logger":"root","filename":"ingestion_dag_3.py","lineno":180}
{"timestamp":"2025-11-18T16:40:08.758055Z","level":"info","event":"_download_pdf - Pdf downloaded from : https://assets.scriptslug.com/live/pdf/scripts/new-nightmare-1994.pdf?v=1729114961","logger":"root","filename":"ingestion_dag_3.py","lineno":180}
{"timestamp":"2025-11-18T16:40:09.637215Z","level":"info","event":"_download_pdf - Pdf downloaded from : https://assets.scriptslug.com/live/pdf/scripts/west-side-story-2021.pdf?v=1729115060","logger":"root","filename":"ingestion_dag_3.py","lineno":180}
{"timestamp":"2025-11-18T16:40:34.910327Z","level":"info","event":"_download_pdf - Pdf downloaded from : https://assets.scriptslug.com/live/pdf/scripts/westworld-1973.pdf?v=1729115060","logger":"root","filename":"ingestion_dag_3.py","lineno":180}
{"timestamp":"2025-11-18T16:40:40.473552Z","level":"info","event":"_download_pdf - Pdf downloaded from : https://assets.scriptslug.com/live/pdf/scripts/what-dreams-may-come-1998.pdf?v=1729115060","logger":"root","filename":"ingestion_dag_3.py","lineno":180}
{"timestamp":"2025-11-18T16:40:41.448629Z","level":"info","event":"_download_pdf - Pdf downloaded from : https://assets.scriptslug.com/live/pdf/scripts/what-lies-beneath-2000.pdf?v=1729115060","logger":"root","filename":"ingestion_dag_3.py","lineno":180}
{"timestamp":"2025-11-18T16:40:43.026693Z","level":"info","event":"_download_pdf - Pdf downloaded from : https://assets.scriptslug.com/live/pdf/scripts/what-they-had-2018.pdf?v=1729115060","logger":"root","filename":"ingestion_dag_3.py","lineno":180}
{"timestamp":"2025-11-18T16:40:47.742521Z","level":"info","event":"_download_pdf - Pdf downloaded from : https://assets.scriptslug.com/live/pdf/scripts/when-harry-met-sally-1989.pdf?v=1729115061","logger":"root","filename":"ingestion_dag_3.py","lineno":180}
{"timestamp":"2025-11-18T16:40:56.325315Z","level":"info","event":"_download_pdf - Pdf downloaded from : https://assets.scriptslug.com/live/pdf/scripts/where-the-day-takes-you-1992.pdf?v=1729115061","logger":"root","filename":"ingestion_dag_3.py","lineno":180}
{"timestamp":"2025-11-18T16:40:57.375614Z","level":"info","event":"_download_pdf - Pdf downloaded from : https://assets.scriptslug.com/live/pdf/scripts/where-the-wild-things-are-2009.pdf?v=1729115061","logger":"root","filename":"ingestion_dag_3.py","lineno":180}
{"timestamp":"2025-11-18T16:41:01.721290Z","level":"info","event":"_download_pdf - Pdf downloaded from : https://assets.scriptslug.com/live/pdf/scripts/which-way-is-up-1977.pdf?v=1729115061","logger":"root","filename":"ingestion_dag_3.py","lineno":180}
{"timestamp":"2025-11-18T16:41:04.595054Z","level":"info","event":"_download_pdf - Pdf downloaded from : https://assets.scriptslug.com/live/pdf/scripts/while-you-were-sleeping-1995.pdf?v=1729115061","logger":"root","filename":"ingestion_dag_3.py","lineno":180}
{"timestamp":"2025-11-18T16:41:05.767287Z","level":"info","event":"_download_pdf - Pdf downloaded from : https://assets.scriptslug.com/live/pdf/scripts/whiplash-2014.pdf?v=1729115061","logger":"root","filename":"ingestion_dag_3.py","lineno":180}
{"timestamp":"2025-11-18T16:41:06.911089Z","level":"info","event":"_download_pdf - Pdf downloaded from : https://assets.scriptslug.com/live/pdf/scripts/white-noise-2022.pdf?v=1729115061","logger":"root","filename":"ingestion_dag_3.py","lineno":180}
{"timestamp":"2025-11-18T16:41:08.442201Z","level":"info","event":"_download_pdf - Pdf downloaded from : https://assets.scriptslug.com/live/pdf/scripts/whitney-houston-i-wanna-dance-with-somebody-2022.pdf?v=1729115061","logger":"root","filename":"ingestion_dag_3.py","lineno":180}
{"timestamp":"2025-11-18T16:41:09.101567Z","level":"info","event":"_download_pdf - Pdf downloaded from : https://assets.scriptslug.com/live/pdf/scripts/who-framed-roger-rabbit-1988.pdf?v=1729115061","logger":"root","filename":"ingestion_dag_3.py","lineno":180}
{"timestamp":"2025-11-18T16:41:10.021513Z","level":"info","event":"_download_pdf - Pdf downloaded from : https://assets.scriptslug.com/live/pdf/scripts/wicked-2024.pdf?v=1738546490","logger":"root","filename":"ingestion_dag_3.py","lineno":180}
{"timestamp":"2025-11-18T16:41:13.351559Z","level":"info","event":"_download_pdf - Pdf downloaded from : https://assets.scriptslug.com/live/pdf/scripts/wild-2014.pdf?v=1729115062","logger":"root","filename":"ingestion_dag_3.py","lineno":180}
{"timestamp":"2025-11-18T16:41:15.209826Z","level":"info","event":"_download_pdf - Pdf downloaded from : https://assets.scriptslug.com/live/pdf/scripts/wild-at-heart-1990.pdf?v=1729115062","logger":"root","filename":"ingestion_dag_3.py","lineno":180}
{"timestamp":"2025-11-18T16:41:16.018439Z","level":"info","event":"_download_pdf - Pdf downloaded from : https://assets.scriptslug.com/live/pdf/scripts/wildlife-2018.pdf?v=1729115062","logger":"root","filename":"ingestion_dag_3.py","lineno":180}
{"timestamp":"2025-11-18T16:41:18.902881Z","level":"info","event":"_download_pdf - Pdf downloaded from : https://assets.scriptslug.com/live/pdf/scripts/willy-wonka-and-the-chocolate-factory-1971.pdf?v=1729115062","logger":"root","filename":"ingestion_dag_3.py","lineno":180}
{"timestamp":"2025-11-18T16:41:19.698002Z","level":"info","event":"_download_pdf - Pdf downloaded from : https://assets.scriptslug.com/live/pdf/scripts/wind-river-2017.pdf?v=1729115062","logger":"root","filename":"ingestion_dag_3.py","lineno":180}
{"timestamp":"2025-11-18T16:41:26.175547Z","level":"info","event":"_download_pdf - Pdf downloaded from : https://assets.scriptslug.com/live/pdf/scripts/winters-tale-2013.pdf?v=1729115062","logger":"root","filename":"ingestion_dag_3.py","lineno":180}
{"timestamp":"2025-11-18T16:41:32.676438Z","level":"info","event":"_download_pdf - Pdf downloaded from : https://assets.scriptslug.com/live/pdf/scripts/wise-guys-1986.pdf?v=1729115062","logger":"root","filename":"ingestion_dag_3.py","lineno":180}
{"timestamp":"2025-11-18T16:41:36.004289Z","level":"info","event":"_download_pdf - Pdf downloaded from : https://assets.scriptslug.com/live/pdf/scripts/witness-1985.pdf?v=1729115063","logger":"root","filename":"ingestion_dag_3.py","lineno":180}
{"timestamp":"2025-11-18T16:41:37.601701Z","level":"info","event":"_download_pdf - Pdf downloaded from : https://assets.scriptslug.com/live/pdf/scripts/woman-in-gold-2015.pdf?v=1729115063","logger":"root","filename":"ingestion_dag_3.py","lineno":180}
{"timestamp":"2025-11-18T16:41:40.733212Z","level":"info","event":"_download_pdf - Pdf downloaded from : https://assets.scriptslug.com/live/pdf/scripts/women-talking-2022.pdf?v=1729115063","logger":"root","filename":"ingestion_dag_3.py","lineno":180}
{"timestamp":"2025-11-18T16:42:10.073525Z","level":"info","event":"_download_pdf - Pdf downloaded from : https://assets.scriptslug.com/live/pdf/scripts/wonder-boys-2000.pdf?v=1729115063","logger":"root","filename":"ingestion_dag_3.py","lineno":180}
{"timestamp":"2025-11-18T16:42:11.058002Z","level":"info","event":"_download_pdf - Pdf downloaded from : https://assets.scriptslug.com/live/pdf/scripts/wonder-woman-2017.pdf?v=1729115063","logger":"root","filename":"ingestion_dag_3.py","lineno":180}
{"timestamp":"2025-11-18T16:42:11.890600Z","level":"info","event":"_download_pdf - Pdf downloaded from : https://assets.scriptslug.com/live/pdf/scripts/wonka-2023.pdf?v=1729115063","logger":"root","filename":"ingestion_dag_3.py","lineno":180}
{"timestamp":"2025-11-18T16:42:12.883592Z","level":"info","event":"_download_pdf - Pdf downloaded from : https://assets.scriptslug.com/live/pdf/scripts/work-it-2020.pdf?v=1729115063","logger":"root","filename":"ingestion_dag_3.py","lineno":180}
{"timestamp":"2025-11-18T16:42:14.697633Z","level":"info","event":"_download_pdf - Pdf downloaded from : https://assets.scriptslug.com/live/pdf/scripts/working-girl-1988.pdf?v=1729115063","logger":"root","filename":"ingestion_dag_3.py","lineno":180}
{"timestamp":"2025-11-18T16:42:17.655523Z","level":"info","event":"_download_pdf - Pdf downloaded from : https://assets.scriptslug.com/live/pdf/scripts/wrongfully-accused-1998.pdf?v=1729115063","logger":"root","filename":"ingestion_dag_3.py","lineno":180}
{"timestamp":"2025-11-18T16:42:21.890114Z","level":"info","event":"_download_pdf - Pdf downloaded from : https://assets.scriptslug.com/live/pdf/scripts/x-men-2000.pdf?v=1729115064","logger":"root","filename":"ingestion_dag_3.py","lineno":180}
{"timestamp":"2025-11-18T16:42:22.639336Z","level":"info","event":"_download_pdf - Pdf downloaded from : https://assets.scriptslug.com/live/pdf/scripts/x-men-days-of-future-past-2014.pdf?v=1729115064","logger":"root","filename":"ingestion_dag_3.py","lineno":180}
{"timestamp":"2025-11-18T16:42:26.494646Z","level":"info","event":"_download_pdf - Pdf downloaded from : https://assets.scriptslug.com/live/pdf/scripts/x2-x-men-united-2003.pdf?v=1729115064","logger":"root","filename":"ingestion_dag_3.py","lineno":180}
{"timestamp":"2025-11-18T16:42:27.275989Z","level":"info","event":"_download_pdf - Pdf downloaded from : https://assets.scriptslug.com/live/pdf/scripts/xxx-2002.pdf?v=1729115064","logger":"root","filename":"ingestion_dag_3.py","lineno":180}
{"timestamp":"2025-11-18T16:42:28.369027Z","level":"info","event":"_download_pdf - Pdf downloaded from : https://assets.scriptslug.com/live/pdf/scripts/you-were-never-really-here-2017.pdf?v=1729115065","logger":"root","filename":"ingestion_dag_3.py","lineno":180}
{"timestamp":"2025-11-18T16:42:29.107417Z","level":"info","event":"_download_pdf - Pdf downloaded from : https://assets.scriptslug.com/live/pdf/scripts/young-adult-2011.pdf?v=1729115065","logger":"root","filename":"ingestion_dag_3.py","lineno":180}
{"timestamp":"2025-11-18T16:42:32.704617Z","level":"info","event":"_download_pdf - Pdf downloaded from : https://assets.scriptslug.com/live/pdf/scripts/young-frankenstein-1974.pdf?v=1729115065","logger":"root","filename":"ingestion_dag_3.py","lineno":180}
{"timestamp":"2025-11-18T16:42:35.646987Z","level":"info","event":"_download_pdf - Pdf downloaded from : https://assets.scriptslug.com/live/pdf/scripts/young-guns-1988.pdf?v=1729115065","logger":"root","filename":"ingestion_dag_3.py","lineno":180}
{"timestamp":"2025-11-18T16:42:36.900533Z","level":"info","event":"_download_pdf - Pdf downloaded from : https://assets.scriptslug.com/live/pdf/scripts/youre-next-2011.pdf?v=1729115065","logger":"root","filename":"ingestion_dag_3.py","lineno":180}
{"timestamp":"2025-11-18T16:42:38.952385Z","level":"info","event":"_download_pdf - Pdf downloaded from : https://assets.scriptslug.com/live/pdf/scripts/youth-in-revolt-2009.pdf?v=1729115065","logger":"root","filename":"ingestion_dag_3.py","lineno":180}
{"timestamp":"2025-11-18T16:42:41.633051Z","level":"info","event":"_download_pdf - Pdf downloaded from : https://assets.scriptslug.com/live/pdf/scripts/zathura-2005.pdf?v=1729115066","logger":"root","filename":"ingestion_dag_3.py","lineno":180}
{"timestamp":"2025-11-18T16:42:42.530506Z","level":"info","event":"_download_pdf - Pdf downloaded from : https://assets.scriptslug.com/live/pdf/scripts/zebra-girl-2021.pdf?v=1729115066","logger":"root","filename":"ingestion_dag_3.py","lineno":180}
{"timestamp":"2025-11-18T16:42:43.268199Z","level":"info","event":"_download_pdf - Pdf downloaded from : https://assets.scriptslug.com/live/pdf/scripts/zero-dark-thirty-2012.pdf?v=1729115066","logger":"root","filename":"ingestion_dag_3.py","lineno":180}
{"timestamp":"2025-11-18T16:42:44.271046Z","level":"info","event":"_download_pdf - Pdf downloaded from : https://assets.scriptslug.com/live/pdf/scripts/zodiac-2007.pdf?v=1729115066","logger":"root","filename":"ingestion_dag_3.py","lineno":180}
{"timestamp":"2025-11-18T16:42:45.108288Z","level":"info","event":"_download_pdf - Pdf downloaded from : https://assets.scriptslug.com/live/pdf/scripts/zombieland-2009.pdf?v=1729115066","logger":"root","filename":"ingestion_dag_3.py","lineno":180}
{"timestamp":"2025-11-18T16:42:46.038009Z","level":"info","event":"_download_pdf - Pdf downloaded from : https://assets.scriptslug.com/live/pdf/scripts/zombieland-double-tap-2019.pdf?v=1729115066","logger":"root","filename":"ingestion_dag_3.py","lineno":180}
{"timestamp":"2025-11-18T16:42:46.718127Z","level":"info","event":"_download_pdf - Pdf downloaded from : https://assets.scriptslug.com/live/pdf/scripts/zootopia-2016.pdf?v=1729115066","logger":"root","filename":"ingestion_dag_3.py","lineno":180}
{"timestamp":"2025-11-18T16:42:49.725063Z","level":"info","event":"_download_pdf - Pdf downloaded from : https://assets.scriptslug.com/live/pdf/scripts/three-amigos-1986.pdf?v=1729115049","logger":"root","filename":"ingestion_dag_3.py","lineno":180}
{"timestamp":"2025-11-18T16:42:49.731932Z","level":"info","event":"Done. Returned value was: None","logger":"airflow.task.operators.airflow.providers.standard.operators.python.PythonOperator","filename":"python.py","lineno":218}
