{"timestamp":"2026-01-06T13:57:03.620297Z","level":"info","event":"DAG bundles loaded: dags-folder","logger":"airflow.dag_processing.bundles.manager.DagBundlesManager","filename":"manager.py","lineno":179}
{"timestamp":"2026-01-06T13:57:03.621545Z","level":"info","event":"Filling up the DagBag from /opt/airflow/dags/ingestion_dag.py","logger":"airflow.models.dagbag.DagBag","filename":"dagbag.py","lineno":593}
{"timestamp":"2026-01-06T13:57:04.164233Z","level":"info","event":"--- Phase 1 : Collecting unique tropes on 1026 movies ---","logger":"root","filename":"ingestion_dag.py","lineno":381}
{"timestamp":"2026-01-06T13:57:04.164792Z","level":"info","event":"[1/1026] Extraction for : 10 Things I Hate About You","logger":"root","filename":"ingestion_dag.py","lineno":383}
{"timestamp":"2026-01-06T13:57:04.543188Z","level":"info","event":"[2/1026] Extraction for : 12 Angry Men","logger":"root","filename":"ingestion_dag.py","lineno":383}
{"timestamp":"2026-01-06T13:57:04.757596Z","level":"info","event":"[3/1026] Extraction for : 127 Hours","logger":"root","filename":"ingestion_dag.py","lineno":383}
{"timestamp":"2026-01-06T13:57:04.963141Z","level":"info","event":"[4/1026] Extraction for : 1408","logger":"root","filename":"ingestion_dag.py","lineno":383}
{"timestamp":"2026-01-06T13:57:05.176648Z","level":"info","event":"[5/1026] Extraction for : 16 Blocks","logger":"root","filename":"ingestion_dag.py","lineno":383}
{"timestamp":"2026-01-06T13:57:05.438119Z","level":"info","event":"[6/1026] Extraction for : 21 Jump Street","logger":"root","filename":"ingestion_dag.py","lineno":383}
{"timestamp":"2026-01-06T13:57:05.649492Z","level":"info","event":"[7/1026] Extraction for : 28 Days Later","logger":"root","filename":"ingestion_dag.py","lineno":383}
{"timestamp":"2026-01-06T13:57:05.861527Z","level":"info","event":"[8/1026] Extraction for : 28 Weeks Later","logger":"root","filename":"ingestion_dag.py","lineno":383}
{"timestamp":"2026-01-06T13:57:06.264428Z","level":"info","event":"[9/1026] Extraction for : 300","logger":"root","filename":"ingestion_dag.py","lineno":383}
{"timestamp":"2026-01-06T13:57:06.463404Z","level":"info","event":"[10/1026] Extraction for : 8½","logger":"root","filename":"ingestion_dag.py","lineno":383}
{"timestamp":"2026-01-06T13:57:06.691530Z","level":"info","event":"[11/1026] Extraction for : 8 Mile","logger":"root","filename":"ingestion_dag.py","lineno":383}
{"timestamp":"2026-01-06T13:57:06.901599Z","level":"info","event":"[12/1026] Extraction for : The Abyss","logger":"root","filename":"ingestion_dag.py","lineno":383}
{"timestamp":"2026-01-06T13:57:07.160341Z","level":"info","event":"[13/1026] Extraction for : Ad Astra","logger":"root","filename":"ingestion_dag.py","lineno":383}
{"timestamp":"2026-01-06T13:57:07.393397Z","level":"info","event":"[14/1026] Extraction for : Adaptation","logger":"root","filename":"ingestion_dag.py","lineno":383}
{"timestamp":"2026-01-06T13:57:07.500277Z","level":"info","event":"[15/1026] Extraction for : The Addams Family","logger":"root","filename":"ingestion_dag.py","lineno":383}
{"timestamp":"2026-01-06T13:57:08.041582Z","level":"info","event":"[16/1026] Extraction for : Addams Family Values","logger":"root","filename":"ingestion_dag.py","lineno":383}
{"timestamp":"2026-01-06T13:57:08.246008Z","level":"info","event":"[17/1026] Extraction for : The Adjustment Bureau","logger":"root","filename":"ingestion_dag.py","lineno":383}
{"timestamp":"2026-01-06T13:57:08.449050Z","level":"info","event":"[18/1026] Extraction for : The African Queen","logger":"root","filename":"ingestion_dag.py","lineno":383}
{"timestamp":"2026-01-06T13:57:08.654064Z","level":"info","event":"[19/1026] Extraction for : Air","logger":"root","filename":"ingestion_dag.py","lineno":383}
{"timestamp":"2026-01-06T13:57:08.853018Z","level":"info","event":"[20/1026] Extraction for : Air Force One","logger":"root","filename":"ingestion_dag.py","lineno":383}
{"timestamp":"2026-01-06T13:57:09.049722Z","level":"info","event":"[21/1026] Extraction for : Airplane 2 The Sequel","logger":"root","filename":"ingestion_dag.py","lineno":383}
{"timestamp":"2026-01-06T13:57:09.626983Z","level":"info","event":"[22/1026] Extraction for : Aladdin","logger":"root","filename":"ingestion_dag.py","lineno":383}
{"timestamp":"2026-01-06T13:57:10.029491Z","level":"info","event":"[23/1026] Extraction for : Ali","logger":"root","filename":"ingestion_dag.py","lineno":383}
{"timestamp":"2026-01-06T13:57:10.244198Z","level":"info","event":"[24/1026] Extraction for : Alien","logger":"root","filename":"ingestion_dag.py","lineno":383}
{"timestamp":"2026-01-06T13:57:10.644717Z","level":"info","event":"[25/1026] Extraction for : Alien 3","logger":"root","filename":"ingestion_dag.py","lineno":383}
{"timestamp":"2026-01-06T13:57:11.038865Z","level":"info","event":"[26/1026] Extraction for : Alien Resurrection","logger":"root","filename":"ingestion_dag.py","lineno":383}
{"timestamp":"2026-01-06T13:57:11.344012Z","level":"info","event":"[27/1026] Extraction for : Aliens","logger":"root","filename":"ingestion_dag.py","lineno":383}
{"timestamp":"2026-01-06T13:57:11.650113Z","level":"info","event":"[28/1026] Extraction for : All About Eve","logger":"root","filename":"ingestion_dag.py","lineno":383}
{"timestamp":"2026-01-06T13:57:11.859950Z","level":"info","event":"[29/1026] Extraction for : Almost Famous","logger":"root","filename":"ingestion_dag.py","lineno":383}
{"timestamp":"2026-01-06T13:57:12.086224Z","level":"info","event":"[30/1026] Extraction for : Altered States","logger":"root","filename":"ingestion_dag.py","lineno":383}
{"timestamp":"2026-01-06T13:57:12.281133Z","level":"info","event":"[31/1026] Extraction for : Amadeus","logger":"root","filename":"ingestion_dag.py","lineno":383}
{"timestamp":"2026-01-06T13:57:12.484058Z","level":"info","event":"[32/1026] Extraction for : The American","logger":"root","filename":"ingestion_dag.py","lineno":383}
{"timestamp":"2026-01-06T13:57:12.682499Z","level":"info","event":"[33/1026] Extraction for : American Beauty","logger":"root","filename":"ingestion_dag.py","lineno":383}
{"timestamp":"2026-01-06T13:57:12.923905Z","level":"info","event":"[34/1026] Extraction for : American Graffiti","logger":"root","filename":"ingestion_dag.py","lineno":383}
{"timestamp":"2026-01-06T13:57:13.297793Z","level":"info","event":"[35/1026] Extraction for : American Pie","logger":"root","filename":"ingestion_dag.py","lineno":383}
{"timestamp":"2026-01-06T13:57:13.691834Z","level":"info","event":"[36/1026] Extraction for : The American President","logger":"root","filename":"ingestion_dag.py","lineno":383}
{"timestamp":"2026-01-06T13:57:14.049624Z","level":"info","event":"[37/1026] Extraction for : American Psycho","logger":"root","filename":"ingestion_dag.py","lineno":383}
{"timestamp":"2026-01-06T13:57:14.469796Z","level":"info","event":"[38/1026] Extraction for : Amistad","logger":"root","filename":"ingestion_dag.py","lineno":383}
{"timestamp":"2026-01-06T13:57:14.658898Z","level":"info","event":"[39/1026] Extraction for : The Amityville Horror","logger":"root","filename":"ingestion_dag.py","lineno":383}
{"timestamp":"2026-01-06T13:57:15.019256Z","level":"info","event":"[40/1026] Extraction for : Amélie","logger":"root","filename":"ingestion_dag.py","lineno":383}
{"timestamp":"2026-01-06T13:57:15.387828Z","level":"info","event":"[41/1026] Extraction for : Anaconda","logger":"root","filename":"ingestion_dag.py","lineno":383}
{"timestamp":"2026-01-06T13:57:15.621739Z","level":"info","event":"[42/1026] Extraction for : Analyze This","logger":"root","filename":"ingestion_dag.py","lineno":383}
{"timestamp":"2026-01-06T13:57:15.823741Z","level":"info","event":"[43/1026] Extraction for : Anastasia","logger":"root","filename":"ingestion_dag.py","lineno":383}
{"timestamp":"2026-01-06T13:57:16.247244Z","level":"info","event":"[44/1026] Extraction for : Anger Management","logger":"root","filename":"ingestion_dag.py","lineno":383}
{"timestamp":"2026-01-06T13:57:16.624484Z","level":"info","event":"[45/1026] Extraction for : Animal Kingdom","logger":"root","filename":"ingestion_dag.py","lineno":383}
{"timestamp":"2026-01-06T13:57:16.830317Z","level":"info","event":"[46/1026] Extraction for : Annie Hall","logger":"root","filename":"ingestion_dag.py","lineno":383}
{"timestamp":"2026-01-06T13:57:17.032349Z","level":"info","event":"[47/1026] Extraction for : Annihilation","logger":"root","filename":"ingestion_dag.py","lineno":383}
{"timestamp":"2026-01-06T13:57:17.463197Z","level":"info","event":"[48/1026] Extraction for : Another Year","logger":"root","filename":"ingestion_dag.py","lineno":383}
{"timestamp":"2026-01-06T13:57:17.843381Z","level":"info","event":"[49/1026] Extraction for : The Apartment","logger":"root","filename":"ingestion_dag.py","lineno":383}
{"timestamp":"2026-01-06T13:57:18.057875Z","level":"info","event":"[50/1026] Extraction for : Apocalypse Now","logger":"root","filename":"ingestion_dag.py","lineno":383}
{"timestamp":"2026-01-06T13:57:18.280329Z","level":"info","event":"[51/1026] Extraction for : Argo","logger":"root","filename":"ingestion_dag.py","lineno":383}
{"timestamp":"2026-01-06T13:57:18.627793Z","level":"info","event":"[52/1026] Extraction for : Armageddon","logger":"root","filename":"ingestion_dag.py","lineno":383}
{"timestamp":"2026-01-06T13:57:19.054762Z","level":"info","event":"[53/1026] Extraction for : The Artist","logger":"root","filename":"ingestion_dag.py","lineno":383}
{"timestamp":"2026-01-06T13:57:19.443763Z","level":"info","event":"[54/1026] Extraction for : Avatar","logger":"root","filename":"ingestion_dag.py","lineno":383}
{"timestamp":"2026-01-06T13:57:19.793369Z","level":"info","event":"[55/1026] Extraction for : The Avengers","logger":"root","filename":"ingestion_dag.py","lineno":383}
{"timestamp":"2026-01-06T13:57:20.004407Z","level":"info","event":"[56/1026] Extraction for : The Aviator","logger":"root","filename":"ingestion_dag.py","lineno":383}
{"timestamp":"2026-01-06T13:57:20.201528Z","level":"info","event":"[57/1026] Extraction for : Baby Boy","logger":"root","filename":"ingestion_dag.py","lineno":383}
{"timestamp":"2026-01-06T13:57:20.393557Z","level":"info","event":"[58/1026] Extraction for : Bad Boys","logger":"root","filename":"ingestion_dag.py","lineno":383}
{"timestamp":"2026-01-06T13:57:20.599301Z","level":"info","event":"[59/1026] Extraction for : Bad Lieutenant","logger":"root","filename":"ingestion_dag.py","lineno":383}
{"timestamp":"2026-01-06T13:57:20.945617Z","level":"info","event":"[60/1026] Extraction for : Bad Moon","logger":"root","filename":"ingestion_dag.py","lineno":383}
{"timestamp":"2026-01-06T13:57:21.257114Z","level":"info","event":"[61/1026] Extraction for : Bad Santa","logger":"root","filename":"ingestion_dag.py","lineno":383}
{"timestamp":"2026-01-06T13:57:21.725134Z","level":"info","event":"[62/1026] Extraction for : Bad Teacher","logger":"root","filename":"ingestion_dag.py","lineno":383}
{"timestamp":"2026-01-06T13:57:22.087305Z","level":"info","event":"[63/1026] Extraction for : Badlands","logger":"root","filename":"ingestion_dag.py","lineno":383}
{"timestamp":"2026-01-06T13:57:22.441780Z","level":"info","event":"[64/1026] Extraction for : Barbarian","logger":"root","filename":"ingestion_dag.py","lineno":383}
{"timestamp":"2026-01-06T13:57:22.846101Z","level":"info","event":"[65/1026] Extraction for : Barbie","logger":"root","filename":"ingestion_dag.py","lineno":383}
{"timestamp":"2026-01-06T13:57:23.215176Z","level":"info","event":"[66/1026] Extraction for : Barton Fink","logger":"root","filename":"ingestion_dag.py","lineno":383}
{"timestamp":"2026-01-06T13:57:23.408462Z","level":"info","event":"[67/1026] Extraction for : Basic Instinct","logger":"root","filename":"ingestion_dag.py","lineno":383}
{"timestamp":"2026-01-06T13:57:23.609641Z","level":"info","event":"[68/1026] Extraction for : Basket Case","logger":"root","filename":"ingestion_dag.py","lineno":383}
{"timestamp":"2026-01-06T13:57:23.988793Z","level":"info","event":"[69/1026] Extraction for : Batman","logger":"root","filename":"ingestion_dag.py","lineno":383}
{"timestamp":"2026-01-06T13:57:24.401641Z","level":"info","event":"[70/1026] Extraction for : The Batman","logger":"root","filename":"ingestion_dag.py","lineno":383}
{"timestamp":"2026-01-06T13:57:24.870225Z","level":"info","event":"[71/1026] Extraction for : Batman Begins","logger":"root","filename":"ingestion_dag.py","lineno":383}
{"timestamp":"2026-01-06T13:57:25.312965Z","level":"info","event":"[72/1026] Extraction for : Batman Forever","logger":"root","filename":"ingestion_dag.py","lineno":383}
{"timestamp":"2026-01-06T13:57:25.677687Z","level":"info","event":"[73/1026] Extraction for : Batman Returns","logger":"root","filename":"ingestion_dag.py","lineno":383}
{"timestamp":"2026-01-06T13:57:26.070311Z","level":"info","event":"[74/1026] Extraction for : Battlefield Earth","logger":"root","filename":"ingestion_dag.py","lineno":383}
{"timestamp":"2026-01-06T13:57:26.464194Z","level":"info","event":"[75/1026] Extraction for : Baywatch","logger":"root","filename":"ingestion_dag.py","lineno":383}
{"timestamp":"2026-01-06T13:57:26.660658Z","level":"info","event":"[76/1026] Extraction for : Beau Is Afraid","logger":"root","filename":"ingestion_dag.py","lineno":383}
{"timestamp":"2026-01-06T13:57:26.858714Z","level":"info","event":"[77/1026] Extraction for : A Beautiful Mind","logger":"root","filename":"ingestion_dag.py","lineno":383}
{"timestamp":"2026-01-06T13:57:27.276290Z","level":"info","event":"[78/1026] Extraction for : Beetlejuice","logger":"root","filename":"ingestion_dag.py","lineno":383}
{"timestamp":"2026-01-06T13:57:27.497494Z","level":"info","event":"[79/1026] Extraction for : Being John Malkovich","logger":"root","filename":"ingestion_dag.py","lineno":383}
{"timestamp":"2026-01-06T13:57:27.707868Z","level":"info","event":"[80/1026] Extraction for : Being There","logger":"root","filename":"ingestion_dag.py","lineno":383}
{"timestamp":"2026-01-06T13:57:28.091360Z","level":"info","event":"[81/1026] Extraction for : Beverly Hills Cop","logger":"root","filename":"ingestion_dag.py","lineno":383}
{"timestamp":"2026-01-06T13:57:28.446084Z","level":"info","event":"[82/1026] Extraction for : Big","logger":"root","filename":"ingestion_dag.py","lineno":383}
{"timestamp":"2026-01-06T13:57:28.791793Z","level":"info","event":"[83/1026] Extraction for : The Big Chill","logger":"root","filename":"ingestion_dag.py","lineno":383}
{"timestamp":"2026-01-06T13:57:29.041631Z","level":"info","event":"[84/1026] Extraction for : The Big Easy","logger":"root","filename":"ingestion_dag.py","lineno":383}
{"timestamp":"2026-01-06T13:57:29.437260Z","level":"info","event":"[85/1026] Extraction for : Big Fish","logger":"root","filename":"ingestion_dag.py","lineno":383}
{"timestamp":"2026-01-06T13:57:29.795043Z","level":"info","event":"[86/1026] Extraction for : The Big Lebowski","logger":"root","filename":"ingestion_dag.py","lineno":383}
{"timestamp":"2026-01-06T13:57:30.172892Z","level":"info","event":"[87/1026] Extraction for : The Birdcage","logger":"root","filename":"ingestion_dag.py","lineno":383}
{"timestamp":"2026-01-06T13:57:30.527625Z","level":"info","event":"[88/1026] Extraction for : Birdman","logger":"root","filename":"ingestion_dag.py","lineno":383}
{"timestamp":"2026-01-06T13:57:30.932191Z","level":"info","event":"[89/1026] Extraction for : The Birds","logger":"root","filename":"ingestion_dag.py","lineno":383}
{"timestamp":"2026-01-06T13:57:31.323662Z","level":"info","event":"[90/1026] Extraction for : Black Christmas","logger":"root","filename":"ingestion_dag.py","lineno":383}
{"timestamp":"2026-01-06T13:57:31.561425Z","level":"info","event":"[91/1026] Extraction for : Black Panther","logger":"root","filename":"ingestion_dag.py","lineno":383}
{"timestamp":"2026-01-06T13:57:31.783635Z","level":"info","event":"[92/1026] Extraction for : Black Swan","logger":"root","filename":"ingestion_dag.py","lineno":383}
{"timestamp":"2026-01-06T13:57:32.232121Z","level":"info","event":"[93/1026] Extraction for : Blade","logger":"root","filename":"ingestion_dag.py","lineno":383}
{"timestamp":"2026-01-06T13:57:32.432097Z","level":"info","event":"[94/1026] Extraction for : Blade Runner","logger":"root","filename":"ingestion_dag.py","lineno":383}
{"timestamp":"2026-01-06T13:57:32.832650Z","level":"info","event":"[95/1026] Extraction for : Blankman","logger":"root","filename":"ingestion_dag.py","lineno":383}
{"timestamp":"2026-01-06T13:57:33.036182Z","level":"info","event":"[96/1026] Extraction for : Blazing Saddles","logger":"root","filename":"ingestion_dag.py","lineno":383}
{"timestamp":"2026-01-06T13:57:33.461419Z","level":"info","event":"[97/1026] Extraction for : The Blob","logger":"root","filename":"ingestion_dag.py","lineno":383}
{"timestamp":"2026-01-06T13:57:33.881838Z","level":"info","event":"[98/1026] Extraction for : Blood Diamond","logger":"root","filename":"ingestion_dag.py","lineno":383}
{"timestamp":"2026-01-06T13:57:34.265795Z","level":"info","event":"[99/1026] Extraction for : Blue Valentine","logger":"root","filename":"ingestion_dag.py","lineno":383}
{"timestamp":"2026-01-06T13:57:34.496897Z","level":"info","event":"[100/1026] Extraction for : Blue Velvet","logger":"root","filename":"ingestion_dag.py","lineno":383}
{"timestamp":"2026-01-06T13:57:34.708608Z","level":"info","event":"[101/1026] Extraction for : The Blues Brothers","logger":"root","filename":"ingestion_dag.py","lineno":383}
{"timestamp":"2026-01-06T13:57:34.924383Z","level":"info","event":"[102/1026] Extraction for : The Bodyguard","logger":"root","filename":"ingestion_dag.py","lineno":383}
{"timestamp":"2026-01-06T13:57:35.127933Z","level":"info","event":"[103/1026] Extraction for : Bohemian Rhapsody","logger":"root","filename":"ingestion_dag.py","lineno":383}
{"timestamp":"2026-01-06T13:57:35.672412Z","level":"info","event":"[104/1026] Extraction for : Boogie Nights","logger":"root","filename":"ingestion_dag.py","lineno":383}
{"timestamp":"2026-01-06T13:57:35.871928Z","level":"info","event":"[105/1026] Extraction for : Bookworm","logger":"root","filename":"ingestion_dag.py","lineno":383}
{"timestamp":"2026-01-06T13:57:36.291588Z","level":"info","event":"[106/1026] Extraction for : Boomerang","logger":"root","filename":"ingestion_dag.py","lineno":383}
{"timestamp":"2026-01-06T13:57:36.665242Z","level":"info","event":"[107/1026] Extraction for : The Boondock Saints","logger":"root","filename":"ingestion_dag.py","lineno":383}
{"timestamp":"2026-01-06T13:57:37.045902Z","level":"info","event":"[108/1026] Extraction for : Bound","logger":"root","filename":"ingestion_dag.py","lineno":383}
{"timestamp":"2026-01-06T13:57:37.511188Z","level":"info","event":"[109/1026] Extraction for : The Bourne Identity","logger":"root","filename":"ingestion_dag.py","lineno":383}
{"timestamp":"2026-01-06T13:57:38.026260Z","level":"info","event":"[110/1026] Extraction for : The Bourne Supremacy","logger":"root","filename":"ingestion_dag.py","lineno":383}
{"timestamp":"2026-01-06T13:57:38.284597Z","level":"info","event":"[111/1026] Extraction for : The Bourne Ultimatum","logger":"root","filename":"ingestion_dag.py","lineno":383}
{"timestamp":"2026-01-06T13:57:38.563660Z","level":"info","event":"[112/1026] Extraction for : Bowfinger","logger":"root","filename":"ingestion_dag.py","lineno":383}
{"timestamp":"2026-01-06T13:57:38.777690Z","level":"info","event":"[113/1026] Extraction for : The Boxtrolls","logger":"root","filename":"ingestion_dag.py","lineno":383}
{"timestamp":"2026-01-06T13:57:39.194904Z","level":"info","event":"[114/1026] Extraction for : The Brady Bunch Movie","logger":"root","filename":"ingestion_dag.py","lineno":383}
{"timestamp":"2026-01-06T13:57:39.765406Z","level":"info","event":"[115/1026] Extraction for : Braveheart","logger":"root","filename":"ingestion_dag.py","lineno":383}
{"timestamp":"2026-01-06T13:57:39.998419Z","level":"info","event":"[116/1026] Extraction for : Breach","logger":"root","filename":"ingestion_dag.py","lineno":383}
{"timestamp":"2026-01-06T13:57:40.189118Z","level":"info","event":"[117/1026] Extraction for : The Breakfast Club","logger":"root","filename":"ingestion_dag.py","lineno":383}
{"timestamp":"2026-01-06T13:57:40.587960Z","level":"info","event":"[118/1026] Extraction for : Brick","logger":"root","filename":"ingestion_dag.py","lineno":383}
{"timestamp":"2026-01-06T13:57:40.988296Z","level":"info","event":"[119/1026] Extraction for : Bridesmaids","logger":"root","filename":"ingestion_dag.py","lineno":383}
{"timestamp":"2026-01-06T13:57:41.201937Z","level":"info","event":"[120/1026] Extraction for : Bridget Jones Diary","logger":"root","filename":"ingestion_dag.py","lineno":383}
{"timestamp":"2026-01-06T13:57:41.626123Z","level":"info","event":"[121/1026] Extraction for : Broadcast News","logger":"root","filename":"ingestion_dag.py","lineno":383}
{"timestamp":"2026-01-06T13:57:41.825404Z","level":"info","event":"[122/1026] Extraction for : Brokeback Mountain","logger":"root","filename":"ingestion_dag.py","lineno":383}
{"timestamp":"2026-01-06T13:57:42.021251Z","level":"info","event":"[123/1026] Extraction for : Broken Arrow","logger":"root","filename":"ingestion_dag.py","lineno":383}
{"timestamp":"2026-01-06T13:57:42.403831Z","level":"info","event":"[124/1026] Extraction for : Brooklyn","logger":"root","filename":"ingestion_dag.py","lineno":383}
{"timestamp":"2026-01-06T13:57:42.616059Z","level":"info","event":"[125/1026] Extraction for : The Brothers Bloom","logger":"root","filename":"ingestion_dag.py","lineno":383}
{"timestamp":"2026-01-06T13:57:42.832393Z","level":"info","event":"[126/1026] Extraction for : The Burbs","logger":"root","filename":"ingestion_dag.py","lineno":383}
{"timestamp":"2026-01-06T13:57:43.031875Z","level":"info","event":"[127/1026] Extraction for : Buried","logger":"root","filename":"ingestion_dag.py","lineno":383}
{"timestamp":"2026-01-06T13:57:43.229927Z","level":"info","event":"[128/1026] Extraction for : Burn After Reading","logger":"root","filename":"ingestion_dag.py","lineno":383}
{"timestamp":"2026-01-06T13:57:43.428724Z","level":"info","event":"[129/1026] Extraction for : Caddyshack","logger":"root","filename":"ingestion_dag.py","lineno":383}
{"timestamp":"2026-01-06T13:57:43.625729Z","level":"info","event":"[130/1026] Extraction for : Candyman","logger":"root","filename":"ingestion_dag.py","lineno":383}
{"timestamp":"2026-01-06T13:57:43.837439Z","level":"info","event":"[131/1026] Extraction for : Candyman","logger":"root","filename":"ingestion_dag.py","lineno":383}
{"timestamp":"2026-01-06T13:57:43.934769Z","level":"info","event":"[132/1026] Extraction for : Cape Fear","logger":"root","filename":"ingestion_dag.py","lineno":383}
{"timestamp":"2026-01-06T13:57:44.150045Z","level":"info","event":"[133/1026] Extraction for : Capote","logger":"root","filename":"ingestion_dag.py","lineno":383}
{"timestamp":"2026-01-06T13:57:44.502811Z","level":"info","event":"[134/1026] Extraction for : Carlitos Way","logger":"root","filename":"ingestion_dag.py","lineno":383}
{"timestamp":"2026-01-06T13:57:45.076329Z","level":"info","event":"[135/1026] Extraction for : Carnage","logger":"root","filename":"ingestion_dag.py","lineno":383}
{"timestamp":"2026-01-06T13:57:45.476775Z","level":"info","event":"[136/1026] Extraction for : Carrie","logger":"root","filename":"ingestion_dag.py","lineno":383}
{"timestamp":"2026-01-06T13:57:45.704749Z","level":"info","event":"[137/1026] Extraction for : Casablanca","logger":"root","filename":"ingestion_dag.py","lineno":383}
{"timestamp":"2026-01-06T13:57:45.908185Z","level":"info","event":"[138/1026] Extraction for : Casino","logger":"root","filename":"ingestion_dag.py","lineno":383}
{"timestamp":"2026-01-06T13:57:46.141923Z","level":"info","event":"[139/1026] Extraction for : Casino Royale","logger":"root","filename":"ingestion_dag.py","lineno":383}
{"timestamp":"2026-01-06T13:57:46.346732Z","level":"info","event":"[140/1026] Extraction for : Casper","logger":"root","filename":"ingestion_dag.py","lineno":383}
{"timestamp":"2026-01-06T13:57:46.919758Z","level":"info","event":"[141/1026] Extraction for : Cast Away","logger":"root","filename":"ingestion_dag.py","lineno":383}
{"timestamp":"2026-01-06T13:57:47.363334Z","level":"info","event":"[142/1026] Extraction for : Catch Me If You Can","logger":"root","filename":"ingestion_dag.py","lineno":383}
{"timestamp":"2026-01-06T13:57:47.610579Z","level":"info","event":"[143/1026] Extraction for : Challengers","logger":"root","filename":"ingestion_dag.py","lineno":383}
{"timestamp":"2026-01-06T13:57:47.815573Z","level":"info","event":"[144/1026] Extraction for : Charlie Bartlett","logger":"root","filename":"ingestion_dag.py","lineno":383}
{"timestamp":"2026-01-06T13:57:48.163685Z","level":"info","event":"[145/1026] Extraction for : Chasing Amy","logger":"root","filename":"ingestion_dag.py","lineno":383}
{"timestamp":"2026-01-06T13:57:48.557754Z","level":"info","event":"[146/1026] Extraction for : Chef","logger":"root","filename":"ingestion_dag.py","lineno":383}
{"timestamp":"2026-01-06T13:57:48.921671Z","level":"info","event":"[147/1026] Extraction for : Childs Play","logger":"root","filename":"ingestion_dag.py","lineno":383}
{"timestamp":"2026-01-06T13:57:49.125810Z","level":"info","event":"[148/1026] Extraction for : Chinatown","logger":"root","filename":"ingestion_dag.py","lineno":383}
{"timestamp":"2026-01-06T13:57:49.395678Z","level":"info","event":"[149/1026] Extraction for : Christine","logger":"root","filename":"ingestion_dag.py","lineno":383}
{"timestamp":"2026-01-06T13:57:49.763082Z","level":"info","event":"[150/1026] Extraction for : A Christmas Story","logger":"root","filename":"ingestion_dag.py","lineno":383}
{"timestamp":"2026-01-06T13:57:50.157283Z","level":"info","event":"[151/1026] Extraction for : Chronicle","logger":"root","filename":"ingestion_dag.py","lineno":383}
{"timestamp":"2026-01-06T13:57:50.515033Z","level":"info","event":"[152/1026] Extraction for : Cinderella Man","logger":"root","filename":"ingestion_dag.py","lineno":383}
{"timestamp":"2026-01-06T13:57:50.718985Z","level":"info","event":"[153/1026] Extraction for : Citizen Kane","logger":"root","filename":"ingestion_dag.py","lineno":383}
{"timestamp":"2026-01-06T13:57:50.950496Z","level":"info","event":"[154/1026] Extraction for : Clerks","logger":"root","filename":"ingestion_dag.py","lineno":383}
{"timestamp":"2026-01-06T13:57:51.163580Z","level":"info","event":"[155/1026] Extraction for : Clerks 2","logger":"root","filename":"ingestion_dag.py","lineno":383}
{"timestamp":"2026-01-06T13:57:51.730568Z","level":"info","event":"[156/1026] Extraction for : A Clockwork Orange","logger":"root","filename":"ingestion_dag.py","lineno":383}
{"timestamp":"2026-01-06T13:57:51.921253Z","level":"info","event":"[157/1026] Extraction for : Cloud Atlas","logger":"root","filename":"ingestion_dag.py","lineno":383}
{"timestamp":"2026-01-06T13:57:52.293660Z","level":"info","event":"[158/1026] Extraction for : Cloverfield","logger":"root","filename":"ingestion_dag.py","lineno":383}
{"timestamp":"2026-01-06T13:57:52.553401Z","level":"info","event":"[159/1026] Extraction for : Clue","logger":"root","filename":"ingestion_dag.py","lineno":383}
{"timestamp":"2026-01-06T13:57:52.897313Z","level":"info","event":"[160/1026] Extraction for : Coco","logger":"root","filename":"ingestion_dag.py","lineno":383}
{"timestamp":"2026-01-06T13:57:53.280604Z","level":"info","event":"[161/1026] Extraction for : Cocoon","logger":"root","filename":"ingestion_dag.py","lineno":383}
{"timestamp":"2026-01-06T13:57:53.652897Z","level":"info","event":"[162/1026] Extraction for : Cold Mountain","logger":"root","filename":"ingestion_dag.py","lineno":383}
{"timestamp":"2026-01-06T13:57:53.845470Z","level":"info","event":"[163/1026] Extraction for : Collateral","logger":"root","filename":"ingestion_dag.py","lineno":383}
{"timestamp":"2026-01-06T13:57:54.226779Z","level":"info","event":"[164/1026] Extraction for : The Color Purple","logger":"root","filename":"ingestion_dag.py","lineno":383}
{"timestamp":"2026-01-06T13:57:54.593525Z","level":"info","event":"[165/1026] Extraction for : The Color Purple","logger":"root","filename":"ingestion_dag.py","lineno":383}
{"timestamp":"2026-01-06T13:57:54.689753Z","level":"info","event":"[166/1026] Extraction for : Coming Home","logger":"root","filename":"ingestion_dag.py","lineno":383}
{"timestamp":"2026-01-06T13:57:54.906711Z","level":"info","event":"[167/1026] Extraction for : Commando","logger":"root","filename":"ingestion_dag.py","lineno":383}
{"timestamp":"2026-01-06T13:57:55.319671Z","level":"info","event":"[168/1026] Extraction for : Con Air","logger":"root","filename":"ingestion_dag.py","lineno":383}
{"timestamp":"2026-01-06T13:57:55.516847Z","level":"info","event":"[169/1026] Extraction for : Coneheads","logger":"root","filename":"ingestion_dag.py","lineno":383}
{"timestamp":"2026-01-06T13:57:55.707732Z","level":"info","event":"[170/1026] Extraction for : Constantine","logger":"root","filename":"ingestion_dag.py","lineno":383}
{"timestamp":"2026-01-06T13:57:55.932133Z","level":"info","event":"[171/1026] Extraction for : Contact","logger":"root","filename":"ingestion_dag.py","lineno":383}
{"timestamp":"2026-01-06T13:57:56.292319Z","level":"info","event":"[172/1026] Extraction for : Contagion","logger":"root","filename":"ingestion_dag.py","lineno":383}
{"timestamp":"2026-01-06T13:57:56.496714Z","level":"info","event":"[173/1026] Extraction for : The Conversation","logger":"root","filename":"ingestion_dag.py","lineno":383}
{"timestamp":"2026-01-06T13:57:56.944533Z","level":"info","event":"[174/1026] Extraction for : Cool Hand Luke","logger":"root","filename":"ingestion_dag.py","lineno":383}
{"timestamp":"2026-01-06T13:57:57.378184Z","level":"info","event":"[175/1026] Extraction for : Cool Runnings","logger":"root","filename":"ingestion_dag.py","lineno":383}
{"timestamp":"2026-01-06T13:57:57.710008Z","level":"info","event":"[176/1026] Extraction for : Coraline","logger":"root","filename":"ingestion_dag.py","lineno":383}
{"timestamp":"2026-01-06T13:57:58.064504Z","level":"info","event":"[177/1026] Extraction for : Corpse Bride","logger":"root","filename":"ingestion_dag.py","lineno":383}
{"timestamp":"2026-01-06T13:57:58.253887Z","level":"info","event":"[178/1026] Extraction for : Courage Under Fire","logger":"root","filename":"ingestion_dag.py","lineno":383}
{"timestamp":"2026-01-06T13:57:58.599823Z","level":"info","event":"[179/1026] Extraction for : The Craft","logger":"root","filename":"ingestion_dag.py","lineno":383}
{"timestamp":"2026-01-06T13:57:58.790574Z","level":"info","event":"[180/1026] Extraction for : Crash","logger":"root","filename":"ingestion_dag.py","lineno":383}
{"timestamp":"2026-01-06T13:57:59.147965Z","level":"info","event":"[181/1026] Extraction for : Crawl","logger":"root","filename":"ingestion_dag.py","lineno":383}
{"timestamp":"2026-01-06T13:57:59.504393Z","level":"info","event":"[182/1026] Extraction for : Crazy Stupid Love","logger":"root","filename":"ingestion_dag.py","lineno":383}
{"timestamp":"2026-01-06T13:57:59.859189Z","level":"info","event":"[183/1026] Extraction for : Creed","logger":"root","filename":"ingestion_dag.py","lineno":383}
{"timestamp":"2026-01-06T13:58:00.060227Z","level":"info","event":"[184/1026] Extraction for : Critters","logger":"root","filename":"ingestion_dag.py","lineno":383}
{"timestamp":"2026-01-06T13:58:00.431239Z","level":"info","event":"[185/1026] Extraction for : The Crow","logger":"root","filename":"ingestion_dag.py","lineno":383}
{"timestamp":"2026-01-06T13:58:00.660555Z","level":"info","event":"[186/1026] Extraction for : Curly Sue","logger":"root","filename":"ingestion_dag.py","lineno":383}
{"timestamp":"2026-01-06T13:58:01.046270Z","level":"info","event":"[187/1026] Extraction for : Daredevil","logger":"root","filename":"ingestion_dag.py","lineno":383}
{"timestamp":"2026-01-06T13:58:01.437750Z","level":"info","event":"[188/1026] Extraction for : Dark City","logger":"root","filename":"ingestion_dag.py","lineno":383}
{"timestamp":"2026-01-06T13:58:01.638027Z","level":"info","event":"[189/1026] Extraction for : The Dark Knight","logger":"root","filename":"ingestion_dag.py","lineno":383}
{"timestamp":"2026-01-06T13:58:01.948366Z","level":"info","event":"[190/1026] Extraction for : The Dark Knight Rises","logger":"root","filename":"ingestion_dag.py","lineno":383}
{"timestamp":"2026-01-06T13:58:02.280066Z","level":"info","event":"[191/1026] Extraction for : Darkest Hour","logger":"root","filename":"ingestion_dag.py","lineno":383}
{"timestamp":"2026-01-06T13:58:02.498706Z","level":"info","event":"[192/1026] Extraction for : Darkman","logger":"root","filename":"ingestion_dag.py","lineno":383}
{"timestamp":"2026-01-06T13:58:02.687641Z","level":"info","event":"[193/1026] Extraction for : Dead Poets Society","logger":"root","filename":"ingestion_dag.py","lineno":383}
{"timestamp":"2026-01-06T13:58:02.887337Z","level":"info","event":"[194/1026] Extraction for : The Dead Zone","logger":"root","filename":"ingestion_dag.py","lineno":383}
{"timestamp":"2026-01-06T13:58:03.276381Z","level":"info","event":"[195/1026] Extraction for : Deadpool & Wolverine","logger":"root","filename":"ingestion_dag.py","lineno":383}
{"timestamp":"2026-01-06T13:58:03.738611Z","level":"info","event":"[196/1026] Extraction for : Deadpool","logger":"root","filename":"ingestion_dag.py","lineno":383}
{"timestamp":"2026-01-06T13:58:04.238965Z","level":"info","event":"[197/1026] Extraction for : Dear White People","logger":"root","filename":"ingestion_dag.py","lineno":383}
{"timestamp":"2026-01-06T13:58:04.587279Z","level":"info","event":"[198/1026] Extraction for : Death Becomes Her","logger":"root","filename":"ingestion_dag.py","lineno":383}
{"timestamp":"2026-01-06T13:58:04.949982Z","level":"info","event":"[199/1026] Extraction for : Death Note","logger":"root","filename":"ingestion_dag.py","lineno":383}
{"timestamp":"2026-01-06T13:58:05.169749Z","level":"info","event":"[200/1026] Extraction for : Death Proof","logger":"root","filename":"ingestion_dag.py","lineno":383}
{"timestamp":"2026-01-06T13:58:05.653498Z","level":"info","event":"[201/1026] Extraction for : The Deer Hunter","logger":"root","filename":"ingestion_dag.py","lineno":383}
{"timestamp":"2026-01-06T13:58:05.852687Z","level":"info","event":"[202/1026] Extraction for : Demolition Man","logger":"root","filename":"ingestion_dag.py","lineno":383}
{"timestamp":"2026-01-06T13:58:06.174551Z","level":"info","event":"[203/1026] Extraction for : The Departed","logger":"root","filename":"ingestion_dag.py","lineno":383}
{"timestamp":"2026-01-06T13:58:06.437696Z","level":"info","event":"[204/1026] Extraction for : The Descendants","logger":"root","filename":"ingestion_dag.py","lineno":383}
{"timestamp":"2026-01-06T13:58:06.829821Z","level":"info","event":"[205/1026] Extraction for : The Descent","logger":"root","filename":"ingestion_dag.py","lineno":383}
{"timestamp":"2026-01-06T13:58:07.249974Z","level":"info","event":"[206/1026] Extraction for : Destroyer","logger":"root","filename":"ingestion_dag.py","lineno":383}
{"timestamp":"2026-01-06T13:58:07.710409Z","level":"info","event":"[207/1026] Extraction for : The Devil Wears Prada","logger":"root","filename":"ingestion_dag.py","lineno":383}
{"timestamp":"2026-01-06T13:58:08.127178Z","level":"info","event":"[208/1026] Extraction for : Die Hard","logger":"root","filename":"ingestion_dag.py","lineno":383}
{"timestamp":"2026-01-06T13:58:08.365386Z","level":"info","event":"[209/1026] Extraction for : Die Hard 2","logger":"root","filename":"ingestion_dag.py","lineno":383}
{"timestamp":"2026-01-06T13:58:08.985327Z","level":"info","event":"[210/1026] Extraction for : Dirty Harry","logger":"root","filename":"ingestion_dag.py","lineno":383}
{"timestamp":"2026-01-06T13:58:09.404478Z","level":"info","event":"[211/1026] Extraction for : Disclosure","logger":"root","filename":"ingestion_dag.py","lineno":383}
{"timestamp":"2026-01-06T13:58:09.798459Z","level":"info","event":"[212/1026] Extraction for : Django Unchained","logger":"root","filename":"ingestion_dag.py","lineno":383}
{"timestamp":"2026-01-06T13:58:10.021957Z","level":"info","event":"[213/1026] Extraction for : Doctor Zhivago","logger":"root","filename":"ingestion_dag.py","lineno":383}
{"timestamp":"2026-01-06T13:58:10.382949Z","level":"info","event":"[214/1026] Extraction for : Dogma","logger":"root","filename":"ingestion_dag.py","lineno":383}
{"timestamp":"2026-01-06T13:58:10.584747Z","level":"info","event":"[215/1026] Extraction for : Dominion","logger":"root","filename":"ingestion_dag.py","lineno":383}
{"timestamp":"2026-01-06T13:58:10.792575Z","level":"info","event":"[216/1026] Extraction for : Donnie Brasco","logger":"root","filename":"ingestion_dag.py","lineno":383}
{"timestamp":"2026-01-06T13:58:11.002916Z","level":"info","event":"[217/1026] Extraction for : Donnie Darko","logger":"root","filename":"ingestion_dag.py","lineno":383}
{"timestamp":"2026-01-06T13:58:11.228503Z","level":"info","event":"[218/1026] Extraction for : Doom","logger":"root","filename":"ingestion_dag.py","lineno":383}
{"timestamp":"2026-01-06T13:58:11.871734Z","level":"info","event":"[219/1026] Extraction for : Doubt","logger":"root","filename":"ingestion_dag.py","lineno":383}
{"timestamp":"2026-01-06T13:58:12.077671Z","level":"info","event":"[220/1026] Extraction for : Downton Abbey","logger":"root","filename":"ingestion_dag.py","lineno":383}
{"timestamp":"2026-01-06T13:58:12.282186Z","level":"info","event":"[221/1026] Extraction for : Dragonheart","logger":"root","filename":"ingestion_dag.py","lineno":383}
{"timestamp":"2026-01-06T13:58:12.505839Z","level":"info","event":"[222/1026] Extraction for : Dredd","logger":"root","filename":"ingestion_dag.py","lineno":383}
{"timestamp":"2026-01-06T13:58:12.895060Z","level":"info","event":"[223/1026] Extraction for : Drive","logger":"root","filename":"ingestion_dag.py","lineno":383}
{"timestamp":"2026-01-06T13:58:13.286785Z","level":"info","event":"[224/1026] Extraction for : The Driver","logger":"root","filename":"ingestion_dag.py","lineno":383}
{"timestamp":"2026-01-06T13:58:13.489975Z","level":"info","event":"[225/1026] Extraction for : Driving Miss Daisy","logger":"root","filename":"ingestion_dag.py","lineno":383}
{"timestamp":"2026-01-06T13:58:13.836032Z","level":"info","event":"[226/1026] Extraction for : Dune","logger":"root","filename":"ingestion_dag.py","lineno":383}
{"timestamp":"2026-01-06T13:58:14.060911Z","level":"info","event":"[227/1026] Extraction for : Dune","logger":"root","filename":"ingestion_dag.py","lineno":383}
{"timestamp":"2026-01-06T13:58:14.486864Z","level":"info","event":"[228/1026] Extraction for : Duplicity","logger":"root","filename":"ingestion_dag.py","lineno":383}
{"timestamp":"2026-01-06T13:58:14.680909Z","level":"info","event":"[229/1026] Extraction for : Easy A","logger":"root","filename":"ingestion_dag.py","lineno":383}
{"timestamp":"2026-01-06T13:58:14.881846Z","level":"info","event":"[230/1026] Extraction for : Ed Wood","logger":"root","filename":"ingestion_dag.py","lineno":383}
{"timestamp":"2026-01-06T13:58:15.226316Z","level":"info","event":"[231/1026] Extraction for : Edward Scissorhands","logger":"root","filename":"ingestion_dag.py","lineno":383}
{"timestamp":"2026-01-06T13:58:15.596105Z","level":"info","event":"[232/1026] Extraction for : Election","logger":"root","filename":"ingestion_dag.py","lineno":383}
{"timestamp":"2026-01-06T13:58:15.962379Z","level":"info","event":"[233/1026] Extraction for : Elvis","logger":"root","filename":"ingestion_dag.py","lineno":383}
{"timestamp":"2026-01-06T13:58:16.570291Z","level":"info","event":"[234/1026] Extraction for : Emergency","logger":"root","filename":"ingestion_dag.py","lineno":383}
{"timestamp":"2026-01-06T13:58:16.930898Z","level":"info","event":"[235/1026] Extraction for : Emma","logger":"root","filename":"ingestion_dag.py","lineno":383}
{"timestamp":"2026-01-06T13:58:17.220596Z","level":"info","event":"[236/1026] Extraction for : Encanto","logger":"root","filename":"ingestion_dag.py","lineno":383}
{"timestamp":"2026-01-06T13:58:17.487489Z","level":"info","event":"[237/1026] Extraction for : Equity","logger":"root","filename":"ingestion_dag.py","lineno":383}
{"timestamp":"2026-01-06T13:58:17.711799Z","level":"info","event":"[238/1026] Extraction for : Eraser","logger":"root","filename":"ingestion_dag.py","lineno":383}
{"timestamp":"2026-01-06T13:58:18.087852Z","level":"info","event":"[239/1026] Extraction for : Erin Brockovich","logger":"root","filename":"ingestion_dag.py","lineno":383}
{"timestamp":"2026-01-06T13:58:18.285120Z","level":"info","event":"[240/1026] Extraction for : The Event","logger":"root","filename":"ingestion_dag.py","lineno":383}
{"timestamp":"2026-01-06T13:58:18.668961Z","level":"info","event":"[241/1026] Extraction for : Event Horizon","logger":"root","filename":"ingestion_dag.py","lineno":383}
{"timestamp":"2026-01-06T13:58:18.876902Z","level":"info","event":"[242/1026] Extraction for : The Evil Dead","logger":"root","filename":"ingestion_dag.py","lineno":383}
{"timestamp":"2026-01-06T13:58:19.522417Z","level":"info","event":"[243/1026] Extraction for : Evil Dead","logger":"root","filename":"ingestion_dag.py","lineno":383}
{"timestamp":"2026-01-06T13:58:19.936797Z","level":"info","event":"[244/1026] Extraction for : Evil Dead 2","logger":"root","filename":"ingestion_dag.py","lineno":383}
{"timestamp":"2026-01-06T13:58:20.338102Z","level":"info","event":"[245/1026] Extraction for : Evolution","logger":"root","filename":"ingestion_dag.py","lineno":383}
{"timestamp":"2026-01-06T13:58:20.735945Z","level":"info","event":"[246/1026] Extraction for : Ex Machina","logger":"root","filename":"ingestion_dag.py","lineno":383}
{"timestamp":"2026-01-06T13:58:21.128455Z","level":"info","event":"[247/1026] Extraction for : Excalibur","logger":"root","filename":"ingestion_dag.py","lineno":383}
{"timestamp":"2026-01-06T13:58:21.340479Z","level":"info","event":"[248/1026] Extraction for : The Exorcist","logger":"root","filename":"ingestion_dag.py","lineno":383}
{"timestamp":"2026-01-06T13:58:21.817655Z","level":"info","event":"[249/1026] Extraction for : The Expendables","logger":"root","filename":"ingestion_dag.py","lineno":383}
{"timestamp":"2026-01-06T13:58:22.023134Z","level":"info","event":"[250/1026] Extraction for : Eyes Wide Shut","logger":"root","filename":"ingestion_dag.py","lineno":383}
{"timestamp":"2026-01-06T13:58:22.387913Z","level":"info","event":"[251/1026] Extraction for : The Faculty","logger":"root","filename":"ingestion_dag.py","lineno":383}
{"timestamp":"2026-01-06T13:58:22.775733Z","level":"info","event":"[252/1026] Extraction for : Fanboys","logger":"root","filename":"ingestion_dag.py","lineno":383}
{"timestamp":"2026-01-06T13:58:23.148520Z","level":"info","event":"[253/1026] Extraction for : Fargo","logger":"root","filename":"ingestion_dag.py","lineno":383}
{"timestamp":"2026-01-06T13:58:23.348058Z","level":"info","event":"[254/1026] Extraction for : Fatal Attraction","logger":"root","filename":"ingestion_dag.py","lineno":383}
{"timestamp":"2026-01-06T13:58:23.555084Z","level":"info","event":"[255/1026] Extraction for : Fences","logger":"root","filename":"ingestion_dag.py","lineno":383}
{"timestamp":"2026-01-06T13:58:23.946873Z","level":"info","event":"[256/1026] Extraction for : A Few Good Men","logger":"root","filename":"ingestion_dag.py","lineno":383}
{"timestamp":"2026-01-06T13:58:24.335991Z","level":"info","event":"[257/1026] Extraction for : The Fifth Element","logger":"root","filename":"ingestion_dag.py","lineno":383}
{"timestamp":"2026-01-06T13:58:24.562443Z","level":"info","event":"[258/1026] Extraction for : Fight Club","logger":"root","filename":"ingestion_dag.py","lineno":383}
{"timestamp":"2026-01-06T13:58:24.918176Z","level":"info","event":"[259/1026] Extraction for : Final Destination","logger":"root","filename":"ingestion_dag.py","lineno":383}
{"timestamp":"2026-01-06T13:58:25.127402Z","level":"info","event":"[260/1026] Extraction for : Finding Nemo","logger":"root","filename":"ingestion_dag.py","lineno":383}
{"timestamp":"2026-01-06T13:58:25.361693Z","level":"info","event":"[261/1026] Extraction for : The Firm","logger":"root","filename":"ingestion_dag.py","lineno":383}
{"timestamp":"2026-01-06T13:58:25.599592Z","level":"info","event":"[262/1026] Extraction for : First Blood","logger":"root","filename":"ingestion_dag.py","lineno":383}
{"timestamp":"2026-01-06T13:58:25.956383Z","level":"info","event":"[263/1026] Extraction for : Flashdance","logger":"root","filename":"ingestion_dag.py","lineno":383}
{"timestamp":"2026-01-06T13:58:26.425304Z","level":"info","event":"[264/1026] Extraction for : Flatliners","logger":"root","filename":"ingestion_dag.py","lineno":383}
{"timestamp":"2026-01-06T13:58:26.641421Z","level":"info","event":"[265/1026] Extraction for : Flight","logger":"root","filename":"ingestion_dag.py","lineno":383}
{"timestamp":"2026-01-06T13:58:27.051769Z","level":"info","event":"[266/1026] Extraction for : The Fly","logger":"root","filename":"ingestion_dag.py","lineno":383}
{"timestamp":"2026-01-06T13:58:27.357500Z","level":"info","event":"[267/1026] Extraction for : The Fog","logger":"root","filename":"ingestion_dag.py","lineno":383}
{"timestamp":"2026-01-06T13:58:27.623482Z","level":"info","event":"[268/1026] Extraction for : Following","logger":"root","filename":"ingestion_dag.py","lineno":383}
{"timestamp":"2026-01-06T13:58:27.991615Z","level":"info","event":"[269/1026] Extraction for : For Your Eyes Only","logger":"root","filename":"ingestion_dag.py","lineno":383}
{"timestamp":"2026-01-06T13:58:28.349693Z","level":"info","event":"[270/1026] Extraction for : Forrest Gump","logger":"root","filename":"ingestion_dag.py","lineno":383}
{"timestamp":"2026-01-06T13:58:28.700763Z","level":"info","event":"[271/1026] Extraction for : Four Rooms","logger":"root","filename":"ingestion_dag.py","lineno":383}
{"timestamp":"2026-01-06T13:58:28.894633Z","level":"info","event":"[272/1026] Extraction for : The Fourth Kind","logger":"root","filename":"ingestion_dag.py","lineno":383}
{"timestamp":"2026-01-06T13:58:29.257066Z","level":"info","event":"[273/1026] Extraction for : Frailty","logger":"root","filename":"ingestion_dag.py","lineno":383}
{"timestamp":"2026-01-06T13:58:29.672509Z","level":"info","event":"[274/1026] Extraction for : Frank","logger":"root","filename":"ingestion_dag.py","lineno":383}
{"timestamp":"2026-01-06T13:58:30.039938Z","level":"info","event":"[275/1026] Extraction for : Frankenweenie","logger":"root","filename":"ingestion_dag.py","lineno":383}
{"timestamp":"2026-01-06T13:58:30.413644Z","level":"info","event":"[276/1026] Extraction for : Frantic","logger":"root","filename":"ingestion_dag.py","lineno":383}
{"timestamp":"2026-01-06T13:58:30.791377Z","level":"info","event":"[277/1026] Extraction for : Fred Claus","logger":"root","filename":"ingestion_dag.py","lineno":383}
{"timestamp":"2026-01-06T13:58:31.144542Z","level":"info","event":"[278/1026] Extraction for : The French Connection","logger":"root","filename":"ingestion_dag.py","lineno":383}
{"timestamp":"2026-01-06T13:58:31.349862Z","level":"info","event":"[279/1026] Extraction for : Frequency","logger":"root","filename":"ingestion_dag.py","lineno":383}
{"timestamp":"2026-01-06T13:58:31.735327Z","level":"info","event":"[280/1026] Extraction for : Fresh","logger":"root","filename":"ingestion_dag.py","lineno":383}
{"timestamp":"2026-01-06T13:58:32.104281Z","level":"info","event":"[281/1026] Extraction for : Friday","logger":"root","filename":"ingestion_dag.py","lineno":383}
{"timestamp":"2026-01-06T13:58:32.541524Z","level":"info","event":"[282/1026] Extraction for : The Frighteners","logger":"root","filename":"ingestion_dag.py","lineno":383}
{"timestamp":"2026-01-06T13:58:32.968672Z","level":"info","event":"[283/1026] Extraction for : Frozen","logger":"root","filename":"ingestion_dag.py","lineno":383}
{"timestamp":"2026-01-06T13:58:33.300994Z","level":"info","event":"[284/1026] Extraction for : Full Metal Jacket","logger":"root","filename":"ingestion_dag.py","lineno":383}
{"timestamp":"2026-01-06T13:58:33.690427Z","level":"info","event":"[285/1026] Extraction for : The Gambler","logger":"root","filename":"ingestion_dag.py","lineno":383}
{"timestamp":"2026-01-06T13:58:34.079709Z","level":"info","event":"[286/1026] Extraction for : Garden State","logger":"root","filename":"ingestion_dag.py","lineno":383}
{"timestamp":"2026-01-06T13:58:34.472903Z","level":"info","event":"[287/1026] Extraction for : Gattaca","logger":"root","filename":"ingestion_dag.py","lineno":383}
{"timestamp":"2026-01-06T13:58:34.856840Z","level":"info","event":"[288/1026] Extraction for : Gemini Man","logger":"root","filename":"ingestion_dag.py","lineno":383}
{"timestamp":"2026-01-06T13:58:35.072545Z","level":"info","event":"[289/1026] Extraction for : Get Carter","logger":"root","filename":"ingestion_dag.py","lineno":383}
{"timestamp":"2026-01-06T13:58:35.285406Z","level":"info","event":"[290/1026] Extraction for : Ghost","logger":"root","filename":"ingestion_dag.py","lineno":383}
{"timestamp":"2026-01-06T13:58:35.661022Z","level":"info","event":"[291/1026] Extraction for : Ghost Rider","logger":"root","filename":"ingestion_dag.py","lineno":383}
{"timestamp":"2026-01-06T13:58:35.894124Z","level":"info","event":"[292/1026] Extraction for : Ghostbusters","logger":"root","filename":"ingestion_dag.py","lineno":383}
{"timestamp":"2026-01-06T13:58:36.286455Z","level":"info","event":"[293/1026] Extraction for : Ginger Snaps","logger":"root","filename":"ingestion_dag.py","lineno":383}
{"timestamp":"2026-01-06T13:58:36.679491Z","level":"info","event":"[294/1026] Extraction for : Gladiator","logger":"root","filename":"ingestion_dag.py","lineno":383}
{"timestamp":"2026-01-06T13:58:37.027100Z","level":"info","event":"[295/1026] Extraction for : The Godfather","logger":"root","filename":"ingestion_dag.py","lineno":383}
{"timestamp":"2026-01-06T13:58:37.322273Z","level":"info","event":"[296/1026] Extraction for : Godzilla","logger":"root","filename":"ingestion_dag.py","lineno":383}
{"timestamp":"2026-01-06T13:58:37.779071Z","level":"info","event":"[297/1026] Extraction for : Gold","logger":"root","filename":"ingestion_dag.py","lineno":383}
{"timestamp":"2026-01-06T13:58:37.995308Z","level":"info","event":"[298/1026] Extraction for : Goldeneye","logger":"root","filename":"ingestion_dag.py","lineno":383}
{"timestamp":"2026-01-06T13:58:38.626813Z","level":"info","event":"[299/1026] Extraction for : Goldfinger","logger":"root","filename":"ingestion_dag.py","lineno":383}
{"timestamp":"2026-01-06T13:58:39.016736Z","level":"info","event":"[300/1026] Extraction for : Gone Baby Gone","logger":"root","filename":"ingestion_dag.py","lineno":383}
{"timestamp":"2026-01-06T13:58:39.231204Z","level":"info","event":"[301/1026] Extraction for : Good Morning Vietnam","logger":"root","filename":"ingestion_dag.py","lineno":383}
{"timestamp":"2026-01-06T13:58:39.431801Z","level":"info","event":"[302/1026] Extraction for : Good Will Hunting","logger":"root","filename":"ingestion_dag.py","lineno":383}
{"timestamp":"2026-01-06T13:58:39.818061Z","level":"info","event":"[303/1026] Extraction for : Goodfellas","logger":"root","filename":"ingestion_dag.py","lineno":383}
{"timestamp":"2026-01-06T13:58:40.037308Z","level":"info","event":"[304/1026] Extraction for : The Goonies","logger":"root","filename":"ingestion_dag.py","lineno":383}
{"timestamp":"2026-01-06T13:58:40.260021Z","level":"info","event":"[305/1026] Extraction for : The Graduate","logger":"root","filename":"ingestion_dag.py","lineno":383}
{"timestamp":"2026-01-06T13:58:40.487774Z","level":"info","event":"[306/1026] Extraction for : The Grand Budapest Hotel","logger":"root","filename":"ingestion_dag.py","lineno":383}
{"timestamp":"2026-01-06T13:58:40.894257Z","level":"info","event":"[307/1026] Extraction for : Gravity","logger":"root","filename":"ingestion_dag.py","lineno":383}
{"timestamp":"2026-01-06T13:58:41.098667Z","level":"info","event":"[308/1026] Extraction for : Grease","logger":"root","filename":"ingestion_dag.py","lineno":383}
{"timestamp":"2026-01-06T13:58:41.502553Z","level":"info","event":"[309/1026] Extraction for : The Great Escape","logger":"root","filename":"ingestion_dag.py","lineno":383}
{"timestamp":"2026-01-06T13:58:41.702585Z","level":"info","event":"[310/1026] Extraction for : The Great Muppet Caper","logger":"root","filename":"ingestion_dag.py","lineno":383}
{"timestamp":"2026-01-06T13:58:42.085321Z","level":"info","event":"[311/1026] Extraction for : Green Lantern","logger":"root","filename":"ingestion_dag.py","lineno":383}
{"timestamp":"2026-01-06T13:58:42.493035Z","level":"info","event":"[312/1026] Extraction for : Gremlins","logger":"root","filename":"ingestion_dag.py","lineno":383}
{"timestamp":"2026-01-06T13:58:42.893904Z","level":"info","event":"[313/1026] Extraction for : Gremlins 2 The New Batch","logger":"root","filename":"ingestion_dag.py","lineno":383}
{"timestamp":"2026-01-06T13:58:43.304178Z","level":"info","event":"[314/1026] Extraction for : Groundhog Day","logger":"root","filename":"ingestion_dag.py","lineno":383}
{"timestamp":"2026-01-06T13:58:43.515550Z","level":"info","event":"[315/1026] Extraction for : The Grudge","logger":"root","filename":"ingestion_dag.py","lineno":383}
{"timestamp":"2026-01-06T13:58:43.717607Z","level":"info","event":"[316/1026] Extraction for : The Grudge","logger":"root","filename":"ingestion_dag.py","lineno":383}
{"timestamp":"2026-01-06T13:58:43.824898Z","level":"info","event":"[317/1026] Extraction for : Hackers","logger":"root","filename":"ingestion_dag.py","lineno":383}
{"timestamp":"2026-01-06T13:58:44.042201Z","level":"info","event":"[318/1026] Extraction for : Halloween","logger":"root","filename":"ingestion_dag.py","lineno":383}
{"timestamp":"2026-01-06T13:58:44.239995Z","level":"info","event":"[319/1026] Extraction for : Halloween","logger":"root","filename":"ingestion_dag.py","lineno":383}
{"timestamp":"2026-01-06T13:58:44.445886Z","level":"info","event":"[320/1026] Extraction for : The Hangover","logger":"root","filename":"ingestion_dag.py","lineno":383}
{"timestamp":"2026-01-06T13:58:44.817394Z","level":"info","event":"[321/1026] Extraction for : Hanna","logger":"root","filename":"ingestion_dag.py","lineno":383}
{"timestamp":"2026-01-06T13:58:45.185214Z","level":"info","event":"[322/1026] Extraction for : Harlem Nights","logger":"root","filename":"ingestion_dag.py","lineno":383}
{"timestamp":"2026-01-06T13:58:45.548642Z","level":"info","event":"[323/1026] Extraction for : The Hateful Eight","logger":"root","filename":"ingestion_dag.py","lineno":383}
{"timestamp":"2026-01-06T13:58:45.781090Z","level":"info","event":"[324/1026] Extraction for : The Haunted Mansion","logger":"root","filename":"ingestion_dag.py","lineno":383}
{"timestamp":"2026-01-06T13:58:45.983732Z","level":"info","event":"[325/1026] Extraction for : Heat","logger":"root","filename":"ingestion_dag.py","lineno":383}
{"timestamp":"2026-01-06T13:58:46.325552Z","level":"info","event":"[326/1026] Extraction for : Heathers","logger":"root","filename":"ingestion_dag.py","lineno":383}
{"timestamp":"2026-01-06T13:58:46.683326Z","level":"info","event":"[327/1026] Extraction for : Heaven Can Wait","logger":"root","filename":"ingestion_dag.py","lineno":383}
{"timestamp":"2026-01-06T13:58:46.882246Z","level":"info","event":"[328/1026] Extraction for : Heavy Metal","logger":"root","filename":"ingestion_dag.py","lineno":383}
{"timestamp":"2026-01-06T13:58:47.479049Z","level":"info","event":"[329/1026] Extraction for : Heavyweights","logger":"root","filename":"ingestion_dag.py","lineno":383}
{"timestamp":"2026-01-06T13:58:47.681345Z","level":"info","event":"[330/1026] Extraction for : Hellboy","logger":"root","filename":"ingestion_dag.py","lineno":383}
{"timestamp":"2026-01-06T13:58:47.880739Z","level":"info","event":"[331/1026] Extraction for : Hellboy","logger":"root","filename":"ingestion_dag.py","lineno":383}
{"timestamp":"2026-01-06T13:58:48.235595Z","level":"info","event":"[332/1026] Extraction for : Hellraiser","logger":"root","filename":"ingestion_dag.py","lineno":383}
{"timestamp":"2026-01-06T13:58:48.456806Z","level":"info","event":"[333/1026] Extraction for : Hellraiser Deader","logger":"root","filename":"ingestion_dag.py","lineno":383}
{"timestamp":"2026-01-06T13:58:48.736402Z","level":"info","event":"[334/1026] Extraction for : Hellraiser Hellseeker","logger":"root","filename":"ingestion_dag.py","lineno":383}
{"timestamp":"2026-01-06T13:58:49.014100Z","level":"info","event":"[335/1026] Extraction for : The Help","logger":"root","filename":"ingestion_dag.py","lineno":383}
{"timestamp":"2026-01-06T13:58:49.471179Z","level":"info","event":"[336/1026] Extraction for : A Hero","logger":"root","filename":"ingestion_dag.py","lineno":383}
{"timestamp":"2026-01-06T13:58:49.855831Z","level":"info","event":"[337/1026] Extraction for : High Fidelity","logger":"root","filename":"ingestion_dag.py","lineno":383}
{"timestamp":"2026-01-06T13:58:50.241474Z","level":"info","event":"[338/1026] Extraction for : High Noon","logger":"root","filename":"ingestion_dag.py","lineno":383}
{"timestamp":"2026-01-06T13:58:50.620193Z","level":"info","event":"[339/1026] Extraction for : The Hills Have Eyes","logger":"root","filename":"ingestion_dag.py","lineno":383}
{"timestamp":"2026-01-06T13:58:50.999184Z","level":"info","event":"[340/1026] Extraction for : The Hitcher","logger":"root","filename":"ingestion_dag.py","lineno":383}
{"timestamp":"2026-01-06T13:58:51.367312Z","level":"info","event":"[341/1026] Extraction for : Hocus Pocus","logger":"root","filename":"ingestion_dag.py","lineno":383}
{"timestamp":"2026-01-06T13:58:51.718051Z","level":"info","event":"[342/1026] Extraction for : The Hole","logger":"root","filename":"ingestion_dag.py","lineno":383}
{"timestamp":"2026-01-06T13:58:52.087094Z","level":"info","event":"[343/1026] Extraction for : The Holiday","logger":"root","filename":"ingestion_dag.py","lineno":383}
{"timestamp":"2026-01-06T13:58:52.291806Z","level":"info","event":"[344/1026] Extraction for : Hollow Man","logger":"root","filename":"ingestion_dag.py","lineno":383}
{"timestamp":"2026-01-06T13:58:52.519772Z","level":"info","event":"[345/1026] Extraction for : Home Alone","logger":"root","filename":"ingestion_dag.py","lineno":383}
{"timestamp":"2026-01-06T13:58:52.903131Z","level":"info","event":"[346/1026] Extraction for : Horrible Bosses","logger":"root","filename":"ingestion_dag.py","lineno":383}
{"timestamp":"2026-01-06T13:58:53.100002Z","level":"info","event":"[347/1026] Extraction for : Hostel","logger":"root","filename":"ingestion_dag.py","lineno":383}
{"timestamp":"2026-01-06T13:58:53.302377Z","level":"info","event":"[348/1026] Extraction for : Hot Fuzz","logger":"root","filename":"ingestion_dag.py","lineno":383}
{"timestamp":"2026-01-06T13:58:53.698213Z","level":"info","event":"[349/1026] Extraction for : The Hours","logger":"root","filename":"ingestion_dag.py","lineno":383}
{"timestamp":"2026-01-06T13:58:54.052185Z","level":"info","event":"[350/1026] Extraction for : House Party","logger":"root","filename":"ingestion_dag.py","lineno":383}
{"timestamp":"2026-01-06T13:58:54.385547Z","level":"info","event":"[351/1026] Extraction for : The Howling","logger":"root","filename":"ingestion_dag.py","lineno":383}
{"timestamp":"2026-01-06T13:58:54.585462Z","level":"info","event":"[352/1026] Extraction for : Hugo","logger":"root","filename":"ingestion_dag.py","lineno":383}
{"timestamp":"2026-01-06T13:58:54.806975Z","level":"info","event":"[353/1026] Extraction for : The Hunger Games","logger":"root","filename":"ingestion_dag.py","lineno":383}
{"timestamp":"2026-01-06T13:58:55.001455Z","level":"info","event":"[354/1026] Extraction for : The Hurt Locker","logger":"root","filename":"ingestion_dag.py","lineno":383}
{"timestamp":"2026-01-06T13:58:55.208486Z","level":"info","event":"[355/1026] Extraction for : The Hustler","logger":"root","filename":"ingestion_dag.py","lineno":383}
{"timestamp":"2026-01-06T13:58:55.783541Z","level":"info","event":"[356/1026] Extraction for : Identity","logger":"root","filename":"ingestion_dag.py","lineno":383}
{"timestamp":"2026-01-06T13:58:56.148102Z","level":"info","event":"[357/1026] Extraction for : In Bruges","logger":"root","filename":"ingestion_dag.py","lineno":383}
{"timestamp":"2026-01-06T13:58:56.528724Z","level":"info","event":"[358/1026] Extraction for : Inception","logger":"root","filename":"ingestion_dag.py","lineno":383}
{"timestamp":"2026-01-06T13:58:56.750540Z","level":"info","event":"[359/1026] Extraction for : The Incredible Hulk","logger":"root","filename":"ingestion_dag.py","lineno":383}
{"timestamp":"2026-01-06T13:58:57.183819Z","level":"info","event":"[360/1026] Extraction for : The Incredibles","logger":"root","filename":"ingestion_dag.py","lineno":383}
{"timestamp":"2026-01-06T13:58:57.481520Z","level":"info","event":"[361/1026] Extraction for : Indecent Proposal","logger":"root","filename":"ingestion_dag.py","lineno":383}
{"timestamp":"2026-01-06T13:58:57.694059Z","level":"info","event":"[362/1026] Extraction for : Independence Day","logger":"root","filename":"ingestion_dag.py","lineno":383}
{"timestamp":"2026-01-06T13:58:58.143548Z","level":"info","event":"[363/1026] Extraction for : The Informant","logger":"root","filename":"ingestion_dag.py","lineno":383}
{"timestamp":"2026-01-06T13:58:58.346810Z","level":"info","event":"[364/1026] Extraction for : Inglourious Basterds","logger":"root","filename":"ingestion_dag.py","lineno":383}
{"timestamp":"2026-01-06T13:58:58.585535Z","level":"info","event":"[365/1026] Extraction for : Inherent Vice","logger":"root","filename":"ingestion_dag.py","lineno":383}
{"timestamp":"2026-01-06T13:58:58.805706Z","level":"info","event":"[366/1026] Extraction for : Innerspace","logger":"root","filename":"ingestion_dag.py","lineno":383}
{"timestamp":"2026-01-06T13:58:59.006329Z","level":"info","event":"[367/1026] Extraction for : Inside Out","logger":"root","filename":"ingestion_dag.py","lineno":383}
{"timestamp":"2026-01-06T13:58:59.210671Z","level":"info","event":"[368/1026] Extraction for : Insidious","logger":"root","filename":"ingestion_dag.py","lineno":383}
{"timestamp":"2026-01-06T13:58:59.551128Z","level":"info","event":"[369/1026] Extraction for : Insomnia","logger":"root","filename":"ingestion_dag.py","lineno":383}
{"timestamp":"2026-01-06T13:58:59.754979Z","level":"info","event":"[370/1026] Extraction for : Inspector Gadget","logger":"root","filename":"ingestion_dag.py","lineno":383}
{"timestamp":"2026-01-06T13:58:59.960753Z","level":"info","event":"[371/1026] Extraction for : The Interpreter","logger":"root","filename":"ingestion_dag.py","lineno":383}
{"timestamp":"2026-01-06T13:59:00.160594Z","level":"info","event":"[372/1026] Extraction for : Interstellar","logger":"root","filename":"ingestion_dag.py","lineno":383}
{"timestamp":"2026-01-06T13:59:00.532336Z","level":"info","event":"[373/1026] Extraction for : The Iron Giant","logger":"root","filename":"ingestion_dag.py","lineno":383}
{"timestamp":"2026-01-06T13:59:01.056743Z","level":"info","event":"[374/1026] Extraction for : Iron Man","logger":"root","filename":"ingestion_dag.py","lineno":383}
{"timestamp":"2026-01-06T13:59:01.296293Z","level":"info","event":"[375/1026] Extraction for : Jack Reacher","logger":"root","filename":"ingestion_dag.py","lineno":383}
{"timestamp":"2026-01-06T13:59:01.656268Z","level":"info","event":"[376/1026] Extraction for : Jackie Brown","logger":"root","filename":"ingestion_dag.py","lineno":383}
{"timestamp":"2026-01-06T13:59:02.054619Z","level":"info","event":"[377/1026] Extraction for : Jane Eyre","logger":"root","filename":"ingestion_dag.py","lineno":383}
{"timestamp":"2026-01-06T13:59:02.266450Z","level":"info","event":"[378/1026] Extraction for : Jarhead","logger":"root","filename":"ingestion_dag.py","lineno":383}
{"timestamp":"2026-01-06T13:59:02.609459Z","level":"info","event":"[379/1026] Extraction for : Jaws","logger":"root","filename":"ingestion_dag.py","lineno":383}
{"timestamp":"2026-01-06T13:59:02.807493Z","level":"info","event":"[380/1026] Extraction for : Jaws 2","logger":"root","filename":"ingestion_dag.py","lineno":383}
{"timestamp":"2026-01-06T13:59:03.396850Z","level":"info","event":"[381/1026] Extraction for : The Jerk","logger":"root","filename":"ingestion_dag.py","lineno":383}
{"timestamp":"2026-01-06T13:59:03.624315Z","level":"info","event":"[382/1026] Extraction for : Jerry Maguire","logger":"root","filename":"ingestion_dag.py","lineno":383}
{"timestamp":"2026-01-06T13:59:04.022344Z","level":"info","event":"[383/1026] Extraction for : Joker","logger":"root","filename":"ingestion_dag.py","lineno":383}
{"timestamp":"2026-01-06T13:59:04.266997Z","level":"info","event":"[384/1026] Extraction for : Jumanji","logger":"root","filename":"ingestion_dag.py","lineno":383}
{"timestamp":"2026-01-06T13:59:04.648508Z","level":"info","event":"[385/1026] Extraction for : Juno","logger":"root","filename":"ingestion_dag.py","lineno":383}
{"timestamp":"2026-01-06T13:59:04.866953Z","level":"info","event":"[386/1026] Extraction for : Jurassic Park","logger":"root","filename":"ingestion_dag.py","lineno":383}
{"timestamp":"2026-01-06T13:59:05.331451Z","level":"info","event":"[387/1026] Extraction for : Karate Kid","logger":"root","filename":"ingestion_dag.py","lineno":383}
{"timestamp":"2026-01-06T13:59:05.888132Z","level":"info","event":"[388/1026] Extraction for : Kids","logger":"root","filename":"ingestion_dag.py","lineno":383}
{"timestamp":"2026-01-06T13:59:06.236473Z","level":"info","event":"[389/1026] Extraction for : The Kids Are All Right","logger":"root","filename":"ingestion_dag.py","lineno":383}
{"timestamp":"2026-01-06T13:59:06.596944Z","level":"info","event":"[390/1026] Extraction for : The Killer","logger":"root","filename":"ingestion_dag.py","lineno":383}
{"timestamp":"2026-01-06T13:59:06.963346Z","level":"info","event":"[391/1026] Extraction for : Killer Klowns From Outer Space","logger":"root","filename":"ingestion_dag.py","lineno":383}
{"timestamp":"2026-01-06T13:59:07.415300Z","level":"info","event":"[392/1026] Extraction for : King Kong","logger":"root","filename":"ingestion_dag.py","lineno":383}
{"timestamp":"2026-01-06T13:59:07.625901Z","level":"info","event":"[393/1026] Extraction for : Kiss Kiss Bang Bang","logger":"root","filename":"ingestion_dag.py","lineno":383}
{"timestamp":"2026-01-06T13:59:08.008333Z","level":"info","event":"[394/1026] Extraction for : Knocked Up","logger":"root","filename":"ingestion_dag.py","lineno":383}
{"timestamp":"2026-01-06T13:59:08.200083Z","level":"info","event":"[395/1026] Extraction for : Labor Day","logger":"root","filename":"ingestion_dag.py","lineno":383}
{"timestamp":"2026-01-06T13:59:08.899838Z","level":"info","event":"[396/1026] Extraction for : Ladyhawke","logger":"root","filename":"ingestion_dag.py","lineno":383}
{"timestamp":"2026-01-06T13:59:09.101207Z","level":"info","event":"[397/1026] Extraction for : Lake Placid","logger":"root","filename":"ingestion_dag.py","lineno":383}
{"timestamp":"2026-01-06T13:59:09.522303Z","level":"info","event":"[398/1026] Extraction for : The Last Boy Scout","logger":"root","filename":"ingestion_dag.py","lineno":383}
{"timestamp":"2026-01-06T13:59:09.912068Z","level":"info","event":"[399/1026] Extraction for : The Last Castle","logger":"root","filename":"ingestion_dag.py","lineno":383}
{"timestamp":"2026-01-06T13:59:10.138189Z","level":"info","event":"[400/1026] Extraction for : Last Holiday","logger":"root","filename":"ingestion_dag.py","lineno":383}
{"timestamp":"2026-01-06T13:59:10.341873Z","level":"info","event":"[401/1026] Extraction for : The Last Picture Show","logger":"root","filename":"ingestion_dag.py","lineno":383}
{"timestamp":"2026-01-06T13:59:10.557812Z","level":"info","event":"[402/1026] Extraction for : Law Abiding Citizen","logger":"root","filename":"ingestion_dag.py","lineno":383}
{"timestamp":"2026-01-06T13:59:10.920625Z","level":"info","event":"[403/1026] Extraction for : Leaving Las Vegas","logger":"root","filename":"ingestion_dag.py","lineno":383}
{"timestamp":"2026-01-06T13:59:11.302151Z","level":"info","event":"[404/1026] Extraction for : Legend","logger":"root","filename":"ingestion_dag.py","lineno":383}
{"timestamp":"2026-01-06T13:59:11.656268Z","level":"info","event":"[405/1026] Extraction for : Legend","logger":"root","filename":"ingestion_dag.py","lineno":383}
{"timestamp":"2026-01-06T13:59:12.053744Z","level":"info","event":"[406/1026] Extraction for : Leprechaun","logger":"root","filename":"ingestion_dag.py","lineno":383}
{"timestamp":"2026-01-06T13:59:12.252817Z","level":"info","event":"[407/1026] Extraction for : Les Misérables","logger":"root","filename":"ingestion_dag.py","lineno":383}
{"timestamp":"2026-01-06T13:59:12.469646Z","level":"info","event":"[408/1026] Extraction for : Let Me In","logger":"root","filename":"ingestion_dag.py","lineno":383}
{"timestamp":"2026-01-06T13:59:12.871425Z","level":"info","event":"[409/1026] Extraction for : Lethal Weapon","logger":"root","filename":"ingestion_dag.py","lineno":383}
{"timestamp":"2026-01-06T13:59:13.078313Z","level":"info","event":"[410/1026] Extraction for : Lethal Weapon 2","logger":"root","filename":"ingestion_dag.py","lineno":383}
{"timestamp":"2026-01-06T13:59:13.369845Z","level":"info","event":"[411/1026] Extraction for : Lethal Weapon 4","logger":"root","filename":"ingestion_dag.py","lineno":383}
{"timestamp":"2026-01-06T13:59:13.712656Z","level":"info","event":"[412/1026] Extraction for : Liar Liar","logger":"root","filename":"ingestion_dag.py","lineno":383}
{"timestamp":"2026-01-06T13:59:13.920741Z","level":"info","event":"[413/1026] Extraction for : The Lincoln Lawyer","logger":"root","filename":"ingestion_dag.py","lineno":383}
{"timestamp":"2026-01-06T13:59:14.111046Z","level":"info","event":"[414/1026] Extraction for : The Lion King","logger":"root","filename":"ingestion_dag.py","lineno":383}
{"timestamp":"2026-01-06T13:59:14.521655Z","level":"info","event":"[415/1026] Extraction for : The Little Mermaid","logger":"root","filename":"ingestion_dag.py","lineno":383}
{"timestamp":"2026-01-06T13:59:14.744168Z","level":"info","event":"[416/1026] Extraction for : Little Miss Sunshine","logger":"root","filename":"ingestion_dag.py","lineno":383}
{"timestamp":"2026-01-06T13:59:15.099903Z","level":"info","event":"[417/1026] Extraction for : Little Women","logger":"root","filename":"ingestion_dag.py","lineno":383}
{"timestamp":"2026-01-06T13:59:15.530517Z","level":"info","event":"[418/1026] Extraction for : The Living Daylights","logger":"root","filename":"ingestion_dag.py","lineno":383}
{"timestamp":"2026-01-06T13:59:15.773043Z","level":"info","event":"[419/1026] Extraction for : The Lone Ranger","logger":"root","filename":"ingestion_dag.py","lineno":383}
{"timestamp":"2026-01-06T13:59:16.174987Z","level":"info","event":"[420/1026] Extraction for : Lone Survivor","logger":"root","filename":"ingestion_dag.py","lineno":383}
{"timestamp":"2026-01-06T13:59:16.370225Z","level":"info","event":"[421/1026] Extraction for : The Long Goodbye","logger":"root","filename":"ingestion_dag.py","lineno":383}
{"timestamp":"2026-01-06T13:59:16.576152Z","level":"info","event":"[422/1026] Extraction for : The Long Kiss Goodnight","logger":"root","filename":"ingestion_dag.py","lineno":383}
{"timestamp":"2026-01-06T13:59:16.799236Z","level":"info","event":"[423/1026] Extraction for : Looper","logger":"root","filename":"ingestion_dag.py","lineno":383}
{"timestamp":"2026-01-06T13:59:17.166627Z","level":"info","event":"[424/1026] Extraction for : The Lorax","logger":"root","filename":"ingestion_dag.py","lineno":383}
{"timestamp":"2026-01-06T13:59:17.593836Z","level":"info","event":"[425/1026] Extraction for : The Lost Boys","logger":"root","filename":"ingestion_dag.py","lineno":383}
{"timestamp":"2026-01-06T13:59:17.952727Z","level":"info","event":"[426/1026] Extraction for : Lost Highway","logger":"root","filename":"ingestion_dag.py","lineno":383}
{"timestamp":"2026-01-06T13:59:18.153443Z","level":"info","event":"[427/1026] Extraction for : The Lost Weekend","logger":"root","filename":"ingestion_dag.py","lineno":383}
{"timestamp":"2026-01-06T13:59:18.504281Z","level":"info","event":"[428/1026] Extraction for : The Lost World Jurassic Park","logger":"root","filename":"ingestion_dag.py","lineno":383}
{"timestamp":"2026-01-06T13:59:19.151178Z","level":"info","event":"[429/1026] Extraction for : Love Actually","logger":"root","filename":"ingestion_dag.py","lineno":383}
{"timestamp":"2026-01-06T13:59:19.551261Z","level":"info","event":"[430/1026] Extraction for : Lucky Number Slevin","logger":"root","filename":"ingestion_dag.py","lineno":383}
{"timestamp":"2026-01-06T13:59:19.942012Z","level":"info","event":"[431/1026] Extraction for : Magnolia","logger":"root","filename":"ingestion_dag.py","lineno":383}
{"timestamp":"2026-01-06T13:59:20.172832Z","level":"info","event":"[432/1026] Extraction for : The Majestic","logger":"root","filename":"ingestion_dag.py","lineno":383}
{"timestamp":"2026-01-06T13:59:20.573948Z","level":"info","event":"[433/1026] Extraction for : Malcolm X","logger":"root","filename":"ingestion_dag.py","lineno":383}
{"timestamp":"2026-01-06T13:59:20.772720Z","level":"info","event":"[434/1026] Extraction for : Malibus Most Wanted","logger":"root","filename":"ingestion_dag.py","lineno":383}
{"timestamp":"2026-01-06T13:59:20.965716Z","level":"info","event":"[435/1026] Extraction for : Mallrats","logger":"root","filename":"ingestion_dag.py","lineno":383}
{"timestamp":"2026-01-06T13:59:21.162892Z","level":"info","event":"[436/1026] Extraction for : The Maltese Falcon","logger":"root","filename":"ingestion_dag.py","lineno":383}
{"timestamp":"2026-01-06T13:59:21.565034Z","level":"info","event":"[437/1026] Extraction for : Man On Fire","logger":"root","filename":"ingestion_dag.py","lineno":383}
{"timestamp":"2026-01-06T13:59:21.968090Z","level":"info","event":"[438/1026] Extraction for : The Manchurian Candidate","logger":"root","filename":"ingestion_dag.py","lineno":383}
{"timestamp":"2026-01-06T13:59:22.161643Z","level":"info","event":"[439/1026] Extraction for : Maniac Cop","logger":"root","filename":"ingestion_dag.py","lineno":383}
{"timestamp":"2026-01-06T13:59:22.457388Z","level":"info","event":"[440/1026] Extraction for : Margin Call","logger":"root","filename":"ingestion_dag.py","lineno":383}
{"timestamp":"2026-01-06T13:59:22.820667Z","level":"info","event":"[441/1026] Extraction for : Mars Attacks","logger":"root","filename":"ingestion_dag.py","lineno":383}
{"timestamp":"2026-01-06T13:59:23.219301Z","level":"info","event":"[442/1026] Extraction for : Martyrs","logger":"root","filename":"ingestion_dag.py","lineno":383}
{"timestamp":"2026-01-06T13:59:23.436439Z","level":"info","event":"[443/1026] Extraction for : Mary Poppins","logger":"root","filename":"ingestion_dag.py","lineno":383}
{"timestamp":"2026-01-06T13:59:23.645862Z","level":"info","event":"[444/1026] Extraction for : The Mask","logger":"root","filename":"ingestion_dag.py","lineno":383}
{"timestamp":"2026-01-06T13:59:23.844572Z","level":"info","event":"[445/1026] Extraction for : The Master","logger":"root","filename":"ingestion_dag.py","lineno":383}
{"timestamp":"2026-01-06T13:59:24.040657Z","level":"info","event":"[446/1026] Extraction for : Match Point","logger":"root","filename":"ingestion_dag.py","lineno":383}
{"timestamp":"2026-01-06T13:59:24.407783Z","level":"info","event":"[447/1026] Extraction for : The Matrix","logger":"root","filename":"ingestion_dag.py","lineno":383}
{"timestamp":"2026-01-06T13:59:24.891498Z","level":"info","event":"[448/1026] Extraction for : The Matrix Reloaded","logger":"root","filename":"ingestion_dag.py","lineno":383}
{"timestamp":"2026-01-06T13:59:25.294586Z","level":"info","event":"[449/1026] Extraction for : The Matrix Revolutions","logger":"root","filename":"ingestion_dag.py","lineno":383}
{"timestamp":"2026-01-06T13:59:25.579195Z","level":"info","event":"[450/1026] Extraction for : The Maze Runner","logger":"root","filename":"ingestion_dag.py","lineno":383}
{"timestamp":"2026-01-06T13:59:25.769156Z","level":"info","event":"[451/1026] Extraction for : Mean Girls","logger":"root","filename":"ingestion_dag.py","lineno":383}
{"timestamp":"2026-01-06T13:59:25.989155Z","level":"info","event":"[452/1026] Extraction for : Mean Streets","logger":"root","filename":"ingestion_dag.py","lineno":383}
{"timestamp":"2026-01-06T13:59:26.340746Z","level":"info","event":"[453/1026] Extraction for : Meatballs","logger":"root","filename":"ingestion_dag.py","lineno":383}
{"timestamp":"2026-01-06T13:59:26.569741Z","level":"info","event":"[454/1026] Extraction for : Megamind","logger":"root","filename":"ingestion_dag.py","lineno":383}
{"timestamp":"2026-01-06T13:59:26.812568Z","level":"info","event":"[455/1026] Extraction for : Memento","logger":"root","filename":"ingestion_dag.py","lineno":383}
{"timestamp":"2026-01-06T13:59:27.227783Z","level":"info","event":"[456/1026] Extraction for : Michael Clayton","logger":"root","filename":"ingestion_dag.py","lineno":383}
{"timestamp":"2026-01-06T13:59:27.674030Z","level":"info","event":"[457/1026] Extraction for : Midnight Cowboy","logger":"root","filename":"ingestion_dag.py","lineno":383}
{"timestamp":"2026-01-06T13:59:28.057177Z","level":"info","event":"[458/1026] Extraction for : Midnight Run","logger":"root","filename":"ingestion_dag.py","lineno":383}
{"timestamp":"2026-01-06T13:59:28.419401Z","level":"info","event":"[459/1026] Extraction for : Midway","logger":"root","filename":"ingestion_dag.py","lineno":383}
{"timestamp":"2026-01-06T13:59:28.641049Z","level":"info","event":"[460/1026] Extraction for : The Mighty Ducks","logger":"root","filename":"ingestion_dag.py","lineno":383}
{"timestamp":"2026-01-06T13:59:28.844075Z","level":"info","event":"[461/1026] Extraction for : Million Dollar Baby","logger":"root","filename":"ingestion_dag.py","lineno":383}
{"timestamp":"2026-01-06T13:59:29.223668Z","level":"info","event":"[462/1026] Extraction for : Mimic","logger":"root","filename":"ingestion_dag.py","lineno":383}
{"timestamp":"2026-01-06T13:59:29.595476Z","level":"info","event":"[463/1026] Extraction for : Minority Report","logger":"root","filename":"ingestion_dag.py","lineno":383}
{"timestamp":"2026-01-06T13:59:29.808818Z","level":"info","event":"[464/1026] Extraction for : Misery","logger":"root","filename":"ingestion_dag.py","lineno":383}
{"timestamp":"2026-01-06T13:59:30.209515Z","level":"info","event":"[465/1026] Extraction for : Miss Congeniality","logger":"root","filename":"ingestion_dag.py","lineno":383}
{"timestamp":"2026-01-06T13:59:30.419755Z","level":"info","event":"[466/1026] Extraction for : Mission Impossible","logger":"root","filename":"ingestion_dag.py","lineno":383}
{"timestamp":"2026-01-06T13:59:30.784126Z","level":"info","event":"[467/1026] Extraction for : Moneyball","logger":"root","filename":"ingestion_dag.py","lineno":383}
{"timestamp":"2026-01-06T13:59:31.016725Z","level":"info","event":"[468/1026] Extraction for : Monster","logger":"root","filename":"ingestion_dag.py","lineno":383}
{"timestamp":"2026-01-06T13:59:31.241603Z","level":"info","event":"[469/1026] Extraction for : A Monster Calls","logger":"root","filename":"ingestion_dag.py","lineno":383}
{"timestamp":"2026-01-06T13:59:31.436239Z","level":"info","event":"[470/1026] Extraction for : Moon","logger":"root","filename":"ingestion_dag.py","lineno":383}
{"timestamp":"2026-01-06T13:59:31.628175Z","level":"info","event":"[471/1026] Extraction for : Moonlight","logger":"root","filename":"ingestion_dag.py","lineno":383}
{"timestamp":"2026-01-06T13:59:31.995186Z","level":"info","event":"[472/1026] Extraction for : Moonrise Kingdom","logger":"root","filename":"ingestion_dag.py","lineno":383}
{"timestamp":"2026-01-06T13:59:32.386182Z","level":"info","event":"[473/1026] Extraction for : Moonstruck","logger":"root","filename":"ingestion_dag.py","lineno":383}
{"timestamp":"2026-01-06T13:59:32.581759Z","level":"info","event":"[474/1026] Extraction for : Mother","logger":"root","filename":"ingestion_dag.py","lineno":383}
{"timestamp":"2026-01-06T13:59:32.774950Z","level":"info","event":"[475/1026] Extraction for : Motherless Brooklyn","logger":"root","filename":"ingestion_dag.py","lineno":383}
{"timestamp":"2026-01-06T13:59:32.976132Z","level":"info","event":"[476/1026] Extraction for : Moulin Rouge","logger":"root","filename":"ingestion_dag.py","lineno":383}
{"timestamp":"2026-01-06T13:59:33.181407Z","level":"info","event":"[477/1026] Extraction for : Mulan","logger":"root","filename":"ingestion_dag.py","lineno":383}
{"timestamp":"2026-01-06T13:59:33.585095Z","level":"info","event":"[478/1026] Extraction for : The Mummy","logger":"root","filename":"ingestion_dag.py","lineno":383}
{"timestamp":"2026-01-06T13:59:33.784776Z","level":"info","event":"[479/1026] Extraction for : The Mummy","logger":"root","filename":"ingestion_dag.py","lineno":383}
{"timestamp":"2026-01-06T13:59:33.877795Z","level":"info","event":"[480/1026] Extraction for : My Cousin Vinny","logger":"root","filename":"ingestion_dag.py","lineno":383}
{"timestamp":"2026-01-06T13:59:34.236990Z","level":"info","event":"[481/1026] Extraction for : Mystery Men","logger":"root","filename":"ingestion_dag.py","lineno":383}
{"timestamp":"2026-01-06T13:59:34.465895Z","level":"info","event":"[482/1026] Extraction for : Napoleon Dynamite","logger":"root","filename":"ingestion_dag.py","lineno":383}
{"timestamp":"2026-01-06T13:59:34.690784Z","level":"info","event":"[483/1026] Extraction for : National Treasure","logger":"root","filename":"ingestion_dag.py","lineno":383}
{"timestamp":"2026-01-06T13:59:34.926004Z","level":"info","event":"[484/1026] Extraction for : Natural Born Killers","logger":"root","filename":"ingestion_dag.py","lineno":383}
{"timestamp":"2026-01-06T13:59:35.278520Z","level":"info","event":"[485/1026] Extraction for : Near Dark","logger":"root","filename":"ingestion_dag.py","lineno":383}
{"timestamp":"2026-01-06T13:59:35.656470Z","level":"info","event":"[486/1026] Extraction for : Nell","logger":"root","filename":"ingestion_dag.py","lineno":383}
{"timestamp":"2026-01-06T13:59:35.848896Z","level":"info","event":"[487/1026] Extraction for : Network","logger":"root","filename":"ingestion_dag.py","lineno":383}
{"timestamp":"2026-01-06T13:59:36.063475Z","level":"info","event":"[488/1026] Extraction for : New Jack City","logger":"root","filename":"ingestion_dag.py","lineno":383}
{"timestamp":"2026-01-06T13:59:36.442516Z","level":"info","event":"[489/1026] Extraction for : A New Leaf","logger":"root","filename":"ingestion_dag.py","lineno":383}
{"timestamp":"2026-01-06T13:59:36.838368Z","level":"info","event":"[490/1026] Extraction for : Night Nurse","logger":"root","filename":"ingestion_dag.py","lineno":383}
{"timestamp":"2026-01-06T13:59:37.256162Z","level":"info","event":"[491/1026] Extraction for : Nightmare Alley","logger":"root","filename":"ingestion_dag.py","lineno":383}
{"timestamp":"2026-01-06T13:59:37.717288Z","level":"info","event":"[492/1026] Extraction for : The Nightmare Before Christmas","logger":"root","filename":"ingestion_dag.py","lineno":383}
{"timestamp":"2026-01-06T13:59:38.150768Z","level":"info","event":"[493/1026] Extraction for : A Nightmare On Elm Street 3 Dream Warriors","logger":"root","filename":"ingestion_dag.py","lineno":383}
{"timestamp":"2026-01-06T13:59:38.549278Z","level":"info","event":"[494/1026] Extraction for : A Nightmare On Elm Street 5 The Dream Child","logger":"root","filename":"ingestion_dag.py","lineno":383}
{"timestamp":"2026-01-06T13:59:38.885503Z","level":"info","event":"[495/1026] Extraction for : Ninja Assassin","logger":"root","filename":"ingestion_dag.py","lineno":383}
{"timestamp":"2026-01-06T13:59:39.294735Z","level":"info","event":"[496/1026] Extraction for : Nixon","logger":"root","filename":"ingestion_dag.py","lineno":383}
{"timestamp":"2026-01-06T13:59:39.499126Z","level":"info","event":"[497/1026] Extraction for : No Hard Feelings","logger":"root","filename":"ingestion_dag.py","lineno":383}
{"timestamp":"2026-01-06T13:59:39.856100Z","level":"info","event":"[498/1026] Extraction for : Norma Rae","logger":"root","filename":"ingestion_dag.py","lineno":383}
{"timestamp":"2026-01-06T13:59:40.062918Z","level":"info","event":"[499/1026] Extraction for : Nosferatu","logger":"root","filename":"ingestion_dag.py","lineno":383}
{"timestamp":"2026-01-06T13:59:40.359967Z","level":"info","event":"[500/1026] Extraction for : Notorious","logger":"root","filename":"ingestion_dag.py","lineno":383}
{"timestamp":"2026-01-06T13:59:40.567460Z","level":"info","event":"[501/1026] Extraction for : Notting Hill","logger":"root","filename":"ingestion_dag.py","lineno":383}
{"timestamp":"2026-01-06T13:59:40.905119Z","level":"info","event":"[502/1026] Extraction for : Nowhere Boy","logger":"root","filename":"ingestion_dag.py","lineno":383}
{"timestamp":"2026-01-06T13:59:41.123911Z","level":"info","event":"[503/1026] Extraction for : The Nutty Professor","logger":"root","filename":"ingestion_dag.py","lineno":383}
{"timestamp":"2026-01-06T13:59:41.318329Z","level":"info","event":"[504/1026] Extraction for : Oceans Twelve","logger":"root","filename":"ingestion_dag.py","lineno":383}
{"timestamp":"2026-01-06T13:59:41.711101Z","level":"info","event":"[505/1026] Extraction for : Octopussy","logger":"root","filename":"ingestion_dag.py","lineno":383}
{"timestamp":"2026-01-06T13:59:41.918710Z","level":"info","event":"[506/1026] Extraction for : Office Space","logger":"root","filename":"ingestion_dag.py","lineno":383}
{"timestamp":"2026-01-06T13:59:42.353812Z","level":"info","event":"[507/1026] Extraction for : The Omen","logger":"root","filename":"ingestion_dag.py","lineno":383}
{"timestamp":"2026-01-06T13:59:42.561407Z","level":"info","event":"[508/1026] Extraction for : Ordinary People","logger":"root","filename":"ingestion_dag.py","lineno":383}
{"timestamp":"2026-01-06T13:59:42.917037Z","level":"info","event":"[509/1026] Extraction for : Orphan","logger":"root","filename":"ingestion_dag.py","lineno":383}
{"timestamp":"2026-01-06T13:59:43.283163Z","level":"info","event":"[510/1026] Extraction for : The Other Guys","logger":"root","filename":"ingestion_dag.py","lineno":383}
{"timestamp":"2026-01-06T13:59:43.486234Z","level":"info","event":"[511/1026] Extraction for : The Others","logger":"root","filename":"ingestion_dag.py","lineno":383}
{"timestamp":"2026-01-06T13:59:43.831196Z","level":"info","event":"[512/1026] Extraction for : The Outsiders","logger":"root","filename":"ingestion_dag.py","lineno":383}
{"timestamp":"2026-01-06T13:59:44.185742Z","level":"info","event":"[513/1026] Extraction for : Overboard","logger":"root","filename":"ingestion_dag.py","lineno":383}
{"timestamp":"2026-01-06T13:59:44.859675Z","level":"info","event":"[514/1026] Extraction for : Overboard","logger":"root","filename":"ingestion_dag.py","lineno":383}
{"timestamp":"2026-01-06T13:59:45.612714Z","level":"info","event":"[515/1026] Extraction for : Overlord","logger":"root","filename":"ingestion_dag.py","lineno":383}
{"timestamp":"2026-01-06T13:59:45.956817Z","level":"info","event":"[516/1026] Extraction for : Panic Room","logger":"root","filename":"ingestion_dag.py","lineno":383}
{"timestamp":"2026-01-06T13:59:46.167781Z","level":"info","event":"[517/1026] Extraction for : Paper Moon","logger":"root","filename":"ingestion_dag.py","lineno":383}
{"timestamp":"2026-01-06T13:59:46.523578Z","level":"info","event":"[518/1026] Extraction for : Papillon","logger":"root","filename":"ingestion_dag.py","lineno":383}
{"timestamp":"2026-01-06T13:59:46.720236Z","level":"info","event":"[519/1026] Extraction for : Paradise","logger":"root","filename":"ingestion_dag.py","lineno":383}
{"timestamp":"2026-01-06T13:59:47.123617Z","level":"info","event":"[520/1026] Extraction for : Pariah","logger":"root","filename":"ingestion_dag.py","lineno":383}
{"timestamp":"2026-01-06T13:59:47.411469Z","level":"info","event":"[521/1026] Extraction for : Passing","logger":"root","filename":"ingestion_dag.py","lineno":383}
{"timestamp":"2026-01-06T13:59:47.651434Z","level":"info","event":"[522/1026] Extraction for : Peggy Sue Got Married","logger":"root","filename":"ingestion_dag.py","lineno":383}
{"timestamp":"2026-01-06T13:59:48.097178Z","level":"info","event":"[523/1026] Extraction for : The Perfect Storm","logger":"root","filename":"ingestion_dag.py","lineno":383}
{"timestamp":"2026-01-06T13:59:48.313327Z","level":"info","event":"[524/1026] Extraction for : Pet Sematary","logger":"root","filename":"ingestion_dag.py","lineno":383}
{"timestamp":"2026-01-06T13:59:48.522212Z","level":"info","event":"[525/1026] Extraction for : The Phantom","logger":"root","filename":"ingestion_dag.py","lineno":383}
{"timestamp":"2026-01-06T13:59:48.866714Z","level":"info","event":"[526/1026] Extraction for : Philadelphia","logger":"root","filename":"ingestion_dag.py","lineno":383}
{"timestamp":"2026-01-06T13:59:49.113748Z","level":"info","event":"[527/1026] Extraction for : Pineapple Express","logger":"root","filename":"ingestion_dag.py","lineno":383}
{"timestamp":"2026-01-06T13:59:49.467859Z","level":"info","event":"[528/1026] Extraction for : The Player","logger":"root","filename":"ingestion_dag.py","lineno":383}
{"timestamp":"2026-01-06T13:59:49.846933Z","level":"info","event":"[529/1026] Extraction for : Poetic Justice","logger":"root","filename":"ingestion_dag.py","lineno":383}
{"timestamp":"2026-01-06T13:59:50.463795Z","level":"info","event":"[530/1026] Extraction for : Police Academy","logger":"root","filename":"ingestion_dag.py","lineno":383}
{"timestamp":"2026-01-06T13:59:50.863800Z","level":"info","event":"[531/1026] Extraction for : Poltergeist","logger":"root","filename":"ingestion_dag.py","lineno":383}
{"timestamp":"2026-01-06T13:59:51.239453Z","level":"info","event":"[532/1026] Extraction for : The Poseidon Adventure","logger":"root","filename":"ingestion_dag.py","lineno":383}
{"timestamp":"2026-01-06T13:59:51.590517Z","level":"info","event":"[533/1026] Extraction for : Precious","logger":"root","filename":"ingestion_dag.py","lineno":383}
{"timestamp":"2026-01-06T13:59:52.016073Z","level":"info","event":"[534/1026] Extraction for : Predator","logger":"root","filename":"ingestion_dag.py","lineno":383}
{"timestamp":"2026-01-06T13:59:52.462207Z","level":"info","event":"[535/1026] Extraction for : Predator 2","logger":"root","filename":"ingestion_dag.py","lineno":383}
{"timestamp":"2026-01-06T13:59:53.031979Z","level":"info","event":"[536/1026] Extraction for : Predators","logger":"root","filename":"ingestion_dag.py","lineno":383}
{"timestamp":"2026-01-06T13:59:53.441828Z","level":"info","event":"[537/1026] Extraction for : The Prestige","logger":"root","filename":"ingestion_dag.py","lineno":383}
{"timestamp":"2026-01-06T13:59:53.657655Z","level":"info","event":"[538/1026] Extraction for : Pretty Woman","logger":"root","filename":"ingestion_dag.py","lineno":383}
{"timestamp":"2026-01-06T13:59:54.162377Z","level":"info","event":"[539/1026] Extraction for : Prey","logger":"root","filename":"ingestion_dag.py","lineno":383}
{"timestamp":"2026-01-06T13:59:54.682851Z","level":"info","event":"[540/1026] Extraction for : Primary Colors","logger":"root","filename":"ingestion_dag.py","lineno":383}
{"timestamp":"2026-01-06T13:59:54.894323Z","level":"info","event":"[541/1026] Extraction for : The Princess Bride","logger":"root","filename":"ingestion_dag.py","lineno":383}
{"timestamp":"2026-01-06T13:59:55.250618Z","level":"info","event":"[542/1026] Extraction for : Prometheus","logger":"root","filename":"ingestion_dag.py","lineno":383}
{"timestamp":"2026-01-06T13:59:55.630921Z","level":"info","event":"[543/1026] Extraction for : The Proposal","logger":"root","filename":"ingestion_dag.py","lineno":383}
{"timestamp":"2026-01-06T13:59:56.054613Z","level":"info","event":"[544/1026] Extraction for : Psycho","logger":"root","filename":"ingestion_dag.py","lineno":383}
{"timestamp":"2026-01-06T13:59:56.394263Z","level":"info","event":"[545/1026] Extraction for : Pulp Fiction","logger":"root","filename":"ingestion_dag.py","lineno":383}
{"timestamp":"2026-01-06T13:59:56.604198Z","level":"info","event":"[546/1026] Extraction for : Punch Drunk Love","logger":"root","filename":"ingestion_dag.py","lineno":383}
{"timestamp":"2026-01-06T13:59:56.816893Z","level":"info","event":"[547/1026] Extraction for : The Purge","logger":"root","filename":"ingestion_dag.py","lineno":383}
{"timestamp":"2026-01-06T13:59:57.252332Z","level":"info","event":"[548/1026] Extraction for : Purple Rain","logger":"root","filename":"ingestion_dag.py","lineno":383}
{"timestamp":"2026-01-06T13:59:57.557198Z","level":"info","event":"[549/1026] Extraction for : Quiz Show","logger":"root","filename":"ingestion_dag.py","lineno":383}
{"timestamp":"2026-01-06T13:59:58.010651Z","level":"info","event":"[550/1026] Extraction for : Raging Bull","logger":"root","filename":"ingestion_dag.py","lineno":383}
{"timestamp":"2026-01-06T13:59:58.427594Z","level":"info","event":"[551/1026] Extraction for : Raising Arizona","logger":"root","filename":"ingestion_dag.py","lineno":383}
{"timestamp":"2026-01-06T13:59:58.673761Z","level":"info","event":"[552/1026] Extraction for : Rango","logger":"root","filename":"ingestion_dag.py","lineno":383}
{"timestamp":"2026-01-06T13:59:59.088645Z","level":"info","event":"[553/1026] Extraction for : Ratatouille","logger":"root","filename":"ingestion_dag.py","lineno":383}
{"timestamp":"2026-01-06T13:59:59.467049Z","level":"info","event":"[554/1026] Extraction for : Ready Player One","logger":"root","filename":"ingestion_dag.py","lineno":383}
{"timestamp":"2026-01-06T13:59:59.654856Z","level":"info","event":"[555/1026] Extraction for : Reality Bites","logger":"root","filename":"ingestion_dag.py","lineno":383}
{"timestamp":"2026-01-06T14:00:00.147331Z","level":"info","event":"[556/1026] Extraction for : Rear Window","logger":"root","filename":"ingestion_dag.py","lineno":383}
{"timestamp":"2026-01-06T14:00:00.520004Z","level":"info","event":"[557/1026] Extraction for : Red Dawn","logger":"root","filename":"ingestion_dag.py","lineno":383}
{"timestamp":"2026-01-06T14:00:01.012698Z","level":"info","event":"[558/1026] Extraction for : Red Dragon","logger":"root","filename":"ingestion_dag.py","lineno":383}
{"timestamp":"2026-01-06T14:00:01.294139Z","level":"info","event":"[559/1026] Extraction for : Red Eye","logger":"root","filename":"ingestion_dag.py","lineno":383}
{"timestamp":"2026-01-06T14:00:01.651908Z","level":"info","event":"[560/1026] Extraction for : Red Heat","logger":"root","filename":"ingestion_dag.py","lineno":383}
{"timestamp":"2026-01-06T14:00:02.017406Z","level":"info","event":"[561/1026] Extraction for : Reds","logger":"root","filename":"ingestion_dag.py","lineno":383}
{"timestamp":"2026-01-06T14:00:02.230117Z","level":"info","event":"[562/1026] Extraction for : Rent","logger":"root","filename":"ingestion_dag.py","lineno":383}
{"timestamp":"2026-01-06T14:00:02.745908Z","level":"info","event":"[563/1026] Extraction for : Reservoir Dogs","logger":"root","filename":"ingestion_dag.py","lineno":383}
{"timestamp":"2026-01-06T14:00:02.952696Z","level":"info","event":"[564/1026] Extraction for : Revolutionary Road","logger":"root","filename":"ingestion_dag.py","lineno":383}
{"timestamp":"2026-01-06T14:00:03.342344Z","level":"info","event":"[565/1026] Extraction for : The Ring","logger":"root","filename":"ingestion_dag.py","lineno":383}
{"timestamp":"2026-01-06T14:00:03.670839Z","level":"info","event":"[566/1026] Extraction for : Road House","logger":"root","filename":"ingestion_dag.py","lineno":383}
{"timestamp":"2026-01-06T14:00:04.294773Z","level":"info","event":"[567/1026] Extraction for : The Road Warrior","logger":"root","filename":"ingestion_dag.py","lineno":383}
{"timestamp":"2026-01-06T14:00:04.918751Z","level":"info","event":"[568/1026] Extraction for : The Rock","logger":"root","filename":"ingestion_dag.py","lineno":383}
{"timestamp":"2026-01-06T14:00:05.272890Z","level":"info","event":"[569/1026] Extraction for : The Rocketeer","logger":"root","filename":"ingestion_dag.py","lineno":383}
{"timestamp":"2026-01-06T14:00:05.636740Z","level":"info","event":"[570/1026] Extraction for : Rocky","logger":"root","filename":"ingestion_dag.py","lineno":383}
{"timestamp":"2026-01-06T14:00:05.998086Z","level":"info","event":"[571/1026] Extraction for : Rocky Balboa","logger":"root","filename":"ingestion_dag.py","lineno":383}
{"timestamp":"2026-01-06T14:00:06.559185Z","level":"info","event":"[572/1026] Extraction for : The Rocky Horror Picture Show","logger":"root","filename":"ingestion_dag.py","lineno":383}
{"timestamp":"2026-01-06T14:00:06.761493Z","level":"info","event":"[573/1026] Extraction for : Rocky V","logger":"root","filename":"ingestion_dag.py","lineno":383}
{"timestamp":"2026-01-06T14:00:07.139809Z","level":"info","event":"[574/1026] Extraction for : Roma","logger":"root","filename":"ingestion_dag.py","lineno":383}
{"timestamp":"2026-01-06T14:00:07.408086Z","level":"info","event":"[575/1026] Extraction for : Romeo Must Die","logger":"root","filename":"ingestion_dag.py","lineno":383}
{"timestamp":"2026-01-06T14:00:07.647862Z","level":"info","event":"[576/1026] Extraction for : Ronin","logger":"root","filename":"ingestion_dag.py","lineno":383}
{"timestamp":"2026-01-06T14:00:08.125622Z","level":"info","event":"[577/1026] Extraction for : The Rookie","logger":"root","filename":"ingestion_dag.py","lineno":383}
{"timestamp":"2026-01-06T14:00:08.503721Z","level":"info","event":"[578/1026] Extraction for : Rounders","logger":"root","filename":"ingestion_dag.py","lineno":383}
{"timestamp":"2026-01-06T14:00:08.707835Z","level":"info","event":"[579/1026] Extraction for : The Royal Tenenbaums","logger":"root","filename":"ingestion_dag.py","lineno":383}
{"timestamp":"2026-01-06T14:00:09.187944Z","level":"info","event":"[580/1026] Extraction for : The Rum Diary","logger":"root","filename":"ingestion_dag.py","lineno":383}
{"timestamp":"2026-01-06T14:00:09.386192Z","level":"info","event":"[581/1026] Extraction for : Runaway Bride","logger":"root","filename":"ingestion_dag.py","lineno":383}
{"timestamp":"2026-01-06T14:00:09.599616Z","level":"info","event":"[582/1026] Extraction for : Running Scared","logger":"root","filename":"ingestion_dag.py","lineno":383}
{"timestamp":"2026-01-06T14:00:09.943650Z","level":"info","event":"[583/1026] Extraction for : Rush","logger":"root","filename":"ingestion_dag.py","lineno":383}
{"timestamp":"2026-01-06T14:00:10.160064Z","level":"info","event":"[584/1026] Extraction for : Rush Hour","logger":"root","filename":"ingestion_dag.py","lineno":383}
{"timestamp":"2026-01-06T14:00:10.362643Z","level":"info","event":"[585/1026] Extraction for : Rushmore","logger":"root","filename":"ingestion_dag.py","lineno":383}
{"timestamp":"2026-01-06T14:00:10.575217Z","level":"info","event":"[586/1026] Extraction for : The Sandlot","logger":"root","filename":"ingestion_dag.py","lineno":383}
{"timestamp":"2026-01-06T14:00:10.770612Z","level":"info","event":"[587/1026] Extraction for : The Santa Clause","logger":"root","filename":"ingestion_dag.py","lineno":383}
{"timestamp":"2026-01-06T14:00:11.196530Z","level":"info","event":"[588/1026] Extraction for : Sausage Party","logger":"root","filename":"ingestion_dag.py","lineno":383}
{"timestamp":"2026-01-06T14:00:11.383854Z","level":"info","event":"[589/1026] Extraction for : Saving Private Ryan","logger":"root","filename":"ingestion_dag.py","lineno":383}
{"timestamp":"2026-01-06T14:00:11.766291Z","level":"info","event":"[590/1026] Extraction for : Saw","logger":"root","filename":"ingestion_dag.py","lineno":383}
{"timestamp":"2026-01-06T14:00:11.987612Z","level":"info","event":"[591/1026] Extraction for : Scanners","logger":"root","filename":"ingestion_dag.py","lineno":383}
{"timestamp":"2026-01-06T14:00:12.191496Z","level":"info","event":"[592/1026] Extraction for : Scarface","logger":"root","filename":"ingestion_dag.py","lineno":383}
{"timestamp":"2026-01-06T14:00:12.427481Z","level":"info","event":"[593/1026] Extraction for : Scary Movie","logger":"root","filename":"ingestion_dag.py","lineno":383}
{"timestamp":"2026-01-06T14:00:12.841663Z","level":"info","event":"[594/1026] Extraction for : Scream","logger":"root","filename":"ingestion_dag.py","lineno":383}
{"timestamp":"2026-01-06T14:00:13.200025Z","level":"info","event":"[595/1026] Extraction for : Scream","logger":"root","filename":"ingestion_dag.py","lineno":383}
{"timestamp":"2026-01-06T14:00:13.311430Z","level":"info","event":"[596/1026] Extraction for : Scream 2","logger":"root","filename":"ingestion_dag.py","lineno":383}
{"timestamp":"2026-01-06T14:00:13.523823Z","level":"info","event":"[597/1026] Extraction for : Scrooged","logger":"root","filename":"ingestion_dag.py","lineno":383}
{"timestamp":"2026-01-06T14:00:13.915900Z","level":"info","event":"[598/1026] Extraction for : Se7en","logger":"root","filename":"ingestion_dag.py","lineno":383}
{"timestamp":"2026-01-06T14:00:14.304973Z","level":"info","event":"[599/1026] Extraction for : The Searchers","logger":"root","filename":"ingestion_dag.py","lineno":383}
{"timestamp":"2026-01-06T14:00:14.714534Z","level":"info","event":"[600/1026] Extraction for : Secret Window","logger":"root","filename":"ingestion_dag.py","lineno":383}
{"timestamp":"2026-01-06T14:00:15.074930Z","level":"info","event":"[601/1026] Extraction for : Selena","logger":"root","filename":"ingestion_dag.py","lineno":383}
{"timestamp":"2026-01-06T14:00:15.282808Z","level":"info","event":"[602/1026] Extraction for : A Separation","logger":"root","filename":"ingestion_dag.py","lineno":383}
{"timestamp":"2026-01-06T14:00:15.489906Z","level":"info","event":"[603/1026] Extraction for : Serenity","logger":"root","filename":"ingestion_dag.py","lineno":383}
{"timestamp":"2026-01-06T14:00:15.881541Z","level":"info","event":"[604/1026] Extraction for : Serenity","logger":"root","filename":"ingestion_dag.py","lineno":383}
{"timestamp":"2026-01-06T14:00:16.108482Z","level":"info","event":"[605/1026] Extraction for : A Serious Man","logger":"root","filename":"ingestion_dag.py","lineno":383}
{"timestamp":"2026-01-06T14:00:16.336668Z","level":"info","event":"[606/1026] Extraction for : Severance","logger":"root","filename":"ingestion_dag.py","lineno":383}
{"timestamp":"2026-01-06T14:00:16.721169Z","level":"info","event":"[607/1026] Extraction for : Sex Drive","logger":"root","filename":"ingestion_dag.py","lineno":383}
{"timestamp":"2026-01-06T14:00:16.932362Z","level":"info","event":"[608/1026] Extraction for : Shame","logger":"root","filename":"ingestion_dag.py","lineno":383}
{"timestamp":"2026-01-06T14:00:17.132835Z","level":"info","event":"[609/1026] Extraction for : The Shawshank Redemption","logger":"root","filename":"ingestion_dag.py","lineno":383}
{"timestamp":"2026-01-06T14:00:17.414195Z","level":"info","event":"[610/1026] Extraction for : Sherlock Holmes","logger":"root","filename":"ingestion_dag.py","lineno":383}
{"timestamp":"2026-01-06T14:00:17.877331Z","level":"info","event":"[611/1026] Extraction for : The Shining","logger":"root","filename":"ingestion_dag.py","lineno":383}
{"timestamp":"2026-01-06T14:00:18.256433Z","level":"info","event":"[612/1026] Extraction for : Showgirls","logger":"root","filename":"ingestion_dag.py","lineno":383}
{"timestamp":"2026-01-06T14:00:18.453042Z","level":"info","event":"[613/1026] Extraction for : Shrek","logger":"root","filename":"ingestion_dag.py","lineno":383}
{"timestamp":"2026-01-06T14:00:18.722011Z","level":"info","event":"[614/1026] Extraction for : Shutter Island","logger":"root","filename":"ingestion_dag.py","lineno":383}
{"timestamp":"2026-01-06T14:00:19.141750Z","level":"info","event":"[615/1026] Extraction for : Signs","logger":"root","filename":"ingestion_dag.py","lineno":383}
{"timestamp":"2026-01-06T14:00:19.361199Z","level":"info","event":"[616/1026] Extraction for : Silverado","logger":"root","filename":"ingestion_dag.py","lineno":383}
{"timestamp":"2026-01-06T14:00:19.573652Z","level":"info","event":"[617/1026] Extraction for : A Simple Plan","logger":"root","filename":"ingestion_dag.py","lineno":383}
{"timestamp":"2026-01-06T14:00:19.985391Z","level":"info","event":"[618/1026] Extraction for : Sixteen Candles","logger":"root","filename":"ingestion_dag.py","lineno":383}
{"timestamp":"2026-01-06T14:00:20.234982Z","level":"info","event":"[619/1026] Extraction for : The Sixth Sense","logger":"root","filename":"ingestion_dag.py","lineno":383}
{"timestamp":"2026-01-06T14:00:20.652907Z","level":"info","event":"[620/1026] Extraction for : The Skeleton Key","logger":"root","filename":"ingestion_dag.py","lineno":383}
{"timestamp":"2026-01-06T14:00:21.013568Z","level":"info","event":"[621/1026] Extraction for : Skyfall","logger":"root","filename":"ingestion_dag.py","lineno":383}
{"timestamp":"2026-01-06T14:00:21.270027Z","level":"info","event":"[622/1026] Extraction for : Sleepy Hollow","logger":"root","filename":"ingestion_dag.py","lineno":383}
{"timestamp":"2026-01-06T14:00:21.677736Z","level":"info","event":"[623/1026] Extraction for : Slender Man","logger":"root","filename":"ingestion_dag.py","lineno":383}
{"timestamp":"2026-01-06T14:00:22.296595Z","level":"info","event":"[624/1026] Extraction for : Sliver","logger":"root","filename":"ingestion_dag.py","lineno":383}
{"timestamp":"2026-01-06T14:00:22.706373Z","level":"info","event":"[625/1026] Extraction for : Snake Eyes","logger":"root","filename":"ingestion_dag.py","lineno":383}
{"timestamp":"2026-01-06T14:00:23.156891Z","level":"info","event":"[626/1026] Extraction for : Snatch","logger":"root","filename":"ingestion_dag.py","lineno":383}
{"timestamp":"2026-01-06T14:00:23.618340Z","level":"info","event":"[627/1026] Extraction for : The Social Network","logger":"root","filename":"ingestion_dag.py","lineno":383}
{"timestamp":"2026-01-06T14:00:24.066172Z","level":"info","event":"[628/1026] Extraction for : Solaris","logger":"root","filename":"ingestion_dag.py","lineno":383}
{"timestamp":"2026-01-06T14:00:24.293961Z","level":"info","event":"[629/1026] Extraction for : Something Wicked This Way Comes","logger":"root","filename":"ingestion_dag.py","lineno":383}
{"timestamp":"2026-01-06T14:00:24.585539Z","level":"info","event":"[630/1026] Extraction for : Soul","logger":"root","filename":"ingestion_dag.py","lineno":383}
{"timestamp":"2026-01-06T14:00:24.933880Z","level":"info","event":"[631/1026] Extraction for : Soylent Green","logger":"root","filename":"ingestion_dag.py","lineno":383}
{"timestamp":"2026-01-06T14:00:25.205682Z","level":"info","event":"[632/1026] Extraction for : Space Cowboys","logger":"root","filename":"ingestion_dag.py","lineno":383}
{"timestamp":"2026-01-06T14:00:25.398328Z","level":"info","event":"[633/1026] Extraction for : Spaceballs","logger":"root","filename":"ingestion_dag.py","lineno":383}
{"timestamp":"2026-01-06T14:00:25.671022Z","level":"info","event":"[634/1026] Extraction for : Spartacus","logger":"root","filename":"ingestion_dag.py","lineno":383}
{"timestamp":"2026-01-06T14:00:25.910710Z","level":"info","event":"[635/1026] Extraction for : Spawn","logger":"root","filename":"ingestion_dag.py","lineno":383}
{"timestamp":"2026-01-06T14:00:26.300916Z","level":"info","event":"[636/1026] Extraction for : Spectre","logger":"root","filename":"ingestion_dag.py","lineno":383}
{"timestamp":"2026-01-06T14:00:26.664543Z","level":"info","event":"[637/1026] Extraction for : Speed","logger":"root","filename":"ingestion_dag.py","lineno":383}
{"timestamp":"2026-01-06T14:00:27.096182Z","level":"info","event":"[638/1026] Extraction for : Speed Racer","logger":"root","filename":"ingestion_dag.py","lineno":383}
{"timestamp":"2026-01-06T14:00:27.363746Z","level":"info","event":"[639/1026] Extraction for : Spider Man 2","logger":"root","filename":"ingestion_dag.py","lineno":383}
{"timestamp":"2026-01-06T14:00:28.022098Z","level":"info","event":"[640/1026] Extraction for : Spider Man","logger":"root","filename":"ingestion_dag.py","lineno":383}
{"timestamp":"2026-01-06T14:00:28.491264Z","level":"info","event":"[641/1026] Extraction for : Splice","logger":"root","filename":"ingestion_dag.py","lineno":383}
{"timestamp":"2026-01-06T14:00:28.709672Z","level":"info","event":"[642/1026] Extraction for : Spy Kids","logger":"root","filename":"ingestion_dag.py","lineno":383}
{"timestamp":"2026-01-06T14:00:28.921705Z","level":"info","event":"[643/1026] Extraction for : The Spy Who Loved Me","logger":"root","filename":"ingestion_dag.py","lineno":383}
{"timestamp":"2026-01-06T14:00:29.303860Z","level":"info","event":"[644/1026] Extraction for : Stagecoach","logger":"root","filename":"ingestion_dag.py","lineno":383}
{"timestamp":"2026-01-06T14:00:29.503036Z","level":"info","event":"[645/1026] Extraction for : A Star Is Born","logger":"root","filename":"ingestion_dag.py","lineno":383}
{"timestamp":"2026-01-06T14:00:29.900048Z","level":"info","event":"[646/1026] Extraction for : Star Trek","logger":"root","filename":"ingestion_dag.py","lineno":383}
{"timestamp":"2026-01-06T14:00:30.140055Z","level":"info","event":"[647/1026] Extraction for : Star Trek Generations","logger":"root","filename":"ingestion_dag.py","lineno":383}
{"timestamp":"2026-01-06T14:00:30.337883Z","level":"info","event":"[648/1026] Extraction for : Star Trek Nemesis","logger":"root","filename":"ingestion_dag.py","lineno":383}
{"timestamp":"2026-01-06T14:00:30.718936Z","level":"info","event":"[649/1026] Extraction for : The Star Wars Holiday Special","logger":"root","filename":"ingestion_dag.py","lineno":383}
{"timestamp":"2026-01-06T14:00:30.926723Z","level":"info","event":"[650/1026] Extraction for : Stardust","logger":"root","filename":"ingestion_dag.py","lineno":383}
{"timestamp":"2026-01-06T14:00:31.128843Z","level":"info","event":"[651/1026] Extraction for : Stargate","logger":"root","filename":"ingestion_dag.py","lineno":383}
{"timestamp":"2026-01-06T14:00:31.686399Z","level":"info","event":"[652/1026] Extraction for : Step Brothers","logger":"root","filename":"ingestion_dag.py","lineno":383}
{"timestamp":"2026-01-06T14:00:31.887577Z","level":"info","event":"[653/1026] Extraction for : Stepmom","logger":"root","filename":"ingestion_dag.py","lineno":383}
{"timestamp":"2026-01-06T14:00:32.267538Z","level":"info","event":"[654/1026] Extraction for : Steve Jobs","logger":"root","filename":"ingestion_dag.py","lineno":383}
{"timestamp":"2026-01-06T14:00:32.775496Z","level":"info","event":"[655/1026] Extraction for : The Sting","logger":"root","filename":"ingestion_dag.py","lineno":383}
{"timestamp":"2026-01-06T14:00:33.151476Z","level":"info","event":"[656/1026] Extraction for : Storm","logger":"root","filename":"ingestion_dag.py","lineno":383}
{"timestamp":"2026-01-06T14:00:33.361593Z","level":"info","event":"[657/1026] Extraction for : Strange Days","logger":"root","filename":"ingestion_dag.py","lineno":383}
{"timestamp":"2026-01-06T14:00:33.658888Z","level":"info","event":"[658/1026] Extraction for : Stranger Than Fiction","logger":"root","filename":"ingestion_dag.py","lineno":383}
{"timestamp":"2026-01-06T14:00:33.857806Z","level":"info","event":"[659/1026] Extraction for : Street Smart","logger":"root","filename":"ingestion_dag.py","lineno":383}
{"timestamp":"2026-01-06T14:00:34.065639Z","level":"info","event":"[660/1026] Extraction for : Submarine","logger":"root","filename":"ingestion_dag.py","lineno":383}
{"timestamp":"2026-01-06T14:00:34.544165Z","level":"info","event":"[661/1026] Extraction for : Suicide Squad","logger":"root","filename":"ingestion_dag.py","lineno":383}
{"timestamp":"2026-01-06T14:00:34.748760Z","level":"info","event":"[662/1026] Extraction for : Sunshine","logger":"root","filename":"ingestion_dag.py","lineno":383}
{"timestamp":"2026-01-06T14:00:34.935822Z","level":"info","event":"[663/1026] Extraction for : Super","logger":"root","filename":"ingestion_dag.py","lineno":383}
{"timestamp":"2026-01-06T14:00:35.299825Z","level":"info","event":"[664/1026] Extraction for : Super 8","logger":"root","filename":"ingestion_dag.py","lineno":383}
{"timestamp":"2026-01-06T14:00:35.666711Z","level":"info","event":"[665/1026] Extraction for : Super Mario Bros","logger":"root","filename":"ingestion_dag.py","lineno":383}
{"timestamp":"2026-01-06T14:00:36.235816Z","level":"info","event":"[666/1026] Extraction for : Superbad","logger":"root","filename":"ingestion_dag.py","lineno":383}
{"timestamp":"2026-01-06T14:00:36.426192Z","level":"info","event":"[667/1026] Extraction for : Superman","logger":"root","filename":"ingestion_dag.py","lineno":383}
{"timestamp":"2026-01-06T14:00:36.912190Z","level":"info","event":"[668/1026] Extraction for : Surrogates","logger":"root","filename":"ingestion_dag.py","lineno":383}
{"timestamp":"2026-01-06T14:00:37.136270Z","level":"info","event":"[669/1026] Extraction for : Suspiria","logger":"root","filename":"ingestion_dag.py","lineno":383}
{"timestamp":"2026-01-06T14:00:37.407265Z","level":"info","event":"[670/1026] Extraction for : Swan Song","logger":"root","filename":"ingestion_dag.py","lineno":383}
{"timestamp":"2026-01-06T14:00:37.824203Z","level":"info","event":"[671/1026] Extraction for : Swingers","logger":"root","filename":"ingestion_dag.py","lineno":383}
{"timestamp":"2026-01-06T14:00:38.174980Z","level":"info","event":"[672/1026] Extraction for : Synecdoche New York","logger":"root","filename":"ingestion_dag.py","lineno":383}
{"timestamp":"2026-01-06T14:00:38.564607Z","level":"info","event":"[673/1026] Extraction for : Take Shelter","logger":"root","filename":"ingestion_dag.py","lineno":383}
{"timestamp":"2026-01-06T14:00:38.989356Z","level":"info","event":"[674/1026] Extraction for : Taxi Driver","logger":"root","filename":"ingestion_dag.py","lineno":383}
{"timestamp":"2026-01-06T14:00:39.192020Z","level":"info","event":"[675/1026] Extraction for : Ted","logger":"root","filename":"ingestion_dag.py","lineno":383}
{"timestamp":"2026-01-06T14:00:39.397569Z","level":"info","event":"[676/1026] Extraction for : Teen Wolf","logger":"root","filename":"ingestion_dag.py","lineno":383}
{"timestamp":"2026-01-06T14:00:39.602721Z","level":"info","event":"[677/1026] Extraction for : The Terminator","logger":"root","filename":"ingestion_dag.py","lineno":383}
{"timestamp":"2026-01-06T14:00:40.192346Z","level":"info","event":"[678/1026] Extraction for : Terminator Salvation","logger":"root","filename":"ingestion_dag.py","lineno":383}
{"timestamp":"2026-01-06T14:00:40.803856Z","level":"info","event":"[679/1026] Extraction for : There Will Be Blood","logger":"root","filename":"ingestion_dag.py","lineno":383}
{"timestamp":"2026-01-06T14:00:41.019866Z","level":"info","event":"[680/1026] Extraction for : They Live","logger":"root","filename":"ingestion_dag.py","lineno":383}
{"timestamp":"2026-01-06T14:00:41.385957Z","level":"info","event":"[681/1026] Extraction for : The Thin Red Line","logger":"root","filename":"ingestion_dag.py","lineno":383}
{"timestamp":"2026-01-06T14:00:41.590208Z","level":"info","event":"[682/1026] Extraction for : The Thing","logger":"root","filename":"ingestion_dag.py","lineno":383}
{"timestamp":"2026-01-06T14:00:41.928075Z","level":"info","event":"[683/1026] Extraction for : The Third Man","logger":"root","filename":"ingestion_dag.py","lineno":383}
{"timestamp":"2026-01-06T14:00:42.136715Z","level":"info","event":"[684/1026] Extraction for : Thirteen","logger":"root","filename":"ingestion_dag.py","lineno":383}
{"timestamp":"2026-01-06T14:00:42.441772Z","level":"info","event":"[685/1026] Extraction for : The Thomas Crown Affair","logger":"root","filename":"ingestion_dag.py","lineno":383}
{"timestamp":"2026-01-06T14:00:42.803085Z","level":"info","event":"[686/1026] Extraction for : Thor","logger":"root","filename":"ingestion_dag.py","lineno":383}
{"timestamp":"2026-01-06T14:00:43.392741Z","level":"info","event":"[687/1026] Extraction for : Three Kings","logger":"root","filename":"ingestion_dag.py","lineno":383}
{"timestamp":"2026-01-06T14:00:43.588116Z","level":"info","event":"[688/1026] Extraction for : Thunderball","logger":"root","filename":"ingestion_dag.py","lineno":383}
{"timestamp":"2026-01-06T14:00:43.797097Z","level":"info","event":"[689/1026] Extraction for : Tick Tick Boom","logger":"root","filename":"ingestion_dag.py","lineno":383}
{"timestamp":"2026-01-06T14:00:44.027486Z","level":"info","event":"[690/1026] Extraction for : Tinker Tailor Soldier Spy","logger":"root","filename":"ingestion_dag.py","lineno":383}
{"timestamp":"2026-01-06T14:00:44.388516Z","level":"info","event":"[691/1026] Extraction for : Titanic","logger":"root","filename":"ingestion_dag.py","lineno":383}
{"timestamp":"2026-01-06T14:00:44.622615Z","level":"info","event":"[692/1026] Extraction for : Tomorrow Never Dies","logger":"root","filename":"ingestion_dag.py","lineno":383}
{"timestamp":"2026-01-06T14:00:45.000251Z","level":"info","event":"[693/1026] Extraction for : Tootsie","logger":"root","filename":"ingestion_dag.py","lineno":383}
{"timestamp":"2026-01-06T14:00:45.226980Z","level":"info","event":"[694/1026] Extraction for : Top Gun","logger":"root","filename":"ingestion_dag.py","lineno":383}
{"timestamp":"2026-01-06T14:00:45.445544Z","level":"info","event":"[695/1026] Extraction for : Total Recall","logger":"root","filename":"ingestion_dag.py","lineno":383}
{"timestamp":"2026-01-06T14:00:45.804003Z","level":"info","event":"[696/1026] Extraction for : The Town","logger":"root","filename":"ingestion_dag.py","lineno":383}
{"timestamp":"2026-01-06T14:00:46.031389Z","level":"info","event":"[697/1026] Extraction for : The Toy","logger":"root","filename":"ingestion_dag.py","lineno":383}
{"timestamp":"2026-01-06T14:00:46.245171Z","level":"info","event":"[698/1026] Extraction for : Toy Story","logger":"root","filename":"ingestion_dag.py","lineno":383}
{"timestamp":"2026-01-06T14:00:46.548874Z","level":"info","event":"[699/1026] Extraction for : Toy Story 2","logger":"root","filename":"ingestion_dag.py","lineno":383}
{"timestamp":"2026-01-06T14:00:47.212272Z","level":"info","event":"[700/1026] Extraction for : Toy Story 3","logger":"root","filename":"ingestion_dag.py","lineno":383}
{"timestamp":"2026-01-06T14:00:47.737917Z","level":"info","event":"[701/1026] Extraction for : Training Day","logger":"root","filename":"ingestion_dag.py","lineno":383}
{"timestamp":"2026-01-06T14:00:48.114960Z","level":"info","event":"[702/1026] Extraction for : Transcendence","logger":"root","filename":"ingestion_dag.py","lineno":383}
{"timestamp":"2026-01-06T14:00:48.337954Z","level":"info","event":"[703/1026] Extraction for : Transformers","logger":"root","filename":"ingestion_dag.py","lineno":383}
{"timestamp":"2026-01-06T14:00:48.561178Z","level":"info","event":"[704/1026] Extraction for : Tremors","logger":"root","filename":"ingestion_dag.py","lineno":383}
{"timestamp":"2026-01-06T14:00:48.768989Z","level":"info","event":"[705/1026] Extraction for : True Grit","logger":"root","filename":"ingestion_dag.py","lineno":383}
{"timestamp":"2026-01-06T14:00:49.181249Z","level":"info","event":"[706/1026] Extraction for : True Lies","logger":"root","filename":"ingestion_dag.py","lineno":383}
{"timestamp":"2026-01-06T14:00:49.398818Z","level":"info","event":"[707/1026] Extraction for : True Romance","logger":"root","filename":"ingestion_dag.py","lineno":383}
{"timestamp":"2026-01-06T14:00:49.768873Z","level":"info","event":"[708/1026] Extraction for : The Truman Show","logger":"root","filename":"ingestion_dag.py","lineno":383}
{"timestamp":"2026-01-06T14:00:49.972703Z","level":"info","event":"[709/1026] Extraction for : Twilight","logger":"root","filename":"ingestion_dag.py","lineno":383}
{"timestamp":"2026-01-06T14:00:50.186683Z","level":"info","event":"[710/1026] Extraction for : Twins","logger":"root","filename":"ingestion_dag.py","lineno":383}
{"timestamp":"2026-01-06T14:00:50.406781Z","level":"info","event":"[711/1026] Extraction for : The Unborn","logger":"root","filename":"ingestion_dag.py","lineno":383}
{"timestamp":"2026-01-06T14:00:50.762311Z","level":"info","event":"[712/1026] Extraction for : Unbreakable","logger":"root","filename":"ingestion_dag.py","lineno":383}
{"timestamp":"2026-01-06T14:00:51.140263Z","level":"info","event":"[713/1026] Extraction for : Uncle Buck","logger":"root","filename":"ingestion_dag.py","lineno":383}
{"timestamp":"2026-01-06T14:00:51.554667Z","level":"info","event":"[714/1026] Extraction for : Under Siege","logger":"root","filename":"ingestion_dag.py","lineno":383}
{"timestamp":"2026-01-06T14:00:51.785930Z","level":"info","event":"[715/1026] Extraction for : Underworld","logger":"root","filename":"ingestion_dag.py","lineno":383}
{"timestamp":"2026-01-06T14:00:52.167166Z","level":"info","event":"[716/1026] Extraction for : Unforgiven","logger":"root","filename":"ingestion_dag.py","lineno":383}
{"timestamp":"2026-01-06T14:00:52.377708Z","level":"info","event":"[717/1026] Extraction for : Up","logger":"root","filename":"ingestion_dag.py","lineno":383}
{"timestamp":"2026-01-06T14:00:52.578500Z","level":"info","event":"[718/1026] Extraction for : The Usual Suspects","logger":"root","filename":"ingestion_dag.py","lineno":383}
{"timestamp":"2026-01-06T14:00:52.946832Z","level":"info","event":"[719/1026] Extraction for : Vacancy","logger":"root","filename":"ingestion_dag.py","lineno":383}
{"timestamp":"2026-01-06T14:00:53.164297Z","level":"info","event":"[720/1026] Extraction for : Van Helsing","logger":"root","filename":"ingestion_dag.py","lineno":383}
{"timestamp":"2026-01-06T14:00:53.583657Z","level":"info","event":"[721/1026] Extraction for : Vanilla Sky","logger":"root","filename":"ingestion_dag.py","lineno":383}
{"timestamp":"2026-01-06T14:00:53.797883Z","level":"info","event":"[722/1026] Extraction for : The Verdict","logger":"root","filename":"ingestion_dag.py","lineno":383}
{"timestamp":"2026-01-06T14:00:54.144864Z","level":"info","event":"[723/1026] Extraction for : Vertigo","logger":"root","filename":"ingestion_dag.py","lineno":383}
{"timestamp":"2026-01-06T14:00:54.515070Z","level":"info","event":"[724/1026] Extraction for : The Virgin Suicides","logger":"root","filename":"ingestion_dag.py","lineno":383}
{"timestamp":"2026-01-06T14:00:54.725757Z","level":"info","event":"[725/1026] Extraction for : Wall Street","logger":"root","filename":"ingestion_dag.py","lineno":383}
{"timestamp":"2026-01-06T14:00:55.096972Z","level":"info","event":"[726/1026] Extraction for : Wanted","logger":"root","filename":"ingestion_dag.py","lineno":383}
{"timestamp":"2026-01-06T14:00:55.302244Z","level":"info","event":"[727/1026] Extraction for : Warrior","logger":"root","filename":"ingestion_dag.py","lineno":383}
{"timestamp":"2026-01-06T14:00:55.692689Z","level":"info","event":"[728/1026] Extraction for : The Warriors","logger":"root","filename":"ingestion_dag.py","lineno":383}
{"timestamp":"2026-01-06T14:00:55.908865Z","level":"info","event":"[729/1026] Extraction for : Watchmen","logger":"root","filename":"ingestion_dag.py","lineno":383}
{"timestamp":"2026-01-06T14:00:56.123328Z","level":"info","event":"[730/1026] Extraction for : The Way Back","logger":"root","filename":"ingestion_dag.py","lineno":383}
{"timestamp":"2026-01-06T14:00:56.480196Z","level":"info","event":"[731/1026] Extraction for : Wedding Crashers","logger":"root","filename":"ingestion_dag.py","lineno":383}
{"timestamp":"2026-01-06T14:00:56.679479Z","level":"info","event":"[732/1026] Extraction for : The Wedding Singer","logger":"root","filename":"ingestion_dag.py","lineno":383}
{"timestamp":"2026-01-06T14:00:57.057653Z","level":"info","event":"[733/1026] Extraction for : Weird Science","logger":"root","filename":"ingestion_dag.py","lineno":383}
{"timestamp":"2026-01-06T14:00:57.532097Z","level":"info","event":"[734/1026] Extraction for : West Side Story","logger":"root","filename":"ingestion_dag.py","lineno":383}
{"timestamp":"2026-01-06T14:00:57.944169Z","level":"info","event":"[735/1026] Extraction for : Westworld","logger":"root","filename":"ingestion_dag.py","lineno":383}
{"timestamp":"2026-01-06T14:00:58.340718Z","level":"info","event":"[736/1026] Extraction for : What Dreams May Come","logger":"root","filename":"ingestion_dag.py","lineno":383}
{"timestamp":"2026-01-06T14:00:58.539122Z","level":"info","event":"[737/1026] Extraction for : What Lies Beneath","logger":"root","filename":"ingestion_dag.py","lineno":383}
{"timestamp":"2026-01-06T14:00:58.736137Z","level":"info","event":"[738/1026] Extraction for : When Harry Met Sally","logger":"root","filename":"ingestion_dag.py","lineno":383}
{"timestamp":"2026-01-06T14:00:59.116493Z","level":"info","event":"[739/1026] Extraction for : While You Were Sleeping","logger":"root","filename":"ingestion_dag.py","lineno":383}
{"timestamp":"2026-01-06T14:00:59.509171Z","level":"info","event":"[740/1026] Extraction for : Whiplash","logger":"root","filename":"ingestion_dag.py","lineno":383}
{"timestamp":"2026-01-06T14:01:00.016342Z","level":"info","event":"[741/1026] Extraction for : White Noise","logger":"root","filename":"ingestion_dag.py","lineno":383}
{"timestamp":"2026-01-06T14:01:00.214738Z","level":"info","event":"[742/1026] Extraction for : The White Tiger","logger":"root","filename":"ingestion_dag.py","lineno":383}
{"timestamp":"2026-01-06T14:01:00.408959Z","level":"info","event":"[743/1026] Extraction for : Who Framed Roger Rabbit","logger":"root","filename":"ingestion_dag.py","lineno":383}
{"timestamp":"2026-01-06T14:01:00.821424Z","level":"info","event":"[744/1026] Extraction for : Wicked","logger":"root","filename":"ingestion_dag.py","lineno":383}
{"timestamp":"2026-01-06T14:01:01.203799Z","level":"info","event":"[745/1026] Extraction for : The Wicker Man","logger":"root","filename":"ingestion_dag.py","lineno":383}
{"timestamp":"2026-01-06T14:01:01.556899Z","level":"info","event":"[746/1026] Extraction for : The Wild Bunch","logger":"root","filename":"ingestion_dag.py","lineno":383}
{"timestamp":"2026-01-06T14:01:01.944077Z","level":"info","event":"[747/1026] Extraction for : The Witches","logger":"root","filename":"ingestion_dag.py","lineno":383}
{"timestamp":"2026-01-06T14:01:02.348194Z","level":"info","event":"[748/1026] Extraction for : Witness","logger":"root","filename":"ingestion_dag.py","lineno":383}
{"timestamp":"2026-01-06T14:01:02.719731Z","level":"info","event":"[749/1026] Extraction for : Wonder Woman","logger":"root","filename":"ingestion_dag.py","lineno":383}
{"timestamp":"2026-01-06T14:01:02.953579Z","level":"info","event":"[750/1026] Extraction for : Work It","logger":"root","filename":"ingestion_dag.py","lineno":383}
{"timestamp":"2026-01-06T14:01:03.354465Z","level":"info","event":"[751/1026] Extraction for : Working Girl","logger":"root","filename":"ingestion_dag.py","lineno":383}
{"timestamp":"2026-01-06T14:01:03.742188Z","level":"info","event":"[752/1026] Extraction for : The World Is Not Enough","logger":"root","filename":"ingestion_dag.py","lineno":383}
{"timestamp":"2026-01-06T14:01:03.943381Z","level":"info","event":"[753/1026] Extraction for : Wrongfully Accused","logger":"root","filename":"ingestion_dag.py","lineno":383}
{"timestamp":"2026-01-06T14:01:04.157824Z","level":"info","event":"[754/1026] Extraction for : X Men","logger":"root","filename":"ingestion_dag.py","lineno":383}
{"timestamp":"2026-01-06T14:01:04.617363Z","level":"info","event":"[755/1026] Extraction for : Young Adult","logger":"root","filename":"ingestion_dag.py","lineno":383}
{"timestamp":"2026-01-06T14:01:05.006084Z","level":"info","event":"[756/1026] Extraction for : Young Frankenstein","logger":"root","filename":"ingestion_dag.py","lineno":383}
{"timestamp":"2026-01-06T14:01:05.399269Z","level":"info","event":"[757/1026] Extraction for : Young Guns","logger":"root","filename":"ingestion_dag.py","lineno":383}
{"timestamp":"2026-01-06T14:01:05.771479Z","level":"info","event":"[758/1026] Extraction for : Zebra Girl","logger":"root","filename":"ingestion_dag.py","lineno":383}
{"timestamp":"2026-01-06T14:01:05.997140Z","level":"info","event":"[759/1026] Extraction for : Zodiac","logger":"root","filename":"ingestion_dag.py","lineno":383}
{"timestamp":"2026-01-06T14:01:06.347620Z","level":"info","event":"[760/1026] Extraction for : Zombieland","logger":"root","filename":"ingestion_dag.py","lineno":383}
{"timestamp":"2026-01-06T14:01:06.737115Z","level":"info","event":"[761/1026] Extraction for : Zootopia","logger":"root","filename":"ingestion_dag.py","lineno":383}
{"timestamp":"2026-01-06T14:01:06.952970Z","level":"info","event":"[762/1026] Extraction for : 12 Monkeys","logger":"root","filename":"ingestion_dag.py","lineno":383}
{"timestamp":"2026-01-06T14:01:07.360472Z","level":"info","event":"[763/1026] Extraction for : 17 Again","logger":"root","filename":"ingestion_dag.py","lineno":383}
{"timestamp":"2026-01-06T14:01:07.820845Z","level":"info","event":"[764/1026] Extraction for : 2012","logger":"root","filename":"ingestion_dag.py","lineno":383}
{"timestamp":"2026-01-06T14:01:08.062051Z","level":"info","event":"[765/1026] Extraction for : 25th Hour","logger":"root","filename":"ingestion_dag.py","lineno":383}
{"timestamp":"2026-01-06T14:01:08.382553Z","level":"info","event":"[766/1026] Extraction for : 42","logger":"root","filename":"ingestion_dag.py","lineno":383}
{"timestamp":"2026-01-06T14:01:08.593801Z","level":"info","event":"[767/1026] Extraction for : 8mm","logger":"root","filename":"ingestion_dag.py","lineno":383}
{"timestamp":"2026-01-06T14:01:08.791558Z","level":"info","event":"[768/1026] Extraction for : 9","logger":"root","filename":"ingestion_dag.py","lineno":383}
{"timestamp":"2026-01-06T14:01:09.213065Z","level":"info","event":"[769/1026] Extraction for : A Scanner Darkly","logger":"root","filename":"ingestion_dag.py","lineno":383}
{"timestamp":"2026-01-06T14:01:09.595650Z","level":"info","event":"[770/1026] Extraction for : Absolute Power","logger":"root","filename":"ingestion_dag.py","lineno":383}
{"timestamp":"2026-01-06T14:01:09.810923Z","level":"info","event":"[771/1026] Extraction for : Afterlife","logger":"root","filename":"ingestion_dag.py","lineno":383}
{"timestamp":"2026-01-06T14:01:10.048768Z","level":"info","event":"[772/1026] Extraction for : Alien Nation","logger":"root","filename":"ingestion_dag.py","lineno":383}
{"timestamp":"2026-01-06T14:01:10.457064Z","level":"info","event":"[773/1026] Extraction for : American Gangster","logger":"root","filename":"ingestion_dag.py","lineno":383}
{"timestamp":"2026-01-06T14:01:10.664895Z","level":"info","event":"[774/1026] Extraction for : American History X","logger":"root","filename":"ingestion_dag.py","lineno":383}
{"timestamp":"2026-01-06T14:01:10.878394Z","level":"info","event":"[775/1026] Extraction for : American Splendor","logger":"root","filename":"ingestion_dag.py","lineno":383}
{"timestamp":"2026-01-06T14:01:11.083057Z","level":"info","event":"[776/1026] Extraction for : An Education","logger":"root","filename":"ingestion_dag.py","lineno":383}
{"timestamp":"2026-01-06T14:01:11.441900Z","level":"info","event":"[777/1026] Extraction for : Angels & Demons","logger":"root","filename":"ingestion_dag.py","lineno":383}
{"timestamp":"2026-01-06T14:01:11.811549Z","level":"info","event":"[778/1026] Extraction for : Anna Karenina","logger":"root","filename":"ingestion_dag.py","lineno":383}
{"timestamp":"2026-01-06T14:01:12.012157Z","level":"info","event":"[779/1026] Extraction for : Antitrust","logger":"root","filename":"ingestion_dag.py","lineno":383}
{"timestamp":"2026-01-06T14:01:12.424333Z","level":"info","event":"[780/1026] Extraction for : Antz","logger":"root","filename":"ingestion_dag.py","lineno":383}
{"timestamp":"2026-01-06T14:01:12.630371Z","level":"info","event":"[781/1026] Extraction for : Apollo 13","logger":"root","filename":"ingestion_dag.py","lineno":383}
{"timestamp":"2026-01-06T14:01:12.730072Z","level":"info","event":"[782/1026] Extraction for : Arcade","logger":"root","filename":"ingestion_dag.py","lineno":383}
{"timestamp":"2026-01-06T14:01:13.347905Z","level":"info","event":"[783/1026] Extraction for : Arthur","logger":"root","filename":"ingestion_dag.py","lineno":383}
{"timestamp":"2026-01-06T14:01:13.546942Z","level":"info","event":"[784/1026] Extraction for : Assassins","logger":"root","filename":"ingestion_dag.py","lineno":383}
{"timestamp":"2026-01-06T14:01:13.908433Z","level":"info","event":"[785/1026] Extraction for : Awakenings","logger":"root","filename":"ingestion_dag.py","lineno":383}
{"timestamp":"2026-01-06T14:01:14.111161Z","level":"info","event":"[786/1026] Extraction for : Babel","logger":"root","filename":"ingestion_dag.py","lineno":383}
{"timestamp":"2026-01-06T14:01:14.478271Z","level":"info","event":"[787/1026] Extraction for : Bachelor Party","logger":"root","filename":"ingestion_dag.py","lineno":383}
{"timestamp":"2026-01-06T14:01:14.677245Z","level":"info","event":"[788/1026] Extraction for : Backdraft","logger":"root","filename":"ingestion_dag.py","lineno":383}
{"timestamp":"2026-01-06T14:01:15.065719Z","level":"info","event":"[789/1026] Extraction for : Bad Day At Black Rock","logger":"root","filename":"ingestion_dag.py","lineno":383}
{"timestamp":"2026-01-06T14:01:15.510551Z","level":"info","event":"[790/1026] Extraction for : Bad Dreams","logger":"root","filename":"ingestion_dag.py","lineno":383}
{"timestamp":"2026-01-06T14:01:15.724497Z","level":"info","event":"[791/1026] Extraction for : Bamboozled","logger":"root","filename":"ingestion_dag.py","lineno":383}
{"timestamp":"2026-01-06T14:01:15.936815Z","level":"info","event":"[792/1026] Extraction for : Barry Lyndon","logger":"root","filename":"ingestion_dag.py","lineno":383}
{"timestamp":"2026-01-06T14:01:16.331078Z","level":"info","event":"[793/1026] Extraction for : Basic","logger":"root","filename":"ingestion_dag.py","lineno":383}
{"timestamp":"2026-01-06T14:01:16.542911Z","level":"info","event":"[794/1026] Extraction for : Being Human","logger":"root","filename":"ingestion_dag.py","lineno":383}
{"timestamp":"2026-01-06T14:01:16.784811Z","level":"info","event":"[795/1026] Extraction for : Beloved","logger":"root","filename":"ingestion_dag.py","lineno":383}
{"timestamp":"2026-01-06T14:01:17.186494Z","level":"info","event":"[796/1026] Extraction for : Benny & Joon","logger":"root","filename":"ingestion_dag.py","lineno":383}
{"timestamp":"2026-01-06T14:01:17.808240Z","level":"info","event":"[797/1026] Extraction for : Birthday Girl","logger":"root","filename":"ingestion_dag.py","lineno":383}
{"timestamp":"2026-01-06T14:01:18.194248Z","level":"info","event":"[798/1026] Extraction for : Black Rain","logger":"root","filename":"ingestion_dag.py","lineno":383}
{"timestamp":"2026-01-06T14:01:18.547282Z","level":"info","event":"[799/1026] Extraction for : Black Snake Moan","logger":"root","filename":"ingestion_dag.py","lineno":383}
{"timestamp":"2026-01-06T14:01:18.747395Z","level":"info","event":"[800/1026] Extraction for : Blade Trinity","logger":"root","filename":"ingestion_dag.py","lineno":383}
{"timestamp":"2026-01-06T14:01:19.306678Z","level":"info","event":"[801/1026] Extraction for : Blood Simple","logger":"root","filename":"ingestion_dag.py","lineno":383}
{"timestamp":"2026-01-06T14:01:19.730085Z","level":"info","event":"[802/1026] Extraction for : Blow","logger":"root","filename":"ingestion_dag.py","lineno":383}
{"timestamp":"2026-01-06T14:01:19.923063Z","level":"info","event":"[803/1026] Extraction for : Bones","logger":"root","filename":"ingestion_dag.py","lineno":383}
{"timestamp":"2026-01-06T14:01:20.166860Z","level":"info","event":"[804/1026] Extraction for : Bottle Rocket","logger":"root","filename":"ingestion_dag.py","lineno":383}
{"timestamp":"2026-01-06T14:01:20.549015Z","level":"info","event":"[805/1026] Extraction for : Brazil","logger":"root","filename":"ingestion_dag.py","lineno":383}
{"timestamp":"2026-01-06T14:01:20.887772Z","level":"info","event":"[806/1026] Extraction for : Breakdown","logger":"root","filename":"ingestion_dag.py","lineno":383}
{"timestamp":"2026-01-06T14:01:21.245748Z","level":"info","event":"[807/1026] Extraction for : Bruce Almighty","logger":"root","filename":"ingestion_dag.py","lineno":383}
{"timestamp":"2026-01-06T14:01:21.445555Z","level":"info","event":"[808/1026] Extraction for : Bull Durham","logger":"root","filename":"ingestion_dag.py","lineno":383}
{"timestamp":"2026-01-06T14:01:21.806787Z","level":"info","event":"[809/1026] Extraction for : Burlesque","logger":"root","filename":"ingestion_dag.py","lineno":383}
{"timestamp":"2026-01-06T14:01:22.167665Z","level":"info","event":"[810/1026] Extraction for : Cars 2","logger":"root","filename":"ingestion_dag.py","lineno":383}
{"timestamp":"2026-01-06T14:01:22.599360Z","level":"info","event":"[811/1026] Extraction for : Case 39","logger":"root","filename":"ingestion_dag.py","lineno":383}
{"timestamp":"2026-01-06T14:01:22.796886Z","level":"info","event":"[812/1026] Extraction for : Catwoman","logger":"root","filename":"ingestion_dag.py","lineno":383}
{"timestamp":"2026-01-06T14:01:23.215991Z","level":"info","event":"[813/1026] Extraction for : Cedar Rapids","logger":"root","filename":"ingestion_dag.py","lineno":383}
{"timestamp":"2026-01-06T14:01:23.414346Z","level":"info","event":"[814/1026] Extraction for : Cellular","logger":"root","filename":"ingestion_dag.py","lineno":383}
{"timestamp":"2026-01-06T14:01:23.682558Z","level":"info","event":"[815/1026] Extraction for : Changeling","logger":"root","filename":"ingestion_dag.py","lineno":383}
{"timestamp":"2026-01-06T14:01:23.875003Z","level":"info","event":"[816/1026] Extraction for : Chaos","logger":"root","filename":"ingestion_dag.py","lineno":383}
{"timestamp":"2026-01-06T14:01:24.169354Z","level":"info","event":"[817/1026] Extraction for : Charade","logger":"root","filename":"ingestion_dag.py","lineno":383}
{"timestamp":"2026-01-06T14:01:24.372341Z","level":"info","event":"[818/1026] Extraction for : Charlies Angels","logger":"root","filename":"ingestion_dag.py","lineno":383}
{"timestamp":"2026-01-06T14:01:24.939482Z","level":"info","event":"[819/1026] Extraction for : Cherry Falls","logger":"root","filename":"ingestion_dag.py","lineno":383}
{"timestamp":"2026-01-06T14:01:25.282954Z","level":"info","event":"[820/1026] Extraction for : Cinema Paradiso","logger":"root","filename":"ingestion_dag.py","lineno":383}
{"timestamp":"2026-01-06T14:01:25.474549Z","level":"info","event":"[821/1026] Extraction for : Cliffhanger","logger":"root","filename":"ingestion_dag.py","lineno":383}
{"timestamp":"2026-01-06T14:01:25.849026Z","level":"info","event":"[822/1026] Extraction for : Clueless","logger":"root","filename":"ingestion_dag.py","lineno":383}
{"timestamp":"2026-01-06T14:01:26.049565Z","level":"info","event":"[823/1026] Extraction for : Collateral Damage","logger":"root","filename":"ingestion_dag.py","lineno":383}
{"timestamp":"2026-01-06T14:01:26.436465Z","level":"info","event":"[824/1026] Extraction for : Colombiana","logger":"root","filename":"ingestion_dag.py","lineno":383}
{"timestamp":"2026-01-06T14:01:26.966137Z","level":"info","event":"[825/1026] Extraction for : Coriolanus","logger":"root","filename":"ingestion_dag.py","lineno":383}
{"timestamp":"2026-01-06T14:01:27.358930Z","level":"info","event":"[826/1026] Extraction for : Crank","logger":"root","filename":"ingestion_dag.py","lineno":383}
{"timestamp":"2026-01-06T14:01:27.646553Z","level":"info","event":"[827/1026] Extraction for : Creation","logger":"root","filename":"ingestion_dag.py","lineno":383}
{"timestamp":"2026-01-06T14:01:28.009064Z","level":"info","event":"[828/1026] Extraction for : Cruel Intentions","logger":"root","filename":"ingestion_dag.py","lineno":383}
{"timestamp":"2026-01-06T14:01:28.228394Z","level":"info","event":"[829/1026] Extraction for : Cube","logger":"root","filename":"ingestion_dag.py","lineno":383}
{"timestamp":"2026-01-06T14:01:28.604814Z","level":"info","event":"[830/1026] Extraction for : Dark Star","logger":"root","filename":"ingestion_dag.py","lineno":383}
{"timestamp":"2026-01-06T14:01:28.975127Z","level":"info","event":"[831/1026] Extraction for : Date Night","logger":"root","filename":"ingestion_dag.py","lineno":383}
{"timestamp":"2026-01-06T14:01:29.176707Z","level":"info","event":"[832/1026] Extraction for : Deception","logger":"root","filename":"ingestion_dag.py","lineno":383}
{"timestamp":"2026-01-06T14:01:29.412958Z","level":"info","event":"[833/1026] Extraction for : Deep Rising","logger":"root","filename":"ingestion_dag.py","lineno":383}
{"timestamp":"2026-01-06T14:01:29.780769Z","level":"info","event":"[834/1026] Extraction for : Detroit Rock City","logger":"root","filename":"ingestion_dag.py","lineno":383}
{"timestamp":"2026-01-06T14:01:30.192986Z","level":"info","event":"[835/1026] Extraction for : Diner","logger":"root","filename":"ingestion_dag.py","lineno":383}
{"timestamp":"2026-01-06T14:01:30.397496Z","level":"info","event":"[836/1026] Extraction for : Disturbia","logger":"root","filename":"ingestion_dag.py","lineno":383}
{"timestamp":"2026-01-06T14:01:30.622434Z","level":"info","event":"[837/1026] Extraction for : Dog Day Afternoon","logger":"root","filename":"ingestion_dag.py","lineno":383}
{"timestamp":"2026-01-06T14:01:30.876988Z","level":"info","event":"[838/1026] Extraction for : Double Indemnity","logger":"root","filename":"ingestion_dag.py","lineno":383}
{"timestamp":"2026-01-06T14:01:31.066618Z","level":"info","event":"[839/1026] Extraction for : Dragonslayer","logger":"root","filename":"ingestion_dag.py","lineno":383}
{"timestamp":"2026-01-06T14:01:31.424623Z","level":"info","event":"[840/1026] Extraction for : Drive Angry","logger":"root","filename":"ingestion_dag.py","lineno":383}
{"timestamp":"2026-01-06T14:01:31.808022Z","level":"info","event":"[841/1026] Extraction for : Drop Dead Gorgeous","logger":"root","filename":"ingestion_dag.py","lineno":383}
{"timestamp":"2026-01-06T14:01:32.009743Z","level":"info","event":"[842/1026] Extraction for : Duck Soup","logger":"root","filename":"ingestion_dag.py","lineno":383}
{"timestamp":"2026-01-06T14:01:32.372830Z","level":"info","event":"[843/1026] Extraction for : Eagle Eye","logger":"root","filename":"ingestion_dag.py","lineno":383}
{"timestamp":"2026-01-06T14:01:32.581846Z","level":"info","event":"[844/1026] Extraction for : Eastern Promises","logger":"root","filename":"ingestion_dag.py","lineno":383}
{"timestamp":"2026-01-06T14:01:32.956237Z","level":"info","event":"[845/1026] Extraction for : Eight Legged Freaks","logger":"root","filename":"ingestion_dag.py","lineno":383}
{"timestamp":"2026-01-06T14:01:33.160351Z","level":"info","event":"[846/1026] Extraction for : El Mariachi","logger":"root","filename":"ingestion_dag.py","lineno":383}
{"timestamp":"2026-01-06T14:01:33.543655Z","level":"info","event":"[847/1026] Extraction for : Enough","logger":"root","filename":"ingestion_dag.py","lineno":383}
{"timestamp":"2026-01-06T14:01:33.738092Z","level":"info","event":"[848/1026] Extraction for : Entrapment","logger":"root","filename":"ingestion_dag.py","lineno":383}
{"timestamp":"2026-01-06T14:01:33.938264Z","level":"info","event":"[849/1026] Extraction for : Equilibrium","logger":"root","filename":"ingestion_dag.py","lineno":383}
{"timestamp":"2026-01-06T14:01:34.155155Z","level":"info","event":"[850/1026] Extraction for : Escape From New York","logger":"root","filename":"ingestion_dag.py","lineno":383}
{"timestamp":"2026-01-06T14:01:34.556285Z","level":"info","event":"[851/1026] Extraction for : Executive Decision","logger":"root","filename":"ingestion_dag.py","lineno":383}
{"timestamp":"2026-01-06T14:01:34.918843Z","level":"info","event":"[852/1026] Extraction for : Extract","logger":"root","filename":"ingestion_dag.py","lineno":383}
{"timestamp":"2026-01-06T14:01:35.125568Z","level":"info","event":"[853/1026] Extraction for : Face Off","logger":"root","filename":"ingestion_dag.py","lineno":383}
{"timestamp":"2026-01-06T14:01:35.474442Z","level":"info","event":"[854/1026] Extraction for : Fantastic Four","logger":"root","filename":"ingestion_dag.py","lineno":383}
{"timestamp":"2026-01-06T14:01:35.830153Z","level":"info","event":"[855/1026] Extraction for : Fatal Instinct","logger":"root","filename":"ingestion_dag.py","lineno":383}
{"timestamp":"2026-01-06T14:01:36.047624Z","level":"info","event":"[856/1026] Extraction for : Feast","logger":"root","filename":"ingestion_dag.py","lineno":383}
{"timestamp":"2026-01-06T14:01:36.415506Z","level":"info","event":"[857/1026] Extraction for : Final Destination 2","logger":"root","filename":"ingestion_dag.py","lineno":383}
{"timestamp":"2026-01-06T14:01:37.004191Z","level":"info","event":"[858/1026] Extraction for : Five Easy Pieces","logger":"root","filename":"ingestion_dag.py","lineno":383}
{"timestamp":"2026-01-06T14:01:37.198013Z","level":"info","event":"[859/1026] Extraction for : Flash Gordon","logger":"root","filename":"ingestion_dag.py","lineno":383}
{"timestamp":"2026-01-06T14:01:37.624433Z","level":"info","event":"[860/1026] Extraction for : Fletch","logger":"root","filename":"ingestion_dag.py","lineno":383}
{"timestamp":"2026-01-06T14:01:37.988190Z","level":"info","event":"[861/1026] Extraction for : Frankenstein","logger":"root","filename":"ingestion_dag.py","lineno":383}
{"timestamp":"2026-01-06T14:01:38.246995Z","level":"info","event":"[862/1026] Extraction for : Freaked","logger":"root","filename":"ingestion_dag.py","lineno":383}
{"timestamp":"2026-01-06T14:01:38.593815Z","level":"info","event":"[863/1026] Extraction for : Fright Night","logger":"root","filename":"ingestion_dag.py","lineno":383}
{"timestamp":"2026-01-06T14:01:38.788383Z","level":"info","event":"[864/1026] Extraction for : Funny People","logger":"root","filename":"ingestion_dag.py","lineno":383}
{"timestamp":"2026-01-06T14:01:39.217879Z","level":"info","event":"[865/1026] Extraction for : Gamer","logger":"root","filename":"ingestion_dag.py","lineno":383}
{"timestamp":"2026-01-06T14:01:39.532382Z","level":"info","event":"[866/1026] Extraction for : Gandhi","logger":"root","filename":"ingestion_dag.py","lineno":383}
{"timestamp":"2026-01-06T14:01:39.891277Z","level":"info","event":"[867/1026] Extraction for : Get Shorty","logger":"root","filename":"ingestion_dag.py","lineno":383}
{"timestamp":"2026-01-06T14:01:40.315229Z","level":"info","event":"[868/1026] Extraction for : Ghost Ship","logger":"root","filename":"ingestion_dag.py","lineno":383}
{"timestamp":"2026-01-06T14:01:40.699020Z","level":"info","event":"[869/1026] Extraction for : Ghost World","logger":"root","filename":"ingestion_dag.py","lineno":383}
{"timestamp":"2026-01-06T14:01:40.912765Z","level":"info","event":"[870/1026] Extraction for : Go","logger":"root","filename":"ingestion_dag.py","lineno":383}
{"timestamp":"2026-01-06T14:01:41.292288Z","level":"info","event":"[871/1026] Extraction for : Gothika","logger":"root","filename":"ingestion_dag.py","lineno":383}
{"timestamp":"2026-01-06T14:01:41.495847Z","level":"info","event":"[872/1026] Extraction for : Gran Torino","logger":"root","filename":"ingestion_dag.py","lineno":383}
{"timestamp":"2026-01-06T14:01:41.687271Z","level":"info","event":"[873/1026] Extraction for : Grand Hotel","logger":"root","filename":"ingestion_dag.py","lineno":383}
{"timestamp":"2026-01-06T14:01:42.056518Z","level":"info","event":"[874/1026] Extraction for : Gremlins 2","logger":"root","filename":"ingestion_dag.py","lineno":383}
{"timestamp":"2026-01-06T14:01:42.380022Z","level":"info","event":"[875/1026] Extraction for : Hancock","logger":"root","filename":"ingestion_dag.py","lineno":383}
{"timestamp":"2026-01-06T14:01:42.589603Z","level":"info","event":"[876/1026] Extraction for : Hannibal","logger":"root","filename":"ingestion_dag.py","lineno":383}
{"timestamp":"2026-01-06T14:01:42.966441Z","level":"info","event":"[877/1026] Extraction for : Happy Feet","logger":"root","filename":"ingestion_dag.py","lineno":383}
{"timestamp":"2026-01-06T14:01:43.361460Z","level":"info","event":"[878/1026] Extraction for : Hard Rain","logger":"root","filename":"ingestion_dag.py","lineno":383}
{"timestamp":"2026-01-06T14:01:43.711185Z","level":"info","event":"[879/1026] Extraction for : Heavenly Creatures","logger":"root","filename":"ingestion_dag.py","lineno":383}
{"timestamp":"2026-01-06T14:01:44.089893Z","level":"info","event":"[880/1026] Extraction for : Heist","logger":"root","filename":"ingestion_dag.py","lineno":383}
{"timestamp":"2026-01-06T14:01:44.465888Z","level":"info","event":"[881/1026] Extraction for : Here Comes Peter Cottontail","logger":"root","filename":"ingestion_dag.py","lineno":383}
{"timestamp":"2026-01-06T14:01:44.841078Z","level":"info","event":"[882/1026] Extraction for : Hesher","logger":"root","filename":"ingestion_dag.py","lineno":383}
{"timestamp":"2026-01-06T14:01:45.059379Z","level":"info","event":"[883/1026] Extraction for : Highlander","logger":"root","filename":"ingestion_dag.py","lineno":383}
{"timestamp":"2026-01-06T14:01:45.265010Z","level":"info","event":"[884/1026] Extraction for : Highlander Endgame","logger":"root","filename":"ingestion_dag.py","lineno":383}
{"timestamp":"2026-01-06T14:01:45.633609Z","level":"info","event":"[885/1026] Extraction for : His Girl Friday","logger":"root","filename":"ingestion_dag.py","lineno":383}
{"timestamp":"2026-01-06T14:01:45.833730Z","level":"info","event":"[886/1026] Extraction for : Hostage","logger":"root","filename":"ingestion_dag.py","lineno":383}
{"timestamp":"2026-01-06T14:01:46.185711Z","level":"info","event":"[887/1026] Extraction for : Hot Tub Time Machine","logger":"root","filename":"ingestion_dag.py","lineno":383}
{"timestamp":"2026-01-06T14:01:46.551858Z","level":"info","event":"[888/1026] Extraction for : Hotel Rwanda","logger":"root","filename":"ingestion_dag.py","lineno":383}
{"timestamp":"2026-01-06T14:01:46.651529Z","level":"info","event":"[889/1026] Extraction for : Hudson Hawk","logger":"root","filename":"ingestion_dag.py","lineno":383}
{"timestamp":"2026-01-06T14:01:46.867652Z","level":"info","event":"[890/1026] Extraction for : Human Nature","logger":"root","filename":"ingestion_dag.py","lineno":383}
{"timestamp":"2026-01-06T14:01:47.060791Z","level":"info","event":"[891/1026] Extraction for : I Am Number Four","logger":"root","filename":"ingestion_dag.py","lineno":383}
{"timestamp":"2026-01-06T14:01:47.491476Z","level":"info","event":"[892/1026] Extraction for : I Am Sam","logger":"root","filename":"ingestion_dag.py","lineno":383}
{"timestamp":"2026-01-06T14:01:47.883584Z","level":"info","event":"[893/1026] Extraction for : I Love You Phillip Morris","logger":"root","filename":"ingestion_dag.py","lineno":383}
{"timestamp":"2026-01-06T14:01:48.234196Z","level":"info","event":"[894/1026] Extraction for : I Still Know What You Did Last Summer","logger":"root","filename":"ingestion_dag.py","lineno":383}
{"timestamp":"2026-01-06T14:01:48.829836Z","level":"info","event":"[895/1026] Extraction for : I Robot","logger":"root","filename":"ingestion_dag.py","lineno":383}
{"timestamp":"2026-01-06T14:01:49.191804Z","level":"info","event":"[896/1026] Extraction for : Intolerable Cruelty","logger":"root","filename":"ingestion_dag.py","lineno":383}
{"timestamp":"2026-01-06T14:01:49.570346Z","level":"info","event":"[897/1026] Extraction for : Invictus","logger":"root","filename":"ingestion_dag.py","lineno":383}
{"timestamp":"2026-01-06T14:01:49.760345Z","level":"info","event":"[898/1026] Extraction for : It Happened One Night","logger":"root","filename":"ingestion_dag.py","lineno":383}
{"timestamp":"2026-01-06T14:01:49.956106Z","level":"info","event":"[899/1026] Extraction for : It Happened One Night","logger":"root","filename":"ingestion_dag.py","lineno":383}
{"timestamp":"2026-01-06T14:01:50.053827Z","level":"info","event":"[900/1026] Extraction for : Jade","logger":"root","filename":"ingestion_dag.py","lineno":383}
{"timestamp":"2026-01-06T14:01:50.266174Z","level":"info","event":"[901/1026] Extraction for : John Q","logger":"root","filename":"ingestion_dag.py","lineno":383}
{"timestamp":"2026-01-06T14:01:50.476740Z","level":"info","event":"[902/1026] Extraction for : Judge Dredd","logger":"root","filename":"ingestion_dag.py","lineno":383}
{"timestamp":"2026-01-06T14:01:50.681310Z","level":"info","event":"[903/1026] Extraction for : Kalifornia","logger":"root","filename":"ingestion_dag.py","lineno":383}
{"timestamp":"2026-01-06T14:01:51.083948Z","level":"info","event":"[904/1026] Extraction for : Killing Zoe","logger":"root","filename":"ingestion_dag.py","lineno":383}
{"timestamp":"2026-01-06T14:01:51.435493Z","level":"info","event":"[905/1026] Extraction for : Kung Fu Panda","logger":"root","filename":"ingestion_dag.py","lineno":383}
{"timestamp":"2026-01-06T14:01:51.851969Z","level":"info","event":"[906/1026] Extraction for : Labyrinth","logger":"root","filename":"ingestion_dag.py","lineno":383}
{"timestamp":"2026-01-06T14:01:52.079711Z","level":"info","event":"[907/1026] Extraction for : Larry Crowne","logger":"root","filename":"ingestion_dag.py","lineno":383}
{"timestamp":"2026-01-06T14:01:52.453310Z","level":"info","event":"[908/1026] Extraction for : Legally Blonde","logger":"root","filename":"ingestion_dag.py","lineno":383}
{"timestamp":"2026-01-06T14:01:52.648143Z","level":"info","event":"[909/1026] Extraction for : Legion","logger":"root","filename":"ingestion_dag.py","lineno":383}
{"timestamp":"2026-01-06T14:01:52.856342Z","level":"info","event":"[910/1026] Extraction for : Les Miserables","logger":"root","filename":"ingestion_dag.py","lineno":383}
{"timestamp":"2026-01-06T14:01:53.415305Z","level":"info","event":"[911/1026] Extraction for : Les Tontons Flingueurs","logger":"root","filename":"ingestion_dag.py","lineno":383}
{"timestamp":"2026-01-06T14:01:53.796190Z","level":"info","event":"[912/1026] Extraction for : Leviathan","logger":"root","filename":"ingestion_dag.py","lineno":383}
{"timestamp":"2026-01-06T14:01:54.185199Z","level":"info","event":"[913/1026] Extraction for : Life","logger":"root","filename":"ingestion_dag.py","lineno":383}
{"timestamp":"2026-01-06T14:01:54.401815Z","level":"info","event":"[914/1026] Extraction for : Limitless","logger":"root","filename":"ingestion_dag.py","lineno":383}
{"timestamp":"2026-01-06T14:01:54.605206Z","level":"info","event":"[915/1026] Extraction for : Little Nicky","logger":"root","filename":"ingestion_dag.py","lineno":383}
{"timestamp":"2026-01-06T14:01:54.810795Z","level":"info","event":"[916/1026] Extraction for : Lost Horizon","logger":"root","filename":"ingestion_dag.py","lineno":383}
{"timestamp":"2026-01-06T14:01:55.168780Z","level":"info","event":"[917/1026] Extraction for : Machete","logger":"root","filename":"ingestion_dag.py","lineno":383}
{"timestamp":"2026-01-06T14:01:55.561830Z","level":"info","event":"[918/1026] Extraction for : Machine Gun Preacher","logger":"root","filename":"ingestion_dag.py","lineno":383}
{"timestamp":"2026-01-06T14:01:55.753208Z","level":"info","event":"[919/1026] Extraction for : Made","logger":"root","filename":"ingestion_dag.py","lineno":383}
{"timestamp":"2026-01-06T14:01:56.118435Z","level":"info","event":"[920/1026] Extraction for : Major League","logger":"root","filename":"ingestion_dag.py","lineno":383}
{"timestamp":"2026-01-06T14:01:56.492650Z","level":"info","event":"[921/1026] Extraction for : Manhunter","logger":"root","filename":"ingestion_dag.py","lineno":383}
{"timestamp":"2026-01-06T14:01:56.682947Z","level":"info","event":"[922/1026] Extraction for : Martha Marcy May Marlene","logger":"root","filename":"ingestion_dag.py","lineno":383}
{"timestamp":"2026-01-06T14:01:56.882502Z","level":"info","event":"[923/1026] Extraction for : Marty","logger":"root","filename":"ingestion_dag.py","lineno":383}
{"timestamp":"2026-01-06T14:01:57.079944Z","level":"info","event":"[924/1026] Extraction for : Matchstick Men","logger":"root","filename":"ingestion_dag.py","lineno":383}
{"timestamp":"2026-01-06T14:01:57.320482Z","level":"info","event":"[925/1026] Extraction for : Max Payne","logger":"root","filename":"ingestion_dag.py","lineno":383}
{"timestamp":"2026-01-06T14:01:57.753693Z","level":"info","event":"[926/1026] Extraction for : Meet Joe Black","logger":"root","filename":"ingestion_dag.py","lineno":383}
{"timestamp":"2026-01-06T14:01:58.122621Z","level":"info","event":"[927/1026] Extraction for : Meet John Doe","logger":"root","filename":"ingestion_dag.py","lineno":383}
{"timestamp":"2026-01-06T14:01:58.499831Z","level":"info","event":"[928/1026] Extraction for : Metro","logger":"root","filename":"ingestion_dag.py","lineno":383}
{"timestamp":"2026-01-06T14:01:58.884404Z","level":"info","event":"[929/1026] Extraction for : Miami Vice","logger":"root","filename":"ingestion_dag.py","lineno":383}
{"timestamp":"2026-01-06T14:01:59.530323Z","level":"info","event":"[930/1026] Extraction for : Midnight Express","logger":"root","filename":"ingestion_dag.py","lineno":383}
{"timestamp":"2026-01-06T14:01:59.755254Z","level":"info","event":"[931/1026] Extraction for : Mighty Joe Young","logger":"root","filename":"ingestion_dag.py","lineno":383}
{"timestamp":"2026-01-06T14:02:00.013474Z","level":"info","event":"[932/1026] Extraction for : Milk","logger":"root","filename":"ingestion_dag.py","lineno":383}
{"timestamp":"2026-01-06T14:02:00.217341Z","level":"info","event":"[933/1026] Extraction for : Mirrors","logger":"root","filename":"ingestion_dag.py","lineno":383}
{"timestamp":"2026-01-06T14:02:00.601424Z","level":"info","event":"[934/1026] Extraction for : Monkeybone","logger":"root","filename":"ingestion_dag.py","lineno":383}
{"timestamp":"2026-01-06T14:02:00.971948Z","level":"info","event":"[935/1026] Extraction for : Monte Carlo","logger":"root","filename":"ingestion_dag.py","lineno":383}
{"timestamp":"2026-01-06T14:02:01.376186Z","level":"info","event":"[936/1026] Extraction for : Mulholland Drive","logger":"root","filename":"ingestion_dag.py","lineno":383}
{"timestamp":"2026-01-06T14:02:01.769269Z","level":"info","event":"[937/1026] Extraction for : My Girl","logger":"root","filename":"ingestion_dag.py","lineno":383}
{"timestamp":"2026-01-06T14:02:02.150507Z","level":"info","event":"[938/1026] Extraction for : Nashville","logger":"root","filename":"ingestion_dag.py","lineno":383}
{"timestamp":"2026-01-06T14:02:02.345664Z","level":"info","event":"[939/1026] Extraction for : Never Been Kissed","logger":"root","filename":"ingestion_dag.py","lineno":383}
{"timestamp":"2026-01-06T14:02:02.543498Z","level":"info","event":"[940/1026] Extraction for : Newsies","logger":"root","filename":"ingestion_dag.py","lineno":383}
{"timestamp":"2026-01-06T14:02:02.738964Z","level":"info","event":"[941/1026] Extraction for : Next","logger":"root","filename":"ingestion_dag.py","lineno":383}
{"timestamp":"2026-01-06T14:02:02.953008Z","level":"info","event":"[942/1026] Extraction for : Nightbreed","logger":"root","filename":"ingestion_dag.py","lineno":383}
{"timestamp":"2026-01-06T14:02:03.306083Z","level":"info","event":"[943/1026] Extraction for : Nine","logger":"root","filename":"ingestion_dag.py","lineno":383}
{"timestamp":"2026-01-06T14:02:03.752714Z","level":"info","event":"[944/1026] Extraction for : Ninotchka","logger":"root","filename":"ingestion_dag.py","lineno":383}
{"timestamp":"2026-01-06T14:02:03.973767Z","level":"info","event":"[945/1026] Extraction for : No Strings Attached","logger":"root","filename":"ingestion_dag.py","lineno":383}
{"timestamp":"2026-01-06T14:02:04.185546Z","level":"info","event":"[946/1026] Extraction for : Oblivion","logger":"root","filename":"ingestion_dag.py","lineno":383}
{"timestamp":"2026-01-06T14:02:04.468683Z","level":"info","event":"[947/1026] Extraction for : Obsessed","logger":"root","filename":"ingestion_dag.py","lineno":383}
{"timestamp":"2026-01-06T14:02:04.846732Z","level":"info","event":"[948/1026] Extraction for : Outbreak","logger":"root","filename":"ingestion_dag.py","lineno":383}
{"timestamp":"2026-01-06T14:02:05.049069Z","level":"info","event":"[949/1026] Extraction for : Pandorum","logger":"root","filename":"ingestion_dag.py","lineno":383}
{"timestamp":"2026-01-06T14:02:05.422915Z","level":"info","event":"[950/1026] Extraction for : Paul","logger":"root","filename":"ingestion_dag.py","lineno":383}
{"timestamp":"2026-01-06T14:02:05.938523Z","level":"info","event":"[951/1026] Extraction for : Pearl Harbor","logger":"root","filename":"ingestion_dag.py","lineno":383}
{"timestamp":"2026-01-06T14:02:06.153082Z","level":"info","event":"[952/1026] Extraction for : Peeping Tom","logger":"root","filename":"ingestion_dag.py","lineno":383}
{"timestamp":"2026-01-06T14:02:06.529370Z","level":"info","event":"[953/1026] Extraction for : Phone Booth","logger":"root","filename":"ingestion_dag.py","lineno":383}
{"timestamp":"2026-01-06T14:02:06.723194Z","level":"info","event":"[954/1026] Extraction for : Pi","logger":"root","filename":"ingestion_dag.py","lineno":383}
{"timestamp":"2026-01-06T14:02:07.420409Z","level":"info","event":"[955/1026] Extraction for : Pitch Black","logger":"root","filename":"ingestion_dag.py","lineno":383}
{"timestamp":"2026-01-06T14:02:08.068146Z","level":"info","event":"[956/1026] Extraction for : Platoon","logger":"root","filename":"ingestion_dag.py","lineno":383}
{"timestamp":"2026-01-06T14:02:08.265843Z","level":"info","event":"[957/1026] Extraction for : Pleasantville","logger":"root","filename":"ingestion_dag.py","lineno":383}
{"timestamp":"2026-01-06T14:02:08.651881Z","level":"info","event":"[958/1026] Extraction for : Point Break","logger":"root","filename":"ingestion_dag.py","lineno":383}
{"timestamp":"2026-01-06T14:02:08.883621Z","level":"info","event":"[959/1026] Extraction for : Priest","logger":"root","filename":"ingestion_dag.py","lineno":383}
{"timestamp":"2026-01-06T14:02:09.240586Z","level":"info","event":"[960/1026] Extraction for : Prom Night","logger":"root","filename":"ingestion_dag.py","lineno":383}
{"timestamp":"2026-01-06T14:02:09.438552Z","level":"info","event":"[961/1026] Extraction for : Public Enemies","logger":"root","filename":"ingestion_dag.py","lineno":383}
{"timestamp":"2026-01-06T14:02:09.641800Z","level":"info","event":"[962/1026] Extraction for : Rachel Getting Married","logger":"root","filename":"ingestion_dag.py","lineno":383}
{"timestamp":"2026-01-06T14:02:10.001643Z","level":"info","event":"[963/1026] Extraction for : Real Genius","logger":"root","filename":"ingestion_dag.py","lineno":383}
{"timestamp":"2026-01-06T14:02:10.211818Z","level":"info","event":"[964/1026] Extraction for : Red Planet","logger":"root","filename":"ingestion_dag.py","lineno":383}
{"timestamp":"2026-01-06T14:02:10.589280Z","level":"info","event":"[965/1026] Extraction for : Red Riding Hood","logger":"root","filename":"ingestion_dag.py","lineno":383}
{"timestamp":"2026-01-06T14:02:10.943755Z","level":"info","event":"[966/1026] Extraction for : Remember Me","logger":"root","filename":"ingestion_dag.py","lineno":383}
{"timestamp":"2026-01-06T14:02:11.157077Z","level":"info","event":"[967/1026] Extraction for : Repo Man","logger":"root","filename":"ingestion_dag.py","lineno":383}
{"timestamp":"2026-01-06T14:02:11.534565Z","level":"info","event":"[968/1026] Extraction for : Resident Evil","logger":"root","filename":"ingestion_dag.py","lineno":383}
{"timestamp":"2026-01-06T14:02:11.947786Z","level":"info","event":"[969/1026] Extraction for : Ringu","logger":"root","filename":"ingestion_dag.py","lineno":383}
{"timestamp":"2026-01-06T14:02:12.256084Z","level":"info","event":"[970/1026] Extraction for : Scream 3","logger":"root","filename":"ingestion_dag.py","lineno":383}
{"timestamp":"2026-01-06T14:02:12.685396Z","level":"info","event":"[971/1026] Extraction for : Scream 4","logger":"root","filename":"ingestion_dag.py","lineno":383}
{"timestamp":"2026-01-06T14:02:13.035503Z","level":"info","event":"[972/1026] Extraction for : Semi Pro","logger":"root","filename":"ingestion_dag.py","lineno":383}
{"timestamp":"2026-01-06T14:02:13.410001Z","level":"info","event":"[973/1026] Extraction for : Serial Mom","logger":"root","filename":"ingestion_dag.py","lineno":383}
{"timestamp":"2026-01-06T14:02:13.640319Z","level":"info","event":"[974/1026] Extraction for : Shallow Grave","logger":"root","filename":"ingestion_dag.py","lineno":383}
{"timestamp":"2026-01-06T14:02:13.838085Z","level":"info","event":"[975/1026] Extraction for : Shivers","logger":"root","filename":"ingestion_dag.py","lineno":383}
{"timestamp":"2026-01-06T14:02:14.313993Z","level":"info","event":"[976/1026] Extraction for : Sideways","logger":"root","filename":"ingestion_dag.py","lineno":383}
{"timestamp":"2026-01-06T14:02:14.553616Z","level":"info","event":"[977/1026] Extraction for : Silver Bullet","logger":"root","filename":"ingestion_dag.py","lineno":383}
{"timestamp":"2026-01-06T14:02:14.764389Z","level":"info","event":"[978/1026] Extraction for : Single White Female","logger":"root","filename":"ingestion_dag.py","lineno":383}
{"timestamp":"2026-01-06T14:02:15.138579Z","level":"info","event":"[979/1026] Extraction for : Sister Act","logger":"root","filename":"ingestion_dag.py","lineno":383}
{"timestamp":"2026-01-06T14:02:15.338320Z","level":"info","event":"[980/1026] Extraction for : Sling Blade","logger":"root","filename":"ingestion_dag.py","lineno":383}
{"timestamp":"2026-01-06T14:02:15.533656Z","level":"info","event":"[981/1026] Extraction for : Slither","logger":"root","filename":"ingestion_dag.py","lineno":383}
{"timestamp":"2026-01-06T14:02:15.891423Z","level":"info","event":"[982/1026] Extraction for : Slumdog Millionaire","logger":"root","filename":"ingestion_dag.py","lineno":383}
{"timestamp":"2026-01-06T14:02:16.095395Z","level":"info","event":"[983/1026] Extraction for : Smokin Aces","logger":"root","filename":"ingestion_dag.py","lineno":383}
{"timestamp":"2026-01-06T14:02:16.296832Z","level":"info","event":"[984/1026] Extraction for : Sneakers","logger":"root","filename":"ingestion_dag.py","lineno":383}
{"timestamp":"2026-01-06T14:02:16.497948Z","level":"info","event":"[985/1026] Extraction for : Soldier","logger":"root","filename":"ingestion_dag.py","lineno":383}
{"timestamp":"2026-01-06T14:02:16.712736Z","level":"info","event":"[986/1026] Extraction for : Source Code","logger":"root","filename":"ingestion_dag.py","lineno":383}
{"timestamp":"2026-01-06T14:02:17.075800Z","level":"info","event":"[987/1026] Extraction for : South Park","logger":"root","filename":"ingestion_dag.py","lineno":383}
{"timestamp":"2026-01-06T14:02:17.324247Z","level":"info","event":"[988/1026] Extraction for : Spartan","logger":"root","filename":"ingestion_dag.py","lineno":383}
{"timestamp":"2026-01-06T14:02:17.719485Z","level":"info","event":"[989/1026] Extraction for : Sphere","logger":"root","filename":"ingestion_dag.py","lineno":383}
{"timestamp":"2026-01-06T14:02:17.943173Z","level":"info","event":"[990/1026] Extraction for : Starman","logger":"root","filename":"ingestion_dag.py","lineno":383}
{"timestamp":"2026-01-06T14:02:18.305450Z","level":"info","event":"[991/1026] Extraction for : Starship Troopers","logger":"root","filename":"ingestion_dag.py","lineno":383}
{"timestamp":"2026-01-06T14:02:18.530392Z","level":"info","event":"[992/1026] Extraction for : Sunset Blvd","logger":"root","filename":"ingestion_dag.py","lineno":383}
{"timestamp":"2026-01-06T14:02:19.107877Z","level":"info","event":"[993/1026] Extraction for : Sunshine Cleaning","logger":"root","filename":"ingestion_dag.py","lineno":383}
{"timestamp":"2026-01-06T14:02:19.490166Z","level":"info","event":"[994/1026] Extraction for : Supergirl","logger":"root","filename":"ingestion_dag.py","lineno":383}
{"timestamp":"2026-01-06T14:02:19.875786Z","level":"info","event":"[995/1026] Extraction for : Suspect Zero","logger":"root","filename":"ingestion_dag.py","lineno":383}
{"timestamp":"2026-01-06T14:02:20.483304Z","level":"info","event":"[996/1026] Extraction for : Swordfish","logger":"root","filename":"ingestion_dag.py","lineno":383}
{"timestamp":"2026-01-06T14:02:20.842066Z","level":"info","event":"[997/1026] Extraction for : Syriana","logger":"root","filename":"ingestion_dag.py","lineno":383}
{"timestamp":"2026-01-06T14:02:20.948514Z","level":"info","event":"[998/1026] Extraction for : Taking Lives","logger":"root","filename":"ingestion_dag.py","lineno":383}
{"timestamp":"2026-01-06T14:02:21.154795Z","level":"info","event":"[999/1026] Extraction for : Tamara Drewe","logger":"root","filename":"ingestion_dag.py","lineno":383}
{"timestamp":"2026-01-06T14:02:21.345903Z","level":"info","event":"[1000/1026] Extraction for : Terminator","logger":"root","filename":"ingestion_dag.py","lineno":383}
{"timestamp":"2026-01-06T14:02:21.778969Z","level":"info","event":"[1001/1026] Extraction for : They","logger":"root","filename":"ingestion_dag.py","lineno":383}
{"timestamp":"2026-01-06T14:02:21.974514Z","level":"info","event":"[1002/1026] Extraction for : Thirteen Days","logger":"root","filename":"ingestion_dag.py","lineno":383}
{"timestamp":"2026-01-06T14:02:22.182879Z","level":"info","event":"[1003/1026] Extraction for : Thunderbirds","logger":"root","filename":"ingestion_dag.py","lineno":383}
{"timestamp":"2026-01-06T14:02:22.564960Z","level":"info","event":"[1004/1026] Extraction for : Ticker","logger":"root","filename":"ingestion_dag.py","lineno":383}
{"timestamp":"2026-01-06T14:02:22.930075Z","level":"info","event":"[1005/1026] Extraction for : Tombstone","logger":"root","filename":"ingestion_dag.py","lineno":383}
{"timestamp":"2026-01-06T14:02:23.334686Z","level":"info","event":"[1006/1026] Extraction for : Traffic","logger":"root","filename":"ingestion_dag.py","lineno":383}
{"timestamp":"2026-01-06T14:02:23.732352Z","level":"info","event":"[1007/1026] Extraction for : Trainspotting","logger":"root","filename":"ingestion_dag.py","lineno":383}
{"timestamp":"2026-01-06T14:02:24.344188Z","level":"info","event":"[1008/1026] Extraction for : Tron","logger":"root","filename":"ingestion_dag.py","lineno":383}
{"timestamp":"2026-01-06T14:02:24.746408Z","level":"info","event":"[1009/1026] Extraction for : Tropic Thunder","logger":"root","filename":"ingestion_dag.py","lineno":383}
{"timestamp":"2026-01-06T14:02:24.967207Z","level":"info","event":"[1010/1026] Extraction for : Troy","logger":"root","filename":"ingestion_dag.py","lineno":383}
{"timestamp":"2026-01-06T14:02:25.362114Z","level":"info","event":"[1011/1026] Extraction for : Twin Peaks","logger":"root","filename":"ingestion_dag.py","lineno":383}
{"timestamp":"2026-01-06T14:02:25.818415Z","level":"info","event":"[1012/1026] Extraction for : Twister","logger":"root","filename":"ingestion_dag.py","lineno":383}
{"timestamp":"2026-01-06T14:02:26.194399Z","level":"info","event":"[1013/1026] Extraction for : Unknown","logger":"root","filename":"ingestion_dag.py","lineno":383}
{"timestamp":"2026-01-06T14:02:26.436985Z","level":"info","event":"[1014/1026] Extraction for : Valkyrie","logger":"root","filename":"ingestion_dag.py","lineno":383}
{"timestamp":"2026-01-06T14:02:26.638266Z","level":"info","event":"[1015/1026] Extraction for : Very Bad Things","logger":"root","filename":"ingestion_dag.py","lineno":383}
{"timestamp":"2026-01-06T14:02:26.986259Z","level":"info","event":"[1016/1026] Extraction for : Virtuosity","logger":"root","filename":"ingestion_dag.py","lineno":383}
{"timestamp":"2026-01-06T14:02:27.363001Z","level":"info","event":"[1017/1026] Extraction for : War Horse","logger":"root","filename":"ingestion_dag.py","lineno":383}
{"timestamp":"2026-01-06T14:02:27.609789Z","level":"info","event":"[1018/1026] Extraction for : What About Bob","logger":"root","filename":"ingestion_dag.py","lineno":383}
{"timestamp":"2026-01-06T14:02:27.940945Z","level":"info","event":"[1019/1026] Extraction for : White Christmas","logger":"root","filename":"ingestion_dag.py","lineno":383}
{"timestamp":"2026-01-06T14:02:28.352744Z","level":"info","event":"[1020/1026] Extraction for : Whiteout","logger":"root","filename":"ingestion_dag.py","lineno":383}
{"timestamp":"2026-01-06T14:02:28.546882Z","level":"info","event":"[1021/1026] Extraction for : Wild Hogs","logger":"root","filename":"ingestion_dag.py","lineno":383}
{"timestamp":"2026-01-06T14:02:28.907079Z","level":"info","event":"[1022/1026] Extraction for : Wild Things","logger":"root","filename":"ingestion_dag.py","lineno":383}
{"timestamp":"2026-01-06T14:02:29.130600Z","level":"info","event":"[1023/1026] Extraction for : Wild Wild West","logger":"root","filename":"ingestion_dag.py","lineno":383}
{"timestamp":"2026-01-06T14:02:29.670622Z","level":"info","event":"[1024/1026] Extraction for : Willow","logger":"root","filename":"ingestion_dag.py","lineno":383}
{"timestamp":"2026-01-06T14:02:29.887421Z","level":"info","event":"[1025/1026] Extraction for : Win Win","logger":"root","filename":"ingestion_dag.py","lineno":383}
{"timestamp":"2026-01-06T14:02:30.310779Z","level":"info","event":"[1026/1026] Extraction for : Year One","logger":"root","filename":"ingestion_dag.py","lineno":383}
{"timestamp":"2026-01-06T14:02:30.524368Z","level":"info","event":"\nTotal number of unique tropes to scrape : 9370","logger":"root","filename":"ingestion_dag.py","lineno":391}
{"timestamp":"2026-01-06T14:02:30.524700Z","level":"info","event":"--- Phase 2 : Scraping of definitions ---","logger":"root","filename":"ingestion_dag.py","lineno":394}
{"timestamp":"2026-01-06T14:02:30.524818Z","level":"info","event":"[1/9370] Scrapping definition : Actor Shared Background","logger":"root","filename":"ingestion_dag.py","lineno":401}
{"timestamp":"2026-01-06T14:02:30.986425Z","level":"info","event":"[2/9370] Scrapping definition : And This Is For","logger":"root","filename":"ingestion_dag.py","lineno":401}
{"timestamp":"2026-01-06T14:02:31.485781Z","level":"info","event":"[3/9370] Scrapping definition : Angry Black Man","logger":"root","filename":"ingestion_dag.py","lineno":401}
{"timestamp":"2026-01-06T14:02:31.982639Z","level":"info","event":"[4/9370] Scrapping definition : Bad Guys Play Pool","logger":"root","filename":"ingestion_dag.py","lineno":401}
{"timestamp":"2026-01-06T14:02:32.549001Z","level":"info","event":"[5/9370] Scrapping definition : Bad News in a Good Way","logger":"root","filename":"ingestion_dag.py","lineno":401}
{"timestamp":"2026-01-06T14:02:33.057440Z","level":"info","event":"[6/9370] Scrapping definition : Actor Allusion","logger":"root","filename":"ingestion_dag.py","lineno":401}
{"timestamp":"2026-01-06T14:02:33.535367Z","level":"info","event":"[7/9370] Scrapping definition : Artistic License Law","logger":"root","filename":"ingestion_dag.py","lineno":401}
{"timestamp":"2026-01-06T14:02:34.014068Z","level":"info","event":"[8/9370] Scrapping definition : Society Marches On","logger":"root","filename":"ingestion_dag.py","lineno":401}
{"timestamp":"2026-01-06T14:02:34.523549Z","level":"info","event":"[9/9370] Scrapping definition : Hollywood Law","logger":"root","filename":"ingestion_dag.py","lineno":401}
{"timestamp":"2026-01-06T14:02:35.031075Z","level":"info","event":"[10/9370] Scrapping definition : Asshole Victim","logger":"root","filename":"ingestion_dag.py","lineno":401}
{"timestamp":"2026-01-06T14:02:35.599837Z","level":"info","event":"[11/9370] Scrapping definition : Berserk Button","logger":"root","filename":"ingestion_dag.py","lineno":401}
{"timestamp":"2026-01-06T14:02:35.901942Z","level":"info","event":"[12/9370] Scrapping definition : Character Filibuster","logger":"root","filename":"ingestion_dag.py","lineno":401}
{"timestamp":"2026-01-06T14:02:36.398829Z","level":"info","event":"[13/9370] Scrapping definition : that causes the other jurors to turn away from him one by one, until #4 shuts him up","logger":"root","filename":"ingestion_dag.py","lineno":401}
{"timestamp":"2026-01-06T14:02:37.095580Z","level":"info","event":"[14/9370] Scrapping definition : An Aesop","logger":"root","filename":"ingestion_dag.py","lineno":401}
{"timestamp":"2026-01-06T14:02:37.661324Z","level":"info","event":"[15/9370] Scrapping definition : All Just a Dream","logger":"root","filename":"ingestion_dag.py","lineno":401}
{"timestamp":"2026-01-06T14:02:38.188961Z","level":"info","event":"[16/9370] Scrapping definition : Badass","logger":"root","filename":"ingestion_dag.py","lineno":401}
{"timestamp":"2026-01-06T14:02:39.057722Z","level":"info","event":"[17/9370] Scrapping definition : Based on a True Story","logger":"root","filename":"ingestion_dag.py","lineno":401}
{"timestamp":"2026-01-06T14:02:39.549434Z","level":"info","event":"[18/9370] Scrapping definition : And how!","logger":"root","filename":"ingestion_dag.py","lineno":401}
{"timestamp":"2026-01-06T14:02:39.637592Z","level":"error","event":"Error of scraping: 403 Client Error: Forbidden for url: https://en.wikipedia.org/wiki/Aron_Ralston","logger":"root","filename":"ingestion_dag.py","lineno":365}
{"timestamp":"2026-01-06T14:02:39.739032Z","level":"info","event":"[19/9370] Scrapping definition : Break the Cutie","logger":"root","filename":"ingestion_dag.py","lineno":401}
{"timestamp":"2026-01-06T14:02:40.243714Z","level":"info","event":"[20/9370] Scrapping definition : Break the Haughty","logger":"root","filename":"ingestion_dag.py","lineno":401}
{"timestamp":"2026-01-06T14:02:40.914891Z","level":"info","event":"[21/9370] Scrapping definition : Cat Scare","logger":"root","filename":"ingestion_dag.py","lineno":401}
{"timestamp":"2026-01-06T14:02:41.389747Z","level":"info","event":"[22/9370] Scrapping definition : Chekhov's Gag","logger":"root","filename":"ingestion_dag.py","lineno":401}
{"timestamp":"2026-01-06T14:02:41.897053Z","level":"info","event":"[23/9370] Scrapping definition : Cluster F-Bomb","logger":"root","filename":"ingestion_dag.py","lineno":401}
{"timestamp":"2026-01-06T14:02:42.428434Z","level":"info","event":"[24/9370] Scrapping definition : Covers Always Lie","logger":"root","filename":"ingestion_dag.py","lineno":401}
{"timestamp":"2026-01-06T14:02:42.954184Z","level":"info","event":"[25/9370] Scrapping definition : Determinator","logger":"root","filename":"ingestion_dag.py","lineno":401}
{"timestamp":"2026-01-06T14:02:43.548379Z","level":"info","event":"[26/9370] Scrapping definition : Earn Your Happy Ending","logger":"root","filename":"ingestion_dag.py","lineno":401}
{"timestamp":"2026-01-06T14:02:44.099469Z","level":"info","event":"[27/9370] Scrapping definition : Friend to All Living Things","logger":"root","filename":"ingestion_dag.py","lineno":401}
{"timestamp":"2026-01-06T14:02:44.639177Z","level":"info","event":"[28/9370] Scrapping definition : Adaptation Expansion","logger":"root","filename":"ingestion_dag.py","lineno":401}
{"timestamp":"2026-01-06T14:02:45.146642Z","level":"info","event":"[29/9370] Scrapping definition : Adult Fear","logger":"root","filename":"ingestion_dag.py","lineno":401}
{"timestamp":"2026-01-06T14:02:45.611951Z","level":"info","event":"[30/9370] Scrapping definition : Air Vent Passageway","logger":"root","filename":"ingestion_dag.py","lineno":401}
{"timestamp":"2026-01-06T14:02:45.827766Z","level":"info","event":"[31/9370] Scrapping definition : Alien Geometries","logger":"root","filename":"ingestion_dag.py","lineno":401}
{"timestamp":"2026-01-06T14:02:46.327859Z","level":"info","event":"[32/9370] Scrapping definition : Attack of the Killer Whatever","logger":"root","filename":"ingestion_dag.py","lineno":401}
{"timestamp":"2026-01-06T14:02:46.809071Z","level":"info","event":"[33/9370] Scrapping definition : Balcony Escape","logger":"root","filename":"ingestion_dag.py","lineno":401}
{"timestamp":"2026-01-06T14:02:47.259335Z","level":"info","event":"[34/9370] Scrapping definition : Big No","logger":"root","filename":"ingestion_dag.py","lineno":401}
{"timestamp":"2026-01-06T14:02:47.848546Z","level":"info","event":"[35/9370] Scrapping definition : Billing Displacement","logger":"root","filename":"ingestion_dag.py","lineno":401}
{"timestamp":"2026-01-06T14:02:48.357374Z","level":"info","event":"[36/9370] Scrapping definition : Samuel L. Jackson","logger":"root","filename":"ingestion_dag.py","lineno":401}
{"timestamp":"2026-01-06T14:02:48.872132Z","level":"info","event":"[37/9370] Scrapping definition : John Cusack","logger":"root","filename":"ingestion_dag.py","lineno":401}
{"timestamp":"2026-01-06T14:02:49.366956Z","level":"info","event":"[38/9370] Scrapping definition : Cassette Craze","logger":"root","filename":"ingestion_dag.py","lineno":401}
{"timestamp":"2026-01-06T14:02:49.874978Z","level":"info","event":"[39/9370] Scrapping definition : Chekhov's Gun","logger":"root","filename":"ingestion_dag.py","lineno":401}
{"timestamp":"2026-01-06T14:02:50.392109Z","level":"info","event":"[40/9370] Scrapping definition : The Alcoholic","logger":"root","filename":"ingestion_dag.py","lineno":401}
{"timestamp":"2026-01-06T14:02:50.954443Z","level":"info","event":"[41/9370] Scrapping definition : Atonement Detective","logger":"root","filename":"ingestion_dag.py","lineno":401}
{"timestamp":"2026-01-06T14:02:51.426742Z","level":"info","event":"[42/9370] Scrapping definition : Click Hello","logger":"root","filename":"ingestion_dag.py","lineno":401}
{"timestamp":"2026-01-06T14:02:51.933672Z","level":"info","event":"[43/9370] Scrapping definition : pretends to surrender","logger":"root","filename":"ingestion_dag.py","lineno":401}
{"timestamp":"2026-01-06T14:02:52.458465Z","level":"info","event":"[44/9370] Scrapping definition : Dirty Cop","logger":"root","filename":"ingestion_dag.py","lineno":401}
{"timestamp":"2026-01-06T14:02:52.959924Z","level":"info","event":"[45/9370] Scrapping definition : Escort Mission","logger":"root","filename":"ingestion_dag.py","lineno":401}
{"timestamp":"2026-01-06T14:02:53.515476Z","level":"info","event":"[46/9370] Scrapping definition : Engineered Public Confession","logger":"root","filename":"ingestion_dag.py","lineno":401}
{"timestamp":"2026-01-06T14:02:54.090327Z","level":"info","event":"[47/9370] Scrapping definition : Heroic Bystander","logger":"root","filename":"ingestion_dag.py","lineno":401}
{"timestamp":"2026-01-06T14:02:54.544249Z","level":"info","event":"[48/9370] Scrapping definition : Knight Templar","logger":"root","filename":"ingestion_dag.py","lineno":401}
{"timestamp":"2026-01-06T14:02:55.071582Z","level":"info","event":"[49/9370] Scrapping definition : Motor Mouth","logger":"root","filename":"ingestion_dag.py","lineno":401}
{"timestamp":"2026-01-06T14:02:55.667961Z","level":"info","event":"[50/9370] Scrapping definition : Pound of Flesh Twist","logger":"root","filename":"ingestion_dag.py","lineno":401}
{"timestamp":"2026-01-06T14:02:56.175256Z","level":"info","event":"[51/9370] Scrapping definition : Revolvers Are Just Better","logger":"root","filename":"ingestion_dag.py","lineno":401}
{"timestamp":"2026-01-06T14:02:56.864048Z","level":"info","event":"[52/9370] Scrapping definition : A Simple Plan","logger":"root","filename":"ingestion_dag.py","lineno":401}
{"timestamp":"2026-01-06T14:02:57.071583Z","level":"info","event":"[53/9370] Scrapping definition : The Mole","logger":"root","filename":"ingestion_dag.py","lineno":401}
{"timestamp":"2026-01-06T14:02:57.605176Z","level":"info","event":"[54/9370] Scrapping definition : Well-Intentioned Extremist","logger":"root","filename":"ingestion_dag.py","lineno":401}
{"timestamp":"2026-01-06T14:02:58.070065Z","level":"info","event":"[55/9370] Scrapping definition : 21 Jump Street (TV series)","logger":"root","filename":"ingestion_dag.py","lineno":401}
{"timestamp":"2026-01-06T14:02:58.601048Z","level":"info","event":"[56/9370] Scrapping definition : 21 Jump Street (film)","logger":"root","filename":"ingestion_dag.py","lineno":401}
{"timestamp":"2026-01-06T14:02:59.092430Z","level":"info","event":"[57/9370] Scrapping definition : Abandoned Hospital Awakening","logger":"root","filename":"ingestion_dag.py","lineno":401}
{"timestamp":"2026-01-06T14:02:59.591040Z","level":"info","event":"[58/9370] Scrapping definition : Abandoned Hospital","logger":"root","filename":"ingestion_dag.py","lineno":401}
{"timestamp":"2026-01-06T14:03:00.108020Z","level":"info","event":"[59/9370] Scrapping definition : Zombie Apocalypse","logger":"root","filename":"ingestion_dag.py","lineno":401}
{"timestamp":"2026-01-06T14:03:00.681761Z","level":"info","event":"[60/9370] Scrapping definition : Absurdly Sharp Blade","logger":"root","filename":"ingestion_dag.py","lineno":401}
{"timestamp":"2026-01-06T14:03:01.184630Z","level":"info","event":"[61/9370] Scrapping definition : Action Survivor","logger":"root","filename":"ingestion_dag.py","lineno":401}
{"timestamp":"2026-01-06T14:03:01.703565Z","level":"info","event":"[62/9370] Scrapping definition : Animal Wrongs Group","logger":"root","filename":"ingestion_dag.py","lineno":401}
{"timestamp":"2026-01-06T14:03:02.429602Z","level":"info","event":"[63/9370] Scrapping definition : Apocalypse How","logger":"root","filename":"ingestion_dag.py","lineno":401}
{"timestamp":"2026-01-06T14:03:02.933375Z","level":"info","event":"[64/9370] Scrapping definition : Battle in the Rain","logger":"root","filename":"ingestion_dag.py","lineno":401}
{"timestamp":"2026-01-06T14:03:03.437716Z","level":"info","event":"[65/9370] Scrapping definition : Beware the Nice Ones","logger":"root","filename":"ingestion_dag.py","lineno":401}
{"timestamp":"2026-01-06T14:03:03.922745Z","level":"info","event":"[66/9370] Scrapping definition : Book Ends","logger":"root","filename":"ingestion_dag.py","lineno":401}
{"timestamp":"2026-01-06T14:03:04.476418Z","level":"info","event":"[67/9370] Scrapping definition : and it keeps going downhill from there","logger":"root","filename":"ingestion_dag.py","lineno":401}
{"timestamp":"2026-01-06T14:03:05.144371Z","level":"info","event":"[68/9370] Scrapping definition : Crazy Survivalist","logger":"root","filename":"ingestion_dag.py","lineno":401}
{"timestamp":"2026-01-06T14:03:05.659015Z","level":"info","event":"[69/9370] Scrapping definition : Daylight Horror","logger":"root","filename":"ingestion_dag.py","lineno":401}
{"timestamp":"2026-01-06T14:03:06.170758Z","level":"info","event":"[70/9370] Scrapping definition : Death By Pragmatism","logger":"root","filename":"ingestion_dag.py","lineno":401}
{"timestamp":"2026-01-06T14:03:06.662593Z","level":"info","event":"[71/9370] Scrapping definition : Driven to Suicide","logger":"root","filename":"ingestion_dag.py","lineno":401}
{"timestamp":"2026-01-06T14:03:07.142619Z","level":"info","event":"[72/9370] Scrapping definition : Driver of a Black Cab","logger":"root","filename":"ingestion_dag.py","lineno":401}
{"timestamp":"2026-01-06T14:03:07.830628Z","level":"info","event":"[73/9370] Scrapping definition : DVD Commentary","logger":"root","filename":"ingestion_dag.py","lineno":401}
{"timestamp":"2026-01-06T14:03:08.338976Z","level":"info","event":"[74/9370] Scrapping definition : Extreme Melee Revenge","logger":"root","filename":"ingestion_dag.py","lineno":401}
{"timestamp":"2026-01-06T14:03:08.862283Z","level":"info","event":"[75/9370] Scrapping definition : Eye Scream","logger":"root","filename":"ingestion_dag.py","lineno":401}
{"timestamp":"2026-01-06T14:03:09.439232Z","level":"info","event":"[76/9370] Scrapping definition : A Father to His Men","logger":"root","filename":"ingestion_dag.py","lineno":401}
{"timestamp":"2026-01-06T14:03:09.941170Z","level":"info","event":"[77/9370] Scrapping definition : Genre Savvy","logger":"root","filename":"ingestion_dag.py","lineno":401}
{"timestamp":"2026-01-06T14:03:10.526627Z","level":"info","event":"[78/9370] Scrapping definition : After the End","logger":"root","filename":"ingestion_dag.py","lineno":401}
{"timestamp":"2026-01-06T14:03:11.061706Z","level":"info","event":"[79/9370] Scrapping definition : America Saves the Day","logger":"root","filename":"ingestion_dag.py","lineno":401}
{"timestamp":"2026-01-06T14:03:11.646565Z","level":"info","event":"[80/9370] Scrapping definition : Apathetic Citizens","logger":"root","filename":"ingestion_dag.py","lineno":401}
{"timestamp":"2026-01-06T14:03:12.163935Z","level":"info","event":"[81/9370] Scrapping definition : Blind Alley","logger":"root","filename":"ingestion_dag.py","lineno":401}
{"timestamp":"2026-01-06T14:03:12.669105Z","level":"info","event":"[82/9370] Scrapping definition : Eiffel Tower Effect","logger":"root","filename":"ingestion_dag.py","lineno":401}
{"timestamp":"2026-01-06T14:03:13.135714Z","level":"info","event":"[83/9370] Scrapping definition : After reuniting with his wife","logger":"root","filename":"ingestion_dag.py","lineno":401}
{"timestamp":"2026-01-06T14:03:14.581392Z","level":"info","event":"DDefinition not found for https://web.archive.org/web/20121115101135/http://vimeo.com/17083028","logger":"root","filename":"ingestion_dag.py","lineno":363}
{"timestamp":"2026-01-06T14:03:14.682669Z","level":"info","event":"[84/9370] Scrapping definition : Harbinger of Impending Doom","logger":"root","filename":"ingestion_dag.py","lineno":401}
{"timestamp":"2026-01-06T14:03:15.149860Z","level":"info","event":"[85/9370] Scrapping definition : Acoustic License","logger":"root","filename":"ingestion_dag.py","lineno":401}
{"timestamp":"2026-01-06T14:03:15.631489Z","level":"info","event":"[86/9370] Scrapping definition : Adaptational Badass","logger":"root","filename":"ingestion_dag.py","lineno":401}
{"timestamp":"2026-01-06T14:03:16.147858Z","level":"info","event":"[87/9370] Scrapping definition : Adrenaline Time","logger":"root","filename":"ingestion_dag.py","lineno":401}
{"timestamp":"2026-01-06T14:03:16.596962Z","level":"info","event":"[88/9370] Scrapping definition : Aggressive Negotiations","logger":"root","filename":"ingestion_dag.py","lineno":401}
{"timestamp":"2026-01-06T14:03:17.117273Z","level":"info","event":"[89/9370] Scrapping definition : Alternate DVD Commentary","logger":"root","filename":"ingestion_dag.py","lineno":401}
{"timestamp":"2026-01-06T14:03:17.689295Z","level":"info","event":"[90/9370] Scrapping definition : Riff Trax","logger":"root","filename":"ingestion_dag.py","lineno":401}
{"timestamp":"2026-01-06T14:03:18.229002Z","level":"info","event":"[91/9370] Scrapping definition : Amazon Brigade","logger":"root","filename":"ingestion_dag.py","lineno":401}
{"timestamp":"2026-01-06T14:03:18.712563Z","level":"info","event":"[92/9370] Scrapping definition : Artistic License","logger":"root","filename":"ingestion_dag.py","lineno":401}
{"timestamp":"2026-01-06T14:03:19.478353Z","level":"info","event":"[93/9370] Scrapping definition : Frank Miller","logger":"root","filename":"ingestion_dag.py","lineno":401}
{"timestamp":"2026-01-06T14:03:19.940389Z","level":"info","event":"[94/9370] Scrapping definition : Armor Is Useless","logger":"root","filename":"ingestion_dag.py","lineno":401}
{"timestamp":"2026-01-06T14:03:20.475226Z","level":"info","event":"[95/9370] Scrapping definition : Artistic License History","logger":"root","filename":"ingestion_dag.py","lineno":401}
{"timestamp":"2026-01-06T14:03:20.969402Z","level":"info","event":"[96/9370] Scrapping definition : Zack Snyder","logger":"root","filename":"ingestion_dag.py","lineno":401}
{"timestamp":"2026-01-06T14:03:21.428200Z","level":"info","event":"[97/9370] Scrapping definition : quite a while","logger":"root","filename":"ingestion_dag.py","lineno":401}
{"timestamp":"2026-01-06T14:03:22.046339Z","level":"info","event":"[98/9370] Scrapping definition : Autobots Rock Out","logger":"root","filename":"ingestion_dag.py","lineno":401}
{"timestamp":"2026-01-06T14:03:22.602337Z","level":"info","event":"[99/9370] Scrapping definition : Author Tract","logger":"root","filename":"ingestion_dag.py","lineno":401}
{"timestamp":"2026-01-06T14:03:23.113203Z","level":"info","event":"[100/9370] Scrapping definition : whether or not","logger":"root","filename":"ingestion_dag.py","lineno":401}
{"timestamp":"2026-01-06T14:03:23.667294Z","level":"info","event":"[101/9370] Scrapping definition : Axe Crazy","logger":"root","filename":"ingestion_dag.py","lineno":401}
{"timestamp":"2026-01-06T14:03:24.392187Z","level":"info","event":"[102/9370] Scrapping definition : Back-to-Back Badasses","logger":"root","filename":"ingestion_dag.py","lineno":401}
{"timestamp":"2026-01-06T14:03:24.872334Z","level":"info","event":"[103/9370] Scrapping definition : Badass Army","logger":"root","filename":"ingestion_dag.py","lineno":401}
{"timestamp":"2026-01-06T14:03:25.373015Z","level":"info","event":"[104/9370] Scrapping definition : Badass Beard","logger":"root","filename":"ingestion_dag.py","lineno":401}
{"timestamp":"2026-01-06T14:03:25.894406Z","level":"info","event":"[105/9370] Scrapping definition : Badass Boast","logger":"root","filename":"ingestion_dag.py","lineno":401}
{"timestamp":"2026-01-06T14:03:26.390241Z","level":"info","event":"[106/9370] Scrapping definition : Badass Cape","logger":"root","filename":"ingestion_dag.py","lineno":401}
{"timestamp":"2026-01-06T14:03:26.928537Z","level":"info","event":"[107/9370] Scrapping definition : Bald of Evil","logger":"root","filename":"ingestion_dag.py","lineno":401}
{"timestamp":"2026-01-06T14:03:27.392614Z","level":"info","event":"[108/9370] Scrapping definition : Beauty Equals Goodness","logger":"root","filename":"ingestion_dag.py","lineno":401}
{"timestamp":"2026-01-06T14:03:28.016687Z","level":"info","event":"[109/9370] Scrapping definition : Beam Me Up, Scotty","logger":"root","filename":"ingestion_dag.py","lineno":401}
{"timestamp":"2026-01-06T14:03:28.577314Z","level":"info","event":"[110/9370] Scrapping definition : Black Dude Dies First","logger":"root","filename":"ingestion_dag.py","lineno":401}
{"timestamp":"2026-01-06T14:03:29.108096Z","level":"info","event":"[111/9370] Scrapping definition : Blatant Lies","logger":"root","filename":"ingestion_dag.py","lineno":401}
{"timestamp":"2026-01-06T14:03:29.715823Z","level":"info","event":"[112/9370] Scrapping definition : Bottomless Pit","logger":"root","filename":"ingestion_dag.py","lineno":401}
{"timestamp":"2026-01-06T14:03:30.354438Z","level":"info","event":"[113/9370] Scrapping definition : Truth in Television","logger":"root","filename":"ingestion_dag.py","lineno":401}
{"timestamp":"2026-01-06T14:03:30.869490Z","level":"info","event":"[114/9370] Scrapping definition : Real Life","logger":"root","filename":"ingestion_dag.py","lineno":401}
{"timestamp":"2026-01-06T14:03:31.387393Z","level":"info","event":"[115/9370] Scrapping definition : Bowdlerise","logger":"root","filename":"ingestion_dag.py","lineno":401}
{"timestamp":"2026-01-06T14:03:31.914408Z","level":"info","event":"[116/9370] Scrapping definition : Chroma Key","logger":"root","filename":"ingestion_dag.py","lineno":401}
{"timestamp":"2026-01-06T14:03:32.383494Z","level":"info","event":"[117/9370] Scrapping definition : Conservation of Ninjitsu","logger":"root","filename":"ingestion_dag.py","lineno":401}
{"timestamp":"2026-01-06T14:03:33.092246Z","level":"info","event":"[118/9370] Scrapping definition : Cultural Posturing","logger":"root","filename":"ingestion_dag.py","lineno":401}
{"timestamp":"2026-01-06T14:03:33.598777Z","level":"info","event":"[119/9370] Scrapping definition : Deadpan Snarker","logger":"root","filename":"ingestion_dag.py","lineno":401}
{"timestamp":"2026-01-06T14:03:34.102397Z","level":"info","event":"[120/9370] Scrapping definition : Decapitation Presentation","logger":"root","filename":"ingestion_dag.py","lineno":401}
{"timestamp":"2026-01-06T14:03:34.647142Z","level":"info","event":"[121/9370] Scrapping definition : Deliberate Values Dissonance","logger":"root","filename":"ingestion_dag.py","lineno":401}
{"timestamp":"2026-01-06T14:03:35.150390Z","level":"info","event":"[122/9370] Scrapping definition : Den of Iniquity","logger":"root","filename":"ingestion_dag.py","lineno":401}
{"timestamp":"2026-01-06T14:03:35.655322Z","level":"info","event":"[123/9370] Scrapping definition : Baphomet","logger":"root","filename":"ingestion_dag.py","lineno":401}
{"timestamp":"2026-01-06T14:03:35.727373Z","level":"error","event":"Error of scraping: 403 Client Error: Forbidden for url: https://en.wikipedia.org/wiki/Baphomet","logger":"root","filename":"ingestion_dag.py","lineno":365}
{"timestamp":"2026-01-06T14:03:35.828706Z","level":"info","event":"[124/9370] Scrapping definition : Deus Ex Machina","logger":"root","filename":"ingestion_dag.py","lineno":401}
{"timestamp":"2026-01-06T14:03:36.389238Z","level":"info","event":"[125/9370] Scrapping definition : Diagonal Cut","logger":"root","filename":"ingestion_dag.py","lineno":401}
{"timestamp":"2026-01-06T14:03:36.922937Z","level":"info","event":"[126/9370] Scrapping definition : Disney Villain Death","logger":"root","filename":"ingestion_dag.py","lineno":401}
{"timestamp":"2026-01-06T14:03:37.503225Z","level":"info","event":"[127/9370] Scrapping definition : Doomed Moral Victor","logger":"root","filename":"ingestion_dag.py","lineno":401}
{"timestamp":"2026-01-06T14:03:38.014671Z","level":"info","event":"[128/9370] Scrapping definition : 300-man bodyguard","logger":"root","filename":"ingestion_dag.py","lineno":401}
{"timestamp":"2026-01-06T14:03:38.588805Z","level":"info","event":"[129/9370] Scrapping definition : Dyeing for Your Art","logger":"root","filename":"ingestion_dag.py","lineno":401}
{"timestamp":"2026-01-06T14:03:39.083358Z","level":"info","event":"[130/9370] Scrapping definition : Quite authentic.","logger":"root","filename":"ingestion_dag.py","lineno":401}
{"timestamp":"2026-01-06T14:03:40.503811Z","level":"error","event":"Error of scraping: 404 Client Error: Not Found for url: https://gymjones.com/knowledge.php?id=35","logger":"root","filename":"ingestion_dag.py","lineno":365}
{"timestamp":"2026-01-06T14:03:40.605371Z","level":"info","event":"[131/9370] Scrapping definition : Training From Hell","logger":"root","filename":"ingestion_dag.py","lineno":401}
{"timestamp":"2026-01-06T14:03:41.147881Z","level":"info","event":"[132/9370] Scrapping definition : Elite Mooks","logger":"root","filename":"ingestion_dag.py","lineno":401}
{"timestamp":"2026-01-06T14:03:41.738406Z","level":"info","event":"[133/9370] Scrapping definition : The Empire","logger":"root","filename":"ingestion_dag.py","lineno":401}
{"timestamp":"2026-01-06T14:03:42.305971Z","level":"info","event":"[134/9370] Scrapping definition : Equal Opportunity Evil","logger":"root","filename":"ingestion_dag.py","lineno":401}
{"timestamp":"2026-01-06T14:03:43.108134Z","level":"info","event":"[135/9370] Scrapping definition : Everyone Calls Him \"Barkeep\"","logger":"root","filename":"ingestion_dag.py","lineno":401}
{"timestamp":"2026-01-06T14:03:43.629759Z","level":"info","event":"[136/9370] Scrapping definition : Evil Laugh","logger":"root","filename":"ingestion_dag.py","lineno":401}
{"timestamp":"2026-01-06T14:03:44.237291Z","level":"info","event":"[137/9370] Scrapping definition : Evil Plan","logger":"root","filename":"ingestion_dag.py","lineno":401}
{"timestamp":"2026-01-06T14:03:44.744177Z","level":"info","event":"[138/9370] Scrapping definition : Evil Sounds Deep","logger":"root","filename":"ingestion_dag.py","lineno":401}
{"timestamp":"2026-01-06T14:03:45.249475Z","level":"info","event":"[139/9370] Scrapping definition : Exact Words","logger":"root","filename":"ingestion_dag.py","lineno":401}
{"timestamp":"2026-01-06T14:03:45.750219Z","level":"info","event":"[140/9370] Scrapping definition : Eyepatch of Power","logger":"root","filename":"ingestion_dag.py","lineno":401}
{"timestamp":"2026-01-06T14:03:46.257945Z","level":"info","event":"[141/9370] Scrapping definition : All Take and No Give","logger":"root","filename":"ingestion_dag.py","lineno":401}
{"timestamp":"2026-01-06T14:03:46.736339Z","level":"info","event":"[142/9370] Scrapping definition : Author Appeal","logger":"root","filename":"ingestion_dag.py","lineno":401}
{"timestamp":"2026-01-06T14:03:47.347020Z","level":"info","event":"[143/9370] Scrapping definition : Bad Liar","logger":"root","filename":"ingestion_dag.py","lineno":401}
{"timestamp":"2026-01-06T14:03:47.913414Z","level":"info","event":"[144/9370] Scrapping definition : Better Than It Sounds/Film","logger":"root","filename":"ingestion_dag.py","lineno":401}
{"timestamp":"2026-01-06T14:03:48.398430Z","level":"info","event":"[145/9370] Scrapping definition : Big Beautiful Woman","logger":"root","filename":"ingestion_dag.py","lineno":401}
{"timestamp":"2026-01-06T14:03:48.886053Z","level":"info","event":"[146/9370] Scrapping definition : Bittersweet Ending","logger":"root","filename":"ingestion_dag.py","lineno":401}
{"timestamp":"2026-01-06T14:03:49.361126Z","level":"info","event":"[147/9370] Scrapping definition : Downer Ending","logger":"root","filename":"ingestion_dag.py","lineno":401}
{"timestamp":"2026-01-06T14:03:49.855006Z","level":"info","event":"[148/9370] Scrapping definition : Butt Monkey","logger":"root","filename":"ingestion_dag.py","lineno":401}
{"timestamp":"2026-01-06T14:03:50.499777Z","level":"info","event":"[149/9370] Scrapping definition : Casanova","logger":"root","filename":"ingestion_dag.py","lineno":401}
{"timestamp":"2026-01-06T14:03:50.985676Z","level":"info","event":"[150/9370] Scrapping definition : Deconstruction","logger":"root","filename":"ingestion_dag.py","lineno":401}
{"timestamp":"2026-01-06T14:03:51.484942Z","level":"info","event":"[151/9370] Scrapping definition : Coming of Age Story","logger":"root","filename":"ingestion_dag.py","lineno":401}
{"timestamp":"2026-01-06T14:03:52.002715Z","level":"info","event":"[152/9370] Scrapping definition : Cool Shades","logger":"root","filename":"ingestion_dag.py","lineno":401}
{"timestamp":"2026-01-06T14:03:52.538666Z","level":"info","event":"[153/9370] Scrapping definition : Daydream Surprise","logger":"root","filename":"ingestion_dag.py","lineno":401}
{"timestamp":"2026-01-06T14:03:53.038498Z","level":"info","event":"[154/9370] Scrapping definition : Deliberately Monochrome","logger":"root","filename":"ingestion_dag.py","lineno":401}
{"timestamp":"2026-01-06T14:03:53.538657Z","level":"info","event":"[155/9370] Scrapping definition : Dunce Cap","logger":"root","filename":"ingestion_dag.py","lineno":401}
{"timestamp":"2026-01-06T14:03:54.069106Z","level":"info","event":"[156/9370] Scrapping definition : Everyone Comes Back Fantasy Party Ending","logger":"root","filename":"ingestion_dag.py","lineno":401}
{"timestamp":"2026-01-06T14:03:54.554081Z","level":"info","event":"[157/9370] Scrapping definition : Harem Seeker","logger":"root","filename":"ingestion_dag.py","lineno":401}
{"timestamp":"2026-01-06T14:03:55.038280Z","level":"info","event":"[158/9370] Scrapping definition : Heroic BSOD","logger":"root","filename":"ingestion_dag.py","lineno":401}
{"timestamp":"2026-01-06T14:03:55.574482Z","level":"info","event":"[159/9370] Scrapping definition : Imagine Spot","logger":"root","filename":"ingestion_dag.py","lineno":401}
{"timestamp":"2026-01-06T14:03:56.067072Z","level":"info","event":"[160/9370] Scrapping definition : May-December Romance","logger":"root","filename":"ingestion_dag.py","lineno":401}
{"timestamp":"2026-01-06T14:03:56.641852Z","level":"info","event":"[161/9370] Scrapping definition : only for his money","logger":"root","filename":"ingestion_dag.py","lineno":401}
{"timestamp":"2026-01-06T14:03:57.170422Z","level":"info","event":"[162/9370] Scrapping definition : Meaningful Name","logger":"root","filename":"ingestion_dag.py","lineno":401}
{"timestamp":"2026-01-06T14:03:57.790714Z","level":"info","event":"[163/9370] Scrapping definition : Mr. Imagination","logger":"root","filename":"ingestion_dag.py","lineno":401}
{"timestamp":"2026-01-06T14:03:58.278103Z","level":"info","event":"[164/9370] Scrapping definition : The Muse","logger":"root","filename":"ingestion_dag.py","lineno":401}
{"timestamp":"2026-01-06T14:03:58.785915Z","level":"info","event":"[165/9370] Scrapping definition : Naughty Nurse Outfit","logger":"root","filename":"ingestion_dag.py","lineno":401}
{"timestamp":"2026-01-06T14:03:59.294828Z","level":"info","event":"[166/9370] Scrapping definition : Nice Hat","logger":"root","filename":"ingestion_dag.py","lineno":401}
{"timestamp":"2026-01-06T14:03:59.858678Z","level":"info","event":"[167/9370] Scrapping definition : Pretty in Mink","logger":"root","filename":"ingestion_dag.py","lineno":401}
{"timestamp":"2026-01-06T14:04:00.363332Z","level":"info","event":"[168/9370] Scrapping definition : Ridiculous Procrastinator","logger":"root","filename":"ingestion_dag.py","lineno":401}
{"timestamp":"2026-01-06T14:04:00.953683Z","level":"info","event":"[169/9370] Scrapping definition : Sexy Man, Instant Harem","logger":"root","filename":"ingestion_dag.py","lineno":401}
{"timestamp":"2026-01-06T14:04:01.423628Z","level":"info","event":"[170/9370] Scrapping definition : The Smart Guy","logger":"root","filename":"ingestion_dag.py","lineno":401}
{"timestamp":"2026-01-06T14:04:01.952788Z","level":"info","event":"[171/9370] Scrapping definition : Under Crank","logger":"root","filename":"ingestion_dag.py","lineno":401}
{"timestamp":"2026-01-06T14:04:02.453669Z","level":"info","event":"[172/9370] Scrapping definition : Whip It Good","logger":"root","filename":"ingestion_dag.py","lineno":401}
{"timestamp":"2026-01-06T14:04:02.984956Z","level":"info","event":"[173/9370] Scrapping definition : Too Kinky to Torture","logger":"root","filename":"ingestion_dag.py","lineno":401}
{"timestamp":"2026-01-06T14:04:03.516524Z","level":"info","event":"[174/9370] Scrapping definition : Word Salad Title","logger":"root","filename":"ingestion_dag.py","lineno":401}
{"timestamp":"2026-01-06T14:04:04.089575Z","level":"info","event":"[175/9370] Scrapping definition : Writers Suck","logger":"root","filename":"ingestion_dag.py","lineno":401}
{"timestamp":"2026-01-06T14:04:04.620670Z","level":"info","event":"[176/9370] Scrapping definition : Actually Pretty Funny","logger":"root","filename":"ingestion_dag.py","lineno":401}
{"timestamp":"2026-01-06T14:04:05.162214Z","level":"info","event":"[177/9370] Scrapping definition : Ad Hominem","logger":"root","filename":"ingestion_dag.py","lineno":401}
{"timestamp":"2026-01-06T14:04:05.641637Z","level":"info","event":"[178/9370] Scrapping definition : Amazingly Embarrassing Parents","logger":"root","filename":"ingestion_dag.py","lineno":401}
{"timestamp":"2026-01-06T14:04:06.155765Z","level":"info","event":"[179/9370] Scrapping definition : Autobiographical Role","logger":"root","filename":"ingestion_dag.py","lineno":401}
{"timestamp":"2026-01-06T14:04:06.638720Z","level":"info","event":"[180/9370] Scrapping definition : Big Bad","logger":"root","filename":"ingestion_dag.py","lineno":401}
{"timestamp":"2026-01-06T14:04:07.095702Z","level":"info","event":"[181/9370] Scrapping definition : Eureka Moment","logger":"root","filename":"ingestion_dag.py","lineno":401}
{"timestamp":"2026-01-06T14:04:07.619393Z","level":"info","event":"[182/9370] Scrapping definition : Idiot Ball","logger":"root","filename":"ingestion_dag.py","lineno":401}
{"timestamp":"2026-01-06T14:04:08.117764Z","level":"info","event":"[183/9370] Scrapping definition : Face Heel Turn","logger":"root","filename":"ingestion_dag.py","lineno":401}
{"timestamp":"2026-01-06T14:04:08.677041Z","level":"info","event":"[184/9370] Scrapping definition : Five-Man Band","logger":"root","filename":"ingestion_dag.py","lineno":401}
{"timestamp":"2026-01-06T14:04:09.183651Z","level":"info","event":"[185/9370] Scrapping definition : Hilarious in Hindsight","logger":"root","filename":"ingestion_dag.py","lineno":401}
{"timestamp":"2026-01-06T14:04:09.671307Z","level":"info","event":"[186/9370] Scrapping definition : Hollywood Sex","logger":"root","filename":"ingestion_dag.py","lineno":401}
{"timestamp":"2026-01-06T14:04:10.208184Z","level":"info","event":"[187/9370] Scrapping definition : Hot Mom","logger":"root","filename":"ingestion_dag.py","lineno":401}
{"timestamp":"2026-01-06T14:04:10.754288Z","level":"info","event":"[188/9370] Scrapping definition : another trope","logger":"root","filename":"ingestion_dag.py","lineno":401}
{"timestamp":"2026-01-06T14:04:11.276616Z","level":"info","event":"[189/9370] Scrapping definition : Jerkass","logger":"root","filename":"ingestion_dag.py","lineno":401}
{"timestamp":"2026-01-06T14:04:11.762892Z","level":"info","event":"[190/9370] Scrapping definition : Laser-Guided Karma","logger":"root","filename":"ingestion_dag.py","lineno":401}
{"timestamp":"2026-01-06T14:04:12.284993Z","level":"info","event":"[191/9370] Scrapping definition : Miles Gloriosus","logger":"root","filename":"ingestion_dag.py","lineno":401}
{"timestamp":"2026-01-06T14:04:12.790699Z","level":"info","event":"[192/9370] Scrapping definition : Motor City","logger":"root","filename":"ingestion_dag.py","lineno":401}
{"timestamp":"2026-01-06T14:04:13.282173Z","level":"info","event":"[193/9370] Scrapping definition : Paralysis by Analysis","logger":"root","filename":"ingestion_dag.py","lineno":401}
{"timestamp":"2026-01-06T14:04:13.793938Z","level":"info","event":"[194/9370] Scrapping definition : Reckless Gun Usage","logger":"root","filename":"ingestion_dag.py","lineno":401}
{"timestamp":"2026-01-06T14:04:14.252463Z","level":"info","event":"[195/9370] Scrapping definition : Token Minority","logger":"root","filename":"ingestion_dag.py","lineno":401}
{"timestamp":"2026-01-06T14:04:14.815547Z","level":"info","event":"[196/9370] Scrapping definition : Abstract Scale","logger":"root","filename":"ingestion_dag.py","lineno":401}
{"timestamp":"2026-01-06T14:04:15.309625Z","level":"info","event":"[197/9370] Scrapping definition : Acting for Two","logger":"root","filename":"ingestion_dag.py","lineno":401}
{"timestamp":"2026-01-06T14:04:15.785599Z","level":"info","event":"[198/9370] Scrapping definition : Nicolas Cage","logger":"root","filename":"ingestion_dag.py","lineno":401}
{"timestamp":"2026-01-06T14:04:16.290342Z","level":"info","event":"[199/9370] Scrapping definition : Adaptation Decay","logger":"root","filename":"ingestion_dag.py","lineno":401}
{"timestamp":"2026-01-06T14:04:16.790174Z","level":"info","event":"[200/9370] Scrapping definition : Auto Cannibalism","logger":"root","filename":"ingestion_dag.py","lineno":401}
{"timestamp":"2026-01-06T14:04:17.439123Z","level":"info","event":"[201/9370] Scrapping definition : Serial Killer","logger":"root","filename":"ingestion_dag.py","lineno":401}
{"timestamp":"2026-01-06T14:04:17.987615Z","level":"info","event":"[202/9370] Scrapping definition : The Cameo","logger":"root","filename":"ingestion_dag.py","lineno":401}
{"timestamp":"2026-01-06T14:04:18.450941Z","level":"info","event":"[203/9370] Scrapping definition : John Malkovich","logger":"root","filename":"ingestion_dag.py","lineno":401}
{"timestamp":"2026-01-06T14:04:18.918052Z","level":"info","event":"[204/9370] Scrapping definition : Creator Breakdown","logger":"root","filename":"ingestion_dag.py","lineno":401}
{"timestamp":"2026-01-06T14:04:19.484484Z","level":"info","event":"[205/9370] Scrapping definition : Credits Gag","logger":"root","filename":"ingestion_dag.py","lineno":401}
{"timestamp":"2026-01-06T14:04:20.000013Z","level":"info","event":"[206/9370] Scrapping definition : A Date with Rosie Palms","logger":"root","filename":"ingestion_dag.py","lineno":401}
{"timestamp":"2026-01-06T14:04:20.547354Z","level":"info","event":"[207/9370] Scrapping definition : Decon Recon Switch","logger":"root","filename":"ingestion_dag.py","lineno":401}
{"timestamp":"2026-01-06T14:04:21.344286Z","level":"info","event":"[208/9370] Scrapping definition : Defictionalization","logger":"root","filename":"ingestion_dag.py","lineno":401}
{"timestamp":"2026-01-06T14:04:22.426858Z","level":"info","event":"[209/9370] Scrapping definition : Despair Event Horizon","logger":"root","filename":"ingestion_dag.py","lineno":401}
{"timestamp":"2026-01-06T14:04:22.981159Z","level":"info","event":"[210/9370] Scrapping definition : Evil Twin","logger":"root","filename":"ingestion_dag.py","lineno":401}
{"timestamp":"2026-01-06T14:04:23.527859Z","level":"info","event":"[211/9370] Scrapping definition : Lowest Common Denominator","logger":"root","filename":"ingestion_dag.py","lineno":401}
{"timestamp":"2026-01-06T14:04:23.986695Z","level":"info","event":"[212/9370] Scrapping definition : True Art","logger":"root","filename":"ingestion_dag.py","lineno":401}
{"timestamp":"2026-01-06T14:04:24.503712Z","level":"info","event":"[213/9370] Scrapping definition : Fan Service","logger":"root","filename":"ingestion_dag.py","lineno":401}
{"timestamp":"2026-01-06T14:04:25.196723Z","level":"info","event":"[214/9370] Scrapping definition : Meryl Streep","logger":"root","filename":"ingestion_dag.py","lineno":401}
{"timestamp":"2026-01-06T14:04:25.787496Z","level":"info","event":"[215/9370] Scrapping definition : Fantastic Drug","logger":"root","filename":"ingestion_dag.py","lineno":401}
{"timestamp":"2026-01-06T14:04:26.328318Z","level":"info","event":"[216/9370] Scrapping definition : Genre Shift","logger":"root","filename":"ingestion_dag.py","lineno":401}
{"timestamp":"2026-01-06T14:04:27.716956Z","level":"info","event":"[217/9370] Scrapping definition : Inner Monologue","logger":"root","filename":"ingestion_dag.py","lineno":401}
{"timestamp":"2026-01-06T14:04:28.235061Z","level":"info","event":"[218/9370] Scrapping definition : Kavorka Man","logger":"root","filename":"ingestion_dag.py","lineno":401}
{"timestamp":"2026-01-06T14:04:28.786910Z","level":"info","event":"[219/9370] Scrapping definition : Lampshade Hanging","logger":"root","filename":"ingestion_dag.py","lineno":401}
{"timestamp":"2026-01-06T14:04:29.299411Z","level":"info","event":"[220/9370] Scrapping definition : voice-over","logger":"root","filename":"ingestion_dag.py","lineno":401}
{"timestamp":"2026-01-06T14:04:29.530169Z","level":"info","event":"[221/9370] Scrapping definition : Lovable Rogue","logger":"root","filename":"ingestion_dag.py","lineno":401}
{"timestamp":"2026-01-06T14:04:30.039404Z","level":"info","event":"[222/9370] Scrapping definition : Meta Fiction","logger":"root","filename":"ingestion_dag.py","lineno":401}
{"timestamp":"2026-01-06T14:04:30.577593Z","level":"info","event":"[223/9370] Scrapping definition : Mind Screw","logger":"root","filename":"ingestion_dag.py","lineno":401}
{"timestamp":"2026-01-06T14:04:31.042152Z","level":"info","event":"[224/9370] Scrapping definition : Mood Whiplash","logger":"root","filename":"ingestion_dag.py","lineno":401}
{"timestamp":"2026-01-06T14:04:31.520481Z","level":"info","event":"[225/9370] Scrapping definition : Never Smile At a Crocodile","logger":"root","filename":"ingestion_dag.py","lineno":401}
{"timestamp":"2026-01-06T14:04:31.984786Z","level":"info","event":"[226/9370] Scrapping definition : Polar Opposite Twins","logger":"root","filename":"ingestion_dag.py","lineno":401}
{"timestamp":"2026-01-06T14:04:32.455500Z","level":"info","event":"[227/9370] Scrapping definition : Post Modernism","logger":"root","filename":"ingestion_dag.py","lineno":401}
{"timestamp":"2026-01-06T14:04:32.917768Z","level":"info","event":"[228/9370] Scrapping definition : Self-Insert Fic","logger":"root","filename":"ingestion_dag.py","lineno":401}
{"timestamp":"2026-01-06T14:04:33.434585Z","level":"info","event":"[229/9370] Scrapping definition : Shaggy Dog Story","logger":"root","filename":"ingestion_dag.py","lineno":401}
{"timestamp":"2026-01-06T14:04:33.947678Z","level":"info","event":"[230/9370] Scrapping definition : Split Personality","logger":"root","filename":"ingestion_dag.py","lineno":401}
{"timestamp":"2026-01-06T14:04:34.517428Z","level":"info","event":"[231/9370] Scrapping definition : Stylistic Suck","logger":"root","filename":"ingestion_dag.py","lineno":401}
{"timestamp":"2026-01-06T14:04:35.053398Z","level":"info","event":"[232/9370] Scrapping definition : Talking to Himself","logger":"root","filename":"ingestion_dag.py","lineno":401}
{"timestamp":"2026-01-06T14:04:35.614185Z","level":"info","event":"[233/9370] Scrapping definition : Title Drop","logger":"root","filename":"ingestion_dag.py","lineno":401}
{"timestamp":"2026-01-06T14:04:36.116035Z","level":"info","event":"[234/9370] Scrapping definition : The Climax","logger":"root","filename":"ingestion_dag.py","lineno":401}
{"timestamp":"2026-01-06T14:04:36.638719Z","level":"info","event":"[235/9370] Scrapping definition : Author Avatar","logger":"root","filename":"ingestion_dag.py","lineno":401}
{"timestamp":"2026-01-06T14:04:37.137337Z","level":"info","event":"[236/9370] Scrapping definition : The Addams Family (1964 TV series)","logger":"root","filename":"ingestion_dag.py","lineno":401}
{"timestamp":"2026-01-06T14:04:37.638393Z","level":"info","event":"[237/9370] Scrapping definition : Animated Adaptation","logger":"root","filename":"ingestion_dag.py","lineno":401}
{"timestamp":"2026-01-06T14:04:38.177504Z","level":"info","event":"[238/9370] Scrapping definition : NBC","logger":"root","filename":"ingestion_dag.py","lineno":401}
{"timestamp":"2026-01-06T14:04:38.644068Z","level":"info","event":"[239/9370] Scrapping definition : TV Movie","logger":"root","filename":"ingestion_dag.py","lineno":401}
{"timestamp":"2026-01-06T14:04:39.325808Z","level":"info","event":"[240/9370] Scrapping definition : Reunion Show","logger":"root","filename":"ingestion_dag.py","lineno":401}
{"timestamp":"2026-01-06T14:04:39.801556Z","level":"info","event":"[241/9370] Scrapping definition : The Addams Family (1991 film)","logger":"root","filename":"ingestion_dag.py","lineno":401}
{"timestamp":"2026-01-06T14:04:40.314569Z","level":"info","event":"[242/9370] Scrapping definition : Raul Julia","logger":"root","filename":"ingestion_dag.py","lineno":401}
{"timestamp":"2026-01-06T14:04:40.790369Z","level":"info","event":"[243/9370] Scrapping definition : Anjelica Huston","logger":"root","filename":"ingestion_dag.py","lineno":401}
{"timestamp":"2026-01-06T14:04:41.355124Z","level":"info","event":"[244/9370] Scrapping definition : Christopher Lloyd","logger":"root","filename":"ingestion_dag.py","lineno":401}
{"timestamp":"2026-01-06T14:04:41.929967Z","level":"info","event":"[245/9370] Scrapping definition : Christina Ricci","logger":"root","filename":"ingestion_dag.py","lineno":401}
{"timestamp":"2026-01-06T14:04:42.395707Z","level":"info","event":"[246/9370] Scrapping definition : ABC","logger":"root","filename":"ingestion_dag.py","lineno":401}
{"timestamp":"2026-01-06T14:04:42.843275Z","level":"info","event":"[247/9370] Scrapping definition : Direct to Video","logger":"root","filename":"ingestion_dag.py","lineno":401}
{"timestamp":"2026-01-06T14:04:43.336812Z","level":"info","event":"[248/9370] Scrapping definition : Tim Curry","logger":"root","filename":"ingestion_dag.py","lineno":401}
{"timestamp":"2026-01-06T14:04:43.867657Z","level":"info","event":"[249/9370] Scrapping definition : Daryl Hannah","logger":"root","filename":"ingestion_dag.py","lineno":401}
{"timestamp":"2026-01-06T14:04:44.345726Z","level":"info","event":"[250/9370] Scrapping definition : The Addams Family (musical)","logger":"root","filename":"ingestion_dag.py","lineno":401}
{"timestamp":"2026-01-06T14:04:44.836562Z","level":"info","event":"[251/9370] Scrapping definition : The Addams Family (2019 film)","logger":"root","filename":"ingestion_dag.py","lineno":401}
{"timestamp":"2026-01-06T14:04:45.345964Z","level":"info","event":"[252/9370] Scrapping definition : All CGI Cartoon","logger":"root","filename":"ingestion_dag.py","lineno":401}
{"timestamp":"2026-01-06T14:04:46.235220Z","level":"info","event":"[253/9370] Scrapping definition : Charlize Theron","logger":"root","filename":"ingestion_dag.py","lineno":401}
{"timestamp":"2026-01-06T14:04:46.734198Z","level":"info","event":"[254/9370] Scrapping definition : Chloe Grace Moretz","logger":"root","filename":"ingestion_dag.py","lineno":401}
{"timestamp":"2026-01-06T14:04:47.474911Z","level":"info","event":"[255/9370] Scrapping definition : All Part of the Show","logger":"root","filename":"ingestion_dag.py","lineno":401}
{"timestamp":"2026-01-06T14:04:48.031630Z","level":"info","event":"[256/9370] Scrapping definition : Off the Rails","logger":"root","filename":"ingestion_dag.py","lineno":401}
{"timestamp":"2026-01-06T14:04:48.755056Z","level":"info","event":"[257/9370] Scrapping definition : Alpha Bitch","logger":"root","filename":"ingestion_dag.py","lineno":401}
{"timestamp":"2026-01-06T14:04:49.280049Z","level":"info","event":"[258/9370] Scrapping definition : Arson, Murder, and Admiration","logger":"root","filename":"ingestion_dag.py","lineno":401}
{"timestamp":"2026-01-06T14:04:49.781062Z","level":"info","event":"[259/9370] Scrapping definition : Artistic Licence History","logger":"root","filename":"ingestion_dag.py","lineno":401}
{"timestamp":"2026-01-06T14:04:50.201361Z","level":"info","event":"[260/9370] Scrapping definition : Andrew Jackson","logger":"root","filename":"ingestion_dag.py","lineno":401}
{"timestamp":"2026-01-06T14:04:50.671855Z","level":"info","event":"[261/9370] Scrapping definition : The Atoner","logger":"root","filename":"ingestion_dag.py","lineno":401}
{"timestamp":"2026-01-06T14:04:51.165026Z","level":"info","event":"[262/9370] Scrapping definition : Badass Bureaucrat","logger":"root","filename":"ingestion_dag.py","lineno":401}
{"timestamp":"2026-01-06T14:04:51.667640Z","level":"info","event":"[263/9370] Scrapping definition : Because Destiny Says So","logger":"root","filename":"ingestion_dag.py","lineno":401}
{"timestamp":"2026-01-06T14:04:52.211845Z","level":"info","event":"[264/9370] Scrapping definition : Brutal Honesty","logger":"root","filename":"ingestion_dag.py","lineno":401}
{"timestamp":"2026-01-06T14:04:52.720132Z","level":"info","event":"[265/9370] Scrapping definition : Celestial Bureaucracy","logger":"root","filename":"ingestion_dag.py","lineno":401}
{"timestamp":"2026-01-06T14:04:53.225553Z","level":"info","event":"[266/9370] Scrapping definition : Clock King","logger":"root","filename":"ingestion_dag.py","lineno":401}
{"timestamp":"2026-01-06T14:04:53.831570Z","level":"info","event":"[267/9370] Scrapping definition : to improvise","logger":"root","filename":"ingestion_dag.py","lineno":401}
{"timestamp":"2026-01-06T14:04:54.349023Z","level":"info","event":"[268/9370] Scrapping definition : Spanner in the Works","logger":"root","filename":"ingestion_dag.py","lineno":401}
{"timestamp":"2026-01-06T14:04:54.927597Z","level":"info","event":"[269/9370] Scrapping definition : Emily Blunt","logger":"root","filename":"ingestion_dag.py","lineno":401}
{"timestamp":"2026-01-06T14:04:55.410252Z","level":"info","event":"[270/9370] Scrapping definition : Empty Shell","logger":"root","filename":"ingestion_dag.py","lineno":401}
{"timestamp":"2026-01-06T14:04:55.929409Z","level":"info","event":"[271/9370] Scrapping definition : First-Name Basis","logger":"root","filename":"ingestion_dag.py","lineno":401}
{"timestamp":"2026-01-06T14:04:56.127543Z","level":"info","event":"[272/9370] Scrapping definition : For Want of a Nail","logger":"root","filename":"ingestion_dag.py","lineno":401}
{"timestamp":"2026-01-06T14:04:56.744541Z","level":"info","event":"[273/9370] Scrapping definition : Foreshadowing","logger":"root","filename":"ingestion_dag.py","lineno":401}
{"timestamp":"2026-01-06T14:04:57.305878Z","level":"info","event":"[274/9370] Scrapping definition : God","logger":"root","filename":"ingestion_dag.py","lineno":401}
{"timestamp":"2026-01-06T14:04:57.851282Z","level":"info","event":"[275/9370] Scrapping definition : some type of god, at least.","logger":"root","filename":"ingestion_dag.py","lineno":401}
{"timestamp":"2026-01-06T14:04:58.342871Z","level":"info","event":"[276/9370] Scrapping definition : Humans Are Bastards","logger":"root","filename":"ingestion_dag.py","lineno":401}
{"timestamp":"2026-01-06T14:04:58.810478Z","level":"info","event":"[277/9370] Scrapping definition : World War I","logger":"root","filename":"ingestion_dag.py","lineno":401}
{"timestamp":"2026-01-06T14:04:59.329667Z","level":"info","event":"[278/9370] Scrapping definition : World War II","logger":"root","filename":"ingestion_dag.py","lineno":401}
{"timestamp":"2026-01-06T14:04:59.965491Z","level":"info","event":"[279/9370] Scrapping definition : Middle Ages","logger":"root","filename":"ingestion_dag.py","lineno":401}
{"timestamp":"2026-01-06T14:05:00.709075Z","level":"info","event":"[280/9370] Scrapping definition : Beauty Is Never Tarnished","logger":"root","filename":"ingestion_dag.py","lineno":401}
{"timestamp":"2026-01-06T14:05:01.228267Z","level":"info","event":"[281/9370] Scrapping definition : She's Katherine Hepburn.","logger":"root","filename":"ingestion_dag.py","lineno":401}
{"timestamp":"2026-01-06T14:05:01.715466Z","level":"info","event":"[282/9370] Scrapping definition : Bilingual Bonus","logger":"root","filename":"ingestion_dag.py","lineno":401}
{"timestamp":"2026-01-06T14:05:02.244671Z","level":"info","event":"[283/9370] Scrapping definition : Character Development","logger":"root","filename":"ingestion_dag.py","lineno":401}
{"timestamp":"2026-01-06T14:05:02.775707Z","level":"info","event":"[284/9370] Scrapping definition : Does This Remind You of Anything?","logger":"root","filename":"ingestion_dag.py","lineno":401}
{"timestamp":"2026-01-06T14:05:03.240787Z","level":"info","event":"[285/9370] Scrapping definition : H-game","logger":"root","filename":"ingestion_dag.py","lineno":401}
{"timestamp":"2026-01-06T14:05:03.712860Z","level":"info","event":"[286/9370] Scrapping definition : Key Visual Arts","logger":"root","filename":"ingestion_dag.py","lineno":401}
{"timestamp":"2026-01-06T14:05:04.185976Z","level":"info","event":"[287/9370] Scrapping definition : Air (band)","logger":"root","filename":"ingestion_dag.py","lineno":401}
{"timestamp":"2026-01-06T14:05:04.762243Z","level":"info","event":"[288/9370] Scrapping definition : This Index Blows","logger":"root","filename":"ingestion_dag.py","lineno":401}
{"timestamp":"2026-01-06T14:05:05.380267Z","level":"info","event":"[289/9370] Scrapping definition : Adam Westing","logger":"root","filename":"ingestion_dag.py","lineno":401}
{"timestamp":"2026-01-06T14:05:05.853876Z","level":"info","event":"[290/9370] Scrapping definition : William Shatner","logger":"root","filename":"ingestion_dag.py","lineno":401}
{"timestamp":"2026-01-06T14:05:06.554271Z","level":"info","event":"[291/9370] Scrapping definition : A.I. Is a Crapshoot","logger":"root","filename":"ingestion_dag.py","lineno":401}
{"timestamp":"2026-01-06T14:05:07.291799Z","level":"info","event":"[292/9370] Scrapping definition : Shout-Out","logger":"root","filename":"ingestion_dag.py","lineno":401}
{"timestamp":"2026-01-06T14:05:07.804504Z","level":"info","event":"[293/9370] Scrapping definition : Arson, Murder, and Jaywalking","logger":"root","filename":"ingestion_dag.py","lineno":401}
{"timestamp":"2026-01-06T14:05:08.278718Z","level":"info","event":"[294/9370] Scrapping definition : Asteroid Thicket","logger":"root","filename":"ingestion_dag.py","lineno":401}
{"timestamp":"2026-01-06T14:05:08.783648Z","level":"info","event":"[295/9370] Scrapping definition : Bad News, Irrelevant News","logger":"root","filename":"ingestion_dag.py","lineno":401}
{"timestamp":"2026-01-06T14:05:09.282868Z","level":"info","event":"[296/9370] Scrapping definition : they're also out of coffee","logger":"root","filename":"ingestion_dag.py","lineno":401}
{"timestamp":"2026-01-06T14:05:09.789308Z","level":"info","event":"[297/9370] Scrapping definition : Batman Can Breathe in Space","logger":"root","filename":"ingestion_dag.py","lineno":401}
{"timestamp":"2026-01-06T14:05:10.749760Z","level":"info","event":"[298/9370] Scrapping definition : Aladdin (novel)","logger":"root","filename":"ingestion_dag.py","lineno":401}
{"timestamp":"2026-01-06T14:05:11.214856Z","level":"info","event":"[299/9370] Scrapping definition : Disney","logger":"root","filename":"ingestion_dag.py","lineno":401}
{"timestamp":"2026-01-06T14:05:11.719276Z","level":"info","event":"[300/9370] Scrapping definition : You Fight Like a Cow","logger":"root","filename":"ingestion_dag.py","lineno":401}
{"timestamp":"2026-01-06T14:05:12.211545Z","level":"info","event":"[301/9370] Scrapping definition : Kayfabe","logger":"root","filename":"ingestion_dag.py","lineno":401}
{"timestamp":"2026-01-06T14:05:12.716878Z","level":"info","event":"[302/9370] Scrapping definition : matter of seconds.","logger":"root","filename":"ingestion_dag.py","lineno":401}
{"timestamp":"2026-01-06T14:05:13.212999Z","level":"info","event":"[303/9370] Scrapping definition : Action Girl","logger":"root","filename":"ingestion_dag.py","lineno":401}
{"timestamp":"2026-01-06T14:05:13.725556Z","level":"info","event":"[304/9370] Scrapping definition : Action Film Quiet Drama Scene","logger":"root","filename":"ingestion_dag.py","lineno":401}
{"timestamp":"2026-01-06T14:05:14.450854Z","level":"info","event":"[305/9370] Scrapping definition : Action Mom","logger":"root","filename":"ingestion_dag.py","lineno":401}
{"timestamp":"2026-01-06T14:05:14.976787Z","level":"info","event":"[306/9370] Scrapping definition : Admiring the Abomination","logger":"root","filename":"ingestion_dag.py","lineno":401}
{"timestamp":"2026-01-06T14:05:15.464482Z","level":"info","event":"[307/9370] Scrapping definition : Ambiguously Gay","logger":"root","filename":"ingestion_dag.py","lineno":401}
{"timestamp":"2026-01-06T14:05:16.032682Z","level":"info","event":"[308/9370] Scrapping definition : camp","logger":"root","filename":"ingestion_dag.py","lineno":401}
{"timestamp":"2026-01-06T14:05:16.554885Z","level":"info","event":"[309/9370] Scrapping definition : Ambition Is Evil","logger":"root","filename":"ingestion_dag.py","lineno":401}
{"timestamp":"2026-01-06T14:05:17.047295Z","level":"info","event":"[310/9370] Scrapping definition : Anguished Declaration of Love","logger":"root","filename":"ingestion_dag.py","lineno":401}
{"timestamp":"2026-01-06T14:05:17.588375Z","level":"info","event":"[311/9370] Scrapping definition : Bitch in Sheep's Clothing","logger":"root","filename":"ingestion_dag.py","lineno":401}
{"timestamp":"2026-01-06T14:05:18.171729Z","level":"info","event":"[312/9370] Scrapping definition : Breaking Lecture","logger":"root","filename":"ingestion_dag.py","lineno":401}
{"timestamp":"2026-01-06T14:05:18.925934Z","level":"info","event":"[313/9370] Scrapping definition : Camp Straight","logger":"root","filename":"ingestion_dag.py","lineno":401}
{"timestamp":"2026-01-06T14:05:19.742989Z","level":"info","event":"[314/9370] Scrapping definition : The Chessmaster","logger":"root","filename":"ingestion_dag.py","lineno":401}
{"timestamp":"2026-01-06T14:05:20.270479Z","level":"info","event":"[315/9370] Scrapping definition : Out-Gambitted","logger":"root","filename":"ingestion_dag.py","lineno":401}
{"timestamp":"2026-01-06T14:05:20.792767Z","level":"info","event":"[316/9370] Scrapping definition : Cynical Mentor","logger":"root","filename":"ingestion_dag.py","lineno":401}
{"timestamp":"2026-01-06T14:05:21.306148Z","level":"info","event":"[317/9370] Scrapping definition : Dawson Casting","logger":"root","filename":"ingestion_dag.py","lineno":401}
{"timestamp":"2026-01-06T14:05:21.921119Z","level":"info","event":"[318/9370] Scrapping definition : Deal with the Devil","logger":"root","filename":"ingestion_dag.py","lineno":401}
{"timestamp":"2026-01-06T14:05:22.527600Z","level":"info","event":"[319/9370] Scrapping definition : Drink Order","logger":"root","filename":"ingestion_dag.py","lineno":401}
{"timestamp":"2026-01-06T14:05:23.099342Z","level":"info","event":"[320/9370] Scrapping definition : Everybody Smokes","logger":"root","filename":"ingestion_dag.py","lineno":401}
{"timestamp":"2026-01-06T14:05:23.574006Z","level":"info","event":"[321/9370] Scrapping definition : Everyone Has Standards","logger":"root","filename":"ingestion_dag.py","lineno":401}
{"timestamp":"2026-01-06T14:05:24.055412Z","level":"info","event":"[322/9370] Scrapping definition : Extreme Doormat","logger":"root","filename":"ingestion_dag.py","lineno":401}
{"timestamp":"2026-01-06T14:05:24.545627Z","level":"info","event":"[323/9370] Scrapping definition : Funny Foreigner","logger":"root","filename":"ingestion_dag.py","lineno":401}
{"timestamp":"2026-01-06T14:05:25.015106Z","level":"info","event":"[324/9370] Scrapping definition : Gratuitous French","logger":"root","filename":"ingestion_dag.py","lineno":401}
{"timestamp":"2026-01-06T14:05:25.538017Z","level":"info","event":"[325/9370] Scrapping definition : Green-Eyed Monster","logger":"root","filename":"ingestion_dag.py","lineno":401}
{"timestamp":"2026-01-06T14:05:26.052798Z","level":"info","event":"[326/9370] Scrapping definition : Heel Realization","logger":"root","filename":"ingestion_dag.py","lineno":401}
{"timestamp":"2026-01-06T14:05:26.572573Z","level":"info","event":"[327/9370] Scrapping definition : Here We Go Again","logger":"root","filename":"ingestion_dag.py","lineno":401}
{"timestamp":"2026-01-06T14:05:27.102987Z","level":"info","event":"[328/9370] Scrapping definition : Info Dump","logger":"root","filename":"ingestion_dag.py","lineno":401}
{"timestamp":"2026-01-06T14:05:27.553994Z","level":"info","event":"[329/9370] Scrapping definition : Informed Ability","logger":"root","filename":"ingestion_dag.py","lineno":401}
{"timestamp":"2026-01-06T14:05:28.751142Z","level":"info","event":"[330/9370] Scrapping definition : It's All About Me","logger":"root","filename":"ingestion_dag.py","lineno":401}
{"timestamp":"2026-01-06T14:05:29.262360Z","level":"info","event":"[331/9370] Scrapping definition : Lady Drunk","logger":"root","filename":"ingestion_dag.py","lineno":401}
{"timestamp":"2026-01-06T14:05:29.721743Z","level":"info","event":"[332/9370] Scrapping definition : Lemony Narrator","logger":"root","filename":"ingestion_dag.py","lineno":401}
{"timestamp":"2026-01-06T14:05:30.297795Z","level":"info","event":"[333/9370] Scrapping definition : Loony Fan","logger":"root","filename":"ingestion_dag.py","lineno":401}
{"timestamp":"2026-01-06T14:05:30.784737Z","level":"info","event":"[334/9370] Scrapping definition : Love Triangle","logger":"root","filename":"ingestion_dag.py","lineno":401}
{"timestamp":"2026-01-06T14:05:31.273572Z","level":"info","event":"[335/9370] Scrapping definition : Manipulative Bastard","logger":"root","filename":"ingestion_dag.py","lineno":401}
{"timestamp":"2026-01-06T14:05:32.631360Z","level":"info","event":"[336/9370] Scrapping definition : Multiple Choice Past","logger":"root","filename":"ingestion_dag.py","lineno":401}
{"timestamp":"2026-01-06T14:05:33.138290Z","level":"info","event":"[337/9370] Scrapping definition : Naive Newcomer","logger":"root","filename":"ingestion_dag.py","lineno":401}
{"timestamp":"2026-01-06T14:05:33.603988Z","level":"info","event":"[338/9370] Scrapping definition : Only Sane Man","logger":"root","filename":"ingestion_dag.py","lineno":401}
{"timestamp":"2026-01-06T14:05:34.178608Z","level":"info","event":"[339/9370] Scrapping definition : The Only Way They Will Learn","logger":"root","filename":"ingestion_dag.py","lineno":401}
{"timestamp":"2026-01-06T14:05:34.773948Z","level":"info","event":"[340/9370] Scrapping definition : Doubly subverted","logger":"root","filename":"ingestion_dag.py","lineno":401}
{"timestamp":"2026-01-06T14:05:35.236709Z","level":"info","event":"[341/9370] Scrapping definition : Pimped-Out Cape","logger":"root","filename":"ingestion_dag.py","lineno":401}
{"timestamp":"2026-01-06T14:05:35.752664Z","level":"info","event":"[342/9370] Scrapping definition : Pimped-Out Dress","logger":"root","filename":"ingestion_dag.py","lineno":401}
{"timestamp":"2026-01-06T14:05:36.255109Z","level":"info","event":"[343/9370] Scrapping definition : Psycho Lesbian","logger":"root","filename":"ingestion_dag.py","lineno":401}
{"timestamp":"2026-01-06T14:05:36.795112Z","level":"info","event":"[344/9370] Scrapping definition : \"The Reason You Suck\" Speech","logger":"root","filename":"ingestion_dag.py","lineno":401}
{"timestamp":"2026-01-06T14:05:37.290510Z","level":"info","event":"[345/9370] Scrapping definition : Rich Bitch","logger":"root","filename":"ingestion_dag.py","lineno":401}
{"timestamp":"2026-01-06T14:05:37.855968Z","level":"info","event":"[346/9370] Scrapping definition : Shout-Out/To Shakespeare","logger":"root","filename":"ingestion_dag.py","lineno":401}
{"timestamp":"2026-01-06T14:05:38.389650Z","level":"info","event":"[347/9370] Scrapping definition : Smug Snake","logger":"root","filename":"ingestion_dag.py","lineno":401}
{"timestamp":"2026-01-06T14:05:38.882493Z","level":"info","event":"[348/9370] Scrapping definition : Spit Take","logger":"root","filename":"ingestion_dag.py","lineno":401}
{"timestamp":"2026-01-06T14:05:39.384032Z","level":"info","event":"[349/9370] Scrapping definition : Spock Speak","logger":"root","filename":"ingestion_dag.py","lineno":401}
{"timestamp":"2026-01-06T14:05:39.889737Z","level":"info","event":"[350/9370] Scrapping definition : Stalker with a Crush","logger":"root","filename":"ingestion_dag.py","lineno":401}
{"timestamp":"2026-01-06T14:05:40.453712Z","level":"info","event":"[351/9370] Scrapping definition : The Stoic","logger":"root","filename":"ingestion_dag.py","lineno":401}
{"timestamp":"2026-01-06T14:05:40.953906Z","level":"info","event":"[352/9370] Scrapping definition : Villainous Breakdown","logger":"root","filename":"ingestion_dag.py","lineno":401}
{"timestamp":"2026-01-06T14:05:41.547980Z","level":"info","event":"[353/9370] Scrapping definition : Villainous BSOD","logger":"root","filename":"ingestion_dag.py","lineno":401}
{"timestamp":"2026-01-06T14:05:42.040162Z","level":"info","event":"[354/9370] Scrapping definition : Adorkable","logger":"root","filename":"ingestion_dag.py","lineno":401}
{"timestamp":"2026-01-06T14:05:42.547315Z","level":"info","event":"[355/9370] Scrapping definition : Age Cut","logger":"root","filename":"ingestion_dag.py","lineno":401}
{"timestamp":"2026-01-06T14:05:43.023010Z","level":"info","event":"[356/9370] Scrapping definition : Almighty Mom","logger":"root","filename":"ingestion_dag.py","lineno":401}
{"timestamp":"2026-01-06T14:05:43.553716Z","level":"info","event":"[357/9370] Scrapping definition : The Power of Rock","logger":"root","filename":"ingestion_dag.py","lineno":401}
{"timestamp":"2026-01-06T14:05:44.069190Z","level":"info","event":"[358/9370] Scrapping definition : Agent Mulder","logger":"root","filename":"ingestion_dag.py","lineno":401}
{"timestamp":"2026-01-06T14:05:44.573426Z","level":"info","event":"[359/9370] Scrapping definition : Genetic Memory","logger":"root","filename":"ingestion_dag.py","lineno":401}
{"timestamp":"2026-01-06T14:05:45.107278Z","level":"info","event":"[360/9370] Scrapping definition : Agent Scully","logger":"root","filename":"ingestion_dag.py","lineno":401}
{"timestamp":"2026-01-06T14:05:45.644116Z","level":"info","event":"[361/9370] Scrapping definition : Christianity Is Catholic","logger":"root","filename":"ingestion_dag.py","lineno":401}
{"timestamp":"2026-01-06T14:05:46.157019Z","level":"info","event":"[362/9370] Scrapping definition : Creator Backlash","logger":"root","filename":"ingestion_dag.py","lineno":401}
{"timestamp":"2026-01-06T14:05:46.492897Z","level":"info","event":"[363/9370] Scrapping definition : The Cutie","logger":"root","filename":"ingestion_dag.py","lineno":401}
{"timestamp":"2026-01-06T14:05:46.953026Z","level":"info","event":"[364/9370] Scrapping definition : The Sixties","logger":"root","filename":"ingestion_dag.py","lineno":401}
{"timestamp":"2026-01-06T14:05:47.275408Z","level":"info","event":"[365/9370] Scrapping definition : Academy Award","logger":"root","filename":"ingestion_dag.py","lineno":401}
{"timestamp":"2026-01-06T14:05:47.808034Z","level":"info","event":"[366/9370] Scrapping definition : Adaptation Distillation","logger":"root","filename":"ingestion_dag.py","lineno":401}
{"timestamp":"2026-01-06T14:05:48.327625Z","level":"info","event":"[367/9370] Scrapping definition : Always Second Best","logger":"root","filename":"ingestion_dag.py","lineno":401}
{"timestamp":"2026-01-06T14:05:48.793562Z","level":"info","event":"[368/9370] Scrapping definition : Annoying Laugh","logger":"root","filename":"ingestion_dag.py","lineno":401}
{"timestamp":"2026-01-06T14:05:49.247760Z","level":"info","event":"[369/9370] Scrapping definition : Antagonist in Mourning","logger":"root","filename":"ingestion_dag.py","lineno":401}
{"timestamp":"2026-01-06T14:05:49.831240Z","level":"info","event":"[370/9370] Scrapping definition : Based on a Great Big Lie","logger":"root","filename":"ingestion_dag.py","lineno":401}
{"timestamp":"2026-01-06T14:05:50.328679Z","level":"info","event":"[371/9370] Scrapping definition : Bedlam House","logger":"root","filename":"ingestion_dag.py","lineno":401}
{"timestamp":"2026-01-06T14:05:50.860969Z","level":"info","event":"[372/9370] Scrapping definition : Black Cloak","logger":"root","filename":"ingestion_dag.py","lineno":401}
{"timestamp":"2026-01-06T14:05:51.355186Z","level":"info","event":"[373/9370] Scrapping definition : Bunny Ears Lawyer","logger":"root","filename":"ingestion_dag.py","lineno":401}
{"timestamp":"2026-01-06T14:05:51.940329Z","level":"info","event":"[374/9370] Scrapping definition : California Doubling","logger":"root","filename":"ingestion_dag.py","lineno":401}
{"timestamp":"2026-01-06T14:05:52.506933Z","level":"info","event":"[375/9370] Scrapping definition : Catch Phrase","logger":"root","filename":"ingestion_dag.py","lineno":401}
{"timestamp":"2026-01-06T14:05:52.805510Z","level":"info","event":"[376/9370] Scrapping definition : Celibate Hero","logger":"root","filename":"ingestion_dag.py","lineno":401}
{"timestamp":"2026-01-06T14:05:53.334411Z","level":"info","event":"[377/9370] Scrapping definition : Cloudcuckoolander","logger":"root","filename":"ingestion_dag.py","lineno":401}
{"timestamp":"2026-01-06T14:05:53.926812Z","level":"info","event":"[378/9370] Scrapping definition : Did Not Do the Research","logger":"root","filename":"ingestion_dag.py","lineno":401}
{"timestamp":"2026-01-06T14:05:54.721901Z","level":"info","event":"DDefinition not found for https://tropedia.fandom.com/wiki/Did_Not_Do_the_Research","logger":"root","filename":"ingestion_dag.py","lineno":363}
{"timestamp":"2026-01-06T14:05:54.823566Z","level":"info","event":"[379/9370] Scrapping definition : Joseph Haydn","logger":"root","filename":"ingestion_dag.py","lineno":401}
{"timestamp":"2026-01-06T14:05:55.333974Z","level":"info","event":"[380/9370] Scrapping definition : Driven by Envy","logger":"root","filename":"ingestion_dag.py","lineno":401}
{"timestamp":"2026-01-06T14:05:55.815213Z","level":"info","event":"[381/9370] Scrapping definition : Faith Heel Turn","logger":"root","filename":"ingestion_dag.py","lineno":401}
{"timestamp":"2026-01-06T14:05:56.318194Z","level":"info","event":"[382/9370] Scrapping definition : Directors Cut","logger":"root","filename":"ingestion_dag.py","lineno":401}
{"timestamp":"2026-01-06T14:05:56.976815Z","level":"info","event":"[383/9370] Scrapping definition : A God Am I","logger":"root","filename":"ingestion_dag.py","lineno":401}
{"timestamp":"2026-01-06T14:05:57.584429Z","level":"info","event":"[384/9370] Scrapping definition : Hard Work Hardly Works","logger":"root","filename":"ingestion_dag.py","lineno":401}
{"timestamp":"2026-01-06T14:05:58.216558Z","level":"info","event":"[385/9370] Scrapping definition : Heroic RROD","logger":"root","filename":"ingestion_dag.py","lineno":401}
{"timestamp":"2026-01-06T14:05:58.737548Z","level":"info","event":"[386/9370] Scrapping definition : How We Got Here","logger":"root","filename":"ingestion_dag.py","lineno":401}
{"timestamp":"2026-01-06T14:05:59.231594Z","level":"info","event":"[387/9370] Scrapping definition : Confessional","logger":"root","filename":"ingestion_dag.py","lineno":401}
{"timestamp":"2026-01-06T14:05:59.991322Z","level":"info","event":"[388/9370] Scrapping definition : Insufferable Genius","logger":"root","filename":"ingestion_dag.py","lineno":401}
{"timestamp":"2026-01-06T14:06:00.569575Z","level":"info","event":"[389/9370] Scrapping definition : Intermission","logger":"root","filename":"ingestion_dag.py","lineno":401}
{"timestamp":"2026-01-06T14:06:01.062900Z","level":"info","event":"[390/9370] Scrapping definition : Interrupted Suicide","logger":"root","filename":"ingestion_dag.py","lineno":401}
{"timestamp":"2026-01-06T14:06:01.569645Z","level":"info","event":"[391/9370] Scrapping definition : In the Style Of","logger":"root","filename":"ingestion_dag.py","lineno":401}
{"timestamp":"2026-01-06T14:06:02.113246Z","level":"info","event":"[392/9370] Scrapping definition : Nostalgic Narrator","logger":"root","filename":"ingestion_dag.py","lineno":401}
{"timestamp":"2026-01-06T14:06:02.855990Z","level":"info","event":"[393/9370] Scrapping definition : Framing Device","logger":"root","filename":"ingestion_dag.py","lineno":401}
{"timestamp":"2026-01-06T14:06:03.329094Z","level":"info","event":"[394/9370] Scrapping definition : Not Even Bothering with the Accent","logger":"root","filename":"ingestion_dag.py","lineno":401}
{"timestamp":"2026-01-06T14:06:03.986265Z","level":"info","event":"[395/9370] Scrapping definition : Opera","logger":"root","filename":"ingestion_dag.py","lineno":401}
{"timestamp":"2026-01-06T14:06:04.513081Z","level":"info","event":"[396/9370] Scrapping definition : The Queen's Latin","logger":"root","filename":"ingestion_dag.py","lineno":401}
{"timestamp":"2026-01-06T14:06:04.972348Z","level":"info","event":"[397/9370] Scrapping definition : Rage Against the Heavens","logger":"root","filename":"ingestion_dag.py","lineno":401}
{"timestamp":"2026-01-06T14:06:05.458228Z","level":"info","event":"[398/9370] Scrapping definition : Blond Guys Are Evil","logger":"root","filename":"ingestion_dag.py","lineno":401}
{"timestamp":"2026-01-06T14:06:05.978587Z","level":"info","event":"[399/9370] Scrapping definition : Classically-Trained Extra","logger":"root","filename":"ingestion_dag.py","lineno":401}
{"timestamp":"2026-01-06T14:06:06.472723Z","level":"info","event":"[400/9370] Scrapping definition : Hidden Depths","logger":"root","filename":"ingestion_dag.py","lineno":401}
{"timestamp":"2026-01-06T14:06:07.024562Z","level":"info","event":"[401/9370] Scrapping definition : but a butterfly","logger":"root","filename":"ingestion_dag.py","lineno":401}
{"timestamp":"2026-01-06T14:06:07.515932Z","level":"info","event":"[402/9370] Scrapping definition : Hollywood Silencer","logger":"root","filename":"ingestion_dag.py","lineno":401}
{"timestamp":"2026-01-06T14:06:08.033210Z","level":"info","event":"[403/9370] Scrapping definition : Hooker with a Heart of Gold","logger":"root","filename":"ingestion_dag.py","lineno":401}
{"timestamp":"2026-01-06T14:06:08.563881Z","level":"info","event":"[404/9370] Scrapping definition : Ms. Fanservice","logger":"root","filename":"ingestion_dag.py","lineno":401}
{"timestamp":"2026-01-06T14:06:08.874005Z","level":"info","event":"[405/9370] Scrapping definition : Never Trust a Trailer","logger":"root","filename":"ingestion_dag.py","lineno":401}
{"timestamp":"2026-01-06T14:06:09.356413Z","level":"info","event":"[406/9370] Scrapping definition : Bourne","logger":"root","filename":"ingestion_dag.py","lineno":401}
{"timestamp":"2026-01-06T14:06:09.816116Z","level":"info","event":"[407/9370] Scrapping definition : Neck Snap","logger":"root","filename":"ingestion_dag.py","lineno":401}
{"timestamp":"2026-01-06T14:06:10.302993Z","level":"info","event":"[408/9370] Scrapping definition : One Last Job","logger":"root","filename":"ingestion_dag.py","lineno":401}
{"timestamp":"2026-01-06T14:06:10.911338Z","level":"info","event":"[409/9370] Scrapping definition : Recycled in Space","logger":"root","filename":"ingestion_dag.py","lineno":401}
{"timestamp":"2026-01-06T14:06:11.485852Z","level":"info","event":"[410/9370] Scrapping definition : Le Samourai","logger":"root","filename":"ingestion_dag.py","lineno":401}
{"timestamp":"2026-01-06T14:06:11.953806Z","level":"info","event":"[411/9370] Scrapping definition : Retirony","logger":"root","filename":"ingestion_dag.py","lineno":401}
{"timestamp":"2026-01-06T14:06:12.444397Z","level":"info","event":"[412/9370] Scrapping definition : Scenery Porn","logger":"root","filename":"ingestion_dag.py","lineno":401}
{"timestamp":"2026-01-06T14:06:12.923178Z","level":"info","event":"[413/9370] Scrapping definition : Unproblematic Prostitution","logger":"root","filename":"ingestion_dag.py","lineno":401}
{"timestamp":"2026-01-06T14:06:13.391136Z","level":"info","event":"[414/9370] Scrapping definition : Wham! Line","logger":"root","filename":"ingestion_dag.py","lineno":401}
{"timestamp":"2026-01-06T14:06:13.992240Z","level":"info","event":"[415/9370] Scrapping definition : Henpecked Husband","logger":"root","filename":"ingestion_dag.py","lineno":401}
{"timestamp":"2026-01-06T14:06:14.516878Z","level":"info","event":"[416/9370] Scrapping definition : Posthumous Narrator","logger":"root","filename":"ingestion_dag.py","lineno":401}
{"timestamp":"2026-01-06T14:06:15.013125Z","level":"info","event":"[417/9370] Scrapping definition : Stepford Smiler","logger":"root","filename":"ingestion_dag.py","lineno":401}
{"timestamp":"2026-01-06T14:06:15.670148Z","level":"info","event":"[418/9370] Scrapping definition : Thora Birch","logger":"root","filename":"ingestion_dag.py","lineno":401}
{"timestamp":"2026-01-06T14:06:16.142595Z","level":"info","event":"[419/9370] Scrapping definition : experienced","logger":"root","filename":"ingestion_dag.py","lineno":401}
{"timestamp":"2026-01-06T14:06:16.700543Z","level":"info","event":"[420/9370] Scrapping definition : Shrouded in Myth","logger":"root","filename":"ingestion_dag.py","lineno":401}
{"timestamp":"2026-01-06T14:06:17.199467Z","level":"info","event":"[421/9370] Scrapping definition : sees more clearly","logger":"root","filename":"ingestion_dag.py","lineno":401}
{"timestamp":"2026-01-06T14:06:17.419041Z","level":"info","event":"[422/9370] Scrapping definition : Chekhov","logger":"root","filename":"ingestion_dag.py","lineno":401}
{"timestamp":"2026-01-06T14:06:17.664040Z","level":"info","event":"[423/9370] Scrapping definition : You need structure... you need discipline","logger":"root","filename":"ingestion_dag.py","lineno":401}
{"timestamp":"2026-01-06T14:06:17.868492Z","level":"info","event":"[424/9370] Scrapping definition : He's also a flaming homophobe","logger":"root","filename":"ingestion_dag.py","lineno":401}
{"timestamp":"2026-01-06T14:06:18.327489Z","level":"info","event":"[425/9370] Scrapping definition : silent, disjointed wife","logger":"root","filename":"ingestion_dag.py","lineno":401}
{"timestamp":"2026-01-06T14:06:18.795572Z","level":"info","event":"[426/9370] Scrapping definition : American Title","logger":"root","filename":"ingestion_dag.py","lineno":401}
{"timestamp":"2026-01-06T14:06:19.332083Z","level":"info","event":"[427/9370] Scrapping definition : Anachronic Order","logger":"root","filename":"ingestion_dag.py","lineno":401}
{"timestamp":"2026-01-06T14:06:19.848027Z","level":"info","event":"[428/9370] Scrapping definition : As Himself","logger":"root","filename":"ingestion_dag.py","lineno":401}
{"timestamp":"2026-01-06T14:06:20.188849Z","level":"info","event":"[429/9370] Scrapping definition : Auto Erotica","logger":"root","filename":"ingestion_dag.py","lineno":401}
{"timestamp":"2026-01-06T14:06:20.672547Z","level":"info","event":"[430/9370] Scrapping definition : Cool Car","logger":"root","filename":"ingestion_dag.py","lineno":401}
{"timestamp":"2026-01-06T14:06:21.282713Z","level":"info","event":"[431/9370] Scrapping definition : The Alleged Car","logger":"root","filename":"ingestion_dag.py","lineno":401}
{"timestamp":"2026-01-06T14:06:21.929990Z","level":"info","event":"[432/9370] Scrapping definition : Cool Big Sis","logger":"root","filename":"ingestion_dag.py","lineno":401}
{"timestamp":"2026-01-06T14:06:22.431464Z","level":"info","event":"[433/9370] Scrapping definition : Cool Old Guy","logger":"root","filename":"ingestion_dag.py","lineno":401}
{"timestamp":"2026-01-06T14:06:22.961431Z","level":"info","event":"[434/9370] Scrapping definition : Date Rape Averted","logger":"root","filename":"ingestion_dag.py","lineno":401}
{"timestamp":"2026-01-06T14:06:23.458291Z","level":"info","event":"[435/9370] Scrapping definition : Don't Do Anything I Wouldn't Do","logger":"root","filename":"ingestion_dag.py","lineno":401}
{"timestamp":"2026-01-06T14:06:24.003606Z","level":"info","event":"[436/9370] Scrapping definition : Embarrassing Nickname","logger":"root","filename":"ingestion_dag.py","lineno":401}
{"timestamp":"2026-01-06T14:06:24.528397Z","level":"info","event":"[437/9370] Scrapping definition : Extremely Short Timespan","logger":"root","filename":"ingestion_dag.py","lineno":401}
{"timestamp":"2026-01-06T14:06:25.042521Z","level":"info","event":"[438/9370] Scrapping definition : The Fifties","logger":"root","filename":"ingestion_dag.py","lineno":401}
{"timestamp":"2026-01-06T14:06:25.631243Z","level":"info","event":"[439/9370] Scrapping definition : Freudian Slippery Slope","logger":"root","filename":"ingestion_dag.py","lineno":401}
{"timestamp":"2026-01-06T14:06:26.126239Z","level":"info","event":"[440/9370] Scrapping definition : I'm a lesbian now","logger":"root","filename":"ingestion_dag.py","lineno":401}
{"timestamp":"2026-01-06T14:06:26.617327Z","level":"info","event":"[441/9370] Scrapping definition : Aggressive-Submissive","logger":"root","filename":"ingestion_dag.py","lineno":401}
{"timestamp":"2026-01-06T14:06:27.090033Z","level":"info","event":"[442/9370] Scrapping definition : All Men Are Perverts","logger":"root","filename":"ingestion_dag.py","lineno":401}
{"timestamp":"2026-01-06T14:06:27.613107Z","level":"info","event":"[443/9370] Scrapping definition : Ass Shove","logger":"root","filename":"ingestion_dag.py","lineno":401}
{"timestamp":"2026-01-06T14:06:28.255372Z","level":"info","event":"[444/9370] Scrapping definition : Banned in China","logger":"root","filename":"ingestion_dag.py","lineno":401}
{"timestamp":"2026-01-06T14:06:28.835783Z","level":"info","event":"[445/9370] Scrapping definition : Belligerent Sexual Tension","logger":"root","filename":"ingestion_dag.py","lineno":401}
{"timestamp":"2026-01-06T14:06:29.413497Z","level":"info","event":"[446/9370] Scrapping definition : Between My Legs","logger":"root","filename":"ingestion_dag.py","lineno":401}
{"timestamp":"2026-01-06T14:06:29.937211Z","level":"info","event":"[447/9370] Scrapping definition : Black Comedy Rape","logger":"root","filename":"ingestion_dag.py","lineno":401}
{"timestamp":"2026-01-06T14:06:30.524495Z","level":"info","event":"[448/9370] Scrapping definition : Jerk with a Heart of Gold","logger":"root","filename":"ingestion_dag.py","lineno":401}
{"timestamp":"2026-01-06T14:06:31.001883Z","level":"info","event":"[449/9370] Scrapping definition : Bread, Eggs, Milk, Squick","logger":"root","filename":"ingestion_dag.py","lineno":401}
{"timestamp":"2026-01-06T14:06:31.590070Z","level":"info","event":"[450/9370] Scrapping definition : Breakout Character","logger":"root","filename":"ingestion_dag.py","lineno":401}
{"timestamp":"2026-01-06T14:06:32.130562Z","level":"info","event":"[451/9370] Scrapping definition : Brick Joke","logger":"root","filename":"ingestion_dag.py","lineno":401}
{"timestamp":"2026-01-06T14:06:32.633868Z","level":"info","event":"[452/9370] Scrapping definition : Bumbling Dad","logger":"root","filename":"ingestion_dag.py","lineno":401}
{"timestamp":"2026-01-06T14:06:33.103895Z","level":"info","event":"[453/9370] Scrapping definition : Eugene Levy","logger":"root","filename":"ingestion_dag.py","lineno":401}
{"timestamp":"2026-01-06T14:06:33.562914Z","level":"info","event":"[454/9370] Scrapping definition : Call Back","logger":"root","filename":"ingestion_dag.py","lineno":401}
{"timestamp":"2026-01-06T14:06:34.191061Z","level":"info","event":"[455/9370] Scrapping definition : Canon Discontinuity","logger":"root","filename":"ingestion_dag.py","lineno":401}
{"timestamp":"2026-01-06T14:06:34.724046Z","level":"info","event":"[456/9370] Scrapping definition : Cargo Ship","logger":"root","filename":"ingestion_dag.py","lineno":401}
{"timestamp":"2026-01-06T14:06:35.253261Z","level":"info","event":"[457/9370] Scrapping definition : Caught with Your Pants Down","logger":"root","filename":"ingestion_dag.py","lineno":401}
{"timestamp":"2026-01-06T14:06:35.759526Z","level":"info","event":"[458/9370] Scrapping definition : Casanova Wannabe","logger":"root","filename":"ingestion_dag.py","lineno":401}
{"timestamp":"2026-01-06T14:06:36.264357Z","level":"info","event":"[459/9370] Scrapping definition : Celebrity Cameo","logger":"root","filename":"ingestion_dag.py","lineno":401}
{"timestamp":"2026-01-06T14:06:36.866738Z","level":"info","event":"[460/9370] Scrapping definition : Blink-182","logger":"root","filename":"ingestion_dag.py","lineno":401}
{"timestamp":"2026-01-06T14:06:37.325809Z","level":"info","event":"[461/9370] Scrapping definition : Cringe Comedy","logger":"root","filename":"ingestion_dag.py","lineno":401}
{"timestamp":"2026-01-06T14:06:37.956078Z","level":"info","event":"[462/9370] Scrapping definition : Coitus Uninterruptus","logger":"root","filename":"ingestion_dag.py","lineno":401}
{"timestamp":"2026-01-06T14:06:38.491131Z","level":"info","event":"[463/9370] Scrapping definition : Concert Kiss","logger":"root","filename":"ingestion_dag.py","lineno":401}
{"timestamp":"2026-01-06T14:06:38.977689Z","level":"info","event":"[464/9370] Scrapping definition : Covert Pervert","logger":"root","filename":"ingestion_dag.py","lineno":401}
{"timestamp":"2026-01-06T14:06:39.481873Z","level":"info","event":"[465/9370] Scrapping definition : Alyson Hannigan","logger":"root","filename":"ingestion_dag.py","lineno":401}
{"timestamp":"2026-01-06T14:06:39.944949Z","level":"info","event":"[466/9370] Scrapping definition : Demoted to Extra","logger":"root","filename":"ingestion_dag.py","lineno":401}
{"timestamp":"2026-01-06T14:06:40.496825Z","level":"info","event":"[467/9370] Scrapping definition : Destructo-Nookie","logger":"root","filename":"ingestion_dag.py","lineno":401}
{"timestamp":"2026-01-06T14:06:41.030748Z","level":"info","event":"[468/9370] Scrapping definition : Disproportionate Retribution","logger":"root","filename":"ingestion_dag.py","lineno":401}
{"timestamp":"2026-01-06T14:06:41.496915Z","level":"info","event":"[469/9370] Scrapping definition : Don't Try This At Home","logger":"root","filename":"ingestion_dag.py","lineno":401}
{"timestamp":"2026-01-06T14:06:42.051311Z","level":"info","event":"[470/9370] Scrapping definition : Doting Parent","logger":"root","filename":"ingestion_dag.py","lineno":401}
{"timestamp":"2026-01-06T14:06:42.576524Z","level":"info","event":"[471/9370] Scrapping definition : Double Entendre","logger":"root","filename":"ingestion_dag.py","lineno":401}
{"timestamp":"2026-01-06T14:06:43.243425Z","level":"info","event":"[472/9370] Scrapping definition : All-Star Cast","logger":"root","filename":"ingestion_dag.py","lineno":401}
{"timestamp":"2026-01-06T14:06:43.761193Z","level":"info","event":"[473/9370] Scrapping definition : Captain Obvious","logger":"root","filename":"ingestion_dag.py","lineno":401}
{"timestamp":"2026-01-06T14:06:44.387604Z","level":"info","event":"[474/9370] Scrapping definition : Ascetic Aesthetic","logger":"root","filename":"ingestion_dag.py","lineno":401}
{"timestamp":"2026-01-06T14:06:44.891189Z","level":"info","event":"[475/9370] Scrapping definition : Author Filibuster","logger":"root","filename":"ingestion_dag.py","lineno":401}
{"timestamp":"2026-01-06T14:06:45.380133Z","level":"info","event":"[476/9370] Scrapping definition : Ax Crazy","logger":"root","filename":"ingestion_dag.py","lineno":401}
{"timestamp":"2026-01-06T14:06:45.642561Z","level":"info","event":"[477/9370] Scrapping definition : Beneath the Mask","logger":"root","filename":"ingestion_dag.py","lineno":401}
{"timestamp":"2026-01-06T14:06:46.161511Z","level":"info","event":"[478/9370] Scrapping definition : Blood Is the New Black","logger":"root","filename":"ingestion_dag.py","lineno":401}
{"timestamp":"2026-01-06T14:06:46.700370Z","level":"info","event":"[479/9370] Scrapping definition : Anachronism Stew","logger":"root","filename":"ingestion_dag.py","lineno":401}
{"timestamp":"2026-01-06T14:06:47.788536Z","level":"info","event":"[480/9370] Scrapping definition : As Long as It Sounds Foreign","logger":"root","filename":"ingestion_dag.py","lineno":401}
{"timestamp":"2026-01-06T14:06:48.327796Z","level":"info","event":"[481/9370] Scrapping definition : Closeup on Head","logger":"root","filename":"ingestion_dag.py","lineno":401}
{"timestamp":"2026-01-06T14:06:48.846584Z","level":"info","event":"[482/9370] Scrapping definition : dramatically shouting","logger":"root","filename":"ingestion_dag.py","lineno":401}
{"timestamp":"2026-01-06T14:06:49.373932Z","level":"info","event":"[483/9370] Scrapping definition : Give us! Us Free!","logger":"root","filename":"ingestion_dag.py","lineno":401}
{"timestamp":"2026-01-06T14:06:49.892668Z","level":"info","event":"[484/9370] Scrapping definition : John Quincy Adams","logger":"root","filename":"ingestion_dag.py","lineno":401}
{"timestamp":"2026-01-06T14:06:50.378534Z","level":"info","event":"[485/9370] Scrapping definition : The Dog Bites Back","logger":"root","filename":"ingestion_dag.py","lineno":401}
{"timestamp":"2026-01-06T14:06:50.881124Z","level":"info","event":"[486/9370] Scrapping definition : Unfortunate Implications","logger":"root","filename":"ingestion_dag.py","lineno":401}
{"timestamp":"2026-01-06T14:06:51.557797Z","level":"info","event":"[487/9370] Scrapping definition : Et Tu, Brute?","logger":"root","filename":"ingestion_dag.py","lineno":401}
{"timestamp":"2026-01-06T14:06:52.066291Z","level":"info","event":"[488/9370] Scrapping definition : Evil Brit","logger":"root","filename":"ingestion_dag.py","lineno":401}
{"timestamp":"2026-01-06T14:06:52.606377Z","level":"info","event":"[489/9370] Scrapping definition : Historical Villain Upgrade","logger":"root","filename":"ingestion_dag.py","lineno":401}
{"timestamp":"2026-01-06T14:06:53.090704Z","level":"info","event":"[490/9370] Scrapping definition : Hollywood History","logger":"root","filename":"ingestion_dag.py","lineno":401}
{"timestamp":"2026-01-06T14:06:54.302327Z","level":"info","event":"[491/9370] Scrapping definition : Ironic Name","logger":"root","filename":"ingestion_dag.py","lineno":401}
{"timestamp":"2026-01-06T14:06:54.781744Z","level":"info","event":"[492/9370] Scrapping definition : Meta Casting","logger":"root","filename":"ingestion_dag.py","lineno":401}
{"timestamp":"2026-01-06T14:06:55.260251Z","level":"info","event":"[493/9370] Scrapping definition : Misplaced Vegetation","logger":"root","filename":"ingestion_dag.py","lineno":401}
{"timestamp":"2026-01-06T14:06:55.752178Z","level":"info","event":"[494/9370] Scrapping definition : Royal Brat","logger":"root","filename":"ingestion_dag.py","lineno":401}
{"timestamp":"2026-01-06T14:06:56.279740Z","level":"info","event":"[495/9370] Scrapping definition : Rule of Cool","logger":"root","filename":"ingestion_dag.py","lineno":401}
{"timestamp":"2026-01-06T14:06:56.846014Z","level":"info","event":"[496/9370] Scrapping definition : Morgan Freeman","logger":"root","filename":"ingestion_dag.py","lineno":401}
{"timestamp":"2026-01-06T14:06:57.306760Z","level":"info","event":"[497/9370] Scrapping definition : The Asylum","logger":"root","filename":"ingestion_dag.py","lineno":401}
{"timestamp":"2026-01-06T14:06:57.854101Z","level":"info","event":"[498/9370] Scrapping definition : Blithe Spirit","logger":"root","filename":"ingestion_dag.py","lineno":401}
{"timestamp":"2026-01-06T14:06:58.352013Z","level":"info","event":"[499/9370] Scrapping definition : Breaking the Fourth Wall","logger":"root","filename":"ingestion_dag.py","lineno":401}
{"timestamp":"2026-01-06T14:06:58.838181Z","level":"info","event":"[500/9370] Scrapping definition : Cannot Spit It Out","logger":"root","filename":"ingestion_dag.py","lineno":401}
{"timestamp":"2026-01-06T14:06:59.355414Z","level":"info","event":"[501/9370] Scrapping definition : Completely Different Title","logger":"root","filename":"ingestion_dag.py","lineno":401}
{"timestamp":"2026-01-06T14:06:59.977062Z","level":"info","event":"[502/9370] Scrapping definition : Cool and Unusual Punishment","logger":"root","filename":"ingestion_dag.py","lineno":401}
{"timestamp":"2026-01-06T14:07:00.533967Z","level":"info","event":"[503/9370] Scrapping definition : Digital Bikini","logger":"root","filename":"ingestion_dag.py","lineno":401}
{"timestamp":"2026-01-06T14:07:01.010948Z","level":"info","event":"[504/9370] Scrapping definition : The Fantastic Trope of Wonderous Titles","logger":"root","filename":"ingestion_dag.py","lineno":401}
{"timestamp":"2026-01-06T14:07:01.482895Z","level":"info","event":"[505/9370] Scrapping definition : For Happiness","logger":"root","filename":"ingestion_dag.py","lineno":401}
{"timestamp":"2026-01-06T14:07:01.959497Z","level":"info","event":"[506/9370] Scrapping definition : Gaslighting","logger":"root","filename":"ingestion_dag.py","lineno":401}
{"timestamp":"2026-01-06T14:07:02.480798Z","level":"info","event":"[507/9370] Scrapping definition : Gay Paree","logger":"root","filename":"ingestion_dag.py","lineno":401}
{"timestamp":"2026-01-06T14:07:03.002089Z","level":"info","event":"[508/9370] Scrapping definition : Monochrome Casting","logger":"root","filename":"ingestion_dag.py","lineno":401}
{"timestamp":"2026-01-06T14:07:03.503607Z","level":"info","event":"[509/9370] Scrapping definition : I Have This Friend","logger":"root","filename":"ingestion_dag.py","lineno":401}
{"timestamp":"2026-01-06T14:07:04.017893Z","level":"info","event":"[510/9370] Scrapping definition : Karmic Trickster","logger":"root","filename":"ingestion_dag.py","lineno":401}
{"timestamp":"2026-01-06T14:07:04.531447Z","level":"info","event":"[511/9370] Scrapping definition : Like You Were Dying","logger":"root","filename":"ingestion_dag.py","lineno":401}
{"timestamp":"2026-01-06T14:07:04.992758Z","level":"info","event":"[512/9370] Scrapping definition : Inverted","logger":"root","filename":"ingestion_dag.py","lineno":401}
{"timestamp":"2026-01-06T14:07:05.702073Z","level":"info","event":"[513/9370] Scrapping definition : Love Letter Lunacy","logger":"root","filename":"ingestion_dag.py","lineno":401}
{"timestamp":"2026-01-06T14:07:06.180074Z","level":"info","event":"[514/9370] Scrapping definition : Up to Eleven","logger":"root","filename":"ingestion_dag.py","lineno":401}
{"timestamp":"2026-01-06T14:07:06.695123Z","level":"info","event":"[515/9370] Scrapping definition : Magic Realism","logger":"root","filename":"ingestion_dag.py","lineno":401}
{"timestamp":"2026-01-06T14:07:07.218985Z","level":"info","event":"[516/9370] Scrapping definition : Manic Pixie Dream Girl","logger":"root","filename":"ingestion_dag.py","lineno":401}
{"timestamp":"2026-01-06T14:07:07.795463Z","level":"info","event":"[517/9370] Scrapping definition : Metaphorgotten","logger":"root","filename":"ingestion_dag.py","lineno":401}
{"timestamp":"2026-01-06T14:07:08.306351Z","level":"info","event":"[518/9370] Scrapping definition : Modesty Bedsheet","logger":"root","filename":"ingestion_dag.py","lineno":401}
{"timestamp":"2026-01-06T14:07:08.811565Z","level":"info","event":"[519/9370] Scrapping definition : one token Arab","logger":"root","filename":"ingestion_dag.py","lineno":401}
{"timestamp":"2026-01-06T14:07:09.036074Z","level":"info","event":"[520/9370] Scrapping definition : Narrator","logger":"root","filename":"ingestion_dag.py","lineno":401}
{"timestamp":"2026-01-06T14:07:09.582799Z","level":"info","event":"[521/9370] Scrapping definition : These are given nods and shout outs almost every time the character in question appears on-screen.","logger":"root","filename":"ingestion_dag.py","lineno":401}
{"timestamp":"2026-01-06T14:07:10.144446Z","level":"info","event":"[522/9370] Scrapping definition : Not Listening to Me, Are You?","logger":"root","filename":"ingestion_dag.py","lineno":401}
{"timestamp":"2026-01-06T14:07:10.887154Z","level":"info","event":"[523/9370] Scrapping definition : These things didn't really happen: she's just checking if he's paying attention. Which he's not.","logger":"root","filename":"ingestion_dag.py","lineno":401}
{"timestamp":"2026-01-06T14:07:11.380841Z","level":"info","event":"[524/9370] Scrapping definition : Overly Long Gag","logger":"root","filename":"ingestion_dag.py","lineno":401}
{"timestamp":"2026-01-06T14:07:11.919121Z","level":"info","event":"[525/9370] Scrapping definition : Recycled Soundtrack","logger":"root","filename":"ingestion_dag.py","lineno":401}
{"timestamp":"2026-01-06T14:07:12.458599Z","level":"info","event":"[526/9370] Scrapping definition : Sex Montage","logger":"root","filename":"ingestion_dag.py","lineno":401}
{"timestamp":"2026-01-06T14:07:13.052390Z","level":"info","event":"[527/9370] Scrapping definition : Spiritual Successor","logger":"root","filename":"ingestion_dag.py","lineno":401}
{"timestamp":"2026-01-06T14:07:13.575284Z","level":"info","event":"[528/9370] Scrapping definition : Sugar Bowl","logger":"root","filename":"ingestion_dag.py","lineno":401}
{"timestamp":"2026-01-06T14:07:14.113857Z","level":"info","event":"[529/9370] Scrapping definition : That Cloud Looks Like...","logger":"root","filename":"ingestion_dag.py","lineno":401}
{"timestamp":"2026-01-06T14:07:14.634942Z","level":"info","event":"[530/9370] Scrapping definition : Twitchy Eye","logger":"root","filename":"ingestion_dag.py","lineno":401}
{"timestamp":"2026-01-06T14:07:15.146404Z","level":"info","event":"[531/9370] Scrapping definition : Acronym Confusion","logger":"root","filename":"ingestion_dag.py","lineno":401}
{"timestamp":"2026-01-06T14:07:15.684675Z","level":"info","event":"[532/9370] Scrapping definition : All Animation Is Disney","logger":"root","filename":"ingestion_dag.py","lineno":401}
{"timestamp":"2026-01-06T14:07:16.185555Z","level":"info","event":"[533/9370] Scrapping definition : Disneyesque","logger":"root","filename":"ingestion_dag.py","lineno":401}
{"timestamp":"2026-01-06T14:07:16.658145Z","level":"info","event":"[534/9370] Scrapping definition : Almost Kiss","logger":"root","filename":"ingestion_dag.py","lineno":401}
{"timestamp":"2026-01-06T14:07:17.086030Z","level":"info","event":"[535/9370] Scrapping definition : Crowning Moment of Awesome","logger":"root","filename":"ingestion_dag.py","lineno":401}
{"timestamp":"2026-01-06T14:07:17.767853Z","level":"info","event":"[536/9370] Scrapping definition : Animated Musical","logger":"root","filename":"ingestion_dag.py","lineno":401}
{"timestamp":"2026-01-06T14:07:18.236780Z","level":"info","event":"[537/9370] Scrapping definition : Armor-Piercing Slap","logger":"root","filename":"ingestion_dag.py","lineno":401}
{"timestamp":"2026-01-06T14:07:18.754444Z","level":"info","event":"[538/9370] Scrapping definition : Ascended Extra","logger":"root","filename":"ingestion_dag.py","lineno":401}
{"timestamp":"2026-01-06T14:07:19.363712Z","level":"info","event":"[539/9370] Scrapping definition : Non-Human Sidekick","logger":"root","filename":"ingestion_dag.py","lineno":401}
{"timestamp":"2026-01-06T14:07:19.882881Z","level":"info","event":"[540/9370] Scrapping definition : At the Opera Tonight","logger":"root","filename":"ingestion_dag.py","lineno":401}
{"timestamp":"2026-01-06T14:07:20.379807Z","level":"info","event":"[541/9370] Scrapping definition : Cinderella","logger":"root","filename":"ingestion_dag.py","lineno":401}
{"timestamp":"2026-01-06T14:07:20.863835Z","level":"info","event":"[542/9370] Scrapping definition : At the Crossroads","logger":"root","filename":"ingestion_dag.py","lineno":401}
{"timestamp":"2026-01-06T14:07:21.356948Z","level":"info","event":"[543/9370] Scrapping definition : Award Bait Song","logger":"root","filename":"ingestion_dag.py","lineno":401}
{"timestamp":"2026-01-06T14:07:21.681632Z","level":"info","event":"[544/9370] Scrapping definition : Aaliyah","logger":"root","filename":"ingestion_dag.py","lineno":401}
{"timestamp":"2026-01-06T14:07:22.200996Z","level":"info","event":"[545/9370] Scrapping definition : Awesome Moment of Crowning","logger":"root","filename":"ingestion_dag.py","lineno":401}
{"timestamp":"2026-01-06T14:07:22.998890Z","level":"info","event":"[546/9370] Scrapping definition : Beta Couple","logger":"root","filename":"ingestion_dag.py","lineno":401}
{"timestamp":"2026-01-06T14:07:23.521778Z","level":"info","event":"[547/9370] Scrapping definition : Character Title","logger":"root","filename":"ingestion_dag.py","lineno":401}
{"timestamp":"2026-01-06T14:07:24.007570Z","level":"info","event":"[548/9370] Scrapping definition : Clothing Damage","logger":"root","filename":"ingestion_dag.py","lineno":401}
{"timestamp":"2026-01-06T14:07:24.526237Z","level":"info","event":"[549/9370] Scrapping definition : Conspicuous CG","logger":"root","filename":"ingestion_dag.py","lineno":401}
{"timestamp":"2026-01-06T14:07:25.017017Z","level":"info","event":"[550/9370] Scrapping definition : Costume Porn","logger":"root","filename":"ingestion_dag.py","lineno":401}
{"timestamp":"2026-01-06T14:07:25.531310Z","level":"info","event":"[551/9370] Scrapping definition : Dream Sequence","logger":"root","filename":"ingestion_dag.py","lineno":401}
{"timestamp":"2026-01-06T14:07:26.036204Z","level":"info","event":"[552/9370] Scrapping definition : Crowd Song","logger":"root","filename":"ingestion_dag.py","lineno":401}
{"timestamp":"2026-01-06T14:07:26.521878Z","level":"info","event":"[553/9370] Scrapping definition : Dance of Romance","logger":"root","filename":"ingestion_dag.py","lineno":401}
{"timestamp":"2026-01-06T14:07:27.011257Z","level":"info","event":"[554/9370] Scrapping definition : lampshades","logger":"root","filename":"ingestion_dag.py","lineno":401}
{"timestamp":"2026-01-06T14:07:27.528246Z","level":"info","event":"[555/9370] Scrapping definition : Dark Is Evil","logger":"root","filename":"ingestion_dag.py","lineno":401}
{"timestamp":"2026-01-06T14:07:28.097499Z","level":"info","event":"[556/9370] Scrapping definition : selling his soul to","logger":"root","filename":"ingestion_dag.py","lineno":401}
{"timestamp":"2026-01-06T14:07:28.346373Z","level":"info","event":"[557/9370] Scrapping definition : his musical number","logger":"root","filename":"ingestion_dag.py","lineno":401}
{"timestamp":"2026-01-06T14:07:28.893819Z","level":"info","event":"[558/9370] Scrapping definition : Disney Acid Sequence","logger":"root","filename":"ingestion_dag.py","lineno":401}
{"timestamp":"2026-01-06T14:07:29.453761Z","level":"info","event":"[559/9370] Scrapping definition : Disney Death","logger":"root","filename":"ingestion_dag.py","lineno":401}
{"timestamp":"2026-01-06T14:07:30.048865Z","level":"info","event":"[560/9370] Scrapping definition : Disneyfication","logger":"root","filename":"ingestion_dag.py","lineno":401}
{"timestamp":"2026-01-06T14:07:30.563993Z","level":"info","event":"[561/9370] Scrapping definition : Dream Melody","logger":"root","filename":"ingestion_dag.py","lineno":401}
{"timestamp":"2026-01-06T14:07:31.172627Z","level":"info","event":"[562/9370] Scrapping definition : Easy Amnesia","logger":"root","filename":"ingestion_dag.py","lineno":401}
{"timestamp":"2026-01-06T14:07:31.690056Z","level":"info","event":"[563/9370] Scrapping definition : Everyone Can See It","logger":"root","filename":"ingestion_dag.py","lineno":401}
{"timestamp":"2026-01-06T14:07:32.230155Z","level":"info","event":"[564/9370] Scrapping definition : Evil is Petty","logger":"root","filename":"ingestion_dag.py","lineno":401}
{"timestamp":"2026-01-06T14:07:32.914762Z","level":"info","event":"[565/9370] Scrapping definition : Evil Sorcerer","logger":"root","filename":"ingestion_dag.py","lineno":401}
{"timestamp":"2026-01-06T14:07:33.827081Z","level":"info","event":"[566/9370] Scrapping definition : Family-Unfriendly Death","logger":"root","filename":"ingestion_dag.py","lineno":401}
{"timestamp":"2026-01-06T14:07:34.342226Z","level":"info","event":"[567/9370] Scrapping definition : Faux Affably Evil","logger":"root","filename":"ingestion_dag.py","lineno":401}
{"timestamp":"2026-01-06T14:07:34.849073Z","level":"info","event":"[568/9370] Scrapping definition : Fandom Nod","logger":"root","filename":"ingestion_dag.py","lineno":401}
{"timestamp":"2026-01-06T14:07:35.391816Z","level":"info","event":"[569/9370] Scrapping definition : Charlie","logger":"root","filename":"ingestion_dag.py","lineno":401}
{"timestamp":"2026-01-06T14:07:35.915506Z","level":"info","event":"[570/9370] Scrapping definition : Brutus","logger":"root","filename":"ingestion_dag.py","lineno":401}
{"timestamp":"2026-01-06T14:07:36.457545Z","level":"info","event":"[571/9370] Scrapping definition : Fiery Redhead","logger":"root","filename":"ingestion_dag.py","lineno":401}
{"timestamp":"2026-01-06T14:07:37.020901Z","level":"info","event":"[572/9370] Scrapping definition : Fingerless Gloves","logger":"root","filename":"ingestion_dag.py","lineno":401}
{"timestamp":"2026-01-06T14:07:37.589879Z","level":"info","event":"[573/9370] Scrapping definition : Follow the Leader","logger":"root","filename":"ingestion_dag.py","lineno":401}
{"timestamp":"2026-01-06T14:07:38.078983Z","level":"info","event":"[574/9370] Scrapping definition : The Nostalgia Chick","logger":"root","filename":"ingestion_dag.py","lineno":401}
{"timestamp":"2026-01-06T14:07:38.580595Z","level":"info","event":"[575/9370] Scrapping definition : Foot Focus","logger":"root","filename":"ingestion_dag.py","lineno":401}
{"timestamp":"2026-01-06T14:07:39.121606Z","level":"info","event":"[576/9370] Scrapping definition : Form-Fitting Wardrobe","logger":"root","filename":"ingestion_dag.py","lineno":401}
{"timestamp":"2026-01-06T14:07:39.672602Z","level":"info","event":"[577/9370] Scrapping definition : Genki Girl","logger":"root","filename":"ingestion_dag.py","lineno":401}
{"timestamp":"2026-01-06T14:07:40.173383Z","level":"info","event":"[578/9370] Scrapping definition : Hammer and Sickle Removed For Your Protection","logger":"root","filename":"ingestion_dag.py","lineno":401}
{"timestamp":"2026-01-06T14:07:40.683695Z","level":"info","event":"[579/9370] Scrapping definition : Happily Ever After","logger":"root","filename":"ingestion_dag.py","lineno":401}
{"timestamp":"2026-01-06T14:07:41.242456Z","level":"info","event":"[580/9370] Scrapping definition : it´s another story...","logger":"root","filename":"ingestion_dag.py","lineno":401}
{"timestamp":"2026-01-06T14:07:41.456884Z","level":"info","event":"[581/9370] Scrapping definition : Harmless Villain","logger":"root","filename":"ingestion_dag.py","lineno":401}
{"timestamp":"2026-01-06T14:07:42.016483Z","level":"info","event":"[582/9370] Scrapping definition : Villain Song","logger":"root","filename":"ingestion_dag.py","lineno":401}
{"timestamp":"2026-01-06T14:07:42.509712Z","level":"info","event":"[583/9370] Scrapping definition : Historical Domain Character","logger":"root","filename":"ingestion_dag.py","lineno":401}
{"timestamp":"2026-01-06T14:07:42.994631Z","level":"info","event":"[584/9370] Scrapping definition : Historical Fantasy","logger":"root","filename":"ingestion_dag.py","lineno":401}
{"timestamp":"2026-01-06T14:07:43.452613Z","level":"info","event":"[585/9370] Scrapping definition : Historical Hero Upgrade","logger":"root","filename":"ingestion_dag.py","lineno":401}
{"timestamp":"2026-01-06T14:07:43.942551Z","level":"info","event":"[586/9370] Scrapping definition : Inhuman Human","logger":"root","filename":"ingestion_dag.py","lineno":401}
{"timestamp":"2026-01-06T14:07:44.437249Z","level":"info","event":"[587/9370] Scrapping definition : Came Back Wrong","logger":"root","filename":"ingestion_dag.py","lineno":401}
{"timestamp":"2026-01-06T14:07:44.957479Z","level":"info","event":"[588/9370] Scrapping definition : Ironic Echo","logger":"root","filename":"ingestion_dag.py","lineno":401}
{"timestamp":"2026-01-06T14:07:45.650638Z","level":"info","event":"[589/9370] Scrapping definition : I Want My Beloved to Be Happy","logger":"root","filename":"ingestion_dag.py","lineno":401}
{"timestamp":"2026-01-06T14:07:46.181989Z","level":"info","event":"[590/9370] Scrapping definition : \"I Want\" Song","logger":"root","filename":"ingestion_dag.py","lineno":401}
{"timestamp":"2026-01-06T14:07:46.689184Z","level":"info","event":"[591/9370] Scrapping definition : Large Ham","logger":"root","filename":"ingestion_dag.py","lineno":401}
{"timestamp":"2026-01-06T14:07:47.147451Z","level":"info","event":"[592/9370] Scrapping definition : Rasputin","logger":"root","filename":"ingestion_dag.py","lineno":401}
{"timestamp":"2026-01-06T14:07:47.672415Z","level":"info","event":"[593/9370] Scrapping definition : Minion with an F In Evil","logger":"root","filename":"ingestion_dag.py","lineno":401}
{"timestamp":"2026-01-06T14:07:48.606038Z","level":"info","event":"[594/9370] Scrapping definition : Mr. Fanservice","logger":"root","filename":"ingestion_dag.py","lineno":401}
{"timestamp":"2026-01-06T14:07:49.087049Z","level":"info","event":"[595/9370] Scrapping definition : The Musical","logger":"root","filename":"ingestion_dag.py","lineno":401}
{"timestamp":"2026-01-06T14:07:50.327497Z","level":"info","event":"[596/9370] Scrapping definition : talks","logger":"root","filename":"ingestion_dag.py","lineno":401}
{"timestamp":"2026-01-06T14:07:50.819403Z","level":"info","event":"[597/9370] Scrapping definition : thankfully avoiding too much cuteness","logger":"root","filename":"ingestion_dag.py","lineno":401}
{"timestamp":"2026-01-06T14:07:51.341564Z","level":"info","event":"[598/9370] Scrapping definition : Nostalgic Music Box","logger":"root","filename":"ingestion_dag.py","lineno":401}
{"timestamp":"2026-01-06T14:07:51.840334Z","level":"info","event":"[599/9370] Scrapping definition : Not Afraid of You Anymore","logger":"root","filename":"ingestion_dag.py","lineno":401}
{"timestamp":"2026-01-06T14:07:52.334009Z","level":"info","event":"[600/9370] Scrapping definition : Angela Lansbury","logger":"root","filename":"ingestion_dag.py","lineno":401}
{"timestamp":"2026-01-06T14:07:52.828637Z","level":"info","event":"[601/9370] Scrapping definition : Not My Driver","logger":"root","filename":"ingestion_dag.py","lineno":401}
{"timestamp":"2026-01-06T14:07:53.582539Z","level":"info","event":"[602/9370] Scrapping definition : Not Using the Z Word","logger":"root","filename":"ingestion_dag.py","lineno":401}
{"timestamp":"2026-01-06T14:07:54.375244Z","level":"info","event":"[603/9370] Scrapping definition : Off-Model","logger":"root","filename":"ingestion_dag.py","lineno":401}
{"timestamp":"2026-01-06T14:07:54.951655Z","level":"info","event":"[604/9370] Scrapping definition : \"Family Fun\" DVD case","logger":"root","filename":"ingestion_dag.py","lineno":401}
{"timestamp":"2026-01-06T14:07:55.055910Z","level":"info","event":"DDefinition not found for http://ecx.images-amazon.com/images/I/51P8GC40J9L._SL500_AA300_.jpg","logger":"root","filename":"ingestion_dag.py","lineno":363}
{"timestamp":"2026-01-06T14:07:55.156455Z","level":"info","event":"[605/9370] Scrapping definition : corrected","logger":"root","filename":"ingestion_dag.py","lineno":401}
{"timestamp":"2026-01-06T14:07:55.349041Z","level":"info","event":"DDefinition not found for http://ecx.images-amazon.com/images/I/51NEEa5vDSL._SL500_AA300_.jpg","logger":"root","filename":"ingestion_dag.py","lineno":363}
{"timestamp":"2026-01-06T14:07:55.450160Z","level":"info","event":"[606/9370] Scrapping definition : Oh God, with the Verbing!","logger":"root","filename":"ingestion_dag.py","lineno":401}
{"timestamp":"2026-01-06T14:07:55.947910Z","level":"info","event":"[607/9370] Scrapping definition : Ominous Russian Chanting","logger":"root","filename":"ingestion_dag.py","lineno":401}
{"timestamp":"2026-01-06T14:07:56.491845Z","level":"info","event":"[608/9370] Scrapping definition : would very much like to know what the chorus was singing","logger":"root","filename":"ingestion_dag.py","lineno":401}
{"timestamp":"2026-01-06T14:07:56.998643Z","level":"info","event":"[609/9370] Scrapping definition : Orphan's Plot Trinket","logger":"root","filename":"ingestion_dag.py","lineno":401}
{"timestamp":"2026-01-06T14:07:57.524867Z","level":"info","event":"[610/9370] Scrapping definition : Our Liches Are Different","logger":"root","filename":"ingestion_dag.py","lineno":401}
{"timestamp":"2026-01-06T14:07:58.058307Z","level":"info","event":"[611/9370] Scrapping definition : Parental Abandonment","logger":"root","filename":"ingestion_dag.py","lineno":401}
{"timestamp":"2026-01-06T14:07:58.548558Z","level":"info","event":"[612/9370] Scrapping definition : Pig Latin","logger":"root","filename":"ingestion_dag.py","lineno":401}
{"timestamp":"2026-01-06T14:07:59.032383Z","level":"info","event":"[613/9370] Scrapping definition : Quest for Identity","logger":"root","filename":"ingestion_dag.py","lineno":401}
{"timestamp":"2026-01-06T14:07:59.558163Z","level":"info","event":"[614/9370] Scrapping definition : Rags to Royalty","logger":"root","filename":"ingestion_dag.py","lineno":401}
{"timestamp":"2026-01-06T14:08:00.079665Z","level":"info","event":"[615/9370] Scrapping definition : Rasputinian Death","logger":"root","filename":"ingestion_dag.py","lineno":401}
{"timestamp":"2026-01-06T14:08:00.694020Z","level":"info","event":"[616/9370] Scrapping definition : Red Headed Heroine","logger":"root","filename":"ingestion_dag.py","lineno":401}
{"timestamp":"2026-01-06T14:08:01.404230Z","level":"info","event":"[617/9370] Scrapping definition : The Renaissance Age of Animation","logger":"root","filename":"ingestion_dag.py","lineno":401}
{"timestamp":"2026-01-06T14:08:01.936148Z","level":"info","event":"[618/9370] Scrapping definition : Road Trip Romance","logger":"root","filename":"ingestion_dag.py","lineno":401}
{"timestamp":"2026-01-06T14:08:02.432927Z","level":"info","event":"[619/9370] Scrapping definition : The Roaring Twenties","logger":"root","filename":"ingestion_dag.py","lineno":401}
{"timestamp":"2026-01-06T14:08:02.933159Z","level":"info","event":"[620/9370] Scrapping definition : Rule of Symbolism","logger":"root","filename":"ingestion_dag.py","lineno":401}
{"timestamp":"2026-01-06T14:08:03.470641Z","level":"info","event":"[621/9370] Scrapping definition : Word of God","logger":"root","filename":"ingestion_dag.py","lineno":401}
{"timestamp":"2026-01-06T14:08:04.039398Z","level":"info","event":"[622/9370] Scrapping definition : Runaway Train","logger":"root","filename":"ingestion_dag.py","lineno":401}
{"timestamp":"2026-01-06T14:08:04.584592Z","level":"info","event":"[623/9370] Scrapping definition : Science Marches On","logger":"root","filename":"ingestion_dag.py","lineno":401}
{"timestamp":"2026-01-06T14:08:05.547142Z","level":"info","event":"[624/9370] Scrapping definition : She Cleans Up Nicely","logger":"root","filename":"ingestion_dag.py","lineno":401}
{"timestamp":"2026-01-06T14:08:06.168614Z","level":"info","event":"[625/9370] Scrapping definition : Shipper on Deck","logger":"root","filename":"ingestion_dag.py","lineno":401}
{"timestamp":"2026-01-06T14:08:06.733477Z","level":"info","event":"[626/9370] Scrapping definition : Slap Slap Kiss","logger":"root","filename":"ingestion_dag.py","lineno":401}
{"timestamp":"2026-01-06T14:08:07.220073Z","level":"info","event":"[627/9370] Scrapping definition : Shoo Out the Clowns","logger":"root","filename":"ingestion_dag.py","lineno":401}
{"timestamp":"2026-01-06T14:08:07.741934Z","level":"info","event":"[628/9370] Scrapping definition : Shopping Montage","logger":"root","filename":"ingestion_dag.py","lineno":401}
{"timestamp":"2026-01-06T14:08:08.261044Z","level":"info","event":"[629/9370] Scrapping definition : Shown Their Work","logger":"root","filename":"ingestion_dag.py","lineno":401}
{"timestamp":"2026-01-06T14:08:08.745144Z","level":"info","event":"[630/9370] Scrapping definition : alleged exaggerated death","logger":"root","filename":"ingestion_dag.py","lineno":401}
{"timestamp":"2026-01-06T14:08:08.968998Z","level":"info","event":"[631/9370] Scrapping definition : a great deal of work was done to otherwise display geographical and biographical accuracy","logger":"root","filename":"ingestion_dag.py","lineno":401}
{"timestamp":"2026-01-06T14:08:09.489428Z","level":"info","event":"[632/9370] Scrapping definition : actual relics of the Romanovs","logger":"root","filename":"ingestion_dag.py","lineno":401}
{"timestamp":"2026-01-06T14:08:10.010563Z","level":"info","event":"[633/9370] Scrapping definition : which was drawn by the real Anastasia","logger":"root","filename":"ingestion_dag.py","lineno":401}
{"timestamp":"2026-01-06T14:08:10.561735Z","level":"info","event":"[634/9370] Scrapping definition : Show Within a Show","logger":"root","filename":"ingestion_dag.py","lineno":401}
{"timestamp":"2026-01-06T14:08:11.131230Z","level":"info","event":"[635/9370] Scrapping definition : and Vlad's \"cream puff\"","logger":"root","filename":"ingestion_dag.py","lineno":401}
{"timestamp":"2026-01-06T14:08:11.352677Z","level":"info","event":"[636/9370] Scrapping definition : what do you mean, there's no parallelism?","logger":"root","filename":"ingestion_dag.py","lineno":401}
{"timestamp":"2026-01-06T14:08:11.840775Z","level":"info","event":"[637/9370] Scrapping definition : Sickly Green Glow","logger":"root","filename":"ingestion_dag.py","lineno":401}
{"timestamp":"2026-01-06T14:08:12.366685Z","level":"info","event":"[638/9370] Scrapping definition : Affectionate Parody","logger":"root","filename":"ingestion_dag.py","lineno":401}
{"timestamp":"2026-01-06T14:08:12.941897Z","level":"info","event":"[639/9370] Scrapping definition : Everyone Went to School Together","logger":"root","filename":"ingestion_dag.py","lineno":401}
{"timestamp":"2026-01-06T14:08:13.575752Z","level":"info","event":"[640/9370] Scrapping definition : Fake Nationality","logger":"root","filename":"ingestion_dag.py","lineno":401}
{"timestamp":"2026-01-06T14:08:14.084727Z","level":"info","event":"[641/9370] Scrapping definition : Fiction Isn't Fair","logger":"root","filename":"ingestion_dag.py","lineno":401}
{"timestamp":"2026-01-06T14:08:14.587533Z","level":"info","event":"[642/9370] Scrapping definition : Ham-to-Ham Combat","logger":"root","filename":"ingestion_dag.py","lineno":401}
{"timestamp":"2026-01-06T14:08:15.092955Z","level":"info","event":"[643/9370] Scrapping definition : Adam Sandler","logger":"root","filename":"ingestion_dag.py","lineno":401}
{"timestamp":"2026-01-06T14:08:15.602535Z","level":"info","event":"[644/9370] Scrapping definition : Jack Nicholson","logger":"root","filename":"ingestion_dag.py","lineno":401}
{"timestamp":"2026-01-06T14:08:16.115084Z","level":"info","event":"[645/9370] Scrapping definition : Have a Gay Old Time","logger":"root","filename":"ingestion_dag.py","lineno":401}
{"timestamp":"2026-01-06T14:08:16.649510Z","level":"info","event":"[646/9370] Scrapping definition : I Feel Pretty","logger":"root","filename":"ingestion_dag.py","lineno":401}
{"timestamp":"2026-01-06T14:08:17.130549Z","level":"info","event":"[647/9370] Scrapping definition : I'm Not Angry","logger":"root","filename":"ingestion_dag.py","lineno":401}
{"timestamp":"2026-01-06T14:08:17.717857Z","level":"info","event":"[648/9370] Scrapping definition : I Uh You Too","logger":"root","filename":"ingestion_dag.py","lineno":401}
{"timestamp":"2026-01-06T14:08:18.198519Z","level":"info","event":"[649/9370] Scrapping definition : Ivy League for Everyone","logger":"root","filename":"ingestion_dag.py","lineno":401}
{"timestamp":"2026-01-06T14:08:18.730784Z","level":"info","event":"[650/9370] Scrapping definition : Mistaken for Gay","logger":"root","filename":"ingestion_dag.py","lineno":401}
{"timestamp":"2026-01-06T14:08:19.252357Z","level":"info","event":"[651/9370] Scrapping definition : Mistaken for Racist","logger":"root","filename":"ingestion_dag.py","lineno":401}
{"timestamp":"2026-01-06T14:08:19.779077Z","level":"info","event":"[652/9370] Scrapping definition : Obfuscating Stupidity","logger":"root","filename":"ingestion_dag.py","lineno":401}
{"timestamp":"2026-01-06T14:08:20.270081Z","level":"info","event":"[653/9370] Scrapping definition : Shell-Shocked Veteran","logger":"root","filename":"ingestion_dag.py","lineno":401}
{"timestamp":"2026-01-06T14:08:20.808030Z","level":"info","event":"[654/9370] Scrapping definition : Teach Him Anger","logger":"root","filename":"ingestion_dag.py","lineno":401}
{"timestamp":"2026-01-06T14:08:21.295675Z","level":"info","event":"[655/9370] Scrapping definition : Transsexualism","logger":"root","filename":"ingestion_dag.py","lineno":401}
{"timestamp":"2026-01-06T14:08:22.040541Z","level":"info","event":"[656/9370] Scrapping definition : Trickster Mentor","logger":"root","filename":"ingestion_dag.py","lineno":401}
{"timestamp":"2026-01-06T14:08:22.544846Z","level":"info","event":"[657/9370] Scrapping definition : What the Hell, Hero?","logger":"root","filename":"ingestion_dag.py","lineno":401}
{"timestamp":"2026-01-06T14:08:23.132303Z","level":"info","event":"[658/9370] Scrapping definition : the bully who used to torment him in school","logger":"root","filename":"ingestion_dag.py","lineno":401}
{"timestamp":"2026-01-06T14:08:23.676972Z","level":"info","event":"[659/9370] Scrapping definition : Wouldn't Hit a Girl","logger":"root","filename":"ingestion_dag.py","lineno":401}
{"timestamp":"2026-01-06T14:08:24.301799Z","level":"info","event":"[660/9370] Scrapping definition : Affably Evil","logger":"root","filename":"ingestion_dag.py","lineno":401}
{"timestamp":"2026-01-06T14:08:24.827217Z","level":"info","event":"[661/9370] Scrapping definition : Amoral Attorney","logger":"root","filename":"ingestion_dag.py","lineno":401}
{"timestamp":"2026-01-06T14:08:25.341971Z","level":"info","event":"[662/9370] Scrapping definition : Anyone Can Die","logger":"root","filename":"ingestion_dag.py","lineno":401}
{"timestamp":"2026-01-06T14:08:25.877348Z","level":"info","event":"[663/9370] Scrapping definition : Black Comedy Burst","logger":"root","filename":"ingestion_dag.py","lineno":401}
{"timestamp":"2026-01-06T14:08:26.373550Z","level":"info","event":"[664/9370] Scrapping definition : Doesn't stop there being some utterly hilarious moments at the hands of the inept crooks though","logger":"root","filename":"ingestion_dag.py","lineno":401}
{"timestamp":"2026-01-06T14:08:26.588464Z","level":"info","event":"[665/9370] Scrapping definition : Boxed Crook","logger":"root","filename":"ingestion_dag.py","lineno":401}
{"timestamp":"2026-01-06T14:08:27.101436Z","level":"info","event":"[666/9370] Scrapping definition : Det. Norris","logger":"root","filename":"ingestion_dag.py","lineno":401}
{"timestamp":"2026-01-06T14:08:27.553828Z","level":"info","event":"[667/9370] Scrapping definition : Corrupt Cop","logger":"root","filename":"ingestion_dag.py","lineno":401}
{"timestamp":"2026-01-06T14:08:27.867656Z","level":"info","event":"[668/9370] Scrapping definition : Cowboy Cop","logger":"root","filename":"ingestion_dag.py","lineno":401}
{"timestamp":"2026-01-06T14:08:28.419459Z","level":"info","event":"[669/9370] Scrapping definition : Creator Cameo","logger":"root","filename":"ingestion_dag.py","lineno":401}
{"timestamp":"2026-01-06T14:08:28.942109Z","level":"info","event":"[670/9370] Scrapping definition : Dull Surprise","logger":"root","filename":"ingestion_dag.py","lineno":401}
{"timestamp":"2026-01-06T14:08:29.449952Z","level":"info","event":"[671/9370] Scrapping definition : Evil Matriarch","logger":"root","filename":"ingestion_dag.py","lineno":401}
{"timestamp":"2026-01-06T14:08:29.934335Z","level":"info","event":"[672/9370] Scrapping definition : Famous Last Words","logger":"root","filename":"ingestion_dag.py","lineno":401}
{"timestamp":"2026-01-06T14:08:30.462837Z","level":"info","event":"[673/9370] Scrapping definition : Feuding Families","logger":"root","filename":"ingestion_dag.py","lineno":401}
{"timestamp":"2026-01-06T14:08:30.983580Z","level":"info","event":"[674/9370] Scrapping definition : Gambit Roulette","logger":"root","filename":"ingestion_dag.py","lineno":401}
{"timestamp":"2026-01-06T14:08:31.540863Z","level":"info","event":"[675/9370] Scrapping definition : Gory Discretion Shot","logger":"root","filename":"ingestion_dag.py","lineno":401}
{"timestamp":"2026-01-06T14:08:32.063483Z","level":"info","event":"[676/9370] Scrapping definition : Grey and Gray Morality","logger":"root","filename":"ingestion_dag.py","lineno":401}
{"timestamp":"2026-01-06T14:08:32.611124Z","level":"info","event":"[677/9370] Scrapping definition : telling of the feelings he had for Nicky","logger":"root","filename":"ingestion_dag.py","lineno":401}
{"timestamp":"2026-01-06T14:08:33.085075Z","level":"info","event":"[678/9370] Scrapping definition : Ironic Nickname","logger":"root","filename":"ingestion_dag.py","lineno":401}
{"timestamp":"2026-01-06T14:08:33.586135Z","level":"info","event":"[679/9370] Scrapping definition : It's Not You, It's My Enemies","logger":"root","filename":"ingestion_dag.py","lineno":401}
{"timestamp":"2026-01-06T14:08:34.109866Z","level":"info","event":"[680/9370] Scrapping definition : Mama Bear","logger":"root","filename":"ingestion_dag.py","lineno":401}
{"timestamp":"2026-01-06T14:08:34.674083Z","level":"info","event":"[681/9370] Scrapping definition : Man Child","logger":"root","filename":"ingestion_dag.py","lineno":401}
{"timestamp":"2026-01-06T14:08:35.396702Z","level":"info","event":"[682/9370] Scrapping definition : Noodle Incident","logger":"root","filename":"ingestion_dag.py","lineno":401}
{"timestamp":"2026-01-06T14:08:35.919957Z","level":"info","event":"[683/9370] Scrapping definition : Parental Incest","logger":"root","filename":"ingestion_dag.py","lineno":401}
{"timestamp":"2026-01-06T14:08:36.491916Z","level":"info","event":"[684/9370] Scrapping definition : Police Are Useless","logger":"root","filename":"ingestion_dag.py","lineno":401}
{"timestamp":"2026-01-06T14:08:37.025452Z","level":"info","event":"[685/9370] Scrapping definition : Pre-Mortem One-Liner","logger":"root","filename":"ingestion_dag.py","lineno":401}
{"timestamp":"2026-01-06T14:08:37.562365Z","level":"info","event":"[686/9370] Scrapping definition : Ripped from the Headlines","logger":"root","filename":"ingestion_dag.py","lineno":401}
{"timestamp":"2026-01-06T14:08:38.208125Z","level":"info","event":"[687/9370] Scrapping definition : Walsh Street shootings","logger":"root","filename":"ingestion_dag.py","lineno":401}
{"timestamp":"2026-01-06T14:08:38.296914Z","level":"error","event":"Error of scraping: 403 Client Error: Forbidden for url: https://en.wikipedia.org/wiki/Walsh_Street_police_shootings","logger":"root","filename":"ingestion_dag.py","lineno":365}
{"timestamp":"2026-01-06T14:08:38.399982Z","level":"info","event":"[688/9370] Scrapping definition : Shoot Him! He Has a Wallet!","logger":"root","filename":"ingestion_dag.py","lineno":401}
{"timestamp":"2026-01-06T14:08:38.903236Z","level":"info","event":"[689/9370] Scrapping definition : Tattooed Crook","logger":"root","filename":"ingestion_dag.py","lineno":401}
{"timestamp":"2026-01-06T14:08:39.408234Z","level":"info","event":"[690/9370] Scrapping definition : X Meets Y","logger":"root","filename":"ingestion_dag.py","lineno":401}
{"timestamp":"2026-01-06T14:08:39.986500Z","level":"info","event":"[691/9370] Scrapping definition : All Women Are Prudes","logger":"root","filename":"ingestion_dag.py","lineno":401}
{"timestamp":"2026-01-06T14:08:40.471595Z","level":"info","event":"[692/9370] Scrapping definition : And Starring","logger":"root","filename":"ingestion_dag.py","lineno":401}
{"timestamp":"2026-01-06T14:08:40.969128Z","level":"info","event":"[693/9370] Scrapping definition : Black Sheep","logger":"root","filename":"ingestion_dag.py","lineno":401}
{"timestamp":"2026-01-06T14:08:41.455515Z","level":"info","event":"[694/9370] Scrapping definition : Bottle Fairy","logger":"root","filename":"ingestion_dag.py","lineno":401}
{"timestamp":"2026-01-06T14:08:41.836466Z","level":"info","event":"DDefinition not found for https://tropedia.fandom.com/wiki/Bottle_Fairy","logger":"root","filename":"ingestion_dag.py","lineno":363}
{"timestamp":"2026-01-06T14:08:41.937771Z","level":"info","event":"[695/9370] Scrapping definition : Christmas Cake","logger":"root","filename":"ingestion_dag.py","lineno":401}
{"timestamp":"2026-01-06T14:08:42.450408Z","level":"info","event":"[696/9370] Scrapping definition : Cool Old Lady","logger":"root","filename":"ingestion_dag.py","lineno":401}
{"timestamp":"2026-01-06T14:08:42.949363Z","level":"info","event":"[697/9370] Scrapping definition : Expospeak Gag","logger":"root","filename":"ingestion_dag.py","lineno":401}
{"timestamp":"2026-01-06T14:08:43.455184Z","level":"info","event":"[698/9370] Scrapping definition : Foil","logger":"root","filename":"ingestion_dag.py","lineno":401}
{"timestamp":"2026-01-06T14:08:44.005960Z","level":"info","event":"[699/9370] Scrapping definition : Happily Married","logger":"root","filename":"ingestion_dag.py","lineno":401}
{"timestamp":"2026-01-06T14:08:44.539927Z","level":"info","event":"[700/9370] Scrapping definition : The Quiet One","logger":"root","filename":"ingestion_dag.py","lineno":401}
{"timestamp":"2026-01-06T14:08:45.101378Z","level":"info","event":"[701/9370] Scrapping definition : Slice of Life","logger":"root","filename":"ingestion_dag.py","lineno":401}
{"timestamp":"2026-01-06T14:08:45.560669Z","level":"info","event":"[702/9370] Scrapping definition : Better Living Through Evil","logger":"root","filename":"ingestion_dag.py","lineno":401}
{"timestamp":"2026-01-06T14:08:46.116777Z","level":"info","event":"[703/9370] Scrapping definition : Bungled Suicide","logger":"root","filename":"ingestion_dag.py","lineno":401}
{"timestamp":"2026-01-06T14:08:46.622831Z","level":"info","event":"[704/9370] Scrapping definition : Catch Your Death of Cold","logger":"root","filename":"ingestion_dag.py","lineno":401}
{"timestamp":"2026-01-06T14:08:47.098069Z","level":"info","event":"[705/9370] Scrapping definition : Corrupt Corporate Executive","logger":"root","filename":"ingestion_dag.py","lineno":401}
{"timestamp":"2026-01-06T14:08:47.727255Z","level":"info","event":"[706/9370] Scrapping definition : Did I Mention It's Christmas?","logger":"root","filename":"ingestion_dag.py","lineno":401}
{"timestamp":"2026-01-06T14:08:48.221202Z","level":"info","event":"[707/9370] Scrapping definition : Dogged Nice Guy","logger":"root","filename":"ingestion_dag.py","lineno":401}
{"timestamp":"2026-01-06T14:08:48.725624Z","level":"info","event":"[708/9370] Scrapping definition : Drowning My Sorrows","logger":"root","filename":"ingestion_dag.py","lineno":401}
{"timestamp":"2026-01-06T14:08:49.208741Z","level":"info","event":"[709/9370] Scrapping definition : Especially Zoidberg","logger":"root","filename":"ingestion_dag.py","lineno":401}
{"timestamp":"2026-01-06T14:08:49.737944Z","level":"info","event":"[710/9370] Scrapping definition : Marlon Brando","logger":"root","filename":"ingestion_dag.py","lineno":401}
{"timestamp":"2026-01-06T14:08:50.244259Z","level":"info","event":"[711/9370] Scrapping definition : Typhoon Olga","logger":"root","filename":"ingestion_dag.py","lineno":401}
{"timestamp":"2026-01-06T14:08:50.319346Z","level":"error","event":"Error of scraping: 403 Client Error: Forbidden for url: https://en.wikipedia.org/wiki/1976_Pacific_typhoon_season#Typhoon_Olga_.28Didang.29","logger":"root","filename":"ingestion_dag.py","lineno":365}
{"timestamp":"2026-01-06T14:08:50.420679Z","level":"info","event":"[712/9370] Scrapping definition : Laurence Fishburne","logger":"root","filename":"ingestion_dag.py","lineno":401}
{"timestamp":"2026-01-06T14:08:50.955395Z","level":"info","event":"[713/9370] Scrapping definition : Ben Affleck","logger":"root","filename":"ingestion_dag.py","lineno":401}
{"timestamp":"2026-01-06T14:08:51.430179Z","level":"info","event":"[714/9370] Scrapping definition : Argo (short story)","logger":"root","filename":"ingestion_dag.py","lineno":401}
{"timestamp":"2026-01-06T14:08:51.909547Z","level":"info","event":"[715/9370] Scrapping definition : AKA-47","logger":"root","filename":"ingestion_dag.py","lineno":401}
{"timestamp":"2026-01-06T14:08:52.427184Z","level":"info","event":"[716/9370] Scrapping definition : Avengers Assemble","logger":"root","filename":"ingestion_dag.py","lineno":401}
{"timestamp":"2026-01-06T14:08:52.923032Z","level":"info","event":"[717/9370] Scrapping definition : Exposition","logger":"root","filename":"ingestion_dag.py","lineno":401}
{"timestamp":"2026-01-06T14:08:53.638417Z","level":"info","event":"[718/9370] Scrapping definition : world's best drilling team","logger":"root","filename":"ingestion_dag.py","lineno":401}
{"timestamp":"2026-01-06T14:08:54.142423Z","level":"info","event":"[719/9370] Scrapping definition : his six best men","logger":"root","filename":"ingestion_dag.py","lineno":401}
{"timestamp":"2026-01-06T14:08:54.625721Z","level":"info","event":"[720/9370] Scrapping definition : sacrificial lambs","logger":"root","filename":"ingestion_dag.py","lineno":401}
{"timestamp":"2026-01-06T14:08:55.110768Z","level":"info","event":"[721/9370] Scrapping definition : they scatter","logger":"root","filename":"ingestion_dag.py","lineno":401}
{"timestamp":"2026-01-06T14:08:55.622721Z","level":"info","event":"[722/9370] Scrapping definition : The Beatles","logger":"root","filename":"ingestion_dag.py","lineno":401}
{"timestamp":"2026-01-06T14:08:56.882074Z","level":"info","event":"[723/9370] Scrapping definition : Come together, right now!","logger":"root","filename":"ingestion_dag.py","lineno":401}
{"timestamp":"2026-01-06T14:08:57.204341Z","level":"info","event":"DDefinition not found for http://www.youtube.com/watch?v=MnvZP8LTO8c","logger":"root","filename":"ingestion_dag.py","lineno":363}
{"timestamp":"2026-01-06T14:08:57.307592Z","level":"info","event":"[724/9370] Scrapping definition : Aerosmith.","logger":"root","filename":"ingestion_dag.py","lineno":401}
{"timestamp":"2026-01-06T14:08:58.432216Z","level":"info","event":"DDefinition not found for http://www.youtube.com/watch?v=nDtoZ8M3Q50","logger":"root","filename":"ingestion_dag.py","lineno":363}
{"timestamp":"2026-01-06T14:08:58.534223Z","level":"info","event":"[725/9370] Scrapping definition : that one","logger":"root","filename":"ingestion_dag.py","lineno":401}
{"timestamp":"2026-01-06T14:08:59.006160Z","level":"info","event":"[726/9370] Scrapping definition : this one","logger":"root","filename":"ingestion_dag.py","lineno":401}
{"timestamp":"2026-01-06T14:08:59.081457Z","level":"error","event":"Error of scraping: 403 Client Error: Forbidden for url: https://en.wikipedia.org/wiki/The_Patriot_chr(28)1928_filmchr(29)","logger":"root","filename":"ingestion_dag.py","lineno":365}
{"timestamp":"2026-01-06T14:08:59.182682Z","level":"info","event":"[727/9370] Scrapping definition : Alan Smithee","logger":"root","filename":"ingestion_dag.py","lineno":401}
{"timestamp":"2026-01-06T14:08:59.727610Z","level":"info","event":"[728/9370] Scrapping definition : Easter Eggs","logger":"root","filename":"ingestion_dag.py","lineno":401}
{"timestamp":"2026-01-06T14:09:00.371639Z","level":"info","event":"[729/9370] Scrapping definition : Official Couple","logger":"root","filename":"ingestion_dag.py","lineno":401}
{"timestamp":"2026-01-06T14:09:00.902622Z","level":"info","event":"[730/9370] Scrapping definition : No Hugging, No Kissing","logger":"root","filename":"ingestion_dag.py","lineno":401}
{"timestamp":"2026-01-06T14:09:01.449571Z","level":"info","event":"[731/9370] Scrapping definition : Artistic License Physics","logger":"root","filename":"ingestion_dag.py","lineno":401}
{"timestamp":"2026-01-06T14:09:02.014816Z","level":"info","event":"[732/9370] Scrapping definition : Ascended Fangirl","logger":"root","filename":"ingestion_dag.py","lineno":401}
{"timestamp":"2026-01-06T14:09:02.713523Z","level":"info","event":"[733/9370] Scrapping definition : In-Universe","logger":"root","filename":"ingestion_dag.py","lineno":401}
{"timestamp":"2026-01-06T14:09:03.183564Z","level":"info","event":"[734/9370] Scrapping definition : Aspect Ratio","logger":"root","filename":"ingestion_dag.py","lineno":401}
{"timestamp":"2026-01-06T14:09:03.681087Z","level":"info","event":"[735/9370] Scrapping definition : Ate His Gun","logger":"root","filename":"ingestion_dag.py","lineno":401}
{"timestamp":"2026-01-06T14:09:04.170583Z","level":"info","event":"[736/9370] Scrapping definition : Attention Whore","logger":"root","filename":"ingestion_dag.py","lineno":401}
{"timestamp":"2026-01-06T14:09:04.914422Z","level":"info","event":"[737/9370] Scrapping definition : Awful Wedded Life","logger":"root","filename":"ingestion_dag.py","lineno":401}
{"timestamp":"2026-01-06T14:09:05.497245Z","level":"info","event":"[738/9370] Scrapping definition : Beauty Mark","logger":"root","filename":"ingestion_dag.py","lineno":401}
{"timestamp":"2026-01-06T14:09:05.987244Z","level":"info","event":"[739/9370] Scrapping definition : Benevolent Boss","logger":"root","filename":"ingestion_dag.py","lineno":401}
{"timestamp":"2026-01-06T14:09:06.493403Z","level":"info","event":"[740/9370] Scrapping definition : Box Office Bomb","logger":"root","filename":"ingestion_dag.py","lineno":401}
{"timestamp":"2026-01-06T14:09:06.946293Z","level":"info","event":"[741/9370] Scrapping definition : Canine Companion","logger":"root","filename":"ingestion_dag.py","lineno":401}
{"timestamp":"2026-01-06T14:09:07.438068Z","level":"info","event":"[742/9370] Scrapping definition : Career Resurrection","logger":"root","filename":"ingestion_dag.py","lineno":401}
{"timestamp":"2026-01-06T14:09:08.439704Z","level":"info","event":"[743/9370] Scrapping definition : Chekhov's Skill","logger":"root","filename":"ingestion_dag.py","lineno":401}
{"timestamp":"2026-01-06T14:09:08.979984Z","level":"info","event":"[744/9370] Scrapping definition : Couldn't Find a Pen","logger":"root","filename":"ingestion_dag.py","lineno":401}
{"timestamp":"2026-01-06T14:09:09.485114Z","level":"info","event":"[745/9370] Scrapping definition : Corpsing","logger":"root","filename":"ingestion_dag.py","lineno":401}
{"timestamp":"2026-01-06T14:09:10.026648Z","level":"info","event":"[746/9370] Scrapping definition : Creator Killer","logger":"root","filename":"ingestion_dag.py","lineno":401}
{"timestamp":"2026-01-06T14:09:10.515203Z","level":"info","event":"[747/9370] Scrapping definition : Epic Fail","logger":"root","filename":"ingestion_dag.py","lineno":401}
{"timestamp":"2026-01-06T14:09:11.101338Z","level":"info","event":"[748/9370] Scrapping definition : Cruel to Be Kind","logger":"root","filename":"ingestion_dag.py","lineno":401}
{"timestamp":"2026-01-06T14:09:11.707416Z","level":"info","event":"[749/9370] Scrapping definition : \"A German Affair\"","logger":"root","filename":"ingestion_dag.py","lineno":401}
{"timestamp":"2026-01-06T14:09:12.437956Z","level":"info","event":"[750/9370] Scrapping definition : Dartboard of Hate","logger":"root","filename":"ingestion_dag.py","lineno":401}
{"timestamp":"2026-01-06T14:09:12.943146Z","level":"info","event":"[751/9370] Scrapping definition : Domino Mask","logger":"root","filename":"ingestion_dag.py","lineno":401}
{"timestamp":"2026-01-06T14:09:13.437380Z","level":"info","event":"[752/9370] Scrapping definition : Film Within a Film","logger":"root","filename":"ingestion_dag.py","lineno":401}
{"timestamp":"2026-01-06T14:09:13.689543Z","level":"info","event":"[753/9370] Scrapping definition : George's character sinking into quicksand","logger":"root","filename":"ingestion_dag.py","lineno":401}
{"timestamp":"2026-01-06T14:09:14.221989Z","level":"info","event":"[754/9370] Scrapping definition : Drives Like Crazy","logger":"root","filename":"ingestion_dag.py","lineno":401}
{"timestamp":"2026-01-06T14:09:14.866740Z","level":"info","event":"[755/9370] Scrapping definition : Dutch Angle","logger":"root","filename":"ingestion_dag.py","lineno":401}
{"timestamp":"2026-01-06T14:09:15.341890Z","level":"info","event":"[756/9370] Scrapping definition : Electric Torture","logger":"root","filename":"ingestion_dag.py","lineno":401}
{"timestamp":"2026-01-06T14:09:15.819132Z","level":"info","event":"[757/9370] Scrapping definition : Torture Technician","logger":"root","filename":"ingestion_dag.py","lineno":401}
{"timestamp":"2026-01-06T14:09:16.349612Z","level":"info","event":"[758/9370] Scrapping definition : Mad Scientist","logger":"root","filename":"ingestion_dag.py","lineno":401}
{"timestamp":"2026-01-06T14:09:16.937093Z","level":"info","event":"[759/9370] Scrapping definition : End of an Age","logger":"root","filename":"ingestion_dag.py","lineno":401}
{"timestamp":"2026-01-06T14:09:17.521753Z","level":"info","event":"[760/9370] Scrapping definition : Environmental Symbolism","logger":"root","filename":"ingestion_dag.py","lineno":401}
{"timestamp":"2026-01-06T14:09:18.082742Z","level":"info","event":"[761/9370] Scrapping definition : \"I Know What We Can Do!\" Cut","logger":"root","filename":"ingestion_dag.py","lineno":401}
{"timestamp":"2026-01-06T14:09:18.589826Z","level":"info","event":"[762/9370] Scrapping definition : Fake American","logger":"root","filename":"ingestion_dag.py","lineno":401}
{"timestamp":"2026-01-06T14:09:19.111718Z","level":"info","event":"[763/9370] Scrapping definition : Fake Kill Scare","logger":"root","filename":"ingestion_dag.py","lineno":401}
{"timestamp":"2026-01-06T14:09:19.650275Z","level":"info","event":"[764/9370] Scrapping definition : Fascinating Eyebrow","logger":"root","filename":"ingestion_dag.py","lineno":401}
{"timestamp":"2026-01-06T14:09:20.248789Z","level":"info","event":"[765/9370] Scrapping definition : The Flapper","logger":"root","filename":"ingestion_dag.py","lineno":401}
{"timestamp":"2026-01-06T14:09:20.759553Z","level":"info","event":"[766/9370] Scrapping definition : Flipping the Bird","logger":"root","filename":"ingestion_dag.py","lineno":401}
{"timestamp":"2026-01-06T14:09:21.406575Z","level":"info","event":"[767/9370] Scrapping definition : name","logger":"root","filename":"ingestion_dag.py","lineno":401}
{"timestamp":"2026-01-06T14:09:21.613071Z","level":"info","event":"[768/9370] Scrapping definition : George Lucas Throwback","logger":"root","filename":"ingestion_dag.py","lineno":401}
{"timestamp":"2026-01-06T14:09:22.104533Z","level":"info","event":"[769/9370] Scrapping definition : Melodrama","logger":"root","filename":"ingestion_dag.py","lineno":401}
{"timestamp":"2026-01-06T14:09:22.575931Z","level":"info","event":"[770/9370] Scrapping definition : Gone Horribly Right","logger":"root","filename":"ingestion_dag.py","lineno":401}
{"timestamp":"2026-01-06T14:09:23.089096Z","level":"info","event":"[771/9370] Scrapping definition : Gray Rain of Depression","logger":"root","filename":"ingestion_dag.py","lineno":401}
{"timestamp":"2026-01-06T14:09:23.591839Z","level":"info","event":"[772/9370] Scrapping definition : Grumpy Bear","logger":"root","filename":"ingestion_dag.py","lineno":401}
{"timestamp":"2026-01-06T14:09:24.112442Z","level":"info","event":"[773/9370] Scrapping definition : Hands-On Approach","logger":"root","filename":"ingestion_dag.py","lineno":401}
{"timestamp":"2026-01-06T14:09:24.655967Z","level":"info","event":"[774/9370] Scrapping definition : Happily-Failed Suicide","logger":"root","filename":"ingestion_dag.py","lineno":401}
{"timestamp":"2026-01-06T14:09:25.158644Z","level":"info","event":"[775/9370] Scrapping definition : Heroic Dog","logger":"root","filename":"ingestion_dag.py","lineno":401}
{"timestamp":"2026-01-06T14:09:25.660688Z","level":"info","event":"[776/9370] Scrapping definition : Timmy in a Well","logger":"root","filename":"ingestion_dag.py","lineno":401}
{"timestamp":"2026-01-06T14:09:26.199264Z","level":"info","event":"[777/9370] Scrapping definition : Hoist by His Own Petard","logger":"root","filename":"ingestion_dag.py","lineno":401}
{"timestamp":"2026-01-06T14:09:26.727923Z","level":"info","event":"[778/9370] Scrapping definition : Hollywood California","logger":"root","filename":"ingestion_dag.py","lineno":401}
{"timestamp":"2026-01-06T14:09:27.220122Z","level":"info","event":"[779/9370] Scrapping definition : Hypercompetent Sidekick","logger":"root","filename":"ingestion_dag.py","lineno":401}
{"timestamp":"2026-01-06T14:09:27.795619Z","level":"info","event":"[780/9370] Scrapping definition : Iris Out","logger":"root","filename":"ingestion_dag.py","lineno":401}
{"timestamp":"2026-01-06T14:09:28.272049Z","level":"info","event":"[781/9370] Scrapping definition : It's All Junk","logger":"root","filename":"ingestion_dag.py","lineno":401}
{"timestamp":"2026-01-06T14:09:28.757901Z","level":"info","event":"[782/9370] Scrapping definition : It Will Never Catch On","logger":"root","filename":"ingestion_dag.py","lineno":401}
{"timestamp":"2026-01-06T14:09:29.257834Z","level":"info","event":"[783/9370] Scrapping definition : Jump Scare","logger":"root","filename":"ingestion_dag.py","lineno":401}
{"timestamp":"2026-01-06T14:09:29.709645Z","level":"info","event":"[784/9370] Scrapping definition : Large and In Charge","logger":"root","filename":"ingestion_dag.py","lineno":401}
{"timestamp":"2026-01-06T14:09:30.218508Z","level":"info","event":"[785/9370] Scrapping definition : hamming it up to a painful extent","logger":"root","filename":"ingestion_dag.py","lineno":401}
{"timestamp":"2026-01-06T14:09:30.748644Z","level":"info","event":"[786/9370] Scrapping definition : Laughing Mad","logger":"root","filename":"ingestion_dag.py","lineno":401}
{"timestamp":"2026-01-06T14:09:31.204700Z","level":"info","event":"[787/9370] Scrapping definition : Leaning on the Fourth Wall","logger":"root","filename":"ingestion_dag.py","lineno":401}
{"timestamp":"2026-01-06T14:09:31.748189Z","level":"info","event":"[788/9370] Scrapping definition : Living Shadow","logger":"root","filename":"ingestion_dag.py","lineno":401}
{"timestamp":"2026-01-06T14:09:32.255934Z","level":"info","event":"[789/9370] Scrapping definition : Pink Elephants","logger":"root","filename":"ingestion_dag.py","lineno":401}
{"timestamp":"2026-01-06T14:09:32.764332Z","level":"info","event":"[790/9370] Scrapping definition : Meaningful Background Event","logger":"root","filename":"ingestion_dag.py","lineno":401}
{"timestamp":"2026-01-06T14:09:33.238341Z","level":"info","event":"[791/9370] Scrapping definition : Meet Cute","logger":"root","filename":"ingestion_dag.py","lineno":401}
{"timestamp":"2026-01-06T14:09:33.733514Z","level":"info","event":"[792/9370] Scrapping definition : Medium Awareness","logger":"root","filename":"ingestion_dag.py","lineno":401}
{"timestamp":"2026-01-06T14:09:34.304516Z","level":"info","event":"[793/9370] Scrapping definition : Mirror Monologue","logger":"root","filename":"ingestion_dag.py","lineno":401}
{"timestamp":"2026-01-06T14:09:34.836531Z","level":"info","event":"[794/9370] Scrapping definition : My God, You Are Serious","logger":"root","filename":"ingestion_dag.py","lineno":401}
{"timestamp":"2026-01-06T14:09:35.326772Z","level":"info","event":"[795/9370] Scrapping definition : No Antagonist","logger":"root","filename":"ingestion_dag.py","lineno":401}
{"timestamp":"2026-01-06T14:09:35.906118Z","level":"info","event":"[796/9370] Scrapping definition : No Hero to His Valet","logger":"root","filename":"ingestion_dag.py","lineno":401}
{"timestamp":"2026-01-06T14:09:36.517042Z","level":"info","event":"[797/9370] Scrapping definition : No Name Given","logger":"root","filename":"ingestion_dag.py","lineno":401}
{"timestamp":"2026-01-06T14:09:37.076991Z","level":"info","event":"[798/9370] Scrapping definition : Offscreen Moment of Awesome","logger":"root","filename":"ingestion_dag.py","lineno":401}
{"timestamp":"2026-01-06T14:09:37.583646Z","level":"info","event":"[799/9370] Scrapping definition : Old Retainer","logger":"root","filename":"ingestion_dag.py","lineno":401}
{"timestamp":"2026-01-06T14:09:38.127876Z","level":"info","event":"[800/9370] Scrapping definition : Porn Stache","logger":"root","filename":"ingestion_dag.py","lineno":401}
{"timestamp":"2026-01-06T14:09:38.618066Z","level":"info","event":"[801/9370] Scrapping definition : Post Modern","logger":"root","filename":"ingestion_dag.py","lineno":401}
{"timestamp":"2026-01-06T14:09:39.308536Z","level":"info","event":"[802/9370] Scrapping definition : Precision F-Strike","logger":"root","filename":"ingestion_dag.py","lineno":401}
{"timestamp":"2026-01-06T14:09:39.786638Z","level":"info","event":"[803/9370] Scrapping definition : the finger","logger":"root","filename":"ingestion_dag.py","lineno":401}
{"timestamp":"2026-01-06T14:09:40.289277Z","level":"info","event":"[804/9370] Scrapping definition : quite behave","logger":"root","filename":"ingestion_dag.py","lineno":401}
{"timestamp":"2026-01-06T14:09:40.795473Z","level":"info","event":"[805/9370] Scrapping definition : Pride","logger":"root","filename":"ingestion_dag.py","lineno":401}
{"timestamp":"2026-01-06T14:09:41.290412Z","level":"info","event":"[806/9370] Scrapping definition : Quicksand Sucks","logger":"root","filename":"ingestion_dag.py","lineno":401}
{"timestamp":"2026-01-06T14:09:41.811051Z","level":"info","event":"[807/9370] Scrapping definition : Last Grasp At Life","logger":"root","filename":"ingestion_dag.py","lineno":401}
{"timestamp":"2026-01-06T14:09:42.346036Z","level":"info","event":"[808/9370] Scrapping definition : Rage Against the Reflection","logger":"root","filename":"ingestion_dag.py","lineno":401}
{"timestamp":"2026-01-06T14:09:42.926083Z","level":"info","event":"[809/9370] Scrapping definition : Reality Subtext","logger":"root","filename":"ingestion_dag.py","lineno":401}
{"timestamp":"2026-01-06T14:09:43.138926Z","level":"info","event":"[810/9370] Scrapping definition : Retraux","logger":"root","filename":"ingestion_dag.py","lineno":401}
{"timestamp":"2026-01-06T14:09:43.956033Z","level":"info","event":"[811/9370] Scrapping definition : The Great Depression","logger":"root","filename":"ingestion_dag.py","lineno":401}
{"timestamp":"2026-01-06T14:09:44.445932Z","level":"info","event":"[812/9370] Scrapping definition : Rule of Cute","logger":"root","filename":"ingestion_dag.py","lineno":401}
{"timestamp":"2026-01-06T14:09:45.155763Z","level":"info","event":"[813/9370] Scrapping definition : Running Gag","logger":"root","filename":"ingestion_dag.py","lineno":401}
{"timestamp":"2026-01-06T14:09:45.739216Z","level":"info","event":"[814/9370] Scrapping definition : Silence Is Golden","logger":"root","filename":"ingestion_dag.py","lineno":401}
{"timestamp":"2026-01-06T14:09:46.234373Z","level":"info","event":"[815/9370] Scrapping definition : Spell My Name with an \"S\"","logger":"root","filename":"ingestion_dag.py","lineno":401}
{"timestamp":"2026-01-06T14:09:46.909544Z","level":"info","event":"[816/9370] Scrapping definition : Spinning Paper","logger":"root","filename":"ingestion_dag.py","lineno":401}
{"timestamp":"2026-01-06T14:09:47.421465Z","level":"info","event":"[817/9370] Scrapping definition : Suddenly Voiced","logger":"root","filename":"ingestion_dag.py","lineno":401}
{"timestamp":"2026-01-06T14:09:47.967219Z","level":"info","event":"[818/9370] Scrapping definition : Take That","logger":"root","filename":"ingestion_dag.py","lineno":401}
{"timestamp":"2026-01-06T14:09:48.546504Z","level":"info","event":"[819/9370] Scrapping definition : Trash the Set","logger":"root","filename":"ingestion_dag.py","lineno":401}
{"timestamp":"2026-01-06T14:09:49.098338Z","level":"info","event":"[820/9370] Scrapping definition : destroying his projector and film collection","logger":"root","filename":"ingestion_dag.py","lineno":401}
{"timestamp":"2026-01-06T14:09:49.345141Z","level":"info","event":"[821/9370] Scrapping definition : When She Smiles","logger":"root","filename":"ingestion_dag.py","lineno":401}
{"timestamp":"2026-01-06T14:09:49.863344Z","level":"info","event":"[822/9370] Scrapping definition : Invoked Trope","logger":"root","filename":"ingestion_dag.py","lineno":401}
{"timestamp":"2026-01-06T14:09:50.324619Z","level":"info","event":"[823/9370] Scrapping definition : White Dwarf Starlet","logger":"root","filename":"ingestion_dag.py","lineno":401}
{"timestamp":"2026-01-06T14:09:50.833917Z","level":"info","event":"[824/9370] Scrapping definition : Whole-Plot Reference","logger":"root","filename":"ingestion_dag.py","lineno":401}
{"timestamp":"2026-01-06T14:09:51.352881Z","level":"info","event":"[825/9370] Scrapping definition : Wipe","logger":"root","filename":"ingestion_dag.py","lineno":401}
{"timestamp":"2026-01-06T14:09:51.828236Z","level":"info","event":"[826/9370] Scrapping definition : Women Drivers","logger":"root","filename":"ingestion_dag.py","lineno":401}
{"timestamp":"2026-01-06T14:09:52.356883Z","level":"info","event":"[827/9370] Scrapping definition : higher being","logger":"root","filename":"ingestion_dag.py","lineno":401}
{"timestamp":"2026-01-06T14:09:52.867087Z","level":"info","event":"[828/9370] Scrapping definition : Digital Avatar","logger":"root","filename":"ingestion_dag.py","lineno":401}
{"timestamp":"2026-01-06T14:09:53.553604Z","level":"info","event":"[829/9370] Scrapping definition : Player Character","logger":"root","filename":"ingestion_dag.py","lineno":401}
{"timestamp":"2026-01-06T14:09:54.049753Z","level":"info","event":"[830/9370] Scrapping definition : Cyberpunk","logger":"root","filename":"ingestion_dag.py","lineno":401}
{"timestamp":"2026-01-06T14:09:54.662550Z","level":"info","event":"[831/9370] Scrapping definition : Snow Crash","logger":"root","filename":"ingestion_dag.py","lineno":401}
{"timestamp":"2026-01-06T14:09:55.137166Z","level":"info","event":"[832/9370] Scrapping definition : God in Human Form","logger":"root","filename":"ingestion_dag.py","lineno":401}
{"timestamp":"2026-01-06T14:09:55.662136Z","level":"info","event":"[833/9370] Scrapping definition : A Form You Are Comfortable With","logger":"root","filename":"ingestion_dag.py","lineno":401}
{"timestamp":"2026-01-06T14:09:56.177510Z","level":"info","event":"[834/9370] Scrapping definition : Trope Namer","logger":"root","filename":"ingestion_dag.py","lineno":401}
{"timestamp":"2026-01-06T14:09:56.682461Z","level":"info","event":"[835/9370] Scrapping definition : Fighting a Shadow","logger":"root","filename":"ingestion_dag.py","lineno":401}
{"timestamp":"2026-01-06T14:09:57.165224Z","level":"info","event":"[836/9370] Scrapping definition : American Accents","logger":"root","filename":"ingestion_dag.py","lineno":401}
{"timestamp":"2026-01-06T14:09:57.851724Z","level":"info","event":"[837/9370] Scrapping definition : Leonardo DiCaprio","logger":"root","filename":"ingestion_dag.py","lineno":401}
{"timestamp":"2026-01-06T14:09:58.334200Z","level":"info","event":"[838/9370] Scrapping definition : Cate Blanchett","logger":"root","filename":"ingestion_dag.py","lineno":401}
{"timestamp":"2026-01-06T14:09:58.973558Z","level":"info","event":"[839/9370] Scrapping definition : Katharine Hepburn","logger":"root","filename":"ingestion_dag.py","lineno":401}
{"timestamp":"2026-01-06T14:09:59.465075Z","level":"info","event":"[840/9370] Scrapping definition : \"Bryn Mawr\"","logger":"root","filename":"ingestion_dag.py","lineno":401}
{"timestamp":"2026-01-06T14:10:00.059258Z","level":"info","event":"[841/9370] Scrapping definition : Badass Mustache","logger":"root","filename":"ingestion_dag.py","lineno":401}
{"timestamp":"2026-01-06T14:10:00.555055Z","level":"info","event":"[842/9370] Scrapping definition : Errol Flynn","logger":"root","filename":"ingestion_dag.py","lineno":401}
{"timestamp":"2026-01-06T14:10:01.086035Z","level":"info","event":"[843/9370] Scrapping definition : Buxom Is Better","logger":"root","filename":"ingestion_dag.py","lineno":401}
{"timestamp":"2026-01-06T14:10:01.586174Z","level":"info","event":"[844/9370] Scrapping definition : MPAA","logger":"root","filename":"ingestion_dag.py","lineno":401}
{"timestamp":"2026-01-06T14:10:02.053272Z","level":"info","event":"[845/9370] Scrapping definition : Abuse Is Okay When Its Female On Male","logger":"root","filename":"ingestion_dag.py","lineno":401}
{"timestamp":"2026-01-06T14:10:02.885170Z","level":"info","event":"[846/9370] Scrapping definition : Fanservice","logger":"root","filename":"ingestion_dag.py","lineno":401}
{"timestamp":"2026-01-06T14:10:03.575715Z","level":"info","event":"[847/9370] Scrapping definition : Good Girls Avoid Abortion","logger":"root","filename":"ingestion_dag.py","lineno":401}
{"timestamp":"2026-01-06T14:10:04.114750Z","level":"info","event":"[848/9370] Scrapping definition : Immodest Orgasm","logger":"root","filename":"ingestion_dag.py","lineno":401}
{"timestamp":"2026-01-06T14:10:04.816074Z","level":"info","event":"[849/9370] Scrapping definition : Kick the Dog","logger":"root","filename":"ingestion_dag.py","lineno":401}
{"timestamp":"2026-01-06T14:10:05.317668Z","level":"info","event":"[850/9370] Scrapping definition : N-Word Privileges","logger":"root","filename":"ingestion_dag.py","lineno":401}
{"timestamp":"2026-01-06T14:10:05.823143Z","level":"info","event":"[851/9370] Scrapping definition : Playing Against Type","logger":"root","filename":"ingestion_dag.py","lineno":401}
{"timestamp":"2026-01-06T14:10:06.298700Z","level":"info","event":"[852/9370] Scrapping definition : Rape as Drama","logger":"root","filename":"ingestion_dag.py","lineno":401}
{"timestamp":"2026-01-06T14:10:06.769542Z","level":"info","event":"[853/9370] Scrapping definition : Scary Black Man","logger":"root","filename":"ingestion_dag.py","lineno":401}
{"timestamp":"2026-01-06T14:10:07.267380Z","level":"info","event":"[854/9370] Scrapping definition : Ving Rhames","logger":"root","filename":"ingestion_dag.py","lineno":401}
{"timestamp":"2026-01-06T14:10:07.747073Z","level":"info","event":"[855/9370] Scrapping definition : Wall-Bang Her","logger":"root","filename":"ingestion_dag.py","lineno":401}
{"timestamp":"2026-01-06T14:10:08.365146Z","level":"info","event":"[856/9370] Scrapping definition : Your Cheating Heart","logger":"root","filename":"ingestion_dag.py","lineno":401}
{"timestamp":"2026-01-06T14:10:08.873653Z","level":"info","event":"[857/9370] Scrapping definition : Yeah, that makes a lot difference","logger":"root","filename":"ingestion_dag.py","lineno":401}
{"timestamp":"2026-01-06T14:10:09.351819Z","level":"info","event":"[858/9370] Scrapping definition : Accidental Innuendo","logger":"root","filename":"ingestion_dag.py","lineno":401}
{"timestamp":"2026-01-06T14:10:09.931741Z","level":"info","event":"[859/9370] Scrapping definition : already deceased","logger":"root","filename":"ingestion_dag.py","lineno":401}
{"timestamp":"2026-01-06T14:10:10.444421Z","level":"info","event":"[860/9370] Scrapping definition : From heroin.","logger":"root","filename":"ingestion_dag.py","lineno":401}
{"timestamp":"2026-01-06T14:10:10.688523Z","level":"info","event":"[861/9370] Scrapping definition : played the titular role in","logger":"root","filename":"ingestion_dag.py","lineno":401}
{"timestamp":"2026-01-06T14:10:11.236582Z","level":"info","event":"[862/9370] Scrapping definition : Hookers and Blow","logger":"root","filename":"ingestion_dag.py","lineno":401}
{"timestamp":"2026-01-06T14:10:11.745784Z","level":"info","event":"[863/9370] Scrapping definition : Karma Houdini","logger":"root","filename":"ingestion_dag.py","lineno":401}
{"timestamp":"2026-01-06T14:10:12.232419Z","level":"info","event":"[864/9370] Scrapping definition : Leave the Camera Running","logger":"root","filename":"ingestion_dag.py","lineno":401}
{"timestamp":"2026-01-06T14:10:12.725359Z","level":"info","event":"[865/9370] Scrapping definition : Male Frontal Nudity","logger":"root","filename":"ingestion_dag.py","lineno":401}
{"timestamp":"2026-01-06T14:10:13.190137Z","level":"info","event":"[866/9370] Scrapping definition : Manly Tears","logger":"root","filename":"ingestion_dag.py","lineno":401}
{"timestamp":"2026-01-06T14:10:13.773372Z","level":"info","event":"[867/9370] Scrapping definition : Redemption Equals Death","logger":"root","filename":"ingestion_dag.py","lineno":401}
{"timestamp":"2026-01-06T14:10:14.302045Z","level":"info","event":"[868/9370] Scrapping definition : Cool Pet","logger":"root","filename":"ingestion_dag.py","lineno":401}
{"timestamp":"2026-01-06T14:10:14.796990Z","level":"info","event":"[869/9370] Scrapping definition : Death by Sex","logger":"root","filename":"ingestion_dag.py","lineno":401}
{"timestamp":"2026-01-06T14:10:15.283909Z","level":"info","event":"[870/9370] Scrapping definition : Destination Defenestration","logger":"root","filename":"ingestion_dag.py","lineno":401}
{"timestamp":"2026-01-06T14:10:15.785549Z","level":"info","event":"[871/9370] Scrapping definition : Diary","logger":"root","filename":"ingestion_dag.py","lineno":401}
{"timestamp":"2026-01-06T14:10:16.247417Z","level":"info","event":"[872/9370] Scrapping definition : Drool Hello","logger":"root","filename":"ingestion_dag.py","lineno":401}
{"timestamp":"2026-01-06T14:10:16.747223Z","level":"info","event":"[873/9370] Scrapping definition : Evil-Detecting Dog","logger":"root","filename":"ingestion_dag.py","lineno":401}
{"timestamp":"2026-01-06T14:10:17.254328Z","level":"info","event":"[874/9370] Scrapping definition : The Film of the Book","logger":"root","filename":"ingestion_dag.py","lineno":401}
{"timestamp":"2026-01-06T14:10:17.738023Z","level":"info","event":"[875/9370] Scrapping definition : Off with His Head","logger":"root","filename":"ingestion_dag.py","lineno":401}
{"timestamp":"2026-01-06T14:10:18.267675Z","level":"info","event":"[876/9370] Scrapping definition : Our Werewolves Are Different","logger":"root","filename":"ingestion_dag.py","lineno":401}
{"timestamp":"2026-01-06T14:10:18.616734Z","level":"info","event":"[877/9370] Scrapping definition : Power of Love","logger":"root","filename":"ingestion_dag.py","lineno":401}
{"timestamp":"2026-01-06T14:10:19.538664Z","level":"info","event":"[878/9370] Scrapping definition : Super Window Jump","logger":"root","filename":"ingestion_dag.py","lineno":401}
{"timestamp":"2026-01-06T14:10:20.041441Z","level":"info","event":"[879/9370] Scrapping definition : Mecha Santa","logger":"root","filename":"ingestion_dag.py","lineno":401}
{"timestamp":"2026-01-06T14:10:20.640551Z","level":"info","event":"[880/9370] Scrapping definition : Jason Voorhees","logger":"root","filename":"ingestion_dag.py","lineno":401}
{"timestamp":"2026-01-06T14:10:21.173117Z","level":"info","event":"[881/9370] Scrapping definition : The Grinch","logger":"root","filename":"ingestion_dag.py","lineno":401}
{"timestamp":"2026-01-06T14:10:21.663165Z","level":"info","event":"[882/9370] Scrapping definition : Robeast","logger":"root","filename":"ingestion_dag.py","lineno":401}
{"timestamp":"2026-01-06T14:10:22.215504Z","level":"info","event":"[883/9370] Scrapping definition : Jason Segel","logger":"root","filename":"ingestion_dag.py","lineno":401}
{"timestamp":"2026-01-06T14:10:22.703821Z","level":"info","event":"[884/9370] Scrapping definition : A-Cup Angst","logger":"root","filename":"ingestion_dag.py","lineno":401}
{"timestamp":"2026-01-06T14:10:23.290387Z","level":"info","event":"[885/9370] Scrapping definition : Apathetic Teacher","logger":"root","filename":"ingestion_dag.py","lineno":401}
{"timestamp":"2026-01-06T14:10:23.785136Z","level":"info","event":"[886/9370] Scrapping definition : Sadist Teacher","logger":"root","filename":"ingestion_dag.py","lineno":401}
{"timestamp":"2026-01-06T14:10:24.595537Z","level":"info","event":"[887/9370] Scrapping definition : Cool Teacher","logger":"root","filename":"ingestion_dag.py","lineno":401}
{"timestamp":"2026-01-06T14:10:25.078109Z","level":"info","event":"[888/9370] Scrapping definition : Asleep in Class","logger":"root","filename":"ingestion_dag.py","lineno":401}
{"timestamp":"2026-01-06T14:10:25.606774Z","level":"info","event":"[889/9370] Scrapping definition : Betty and Veronica","logger":"root","filename":"ingestion_dag.py","lineno":401}
{"timestamp":"2026-01-06T14:10:26.127999Z","level":"info","event":"[890/9370] Scrapping definition : Black Comedy","logger":"root","filename":"ingestion_dag.py","lineno":401}
{"timestamp":"2026-01-06T14:10:26.726997Z","level":"info","event":"[891/9370] Scrapping definition : Calling Your Orgasms","logger":"root","filename":"ingestion_dag.py","lineno":401}
{"timestamp":"2026-01-06T14:10:27.312933Z","level":"info","event":"[892/9370] Scrapping definition : Cassandra Truth","logger":"root","filename":"ingestion_dag.py","lineno":401}
{"timestamp":"2026-01-06T14:10:27.931248Z","level":"info","event":"[893/9370] Scrapping definition : Amy's complaints about Elizabeth","logger":"root","filename":"ingestion_dag.py","lineno":401}
{"timestamp":"2026-01-06T14:10:28.447295Z","level":"info","event":"[894/9370] Scrapping definition : Crapsack World","logger":"root","filename":"ingestion_dag.py","lineno":401}
{"timestamp":"2026-01-06T14:10:28.932057Z","level":"info","event":"[895/9370] Scrapping definition : The Determinator","logger":"root","filename":"ingestion_dag.py","lineno":401}
{"timestamp":"2026-01-06T14:10:29.640433Z","level":"info","event":"[896/9370] Scrapping definition : Everything's Nuttier With Squirrels","logger":"root","filename":"ingestion_dag.py","lineno":401}
{"timestamp":"2026-01-06T14:10:30.372968Z","level":"info","event":"[897/9370] Scrapping definition : Exactly What It Says on the Tin","logger":"root","filename":"ingestion_dag.py","lineno":401}
{"timestamp":"2026-01-06T14:10:30.982545Z","level":"info","event":"[898/9370] Scrapping definition : Lucy Punch","logger":"root","filename":"ingestion_dag.py","lineno":401}
{"timestamp":"2026-01-06T14:10:31.470776Z","level":"info","event":"[899/9370] Scrapping definition : Gold Digger","logger":"root","filename":"ingestion_dag.py","lineno":401}
{"timestamp":"2026-01-06T14:10:32.000825Z","level":"info","event":"[900/9370] Scrapping definition : Frame-Up","logger":"root","filename":"ingestion_dag.py","lineno":401}
{"timestamp":"2026-01-06T14:10:32.522673Z","level":"info","event":"[901/9370] Scrapping definition : Going Commando","logger":"root","filename":"ingestion_dag.py","lineno":401}
{"timestamp":"2026-01-06T14:10:33.027006Z","level":"info","event":"[902/9370] Scrapping definition : Gosh Dang It to Heck","logger":"root","filename":"ingestion_dag.py","lineno":401}
{"timestamp":"2026-01-06T14:10:33.536540Z","level":"info","event":"[903/9370] Scrapping definition : G-Rated Sex","logger":"root","filename":"ingestion_dag.py","lineno":401}
{"timestamp":"2026-01-06T14:10:34.080453Z","level":"info","event":"[904/9370] Scrapping definition : Gym Class Rope Climb","logger":"root","filename":"ingestion_dag.py","lineno":401}
{"timestamp":"2026-01-06T14:10:34.615001Z","level":"info","event":"[905/9370] Scrapping definition : Hero Antagonist","logger":"root","filename":"ingestion_dag.py","lineno":401}
{"timestamp":"2026-01-06T14:10:35.142224Z","level":"info","event":"[906/9370] Scrapping definition : Heroes Want Redheads","logger":"root","filename":"ingestion_dag.py","lineno":401}
{"timestamp":"2026-01-06T14:10:35.635602Z","level":"info","event":"[907/9370] Scrapping definition : Hood Ornament Hottie","logger":"root","filename":"ingestion_dag.py","lineno":401}
{"timestamp":"2026-01-06T14:10:36.131613Z","level":"info","event":"[908/9370] Scrapping definition : Hot Teacher","logger":"root","filename":"ingestion_dag.py","lineno":401}
{"timestamp":"2026-01-06T14:10:36.436444Z","level":"info","event":"[909/9370] Scrapping definition : Raging Stiffie","logger":"root","filename":"ingestion_dag.py","lineno":401}
{"timestamp":"2026-01-06T14:10:36.914832Z","level":"info","event":"[910/9370] Scrapping definition : Holier Than Thou","logger":"root","filename":"ingestion_dag.py","lineno":401}
{"timestamp":"2026-01-06T14:10:37.578092Z","level":"info","event":"[911/9370] Scrapping definition : Pet the Dog","logger":"root","filename":"ingestion_dag.py","lineno":401}
{"timestamp":"2026-01-06T14:10:38.177737Z","level":"info","event":"[912/9370] Scrapping definition : Jizzed in My Pants","logger":"root","filename":"ingestion_dag.py","lineno":401}
{"timestamp":"2026-01-06T14:10:38.670249Z","level":"info","event":"[913/9370] Scrapping definition : Like a Weasel","logger":"root","filename":"ingestion_dag.py","lineno":401}
{"timestamp":"2026-01-06T14:10:39.161967Z","level":"info","event":"[914/9370] Scrapping definition : Misplaced Kindergarten Teacher","logger":"root","filename":"ingestion_dag.py","lineno":401}
{"timestamp":"2026-01-06T14:10:39.678356Z","level":"info","event":"[915/9370] Scrapping definition : Not in the Face","logger":"root","filename":"ingestion_dag.py","lineno":401}
{"timestamp":"2026-01-06T14:10:40.301354Z","level":"info","event":"[916/9370] Scrapping definition : Precision S Strike","logger":"root","filename":"ingestion_dag.py","lineno":401}
{"timestamp":"2026-01-06T14:10:40.738379Z","level":"info","event":"[917/9370] Scrapping definition : day job","logger":"root","filename":"ingestion_dag.py","lineno":401}
{"timestamp":"2026-01-06T14:10:41.235949Z","level":"info","event":"[918/9370] Scrapping definition : Getting Crap Past the Radar","logger":"root","filename":"ingestion_dag.py","lineno":401}
{"timestamp":"2026-01-06T14:10:41.704585Z","level":"info","event":"[919/9370] Scrapping definition : Refuge in Audacity","logger":"root","filename":"ingestion_dag.py","lineno":401}
{"timestamp":"2026-01-06T14:10:41.926877Z","level":"info","event":"[920/9370] Scrapping definition : The Rival","logger":"root","filename":"ingestion_dag.py","lineno":401}
{"timestamp":"2026-01-06T14:10:42.448285Z","level":"info","event":"[921/9370] Scrapping definition : Save Our Students","logger":"root","filename":"ingestion_dag.py","lineno":401}
{"timestamp":"2026-01-06T14:10:42.960924Z","level":"info","event":"[922/9370] Scrapping definition : Dangerous Minds","logger":"root","filename":"ingestion_dag.py","lineno":401}
{"timestamp":"2026-01-06T14:10:43.436569Z","level":"info","event":"[923/9370] Scrapping definition : Slipping a Mickey","logger":"root","filename":"ingestion_dag.py","lineno":401}
{"timestamp":"2026-01-06T14:10:43.948076Z","level":"info","event":"[924/9370] Scrapping definition : Staring Kid","logger":"root","filename":"ingestion_dag.py","lineno":401}
{"timestamp":"2026-01-06T14:10:44.414412Z","level":"info","event":"[925/9370] Scrapping definition : Stupid Statement Dance Mix","logger":"root","filename":"ingestion_dag.py","lineno":401}
{"timestamp":"2026-01-06T14:10:44.965863Z","level":"info","event":"[926/9370] Scrapping definition : The Complainer Is Always Wrong","logger":"root","filename":"ingestion_dag.py","lineno":401}
{"timestamp":"2026-01-06T14:10:45.528832Z","level":"info","event":"[927/9370] Scrapping definition : Ultimate Job Security","logger":"root","filename":"ingestion_dag.py","lineno":401}
{"timestamp":"2026-01-06T14:10:46.022485Z","level":"info","event":"[928/9370] Scrapping definition : Unsympathetic Comedy Protagonist","logger":"root","filename":"ingestion_dag.py","lineno":401}
{"timestamp":"2026-01-06T14:10:46.684044Z","level":"info","event":"[929/9370] Scrapping definition : Villain Protagonist","logger":"root","filename":"ingestion_dag.py","lineno":401}
{"timestamp":"2026-01-06T14:10:47.223880Z","level":"info","event":"[930/9370] Scrapping definition : Who Wears Short Shorts?","logger":"root","filename":"ingestion_dag.py","lineno":401}
{"timestamp":"2026-01-06T14:10:47.758227Z","level":"info","event":"[931/9370] Scrapping definition : Badlands (film)","logger":"root","filename":"ingestion_dag.py","lineno":401}
{"timestamp":"2026-01-06T14:10:48.291718Z","level":"info","event":"[932/9370] Scrapping definition : Terrence Malick","logger":"root","filename":"ingestion_dag.py","lineno":401}
{"timestamp":"2026-01-06T14:10:48.829930Z","level":"info","event":"[933/9370] Scrapping definition : National Film Registry","logger":"root","filename":"ingestion_dag.py","lineno":401}
{"timestamp":"2026-01-06T14:10:49.346184Z","level":"info","event":"[934/9370] Scrapping definition : Barbarian Hero","logger":"root","filename":"ingestion_dag.py","lineno":401}
{"timestamp":"2026-01-06T14:10:49.851528Z","level":"info","event":"[935/9370] Scrapping definition : Barbarian Tribe","logger":"root","filename":"ingestion_dag.py","lineno":401}
{"timestamp":"2026-01-06T14:10:50.335826Z","level":"info","event":"[936/9370] Scrapping definition : Alas, Poor Yorick","logger":"root","filename":"ingestion_dag.py","lineno":401}
{"timestamp":"2026-01-06T14:10:50.955169Z","level":"info","event":"[937/9370] Scrapping definition : symbolism for symbolism's (scary) sake","logger":"root","filename":"ingestion_dag.py","lineno":401}
{"timestamp":"2026-01-06T14:10:51.629869Z","level":"info","event":"[938/9370] Scrapping definition : Gainax Ending","logger":"root","filename":"ingestion_dag.py","lineno":401}
{"timestamp":"2026-01-06T14:10:52.221608Z","level":"info","event":"[939/9370] Scrapping definition : Genre Busting","logger":"root","filename":"ingestion_dag.py","lineno":401}
{"timestamp":"2026-01-06T14:10:52.717440Z","level":"info","event":"[940/9370] Scrapping definition : Hell Hotel","logger":"root","filename":"ingestion_dag.py","lineno":401}
{"timestamp":"2026-01-06T14:10:53.048702Z","level":"info","event":"[941/9370] Scrapping definition : Anti-Hero","logger":"root","filename":"ingestion_dag.py","lineno":401}
{"timestamp":"2026-01-06T14:10:53.399064Z","level":"info","event":"[942/9370] Scrapping definition : Anything That Moves","logger":"root","filename":"ingestion_dag.py","lineno":401}
{"timestamp":"2026-01-06T14:10:53.885485Z","level":"info","event":"[943/9370] Scrapping definition : Car Fu","logger":"root","filename":"ingestion_dag.py","lineno":401}
{"timestamp":"2026-01-06T14:10:54.416056Z","level":"info","event":"[944/9370] Scrapping definition : Date Rape","logger":"root","filename":"ingestion_dag.py","lineno":401}
{"timestamp":"2026-01-06T14:10:54.890284Z","level":"info","event":"[945/9370] Scrapping definition : Depraved Bisexual","logger":"root","filename":"ingestion_dag.py","lineno":401}
{"timestamp":"2026-01-06T14:10:55.418193Z","level":"info","event":"[946/9370] Scrapping definition : Does Not Like Shoes","logger":"root","filename":"ingestion_dag.py","lineno":401}
{"timestamp":"2026-01-06T14:10:56.029571Z","level":"info","event":"[947/9370] Scrapping definition : Fatal Attraction","logger":"root","filename":"ingestion_dag.py","lineno":401}
{"timestamp":"2026-01-06T14:10:56.236130Z","level":"info","event":"[948/9370] Scrapping definition : Four Is Death","logger":"root","filename":"ingestion_dag.py","lineno":401}
{"timestamp":"2026-01-06T14:10:56.748635Z","level":"info","event":"[949/9370] Scrapping definition : Giallo","logger":"root","filename":"ingestion_dag.py","lineno":401}
{"timestamp":"2026-01-06T14:10:57.437934Z","level":"info","event":"[950/9370] Scrapping definition : Great Way to Go","logger":"root","filename":"ingestion_dag.py","lineno":401}
{"timestamp":"2026-01-06T14:10:58.007063Z","level":"info","event":"[951/9370] Scrapping definition : Narcissist","logger":"root","filename":"ingestion_dag.py","lineno":401}
{"timestamp":"2026-01-06T14:10:58.567866Z","level":"info","event":"[952/9370] Scrapping definition : Sociopath","logger":"root","filename":"ingestion_dag.py","lineno":401}
{"timestamp":"2026-01-06T14:10:59.085358Z","level":"info","event":"[953/9370] Scrapping definition : One-Scene Wonder","logger":"root","filename":"ingestion_dag.py","lineno":401}
{"timestamp":"2026-01-06T14:10:59.716101Z","level":"info","event":"[954/9370] Scrapping definition : Out with a Bang","logger":"root","filename":"ingestion_dag.py","lineno":401}
{"timestamp":"2026-01-06T14:11:00.253293Z","level":"info","event":"[955/9370] Scrapping definition : Panty Shot","logger":"root","filename":"ingestion_dag.py","lineno":401}
{"timestamp":"2026-01-06T14:11:00.755372Z","level":"info","event":"[956/9370] Scrapping definition : Quip to Black","logger":"root","filename":"ingestion_dag.py","lineno":401}
{"timestamp":"2026-01-06T14:11:01.244538Z","level":"info","event":"[957/9370] Scrapping definition : Self-Made Orphan","logger":"root","filename":"ingestion_dag.py","lineno":401}
{"timestamp":"2026-01-06T14:11:01.866116Z","level":"info","event":"[958/9370] Scrapping definition : Stealth Parody","logger":"root","filename":"ingestion_dag.py","lineno":401}
{"timestamp":"2026-01-06T14:11:02.373087Z","level":"info","event":"[959/9370] Scrapping definition : The Unfair Sex","logger":"root","filename":"ingestion_dag.py","lineno":401}
{"timestamp":"2026-01-06T14:11:02.907773Z","level":"info","event":"[960/9370] Scrapping definition : Unrated Edition","logger":"root","filename":"ingestion_dag.py","lineno":401}
{"timestamp":"2026-01-06T14:11:03.394978Z","level":"info","event":"[961/9370] Scrapping definition : Vapor Wear","logger":"root","filename":"ingestion_dag.py","lineno":401}
{"timestamp":"2026-01-06T14:11:03.904629Z","level":"info","event":"[962/9370] Scrapping definition : Babies Ever After","logger":"root","filename":"ingestion_dag.py","lineno":401}
{"timestamp":"2026-01-06T14:11:04.491807Z","level":"info","event":"[963/9370] Scrapping definition : Homage","logger":"root","filename":"ingestion_dag.py","lineno":401}
{"timestamp":"2026-01-06T14:11:05.064747Z","level":"info","event":"[964/9370] Scrapping definition : Madwoman in the Attic","logger":"root","filename":"ingestion_dag.py","lineno":401}
{"timestamp":"2026-01-06T14:11:05.555334Z","level":"info","event":"[965/9370] Scrapping definition : Moral Dissonance","logger":"root","filename":"ingestion_dag.py","lineno":401}
{"timestamp":"2026-01-06T14:11:06.076144Z","level":"info","event":"[966/9370] Scrapping definition : Names to Run Away From Really Fast","logger":"root","filename":"ingestion_dag.py","lineno":401}
{"timestamp":"2026-01-06T14:11:06.564612Z","level":"info","event":"[967/9370] Scrapping definition : Rape Is a Special Kind of Evil","logger":"root","filename":"ingestion_dag.py","lineno":401}
{"timestamp":"2026-01-06T14:11:07.042815Z","level":"info","event":"[968/9370] Scrapping definition : Red Eyes, Take Warning","logger":"root","filename":"ingestion_dag.py","lineno":401}
{"timestamp":"2026-01-06T14:11:07.692606Z","level":"info","event":"[969/9370] Scrapping definition : Sliding Scale of Comedy and Horror","logger":"root","filename":"ingestion_dag.py","lineno":401}
{"timestamp":"2026-01-06T14:11:08.350924Z","level":"info","event":"[970/9370] Scrapping definition : Spotlight-Stealing Squad","logger":"root","filename":"ingestion_dag.py","lineno":401}
{"timestamp":"2026-01-06T14:11:08.880477Z","level":"info","event":"[971/9370] Scrapping definition : longest-running","logger":"root","filename":"ingestion_dag.py","lineno":401}
{"timestamp":"2026-01-06T14:11:09.349764Z","level":"info","event":"[972/9370] Scrapping definition : Batwoman","logger":"root","filename":"ingestion_dag.py","lineno":401}
{"timestamp":"2026-01-06T14:11:09.857147Z","level":"info","event":"[973/9370] Scrapping definition : Martian Manhunter","logger":"root","filename":"ingestion_dag.py","lineno":401}
{"timestamp":"2026-01-06T14:11:10.341559Z","level":"info","event":"[974/9370] Scrapping definition : Green Arrow","logger":"root","filename":"ingestion_dag.py","lineno":401}
{"timestamp":"2026-01-06T14:11:11.036596Z","level":"info","event":"[975/9370] Scrapping definition : Black Canary","logger":"root","filename":"ingestion_dag.py","lineno":401}
{"timestamp":"2026-01-06T14:11:11.676214Z","level":"info","event":"[976/9370] Scrapping definition : Elongated Man","logger":"root","filename":"ingestion_dag.py","lineno":401}
{"timestamp":"2026-01-06T14:11:12.278363Z","level":"info","event":"[977/9370] Scrapping definition : the current Question","logger":"root","filename":"ingestion_dag.py","lineno":401}
{"timestamp":"2026-01-06T14:11:12.779615Z","level":"info","event":"[978/9370] Scrapping definition : the series ran for only 40 issues","logger":"root","filename":"ingestion_dag.py","lineno":401}
{"timestamp":"2026-01-06T14:11:13.347155Z","level":"info","event":"[979/9370] Scrapping definition : Rogues Gallery","logger":"root","filename":"ingestion_dag.py","lineno":401}
{"timestamp":"2026-01-06T14:11:13.834887Z","level":"info","event":"[980/9370] Scrapping definition : Superman","logger":"root","filename":"ingestion_dag.py","lineno":401}
{"timestamp":"2026-01-06T14:11:14.048841Z","level":"info","event":"[981/9370] Scrapping definition : Supergirl","logger":"root","filename":"ingestion_dag.py","lineno":401}
{"timestamp":"2026-01-06T14:11:14.268042Z","level":"info","event":"[982/9370] Scrapping definition : The DCU","logger":"root","filename":"ingestion_dag.py","lineno":401}
{"timestamp":"2026-01-06T14:11:14.735940Z","level":"info","event":"[983/9370] Scrapping definition : Grant Morrison","logger":"root","filename":"ingestion_dag.py","lineno":401}
{"timestamp":"2026-01-06T14:11:15.663048Z","level":"info","event":"[984/9370] Scrapping definition : Harley Quinn","logger":"root","filename":"ingestion_dag.py","lineno":401}
{"timestamp":"2026-01-06T14:11:16.195614Z","level":"info","event":"[985/9370] Scrapping definition : Catwoman","logger":"root","filename":"ingestion_dag.py","lineno":401}
{"timestamp":"2026-01-06T14:11:16.670959Z","level":"info","event":"[986/9370] Scrapping definition : Acrofatic","logger":"root","filename":"ingestion_dag.py","lineno":401}
{"timestamp":"2026-01-06T14:11:17.220262Z","level":"info","event":"[987/9370] Scrapping definition : Took a Level In Badass","logger":"root","filename":"ingestion_dag.py","lineno":401}
{"timestamp":"2026-01-06T14:11:17.534910Z","level":"info","event":"[988/9370] Scrapping definition : due to the controversy this caused.","logger":"root","filename":"ingestion_dag.py","lineno":401}
{"timestamp":"2026-01-06T14:11:18.056063Z","level":"info","event":"[989/9370] Scrapping definition : Adam West","logger":"root","filename":"ingestion_dag.py","lineno":401}
{"timestamp":"2026-01-06T14:11:18.552069Z","level":"info","event":"[990/9370] Scrapping definition : as the mayor of Gotham","logger":"root","filename":"ingestion_dag.py","lineno":401}
{"timestamp":"2026-01-06T14:11:19.075086Z","level":"info","event":"[991/9370] Scrapping definition : AI Is a Crapshoot","logger":"root","filename":"ingestion_dag.py","lineno":401}
{"timestamp":"2026-01-06T14:11:19.618773Z","level":"info","event":"[992/9370] Scrapping definition : Alien Invasion","logger":"root","filename":"ingestion_dag.py","lineno":401}
{"timestamp":"2026-01-06T14:11:20.158591Z","level":"info","event":"[993/9370] Scrapping definition : Animesque","logger":"root","filename":"ingestion_dag.py","lineno":401}
{"timestamp":"2026-01-06T14:11:20.734479Z","level":"info","event":"[994/9370] Scrapping definition : Art Evolution","logger":"root","filename":"ingestion_dag.py","lineno":401}
{"timestamp":"2026-01-06T14:11:21.283696Z","level":"info","event":"[995/9370] Scrapping definition : Lantern Jaw of Justice","logger":"root","filename":"ingestion_dag.py","lineno":401}
{"timestamp":"2026-01-06T14:11:21.754048Z","level":"info","event":"[996/9370] Scrapping definition : Attack of the 50 Foot Whatever","logger":"root","filename":"ingestion_dag.py","lineno":401}
{"timestamp":"2026-01-06T14:11:22.302675Z","level":"info","event":"[997/9370] Scrapping definition : Action Prologue","logger":"root","filename":"ingestion_dag.py","lineno":401}
{"timestamp":"2026-01-06T14:11:22.798811Z","level":"info","event":"[998/9370] Scrapping definition : Christian Bale","logger":"root","filename":"ingestion_dag.py","lineno":401}
{"timestamp":"2026-01-06T14:11:23.302194Z","level":"info","event":"[999/9370] Scrapping definition : Gary Oldman","logger":"root","filename":"ingestion_dag.py","lineno":401}
{"timestamp":"2026-01-06T14:11:23.754221Z","level":"info","event":"[1000/9370] Scrapping definition : Michael Caine","logger":"root","filename":"ingestion_dag.py","lineno":401}
{"timestamp":"2026-01-06T14:11:24.237066Z","level":"info","event":"[1001/9370] Scrapping definition : Liam Neeson","logger":"root","filename":"ingestion_dag.py","lineno":401}
{"timestamp":"2026-01-06T14:11:24.689311Z","level":"info","event":"[1002/9370] Scrapping definition : Cillian Murphy","logger":"root","filename":"ingestion_dag.py","lineno":401}
{"timestamp":"2026-01-06T14:11:25.170742Z","level":"info","event":"[1003/9370] Scrapping definition : Heath Ledger","logger":"root","filename":"ingestion_dag.py","lineno":401}
{"timestamp":"2026-01-06T14:11:25.629094Z","level":"info","event":"[1004/9370] Scrapping definition : Maggie Gyllenhaal","logger":"root","filename":"ingestion_dag.py","lineno":401}
{"timestamp":"2026-01-06T14:11:26.099221Z","level":"info","event":"[1005/9370] Scrapping definition : Anne Hathaway","logger":"root","filename":"ingestion_dag.py","lineno":401}
{"timestamp":"2026-01-06T14:11:26.592595Z","level":"info","event":"[1006/9370] Scrapping definition : Tom Hardy","logger":"root","filename":"ingestion_dag.py","lineno":401}
{"timestamp":"2026-01-06T14:11:27.080693Z","level":"info","event":"[1007/9370] Scrapping definition : Joseph Gordon-Levitt","logger":"root","filename":"ingestion_dag.py","lineno":401}
{"timestamp":"2026-01-06T14:11:27.656532Z","level":"info","event":"[1008/9370] Scrapping definition : Marion Cotillard","logger":"root","filename":"ingestion_dag.py","lineno":401}
{"timestamp":"2026-01-06T14:11:28.204615Z","level":"info","event":"[1009/9370] Scrapping definition : All Your Base Are Belong to Us","logger":"root","filename":"ingestion_dag.py","lineno":401}
{"timestamp":"2026-01-06T14:11:28.806263Z","level":"info","event":"[1010/9370] Scrapping definition : Appropriated Title","logger":"root","filename":"ingestion_dag.py","lineno":401}
{"timestamp":"2026-01-06T14:11:29.281750Z","level":"info","event":"[1011/9370] Scrapping definition : But","logger":"root","filename":"ingestion_dag.py","lineno":401}
{"timestamp":"2026-01-06T14:11:29.766237Z","level":"info","event":"[1012/9370] Scrapping definition : no one really cares","logger":"root","filename":"ingestion_dag.py","lineno":401}
{"timestamp":"2026-01-06T14:11:30.252351Z","level":"info","event":"[1013/9370] Scrapping definition : Art Shift","logger":"root","filename":"ingestion_dag.py","lineno":401}
{"timestamp":"2026-01-06T14:11:30.780331Z","level":"info","event":"[1014/9370] Scrapping definition : Awesome Yet Practical","logger":"root","filename":"ingestion_dag.py","lineno":401}
{"timestamp":"2026-01-06T14:11:31.286332Z","level":"info","event":"[1015/9370] Scrapping definition : Badass in a Nice Suit","logger":"root","filename":"ingestion_dag.py","lineno":401}
{"timestamp":"2026-01-06T14:11:31.790926Z","level":"info","event":"[1016/9370] Scrapping definition : Badass Longcoat","logger":"root","filename":"ingestion_dag.py","lineno":401}
{"timestamp":"2026-01-06T14:11:32.348065Z","level":"info","event":"[1017/9370] Scrapping definition : High Collar of Doom","logger":"root","filename":"ingestion_dag.py","lineno":401}
{"timestamp":"2026-01-06T14:11:32.863754Z","level":"info","event":"[1018/9370] Scrapping definition : Bald Black Leader Guy","logger":"root","filename":"ingestion_dag.py","lineno":401}
{"timestamp":"2026-01-06T14:11:33.383986Z","level":"info","event":"[1019/9370] Scrapping definition : Composite Character","logger":"root","filename":"ingestion_dag.py","lineno":401}
{"timestamp":"2026-01-06T14:11:33.894095Z","level":"info","event":"[1020/9370] Scrapping definition : Bishonen","logger":"root","filename":"ingestion_dag.py","lineno":401}
{"timestamp":"2026-01-06T14:11:34.428383Z","level":"info","event":"[1021/9370] Scrapping definition : Blood on These Hands","logger":"root","filename":"ingestion_dag.py","lineno":401}
{"timestamp":"2026-01-06T14:11:34.905106Z","level":"info","event":"[1022/9370] Scrapping definition : Body Motifs","logger":"root","filename":"ingestion_dag.py","lineno":401}
{"timestamp":"2026-01-06T14:11:35.468353Z","level":"info","event":"[1023/9370] Scrapping definition : Broad Strokes","logger":"root","filename":"ingestion_dag.py","lineno":401}
{"timestamp":"2026-01-06T14:11:36.033565Z","level":"info","event":"[1024/9370] Scrapping definition : Bishounen","logger":"root","filename":"ingestion_dag.py","lineno":401}
{"timestamp":"2026-01-06T14:11:36.471987Z","level":"info","event":"[1025/9370] Scrapping definition : Canon Foreigner","logger":"root","filename":"ingestion_dag.py","lineno":401}
{"timestamp":"2026-01-06T14:11:36.963260Z","level":"info","event":"[1026/9370] Scrapping definition : Cape Wings","logger":"root","filename":"ingestion_dag.py","lineno":401}
{"timestamp":"2026-01-06T14:11:37.478714Z","level":"info","event":"[1027/9370] Scrapping definition : Handwaved","logger":"root","filename":"ingestion_dag.py","lineno":401}
{"timestamp":"2026-01-06T14:11:38.233321Z","level":"info","event":"[1028/9370] Scrapping definition : Techno Babble","logger":"root","filename":"ingestion_dag.py","lineno":401}
{"timestamp":"2026-01-06T14:11:38.735909Z","level":"info","event":"[1029/9370] Scrapping definition : Close on Title","logger":"root","filename":"ingestion_dag.py","lineno":401}
{"timestamp":"2026-01-06T14:11:39.228079Z","level":"info","event":"[1030/9370] Scrapping definition : Combat Pragmatist","logger":"root","filename":"ingestion_dag.py","lineno":401}
{"timestamp":"2026-01-06T14:11:39.683378Z","level":"info","event":"[1031/9370] Scrapping definition : Unfunny","logger":"root","filename":"ingestion_dag.py","lineno":401}
{"timestamp":"2026-01-06T14:11:40.285666Z","level":"info","event":"[1032/9370] Scrapping definition : That Guy With The Glasses","logger":"root","filename":"ingestion_dag.py","lineno":401}
{"timestamp":"2026-01-06T14:11:40.786463Z","level":"info","event":"[1033/9370] Scrapping definition : Ambiguously Jewish","logger":"root","filename":"ingestion_dag.py","lineno":401}
{"timestamp":"2026-01-06T14:11:41.264870Z","level":"info","event":"[1034/9370] Scrapping definition : And Then What?","logger":"root","filename":"ingestion_dag.py","lineno":401}
{"timestamp":"2026-01-06T14:11:41.753875Z","level":"info","event":"[1035/9370] Scrapping definition : Kiss from a Rose","logger":"root","filename":"ingestion_dag.py","lineno":401}
{"timestamp":"2026-01-06T14:11:42.704245Z","level":"info","event":"DDefinition not found for http://www.youtube.com/watch?v=AMD2TwRvuoU","logger":"root","filename":"ingestion_dag.py","lineno":363}
{"timestamp":"2026-01-06T14:11:42.807985Z","level":"info","event":"[1036/9370] Scrapping definition : Badass Normal","logger":"root","filename":"ingestion_dag.py","lineno":401}
{"timestamp":"2026-01-06T14:11:43.323958Z","level":"info","event":"[1037/9370] Scrapping definition : Bat Deduction","logger":"root","filename":"ingestion_dag.py","lineno":401}
{"timestamp":"2026-01-06T14:11:43.987898Z","level":"info","event":"[1038/9370] Scrapping definition : Absurdly Spacious Sewer","logger":"root","filename":"ingestion_dag.py","lineno":401}
{"timestamp":"2026-01-06T14:11:44.584573Z","level":"info","event":"[1039/9370] Scrapping definition : book","logger":"root","filename":"ingestion_dag.py","lineno":401}
{"timestamp":"2026-01-06T14:11:45.086046Z","level":"info","event":"[1040/9370] Scrapping definition : L. Ron Hubbard","logger":"root","filename":"ingestion_dag.py","lineno":401}
{"timestamp":"2026-01-06T14:11:45.564866Z","level":"info","event":"[1041/9370] Scrapping definition : film","logger":"root","filename":"ingestion_dag.py","lineno":401}
{"timestamp":"2026-01-06T14:11:46.029736Z","level":"info","event":"[1042/9370] Scrapping definition : based on the book","logger":"root","filename":"ingestion_dag.py","lineno":401}
{"timestamp":"2026-01-06T14:11:46.234693Z","level":"info","event":"[1043/9370] Scrapping definition : John Travolta","logger":"root","filename":"ingestion_dag.py","lineno":401}
{"timestamp":"2026-01-06T14:11:46.691704Z","level":"info","event":"[1044/9370] Scrapping definition : Adapted Out","logger":"root","filename":"ingestion_dag.py","lineno":401}
{"timestamp":"2026-01-06T14:11:47.186031Z","level":"info","event":"[1045/9370] Scrapping definition : Angels Pose","logger":"root","filename":"ingestion_dag.py","lineno":401}
{"timestamp":"2026-01-06T14:11:47.710525Z","level":"info","event":"[1046/9370] Scrapping definition : Asian Gal with White Guy","logger":"root","filename":"ingestion_dag.py","lineno":401}
{"timestamp":"2026-01-06T14:11:48.256877Z","level":"info","event":"[1047/9370] Scrapping definition : Awful Truth","logger":"root","filename":"ingestion_dag.py","lineno":401}
{"timestamp":"2026-01-06T14:11:48.756126Z","level":"info","event":"[1048/9370] Scrapping definition : Bad Dreams","logger":"root","filename":"ingestion_dag.py","lineno":401}
{"timestamp":"2026-01-06T14:11:49.245837Z","level":"info","event":"[1049/9370] Scrapping definition : The Bad Guy Wins","logger":"root","filename":"ingestion_dag.py","lineno":401}
{"timestamp":"2026-01-06T14:11:49.768031Z","level":"info","event":"[1050/9370] Scrapping definition : Beach Bury","logger":"root","filename":"ingestion_dag.py","lineno":401}
{"timestamp":"2026-01-06T14:11:50.254624Z","level":"info","event":"[1051/9370] Scrapping definition : Beach Episode","logger":"root","filename":"ingestion_dag.py","lineno":401}
{"timestamp":"2026-01-06T14:11:50.759289Z","level":"info","event":"[1052/9370] Scrapping definition : The Beard","logger":"root","filename":"ingestion_dag.py","lineno":401}
{"timestamp":"2026-01-06T14:11:51.280866Z","level":"info","event":"[1053/9370] Scrapping definition : The Boxing Episode","logger":"root","filename":"ingestion_dag.py","lineno":401}
{"timestamp":"2026-01-06T14:11:51.800655Z","level":"info","event":"[1054/9370] Scrapping definition : Breather Episode","logger":"root","filename":"ingestion_dag.py","lineno":401}
{"timestamp":"2026-01-06T14:11:52.370180Z","level":"info","event":"[1055/9370] Scrapping definition : \"Chance of a Lifetime\"","logger":"root","filename":"ingestion_dag.py","lineno":401}
{"timestamp":"2026-01-06T14:11:52.851715Z","level":"info","event":"[1056/9370] Scrapping definition : Busman's Holiday","logger":"root","filename":"ingestion_dag.py","lineno":401}
{"timestamp":"2026-01-06T14:11:53.573638Z","level":"info","event":"[1057/9370] Scrapping definition : Catapult Nightmare","logger":"root","filename":"ingestion_dag.py","lineno":401}
{"timestamp":"2026-01-06T14:11:54.052304Z","level":"info","event":"[1058/9370] Scrapping definition : Censor Box","logger":"root","filename":"ingestion_dag.py","lineno":401}
{"timestamp":"2026-01-06T14:11:54.533181Z","level":"info","event":"[1059/9370] Scrapping definition : Chase Scene","logger":"root","filename":"ingestion_dag.py","lineno":401}
{"timestamp":"2026-01-06T14:11:55.400204Z","level":"info","event":"[1060/9370] Scrapping definition : Christmas Episode","logger":"root","filename":"ingestion_dag.py","lineno":401}
{"timestamp":"2026-01-06T14:11:55.934626Z","level":"info","event":"[1061/9370] Scrapping definition : Citizenship Marriage","logger":"root","filename":"ingestion_dag.py","lineno":401}
{"timestamp":"2026-01-06T14:11:56.421025Z","level":"info","event":"[1062/9370] Scrapping definition : Clear My Name","logger":"root","filename":"ingestion_dag.py","lineno":401}
{"timestamp":"2026-01-06T14:11:56.983575Z","level":"info","event":"[1063/9370] Scrapping definition : Cliff Hanger","logger":"root","filename":"ingestion_dag.py","lineno":401}
{"timestamp":"2026-01-06T14:11:57.506113Z","level":"info","event":"[1064/9370] Scrapping definition : Clip Show","logger":"root","filename":"ingestion_dag.py","lineno":401}
{"timestamp":"2026-01-06T14:11:58.172472Z","level":"info","event":"[1065/9370] Scrapping definition : Clumsy Copyright Censorship","logger":"root","filename":"ingestion_dag.py","lineno":401}
{"timestamp":"2026-01-06T14:11:58.638922Z","level":"info","event":"[1066/9370] Scrapping definition : Code Word Coitus","logger":"root","filename":"ingestion_dag.py","lineno":401}
{"timestamp":"2026-01-06T14:11:58.955236Z","level":"info","event":"[1067/9370] Scrapping definition : Cover Version","logger":"root","filename":"ingestion_dag.py","lineno":401}
{"timestamp":"2026-01-06T14:11:59.417944Z","level":"info","event":"[1068/9370] Scrapping definition : CPR: Clean, Pretty, Reliable","logger":"root","filename":"ingestion_dag.py","lineno":401}
{"timestamp":"2026-01-06T14:11:59.967892Z","level":"info","event":"[1069/9370] Scrapping definition : Decision Darts","logger":"root","filename":"ingestion_dag.py","lineno":401}
{"timestamp":"2026-01-06T14:12:00.480119Z","level":"info","event":"[1070/9370] Scrapping definition : Deserted Island","logger":"root","filename":"ingestion_dag.py","lineno":401}
{"timestamp":"2026-01-06T14:12:01.000359Z","level":"info","event":"[1071/9370] Scrapping definition : Dramatic Hour Long","logger":"root","filename":"ingestion_dag.py","lineno":401}
{"timestamp":"2026-01-06T14:12:01.497405Z","level":"info","event":"[1072/9370] Scrapping definition : Dramatic Shattering","logger":"root","filename":"ingestion_dag.py","lineno":401}
{"timestamp":"2026-01-06T14:12:01.975090Z","level":"info","event":"[1073/9370] Scrapping definition : Dreaming of Things to Come","logger":"root","filename":"ingestion_dag.py","lineno":401}
{"timestamp":"2026-01-06T14:12:02.483343Z","level":"info","event":"[1074/9370] Scrapping definition : Dropped a Bridge on Him","logger":"root","filename":"ingestion_dag.py","lineno":401}
{"timestamp":"2026-01-06T14:12:03.101743Z","level":"info","event":"[1075/9370] Scrapping definition : Episode Title Card","logger":"root","filename":"ingestion_dag.py","lineno":401}
{"timestamp":"2026-01-06T14:12:03.586640Z","level":"info","event":"[1076/9370] Scrapping definition : \"Everybody Laughs\" Ending","logger":"root","filename":"ingestion_dag.py","lineno":401}
{"timestamp":"2026-01-06T14:12:04.097066Z","level":"info","event":"[1077/9370] Scrapping definition : \"Falling in Love\" Montage","logger":"root","filename":"ingestion_dag.py","lineno":401}
{"timestamp":"2026-01-06T14:12:04.663672Z","level":"info","event":"[1078/9370] Scrapping definition : False Rape Accusation","logger":"root","filename":"ingestion_dag.py","lineno":401}
{"timestamp":"2026-01-06T14:12:05.167054Z","level":"info","event":"[1079/9370] Scrapping definition : Fan Nickname","logger":"root","filename":"ingestion_dag.py","lineno":401}
{"timestamp":"2026-01-06T14:12:05.674650Z","level":"info","event":"[1080/9370] Scrapping definition : Fanservice Extra","logger":"root","filename":"ingestion_dag.py","lineno":401}
{"timestamp":"2026-01-06T14:12:06.149627Z","level":"info","event":"[1081/9370] Scrapping definition : Finger-Twitching Revival","logger":"root","filename":"ingestion_dag.py","lineno":401}
{"timestamp":"2026-01-06T14:12:06.653900Z","level":"info","event":"[1082/9370] Scrapping definition : Flashback Cut","logger":"root","filename":"ingestion_dag.py","lineno":401}
{"timestamp":"2026-01-06T14:12:07.134140Z","level":"info","event":"[1083/9370] Scrapping definition : Follow in My Footsteps","logger":"root","filename":"ingestion_dag.py","lineno":401}
{"timestamp":"2026-01-06T14:12:07.725830Z","level":"info","event":"[1084/9370] Scrapping definition : Gainaxing","logger":"root","filename":"ingestion_dag.py","lineno":401}
{"timestamp":"2026-01-06T14:12:08.354314Z","level":"info","event":"[1085/9370] Scrapping definition : The Gambling Addict","logger":"root","filename":"ingestion_dag.py","lineno":401}
{"timestamp":"2026-01-06T14:12:08.837267Z","level":"info","event":"[1086/9370] Scrapping definition : Gentle Giant","logger":"root","filename":"ingestion_dag.py","lineno":401}
{"timestamp":"2026-01-06T14:12:09.369290Z","level":"info","event":"[1087/9370] Scrapping definition : Good Smoking, Evil Smoking","logger":"root","filename":"ingestion_dag.py","lineno":401}
{"timestamp":"2026-01-06T14:12:09.876793Z","level":"info","event":"[1088/9370] Scrapping definition : A Handful for an Eye","logger":"root","filename":"ingestion_dag.py","lineno":401}
{"timestamp":"2026-01-06T14:12:10.650292Z","level":"info","event":"[1089/9370] Scrapping definition : Hard Work Montage","logger":"root","filename":"ingestion_dag.py","lineno":401}
{"timestamp":"2026-01-06T14:12:11.243243Z","level":"info","event":"[1090/9370] Scrapping definition : Heat Wave","logger":"root","filename":"ingestion_dag.py","lineno":401}
{"timestamp":"2026-01-06T14:12:11.706940Z","level":"info","event":"[1091/9370] Scrapping definition : He Knows Too Much","logger":"root","filename":"ingestion_dag.py","lineno":401}
{"timestamp":"2026-01-06T14:12:12.213718Z","level":"info","event":"[1092/9370] Scrapping definition : Instant Sedation","logger":"root","filename":"ingestion_dag.py","lineno":401}
{"timestamp":"2026-01-06T14:12:12.750431Z","level":"info","event":"[1093/9370] Scrapping definition : It's All My Fault","logger":"root","filename":"ingestion_dag.py","lineno":401}
{"timestamp":"2026-01-06T14:12:13.494854Z","level":"info","event":"[1094/9370] Scrapping definition : he was being too hard on himself","logger":"root","filename":"ingestion_dag.py","lineno":401}
{"timestamp":"2026-01-06T14:12:13.941287Z","level":"info","event":"[1095/9370] Scrapping definition : It's Personal","logger":"root","filename":"ingestion_dag.py","lineno":401}
{"timestamp":"2026-01-06T14:12:14.467694Z","level":"info","event":"[1096/9370] Scrapping definition : Jiggle Show","logger":"root","filename":"ingestion_dag.py","lineno":401}
{"timestamp":"2026-01-06T14:12:14.958036Z","level":"info","event":"[1097/9370] Scrapping definition : Killed Off for Real","logger":"root","filename":"ingestion_dag.py","lineno":401}
{"timestamp":"2026-01-06T14:12:15.476587Z","level":"info","event":"[1098/9370] Scrapping definition : Law of Chromatic Superiority","logger":"root","filename":"ingestion_dag.py","lineno":401}
{"timestamp":"2026-01-06T14:12:16.109613Z","level":"info","event":"[1099/9370] Scrapping definition : Littlest Cancer Patient","logger":"root","filename":"ingestion_dag.py","lineno":401}
{"timestamp":"2026-01-06T14:12:16.627096Z","level":"info","event":"[1100/9370] Scrapping definition : Long Runners","logger":"root","filename":"ingestion_dag.py","lineno":401}
{"timestamp":"2026-01-06T14:12:17.109747Z","level":"info","event":"[1101/9370] Scrapping definition : Love At First Sight","logger":"root","filename":"ingestion_dag.py","lineno":401}
{"timestamp":"2026-01-06T14:12:17.934865Z","level":"info","event":"[1102/9370] Scrapping definition : Magical Defibrillator","logger":"root","filename":"ingestion_dag.py","lineno":401}
{"timestamp":"2026-01-06T14:12:18.447729Z","level":"info","event":"[1103/9370] Scrapping definition : Magic Brakes","logger":"root","filename":"ingestion_dag.py","lineno":401}
{"timestamp":"2026-01-06T14:12:18.950636Z","level":"info","event":"[1104/9370] Scrapping definition : Miranda Rights","logger":"root","filename":"ingestion_dag.py","lineno":401}
{"timestamp":"2026-01-06T14:12:19.513961Z","level":"info","event":"[1105/9370] Scrapping definition : Mock Millionaire","logger":"root","filename":"ingestion_dag.py","lineno":401}
{"timestamp":"2026-01-06T14:12:19.959229Z","level":"info","event":"[1106/9370] Scrapping definition : Montages","logger":"root","filename":"ingestion_dag.py","lineno":401}
{"timestamp":"2026-01-06T14:12:20.498573Z","level":"info","event":"[1107/9370] Scrapping definition : pad out the script.","logger":"root","filename":"ingestion_dag.py","lineno":401}
{"timestamp":"2026-01-06T14:12:21.003854Z","level":"info","event":"[1108/9370] Scrapping definition : Morton's Fork","logger":"root","filename":"ingestion_dag.py","lineno":401}
{"timestamp":"2026-01-06T14:12:21.525464Z","level":"info","event":"[1109/9370] Scrapping definition : The Movie","logger":"root","filename":"ingestion_dag.py","lineno":401}
{"timestamp":"2026-01-06T14:12:22.019511Z","level":"info","event":"[1110/9370] Scrapping definition : New Old Flame","logger":"root","filename":"ingestion_dag.py","lineno":401}
{"timestamp":"2026-01-06T14:12:22.639595Z","level":"info","event":"[1111/9370] Scrapping definition : Once an Episode","logger":"root","filename":"ingestion_dag.py","lineno":401}
{"timestamp":"2026-01-06T14:12:23.332124Z","level":"info","event":"[1112/9370] Scrapping definition : CPR","logger":"root","filename":"ingestion_dag.py","lineno":401}
{"timestamp":"2026-01-06T14:12:23.866162Z","level":"info","event":"[1113/9370] Scrapping definition : Overcrank","logger":"root","filename":"ingestion_dag.py","lineno":401}
{"timestamp":"2026-01-06T14:12:24.495196Z","level":"info","event":"[1114/9370] Scrapping definition : Parallel Porn Titles","logger":"root","filename":"ingestion_dag.py","lineno":401}
{"timestamp":"2026-01-06T14:12:25.016504Z","level":"info","event":"[1115/9370] Scrapping definition : Parody Episode","logger":"root","filename":"ingestion_dag.py","lineno":401}
{"timestamp":"2026-01-06T14:12:25.530606Z","level":"info","event":"[1116/9370] Scrapping definition : Poor Man's Porn","logger":"root","filename":"ingestion_dag.py","lineno":401}
{"timestamp":"2026-01-06T14:12:26.037370Z","level":"info","event":"[1117/9370] Scrapping definition : Precap","logger":"root","filename":"ingestion_dag.py","lineno":401}
{"timestamp":"2026-01-06T14:12:26.526859Z","level":"info","event":"[1118/9370] Scrapping definition : Precocious Crush","logger":"root","filename":"ingestion_dag.py","lineno":401}
{"timestamp":"2026-01-06T14:12:27.044328Z","level":"info","event":"[1119/9370] Scrapping definition : \"Previously On...\"","logger":"root","filename":"ingestion_dag.py","lineno":401}
{"timestamp":"2026-01-06T14:12:27.634575Z","level":"info","event":"[1120/9370] Scrapping definition : Product Placement","logger":"root","filename":"ingestion_dag.py","lineno":401}
{"timestamp":"2026-01-06T14:12:28.254932Z","level":"info","event":"[1121/9370] Scrapping definition : Promotion to Opening Titles","logger":"root","filename":"ingestion_dag.py","lineno":401}
{"timestamp":"2026-01-06T14:12:28.757329Z","level":"info","event":"[1122/9370] Scrapping definition : Public Domain Soundtrack","logger":"root","filename":"ingestion_dag.py","lineno":401}
{"timestamp":"2026-01-06T14:12:29.270657Z","level":"info","event":"[1123/9370] Scrapping definition : Pun-Based Title","logger":"root","filename":"ingestion_dag.py","lineno":401}
{"timestamp":"2026-01-06T14:12:29.768308Z","level":"info","event":"[1124/9370] Scrapping definition : Punctuated! For! Emphasis!","logger":"root","filename":"ingestion_dag.py","lineno":401}
{"timestamp":"2026-01-06T14:12:30.373450Z","level":"info","event":"[1125/9370] Scrapping definition : very dramatically","logger":"root","filename":"ingestion_dag.py","lineno":401}
{"timestamp":"2026-01-06T14:12:30.877521Z","level":"info","event":"[1126/9370] Scrapping definition : Reincarnation","logger":"root","filename":"ingestion_dag.py","lineno":401}
{"timestamp":"2026-01-06T14:12:31.373420Z","level":"info","event":"[1127/9370] Scrapping definition : Rescue","logger":"root","filename":"ingestion_dag.py","lineno":401}
{"timestamp":"2026-01-06T14:12:31.891567Z","level":"info","event":"[1128/9370] Scrapping definition : Revolving Door Casting","logger":"root","filename":"ingestion_dag.py","lineno":401}
{"timestamp":"2026-01-06T14:12:32.441498Z","level":"info","event":"[1129/9370] Scrapping definition : Right Behind Me","logger":"root","filename":"ingestion_dag.py","lineno":401}
{"timestamp":"2026-01-06T14:12:32.940232Z","level":"info","event":"[1130/9370] Scrapping definition : Rotating Arcs","logger":"root","filename":"ingestion_dag.py","lineno":401}
{"timestamp":"2026-01-06T14:12:33.431758Z","level":"info","event":"[1131/9370] Scrapping definition : Save the Villain","logger":"root","filename":"ingestion_dag.py","lineno":401}
{"timestamp":"2026-01-06T14:12:33.932814Z","level":"info","event":"[1132/9370] Scrapping definition : Scenery Censor","logger":"root","filename":"ingestion_dag.py","lineno":401}
{"timestamp":"2026-01-06T14:12:34.443155Z","level":"info","event":"[1133/9370] Scrapping definition : Sequel Episode","logger":"root","filename":"ingestion_dag.py","lineno":401}
{"timestamp":"2026-01-06T14:12:35.022874Z","level":"info","event":"[1134/9370] Scrapping definition : Sick Episode","logger":"root","filename":"ingestion_dag.py","lineno":401}
{"timestamp":"2026-01-06T14:12:35.335314Z","level":"info","event":"[1135/9370] Scrapping definition : Slow Motion Fall","logger":"root","filename":"ingestion_dag.py","lineno":401}
{"timestamp":"2026-01-06T14:12:35.818086Z","level":"info","event":"[1136/9370] Scrapping definition : Soft Water","logger":"root","filename":"ingestion_dag.py","lineno":401}
{"timestamp":"2026-01-06T14:12:36.375019Z","level":"info","event":"[1137/9370] Scrapping definition : Special Guest","logger":"root","filename":"ingestion_dag.py","lineno":401}
{"timestamp":"2026-01-06T14:12:36.823076Z","level":"info","event":"[1138/9370] Scrapping definition : Star-Crossed Lovers","logger":"root","filename":"ingestion_dag.py","lineno":401}
{"timestamp":"2026-01-06T14:12:37.403597Z","level":"info","event":"[1139/9370] Scrapping definition : Status Quo Is God","logger":"root","filename":"ingestion_dag.py","lineno":401}
{"timestamp":"2026-01-06T14:12:37.743974Z","level":"info","event":"[1140/9370] Scrapping definition : Stock Footage","logger":"root","filename":"ingestion_dag.py","lineno":401}
{"timestamp":"2026-01-06T14:12:38.302302Z","level":"info","event":"[1141/9370] Scrapping definition : Stuff Blowing Up","logger":"root","filename":"ingestion_dag.py","lineno":401}
{"timestamp":"2026-01-06T14:12:38.859261Z","level":"info","event":"[1142/9370] Scrapping definition : Suspiciously Similar Song","logger":"root","filename":"ingestion_dag.py","lineno":401}
{"timestamp":"2026-01-06T14:12:39.403271Z","level":"info","event":"[1143/9370] Scrapping definition : Ten-Minute Retirement","logger":"root","filename":"ingestion_dag.py","lineno":401}
{"timestamp":"2026-01-06T14:12:39.913771Z","level":"info","event":"[1144/9370] Scrapping definition : frustrated by his temporary paralysis","logger":"root","filename":"ingestion_dag.py","lineno":401}
{"timestamp":"2026-01-06T14:12:40.431573Z","level":"info","event":"[1145/9370] Scrapping definition : That's What I Call X","logger":"root","filename":"ingestion_dag.py","lineno":401}
{"timestamp":"2026-01-06T14:12:40.958755Z","level":"info","event":"[1146/9370] Scrapping definition : Incredibly Lame Pun","logger":"root","filename":"ingestion_dag.py","lineno":401}
{"timestamp":"2026-01-06T14:12:41.549980Z","level":"info","event":"[1147/9370] Scrapping definition : Throwing Off the Disability","logger":"root","filename":"ingestion_dag.py","lineno":401}
{"timestamp":"2026-01-06T14:12:42.081898Z","level":"info","event":"[1148/9370] Scrapping definition : Title Montage","logger":"root","filename":"ingestion_dag.py","lineno":401}
{"timestamp":"2026-01-06T14:12:42.568022Z","level":"info","event":"[1149/9370] Scrapping definition : Training Montage","logger":"root","filename":"ingestion_dag.py","lineno":401}
{"timestamp":"2026-01-06T14:12:43.095264Z","level":"info","event":"[1150/9370] Scrapping definition : Two-Timer Date","logger":"root","filename":"ingestion_dag.py","lineno":401}
{"timestamp":"2026-01-06T14:12:43.582341Z","level":"info","event":"[1151/9370] Scrapping definition : Undercover As Lovers","logger":"root","filename":"ingestion_dag.py","lineno":401}
{"timestamp":"2026-01-06T14:12:44.067716Z","level":"info","event":"[1152/9370] Scrapping definition : Underwater Kiss","logger":"root","filename":"ingestion_dag.py","lineno":401}
{"timestamp":"2026-01-06T14:12:44.609743Z","level":"info","event":"[1153/9370] Scrapping definition : Vacation Episode","logger":"root","filename":"ingestion_dag.py","lineno":401}
{"timestamp":"2026-01-06T14:12:45.126084Z","level":"info","event":"[1154/9370] Scrapping definition : Very Special Episode","logger":"root","filename":"ingestion_dag.py","lineno":401}
{"timestamp":"2026-01-06T14:12:45.743129Z","level":"info","event":"[1155/9370] Scrapping definition : Water Source Tampering","logger":"root","filename":"ingestion_dag.py","lineno":401}
{"timestamp":"2026-01-06T14:12:46.253079Z","level":"info","event":"[1156/9370] Scrapping definition : Why Did It Have to Be Snakes?","logger":"root","filename":"ingestion_dag.py","lineno":401}
{"timestamp":"2026-01-06T14:12:46.809407Z","level":"info","event":"[1157/9370] Scrapping definition : You Are Grounded","logger":"root","filename":"ingestion_dag.py","lineno":401}
{"timestamp":"2026-01-06T14:12:47.343824Z","level":"info","event":"[1158/9370] Scrapping definition : You Look Familiar","logger":"root","filename":"ingestion_dag.py","lineno":401}
{"timestamp":"2026-01-06T14:12:47.939830Z","level":"info","event":"[1159/9370] Scrapping definition : Your Princess Is in Another Castle","logger":"root","filename":"ingestion_dag.py","lineno":401}
{"timestamp":"2026-01-06T14:12:48.606897Z","level":"info","event":"[1160/9370] Scrapping definition : Absent-Minded Professor","logger":"root","filename":"ingestion_dag.py","lineno":401}
{"timestamp":"2026-01-06T14:12:49.133407Z","level":"info","event":"[1161/9370] Scrapping definition : Answer Cut","logger":"root","filename":"ingestion_dag.py","lineno":401}
{"timestamp":"2026-01-06T14:12:49.697883Z","level":"info","event":"[1162/9370] Scrapping definition : The Big Board","logger":"root","filename":"ingestion_dag.py","lineno":401}
{"timestamp":"2026-01-06T14:12:50.224768Z","level":"info","event":"[1163/9370] Scrapping definition : Broken Ace","logger":"root","filename":"ingestion_dag.py","lineno":401}
{"timestamp":"2026-01-06T14:12:50.723228Z","level":"info","event":"[1164/9370] Scrapping definition : Did You See That Too","logger":"root","filename":"ingestion_dag.py","lineno":401}
{"timestamp":"2026-01-06T14:12:51.403111Z","level":"info","event":"[1165/9370] Scrapping definition : Justified","logger":"root","filename":"ingestion_dag.py","lineno":401}
{"timestamp":"2026-01-06T14:12:51.886316Z","level":"info","event":"[1166/9370] Scrapping definition : Ditzy Genius","logger":"root","filename":"ingestion_dag.py","lineno":401}
{"timestamp":"2026-01-06T14:12:52.375746Z","level":"info","event":"[1167/9370] Scrapping definition : Do You Want to Copulate?","logger":"root","filename":"ingestion_dag.py","lineno":401}
{"timestamp":"2026-01-06T14:12:52.841082Z","level":"info","event":"[1168/9370] Scrapping definition : Abnormal Limb Rotation Range","logger":"root","filename":"ingestion_dag.py","lineno":401}
{"timestamp":"2026-01-06T14:12:53.340733Z","level":"info","event":"[1169/9370] Scrapping definition : If It's You It's Okay","logger":"root","filename":"ingestion_dag.py","lineno":401}
{"timestamp":"2026-01-06T14:12:53.861302Z","level":"info","event":"[1170/9370] Scrapping definition : Heterosexual Life Partners","logger":"root","filename":"ingestion_dag.py","lineno":401}
{"timestamp":"2026-01-06T14:12:54.477624Z","level":"info","event":"[1171/9370] Scrapping definition : And I Must Scream","logger":"root","filename":"ingestion_dag.py","lineno":401}
{"timestamp":"2026-01-06T14:12:55.007311Z","level":"info","event":"[1172/9370] Scrapping definition : Bizarrchitecture","logger":"root","filename":"ingestion_dag.py","lineno":401}
{"timestamp":"2026-01-06T14:12:55.661272Z","level":"info","event":"[1173/9370] Scrapping definition : Black Bug Room","logger":"root","filename":"ingestion_dag.py","lineno":401}
{"timestamp":"2026-01-06T14:12:56.340580Z","level":"info","event":"[1174/9370] Scrapping definition : Charlie Sheen","logger":"root","filename":"ingestion_dag.py","lineno":401}
{"timestamp":"2026-01-06T14:12:56.826494Z","level":"info","event":"[1175/9370] Scrapping definition : Sean Penn","logger":"root","filename":"ingestion_dag.py","lineno":401}
{"timestamp":"2026-01-06T14:12:57.288573Z","level":"info","event":"[1176/9370] Scrapping definition : Brad Pitt","logger":"root","filename":"ingestion_dag.py","lineno":401}
{"timestamp":"2026-01-06T14:12:57.747537Z","level":"info","event":"[1177/9370] Scrapping definition : Evil Versus Evil","logger":"root","filename":"ingestion_dag.py","lineno":401}
{"timestamp":"2026-01-06T14:12:58.597251Z","level":"info","event":"[1178/9370] Scrapping definition : Femme Fatale","logger":"root","filename":"ingestion_dag.py","lineno":401}
{"timestamp":"2026-01-06T14:12:59.097643Z","level":"info","event":"[1179/9370] Scrapping definition : Grand Theft Me","logger":"root","filename":"ingestion_dag.py","lineno":401}
{"timestamp":"2026-01-06T14:12:59.691551Z","level":"info","event":"[1180/9370] Scrapping definition : Granola Girl","logger":"root","filename":"ingestion_dag.py","lineno":401}
{"timestamp":"2026-01-06T14:13:00.198584Z","level":"info","event":"[1181/9370] Scrapping definition : If I Can't Have You","logger":"root","filename":"ingestion_dag.py","lineno":401}
{"timestamp":"2026-01-06T14:13:00.734101Z","level":"info","event":"[1182/9370] Scrapping definition : Malkovich Malkovich","logger":"root","filename":"ingestion_dag.py","lineno":401}
{"timestamp":"2026-01-06T14:13:01.264369Z","level":"info","event":"[1183/9370] Scrapping definition : Malkovich Malkovich Malkovich","logger":"root","filename":"ingestion_dag.py","lineno":401}
{"timestamp":"2026-01-06T14:13:01.742762Z","level":"info","event":"[1184/9370] Scrapping definition : Adam and or Eve","logger":"root","filename":"ingestion_dag.py","lineno":401}
{"timestamp":"2026-01-06T14:13:02.246008Z","level":"info","event":"[1185/9370] Scrapping definition : Adaptational Attractiveness","logger":"root","filename":"ingestion_dag.py","lineno":401}
{"timestamp":"2026-01-06T14:13:02.812094Z","level":"info","event":"[1186/9370] Scrapping definition : Informed Attractiveness","logger":"root","filename":"ingestion_dag.py","lineno":401}
{"timestamp":"2026-01-06T14:13:03.329269Z","level":"info","event":"[1187/9370] Scrapping definition : Pragmatic Adaptation","logger":"root","filename":"ingestion_dag.py","lineno":401}
{"timestamp":"2026-01-06T14:13:03.792205Z","level":"info","event":"[1188/9370] Scrapping definition : Also Sprach Zarathustra","logger":"root","filename":"ingestion_dag.py","lineno":401}
{"timestamp":"2026-01-06T14:13:04.293400Z","level":"info","event":"[1189/9370] Scrapping definition : Arc Words","logger":"root","filename":"ingestion_dag.py","lineno":401}
{"timestamp":"2026-01-06T14:13:04.974658Z","level":"info","event":"[1190/9370] Scrapping definition : Big Fancy House","logger":"root","filename":"ingestion_dag.py","lineno":401}
{"timestamp":"2026-01-06T14:13:05.484417Z","level":"info","event":"[1191/9370] Scrapping definition : The Caretaker","logger":"root","filename":"ingestion_dag.py","lineno":401}
{"timestamp":"2026-01-06T14:13:05.984576Z","level":"info","event":"[1192/9370] Scrapping definition : Crystal Ball Scheduling","logger":"root","filename":"ingestion_dag.py","lineno":401}
{"timestamp":"2026-01-06T14:13:06.505668Z","level":"info","event":"[1193/9370] Scrapping definition : Everything Is Racist","logger":"root","filename":"ingestion_dag.py","lineno":401}
{"timestamp":"2026-01-06T14:13:06.982866Z","level":"info","event":"[1194/9370] Scrapping definition : Fish Out of Water","logger":"root","filename":"ingestion_dag.py","lineno":401}
{"timestamp":"2026-01-06T14:13:07.442639Z","level":"info","event":"[1195/9370] Scrapping definition : The Fool","logger":"root","filename":"ingestion_dag.py","lineno":401}
{"timestamp":"2026-01-06T14:13:07.944390Z","level":"info","event":"[1196/9370] Scrapping definition : Good Adultery, Bad Adultery","logger":"root","filename":"ingestion_dag.py","lineno":401}
{"timestamp":"2026-01-06T14:13:08.469465Z","level":"info","event":"[1197/9370] Scrapping definition : Good Morning, Crono","logger":"root","filename":"ingestion_dag.py","lineno":401}
{"timestamp":"2026-01-06T14:13:08.989516Z","level":"info","event":"[1198/9370] Scrapping definition : Hilarious Outtakes","logger":"root","filename":"ingestion_dag.py","lineno":401}
{"timestamp":"2026-01-06T14:13:09.546294Z","level":"info","event":"[1199/9370] Scrapping definition : Ice Cream Koan","logger":"root","filename":"ingestion_dag.py","lineno":401}
{"timestamp":"2026-01-06T14:13:10.020021Z","level":"info","event":"[1200/9370] Scrapping definition : The Immodest Orgasm","logger":"root","filename":"ingestion_dag.py","lineno":401}
{"timestamp":"2026-01-06T14:13:10.486852Z","level":"info","event":"[1201/9370] Scrapping definition : Innocent Inaccurate","logger":"root","filename":"ingestion_dag.py","lineno":401}
{"timestamp":"2026-01-06T14:13:11.001940Z","level":"info","event":"[1202/9370] Scrapping definition : Inspirationally Disadvantaged","logger":"root","filename":"ingestion_dag.py","lineno":401}
{"timestamp":"2026-01-06T14:13:11.621395Z","level":"info","event":"[1203/9370] Scrapping definition : Late Arrival Spoiler","logger":"root","filename":"ingestion_dag.py","lineno":401}
{"timestamp":"2026-01-06T14:13:12.252482Z","level":"info","event":"[1204/9370] Scrapping definition : Twist Ending","logger":"root","filename":"ingestion_dag.py","lineno":401}
{"timestamp":"2026-01-06T14:13:12.926708Z","level":"info","event":"[1205/9370] Scrapping definition : The Loins Sleep Tonight","logger":"root","filename":"ingestion_dag.py","lineno":401}
{"timestamp":"2026-01-06T14:13:13.416165Z","level":"info","event":"[1206/9370] Scrapping definition : Lonely Rich Kid","logger":"root","filename":"ingestion_dag.py","lineno":401}
{"timestamp":"2026-01-06T14:13:14.199195Z","level":"info","event":"[1207/9370] Scrapping definition : Meaningful Funeral","logger":"root","filename":"ingestion_dag.py","lineno":401}
{"timestamp":"2026-01-06T14:13:14.741701Z","level":"info","event":"[1208/9370] Scrapping definition : Messianic Archetype","logger":"root","filename":"ingestion_dag.py","lineno":401}
{"timestamp":"2026-01-06T14:13:15.258532Z","level":"info","event":"[1209/9370] Scrapping definition : Mistaken for Profound","logger":"root","filename":"ingestion_dag.py","lineno":401}
{"timestamp":"2026-01-06T14:13:15.788738Z","level":"info","event":"[1210/9370] Scrapping definition : Mysterious Past","logger":"root","filename":"ingestion_dag.py","lineno":401}
{"timestamp":"2026-01-06T14:13:16.332127Z","level":"info","event":"[1211/9370] Scrapping definition : Having been isolated so completely from the world, Chance likely doesn't have any of these things anyway!","logger":"root","filename":"ingestion_dag.py","lineno":401}
{"timestamp":"2026-01-06T14:13:17.035361Z","level":"info","event":"[1212/9370] Scrapping definition : No Ending","logger":"root","filename":"ingestion_dag.py","lineno":401}
{"timestamp":"2026-01-06T14:13:17.362775Z","level":"info","event":"[1213/9370] Scrapping definition : Life is a state of mind","logger":"root","filename":"ingestion_dag.py","lineno":401}
{"timestamp":"2026-01-06T14:13:17.587499Z","level":"info","event":"[1214/9370] Scrapping definition : One Dialogue, Two Conversations","logger":"root","filename":"ingestion_dag.py","lineno":401}
{"timestamp":"2026-01-06T14:13:18.143625Z","level":"info","event":"[1215/9370] Scrapping definition : Only Known by Their Nickname","logger":"root","filename":"ingestion_dag.py","lineno":401}
{"timestamp":"2026-01-06T14:13:18.510764Z","level":"info","event":"[1216/9370] Scrapping definition : died in childbirth","logger":"root","filename":"ingestion_dag.py","lineno":401}
{"timestamp":"2026-01-06T14:13:19.000969Z","level":"info","event":"[1217/9370] Scrapping definition : Parody Sue","logger":"root","filename":"ingestion_dag.py","lineno":401}
{"timestamp":"2026-01-06T14:13:19.539624Z","level":"info","event":"[1218/9370] Scrapping definition : Peter Sellers","logger":"root","filename":"ingestion_dag.py","lineno":401}
{"timestamp":"2026-01-06T14:13:19.999278Z","level":"info","event":"[1219/9370] Scrapping definition : Prophetic Name","logger":"root","filename":"ingestion_dag.py","lineno":401}
{"timestamp":"2026-01-06T14:13:20.835259Z","level":"info","event":"[1220/9370] Scrapping definition : Realistic Diction Is Unrealistic","logger":"root","filename":"ingestion_dag.py","lineno":401}
{"timestamp":"2026-01-06T14:13:21.524484Z","level":"info","event":"[1221/9370] Scrapping definition : Roger Ebert Great Movies List","logger":"root","filename":"ingestion_dag.py","lineno":401}
{"timestamp":"2026-01-06T14:13:21.979530Z","level":"info","event":"[1222/9370] Scrapping definition : Satire, Parody, Pastiche","logger":"root","filename":"ingestion_dag.py","lineno":401}
{"timestamp":"2026-01-06T14:13:22.454453Z","level":"info","event":"[1223/9370] Scrapping definition : Small Secluded World","logger":"root","filename":"ingestion_dag.py","lineno":401}
{"timestamp":"2026-01-06T14:13:22.931311Z","level":"info","event":"[1224/9370] Scrapping definition : Soundtrack Dissonance","logger":"root","filename":"ingestion_dag.py","lineno":401}
{"timestamp":"2026-01-06T14:13:23.400557Z","level":"info","event":"[1225/9370] Scrapping definition : Steven Ulysses Perhero","logger":"root","filename":"ingestion_dag.py","lineno":401}
{"timestamp":"2026-01-06T14:13:24.013379Z","level":"info","event":"[1226/9370] Scrapping definition : Uncomfortable Elevator Moment","logger":"root","filename":"ingestion_dag.py","lineno":401}
{"timestamp":"2026-01-06T14:13:24.515532Z","level":"info","event":"[1227/9370] Scrapping definition : Rule of Three","logger":"root","filename":"ingestion_dag.py","lineno":401}
{"timestamp":"2026-01-06T14:13:25.057050Z","level":"info","event":"[1228/9370] Scrapping definition : Un Entendre","logger":"root","filename":"ingestion_dag.py","lineno":401}
{"timestamp":"2026-01-06T14:13:25.649020Z","level":"info","event":"[1229/9370] Scrapping definition : Adult Child","logger":"root","filename":"ingestion_dag.py","lineno":401}
{"timestamp":"2026-01-06T14:13:26.399990Z","level":"info","event":"[1230/9370] Scrapping definition : Defrosting Ice Queen","logger":"root","filename":"ingestion_dag.py","lineno":401}
{"timestamp":"2026-01-06T14:13:26.930471Z","level":"info","event":"[1231/9370] Scrapping definition : Sugar and Ice Personality","logger":"root","filename":"ingestion_dag.py","lineno":401}
{"timestamp":"2026-01-06T14:13:27.467509Z","level":"info","event":"[1232/9370] Scrapping definition : Face on a Milk Carton","logger":"root","filename":"ingestion_dag.py","lineno":401}
{"timestamp":"2026-01-06T14:13:27.990535Z","level":"info","event":"[1233/9370] Scrapping definition : Fiction Business Savvy","logger":"root","filename":"ingestion_dag.py","lineno":401}
{"timestamp":"2026-01-06T14:13:28.614308Z","level":"info","event":"[1234/9370] Scrapping definition : Honest Corporate Executive","logger":"root","filename":"ingestion_dag.py","lineno":401}
{"timestamp":"2026-01-06T14:13:29.148317Z","level":"info","event":"[1235/9370] Scrapping definition : Inferred Holocaust","logger":"root","filename":"ingestion_dag.py","lineno":401}
{"timestamp":"2026-01-06T14:13:30.494080Z","level":"info","event":"[1236/9370] Scrapping definition : this movie ending","logger":"root","filename":"ingestion_dag.py","lineno":401}
{"timestamp":"2026-01-06T14:13:30.640049Z","level":"error","event":"Error of scraping: 403 Client Error: Forbidden for url: https://www.cracked.com/article_18793_5-reasons-big-had-most-depressing-happy-ending-ever.html","logger":"root","filename":"ingestion_dag.py","lineno":365}
{"timestamp":"2026-01-06T14:13:30.741672Z","level":"info","event":"[1237/9370] Scrapping definition : Just Woke Up That Way","logger":"root","filename":"ingestion_dag.py","lineno":401}
{"timestamp":"2026-01-06T14:13:31.231249Z","level":"info","event":"[1238/9370] Scrapping definition : The Little Shop That Wasn't There Yesterday","logger":"root","filename":"ingestion_dag.py","lineno":401}
{"timestamp":"2026-01-06T14:13:31.738993Z","level":"info","event":"[1239/9370] Scrapping definition : Make a Wish","logger":"root","filename":"ingestion_dag.py","lineno":401}
{"timestamp":"2026-01-06T14:13:32.236019Z","level":"info","event":"[1240/9370] Scrapping definition : Applied Phlebotinum","logger":"root","filename":"ingestion_dag.py","lineno":401}
{"timestamp":"2026-01-06T14:13:32.963503Z","level":"info","event":"[1241/9370] Scrapping definition : Male Gaze","logger":"root","filename":"ingestion_dag.py","lineno":401}
{"timestamp":"2026-01-06T14:13:33.449978Z","level":"info","event":"[1242/9370] Scrapping definition : Overnight Age-Up","logger":"root","filename":"ingestion_dag.py","lineno":401}
{"timestamp":"2026-01-06T14:13:33.916048Z","level":"info","event":"[1243/9370] Scrapping definition : Trope Codifier","logger":"root","filename":"ingestion_dag.py","lineno":401}
{"timestamp":"2026-01-06T14:13:34.463976Z","level":"info","event":"[1244/9370] Scrapping definition : only to get silenced","logger":"root","filename":"ingestion_dag.py","lineno":401}
{"timestamp":"2026-01-06T14:13:34.965647Z","level":"info","event":"[1245/9370] Scrapping definition : Something Only They Would Say","logger":"root","filename":"ingestion_dag.py","lineno":401}
{"timestamp":"2026-01-06T14:13:35.432493Z","level":"info","event":"[1246/9370] Scrapping definition : Trust Password","logger":"root","filename":"ingestion_dag.py","lineno":401}
{"timestamp":"2026-01-06T14:13:35.959294Z","level":"info","event":"[1247/9370] Scrapping definition : Tacky Tuxedo","logger":"root","filename":"ingestion_dag.py","lineno":401}
{"timestamp":"2026-01-06T14:13:36.480409Z","level":"info","event":"[1248/9370] Scrapping definition : Corrupt Hick","logger":"root","filename":"ingestion_dag.py","lineno":401}
{"timestamp":"2026-01-06T14:13:36.945154Z","level":"info","event":"[1249/9370] Scrapping definition : Deleted Scene","logger":"root","filename":"ingestion_dag.py","lineno":401}
{"timestamp":"2026-01-06T14:13:37.491092Z","level":"info","event":"[1250/9370] Scrapping definition : Flash Back","logger":"root","filename":"ingestion_dag.py","lineno":401}
{"timestamp":"2026-01-06T14:13:38.124894Z","level":"info","event":"[1251/9370] Scrapping definition : Kevin Costner","logger":"root","filename":"ingestion_dag.py","lineno":401}
{"timestamp":"2026-01-06T14:13:38.922624Z","level":"info","event":"[1252/9370] Scrapping definition : Expy","logger":"root","filename":"ingestion_dag.py","lineno":401}
{"timestamp":"2026-01-06T14:13:39.377087Z","level":"info","event":"[1253/9370] Scrapping definition : Magnum, P.I.","logger":"root","filename":"ingestion_dag.py","lineno":401}
{"timestamp":"2026-01-06T14:13:39.899833Z","level":"info","event":"[1254/9370] Scrapping definition : Good People Have Good Sex","logger":"root","filename":"ingestion_dag.py","lineno":401}
{"timestamp":"2026-01-06T14:13:40.419975Z","level":"info","event":"[1255/9370] Scrapping definition : Longing Look","logger":"root","filename":"ingestion_dag.py","lineno":401}
{"timestamp":"2026-01-06T14:13:40.742926Z","level":"info","event":"[1256/9370] Scrapping definition : Posthumous Character","logger":"root","filename":"ingestion_dag.py","lineno":401}
{"timestamp":"2026-01-06T14:13:41.244903Z","level":"info","event":"[1257/9370] Scrapping definition : Raiders of the Lost Ark","logger":"root","filename":"ingestion_dag.py","lineno":401}
{"timestamp":"2026-01-06T14:13:41.774868Z","level":"info","event":"[1258/9370] Scrapping definition : Start to Corpse","logger":"root","filename":"ingestion_dag.py","lineno":401}
{"timestamp":"2026-01-06T14:13:42.251463Z","level":"info","event":"[1259/9370] Scrapping definition : Starts with a Suicide","logger":"root","filename":"ingestion_dag.py","lineno":401}
{"timestamp":"2026-01-06T14:13:42.824119Z","level":"info","event":"[1260/9370] Scrapping definition : Vitriolic Best Buds","logger":"root","filename":"ingestion_dag.py","lineno":401}
{"timestamp":"2026-01-06T14:13:43.449614Z","level":"info","event":"[1261/9370] Scrapping definition : voodoo priestess","logger":"root","filename":"ingestion_dag.py","lineno":401}
{"timestamp":"2026-01-06T14:13:43.928481Z","level":"info","event":"[1262/9370] Scrapping definition : Captain Carrot and His Amazing Zoo Crew","logger":"root","filename":"ingestion_dag.py","lineno":401}
{"timestamp":"2026-01-06T14:13:44.397066Z","level":"info","event":"[1263/9370] Scrapping definition : Its Always Mardi Gras In Mew Orleans","logger":"root","filename":"ingestion_dag.py","lineno":401}
{"timestamp":"2026-01-06T14:13:44.897757Z","level":"info","event":"[1264/9370] Scrapping definition : Valiant Comics","logger":"root","filename":"ingestion_dag.py","lineno":401}
{"timestamp":"2026-01-06T14:13:45.436874Z","level":"info","event":"[1265/9370] Scrapping definition : the films","logger":"root","filename":"ingestion_dag.py","lineno":401}
{"timestamp":"2026-01-06T14:13:45.915284Z","level":"info","event":"[1266/9370] Scrapping definition : Daimon Hellstrom","logger":"root","filename":"ingestion_dag.py","lineno":401}
{"timestamp":"2026-01-06T14:13:46.390176Z","level":"info","event":"[1267/9370] Scrapping definition : Unreliable Narrator","logger":"root","filename":"ingestion_dag.py","lineno":401}
{"timestamp":"2026-01-06T14:13:46.912590Z","level":"info","event":"[1268/9370] Scrapping definition : extremely grumpy","logger":"root","filename":"ingestion_dag.py","lineno":401}
{"timestamp":"2026-01-06T14:13:47.395628Z","level":"info","event":"[1269/9370] Scrapping definition : the Vietnam War","logger":"root","filename":"ingestion_dag.py","lineno":401}
{"timestamp":"2026-01-06T14:13:47.949803Z","level":"info","event":"[1270/9370] Scrapping definition : Shabbos","logger":"root","filename":"ingestion_dag.py","lineno":401}
{"timestamp":"2026-01-06T14:13:48.469589Z","level":"info","event":"[1271/9370] Scrapping definition : Steve Buscemi","logger":"root","filename":"ingestion_dag.py","lineno":401}
{"timestamp":"2026-01-06T14:13:48.967112Z","level":"info","event":"[1272/9370] Scrapping definition : Julianne Moore","logger":"root","filename":"ingestion_dag.py","lineno":401}
{"timestamp":"2026-01-06T14:13:49.531901Z","level":"info","event":"[1273/9370] Scrapping definition : Karl Hungus","logger":"root","filename":"ingestion_dag.py","lineno":401}
{"timestamp":"2026-01-06T14:13:50.001814Z","level":"info","event":"[1274/9370] Scrapping definition : Peter Stormare","logger":"root","filename":"ingestion_dag.py","lineno":401}
{"timestamp":"2026-01-06T14:13:50.550632Z","level":"info","event":"[1275/9370] Scrapping definition : nihilist","logger":"root","filename":"ingestion_dag.py","lineno":401}
{"timestamp":"2026-01-06T14:13:51.054911Z","level":"info","event":"[1276/9370] Scrapping definition : Red Hot Chili Peppers","logger":"root","filename":"ingestion_dag.py","lineno":401}
{"timestamp":"2026-01-06T14:13:51.559231Z","level":"info","event":"[1277/9370] Scrapping definition : no plot purpose and shows up for only two scenes","logger":"root","filename":"ingestion_dag.py","lineno":401}
{"timestamp":"2026-01-06T14:13:51.781742Z","level":"info","event":"[1278/9370] Scrapping definition : hilarious enough","logger":"root","filename":"ingestion_dag.py","lineno":401}
{"timestamp":"2026-01-06T14:13:52.300677Z","level":"info","event":"[1279/9370] Scrapping definition : most memorable characters","logger":"root","filename":"ingestion_dag.py","lineno":401}
{"timestamp":"2026-01-06T14:13:52.799398Z","level":"info","event":"[1280/9370] Scrapping definition : narrates","logger":"root","filename":"ingestion_dag.py","lineno":401}
{"timestamp":"2026-01-06T14:13:53.361314Z","level":"info","event":"[1281/9370] Scrapping definition : unaware","logger":"root","filename":"ingestion_dag.py","lineno":401}
{"timestamp":"2026-01-06T14:13:53.952337Z","level":"info","event":"[1282/9370] Scrapping definition : I Take Offense to That Last One","logger":"root","filename":"ingestion_dag.py","lineno":401}
{"timestamp":"2026-01-06T14:13:54.509065Z","level":"info","event":"[1283/9370] Scrapping definition : Camp Gay","logger":"root","filename":"ingestion_dag.py","lineno":401}
{"timestamp":"2026-01-06T14:13:55.047102Z","level":"info","event":"[1284/9370] Scrapping definition : Character Name Alias","logger":"root","filename":"ingestion_dag.py","lineno":401}
{"timestamp":"2026-01-06T14:13:55.518210Z","level":"info","event":"[1285/9370] Scrapping definition : Different for Girls","logger":"root","filename":"ingestion_dag.py","lineno":401}
{"timestamp":"2026-01-06T14:13:55.846327Z","level":"info","event":"[1286/9370] Scrapping definition : Disguised in Drag","logger":"root","filename":"ingestion_dag.py","lineno":401}
{"timestamp":"2026-01-06T14:13:56.397983Z","level":"info","event":"[1287/9370] Scrapping definition : Drag Queen","logger":"root","filename":"ingestion_dag.py","lineno":401}
{"timestamp":"2026-01-06T14:13:56.876643Z","level":"info","event":"[1288/9370] Scrapping definition : Fawlty Towers Plot","logger":"root","filename":"ingestion_dag.py","lineno":401}
{"timestamp":"2026-01-06T14:13:57.373864Z","level":"info","event":"[1289/9370] Scrapping definition : Foreign Remake","logger":"root","filename":"ingestion_dag.py","lineno":401}
{"timestamp":"2026-01-06T14:13:57.845061Z","level":"info","event":"[1290/9370] Scrapping definition : Flying Under the Gaydar","logger":"root","filename":"ingestion_dag.py","lineno":401}
{"timestamp":"2026-01-06T14:13:58.381683Z","level":"info","event":"[1291/9370] Scrapping definition : size of","logger":"root","filename":"ingestion_dag.py","lineno":401}
{"timestamp":"2026-01-06T14:13:58.827460Z","level":"info","event":"[1292/9370] Scrapping definition : his cock.","logger":"root","filename":"ingestion_dag.py","lineno":401}
{"timestamp":"2026-01-06T14:13:59.443103Z","level":"info","event":"[1293/9370] Scrapping definition : Good Ol' Boy","logger":"root","filename":"ingestion_dag.py","lineno":401}
{"timestamp":"2026-01-06T14:13:59.943859Z","level":"info","event":"[1294/9370] Scrapping definition : All There in the Manual","logger":"root","filename":"ingestion_dag.py","lineno":401}
{"timestamp":"2026-01-06T14:14:00.508400Z","level":"info","event":"[1295/9370] Scrapping definition : Borrowed Catchphrase","logger":"root","filename":"ingestion_dag.py","lineno":401}
{"timestamp":"2026-01-06T14:14:01.002363Z","level":"info","event":"[1296/9370] Scrapping definition : Brainwashed and Crazy","logger":"root","filename":"ingestion_dag.py","lineno":401}
{"timestamp":"2026-01-06T14:14:01.520966Z","level":"info","event":"[1297/9370] Scrapping definition : Cloning Blues","logger":"root","filename":"ingestion_dag.py","lineno":401}
{"timestamp":"2026-01-06T14:14:02.481547Z","level":"info","event":"[1298/9370] Scrapping definition : Cut Short","logger":"root","filename":"ingestion_dag.py","lineno":401}
{"timestamp":"2026-01-06T14:14:02.974640Z","level":"info","event":"[1299/9370] Scrapping definition : Divide and Conquer","logger":"root","filename":"ingestion_dag.py","lineno":401}
{"timestamp":"2026-01-06T14:14:03.488110Z","level":"info","event":"[1300/9370] Scrapping definition : Early Installment Weirdness","logger":"root","filename":"ingestion_dag.py","lineno":401}
{"timestamp":"2026-01-06T14:14:03.948642Z","level":"info","event":"[1301/9370] Scrapping definition : Every Episode Ending","logger":"root","filename":"ingestion_dag.py","lineno":401}
{"timestamp":"2026-01-06T14:14:04.616591Z","level":"info","event":"[1302/9370] Scrapping definition : Everything's Better with Spinning","logger":"root","filename":"ingestion_dag.py","lineno":401}
{"timestamp":"2026-01-06T14:14:05.137451Z","level":"info","event":"[1303/9370] Scrapping definition : Fun With Acronyms","logger":"root","filename":"ingestion_dag.py","lineno":401}
{"timestamp":"2026-01-06T14:14:05.790988Z","level":"info","event":"[1304/9370] Scrapping definition : Humanoid Abomination","logger":"root","filename":"ingestion_dag.py","lineno":401}
{"timestamp":"2026-01-06T14:14:06.408453Z","level":"info","event":"[1305/9370] Scrapping definition : Hunting the Most Dangerous Game","logger":"root","filename":"ingestion_dag.py","lineno":401}
{"timestamp":"2026-01-06T14:14:06.939371Z","level":"info","event":"[1306/9370] Scrapping definition : Limited Animation","logger":"root","filename":"ingestion_dag.py","lineno":401}
{"timestamp":"2026-01-06T14:14:07.495312Z","level":"info","event":"[1307/9370] Scrapping definition : Mission Briefing","logger":"root","filename":"ingestion_dag.py","lineno":401}
{"timestamp":"2026-01-06T14:14:08.015734Z","level":"info","event":"[1308/9370] Scrapping definition : Nebulous Evil Organization","logger":"root","filename":"ingestion_dag.py","lineno":401}
{"timestamp":"2026-01-06T14:14:08.742923Z","level":"info","event":"[1309/9370] Scrapping definition : No One Could Survive That","logger":"root","filename":"ingestion_dag.py","lineno":401}
{"timestamp":"2026-01-06T14:14:09.259593Z","level":"info","event":"[1310/9370] Scrapping definition : Say My Name","logger":"root","filename":"ingestion_dag.py","lineno":401}
{"timestamp":"2026-01-06T14:14:09.915569Z","level":"info","event":"[1311/9370] Scrapping definition : Shrink Ray","logger":"root","filename":"ingestion_dag.py","lineno":401}
{"timestamp":"2026-01-06T14:14:10.395708Z","level":"info","event":"[1312/9370] Scrapping definition : Storming the Castle","logger":"root","filename":"ingestion_dag.py","lineno":401}
{"timestamp":"2026-01-06T14:14:10.892751Z","level":"info","event":"[1313/9370] Scrapping definition : Three Shorts","logger":"root","filename":"ingestion_dag.py","lineno":401}
{"timestamp":"2026-01-06T14:14:11.553083Z","level":"info","event":"[1314/9370] Scrapping definition : United Nations","logger":"root","filename":"ingestion_dag.py","lineno":401}
{"timestamp":"2026-01-06T14:14:12.018684Z","level":"info","event":"[1315/9370] Scrapping definition : Developing Doomed Characters","logger":"root","filename":"ingestion_dag.py","lineno":401}
{"timestamp":"2026-01-06T14:14:12.504275Z","level":"info","event":"[1316/9370] Scrapping definition : Enforced Method Acting","logger":"root","filename":"ingestion_dag.py","lineno":401}
{"timestamp":"2026-01-06T14:14:13.124027Z","level":"info","event":"[1317/9370] Scrapping definition : Staggered Zoom","logger":"root","filename":"ingestion_dag.py","lineno":401}
{"timestamp":"2026-01-06T14:14:13.585039Z","level":"info","event":"[1318/9370] Scrapping definition : Feathered Fiend","logger":"root","filename":"ingestion_dag.py","lineno":401}
{"timestamp":"2026-01-06T14:14:14.114435Z","level":"info","event":"[1319/9370] Scrapping definition : Grudging Thank You","logger":"root","filename":"ingestion_dag.py","lineno":401}
{"timestamp":"2026-01-06T14:14:14.630262Z","level":"info","event":"[1320/9370] Scrapping definition : Halfway Plot Switch","logger":"root","filename":"ingestion_dag.py","lineno":401}
{"timestamp":"2026-01-06T14:14:15.226517Z","level":"info","event":"[1321/9370] Scrapping definition : real point.","logger":"root","filename":"ingestion_dag.py","lineno":401}
{"timestamp":"2026-01-06T14:14:15.895510Z","level":"info","event":"[1322/9370] Scrapping definition : Harmful to Minors","logger":"root","filename":"ingestion_dag.py","lineno":401}
{"timestamp":"2026-01-06T14:14:16.390482Z","level":"info","event":"[1323/9370] Scrapping definition : Hey, It's That Guy","logger":"root","filename":"ingestion_dag.py","lineno":401}
{"timestamp":"2026-01-06T14:14:16.956321Z","level":"info","event":"[1324/9370] Scrapping definition : Mel Cooley","logger":"root","filename":"ingestion_dag.py","lineno":401}
{"timestamp":"2026-01-06T14:14:17.588250Z","level":"info","event":"[1325/9370] Scrapping definition : Hey, It's Those Gals","logger":"root","filename":"ingestion_dag.py","lineno":401}
{"timestamp":"2026-01-06T14:14:17.892243Z","level":"info","event":"[1326/9370] Scrapping definition : Miss Daisy","logger":"root","filename":"ingestion_dag.py","lineno":401}
{"timestamp":"2026-01-06T14:14:18.160037Z","level":"info","event":"[1327/9370] Scrapping definition : Emily Hartley","logger":"root","filename":"ingestion_dag.py","lineno":401}
{"timestamp":"2026-01-06T14:14:18.659546Z","level":"info","event":"[1328/9370] Scrapping definition : In Name Only","logger":"root","filename":"ingestion_dag.py","lineno":401}
{"timestamp":"2026-01-06T14:14:19.197069Z","level":"info","event":"[1329/9370] Scrapping definition : Ironic Nursery Tune","logger":"root","filename":"ingestion_dag.py","lineno":401}
{"timestamp":"2026-01-06T14:14:19.701089Z","level":"info","event":"[1330/9370] Scrapping definition : It Got Worse","logger":"root","filename":"ingestion_dag.py","lineno":401}
{"timestamp":"2026-01-06T14:14:20.345740Z","level":"info","event":"[1331/9370] Scrapping definition : It's Quiet... Too Quiet","logger":"root","filename":"ingestion_dag.py","lineno":401}
{"timestamp":"2026-01-06T14:14:20.849085Z","level":"info","event":"[1332/9370] Scrapping definition : Malignant Plot Tumor","logger":"root","filename":"ingestion_dag.py","lineno":401}
{"timestamp":"2026-01-06T14:14:21.463780Z","level":"info","event":"[1333/9370] Scrapping definition : Momma's Boy","logger":"root","filename":"ingestion_dag.py","lineno":401}
{"timestamp":"2026-01-06T14:14:21.972580Z","level":"info","event":"[1334/9370] Scrapping definition : Oh Crap","logger":"root","filename":"ingestion_dag.py","lineno":401}
{"timestamp":"2026-01-06T14:14:22.476004Z","level":"info","event":"[1335/9370] Scrapping definition : Phone Booth","logger":"root","filename":"ingestion_dag.py","lineno":401}
{"timestamp":"2026-01-06T14:14:22.674726Z","level":"info","event":"[1336/9370] Scrapping definition : Ravens and Crows","logger":"root","filename":"ingestion_dag.py","lineno":401}
{"timestamp":"2026-01-06T14:14:23.234956Z","level":"info","event":"[1337/9370] Scrapping definition : are strongly associated with this movie.","logger":"root","filename":"ingestion_dag.py","lineno":401}
{"timestamp":"2026-01-06T14:14:23.770994Z","level":"info","event":"[1338/9370] Scrapping definition : San Francisco","logger":"root","filename":"ingestion_dag.py","lineno":401}
{"timestamp":"2026-01-06T14:14:24.279750Z","level":"info","event":"[1339/9370] Scrapping definition : Sure Why Not","logger":"root","filename":"ingestion_dag.py","lineno":401}
{"timestamp":"2026-01-06T14:14:25.425152Z","level":"info","event":"[1340/9370] Scrapping definition : Too Dumb to Live","logger":"root","filename":"ingestion_dag.py","lineno":401}
{"timestamp":"2026-01-06T14:14:25.948967Z","level":"info","event":"[1341/9370] Scrapping definition : Zerg Rush","logger":"root","filename":"ingestion_dag.py","lineno":401}
{"timestamp":"2026-01-06T14:14:26.418292Z","level":"info","event":"[1342/9370] Scrapping definition : Accidental Murder","logger":"root","filename":"ingestion_dag.py","lineno":401}
{"timestamp":"2026-01-06T14:14:26.892844Z","level":"info","event":"[1343/9370] Scrapping definition : Blue Eyes","logger":"root","filename":"ingestion_dag.py","lineno":401}
{"timestamp":"2026-01-06T14:14:27.397526Z","level":"info","event":"[1344/9370] Scrapping definition : Book Safe","logger":"root","filename":"ingestion_dag.py","lineno":401}
{"timestamp":"2026-01-06T14:14:27.988235Z","level":"info","event":"[1345/9370] Scrapping definition : By the Lights of Their Eyes","logger":"root","filename":"ingestion_dag.py","lineno":401}
{"timestamp":"2026-01-06T14:14:28.586454Z","level":"info","event":"[1346/9370] Scrapping definition : The Calls Are Coming From Inside the House","logger":"root","filename":"ingestion_dag.py","lineno":401}
{"timestamp":"2026-01-06T14:14:29.048209Z","level":"info","event":"[1347/9370] Scrapping definition : The Cavalry Arrives Late","logger":"root","filename":"ingestion_dag.py","lineno":401}
{"timestamp":"2026-01-06T14:14:29.573050Z","level":"info","event":"[1348/9370] Scrapping definition : Comic Relief","logger":"root","filename":"ingestion_dag.py","lineno":401}
{"timestamp":"2026-01-06T14:14:29.954734Z","level":"info","event":"DDefinition not found for https://tropedia.fandom.com/wiki/Comic_Relief","logger":"root","filename":"ingestion_dag.py","lineno":363}
{"timestamp":"2026-01-06T14:14:30.056722Z","level":"info","event":"[1349/9370] Scrapping definition : Creepy Basement","logger":"root","filename":"ingestion_dag.py","lineno":401}
{"timestamp":"2026-01-06T14:14:30.684782Z","level":"info","event":"[1350/9370] Scrapping definition : Creepy Doll","logger":"root","filename":"ingestion_dag.py","lineno":401}
{"timestamp":"2026-01-06T14:14:31.194195Z","level":"info","event":"[1351/9370] Scrapping definition : Curiosity Killed the Cast","logger":"root","filename":"ingestion_dag.py","lineno":401}
{"timestamp":"2026-01-06T14:14:31.780718Z","level":"info","event":"[1352/9370] Scrapping definition : Evil Phone","logger":"root","filename":"ingestion_dag.py","lineno":401}
{"timestamp":"2026-01-06T14:14:32.294305Z","level":"info","event":"[1353/9370] Scrapping definition : Harassing Phone Call","logger":"root","filename":"ingestion_dag.py","lineno":401}
{"timestamp":"2026-01-06T14:14:32.860740Z","level":"info","event":"[1354/9370] Scrapping definition : Exact Eavesdropping","logger":"root","filename":"ingestion_dag.py","lineno":401}
{"timestamp":"2026-01-06T14:14:33.360909Z","level":"info","event":"[1355/9370] Scrapping definition : Final Girl","logger":"root","filename":"ingestion_dag.py","lineno":401}
{"timestamp":"2026-01-06T14:14:33.878278Z","level":"info","event":"[1356/9370] Scrapping definition : Freudian Excuse","logger":"root","filename":"ingestion_dag.py","lineno":401}
{"timestamp":"2026-01-06T14:14:34.367991Z","level":"info","event":"[1357/9370] Scrapping definition : Giving Someone the Pointer Finger","logger":"root","filename":"ingestion_dag.py","lineno":401}
{"timestamp":"2026-01-06T14:14:34.986868Z","level":"info","event":"[1358/9370] Scrapping definition : The Heart","logger":"root","filename":"ingestion_dag.py","lineno":401}
{"timestamp":"2026-01-06T14:14:35.502354Z","level":"info","event":"[1359/9370] Scrapping definition : Hooks and Crooks","logger":"root","filename":"ingestion_dag.py","lineno":401}
{"timestamp":"2026-01-06T14:14:36.119539Z","level":"info","event":"[1360/9370] Scrapping definition : Horror Doesn't Settle for Simple Tuesday","logger":"root","filename":"ingestion_dag.py","lineno":401}
{"timestamp":"2026-01-06T14:14:36.641858Z","level":"info","event":"[1361/9370] Scrapping definition : Improvised Weapon","logger":"root","filename":"ingestion_dag.py","lineno":401}
{"timestamp":"2026-01-06T14:14:37.179184Z","level":"info","event":"[1362/9370] Scrapping definition : Missing Mom","logger":"root","filename":"ingestion_dag.py","lineno":401}
{"timestamp":"2026-01-06T14:14:37.665031Z","level":"info","event":"[1363/9370] Scrapping definition : Missing White Woman Syndrome","logger":"root","filename":"ingestion_dag.py","lineno":401}
{"timestamp":"2026-01-06T14:14:38.219389Z","level":"info","event":"[1364/9370] Scrapping definition : Murderer POV","logger":"root","filename":"ingestion_dag.py","lineno":401}
{"timestamp":"2026-01-06T14:14:38.731367Z","level":"info","event":"[1365/9370] Scrapping definition : Nothing Is Scarier","logger":"root","filename":"ingestion_dag.py","lineno":401}
{"timestamp":"2026-01-06T14:14:39.259442Z","level":"info","event":"[1366/9370] Scrapping definition : Novelization","logger":"root","filename":"ingestion_dag.py","lineno":401}
{"timestamp":"2026-01-06T14:14:39.857449Z","level":"info","event":"[1367/9370] Scrapping definition : It's","logger":"root","filename":"ingestion_dag.py","lineno":401}
{"timestamp":"2026-01-06T14:14:40.165114Z","level":"info","event":"DDefinition not found for http://i50.photobucket.com/albums/f309/thomasjarvis/BlackChristmasNovelHays1.jpg","logger":"root","filename":"ingestion_dag.py","lineno":363}
{"timestamp":"2026-01-06T14:14:40.266621Z","level":"info","event":"[1368/9370] Scrapping definition : Phone Trace Race","logger":"root","filename":"ingestion_dag.py","lineno":401}
{"timestamp":"2026-01-06T14:14:40.770190Z","level":"info","event":"[1369/9370] Scrapping definition : Irish-American","logger":"root","filename":"ingestion_dag.py","lineno":401}
{"timestamp":"2026-01-06T14:14:41.247730Z","level":"info","event":"[1370/9370] Scrapping definition : Psychopathic Manchild","logger":"root","filename":"ingestion_dag.py","lineno":401}
{"timestamp":"2026-01-06T14:14:41.790179Z","level":"info","event":"[1371/9370] Scrapping definition : Red Herring","logger":"root","filename":"ingestion_dag.py","lineno":401}
{"timestamp":"2026-01-06T14:14:42.328849Z","level":"info","event":"[1372/9370] Scrapping definition : Reaction Shot","logger":"root","filename":"ingestion_dag.py","lineno":401}
{"timestamp":"2026-01-06T14:14:42.837157Z","level":"info","event":"[1373/9370] Scrapping definition : Screaming Woman","logger":"root","filename":"ingestion_dag.py","lineno":401}
{"timestamp":"2026-01-06T14:14:43.345368Z","level":"info","event":"[1374/9370] Scrapping definition : The Seventies","logger":"root","filename":"ingestion_dag.py","lineno":401}
{"timestamp":"2026-01-06T14:14:43.830648Z","level":"info","event":"[1375/9370] Scrapping definition : Shot in the Ass","logger":"root","filename":"ingestion_dag.py","lineno":401}
{"timestamp":"2026-01-06T14:14:44.313543Z","level":"info","event":"[1376/9370] Scrapping definition : Similarly Named Works","logger":"root","filename":"ingestion_dag.py","lineno":401}
{"timestamp":"2026-01-06T14:14:44.835054Z","level":"info","event":"[1377/9370] Scrapping definition : Slashed Throat","logger":"root","filename":"ingestion_dag.py","lineno":401}
{"timestamp":"2026-01-06T14:14:45.315119Z","level":"info","event":"[1378/9370] Scrapping definition : Team Mom","logger":"root","filename":"ingestion_dag.py","lineno":401}
{"timestamp":"2026-01-06T14:14:45.814232Z","level":"info","event":"[1379/9370] Scrapping definition : Token Wholesome","logger":"root","filename":"ingestion_dag.py","lineno":401}
{"timestamp":"2026-01-06T14:14:46.283289Z","level":"info","event":"[1380/9370] Scrapping definition : Trashcan Bonfire","logger":"root","filename":"ingestion_dag.py","lineno":401}
{"timestamp":"2026-01-06T14:14:46.869645Z","level":"info","event":"[1381/9370] Scrapping definition : Trope Maker","logger":"root","filename":"ingestion_dag.py","lineno":401}
{"timestamp":"2026-01-06T14:14:47.579126Z","level":"info","event":"[1382/9370] Scrapping definition : Slasher Movies","logger":"root","filename":"ingestion_dag.py","lineno":401}
{"timestamp":"2026-01-06T14:14:48.357102Z","level":"info","event":"[1383/9370] Scrapping definition : The Un-Reveal","logger":"root","filename":"ingestion_dag.py","lineno":401}
{"timestamp":"2026-01-06T14:14:49.114288Z","level":"info","event":"[1384/9370] Scrapping definition : Vader Breath","logger":"root","filename":"ingestion_dag.py","lineno":401}
{"timestamp":"2026-01-06T14:14:49.579907Z","level":"info","event":"[1385/9370] Scrapping definition : Voice Changeling","logger":"root","filename":"ingestion_dag.py","lineno":401}
{"timestamp":"2026-01-06T14:14:50.059662Z","level":"info","event":"[1386/9370] Scrapping definition : What Happened to the Mouse?","logger":"root","filename":"ingestion_dag.py","lineno":401}
{"timestamp":"2026-01-06T14:14:50.628482Z","level":"info","event":"[1387/9370] Scrapping definition : Window Pain","logger":"root","filename":"ingestion_dag.py","lineno":401}
{"timestamp":"2026-01-06T14:14:51.145096Z","level":"info","event":"[1388/9370] Scrapping definition : Would Hurt a Child","logger":"root","filename":"ingestion_dag.py","lineno":401}
{"timestamp":"2026-01-06T14:14:51.678009Z","level":"info","event":"[1389/9370] Scrapping definition : Advanced Ancient Acropolis","logger":"root","filename":"ingestion_dag.py","lineno":401}
{"timestamp":"2026-01-06T14:14:52.218314Z","level":"info","event":"[1390/9370] Scrapping definition : Affirmative Action Legacy","logger":"root","filename":"ingestion_dag.py","lineno":401}
{"timestamp":"2026-01-06T14:14:52.899037Z","level":"info","event":"[1391/9370] Scrapping definition : Anti-Hero Substitute","logger":"root","filename":"ingestion_dag.py","lineno":401}
{"timestamp":"2026-01-06T14:14:53.438602Z","level":"info","event":"[1392/9370] Scrapping definition : Animal-Themed Superbeing","logger":"root","filename":"ingestion_dag.py","lineno":401}
{"timestamp":"2026-01-06T14:14:53.975913Z","level":"info","event":"[1393/9370] Scrapping definition : Iron Man: Armored Adventures","logger":"root","filename":"ingestion_dag.py","lineno":401}
{"timestamp":"2026-01-06T14:14:54.920348Z","level":"info","event":"[1394/9370] Scrapping definition : Arch Enemy","logger":"root","filename":"ingestion_dag.py","lineno":401}
{"timestamp":"2026-01-06T14:14:55.501019Z","level":"info","event":"[1395/9370] Scrapping definition : Ulysses","logger":"root","filename":"ingestion_dag.py","lineno":401}
{"timestamp":"2026-01-06T14:14:56.033368Z","level":"info","event":"[1396/9370] Scrapping definition : Klaw","logger":"root","filename":"ingestion_dag.py","lineno":401}
{"timestamp":"2026-01-06T14:14:56.542309Z","level":"info","event":"[1397/9370] Scrapping definition : Abusive Parents","logger":"root","filename":"ingestion_dag.py","lineno":401}
{"timestamp":"2026-01-06T14:14:57.048140Z","level":"info","event":"[1398/9370] Scrapping definition : Agony of the Feet","logger":"root","filename":"ingestion_dag.py","lineno":401}
{"timestamp":"2026-01-06T14:14:57.570434Z","level":"info","event":"[1399/9370] Scrapping definition : Apologises a Lot","logger":"root","filename":"ingestion_dag.py","lineno":401}
{"timestamp":"2026-01-06T14:14:58.098028Z","level":"info","event":"[1400/9370] Scrapping definition : As You Know","logger":"root","filename":"ingestion_dag.py","lineno":401}
{"timestamp":"2026-01-06T14:14:58.664000Z","level":"info","event":"[1401/9370] Scrapping definition : Baleful Polymorph","logger":"root","filename":"ingestion_dag.py","lineno":401}
{"timestamp":"2026-01-06T14:14:59.212275Z","level":"info","event":"[1402/9370] Scrapping definition : Becoming the Mask","logger":"root","filename":"ingestion_dag.py","lineno":401}
{"timestamp":"2026-01-06T14:14:59.763747Z","level":"info","event":"[1403/9370] Scrapping definition : constant apologizing","logger":"root","filename":"ingestion_dag.py","lineno":401}
{"timestamp":"2026-01-06T14:15:00.233666Z","level":"info","event":"[1404/9370] Scrapping definition : Fan Works","logger":"root","filename":"ingestion_dag.py","lineno":401}
{"timestamp":"2026-01-06T14:15:01.021230Z","level":"info","event":"[1405/9370] Scrapping definition : Philip K. Dick","logger":"root","filename":"ingestion_dag.py","lineno":401}
{"timestamp":"2026-01-06T14:15:01.502796Z","level":"info","event":"[1406/9370] Scrapping definition : Ridley Scott","logger":"root","filename":"ingestion_dag.py","lineno":401}
{"timestamp":"2026-01-06T14:15:02.053175Z","level":"info","event":"[1407/9370] Scrapping definition : Advert Overloaded Future","logger":"root","filename":"ingestion_dag.py","lineno":401}
{"timestamp":"2026-01-06T14:15:02.548821Z","level":"info","event":"[1408/9370] Scrapping definition : Animal Motifs","logger":"root","filename":"ingestion_dag.py","lineno":401}
{"timestamp":"2026-01-06T14:15:03.040661Z","level":"info","event":"[1409/9370] Scrapping definition : Ambiguously Human","logger":"root","filename":"ingestion_dag.py","lineno":401}
{"timestamp":"2026-01-06T14:15:03.574857Z","level":"info","event":"[1410/9370] Scrapping definition : Artificial Human","logger":"root","filename":"ingestion_dag.py","lineno":401}
{"timestamp":"2026-01-06T14:15:04.088362Z","level":"info","event":"[1411/9370] Scrapping definition : Anti-Villain","logger":"root","filename":"ingestion_dag.py","lineno":401}
{"timestamp":"2026-01-06T14:15:04.766318Z","level":"info","event":"[1412/9370] Scrapping definition : Ascended Fanboy","logger":"root","filename":"ingestion_dag.py","lineno":401}
{"timestamp":"2026-01-06T14:15:05.295053Z","level":"info","event":"[1413/9370] Scrapping definition : Big Damn Heroes","logger":"root","filename":"ingestion_dag.py","lineno":401}
{"timestamp":"2026-01-06T14:15:05.932036Z","level":"info","event":"[1414/9370] Scrapping definition : Black and Nerdy","logger":"root","filename":"ingestion_dag.py","lineno":401}
{"timestamp":"2026-01-06T14:15:06.488637Z","level":"info","event":"[1415/9370] Scrapping definition : Bungling Inventor","logger":"root","filename":"ingestion_dag.py","lineno":401}
{"timestamp":"2026-01-06T14:15:06.966874Z","level":"info","event":"[1416/9370] Scrapping definition : Crazy Prepared","logger":"root","filename":"ingestion_dag.py","lineno":401}
{"timestamp":"2026-01-06T14:15:07.610738Z","level":"info","event":"[1417/9370] Scrapping definition : Da Editor","logger":"root","filename":"ingestion_dag.py","lineno":401}
{"timestamp":"2026-01-06T14:15:08.241419Z","level":"info","event":"[1418/9370] Scrapping definition : Death by Origin Story","logger":"root","filename":"ingestion_dag.py","lineno":401}
{"timestamp":"2026-01-06T14:15:08.856028Z","level":"info","event":"[1419/9370] Scrapping definition : Diabolical Mastermind","logger":"root","filename":"ingestion_dag.py","lineno":401}
{"timestamp":"2026-01-06T14:15:09.472012Z","level":"info","event":"[1420/9370] Scrapping definition : Disposable Woman","logger":"root","filename":"ingestion_dag.py","lineno":401}
{"timestamp":"2026-01-06T14:15:09.990711Z","level":"info","event":"[1421/9370] Scrapping definition : Damsel in Distress","logger":"root","filename":"ingestion_dag.py","lineno":401}
{"timestamp":"2026-01-06T14:15:10.738166Z","level":"info","event":"[1422/9370] Scrapping definition : The Dragon","logger":"root","filename":"ingestion_dag.py","lineno":401}
{"timestamp":"2026-01-06T14:15:11.210665Z","level":"info","event":"[1423/9370] Scrapping definition : Evil Is Stylish","logger":"root","filename":"ingestion_dag.py","lineno":401}
{"timestamp":"2026-01-06T14:15:11.755071Z","level":"info","event":"[1424/9370] Scrapping definition : Gadgeteer Genius","logger":"root","filename":"ingestion_dag.py","lineno":401}
{"timestamp":"2026-01-06T14:15:12.350165Z","level":"info","event":"[1425/9370] Scrapping definition : Hollywood Nerd","logger":"root","filename":"ingestion_dag.py","lineno":401}
{"timestamp":"2026-01-06T14:15:12.882773Z","level":"info","event":"[1426/9370] Scrapping definition : Homemade Inventions","logger":"root","filename":"ingestion_dag.py","lineno":401}
{"timestamp":"2026-01-06T14:15:13.451065Z","level":"info","event":"[1427/9370] Scrapping definition : Hot Scoop","logger":"root","filename":"ingestion_dag.py","lineno":401}
{"timestamp":"2026-01-06T14:15:14.067829Z","level":"info","event":"[1428/9370] Scrapping definition : I Know Karate","logger":"root","filename":"ingestion_dag.py","lineno":401}
{"timestamp":"2026-01-06T14:15:14.580168Z","level":"info","event":"[1429/9370] Scrapping definition : Jumped At the Call","logger":"root","filename":"ingestion_dag.py","lineno":401}
{"timestamp":"2026-01-06T14:15:15.062066Z","level":"info","event":"[1430/9370] Scrapping definition : Just Trying to Help","logger":"root","filename":"ingestion_dag.py","lineno":401}
{"timestamp":"2026-01-06T14:15:15.566360Z","level":"info","event":"[1431/9370] Scrapping definition : Let's Get Dangerous","logger":"root","filename":"ingestion_dag.py","lineno":401}
{"timestamp":"2026-01-06T14:15:16.122023Z","level":"info","event":"[1432/9370] Scrapping definition : A Man Is Not a Virgin","logger":"root","filename":"ingestion_dag.py","lineno":401}
{"timestamp":"2026-01-06T14:15:16.726553Z","level":"info","event":"[1433/9370] Scrapping definition : Where Da White Women At?","logger":"root","filename":"ingestion_dag.py","lineno":401}
{"timestamp":"2026-01-06T14:15:17.251065Z","level":"info","event":"[1434/9370] Scrapping definition : The Eighties","logger":"root","filename":"ingestion_dag.py","lineno":401}
{"timestamp":"2026-01-06T14:15:17.791015Z","level":"info","event":"[1435/9370] Scrapping definition : much more visceral","logger":"root","filename":"ingestion_dag.py","lineno":401}
{"timestamp":"2026-01-06T14:15:18.388830Z","level":"info","event":"[1436/9370] Scrapping definition : A-Team Firing","logger":"root","filename":"ingestion_dag.py","lineno":401}
{"timestamp":"2026-01-06T14:15:18.913260Z","level":"info","event":"[1437/9370] Scrapping definition : threaten Solomon's family","logger":"root","filename":"ingestion_dag.py","lineno":401}
{"timestamp":"2026-01-06T14:15:19.407265Z","level":"info","event":"[1438/9370] Scrapping definition : Black and Gray Morality","logger":"root","filename":"ingestion_dag.py","lineno":401}
{"timestamp":"2026-01-06T14:15:19.941320Z","level":"info","event":"[1439/9370] Scrapping definition : bad guys","logger":"root","filename":"ingestion_dag.py","lineno":401}
{"timestamp":"2026-01-06T14:15:20.487733Z","level":"info","event":"[1440/9370] Scrapping definition : Bling Bling Bang","logger":"root","filename":"ingestion_dag.py","lineno":401}
{"timestamp":"2026-01-06T14:15:21.045389Z","level":"info","event":"[1441/9370] Scrapping definition : Child Soldiers","logger":"root","filename":"ingestion_dag.py","lineno":401}
{"timestamp":"2026-01-06T14:15:21.661261Z","level":"info","event":"[1442/9370] Scrapping definition : Cell Phone","logger":"root","filename":"ingestion_dag.py","lineno":401}
{"timestamp":"2026-01-06T14:15:22.156625Z","level":"info","event":"[1443/9370] Scrapping definition : Chekhov's Gunship","logger":"root","filename":"ingestion_dag.py","lineno":401}
{"timestamp":"2026-01-06T14:15:22.366839Z","level":"info","event":"[1444/9370] Scrapping definition : A Child Shall Lead Them","logger":"root","filename":"ingestion_dag.py","lineno":401}
{"timestamp":"2026-01-06T14:15:22.872482Z","level":"info","event":"[1445/9370] Scrapping definition : Contrived Coincidence","logger":"root","filename":"ingestion_dag.py","lineno":401}
{"timestamp":"2026-01-06T14:15:23.490977Z","level":"info","event":"[1446/9370] Scrapping definition : Curb Stomp Battle","logger":"root","filename":"ingestion_dag.py","lineno":401}
{"timestamp":"2026-01-06T14:15:23.964403Z","level":"info","event":"[1447/9370] Scrapping definition : Dating Catwoman","logger":"root","filename":"ingestion_dag.py","lineno":401}
{"timestamp":"2026-01-06T14:15:24.480809Z","level":"info","event":"[1448/9370] Scrapping definition : Death Equals Redemption","logger":"root","filename":"ingestion_dag.py","lineno":401}
{"timestamp":"2026-01-06T14:15:25.002772Z","level":"info","event":"[1449/9370] Scrapping definition : Defusing the Tykebomb","logger":"root","filename":"ingestion_dag.py","lineno":401}
{"timestamp":"2026-01-06T14:15:25.501662Z","level":"info","event":"[1450/9370] Scrapping definition : private military company","logger":"root","filename":"ingestion_dag.py","lineno":401}
{"timestamp":"2026-01-06T14:15:25.596192Z","level":"error","event":"Error of scraping: 403 Client Error: Forbidden for url: https://en.wikipedia.org/wiki/Executive_Outcomes","logger":"root","filename":"ingestion_dag.py","lineno":365}
{"timestamp":"2026-01-06T14:15:25.698555Z","level":"info","event":"[1451/9370] Scrapping definition : diamond company","logger":"root","filename":"ingestion_dag.py","lineno":401}
{"timestamp":"2026-01-06T14:15:25.782290Z","level":"error","event":"Error of scraping: 403 Client Error: Forbidden for url: https://en.wikipedia.org/wiki/De_Beers","logger":"root","filename":"ingestion_dag.py","lineno":365}
{"timestamp":"2026-01-06T14:15:25.884340Z","level":"info","event":"[1452/9370] Scrapping definition : Elites Are More Glamorous","logger":"root","filename":"ingestion_dag.py","lineno":401}
{"timestamp":"2026-01-06T14:15:26.405232Z","level":"info","event":"[1453/9370] Scrapping definition : The Apartheid Era","logger":"root","filename":"ingestion_dag.py","lineno":401}
{"timestamp":"2026-01-06T14:15:26.961936Z","level":"info","event":"[1454/9370] Scrapping definition : Foe-Tossing Charge","logger":"root","filename":"ingestion_dag.py","lineno":401}
{"timestamp":"2026-01-06T14:15:27.464934Z","level":"info","event":"[1455/9370] Scrapping definition : a rather similar situation","logger":"root","filename":"ingestion_dag.py","lineno":401}
{"timestamp":"2026-01-06T14:15:28.055723Z","level":"info","event":"[1456/9370] Scrapping definition : Heroic Sacrifice","logger":"root","filename":"ingestion_dag.py","lineno":401}
{"timestamp":"2026-01-06T14:15:28.636617Z","level":"info","event":"[1457/9370] Scrapping definition : He Who Fights Monsters","logger":"root","filename":"ingestion_dag.py","lineno":401}
{"timestamp":"2026-01-06T14:15:29.163437Z","level":"info","event":"[1458/9370] Scrapping definition : The Baby Trap","logger":"root","filename":"ingestion_dag.py","lineno":401}
{"timestamp":"2026-01-06T14:15:29.707110Z","level":"info","event":"[1459/9370] Scrapping definition : Contrast Montage","logger":"root","filename":"ingestion_dag.py","lineno":401}
{"timestamp":"2026-01-06T14:15:30.164643Z","level":"info","event":"[1460/9370] Scrapping definition : Dark Reprise","logger":"root","filename":"ingestion_dag.py","lineno":401}
{"timestamp":"2026-01-06T14:15:30.713038Z","level":"info","event":"[1461/9370] Scrapping definition : The Masochism Tango","logger":"root","filename":"ingestion_dag.py","lineno":401}
{"timestamp":"2026-01-06T14:15:31.164061Z","level":"info","event":"[1462/9370] Scrapping definition : Media Classifications","logger":"root","filename":"ingestion_dag.py","lineno":401}
{"timestamp":"2026-01-06T14:15:31.673320Z","level":"info","event":"[1463/9370] Scrapping definition : Adults Are Useless","logger":"root","filename":"ingestion_dag.py","lineno":401}
{"timestamp":"2026-01-06T14:15:32.451768Z","level":"info","event":"[1464/9370] Scrapping definition : Absurd Altitude","logger":"root","filename":"ingestion_dag.py","lineno":401}
{"timestamp":"2026-01-06T14:15:32.915254Z","level":"info","event":"[1465/9370] Scrapping definition : Acceptable Breaks From Reality","logger":"root","filename":"ingestion_dag.py","lineno":401}
{"timestamp":"2026-01-06T14:15:33.405570Z","level":"info","event":"[1466/9370] Scrapping definition : Alliterative Name","logger":"root","filename":"ingestion_dag.py","lineno":401}
{"timestamp":"2026-01-06T14:15:33.927618Z","level":"info","event":"[1467/9370] Scrapping definition : points this out","logger":"root","filename":"ingestion_dag.py","lineno":401}
{"timestamp":"2026-01-06T14:15:34.124536Z","level":"info","event":"[1468/9370] Scrapping definition : gets his attention","logger":"root","filename":"ingestion_dag.py","lineno":401}
{"timestamp":"2026-01-06T14:15:34.630397Z","level":"info","event":"[1469/9370] Scrapping definition : Bodyguard Crush","logger":"root","filename":"ingestion_dag.py","lineno":401}
{"timestamp":"2026-01-06T14:15:35.120364Z","level":"info","event":"[1470/9370] Scrapping definition : Consummate Professional","logger":"root","filename":"ingestion_dag.py","lineno":401}
{"timestamp":"2026-01-06T14:15:35.656202Z","level":"info","event":"[1471/9370] Scrapping definition : Knight in Sour Armor","logger":"root","filename":"ingestion_dag.py","lineno":401}
{"timestamp":"2026-01-06T14:15:36.144115Z","level":"info","event":"[1472/9370] Scrapping definition : Taking the Bullet","logger":"root","filename":"ingestion_dag.py","lineno":401}
{"timestamp":"2026-01-06T14:15:36.718294Z","level":"info","event":"[1473/9370] Scrapping definition : Last-Name Basis","logger":"root","filename":"ingestion_dag.py","lineno":401}
{"timestamp":"2026-01-06T14:15:37.206422Z","level":"info","event":"[1474/9370] Scrapping definition : Lyrical Dissonance","logger":"root","filename":"ingestion_dag.py","lineno":401}
{"timestamp":"2026-01-06T14:15:37.681633Z","level":"info","event":"[1475/9370] Scrapping definition : The Lady's Favour","logger":"root","filename":"ingestion_dag.py","lineno":401}
{"timestamp":"2026-01-06T14:15:38.254948Z","level":"info","event":"[1476/9370] Scrapping definition : Warrior Poet","logger":"root","filename":"ingestion_dag.py","lineno":401}
{"timestamp":"2026-01-06T14:15:38.760614Z","level":"info","event":"[1477/9370] Scrapping definition : Samurai","logger":"root","filename":"ingestion_dag.py","lineno":401}
{"timestamp":"2026-01-06T14:15:39.263012Z","level":"info","event":"[1478/9370] Scrapping definition : Hard Rock","logger":"root","filename":"ingestion_dag.py","lineno":401}
{"timestamp":"2026-01-06T14:15:39.777136Z","level":"info","event":"[1479/9370] Scrapping definition : Led Zeppelin","logger":"root","filename":"ingestion_dag.py","lineno":401}
{"timestamp":"2026-01-06T14:15:40.305841Z","level":"info","event":"[1480/9370] Scrapping definition : The Who","logger":"root","filename":"ingestion_dag.py","lineno":401}
{"timestamp":"2026-01-06T14:15:40.779465Z","level":"info","event":"[1481/9370] Scrapping definition : Soul","logger":"root","filename":"ingestion_dag.py","lineno":401}
{"timestamp":"2026-01-06T14:15:41.291587Z","level":"info","event":"[1482/9370] Scrapping definition : Funk","logger":"root","filename":"ingestion_dag.py","lineno":401}
{"timestamp":"2026-01-06T14:15:41.805682Z","level":"info","event":"[1483/9370] Scrapping definition : Angrish","logger":"root","filename":"ingestion_dag.py","lineno":401}
{"timestamp":"2026-01-06T14:15:42.336342Z","level":"info","event":"[1484/9370] Scrapping definition : Legend of Zelda: Four Swords+ manga","logger":"root","filename":"ingestion_dag.py","lineno":401}
{"timestamp":"2026-01-06T14:15:42.815469Z","level":"info","event":"[1485/9370] Scrapping definition : Badass Bookworm","logger":"root","filename":"ingestion_dag.py","lineno":401}
{"timestamp":"2026-01-06T14:15:43.463316Z","level":"info","event":"[1486/9370] Scrapping definition : title librarian","logger":"root","filename":"ingestion_dag.py","lineno":401}
{"timestamp":"2026-01-06T14:15:43.961958Z","level":"info","event":"[1487/9370] Scrapping definition : Infinity Library","logger":"root","filename":"ingestion_dag.py","lineno":401}
{"timestamp":"2026-01-06T14:15:44.693759Z","level":"info","event":"[1488/9370] Scrapping definition : works in a library","logger":"root","filename":"ingestion_dag.py","lineno":401}
{"timestamp":"2026-01-06T14:15:45.223909Z","level":"info","event":"[1489/9370] Scrapping definition : Quentin Tarantino","logger":"root","filename":"ingestion_dag.py","lineno":401}
{"timestamp":"2026-01-06T14:15:45.837944Z","level":"info","event":"[1490/9370] Scrapping definition : figuring out what happened.","logger":"root","filename":"ingestion_dag.py","lineno":401}
{"timestamp":"2026-01-06T14:15:46.331651Z","level":"info","event":"[1491/9370] Scrapping definition : missing something, or outright lying","logger":"root","filename":"ingestion_dag.py","lineno":401}
{"timestamp":"2026-01-06T14:15:46.543595Z","level":"info","event":"[1492/9370] Scrapping definition : As the Good Book Says...","logger":"root","filename":"ingestion_dag.py","lineno":401}
{"timestamp":"2026-01-06T14:15:47.025583Z","level":"info","event":"[1493/9370] Scrapping definition : Audience Participation","logger":"root","filename":"ingestion_dag.py","lineno":401}
{"timestamp":"2026-01-06T14:15:47.522158Z","level":"info","event":"[1494/9370] Scrapping definition : Badass Grandpa","logger":"root","filename":"ingestion_dag.py","lineno":401}
{"timestamp":"2026-01-06T14:15:48.182141Z","level":"info","event":"[1495/9370] Scrapping definition : Gun Twirling","logger":"root","filename":"ingestion_dag.py","lineno":401}
{"timestamp":"2026-01-06T14:15:48.696028Z","level":"info","event":"[1496/9370] Scrapping definition : try","logger":"root","filename":"ingestion_dag.py","lineno":401}
{"timestamp":"2026-01-06T14:15:49.436035Z","level":"info","event":"[1497/9370] Scrapping definition : toilet crashing down on your head.","logger":"root","filename":"ingestion_dag.py","lineno":401}
{"timestamp":"2026-01-06T14:15:49.950000Z","level":"info","event":"[1498/9370] Scrapping definition : Bromance","logger":"root","filename":"ingestion_dag.py","lineno":401}
{"timestamp":"2026-01-06T14:15:50.688333Z","level":"info","event":"[1499/9370] Scrapping definition : On The Set","logger":"root","filename":"ingestion_dag.py","lineno":401}
{"timestamp":"2026-01-06T14:15:51.198167Z","level":"info","event":"[1500/9370] Scrapping definition : much fraternal ribbing","logger":"root","filename":"ingestion_dag.py","lineno":401}
{"timestamp":"2026-01-06T14:15:52.090530Z","level":"info","event":"DDefinition not found for http://www.youtube.com/watch?v=EO8KMZZjUwE#t=2m13s","logger":"root","filename":"ingestion_dag.py","lineno":363}
{"timestamp":"2026-01-06T14:15:52.192192Z","level":"info","event":"[1501/9370] Scrapping definition : Cerebus Syndrome","logger":"root","filename":"ingestion_dag.py","lineno":401}
{"timestamp":"2026-01-06T14:15:52.742986Z","level":"info","event":"[1502/9370] Scrapping definition : Il Duce","logger":"root","filename":"ingestion_dag.py","lineno":401}
{"timestamp":"2026-01-06T14:15:53.258840Z","level":"info","event":"[1503/9370] Scrapping definition : Development Hell","logger":"root","filename":"ingestion_dag.py","lineno":401}
{"timestamp":"2026-01-06T14:15:53.816908Z","level":"info","event":"[1504/9370] Scrapping definition : Fridge Brilliance","logger":"root","filename":"ingestion_dag.py","lineno":401}
{"timestamp":"2026-01-06T14:15:54.068917Z","level":"info","event":"[1505/9370] Scrapping definition : Due to the Dead","logger":"root","filename":"ingestion_dag.py","lineno":401}
{"timestamp":"2026-01-06T14:15:54.750922Z","level":"info","event":"[1506/9370] Scrapping definition : Evilly Affable","logger":"root","filename":"ingestion_dag.py","lineno":401}
{"timestamp":"2026-01-06T14:15:55.433766Z","level":"info","event":"[1507/9370] Scrapping definition : Black Blood","logger":"root","filename":"ingestion_dag.py","lineno":401}
{"timestamp":"2026-01-06T14:15:55.919428Z","level":"info","event":"[1508/9370] Scrapping definition : inverted","logger":"root","filename":"ingestion_dag.py","lineno":401}
{"timestamp":"2026-01-06T14:15:56.423071Z","level":"info","event":"[1509/9370] Scrapping definition : Blood Is Squicker in Water","logger":"root","filename":"ingestion_dag.py","lineno":401}
{"timestamp":"2026-01-06T14:15:56.922383Z","level":"info","event":"[1510/9370] Scrapping definition : Bound and Gagged","logger":"root","filename":"ingestion_dag.py","lineno":401}
{"timestamp":"2026-01-06T14:15:57.447035Z","level":"info","event":"[1511/9370] Scrapping definition : Chewing the Scenery","logger":"root","filename":"ingestion_dag.py","lineno":401}
{"timestamp":"2026-01-06T14:15:57.676616Z","level":"info","event":"[1512/9370] Scrapping definition : Cruelly efficient","logger":"root","filename":"ingestion_dag.py","lineno":401}
{"timestamp":"2026-01-06T14:15:58.716959Z","level":"info","event":"[1513/9370] Scrapping definition : Even the Girls Want Her","logger":"root","filename":"ingestion_dag.py","lineno":401}
{"timestamp":"2026-01-06T14:15:59.271216Z","level":"info","event":"[1514/9370] Scrapping definition : Executive Meddling","logger":"root","filename":"ingestion_dag.py","lineno":401}
{"timestamp":"2026-01-06T14:15:59.786138Z","level":"info","event":"[1515/9370] Scrapping definition : Corky","logger":"root","filename":"ingestion_dag.py","lineno":401}
{"timestamp":"2026-01-06T14:16:00.377681Z","level":"info","event":"[1516/9370] Scrapping definition : to","logger":"root","filename":"ingestion_dag.py","lineno":401}
{"timestamp":"2026-01-06T14:16:00.870015Z","level":"info","event":"[1517/9370] Scrapping definition : be a","logger":"root","filename":"ingestion_dag.py","lineno":401}
{"timestamp":"2026-01-06T14:16:01.386284Z","level":"info","event":"[1518/9370] Scrapping definition : man","logger":"root","filename":"ingestion_dag.py","lineno":401}
{"timestamp":"2026-01-06T14:16:01.959377Z","level":"info","event":"[1519/9370] Scrapping definition : Film Noir","logger":"root","filename":"ingestion_dag.py","lineno":401}
{"timestamp":"2026-01-06T14:16:02.502337Z","level":"info","event":"[1520/9370] Scrapping definition : Fingore","logger":"root","filename":"ingestion_dag.py","lineno":401}
{"timestamp":"2026-01-06T14:16:03.025895Z","level":"info","event":"[1521/9370] Scrapping definition : Intertwined Fingers","logger":"root","filename":"ingestion_dag.py","lineno":401}
{"timestamp":"2026-01-06T14:16:03.536186Z","level":"info","event":"[1522/9370] Scrapping definition : Lady in Red","logger":"root","filename":"ingestion_dag.py","lineno":401}
{"timestamp":"2026-01-06T14:16:04.026349Z","level":"info","event":"[1523/9370] Scrapping definition : The Mafia","logger":"root","filename":"ingestion_dag.py","lineno":401}
{"timestamp":"2026-01-06T14:16:04.526537Z","level":"info","event":"[1524/9370] Scrapping definition : Not So Different","logger":"root","filename":"ingestion_dag.py","lineno":401}
{"timestamp":"2026-01-06T14:16:05.029846Z","level":"info","event":"[1525/9370] Scrapping definition : here","logger":"root","filename":"ingestion_dag.py","lineno":401}
{"timestamp":"2026-01-06T14:16:05.535069Z","level":"info","event":"[1526/9370] Scrapping definition : All Guys Want Cheerleaders","logger":"root","filename":"ingestion_dag.py","lineno":401}
{"timestamp":"2026-01-06T14:16:06.029902Z","level":"info","event":"[1527/9370] Scrapping definition : Blackmail","logger":"root","filename":"ingestion_dag.py","lineno":401}
{"timestamp":"2026-01-06T14:16:06.516270Z","level":"info","event":"[1528/9370] Scrapping definition : Bond One-Liner","logger":"root","filename":"ingestion_dag.py","lineno":401}
{"timestamp":"2026-01-06T14:16:07.041086Z","level":"info","event":"[1529/9370] Scrapping definition : Casting Couch","logger":"root","filename":"ingestion_dag.py","lineno":401}
{"timestamp":"2026-01-06T14:16:07.534836Z","level":"info","event":"[1530/9370] Scrapping definition : Heather Graham","logger":"root","filename":"ingestion_dag.py","lineno":401}
{"timestamp":"2026-01-06T14:16:08.010473Z","level":"info","event":"[1531/9370] Scrapping definition : The Ingenue","logger":"root","filename":"ingestion_dag.py","lineno":401}
{"timestamp":"2026-01-06T14:16:08.530830Z","level":"info","event":"[1532/9370] Scrapping definition : the writer","logger":"root","filename":"ingestion_dag.py","lineno":401}
{"timestamp":"2026-01-06T14:16:08.737916Z","level":"info","event":"[1533/9370] Scrapping definition : Church of Happyology","logger":"root","filename":"ingestion_dag.py","lineno":401}
{"timestamp":"2026-01-06T14:16:09.232302Z","level":"info","event":"[1534/9370] Scrapping definition : Dueling Stars Movie","logger":"root","filename":"ingestion_dag.py","lineno":401}
{"timestamp":"2026-01-06T14:16:09.728309Z","level":"info","event":"[1535/9370] Scrapping definition : Steve Martin","logger":"root","filename":"ingestion_dag.py","lineno":401}
{"timestamp":"2026-01-06T14:16:10.292806Z","level":"info","event":"[1536/9370] Scrapping definition : Eddie Murphy","logger":"root","filename":"ingestion_dag.py","lineno":401}
{"timestamp":"2026-01-06T14:16:10.863009Z","level":"info","event":"[1537/9370] Scrapping definition : Invoked","logger":"root","filename":"ingestion_dag.py","lineno":401}
{"timestamp":"2026-01-06T14:16:11.236689Z","level":"info","event":"[1538/9370] Scrapping definition : The Illegal","logger":"root","filename":"ingestion_dag.py","lineno":401}
{"timestamp":"2026-01-06T14:16:11.701865Z","level":"info","event":"[1539/9370] Scrapping definition : Jive Turkey","logger":"root","filename":"ingestion_dag.py","lineno":401}
{"timestamp":"2026-01-06T14:16:12.189019Z","level":"info","event":"[1540/9370] Scrapping definition : Just Keep Driving","logger":"root","filename":"ingestion_dag.py","lineno":401}
{"timestamp":"2026-01-06T14:16:12.700595Z","level":"info","event":"[1541/9370] Scrapping definition : Well, this is Los Angeles.","logger":"root","filename":"ingestion_dag.py","lineno":401}
{"timestamp":"2026-01-06T14:16:13.165271Z","level":"info","event":"[1542/9370] Scrapping definition : No Celebrities Were Harmed","logger":"root","filename":"ingestion_dag.py","lineno":401}
{"timestamp":"2026-01-06T14:16:13.686761Z","level":"info","event":"[1543/9370] Scrapping definition : Oscar Bait","logger":"root","filename":"ingestion_dag.py","lineno":401}
{"timestamp":"2026-01-06T14:16:14.169313Z","level":"info","event":"[1544/9370] Scrapping definition : \"r*****s\"","logger":"root","filename":"ingestion_dag.py","lineno":401}
{"timestamp":"2026-01-06T14:16:14.400604Z","level":"info","event":"[1545/9370] Scrapping definition : Pop Cultural Osmosis Failure","logger":"root","filename":"ingestion_dag.py","lineno":401}
{"timestamp":"2026-01-06T14:16:14.882618Z","level":"info","event":"[1546/9370] Scrapping definition : Our Trolls Are All Different","logger":"root","filename":"ingestion_dag.py","lineno":401}
{"timestamp":"2026-01-06T14:16:15.565100Z","level":"info","event":"[1547/9370] Scrapping definition : Stop Motion","logger":"root","filename":"ingestion_dag.py","lineno":401}
{"timestamp":"2026-01-06T14:16:16.053801Z","level":"info","event":"[1548/9370] Scrapping definition : Alternate Character Interpretation","logger":"root","filename":"ingestion_dag.py","lineno":401}
{"timestamp":"2026-01-06T14:16:16.672706Z","level":"info","event":"DDefinition not found for https://tropedia.fandom.com/wiki/Alternate_Character_Interpretation","logger":"root","filename":"ingestion_dag.py","lineno":363}
{"timestamp":"2026-01-06T14:16:16.774507Z","level":"info","event":"[1549/9370] Scrapping definition : Better Than a Bare Bulb","logger":"root","filename":"ingestion_dag.py","lineno":401}
{"timestamp":"2026-01-06T14:16:17.298612Z","level":"info","event":"[1550/9370] Scrapping definition : Lampshading","logger":"root","filename":"ingestion_dag.py","lineno":401}
{"timestamp":"2026-01-06T14:16:17.695194Z","level":"info","event":"[1551/9370] Scrapping definition : Big Damn Movie","logger":"root","filename":"ingestion_dag.py","lineno":401}
{"timestamp":"2026-01-06T14:16:18.243567Z","level":"info","event":"[1552/9370] Scrapping definition : Seventies","logger":"root","filename":"ingestion_dag.py","lineno":401}
{"timestamp":"2026-01-06T14:16:18.721754Z","level":"info","event":"[1553/9370] Scrapping definition : Nineties","logger":"root","filename":"ingestion_dag.py","lineno":401}
{"timestamp":"2026-01-06T14:16:19.331788Z","level":"info","event":"[1554/9370] Scrapping definition : Did I Just Say That Out Loud?","logger":"root","filename":"ingestion_dag.py","lineno":401}
{"timestamp":"2026-01-06T14:16:19.809090Z","level":"info","event":"[1555/9370] Scrapping definition : Groin Attack","logger":"root","filename":"ingestion_dag.py","lineno":401}
{"timestamp":"2026-01-06T14:16:20.274554Z","level":"info","event":"[1556/9370] Scrapping definition : Fake Static","logger":"root","filename":"ingestion_dag.py","lineno":401}
{"timestamp":"2026-01-06T14:16:20.792901Z","level":"info","event":"[1557/9370] Scrapping definition : The Film of the Series","logger":"root","filename":"ingestion_dag.py","lineno":401}
{"timestamp":"2026-01-06T14:16:21.237660Z","level":"info","event":"[1558/9370] Scrapping definition : The Glorious War of Sisterly Rivalry","logger":"root","filename":"ingestion_dag.py","lineno":401}
{"timestamp":"2026-01-06T14:16:21.765958Z","level":"info","event":"[1559/9370] Scrapping definition : \"Mister Sandman\" Sequence","logger":"root","filename":"ingestion_dag.py","lineno":401}
{"timestamp":"2026-01-06T14:16:22.244226Z","level":"info","event":"[1560/9370] Scrapping definition : The Nineties","logger":"root","filename":"ingestion_dag.py","lineno":401}
{"timestamp":"2026-01-06T14:16:22.468455Z","level":"info","event":"[1561/9370] Scrapping definition : Not Allowed to Grow Up","logger":"root","filename":"ingestion_dag.py","lineno":401}
{"timestamp":"2026-01-06T14:16:23.005548Z","level":"info","event":"[1562/9370] Scrapping definition : Opening Shout-Out","logger":"root","filename":"ingestion_dag.py","lineno":401}
{"timestamp":"2026-01-06T14:16:23.471354Z","level":"info","event":"[1563/9370] Scrapping definition : Rearrange the Song","logger":"root","filename":"ingestion_dag.py","lineno":401}
{"timestamp":"2026-01-06T14:16:23.993135Z","level":"info","event":"[1564/9370] Scrapping definition : Remake Cameo","logger":"root","filename":"ingestion_dag.py","lineno":401}
{"timestamp":"2026-01-06T14:16:24.517572Z","level":"info","event":"[1565/9370] Scrapping definition : Monkees","logger":"root","filename":"ingestion_dag.py","lineno":401}
{"timestamp":"2026-01-06T14:16:24.985681Z","level":"info","event":"[1566/9370] Scrapping definition : Type V","logger":"root","filename":"ingestion_dag.py","lineno":401}
{"timestamp":"2026-01-06T14:16:25.620795Z","level":"info","event":"[1567/9370] Scrapping definition : Annoying Arrows","logger":"root","filename":"ingestion_dag.py","lineno":401}
{"timestamp":"2026-01-06T14:16:26.128236Z","level":"info","event":"[1568/9370] Scrapping definition : Zig Zagged","logger":"root","filename":"ingestion_dag.py","lineno":401}
{"timestamp":"2026-01-06T14:16:26.885009Z","level":"info","event":"[1569/9370] Scrapping definition : until his father hits him for his foolishness","logger":"root","filename":"ingestion_dag.py","lineno":401}
{"timestamp":"2026-01-06T14:16:27.387851Z","level":"info","event":"[1570/9370] Scrapping definition : Arrows on Fire","logger":"root","filename":"ingestion_dag.py","lineno":401}
{"timestamp":"2026-01-06T14:16:27.907204Z","level":"info","event":"[1571/9370] Scrapping definition : Attempted Rape","logger":"root","filename":"ingestion_dag.py","lineno":401}
{"timestamp":"2026-01-06T14:16:28.495588Z","level":"info","event":"[1572/9370] Scrapping definition : Barbarian Heroes","logger":"root","filename":"ingestion_dag.py","lineno":401}
{"timestamp":"2026-01-06T14:16:28.986186Z","level":"info","event":"[1573/9370] Scrapping definition : Battle Cry","logger":"root","filename":"ingestion_dag.py","lineno":401}
{"timestamp":"2026-01-06T14:16:29.555387Z","level":"info","event":"[1574/9370] Scrapping definition : BFS","logger":"root","filename":"ingestion_dag.py","lineno":401}
{"timestamp":"2026-01-06T14:16:30.091610Z","level":"info","event":"[1575/9370] Scrapping definition : Which is one part of the film that was somewhat close","logger":"root","filename":"ingestion_dag.py","lineno":401}
{"timestamp":"2026-01-06T14:16:30.622289Z","level":"info","event":"[1576/9370] Scrapping definition : historical record","logger":"root","filename":"ingestion_dag.py","lineno":401}
{"timestamp":"2026-01-06T14:16:30.696330Z","level":"error","event":"Error of scraping: 403 Client Error: Forbidden for url: https://en.wikipedia.org/wiki/Wallace_Sword","logger":"root","filename":"ingestion_dag.py","lineno":365}
{"timestamp":"2026-01-06T14:16:30.797988Z","level":"info","event":"[1577/9370] Scrapping definition : Bilingual Backfire","logger":"root","filename":"ingestion_dag.py","lineno":401}
{"timestamp":"2026-01-06T14:16:31.290471Z","level":"info","event":"[1578/9370] Scrapping definition : Black Knight","logger":"root","filename":"ingestion_dag.py","lineno":401}
{"timestamp":"2026-01-06T14:16:31.783964Z","level":"info","event":"[1579/9370] Scrapping definition : The Blade Always Lands Pointy End In","logger":"root","filename":"ingestion_dag.py","lineno":401}
{"timestamp":"2026-01-06T14:16:32.273247Z","level":"info","event":"[1580/9370] Scrapping definition : Blood Knight","logger":"root","filename":"ingestion_dag.py","lineno":401}
{"timestamp":"2026-01-06T14:16:32.889413Z","level":"info","event":"[1581/9370] Scrapping definition : not to help the Scots to get freedom","logger":"root","filename":"ingestion_dag.py","lineno":401}
{"timestamp":"2026-01-06T14:16:33.370790Z","level":"info","event":"[1582/9370] Scrapping definition : Bonnie Scotland","logger":"root","filename":"ingestion_dag.py","lineno":401}
{"timestamp":"2026-01-06T14:16:33.907444Z","level":"info","event":"[1583/9370] Scrapping definition : Brave Scot","logger":"root","filename":"ingestion_dag.py","lineno":401}
{"timestamp":"2026-01-06T14:16:34.412682Z","level":"info","event":"[1584/9370] Scrapping definition : Bury Your Gays","logger":"root","filename":"ingestion_dag.py","lineno":401}
{"timestamp":"2026-01-06T14:16:35.069333Z","level":"info","event":"[1585/9370] Scrapping definition : the lack of LGBT-friendliness in Medieval Britain","logger":"root","filename":"ingestion_dag.py","lineno":401}
{"timestamp":"2026-01-06T14:16:35.395566Z","level":"info","event":"[1586/9370] Scrapping definition : stereotypical foppish gay man","logger":"root","filename":"ingestion_dag.py","lineno":401}
{"timestamp":"2026-01-06T14:16:35.906839Z","level":"info","event":"[1587/9370] Scrapping definition : noticed the difference","logger":"root","filename":"ingestion_dag.py","lineno":401}
{"timestamp":"2026-01-06T14:16:36.411471Z","level":"info","event":"[1588/9370] Scrapping definition : The Call Knows Where You Live","logger":"root","filename":"ingestion_dag.py","lineno":401}
{"timestamp":"2026-01-06T14:16:36.935354Z","level":"info","event":"[1589/9370] Scrapping definition : Call That a Formation","logger":"root","filename":"ingestion_dag.py","lineno":401}
{"timestamp":"2026-01-06T14:16:37.457161Z","level":"info","event":"[1590/9370] Scrapping definition : Cultured Badass","logger":"root","filename":"ingestion_dag.py","lineno":401}
{"timestamp":"2026-01-06T14:16:37.983920Z","level":"info","event":"[1591/9370] Scrapping definition : Doomed Hometown","logger":"root","filename":"ingestion_dag.py","lineno":401}
{"timestamp":"2026-01-06T14:16:38.496296Z","level":"info","event":"[1592/9370] Scrapping definition : Dirty Coward","logger":"root","filename":"ingestion_dag.py","lineno":401}
{"timestamp":"2026-01-06T14:16:38.964488Z","level":"info","event":"[1593/9370] Scrapping definition : Dramatic Unmask","logger":"root","filename":"ingestion_dag.py","lineno":401}
{"timestamp":"2026-01-06T14:16:39.438672Z","level":"info","event":"[1594/9370] Scrapping definition : Droit du seigneur","logger":"root","filename":"ingestion_dag.py","lineno":401}
{"timestamp":"2026-01-06T14:16:39.974594Z","level":"info","event":"[1595/9370] Scrapping definition : The Dung Ages","logger":"root","filename":"ingestion_dag.py","lineno":401}
{"timestamp":"2026-01-06T14:16:40.458642Z","level":"info","event":"[1596/9370] Scrapping definition : Epic Flail","logger":"root","filename":"ingestion_dag.py","lineno":401}
{"timestamp":"2026-01-06T14:16:40.996282Z","level":"info","event":"[1597/9370] Scrapping definition : Everything's Louder with Bagpipes","logger":"root","filename":"ingestion_dag.py","lineno":401}
{"timestamp":"2026-01-06T14:16:41.494376Z","level":"info","event":"[1598/9370] Scrapping definition : Evil Chancellor","logger":"root","filename":"ingestion_dag.py","lineno":401}
{"timestamp":"2026-01-06T14:16:42.028809Z","level":"info","event":"[1599/9370] Scrapping definition : Expecting Someone Taller","logger":"root","filename":"ingestion_dag.py","lineno":401}
{"timestamp":"2026-01-06T14:16:42.552801Z","level":"info","event":"[1600/9370] Scrapping definition : Bad People Have Bad Sex","logger":"root","filename":"ingestion_dag.py","lineno":401}
{"timestamp":"2026-01-06T14:16:42.767341Z","level":"info","event":"[1601/9370] Scrapping definition : The Reveal","logger":"root","filename":"ingestion_dag.py","lineno":401}
{"timestamp":"2026-01-06T14:16:43.350016Z","level":"info","event":"[1602/9370] Scrapping definition : Broken Pedestal","logger":"root","filename":"ingestion_dag.py","lineno":401}
{"timestamp":"2026-01-06T14:16:43.862757Z","level":"info","event":"[1603/9370] Scrapping definition : But Now I Must Go","logger":"root","filename":"ingestion_dag.py","lineno":401}
{"timestamp":"2026-01-06T14:16:44.397873Z","level":"info","event":"[1604/9370] Scrapping definition : Detective Mole","logger":"root","filename":"ingestion_dag.py","lineno":401}
{"timestamp":"2026-01-06T14:16:44.926865Z","level":"info","event":"[1605/9370] Scrapping definition : Hired to Hunt Yourself","logger":"root","filename":"ingestion_dag.py","lineno":401}
{"timestamp":"2026-01-06T14:16:45.570481Z","level":"info","event":"[1606/9370] Scrapping definition : Motive Rant","logger":"root","filename":"ingestion_dag.py","lineno":401}
{"timestamp":"2026-01-06T14:16:46.119257Z","level":"info","event":"[1607/9370] Scrapping definition : Foregone Conclusion","logger":"root","filename":"ingestion_dag.py","lineno":401}
{"timestamp":"2026-01-06T14:16:46.667203Z","level":"info","event":"[1608/9370] Scrapping definition : Kicked Upstairs","logger":"root","filename":"ingestion_dag.py","lineno":401}
{"timestamp":"2026-01-06T14:16:47.266340Z","level":"info","event":"[1609/9370] Scrapping definition : Brian's parents set such high standards","logger":"root","filename":"ingestion_dag.py","lineno":401}
{"timestamp":"2026-01-06T14:16:47.818803Z","level":"info","event":"[1610/9370] Scrapping definition : Allison's","logger":"root","filename":"ingestion_dag.py","lineno":401}
{"timestamp":"2026-01-06T14:16:48.334784Z","level":"info","event":"[1611/9370] Scrapping definition : Claire's","logger":"root","filename":"ingestion_dag.py","lineno":401}
{"timestamp":"2026-01-06T14:16:48.843315Z","level":"info","event":"[1612/9370] Scrapping definition : Andy's father tells him that winning is everything","logger":"root","filename":"ingestion_dag.py","lineno":401}
{"timestamp":"2026-01-06T14:16:49.385254Z","level":"info","event":"[1613/9370] Scrapping definition : All Girls Want Bad Boys","logger":"root","filename":"ingestion_dag.py","lineno":401}
{"timestamp":"2026-01-06T14:16:49.950128Z","level":"info","event":"[1614/9370] Scrapping definition : Almighty Janitor","logger":"root","filename":"ingestion_dag.py","lineno":401}
{"timestamp":"2026-01-06T14:16:50.487125Z","level":"info","event":"[1615/9370] Scrapping definition : Angry Dance","logger":"root","filename":"ingestion_dag.py","lineno":401}
{"timestamp":"2026-01-06T14:16:50.986041Z","level":"info","event":"[1616/9370] Scrapping definition : Angst","logger":"root","filename":"ingestion_dag.py","lineno":401}
{"timestamp":"2026-01-06T14:16:51.462348Z","level":"info","event":"[1617/9370] Scrapping definition : Axes At School","logger":"root","filename":"ingestion_dag.py","lineno":401}
{"timestamp":"2026-01-06T14:16:51.958072Z","level":"info","event":"[1618/9370] Scrapping definition : The \"B\" Grade","logger":"root","filename":"ingestion_dag.py","lineno":401}
{"timestamp":"2026-01-06T14:16:52.474948Z","level":"info","event":"[1619/9370] Scrapping definition : Big Eater","logger":"root","filename":"ingestion_dag.py","lineno":401}
{"timestamp":"2026-01-06T14:16:53.060904Z","level":"info","event":"[1620/9370] Scrapping definition : Big Man on Campus","logger":"root","filename":"ingestion_dag.py","lineno":401}
{"timestamp":"2026-01-06T14:16:53.616314Z","level":"info","event":"[1621/9370] Scrapping definition : Book Dumb","logger":"root","filename":"ingestion_dag.py","lineno":401}
{"timestamp":"2026-01-06T14:16:54.140917Z","level":"info","event":"[1622/9370] Scrapping definition : Breakfast Club","logger":"root","filename":"ingestion_dag.py","lineno":401}
{"timestamp":"2026-01-06T14:16:54.824174Z","level":"info","event":"[1623/9370] Scrapping definition : Obviously","logger":"root","filename":"ingestion_dag.py","lineno":401}
{"timestamp":"2026-01-06T14:16:55.783096Z","level":"info","event":"[1624/9370] Scrapping definition : Cerebus Callback","logger":"root","filename":"ingestion_dag.py","lineno":401}
{"timestamp":"2026-01-06T14:16:56.287154Z","level":"info","event":"[1625/9370] Scrapping definition : Colonel Bogey March","logger":"root","filename":"ingestion_dag.py","lineno":401}
{"timestamp":"2026-01-06T14:16:56.796636Z","level":"info","event":"[1626/9370] Scrapping definition : Color Coded for Your Convenience","logger":"root","filename":"ingestion_dag.py","lineno":401}
{"timestamp":"2026-01-06T14:16:57.489645Z","level":"info","event":"[1627/9370] Scrapping definition : Crazy Consumption","logger":"root","filename":"ingestion_dag.py","lineno":401}
{"timestamp":"2026-01-06T14:16:58.012254Z","level":"info","event":"[1628/9370] Scrapping definition : Dean Bitterman","logger":"root","filename":"ingestion_dag.py","lineno":401}
{"timestamp":"2026-01-06T14:16:58.559058Z","level":"info","event":"[1629/9370] Scrapping definition : Deconstructed Trope","logger":"root","filename":"ingestion_dag.py","lineno":401}
{"timestamp":"2026-01-06T14:16:59.256158Z","level":"info","event":"[1630/9370] Scrapping definition : Do Wrong Right","logger":"root","filename":"ingestion_dag.py","lineno":401}
{"timestamp":"2026-01-06T14:16:59.764111Z","level":"info","event":"[1631/9370] Scrapping definition : Dysfunction Junction","logger":"root","filename":"ingestion_dag.py","lineno":401}
{"timestamp":"2026-01-06T14:17:00.347818Z","level":"info","event":"[1632/9370] Scrapping definition : Education Mama","logger":"root","filename":"ingestion_dag.py","lineno":401}
{"timestamp":"2026-01-06T14:17:00.549234Z","level":"info","event":"[1633/9370] Scrapping definition : It gets worse.","logger":"root","filename":"ingestion_dag.py","lineno":401}
{"timestamp":"2026-01-06T14:17:00.784123Z","level":"info","event":"[1634/9370] Scrapping definition : Enemy Eats Your Lunch","logger":"root","filename":"ingestion_dag.py","lineno":401}
{"timestamp":"2026-01-06T14:17:01.294031Z","level":"info","event":"[1635/9370] Scrapping definition : Female Gaze","logger":"root","filename":"ingestion_dag.py","lineno":401}
{"timestamp":"2026-01-06T14:17:01.794648Z","level":"info","event":"[1636/9370] Scrapping definition : Foreign Queasine","logger":"root","filename":"ingestion_dag.py","lineno":401}
{"timestamp":"2026-01-06T14:17:02.287293Z","level":"info","event":"[1637/9370] Scrapping definition : Da Chief","logger":"root","filename":"ingestion_dag.py","lineno":401}
{"timestamp":"2026-01-06T14:17:02.789399Z","level":"info","event":"[1638/9370] Scrapping definition : Amateur Sleuth","logger":"root","filename":"ingestion_dag.py","lineno":401}
{"timestamp":"2026-01-06T14:17:03.295162Z","level":"info","event":"[1639/9370] Scrapping definition : Basement Dweller","logger":"root","filename":"ingestion_dag.py","lineno":401}
{"timestamp":"2026-01-06T14:17:03.810653Z","level":"info","event":"[1640/9370] Scrapping definition : The Ace","logger":"root","filename":"ingestion_dag.py","lineno":401}
{"timestamp":"2026-01-06T14:17:04.395255Z","level":"info","event":"[1641/9370] Scrapping definition : Always Someone Better","logger":"root","filename":"ingestion_dag.py","lineno":401}
{"timestamp":"2026-01-06T14:17:04.940326Z","level":"info","event":"[1642/9370] Scrapping definition : And That Little Girl Was Me","logger":"root","filename":"ingestion_dag.py","lineno":401}
{"timestamp":"2026-01-06T14:17:05.461301Z","level":"info","event":"[1643/9370] Scrapping definition : Absence Makes the Heart Go Yonder","logger":"root","filename":"ingestion_dag.py","lineno":401}
{"timestamp":"2026-01-06T14:17:05.973979Z","level":"info","event":"[1644/9370] Scrapping definition : Single-Target Sexuality","logger":"root","filename":"ingestion_dag.py","lineno":401}
{"timestamp":"2026-01-06T14:17:06.461056Z","level":"info","event":"[1645/9370] Scrapping definition : A 1996 John Woo film","logger":"root","filename":"ingestion_dag.py","lineno":401}
{"timestamp":"2026-01-06T14:17:07.017461Z","level":"info","event":"[1646/9370] Scrapping definition : |A 1950 Western","logger":"root","filename":"ingestion_dag.py","lineno":401}
{"timestamp":"2026-01-06T14:17:07.531779Z","level":"info","event":"[1647/9370] Scrapping definition : All Musicals Are Adaptations","logger":"root","filename":"ingestion_dag.py","lineno":401}
{"timestamp":"2026-01-06T14:17:08.060662Z","level":"info","event":"[1648/9370] Scrapping definition : Audience Monologue","logger":"root","filename":"ingestion_dag.py","lineno":401}
{"timestamp":"2026-01-06T14:17:08.560022Z","level":"info","event":"[1649/9370] Scrapping definition : Briefcase Full of Money","logger":"root","filename":"ingestion_dag.py","lineno":401}
{"timestamp":"2026-01-06T14:17:09.064917Z","level":"info","event":"[1650/9370] Scrapping definition : The Cast Showoff","logger":"root","filename":"ingestion_dag.py","lineno":401}
{"timestamp":"2026-01-06T14:17:10.208830Z","level":"info","event":"[1651/9370] Scrapping definition : Rachel Weisz","logger":"root","filename":"ingestion_dag.py","lineno":401}
{"timestamp":"2026-01-06T14:17:10.684000Z","level":"info","event":"[1652/9370] Scrapping definition : Chekhov's Boomerang","logger":"root","filename":"ingestion_dag.py","lineno":401}
{"timestamp":"2026-01-06T14:17:11.209106Z","level":"info","event":"[1653/9370] Scrapping definition : Astronomic Zoom","logger":"root","filename":"ingestion_dag.py","lineno":401}
{"timestamp":"2026-01-06T14:17:11.696963Z","level":"info","event":"[1654/9370] Scrapping definition : Logo Joke","logger":"root","filename":"ingestion_dag.py","lineno":401}
{"timestamp":"2026-01-06T14:17:12.214059Z","level":"info","event":"[1655/9370] Scrapping definition : Deconstructive Parody","logger":"root","filename":"ingestion_dag.py","lineno":401}
{"timestamp":"2026-01-06T14:17:12.739994Z","level":"info","event":"[1656/9370] Scrapping definition : Floorboard Failure","logger":"root","filename":"ingestion_dag.py","lineno":401}
{"timestamp":"2026-01-06T14:17:13.418438Z","level":"info","event":"[1657/9370] Scrapping definition : Herr Doktor","logger":"root","filename":"ingestion_dag.py","lineno":401}
{"timestamp":"2026-01-06T14:17:13.923181Z","level":"info","event":"[1658/9370] Scrapping definition : Hey, It's That Place!","logger":"root","filename":"ingestion_dag.py","lineno":401}
{"timestamp":"2026-01-06T14:17:14.461794Z","level":"info","event":"[1659/9370] Scrapping definition : Desperate Housewives","logger":"root","filename":"ingestion_dag.py","lineno":401}
{"timestamp":"2026-01-06T14:17:14.937820Z","level":"info","event":"[1660/9370] Scrapping definition : Nightmare Fetishist","logger":"root","filename":"ingestion_dag.py","lineno":401}
{"timestamp":"2026-01-06T14:17:15.485043Z","level":"info","event":"[1661/9370] Scrapping definition : Nosy Neighbor","logger":"root","filename":"ingestion_dag.py","lineno":401}
{"timestamp":"2026-01-06T14:17:15.985550Z","level":"info","event":"[1662/9370] Scrapping definition : Not So Above It All","logger":"root","filename":"ingestion_dag.py","lineno":401}
{"timestamp":"2026-01-06T14:17:16.485009Z","level":"info","event":"[1663/9370] Scrapping definition : What Might Have Been","logger":"root","filename":"ingestion_dag.py","lineno":401}
{"timestamp":"2026-01-06T14:17:17.205213Z","level":"info","event":"[1664/9370] Scrapping definition : World of Ham","logger":"root","filename":"ingestion_dag.py","lineno":401}
{"timestamp":"2026-01-06T14:17:17.824094Z","level":"info","event":"[1665/9370] Scrapping definition : Buried Alive","logger":"root","filename":"ingestion_dag.py","lineno":401}
{"timestamp":"2026-01-06T14:17:18.372171Z","level":"info","event":"[1666/9370] Scrapping definition : Chiaroscuro","logger":"root","filename":"ingestion_dag.py","lineno":401}
{"timestamp":"2026-01-06T14:17:18.912348Z","level":"info","event":"[1667/9370] Scrapping definition : Enclosed Space","logger":"root","filename":"ingestion_dag.py","lineno":401}
{"timestamp":"2026-01-06T14:17:19.450959Z","level":"info","event":"[1668/9370] Scrapping definition : 555","logger":"root","filename":"ingestion_dag.py","lineno":401}
{"timestamp":"2026-01-06T14:17:19.967445Z","level":"info","event":"[1669/9370] Scrapping definition : He Who Must Not Be Seen","logger":"root","filename":"ingestion_dag.py","lineno":401}
{"timestamp":"2026-01-06T14:17:20.465934Z","level":"info","event":"[1670/9370] Scrapping definition : Hope Spot","logger":"root","filename":"ingestion_dag.py","lineno":401}
{"timestamp":"2026-01-06T14:17:21.022359Z","level":"info","event":"[1671/9370] Scrapping definition : Humiliation Conga","logger":"root","filename":"ingestion_dag.py","lineno":401}
{"timestamp":"2026-01-06T14:17:21.546185Z","level":"info","event":"[1672/9370] Scrapping definition : Logical Fallacies","logger":"root","filename":"ingestion_dag.py","lineno":401}
{"timestamp":"2026-01-06T14:17:22.124958Z","level":"info","event":"[1673/9370] Scrapping definition : Minimalist Cast","logger":"root","filename":"ingestion_dag.py","lineno":401}
{"timestamp":"2026-01-06T14:17:22.656734Z","level":"info","event":"[1674/9370] Scrapping definition : Ryan Reynolds","logger":"root","filename":"ingestion_dag.py","lineno":401}
{"timestamp":"2026-01-06T14:17:23.115686Z","level":"info","event":"[1675/9370] Scrapping definition : Nightmare Fuel","logger":"root","filename":"ingestion_dag.py","lineno":401}
{"timestamp":"2026-01-06T14:17:23.612763Z","level":"info","event":"[1676/9370] Scrapping definition : Obstructive Bureaucrat","logger":"root","filename":"ingestion_dag.py","lineno":401}
{"timestamp":"2026-01-06T14:17:24.142924Z","level":"info","event":"[1677/9370] Scrapping definition : Orange-Blue Contrast","logger":"root","filename":"ingestion_dag.py","lineno":401}
{"timestamp":"2026-01-06T14:17:24.662546Z","level":"info","event":"[1678/9370] Scrapping definition : Plot Induced Stupidity","logger":"root","filename":"ingestion_dag.py","lineno":401}
{"timestamp":"2026-01-06T14:17:25.339051Z","level":"info","event":"[1679/9370] Scrapping definition : Chad","logger":"root","filename":"ingestion_dag.py","lineno":401}
{"timestamp":"2026-01-06T14:17:25.826121Z","level":"info","event":"[1680/9370] Scrapping definition : Audience Surrogate","logger":"root","filename":"ingestion_dag.py","lineno":401}
{"timestamp":"2026-01-06T14:17:26.294217Z","level":"info","event":"[1681/9370] Scrapping definition : Blind Date","logger":"root","filename":"ingestion_dag.py","lineno":401}
{"timestamp":"2026-01-06T14:17:26.859254Z","level":"info","event":"[1682/9370] Scrapping definition : Bloody Hilarious","logger":"root","filename":"ingestion_dag.py","lineno":401}
{"timestamp":"2026-01-06T14:17:27.389127Z","level":"info","event":"[1683/9370] Scrapping definition : Buffy-Speak","logger":"root","filename":"ingestion_dag.py","lineno":401}
{"timestamp":"2026-01-06T14:17:27.927182Z","level":"info","event":"[1684/9370] Scrapping definition : Animal Nemesis","logger":"root","filename":"ingestion_dag.py","lineno":401}
{"timestamp":"2026-01-06T14:17:28.481501Z","level":"info","event":"[1685/9370] Scrapping definition : Bizarre and Improbable Golf Game","logger":"root","filename":"ingestion_dag.py","lineno":401}
{"timestamp":"2026-01-06T14:17:28.944363Z","level":"info","event":"[1686/9370] Scrapping definition : Black and Grey Morality","logger":"root","filename":"ingestion_dag.py","lineno":401}
{"timestamp":"2026-01-06T14:17:29.659995Z","level":"info","event":"[1687/9370] Scrapping definition : Blindfolded Vision","logger":"root","filename":"ingestion_dag.py","lineno":401}
{"timestamp":"2026-01-06T14:17:30.177100Z","level":"info","event":"[1688/9370] Scrapping definition : Bolt of Divine Retribution","logger":"root","filename":"ingestion_dag.py","lineno":401}
{"timestamp":"2026-01-06T14:17:30.658051Z","level":"info","event":"[1689/9370] Scrapping definition : Down to the Last Play","logger":"root","filename":"ingestion_dag.py","lineno":401}
{"timestamp":"2026-01-06T14:17:31.336632Z","level":"info","event":"[1690/9370] Scrapping definition : Dance Party Ending","logger":"root","filename":"ingestion_dag.py","lineno":401}
{"timestamp":"2026-01-06T14:17:31.822099Z","level":"info","event":"[1691/9370] Scrapping definition : Don't Think, Feel","logger":"root","filename":"ingestion_dag.py","lineno":401}
{"timestamp":"2026-01-06T14:17:32.315090Z","level":"info","event":"[1692/9370] Scrapping definition : Drugs Are Bad","logger":"root","filename":"ingestion_dag.py","lineno":401}
{"timestamp":"2026-01-06T14:17:32.847702Z","level":"info","event":"[1693/9370] Scrapping definition : Dude, Where's My Respect?","logger":"root","filename":"ingestion_dag.py","lineno":401}
{"timestamp":"2026-01-06T14:17:33.368018Z","level":"info","event":"[1694/9370] Scrapping definition : Rodney Dangerfield","logger":"root","filename":"ingestion_dag.py","lineno":401}
{"timestamp":"2026-01-06T14:17:33.819705Z","level":"info","event":"[1695/9370] Scrapping definition : Evil Old Folks","logger":"root","filename":"ingestion_dag.py","lineno":401}
{"timestamp":"2026-01-06T14:17:34.377471Z","level":"info","event":"[1696/9370] Scrapping definition : Grumpy Old Man","logger":"root","filename":"ingestion_dag.py","lineno":401}
{"timestamp":"2026-01-06T14:17:34.909940Z","level":"info","event":"[1697/9370] Scrapping definition : Hanging Judge","logger":"root","filename":"ingestion_dag.py","lineno":401}
{"timestamp":"2026-01-06T14:17:35.404412Z","level":"info","event":"[1698/9370] Scrapping definition : Harpo Does Something Funny","logger":"root","filename":"ingestion_dag.py","lineno":401}
{"timestamp":"2026-01-06T14:17:35.929636Z","level":"info","event":"[1699/9370] Scrapping definition : I Ate What?","logger":"root","filename":"ingestion_dag.py","lineno":401}
{"timestamp":"2026-01-06T14:17:36.451842Z","level":"info","event":"[1700/9370] Scrapping definition : Hazmat Suit","logger":"root","filename":"ingestion_dag.py","lineno":401}
{"timestamp":"2026-01-06T14:17:36.920163Z","level":"info","event":"[1701/9370] Scrapping definition : takes this","logger":"root","filename":"ingestion_dag.py","lineno":401}
{"timestamp":"2026-01-06T14:17:37.405730Z","level":"info","event":"[1702/9370] Scrapping definition : the wrong way","logger":"root","filename":"ingestion_dag.py","lineno":401}
{"timestamp":"2026-01-06T14:17:37.881334Z","level":"info","event":"[1703/9370] Scrapping definition : Killer Rabbit","logger":"root","filename":"ingestion_dag.py","lineno":401}
{"timestamp":"2026-01-06T14:17:38.431310Z","level":"info","event":"[1704/9370] Scrapping definition : Likes Older Women","logger":"root","filename":"ingestion_dag.py","lineno":401}
{"timestamp":"2026-01-06T14:17:38.919346Z","level":"info","event":"[1705/9370] Scrapping definition : Never My Fault","logger":"root","filename":"ingestion_dag.py","lineno":401}
{"timestamp":"2026-01-06T14:17:39.446859Z","level":"info","event":"[1706/9370] Scrapping definition : \"No Respect\" Guy","logger":"root","filename":"ingestion_dag.py","lineno":401}
{"timestamp":"2026-01-06T14:17:39.941371Z","level":"info","event":"[1707/9370] Scrapping definition : Oireland","logger":"root","filename":"ingestion_dag.py","lineno":401}
{"timestamp":"2026-01-06T14:17:40.635343Z","level":"info","event":"[1708/9370] Scrapping definition : Screw Politeness I Am a Senior","logger":"root","filename":"ingestion_dag.py","lineno":401}
{"timestamp":"2026-01-06T14:17:41.526560Z","level":"info","event":"[1709/9370] Scrapping definition : Slobs Versus Snobs","logger":"root","filename":"ingestion_dag.py","lineno":401}
{"timestamp":"2026-01-06T14:17:42.034402Z","level":"info","event":"[1710/9370] Scrapping definition : Smite Me Oh Mighty Smiter","logger":"root","filename":"ingestion_dag.py","lineno":401}
{"timestamp":"2026-01-06T14:17:42.712084Z","level":"info","event":"[1711/9370] Scrapping definition : Too Many Halves","logger":"root","filename":"ingestion_dag.py","lineno":401}
{"timestamp":"2026-01-06T14:17:43.199335Z","level":"info","event":"[1712/9370] Scrapping definition : Two-Person Pool Party","logger":"root","filename":"ingestion_dag.py","lineno":401}
{"timestamp":"2026-01-06T14:17:43.684394Z","level":"info","event":"[1713/9370] Scrapping definition : Worm Sign","logger":"root","filename":"ingestion_dag.py","lineno":401}
{"timestamp":"2026-01-06T14:17:44.149786Z","level":"info","event":"[1714/9370] Scrapping definition : Bee-Bee Gun","logger":"root","filename":"ingestion_dag.py","lineno":401}
{"timestamp":"2026-01-06T14:17:44.668093Z","level":"info","event":"[1715/9370] Scrapping definition : The Can Kicked Him","logger":"root","filename":"ingestion_dag.py","lineno":401}
{"timestamp":"2026-01-06T14:17:45.778709Z","level":"info","event":"[1716/9370] Scrapping definition : Clap Your Hands If You Believe","logger":"root","filename":"ingestion_dag.py","lineno":401}
{"timestamp":"2026-01-06T14:17:46.378510Z","level":"info","event":"[1717/9370] Scrapping definition : Deceptively Silly Title","logger":"root","filename":"ingestion_dag.py","lineno":401}
{"timestamp":"2026-01-06T14:17:46.923472Z","level":"info","event":"[1718/9370] Scrapping definition : Everything's Worse with Bees","logger":"root","filename":"ingestion_dag.py","lineno":401}
{"timestamp":"2026-01-06T14:17:47.457063Z","level":"info","event":"[1719/9370] Scrapping definition : Fan Disservice","logger":"root","filename":"ingestion_dag.py","lineno":401}
{"timestamp":"2026-01-06T14:17:47.925179Z","level":"info","event":"[1720/9370] Scrapping definition : Gods Need Prayer Badly","logger":"root","filename":"ingestion_dag.py","lineno":401}
{"timestamp":"2026-01-06T14:17:48.547296Z","level":"info","event":"[1721/9370] Scrapping definition : Hook Hand","logger":"root","filename":"ingestion_dag.py","lineno":401}
{"timestamp":"2026-01-06T14:17:49.091206Z","level":"info","event":"[1722/9370] Scrapping definition : Kill It with Fire","logger":"root","filename":"ingestion_dag.py","lineno":401}
{"timestamp":"2026-01-06T14:17:49.606263Z","level":"info","event":"[1723/9370] Scrapping definition : Luke, I Am Your Father","logger":"root","filename":"ingestion_dag.py","lineno":401}
{"timestamp":"2026-01-06T14:17:50.145941Z","level":"info","event":"[1724/9370] Scrapping definition : Magic Mirror","logger":"root","filename":"ingestion_dag.py","lineno":401}
{"timestamp":"2026-01-06T14:17:50.647039Z","level":"info","event":"[1725/9370] Scrapping definition : Cape Fear (1962 film)","logger":"root","filename":"ingestion_dag.py","lineno":401}
{"timestamp":"2026-01-06T14:17:51.162799Z","level":"info","event":"[1726/9370] Scrapping definition : Gregory Peck","logger":"root","filename":"ingestion_dag.py","lineno":401}
{"timestamp":"2026-01-06T14:17:51.605923Z","level":"info","event":"[1727/9370] Scrapping definition : Cape Fear (1991 film)","logger":"root","filename":"ingestion_dag.py","lineno":401}
{"timestamp":"2026-01-06T14:17:52.187856Z","level":"info","event":"[1728/9370] Scrapping definition : Robert De Niro","logger":"root","filename":"ingestion_dag.py","lineno":401}
{"timestamp":"2026-01-06T14:17:52.660528Z","level":"info","event":"[1729/9370] Scrapping definition : Caustic Critic","logger":"root","filename":"ingestion_dag.py","lineno":401}
{"timestamp":"2026-01-06T14:17:53.158998Z","level":"info","event":"[1730/9370] Scrapping definition : Even Evil Has Standards","logger":"root","filename":"ingestion_dag.py","lineno":401}
{"timestamp":"2026-01-06T14:17:53.360876Z","level":"info","event":"[1731/9370] Scrapping definition : For the Evulz","logger":"root","filename":"ingestion_dag.py","lineno":401}
{"timestamp":"2026-01-06T14:17:53.878387Z","level":"info","event":"[1732/9370] Scrapping definition : Jump Cut","logger":"root","filename":"ingestion_dag.py","lineno":401}
{"timestamp":"2026-01-06T14:17:54.331220Z","level":"info","event":"[1733/9370] Scrapping definition : Kubrick Stare","logger":"root","filename":"ingestion_dag.py","lineno":401}
{"timestamp":"2026-01-06T14:17:54.848434Z","level":"info","event":"[1734/9370] Scrapping definition : Mononymous Biopic Title","logger":"root","filename":"ingestion_dag.py","lineno":401}
{"timestamp":"2026-01-06T14:17:55.364844Z","level":"info","event":"[1735/9370] Scrapping definition : Sociopathic Hero","logger":"root","filename":"ingestion_dag.py","lineno":401}
{"timestamp":"2026-01-06T14:17:55.818747Z","level":"info","event":"[1736/9370] Scrapping definition : Alliteration","logger":"root","filename":"ingestion_dag.py","lineno":401}
{"timestamp":"2026-01-06T14:17:56.272165Z","level":"info","event":"[1737/9370] Scrapping definition : Big Applesauce","logger":"root","filename":"ingestion_dag.py","lineno":401}
{"timestamp":"2026-01-06T14:17:56.774471Z","level":"info","event":"[1738/9370] Scrapping definition : Bottomless Magazines","logger":"root","filename":"ingestion_dag.py","lineno":401}
{"timestamp":"2026-01-06T14:17:57.351930Z","level":"info","event":"[1739/9370] Scrapping definition : Chekhov's Gunman","logger":"root","filename":"ingestion_dag.py","lineno":401}
{"timestamp":"2026-01-06T14:17:57.911325Z","level":"info","event":"[1740/9370] Scrapping definition : Abuse Is Okay When It Is Female On Male","logger":"root","filename":"ingestion_dag.py","lineno":401}
{"timestamp":"2026-01-06T14:17:58.615995Z","level":"info","event":"[1741/9370] Scrapping definition : in a long dark Gestapo-ish coat.","logger":"root","filename":"ingestion_dag.py","lineno":401}
{"timestamp":"2026-01-06T14:17:58.829201Z","level":"info","event":"[1742/9370] Scrapping definition : Comedic Sociopathy","logger":"root","filename":"ingestion_dag.py","lineno":401}
{"timestamp":"2026-01-06T14:17:59.373098Z","level":"info","event":"[1743/9370] Scrapping definition : The Comically Serious","logger":"root","filename":"ingestion_dag.py","lineno":401}
{"timestamp":"2026-01-06T14:17:59.935464Z","level":"info","event":"[1744/9370] Scrapping definition : Cutting the Electronic Leash","logger":"root","filename":"ingestion_dag.py","lineno":401}
{"timestamp":"2026-01-06T14:18:00.466155Z","level":"info","event":"[1745/9370] Scrapping definition : Enemy Mine","logger":"root","filename":"ingestion_dag.py","lineno":401}
{"timestamp":"2026-01-06T14:18:01.112278Z","level":"info","event":"[1746/9370] Scrapping definition : Freak-Out","logger":"root","filename":"ingestion_dag.py","lineno":401}
{"timestamp":"2026-01-06T14:18:01.657680Z","level":"info","event":"[1747/9370] Scrapping definition : Hypocrisy","logger":"root","filename":"ingestion_dag.py","lineno":401}
{"timestamp":"2026-01-06T14:18:02.357272Z","level":"info","event":"[1748/9370] Scrapping definition : In Vino Veritas","logger":"root","filename":"ingestion_dag.py","lineno":401}
{"timestamp":"2026-01-06T14:18:02.884753Z","level":"info","event":"[1749/9370] Scrapping definition : Menstrual Menace","logger":"root","filename":"ingestion_dag.py","lineno":401}
{"timestamp":"2026-01-06T14:18:03.354340Z","level":"info","event":"[1750/9370] Scrapping definition : Minimalism","logger":"root","filename":"ingestion_dag.py","lineno":401}
{"timestamp":"2026-01-06T14:18:03.850552Z","level":"info","event":"[1751/9370] Scrapping definition : Nietzsche Wannabe","logger":"root","filename":"ingestion_dag.py","lineno":401}
{"timestamp":"2026-01-06T14:18:04.086268Z","level":"info","event":"[1752/9370] Scrapping definition : One Head Taller","logger":"root","filename":"ingestion_dag.py","lineno":401}
{"timestamp":"2026-01-06T14:18:04.675933Z","level":"info","event":"[1753/9370] Scrapping definition : Passive-Aggressive Kombat","logger":"root","filename":"ingestion_dag.py","lineno":401}
{"timestamp":"2026-01-06T14:18:05.137821Z","level":"info","event":"[1754/9370] Scrapping definition : Real Time","logger":"root","filename":"ingestion_dag.py","lineno":401}
{"timestamp":"2026-01-06T14:18:05.641693Z","level":"info","event":"[1755/9370] Scrapping definition : Sacred Hospitality","logger":"root","filename":"ingestion_dag.py","lineno":401}
{"timestamp":"2026-01-06T14:18:06.149665Z","level":"info","event":"[1756/9370] Scrapping definition : Sliding Scale of Idealism Versus Cynicism","logger":"root","filename":"ingestion_dag.py","lineno":401}
{"timestamp":"2026-01-06T14:18:06.637980Z","level":"info","event":"[1757/9370] Scrapping definition : Strawman Political","logger":"root","filename":"ingestion_dag.py","lineno":401}
{"timestamp":"2026-01-06T14:18:07.321485Z","level":"info","event":"[1758/9370] Scrapping definition : Straw Misogynist","logger":"root","filename":"ingestion_dag.py","lineno":401}
{"timestamp":"2026-01-06T14:18:07.883598Z","level":"info","event":"[1759/9370] Scrapping definition : Troubled Fetal Position","logger":"root","filename":"ingestion_dag.py","lineno":401}
{"timestamp":"2026-01-06T14:18:08.431620Z","level":"info","event":"[1760/9370] Scrapping definition : The Voice","logger":"root","filename":"ingestion_dag.py","lineno":401}
{"timestamp":"2026-01-06T14:18:09.095225Z","level":"info","event":"[1761/9370] Scrapping definition : villain","logger":"root","filename":"ingestion_dag.py","lineno":401}
{"timestamp":"2026-01-06T14:18:09.310694Z","level":"info","event":"[1762/9370] Scrapping definition : \"heroic\"","logger":"root","filename":"ingestion_dag.py","lineno":401}
{"timestamp":"2026-01-06T14:18:09.872434Z","level":"info","event":"[1763/9370] Scrapping definition : his initial reaction","logger":"root","filename":"ingestion_dag.py","lineno":401}
{"timestamp":"2026-01-06T14:18:10.097178Z","level":"info","event":"[1764/9370] Scrapping definition : Vomit Indiscretion Shot","logger":"root","filename":"ingestion_dag.py","lineno":401}
{"timestamp":"2026-01-06T14:18:10.579254Z","level":"info","event":"[1765/9370] Scrapping definition : Broadway adaptation","logger":"root","filename":"ingestion_dag.py","lineno":401}
{"timestamp":"2026-01-06T14:18:11.041063Z","level":"info","event":"[1766/9370] Scrapping definition : potential","logger":"root","filename":"ingestion_dag.py","lineno":401}
{"timestamp":"2026-01-06T14:18:11.262211Z","level":"info","event":"[1767/9370] Scrapping definition : in the works","logger":"root","filename":"ingestion_dag.py","lineno":401}
{"timestamp":"2026-01-06T14:18:12.789376Z","level":"info","event":"DDefinition not found for https://web.archive.org/web/20110605025753/http://www.joblo.com/horror-movies/carrie-finds-its-leads-no-not-the-movie-the-broadway-revival-","logger":"root","filename":"ingestion_dag.py","lineno":363}
{"timestamp":"2026-01-06T14:18:12.891601Z","level":"info","event":"[1768/9370] Scrapping definition : its own page","logger":"root","filename":"ingestion_dag.py","lineno":401}
{"timestamp":"2026-01-06T14:18:13.377109Z","level":"info","event":"[1769/9370] Scrapping definition : made-for-TV","logger":"root","filename":"ingestion_dag.py","lineno":401}
{"timestamp":"2026-01-06T14:18:13.576729Z","level":"info","event":"[1770/9370] Scrapping definition : Remake","logger":"root","filename":"ingestion_dag.py","lineno":401}
{"timestamp":"2026-01-06T14:18:14.268092Z","level":"info","event":"[1771/9370] Scrapping definition : Bryan Fuller","logger":"root","filename":"ingestion_dag.py","lineno":401}
{"timestamp":"2026-01-06T14:18:14.797189Z","level":"info","event":"[1772/9370] Scrapping definition : yes","logger":"root","filename":"ingestion_dag.py","lineno":401}
{"timestamp":"2026-01-06T14:18:15.279188Z","level":"info","event":"[1773/9370] Scrapping definition : Bryan","logger":"root","filename":"ingestion_dag.py","lineno":401}
{"timestamp":"2026-01-06T14:18:15.824650Z","level":"info","event":"[1774/9370] Scrapping definition : Fuller","logger":"root","filename":"ingestion_dag.py","lineno":401}
{"timestamp":"2026-01-06T14:18:16.308685Z","level":"info","event":"[1775/9370] Scrapping definition : Angela Bettis","logger":"root","filename":"ingestion_dag.py","lineno":401}
{"timestamp":"2026-01-06T14:18:16.793285Z","level":"info","event":"[1776/9370] Scrapping definition : meant to lead into an NBC series","logger":"root","filename":"ingestion_dag.py","lineno":401}
{"timestamp":"2026-01-06T14:18:17.280741Z","level":"info","event":"[1777/9370] Scrapping definition : use of after-the-fact articles","logger":"root","filename":"ingestion_dag.py","lineno":401}
{"timestamp":"2026-01-06T14:18:17.772988Z","level":"info","event":"[1778/9370] Scrapping definition : an early appearance","logger":"root","filename":"ingestion_dag.py","lineno":401}
{"timestamp":"2026-01-06T14:18:18.328655Z","level":"info","event":"[1779/9370] Scrapping definition : Emilie","logger":"root","filename":"ingestion_dag.py","lineno":401}
{"timestamp":"2026-01-06T14:18:18.858576Z","level":"info","event":"[1780/9370] Scrapping definition : de","logger":"root","filename":"ingestion_dag.py","lineno":401}
{"timestamp":"2026-01-06T14:18:19.485671Z","level":"info","event":"[1781/9370] Scrapping definition : Ravin","logger":"root","filename":"ingestion_dag.py","lineno":401}
{"timestamp":"2026-01-06T14:18:19.793697Z","level":"info","event":"[1782/9370] Scrapping definition : Chloë Grace Moretz","logger":"root","filename":"ingestion_dag.py","lineno":401}
{"timestamp":"2026-01-06T14:18:19.998969Z","level":"info","event":"[1783/9370] Scrapping definition : Marvel Comics","logger":"root","filename":"ingestion_dag.py","lineno":401}
{"timestamp":"2026-01-06T14:18:20.505981Z","level":"info","event":"[1784/9370] Scrapping definition : found-footage elements and interviews","logger":"root","filename":"ingestion_dag.py","lineno":401}
{"timestamp":"2026-01-06T14:18:22.113100Z","level":"info","event":"DDefinition not found for http://bloody-disgusting.com/news/3136761/carrie-might-have-found-footage-elements-plus-some-words-from-chloe-moretz-on-the-project/","logger":"root","filename":"ingestion_dag.py","lineno":363}
{"timestamp":"2026-01-06T14:18:22.214807Z","level":"info","event":"[1785/9370] Scrapping definition : Scrapbook Story","logger":"root","filename":"ingestion_dag.py","lineno":401}
{"timestamp":"2026-01-06T14:18:22.431943Z","level":"info","event":"[1786/9370] Scrapping definition : unsurprising","logger":"root","filename":"ingestion_dag.py","lineno":401}
{"timestamp":"2026-01-06T14:18:22.887219Z","level":"info","event":"[1787/9370] Scrapping definition : has questioned whether it is necessary","logger":"root","filename":"ingestion_dag.py","lineno":401}
{"timestamp":"2026-01-06T14:18:24.527363Z","level":"info","event":"DDefinition not found for http://www.joblo.com/movie-news/advice-to-those-remaking-carrie-theyre-all-gonna-laugh-at-you","logger":"root","filename":"ingestion_dag.py","lineno":363}
{"timestamp":"2026-01-06T14:18:24.628381Z","level":"info","event":"[1788/9370] Scrapping definition : doesn't seem to mind","logger":"root","filename":"ingestion_dag.py","lineno":401}
{"timestamp":"2026-01-06T14:18:25.293124Z","level":"error","event":"Error of scraping: 404 Client Error: Not Found for url: https://www.comingsoon.net/news/movienews.php?id=89904","logger":"root","filename":"ingestion_dag.py","lineno":365}
{"timestamp":"2026-01-06T14:18:25.394363Z","level":"info","event":"[1789/9370] Scrapping definition : Affectionate Pickpocket","logger":"root","filename":"ingestion_dag.py","lineno":401}
{"timestamp":"2026-01-06T14:18:25.887612Z","level":"info","event":"[1790/9370] Scrapping definition : The Alliance","logger":"root","filename":"ingestion_dag.py","lineno":401}
{"timestamp":"2026-01-06T14:18:26.521959Z","level":"info","event":"[1791/9370] Scrapping definition : Ho Yay","logger":"root","filename":"ingestion_dag.py","lineno":401}
{"timestamp":"2026-01-06T14:18:26.998079Z","level":"info","event":"[1792/9370] Scrapping definition : seems to enjoy his lots with chicks here and there","logger":"root","filename":"ingestion_dag.py","lineno":401}
{"timestamp":"2026-01-06T14:18:27.547951Z","level":"info","event":"[1793/9370] Scrapping definition : Awesome McCoolname","logger":"root","filename":"ingestion_dag.py","lineno":401}
{"timestamp":"2026-01-06T14:18:28.175949Z","level":"info","event":"[1794/9370] Scrapping definition : Bad Guy Bar","logger":"root","filename":"ingestion_dag.py","lineno":401}
{"timestamp":"2026-01-06T14:18:28.713299Z","level":"info","event":"[1795/9370] Scrapping definition : Bad Samaritan","logger":"root","filename":"ingestion_dag.py","lineno":401}
{"timestamp":"2026-01-06T14:18:29.201331Z","level":"info","event":"[1796/9370] Scrapping definition : Batman Gambit","logger":"root","filename":"ingestion_dag.py","lineno":401}
{"timestamp":"2026-01-06T14:18:29.721206Z","level":"info","event":"[1797/9370] Scrapping definition : Battle Couple","logger":"root","filename":"ingestion_dag.py","lineno":401}
{"timestamp":"2026-01-06T14:18:30.225132Z","level":"info","event":"[1798/9370] Scrapping definition : Bazaar of the Bizarre","logger":"root","filename":"ingestion_dag.py","lineno":401}
{"timestamp":"2026-01-06T14:18:30.730529Z","level":"info","event":"[1799/9370] Scrapping definition : some things","logger":"root","filename":"ingestion_dag.py","lineno":401}
{"timestamp":"2026-01-06T14:18:31.268720Z","level":"info","event":"[1800/9370] Scrapping definition : quite know yet","logger":"root","filename":"ingestion_dag.py","lineno":401}
{"timestamp":"2026-01-06T14:18:31.823678Z","level":"info","event":"[1801/9370] Scrapping definition : pretty good idea","logger":"root","filename":"ingestion_dag.py","lineno":401}
{"timestamp":"2026-01-06T14:18:32.410076Z","level":"info","event":"[1802/9370] Scrapping definition : And Now for Someone Completely Different","logger":"root","filename":"ingestion_dag.py","lineno":401}
{"timestamp":"2026-01-06T14:18:32.867479Z","level":"info","event":"[1803/9370] Scrapping definition : And That's Terrible","logger":"root","filename":"ingestion_dag.py","lineno":401}
{"timestamp":"2026-01-06T14:18:33.168198Z","level":"info","event":"[1804/9370] Scrapping definition : Badass Decay","logger":"root","filename":"ingestion_dag.py","lineno":401}
{"timestamp":"2026-01-06T14:18:33.738731Z","level":"info","event":"[1805/9370] Scrapping definition : Batter Up","logger":"root","filename":"ingestion_dag.py","lineno":401}
{"timestamp":"2026-01-06T14:18:34.249734Z","level":"info","event":"[1806/9370] Scrapping definition : sad, sad fate","logger":"root","filename":"ingestion_dag.py","lineno":401}
{"timestamp":"2026-01-06T14:18:34.788032Z","level":"info","event":"[1807/9370] Scrapping definition : That said, he's ultimately little more than a small-time thug in the grand scheme of things.","logger":"root","filename":"ingestion_dag.py","lineno":401}
{"timestamp":"2026-01-06T14:18:35.272943Z","level":"info","event":"[1808/9370] Scrapping definition : Bigger Bad","logger":"root","filename":"ingestion_dag.py","lineno":401}
{"timestamp":"2026-01-06T14:18:35.795670Z","level":"info","event":"[1809/9370] Scrapping definition : The Casino","logger":"root","filename":"ingestion_dag.py","lineno":401}
{"timestamp":"2026-01-06T14:18:36.270381Z","level":"info","event":"[1810/9370] Scrapping definition : Cliffhanger Copout","logger":"root","filename":"ingestion_dag.py","lineno":401}
{"timestamp":"2026-01-06T14:18:36.726250Z","level":"info","event":"[1811/9370] Scrapping definition : He didn't get out of the cockadoodie car!","logger":"root","filename":"ingestion_dag.py","lineno":401}
{"timestamp":"2026-01-06T14:18:37.032815Z","level":"info","event":"[1812/9370] Scrapping definition : The Other Wiki","logger":"root","filename":"ingestion_dag.py","lineno":401}
{"timestamp":"2026-01-06T14:18:37.788669Z","level":"info","event":"[1813/9370] Scrapping definition : Unusual Euphemisms","logger":"root","filename":"ingestion_dag.py","lineno":401}
{"timestamp":"2026-01-06T14:18:38.380659Z","level":"info","event":"[1814/9370] Scrapping definition : edited for television","logger":"root","filename":"ingestion_dag.py","lineno":401}
{"timestamp":"2026-01-06T14:18:39.116866Z","level":"info","event":"[1815/9370] Scrapping definition : You Jew money lover you!","logger":"root","filename":"ingestion_dag.py","lineno":401}
{"timestamp":"2026-01-06T14:18:40.219891Z","level":"info","event":"DDefinition not found for http://www.youtube.com/watch?v=ly9lKAaL8zQ","logger":"root","filename":"ingestion_dag.py","lineno":363}
{"timestamp":"2026-01-06T14:18:40.321295Z","level":"info","event":"[1816/9370] Scrapping definition : Ace","logger":"root","filename":"ingestion_dag.py","lineno":401}
{"timestamp":"2026-01-06T14:18:40.527522Z","level":"info","event":"[1817/9370] Scrapping definition : Control Freak","logger":"root","filename":"ingestion_dag.py","lineno":401}
{"timestamp":"2026-01-06T14:18:41.056005Z","level":"info","event":"[1818/9370] Scrapping definition : Fatal Flaw","logger":"root","filename":"ingestion_dag.py","lineno":401}
{"timestamp":"2026-01-06T14:18:41.572491Z","level":"info","event":"[1819/9370] Scrapping definition : the 1954 teleplay","logger":"root","filename":"ingestion_dag.py","lineno":401}
{"timestamp":"2026-01-06T14:18:42.135799Z","level":"info","event":"[1820/9370] Scrapping definition : the 1967 film","logger":"root","filename":"ingestion_dag.py","lineno":401}
{"timestamp":"2026-01-06T14:18:42.615099Z","level":"info","event":"[1821/9370] Scrapping definition : the 2006 film","logger":"root","filename":"ingestion_dag.py","lineno":401}
{"timestamp":"2026-01-06T14:18:42.929965Z","level":"info","event":"[1822/9370] Scrapping definition : Noveltoons","logger":"root","filename":"ingestion_dag.py","lineno":401}
{"timestamp":"2026-01-06T14:18:43.426854Z","level":"info","event":"[1823/9370] Scrapping definition : The Aloner","logger":"root","filename":"ingestion_dag.py","lineno":401}
{"timestamp":"2026-01-06T14:18:43.917410Z","level":"info","event":"[1824/9370] Scrapping definition : Beard of Barbarism","logger":"root","filename":"ingestion_dag.py","lineno":401}
{"timestamp":"2026-01-06T14:18:44.406166Z","level":"info","event":"[1825/9370] Scrapping definition : Bloody Handprint","logger":"root","filename":"ingestion_dag.py","lineno":401}
{"timestamp":"2026-01-06T14:18:44.950170Z","level":"info","event":"[1826/9370] Scrapping definition : Fiji","logger":"root","filename":"ingestion_dag.py","lineno":401}
{"timestamp":"2026-01-06T14:18:45.614155Z","level":"info","event":"[1827/9370] Scrapping definition : Can You Hear Me Now?","logger":"root","filename":"ingestion_dag.py","lineno":401}
{"timestamp":"2026-01-06T14:18:46.452200Z","level":"info","event":"[1828/9370] Scrapping definition : Chekhov's Armoury","logger":"root","filename":"ingestion_dag.py","lineno":401}
{"timestamp":"2026-01-06T14:18:46.991228Z","level":"info","event":"[1829/9370] Scrapping definition : Gallows Humor","logger":"root","filename":"ingestion_dag.py","lineno":401}
{"timestamp":"2026-01-06T14:18:47.541270Z","level":"info","event":"[1830/9370] Scrapping definition : Chekhov's Hobby","logger":"root","filename":"ingestion_dag.py","lineno":401}
{"timestamp":"2026-01-06T14:18:48.064025Z","level":"info","event":"[1831/9370] Scrapping definition : Climactic Music","logger":"root","filename":"ingestion_dag.py","lineno":401}
{"timestamp":"2026-01-06T14:18:48.596307Z","level":"info","event":"[1832/9370] Scrapping definition : Companion Cube","logger":"root","filename":"ingestion_dag.py","lineno":401}
{"timestamp":"2026-01-06T14:18:49.096413Z","level":"info","event":"[1833/9370] Scrapping definition : Did Not Get the Girl","logger":"root","filename":"ingestion_dag.py","lineno":401}
{"timestamp":"2026-01-06T14:18:49.663294Z","level":"info","event":"[1834/9370] Scrapping definition : A-Team Montage","logger":"root","filename":"ingestion_dag.py","lineno":401}
{"timestamp":"2026-01-06T14:18:50.138245Z","level":"info","event":"[1835/9370] Scrapping definition : Very Loosely Based on a True Story","logger":"root","filename":"ingestion_dag.py","lineno":401}
{"timestamp":"2026-01-06T14:18:50.666970Z","level":"info","event":"[1836/9370] Scrapping definition : Artistic Title","logger":"root","filename":"ingestion_dag.py","lineno":401}
{"timestamp":"2026-01-06T14:18:51.180046Z","level":"info","event":"[1837/9370] Scrapping definition : Pastiche","logger":"root","filename":"ingestion_dag.py","lineno":401}
{"timestamp":"2026-01-06T14:18:51.645888Z","level":"info","event":"[1838/9370] Scrapping definition : Bavarian Fire Drill","logger":"root","filename":"ingestion_dag.py","lineno":401}
{"timestamp":"2026-01-06T14:18:52.166199Z","level":"info","event":"[1839/9370] Scrapping definition : Black and White Morality","logger":"root","filename":"ingestion_dag.py","lineno":401}
{"timestamp":"2026-01-06T14:18:52.672647Z","level":"info","event":"[1840/9370] Scrapping definition : The Casanova","logger":"root","filename":"ingestion_dag.py","lineno":401}
{"timestamp":"2026-01-06T14:18:53.182373Z","level":"info","event":"[1841/9370] Scrapping definition : Chew Out Fake Out","logger":"root","filename":"ingestion_dag.py","lineno":401}
{"timestamp":"2026-01-06T14:18:53.811868Z","level":"info","event":"[1842/9370] Scrapping definition : The Con","logger":"root","filename":"ingestion_dag.py","lineno":401}
{"timestamp":"2026-01-06T14:18:54.326615Z","level":"info","event":"[1843/9370] Scrapping definition : Criminal Mind Games","logger":"root","filename":"ingestion_dag.py","lineno":401}
{"timestamp":"2026-01-06T14:18:54.785402Z","level":"info","event":"[1844/9370] Scrapping definition : Cut Lex Luthor a Check","logger":"root","filename":"ingestion_dag.py","lineno":401}
{"timestamp":"2026-01-06T14:18:55.553976Z","level":"info","event":"[1845/9370] Scrapping definition : Distracted by the Sexy","logger":"root","filename":"ingestion_dag.py","lineno":401}
{"timestamp":"2026-01-06T14:18:56.086587Z","level":"info","event":"[1846/9370] Scrapping definition : Friendly Enemy","logger":"root","filename":"ingestion_dag.py","lineno":401}
{"timestamp":"2026-01-06T14:18:56.685156Z","level":"info","event":"[1847/9370] Scrapping definition : Good for Bad","logger":"root","filename":"ingestion_dag.py","lineno":401}
{"timestamp":"2026-01-06T14:18:57.174535Z","level":"info","event":"[1848/9370] Scrapping definition : \"paying\" for a full night of fulfilling a high school fantasy.","logger":"root","filename":"ingestion_dag.py","lineno":401}
{"timestamp":"2026-01-06T14:18:57.598558Z","level":"info","event":"[1849/9370] Scrapping definition : High School Hustler","logger":"root","filename":"ingestion_dag.py","lineno":401}
{"timestamp":"2026-01-06T14:18:58.092660Z","level":"info","event":"[1850/9370] Scrapping definition : Con Man","logger":"root","filename":"ingestion_dag.py","lineno":401}
{"timestamp":"2026-01-06T14:18:58.673990Z","level":"info","event":"[1851/9370] Scrapping definition : I Never Said It Was Poison","logger":"root","filename":"ingestion_dag.py","lineno":401}
{"timestamp":"2026-01-06T14:18:59.206599Z","level":"info","event":"[1852/9370] Scrapping definition : It's for a Book","logger":"root","filename":"ingestion_dag.py","lineno":401}
{"timestamp":"2026-01-06T14:18:59.766127Z","level":"info","event":"[1853/9370] Scrapping definition : Knock-Knock Joke","logger":"root","filename":"ingestion_dag.py","lineno":401}
{"timestamp":"2026-01-06T14:19:00.242178Z","level":"info","event":"[1854/9370] Scrapping definition : a mullet","logger":"root","filename":"ingestion_dag.py","lineno":401}
{"timestamp":"2026-01-06T14:19:00.810966Z","level":"info","event":"[1855/9370] Scrapping definition : saved him","logger":"root","filename":"ingestion_dag.py","lineno":401}
{"timestamp":"2026-01-06T14:19:01.394974Z","level":"info","event":"[1856/9370] Scrapping definition : Badass Long Hair","logger":"root","filename":"ingestion_dag.py","lineno":401}
{"timestamp":"2026-01-06T14:19:01.865240Z","level":"info","event":"[1857/9370] Scrapping definition : extremely violent","logger":"root","filename":"ingestion_dag.py","lineno":401}
{"timestamp":"2026-01-06T14:19:02.361565Z","level":"info","event":"[1858/9370] Scrapping definition : overprotective ways","logger":"root","filename":"ingestion_dag.py","lineno":401}
{"timestamp":"2026-01-06T14:19:02.986823Z","level":"info","event":"[1859/9370] Scrapping definition : sexual assault","logger":"root","filename":"ingestion_dag.py","lineno":401}
{"timestamp":"2026-01-06T14:19:03.490493Z","level":"info","event":"[1860/9370] Scrapping definition : overprotective brother","logger":"root","filename":"ingestion_dag.py","lineno":401}
{"timestamp":"2026-01-06T14:19:03.832827Z","level":"info","event":"[1861/9370] Scrapping definition : Cloudcuckoolander's Minder","logger":"root","filename":"ingestion_dag.py","lineno":401}
{"timestamp":"2026-01-06T14:19:04.364547Z","level":"info","event":"[1862/9370] Scrapping definition : Depraved Homosexual","logger":"root","filename":"ingestion_dag.py","lineno":401}
{"timestamp":"2026-01-06T14:19:04.919776Z","level":"info","event":"[1863/9370] Scrapping definition : Seme","logger":"root","filename":"ingestion_dag.py","lineno":401}
{"timestamp":"2026-01-06T14:19:05.406421Z","level":"info","event":"[1864/9370] Scrapping definition : Foreign Farewell","logger":"root","filename":"ingestion_dag.py","lineno":401}
{"timestamp":"2026-01-06T14:19:05.884493Z","level":"info","event":"[1865/9370] Scrapping definition : Genius Ditz","logger":"root","filename":"ingestion_dag.py","lineno":401}
{"timestamp":"2026-01-06T14:19:06.376430Z","level":"info","event":"[1866/9370] Scrapping definition : Hair-Trigger Temper","logger":"root","filename":"ingestion_dag.py","lineno":401}
{"timestamp":"2026-01-06T14:19:06.862412Z","level":"info","event":"[1867/9370] Scrapping definition : Horrible Judge of Character","logger":"root","filename":"ingestion_dag.py","lineno":401}
{"timestamp":"2026-01-06T14:19:07.471515Z","level":"info","event":"[1868/9370] Scrapping definition : Hot Scientist","logger":"root","filename":"ingestion_dag.py","lineno":401}
{"timestamp":"2026-01-06T14:19:08.008469Z","level":"info","event":"[1869/9370] Scrapping definition : Knight Templar Big Brother","logger":"root","filename":"ingestion_dag.py","lineno":401}
{"timestamp":"2026-01-06T14:19:08.525370Z","level":"info","event":"[1870/9370] Scrapping definition : Invisible to Gaydar","logger":"root","filename":"ingestion_dag.py","lineno":401}
{"timestamp":"2026-01-06T14:19:09.070996Z","level":"info","event":"[1871/9370] Scrapping definition : Uke","logger":"root","filename":"ingestion_dag.py","lineno":401}
{"timestamp":"2026-01-06T14:19:09.555657Z","level":"info","event":"[1872/9370] Scrapping definition : Tear Jerker","logger":"root","filename":"ingestion_dag.py","lineno":401}
{"timestamp":"2026-01-06T14:19:10.023549Z","level":"info","event":"[1873/9370] Scrapping definition : That Didn't Happen","logger":"root","filename":"ingestion_dag.py","lineno":401}
{"timestamp":"2026-01-06T14:19:10.504500Z","level":"info","event":"[1874/9370] Scrapping definition : kouhai","logger":"root","filename":"ingestion_dag.py","lineno":401}
{"timestamp":"2026-01-06T14:19:10.853709Z","level":"info","event":"DDefinition not found for https://tropedia.fandom.com/wiki/Sempai_Kouhai","logger":"root","filename":"ingestion_dag.py","lineno":363}
{"timestamp":"2026-01-06T14:19:10.954998Z","level":"info","event":"[1875/9370] Scrapping definition : Third Wheel","logger":"root","filename":"ingestion_dag.py","lineno":401}
{"timestamp":"2026-01-06T14:19:11.408167Z","level":"info","event":"[1876/9370] Scrapping definition : Acquired Situational Narcissism","logger":"root","filename":"ingestion_dag.py","lineno":401}
{"timestamp":"2026-01-06T14:19:11.901573Z","level":"info","event":"[1877/9370] Scrapping definition : Alcoholic Parent","logger":"root","filename":"ingestion_dag.py","lineno":401}
{"timestamp":"2026-01-06T14:19:12.390868Z","level":"info","event":"[1878/9370] Scrapping definition : Attention Deficit Ooh Shiny","logger":"root","filename":"ingestion_dag.py","lineno":401}
{"timestamp":"2026-01-06T14:19:12.882461Z","level":"info","event":"[1879/9370] Scrapping definition : Boarding School","logger":"root","filename":"ingestion_dag.py","lineno":401}
{"timestamp":"2026-01-06T14:19:13.387081Z","level":"info","event":"[1880/9370] Scrapping definition : Delinquents","logger":"root","filename":"ingestion_dag.py","lineno":401}
{"timestamp":"2026-01-06T14:19:13.879976Z","level":"info","event":"[1881/9370] Scrapping definition : Anvilicious","logger":"root","filename":"ingestion_dag.py","lineno":401}
{"timestamp":"2026-01-06T14:19:14.506421Z","level":"info","event":"[1882/9370] Scrapping definition : Eating Lunch Alone","logger":"root","filename":"ingestion_dag.py","lineno":401}
{"timestamp":"2026-01-06T14:19:14.991967Z","level":"info","event":"[1883/9370] Scrapping definition : Fun T-Shirt","logger":"root","filename":"ingestion_dag.py","lineno":401}
{"timestamp":"2026-01-06T14:19:15.504332Z","level":"info","event":"[1884/9370] Scrapping definition : Improbably Cool Car","logger":"root","filename":"ingestion_dag.py","lineno":401}
{"timestamp":"2026-01-06T14:19:15.985732Z","level":"info","event":"[1885/9370] Scrapping definition : Love Interest","logger":"root","filename":"ingestion_dag.py","lineno":401}
{"timestamp":"2026-01-06T14:19:16.676630Z","level":"info","event":"[1886/9370] Scrapping definition : Must Have Nicotine","logger":"root","filename":"ingestion_dag.py","lineno":401}
{"timestamp":"2026-01-06T14:19:17.185843Z","level":"info","event":"[1887/9370] Scrapping definition : New Transfer Student","logger":"root","filename":"ingestion_dag.py","lineno":401}
{"timestamp":"2026-01-06T14:19:17.686952Z","level":"info","event":"[1888/9370] Scrapping definition : his old school's uniform","logger":"root","filename":"ingestion_dag.py","lineno":401}
{"timestamp":"2026-01-06T14:19:18.244513Z","level":"info","event":"[1889/9370] Scrapping definition : Off the Wagon","logger":"root","filename":"ingestion_dag.py","lineno":401}
{"timestamp":"2026-01-06T14:19:18.815255Z","level":"info","event":"[1890/9370] Scrapping definition : It comes back","logger":"root","filename":"ingestion_dag.py","lineno":401}
{"timestamp":"2026-01-06T14:19:19.036770Z","level":"info","event":"[1891/9370] Scrapping definition : Overprotective Dad","logger":"root","filename":"ingestion_dag.py","lineno":401}
{"timestamp":"2026-01-06T14:19:19.569092Z","level":"info","event":"[1892/9370] Scrapping definition : School Uniforms Are the New Black","logger":"root","filename":"ingestion_dag.py","lineno":401}
{"timestamp":"2026-01-06T14:19:20.071749Z","level":"info","event":"[1893/9370] Scrapping definition : School Play","logger":"root","filename":"ingestion_dag.py","lineno":401}
{"timestamp":"2026-01-06T14:19:20.620929Z","level":"info","event":"[1894/9370] Scrapping definition : Sex as Rite-of-Passage","logger":"root","filename":"ingestion_dag.py","lineno":401}
{"timestamp":"2026-01-06T14:19:21.338652Z","level":"info","event":"[1895/9370] Scrapping definition : All the Good Men Are Gay","logger":"root","filename":"ingestion_dag.py","lineno":401}
{"timestamp":"2026-01-06T14:19:21.865973Z","level":"info","event":"[1896/9370] Scrapping definition : Archie","logger":"root","filename":"ingestion_dag.py","lineno":401}
{"timestamp":"2026-01-06T14:19:22.431874Z","level":"info","event":"[1897/9370] Scrapping definition : Flamboyant Gay","logger":"root","filename":"ingestion_dag.py","lineno":401}
{"timestamp":"2026-01-06T14:19:22.826425Z","level":"info","event":"[1898/9370] Scrapping definition : Deconstructed","logger":"root","filename":"ingestion_dag.py","lineno":401}
{"timestamp":"2026-01-06T14:19:23.502996Z","level":"info","event":"[1899/9370] Scrapping definition : Holden's Love Speech in the Rain","logger":"root","filename":"ingestion_dag.py","lineno":401}
{"timestamp":"2026-01-06T14:19:23.803053Z","level":"info","event":"DDefinition not found for http://www.youtube.com/watch?v=ei2Nvlcs3ao","logger":"root","filename":"ingestion_dag.py","lineno":363}
{"timestamp":"2026-01-06T14:19:23.905337Z","level":"info","event":"[1900/9370] Scrapping definition : Armoured Closet Gay","logger":"root","filename":"ingestion_dag.py","lineno":401}
{"timestamp":"2026-01-06T14:19:24.408927Z","level":"info","event":"[1901/9370] Scrapping definition : Bait and Switch Comparison","logger":"root","filename":"ingestion_dag.py","lineno":401}
{"timestamp":"2026-01-06T14:19:24.893087Z","level":"info","event":"[1902/9370] Scrapping definition : This infamous exchange","logger":"root","filename":"ingestion_dag.py","lineno":401}
{"timestamp":"2026-01-06T14:19:25.983184Z","level":"info","event":"DDefinition not found for http://www.youtube.com/watch?v=LS7gEGl_dKg","logger":"root","filename":"ingestion_dag.py","lineno":363}
{"timestamp":"2026-01-06T14:19:26.085312Z","level":"info","event":"[1903/9370] Scrapping definition : It doesn't work.","logger":"root","filename":"ingestion_dag.py","lineno":401}
{"timestamp":"2026-01-06T14:19:26.745734Z","level":"info","event":"[1904/9370] Scrapping definition : Christine (King novel)","logger":"root","filename":"ingestion_dag.py","lineno":401}
{"timestamp":"2026-01-06T14:19:27.256859Z","level":"info","event":"[1905/9370] Scrapping definition : Ambiguous Situation","logger":"root","filename":"ingestion_dag.py","lineno":401}
{"timestamp":"2026-01-06T14:19:27.821916Z","level":"info","event":"[1906/9370] Scrapping definition : Body Horror","logger":"root","filename":"ingestion_dag.py","lineno":401}
{"timestamp":"2026-01-06T14:19:28.326354Z","level":"info","event":"[1907/9370] Scrapping definition : Bond Breaker","logger":"root","filename":"ingestion_dag.py","lineno":401}
{"timestamp":"2026-01-06T14:19:28.821431Z","level":"info","event":"[1908/9370] Scrapping definition : Bullet Catch","logger":"root","filename":"ingestion_dag.py","lineno":401}
{"timestamp":"2026-01-06T14:19:29.297846Z","level":"info","event":"[1909/9370] Scrapping definition : Cain and Abel","logger":"root","filename":"ingestion_dag.py","lineno":401}
{"timestamp":"2026-01-06T14:19:29.931182Z","level":"info","event":"[1910/9370] Scrapping definition : Cape Town","logger":"root","filename":"ingestion_dag.py","lineno":401}
{"timestamp":"2026-01-06T14:19:30.449502Z","level":"info","event":"[1911/9370] Scrapping definition : Seattle","logger":"root","filename":"ingestion_dag.py","lineno":401}
{"timestamp":"2026-01-06T14:19:30.923539Z","level":"info","event":"[1912/9370] Scrapping definition : Camera Abuse","logger":"root","filename":"ingestion_dag.py","lineno":401}
{"timestamp":"2026-01-06T14:19:31.412500Z","level":"info","event":"[1913/9370] Scrapping definition : Calling the Old Man Out","logger":"root","filename":"ingestion_dag.py","lineno":401}
{"timestamp":"2026-01-06T14:19:32.008124Z","level":"info","event":"[1914/9370] Scrapping definition : Caught on Tape","logger":"root","filename":"ingestion_dag.py","lineno":401}
{"timestamp":"2026-01-06T14:19:32.499188Z","level":"info","event":"[1915/9370] Scrapping definition : Colbert Bump","logger":"root","filename":"ingestion_dag.py","lineno":401}
{"timestamp":"2026-01-06T14:19:33.013648Z","level":"info","event":"[1916/9370] Scrapping definition : The term \"apex predator\" received a considerable spike in searches after this movie came out.","logger":"root","filename":"ingestion_dag.py","lineno":401}
{"timestamp":"2026-01-06T14:19:33.619620Z","level":"info","event":"DDefinition not found for http://www.google.com/trends/?q=apex+predator","logger":"root","filename":"ingestion_dag.py","lineno":363}
{"timestamp":"2026-01-06T14:19:33.721827Z","level":"info","event":"[1917/9370] Scrapping definition : Comes Great Responsibility","logger":"root","filename":"ingestion_dag.py","lineno":401}
{"timestamp":"2026-01-06T14:19:34.403752Z","level":"info","event":"[1918/9370] Scrapping definition : Double Subverted","logger":"root","filename":"ingestion_dag.py","lineno":401}
{"timestamp":"2026-01-06T14:19:35.045584Z","level":"info","event":"[1919/9370] Scrapping definition : opposed to shits and giggles","logger":"root","filename":"ingestion_dag.py","lineno":401}
{"timestamp":"2026-01-06T14:19:35.565080Z","level":"info","event":"[1920/9370] Scrapping definition : Mind Over Manners","logger":"root","filename":"ingestion_dag.py","lineno":401}
{"timestamp":"2026-01-06T14:19:36.162766Z","level":"info","event":"[1921/9370] Scrapping definition : Comic Book Movies Don't Use Codenames","logger":"root","filename":"ingestion_dag.py","lineno":401}
{"timestamp":"2026-01-06T14:19:36.696305Z","level":"info","event":"[1922/9370] Scrapping definition : With superpowers!","logger":"root","filename":"ingestion_dag.py","lineno":401}
{"timestamp":"2026-01-06T14:19:37.179871Z","level":"info","event":"[1923/9370] Scrapping definition : Death by Irony","logger":"root","filename":"ingestion_dag.py","lineno":401}
{"timestamp":"2026-01-06T14:19:37.705429Z","level":"info","event":"[1924/9370] Scrapping definition : Decoy Protagonist","logger":"root","filename":"ingestion_dag.py","lineno":401}
{"timestamp":"2026-01-06T14:19:38.253318Z","level":"info","event":"[1925/9370] Scrapping definition : Don't Make Me Destroy You","logger":"root","filename":"ingestion_dag.py","lineno":401}
{"timestamp":"2026-01-06T14:19:38.838441Z","level":"info","event":"[1926/9370] Scrapping definition : Amazing Freaking Grace","logger":"root","filename":"ingestion_dag.py","lineno":401}
{"timestamp":"2026-01-06T14:19:39.318588Z","level":"info","event":"[1927/9370] Scrapping definition : whistles \"Danny Boy\" while Jim is preparing for his fight","logger":"root","filename":"ingestion_dag.py","lineno":401}
{"timestamp":"2026-01-06T14:19:39.524576Z","level":"info","event":"[1928/9370] Scrapping definition : Casualty in the Ring","logger":"root","filename":"ingestion_dag.py","lineno":401}
{"timestamp":"2026-01-06T14:19:39.979217Z","level":"info","event":"[1929/9370] Scrapping definition : It Has Been an Honor","logger":"root","filename":"ingestion_dag.py","lineno":401}
{"timestamp":"2026-01-06T14:19:40.523213Z","level":"info","event":"[1930/9370] Scrapping definition : Punch-Punch-Punch Uh-Oh","logger":"root","filename":"ingestion_dag.py","lineno":401}
{"timestamp":"2026-01-06T14:19:41.037698Z","level":"info","event":"[1931/9370] Scrapping definition : Rags to Riches","logger":"root","filename":"ingestion_dag.py","lineno":401}
{"timestamp":"2026-01-06T14:19:41.542046Z","level":"info","event":"[1932/9370] Scrapping definition : Real Person Cameo","logger":"root","filename":"ingestion_dag.py","lineno":401}
{"timestamp":"2026-01-06T14:19:42.140342Z","level":"info","event":"[1933/9370] Scrapping definition : Recycled Trailer Music","logger":"root","filename":"ingestion_dag.py","lineno":401}
{"timestamp":"2026-01-06T14:19:42.639815Z","level":"info","event":"[1934/9370] Scrapping definition : Rousing Speech","logger":"root","filename":"ingestion_dag.py","lineno":401}
{"timestamp":"2026-01-06T14:19:43.220616Z","level":"info","event":"[1935/9370] Scrapping definition : Trailers Always Spoil","logger":"root","filename":"ingestion_dag.py","lineno":401}
{"timestamp":"2026-01-06T14:19:44.596756Z","level":"info","event":"[1936/9370] Scrapping definition : Ultimate Salesman","logger":"root","filename":"ingestion_dag.py","lineno":401}
{"timestamp":"2026-01-06T14:19:45.504676Z","level":"info","event":"[1937/9370] Scrapping definition : Hitler Cam","logger":"root","filename":"ingestion_dag.py","lineno":401}
{"timestamp":"2026-01-06T14:19:45.981683Z","level":"info","event":"[1938/9370] Scrapping definition : indirect","logger":"root","filename":"ingestion_dag.py","lineno":401}
{"timestamp":"2026-01-06T14:19:46.185949Z","level":"info","event":"[1939/9370] Scrapping definition : It Was His Sled","logger":"root","filename":"ingestion_dag.py","lineno":401}
{"timestamp":"2026-01-06T14:19:46.693625Z","level":"info","event":"[1940/9370] Scrapping definition : Was What His Sled","logger":"root","filename":"ingestion_dag.py","lineno":401}
{"timestamp":"2026-01-06T14:19:47.142191Z","level":"info","event":"[1941/9370] Scrapping definition : What Was Whose Sled","logger":"root","filename":"ingestion_dag.py","lineno":401}
{"timestamp":"2026-01-06T14:19:47.824541Z","level":"info","event":"[1942/9370] Scrapping definition : Absurdly High Stakes Game","logger":"root","filename":"ingestion_dag.py","lineno":401}
{"timestamp":"2026-01-06T14:19:48.356152Z","level":"info","event":"[1943/9370] Scrapping definition : Kevin Smith","logger":"root","filename":"ingestion_dag.py","lineno":401}
{"timestamp":"2026-01-06T14:19:48.847988Z","level":"info","event":"[1944/9370] Scrapping definition : Addiction Displacement","logger":"root","filename":"ingestion_dag.py","lineno":401}
{"timestamp":"2026-01-06T14:19:49.417379Z","level":"info","event":"[1945/9370] Scrapping definition : \"Which is why he has all the best lines!\"","logger":"root","filename":"ingestion_dag.py","lineno":401}
{"timestamp":"2026-01-06T14:19:49.645834Z","level":"info","event":"[1946/9370] Scrapping definition : Baguette Beatdown","logger":"root","filename":"ingestion_dag.py","lineno":401}
{"timestamp":"2026-01-06T14:19:50.158544Z","level":"info","event":"[1947/9370] Scrapping definition : Brilliant but Lazy","logger":"root","filename":"ingestion_dag.py","lineno":401}
{"timestamp":"2026-01-06T14:19:50.672272Z","level":"info","event":"[1948/9370] Scrapping definition : Can't You Read the Sign?","logger":"root","filename":"ingestion_dag.py","lineno":401}
{"timestamp":"2026-01-06T14:19:51.214394Z","level":"info","event":"[1949/9370] Scrapping definition : Concept Video","logger":"root","filename":"ingestion_dag.py","lineno":401}
{"timestamp":"2026-01-06T14:19:51.704664Z","level":"info","event":"[1950/9370] Scrapping definition : Soul Asylum's \"Can't Even Tell\"","logger":"root","filename":"ingestion_dag.py","lineno":401}
{"timestamp":"2026-01-06T14:19:52.013035Z","level":"info","event":"DDefinition not found for http://www.youtube.com/watch?v=7CPo2v9ujug","logger":"root","filename":"ingestion_dag.py","lineno":363}
{"timestamp":"2026-01-06T14:19:52.114796Z","level":"info","event":"[1951/9370] Scrapping definition : Cult Soundtrack","logger":"root","filename":"ingestion_dag.py","lineno":401}
{"timestamp":"2026-01-06T14:19:52.595891Z","level":"info","event":"[1952/9370] Scrapping definition : Dead Baby Comedy","logger":"root","filename":"ingestion_dag.py","lineno":401}
{"timestamp":"2026-01-06T14:19:53.029590Z","level":"info","event":"[1953/9370] Scrapping definition : Dismotivation","logger":"root","filename":"ingestion_dag.py","lineno":401}
{"timestamp":"2026-01-06T14:19:53.547725Z","level":"info","event":"[1954/9370] Scrapping definition : Dumbass Has a Point","logger":"root","filename":"ingestion_dag.py","lineno":401}
{"timestamp":"2026-01-06T14:19:54.079981Z","level":"info","event":"[1955/9370] Scrapping definition : Apocalyptic Log","logger":"root","filename":"ingestion_dag.py","lineno":401}
{"timestamp":"2026-01-06T14:19:54.755208Z","level":"info","event":"[1956/9370] Scrapping definition : Attack of the 50-Foot Whatever","logger":"root","filename":"ingestion_dag.py","lineno":401}
{"timestamp":"2026-01-06T14:19:55.308612Z","level":"info","event":"[1957/9370] Scrapping definition : Behind the Black","logger":"root","filename":"ingestion_dag.py","lineno":401}
{"timestamp":"2026-01-06T14:19:55.892690Z","level":"info","event":"[1958/9370] Scrapping definition : Ludicrous Gibs","logger":"root","filename":"ingestion_dag.py","lineno":401}
{"timestamp":"2026-01-06T14:19:56.400816Z","level":"info","event":"[1959/9370] Scrapping definition : Earthshattering Kaboom","logger":"root","filename":"ingestion_dag.py","lineno":401}
{"timestamp":"2026-01-06T14:19:57.065979Z","level":"info","event":"[1960/9370] Scrapping definition : Dada Ad","logger":"root","filename":"ingestion_dag.py","lineno":401}
{"timestamp":"2026-01-06T14:19:57.546848Z","level":"info","event":"[1961/9370] Scrapping definition : Does Not Know His Own Strength","logger":"root","filename":"ingestion_dag.py","lineno":401}
{"timestamp":"2026-01-06T14:19:58.031507Z","level":"info","event":"[1962/9370] Scrapping definition : developers","logger":"root","filename":"ingestion_dag.py","lineno":401}
{"timestamp":"2026-01-06T14:19:58.268865Z","level":"info","event":"[1963/9370] Scrapping definition : Dwindling Party","logger":"root","filename":"ingestion_dag.py","lineno":401}
{"timestamp":"2026-01-06T14:19:58.759114Z","level":"info","event":"[1964/9370] Scrapping definition : Easter Egg","logger":"root","filename":"ingestion_dag.py","lineno":401}
{"timestamp":"2026-01-06T14:19:58.979265Z","level":"info","event":"[1965/9370] Scrapping definition : Cracked.com","logger":"root","filename":"ingestion_dag.py","lineno":401}
{"timestamp":"2026-01-06T14:19:59.097542Z","level":"error","event":"Error of scraping: 403 Client Error: Forbidden for url: https://www.cracked.com/article_19210_7-insane-easter-eggs-hidden-in-movies-tv-shows.html","logger":"root","filename":"ingestion_dag.py","lineno":365}
{"timestamp":"2026-01-06T14:19:59.198862Z","level":"info","event":"[1966/9370] Scrapping definition : Eldritch Abomination","logger":"root","filename":"ingestion_dag.py","lineno":401}
{"timestamp":"2026-01-06T14:19:59.696472Z","level":"info","event":"[1967/9370] Scrapping definition : Fake Video Camera View","logger":"root","filename":"ingestion_dag.py","lineno":401}
{"timestamp":"2026-01-06T14:20:00.173288Z","level":"info","event":"[1968/9370] Scrapping definition : Gender Equal Ensemble","logger":"root","filename":"ingestion_dag.py","lineno":401}
{"timestamp":"2026-01-06T14:20:00.721582Z","level":"info","event":"[1969/9370] Scrapping definition : Godzilla Threshold","logger":"root","filename":"ingestion_dag.py","lineno":401}
{"timestamp":"2026-01-06T14:20:01.329836Z","level":"info","event":"[1970/9370] Scrapping definition : Got the Whole World In My Hand","logger":"root","filename":"ingestion_dag.py","lineno":401}
{"timestamp":"2026-01-06T14:20:01.814827Z","level":"info","event":"[1971/9370] Scrapping definition : Gratuitous Japanese","logger":"root","filename":"ingestion_dag.py","lineno":401}
{"timestamp":"2026-01-06T14:20:02.376941Z","level":"info","event":"[1972/9370] Scrapping definition : Half the Man He Used To Be","logger":"root","filename":"ingestion_dag.py","lineno":401}
{"timestamp":"2026-01-06T14:20:02.962763Z","level":"info","event":"[1973/9370] Scrapping definition : Helicopter Flyswatter","logger":"root","filename":"ingestion_dag.py","lineno":401}
{"timestamp":"2026-01-06T14:20:03.464467Z","level":"info","event":"[1974/9370] Scrapping definition : Hellish Copter","logger":"root","filename":"ingestion_dag.py","lineno":401}
{"timestamp":"2026-01-06T14:20:03.981365Z","level":"info","event":"[1975/9370] Scrapping definition : Hero of Another Story","logger":"root","filename":"ingestion_dag.py","lineno":401}
{"timestamp":"2026-01-06T14:20:04.564417Z","level":"info","event":"[1976/9370] Scrapping definition : Super Serum","logger":"root","filename":"ingestion_dag.py","lineno":401}
{"timestamp":"2026-01-06T14:20:05.084884Z","level":"info","event":"[1977/9370] Scrapping definition : Ironic Echo Cut","logger":"root","filename":"ingestion_dag.py","lineno":401}
{"timestamp":"2026-01-06T14:20:05.612246Z","level":"info","event":"[1978/9370] Scrapping definition : It's the Only Way to Be Sure","logger":"root","filename":"ingestion_dag.py","lineno":401}
{"timestamp":"2026-01-06T14:20:06.105954Z","level":"info","event":"[1979/9370] Scrapping definition : Jittercam","logger":"root","filename":"ingestion_dag.py","lineno":401}
{"timestamp":"2026-01-06T14:20:06.601540Z","level":"info","event":"[1980/9370] Scrapping definition : Kaiju","logger":"root","filename":"ingestion_dag.py","lineno":401}
{"timestamp":"2026-01-06T14:20:07.560800Z","level":"info","event":"[1981/9370] Scrapping definition : Made of Plasticine","logger":"root","filename":"ingestion_dag.py","lineno":401}
{"timestamp":"2026-01-06T14:20:08.087768Z","level":"info","event":"[1982/9370] Scrapping definition : Nigh Invulnerable","logger":"root","filename":"ingestion_dag.py","lineno":401}
{"timestamp":"2026-01-06T14:20:08.887805Z","level":"info","event":"[1983/9370] Scrapping definition : Matchlight Danger Revelation","logger":"root","filename":"ingestion_dag.py","lineno":401}
{"timestamp":"2026-01-06T14:20:09.418887Z","level":"info","event":"[1984/9370] Scrapping definition : Mockumentary","logger":"root","filename":"ingestion_dag.py","lineno":401}
{"timestamp":"2026-01-06T14:20:09.896735Z","level":"info","event":"[1985/9370] Scrapping definition : Documentary Episode","logger":"root","filename":"ingestion_dag.py","lineno":401}
{"timestamp":"2026-01-06T14:20:10.382539Z","level":"info","event":"[1986/9370] Scrapping definition : Monster Is a Mommy","logger":"root","filename":"ingestion_dag.py","lineno":401}
{"timestamp":"2026-01-06T14:20:10.868654Z","level":"info","event":"[1987/9370] Scrapping definition : Monumental Damage","logger":"root","filename":"ingestion_dag.py","lineno":401}
{"timestamp":"2026-01-06T14:20:11.351612Z","level":"info","event":"[1988/9370] Scrapping definition : Tastes Like Diabetes","logger":"root","filename":"ingestion_dag.py","lineno":401}
{"timestamp":"2026-01-06T14:20:11.855227Z","level":"info","event":"[1989/9370] Scrapping definition : Night Vision Goggles","logger":"root","filename":"ingestion_dag.py","lineno":401}
{"timestamp":"2026-01-06T14:20:12.365839Z","level":"info","event":"[1990/9370] Scrapping definition : No Endor Holocaust","logger":"root","filename":"ingestion_dag.py","lineno":401}
{"timestamp":"2026-01-06T14:20:12.906059Z","level":"info","event":"[1991/9370] Scrapping definition : Non-Malicious Monster","logger":"root","filename":"ingestion_dag.py","lineno":401}
{"timestamp":"2026-01-06T14:20:13.503685Z","level":"info","event":"[1992/9370] Scrapping definition : Not Using the Zed Word","logger":"root","filename":"ingestion_dag.py","lineno":401}
{"timestamp":"2026-01-06T14:20:14.228694Z","level":"info","event":"[1993/9370] Scrapping definition : Nuke'Em","logger":"root","filename":"ingestion_dag.py","lineno":401}
{"timestamp":"2026-01-06T14:20:14.734910Z","level":"info","event":"[1994/9370] Scrapping definition : One-Woman Wail","logger":"root","filename":"ingestion_dag.py","lineno":401}
{"timestamp":"2026-01-06T14:20:15.228354Z","level":"info","event":"[1995/9370] Scrapping definition : Only a Flesh Wound","logger":"root","filename":"ingestion_dag.py","lineno":401}
{"timestamp":"2026-01-06T14:20:15.792289Z","level":"info","event":"[1996/9370] Scrapping definition : Punny Name","logger":"root","filename":"ingestion_dag.py","lineno":401}
{"timestamp":"2026-01-06T14:20:16.328855Z","level":"info","event":"[1997/9370] Scrapping definition : Pyrrhic Victory","logger":"root","filename":"ingestion_dag.py","lineno":401}
{"timestamp":"2026-01-06T14:20:16.858544Z","level":"info","event":"[1998/9370] Scrapping definition : Reality Is Unrealistic","logger":"root","filename":"ingestion_dag.py","lineno":401}
{"timestamp":"2026-01-06T14:20:17.426068Z","level":"info","event":"[1999/9370] Scrapping definition : Reasonable Authority Figure","logger":"root","filename":"ingestion_dag.py","lineno":401}
{"timestamp":"2026-01-06T14:20:17.979625Z","level":"info","event":"[2000/9370] Scrapping definition : Reconstruction","logger":"root","filename":"ingestion_dag.py","lineno":401}
{"timestamp":"2026-01-06T14:20:18.521058Z","level":"info","event":"[2001/9370] Scrapping definition : giant-monster movie plot","logger":"root","filename":"ingestion_dag.py","lineno":401}
{"timestamp":"2026-01-06T14:20:18.730903Z","level":"info","event":"[2002/9370] Scrapping definition : Scenery Gorn","logger":"root","filename":"ingestion_dag.py","lineno":401}
{"timestamp":"2026-01-06T14:20:19.210545Z","level":"info","event":"[2003/9370] Scrapping definition : Sequel Hook","logger":"root","filename":"ingestion_dag.py","lineno":401}
{"timestamp":"2026-01-06T14:20:19.734705Z","level":"info","event":"[2004/9370] Scrapping definition : Once More, with Clarity","logger":"root","filename":"ingestion_dag.py","lineno":401}
{"timestamp":"2026-01-06T14:20:20.274480Z","level":"info","event":"[2005/9370] Scrapping definition : Shock Party","logger":"root","filename":"ingestion_dag.py","lineno":401}
{"timestamp":"2026-01-06T14:20:20.737492Z","level":"info","event":"[2006/9370] Scrapping definition : Shoot the Shaggy Dog","logger":"root","filename":"ingestion_dag.py","lineno":401}
{"timestamp":"2026-01-06T14:20:21.181747Z","level":"info","event":"[2007/9370] Scrapping definition : Short-Lived Aerial Escape","logger":"root","filename":"ingestion_dag.py","lineno":401}
{"timestamp":"2026-01-06T14:20:21.690742Z","level":"info","event":"[2008/9370] Scrapping definition : Godzilla","logger":"root","filename":"ingestion_dag.py","lineno":401}
{"timestamp":"2026-01-06T14:20:22.004898Z","level":"info","event":"[2009/9370] Scrapping definition : B Movies","logger":"root","filename":"ingestion_dag.py","lineno":401}
{"timestamp":"2026-01-06T14:20:22.564445Z","level":"info","event":"[2010/9370] Scrapping definition : Silent Credits","logger":"root","filename":"ingestion_dag.py","lineno":401}
{"timestamp":"2026-01-06T14:20:23.109660Z","level":"info","event":"[2011/9370] Scrapping definition : Six-Student Clique","logger":"root","filename":"ingestion_dag.py","lineno":401}
{"timestamp":"2026-01-06T14:20:23.616154Z","level":"info","event":"[2012/9370] Scrapping definition : Slipknot Ponytail","logger":"root","filename":"ingestion_dag.py","lineno":401}
{"timestamp":"2026-01-06T14:20:24.086587Z","level":"info","event":"[2013/9370] Scrapping definition : Together in Death","logger":"root","filename":"ingestion_dag.py","lineno":401}
{"timestamp":"2026-01-06T14:20:24.582419Z","level":"info","event":"[2014/9370] Scrapping definition : Worst Aid","logger":"root","filename":"ingestion_dag.py","lineno":401}
{"timestamp":"2026-01-06T14:20:25.158811Z","level":"info","event":"[2015/9370] Scrapping definition : The Blair Witch Project","logger":"root","filename":"ingestion_dag.py","lineno":401}
{"timestamp":"2026-01-06T14:20:25.612344Z","level":"info","event":"[2016/9370] Scrapping definition : The original game, also known as Cluedo","logger":"root","filename":"ingestion_dag.py","lineno":401}
{"timestamp":"2026-01-06T14:20:26.112801Z","level":"info","event":"[2017/9370] Scrapping definition : A cult film based upon the game.","logger":"root","filename":"ingestion_dag.py","lineno":401}
{"timestamp":"2026-01-06T14:20:26.621857Z","level":"info","event":"[2018/9370] Scrapping definition : A five-episode mini-series","logger":"root","filename":"ingestion_dag.py","lineno":401}
{"timestamp":"2026-01-06T14:20:27.156585Z","level":"info","event":"[2019/9370] Scrapping definition : The Hub","logger":"root","filename":"ingestion_dag.py","lineno":401}
{"timestamp":"2026-01-06T14:20:27.635732Z","level":"info","event":"[2020/9370] Scrapping definition : The Ageless","logger":"root","filename":"ingestion_dag.py","lineno":401}
{"timestamp":"2026-01-06T14:20:28.129972Z","level":"info","event":"[2021/9370] Scrapping definition : Signature Song","logger":"root","filename":"ingestion_dag.py","lineno":401}
{"timestamp":"2026-01-06T14:20:29.131677Z","level":"info","event":"[2022/9370] Scrapping definition : Daddy Had a Good Reason For Abandoning You","logger":"root","filename":"ingestion_dag.py","lineno":401}
{"timestamp":"2026-01-06T14:20:29.731240Z","level":"info","event":"[2023/9370] Scrapping definition : Follow Your Heart","logger":"root","filename":"ingestion_dag.py","lineno":401}
{"timestamp":"2026-01-06T14:20:30.262786Z","level":"info","event":"[2024/9370] Scrapping definition : Final Death","logger":"root","filename":"ingestion_dag.py","lineno":401}
{"timestamp":"2026-01-06T14:20:30.763887Z","level":"info","event":"[2025/9370] Scrapping definition : Flower Motifs","logger":"root","filename":"ingestion_dag.py","lineno":401}
{"timestamp":"2026-01-06T14:20:31.233572Z","level":"info","event":"[2026/9370] Scrapping definition : Genius Bonus","logger":"root","filename":"ingestion_dag.py","lineno":401}
{"timestamp":"2026-01-06T14:20:31.740817Z","level":"info","event":"[2027/9370] Scrapping definition : Gratuitous Spanish","logger":"root","filename":"ingestion_dag.py","lineno":401}
{"timestamp":"2026-01-06T14:20:32.243161Z","level":"info","event":"[2028/9370] Scrapping definition : El Santo","logger":"root","filename":"ingestion_dag.py","lineno":401}
{"timestamp":"2026-01-06T14:20:32.712990Z","level":"info","event":"[2029/9370] Scrapping definition : I See Dead People","logger":"root","filename":"ingestion_dag.py","lineno":401}
{"timestamp":"2026-01-06T14:20:33.281833Z","level":"info","event":"[2030/9370] Scrapping definition : Never Say \"Die\"","logger":"root","filename":"ingestion_dag.py","lineno":401}
{"timestamp":"2026-01-06T14:20:33.847411Z","level":"info","event":"[2031/9370] Scrapping definition : Our Ghosts Are Different","logger":"root","filename":"ingestion_dag.py","lineno":401}
{"timestamp":"2026-01-06T14:20:34.366322Z","level":"info","event":"[2032/9370] Scrapping definition : Paper-Thin Disguise","logger":"root","filename":"ingestion_dag.py","lineno":401}
{"timestamp":"2026-01-06T14:20:35.053817Z","level":"info","event":"[2033/9370] Scrapping definition : Parents as People","logger":"root","filename":"ingestion_dag.py","lineno":401}
{"timestamp":"2026-01-06T14:20:35.568666Z","level":"info","event":"[2034/9370] Scrapping definition : Plot-Based Photograph Obfuscation","logger":"root","filename":"ingestion_dag.py","lineno":401}
{"timestamp":"2026-01-06T14:20:36.052361Z","level":"info","event":"[2035/9370] Scrapping definition : Unpersoned","logger":"root","filename":"ingestion_dag.py","lineno":401}
{"timestamp":"2026-01-06T14:20:36.568523Z","level":"info","event":"[2036/9370] Scrapping definition : Plot Twist","logger":"root","filename":"ingestion_dag.py","lineno":401}
{"timestamp":"2026-01-06T14:20:37.188467Z","level":"info","event":"[2037/9370] Scrapping definition : Poor Communication Kills","logger":"root","filename":"ingestion_dag.py","lineno":401}
{"timestamp":"2026-01-06T14:20:37.869686Z","level":"info","event":"[2038/9370] Scrapping definition : Race Against the Clock","logger":"root","filename":"ingestion_dag.py","lineno":401}
{"timestamp":"2026-01-06T14:20:38.386476Z","level":"info","event":"[2039/9370] Scrapping definition : Rewatch Bonus","logger":"root","filename":"ingestion_dag.py","lineno":401}
{"timestamp":"2026-01-06T14:20:38.923152Z","level":"info","event":"[2040/9370] Scrapping definition : foreshadowing","logger":"root","filename":"ingestion_dag.py","lineno":401}
{"timestamp":"2026-01-06T14:20:39.552755Z","level":"info","event":"[2041/9370] Scrapping definition : Secondary Character Title","logger":"root","filename":"ingestion_dag.py","lineno":401}
{"timestamp":"2026-01-06T14:20:40.029734Z","level":"info","event":"[2042/9370] Scrapping definition : Shoe Shine, Mister?","logger":"root","filename":"ingestion_dag.py","lineno":401}
{"timestamp":"2026-01-06T14:20:40.579620Z","level":"info","event":"[2043/9370] Scrapping definition : Spexico","logger":"root","filename":"ingestion_dag.py","lineno":401}
{"timestamp":"2026-01-06T14:20:41.085611Z","level":"info","event":"[2044/9370] Scrapping definition : Thicker Than Water","logger":"root","filename":"ingestion_dag.py","lineno":401}
{"timestamp":"2026-01-06T14:20:41.582008Z","level":"info","event":"[2045/9370] Scrapping definition : Unperson","logger":"root","filename":"ingestion_dag.py","lineno":401}
{"timestamp":"2026-01-06T14:20:41.801272Z","level":"info","event":"[2046/9370] Scrapping definition : Villain Ball","logger":"root","filename":"ingestion_dag.py","lineno":401}
{"timestamp":"2026-01-06T14:20:42.302595Z","level":"info","event":"[2047/9370] Scrapping definition : Vile Villain, Saccharine Show","logger":"root","filename":"ingestion_dag.py","lineno":401}
{"timestamp":"2026-01-06T14:20:42.952929Z","level":"info","event":"[2048/9370] Scrapping definition : Aliens in Cardiff","logger":"root","filename":"ingestion_dag.py","lineno":401}
{"timestamp":"2026-01-06T14:20:43.431293Z","level":"info","event":"[2049/9370] Scrapping definition : Alien Lunch","logger":"root","filename":"ingestion_dag.py","lineno":401}
{"timestamp":"2026-01-06T14:20:44.014407Z","level":"info","event":"[2050/9370] Scrapping definition : bad results","logger":"root","filename":"ingestion_dag.py","lineno":401}
{"timestamp":"2026-01-06T14:20:44.587240Z","level":"info","event":"[2051/9370] Scrapping definition : Ancient Astronauts","logger":"root","filename":"ingestion_dag.py","lineno":401}
{"timestamp":"2026-01-06T14:20:45.099122Z","level":"info","event":"[2052/9370] Scrapping definition : Atlantis","logger":"root","filename":"ingestion_dag.py","lineno":401}
{"timestamp":"2026-01-06T14:20:45.598458Z","level":"info","event":"[2053/9370] Scrapping definition : Adaptation Dye Job","logger":"root","filename":"ingestion_dag.py","lineno":401}
{"timestamp":"2026-01-06T14:20:46.160683Z","level":"info","event":"[2054/9370] Scrapping definition : The American Civil War","logger":"root","filename":"ingestion_dag.py","lineno":401}
{"timestamp":"2026-01-06T14:20:46.790762Z","level":"info","event":"[2055/9370] Scrapping definition : Daddy's Girl","logger":"root","filename":"ingestion_dag.py","lineno":401}
{"timestamp":"2026-01-06T14:20:47.325130Z","level":"info","event":"[2056/9370] Scrapping definition : Determined Widow","logger":"root","filename":"ingestion_dag.py","lineno":401}
{"timestamp":"2026-01-06T14:20:47.822697Z","level":"info","event":"[2057/9370] Scrapping definition : Did Do the Research","logger":"root","filename":"ingestion_dag.py","lineno":401}
{"timestamp":"2026-01-06T14:20:48.491320Z","level":"info","event":"[2058/9370] Scrapping definition : The Battle of the Crater","logger":"root","filename":"ingestion_dag.py","lineno":401}
{"timestamp":"2026-01-06T14:20:48.571254Z","level":"error","event":"Error of scraping: 403 Client Error: Forbidden for url: https://en.wikipedia.org/wiki/Battle_of_the_Crater","logger":"root","filename":"ingestion_dag.py","lineno":365}
{"timestamp":"2026-01-06T14:20:48.672971Z","level":"info","event":"[2059/9370] Scrapping definition : Died in Your Arms Tonight","logger":"root","filename":"ingestion_dag.py","lineno":401}
{"timestamp":"2026-01-06T14:20:49.146803Z","level":"info","event":"[2060/9370] Scrapping definition : Disappeared Dad","logger":"root","filename":"ingestion_dag.py","lineno":401}
{"timestamp":"2026-01-06T14:20:49.348658Z","level":"info","event":"[2061/9370] Scrapping definition : Evil Albino","logger":"root","filename":"ingestion_dag.py","lineno":401}
{"timestamp":"2026-01-06T14:20:49.905719Z","level":"info","event":"[2062/9370] Scrapping definition : Fourth Date Marriage","logger":"root","filename":"ingestion_dag.py","lineno":401}
{"timestamp":"2026-01-06T14:20:50.425649Z","level":"info","event":"[2063/9370] Scrapping definition : Greek Mythology","logger":"root","filename":"ingestion_dag.py","lineno":401}
{"timestamp":"2026-01-06T14:20:51.098392Z","level":"info","event":"[2064/9370] Scrapping definition : Her Heart Will Go On","logger":"root","filename":"ingestion_dag.py","lineno":401}
{"timestamp":"2026-01-06T14:20:51.583715Z","level":"info","event":"[2065/9370] Scrapping definition : Hypocrite","logger":"root","filename":"ingestion_dag.py","lineno":401}
{"timestamp":"2026-01-06T14:20:51.808393Z","level":"info","event":"[2066/9370] Scrapping definition : Intelligence Equals Isolation","logger":"root","filename":"ingestion_dag.py","lineno":401}
{"timestamp":"2026-01-06T14:20:52.310972Z","level":"info","event":"[2067/9370] Scrapping definition : I Will Fight No More Forever","logger":"root","filename":"ingestion_dag.py","lineno":401}
{"timestamp":"2026-01-06T14:20:52.832224Z","level":"info","event":"[2068/9370] Scrapping definition : I Will Wait for You","logger":"root","filename":"ingestion_dag.py","lineno":401}
{"timestamp":"2026-01-06T14:20:53.336325Z","level":"info","event":"[2069/9370] Scrapping definition : Marshmallow Hell","logger":"root","filename":"ingestion_dag.py","lineno":401}
{"timestamp":"2026-01-06T14:20:53.884013Z","level":"info","event":"[2070/9370] Scrapping definition : Not Good with People","logger":"root","filename":"ingestion_dag.py","lineno":401}
{"timestamp":"2026-01-06T14:20:54.425710Z","level":"info","event":"[2071/9370] Scrapping definition : Now or Never Kiss","logger":"root","filename":"ingestion_dag.py","lineno":401}
{"timestamp":"2026-01-06T14:20:54.917573Z","level":"info","event":"[2072/9370] Scrapping definition : Orphan's Ordeal","logger":"root","filename":"ingestion_dag.py","lineno":401}
{"timestamp":"2026-01-06T14:20:55.394691Z","level":"info","event":"[2073/9370] Scrapping definition : Renee Zellweger","logger":"root","filename":"ingestion_dag.py","lineno":401}
{"timestamp":"2026-01-06T14:20:55.890954Z","level":"info","event":"[2074/9370] Scrapping definition : Plucky Girl","logger":"root","filename":"ingestion_dag.py","lineno":401}
{"timestamp":"2026-01-06T14:20:56.404342Z","level":"info","event":"[2075/9370] Scrapping definition : Screw This, I'm Outta Here","logger":"root","filename":"ingestion_dag.py","lineno":401}
{"timestamp":"2026-01-06T14:20:56.952306Z","level":"info","event":"[2076/9370] Scrapping definition : Sinister Minister","logger":"root","filename":"ingestion_dag.py","lineno":401}
{"timestamp":"2026-01-06T14:20:57.470787Z","level":"info","event":"[2077/9370] Scrapping definition : Small Girl, Big Gun","logger":"root","filename":"ingestion_dag.py","lineno":401}
{"timestamp":"2026-01-06T14:20:57.994616Z","level":"info","event":"[2078/9370] Scrapping definition : Snow Means Death","logger":"root","filename":"ingestion_dag.py","lineno":401}
{"timestamp":"2026-01-06T14:20:58.569267Z","level":"info","event":"[2079/9370] Scrapping definition : Someone to Remember Him By","logger":"root","filename":"ingestion_dag.py","lineno":401}
{"timestamp":"2026-01-06T14:20:59.052656Z","level":"info","event":"[2080/9370] Scrapping definition : Southern Belle","logger":"root","filename":"ingestion_dag.py","lineno":401}
{"timestamp":"2026-01-06T14:20:59.616413Z","level":"info","event":"[2081/9370] Scrapping definition : Spoiled Sweet","logger":"root","filename":"ingestion_dag.py","lineno":401}
{"timestamp":"2026-01-06T14:21:00.174916Z","level":"info","event":"[2082/9370] Scrapping definition : Strange Girl","logger":"root","filename":"ingestion_dag.py","lineno":401}
{"timestamp":"2026-01-06T14:21:00.641645Z","level":"info","event":"[2083/9370] Scrapping definition : Tomboy and Girly Girl","logger":"root","filename":"ingestion_dag.py","lineno":401}
{"timestamp":"2026-01-06T14:21:01.263266Z","level":"info","event":"[2084/9370] Scrapping definition : Tsundere","logger":"root","filename":"ingestion_dag.py","lineno":401}
{"timestamp":"2026-01-06T14:21:01.848027Z","level":"info","event":"[2085/9370] Scrapping definition : Voiceover Letter","logger":"root","filename":"ingestion_dag.py","lineno":401}
{"timestamp":"2026-01-06T14:21:02.391999Z","level":"info","event":"[2086/9370] Scrapping definition : Young Gun","logger":"root","filename":"ingestion_dag.py","lineno":401}
{"timestamp":"2026-01-06T14:21:02.889121Z","level":"info","event":"[2087/9370] Scrapping definition : The Anti-Nihilist","logger":"root","filename":"ingestion_dag.py","lineno":401}
{"timestamp":"2026-01-06T14:21:03.375724Z","level":"info","event":"[2088/9370] Scrapping definition : Takes A Few Levels In Badass","logger":"root","filename":"ingestion_dag.py","lineno":401}
{"timestamp":"2026-01-06T14:21:03.763493Z","level":"info","event":"[2089/9370] Scrapping definition : Badass Driver","logger":"root","filename":"ingestion_dag.py","lineno":401}
{"timestamp":"2026-01-06T14:21:04.257075Z","level":"info","event":"[2090/9370] Scrapping definition : Broken Heel","logger":"root","filename":"ingestion_dag.py","lineno":401}
{"timestamp":"2026-01-06T14:21:04.824681Z","level":"info","event":"[2091/9370] Scrapping definition : Cameo","logger":"root","filename":"ingestion_dag.py","lineno":401}
{"timestamp":"2026-01-06T14:21:05.227247Z","level":"info","event":"[2092/9370] Scrapping definition : The Cartel","logger":"root","filename":"ingestion_dag.py","lineno":401}
{"timestamp":"2026-01-06T14:21:05.712501Z","level":"info","event":"[2093/9370] Scrapping definition : Cut Apart","logger":"root","filename":"ingestion_dag.py","lineno":401}
{"timestamp":"2026-01-06T14:21:06.190490Z","level":"info","event":"[2094/9370] Scrapping definition : Big Screwed-Up Family","logger":"root","filename":"ingestion_dag.py","lineno":401}
{"timestamp":"2026-01-06T14:21:06.706236Z","level":"info","event":"[2095/9370] Scrapping definition : Black Best Friend","logger":"root","filename":"ingestion_dag.py","lineno":401}
{"timestamp":"2026-01-06T14:21:07.247884Z","level":"info","event":"[2096/9370] Scrapping definition : Dangerously Close Shave","logger":"root","filename":"ingestion_dag.py","lineno":401}
{"timestamp":"2026-01-06T14:21:07.725321Z","level":"info","event":"[2097/9370] Scrapping definition : Don't Split Us Up","logger":"root","filename":"ingestion_dag.py","lineno":401}
{"timestamp":"2026-01-06T14:21:08.226747Z","level":"info","event":"[2098/9370] Scrapping definition : Epistolary Novel","logger":"root","filename":"ingestion_dag.py","lineno":401}
{"timestamp":"2026-01-06T14:21:08.689341Z","level":"info","event":"[2099/9370] Scrapping definition : Good Feels Good","logger":"root","filename":"ingestion_dag.py","lineno":401}
{"timestamp":"2026-01-06T14:21:09.167405Z","level":"info","event":"[2100/9370] Scrapping definition : I Never Got Any Letters","logger":"root","filename":"ingestion_dag.py","lineno":401}
{"timestamp":"2026-01-06T14:21:09.699092Z","level":"info","event":"[2101/9370] Scrapping definition : The Ladette","logger":"root","filename":"ingestion_dag.py","lineno":401}
{"timestamp":"2026-01-06T14:21:10.207091Z","level":"info","event":"[2102/9370] Scrapping definition : Living with the Villain","logger":"root","filename":"ingestion_dag.py","lineno":401}
{"timestamp":"2026-01-06T14:21:10.733397Z","level":"info","event":"[2103/9370] Scrapping definition : Long-Lost Relative","logger":"root","filename":"ingestion_dag.py","lineno":401}
{"timestamp":"2026-01-06T14:21:11.237309Z","level":"info","event":"[2104/9370] Scrapping definition : Obliviously Evil","logger":"root","filename":"ingestion_dag.py","lineno":401}
{"timestamp":"2026-01-06T14:21:11.793937Z","level":"info","event":"[2105/9370] Scrapping definition : Romantic Two-Girl Friendship","logger":"root","filename":"ingestion_dag.py","lineno":401}
{"timestamp":"2026-01-06T14:21:12.288278Z","level":"info","event":"[2106/9370] Scrapping definition : Single-Issue Psychology","logger":"root","filename":"ingestion_dag.py","lineno":401}
{"timestamp":"2026-01-06T14:21:12.804945Z","level":"info","event":"[2107/9370] Scrapping definition : Social Services Does Not Exist","logger":"root","filename":"ingestion_dag.py","lineno":401}
{"timestamp":"2026-01-06T14:21:13.364404Z","level":"info","event":"[2108/9370] Scrapping definition : A Storm Is Coming","logger":"root","filename":"ingestion_dag.py","lineno":401}
{"timestamp":"2026-01-06T14:21:13.907815Z","level":"info","event":"[2109/9370] Scrapping definition : Stranger in a Familiar Land","logger":"root","filename":"ingestion_dag.py","lineno":401}
{"timestamp":"2026-01-06T14:21:14.401109Z","level":"info","event":"[2110/9370] Scrapping definition : Traumatic Haircut","logger":"root","filename":"ingestion_dag.py","lineno":401}
{"timestamp":"2026-01-06T14:21:14.946027Z","level":"info","event":"[2111/9370] Scrapping definition : Villainous Incest","logger":"root","filename":"ingestion_dag.py","lineno":401}
{"timestamp":"2026-01-06T14:21:15.456897Z","level":"info","event":"[2112/9370] Scrapping definition : Returning War Vet","logger":"root","filename":"ingestion_dag.py","lineno":401}
{"timestamp":"2026-01-06T14:21:15.942162Z","level":"info","event":"[2113/9370] Scrapping definition : The Vietnam War","logger":"root","filename":"ingestion_dag.py","lineno":401}
{"timestamp":"2026-01-06T14:21:16.452710Z","level":"info","event":"[2114/9370] Scrapping definition : Arnold Schwarzenegger","logger":"root","filename":"ingestion_dag.py","lineno":401}
{"timestamp":"2026-01-06T14:21:17.035402Z","level":"info","event":"[2115/9370] Scrapping definition : And Your Little Dog, Too","logger":"root","filename":"ingestion_dag.py","lineno":401}
{"timestamp":"2026-01-06T14:21:17.533175Z","level":"info","event":"[2116/9370] Scrapping definition : Alien Among Us","logger":"root","filename":"ingestion_dag.py","lineno":401}
{"timestamp":"2026-01-06T14:21:18.029751Z","level":"info","event":"[2117/9370] Scrapping definition : Bizarre Alien Biology","logger":"root","filename":"ingestion_dag.py","lineno":401}
{"timestamp":"2026-01-06T14:21:18.577286Z","level":"info","event":"[2118/9370] Scrapping definition : All Up to You","logger":"root","filename":"ingestion_dag.py","lineno":401}
{"timestamp":"2026-01-06T14:21:19.061067Z","level":"info","event":"[2119/9370] Scrapping definition : Ambiguous Gender","logger":"root","filename":"ingestion_dag.py","lineno":401}
{"timestamp":"2026-01-06T14:21:19.552819Z","level":"info","event":"[2120/9370] Scrapping definition : Archangel Gabriel","logger":"root","filename":"ingestion_dag.py","lineno":401}
{"timestamp":"2026-01-06T14:21:20.063063Z","level":"info","event":"[2121/9370] Scrapping definition : Bifauxnen","logger":"root","filename":"ingestion_dag.py","lineno":401}
{"timestamp":"2026-01-06T14:21:20.589388Z","level":"info","event":"[2122/9370] Scrapping definition : Tilda Swinton","logger":"root","filename":"ingestion_dag.py","lineno":401}
{"timestamp":"2026-01-06T14:21:21.108324Z","level":"info","event":"[2123/9370] Scrapping definition : Armor-Piercing Question","logger":"root","filename":"ingestion_dag.py","lineno":401}
{"timestamp":"2026-01-06T14:21:21.658044Z","level":"info","event":"[2124/9370] Scrapping definition : Artistic License Religion","logger":"root","filename":"ingestion_dag.py","lineno":401}
{"timestamp":"2026-01-06T14:21:22.170259Z","level":"info","event":"[2125/9370] Scrapping definition : Big Bad Duumvirate","logger":"root","filename":"ingestion_dag.py","lineno":401}
{"timestamp":"2026-01-06T14:21:22.661447Z","level":"info","event":"[2126/9370] Scrapping definition : Blessed with Suck","logger":"root","filename":"ingestion_dag.py","lineno":401}
{"timestamp":"2026-01-06T14:21:23.138812Z","level":"info","event":"[2127/9370] Scrapping definition : Bouncer","logger":"root","filename":"ingestion_dag.py","lineno":401}
{"timestamp":"2026-01-06T14:21:23.639093Z","level":"info","event":"[2128/9370] Scrapping definition : Mad Skillz","logger":"root","filename":"ingestion_dag.py","lineno":401}
{"timestamp":"2026-01-06T14:21:24.138801Z","level":"info","event":"[2129/9370] Scrapping definition : Broken Angel","logger":"root","filename":"ingestion_dag.py","lineno":401}
{"timestamp":"2026-01-06T14:21:24.654336Z","level":"info","event":"[2130/9370] Scrapping definition : Cultural Translation","logger":"root","filename":"ingestion_dag.py","lineno":401}
{"timestamp":"2026-01-06T14:21:25.132968Z","level":"info","event":"[2131/9370] Scrapping definition : Cursed with Awesome","logger":"root","filename":"ingestion_dag.py","lineno":401}
{"timestamp":"2026-01-06T14:21:25.666983Z","level":"info","event":"[2132/9370] Scrapping definition : Dead Sidekick","logger":"root","filename":"ingestion_dag.py","lineno":401}
{"timestamp":"2026-01-06T14:21:26.146544Z","level":"info","event":"[2133/9370] Scrapping definition : Demon Slaying","logger":"root","filename":"ingestion_dag.py","lineno":401}
{"timestamp":"2026-01-06T14:21:26.455374Z","level":"info","event":"[2134/9370] Scrapping definition : Death by Adaptation","logger":"root","filename":"ingestion_dag.py","lineno":401}
{"timestamp":"2026-01-06T14:21:26.971716Z","level":"info","event":"[2135/9370] Scrapping definition : Did You Just Flip Off Satan","logger":"root","filename":"ingestion_dag.py","lineno":401}
{"timestamp":"2026-01-06T14:21:27.482777Z","level":"info","event":"[2136/9370] Scrapping definition : Yes. Yes he did.","logger":"root","filename":"ingestion_dag.py","lineno":401}
{"timestamp":"2026-01-06T14:21:28.166398Z","level":"info","event":"[2137/9370] Scrapping definition : The Driver","logger":"root","filename":"ingestion_dag.py","lineno":401}
{"timestamp":"2026-01-06T14:21:28.378190Z","level":"info","event":"[2138/9370] Scrapping definition : The Dulcinea Effect","logger":"root","filename":"ingestion_dag.py","lineno":401}
{"timestamp":"2026-01-06T14:21:28.910313Z","level":"info","event":"[2139/9370] Scrapping definition : Enemy Rising Behind","logger":"root","filename":"ingestion_dag.py","lineno":401}
{"timestamp":"2026-01-06T14:21:29.409767Z","level":"info","event":"[2140/9370] Scrapping definition : Empty Piles of Clothing","logger":"root","filename":"ingestion_dag.py","lineno":401}
{"timestamp":"2026-01-06T14:21:29.964167Z","level":"info","event":"[2141/9370] Scrapping definition : Evil Is Petty","logger":"root","filename":"ingestion_dag.py","lineno":401}
{"timestamp":"2026-01-06T14:21:30.434732Z","level":"info","event":"[2142/9370] Scrapping definition : Fair Cop","logger":"root","filename":"ingestion_dag.py","lineno":401}
{"timestamp":"2026-01-06T14:21:30.936579Z","level":"info","event":"[2143/9370] Scrapping definition : Fantastic Catholicism","logger":"root","filename":"ingestion_dag.py","lineno":401}
{"timestamp":"2026-01-06T14:21:31.422842Z","level":"info","event":"[2144/9370] Scrapping definition : Fetus Terrible","logger":"root","filename":"ingestion_dag.py","lineno":401}
{"timestamp":"2026-01-06T14:21:31.915834Z","level":"info","event":"[2145/9370] Scrapping definition : Fire and Brimstone Hell","logger":"root","filename":"ingestion_dag.py","lineno":401}
{"timestamp":"2026-01-06T14:21:32.505789Z","level":"info","event":"[2146/9370] Scrapping definition : Flatline Plotline","logger":"root","filename":"ingestion_dag.py","lineno":401}
{"timestamp":"2026-01-06T14:21:33.021518Z","level":"info","event":"[2147/9370] Scrapping definition : Flies Equals Evil","logger":"root","filename":"ingestion_dag.py","lineno":401}
{"timestamp":"2026-01-06T14:21:33.582910Z","level":"info","event":"[2148/9370] Scrapping definition : Foe Yay","logger":"root","filename":"ingestion_dag.py","lineno":401}
{"timestamp":"2026-01-06T14:21:34.065554Z","level":"info","event":"[2149/9370] Scrapping definition : Friendly Target","logger":"root","filename":"ingestion_dag.py","lineno":401}
{"timestamp":"2026-01-06T14:21:34.545906Z","level":"info","event":"[2150/9370] Scrapping definition : The Gods Must Be Lazy","logger":"root","filename":"ingestion_dag.py","lineno":401}
{"timestamp":"2026-01-06T14:21:35.058388Z","level":"info","event":"[2151/9370] Scrapping definition : Go Into the Light","logger":"root","filename":"ingestion_dag.py","lineno":401}
{"timestamp":"2026-01-06T14:21:35.535331Z","level":"info","event":"[2152/9370] Scrapping definition : Gratuitous Foreign Language","logger":"root","filename":"ingestion_dag.py","lineno":401}
{"timestamp":"2026-01-06T14:21:36.046290Z","level":"info","event":"[2153/9370] Scrapping definition : Heaven Seeker","logger":"root","filename":"ingestion_dag.py","lineno":401}
{"timestamp":"2026-01-06T14:21:36.536118Z","level":"info","event":"[2154/9370] Scrapping definition : To Hell and Back","logger":"root","filename":"ingestion_dag.py","lineno":401}
{"timestamp":"2026-01-06T14:21:37.061980Z","level":"info","event":"[2155/9370] Scrapping definition : Hollywood Apocrypha","logger":"root","filename":"ingestion_dag.py","lineno":401}
{"timestamp":"2026-01-06T14:21:37.526493Z","level":"info","event":"[2156/9370] Scrapping definition : Holy Burns Evil","logger":"root","filename":"ingestion_dag.py","lineno":401}
{"timestamp":"2026-01-06T14:21:38.060923Z","level":"info","event":"[2157/9370] Scrapping definition : Immune to Drugs","logger":"root","filename":"ingestion_dag.py","lineno":401}
{"timestamp":"2026-01-06T14:21:38.692377Z","level":"info","event":"[2158/9370] Scrapping definition : Insane Troll Logic","logger":"root","filename":"ingestion_dag.py","lineno":401}
{"timestamp":"2026-01-06T14:21:39.227655Z","level":"info","event":"[2159/9370] Scrapping definition : Instant Oracle, Just Add Water","logger":"root","filename":"ingestion_dag.py","lineno":401}
{"timestamp":"2026-01-06T14:21:39.676327Z","level":"info","event":"[2160/9370] Scrapping definition : Intangible Time Travel","logger":"root","filename":"ingestion_dag.py","lineno":401}
{"timestamp":"2026-01-06T14:21:40.159218Z","level":"info","event":"[2161/9370] Scrapping definition : Jerkass Facade","logger":"root","filename":"ingestion_dag.py","lineno":401}
{"timestamp":"2026-01-06T14:21:40.756632Z","level":"info","event":"[2162/9370] Scrapping definition : Just Hit Him","logger":"root","filename":"ingestion_dag.py","lineno":401}
{"timestamp":"2026-01-06T14:21:41.284745Z","level":"info","event":"[2163/9370] Scrapping definition : Killed Mid-Sentence","logger":"root","filename":"ingestion_dag.py","lineno":401}
{"timestamp":"2026-01-06T14:21:41.830281Z","level":"info","event":"[2164/9370] Scrapping definition : Speculative Fiction","logger":"root","filename":"ingestion_dag.py","lineno":401}
{"timestamp":"2026-01-06T14:21:42.330439Z","level":"info","event":"[2165/9370] Scrapping definition : Carl Sagan","logger":"root","filename":"ingestion_dag.py","lineno":401}
{"timestamp":"2026-01-06T14:21:42.820156Z","level":"info","event":"[2166/9370] Scrapping definition : Eastern RPG","logger":"root","filename":"ingestion_dag.py","lineno":401}
{"timestamp":"2026-01-06T14:21:43.544716Z","level":"info","event":"[2167/9370] Scrapping definition : Nintendo DS","logger":"root","filename":"ingestion_dag.py","lineno":401}
{"timestamp":"2026-01-06T14:21:44.073347Z","level":"info","event":"[2168/9370] Scrapping definition : Aerith and Bob","logger":"root","filename":"ingestion_dag.py","lineno":401}
{"timestamp":"2026-01-06T14:21:44.637493Z","level":"info","event":"[2169/9370] Scrapping definition : All of Them","logger":"root","filename":"ingestion_dag.py","lineno":401}
{"timestamp":"2026-01-06T14:21:45.103395Z","level":"info","event":"[2170/9370] Scrapping definition : Being Watched","logger":"root","filename":"ingestion_dag.py","lineno":401}
{"timestamp":"2026-01-06T14:21:45.608370Z","level":"info","event":"[2171/9370] Scrapping definition : Big Brother Is Watching","logger":"root","filename":"ingestion_dag.py","lineno":401}
{"timestamp":"2026-01-06T14:21:46.146085Z","level":"info","event":"[2172/9370] Scrapping definition : Epic Tracking Shot","logger":"root","filename":"ingestion_dag.py","lineno":401}
{"timestamp":"2026-01-06T14:21:46.668527Z","level":"info","event":"[2173/9370] Scrapping definition : Hey, It's That Guy!","logger":"root","filename":"ingestion_dag.py","lineno":401}
{"timestamp":"2026-01-06T14:21:46.893040Z","level":"info","event":"[2174/9370] Scrapping definition : Meaningful Echo","logger":"root","filename":"ingestion_dag.py","lineno":401}
{"timestamp":"2026-01-06T14:21:47.423605Z","level":"info","event":"[2175/9370] Scrapping definition : Overt Rendezvous","logger":"root","filename":"ingestion_dag.py","lineno":401}
{"timestamp":"2026-01-06T14:21:47.967473Z","level":"info","event":"[2176/9370] Scrapping definition : Harrison Ford","logger":"root","filename":"ingestion_dag.py","lineno":401}
{"timestamp":"2026-01-06T14:21:48.472442Z","level":"info","event":"[2177/9370] Scrapping definition : more well","logger":"root","filename":"ingestion_dag.py","lineno":401}
{"timestamp":"2026-01-06T14:21:49.057744Z","level":"info","event":"[2178/9370] Scrapping definition : known roles","logger":"root","filename":"ingestion_dag.py","lineno":401}
{"timestamp":"2026-01-06T14:21:49.551632Z","level":"info","event":"[2179/9370] Scrapping definition : Properly Paranoid","logger":"root","filename":"ingestion_dag.py","lineno":401}
{"timestamp":"2026-01-06T14:21:50.125334Z","level":"info","event":"[2180/9370] Scrapping definition : Reclusive Artist","logger":"root","filename":"ingestion_dag.py","lineno":401}
{"timestamp":"2026-01-06T14:21:50.650012Z","level":"info","event":"[2181/9370] Scrapping definition : Rewind, Replay, Repeat","logger":"root","filename":"ingestion_dag.py","lineno":401}
{"timestamp":"2026-01-06T14:21:51.138634Z","level":"info","event":"[2182/9370] Scrapping definition : Technology Porn","logger":"root","filename":"ingestion_dag.py","lineno":401}
{"timestamp":"2026-01-06T14:21:51.694247Z","level":"info","event":"[2183/9370] Scrapping definition : Diesel Punk","logger":"root","filename":"ingestion_dag.py","lineno":401}
{"timestamp":"2026-01-06T14:21:52.277108Z","level":"info","event":"[2184/9370] Scrapping definition : The Faceless","logger":"root","filename":"ingestion_dag.py","lineno":401}
{"timestamp":"2026-01-06T14:21:52.786266Z","level":"info","event":"[2185/9370] Scrapping definition : What Could Have Been","logger":"root","filename":"ingestion_dag.py","lineno":401}
{"timestamp":"2026-01-06T14:21:53.005128Z","level":"info","event":"[2186/9370] Scrapping definition : Alcohol-Induced Idiocy","logger":"root","filename":"ingestion_dag.py","lineno":401}
{"timestamp":"2026-01-06T14:21:53.497015Z","level":"info","event":"[2187/9370] Scrapping definition : All Crimes Are Equal","logger":"root","filename":"ingestion_dag.py","lineno":401}
{"timestamp":"2026-01-06T14:21:54.006444Z","level":"info","event":"[2188/9370] Scrapping definition : Balloon Belly","logger":"root","filename":"ingestion_dag.py","lineno":401}
{"timestamp":"2026-01-06T14:21:54.534234Z","level":"info","event":"[2189/9370] Scrapping definition : Fifty eggs, man!...","logger":"root","filename":"ingestion_dag.py","lineno":401}
{"timestamp":"2026-01-06T14:21:55.108825Z","level":"info","event":"[2190/9370] Scrapping definition : Guns N' Roses","logger":"root","filename":"ingestion_dag.py","lineno":401}
{"timestamp":"2026-01-06T14:21:55.583595Z","level":"info","event":"[2191/9370] Scrapping definition : Crucified Hero Shot","logger":"root","filename":"ingestion_dag.py","lineno":401}
{"timestamp":"2026-01-06T14:21:56.076150Z","level":"info","event":"[2192/9370] Scrapping definition : Darkest Hour","logger":"root","filename":"ingestion_dag.py","lineno":401}
{"timestamp":"2026-01-06T14:21:56.598354Z","level":"info","event":"[2193/9370] Scrapping definition : shirtless","logger":"root","filename":"ingestion_dag.py","lineno":401}
{"timestamp":"2026-01-06T14:21:57.244253Z","level":"info","event":"[2194/9370] Scrapping definition : Go Out with a Smile","logger":"root","filename":"ingestion_dag.py","lineno":401}
{"timestamp":"2026-01-06T14:21:57.786579Z","level":"info","event":"[2195/9370] Scrapping definition : wash her car","logger":"root","filename":"ingestion_dag.py","lineno":401}
{"timestamp":"2026-01-06T14:21:58.116859Z","level":"info","event":"DDefinition not found for http://www.youtube.com/watch?v=Kliy32YWFcU","logger":"root","filename":"ingestion_dag.py","lineno":363}
{"timestamp":"2026-01-06T14:21:58.218600Z","level":"info","event":"[2196/9370] Scrapping definition : My Girl Is Not a Slut","logger":"root","filename":"ingestion_dag.py","lineno":401}
{"timestamp":"2026-01-06T14:21:58.722897Z","level":"info","event":"[2197/9370] Scrapping definition : how ridiculously sexy she is without even meaning to do it,","logger":"root","filename":"ingestion_dag.py","lineno":401}
{"timestamp":"2026-01-06T14:21:59.044890Z","level":"info","event":"[2198/9370] Scrapping definition : how she was very obviously cockteasing the men.","logger":"root","filename":"ingestion_dag.py","lineno":401}
{"timestamp":"2026-01-06T14:21:59.584860Z","level":"info","event":"[2199/9370] Scrapping definition : All Germans Are Nazis","logger":"root","filename":"ingestion_dag.py","lineno":401}
{"timestamp":"2026-01-06T14:22:00.074482Z","level":"info","event":"[2200/9370] Scrapping definition : Bar Brawl","logger":"root","filename":"ingestion_dag.py","lineno":401}
{"timestamp":"2026-01-06T14:22:00.592777Z","level":"info","event":"[2201/9370] Scrapping definition : Bring My Yellow Pants","logger":"root","filename":"ingestion_dag.py","lineno":401}
{"timestamp":"2026-01-06T14:22:01.178320Z","level":"info","event":"[2202/9370] Scrapping definition : Neil Gaiman","logger":"root","filename":"ingestion_dag.py","lineno":401}
{"timestamp":"2026-01-06T14:22:01.662597Z","level":"info","event":"[2203/9370] Scrapping definition : adaption of the aforementioned novella","logger":"root","filename":"ingestion_dag.py","lineno":401}
{"timestamp":"2026-01-06T14:22:01.868579Z","level":"info","event":"[2204/9370] Scrapping definition : Accidental Marriage","logger":"root","filename":"ingestion_dag.py","lineno":401}
{"timestamp":"2026-01-06T14:22:02.423112Z","level":"info","event":"[2205/9370] Scrapping definition : Aristocrats Are Evil","logger":"root","filename":"ingestion_dag.py","lineno":401}
{"timestamp":"2026-01-06T14:22:03.003000Z","level":"info","event":"[2206/9370] Scrapping definition : Arranged Marriage","logger":"root","filename":"ingestion_dag.py","lineno":401}
{"timestamp":"2026-01-06T14:22:03.535435Z","level":"info","event":"[2207/9370] Scrapping definition : but they seem OK with it","logger":"root","filename":"ingestion_dag.py","lineno":401}
{"timestamp":"2026-01-06T14:22:04.029122Z","level":"info","event":"[2208/9370] Scrapping definition : Better Than It Sounds/Western Animation","logger":"root","filename":"ingestion_dag.py","lineno":401}
{"timestamp":"2026-01-06T14:22:05.111160Z","level":"info","event":"[2209/9370] Scrapping definition : secretly troubled","logger":"root","filename":"ingestion_dag.py","lineno":401}
{"timestamp":"2026-01-06T14:22:05.647063Z","level":"info","event":"[2210/9370] Scrapping definition : Big Little Man","logger":"root","filename":"ingestion_dag.py","lineno":401}
{"timestamp":"2026-01-06T14:22:06.195382Z","level":"info","event":"[2211/9370] Scrapping definition : The Bluebeard","logger":"root","filename":"ingestion_dag.py","lineno":401}
{"timestamp":"2026-01-06T14:22:06.699754Z","level":"info","event":"[2212/9370] Scrapping definition : Boy Meets Ghoul","logger":"root","filename":"ingestion_dag.py","lineno":401}
{"timestamp":"2026-01-06T14:22:07.208565Z","level":"info","event":"[2213/9370] Scrapping definition : Butterfly of Death and Rebirth","logger":"root","filename":"ingestion_dag.py","lineno":401}
{"timestamp":"2026-01-06T14:22:07.733376Z","level":"info","event":"[2214/9370] Scrapping definition : Chubby Chaser","logger":"root","filename":"ingestion_dag.py","lineno":401}
{"timestamp":"2026-01-06T14:22:08.201517Z","level":"info","event":"[2215/9370] Scrapping definition : Circling Monologue","logger":"root","filename":"ingestion_dag.py","lineno":401}
{"timestamp":"2026-01-06T14:22:08.707541Z","level":"info","event":"[2216/9370] Scrapping definition : Clingy Jealous Girl","logger":"root","filename":"ingestion_dag.py","lineno":401}
{"timestamp":"2026-01-06T14:22:09.212138Z","level":"info","event":"[2217/9370] Scrapping definition : Cute Monster Girl","logger":"root","filename":"ingestion_dag.py","lineno":401}
{"timestamp":"2026-01-06T14:22:09.780678Z","level":"info","event":"[2218/9370] Scrapping definition : Danny Elfman","logger":"root","filename":"ingestion_dag.py","lineno":401}
{"timestamp":"2026-01-06T14:22:10.247119Z","level":"info","event":"[2219/9370] Scrapping definition : Dark Is Not Evil","logger":"root","filename":"ingestion_dag.py","lineno":401}
{"timestamp":"2026-01-06T14:22:10.834748Z","level":"info","event":"[2220/9370] Scrapping definition : The Dead Can Dance","logger":"root","filename":"ingestion_dag.py","lineno":401}
{"timestamp":"2026-01-06T14:22:11.355095Z","level":"info","event":"[2221/9370] Scrapping definition : Dead to Begin With","logger":"root","filename":"ingestion_dag.py","lineno":401}
{"timestamp":"2026-01-06T14:22:11.857699Z","level":"info","event":"[2222/9370] Scrapping definition : Death By Origin Story","logger":"root","filename":"ingestion_dag.py","lineno":401}
{"timestamp":"2026-01-06T14:22:12.351303Z","level":"info","event":"[2223/9370] Scrapping definition : Death Glare","logger":"root","filename":"ingestion_dag.py","lineno":401}
{"timestamp":"2026-01-06T14:22:12.892177Z","level":"info","event":"[2224/9370] Scrapping definition : And she is dead","logger":"root","filename":"ingestion_dag.py","lineno":401}
{"timestamp":"2026-01-06T14:22:13.445652Z","level":"info","event":"[2225/9370] Scrapping definition : Defanged Horrors","logger":"root","filename":"ingestion_dag.py","lineno":401}
{"timestamp":"2026-01-06T14:22:13.930262Z","level":"info","event":"[2226/9370] Scrapping definition : Dem Bones","logger":"root","filename":"ingestion_dag.py","lineno":401}
{"timestamp":"2026-01-06T14:22:14.486225Z","level":"info","event":"[2227/9370] Scrapping definition : Devil in Plain Sight","logger":"root","filename":"ingestion_dag.py","lineno":401}
{"timestamp":"2026-01-06T14:22:14.992997Z","level":"info","event":"[2228/9370] Scrapping definition : Does He Have a Dead Brother?","logger":"root","filename":"ingestion_dag.py","lineno":401}
{"timestamp":"2026-01-06T14:22:15.466202Z","level":"info","event":"[2229/9370] Scrapping definition : Doing It for the Art","logger":"root","filename":"ingestion_dag.py","lineno":401}
{"timestamp":"2026-01-06T14:22:16.097352Z","level":"info","event":"[2230/9370] Scrapping definition : Duet Bonding","logger":"root","filename":"ingestion_dag.py","lineno":401}
{"timestamp":"2026-01-06T14:22:16.576137Z","level":"info","event":"[2231/9370] Scrapping definition : Eerie Pale-Skinned Brunette","logger":"root","filename":"ingestion_dag.py","lineno":401}
{"timestamp":"2026-01-06T14:22:17.096880Z","level":"info","event":"[2232/9370] Scrapping definition : Burn, Baby, Burn","logger":"root","filename":"ingestion_dag.py","lineno":401}
{"timestamp":"2026-01-06T14:22:17.572211Z","level":"info","event":"[2233/9370] Scrapping definition : Death From Above","logger":"root","filename":"ingestion_dag.py","lineno":401}
{"timestamp":"2026-01-06T14:22:18.087107Z","level":"info","event":"[2234/9370] Scrapping definition : Drill Sergeant Nasty","logger":"root","filename":"ingestion_dag.py","lineno":401}
{"timestamp":"2026-01-06T14:22:18.643665Z","level":"info","event":"[2235/9370] Scrapping definition : Female Misogynist","logger":"root","filename":"ingestion_dag.py","lineno":401}
{"timestamp":"2026-01-06T14:22:19.147386Z","level":"info","event":"[2236/9370] Scrapping definition : Functional Addict","logger":"root","filename":"ingestion_dag.py","lineno":401}
{"timestamp":"2026-01-06T14:22:19.653854Z","level":"info","event":"[2237/9370] Scrapping definition : Survivors Guilt","logger":"root","filename":"ingestion_dag.py","lineno":401}
{"timestamp":"2026-01-06T14:22:20.349551Z","level":"info","event":"[2238/9370] Scrapping definition : Good Looking Privates","logger":"root","filename":"ingestion_dag.py","lineno":401}
{"timestamp":"2026-01-06T14:22:20.834982Z","level":"info","event":"[2239/9370] Scrapping definition : Gulf War","logger":"root","filename":"ingestion_dag.py","lineno":401}
{"timestamp":"2026-01-06T14:22:21.285575Z","level":"info","event":"[2240/9370] Scrapping definition : He-Man Woman Hater","logger":"root","filename":"ingestion_dag.py","lineno":401}
{"timestamp":"2026-01-06T14:22:21.804068Z","level":"info","event":"[2241/9370] Scrapping definition : Honor Before Reason","logger":"root","filename":"ingestion_dag.py","lineno":401}
{"timestamp":"2026-01-06T14:22:22.289673Z","level":"info","event":"[2242/9370] Scrapping definition : Is That a Threat?","logger":"root","filename":"ingestion_dag.py","lineno":401}
{"timestamp":"2026-01-06T14:22:22.757753Z","level":"info","event":"[2243/9370] Scrapping definition : Above Good and Evil","logger":"root","filename":"ingestion_dag.py","lineno":401}
{"timestamp":"2026-01-06T14:22:23.268455Z","level":"info","event":"[2244/9370] Scrapping definition : It doesn't work","logger":"root","filename":"ingestion_dag.py","lineno":401}
{"timestamp":"2026-01-06T14:22:23.497669Z","level":"info","event":"[2245/9370] Scrapping definition : actually did the research","logger":"root","filename":"ingestion_dag.py","lineno":401}
{"timestamp":"2026-01-06T14:22:23.722761Z","level":"info","event":"[2246/9370] Scrapping definition : Be Careful What You Wish For","logger":"root","filename":"ingestion_dag.py","lineno":401}
{"timestamp":"2026-01-06T14:22:24.241964Z","level":"info","event":"[2247/9370] Scrapping definition : the cutie breaks you","logger":"root","filename":"ingestion_dag.py","lineno":401}
{"timestamp":"2026-01-06T14:22:24.450035Z","level":"info","event":"[2248/9370] Scrapping definition : Catholic School Girls Rule","logger":"root","filename":"ingestion_dag.py","lineno":401}
{"timestamp":"2026-01-06T14:22:24.987861Z","level":"info","event":"[2249/9370] Scrapping definition : Dark Magical Girl","logger":"root","filename":"ingestion_dag.py","lineno":401}
{"timestamp":"2026-01-06T14:22:25.537957Z","level":"info","event":"[2250/9370] Scrapping definition : Darkened Building Fight","logger":"root","filename":"ingestion_dag.py","lineno":401}
{"timestamp":"2026-01-06T14:22:26.070869Z","level":"info","event":"[2251/9370] Scrapping definition : make it look like suicide","logger":"root","filename":"ingestion_dag.py","lineno":401}
{"timestamp":"2026-01-06T14:22:26.578843Z","level":"info","event":"[2252/9370] Scrapping definition : Flat Character","logger":"root","filename":"ingestion_dag.py","lineno":401}
{"timestamp":"2026-01-06T14:22:27.085807Z","level":"info","event":"[2253/9370] Scrapping definition : Four-Girl Ensemble","logger":"root","filename":"ingestion_dag.py","lineno":401}
{"timestamp":"2026-01-06T14:22:27.570785Z","level":"info","event":"[2254/9370] Scrapping definition : Glamour","logger":"root","filename":"ingestion_dag.py","lineno":401}
{"timestamp":"2026-01-06T14:22:28.058304Z","level":"info","event":"[2255/9370] Scrapping definition : Goth","logger":"root","filename":"ingestion_dag.py","lineno":401}
{"timestamp":"2026-01-06T14:22:28.588376Z","level":"info","event":"[2256/9370] Scrapping definition : Hot Witch","logger":"root","filename":"ingestion_dag.py","lineno":401}
{"timestamp":"2026-01-06T14:22:29.127673Z","level":"info","event":"[2257/9370] Scrapping definition : Jerk Jock","logger":"root","filename":"ingestion_dag.py","lineno":401}
{"timestamp":"2026-01-06T14:22:29.636815Z","level":"info","event":"[2258/9370] Scrapping definition : Looks Like Cesare","logger":"root","filename":"ingestion_dag.py","lineno":401}
{"timestamp":"2026-01-06T14:22:30.125206Z","level":"info","event":"[2259/9370] Scrapping definition : Mind Rape","logger":"root","filename":"ingestion_dag.py","lineno":401}
{"timestamp":"2026-01-06T14:22:30.676354Z","level":"info","event":"[2260/9370] Scrapping definition : who was also a witch","logger":"root","filename":"ingestion_dag.py","lineno":401}
{"timestamp":"2026-01-06T14:22:31.194421Z","level":"info","event":"[2261/9370] Scrapping definition : died when she was a baby","logger":"root","filename":"ingestion_dag.py","lineno":401}
{"timestamp":"2026-01-06T14:22:31.649072Z","level":"info","event":"[2262/9370] Scrapping definition : try to find out more about her","logger":"root","filename":"ingestion_dag.py","lineno":401}
{"timestamp":"2026-01-06T14:22:32.148512Z","level":"info","event":"[2263/9370] Scrapping definition : Parental Substitute","logger":"root","filename":"ingestion_dag.py","lineno":401}
{"timestamp":"2026-01-06T14:22:32.755537Z","level":"info","event":"[2264/9370] Scrapping definition : Primal Fear","logger":"root","filename":"ingestion_dag.py","lineno":401}
{"timestamp":"2026-01-06T14:22:33.306182Z","level":"info","event":"[2265/9370] Scrapping definition : Fairuza Balk","logger":"root","filename":"ingestion_dag.py","lineno":401}
{"timestamp":"2026-01-06T14:22:33.761341Z","level":"info","event":"[2266/9370] Scrapping definition : Reptiles Are Abhorrent","logger":"root","filename":"ingestion_dag.py","lineno":401}
{"timestamp":"2026-01-06T14:22:34.378125Z","level":"info","event":"[2267/9370] Scrapping definition : Schoolgirl Lesbians","logger":"root","filename":"ingestion_dag.py","lineno":401}
{"timestamp":"2026-01-06T14:22:34.945968Z","level":"info","event":"[2268/9370] Scrapping definition : Shower Scene","logger":"root","filename":"ingestion_dag.py","lineno":401}
{"timestamp":"2026-01-06T14:22:35.432648Z","level":"info","event":"[2269/9370] Scrapping definition : With Great Power Comes Great Insanity","logger":"root","filename":"ingestion_dag.py","lineno":401}
{"timestamp":"2026-01-06T14:22:35.958332Z","level":"info","event":"[2270/9370] Scrapping definition : Yandere","logger":"root","filename":"ingestion_dag.py","lineno":401}
{"timestamp":"2026-01-06T14:22:36.444220Z","level":"info","event":"[2271/9370] Scrapping definition : Don't Explain the Joke","logger":"root","filename":"ingestion_dag.py","lineno":401}
{"timestamp":"2026-01-06T14:22:36.661442Z","level":"info","event":"[2272/9370] Scrapping definition : \"our lips are sealed\".","logger":"root","filename":"ingestion_dag.py","lineno":401}
{"timestamp":"2026-01-06T14:22:37.151179Z","level":"info","event":"[2273/9370] Scrapping definition : Lampshaded","logger":"root","filename":"ingestion_dag.py","lineno":401}
{"timestamp":"2026-01-06T14:22:37.824168Z","level":"info","event":"[2274/9370] Scrapping definition : Badass Grandma","logger":"root","filename":"ingestion_dag.py","lineno":401}
{"timestamp":"2026-01-06T14:22:38.599447Z","level":"info","event":"[2275/9370] Scrapping definition : Family Versus Career","logger":"root","filename":"ingestion_dag.py","lineno":401}
{"timestamp":"2026-01-06T14:22:39.073700Z","level":"info","event":"[2276/9370] Scrapping definition : Flopsy","logger":"root","filename":"ingestion_dag.py","lineno":401}
{"timestamp":"2026-01-06T14:22:39.626072Z","level":"info","event":"[2277/9370] Scrapping definition : Little Miss Con Artist","logger":"root","filename":"ingestion_dag.py","lineno":401}
{"timestamp":"2026-01-06T14:22:40.125237Z","level":"info","event":"[2278/9370] Scrapping definition : Type II","logger":"root","filename":"ingestion_dag.py","lineno":401}
{"timestamp":"2026-01-06T14:22:40.681968Z","level":"info","event":"[2279/9370] Scrapping definition : All Guys Want Bad Girls","logger":"root","filename":"ingestion_dag.py","lineno":401}
{"timestamp":"2026-01-06T14:22:41.198232Z","level":"info","event":"[2280/9370] Scrapping definition : Alternate Company Equivalent","logger":"root","filename":"ingestion_dag.py","lineno":401}
{"timestamp":"2026-01-06T14:22:41.822916Z","level":"info","event":"[2281/9370] Scrapping definition : Batman","logger":"root","filename":"ingestion_dag.py","lineno":401}
{"timestamp":"2026-01-06T14:22:42.426151Z","level":"info","event":"[2282/9370] Scrapping definition : Appropriated Appellation","logger":"root","filename":"ingestion_dag.py","lineno":401}
{"timestamp":"2026-01-06T14:22:42.777191Z","level":"info","event":"[2283/9370] Scrapping definition : he's blind, but he can see differently","logger":"root","filename":"ingestion_dag.py","lineno":401}
{"timestamp":"2026-01-06T14:22:43.278511Z","level":"info","event":"[2284/9370] Scrapping definition : Blind Weaponmaster","logger":"root","filename":"ingestion_dag.py","lineno":401}
{"timestamp":"2026-01-06T14:22:43.773081Z","level":"info","event":"[2285/9370] Scrapping definition : Building Swing","logger":"root","filename":"ingestion_dag.py","lineno":401}
{"timestamp":"2026-01-06T14:22:44.280098Z","level":"info","event":"[2286/9370] Scrapping definition : Brought to You by The Letter \"S\"","logger":"root","filename":"ingestion_dag.py","lineno":401}
{"timestamp":"2026-01-06T14:22:44.811010Z","level":"info","event":"[2287/9370] Scrapping definition : Charles Atlas Superpower","logger":"root","filename":"ingestion_dag.py","lineno":401}
{"timestamp":"2026-01-06T14:22:45.369129Z","level":"info","event":"[2288/9370] Scrapping definition : Climb Slip Hang Climb","logger":"root","filename":"ingestion_dag.py","lineno":401}
{"timestamp":"2026-01-06T14:22:46.032647Z","level":"info","event":"[2289/9370] Scrapping definition : Costume Copycat","logger":"root","filename":"ingestion_dag.py","lineno":401}
{"timestamp":"2026-01-06T14:22:46.563484Z","level":"info","event":"[2290/9370] Scrapping definition : The Cowl","logger":"root","filename":"ingestion_dag.py","lineno":401}
{"timestamp":"2026-01-06T14:22:47.058044Z","level":"info","event":"[2291/9370] Scrapping definition : Cradle of Loneliness","logger":"root","filename":"ingestion_dag.py","lineno":401}
{"timestamp":"2026-01-06T14:22:47.597959Z","level":"info","event":"[2292/9370] Scrapping definition : David vs. Goliath","logger":"root","filename":"ingestion_dag.py","lineno":401}
{"timestamp":"2026-01-06T14:22:48.340411Z","level":"info","event":"[2293/9370] Scrapping definition : heroes","logger":"root","filename":"ingestion_dag.py","lineno":401}
{"timestamp":"2026-01-06T14:22:48.852080Z","level":"info","event":"[2294/9370] Scrapping definition : Disability Superpower","logger":"root","filename":"ingestion_dag.py","lineno":401}
{"timestamp":"2026-01-06T14:22:49.405840Z","level":"info","event":"[2295/9370] Scrapping definition : Ur Example","logger":"root","filename":"ingestion_dag.py","lineno":401}
{"timestamp":"2026-01-06T14:22:49.914175Z","level":"info","event":"[2296/9370] Scrapping definition : DC's","logger":"root","filename":"ingestion_dag.py","lineno":401}
{"timestamp":"2026-01-06T14:22:50.561925Z","level":"info","event":"[2297/9370] Scrapping definition : Handicapped Badass","logger":"root","filename":"ingestion_dag.py","lineno":401}
{"timestamp":"2026-01-06T14:22:51.293340Z","level":"info","event":"[2298/9370] Scrapping definition : Hurting Hero","logger":"root","filename":"ingestion_dag.py","lineno":401}
{"timestamp":"2026-01-06T14:22:51.750250Z","level":"info","event":"[2299/9370] Scrapping definition : Identity Impersonator","logger":"root","filename":"ingestion_dag.py","lineno":401}
{"timestamp":"2026-01-06T14:22:52.226304Z","level":"info","event":"[2300/9370] Scrapping definition : Immortal Iron Fist","logger":"root","filename":"ingestion_dag.py","lineno":401}
{"timestamp":"2026-01-06T14:22:52.861753Z","level":"info","event":"[2301/9370] Scrapping definition : I Just Want to Be Normal","logger":"root","filename":"ingestion_dag.py","lineno":401}
{"timestamp":"2026-01-06T14:22:53.409105Z","level":"info","event":"[2302/9370] Scrapping definition : I'll Kill You!","logger":"root","filename":"ingestion_dag.py","lineno":401}
{"timestamp":"2026-01-06T14:22:53.913769Z","level":"info","event":"[2303/9370] Scrapping definition : I Love Nuclear Power","logger":"root","filename":"ingestion_dag.py","lineno":401}
{"timestamp":"2026-01-06T14:22:54.438634Z","level":"info","event":"[2304/9370] Scrapping definition : Stupidest Thing He'd Ever Heard","logger":"root","filename":"ingestion_dag.py","lineno":401}
{"timestamp":"2026-01-06T14:22:54.980168Z","level":"info","event":"[2305/9370] Scrapping definition : 'Verse","logger":"root","filename":"ingestion_dag.py","lineno":401}
{"timestamp":"2026-01-06T14:22:55.447547Z","level":"info","event":"[2306/9370] Scrapping definition : Supernatural Martial Artists","logger":"root","filename":"ingestion_dag.py","lineno":401}
{"timestamp":"2026-01-06T14:22:55.948672Z","level":"info","event":"[2307/9370] Scrapping definition : Improbable Aiming Skills","logger":"root","filename":"ingestion_dag.py","lineno":401}
{"timestamp":"2026-01-06T14:22:56.563905Z","level":"info","event":"[2308/9370] Scrapping definition : hit opponents with ricochet projectiles, thrown in manners that circle them around the target.","logger":"root","filename":"ingestion_dag.py","lineno":401}
{"timestamp":"2026-01-06T14:22:57.027296Z","level":"info","event":"[2309/9370] Scrapping definition : Improbable Weapon User","logger":"root","filename":"ingestion_dag.py","lineno":401}
{"timestamp":"2026-01-06T14:22:58.382280Z","level":"info","event":"[2310/9370] Scrapping definition : Ineffectual Sympathetic Villain","logger":"root","filename":"ingestion_dag.py","lineno":401}
{"timestamp":"2026-01-06T14:22:58.876436Z","level":"info","event":"[2311/9370] Scrapping definition : Ivy League","logger":"root","filename":"ingestion_dag.py","lineno":401}
{"timestamp":"2026-01-06T14:22:59.378848Z","level":"info","event":"[2312/9370] Scrapping definition : Lighter and Softer","logger":"root","filename":"ingestion_dag.py","lineno":401}
{"timestamp":"2026-01-06T14:22:59.942063Z","level":"info","event":"[2313/9370] Scrapping definition : Lightning Bruiser","logger":"root","filename":"ingestion_dag.py","lineno":401}
{"timestamp":"2026-01-06T14:23:00.547446Z","level":"info","event":"[2314/9370] Scrapping definition : Living Lie Detector","logger":"root","filename":"ingestion_dag.py","lineno":401}
{"timestamp":"2026-01-06T14:23:01.100037Z","level":"info","event":"[2315/9370] Scrapping definition : Made of Iron","logger":"root","filename":"ingestion_dag.py","lineno":401}
{"timestamp":"2026-01-06T14:23:01.639897Z","level":"info","event":"[2316/9370] Scrapping definition : Mole in Charge","logger":"root","filename":"ingestion_dag.py","lineno":401}
{"timestamp":"2026-01-06T14:23:02.296270Z","level":"info","event":"[2317/9370] Scrapping definition : Multilayer Facade","logger":"root","filename":"ingestion_dag.py","lineno":401}
{"timestamp":"2026-01-06T14:23:02.766918Z","level":"info","event":"[2318/9370] Scrapping definition : The Nose Knows","logger":"root","filename":"ingestion_dag.py","lineno":401}
{"timestamp":"2026-01-06T14:23:03.247266Z","level":"info","event":"[2319/9370] Scrapping definition : Novelty Decay","logger":"root","filename":"ingestion_dag.py","lineno":401}
{"timestamp":"2026-01-06T14:23:03.742509Z","level":"info","event":"[2320/9370] Scrapping definition : Open Secret","logger":"root","filename":"ingestion_dag.py","lineno":401}
{"timestamp":"2026-01-06T14:23:04.248275Z","level":"info","event":"[2321/9370] Scrapping definition : Pinball Projectile","logger":"root","filename":"ingestion_dag.py","lineno":401}
{"timestamp":"2026-01-06T14:23:04.749151Z","level":"info","event":"[2322/9370] Scrapping definition : Really Gets Around","logger":"root","filename":"ingestion_dag.py","lineno":401}
{"timestamp":"2026-01-06T14:23:04.960094Z","level":"info","event":"[2323/9370] Scrapping definition : Tony Stark","logger":"root","filename":"ingestion_dag.py","lineno":401}
{"timestamp":"2026-01-06T14:23:05.173083Z","level":"info","event":"[2324/9370] Scrapping definition : give a woman the sensation of Braille being read.","logger":"root","filename":"ingestion_dag.py","lineno":401}
{"timestamp":"2026-01-06T14:23:05.680775Z","level":"info","event":"[2325/9370] Scrapping definition : A Long Time Ago in a Galaxy Far Far Away","logger":"root","filename":"ingestion_dag.py","lineno":401}
{"timestamp":"2026-01-06T14:23:06.196457Z","level":"info","event":"[2326/9370] Scrapping definition : Always Night","logger":"root","filename":"ingestion_dag.py","lineno":401}
{"timestamp":"2026-01-06T14:23:06.697950Z","level":"info","event":"[2327/9370] Scrapping definition : Aluminum Christmas Trees","logger":"root","filename":"ingestion_dag.py","lineno":401}
{"timestamp":"2026-01-06T14:23:07.224982Z","level":"info","event":"[2328/9370] Scrapping definition : Amnesiac Lover","logger":"root","filename":"ingestion_dag.py","lineno":401}
{"timestamp":"2026-01-06T14:23:07.716567Z","level":"info","event":"[2329/9370] Scrapping definition : Amplifier Artifact","logger":"root","filename":"ingestion_dag.py","lineno":401}
{"timestamp":"2026-01-06T14:23:08.207325Z","level":"info","event":"[2330/9370] Scrapping definition : Beam-O-War","logger":"root","filename":"ingestion_dag.py","lineno":401}
{"timestamp":"2026-01-06T14:23:08.792138Z","level":"info","event":"[2331/9370] Scrapping definition : Blank Book","logger":"root","filename":"ingestion_dag.py","lineno":401}
{"timestamp":"2026-01-06T14:23:09.280870Z","level":"info","event":"[2332/9370] Scrapping definition : The Chanteuse","logger":"root","filename":"ingestion_dag.py","lineno":401}
{"timestamp":"2026-01-06T14:23:09.763898Z","level":"info","event":"[2333/9370] Scrapping definition : The Chosen One","logger":"root","filename":"ingestion_dag.py","lineno":401}
{"timestamp":"2026-01-06T14:23:10.247699Z","level":"info","event":"[2334/9370] Scrapping definition : The Everyman","logger":"root","filename":"ingestion_dag.py","lineno":401}
{"timestamp":"2026-01-06T14:23:10.758315Z","level":"info","event":"[2335/9370] Scrapping definition : City in a Bottle","logger":"root","filename":"ingestion_dag.py","lineno":401}
{"timestamp":"2026-01-06T14:23:11.301838Z","level":"info","event":"[2336/9370] Scrapping definition : City Noir","logger":"root","filename":"ingestion_dag.py","lineno":401}
{"timestamp":"2026-01-06T14:23:11.799800Z","level":"info","event":"[2337/9370] Scrapping definition : German Expressionism","logger":"root","filename":"ingestion_dag.py","lineno":401}
{"timestamp":"2026-01-06T14:23:12.289867Z","level":"info","event":"[2338/9370] Scrapping definition : City with No Name","logger":"root","filename":"ingestion_dag.py","lineno":401}
{"timestamp":"2026-01-06T14:23:13.025296Z","level":"info","event":"[2339/9370] Scrapping definition : Closed Circle","logger":"root","filename":"ingestion_dag.py","lineno":401}
{"timestamp":"2026-01-06T14:23:13.517415Z","level":"info","event":"[2340/9370] Scrapping definition : Creepy Child","logger":"root","filename":"ingestion_dag.py","lineno":401}
{"timestamp":"2026-01-06T14:23:14.058238Z","level":"info","event":"[2341/9370] Scrapping definition : The Cuckoolander Was Right","logger":"root","filename":"ingestion_dag.py","lineno":401}
{"timestamp":"2026-01-06T14:23:14.586528Z","level":"info","event":"[2342/9370] Scrapping definition : Curse Cut Short","logger":"root","filename":"ingestion_dag.py","lineno":401}
{"timestamp":"2026-01-06T14:23:15.217961Z","level":"info","event":"[2343/9370] Scrapping definition : Dark World","logger":"root","filename":"ingestion_dag.py","lineno":401}
{"timestamp":"2026-01-06T14:23:15.748474Z","level":"info","event":"[2344/9370] Scrapping definition : Days of Future Past","logger":"root","filename":"ingestion_dag.py","lineno":401}
{"timestamp":"2026-01-06T14:23:16.277336Z","level":"info","event":"[2345/9370] Scrapping definition : the director","logger":"root","filename":"ingestion_dag.py","lineno":401}
{"timestamp":"2026-01-06T14:23:16.772106Z","level":"info","event":"[2346/9370] Scrapping definition : Doppelganger Replacement Love Interest","logger":"root","filename":"ingestion_dag.py","lineno":401}
{"timestamp":"2026-01-06T14:23:17.283237Z","level":"info","event":"[2347/9370] Scrapping definition : Dying Race","logger":"root","filename":"ingestion_dag.py","lineno":401}
{"timestamp":"2026-01-06T14:23:17.796286Z","level":"info","event":"[2348/9370] Scrapping definition : Eldritch Location","logger":"root","filename":"ingestion_dag.py","lineno":401}
{"timestamp":"2026-01-06T14:23:18.332166Z","level":"info","event":"[2349/9370] Scrapping definition : End of the World Special","logger":"root","filename":"ingestion_dag.py","lineno":401}
{"timestamp":"2026-01-06T14:23:18.830681Z","level":"info","event":"[2350/9370] Scrapping definition : Evolutionary Levels","logger":"root","filename":"ingestion_dag.py","lineno":401}
{"timestamp":"2026-01-06T14:23:19.375903Z","level":"info","event":"[2351/9370] Scrapping definition : Exposition Beam","logger":"root","filename":"ingestion_dag.py","lineno":401}
{"timestamp":"2026-01-06T14:23:19.882030Z","level":"info","event":"[2352/9370] Scrapping definition : Fake Memories","logger":"root","filename":"ingestion_dag.py","lineno":401}
{"timestamp":"2026-01-06T14:23:20.388101Z","level":"info","event":"[2353/9370] Scrapping definition : Five-Bad Band","logger":"root","filename":"ingestion_dag.py","lineno":401}
{"timestamp":"2026-01-06T14:23:20.864251Z","level":"info","event":"[2354/9370] Scrapping definition : someone else arrives to help","logger":"root","filename":"ingestion_dag.py","lineno":401}
{"timestamp":"2026-01-06T14:23:21.377717Z","level":"info","event":"[2355/9370] Scrapping definition : spot of hope","logger":"root","filename":"ingestion_dag.py","lineno":401}
{"timestamp":"2026-01-06T14:23:21.880319Z","level":"info","event":"[2356/9370] Scrapping definition : ultimately going for a happy ending,","logger":"root","filename":"ingestion_dag.py","lineno":401}
{"timestamp":"2026-01-06T14:23:22.422081Z","level":"info","event":"[2357/9370] Scrapping definition : Bandaged Face","logger":"root","filename":"ingestion_dag.py","lineno":401}
{"timestamp":"2026-01-06T14:23:22.909124Z","level":"info","event":"[2358/9370] Scrapping definition : Battleaxe Nurse","logger":"root","filename":"ingestion_dag.py","lineno":401}
{"timestamp":"2026-01-06T14:23:23.489190Z","level":"info","event":"[2359/9370] Scrapping definition : Bluff the Impostor","logger":"root","filename":"ingestion_dag.py","lineno":401}
{"timestamp":"2026-01-06T14:23:24.105439Z","level":"info","event":"[2360/9370] Scrapping definition : Break Her Heart to Save Her","logger":"root","filename":"ingestion_dag.py","lineno":401}
{"timestamp":"2026-01-06T14:23:24.924650Z","level":"info","event":"[2361/9370] Scrapping definition : Captain Ersatz","logger":"root","filename":"ingestion_dag.py","lineno":401}
{"timestamp":"2026-01-06T14:23:25.504447Z","level":"info","event":"[2362/9370] Scrapping definition : The Spider","logger":"root","filename":"ingestion_dag.py","lineno":401}
{"timestamp":"2026-01-06T14:23:26.015735Z","level":"info","event":"[2363/9370] Scrapping definition : The Shadow","logger":"root","filename":"ingestion_dag.py","lineno":401}
{"timestamp":"2026-01-06T14:23:26.580497Z","level":"info","event":"[2364/9370] Scrapping definition : Car Cushion","logger":"root","filename":"ingestion_dag.py","lineno":401}
{"timestamp":"2026-01-06T14:23:27.072314Z","level":"info","event":"[2365/9370] Scrapping definition : Coat, Hat, Mask","logger":"root","filename":"ingestion_dag.py","lineno":401}
{"timestamp":"2026-01-06T14:23:27.559352Z","level":"info","event":"[2366/9370] Scrapping definition : Circus of Fear","logger":"root","filename":"ingestion_dag.py","lineno":401}
{"timestamp":"2026-01-06T14:23:28.116763Z","level":"info","event":"[2367/9370] Scrapping definition : Crossover","logger":"root","filename":"ingestion_dag.py","lineno":401}
{"timestamp":"2026-01-06T14:23:28.775109Z","level":"info","event":"[2368/9370] Scrapping definition : Ash","logger":"root","filename":"ingestion_dag.py","lineno":401}
{"timestamp":"2026-01-06T14:23:28.987009Z","level":"info","event":"[2369/9370] Scrapping definition : Darker and Edgier","logger":"root","filename":"ingestion_dag.py","lineno":401}
{"timestamp":"2026-01-06T14:23:29.210014Z","level":"info","event":"[2370/9370] Scrapping definition : Driven to Madness","logger":"root","filename":"ingestion_dag.py","lineno":401}
{"timestamp":"2026-01-06T14:23:29.706030Z","level":"info","event":"[2371/9370] Scrapping definition : Superhero","logger":"root","filename":"ingestion_dag.py","lineno":401}
{"timestamp":"2026-01-06T14:23:30.224284Z","level":"info","event":"[2372/9370] Scrapping definition : hold on to all of his marbles","logger":"root","filename":"ingestion_dag.py","lineno":401}
{"timestamp":"2026-01-06T14:23:30.456658Z","level":"info","event":"[2373/9370] Scrapping definition : Exact Time to Failure","logger":"root","filename":"ingestion_dag.py","lineno":401}
{"timestamp":"2026-01-06T14:23:31.022842Z","level":"info","event":"[2374/9370] Scrapping definition : Expanded Universe","logger":"root","filename":"ingestion_dag.py","lineno":401}
{"timestamp":"2026-01-06T14:23:31.542042Z","level":"info","event":"[2375/9370] Scrapping definition : decent","logger":"root","filename":"ingestion_dag.py","lineno":401}
{"timestamp":"2026-01-06T14:23:32.044325Z","level":"info","event":"[2376/9370] Scrapping definition : Comic Book Adaptation","logger":"root","filename":"ingestion_dag.py","lineno":401}
{"timestamp":"2026-01-06T14:23:32.568805Z","level":"info","event":"[2377/9370] Scrapping definition : Comic Book","logger":"root","filename":"ingestion_dag.py","lineno":401}
{"timestamp":"2026-01-06T14:23:33.996830Z","level":"info","event":"[2378/9370] Scrapping definition : Kurt Busiek","logger":"root","filename":"ingestion_dag.py","lineno":401}
{"timestamp":"2026-01-06T14:23:34.559511Z","level":"info","event":"[2379/9370] Scrapping definition : crappy","logger":"root","filename":"ingestion_dag.py","lineno":401}
{"timestamp":"2026-01-06T14:23:35.074906Z","level":"info","event":"[2380/9370] Scrapping definition : Evil Dead","logger":"root","filename":"ingestion_dag.py","lineno":401}
{"timestamp":"2026-01-06T14:23:35.287730Z","level":"info","event":"[2381/9370] Scrapping definition : External Combustion","logger":"root","filename":"ingestion_dag.py","lineno":401}
{"timestamp":"2026-01-06T14:23:35.779005Z","level":"info","event":"[2382/9370] Scrapping definition : Eyes Are Unbreakable","logger":"root","filename":"ingestion_dag.py","lineno":401}
{"timestamp":"2026-01-06T14:23:36.278657Z","level":"info","event":"[2383/9370] Scrapping definition : Face Framed in Shadow","logger":"root","filename":"ingestion_dag.py","lineno":401}
{"timestamp":"2026-01-06T14:23:36.752568Z","level":"info","event":"[2384/9370] Scrapping definition : Facial Horror","logger":"root","filename":"ingestion_dag.py","lineno":401}
{"timestamp":"2026-01-06T14:23:37.269061Z","level":"info","event":"[2385/9370] Scrapping definition : Friend to All Children","logger":"root","filename":"ingestion_dag.py","lineno":401}
{"timestamp":"2026-01-06T14:23:37.787637Z","level":"info","event":"[2386/9370] Scrapping definition : Gayngster","logger":"root","filename":"ingestion_dag.py","lineno":401}
{"timestamp":"2026-01-06T14:23:38.320466Z","level":"info","event":"[2387/9370] Scrapping definition : Genius Bruiser","logger":"root","filename":"ingestion_dag.py","lineno":401}
{"timestamp":"2026-01-06T14:23:38.874666Z","level":"info","event":"[2388/9370] Scrapping definition : Get It Over With","logger":"root","filename":"ingestion_dag.py","lineno":401}
{"timestamp":"2026-01-06T14:23:39.624472Z","level":"info","event":"[2389/9370] Scrapping definition : Hour of Power","logger":"root","filename":"ingestion_dag.py","lineno":401}
{"timestamp":"2026-01-06T14:23:40.125481Z","level":"info","event":"[2390/9370] Scrapping definition : If You Kill Him You Will Be Just Like Him","logger":"root","filename":"ingestion_dag.py","lineno":401}
{"timestamp":"2026-01-06T14:23:40.633280Z","level":"info","event":"[2391/9370] Scrapping definition : Darkman","logger":"root","filename":"ingestion_dag.py","lineno":401}
{"timestamp":"2026-01-06T14:23:40.876507Z","level":"info","event":"[2392/9370] Scrapping definition : I Lied","logger":"root","filename":"ingestion_dag.py","lineno":401}
{"timestamp":"2026-01-06T14:23:41.414493Z","level":"info","event":"[2393/9370] Scrapping definition : Kindhearted Cat Lover","logger":"root","filename":"ingestion_dag.py","lineno":401}
{"timestamp":"2026-01-06T14:23:41.911172Z","level":"info","event":"[2394/9370] Scrapping definition : Latex Perfection","logger":"root","filename":"ingestion_dag.py","lineno":401}
{"timestamp":"2026-01-06T14:23:42.512568Z","level":"info","event":"[2395/9370] Scrapping definition : Lost in a Crowd","logger":"root","filename":"ingestion_dag.py","lineno":401}
{"timestamp":"2026-01-06T14:23:43.062736Z","level":"info","event":"[2396/9370] Scrapping definition : Master of Disguise","logger":"root","filename":"ingestion_dag.py","lineno":401}
{"timestamp":"2026-01-06T14:23:43.565638Z","level":"info","event":"[2397/9370] Scrapping definition : Mysterious Middle Initial","logger":"root","filename":"ingestion_dag.py","lineno":401}
{"timestamp":"2026-01-06T14:23:44.101565Z","level":"info","event":"[2398/9370] Scrapping definition : Nail'Em","logger":"root","filename":"ingestion_dag.py","lineno":401}
{"timestamp":"2026-01-06T14:23:44.621734Z","level":"info","event":"[2399/9370] Scrapping definition : Nightmare Face","logger":"root","filename":"ingestion_dag.py","lineno":401}
{"timestamp":"2026-01-06T14:23:45.153638Z","level":"info","event":"[2400/9370] Scrapping definition : That Man Is Dead","logger":"root","filename":"ingestion_dag.py","lineno":401}
{"timestamp":"2026-01-06T14:23:45.653692Z","level":"info","event":"[2401/9370] Scrapping definition : One-Episode Wonder","logger":"root","filename":"ingestion_dag.py","lineno":401}
{"timestamp":"2026-01-06T14:23:46.148708Z","level":"info","event":"[2402/9370] Scrapping definition : The Only One Allowed to Defeat You","logger":"root","filename":"ingestion_dag.py","lineno":401}
{"timestamp":"2026-01-06T14:23:46.462767Z","level":"info","event":"[2403/9370] Scrapping definition : more then once","logger":"root","filename":"ingestion_dag.py","lineno":401}
{"timestamp":"2026-01-06T14:23:46.993772Z","level":"info","event":"[2404/9370] Scrapping definition : Pet Rat","logger":"root","filename":"ingestion_dag.py","lineno":401}
{"timestamp":"2026-01-06T14:23:47.541178Z","level":"info","event":"[2405/9370] Scrapping definition : Psycho Serum","logger":"root","filename":"ingestion_dag.py","lineno":401}
{"timestamp":"2026-01-06T14:23:48.097612Z","level":"info","event":"[2406/9370] Scrapping definition : Required Secondary Powers","logger":"root","filename":"ingestion_dag.py","lineno":401}
{"timestamp":"2026-01-06T14:23:48.688803Z","level":"info","event":"[2407/9370] Scrapping definition : Healing Factor","logger":"root","filename":"ingestion_dag.py","lineno":401}
{"timestamp":"2026-01-06T14:23:49.208523Z","level":"info","event":"[2408/9370] Scrapping definition : Retcon","logger":"root","filename":"ingestion_dag.py","lineno":401}
{"timestamp":"2026-01-06T14:23:49.758495Z","level":"info","event":"[2409/9370] Scrapping definition : Save the Day Turn Away","logger":"root","filename":"ingestion_dag.py","lineno":401}
{"timestamp":"2026-01-06T14:23:50.327419Z","level":"info","event":"[2410/9370] Scrapping definition : Suicidal Overconfidence","logger":"root","filename":"ingestion_dag.py","lineno":401}
{"timestamp":"2026-01-06T14:23:50.814771Z","level":"info","event":"[2411/9370] Scrapping definition : Tragic Hero","logger":"root","filename":"ingestion_dag.py","lineno":401}
{"timestamp":"2026-01-06T14:23:51.295844Z","level":"info","event":"[2412/9370] Scrapping definition : Man Behind the Man","logger":"root","filename":"ingestion_dag.py","lineno":401}
{"timestamp":"2026-01-06T14:23:52.021568Z","level":"info","event":"[2413/9370] Scrapping definition : Vigilante Man","logger":"root","filename":"ingestion_dag.py","lineno":401}
{"timestamp":"2026-01-06T14:23:52.635434Z","level":"info","event":"[2414/9370] Scrapping definition : avoids any retribution","logger":"root","filename":"ingestion_dag.py","lineno":401}
{"timestamp":"2026-01-06T14:23:53.091453Z","level":"info","event":"[2415/9370] Scrapping definition : Wrong Genre Savvy","logger":"root","filename":"ingestion_dag.py","lineno":401}
{"timestamp":"2026-01-06T14:23:53.652557Z","level":"info","event":"[2416/9370] Scrapping definition : The Cape (trope)","logger":"root","filename":"ingestion_dag.py","lineno":401}
{"timestamp":"2026-01-06T14:23:54.194212Z","level":"info","event":"[2417/9370] Scrapping definition : Chet","logger":"root","filename":"ingestion_dag.py","lineno":401}
{"timestamp":"2026-01-06T14:23:54.676724Z","level":"info","event":"[2418/9370] Scrapping definition : Billy Elliot Plot","logger":"root","filename":"ingestion_dag.py","lineno":401}
{"timestamp":"2026-01-06T14:23:55.152174Z","level":"info","event":"[2419/9370] Scrapping definition : The Captain","logger":"root","filename":"ingestion_dag.py","lineno":401}
{"timestamp":"2026-01-06T14:23:55.669608Z","level":"info","event":"[2420/9370] Scrapping definition : Corporal Punishment","logger":"root","filename":"ingestion_dag.py","lineno":401}
{"timestamp":"2026-01-06T14:23:56.153619Z","level":"info","event":"[2421/9370] Scrapping definition : Newer Than They Think","logger":"root","filename":"ingestion_dag.py","lineno":401}
{"timestamp":"2026-01-06T14:23:56.664665Z","level":"info","event":"[2422/9370] Scrapping definition : Disobey This Message","logger":"root","filename":"ingestion_dag.py","lineno":401}
{"timestamp":"2026-01-06T14:23:57.136830Z","level":"info","event":"[2423/9370] Scrapping definition : Distaff Counterpart","logger":"root","filename":"ingestion_dag.py","lineno":401}
{"timestamp":"2026-01-06T14:23:57.742814Z","level":"info","event":"[2424/9370] Scrapping definition : Elaborate University High","logger":"root","filename":"ingestion_dag.py","lineno":401}
{"timestamp":"2026-01-06T14:23:58.242221Z","level":"info","event":"[2425/9370] Scrapping definition : Fantasy-Forbidding Father","logger":"root","filename":"ingestion_dag.py","lineno":401}
{"timestamp":"2026-01-06T14:23:58.746199Z","level":"info","event":"[2426/9370] Scrapping definition : Fond Memories That Could Have Been","logger":"root","filename":"ingestion_dag.py","lineno":401}
{"timestamp":"2026-01-06T14:23:59.222454Z","level":"info","event":"[2427/9370] Scrapping definition : My son, my son","logger":"root","filename":"ingestion_dag.py","lineno":401}
{"timestamp":"2026-01-06T14:23:59.470503Z","level":"info","event":"[2428/9370] Scrapping definition : Four-Temperament Ensemble","logger":"root","filename":"ingestion_dag.py","lineno":401}
{"timestamp":"2026-01-06T14:23:59.958536Z","level":"info","event":"[2429/9370] Scrapping definition : 90% of Your Brain","logger":"root","filename":"ingestion_dag.py","lineno":401}
{"timestamp":"2026-01-06T14:24:00.502728Z","level":"info","event":"[2430/9370] Scrapping definition : Abuse is OK When It's Female on Male","logger":"root","filename":"ingestion_dag.py","lineno":401}
{"timestamp":"2026-01-06T14:24:00.747763Z","level":"info","event":"[2431/9370] Scrapping definition : Came Back Strong","logger":"root","filename":"ingestion_dag.py","lineno":401}
{"timestamp":"2026-01-06T14:24:01.256492Z","level":"info","event":"[2432/9370] Scrapping definition : Psychic Powers","logger":"root","filename":"ingestion_dag.py","lineno":401}
{"timestamp":"2026-01-06T14:24:01.742576Z","level":"info","event":"[2433/9370] Scrapping definition : precognition","logger":"root","filename":"ingestion_dag.py","lineno":401}
{"timestamp":"2026-01-06T14:24:02.239347Z","level":"info","event":"[2434/9370] Scrapping definition : The Cavalry","logger":"root","filename":"ingestion_dag.py","lineno":401}
{"timestamp":"2026-01-06T14:24:02.729668Z","level":"info","event":"[2435/9370] Scrapping definition : Celebrity Paradox","logger":"root","filename":"ingestion_dag.py","lineno":401}
{"timestamp":"2026-01-06T14:24:03.304137Z","level":"info","event":"[2436/9370] Scrapping definition : Stephen King","logger":"root","filename":"ingestion_dag.py","lineno":401}
{"timestamp":"2026-01-06T14:24:03.818564Z","level":"info","event":"[2437/9370] Scrapping definition : City of Adventure","logger":"root","filename":"ingestion_dag.py","lineno":401}
{"timestamp":"2026-01-06T14:24:04.335261Z","level":"info","event":"[2438/9370] Scrapping definition : Cower Power","logger":"root","filename":"ingestion_dag.py","lineno":401}
{"timestamp":"2026-01-06T14:24:04.882450Z","level":"info","event":"[2439/9370] Scrapping definition : Digging Yourself Deeper","logger":"root","filename":"ingestion_dag.py","lineno":401}
{"timestamp":"2026-01-06T14:24:05.414247Z","level":"info","event":"[2440/9370] Scrapping definition : Dress Hits Floor","logger":"root","filename":"ingestion_dag.py","lineno":401}
{"timestamp":"2026-01-06T14:24:05.882376Z","level":"info","event":"[2441/9370] Scrapping definition : Early-Bird Cameo","logger":"root","filename":"ingestion_dag.py","lineno":401}
{"timestamp":"2026-01-06T14:24:06.381172Z","level":"info","event":"[2442/9370] Scrapping definition : Even Bad Men Love Their Mamas","logger":"root","filename":"ingestion_dag.py","lineno":401}
{"timestamp":"2026-01-06T14:24:06.946404Z","level":"info","event":"[2443/9370] Scrapping definition : Fictional Political Party","logger":"root","filename":"ingestion_dag.py","lineno":401}
{"timestamp":"2026-01-06T14:24:07.424984Z","level":"info","event":"[2444/9370] Scrapping definition : Flash Forward","logger":"root","filename":"ingestion_dag.py","lineno":401}
{"timestamp":"2026-01-06T14:24:07.913879Z","level":"info","event":"[2445/9370] Scrapping definition : Impaled with Extreme Prejudice","logger":"root","filename":"ingestion_dag.py","lineno":401}
{"timestamp":"2026-01-06T14:24:08.471419Z","level":"info","event":"[2446/9370] Scrapping definition : It's Not You, It's Me","logger":"root","filename":"ingestion_dag.py","lineno":401}
{"timestamp":"2026-01-06T14:24:08.958451Z","level":"info","event":"[2447/9370] Scrapping definition : Just Between You and Me","logger":"root","filename":"ingestion_dag.py","lineno":401}
{"timestamp":"2026-01-06T14:24:09.486586Z","level":"info","event":"[2448/9370] Scrapping definition : The Law of Conservation of Detail","logger":"root","filename":"ingestion_dag.py","lineno":401}
{"timestamp":"2026-01-06T14:24:09.800332Z","level":"info","event":"[2449/9370] Scrapping definition : My Beloved Smother","logger":"root","filename":"ingestion_dag.py","lineno":401}
{"timestamp":"2026-01-06T14:24:10.329142Z","level":"info","event":"[2450/9370] Scrapping definition : Mr. Smith","logger":"root","filename":"ingestion_dag.py","lineno":401}
{"timestamp":"2026-01-06T14:24:10.811950Z","level":"info","event":"[2451/9370] Scrapping definition : Near-Death Experience","logger":"root","filename":"ingestion_dag.py","lineno":401}
{"timestamp":"2026-01-06T14:24:11.279316Z","level":"info","event":"[2452/9370] Scrapping definition : Omnicidal Maniac","logger":"root","filename":"ingestion_dag.py","lineno":401}
{"timestamp":"2026-01-06T14:24:11.817787Z","level":"info","event":"[2453/9370] Scrapping definition : Achilles Heel","logger":"root","filename":"ingestion_dag.py","lineno":401}
{"timestamp":"2026-01-06T14:24:12.331946Z","level":"info","event":"[2454/9370] Scrapping definition : immediately panics","logger":"root","filename":"ingestion_dag.py","lineno":401}
{"timestamp":"2026-01-06T14:24:12.801919Z","level":"info","event":"[2455/9370] Scrapping definition : All-Loving Hero","logger":"root","filename":"ingestion_dag.py","lineno":401}
{"timestamp":"2026-01-06T14:24:13.341799Z","level":"info","event":"[2456/9370] Scrapping definition : loved her regardless of what she's done","logger":"root","filename":"ingestion_dag.py","lineno":401}
{"timestamp":"2026-01-06T14:24:13.801272Z","level":"info","event":"[2457/9370] Scrapping definition : Armed with Canon","logger":"root","filename":"ingestion_dag.py","lineno":401}
{"timestamp":"2026-01-06T14:24:14.473430Z","level":"info","event":"[2458/9370] Scrapping definition : X-Men Cinematic Universe","logger":"root","filename":"ingestion_dag.py","lineno":401}
{"timestamp":"2026-01-06T14:24:14.962829Z","level":"info","event":"[2459/9370] Scrapping definition : Flip-Flop of God","logger":"root","filename":"ingestion_dag.py","lineno":401}
{"timestamp":"2026-01-06T14:24:15.478746Z","level":"info","event":"[2460/9370] Scrapping definition : This Loser Is You","logger":"root","filename":"ingestion_dag.py","lineno":401}
{"timestamp":"2026-01-06T14:24:16.050079Z","level":"info","event":"[2461/9370] Scrapping definition : Approval of God","logger":"root","filename":"ingestion_dag.py","lineno":401}
{"timestamp":"2026-01-06T14:24:16.560275Z","level":"info","event":"[2462/9370] Scrapping definition : Bait and Switch","logger":"root","filename":"ingestion_dag.py","lineno":401}
{"timestamp":"2026-01-06T14:24:17.137457Z","level":"info","event":"[2463/9370] Scrapping definition : Chris Evans","logger":"root","filename":"ingestion_dag.py","lineno":401}
{"timestamp":"2026-01-06T14:24:17.594882Z","level":"info","event":"[2464/9370] Scrapping definition : Canada","logger":"root","filename":"ingestion_dag.py","lineno":401}
{"timestamp":"2026-01-06T14:24:18.127238Z","level":"info","event":"[2465/9370] Scrapping definition : Beyond the Impossible","logger":"root","filename":"ingestion_dag.py","lineno":401}
{"timestamp":"2026-01-06T14:24:18.623006Z","level":"info","event":"[2466/9370] Scrapping definition : Big Bad Wannabe","logger":"root","filename":"ingestion_dag.py","lineno":401}
{"timestamp":"2026-01-06T14:24:18.847535Z","level":"info","event":"[2467/9370] Scrapping definition : Of course, the movie plays \"Bye Bye Bye\" as Deadpool desecrates his corpse to fight the TVA","logger":"root","filename":"ingestion_dag.py","lineno":401}
{"timestamp":"2026-01-06T14:24:19.171513Z","level":"info","event":"DDefinition not found for https://x.com/TheCinesthetic/status/2007851768340988086?s=20","logger":"root","filename":"ingestion_dag.py","lineno":363}
{"timestamp":"2026-01-06T14:24:19.273164Z","level":"info","event":"[2468/9370] Scrapping definition : this is Deadpool","logger":"root","filename":"ingestion_dag.py","lineno":401}
{"timestamp":"2026-01-06T14:24:19.773223Z","level":"info","event":"[2469/9370] Scrapping definition : Central Theme","logger":"root","filename":"ingestion_dag.py","lineno":401}
{"timestamp":"2026-01-06T14:24:20.259031Z","level":"info","event":"[2470/9370] Scrapping definition : Dangerously Genre Savvy","logger":"root","filename":"ingestion_dag.py","lineno":401}
{"timestamp":"2026-01-06T14:24:20.880808Z","level":"info","event":"[2471/9370] Scrapping definition : After killing Magneto","logger":"root","filename":"ingestion_dag.py","lineno":401}
{"timestamp":"2026-01-06T14:24:21.088527Z","level":"info","event":"[2472/9370] Scrapping definition : But she did keep around Juggernaut's helmet that has the same properties","logger":"root","filename":"ingestion_dag.py","lineno":401}
{"timestamp":"2026-01-06T14:24:21.603213Z","level":"info","event":"[2473/9370] Scrapping definition : Deuteragonist","logger":"root","filename":"ingestion_dag.py","lineno":401}
{"timestamp":"2026-01-06T14:24:22.107758Z","level":"info","event":"[2474/9370] Scrapping definition : Spock","logger":"root","filename":"ingestion_dag.py","lineno":401}
{"timestamp":"2026-01-06T14:24:22.315081Z","level":"info","event":"[2475/9370] Scrapping definition : Grievous Harm with a Body","logger":"root","filename":"ingestion_dag.py","lineno":401}
{"timestamp":"2026-01-06T14:24:22.827308Z","level":"info","event":"[2476/9370] Scrapping definition : It's hilarious","logger":"root","filename":"ingestion_dag.py","lineno":401}
{"timestamp":"2026-01-06T14:24:23.504158Z","level":"info","event":"[2477/9370] Scrapping definition : Happy Ending Override","logger":"root","filename":"ingestion_dag.py","lineno":401}
{"timestamp":"2026-01-06T14:24:24.033000Z","level":"info","event":"[2478/9370] Scrapping definition : Hypocritical Humor","logger":"root","filename":"ingestion_dag.py","lineno":401}
{"timestamp":"2026-01-06T14:24:24.591871Z","level":"info","event":"[2479/9370] Scrapping definition : Ian McKellen","logger":"root","filename":"ingestion_dag.py","lineno":401}
{"timestamp":"2026-01-06T14:24:25.090168Z","level":"info","event":"[2480/9370] Scrapping definition : I Choose to Stay","logger":"root","filename":"ingestion_dag.py","lineno":401}
{"timestamp":"2026-01-06T14:24:25.611416Z","level":"info","event":"[2481/9370] Scrapping definition : I'm Going to Disney World","logger":"root","filename":"ingestion_dag.py","lineno":401}
{"timestamp":"2026-01-06T14:24:26.114037Z","level":"info","event":"[2482/9370] Scrapping definition : In Spite of a Nail","logger":"root","filename":"ingestion_dag.py","lineno":401}
{"timestamp":"2026-01-06T14:24:26.891084Z","level":"info","event":"[2483/9370] Scrapping definition : Inherently Funny Words","logger":"root","filename":"ingestion_dag.py","lineno":401}
{"timestamp":"2026-01-06T14:24:27.415147Z","level":"info","event":"[2484/9370] Scrapping definition : No-Holds-Barred Beatdown","logger":"root","filename":"ingestion_dag.py","lineno":401}
{"timestamp":"2026-01-06T14:24:27.642868Z","level":"info","event":"[2485/9370] Scrapping definition : Invincible Villain","logger":"root","filename":"ingestion_dag.py","lineno":401}
{"timestamp":"2026-01-06T14:24:28.131935Z","level":"info","event":"[2486/9370] Scrapping definition : Talking the Monster to Death","logger":"root","filename":"ingestion_dag.py","lineno":401}
{"timestamp":"2026-01-06T14:24:28.667076Z","level":"info","event":"[2487/9370] Scrapping definition : Survivor Guilt","logger":"root","filename":"ingestion_dag.py","lineno":401}
{"timestamp":"2026-01-06T14:24:28.891122Z","level":"info","event":"[2488/9370] Scrapping definition : Man of Kryptonite","logger":"root","filename":"ingestion_dag.py","lineno":401}
{"timestamp":"2026-01-06T14:24:29.366142Z","level":"info","event":"[2489/9370] Scrapping definition : Story-Breaker Power","logger":"root","filename":"ingestion_dag.py","lineno":401}
{"timestamp":"2026-01-06T14:24:29.891291Z","level":"info","event":"[2490/9370] Scrapping definition : Metaphorically True","logger":"root","filename":"ingestion_dag.py","lineno":401}
{"timestamp":"2026-01-06T14:24:30.414015Z","level":"info","event":"[2491/9370] Scrapping definition : sticking her fingers through your head","logger":"root","filename":"ingestion_dag.py","lineno":401}
{"timestamp":"2026-01-06T14:24:30.617097Z","level":"info","event":"[2492/9370] Scrapping definition : Mistaken for An Imposter","logger":"root","filename":"ingestion_dag.py","lineno":401}
{"timestamp":"2026-01-06T14:24:31.117357Z","level":"info","event":"[2493/9370] Scrapping definition : Eating the Eye Candy","logger":"root","filename":"ingestion_dag.py","lineno":401}
{"timestamp":"2026-01-06T14:24:31.622039Z","level":"info","event":"[2494/9370] Scrapping definition : Mythology Gag","logger":"root","filename":"ingestion_dag.py","lineno":401}
{"timestamp":"2026-01-06T14:24:32.115488Z","level":"info","event":"[2495/9370] Scrapping definition : Near Villain Victory","logger":"root","filename":"ingestion_dag.py","lineno":401}
{"timestamp":"2026-01-06T14:24:32.734296Z","level":"info","event":"[2496/9370] Scrapping definition : Oddball in the Series","logger":"root","filename":"ingestion_dag.py","lineno":401}
{"timestamp":"2026-01-06T14:24:33.241293Z","level":"info","event":"[2497/9370] Scrapping definition : Fully-Absorbed Finale","logger":"root","filename":"ingestion_dag.py","lineno":401}
{"timestamp":"2026-01-06T14:24:33.719102Z","level":"info","event":"[2498/9370] Scrapping definition : 20th Century Fox","logger":"root","filename":"ingestion_dag.py","lineno":401}
{"timestamp":"2026-01-06T14:24:34.191947Z","level":"info","event":"[2499/9370] Scrapping definition : Other Me Annoys Me","logger":"root","filename":"ingestion_dag.py","lineno":401}
{"timestamp":"2026-01-06T14:24:34.859879Z","level":"info","event":"[2500/9370] Scrapping definition : Reality Ensues","logger":"root","filename":"ingestion_dag.py","lineno":401}
{"timestamp":"2026-01-06T14:24:35.062060Z","level":"info","event":"[2501/9370] Scrapping definition : educated wish","logger":"root","filename":"ingestion_dag.py","lineno":401}
{"timestamp":"2026-01-06T14:24:35.401871Z","level":"info","event":"[2502/9370] Scrapping definition : Rage Breaking Point","logger":"root","filename":"ingestion_dag.py","lineno":401}
{"timestamp":"2026-01-06T14:24:35.896557Z","level":"info","event":"[2503/9370] Scrapping definition : Will Smith","logger":"root","filename":"ingestion_dag.py","lineno":401}
{"timestamp":"2026-01-06T14:24:36.372309Z","level":"info","event":"[2504/9370] Scrapping definition : Chris Rock","logger":"root","filename":"ingestion_dag.py","lineno":401}
{"timestamp":"2026-01-06T14:24:36.844671Z","level":"info","event":"[2505/9370] Scrapping definition : Roaring Rampage of Revenge","logger":"root","filename":"ingestion_dag.py","lineno":401}
{"timestamp":"2026-01-06T14:24:37.498336Z","level":"info","event":"[2506/9370] Scrapping definition : Self-Deprecation","logger":"root","filename":"ingestion_dag.py","lineno":401}
{"timestamp":"2026-01-06T14:24:38.067009Z","level":"info","event":"[2507/9370] Scrapping definition : Sequel Non Entity","logger":"root","filename":"ingestion_dag.py","lineno":401}
{"timestamp":"2026-01-06T14:24:38.773338Z","level":"info","event":"[2508/9370] Scrapping definition : Sir Swearsalot","logger":"root","filename":"ingestion_dag.py","lineno":401}
{"timestamp":"2026-01-06T14:24:39.282074Z","level":"info","event":"[2509/9370] Scrapping definition : The Stinger","logger":"root","filename":"ingestion_dag.py","lineno":401}
{"timestamp":"2026-01-06T14:24:39.891360Z","level":"info","event":"[2510/9370] Scrapping definition : Deadpool was dumb enough to sell him out to her","logger":"root","filename":"ingestion_dag.py","lineno":401}
{"timestamp":"2026-01-06T14:24:40.433040Z","level":"info","event":"[2511/9370] Scrapping definition : Five Second Foreshadowing","logger":"root","filename":"ingestion_dag.py","lineno":401}
{"timestamp":"2026-01-06T14:24:40.942386Z","level":"info","event":"[2512/9370] Scrapping definition : Stealth Sequel","logger":"root","filename":"ingestion_dag.py","lineno":401}
{"timestamp":"2026-01-06T14:24:41.424228Z","level":"info","event":"[2513/9370] Scrapping definition : shitfucks down the street","logger":"root","filename":"ingestion_dag.py","lineno":401}
{"timestamp":"2026-01-06T14:24:41.925819Z","level":"info","event":"[2514/9370] Scrapping definition : Take That, Critics!","logger":"root","filename":"ingestion_dag.py","lineno":401}
{"timestamp":"2026-01-06T14:24:42.525620Z","level":"info","event":"[2515/9370] Scrapping definition : Martin Scorsese","logger":"root","filename":"ingestion_dag.py","lineno":401}
{"timestamp":"2026-01-06T14:24:43.123124Z","level":"info","event":"[2516/9370] Scrapping definition : Deadpool appears to be leaning into the accusation just to piss Scorsese off","logger":"root","filename":"ingestion_dag.py","lineno":401}
{"timestamp":"2026-01-06T14:24:43.619661Z","level":"info","event":"[2517/9370] Scrapping definition : Unpleasable Fanbase","logger":"root","filename":"ingestion_dag.py","lineno":401}
{"timestamp":"2026-01-06T14:24:44.143446Z","level":"info","event":"[2518/9370] Scrapping definition : Too Spicy for Yog-Sothoth","logger":"root","filename":"ingestion_dag.py","lineno":401}
{"timestamp":"2026-01-06T14:24:44.661201Z","level":"info","event":"[2519/9370] Scrapping definition : Tragic Keepsake","logger":"root","filename":"ingestion_dag.py","lineno":401}
{"timestamp":"2026-01-06T14:24:45.179614Z","level":"info","event":"[2520/9370] Scrapping definition : Truer to the Text","logger":"root","filename":"ingestion_dag.py","lineno":401}
{"timestamp":"2026-01-06T14:24:45.703199Z","level":"info","event":"[2521/9370] Scrapping definition : Unlike Peters 2 and 3","logger":"root","filename":"ingestion_dag.py","lineno":401}
{"timestamp":"2026-01-06T14:24:46.200090Z","level":"info","event":"[2522/9370] Scrapping definition : Marvel Universe","logger":"root","filename":"ingestion_dag.py","lineno":401}
{"timestamp":"2026-01-06T14:24:46.709052Z","level":"info","event":"[2523/9370] Scrapping definition : The Unintelligible","logger":"root","filename":"ingestion_dag.py","lineno":401}
{"timestamp":"2026-01-06T14:24:47.231920Z","level":"info","event":"[2524/9370] Scrapping definition : The Worf Effect","logger":"root","filename":"ingestion_dag.py","lineno":401}
{"timestamp":"2026-01-06T14:24:47.833047Z","level":"info","event":"[2525/9370] Scrapping definition : Year Outside, Hour Inside","logger":"root","filename":"ingestion_dag.py","lineno":401}
{"timestamp":"2026-01-06T14:24:48.331720Z","level":"info","event":"[2526/9370] Scrapping definition : You Are Better Than You Think You Are","logger":"root","filename":"ingestion_dag.py","lineno":401}
{"timestamp":"2026-01-06T14:24:48.858325Z","level":"info","event":"[2527/9370] Scrapping definition : Chris Hastings","logger":"root","filename":"ingestion_dag.py","lineno":401}
{"timestamp":"2026-01-06T14:24:49.365909Z","level":"info","event":"[2528/9370] Scrapping definition : fill the hole in my heart","logger":"root","filename":"ingestion_dag.py","lineno":401}
{"timestamp":"2026-01-06T14:24:49.590978Z","level":"info","event":"[2529/9370] Scrapping definition : get scones with it","logger":"root","filename":"ingestion_dag.py","lineno":401}
{"timestamp":"2026-01-06T14:24:50.291586Z","level":"info","event":"[2530/9370] Scrapping definition : Lady Deadpool","logger":"root","filename":"ingestion_dag.py","lineno":401}
{"timestamp":"2026-01-06T14:24:50.519779Z","level":"info","event":"[2531/9370] Scrapping definition : I'm saying that","logger":"root","filename":"ingestion_dag.py","lineno":401}
{"timestamp":"2026-01-06T14:24:50.739693Z","level":"info","event":"[2532/9370] Scrapping definition : I screw myself","logger":"root","filename":"ingestion_dag.py","lineno":401}
{"timestamp":"2026-01-06T14:24:51.259089Z","level":"info","event":"[2533/9370] Scrapping definition : Black Panther","logger":"root","filename":"ingestion_dag.py","lineno":401}
{"timestamp":"2026-01-06T14:24:51.472286Z","level":"info","event":"[2534/9370] Scrapping definition : What can I say, they need me","logger":"root","filename":"ingestion_dag.py","lineno":401}
{"timestamp":"2026-01-06T14:24:51.998243Z","level":"info","event":"[2535/9370] Scrapping definition : And the paycheck is HUGE","logger":"root","filename":"ingestion_dag.py","lineno":401}
{"timestamp":"2026-01-06T14:24:52.577109Z","level":"info","event":"[2536/9370] Scrapping definition : And I also have hot girls backing me up","logger":"root","filename":"ingestion_dag.py","lineno":401}
{"timestamp":"2026-01-06T14:24:53.281945Z","level":"info","event":"[2537/9370] Scrapping definition : engaged in a heartwarming tale","logger":"root","filename":"ingestion_dag.py","lineno":401}
{"timestamp":"2026-01-06T14:24:53.819967Z","level":"info","event":"[2538/9370] Scrapping definition : of course they save the best for last","logger":"root","filename":"ingestion_dag.py","lineno":401}
{"timestamp":"2026-01-06T14:24:54.323127Z","level":"info","event":"[2539/9370] Scrapping definition : Girl Notices First","logger":"root","filename":"ingestion_dag.py","lineno":401}
{"timestamp":"2026-01-06T14:24:54.788959Z","level":"info","event":"[2540/9370] Scrapping definition : School Idol","logger":"root","filename":"ingestion_dag.py","lineno":401}
{"timestamp":"2026-01-06T14:24:55.241681Z","level":"info","event":"[2541/9370] Scrapping definition : Tomboyish Name","logger":"root","filename":"ingestion_dag.py","lineno":401}
{"timestamp":"2026-01-06T14:24:55.740689Z","level":"info","event":"[2542/9370] Scrapping definition : The Watcher","logger":"root","filename":"ingestion_dag.py","lineno":401}
{"timestamp":"2026-01-06T14:24:56.280076Z","level":"info","event":"[2543/9370] Scrapping definition : Amusing Injuries","logger":"root","filename":"ingestion_dag.py","lineno":401}
{"timestamp":"2026-01-06T14:24:56.588168Z","level":"info","event":"[2544/9370] Scrapping definition : Tex Avery","logger":"root","filename":"ingestion_dag.py","lineno":401}
{"timestamp":"2026-01-06T14:24:57.090381Z","level":"info","event":"[2545/9370] Scrapping definition : offered immortality.","logger":"root","filename":"ingestion_dag.py","lineno":401}
{"timestamp":"2026-01-06T14:24:57.623712Z","level":"info","event":"[2546/9370] Scrapping definition : Answers to The Name of God","logger":"root","filename":"ingestion_dag.py","lineno":401}
{"timestamp":"2026-01-06T14:24:58.157806Z","level":"info","event":"[2547/9370] Scrapping definition : Prequel","logger":"root","filename":"ingestion_dag.py","lineno":401}
{"timestamp":"2026-01-06T14:24:58.702153Z","level":"info","event":"[2548/9370] Scrapping definition : Light Novel","logger":"root","filename":"ingestion_dag.py","lineno":401}
{"timestamp":"2026-01-06T14:24:59.502320Z","level":"info","event":"[2549/9370] Scrapping definition : Sequel","logger":"root","filename":"ingestion_dag.py","lineno":401}
{"timestamp":"2026-01-06T14:25:00.058760Z","level":"info","event":"[2550/9370] Scrapping definition : been turned into an actual movie","logger":"root","filename":"ingestion_dag.py","lineno":401}
{"timestamp":"2026-01-06T14:25:00.282429Z","level":"info","event":"[2551/9370] Scrapping definition : Video Nasties","logger":"root","filename":"ingestion_dag.py","lineno":401}
{"timestamp":"2026-01-06T14:25:00.789041Z","level":"info","event":"[2552/9370] Scrapping definition : Screamer Trailer","logger":"root","filename":"ingestion_dag.py","lineno":401}
{"timestamp":"2026-01-06T14:25:01.310417Z","level":"info","event":"[2553/9370] Scrapping definition : Edgar Wright","logger":"root","filename":"ingestion_dag.py","lineno":401}
{"timestamp":"2026-01-06T14:25:01.792495Z","level":"info","event":"[2554/9370] Scrapping definition : Mark Gatiss","logger":"root","filename":"ingestion_dag.py","lineno":401}
{"timestamp":"2026-01-06T14:25:02.307843Z","level":"info","event":"[2555/9370] Scrapping definition : Will Arnett","logger":"root","filename":"ingestion_dag.py","lineno":401}
{"timestamp":"2026-01-06T14:25:02.833420Z","level":"info","event":"[2556/9370] Scrapping definition : gore-soaked","logger":"root","filename":"ingestion_dag.py","lineno":401}
{"timestamp":"2026-01-06T14:25:03.304656Z","level":"info","event":"[2557/9370] Scrapping definition : slasher movie","logger":"root","filename":"ingestion_dag.py","lineno":401}
{"timestamp":"2026-01-06T14:25:03.966102Z","level":"info","event":"[2558/9370] Scrapping definition : Eli Roth","logger":"root","filename":"ingestion_dag.py","lineno":401}
{"timestamp":"2026-01-06T14:25:04.468850Z","level":"info","event":"[2559/9370] Scrapping definition : raping a Thanksgiving turkey","logger":"root","filename":"ingestion_dag.py","lineno":401}
{"timestamp":"2026-01-06T14:25:05.095129Z","level":"info","event":"[2560/9370] Scrapping definition : An Arm and a Leg","logger":"root","filename":"ingestion_dag.py","lineno":401}
{"timestamp":"2026-01-06T14:25:05.604832Z","level":"info","event":"[2561/9370] Scrapping definition : Eastern Orthodox","logger":"root","filename":"ingestion_dag.py","lineno":401}
{"timestamp":"2026-01-06T14:25:06.115364Z","level":"info","event":"[2562/9370] Scrapping definition : Death Seeker","logger":"root","filename":"ingestion_dag.py","lineno":401}
{"timestamp":"2026-01-06T14:25:06.639259Z","level":"info","event":"[2563/9370] Scrapping definition : Get a Hold of Yourself, Man!","logger":"root","filename":"ingestion_dag.py","lineno":401}
{"timestamp":"2026-01-06T14:25:07.116537Z","level":"info","event":"[2564/9370] Scrapping definition : Holiday in Cambodia","logger":"root","filename":"ingestion_dag.py","lineno":401}
{"timestamp":"2026-01-06T14:25:07.582989Z","level":"info","event":"[2565/9370] Scrapping definition : I Know You Are in There Somewhere Fight","logger":"root","filename":"ingestion_dag.py","lineno":401}
{"timestamp":"2026-01-06T14:25:08.275878Z","level":"info","event":"[2566/9370] Scrapping definition : Me Love You Long Time","logger":"root","filename":"ingestion_dag.py","lineno":401}
{"timestamp":"2026-01-06T14:25:08.969795Z","level":"info","event":"[2567/9370] Scrapping definition : who has her child in the room with her","logger":"root","filename":"ingestion_dag.py","lineno":401}
{"timestamp":"2026-01-06T14:25:09.457388Z","level":"info","event":"[2568/9370] Scrapping definition : No One Gets Left Behind","logger":"root","filename":"ingestion_dag.py","lineno":401}
{"timestamp":"2026-01-06T14:25:09.966849Z","level":"info","event":"[2569/9370] Scrapping definition : to help Steven.","logger":"root","filename":"ingestion_dag.py","lineno":401}
{"timestamp":"2026-01-06T14:25:10.502771Z","level":"info","event":"[2570/9370] Scrapping definition : Nothing Is the Same Anymore","logger":"root","filename":"ingestion_dag.py","lineno":401}
{"timestamp":"2026-01-06T14:25:10.966434Z","level":"info","event":"[2571/9370] Scrapping definition : Pittsburgh","logger":"root","filename":"ingestion_dag.py","lineno":401}
{"timestamp":"2026-01-06T14:25:11.584067Z","level":"info","event":"[2572/9370] Scrapping definition : Pretty Little Headshots","logger":"root","filename":"ingestion_dag.py","lineno":401}
{"timestamp":"2026-01-06T14:25:12.106894Z","level":"info","event":"[2573/9370] Scrapping definition : Egregious","logger":"root","filename":"ingestion_dag.py","lineno":401}
{"timestamp":"2026-01-06T14:25:12.592363Z","level":"info","event":"[2574/9370] Scrapping definition : Real Life Relative","logger":"root","filename":"ingestion_dag.py","lineno":401}
{"timestamp":"2026-01-06T14:25:13.142094Z","level":"info","event":"[2575/9370] Scrapping definition : Russian Roulette","logger":"root","filename":"ingestion_dag.py","lineno":401}
{"timestamp":"2026-01-06T14:25:13.661246Z","level":"info","event":"[2576/9370] Scrapping definition : but the incredible scenery makes up for the geography error.","logger":"root","filename":"ingestion_dag.py","lineno":401}
{"timestamp":"2026-01-06T14:25:13.904475Z","level":"info","event":"[2577/9370] Scrapping definition : Shotgun Wedding","logger":"root","filename":"ingestion_dag.py","lineno":401}
{"timestamp":"2026-01-06T14:25:14.462246Z","level":"info","event":"[2578/9370] Scrapping definition : Steel Mill","logger":"root","filename":"ingestion_dag.py","lineno":401}
{"timestamp":"2026-01-06T14:25:15.022981Z","level":"info","event":"[2579/9370] Scrapping definition : War Is Hell","logger":"root","filename":"ingestion_dag.py","lineno":401}
{"timestamp":"2026-01-06T14:25:15.646810Z","level":"info","event":"[2580/9370] Scrapping definition : and instead suffers a breakdown.","logger":"root","filename":"ingestion_dag.py","lineno":401}
{"timestamp":"2026-01-06T14:25:15.855718Z","level":"info","event":"[2581/9370] Scrapping definition : What Do You Mean It's Not Awesome?","logger":"root","filename":"ingestion_dag.py","lineno":401}
{"timestamp":"2026-01-06T14:25:16.604070Z","level":"info","event":"[2582/9370] Scrapping definition : Wretched Hive","logger":"root","filename":"ingestion_dag.py","lineno":401}
{"timestamp":"2026-01-06T14:25:17.182037Z","level":"info","event":"[2583/9370] Scrapping definition : Beat","logger":"root","filename":"ingestion_dag.py","lineno":401}
{"timestamp":"2026-01-06T14:25:17.674597Z","level":"info","event":"[2584/9370] Scrapping definition : Alternate Universe","logger":"root","filename":"ingestion_dag.py","lineno":401}
{"timestamp":"2026-01-06T14:25:18.156594Z","level":"info","event":"[2585/9370] Scrapping definition : Human Popsicle","logger":"root","filename":"ingestion_dag.py","lineno":401}
{"timestamp":"2026-01-06T14:25:18.692341Z","level":"info","event":"[2586/9370] Scrapping definition : Beneath the Earth","logger":"root","filename":"ingestion_dag.py","lineno":401}
{"timestamp":"2026-01-06T14:25:19.276572Z","level":"info","event":"[2587/9370] Scrapping definition : Blunt Metaphors Trauma","logger":"root","filename":"ingestion_dag.py","lineno":401}
{"timestamp":"2026-01-06T14:25:19.862655Z","level":"info","event":"[2588/9370] Scrapping definition : All Psychology Is Freudian","logger":"root","filename":"ingestion_dag.py","lineno":401}
{"timestamp":"2026-01-06T14:25:20.343261Z","level":"info","event":"[2589/9370] Scrapping definition : Cantonese","logger":"root","filename":"ingestion_dag.py","lineno":401}
{"timestamp":"2026-01-06T14:25:20.860857Z","level":"info","event":"[2590/9370] Scrapping definition : Alice Allusion","logger":"root","filename":"ingestion_dag.py","lineno":401}
{"timestamp":"2026-01-06T14:25:21.322754Z","level":"info","event":"[2591/9370] Scrapping definition : Code Name","logger":"root","filename":"ingestion_dag.py","lineno":401}
{"timestamp":"2026-01-06T14:25:21.832777Z","level":"info","event":"[2592/9370] Scrapping definition : RPG","logger":"root","filename":"ingestion_dag.py","lineno":401}
{"timestamp":"2026-01-06T14:25:22.698705Z","level":"info","event":"[2593/9370] Scrapping definition : 3'000 posts long","logger":"root","filename":"ingestion_dag.py","lineno":401}
{"timestamp":"2026-01-06T14:25:23.279345Z","level":"info","event":"[2594/9370] Scrapping definition : \"Rapunzel\"","logger":"root","filename":"ingestion_dag.py","lineno":401}
{"timestamp":"2026-01-06T14:25:23.617629Z","level":"info","event":"[2595/9370] Scrapping definition : The Bechdel Test","logger":"root","filename":"ingestion_dag.py","lineno":401}
{"timestamp":"2026-01-06T14:25:24.069654Z","level":"info","event":"[2596/9370] Scrapping definition : Cryptic Background Reference","logger":"root","filename":"ingestion_dag.py","lineno":401}
{"timestamp":"2026-01-06T14:25:25.061071Z","level":"info","event":"[2597/9370] Scrapping definition : Dark Chick","logger":"root","filename":"ingestion_dag.py","lineno":401}
{"timestamp":"2026-01-06T14:25:25.521925Z","level":"info","event":"[2598/9370] Scrapping definition : Differently-Powered Individual","logger":"root","filename":"ingestion_dag.py","lineno":401}
{"timestamp":"2026-01-06T14:25:25.979432Z","level":"info","event":"[2599/9370] Scrapping definition : know exactly what they are","logger":"root","filename":"ingestion_dag.py","lineno":401}
{"timestamp":"2026-01-06T14:25:26.473216Z","level":"info","event":"[2600/9370] Scrapping definition : Eagle Land","logger":"root","filename":"ingestion_dag.py","lineno":401}
{"timestamp":"2026-01-06T14:25:26.998569Z","level":"info","event":"[2601/9370] Scrapping definition : Fridge Logic","logger":"root","filename":"ingestion_dag.py","lineno":401}
{"timestamp":"2026-01-06T14:25:27.244574Z","level":"info","event":"[2602/9370] Scrapping definition : Enemy Civil War","logger":"root","filename":"ingestion_dag.py","lineno":401}
{"timestamp":"2026-01-06T14:25:28.103104Z","level":"info","event":"[2603/9370] Scrapping definition : Faerie","logger":"root","filename":"ingestion_dag.py","lineno":401}
{"timestamp":"2026-01-06T14:25:28.630952Z","level":"info","event":"[2604/9370] Scrapping definition : Everything's Better with Monkeys","logger":"root","filename":"ingestion_dag.py","lineno":401}
{"timestamp":"2026-01-06T14:25:29.237295Z","level":"info","event":"[2605/9370] Scrapping definition : Everything's Better with Platypi","logger":"root","filename":"ingestion_dag.py","lineno":401}
{"timestamp":"2026-01-06T14:25:29.715915Z","level":"info","event":"[2606/9370] Scrapping definition : Diniverse Luthor played sane","logger":"root","filename":"ingestion_dag.py","lineno":401}
{"timestamp":"2026-01-06T14:25:30.191254Z","level":"info","event":"[2607/9370] Scrapping definition : Generation Xerox","logger":"root","filename":"ingestion_dag.py","lineno":401}
{"timestamp":"2026-01-06T14:25:30.711121Z","level":"info","event":"[2608/9370] Scrapping definition : stasis","logger":"root","filename":"ingestion_dag.py","lineno":401}
{"timestamp":"2026-01-06T14:25:31.229841Z","level":"info","event":"[2609/9370] Scrapping definition : Great Big Book of Everything","logger":"root","filename":"ingestion_dag.py","lineno":401}
{"timestamp":"2026-01-06T14:25:31.800290Z","level":"info","event":"[2610/9370] Scrapping definition : I Have the High Ground","logger":"root","filename":"ingestion_dag.py","lineno":401}
{"timestamp":"2026-01-06T14:25:32.325798Z","level":"info","event":"[2611/9370] Scrapping definition : Instant Runes","logger":"root","filename":"ingestion_dag.py","lineno":401}
{"timestamp":"2026-01-06T14:25:32.793925Z","level":"info","event":"[2612/9370] Scrapping definition : In the Hood","logger":"root","filename":"ingestion_dag.py","lineno":401}
{"timestamp":"2026-01-06T14:25:33.356536Z","level":"info","event":"[2613/9370] Scrapping definition : Involuntary Transformation","logger":"root","filename":"ingestion_dag.py","lineno":401}
{"timestamp":"2026-01-06T14:25:33.753873Z","level":"info","event":"[2614/9370] Scrapping definition : I Was Just Passing Through","logger":"root","filename":"ingestion_dag.py","lineno":401}
{"timestamp":"2026-01-06T14:25:34.254929Z","level":"info","event":"[2615/9370] Scrapping definition : Kid Sidekick","logger":"root","filename":"ingestion_dag.py","lineno":401}
{"timestamp":"2026-01-06T14:25:34.857519Z","level":"info","event":"[2616/9370] Scrapping definition : Magical Girl","logger":"root","filename":"ingestion_dag.py","lineno":401}
{"timestamp":"2026-01-06T14:25:35.426724Z","level":"info","event":"[2617/9370] Scrapping definition : Magic Warrior","logger":"root","filename":"ingestion_dag.py","lineno":401}
{"timestamp":"2026-01-06T14:25:36.107537Z","level":"info","event":"[2618/9370] Scrapping definition : Meta Origin","logger":"root","filename":"ingestion_dag.py","lineno":401}
{"timestamp":"2026-01-06T14:25:36.608256Z","level":"info","event":"[2619/9370] Scrapping definition : psionics","logger":"root","filename":"ingestion_dag.py","lineno":401}
{"timestamp":"2026-01-06T14:25:37.087795Z","level":"info","event":"[2620/9370] Scrapping definition : Mind Control","logger":"root","filename":"ingestion_dag.py","lineno":401}
{"timestamp":"2026-01-06T14:25:37.714982Z","level":"info","event":"[2621/9370] Scrapping definition : Mutants","logger":"root","filename":"ingestion_dag.py","lineno":401}
{"timestamp":"2026-01-06T14:25:38.047415Z","level":"info","event":"[2622/9370] Scrapping definition : experimentation","logger":"root","filename":"ingestion_dag.py","lineno":401}
{"timestamp":"2026-01-06T14:25:38.577740Z","level":"info","event":"[2623/9370] Scrapping definition : World War Two","logger":"root","filename":"ingestion_dag.py","lineno":401}
{"timestamp":"2026-01-06T14:25:39.008612Z","level":"info","event":"[2624/9370] Scrapping definition : Mysterious Watcher","logger":"root","filename":"ingestion_dag.py","lineno":401}
{"timestamp":"2026-01-06T14:25:39.568875Z","level":"info","event":"[2625/9370] Scrapping definition : Nineties Anti-Hero","logger":"root","filename":"ingestion_dag.py","lineno":401}
{"timestamp":"2026-01-06T14:25:40.131349Z","level":"info","event":"[2626/9370] Scrapping definition : defining characteristic","logger":"root","filename":"ingestion_dag.py","lineno":401}
{"timestamp":"2026-01-06T14:25:40.335964Z","level":"info","event":"[2627/9370] Scrapping definition : Pouches","logger":"root","filename":"ingestion_dag.py","lineno":401}
{"timestamp":"2026-01-06T14:25:40.795861Z","level":"info","event":"[2628/9370] Scrapping definition : Nightmare Fuel Station Attendant","logger":"root","filename":"ingestion_dag.py","lineno":401}
{"timestamp":"2026-01-06T14:25:41.115797Z","level":"info","event":"[2629/9370] Scrapping definition : Orichalcum","logger":"root","filename":"ingestion_dag.py","lineno":401}
{"timestamp":"2026-01-06T14:25:41.625798Z","level":"info","event":"[2630/9370] Scrapping definition : Our Monsters Are Different","logger":"root","filename":"ingestion_dag.py","lineno":401}
{"timestamp":"2026-01-06T14:25:42.384846Z","level":"info","event":"[2631/9370] Scrapping definition : Public Domain Character","logger":"root","filename":"ingestion_dag.py","lineno":401}
{"timestamp":"2026-01-06T14:25:42.901490Z","level":"info","event":"[2632/9370] Scrapping definition : Rouge Angles of Satin","logger":"root","filename":"ingestion_dag.py","lineno":401}
{"timestamp":"2026-01-06T14:25:43.426571Z","level":"info","event":"[2633/9370] Scrapping definition : Secret Identity","logger":"root","filename":"ingestion_dag.py","lineno":401}
{"timestamp":"2026-01-06T14:25:43.934261Z","level":"info","event":"[2634/9370] Scrapping definition : Isp and Osp","logger":"root","filename":"ingestion_dag.py","lineno":401}
{"timestamp":"2026-01-06T14:25:44.464383Z","level":"info","event":"[2635/9370] Scrapping definition : Sliding Scale of Idealism vs. Cynicism","logger":"root","filename":"ingestion_dag.py","lineno":401}
{"timestamp":"2026-01-06T14:25:45.151891Z","level":"info","event":"[2636/9370] Scrapping definition : Start of Darkness","logger":"root","filename":"ingestion_dag.py","lineno":401}
{"timestamp":"2026-01-06T14:25:45.669524Z","level":"info","event":"[2637/9370] Scrapping definition : Super-Hero School","logger":"root","filename":"ingestion_dag.py","lineno":401}
{"timestamp":"2026-01-06T14:25:46.183045Z","level":"info","event":"[2638/9370] Scrapping definition : Superpower Lottery","logger":"root","filename":"ingestion_dag.py","lineno":401}
{"timestamp":"2026-01-06T14:25:46.781368Z","level":"info","event":"[2639/9370] Scrapping definition : Thou Shalt Not Kill","logger":"root","filename":"ingestion_dag.py","lineno":401}
{"timestamp":"2026-01-06T14:25:47.491922Z","level":"info","event":"[2640/9370] Scrapping definition : Tome of Eldritch Lore","logger":"root","filename":"ingestion_dag.py","lineno":401}
{"timestamp":"2026-01-06T14:25:47.983690Z","level":"info","event":"[2641/9370] Scrapping definition : the Book Of Madness","logger":"root","filename":"ingestion_dag.py","lineno":401}
{"timestamp":"2026-01-06T14:25:48.264302Z","level":"info","event":"[2642/9370] Scrapping definition : Villain with Good Publicity","logger":"root","filename":"ingestion_dag.py","lineno":401}
{"timestamp":"2026-01-06T14:25:48.837570Z","level":"info","event":"[2643/9370] Scrapping definition : Waxing Lyrical","logger":"root","filename":"ingestion_dag.py","lineno":401}
{"timestamp":"2026-01-06T14:25:49.376828Z","level":"info","event":"[2644/9370] Scrapping definition : Aren't You Going to Ravish Me?","logger":"root","filename":"ingestion_dag.py","lineno":401}
{"timestamp":"2026-01-06T14:25:49.934222Z","level":"info","event":"[2645/9370] Scrapping definition : Batman Cold Open","logger":"root","filename":"ingestion_dag.py","lineno":401}
{"timestamp":"2026-01-06T14:25:50.451907Z","level":"info","event":"[2646/9370] Scrapping definition : Canon Dis Continuity","logger":"root","filename":"ingestion_dag.py","lineno":401}
{"timestamp":"2026-01-06T14:25:50.863961Z","level":"info","event":"[2647/9370] Scrapping definition : Carnival of Killers","logger":"root","filename":"ingestion_dag.py","lineno":401}
{"timestamp":"2026-01-06T14:25:51.344942Z","level":"info","event":"[2648/9370] Scrapping definition : Did You Just Punch Out Cthulhu?","logger":"root","filename":"ingestion_dag.py","lineno":401}
{"timestamp":"2026-01-06T14:25:51.689476Z","level":"info","event":"[2649/9370] Scrapping definition : Does Not Like Guns","logger":"root","filename":"ingestion_dag.py","lineno":401}
{"timestamp":"2026-01-06T14:25:52.218331Z","level":"info","event":"[2650/9370] Scrapping definition : Dream Thing","logger":"root","filename":"ingestion_dag.py","lineno":401}
{"timestamp":"2026-01-06T14:25:52.912787Z","level":"info","event":"[2651/9370] Scrapping definition : Strawmen","logger":"root","filename":"ingestion_dag.py","lineno":401}
{"timestamp":"2026-01-06T14:25:53.620256Z","level":"info","event":"[2652/9370] Scrapping definition : Fantastic Fighting Style","logger":"root","filename":"ingestion_dag.py","lineno":401}
{"timestamp":"2026-01-06T14:25:54.080945Z","level":"info","event":"[2653/9370] Scrapping definition : Fun with Acronyms","logger":"root","filename":"ingestion_dag.py","lineno":401}
{"timestamp":"2026-01-06T14:25:54.284470Z","level":"info","event":"[2654/9370] Scrapping definition : Highly-Visible Ninja","logger":"root","filename":"ingestion_dag.py","lineno":401}
{"timestamp":"2026-01-06T14:25:54.779601Z","level":"info","event":"[2655/9370] Scrapping definition : I Know Kung Faux","logger":"root","filename":"ingestion_dag.py","lineno":401}
{"timestamp":"2026-01-06T14:25:55.272971Z","level":"info","event":"[2656/9370] Scrapping definition : Infant Immortality","logger":"root","filename":"ingestion_dag.py","lineno":401}
{"timestamp":"2026-01-06T14:25:55.842141Z","level":"info","event":"[2657/9370] Scrapping definition : return the babies to the sea","logger":"root","filename":"ingestion_dag.py","lineno":401}
{"timestamp":"2026-01-06T14:25:56.358659Z","level":"info","event":"[2658/9370] Scrapping definition : Wouldn't Hurt a Child","logger":"root","filename":"ingestion_dag.py","lineno":401}
{"timestamp":"2026-01-06T14:25:57.046272Z","level":"info","event":"[2659/9370] Scrapping definition : Instant Seduction","logger":"root","filename":"ingestion_dag.py","lineno":401}
{"timestamp":"2026-01-06T14:25:57.580013Z","level":"info","event":"[2660/9370] Scrapping definition : Jewish Mother","logger":"root","filename":"ingestion_dag.py","lineno":401}
{"timestamp":"2026-01-06T14:25:58.042024Z","level":"info","event":"[2661/9370] Scrapping definition : Killed to Uphold the Masquerade","logger":"root","filename":"ingestion_dag.py","lineno":401}
{"timestamp":"2026-01-06T14:25:58.597939Z","level":"info","event":"[2662/9370] Scrapping definition : Long Running Book Series","logger":"root","filename":"ingestion_dag.py","lineno":401}
{"timestamp":"2026-01-06T14:25:58.911755Z","level":"info","event":"[2663/9370] Scrapping definition : Lurker","logger":"root","filename":"ingestion_dag.py","lineno":401}
{"timestamp":"2026-01-06T14:25:59.365478Z","level":"info","event":"[2664/9370] Scrapping definition : Master Computer","logger":"root","filename":"ingestion_dag.py","lineno":401}
{"timestamp":"2026-01-06T14:25:59.865948Z","level":"info","event":"[2665/9370] Scrapping definition : Master of Your Domain","logger":"root","filename":"ingestion_dag.py","lineno":401}
{"timestamp":"2026-01-06T14:26:00.461775Z","level":"info","event":"[2666/9370] Scrapping definition : Misanthrope Supreme","logger":"root","filename":"ingestion_dag.py","lineno":401}
{"timestamp":"2026-01-06T14:26:00.954389Z","level":"info","event":"[2667/9370] Scrapping definition : Morning Sickness","logger":"root","filename":"ingestion_dag.py","lineno":401}
{"timestamp":"2026-01-06T14:26:01.444387Z","level":"info","event":"[2668/9370] Scrapping definition : Mr. Alt Disney","logger":"root","filename":"ingestion_dag.py","lineno":401}
{"timestamp":"2026-01-06T14:26:01.978163Z","level":"info","event":"[2669/9370] Scrapping definition : New Powers as the Plot Demands","logger":"root","filename":"ingestion_dag.py","lineno":401}
{"timestamp":"2026-01-06T14:26:02.509299Z","level":"info","event":"[2670/9370] Scrapping definition : The Obi-Wan","logger":"root","filename":"ingestion_dag.py","lineno":401}
{"timestamp":"2026-01-06T14:26:03.074268Z","level":"info","event":"[2671/9370] Scrapping definition : Old Master","logger":"root","filename":"ingestion_dag.py","lineno":401}
{"timestamp":"2026-01-06T14:26:03.885557Z","level":"info","event":"[2672/9370] Scrapping definition : Only One Name","logger":"root","filename":"ingestion_dag.py","lineno":401}
{"timestamp":"2026-01-06T14:26:04.208736Z","level":"info","event":"[2673/9370] Scrapping definition : Our Dragons Are Different","logger":"root","filename":"ingestion_dag.py","lineno":401}
{"timestamp":"2026-01-06T14:26:04.715324Z","level":"info","event":"[2674/9370] Scrapping definition : Our Vampires Are Different","logger":"root","filename":"ingestion_dag.py","lineno":401}
{"timestamp":"2026-01-06T14:26:05.357286Z","level":"info","event":"[2675/9370] Scrapping definition : Parody Names","logger":"root","filename":"ingestion_dag.py","lineno":401}
{"timestamp":"2026-01-06T14:26:05.874412Z","level":"info","event":"[2676/9370] Scrapping definition : Playing with Fire","logger":"root","filename":"ingestion_dag.py","lineno":401}
{"timestamp":"2026-01-06T14:26:06.377303Z","level":"info","event":"[2677/9370] Scrapping definition : Please Shoot the Messenger","logger":"root","filename":"ingestion_dag.py","lineno":401}
{"timestamp":"2026-01-06T14:26:06.883626Z","level":"info","event":"[2678/9370] Scrapping definition : Professional Killer","logger":"root","filename":"ingestion_dag.py","lineno":401}
{"timestamp":"2026-01-06T14:26:07.353513Z","level":"info","event":"[2679/9370] Scrapping definition : A Pupil of Mine Until He Turned to Evil","logger":"root","filename":"ingestion_dag.py","lineno":401}
{"timestamp":"2026-01-06T14:26:07.845946Z","level":"info","event":"[2680/9370] Scrapping definition : Ring Ring CRUNCH","logger":"root","filename":"ingestion_dag.py","lineno":401}
{"timestamp":"2026-01-06T14:26:08.358038Z","level":"info","event":"[2681/9370] Scrapping definition : Sdrawkcab Name","logger":"root","filename":"ingestion_dag.py","lineno":401}
{"timestamp":"2026-01-06T14:26:08.885854Z","level":"info","event":"[2682/9370] Scrapping definition : Secret Art","logger":"root","filename":"ingestion_dag.py","lineno":401}
{"timestamp":"2026-01-06T14:26:09.357048Z","level":"info","event":"[2683/9370] Scrapping definition : Sex God","logger":"root","filename":"ingestion_dag.py","lineno":401}
{"timestamp":"2026-01-06T14:26:09.861026Z","level":"info","event":"[2684/9370] Scrapping definition : Mack Bolan","logger":"root","filename":"ingestion_dag.py","lineno":401}
{"timestamp":"2026-01-06T14:26:10.326577Z","level":"info","event":"[2685/9370] Scrapping definition : The Spymaster","logger":"root","filename":"ingestion_dag.py","lineno":401}
{"timestamp":"2026-01-06T14:26:10.848788Z","level":"info","event":"[2686/9370] Scrapping definition : Supernatural Martial Arts","logger":"root","filename":"ingestion_dag.py","lineno":401}
{"timestamp":"2026-01-06T14:26:11.308917Z","level":"info","event":"[2687/9370] Scrapping definition : Too Fast to Stop","logger":"root","filename":"ingestion_dag.py","lineno":401}
{"timestamp":"2026-01-06T14:26:11.824345Z","level":"info","event":"[2688/9370] Scrapping definition : Torture Always Works","logger":"root","filename":"ingestion_dag.py","lineno":401}
{"timestamp":"2026-01-06T14:26:12.336272Z","level":"info","event":"[2689/9370] Scrapping definition : Twin Switch","logger":"root","filename":"ingestion_dag.py","lineno":401}
{"timestamp":"2026-01-06T14:26:12.836780Z","level":"info","event":"[2690/9370] Scrapping definition : Withholding the Cure","logger":"root","filename":"ingestion_dag.py","lineno":401}
{"timestamp":"2026-01-06T14:26:13.379565Z","level":"info","event":"[2691/9370] Scrapping definition : Yellowface","logger":"root","filename":"ingestion_dag.py","lineno":401}
{"timestamp":"2026-01-06T14:26:13.854079Z","level":"info","event":"[2692/9370] Scrapping definition : Fanon","logger":"root","filename":"ingestion_dag.py","lineno":401}
{"timestamp":"2026-01-06T14:26:14.349757Z","level":"info","event":"[2693/9370] Scrapping definition : Bad Boss","logger":"root","filename":"ingestion_dag.py","lineno":401}
{"timestamp":"2026-01-06T14:26:14.907148Z","level":"info","event":"[2694/9370] Scrapping definition : Bald of Awesome","logger":"root","filename":"ingestion_dag.py","lineno":401}
{"timestamp":"2026-01-06T14:26:15.477536Z","level":"info","event":"[2695/9370] Scrapping definition : The Beautiful Elite","logger":"root","filename":"ingestion_dag.py","lineno":401}
{"timestamp":"2026-01-06T14:26:15.954944Z","level":"info","event":"[2696/9370] Scrapping definition : Beleaguered Assistant","logger":"root","filename":"ingestion_dag.py","lineno":401}
{"timestamp":"2026-01-06T14:26:16.264299Z","level":"info","event":"[2697/9370] Scrapping definition : Be Yourself","logger":"root","filename":"ingestion_dag.py","lineno":401}
{"timestamp":"2026-01-06T14:26:16.808585Z","level":"info","event":"[2698/9370] Scrapping definition : Chick Flick","logger":"root","filename":"ingestion_dag.py","lineno":401}
{"timestamp":"2026-01-06T14:26:17.284555Z","level":"info","event":"[2699/9370] Scrapping definition : The Danza","logger":"root","filename":"ingestion_dag.py","lineno":401}
{"timestamp":"2026-01-06T14:26:17.620375Z","level":"info","event":"[2700/9370] Scrapping definition : Los Angeles","logger":"root","filename":"ingestion_dag.py","lineno":401}
{"timestamp":"2026-01-06T14:26:18.131447Z","level":"info","event":"[2701/9370] Scrapping definition : renegade cops","logger":"root","filename":"ingestion_dag.py","lineno":401}
{"timestamp":"2026-01-06T14:26:18.397299Z","level":"info","event":"[2702/9370] Scrapping definition : quest for revenge","logger":"root","filename":"ingestion_dag.py","lineno":401}
{"timestamp":"2026-01-06T14:26:18.880416Z","level":"info","event":"[2703/9370] Scrapping definition : Cowboy Bebop at His Computer","logger":"root","filename":"ingestion_dag.py","lineno":401}
{"timestamp":"2026-01-06T14:26:19.394244Z","level":"info","event":"[2704/9370] Scrapping definition : Double Standard Rape (Female on Male)","logger":"root","filename":"ingestion_dag.py","lineno":401}
{"timestamp":"2026-01-06T14:26:19.920000Z","level":"info","event":"[2705/9370] Scrapping definition : Positive Discrimination","logger":"root","filename":"ingestion_dag.py","lineno":401}
{"timestamp":"2026-01-06T14:26:20.431577Z","level":"info","event":"[2706/9370] Scrapping definition : Psycho Ex-Girlfriend","logger":"root","filename":"ingestion_dag.py","lineno":401}
{"timestamp":"2026-01-06T14:26:20.902769Z","level":"info","event":"[2707/9370] Scrapping definition : Casting Gag","logger":"root","filename":"ingestion_dag.py","lineno":401}
{"timestamp":"2026-01-06T14:26:21.217380Z","level":"info","event":"[2708/9370] Scrapping definition : Evil Is Hammy","logger":"root","filename":"ingestion_dag.py","lineno":401}
{"timestamp":"2026-01-06T14:26:21.464107Z","level":"info","event":"[2709/9370] Scrapping definition : Gorn","logger":"root","filename":"ingestion_dag.py","lineno":401}
{"timestamp":"2026-01-06T14:26:21.958009Z","level":"info","event":"[2710/9370] Scrapping definition : Guaranteed.","logger":"root","filename":"ingestion_dag.py","lineno":401}
{"timestamp":"2026-01-06T14:26:22.645111Z","level":"info","event":"[2711/9370] Scrapping definition : Insistent Terminology","logger":"root","filename":"ingestion_dag.py","lineno":401}
{"timestamp":"2026-01-06T14:26:22.870370Z","level":"info","event":"[2712/9370] Scrapping definition : YouTube","logger":"root","filename":"ingestion_dag.py","lineno":401}
{"timestamp":"2026-01-06T14:26:23.358526Z","level":"info","event":"[2713/9370] Scrapping definition : Brother-Sister Incest","logger":"root","filename":"ingestion_dag.py","lineno":401}
{"timestamp":"2026-01-06T14:26:23.944424Z","level":"info","event":"[2714/9370] Scrapping definition : Death of the Hypotenuse","logger":"root","filename":"ingestion_dag.py","lineno":401}
{"timestamp":"2026-01-06T14:26:24.451759Z","level":"info","event":"[2715/9370] Scrapping definition : Doorstopper","logger":"root","filename":"ingestion_dag.py","lineno":401}
{"timestamp":"2026-01-06T14:26:24.966272Z","level":"info","event":"[2716/9370] Scrapping definition : Gender Bender","logger":"root","filename":"ingestion_dag.py","lineno":401}
{"timestamp":"2026-01-06T14:26:25.594976Z","level":"info","event":"[2717/9370] Scrapping definition : Lamarck Was Right","logger":"root","filename":"ingestion_dag.py","lineno":401}
{"timestamp":"2026-01-06T14:26:26.105616Z","level":"info","event":"[2718/9370] Scrapping definition : is said to be","logger":"root","filename":"ingestion_dag.py","lineno":401}
{"timestamp":"2026-01-06T14:26:26.358501Z","level":"info","event":"[2719/9370] Scrapping definition : Not Blood Siblings","logger":"root","filename":"ingestion_dag.py","lineno":401}
{"timestamp":"2026-01-06T14:26:26.882816Z","level":"info","event":"[2720/9370] Scrapping definition : Patronymics","logger":"root","filename":"ingestion_dag.py","lineno":401}
{"timestamp":"2026-01-06T14:26:27.400497Z","level":"info","event":"[2721/9370] Scrapping definition : Unlucky Childhood Friend","logger":"root","filename":"ingestion_dag.py","lineno":401}
{"timestamp":"2026-01-06T14:26:28.164261Z","level":"info","event":"[2722/9370] Scrapping definition : Victim Falls For Rapist","logger":"root","filename":"ingestion_dag.py","lineno":401}
{"timestamp":"2026-01-06T14:26:28.770898Z","level":"info","event":"[2723/9370] Scrapping definition : Salma Hayek","logger":"root","filename":"ingestion_dag.py","lineno":401}
{"timestamp":"2026-01-06T14:26:29.307217Z","level":"info","event":"[2724/9370] Scrapping definition : Alan Rickman","logger":"root","filename":"ingestion_dag.py","lineno":401}
{"timestamp":"2026-01-06T14:26:29.790658Z","level":"info","event":"[2725/9370] Scrapping definition : Chasing Amy","logger":"root","filename":"ingestion_dag.py","lineno":401}
{"timestamp":"2026-01-06T14:26:30.003557Z","level":"info","event":"[2726/9370] Scrapping definition : Crossing the Line Twice","logger":"root","filename":"ingestion_dag.py","lineno":401}
{"timestamp":"2026-01-06T14:26:30.510993Z","level":"info","event":"[2727/9370] Scrapping definition : Barbie Doll Anatomy","logger":"root","filename":"ingestion_dag.py","lineno":401}
{"timestamp":"2026-01-06T14:26:31.101980Z","level":"info","event":"[2728/9370] Scrapping definition : this","logger":"root","filename":"ingestion_dag.py","lineno":401}
{"timestamp":"2026-01-06T14:26:31.387774Z","level":"info","event":"DDefinition not found for http://www.youtube.com/watch?v=Q_1old1orj0&feature=related","logger":"root","filename":"ingestion_dag.py","lineno":363}
{"timestamp":"2026-01-06T14:26:31.489497Z","level":"info","event":"[2729/9370] Scrapping definition : Bluntman Gambit","logger":"root","filename":"ingestion_dag.py","lineno":401}
{"timestamp":"2026-01-06T14:26:31.933879Z","level":"info","event":"[2730/9370] Scrapping definition : The Man Behind the Man","logger":"root","filename":"ingestion_dag.py","lineno":401}
{"timestamp":"2026-01-06T14:26:32.171239Z","level":"info","event":"[2731/9370] Scrapping definition : Board to Death","logger":"root","filename":"ingestion_dag.py","lineno":401}
{"timestamp":"2026-01-06T14:26:32.690150Z","level":"info","event":"[2732/9370] Scrapping definition : Ambadassador","logger":"root","filename":"ingestion_dag.py","lineno":401}
{"timestamp":"2026-01-06T14:26:33.175784Z","level":"info","event":"[2733/9370] Scrapping definition : Ass in Ambassador","logger":"root","filename":"ingestion_dag.py","lineno":401}
{"timestamp":"2026-01-06T14:26:33.720544Z","level":"info","event":"[2734/9370] Scrapping definition : Awesome but Impractical","logger":"root","filename":"ingestion_dag.py","lineno":401}
{"timestamp":"2026-01-06T14:26:34.292098Z","level":"info","event":"[2735/9370] Scrapping definition : Brainwashed","logger":"root","filename":"ingestion_dag.py","lineno":401}
{"timestamp":"2026-01-06T14:26:34.825388Z","level":"info","event":"[2736/9370] Scrapping definition : Bribing Your Way to Victory","logger":"root","filename":"ingestion_dag.py","lineno":401}
{"timestamp":"2026-01-06T14:26:35.320560Z","level":"info","event":"[2737/9370] Scrapping definition : Boring but Practical","logger":"root","filename":"ingestion_dag.py","lineno":401}
{"timestamp":"2026-01-06T14:26:35.906632Z","level":"info","event":"[2738/9370] Scrapping definition : Snake Oil Salesman","logger":"root","filename":"ingestion_dag.py","lineno":401}
{"timestamp":"2026-01-06T14:26:36.404167Z","level":"info","event":"[2739/9370] Scrapping definition : Mountebank card","logger":"root","filename":"ingestion_dag.py","lineno":401}
{"timestamp":"2026-01-06T14:26:36.622886Z","level":"info","event":"[2740/9370] Scrapping definition : Discard and Draw","logger":"root","filename":"ingestion_dag.py","lineno":401}
{"timestamp":"2026-01-06T14:26:37.083631Z","level":"info","event":"[2741/9370] Scrapping definition : Expansion Pack","logger":"root","filename":"ingestion_dag.py","lineno":401}
{"timestamp":"2026-01-06T14:26:37.556348Z","level":"info","event":"[2742/9370] Scrapping definition : Extra Turn","logger":"root","filename":"ingestion_dag.py","lineno":401}
{"timestamp":"2026-01-06T14:26:38.095258Z","level":"info","event":"[2743/9370] Scrapping definition : Intrepid Merchant","logger":"root","filename":"ingestion_dag.py","lineno":401}
{"timestamp":"2026-01-06T14:26:38.607574Z","level":"info","event":"[2744/9370] Scrapping definition : Jack of All Trades","logger":"root","filename":"ingestion_dag.py","lineno":401}
{"timestamp":"2026-01-06T14:26:39.091030Z","level":"info","event":"[2745/9370] Scrapping definition : Metagame","logger":"root","filename":"ingestion_dag.py","lineno":401}
{"timestamp":"2026-01-06T14:26:39.763320Z","level":"info","event":"[2746/9370] Scrapping definition : Not the Intended Use","logger":"root","filename":"ingestion_dag.py","lineno":401}
{"timestamp":"2026-01-06T14:26:40.350922Z","level":"info","event":"[2747/9370] Scrapping definition : Bureaucrat card","logger":"root","filename":"ingestion_dag.py","lineno":401}
{"timestamp":"2026-01-06T14:26:40.890870Z","level":"info","event":"[2748/9370] Scrapping definition : Pirate","logger":"root","filename":"ingestion_dag.py","lineno":401}
{"timestamp":"2026-01-06T14:26:41.448515Z","level":"info","event":"[2749/9370] Scrapping definition : Sadistic Choice","logger":"root","filename":"ingestion_dag.py","lineno":401}
{"timestamp":"2026-01-06T14:26:41.985440Z","level":"info","event":"[2750/9370] Scrapping definition : Sequel Escalation","logger":"root","filename":"ingestion_dag.py","lineno":401}
{"timestamp":"2026-01-06T14:26:42.505887Z","level":"info","event":"[2751/9370] Scrapping definition : Tournament Arc","logger":"root","filename":"ingestion_dag.py","lineno":401}
{"timestamp":"2026-01-06T14:26:42.978286Z","level":"info","event":"[2752/9370] Scrapping definition : clipped","logger":"root","filename":"ingestion_dag.py","lineno":401}
{"timestamp":"2026-01-06T14:26:43.503400Z","level":"info","event":"[2753/9370] Scrapping definition : Damn, It Feels Good to Be a Gangster!","logger":"root","filename":"ingestion_dag.py","lineno":401}
{"timestamp":"2026-01-06T14:26:43.973073Z","level":"info","event":"[2754/9370] Scrapping definition : Director's interpretation","logger":"root","filename":"ingestion_dag.py","lineno":401}
{"timestamp":"2026-01-06T14:26:44.483228Z","level":"info","event":"[2755/9370] Scrapping definition : Atomic F-Bomb","logger":"root","filename":"ingestion_dag.py","lineno":401}
{"timestamp":"2026-01-06T14:26:45.000853Z","level":"info","event":"[2756/9370] Scrapping definition : BFG","logger":"root","filename":"ingestion_dag.py","lineno":401}
{"timestamp":"2026-01-06T14:26:45.757344Z","level":"info","event":"[2757/9370] Scrapping definition : Doom Doors","logger":"root","filename":"ingestion_dag.py","lineno":401}
{"timestamp":"2026-01-06T14:26:46.250626Z","level":"info","event":"[2758/9370] Scrapping definition : Doubt (theatre)","logger":"root","filename":"ingestion_dag.py","lineno":401}
{"timestamp":"2026-01-06T14:26:46.727632Z","level":"info","event":"[2759/9370] Scrapping definition : Doubt (manga)","logger":"root","filename":"ingestion_dag.py","lineno":401}
{"timestamp":"2026-01-06T14:26:47.176677Z","level":"info","event":"[2760/9370] Scrapping definition : Altar the Speed","logger":"root","filename":"ingestion_dag.py","lineno":401}
{"timestamp":"2026-01-06T14:26:47.641648Z","level":"info","event":"[2761/9370] Scrapping definition : Appeal to Inherent Nature","logger":"root","filename":"ingestion_dag.py","lineno":401}
{"timestamp":"2026-01-06T14:26:48.187406Z","level":"info","event":"[2762/9370] Scrapping definition : Be All My Sins Remembered","logger":"root","filename":"ingestion_dag.py","lineno":401}
{"timestamp":"2026-01-06T14:26:48.722419Z","level":"info","event":"[2763/9370] Scrapping definition : Blood From the Mouth","logger":"root","filename":"ingestion_dag.py","lineno":401}
{"timestamp":"2026-01-06T14:26:49.224420Z","level":"info","event":"[2764/9370] Scrapping definition : doesn't seem to notice","logger":"root","filename":"ingestion_dag.py","lineno":401}
{"timestamp":"2026-01-06T14:26:49.728611Z","level":"info","event":"[2765/9370] Scrapping definition : British Brevity","logger":"root","filename":"ingestion_dag.py","lineno":401}
{"timestamp":"2026-01-06T14:26:50.187572Z","level":"info","event":"[2766/9370] Scrapping definition : But I Would Really Enjoy It","logger":"root","filename":"ingestion_dag.py","lineno":401}
{"timestamp":"2026-01-06T14:26:50.671410Z","level":"info","event":"[2767/9370] Scrapping definition : A Boy and His X","logger":"root","filename":"ingestion_dag.py","lineno":401}
{"timestamp":"2026-01-06T14:26:51.190328Z","level":"info","event":"[2768/9370] Scrapping definition : Distressed Damsel","logger":"root","filename":"ingestion_dag.py","lineno":401}
{"timestamp":"2026-01-06T14:26:51.802337Z","level":"info","event":"[2769/9370] Scrapping definition : Actually, I Am Him","logger":"root","filename":"ingestion_dag.py","lineno":401}
{"timestamp":"2026-01-06T14:26:52.362576Z","level":"info","event":"[2770/9370] Scrapping definition : American Kirby Is Hardcore","logger":"root","filename":"ingestion_dag.py","lineno":401}
{"timestamp":"2026-01-06T14:26:52.929544Z","level":"info","event":"[2771/9370] Scrapping definition : Japanese","logger":"root","filename":"ingestion_dag.py","lineno":401}
{"timestamp":"2026-01-06T14:26:53.083885Z","level":"error","event":"Error of scraping: 403 Client Error: Forbidden for url: https://upload.wikimedia.org/wikipedia/en/7/77/Dragonheart_%28JPN2%29.jpg","logger":"root","filename":"ingestion_dag.py","lineno":365}
{"timestamp":"2026-01-06T14:26:53.185724Z","level":"info","event":"[2772/9370] Scrapping definition : American","logger":"root","filename":"ingestion_dag.py","lineno":401}
{"timestamp":"2026-01-06T14:26:53.306552Z","level":"error","event":"Error of scraping: 403 Client Error: Forbidden for url: https://upload.wikimedia.org/wikipedia/en/1/18/Dragonheart_ver1.jpg","logger":"root","filename":"ingestion_dag.py","lineno":365}
{"timestamp":"2026-01-06T14:26:53.409138Z","level":"info","event":"[2773/9370] Scrapping definition : An Axe to Grind","logger":"root","filename":"ingestion_dag.py","lineno":401}
{"timestamp":"2026-01-06T14:26:53.950364Z","level":"info","event":"[2774/9370] Scrapping definition : Weapon of Choice","logger":"root","filename":"ingestion_dag.py","lineno":401}
{"timestamp":"2026-01-06T14:26:54.520859Z","level":"info","event":"[2775/9370] Scrapping definition : As Long as There Is Evil","logger":"root","filename":"ingestion_dag.py","lineno":401}
{"timestamp":"2026-01-06T14:26:55.053752Z","level":"info","event":"[2776/9370] Scrapping definition : As Long as There Is One Man","logger":"root","filename":"ingestion_dag.py","lineno":401}
{"timestamp":"2026-01-06T14:26:55.553930Z","level":"info","event":"[2777/9370] Scrapping definition : Badass Creed","logger":"root","filename":"ingestion_dag.py","lineno":401}
{"timestamp":"2026-01-06T14:26:56.045981Z","level":"info","event":"[2778/9370] Scrapping definition : Beat Still My Heart","logger":"root","filename":"ingestion_dag.py","lineno":401}
{"timestamp":"2026-01-06T14:26:56.559659Z","level":"info","event":"[2779/9370] Scrapping definition : Breath Weapon","logger":"root","filename":"ingestion_dag.py","lineno":401}
{"timestamp":"2026-01-06T14:26:57.070903Z","level":"info","event":"[2780/9370] Scrapping definition : Broken Bird","logger":"root","filename":"ingestion_dag.py","lineno":401}
{"timestamp":"2026-01-06T14:26:57.305905Z","level":"info","event":"[2781/9370] Scrapping definition : Bucket Helmet","logger":"root","filename":"ingestion_dag.py","lineno":401}
{"timestamp":"2026-01-06T14:26:57.864684Z","level":"info","event":"[2782/9370] Scrapping definition : Slovakia","logger":"root","filename":"ingestion_dag.py","lineno":401}
{"timestamp":"2026-01-06T14:26:58.458169Z","level":"info","event":"[2783/9370] Scrapping definition : Cave Behind the Falls","logger":"root","filename":"ingestion_dag.py","lineno":401}
{"timestamp":"2026-01-06T14:26:58.993715Z","level":"info","event":"[2784/9370] Scrapping definition : Behind a waterfall","logger":"root","filename":"ingestion_dag.py","lineno":401}
{"timestamp":"2026-01-06T14:26:59.240212Z","level":"info","event":"[2785/9370] Scrapping definition : Cessation of Existence","logger":"root","filename":"ingestion_dag.py","lineno":401}
{"timestamp":"2026-01-06T14:26:59.776743Z","level":"info","event":"[2786/9370] Scrapping definition : Chess Motif","logger":"root","filename":"ingestion_dag.py","lineno":401}
{"timestamp":"2026-01-06T14:27:00.498984Z","level":"info","event":"[2787/9370] Scrapping definition : Coconut Superpowers","logger":"root","filename":"ingestion_dag.py","lineno":401}
{"timestamp":"2026-01-06T14:27:00.994154Z","level":"info","event":"[2788/9370] Scrapping definition : Covered in Mud","logger":"root","filename":"ingestion_dag.py","lineno":401}
{"timestamp":"2026-01-06T14:27:01.584192Z","level":"info","event":"[2789/9370] Scrapping definition : fruits/vegetables","logger":"root","filename":"ingestion_dag.py","lineno":401}
{"timestamp":"2026-01-06T14:27:02.097622Z","level":"info","event":"[2790/9370] Scrapping definition : Crouching Moron, Hidden Badass","logger":"root","filename":"ingestion_dag.py","lineno":401}
{"timestamp":"2026-01-06T14:27:02.682075Z","level":"info","event":"[2791/9370] Scrapping definition : Deceptive Disciple","logger":"root","filename":"ingestion_dag.py","lineno":401}
{"timestamp":"2026-01-06T14:27:03.210357Z","level":"info","event":"[2792/9370] Scrapping definition : A Dog Named \"Dog\"","logger":"root","filename":"ingestion_dag.py","lineno":401}
{"timestamp":"2026-01-06T14:27:03.695451Z","level":"info","event":"[2793/9370] Scrapping definition : Dual-Wielding","logger":"root","filename":"ingestion_dag.py","lineno":401}
{"timestamp":"2026-01-06T14:27:04.332318Z","level":"info","event":"[2794/9370] Scrapping definition : The Evil Prince","logger":"root","filename":"ingestion_dag.py","lineno":401}
{"timestamp":"2026-01-06T14:27:04.877207Z","level":"info","event":"[2795/9370] Scrapping definition : Fallen Hero","logger":"root","filename":"ingestion_dag.py","lineno":401}
{"timestamp":"2026-01-06T14:27:05.416048Z","level":"info","event":"[2796/9370] Scrapping definition : Fate Worse Than Death","logger":"root","filename":"ingestion_dag.py","lineno":401}
{"timestamp":"2026-01-06T14:27:05.963474Z","level":"info","event":"[2797/9370] Scrapping definition : Forceful Kiss","logger":"root","filename":"ingestion_dag.py","lineno":401}
{"timestamp":"2026-01-06T14:27:06.419877Z","level":"info","event":"[2798/9370] Scrapping definition : Giant Flyer","logger":"root","filename":"ingestion_dag.py","lineno":401}
{"timestamp":"2026-01-06T14:27:06.923922Z","level":"info","event":"[2799/9370] Scrapping definition : The Gift","logger":"root","filename":"ingestion_dag.py","lineno":401}
{"timestamp":"2026-01-06T14:27:07.440226Z","level":"info","event":"[2800/9370] Scrapping definition : a bow and arrow","logger":"root","filename":"ingestion_dag.py","lineno":401}
{"timestamp":"2026-01-06T14:27:08.197170Z","level":"info","event":"[2801/9370] Scrapping definition : God Save Us From the Queen","logger":"root","filename":"ingestion_dag.py","lineno":401}
{"timestamp":"2026-01-06T14:27:08.804163Z","level":"info","event":"[2802/9370] Scrapping definition : Here There Were Dragons","logger":"root","filename":"ingestion_dag.py","lineno":401}
{"timestamp":"2026-01-06T14:27:09.305221Z","level":"info","event":"[2803/9370] Scrapping definition : Healing Hands","logger":"root","filename":"ingestion_dag.py","lineno":401}
{"timestamp":"2026-01-06T14:27:10.017390Z","level":"info","event":"[2804/9370] Scrapping definition : Heel Faith Turn","logger":"root","filename":"ingestion_dag.py","lineno":401}
{"timestamp":"2026-01-06T14:27:10.505415Z","level":"info","event":"[2805/9370] Scrapping definition : Heroic Resolve","logger":"root","filename":"ingestion_dag.py","lineno":401}
{"timestamp":"2026-01-06T14:27:10.999252Z","level":"info","event":"[2806/9370] Scrapping definition : King Arthur","logger":"root","filename":"ingestion_dag.py","lineno":401}
{"timestamp":"2026-01-06T14:27:11.496392Z","level":"info","event":"[2807/9370] Scrapping definition : Hit Me Dammit","logger":"root","filename":"ingestion_dag.py","lineno":401}
{"timestamp":"2026-01-06T14:27:12.260187Z","level":"info","event":"[2808/9370] Scrapping definition : Ink Suit Actor","logger":"root","filename":"ingestion_dag.py","lineno":401}
{"timestamp":"2026-01-06T14:27:12.781826Z","level":"info","event":"[2809/9370] Scrapping definition : Is That the Best You Can Do?","logger":"root","filename":"ingestion_dag.py","lineno":401}
{"timestamp":"2026-01-06T14:27:13.292734Z","level":"info","event":"[2810/9370] Scrapping definition : I Want Them Alive","logger":"root","filename":"ingestion_dag.py","lineno":401}
{"timestamp":"2026-01-06T14:27:13.954741Z","level":"info","event":"[2811/9370] Scrapping definition : I Was Beaten by a Girl","logger":"root","filename":"ingestion_dag.py","lineno":401}
{"timestamp":"2026-01-06T14:27:14.458151Z","level":"info","event":"[2812/9370] Scrapping definition : Karmic Transformation","logger":"root","filename":"ingestion_dag.py","lineno":401}
{"timestamp":"2026-01-06T14:27:15.197789Z","level":"info","event":"[2813/9370] Scrapping definition : Einon","logger":"root","filename":"ingestion_dag.py","lineno":401}
{"timestamp":"2026-01-06T14:27:15.407294Z","level":"info","event":"[2814/9370] Scrapping definition : Last of His Kind","logger":"root","filename":"ingestion_dag.py","lineno":401}
{"timestamp":"2026-01-06T14:27:15.925108Z","level":"info","event":"[2815/9370] Scrapping definition : Light Is Not Good","logger":"root","filename":"ingestion_dag.py","lineno":401}
{"timestamp":"2026-01-06T14:27:16.451875Z","level":"info","event":"[2816/9370] Scrapping definition : Literal Change of Heart","logger":"root","filename":"ingestion_dag.py","lineno":401}
{"timestamp":"2026-01-06T14:27:16.919753Z","level":"info","event":"[2817/9370] Scrapping definition : The Magic Goes Away","logger":"root","filename":"ingestion_dag.py","lineno":401}
{"timestamp":"2026-01-06T14:27:17.470080Z","level":"info","event":"[2818/9370] Scrapping definition : The Medic","logger":"root","filename":"ingestion_dag.py","lineno":401}
{"timestamp":"2026-01-06T14:27:17.997571Z","level":"info","event":"[2819/9370] Scrapping definition : Mexican Standoff","logger":"root","filename":"ingestion_dag.py","lineno":401}
{"timestamp":"2026-01-06T14:27:18.595965Z","level":"info","event":"[2820/9370] Scrapping definition : The Middle Ages","logger":"root","filename":"ingestion_dag.py","lineno":401}
{"timestamp":"2026-01-06T14:27:19.113603Z","level":"info","event":"[2821/9370] Scrapping definition : Monster Protection Racket","logger":"root","filename":"ingestion_dag.py","lineno":401}
{"timestamp":"2026-01-06T14:27:19.631978Z","level":"info","event":"[2822/9370] Scrapping definition : My Death Is Just the Beginning","logger":"root","filename":"ingestion_dag.py","lineno":401}
{"timestamp":"2026-01-06T14:27:20.356916Z","level":"info","event":"[2823/9370] Scrapping definition : Never Trust a Trope","logger":"root","filename":"ingestion_dag.py","lineno":401}
{"timestamp":"2026-01-06T14:27:20.910637Z","level":"info","event":"[2824/9370] Scrapping definition : Nice Job Breaking It, Hero","logger":"root","filename":"ingestion_dag.py","lineno":401}
{"timestamp":"2026-01-06T14:27:21.408903Z","level":"info","event":"[2825/9370] Scrapping definition : No Except Yes","logger":"root","filename":"ingestion_dag.py","lineno":401}
{"timestamp":"2026-01-06T14:27:21.939896Z","level":"info","event":"[2826/9370] Scrapping definition : Offered the Crown","logger":"root","filename":"ingestion_dag.py","lineno":401}
{"timestamp":"2026-01-06T14:27:22.428857Z","level":"info","event":"[2827/9370] Scrapping definition : Offing the Offspring","logger":"root","filename":"ingestion_dag.py","lineno":401}
{"timestamp":"2026-01-06T14:27:23.019495Z","level":"info","event":"[2828/9370] Scrapping definition : Einon figures it out too","logger":"root","filename":"ingestion_dag.py","lineno":401}
{"timestamp":"2026-01-06T14:27:23.605463Z","level":"info","event":"[2829/9370] Scrapping definition : Older Hero vs. Younger Villain","logger":"root","filename":"ingestion_dag.py","lineno":401}
{"timestamp":"2026-01-06T14:27:24.078430Z","level":"info","event":"[2830/9370] Scrapping definition : Palate Propping","logger":"root","filename":"ingestion_dag.py","lineno":401}
{"timestamp":"2026-01-06T14:27:24.527706Z","level":"info","event":"[2831/9370] Scrapping definition : Playing Possum","logger":"root","filename":"ingestion_dag.py","lineno":401}
{"timestamp":"2026-01-06T14:27:24.987371Z","level":"info","event":"[2832/9370] Scrapping definition : Produce Pelting","logger":"root","filename":"ingestion_dag.py","lineno":401}
{"timestamp":"2026-01-06T14:27:25.467601Z","level":"info","event":"[2833/9370] Scrapping definition : Promoted to Love Interest","logger":"root","filename":"ingestion_dag.py","lineno":401}
{"timestamp":"2026-01-06T14:27:26.007643Z","level":"info","event":"[2834/9370] Scrapping definition : main theme","logger":"root","filename":"ingestion_dag.py","lineno":401}
{"timestamp":"2026-01-06T14:27:27.041554Z","level":"info","event":"DDefinition not found for http://www.youtube.com/watch?v=UTKSUlMbp9A","logger":"root","filename":"ingestion_dag.py","lineno":363}
{"timestamp":"2026-01-06T14:27:27.144594Z","level":"info","event":"[2835/9370] Scrapping definition : Academy Awards","logger":"root","filename":"ingestion_dag.py","lineno":401}
{"timestamp":"2026-01-06T14:27:27.360404Z","level":"info","event":"[2836/9370] Scrapping definition : Redemption in the Rain","logger":"root","filename":"ingestion_dag.py","lineno":401}
{"timestamp":"2026-01-06T14:27:27.981791Z","level":"info","event":"[2837/9370] Scrapping definition : Redhead in Green","logger":"root","filename":"ingestion_dag.py","lineno":401}
{"timestamp":"2026-01-06T14:27:28.544180Z","level":"info","event":"[2838/9370] Scrapping definition : Requisite Royal Regalia","logger":"root","filename":"ingestion_dag.py","lineno":401}
{"timestamp":"2026-01-06T14:27:29.057146Z","level":"info","event":"[2839/9370] Scrapping definition : Reverse Grip","logger":"root","filename":"ingestion_dag.py","lineno":401}
{"timestamp":"2026-01-06T14:27:29.712221Z","level":"info","event":"[2840/9370] Scrapping definition : Same Sex Triplets","logger":"root","filename":"ingestion_dag.py","lineno":401}
{"timestamp":"2026-01-06T14:27:30.258427Z","level":"info","event":"[2841/9370] Scrapping definition : Sleep Cute","logger":"root","filename":"ingestion_dag.py","lineno":401}
{"timestamp":"2026-01-06T14:27:30.737405Z","level":"info","event":"[2842/9370] Scrapping definition : Starring Special Effects","logger":"root","filename":"ingestion_dag.py","lineno":401}
{"timestamp":"2026-01-06T14:27:31.218383Z","level":"info","event":"[2843/9370] Scrapping definition : Stoic Woobie","logger":"root","filename":"ingestion_dag.py","lineno":401}
{"timestamp":"2026-01-06T14:27:31.721050Z","level":"info","event":"[2844/9370] Scrapping definition : Soul Jar","logger":"root","filename":"ingestion_dag.py","lineno":401}
{"timestamp":"2026-01-06T14:27:32.208383Z","level":"info","event":"[2845/9370] Scrapping definition : Synchronization","logger":"root","filename":"ingestion_dag.py","lineno":401}
{"timestamp":"2026-01-06T14:27:32.742308Z","level":"info","event":"[2846/9370] Scrapping definition : Talking Animal","logger":"root","filename":"ingestion_dag.py","lineno":401}
{"timestamp":"2026-01-06T14:27:32.960285Z","level":"info","event":"[2847/9370] Scrapping definition : Thanks for the Mammary","logger":"root","filename":"ingestion_dag.py","lineno":401}
{"timestamp":"2026-01-06T14:27:33.526618Z","level":"info","event":"[2848/9370] Scrapping definition : This Is My Name on Foreign","logger":"root","filename":"ingestion_dag.py","lineno":401}
{"timestamp":"2026-01-06T14:27:34.006701Z","level":"info","event":"[2849/9370] Scrapping definition : Training the Peaceful Villagers","logger":"root","filename":"ingestion_dag.py","lineno":401}
{"timestamp":"2026-01-06T14:27:34.497105Z","level":"info","event":"[2850/9370] Scrapping definition : can't be pronounced by humans anyway","logger":"root","filename":"ingestion_dag.py","lineno":401}
{"timestamp":"2026-01-06T14:27:35.137799Z","level":"info","event":"[2851/9370] Scrapping definition : Virgin Sacrifice","logger":"root","filename":"ingestion_dag.py","lineno":401}
{"timestamp":"2026-01-06T14:27:35.652479Z","level":"info","event":"[2852/9370] Scrapping definition : You Killed My Father","logger":"root","filename":"ingestion_dag.py","lineno":401}
{"timestamp":"2026-01-06T14:27:36.229973Z","level":"info","event":"[2853/9370] Scrapping definition : Abnormal Ammo","logger":"root","filename":"ingestion_dag.py","lineno":401}
{"timestamp":"2026-01-06T14:27:36.732964Z","level":"info","event":"[2854/9370] Scrapping definition : Establishing Character Moment","logger":"root","filename":"ingestion_dag.py","lineno":401}
{"timestamp":"2026-01-06T14:27:36.948026Z","level":"info","event":"[2855/9370] Scrapping definition : Cool Helmet","logger":"root","filename":"ingestion_dag.py","lineno":401}
{"timestamp":"2026-01-06T14:27:37.418440Z","level":"info","event":"[2856/9370] Scrapping definition : Bloodier and Gorier","logger":"root","filename":"ingestion_dag.py","lineno":401}
{"timestamp":"2026-01-06T14:27:37.639053Z","level":"info","event":"[2857/9370] Scrapping definition : Slo-Mo","logger":"root","filename":"ingestion_dag.py","lineno":401}
{"timestamp":"2026-01-06T14:27:38.025638Z","level":"info","event":"[2858/9370] Scrapping definition : But for Me It Was Tuesday","logger":"root","filename":"ingestion_dag.py","lineno":401}
{"timestamp":"2026-01-06T14:27:38.624207Z","level":"info","event":"[2859/9370] Scrapping definition : Cavalry Betrayal","logger":"root","filename":"ingestion_dag.py","lineno":401}
{"timestamp":"2026-01-06T14:27:39.217452Z","level":"info","event":"[2860/9370] Scrapping definition : The short-lived 2007 series from FOX","logger":"root","filename":"ingestion_dag.py","lineno":401}
{"timestamp":"2026-01-06T14:27:39.697946Z","level":"info","event":"[2861/9370] Scrapping definition : The 2011 film","logger":"root","filename":"ingestion_dag.py","lineno":401}
{"timestamp":"2026-01-06T14:27:40.161601Z","level":"info","event":"[2862/9370] Scrapping definition : The sci-fi webcomic by Dave Kellett","logger":"root","filename":"ingestion_dag.py","lineno":401}
{"timestamp":"2026-01-06T14:27:40.650552Z","level":"info","event":"[2863/9370] Scrapping definition : lampshaded","logger":"root","filename":"ingestion_dag.py","lineno":401}
{"timestamp":"2026-01-06T14:27:40.851063Z","level":"info","event":"[2864/9370] Scrapping definition : The taxi driver","logger":"root","filename":"ingestion_dag.py","lineno":401}
{"timestamp":"2026-01-06T14:27:41.404230Z","level":"info","event":"[2865/9370] Scrapping definition : Civil Rights Movement","logger":"root","filename":"ingestion_dag.py","lineno":401}
{"timestamp":"2026-01-06T14:27:41.904184Z","level":"info","event":"[2866/9370] Scrapping definition : Martin Luther King","logger":"root","filename":"ingestion_dag.py","lineno":401}
{"timestamp":"2026-01-06T14:27:42.486489Z","level":"info","event":"[2867/9370] Scrapping definition : Deep South","logger":"root","filename":"ingestion_dag.py","lineno":401}
{"timestamp":"2026-01-06T14:27:42.970151Z","level":"info","event":"[2868/9370] Scrapping definition : Drop What You Are Doing","logger":"root","filename":"ingestion_dag.py","lineno":401}
{"timestamp":"2026-01-06T14:27:43.501205Z","level":"info","event":"[2869/9370] Scrapping definition : Ethnic Menial Labor","logger":"root","filename":"ingestion_dag.py","lineno":401}
{"timestamp":"2026-01-06T14:27:44.018700Z","level":"info","event":"[2870/9370] Scrapping definition : Flanderization","logger":"root","filename":"ingestion_dag.py","lineno":401}
{"timestamp":"2026-01-06T14:27:44.530282Z","level":"info","event":"[2871/9370] Scrapping definition : Shallow Parody","logger":"root","filename":"ingestion_dag.py","lineno":401}
{"timestamp":"2026-01-06T14:27:45.043185Z","level":"info","event":"[2872/9370] Scrapping definition : Grande Dame","logger":"root","filename":"ingestion_dag.py","lineno":401}
{"timestamp":"2026-01-06T14:27:45.583034Z","level":"info","event":"[2873/9370] Scrapping definition : Greedy Jew","logger":"root","filename":"ingestion_dag.py","lineno":401}
{"timestamp":"2026-01-06T14:27:46.121754Z","level":"info","event":"[2874/9370] Scrapping definition : Dan Aykroyd","logger":"root","filename":"ingestion_dag.py","lineno":401}
{"timestamp":"2026-01-06T14:27:46.340559Z","level":"info","event":"[2875/9370] Scrapping definition : Magical Negro","logger":"root","filename":"ingestion_dag.py","lineno":401}
{"timestamp":"2026-01-06T14:27:46.847131Z","level":"info","event":"[2876/9370] Scrapping definition : Racist Grandma","logger":"root","filename":"ingestion_dag.py","lineno":401}
{"timestamp":"2026-01-06T14:27:47.326842Z","level":"info","event":"[2877/9370] Scrapping definition : Screw Politeness, I'm a Senior!","logger":"root","filename":"ingestion_dag.py","lineno":401}
{"timestamp":"2026-01-06T14:27:47.530788Z","level":"info","event":"[2878/9370] Scrapping definition : Alejandro Jodorowsky","logger":"root","filename":"ingestion_dag.py","lineno":401}
{"timestamp":"2026-01-06T14:27:47.975321Z","level":"info","event":"[2879/9370] Scrapping definition : Heavy Metal","logger":"root","filename":"ingestion_dag.py","lineno":401}
{"timestamp":"2026-01-06T14:27:48.716510Z","level":"info","event":"[2880/9370] Scrapping definition : H. R. Giger","logger":"root","filename":"ingestion_dag.py","lineno":401}
{"timestamp":"2026-01-06T14:27:49.185471Z","level":"info","event":"[2881/9370] Scrapping definition : Pink Floyd","logger":"root","filename":"ingestion_dag.py","lineno":401}
{"timestamp":"2026-01-06T14:27:49.703913Z","level":"info","event":"[2882/9370] Scrapping definition : Sadly, and inevitably, it fell apart.","logger":"root","filename":"ingestion_dag.py","lineno":401}
{"timestamp":"2026-01-06T14:27:49.910663Z","level":"info","event":"[2883/9370] Scrapping definition : still-intense passion for experimental film","logger":"root","filename":"ingestion_dag.py","lineno":401}
{"timestamp":"2026-01-06T14:27:50.123110Z","level":"info","event":"[2884/9370] Scrapping definition : first film","logger":"root","filename":"ingestion_dag.py","lineno":401}
{"timestamp":"2026-01-06T14:27:50.962126Z","level":"info","event":"[2885/9370] Scrapping definition : biopic","logger":"root","filename":"ingestion_dag.py","lineno":401}
{"timestamp":"2026-01-06T14:27:51.502558Z","level":"info","event":"[2886/9370] Scrapping definition : David Lynch","logger":"root","filename":"ingestion_dag.py","lineno":401}
{"timestamp":"2026-01-06T14:27:52.110850Z","level":"info","event":"[2887/9370] Scrapping definition : printed plot summaries","logger":"root","filename":"ingestion_dag.py","lineno":401}
{"timestamp":"2026-01-06T14:27:52.611508Z","level":"info","event":"[2888/9370] Scrapping definition : recut his movie","logger":"root","filename":"ingestion_dag.py","lineno":401}
{"timestamp":"2026-01-06T14:27:52.837218Z","level":"info","event":"[2889/9370] Scrapping definition : elaborate and immersive set design","logger":"root","filename":"ingestion_dag.py","lineno":401}
{"timestamp":"2026-01-06T14:27:53.038248Z","level":"info","event":"[2890/9370] Scrapping definition : varying","logger":"root","filename":"ingestion_dag.py","lineno":401}
{"timestamp":"2026-01-06T14:27:53.486472Z","level":"info","event":"[2891/9370] Scrapping definition : reappraisal","logger":"root","filename":"ingestion_dag.py","lineno":401}
{"timestamp":"2026-01-06T14:27:54.018738Z","level":"info","event":"[2892/9370] Scrapping definition : Cult Classic","logger":"root","filename":"ingestion_dag.py","lineno":401}
{"timestamp":"2026-01-06T14:27:54.535534Z","level":"info","event":"[2893/9370] Scrapping definition : Sci Fi Channel","logger":"root","filename":"ingestion_dag.py","lineno":401}
{"timestamp":"2026-01-06T14:27:55.037677Z","level":"info","event":"[2894/9370] Scrapping definition : and gave several characters expanded roles","logger":"root","filename":"ingestion_dag.py","lineno":401}
{"timestamp":"2026-01-06T14:27:55.051826Z","level":"error","event":"Server indicated the task shouldn't be running anymore. Terminating process","detail":{"detail":{"reason":"not_running","message":"TI is no longer in the running state and task should terminate","current_state":"success"}},"logger":"task"}
{"timestamp":"2026-01-06T14:27:55.576861Z","level":"info","event":"[2895/9370] Scrapping definition : was in the works","logger":"root","filename":"ingestion_dag.py","lineno":401}
{"timestamp":"2026-01-06T14:27:55.639212Z","level":"error","event":"Error of scraping: HTTPConnectionPool(host='hollywoodinsider.ew.com', port=80): Max retries exceeded with url: /2010/01/04/dune-remake/ (Caused by NameResolutionError(\"<urllib3.connection.HTTPConnection object at 0x764de8cefaa0>: Failed to resolve 'hollywoodinsider.ew.com' ([Errno -2] Name or service not known)\"))","logger":"root","filename":"ingestion_dag.py","lineno":365}
{"timestamp":"2026-01-06T14:27:55.739597Z","level":"info","event":"[2896/9370] Scrapping definition : over budget issues.","logger":"root","filename":"ingestion_dag.py","lineno":401}
{"timestamp":"2026-01-06T14:27:57.332634Z","level":"info","event":"DDefinition not found for http://www.deadline.com/2011/03/paramount-ends-4-year-attempt-to-turn-frank-herberts-dune-into-film-franchise/","logger":"root","filename":"ingestion_dag.py","lineno":363}
{"timestamp":"2026-01-06T14:27:57.433777Z","level":"info","event":"[2897/9370] Scrapping definition : All That Glitters","logger":"root","filename":"ingestion_dag.py","lineno":401}
{"timestamp":"2026-01-06T14:27:57.938881Z","level":"info","event":"[2898/9370] Scrapping definition : Con Men Hate Guns","logger":"root","filename":"ingestion_dag.py","lineno":401}
{"timestamp":"2026-01-06T14:27:58.520932Z","level":"info","event":"[2899/9370] Scrapping definition : Duel of Seduction","logger":"root","filename":"ingestion_dag.py","lineno":401}
{"timestamp":"2026-01-06T14:27:59.035580Z","level":"info","event":"[2900/9370] Scrapping definition : Gambit Pileup","logger":"root","filename":"ingestion_dag.py","lineno":401}
{"timestamp":"2026-01-06T14:27:59.599114Z","level":"info","event":"[2901/9370] Scrapping definition : Activist Fundamentalist Antics","logger":"root","filename":"ingestion_dag.py","lineno":401}
{"timestamp":"2026-01-06T14:28:00.079189Z","level":"error","event":"Task killed!","logger":"task"}
