pdf_url,movie_name_script_slug_conventioned,movie_name_imsdb_conventioned,full_url_imsdb,_merge_imsdb_scriptslug,movie_name_conventioned,movie_name_imsdb_error,error,movie_name_imsdb_conventioned_error,movie_name,movie_url,movie_url_extension,movie_name_dailyscripts_conventioned,_merge_main_dailyscripts
https://assets.scriptslug.com/live/pdf/scripts/500-days-of-summer-2009.pdf?v=1729114850,(500) Days Of Summer,,,left_only,(500) Days Of Summer,,,,,,,,left_only
https://assets.scriptslug.com/live/pdf/scripts/10-things-i-hate-about-you-1999.pdf?v=1729114847,10 Things I Hate About You,10 Things I Hate About You,https://imsdb.com//scripts//10-Things-I-Hate-About-You.html,both,10 Things I Hate About You,,,,10 Things I Hate About You,https://www.dailyscript.com/scripts/10Things.html,html,10 Things I Hate About You,both
,,,,,,,,,"10,000 B. C. ","https://www.dailyscript.com/scripts/10,000BC.pdf",pdf,10000 B C ,right_only
https://assets.scriptslug.com/live/pdf/scripts/101-dalmations-1996.pdf?v=1729114847,101 Dalmations,,,left_only,101 Dalmations,,,,,,,,left_only
,,12,https://imsdb.com//scripts//12.html,right_only,12,,,,,,,,left_only
,,12 And Holding,https://imsdb.com//scripts//12-and-Holding.html,right_only,12 And Holding,,,,12 And Holding,https://www.dailyscript.com/scripts/12+and+Holding.pdf,pdf,12 And Holding,both
https://assets.scriptslug.com/live/pdf/scripts/12-angry-men-1957.pdf?v=1729114847,12 Angry Men,,,left_only,12 Angry Men,,,,12 Angry Men,https://www.dailyscript.com/scripts/12AngryMen.pdf,pdf,12 Angry Men,both
,,12 Monkeys,https://imsdb.com//scripts//12-Monkeys.html,right_only,12 Monkeys,,,,12 Monkeys,https://www.dailyscript.com/scripts/twelve_monkeys.html,html,12 Monkeys,both
https://assets.scriptslug.com/live/pdf/scripts/12-strong-2018.pdf?v=1729114847,12 Strong,,,left_only,12 Strong,,,,,,,,left_only
https://assets.scriptslug.com/live/pdf/scripts/12-years-a-slave-2013.pdf?v=1729114848,12 Years A Slave,12 Years A Slave,https://imsdb.com//scripts//12-Years-a-Slave.html,both,12 Years A Slave,,,,12 Years a Slave,https://www.dailyscript.com/scripts/12_Years_A_Slave.pdf,pdf,12 Years A Slave,both
https://assets.scriptslug.com/live/pdf/scripts/127-hours-2010.pdf?v=1729114848,127 Hours,127 Hours,https://imsdb.com//scripts//127-Hours.html,both,127 Hours,,,,,,,,left_only
,,,,,,,,,13 Days,https://www.dailyscript.com/scripts/13_days.html,html,13 Days,right_only
,,,,,,,,,13 Ghosts,https://www.dailyscript.com/scripts/thirteen_ghosts.pdf,pdf,13 Ghosts,right_only
https://assets.scriptslug.com/live/pdf/scripts/1408-2007.pdf?v=1729114848,1408,,,left_only,1408,,,,,,,,left_only
,,1492 Conquest Of Paradise,https://imsdb.com//scripts//1492-Conquest-of-Paradise.html,right_only,1492 Conquest Of Paradise,,,,1492: Conquest of Paradise:,https://www.dailyscript.com/scripts/1492_conquest.html,html,1492 Conquest Of Paradise,both
,,15 Minutes,https://imsdb.com//scripts//15-Minutes.html,right_only,15 Minutes,,,,15 Minutes,https://www.dailyscript.com/scripts/15minutes.html,html,15 Minutes,both
,,,,,,,,,15 Minutes ,https://www.dailyscript.com/scripts/15minutes.html,html,15 Minutes ,right_only
https://assets.scriptslug.com/live/pdf/scripts/16-blocks-2006.pdf?v=1729114848,16 Blocks,,,left_only,16 Blocks,,,,16 Blocks,https://www.dailyscript.com/scripts/16_Blocks_by_Richard_Wenk.pdf,pdf,16 Blocks,both
,,17 Again,https://imsdb.com//scripts//17-Again.html,right_only,17 Again,,,,,,,,left_only
,,187,https://imsdb.com//scripts//187.html,right_only,187,,,,,,,,left_only
https://assets.scriptslug.com/live/pdf/scripts/1917-2019.pdf?v=1729114848,1917,,,left_only,1917,,,,,,,,left_only
https://assets.scriptslug.com/live/pdf/scripts/2-fast-2-furious-2003.pdf?v=1729114848,2 Fast 2 Furious,,,left_only,2 Fast 2 Furious,,,,,,,,left_only
https://assets.scriptslug.com/live/pdf/scripts/2001-a-space-odyssey-1968.pdf?v=1729114848,2001 A Space Odyssey,2001 A Space Odyssey,https://imsdb.com//scripts//2001-A-Space-Odyssey.html,both,2001 A Space Odyssey,,,,2001: A Space Odyssey,https://www.dailyscript.com/scripts/2001.html,html,2001 A Space Odyssey,both
https://assets.scriptslug.com/live/pdf/scripts/2010-the-year-we-make-contact-1984.pdf?v=1729114849,2010 The Year We Make Contact,,,left_only,2010 The Year We Make Contact,,,,,,,,left_only
,,2012,https://imsdb.com//scripts//2012.html,right_only,2012,,,,,,,,left_only
https://assets.scriptslug.com/live/pdf/scripts/20th-century-girl-2022.pdf?v=1729114849,20th Century Girl,,,left_only,20th Century Girl,,,,,,,,left_only
,,,,,,,,,20th Century Woman,https://www.dailyscript.com/scripts/20TH_CENTURY_WOMEN.pdf,pdf,20th Century Woman,right_only
https://assets.scriptslug.com/live/pdf/scripts/20th-century-women-2016.pdf?v=1729114849,20th Century Women,20th Century Women,https://imsdb.com//scripts//20th-Century-Women.html,both,20th Century Women,,,,,,,,left_only
https://assets.scriptslug.com/live/pdf/scripts/21-jump-street-2012.pdf?v=1729114849,21 Jump Street,,,left_only,21 Jump Street,,,,,,,,left_only
https://assets.scriptslug.com/live/pdf/scripts/2-13-2009.pdf?v=1729114848,213,,,left_only,213,,,,,,,,left_only
https://assets.scriptslug.com/live/pdf/scripts/22-july-2018.pdf?v=1729114849,22 July,,,left_only,22 July,,,,,,,,left_only
https://assets.scriptslug.com/live/pdf/scripts/22-jump-street-2014.pdf?v=1729114849,22 Jump Street,,,left_only,22 Jump Street,,,,,,,,left_only
,,25th Hour,https://imsdb.com//scripts//25th-Hour.html,right_only,25th Hour,,,,25th Hour,https://www.dailyscript.com/scripts/25thhour_all.pdf,pdf,25th Hour,both
https://assets.scriptslug.com/live/pdf/scripts/28-days-later-2002.pdf?v=1729114849,28 Days Later,28 Days Later,https://imsdb.com//scripts//28-Days-Later.html,both,28 Days Later,,,,,,,,left_only
https://assets.scriptslug.com/live/pdf/scripts/28-weeks-later-2007.pdf?v=1729114849,28 Weeks Later,,,left_only,28 Weeks Later,,,,,,,,left_only
,,,,,,,,,3 Kings,https://www.dailyscript.com/scripts/three-kings_shooting.html,html,3 Kings,right_only
,,,,,,,,,3 Kings (Spoils of War),https://www.dailyscript.com/scripts/three-kings_unproduced.html,html,3 Kings (spoils Of War),right_only
,,30 Minutes Or Less,https://imsdb.com//scripts//30-Minutes-or-Less.html,right_only,30 Minutes Or Less,,,,,,,,left_only
https://assets.scriptslug.com/live/pdf/scripts/300-2006.pdf?v=1729114849,300,,,left_only,300,,,,,,,,left_only
,,,,,,,,,40 Year Old Virgin,https://www.dailyscript.com/scripts/40_year_old_virgin.pdf,pdf,40 Year Old Virgin,right_only
,,42,https://imsdb.com//scripts//42.html,right_only,42,,,,,,,,left_only
,,44 Inch Chest,https://imsdb.com//scripts//44-Inch-Chest.html,right_only,44 Inch Chest,,,,,,,,left_only
,,,,,,,,,48 Hours,https://www.dailyscript.com/scripts/48hours.html,html,48 Hours,right_only
https://assets.scriptslug.com/live/pdf/scripts/48-hrs-1982.pdf?v=1729114850,48 Hrs,48 Hrs,https://imsdb.com//scripts//48-Hrs..html,both,48 Hrs,,,,,,,,left_only
https://assets.scriptslug.com/live/pdf/scripts/5-to-7-2014.pdf?v=1729114850,5 To 7,,,left_only,5 To 7,,,,,,,,left_only
,,50 50,https://imsdb.com//scripts//50-50.html,right_only,50 50,,,,,,,,left_only
,,500 Days Of Summer,https://imsdb.com//scripts//500-Days-of-Summer.html,right_only,500 Days Of Summer,,,,,,,,left_only
,,,,,,,,,531,https://www.dailyscript.com/scripts/531.doc,doc,531,right_only
https://assets.scriptslug.com/live/pdf/scripts/8-bit-christmas-2021.pdf?v=1729114850,8 Bit Christmas,,,left_only,8 Bit Christmas,,,,,,,,left_only
https://assets.scriptslug.com/live/pdf/scripts/8-mile-2002.pdf?v=1729114850,8 Mile,8 Mile,https://imsdb.com//scripts//8-Mile.html,both,8 Mile,8 Mile,HTML len = 0 : no content scrapped,8 Mile,,,,,left_only
,,,,,,,,,8 Mile (aka Untitled Detroit Project),https://www.dailyscript.com/scripts/8MILE.pdf,pdf,8 Mile (aka Untitled Detroit Project),right_only
,,,,,,,,,8 Millimeter,https://www.dailyscript.com/scripts/eight-millimeter.html,html,8 Millimeter,right_only
,,,,,,,,,8 MM,https://www.dailyscript.com/scripts/eight-millimeter.html,html,8 Mm,right_only
,,,,,,,,,84 Charlie MoPic,https://www.dailyscript.com/scripts/84%20Charlie%20MoPic.txt,txt,84 Charlie Mopic,right_only
,,8mm,https://imsdb.com//scripts//8MM.html,right_only,8mm,,,,,,,,left_only
https://assets.scriptslug.com/live/pdf/scripts/8-1-2-1963.pdf?v=1729114850,8½,,,left_only,8½,,,,,,,,left_only
,,9,https://imsdb.com//scripts//9.html,right_only,9,,,,,,,,left_only
https://assets.scriptslug.com/live/pdf/scripts/a-beautiful-day-in-the-neighborhood-2019.pdf?v=1729114850,A Beautiful Day In The Neighborhood,,,left_only,A Beautiful Day In The Neighborhood,,,,,,,,left_only
https://assets.scriptslug.com/live/pdf/scripts/a-beautiful-mind-2001.pdf?v=1729114850,A Beautiful Mind,,,left_only,A Beautiful Mind,,,,,,,,left_only
https://assets.scriptslug.com/live/pdf/scripts/a-christmas-story-1983.pdf?v=1729114851,A Christmas Story,,,left_only,A Christmas Story,,,,A Christmas Story,https://www.dailyscript.com/scripts/AChristmasStory.pdf,pdf,A Christmas Story,both
https://assets.scriptslug.com/live/pdf/scripts/a-clockwork-orange-1971.pdf?v=1729114851,A Clockwork Orange,,,left_only,A Clockwork Orange,,,,A Clockwork Orange,https://www.dailyscript.com/scripts/A+Clockwork+Orange.pdf,pdf,A Clockwork Orange,both
https://assets.scriptslug.com/live/pdf/scripts/a-complete-unknown-2024.pdf?v=1738463523,A Complete Unknown,,,left_only,A Complete Unknown,,,,,,,,left_only
,,,,,,,,,A Dry White Season,https://www.dailyscript.com/scripts/Dry_White_Season.pdf,pdf,A Dry White Season,right_only
https://assets.scriptslug.com/live/pdf/scripts/a-fantastic-woman-2017.pdf?v=1729114851,A Fantastic Woman,,,left_only,A Fantastic Woman,,,,,,,,left_only
https://assets.scriptslug.com/live/pdf/scripts/a-few-good-men-1992.pdf?v=1729114851,A Few Good Men,A Few Good Men,https://imsdb.com//scripts//A-Few-Good-Men.html,both,A Few Good Men,,,,,,,,left_only
https://assets.scriptslug.com/live/pdf/scripts/a-good-person-2023.pdf?v=1729114851,A Good Person,A Good Person,https://imsdb.com//scripts//A-Good-Person.html,both,A Good Person,,,,,,,,left_only
,,,,,,,,,A Good Year,https://www.dailyscript.com/scripts/A-GOOD-YEAR.pdf,pdf,A Good Year,right_only
,,,,,,,,,A Hard Day's Night,"https://www.dailyscript.com/scripts/Hard+Day's+Night,+A.txt",txt,A Hard Days Night,right_only
https://assets.scriptslug.com/live/pdf/scripts/a-haunting-in-venice-2023.pdf?v=1729114851,A Haunting In Venice,,,left_only,A Haunting In Venice,,,,,,,,left_only
https://assets.scriptslug.com/live/pdf/scripts/a-hero-2021.pdf?v=1729114851,A Hero,,,left_only,A Hero,,,,,,,,left_only
https://assets.scriptslug.com/live/pdf/scripts/a-hidden-life-2019.pdf?v=1729114851,A Hidden Life,,,left_only,A Hidden Life,,,,,,,,left_only
https://assets.scriptslug.com/live/pdf/scripts/a-history-of-violence-2005.pdf?v=1729114851,A History Of Violence,,,left_only,A History Of Violence,,,,,,,,left_only
https://assets.scriptslug.com/live/pdf/scripts/a-knights-tale-2001.pdf?v=1729114852,A Knights Tale,,,left_only,A Knights Tale,,,,,,,,left_only
https://assets.scriptslug.com/live/pdf/scripts/a-knock-at-the-cabin-2023.pdf?v=1729114852,A Knock At The Cabin,,,left_only,A Knock At The Cabin,,,,,,,,left_only
,,,,,,,,,A Last Kiss (filmed as The Last Kiss),https://www.dailyscript.com/scripts/A-Last-Kiss-script.pdf,pdf,A Last Kiss (filmed As The Last Kiss),right_only
https://assets.scriptslug.com/live/pdf/scripts/a-league-of-their-own-1992.pdf?v=1729114852,A League Of Their Own,,,left_only,A League Of Their Own,,,,,,,,left_only
https://assets.scriptslug.com/live/pdf/scripts/a-man-called-otto-2022.pdf?v=1729114852,A Man Called Otto,,,left_only,A Man Called Otto,,,,,,,,left_only
https://assets.scriptslug.com/live/pdf/scripts/a-million-miles-away-2023.pdf?v=1729114852,A Million Miles Away,A Million Miles Away,https://imsdb.com//scripts//A-Million-Miles-Away.html,both,A Million Miles Away,,,,,,,,left_only
https://assets.scriptslug.com/live/pdf/scripts/a-monster-calls-2016.pdf?v=1729114852,A Monster Calls,,,left_only,A Monster Calls,,,,,,,,left_only
https://assets.scriptslug.com/live/pdf/scripts/a-most-violent-year-2014.pdf?v=1729114852,A Most Violent Year,A Most Violent Year,https://imsdb.com//scripts//A-Most-Violent-Year.html,both,A Most Violent Year,,,,A Most Violent Year,https://www.dailyscript.com/scripts/AMVY+Script.pdf,pdf,A Most Violent Year,both
https://assets.scriptslug.com/live/pdf/scripts/a-new-leaf-1971.pdf?v=1729114852,A New Leaf,,,left_only,A New Leaf,,,,,,,,left_only
https://assets.scriptslug.com/live/pdf/scripts/a-nightmare-on-elm-street-1984.pdf?v=1729114852,A Nightmare On Elm Street,,,left_only,A Nightmare On Elm Street,,,,A Nightmare on Elm Street,https://www.dailyscript.com/scripts/nightmare-on-elm-street.html,html,A Nightmare On Elm Street,both
https://assets.scriptslug.com/live/pdf/scripts/nightmare-on-elm-street-3-dream-warriors-1987.pdf?v=1729114962,A Nightmare On Elm Street 3 Dream Warriors,,,left_only,A Nightmare On Elm Street 3 Dream Warriors,,,,,,,,left_only
https://assets.scriptslug.com/live/pdf/scripts/a-nightmare-on-elm-street-the-dream-child-1989.pdf?v=1729114853,A Nightmare On Elm Street 5 The Dream Child,,,left_only,A Nightmare On Elm Street 5 The Dream Child,,,,,,,,left_only
,,,,,,,,,A Perfect World,https://www.dailyscript.com/scripts/A_Perfect_World.pdf,pdf,A Perfect World,right_only
,,A Prayer Before Dawn,https://imsdb.com//scripts//A-Prayer-Before-Dawn.html,right_only,A Prayer Before Dawn,,,,,,,,left_only
https://assets.scriptslug.com/live/pdf/scripts/a-quiet-place-2018.pdf?v=1729114853,A Quiet Place,A Quiet Place,https://imsdb.com//scripts//A-Quiet-Place.html,both,A Quiet Place,,,,,,,,left_only
https://assets.scriptslug.com/live/pdf/scripts/a-real-pain-2024.pdf?v=1735776819,A Real Pain,A Real Pain,https://imsdb.com//scripts//A-Real-Pain.html,both,A Real Pain,,,,,,,,left_only
,,A Scanner Darkly,https://imsdb.com//scripts//A-Scanner-Darkly.html,right_only,A Scanner Darkly,,,,,,,,left_only
https://assets.scriptslug.com/live/pdf/scripts/a-separation-2011.pdf?v=1729114853,A Separation,,,left_only,A Separation,,,,,,,,left_only
https://assets.scriptslug.com/live/pdf/scripts/a-serious-man-2009.pdf?v=1729114853,A Serious Man,A Serious Man,https://imsdb.com//scripts//A-Serious-Man.html,both,A Serious Man,,,,,,,,left_only
https://assets.scriptslug.com/live/pdf/scripts/a-simple-favor-2018.pdf?v=1729114853,A Simple Favor,,,left_only,A Simple Favor,,,,,,,,left_only
https://assets.scriptslug.com/live/pdf/scripts/a-simple-plan-1998.pdf?v=1729114853,A Simple Plan,,,left_only,A Simple Plan,,,,,,,,left_only
https://assets.scriptslug.com/live/pdf/scripts/a-soldiers-story-1984.pdf?v=1729114853,A Soldiers Story,,,left_only,A Soldiers Story,,,,,,,,left_only
https://assets.scriptslug.com/live/pdf/scripts/a-star-is-born-2018.pdf?v=1729114853,A Star Is Born,,,left_only,A Star Is Born,,,,,,,,left_only
https://assets.scriptslug.com/live/pdf/scripts/a-thin-line-between-love-and-hate-1996.pdf?v=1729114853,A Thin Line Between Love And Hate,,,left_only,A Thin Line Between Love And Hate,,,,,,,,left_only
,,,,,,,,,A Thousand Acres,https://www.dailyscript.com/scripts/A-Thousand-Acres.pdf,pdf,A Thousand Acres,right_only
https://assets.scriptslug.com/live/pdf/scripts/a-time-to-kill-1996.pdf?v=1729114853,A Time To Kill,,,left_only,A Time To Kill,,,,,,,,left_only
https://assets.scriptslug.com/live/pdf/scripts/a-view-to-a-kill-1985.pdf?v=1729114854,A View To A Kill,,,left_only,A View To A Kill,,,,,,,,left_only
,,,,,,,,,A Walk to Remember,https://www.dailyscript.com/scripts/A_Walk_to_Remember.pdf,pdf,A Walk To Remember,right_only
https://assets.scriptslug.com/live/pdf/scripts/about-alex-2014.pdf?v=1729114854,About Alex,,,left_only,About Alex,,,,,,,,left_only
,,Above The Law,https://imsdb.com//scripts//Above-the-Law.html,right_only,Above The Law,,,,Above the Law,https://www.dailyscript.com/scripts/Above_the_Law.pdf,pdf,Above The Law,both
https://assets.scriptslug.com/live/pdf/scripts/abraham-lincoln-vampire-hunter-2012.pdf?v=1729114854,Abraham Lincoln Vampire Hunter,,,left_only,Abraham Lincoln Vampire Hunter,,,,,,,,left_only
,,Absolute Power,https://imsdb.com//scripts//Absolute-Power.html,right_only,Absolute Power,,,,Absolute Power,https://www.dailyscript.com/scripts/Absolute_Power.PDF,pdf,Absolute Power,both
https://assets.scriptslug.com/live/pdf/scripts/ace-ventura-pet-detective-1994.pdf?v=1729114854,Ace Ventura Pet Detective,Ace Ventura Pet Detective,https://imsdb.com//scripts//Ace-Ventura-Pet-Detective.html,both,Ace Ventura Pet Detective,,,,Ace Ventura: Pet Detective,https://www.dailyscript.com/scripts/ace_ventura_shoot.html,html,Ace Ventura Pet Detective,both
https://assets.scriptslug.com/live/pdf/scripts/actions-jackson-1988.pdf?v=1729114854,Action Jackson,,,left_only,Action Jackson,,,,,,,,left_only
https://assets.scriptslug.com/live/pdf/scripts/ad-astra-2019.pdf?v=1729114854,Ad Astra,Ad Astra,https://imsdb.com//scripts//Ad-Astra.html,both,Ad Astra,,,,,,,,left_only
https://assets.scriptslug.com/live/pdf/scripts/adaptation-2002.pdf?v=1729114854,Adaptation,Adaptation,https://imsdb.com//scripts//Adaptation.html,both,Adaptation,,,,Adaptation,https://www.dailyscript.com/scripts/adaptation.pdf,pdf,Adaptation,both
https://assets.scriptslug.com/live/pdf/scripts/addams-family-values-1993.pdf?v=1729114855,Addams Family Values,,,left_only,Addams Family Values,,,,,,,,left_only
,,,,,,,,,Adventureland,https://www.dailyscript.com/scripts/Adventureland.pdf,pdf,Adventureland,right_only
,,Affliction,https://imsdb.com//scripts//Affliction.html,right_only,Affliction,,,,Affliction,https://www.dailyscript.com/scripts/Affliction.txt,txt,Affliction,both
,,After School Special,https://imsdb.com//scripts//After-School-Special.html,right_only,After School Special,,,,,,,,left_only
https://assets.scriptslug.com/live/pdf/scripts/after-the-wedding-2019.pdf?v=1729114855,After The Wedding,,,left_only,After The Wedding,,,,,,,,left_only
,,Afterlife,https://imsdb.com//scripts//After.Life.html,right_only,Afterlife,,,,,,,,left_only
https://assets.scriptslug.com/live/pdf/scripts/aftersun-2022.pdf?v=1729114855,Aftersun,,,left_only,Aftersun,,,,,,,,left_only
,,Agnes Of God,https://imsdb.com//scripts//Agnes-of-God.html,right_only,Agnes Of God,,,,,,,,left_only
,,Ai,https://imsdb.com//scripts//A.I..html,right_only,Ai,A.I.,"Webstatus : 404
",Ai,,,,,left_only
https://assets.scriptslug.com/live/pdf/scripts/air-2023.pdf?v=1729114855,Air,Air,https://imsdb.com//scripts//Air.html,both,Air,,,,,,,,left_only
https://assets.scriptslug.com/live/pdf/scripts/air-force-one-1997.pdf?v=1729114855,Air Force One,Air Force One,https://imsdb.com//scripts//Air-Force-One.html,both,Air Force One,,,,,,,,left_only
,,,,,,,,,Airforce One,https://www.dailyscript.com/scripts/AirForceOne_TXT.html,html,Airforce One,right_only
https://assets.scriptslug.com/live/pdf/scripts/airplane-1980.pdf?v=1729114855,Airplane,Airplane,https://imsdb.com//scripts//Airplane.html,both,Airplane,,,,Airplane!,https://www.dailyscript.com/scripts/Airplane_script.htm,htm,Airplane,both
https://assets.scriptslug.com/live/pdf/scripts/airplane-ii-the-sequel-1982.pdf?v=1729114855,Airplane 2 The Sequel,Airplane 2 The Sequel,https://imsdb.com//scripts//Airplane-2-The-Sequel.html,both,Airplane 2 The Sequel,,,,Airplane II: The Sequel,https://www.dailyscript.com/scripts/Airplane2_script.htm,htm,Airplane 2 The Sequel,both
https://assets.scriptslug.com/live/pdf/scripts/aladdin-1992.pdf?v=1729114855,Aladdin,Aladdin,https://imsdb.com//scripts//Aladdin.html,both,Aladdin,,,,,,,,left_only
https://assets.scriptslug.com/live/pdf/scripts/alex-cross-2012.pdf?v=1729114855,Alex Cross,,,left_only,Alex Cross,,,,,,,,left_only
,,,,,,,,,Alfie,https://www.dailyscript.com/scripts/Alfie.pdf,pdf,Alfie,right_only
https://assets.scriptslug.com/live/pdf/scripts/ali-2001.pdf?v=1729114855,Ali,Ali,https://imsdb.com//scripts//Ali.html,both,Ali,,,,Ali,https://www.dailyscript.com/scripts/Ali.pdf,pdf,Ali,both
https://assets.scriptslug.com/live/pdf/scripts/alien-1979.pdf?v=1729114856,Alien,Alien,https://imsdb.com//scripts//Alien.html,both,Alien,,,,Alien,https://www.dailyscript.com/scripts/alien_early.html,html,Alien,both
https://assets.scriptslug.com/live/pdf/scripts/alien-3-1992.pdf?v=1729114856,Alien 3,Alien 3,https://imsdb.com//scripts//Alien-3.html,both,Alien 3,,,,,,,,left_only
https://assets.scriptslug.com/live/pdf/scripts/alien-covenant-2017.pdf?v=1729114856,Alien Covenant,,,left_only,Alien Covenant,,,,,,,,left_only
,,Alien Nation,https://imsdb.com//scripts//Alien-Nation.html,right_only,Alien Nation,,,,Alien Nation,https://www.dailyscript.com/scripts/Alien_Nation_Bannon_Cameron_October_1987.html,html,Alien Nation,both
https://assets.scriptslug.com/live/pdf/scripts/alien-resurrection-1997.pdf?v=1729114856,Alien Resurrection,Alien Resurrection,https://imsdb.com//scripts//Alien-Resurrection.html,both,Alien Resurrection,,,,,,,,left_only
,,Alien Vs Predator,https://imsdb.com//scripts//Alien-vs.-Predator.html,right_only,Alien Vs Predator,,,,,,,,left_only
https://assets.scriptslug.com/live/pdf/scripts/alien-vs-predator-requiem-2007.pdf?v=1729114856,Alien Vs Predator Requiem,,,left_only,Alien Vs Predator Requiem,,,,,,,,left_only
https://assets.scriptslug.com/live/pdf/scripts/aliens-1986.pdf?v=1729114856,Aliens,Aliens,https://imsdb.com//scripts//Aliens.html,both,Aliens,,,,Aliens,https://www.dailyscript.com/scripts/Aliens_James_Cameron_May_28_1985_first_draft.html,html,Aliens,both
https://assets.scriptslug.com/live/pdf/scripts/aligarh-2015.pdf?v=1729114856,Aligarh,,,left_only,Aligarh,,,,,,,,left_only
https://assets.scriptslug.com/live/pdf/scripts/all-about-eve-1950.pdf?v=1729114856,All About Eve,All About Eve,https://imsdb.com//scripts//All-About-Eve.html,both,All About Eve,,,,All About Eve,https://www.dailyscript.com/scripts/All%20About%20Eve.txt,txt,All About Eve,both
,,All About Steve,https://imsdb.com//scripts//All-About-Steve.html,right_only,All About Steve,,,,,,,,left_only
https://assets.scriptslug.com/live/pdf/scripts/all-is-lost-2013.pdf?v=1729114856,All Is Lost,,,left_only,All Is Lost,,,,,,,,left_only
https://assets.scriptslug.com/live/pdf/scripts/all-is-true-2018.pdf?v=1729114856,All Is True,,,left_only,All Is True,,,,,,,,left_only
https://assets.scriptslug.com/live/pdf/scripts/all-of-us-strangers-2023.pdf?v=1729114857,All Of Us Strangers,All Of Us Strangers,https://imsdb.com//scripts//All-of-Us-Strangers.html,both,All Of Us Strangers,,,,,,,,left_only
https://assets.scriptslug.com/live/pdf/scripts/all-quiet-on-the-western-front-2022.pdf?v=1729114857,All Quiet On The Western Front,,,left_only,All Quiet On The Western Front,,,,,,,,left_only
https://assets.scriptslug.com/live/pdf/scripts/all-the-boys-love-mandy-lane-2006.pdf?v=1729114857,All The Boy Love Mandy Lane,,,left_only,All The Boy Love Mandy Lane,,,,,,,,left_only
,,All The Kings Men,https://imsdb.com//scripts//All-the-King's-Men.html,right_only,All The Kings Men,,,,All The King's Men,https://www.dailyscript.com/scripts/All%20The%20King%27s%20Men%20(1949).txt,txt,All The Kings Men,both
https://assets.scriptslug.com/live/pdf/scripts/all-the-money-in-the-world-2017.pdf?v=1729114857,All The Money In The World,,,left_only,All The Money In The World,,,,,,,,left_only
https://assets.scriptslug.com/live/pdf/scripts/all-the-old-knives-2022.pdf?v=1729114857,All The Old Knives,,,left_only,All The Old Knives,,,,,,,,left_only
https://assets.scriptslug.com/live/pdf/scripts/all-the-presidents-men-1976.pdf?v=1729114857,All The Presidents Men,All The Presidents Men,https://imsdb.com//scripts//All-the-President's-Men.html,both,All The Presidents Men,,,,All The President's Men,https://www.dailyscript.com/scripts/All%20The%20President's%20Men.txt,txt,All The Presidents Men,both
https://assets.scriptslug.com/live/pdf/scripts/almost-famous-2000.pdf?v=1729114857,Almost Famous,Almost Famous,https://imsdb.com//scripts//Almost-Famous.html,both,Almost Famous,,,,Almost Famous,https://www.dailyscript.com/scripts/Almost%20Famous.txt,txt,Almost Famous,both
,,Alone In The Dark,https://imsdb.com//scripts//Alone-in-the-Dark.html,right_only,Alone In The Dark,,,,,,,,left_only
https://assets.scriptslug.com/live/pdf/scripts/altered-states-1980.pdf?v=1729114857,Altered States,,,left_only,Altered States,,,,,,,,left_only
https://assets.scriptslug.com/live/pdf/scripts/amadeus-1984.pdf?v=1729114857,Amadeus,Amadeus,https://imsdb.com//scripts//Amadeus.html,both,Amadeus,,,,Amadeus,https://www.dailyscript.com/scripts/amadeus.html,html,Amadeus,both
https://assets.scriptslug.com/live/pdf/scripts/ambulance-2022.pdf?v=1729114857,Ambulance,,,left_only,Ambulance,,,,,,,,left_only
,,Amelia,https://imsdb.com//scripts//Amelia.html,right_only,Amelia,,,,,,,,left_only
https://assets.scriptslug.com/live/pdf/scripts/american-animals-2018.pdf?v=1729114858,American Animals,,,left_only,American Animals,,,,,,,,left_only
https://assets.scriptslug.com/live/pdf/scripts/american-beauty-1999.pdf?v=1729114858,American Beauty,American Beauty,https://imsdb.com//scripts//American-Beauty.html,both,American Beauty,,,,American Beauty,https://www.dailyscript.com/scripts/American%20Beauty.txt,txt,American Beauty,both
,,,,,,,,,American Bullshit (filmed as American Hustle),https://www.dailyscript.com/scripts/American_BullShit.pdf,pdf,American Bullshit (filmed As American Hustle),right_only
https://assets.scriptslug.com/live/pdf/scripts/american-fiction-2023.pdf?v=1729114858,American Fiction,American Fiction,https://imsdb.com//scripts//American-Fiction.html,both,American Fiction,,,,,,,,left_only
,,American Gangster,https://imsdb.com//scripts//American-Gangster.html,right_only,American Gangster,,,,,,,,left_only
https://assets.scriptslug.com/live/pdf/scripts/american-graffiti-1973.pdf?v=1729114858,American Graffiti,American Graffiti,https://imsdb.com//scripts//American-Graffiti.html,both,American Graffiti,,,,American Graffiti,https://www.dailyscript.com/scripts/American%20Graffiti.txt,txt,American Graffiti,both
,,American History X,https://imsdb.com//scripts//American-History-X.html,right_only,American History X,,,,,,,,left_only
https://assets.scriptslug.com/live/pdf/scripts/american-hustle-2013.pdf?v=1729114858,American Hustle,American Hustle,https://imsdb.com//scripts//American-Hustle.html,both,American Hustle,,,,,,,,left_only
,,American Madness,https://imsdb.com//scripts//American-Madness.html,right_only,American Madness,,,,American Madness,https://www.dailyscript.com/scripts/American_Madness.html,html,American Madness,both
,,American Milkshake,https://imsdb.com//scripts//American-Milkshake.html,right_only,American Milkshake,,,,,,,,left_only
,,American Outlaws,https://imsdb.com//scripts//American-Outlaws.html,right_only,American Outlaws,,,,American Outlaws,https://www.dailyscript.com/scripts/American_Outlaws.html,html,American Outlaws,both
https://assets.scriptslug.com/live/pdf/scripts/american-pie-1999.pdf?v=1729114858,American Pie,American Pie,https://imsdb.com//scripts//American-Pie.html,both,American Pie,,,,American Pie,https://www.dailyscript.com/scripts/american-pie_production.html,html,American Pie,both
https://assets.scriptslug.com/live/pdf/scripts/american-psycho-2000.pdf?v=1729114858,American Psycho,American Psycho,https://imsdb.com//scripts//American-Psycho.html,both,American Psycho,,,,American Psycho,https://www.dailyscript.com/scripts/American_Psycho_Harron_Turner.html,html,American Psycho,both
,,American Shaolin King Of Kickboxers 2,https://imsdb.com//scripts//American-Shaolin-King-of-Kickboxers-II.html,right_only,American Shaolin King Of Kickboxers 2,,,,,,,,left_only
https://assets.scriptslug.com/live/pdf/scripts/american-sniper-2014.pdf?v=1729114859,American Sniper,American Sniper,https://imsdb.com//scripts//American-Sniper.html,both,American Sniper,,,,,,,,left_only
,,American Splendor,https://imsdb.com//scripts//American-Splendor.html,right_only,American Splendor,,,,American Splendor,https://www.dailyscript.com/scripts/American_Splendor.pdf,pdf,American Splendor,both
https://assets.scriptslug.com/live/pdf/scripts/american-ultra-2015.pdf?v=1729114859,American Ultra,,,left_only,American Ultra,,,,,,,,left_only
,,American Werewolf In London,https://imsdb.com//scripts//American-Werewolf-in-London.html,right_only,American Werewolf In London,,,,,,,,left_only
https://assets.scriptslug.com/live/pdf/scripts/amistad-1997.pdf?v=1729114859,Amistad,,,left_only,Amistad,,,,,,,,left_only
https://assets.scriptslug.com/live/pdf/scripts/amour-2012.pdf?v=1729114859,Amour,Amour,https://imsdb.com//scripts//Amour.html,both,Amour,,,,,,,,left_only
https://assets.scriptslug.com/live/pdf/scripts/amsterdam-2022.pdf?v=1729114859,Amsterdam,,,left_only,Amsterdam,,,,,,,,left_only
https://assets.scriptslug.com/live/pdf/scripts/amelie-2001.pdf?v=1729114858,Amélie,,,left_only,Amélie,,,,,,,,left_only
https://assets.scriptslug.com/live/pdf/scripts/an-affair-to-remember-1957.pdf?v=1729114859,An Affair To Remember,,,left_only,An Affair To Remember,,,,An Affair to Remember,https://www.dailyscript.com/scripts/an_affair_to_remember.pdf,pdf,An Affair To Remember,both
https://assets.scriptslug.com/live/pdf/scripts/an-american-werewolf-in-london-1981.pdf?v=1729114859,An American Werewolf In London,,,left_only,An American Werewolf In London,,,,An American Werewolf In London,"https://www.dailyscript.com/scripts/American%20Werewolf%20In%20London,%20An.txt",txt,An American Werewolf In London,both
,,,,,,,,,An American Werewolf In Paris,"https://www.dailyscript.com/scripts/American+Werewolf+In+Paris,+An.txt",txt,An American Werewolf In Paris,right_only
,,An Education,https://imsdb.com//scripts//An-Education.html,right_only,An Education,,,,,,,,left_only
,,,,,,,,,An Officer and a Gentleman,https://www.dailyscript.com/scripts/officerandgentleman.pdf,pdf,An Officer And A Gentleman,right_only
https://assets.scriptslug.com/live/pdf/scripts/an-unmarried-woman-1978.pdf?v=1729114859,An Unmarried Woman,,,left_only,An Unmarried Woman,,,,,,,,left_only
https://assets.scriptslug.com/live/pdf/scripts/anaconda-1997.pdf?v=1729114859,Anaconda,,,left_only,Anaconda,,,,,,,,left_only
,,,,,,,,,Analyse That,https://www.dailyscript.com/scripts/Analyze_That.pdf,pdf,Analyse That,right_only
,,,,,,,,,Analyse This,https://www.dailyscript.com/scripts/Analyze_This.pdf,pdf,Analyse This,right_only
https://assets.scriptslug.com/live/pdf/scripts/analyze-that-2002.pdf?v=1729114860,Analyze That,Analyze That,https://imsdb.com//scripts//Analyze-That.html,both,Analyze That,,,,,,,,left_only
https://assets.scriptslug.com/live/pdf/scripts/analyze-this-1999.pdf?v=1729114860,Analyze This,Analyze This,https://imsdb.com//scripts//Analyze-This.html,both,Analyze This,,,,,,,,left_only
https://assets.scriptslug.com/live/pdf/scripts/anastasia-1997.pdf?v=1729114860,Anastasia,Anastasia,https://imsdb.com//scripts//Anastasia.html,both,Anastasia,,,,,,,,left_only
https://assets.scriptslug.com/live/pdf/scripts/anatomy-of-a-fall-2023.pdf?v=1729114860,Anatomy Of A Fall,,,left_only,Anatomy Of A Fall,,,,,,,,left_only
https://assets.scriptslug.com/live/pdf/scripts/anatomy-of-a-murder-1959.pdf?v=1729114860,Anatomy Of A Murder,,,left_only,Anatomy Of A Murder,,,,Anatomy of a Murder,https://www.dailyscript.com/scripts/anatomy_of_a_murder.pdf,pdf,Anatomy Of A Murder,both
https://assets.scriptslug.com/live/pdf/scripts/anchorman-the-legend-of-ron-burgundy-2004.pdf?v=1729114860,Anchorman The Legend Of Ron Burgundy,,,left_only,Anchorman The Legend Of Ron Burgundy,,,,,,,,left_only
https://assets.scriptslug.com/live/pdf/scripts/angel-eyes-2001.pdf?v=1729114860,Angel Eyes,Angel Eyes,https://imsdb.com//scripts//Angel-Eyes.html,both,Angel Eyes,,,,Angel Eyes,https://www.dailyscript.com/scripts/Angel_Eyes.PDF,pdf,Angel Eyes,both
,,Angels & Demons,https://imsdb.com//scripts//Angels-&-Demons.html,right_only,Angels & Demons,Angels & Demons,HTML len = 0 : no content scrapped,Angels & Demons,,,,,left_only
https://assets.scriptslug.com/live/pdf/scripts/angels-with-dirty-faces-1938.pdf?v=1729114860,Angels With Dirty Faces,,,left_only,Angels With Dirty Faces,,,,,,,,left_only
https://assets.scriptslug.com/live/pdf/scripts/anger-management-2003.pdf?v=1729114860,Anger Management,,,left_only,Anger Management,,,,,,,,left_only
https://assets.scriptslug.com/live/pdf/scripts/animal-kingdom-2010.pdf?v=1729114860,Animal Kingdom,,,left_only,Animal Kingdom,,,,,,,,left_only
,,Anna Karenina,https://imsdb.com//scripts//Anna-Karenina.html,right_only,Anna Karenina,,,,,,,,left_only
https://assets.scriptslug.com/live/pdf/scripts/annabelle-2014.pdf?v=1729114861,Annabelle,,,left_only,Annabelle,,,,,,,,left_only
https://assets.scriptslug.com/live/pdf/scripts/annette-2021.pdf?v=1729114861,Annette,,,left_only,Annette,,,,,,,,left_only
https://assets.scriptslug.com/live/pdf/scripts/annie-hall-1977.pdf?v=1729114861,Annie Hall,Annie Hall,https://imsdb.com//scripts//Annie-Hall.html,both,Annie Hall,,,,Annie Hall,https://www.dailyscript.com/scripts/Annie%20Hall.txt,txt,Annie Hall,both
https://assets.scriptslug.com/live/pdf/scripts/annihilation-2018.pdf?v=1729114861,Annihilation,,,left_only,Annihilation,,,,,,,,left_only
,,Anonymous,https://imsdb.com//scripts//Anonymous.html,right_only,Anonymous,,,,,,,,left_only
https://assets.scriptslug.com/live/pdf/scripts/anora-2024.pdf?v=1738462640,Anora,Anora,https://imsdb.com//scripts//Anora.html,both,Anora,,,,,,,,left_only
https://assets.scriptslug.com/live/pdf/scripts/another-48-hrs-1990.pdf?v=1729114861,Another 48 Hrs,,,left_only,Another 48 Hrs,,,,,,,,left_only
https://assets.scriptslug.com/live/pdf/scripts/another-year-2010.pdf?v=1729114861,Another Year,,,left_only,Another Year,,,,,,,,left_only
https://assets.scriptslug.com/live/pdf/scripts/antebellum-2020.pdf?v=1729114861,Antebellum,,,left_only,Antebellum,,,,,,,,left_only
https://assets.scriptslug.com/live/pdf/scripts/anthropoid-2016.pdf?v=1729114861,Anthropoid,,,left_only,Anthropoid,,,,,,,,left_only
,,Antitrust,https://imsdb.com//scripts//Antitrust.html,right_only,Antitrust,,,,Antitrust,https://www.dailyscript.com/scripts/Antitrust.txt,txt,Antitrust,both
,,Antz,https://imsdb.com//scripts//Antz.html,right_only,Antz,,,,Antz,https://www.dailyscript.com/scripts/antz.html,html,Antz,both
https://assets.scriptslug.com/live/pdf/scripts/any-given-sunday-1999.pdf?v=1729114861,Any Given Sunday,,,left_only,Any Given Sunday,,,,Any Given Sunday,https://www.dailyscript.com/scripts/any_given_sunday.pdf,pdf,Any Given Sunday,both
,,,,,,,,,Apache Drums,https://www.dailyscript.com/scripts/apachedrums.pdf,pdf,Apache Drums,right_only
https://assets.scriptslug.com/live/pdf/scripts/apocalypse-now-1979.pdf?v=1729114861,Apocalypse Now,Apocalypse Now,https://imsdb.com//scripts//Apocalypse-Now.html,both,Apocalypse Now,,,,Apocalypse Now,https://www.dailyscript.com/scripts/apocolypse.html,html,Apocalypse Now,both
,,,,,,,,,Apocalypse Now: Redux,https://www.dailyscript.com/scripts/apocalypsenowredux.html,html,Apocalypse Now Redux,right_only
,,Apollo 13,https://imsdb.com//scripts//Apollo-13.html,right_only,Apollo 13,Apollo 13,HTML len = 0 : no content scrapped,Apollo 13,,,,,left_only
,,April Fools Day,https://imsdb.com//scripts//April-Fool's-Day.html,right_only,April Fools Day,,,,,,,,left_only
,,Apt Pupil,https://imsdb.com//scripts//Apt-Pupil.html,right_only,Apt Pupil,,,,Apt Pupil,https://www.dailyscript.com/scripts/apt-pupil_early.html,html,Apt Pupil,both
,,,,,,,,,Arac Attack (Released as Eight Legged Freaks),https://www.dailyscript.com/scripts/arac_attack.pdf,pdf,Arac Attack (released As Eight Legged Freaks),right_only
,,Arbitrage,https://imsdb.com//scripts//Arbitrage.html,right_only,Arbitrage,,,,,,,,left_only
,,Arcade,https://imsdb.com//scripts//Arcade.html,right_only,Arcade,,,,,,,,left_only
,,Arctic Blue,https://imsdb.com//scripts//Arctic-Blue.html,right_only,Arctic Blue,,,,,,,,left_only
https://assets.scriptslug.com/live/pdf/scripts/argentina-1985-2022.pdf?v=1729114862,Argentina 1985,,,left_only,Argentina 1985,,,,,,,,left_only
https://assets.scriptslug.com/live/pdf/scripts/argo-2012.pdf?v=1729114862,Argo,Argo,https://imsdb.com//scripts//Argo.html,both,Argo,,,,,,,,left_only
https://assets.scriptslug.com/live/pdf/scripts/armageddon-1998.pdf?v=1729114862,Armageddon,Armageddon,https://imsdb.com//scripts//Armageddon.html,both,Armageddon,,,,,,,,left_only
https://assets.scriptslug.com/live/pdf/scripts/armageddon-time-2022.pdf?v=1729114862,Armageddon Time,,,left_only,Armageddon Time,,,,,,,,left_only
https://assets.scriptslug.com/live/pdf/scripts/armed-and-dangerous-1986.pdf?v=1729114862,Armed And Dangerous,,,left_only,Armed And Dangerous,,,,,,,,left_only
,,,,,,,,,Armstrong (filmed as First Man),https://www.dailyscript.com/scripts/first-man-2018.pdf,pdf,Armstrong (filmed As First Man),right_only
https://assets.scriptslug.com/live/pdf/scripts/army-of-darkness-1992.pdf?v=1729114862,Army Of Darkness,Army Of Darkness,https://imsdb.com//scripts//Army-of-Darkness.html,both,Army Of Darkness,,,,,,,,left_only
https://assets.scriptslug.com/live/pdf/scripts/arrival-2016.pdf?v=1729114862,Arrival,,,left_only,Arrival,,,,Arrival,https://www.dailyscript.com/scripts/arrival.pdf,pdf,Arrival,both
,,Arsenic And Old Lace,https://imsdb.com//scripts//Arsenic-and-Old-Lace.html,right_only,Arsenic And Old Lace,,,,,,,,left_only
,,Arthur,https://imsdb.com//scripts//Arthur.html,right_only,Arthur,,,,,,,,left_only
https://assets.scriptslug.com/live/pdf/scripts/as-good-as-it-gets-1997.pdf?v=1729114862,As Good As It Gets,As Good As It Gets,https://imsdb.com//scripts//As-Good-As-It-Gets.html,both,As Good As It Gets,,,,As Good As It Gets,https://www.dailyscript.com/scripts/as_good_as_it_gets.html,html,As Good As It Gets,both
,,,,,,,,,As Good As It Gets ,https://www.dailyscript.com/scripts/As+Good+As+It+Gets.txt,txt,As Good As It Gets ,right_only
https://assets.scriptslug.com/live/pdf/scripts/ask-the-dust-2006.pdf?v=1729114863,Ask The Dust,,,left_only,Ask The Dust,,,,,,,,left_only
https://assets.scriptslug.com/live/pdf/scripts/assassination-nation-2018.pdf?v=1729114863,Assassination Nation,,,left_only,Assassination Nation,,,,,,,,left_only
,,Assassins,https://imsdb.com//scripts//Assassins.html,right_only,Assassins,,,,Assassins,https://www.dailyscript.com/scripts/assassins_early.html,html,Assassins,both
https://assets.scriptslug.com/live/pdf/scripts/assault-on-prisinct-13-2005.pdf?v=1729114863,Assault On Precinct 13,,,left_only,Assault On Precinct 13,,,,,,,,left_only
https://assets.scriptslug.com/live/pdf/scripts/asteroid-city-2023.pdf?v=1729114863,Asteroid City,Asteroid City,https://imsdb.com//scripts//Asteroid-City.html,both,Asteroid City,,,,,,,,left_only
,,,,,,,,,Asylum (Batman Vs Superman),https://www.dailyscript.com/scripts/asylum.pdf,pdf,Asylum (batman Vs Superman),right_only
,,At First Sight,https://imsdb.com//scripts//At-First-Sight.html,right_only,At First Sight,,,,At First Sight,https://www.dailyscript.com/scripts/at_first_sight.html,html,At First Sight,both
https://assets.scriptslug.com/live/pdf/scripts/atomic-blonde-2017.pdf?v=1729114863,Atomic Blonde,,,left_only,Atomic Blonde,,,,,,,,left_only
https://assets.scriptslug.com/live/pdf/scripts/attack-the-block-2011.pdf?v=1729114863,Attack The Block,,,left_only,Attack The Block,,,,,,,,left_only
https://assets.scriptslug.com/live/pdf/scripts/audrey-rose-1977.pdf?v=1729114864,Audrey Rose,,,left_only,Audrey Rose,,,,,,,,left_only
https://assets.scriptslug.com/live/pdf/scripts/august-osage-county-2013.pdf?v=1729114864,August Osage County,August Osage County,https://imsdb.com//scripts//August-Osage-County.html,both,August Osage County,,,,,,,,left_only
,,,,,,,,,Austin Powers 2: The Spy Who Shagged Me,https://www.dailyscript.com/scripts/Austin%20Powers%20-%20The%20Spy%20Who%20Shagged%20Me.txt,txt,Austin Powers 2 The Spy Who Shagged Me,right_only
,,Austin Powers International Man Of Mystery,https://imsdb.com//scripts//Austin-Powers---International-Man-of-Mystery.html,right_only,Austin Powers International Man Of Mystery,,,,Austin Powers: International Man of Mystery,https://www.dailyscript.com/scripts/Austin%20Powers%20-%20International%20Man%20Of%20Mystery.txt,txt,Austin Powers International Man Of Mystery,both
,,Austin Powers The Spy Who Shagged Me,https://imsdb.com//scripts//Austin-Powers---The-Spy-Who-Shagged-Me.html,right_only,Austin Powers The Spy Who Shagged Me,,,,,,,,left_only
,,Authors Anonymous,https://imsdb.com//scripts//Authors-Anonymous.html,right_only,Authors Anonymous,,,,,,,,left_only
,,Autumn In New York,https://imsdb.com//scripts//Autumn-in-New-York.html,right_only,Autumn In New York,,,,Autumn In New York,https://www.dailyscript.com/scripts/Autumn%20In%20New%20York.txt,txt,Autumn In New York,both
https://assets.scriptslug.com/live/pdf/scripts/avatar-2009.pdf?v=1729114864,Avatar,Avatar,https://imsdb.com//scripts//Avatar.html,both,Avatar,,,,,,,,left_only
https://assets.scriptslug.com/live/pdf/scripts/avengers-endgame-2019.pdf?v=1729114864,Avengers Endgame,Avengers Endgame,https://imsdb.com//scripts//Avengers-Endgame.html,both,Avengers Endgame,,,,,,,,left_only
https://assets.scriptslug.com/live/pdf/scripts/avp-alien-vs-predator-2004.pdf?v=1729114864,Avp Alien Vs Predator,,,left_only,Avp Alien Vs Predator,,,,,,,,left_only
,,Avventura L (the Adventure),"https://imsdb.com//scripts//Avventura,-L'-(The-Adventure).html",right_only,Avventura L (the Adventure),,,,,,,,left_only
,,Awakenings,https://imsdb.com//scripts//Awakenings.html,right_only,Awakenings,,,,Awakenings,https://www.dailyscript.com/scripts/awakenings_lite.pdf,pdf,Awakenings,both
,,Babel,https://imsdb.com//scripts//Babel.html,right_only,Babel,,,,Babel,https://www.dailyscript.com/scripts/Babel.pdf,pdf,Babel,both
https://assets.scriptslug.com/live/pdf/scripts/baby-boy-2001.pdf?v=1729114864,Baby Boy,,,left_only,Baby Boy,,,,,,,,left_only
https://assets.scriptslug.com/live/pdf/scripts/baby-driver-2017.pdf?v=1729114864,Baby Driver,,,left_only,Baby Driver,,,,,,,,left_only
https://assets.scriptslug.com/live/pdf/scripts/babylon-2022_2023-03-24-175719_unck.pdf?v=1729114865,Babylon,,,left_only,Babylon,,,,,,,,left_only
,,Bachelor Party,https://imsdb.com//scripts//Bachelor-Party.html,right_only,Bachelor Party,,,,Bachelor Party,https://www.dailyscript.com/scripts/Bachelor%20Party.txt,txt,Bachelor Party,both
https://assets.scriptslug.com/live/pdf/scripts/back-to-the-future-1985.pdf?v=1729114865,Back To The Future,Back To The Future,https://imsdb.com//scripts//Back-to-the-Future.html,both,Back To The Future,Back to the Future,HTML len = 0 : no content scrapped,Back To The Future,,,,,left_only
,,Back To The Future 2 & 3,https://imsdb.com//scripts//Back-to-the-Future-II-&-III.html,right_only,Back To The Future 2 & 3,Back to the Future II & III,HTML len = 0 : no content scrapped,Back To The Future 2 & 3,,,,,left_only
,,Backdraft,https://imsdb.com//scripts//Backdraft.html,right_only,Backdraft,,,,Backdraft,https://www.dailyscript.com/scripts/Backdraft%20(1991).txt,txt,Backdraft,both
https://assets.scriptslug.com/live/pdf/scripts/bad-boys-1995.pdf?v=1729114865,Bad Boys,Bad Boys,https://imsdb.com//scripts//Bad-Boys.html,both,Bad Boys,,,,Bad Boys,https://www.dailyscript.com/scripts/bad_boys.pdf,pdf,Bad Boys,both
https://assets.scriptslug.com/live/pdf/scripts/bad-boys-for-life-2020.pdf?v=1729114865,Bad Boys For Life,,,left_only,Bad Boys For Life,,,,,,,,left_only
,,Bad Country,https://imsdb.com//scripts//Bad-Country.html,right_only,Bad Country,,,,,,,,left_only
,,Bad Day At Black Rock,https://imsdb.com//scripts//Bad-Day-at-Black-Rock.html,right_only,Bad Day At Black Rock,,,,Bad Day At Black Rock,https://www.dailyscript.com/scripts/Bad%20Day%20At%20Black%20Rock.txt,txt,Bad Day At Black Rock,both
,,Bad Dreams,https://imsdb.com//scripts//Bad-Dreams.html,right_only,Bad Dreams,,,,,,,,left_only
https://assets.scriptslug.com/live/pdf/scripts/bad-lieutenant-1992.pdf?v=1729114865,Bad Lieutenant,Bad Lieutenant,https://imsdb.com//scripts//Bad-Lieutenant.html,both,Bad Lieutenant,,,,Bad Lieutenant,https://www.dailyscript.com/scripts/badlieu.pdf,pdf,Bad Lieutenant,both
https://assets.scriptslug.com/live/pdf/scripts/bad-moms-2016.pdf?v=1729114865,Bad Moms,,,left_only,Bad Moms,,,,,,,,left_only
https://assets.scriptslug.com/live/pdf/scripts/bad-moon-1996.pdf?v=1729114865,Bad Moon,,,left_only,Bad Moon,,,,,,,,left_only
https://assets.scriptslug.com/live/pdf/scripts/bad-santa-2003.pdf?v=1729114865,Bad Santa,Bad Santa,https://imsdb.com//scripts//Bad-Santa.html,both,Bad Santa,,,,Bad Santa,https://www.dailyscript.com/scripts/Bad%20Santa.txt,txt,Bad Santa,both
https://assets.scriptslug.com/live/pdf/scripts/bad-teacher-2011.pdf?v=1729114866,Bad Teacher,Bad Teacher,https://imsdb.com//scripts//Bad-Teacher.html,both,Bad Teacher,,,,,,,,left_only
https://assets.scriptslug.com/live/pdf/scripts/bad-times-at-the-el-royale-2018.pdf?v=1729114866,Bad Times At The El Royale,,,left_only,Bad Times At The El Royale,,,,,,,,left_only
https://assets.scriptslug.com/live/pdf/scripts/badlands-1973.pdf?v=1729114866,Badlands,Badlands,https://imsdb.com//scripts//Badlands.html,both,Badlands,,,,Badlands,https://www.dailyscript.com/scripts/Badlands.txt,txt,Badlands,both
,,Bamboozled,https://imsdb.com//scripts//Bamboozled.html,right_only,Bamboozled,,,,,,,,left_only
https://assets.scriptslug.com/live/pdf/scripts/barb-and-star-go-to-vista-del-mar-2021.pdf?v=1729114866,Barb And Star Go To Vista Del Mar,,,left_only,Barb And Star Go To Vista Del Mar,,,,,,,,left_only
https://assets.scriptslug.com/live/pdf/scripts/barbarian-2022.pdf?v=1729114866,Barbarian,,,left_only,Barbarian,,,,,,,,left_only
https://assets.scriptslug.com/live/pdf/scripts/barbershop-2002.pdf?v=1729114866,Barbershop,,,left_only,Barbershop,,,,,,,,left_only
https://assets.scriptslug.com/live/pdf/scripts/barbie-2023.pdf?v=1729114866,Barbie,Barbie,https://imsdb.com//scripts//Barbie.html,both,Barbie,,,,,,,,left_only
,,Barry Lyndon,https://imsdb.com//scripts//Barry-Lyndon.html,right_only,Barry Lyndon,,,,Barry Lyndon,https://www.dailyscript.com/scripts/BarryLyndon.html,html,Barry Lyndon,both
https://assets.scriptslug.com/live/pdf/scripts/barton-fink-1991.pdf?v=1729114867,Barton Fink,Barton Fink,https://imsdb.com//scripts//Barton-Fink.html,both,Barton Fink,,,,Barton Fink,https://www.dailyscript.com/scripts/Barton%20Fink.txt,txt,Barton Fink,both
,,Basic,https://imsdb.com//scripts//Basic.html,right_only,Basic,,,,Basic,https://www.dailyscript.com/scripts/Basic.txt,txt,Basic,both
https://assets.scriptslug.com/live/pdf/scripts/basic-instinct-1992.pdf?v=1729114867,Basic Instinct,Basic Instinct,https://imsdb.com//scripts//Basic-Instinct.html,both,Basic Instinct,,,,Basic Instinct,https://www.dailyscript.com/scripts/basic_instinct.html,html,Basic Instinct,both
https://assets.scriptslug.com/live/pdf/scripts/basic-instinct-2-2006.pdf?v=1729114867,Basic Instinct 2,,,left_only,Basic Instinct 2,,,,,,,,left_only
https://assets.scriptslug.com/live/pdf/scripts/basket-case-1982.pdf?v=1729114867,Basket Case,,,left_only,Basket Case,,,,,,,,left_only
,,Basquiat,https://imsdb.com//scripts//Basquiat.html,right_only,Basquiat,,,,,,,,left_only
https://assets.scriptslug.com/live/pdf/scripts/batman-1989.pdf?v=1729114867,Batman,Batman,https://imsdb.com//scripts//Batman.html,both,Batman,,,,Batman,https://www.dailyscript.com/scripts/batman_early.html,html,Batman,both
https://assets.scriptslug.com/live/pdf/scripts/batman-and-robin-1997.pdf?v=1729114868,Batman & Robin,,,left_only,Batman & Robin,,,,,,,,left_only
,,Batman 2,https://imsdb.com//scripts//Batman-2.html,right_only,Batman 2,,,,,,,,left_only
,,,,,,,,,Batman 2 (Unproduced),https://www.dailyscript.com/scripts/batman-returns_unproduced.html,html,Batman 2 (unproduced),right_only
,,Batman And Robin,https://imsdb.com//scripts//Batman-and-Robin.html,right_only,Batman And Robin,Batman and Robin,"Webstatus : 404
",Batman And Robin,,,,,left_only
https://assets.scriptslug.com/live/pdf/scripts/batman-begins-2005.pdf?v=1729114868,Batman Begins,Batman Begins,https://imsdb.com//scripts//Batman-Begins.html,both,Batman Begins,Batman Begins,"Webstatus : 404
",Batman Begins,Batman Begins,https://www.dailyscript.com/scripts/Batman-Begins.pdf,pdf,Batman Begins,both
https://assets.scriptslug.com/live/pdf/scripts/batman-forever-1995.pdf?v=1729114868,Batman Forever,Batman Forever,https://imsdb.com//scripts//Batman-Forever.html,both,Batman Forever,Batman Forever,"Webstatus : 404
",Batman Forever,Batman Forever,https://www.dailyscript.com/scripts/batman_forever.html,html,Batman Forever,both
https://assets.scriptslug.com/live/pdf/scripts/batman-mask-of-the-phantasm-1993.pdf?v=1729114868,Batman Mask Of The Phantasm,,,left_only,Batman Mask Of The Phantasm,,,,,,,,left_only
https://assets.scriptslug.com/live/pdf/scripts/batman-returns-1992.pdf?v=1729114868,Batman Returns,Batman Returns,https://imsdb.com//scripts//Batman-Returns.html,both,Batman Returns,Batman Returns,"Webstatus : 404
",Batman Returns,Batman Returns,https://www.dailyscript.com/scripts/batman-returns_early.html,html,Batman Returns,both
,,Battle Los Angeles,https://imsdb.com//scripts//Battle-Los-Angeles.html,right_only,Battle Los Angeles,,,,,,,,left_only
https://assets.scriptslug.com/live/pdf/scripts/battle-of-the-sexes-2017.pdf?v=1729114868,Battle Of The Sexes,,,left_only,Battle Of The Sexes,,,,,,,,left_only
https://assets.scriptslug.com/live/pdf/scripts/battlefield-earth-2000.pdf?v=1729114868,Battlefield Earth,,,left_only,Battlefield Earth,,,,,,,,left_only
https://assets.scriptslug.com/live/pdf/scripts/baywatch-2017.pdf?v=1729114868,Baywatch,,,left_only,Baywatch,,,,,,,,left_only
https://assets.scriptslug.com/live/pdf/scripts/bean-1997.pdf?v=1729114869,Bean,Bean,https://imsdb.com//scripts//Bean.html,both,Bean,,,,,,,,left_only
,,Beasts Of No Nation,https://imsdb.com//scripts//Beasts-of-No-Nation.html,right_only,Beasts Of No Nation,,,,,,,,left_only
,,Beasts Of The Southern Wild,https://imsdb.com//scripts//Beasts-of-the-Southern-Wild.html,right_only,Beasts Of The Southern Wild,,,,,,,,left_only
https://assets.scriptslug.com/live/pdf/scripts/beau-is-afraid-2023.pdf?v=1729114869,Beau Is Afraid,,,left_only,Beau Is Afraid,,,,,,,,left_only
https://assets.scriptslug.com/live/pdf/scripts/beautiful-boy-2018.pdf?v=1729114869,Beautiful Boy,,,left_only,Beautiful Boy,,,,,,,,left_only
,,,,,,,,,Beautiful Girls,https://www.dailyscript.com/scripts/beautifulgirls.pdf,pdf,Beautiful Girls,right_only
https://assets.scriptslug.com/live/pdf/scripts/beauty-and-the-beast-2017.pdf?v=1729114869,Beauty And The Beast,Beauty And The Beast,https://imsdb.com//scripts//Beauty-and-the-Beast.html,both,Beauty And The Beast,,,,,,,,left_only
,,,,,,,,,Beauty Shop,https://www.dailyscript.com/scripts/Beauty_Shop_by_Kate_Lanier.pdf,pdf,Beauty Shop,right_only
,,Beavis And Butt Head Do America,https://imsdb.com//scripts//Beavis-and-Butt-head-Do-America.html,right_only,Beavis And Butt Head Do America,,,,Beavis and Butt-head Do America,https://www.dailyscript.com/scripts/beavis_and_butthead_do_america.html,html,Beavis And Butt Head Do America,both
,,,,,,,,,Bedlam,https://www.dailyscript.com/scripts/chamberofhorrors.html,html,Bedlam,right_only
,,,,,,,,,Beetle Juice,https://www.dailyscript.com/scripts/beetlejuice_mcdowell.html,html,Beetle Juice,right_only
https://assets.scriptslug.com/live/pdf/scripts/beetlejuice-1988.pdf?v=1729114869,Beetlejuice,,,left_only,Beetlejuice,,,,,,,,left_only
https://assets.scriptslug.com/live/pdf/scripts/before-midnight-2013.pdf?v=1729114869,Before Midnight,,,left_only,Before Midnight,,,,,,,,left_only
,,,,,,,,,Before Sunset,https://www.dailyscript.com/scripts/before-sunset.pdf,pdf,Before Sunset,right_only
https://assets.scriptslug.com/live/pdf/scripts/beginners-2010.pdf?v=1729114869,Beginners,Beginners,https://imsdb.com//scripts//Beginners.html,both,Beginners,,,,,,,,left_only
,,Being Human,https://imsdb.com//scripts//Being-Human.html,right_only,Being Human,,,,Being Human,https://www.dailyscript.com/scripts/Being_Human.PDF,pdf,Being Human,both
https://assets.scriptslug.com/live/pdf/scripts/being-john-malkovich-1999.pdf?v=1729114869,Being John Malkovich,Being John Malkovich,https://imsdb.com//scripts//Being-John-Malkovich.html,both,Being John Malkovich,,,,Being John Malkovich,https://www.dailyscript.com/scripts/beingjohnmalkovich.html,html,Being John Malkovich,both
https://assets.scriptslug.com/live/pdf/scripts/being-the-ricardos-2021.pdf?v=1729114869,Being The Ricardos,Being The Ricardos,https://imsdb.com//scripts//Being-the-Ricardos.html,both,Being The Ricardos,,,,,,,,left_only
https://assets.scriptslug.com/live/pdf/scripts/being-there-1979.pdf?v=1729114869,Being There,Being There,https://imsdb.com//scripts//Being-There.html,both,Being There,,,,Being There,https://www.dailyscript.com/scripts/being_there_1_10_79.html,html,Being There,both
https://assets.scriptslug.com/live/pdf/scripts/belfast-2021.pdf?v=1729114870,Belfast,,,left_only,Belfast,,,,,,,,left_only
https://assets.scriptslug.com/live/pdf/scripts/belle-2013.pdf?v=1729114870,Belle,Belle,https://imsdb.com//scripts//Belle.html,both,Belle,,,,Belle,https://www.dailyscript.com/scripts/FSP3827_BELLE_SCRIPT_BOOK_C6a.pdf,pdf,Belle,both
,,Beloved,https://imsdb.com//scripts//Beloved.html,right_only,Beloved,,,,Beloved,https://www.dailyscript.com/scripts/beloved_lagravenese.html,html,Beloved,both
,,,,,,,,,Below,https://www.dailyscript.com/scripts/Below%20_%20Twohy%20_%2011-6-00.htm,htm,Below,right_only
,,Benny & Joon,https://imsdb.com//scripts//Benny-&-Joon.html,right_only,Benny & Joon,Benny & Joon,HTML len = 0 : no content scrapped,Benny & Joon,,,,,left_only
,,,,,,,,,Beowulf & Grendal,https://www.dailyscript.com/scripts/BeowulfGrendel-script.pdf,pdf,Beowulf & Grendal,right_only
https://assets.scriptslug.com/live/pdf/scripts/beverly-hills-cop-1984.pdf?v=1729114870,Beverly Hills Cop,,,left_only,Beverly Hills Cop,,,,,,,,left_only
https://assets.scriptslug.com/live/pdf/scripts/big-1988.pdf?v=1729114870,Big,Big,https://imsdb.com//scripts//Big.html,both,Big,,,,,,,,left_only
,,Big Eyes,https://imsdb.com//scripts//Big-Eyes.html,right_only,Big Eyes,,,,Big Eyes,https://www.dailyscript.com/scripts/ScreenplayBigEyes.pdf,pdf,Big Eyes,both
https://assets.scriptslug.com/live/pdf/scripts/big-fish-2003.pdf?v=1729114870,Big Fish,Big Fish,https://imsdb.com//scripts//Big-Fish.html,both,Big Fish,,,,,,,,left_only
,,,,,,,,,Big Fish ,https://www.dailyscript.com/scripts/Big+Fish.txt,txt,Big Fish ,right_only
https://assets.scriptslug.com/live/pdf/scripts/big-time-adolescence-2020.pdf?v=1729114871,Big Time Adolescence,,,left_only,Big Time Adolescence,,,,,,,,left_only
https://assets.scriptslug.com/live/pdf/scripts/big-trouble-in-little-china-1986.pdf?v=1729114871,Big Trouble In Little China,,,left_only,Big Trouble In Little China,,,,,,,,left_only
,,,,,,,,,Big Trouble in Little China II,https://www.dailyscript.com/scripts/Big_Trouble_in_Little_China_II.pdf,pdf,Big Trouble In Little China 2,right_only
https://assets.scriptslug.com/live/pdf/scripts/bill-and-ted-face-the-music-2020.pdf?v=1729114871,Bill & Ted Face The Music,,,left_only,Bill & Ted Face The Music,,,,,,,,left_only
https://assets.scriptslug.com/live/pdf/scripts/bill-and-teds-bogus-journey-1991.pdf?v=1729114872,Bill And Teds Bogus Journey,,,left_only,Bill And Teds Bogus Journey,,,,,,,,left_only
https://assets.scriptslug.com/live/pdf/scripts/bill-and-teds-excellent-adventure-1989.pdf?v=1729114872,Bill And Teds Excellent Adventure,,,left_only,Bill And Teds Excellent Adventure,,,,,,,,left_only
https://assets.scriptslug.com/live/pdf/scripts/bird-box-2018.pdf?v=1729114872,Bird Box,,,left_only,Bird Box,,,,,,,,left_only
https://assets.scriptslug.com/live/pdf/scripts/birdman-2014.pdf?v=1729114872,Birdman,Birdman,https://imsdb.com//scripts//Birdman.html,both,Birdman,,,,Birdman,https://www.dailyscript.com/scripts/FSP3823_BiRDMAN_MINI_SCRIPT_BOOK_C5.pdf,pdf,Birdman,both
,,,,,,,,,Birth of a Nation,https://www.dailyscript.com/scripts/Birth-of-a-Nation.pdf,pdf,Birth Of A Nation,right_only
,,Birthday Girl,https://imsdb.com//scripts//Birthday-Girl.html,right_only,Birthday Girl,,,,Birthday Girl,https://www.dailyscript.com/scripts/Birthday+Girl.txt,txt,Birthday Girl,both
https://assets.scriptslug.com/live/pdf/scripts/black-christmas-1974.pdf?v=1729114872,Black Christmas,,,left_only,Black Christmas,,,,,,,,left_only
https://assets.scriptslug.com/live/pdf/scripts/black-panther-2018.pdf?v=1729114873,Black Panther,Black Panther,https://imsdb.com//scripts//Black-Panther.html,both,Black Panther,,,,,,,,left_only
https://assets.scriptslug.com/live/pdf/scripts/black-panther-wakanda-forever-2022.pdf?v=1729114873,Black Panther Wakanda Forever,,,left_only,Black Panther Wakanda Forever,,,,,,,,left_only
,,Black Rain,https://imsdb.com//scripts//Black-Rain.html,right_only,Black Rain,,,,Black Rain,https://www.dailyscript.com/scripts/black_rain.html,html,Black Rain,both
,,Black Snake Moan,https://imsdb.com//scripts//Black-Snake-Moan.html,right_only,Black Snake Moan,,,,Black Snake Moan,https://www.dailyscript.com/scripts/Black-Snake-Moan.pdf,pdf,Black Snake Moan,both
https://assets.scriptslug.com/live/pdf/scripts/black-swan-2010.pdf?v=1729114873,Black Swan,Black Swan,https://imsdb.com//scripts//Black-Swan.html,both,Black Swan,,,,,,,,left_only
https://assets.scriptslug.com/live/pdf/scripts/blackberry-2023.pdf?v=1729114873,Blackberry,Blackberry,https://imsdb.com//scripts//Blackberry.html,both,Blackberry,,,,,,,,left_only
https://assets.scriptslug.com/live/pdf/scripts/blackkkklansman-2018.pdf?v=1729114873,Blackkklansman,Blackkklansman,https://imsdb.com//scripts//BlacKkKlansman.html,both,Blackkklansman,,,,,,,,left_only
https://assets.scriptslug.com/live/pdf/scripts/blade-1998.pdf?v=1729114873,Blade,Blade,https://imsdb.com//scripts//Blade.html,both,Blade,,,,Blade,https://www.dailyscript.com/scripts/blade.html,html,Blade,both
,,Blade 2,https://imsdb.com//scripts//Blade-II.html,right_only,Blade 2,,,,Blade II,https://www.dailyscript.com/scripts/Blade_II_David_goyer.html,html,Blade 2,both
https://assets.scriptslug.com/live/pdf/scripts/blade-runner-1982.pdf?v=1729114873,Blade Runner,Blade Runner,https://imsdb.com//scripts//Blade-Runner.html,both,Blade Runner,,,,Blade Runner,https://www.dailyscript.com/scripts/Blade-runner_early.html,html,Blade Runner,both
https://assets.scriptslug.com/live/pdf/scripts/blade-runner-2049.pdf?v=1729114873,Blade Runner 2049,,,left_only,Blade Runner 2049,,,,,,,,left_only
,,Blade Trinity,https://imsdb.com//scripts//Blade-Trinity.html,right_only,Blade Trinity,,,,Blade Trinity,https://www.dailyscript.com/scripts/BladeTrinity.txt,txt,Blade Trinity,both
https://assets.scriptslug.com/live/pdf/scripts/blades-of-glory-2007.pdf?v=1729114874,Blades Of Glory,,,left_only,Blades Of Glory,,,,,,,,left_only
,,,,,,,,,Blair Witch II,https://www.dailyscript.com/scripts/blair-witch-2.html,html,Blair Witch 2,right_only
https://assets.scriptslug.com/live/pdf/scripts/blankman-1994.pdf?v=1729114874,Blankman,,,left_only,Blankman,,,,,,,,left_only
https://assets.scriptslug.com/live/pdf/scripts/blazing-saddles-1974.pdf?v=1729114874,Blazing Saddles,,,left_only,Blazing Saddles,,,,,,,,left_only
https://assets.scriptslug.com/live/pdf/scripts/blindspotting-2018.pdf?v=1729114874,Blindspotting,,,left_only,Blindspotting,,,,,,,,left_only
https://assets.scriptslug.com/live/pdf/scripts/blink-twice-2024.pdf?v=1735776411,Blink Twice,Blink Twice,https://imsdb.com//scripts//Blink-Twice.html,both,Blink Twice,,,,,,,,left_only
https://assets.scriptslug.com/live/pdf/scripts/blitz-2024.pdf?v=1735777422,Blitz,Blitz,https://imsdb.com//scripts//Blitz.html,both,Blitz,,,,,,,,left_only
https://assets.scriptslug.com/live/pdf/scripts/blonde-2022.pdf?v=1729114874,Blonde,,,left_only,Blonde,,,,,,,,left_only
,,Blood And Wine,https://imsdb.com//scripts//Blood-and-Wine.html,right_only,Blood And Wine,,,,,,,,left_only
https://assets.scriptslug.com/live/pdf/scripts/blood-diamond-2006.pdf?v=1729114874,Blood Diamond,,,left_only,Blood Diamond,,,,Blood Diamond,https://www.dailyscript.com/scripts/Blood%20Diamond_July_27_2005_draft).pdf,pdf,Blood Diamond,both
,,,,,,,,,Blood Relations The Sun Wars (filmed as The Hills Have Eyes),https://www.dailyscript.com/scripts/The-Hills-Have-Eyes.pdf,pdf,Blood Relations The Sun Wars (filmed As The Hills Have Eyes),right_only
,,Blood Simple,https://imsdb.com//scripts//Blood-Simple.html,right_only,Blood Simple,,,,Blood Simple,https://www.dailyscript.com/scripts/Blood%20Simple.txt,txt,Blood Simple,both
,,,,,,,,,Blood Work,https://www.dailyscript.com/scripts/blood_work.pdf,pdf,Blood Work,right_only
https://assets.scriptslug.com/live/pdf/scripts/bloodshot-2020.pdf?v=1729114874,Bloodshot,,,left_only,Bloodshot,,,,,,,,left_only
,,Blow,https://imsdb.com//scripts//Blow.html,right_only,Blow,,,,Blow,https://www.dailyscript.com/scripts/blow.html,html,Blow,both
,,,,,,,,,Blue Hotel,https://www.dailyscript.com/scripts/Blue%20Hotel%20(Unproduced).txt,txt,Blue Hotel,right_only
https://assets.scriptslug.com/live/pdf/scripts/blue-jasmine-2013.pdf?v=1729114874,Blue Jasmine,,,left_only,Blue Jasmine,,,,,,,,left_only
https://assets.scriptslug.com/live/pdf/scripts/blue-ruin-2013.pdf?v=1729114874,Blue Ruin,,,left_only,Blue Ruin,,,,,,,,left_only
https://assets.scriptslug.com/live/pdf/scripts/blue-valentine-2010.pdf?v=1729114875,Blue Valentine,Blue Valentine,https://imsdb.com//scripts//Blue-Valentine.html,both,Blue Valentine,,,,,,,,left_only
https://assets.scriptslug.com/live/pdf/scripts/blue-velvet-1986.pdf?v=1729114875,Blue Velvet,Blue Velvet,https://imsdb.com//scripts//Blue-Velvet.html,both,Blue Velvet,,,,Blue Velvet,https://www.dailyscript.com/scripts/Blue+Velvet.txt,txt,Blue Velvet,both
,,Bodies Rest & Motion,"https://imsdb.com//scripts//Bodies,-Rest-&-Motion.html",right_only,Bodies Rest & Motion,"Bodies, Rest & Motion",HTML len = 0 : no content scrapped,Bodies Rest & Motion,"Bodies, Rest & Motion","https://www.dailyscript.com/scripts/Bodies,%20Rest%20&%20Motion.txt",txt,Bodies Rest & Motion,both
https://assets.scriptslug.com/live/pdf/scripts/body-heat-1981.pdf?v=1729114875,Body Heat,Body Heat,https://imsdb.com//scripts//Body-Heat.html,both,Body Heat,,,,Body Heat,https://www.dailyscript.com/scripts/BodyHeat.pdf,pdf,Body Heat,both
,,Body Of Evidence,https://imsdb.com//scripts//Body-of-Evidence.html,right_only,Body Of Evidence,,,,Body of Evidence,https://www.dailyscript.com/scripts/body_of_evidence.html,html,Body Of Evidence,both
,,Bodyguard,https://imsdb.com//scripts//Bodyguard.html,right_only,Bodyguard,,,,,,,,left_only
https://assets.scriptslug.com/live/pdf/scripts/bohemian-rhapsody-2018.pdf?v=1729114875,Bohemian Rhapsody,,,left_only,Bohemian Rhapsody,,,,,,,,left_only
,,Bones,https://imsdb.com//scripts//Bones.html,right_only,Bones,,,,Bones,https://www.dailyscript.com/scripts/bones.html,html,Bones,both
https://assets.scriptslug.com/live/pdf/scripts/bones-and-all-2022.pdf?v=1729114875,Bones And All,,,left_only,Bones And All,,,,,,,,left_only
,,Bonfire Of The Vanities,https://imsdb.com//scripts//Bonfire-of-the-Vanities.html,right_only,Bonfire Of The Vanities,,,,Bonfire of the Vanities,https://www.dailyscript.com/scripts/Bonfire_Vanities.PDF,pdf,Bonfire Of The Vanities,both
,,Bonnie And Clyde,https://imsdb.com//scripts//Bonnie-and-Clyde.html,right_only,Bonnie And Clyde,,,,,,,,left_only
https://assets.scriptslug.com/live/pdf/scripts/boogie-nights-1997.pdf?v=1729114875,Boogie Nights,Boogie Nights,https://imsdb.com//scripts//Boogie-Nights.html,both,Boogie Nights,,,,,,,,left_only
https://assets.scriptslug.com/live/pdf/scripts/booksmart-2019.pdf?v=1729114875,Booksmart,,,left_only,Booksmart,,,,,,,,left_only
https://assets.scriptslug.com/live/pdf/scripts/bookworm-2024.pdf?v=1738547432,Bookworm,Bookworm,https://imsdb.com//scripts//Bookworm.html,both,Bookworm,,,,,,,,left_only
https://assets.scriptslug.com/live/pdf/scripts/boomerang-1992.pdf?v=1729114875,Boomerang,,,left_only,Boomerang,,,,,,,,left_only
,,Boondock Saints 2 All Saints Day,https://imsdb.com//scripts//Boondock-Saints-2-All-Saints-Day.html,right_only,Boondock Saints 2 All Saints Day,,,,,,,,left_only
https://assets.scriptslug.com/live/pdf/scripts/booty-call-1997.pdf?v=1729114876,Booty Call,,,left_only,Booty Call,,,,,,,,left_only
https://assets.scriptslug.com/live/pdf/scripts/borat-subsequent-moviefilm-2020.pdf?v=1729114876,Borat Subsequent Moviefilm,,,left_only,Borat Subsequent Moviefilm,,,,,,,,left_only
https://assets.scriptslug.com/live/pdf/scripts/born-on-the-fourth-of-july-1989.pdf?v=1729114876,Born On The Fourth Of July,,,left_only,Born On The Fourth Of July,,,,,,,,left_only
,,,,,,,,,Born on the Fourth of July (part 1),https://www.dailyscript.com/scripts/bornontheforthofjuly1.pdf,pdf,Born On The Fourth Of July (part 1),right_only
,,,,,,,,,Born on the Fourth of July (part 2),https://www.dailyscript.com/scripts/bornontheforthofjuly2.pdf,pdf,Born On The Fourth Of July (part 2),right_only
,,Bottle Rocket,https://imsdb.com//scripts//Bottle-Rocket.html,right_only,Bottle Rocket,,,,Bottle Rocket,https://www.dailyscript.com/scripts/bottlerocket.html,html,Bottle Rocket,both
https://assets.scriptslug.com/live/pdf/scripts/bottoms-2023.pdf?v=1729114876,Bottoms,,,left_only,Bottoms,,,,,,,,left_only
https://assets.scriptslug.com/live/pdf/scripts/bound-1996.pdf?v=1729114876,Bound,Bound,https://imsdb.com//scripts//Bound.html,both,Bound,,,,Bound,https://www.dailyscript.com/scripts/Bound_FirstDraft.txt,txt,Bound,both
https://assets.scriptslug.com/live/pdf/scripts/bowfinger-1999.pdf?v=1729114876,Bowfinger,,,left_only,Bowfinger,,,,,,,,left_only
https://assets.scriptslug.com/live/pdf/scripts/boy-erased-2018.pdf?v=1729114876,Boy Erased,,,left_only,Boy Erased,,,,,,,,left_only
,,,,,,,,,Boy Who Never Slept,https://www.dailyscript.com/scripts/Boy+Who+Never+Slept.txt,txt,Boy Who Never Slept,right_only
https://assets.scriptslug.com/live/pdf/scripts/boyhood-2014.pdf?v=1729114876,Boyhood,Boyhood,https://imsdb.com//scripts//Boyhood.html,both,Boyhood,,,,Boyhood,https://www.dailyscript.com/scripts/Boyhood-screenplay-11-14-FINAL.pdf,pdf,Boyhood,both
https://assets.scriptslug.com/live/pdf/scripts/boyz-in-the-hood-1991.pdf?v=1729114877,Boyz In The Hood,,,left_only,Boyz In The Hood,,,,,,,,left_only
https://assets.scriptslug.com/live/pdf/scripts/brads-status-2017.pdf?v=1729114877,Brads Status,,,left_only,Brads Status,,,,,,,,left_only
https://assets.scriptslug.com/live/pdf/scripts/bram-stokers-dracula-1992.pdf?v=1729114877,Bram Stokers Dracula,,,left_only,Bram Stokers Dracula,,,,,,,,left_only
https://assets.scriptslug.com/live/pdf/scripts/braveheart-1995.pdf?v=1729114877,Braveheart,Braveheart,https://imsdb.com//scripts//Braveheart.html,both,Braveheart,,,,Braveheart,https://www.dailyscript.com/scripts/Braveheart.txt,txt,Braveheart,both
,,Brazil,https://imsdb.com//scripts//Brazil.html,right_only,Brazil,,,,Brazil,https://www.dailyscript.com/scripts/brazil.html,html,Brazil,both
https://assets.scriptslug.com/live/pdf/scripts/breach-2007.pdf?v=1729114877,Breach,,,left_only,Breach,,,,,,,,left_only
,,,,,,,,,Breach (written as Hanssen),https://www.dailyscript.com/scripts/Hanssen-pt1.pdf,pdf,Breach (written As Hanssen),right_only
,,Break,https://imsdb.com//scripts//Break.html,right_only,Break,,,,Break,https://www.dailyscript.com/scripts/Break_final.pdf,pdf,Break,both
,,Breakdown,https://imsdb.com//scripts//Breakdown.html,right_only,Breakdown,,,,Breakdown,https://www.dailyscript.com/scripts/Breakdown.PDF,pdf,Breakdown,both
,,,,,,,,,Breakfast At Tiffany's,https://www.dailyscript.com/scripts/BreakfastatTiffany's.pdf,pdf,Breakfast At Tiffanys,right_only
https://assets.scriptslug.com/live/pdf/scripts/breaking-away-1979.pdf?v=1729114877,Breaking Away,Breaking Away,https://imsdb.com//scripts//Breaking-Away.html,both,Breaking Away,,,,,,,,left_only
https://assets.scriptslug.com/live/pdf/scripts/breathe-2017.pdf?v=1729114878,Breathe,,,left_only,Breathe,,,,,,,,left_only
https://assets.scriptslug.com/live/pdf/scripts/brick-2005.pdf?v=1729114878,Brick,Brick,https://imsdb.com//scripts//Brick.html,both,Brick,,,,,,,,left_only
https://assets.scriptslug.com/live/pdf/scripts/bride-of-chucky-1998.pdf?v=1729114879,Bride Of Chucky,,,left_only,Bride Of Chucky,,,,,,,,left_only
https://assets.scriptslug.com/live/pdf/scripts/bridesmaids-2011.pdf?v=1729114879,Bridesmaids,Bridesmaids,https://imsdb.com//scripts//Bridesmaids.html,both,Bridesmaids,,,,,,,,left_only
https://assets.scriptslug.com/live/pdf/scripts/bridge-of-spies-2015.pdf?v=1729114879,Bridge Of Spies,,,left_only,Bridge Of Spies,,,,,,,,left_only
https://assets.scriptslug.com/live/pdf/scripts/bridget-jones-diary-2001.pdf?v=1729114879,Bridget Jones Diary,,,left_only,Bridget Jones Diary,,,,,,,,left_only
https://assets.scriptslug.com/live/pdf/scripts/bridget-joness-baby-2016.pdf?v=1729114879,Bridget Joness Baby,,,left_only,Bridget Joness Baby,,,,,,,,left_only
https://assets.scriptslug.com/live/pdf/scripts/bright-2017.pdf?v=1729114879,Bright,,,left_only,Bright,,,,,,,,left_only
https://assets.scriptslug.com/live/pdf/scripts/brightburn-2019.pdf?v=1729114879,Brightburn,,,left_only,Brightburn,,,,,,,,left_only
,,Bringing Out The Dead,https://imsdb.com//scripts//Bringing-Out-the-Dead.html,right_only,Bringing Out The Dead,,,,Bringing Out the Dead,https://www.dailyscript.com/scripts/bringing-out-the-dead.html,html,Bringing Out The Dead,both
,,Bringing Out The Dead,https://imsdb.com//scripts//Bringing-Out-the-Dead.html,right_only,Bringing Out The Dead,,,,Bringing Out The Dead,https://www.dailyscript.com/scripts/Bringing+Out+The+Dead.txt,txt,Bringing Out The Dead,both
,,,,,,,,,Bringing Up Baby,https://www.dailyscript.com/scripts/BringingUpBabyScript.pdf,pdf,Bringing Up Baby,right_only
https://assets.scriptslug.com/live/pdf/scripts/broadcast-new-1987.pdf?v=1729114879,Broadcast News,Broadcast News,https://imsdb.com//scripts//Broadcast-News.html,both,Broadcast News,,,,Broadcast News,https://www.dailyscript.com/scripts/broadc_news.html,html,Broadcast News,both
https://assets.scriptslug.com/live/pdf/scripts/brokeback-mountain-2005.pdf?v=1729114879,Brokeback Mountain,,,left_only,Brokeback Mountain,,,,,,,,left_only
https://assets.scriptslug.com/live/pdf/scripts/broken-arrow-1996.pdf?v=1729114880,Broken Arrow,Broken Arrow,https://imsdb.com//scripts//Broken-Arrow.html,both,Broken Arrow,,,,,,,,left_only
,,Broken Embraces,https://imsdb.com//scripts//Broken-Embraces.html,right_only,Broken Embraces,,,,,,,,left_only
https://assets.scriptslug.com/live/pdf/scripts/brooklyn-2015.pdf?v=1729114880,Brooklyn,,,left_only,Brooklyn,,,,Brooklyn,https://www.dailyscript.com/scripts/Brooklyn.pdf,pdf,Brooklyn,both
,,Bruce Almighty,https://imsdb.com//scripts//Bruce-Almighty.html,right_only,Bruce Almighty,,,,Bruce Almighty,https://www.dailyscript.com/scripts/Bruce%20Almighty.txt,txt,Bruce Almighty,both
https://assets.scriptslug.com/live/pdf/scripts/buffy-the-vampire-slayer-1992.pdf?v=1729114880,Buffy The Vampire Slayer,Buffy The Vampire Slayer,https://imsdb.com//scripts//Buffy-the-Vampire-Slayer.html,both,Buffy The Vampire Slayer,,,,Buffy the Vampire Slayer,https://www.dailyscript.com/scripts/buffy_the_vampire_slayer.html,html,Buffy The Vampire Slayer,both
,,Bull Durham,https://imsdb.com//scripts//Bull-Durham.html,right_only,Bull Durham,,,,Bull Durham,https://www.dailyscript.com/scripts/Bull+Durham.txt,txt,Bull Durham,both
https://assets.scriptslug.com/live/pdf/scripts/buried-2010.pdf?v=1729114880,Buried,Buried,https://imsdb.com//scripts//Buried.html,both,Buried,,,,,,,,left_only
,,Burlesque,https://imsdb.com//scripts//Burlesque.html,right_only,Burlesque,,,,,,,,left_only
https://assets.scriptslug.com/live/pdf/scripts/burn-after-reading-2008.pdf?v=1729114880,Burn After Reading,Burn After Reading,https://imsdb.com//scripts//Burn-After-Reading.html,both,Burn After Reading,,,,,,,,left_only
,,Burning Annie,https://imsdb.com//scripts//Burning-Annie.html,right_only,Burning Annie,,,,,,,,left_only
https://assets.scriptslug.com/live/pdf/scripts/burnt-2015.pdf?v=1729114880,Burnt,,,left_only,Burnt,,,,,,,,left_only
https://assets.scriptslug.com/live/pdf/scripts/butch-cassidy-and-the-sundance-kid-1969.pdf?v=1729114880,Butch Cassidy And The Sundance Kid,,,left_only,Butch Cassidy And The Sundance Kid,,,,Butch Cassidy and The Sundance Kid,https://www.dailyscript.com/scripts/Butch_Cassidy_and_the_Sundance_Kid.pdf,pdf,Butch Cassidy And The Sundance Kid,both
,,Cable Guy,https://imsdb.com//scripts//Cable-Guy.html,right_only,Cable Guy,,,,,,,,left_only
https://assets.scriptslug.com/live/pdf/scripts/caddyshack-1980.pdf?v=1729114881,Caddyshack,,,left_only,Caddyshack,,,,,,,,left_only
https://assets.scriptslug.com/live/pdf/scripts/call-me-by-your-name-2017.pdf?v=1729114881,Call Me By Your Name,,,left_only,Call Me By Your Name,,,,Call Me By Your Name,https://www.dailyscript.com/scripts/callmebyyourname_screenplay.pdf,pdf,Call Me By Your Name,both
,,,,,,,,,Call Northside 777 (part 1),https://www.dailyscript.com/scripts/call_northside_777-1.pdf,pdf,Call Northside 777 (part 1),right_only
,,,,,,,,,Call Northside 777 (part 2),https://www.dailyscript.com/scripts/call_northside_777-2.pdf,pdf,Call Northside 777 (part 2),right_only
,,,,,,,,,Calvary,https://www.dailyscript.com/scripts/FSP3826_CALVARY_SCRIPT_BOOK_C6.pdf,pdf,Calvary,right_only
https://assets.scriptslug.com/live/pdf/scripts/can-you-ever-forgive-me-2018.pdf?v=1729114882,Can You Ever Forgive Me,,,left_only,Can You Ever Forgive Me,,,,,,,,left_only
,,Candle To Water,https://imsdb.com//scripts//Candle-to-Water.html,right_only,Candle To Water,,,,,,,,left_only
https://assets.scriptslug.com/live/pdf/scripts/candyman-1992.pdf?v=1729114882,Candyman,,,left_only,Candyman,,,,,,,,left_only
https://assets.scriptslug.com/live/pdf/scripts/candyman-2021.pdf?v=1729114882,Candyman,,,left_only,Candyman,,,,,,,,left_only
https://assets.scriptslug.com/live/pdf/scripts/cape-fear-1962.pdf?v=1729114882,Cape Fear,,,left_only,Cape Fear,,,,,,,,left_only
https://assets.scriptslug.com/live/pdf/scripts/capharnaum-2018.pdf?v=1729114882,Capharnaum,,,left_only,Capharnaum,,,,,,,,left_only
https://assets.scriptslug.com/live/pdf/scripts/capote-2005.pdf?v=1729114882,Capote,Capote,https://imsdb.com//scripts//Capote.html,both,Capote,,,,Capote,https://www.dailyscript.com/scripts/Capote.pdf,pdf,Capote,both
https://assets.scriptslug.com/live/pdf/scripts/captain-america-the-first-avenger-20.pdf?v=1729114882,Captain America The First Avenger,,,left_only,Captain America The First Avenger,,,,,,,,left_only
https://assets.scriptslug.com/live/pdf/scripts/captain-fantastic-2016.pdf?v=1729114882,Captain Fantastic,,,left_only,Captain Fantastic,,,,,,,,left_only
,,,,,,,,,Captain Phillips (was Maersk Alabama),https://www.dailyscript.com/scripts/CAPTAIN%20PHILLIPS%20(aka%20MAERSK%20ALABAMA)%20by%20Billy%20Ray%20(2010.12.09)%20(Digital).pdf,pdf,Captain Phillips (was Maersk Alabama),right_only
https://assets.scriptslug.com/live/pdf/scripts/car-wash-1976.pdf?v=1729114882,Car Wash,,,left_only,Car Wash,,,,,,,,left_only
https://assets.scriptslug.com/live/pdf/scripts/carlitos-way-1993.pdf?v=1729114882,Carlitos Way,,,left_only,Carlitos Way,,,,,,,,left_only
https://assets.scriptslug.com/live/pdf/scripts/carnage-2011.pdf?v=1729114883,Carnage,,,left_only,Carnage,,,,,,,,left_only
,,,,,,,,,Carnivore,https://www.dailyscript.com/scripts/Carnivore%20(Unproduced).txt,txt,Carnivore,right_only
https://assets.scriptslug.com/live/pdf/scripts/carol-2015.pdf?v=1729114883,Carol,,,left_only,Carol,,,,Carol,https://www.dailyscript.com/scripts/Screenplay-Carol.pdf,pdf,Carol,both
https://assets.scriptslug.com/live/pdf/scripts/carrie-1976.pdf?v=1729114883,Carrie,Carrie,https://imsdb.com//scripts//Carrie.html,both,Carrie,,,,,,,,left_only
,,Cars 2,https://imsdb.com//scripts//Cars-2.html,right_only,Cars 2,,,,,,,,left_only
https://assets.scriptslug.com/live/pdf/scripts/casablanca-1942.pdf?v=1729114883,Casablanca,Casablanca,https://imsdb.com//scripts//Casablanca.html,both,Casablanca,Casablanca,"Webstatus : 404
",Casablanca,Casablanca,https://www.dailyscript.com/scripts/casablanca.pdf,pdf,Casablanca,both
,,Case 39,https://imsdb.com//scripts//Case-39.html,right_only,Case 39,,,,,,,,left_only
https://assets.scriptslug.com/live/pdf/scripts/casino-1995.pdf?v=1729114883,Casino,Casino,https://imsdb.com//scripts//Casino.html,both,Casino,,,,Casino,https://www.dailyscript.com/scripts/casino.html,html,Casino,both
https://assets.scriptslug.com/live/pdf/scripts/casino-royale-2006_180309_060624.pdf?v=1729115069,Casino Royale,,,left_only,Casino Royale,,,,Casino Royale,https://www.dailyscript.com/scripts/Casino-Royale.pdf,pdf,Casino Royale,both
https://assets.scriptslug.com/live/pdf/scripts/casper-1995.pdf?v=1729114883,Casper,,,left_only,Casper,,,,,,,,left_only
https://assets.scriptslug.com/live/pdf/scripts/cassandro-2023.pdf?v=1729114883,Cassandro,Cassandro,https://imsdb.com//scripts//Cassandro.html,both,Cassandro,,,,,,,,left_only
https://assets.scriptslug.com/live/pdf/scripts/cast-away-2000.pdf?v=1729114883,Cast Away,Cast Away,https://imsdb.com//scripts//Cast-Away.html,both,Cast Away,,,,Cast Away,https://www.dailyscript.com/scripts/CastAway.txt,txt,Cast Away,both
https://assets.scriptslug.com/live/pdf/scripts/catch-me-if-you-can-2002.pdf?v=1729114884,Catch Me If You Can,Catch Me If You Can,https://imsdb.com//scripts//Catch-Me-If-You-Can.html,both,Catch Me If You Can,,,,,,,,left_only
https://assets.scriptslug.com/live/pdf/scripts/catherine-called-birdy-2022.pdf?v=1729114884,Catherine Called Birdy,,,left_only,Catherine Called Birdy,,,,,,,,left_only
,,Catwoman,https://imsdb.com//scripts//Catwoman.html,right_only,Catwoman,,,,Catwoman,https://www.dailyscript.com/scripts/catwoman.pdf,pdf,Catwoman,both
https://assets.scriptslug.com/live/pdf/scripts/cb4-1993.pdf?v=1729114884,Cb4,,,left_only,Cb4,,,,,,,,left_only
,,Cecil B Demented,https://imsdb.com//scripts//Cecil-B.-Demented.html,right_only,Cecil B Demented,,,,,,,,left_only
,,Cedar Rapids,https://imsdb.com//scripts//Cedar-Rapids.html,right_only,Cedar Rapids,,,,,,,,left_only
,,Celeste & Jesse Forever,https://imsdb.com//scripts//Celeste-&-Jesse-Forever.html,right_only,Celeste & Jesse Forever,Celeste & Jesse Forever,HTML len = 0 : no content scrapped,Celeste & Jesse Forever,,,,,left_only
,,Cellular,https://imsdb.com//scripts//Cellular.html,right_only,Cellular,,,,Cellular,https://www.dailyscript.com/scripts/cellular.pdf,pdf,Cellular,both
https://assets.scriptslug.com/live/pdf/scripts/challengers-2024.pdf?v=1735776661,Challengers,,,left_only,Challengers,,,,,,,,left_only
,,Changeling,https://imsdb.com//scripts//Changeling.html,right_only,Changeling,,,,Changeling,https://www.dailyscript.com/scripts/Changeling_screenplay.pdf,pdf,Changeling,both
,,Chaos,https://imsdb.com//scripts//Chaos.html,right_only,Chaos,,,,,,,,left_only
https://assets.scriptslug.com/live/pdf/scripts/chaplin-1992.pdf?v=1729114884,Chaplin,,,left_only,Chaplin,,,,,,,,left_only
,,Charade,https://imsdb.com//scripts//Charade.html,right_only,Charade,,,,Charade,https://www.dailyscript.com/scripts/Charade.txt,txt,Charade,both
https://assets.scriptslug.com/live/pdf/scripts/chariots-of-fire-1981.pdf?v=1729114884,Chariots Of Fire,,,left_only,Chariots Of Fire,,,,,,,,left_only
https://assets.scriptslug.com/live/pdf/scripts/charlie-and-the-choclate-factory-2005.pdf?v=1729114884,Charlie And The Chocolate Factory,,,left_only,Charlie And The Chocolate Factory,,,,,,,,left_only
https://assets.scriptslug.com/live/pdf/scripts/charlie-bartlett-2007.pdf?v=1729114884,Charlie Bartlett,,,left_only,Charlie Bartlett,,,,,,,,left_only
https://assets.scriptslug.com/live/pdf/scripts/charlie-wilsons-war-2007.pdf?v=1729114885,Charlie Wilsons War,,,left_only,Charlie Wilsons War,,,,,,,,left_only
,,Charlies Angels,https://imsdb.com//scripts//Charlie's-Angels.html,right_only,Charlies Angels,,,,Charlie's Angels,https://www.dailyscript.com/scripts/Charlies_Angels.pdf,pdf,Charlies Angels,both
https://assets.scriptslug.com/live/pdf/scripts/chasing-amy-1997.pdf?v=1729114885,Chasing Amy,Chasing Amy,https://imsdb.com//scripts//Chasing-Amy.html,both,Chasing Amy,,,,Chasing Amy,https://www.dailyscript.com/scripts/Chasing%20Amy.txt,txt,Chasing Amy,both
,,Chasing Sleep,https://imsdb.com//scripts//Chasing-Sleep.html,right_only,Chasing Sleep,,,,Chasing Sleep,https://www.dailyscript.com/scripts/chasing_sleep.html,html,Chasing Sleep,both
https://assets.scriptslug.com/live/pdf/scripts/chef-2015.pdf?v=1729114885,Chef,,,left_only,Chef,,,,,,,,left_only
https://assets.scriptslug.com/live/pdf/scripts/cherry-2021.pdf?v=1729114885,Cherry,,,left_only,Cherry,,,,,,,,left_only
,,Cherry Falls,https://imsdb.com//scripts//Cherry-Falls.html,right_only,Cherry Falls,,,,,,,,left_only
https://assets.scriptslug.com/live/pdf/scripts/children-of-men-2006.pdf?v=1729114886,Children Of Men,,,left_only,Children Of Men,,,,Children of Men,https://www.dailyscript.com/scripts/children_of_men-script.pdf,pdf,Children Of Men,both
https://assets.scriptslug.com/live/pdf/scripts/childs-play-1988.pdf?v=1729114886,Childs Play,,,left_only,Childs Play,,,,,,,,left_only
https://assets.scriptslug.com/live/pdf/scripts/chinatown-1974.pdf?v=1729114886,Chinatown,Chinatown,https://imsdb.com//scripts//Chinatown.html,both,Chinatown,,,,Chinatown,https://www.dailyscript.com/scripts/Chinatown.txt,txt,Chinatown,both
,,Christ Complex,https://imsdb.com//scripts//Christ-Complex.html,right_only,Christ Complex,,,,,,,,left_only
https://assets.scriptslug.com/live/pdf/scripts/christine-1983.pdf?v=1729114886,Christine,,,left_only,Christine,,,,,,,,left_only
https://assets.scriptslug.com/live/pdf/scripts/christmas-at-pee-wees-playhouse-1988.pdf?v=1729114886,Christmas At Pee Wees Playhouse,,,left_only,Christmas At Pee Wees Playhouse,,,,,,,,left_only
https://assets.scriptslug.com/live/pdf/scripts/chronicle-2012.pdf?v=1729114886,Chronicle,Chronicle,https://imsdb.com//scripts//Chronicle.html,both,Chronicle,,,,Chronicle,https://www.dailyscript.com/scripts/Chronicle.pdf,pdf,Chronicle,both
,,Chronicles Of Narnia The Lion The Witch And The Wardrobe,"https://imsdb.com//scripts//Chronicles-of-Narnia-The-Lion,-the-Witch-and-the-Wardrobe.html",right_only,Chronicles Of Narnia The Lion The Witch And The Wardrobe,,,,,,,,left_only
https://assets.scriptslug.com/live/pdf/scripts/cinderella-man-2005.pdf?v=1729114886,Cinderella Man,,,left_only,Cinderella Man,,,,,,,,left_only
,,Cinema Paradiso,https://imsdb.com//scripts//Cinema-Paradiso.html,right_only,Cinema Paradiso,,,,Cinema Paradiso,https://www.dailyscript.com/scripts/cinema_paradiso.html,html,Cinema Paradiso,both
,,Cirque Du Freak The Vampires Assistant,https://imsdb.com//scripts//Cirque-du-Freak-The-Vampire's-Assistant.html,right_only,Cirque Du Freak The Vampires Assistant,,,,,,,,left_only
https://assets.scriptslug.com/live/pdf/scripts/citizen-kane-1941.pdf?v=1729114886,Citizen Kane,Citizen Kane,https://imsdb.com//scripts//Citizen-Kane.html,both,Citizen Kane,,,,Citizen Kane,https://www.dailyscript.com/scripts/Citizen%20Kane.txt,txt,Citizen Kane,both
,,City Of Joy,https://imsdb.com//scripts//City-of-Joy.html,right_only,City Of Joy,,,,City of Joy,https://www.dailyscript.com/scripts/city_of_joy.pdf,pdf,City Of Joy,both
,,Clash Of The Titans,https://imsdb.com//scripts//Clash-of-the-Titans.html,right_only,Clash Of The Titans,,,,,,,,left_only
https://assets.scriptslug.com/live/pdf/scripts/clear-and-present-danger-1994.pdf?v=1729114886,Clear And Present Danger,,,left_only,Clear And Present Danger,,,,,,,,left_only
https://assets.scriptslug.com/live/pdf/scripts/clerks-1994.pdf?v=1729114887,Clerks,Clerks,https://imsdb.com//scripts//Clerks.html,both,Clerks,,,,Clerks,https://www.dailyscript.com/scripts/clerks.html,html,Clerks,both
https://assets.scriptslug.com/live/pdf/scripts/clearks-ii-2006.pdf?v=1729114887,Clerks 2,,,left_only,Clerks 2,,,,,,,,left_only
,,Cliffhanger,https://imsdb.com//scripts//Cliffhanger.html,right_only,Cliffhanger,,,,Cliffhanger,https://www.dailyscript.com/scripts/cliffhanger_france.html,html,Cliffhanger,both
https://assets.scriptslug.com/live/pdf/scripts/clockers-1995.pdf?v=1729114887,Clockers,,,left_only,Clockers,,,,,,,,left_only
,,Clockwork Orange A,"https://imsdb.com//scripts//Clockwork-Orange,-A.html",right_only,Clockwork Orange A,"Clockwork Orange, A",HTML len = 0 : no content scrapped,Clockwork Orange A,,,,,left_only
https://assets.scriptslug.com/live/pdf/scripts/close-encounters-of-the-third-kind-1977.pdf?v=1729114887,Close Encounters Of The Third Kind,,,left_only,Close Encounters Of The Third Kind,,,,,,,,left_only
https://assets.scriptslug.com/live/pdf/scripts/cloud-atlas-2012.pdf?v=1729114887,Cloud Atlas,,,left_only,Cloud Atlas,,,,,,,,left_only
https://assets.scriptslug.com/live/pdf/scripts/cloverfield-2008.pdf?v=1729114887,Cloverfield,,,left_only,Cloverfield,,,,,,,,left_only
https://assets.scriptslug.com/live/pdf/scripts/clue-1985.pdf?v=1729114887,Clue,,,left_only,Clue,,,,,,,,left_only
,,Clueless,https://imsdb.com//scripts//Clueless.html,right_only,Clueless,,,,,,,,left_only
https://assets.scriptslug.com/live/pdf/scripts/cmon-cmon-2021.pdf?v=1729114887,Cmon Cmon,,,left_only,Cmon Cmon,,,,,,,,left_only
,,Cobb,https://imsdb.com//scripts//Cobb.html,right_only,Cobb,,,,Cobb,https://www.dailyscript.com/scripts/cobb.pdf,pdf,Cobb,both
https://assets.scriptslug.com/live/pdf/scripts/coco-2017.pdf?v=1729114888,Coco,Coco,https://imsdb.com//scripts//Coco.html,both,Coco,,,,,,,,left_only
https://assets.scriptslug.com/live/pdf/scripts/cocoon-1985.pdf?v=1729114888,Cocoon,,,left_only,Cocoon,,,,,,,,left_only
https://assets.scriptslug.com/live/pdf/scripts/coda-2021.pdf?v=1729114888,Coda,,,left_only,Coda,,,,,,,,left_only
,,Code Of Silence,https://imsdb.com//scripts//Code-of-Silence.html,right_only,Code Of Silence,,,,Code Of Silence,https://www.dailyscript.com/scripts/Code%20Of%20Silence.txt,txt,Code Of Silence,both
https://assets.scriptslug.com/live/pdf/scripts/cold-mountain-2003.pdf?v=1729114888,Cold Mountain,Cold Mountain,https://imsdb.com//scripts//Cold-Mountain.html,both,Cold Mountain,,,,Cold Mountain,https://www.dailyscript.com/scripts/Cold%20Mountain.txt,txt,Cold Mountain,both
https://assets.scriptslug.com/live/pdf/scripts/colette-2018.pdf?v=1729114888,Colette,,,left_only,Colette,,,,,,,,left_only
https://assets.scriptslug.com/live/pdf/scripts/collateral-2004.pdf?v=1729114888,Collateral,Collateral,https://imsdb.com//scripts//Collateral.html,both,Collateral,,,,Collateral,https://www.dailyscript.com/scripts/Collateral.html,html,Collateral,both
,,Collateral Damage,https://imsdb.com//scripts//Collateral-Damage.html,right_only,Collateral Damage,,,,Collateral Damage,https://www.dailyscript.com/scripts/Collateral_Damage.pdf,pdf,Collateral Damage,both
,,Colombiana,https://imsdb.com//scripts//Colombiana.html,right_only,Colombiana,,,,,,,,left_only
https://assets.scriptslug.com/live/pdf/scripts/color-of-night-1994.pdf?v=1729114888,Color Of Night,Color Of Night,https://imsdb.com//scripts//Color-of-Night.html,both,Color Of Night,,,,,,,,left_only
https://assets.scriptslug.com/live/pdf/scripts/come-to-daddy-2020.pdf?v=1729114889,Come To Daddy,,,left_only,Come To Daddy,,,,,,,,left_only
https://assets.scriptslug.com/live/pdf/scripts/coming-home-1978.pdf?v=1729114889,Coming Home,,,left_only,Coming Home,,,,,,,,left_only
https://assets.scriptslug.com/live/pdf/scripts/coming-to-america-1988.pdf?v=1729114889,Coming To America,,,left_only,Coming To America,,,,,,,,left_only
https://assets.scriptslug.com/live/pdf/scripts/commando-1985.pdf?v=1729114889,Commando,Commando,https://imsdb.com//scripts//Commando.html,both,Commando,Commando,HTML len = 0 : no content scrapped,Commando,,,,,left_only
,,,,,,,,,Committed (filmed as Crazy Love),https://www.dailyscript.com/scripts/crazy_love.html,html,Committed (filmed As Crazy Love),right_only
,,,,,,,,,Committed (filmed as Crazylove),https://www.dailyscript.com/scripts/Committed.pdf,pdf,Committed (filmed As Crazylove),right_only
https://assets.scriptslug.com/live/pdf/scripts/con-air-1997.pdf?v=1729114889,Con Air,,,left_only,Con Air,,,,,,,,left_only
,,,,,,,,,Conan,https://www.dailyscript.com/scripts/Conan-10-07-09.pdf,pdf,Conan,right_only
,,Conan The Barbarian,https://imsdb.com//scripts//Conan-the-Barbarian.html,right_only,Conan The Barbarian,Conan the Barbarian,HTML len = 0 : no content scrapped,Conan The Barbarian,,,,,left_only
https://assets.scriptslug.com/live/pdf/scripts/conclave-2024.pdf?v=1738463617,Conclave,,,left_only,Conclave,,,,,,,,left_only
https://assets.scriptslug.com/live/pdf/scripts/conheads-1993.pdf?v=1729114890,Coneheads,,,left_only,Coneheads,,,,,,,,left_only
,,Confessions Of A Dangerous Mind,https://imsdb.com//scripts//Confessions-of-a-Dangerous-Mind.html,right_only,Confessions Of A Dangerous Mind,,,,,,,,left_only
,,Confidence,https://imsdb.com//scripts//Confidence.html,right_only,Confidence,,,,Confidence,https://www.dailyscript.com/scripts/CONFIDENCE.pdf,pdf,Confidence,both
,,,,,,,,,Conquest of Paradise: 1492,https://www.dailyscript.com/scripts/1492-ConquestOfParadise.txt,txt,Conquest Of Paradise 1492,right_only
,,,,,,,,,Conspiracy Theory,https://www.dailyscript.com/scripts/conspiracy-theory.html,html,Conspiracy Theory,right_only
https://assets.scriptslug.com/live/pdf/scripts/constantine-2005.pdf?v=1729114890,Constantine,Constantine,https://imsdb.com//scripts//Constantine.html,both,Constantine,,,,,,,,left_only
https://assets.scriptslug.com/live/pdf/scripts/contact-1997.pdf?v=1729114890,Contact,Contact,https://imsdb.com//scripts//Contact.html,both,Contact,Contact,"Webstatus : 404
",Contact,,,,,left_only
https://assets.scriptslug.com/live/pdf/scripts/contagion-2011.pdf?v=1729114890,Contagion,,,left_only,Contagion,,,,,,,,left_only
https://assets.scriptslug.com/live/pdf/scripts/cool-hand-luke-1967.pdf?v=1729114890,Cool Hand Luke,,,left_only,Cool Hand Luke,,,,,,,,left_only
https://assets.scriptslug.com/live/pdf/scripts/cool-runnings-1993.pdf?v=1729114890,Cool Runnings,,,left_only,Cool Runnings,,,,,,,,left_only
https://assets.scriptslug.com/live/pdf/scripts/copycat-1995.pdf?v=1729114890,Copycat,Copycat,https://imsdb.com//scripts//Copycat.html,both,Copycat,,,,Copycat,https://www.dailyscript.com/scripts/copycat.html,html,Copycat,both
https://assets.scriptslug.com/live/pdf/scripts/coraline-2009.pdf?v=1729114890,Coraline,Coraline,https://imsdb.com//scripts//Coraline.html,both,Coraline,,,,,,,,left_only
,,Coriolanus,https://imsdb.com//scripts//Coriolanus.html,right_only,Coriolanus,,,,,,,,left_only
https://assets.scriptslug.com/live/pdf/scripts/corpse-bride-2005.pdf?v=1729114891,Corpse Bride,Corpse Bride,https://imsdb.com//scripts//Corpse-Bride.html,both,Corpse Bride,,,,,,,,left_only
https://assets.scriptslug.com/live/pdf/scripts/courage-under-fire-1996.pdf?v=1729114891,Courage Under Fire,Courage Under Fire,https://imsdb.com//scripts//Courage-Under-Fire.html,both,Courage Under Fire,Courage Under Fire,HTML len = 0 : no content scrapped,Courage Under Fire,Courage Under Fire,https://www.dailyscript.com/scripts/CourageUnderFire.pdf,pdf,Courage Under Fire,both
,,Cowboys & Aliens,https://imsdb.com//scripts//Cowboys-&-Aliens.html,right_only,Cowboys & Aliens,Cowboys & Aliens,HTML len = 0 : no content scrapped,Cowboys & Aliens,,,,,left_only
,,Cradle 2 The Grave,https://imsdb.com//scripts//Cradle-2-the-Grave.html,right_only,Cradle 2 The Grave,,,,,,,,left_only
,,,,,,,,,Cradle to the Grave,https://www.dailyscript.com/scripts/Cradle_to_the_Grave.pdf,pdf,Cradle To The Grave,right_only
,,Crank,https://imsdb.com//scripts//Crank.html,right_only,Crank,,,,Crank,https://www.dailyscript.com/scripts/crank.pdf,pdf,Crank,both
https://assets.scriptslug.com/live/pdf/scripts/crash-2004.pdf?v=1729114891,Crash,Crash,https://imsdb.com//scripts//Crash.html,both,Crash,,,,,,,,left_only
,,,,,,,,,Crash (1996),https://www.dailyscript.com/scripts/Crash+(1996).txt,txt,Crash (1996),right_only
https://assets.scriptslug.com/live/pdf/scripts/crawl-2019.pdf?v=1729114891,Crawl,,,left_only,Crawl,,,,,,,,left_only
,,,,,,,,,Crazy Love (was Committed),https://www.dailyscript.com/scripts/crazy_love.html,html,Crazy Love (was Committed),right_only
https://assets.scriptslug.com/live/pdf/scripts/crazy-rich-asians-2018.pdf?v=1729114891,Crazy Rich Asians,,,left_only,Crazy Rich Asians,,,,,,,,left_only
https://assets.scriptslug.com/live/pdf/scripts/crazy-stupid-love-2011.pdf?v=1729114891,Crazy Stupid Love,Crazy Stupid Love,"https://imsdb.com//scripts//Crazy,-Stupid,-Love.html",both,Crazy Stupid Love,,,,,,,,left_only
,,Crazylove,https://imsdb.com//scripts//Crazylove.html,right_only,Crazylove,,,,,,,,left_only
,,,,,,,,,Crazylove (was Committed),https://www.dailyscript.com/scripts/Committed.pdf,pdf,Crazylove (was Committed),right_only
,,Creation,https://imsdb.com//scripts//Creation.html,right_only,Creation,,,,,,,,left_only
https://assets.scriptslug.com/live/pdf/scripts/creed-2015.pdf?v=1729114891,Creed,,,left_only,Creed,,,,,,,,left_only
https://assets.scriptslug.com/live/pdf/scripts/creed-ii-2018.pdf?v=1729114891,Creed 2,,,left_only,Creed 2,,,,,,,,left_only
https://assets.scriptslug.com/live/pdf/scripts/creed-iii-2023.pdf?v=1729114891,Creed 3,,,left_only,Creed 3,,,,,,,,left_only
,,Crime Spree,https://imsdb.com//scripts//Crime-Spree.html,right_only,Crime Spree,,,,Crime Spree,https://www.dailyscript.com/scripts/crimespree.html,html,Crime Spree,both
https://assets.scriptslug.com/live/pdf/scripts/crimson-peak-2015.pdf?v=1729114891,Crimson Peak,,,left_only,Crimson Peak,,,,,,,,left_only
https://assets.scriptslug.com/live/pdf/scripts/critters-1986.pdf?v=1729114892,Critters,,,left_only,Critters,,,,,,,,left_only
,,,,,,,,,Cross of Iron,https://www.dailyscript.com/scripts/Cross-of-Iron-script.pdf,pdf,Cross Of Iron,right_only
,,Crouching Tiger Hidden Dragon,"https://imsdb.com//scripts//Crouching-Tiger,-Hidden-Dragon.html",right_only,Crouching Tiger Hidden Dragon,,,,,,,,left_only
,,Croupier,https://imsdb.com//scripts//Croupier.html,right_only,Croupier,,,,Croupier,https://www.dailyscript.com/scripts/Croupier.txt,txt,Croupier,both
,,,,,,,,,Crow 3: Resurrection,https://www.dailyscript.com/scripts/TheCrow3_unproduced.txt,txt,Crow 3 Resurrection,right_only
,,Cruel Intentions,https://imsdb.com//scripts//Cruel-Intentions.html,right_only,Cruel Intentions,,,,Cruel Intentions,https://www.dailyscript.com/scripts/cruel-intentions.html,html,Cruel Intentions,both
,,Crying Game,https://imsdb.com//scripts//Crying-Game.html,right_only,Crying Game,,,,,,,,left_only
,,Cube,https://imsdb.com//scripts//Cube.html,right_only,Cube,,,,,,,,left_only
https://assets.scriptslug.com/live/pdf/scripts/curly-sue-1991.pdf?v=1729114892,Curly Sue,,,left_only,Curly Sue,,,,,,,,left_only
,,,,,,,,,Curse of the Cat People,https://www.dailyscript.com/scripts/cursecat.htm,htm,Curse Of The Cat People,right_only
,,Custody,https://imsdb.com//scripts//Custody.html,right_only,Custody,,,,,,,,left_only
https://assets.scriptslug.com/live/pdf/scripts/cyrano-2022.pdf?v=1729114892,Cyrano,,,left_only,Cyrano,,,,,,,,left_only
https://assets.scriptslug.com/live/pdf/scripts/d2-the-mighty-ducks-1994.pdf?v=1729114892,D2 The Mighty Ducks,,,left_only,D2 The Mighty Ducks,,,,,,,,left_only
https://assets.scriptslug.com/live/pdf/scripts/d3-the-mighty-ducks-1996.pdf?v=1729114892,D3 The Mighty Ducks,,,left_only,D3 The Mighty Ducks,,,,,,,,left_only
https://assets.scriptslug.com/live/pdf/scripts/da-5-bloods-2020.pdf?v=1729114892,Da 5 Bloods,,,left_only,Da 5 Bloods,,,,,,,,left_only
https://assets.scriptslug.com/live/pdf/scripts/dallas-buyers-club-2013.pdf?v=1729114892,Dallas Buyers Club,Dallas Buyers Club,https://imsdb.com//scripts//Dallas-Buyers-Club.html,both,Dallas Buyers Club,,,,,,,,left_only
https://assets.scriptslug.com/live/pdf/scripts/dances-with-wolves-1990.pdf?v=1729114892,Dances With Wolves,Dances With Wolves,https://imsdb.com//scripts//Dances-with-Wolves.html,both,Dances With Wolves,,,,Dances With Wolves,https://www.dailyscript.com/scripts/Dances_With_Wolves.pdf,pdf,Dances With Wolves,both
https://assets.scriptslug.com/live/pdf/scripts/daredevil-2003.pdf?v=1729114892,Daredevil,,,left_only,Daredevil,,,,,,,,left_only
,,,,,,,,,Dark Angel - Pilot,https://www.dailyscript.com/scripts/DarkAngel.txt,txt,Dark Angel Pilot,right_only
https://assets.scriptslug.com/live/pdf/scripts/dark-city-1998.pdf?v=1729114893,Dark City,Dark City,https://imsdb.com//scripts//Dark-City.html,both,Dark City,,,,Dark City,https://www.dailyscript.com/scripts/dark-city_early.html,html,Dark City,both
,,,,,,,,,Dark City�,https://www.dailyscript.com/scripts/dark-city_early-rewrite.html,html,Dark City�,right_only
,,Dark Star,https://imsdb.com//scripts//Dark-Star.html,right_only,Dark Star,,,,Dark Star,https://www.dailyscript.com/scripts/dark-star_short.html,html,Dark Star,both
https://assets.scriptslug.com/live/pdf/scripts/darker-than-amber-1970.pdf?v=1729114893,Darker Than Amber,,,left_only,Darker Than Amber,,,,,,,,left_only
https://assets.scriptslug.com/live/pdf/scripts/darkest-hour-2017.pdf?v=1729114893,Darkest Hour,,,left_only,Darkest Hour,,,,,,,,left_only
https://assets.scriptslug.com/live/pdf/scripts/darkman-1990.pdf?v=1729114893,Darkman,Darkman,https://imsdb.com//scripts//Darkman.html,both,Darkman,,,,Darkman,https://www.dailyscript.com/scripts/darkman.pdf,pdf,Darkman,both
,,Date Night,https://imsdb.com//scripts//Date-Night.html,right_only,Date Night,,,,,,,,left_only
,,Dave Barrys Complete Guide To Guys,https://imsdb.com//scripts//Dave-Barry's-Complete-Guide-to-Guys.html,right_only,Dave Barrys Complete Guide To Guys,,,,,,,,left_only
https://assets.scriptslug.com/live/pdf/scripts/dawn-of-the-dead-2004.pdf?v=1729114893,Dawn Of The Dead,Dawn Of The Dead,https://imsdb.com//scripts//Dawn-of-the-Dead.html,both,Dawn Of The Dead,,,,,,,,left_only
https://assets.scriptslug.com/live/pdf/scripts/dawn-of-the-planet-of-the-apes-2014.pdf?v=1729114893,Dawn Of The Planet Of The Apes,,,left_only,Dawn Of The Planet Of The Apes,,,,,,,,left_only
,,Day Of The Dead,https://imsdb.com//scripts//Day-of-the-Dead.html,right_only,Day Of The Dead,,,,,,,,left_only
https://assets.scriptslug.com/live/pdf/scripts/days-of-heaven-1978.pdf?v=1729114893,Days Of Heaven,Days Of Heaven,https://imsdb.com//scripts//Days-of-Heaven.html,both,Days Of Heaven,,,,Days of Heaven,https://www.dailyscript.com/scripts/daysofheaven.html,html,Days Of Heaven,both
https://assets.scriptslug.com/live/pdf/scripts/dazed-and-confused-1993.pdf?v=1729114893,Dazed And Confused,,,left_only,Dazed And Confused,,,,,,,,left_only
https://assets.scriptslug.com/live/pdf/scripts/dead-poets-society-1989.pdf?v=1729114893,Dead Poets Society,Dead Poets Society,https://imsdb.com//scripts//Dead-Poets-Society.html,both,Dead Poets Society,,,,Dead Poets Society,https://www.dailyscript.com/scripts/Dead%20Poets%20Society.txt,txt,Dead Poets Society,both
https://assets.scriptslug.com/live/pdf/scripts/deadpool-2016.pdf?v=1729114893,Deadpool,Deadpool,https://imsdb.com//scripts//Deadpool.html,both,Deadpool,,,,,,,,left_only
https://assets.scriptslug.com/live/pdf/scripts/deadpool-and-wolverine-2024.pdf?v=1738462441,Deadpool & Wolverine,Deadpool & Wolverine,https://imsdb.com//scripts//Deadpool-&-Wolverine.html,both,Deadpool & Wolverine,Deadpool & Wolverine,HTML len = 0 : no content scrapped,Deadpool & Wolverine,,,,,left_only
https://assets.scriptslug.com/live/pdf/scripts/dear-white-people-2014.pdf?v=1729114894,Dear White People,Dear White People,https://imsdb.com//scripts//Dear-White-People.html,both,Dear White People,,,,,,,,left_only
https://assets.scriptslug.com/live/pdf/scripts/death-at-a-funeral-2007.pdf?v=1729114894,Death At A Funeral,Death At A Funeral,https://imsdb.com//scripts//Death-at-a-Funeral.html,both,Death At A Funeral,,,,,,,,left_only
https://assets.scriptslug.com/live/pdf/scripts/death-becomes-her-1992.pdf?v=1729114894,Death Becomes Her,,,left_only,Death Becomes Her,,,,,,,,left_only
https://assets.scriptslug.com/live/pdf/scripts/death-note-2017.pdf?v=1729114894,Death Note,,,left_only,Death Note,,,,,,,,left_only
https://assets.scriptslug.com/live/pdf/scripts/death-proof-2007.pdf?v=1729114894,Death Proof,,,left_only,Death Proof,,,,,,,,left_only
,,Death To Smoochy,https://imsdb.com//scripts//Death-to-Smoochy.html,right_only,Death To Smoochy,,,,Death to Smoochy,https://www.dailyscript.com/scripts/Death_to_Smoochy.pdf,pdf,Death To Smoochy,both
,,Deception,https://imsdb.com//scripts//Deception.html,right_only,Deception,,,,,,,,left_only
,,Deep Cover,https://imsdb.com//scripts//Deep-Cover.html,right_only,Deep Cover,,,,Deep Cover,https://www.dailyscript.com/scripts/Deep%20Cover.txt,txt,Deep Cover,both
,,Deep Rising,https://imsdb.com//scripts//Deep-Rising.html,right_only,Deep Rising,,,,Deep Rising,https://www.dailyscript.com/scripts/deep_rising.html,html,Deep Rising,both
https://assets.scriptslug.com/live/pdf/scripts/deep-star-six-1989.pdf?v=1729114895,Deep Star Six,,,left_only,Deep Star Six,,,,,,,,left_only
,,Defiance,https://imsdb.com//scripts//Defiance.html,right_only,Defiance,,,,Defiance,https://www.dailyscript.com/scripts/Final_Defiance_With_Cover.pdf,pdf,Defiance,both
,,,,,,,,,Deliverance,https://www.dailyscript.com/scripts/deliverance.pdf,pdf,Deliverance,right_only
https://assets.scriptslug.com/live/pdf/scripts/demolition-man-1993.pdf?v=1729114895,Demolition Man,,,left_only,Demolition Man,,,,Demolition Man,https://www.dailyscript.com/scripts/demolition-man_lenkov.html,html,Demolition Man,both
https://assets.scriptslug.com/live/pdf/scripts/den-of-thieves-2018.pdf?v=1729114895,Den Of Thieves,,,left_only,Den Of Thieves,,,,,,,,left_only
https://assets.scriptslug.com/live/pdf/scripts/denial-2016.pdf?v=1729114895,Denial,,,left_only,Denial,,,,,,,,left_only
,,Despicable Me 2,https://imsdb.com//scripts//Despicable-Me-2.html,right_only,Despicable Me 2,,,,,,,,left_only
https://assets.scriptslug.com/live/pdf/scripts/destroyer-2018.pdf?v=1729114895,Destroyer,,,left_only,Destroyer,,,,,,,,left_only
,,Detroit Rock City,https://imsdb.com//scripts//Detroit-Rock-City.html,right_only,Detroit Rock City,,,,Detroit Rock City,https://www.dailyscript.com/scripts/DetroitRockCity.htm,htm,Detroit Rock City,both
,,Devil In A Blue Dress,https://imsdb.com//scripts//Devil-in-a-Blue-Dress.html,right_only,Devil In A Blue Dress,,,,Devil In a Blue Dress,https://www.dailyscript.com/scripts/devilinabluedress.pdf,pdf,Devil In A Blue Dress,both
,,Devils Advocate,https://imsdb.com//scripts//Devil's-Advocate.html,right_only,Devils Advocate,,,,,,,,left_only
https://assets.scriptslug.com/live/pdf/scripts/die-hard-1988.pdf?v=1729114895,Die Hard,Die Hard,https://imsdb.com//scripts//Die-Hard.html,both,Die Hard,,,,,,,,left_only
https://assets.scriptslug.com/live/pdf/scripts/die-hard-2-1990.pdf?v=1729114896,Die Hard 2,Die Hard 2,https://imsdb.com//scripts//Die-Hard-2.html,both,Die Hard 2,,,,Die Hard 2,https://www.dailyscript.com/scripts/Die_Hard_2.pdf,pdf,Die Hard 2,both
https://assets.scriptslug.com/live/pdf/scripts/die-hard-with-a-vengeance-1995.pdf?v=1729114896,Die Hard With A Vengeance,,,left_only,Die Hard With A Vengeance,,,,,,,,left_only
,,Diner,https://imsdb.com//scripts//Diner.html,right_only,Diner,,,,Diner,https://www.dailyscript.com/scripts/diner.pdf,pdf,Diner,both
https://assets.scriptslug.com/live/pdf/scripts/dinner-for-schmucks-2010.pdf?v=1729114896,Dinner For Schmucks,,,left_only,Dinner For Schmucks,,,,,,,,left_only
https://assets.scriptslug.com/live/pdf/scripts/dirty-girl-2010.pdf?v=1729114896,Dirty Girl,,,left_only,Dirty Girl,,,,,,,,left_only
https://assets.scriptslug.com/live/pdf/scripts/dirty-harry-1971.pdf?v=1729114896,Dirty Harry,,,left_only,Dirty Harry,,,,,,,,left_only
https://assets.scriptslug.com/live/pdf/scripts/disclosure-1994.pdf?v=1729114896,Disclosure,,,left_only,Disclosure,,,,,,,,left_only
https://assets.scriptslug.com/live/pdf/scripts/disobedience-2018.pdf?v=1729114896,Disobedience,,,left_only,Disobedience,,,,,,,,left_only
https://assets.scriptslug.com/live/pdf/scripts/disorderlies-1987.pdf?v=1729114896,Disorderlies,,,left_only,Disorderlies,,,,,,,,left_only
,,Disturbia,https://imsdb.com//scripts//Disturbia.html,right_only,Disturbia,,,,Disturbia,https://www.dailyscript.com/scripts/Disturbia.pdf,pdf,Disturbia,both
https://assets.scriptslug.com/live/pdf/scripts/django-unchained-2012.pdf?v=1729114896,Django Unchained,Django Unchained,https://imsdb.com//scripts//Django-Unchained.html,both,Django Unchained,,,,Django Unchained,https://www.dailyscript.com/scripts/Django.pdf,pdf,Django Unchained,both
https://assets.scriptslug.com/live/pdf/scripts/do-the-right-thing-1989.pdf?v=1729114896,Do The Right Thing,Do The Right Thing,https://imsdb.com//scripts//Do-The-Right-Thing.html,both,Do The Right Thing,,,,,,,,left_only
https://assets.scriptslug.com/live/pdf/scripts/doctor-sleep-2019.pdf?v=1729114897,Doctor Sleep,,,left_only,Doctor Sleep,,,,,,,,left_only
https://assets.scriptslug.com/live/pdf/scripts/doctor-zhivago-1965.pdf?v=1729114897,Doctor Zhivago,,,left_only,Doctor Zhivago,,,,Doctor Zhivago,https://www.dailyscript.com/scripts/drzhivago.pdf,pdf,Doctor Zhivago,both
,,Dog Day Afternoon,https://imsdb.com//scripts//Dog-Day-Afternoon.html,right_only,Dog Day Afternoon,,,,Dog Day Afternoon,https://www.dailyscript.com/scripts/Dog%20Day%20Afternoon.txt,txt,Dog Day Afternoon,both
https://assets.scriptslug.com/live/pdf/scripts/dogma-1999.pdf?v=1729114897,Dogma,Dogma,https://imsdb.com//scripts//Dogma.html,both,Dogma,,,,,,,,left_only
https://assets.scriptslug.com/live/pdf/scripts/dolemite-is-my-name-2019.pdf?v=1729114897,Dolemite Is My Name,,,left_only,Dolemite Is My Name,,,,,,,,left_only
https://assets.scriptslug.com/live/pdf/scripts/dominion-2005.pdf?v=1729114897,Dominion,,,left_only,Dominion,,,,,,,,left_only
,,,,,,,,,Domino,https://www.dailyscript.com/scripts/domino.html,html,Domino,right_only
https://assets.scriptslug.com/live/pdf/scripts/donnie-brasco-1997.pdf?v=1729114897,Donnie Brasco,Donnie Brasco,https://imsdb.com//scripts//Donnie-Brasco.html,both,Donnie Brasco,,,,Donnie Brasco,https://www.dailyscript.com/scripts/Donnie%20Brasco.txt,txt,Donnie Brasco,both
https://assets.scriptslug.com/live/pdf/scripts/donnie-darko-2001.pdf?v=1729114897,Donnie Darko,Donnie Darko,https://imsdb.com//scripts//Donnie-Darko.html,both,Donnie Darko,Donnie Darko,"Webstatus : 404
",Donnie Darko,Donnie Darko,https://www.dailyscript.com/scripts/donniedarko.pdf,pdf,Donnie Darko,both
https://assets.scriptslug.com/live/pdf/scripts/dont-look-now-1973.pdf?v=1729114897,Dont Look Now,,,left_only,Dont Look Now,,,,,,,,left_only
https://assets.scriptslug.com/live/pdf/scripts/dont-look-up-2021.pdf?v=1729114898,Dont Look Up,,,left_only,Dont Look Up,,,,,,,,left_only
https://assets.scriptslug.com/live/pdf/scripts/dont-worry-darling-2022.pdf?v=1729114898,Dont Worry Darling,,,left_only,Dont Worry Darling,,,,,,,,left_only
https://assets.scriptslug.com/live/pdf/scripts/doom-2005.pdf?v=1729114898,Doom,,,left_only,Doom,,,,Doom,https://www.dailyscript.com/scripts/Doom.pdf,pdf,Doom,both
https://assets.scriptslug.com/live/pdf/scripts/dope-2015.pdf?v=1729114898,Dope,,,left_only,Dope,,,,,,,,left_only
,,Double Indemnity,https://imsdb.com//scripts//Double-Indemnity.html,right_only,Double Indemnity,,,,Double Indemnity,https://www.dailyscript.com/scripts/Double%20Indemnity.txt,txt,Double Indemnity,both
https://assets.scriptslug.com/live/pdf/scripts/doubt-2008.pdf?v=1729114898,Doubt,,,left_only,Doubt,,,,,,,,left_only
https://assets.scriptslug.com/live/pdf/scripts/downhill-2020.pdf?v=1729114898,Downhill,,,left_only,Downhill,,,,,,,,left_only
https://assets.scriptslug.com/live/pdf/scripts/downsizing-2017.pdf?v=1729114898,Downsizing,,,left_only,Downsizing,,,,Downsizing,https://www.dailyscript.com/scripts/downsizing.pdf,pdf,Downsizing,both
https://assets.scriptslug.com/live/pdf/scripts/downton-abbey-2019.pdf?v=1729114898,Downton Abbey,,,left_only,Downton Abbey,,,,,,,,left_only
https://assets.scriptslug.com/live/pdf/scripts/dr-horribles-sing-along-blog-2008.pdf?v=1729114898,Dr Horribles Sing Along Blog,,,left_only,Dr Horribles Sing Along Blog,,,,,,,,left_only
https://assets.scriptslug.com/live/pdf/scripts/dr-no-1962.pdf?v=1729114899,Dr No,,,left_only,Dr No,,,,,,,,left_only
https://assets.scriptslug.com/live/pdf/scripts/dr-strangelove-or-how-i-learned-to-stop-worrying-and-love-the-bomb-1964.pdf?v=1729114899,Dr Strangelove Or How I Learned To Stop Worrying And Love The Bomb,,,left_only,Dr Strangelove Or How I Learned To Stop Worrying And Love The Bomb,,,,,,,,left_only
https://assets.scriptslug.com/live/pdf/scripts/drag-me-to-hell-2009.pdf?v=1729114899,Drag Me To Hell,Drag Me To Hell,https://imsdb.com//scripts//Drag-Me-to-Hell.html,both,Drag Me To Hell,,,,,,,,left_only
,,,,,,,,,Dragon Slayer,https://www.dailyscript.com/scripts/Dragonslayer.txt,txt,Dragon Slayer,right_only
https://assets.scriptslug.com/live/pdf/scripts/dragonheart-1996.pdf?v=1729114899,Dragonheart,,,left_only,Dragonheart,,,,,,,,left_only
,,Dragonslayer,https://imsdb.com//scripts//Dragonslayer.html,right_only,Dragonslayer,,,,,,,,left_only
https://assets.scriptslug.com/live/pdf/scripts/dream-scenario-2023.pdf?v=1729114899,Dream Scenario,Dream Scenario,https://imsdb.com//scripts//Dream-Scenario.html,both,Dream Scenario,,,,,,,,left_only
https://assets.scriptslug.com/live/pdf/scripts/dredd-2012.pdf?v=1729114899,Dredd,,,left_only,Dredd,,,,,,,,left_only
https://assets.scriptslug.com/live/pdf/scripts/dressed-to-kill-1980.pdf?v=1729114899,Dressed To Kill,,,left_only,Dressed To Kill,,,,,,,,left_only
https://assets.scriptslug.com/live/pdf/scripts/drive-2011.pdf?v=1729114899,Drive,Drive,https://imsdb.com//scripts//Drive.html,both,Drive,,,,,,,,left_only
,,Drive Angry,https://imsdb.com//scripts//Drive-Angry.html,right_only,Drive Angry,,,,,,,,left_only
https://assets.scriptslug.com/live/pdf/scripts/driving-miss-daisy-1989.pdf?v=1729114899,Driving Miss Daisy,,,left_only,Driving Miss Daisy,,,,,,,,left_only
,,Drop Dead Gorgeous,https://imsdb.com//scripts//Drop-Dead-Gorgeous.html,right_only,Drop Dead Gorgeous,,,,Drop Dead Gorgeous,https://www.dailyscript.com/scripts/dropdeadgorgeous.html,html,Drop Dead Gorgeous,both
,,Dry White Season A,"https://imsdb.com//scripts//Dry-White-Season,-A.html",right_only,Dry White Season A,,,,,,,,left_only
,,,,,,,,,Duchess,https://www.dailyscript.com/scripts/Final_Duchess_with_Cover.pdf,pdf,Duchess,right_only
,,Duck Soup,https://imsdb.com//scripts//Duck-Soup.html,right_only,Duck Soup,,,,Duck Soup,https://www.dailyscript.com/scripts/Duck%20Soup.txt,txt,Duck Soup,both
,,Dumb And Dumber,https://imsdb.com//scripts//Dumb-and-Dumber.html,right_only,Dumb And Dumber,,,,Dumb and Dumber,https://www.dailyscript.com/scripts/Dumb%20And%20Dumber.txt,txt,Dumb And Dumber,both
https://assets.scriptslug.com/live/pdf/scripts/dumb-money-2023.pdf?v=1729114900,Dumb Money,,,left_only,Dumb Money,,,,,,,,left_only
https://assets.scriptslug.com/live/pdf/scripts/dune-1984.pdf?v=1729114900,Dune,Dune,https://imsdb.com//scripts//Dune.html,both,Dune,,,,,,,,left_only
https://assets.scriptslug.com/live/pdf/scripts/dune-2021.pdf?v=1729114900,Dune,Dune,https://imsdb.com//scripts//Dune.html,both,Dune,,,,,,,,left_only
,,Dune Part One,https://imsdb.com//scripts//Dune-Part-One.html,right_only,Dune Part One,,,,,,,,left_only
https://assets.scriptslug.com/live/pdf/scripts/dunkirk-2017.pdf?v=1729114900,Dunkirk,,,left_only,Dunkirk,,,,Dunkirk,https://www.dailyscript.com/scripts/Dunkirk.pdf,pdf,Dunkirk,both
https://assets.scriptslug.com/live/pdf/scripts/duplicity-2009.pdf?v=1729114900,Duplicity,,,left_only,Duplicity,,,,,,,,left_only
https://assets.scriptslug.com/live/pdf/scripts/dutch-1991.pdf?v=1729114900,Dutch,,,left_only,Dutch,,,,,,,,left_only
,,Eagle Eye,https://imsdb.com//scripts//Eagle-Eye.html,right_only,Eagle Eye,,,,,,,,left_only
,,Eastern Promises,https://imsdb.com//scripts//Eastern-Promises.html,right_only,Eastern Promises,,,,,,,,left_only
https://assets.scriptslug.com/live/pdf/scripts/easy-a-2010.pdf?v=1729114900,Easy A,Easy A,https://imsdb.com//scripts//Easy-A.html,both,Easy A,,,,,,,,left_only
,,Ed Tv,https://imsdb.com//scripts//Ed-TV.html,right_only,Ed Tv,,,,Ed TV,https://www.dailyscript.com/scripts/edtv.html,html,Ed Tv,both
https://assets.scriptslug.com/live/pdf/scripts/ed-wood-1994.pdf?v=1729114900,Ed Wood,Ed Wood,https://imsdb.com//scripts//Ed-Wood.html,both,Ed Wood,,,,Ed Wood,https://www.dailyscript.com/scripts/ed-wood.html,html,Ed Wood,both
https://assets.scriptslug.com/live/pdf/scripts/eddie-the-eagle-2016.pdf?v=1729114901,Eddie The Eagle,,,left_only,Eddie The Eagle,,,,,,,,left_only
https://assets.scriptslug.com/live/pdf/scripts/edge-of-tomorrow-2014.pdf?v=1729114901,Edge Of Tomorrow,,,left_only,Edge Of Tomorrow,,,,,,,,left_only
https://assets.scriptslug.com/live/pdf/scripts/edward-scissorhands-1990.pdf?v=1729114901,Edward Scissorhands,Edward Scissorhands,https://imsdb.com//scripts//Edward-Scissorhands.html,both,Edward Scissorhands,,,,Edward Scissorhands,https://www.dailyscript.com/scripts/edward_scissorhands1.pdf,pdf,Edward Scissorhands,both
,,Eight Legged Freaks,https://imsdb.com//scripts//Eight-Legged-Freaks.html,right_only,Eight Legged Freaks,,,,,,,,left_only
,,,,,,,,,Eight Legged Freaks (Originally Titled Arac Attack),https://www.dailyscript.com/scripts/arac_attack.pdf,pdf,Eight Legged Freaks (originally Titled Arac Attack),right_only
,,,,,,,,,Eight Millimeter,https://www.dailyscript.com/scripts/eight-millimeter.html,html,Eight Millimeter,right_only
,,,,,,,,,Eight Scenes from the life of Hank Williams,https://www.dailyscript.com/scripts/Eight%20Scenes%20From%20The%20Life%20Of%20Hank%20Williams%20(Unproduced).txt,txt,Eight Scenes From The Life Of Hank Williams,right_only
https://assets.scriptslug.com/live/pdf/scripts/eighth-grade-2018.pdf?v=1729114901,Eighth Grade,,,left_only,Eighth Grade,,,,,,,,left_only
,,,,,,,,,El Cantante,https://www.dailyscript.com/scripts/El-Cantante-script.pdf,pdf,El Cantante,right_only
,,,,,,,,,El Laberinto del Fauno,https://www.dailyscript.com/scripts/PansLabyrinthEnglishScreenplay.pdf,pdf,El Laberinto Del Fauno,right_only
,,El Mariachi,https://imsdb.com//scripts//El-Mariachi.html,right_only,El Mariachi,,,,El Mariachi,https://www.dailyscript.com/scripts/El%20Mariachi.txt,txt,El Mariachi,both
https://assets.scriptslug.com/live/pdf/scripts/election-1999.pdf?v=1730829431,Election,Election,https://imsdb.com//scripts//Election.html,both,Election,,,,Election,https://www.dailyscript.com/scripts/election.html,html,Election,both
https://assets.scriptslug.com/live/pdf/scripts/elemental-2023.pdf?v=1729114901,Elemental,Elemental,https://imsdb.com//scripts//Elemental.html,both,Elemental,,,,,,,,left_only
,,,,,,,,,Elf,https://www.dailyscript.com/scripts/elf.html,html,Elf,right_only
,,Elizabeth The Golden Age,https://imsdb.com//scripts//Elizabeth-The-Golden-Age.html,right_only,Elizabeth The Golden Age,,,,Elizabeth: The Golden Age,https://www.dailyscript.com/scripts/elizabeth.pdf,pdf,Elizabeth The Golden Age,both
,,,,,,,,,Elizabethtown,https://www.dailyscript.com/scripts/Elizabethtown.pdf,pdf,Elizabethtown,right_only
,,,,,,,,,Elle,https://www.dailyscript.com/scripts/elle_screenplay.pdf,pdf,Elle,right_only
https://assets.scriptslug.com/live/pdf/scripts/elvis-2022.pdf?v=1729114901,Elvis,Elvis,https://imsdb.com//scripts//Elvis.html,both,Elvis,,,,,,,,left_only
https://assets.scriptslug.com/live/pdf/scripts/elysium-2013.pdf?v=1729114901,Elysium,,,left_only,Elysium,,,,,,,,left_only
https://assets.scriptslug.com/live/pdf/scripts/emancipation-2023.pdf?v=1729114901,Emancipation,,,left_only,Emancipation,,,,,,,,left_only
https://assets.scriptslug.com/live/pdf/scripts/emergency-2022.pdf?v=1729114902,Emergency,,,left_only,Emergency,,,,,,,,left_only
https://assets.scriptslug.com/live/pdf/scripts/emilia-perez-2024.pdf?v=1738463837,Emilia Pérez,,,left_only,Emilia Pérez,,,,,,,,left_only
https://assets.scriptslug.com/live/pdf/scripts/emma-2020.pdf?v=1729114902,Emma,,,left_only,Emma,,,,,,,,left_only
https://assets.scriptslug.com/live/pdf/scripts/empire-of-light-2022.pdf?v=1729114902,Empire Of Light,,,left_only,Empire Of Light,,,,,,,,left_only
,,,,,,,,,Empire of the Sun,https://www.dailyscript.com/scripts/EmpireoftheSun.pdf,pdf,Empire Of The Sun,right_only
https://assets.scriptslug.com/live/pdf/scripts/encanto-2021.pdf?v=1729114902,Encanto,,,left_only,Encanto,,,,,,,,left_only
https://assets.scriptslug.com/live/pdf/scripts/encounter-2021.pdf?v=1729114902,Encounter,,,left_only,Encounter,,,,,,,,left_only
https://assets.scriptslug.com/live/pdf/scripts/end-of-watch-2012.pdf?v=1729114902,End Of Watch,,,left_only,End Of Watch,,,,,,,,left_only
,,Enemy Of The State,https://imsdb.com//scripts//Enemy-of-the-State.html,right_only,Enemy Of The State,,,,Enemy of the State,https://www.dailyscript.com/scripts/enemyofthestate.html,html,Enemy Of The State,both
,,Enough,https://imsdb.com//scripts//Enough.html,right_only,Enough,,,,,,,,left_only
https://assets.scriptslug.com/live/pdf/scripts/enough-said-2013.pdf?v=1729114902,Enough Said,,,left_only,Enough Said,,,,,,,,left_only
,,Entrapment,https://imsdb.com//scripts//Entrapment.html,right_only,Entrapment,,,,Entrapment,https://www.dailyscript.com/scripts/entrapment_early.html,html,Entrapment,both
,,Equilibrium,https://imsdb.com//scripts//Equilibrium.html,right_only,Equilibrium,Equilibrium,HTML len = 0 : no content scrapped,Equilibrium,Equilibrium,https://www.dailyscript.com/scripts/equilibrium-early.pdf,pdf,Equilibrium,both
https://assets.scriptslug.com/live/pdf/scripts/equity-2016.pdf?v=1729114902,Equity,,,left_only,Equity,,,,Equity,https://www.dailyscript.com/scripts/equity_screenplay.pdf,pdf,Equity,both
https://assets.scriptslug.com/live/pdf/scripts/eraser-1996.pdf?v=1729114903,Eraser,,,left_only,Eraser,,,,,,,,left_only
,,Erik The Viking,https://imsdb.com//scripts//Erik-the-Viking.html,right_only,Erik The Viking,,,,Erik the Viking,https://www.dailyscript.com/scripts/erik_the_viking.html,html,Erik The Viking,both
,,Erik The Viking,https://imsdb.com//scripts//Erik-the-Viking.html,right_only,Erik The Viking,,,,Erik The Viking,https://www.dailyscript.com/scripts/Erik+The+Viking.txt,txt,Erik The Viking,both
https://assets.scriptslug.com/live/pdf/scripts/erin-brockovich-2000.pdf?v=1729114903,Erin Brockovich,Erin Brockovich,https://imsdb.com//scripts//Erin-Brockovich.html,both,Erin Brockovich,,,,Erin Brockovich,https://www.dailyscript.com/scripts/erin-brockovich_early.html,html,Erin Brockovich,both
,,,,,,,,,Erin Brockovich ,https://www.dailyscript.com/scripts/Erin+Brockovich.txt,txt,Erin Brockovich ,right_only
,,Escape From La,https://imsdb.com//scripts//Escape-From-L.A..html,right_only,Escape From La,,,,,,,,left_only
,,Escape From New York,https://imsdb.com//scripts//Escape-From-New-York.html,right_only,Escape From New York,,,,,,,,left_only
,,Et,https://imsdb.com//scripts//E.T..html,right_only,Et,,,,,,,,left_only
https://assets.scriptslug.com/live/pdf/scripts/e-t-the-extra-terrestrial-1982.pdf?v=1729114900,Et The Extra Terrestrial,,,left_only,Et The Extra Terrestrial,,,,,,,,left_only
https://assets.scriptslug.com/live/pdf/scripts/eternal-sunshine-of-the-spotless-mind-2004.pdf?v=1729114903,Eternal Sunshine Of The Spotless Mind,Eternal Sunshine Of The Spotless Mind,https://imsdb.com//scripts//Eternal-Sunshine-of-the-Spotless-Mind.html,both,Eternal Sunshine Of The Spotless Mind,,,,Eternal Sunshine Of The Spotless Mind,https://www.dailyscript.com/scripts/Eternal+Sunshine+Of+The+Spotless+Mind.txt,txt,Eternal Sunshine Of The Spotless Mind,both
,,Even Cowgirls Get The Blues,https://imsdb.com//scripts//Even-Cowgirls-Get-the-Blues.html,right_only,Even Cowgirls Get The Blues,,,,Even Cowgirls Get The Blues,https://www.dailyscript.com/scripts/Even%20Cowgirls%20Get%20The%20Blues.txt,txt,Even Cowgirls Get The Blues,both
https://assets.scriptslug.com/live/pdf/scripts/event-horizon-1997.pdf?v=1729114904,Event Horizon,Event Horizon,https://imsdb.com//scripts//Event-Horizon.html,both,Event Horizon,,,,Event Horizon,https://www.dailyscript.com/scripts/Event%20Horizon.txt,txt,Event Horizon,both
https://assets.scriptslug.com/live/pdf/scripts/everything-everywhere-all-at-once-2022.pdf?v=1729114904,Everything Everywhere All At Once,,,left_only,Everything Everywhere All At Once,,,,,,,,left_only
https://assets.scriptslug.com/live/pdf/scripts/evil-dead-2013.pdf?v=1729114904,Evil Dead,Evil Dead,https://imsdb.com//scripts//Evil-Dead.html,both,Evil Dead,,,,,,,,left_only
https://assets.scriptslug.com/live/pdf/scripts/evil-dead-ii-1987.pdf?v=1729114904,Evil Dead 2,,,left_only,Evil Dead 2,,,,,,,,left_only
,,Evil Dead 2 Dead By Dawn,https://imsdb.com//scripts//Evil-Dead-II-Dead-by-Dawn.html,right_only,Evil Dead 2 Dead By Dawn,,,,,,,,left_only
https://assets.scriptslug.com/live/pdf/scripts/evolution-2001.pdf?v=1729114905,Evolution,,,left_only,Evolution,,,,,,,,left_only
https://assets.scriptslug.com/live/pdf/scripts/ex-machina-2015.pdf?v=1729114905,Ex Machina,Ex Machina,https://imsdb.com//scripts//Ex-Machina.html,both,Ex Machina,,,,Ex Machina,https://www.dailyscript.com/scripts/exMachina_script.pdf,pdf,Ex Machina,both
https://assets.scriptslug.com/live/pdf/scripts/excalibur-1981.pdf?v=1729114905,Excalibur,Excalibur,https://imsdb.com//scripts//Excalibur.html,both,Excalibur,,,,Excalibur,https://www.dailyscript.com/scripts/Excalibur.txt,txt,Excalibur,both
,,Executive Decision,https://imsdb.com//scripts//Executive-Decision.html,right_only,Executive Decision,Executive Decision,"Webstatus : 404
",Executive Decision,Executive Decision,https://www.dailyscript.com/scripts/Executive_Decision.pdf,pdf,Executive Decision,both
,,Existenz,https://imsdb.com//scripts//eXistenZ.html,right_only,Existenz,eXistenZ,HTML len = 0 : no content scrapped,Existenz,,,,,left_only
https://assets.scriptslug.com/live/pdf/scripts/exorcist-ii-the-heretic-1977.pdf?v=1729114905,Exorcist 2 The Heretic,,,left_only,Exorcist 2 The Heretic,,,,,,,,left_only
,,Extract,https://imsdb.com//scripts//Extract.html,right_only,Extract,,,,,,,,left_only
https://assets.scriptslug.com/live/pdf/scripts/extremely-wicked-shockingly-evil-and-vile-2019.pdf?v=1729114905,Extremely Wicked Shockingly Evil And Vile,,,left_only,Extremely Wicked Shockingly Evil And Vile,,,,,,,,left_only
https://assets.scriptslug.com/live/pdf/scripts/eye-in-the-sky-2016.pdf?v=1729114905,Eye In The Sky,,,left_only,Eye In The Sky,,,,,,,,left_only
https://assets.scriptslug.com/live/pdf/scripts/eyes-wide-shut-1999.pdf?v=1729114905,Eyes Wide Shut,Eyes Wide Shut,https://imsdb.com//scripts//Eyes-Wide-Shut.html,both,Eyes Wide Shut,Eyes Wide Shut,"Webstatus : 404
",Eyes Wide Shut,,,,,left_only
,,Face Off,https://imsdb.com//scripts//Face-Off.html,right_only,Face Off,,,,,,,,left_only
,,,,,,,,,Face/Off,https://www.dailyscript.com/scripts/faceoff_early.html,html,Face/off,right_only
,,Fair Game,https://imsdb.com//scripts//Fair-Game.html,right_only,Fair Game,,,,,,,,left_only
https://assets.scriptslug.com/live/pdf/scripts/fair-play-2023.pdf?v=1729114905,Fair Play,,,left_only,Fair Play,,,,,,,,left_only
,,Fairytale A True Story,https://imsdb.com//scripts//FairyTale-A-True-Story.html,right_only,Fairytale A True Story,,,,,,,,left_only
,,,,,,,,,Fallen,https://www.dailyscript.com/scripts/Fallen.pdf,pdf,Fallen,right_only
https://assets.scriptslug.com/live/pdf/scripts/fanboys-2009.pdf?v=1729114906,Fanboys,,,left_only,Fanboys,,,,,,,,left_only
https://assets.scriptslug.com/live/pdf/scripts/fantastic-beasts-and-where-to-find-them-2016.pdf?v=1729114906,Fantastic Beasts And Where To Find Them,Fantastic Beasts And Where To Find Them,https://imsdb.com//scripts//Fantastic-Beasts-and-Where-to-Find-Them.html,both,Fantastic Beasts And Where To Find Them,,,,,,,,left_only
https://assets.scriptslug.com/live/pdf/scripts/fantastic-beasts-the-crimes-of-grindelwald-2018.pdf?v=1729114906,Fantastic Beasts The Crimes Of Grindelwald,Fantastic Beasts The Crimes Of Grindelwald,https://imsdb.com//scripts//Fantastic-Beasts-The-Crimes-of-Grindelwald.html,both,Fantastic Beasts The Crimes Of Grindelwald,,,,,,,,left_only
https://assets.scriptslug.com/live/pdf/scripts/fantastic-beasts-the-secrets-of-dumbledore-2022.pdf?v=1729114906,Fantastic Beasts The Secrets Of Dumbledore,Fantastic Beasts The Secrets Of Dumbledore,https://imsdb.com//scripts//Fantastic-Beasts-The-Secrets-of-Dumbledore.html,both,Fantastic Beasts The Secrets Of Dumbledore,,,,,,,,left_only
,,Fantastic Four,https://imsdb.com//scripts//Fantastic-Four.html,right_only,Fantastic Four,,,,,,,,left_only
https://assets.scriptslug.com/live/pdf/scripts/fantastic-mr-fox-2009.pdf?v=1729114906,Fantastic Mr Fox,Fantastic Mr Fox,https://imsdb.com//scripts//Fantastic-Mr-Fox.html,both,Fantastic Mr Fox,,,,,,,,left_only
,,,,,,,,,Far From The Maddening Crowd,https://www.dailyscript.com/scripts/Far-From-The-Maddening-Crowd.pdf,pdf,Far From The Maddening Crowd,right_only
https://assets.scriptslug.com/live/pdf/scripts/fargo-1996.pdf?v=1729114906,Fargo,Fargo,https://imsdb.com//scripts//Fargo.html,both,Fargo,,,,Fargo,https://www.dailyscript.com/scripts/fargo.html,html,Fargo,both
https://assets.scriptslug.com/live/pdf/scripts/fast-color-2019.pdf?v=1729114907,Fast Color,,,left_only,Fast Color,,,,,,,,left_only
,,Fast Times At Ridgemont High,https://imsdb.com//scripts//Fast-Times-at-Ridgemont-High.html,right_only,Fast Times At Ridgemont High,,,,Fast Times at Ridgemont High,https://www.dailyscript.com/scripts/fast_times_at_ridgemont_high.html,html,Fast Times At Ridgemont High,both
,,Fast Times At Ridgemont High,https://imsdb.com//scripts//Fast-Times-at-Ridgemont-High.html,right_only,Fast Times At Ridgemont High,,,,Fast Times At Ridgemont High,https://www.dailyscript.com/scripts/Fast+Times+At+Ridgemont+High.txt,txt,Fast Times At Ridgemont High,both
https://assets.scriptslug.com/live/pdf/scripts/fatal-attraction-1987.pdf?v=1729114907,Fatal Attraction,,,left_only,Fatal Attraction,,,,,,,,left_only
,,Fatal Instinct,https://imsdb.com//scripts//Fatal-Instinct.html,right_only,Fatal Instinct,,,,Fatal Instinct,https://www.dailyscript.com/scripts/Fatal%20Instinct.txt,txt,Fatal Instinct,both
https://assets.scriptslug.com/live/pdf/scripts/faults-2014.pdf?v=1729114907,Faults,,,left_only,Faults,,,,,,,,left_only
,,Fear And Loathing In Las Vegas,https://imsdb.com//scripts//Fear-and-Loathing-in-Las-Vegas.html,right_only,Fear And Loathing In Las Vegas,,,,Fear and Loathing in Las Vegas,https://www.dailyscript.com/scripts/fearandloathing.html,html,Fear And Loathing In Las Vegas,both
,,Fear And Loathing In Las Vegas,https://imsdb.com//scripts//Fear-and-Loathing-in-Las-Vegas.html,right_only,Fear And Loathing In Las Vegas,,,,Fear And Loathing In Las Vegas,https://www.dailyscript.com/scripts/Fear+&+Loathing+In+Las+Vegas.txt,txt,Fear And Loathing In Las Vegas,both
https://assets.scriptslug.com/live/pdf/scripts/fear-street-part-one-1994-2021.pdf?v=1729114907,Fear Street Part One 1994,,,left_only,Fear Street Part One 1994,,,,,,,,left_only
,,Feast,https://imsdb.com//scripts//Feast.html,right_only,Feast,,,,,,,,left_only
,,,,,,,,,Feast - early draft,https://www.dailyscript.com/scripts/Feast%20-%20Early%20Draft.txt,txt,Feast Early Draft,right_only
,,,,,,,,,Feast - revised draft,https://www.dailyscript.com/scripts/Feast%20-%20Revised%20Draft.txt,txt,Feast Revised Draft,right_only
https://assets.scriptslug.com/live/pdf/scripts/fences-2016.pdf?v=1729114907,Fences,,,left_only,Fences,,,,Fences,https://www.dailyscript.com/scripts/fences.pdf,pdf,Fences,both
https://assets.scriptslug.com/live/pdf/scripts/ferrari-2023.pdf?v=1729114907,Ferrari,Ferrari,https://imsdb.com//scripts//Ferrari.html,both,Ferrari,,,,,,,,left_only
https://assets.scriptslug.com/live/pdf/scripts/ferris-buellers-day-off-1986.pdf?v=1729114907,Ferris Buellers Day Off,Ferris Buellers Day Off,https://imsdb.com//scripts//Ferris-Bueller's-Day-Off.html,both,Ferris Buellers Day Off,,,,Ferris Bueller's Day Off,https://www.dailyscript.com/scripts/ferris_bueller_shooting.html,html,Ferris Buellers Day Off,both
https://assets.scriptslug.com/live/pdf/scripts/field-of-dreams-1989.pdf?v=1729114908,Field Of Dreams,Field Of Dreams,https://imsdb.com//scripts//Field-of-Dreams.html,both,Field Of Dreams,,,,Field of Dreams,https://www.dailyscript.com/scripts/Field_of_Dreams.pdf,pdf,Field Of Dreams,both
,,,,,,,,,Fifty Violins (filmed as Music of the Heart),https://www.dailyscript.com/scripts/Music%20Of%20The%20Heart.txt,txt,Fifty Violins (filmed As Music Of The Heart),right_only
https://assets.scriptslug.com/live/pdf/scripts/fight-club-2000.pdf?v=1729114908,Fight Club,Fight Club,https://imsdb.com//scripts//Fight-Club.html,both,Fight Club,,,,Fight Club,https://www.dailyscript.com/scripts/fightclub_2_98.html,html,Fight Club,both
,Fighting With My Family,,,left_only,Fighting With My Family,,,,,,,,left_only
https://assets.scriptslug.com/live/pdf/scripts/film-stars-dont-die-in-liverpool-2017.pdf?v=1729114908,Film Stars Dont Die In Liverpool,,,left_only,Film Stars Dont Die In Liverpool,,,,,,,,left_only
,,,,,,,,,Final Analysis,https://www.dailyscript.com/scripts/finalanalysis.pdf,pdf,Final Analysis,right_only
https://assets.scriptslug.com/live/pdf/scripts/final-destination-2000.pdf?v=1729114908,Final Destination,Final Destination,https://imsdb.com//scripts//Final-Destination.html,both,Final Destination,,,,Final Destination,https://www.dailyscript.com/scripts/final_destination.html,html,Final Destination,both
,,Final Destination 2,https://imsdb.com//scripts//Final-Destination-2.html,right_only,Final Destination 2,,,,Final Destination 2,https://www.dailyscript.com/scripts/final_destination2.html,html,Final Destination 2,both
https://assets.scriptslug.com/live/pdf/scripts/finding-nemo-2003.pdf?v=1729114908,Finding Nemo,Finding Nemo,https://imsdb.com//scripts//Finding-Nemo.html,both,Finding Nemo,,,,,,,,left_only
https://assets.scriptslug.com/live/pdf/scripts/first-blood-1982.pdf?v=1729114908,First Blood,,,left_only,First Blood,,,,,,,,left_only
https://assets.scriptslug.com/live/pdf/scripts/first-cow-2020.pdf?v=1729114908,First Cow,First Cow,https://imsdb.com//scripts//First-Cow.html,both,First Cow,,,,,,,,left_only
https://assets.scriptslug.com/live/pdf/scripts/first-man-2018.pdf?v=1729114908,First Man,,,left_only,First Man,,,,,,,,left_only
,,,,,,,,,First Man (written as Armstrong),https://www.dailyscript.com/scripts/first-man-2018.pdf,pdf,First Man (written As Armstrong),right_only
https://assets.scriptslug.com/live/pdf/scripts/first-reformed-2018.pdf?v=1729114908,First Reformed,,,left_only,First Reformed,,,,,,,,left_only
https://assets.scriptslug.com/live/pdf/scripts/first-they-killed-my-father-2017.pdf?v=1729114909,First They Killed My Father,,,left_only,First They Killed My Father,,,,,,,,left_only
,,Five Easy Pieces,https://imsdb.com//scripts//Five-Easy-Pieces.html,right_only,Five Easy Pieces,,,,Five Easy Pieces,https://www.dailyscript.com/scripts/fiveeasypieces.html,html,Five Easy Pieces,both
,,,,,,,,,Five Feet and Rising,https://www.dailyscript.com/scripts/fivefeetandrising.html,html,Five Feet And Rising,right_only
,,Flash Gordon,https://imsdb.com//scripts//Flash-Gordon.html,right_only,Flash Gordon,,,,,,,,left_only
https://assets.scriptslug.com/live/pdf/scripts/flashdance-1983.pdf?v=1729114909,Flashdance,,,left_only,Flashdance,,,,,,,,left_only
https://assets.scriptslug.com/live/pdf/scripts/flatliners-2017.pdf?v=1729114909,Flatliners,,,left_only,Flatliners,,,,,,,,left_only
,,Fletch,https://imsdb.com//scripts//Fletch.html,right_only,Fletch,,,,Fletch,https://www.dailyscript.com/scripts/fletch.html,html,Fletch,both
https://assets.scriptslug.com/live/pdf/scripts/flight-2012.pdf?v=1729114909,Flight,Flight,https://imsdb.com//scripts//Flight.html,both,Flight,,,,Flight,https://www.dailyscript.com/scripts/Flight.pdf,pdf,Flight,both
,,,,,,,,,Flight Plan,https://www.dailyscript.com/scripts/flightplan.html,html,Flight Plan,right_only
https://assets.scriptslug.com/live/pdf/scripts/flora-and-son-2023.pdf?v=1729114909,Flora And Son,Flora And Son,https://imsdb.com//scripts//Flora-and-Son.html,both,Flora And Son,,,,,,,,left_only
https://assets.scriptslug.com/live/pdf/scripts/focus-2015.pdf?v=1729114909,Focus,,,left_only,Focus,,,,,,,,left_only
https://assets.scriptslug.com/live/pdf/scripts/foe-2023.pdf?v=1729114909,Foe,Foe,https://imsdb.com//scripts//Foe.html,both,Foe,,,,,,,,left_only
https://assets.scriptslug.com/live/pdf/scripts/following-1998.pdf?v=1729114909,Following,,,left_only,Following,,,,,,,,left_only
https://assets.scriptslug.com/live/pdf/scripts/for-your-eyes-only-1981.pdf?v=1729114909,For Your Eyes Only,,,left_only,For Your Eyes Only,,,,,,,,left_only
,,,,,,,,,Forbidden Planet,https://www.dailyscript.com/scripts/Forbidden-Planet.pdf,pdf,Forbidden Planet,right_only
,,,,,,,,,Ford Fairlane (The Adventures of Ford Fairlane),https://www.dailyscript.com/scripts/ford-fairlane_early.html,html,Ford Fairlane (the Adventures Of Ford Fairlane),right_only
https://assets.scriptslug.com/live/pdf/scripts/ford-v-ferrari-2019.pdf?v=1729114910,Ford V Ferrari,,,left_only,Ford V Ferrari,,,,,,,,left_only
https://assets.scriptslug.com/live/pdf/scripts/forrest-gump-1994.pdf?v=1729114910,Forrest Gump,Forrest Gump,https://imsdb.com//scripts//Forrest-Gump.html,both,Forrest Gump,,,,Forrest Gump,https://www.dailyscript.com/scripts/Forrest%20Gump.txt,txt,Forrest Gump,both
,,,,,,,,,Foundation,https://www.dailyscript.com/scripts/FOUNDATION_Vintar_%202004.pdf,pdf,Foundation,right_only
,,Four Feathers,https://imsdb.com//scripts//Four-Feathers.html,right_only,Four Feathers,,,,Four Feathers,https://www.dailyscript.com/scripts/Four_Feathers_3rd_Draft.html,html,Four Feathers,both
https://assets.scriptslug.com/live/pdf/scripts/four-rooms-1995.pdf?v=1729114910,Four Rooms,Four Rooms,https://imsdb.com//scripts//Four-Rooms.html,both,Four Rooms,,,,Four Rooms,https://www.dailyscript.com/scripts/Four%20Rooms.txt,txt,Four Rooms,both
https://assets.scriptslug.com/live/pdf/scripts/four-weddings-and-a-funeral-1994.pdf?v=1729114910,Four Weddings And A Funeral,,,left_only,Four Weddings And A Funeral,,,,,,,,left_only
https://assets.scriptslug.com/live/pdf/scripts/foxcatcher-2014.pdf?v=1729114910,Foxcatcher,Foxcatcher,https://imsdb.com//scripts//Foxcatcher.html,both,Foxcatcher,,,,,,,,left_only
,,Fracture,https://imsdb.com//scripts//Fracture.html,right_only,Fracture,,,,Fracture,https://www.dailyscript.com/scripts/fracture.pdf,pdf,Fracture,both
https://assets.scriptslug.com/live/pdf/scripts/frailty-2001.pdf?v=1729114910,Frailty,,,left_only,Frailty,,,,,,,,left_only
,,Frances,https://imsdb.com//scripts//Frances.html,right_only,Frances,,,,Frances,https://www.dailyscript.com/scripts/Frances.txt,txt,Frances,both
https://assets.scriptslug.com/live/pdf/scripts/frances-ha-2012.pdf?v=1729114910,Frances Ha,,,left_only,Frances Ha,,,,,,,,left_only
https://assets.scriptslug.com/live/pdf/scripts/frank-2014.pdf?v=1729114910,Frank,,,left_only,Frank,,,,,,,,left_only
,,Frankenstein,https://imsdb.com//scripts//Frankenstein.html,right_only,Frankenstein,Frankenstein,HTML len = 0 : no content scrapped,Frankenstein,,,,,left_only
,,,,,,,,,Frankenstein (1994),https://www.dailyscript.com/scripts/Frankenstein+(1994).txt,txt,Frankenstein (1994),right_only
https://assets.scriptslug.com/live/pdf/scripts/frankensteins-army-2013.pdf?v=1729114910,Frankensteins Army,,,left_only,Frankensteins Army,,,,,,,,left_only
https://assets.scriptslug.com/live/pdf/scripts/frankenweenie-2012.pdf?v=1729114910,Frankenweenie,Frankenweenie,https://imsdb.com//scripts//Frankenweenie.html,both,Frankenweenie,Frankenweenie,HTML len = 0 : no content scrapped,Frankenweenie,,,,,left_only
https://assets.scriptslug.com/live/pdf/scripts/frankie-2019.pdf?v=1729114911,Frankie,,,left_only,Frankie,,,,,,,,left_only
https://assets.scriptslug.com/live/pdf/scripts/frantic-1988.pdf?v=1729114911,Frantic,,,left_only,Frantic,,,,,,,,left_only
,,Freaked,https://imsdb.com//scripts//Freaked.html,right_only,Freaked,,,,Freaked,https://www.dailyscript.com/scripts/freaked.pdf,pdf,Freaked,both
https://assets.scriptslug.com/live/pdf/scripts/fred-claus-2007.pdf?v=1729114911,Fred Claus,Fred Claus,https://imsdb.com//scripts//Fred-Claus.html,both,Fred Claus,,,,,,,,left_only
https://assets.scriptslug.com/live/pdf/scripts/freddy-vs-jason-2003.pdf?v=1729114911,Freddy Vs Jason,Freddy Vs Jason,https://imsdb.com//scripts//Freddy-vs.-Jason.html,both,Freddy Vs Jason,,,,Freddy vs. Jason,https://www.dailyscript.com/scripts/freddy_v_jason_briggs.html,html,Freddy Vs Jason,both
,,,,,,,,,Freddy's Dead: The Final Nightmare,https://www.dailyscript.com/scripts/nightmare_on_elm_street_6.html,html,Freddys Dead The Final Nightmare,right_only
https://assets.scriptslug.com/live/pdf/scripts/free-fire-2016.pdf?v=1729114911,Free Fire,,,left_only,Free Fire,,,,,,,,left_only
https://assets.scriptslug.com/live/pdf/scripts/free-guy-2021.pdf?v=1729114911,Free Guy,,,left_only,Free Guy,,,,,,,,left_only
https://assets.scriptslug.com/live/pdf/scripts/frequency-2000.pdf?v=1729114911,Frequency,Frequency,https://imsdb.com//scripts//Frequency.html,both,Frequency,,,,Frequency,https://www.dailyscript.com/scripts/frequency.html,html,Frequency,both
https://assets.scriptslug.com/live/pdf/scripts/fresh-2022.pdf?v=1729114911,Fresh,,,left_only,Fresh,,,,,,,,left_only
https://assets.scriptslug.com/live/pdf/scripts/freuds-last-session-2023.pdf?v=1729114911,Freuds Last Session,Freuds Last Session,https://imsdb.com//scripts//Freud's-Last-Session.html,both,Freuds Last Session,,,,,,,,left_only
https://assets.scriptslug.com/live/pdf/scripts/friday-1995.pdf?v=1729114911,Friday,,,left_only,Friday,,,,,,,,left_only
https://assets.scriptslug.com/live/pdf/scripts/friday-the-13th-1980.pdf?v=1729114912,Friday The 13th,Friday The 13th,https://imsdb.com//scripts//Friday-the-13th.html,both,Friday The 13th,,,,Friday the 13th,https://www.dailyscript.com/scripts/friday_13.html,html,Friday The 13th,both
https://assets.scriptslug.com/live/pdf/scripts/friday-the-13th-1980.pdf?v=1729114912,Friday The 13th,Friday The 13th,https://imsdb.com//scripts//Friday-the-13th.html,both,Friday The 13th,,,,Friday The 13th,https://www.dailyscript.com/scripts/Friday%20The%2013th.txt,txt,Friday The 13th,both
,,,,,,,,,Friday the 13th Part 10: Jason X,https://www.dailyscript.com/scripts/Jason_X_early.html,html,Friday The 13th Part 10 Jason X,right_only
https://assets.scriptslug.com/live/pdf/scripts/friday-the-13th-part-vi-jason-lives-1986.pdf?v=1729114912,Friday The 13th Part 6 Jason Lives,,,left_only,Friday The 13th Part 6 Jason Lives,,,,,,,,left_only
,,Friday The 13th Part 8 Jason Takes Manhattan,https://imsdb.com//scripts//Friday-the-13th-Part-VIII-Jason-Takes-Manhattan.html,right_only,Friday The 13th Part 8 Jason Takes Manhattan,,,,,,,,left_only
,,,,,,,,,Friday The 13th Part 8: Jason Takes Manhatten,https://www.dailyscript.com/scripts/friday_13_8.html,html,Friday The 13th Part 8 Jason Takes Manhatten,right_only
,,Fright Night,https://imsdb.com//scripts//Fright-Night.html,right_only,Fright Night,,,,,,,,left_only
,,Fright Night (1985),https://imsdb.com//scripts//Fright-Night-(1985).html,right_only,Fright Night (1985),,,,,,,,left_only
https://assets.scriptslug.com/live/pdf/scripts/from-dusk-till-dawn-1996.pdf?v=1729114913,From Dusk Till Dawn,From Dusk Till Dawn,https://imsdb.com//scripts//From-Dusk-Till-Dawn.html,both,From Dusk Till Dawn,,,,From Dusk Till Dawn,https://www.dailyscript.com/scripts/from_dusk_till_dawk.html,html,From Dusk Till Dawn,both
,,From Here To Eternity,https://imsdb.com//scripts//From-Here-to-Eternity.html,right_only,From Here To Eternity,,,,,,,,left_only
https://assets.scriptslug.com/live/pdf/scripts/from-russia-with-love-1963.pdf?v=1729114913,From Russia With Love,,,left_only,From Russia With Love,,,,From Russia With Love,https://www.dailyscript.com/scripts/FROM.doc,doc,From Russia With Love,both
https://assets.scriptslug.com/live/pdf/scripts/frost-nixon-2008.pdf?v=1729114913,Frost / Nixon,,,left_only,Frost / Nixon,,,,,,,,left_only
,,,,,,,,,Frost/Nixon,https://www.dailyscript.com/scripts/Frost_Nixon_screenplay.pdf,pdf,Frost/nixon,right_only
https://assets.scriptslug.com/live/pdf/scripts/frozen-2013.pdf?v=1729114913,Frozen,Frozen,https://imsdb.com//scripts//Frozen.html,both,Frozen,,,,,,,,left_only
,,Frozen (disney),https://imsdb.com//scripts//Frozen-(Disney).html,right_only,Frozen (disney),,,,,,,,left_only
,,Frozen River,https://imsdb.com//scripts//Frozen-River.html,right_only,Frozen River,,,,Frozen River,https://www.dailyscript.com/scripts/frozenriver_screenplay.pdf,pdf,Frozen River,both
https://assets.scriptslug.com/live/pdf/scripts/fruitvale-station-2013.pdf?v=1729114913,Fruitvale Station,Fruitvale Station,https://imsdb.com//scripts//Fruitvale-Station.html,both,Fruitvale Station,,,,,,,,left_only
,,,,,,,,,FTKMF (First They Killed My Father_,https://www.dailyscript.com/scripts/FTKMF.pdf,pdf,Ftkmf (first They Killed My Father ,right_only
https://assets.scriptslug.com/live/pdf/scripts/full-metal-jacket-1987.pdf?v=1729114913,Full Metal Jacket,Full Metal Jacket,https://imsdb.com//scripts//Full-Metal-Jacket.html,both,Full Metal Jacket,Full Metal Jacket,"Webstatus : 404
",Full Metal Jacket,,,,,left_only
,,,,,,,,,Fun With Dick and Jane Part 1,https://www.dailyscript.com/scripts/Fun-with-Dick-and-Jane_part1.pdf,pdf,Fun With Dick And Jane Part 1,right_only
,,,,,,,,,Fun With Dick and Jane Part 2,https://www.dailyscript.com/scripts/Fun-with-Dick-and-Jane_part2.pdf,pdf,Fun With Dick And Jane Part 2,right_only
,,Funny People,https://imsdb.com//scripts//Funny-People.html,right_only,Funny People,,,,Funny People,https://www.dailyscript.com/scripts/Funny_People_screenplay.pdf,pdf,Funny People,both
https://assets.scriptslug.com/live/pdf/scripts/fury-2014.pdf?v=1729114913,Fury,Fury,https://imsdb.com//scripts//Fury.html,both,Fury,Fury,"Webstatus : 404
",Fury,Fury,https://www.dailyscript.com/scripts/Fury.pdf,pdf,Fury,both
,,Game 6,https://imsdb.com//scripts//Game-6.html,right_only,Game 6,,,,Game 6,https://www.dailyscript.com/scripts/game_6.html,html,Game 6,both
https://assets.scriptslug.com/live/pdf/scripts/game-night-2018.pdf?v=1729114913,Game Night,,,left_only,Game Night,,,,,,,,left_only
,,Gamer,https://imsdb.com//scripts//Gamer.html,right_only,Gamer,,,,,,,,left_only
,,Gandhi,https://imsdb.com//scripts//Gandhi.html,right_only,Gandhi,,,,Gandhi,https://www.dailyscript.com/scripts/Gandhi.txt,txt,Gandhi,both
,,Gang Related,https://imsdb.com//scripts//Gang-Related.html,right_only,Gang Related,,,,Gang Related,https://www.dailyscript.com/scripts/Gang%20Related.txt,txt,Gang Related,both
,,Gangs Of New York,https://imsdb.com//scripts//Gangs-of-New-York.html,right_only,Gangs Of New York,,,,,,,,left_only
https://assets.scriptslug.com/live/pdf/scripts/garden-state-2004.pdf?v=1729114914,Garden State,Garden State,https://imsdb.com//scripts//Garden-State.html,both,Garden State,,,,Garden State,https://www.dailyscript.com/scripts/garden-state.pdf,pdf,Garden State,both
,,,,,,,,,Gateway,https://www.dailyscript.com/scripts/Gateway_Vintar_%202006.pdf,pdf,Gateway,right_only
https://assets.scriptslug.com/live/pdf/scripts/gattaca-1997.pdf?v=1729114915,Gattaca,Gattaca,https://imsdb.com//scripts//Gattaca.html,both,Gattaca,,,,Gattaca,https://www.dailyscript.com/scripts/gattaca_early.html,html,Gattaca,both
https://assets.scriptslug.com/live/pdf/scripts/gemini-man-2019.pdf?v=1729114915,Gemini Man,,,left_only,Gemini Man,,,,,,,,left_only
https://assets.scriptslug.com/live/pdf/scripts/geostorm-2017.pdf?v=1729114915,Geostorm,,,left_only,Geostorm,,,,,,,,left_only
https://assets.scriptslug.com/live/pdf/scripts/get-carter-1971.pdf?v=1729114915,Get Carter,Get Carter,https://imsdb.com//scripts//Get-Carter.html,both,Get Carter,,,,Get Carter,https://www.dailyscript.com/scripts/Get_Carter.pdf,pdf,Get Carter,both
,,,,,,,,,Get Him To The Greek,https://www.dailyscript.com/scripts/GetHimToTheGreek.pdf,pdf,Get Him To The Greek,right_only
https://assets.scriptslug.com/live/pdf/scripts/get-low-2009.pdf?v=1729114915,Get Low,Get Low,https://imsdb.com//scripts//Get-Low.html,both,Get Low,,,,,,,,left_only
https://assets.scriptslug.com/live/pdf/scripts/get-on-up-2014.pdf?v=1729114915,Get On Up,Get On Up,https://imsdb.com//scripts//Get-on-Up.html,both,Get On Up,,,,Get On Up,https://www.dailyscript.com/scripts/Get-On-Up.pdf,pdf,Get On Up,both
https://assets.scriptslug.com/live/pdf/scripts/get-out-2017.pdf?v=1729114915,Get Out,Get Out,https://imsdb.com//scripts//Get-Out.html,both,Get Out,,,,,,,,left_only
https://assets.scriptslug.com/live/pdf/scripts/get-rich-or-die-tryin-2005.pdf?v=1729114915,Get Rich Or Die Tryin,,,left_only,Get Rich Or Die Tryin,,,,,,,,left_only
,,,,,,,,,Get Rich or Die Trying (aka Untitled 50 Cent Project),https://www.dailyscript.com/scripts/Untitled_50_Cent_project_by_Terrence_Winter.pdf,pdf,Get Rich Or Die Trying (aka Untitled 50 Cent Project),right_only
,,Get Shorty,https://imsdb.com//scripts//Get-Shorty.html,right_only,Get Shorty,,,,Get Shorty,https://www.dailyscript.com/scripts/get_shorty.txt,txt,Get Shorty,both
https://assets.scriptslug.com/live/pdf/scripts/ghost-1990.pdf?v=1729114915,Ghost,Ghost,https://imsdb.com//scripts//Ghost.html,both,Ghost,,,,Ghost,https://www.dailyscript.com/scripts/Ghost%20(1990).txt,txt,Ghost,both
https://assets.scriptslug.com/live/pdf/scripts/ghost-rider-2007.pdf?v=1729114915,Ghost Rider,Ghost Rider,https://imsdb.com//scripts//Ghost-Rider.html,both,Ghost Rider,,,,,,,,left_only
,,Ghost Ship,https://imsdb.com//scripts//Ghost-Ship.html,right_only,Ghost Ship,,,,Ghost Ship,https://www.dailyscript.com/scripts/Ghost%20Ship.txt,txt,Ghost Ship,both
,,Ghost World,https://imsdb.com//scripts//Ghost-World.html,right_only,Ghost World,,,,Ghost World,https://www.dailyscript.com/scripts/Ghost%20World.txt,txt,Ghost World,both
https://assets.scriptslug.com/live/pdf/scripts/ghostbusters-1984.pdf?v=1729114915,Ghostbusters,Ghostbusters,https://imsdb.com//scripts//Ghostbusters.html,both,Ghostbusters,,,,,,,,left_only
https://assets.scriptslug.com/live/pdf/scripts/ghostbusters-ii-1989.pdf?v=1729114916,Ghostbusters 2,Ghostbusters 2,https://imsdb.com//scripts//Ghostbusters-2.html,both,Ghostbusters 2,,,,,,,,left_only
,,Gi Jane,https://imsdb.com//scripts//G.I.-Jane.html,right_only,Gi Jane,,,,,,,,left_only
,,Gi Joe The Rise Of Cobra,https://imsdb.com//scripts//G.I.-Joe-The-Rise-of-Cobra.html,right_only,Gi Joe The Rise Of Cobra,,,,,,,,left_only
,,,,,,,,,Giant,https://www.dailyscript.com/scripts/giant.pdf,pdf,Giant,right_only
https://assets.scriptslug.com/live/pdf/scripts/ginger-snaps-2000.pdf?v=1729114916,Ginger Snaps,Ginger Snaps,https://imsdb.com//scripts//Ginger-Snaps.html,both,Ginger Snaps,Ginger Snaps,"Webstatus : 404
",Ginger Snaps,,,,,left_only
https://assets.scriptslug.com/live/pdf/scripts/girl-with-the-pearl-earring-2003.pdf?v=1729114916,Girl With The Pearl Earring,,,left_only,Girl With The Pearl Earring,,,,,,,,left_only
https://assets.scriptslug.com/live/pdf/scripts/girls-trip-2017.pdf?v=1729114916,Girls Trip,,,left_only,Girls Trip,,,,,,,,left_only
https://assets.scriptslug.com/live/pdf/scripts/gladiator-2000.pdf?v=1729114916,Gladiator,Gladiator,https://imsdb.com//scripts//Gladiator.html,both,Gladiator,,,,,,,,left_only
https://assets.scriptslug.com/live/pdf/scripts/gladiator-2-2024.pdf?v=1739815888,Gladiator 2,,,left_only,Gladiator 2,,,,,,,,left_only
https://assets.scriptslug.com/live/pdf/scripts/glass-onion-a-knives-out-mystery-2022.pdf?v=1729114916,Glass Onion A Knives Out Mystery,,,left_only,Glass Onion A Knives Out Mystery,,,,,,,,left_only
,,Glengarry Glen Gross,https://imsdb.com//scripts//Glengarry-Glen-Gross.html,right_only,Glengarry Glen Gross,,,,,,,,left_only
,,,,,,,,,Glengarry Glen Ross,https://www.dailyscript.com/scripts/glengarry.html,html,Glengarry Glen Ross,right_only
,,,,,,,,,Glory Road,https://www.dailyscript.com/scripts/Glory_Road(2).pdf,pdf,Glory Road,right_only
,,Go,https://imsdb.com//scripts//Go.html,right_only,Go,,,,,,,,left_only
,,Godfather,https://imsdb.com//scripts//Godfather.html,right_only,Godfather,,,,,,,,left_only
,,Godfather Part 2,https://imsdb.com//scripts//Godfather-Part-II.html,right_only,Godfather Part 2,,,,,,,,left_only
,,Gods And Monsters,https://imsdb.com//scripts//Gods-and-Monsters.html,right_only,Gods And Monsters,,,,Gods and Monsters,https://www.dailyscript.com/scripts/Gods%20And%20Monsters.txt,txt,Gods And Monsters,both
https://assets.scriptslug.com/live/pdf/scripts/godzilla-2014.pdf?v=1729114916,Godzilla,Godzilla,https://imsdb.com//scripts//Godzilla.html,both,Godzilla,,,,,,,,left_only
https://assets.scriptslug.com/live/pdf/scripts/gold-2016.pdf?v=1729114917,Gold,,,left_only,Gold,,,,Gold,https://www.dailyscript.com/scripts/GOLD_Script_wCover_R1.pdf,pdf,Gold,both
https://assets.scriptslug.com/live/pdf/scripts/goldeneye-1995.pdf?v=1729114917,Goldeneye,,,left_only,Goldeneye,,,,Goldeneye,https://www.dailyscript.com/scripts/Goldeneye.pdf,pdf,Goldeneye,both
https://assets.scriptslug.com/live/pdf/scripts/goldfinger-1964.pdf?v=1729114917,Goldfinger,,,left_only,Goldfinger,,,,Goldfinger,https://www.dailyscript.com/scripts/GOLDFINGER.doc,doc,Goldfinger,both
https://assets.scriptslug.com/live/pdf/scripts/gone-baby-gone-2007.pdf?v=1729114917,Gone Baby Gone,Gone Baby Gone,https://imsdb.com//scripts//Gone-Baby-Gone.html,both,Gone Baby Gone,,,,,,,,left_only
https://assets.scriptslug.com/live/pdf/scripts/gone-girl-2014.pdf?v=1729114917,Gone Girl,,,left_only,Gone Girl,,,,Gone Girl,https://www.dailyscript.com/scripts/GoneGirl_Final_Shooting_Script.pdf,pdf,Gone Girl,both
,,Gone In 60 Seconds,https://imsdb.com//scripts//Gone-in-60-Seconds.html,right_only,Gone In 60 Seconds,,,,,,,,left_only
,,,,,,,,,Gone in Sixty Seconds,https://www.dailyscript.com/scripts/gone_in_60_seconds.html,html,Gone In Sixty Seconds,right_only
https://assets.scriptslug.com/live/pdf/scripts/gone-with-the-wind-1939.pdf?v=1729114917,Gone With The Wind,,,left_only,Gone With The Wind,,,,Gone With The Wind,https://www.dailyscript.com/scripts/Gone_With_the_Wind.pdf,pdf,Gone With The Wind,both
,,,,,,,,,Good Luck Chuck,https://www.dailyscript.com/scripts/Good-Luck-Chuck.pdf,pdf,Good Luck Chuck,right_only
https://assets.scriptslug.com/live/pdf/scripts/good-morning-vietnam-1987.pdf?v=1729114917,Good Morning Vietnam,,,left_only,Good Morning Vietnam,,,,,,,,left_only
,,,,,,,,,"Good Night, and Good Luck",https://www.dailyscript.com/scripts/Good_Night_and_Good_Luck.pdf,pdf,Good Night And Good Luck,right_only
https://assets.scriptslug.com/live/pdf/scripts/good-will-hunting-1997.pdf?v=1729114917,Good Will Hunting,Good Will Hunting,https://imsdb.com//scripts//Good-Will-Hunting.html,both,Good Will Hunting,,,,Good Will Hunting,https://www.dailyscript.com/scripts/goodwillhunting.html,html,Good Will Hunting,both
https://assets.scriptslug.com/live/pdf/scripts/goodfellas-1990.pdf?v=1729114917,Goodfellas,Goodfellas,https://imsdb.com//scripts//Goodfellas.html,both,Goodfellas,Goodfellas,"Webstatus : 404
",Goodfellas,,,,,left_only
,,,,,,,,,Goodfellas ,https://www.dailyscript.com/scripts/goodfellas.html,html,Goodfellas ,right_only
,,Gothika,https://imsdb.com//scripts//Gothika.html,right_only,Gothika,,,,Gothika,https://www.dailyscript.com/scripts/gothika.pdf,pdf,Gothika,both
,,Grabbers,https://imsdb.com//scripts//Grabbers.html,right_only,Grabbers,,,,,,,,left_only
,,Gran Torino,https://imsdb.com//scripts//Gran-Torino.html,right_only,Gran Torino,,,,,,,,left_only
,,Grand Hotel,https://imsdb.com//scripts//Grand-Hotel.html,right_only,Grand Hotel,,,,Grand Hotel,https://www.dailyscript.com/scripts/Grand%20Hotel.txt,txt,Grand Hotel,both
,,Grand Theft Parsons,https://imsdb.com//scripts//Grand-Theft-Parsons.html,right_only,Grand Theft Parsons,,,,,,,,left_only
https://assets.scriptslug.com/live/pdf/scripts/gravity-2013.pdf?v=1729114918,Gravity,Gravity,https://imsdb.com//scripts//Gravity.html,both,Gravity,,,,Gravity,https://www.dailyscript.com/scripts/GRAVITY.pdf,pdf,Gravity,both
https://assets.scriptslug.com/live/pdf/scripts/grease-1978.pdf?v=1729114918,Grease,,,left_only,Grease,,,,,,,,left_only
https://assets.scriptslug.com/live/pdf/scripts/green-book-2018.pdf?v=1729114918,Green Book,,,left_only,Green Book,,,,,,,,left_only
https://assets.scriptslug.com/live/pdf/scripts/green-lantern-2011.pdf?v=1729114918,Green Lantern,,,left_only,Green Lantern,,,,,,,,left_only
https://assets.scriptslug.com/live/pdf/scripts/green-room-2015.pdf?v=1729114918,Green Room,,,left_only,Green Room,,,,,,,,left_only
https://assets.scriptslug.com/live/pdf/scripts/greenberg-2010.pdf?v=1729114918,Greenberg,,,left_only,Greenberg,,,,,,,,left_only
https://assets.scriptslug.com/live/pdf/scripts/gremlins-1984.pdf?v=1729114918,Gremlins,Gremlins,https://imsdb.com//scripts//Gremlins.html,both,Gremlins,,,,,,,,left_only
,,Gremlins 2,https://imsdb.com//scripts//Gremlins-2.html,right_only,Gremlins 2,,,,,,,,left_only
https://assets.scriptslug.com/live/pdf/scripts/gremlins-2-the-new-batch-1990.pdf?v=1729114918,Gremlins 2 The New Batch,,,left_only,Gremlins 2 The New Batch,,,,,,,,left_only
,,Grosse Point Blank,https://imsdb.com//scripts//Grosse-Point-Blank.html,right_only,Grosse Point Blank,,,,,,,,left_only
,,,,,,,,,Grosse Pointe Blank,https://www.dailyscript.com/scripts/Grosse%20Pointe%20Blank.txt,txt,Grosse Pointe Blank,right_only
https://assets.scriptslug.com/live/pdf/scripts/groundhog-day-1993.pdf?v=1729114919,Groundhog Day,Groundhog Day,https://imsdb.com//scripts//Groundhog-Day.html,both,Groundhog Day,,,,Groundhog Day,https://www.dailyscript.com/scripts/groundhogday.pdf,pdf,Groundhog Day,both
https://assets.scriptslug.com/live/pdf/scripts/guardians-of-the-galaxy-vol-2-2017.pdf?v=1729114919,Guardians Of The Galaxy Vol 2,Guardians Of The Galaxy Vol 2,https://imsdb.com//scripts//Guardians-of-the-Galaxy-Vol-2.html,both,Guardians Of The Galaxy Vol 2,,,,,,,,left_only
https://assets.scriptslug.com/live/pdf/scripts/pinocchio-2022.pdf?v=1729114971,Guillermo Del Toros Pinocchio,,,left_only,Guillermo Del Toros Pinocchio,,,,,,,,left_only
https://assets.scriptslug.com/live/pdf/scripts/gunpowder-milkshake-2021.pdf?v=1729114919,Gunpowder Milkshake,,,left_only,Gunpowder Milkshake,,,,,,,,left_only
https://assets.scriptslug.com/live/pdf/scripts/hackers-1995.pdf?v=1729114919,Hackers,Hackers,https://imsdb.com//scripts//Hackers.html,both,Hackers,,,,,,,,left_only
https://assets.scriptslug.com/live/pdf/scripts/hacksaw-ridge-2016.pdf?v=1729114919,Hacksaw Ridge,,,left_only,Hacksaw Ridge,,,,,,,,left_only
https://assets.scriptslug.com/live/pdf/scripts/hail-caesar-2016.pdf?v=1729114919,Hail Caesar,,,left_only,Hail Caesar,,,,,,,,left_only
https://assets.scriptslug.com/live/pdf/scripts/hall-pass-2011.pdf?v=1729114919,Hall Pass,Hall Pass,https://imsdb.com//scripts//Hall-Pass.html,both,Hall Pass,,,,,,,,left_only
https://assets.scriptslug.com/live/pdf/scripts/halloween-1978.pdf?v=1729114919,Halloween,Halloween,https://imsdb.com//scripts//Halloween.html,both,Halloween,,,,Halloween,https://www.dailyscript.com/scripts/halloween.html,html,Halloween,both
https://assets.scriptslug.com/live/pdf/scripts/halloween-2018_2024-01-09-005255_xwtn.pdf?v=1729114920,Halloween,Halloween,https://imsdb.com//scripts//Halloween.html,both,Halloween,,,,Halloween,https://www.dailyscript.com/scripts/halloween.html,html,Halloween,both
https://assets.scriptslug.com/live/pdf/scripts/halloween-ii-1981.pdf?v=1729114920,Halloween 2,,,left_only,Halloween 2,,,,,,,,left_only
https://assets.scriptslug.com/live/pdf/scripts/halloween-iii-season-of-the-witch-1982.pdf?v=1729114920,Halloween 3 Season Of The Witch,,,left_only,Halloween 3 Season Of The Witch,,,,,,,,left_only
https://assets.scriptslug.com/live/pdf/scripts/halloween-4-the-return-of-michael-myers-1988.pdf?v=1729114920,Halloween 4 The Return Of Michael Myers,,,left_only,Halloween 4 The Return Of Michael Myers,,,,,,,,left_only
https://assets.scriptslug.com/live/pdf/scripts/halloween-5-1989.pdf?v=1729114920,Halloween 5 The Revenge Of Michael Myers,,,left_only,Halloween 5 The Revenge Of Michael Myers,,,,,,,,left_only
https://assets.scriptslug.com/live/pdf/scripts/halloween-6-the-curse-of-michael-myers-1995.pdf?v=1729114920,Halloween 6 The Curse Of Michael Myers,,,left_only,Halloween 6 The Curse Of Michael Myers,,,,,,,,left_only
,,,,,,,,,Halloween 6: The Curse of Michael Myers (HALLOWEEN 666: THE ORIGIN OF MICHAEL MYERS),https://www.dailyscript.com/scripts/Halloween_6_The_Curse_of_Michael_Myers.html,html,Halloween 6 The Curse Of Michael Myers (halloween 666 The Origin Of Michael Myers),right_only
https://assets.scriptslug.com/live/pdf/scripts/halloween-h20-20-years-later-1998.pdf?v=1729114920,Halloween H2o 20 Years Later,,,left_only,Halloween H2o 20 Years Later,,,,,,,,left_only
https://assets.scriptslug.com/live/pdf/scripts/halloween-kills-2021.pdf?v=1729114920,Halloween Kills,,,left_only,Halloween Kills,,,,,,,,left_only
,,,,,,,,,Halloween: Resurrection,https://www.dailyscript.com/scripts/Halloween8_shooting.pdf,pdf,Halloween Resurrection,right_only
,,Halloween The Curse Of Michael Myers,https://imsdb.com//scripts//Halloween-The-Curse-of-Michael-Myers.html,right_only,Halloween The Curse Of Michael Myers,,,,,,,,left_only
,,Hancock,https://imsdb.com//scripts//Hancock.html,right_only,Hancock,,,,,,,,left_only
https://assets.scriptslug.com/live/pdf/scripts/hangin-with-the-homeboys-1991.pdf?v=1729114921,Hangin With The Homeboys,,,left_only,Hangin With The Homeboys,,,,,,,,left_only
https://assets.scriptslug.com/live/pdf/scripts/hanna-2011.pdf?v=1729114921,Hanna,Hanna,https://imsdb.com//scripts//Hanna.html,both,Hanna,,,,,,,,left_only
,,Hannah And Her Sisters,https://imsdb.com//scripts//Hannah-and-Her-Sisters.html,right_only,Hannah And Her Sisters,,,,Hannah and Her Sisters,https://www.dailyscript.com/scripts/Hannah%20And%20Her%20Sisters.txt,txt,Hannah And Her Sisters,both
,,Hannibal,https://imsdb.com//scripts//Hannibal.html,right_only,Hannibal,,,,Hannibal,https://www.dailyscript.com/scripts/Hannibal%20-%20Mamet.txt,txt,Hannibal,both
,,,,,,,,,Hanssen (filmed as Breach),https://www.dailyscript.com/scripts/Hanssen-pt1.pdf,pdf,Hanssen (filmed As Breach),right_only
https://assets.scriptslug.com/live/pdf/scripts/happy-birthday-to-me-1981.pdf?v=1729114921,Happy Birthday To Me,,,left_only,Happy Birthday To Me,,,,,,,,left_only
,,Happy Birthday Wanda June,"https://imsdb.com//scripts//Happy-Birthday,-Wanda-June.html",right_only,Happy Birthday Wanda June,,,,"Happy Birthday, Wanda June",https://www.dailyscript.com/scripts/Happy_Birthday_Wanda_JUne.html,html,Happy Birthday Wanda June,both
,,,,,,,,,Happy Campers,https://www.dailyscript.com/scripts/happy-campers_early.html,html,Happy Campers,right_only
https://assets.scriptslug.com/live/pdf/scripts/happy-death-day-2017.pdf?v=1729114921,Happy Death Day,,,left_only,Happy Death Day,,,,,,,,left_only
,,Happy Feet,https://imsdb.com//scripts//Happy-Feet.html,right_only,Happy Feet,,,,,,,,left_only
,,,,,,,,,Happy-Go-Lucky,https://www.dailyscript.com/scripts/HAPPY-GO-LUCKY[3].pdf,pdf,Happy Go Lucky,right_only
,,Hard Rain,https://imsdb.com//scripts//Hard-Rain.html,right_only,Hard Rain,,,,Hard Rain,https://www.dailyscript.com/scripts/Hard%20Rain.txt,txt,Hard Rain,both
,,Hard To Kill,https://imsdb.com//scripts//Hard-to-Kill.html,right_only,Hard To Kill,,,,Hard to Kill,https://www.dailyscript.com/scripts/HardToKill.pdf,pdf,Hard To Kill,both
,,,,,,,,,Hardcore,https://www.dailyscript.com/scripts/Hardcore.txt,txt,Hardcore,right_only
https://assets.scriptslug.com/live/pdf/scripts/harlem-nights-1989.pdf?v=1729114921,Harlem Nights,,,left_only,Harlem Nights,,,,,,,,left_only
,,Harold And Kumar Go To White Castle,https://imsdb.com//scripts//Harold-and-Kumar-Go-to-White-Castle.html,right_only,Harold And Kumar Go To White Castle,,,,Harold and Kumar go to White Castle,https://www.dailyscript.com/scripts/Harold_Kumar-5-28-03-DOUBLE-WHITE-Final.pdf,pdf,Harold And Kumar Go To White Castle,both
https://assets.scriptslug.com/live/pdf/scripts/harold-and-maude-1971.pdf?v=1729114921,Harold And Maude,,,left_only,Harold And Maude,,,,Harold and Maude,https://www.dailyscript.com/scripts/Harold-and-Maude.htm,htm,Harold And Maude,both
https://assets.scriptslug.com/live/pdf/scripts/harriet-2019.pdf?v=1729114921,Harriet,,,left_only,Harriet,,,,,,,,left_only
https://assets.scriptslug.com/live/pdf/scripts/harry-potter-and-the-chamber-of-secrets-2002.pdf?v=1729114922,Harry Potter And The Chamber Of Secrets,Harry Potter And The Chamber Of Secrets,https://imsdb.com//scripts//Harry-Potter-and-the-Chamber-of-Secrets.html,both,Harry Potter And The Chamber Of Secrets,Harry Potter and the Chamber of Secrets,"Webstatus : 404
",Harry Potter And The Chamber Of Secrets,,,,,left_only
https://assets.scriptslug.com/live/pdf/scripts/harry-potter-and-the-deathly-hallows-part-1-2010.pdf?v=1729114922,Harry Potter And The Deathly Hallows Part 1,Harry Potter And The Deathly Hallows Part 1,https://imsdb.com//scripts//Harry-Potter-and-the-Deathly-Hallows-Part-1.html,both,Harry Potter And The Deathly Hallows Part 1,Harry Potter and the Deathly Hallows Part 1,"Webstatus : 404
",Harry Potter And The Deathly Hallows Part 1,,,,,left_only
https://assets.scriptslug.com/live/pdf/scripts/harry-potter-and-the-deathly-hollows-part-2-2011.pdf?v=1729114922,Harry Potter And The Deathly Hallows Part 2,,,left_only,Harry Potter And The Deathly Hallows Part 2,,,,,,,,left_only
https://assets.scriptslug.com/live/pdf/scripts/harry-potter-and-the-goblet-of-fire-2005.pdf?v=1729114922,Harry Potter And The Goblet Of Fire,Harry Potter And The Goblet Of Fire,https://imsdb.com//scripts//Harry-Potter-and-the-Goblet-of-Fire.html,both,Harry Potter And The Goblet Of Fire,Harry Potter and the Goblet of Fire,"Webstatus : 404
",Harry Potter And The Goblet Of Fire,,,,,left_only
https://assets.scriptslug.com/live/pdf/scripts/harry-potter-and-the-half-blood-prince-2009.pdf?v=1729114922,Harry Potter And The Half Blood Prince,Harry Potter And The Half Blood Prince,https://imsdb.com//scripts//Harry-Potter-and-the-Half-Blood-Prince.html,both,Harry Potter And The Half Blood Prince,Harry Potter and the Half-Blood Prince,"Webstatus : 404
",Harry Potter And The Half Blood Prince,,,,,left_only
https://assets.scriptslug.com/live/pdf/scripts/harry-potter-and-the-order-of-the-phoenix-2007.pdf?v=1729114922,Harry Potter And The Order Of The Phoenix,,,left_only,Harry Potter And The Order Of The Phoenix,,,,Harry Potter And The Order of the Phoenix,https://www.dailyscript.com/scripts/HARRY-POTTER-AND-THE-ORDER-OF-THE-PHOENIX-2007-by-Michael-Goldenberg.pdf,pdf,Harry Potter And The Order Of The Phoenix,both
https://assets.scriptslug.com/live/pdf/scripts/harry-potter-and-the-prisoner-of-azkaban-2004.pdf?v=1729114922,Harry Potter And The Prisoner Of Azkaban,Harry Potter And The Prisoner Of Azkaban,https://imsdb.com//scripts//Harry-Potter-and-the-Prisoner-of-Azkaban.html,both,Harry Potter And The Prisoner Of Azkaban,Harry Potter and the Prisoner of Azkaban,"Webstatus : 404
",Harry Potter And The Prisoner Of Azkaban,,,,,left_only
https://assets.scriptslug.com/live/pdf/scripts/harry-potter-and-the-sorcerers-stone-2001.pdf?v=1729114922,Harry Potter And The Sorcerers Stone,Harry Potter And The Sorcerers Stone,https://imsdb.com//scripts//Harry-Potter-and-the-Sorcerer's-Stone.html,both,Harry Potter And The Sorcerers Stone,Harry Potter and the Sorcerer's Stone,"Webstatus : 404
",Harry Potter And The Sorcerers Stone,,,,,left_only
,,,,,,,,,Havoc 2: Normal Adolescent Behavior,https://www.dailyscript.com/scripts/NAB-SHOOTING.pdf,pdf,Havoc 2 Normal Adolescent Behavior,right_only
https://assets.scriptslug.com/live/pdf/scripts/heat-1995.pdf?v=1729114922,Heat,Heat,https://imsdb.com//scripts//Heat.html,both,Heat,,,,Heat,https://www.dailyscript.com/scripts/Heat.pdf,pdf,Heat,both
https://assets.scriptslug.com/live/pdf/scripts/heathers-1988.pdf?v=1729114922,Heathers,Heathers,https://imsdb.com//scripts//Heathers.html,both,Heathers,,,,Heathers,https://www.dailyscript.com/scripts/heathers_early.html,html,Heathers,both
https://assets.scriptslug.com/live/pdf/scripts/heaven-can-wait-1978.pdf?v=1729114923,Heaven Can Wait,,,left_only,Heaven Can Wait,,,,,,,,left_only
,,Heavenly Creatures,https://imsdb.com//scripts//Heavenly-Creatures.html,right_only,Heavenly Creatures,,,,,,,,left_only
https://assets.scriptslug.com/live/pdf/scripts/heavy-metal-1981.pdf?v=1729114923,Heavy Metal,Heavy Metal,https://imsdb.com//scripts//Heavy-Metal.html,both,Heavy Metal,,,,Heavy Metal,https://www.dailyscript.com/scripts/Heavy-Metal.htm,htm,Heavy Metal,both
https://assets.scriptslug.com/live/pdf/scripts/heavyweights-1995.pdf?v=1729114923,Heavyweights,,,left_only,Heavyweights,,,,,,,,left_only
,,Heist,https://imsdb.com//scripts//Heist.html,right_only,Heist,,,,Heist,https://www.dailyscript.com/scripts/heist_mar99.pdf,pdf,Heist,both
https://assets.scriptslug.com/live/pdf/scripts/hell-or-high-water-2016.pdf?v=1729114923,Hell Or High Water,,,left_only,Hell Or High Water,,,,,,,,left_only
https://assets.scriptslug.com/live/pdf/scripts/hellbound-hellraiser-ii-1988.pdf?v=1729114923,Hellbound Hellraiser 2,Hellbound Hellraiser 2,https://imsdb.com//scripts//Hellbound-Hellraiser-II.html,both,Hellbound Hellraiser 2,,,,Hellbound: Hellraiser II,https://www.dailyscript.com/scripts/Hellbound+-+Hellraiser+II.txt,txt,Hellbound Hellraiser 2,both
https://assets.scriptslug.com/live/pdf/scripts/hellboy-2004.pdf?v=1729114923,Hellboy,Hellboy,https://imsdb.com//scripts//Hellboy.html,both,Hellboy,,,,Hellboy,https://www.dailyscript.com/scripts/Hellboy.txt,txt,Hellboy,both
https://assets.scriptslug.com/live/pdf/scripts/hellboy-2019.pdf?v=1729114923,Hellboy,Hellboy,https://imsdb.com//scripts//Hellboy.html,both,Hellboy,,,,Hellboy,https://www.dailyscript.com/scripts/Hellboy.txt,txt,Hellboy,both
,,Hellboy 2 The Golden Army,https://imsdb.com//scripts//Hellboy-2-The-Golden-Army.html,right_only,Hellboy 2 The Golden Army,,,,,,,,left_only
https://assets.scriptslug.com/live/pdf/scripts/hellraiser-1987.pdf?v=1729114923,Hellraiser,Hellraiser,https://imsdb.com//scripts//Hellraiser.html,both,Hellraiser,,,,Hellraiser,https://www.dailyscript.com/scripts/hellraiser_early.html,html,Hellraiser,both
,,Hellraiser 3 Hell On Earth,https://imsdb.com//scripts//Hellraiser-3-Hell-on-Earth.html,right_only,Hellraiser 3 Hell On Earth,,,,,,,,left_only
https://assets.scriptslug.com/live/pdf/scripts/hellraiser-deader-2005.pdf?v=1729114923,Hellraiser Deader,Hellraiser Deader,https://imsdb.com//scripts//Hellraiser-Deader.html,both,Hellraiser Deader,,,,,,,,left_only
https://assets.scriptslug.com/live/pdf/scripts/hellraiser-hellseeker-2002.pdf?v=1729114924,Hellraiser Hellseeker,Hellraiser Hellseeker,https://imsdb.com//scripts//Hellraiser-Hellseeker.html,both,Hellraiser Hellseeker,,,,,,,,left_only
,,Henry Fool,https://imsdb.com//scripts//Henry-Fool.html,right_only,Henry Fool,,,,Henry Fool,https://www.dailyscript.com/scripts/Henry%20Fool.txt,txt,Henry Fool,both
,,Henrys Crime,https://imsdb.com//scripts//Henry's-Crime.html,right_only,Henrys Crime,,,,,,,,left_only
https://assets.scriptslug.com/live/pdf/scripts/her-2013.pdf?v=1729114924,Her,Her,https://imsdb.com//scripts//Her.html,both,Her,,,,,,,,left_only
,,Here Comes Peter Cottontail,https://imsdb.com//scripts//Here-Comes-Peter-Cottontail.html,right_only,Here Comes Peter Cottontail,,,,,,,,left_only
https://assets.scriptslug.com/live/pdf/scripts/hereditary-2018.pdf?v=1729114924,Hereditary,,,left_only,Hereditary,,,,,,,,left_only
,,,,,,,,,Hero,https://www.dailyscript.com/scripts/hero1.html,html,Hero,right_only
,,,,,,,,,Heros: Genesis,https://www.dailyscript.com/scripts/Heroes.pdf,pdf,Heros Genesis,right_only
,,Hes Just Not That Into You,https://imsdb.com//scripts//He's-Just-Not-That-Into-You.html,right_only,Hes Just Not That Into You,,,,He's Just Not That Into You,https://www.dailyscript.com/scripts/HJNTIY_072007.pdf,pdf,Hes Just Not That Into You,both
,,Hesher,https://imsdb.com//scripts//Hesher.html,right_only,Hesher,,,,,,,,left_only
https://assets.scriptslug.com/live/pdf/scripts/hidden-figures-2016.pdf?v=1729114924,Hidden Figures,,,left_only,Hidden Figures,,,,,,,,left_only
,,,,,,,,,Hider In The House,https://www.dailyscript.com/scripts/hider-in-the-house.html,html,Hider In The House,right_only
https://assets.scriptslug.com/live/pdf/scripts/high-fidelity-2000.pdf?v=1729114924,High Fidelity,High Fidelity,https://imsdb.com//scripts//High-Fidelity.html,both,High Fidelity,,,,High Fidelity,https://www.dailyscript.com/scripts/High%20Fidelity.txt,txt,High Fidelity,both
https://assets.scriptslug.com/live/pdf/scripts/high-noon-1952.pdf?v=1729114924,High Noon,,,left_only,High Noon,,,,High Noon,https://www.dailyscript.com/scripts/High_Noon-1952-Shooting-script.pdf,pdf,High Noon,both
,,Highlander,https://imsdb.com//scripts//Highlander.html,right_only,Highlander,,,,,,,,left_only
https://assets.scriptslug.com/live/pdf/scripts/highlander-ii-the-quickening-1991.pdf?v=1729114924,Highlander 2 The Quickening,,,left_only,Highlander 2 The Quickening,,,,,,,,left_only
,,,,,,,,,Highlander 4,https://www.dailyscript.com/scripts/highlander_4.html,html,Highlander 4,right_only
,,Highlander Endgame,https://imsdb.com//scripts//Highlander-Endgame.html,right_only,Highlander Endgame,,,,,,,,left_only
,,His Girl Friday,https://imsdb.com//scripts//His-Girl-Friday.html,right_only,His Girl Friday,,,,His Girl Friday,https://www.dailyscript.com/scripts/His%20Girl%20Friday.txt,txt,His Girl Friday,both
https://assets.scriptslug.com/live/pdf/scripts/hitchcock-2012.pdf?v=1729114924,Hitchcock,Hitchcock,https://imsdb.com//scripts//Hitchcock.html,both,Hitchcock,,,,,,,,left_only
,,,,,,,,,Hitchhiker's Guide to the Galaxy,https://www.dailyscript.com/scripts/hhgg.pdf,pdf,Hitchhikers Guide To The Galaxy,right_only
,,,,,,,,,Hitman,https://www.dailyscript.com/scripts/hitman.pdf,pdf,Hitman,right_only
https://assets.scriptslug.com/live/pdf/scripts/hocus-pocus-1993.pdf?v=1729114924,Hocus Pocus,,,left_only,Hocus Pocus,,,,,,,,left_only
https://assets.scriptslug.com/live/pdf/scripts/hold-the-dark-2018.pdf?v=1729114925,Hold The Dark,,,left_only,Hold The Dark,,,,,,,,left_only
https://assets.scriptslug.com/live/pdf/scripts/hollow-man-2000.pdf?v=1729114925,Hollow Man,Hollow Man,https://imsdb.com//scripts//Hollow-Man.html,both,Hollow Man,,,,,,,,left_only
https://assets.scriptslug.com/live/pdf/scripts/home-alone-1990.pdf?v=1729114925,Home Alone,,,left_only,Home Alone,,,,,,,,left_only
https://assets.scriptslug.com/live/pdf/scripts/home-alone-2-lost-in-new-york-1992.pdf?v=1729114925,Home Alone 2 Lost In New York,,,left_only,Home Alone 2 Lost In New York,,,,,,,,left_only
https://assets.scriptslug.com/live/pdf/scripts/honey-boy-2019.pdf?v=1729114925,Honey Boy,,,left_only,Honey Boy,,,,,,,,left_only
https://assets.scriptslug.com/live/pdf/scripts/honey-i-blew-up-the-kid-1992.pdf?v=1729114925,Honey I Blew Up The Kid,,,left_only,Honey I Blew Up The Kid,,,,,,,,left_only
https://assets.scriptslug.com/live/pdf/scripts/honey-i-shrunk-the-kids-1989.pdf?v=1729114925,Honey I Shrunk The Kids,,,left_only,Honey I Shrunk The Kids,,,,,,,,left_only
,,Honeydripper,https://imsdb.com//scripts//Honeydripper.html,right_only,Honeydripper,,,,,,,,left_only
,,,,,,,,,Hope and Glory,https://www.dailyscript.com/scripts/hopeandglory.html,html,Hope And Glory,right_only
,,,,,,,,,Hope And Glory,https://www.dailyscript.com/scripts/Hope+And+Glory.txt,txt,Hope And Glory,right_only
https://assets.scriptslug.com/live/pdf/scripts/horrible-bosses-2011.pdf?v=1729114926,Horrible Bosses,Horrible Bosses,https://imsdb.com//scripts//Horrible-Bosses.html,both,Horrible Bosses,,,,,,,,left_only
https://assets.scriptslug.com/live/pdf/scripts/horrible-bosses-2-2014.pdf?v=1729114925,Horrible Bosses 2,,,left_only,Horrible Bosses 2,,,,,,,,left_only
,,Hostage,https://imsdb.com//scripts//Hostage.html,right_only,Hostage,,,,Hostage,https://www.dailyscript.com/scripts/hostage.htm,htm,Hostage,both
https://assets.scriptslug.com/live/pdf/scripts/hostel-2005.pdf?v=1729114926,Hostel,,,left_only,Hostel,,,,,,,,left_only
https://assets.scriptslug.com/live/pdf/scripts/hot-fuzz-2007.pdf?v=1729114926,Hot Fuzz,,,left_only,Hot Fuzz,,,,,,,,left_only
,,Hot Tub Time Machine,https://imsdb.com//scripts//Hot-Tub-Time-Machine.html,right_only,Hot Tub Time Machine,,,,,,,,left_only
,,Hotel Rwanda,https://imsdb.com//scripts//Hotel-Rwanda.html,right_only,Hotel Rwanda,,,,Hotel Rwanda,https://www.dailyscript.com/scripts/hotel_rwanda.html,html,Hotel Rwanda,both
,,House Of 1000 Corpses,https://imsdb.com//scripts//House-of-1000-Corpses.html,right_only,House Of 1000 Corpses,,,,House Of 1000 Corpses,https://www.dailyscript.com/scripts/House%20Of%201000%20Corpses.txt,txt,House Of 1000 Corpses,both
https://assets.scriptslug.com/live/pdf/scripts/house-of-gucci.2021.pdf?v=1729114926,House Of Gucci,,,left_only,House Of Gucci,,,,,,,,left_only
,,,,,,,,,House on Haunted Hill,https://www.dailyscript.com/scripts/house-on-haunted-hill.html,html,House On Haunted Hill,right_only
https://assets.scriptslug.com/live/pdf/scripts/house-party-1990.pdf?v=1729114926,House Party,,,left_only,House Party,,,,,,,,left_only
https://assets.scriptslug.com/live/pdf/scripts/how-the-grinch-stole-christmas-2000.pdf?v=1729114926,How The Grinch Stole Christmas,,,left_only,How The Grinch Stole Christmas,,,,,,,,left_only
https://assets.scriptslug.com/live/pdf/scripts/how-to-build-a-girl-2020.pdf?v=1729114926,How To Build A Girl,,,left_only,How To Build A Girl,,,,,,,,left_only
,,How To Lose Friends & Alienate People,https://imsdb.com//scripts//How-to-Lose-Friends-&-Alienate-People.html,right_only,How To Lose Friends & Alienate People,How to Lose Friends & Alienate People,HTML len = 0 : no content scrapped,How To Lose Friends & Alienate People,,,,,left_only
https://assets.scriptslug.com/live/pdf/scripts/how-to-train-your-dragon-2010.pdf?v=1729114927,How To Train Your Dragon,How To Train Your Dragon,https://imsdb.com//scripts//How-to-Train-Your-Dragon.html,both,How To Train Your Dragon,,,,,,,,left_only
https://assets.scriptslug.com/live/pdf/scripts/how-to-train-your-dragon-2-2014.pdf?v=1729114927,How To Train Your Dragon 2,How To Train Your Dragon 2,https://imsdb.com//scripts//How-to-Train-Your-Dragon-2.html,both,How To Train Your Dragon 2,,,,How To Train Your Dragon 2,https://www.dailyscript.com/scripts/HowToTrainYourDragon2.pdf,pdf,How To Train Your Dragon 2,both
https://assets.scriptslug.com/live/pdf/scripts/how-to-train-your-dragon-the-hidden-world-2019.pdf?v=1729114927,How To Train Your Dragon The Hidden World,,,left_only,How To Train Your Dragon The Hidden World,,,,,,,,left_only
https://assets.scriptslug.com/live/pdf/scripts/howard-the-duck-1986.pdf?v=1729114927,Howard The Duck,,,left_only,Howard The Duck,,,,,,,,left_only
,,Hudson Hawk,https://imsdb.com//scripts//Hudson-Hawk.html,right_only,Hudson Hawk,,,,Hudson Hawk,https://www.dailyscript.com/scripts/Hudson_Hawk.PDF,pdf,Hudson Hawk,both
https://assets.scriptslug.com/live/pdf/scripts/hugo-2011.pdf?v=1729114927,Hugo,,,left_only,Hugo,,,,,,,,left_only
,,Human Nature,https://imsdb.com//scripts//Human-Nature.html,right_only,Human Nature,,,,Human Nature,https://www.dailyscript.com/scripts/Human+Nature.txt,txt,Human Nature,both
https://assets.scriptslug.com/live/pdf/scripts/hustle-and-flow-2005.pdf?v=1729114927,Hustle & Flow,,,left_only,Hustle & Flow,,,,Hustle & Flow,https://www.dailyscript.com/scripts/Hustle&Flow.pdf,pdf,Hustle & Flow,both
https://assets.scriptslug.com/live/pdf/scripts/hustlers-2019.pdf?v=1729114927,Hustlers,,,left_only,Hustlers,,,,,,,,left_only
,,,,,,,,,I Am Legend (Omega Man),https://www.dailyscript.com/scripts/i_am_legend_6_26_70.html,html,I Am Legend (omega Man),right_only
,,I Am Number Four,https://imsdb.com//scripts//I-Am-Number-Four.html,right_only,I Am Number Four,,,,,,,,left_only
,,I Am Sam,https://imsdb.com//scripts//I-am-Sam.html,right_only,I Am Sam,,,,I am Sam,https://www.dailyscript.com/scripts/I%20Am%20Sam.txt,txt,I Am Sam,both
https://assets.scriptslug.com/live/pdf/scripts/i-dont-feel-at-home-in-this-world-anymore-2017.pdf?v=1729114927,I Dont Feel At Home In This World Anymore,,,left_only,I Dont Feel At Home In This World Anymore,,,,,,,,left_only
https://assets.scriptslug.com/live/pdf/scripts/i-love-you-man-2009.pdf?v=1729114927,I Love You Man,,,left_only,I Love You Man,,,,,,,,left_only
,,I Love You Phillip Morris,https://imsdb.com//scripts//I-Love-You-Phillip-Morris.html,right_only,I Love You Phillip Morris,,,,,,,,left_only
,,I Robot,"https://imsdb.com//scripts//I,-Robot.html",right_only,I Robot,,,,"I, Robot",https://www.dailyscript.com/scripts/irobot.pdf,pdf,I Robot,both
https://assets.scriptslug.com/live/pdf/scripts/i-saw-the-light-2016.pdf?v=1729114928,I Saw The Light,,,left_only,I Saw The Light,,,,I Saw The Light,https://www.dailyscript.com/scripts/isawthelight_screenplay.pdf,pdf,I Saw The Light,both
,,I Spit On Your Grave,https://imsdb.com//scripts//I-Spit-on-Your-Grave.html,right_only,I Spit On Your Grave,,,,,,,,left_only
,,I Still Know What You Did Last Summer,https://imsdb.com//scripts//I-Still-Know-What-You-Did-Last-Summer.html,right_only,I Still Know What You Did Last Summer,,,,,,,,left_only
,,,,,,,,,I Think I Love My Wife,https://www.dailyscript.com/scripts/I-Think-I-Love-My-Wife-script.pdf,pdf,I Think I Love My Wife,right_only
https://assets.scriptslug.com/live/pdf/scripts/i-think-were-alone-now-2018.pdf?v=1729114928,I Think Were Alone Now,,,left_only,I Think Were Alone Now,,,,,,,,left_only
https://assets.scriptslug.com/live/pdf/scripts/i-tonya-2017.pdf?v=1729114928,I Tonya,,,left_only,I Tonya,,,,,,,,left_only
,,,,,,,,,I Walked with a Zombie,https://www.dailyscript.com/scripts/i-walked_with_a_zombie.html,html,I Walked With A Zombie,right_only
https://assets.scriptslug.com/live/pdf/scripts/identity-2003.pdf?v=1729114928,Identity,,,left_only,Identity,,,,,,,,left_only
,,,,,,,,,Ides of March,https://www.dailyscript.com/scripts/idesofmarch-screenplay.pdf,pdf,Ides Of March,right_only
https://assets.scriptslug.com/live/pdf/scripts/if-beale-street-could-talk-2018.pdf?v=1729114928,If Beale Street Could Talk,,,left_only,If Beale Street Could Talk,,,,If Beale Street Could Talk,https://www.dailyscript.com/scripts/Beale.pdf,pdf,If Beale Street Could Talk,both
,,Ill Do Anything,https://imsdb.com//scripts//I'll-Do-Anything.html,right_only,Ill Do Anything,,,,I'll Do Anything,https://www.dailyscript.com/scripts/I%27ll%20Do%20Anything%20(1994).txt,txt,Ill Do Anything,both
https://assets.scriptslug.com/live/pdf/scripts/im-thinking-of-ending-things-2020.pdf?v=1729114928,Im Thinking Of Ending Things,,,left_only,Im Thinking Of Ending Things,,,,,,,,left_only
https://assets.scriptslug.com/live/pdf/scripts/in-bruges-2008.pdf?v=1729114928,In Bruges,,,left_only,In Bruges,,,,,,,,left_only
https://assets.scriptslug.com/live/pdf/scripts/inf-fabric-2018.pdf?v=1729114929,In Fabric,,,left_only,In Fabric,,,,,,,,left_only
,,In The Bedroom,https://imsdb.com//scripts//In-the-Bedroom.html,right_only,In The Bedroom,,,,,,,,left_only
,,In The Loop,https://imsdb.com//scripts//In-the-Loop.html,right_only,In The Loop,,,,,,,,left_only
https://assets.scriptslug.com/live/pdf/scripts/in-the-tall-grass-2019.pdf?v=1729114929,In The Tall Grass,,,left_only,In The Tall Grass,,,,,,,,left_only
https://assets.scriptslug.com/live/pdf/scripts/inception-2010.pdf?v=1729114929,Inception,Inception,https://imsdb.com//scripts//Inception.html,both,Inception,,,,,,,,left_only
https://assets.scriptslug.com/live/pdf/scripts/indecent-proposal-1993.pdf?v=1729114929,Indecent Proposal,,,left_only,Indecent Proposal,,,,,,,,left_only
https://assets.scriptslug.com/live/pdf/scripts/independence-day-1996.pdf?v=1729114929,Independence Day,Independence Day,https://imsdb.com//scripts//Independence-Day.html,both,Independence Day,,,,Independence Day,https://www.dailyscript.com/scripts/id4.html,html,Independence Day,both
,,Indiana Jones 4,https://imsdb.com//scripts//Indiana-Jones-IV.html,right_only,Indiana Jones 4,,,,,,,,left_only
https://assets.scriptslug.com/live/pdf/scripts/indiana-jones-and-the-kingdom-of-the-crystal-skull-2008.pdf?v=1729114929,Indiana Jones And The Kingdom Of The Crystal Skull,,,left_only,Indiana Jones And The Kingdom Of The Crystal Skull,,,,,,,,left_only
https://assets.scriptslug.com/live/pdf/scripts/indiana-jones-and-the-last-crusade-1989.pdf?v=1729114929,Indiana Jones And The Last Crusade,Indiana Jones And The Last Crusade,https://imsdb.com//scripts//Indiana-Jones-and-the-Last-Crusade.html,both,Indiana Jones And The Last Crusade,,,,Indiana Jones And The Last Crusade,https://www.dailyscript.com/scripts/Indiana%20Jones%20And%20The%20Last%20Crusade.txt,txt,Indiana Jones And The Last Crusade,both
,,Indiana Jones And The Raiders Of The Lost Ark,https://imsdb.com//scripts//Indiana-Jones-and-the-Raiders-of-the-Lost-Ark.html,right_only,Indiana Jones And The Raiders Of The Lost Ark,,,,Indiana Jones and the Raiders Of The Lost Ark,https://www.dailyscript.com/scripts/RaidersoftheLostArk.pdf,pdf,Indiana Jones And The Raiders Of The Lost Ark,both
https://assets.scriptslug.com/live/pdf/scripts/indiana-jones-and-the-temple-of-doom-1984.pdf?v=1729114929,Indiana Jones And The Temple Of Doom,Indiana Jones And The Temple Of Doom,https://imsdb.com//scripts//Indiana-Jones-and-the-Temple-of-Doom.html,both,Indiana Jones And The Temple Of Doom,,,,Indiana Jones and the Temple of Doom,https://www.dailyscript.com/scripts/Indiana%20Jones%20And%20The%20Temple%20Of%20Doom.txt,txt,Indiana Jones And The Temple Of Doom,both
https://assets.scriptslug.com/live/pdf/scripts/infinitely-polar-bear-2014.pdf?v=1729114929,Infinitely Polar Bear,,,left_only,Infinitely Polar Bear,,,,,,,,left_only
https://assets.scriptslug.com/live/pdf/scripts/inglourious-bastards-2009.pdf?v=1729114930,Inglourious Basterds,Inglourious Basterds,https://imsdb.com//scripts//Inglourious-Basterds.html,both,Inglourious Basterds,,,,,,,,left_only
https://assets.scriptslug.com/live/pdf/scripts/ingrid-goes-west-2017.pdf?v=1729114930,Ingrid Goes West,,,left_only,Ingrid Goes West,,,,,,,,left_only
https://assets.scriptslug.com/live/pdf/scripts/inherent-vice-2014.pdf?v=1729114930,Inherent Vice,,,left_only,Inherent Vice,,,,,,,,left_only
https://assets.scriptslug.com/live/pdf/scripts/initiation-2016.pdf?v=1729114930,Initiation,Initiation,https://imsdb.com//scripts//Initiation.html,both,Initiation,,,,,,,,left_only
https://assets.scriptslug.com/live/pdf/scripts/innerspace-1987.pdf?v=1729114930,Innerspace,Innerspace,https://imsdb.com//scripts//Innerspace.html,both,Innerspace,Innerspace,"Webstatus : 404
",Innerspace,Innerspace,https://www.dailyscript.com/scripts/Innerspace.PDF,pdf,Innerspace,both
https://assets.scriptslug.com/live/pdf/scripts/inside-llewyn-davis-2013.pdf?v=1729114930,Inside Llewyn Davis,,,left_only,Inside Llewyn Davis,,,,,,,,left_only
,,,,,,,,,Inside Man,https://www.dailyscript.com/scripts/Inside_Man_by_Russel_Gewirtz_Jan_17_2005.pdf,pdf,Inside Man,right_only
https://assets.scriptslug.com/live/pdf/scripts/inside-out-2015.pdf?v=1729114930,Inside Out,,,left_only,Inside Out,,,,Inside Out,https://www.dailyscript.com/scripts/inside-out-screenplay.pdf,pdf,Inside Out,both
https://assets.scriptslug.com/live/pdf/scripts/Insidious-2010.pdf?v=1729114850,Insidious,Insidious,https://imsdb.com//scripts//Insidious.html,both,Insidious,,,,,,,,left_only
https://assets.scriptslug.com/live/pdf/scripts/insidious-chapter-2-2013.pdf?v=1729114930,Insidious Chapter 2,,,left_only,Insidious Chapter 2,,,,,,,,left_only
https://assets.scriptslug.com/live/pdf/scripts/insomnia-2002.pdf?v=1729114931,Insomnia,Insomnia,https://imsdb.com//scripts//Insomnia.html,both,Insomnia,,,,Insomnia,https://www.dailyscript.com/scripts/insomnia.html,html,Insomnia,both
https://assets.scriptslug.com/live/pdf/scripts/inspector-gadget-1999.pdf?v=1729114931,Inspector Gadget,,,left_only,Inspector Gadget,,,,,,,,left_only
https://assets.scriptslug.com/live/pdf/scripts/interstellar-2014.pdf?v=1729114931,Interstellar,Interstellar,https://imsdb.com//scripts//Interstellar.html,both,Interstellar,,,,,,,,left_only
https://assets.scriptslug.com/live/pdf/scripts/interview-with-the-vampire-1994.pdf?v=1729114931,Interview With The Vampire,Interview With The Vampire,https://imsdb.com//scripts//Interview-with-the-Vampire.html,both,Interview With The Vampire,,,,Interview with the Vampire,https://www.dailyscript.com/scripts/Interview_Vampire.pdf,pdf,Interview With The Vampire,both
,,Into The Wild,https://imsdb.com//scripts//Into-the-Wild.html,right_only,Into The Wild,,,,,,,,left_only
https://assets.scriptslug.com/live/pdf/scripts/into-the-woods-2014.pdf?v=1729114931,Into The Woods,Into The Woods,https://imsdb.com//scripts//Into-the-Woods.html,both,Into The Woods,,,,,,,,left_only
,,Intolerable Cruelty,https://imsdb.com//scripts//Intolerable-Cruelty.html,right_only,Intolerable Cruelty,,,,Intolerable Cruelty,https://www.dailyscript.com/scripts/Intolerable%20Cruelty.txt,txt,Intolerable Cruelty,both
https://assets.scriptslug.com/live/pdf/scripts/invasion-of-the-body-snatchers-1978.pdf?v=1729114931,Invasion Of The Body Snatchers,,,left_only,Invasion Of The Body Snatchers,,,,,,,,left_only
,,Inventing The Abbotts,https://imsdb.com//scripts//Inventing-the-Abbotts.html,right_only,Inventing The Abbotts,,,,Inventing the Abbotts,https://www.dailyscript.com/scripts/inventing_the_abbotts.pdf,pdf,Inventing The Abbotts,both
,,,,,,,,,Investigation,https://www.dailyscript.com/scripts/Investigation%20(Unproduced).txt,txt,Investigation,right_only
,,Invictus,https://imsdb.com//scripts//Invictus.html,right_only,Invictus,,,,,,,,left_only
https://assets.scriptslug.com/live/pdf/scripts/iron-man-2008.pdf?v=1729114931,Iron Man,,,left_only,Iron Man,,,,,,,,left_only
https://assets.scriptslug.com/live/pdf/scripts/isle-of-dogs-2018.pdf?v=1729114931,Isle Of Dogs,,,left_only,Isle Of Dogs,,,,,,,,left_only
,,,,,,,,,Isle of the Dead,https://www.dailyscript.com/scripts/isleofthedead.htm,htm,Isle Of The Dead,right_only
https://assets.scriptslug.com/live/pdf/scripts/it-2017.pdf?v=1729114931,It,It,https://imsdb.com//scripts//It.html,both,It,,,,,,,,left_only
https://assets.scriptslug.com/live/pdf/scripts/it-follows-2015.pdf?v=1729114932,It Follows,,,left_only,It Follows,,,,,,,,left_only
,,It Happened One Night,https://imsdb.com//scripts//It-Happened-One-Night.html,right_only,It Happened One Night,,,,It Happened One Night,https://www.dailyscript.com/scripts/It%20Happened%20One%20Night.txt,txt,It Happened One Night,both
,,It Happened One Night,https://imsdb.com//scripts//It-Happened-One-Night.html,right_only,It Happened One Night,,,,It Happened One Night,https://www.dailyscript.com/scripts/It%20Happened%20One%20Night.txt,txt,It Happened One Night,both
https://assets.scriptslug.com/live/pdf/scripts/its-a-wonderful-life-1946.pdf?v=1729114932,Its A Wonderful Life,Its A Wonderful Life,https://imsdb.com//scripts//It's-a-Wonderful-Life.html,both,Its A Wonderful Life,,,,It's a Wonderful Life,https://www.dailyscript.com/scripts/It's%20A%20Wonderful%20Life.txt,txt,Its A Wonderful Life,both
https://assets.scriptslug.com/live/pdf/scripts/its-complicated-2009.pdf?v=1729114932,Its Complicated,Its Complicated,https://imsdb.com//scripts//It's-Complicated.html,both,Its Complicated,,,,,,,,left_only
https://assets.scriptslug.com/live/pdf/scripts/its-kind-of-a-funny-story-2010.pdf?v=1729114932,Its Kind Of A Funny Story,,,left_only,Its Kind Of A Funny Story,,,,,,,,left_only
https://assets.scriptslug.com/live/pdf/scripts/jack-reacher-2012.pdf?v=1729114932,Jack Reacher,,,left_only,Jack Reacher,,,,,,,,left_only
https://assets.scriptslug.com/live/pdf/scripts/jackie-2016.pdf?v=1729114932,Jackie,,,left_only,Jackie,,,,Jackie,https://www.dailyscript.com/scripts/Jackie.pdf,pdf,Jackie,both
https://assets.scriptslug.com/live/pdf/scripts/jackie-brown-1997.pdf?v=1729114932,Jackie Brown,Jackie Brown,https://imsdb.com//scripts//Jackie-Brown.html,both,Jackie Brown,,,,Jackie Brown,https://www.dailyscript.com/scripts/jackiebrown.html,html,Jackie Brown,both
https://assets.scriptslug.com/live/pdf/scripts/jacobs-ladder-1990.pdf?v=1729114932,Jacobs Ladder,Jacobs Ladder,https://imsdb.com//scripts//Jacob's-Ladder.html,both,Jacobs Ladder,,,,Jacob's Ladder,https://www.dailyscript.com/scripts/JacobsLadder.html,html,Jacobs Ladder,both
,,Jade,https://imsdb.com//scripts//Jade.html,right_only,Jade,Jade,HTML len = 0 : no content scrapped,Jade,Jade,https://www.dailyscript.com/scripts/Jade.pdf,pdf,Jade,both
https://assets.scriptslug.com/live/pdf/scripts/jagged-edge-1985.pdf?v=1729114933,Jagged Edge,,,left_only,Jagged Edge,,,,,,,,left_only
https://assets.scriptslug.com/live/pdf/scripts/jane-eyre-2011.pdf?v=1729114933,Jane Eyre,Jane Eyre,https://imsdb.com//scripts//Jane-Eyre.html,both,Jane Eyre,,,,Jane Eyre,https://www.dailyscript.com/scripts/janeeyre.html,html,Jane Eyre,both
https://assets.scriptslug.com/live/pdf/scripts/jarhead-2005.pdf?v=1729114933,Jarhead,,,left_only,Jarhead,,,,,,,,left_only
https://assets.scriptslug.com/live/pdf/scripts/jason-goes-to-hell-the-final-friday1993.pdf?v=1729114933,Jason Goes To Hell The Final Friday,,,left_only,Jason Goes To Hell The Final Friday,,,,,,,,left_only
,,Jason X,https://imsdb.com//scripts//Jason-X.html,right_only,Jason X,,,,Jason X,https://www.dailyscript.com/scripts/Jason_X_early.html,html,Jason X,both
https://assets.scriptslug.com/live/pdf/scripts/jaws-1975.pdf?v=1729114933,Jaws,Jaws,https://imsdb.com//scripts//Jaws.html,both,Jaws,,,,Jaws,https://www.dailyscript.com/scripts/Jaws.txt,txt,Jaws,both
https://assets.scriptslug.com/live/pdf/scripts/jaws-2-1978.pdf?v=1729114933,Jaws 2,Jaws 2,https://imsdb.com//scripts//Jaws-2.html,both,Jaws 2,,,,Jaws 2,https://www.dailyscript.com/scripts/Jaws%202.txt,txt,Jaws 2,both
,,Jay And Silent Bob Strike Back,https://imsdb.com//scripts//Jay-and-Silent-Bob-Strike-Back.html,right_only,Jay And Silent Bob Strike Back,,,,Jay And Silent Bob Strike Back,https://www.dailyscript.com/scripts/Jay%20And%20Silent%20Bob%20Strike%20Back.txt,txt,Jay And Silent Bob Strike Back,both
,,Jennifer Eight,https://imsdb.com//scripts//Jennifer-Eight.html,right_only,Jennifer Eight,,,,Jennifer Eight,https://www.dailyscript.com/scripts/jennifer-eight-script.html,html,Jennifer Eight,both
https://assets.scriptslug.com/live/pdf/scripts/jennifers-body-2009.pdf?v=1729114933,Jennifers Body,Jennifers Body,https://imsdb.com//scripts//Jennifer's-Body.html,both,Jennifers Body,,,,,,,,left_only
https://assets.scriptslug.com/live/pdf/scripts/jerry-maguire-1996.pdf?v=1729114933,Jerry Maguire,Jerry Maguire,https://imsdb.com//scripts//Jerry-Maguire.html,both,Jerry Maguire,,,,Jerry Maguire,https://www.dailyscript.com/scripts/jerrymaguire.html,html,Jerry Maguire,both
,,Jeux Interdits,https://imsdb.com//scripts//Jeux-Interdits.html,right_only,Jeux Interdits,,,,,,,,left_only
https://assets.scriptslug.com/live/pdf/scripts/jfk-1991.pdf?v=1729114933,Jfk,Jfk,https://imsdb.com//scripts//JFK.html,both,Jfk,,,,JFK,https://www.dailyscript.com/scripts/JFK.txt,txt,Jfk,both
,,Jimmy And Judy,https://imsdb.com//scripts//Jimmy-and-Judy.html,right_only,Jimmy And Judy,,,,Jimmy and Judy,https://www.dailyscript.com/scripts/Jimmy+and+Judy+[Eddie+Furlong].pdf,pdf,Jimmy And Judy,both
https://assets.scriptslug.com/live/pdf/scripts/jingle-all-the-way-1996.pdf?v=1729114933,Jingle All The Way,,,left_only,Jingle All The Way,,,,,,,,left_only
https://assets.scriptslug.com/live/pdf/scripts/jo-jo-dancer-your-life-is-calling-1986.pdf?v=1729114934,Jo Jo Dancer Your Life Is Calling,,,left_only,Jo Jo Dancer Your Life Is Calling,,,,,,,,left_only
https://assets.scriptslug.com/live/pdf/scripts/jockey-2021.pdf?v=1729114934,Jockey,,,left_only,Jockey,,,,,,,,left_only
,,John Q,https://imsdb.com//scripts//John-Q.html,right_only,John Q,,,,John Q.,https://www.dailyscript.com/scripts/JohnQ.html,html,John Q,both
https://assets.scriptslug.com/live/pdf/scripts/john-wick-2015.pdf?v=1729114934,John Wick,John Wick,https://imsdb.com//scripts//John-Wick.html,both,John Wick,,,,,,,,left_only
https://assets.scriptslug.com/live/pdf/scripts/john-wick-chapter-4-2023.pdf?v=1729114934,John Wick Chapter 4,John Wick Chapter 4,https://imsdb.com//scripts//John-Wick-Chapter-4.html,both,John Wick Chapter 4,,,,,,,,left_only
https://assets.scriptslug.com/live/pdf/scripts/jojo-rabbit-2019.pdf?v=1729114934,Jojo Rabbit,Jojo Rabbit,https://imsdb.com//scripts//Jojo-Rabbit.html,both,Jojo Rabbit,,,,,,,,left_only
https://assets.scriptslug.com/live/pdf/scripts/joker-2019.pdf?v=1729114934,Joker,Joker,https://imsdb.com//scripts//Joker.html,both,Joker,,,,,,,,left_only
https://assets.scriptslug.com/live/pdf/scripts/joy-2015.pdf?v=1729114934,Joy,,,left_only,Joy,,,,,,,,left_only
https://assets.scriptslug.com/live/pdf/scripts/judas-and-the-black-messiah-2021.pdf?v=1729114934,Judas And The Black Messiah,,,left_only,Judas And The Black Messiah,,,,,,,,left_only
,,Judge Dredd,https://imsdb.com//scripts//Judge-Dredd.html,right_only,Judge Dredd,,,,,,,,left_only
https://assets.scriptslug.com/live/pdf/scripts/jules-2023.pdf?v=1729114934,Jules,,,left_only,Jules,,,,,,,,left_only
https://assets.scriptslug.com/live/pdf/scripts/julia-1977.pdf?v=1729114934,Julia,,,left_only,Julia,,,,,,,,left_only
https://assets.scriptslug.com/live/pdf/scripts/julieta-2016.pdf?v=1729114935,Julieta,,,left_only,Julieta,,,,Julieta,https://www.dailyscript.com/scripts/julieta_screenplay.pdf,pdf,Julieta,both
https://assets.scriptslug.com/live/pdf/scripts/jumanji-1995.pdf?v=1729114935,Jumanji,,,left_only,Jumanji,,,,,,,,left_only
https://assets.scriptslug.com/live/pdf/scripts/juno-2007.pdf?v=1729114935,Juno,Juno,https://imsdb.com//scripts//Juno.html,both,Juno,,,,Juno,https://www.dailyscript.com/scripts/Juno.txt,txt,Juno,both
https://assets.scriptslug.com/live/pdf/scripts/jurassic-park-1993.pdf?v=1729114935,Jurassic Park,Jurassic Park,https://imsdb.com//scripts//Jurassic-Park.html,both,Jurassic Park,,,,Jurassic Park,https://www.dailyscript.com/scripts/jurassicpark_script_early_3_92.html,html,Jurassic Park,both
,,,,,,,,,Jurassic Park 2: The Lost World,https://www.dailyscript.com/scripts/jurassic2_thw.html,html,Jurassic Park 2 The Lost World,right_only
,,Jurassic Park 3,https://imsdb.com//scripts//Jurassic-Park-III.html,right_only,Jurassic Park 3,,,,Jurassic Park 3,https://www.dailyscript.com/scripts/jp3.html,html,Jurassic Park 3,both
,,Jurassic Park The Lost World,https://imsdb.com//scripts//Jurassic-Park-The-Lost-World.html,right_only,Jurassic Park The Lost World,,,,,,,,left_only
https://assets.scriptslug.com/live/pdf/scripts/just-mercy-2019.pdf?v=1729114935,Just Mercy,,,left_only,Just Mercy,,,,,,,,left_only
,,,,,,,,,K-2,https://www.dailyscript.com/scripts/k2.pdf,pdf,K 2,right_only
https://assets.scriptslug.com/live/pdf/scripts/k-pax-2001.pdf?v=1729114935,K Pax,,,left_only,K Pax,,,,,,,,left_only
,,Kafka,https://imsdb.com//scripts//Kafka.html,right_only,Kafka,,,,Kafka,https://www.dailyscript.com/scripts/kafka.html,html,Kafka,both
https://assets.scriptslug.com/live/pdf/scripts/kajillionaire-2020.pdf?v=1729114935,Kajillionaire,,,left_only,Kajillionaire,,,,,,,,left_only
,,Kalifornia,https://imsdb.com//scripts//Kalifornia.html,right_only,Kalifornia,,,,Kalifornia,https://www.dailyscript.com/scripts/Kalifornia.txt,txt,Kalifornia,both
https://assets.scriptslug.com/live/pdf/scripts/karate-kid-1984.pdf?v=1729114935,Karate Kid,,,left_only,Karate Kid,,,,,,,,left_only
,,Kate & Leopold,https://imsdb.com//scripts//Kate-&-Leopold.html,right_only,Kate & Leopold,Kate & Leopold,HTML len = 0 : no content scrapped,Kate & Leopold,,,,,left_only
,,,,,,,,,Kate and Leopold,https://www.dailyscript.com/scripts/Kate%20And%20Leopold.txt,txt,Kate And Leopold,right_only
https://assets.scriptslug.com/live/pdf/scripts/kids-1995.pdf?v=1729114936,Kids,Kids,https://imsdb.com//scripts//Kids.html,both,Kids,,,,Kids,https://www.dailyscript.com/scripts/Kids.txt,txt,Kids,both
https://assets.scriptslug.com/live/pdf/scripts/kill-bill-vol-1-2003.pdf?v=1729114936,Kill Bill Vol 1,,,left_only,Kill Bill Vol 1,,,,,,,,left_only
https://assets.scriptslug.com/live/pdf/scripts/kill-bill-vol-2-2004.pdf?v=1729114936,Kill Bill Vol 2,,,left_only,Kill Bill Vol 2,,,,,,,,left_only
,,Kill Bill Volume 1 & 2,https://imsdb.com//scripts//Kill-Bill-Volume-1-&-2.html,right_only,Kill Bill Volume 1 & 2,Kill Bill Volume 1 & 2,HTML len = 0 : no content scrapped,Kill Bill Volume 1 & 2,,,,,left_only
https://assets.scriptslug.com/live/pdf/scripts/kill-the-messenger-2014.pdf?v=1729114936,Kill The Messenger,,,left_only,Kill The Messenger,,,,,,,,left_only
https://assets.scriptslug.com/live/pdf/scripts/kill-your-darlings-2013.pdf?v=1729114936,Kill Your Darlings,Kill Your Darlings,https://imsdb.com//scripts//Kill-Your-Darlings.html,both,Kill Your Darlings,,,,Kill Your Darlings,https://www.dailyscript.com/scripts/Kill_Your_Darlings.pdf,pdf,Kill Your Darlings,both
https://assets.scriptslug.com/live/pdf/scripts/killer-klowns-from-outer-space-1989.pdf?v=1729114936,Killer Klowns From Outer Space,,,left_only,Killer Klowns From Outer Space,,,,,,,,left_only
https://assets.scriptslug.com/live/pdf/scripts/killers-of-the-flower-moon-2023.pdf?v=1729114936,Killers Of The Flower Moon,Killers Of The Flower Moon,https://imsdb.com//scripts//Killers-of-the-Flower-Moon.html,both,Killers Of The Flower Moon,,,,,,,,left_only
,,Killing Zoe,https://imsdb.com//scripts//Killing-Zoe.html,right_only,Killing Zoe,,,,,,,,left_only
https://assets.scriptslug.com/live/pdf/scripts/kin-2018.pdf?v=1729114936,Kin,,,left_only,Kin,,,,,,,,left_only
https://assets.scriptslug.com/live/pdf/scripts/king-kong-2005.pdf?v=1729114937,King Kong,King Kong,https://imsdb.com//scripts//King-Kong.html,both,King Kong,,,,King Kong,https://www.dailyscript.com/scripts/King_Kong__2005_.pdf,pdf,King Kong,both
,,,,,,,,,King Kong (Kong),https://www.dailyscript.com/scripts/kong1933.html,html,King Kong (kong),right_only
https://assets.scriptslug.com/live/pdf/scripts/king-richard-2021.pdf?v=1729114937,King Richard,,,left_only,King Richard,,,,,,,,left_only
https://assets.scriptslug.com/live/pdf/scripts/kingpin-1996.pdf?v=1729114937,Kingpin,,,left_only,Kingpin,,,,,,,,left_only
https://assets.scriptslug.com/live/pdf/scripts/kings-of-summer-2013.pdf?v=1729114937,Kings Of Summer,,,left_only,Kings Of Summer,,,,,,,,left_only
https://assets.scriptslug.com/live/pdf/scripts/kingsman-the-secret-service-2014.pdf?v=1729114937,Kingsman The Secret Service,,,left_only,Kingsman The Secret Service,,,,,,,,left_only
https://assets.scriptslug.com/live/pdf/scripts/kiss-kiss-bang-bang-2005.pdf?v=1729114937,Kiss Kiss Bang Bang,,,left_only,Kiss Kiss Bang Bang,,,,,,,,left_only
,,,,,,,,,"Kiss, Kiss, Bang, Bang (You'll Never Die In This Town Again)",https://www.dailyscript.com/scripts/Kiss_Kiss_Bang_Bang.pdf,pdf,Kiss Kiss Bang Bang (youll Never Die In This Town Again),right_only
https://assets.scriptslug.com/live/pdf/scripts/kiss-of-the-spiderwoman-1985.pdf?v=1729114937,Kiss Of The Spider Woman,Kiss Of The Spider Woman,https://imsdb.com//scripts//Kiss-of-the-Spider-Woman.html,both,Kiss Of The Spider Woman,Kiss of the Spider Woman,HTML len = 0 : no content scrapped,Kiss Of The Spider Woman,Kiss of the Spider Woman,https://www.dailyscript.com/scripts/KissOfTheSpiderWoman.pdf,pdf,Kiss Of The Spider Woman,both
,,Klute,https://imsdb.com//scripts//Klute.html,right_only,Klute,,,,Klute,https://www.dailyscript.com/scripts/klute.html,html,Klute,both
https://assets.scriptslug.com/live/pdf/scripts/knight-and-day-2010.pdf?v=1729114938,Knight And Day,,,left_only,Knight And Day,,,,,,,,left_only
https://assets.scriptslug.com/live/pdf/scripts/knives-out-2019.pdf?v=1729114938,Knives Out,,,left_only,Knives Out,,,,,,,,left_only
https://assets.scriptslug.com/live/pdf/scripts/knocked-up-2007.pdf?v=1729114938,Knocked Up,Knocked Up,https://imsdb.com//scripts//Knocked-Up.html,both,Knocked Up,,,,Knocked Up,https://www.dailyscript.com/scripts/knockedup.pdf,pdf,Knocked Up,both
,,,,,,,,,Kong (King Kong),https://www.dailyscript.com/scripts/kong1933.html,html,Kong (king Kong),right_only
https://assets.scriptslug.com/live/pdf/scripts/kramer-vs-kramer-1979.pdf?v=1729114938,Kramer Vs Kramer,Kramer Vs Kramer,https://imsdb.com//scripts//Kramer-vs-Kramer.html,both,Kramer Vs Kramer,,,,Kramer Vs. Kramer,https://www.dailyscript.com/scripts/Kramer%20vs%20Kramer.txt,txt,Kramer Vs Kramer,both
https://assets.scriptslug.com/live/pdf/scripts/krampus-2015.pdf?v=1729114938,Krampus,,,left_only,Krampus,,,,,,,,left_only
https://assets.scriptslug.com/live/pdf/scripts/kubo-and-the-two-strings-2016.pdf?v=1729114938,Kubo And The Two Strings,,,left_only,Kubo And The Two Strings,,,,,,,,left_only
,,Kundun,https://imsdb.com//scripts//Kundun.html,right_only,Kundun,,,,Kundun,https://www.dailyscript.com/scripts/kundun.html,html,Kundun,both
,,Kung Fu Panda,https://imsdb.com//scripts//Kung-Fu-Panda.html,right_only,Kung Fu Panda,,,,,,,,left_only
https://assets.scriptslug.com/live/pdf/scripts/l-a-confidential-1997.pdf?v=1729114938,La Confidential,La Confidential,https://imsdb.com//scripts//L.A.-Confidential.html,both,La Confidential,,,,L.A. Confidential,https://www.dailyscript.com/scripts/ellay-confidential_early.html,html,La Confidential,both
https://assets.scriptslug.com/live/pdf/scripts/la-la-land-2016.pdf?v=1729114938,La La Land,La La Land,https://imsdb.com//scripts//La-La-Land.html,both,La La Land,,,,,,,,left_only
https://assets.scriptslug.com/live/pdf/scripts/l-a-story-1991.pdf?v=1729114938,La Story,,,left_only,La Story,,,,,,,,left_only
https://assets.scriptslug.com/live/pdf/scripts/labor-day-2013.pdf?v=1729114939,Labor Day,,,left_only,Labor Day,,,,,,,,left_only
,,Labor Of Love,https://imsdb.com//scripts//Labor-of-Love.html,right_only,Labor Of Love,,,,,,,,left_only
,,Labyrinth,https://imsdb.com//scripts//Labyrinth.html,right_only,Labyrinth,,,,,,,,left_only
https://assets.scriptslug.com/live/pdf/scripts/lady-bird-2017.pdf?v=1729114939,Lady Bird,,,left_only,Lady Bird,,,,Lady Bird,https://www.dailyscript.com/scripts/LADY_BIRD_shooting_script.pdf,pdf,Lady Bird,both
https://assets.scriptslug.com/live/pdf/scripts/lady-chatterleys-lover-2022.pdf?v=1729114939,Lady Chatterleys Lover,,,left_only,Lady Chatterleys Lover,,,,,,,,left_only
https://assets.scriptslug.com/live/pdf/scripts/ladyhawke-1985.pdf?v=1729114939,Ladyhawke,,,left_only,Ladyhawke,,,,,,,,left_only
https://assets.scriptslug.com/live/pdf/scripts/lake-placid-1999.pdf?v=1729114939,Lake Placid,Lake Placid,https://imsdb.com//scripts//Lake-Placid.html,both,Lake Placid,,,,Lake Placid,https://www.dailyscript.com/scripts/lake-placid.html,html,Lake Placid,both
https://assets.scriptslug.com/live/pdf/scripts/land-of-mine-2016.pdf?v=1729114939,Land Of Mine,,,left_only,Land Of Mine,,,,Land of Mine,https://www.dailyscript.com/scripts/landofmine_screenplay.pdf,pdf,Land Of Mine,both
,,Land Of The Dead,https://imsdb.com//scripts//Land-of-the-Dead.html,right_only,Land Of The Dead,,,,Land of the Dead,https://www.dailyscript.com/scripts/land-of-the-dead.pdf,pdf,Land Of The Dead,both
,,Larry Crowne,https://imsdb.com//scripts//Larry-Crowne.html,right_only,Larry Crowne,,,,,,,,left_only
https://assets.scriptslug.com/live/pdf/scripts/lars-and-the-real-girl-2007.pdf?v=1729114939,Lars And The Real Girl,,,left_only,Lars And The Real Girl,,,,,,,,left_only
,,Last Chance Harvey,https://imsdb.com//scripts//Last-Chance-Harvey.html,right_only,Last Chance Harvey,,,,,,,,left_only
,,,,,,,,,Last Flag Flying,https://www.dailyscript.com/scripts/LFGF_Revised-White-Shooting-Script_10.30.164.pdf,pdf,Last Flag Flying,right_only
https://assets.scriptslug.com/live/pdf/scripts/last-holiday-2006.pdf?v=1729114939,Last Holiday,,,left_only,Last Holiday,,,,,,,,left_only
https://assets.scriptslug.com/live/pdf/scripts/last-night-in-soho-2021.pdf?v=1729114939,Last Night In Soho,,,left_only,Last Night In Soho,,,,,,,,left_only
,,,,,,,,,Last Of The Mohicans,https://www.dailyscript.com/scripts/last-of-the-mohicans-script.html,html,Last Of The Mohicans,right_only
,,Last Tango In Paris,https://imsdb.com//scripts//Last-Tango-in-Paris.html,right_only,Last Tango In Paris,,,,,,,,left_only
https://assets.scriptslug.com/live/pdf/scripts/law-abiding-citizen-2009.pdf?v=1729114939,Law Abiding Citizen,Law Abiding Citizen,https://imsdb.com//scripts//Law-Abiding-Citizen.html,both,Law Abiding Citizen,,,,,,,,left_only
https://assets.scriptslug.com/live/pdf/scripts/lawrence-of-arabia-1962.pdf?v=1729114940,Lawrence Of Arabia,,,left_only,Lawrence Of Arabia,,,,Lawrence of Arabia,https://www.dailyscript.com/scripts/Lawerence_of_Arabia.pdf,pdf,Lawrence Of Arabia,both
,,Le Diable Par La Queue,https://imsdb.com//scripts//Le-Diable-par-la-Queue.html,right_only,Le Diable Par La Queue,,,,,,,,left_only
,,,,,,,,,Le Grand bleu,https://www.dailyscript.com/scripts/thebigblue.html,html,Le Grand Bleu,right_only
https://assets.scriptslug.com/live/pdf/scripts/lean-on-me-1989.pdf?v=1729114940,Lean On Me,,,left_only,Lean On Me,,,,,,,,left_only
https://assets.scriptslug.com/live/pdf/scripts/leave-no-trace-2018.pdf?v=1729114940,Leave No Trace,,,left_only,Leave No Trace,,,,,,,,left_only
https://assets.scriptslug.com/live/pdf/scripts/leaving-las-vegas-1995.pdf?v=1729114940,Leaving Las Vegas,Leaving Las Vegas,https://imsdb.com//scripts//Leaving-Las-Vegas.html,both,Leaving Las Vegas,,,,Leaving Las Vegas,https://www.dailyscript.com/scripts/leavinglasvegas.html,html,Leaving Las Vegas,both
https://assets.scriptslug.com/live/pdf/scripts/lee-daniels-the-butler-2013.pdf?v=1729114940,Lee Daniels The Butler,,,left_only,Lee Daniels The Butler,,,,,,,,left_only
,,Legally Blonde,https://imsdb.com//scripts//Legally-Blonde.html,right_only,Legally Blonde,,,,Legally Blonde,https://www.dailyscript.com/scripts/legallblonde-shooting.pdf,pdf,Legally Blonde,both
https://assets.scriptslug.com/live/pdf/scripts/legend-1985.pdf?v=1729114940,Legend,Legend,https://imsdb.com//scripts//Legend.html,both,Legend,,,,,,,,left_only
https://assets.scriptslug.com/live/pdf/scripts/legend-2015.pdf?v=1729114940,Legend,Legend,https://imsdb.com//scripts//Legend.html,both,Legend,,,,,,,,left_only
,,Legion,https://imsdb.com//scripts//Legion.html,right_only,Legion,,,,,,,,left_only
,,,,,,,,,Legionnaire,https://www.dailyscript.com/scripts/Legionnaire.txt,txt,Legionnaire,right_only
https://assets.scriptslug.com/live/pdf/scripts/lenny-1974.pdf?v=1729114940,Lenny,,,left_only,Lenny,,,,,,,,left_only
https://assets.scriptslug.com/live/pdf/scripts/leprechaun-1993.pdf?v=1729114941,Leprechaun,,,left_only,Leprechaun,,,,,,,,left_only
https://assets.scriptslug.com/live/pdf/scripts/leprechaun-2-1994.pdf?v=1729114941,Leprechaun 2,Leprechaun 2,https://imsdb.com//scripts//Leprechaun-2.html,both,Leprechaun 2,,,,,,,,left_only
,,Les Miserables,https://imsdb.com//scripts//Les-Miserables.html,right_only,Les Miserables,,,,,,,,left_only
https://assets.scriptslug.com/live/pdf/scripts/les-miserables-2012.pdf?v=1729114941,Les Misérables,,,left_only,Les Misérables,,,,,,,,left_only
,,Les Tontons Flingueurs,https://imsdb.com//scripts//Les-Tontons-Flingueurs.html,right_only,Les Tontons Flingueurs,,,,,,,,left_only
https://assets.scriptslug.com/live/pdf/scripts/let-me-in-2010.pdf?v=1729114941,Let Me In,,,left_only,Let Me In,,,,,,,,left_only
https://assets.scriptslug.com/live/pdf/scripts/lethal-weapon-1987.pdf?v=1729114941,Lethal Weapon,Lethal Weapon,https://imsdb.com//scripts//Lethal-Weapon.html,both,Lethal Weapon,Lethal Weapon,"Webstatus : 404
",Lethal Weapon,Lethal Weapon,https://www.dailyscript.com/scripts/lethalweapon.html,html,Lethal Weapon,both
https://assets.scriptslug.com/live/pdf/scripts/lethal-weapon-2-1989.pdf?v=1729114941,Lethal Weapon 2,,,left_only,Lethal Weapon 2,,,,Lethal Weapon II,https://www.dailyscript.com/scripts/Lethal%20Weapon_2.pdf,pdf,Lethal Weapon 2,both
https://assets.scriptslug.com/live/pdf/scripts/lethal-weapon-4-1988.pdf?v=1729114941,Lethal Weapon 4,Lethal Weapon 4,https://imsdb.com//scripts//Lethal-Weapon-4.html,both,Lethal Weapon 4,Lethal Weapon 4,"Webstatus : 404
",Lethal Weapon 4,Lethal Weapon 4,https://www.dailyscript.com/scripts/Lethal_Weapon_4.pdf,pdf,Lethal Weapon 4,both
,,,,,,,,,Letters from Iwo Jima,https://www.dailyscript.com/scripts/Letters_From_Iwo_Jima_2006.pdf,pdf,Letters From Iwo Jima,right_only
,,,,,,,,,Letters To Juliet,https://www.dailyscript.com/scripts/LetterstoJuliet.pdf,pdf,Letters To Juliet,right_only
,,Leviathan,https://imsdb.com//scripts//Leviathan.html,right_only,Leviathan,,,,Leviathan,https://www.dailyscript.com/scripts/leviathan_shooting.html,html,Leviathan,both
https://assets.scriptslug.com/live/pdf/scripts/liar-liar-1997.pdf?v=1729114941,Liar Liar,Liar Liar,https://imsdb.com//scripts//Liar-Liar.html,both,Liar Liar,,,,"Liar, Liar",https://www.dailyscript.com/scripts/liarliar.pdf,pdf,Liar Liar,both
,,,,,,,,,Liberty Street (filmed as Life on Liberty Street),https://www.dailyscript.com/scripts/Libery+St.+[star+Ethan+Embry].pdf,pdf,Liberty Street (filmed As Life On Liberty Street),right_only
,,,,,,,,,License to Drive,https://www.dailyscript.com/scripts/license_to_drive.pdf,pdf,License To Drive,right_only
https://assets.scriptslug.com/live/pdf/scripts/license-to-kill-1989.pdf?v=1729114941,License To Kill,,,left_only,License To Kill,,,,,,,,left_only
,,Life,https://imsdb.com//scripts//Life.html,right_only,Life,,,,Life,https://www.dailyscript.com/scripts/Life.txt,txt,Life,both
,,Life As A House,https://imsdb.com//scripts//Life-As-A-House.html,right_only,Life As A House,,,,Life As A House,https://www.dailyscript.com/scripts/LifeAsAHouse.html,html,Life As A House,both
https://assets.scriptslug.com/live/pdf/scripts/life-itself-2018.pdf?v=1729114941,Life Itself,,,left_only,Life Itself,,,,,,,,left_only
https://assets.scriptslug.com/live/pdf/scripts/life-of-pi-2012.pdf?v=1729114942,Life Of Pi,Life Of Pi,https://imsdb.com//scripts//Life-of-Pi.html,both,Life Of Pi,,,,,,,,left_only
,,,,,,,,,Life on Liberty Street (was Liberty Street),https://www.dailyscript.com/scripts/Libery+St.+[star+Ethan+Embry].pdf,pdf,Life On Liberty Street (was Liberty Street),right_only
https://assets.scriptslug.com/live/pdf/scripts/life-stinks-1991.pdf?v=1729114942,Life Stinks,,,left_only,Life Stinks,,,,,,,,left_only
,,Light Sleeper,https://imsdb.com//scripts//Light-Sleeper.html,right_only,Light Sleeper,,,,Light Sleeper,https://www.dailyscript.com/scripts/Light%20Sleeper.txt,txt,Light Sleeper,both
https://assets.scriptslug.com/live/pdf/scripts/lights-out-2016.pdf?v=1729114942,Lights Out,,,left_only,Lights Out,,,,,,,,left_only
https://assets.scriptslug.com/live/pdf/scripts/like-father-like-son-1987.pdf?v=1729114942,Like Father Like Son,,,left_only,Like Father Like Son,,,,,,,,left_only
,,Limitless,https://imsdb.com//scripts//Limitless.html,right_only,Limitless,,,,,,,,left_only
https://assets.scriptslug.com/live/pdf/scripts/lincoln-2012.pdf?v=1729114942,Lincoln,Lincoln,https://imsdb.com//scripts//Lincoln.html,both,Lincoln,,,,,,,,left_only
https://assets.scriptslug.com/live/pdf/scripts/lion-2016.pdf?v=1729114942,Lion,,,left_only,Lion,,,,Lion,https://www.dailyscript.com/scripts/LION_Script_wCover_R31.pdf,pdf,Lion,both
,,Little Athens,https://imsdb.com//scripts//Little-Athens.html,right_only,Little Athens,,,,,,,,left_only
,,,,,,,,,Little Athens ,https://www.dailyscript.com/scripts/Little+Athens.pdf,pdf,Little Athens ,right_only
,,,,,,,,,Little Black Book,https://www.dailyscript.com/scripts/Little_Black_Book.pdf,pdf,Little Black Book,right_only
,,,,,,,,,Little Children,https://www.dailyscript.com/scripts/Little_Children-script.pdf,pdf,Little Children,right_only
,,Little Men,https://imsdb.com//scripts//Little-Men.html,right_only,Little Men,,,,,,,,left_only
https://assets.scriptslug.com/live/pdf/scripts/little-miss-sunshine-2006.pdf?v=1729114942,Little Miss Sunshine,,,left_only,Little Miss Sunshine,,,,Little Miss Sunshine,https://www.dailyscript.com/scripts/LITTLE_MISS_SUNSHINE.pdf,pdf,Little Miss Sunshine,both
,,Little Nicky,https://imsdb.com//scripts//Little-Nicky.html,right_only,Little Nicky,,,,Little Nicky,https://www.dailyscript.com/scripts/littlenicky.html,html,Little Nicky,both
https://assets.scriptslug.com/live/pdf/scripts/little-shop-of-horrors-1986.pdf?v=1729114942,Little Shop Of Horrors,,,left_only,Little Shop Of Horrors,,,,,,,,left_only
https://assets.scriptslug.com/live/pdf/scripts/little-women-2019.pdf?v=1729114942,Little Women,,,left_only,Little Women,,,,,,,,left_only
https://assets.scriptslug.com/live/pdf/scripts/live-and-let-die-1973.pdf?v=1729114942,Live And Let Die,,,left_only,Live And Let Die,,,,,,,,left_only
https://assets.scriptslug.com/live/pdf/scripts/live-by-night-2016.pdf?v=1729114943,Live By Night,,,left_only,Live By Night,,,,,,,,left_only
https://assets.scriptslug.com/live/pdf/scripts/life-free-or-die-hard-2007.pdf?v=1729114941,Live Free Or Die Hard,,,left_only,Live Free Or Die Hard,,,,,,,,left_only
https://assets.scriptslug.com/live/pdf/scripts/living-2022.pdf?v=1729114943,Living,,,left_only,Living,,,,,,,,left_only
,,Living In Oblivion,https://imsdb.com//scripts//Living-in-Oblivion.html,right_only,Living In Oblivion,,,,Living in Oblivion,https://www.dailyscript.com/scripts/Living%20In%20Oblivion.txt,txt,Living In Oblivion,both
https://assets.scriptslug.com/live/pdf/scripts/lock-stock-and-two-smoking-barrels-1998.pdf?v=1729114943,Lock Stock And Two Smoking Barrels,Lock Stock And Two Smoking Barrels,"https://imsdb.com//scripts//Lock,-Stock-and-Two-Smoking-Barrels.html",both,Lock Stock And Two Smoking Barrels,,,,,,,,left_only
https://assets.scriptslug.com/live/pdf/scripts/locke-2013.pdf?v=1729114943,Locke,,,left_only,Locke,,,,Locke,https://www.dailyscript.com/scripts/Locke+(1).pdf,pdf,Locke,both
https://assets.scriptslug.com/live/pdf/scripts/logan-2017.pdf?v=1729114943,Logan,Logan,https://imsdb.com//scripts//Logan.html,both,Logan,,,,,,,,left_only
,,Logans Run,https://imsdb.com//scripts//Logan's-Run.html,right_only,Logans Run,,,,Logan's Run,https://www.dailyscript.com/scripts/logans_run.html,html,Logans Run,both
,,Lone Star,https://imsdb.com//scripts//Lone-Star.html,right_only,Lone Star,,,,Lone Star,https://www.dailyscript.com/scripts/Lone%20Star.txt,txt,Lone Star,both
https://assets.scriptslug.com/live/pdf/scripts/lone-survivor-2013.pdf?v=1729114943,Lone Survivor,,,left_only,Lone Survivor,,,,,,,,left_only
,,,,,,,,,Long Kiss Goodnight,"https://www.dailyscript.com/scripts/Long%20Kiss%20Goodnight,%20The.txt",txt,Long Kiss Goodnight,right_only
,,,,,,,,,Looking For The Man,https://www.dailyscript.com/scripts/Looking%20For%20The%20Man%20(Unproduced).txt,txt,Looking For The Man,right_only
https://assets.scriptslug.com/live/pdf/scripts/looney-tunes-back-in-action-2003.pdf?v=1729114943,Looney Tunes Back In Action,,,left_only,Looney Tunes Back In Action,,,,,,,,left_only
https://assets.scriptslug.com/live/pdf/scripts/looper-2012.pdf?v=1729114943,Looper,Looper,https://imsdb.com//scripts//Looper.html,both,Looper,,,,,,,,left_only
,,Lord Of Illusions,https://imsdb.com//scripts//Lord-of-Illusions.html,right_only,Lord Of Illusions,,,,Lord of Illusions,https://www.dailyscript.com/scripts/lordofillusions.html,html,Lord Of Illusions,both
,,Lord Of The Rings Return Of The King,https://imsdb.com//scripts//Lord-of-the-Rings-Return-of-the-King.html,right_only,Lord Of The Rings Return Of The King,,,,,,,,left_only
,,Lord Of The Rings The Two Towers,https://imsdb.com//scripts//Lord-of-the-Rings-The-Two-Towers.html,right_only,Lord Of The Rings The Two Towers,,,,,,,,left_only
,,Lord Of War,https://imsdb.com//scripts//Lord-of-War.html,right_only,Lord Of War,,,,,,,,left_only
https://assets.scriptslug.com/live/pdf/scripts/lost-highway-1997.pdf?v=1729114944,Lost Highway,Lost Highway,https://imsdb.com//scripts//Lost-Highway.html,both,Lost Highway,,,,Lost Highway,https://www.dailyscript.com/scripts/Lost+Highway.txt,txt,Lost Highway,both
,,Lost Horizon,https://imsdb.com//scripts//Lost-Horizon.html,right_only,Lost Horizon,,,,Lost Horizon,https://www.dailyscript.com/scripts/Lost_Horizon.html,html,Lost Horizon,both
,,Lost In Space,https://imsdb.com//scripts//Lost-in-Space.html,right_only,Lost In Space,,,,,,,,left_only
https://assets.scriptslug.com/live/pdf/scripts/lost-in-translation-2003.pdf?v=1729114944,Lost In Translation,Lost In Translation,https://imsdb.com//scripts//Lost-in-Translation.html,both,Lost In Translation,,,,Lost in Translation,https://www.dailyscript.com/scripts/lost_in_translation.pdf,pdf,Lost In Translation,both
https://assets.scriptslug.com/live/pdf/scripts/love-and-other-drugs-2010.pdf?v=1729114944,Love & Other Drugs,,,left_only,Love & Other Drugs,,,,,,,,left_only
https://assets.scriptslug.com/live/pdf/scripts/love-actually-2003.pdf?v=1729114944,Love Actually,,,left_only,Love Actually,,,,Love Actually,https://www.dailyscript.com/scripts/LoveActually.pdf,pdf,Love Actually,both
,,Love And Basketball,https://imsdb.com//scripts//Love-and-Basketball.html,right_only,Love And Basketball,,,,Love and Basketball,https://www.dailyscript.com/scripts/love_and_basketball.html,html,Love And Basketball,both
https://assets.scriptslug.com/live/pdf/scripts/love-and-friendship-2016.pdf?v=1729114944,Love And Friendship,,,left_only,Love And Friendship,,,,Love and Friendship,https://www.dailyscript.com/scripts/Love_and_Friendship_ScriptDownload.pdf,pdf,Love And Friendship,both
https://assets.scriptslug.com/live/pdf/scripts/love-is-strange-2014.pdf?v=1729114944,Love Is Strange,,,left_only,Love Is Strange,,,,,,,,left_only
https://assets.scriptslug.com/live/pdf/scripts/love-simon-2015.pdf?v=1729114945,Love Simon,,,left_only,Love Simon,,,,,,,,left_only
https://assets.scriptslug.com/live/pdf/scripts/loving-2016.pdf?v=1729114946,Loving,,,left_only,Loving,,,,,,,,left_only
https://assets.scriptslug.com/live/pdf/scripts/luca-2021.pdf?v=1729114946,Luca,,,left_only,Luca,,,,,,,,left_only
https://assets.scriptslug.com/live/pdf/scripts/lucky-number-slevin-2006.pdf?v=1729114946,Lucky Number Slevin,,,left_only,Lucky Number Slevin,,,,,,,,left_only
https://assets.scriptslug.com/live/pdf/scripts/lucy-2014.pdf?v=1729114946,Lucy,,,left_only,Lucy,,,,,,,,left_only
https://assets.scriptslug.com/live/pdf/scripts/lucy-in-the-sky-2019.pdf?v=1729114946,Lucy In The Sky,,,left_only,Lucy In The Sky,,,,,,,,left_only
,,,,,,,,,M*A*S*H,https://www.dailyscript.com/scripts/MASH.txt,txt,M*a*s*h,right_only
,,,,,,,,,MacBeth,https://www.dailyscript.com/scripts/MACBETH_SCRIPT_wCover_R31.pdf,pdf,Macbeth,right_only
https://assets.scriptslug.com/live/pdf/scripts/macgruber-2010.pdf?v=1729114946,Macgruber,,,left_only,Macgruber,,,,MacGruber,https://www.dailyscript.com/scripts/MacGruber.pdf,pdf,Macgruber,both
,,Machete,https://imsdb.com//scripts//Machete.html,right_only,Machete,,,,,,,,left_only
,,Machine Gun Preacher,https://imsdb.com//scripts//Machine-Gun-Preacher.html,right_only,Machine Gun Preacher,,,,,,,,left_only
,,Mad Max 2 The Road Warrior,https://imsdb.com//scripts//Mad-Max-2-The-Road-Warrior.html,right_only,Mad Max 2 The Road Warrior,,,,,,,,left_only
https://assets.scriptslug.com/live/pdf/scripts/mad-max-fury-road-2015.pdf?v=1729114946,Mad Max Fury Road,,,left_only,Mad Max Fury Road,,,,,,,,left_only
,,Made,https://imsdb.com//scripts//Made.html,right_only,Made,,,,Made,https://www.dailyscript.com/scripts/Made.htm,htm,Made,both
,,,,,,,,,Made For Each Other,https://www.dailyscript.com/scripts/Made%20For%20Each%20Other%20(1939).txt,txt,Made For Each Other,right_only
https://assets.scriptslug.com/live/pdf/scripts/made-in-heaven-1987.pdf?v=1729114947,Made In Heaven,,,left_only,Made In Heaven,,,,,,,,left_only
,,,,,,,,,Maersk Alabama (filmed as Captain Phillips),https://www.dailyscript.com/scripts/CAPTAIN%20PHILLIPS%20(aka%20MAERSK%20ALABAMA)%20by%20Billy%20Ray%20(2010.12.09)%20(Digital).pdf,pdf,Maersk Alabama (filmed As Captain Phillips),right_only
https://assets.scriptslug.com/live/pdf/scripts/maestro-2023.pdf?v=1729114947,Maestro,Maestro,https://imsdb.com//scripts//Maestro.html,both,Maestro,,,,,,,,left_only
https://assets.scriptslug.com/live/pdf/scripts/maggies-plan-2016.pdf?v=1729114947,Maggies Plan,,,left_only,Maggies Plan,,,,Maggie's Plan,https://www.dailyscript.com/scripts/maggiesplan_screenplay.pdf,pdf,Maggies Plan,both
https://assets.scriptslug.com/live/pdf/scripts/magnolia-1999.pdf?v=1729114947,Magnolia,Magnolia,https://imsdb.com//scripts//Magnolia.html,both,Magnolia,,,,Magnolia,https://www.dailyscript.com/scripts/magnolia.html,html,Magnolia,both
,,Major League,https://imsdb.com//scripts//Major-League.html,right_only,Major League,,,,Major League,https://www.dailyscript.com/scripts/Major%20League.txt,txt,Major League,both
https://assets.scriptslug.com/live/pdf/scripts/malcolm-and-marie-2021.pdf?v=1729114947,Malcolm & Marie,,,left_only,Malcolm & Marie,,,,,,,,left_only
https://assets.scriptslug.com/live/pdf/scripts/malcolm-x-1992.pdf?v=1729114947,Malcolm X,Malcolm X,https://imsdb.com//scripts//Malcolm-X.html,both,Malcolm X,,,,Malcolm X,https://www.dailyscript.com/scripts/Malcolm+X.txt,txt,Malcolm X,both
https://assets.scriptslug.com/live/pdf/scripts/malibus-most-wanted-2003.pdf?v=1729114947,Malibus Most Wanted,Malibus Most Wanted,https://imsdb.com//scripts//Malibu's-Most-Wanted.html,both,Malibus Most Wanted,,,,Malibu's Most Wanted,https://www.dailyscript.com/scripts/MalibusMostWanted.pdf,pdf,Malibus Most Wanted,both
https://assets.scriptslug.com/live/pdf/scripts/malignant-2021.pdf?v=1729114947,Malignant,Malignant,https://imsdb.com//scripts//Malignant.html,both,Malignant,,,,,,,,left_only
https://assets.scriptslug.com/live/pdf/scripts/mallrats-1995.pdf?v=1729114947,Mallrats,,,left_only,Mallrats,,,,,,,,left_only
,,Man In The Iron Mask,https://imsdb.com//scripts//Man-in-the-Iron-Mask.html,right_only,Man In The Iron Mask,,,,Man in the Iron Mask,https://www.dailyscript.com/scripts/man_in_iron_mask_95.html,html,Man In The Iron Mask,both
https://assets.scriptslug.com/live/pdf/scripts/man-on-a-ledge-2012.pdf?v=1729114948,Man On A Ledge,,,left_only,Man On A Ledge,,,,,,,,left_only
https://assets.scriptslug.com/live/pdf/scripts/man-on-fire-2004.pdf?v=1729114948,Man On Fire,Man On Fire,https://imsdb.com//scripts//Man-On-Fire.html,both,Man On Fire,,,,Man on Fire,https://www.dailyscript.com/scripts/manonfire.pdf,pdf,Man On Fire,both
https://assets.scriptslug.com/live/pdf/scripts/man-on-fire-2004.pdf?v=1729114948,Man On Fire,Man On Fire,https://imsdb.com//scripts//Man-On-Fire.html,both,Man On Fire,,,,Man On Fire,https://www.dailyscript.com/scripts/Man+On+Fire.txt,txt,Man On Fire,both
https://assets.scriptslug.com/live/pdf/scripts/man-on-the-moon-1999.pdf?v=1729114948,Man On The Moon,Man On The Moon,https://imsdb.com//scripts//Man-on-the-Moon.html,both,Man On The Moon,,,,,,,,left_only
,,,,,,,,,Man Plus,https://www.dailyscript.com/scripts/Man_Plus_Vintar_1996.pdf,pdf,Man Plus,right_only
,,Man Trouble,https://imsdb.com//scripts//Man-Trouble.html,right_only,Man Trouble,,,,Man Trouble,https://www.dailyscript.com/scripts/Man_Trouble.pdf,pdf,Man Trouble,both
,,,,,,,,,Mandingo,https://www.dailyscript.com/scripts/mandingo1.pdf,pdf,Mandingo,right_only
https://assets.scriptslug.com/live/pdf/scripts/mandy-2018.pdf?v=1729114948,Mandy,,,left_only,Mandy,,,,,,,,left_only
,,Manhattan Murder Mystery,https://imsdb.com//scripts//Manhattan-Murder-Mystery.html,right_only,Manhattan Murder Mystery,,,,,,,,left_only
,,Manhunter,https://imsdb.com//scripts//Manhunter.html,right_only,Manhunter,,,,Manhunter,https://www.dailyscript.com/scripts/Manhunter.txt,txt,Manhunter,both
,,,,,,,,,Manhunter (Red Dragon),https://www.dailyscript.com/scripts/manhunter.html,html,Manhunter (red Dragon),right_only
https://assets.scriptslug.com/live/pdf/scripts/maniac-cop-1988.pdf?v=1729114948,Maniac Cop,,,left_only,Maniac Cop,,,,,,,,left_only
https://assets.scriptslug.com/live/pdf/scripts/mank-2020.pdf?v=1729114948,Mank,,,left_only,Mank,,,,,,,,left_only
,,Margaret,https://imsdb.com//scripts//Margaret.html,right_only,Margaret,,,,,,,,left_only
https://assets.scriptslug.com/live/pdf/scripts/margin-call-2011.pdf?v=1729114949,Margin Call,Margin Call,https://imsdb.com//scripts//Margin-Call.html,both,Margin Call,,,,,,,,left_only
,,Margot At The Wedding,https://imsdb.com//scripts//Margot-at-the-Wedding.html,right_only,Margot At The Wedding,,,,,,,,left_only
https://assets.scriptslug.com/live/pdf/scripts/maria-2024.pdf?v=1738547975,Maria,,,left_only,Maria,,,,,,,,left_only
https://assets.scriptslug.com/live/pdf/scripts/maria-full-of-grace-2004.pdf?v=1729114949,Maria Full Of Grace,,,left_only,Maria Full Of Grace,,,,,,,,left_only
,,,,,,,,,Maria Full of Grace ,https://www.dailyscript.com/scripts/MariaFullGrace.pdf,pdf,Maria Full Of Grace ,right_only
,,Mariachi El,"https://imsdb.com//scripts//Mariachi,-El.html",right_only,Mariachi El,,,,,,,,left_only
,,Marley & Me,https://imsdb.com//scripts//Marley-&-Me.html,right_only,Marley & Me,Marley & Me,HTML len = 0 : no content scrapped,Marley & Me,,,,,left_only
https://assets.scriptslug.com/live/pdf/scripts/marriage-story-2019.pdf?v=1729114949,Marriage Story,,,left_only,Marriage Story,,,,,,,,left_only
https://assets.scriptslug.com/live/pdf/scripts/mars-attacks-1996.pdf?v=1729114949,Mars Attacks,,,left_only,Mars Attacks,,,,,,,,left_only
,,Martha Marcy May Marlene,https://imsdb.com//scripts//Martha-Marcy-May-Marlene.html,right_only,Martha Marcy May Marlene,,,,,,,,left_only
,,Marty,https://imsdb.com//scripts//Marty.html,right_only,Marty,,,,Marty,https://www.dailyscript.com/scripts/Marty.txt,txt,Marty,both
https://assets.scriptslug.com/live/pdf/scripts/martyrs-2015.pdf?v=1729114949,Martyrs,,,left_only,Martyrs,,,,,,,,left_only
https://assets.scriptslug.com/live/pdf/scripts/mary-poppins-1964.pdf?v=1729114949,Mary Poppins,Mary Poppins,https://imsdb.com//scripts//Mary-Poppins.html,both,Mary Poppins,,,,,,,,left_only
https://assets.scriptslug.com/live/pdf/scripts/mary-poppins-returns-2018.pdf?v=1729114949,Mary Poppins Returns,,,left_only,Mary Poppins Returns,,,,,,,,left_only
https://assets.scriptslug.com/live/pdf/scripts/mary-queen-of-scots-2018.pdf?v=1729114949,Mary Queen Of Scots,,,left_only,Mary Queen Of Scots,,,,,,,,left_only
https://assets.scriptslug.com/live/pdf/scripts/mary-shelleys-frankenstein-1994.pdf?v=1729114950,Mary Shelleys Frankenstein,,,left_only,Mary Shelleys Frankenstein,,,,,,,,left_only
https://assets.scriptslug.com/live/pdf/scripts/mass-2021.pdf?v=1729114950,Mass,,,left_only,Mass,,,,,,,,left_only
https://assets.scriptslug.com/live/pdf/scripts/master-2022.pdf?v=1729114950,Master,,,left_only,Master,,,,,,,,left_only
,,Master And Commander,https://imsdb.com//scripts//Master-and-Commander.html,right_only,Master And Commander,,,,,,,,left_only
https://assets.scriptslug.com/live/pdf/scripts/match-point-2005.pdf?v=1729114950,Match Point,,,left_only,Match Point,,,,,,,,left_only
,,Matchstick Men,https://imsdb.com//scripts//Matchstick-Men.html,right_only,Matchstick Men,Matchstick Men,"Webstatus : 404
",Matchstick Men,Matchstick Men,https://www.dailyscript.com/scripts/MATCHSTICK_MEN.pdf,pdf,Matchstick Men,both
https://assets.scriptslug.com/live/pdf/scripts/maudie-2017.pdf?v=1729114950,Maudie,,,left_only,Maudie,,,,,,,,left_only
,,,,,,,,,Maverick,https://www.dailyscript.com/scripts/Maverick.PDF,pdf,Maverick,right_only
,,Max Payne,https://imsdb.com//scripts//Max-Payne.html,right_only,Max Payne,,,,,,,,left_only
,,,,,,,,,Max Payne ,https://www.dailyscript.com/scripts/maxpayne.pdf,pdf,Max Payne ,right_only
https://assets.scriptslug.com/live/pdf/scripts/may-december-2023.pdf?v=1729114950,May December,May December,https://imsdb.com//scripts//May-December.html,both,May December,,,,,,,,left_only
https://assets.scriptslug.com/live/pdf/scripts/me-earl-and-the-dying-girl-2015.pdf?v=1729114951,Me And Earl And The Dying Girl,,,left_only,Me And Earl And The Dying Girl,,,,Me and Earl and the Dying Girl,https://www.dailyscript.com/scripts/Me-And-Earl-And-The-Dying-Girl.pdf,pdf,Me And Earl And The Dying Girl,both
https://assets.scriptslug.com/live/pdf/scripts/me-him-her-2015.pdf?v=1729114951,Me Him Her,,,left_only,Me Him Her,,,,,,,,left_only
https://assets.scriptslug.com/live/pdf/scripts/mean-girls-2004.pdf?v=1729114951,Mean Girls,,,left_only,Mean Girls,,,,Mean Girls,https://www.dailyscript.com/scripts/mean_girls.pdf,pdf,Mean Girls,both
https://assets.scriptslug.com/live/pdf/scripts/mean-streets-1973.pdf?v=1729114951,Mean Streets,Mean Streets,https://imsdb.com//scripts//Mean-Streets.html,both,Mean Streets,,,,,,,,left_only
,,,,,,,,,Mean Streets (Season of the Witch),https://www.dailyscript.com/scripts/meanstreet.html,html,Mean Streets (season Of The Witch),right_only
https://assets.scriptslug.com/live/pdf/scripts/meatballs-1979.pdf?v=1729114951,Meatballs,,,left_only,Meatballs,,,,,,,,left_only
,,Meet Joe Black,https://imsdb.com//scripts//Meet-Joe-Black.html,right_only,Meet Joe Black,,,,,,,,left_only
,,Meet John Doe,https://imsdb.com//scripts//Meet-John-Doe.html,right_only,Meet John Doe,,,,Meet John Doe,https://www.dailyscript.com/scripts/Meet_John_Doe.html,html,Meet John Doe,both
https://assets.scriptslug.com/live/pdf/scripts/megamind-2010.pdf?v=1729114951,Megamind,Megamind,https://imsdb.com//scripts//Megamind.html,both,Megamind,,,,,,,,left_only
https://assets.scriptslug.com/live/pdf/scripts/memento-2000.pdf?v=1729114951,Memento,Memento,https://imsdb.com//scripts//Memento.html,both,Memento,,,,Memento,https://www.dailyscript.com/scripts/memento.html,html,Memento,both
https://assets.scriptslug.com/live/pdf/scripts/memoirs-of-a-geisha-2005.pdf?v=1729114951,Memoirs Of A Geisha,,,left_only,Memoirs Of A Geisha,,,,,,,,left_only
https://assets.scriptslug.com/live/pdf/scripts/memories-of-murder-2003.pdf?v=1729114951,Memories Of Murder,,,left_only,Memories Of Murder,,,,,,,,left_only
https://assets.scriptslug.com/live/pdf/scripts/memory-2023.pdf?v=1729114952,Memory,Memory,https://imsdb.com//scripts//Memory.html,both,Memory,,,,,,,,left_only
,,,,,,,,,Memphis Belle,https://www.dailyscript.com/scripts/Memphis_Belle.pdf,pdf,Memphis Belle,right_only
https://assets.scriptslug.com/live/pdf/scripts/men-in-black-1997.pdf?v=1729114952,Men In Black,Men In Black,https://imsdb.com//scripts//Men-in-Black.html,both,Men In Black,,,,Men In Black,https://www.dailyscript.com/scripts/Men+In+Black.txt,txt,Men In Black,both
,,Men In Black 3,https://imsdb.com//scripts//Men-in-Black-3.html,right_only,Men In Black 3,,,,Men In Black 3,https://www.dailyscript.com/scripts/Men_In_Black_3.pdf,pdf,Men In Black 3,both
https://assets.scriptslug.com/live/pdf/scripts/menace-ii-society-1993.pdf?v=1729114952,Menace 2 Society,,,left_only,Menace 2 Society,,,,,,,,left_only
,,Metro,https://imsdb.com//scripts//Metro.html,right_only,Metro,,,,Metro,https://www.dailyscript.com/scripts/Metro.txt,txt,Metro,both
,,Miami Vice,https://imsdb.com//scripts//Miami-Vice.html,right_only,Miami Vice,,,,Miami Vice,https://www.dailyscript.com/scripts/miamivice.html,html,Miami Vice,both
https://assets.scriptslug.com/live/pdf/scripts/michael-clayton-2007.pdf?v=1729114952,Michael Clayton,,,left_only,Michael Clayton,,,,,,,,left_only
https://assets.scriptslug.com/live/pdf/scripts/mid90s-2018.pdf?v=1729114952,Mid90s,,,left_only,Mid90s,,,,,,,,left_only
https://assets.scriptslug.com/live/pdf/scripts/midnight-cowboy-1969.pdf?v=1729114952,Midnight Cowboy,Midnight Cowboy,https://imsdb.com//scripts//Midnight-Cowboy.html,both,Midnight Cowboy,,,,Midnight Cowboy,https://www.dailyscript.com/scripts/Midnight%20Cowboy.txt,txt,Midnight Cowboy,both
,,Midnight Express,https://imsdb.com//scripts//Midnight-Express.html,right_only,Midnight Express,,,,Midnight Express,https://www.dailyscript.com/scripts/Expressfinal.PDF,pdf,Midnight Express,both
https://assets.scriptslug.com/live/pdf/scripts/midnight-in-paris-2011.pdf?v=1729114952,Midnight In Paris,Midnight In Paris,https://imsdb.com//scripts//Midnight-in-Paris.html,both,Midnight In Paris,,,,,,,,left_only
https://assets.scriptslug.com/live/pdf/scripts/midnight-run-1988.pdf?v=1729114953,Midnight Run,,,left_only,Midnight Run,,,,Midnight Run,https://www.dailyscript.com/scripts/Midnight%20Run.txt,txt,Midnight Run,both
https://assets.scriptslug.com/live/pdf/scripts/midsommar-2019.pdf?v=1729114953,Midsommar,,,left_only,Midsommar,,,,,,,,left_only
https://assets.scriptslug.com/live/pdf/scripts/midway-2019.pdf?v=1729114953,Midway,,,left_only,Midway,,,,,,,,left_only
,,Mighty Joe Young,https://imsdb.com//scripts//Mighty-Joe-Young.html,right_only,Mighty Joe Young,,,,Mighty Joe Young,https://www.dailyscript.com/scripts/mighty_joe_young.pdf,pdf,Mighty Joe Young,both
,,,,,,,,,Mighty Morphin Power Rangers,https://www.dailyscript.com/scripts/MightyMorphinPowerRangers.txt,txt,Mighty Morphin Power Rangers,right_only
,,Mighty Morphin Power Rangers The Movie,https://imsdb.com//scripts//Mighty-Morphin-Power-Rangers-The-Movie.html,right_only,Mighty Morphin Power Rangers The Movie,,,,,,,,left_only
https://assets.scriptslug.com/live/pdf/scripts/mikey-and-nicky-1976.pdf?v=1729114953,Mikey And Nicky,,,left_only,Mikey And Nicky,,,,,,,,left_only
https://assets.scriptslug.com/live/pdf/scripts/miles-ahead-2016.pdf?v=1729114953,Miles Ahead,,,left_only,Miles Ahead,,,,Miles Ahead,https://www.dailyscript.com/scripts/milesahead_screenplay.pdf,pdf,Miles Ahead,both
,,Milk,https://imsdb.com//scripts//Milk.html,right_only,Milk,,,,,,,,left_only
,,Millers Crossing,https://imsdb.com//scripts//Miller's-Crossing.html,right_only,Millers Crossing,,,,Miller's Crossing,https://www.dailyscript.com/scripts/Miller's%20Crossing.txt,txt,Millers Crossing,both
https://assets.scriptslug.com/live/pdf/scripts/millers-girl-2024.pdf?v=1729114953,Millers Girl,Millers Girl,https://imsdb.com//scripts//Miller's-Girl.html,both,Millers Girl,,,,,,,,left_only
https://assets.scriptslug.com/live/pdf/scripts/million-dollar-baby-2004.pdf?v=1729114953,Million Dollar Baby,,,left_only,Million Dollar Baby,,,,,,,,left_only
https://assets.scriptslug.com/live/pdf/scripts/mimic-1997.pdf?v=1729114953,Mimic,Mimic,https://imsdb.com//scripts//Mimic.html,both,Mimic,,,,Mimic,https://www.dailyscript.com/scripts/mimic_production.html,html,Mimic,both
https://assets.scriptslug.com/live/pdf/scripts/minari-2020.pdf?v=1729114954,Minari,,,left_only,Minari,,,,,,,,left_only
,,Minis First Time,https://imsdb.com//scripts//Mini's-First-Time.html,right_only,Minis First Time,,,,Mini's First Time,https://www.dailyscript.com/scripts/Mini's-First-Time.pdf,pdf,Minis First Time,both
https://assets.scriptslug.com/live/pdf/scripts/minority-report-2002.pdf?v=1729114954,Minority Report,Minority Report,https://imsdb.com//scripts//Minority-Report.html,both,Minority Report,,,,Minority Report,https://www.dailyscript.com/scripts/Minority%20Report.txt,txt,Minority Report,both
,,Mirrors,https://imsdb.com//scripts//Mirrors.html,right_only,Mirrors,,,,,,,,left_only
https://assets.scriptslug.com/live/pdf/scripts/misery-1990.pdf?v=1729114954,Misery,Misery,https://imsdb.com//scripts//Misery.html,both,Misery,,,,Misery,https://www.dailyscript.com/scripts/misery.html,html,Misery,both
https://assets.scriptslug.com/live/pdf/scripts/miss-congeniality-2000.pdf?v=1729114954,Miss Congeniality,,,left_only,Miss Congeniality,,,,,,,,left_only
https://assets.scriptslug.com/live/pdf/scripts/miss-sloane-2016.pdf?v=1729114954,Miss Sloane,,,left_only,Miss Sloane,,,,,,,,left_only
https://assets.scriptslug.com/live/pdf/scripts/mission-impossible-1996.pdf?v=1729114954,Mission Impossible,Mission Impossible,https://imsdb.com//scripts//Mission-Impossible.html,both,Mission Impossible,,,,Mission Impossible,https://www.dailyscript.com/scripts/mission-impossible_shoot.html,html,Mission Impossible,both
https://assets.scriptslug.com/live/pdf/scripts/mission-impossible-ii-2000.pdf?v=1729114954,Mission Impossible 2,Mission Impossible 2,https://imsdb.com//scripts//Mission-Impossible-II.html,both,Mission Impossible 2,,,,Mission Impossible II,https://www.dailyscript.com/scripts/mission-impossible-2_shoot.html,html,Mission Impossible 2,both
https://assets.scriptslug.com/live/pdf/scripts/mission-impossible-iii-2006.pdf?v=1729114955,Mission Impossible 3,,,left_only,Mission Impossible 3,,,,,,,,left_only
https://assets.scriptslug.com/live/pdf/scripts/mission-impossible-fallout-2018.pdf?v=1729114954,Mission Impossible Fallout,,,left_only,Mission Impossible Fallout,,,,,,,,left_only
https://assets.scriptslug.com/live/pdf/scripts/mission-impossible-rogue-nation-2015.pdf?v=1729114955,Mission Impossible Rogue Nation,,,left_only,Mission Impossible Rogue Nation,,,,,,,,left_only
,,Mission To Mars,https://imsdb.com//scripts//Mission-to-Mars.html,right_only,Mission To Mars,,,,Mission to Mars,https://www.dailyscript.com/scripts/Mission%20To%20Mars.txt,txt,Mission To Mars,both
,,,,,,,,,Mississippi Grind,https://www.dailyscript.com/scripts/mg_script.pdf,pdf,Mississippi Grind,right_only
,,,,,,,,,Mistress America,https://www.dailyscript.com/scripts/Mistress-America.pdf,pdf,Mistress America,right_only
,,,,,,,,,Mobsters,https://www.dailyscript.com/scripts/Mobsters.txt,txt,Mobsters,right_only
https://assets.scriptslug.com/live/pdf/scripts/mollys-game-2017.pdf?v=1729114955,Mollys Game,,,left_only,Mollys Game,,,,,,,,left_only
https://assets.scriptslug.com/live/pdf/scripts/moneyball-2011.pdf?v=1729114956,Moneyball,Moneyball,https://imsdb.com//scripts//Moneyball.html,both,Moneyball,,,,,,,,left_only
,,Monkeybone,https://imsdb.com//scripts//Monkeybone.html,right_only,Monkeybone,,,,Monkeybone,https://www.dailyscript.com/scripts/MonkeyBone_script.htm,htm,Monkeybone,both
https://assets.scriptslug.com/live/pdf/scripts/monster-2003.pdf?v=1729114956,Monster,,,left_only,Monster,,,,,,,,left_only
https://assets.scriptslug.com/live/pdf/scripts/monsters-ball-2001.pdf?v=1729114956,Monsters Ball,Monsters Ball,https://imsdb.com//scripts//Monster's-Ball.html,both,Monsters Ball,Monster's Ball,HTML len = 0 : no content scrapped,Monsters Ball,Monster's Ball,https://www.dailyscript.com/scripts/monstersball.pdf,pdf,Monsters Ball,both
https://assets.scriptslug.com/live/pdf/scripts/monsters-inc-2001.pdf?v=1729114956,Monsters Inc,,,left_only,Monsters Inc,,,,,,,,left_only
https://assets.scriptslug.com/live/pdf/scripts/monsters-university-2013.pdf?v=1729114956,Monsters University,,,left_only,Monsters University,,,,,,,,left_only
,,Monte Carlo,https://imsdb.com//scripts//Monte-Carlo.html,right_only,Monte Carlo,,,,,,,,left_only
https://assets.scriptslug.com/live/pdf/scripts/moon-2009.pdf?v=1729114956,Moon,Moon,https://imsdb.com//scripts//Moon.html,both,Moon,,,,,,,,left_only
https://assets.scriptslug.com/live/pdf/scripts/moonlight-2016.pdf?v=1729114956,Moonlight,,,left_only,Moonlight,,,,Moonlight,https://www.dailyscript.com/scripts/MOONLIGHT.pdf,pdf,Moonlight,both
https://assets.scriptslug.com/live/pdf/scripts/moonrise-kingdom-2012.pdf?v=1729114956,Moonrise Kingdom,Moonrise Kingdom,https://imsdb.com//scripts//Moonrise-Kingdom.html,both,Moonrise Kingdom,,,,,,,,left_only
https://assets.scriptslug.com/live/pdf/scripts/moonstruck-1987.pdf?v=1729114956,Moonstruck,Moonstruck,https://imsdb.com//scripts//Moonstruck.html,both,Moonstruck,,,,Moonstruck,https://www.dailyscript.com/scripts/Moonstruck.txt,txt,Moonstruck,both
https://assets.scriptslug.com/live/pdf/scripts/mother-2017.pdf?v=1729114957,Mother,,,left_only,Mother,,,,mother!,https://www.dailyscript.com/scripts/mother.pdf,pdf,Mother,both
https://assets.scriptslug.com/live/pdf/scripts/motherless-brooklyn-2019.pdf?v=1729114957,Motherless Brooklyn,,,left_only,Motherless Brooklyn,,,,,,,,left_only
https://assets.scriptslug.com/live/pdf/scripts/moulin-rouge-2001.pdf?v=1729114957,Moulin Rouge,,,left_only,Moulin Rouge,,,,,,,,left_only
https://assets.scriptslug.com/live/pdf/scripts/mr-and-mrs-smith-2005.pdf?v=1729114957,Mr & Mrs Smith,,,left_only,Mr & Mrs Smith,,,,,,,,left_only
,,Mr Blandings Builds His Dream House,https://imsdb.com//scripts//Mr-Blandings-Builds-His-Dream-House.html,right_only,Mr Blandings Builds His Dream House,,,,Mr. Blandings Builds His Dream House,https://www.dailyscript.com/scripts/Mr.%20Blandings%20Builds%20His%20Dream%20House.txt,txt,Mr Blandings Builds His Dream House,both
,,Mr Brooks,https://imsdb.com//scripts//Mr-Brooks.html,right_only,Mr Brooks,,,,,,,,left_only
,,Mr Deeds Goes To Town,https://imsdb.com//scripts//Mr-Deeds-Goes-to-Town.html,right_only,Mr Deeds Goes To Town,,,,Mr. Deeds Goes to Town,https://www.dailyscript.com/scripts/Mr._Deeds_Goes_to_Town.html,html,Mr Deeds Goes To Town,both
https://assets.scriptslug.com/live/pdf/scripts/mr-hollands-opus-1995.pdf?v=1729114957,Mr Hollands Opus,Mr Hollands Opus,https://imsdb.com//scripts//Mr.-Holland's-Opus.html,both,Mr Hollands Opus,Mr. Holland's Opus,HTML len = 0 : no content scrapped,Mr Hollands Opus,Mr. Holland's Opus,https://www.dailyscript.com/scripts/MrHollandsOpus.pdf,pdf,Mr Hollands Opus,both
https://assets.scriptslug.com/live/pdf/scripts/mr-mom-1983.pdf?v=1729114957,Mr Mom,,,left_only,Mr Mom,,,,,,,,left_only
https://assets.scriptslug.com/live/pdf/scripts/mr-nobody-2009.pdf?v=1729114957,Mr Nobody,,,left_only,Mr Nobody,,,,,,,,left_only
https://assets.scriptslug.com/live/pdf/scripts/mr-right-2015.pdf?v=1729114957,Mr Right,,,left_only,Mr Right,,,,,,,,left_only
,,,,,,,,,Mr. Smith Goes To Washington,https://www.dailyscript.com/scripts/Mr%20Smith%20Goes%20To%20Washington.txt,txt,Mr Smith Goes To Washington,right_only
,,,,,,,,,Mr. Smith Goes to Washington,https://www.dailyscript.com/scripts/MrSmithGoesToWashington.txt,txt,Mr Smith Goes To Washington,right_only
https://assets.scriptslug.com/live/pdf/scripts/mr-turner-2014.pdf?v=1729114958,Mr Turner,,,left_only,Mr Turner,,,,,,,,left_only
,,Mrs Brown,https://imsdb.com//scripts//Mrs.-Brown.html,right_only,Mrs Brown,,,,Mrs. Brown,https://www.dailyscript.com/scripts/mrs_brown.html,html,Mrs Brown,both
https://assets.scriptslug.com/live/pdf/scripts/mud-2012.pdf?v=1729114958,Mud,Mud,https://imsdb.com//scripts//Mud.html,both,Mud,,,,,,,,left_only
https://assets.scriptslug.com/live/pdf/scripts/mudbound-2017.pdf?v=1729114958,Mudbound,,,left_only,Mudbound,,,,,,,,left_only
https://assets.scriptslug.com/live/pdf/scripts/mulan-1998.pdf?v=1729114958,Mulan,Mulan,https://imsdb.com//scripts//Mulan.html,both,Mulan,,,,,,,,left_only
https://assets.scriptslug.com/live/pdf/scripts/mulholland-drive-2001.pdf?v=1729114958,Mulholland Dr,,,left_only,Mulholland Dr,,,,,,,,left_only
,,Mulholland Drive,https://imsdb.com//scripts//Mulholland-Drive.html,right_only,Mulholland Drive,,,,Mulholland Drive,https://www.dailyscript.com/scripts/mulholland_drive.html,html,Mulholland Drive,both
,,Mumford,https://imsdb.com//scripts//Mumford.html,right_only,Mumford,,,,Mumford,https://www.dailyscript.com/scripts/Mumford.txt,txt,Mumford,both
,,,,,,,,,Munich,https://www.dailyscript.com/scripts/munich.pdf,pdf,Munich,right_only
https://assets.scriptslug.com/live/pdf/scripts/murder-on-the-orient-express-2017.pdf?v=1729114958,Murder On The Orient Express,,,left_only,Murder On The Orient Express,,,,,,,,left_only
,,Music Of The Heart,https://imsdb.com//scripts//Music-of-the-Heart.html,right_only,Music Of The Heart,,,,,,,,left_only
,,,,,,,,,Music of the Heart (Fifty Violins),https://www.dailyscript.com/scripts/Music%20Of%20The%20Heart.txt,txt,Music Of The Heart (fifty Violins),right_only
,,Mute Witness,https://imsdb.com//scripts//Mute-Witness.html,right_only,Mute Witness,,,,,,,,left_only
,,My Best Friends Wedding,https://imsdb.com//scripts//My-Best-Friend's-Wedding.html,right_only,My Best Friends Wedding,,,,,,,,left_only
https://assets.scriptslug.com/live/pdf/scripts/my-big-fat-greek-wedding-2-2016.pdf?v=1729114958,My Big Fat Greek Wedding 2,,,left_only,My Big Fat Greek Wedding 2,,,,,,,,left_only
https://assets.scriptslug.com/live/pdf/scripts/my-cousin-vinny-1992.pdf?v=1729114958,My Cousin Vinny,,,left_only,My Cousin Vinny,,,,,,,,left_only
https://assets.scriptslug.com/live/pdf/scripts/my-demon-lover-1987.pdf?v=1729114959,My Demon Lover,,,left_only,My Demon Lover,,,,,,,,left_only
https://assets.scriptslug.com/live/pdf/scripts/my-friend-dahmer-2017.pdf?v=1729114959,My Friend Dahmer,,,left_only,My Friend Dahmer,,,,,,,,left_only
,,My Girl,https://imsdb.com//scripts//My-Girl.html,right_only,My Girl,,,,,,,,left_only
,,My Mother Dreams The Satans Disciples In New York,https://imsdb.com//scripts//My-Mother-Dreams-the-Satan's-Disciples-in-New-York.html,right_only,My Mother Dreams The Satans Disciples In New York,,,,My Mother Dreams The Satan's Disciples in New York,https://www.dailyscript.com/scripts/mother_dreams.html,html,My Mother Dreams The Satans Disciples In New York,both
https://assets.scriptslug.com/live/pdf/scripts/my-old-ass-2024.pdf?v=1738547793,My Old Ass,,,left_only,My Old Ass,,,,,,,,left_only
https://assets.scriptslug.com/live/pdf/scripts/my-policeman-2022.pdf?v=1729114959,My Policeman,,,left_only,My Policeman,,,,,,,,left_only
https://assets.scriptslug.com/live/pdf/scripts/my-week-with-marilyn-2011.pdf?v=1729114959,My Week With Marilyn,My Week With Marilyn,https://imsdb.com//scripts//My-Week-with-Marilyn.html,both,My Week With Marilyn,,,,,,,,left_only
https://assets.scriptslug.com/live/pdf/scripts/mystery-men-1999.pdf?v=1729114959,Mystery Men,Mystery Men,https://imsdb.com//scripts//Mystery-Men.html,both,Mystery Men,,,,Mystery Men,https://www.dailyscript.com/scripts/mystery_men_6_6_97.html,html,Mystery Men,both
,,,,,,,,,Naked City,"https://www.dailyscript.com/scripts/Naked%20City,%20The.txt",txt,Naked City,right_only
https://assets.scriptslug.com/live/pdf/scripts/naked-gun-33-1-3-the-final-insult-1994.pdf?v=1729114959,Naked Gun 33 1/3 The Final Insult,,,left_only,Naked Gun 33 1/3 The Final Insult,,,,,,,,left_only
https://assets.scriptslug.com/live/pdf/scripts/nanny-2022.pdf?v=1729114959,Nanny,,,left_only,Nanny,,,,,,,,left_only
https://assets.scriptslug.com/live/pdf/scripts/napoleon-2023.pdf?v=1729114959,Napoleon,Napoleon,https://imsdb.com//scripts//Napoleon.html,both,Napoleon,,,,,,,,left_only
https://assets.scriptslug.com/live/pdf/scripts/nopoleon-dynamite-2004.pdf?v=1729114963,Napoleon Dynamite,Napoleon Dynamite,https://imsdb.com//scripts//Napoleon-Dynamite.html,both,Napoleon Dynamite,,,,,,,,left_only
,,Nashville,https://imsdb.com//scripts//Nashville.html,right_only,Nashville,,,,Nashville,https://www.dailyscript.com/scripts/nashville.html,html,Nashville,both
https://assets.scriptslug.com/live/pdf/scripts/national-lampoons-animal-house-1978.pdf?v=1729114960,National Lampoons Animal House,,,left_only,National Lampoons Animal House,,,,,,,,left_only
https://assets.scriptslug.com/live/pdf/scripts/national-lampoons-christmas-vacation-1989.pdf?v=1729114960,National Lampoons Christmas Vacation,,,left_only,National Lampoons Christmas Vacation,,,,,,,,left_only
https://assets.scriptslug.com/live/pdf/scripts/national-lampoons-european-vacation-1985.pdf?v=1729114960,National Lampoons European Vacation,,,left_only,National Lampoons European Vacation,,,,,,,,left_only
https://assets.scriptslug.com/live/pdf/scripts/national-lampoons-vacation-1983.pdf?v=1729114960,National Lampoons Vacation,,,left_only,National Lampoons Vacation,,,,,,,,left_only
https://assets.scriptslug.com/live/pdf/scripts/national-treasure-2004.pdf?v=1729114960,National Treasure,,,left_only,National Treasure,,,,,,,,left_only
https://assets.scriptslug.com/live/pdf/scripts/natural-born-killer-1994.pdf?v=1729114960,Natural Born Killers,Natural Born Killers,https://imsdb.com//scripts//Natural-Born-Killers.html,both,Natural Born Killers,,,,Natural Born Killers,https://www.dailyscript.com/scripts/Natural_Born_Killers.PDF,pdf,Natural Born Killers,both
https://assets.scriptslug.com/live/pdf/scripts/near-dark-1987.pdf?v=1729114960,Near Dark,,,left_only,Near Dark,,,,Near Dark,https://www.dailyscript.com/scripts/NearDark.pdf,pdf,Near Dark,both
https://assets.scriptslug.com/live/pdf/scripts/nebraska-2013.pdf?v=1729114960,Nebraska,,,left_only,Nebraska,,,,,,,,left_only
https://assets.scriptslug.com/live/pdf/scripts/nell-2024.pdf?v=1741848457,Nell,,,left_only,Nell,,,,,,,,left_only
https://assets.scriptslug.com/live/pdf/scripts/network-1976.pdf?v=1729114961,Network,,,left_only,Network,,,,,,,,left_only
,,Never Been Kissed,https://imsdb.com//scripts//Never-Been-Kissed.html,right_only,Never Been Kissed,,,,Never Been Kissed,https://www.dailyscript.com/scripts/neverbeenkissed.html,html,Never Been Kissed,both
https://assets.scriptslug.com/live/pdf/scripts/never-look-away-2018.pdf?v=1729114961,Never Look Away,,,left_only,Never Look Away,,,,,,,,left_only
https://assets.scriptslug.com/live/pdf/scripts/never-rarely-sometimes-always-2020.pdf?v=1729114961,Never Rarely Sometimes Always,,,left_only,Never Rarely Sometimes Always,,,,,,,,left_only
https://assets.scriptslug.com/live/pdf/scripts/new-jack-city-1991.pdf?v=1729114961,New Jack City,,,left_only,New Jack City,,,,,,,,left_only
,,,,,,,,,New Nightmare,https://www.dailyscript.com/scripts/WesCravensNewNightmare.txt,txt,New Nightmare,right_only
,,New York Minute,https://imsdb.com//scripts//New-York-Minute.html,right_only,New York Minute,,,,New York Minute,https://www.dailyscript.com/scripts/new_york_minute.pdf,pdf,New York Minute,both
,,Newsies,https://imsdb.com//scripts//Newsies.html,right_only,Newsies,,,,Newsies,https://www.dailyscript.com/scripts/Newsies.PDF,pdf,Newsies,both
,,Next,https://imsdb.com//scripts//Next.html,right_only,Next,,,,Next,https://www.dailyscript.com/scripts/Next-GaryGoldman.pdf,pdf,Next,both
,,Next Friday,https://imsdb.com//scripts//Next-Friday.html,right_only,Next Friday,,,,Next Friday,https://www.dailyscript.com/scripts/Next_Friday.html,html,Next Friday,both
,,Ni Vu Ni Connu,https://imsdb.com//scripts//Ni-vu-ni-connu.html,right_only,Ni Vu Ni Connu,,,,,,,,left_only
https://assets.scriptslug.com/live/pdf/scripts/nick-and-norahs-infiinite-playlist-2008.pdf?v=1729114961,Nick And Norahs Infinite Playlist,,,left_only,Nick And Norahs Infinite Playlist,,,,,,,,left_only
,,Nick Of Time,https://imsdb.com//scripts//Nick-of-Time.html,right_only,Nick Of Time,,,,Nick of Time,https://www.dailyscript.com/scripts/nick_of_time.pdf,pdf,Nick Of Time,both
https://assets.scriptslug.com/live/pdf/scripts/nickel-boys-2024.pdf?v=1738464415,Nickel Boys,Nickel Boys,https://imsdb.com//scripts//Nickel-Boys.html,both,Nickel Boys,,,,,,,,left_only
https://assets.scriptslug.com/live/pdf/scripts/night-nurse-1931.pdf?v=1729114961,Night Nurse,,,left_only,Night Nurse,,,,,,,,left_only
https://assets.scriptslug.com/live/pdf/scripts/night-of-the-demons-1988.pdf?v=1729114961,Night Of The Demons,,,left_only,Night Of The Demons,,,,,,,,left_only
https://assets.scriptslug.com/live/pdf/scripts/night-of-the-living-dead-1968.pdf?v=1729114962,Night Of The Living Dead,,,left_only,Night Of The Living Dead,,,,,,,,left_only
,,Night Time (the Poltergeist Treatment),https://imsdb.com//scripts//Night-Time-(The-Poltergeist-Treatment).html,right_only,Night Time (the Poltergeist Treatment),,,,,,,,left_only
https://assets.scriptslug.com/live/pdf/scripts/nightbitch-2024.pdf?v=1738547724,Nightbitch,,,left_only,Nightbitch,,,,,,,,left_only
,,Nightbreed,https://imsdb.com//scripts//Nightbreed.html,right_only,Nightbreed,,,,,,,,left_only
https://assets.scriptslug.com/live/pdf/scripts/nightcrawler-2014.pdf?v=1729114962,Nightcrawler,,,left_only,Nightcrawler,,,,Nightcrawler,https://www.dailyscript.com/scripts/NIGHTCRAWLER-Dan-Gilroy.pdf,pdf,Nightcrawler,both
https://assets.scriptslug.com/live/pdf/scripts/nightmare-alley-2021.pdf?v=1729114962,Nightmare Alley,,,left_only,Nightmare Alley,,,,,,,,left_only
,,,,,,,,,Nightmare on Elm Street 4: Dream Master,https://www.dailyscript.com/scripts/A-Nightmare-on-Elm-Street-4.txt,txt,Nightmare On Elm Street 4 Dream Master,right_only
,,,,,,,,,Nightmare on Elm Street 5: Dream Child,https://www.dailyscript.com/scripts/A-Nightmare-on-Elm-Street-5.txt,txt,Nightmare On Elm Street 5 Dream Child,right_only
,,,,,,,,,Nightmare on Elm Street 6: Freddy's Dead: The Final Nightmare,https://www.dailyscript.com/scripts/nightmare_on_elm_street_6.html,html,Nightmare On Elm Street 6 Freddys Dead The Final Nightmare,right_only
,,,,,,,,,Nightmare on Elm Street 7: Wes Craven's New Nightmare,https://www.dailyscript.com/scripts/WesCravensNewNightmare.txt,txt,Nightmare On Elm Street 7 Wes Cravens New Nightmare,right_only
,,Nightmare On Elm Street A,"https://imsdb.com//scripts//Nightmare-on-Elm-Street,-A.html",right_only,Nightmare On Elm Street A,,,,"Nightmare On Elm Street, A","https://www.dailyscript.com/scripts/Nightmare+On+Elm+Street,+A.txt",txt,Nightmare On Elm Street A,both
,,Nightmare On Elm Street The Final Chapter,https://imsdb.com//scripts//Nightmare-on-Elm-Street-The-Final-Chapter.html,right_only,Nightmare On Elm Street The Final Chapter,,,,,,,,left_only
,,Nine,https://imsdb.com//scripts//Nine.html,right_only,Nine,,,,,,,,left_only
https://assets.scriptslug.com/live/pdf/scripts/nine-days-2020.pdf?v=1729114962,Nine Days,,,left_only,Nine Days,,,,,,,,left_only
https://assets.scriptslug.com/live/pdf/scripts/ninja-assassin-2009.pdf?v=1729114962,Ninja Assassin,Ninja Assassin,https://imsdb.com//scripts//Ninja-Assassin.html,both,Ninja Assassin,,,,,,,,left_only
,,Ninotchka,https://imsdb.com//scripts//Ninotchka.html,right_only,Ninotchka,,,,Ninotchka,https://www.dailyscript.com/scripts/Ninotchka.txt,txt,Ninotchka,both
https://assets.scriptslug.com/live/pdf/scripts/nixon-1995.pdf?v=1729114962,Nixon,,,left_only,Nixon,,,,Nixon,https://www.dailyscript.com/scripts/Nixon.txt,txt,Nixon,both
https://assets.scriptslug.com/live/pdf/scripts/no-country-for-old-men-2007.pdf?v=1729114962,No Country For Old Men,No Country For Old Men,https://imsdb.com//scripts//No-Country-for-Old-Men.html,both,No Country For Old Men,,,,,,,,left_only
,,,,,,,,,No Country For Old Men (Shooting),https://www.dailyscript.com/scripts/No%20Country%20For%20Old%20Men%20(Shooting).txt,txt,No Country For Old Men (shooting),right_only
https://assets.scriptslug.com/live/pdf/scripts/no-hard-feelings-2023.pdf?v=1729114963,No Hard Feelings,No Hard Feelings,https://imsdb.com//scripts//No-Hard-Feelings.html,both,No Hard Feelings,,,,,,,,left_only
https://assets.scriptslug.com/live/pdf/scripts/no-one-will-save-you-2023.pdf?v=1729114963,No One Will Save You,No One Will Save You,https://imsdb.com//scripts//No-One-Will-Save-You.html,both,No One Will Save You,,,,,,,,left_only
,,No Strings Attached,https://imsdb.com//scripts//No-Strings-Attached.html,right_only,No Strings Attached,,,,,,,,left_only
https://assets.scriptslug.com/live/pdf/scripts/no-time-to-die-2021.pdf?v=1729114963,No Time To Die,,,left_only,No Time To Die,,,,,,,,left_only
,,,,,,,,,Noah,https://www.dailyscript.com/scripts/Noah.pdf,pdf,Noah,right_only
https://assets.scriptslug.com/live/pdf/scripts/nocturnal-animals-2016.pdf?v=1729114963,Nocturnal Animals,,,left_only,Nocturnal Animals,,,,,,,,left_only
https://assets.scriptslug.com/live/pdf/scripts/nomadland-2020.pdf?v=1729114963,Nomadland,,,left_only,Nomadland,,,,,,,,left_only
https://assets.scriptslug.com/live/pdf/scripts/nope-2022.pdf?v=1729114963,Nope,,,left_only,Nope,,,,,,,,left_only
https://assets.scriptslug.com/live/pdf/scripts/norma-rae-1979.pdf?v=1729114963,Norma Rae,,,left_only,Norma Rae,,,,,,,,left_only
,,,,,,,,,Normal Adolescent Behavior,https://www.dailyscript.com/scripts/NAB-SHOOTING.pdf,pdf,Normal Adolescent Behavior,right_only
https://assets.scriptslug.com/live/pdf/scripts/north-by-northwest-1959.pdf?v=1729114963,North By Northwest,,,left_only,North By Northwest,,,,North By Northwest,https://www.dailyscript.com/scripts/NorthByNorthwest.pdf,pdf,North By Northwest,both
https://assets.scriptslug.com/live/pdf/scripts/nosferatu-2025.pdf?v=1739901972,Nosferatu,,,left_only,Nosferatu,,,,,,,,left_only
https://assets.scriptslug.com/live/pdf/scripts/not-easily-broken-2009.pdf?v=1729114963,Not Easily Broken,,,left_only,Not Easily Broken,,,,,,,,left_only
https://assets.scriptslug.com/live/pdf/scripts/notorious-2009.pdf?v=1729114964,Notorious,,,left_only,Notorious,,,,,,,,left_only
https://assets.scriptslug.com/live/pdf/scripts/notting-hill-1999.pdf?v=1729114964,Notting Hill,Notting Hill,https://imsdb.com//scripts//Notting-Hill.html,both,Notting Hill,,,,,,,,left_only
https://assets.scriptslug.com/live/pdf/scripts/now-you-see-me-2013.pdf?v=1729114964,Now You See Me,,,left_only,Now You See Me,,,,,,,,left_only
https://assets.scriptslug.com/live/pdf/scripts/nowhere-boy-2009.pdf?v=1729114964,Nowhere Boy,,,left_only,Nowhere Boy,,,,,,,,left_only
,,Nurse Betty,https://imsdb.com//scripts//Nurse-Betty.html,right_only,Nurse Betty,,,,Nurse Betty,https://www.dailyscript.com/scripts/nursebetty.html,html,Nurse Betty,both
,,O Brother Where Art Thou,https://imsdb.com//scripts//O-Brother-Where-Art-Thou?.html,right_only,O Brother Where Art Thou,O Brother Where Art Thou?,"Webstatus : 404
",O Brother Where Art Thou,"O Brother, Where Art Thou?",https://www.dailyscript.com/scripts/O%20Brother%20Where%20Art%20Thou.txt,txt,O Brother Where Art Thou,both
,,Oblivion,https://imsdb.com//scripts//Oblivion.html,right_only,Oblivion,,,,,,,,left_only
,,Observe And Report,https://imsdb.com//scripts//Observe-and-Report.html,right_only,Observe And Report,,,,,,,,left_only
,,Obsessed,https://imsdb.com//scripts//Obsessed.html,right_only,Obsessed,,,,,,,,left_only
https://assets.scriptslug.com/live/pdf/scripts/oceans-8-2018.pdf?v=1729114964,Oceans 8,,,left_only,Oceans 8,,,,,,,,left_only
https://assets.scriptslug.com/live/pdf/scripts/oceans-eleven-2001.pdf?v=1729114964,Oceans Eleven,Oceans Eleven,https://imsdb.com//scripts//Ocean's-Eleven.html,both,Oceans Eleven,,,,Ocean's Eleven,https://www.dailyscript.com/scripts/oceans_11.pdf,pdf,Oceans Eleven,both
https://assets.scriptslug.com/live/pdf/scripts/oceans-twelve-2004.pdf?v=1729114964,Oceans Twelve,Oceans Twelve,https://imsdb.com//scripts//Ocean's-Twelve.html,both,Oceans Twelve,,,,Ocean's Twelve,https://www.dailyscript.com/scripts/oceans-12_roughdraft1.pdf,pdf,Oceans Twelve,both
https://assets.scriptslug.com/live/pdf/scripts/octupussy-1983.pdf?v=1729114964,Octopussy,,,left_only,Octopussy,,,,,,,,left_only
https://assets.scriptslug.com/live/pdf/scripts/oculus-2013.pdf?v=1729114964,Oculus,,,left_only,Oculus,,,,,,,,left_only
https://assets.scriptslug.com/live/pdf/scripts/office-space-1999.pdf?v=1729114964,Office Space,Office Space,https://imsdb.com//scripts//Office-Space.html,both,Office Space,,,,Office Space,https://www.dailyscript.com/scripts/office-early-reduced.pdf,pdf,Office Space,both
,,Officer And A Gentleman An,"https://imsdb.com//scripts//Officer-and-a-Gentleman,-An.html",right_only,Officer And A Gentleman An,"Officer and a Gentleman, An",HTML len = 0 : no content scrapped,Officer And A Gentleman An,"Officer And A Gentleman, An","https://www.dailyscript.com/scripts/Officer+And+A+Gentleman,+An.txt",txt,Officer And A Gentleman An,both
https://assets.scriptslug.com/live/pdf/scripts/okja-2017.pdf?v=1729114965,Okja,,,left_only,Okja,,,,Okja,https://www.dailyscript.com/scripts/OKJA.pdf,pdf,Okja,both
https://assets.scriptslug.com/live/pdf/scripts/olympus-has-fallen-2013.pdf?v=1729114965,Olympus Has Fallen,,,left_only,Olympus Has Fallen,,,,,,,,left_only
,,Omega Man,https://imsdb.com//scripts//Omega-Man.html,right_only,Omega Man,,,,Omega Man,https://www.dailyscript.com/scripts/i_am_legend_6_26_70.html,html,Omega Man,both
https://assets.scriptslug.com/live/pdf/scripts/on-the-basis-of-sex-2018.pdf?v=1729114965,On The Basis Of Sex,,,left_only,On The Basis Of Sex,,,,,,,,left_only
,,,,,,,,,On The Waterfront,https://www.dailyscript.com/scripts/onthewaterfront.html,html,On The Waterfront,right_only
https://assets.scriptslug.com/live/pdf/scripts/once-upon-a-time-in-america-1984.pdf?v=1729114965,Once Upon A Time In America,,,left_only,Once Upon A Time In America,,,,Once Upon A Time In America,https://www.dailyscript.com/scripts/Once_Upon_A_Time_In_America.pdf,pdf,Once Upon A Time In America,both
https://assets.scriptslug.com/live/pdf/scripts/once-upon-a-time-in-mexico-2003.pdf?v=1729114965,Once Upon A Time In Mexico,,,left_only,Once Upon A Time In Mexico,,,,,,,,left_only
https://assets.scriptslug.com/live/pdf/scripts/one-eighty-seven-1999.pdf?v=1729114965,One Eight Seven,,,left_only,One Eight Seven,,,,One Eight Seven,https://www.dailyscript.com/scripts/187.pdf,pdf,One Eight Seven,both
https://assets.scriptslug.com/live/pdf/scripts/one-flew-over-the-cuckoos-nest-1975.pdf?v=1729114965,One Flew Over The Cuckoos Nest,One Flew Over The Cuckoos Nest,https://imsdb.com//scripts//One-Flew-Over-the-Cuckoo's-Nest.html,both,One Flew Over The Cuckoos Nest,,,,One Flew Over The Cuckoo's Nest,https://www.dailyscript.com/scripts/One%20Flew%20Over%20The%20Cuckoo's%20Nest.txt,txt,One Flew Over The Cuckoos Nest,both
https://assets.scriptslug.com/live/pdf/scripts/one-night-in-miami-2020.pdf?v=1729114965,One Night In Miami,,,left_only,One Night In Miami,,,,,,,,left_only
,,,,,,,,,One Saliva Bubble,https://www.dailyscript.com/scripts/One+Saliva+Bubble+(Unproduced).txt,txt,One Saliva Bubble,right_only
,,,,,,,,,Only Angels Have Wings,https://www.dailyscript.com/scripts/only_angels_have_wings.pdf,pdf,Only Angels Have Wings,right_only
,,Only God Forgives,https://imsdb.com//scripts//Only-God-Forgives.html,right_only,Only God Forgives,,,,,,,,left_only
https://assets.scriptslug.com/live/pdf/scripts/only-lovers-left-alive-2013.pdf?v=1729114965,Only Lovers Left Alive,,,left_only,Only Lovers Left Alive,,,,,,,,left_only
https://assets.scriptslug.com/live/pdf/scripts/only-the-brave-2017.pdf?v=1729114966,Only The Brave,,,left_only,Only The Brave,,,,,,,,left_only
,,Onward,https://imsdb.com//scripts//Onward.html,right_only,Onward,,,,,,,,left_only
https://assets.scriptslug.com/live/pdf/scripts/oppenheimer-2023.pdf?v=1729114966,Oppenheimer,Oppenheimer,https://imsdb.com//scripts//Oppenheimer.html,both,Oppenheimer,,,,,,,,left_only
https://assets.scriptslug.com/live/pdf/scripts/ordinary-people-1980.pdf?v=1729114966,Ordinary People,Ordinary People,https://imsdb.com//scripts//Ordinary-People.html,both,Ordinary People,,,,Ordinary People,https://www.dailyscript.com/scripts/Ordinary_People.pdf,pdf,Ordinary People,both
,,Orgy Of The Dead,https://imsdb.com//scripts//Orgy-of-the-Dead.html,right_only,Orgy Of The Dead,,,,Orgy of the Dead,https://www.dailyscript.com/scripts/orgyofthedead.html,html,Orgy Of The Dead,both
https://assets.scriptslug.com/live/pdf/scripts/origin-2023.pdf?v=1729114966,Origin,Origin,https://imsdb.com//scripts//Origin.html,both,Origin,,,,,,,,left_only
https://assets.scriptslug.com/live/pdf/scripts/orphan-2008.pdf?v=1729114966,Orphan,Orphan,https://imsdb.com//scripts//Orphan.html,both,Orphan,,,,,,,,left_only
https://assets.scriptslug.com/live/pdf/scripts/ouija-2014.pdf?v=1729114966,Ouija,,,left_only,Ouija,,,,,,,,left_only
https://assets.scriptslug.com/live/pdf/scripts/out-of-africa-1985.pdf?v=1729114966,Out Of Africa,,,left_only,Out Of Africa,,,,Out of Africa,https://www.dailyscript.com/scripts/Out_of_Africa_by_Kurt_Luedtke.pdf,pdf,Out Of Africa,both
,,Out Of Sight,https://imsdb.com//scripts//Out-of-Sight.html,right_only,Out Of Sight,,,,Out of Sight,https://www.dailyscript.com/scripts/Out%20Of%20Sight.txt,txt,Out Of Sight,both
,,,,,,,,,Out Of Time,https://www.dailyscript.com/scripts/Out-Of-Time.pdf,pdf,Out Of Time,right_only
,,Outbreak,https://imsdb.com//scripts//Outbreak.html,right_only,Outbreak,Outbreak,"Webstatus : 404
",Outbreak,Outbreak,https://www.dailyscript.com/scripts/Outbreak.pdf,pdf,Outbreak,both
https://assets.scriptslug.com/live/pdf/scripts/outlaw-king-2018.pdf?v=1729114966,Outlaw King,,,left_only,Outlaw King,,,,,,,,left_only
https://assets.scriptslug.com/live/pdf/scripts/over-the-moon-2020.pdf?v=1729114966,Over The Moon,,,left_only,Over The Moon,,,,,,,,left_only
https://assets.scriptslug.com/live/pdf/scripts/overboard-1987.pdf?v=1729114967,Overboard,,,left_only,Overboard,,,,,,,,left_only
https://assets.scriptslug.com/live/pdf/scripts/overboard-2018.pdf?v=1729114967,Overboard,,,left_only,Overboard,,,,,,,,left_only
https://assets.scriptslug.com/live/pdf/scripts/overlord-2018.pdf?v=1729114967,Overlord,,,left_only,Overlord,,,,,,,,left_only
https://assets.scriptslug.com/live/pdf/scripts/pacific-rim-2013.pdf?v=1729114967,Pacific Rim,,,left_only,Pacific Rim,,,,Pacific Rim,https://www.dailyscript.com/scripts/Pacific%20Rim%20[undated]%20[Digital].pdf,pdf,Pacific Rim,both
https://assets.scriptslug.com/live/pdf/scripts/paddington-2-2018.pdf?v=1729114967,Paddington 2,,,left_only,Paddington 2,,,,,,,,left_only
https://assets.scriptslug.com/live/pdf/scripts/pain-and-glory-2019.pdf?v=1729114967,Pain And Glory,,,left_only,Pain And Glory,,,,,,,,left_only
https://assets.scriptslug.com/live/pdf/scripts/palm-springs-2020.pdf?v=1729114967,Palm Springs,,,left_only,Palm Springs,,,,,,,,left_only
,,Pandorum,https://imsdb.com//scripts//Pandorum.html,right_only,Pandorum,,,,,,,,left_only
https://assets.scriptslug.com/live/pdf/scripts/panic-room-2002.pdf?v=1729114967,Panic Room,Panic Room,https://imsdb.com//scripts//Panic-Room.html,both,Panic Room,,,,Panic Room,https://www.dailyscript.com/scripts/Panic_Room_Koepp.html,html,Panic Room,both
https://assets.scriptslug.com/live/pdf/scripts/pans-labyrinth-2006.pdf?v=1729114967,Pans Labyrinth,,,left_only,Pans Labyrinth,,,,Pan's Labyrinth,https://www.dailyscript.com/scripts/PansLabyrinthEnglishScreenplay.pdf,pdf,Pans Labyrinth,both
,,,,,,,,,Panther,https://www.dailyscript.com/scripts/Panther.txt,txt,Panther,right_only
,,Papadopoulos & Sons,https://imsdb.com//scripts//Papadopoulos-&-Sons.html,right_only,Papadopoulos & Sons,Papadopoulos & Sons,HTML len = 0 : no content scrapped,Papadopoulos & Sons,,,,,left_only
https://assets.scriptslug.com/live/pdf/scripts/paper-moon-1973.pdf?v=1729114968,Paper Moon,,,left_only,Paper Moon,,,,Paper Moon,https://www.dailyscript.com/scripts/papermoon.pdf,pdf,Paper Moon,both
https://assets.scriptslug.com/live/pdf/scripts/papillon-2017.pdf?v=1729114968,Papillon,,,left_only,Papillon,,,,,,,,left_only
https://assets.scriptslug.com/live/pdf/scripts/paradise-2013.pdf?v=1729114968,Paradise,,,left_only,Paradise,,,,,,,,left_only
https://assets.scriptslug.com/live/pdf/scripts/parallel-mothers-2021.pdf?v=1729114968,Parallel Mothers,,,left_only,Parallel Mothers,,,,,,,,left_only
https://assets.scriptslug.com/live/pdf/scripts/paranorman-2012.pdf?v=1729114968,Paranorman,Paranorman,https://imsdb.com//scripts//ParaNorman.html,both,Paranorman,,,,,,,,left_only
https://assets.scriptslug.com/live/pdf/scripts/parasite-2019.pdf?v=1729114968,Parasite,,,left_only,Parasite,,,,,,,,left_only
https://assets.scriptslug.com/live/pdf/scripts/pariah-2011.pdf?v=1729114968,Pariah,Pariah,https://imsdb.com//scripts//Pariah.html,both,Pariah,,,,,,,,left_only
https://assets.scriptslug.com/live/pdf/scripts/passengers-2011.pdf?v=1729114969,Passengers,Passengers,https://imsdb.com//scripts//Passengers.html,both,Passengers,,,,,,,,left_only
https://assets.scriptslug.com/live/pdf/scripts/passing-2021.pdf?v=1729114969,Passing,,,left_only,Passing,,,,,,,,left_only
https://assets.scriptslug.com/live/pdf/scripts/past-lives-2023.pdf?v=1729114969,Past Lives,,,left_only,Past Lives,,,,,,,,left_only
,,Paul,https://imsdb.com//scripts//Paul.html,right_only,Paul,,,,,,,,left_only
https://assets.scriptslug.com/live/pdf/scripts/pawn-sacrifice-2014.pdf?v=1729114970,Pawn Sacrifice,,,left_only,Pawn Sacrifice,,,,,,,,left_only
,,Pearl Harbor,https://imsdb.com//scripts//Pearl-Harbor.html,right_only,Pearl Harbor,,,,Pearl Harbor,https://www.dailyscript.com/scripts/pearl_harbor_early.html,html,Pearl Harbor,both
,,Peeping Tom,https://imsdb.com//scripts//Peeping-Tom.html,right_only,Peeping Tom,,,,Peeping Tom,https://www.dailyscript.com/scripts/Peeping%20Tom.txt,txt,Peeping Tom,both
https://assets.scriptslug.com/live/pdf/scripts/peggy-sue-got-married-1986.pdf?v=1729114970,Peggy Sue Got Married,Peggy Sue Got Married,https://imsdb.com//scripts//Peggy-Sue-Got-Married.html,both,Peggy Sue Got Married,,,,Peggy Sue Got Married,https://www.dailyscript.com/scripts/peggysue.html,html,Peggy Sue Got Married,both
,,Perfect Creature,https://imsdb.com//scripts//Perfect-Creature.html,right_only,Perfect Creature,,,,,,,,left_only
,,Perfect World A,"https://imsdb.com//scripts//Perfect-World,-A.html",right_only,Perfect World A,,,,,,,,left_only
https://assets.scriptslug.com/live/pdf/scripts/personal-best-1982.pdf?v=1729114970,Personal Best,,,left_only,Personal Best,,,,,,,,left_only
https://assets.scriptslug.com/live/pdf/scripts/pet-sematary-2019.pdf?v=1729114970,Pet Sematary,Pet Sematary,https://imsdb.com//scripts//Pet-Sematary.html,both,Pet Sematary,,,,Pet Sematary,https://www.dailyscript.com/scripts/Pet-Sematary.html,html,Pet Sematary,both
,,Pet Sematary 2,https://imsdb.com//scripts//Pet-Sematary-II.html,right_only,Pet Sematary 2,,,,Pet Sematary II,https://www.dailyscript.com/scripts/petsemetaryii.html,html,Pet Sematary 2,both
,,Petulia,https://imsdb.com//scripts//Petulia.html,right_only,Petulia,,,,,,,,left_only
https://assets.scriptslug.com/live/pdf/scripts/phantom-of-the-opera-2004.pdf?v=1729114970,Phantom Of The Opera,,,left_only,Phantom Of The Opera,,,,,,,,left_only
https://assets.scriptslug.com/live/pdf/scripts/phantom-thread-2017.pdf?v=1729114970,Phantom Thread,,,left_only,Phantom Thread,,,,,,,,left_only
https://assets.scriptslug.com/live/pdf/scripts/philadelphia-1993.pdf?v=1729114970,Philadelphia,Philadelphia,https://imsdb.com//scripts//Philadelphia.html,both,Philadelphia,,,,Philadelphia,https://www.dailyscript.com/scripts/philadelphia.html,html,Philadelphia,both
,,Phone Booth,https://imsdb.com//scripts//Phone-Booth.html,right_only,Phone Booth,,,,Phone Booth,https://www.dailyscript.com/scripts/Phone%20Booth.txt,txt,Phone Booth,both
,,Pi,https://imsdb.com//scripts//Pi.html,right_only,Pi,,,,PI,https://www.dailyscript.com/scripts/pi.html,html,Pi,both
https://assets.scriptslug.com/live/pdf/scripts/picnic-at-hanging-rock-1975.pdf?v=1729114970,Picnic At Hanging Rock,,,left_only,Picnic At Hanging Rock,,,,,,,,left_only
https://assets.scriptslug.com/live/pdf/scripts/pineapple-express-2008.pdf?v=1729114970,Pineapple Express,Pineapple Express,https://imsdb.com//scripts//Pineapple-Express.html,both,Pineapple Express,,,,,,,,left_only
,,Pirates Of The Caribbean,https://imsdb.com//scripts//Pirates-of-the-Caribbean.html,right_only,Pirates Of The Caribbean,,,,Pirates of the Caribbean,https://www.dailyscript.com/scripts/Pirates%20Of%20The%20Caribbean.txt,txt,Pirates Of The Caribbean,both
https://assets.scriptslug.com/live/pdf/scripts/pirates-of-the-caribbean-at-worlds-end-2007.pdf?v=1729114971,Pirates Of The Caribbean At Worlds End,,,left_only,Pirates Of The Caribbean At Worlds End,,,,,,,,left_only
https://assets.scriptslug.com/live/pdf/scripts/pirates-of-the-caribbean-dead-mans-chest-2006.pdf?v=1729114971,Pirates Of The Caribbean Dead Mans Chest,Pirates Of The Caribbean Dead Mans Chest,https://imsdb.com//scripts//Pirates-of-the-Caribbean-Dead-Man's-Chest.html,both,Pirates Of The Caribbean Dead Mans Chest,,,,,,,,left_only
https://assets.scriptslug.com/live/pdf/scripts/pirates-of-the-caribbean-dead-men-tell-no-tales-2017.pdf?v=1729114971,Pirates Of The Caribbean Dead Men Tell No Tales,,,left_only,Pirates Of The Caribbean Dead Men Tell No Tales,,,,,,,,left_only
https://assets.scriptslug.com/live/pdf/scripts/pirates-of-the-caribbean-on-stranger-tides-2011.pdf?v=1729114971,Pirates Of The Caribbean On Stranger Tides,,,left_only,Pirates Of The Caribbean On Stranger Tides,,,,,,,,left_only
https://assets.scriptslug.com/live/pdf/scripts/pirates-of-the-caribbean-the-curse-of-the-black-pearl-2003.pdf?v=1729114971,Pirates Of The Caribbean The Curse Of The Black Pearl,,,left_only,Pirates Of The Caribbean The Curse Of The Black Pearl,,,,,,,,left_only
,,Pitch Black,https://imsdb.com//scripts//Pitch-Black.html,right_only,Pitch Black,,,,Pitch Black,https://www.dailyscript.com/scripts/pitch-black_shooting.html,html,Pitch Black,both
https://assets.scriptslug.com/live/pdf/scripts/pitch-perfect-2012.pdf?v=1729114971,Pitch Perfect,,,left_only,Pitch Perfect,,,,,,,,left_only
https://assets.scriptslug.com/live/pdf/scripts/pitch-perfect-2-2015.pdf?v=1729114971,Pitch Perfect 2,,,left_only,Pitch Perfect 2,,,,,,,,left_only
https://assets.scriptslug.com/live/pdf/scripts/pixels-2015.pdf?v=1729114971,Pixels,,,left_only,Pixels,,,,,,,,left_only
https://assets.scriptslug.com/live/pdf/scripts/planes-trains-and-automobiles-1987.pdf?v=1729114971,Planes Trains & Automobiles,,,left_only,Planes Trains & Automobiles,,,,,,,,left_only
https://assets.scriptslug.com/live/pdf/scripts/planet-of-the-apes-1968.pdf?v=1729114972,Planet Of The Apes,,,left_only,Planet Of The Apes,,,,Planet of the Apes,https://www.dailyscript.com/scripts/POTA_67.html,html,Planet Of The Apes,both
,,,,,,,,,"Planet of the Apes, 2001",https://www.dailyscript.com/scripts/POA_new.html,html,Planet Of The Apes 2001,right_only
,,Platinum Blonde,https://imsdb.com//scripts//Platinum-Blonde.html,right_only,Platinum Blonde,,,,Platinum Blonde,https://www.dailyscript.com/scripts/Platinum_Blonde.html,html,Platinum Blonde,both
,,Platoon,https://imsdb.com//scripts//Platoon.html,right_only,Platoon,,,,Platoon,https://www.dailyscript.com/scripts/platoon.html,html,Platoon,both
,,,,,,,,,Playback,https://www.dailyscript.com/scripts/playback.html,html,Playback,right_only
,,Pleasantville,https://imsdb.com//scripts//Pleasantville.html,right_only,Pleasantville,,,,Pleasantville,https://www.dailyscript.com/scripts/Pleasantville.htm,htm,Pleasantville,both
https://assets.scriptslug.com/live/pdf/scripts/please-give-2010.pdf?v=1729114972,Please Give,,,left_only,Please Give,,,,,,,,left_only
https://assets.scriptslug.com/live/pdf/scripts/poetic-justice-1993.pdf?v=1729114972,Poetic Justice,,,left_only,Poetic Justice,,,,,,,,left_only
,,Point Break,https://imsdb.com//scripts//Point-Break.html,right_only,Point Break,,,,,,,,left_only
,,Pokemon Mewtwo Returns,https://imsdb.com//scripts//Pokemon-Mewtwo-Returns.html,right_only,Pokemon Mewtwo Returns,,,,,,,,left_only
https://assets.scriptslug.com/live/pdf/scripts/police-academy-1984.pdf?v=1729114972,Police Academy,,,left_only,Police Academy,,,,,,,,left_only
https://assets.scriptslug.com/live/pdf/scripts/police-academy-2-the-first-assignment-1985.pdf?v=1729114972,Police Academy 2 Their First Assignment,,,left_only,Police Academy 2 Their First Assignment,,,,,,,,left_only
https://assets.scriptslug.com/live/pdf/scripts/police-academy-3-back-in-training-1986.pdf?v=1729114972,Police Academy 3 Back In Training,,,left_only,Police Academy 3 Back In Training,,,,,,,,left_only
https://assets.scriptslug.com/live/pdf/scripts/poltergeist-1982.pdf?v=1729114972,Poltergeist,,,left_only,Poltergeist,,,,Poltergeist,https://www.dailyscript.com/scripts/Poltergeist.pdf,pdf,Poltergeist,both
https://assets.scriptslug.com/live/pdf/scripts/poor-things-2023.pdf?v=1729114972,Poor Things,Poor Things,https://imsdb.com//scripts//Poor-Things.html,both,Poor Things,,,,,,,,left_only
,,,,,,,,,Popeye,https://www.dailyscript.com/scripts/Popeye.pdf,pdf,Popeye,right_only
https://assets.scriptslug.com/live/pdf/scripts/popstar-never-stop-stopping-2016.pdf?v=1729114972,Popstar Never Stop Never Stopping,,,left_only,Popstar Never Stop Never Stopping,,,,,,,,left_only
https://assets.scriptslug.com/live/pdf/scripts/porkys-1981.pdf?v=1729114973,Porkys,,,left_only,Porkys,,,,,,,,left_only
https://assets.scriptslug.com/live/pdf/scripts/porkys-revenge-1985.pdf?v=1729114973,Porkys Revenge,,,left_only,Porkys Revenge,,,,,,,,left_only
,,,,,,,,,Portrait of Jennie,https://www.dailyscript.com/scripts/Portrait%20Of%20Jennie%20(1948).txt,txt,Portrait Of Jennie,right_only
,,,,,,,,,Possession,https://www.dailyscript.com/scripts/Possession1.pdf,pdf,Possession,right_only
https://assets.scriptslug.com/live/pdf/scripts/postcards-from-the-edge-1990.pdf?v=1729114973,Postcards From The Edge,,,left_only,Postcards From The Edge,,,,,,,,left_only
,,,,,,,,,Pray For Dawn,https://www.dailyscript.com/scripts/Pray%20For%20Dawn-1.pdf,pdf,Pray For Dawn,right_only
https://assets.scriptslug.com/live/pdf/scripts/precious-2009.pdf?v=1729114973,Precious,Precious,https://imsdb.com//scripts//Precious.html,both,Precious,,,,,,,,left_only
https://assets.scriptslug.com/live/pdf/scripts/predator-1987.pdf?v=1729114973,Predator,Predator,https://imsdb.com//scripts//Predator.html,both,Predator,,,,Predator,https://www.dailyscript.com/scripts/hunter.html,html,Predator,both
https://assets.scriptslug.com/live/pdf/scripts/predator-2-1990.pdf?v=1729114973,Predator 2,,,left_only,Predator 2,,,,,,,,left_only
https://assets.scriptslug.com/live/pdf/scripts/predators-2010.pdf?v=1729114973,Predators,,,left_only,Predators,,,,,,,,left_only
https://assets.scriptslug.com/live/pdf/scripts/pretty-woman-1990.pdf?v=1729114973,Pretty Woman,Pretty Woman,https://imsdb.com//scripts//Pretty-Woman.html,both,Pretty Woman,,,,Pretty Woman,https://www.dailyscript.com/scripts/Pretty_Woman_Disney.pdf,pdf,Pretty Woman,both
,,Pretty Woman (final Script),https://imsdb.com//scripts//Pretty-Woman-(final-script).html,right_only,Pretty Woman (final Script),,,,,,,,left_only
https://assets.scriptslug.com/live/pdf/scripts/prey-2022.pdf?v=1729114974,Prey,,,left_only,Prey,,,,,,,,left_only
,,Pride And Prejudice,https://imsdb.com//scripts//Pride-and-Prejudice.html,right_only,Pride And Prejudice,,,,,,,,left_only
,,Priest,https://imsdb.com//scripts//Priest.html,right_only,Priest,,,,,,,,left_only
https://assets.scriptslug.com/live/pdf/scripts/primary-colors-1994.pdf?v=1729114974,Primary Colors,,,left_only,Primary Colors,,,,,,,,left_only
https://assets.scriptslug.com/live/pdf/scripts/prince-of-darkness-1987.pdf?v=1729114974,Prince Of Darkness,,,left_only,Prince Of Darkness,,,,,,,,left_only
https://assets.scriptslug.com/live/pdf/scripts/priscilla-2023.pdf?v=1729114974,Priscilla,Priscilla,https://imsdb.com//scripts//Priscilla.html,both,Priscilla,,,,,,,,left_only
https://assets.scriptslug.com/live/pdf/scripts/prisoners-2013.pdf?v=1729114974,Prisoners,,,left_only,Prisoners,,,,Prisoners,https://www.dailyscript.com/scripts/Prisoners.pdf,pdf,Prisoners,both
https://assets.scriptslug.com/live/pdf/scripts/private-life-2018.pdf?v=1729114974,Private Life,,,left_only,Private Life,,,,,,,,left_only
,,Prom Night,https://imsdb.com//scripts//Prom-Night.html,right_only,Prom Night,,,,,,,,left_only
https://assets.scriptslug.com/live/pdf/scripts/prometheus-2012.pdf?v=1729114974,Prometheus,Prometheus,https://imsdb.com//scripts//Prometheus.html,both,Prometheus,,,,,,,,left_only
https://assets.scriptslug.com/live/pdf/scripts/promising-young-woman-2020.pdf?v=1729114974,Promising Young Woman,,,left_only,Promising Young Woman,,,,,,,,left_only
https://assets.scriptslug.com/live/pdf/scripts/proof-of-life-2000.pdf?v=1729114975,Proof Of Life,,,left_only,Proof Of Life,,,,,,,,left_only
https://assets.scriptslug.com/live/pdf/scripts/prophetess-2021.pdf?v=1729114975,Prophetess,,,left_only,Prophetess,,,,,,,,left_only
https://assets.scriptslug.com/live/pdf/scripts/psycho-1960.pdf?v=1729114975,Psycho,Psycho,https://imsdb.com//scripts//Psycho.html,both,Psycho,,,,Psycho,https://www.dailyscript.com/scripts/Psycho.txt,txt,Psycho,both
,,Public Enemies,https://imsdb.com//scripts//Public-Enemies.html,right_only,Public Enemies,,,,,,,,left_only
https://assets.scriptslug.com/live/pdf/scripts/pulp-fiction-1994.pdf?v=1729114975,Pulp Fiction,Pulp Fiction,https://imsdb.com//scripts//Pulp-Fiction.html,both,Pulp Fiction,,,,Pulp Fiction,https://www.dailyscript.com/scripts/pulp_fiction.html,html,Pulp Fiction,both
https://assets.scriptslug.com/live/pdf/scripts/punch-drunk-love-2002.pdf?v=1729114975,Punch Drunk Love,Punch Drunk Love,https://imsdb.com//scripts//Punch-Drunk-Love.html,both,Punch Drunk Love,,,,Punch Drunk Love,https://www.dailyscript.com/scripts/Punch-Drunk_Love.html,html,Punch Drunk Love,both
https://assets.scriptslug.com/live/pdf/scripts/purple-rain-1984.pdf?v=1729114975,Purple Rain,Purple Rain,https://imsdb.com//scripts//Purple-Rain.html,both,Purple Rain,,,,,,,,left_only
,,Puss In Boots The Last Wish,https://imsdb.com//scripts//Puss-in-Boots-The-Last-Wish.html,right_only,Puss In Boots The Last Wish,,,,,,,,left_only
https://assets.scriptslug.com/live/pdf/scripts/puzzle-2018.pdf?v=1729114975,Puzzle,,,left_only,Puzzle,,,,,,,,left_only
,,Quantum Project,https://imsdb.com//scripts//Quantum-Project.html,right_only,Quantum Project,,,,Quantum Project,https://www.dailyscript.com/scripts/quantumproject.html,html,Quantum Project,both
,,,,,,,,,Quebecois!,https://www.dailyscript.com/scripts/Quebecois.pdf,pdf,Quebecois,right_only
https://assets.scriptslug.com/live/pdf/scripts/queen-and-slim-2019.pdf?v=1729114975,Queen & Slim,,,left_only,Queen & Slim,,,,,,,,left_only
,,Queen Of The Damned,https://imsdb.com//scripts//Queen-of-the-Damned.html,right_only,Queen Of The Damned,,,,Queen of the Damned,https://www.dailyscript.com/scripts/Queen_Damned.pdf,pdf,Queen Of The Damned,both
,,,,,,,,,Quills,https://www.dailyscript.com/scripts/Quills.txt,txt,Quills,right_only
,,Quiz Lady,https://imsdb.com//scripts//Quiz-Lady.html,right_only,Quiz Lady,,,,,,,,left_only
https://assets.scriptslug.com/live/pdf/scripts/quiz-show-1994.pdf?v=1729114976,Quiz Show,,,left_only,Quiz Show,,,,,,,,left_only
,,,,,,,,,Rabid,https://www.dailyscript.com/scripts/Rabid%20(1977).txt,txt,Rabid,right_only
,,Rachel Getting Married,https://imsdb.com//scripts//Rachel-Getting-Married.html,right_only,Rachel Getting Married,,,,,,,,left_only
https://assets.scriptslug.com/live/pdf/scripts/ragin-bull-1980.pdf?v=1729114976,Raging Bull,Raging Bull,https://imsdb.com//scripts//Raging-Bull.html,both,Raging Bull,,,,Raging Bull,https://www.dailyscript.com/scripts/raging_bull.html,html,Raging Bull,both
https://assets.scriptslug.com/live/pdf/scripts/raiders-of-the-lost-ark-1981.pdf?v=1729114976,Raiders Of The Lost Ark,,,left_only,Raiders Of The Lost Ark,,,,,,,,left_only
,,,,,,,,,Raiders Of The Lost Ark: Indiana Jones,https://www.dailyscript.com/scripts/Raiders%20Of%20The%20Lost%20Ark.txt,txt,Raiders Of The Lost Ark Indiana Jones,right_only
,,,,,,,,,Rails & Ties,https://www.dailyscript.com/scripts/rails-and-ties.pdf,pdf,Rails & Ties,right_only
https://assets.scriptslug.com/live/pdf/scripts/raising-arizona-1987.pdf?v=1729114976,Raising Arizona,Raising Arizona,https://imsdb.com//scripts//Raising-Arizona.html,both,Raising Arizona,,,,Raising Arizona,https://www.dailyscript.com/scripts/Raising%20Arizona.txt,txt,Raising Arizona,both
,,Rambling Rose,https://imsdb.com//scripts//Rambling-Rose.html,right_only,Rambling Rose,,,,Rambling Rose,https://www.dailyscript.com/scripts/ramblingrose.html,html,Rambling Rose,both
https://assets.scriptslug.com/live/pdf/scripts/rambo-iii-1988.pdf?v=1729114976,Rambo 3,,,left_only,Rambo 3,,,,,,,,left_only
,,Rambo First Blood 2 The Mission,https://imsdb.com//scripts//Rambo-First-Blood-II-The-Mission.html,right_only,Rambo First Blood 2 The Mission,,,,Rambo: First Blood II: The Mission,https://www.dailyscript.com/scripts/firstblood2.html,html,Rambo First Blood 2 The Mission,both
https://assets.scriptslug.com/live/pdf/scripts/rambo-first-blood-part-ii-1985.pdf?v=1729114976,Rambo First Blood Part 2,,,left_only,Rambo First Blood Part 2,,,,Rambo: First Blood Part II,https://www.dailyscript.com/scripts/rambo_first_blood_2.html,html,Rambo First Blood Part 2,both
https://assets.scriptslug.com/live/pdf/scripts/rango-2011.pdf?v=1729114977,Rango,,,left_only,Rango,,,,,,,,left_only
https://assets.scriptslug.com/live/pdf/scripts/ratatouille-2007.pdf?v=1729114977,Ratatouille,,,left_only,Ratatouille,,,,,,,,left_only
https://assets.scriptslug.com/live/pdf/scripts/raya-and-the-last-dragon-2021.pdf?v=1729114977,Raya And The Last Dragon,,,left_only,Raya And The Last Dragon,,,,,,,,left_only
https://assets.scriptslug.com/live/pdf/scripts/ready-player-one-2018.pdf?v=1729114977,Ready Player One,,,left_only,Ready Player One,,,,,,,,left_only
,,Real Genius,https://imsdb.com//scripts//Real-Genius.html,right_only,Real Genius,,,,Real Genius,https://www.dailyscript.com/scripts/real_genius.html,html,Real Genius,both
https://assets.scriptslug.com/live/pdf/scripts/reality-bites-1994.pdf?v=1729114977,Reality Bites,,,left_only,Reality Bites,,,,,,,,left_only
https://assets.scriptslug.com/live/pdf/scripts/rear-window-1954.pdf?v=1729114977,Rear Window,Rear Window,https://imsdb.com//scripts//Rear-Window.html,both,Rear Window,,,,Rear Window,https://www.dailyscript.com/scripts/rearwindow.pdf,pdf,Rear Window,both
,,Rebel Without A Cause,https://imsdb.com//scripts//Rebel-Without-A-Cause.html,right_only,Rebel Without A Cause,,,,Rebel Without A Cause,https://www.dailyscript.com/scripts/Rebel_Without_A_Cause.html,html,Rebel Without A Cause,both
https://assets.scriptslug.com/live/pdf/scripts/red-dawn-1984.pdf?v=1729114977,Red Dawn,,,left_only,Red Dawn,,,,,,,,left_only
https://assets.scriptslug.com/live/pdf/scripts/red-dragon-2002.pdf?v=1729114977,Red Dragon,,,left_only,Red Dragon,,,,,,,,left_only
https://assets.scriptslug.com/live/pdf/scripts/red-eye-2005.pdf?v=1729114978,Red Eye,,,left_only,Red Eye,,,,,,,,left_only
https://assets.scriptslug.com/live/pdf/scripts/red-heat-1988.pdf?v=1729114978,Red Heat,,,left_only,Red Heat,,,,,,,,left_only
https://assets.scriptslug.com/live/pdf/scripts/red-one-2024.pdf?v=1738547185,Red One,,,left_only,Red One,,,,,,,,left_only
,,Red Planet,https://imsdb.com//scripts//Red-Planet.html,right_only,Red Planet,,,,Red Planet,https://www.dailyscript.com/scripts/Red_Planet.html,html,Red Planet,both
,,Red Riding Hood,https://imsdb.com//scripts//Red-Riding-Hood.html,right_only,Red Riding Hood,,,,,,,,left_only
https://assets.scriptslug.com/live/pdf/scripts/red-rocket-2021.pdf?v=1729114978,Red Rocket,,,left_only,Red Rocket,,,,,,,,left_only
https://assets.scriptslug.com/live/pdf/scripts/red-sparrow-2018.pdf?v=1729114978,Red Sparrow,,,left_only,Red Sparrow,,,,,,,,left_only
https://assets.scriptslug.com/live/pdf/scripts/reds-1981.pdf?v=1729114978,Reds,,,left_only,Reds,,,,,,,,left_only
https://assets.scriptslug.com/live/pdf/scripts/reign-of-fire-2002.pdf?v=1729114978,Reign Of Fire,,,left_only,Reign Of Fire,,,,,,,,left_only
,,Reindeer Games,https://imsdb.com//scripts//Reindeer-Games.html,right_only,Reindeer Games,,,,Reindeer Games,https://www.dailyscript.com/scripts/Reindeer+Games.txt,txt,Reindeer Games,both
,,,,,,,,,Remember,https://www.dailyscript.com/scripts/RememberScript.pdf,pdf,Remember,right_only
,,Remember Me,https://imsdb.com//scripts//Remember-Me.html,right_only,Remember Me,,,,,,,,left_only
https://assets.scriptslug.com/live/pdf/scripts/rent-2005.pdf?v=1729114978,Rent,,,left_only,Rent,,,,,,,,left_only
,,Repo Man,https://imsdb.com//scripts//Repo-Man.html,right_only,Repo Man,,,,,,,,left_only
https://assets.scriptslug.com/live/pdf/scripts/requiem-for-a-dream-2000.pdf?v=1729114978,Requiem For A Dream,,,left_only,Requiem For A Dream,,,,,,,,left_only
https://assets.scriptslug.com/live/pdf/scripts/reservoir-dogs-1992.pdf?v=1729114978,Reservoir Dogs,Reservoir Dogs,https://imsdb.com//scripts//Reservoir-Dogs.html,both,Reservoir Dogs,,,,Reservoir Dogs,https://www.dailyscript.com/scripts/Reservoir+Dogs.txt,txt,Reservoir Dogs,both
,,Resident Evil,https://imsdb.com//scripts//Resident-Evil.html,right_only,Resident Evil,,,,Resident Evil,https://www.dailyscript.com/scripts/resevil.html,html,Resident Evil,both
,,,,,,,,,Resident Evil - Romero - Unproduced,https://www.dailyscript.com/scripts/resident_evil_romero.html,html,Resident Evil Romero Unproduced,right_only
https://assets.scriptslug.com/live/pdf/scripts/respect-2021.pdf?v=1729114978,Respect,,,left_only,Respect,,,,,,,,left_only
,,Return Of The Apes,https://imsdb.com//scripts//Return-of-the-Apes.html,right_only,Return Of The Apes,,,,Return of the Apes,https://www.dailyscript.com/scripts/ROTA_Hayes.html,html,Return Of The Apes,both
https://assets.scriptslug.com/live/pdf/scripts/return-of-the-living-dead-1985.pdf?v=1729114979,Return Of The Living Dead,,,left_only,Return Of The Living Dead,,,,,,,,left_only
,,,,,,,,,Return to Me,https://www.dailyscript.com/scripts/return_to_me.html,html,Return To Me,right_only
https://assets.scriptslug.com/live/pdf/scripts/revenge-of-the-nerds-1984.pdf?v=1729114979,Revenge Of The Nerds,,,left_only,Revenge Of The Nerds,,,,,,,,left_only
https://assets.scriptslug.com/live/pdf/scripts/revolutionary-road-2008.pdf?v=1729114979,Revolutionary Road,Revolutionary Road,https://imsdb.com//scripts//Revolutionary-Road.html,both,Revolutionary Road,,,,,,,,left_only
https://assets.scriptslug.com/live/pdf/scripts/richard-jewell-2019.pdf?v=1729114979,Richard Jewell,,,left_only,Richard Jewell,,,,,,,,left_only
https://assets.scriptslug.com/live/pdf/scripts/ricky-stanicky-2024.pdf?v=1729114980,Ricky Stanicky,Ricky Stanicky,https://imsdb.com//scripts//Ricky-Stanicky.html,both,Ricky Stanicky,,,,,,,,left_only
,,,,,,,,,Ride the High Country,https://www.dailyscript.com/scripts/Ride%20The%20High%20Country.txt,txt,Ride The High Country,right_only
,,Ringu,https://imsdb.com//scripts//Ringu.html,right_only,Ringu,,,,,,,,left_only
,,Rise Of The Guardians,https://imsdb.com//scripts//Rise-of-the-Guardians.html,right_only,Rise Of The Guardians,,,,,,,,left_only
https://assets.scriptslug.com/live/pdf/scripts/rise-of-the-planet-of-the-apes-2010.pdf?v=1729114980,Rise Of The Planet Of The Apes,Rise Of The Planet Of The Apes,https://imsdb.com//scripts//Rise-of-the-Planet-of-the-Apes.html,both,Rise Of The Planet Of The Apes,,,,,,,,left_only
,,Rko 281,https://imsdb.com//scripts//RKO-281.html,right_only,Rko 281,,,,RKO 281,https://www.dailyscript.com/scripts/RKO218.html,html,Rko 281,both
https://assets.scriptslug.com/live/pdf/scripts/road-house-1989.pdf?v=1729114980,Road House,,,left_only,Road House,,,,,,,,left_only
https://assets.scriptslug.com/live/pdf/scripts/road-to-perdition-2002.pdf?v=1729114980,Road To Perdition,,,left_only,Road To Perdition,,,,,,,,left_only
,,Robin Hood Prince Of Thieves,https://imsdb.com//scripts//Robin-Hood-Prince-of-Thieves.html,right_only,Robin Hood Prince Of Thieves,,,,,,,,left_only
,,,,,,,,,"Robin Hood, The Prince of Thieves",https://www.dailyscript.com/scripts/prince_of_thieves.pdf,pdf,Robin Hood The Prince Of Thieves,right_only
https://assets.scriptslug.com/live/pdf/scripts/robocop-1987.pdf?v=1729114980,Robocop,Robocop,https://imsdb.com//scripts//Robocop.html,both,Robocop,Robocop,HTML len = 0 : no content scrapped,Robocop,,,,,left_only
,,,,,,,,,Rock & Rule,https://www.dailyscript.com/scripts/Rock-and-Rule.pdf,pdf,Rock & Rule,right_only
https://assets.scriptslug.com/live/pdf/scripts/rocketman-2019.pdf?v=1729114980,Rocketman,,,left_only,Rocketman,,,,,,,,left_only
,,Rocknrolla,https://imsdb.com//scripts//RocknRolla.html,right_only,Rocknrolla,,,,RocknRolla,https://www.dailyscript.com/scripts/RockNRolla_Script.pdf,pdf,Rocknrolla,both
https://assets.scriptslug.com/live/pdf/scripts/rocky-1976.pdf?v=1729114980,Rocky,Rocky,https://imsdb.com//scripts//Rocky.html,both,Rocky,,,,Rocky,https://www.dailyscript.com/scripts/rocky.html,html,Rocky,both
https://assets.scriptslug.com/live/pdf/scripts/rocky-ii-1979.pdf?v=1729114980,Rocky 2,,,left_only,Rocky 2,,,,,,,,left_only
https://assets.scriptslug.com/live/pdf/scripts/rocky-iii-1982.pdf?v=1729114981,Rocky 3,,,left_only,Rocky 3,,,,,,,,left_only
https://assets.scriptslug.com/live/pdf/scripts/rocky-iv-1985.pdf?v=1729114981,Rocky 4,,,left_only,Rocky 4,,,,,,,,left_only
https://assets.scriptslug.com/live/pdf/scripts/rocky-balboa-2006.pdf?v=1729114980,Rocky Balboa,,,left_only,Rocky Balboa,,,,,,,,left_only
,,,,,,,,,Rocky Balboa (Rocky (Puncher's Chance)),https://www.dailyscript.com/scripts/ROCKY.pdf,pdf,Rocky Balboa (rocky (punchers Chance)),right_only
https://assets.scriptslug.com/live/pdf/scripts/rocky-v-1990.pdf?v=1729114981,Rocky V,,,left_only,Rocky V,,,,,,,,left_only
https://assets.scriptslug.com/live/pdf/scripts/roma-2018.pdf?v=1729114981,Roma,,,left_only,Roma,,,,,,,,left_only
https://assets.scriptslug.com/live/pdf/scripts/roman-j-israel-esq-2017.pdf?v=1729114981,Roman J Israel Esq,,,left_only,Roman J Israel Esq,,,,,,,,left_only
https://assets.scriptslug.com/live/pdf/scripts/romancing-the-stone-1984.pdf?v=1729114981,Romancing The Stone,,,left_only,Romancing The Stone,,,,,,,,left_only
,,Romeo & Juliet,https://imsdb.com//scripts//Romeo-&-Juliet.html,right_only,Romeo & Juliet,Romeo & Juliet,HTML len = 0 : no content scrapped,Romeo & Juliet,,,,,left_only
https://assets.scriptslug.com/live/pdf/scripts/romeo-must-die-2000.pdf?v=1729114981,Romeo Must Die,,,left_only,Romeo Must Die,,,,,,,,left_only
https://assets.scriptslug.com/live/pdf/scripts/ronin-1998.pdf?v=1729114981,Ronin,Ronin,https://imsdb.com//scripts//Ronin.html,both,Ronin,,,,Ronin,https://www.dailyscript.com/scripts/ronin_early.html,html,Ronin,both
https://assets.scriptslug.com/live/pdf/scripts/room-2015.pdf?v=1729114981,Room,Room,https://imsdb.com//scripts//Room.html,both,Room,,,,Room,https://www.dailyscript.com/scripts/room_script.pdf,pdf,Room,both
,,,,,,,,,Room With A View,https://www.dailyscript.com/scripts/A_Room_With_A_View.pdf,pdf,Room With A View,right_only
https://assets.scriptslug.com/live/pdf/scripts/rosemarys-baby-1968.pdf?v=1729114981,Rosemarys Baby,,,left_only,Rosemarys Baby,,,,,,,,left_only
,,Rosetta,https://imsdb.com//scripts//Rosetta.html,right_only,Rosetta,,,,,,,,left_only
,,,,,,,,,Rough Diamonds (filmed as Wild Things: Diamonds in the Rough),https://www.dailyscript.com/scripts/Rough+Diamonds.pdf,pdf,Rough Diamonds (filmed As Wild Things Diamonds In The Rough),right_only
,,Roughshod,https://imsdb.com//scripts//Roughshod.html,right_only,Roughshod,,,,Roughshod,https://www.dailyscript.com/scripts/Roughshod.txt,txt,Roughshod,both
https://assets.scriptslug.com/live/pdf/scripts/rounders-1998.pdf?v=1729114982,Rounders,,,left_only,Rounders,,,,,,,,left_only
https://assets.scriptslug.com/live/pdf/scripts/ruby-sparks-2012.pdf?v=1729114982,Ruby Sparks,,,left_only,Ruby Sparks,,,,,,,,left_only
https://assets.scriptslug.com/live/pdf/scripts/run-2020.pdf?v=1729114982,Run,,,left_only,Run,,,,,,,,left_only
https://assets.scriptslug.com/live/pdf/scripts/runaway-bride-1999.pdf?v=1729114982,Runaway Bride,Runaway Bride,https://imsdb.com//scripts//Runaway-Bride.html,both,Runaway Bride,,,,,,,,left_only
https://assets.scriptslug.com/live/pdf/scripts/running-scared-1986.pdf?v=1729114982,Running Scared,,,left_only,Running Scared,,,,,,,,left_only
https://assets.scriptslug.com/live/pdf/scripts/rush-2013.pdf?v=1729114982,Rush,Rush,https://imsdb.com//scripts//Rush.html,both,Rush,,,,Rush,https://www.dailyscript.com/scripts/RUSH[2013]-PETER%20MORGAN.pdf,pdf,Rush,both
https://assets.scriptslug.com/live/pdf/scripts/rush-hour-1998.pdf?v=1729114982,Rush Hour,Rush Hour,https://imsdb.com//scripts//Rush-Hour.html,both,Rush Hour,,,,Rush Hour,https://www.dailyscript.com/scripts/rush_hour.html,html,Rush Hour,both
,,Rush Hour 2,https://imsdb.com//scripts//Rush-Hour-2.html,right_only,Rush Hour 2,,,,Rush Hour 2,https://www.dailyscript.com/scripts/rush_hour_2.html,html,Rush Hour 2,both
https://assets.scriptslug.com/live/pdf/scripts/rushmore-1998.pdf?v=1729114983,Rushmore,Rushmore,https://imsdb.com//scripts//Rushmore.html,both,Rushmore,,,,Rushmore,https://www.dailyscript.com/scripts/rushmore.html,html,Rushmore,both
https://assets.scriptslug.com/live/pdf/scripts/rust-and-bone-2012.pdf?v=1729114983,Rust And Bone,Rust And Bone,https://imsdb.com//scripts//Rust-and-Bone.html,both,Rust And Bone,,,,,,,,left_only
https://assets.scriptslug.com/live/pdf/scripts/rustin-2023.pdf?v=1729114983,Rustin,Rustin,https://imsdb.com//scripts//Rustin.html,both,Rustin,,,,,,,,left_only
,,S Darko,https://imsdb.com//scripts//S.-Darko.html,right_only,S Darko,,,,,,,,left_only
,,,,,,,,,Saboteur,https://www.dailyscript.com/scripts/saboteur.pdf,pdf,Saboteur,right_only
https://assets.scriptslug.com/live/pdf/scripts/safety-not-guaranteed-2012.pdf?v=1729114983,Safety Not Guaranteed,,,left_only,Safety Not Guaranteed,,,,,,,,left_only
https://assets.scriptslug.com/live/pdf/scripts/saint-frances-2019.pdf?v=1729114983,Saint Frances,,,left_only,Saint Frances,,,,,,,,left_only
https://assets.scriptslug.com/live/pdf/scripts/saltburn-2023.pdf?v=1729114984,Saltburn,,,left_only,Saltburn,,,,,,,,left_only
https://assets.scriptslug.com/live/pdf/scripts/saturday-night-2024.pdf?v=1738546680,Saturday Night,Saturday Night,https://imsdb.com//scripts//Saturday-Night.html,both,Saturday Night,,,,,,,,left_only
https://assets.scriptslug.com/live/pdf/scripts/sausage-party-2016.pdf?v=1729114984,Sausage Party,,,left_only,Sausage Party,,,,,,,,left_only
,,Save The Last Dance,https://imsdb.com//scripts//Save-the-Last-Dance.html,right_only,Save The Last Dance,,,,Save the Last Dance,https://www.dailyscript.com/scripts/Save_the_Last_Dance.pdf,pdf,Save The Last Dance,both
https://assets.scriptslug.com/live/pdf/scripts/saving-mr-banks-2013.pdf?v=1729114984,Saving Mr Banks,Saving Mr Banks,https://imsdb.com//scripts//Saving-Mr.-Banks.html,both,Saving Mr Banks,,,,,,,,left_only
https://assets.scriptslug.com/live/pdf/scripts/saving-private-ryan-1998.pdf?v=1729114984,Saving Private Ryan,Saving Private Ryan,https://imsdb.com//scripts//Saving-Private-Ryan.html,both,Saving Private Ryan,,,,Saving Private Ryan,https://www.dailyscript.com/scripts/Saving%20Private%20Ryan.txt,txt,Saving Private Ryan,both
https://assets.scriptslug.com/live/pdf/scripts/saw-2004.pdf?v=1729114984,Saw,Saw,https://imsdb.com//scripts//Saw.html,both,Saw,,,,,,,,left_only
,,Saw 4,https://imsdb.com//scripts//Saw-IV.html,right_only,Saw 4,,,,,,,,left_only
https://assets.scriptslug.com/live/pdf/scripts/scanners-1981.pdf?v=1729114984,Scanners,,,left_only,Scanners,,,,,,,,left_only
https://assets.scriptslug.com/live/pdf/scripts/scarface-1983.pdf?v=1729114984,Scarface,Scarface,https://imsdb.com//scripts//Scarface.html,both,Scarface,,,,Scarface,https://www.dailyscript.com/scripts/Scarfacefinal.PDF,pdf,Scarface,both
https://assets.scriptslug.com/live/pdf/scripts/scary-movie-2000.pdf?v=1729114985,Scary Movie,,,left_only,Scary Movie,,,,,,,,left_only
https://assets.scriptslug.com/live/pdf/scripts/scary-movie-2-2001.pdf?v=1729114984,Scary Movie 2,Scary Movie 2,https://imsdb.com//scripts//Scary-Movie-2.html,both,Scary Movie 2,Scary Movie 2,HTML len = 0 : no content scrapped,Scary Movie 2,Scary Movie 2,https://www.dailyscript.com/scripts/ScaryMovie2.htm,htm,Scary Movie 2,both
https://assets.scriptslug.com/live/pdf/scripts/scary-stories-to-tell-in-the-dark-2019.pdf?v=1729114985,Scary Stories To Tell In The Dark,,,left_only,Scary Stories To Tell In The Dark,,,,,,,,left_only
https://assets.scriptslug.com/live/pdf/scripts/schindlers-list-1993.pdf?v=1729114985,Schindlers List,Schindlers List,https://imsdb.com//scripts//Schindler's-List.html,both,Schindlers List,,,,Schindler's List,https://www.dailyscript.com/scripts/Schindler's%20List.txt,txt,Schindlers List,both
https://assets.scriptslug.com/live/pdf/scripts/scott-pilgrim-vs-the-world-2010.pdf?v=1729114985,Scott Pilgrim Vs The World,Scott Pilgrim Vs The World,https://imsdb.com//scripts//Scott-Pilgrim-vs-the-World.html,both,Scott Pilgrim Vs The World,,,,,,,,left_only
https://assets.scriptslug.com/live/pdf/scripts/scream-1996.pdf?v=1729115069,Scream,Scream,https://imsdb.com//scripts//Scream.html,both,Scream,,,,Scream,https://www.dailyscript.com/scripts/Scream.txt,txt,Scream,both
https://assets.scriptslug.com/live/pdf/scripts/scream-2022.pdf?v=1729114985,Scream,Scream,https://imsdb.com//scripts//Scream.html,both,Scream,,,,Scream,https://www.dailyscript.com/scripts/Scream.txt,txt,Scream,both
https://assets.scriptslug.com/live/pdf/scripts/scream-2-1997.pdf?v=1729114985,Scream 2,Scream 2,https://imsdb.com//scripts//Scream-2.html,both,Scream 2,,,,,,,,left_only
,,Scream 3,https://imsdb.com//scripts//Scream-3.html,right_only,Scream 3,,,,Scream 3,https://www.dailyscript.com/scripts/Scream3.doc,doc,Scream 3,both
,,Scream 4,https://imsdb.com//scripts//Scream-4.html,right_only,Scream 4,,,,,,,,left_only
https://assets.scriptslug.com/live/pdf/scripts/scream-vi-2023.pdf?v=1729114985,Scream 6,,,left_only,Scream 6,,,,,,,,left_only
https://assets.scriptslug.com/live/pdf/scripts/scrooged-1988.pdf?v=1729114985,Scrooged,,,left_only,Scrooged,,,,,,,,left_only
https://assets.scriptslug.com/live/pdf/scripts/se7en-1995.pdf?v=1729114986,Se7en,Se7en,https://imsdb.com//scripts//Se7en.html,both,Se7en,,,,,,,,left_only
https://assets.scriptslug.com/live/pdf/scripts/sea-of-love-1989.pdf?v=1729114986,Sea Of Love,,,left_only,Sea Of Love,,,,,,,,left_only
https://assets.scriptslug.com/live/pdf/scripts/searching-2018.pdf?v=1729114986,Searching,,,left_only,Searching,,,,,,,,left_only
,,,,,,,,,Season of the Witch (Mean Streets),https://www.dailyscript.com/scripts/meanstreet.html,html,Season Of The Witch (mean Streets),right_only
,,,,,,,,,Second Act,https://www.dailyscript.com/scripts/Second_Act.pdf,pdf,Second Act,right_only
https://assets.scriptslug.com/live/pdf/scripts/secret-window-2004.pdf?v=1729114986,Secret Window,,,left_only,Secret Window,,,,Secret Window,https://www.dailyscript.com/scripts/SecretWindow.pdf,pdf,Secret Window,both
https://assets.scriptslug.com/live/pdf/scripts/selena-1997.pdf?v=1729114986,Selena,,,left_only,Selena,,,,,,,,left_only
https://assets.scriptslug.com/live/pdf/scripts/selma-2014.pdf?v=1729114986,Selma,,,left_only,Selma,,,,,,,,left_only
,,Semi Pro,https://imsdb.com//scripts//Semi-Pro.html,right_only,Semi Pro,,,,Semi Pro,https://www.dailyscript.com/scripts/semipro.pdf,pdf,Semi Pro,both
,,Sense And Sensibility,https://imsdb.com//scripts//Sense-and-Sensibility.html,right_only,Sense And Sensibility,,,,Sense And Sensibility,https://www.dailyscript.com/scripts/Sense%20And%20Sensibility.txt,txt,Sense And Sensibility,both
https://assets.scriptslug.com/live/pdf/scripts/september-5-2024.pdf?v=1738463295,September 5,,,left_only,September 5,,,,,,,,left_only
https://assets.scriptslug.com/live/pdf/scripts/serenity-2005.pdf?v=1729114986,Serenity,Serenity,https://imsdb.com//scripts//Serenity.html,both,Serenity,,,,,,,,left_only
https://assets.scriptslug.com/live/pdf/scripts/serenity-2019.pdf?v=1729114987,Serenity,Serenity,https://imsdb.com//scripts//Serenity.html,both,Serenity,,,,,,,,left_only
,,Serial Mom,https://imsdb.com//scripts//Serial-Mom.html,right_only,Serial Mom,,,,Serial Mom,https://www.dailyscript.com/scripts/serial-mom.html,html,Serial Mom,both
,,,,,,,,,Seven,https://www.dailyscript.com/scripts/seven_early.html,html,Seven,right_only
https://assets.scriptslug.com/live/pdf/scripts/severance-2006.pdf?v=1729114987,Severance,,,left_only,Severance,,,,,,,,left_only
,,Sex And The City,https://imsdb.com//scripts//Sex-and-the-City.html,right_only,Sex And The City,,,,,,,,left_only
https://assets.scriptslug.com/live/pdf/scripts/sex-drive-2008.pdf?v=1729114987,Sex Drive,,,left_only,Sex Drive,,,,,,,,left_only
https://assets.scriptslug.com/live/pdf/scripts/sex-lies-and-videotape-1992.pdf?v=1729114987,Sex Lies And Videotape,Sex Lies And Videotape,"https://imsdb.com//scripts//Sex,-Lies-and-Videotape.html",both,Sex Lies And Videotape,,,,"Sex, Lies, And Videotape",https://www.dailyscript.com/scripts/Sex+Lies+And+Videotape.txt,txt,Sex Lies And Videotape,both
,,,,,,,,,"Sex, Lies and Videotapes",https://www.dailyscript.com/scripts/sex_lies_and_video_tapes.html,html,Sex Lies And Videotapes,right_only
,,Sexual Life,https://imsdb.com//scripts//Sexual-Life.html,right_only,Sexual Life,,,,Sexual Life,https://www.dailyscript.com/scripts/Sexual_Life.doc,doc,Sexual Life,both
,,,,,,,,,Sgt. Rock,https://www.dailyscript.com/scripts/sgt-rock_peoples.html,html,Sgt Rock,right_only
,,Shadow Of The Vampire,https://imsdb.com//scripts//Shadow-of-the-Vampire.html,right_only,Shadow Of The Vampire,Shadow of the Vampire,HTML len = 0 : no content scrapped,Shadow Of The Vampire,Shadow of the Vampire,https://www.dailyscript.com/scripts/Shadow_of_the_Vampire.pdf,pdf,Shadow Of The Vampire,both
https://assets.scriptslug.com/live/pdf/scripts/shakespeare-in-love-1987.pdf?v=1729114987,Shakespeare In Love,Shakespeare In Love,https://imsdb.com//scripts//Shakespeare-in-Love.html,both,Shakespeare In Love,,,,Shakespeare in Love,https://www.dailyscript.com/scripts/Shakespeare%20In%20Love.txt,txt,Shakespeare In Love,both
,,Shallow Grave,https://imsdb.com//scripts//Shallow-Grave.html,right_only,Shallow Grave,,,,,,,,left_only
https://assets.scriptslug.com/live/pdf/scripts/shame-2011.pdf?v=1729114988,Shame,Shame,https://imsdb.com//scripts//Shame.html,both,Shame,,,,,,,,left_only
,,Shampoo,https://imsdb.com//scripts//Shampoo.html,right_only,Shampoo,,,,Shampoo,https://www.dailyscript.com/scripts/shampoo.html,html,Shampoo,both
https://assets.scriptslug.com/live/pdf/scripts/sharkys-machine-1981.pdf?v=1729114988,Sharkys Machine,,,left_only,Sharkys Machine,,,,,,,,left_only
https://assets.scriptslug.com/live/pdf/scripts/shaun-of-the-dead-2004.pdf?v=1729114988,Shaun Of The Dead,,,left_only,Shaun Of The Dead,,,,,,,,left_only
https://assets.scriptslug.com/live/pdf/scripts/shayda-2023.pdf?v=1729114988,Shayda,,,left_only,Shayda,,,,,,,,left_only
https://assets.scriptslug.com/live/pdf/scripts/she-said-2022.pdf?v=1729114988,She Said,,,left_only,She Said,,,,,,,,left_only
https://assets.scriptslug.com/live/pdf/scripts/sherlock-holmes-2009.pdf?v=1729114988,Sherlock Holmes,Sherlock Holmes,https://imsdb.com//scripts//Sherlock-Holmes.html,both,Sherlock Holmes,,,,,,,,left_only
,,Shes Out Of My League,https://imsdb.com//scripts//She's-Out-of-My-League.html,right_only,Shes Out Of My League,,,,,,,,left_only
,,Shifty,https://imsdb.com//scripts//Shifty.html,right_only,Shifty,,,,,,,,left_only
,,Shivers,https://imsdb.com//scripts//Shivers.html,right_only,Shivers,,,,Shivers,https://www.dailyscript.com/scripts/Shivers.txt,txt,Shivers,both
https://assets.scriptslug.com/live/pdf/scripts/short-term-12-2013.pdf?v=1729114989,Short Term 12,,,left_only,Short Term 12,,,,,,,,left_only
https://assets.scriptslug.com/live/pdf/scripts/shortcomings-2023.pdf?v=1729114989,Shortcomings,,,left_only,Shortcomings,,,,,,,,left_only
https://assets.scriptslug.com/live/pdf/scripts/showgirls-1995.pdf?v=1729114989,Showgirls,,,left_only,Showgirls,,,,,,,,left_only
https://assets.scriptslug.com/live/pdf/scripts/shrek-2001.pdf?v=1729114989,Shrek,Shrek,https://imsdb.com//scripts//Shrek.html,both,Shrek,,,,,,,,left_only
https://assets.scriptslug.com/live/pdf/scripts/shrek-the-third-2007.pdf?v=1729114989,Shrek The Third,Shrek The Third,https://imsdb.com//scripts//Shrek-the-Third.html,both,Shrek The Third,,,,,,,,left_only
https://assets.scriptslug.com/live/pdf/scripts/shutter-island-2010.pdf?v=1729114989,Shutter Island,,,left_only,Shutter Island,,,,,,,,left_only
https://assets.scriptslug.com/live/pdf/scripts/sicario-2015.pdf?v=1729114989,Sicario,Sicario,https://imsdb.com//scripts//Sicario.html,both,Sicario,,,,,,,,left_only
https://assets.scriptslug.com/live/pdf/scripts/sicario-day-of-soldado-2015.pdf?v=1729114989,Sicario Day Of The Soldado,,,left_only,Sicario Day Of The Soldado,,,,,,,,left_only
https://assets.scriptslug.com/live/pdf/scripts/side-effects-2013.pdf?v=1729114989,Side Effects,,,left_only,Side Effects,,,,,,,,left_only
,,Sideways,https://imsdb.com//scripts//Sideways.html,right_only,Sideways,,,,Sideways,https://www.dailyscript.com/scripts/Sideways.txt,txt,Sideways,both
https://assets.scriptslug.com/live/pdf/scripts/signs-2002.pdf?v=1729114990,Signs,Signs,https://imsdb.com//scripts//Signs.html,both,Signs,,,,Signs,https://www.dailyscript.com/scripts/Signs.txt,txt,Signs,both
https://assets.scriptslug.com/live/pdf/scripts/silence-2016.pdf?v=1729114990,Silence,,,left_only,Silence,,,,Silence,https://www.dailyscript.com/scripts/silence.pdf,pdf,Silence,both
,,Silence Of The Lambs,https://imsdb.com//scripts//Silence-of-the-Lambs.html,right_only,Silence Of The Lambs,,,,,,,,left_only
,,Silent Grace,https://imsdb.com//scripts//Silent-Grace.html,right_only,Silent Grace,,,,,,,,left_only
https://assets.scriptslug.com/live/pdf/scripts/silkwood-1983.pdf?v=1729114990,Silkwood,,,left_only,Silkwood,,,,,,,,left_only
,,Silver Bullet,https://imsdb.com//scripts//Silver-Bullet.html,right_only,Silver Bullet,,,,Silver Bullet,https://www.dailyscript.com/scripts/silverbullet.html,html,Silver Bullet,both
,,Silver Linings Playbook,https://imsdb.com//scripts//Silver-Linings-Playbook.html,right_only,Silver Linings Playbook,,,,,,,,left_only
https://assets.scriptslug.com/live/pdf/scripts/silverado-1985.pdf?v=1729114990,Silverado,,,left_only,Silverado,,,,Silverado,https://www.dailyscript.com/scripts/Silverado.txt,txt,Silverado,both
,,Simone,https://imsdb.com//scripts//Simone.html,right_only,Simone,,,,Simone,https://www.dailyscript.com/scripts/Simone_Andrew_Niccol.html,html,Simone,both
https://assets.scriptslug.com/live/pdf/scripts/sing-2016.pdf?v=1729114990,Sing,,,left_only,Sing,,,,,,,,left_only
https://assets.scriptslug.com/live/pdf/scripts/sing-sing-2024.pdf?v=1738464550,Sing Sing,Sing Sing,https://imsdb.com//scripts//Sing-Sing.html,both,Sing Sing,,,,,,,,left_only
https://assets.scriptslug.com/live/pdf/scripts/sing-street-2016.pdf?v=1729114990,Sing Street,,,left_only,Sing Street,,,,Sing Street,https://www.dailyscript.com/scripts/SING_STREET_Script_wCover_R1.pdf,pdf,Sing Street,both
https://assets.scriptslug.com/live/pdf/scripts/singin-in-the-rain-1982.pdf?v=1729114990,Singin In The Rain,,,left_only,Singin In The Rain,,,,Singin' in the Rain,https://www.dailyscript.com/scripts/Singing-In-The-Rain.pdf,pdf,Singin In The Rain,both
,,Single White Female,https://imsdb.com//scripts//Single-White-Female.html,right_only,Single White Female,,,,,,,,left_only
,,Sister Act,https://imsdb.com//scripts//Sister-Act.html,right_only,Sister Act,,,,,,,,left_only
,,Six Degrees Of Separation,https://imsdb.com//scripts//Six-Degrees-of-Separation.html,right_only,Six Degrees Of Separation,,,,,,,,left_only
https://assets.scriptslug.com/live/pdf/scripts/sixteen-candles-1984.pdf?v=1729114991,Sixteen Candles,,,left_only,Sixteen Candles,,,,,,,,left_only
https://assets.scriptslug.com/live/pdf/scripts/skyfall-2012.pdf?v=1729114991,Skyfall,,,left_only,Skyfall,,,,,,,,left_only
https://assets.scriptslug.com/live/pdf/scripts/skyscraper-2018.pdf?v=1729114991,Skyscraper,,,left_only,Skyscraper,,,,,,,,left_only
,,,,,,,,,Slash,https://www.dailyscript.com/scripts/Slash.pdf,pdf,Slash,right_only
https://assets.scriptslug.com/live/pdf/scripts/sleepers-1996.pdf?v=1729114991,Sleepers,,,left_only,Sleepers,,,,,,,,left_only
https://assets.scriptslug.com/live/pdf/scripts/sleepless-in-seatlle-1993.pdf?v=1729114991,Sleepless In Seattle,Sleepless In Seattle,https://imsdb.com//scripts//Sleepless-in-Seattle.html,both,Sleepless In Seattle,,,,,,,,left_only
https://assets.scriptslug.com/live/pdf/scripts/sleepy-hollow-1999.pdf?v=1729114991,Sleepy Hollow,Sleepy Hollow,https://imsdb.com//scripts//Sleepy-Hollow.html,both,Sleepy Hollow,,,,Sleepy Hollow,https://www.dailyscript.com/scripts/sleepy-hollow_early.html,html,Sleepy Hollow,both
https://assets.scriptslug.com/live/pdf/scripts/slender-man-2018.pdf?v=1729114992,Slender Man,,,left_only,Slender Man,,,,,,,,left_only
,,Sling Blade,https://imsdb.com//scripts//Sling-Blade.html,right_only,Sling Blade,,,,Sling Blade,https://www.dailyscript.com/scripts/Sling%20Blade.txt,txt,Sling Blade,both
,,Slither,https://imsdb.com//scripts//Slither.html,right_only,Slither,,,,SliTHER,https://www.dailyscript.com/scripts/SliTHER.html,html,Slither,both
https://assets.scriptslug.com/live/pdf/scripts/sliver-1993.pdf?v=1729114992,Sliver,,,left_only,Sliver,,,,,,,,left_only
,,,,,,,,,Slow West,https://www.dailyscript.com/scripts/SlowWestScript.pdf,pdf,Slow West,right_only
,,Slumdog Millionaire,https://imsdb.com//scripts//Slumdog-Millionaire.html,right_only,Slumdog Millionaire,,,,Slumdog Millionaire,https://www.dailyscript.com/scripts/slumdog-millionaire-simon-beaufoy.pdf,pdf,Slumdog Millionaire,both
,,Smashed,https://imsdb.com//scripts//Smashed.html,right_only,Smashed,,,,,,,,left_only
,,,,,,,,,Smokey and the Bandit,https://www.dailyscript.com/scripts/Smokey%20And%20The%20Bandit.txt,txt,Smokey And The Bandit,right_only
,,Smokin Aces,https://imsdb.com//scripts//Smokin'-Aces.html,right_only,Smokin Aces,,,,Smokin' Aces,https://www.dailyscript.com/scripts/Smokin'+Aces.txt,txt,Smokin Aces,both
https://assets.scriptslug.com/live/pdf/scripts/snake-eyes-1998.pdf?v=1729114992,Snake Eyes,,,left_only,Snake Eyes,,,,,,,,left_only
https://assets.scriptslug.com/live/pdf/scripts/snatch-2000.pdf?v=1729114992,Snatch,Snatch,https://imsdb.com//scripts//Snatch.html,both,Snatch,,,,Snatch,https://www.dailyscript.com/scripts/snatch.pdf,pdf,Snatch,both
,,Sneakers,https://imsdb.com//scripts//Sneakers.html,right_only,Sneakers,Sneakers,HTML len = 0 : no content scrapped,Sneakers,,,,,left_only
,,Snow Falling On Cedars,https://imsdb.com//scripts//Snow-Falling-On-Cedars.html,right_only,Snow Falling On Cedars,,,,Snow Falling On Cedars,https://www.dailyscript.com/scripts/snow-falling_early.html,html,Snow Falling On Cedars,both
https://assets.scriptslug.com/live/pdf/scripts/show-white-and-the-huntsman-2012.pdf?v=1729114989,Snow White And The Huntsman,Snow White And The Huntsman,https://imsdb.com//scripts//Snow-White-and-the-Huntsman.html,both,Snow White And The Huntsman,,,,Snow White and the Huntsman,https://www.dailyscript.com/scripts/swath_screenplay.pdf,pdf,Snow White And The Huntsman,both
https://assets.scriptslug.com/live/pdf/scripts/snowpiercer-2013.pdf?v=1729114992,Snowpiercer,,,left_only,Snowpiercer,,,,,,,,left_only
https://assets.scriptslug.com/live/pdf/scripts/so-i-married-an-axe-murderer-1993.pdf?v=1729114992,So I Married An Axe Murderer,So I Married An Axe Murderer,https://imsdb.com//scripts//So-I-Married-an-Axe-Murderer.html,both,So I Married An Axe Murderer,,,,So I Married An Axe Murderer,https://www.dailyscript.com/scripts/So%20I%20Married%20An%20Axe%20Murderer.txt,txt,So I Married An Axe Murderer,both
https://assets.scriptslug.com/live/pdf/scripts/solaris-2002.pdf?v=1729114992,Solaris,Solaris,https://imsdb.com//scripts//Solaris.html,both,Solaris,,,,Solaris,https://www.dailyscript.com/scripts/Solaris.txt,txt,Solaris,both
,,Soldier,https://imsdb.com//scripts//Soldier.html,right_only,Soldier,,,,Soldier,https://www.dailyscript.com/scripts/soldier.html,html,Soldier,both
,,,,,,,,,Some Like It Hot,https://www.dailyscript.com/scripts/Some+Like+It+Hot.txt,txt,Some Like It Hot,right_only
,,Someone To Watch Over Me,https://imsdb.com//scripts//Someone-To-Watch-Over-Me.html,right_only,Someone To Watch Over Me,,,,,,,,left_only
,,,,,,,,,"Something Borrowed (filmed as ""The Wedding Date"")",https://www.dailyscript.com/scripts/somethingborrowed.html,html,"Something Borrowed (filmed As ""the Wedding Date"")",right_only
https://assets.scriptslug.com/live/pdf/scripts/something-wicked-this-way-comes-1983.pdf?v=1729114993,Something Wicked This Way Comes,,,left_only,Something Wicked This Way Comes,,,,,,,,left_only
https://assets.scriptslug.com/live/pdf/scripts/somethings-gotta-give-2003.pdf?v=1729114993,Somethings Gotta Give,Somethings Gotta Give,https://imsdb.com//scripts//Something's-Gotta-Give.html,both,Somethings Gotta Give,,,,Something's Gotta Give,https://www.dailyscript.com/scripts/SomethingsGottaGive.pdf,pdf,Somethings Gotta Give,both
,,,,,,,,,Somewhere,https://www.dailyscript.com/scripts/somewhere_screenplay.pdf,pdf,Somewhere,right_only
,,,,,,,,,Somewhere In Time (Bid Time Return),https://www.dailyscript.com/scripts/somewhereintime.pdf,pdf,Somewhere In Time (bid Time Return),right_only
,,,,,,,,,"Sorry, Right Number",https://www.dailyscript.com/scripts/Sorry-RightNumber.doc,doc,Sorry Right Number,right_only
https://assets.scriptslug.com/live/pdf/scripts/sorry-to-bother-you-2018.pdf?v=1729114993,Sorry To Bother,,,left_only,Sorry To Bother,,,,,,,,left_only
https://assets.scriptslug.com/live/pdf/scripts/soul-2020.pdf?v=1729114993,Soul,,,left_only,Soul,,,,,,,,left_only
https://assets.scriptslug.com/live/pdf/scripts/sound-of-metal-2019.pdf?v=1729114993,Sound Of Metal,,,left_only,Sound Of Metal,,,,,,,,left_only
,,Source Code,https://imsdb.com//scripts//Source-Code.html,right_only,Source Code,,,,,,,,left_only
,,South Park,https://imsdb.com//scripts//South-Park.html,right_only,South Park,,,,,,,,left_only
,,,,,,,,,"South Park: Bigger, Longer, Uncut",https://www.dailyscript.com/scripts/south-park.html,html,South Park Bigger Longer Uncut,right_only
https://assets.scriptslug.com/live/pdf/scripts/soylent-green-1973.pdf?v=1729114993,Soylent Green,,,left_only,Soylent Green,,,,,,,,left_only
https://assets.scriptslug.com/live/pdf/scripts/space-cowboys-2000.pdf?v=1729114993,Space Cowboys,,,left_only,Space Cowboys,,,,Space Cowboys,https://www.dailyscript.com/scripts/Space_Cowboys.pdf,pdf,Space Cowboys,both
,,Space Milkshake,https://imsdb.com//scripts//Space-Milkshake.html,right_only,Space Milkshake,,,,,,,,left_only
https://assets.scriptslug.com/live/pdf/scripts/spaceballs-1987.pdf?v=1729114994,Spaceballs,,,left_only,Spaceballs,,,,,,,,left_only
,,Spanglish,https://imsdb.com//scripts//Spanglish.html,right_only,Spanglish,,,,Spanglish,https://www.dailyscript.com/scripts/spanish.pdf,pdf,Spanglish,both
,,Spare Me,https://imsdb.com//scripts//Spare-Me.html,right_only,Spare Me,,,,Spare Me,https://www.dailyscript.com/scripts/spareme.html,html,Spare Me,both
https://assets.scriptslug.com/live/pdf/scripts/spartacus-1960.pdf?v=1729114994,Spartacus,,,left_only,Spartacus,,,,,,,,left_only
,,Spartan,https://imsdb.com//scripts//Spartan.html,right_only,Spartan,,,,Spartan,https://www.dailyscript.com/scripts/spartan.pdf,pdf,Spartan,both
https://assets.scriptslug.com/live/pdf/scripts/spawn-1997.pdf?v=1729114994,Spawn,,,left_only,Spawn,,,,,,,,left_only
https://assets.scriptslug.com/live/pdf/scripts/spectre-2015.pdf?v=1729114994,Spectre,,,left_only,Spectre,,,,,,,,left_only
https://assets.scriptslug.com/live/pdf/scripts/speed-1994.pdf?v=1729114995,Speed,Speed,https://imsdb.com//scripts//Speed.html,both,Speed,Speed,HTML len = 0 : no content scrapped,Speed,Speed,https://www.dailyscript.com/scripts/Speed.pdf,pdf,Speed,both
https://assets.scriptslug.com/live/pdf/scripts/speed-racer-2008.pdf?v=1729114995,Speed Racer,Speed Racer,https://imsdb.com//scripts//Speed-Racer.html,both,Speed Racer,,,,,,,,left_only
https://assets.scriptslug.com/live/pdf/scripts/spencer-2021.pdf?v=1729114995,Spencer,,,left_only,Spencer,,,,,,,,left_only
,,Sphere,https://imsdb.com//scripts//Sphere.html,right_only,Sphere,,,,Sphere,https://www.dailyscript.com/scripts/sphere_early.html,html,Sphere,both
https://assets.scriptslug.com/live/pdf/scripts/spider-man-2002.pdf?v=1729114995,Spider Man,Spider Man,https://imsdb.com//scripts//Spider-Man.html,both,Spider Man,,,,Spider-Man,https://www.dailyscript.com/scripts/spider_man_cohen_newson_cameron_8_4_93draft.html,html,Spider Man,both
https://assets.scriptslug.com/live/pdf/scripts/spider-man-2002.pdf?v=1729114995,Spider Man,Spider Man,https://imsdb.com//scripts//Spider-Man.html,both,Spider Man,,,,Spider-man,https://www.dailyscript.com/scripts/Spider-Man%20(Unproduced).txt,txt,Spider Man,both
https://assets.scriptslug.com/live/pdf/scripts/spider-man-2-2004.pdf?v=1729114995,Spider Man 2,,,left_only,Spider Man 2,,,,,,,,left_only
https://assets.scriptslug.com/live/pdf/scripts/spider-man-across-the-spider-verse-2023.pdf?v=1729114995,Spider Man Across The Spider Verse,Spider Man Across The Spider Verse,https://imsdb.com//scripts//Spider-Man-Across-the-Spider-Verse.html,both,Spider Man Across The Spider Verse,,,,,,,,left_only
https://assets.scriptslug.com/live/pdf/scripts/spider-man-into-the-spider-verse-2018.pdf?v=1729114995,Spider Man Into The Spider Verse,,,left_only,Spider Man Into The Spider Verse,,,,,,,,left_only
https://assets.scriptslug.com/live/pdf/scripts/spider-man-no-way-home-2021.pdf?v=1729114995,Spider Man No Way Home,,,left_only,Spider Man No Way Home,,,,,,,,left_only
https://assets.scriptslug.com/live/pdf/scripts/splice-2009.pdf?v=1729114995,Splice,,,left_only,Splice,,,,,,,,left_only
https://assets.scriptslug.com/live/pdf/scripts/spotlight-2015.pdf?v=1729114995,Spotlight,,,left_only,Spotlight,,,,,,,,left_only
https://assets.scriptslug.com/live/pdf/scripts/spring-breakers-2013.pdf?v=1729114996,Spring Breakers,,,left_only,Spring Breakers,,,,,,,,left_only
https://assets.scriptslug.com/live/pdf/scripts/spy-kids-2001.pdf?v=1729114996,Spy Kids,,,left_only,Spy Kids,,,,,,,,left_only
,,St Elmos Fire,https://imsdb.com//scripts//St.-Elmo's-Fire.html,right_only,St Elmos Fire,,,,,,,,left_only
,,,,,,,,,St. Vincent (de Van Nuys),https://www.dailyscript.com/scripts/ScreenplayStVincent.pdf,pdf,St Vincent (de Van Nuys),right_only
https://assets.scriptslug.com/live/pdf/scripts/stagecoach-1939.pdf?v=1729114996,Stagecoach,,,left_only,Stagecoach,,,,Stagecoach,https://www.dailyscript.com/scripts/Stagecoach%20(1939).txt,txt,Stagecoach,both
,,,,,,,,,Stalag 17,https://www.dailyscript.com/scripts/Stalag%2017.txt,txt,Stalag 17,right_only
https://assets.scriptslug.com/live/pdf/scripts/stan-and-ollie-2018.pdf?v=1729114996,Stan & Ollie,,,left_only,Stan & Ollie,,,,,,,,left_only
https://assets.scriptslug.com/live/pdf/scripts/stand-by-me-1986.pdf?v=1729114996,Stand By Me,,,left_only,Stand By Me,,,,,,,,left_only
https://assets.scriptslug.com/live/pdf/scripts/star-trek-2009.pdf?v=1729114996,Star Trek,Star Trek,https://imsdb.com//scripts//Star-Trek.html,both,Star Trek,,,,,,,,left_only
,,,,,,,,,Star Trek 01: The Motion Picture,https://www.dailyscript.com/scripts/startrek01.html,html,Star Trek 01 The Motion Picture,right_only
,,,,,,,,,Star Trek 02: The Wrath Of Khan,https://www.dailyscript.com/scripts/startrek02.html,html,Star Trek 02 The Wrath Of Khan,right_only
,,,,,,,,,Star Trek 07: Generations,https://www.dailyscript.com/scripts/startrek07.html,html,Star Trek 07 Generations,right_only
,,,,,,,,,Star Trek 08: First Contact,https://www.dailyscript.com/scripts/startrek08.html,html,Star Trek 08 First Contact,right_only
,,,,,,,,,Star Trek 10: Nemesis,https://www.dailyscript.com/scripts/startrek10.html,html,Star Trek 10 Nemesis,right_only
https://assets.scriptslug.com/live/pdf/scripts/star-trek-ii-the-wrath-of-kahn-1982.pdf?v=1729114997,Star Trek 2 The Wrath Of Khan,Star Trek 2 The Wrath Of Khan,https://imsdb.com//scripts//Star-Trek-II-The-Wrath-of-Khan.html,both,Star Trek 2 The Wrath Of Khan,,,,,,,,left_only
https://assets.scriptslug.com/live/pdf/scripts/star-trek-iii-the-search-for-spock-1984.pdf?v=1729114997,Star Trek 3 The Search For Spock,,,left_only,Star Trek 3 The Search For Spock,,,,,,,,left_only
https://assets.scriptslug.com/live/pdf/scripts/star-trek-iv-the-voyage-home-1986.pdf?v=1729114997,Star Trek 4 The Voyage Home,,,left_only,Star Trek 4 The Voyage Home,,,,,,,,left_only
https://assets.scriptslug.com/live/pdf/scripts/star-trek-vi-the-undiscovered-country-1991.pdf?v=1729114997,Star Trek 6 The Undiscovered Country,,,left_only,Star Trek 6 The Undiscovered Country,,,,,,,,left_only
https://assets.scriptslug.com/live/pdf/scripts/star-trek-first-contact-1996.pdf?v=1729114996,Star Trek First Contact,Star Trek First Contact,https://imsdb.com//scripts//Star-Trek-First-Contact.html,both,Star Trek First Contact,,,,,,,,left_only
https://assets.scriptslug.com/live/pdf/scripts/star-trek-generations-1994.pdf?v=1729114996,Star Trek Generations,Star Trek Generations,https://imsdb.com//scripts//Star-Trek-Generations.html,both,Star Trek Generations,,,,,,,,left_only
https://assets.scriptslug.com/live/pdf/scripts/star-trek-insurrection-1998.pdf?v=1729114997,Star Trek Insurrection,,,left_only,Star Trek Insurrection,,,,,,,,left_only
https://assets.scriptslug.com/live/pdf/scripts/star-trek-nemesis-2002.pdf?v=1729114997,Star Trek Nemesis,Star Trek Nemesis,https://imsdb.com//scripts//Star-Trek-Nemesis.html,both,Star Trek Nemesis,,,,,,,,left_only
https://assets.scriptslug.com/live/pdf/scripts/star-trek-the-motion-picture-1979.pdf?v=1729114997,Star Trek The Motion Picture,Star Trek The Motion Picture,https://imsdb.com//scripts//Star-Trek-The-Motion-Picture.html,both,Star Trek The Motion Picture,,,,,,,,left_only
https://assets.scriptslug.com/live/pdf/scripts/star-trek-v-the-final-frontier-1989.pdf?v=1729114997,Star Trek V The Final Frontier,,,left_only,Star Trek V The Final Frontier,,,,,,,,left_only
,,Star Wars A New Hope,https://imsdb.com//scripts//Star-Wars-A-New-Hope.html,right_only,Star Wars A New Hope,,,,,,,,left_only
,,Star Wars Attack Of The Clones,https://imsdb.com//scripts//Star-Wars-Attack-of-the-Clones.html,right_only,Star Wars Attack Of The Clones,,,,,,,,left_only
https://assets.scriptslug.com/live/pdf/scripts/star-wars-episode-ii-attack-of-the-clones-2002.pdf?v=1729114998,Star Wars Episode 2 Attack Of The Clones,,,left_only,Star Wars Episode 2 Attack Of The Clones,,,,,,,,left_only
https://assets.scriptslug.com/live/pdf/scripts/star-wars-episode-iii-revenge-of-the-sith-2005.pdf?v=1729114998,Star Wars Episode 3 Revenge Of The Sith,,,left_only,Star Wars Episode 3 Revenge Of The Sith,,,,,,,,left_only
https://assets.scriptslug.com/live/pdf/scripts/star-wars-episode-iv-a-new-hope-1977.pdf?v=1729114998,Star Wars Episode 4 A New Hope,,,left_only,Star Wars Episode 4 A New Hope,,,,,,,,left_only
https://assets.scriptslug.com/live/pdf/scripts/star-wars-episode-vi-return-of-the-jedi-1983.pdf?v=1729114998,Star Wars Episode 6 Return Of The Jedi,,,left_only,Star Wars Episode 6 Return Of The Jedi,,,,,,,,left_only
https://assets.scriptslug.com/live/pdf/scripts/star-wars-episode-i-the-phantom-menace-1999.pdf?v=1729114997,Star Wars Episode I The Phantom Menace,,,left_only,Star Wars Episode I The Phantom Menace,,,,,,,,left_only
https://assets.scriptslug.com/live/pdf/scripts/star-wars-episode-v-the-empire-strikes-back-1980.pdf?v=1729114998,Star Wars Episode V The Empire Strikes Back,,,left_only,Star Wars Episode V The Empire Strikes Back,,,,,,,,left_only
,,Star Wars Return Of The Jedi,https://imsdb.com//scripts//Star-Wars-Return-of-the-Jedi.html,right_only,Star Wars Return Of The Jedi,,,,,,,,left_only
,,Star Wars Revenge Of The Sith,https://imsdb.com//scripts//Star-Wars-Revenge-of-the-Sith.html,right_only,Star Wars Revenge Of The Sith,,,,,,,,left_only
,,Star Wars The Empire Strikes Back,https://imsdb.com//scripts//Star-Wars-The-Empire-Strikes-Back.html,right_only,Star Wars The Empire Strikes Back,,,,,,,,left_only
https://assets.scriptslug.com/live/pdf/scripts/star-wars-episode-vii-the-force-awakens-2015.pdf?v=1729114998,Star Wars The Force Awakens,Star Wars The Force Awakens,https://imsdb.com//scripts//Star-Wars-The-Force-Awakens.html,both,Star Wars The Force Awakens,,,,,,,,left_only
,,Star Wars The Phantom Menace,https://imsdb.com//scripts//Star-Wars-The-Phantom-Menace.html,right_only,Star Wars The Phantom Menace,,,,,,,,left_only
https://assets.scriptslug.com/live/pdf/scripts/stardust-2007.pdf?v=1729114998,Stardust,,,left_only,Stardust,,,,,,,,left_only
https://assets.scriptslug.com/live/pdf/scripts/stargate-1994.pdf?v=1729114998,Stargate,,,left_only,Stargate,,,,,,,,left_only
,,Starman,https://imsdb.com//scripts//Starman.html,right_only,Starman,,,,Starman,https://www.dailyscript.com/scripts/Starman.txt,txt,Starman,both
,,Starship Troopers,https://imsdb.com//scripts//Starship-Troopers.html,right_only,Starship Troopers,,,,,,,,left_only
,,State And Main,https://imsdb.com//scripts//State-and-Main.html,right_only,State And Main,,,,State and Main,https://www.dailyscript.com/scripts/stateandmain.html,html,State And Main,both
,,State And Main,https://imsdb.com//scripts//State-and-Main.html,right_only,State And Main,,,,State And Main,https://www.dailyscript.com/scripts/State+And+Main.txt,txt,State And Main,both
https://assets.scriptslug.com/live/pdf/scripts/state-of-grace-1983.pdf?v=1729114998,State Of Grace,,,left_only,State Of Grace,,,,,,,,left_only
https://assets.scriptslug.com/live/pdf/scripts/state-of-play-2009.pdf?v=1729114999,State Of Play,,,left_only,State Of Play,,,,,,,,left_only
,,,,,,,,,Station,https://www.dailyscript.com/scripts/Station_Vintar_%202010.pdf,pdf,Station,right_only
,,Station West,https://imsdb.com//scripts//Station-West.html,right_only,Station West,,,,Station West,https://www.dailyscript.com/scripts/Station%20West.txt,txt,Station West,both
https://assets.scriptslug.com/live/pdf/scripts/step-brothers-2008.pdf?v=1729114999,Step Brothers,,,left_only,Step Brothers,,,,,,,,left_only
https://assets.scriptslug.com/live/pdf/scripts/stepmom-1998.pdf?v=1729114999,Stepmom,Stepmom,https://imsdb.com//scripts//Stepmom.html,both,Stepmom,,,,Stepmom,https://www.dailyscript.com/scripts/stepmom.html,html,Stepmom,both
https://assets.scriptslug.com/live/pdf/scripts/steve-jobs-2015.pdf?v=1729114999,Steve Jobs,,,left_only,Steve Jobs,,,,,,,,left_only
https://assets.scriptslug.com/live/pdf/scripts/stir-of-echoes-1999.pdf?v=1729114999,Stir Of Echoes,Stir Of Echoes,https://imsdb.com//scripts//Stir-of-Echoes.html,both,Stir Of Echoes,,,,,,,,left_only
https://assets.scriptslug.com/live/pdf/scripts/stoker-2013.pdf?v=1729114999,Stoker,,,left_only,Stoker,,,,,,,,left_only
,,,,,,,,,Stolen Summer,https://www.dailyscript.com/scripts/Stolen%20Summer.txt,txt,Stolen Summer,right_only
,,,,,,,,,Stone My Heart,https://www.dailyscript.com/scripts/Stone%20My%20Heart%20(Unproduced).txt,txt,Stone My Heart,right_only
https://assets.scriptslug.com/live/pdf/scripts/storm-2019.pdf?v=1738890775,Storm,,,left_only,Storm,,,,,,,,left_only
,,Storytelling,https://imsdb.com//scripts//Storytelling.html,right_only,Storytelling,,,,Storytelling,https://www.dailyscript.com/scripts/storytelling.html,html,Storytelling,both
https://assets.scriptslug.com/live/pdf/scripts/straight-outta-compoton-2015.pdf?v=1729114999,Straight Outta Compton,Straight Outta Compton,https://imsdb.com//scripts//Straight-Outta-Compton.html,both,Straight Outta Compton,,,,,,,,left_only
https://assets.scriptslug.com/live/pdf/scripts/strange-days-1995.pdf?v=1729114999,Strange Days,Strange Days,https://imsdb.com//scripts//Strange-Days.html,both,Strange Days,,,,,,,,left_only
https://assets.scriptslug.com/live/pdf/scripts/stranger-than-fiction-2006.pdf?v=1729114999,Stranger Than Fiction,,,left_only,Stranger Than Fiction,,,,Stranger Than Fiction,https://www.dailyscript.com/scripts/Stranger-Than-Fiction.pdf,pdf,Stranger Than Fiction,both
https://assets.scriptslug.com/live/pdf/scripts/stranger-than-paradise-1984.pdf?v=1729115000,Stranger Than Paradise,,,left_only,Stranger Than Paradise,,,,,,,,left_only
https://assets.scriptslug.com/live/pdf/scripts/strangers-on-a-train-1959.pdf?v=1729115000,Strangers On A Train,Strangers On A Train,https://imsdb.com//scripts//Strangers-on-a-Train.html,both,Strangers On A Train,,,,Strangers on a Train,https://www.dailyscript.com/scripts/Strangers_On_A_Train.pdf,pdf,Strangers On A Train,both
https://assets.scriptslug.com/live/pdf/scripts/strawberry-mansion-2021.pdf?v=1729115000,Strawberry Mansion,,,left_only,Strawberry Mansion,,,,,,,,left_only
https://assets.scriptslug.com/live/pdf/scripts/street-smart-1987.pdf?v=1729115000,Street Smart,,,left_only,Street Smart,,,,,,,,left_only
,,,,,,,,,Stuart Little 2,https://www.dailyscript.com/scripts/stuart_little_2.pdf,pdf,Stuart Little 2,right_only
https://assets.scriptslug.com/live/pdf/scripts/stuber-2019.pdf?v=1729115000,Stuber,,,left_only,Stuber,,,,,,,,left_only
https://assets.scriptslug.com/live/pdf/scripts/submarine-2010.pdf?v=1729115001,Submarine,,,left_only,Submarine,,,,,,,,left_only
https://assets.scriptslug.com/live/pdf/scripts/suburbicon-2017.pdf?v=1729115001,Suburbicon,,,left_only,Suburbicon,,,,,,,,left_only
https://assets.scriptslug.com/live/pdf/scripts/suffragette-2015.pdf?v=1729115001,Suffragette,,,left_only,Suffragette,,,,,,,,left_only
,,Sugar,https://imsdb.com//scripts//Sugar.html,right_only,Sugar,,,,,,,,left_only
,,Sugar And Spice,https://imsdb.com//scripts//Sugar-and-Spice.html,right_only,Sugar And Spice,,,,Sugar and Spice,https://www.dailyscript.com/scripts/sugarandspice.html,html,Sugar And Spice,both
https://assets.scriptslug.com/live/pdf/scripts/suicide-squad-2016.pdf?v=1729115001,Suicide Squad,,,left_only,Suicide Squad,,,,,,,,left_only
https://assets.scriptslug.com/live/pdf/scripts/sully-2016.pdf?v=1729115001,Sully,,,left_only,Sully,,,,Sully,https://www.dailyscript.com/scripts/sully_full_blue.pdf,pdf,Sully,both
,,,,,,,,,Summer of 84,https://www.dailyscript.com/scripts/SUMMER-OF-84.pdf,pdf,Summer Of 84,right_only
,,Sunset Blvd,https://imsdb.com//scripts//Sunset-Blvd..html,right_only,Sunset Blvd,,,,Sunset Blvd.,https://www.dailyscript.com/scripts/sunset_bld_3_21_49.html,html,Sunset Blvd,both
https://assets.scriptslug.com/live/pdf/scripts/sunshine-2007.pdf?v=1729115002,Sunshine,,,left_only,Sunshine,,,,,,,,left_only
,,Sunshine Cleaning,https://imsdb.com//scripts//Sunshine-Cleaning.html,right_only,Sunshine Cleaning,,,,,,,,left_only
https://assets.scriptslug.com/live/pdf/scripts/super-2010.pdf?v=1729115002,Super,,,left_only,Super,,,,,,,,left_only
https://assets.scriptslug.com/live/pdf/scripts/super-8-2011.pdf?v=1729115002,Super 8,Super 8,https://imsdb.com//scripts//Super-8.html,both,Super 8,,,,,,,,left_only
https://assets.scriptslug.com/live/pdf/scripts/super-dark-times-2017.pdf?v=1729115002,Super Dark Times,,,left_only,Super Dark Times,,,,,,,,left_only
https://assets.scriptslug.com/live/pdf/scripts/super-mario-bros-1993.pdf?v=1729115002,Super Mario Bros,,,left_only,Super Mario Bros,,,,,,,,left_only
https://assets.scriptslug.com/live/pdf/scripts/superbad-2007.pdf?v=1729115002,Superbad,Superbad,https://imsdb.com//scripts//Superbad.html,both,Superbad,,,,,,,,left_only
,,Superfights,https://imsdb.com//scripts//Superfights.html,right_only,Superfights,Superfights,HTML len = 0 : no content scrapped,Superfights,SuperFights,https://www.dailyscript.com/scripts/SuperFights.pdf,pdf,Superfights,both
,,Supergirl,https://imsdb.com//scripts//Supergirl.html,right_only,Supergirl,,,,,,,,left_only
https://assets.scriptslug.com/live/pdf/scripts/superman-1978.pdf?v=1729115002,Superman,,,left_only,Superman,,,,Superman,https://www.dailyscript.com/scripts/Superman(JJAbrams).pdf,pdf,Superman,both
https://assets.scriptslug.com/live/pdf/scripts/surrogates-2009.pdf?v=1729115002,Surrogates,Surrogates,https://imsdb.com//scripts//Surrogates.html,both,Surrogates,,,,,,,,left_only
,,Suspect Zero,https://imsdb.com//scripts//Suspect-Zero.html,right_only,Suspect Zero,,,,Suspect Zero,https://www.dailyscript.com/scripts/Suspect%20Zero%20(Unproduced).txt,txt,Suspect Zero,both
https://assets.scriptslug.com/live/pdf/scripts/suspiria-2018.pdf?v=1729115002,Suspiria,,,left_only,Suspiria,,,,,,,,left_only
https://assets.scriptslug.com/live/pdf/scripts/swan-song-2021.pdf?v=1729115003,Swan Song,,,left_only,Swan Song,,,,,,,,left_only
,,,,,,,,,S.W.A.T.,https://www.dailyscript.com/scripts/s.w.a.t.pdf,pdf,Swat,right_only
https://assets.scriptslug.com/live/pdf/scripts/sweeney-todd-the-demon-barber-of-fleet-street-2007.pdf?v=1729115003,Sweeney Todd The Demon Barber Of Fleet Street,Sweeney Todd The Demon Barber Of Fleet Street,https://imsdb.com//scripts//Sweeney-Todd-The-Demon-Barber-of-Fleet-Street.html,both,Sweeney Todd The Demon Barber Of Fleet Street,,,,,,,,left_only
,,,,,,,,,Sweet November,https://www.dailyscript.com/scripts/sweet_november.pdf,pdf,Sweet November,right_only
https://assets.scriptslug.com/live/pdf/scripts/sweet-smell-of-success-1957.pdf?v=1729115003,Sweet Smell Of Success,Sweet Smell Of Success,https://imsdb.com//scripts//Sweet-Smell-of-Success.html,both,Sweet Smell Of Success,,,,Sweet Smell of Success,https://www.dailyscript.com/scripts/sweetsmell.html,html,Sweet Smell Of Success,both
https://assets.scriptslug.com/live/pdf/scripts/swingers-1996.pdf?v=1729115003,Swingers,Swingers,https://imsdb.com//scripts//Swingers.html,both,Swingers,,,,Swingers,https://www.dailyscript.com/scripts/Swingers.html,html,Swingers,both
https://assets.scriptslug.com/live/pdf/scripts/swiss-army-main-2016.pdf?v=1729115003,Swiss Army Man,,,left_only,Swiss Army Man,,,,,,,,left_only
,,Swordfish,https://imsdb.com//scripts//Swordfish.html,right_only,Swordfish,,,,Swordfish,https://www.dailyscript.com/scripts/swordfish.pdf,pdf,Swordfish,both
https://assets.scriptslug.com/live/pdf/scripts/synecdoche-new-york-2008.pdf?v=1729115003,Synecdoche New York,Synecdoche New York,"https://imsdb.com//scripts//Synecdoche,-New-York.html",both,Synecdoche New York,,,,,,,,left_only
,,Syriana,https://imsdb.com//scripts//Syriana.html,right_only,Syriana,,,,,,,,left_only
https://assets.scriptslug.com/live/pdf/scripts/take-shelter-2011.pdf?v=1729115003,Take Shelter,Take Shelter,https://imsdb.com//scripts//Take-Shelter.html,both,Take Shelter,,,,,,,,left_only
,,Taking Lives,https://imsdb.com//scripts//Taking-Lives.html,right_only,Taking Lives,,,,Taking Lives,https://www.dailyscript.com/scripts/taking_lives.pdf,pdf,Taking Lives,both
,,Taking Sides,https://imsdb.com//scripts//Taking-Sides.html,right_only,Taking Sides,,,,Taking Sides,https://www.dailyscript.com/scripts/takingsides.html,html,Taking Sides,both
https://assets.scriptslug.com/live/pdf/scripts/talkin-dirty-after-dark-1991.pdf?v=1729115003,Talkin Dirty After Dark,,,left_only,Talkin Dirty After Dark,,,,,,,,left_only
,,Tall In The Saddle,https://imsdb.com//scripts//Tall-in-the-Saddle.html,right_only,Tall In The Saddle,,,,Tall In The Saddle,https://www.dailyscript.com/scripts/Tall%20In%20The%20Saddle.txt,txt,Tall In The Saddle,both
https://assets.scriptslug.com/live/pdf/scripts/talladega-nights-2006.pdf?v=1729115003,Talladega Nights The Ballad Of Ricky Bobby,,,left_only,Talladega Nights The Ballad Of Ricky Bobby,,,,,,,,left_only
,,Tamara Drewe,https://imsdb.com//scripts//Tamara-Drewe.html,right_only,Tamara Drewe,,,,,,,,left_only
https://assets.scriptslug.com/live/pdf/scripts/tango-and-cash-1989.pdf?v=1729115003,Tango & Cash,,,left_only,Tango & Cash,,,,,,,,left_only
,,,,,,,,,Tarzan's Secret Treasure,https://www.dailyscript.com/scripts/tarzan_s_secret_treasure.pdf,pdf,Tarzans Secret Treasure,right_only
https://assets.scriptslug.com/live/pdf/scripts/taxi-driver-1976.pdf?v=1729115004,Taxi Driver,Taxi Driver,https://imsdb.com//scripts//Taxi-Driver.html,both,Taxi Driver,,,,Taxi Driver,https://www.dailyscript.com/scripts/taxidriver.html,html,Taxi Driver,both
https://assets.scriptslug.com/live/pdf/scripts/team-america-world-police-2004.pdf?v=1729115004,Team America World Police,,,left_only,Team America World Police,,,,,,,,left_only
https://assets.scriptslug.com/live/pdf/scripts/ted-2012.pdf?v=1729115004,Ted,Ted,https://imsdb.com//scripts//Ted.html,both,Ted,,,,,,,,left_only
https://assets.scriptslug.com/live/pdf/scripts/teen-wolf-1985.pdf?v=1729115004,Teen Wolf,,,left_only,Teen Wolf,,,,,,,,left_only
https://assets.scriptslug.com/live/pdf/scripts/teenage-mutant-ninja-turtles-mutant-mayhem-2023.pdf?v=1729115004,Teenage Mutant Ninja Turtles Mutant Mayhem,Teenage Mutant Ninja Turtles Mutant Mayhem,https://imsdb.com//scripts//Teenage-Mutant-Ninja-Turtles-Mutant-Mayhem.html,both,Teenage Mutant Ninja Turtles Mutant Mayhem,,,,,,,,left_only
,,,,,,,,,Tender Mercies,https://www.dailyscript.com/scripts/TenderMercies.pdf,pdf,Tender Mercies,right_only
https://assets.scriptslug.com/live/pdf/scripts/tenet-2020.pdf?v=1729115005,Tenet,Tenet,https://imsdb.com//scripts//Tenet.html,both,Tenet,,,,,,,,left_only
https://assets.scriptslug.com/live/pdf/scripts/tequila-sunrise-1988.pdf?v=1729115005,Tequila Sunrise,,,left_only,Tequila Sunrise,,,,,,,,left_only
,,Terminator,https://imsdb.com//scripts//Terminator.html,right_only,Terminator,,,,Terminator,https://www.dailyscript.com/scripts/Terminator_5th-Draft.txt,txt,Terminator,both
https://assets.scriptslug.com/live/pdf/scripts/terminator-2-judgement-day-1991.pdf?v=1729115005,Terminator 2 Judgement Day,Terminator 2 Judgement Day,https://imsdb.com//scripts//Terminator-2-Judgement-Day.html,both,Terminator 2 Judgement Day,,,,,,,,left_only
https://assets.scriptslug.com/live/pdf/scripts/terminator-genisys-2015.pdf?v=1729115005,Terminator Genisys,,,left_only,Terminator Genisys,,,,,,,,left_only
https://assets.scriptslug.com/live/pdf/scripts/terminator-salvation-2009.pdf?v=1729115005,Terminator Salvation,Terminator Salvation,https://imsdb.com//scripts//Terminator-Salvation.html,both,Terminator Salvation,,,,,,,,left_only
https://assets.scriptslug.com/live/pdf/scripts/terms-of-endearment-1983.pdf?v=1729115005,Terms Of Endearment,,,left_only,Terms Of Endearment,,,,,,,,left_only
https://assets.scriptslug.com/live/pdf/scripts/40-year-old-virgin-2005.pdf?v=1729114849,The 40 Year Old Virgin,,,left_only,The 40 Year Old Virgin,,,,,,,,left_only
,,,,,,,,,The 5th Element,https://www.dailyscript.com/scripts/thefifthelement.html,html,The 5th Element,right_only
,,,,,,,,,The 9th Gate,https://www.dailyscript.com/scripts/theninthgate.html,html,The 9th Gate,right_only
https://assets.scriptslug.com/live/pdf/scripts/the-a-team-2010.pdf?v=1729115005,The A Team,,,left_only,The A Team,,,,,,,,left_only
https://assets.scriptslug.com/live/pdf/scripts/the-abyss-1989.pdf?v=1729115005,The Abyss,The Abyss,"https://imsdb.com//scripts//Abyss,-The.html",both,The Abyss,,,,The Abyss,https://www.dailyscript.com/scripts/abyss.html,html,The Abyss,both
https://assets.scriptslug.com/live/pdf/scripts/the-accidental-tourist-1988.pdf?v=1729115006,The Accidental Tourist,,,left_only,The Accidental Tourist,,,,,,,,left_only
https://assets.scriptslug.com/live/pdf/scripts/the-accountant-2016.pdf?v=1729115006,The Accountant,,,left_only,The Accountant,,,,,,,,left_only
https://assets.scriptslug.com/live/pdf/scripts/the-addams-family-1991.pdf?v=1729115006,The Addams Family,The Addams Family,"https://imsdb.com//scripts//Addams-Family,-The.html",both,The Addams Family,,,,The Addams Family,https://www.dailyscript.com/scripts/the_addams_family.pdf,pdf,The Addams Family,both
https://assets.scriptslug.com/live/pdf/scripts/the-adjustment-bureau-2011.pdf?v=1729115006,The Adjustment Bureau,The Adjustment Bureau,"https://imsdb.com//scripts//Adjustment-Bureau,-The.html",both,The Adjustment Bureau,,,,,,,,left_only
,,The Adventures Of Buckaroo Banzai Across The Eighth Dimension,"https://imsdb.com//scripts//Adventures-of-Buckaroo-Banzai-Across-the-Eighth-Dimension,-The.html",right_only,The Adventures Of Buckaroo Banzai Across The Eighth Dimension,,,,,,,,left_only
https://assets.scriptslug.com/live/pdf/scripts/the-adventures-of-ford-fairlane-1990.pdf?v=1729115006,The Adventures Of Ford Fairlane,,,left_only,The Adventures Of Ford Fairlane,,,,,,,,left_only
,,,,,,,,,The Adventures of Ford Fairlane (Ford Fairlane ),https://www.dailyscript.com/scripts/ford-fairlane_early.html,html,The Adventures Of Ford Fairlane (ford Fairlane ),right_only
https://assets.scriptslug.com/live/pdf/scripts/the-adventures-of-tintin-2011.pdf?v=1729115006,The Adventures Of Tintin,,,left_only,The Adventures Of Tintin,,,,,,,,left_only
https://assets.scriptslug.com/live/pdf/scripts/the-african-queen-1951.pdf?v=1729115006,The African Queen,,,left_only,The African Queen,,,,The African Queen,"https://www.dailyscript.com/scripts/African%20Queen,%20The%20(1951).txt",txt,The African Queen,both
https://assets.scriptslug.com/live/pdf/scripts/the-american-2010.pdf?v=1729115006,The American,The American,"https://imsdb.com//scripts//American,-The.html",both,The American,,,,,,,,left_only
https://assets.scriptslug.com/live/pdf/scripts/the-american-president-1995.pdf?v=1729115007,The American President,The American President,"https://imsdb.com//scripts//American-President,-The.html",both,The American President,,,,The American President,https://www.dailyscript.com/scripts/american_president.html,html,The American President,both
,,The Amityville Asylum,"https://imsdb.com//scripts//Amityville-Asylum,-The.html",right_only,The Amityville Asylum,,,,,,,,left_only
https://assets.scriptslug.com/live/pdf/scripts/the-amityville-horror-1979.pdf?v=1729115007,The Amityville Horror,,,left_only,The Amityville Horror,,,,,,,,left_only
,,The Anniversary Party,"https://imsdb.com//scripts//Anniversary-Party,-The.html",right_only,The Anniversary Party,,,,The Anniversary Party,https://www.dailyscript.com/scripts/anniversaryparty.html,html,The Anniversary Party,both
https://assets.scriptslug.com/live/pdf/scripts/the-apartment-1960.pdf?v=1729115007,The Apartment,The Apartment,"https://imsdb.com//scripts//Apartment,-The.html",both,The Apartment,,,,The Apartment,https://www.dailyscript.com/scripts/apartment.html,html,The Apartment,both
https://assets.scriptslug.com/live/pdf/scripts/the-artist-2011.pdf?v=1729115007,The Artist,The Artist,"https://imsdb.com//scripts//Artist,-The.html",both,The Artist,,,,,,,,left_only
,,The Assignment,"https://imsdb.com//scripts//Assignment,-The.html",right_only,The Assignment,,,,The Assignment,"https://www.dailyscript.com/scripts/Assignment,%20The.txt",txt,The Assignment,both
https://assets.scriptslug.com/live/pdf/scripts/the-avengers-2012.pdf?v=1729115007,The Avengers,The Avengers,"https://imsdb.com//scripts//Avengers,-The.html",both,The Avengers,,,,The Avengers,https://www.dailyscript.com/scripts/Avengers.html,html,The Avengers,both
https://assets.scriptslug.com/live/pdf/scripts/the-avengers-2012.pdf?v=1729115007,The Avengers,The Avengers,"https://imsdb.com//scripts//Avengers,-The-(2012).html",both,The Avengers,,,,The Avengers,https://www.dailyscript.com/scripts/Avengers.html,html,The Avengers,both
https://assets.scriptslug.com/live/pdf/scripts/the-aviator-2004.pdf?v=1729115007,The Aviator,,,left_only,The Aviator,,,,,,,,left_only
https://assets.scriptslug.com/live/pdf/scripts/the-babadook-2011.pdf?v=1729115007,The Babadook,,,left_only,The Babadook,,,,,,,,left_only
https://assets.scriptslug.com/live/pdf/scripts/the-babysitter-2017.pdf?v=1729115007,The Babysitter,,,left_only,The Babysitter,,,,,,,,left_only
,,The Bachelor Party,"https://imsdb.com//scripts//Bachelor-Party,-The.html",right_only,The Bachelor Party,,,,,,,,left_only
,,The Back Up Plan,"https://imsdb.com//scripts//Back-up-Plan,-The.html",right_only,The Back Up Plan,,,,,,,,left_only
https://assets.scriptslug.com/live/pdf/scripts/the-ballad-of-buster-scruggs-2018.pdf?v=1729115007,The Ballad Of Buster Scruggs,,,left_only,The Ballad Of Buster Scruggs,,,,,,,,left_only
https://assets.scriptslug.com/live/pdf/scripts/the-banshees-of-inisherin-2022.pdf?v=1729115007,The Banshees Of Inisherin,,,left_only,The Banshees Of Inisherin,,,,,,,,left_only
https://assets.scriptslug.com/live/pdf/scripts/the-batman-2022.pdf?v=1729115008,The Batman,,,left_only,The Batman,,,,,,,,left_only
,,The Battle Of Algiers,"https://imsdb.com//scripts//Battle-of-Algiers,-The.html",right_only,The Battle Of Algiers,,,,The Battle of Algiers,https://www.dailyscript.com/scripts/boa.html,html,The Battle Of Algiers,both
,,The Battle Of Shaker Heights,"https://imsdb.com//scripts//Battle-of-Shaker-Heights,-The.html",right_only,The Battle Of Shaker Heights,,,,The Battle of Shaker Heights,"https://www.dailyscript.com/scripts/Battle%20Of%20Shaker%20Heights,%20The.txt",txt,The Battle Of Shaker Heights,both
,,The Beach,"https://imsdb.com//scripts//Beach,-The.html",right_only,The Beach,,,,,,,,left_only
https://assets.scriptslug.com/live/pdf/scripts/the-beach-bum-2019.pdf?v=1729115008,The Beach Bum,,,left_only,The Beach Bum,,,,,,,,left_only
https://assets.scriptslug.com/live/pdf/scripts/the-beekeeper-2024.pdf?v=1729115008,The Beekeeper,The Beekeeper,"https://imsdb.com//scripts//Beekeeper,-The.html",both,The Beekeeper,,,,,,,,left_only
https://assets.scriptslug.com/live/pdf/scripts/the-beguiled-1971.pdf?v=1729115008,The Beguiled,,,left_only,The Beguiled,,,,,,,,left_only
https://assets.scriptslug.com/live/pdf/scripts/the-beguiled-2017.pdf?v=1729115008,The Beguiled,,,left_only,The Beguiled,,,,,,,,left_only
,,The Believer,"https://imsdb.com//scripts//Believer,-The.html",right_only,The Believer,,,,The Believer,https://www.dailyscript.com/scripts/thebeliever.html,html,The Believer,both
,,The Best Exotic Marigold Hotel,"https://imsdb.com//scripts//Best-Exotic-Marigold-Hotel,-The.html",right_only,The Best Exotic Marigold Hotel,,,,,,,,left_only
https://assets.scriptslug.com/live/pdf/scripts/the-bfg-2016.pdf?v=1729115008,The Bfg,,,left_only,The Bfg,,,,,,,,left_only
,,The Big Blue,"https://imsdb.com//scripts//Big-Blue,-The.html",right_only,The Big Blue,,,,The Big Blue,https://www.dailyscript.com/scripts/thebigblue.html,html,The Big Blue,both
https://assets.scriptslug.com/live/pdf/scripts/the-big-chill-1983.pdf?v=1729115008,The Big Chill,,,left_only,The Big Chill,,,,,,,,left_only
https://assets.scriptslug.com/live/pdf/scripts/the-big-easy-1986.pdf?v=1729115008,The Big Easy,,,left_only,The Big Easy,,,,The Big Easy,https://www.dailyscript.com/scripts/bigeasy.pdf,pdf,The Big Easy,both
https://assets.scriptslug.com/live/pdf/scripts/the-big-lebowski-2004.pdf?v=1729115008,The Big Lebowski,The Big Lebowski,"https://imsdb.com//scripts//Big-Lebowski,-The.html",both,The Big Lebowski,,,,The Big Lebowski,"https://www.dailyscript.com/scripts/Big%20Lebowski,%20The.txt",txt,The Big Lebowski,both
https://assets.scriptslug.com/live/pdf/scripts/the-big-short-2015.pdf?v=1729115009,The Big Short,,,left_only,The Big Short,,,,,,,,left_only
https://assets.scriptslug.com/live/pdf/scripts/the-big-sick-2017.pdf?v=1729115009,The Big Sick,The Big Sick,"https://imsdb.com//scripts//Big-Sick,-The.html",both,The Big Sick,,,,The Big Sick,https://www.dailyscript.com/scripts/BIG-SICK_final-script_for-academy.pdf,pdf,The Big Sick,both
,,,,,,,,,The Big Sleep,https://www.dailyscript.com/scripts/Big_Sleep.pdf,pdf,The Big Sleep,right_only
,,The Big White,"https://imsdb.com//scripts//Big-White,-The.html",right_only,The Big White,,,,,,,,left_only
,,,,,,,,,The Bijou,https://www.dailyscript.com/scripts/TheBijou.html,html,The Bijou,right_only
https://assets.scriptslug.com/live/pdf/scripts/the-birdcage-1996.pdf?v=1729115009,The Birdcage,,,left_only,The Birdcage,,,,,,,,left_only
https://assets.scriptslug.com/live/pdf/scripts/the-birds-1963.pdf?v=1729115009,The Birds,The Birds,"https://imsdb.com//scripts//Birds,-The.html",both,The Birds,,,,The Birds,"https://www.dailyscript.com/scripts/Birds,%20The.txt",txt,The Birds,both
https://assets.scriptslug.com/live/pdf/scripts/the-birth-of-a-nation-2016.pdf?v=1729115009,The Birth Of A Nation,,,left_only,The Birth Of A Nation,,,,,,,,left_only
,,The Black Dahlia,"https://imsdb.com//scripts//Black-Dahlia,-The.html",right_only,The Black Dahlia,,,,The Black Dahlia,https://www.dailyscript.com/scripts/Black%20Dahlia.pdf,pdf,The Black Dahlia,both
,,The Blast From The Past,"https://imsdb.com//scripts//Blast-from-the-Past,-The.html",right_only,The Blast From The Past,,,,The Blast from the Past,https://www.dailyscript.com/scripts/Blast-from-the-Past.htm,htm,The Blast From The Past,both
,,The Blind Side,"https://imsdb.com//scripts//Blind-Side,-The.html",right_only,The Blind Side,,,,,,,,left_only
https://assets.scriptslug.com/live/pdf/scripts/bling-ring-2013.pdf?v=1729114874,The Bling Ring,The Bling Ring,"https://imsdb.com//scripts//Bling-Ring,-The.html",both,The Bling Ring,,,,,,,,left_only
https://assets.scriptslug.com/live/pdf/scripts/the-blob-1988.pdf?v=1729115009,The Blob,,,left_only,The Blob,,,,,,,,left_only
https://assets.scriptslug.com/live/pdf/scripts/the-blues-brothers-1980.pdf?v=1729115009,The Blues Brothers,The Blues Brothers,"https://imsdb.com//scripts//Blues-Brothers,-The.html",both,The Blues Brothers,The Blues Brothers,HTML len = 0 : no content scrapped,The Blues Brothers,The Blues Brothers,https://www.dailyscript.com/scripts/bluesbrothers_script.pdf,pdf,The Blues Brothers,both
,,,,,,,,,The Body Snatcher,https://www.dailyscript.com/scripts/TheBodySnatcher.htm,htm,The Body Snatcher,right_only
https://assets.scriptslug.com/live/pdf/scripts/the-bodyguard-1992.pdf?v=1729115009,The Bodyguard,,,left_only,The Bodyguard,,,,The Bodyguard,https://www.dailyscript.com/scripts/The_Body_Guard.pdf,pdf,The Bodyguard,both
https://assets.scriptslug.com/live/pdf/scripts/the-bonfire-of-the-vanities-1990.pdf?v=1729115009,The Bonfire Of The Vanities,,,left_only,The Bonfire Of The Vanities,,,,,,,,left_only
,,The Book Of Eli,"https://imsdb.com//scripts//Book-of-Eli,-The.html",right_only,The Book Of Eli,,,,,,,,left_only
https://assets.scriptslug.com/live/pdf/scripts/boondock-saints-1999.pdf?v=1729114876,The Boondock Saints,The Boondock Saints,"https://imsdb.com//scripts//Boondock-Saints,-The.html",both,The Boondock Saints,,,,The Boondock Saints,"https://www.dailyscript.com/scripts/Boondock%20Saints,%20The.txt",txt,The Boondock Saints,both
https://assets.scriptslug.com/live/pdf/scripts/the-boondock-saints-ii-all-saints-day-2009.pdf?v=1729115010,The Boondock Saints 2 All Saints Day,,,left_only,The Boondock Saints 2 All Saints Day,,,,,,,,left_only
https://assets.scriptslug.com/live/pdf/scripts/the-boss-baby-family-business-2021.pdf?v=1729115010,The Boss Baby Family Business,,,left_only,The Boss Baby Family Business,,,,,,,,left_only
,,The Bounty Hunter,"https://imsdb.com//scripts//Bounty-Hunter,-The.html",right_only,The Bounty Hunter,,,,,,,,left_only
https://assets.scriptslug.com/live/pdf/scripts/the-bourne-identity-2002.pdf?v=1729115010,The Bourne Identity,The Bourne Identity,"https://imsdb.com//scripts//Bourne-Identity,-The.html",both,The Bourne Identity,,,,The Bourne Identity,https://www.dailyscript.com/scripts/bourneidentity.html,html,The Bourne Identity,both
https://assets.scriptslug.com/live/pdf/scripts/the-bourne-supremacy-2004.pdf?v=1729115010,The Bourne Supremacy,The Bourne Supremacy,"https://imsdb.com//scripts//Bourne-Supremacy,-The.html",both,The Bourne Supremacy,,,,The Bourne Supremacy,https://www.dailyscript.com/scripts/bournesupremacy.pdf,pdf,The Bourne Supremacy,both
https://assets.scriptslug.com/live/pdf/scripts/the-bourne-ultimatum-2007.pdf?v=1729115010,The Bourne Ultimatum,The Bourne Ultimatum,"https://imsdb.com//scripts//Bourne-Ultimatum,-The.html",both,The Bourne Ultimatum,,,,The Bourne Ultimatum,https://www.dailyscript.com/scripts/Bourne-Ultimatum.pdf,pdf,The Bourne Ultimatum,both
,,The Box,"https://imsdb.com//scripts//Box,-The.html",right_only,The Box,,,,,,,,left_only
https://assets.scriptslug.com/live/pdf/scripts/the-boxtrolls-2014.pdf?v=1729115010,The Boxtrolls,The Boxtrolls,"https://imsdb.com//scripts//Boxtrolls,-The.html",both,The Boxtrolls,,,,The Boxtrolls,https://www.dailyscript.com/scripts/boxtrolls-screenplay.pdf,pdf,The Boxtrolls,both
https://assets.scriptslug.com/live/pdf/scripts/the-boy-2016.pdf?v=1729115010,The Boy,,,left_only,The Boy,,,,,,,,left_only
,,,,,,,,,The Boy Next Door,https://www.dailyscript.com/scripts/TheBoyNextDoor.pdf,pdf,The Boy Next Door,right_only
https://assets.scriptslug.com/live/pdf/scripts/the-brady-bunch-movie-1995.pdf?v=1729115010,The Brady Bunch Movie,,,left_only,The Brady Bunch Movie,,,,,,,,left_only
https://assets.scriptslug.com/live/pdf/scripts/the-breakfast-club-1985.pdf?v=1729115010,The Breakfast Club,The Breakfast Club,"https://imsdb.com//scripts//Breakfast-Club,-The.html",both,The Breakfast Club,,,,The Breakfast Club,https://www.dailyscript.com/scripts/Breakfast_Club.pdf,pdf,The Breakfast Club,both
https://assets.scriptslug.com/live/pdf/scripts/the-brothers-bloom-2008.pdf?v=1729115011,The Brothers Bloom,The Brothers Bloom,"https://imsdb.com//scripts//Brothers-Bloom,-The.html",both,The Brothers Bloom,,,,,,,,left_only
https://assets.scriptslug.com/live/pdf/scripts/the-brutalist-2024.pdf?v=1738462790,The Brutalist,The Brutalist,"https://imsdb.com//scripts//Brutalist,-The.html",both,The Brutalist,,,,,,,,left_only
,,,,,,,,,The Bucket List,https://www.dailyscript.com/scripts/The_Bucket_List_4-16-05.pdf,pdf,The Bucket List,right_only
https://assets.scriptslug.com/live/pdf/scripts/the-burbs-1989.pdf?v=1729115011,The Burbs,,,left_only,The Burbs,,,,,,,,left_only
https://assets.scriptslug.com/live/pdf/scripts/the-burial-2023.pdf?v=1729115011,The Burial,,,left_only,The Burial,,,,,,,,left_only
,,,,,,,,,The Butler,"https://www.dailyscript.com/scripts/Butler,_The-Danny+Strong_[03.17.2010].pdf",pdf,The Butler,right_only
,,The Butterfly Effect,"https://imsdb.com//scripts//Butterfly-Effect,-The.html",right_only,The Butterfly Effect,,,,The Butterfly Effect,"https://www.dailyscript.com/scripts/Butterfly+Effect,+The.txt",txt,The Butterfly Effect,both
https://assets.scriptslug.com/live/pdf/scripts/the-cabin-in-the-woods-2012.pdf?v=1729114881,The Cabin In The Woods,,,left_only,The Cabin In The Woods,,,,,,,,left_only
,,,,,,,,,The Cable Guy,https://www.dailyscript.com/scripts/The-Cable-Guy.txt,txt,The Cable Guy,right_only
https://assets.scriptslug.com/live/pdf/scripts/the-card-counter-2021.pdf?v=1729115011,The Card Counter,,,left_only,The Card Counter,,,,,,,,left_only
,,,,,,,,,The Cat People,https://www.dailyscript.com/scripts/catpeople.html,html,The Cat People,right_only
,,The Cell,"https://imsdb.com//scripts//Cell,-The.html",right_only,The Cell,,,,The Cell,https://www.dailyscript.com/scripts/the_cell.html,html,The Cell,both
,,The Change Up,"https://imsdb.com//scripts//Change-Up,-The.html",right_only,The Change Up,,,,,,,,left_only
https://assets.scriptslug.com/live/pdf/scripts/the-children-of-the-corn-1984.pdf?v=1729115011,The Children Of The Corn,,,left_only,The Children Of The Corn,,,,,,,,left_only
,,,,,,,,,"The Chronicles of Narnia: The Lion, the Witch and the Wardrobe (formerly The Hundred Year Winter)",https://www.dailyscript.com/scripts/Chronicles_of_Narnia.pdf,pdf,The Chronicles Of Narnia The Lion The Witch And The Wardrobe (formerly The Hundred Year Winter),right_only
,,The Cider House Rules,"https://imsdb.com//scripts//Cider-House-Rules,-The.html",right_only,The Cider House Rules,,,,The Cider House Rules,"https://www.dailyscript.com/scripts/Cider%20House%20Rules,%20The.txt",txt,The Cider House Rules,both
,,The Cincinnati Kid,"https://imsdb.com//scripts//Cincinnati-Kid,-The.html",right_only,The Cincinnati Kid,,,,The Cincinnati Kid,"https://www.dailyscript.com/scripts/Cincinnati%20Kid,%20The.txt",txt,The Cincinnati Kid,both
https://assets.scriptslug.com/live/pdf/scripts/the-civil-dead-2022.pdf?v=1729115011,The Civil Dead,,,left_only,The Civil Dead,,,,,,,,left_only
https://assets.scriptslug.com/live/pdf/scripts/the-color-purple-1985.pdf?v=1729115011,The Color Purple,The Color Purple,"https://imsdb.com//scripts//Color-Purple,-The.html",both,The Color Purple,,,,,,,,left_only
https://assets.scriptslug.com/live/pdf/scripts/the-color-purple-2023.pdf?v=1729115011,The Color Purple,The Color Purple,"https://imsdb.com//scripts//Color-Purple,-The.html",both,The Color Purple,,,,,,,,left_only
https://assets.scriptslug.com/live/pdf/scripts/the-comedian-2016.pdf?v=1729115011,The Comedian,,,left_only,The Comedian,,,,The Comedian,https://www.dailyscript.com/scripts/thecomedian_screenplay.pdf,pdf,The Comedian,both
https://assets.scriptslug.com/live/pdf/scripts/the-conjuring-2013.pdf?v=1729115012,The Conjuring,,,left_only,The Conjuring,,,,,,,,left_only
https://assets.scriptslug.com/live/pdf/scripts/the-conversation-1974.pdf?v=1729115012,The Conversation,,,left_only,The Conversation,,,,,,,,left_only
,,The Cooler,"https://imsdb.com//scripts//Cooler,-The.html",right_only,The Cooler,,,,The Cooler,"https://www.dailyscript.com/scripts/Cooler,%20The.txt",txt,The Cooler,both
,,,,,,,,,The Corruptor,https://www.dailyscript.com/scripts/TheCorruptor.txt,txt,The Corruptor,right_only
https://assets.scriptslug.com/live/pdf/scripts/the-cotton-club-1984.pdf?v=1729115012,The Cotton Club,,,left_only,The Cotton Club,,,,,,,,left_only
https://assets.scriptslug.com/live/pdf/scripts/the-craft-1996.pdf?v=1729115012,The Craft,,,left_only,The Craft,,,,,,,,left_only
,,The Croods,"https://imsdb.com//scripts//Croods,-The.html",right_only,The Croods,,,,,,,,left_only
https://assets.scriptslug.com/live/pdf/scripts/the-crow-1994.pdf?v=1729115012,The Crow,The Crow,"https://imsdb.com//scripts//Crow,-The.html",both,The Crow,,,,The Crow,https://www.dailyscript.com/scripts/the_crow.html,html,The Crow,both
,,The Crow City Of Angels,"https://imsdb.com//scripts//Crow-City-of-Angels,-The.html",right_only,The Crow City Of Angels,,,,,,,,left_only
,,The Crow Salvation,"https://imsdb.com//scripts//Crow-Salvation,-The.html",right_only,The Crow Salvation,,,,The Crow Salvation,https://www.dailyscript.com/scripts/TheCrowSalvation.htm,htm,The Crow Salvation,both
,,,,,,,,,The Crowded Room,https://www.dailyscript.com/scripts/A-Crowded-Room.txt,txt,The Crowded Room,right_only
,,,,,,,,,The Crying Game,https://www.dailyscript.com/scripts/cg.html,html,The Crying Game,right_only
https://assets.scriptslug.com/live/pdf/scripts/the-curious-case-of-benjamin-button-2008.pdf?v=1729115012,The Curious Case Of Benjamin Button,The Curious Case Of Benjamin Button,"https://imsdb.com//scripts//Curious-Case-of-Benjamin-Button,-The.html",both,The Curious Case Of Benjamin Button,,,,,,,,left_only
https://assets.scriptslug.com/live/pdf/scripts/the-cutting-edge-1992.pdf?v=1729115012,The Cutting Edge,,,left_only,The Cutting Edge,,,,,,,,left_only
,,The Damned United,"https://imsdb.com//scripts//Damned-United,-The.html",right_only,The Damned United,,,,,,,,left_only
https://assets.scriptslug.com/live/pdf/scripts/the-danish-girl-2015.pdf?v=1729115012,The Danish Girl,The Danish Girl,"https://imsdb.com//scripts//Danish-Girl,-The.html",both,The Danish Girl,,,,,,,,left_only
https://assets.scriptslug.com/live/pdf/scripts/the-dark-knight-2008.pdf?v=1729115013,The Dark Knight,The Dark Knight,"https://imsdb.com//scripts//Dark-Knight,-The.html",both,The Dark Knight,The Dark Knight,"Webstatus : 404
",The Dark Knight,,,,,left_only
https://assets.scriptslug.com/live/pdf/scripts/the-dark-knight-rises-2012.pdf?v=1729115013,The Dark Knight Rises,The Dark Knight Rises,"https://imsdb.com//scripts//Dark-Knight-Rises,-The.html",both,The Dark Knight Rises,,,,,,,,left_only
,,The Day The Clown Cried,"https://imsdb.com//scripts//Day-the-Clown-Cried,-The.html",right_only,The Day The Clown Cried,,,,The Day the Clown Cried,"https://www.dailyscript.com/scripts/Day%20The%20Clown%20Cried,%20The.txt",txt,The Day The Clown Cried,both
,,The Day The Earth Stood Still,"https://imsdb.com//scripts//Day-the-Earth-Stood-Still,-The.html",right_only,The Day The Earth Stood Still,,,,The Day The Earth Stood Still,"https://www.dailyscript.com/scripts/Day%20The%20Earth%20Stood%20Still,%20The.txt",txt,The Day The Earth Stood Still,both
https://assets.scriptslug.com/live/pdf/scripts/the-dead-zone-1983.pdf?v=1729115013,The Dead Zone,,,left_only,The Dead Zone,,,,,,,,left_only
,,The Debt,"https://imsdb.com//scripts//Debt,-The.html",right_only,The Debt,,,,,,,,left_only
https://assets.scriptslug.com/live/pdf/scripts/the-deer-hunter-1978.pdf?v=1729115013,The Deer Hunter,The Deer Hunter,"https://imsdb.com//scripts//Deer-Hunter,-The.html",both,The Deer Hunter,,,,The Deer Hunter,https://www.dailyscript.com/scripts/deer_hunter.html,html,The Deer Hunter,both
https://assets.scriptslug.com/live/pdf/scripts/the-departed-2006.pdf?v=1729115013,The Departed,The Departed,"https://imsdb.com//scripts//Departed,-The.html",both,The Departed,,,,The Departed,https://www.dailyscript.com/scripts/departed.pdf,pdf,The Departed,both
https://assets.scriptslug.com/live/pdf/scripts/the-descendants-2011.pdf?v=1729115013,The Descendants,The Descendants,"https://imsdb.com//scripts//Descendants,-The.html",both,The Descendants,,,,,,,,left_only
https://assets.scriptslug.com/live/pdf/scripts/the-descent-2005.pdf?v=1729115013,The Descent,,,left_only,The Descent,,,,,,,,left_only
https://assets.scriptslug.com/live/pdf/scripts/the-devil-wears-prada-2006.pdf?v=1729115013,The Devil Wears Prada,The Devil Wears Prada,"https://imsdb.com//scripts//Devil-Wears-Prada,-The.html",both,The Devil Wears Prada,,,,The Devil Wears Prada,https://www.dailyscript.com/scripts/devil_wears_prada.pdf,pdf,The Devil Wears Prada,both
https://assets.scriptslug.com/live/pdf/scripts/the-devils-advocate-1997.pdf?v=1729115013,The Devils Advocate,,,left_only,The Devils Advocate,,,,The Devil's Advocate,https://www.dailyscript.com/scripts/devils_advocate.pdf,pdf,The Devils Advocate,both
https://assets.scriptslug.com/live/pdf/scripts/the-devils-rejects-2005.pdf?v=1729115014,The Devils Rejects,,,left_only,The Devils Rejects,,,,,,,,left_only
https://assets.scriptslug.com/live/pdf/scripts/the-disaster-artist-2017.pdf?v=1729115014,The Disaster Artist,,,left_only,The Disaster Artist,,,,The Disaster Artist,https://www.dailyscript.com/scripts/The_Disaster_Artist_Script.pdf,pdf,The Disaster Artist,both
,,The Distinguished Gentleman,"https://imsdb.com//scripts//Distinguished-Gentleman,-The.html",right_only,The Distinguished Gentleman,,,,The Distinguished Gentleman,https://www.dailyscript.com/scripts/Distinguished_Gentleman.pdf,pdf,The Distinguished Gentleman,both
,,,,,,,,,The Diving Bell and the Butterfly (Le Scaphandre et le papillon),https://www.dailyscript.com/scripts/The_Diving_Bell_and_the_Butterfly.pdf,pdf,The Diving Bell And The Butterfly (le Scaphandre Et Le Papillon),right_only
,,The Doors,"https://imsdb.com//scripts//Doors,-The.html",right_only,The Doors,,,,The Doors,"https://www.dailyscript.com/scripts/Doors,%20The.txt",txt,The Doors,both
,,,,,,,,,The Doors of Perception,"https://www.dailyscript.com/scripts/Doors%20Of%20Perception,%20The%20(Unproduced).txt",txt,The Doors Of Perception,right_only
https://assets.scriptslug.com/live/pdf/scripts/the-double-2013.pdf?v=1729115014,The Double,,,left_only,The Double,,,,,,,,left_only
,,,,,,,,,The Dragons of Krull,https://www.dailyscript.com/scripts/Krull.html,html,The Dragons Of Krull,right_only
https://assets.scriptslug.com/live/pdf/scripts/the-driver-1978.pdf?v=1729115014,The Driver,,,left_only,The Driver,,,,,,,,left_only
https://assets.scriptslug.com/live/pdf/scripts/the-edge-of-seventeen-2016.pdf?v=1729115014,The Edge Of Seventeen,,,left_only,The Edge Of Seventeen,,,,,,,,left_only
,,,,,,,,,The Egyptian,https://www.dailyscript.com/scripts/The_Egyptian.pdf,pdf,The Egyptian,right_only
,,,,,,,,,The Electric Horseman,https://www.dailyscript.com/scripts/theelectrichorseman.pdf,pdf,The Electric Horseman,right_only
https://assets.scriptslug.com/live/pdf/scripts/the-electrical-life-of-louis-wain-2021.pdf?v=1729115014,The Electrical Life Of Louis Wain,,,left_only,The Electrical Life Of Louis Wain,,,,,,,,left_only
,,The Elephant Man,"https://imsdb.com//scripts//Elephant-Man,-The.html",right_only,The Elephant Man,,,,The Elephant Man,"https://www.dailyscript.com/scripts/Elephant+Man,+The.txt",txt,The Elephant Man,both
,,,,,,,,,The End of the Tour,https://www.dailyscript.com/scripts/EndOfTourScript.pdf,pdf,The End Of The Tour,right_only
,,The English Patient,"https://imsdb.com//scripts//English-Patient,-The.html",right_only,The English Patient,,,,The English Patient,https://www.dailyscript.com/scripts/englishpatient.html,html,The English Patient,both
https://assets.scriptslug.com/live/pdf/scripts/the-entity-1983.pdf?v=1729115014,The Entity,,,left_only,The Entity,,,,,,,,left_only
https://assets.scriptslug.com/live/pdf/scripts/the-event-2022.pdf?v=1729115014,The Event,,,left_only,The Event,,,,,,,,left_only
https://assets.scriptslug.com/live/pdf/scripts/the-evil-dead-1981.pdf?v=1729115014,The Evil Dead,,,left_only,The Evil Dead,,,,,,,,left_only
https://assets.scriptslug.com/live/pdf/scripts/the-exorcist-1973.pdf?v=1729115014,The Exorcist,,,left_only,The Exorcist,,,,,,,,left_only
https://assets.scriptslug.com/live/pdf/scripts/the-exorcist-iii-1990.pdf?v=1729115015,The Exorcist 3,,,left_only,The Exorcist 3,,,,,,,,left_only
https://assets.scriptslug.com/live/pdf/scripts/the-expendables-2010.pdf?v=1729115015,The Expendables,,,left_only,The Expendables,,,,,,,,left_only
https://assets.scriptslug.com/live/pdf/scripts/the-fabelmans-2022.pdf?v=1729115015,The Fabelmans,,,left_only,The Fabelmans,,,,,,,,left_only
,,The Fabulous Baker Boys,"https://imsdb.com//scripts//Fabulous-Baker-Boys,-The.html",right_only,The Fabulous Baker Boys,,,,The Fabulous Baker Boys,https://www.dailyscript.com/scripts/fabulous_baker_boys_april_1985.html,html,The Fabulous Baker Boys,both
,,,,,,,,,The Fact of Murder,https://www.dailyscript.com/scripts/factofmurder.html,html,The Fact Of Murder,right_only
https://assets.scriptslug.com/live/pdf/scripts/the-faculty-1998.pdf?v=1729115015,The Faculty,,,left_only,The Faculty,,,,,,,,left_only
,,,,,,,,,The Faculty (a.k.a The Feelers),https://www.dailyscript.com/scripts/The-Faculty.pdf,pdf,The Faculty (aka The Feelers),right_only
,,The Family Man,"https://imsdb.com//scripts//Family-Man,-The.html",right_only,The Family Man,,,,The Family Man,https://www.dailyscript.com/scripts/familyman.html,html,The Family Man,both
,,,,,,,,,The Fantastic Four,https://www.dailyscript.com/scripts/fantasticfour.html,html,The Fantastic Four,right_only
https://assets.scriptslug.com/live/pdf/scripts/the-farewell-2019.pdf?v=1729115015,The Farewell,,,left_only,The Farewell,,,,,,,,left_only
https://assets.scriptslug.com/live/pdf/scripts/the-fast-and-the-furious-2001.pdf?v=1729115015,The Fast And The Furious,,,left_only,The Fast And The Furious,,,,,,,,left_only
https://assets.scriptslug.com/live/pdf/scripts/the-father-2020.pdf?v=1729115015,The Father,,,left_only,The Father,,,,,,,,left_only
https://assets.scriptslug.com/live/pdf/scripts/the-fault-in-our-stars-2014.pdf?v=1729115015,The Fault In Our Stars,The Fault In Our Stars,"https://imsdb.com//scripts//Fault-in-Our-Stars,-The.html",both,The Fault In Our Stars,,,,The Fault in our Stars,https://www.dailyscript.com/scripts/TFIOS_Final_Shooting_Script.pdf,pdf,The Fault In Our Stars,both
https://assets.scriptslug.com/live/pdf/scripts/the-favourite-2018.pdf?v=1729115016,The Favourite,,,left_only,The Favourite,,,,,,,,left_only
https://assets.scriptslug.com/live/pdf/scripts/the-fifth-element-1997.pdf?v=1729115016,The Fifth Element,The Fifth Element,"https://imsdb.com//scripts//Fifth-Element,-The.html",both,The Fifth Element,,,,,,,,left_only
,,The Fighter,"https://imsdb.com//scripts//Fighter,-The.html",right_only,The Fighter,,,,,,,,left_only
https://assets.scriptslug.com/live/pdf/scripts/the-firm-1993.pdf?v=1729115016,The Firm,,,left_only,The Firm,,,,,,,,left_only
,,,,,,,,,The Fisher King,https://www.dailyscript.com/scripts/fisher-king_early.html,html,The Fisher King,right_only
,,The Flintstones,"https://imsdb.com//scripts//Flintstones,-The.html",right_only,The Flintstones,,,,The Flintstones,https://www.dailyscript.com/scripts/The_Flintstones.pdf,pdf,The Flintstones,both
https://assets.scriptslug.com/live/pdf/scripts/the-florida-project-2017.pdf?v=1729115016,The Florida Project,,,left_only,The Florida Project,,,,The Florida Project,https://www.dailyscript.com/scripts/The_Florida_Project_Script.pdf,pdf,The Florida Project,both
https://assets.scriptslug.com/live/pdf/scripts/the-fly-1986.pdf?v=1729115016,The Fly,,,left_only,The Fly,,,,,,,,left_only
https://assets.scriptslug.com/live/pdf/scripts/the-fly-ii-1989.pdf?v=1729115016,The Fly 2,,,left_only,The Fly 2,,,,,,,,left_only
https://assets.scriptslug.com/live/pdf/scripts/the-fog-1980.pdf?v=1729115016,The Fog,,,left_only,The Fog,,,,,,,,left_only
https://assets.scriptslug.com/live/pdf/scripts/the-founder-2016.pdf?v=1729115016,The Founder,,,left_only,The Founder,,,,The Founder,https://www.dailyscript.com/scripts/THE-FOUNDER_Script_wCover_Rd12.pdf,pdf,The Founder,both
https://assets.scriptslug.com/live/pdf/scripts/the-fourth-kind-2009.pdf?v=1729115017,The Fourth Kind,,,left_only,The Fourth Kind,,,,,,,,left_only
https://assets.scriptslug.com/live/pdf/scripts/the-french-connection-1971.pdf?v=1729115017,The French Connection,The French Connection,"https://imsdb.com//scripts//French-Connection,-The.html",both,The French Connection,,,,The French Connection,https://www.dailyscript.com/scripts/frenchconnection.html,html,The French Connection,both
https://assets.scriptslug.com/live/pdf/scripts/the-french-dispatch-2021.pdf?v=1729115017,The French Dispatch,,,left_only,The French Dispatch,,,,,,,,left_only
https://assets.scriptslug.com/live/pdf/scripts/the-frighteners-1996.pdf?v=1729115017,The Frighteners,,,left_only,The Frighteners,,,,,,,,left_only
https://assets.scriptslug.com/live/pdf/scripts/the-front-runner-2018.pdf?v=1729115017,The Front Runner,,,left_only,The Front Runner,,,,,,,,left_only
,,The Fugitive,"https://imsdb.com//scripts//Fugitive,-The.html",right_only,The Fugitive,,,,The Fugitive,https://www.dailyscript.com/scripts/Fugitive_EARLY.pdf,pdf,The Fugitive,both
,,,,,,,,,The Fugitive ,https://www.dailyscript.com/scripts/fugitive.html,html,The Fugitive ,right_only
https://assets.scriptslug.com/live/pdf/scripts/the-gambler-2014.pdf?v=1729115017,The Gambler,,,left_only,The Gambler,,,,,,,,left_only
,,The Game,"https://imsdb.com//scripts//Game,-The.html",right_only,The Game,,,,The Game,https://www.dailyscript.com/scripts/the-game_shooting.html,html,The Game,both
https://assets.scriptslug.com/live/pdf/scripts/the-gentleman-2019.pdf?v=1729115017,The Gentlemen,,,left_only,The Gentlemen,,,,,,,,left_only
,,The Getaway,"https://imsdb.com//scripts//Getaway,-The.html",right_only,The Getaway,,,,The Getaway,https://www.dailyscript.com/scripts/getaway.html,html,The Getaway,both
,,The Ghost And The Darkness,"https://imsdb.com//scripts//Ghost-and-the-Darkness,-The.html",right_only,The Ghost And The Darkness,,,,The Ghost and the Darkness,"https://www.dailyscript.com/scripts/Ghost%20And%20The%20Darkness,%20The.txt",txt,The Ghost And The Darkness,both
https://assets.scriptslug.com/live/pdf/scripts/the-girl-on-the-train-2016.pdf?v=1729115017,The Girl On The Train,,,left_only,The Girl On The Train,,,,,,,,left_only
https://assets.scriptslug.com/live/pdf/scripts/the-girl-with-the-dragon-tattoo-2011.pdf?v=1729115017,The Girl With The Dragon Tattoo,The Girl With The Dragon Tattoo,"https://imsdb.com//scripts//Girl-with-the-Dragon-Tattoo,-The.html",both,The Girl With The Dragon Tattoo,,,,,,,,left_only
https://assets.scriptslug.com/live/pdf/scripts/the-godfather-1972.pdf?v=1729115017,The Godfather,,,left_only,The Godfather,,,,The Godfather,"https://www.dailyscript.com/scripts/Godfather,%20The.txt",txt,The Godfather,both
https://assets.scriptslug.com/live/pdf/scripts/the-godfather-part-ii-1974.pdf?v=1729115018,The Godfather Part 2,,,left_only,The Godfather Part 2,,,,The Godfather Part 2,https://www.dailyscript.com/scripts/godfather2.html,html,The Godfather Part 2,both
https://assets.scriptslug.com/live/pdf/scripts/the-godfather-part-iii-1990.pdf?v=1729115018,The Godfather Part 3,The Godfather Part 3,"https://imsdb.com//scripts//Godfather-Part-III,-The.html",both,The Godfather Part 3,,,,,,,,left_only
https://assets.scriptslug.com/live/pdf/scripts/the-good-dinosaur-2015.pdf?v=1729115018,The Good Dinosaur,,,left_only,The Good Dinosaur,,,,,,,,left_only
,,The Good Girl,"https://imsdb.com//scripts//Good-Girl,-The.html",right_only,The Good Girl,,,,,,,,left_only
https://assets.scriptslug.com/live/pdf/scripts/the-good-nurse-2022.pdf?v=1729115018,The Good Nurse,,,left_only,The Good Nurse,,,,,,,,left_only
https://assets.scriptslug.com/live/pdf/scripts/the-good-shepherd-2006.pdf?v=1729115019,The Good Shepherd,,,left_only,The Good Shepherd,,,,,,,,left_only
https://assets.scriptslug.com/live/pdf/scripts/the-goodbye-girl-1977.pdf?v=1729115019,The Goodbye Girl,,,left_only,The Goodbye Girl,,,,,,,,left_only
https://assets.scriptslug.com/live/pdf/scripts/the-goonies-1985.pdf?v=1729115019,The Goonies,,,left_only,The Goonies,,,,The Goonies,https://www.dailyscript.com/scripts/goonies.pdf,pdf,The Goonies,both
https://assets.scriptslug.com/live/pdf/scripts/the-graduate-1967.pdf?v=1729115019,The Graduate,The Graduate,"https://imsdb.com//scripts//Graduate,-The.html",both,The Graduate,,,,The Graduate,https://www.dailyscript.com/scripts/the_graduate.html,html,The Graduate,both
https://assets.scriptslug.com/live/pdf/scripts/the-grand-budapest-hotel-2014.pdf?v=1729115019,The Grand Budapest Hotel,,,left_only,The Grand Budapest Hotel,,,,The Grand Budapest Hotel,https://www.dailyscript.com/scripts/FSP3825_TGBH_SCRIPT_BOOK_C6.pdf,pdf,The Grand Budapest Hotel,both
,,The Grapes Of Wrath,"https://imsdb.com//scripts//Grapes-of-Wrath,-The.html",right_only,The Grapes Of Wrath,,,,The Grapes of Wrath,"https://www.dailyscript.com/scripts/Grapes%20Of%20Wrath,%20The.txt",txt,The Grapes Of Wrath,both
https://assets.scriptslug.com/live/pdf/scripts/the-great-escape-1963.pdf?v=1729115019,The Great Escape,,,left_only,The Great Escape,,,,,,,,left_only
,,The Great Gatsby,"https://imsdb.com//scripts//Great-Gatsby,-The.html",right_only,The Great Gatsby,,,,,,,,left_only
https://assets.scriptslug.com/live/pdf/scripts/the-great-muppet-caper-1981.pdf?v=1729115019,The Great Muppet Caper,,,left_only,The Great Muppet Caper,,,,,,,,left_only
,,,,,,,,,The Great Train Robbery,"https://www.dailyscript.com/scripts/Great%20Train%20Robbery,%20The%20(1903).txt",txt,The Great Train Robbery,right_only
,,,,,,,,,"The Greatest Muppet Movie of All Time (filmed as ""The Muppets"")",https://www.dailyscript.com/scripts/TheGreatestMuppetMovieofAllTimebyJasonSegelandNicholasStoller10-30-09.pdf,pdf,"The Greatest Muppet Movie Of All Time (filmed As ""the Muppets"")",right_only
https://assets.scriptslug.com/live/pdf/scripts/the-greatest-showman-2017.pdf?v=1729115019,The Greatest Showman,,,left_only,The Greatest Showman,,,,,,,,left_only
,,The Green Mile,"https://imsdb.com//scripts//Green-Mile,-The.html",right_only,The Green Mile,,,,,,,,left_only
,,The Grifters,"https://imsdb.com//scripts//Grifters,-The.html",right_only,The Grifters,,,,The Grifters,https://www.dailyscript.com/scripts/Grifters_Westlake.html,html,The Grifters,both
https://assets.scriptslug.com/live/pdf/scripts/the-grudge-2004.pdf?v=1729115019,The Grudge,The Grudge,"https://imsdb.com//scripts//Grudge,-The.html",both,The Grudge,,,,The Grudge,"https://www.dailyscript.com/scripts/GRUDGE,THE-2004.01.26-DOUBLE-BLUE.pdf",pdf,The Grudge,both
https://assets.scriptslug.com/live/pdf/scripts/the-grudge-2020.pdf?v=1729115020,The Grudge,The Grudge,"https://imsdb.com//scripts//Grudge,-The.html",both,The Grudge,,,,The Grudge,"https://www.dailyscript.com/scripts/GRUDGE,THE-2004.01.26-DOUBLE-BLUE.pdf",pdf,The Grudge,both
https://assets.scriptslug.com/live/pdf/scripts/the-guest-2014.pdf?v=1729115020,The Guest,,,left_only,The Guest,,,,,,,,left_only
https://assets.scriptslug.com/live/pdf/scripts/the-hand-of-god-2021.pdf?v=1729115020,The Hand Of God,,,left_only,The Hand Of God,,,,,,,,left_only
https://assets.scriptslug.com/live/pdf/scripts/the-hangover-2009.pdf?v=1729115020,The Hangover,The Hangover,"https://imsdb.com//scripts//Hangover,-The.html",both,The Hangover,,,,,,,,left_only
https://assets.scriptslug.com/live/pdf/scripts/the-happy-prince-2018.pdf?v=1729115020,The Happy Prince,,,left_only,The Happy Prince,,,,,,,,left_only
https://assets.scriptslug.com/live/pdf/scripts/the-harder-they-fall-2021.pdf?v=1729115020,The Harder They Fall,,,left_only,The Harder They Fall,,,,,,,,left_only
https://assets.scriptslug.com/live/pdf/scripts/the-hate-u-give-2018.pdf?v=1729115021,The Hate You Give,,,left_only,The Hate You Give,,,,,,,,left_only
https://assets.scriptslug.com/live/pdf/scripts/the-hateful-eight-2014.pdf?v=1729115021,The Hateful Eight,,,left_only,The Hateful Eight,,,,The Hateful Eight,https://www.dailyscript.com/scripts/H8_SCRIPT_CleanedUp_Final1.pdf,pdf,The Hateful Eight,both
https://assets.scriptslug.com/live/pdf/scripts/the-haunted-mansion-2003.pdf?v=1729115021,The Haunted Mansion,,,left_only,The Haunted Mansion,,,,,,,,left_only
,,The Haunting,"https://imsdb.com//scripts//Haunting,-The.html",right_only,The Haunting,,,,The Haunting,https://www.dailyscript.com/scripts/the-haunting_production.html,html,The Haunting,both
,,,,,,,,,The Haunting (The Haunting of Hill House),https://www.dailyscript.com/scripts/the-haunting_production.html,html,The Haunting (the Haunting Of Hill House),right_only
,,,,,,,,,The Haunting of Hill House (The Haunting),https://www.dailyscript.com/scripts/the-haunting_production.html,html,The Haunting Of Hill House (the Haunting),right_only
,,The Hebrew Hammer,"https://imsdb.com//scripts//Hebrew-Hammer,-The.html",right_only,The Hebrew Hammer,,,,The Hebrew Hammer,https://www.dailyscript.com/scripts/thehebrewhammer.html,html,The Hebrew Hammer,both
https://assets.scriptslug.com/live/pdf/scripts/the-help-2018.pdf?v=1729115021,The Help,The Help,"https://imsdb.com//scripts//Help,-The.html",both,The Help,,,,The Help,https://www.dailyscript.com/scripts/the_help.pdf,pdf,The Help,both
https://assets.scriptslug.com/live/pdf/scripts/the-hills-have-eyes-1976.pdf?v=1729115021,The Hills Have Eyes,The Hills Have Eyes,"https://imsdb.com//scripts//Hills-Have-Eyes,-The.html",both,The Hills Have Eyes,,,,,,,,left_only
,,,,,,,,,The Hills Have Eyes (was Blood Relations The Sun Wars),https://www.dailyscript.com/scripts/The-Hills-Have-Eyes.pdf,pdf,The Hills Have Eyes (was Blood Relations The Sun Wars),right_only
,,,,,,,,,The Hindenberg,"https://www.dailyscript.com/scripts/Hindenburg,%20The%20(1975)%20[4-22-1974].pdf",pdf,The Hindenberg,right_only
https://assets.scriptslug.com/live/pdf/scripts/the-hitcher-1986.pdf?v=1729115021,The Hitcher,,,left_only,The Hitcher,,,,The Hitcher,https://www.dailyscript.com/scripts/TheHitcher.pdf,pdf,The Hitcher,both
https://assets.scriptslug.com/live/pdf/scripts/the-hitchhikers-guide-to-the-galaxy-2005.pdf?v=1729115021,The Hitchhikers Guide To The Galaxy,The Hitchhikers Guide To The Galaxy,"https://imsdb.com//scripts//Hitchhiker's-Guide-to-the-Galaxy,-The.html",both,The Hitchhikers Guide To The Galaxy,,,,,,,,left_only
https://assets.scriptslug.com/live/pdf/scripts/the-hitmans-bodyguard-2017.pdf?v=1729115021,The Hitmans Bodyguard,,,left_only,The Hitmans Bodyguard,,,,,,,,left_only
https://assets.scriptslug.com/live/pdf/scripts/the-hobbit-an-unexpected-journey-scripted-2012.pdf?v=1729115021,The Hobbit An Unexpected Journey,,,left_only,The Hobbit An Unexpected Journey,,,,,,,,left_only
https://assets.scriptslug.com/live/pdf/scripts/the-hobbit-the-desolation-of-smaug-2013.pdf?v=1729115022,The Hobbit The Desolation Of Smaug,,,left_only,The Hobbit The Desolation Of Smaug,,,,,,,,left_only
https://assets.scriptslug.com/live/pdf/scripts/the-holdovers-2023.pdf?v=1729115022,The Holdovers,The Holdovers,"https://imsdb.com//scripts//Holdovers,-The.html",both,The Holdovers,,,,,,,,left_only
https://assets.scriptslug.com/live/pdf/scripts/the-hole-2009.pdf?v=1729115022,The Hole,,,left_only,The Hole,,,,,,,,left_only
https://assets.scriptslug.com/live/pdf/scripts/the-holiday-2006.pdf?v=1729115022,The Holiday,,,left_only,The Holiday,,,,,,,,left_only
https://assets.scriptslug.com/live/pdf/scripts/the-hollars-2016.pdf?v=1729115022,The Hollars,,,left_only,The Hollars,,,,The Hollars,https://www.dailyscript.com/scripts/thehollars_screenplay.pdf,pdf,The Hollars,both
,,The Horse Whisperer,"https://imsdb.com//scripts//Horse-Whisperer,-The.html",right_only,The Horse Whisperer,,,,,,,,left_only
,,,,,,,,,The Horse Wisperer,"https://www.dailyscript.com/scripts/Horse+Whisperer,+The.txt",txt,The Horse Wisperer,right_only
,,The Hospital,"https://imsdb.com//scripts//Hospital,-The.html",right_only,The Hospital,,,,The Hospital,"https://www.dailyscript.com/scripts/Hospital,%20The.txt",txt,The Hospital,both
https://assets.scriptslug.com/live/pdf/scripts/the-hours-2002.pdf?v=1729115022,The Hours,,,left_only,The Hours,,,,,,,,left_only
https://assets.scriptslug.com/live/pdf/scripts/the-howling-1981.pdf?v=1729115022,The Howling,,,left_only,The Howling,,,,,,,,left_only
,,The Hudsucker Proxy,"https://imsdb.com//scripts//Hudsucker-Proxy,-The.html",right_only,The Hudsucker Proxy,,,,The Hudsucker Proxy,"https://www.dailyscript.com/scripts/Hudsucker%20Proxy,%20The.txt",txt,The Hudsucker Proxy,both
,,,,,,,,,The Hulk,https://www.dailyscript.com/scripts/The_Hulk-France.pdf,pdf,The Hulk,right_only
https://assets.scriptslug.com/live/pdf/scripts/the-humans-2021.pdf?v=1729115022,The Humans,,,left_only,The Humans,,,,,,,,left_only
https://assets.scriptslug.com/live/pdf/scripts/the-hummingbird-project-2018.pdf?v=1729115022,The Hummingbird Project,,,left_only,The Hummingbird Project,,,,,,,,left_only
,,,,,,,,,"The Hundred Year Winter (filmed as The Chronicles of Narnia: The Lion, the Witch and the Wardrobe)",https://www.dailyscript.com/scripts/Chronicles_of_Narnia.pdf,pdf,The Hundred Year Winter (filmed As The Chronicles Of Narnia The Lion The Witch And The Wardrobe),right_only
https://assets.scriptslug.com/live/pdf/scripts/the-hunger-games-2012.pdf?v=1729115022,The Hunger Games,,,left_only,The Hunger Games,,,,,,,,left_only
https://assets.scriptslug.com/live/pdf/scripts/the-hunger-games-catching-fire-2013.pdf?v=1729115023,The Hunger Games Catching Fire,,,left_only,The Hunger Games Catching Fire,,,,,,,,left_only
,,The Hunt For Red October,"https://imsdb.com//scripts//Hunt-for-Red-October,-The.html",right_only,The Hunt For Red October,,,,The Hunt For Red October,https://www.dailyscript.com/scripts/thehuntforredoctober.pdf,pdf,The Hunt For Red October,both
https://assets.scriptslug.com/live/pdf/scripts/the-hurt-locker-2008.pdf?v=1729115023,The Hurt Locker,The Hurt Locker,"https://imsdb.com//scripts//Hurt-Locker,-The.html",both,The Hurt Locker,,,,The Hurt Locker,https://www.dailyscript.com/scripts/hurtlocker_script.pdf,pdf,The Hurt Locker,both
https://assets.scriptslug.com/live/pdf/scripts/the-hustler-1961.pdf?v=1729115023,The Hustler,,,left_only,The Hustler,,,,The Hustler,"https://www.dailyscript.com/scripts/Hustler,+The.txt",txt,The Hustler,both
,,The Ice Storm,"https://imsdb.com//scripts//Ice-Storm,-The.html",right_only,The Ice Storm,,,,The Ice Storm,https://www.dailyscript.com/scripts/icestorm.html,html,The Ice Storm,both
,,The Ides Of March,"https://imsdb.com//scripts//Ides-of-March,-The.html",right_only,The Ides Of March,,,,,,,,left_only
https://assets.scriptslug.com/live/pdf/scripts/the-imaginarium-of-doctor-parnassus-2009.pdf?v=1729115023,The Imaginarium Of Doctor Parnassus,The Imaginarium Of Doctor Parnassus,"https://imsdb.com//scripts//Imaginarium-of-Doctor-Parnassus,-The.html",both,The Imaginarium Of Doctor Parnassus,,,,,,,,left_only
https://assets.scriptslug.com/live/pdf/scripts/the-imitation-game-2014.pdf?v=1729115023,The Imitation Game,,,left_only,The Imitation Game,,,,,,,,left_only
https://assets.scriptslug.com/live/pdf/scripts/the-incredible-burt-wonderstone-2013.pdf?v=1729115023,The Incredible Burt Wonderstone,,,left_only,The Incredible Burt Wonderstone,,,,,,,,left_only
https://assets.scriptslug.com/live/pdf/scripts/the-incredible-hulk-2008.pdf?v=1729115023,The Incredible Hulk,,,left_only,The Incredible Hulk,,,,,,,,left_only
https://assets.scriptslug.com/live/pdf/scripts/the-incredibles-2004.pdf?v=1729115023,The Incredibles,The Incredibles,"https://imsdb.com//scripts//Incredibles,-The.html",both,The Incredibles,,,,,,,,left_only
https://assets.scriptslug.com/live/pdf/scripts/the-informant-2009.pdf?v=1729115023,The Informant,The Informant,"https://imsdb.com//scripts//Informant,-The.html",both,The Informant,,,,,,,,left_only
,,The Insider,"https://imsdb.com//scripts//Insider,-The.html",right_only,The Insider,,,,The Insider,https://www.dailyscript.com/scripts/the-insider_shooting.html,html,The Insider,both
https://assets.scriptslug.com/live/pdf/scripts/the-internship-2013.pdf?v=1729115023,The Internship,,,left_only,The Internship,,,,,,,,left_only
https://assets.scriptslug.com/live/pdf/scripts/the-interpreter-2005.pdf?v=1729115023,The Interpreter,,,left_only,The Interpreter,,,,,,,,left_only
https://assets.scriptslug.com/live/pdf/scripts/the-interview-2014.pdf?v=1729115024,The Interview,,,left_only,The Interview,,,,,,,,left_only
,,The Invention Of Lying,"https://imsdb.com//scripts//Invention-of-Lying,-The.html",right_only,The Invention Of Lying,,,,,,,,left_only
https://assets.scriptslug.com/live/pdf/scripts/the-invisible-woman-2013.pdf?v=1729115024,The Invisible Woman,,,left_only,The Invisible Woman,,,,,,,,left_only
https://assets.scriptslug.com/live/pdf/scripts/the-invitation-2015.pdf?v=1729115024,The Invitation,,,left_only,The Invitation,,,,,,,,left_only
https://assets.scriptslug.com/live/pdf/scripts/the-irishman-2019.pdf?v=1729115024,The Irishman,,,left_only,The Irishman,,,,,,,,left_only
https://assets.scriptslug.com/live/pdf/scripts/iron-claw-2023.pdf?v=1729114931,The Iron Claw,The Iron Claw,"https://imsdb.com//scripts//Iron-Claw,-The.html",both,The Iron Claw,,,,,,,,left_only
https://assets.scriptslug.com/live/pdf/scripts/the-iron-giant-1999.pdf?v=1729115024,The Iron Giant,,,left_only,The Iron Giant,,,,,,,,left_only
,,The Iron Lady,"https://imsdb.com//scripts//Iron-Lady,-The.html",right_only,The Iron Lady,,,,,,,,left_only
,,The Island,"https://imsdb.com//scripts//Island,-The.html",right_only,The Island,,,,The Island,https://www.dailyscript.com/scripts/theisland.pdf,pdf,The Island,both
https://assets.scriptslug.com/live/pdf/scripts/the-island-of-dr-moreau-1996.pdf?v=1729115024,The Island Of Dr Moreau,,,left_only,The Island Of Dr Moreau,,,,The Island of Dr. Moreau,https://www.dailyscript.com/scripts/the_island_of_dr_moreau.pdf,pdf,The Island Of Dr Moreau,both
,,The Italian Job,"https://imsdb.com//scripts//Italian-Job,-The.html",right_only,The Italian Job,,,,The Italian Job,https://www.dailyscript.com/scripts/italianjob.pdf,pdf,The Italian Job,both
,,The Jacket,"https://imsdb.com//scripts//Jacket,-The.html",right_only,The Jacket,,,,The Jacket,https://www.dailyscript.com/scripts/The_Jacket.html,html,The Jacket,both
,,,,,,,,,The Jackie Robinson Story,"https://www.dailyscript.com/scripts/Jackie%20Robinson%20Story,%20The.txt",txt,The Jackie Robinson Story,right_only
https://assets.scriptslug.com/live/pdf/scripts/the-jerk-1979.pdf?v=1729115024,The Jerk,,,left_only,The Jerk,,,,,,,,left_only
https://assets.scriptslug.com/live/pdf/scripts/the-jewel-of-the-nile-1985.pdf?v=1729115024,The Jewel Of The Nile,,,left_only,The Jewel Of The Nile,,,,,,,,left_only
,,,,,,,,,The Jolson Story,https://www.dailyscript.com/scripts/JOLSON.doc,doc,The Jolson Story,right_only
https://assets.scriptslug.com/live/pdf/scripts/the-karate-kid-part-ii-1986.pdf?v=1729115024,The Karate Kid Part 2,,,left_only,The Karate Kid Part 2,,,,,,,,left_only
https://assets.scriptslug.com/live/pdf/scripts/the-karate-kid-part-iii-1989.pdf?v=1729115024,The Karate Kid Part 3,,,left_only,The Karate Kid Part 3,,,,,,,,left_only
https://assets.scriptslug.com/live/pdf/scripts/the-kids-are-all-right-2010.pdf?v=1729115025,The Kids Are All Right,The Kids Are All Right,"https://imsdb.com//scripts//Kids-Are-All-Right,-The.html",both,The Kids Are All Right,,,,,,,,left_only
https://assets.scriptslug.com/live/pdf/scripts/the-killer-2023.pdf?v=1729115025,The Killer,The Killer,"https://imsdb.com//scripts//Killer,-The.html",both,The Killer,,,,,,,,left_only
https://assets.scriptslug.com/live/pdf/scripts/the-killing-of-a-sacred-deer-2017.pdf?v=1729115025,The Killing Of A Sacred Deer,,,left_only,The Killing Of A Sacred Deer,,,,,,,,left_only
https://assets.scriptslug.com/live/pdf/scripts/the-king-2019.pdf?v=1729115025,The King,,,left_only,The King,,,,,,,,left_only
https://assets.scriptslug.com/live/pdf/scripts/the-king-of-comedy-1982.pdf?v=1729115025,The King Of Comedy,The King Of Comedy,"https://imsdb.com//scripts//King-of-Comedy,-The.html",both,The King Of Comedy,,,,,,,,left_only
,,The Kingdom,"https://imsdb.com//scripts//Kingdom,-The.html",right_only,The Kingdom,,,,,,,,left_only
,,,,,,,,,The Kingdom ,https://www.dailyscript.com/scripts/kingdom.pdf,pdf,The Kingdom ,right_only
,,,,,,,,,The Kingdom of Heaven,https://www.dailyscript.com/scripts/The_Kingdom_of_Heaven.pdf,pdf,The Kingdom Of Heaven,right_only
https://assets.scriptslug.com/live/pdf/scripts/the-kings-speech-2010.pdf?v=1729115025,The Kings Speech,The Kings Speech,"https://imsdb.com//scripts//King's-Speech,-The.html",both,The Kings Speech,,,,,,,,left_only
,,The Ladykillers,"https://imsdb.com//scripts//Ladykillers,-The.html",right_only,The Ladykillers,,,,The Ladykillers,"https://www.dailyscript.com/scripts/Ladykillers,%20The%20(2004).txt",txt,The Ladykillers,both
https://assets.scriptslug.com/live/pdf/scripts/the-last-boy-scout-1991.pdf?v=1729115025,The Last Boy Scout,The Last Boy Scout,"https://imsdb.com//scripts//Last-Boy-Scout,-The.html",both,The Last Boy Scout,,,,The Last Boy Scout,https://www.dailyscript.com/scripts/the_last_boy_scout.pdf,pdf,The Last Boy Scout,both
https://assets.scriptslug.com/live/pdf/scripts/the-last-castle-2001.pdf?v=1729115025,The Last Castle,,,left_only,The Last Castle,,,,,,,,left_only
,,The Last Flight,"https://imsdb.com//scripts//Last-Flight,-The.html",right_only,The Last Flight,,,,,,,,left_only
,,The Last Of The Mohicans,"https://imsdb.com//scripts//Last-of-the-Mohicans,-The.html",right_only,The Last Of The Mohicans,,,,,,,,left_only
https://assets.scriptslug.com/live/pdf/scripts/the-last-picture-show-1971.pdf?v=1729115025,The Last Picture Show,,,left_only,The Last Picture Show,,,,,,,,left_only
,,The Last Samurai,"https://imsdb.com//scripts//Last-Samurai,-The.html",right_only,The Last Samurai,,,,The Last Samurai,https://www.dailyscript.com/scripts/The_Last_Samurai.pdf,pdf,The Last Samurai,both
https://assets.scriptslug.com/live/pdf/scripts/the-last-station-2009.pdf?v=1729115026,The Last Station,The Last Station,"https://imsdb.com//scripts//Last-Station,-The.html",both,The Last Station,,,,,,,,left_only
https://assets.scriptslug.com/live/pdf/scripts/the-last-temptation-of-christ-1988.pdf?v=1729115026,The Last Temptation Of Christ,,,left_only,The Last Temptation Of Christ,,,,The Last Temptation of Christ,"https://www.dailyscript.com/scripts/Last%20Temptation%20Of%20Christ,%20The.txt",txt,The Last Temptation Of Christ,both
https://assets.scriptslug.com/live/pdf/scripts/the-legend-of-zorro-2005.pdf?v=1729115026,The Legend Of Zorro,,,left_only,The Legend Of Zorro,,,,,,,,left_only
https://assets.scriptslug.com/live/pdf/scripts/the-lego-movie-2014.pdf?v=1729115026,The Lego Movie,The Lego Movie,"https://imsdb.com//scripts//LEGO-Movie,-The.html",both,The Lego Movie,,,,,,,,left_only
,,,,,,,,,The Leopard Man,https://www.dailyscript.com/scripts/theleopardman.htm,htm,The Leopard Man,right_only
,,,,,,,,,The Life and Death of Colonel Blimp,https://www.dailyscript.com/scripts/thelifeanddeathofcolonelblimp.html,html,The Life And Death Of Colonel Blimp,right_only
,,The Life Of David Gale,"https://imsdb.com//scripts//Life-of-David-Gale,-The.html",right_only,The Life Of David Gale,,,,The Life of David Gale,https://www.dailyscript.com/scripts/the_life_of_david_gale.pdf,pdf,The Life Of David Gale,both
https://assets.scriptslug.com/live/pdf/scripts/the-lighthouse-2019.pdf?v=1729115026,The Lighthouse,,,left_only,The Lighthouse,,,,,,,,left_only
,,The Limey,"https://imsdb.com//scripts//Limey,-The.html",right_only,The Limey,,,,The Limey,https://www.dailyscript.com/scripts/the-limey.html,html,The Limey,both
https://assets.scriptslug.com/live/pdf/scripts/the-lincoln-lawyer-2011.pdf?v=1729115026,The Lincoln Lawyer,The Lincoln Lawyer,"https://imsdb.com//scripts//Lincoln-Lawyer,-The.html",both,The Lincoln Lawyer,,,,,,,,left_only
https://assets.scriptslug.com/live/pdf/scripts/the-lion-in-the-winter-1968.pdf?v=1729115026,The Lion In Winter,,,left_only,The Lion In Winter,,,,The Lion In Winter,https://www.dailyscript.com/scripts/The_Lion_In_Winter.pdf,pdf,The Lion In Winter,both
https://assets.scriptslug.com/live/pdf/scripts/the-lion-king-1994.pdf?v=1729115026,The Lion King,The Lion King,"https://imsdb.com//scripts//Lion-King,-The.html",both,The Lion King,The Lion King,HTML len = 0 : no content scrapped,The Lion King,,,,,left_only
https://assets.scriptslug.com/live/pdf/scripts/the-little-mermaid-1989.pdf?v=1729115026,The Little Mermaid,The Little Mermaid,"https://imsdb.com//scripts//Little-Mermaid,-The.html",both,The Little Mermaid,,,,,,,,left_only
https://assets.scriptslug.com/live/pdf/scripts/the-living-daylights-1987.pdf?v=1729115027,The Living Daylights,,,left_only,The Living Daylights,,,,,,,,left_only
https://assets.scriptslug.com/live/pdf/scripts/the-lobster-2015.pdf?v=1729115027,The Lobster,,,left_only,The Lobster,,,,,,,,left_only
https://assets.scriptslug.com/live/pdf/scripts/the-lone-ranger-2013.pdf?v=1729115027,The Lone Ranger,,,left_only,The Lone Ranger,,,,,,,,left_only
https://assets.scriptslug.com/live/pdf/scripts/the-long-goodbye-1973.pdf?v=1729115027,The Long Goodbye,,,left_only,The Long Goodbye,,,,The Long Goodbye,https://www.dailyscript.com/scripts/The%20Long%20Goodbye%20%5BLeigh%20Brackett%5D%20%2803_07_72%29%20%281%29.pdf,pdf,The Long Goodbye,both
https://assets.scriptslug.com/live/pdf/scripts/the-long-kiss-goodnight-1996.pdf?v=1729115027,The Long Kiss Goodnight,The Long Kiss Goodnight,"https://imsdb.com//scripts//Long-Kiss-Goodnight,-The.html",both,The Long Kiss Goodnight,,,,,,,,left_only
,,,,,,,,,The Lookout,https://www.dailyscript.com/scripts/The-Lookout.pdf,pdf,The Lookout,right_only
https://assets.scriptslug.com/live/pdf/scripts/the-lorax-2012.pdf?v=1729115027,The Lorax,,,left_only,The Lorax,,,,,,,,left_only
,,The Lord Of The Rings Fellowship Of The Ring,"https://imsdb.com//scripts//Lord-of-the-Rings-Fellowship-of-the-Ring,-The.html",right_only,The Lord Of The Rings Fellowship Of The Ring,,,,,,,,left_only
https://assets.scriptslug.com/live/pdf/scripts/the-lord-of-the-rings-the-fellowship-of-the-ring-2001.pdf?v=1729115027,The Lord Of The Rings The Fellowship Of The Ring,,,left_only,The Lord Of The Rings The Fellowship Of The Ring,,,,,,,,left_only
https://assets.scriptslug.com/live/pdf/scripts/the-lord-of-the-rings-the-3-return-of-the-king-2003.pdf?v=1729115027,The Lord Of The Rings The Return Of The King,,,left_only,The Lord Of The Rings The Return Of The King,,,,The Lord of the Rings: The Return of the King,https://www.dailyscript.com/scripts/TLOTR%20-%20The%20Return%20Of%20The%20King.txt,txt,The Lord Of The Rings The Return Of The King,both
https://assets.scriptslug.com/live/pdf/scripts/the-lord-of-the-rings-the-two-towers-2002.pdf?v=1729115027,The Lord Of The Rings The Two Towers,,,left_only,The Lord Of The Rings The Two Towers,,,,,,,,left_only
,,The Losers,"https://imsdb.com//scripts//Losers,-The.html",right_only,The Losers,,,,,,,,left_only
https://assets.scriptslug.com/live/pdf/scripts/the-lost-boys-1987.pdf?v=1729115028,The Lost Boys,,,left_only,The Lost Boys,,,,The Lost Boys,https://www.dailyscript.com/scripts/TheLostBoys.htm,htm,The Lost Boys,both
https://assets.scriptslug.com/live/pdf/scripts/the-lost-city-of-z-2017.pdf?v=1729115028,The Lost City Of Z,,,left_only,The Lost City Of Z,,,,The Lost City of Z,https://www.dailyscript.com/scripts/2015-10-25-LCOZ-FINAL-FULL-SHOOTING-SCRIPT-WHITE-TO-BUFF.pdf,pdf,The Lost City Of Z,both
https://assets.scriptslug.com/live/pdf/scripts/the-lost-daughter-2021.pdf?v=1729115028,The Lost Daughter,,,left_only,The Lost Daughter,,,,,,,,left_only
https://assets.scriptslug.com/live/pdf/scripts/the-lost-weekend-1945.pdf?v=1729115028,The Lost Weekend,,,left_only,The Lost Weekend,,,,The Lost Weekend,"https://www.dailyscript.com/scripts/Lost%20Weekend,%20The.txt",txt,The Lost Weekend,both
https://assets.scriptslug.com/live/pdf/scripts/the-lost-world-jurassic-park-1997.pdf?v=1729115028,The Lost World Jurassic Park,,,left_only,The Lost World Jurassic Park,,,,,,,,left_only
,,,,,,,,,The Lovely Bones,https://www.dailyscript.com/scripts/The_Lovely_Bones_script.pdf,pdf,The Lovely Bones,right_only
https://assets.scriptslug.com/live/pdf/scripts/the-lunchbox-2013.pdf?v=1729115028,The Lunchbox,,,left_only,The Lunchbox,,,,,,,,left_only
https://assets.scriptslug.com/live/pdf/scripts/the-majestic-2001.pdf?v=1729115028,The Majestic,The Majestic,"https://imsdb.com//scripts//Majestic,-The-(The-Bijou).html",both,The Majestic,,,,The Majestic,https://www.dailyscript.com/scripts/TheBijou.html,html,The Majestic,both
https://assets.scriptslug.com/live/pdf/scripts/the-maltese-falcon-1941.pdf?v=1729115028,The Maltese Falcon,,,left_only,The Maltese Falcon,,,,The Maltese Falcon,https://www.dailyscript.com/scripts/Maltese_Falcon.pdf,pdf,The Maltese Falcon,both
https://assets.scriptslug.com/live/pdf/scripts/the-man-from-uncle-2015.pdf?v=1729115028,The Man From Uncle,,,left_only,The Man From Uncle,,,,,,,,left_only
https://assets.scriptslug.com/live/pdf/scripts/the-man-who-invented-christmas-2017.pdf?v=1729115029,The Man Who Invented Christmas,,,left_only,The Man Who Invented Christmas,,,,,,,,left_only
,,The Man Who Knew Too Much,"https://imsdb.com//scripts//Man-Who-Knew-Too-Much,-The.html",right_only,The Man Who Knew Too Much,,,,The Man Who Knew Too Much,https://www.dailyscript.com/scripts/TheManWhoKnewTooMuch.pdf,pdf,The Man Who Knew Too Much,both
,,The Man Who Wasnt There,"https://imsdb.com//scripts//Man-Who-Wasn't-There,-The.html",right_only,The Man Who Wasnt There,,,,The Man Who Wasn't There,"https://www.dailyscript.com/scripts/Man%20Who%20Wasn't%20There,%20The.txt",txt,The Man Who Wasnt There,both
https://assets.scriptslug.com/live/pdf/scripts/the-manchurian-candidate-2004.pdf?v=1729115029,The Manchurian Candidate,The Manchurian Candidate,"https://imsdb.com//scripts//Manchurian-Candidate,-The.html",both,The Manchurian Candidate,,,,The Manchurian Candidate,https://www.dailyscript.com/scripts/manchuriancandidate2004.pdf,pdf,The Manchurian Candidate,both
https://assets.scriptslug.com/live/pdf/scripts/the-martian-2015.pdf?v=1729115029,The Martian,The Martian,"https://imsdb.com//scripts//Martian,-The.html",both,The Martian,,,,,,,,left_only
https://assets.scriptslug.com/live/pdf/scripts/the-mask-1994.pdf?v=1729115029,The Mask,The Mask,"https://imsdb.com//scripts//Mask,-The.html",both,The Mask,,,,,,,,left_only
https://assets.scriptslug.com/live/pdf/scripts/the-mask-of-zorro-1998.pdf?v=1729115029,The Mask Of Zorro,,,left_only,The Mask Of Zorro,,,,,,,,left_only
https://assets.scriptslug.com/live/pdf/scripts/the-master-2012.pdf?v=1729115029,The Master,The Master,"https://imsdb.com//scripts//Master,-The.html",both,The Master,,,,,,,,left_only
https://assets.scriptslug.com/live/pdf/scripts/the-matador-2005.pdf?v=1729115029,The Matador,,,left_only,The Matador,,,,,,,,left_only
https://assets.scriptslug.com/live/pdf/scripts/the-matrix-1999.pdf?v=1729115029,The Matrix,The Matrix,"https://imsdb.com//scripts//Matrix,-The.html",both,The Matrix,,,,The Matrix,https://www.dailyscript.com/scripts/the_matrix.pdf,pdf,The Matrix,both
https://assets.scriptslug.com/live/pdf/scripts/the-matrix-reloaded-2003.pdf?v=1729115030,The Matrix Reloaded,The Matrix Reloaded,"https://imsdb.com//scripts//Matrix-Reloaded,-The.html",both,The Matrix Reloaded,,,,,,,,left_only
https://assets.scriptslug.com/live/pdf/scripts/the-matrix-revolutions-2003.pdf?v=1729115030,The Matrix Revolutions,,,left_only,The Matrix Revolutions,,,,,,,,left_only
https://assets.scriptslug.com/live/pdf/scripts/the-maze-runner-2014.pdf?v=1729115030,The Maze Runner,,,left_only,The Maze Runner,,,,,,,,left_only
,,The Mechanic,"https://imsdb.com//scripts//Mechanic,-The.html",right_only,The Mechanic,,,,,,,,left_only
https://assets.scriptslug.com/live/pdf/scripts/the-meddler-2016.pdf?v=1729115030,The Meddler,,,left_only,The Meddler,,,,The Meddler,https://www.dailyscript.com/scripts/themeddler_screenplay.pdf,pdf,The Meddler,both
https://assets.scriptslug.com/live/pdf/scripts/the-meg-2018.pdf?v=1729115030,The Meg,,,left_only,The Meg,,,,,,,,left_only
https://assets.scriptslug.com/live/pdf/scripts/the-men-who-stare-at-goats-2009.pdf?v=1729115030,The Men Who Stare At Goats,The Men Who Stare At Goats,"https://imsdb.com//scripts//Men-Who-Stare-at-Goats,-The.html",both,The Men Who Stare At Goats,,,,,,,,left_only
https://assets.scriptslug.com/live/pdf/scripts/the-menu-2022.pdf?v=1729115030,The Menu,The Menu,"https://imsdb.com//scripts//Menu,-The.html",both,The Menu,,,,,,,,left_only
,,,,,,,,,The Meyerowitz Stories (New and Selected),https://www.dailyscript.com/scripts/TMS.PDF,pdf,The Meyerowitz Stories (new And Selected),right_only
https://assets.scriptslug.com/live/pdf/scripts/the-midnight-sky-2020.pdf?v=1729115030,The Midnight Sky,,,left_only,The Midnight Sky,,,,,,,,left_only
https://assets.scriptslug.com/live/pdf/scripts/the-mighty-ducks-1992.pdf?v=1729115031,The Mighty Ducks,,,left_only,The Mighty Ducks,,,,,,,,left_only
https://assets.scriptslug.com/live/pdf/scripts/the-miracle-club-2023.pdf?v=1729115031,The Miracle Club,,,left_only,The Miracle Club,,,,,,,,left_only
,,The Miracle Worker,"https://imsdb.com//scripts//Miracle-Worker,-The.html",right_only,The Miracle Worker,,,,,,,,left_only
,,,,,,,,,The Mirror Has Two Faces,https://www.dailyscript.com/scripts/mirrorhastwofaces.pdf,pdf,The Mirror Has Two Faces,right_only
https://assets.scriptslug.com/live/pdf/scripts/the-mitchells-vs-the-machines-2021_2021-12-30-220917_rfqw.pdf?v=1729115031,The Mitchells Vs The Machines,,,left_only,The Mitchells Vs The Machines,,,,,,,,left_only
https://assets.scriptslug.com/live/pdf/scripts/the-mother-2023.pdf?v=1729115031,The Mother,,,left_only,The Mother,,,,,,,,left_only
https://assets.scriptslug.com/live/pdf/scripts/the-mummy-1999.pdf?v=1729115031,The Mummy,The Mummy,"https://imsdb.com//scripts//Mummy,-The.html",both,The Mummy,,,,,,,,left_only
https://assets.scriptslug.com/live/pdf/scripts/the-mummy-2017.pdf?v=1729115031,The Mummy,The Mummy,"https://imsdb.com//scripts//Mummy,-The.html",both,The Mummy,,,,,,,,left_only
,,,,,,,,,The Mummy (1999),"https://www.dailyscript.com/scripts/Mummy,+The.txt",txt,The Mummy (1999),right_only
https://assets.scriptslug.com/live/pdf/scripts/the-mummy-returns-2001.pdf?v=1729115031,The Mummy Returns,,,left_only,The Mummy Returns,,,,,,,,left_only
https://assets.scriptslug.com/live/pdf/scripts/the-mummy-tomb-of-the-dragon-emperor-2008.pdf?v=1729115031,The Mummy Tomb Of The Dragon Emperor,,,left_only,The Mummy Tomb Of The Dragon Emperor,,,,,,,,left_only
,,,,,,,,,The Muppets (written as The Greatest Muppet Movie of All Time),https://www.dailyscript.com/scripts/TheGreatestMuppetMovieofAllTimebyJasonSegelandNicholasStoller10-30-09.pdf,pdf,The Muppets (written As The Greatest Muppet Movie Of All Time),right_only
https://assets.scriptslug.com/live/pdf/scripts/the-naked-gun-2-1-2-the-smell-of-fear-1991.pdf?v=1729115031,The Naked Gun 2½ The Smell Of Fear,,,left_only,The Naked Gun 2½ The Smell Of Fear,,,,,,,,left_only
https://assets.scriptslug.com/live/pdf/scripts/the-naked-gun-from-the-files-of-police-squad-1988.pdf?v=1729115032,The Naked Gun From The Files Of Police Squad,,,left_only,The Naked Gun From The Files Of Police Squad,,,,,,,,left_only
https://assets.scriptslug.com/live/pdf/scripts/the-neon-demon-2016.pdf?v=1729115032,The Neon Demon,,,left_only,The Neon Demon,,,,,,,,left_only
,,The Neverending Story,"https://imsdb.com//scripts//Neverending-Story,-The.html",right_only,The Neverending Story,,,,,,,,left_only
,,The Next Three Days,"https://imsdb.com//scripts//Next-Three-Days,-The.html",right_only,The Next Three Days,,,,,,,,left_only
https://assets.scriptslug.com/live/pdf/scripts/the-nice-guys-2016.pdf?v=1729115032,The Nice Guys,,,left_only,The Nice Guys,,,,,,,,left_only
https://assets.scriptslug.com/live/pdf/scripts/the-night-house-2020.pdf?v=1729115032,The Night House,,,left_only,The Night House,,,,,,,,left_only
,,,,,,,,,The Night of the Hunter,"https://www.dailyscript.com/scripts/Night+Of+The+Hunter,+The.txt",txt,The Night Of The Hunter,right_only
https://assets.scriptslug.com/live/pdf/scripts/the-nightmare-before-christmas-1993.pdf?v=1729115033,The Nightmare Before Christmas,The Nightmare Before Christmas,"https://imsdb.com//scripts//Nightmare-Before-Christmas,-The.html",both,The Nightmare Before Christmas,,,,The Nightmare Before Christmas,https://www.dailyscript.com/scripts/nightmare-b4-xmas_early.html,html,The Nightmare Before Christmas,both
https://assets.scriptslug.com/live/pdf/scripts/the-nightmare-before-christmas-1993.pdf?v=1729115033,The Nightmare Before Christmas,The Nightmare Before Christmas,"https://imsdb.com//scripts//Nightmare-Before-Christmas,-The.html",both,The Nightmare Before Christmas,,,,The Nightmare Before Christmas,https://www.dailyscript.com/scripts/nightmare-b4-xmas_early.html,html,The Nightmare Before Christmas,both
https://assets.scriptslug.com/live/pdf/scripts/the-nines-2007.pdf?v=1729115033,The Nines,The Nines,"https://imsdb.com//scripts//Nines,-The.html",both,The Nines,,,,,,,,left_only
,,The Ninth Gate,"https://imsdb.com//scripts//Ninth-Gate,-The.html",right_only,The Ninth Gate,,,,,,,,left_only
https://assets.scriptslug.com/live/pdf/scripts/the-northman-2022.pdf?v=1729115033,The Northman,,,left_only,The Northman,,,,,,,,left_only
,,,,,,,,,The Number 23,https://www.dailyscript.com/scripts/The-Number-23-script.pdf,pdf,The Number 23,right_only
https://assets.scriptslug.com/live/pdf/scripts/the-nun-2018.pdf?v=1729115033,The Nun,,,left_only,The Nun,,,,,,,,left_only
https://assets.scriptslug.com/live/pdf/scripts/the-nutty-professor-1995.pdf?v=1729115033,The Nutty Professor,,,left_only,The Nutty Professor,,,,,,,,left_only
https://assets.scriptslug.com/live/pdf/scripts/the-old-man-and-the-gun-2018.pdf?v=1729115033,The Old Man And The Gun,,,left_only,The Old Man And The Gun,,,,,,,,left_only
https://assets.scriptslug.com/live/pdf/scripts/the-omen-1976.pdf?v=1729115033,The Omen,,,left_only,The Omen,,,,The Omen,https://www.dailyscript.com/scripts/Omen.pdf,pdf,The Omen,both
,,The Other Boleyn Girl,"https://imsdb.com//scripts//Other-Boleyn-Girl,-The.html",right_only,The Other Boleyn Girl,,,,,,,,left_only
https://assets.scriptslug.com/live/pdf/scripts/the-other-guys-2010.pdf?v=1729115033,The Other Guys,,,left_only,The Other Guys,,,,,,,,left_only
https://assets.scriptslug.com/live/pdf/scripts/the-other-side-of-the-wind-2018.pdf?v=1729115033,The Other Side Of The Wind,,,left_only,The Other Side Of The Wind,,,,,,,,left_only
https://assets.scriptslug.com/live/pdf/scripts/the-others-2001.pdf?v=1729115034,The Others,,,left_only,The Others,,,,,,,,left_only
https://assets.scriptslug.com/live/pdf/scripts/the-outrun-2024.pdf?v=1738547349,The Outrun,,,left_only,The Outrun,,,,,,,,left_only
https://assets.scriptslug.com/live/pdf/scripts/the-outsiders-1983.pdf?v=1729115034,The Outsiders,,,left_only,The Outsiders,,,,,,,,left_only
,,The Pacifier,"https://imsdb.com//scripts//Pacifier,-The.html",right_only,The Pacifier,,,,The Pacifier,https://www.dailyscript.com/scripts/The_Pacifier.pdf,pdf,The Pacifier,both
,,,,,,,,,The Parallax View,https://www.dailyscript.com/scripts/The_Parallax_View_-_Original_Draft.pdf,pdf,The Parallax View,right_only
,,The Passion Of Joan Of Arc,"https://imsdb.com//scripts//Passion-of-Joan-of-Arc,-The.html",right_only,The Passion Of Joan Of Arc,,,,,,,,left_only
https://assets.scriptslug.com/live/pdf/scripts/the-passion-of-the-christ-2004.pdf?v=1729115034,The Passion Of The Christ,,,left_only,The Passion Of The Christ,,,,,,,,left_only
,,The Patriot,"https://imsdb.com//scripts//Patriot,-The.html",right_only,The Patriot,,,,The Patriot,https://www.dailyscript.com/scripts/Patriot_1998.html,html,The Patriot,both
https://assets.scriptslug.com/live/pdf/scripts/the-peanut-butter-falcon-2019.pdf?v=1729115034,The Peanut Butter Falcon,,,left_only,The Peanut Butter Falcon,,,,,,,,left_only
https://assets.scriptslug.com/live/pdf/scripts/the-pelican-brief-1993.pdf?v=1729115034,The Pelican Brief,,,left_only,The Pelican Brief,,,,,,,,left_only
,,,,,,,,,The Perfect Neighbor (was The Perfect Stranger),https://www.dailyscript.com/scripts/The+Perfect+Neighbor+the+password+is+perfection.pdf,pdf,The Perfect Neighbor (was The Perfect Stranger),right_only
https://assets.scriptslug.com/live/pdf/scripts/the-perfect-storm-2000.pdf?v=1729115034,The Perfect Storm,,,left_only,The Perfect Storm,,,,,,,,left_only
,,,,,,,,,"The Perfect Stranger (filmed as ""The Perfect Neighbor"")",https://www.dailyscript.com/scripts/The+Perfect+Neighbor+the+password+is+perfection.pdf,pdf,"The Perfect Stranger (filmed As ""the Perfect Neighbor"")",right_only
https://assets.scriptslug.com/live/pdf/scripts/the-perks-of-being-a-wall-flower-2012.pdf?v=1729115034,The Perks Of Being A Wallflower,The Perks Of Being A Wallflower,"https://imsdb.com//scripts//Perks-of-Being-a-Wallflower,-The.html",both,The Perks Of Being A Wallflower,,,,,,,,left_only
https://assets.scriptslug.com/live/pdf/scripts/the-persian-version-2023.pdf?v=1729115034,The Persian Version,The Persian Version,"https://imsdb.com//scripts//Persian-Version,-The.html",both,The Persian Version,,,,,,,,left_only
https://assets.scriptslug.com/live/pdf/scripts/the-phantom-1996.pdf?v=1729115035,The Phantom,,,left_only,The Phantom,,,,,,,,left_only
,,The Pianist,"https://imsdb.com//scripts//Pianist,-The.html",right_only,The Pianist,,,,The Pianist,"https://www.dailyscript.com/scripts/Pianist,%20The.txt",txt,The Pianist,both
,,The Piano,"https://imsdb.com//scripts//Piano,-The.html",right_only,The Piano,,,,The Piano,https://www.dailyscript.com/scripts/thepianolesson.html,html,The Piano,both
https://assets.scriptslug.com/live/pdf/scripts/the-place-beyond-the-pines-2012.pdf?v=1729115035,The Place Beyond The Pines,,,left_only,The Place Beyond The Pines,,,,,,,,left_only
,,The Planet Of The Apes,"https://imsdb.com//scripts//Planet-of-the-Apes,-The.html",right_only,The Planet Of The Apes,,,,,,,,left_only
https://assets.scriptslug.com/live/pdf/scripts/the-player-1992.pdf?v=1729115035,The Player,,,left_only,The Player,,,,,,,,left_only
,,,,,,,,,The Ploughman's Lunch,https://www.dailyscript.com/scripts/ploughmans_lunch.html,html,The Ploughmans Lunch,right_only
https://assets.scriptslug.com/live/pdf/scripts/the-poseidon-adventure-1972.pdf?v=1729115035,The Poseidon Adventure,,,left_only,The Poseidon Adventure,,,,,,,,left_only
https://assets.scriptslug.com/live/pdf/scripts/the-post-2017.pdf?v=1729115035,The Post,,,left_only,The Post,,,,The Post,https://www.dailyscript.com/scripts/the-post-2017.pdf,pdf,The Post,both
,,The Postman,"https://imsdb.com//scripts//Postman,-The.html",right_only,The Postman,,,,The Postman,https://www.dailyscript.com/scripts/the_postman.pdf,pdf,The Postman,both
,,The Power Of One,"https://imsdb.com//scripts//Power-of-One,-The.html",right_only,The Power Of One,,,,The Power of One,https://www.dailyscript.com/scripts/Power_of_One.pdf,pdf,The Power Of One,both
https://assets.scriptslug.com/live/pdf/scripts/the-power-of-the-dog-2021.pdf?v=1729115035,The Power Of The Dog,,,left_only,The Power Of The Dog,,,,,,,,left_only
https://assets.scriptslug.com/live/pdf/scripts/the-predator-2018.pdf?v=1729115035,The Predator,,,left_only,The Predator,,,,,,,,left_only
https://assets.scriptslug.com/live/pdf/scripts/the-prestige-2006.pdf?v=1729115070,The Prestige,The Prestige,"https://imsdb.com//scripts//Prestige,-The.html",both,The Prestige,,,,The Prestige,https://www.dailyscript.com/scripts/Prestige.pdf,pdf,The Prestige,both
https://assets.scriptslug.com/live/pdf/scripts/the-princess-bride-1987.pdf?v=1729115035,The Princess Bride,The Princess Bride,"https://imsdb.com//scripts//Princess-Bride,-The.html",both,The Princess Bride,,,,The Princess Bride,"https://www.dailyscript.com/scripts/Princess%20Bride,%20The.txt",txt,The Princess Bride,both
,,The Private Life Of Sherlock Holmes,"https://imsdb.com//scripts//Private-Life-of-Sherlock-Holmes,-The.html",right_only,The Private Life Of Sherlock Holmes,,,,,,,,left_only
,,,,,,,,,The Private Life of Sherlock Homes,https://www.dailyscript.com/scripts/holmes.pdf,pdf,The Private Life Of Sherlock Homes,right_only
,,The Producer,"https://imsdb.com//scripts//Producer,-The.html",right_only,The Producer,,,,,,,,left_only
,,,,,,,,,The Producers,"https://www.dailyscript.com/scripts/Producers,%20The.txt",txt,The Producers,right_only
,,The Program,"https://imsdb.com//scripts//Program,-The.html",right_only,The Program,,,,The Program,"https://www.dailyscript.com/scripts/Program,%20The%20(1993).txt",txt,The Program,both
,,The Prophecy,"https://imsdb.com//scripts//Prophecy,-The.html",right_only,The Prophecy,,,,The Prophecy,"https://www.dailyscript.com/scripts/Prophecy,%20The.txt",txt,The Prophecy,both
https://assets.scriptslug.com/live/pdf/scripts/the-proposal-2009.pdf?v=1729115035,The Proposal,The Proposal,"https://imsdb.com//scripts//Proposal,-The.html",both,The Proposal,,,,,,,,left_only
,,,,,,,,,The Public Eye,"https://www.dailyscript.com/scripts/Public%20Eye,%20The.txt",txt,The Public Eye,right_only
https://assets.scriptslug.com/live/pdf/scripts/the-purge-2013.pdf?v=1729115035,The Purge,,,left_only,The Purge,,,,,,,,left_only
https://assets.scriptslug.com/live/pdf/scripts/the-pursuit-of-happyness-2006.pdf?v=1729115036,The Pursuit Of Happyness,,,left_only,The Pursuit Of Happyness,,,,,,,,left_only
,,The Queen,"https://imsdb.com//scripts//Queen,-The.html",right_only,The Queen,,,,The Queen,https://www.dailyscript.com/scripts/TheQueenScreenplay.pdf,pdf,The Queen,both
,,The Rage Carrie 2,https://imsdb.com//scripts//The-Rage-Carrie-2.html,right_only,The Rage Carrie 2,,,,,,,,left_only
,,The Reader,"https://imsdb.com//scripts//Reader,-The.html",right_only,The Reader,,,,The Reader,https://www.dailyscript.com/scripts/The_Reader.pdf,pdf,The Reader,both
https://assets.scriptslug.com/live/pdf/scripts/the-red-turtle-2016.pdf?v=1729115036,The Red Turtle,,,left_only,The Red Turtle,,,,The Red Turtle,https://www.dailyscript.com/scripts/theredturtle_screenplay.pdf,pdf,The Red Turtle,both
,,The Relic,"https://imsdb.com//scripts//Relic,-The.html",right_only,The Relic,,,,The Relic,https://www.dailyscript.com/scripts/the-relic_early.html,html,The Relic,both
,,The Replacements,"https://imsdb.com//scripts//Replacements,-The.html",right_only,The Replacements,,,,The Replacements,https://www.dailyscript.com/scripts/the_replacements.pdf,pdf,The Replacements,both
,,The Rescuers Down Under,"https://imsdb.com//scripts//Rescuers-Down-Under,-The.html",right_only,The Rescuers Down Under,,,,,,,,left_only
https://assets.scriptslug.com/live/pdf/scripts/the-revenant-2015.pdf?v=1729115036,The Revenant,The Revenant,"https://imsdb.com//scripts//Revenant,-The.html",both,The Revenant,,,,,,,,left_only
https://assets.scriptslug.com/live/pdf/scripts/the-rider-2018.pdf?v=1729115036,The Rider,,,left_only,The Rider,,,,,,,,left_only
https://assets.scriptslug.com/live/pdf/scripts/the-ring-2002.pdf?v=1729115036,The Ring,,,left_only,The Ring,,,,,,,,left_only
,,The Road,"https://imsdb.com//scripts//Road,-The.html",right_only,The Road,,,,,,,,left_only
https://assets.scriptslug.com/live/pdf/scripts/the-road-warrior-1981.pdf?v=1729115036,The Road Warrior,,,left_only,The Road Warrior,,,,,,,,left_only
https://assets.scriptslug.com/live/pdf/scripts/the-rock-1996.pdf?v=1729115036,The Rock,The Rock,"https://imsdb.com//scripts//Rock,-The.html",both,The Rock,,,,,,,,left_only
https://assets.scriptslug.com/live/pdf/scripts/the-rocketeer-1991.pdf?v=1729115036,The Rocketeer,,,left_only,The Rocketeer,,,,,,,,left_only
https://assets.scriptslug.com/live/pdf/scripts/the-rocky-horror-picture-show-1975.pdf?v=1729115036,The Rocky Horror Picture Show,The Rocky Horror Picture Show,"https://imsdb.com//scripts//Rocky-Horror-Picture-Show,-The.html",both,The Rocky Horror Picture Show,,,,,,,,left_only
https://assets.scriptslug.com/live/pdf/scripts/the-rookie-2002.pdf?v=1729115037,The Rookie,,,left_only,The Rookie,,,,,,,,left_only
https://assets.scriptslug.com/live/pdf/scripts/the-room-next-door-2024.pdf?v=1738546901,The Room Next Door,,,left_only,The Room Next Door,,,,,,,,left_only
,,The Roommate,"https://imsdb.com//scripts//Roommate,-The.html",right_only,The Roommate,,,,,,,,left_only
https://assets.scriptslug.com/live/pdf/scripts/the-rover-2014.pdf?v=1729115037,The Rover,,,left_only,The Rover,,,,,,,,left_only
https://assets.scriptslug.com/live/pdf/scripts/royal-tenenbaums-2000.pdf?v=1729114982,The Royal Tenenbaums,,,left_only,The Royal Tenenbaums,,,,The Royal Tenenbaums,https://www.dailyscript.com/scripts/theroyaltenenbaums.pdf,pdf,The Royal Tenenbaums,both
,,The Ruins,"https://imsdb.com//scripts//Ruins,-The.html",right_only,The Ruins,,,,,,,,left_only
,,,,,,,,,The Rules of Attraction,https://www.dailyscript.com/scripts/The_Rules_Of_Attraction.pdf,pdf,The Rules Of Attraction,right_only
https://assets.scriptslug.com/live/pdf/scripts/the-rum-diary-2011.pdf?v=1729115037,The Rum Diary,,,left_only,The Rum Diary,,,,,,,,left_only
,,The Saint,"https://imsdb.com//scripts//Saint,-The.html",right_only,The Saint,,,,The Saint,https://www.dailyscript.com/scripts/the_saint.html,html,The Saint,both
,,The Salton Sea,"https://imsdb.com//scripts//Salton-Sea,-The.html",right_only,The Salton Sea,,,,The Salton Sea,https://www.dailyscript.com/scripts/salton_sea.html,html,The Salton Sea,both
https://assets.scriptslug.com/live/pdf/scripts/the-sandlot-1993.pdf?v=1729115037,The Sandlot,,,left_only,The Sandlot,,,,,,,,left_only
,,The Sandlot Kids,"https://imsdb.com//scripts//Sandlot-Kids,-The.html",right_only,The Sandlot Kids,,,,,,,,left_only
https://assets.scriptslug.com/live/pdf/scripts/the-santa-clause-1994.pdf?v=1729115037,The Santa Clause,,,left_only,The Santa Clause,,,,,,,,left_only
https://assets.scriptslug.com/live/pdf/scripts/the-savages-2007.pdf?v=1729115037,The Savages,,,left_only,The Savages,,,,,,,,left_only
https://assets.scriptslug.com/live/pdf/scripts/the-searchers-1956.pdf?v=1729115037,The Searchers,The Searchers,"https://imsdb.com//scripts//Searchers,-The.html",both,The Searchers,,,,The Searchers,"https://www.dailyscript.com/scripts/Searchers,%20The.txt",txt,The Searchers,both
https://assets.scriptslug.com/live/pdf/scripts/the-secret-life-of-pets-2016.pdf?v=1729115037,The Secret Life Of Pets,,,left_only,The Secret Life Of Pets,,,,,,,,left_only
https://assets.scriptslug.com/live/pdf/scripts/the-secret-life-of-walter-mitty-2013.pdf?v=1729115038,The Secret Life Of Walter Mitty,The Secret Life Of Walter Mitty,"https://imsdb.com//scripts//Secret-Life-of-Walter-Mitty,-The.html",both,The Secret Life Of Walter Mitty,,,,The Secret Life of Walter Mitty,"https://www.dailyscript.com/scripts/Secret_Life_of_Walter_MItty,The.pdf",pdf,The Secret Life Of Walter Mitty,both
https://assets.scriptslug.com/live/pdf/scripts/the-sessions-2012.pdf?v=1729115038,The Sessions,The Sessions,"https://imsdb.com//scripts//Sessions,-The.html",both,The Sessions,,,,,,,,left_only
,,The Seventh Seal,"https://imsdb.com//scripts//Seventh-Seal,-The.html",right_only,The Seventh Seal,,,,,,,,left_only
,,,,,,,,,The Seventh Victim,https://www.dailyscript.com/scripts/SeventhVictim.htm,htm,The Seventh Victim,right_only
https://assets.scriptslug.com/live/pdf/scripts/the-shape-of-water-2017.pdf?v=1729115038,The Shape Of Water,,,left_only,The Shape Of Water,,,,,,,,left_only
https://assets.scriptslug.com/live/pdf/scripts/the-shawshank-redemption-1994.pdf?v=1729115038,The Shawshank Redemption,The Shawshank Redemption,"https://imsdb.com//scripts//Shawshank-Redemption,-The.html",both,The Shawshank Redemption,,,,The Shawshank Redemption,https://www.dailyscript.com/scripts/shawshank.html,html,The Shawshank Redemption,both
https://assets.scriptslug.com/live/pdf/scripts/the-shining-1980.pdf?v=1729115038,The Shining,The Shining,"https://imsdb.com//scripts//Shining,-The.html",both,The Shining,,,,The Shining,https://www.dailyscript.com/scripts/shining.html,html,The Shining,both
,,The Shipping News,"https://imsdb.com//scripts//Shipping-News,-The.html",right_only,The Shipping News,,,,The Shipping News,https://www.dailyscript.com/scripts/Shipping-News_unproduced.htm,htm,The Shipping News,both
,,The Siege,"https://imsdb.com//scripts//Siege,-The.html",right_only,The Siege,,,,The Siege,"https://www.dailyscript.com/scripts/Siege,%20The.txt",txt,The Siege,both
https://assets.scriptslug.com/live/pdf/scripts/the-silence-of-the-lambs-1991.pdf?v=1729115038,The Silence Of The Lambs,,,left_only,The Silence Of The Lambs,,,,The Silence Of The Lambs,"https://www.dailyscript.com/scripts/Silence%20Of%20The%20Lambs,%20The.txt",txt,The Silence Of The Lambs,both
https://assets.scriptslug.com/live/pdf/scripts/the-sisters-brothers-2018.pdf?v=1729115038,The Sisters Brothers,,,left_only,The Sisters Brothers,,,,,,,,left_only
https://assets.scriptslug.com/live/pdf/scripts/sixth-sense-1999.pdf?v=1729114991,The Sixth Sense,The Sixth Sense,"https://imsdb.com//scripts//Sixth-Sense,-The.html",both,The Sixth Sense,,,,The Sixth Sense,"https://www.dailyscript.com/scripts/Sixth%20Sense,%20The.txt",txt,The Sixth Sense,both
https://assets.scriptslug.com/live/pdf/scripts/the-skeleton-key-2005.pdf?v=1729115039,The Skeleton Key,,,left_only,The Skeleton Key,,,,,,,,left_only
https://assets.scriptslug.com/live/pdf/scripts/the-social-network-2010.pdf?v=1729115039,The Social Network,The Social Network,"https://imsdb.com//scripts//Social-Network,-The.html",both,The Social Network,,,,,,,,left_only
https://assets.scriptslug.com/live/pdf/scripts/the-son-2022.pdf?v=1729115039,The Son,,,left_only,The Son,,,,,,,,left_only
https://assets.scriptslug.com/live/pdf/scripts/the-song-of-names-2019.pdf?v=1729115039,The Song Of Names,,,left_only,The Song Of Names,,,,,,,,left_only
,,,,,,,,,The Spectacular Now,https://www.dailyscript.com/scripts/The_Spectacular_Now.pdf,pdf,The Spectacular Now,right_only
,,,,,,,,,The Spirit of St. Louis,https://www.dailyscript.com/scripts/spirit_of_st._louis.pdf,pdf,The Spirit Of St Louis,right_only
https://assets.scriptslug.com/live/pdf/scripts/the-spy-who-dumped-me-2018.pdf?v=1729115040,The Spy Who Dumped Me,,,left_only,The Spy Who Dumped Me,,,,,,,,left_only
https://assets.scriptslug.com/live/pdf/scripts/the-spy-who-loved-me-1977.pdf?v=1729115040,The Spy Who Loved Me,,,left_only,The Spy Who Loved Me,,,,,,,,left_only
https://assets.scriptslug.com/live/pdf/scripts/the-squid-and-the-whale-2005.pdf?v=1729115040,The Squid And The Whale,,,left_only,The Squid And The Whale,,,,,,,,left_only
https://assets.scriptslug.com/live/pdf/scripts/the-star-wars-holiday-special-1978.pdf?v=1729115040,The Star Wars Holiday Special,,,left_only,The Star Wars Holiday Special,,,,,,,,left_only
https://assets.scriptslug.com/live/pdf/scripts/the-sting-1973.pdf?v=1729115040,The Sting,The Sting,"https://imsdb.com//scripts//Sting,-The.html",both,The Sting,,,,The Sting,"https://www.dailyscript.com/scripts/Sting,%20The.txt",txt,The Sting,both
,,,,,,,,,The Stunt Man,https://www.dailyscript.com/scripts/the-stuntman.pdf,pdf,The Stunt Man,right_only
,,The Stuntman,"https://imsdb.com//scripts//Stuntman,-The.html",right_only,The Stuntman,,,,,,,,left_only
https://assets.scriptslug.com/live/pdf/scripts/the-substance-2024.pdf?v=1738463202,The Substance,The Substance,"https://imsdb.com//scripts//Substance,-The.html",both,The Substance,,,,,,,,left_only
https://assets.scriptslug.com/live/pdf/scripts/the-sun-is-also-a-star-2019.pdf?v=1729115040,The Sun Is Also A Star,,,left_only,The Sun Is Also A Star,,,,,,,,left_only
https://assets.scriptslug.com/live/pdf/scripts/the-super-1991.pdf?v=1729115040,The Super,,,left_only,The Super,,,,,,,,left_only
,,The Surfer King,"https://imsdb.com//scripts//Surfer-King,-The.html",right_only,The Surfer King,,,,,,,,left_only
,,The Sweet Hereafter,"https://imsdb.com//scripts//Sweet-Hereafter,-The.html",right_only,The Sweet Hereafter,,,,The Sweet Hereafter,https://www.dailyscript.com/scripts/sweethereafter.html,html,The Sweet Hereafter,both
,,The Taking Of Pelham One Two Three,"https://imsdb.com//scripts//Taking-of-Pelham-One-Two-Three,-The.html",right_only,The Taking Of Pelham One Two Three,,,,,,,,left_only
https://assets.scriptslug.com/live/pdf/scripts/the-talented-mr-ripley-1999.pdf?v=1729115040,The Talented Mr Ripley,The Talented Mr Ripley,"https://imsdb.com//scripts//Talented-Mr.-Ripley,-The.html",both,The Talented Mr Ripley,,,,The Talented Mr. Ripley,https://www.dailyscript.com/scripts/mr-ripley_shooting.html,html,The Talented Mr Ripley,both
https://assets.scriptslug.com/live/pdf/scripts/the-teachers-lounge-2023.pdf?v=1729115040,The Teachers Lounge,The Teachers Lounge,"https://imsdb.com//scripts//Teachers'-Lounge,-The.html",both,The Teachers Lounge,,,,,,,,left_only
https://assets.scriptslug.com/live/pdf/scripts/the-tender-bar-2021.pdf?v=1729115040,The Tender Bar,,,left_only,The Tender Bar,,,,,,,,left_only
https://assets.scriptslug.com/live/pdf/scripts/the-terminator-1984.pdf?v=1729115040,The Terminator,,,left_only,The Terminator,,,,,,,,left_only
https://assets.scriptslug.com/live/pdf/scripts/the-texas-chain-saw-massacre-1974.pdf?v=1729115041,The Texas Chain Saw Massacre,,,left_only,The Texas Chain Saw Massacre,,,,,,,,left_only
https://assets.scriptslug.com/live/pdf/scripts/the-theory-of-everything-2015.pdf?v=1729115041,The Theory Of Everything,The Theory Of Everything,"https://imsdb.com//scripts//Theory-of-Everything,-The.html",both,The Theory Of Everything,,,,The Theory of Everything,https://www.dailyscript.com/scripts/the-theory-of-everything-screenplay.pdf,pdf,The Theory Of Everything,both
,,,,,,,,,The Thin Man,https://www.dailyscript.com/scripts/thethinman.html,html,The Thin Man,right_only
https://assets.scriptslug.com/live/pdf/scripts/the-thin-red-line-1998.pdf?v=1729115041,The Thin Red Line,,,left_only,The Thin Red Line,,,,,,,,left_only
https://assets.scriptslug.com/live/pdf/scripts/the-thing-1982.pdf?v=1729115041,The Thing,The Thing,"https://imsdb.com//scripts//Thing,-The.html",both,The Thing,,,,The Thing,"https://www.dailyscript.com/scripts/Thing,+The.txt",txt,The Thing,both
,,The Things My Father Never Taught Me,"https://imsdb.com//scripts//Things-My-Father-Never-Taught-Me,-The.html",right_only,The Things My Father Never Taught Me,,,,,,,,left_only
https://assets.scriptslug.com/live/pdf/scripts/the-third-man-1949.pdf?v=1729115041,The Third Man,,,left_only,The Third Man,,,,The Third Man,https://www.dailyscript.com/scripts/the_third_man.html,html,The Third Man,both
https://assets.scriptslug.com/live/pdf/scripts/the-thomas-crown-affair-1999.pdf?v=1729115041,The Thomas Crown Affair,,,left_only,The Thomas Crown Affair,,,,,,,,left_only
,,The Three Musketeers,"https://imsdb.com//scripts//Three-Musketeers,-The.html",right_only,The Three Musketeers,,,,The Three Musketeers,https://www.dailyscript.com/scripts/three_musketeers.pdf,pdf,The Three Musketeers,both
,,The Time Machine,"https://imsdb.com//scripts//Time-Machine,-The.html",right_only,The Time Machine,,,,The Time Machine,https://www.dailyscript.com/scripts/TheTimeMachine.html,html,The Time Machine,both
https://assets.scriptslug.com/live/pdf/scripts/the-tomorrow-war-2021.pdf?v=1729115041,The Tomorrow War,,,left_only,The Tomorrow War,,,,,,,,left_only
,,The Tourist,"https://imsdb.com//scripts//Tourist,-The.html",right_only,The Tourist,,,,,,,,left_only
https://assets.scriptslug.com/live/pdf/scripts/the-town-2010.pdf?v=1729115041,The Town,The Town,"https://imsdb.com//scripts//Town,-The.html",both,The Town,,,,,,,,left_only
https://assets.scriptslug.com/live/pdf/scripts/the-toy-1982.pdf?v=1729115041,The Toy,,,left_only,The Toy,,,,,,,,left_only
https://assets.scriptslug.com/live/pdf/scripts/the-tragedy-of-macbeth-2021.pdf?v=1729115041,The Tragedy Of Macbeth,,,left_only,The Tragedy Of Macbeth,,,,,,,,left_only
https://assets.scriptslug.com/live/pdf/scripts/the-tree-of-life-2011.pdf?v=1729115042,The Tree Of Life,,,left_only,The Tree Of Life,,,,,,,,left_only
https://assets.scriptslug.com/live/pdf/scripts/the-trial-of-the-chicago-7-2020.pdf?v=1729115042,The Trial Of The Chicago 7,,,left_only,The Trial Of The Chicago 7,,,,,,,,left_only
https://assets.scriptslug.com/live/pdf/scripts/the-truman-show-1998.pdf?v=1729115042,The Truman Show,The Truman Show,"https://imsdb.com//scripts//Truman-Show,-The.html",both,The Truman Show,,,,The Truman Show,https://www.dailyscript.com/scripts/the-truman-show_early.html,html,The Truman Show,both
https://assets.scriptslug.com/live/pdf/scripts/the-two-jakes-1990.pdf?v=1729115042,The Two Jakes,,,left_only,The Two Jakes,,,,,,,,left_only
https://assets.scriptslug.com/live/pdf/scripts/the-two-popes-2019.pdf?v=1729115042,The Two Popes,,,left_only,The Two Popes,,,,,,,,left_only
,,The Ugly Truth,"https://imsdb.com//scripts//Ugly-Truth,-The.html",right_only,The Ugly Truth,,,,,,,,left_only
https://assets.scriptslug.com/live/pdf/scripts/the-unborn-2009.pdf?v=1729115043,The Unborn,,,left_only,The Unborn,,,,,,,,left_only
https://assets.scriptslug.com/live/pdf/scripts/the-usual-suspects-1995.pdf?v=1729115043,The Usual Suspects,The Usual Suspects,"https://imsdb.com//scripts//Usual-Suspects,-The.html",both,The Usual Suspects,,,,The Usual Suspects,"https://www.dailyscript.com/scripts/Usual%20Suspects,%20The.txt",txt,The Usual Suspects,both
,,,,,,,,,The Utah Murder Project,https://www.dailyscript.com/scripts/The-Utah-Murder-Project-finaldraft.pdf,pdf,The Utah Murder Project,right_only
https://assets.scriptslug.com/live/pdf/scripts/the-verdict-1982.pdf?v=1729115043,The Verdict,The Verdict,"https://imsdb.com//scripts//Verdict,-The.html",both,The Verdict,,,,The Verdict,https://www.dailyscript.com/scripts/the-verdict-script.html,html,The Verdict,both
,,The Village,"https://imsdb.com//scripts//Village,-The.html",right_only,The Village,,,,,,,,left_only
,,,,,,,,,"The Village (originally ""The Woods"")","https://www.dailyscript.com/scripts/Village,+The.txt",txt,"The Village (originally ""the Woods"")",right_only
https://assets.scriptslug.com/live/pdf/scripts/the-virgin-suicides-1999.pdf?v=1729115043,The Virgin Suicides,,,left_only,The Virgin Suicides,,,,,,,,left_only
,,The Visitor,"https://imsdb.com//scripts//Visitor,-The.html",right_only,The Visitor,,,,,,,,left_only
https://assets.scriptslug.com/live/pdf/scripts/the-warriors-1979.pdf?v=1729115043,The Warriors,,,left_only,The Warriors,,,,,,,,left_only
https://assets.scriptslug.com/live/pdf/scripts/the-way-back-2020.pdf?v=1729115043,The Way Back,The Way Back,"https://imsdb.com//scripts//Way-Back,-The.html",both,The Way Back,,,,,,,,left_only
,,,,,,,,,The Wedding Crashers,https://www.dailyscript.com/scripts/wedding_crashers.pdf,pdf,The Wedding Crashers,right_only
,,,,,,,,,"The Wedding Date (was ""Something Borrowed"")",https://www.dailyscript.com/scripts/somethingborrowed.html,html,"The Wedding Date (was ""something Borrowed"")",right_only
https://assets.scriptslug.com/live/pdf/scripts/the-wedding-singer-1998.pdf?v=1729115043,The Wedding Singer,,,left_only,The Wedding Singer,,,,,,,,left_only
https://assets.scriptslug.com/live/pdf/scripts/the-whale-2022.pdf?v=1729115044,The Whale,,,left_only,The Whale,,,,,,,,left_only
,,The Whistleblower,"https://imsdb.com//scripts//Whistleblower,-The.html",right_only,The Whistleblower,,,,,,,,left_only
https://assets.scriptslug.com/live/pdf/scripts/the-white-ribbon-2009.pdf?v=1729115044,The White Ribbon,The White Ribbon,"https://imsdb.com//scripts//White-Ribbon,-The.html",both,The White Ribbon,,,,,,,,left_only
https://assets.scriptslug.com/live/pdf/scripts/the-white-tiger-2021.pdf?v=1729115044,The White Tiger,,,left_only,The White Tiger,,,,,,,,left_only
https://assets.scriptslug.com/live/pdf/scripts/the-wicker-man-1973.pdf?v=1729115044,The Wicker Man,,,left_only,The Wicker Man,,,,,,,,left_only
https://assets.scriptslug.com/live/pdf/scripts/the-wife-2018.pdf?v=1729115044,The Wife,,,left_only,The Wife,,,,,,,,left_only
https://assets.scriptslug.com/live/pdf/scripts/the-wild-bunch-1969.pdf?v=1729115044,The Wild Bunch,The Wild Bunch,"https://imsdb.com//scripts//Wild-Bunch,-The.html",both,The Wild Bunch,,,,The Wild Bunch,https://www.dailyscript.com/scripts/The_Wild_Bunch.pdf,pdf,The Wild Bunch,both
,,,,,,,,,The Wild One,"https://www.dailyscript.com/scripts/Wild%20One,%20The.txt",txt,The Wild One,right_only
https://assets.scriptslug.com/live/pdf/scripts/the-wild-robot-2024.pdf?v=1738546645,The Wild Robot,,,left_only,The Wild Robot,,,,,,,,left_only
https://assets.scriptslug.com/live/pdf/scripts/the-witch-2016.pdf?v=1729115044,The Witch,,,left_only,The Witch,,,,,,,,left_only
https://assets.scriptslug.com/live/pdf/scripts/the-witches-1990.pdf?v=1729115044,The Witches,,,left_only,The Witches,,,,,,,,left_only
,,,,,,,,,The Witches of Eastwick,https://www.dailyscript.com/scripts/The_Witches_of_Eastwick.pdf,pdf,The Witches Of Eastwick,right_only
https://assets.scriptslug.com/live/pdf/scripts/the-wizard-of-oz-1939.pdf?v=1729115045,The Wizard Of Oz,The Wizard Of Oz,"https://imsdb.com//scripts//Wizard-of-Oz,-The.html",both,The Wizard Of Oz,,,,,,,,left_only
https://assets.scriptslug.com/live/pdf/scripts/the-wolf-of-wall-street-2013.pdf?v=1729115045,The Wolf Of Wall Street,The Wolf Of Wall Street,"https://imsdb.com//scripts//Wolf-of-Wall-Street,-The.html",both,The Wolf Of Wall Street,,,,,,,,left_only
https://assets.scriptslug.com/live/pdf/scripts/the-wolverine-2013.pdf?v=1729115045,The Wolverine,,,left_only,The Wolverine,,,,,,,,left_only
https://assets.scriptslug.com/live/pdf/scripts/the-woman-king-2022.pdf?v=1729115045,The Woman King,,,left_only,The Woman King,,,,,,,,left_only
,,The Woodsman,"https://imsdb.com//scripts//Woodsman,-The.html",right_only,The Woodsman,,,,The Woodsman,https://www.dailyscript.com/scripts/thewoodsman.html,html,The Woodsman,both
https://assets.scriptslug.com/live/pdf/scripts/the-world-is-not-enough-1999.pdf?v=1729115045,The World Is Not Enough,The World Is Not Enough,"https://imsdb.com//scripts//World-is-not-Enough,-The.html",both,The World Is Not Enough,,,,,,,,left_only
https://assets.scriptslug.com/live/pdf/scripts/the-worlds-end-2013.pdf?v=1729115045,The Worlds End,,,left_only,The Worlds End,,,,,,,,left_only
,,The Wrestler,"https://imsdb.com//scripts//Wrestler,-The.html",right_only,The Wrestler,,,,,,,,left_only
https://assets.scriptslug.com/live/pdf/scripts/the-x-files-1998.pdf?v=1729115045,The X Files,,,left_only,The X Files,,,,,,,,left_only
,,The X Files Fight The Future,"https://imsdb.com//scripts//X-Files-Fight-the-Future,-The.html",right_only,The X Files Fight The Future,,,,,,,,left_only
,,,,,,,,,The X-Files Movie,https://www.dailyscript.com/scripts/the-x-files_production.html,html,The X Files Movie,right_only
,,,,,,,,,The Year of Living Dangerously,https://www.dailyscript.com/scripts/TheYearofLivingDangerously.pdf,pdf,The Year Of Living Dangerously,right_only
,,,,,,,,,The Zero Theorem,https://www.dailyscript.com/scripts/TheZeroTheorem.pdf,pdf,The Zero Theorem,right_only
https://assets.scriptslug.com/live/pdf/scripts/the-zone-of-interest-2023.pdf?v=1729115047,The Zone Of Interest,The Zone Of Interest,"https://imsdb.com//scripts//Zone-of-Interest,-The.html",both,The Zone Of Interest,,,,,,,,left_only
https://assets.scriptslug.com/live/pdf/scripts/thelma-and-louise-1991.pdf?v=1729115047,Thelma & Louise,Thelma & Louise,https://imsdb.com//scripts//Thelma-&-Louise.html,both,Thelma & Louise,Thelma & Louise,HTML len = 0 : no content scrapped,Thelma & Louise,Thelma & Louise,https://www.dailyscript.com/scripts/Thelma%20And%20Louise.txt,txt,Thelma & Louise,both
https://assets.scriptslug.com/live/pdf/scripts/there-will-be-blood-2007.pdf?v=1729115047,There Will Be Blood,,,left_only,There Will Be Blood,,,,,,,,left_only
,,Theres Something About Mary,https://imsdb.com//scripts//There's-Something-About-Mary.html,right_only,Theres Something About Mary,,,,There's Something About Mary,https://www.dailyscript.com/scripts/aboutmary.html,html,Theres Something About Mary,both
,,They,https://imsdb.com//scripts//They.html,right_only,They,,,,,,,,left_only
https://assets.scriptslug.com/live/pdf/scripts/they-live-1988.pdf?v=1729115048,They Live,,,left_only,They Live,,,,,,,,left_only
,,,,,,,,,Thief,https://www.dailyscript.com/scripts/thief.pdf,pdf,Thief,right_only
https://assets.scriptslug.com/live/pdf/scripts/thir13en-ghosts-2001.pdf?v=1729115048,Thir13en Ghosts,,,left_only,Thir13en Ghosts,,,,Thir13en Ghosts,https://www.dailyscript.com/scripts/thirteen_ghosts.pdf,pdf,Thir13en Ghosts,both
https://assets.scriptslug.com/live/pdf/scripts/thirteen-2003.pdf?v=1729115048,Thirteen,,,left_only,Thirteen,,,,,,,,left_only
,,Thirteen Days,https://imsdb.com//scripts//Thirteen-Days.html,right_only,Thirteen Days,,,,Thirteen Days,https://www.dailyscript.com/scripts/13_days.html,html,Thirteen Days,both
,,,,,,,,,Thirteen Ghosts,https://www.dailyscript.com/scripts/thirteen_ghosts.pdf,pdf,Thirteen Ghosts,right_only
https://assets.scriptslug.com/live/pdf/scripts/thirteen-lives-2022.pdf?v=1729115048,Thirteen Lives,,,left_only,Thirteen Lives,,,,,,,,left_only
https://assets.scriptslug.com/live/pdf/scripts/this-boys-life-1992.pdf?v=1729115048,This Boys Life,This Boys Life,https://imsdb.com//scripts//This-Boy's-Life.html,both,This Boys Life,,,,This Boy's Life,https://www.dailyscript.com/scripts/This_Boys_Life.pdf,pdf,This Boys Life,both
https://assets.scriptslug.com/live/pdf/scripts/this-is-40-2012.pdf?v=1729115048,This Is 40,This Is 40,https://imsdb.com//scripts//This-is-40.html,both,This Is 40,This is 40,HTML len = 0 : no content scrapped,This Is 40,,,,,left_only
https://assets.scriptslug.com/live/pdf/scripts/thor-2011.pdf?v=1729115048,Thor,Thor,https://imsdb.com//scripts//Thor.html,both,Thor,,,,,,,,left_only
https://assets.scriptslug.com/live/pdf/scripts/thor-ragnorak-2017.pdf?v=1729115048,Thor Ragnarok,Thor Ragnarok,https://imsdb.com//scripts//Thor-Ragnarok.html,both,Thor Ragnarok,,,,,,,,left_only
https://assets.scriptslug.com/live/pdf/scripts/thoroughbreds-2018.pdf?v=1729115048,Thoroughbreds,,,left_only,Thoroughbreds,,,,,,,,left_only
https://assets.scriptslug.com/live/pdf/scripts/those-who-walk-away-2022.pdf?v=1729115048,Those Who Walk Away,,,left_only,Those Who Walk Away,,,,,,,,left_only
https://assets.scriptslug.com/live/pdf/scripts/three-billboards-outside-ebbing-missouri-2017.pdf?v=1729115049,Three Billboards Outside Ebbing Missouri,,,left_only,Three Billboards Outside Ebbing Missouri,,,,,,,,left_only
https://assets.scriptslug.com/live/pdf/scripts/three-days-of-condor-1975.pdf?v=1729115049,Three Days Of Condor,,,left_only,Three Days Of Condor,,,,,,,,left_only
https://assets.scriptslug.com/live/pdf/scripts/three-kings-1999.pdf?v=1729115049,Three Kings,Three Kings,https://imsdb.com//scripts//Three-Kings.html,both,Three Kings,,,,Three Kings,https://www.dailyscript.com/scripts/three-kings_shooting.html,html,Three Kings,both
,,Three Kings (spoils Of War),https://imsdb.com//scripts//Three-Kings-(Spoils-of-War).html,right_only,Three Kings (spoils Of War),,,,Three Kings (Spoils of War),https://www.dailyscript.com/scripts/three-kings_unproduced.html,html,Three Kings (spoils Of War),both
,,Three Men And A Baby,https://imsdb.com//scripts//Three-Men-and-a-Baby.html,right_only,Three Men And A Baby,,,,Three Men and a Baby,https://www.dailyscript.com/scripts/Three_Men_and_a_Baby.pdf,pdf,Three Men And A Baby,both
,,,,,,,,,Three Thousand (filmed as Pretty Woman),https://www.dailyscript.com/scripts/Three_Thousand_Sundance.pdf,pdf,Three Thousand (filmed As Pretty Woman),right_only
https://assets.scriptslug.com/live/pdf/scripts/three-thousand-years-of-longing-2022.pdf?v=1729115049,Three Thousand Years Of Longing,,,left_only,Three Thousand Years Of Longing,,,,,,,,left_only
https://assets.scriptslug.com/live/pdf/scripts/thunderball-1965.pdf?v=1729115049,Thunderball,,,left_only,Thunderball,,,,,,,,left_only
,,Thunderbirds,https://imsdb.com//scripts//Thunderbirds.html,right_only,Thunderbirds,,,,,,,,left_only
,,Thunderheart,https://imsdb.com//scripts//Thunderheart.html,right_only,Thunderheart,,,,Thunderheart,https://www.dailyscript.com/scripts/Thunderheart.txt,txt,Thunderheart,both
https://assets.scriptslug.com/live/pdf/scripts/thx-1138-1971.pdf?v=1729115049,Thx 1138,,,left_only,Thx 1138,,,,THX 1138,https://www.dailyscript.com/scripts/thx1138.html,html,Thx 1138,both
https://assets.scriptslug.com/live/pdf/scripts/tick-tick-boom-2021.pdf?v=1729115049,Tick Tick Boom,,,left_only,Tick Tick Boom,,,,,,,,left_only
,,Ticker,https://imsdb.com//scripts//Ticker.html,right_only,Ticker,,,,Ticker,https://www.dailyscript.com/scripts/ticker.html,html,Ticker,both
https://assets.scriptslug.com/live/pdf/scripts/till-2022.pdf?v=1729115049,Till,,,left_only,Till,,,,,,,,left_only
,,Timber Falls,https://imsdb.com//scripts//Timber-Falls.html,right_only,Timber Falls,,,,,,,,left_only
,,Tin Cup,https://imsdb.com//scripts//Tin-Cup.html,right_only,Tin Cup,,,,Tin Cup,https://www.dailyscript.com/scripts/Tin_Cup.pdf,pdf,Tin Cup,both
https://assets.scriptslug.com/live/pdf/scripts/tin-men-1987.pdf?v=1729115049,Tin Men,Tin Men,https://imsdb.com//scripts//Tin-Men.html,both,Tin Men,,,,Tin Men,https://www.dailyscript.com/scripts/Tin_Men.pdf,pdf,Tin Men,both
https://assets.scriptslug.com/live/pdf/scripts/tinker-tailor-soldier-spy-2011.pdf?v=1729115049,Tinker Tailor Soldier Spy,Tinker Tailor Soldier Spy,https://imsdb.com//scripts//Tinker-Tailor-Soldier-Spy.html,both,Tinker Tailor Soldier Spy,,,,,,,,left_only
https://assets.scriptslug.com/live/pdf/scripts/titanic-1997.pdf?v=1729115050,Titanic,Titanic,https://imsdb.com//scripts//Titanic.html,both,Titanic,,,,Titanic,https://www.dailyscript.com/scripts/Titanic.txt,txt,Titanic,both
,,Tmnt,https://imsdb.com//scripts//TMNT.html,right_only,Tmnt,,,,,,,,left_only
https://assets.scriptslug.com/live/pdf/scripts/to-all-the-boys-ive-loved-before-2018.pdf?v=1729115050,To All The Boys Ive Loved Before,,,left_only,To All The Boys Ive Loved Before,,,,,,,,left_only
https://assets.scriptslug.com/live/pdf/scripts/to-catch-a-killer-2023.pdf?v=1729115050,To Catch A Killer,,,left_only,To Catch A Killer,,,,,,,,left_only
https://assets.scriptslug.com/live/pdf/scripts/to-kill-a-mockingbird-1962.pdf?v=1729115050,To Kill A Mockingbird,,,left_only,To Kill A Mockingbird,,,,To Kill a Mockingbird,https://www.dailyscript.com/scripts/To_Kill_a_Mockingbird.pdf,pdf,To Kill A Mockingbird,both
,,To Sleep With Anger,https://imsdb.com//scripts//To-Sleep-with-Anger.html,right_only,To Sleep With Anger,,,,To Sleep With Anger,https://www.dailyscript.com/scripts/tosleepwithanger.html,html,To Sleep With Anger,both
https://assets.scriptslug.com/live/pdf/scripts/to-wong-foo-thanks-for-everything-julie-newmar-1995.pdf?v=1729115050,To Wong Foo Thanks For Everything Julie Newmar,,,left_only,To Wong Foo Thanks For Everything Julie Newmar,,,,,,,,left_only
,,Tombstone,https://imsdb.com//scripts//Tombstone.html,right_only,Tombstone,,,,Tombstone,https://www.dailyscript.com/scripts/tomb_stone.html,html,Tombstone,both
https://assets.scriptslug.com/live/pdf/scripts/tomorrow-never-dies-1997.pdf?v=1729115050,Tomorrow Never Dies,Tomorrow Never Dies,https://imsdb.com//scripts//Tomorrow-Never-Dies.html,both,Tomorrow Never Dies,,,,,,,,left_only
https://assets.scriptslug.com/live/pdf/scripts/toni-erdmann-2016.pdf?v=1729115050,Toni Erdmann,,,left_only,Toni Erdmann,,,,Toni Erdmann,https://www.dailyscript.com/scripts/tonierdmann_screenplay.pdf,pdf,Toni Erdmann,both
https://assets.scriptslug.com/live/pdf/scripts/tootsie-1982.pdf?v=1729115050,Tootsie,,,left_only,Tootsie,,,,Tootsie,https://www.dailyscript.com/scripts/Tootsie.pdf,pdf,Tootsie,both
https://assets.scriptslug.com/live/pdf/scripts/top-gun-1986.pdf?v=1729115050,Top Gun,Top Gun,https://imsdb.com//scripts//Top-Gun.html,both,Top Gun,,,,Top Gun,https://www.dailyscript.com/scripts/TopGun.html,html,Top Gun,both
https://assets.scriptslug.com/live/pdf/scripts/top-gun-maverick-2022.pdf?v=1729115051,Top Gun Maverick,,,left_only,Top Gun Maverick,,,,,,,,left_only
https://assets.scriptslug.com/live/pdf/scripts/total-recall-1990.pdf?v=1729115051,Total Recall,Total Recall,https://imsdb.com//scripts//Total-Recall.html,both,Total Recall,,,,,,,,left_only
https://assets.scriptslug.com/live/pdf/scripts/totem-2017.pdf?v=1729115051,Totem,,,left_only,Totem,,,,,,,,left_only
https://assets.scriptslug.com/live/pdf/scripts/touch-of-evil-1958.pdf?v=1729115051,Touch Of Evil,,,left_only,Touch Of Evil,,,,,,,,left_only
https://assets.scriptslug.com/live/pdf/scripts/tough-guys-1985.pdf?v=1729115051,Tough Guys,,,left_only,Tough Guys,,,,,,,,left_only
https://assets.scriptslug.com/live/pdf/scripts/tower-block-2012.pdf?v=1729115051,Tower Block,,,left_only,Tower Block,,,,,,,,left_only
https://assets.scriptslug.com/live/pdf/scripts/tower-of-terror-1997.pdf?v=1729115051,Tower Of Terror,,,left_only,Tower Of Terror,,,,,,,,left_only
https://assets.scriptslug.com/live/pdf/scripts/toy-story-1995.pdf?v=1729115051,Toy Story,Toy Story,https://imsdb.com//scripts//Toy-Story.html,both,Toy Story,,,,Toy Story,https://www.dailyscript.com/scripts/toy_story.html,html,Toy Story,both
https://assets.scriptslug.com/live/pdf/scripts/toy-story-2-1999.pdf?v=1729115051,Toy Story 2,,,left_only,Toy Story 2,,,,,,,,left_only
https://assets.scriptslug.com/live/pdf/scripts/toy-story-3-2010.pdf?v=1729115051,Toy Story 3,,,left_only,Toy Story 3,,,,,,,,left_only
https://assets.scriptslug.com/live/pdf/scripts/toy-story-4-2019.pdf?v=1729115052,Toy Story 4,,,left_only,Toy Story 4,,,,,,,,left_only
,,Traffic,https://imsdb.com//scripts//Traffic.html,right_only,Traffic,,,,Traffic,https://www.dailyscript.com/scripts/traffic.html,html,Traffic,both
https://assets.scriptslug.com/live/pdf/scripts/training-day-2001.pdf?v=1729115052,Training Day,Training Day,https://imsdb.com//scripts//Training-Day.html,both,Training Day,,,,Training Day,https://www.dailyscript.com/scripts/Training_Day.pdf,pdf,Training Day,both
,,Trainspotting,https://imsdb.com//scripts//Trainspotting.html,right_only,Trainspotting,,,,Trainspotting,https://www.dailyscript.com/scripts/trainspotting.html,html,Trainspotting,both
https://assets.scriptslug.com/live/pdf/scripts/trainwreck-2015.pdf?v=1729115052,Trainwreck,,,left_only,Trainwreck,,,,Trainwreck,https://www.dailyscript.com/scripts/Trainwreck-Final-Script.pdf,pdf,Trainwreck,both
https://assets.scriptslug.com/live/pdf/scripts/transcendence-2014.pdf?v=1729115052,Transcendence,,,left_only,Transcendence,,,,,,,,left_only
https://assets.scriptslug.com/live/pdf/scripts/transformers-2007.pdf?v=1729115052,Transformers,,,left_only,Transformers,,,,,,,,left_only
,,Transformers The Movie,https://imsdb.com//scripts//Transformers-The-Movie.html,right_only,Transformers The Movie,,,,Transformers: The Movie,https://www.dailyscript.com/scripts/transformers.html,html,Transformers The Movie,both
,,Trap Livin,https://imsdb.com//scripts//Trap-Livin'.html,right_only,Trap Livin,,,,,,,,left_only
https://assets.scriptslug.com/live/pdf/scripts/tremors-1990.pdf?v=1729115052,Tremors,Tremors,https://imsdb.com//scripts//Tremors.html,both,Tremors,,,,Tremors,https://www.dailyscript.com/scripts/Tremors.htm,htm,Tremors,both
https://assets.scriptslug.com/live/pdf/scripts/triangle-of-sadness-2022.pdf?v=1729115052,Triangle Of Sadness,,,left_only,Triangle Of Sadness,,,,,,,,left_only
https://assets.scriptslug.com/live/pdf/scripts/trick-r-treat-2007.pdf?v=1729115052,Trick R Treat,,,left_only,Trick R Treat,,,,,,,,left_only
,,Tristan And Isolde,https://imsdb.com//scripts//Tristan-and-Isolde.html,right_only,Tristan And Isolde,,,,,,,,left_only
,,Tron,https://imsdb.com//scripts//TRON.html,right_only,Tron,,,,TRON,https://www.dailyscript.com/scripts/tron.html,html,Tron,both
https://assets.scriptslug.com/live/pdf/scripts/tron-legacy-2010.pdf?v=1729115052,Tron Legacy,Tron Legacy,https://imsdb.com//scripts//TRON-Legacy.html,both,Tron Legacy,,,,,,,,left_only
,,Tropic Thunder,https://imsdb.com//scripts//Tropic-Thunder.html,right_only,Tropic Thunder,,,,,,,,left_only
,,Troy,https://imsdb.com//scripts//Troy.html,right_only,Troy,Troy,"Webstatus : 404
",Troy,Troy,https://www.dailyscript.com/scripts/Tabb'sTROY-Final.pdf,pdf,Troy,both
,,,,,,,,,True Believer,https://www.dailyscript.com/scripts/True%20Believer.txt,txt,True Believer,right_only
,,,,,,,,,True Crime,https://www.dailyscript.com/scripts/true_crime.pdf,pdf,True Crime,right_only
https://assets.scriptslug.com/live/pdf/scripts/true-grit-2010.pdf?v=1729115053,True Grit,True Grit,https://imsdb.com//scripts//True-Grit.html,both,True Grit,,,,,,,,left_only
https://assets.scriptslug.com/live/pdf/scripts/true-lies-1994.pdf?v=1729115053,True Lies,True Lies,https://imsdb.com//scripts//True-Lies.html,both,True Lies,,,,,,,,left_only
https://assets.scriptslug.com/live/pdf/scripts/true-romance-1993.pdf?v=1729115053,True Romance,True Romance,https://imsdb.com//scripts//True-Romance.html,both,True Romance,,,,True Romance,https://www.dailyscript.com/scripts/true_romance.html,html,True Romance,both
https://assets.scriptslug.com/live/pdf/scripts/trumbo-2015.pdf?v=1729115053,Trumbo,,,left_only,Trumbo,,,,,,,,left_only
https://assets.scriptslug.com/live/pdf/scripts/tucker-and-dale-vs-evil-2010.pdf?v=1729115053,Tucker And Dale Vs Evil,Tucker And Dale Vs Evil,https://imsdb.com//scripts//Tucker-and-Dale-vs-Evil.html,both,Tucker And Dale Vs Evil,,,,,,,,left_only
https://assets.scriptslug.com/live/pdf/scripts/tully-2018.pdf?v=1729115053,Tully,,,left_only,Tully,,,,,,,,left_only
https://assets.scriptslug.com/live/pdf/scripts/tusk-2014.pdf?v=1729115053,Tusk,,,left_only,Tusk,,,,,,,,left_only
https://assets.scriptslug.com/live/pdf/scripts/twelve-monkeys-1995.pdf?v=1729115054,Twelve Monkeys,,,left_only,Twelve Monkeys,,,,Twelve Monkeys,https://www.dailyscript.com/scripts/twelve_monkeys.html,html,Twelve Monkeys,both
https://assets.scriptslug.com/live/pdf/scripts/twilight-2008.pdf?v=1729115054,Twilight,Twilight,https://imsdb.com//scripts//Twilight.html,both,Twilight,,,,,,,,left_only
,,Twilight New Moon,https://imsdb.com//scripts//Twilight-New-Moon.html,right_only,Twilight New Moon,,,,,,,,left_only
,,Twin Peaks,https://imsdb.com//scripts//Twin-Peaks.html,right_only,Twin Peaks,,,,,,,,left_only
https://assets.scriptslug.com/live/pdf/scripts/twin-peaks-fire-walk-with-me-1992.pdf?v=1729115054,Twin Peaks Fire Walk With Me,,,left_only,Twin Peaks Fire Walk With Me,,,,Twin Peaks: Fire Walk With Me,https://www.dailyscript.com/scripts/Twin+Peaks+-+Fire+Walk+With+Me.txt,txt,Twin Peaks Fire Walk With Me,both
https://assets.scriptslug.com/live/pdf/scripts/twins-1988.pdf?v=1729115054,Twins,Twins,https://imsdb.com//scripts//Twins.html,both,Twins,,,,Twins,https://www.dailyscript.com/scripts/Twins.PDF,pdf,Twins,both
,,Twister,https://imsdb.com//scripts//Twister.html,right_only,Twister,,,,,,,,left_only
,,Two For The Money,https://imsdb.com//scripts//Two-For-The-Money.html,right_only,Two For The Money,,,,Two For The Money,https://www.dailyscript.com/scripts/TwoForTheMoney.doc,doc,Two For The Money,both
https://assets.scriptslug.com/live/pdf/scripts/tar-2022.pdf?v=1729115004,Tár,,,left_only,Tár,,,,,,,,left_only
,,U Turn,https://imsdb.com//scripts//U-Turn.html,right_only,U Turn,,,,U Turn,https://www.dailyscript.com/scripts/u-turn_shooting.html,html,U Turn,both
,,,,,,,,,U Turn (Stray Dogs),https://www.dailyscript.com/scripts/u-turn_early.html,html,U Turn (stray Dogs),right_only
,,Un Singe En Hiver,https://imsdb.com//scripts//Un-Singe-en-Hiver.html,right_only,Un Singe En Hiver,,,,,,,,left_only
https://assets.scriptslug.com/live/pdf/scripts/unbreakable-2000.pdf?v=1729115055,Unbreakable,Unbreakable,https://imsdb.com//scripts//Unbreakable.html,both,Unbreakable,,,,Unbreakable,https://www.dailyscript.com/scripts/unbreakable.html,html,Unbreakable,both
,,,,,,,,,Unbroken,https://www.dailyscript.com/scripts/screenplay4_512054.pdf,pdf,Unbroken,right_only
https://assets.scriptslug.com/live/pdf/scripts/uncle-buck-1989.pdf?v=1729115055,Uncle Buck,,,left_only,Uncle Buck,,,,,,,,left_only
,,Under Fire,https://imsdb.com//scripts//Under-Fire.html,right_only,Under Fire,,,,Under Fire,https://www.dailyscript.com/scripts/Under%20Fire%20(1983).txt,txt,Under Fire,both
https://assets.scriptslug.com/live/pdf/scripts/under-siege-1992.pdf?v=1729115055,Under Siege,,,left_only,Under Siege,,,,,,,,left_only
https://assets.scriptslug.com/live/pdf/scripts/under-the-silver-lake-2018.pdf?v=1729115055,Under The Silver Lake,,,left_only,Under The Silver Lake,,,,,,,,left_only
https://assets.scriptslug.com/live/pdf/scripts/underwater-2020.pdf?v=1729115055,Underwater,,,left_only,Underwater,,,,,,,,left_only
https://assets.scriptslug.com/live/pdf/scripts/underworld-2003.pdf?v=1729115055,Underworld,,,left_only,Underworld,,,,,,,,left_only
https://assets.scriptslug.com/live/pdf/scripts/unforgiven-1992.pdf?v=1729115055,Unforgiven,Unforgiven,https://imsdb.com//scripts//Unforgiven.html,both,Unforgiven,Unforgiven,"Webstatus : 404
",Unforgiven,Unforgiven,https://www.dailyscript.com/scripts/unforgiven.html,html,Unforgiven,both
,,Unknown,https://imsdb.com//scripts//Unknown.html,right_only,Unknown,,,,,,,,left_only
,,,,,,,,,Untitled 50 Cent Project (filmed as Get Rich Or Die Trying),https://www.dailyscript.com/scripts/Untitled_50_Cent_project_by_Terrence_Winter.pdf,pdf,Untitled 50 Cent Project (filmed As Get Rich Or Die Trying),right_only
,,,,,,,,,Untraceable,https://www.dailyscript.com/scripts/untraceable.pdf,pdf,Untraceable,right_only
https://assets.scriptslug.com/live/pdf/scripts/up-2009.pdf?v=1729115055,Up,Up,https://imsdb.com//scripts//Up.html,both,Up,,,,,,,,left_only
https://assets.scriptslug.com/live/pdf/scripts/up-in-the-air-2009.pdf?v=1729115056,Up In The Air,Up In The Air,https://imsdb.com//scripts//Up-in-the-Air.html,both,Up In The Air,,,,,,,,left_only
https://assets.scriptslug.com/live/pdf/scripts/upgrade-2018.pdf?v=1729115056,Upgrade,,,left_only,Upgrade,,,,,,,,left_only
https://assets.scriptslug.com/live/pdf/scripts/upstream-color-2013.pdf?v=1729115056,Upstream Color,,,left_only,Upstream Color,,,,,,,,left_only
https://assets.scriptslug.com/live/pdf/scripts/us-2019.pdf?v=1729115056,Us,,,left_only,Us,,,,,,,,left_only
https://assets.scriptslug.com/live/pdf/scripts/v-for-vendetta-2006.pdf?v=1729115056,V For Vendetta,V For Vendetta,https://imsdb.com//scripts//V-for-Vendetta.html,both,V For Vendetta,,,,,,,,left_only
https://assets.scriptslug.com/live/pdf/scripts/vacancy-2007.pdf?v=1729115056,Vacancy,,,left_only,Vacancy,,,,,,,,left_only
https://assets.scriptslug.com/live/pdf/scripts/vacation-2015.pdf?v=1729115056,Vacation,,,left_only,Vacation,,,,,,,,left_only
,,Valentines Day,https://imsdb.com//scripts//Valentine's-Day.html,right_only,Valentines Day,Valentine's Day,"Webstatus : 404
",Valentines Day,,,,,left_only
,,Valkyrie,https://imsdb.com//scripts//Valkyrie.html,right_only,Valkyrie,,,,,,,,left_only
https://assets.scriptslug.com/live/pdf/scripts/van-helsing-2004.pdf?v=1729115056,Van Helsing,,,left_only,Van Helsing,,,,,,,,left_only
https://assets.scriptslug.com/live/pdf/scripts/vanilla-sky-2001.pdf?v=1729115056,Vanilla Sky,Vanilla Sky,https://imsdb.com//scripts//Vanilla-Sky.html,both,Vanilla Sky,,,,,,,,left_only
,,,,,,,,,Vantage Point,https://www.dailyscript.com/scripts/Vantage_20Point.pdf,pdf,Vantage Point,right_only
https://assets.scriptslug.com/live/pdf/scripts/velvet-buzzsaw-2019.pdf?v=1729115057,Velvet Buzzsaw,,,left_only,Velvet Buzzsaw,,,,,,,,left_only
https://assets.scriptslug.com/live/pdf/scripts/vengeance-2022.pdf?v=1729115057,Vengeance,,,left_only,Vengeance,,,,,,,,left_only
https://assets.scriptslug.com/live/pdf/scripts/vertigo-1985.pdf?v=1729115057,Vertigo,Vertigo,https://imsdb.com//scripts//Vertigo.html,both,Vertigo,Vertigo,HTML len = 0 : no content scrapped,Vertigo,Vertigo,https://www.dailyscript.com/scripts/vertigo.html,html,Vertigo,both
,,Very Bad Things,https://imsdb.com//scripts//Very-Bad-Things.html,right_only,Very Bad Things,,,,Very Bad Things,https://www.dailyscript.com/scripts/Very+Bad+Things.txt,txt,Very Bad Things,both
https://assets.scriptslug.com/live/pdf/scripts/vice-2018.pdf?v=1729115057,Vice,,,left_only,Vice,,,,,,,,left_only
,,,,,,,,,Vicky Cristina Barcelona,https://www.dailyscript.com/scripts/vicky-cristina-barcelona-script.pdf,pdf,Vicky Cristina Barcelona,right_only
https://assets.scriptslug.com/live/pdf/scripts/victor-frankenstein-2015.pdf?v=1729115057,Victor Frankenstein,,,left_only,Victor Frankenstein,,,,,,,,left_only
https://assets.scriptslug.com/live/pdf/scripts/victoria-and-abdul-2017.pdf?v=1729115057,Victoria & Abdul,,,left_only,Victoria & Abdul,,,,,,,,left_only
,,Virtuosity,https://imsdb.com//scripts//Virtuosity.html,right_only,Virtuosity,,,,Virtuosity,https://www.dailyscript.com/scripts/virtuosity.html,html,Virtuosity,both
https://assets.scriptslug.com/live/pdf/scripts/vox-lux-2018.pdf?v=1729115057,Vox Lux,,,left_only,Vox Lux,,,,,,,,left_only
https://assets.scriptslug.com/live/pdf/scripts/wadjda-2012.pdf?v=1729115057,Wadjda,,,left_only,Wadjda,,,,,,,,left_only
,,Wag The Dog,https://imsdb.com//scripts//Wag-the-Dog.html,right_only,Wag The Dog,,,,Wag the Dog,https://www.dailyscript.com/scripts/wag-the-dog_production.html,html,Wag The Dog,both
https://assets.scriptslug.com/live/pdf/scripts/walk-hard-the-dewey-cox-story-2007.pdf?v=1729115058,Walk Hard The Dewey Cox Story,,,left_only,Walk Hard The Dewey Cox Story,,,,,,,,left_only
,,Walk To Remember A,"https://imsdb.com//scripts//Walk-to-Remember,-A.html",right_only,Walk To Remember A,,,,,,,,left_only
,,Walking Tall,https://imsdb.com//scripts//Walking-Tall.html,right_only,Walking Tall,,,,,,,,left_only
https://assets.scriptslug.com/live/pdf/scripts/wall-e-2008.pdf?v=1729115058,Wall E,Wall E,https://imsdb.com//scripts//Wall-E.html,both,Wall E,,,,,,,,left_only
https://assets.scriptslug.com/live/pdf/scripts/wall-street-1987.pdf?v=1729115058,Wall Street,Wall Street,https://imsdb.com//scripts//Wall-Street.html,both,Wall Street,,,,Wall Street,https://www.dailyscript.com/scripts/wall_street.html,html,Wall Street,both
,,Wall Street Money Never Sleeps,https://imsdb.com//scripts//Wall-Street-Money-Never-Sleeps.html,right_only,Wall Street Money Never Sleeps,,,,,,,,left_only
https://assets.scriptslug.com/live/pdf/scripts/wanted-2008.pdf?v=1729115058,Wanted,Wanted,https://imsdb.com//scripts//Wanted.html,both,Wanted,,,,,,,,left_only
https://assets.scriptslug.com/live/pdf/scripts/war-for-the-planets-of-the-apes-2017.pdf?v=1729115058,War For The Planet Of The Apes,War For The Planet Of The Apes,https://imsdb.com//scripts//War-for-the-Planet-of-the-Apes.html,both,War For The Planet Of The Apes,,,,,,,,left_only
,,War Horse,https://imsdb.com//scripts//War-Horse.html,right_only,War Horse,,,,,,,,left_only
https://assets.scriptslug.com/live/pdf/scripts/war-of-the-roses-1989.pdf?v=1729115058,War Of The Roses,,,left_only,War Of The Roses,,,,,,,,left_only
https://assets.scriptslug.com/live/pdf/scripts/war-of-the-worlds-2005.pdf?v=1729115058,War Of The Worlds,War Of The Worlds,https://imsdb.com//scripts//War-of-the-Worlds.html,both,War Of The Worlds,,,,,,,,left_only
,,Warm Springs,https://imsdb.com//scripts//Warm-Springs.html,right_only,Warm Springs,,,,Warm Springs,https://www.dailyscript.com/scripts/Warm%20Springs.txt,txt,Warm Springs,both
https://assets.scriptslug.com/live/pdf/scripts/warrior-2011.pdf?v=1729115059,Warrior,Warrior,https://imsdb.com//scripts//Warrior.html,both,Warrior,,,,,,,,left_only
https://assets.scriptslug.com/live/pdf/scripts/watchmen-2009.pdf?v=1729115059,Watchmen,Watchmen,https://imsdb.com//scripts//Watchmen.html,both,Watchmen,,,,,,,,left_only
,,Water For Elephants,https://imsdb.com//scripts//Water-for-Elephants.html,right_only,Water For Elephants,,,,,,,,left_only
https://assets.scriptslug.com/live/pdf/scripts/waves-2019.pdf?v=1729115059,Waves,,,left_only,Waves,,,,,,,,left_only
https://assets.scriptslug.com/live/pdf/scripts/we-need-to-talk-about-kevin-2011.pdf?v=1729115059,We Need To Talk About Kevin,,,left_only,We Need To Talk About Kevin,,,,,,,,left_only
,,We Own The Night,https://imsdb.com//scripts//We-Own-the-Night.html,right_only,We Own The Night,,,,,,,,left_only
https://assets.scriptslug.com/live/pdf/scripts/wedding-crashers-2005.pdf?v=1729115059,Wedding Crashers,,,left_only,Wedding Crashers,,,,,,,,left_only
https://assets.scriptslug.com/live/pdf/scripts/weird-science-1985.pdf?v=1729115059,Weird Science,,,left_only,Weird Science,,,,,,,,left_only
https://assets.scriptslug.com/live/pdf/scripts/weird-the-al-yankovic-story-2022.pdf?v=1729115060,Weird The Al Yankovic Story,,,left_only,Weird The Al Yankovic Story,,,,,,,,left_only
https://assets.scriptslug.com/live/pdf/scripts/were-no-angels-1989.pdf?v=1729115060,Were No Angels,,,left_only,Were No Angels,,,,,,,,left_only
https://assets.scriptslug.com/live/pdf/scripts/new-nightmare-1994.pdf?v=1729114961,Wes Cravens New Nightmare,,,left_only,Wes Cravens New Nightmare,,,,Wes Craven's New Nightmare,https://www.dailyscript.com/scripts/WesCravensNewNightmare.txt,txt,Wes Cravens New Nightmare,both
https://assets.scriptslug.com/live/pdf/scripts/west-side-story-2021.pdf?v=1729115060,West Side Story,,,left_only,West Side Story,,,,,,,,left_only
https://assets.scriptslug.com/live/pdf/scripts/westworld-1973.pdf?v=1729115060,Westworld,,,left_only,Westworld,,,,,,,,left_only
,,What About Bob,https://imsdb.com//scripts//What-About-Bob?.html,right_only,What About Bob,What About Bob?,"Webstatus : 404
",What About Bob,What About Bob?,https://www.dailyscript.com/scripts/What%20About%20Bob.txt,txt,What About Bob,both
https://assets.scriptslug.com/live/pdf/scripts/what-dreams-may-come-1998.pdf?v=1729115060,What Dreams May Come,,,left_only,What Dreams May Come,,,,,,,,left_only
https://assets.scriptslug.com/live/pdf/scripts/what-lies-beneath-2000.pdf?v=1729115060,What Lies Beneath,What Lies Beneath,https://imsdb.com//scripts//What-Lies-Beneath.html,both,What Lies Beneath,,,,What Lies Beneath,https://www.dailyscript.com/scripts/What+Lies+Beneath.txt,txt,What Lies Beneath,both
https://assets.scriptslug.com/live/pdf/scripts/what-they-had-2018.pdf?v=1729115060,What They Had,,,left_only,What They Had,,,,,,,,left_only
,,,,,,,,,What to Expect When You're Expecting,https://www.dailyscript.com/scripts/What_To_Expect_When_You're_Expecting.pdf,pdf,What To Expect When Youre Expecting,right_only
,,When A Stranger Calls,https://imsdb.com//scripts//When-a-Stranger-Calls.html,right_only,When A Stranger Calls,,,,When A Stranger Calls,https://www.dailyscript.com/scripts/When%20A%20Stranger%20Calls.txt,txt,When A Stranger Calls,both
https://assets.scriptslug.com/live/pdf/scripts/when-harry-met-sally-1989.pdf?v=1729115061,When Harry Met Sally,When Harry Met Sally,https://imsdb.com//scripts//When-Harry-Met-Sally.html,both,When Harry Met Sally,When Harry Met Sally,HTML len = 0 : no content scrapped,When Harry Met Sally,When Harry Met Sally,https://www.dailyscript.com/scripts/whenharrymesally.pdf,pdf,When Harry Met Sally,both
https://assets.scriptslug.com/live/pdf/scripts/where-the-day-takes-you-1992.pdf?v=1729115061,Where The Day Takes You,,,left_only,Where The Day Takes You,,,,,,,,left_only
https://assets.scriptslug.com/live/pdf/scripts/where-the-wild-things-are-2009.pdf?v=1729115061,Where The Wild Things Are,,,left_only,Where The Wild Things Are,,,,,,,,left_only
https://assets.scriptslug.com/live/pdf/scripts/which-way-is-up-1977.pdf?v=1729115061,Which Way Is Up,,,left_only,Which Way Is Up,,,,,,,,left_only
,,While She Was Out,https://imsdb.com//scripts//While-She-Was-Out.html,right_only,While She Was Out,,,,,,,,left_only
,,,,,,,,,While We're Young,https://www.dailyscript.com/scripts/wwy_script.pdf,pdf,While Were Young,right_only
https://assets.scriptslug.com/live/pdf/scripts/while-you-were-sleeping-1995.pdf?v=1729115061,While You Were Sleeping,,,left_only,While You Were Sleeping,,,,,,,,left_only
https://assets.scriptslug.com/live/pdf/scripts/whiplash-2014.pdf?v=1729115061,Whiplash,Whiplash,https://imsdb.com//scripts//Whiplash.html,both,Whiplash,,,,Whiplash,https://www.dailyscript.com/scripts/whiplash_screenplay.pdf,pdf,Whiplash,both
,,White Christmas,https://imsdb.com//scripts//White-Christmas.html,right_only,White Christmas,,,,White Christmas,https://www.dailyscript.com/scripts/White%20Christmas.txt,txt,White Christmas,both
,,White Jazz,https://imsdb.com//scripts//White-Jazz.html,right_only,White Jazz,,,,,,,,left_only
https://assets.scriptslug.com/live/pdf/scripts/white-noise-2022.pdf?v=1729115061,White Noise,,,left_only,White Noise,,,,,,,,left_only
,,White Squall,https://imsdb.com//scripts//White-Squall.html,right_only,White Squall,,,,,,,,left_only
,,Whiteout,https://imsdb.com//scripts//Whiteout.html,right_only,Whiteout,,,,,,,,left_only
https://assets.scriptslug.com/live/pdf/scripts/whitney-houston-i-wanna-dance-with-somebody-2022.pdf?v=1729115061,Whitney Houston I Wanna Dance With Somebody,,,left_only,Whitney Houston I Wanna Dance With Somebody,,,,,,,,left_only
https://assets.scriptslug.com/live/pdf/scripts/who-framed-roger-rabbit-1988.pdf?v=1729115061,Who Framed Roger Rabbit,Who Framed Roger Rabbit,https://imsdb.com//scripts//Who-Framed-Roger-Rabbit?.html,both,Who Framed Roger Rabbit,Who Framed Roger Rabbit?,"Webstatus : 404
",Who Framed Roger Rabbit,,,,,left_only
,,,,,,,,,Who Framed Roger Rabbit? (Who Shot Roger Rabbit?),https://www.dailyscript.com/scripts/roger-rabbit.html,html,Who Framed Roger Rabbit (who Shot Roger Rabbit),right_only
,,Whos Your Daddy,https://imsdb.com//scripts//Who's-Your-Daddy.html,right_only,Whos Your Daddy,,,,,,,,left_only
https://assets.scriptslug.com/live/pdf/scripts/wicked-2024.pdf?v=1738546490,Wicked,Wicked,https://imsdb.com//scripts//Wicked.html,both,Wicked,,,,,,,,left_only
https://assets.scriptslug.com/live/pdf/scripts/wild-2014.pdf?v=1729115062,Wild,,,left_only,Wild,,,,,,,,left_only
https://assets.scriptslug.com/live/pdf/scripts/wild-at-heart-1990.pdf?v=1729115062,Wild At Heart,Wild At Heart,https://imsdb.com//scripts//Wild-At-Heart.html,both,Wild At Heart,,,,Wild At Heart,https://www.dailyscript.com/scripts/wild_at_heart.html,html,Wild At Heart,both
,,Wild Hogs,https://imsdb.com//scripts//Wild-Hogs.html,right_only,Wild Hogs,,,,,,,,left_only
,,Wild Things,https://imsdb.com//scripts//Wild-Things.html,right_only,Wild Things,,,,Wild Things,https://www.dailyscript.com/scripts/wild-things_production.html,html,Wild Things,both
,,Wild Things Diamonds In The Rough,https://imsdb.com//scripts//Wild-Things-Diamonds-in-the-Rough.html,right_only,Wild Things Diamonds In The Rough,,,,,,,,left_only
,,,,,,,,,Wild Things: Diamonds in the Rough (was Rough Diamonds),https://www.dailyscript.com/scripts/Rough+Diamonds.pdf,pdf,Wild Things Diamonds In The Rough (was Rough Diamonds),right_only
,,Wild Wild West,https://imsdb.com//scripts//Wild-Wild-West.html,right_only,Wild Wild West,,,,"Wild, Wild West",https://www.dailyscript.com/scripts/Wild_Wild_West.pdf,pdf,Wild Wild West,both
https://assets.scriptslug.com/live/pdf/scripts/wildlife-2018.pdf?v=1729115062,Wildlife,,,left_only,Wildlife,,,,,,,,left_only
,,Willow,https://imsdb.com//scripts//Willow.html,right_only,Willow,,,,Willow,https://www.dailyscript.com/scripts/willow.html,html,Willow,both
https://assets.scriptslug.com/live/pdf/scripts/willy-wonka-and-the-chocolate-factory-1971.pdf?v=1729115062,Willy Wonka & The Chocolate Factory,,,left_only,Willy Wonka & The Chocolate Factory,,,,,,,,left_only
,,Win Win,https://imsdb.com//scripts//Win-Win.html,right_only,Win Win,,,,,,,,left_only
,,Wind Chill,https://imsdb.com//scripts//Wind-Chill.html,right_only,Wind Chill,,,,Wind Chill,https://www.dailyscript.com/scripts/WC_0223_YellowRevs1.pdf,pdf,Wind Chill,both
https://assets.scriptslug.com/live/pdf/scripts/wind-river-2017.pdf?v=1729115062,Wind River,,,left_only,Wind River,,,,,,,,left_only
https://assets.scriptslug.com/live/pdf/scripts/winters-tale-2013.pdf?v=1729115062,Winters Tale,,,left_only,Winters Tale,,,,,,,,left_only
https://assets.scriptslug.com/live/pdf/scripts/wise-guys-1986.pdf?v=1729115062,Wise Guys,,,left_only,Wise Guys,,,,,,,,left_only
,,Withnail And I,https://imsdb.com//scripts//Withnail-and-I.html,right_only,Withnail And I,,,,Withnail and I,https://www.dailyscript.com/scripts/withnail.html,html,Withnail And I,both
https://assets.scriptslug.com/live/pdf/scripts/witness-1985.pdf?v=1729115063,Witness,Witness,https://imsdb.com//scripts//Witness.html,both,Witness,,,,Witness,https://www.dailyscript.com/scripts/witness.html,html,Witness,both
https://assets.scriptslug.com/live/pdf/scripts/woman-in-gold-2015.pdf?v=1729115063,Woman In Gold,,,left_only,Woman In Gold,,,,Woman In Gold,https://www.dailyscript.com/scripts/WIG_SCRIPT_wCover_R22.pdf,pdf,Woman In Gold,both
https://assets.scriptslug.com/live/pdf/scripts/women-talking-2022.pdf?v=1729115063,Women Talking,,,left_only,Women Talking,,,,,,,,left_only
https://assets.scriptslug.com/live/pdf/scripts/wonder-boys-2000.pdf?v=1729115063,Wonder Boys,Wonder Boys,https://imsdb.com//scripts//Wonder-Boys.html,both,Wonder Boys,,,,Wonder Boys,https://www.dailyscript.com/scripts/thewonderboys.html,html,Wonder Boys,both
https://assets.scriptslug.com/live/pdf/scripts/wonder-woman-2017.pdf?v=1729115063,Wonder Woman,Wonder Woman,https://imsdb.com//scripts//Wonder-Woman.html,both,Wonder Woman,,,,,,,,left_only
,,,,,,,,,Wonderstruck,https://www.dailyscript.com/scripts/Wonderstruck-FINAL-SCRIPT.pdf,pdf,Wonderstruck,right_only
https://assets.scriptslug.com/live/pdf/scripts/wonka-2023.pdf?v=1729115063,Wonka,Wonka,https://imsdb.com//scripts//Wonka.html,both,Wonka,,,,,,,,left_only
https://assets.scriptslug.com/live/pdf/scripts/work-it-2020.pdf?v=1729115063,Work It,,,left_only,Work It,,,,,,,,left_only
https://assets.scriptslug.com/live/pdf/scripts/working-girl-1988.pdf?v=1729115063,Working Girl,,,left_only,Working Girl,,,,,,,,left_only
,,,,,,,,,Wreck It Ralph,https://www.dailyscript.com/scripts/wreck-it-ralph-screenplay.pdf,pdf,Wreck It Ralph,right_only
https://assets.scriptslug.com/live/pdf/scripts/wrongfully-accused-1998.pdf?v=1729115063,Wrongfully Accused,,,left_only,Wrongfully Accused,,,,,,,,left_only
https://assets.scriptslug.com/live/pdf/scripts/x-men-2000.pdf?v=1729115064,X Men,X Men,https://imsdb.com//scripts//X-Men.html,both,X Men,,,,X-Men,https://www.dailyscript.com/scripts/x-men_walker3.html,html,X Men,both
https://assets.scriptslug.com/live/pdf/scripts/x-men-days-of-future-past-2014.pdf?v=1729115064,X Men Days Of Future Past,,,left_only,X Men Days Of Future Past,,,,,,,,left_only
,,X Men Origins Wolverine,https://imsdb.com//scripts//X-Men-Origins-Wolverine.html,right_only,X Men Origins Wolverine,,,,,,,,left_only
https://assets.scriptslug.com/live/pdf/scripts/x2-x-men-united-2003.pdf?v=1729115064,X2 X Men United,,,left_only,X2 X Men United,,,,,,,,left_only
https://assets.scriptslug.com/live/pdf/scripts/xxx-2002.pdf?v=1729115064,Xxx,Xxx,https://imsdb.com//scripts//xXx.html,both,Xxx,,,,xXx,https://www.dailyscript.com/scripts/xXx.txt,txt,Xxx,both
,,Year One,https://imsdb.com//scripts//Year-One.html,right_only,Year One,,,,,,,,left_only
,,Yes Man,https://imsdb.com//scripts//Yes-Man.html,right_only,Yes Man,,,,,,,,left_only
,,You Can Count On Me,https://imsdb.com//scripts//You-Can-Count-On-Me.html,right_only,You Can Count On Me,,,,You Can Count On Me,https://www.dailyscript.com/scripts/You%20Can%20Count%20On%20Me.txt,txt,You Can Count On Me,both
https://assets.scriptslug.com/live/pdf/scripts/you-were-never-really-here-2017.pdf?v=1729115065,You Were Never Really Here,,,left_only,You Were Never Really Here,,,,,,,,left_only
,,,,,,,,,"You'll Never Die In This Town Again (Kiss, Kiss, Bang, Bang)",https://www.dailyscript.com/scripts/Kiss_Kiss_Bang_Bang.pdf,pdf,Youll Never Die In This Town Again (kiss Kiss Bang Bang),right_only
https://assets.scriptslug.com/live/pdf/scripts/young-adult-2011.pdf?v=1729115065,Young Adult,,,left_only,Young Adult,,,,,,,,left_only
https://assets.scriptslug.com/live/pdf/scripts/young-frankenstein-1974.pdf?v=1729115065,Young Frankenstein,,,left_only,Young Frankenstein,,,,,,,,left_only
https://assets.scriptslug.com/live/pdf/scripts/young-guns-1988.pdf?v=1729115065,Young Guns,,,left_only,Young Guns,,,,,,,,left_only
https://assets.scriptslug.com/live/pdf/scripts/youre-next-2011.pdf?v=1729115065,Youre Next,,,left_only,Youre Next,,,,,,,,left_only
,,,,,,,,,Youth,https://www.dailyscript.com/scripts/Youth.pdf,pdf,Youth,right_only
https://assets.scriptslug.com/live/pdf/scripts/youth-in-revolt-2009.pdf?v=1729115065,Youth In Revolt,Youth In Revolt,https://imsdb.com//scripts//Youth-in-Revolt.html,both,Youth In Revolt,,,,Youth In Revolt,https://www.dailyscript.com/scripts/Youth-In-Revolt.pdf,pdf,Youth In Revolt,both
,,Youve Got Mail,https://imsdb.com//scripts//You've-Got-Mail.html,right_only,Youve Got Mail,,,,You've Got Mail,https://www.dailyscript.com/scripts/Youve_got_mail.html,html,Youve Got Mail,both
https://assets.scriptslug.com/live/pdf/scripts/zathura-2005.pdf?v=1729115066,Zathura A Space Adventure,,,left_only,Zathura A Space Adventure,,,,,,,,left_only
https://assets.scriptslug.com/live/pdf/scripts/zebra-girl-2021.pdf?v=1729115066,Zebra Girl,Zebra Girl,https://imsdb.com//scripts//Zebra-Girl.html,both,Zebra Girl,,,,,,,,left_only
https://assets.scriptslug.com/live/pdf/scripts/zero-dark-thirty-2012.pdf?v=1729115066,Zero Dark Thirty,Zero Dark Thirty,https://imsdb.com//scripts//Zero-Dark-Thirty.html,both,Zero Dark Thirty,,,,,,,,left_only
,,Zerophilia,https://imsdb.com//scripts//Zerophilia.html,right_only,Zerophilia,,,,,,,,left_only
https://assets.scriptslug.com/live/pdf/scripts/zodiac-2007.pdf?v=1729115066,Zodiac,,,left_only,Zodiac,,,,,,,,left_only
https://assets.scriptslug.com/live/pdf/scripts/zombieland-2009.pdf?v=1729115066,Zombieland,,,left_only,Zombieland,,,,,,,,left_only
https://assets.scriptslug.com/live/pdf/scripts/zombieland-double-tap-2019.pdf?v=1729115066,Zombieland Double Tap,,,left_only,Zombieland Double Tap,,,,,,,,left_only
https://assets.scriptslug.com/live/pdf/scripts/zootopia-2016.pdf?v=1729115066,Zootopia,Zootopia,https://imsdb.com//scripts//Zootopia.html,both,Zootopia,,,,Zootopia,https://www.dailyscript.com/scripts/zootopia.pdf,pdf,Zootopia,both
https://assets.scriptslug.com/live/pdf/scripts/three-amigos-1986.pdf?v=1729115049,¡three Amigos,,,left_only,¡three Amigos,,,,,,,,left_only
