pdf_url,movie_name_script_slug_conventioned,movie_name_imsdb_conventioned,full_url_imsdb,_merge_imsdb_scriptslug,movie_name_conventioned,movie_name_imsdb_error,error,movie_name_imsdb_conventioned_error,scrapping_url,scrapping_url_extension
https://assets.scriptslug.com/live/pdf/scripts/500-days-of-summer-2009.pdf?v=1729114850,(500) Days Of Summer,,,left_only,(500) Days Of Summer,,,,https://assets.scriptslug.com/live/pdf/scripts/500-days-of-summer-2009.pdf?v=1729114850,pdf
https://assets.scriptslug.com/live/pdf/scripts/10-things-i-hate-about-you-1999.pdf?v=1729114847,10 Things I Hate About You,10 Things I Hate About You,https://imsdb.com//scripts//10-Things-I-Hate-About-You.html,both,10 Things I Hate About You,,,,https://assets.scriptslug.com/live/pdf/scripts/10-things-i-hate-about-you-1999.pdf?v=1729114847,pdf
https://assets.scriptslug.com/live/pdf/scripts/101-dalmations-1996.pdf?v=1729114847,101 Dalmations,,,left_only,101 Dalmations,,,,https://assets.scriptslug.com/live/pdf/scripts/101-dalmations-1996.pdf?v=1729114847,pdf
,,12,https://imsdb.com//scripts//12.html,right_only,12,,,,https://imsdb.com//scripts//12.html,html
,,12 And Holding,https://imsdb.com//scripts//12-and-Holding.html,right_only,12 And Holding,,,,https://imsdb.com//scripts//12-and-Holding.html,html
https://assets.scriptslug.com/live/pdf/scripts/12-angry-men-1957.pdf?v=1729114847,12 Angry Men,,,left_only,12 Angry Men,,,,https://assets.scriptslug.com/live/pdf/scripts/12-angry-men-1957.pdf?v=1729114847,pdf
,,12 Monkeys,https://imsdb.com//scripts//12-Monkeys.html,right_only,12 Monkeys,,,,https://imsdb.com//scripts//12-Monkeys.html,html
https://assets.scriptslug.com/live/pdf/scripts/12-strong-2018.pdf?v=1729114847,12 Strong,,,left_only,12 Strong,,,,https://assets.scriptslug.com/live/pdf/scripts/12-strong-2018.pdf?v=1729114847,pdf
https://assets.scriptslug.com/live/pdf/scripts/12-years-a-slave-2013.pdf?v=1729114848,12 Years A Slave,12 Years A Slave,https://imsdb.com//scripts//12-Years-a-Slave.html,both,12 Years A Slave,,,,https://assets.scriptslug.com/live/pdf/scripts/12-years-a-slave-2013.pdf?v=1729114848,pdf
https://assets.scriptslug.com/live/pdf/scripts/127-hours-2010.pdf?v=1729114848,127 Hours,127 Hours,https://imsdb.com//scripts//127-Hours.html,both,127 Hours,,,,https://assets.scriptslug.com/live/pdf/scripts/127-hours-2010.pdf?v=1729114848,pdf
https://assets.scriptslug.com/live/pdf/scripts/1408-2007.pdf?v=1729114848,1408,,,left_only,1408,,,,https://assets.scriptslug.com/live/pdf/scripts/1408-2007.pdf?v=1729114848,pdf
,,1492 Conquest Of Paradise,https://imsdb.com//scripts//1492-Conquest-of-Paradise.html,right_only,1492 Conquest Of Paradise,,,,https://imsdb.com//scripts//1492-Conquest-of-Paradise.html,html
,,15 Minutes,https://imsdb.com//scripts//15-Minutes.html,right_only,15 Minutes,,,,https://imsdb.com//scripts//15-Minutes.html,html
https://assets.scriptslug.com/live/pdf/scripts/16-blocks-2006.pdf?v=1729114848,16 Blocks,,,left_only,16 Blocks,,,,https://assets.scriptslug.com/live/pdf/scripts/16-blocks-2006.pdf?v=1729114848,pdf
,,17 Again,https://imsdb.com//scripts//17-Again.html,right_only,17 Again,,,,https://imsdb.com//scripts//17-Again.html,html
,,187,https://imsdb.com//scripts//187.html,right_only,187,,,,https://imsdb.com//scripts//187.html,html
https://assets.scriptslug.com/live/pdf/scripts/1917-2019.pdf?v=1729114848,1917,,,left_only,1917,,,,https://assets.scriptslug.com/live/pdf/scripts/1917-2019.pdf?v=1729114848,pdf
https://assets.scriptslug.com/live/pdf/scripts/2-fast-2-furious-2003.pdf?v=1729114848,2 Fast 2 Furious,,,left_only,2 Fast 2 Furious,,,,https://assets.scriptslug.com/live/pdf/scripts/2-fast-2-furious-2003.pdf?v=1729114848,pdf
https://assets.scriptslug.com/live/pdf/scripts/2001-a-space-odyssey-1968.pdf?v=1729114848,2001 A Space Odyssey,2001 A Space Odyssey,https://imsdb.com//scripts//2001-A-Space-Odyssey.html,both,2001 A Space Odyssey,,,,https://assets.scriptslug.com/live/pdf/scripts/2001-a-space-odyssey-1968.pdf?v=1729114848,pdf
https://assets.scriptslug.com/live/pdf/scripts/2010-the-year-we-make-contact-1984.pdf?v=1729114849,2010 The Year We Make Contact,,,left_only,2010 The Year We Make Contact,,,,https://assets.scriptslug.com/live/pdf/scripts/2010-the-year-we-make-contact-1984.pdf?v=1729114849,pdf
,,2012,https://imsdb.com//scripts//2012.html,right_only,2012,,,,https://imsdb.com//scripts//2012.html,html
https://assets.scriptslug.com/live/pdf/scripts/20th-century-girl-2022.pdf?v=1729114849,20th Century Girl,,,left_only,20th Century Girl,,,,https://assets.scriptslug.com/live/pdf/scripts/20th-century-girl-2022.pdf?v=1729114849,pdf
https://assets.scriptslug.com/live/pdf/scripts/20th-century-women-2016.pdf?v=1729114849,20th Century Women,20th Century Women,https://imsdb.com//scripts//20th-Century-Women.html,both,20th Century Women,,,,https://assets.scriptslug.com/live/pdf/scripts/20th-century-women-2016.pdf?v=1729114849,pdf
https://assets.scriptslug.com/live/pdf/scripts/21-jump-street-2012.pdf?v=1729114849,21 Jump Street,,,left_only,21 Jump Street,,,,https://assets.scriptslug.com/live/pdf/scripts/21-jump-street-2012.pdf?v=1729114849,pdf
https://assets.scriptslug.com/live/pdf/scripts/2-13-2009.pdf?v=1729114848,213,,,left_only,213,,,,https://assets.scriptslug.com/live/pdf/scripts/2-13-2009.pdf?v=1729114848,pdf
https://assets.scriptslug.com/live/pdf/scripts/22-july-2018.pdf?v=1729114849,22 July,,,left_only,22 July,,,,https://assets.scriptslug.com/live/pdf/scripts/22-july-2018.pdf?v=1729114849,pdf
https://assets.scriptslug.com/live/pdf/scripts/22-jump-street-2014.pdf?v=1729114849,22 Jump Street,,,left_only,22 Jump Street,,,,https://assets.scriptslug.com/live/pdf/scripts/22-jump-street-2014.pdf?v=1729114849,pdf
,,25th Hour,https://imsdb.com//scripts//25th-Hour.html,right_only,25th Hour,,,,https://imsdb.com//scripts//25th-Hour.html,html
https://assets.scriptslug.com/live/pdf/scripts/28-days-later-2002.pdf?v=1729114849,28 Days Later,28 Days Later,https://imsdb.com//scripts//28-Days-Later.html,both,28 Days Later,,,,https://assets.scriptslug.com/live/pdf/scripts/28-days-later-2002.pdf?v=1729114849,pdf
https://assets.scriptslug.com/live/pdf/scripts/28-weeks-later-2007.pdf?v=1729114849,28 Weeks Later,,,left_only,28 Weeks Later,,,,https://assets.scriptslug.com/live/pdf/scripts/28-weeks-later-2007.pdf?v=1729114849,pdf
,,30 Minutes Or Less,https://imsdb.com//scripts//30-Minutes-or-Less.html,right_only,30 Minutes Or Less,,,,https://imsdb.com//scripts//30-Minutes-or-Less.html,html
https://assets.scriptslug.com/live/pdf/scripts/300-2006.pdf?v=1729114849,300,,,left_only,300,,,,https://assets.scriptslug.com/live/pdf/scripts/300-2006.pdf?v=1729114849,pdf
,,42,https://imsdb.com//scripts//42.html,right_only,42,,,,https://imsdb.com//scripts//42.html,html
,,44 Inch Chest,https://imsdb.com//scripts//44-Inch-Chest.html,right_only,44 Inch Chest,,,,https://imsdb.com//scripts//44-Inch-Chest.html,html
https://assets.scriptslug.com/live/pdf/scripts/48-hrs-1982.pdf?v=1729114850,48 Hrs,48 Hrs,https://imsdb.com//scripts//48-Hrs..html,both,48 Hrs,,,,https://assets.scriptslug.com/live/pdf/scripts/48-hrs-1982.pdf?v=1729114850,pdf
https://assets.scriptslug.com/live/pdf/scripts/5-to-7-2014.pdf?v=1729114850,5 To 7,,,left_only,5 To 7,,,,https://assets.scriptslug.com/live/pdf/scripts/5-to-7-2014.pdf?v=1729114850,pdf
,,50 50,https://imsdb.com//scripts//50-50.html,right_only,50 50,,,,https://imsdb.com//scripts//50-50.html,html
,,500 Days Of Summer,https://imsdb.com//scripts//500-Days-of-Summer.html,right_only,500 Days Of Summer,,,,https://imsdb.com//scripts//500-Days-of-Summer.html,html
https://assets.scriptslug.com/live/pdf/scripts/8-bit-christmas-2021.pdf?v=1729114850,8 Bit Christmas,,,left_only,8 Bit Christmas,,,,https://assets.scriptslug.com/live/pdf/scripts/8-bit-christmas-2021.pdf?v=1729114850,pdf
https://assets.scriptslug.com/live/pdf/scripts/8-mile-2002.pdf?v=1729114850,8 Mile,8 Mile,https://imsdb.com//scripts//8-Mile.html,both,8 Mile,8 Mile,HTML len = 0 : no content scrapped,8 Mile,https://assets.scriptslug.com/live/pdf/scripts/8-mile-2002.pdf?v=1729114850,pdf
,,8mm,https://imsdb.com//scripts//8MM.html,right_only,8mm,,,,https://imsdb.com//scripts//8MM.html,html
https://assets.scriptslug.com/live/pdf/scripts/8-1-2-1963.pdf?v=1729114850,8½,,,left_only,8½,,,,https://assets.scriptslug.com/live/pdf/scripts/8-1-2-1963.pdf?v=1729114850,pdf
,,9,https://imsdb.com//scripts//9.html,right_only,9,,,,https://imsdb.com//scripts//9.html,html
https://assets.scriptslug.com/live/pdf/scripts/a-beautiful-day-in-the-neighborhood-2019.pdf?v=1729114850,A Beautiful Day In The Neighborhood,,,left_only,A Beautiful Day In The Neighborhood,,,,https://assets.scriptslug.com/live/pdf/scripts/a-beautiful-day-in-the-neighborhood-2019.pdf?v=1729114850,pdf
https://assets.scriptslug.com/live/pdf/scripts/a-beautiful-mind-2001.pdf?v=1729114850,A Beautiful Mind,,,left_only,A Beautiful Mind,,,,https://assets.scriptslug.com/live/pdf/scripts/a-beautiful-mind-2001.pdf?v=1729114850,pdf
https://assets.scriptslug.com/live/pdf/scripts/a-christmas-story-1983.pdf?v=1729114851,A Christmas Story,,,left_only,A Christmas Story,,,,https://assets.scriptslug.com/live/pdf/scripts/a-christmas-story-1983.pdf?v=1729114851,pdf
https://assets.scriptslug.com/live/pdf/scripts/a-clockwork-orange-1971.pdf?v=1729114851,A Clockwork Orange,,,left_only,A Clockwork Orange,,,,https://assets.scriptslug.com/live/pdf/scripts/a-clockwork-orange-1971.pdf?v=1729114851,pdf
https://assets.scriptslug.com/live/pdf/scripts/a-complete-unknown-2024.pdf?v=1738463523,A Complete Unknown,,,left_only,A Complete Unknown,,,,https://assets.scriptslug.com/live/pdf/scripts/a-complete-unknown-2024.pdf?v=1738463523,pdf
https://assets.scriptslug.com/live/pdf/scripts/a-fantastic-woman-2017.pdf?v=1729114851,A Fantastic Woman,,,left_only,A Fantastic Woman,,,,https://assets.scriptslug.com/live/pdf/scripts/a-fantastic-woman-2017.pdf?v=1729114851,pdf
https://assets.scriptslug.com/live/pdf/scripts/a-few-good-men-1992.pdf?v=1729114851,A Few Good Men,A Few Good Men,https://imsdb.com//scripts//A-Few-Good-Men.html,both,A Few Good Men,,,,https://assets.scriptslug.com/live/pdf/scripts/a-few-good-men-1992.pdf?v=1729114851,pdf
https://assets.scriptslug.com/live/pdf/scripts/a-good-person-2023.pdf?v=1729114851,A Good Person,A Good Person,https://imsdb.com//scripts//A-Good-Person.html,both,A Good Person,,,,https://assets.scriptslug.com/live/pdf/scripts/a-good-person-2023.pdf?v=1729114851,pdf
https://assets.scriptslug.com/live/pdf/scripts/a-haunting-in-venice-2023.pdf?v=1729114851,A Haunting In Venice,,,left_only,A Haunting In Venice,,,,https://assets.scriptslug.com/live/pdf/scripts/a-haunting-in-venice-2023.pdf?v=1729114851,pdf
https://assets.scriptslug.com/live/pdf/scripts/a-hero-2021.pdf?v=1729114851,A Hero,,,left_only,A Hero,,,,https://assets.scriptslug.com/live/pdf/scripts/a-hero-2021.pdf?v=1729114851,pdf
https://assets.scriptslug.com/live/pdf/scripts/a-hidden-life-2019.pdf?v=1729114851,A Hidden Life,,,left_only,A Hidden Life,,,,https://assets.scriptslug.com/live/pdf/scripts/a-hidden-life-2019.pdf?v=1729114851,pdf
https://assets.scriptslug.com/live/pdf/scripts/a-history-of-violence-2005.pdf?v=1729114851,A History Of Violence,,,left_only,A History Of Violence,,,,https://assets.scriptslug.com/live/pdf/scripts/a-history-of-violence-2005.pdf?v=1729114851,pdf
https://assets.scriptslug.com/live/pdf/scripts/a-knights-tale-2001.pdf?v=1729114852,A Knights Tale,,,left_only,A Knights Tale,,,,https://assets.scriptslug.com/live/pdf/scripts/a-knights-tale-2001.pdf?v=1729114852,pdf
https://assets.scriptslug.com/live/pdf/scripts/a-knock-at-the-cabin-2023.pdf?v=1729114852,A Knock At The Cabin,,,left_only,A Knock At The Cabin,,,,https://assets.scriptslug.com/live/pdf/scripts/a-knock-at-the-cabin-2023.pdf?v=1729114852,pdf
https://assets.scriptslug.com/live/pdf/scripts/a-league-of-their-own-1992.pdf?v=1729114852,A League Of Their Own,,,left_only,A League Of Their Own,,,,https://assets.scriptslug.com/live/pdf/scripts/a-league-of-their-own-1992.pdf?v=1729114852,pdf
https://assets.scriptslug.com/live/pdf/scripts/a-man-called-otto-2022.pdf?v=1729114852,A Man Called Otto,,,left_only,A Man Called Otto,,,,https://assets.scriptslug.com/live/pdf/scripts/a-man-called-otto-2022.pdf?v=1729114852,pdf
https://assets.scriptslug.com/live/pdf/scripts/a-million-miles-away-2023.pdf?v=1729114852,A Million Miles Away,A Million Miles Away,https://imsdb.com//scripts//A-Million-Miles-Away.html,both,A Million Miles Away,,,,https://assets.scriptslug.com/live/pdf/scripts/a-million-miles-away-2023.pdf?v=1729114852,pdf
https://assets.scriptslug.com/live/pdf/scripts/a-monster-calls-2016.pdf?v=1729114852,A Monster Calls,,,left_only,A Monster Calls,,,,https://assets.scriptslug.com/live/pdf/scripts/a-monster-calls-2016.pdf?v=1729114852,pdf
https://assets.scriptslug.com/live/pdf/scripts/a-most-violent-year-2014.pdf?v=1729114852,A Most Violent Year,A Most Violent Year,https://imsdb.com//scripts//A-Most-Violent-Year.html,both,A Most Violent Year,,,,https://assets.scriptslug.com/live/pdf/scripts/a-most-violent-year-2014.pdf?v=1729114852,pdf
https://assets.scriptslug.com/live/pdf/scripts/a-new-leaf-1971.pdf?v=1729114852,A New Leaf,,,left_only,A New Leaf,,,,https://assets.scriptslug.com/live/pdf/scripts/a-new-leaf-1971.pdf?v=1729114852,pdf
https://assets.scriptslug.com/live/pdf/scripts/a-nightmare-on-elm-street-1984.pdf?v=1729114852,A Nightmare On Elm Street,,,left_only,A Nightmare On Elm Street,,,,https://assets.scriptslug.com/live/pdf/scripts/a-nightmare-on-elm-street-1984.pdf?v=1729114852,pdf
https://assets.scriptslug.com/live/pdf/scripts/nightmare-on-elm-street-3-dream-warriors-1987.pdf?v=1729114962,A Nightmare On Elm Street 3 Dream Warriors,,,left_only,A Nightmare On Elm Street 3 Dream Warriors,,,,https://assets.scriptslug.com/live/pdf/scripts/nightmare-on-elm-street-3-dream-warriors-1987.pdf?v=1729114962,pdf
https://assets.scriptslug.com/live/pdf/scripts/a-nightmare-on-elm-street-the-dream-child-1989.pdf?v=1729114853,A Nightmare On Elm Street 5 The Dream Child,,,left_only,A Nightmare On Elm Street 5 The Dream Child,,,,https://assets.scriptslug.com/live/pdf/scripts/a-nightmare-on-elm-street-the-dream-child-1989.pdf?v=1729114853,pdf
,,A Prayer Before Dawn,https://imsdb.com//scripts//A-Prayer-Before-Dawn.html,right_only,A Prayer Before Dawn,,,,https://imsdb.com//scripts//A-Prayer-Before-Dawn.html,html
https://assets.scriptslug.com/live/pdf/scripts/a-quiet-place-2018.pdf?v=1729114853,A Quiet Place,A Quiet Place,https://imsdb.com//scripts//A-Quiet-Place.html,both,A Quiet Place,,,,https://assets.scriptslug.com/live/pdf/scripts/a-quiet-place-2018.pdf?v=1729114853,pdf
https://assets.scriptslug.com/live/pdf/scripts/a-real-pain-2024.pdf?v=1735776819,A Real Pain,A Real Pain,https://imsdb.com//scripts//A-Real-Pain.html,both,A Real Pain,,,,https://assets.scriptslug.com/live/pdf/scripts/a-real-pain-2024.pdf?v=1735776819,pdf
,,A Scanner Darkly,https://imsdb.com//scripts//A-Scanner-Darkly.html,right_only,A Scanner Darkly,,,,https://imsdb.com//scripts//A-Scanner-Darkly.html,html
https://assets.scriptslug.com/live/pdf/scripts/a-separation-2011.pdf?v=1729114853,A Separation,,,left_only,A Separation,,,,https://assets.scriptslug.com/live/pdf/scripts/a-separation-2011.pdf?v=1729114853,pdf
https://assets.scriptslug.com/live/pdf/scripts/a-serious-man-2009.pdf?v=1729114853,A Serious Man,A Serious Man,https://imsdb.com//scripts//A-Serious-Man.html,both,A Serious Man,,,,https://assets.scriptslug.com/live/pdf/scripts/a-serious-man-2009.pdf?v=1729114853,pdf
https://assets.scriptslug.com/live/pdf/scripts/a-simple-favor-2018.pdf?v=1729114853,A Simple Favor,,,left_only,A Simple Favor,,,,https://assets.scriptslug.com/live/pdf/scripts/a-simple-favor-2018.pdf?v=1729114853,pdf
https://assets.scriptslug.com/live/pdf/scripts/a-simple-plan-1998.pdf?v=1729114853,A Simple Plan,,,left_only,A Simple Plan,,,,https://assets.scriptslug.com/live/pdf/scripts/a-simple-plan-1998.pdf?v=1729114853,pdf
https://assets.scriptslug.com/live/pdf/scripts/a-soldiers-story-1984.pdf?v=1729114853,A Soldiers Story,,,left_only,A Soldiers Story,,,,https://assets.scriptslug.com/live/pdf/scripts/a-soldiers-story-1984.pdf?v=1729114853,pdf
https://assets.scriptslug.com/live/pdf/scripts/a-star-is-born-2018.pdf?v=1729114853,A Star Is Born,,,left_only,A Star Is Born,,,,https://assets.scriptslug.com/live/pdf/scripts/a-star-is-born-2018.pdf?v=1729114853,pdf
https://assets.scriptslug.com/live/pdf/scripts/a-thin-line-between-love-and-hate-1996.pdf?v=1729114853,A Thin Line Between Love And Hate,,,left_only,A Thin Line Between Love And Hate,,,,https://assets.scriptslug.com/live/pdf/scripts/a-thin-line-between-love-and-hate-1996.pdf?v=1729114853,pdf
https://assets.scriptslug.com/live/pdf/scripts/a-time-to-kill-1996.pdf?v=1729114853,A Time To Kill,,,left_only,A Time To Kill,,,,https://assets.scriptslug.com/live/pdf/scripts/a-time-to-kill-1996.pdf?v=1729114853,pdf
https://assets.scriptslug.com/live/pdf/scripts/a-view-to-a-kill-1985.pdf?v=1729114854,A View To A Kill,,,left_only,A View To A Kill,,,,https://assets.scriptslug.com/live/pdf/scripts/a-view-to-a-kill-1985.pdf?v=1729114854,pdf
https://assets.scriptslug.com/live/pdf/scripts/about-alex-2014.pdf?v=1729114854,About Alex,,,left_only,About Alex,,,,https://assets.scriptslug.com/live/pdf/scripts/about-alex-2014.pdf?v=1729114854,pdf
,,Above The Law,https://imsdb.com//scripts//Above-the-Law.html,right_only,Above The Law,,,,https://imsdb.com//scripts//Above-the-Law.html,html
https://assets.scriptslug.com/live/pdf/scripts/abraham-lincoln-vampire-hunter-2012.pdf?v=1729114854,Abraham Lincoln Vampire Hunter,,,left_only,Abraham Lincoln Vampire Hunter,,,,https://assets.scriptslug.com/live/pdf/scripts/abraham-lincoln-vampire-hunter-2012.pdf?v=1729114854,pdf
,,Absolute Power,https://imsdb.com//scripts//Absolute-Power.html,right_only,Absolute Power,,,,https://imsdb.com//scripts//Absolute-Power.html,html
https://assets.scriptslug.com/live/pdf/scripts/ace-ventura-pet-detective-1994.pdf?v=1729114854,Ace Ventura Pet Detective,Ace Ventura Pet Detective,https://imsdb.com//scripts//Ace-Ventura-Pet-Detective.html,both,Ace Ventura Pet Detective,,,,https://assets.scriptslug.com/live/pdf/scripts/ace-ventura-pet-detective-1994.pdf?v=1729114854,pdf
https://assets.scriptslug.com/live/pdf/scripts/actions-jackson-1988.pdf?v=1729114854,Action Jackson,,,left_only,Action Jackson,,,,https://assets.scriptslug.com/live/pdf/scripts/actions-jackson-1988.pdf?v=1729114854,pdf
https://assets.scriptslug.com/live/pdf/scripts/ad-astra-2019.pdf?v=1729114854,Ad Astra,Ad Astra,https://imsdb.com//scripts//Ad-Astra.html,both,Ad Astra,,,,https://assets.scriptslug.com/live/pdf/scripts/ad-astra-2019.pdf?v=1729114854,pdf
https://assets.scriptslug.com/live/pdf/scripts/adaptation-2002.pdf?v=1729114854,Adaptation,Adaptation,https://imsdb.com//scripts//Adaptation.html,both,Adaptation,,,,https://assets.scriptslug.com/live/pdf/scripts/adaptation-2002.pdf?v=1729114854,pdf
https://assets.scriptslug.com/live/pdf/scripts/addams-family-values-1993.pdf?v=1729114855,Addams Family Values,,,left_only,Addams Family Values,,,,https://assets.scriptslug.com/live/pdf/scripts/addams-family-values-1993.pdf?v=1729114855,pdf
,,Affliction,https://imsdb.com//scripts//Affliction.html,right_only,Affliction,,,,https://imsdb.com//scripts//Affliction.html,html
,,After School Special,https://imsdb.com//scripts//After-School-Special.html,right_only,After School Special,,,,https://imsdb.com//scripts//After-School-Special.html,html
https://assets.scriptslug.com/live/pdf/scripts/after-the-wedding-2019.pdf?v=1729114855,After The Wedding,,,left_only,After The Wedding,,,,https://assets.scriptslug.com/live/pdf/scripts/after-the-wedding-2019.pdf?v=1729114855,pdf
,,Afterlife,https://imsdb.com//scripts//After.Life.html,right_only,Afterlife,,,,https://imsdb.com//scripts//After.Life.html,html
https://assets.scriptslug.com/live/pdf/scripts/aftersun-2022.pdf?v=1729114855,Aftersun,,,left_only,Aftersun,,,,https://assets.scriptslug.com/live/pdf/scripts/aftersun-2022.pdf?v=1729114855,pdf
,,Agnes Of God,https://imsdb.com//scripts//Agnes-of-God.html,right_only,Agnes Of God,,,,https://imsdb.com//scripts//Agnes-of-God.html,html
https://assets.scriptslug.com/live/pdf/scripts/air-2023.pdf?v=1729114855,Air,Air,https://imsdb.com//scripts//Air.html,both,Air,,,,https://assets.scriptslug.com/live/pdf/scripts/air-2023.pdf?v=1729114855,pdf
https://assets.scriptslug.com/live/pdf/scripts/air-force-one-1997.pdf?v=1729114855,Air Force One,Air Force One,https://imsdb.com//scripts//Air-Force-One.html,both,Air Force One,,,,https://assets.scriptslug.com/live/pdf/scripts/air-force-one-1997.pdf?v=1729114855,pdf
https://assets.scriptslug.com/live/pdf/scripts/airplane-1980.pdf?v=1729114855,Airplane,Airplane,https://imsdb.com//scripts//Airplane.html,both,Airplane,,,,https://assets.scriptslug.com/live/pdf/scripts/airplane-1980.pdf?v=1729114855,pdf
https://assets.scriptslug.com/live/pdf/scripts/airplane-ii-the-sequel-1982.pdf?v=1729114855,Airplane 2 The Sequel,Airplane 2 The Sequel,https://imsdb.com//scripts//Airplane-2-The-Sequel.html,both,Airplane 2 The Sequel,,,,https://assets.scriptslug.com/live/pdf/scripts/airplane-ii-the-sequel-1982.pdf?v=1729114855,pdf
https://assets.scriptslug.com/live/pdf/scripts/aladdin-1992.pdf?v=1729114855,Aladdin,Aladdin,https://imsdb.com//scripts//Aladdin.html,both,Aladdin,,,,https://assets.scriptslug.com/live/pdf/scripts/aladdin-1992.pdf?v=1729114855,pdf
https://assets.scriptslug.com/live/pdf/scripts/alex-cross-2012.pdf?v=1729114855,Alex Cross,,,left_only,Alex Cross,,,,https://assets.scriptslug.com/live/pdf/scripts/alex-cross-2012.pdf?v=1729114855,pdf
https://assets.scriptslug.com/live/pdf/scripts/ali-2001.pdf?v=1729114855,Ali,Ali,https://imsdb.com//scripts//Ali.html,both,Ali,,,,https://assets.scriptslug.com/live/pdf/scripts/ali-2001.pdf?v=1729114855,pdf
https://assets.scriptslug.com/live/pdf/scripts/alien-1979.pdf?v=1729114856,Alien,Alien,https://imsdb.com//scripts//Alien.html,both,Alien,,,,https://assets.scriptslug.com/live/pdf/scripts/alien-1979.pdf?v=1729114856,pdf
https://assets.scriptslug.com/live/pdf/scripts/alien-3-1992.pdf?v=1729114856,Alien 3,Alien 3,https://imsdb.com//scripts//Alien-3.html,both,Alien 3,,,,https://assets.scriptslug.com/live/pdf/scripts/alien-3-1992.pdf?v=1729114856,pdf
https://assets.scriptslug.com/live/pdf/scripts/alien-covenant-2017.pdf?v=1729114856,Alien Covenant,,,left_only,Alien Covenant,,,,https://assets.scriptslug.com/live/pdf/scripts/alien-covenant-2017.pdf?v=1729114856,pdf
,,Alien Nation,https://imsdb.com//scripts//Alien-Nation.html,right_only,Alien Nation,,,,https://imsdb.com//scripts//Alien-Nation.html,html
https://assets.scriptslug.com/live/pdf/scripts/alien-resurrection-1997.pdf?v=1729114856,Alien Resurrection,Alien Resurrection,https://imsdb.com//scripts//Alien-Resurrection.html,both,Alien Resurrection,,,,https://assets.scriptslug.com/live/pdf/scripts/alien-resurrection-1997.pdf?v=1729114856,pdf
,,Alien Vs Predator,https://imsdb.com//scripts//Alien-vs.-Predator.html,right_only,Alien Vs Predator,,,,https://imsdb.com//scripts//Alien-vs.-Predator.html,html
https://assets.scriptslug.com/live/pdf/scripts/alien-vs-predator-requiem-2007.pdf?v=1729114856,Alien Vs Predator Requiem,,,left_only,Alien Vs Predator Requiem,,,,https://assets.scriptslug.com/live/pdf/scripts/alien-vs-predator-requiem-2007.pdf?v=1729114856,pdf
https://assets.scriptslug.com/live/pdf/scripts/aliens-1986.pdf?v=1729114856,Aliens,Aliens,https://imsdb.com//scripts//Aliens.html,both,Aliens,,,,https://assets.scriptslug.com/live/pdf/scripts/aliens-1986.pdf?v=1729114856,pdf
https://assets.scriptslug.com/live/pdf/scripts/aligarh-2015.pdf?v=1729114856,Aligarh,,,left_only,Aligarh,,,,https://assets.scriptslug.com/live/pdf/scripts/aligarh-2015.pdf?v=1729114856,pdf
https://assets.scriptslug.com/live/pdf/scripts/all-about-eve-1950.pdf?v=1729114856,All About Eve,All About Eve,https://imsdb.com//scripts//All-About-Eve.html,both,All About Eve,,,,https://assets.scriptslug.com/live/pdf/scripts/all-about-eve-1950.pdf?v=1729114856,pdf
,,All About Steve,https://imsdb.com//scripts//All-About-Steve.html,right_only,All About Steve,,,,https://imsdb.com//scripts//All-About-Steve.html,html
https://assets.scriptslug.com/live/pdf/scripts/all-is-lost-2013.pdf?v=1729114856,All Is Lost,,,left_only,All Is Lost,,,,https://assets.scriptslug.com/live/pdf/scripts/all-is-lost-2013.pdf?v=1729114856,pdf
https://assets.scriptslug.com/live/pdf/scripts/all-is-true-2018.pdf?v=1729114856,All Is True,,,left_only,All Is True,,,,https://assets.scriptslug.com/live/pdf/scripts/all-is-true-2018.pdf?v=1729114856,pdf
https://assets.scriptslug.com/live/pdf/scripts/all-of-us-strangers-2023.pdf?v=1729114857,All Of Us Strangers,All Of Us Strangers,https://imsdb.com//scripts//All-of-Us-Strangers.html,both,All Of Us Strangers,,,,https://assets.scriptslug.com/live/pdf/scripts/all-of-us-strangers-2023.pdf?v=1729114857,pdf
https://assets.scriptslug.com/live/pdf/scripts/all-quiet-on-the-western-front-2022.pdf?v=1729114857,All Quiet On The Western Front,,,left_only,All Quiet On The Western Front,,,,https://assets.scriptslug.com/live/pdf/scripts/all-quiet-on-the-western-front-2022.pdf?v=1729114857,pdf
https://assets.scriptslug.com/live/pdf/scripts/all-the-boys-love-mandy-lane-2006.pdf?v=1729114857,All The Boy Love Mandy Lane,,,left_only,All The Boy Love Mandy Lane,,,,https://assets.scriptslug.com/live/pdf/scripts/all-the-boys-love-mandy-lane-2006.pdf?v=1729114857,pdf
,,All The Kings Men,https://imsdb.com//scripts//All-the-King's-Men.html,right_only,All The Kings Men,,,,https://imsdb.com//scripts//All-the-King's-Men.html,html
https://assets.scriptslug.com/live/pdf/scripts/all-the-money-in-the-world-2017.pdf?v=1729114857,All The Money In The World,,,left_only,All The Money In The World,,,,https://assets.scriptslug.com/live/pdf/scripts/all-the-money-in-the-world-2017.pdf?v=1729114857,pdf
https://assets.scriptslug.com/live/pdf/scripts/all-the-old-knives-2022.pdf?v=1729114857,All The Old Knives,,,left_only,All The Old Knives,,,,https://assets.scriptslug.com/live/pdf/scripts/all-the-old-knives-2022.pdf?v=1729114857,pdf
https://assets.scriptslug.com/live/pdf/scripts/all-the-presidents-men-1976.pdf?v=1729114857,All The Presidents Men,All The Presidents Men,https://imsdb.com//scripts//All-the-President's-Men.html,both,All The Presidents Men,,,,https://assets.scriptslug.com/live/pdf/scripts/all-the-presidents-men-1976.pdf?v=1729114857,pdf
https://assets.scriptslug.com/live/pdf/scripts/almost-famous-2000.pdf?v=1729114857,Almost Famous,Almost Famous,https://imsdb.com//scripts//Almost-Famous.html,both,Almost Famous,,,,https://assets.scriptslug.com/live/pdf/scripts/almost-famous-2000.pdf?v=1729114857,pdf
,,Alone In The Dark,https://imsdb.com//scripts//Alone-in-the-Dark.html,right_only,Alone In The Dark,,,,https://imsdb.com//scripts//Alone-in-the-Dark.html,html
https://assets.scriptslug.com/live/pdf/scripts/altered-states-1980.pdf?v=1729114857,Altered States,,,left_only,Altered States,,,,https://assets.scriptslug.com/live/pdf/scripts/altered-states-1980.pdf?v=1729114857,pdf
https://assets.scriptslug.com/live/pdf/scripts/amadeus-1984.pdf?v=1729114857,Amadeus,Amadeus,https://imsdb.com//scripts//Amadeus.html,both,Amadeus,,,,https://assets.scriptslug.com/live/pdf/scripts/amadeus-1984.pdf?v=1729114857,pdf
https://assets.scriptslug.com/live/pdf/scripts/ambulance-2022.pdf?v=1729114857,Ambulance,,,left_only,Ambulance,,,,https://assets.scriptslug.com/live/pdf/scripts/ambulance-2022.pdf?v=1729114857,pdf
,,Amelia,https://imsdb.com//scripts//Amelia.html,right_only,Amelia,,,,https://imsdb.com//scripts//Amelia.html,html
https://assets.scriptslug.com/live/pdf/scripts/american-animals-2018.pdf?v=1729114858,American Animals,,,left_only,American Animals,,,,https://assets.scriptslug.com/live/pdf/scripts/american-animals-2018.pdf?v=1729114858,pdf
https://assets.scriptslug.com/live/pdf/scripts/american-beauty-1999.pdf?v=1729114858,American Beauty,American Beauty,https://imsdb.com//scripts//American-Beauty.html,both,American Beauty,,,,https://assets.scriptslug.com/live/pdf/scripts/american-beauty-1999.pdf?v=1729114858,pdf
https://assets.scriptslug.com/live/pdf/scripts/american-fiction-2023.pdf?v=1729114858,American Fiction,American Fiction,https://imsdb.com//scripts//American-Fiction.html,both,American Fiction,,,,https://assets.scriptslug.com/live/pdf/scripts/american-fiction-2023.pdf?v=1729114858,pdf
,,American Gangster,https://imsdb.com//scripts//American-Gangster.html,right_only,American Gangster,,,,https://imsdb.com//scripts//American-Gangster.html,html
https://assets.scriptslug.com/live/pdf/scripts/american-graffiti-1973.pdf?v=1729114858,American Graffiti,American Graffiti,https://imsdb.com//scripts//American-Graffiti.html,both,American Graffiti,,,,https://assets.scriptslug.com/live/pdf/scripts/american-graffiti-1973.pdf?v=1729114858,pdf
,,American History X,https://imsdb.com//scripts//American-History-X.html,right_only,American History X,,,,https://imsdb.com//scripts//American-History-X.html,html
https://assets.scriptslug.com/live/pdf/scripts/american-hustle-2013.pdf?v=1729114858,American Hustle,American Hustle,https://imsdb.com//scripts//American-Hustle.html,both,American Hustle,,,,https://assets.scriptslug.com/live/pdf/scripts/american-hustle-2013.pdf?v=1729114858,pdf
,,American Madness,https://imsdb.com//scripts//American-Madness.html,right_only,American Madness,,,,https://imsdb.com//scripts//American-Madness.html,html
,,American Milkshake,https://imsdb.com//scripts//American-Milkshake.html,right_only,American Milkshake,,,,https://imsdb.com//scripts//American-Milkshake.html,html
,,American Outlaws,https://imsdb.com//scripts//American-Outlaws.html,right_only,American Outlaws,,,,https://imsdb.com//scripts//American-Outlaws.html,html
https://assets.scriptslug.com/live/pdf/scripts/american-pie-1999.pdf?v=1729114858,American Pie,American Pie,https://imsdb.com//scripts//American-Pie.html,both,American Pie,,,,https://assets.scriptslug.com/live/pdf/scripts/american-pie-1999.pdf?v=1729114858,pdf
https://assets.scriptslug.com/live/pdf/scripts/american-psycho-2000.pdf?v=1729114858,American Psycho,American Psycho,https://imsdb.com//scripts//American-Psycho.html,both,American Psycho,,,,https://assets.scriptslug.com/live/pdf/scripts/american-psycho-2000.pdf?v=1729114858,pdf
,,American Shaolin King Of Kickboxers 2,https://imsdb.com//scripts//American-Shaolin-King-of-Kickboxers-II.html,right_only,American Shaolin King Of Kickboxers 2,,,,https://imsdb.com//scripts//American-Shaolin-King-of-Kickboxers-II.html,html
https://assets.scriptslug.com/live/pdf/scripts/american-sniper-2014.pdf?v=1729114859,American Sniper,American Sniper,https://imsdb.com//scripts//American-Sniper.html,both,American Sniper,,,,https://assets.scriptslug.com/live/pdf/scripts/american-sniper-2014.pdf?v=1729114859,pdf
,,American Splendor,https://imsdb.com//scripts//American-Splendor.html,right_only,American Splendor,,,,https://imsdb.com//scripts//American-Splendor.html,html
https://assets.scriptslug.com/live/pdf/scripts/american-ultra-2015.pdf?v=1729114859,American Ultra,,,left_only,American Ultra,,,,https://assets.scriptslug.com/live/pdf/scripts/american-ultra-2015.pdf?v=1729114859,pdf
,,American Werewolf In London,https://imsdb.com//scripts//American-Werewolf-in-London.html,right_only,American Werewolf In London,,,,https://imsdb.com//scripts//American-Werewolf-in-London.html,html
https://assets.scriptslug.com/live/pdf/scripts/amistad-1997.pdf?v=1729114859,Amistad,,,left_only,Amistad,,,,https://assets.scriptslug.com/live/pdf/scripts/amistad-1997.pdf?v=1729114859,pdf
https://assets.scriptslug.com/live/pdf/scripts/amour-2012.pdf?v=1729114859,Amour,Amour,https://imsdb.com//scripts//Amour.html,both,Amour,,,,https://assets.scriptslug.com/live/pdf/scripts/amour-2012.pdf?v=1729114859,pdf
https://assets.scriptslug.com/live/pdf/scripts/amsterdam-2022.pdf?v=1729114859,Amsterdam,,,left_only,Amsterdam,,,,https://assets.scriptslug.com/live/pdf/scripts/amsterdam-2022.pdf?v=1729114859,pdf
https://assets.scriptslug.com/live/pdf/scripts/amelie-2001.pdf?v=1729114858,Amélie,,,left_only,Amélie,,,,https://assets.scriptslug.com/live/pdf/scripts/amelie-2001.pdf?v=1729114858,pdf
https://assets.scriptslug.com/live/pdf/scripts/an-affair-to-remember-1957.pdf?v=1729114859,An Affair To Remember,,,left_only,An Affair To Remember,,,,https://assets.scriptslug.com/live/pdf/scripts/an-affair-to-remember-1957.pdf?v=1729114859,pdf
https://assets.scriptslug.com/live/pdf/scripts/an-american-werewolf-in-london-1981.pdf?v=1729114859,An American Werewolf In London,,,left_only,An American Werewolf In London,,,,https://assets.scriptslug.com/live/pdf/scripts/an-american-werewolf-in-london-1981.pdf?v=1729114859,pdf
,,An Education,https://imsdb.com//scripts//An-Education.html,right_only,An Education,,,,https://imsdb.com//scripts//An-Education.html,html
https://assets.scriptslug.com/live/pdf/scripts/an-unmarried-woman-1978.pdf?v=1729114859,An Unmarried Woman,,,left_only,An Unmarried Woman,,,,https://assets.scriptslug.com/live/pdf/scripts/an-unmarried-woman-1978.pdf?v=1729114859,pdf
https://assets.scriptslug.com/live/pdf/scripts/anaconda-1997.pdf?v=1729114859,Anaconda,,,left_only,Anaconda,,,,https://assets.scriptslug.com/live/pdf/scripts/anaconda-1997.pdf?v=1729114859,pdf
https://assets.scriptslug.com/live/pdf/scripts/analyze-that-2002.pdf?v=1729114860,Analyze That,Analyze That,https://imsdb.com//scripts//Analyze-That.html,both,Analyze That,,,,https://assets.scriptslug.com/live/pdf/scripts/analyze-that-2002.pdf?v=1729114860,pdf
https://assets.scriptslug.com/live/pdf/scripts/analyze-this-1999.pdf?v=1729114860,Analyze This,Analyze This,https://imsdb.com//scripts//Analyze-This.html,both,Analyze This,,,,https://assets.scriptslug.com/live/pdf/scripts/analyze-this-1999.pdf?v=1729114860,pdf
https://assets.scriptslug.com/live/pdf/scripts/anastasia-1997.pdf?v=1729114860,Anastasia,Anastasia,https://imsdb.com//scripts//Anastasia.html,both,Anastasia,,,,https://assets.scriptslug.com/live/pdf/scripts/anastasia-1997.pdf?v=1729114860,pdf
https://assets.scriptslug.com/live/pdf/scripts/anatomy-of-a-fall-2023.pdf?v=1729114860,Anatomy Of A Fall,,,left_only,Anatomy Of A Fall,,,,https://assets.scriptslug.com/live/pdf/scripts/anatomy-of-a-fall-2023.pdf?v=1729114860,pdf
https://assets.scriptslug.com/live/pdf/scripts/anatomy-of-a-murder-1959.pdf?v=1729114860,Anatomy Of A Murder,,,left_only,Anatomy Of A Murder,,,,https://assets.scriptslug.com/live/pdf/scripts/anatomy-of-a-murder-1959.pdf?v=1729114860,pdf
https://assets.scriptslug.com/live/pdf/scripts/anchorman-the-legend-of-ron-burgundy-2004.pdf?v=1729114860,Anchorman The Legend Of Ron Burgundy,,,left_only,Anchorman The Legend Of Ron Burgundy,,,,https://assets.scriptslug.com/live/pdf/scripts/anchorman-the-legend-of-ron-burgundy-2004.pdf?v=1729114860,pdf
https://assets.scriptslug.com/live/pdf/scripts/angel-eyes-2001.pdf?v=1729114860,Angel Eyes,Angel Eyes,https://imsdb.com//scripts//Angel-Eyes.html,both,Angel Eyes,,,,https://assets.scriptslug.com/live/pdf/scripts/angel-eyes-2001.pdf?v=1729114860,pdf
https://assets.scriptslug.com/live/pdf/scripts/angels-with-dirty-faces-1938.pdf?v=1729114860,Angels With Dirty Faces,,,left_only,Angels With Dirty Faces,,,,https://assets.scriptslug.com/live/pdf/scripts/angels-with-dirty-faces-1938.pdf?v=1729114860,pdf
https://assets.scriptslug.com/live/pdf/scripts/anger-management-2003.pdf?v=1729114860,Anger Management,,,left_only,Anger Management,,,,https://assets.scriptslug.com/live/pdf/scripts/anger-management-2003.pdf?v=1729114860,pdf
https://assets.scriptslug.com/live/pdf/scripts/animal-kingdom-2010.pdf?v=1729114860,Animal Kingdom,,,left_only,Animal Kingdom,,,,https://assets.scriptslug.com/live/pdf/scripts/animal-kingdom-2010.pdf?v=1729114860,pdf
,,Anna Karenina,https://imsdb.com//scripts//Anna-Karenina.html,right_only,Anna Karenina,,,,https://imsdb.com//scripts//Anna-Karenina.html,html
https://assets.scriptslug.com/live/pdf/scripts/annabelle-2014.pdf?v=1729114861,Annabelle,,,left_only,Annabelle,,,,https://assets.scriptslug.com/live/pdf/scripts/annabelle-2014.pdf?v=1729114861,pdf
https://assets.scriptslug.com/live/pdf/scripts/annette-2021.pdf?v=1729114861,Annette,,,left_only,Annette,,,,https://assets.scriptslug.com/live/pdf/scripts/annette-2021.pdf?v=1729114861,pdf
https://assets.scriptslug.com/live/pdf/scripts/annie-hall-1977.pdf?v=1729114861,Annie Hall,Annie Hall,https://imsdb.com//scripts//Annie-Hall.html,both,Annie Hall,,,,https://assets.scriptslug.com/live/pdf/scripts/annie-hall-1977.pdf?v=1729114861,pdf
https://assets.scriptslug.com/live/pdf/scripts/annihilation-2018.pdf?v=1729114861,Annihilation,,,left_only,Annihilation,,,,https://assets.scriptslug.com/live/pdf/scripts/annihilation-2018.pdf?v=1729114861,pdf
,,Anonymous,https://imsdb.com//scripts//Anonymous.html,right_only,Anonymous,,,,https://imsdb.com//scripts//Anonymous.html,html
https://assets.scriptslug.com/live/pdf/scripts/anora-2024.pdf?v=1738462640,Anora,Anora,https://imsdb.com//scripts//Anora.html,both,Anora,,,,https://assets.scriptslug.com/live/pdf/scripts/anora-2024.pdf?v=1738462640,pdf
https://assets.scriptslug.com/live/pdf/scripts/another-48-hrs-1990.pdf?v=1729114861,Another 48 Hrs,,,left_only,Another 48 Hrs,,,,https://assets.scriptslug.com/live/pdf/scripts/another-48-hrs-1990.pdf?v=1729114861,pdf
https://assets.scriptslug.com/live/pdf/scripts/another-year-2010.pdf?v=1729114861,Another Year,,,left_only,Another Year,,,,https://assets.scriptslug.com/live/pdf/scripts/another-year-2010.pdf?v=1729114861,pdf
https://assets.scriptslug.com/live/pdf/scripts/antebellum-2020.pdf?v=1729114861,Antebellum,,,left_only,Antebellum,,,,https://assets.scriptslug.com/live/pdf/scripts/antebellum-2020.pdf?v=1729114861,pdf
https://assets.scriptslug.com/live/pdf/scripts/anthropoid-2016.pdf?v=1729114861,Anthropoid,,,left_only,Anthropoid,,,,https://assets.scriptslug.com/live/pdf/scripts/anthropoid-2016.pdf?v=1729114861,pdf
,,Antitrust,https://imsdb.com//scripts//Antitrust.html,right_only,Antitrust,,,,https://imsdb.com//scripts//Antitrust.html,html
,,Antz,https://imsdb.com//scripts//Antz.html,right_only,Antz,,,,https://imsdb.com//scripts//Antz.html,html
https://assets.scriptslug.com/live/pdf/scripts/any-given-sunday-1999.pdf?v=1729114861,Any Given Sunday,,,left_only,Any Given Sunday,,,,https://assets.scriptslug.com/live/pdf/scripts/any-given-sunday-1999.pdf?v=1729114861,pdf
https://assets.scriptslug.com/live/pdf/scripts/apocalypse-now-1979.pdf?v=1729114861,Apocalypse Now,Apocalypse Now,https://imsdb.com//scripts//Apocalypse-Now.html,both,Apocalypse Now,,,,https://assets.scriptslug.com/live/pdf/scripts/apocalypse-now-1979.pdf?v=1729114861,pdf
,,April Fools Day,https://imsdb.com//scripts//April-Fool's-Day.html,right_only,April Fools Day,,,,https://imsdb.com//scripts//April-Fool's-Day.html,html
,,Apt Pupil,https://imsdb.com//scripts//Apt-Pupil.html,right_only,Apt Pupil,,,,https://imsdb.com//scripts//Apt-Pupil.html,html
,,Arbitrage,https://imsdb.com//scripts//Arbitrage.html,right_only,Arbitrage,,,,https://imsdb.com//scripts//Arbitrage.html,html
,,Arcade,https://imsdb.com//scripts//Arcade.html,right_only,Arcade,,,,https://imsdb.com//scripts//Arcade.html,html
,,Arctic Blue,https://imsdb.com//scripts//Arctic-Blue.html,right_only,Arctic Blue,,,,https://imsdb.com//scripts//Arctic-Blue.html,html
https://assets.scriptslug.com/live/pdf/scripts/argentina-1985-2022.pdf?v=1729114862,Argentina 1985,,,left_only,Argentina 1985,,,,https://assets.scriptslug.com/live/pdf/scripts/argentina-1985-2022.pdf?v=1729114862,pdf
https://assets.scriptslug.com/live/pdf/scripts/argo-2012.pdf?v=1729114862,Argo,Argo,https://imsdb.com//scripts//Argo.html,both,Argo,,,,https://assets.scriptslug.com/live/pdf/scripts/argo-2012.pdf?v=1729114862,pdf
https://assets.scriptslug.com/live/pdf/scripts/armageddon-1998.pdf?v=1729114862,Armageddon,Armageddon,https://imsdb.com//scripts//Armageddon.html,both,Armageddon,,,,https://assets.scriptslug.com/live/pdf/scripts/armageddon-1998.pdf?v=1729114862,pdf
https://assets.scriptslug.com/live/pdf/scripts/armageddon-time-2022.pdf?v=1729114862,Armageddon Time,,,left_only,Armageddon Time,,,,https://assets.scriptslug.com/live/pdf/scripts/armageddon-time-2022.pdf?v=1729114862,pdf
https://assets.scriptslug.com/live/pdf/scripts/armed-and-dangerous-1986.pdf?v=1729114862,Armed And Dangerous,,,left_only,Armed And Dangerous,,,,https://assets.scriptslug.com/live/pdf/scripts/armed-and-dangerous-1986.pdf?v=1729114862,pdf
https://assets.scriptslug.com/live/pdf/scripts/army-of-darkness-1992.pdf?v=1729114862,Army Of Darkness,Army Of Darkness,https://imsdb.com//scripts//Army-of-Darkness.html,both,Army Of Darkness,,,,https://assets.scriptslug.com/live/pdf/scripts/army-of-darkness-1992.pdf?v=1729114862,pdf
https://assets.scriptslug.com/live/pdf/scripts/arrival-2016.pdf?v=1729114862,Arrival,,,left_only,Arrival,,,,https://assets.scriptslug.com/live/pdf/scripts/arrival-2016.pdf?v=1729114862,pdf
,,Arsenic And Old Lace,https://imsdb.com//scripts//Arsenic-and-Old-Lace.html,right_only,Arsenic And Old Lace,,,,https://imsdb.com//scripts//Arsenic-and-Old-Lace.html,html
,,Arthur,https://imsdb.com//scripts//Arthur.html,right_only,Arthur,,,,https://imsdb.com//scripts//Arthur.html,html
https://assets.scriptslug.com/live/pdf/scripts/as-good-as-it-gets-1997.pdf?v=1729114862,As Good As It Gets,As Good As It Gets,https://imsdb.com//scripts//As-Good-As-It-Gets.html,both,As Good As It Gets,,,,https://assets.scriptslug.com/live/pdf/scripts/as-good-as-it-gets-1997.pdf?v=1729114862,pdf
https://assets.scriptslug.com/live/pdf/scripts/ask-the-dust-2006.pdf?v=1729114863,Ask The Dust,,,left_only,Ask The Dust,,,,https://assets.scriptslug.com/live/pdf/scripts/ask-the-dust-2006.pdf?v=1729114863,pdf
https://assets.scriptslug.com/live/pdf/scripts/assassination-nation-2018.pdf?v=1729114863,Assassination Nation,,,left_only,Assassination Nation,,,,https://assets.scriptslug.com/live/pdf/scripts/assassination-nation-2018.pdf?v=1729114863,pdf
,,Assassins,https://imsdb.com//scripts//Assassins.html,right_only,Assassins,,,,https://imsdb.com//scripts//Assassins.html,html
https://assets.scriptslug.com/live/pdf/scripts/assault-on-prisinct-13-2005.pdf?v=1729114863,Assault On Precinct 13,,,left_only,Assault On Precinct 13,,,,https://assets.scriptslug.com/live/pdf/scripts/assault-on-prisinct-13-2005.pdf?v=1729114863,pdf
https://assets.scriptslug.com/live/pdf/scripts/asteroid-city-2023.pdf?v=1729114863,Asteroid City,Asteroid City,https://imsdb.com//scripts//Asteroid-City.html,both,Asteroid City,,,,https://assets.scriptslug.com/live/pdf/scripts/asteroid-city-2023.pdf?v=1729114863,pdf
,,At First Sight,https://imsdb.com//scripts//At-First-Sight.html,right_only,At First Sight,,,,https://imsdb.com//scripts//At-First-Sight.html,html
https://assets.scriptslug.com/live/pdf/scripts/atomic-blonde-2017.pdf?v=1729114863,Atomic Blonde,,,left_only,Atomic Blonde,,,,https://assets.scriptslug.com/live/pdf/scripts/atomic-blonde-2017.pdf?v=1729114863,pdf
https://assets.scriptslug.com/live/pdf/scripts/attack-the-block-2011.pdf?v=1729114863,Attack The Block,,,left_only,Attack The Block,,,,https://assets.scriptslug.com/live/pdf/scripts/attack-the-block-2011.pdf?v=1729114863,pdf
https://assets.scriptslug.com/live/pdf/scripts/audrey-rose-1977.pdf?v=1729114864,Audrey Rose,,,left_only,Audrey Rose,,,,https://assets.scriptslug.com/live/pdf/scripts/audrey-rose-1977.pdf?v=1729114864,pdf
https://assets.scriptslug.com/live/pdf/scripts/august-osage-county-2013.pdf?v=1729114864,August Osage County,August Osage County,https://imsdb.com//scripts//August-Osage-County.html,both,August Osage County,,,,https://assets.scriptslug.com/live/pdf/scripts/august-osage-county-2013.pdf?v=1729114864,pdf
,,Austin Powers International Man Of Mystery,https://imsdb.com//scripts//Austin-Powers---International-Man-of-Mystery.html,right_only,Austin Powers International Man Of Mystery,,,,https://imsdb.com//scripts//Austin-Powers---International-Man-of-Mystery.html,html
,,Austin Powers The Spy Who Shagged Me,https://imsdb.com//scripts//Austin-Powers---The-Spy-Who-Shagged-Me.html,right_only,Austin Powers The Spy Who Shagged Me,,,,https://imsdb.com//scripts//Austin-Powers---The-Spy-Who-Shagged-Me.html,html
,,Authors Anonymous,https://imsdb.com//scripts//Authors-Anonymous.html,right_only,Authors Anonymous,,,,https://imsdb.com//scripts//Authors-Anonymous.html,html
,,Autumn In New York,https://imsdb.com//scripts//Autumn-in-New-York.html,right_only,Autumn In New York,,,,https://imsdb.com//scripts//Autumn-in-New-York.html,html
https://assets.scriptslug.com/live/pdf/scripts/avatar-2009.pdf?v=1729114864,Avatar,Avatar,https://imsdb.com//scripts//Avatar.html,both,Avatar,,,,https://assets.scriptslug.com/live/pdf/scripts/avatar-2009.pdf?v=1729114864,pdf
https://assets.scriptslug.com/live/pdf/scripts/avengers-endgame-2019.pdf?v=1729114864,Avengers Endgame,Avengers Endgame,https://imsdb.com//scripts//Avengers-Endgame.html,both,Avengers Endgame,,,,https://assets.scriptslug.com/live/pdf/scripts/avengers-endgame-2019.pdf?v=1729114864,pdf
https://assets.scriptslug.com/live/pdf/scripts/avp-alien-vs-predator-2004.pdf?v=1729114864,Avp Alien Vs Predator,,,left_only,Avp Alien Vs Predator,,,,https://assets.scriptslug.com/live/pdf/scripts/avp-alien-vs-predator-2004.pdf?v=1729114864,pdf
,,Avventura L (the Adventure),"https://imsdb.com//scripts//Avventura,-L'-(The-Adventure).html",right_only,Avventura L (the Adventure),,,,"https://imsdb.com//scripts//Avventura,-L'-(The-Adventure).html",html
,,Awakenings,https://imsdb.com//scripts//Awakenings.html,right_only,Awakenings,,,,https://imsdb.com//scripts//Awakenings.html,html
,,Babel,https://imsdb.com//scripts//Babel.html,right_only,Babel,,,,https://imsdb.com//scripts//Babel.html,html
https://assets.scriptslug.com/live/pdf/scripts/baby-boy-2001.pdf?v=1729114864,Baby Boy,,,left_only,Baby Boy,,,,https://assets.scriptslug.com/live/pdf/scripts/baby-boy-2001.pdf?v=1729114864,pdf
https://assets.scriptslug.com/live/pdf/scripts/baby-driver-2017.pdf?v=1729114864,Baby Driver,,,left_only,Baby Driver,,,,https://assets.scriptslug.com/live/pdf/scripts/baby-driver-2017.pdf?v=1729114864,pdf
https://assets.scriptslug.com/live/pdf/scripts/babylon-2022_2023-03-24-175719_unck.pdf?v=1729114865,Babylon,,,left_only,Babylon,,,,https://assets.scriptslug.com/live/pdf/scripts/babylon-2022_2023-03-24-175719_unck.pdf?v=1729114865,pdf
,,Bachelor Party,https://imsdb.com//scripts//Bachelor-Party.html,right_only,Bachelor Party,,,,https://imsdb.com//scripts//Bachelor-Party.html,html
https://assets.scriptslug.com/live/pdf/scripts/back-to-the-future-1985.pdf?v=1729114865,Back To The Future,Back To The Future,https://imsdb.com//scripts//Back-to-the-Future.html,both,Back To The Future,Back to the Future,HTML len = 0 : no content scrapped,Back To The Future,https://assets.scriptslug.com/live/pdf/scripts/back-to-the-future-1985.pdf?v=1729114865,pdf
,,Backdraft,https://imsdb.com//scripts//Backdraft.html,right_only,Backdraft,,,,https://imsdb.com//scripts//Backdraft.html,html
https://assets.scriptslug.com/live/pdf/scripts/bad-boys-1995.pdf?v=1729114865,Bad Boys,Bad Boys,https://imsdb.com//scripts//Bad-Boys.html,both,Bad Boys,,,,https://assets.scriptslug.com/live/pdf/scripts/bad-boys-1995.pdf?v=1729114865,pdf
https://assets.scriptslug.com/live/pdf/scripts/bad-boys-for-life-2020.pdf?v=1729114865,Bad Boys For Life,,,left_only,Bad Boys For Life,,,,https://assets.scriptslug.com/live/pdf/scripts/bad-boys-for-life-2020.pdf?v=1729114865,pdf
,,Bad Country,https://imsdb.com//scripts//Bad-Country.html,right_only,Bad Country,,,,https://imsdb.com//scripts//Bad-Country.html,html
,,Bad Day At Black Rock,https://imsdb.com//scripts//Bad-Day-at-Black-Rock.html,right_only,Bad Day At Black Rock,,,,https://imsdb.com//scripts//Bad-Day-at-Black-Rock.html,html
,,Bad Dreams,https://imsdb.com//scripts//Bad-Dreams.html,right_only,Bad Dreams,,,,https://imsdb.com//scripts//Bad-Dreams.html,html
https://assets.scriptslug.com/live/pdf/scripts/bad-lieutenant-1992.pdf?v=1729114865,Bad Lieutenant,Bad Lieutenant,https://imsdb.com//scripts//Bad-Lieutenant.html,both,Bad Lieutenant,,,,https://assets.scriptslug.com/live/pdf/scripts/bad-lieutenant-1992.pdf?v=1729114865,pdf
https://assets.scriptslug.com/live/pdf/scripts/bad-moms-2016.pdf?v=1729114865,Bad Moms,,,left_only,Bad Moms,,,,https://assets.scriptslug.com/live/pdf/scripts/bad-moms-2016.pdf?v=1729114865,pdf
https://assets.scriptslug.com/live/pdf/scripts/bad-moon-1996.pdf?v=1729114865,Bad Moon,,,left_only,Bad Moon,,,,https://assets.scriptslug.com/live/pdf/scripts/bad-moon-1996.pdf?v=1729114865,pdf
https://assets.scriptslug.com/live/pdf/scripts/bad-santa-2003.pdf?v=1729114865,Bad Santa,Bad Santa,https://imsdb.com//scripts//Bad-Santa.html,both,Bad Santa,,,,https://assets.scriptslug.com/live/pdf/scripts/bad-santa-2003.pdf?v=1729114865,pdf
https://assets.scriptslug.com/live/pdf/scripts/bad-teacher-2011.pdf?v=1729114866,Bad Teacher,Bad Teacher,https://imsdb.com//scripts//Bad-Teacher.html,both,Bad Teacher,,,,https://assets.scriptslug.com/live/pdf/scripts/bad-teacher-2011.pdf?v=1729114866,pdf
https://assets.scriptslug.com/live/pdf/scripts/bad-times-at-the-el-royale-2018.pdf?v=1729114866,Bad Times At The El Royale,,,left_only,Bad Times At The El Royale,,,,https://assets.scriptslug.com/live/pdf/scripts/bad-times-at-the-el-royale-2018.pdf?v=1729114866,pdf
https://assets.scriptslug.com/live/pdf/scripts/badlands-1973.pdf?v=1729114866,Badlands,Badlands,https://imsdb.com//scripts//Badlands.html,both,Badlands,,,,https://assets.scriptslug.com/live/pdf/scripts/badlands-1973.pdf?v=1729114866,pdf
,,Bamboozled,https://imsdb.com//scripts//Bamboozled.html,right_only,Bamboozled,,,,https://imsdb.com//scripts//Bamboozled.html,html
https://assets.scriptslug.com/live/pdf/scripts/barb-and-star-go-to-vista-del-mar-2021.pdf?v=1729114866,Barb And Star Go To Vista Del Mar,,,left_only,Barb And Star Go To Vista Del Mar,,,,https://assets.scriptslug.com/live/pdf/scripts/barb-and-star-go-to-vista-del-mar-2021.pdf?v=1729114866,pdf
https://assets.scriptslug.com/live/pdf/scripts/barbarian-2022.pdf?v=1729114866,Barbarian,,,left_only,Barbarian,,,,https://assets.scriptslug.com/live/pdf/scripts/barbarian-2022.pdf?v=1729114866,pdf
https://assets.scriptslug.com/live/pdf/scripts/barbershop-2002.pdf?v=1729114866,Barbershop,,,left_only,Barbershop,,,,https://assets.scriptslug.com/live/pdf/scripts/barbershop-2002.pdf?v=1729114866,pdf
https://assets.scriptslug.com/live/pdf/scripts/barbie-2023.pdf?v=1729114866,Barbie,Barbie,https://imsdb.com//scripts//Barbie.html,both,Barbie,,,,https://assets.scriptslug.com/live/pdf/scripts/barbie-2023.pdf?v=1729114866,pdf
,,Barry Lyndon,https://imsdb.com//scripts//Barry-Lyndon.html,right_only,Barry Lyndon,,,,https://imsdb.com//scripts//Barry-Lyndon.html,html
https://assets.scriptslug.com/live/pdf/scripts/barton-fink-1991.pdf?v=1729114867,Barton Fink,Barton Fink,https://imsdb.com//scripts//Barton-Fink.html,both,Barton Fink,,,,https://assets.scriptslug.com/live/pdf/scripts/barton-fink-1991.pdf?v=1729114867,pdf
,,Basic,https://imsdb.com//scripts//Basic.html,right_only,Basic,,,,https://imsdb.com//scripts//Basic.html,html
https://assets.scriptslug.com/live/pdf/scripts/basic-instinct-1992.pdf?v=1729114867,Basic Instinct,Basic Instinct,https://imsdb.com//scripts//Basic-Instinct.html,both,Basic Instinct,,,,https://assets.scriptslug.com/live/pdf/scripts/basic-instinct-1992.pdf?v=1729114867,pdf
https://assets.scriptslug.com/live/pdf/scripts/basic-instinct-2-2006.pdf?v=1729114867,Basic Instinct 2,,,left_only,Basic Instinct 2,,,,https://assets.scriptslug.com/live/pdf/scripts/basic-instinct-2-2006.pdf?v=1729114867,pdf
https://assets.scriptslug.com/live/pdf/scripts/basket-case-1982.pdf?v=1729114867,Basket Case,,,left_only,Basket Case,,,,https://assets.scriptslug.com/live/pdf/scripts/basket-case-1982.pdf?v=1729114867,pdf
,,Basquiat,https://imsdb.com//scripts//Basquiat.html,right_only,Basquiat,,,,https://imsdb.com//scripts//Basquiat.html,html
https://assets.scriptslug.com/live/pdf/scripts/batman-1989.pdf?v=1729114867,Batman,Batman,https://imsdb.com//scripts//Batman.html,both,Batman,,,,https://assets.scriptslug.com/live/pdf/scripts/batman-1989.pdf?v=1729114867,pdf
https://assets.scriptslug.com/live/pdf/scripts/batman-and-robin-1997.pdf?v=1729114868,Batman & Robin,,,left_only,Batman & Robin,,,,https://assets.scriptslug.com/live/pdf/scripts/batman-and-robin-1997.pdf?v=1729114868,pdf
,,Batman 2,https://imsdb.com//scripts//Batman-2.html,right_only,Batman 2,,,,https://imsdb.com//scripts//Batman-2.html,html
https://assets.scriptslug.com/live/pdf/scripts/batman-begins-2005.pdf?v=1729114868,Batman Begins,Batman Begins,https://imsdb.com//scripts//Batman-Begins.html,both,Batman Begins,Batman Begins,"Webstatus : 404
",Batman Begins,https://assets.scriptslug.com/live/pdf/scripts/batman-begins-2005.pdf?v=1729114868,pdf
https://assets.scriptslug.com/live/pdf/scripts/batman-forever-1995.pdf?v=1729114868,Batman Forever,Batman Forever,https://imsdb.com//scripts//Batman-Forever.html,both,Batman Forever,Batman Forever,"Webstatus : 404
",Batman Forever,https://assets.scriptslug.com/live/pdf/scripts/batman-forever-1995.pdf?v=1729114868,pdf
https://assets.scriptslug.com/live/pdf/scripts/batman-mask-of-the-phantasm-1993.pdf?v=1729114868,Batman Mask Of The Phantasm,,,left_only,Batman Mask Of The Phantasm,,,,https://assets.scriptslug.com/live/pdf/scripts/batman-mask-of-the-phantasm-1993.pdf?v=1729114868,pdf
https://assets.scriptslug.com/live/pdf/scripts/batman-returns-1992.pdf?v=1729114868,Batman Returns,Batman Returns,https://imsdb.com//scripts//Batman-Returns.html,both,Batman Returns,Batman Returns,"Webstatus : 404
",Batman Returns,https://assets.scriptslug.com/live/pdf/scripts/batman-returns-1992.pdf?v=1729114868,pdf
,,Battle Los Angeles,https://imsdb.com//scripts//Battle-Los-Angeles.html,right_only,Battle Los Angeles,,,,https://imsdb.com//scripts//Battle-Los-Angeles.html,html
https://assets.scriptslug.com/live/pdf/scripts/battle-of-the-sexes-2017.pdf?v=1729114868,Battle Of The Sexes,,,left_only,Battle Of The Sexes,,,,https://assets.scriptslug.com/live/pdf/scripts/battle-of-the-sexes-2017.pdf?v=1729114868,pdf
https://assets.scriptslug.com/live/pdf/scripts/battlefield-earth-2000.pdf?v=1729114868,Battlefield Earth,,,left_only,Battlefield Earth,,,,https://assets.scriptslug.com/live/pdf/scripts/battlefield-earth-2000.pdf?v=1729114868,pdf
https://assets.scriptslug.com/live/pdf/scripts/baywatch-2017.pdf?v=1729114868,Baywatch,,,left_only,Baywatch,,,,https://assets.scriptslug.com/live/pdf/scripts/baywatch-2017.pdf?v=1729114868,pdf
https://assets.scriptslug.com/live/pdf/scripts/bean-1997.pdf?v=1729114869,Bean,Bean,https://imsdb.com//scripts//Bean.html,both,Bean,,,,https://assets.scriptslug.com/live/pdf/scripts/bean-1997.pdf?v=1729114869,pdf
,,Beasts Of No Nation,https://imsdb.com//scripts//Beasts-of-No-Nation.html,right_only,Beasts Of No Nation,,,,https://imsdb.com//scripts//Beasts-of-No-Nation.html,html
,,Beasts Of The Southern Wild,https://imsdb.com//scripts//Beasts-of-the-Southern-Wild.html,right_only,Beasts Of The Southern Wild,,,,https://imsdb.com//scripts//Beasts-of-the-Southern-Wild.html,html
https://assets.scriptslug.com/live/pdf/scripts/beau-is-afraid-2023.pdf?v=1729114869,Beau Is Afraid,,,left_only,Beau Is Afraid,,,,https://assets.scriptslug.com/live/pdf/scripts/beau-is-afraid-2023.pdf?v=1729114869,pdf
https://assets.scriptslug.com/live/pdf/scripts/beautiful-boy-2018.pdf?v=1729114869,Beautiful Boy,,,left_only,Beautiful Boy,,,,https://assets.scriptslug.com/live/pdf/scripts/beautiful-boy-2018.pdf?v=1729114869,pdf
https://assets.scriptslug.com/live/pdf/scripts/beauty-and-the-beast-2017.pdf?v=1729114869,Beauty And The Beast,Beauty And The Beast,https://imsdb.com//scripts//Beauty-and-the-Beast.html,both,Beauty And The Beast,,,,https://assets.scriptslug.com/live/pdf/scripts/beauty-and-the-beast-2017.pdf?v=1729114869,pdf
,,Beavis And Butt Head Do America,https://imsdb.com//scripts//Beavis-and-Butt-head-Do-America.html,right_only,Beavis And Butt Head Do America,,,,https://imsdb.com//scripts//Beavis-and-Butt-head-Do-America.html,html
https://assets.scriptslug.com/live/pdf/scripts/beetlejuice-1988.pdf?v=1729114869,Beetlejuice,,,left_only,Beetlejuice,,,,https://assets.scriptslug.com/live/pdf/scripts/beetlejuice-1988.pdf?v=1729114869,pdf
https://assets.scriptslug.com/live/pdf/scripts/before-midnight-2013.pdf?v=1729114869,Before Midnight,,,left_only,Before Midnight,,,,https://assets.scriptslug.com/live/pdf/scripts/before-midnight-2013.pdf?v=1729114869,pdf
https://assets.scriptslug.com/live/pdf/scripts/beginners-2010.pdf?v=1729114869,Beginners,Beginners,https://imsdb.com//scripts//Beginners.html,both,Beginners,,,,https://assets.scriptslug.com/live/pdf/scripts/beginners-2010.pdf?v=1729114869,pdf
,,Being Human,https://imsdb.com//scripts//Being-Human.html,right_only,Being Human,,,,https://imsdb.com//scripts//Being-Human.html,html
https://assets.scriptslug.com/live/pdf/scripts/being-john-malkovich-1999.pdf?v=1729114869,Being John Malkovich,Being John Malkovich,https://imsdb.com//scripts//Being-John-Malkovich.html,both,Being John Malkovich,,,,https://assets.scriptslug.com/live/pdf/scripts/being-john-malkovich-1999.pdf?v=1729114869,pdf
https://assets.scriptslug.com/live/pdf/scripts/being-the-ricardos-2021.pdf?v=1729114869,Being The Ricardos,Being The Ricardos,https://imsdb.com//scripts//Being-the-Ricardos.html,both,Being The Ricardos,,,,https://assets.scriptslug.com/live/pdf/scripts/being-the-ricardos-2021.pdf?v=1729114869,pdf
https://assets.scriptslug.com/live/pdf/scripts/being-there-1979.pdf?v=1729114869,Being There,Being There,https://imsdb.com//scripts//Being-There.html,both,Being There,,,,https://assets.scriptslug.com/live/pdf/scripts/being-there-1979.pdf?v=1729114869,pdf
https://assets.scriptslug.com/live/pdf/scripts/belfast-2021.pdf?v=1729114870,Belfast,,,left_only,Belfast,,,,https://assets.scriptslug.com/live/pdf/scripts/belfast-2021.pdf?v=1729114870,pdf
https://assets.scriptslug.com/live/pdf/scripts/belle-2013.pdf?v=1729114870,Belle,Belle,https://imsdb.com//scripts//Belle.html,both,Belle,,,,https://assets.scriptslug.com/live/pdf/scripts/belle-2013.pdf?v=1729114870,pdf
,,Beloved,https://imsdb.com//scripts//Beloved.html,right_only,Beloved,,,,https://imsdb.com//scripts//Beloved.html,html
https://assets.scriptslug.com/live/pdf/scripts/beverly-hills-cop-1984.pdf?v=1729114870,Beverly Hills Cop,,,left_only,Beverly Hills Cop,,,,https://assets.scriptslug.com/live/pdf/scripts/beverly-hills-cop-1984.pdf?v=1729114870,pdf
https://assets.scriptslug.com/live/pdf/scripts/big-1988.pdf?v=1729114870,Big,Big,https://imsdb.com//scripts//Big.html,both,Big,,,,https://assets.scriptslug.com/live/pdf/scripts/big-1988.pdf?v=1729114870,pdf
,,Big Eyes,https://imsdb.com//scripts//Big-Eyes.html,right_only,Big Eyes,,,,https://imsdb.com//scripts//Big-Eyes.html,html
https://assets.scriptslug.com/live/pdf/scripts/big-fish-2003.pdf?v=1729114870,Big Fish,Big Fish,https://imsdb.com//scripts//Big-Fish.html,both,Big Fish,,,,https://assets.scriptslug.com/live/pdf/scripts/big-fish-2003.pdf?v=1729114870,pdf
https://assets.scriptslug.com/live/pdf/scripts/big-time-adolescence-2020.pdf?v=1729114871,Big Time Adolescence,,,left_only,Big Time Adolescence,,,,https://assets.scriptslug.com/live/pdf/scripts/big-time-adolescence-2020.pdf?v=1729114871,pdf
https://assets.scriptslug.com/live/pdf/scripts/big-trouble-in-little-china-1986.pdf?v=1729114871,Big Trouble In Little China,,,left_only,Big Trouble In Little China,,,,https://assets.scriptslug.com/live/pdf/scripts/big-trouble-in-little-china-1986.pdf?v=1729114871,pdf
https://assets.scriptslug.com/live/pdf/scripts/bill-and-ted-face-the-music-2020.pdf?v=1729114871,Bill & Ted Face The Music,,,left_only,Bill & Ted Face The Music,,,,https://assets.scriptslug.com/live/pdf/scripts/bill-and-ted-face-the-music-2020.pdf?v=1729114871,pdf
https://assets.scriptslug.com/live/pdf/scripts/bill-and-teds-bogus-journey-1991.pdf?v=1729114872,Bill And Teds Bogus Journey,,,left_only,Bill And Teds Bogus Journey,,,,https://assets.scriptslug.com/live/pdf/scripts/bill-and-teds-bogus-journey-1991.pdf?v=1729114872,pdf
https://assets.scriptslug.com/live/pdf/scripts/bill-and-teds-excellent-adventure-1989.pdf?v=1729114872,Bill And Teds Excellent Adventure,,,left_only,Bill And Teds Excellent Adventure,,,,https://assets.scriptslug.com/live/pdf/scripts/bill-and-teds-excellent-adventure-1989.pdf?v=1729114872,pdf
https://assets.scriptslug.com/live/pdf/scripts/bird-box-2018.pdf?v=1729114872,Bird Box,,,left_only,Bird Box,,,,https://assets.scriptslug.com/live/pdf/scripts/bird-box-2018.pdf?v=1729114872,pdf
https://assets.scriptslug.com/live/pdf/scripts/birdman-2014.pdf?v=1729114872,Birdman,Birdman,https://imsdb.com//scripts//Birdman.html,both,Birdman,,,,https://assets.scriptslug.com/live/pdf/scripts/birdman-2014.pdf?v=1729114872,pdf
,,Birthday Girl,https://imsdb.com//scripts//Birthday-Girl.html,right_only,Birthday Girl,,,,https://imsdb.com//scripts//Birthday-Girl.html,html
https://assets.scriptslug.com/live/pdf/scripts/black-christmas-1974.pdf?v=1729114872,Black Christmas,,,left_only,Black Christmas,,,,https://assets.scriptslug.com/live/pdf/scripts/black-christmas-1974.pdf?v=1729114872,pdf
https://assets.scriptslug.com/live/pdf/scripts/black-panther-2018.pdf?v=1729114873,Black Panther,Black Panther,https://imsdb.com//scripts//Black-Panther.html,both,Black Panther,,,,https://assets.scriptslug.com/live/pdf/scripts/black-panther-2018.pdf?v=1729114873,pdf
https://assets.scriptslug.com/live/pdf/scripts/black-panther-wakanda-forever-2022.pdf?v=1729114873,Black Panther Wakanda Forever,,,left_only,Black Panther Wakanda Forever,,,,https://assets.scriptslug.com/live/pdf/scripts/black-panther-wakanda-forever-2022.pdf?v=1729114873,pdf
,,Black Rain,https://imsdb.com//scripts//Black-Rain.html,right_only,Black Rain,,,,https://imsdb.com//scripts//Black-Rain.html,html
,,Black Snake Moan,https://imsdb.com//scripts//Black-Snake-Moan.html,right_only,Black Snake Moan,,,,https://imsdb.com//scripts//Black-Snake-Moan.html,html
https://assets.scriptslug.com/live/pdf/scripts/black-swan-2010.pdf?v=1729114873,Black Swan,Black Swan,https://imsdb.com//scripts//Black-Swan.html,both,Black Swan,,,,https://assets.scriptslug.com/live/pdf/scripts/black-swan-2010.pdf?v=1729114873,pdf
https://assets.scriptslug.com/live/pdf/scripts/blackberry-2023.pdf?v=1729114873,Blackberry,Blackberry,https://imsdb.com//scripts//Blackberry.html,both,Blackberry,,,,https://assets.scriptslug.com/live/pdf/scripts/blackberry-2023.pdf?v=1729114873,pdf
https://assets.scriptslug.com/live/pdf/scripts/blackkkklansman-2018.pdf?v=1729114873,Blackkklansman,Blackkklansman,https://imsdb.com//scripts//BlacKkKlansman.html,both,Blackkklansman,,,,https://assets.scriptslug.com/live/pdf/scripts/blackkkklansman-2018.pdf?v=1729114873,pdf
https://assets.scriptslug.com/live/pdf/scripts/blade-1998.pdf?v=1729114873,Blade,Blade,https://imsdb.com//scripts//Blade.html,both,Blade,,,,https://assets.scriptslug.com/live/pdf/scripts/blade-1998.pdf?v=1729114873,pdf
,,Blade 2,https://imsdb.com//scripts//Blade-II.html,right_only,Blade 2,,,,https://imsdb.com//scripts//Blade-II.html,html
https://assets.scriptslug.com/live/pdf/scripts/blade-runner-1982.pdf?v=1729114873,Blade Runner,Blade Runner,https://imsdb.com//scripts//Blade-Runner.html,both,Blade Runner,,,,https://assets.scriptslug.com/live/pdf/scripts/blade-runner-1982.pdf?v=1729114873,pdf
https://assets.scriptslug.com/live/pdf/scripts/blade-runner-2049.pdf?v=1729114873,Blade Runner 2049,,,left_only,Blade Runner 2049,,,,https://assets.scriptslug.com/live/pdf/scripts/blade-runner-2049.pdf?v=1729114873,pdf
,,Blade Trinity,https://imsdb.com//scripts//Blade-Trinity.html,right_only,Blade Trinity,,,,https://imsdb.com//scripts//Blade-Trinity.html,html
https://assets.scriptslug.com/live/pdf/scripts/blades-of-glory-2007.pdf?v=1729114874,Blades Of Glory,,,left_only,Blades Of Glory,,,,https://assets.scriptslug.com/live/pdf/scripts/blades-of-glory-2007.pdf?v=1729114874,pdf
https://assets.scriptslug.com/live/pdf/scripts/blankman-1994.pdf?v=1729114874,Blankman,,,left_only,Blankman,,,,https://assets.scriptslug.com/live/pdf/scripts/blankman-1994.pdf?v=1729114874,pdf
https://assets.scriptslug.com/live/pdf/scripts/blazing-saddles-1974.pdf?v=1729114874,Blazing Saddles,,,left_only,Blazing Saddles,,,,https://assets.scriptslug.com/live/pdf/scripts/blazing-saddles-1974.pdf?v=1729114874,pdf
https://assets.scriptslug.com/live/pdf/scripts/blindspotting-2018.pdf?v=1729114874,Blindspotting,,,left_only,Blindspotting,,,,https://assets.scriptslug.com/live/pdf/scripts/blindspotting-2018.pdf?v=1729114874,pdf
https://assets.scriptslug.com/live/pdf/scripts/blink-twice-2024.pdf?v=1735776411,Blink Twice,Blink Twice,https://imsdb.com//scripts//Blink-Twice.html,both,Blink Twice,,,,https://assets.scriptslug.com/live/pdf/scripts/blink-twice-2024.pdf?v=1735776411,pdf
https://assets.scriptslug.com/live/pdf/scripts/blitz-2024.pdf?v=1735777422,Blitz,Blitz,https://imsdb.com//scripts//Blitz.html,both,Blitz,,,,https://assets.scriptslug.com/live/pdf/scripts/blitz-2024.pdf?v=1735777422,pdf
https://assets.scriptslug.com/live/pdf/scripts/blonde-2022.pdf?v=1729114874,Blonde,,,left_only,Blonde,,,,https://assets.scriptslug.com/live/pdf/scripts/blonde-2022.pdf?v=1729114874,pdf
,,Blood And Wine,https://imsdb.com//scripts//Blood-and-Wine.html,right_only,Blood And Wine,,,,https://imsdb.com//scripts//Blood-and-Wine.html,html
https://assets.scriptslug.com/live/pdf/scripts/blood-diamond-2006.pdf?v=1729114874,Blood Diamond,,,left_only,Blood Diamond,,,,https://assets.scriptslug.com/live/pdf/scripts/blood-diamond-2006.pdf?v=1729114874,pdf
,,Blood Simple,https://imsdb.com//scripts//Blood-Simple.html,right_only,Blood Simple,,,,https://imsdb.com//scripts//Blood-Simple.html,html
https://assets.scriptslug.com/live/pdf/scripts/bloodshot-2020.pdf?v=1729114874,Bloodshot,,,left_only,Bloodshot,,,,https://assets.scriptslug.com/live/pdf/scripts/bloodshot-2020.pdf?v=1729114874,pdf
,,Blow,https://imsdb.com//scripts//Blow.html,right_only,Blow,,,,https://imsdb.com//scripts//Blow.html,html
https://assets.scriptslug.com/live/pdf/scripts/blue-jasmine-2013.pdf?v=1729114874,Blue Jasmine,,,left_only,Blue Jasmine,,,,https://assets.scriptslug.com/live/pdf/scripts/blue-jasmine-2013.pdf?v=1729114874,pdf
https://assets.scriptslug.com/live/pdf/scripts/blue-ruin-2013.pdf?v=1729114874,Blue Ruin,,,left_only,Blue Ruin,,,,https://assets.scriptslug.com/live/pdf/scripts/blue-ruin-2013.pdf?v=1729114874,pdf
https://assets.scriptslug.com/live/pdf/scripts/blue-valentine-2010.pdf?v=1729114875,Blue Valentine,Blue Valentine,https://imsdb.com//scripts//Blue-Valentine.html,both,Blue Valentine,,,,https://assets.scriptslug.com/live/pdf/scripts/blue-valentine-2010.pdf?v=1729114875,pdf
https://assets.scriptslug.com/live/pdf/scripts/blue-velvet-1986.pdf?v=1729114875,Blue Velvet,Blue Velvet,https://imsdb.com//scripts//Blue-Velvet.html,both,Blue Velvet,,,,https://assets.scriptslug.com/live/pdf/scripts/blue-velvet-1986.pdf?v=1729114875,pdf
https://assets.scriptslug.com/live/pdf/scripts/body-heat-1981.pdf?v=1729114875,Body Heat,Body Heat,https://imsdb.com//scripts//Body-Heat.html,both,Body Heat,,,,https://assets.scriptslug.com/live/pdf/scripts/body-heat-1981.pdf?v=1729114875,pdf
,,Body Of Evidence,https://imsdb.com//scripts//Body-of-Evidence.html,right_only,Body Of Evidence,,,,https://imsdb.com//scripts//Body-of-Evidence.html,html
,,Bodyguard,https://imsdb.com//scripts//Bodyguard.html,right_only,Bodyguard,,,,https://imsdb.com//scripts//Bodyguard.html,html
https://assets.scriptslug.com/live/pdf/scripts/bohemian-rhapsody-2018.pdf?v=1729114875,Bohemian Rhapsody,,,left_only,Bohemian Rhapsody,,,,https://assets.scriptslug.com/live/pdf/scripts/bohemian-rhapsody-2018.pdf?v=1729114875,pdf
,,Bones,https://imsdb.com//scripts//Bones.html,right_only,Bones,,,,https://imsdb.com//scripts//Bones.html,html
https://assets.scriptslug.com/live/pdf/scripts/bones-and-all-2022.pdf?v=1729114875,Bones And All,,,left_only,Bones And All,,,,https://assets.scriptslug.com/live/pdf/scripts/bones-and-all-2022.pdf?v=1729114875,pdf
,,Bonfire Of The Vanities,https://imsdb.com//scripts//Bonfire-of-the-Vanities.html,right_only,Bonfire Of The Vanities,,,,https://imsdb.com//scripts//Bonfire-of-the-Vanities.html,html
,,Bonnie And Clyde,https://imsdb.com//scripts//Bonnie-and-Clyde.html,right_only,Bonnie And Clyde,,,,https://imsdb.com//scripts//Bonnie-and-Clyde.html,html
https://assets.scriptslug.com/live/pdf/scripts/boogie-nights-1997.pdf?v=1729114875,Boogie Nights,Boogie Nights,https://imsdb.com//scripts//Boogie-Nights.html,both,Boogie Nights,,,,https://assets.scriptslug.com/live/pdf/scripts/boogie-nights-1997.pdf?v=1729114875,pdf
https://assets.scriptslug.com/live/pdf/scripts/booksmart-2019.pdf?v=1729114875,Booksmart,,,left_only,Booksmart,,,,https://assets.scriptslug.com/live/pdf/scripts/booksmart-2019.pdf?v=1729114875,pdf
https://assets.scriptslug.com/live/pdf/scripts/bookworm-2024.pdf?v=1738547432,Bookworm,Bookworm,https://imsdb.com//scripts//Bookworm.html,both,Bookworm,,,,https://assets.scriptslug.com/live/pdf/scripts/bookworm-2024.pdf?v=1738547432,pdf
https://assets.scriptslug.com/live/pdf/scripts/boomerang-1992.pdf?v=1729114875,Boomerang,,,left_only,Boomerang,,,,https://assets.scriptslug.com/live/pdf/scripts/boomerang-1992.pdf?v=1729114875,pdf
,,Boondock Saints 2 All Saints Day,https://imsdb.com//scripts//Boondock-Saints-2-All-Saints-Day.html,right_only,Boondock Saints 2 All Saints Day,,,,https://imsdb.com//scripts//Boondock-Saints-2-All-Saints-Day.html,html
https://assets.scriptslug.com/live/pdf/scripts/booty-call-1997.pdf?v=1729114876,Booty Call,,,left_only,Booty Call,,,,https://assets.scriptslug.com/live/pdf/scripts/booty-call-1997.pdf?v=1729114876,pdf
https://assets.scriptslug.com/live/pdf/scripts/borat-subsequent-moviefilm-2020.pdf?v=1729114876,Borat Subsequent Moviefilm,,,left_only,Borat Subsequent Moviefilm,,,,https://assets.scriptslug.com/live/pdf/scripts/borat-subsequent-moviefilm-2020.pdf?v=1729114876,pdf
https://assets.scriptslug.com/live/pdf/scripts/born-on-the-fourth-of-july-1989.pdf?v=1729114876,Born On The Fourth Of July,,,left_only,Born On The Fourth Of July,,,,https://assets.scriptslug.com/live/pdf/scripts/born-on-the-fourth-of-july-1989.pdf?v=1729114876,pdf
,,Bottle Rocket,https://imsdb.com//scripts//Bottle-Rocket.html,right_only,Bottle Rocket,,,,https://imsdb.com//scripts//Bottle-Rocket.html,html
https://assets.scriptslug.com/live/pdf/scripts/bottoms-2023.pdf?v=1729114876,Bottoms,,,left_only,Bottoms,,,,https://assets.scriptslug.com/live/pdf/scripts/bottoms-2023.pdf?v=1729114876,pdf
https://assets.scriptslug.com/live/pdf/scripts/bound-1996.pdf?v=1729114876,Bound,Bound,https://imsdb.com//scripts//Bound.html,both,Bound,,,,https://assets.scriptslug.com/live/pdf/scripts/bound-1996.pdf?v=1729114876,pdf
https://assets.scriptslug.com/live/pdf/scripts/bowfinger-1999.pdf?v=1729114876,Bowfinger,,,left_only,Bowfinger,,,,https://assets.scriptslug.com/live/pdf/scripts/bowfinger-1999.pdf?v=1729114876,pdf
https://assets.scriptslug.com/live/pdf/scripts/boy-erased-2018.pdf?v=1729114876,Boy Erased,,,left_only,Boy Erased,,,,https://assets.scriptslug.com/live/pdf/scripts/boy-erased-2018.pdf?v=1729114876,pdf
https://assets.scriptslug.com/live/pdf/scripts/boyhood-2014.pdf?v=1729114876,Boyhood,Boyhood,https://imsdb.com//scripts//Boyhood.html,both,Boyhood,,,,https://assets.scriptslug.com/live/pdf/scripts/boyhood-2014.pdf?v=1729114876,pdf
https://assets.scriptslug.com/live/pdf/scripts/boyz-in-the-hood-1991.pdf?v=1729114877,Boyz In The Hood,,,left_only,Boyz In The Hood,,,,https://assets.scriptslug.com/live/pdf/scripts/boyz-in-the-hood-1991.pdf?v=1729114877,pdf
https://assets.scriptslug.com/live/pdf/scripts/brads-status-2017.pdf?v=1729114877,Brads Status,,,left_only,Brads Status,,,,https://assets.scriptslug.com/live/pdf/scripts/brads-status-2017.pdf?v=1729114877,pdf
https://assets.scriptslug.com/live/pdf/scripts/bram-stokers-dracula-1992.pdf?v=1729114877,Bram Stokers Dracula,,,left_only,Bram Stokers Dracula,,,,https://assets.scriptslug.com/live/pdf/scripts/bram-stokers-dracula-1992.pdf?v=1729114877,pdf
https://assets.scriptslug.com/live/pdf/scripts/braveheart-1995.pdf?v=1729114877,Braveheart,Braveheart,https://imsdb.com//scripts//Braveheart.html,both,Braveheart,,,,https://assets.scriptslug.com/live/pdf/scripts/braveheart-1995.pdf?v=1729114877,pdf
,,Brazil,https://imsdb.com//scripts//Brazil.html,right_only,Brazil,,,,https://imsdb.com//scripts//Brazil.html,html
https://assets.scriptslug.com/live/pdf/scripts/breach-2007.pdf?v=1729114877,Breach,,,left_only,Breach,,,,https://assets.scriptslug.com/live/pdf/scripts/breach-2007.pdf?v=1729114877,pdf
,,Break,https://imsdb.com//scripts//Break.html,right_only,Break,,,,https://imsdb.com//scripts//Break.html,html
,,Breakdown,https://imsdb.com//scripts//Breakdown.html,right_only,Breakdown,,,,https://imsdb.com//scripts//Breakdown.html,html
https://assets.scriptslug.com/live/pdf/scripts/breaking-away-1979.pdf?v=1729114877,Breaking Away,Breaking Away,https://imsdb.com//scripts//Breaking-Away.html,both,Breaking Away,,,,https://assets.scriptslug.com/live/pdf/scripts/breaking-away-1979.pdf?v=1729114877,pdf
https://assets.scriptslug.com/live/pdf/scripts/breathe-2017.pdf?v=1729114878,Breathe,,,left_only,Breathe,,,,https://assets.scriptslug.com/live/pdf/scripts/breathe-2017.pdf?v=1729114878,pdf
https://assets.scriptslug.com/live/pdf/scripts/brick-2005.pdf?v=1729114878,Brick,Brick,https://imsdb.com//scripts//Brick.html,both,Brick,,,,https://assets.scriptslug.com/live/pdf/scripts/brick-2005.pdf?v=1729114878,pdf
https://assets.scriptslug.com/live/pdf/scripts/bride-of-chucky-1998.pdf?v=1729114879,Bride Of Chucky,,,left_only,Bride Of Chucky,,,,https://assets.scriptslug.com/live/pdf/scripts/bride-of-chucky-1998.pdf?v=1729114879,pdf
https://assets.scriptslug.com/live/pdf/scripts/bridesmaids-2011.pdf?v=1729114879,Bridesmaids,Bridesmaids,https://imsdb.com//scripts//Bridesmaids.html,both,Bridesmaids,,,,https://assets.scriptslug.com/live/pdf/scripts/bridesmaids-2011.pdf?v=1729114879,pdf
https://assets.scriptslug.com/live/pdf/scripts/bridge-of-spies-2015.pdf?v=1729114879,Bridge Of Spies,,,left_only,Bridge Of Spies,,,,https://assets.scriptslug.com/live/pdf/scripts/bridge-of-spies-2015.pdf?v=1729114879,pdf
https://assets.scriptslug.com/live/pdf/scripts/bridget-jones-diary-2001.pdf?v=1729114879,Bridget Jones Diary,,,left_only,Bridget Jones Diary,,,,https://assets.scriptslug.com/live/pdf/scripts/bridget-jones-diary-2001.pdf?v=1729114879,pdf
https://assets.scriptslug.com/live/pdf/scripts/bridget-joness-baby-2016.pdf?v=1729114879,Bridget Joness Baby,,,left_only,Bridget Joness Baby,,,,https://assets.scriptslug.com/live/pdf/scripts/bridget-joness-baby-2016.pdf?v=1729114879,pdf
https://assets.scriptslug.com/live/pdf/scripts/bright-2017.pdf?v=1729114879,Bright,,,left_only,Bright,,,,https://assets.scriptslug.com/live/pdf/scripts/bright-2017.pdf?v=1729114879,pdf
https://assets.scriptslug.com/live/pdf/scripts/brightburn-2019.pdf?v=1729114879,Brightburn,,,left_only,Brightburn,,,,https://assets.scriptslug.com/live/pdf/scripts/brightburn-2019.pdf?v=1729114879,pdf
,,Bringing Out The Dead,https://imsdb.com//scripts//Bringing-Out-the-Dead.html,right_only,Bringing Out The Dead,,,,https://imsdb.com//scripts//Bringing-Out-the-Dead.html,html
https://assets.scriptslug.com/live/pdf/scripts/broadcast-new-1987.pdf?v=1729114879,Broadcast News,Broadcast News,https://imsdb.com//scripts//Broadcast-News.html,both,Broadcast News,,,,https://assets.scriptslug.com/live/pdf/scripts/broadcast-new-1987.pdf?v=1729114879,pdf
https://assets.scriptslug.com/live/pdf/scripts/brokeback-mountain-2005.pdf?v=1729114879,Brokeback Mountain,,,left_only,Brokeback Mountain,,,,https://assets.scriptslug.com/live/pdf/scripts/brokeback-mountain-2005.pdf?v=1729114879,pdf
https://assets.scriptslug.com/live/pdf/scripts/broken-arrow-1996.pdf?v=1729114880,Broken Arrow,Broken Arrow,https://imsdb.com//scripts//Broken-Arrow.html,both,Broken Arrow,,,,https://assets.scriptslug.com/live/pdf/scripts/broken-arrow-1996.pdf?v=1729114880,pdf
,,Broken Embraces,https://imsdb.com//scripts//Broken-Embraces.html,right_only,Broken Embraces,,,,https://imsdb.com//scripts//Broken-Embraces.html,html
https://assets.scriptslug.com/live/pdf/scripts/brooklyn-2015.pdf?v=1729114880,Brooklyn,,,left_only,Brooklyn,,,,https://assets.scriptslug.com/live/pdf/scripts/brooklyn-2015.pdf?v=1729114880,pdf
,,Bruce Almighty,https://imsdb.com//scripts//Bruce-Almighty.html,right_only,Bruce Almighty,,,,https://imsdb.com//scripts//Bruce-Almighty.html,html
https://assets.scriptslug.com/live/pdf/scripts/buffy-the-vampire-slayer-1992.pdf?v=1729114880,Buffy The Vampire Slayer,Buffy The Vampire Slayer,https://imsdb.com//scripts//Buffy-the-Vampire-Slayer.html,both,Buffy The Vampire Slayer,,,,https://assets.scriptslug.com/live/pdf/scripts/buffy-the-vampire-slayer-1992.pdf?v=1729114880,pdf
,,Bull Durham,https://imsdb.com//scripts//Bull-Durham.html,right_only,Bull Durham,,,,https://imsdb.com//scripts//Bull-Durham.html,html
https://assets.scriptslug.com/live/pdf/scripts/buried-2010.pdf?v=1729114880,Buried,Buried,https://imsdb.com//scripts//Buried.html,both,Buried,,,,https://assets.scriptslug.com/live/pdf/scripts/buried-2010.pdf?v=1729114880,pdf
,,Burlesque,https://imsdb.com//scripts//Burlesque.html,right_only,Burlesque,,,,https://imsdb.com//scripts//Burlesque.html,html
https://assets.scriptslug.com/live/pdf/scripts/burn-after-reading-2008.pdf?v=1729114880,Burn After Reading,Burn After Reading,https://imsdb.com//scripts//Burn-After-Reading.html,both,Burn After Reading,,,,https://assets.scriptslug.com/live/pdf/scripts/burn-after-reading-2008.pdf?v=1729114880,pdf
,,Burning Annie,https://imsdb.com//scripts//Burning-Annie.html,right_only,Burning Annie,,,,https://imsdb.com//scripts//Burning-Annie.html,html
https://assets.scriptslug.com/live/pdf/scripts/burnt-2015.pdf?v=1729114880,Burnt,,,left_only,Burnt,,,,https://assets.scriptslug.com/live/pdf/scripts/burnt-2015.pdf?v=1729114880,pdf
https://assets.scriptslug.com/live/pdf/scripts/butch-cassidy-and-the-sundance-kid-1969.pdf?v=1729114880,Butch Cassidy And The Sundance Kid,,,left_only,Butch Cassidy And The Sundance Kid,,,,https://assets.scriptslug.com/live/pdf/scripts/butch-cassidy-and-the-sundance-kid-1969.pdf?v=1729114880,pdf
,,Cable Guy,https://imsdb.com//scripts//Cable-Guy.html,right_only,Cable Guy,,,,https://imsdb.com//scripts//Cable-Guy.html,html
https://assets.scriptslug.com/live/pdf/scripts/caddyshack-1980.pdf?v=1729114881,Caddyshack,,,left_only,Caddyshack,,,,https://assets.scriptslug.com/live/pdf/scripts/caddyshack-1980.pdf?v=1729114881,pdf
https://assets.scriptslug.com/live/pdf/scripts/call-me-by-your-name-2017.pdf?v=1729114881,Call Me By Your Name,,,left_only,Call Me By Your Name,,,,https://assets.scriptslug.com/live/pdf/scripts/call-me-by-your-name-2017.pdf?v=1729114881,pdf
https://assets.scriptslug.com/live/pdf/scripts/can-you-ever-forgive-me-2018.pdf?v=1729114882,Can You Ever Forgive Me,,,left_only,Can You Ever Forgive Me,,,,https://assets.scriptslug.com/live/pdf/scripts/can-you-ever-forgive-me-2018.pdf?v=1729114882,pdf
,,Candle To Water,https://imsdb.com//scripts//Candle-to-Water.html,right_only,Candle To Water,,,,https://imsdb.com//scripts//Candle-to-Water.html,html
https://assets.scriptslug.com/live/pdf/scripts/candyman-1992.pdf?v=1729114882,Candyman,,,left_only,Candyman,,,,https://assets.scriptslug.com/live/pdf/scripts/candyman-1992.pdf?v=1729114882,pdf
https://assets.scriptslug.com/live/pdf/scripts/candyman-2021.pdf?v=1729114882,Candyman,,,left_only,Candyman,,,,https://assets.scriptslug.com/live/pdf/scripts/candyman-2021.pdf?v=1729114882,pdf
https://assets.scriptslug.com/live/pdf/scripts/cape-fear-1962.pdf?v=1729114882,Cape Fear,,,left_only,Cape Fear,,,,https://assets.scriptslug.com/live/pdf/scripts/cape-fear-1962.pdf?v=1729114882,pdf
https://assets.scriptslug.com/live/pdf/scripts/capharnaum-2018.pdf?v=1729114882,Capharnaum,,,left_only,Capharnaum,,,,https://assets.scriptslug.com/live/pdf/scripts/capharnaum-2018.pdf?v=1729114882,pdf
https://assets.scriptslug.com/live/pdf/scripts/capote-2005.pdf?v=1729114882,Capote,Capote,https://imsdb.com//scripts//Capote.html,both,Capote,,,,https://assets.scriptslug.com/live/pdf/scripts/capote-2005.pdf?v=1729114882,pdf
https://assets.scriptslug.com/live/pdf/scripts/captain-america-the-first-avenger-20.pdf?v=1729114882,Captain America The First Avenger,,,left_only,Captain America The First Avenger,,,,https://assets.scriptslug.com/live/pdf/scripts/captain-america-the-first-avenger-20.pdf?v=1729114882,pdf
https://assets.scriptslug.com/live/pdf/scripts/captain-fantastic-2016.pdf?v=1729114882,Captain Fantastic,,,left_only,Captain Fantastic,,,,https://assets.scriptslug.com/live/pdf/scripts/captain-fantastic-2016.pdf?v=1729114882,pdf
https://assets.scriptslug.com/live/pdf/scripts/car-wash-1976.pdf?v=1729114882,Car Wash,,,left_only,Car Wash,,,,https://assets.scriptslug.com/live/pdf/scripts/car-wash-1976.pdf?v=1729114882,pdf
https://assets.scriptslug.com/live/pdf/scripts/carlitos-way-1993.pdf?v=1729114882,Carlitos Way,,,left_only,Carlitos Way,,,,https://assets.scriptslug.com/live/pdf/scripts/carlitos-way-1993.pdf?v=1729114882,pdf
https://assets.scriptslug.com/live/pdf/scripts/carnage-2011.pdf?v=1729114883,Carnage,,,left_only,Carnage,,,,https://assets.scriptslug.com/live/pdf/scripts/carnage-2011.pdf?v=1729114883,pdf
https://assets.scriptslug.com/live/pdf/scripts/carol-2015.pdf?v=1729114883,Carol,,,left_only,Carol,,,,https://assets.scriptslug.com/live/pdf/scripts/carol-2015.pdf?v=1729114883,pdf
https://assets.scriptslug.com/live/pdf/scripts/carrie-1976.pdf?v=1729114883,Carrie,Carrie,https://imsdb.com//scripts//Carrie.html,both,Carrie,,,,https://assets.scriptslug.com/live/pdf/scripts/carrie-1976.pdf?v=1729114883,pdf
,,Cars 2,https://imsdb.com//scripts//Cars-2.html,right_only,Cars 2,,,,https://imsdb.com//scripts//Cars-2.html,html
https://assets.scriptslug.com/live/pdf/scripts/casablanca-1942.pdf?v=1729114883,Casablanca,Casablanca,https://imsdb.com//scripts//Casablanca.html,both,Casablanca,Casablanca,"Webstatus : 404
",Casablanca,https://assets.scriptslug.com/live/pdf/scripts/casablanca-1942.pdf?v=1729114883,pdf
,,Case 39,https://imsdb.com//scripts//Case-39.html,right_only,Case 39,,,,https://imsdb.com//scripts//Case-39.html,html
https://assets.scriptslug.com/live/pdf/scripts/casino-1995.pdf?v=1729114883,Casino,Casino,https://imsdb.com//scripts//Casino.html,both,Casino,,,,https://assets.scriptslug.com/live/pdf/scripts/casino-1995.pdf?v=1729114883,pdf
https://assets.scriptslug.com/live/pdf/scripts/casino-royale-2006_180309_060624.pdf?v=1729115069,Casino Royale,,,left_only,Casino Royale,,,,https://assets.scriptslug.com/live/pdf/scripts/casino-royale-2006_180309_060624.pdf?v=1729115069,pdf
https://assets.scriptslug.com/live/pdf/scripts/casper-1995.pdf?v=1729114883,Casper,,,left_only,Casper,,,,https://assets.scriptslug.com/live/pdf/scripts/casper-1995.pdf?v=1729114883,pdf
https://assets.scriptslug.com/live/pdf/scripts/cassandro-2023.pdf?v=1729114883,Cassandro,Cassandro,https://imsdb.com//scripts//Cassandro.html,both,Cassandro,,,,https://assets.scriptslug.com/live/pdf/scripts/cassandro-2023.pdf?v=1729114883,pdf
https://assets.scriptslug.com/live/pdf/scripts/cast-away-2000.pdf?v=1729114883,Cast Away,Cast Away,https://imsdb.com//scripts//Cast-Away.html,both,Cast Away,,,,https://assets.scriptslug.com/live/pdf/scripts/cast-away-2000.pdf?v=1729114883,pdf
https://assets.scriptslug.com/live/pdf/scripts/catch-me-if-you-can-2002.pdf?v=1729114884,Catch Me If You Can,Catch Me If You Can,https://imsdb.com//scripts//Catch-Me-If-You-Can.html,both,Catch Me If You Can,,,,https://assets.scriptslug.com/live/pdf/scripts/catch-me-if-you-can-2002.pdf?v=1729114884,pdf
https://assets.scriptslug.com/live/pdf/scripts/catherine-called-birdy-2022.pdf?v=1729114884,Catherine Called Birdy,,,left_only,Catherine Called Birdy,,,,https://assets.scriptslug.com/live/pdf/scripts/catherine-called-birdy-2022.pdf?v=1729114884,pdf
,,Catwoman,https://imsdb.com//scripts//Catwoman.html,right_only,Catwoman,,,,https://imsdb.com//scripts//Catwoman.html,html
https://assets.scriptslug.com/live/pdf/scripts/cb4-1993.pdf?v=1729114884,Cb4,,,left_only,Cb4,,,,https://assets.scriptslug.com/live/pdf/scripts/cb4-1993.pdf?v=1729114884,pdf
,,Cecil B Demented,https://imsdb.com//scripts//Cecil-B.-Demented.html,right_only,Cecil B Demented,,,,https://imsdb.com//scripts//Cecil-B.-Demented.html,html
,,Cedar Rapids,https://imsdb.com//scripts//Cedar-Rapids.html,right_only,Cedar Rapids,,,,https://imsdb.com//scripts//Cedar-Rapids.html,html
,,Cellular,https://imsdb.com//scripts//Cellular.html,right_only,Cellular,,,,https://imsdb.com//scripts//Cellular.html,html
https://assets.scriptslug.com/live/pdf/scripts/challengers-2024.pdf?v=1735776661,Challengers,,,left_only,Challengers,,,,https://assets.scriptslug.com/live/pdf/scripts/challengers-2024.pdf?v=1735776661,pdf
,,Changeling,https://imsdb.com//scripts//Changeling.html,right_only,Changeling,,,,https://imsdb.com//scripts//Changeling.html,html
,,Chaos,https://imsdb.com//scripts//Chaos.html,right_only,Chaos,,,,https://imsdb.com//scripts//Chaos.html,html
https://assets.scriptslug.com/live/pdf/scripts/chaplin-1992.pdf?v=1729114884,Chaplin,,,left_only,Chaplin,,,,https://assets.scriptslug.com/live/pdf/scripts/chaplin-1992.pdf?v=1729114884,pdf
,,Charade,https://imsdb.com//scripts//Charade.html,right_only,Charade,,,,https://imsdb.com//scripts//Charade.html,html
https://assets.scriptslug.com/live/pdf/scripts/chariots-of-fire-1981.pdf?v=1729114884,Chariots Of Fire,,,left_only,Chariots Of Fire,,,,https://assets.scriptslug.com/live/pdf/scripts/chariots-of-fire-1981.pdf?v=1729114884,pdf
https://assets.scriptslug.com/live/pdf/scripts/charlie-and-the-choclate-factory-2005.pdf?v=1729114884,Charlie And The Chocolate Factory,,,left_only,Charlie And The Chocolate Factory,,,,https://assets.scriptslug.com/live/pdf/scripts/charlie-and-the-choclate-factory-2005.pdf?v=1729114884,pdf
https://assets.scriptslug.com/live/pdf/scripts/charlie-bartlett-2007.pdf?v=1729114884,Charlie Bartlett,,,left_only,Charlie Bartlett,,,,https://assets.scriptslug.com/live/pdf/scripts/charlie-bartlett-2007.pdf?v=1729114884,pdf
https://assets.scriptslug.com/live/pdf/scripts/charlie-wilsons-war-2007.pdf?v=1729114885,Charlie Wilsons War,,,left_only,Charlie Wilsons War,,,,https://assets.scriptslug.com/live/pdf/scripts/charlie-wilsons-war-2007.pdf?v=1729114885,pdf
,,Charlies Angels,https://imsdb.com//scripts//Charlie's-Angels.html,right_only,Charlies Angels,,,,https://imsdb.com//scripts//Charlie's-Angels.html,html
https://assets.scriptslug.com/live/pdf/scripts/chasing-amy-1997.pdf?v=1729114885,Chasing Amy,Chasing Amy,https://imsdb.com//scripts//Chasing-Amy.html,both,Chasing Amy,,,,https://assets.scriptslug.com/live/pdf/scripts/chasing-amy-1997.pdf?v=1729114885,pdf
,,Chasing Sleep,https://imsdb.com//scripts//Chasing-Sleep.html,right_only,Chasing Sleep,,,,https://imsdb.com//scripts//Chasing-Sleep.html,html
https://assets.scriptslug.com/live/pdf/scripts/chef-2015.pdf?v=1729114885,Chef,,,left_only,Chef,,,,https://assets.scriptslug.com/live/pdf/scripts/chef-2015.pdf?v=1729114885,pdf
https://assets.scriptslug.com/live/pdf/scripts/cherry-2021.pdf?v=1729114885,Cherry,,,left_only,Cherry,,,,https://assets.scriptslug.com/live/pdf/scripts/cherry-2021.pdf?v=1729114885,pdf
,,Cherry Falls,https://imsdb.com//scripts//Cherry-Falls.html,right_only,Cherry Falls,,,,https://imsdb.com//scripts//Cherry-Falls.html,html
https://assets.scriptslug.com/live/pdf/scripts/children-of-men-2006.pdf?v=1729114886,Children Of Men,,,left_only,Children Of Men,,,,https://assets.scriptslug.com/live/pdf/scripts/children-of-men-2006.pdf?v=1729114886,pdf
https://assets.scriptslug.com/live/pdf/scripts/childs-play-1988.pdf?v=1729114886,Childs Play,,,left_only,Childs Play,,,,https://assets.scriptslug.com/live/pdf/scripts/childs-play-1988.pdf?v=1729114886,pdf
https://assets.scriptslug.com/live/pdf/scripts/chinatown-1974.pdf?v=1729114886,Chinatown,Chinatown,https://imsdb.com//scripts//Chinatown.html,both,Chinatown,,,,https://assets.scriptslug.com/live/pdf/scripts/chinatown-1974.pdf?v=1729114886,pdf
,,Christ Complex,https://imsdb.com//scripts//Christ-Complex.html,right_only,Christ Complex,,,,https://imsdb.com//scripts//Christ-Complex.html,html
https://assets.scriptslug.com/live/pdf/scripts/christine-1983.pdf?v=1729114886,Christine,,,left_only,Christine,,,,https://assets.scriptslug.com/live/pdf/scripts/christine-1983.pdf?v=1729114886,pdf
https://assets.scriptslug.com/live/pdf/scripts/christmas-at-pee-wees-playhouse-1988.pdf?v=1729114886,Christmas At Pee Wees Playhouse,,,left_only,Christmas At Pee Wees Playhouse,,,,https://assets.scriptslug.com/live/pdf/scripts/christmas-at-pee-wees-playhouse-1988.pdf?v=1729114886,pdf
https://assets.scriptslug.com/live/pdf/scripts/chronicle-2012.pdf?v=1729114886,Chronicle,Chronicle,https://imsdb.com//scripts//Chronicle.html,both,Chronicle,,,,https://assets.scriptslug.com/live/pdf/scripts/chronicle-2012.pdf?v=1729114886,pdf
,,Chronicles Of Narnia The Lion The Witch And The Wardrobe,"https://imsdb.com//scripts//Chronicles-of-Narnia-The-Lion,-the-Witch-and-the-Wardrobe.html",right_only,Chronicles Of Narnia The Lion The Witch And The Wardrobe,,,,"https://imsdb.com//scripts//Chronicles-of-Narnia-The-Lion,-the-Witch-and-the-Wardrobe.html",html
https://assets.scriptslug.com/live/pdf/scripts/cinderella-man-2005.pdf?v=1729114886,Cinderella Man,,,left_only,Cinderella Man,,,,https://assets.scriptslug.com/live/pdf/scripts/cinderella-man-2005.pdf?v=1729114886,pdf
,,Cinema Paradiso,https://imsdb.com//scripts//Cinema-Paradiso.html,right_only,Cinema Paradiso,,,,https://imsdb.com//scripts//Cinema-Paradiso.html,html
,,Cirque Du Freak The Vampires Assistant,https://imsdb.com//scripts//Cirque-du-Freak-The-Vampire's-Assistant.html,right_only,Cirque Du Freak The Vampires Assistant,,,,https://imsdb.com//scripts//Cirque-du-Freak-The-Vampire's-Assistant.html,html
https://assets.scriptslug.com/live/pdf/scripts/citizen-kane-1941.pdf?v=1729114886,Citizen Kane,Citizen Kane,https://imsdb.com//scripts//Citizen-Kane.html,both,Citizen Kane,,,,https://assets.scriptslug.com/live/pdf/scripts/citizen-kane-1941.pdf?v=1729114886,pdf
,,City Of Joy,https://imsdb.com//scripts//City-of-Joy.html,right_only,City Of Joy,,,,https://imsdb.com//scripts//City-of-Joy.html,html
,,Clash Of The Titans,https://imsdb.com//scripts//Clash-of-the-Titans.html,right_only,Clash Of The Titans,,,,https://imsdb.com//scripts//Clash-of-the-Titans.html,html
https://assets.scriptslug.com/live/pdf/scripts/clear-and-present-danger-1994.pdf?v=1729114886,Clear And Present Danger,,,left_only,Clear And Present Danger,,,,https://assets.scriptslug.com/live/pdf/scripts/clear-and-present-danger-1994.pdf?v=1729114886,pdf
https://assets.scriptslug.com/live/pdf/scripts/clerks-1994.pdf?v=1729114887,Clerks,Clerks,https://imsdb.com//scripts//Clerks.html,both,Clerks,,,,https://assets.scriptslug.com/live/pdf/scripts/clerks-1994.pdf?v=1729114887,pdf
https://assets.scriptslug.com/live/pdf/scripts/clearks-ii-2006.pdf?v=1729114887,Clerks 2,,,left_only,Clerks 2,,,,https://assets.scriptslug.com/live/pdf/scripts/clearks-ii-2006.pdf?v=1729114887,pdf
,,Cliffhanger,https://imsdb.com//scripts//Cliffhanger.html,right_only,Cliffhanger,,,,https://imsdb.com//scripts//Cliffhanger.html,html
https://assets.scriptslug.com/live/pdf/scripts/clockers-1995.pdf?v=1729114887,Clockers,,,left_only,Clockers,,,,https://assets.scriptslug.com/live/pdf/scripts/clockers-1995.pdf?v=1729114887,pdf
https://assets.scriptslug.com/live/pdf/scripts/close-encounters-of-the-third-kind-1977.pdf?v=1729114887,Close Encounters Of The Third Kind,,,left_only,Close Encounters Of The Third Kind,,,,https://assets.scriptslug.com/live/pdf/scripts/close-encounters-of-the-third-kind-1977.pdf?v=1729114887,pdf
https://assets.scriptslug.com/live/pdf/scripts/cloud-atlas-2012.pdf?v=1729114887,Cloud Atlas,,,left_only,Cloud Atlas,,,,https://assets.scriptslug.com/live/pdf/scripts/cloud-atlas-2012.pdf?v=1729114887,pdf
https://assets.scriptslug.com/live/pdf/scripts/cloverfield-2008.pdf?v=1729114887,Cloverfield,,,left_only,Cloverfield,,,,https://assets.scriptslug.com/live/pdf/scripts/cloverfield-2008.pdf?v=1729114887,pdf
https://assets.scriptslug.com/live/pdf/scripts/clue-1985.pdf?v=1729114887,Clue,,,left_only,Clue,,,,https://assets.scriptslug.com/live/pdf/scripts/clue-1985.pdf?v=1729114887,pdf
,,Clueless,https://imsdb.com//scripts//Clueless.html,right_only,Clueless,,,,https://imsdb.com//scripts//Clueless.html,html
https://assets.scriptslug.com/live/pdf/scripts/cmon-cmon-2021.pdf?v=1729114887,Cmon Cmon,,,left_only,Cmon Cmon,,,,https://assets.scriptslug.com/live/pdf/scripts/cmon-cmon-2021.pdf?v=1729114887,pdf
,,Cobb,https://imsdb.com//scripts//Cobb.html,right_only,Cobb,,,,https://imsdb.com//scripts//Cobb.html,html
https://assets.scriptslug.com/live/pdf/scripts/coco-2017.pdf?v=1729114888,Coco,Coco,https://imsdb.com//scripts//Coco.html,both,Coco,,,,https://assets.scriptslug.com/live/pdf/scripts/coco-2017.pdf?v=1729114888,pdf
https://assets.scriptslug.com/live/pdf/scripts/cocoon-1985.pdf?v=1729114888,Cocoon,,,left_only,Cocoon,,,,https://assets.scriptslug.com/live/pdf/scripts/cocoon-1985.pdf?v=1729114888,pdf
https://assets.scriptslug.com/live/pdf/scripts/coda-2021.pdf?v=1729114888,Coda,,,left_only,Coda,,,,https://assets.scriptslug.com/live/pdf/scripts/coda-2021.pdf?v=1729114888,pdf
,,Code Of Silence,https://imsdb.com//scripts//Code-of-Silence.html,right_only,Code Of Silence,,,,https://imsdb.com//scripts//Code-of-Silence.html,html
https://assets.scriptslug.com/live/pdf/scripts/cold-mountain-2003.pdf?v=1729114888,Cold Mountain,Cold Mountain,https://imsdb.com//scripts//Cold-Mountain.html,both,Cold Mountain,,,,https://assets.scriptslug.com/live/pdf/scripts/cold-mountain-2003.pdf?v=1729114888,pdf
https://assets.scriptslug.com/live/pdf/scripts/colette-2018.pdf?v=1729114888,Colette,,,left_only,Colette,,,,https://assets.scriptslug.com/live/pdf/scripts/colette-2018.pdf?v=1729114888,pdf
https://assets.scriptslug.com/live/pdf/scripts/collateral-2004.pdf?v=1729114888,Collateral,Collateral,https://imsdb.com//scripts//Collateral.html,both,Collateral,,,,https://assets.scriptslug.com/live/pdf/scripts/collateral-2004.pdf?v=1729114888,pdf
,,Collateral Damage,https://imsdb.com//scripts//Collateral-Damage.html,right_only,Collateral Damage,,,,https://imsdb.com//scripts//Collateral-Damage.html,html
,,Colombiana,https://imsdb.com//scripts//Colombiana.html,right_only,Colombiana,,,,https://imsdb.com//scripts//Colombiana.html,html
https://assets.scriptslug.com/live/pdf/scripts/color-of-night-1994.pdf?v=1729114888,Color Of Night,Color Of Night,https://imsdb.com//scripts//Color-of-Night.html,both,Color Of Night,,,,https://assets.scriptslug.com/live/pdf/scripts/color-of-night-1994.pdf?v=1729114888,pdf
https://assets.scriptslug.com/live/pdf/scripts/come-to-daddy-2020.pdf?v=1729114889,Come To Daddy,,,left_only,Come To Daddy,,,,https://assets.scriptslug.com/live/pdf/scripts/come-to-daddy-2020.pdf?v=1729114889,pdf
https://assets.scriptslug.com/live/pdf/scripts/coming-home-1978.pdf?v=1729114889,Coming Home,,,left_only,Coming Home,,,,https://assets.scriptslug.com/live/pdf/scripts/coming-home-1978.pdf?v=1729114889,pdf
https://assets.scriptslug.com/live/pdf/scripts/coming-to-america-1988.pdf?v=1729114889,Coming To America,,,left_only,Coming To America,,,,https://assets.scriptslug.com/live/pdf/scripts/coming-to-america-1988.pdf?v=1729114889,pdf
https://assets.scriptslug.com/live/pdf/scripts/commando-1985.pdf?v=1729114889,Commando,Commando,https://imsdb.com//scripts//Commando.html,both,Commando,Commando,HTML len = 0 : no content scrapped,Commando,https://assets.scriptslug.com/live/pdf/scripts/commando-1985.pdf?v=1729114889,pdf
https://assets.scriptslug.com/live/pdf/scripts/con-air-1997.pdf?v=1729114889,Con Air,,,left_only,Con Air,,,,https://assets.scriptslug.com/live/pdf/scripts/con-air-1997.pdf?v=1729114889,pdf
https://assets.scriptslug.com/live/pdf/scripts/conclave-2024.pdf?v=1738463617,Conclave,,,left_only,Conclave,,,,https://assets.scriptslug.com/live/pdf/scripts/conclave-2024.pdf?v=1738463617,pdf
https://assets.scriptslug.com/live/pdf/scripts/conheads-1993.pdf?v=1729114890,Coneheads,,,left_only,Coneheads,,,,https://assets.scriptslug.com/live/pdf/scripts/conheads-1993.pdf?v=1729114890,pdf
,,Confessions Of A Dangerous Mind,https://imsdb.com//scripts//Confessions-of-a-Dangerous-Mind.html,right_only,Confessions Of A Dangerous Mind,,,,https://imsdb.com//scripts//Confessions-of-a-Dangerous-Mind.html,html
,,Confidence,https://imsdb.com//scripts//Confidence.html,right_only,Confidence,,,,https://imsdb.com//scripts//Confidence.html,html
https://assets.scriptslug.com/live/pdf/scripts/constantine-2005.pdf?v=1729114890,Constantine,Constantine,https://imsdb.com//scripts//Constantine.html,both,Constantine,,,,https://assets.scriptslug.com/live/pdf/scripts/constantine-2005.pdf?v=1729114890,pdf
https://assets.scriptslug.com/live/pdf/scripts/contact-1997.pdf?v=1729114890,Contact,Contact,https://imsdb.com//scripts//Contact.html,both,Contact,Contact,"Webstatus : 404
",Contact,https://assets.scriptslug.com/live/pdf/scripts/contact-1997.pdf?v=1729114890,pdf
https://assets.scriptslug.com/live/pdf/scripts/contagion-2011.pdf?v=1729114890,Contagion,,,left_only,Contagion,,,,https://assets.scriptslug.com/live/pdf/scripts/contagion-2011.pdf?v=1729114890,pdf
https://assets.scriptslug.com/live/pdf/scripts/cool-hand-luke-1967.pdf?v=1729114890,Cool Hand Luke,,,left_only,Cool Hand Luke,,,,https://assets.scriptslug.com/live/pdf/scripts/cool-hand-luke-1967.pdf?v=1729114890,pdf
https://assets.scriptslug.com/live/pdf/scripts/cool-runnings-1993.pdf?v=1729114890,Cool Runnings,,,left_only,Cool Runnings,,,,https://assets.scriptslug.com/live/pdf/scripts/cool-runnings-1993.pdf?v=1729114890,pdf
https://assets.scriptslug.com/live/pdf/scripts/copycat-1995.pdf?v=1729114890,Copycat,Copycat,https://imsdb.com//scripts//Copycat.html,both,Copycat,,,,https://assets.scriptslug.com/live/pdf/scripts/copycat-1995.pdf?v=1729114890,pdf
https://assets.scriptslug.com/live/pdf/scripts/coraline-2009.pdf?v=1729114890,Coraline,Coraline,https://imsdb.com//scripts//Coraline.html,both,Coraline,,,,https://assets.scriptslug.com/live/pdf/scripts/coraline-2009.pdf?v=1729114890,pdf
,,Coriolanus,https://imsdb.com//scripts//Coriolanus.html,right_only,Coriolanus,,,,https://imsdb.com//scripts//Coriolanus.html,html
https://assets.scriptslug.com/live/pdf/scripts/corpse-bride-2005.pdf?v=1729114891,Corpse Bride,Corpse Bride,https://imsdb.com//scripts//Corpse-Bride.html,both,Corpse Bride,,,,https://assets.scriptslug.com/live/pdf/scripts/corpse-bride-2005.pdf?v=1729114891,pdf
https://assets.scriptslug.com/live/pdf/scripts/courage-under-fire-1996.pdf?v=1729114891,Courage Under Fire,Courage Under Fire,https://imsdb.com//scripts//Courage-Under-Fire.html,both,Courage Under Fire,Courage Under Fire,HTML len = 0 : no content scrapped,Courage Under Fire,https://assets.scriptslug.com/live/pdf/scripts/courage-under-fire-1996.pdf?v=1729114891,pdf
,,Cradle 2 The Grave,https://imsdb.com//scripts//Cradle-2-the-Grave.html,right_only,Cradle 2 The Grave,,,,https://imsdb.com//scripts//Cradle-2-the-Grave.html,html
,,Crank,https://imsdb.com//scripts//Crank.html,right_only,Crank,,,,https://imsdb.com//scripts//Crank.html,html
https://assets.scriptslug.com/live/pdf/scripts/crash-2004.pdf?v=1729114891,Crash,Crash,https://imsdb.com//scripts//Crash.html,both,Crash,,,,https://assets.scriptslug.com/live/pdf/scripts/crash-2004.pdf?v=1729114891,pdf
https://assets.scriptslug.com/live/pdf/scripts/crawl-2019.pdf?v=1729114891,Crawl,,,left_only,Crawl,,,,https://assets.scriptslug.com/live/pdf/scripts/crawl-2019.pdf?v=1729114891,pdf
https://assets.scriptslug.com/live/pdf/scripts/crazy-rich-asians-2018.pdf?v=1729114891,Crazy Rich Asians,,,left_only,Crazy Rich Asians,,,,https://assets.scriptslug.com/live/pdf/scripts/crazy-rich-asians-2018.pdf?v=1729114891,pdf
https://assets.scriptslug.com/live/pdf/scripts/crazy-stupid-love-2011.pdf?v=1729114891,Crazy Stupid Love,Crazy Stupid Love,"https://imsdb.com//scripts//Crazy,-Stupid,-Love.html",both,Crazy Stupid Love,,,,https://assets.scriptslug.com/live/pdf/scripts/crazy-stupid-love-2011.pdf?v=1729114891,pdf
,,Crazylove,https://imsdb.com//scripts//Crazylove.html,right_only,Crazylove,,,,https://imsdb.com//scripts//Crazylove.html,html
,,Creation,https://imsdb.com//scripts//Creation.html,right_only,Creation,,,,https://imsdb.com//scripts//Creation.html,html
https://assets.scriptslug.com/live/pdf/scripts/creed-2015.pdf?v=1729114891,Creed,,,left_only,Creed,,,,https://assets.scriptslug.com/live/pdf/scripts/creed-2015.pdf?v=1729114891,pdf
https://assets.scriptslug.com/live/pdf/scripts/creed-ii-2018.pdf?v=1729114891,Creed 2,,,left_only,Creed 2,,,,https://assets.scriptslug.com/live/pdf/scripts/creed-ii-2018.pdf?v=1729114891,pdf
https://assets.scriptslug.com/live/pdf/scripts/creed-iii-2023.pdf?v=1729114891,Creed 3,,,left_only,Creed 3,,,,https://assets.scriptslug.com/live/pdf/scripts/creed-iii-2023.pdf?v=1729114891,pdf
,,Crime Spree,https://imsdb.com//scripts//Crime-Spree.html,right_only,Crime Spree,,,,https://imsdb.com//scripts//Crime-Spree.html,html
https://assets.scriptslug.com/live/pdf/scripts/crimson-peak-2015.pdf?v=1729114891,Crimson Peak,,,left_only,Crimson Peak,,,,https://assets.scriptslug.com/live/pdf/scripts/crimson-peak-2015.pdf?v=1729114891,pdf
https://assets.scriptslug.com/live/pdf/scripts/critters-1986.pdf?v=1729114892,Critters,,,left_only,Critters,,,,https://assets.scriptslug.com/live/pdf/scripts/critters-1986.pdf?v=1729114892,pdf
,,Crouching Tiger Hidden Dragon,"https://imsdb.com//scripts//Crouching-Tiger,-Hidden-Dragon.html",right_only,Crouching Tiger Hidden Dragon,,,,"https://imsdb.com//scripts//Crouching-Tiger,-Hidden-Dragon.html",html
,,Croupier,https://imsdb.com//scripts//Croupier.html,right_only,Croupier,,,,https://imsdb.com//scripts//Croupier.html,html
,,Cruel Intentions,https://imsdb.com//scripts//Cruel-Intentions.html,right_only,Cruel Intentions,,,,https://imsdb.com//scripts//Cruel-Intentions.html,html
,,Crying Game,https://imsdb.com//scripts//Crying-Game.html,right_only,Crying Game,,,,https://imsdb.com//scripts//Crying-Game.html,html
,,Cube,https://imsdb.com//scripts//Cube.html,right_only,Cube,,,,https://imsdb.com//scripts//Cube.html,html
https://assets.scriptslug.com/live/pdf/scripts/curly-sue-1991.pdf?v=1729114892,Curly Sue,,,left_only,Curly Sue,,,,https://assets.scriptslug.com/live/pdf/scripts/curly-sue-1991.pdf?v=1729114892,pdf
,,Custody,https://imsdb.com//scripts//Custody.html,right_only,Custody,,,,https://imsdb.com//scripts//Custody.html,html
https://assets.scriptslug.com/live/pdf/scripts/cyrano-2022.pdf?v=1729114892,Cyrano,,,left_only,Cyrano,,,,https://assets.scriptslug.com/live/pdf/scripts/cyrano-2022.pdf?v=1729114892,pdf
https://assets.scriptslug.com/live/pdf/scripts/d2-the-mighty-ducks-1994.pdf?v=1729114892,D2 The Mighty Ducks,,,left_only,D2 The Mighty Ducks,,,,https://assets.scriptslug.com/live/pdf/scripts/d2-the-mighty-ducks-1994.pdf?v=1729114892,pdf
https://assets.scriptslug.com/live/pdf/scripts/d3-the-mighty-ducks-1996.pdf?v=1729114892,D3 The Mighty Ducks,,,left_only,D3 The Mighty Ducks,,,,https://assets.scriptslug.com/live/pdf/scripts/d3-the-mighty-ducks-1996.pdf?v=1729114892,pdf
https://assets.scriptslug.com/live/pdf/scripts/da-5-bloods-2020.pdf?v=1729114892,Da 5 Bloods,,,left_only,Da 5 Bloods,,,,https://assets.scriptslug.com/live/pdf/scripts/da-5-bloods-2020.pdf?v=1729114892,pdf
https://assets.scriptslug.com/live/pdf/scripts/dallas-buyers-club-2013.pdf?v=1729114892,Dallas Buyers Club,Dallas Buyers Club,https://imsdb.com//scripts//Dallas-Buyers-Club.html,both,Dallas Buyers Club,,,,https://assets.scriptslug.com/live/pdf/scripts/dallas-buyers-club-2013.pdf?v=1729114892,pdf
https://assets.scriptslug.com/live/pdf/scripts/dances-with-wolves-1990.pdf?v=1729114892,Dances With Wolves,Dances With Wolves,https://imsdb.com//scripts//Dances-with-Wolves.html,both,Dances With Wolves,,,,https://assets.scriptslug.com/live/pdf/scripts/dances-with-wolves-1990.pdf?v=1729114892,pdf
https://assets.scriptslug.com/live/pdf/scripts/daredevil-2003.pdf?v=1729114892,Daredevil,,,left_only,Daredevil,,,,https://assets.scriptslug.com/live/pdf/scripts/daredevil-2003.pdf?v=1729114892,pdf
https://assets.scriptslug.com/live/pdf/scripts/dark-city-1998.pdf?v=1729114893,Dark City,Dark City,https://imsdb.com//scripts//Dark-City.html,both,Dark City,,,,https://assets.scriptslug.com/live/pdf/scripts/dark-city-1998.pdf?v=1729114893,pdf
,,Dark Star,https://imsdb.com//scripts//Dark-Star.html,right_only,Dark Star,,,,https://imsdb.com//scripts//Dark-Star.html,html
https://assets.scriptslug.com/live/pdf/scripts/darker-than-amber-1970.pdf?v=1729114893,Darker Than Amber,,,left_only,Darker Than Amber,,,,https://assets.scriptslug.com/live/pdf/scripts/darker-than-amber-1970.pdf?v=1729114893,pdf
https://assets.scriptslug.com/live/pdf/scripts/darkest-hour-2017.pdf?v=1729114893,Darkest Hour,,,left_only,Darkest Hour,,,,https://assets.scriptslug.com/live/pdf/scripts/darkest-hour-2017.pdf?v=1729114893,pdf
https://assets.scriptslug.com/live/pdf/scripts/darkman-1990.pdf?v=1729114893,Darkman,Darkman,https://imsdb.com//scripts//Darkman.html,both,Darkman,,,,https://assets.scriptslug.com/live/pdf/scripts/darkman-1990.pdf?v=1729114893,pdf
,,Date Night,https://imsdb.com//scripts//Date-Night.html,right_only,Date Night,,,,https://imsdb.com//scripts//Date-Night.html,html
,,Dave Barrys Complete Guide To Guys,https://imsdb.com//scripts//Dave-Barry's-Complete-Guide-to-Guys.html,right_only,Dave Barrys Complete Guide To Guys,,,,https://imsdb.com//scripts//Dave-Barry's-Complete-Guide-to-Guys.html,html
https://assets.scriptslug.com/live/pdf/scripts/dawn-of-the-dead-2004.pdf?v=1729114893,Dawn Of The Dead,Dawn Of The Dead,https://imsdb.com//scripts//Dawn-of-the-Dead.html,both,Dawn Of The Dead,,,,https://assets.scriptslug.com/live/pdf/scripts/dawn-of-the-dead-2004.pdf?v=1729114893,pdf
https://assets.scriptslug.com/live/pdf/scripts/dawn-of-the-planet-of-the-apes-2014.pdf?v=1729114893,Dawn Of The Planet Of The Apes,,,left_only,Dawn Of The Planet Of The Apes,,,,https://assets.scriptslug.com/live/pdf/scripts/dawn-of-the-planet-of-the-apes-2014.pdf?v=1729114893,pdf
,,Day Of The Dead,https://imsdb.com//scripts//Day-of-the-Dead.html,right_only,Day Of The Dead,,,,https://imsdb.com//scripts//Day-of-the-Dead.html,html
https://assets.scriptslug.com/live/pdf/scripts/days-of-heaven-1978.pdf?v=1729114893,Days Of Heaven,Days Of Heaven,https://imsdb.com//scripts//Days-of-Heaven.html,both,Days Of Heaven,,,,https://assets.scriptslug.com/live/pdf/scripts/days-of-heaven-1978.pdf?v=1729114893,pdf
https://assets.scriptslug.com/live/pdf/scripts/dazed-and-confused-1993.pdf?v=1729114893,Dazed And Confused,,,left_only,Dazed And Confused,,,,https://assets.scriptslug.com/live/pdf/scripts/dazed-and-confused-1993.pdf?v=1729114893,pdf
https://assets.scriptslug.com/live/pdf/scripts/dead-poets-society-1989.pdf?v=1729114893,Dead Poets Society,Dead Poets Society,https://imsdb.com//scripts//Dead-Poets-Society.html,both,Dead Poets Society,,,,https://assets.scriptslug.com/live/pdf/scripts/dead-poets-society-1989.pdf?v=1729114893,pdf
https://assets.scriptslug.com/live/pdf/scripts/deadpool-2016.pdf?v=1729114893,Deadpool,Deadpool,https://imsdb.com//scripts//Deadpool.html,both,Deadpool,,,,https://assets.scriptslug.com/live/pdf/scripts/deadpool-2016.pdf?v=1729114893,pdf
https://assets.scriptslug.com/live/pdf/scripts/deadpool-and-wolverine-2024.pdf?v=1738462441,Deadpool & Wolverine,Deadpool & Wolverine,https://imsdb.com//scripts//Deadpool-&-Wolverine.html,both,Deadpool & Wolverine,Deadpool & Wolverine,HTML len = 0 : no content scrapped,Deadpool & Wolverine,https://assets.scriptslug.com/live/pdf/scripts/deadpool-and-wolverine-2024.pdf?v=1738462441,pdf
https://assets.scriptslug.com/live/pdf/scripts/dear-white-people-2014.pdf?v=1729114894,Dear White People,Dear White People,https://imsdb.com//scripts//Dear-White-People.html,both,Dear White People,,,,https://assets.scriptslug.com/live/pdf/scripts/dear-white-people-2014.pdf?v=1729114894,pdf
https://assets.scriptslug.com/live/pdf/scripts/death-at-a-funeral-2007.pdf?v=1729114894,Death At A Funeral,Death At A Funeral,https://imsdb.com//scripts//Death-at-a-Funeral.html,both,Death At A Funeral,,,,https://assets.scriptslug.com/live/pdf/scripts/death-at-a-funeral-2007.pdf?v=1729114894,pdf
https://assets.scriptslug.com/live/pdf/scripts/death-becomes-her-1992.pdf?v=1729114894,Death Becomes Her,,,left_only,Death Becomes Her,,,,https://assets.scriptslug.com/live/pdf/scripts/death-becomes-her-1992.pdf?v=1729114894,pdf
https://assets.scriptslug.com/live/pdf/scripts/death-note-2017.pdf?v=1729114894,Death Note,,,left_only,Death Note,,,,https://assets.scriptslug.com/live/pdf/scripts/death-note-2017.pdf?v=1729114894,pdf
https://assets.scriptslug.com/live/pdf/scripts/death-proof-2007.pdf?v=1729114894,Death Proof,,,left_only,Death Proof,,,,https://assets.scriptslug.com/live/pdf/scripts/death-proof-2007.pdf?v=1729114894,pdf
,,Death To Smoochy,https://imsdb.com//scripts//Death-to-Smoochy.html,right_only,Death To Smoochy,,,,https://imsdb.com//scripts//Death-to-Smoochy.html,html
,,Deception,https://imsdb.com//scripts//Deception.html,right_only,Deception,,,,https://imsdb.com//scripts//Deception.html,html
,,Deep Cover,https://imsdb.com//scripts//Deep-Cover.html,right_only,Deep Cover,,,,https://imsdb.com//scripts//Deep-Cover.html,html
,,Deep Rising,https://imsdb.com//scripts//Deep-Rising.html,right_only,Deep Rising,,,,https://imsdb.com//scripts//Deep-Rising.html,html
https://assets.scriptslug.com/live/pdf/scripts/deep-star-six-1989.pdf?v=1729114895,Deep Star Six,,,left_only,Deep Star Six,,,,https://assets.scriptslug.com/live/pdf/scripts/deep-star-six-1989.pdf?v=1729114895,pdf
,,Defiance,https://imsdb.com//scripts//Defiance.html,right_only,Defiance,,,,https://imsdb.com//scripts//Defiance.html,html
https://assets.scriptslug.com/live/pdf/scripts/demolition-man-1993.pdf?v=1729114895,Demolition Man,,,left_only,Demolition Man,,,,https://assets.scriptslug.com/live/pdf/scripts/demolition-man-1993.pdf?v=1729114895,pdf
https://assets.scriptslug.com/live/pdf/scripts/den-of-thieves-2018.pdf?v=1729114895,Den Of Thieves,,,left_only,Den Of Thieves,,,,https://assets.scriptslug.com/live/pdf/scripts/den-of-thieves-2018.pdf?v=1729114895,pdf
https://assets.scriptslug.com/live/pdf/scripts/denial-2016.pdf?v=1729114895,Denial,,,left_only,Denial,,,,https://assets.scriptslug.com/live/pdf/scripts/denial-2016.pdf?v=1729114895,pdf
,,Despicable Me 2,https://imsdb.com//scripts//Despicable-Me-2.html,right_only,Despicable Me 2,,,,https://imsdb.com//scripts//Despicable-Me-2.html,html
https://assets.scriptslug.com/live/pdf/scripts/destroyer-2018.pdf?v=1729114895,Destroyer,,,left_only,Destroyer,,,,https://assets.scriptslug.com/live/pdf/scripts/destroyer-2018.pdf?v=1729114895,pdf
,,Detroit Rock City,https://imsdb.com//scripts//Detroit-Rock-City.html,right_only,Detroit Rock City,,,,https://imsdb.com//scripts//Detroit-Rock-City.html,html
,,Devil In A Blue Dress,https://imsdb.com//scripts//Devil-in-a-Blue-Dress.html,right_only,Devil In A Blue Dress,,,,https://imsdb.com//scripts//Devil-in-a-Blue-Dress.html,html
,,Devils Advocate,https://imsdb.com//scripts//Devil's-Advocate.html,right_only,Devils Advocate,,,,https://imsdb.com//scripts//Devil's-Advocate.html,html
https://assets.scriptslug.com/live/pdf/scripts/die-hard-1988.pdf?v=1729114895,Die Hard,Die Hard,https://imsdb.com//scripts//Die-Hard.html,both,Die Hard,,,,https://assets.scriptslug.com/live/pdf/scripts/die-hard-1988.pdf?v=1729114895,pdf
https://assets.scriptslug.com/live/pdf/scripts/die-hard-2-1990.pdf?v=1729114896,Die Hard 2,Die Hard 2,https://imsdb.com//scripts//Die-Hard-2.html,both,Die Hard 2,,,,https://assets.scriptslug.com/live/pdf/scripts/die-hard-2-1990.pdf?v=1729114896,pdf
https://assets.scriptslug.com/live/pdf/scripts/die-hard-with-a-vengeance-1995.pdf?v=1729114896,Die Hard With A Vengeance,,,left_only,Die Hard With A Vengeance,,,,https://assets.scriptslug.com/live/pdf/scripts/die-hard-with-a-vengeance-1995.pdf?v=1729114896,pdf
,,Diner,https://imsdb.com//scripts//Diner.html,right_only,Diner,,,,https://imsdb.com//scripts//Diner.html,html
https://assets.scriptslug.com/live/pdf/scripts/dinner-for-schmucks-2010.pdf?v=1729114896,Dinner For Schmucks,,,left_only,Dinner For Schmucks,,,,https://assets.scriptslug.com/live/pdf/scripts/dinner-for-schmucks-2010.pdf?v=1729114896,pdf
https://assets.scriptslug.com/live/pdf/scripts/dirty-girl-2010.pdf?v=1729114896,Dirty Girl,,,left_only,Dirty Girl,,,,https://assets.scriptslug.com/live/pdf/scripts/dirty-girl-2010.pdf?v=1729114896,pdf
https://assets.scriptslug.com/live/pdf/scripts/dirty-harry-1971.pdf?v=1729114896,Dirty Harry,,,left_only,Dirty Harry,,,,https://assets.scriptslug.com/live/pdf/scripts/dirty-harry-1971.pdf?v=1729114896,pdf
https://assets.scriptslug.com/live/pdf/scripts/disclosure-1994.pdf?v=1729114896,Disclosure,,,left_only,Disclosure,,,,https://assets.scriptslug.com/live/pdf/scripts/disclosure-1994.pdf?v=1729114896,pdf
https://assets.scriptslug.com/live/pdf/scripts/disobedience-2018.pdf?v=1729114896,Disobedience,,,left_only,Disobedience,,,,https://assets.scriptslug.com/live/pdf/scripts/disobedience-2018.pdf?v=1729114896,pdf
https://assets.scriptslug.com/live/pdf/scripts/disorderlies-1987.pdf?v=1729114896,Disorderlies,,,left_only,Disorderlies,,,,https://assets.scriptslug.com/live/pdf/scripts/disorderlies-1987.pdf?v=1729114896,pdf
,,Disturbia,https://imsdb.com//scripts//Disturbia.html,right_only,Disturbia,,,,https://imsdb.com//scripts//Disturbia.html,html
https://assets.scriptslug.com/live/pdf/scripts/django-unchained-2012.pdf?v=1729114896,Django Unchained,Django Unchained,https://imsdb.com//scripts//Django-Unchained.html,both,Django Unchained,,,,https://assets.scriptslug.com/live/pdf/scripts/django-unchained-2012.pdf?v=1729114896,pdf
https://assets.scriptslug.com/live/pdf/scripts/do-the-right-thing-1989.pdf?v=1729114896,Do The Right Thing,Do The Right Thing,https://imsdb.com//scripts//Do-The-Right-Thing.html,both,Do The Right Thing,,,,https://assets.scriptslug.com/live/pdf/scripts/do-the-right-thing-1989.pdf?v=1729114896,pdf
https://assets.scriptslug.com/live/pdf/scripts/doctor-sleep-2019.pdf?v=1729114897,Doctor Sleep,,,left_only,Doctor Sleep,,,,https://assets.scriptslug.com/live/pdf/scripts/doctor-sleep-2019.pdf?v=1729114897,pdf
https://assets.scriptslug.com/live/pdf/scripts/doctor-zhivago-1965.pdf?v=1729114897,Doctor Zhivago,,,left_only,Doctor Zhivago,,,,https://assets.scriptslug.com/live/pdf/scripts/doctor-zhivago-1965.pdf?v=1729114897,pdf
,,Dog Day Afternoon,https://imsdb.com//scripts//Dog-Day-Afternoon.html,right_only,Dog Day Afternoon,,,,https://imsdb.com//scripts//Dog-Day-Afternoon.html,html
https://assets.scriptslug.com/live/pdf/scripts/dogma-1999.pdf?v=1729114897,Dogma,Dogma,https://imsdb.com//scripts//Dogma.html,both,Dogma,,,,https://assets.scriptslug.com/live/pdf/scripts/dogma-1999.pdf?v=1729114897,pdf
https://assets.scriptslug.com/live/pdf/scripts/dolemite-is-my-name-2019.pdf?v=1729114897,Dolemite Is My Name,,,left_only,Dolemite Is My Name,,,,https://assets.scriptslug.com/live/pdf/scripts/dolemite-is-my-name-2019.pdf?v=1729114897,pdf
https://assets.scriptslug.com/live/pdf/scripts/dominion-2005.pdf?v=1729114897,Dominion,,,left_only,Dominion,,,,https://assets.scriptslug.com/live/pdf/scripts/dominion-2005.pdf?v=1729114897,pdf
https://assets.scriptslug.com/live/pdf/scripts/donnie-brasco-1997.pdf?v=1729114897,Donnie Brasco,Donnie Brasco,https://imsdb.com//scripts//Donnie-Brasco.html,both,Donnie Brasco,,,,https://assets.scriptslug.com/live/pdf/scripts/donnie-brasco-1997.pdf?v=1729114897,pdf
https://assets.scriptslug.com/live/pdf/scripts/donnie-darko-2001.pdf?v=1729114897,Donnie Darko,Donnie Darko,https://imsdb.com//scripts//Donnie-Darko.html,both,Donnie Darko,Donnie Darko,"Webstatus : 404
",Donnie Darko,https://assets.scriptslug.com/live/pdf/scripts/donnie-darko-2001.pdf?v=1729114897,pdf
https://assets.scriptslug.com/live/pdf/scripts/dont-look-now-1973.pdf?v=1729114897,Dont Look Now,,,left_only,Dont Look Now,,,,https://assets.scriptslug.com/live/pdf/scripts/dont-look-now-1973.pdf?v=1729114897,pdf
https://assets.scriptslug.com/live/pdf/scripts/dont-look-up-2021.pdf?v=1729114898,Dont Look Up,,,left_only,Dont Look Up,,,,https://assets.scriptslug.com/live/pdf/scripts/dont-look-up-2021.pdf?v=1729114898,pdf
https://assets.scriptslug.com/live/pdf/scripts/dont-worry-darling-2022.pdf?v=1729114898,Dont Worry Darling,,,left_only,Dont Worry Darling,,,,https://assets.scriptslug.com/live/pdf/scripts/dont-worry-darling-2022.pdf?v=1729114898,pdf
https://assets.scriptslug.com/live/pdf/scripts/doom-2005.pdf?v=1729114898,Doom,,,left_only,Doom,,,,https://assets.scriptslug.com/live/pdf/scripts/doom-2005.pdf?v=1729114898,pdf
https://assets.scriptslug.com/live/pdf/scripts/dope-2015.pdf?v=1729114898,Dope,,,left_only,Dope,,,,https://assets.scriptslug.com/live/pdf/scripts/dope-2015.pdf?v=1729114898,pdf
,,Double Indemnity,https://imsdb.com//scripts//Double-Indemnity.html,right_only,Double Indemnity,,,,https://imsdb.com//scripts//Double-Indemnity.html,html
https://assets.scriptslug.com/live/pdf/scripts/doubt-2008.pdf?v=1729114898,Doubt,,,left_only,Doubt,,,,https://assets.scriptslug.com/live/pdf/scripts/doubt-2008.pdf?v=1729114898,pdf
https://assets.scriptslug.com/live/pdf/scripts/downhill-2020.pdf?v=1729114898,Downhill,,,left_only,Downhill,,,,https://assets.scriptslug.com/live/pdf/scripts/downhill-2020.pdf?v=1729114898,pdf
https://assets.scriptslug.com/live/pdf/scripts/downsizing-2017.pdf?v=1729114898,Downsizing,,,left_only,Downsizing,,,,https://assets.scriptslug.com/live/pdf/scripts/downsizing-2017.pdf?v=1729114898,pdf
https://assets.scriptslug.com/live/pdf/scripts/downton-abbey-2019.pdf?v=1729114898,Downton Abbey,,,left_only,Downton Abbey,,,,https://assets.scriptslug.com/live/pdf/scripts/downton-abbey-2019.pdf?v=1729114898,pdf
https://assets.scriptslug.com/live/pdf/scripts/dr-horribles-sing-along-blog-2008.pdf?v=1729114898,Dr Horribles Sing Along Blog,,,left_only,Dr Horribles Sing Along Blog,,,,https://assets.scriptslug.com/live/pdf/scripts/dr-horribles-sing-along-blog-2008.pdf?v=1729114898,pdf
https://assets.scriptslug.com/live/pdf/scripts/dr-no-1962.pdf?v=1729114899,Dr No,,,left_only,Dr No,,,,https://assets.scriptslug.com/live/pdf/scripts/dr-no-1962.pdf?v=1729114899,pdf
https://assets.scriptslug.com/live/pdf/scripts/dr-strangelove-or-how-i-learned-to-stop-worrying-and-love-the-bomb-1964.pdf?v=1729114899,Dr Strangelove Or How I Learned To Stop Worrying And Love The Bomb,,,left_only,Dr Strangelove Or How I Learned To Stop Worrying And Love The Bomb,,,,https://assets.scriptslug.com/live/pdf/scripts/dr-strangelove-or-how-i-learned-to-stop-worrying-and-love-the-bomb-1964.pdf?v=1729114899,pdf
https://assets.scriptslug.com/live/pdf/scripts/drag-me-to-hell-2009.pdf?v=1729114899,Drag Me To Hell,Drag Me To Hell,https://imsdb.com//scripts//Drag-Me-to-Hell.html,both,Drag Me To Hell,,,,https://assets.scriptslug.com/live/pdf/scripts/drag-me-to-hell-2009.pdf?v=1729114899,pdf
https://assets.scriptslug.com/live/pdf/scripts/dragonheart-1996.pdf?v=1729114899,Dragonheart,,,left_only,Dragonheart,,,,https://assets.scriptslug.com/live/pdf/scripts/dragonheart-1996.pdf?v=1729114899,pdf
,,Dragonslayer,https://imsdb.com//scripts//Dragonslayer.html,right_only,Dragonslayer,,,,https://imsdb.com//scripts//Dragonslayer.html,html
https://assets.scriptslug.com/live/pdf/scripts/dream-scenario-2023.pdf?v=1729114899,Dream Scenario,Dream Scenario,https://imsdb.com//scripts//Dream-Scenario.html,both,Dream Scenario,,,,https://assets.scriptslug.com/live/pdf/scripts/dream-scenario-2023.pdf?v=1729114899,pdf
https://assets.scriptslug.com/live/pdf/scripts/dredd-2012.pdf?v=1729114899,Dredd,,,left_only,Dredd,,,,https://assets.scriptslug.com/live/pdf/scripts/dredd-2012.pdf?v=1729114899,pdf
https://assets.scriptslug.com/live/pdf/scripts/dressed-to-kill-1980.pdf?v=1729114899,Dressed To Kill,,,left_only,Dressed To Kill,,,,https://assets.scriptslug.com/live/pdf/scripts/dressed-to-kill-1980.pdf?v=1729114899,pdf
https://assets.scriptslug.com/live/pdf/scripts/drive-2011.pdf?v=1729114899,Drive,Drive,https://imsdb.com//scripts//Drive.html,both,Drive,,,,https://assets.scriptslug.com/live/pdf/scripts/drive-2011.pdf?v=1729114899,pdf
,,Drive Angry,https://imsdb.com//scripts//Drive-Angry.html,right_only,Drive Angry,,,,https://imsdb.com//scripts//Drive-Angry.html,html
https://assets.scriptslug.com/live/pdf/scripts/driving-miss-daisy-1989.pdf?v=1729114899,Driving Miss Daisy,,,left_only,Driving Miss Daisy,,,,https://assets.scriptslug.com/live/pdf/scripts/driving-miss-daisy-1989.pdf?v=1729114899,pdf
,,Drop Dead Gorgeous,https://imsdb.com//scripts//Drop-Dead-Gorgeous.html,right_only,Drop Dead Gorgeous,,,,https://imsdb.com//scripts//Drop-Dead-Gorgeous.html,html
,,Dry White Season A,"https://imsdb.com//scripts//Dry-White-Season,-A.html",right_only,Dry White Season A,,,,"https://imsdb.com//scripts//Dry-White-Season,-A.html",html
,,Duck Soup,https://imsdb.com//scripts//Duck-Soup.html,right_only,Duck Soup,,,,https://imsdb.com//scripts//Duck-Soup.html,html
,,Dumb And Dumber,https://imsdb.com//scripts//Dumb-and-Dumber.html,right_only,Dumb And Dumber,,,,https://imsdb.com//scripts//Dumb-and-Dumber.html,html
https://assets.scriptslug.com/live/pdf/scripts/dumb-money-2023.pdf?v=1729114900,Dumb Money,,,left_only,Dumb Money,,,,https://assets.scriptslug.com/live/pdf/scripts/dumb-money-2023.pdf?v=1729114900,pdf
https://assets.scriptslug.com/live/pdf/scripts/dune-1984.pdf?v=1729114900,Dune,Dune,https://imsdb.com//scripts//Dune.html,both,Dune,,,,https://assets.scriptslug.com/live/pdf/scripts/dune-1984.pdf?v=1729114900,pdf
https://assets.scriptslug.com/live/pdf/scripts/dune-2021.pdf?v=1729114900,Dune,Dune,https://imsdb.com//scripts//Dune.html,both,Dune,,,,https://assets.scriptslug.com/live/pdf/scripts/dune-2021.pdf?v=1729114900,pdf
,,Dune Part One,https://imsdb.com//scripts//Dune-Part-One.html,right_only,Dune Part One,,,,https://imsdb.com//scripts//Dune-Part-One.html,html
https://assets.scriptslug.com/live/pdf/scripts/dunkirk-2017.pdf?v=1729114900,Dunkirk,,,left_only,Dunkirk,,,,https://assets.scriptslug.com/live/pdf/scripts/dunkirk-2017.pdf?v=1729114900,pdf
https://assets.scriptslug.com/live/pdf/scripts/duplicity-2009.pdf?v=1729114900,Duplicity,,,left_only,Duplicity,,,,https://assets.scriptslug.com/live/pdf/scripts/duplicity-2009.pdf?v=1729114900,pdf
https://assets.scriptslug.com/live/pdf/scripts/dutch-1991.pdf?v=1729114900,Dutch,,,left_only,Dutch,,,,https://assets.scriptslug.com/live/pdf/scripts/dutch-1991.pdf?v=1729114900,pdf
,,Eagle Eye,https://imsdb.com//scripts//Eagle-Eye.html,right_only,Eagle Eye,,,,https://imsdb.com//scripts//Eagle-Eye.html,html
,,Eastern Promises,https://imsdb.com//scripts//Eastern-Promises.html,right_only,Eastern Promises,,,,https://imsdb.com//scripts//Eastern-Promises.html,html
https://assets.scriptslug.com/live/pdf/scripts/easy-a-2010.pdf?v=1729114900,Easy A,Easy A,https://imsdb.com//scripts//Easy-A.html,both,Easy A,,,,https://assets.scriptslug.com/live/pdf/scripts/easy-a-2010.pdf?v=1729114900,pdf
,,Ed Tv,https://imsdb.com//scripts//Ed-TV.html,right_only,Ed Tv,,,,https://imsdb.com//scripts//Ed-TV.html,html
https://assets.scriptslug.com/live/pdf/scripts/ed-wood-1994.pdf?v=1729114900,Ed Wood,Ed Wood,https://imsdb.com//scripts//Ed-Wood.html,both,Ed Wood,,,,https://assets.scriptslug.com/live/pdf/scripts/ed-wood-1994.pdf?v=1729114900,pdf
https://assets.scriptslug.com/live/pdf/scripts/eddie-the-eagle-2016.pdf?v=1729114901,Eddie The Eagle,,,left_only,Eddie The Eagle,,,,https://assets.scriptslug.com/live/pdf/scripts/eddie-the-eagle-2016.pdf?v=1729114901,pdf
https://assets.scriptslug.com/live/pdf/scripts/edge-of-tomorrow-2014.pdf?v=1729114901,Edge Of Tomorrow,,,left_only,Edge Of Tomorrow,,,,https://assets.scriptslug.com/live/pdf/scripts/edge-of-tomorrow-2014.pdf?v=1729114901,pdf
https://assets.scriptslug.com/live/pdf/scripts/edward-scissorhands-1990.pdf?v=1729114901,Edward Scissorhands,Edward Scissorhands,https://imsdb.com//scripts//Edward-Scissorhands.html,both,Edward Scissorhands,,,,https://assets.scriptslug.com/live/pdf/scripts/edward-scissorhands-1990.pdf?v=1729114901,pdf
,,Eight Legged Freaks,https://imsdb.com//scripts//Eight-Legged-Freaks.html,right_only,Eight Legged Freaks,,,,https://imsdb.com//scripts//Eight-Legged-Freaks.html,html
https://assets.scriptslug.com/live/pdf/scripts/eighth-grade-2018.pdf?v=1729114901,Eighth Grade,,,left_only,Eighth Grade,,,,https://assets.scriptslug.com/live/pdf/scripts/eighth-grade-2018.pdf?v=1729114901,pdf
,,El Mariachi,https://imsdb.com//scripts//El-Mariachi.html,right_only,El Mariachi,,,,https://imsdb.com//scripts//El-Mariachi.html,html
https://assets.scriptslug.com/live/pdf/scripts/election-1999.pdf?v=1730829431,Election,Election,https://imsdb.com//scripts//Election.html,both,Election,,,,https://assets.scriptslug.com/live/pdf/scripts/election-1999.pdf?v=1730829431,pdf
https://assets.scriptslug.com/live/pdf/scripts/elemental-2023.pdf?v=1729114901,Elemental,Elemental,https://imsdb.com//scripts//Elemental.html,both,Elemental,,,,https://assets.scriptslug.com/live/pdf/scripts/elemental-2023.pdf?v=1729114901,pdf
,,Elizabeth The Golden Age,https://imsdb.com//scripts//Elizabeth-The-Golden-Age.html,right_only,Elizabeth The Golden Age,,,,https://imsdb.com//scripts//Elizabeth-The-Golden-Age.html,html
https://assets.scriptslug.com/live/pdf/scripts/elvis-2022.pdf?v=1729114901,Elvis,Elvis,https://imsdb.com//scripts//Elvis.html,both,Elvis,,,,https://assets.scriptslug.com/live/pdf/scripts/elvis-2022.pdf?v=1729114901,pdf
https://assets.scriptslug.com/live/pdf/scripts/elysium-2013.pdf?v=1729114901,Elysium,,,left_only,Elysium,,,,https://assets.scriptslug.com/live/pdf/scripts/elysium-2013.pdf?v=1729114901,pdf
https://assets.scriptslug.com/live/pdf/scripts/emancipation-2023.pdf?v=1729114901,Emancipation,,,left_only,Emancipation,,,,https://assets.scriptslug.com/live/pdf/scripts/emancipation-2023.pdf?v=1729114901,pdf
https://assets.scriptslug.com/live/pdf/scripts/emergency-2022.pdf?v=1729114902,Emergency,,,left_only,Emergency,,,,https://assets.scriptslug.com/live/pdf/scripts/emergency-2022.pdf?v=1729114902,pdf
https://assets.scriptslug.com/live/pdf/scripts/emilia-perez-2024.pdf?v=1738463837,Emilia Pérez,,,left_only,Emilia Pérez,,,,https://assets.scriptslug.com/live/pdf/scripts/emilia-perez-2024.pdf?v=1738463837,pdf
https://assets.scriptslug.com/live/pdf/scripts/emma-2020.pdf?v=1729114902,Emma,,,left_only,Emma,,,,https://assets.scriptslug.com/live/pdf/scripts/emma-2020.pdf?v=1729114902,pdf
https://assets.scriptslug.com/live/pdf/scripts/empire-of-light-2022.pdf?v=1729114902,Empire Of Light,,,left_only,Empire Of Light,,,,https://assets.scriptslug.com/live/pdf/scripts/empire-of-light-2022.pdf?v=1729114902,pdf
https://assets.scriptslug.com/live/pdf/scripts/encanto-2021.pdf?v=1729114902,Encanto,,,left_only,Encanto,,,,https://assets.scriptslug.com/live/pdf/scripts/encanto-2021.pdf?v=1729114902,pdf
https://assets.scriptslug.com/live/pdf/scripts/encounter-2021.pdf?v=1729114902,Encounter,,,left_only,Encounter,,,,https://assets.scriptslug.com/live/pdf/scripts/encounter-2021.pdf?v=1729114902,pdf
https://assets.scriptslug.com/live/pdf/scripts/end-of-watch-2012.pdf?v=1729114902,End Of Watch,,,left_only,End Of Watch,,,,https://assets.scriptslug.com/live/pdf/scripts/end-of-watch-2012.pdf?v=1729114902,pdf
,,Enemy Of The State,https://imsdb.com//scripts//Enemy-of-the-State.html,right_only,Enemy Of The State,,,,https://imsdb.com//scripts//Enemy-of-the-State.html,html
,,Enough,https://imsdb.com//scripts//Enough.html,right_only,Enough,,,,https://imsdb.com//scripts//Enough.html,html
https://assets.scriptslug.com/live/pdf/scripts/enough-said-2013.pdf?v=1729114902,Enough Said,,,left_only,Enough Said,,,,https://assets.scriptslug.com/live/pdf/scripts/enough-said-2013.pdf?v=1729114902,pdf
,,Entrapment,https://imsdb.com//scripts//Entrapment.html,right_only,Entrapment,,,,https://imsdb.com//scripts//Entrapment.html,html
https://assets.scriptslug.com/live/pdf/scripts/equity-2016.pdf?v=1729114902,Equity,,,left_only,Equity,,,,https://assets.scriptslug.com/live/pdf/scripts/equity-2016.pdf?v=1729114902,pdf
https://assets.scriptslug.com/live/pdf/scripts/eraser-1996.pdf?v=1729114903,Eraser,,,left_only,Eraser,,,,https://assets.scriptslug.com/live/pdf/scripts/eraser-1996.pdf?v=1729114903,pdf
,,Erik The Viking,https://imsdb.com//scripts//Erik-the-Viking.html,right_only,Erik The Viking,,,,https://imsdb.com//scripts//Erik-the-Viking.html,html
https://assets.scriptslug.com/live/pdf/scripts/erin-brockovich-2000.pdf?v=1729114903,Erin Brockovich,Erin Brockovich,https://imsdb.com//scripts//Erin-Brockovich.html,both,Erin Brockovich,,,,https://assets.scriptslug.com/live/pdf/scripts/erin-brockovich-2000.pdf?v=1729114903,pdf
,,Escape From La,https://imsdb.com//scripts//Escape-From-L.A..html,right_only,Escape From La,,,,https://imsdb.com//scripts//Escape-From-L.A..html,html
,,Escape From New York,https://imsdb.com//scripts//Escape-From-New-York.html,right_only,Escape From New York,,,,https://imsdb.com//scripts//Escape-From-New-York.html,html
,,Et,https://imsdb.com//scripts//E.T..html,right_only,Et,,,,https://imsdb.com//scripts//E.T..html,html
https://assets.scriptslug.com/live/pdf/scripts/e-t-the-extra-terrestrial-1982.pdf?v=1729114900,Et The Extra Terrestrial,,,left_only,Et The Extra Terrestrial,,,,https://assets.scriptslug.com/live/pdf/scripts/e-t-the-extra-terrestrial-1982.pdf?v=1729114900,pdf
https://assets.scriptslug.com/live/pdf/scripts/eternal-sunshine-of-the-spotless-mind-2004.pdf?v=1729114903,Eternal Sunshine Of The Spotless Mind,Eternal Sunshine Of The Spotless Mind,https://imsdb.com//scripts//Eternal-Sunshine-of-the-Spotless-Mind.html,both,Eternal Sunshine Of The Spotless Mind,,,,https://assets.scriptslug.com/live/pdf/scripts/eternal-sunshine-of-the-spotless-mind-2004.pdf?v=1729114903,pdf
,,Even Cowgirls Get The Blues,https://imsdb.com//scripts//Even-Cowgirls-Get-the-Blues.html,right_only,Even Cowgirls Get The Blues,,,,https://imsdb.com//scripts//Even-Cowgirls-Get-the-Blues.html,html
https://assets.scriptslug.com/live/pdf/scripts/event-horizon-1997.pdf?v=1729114904,Event Horizon,Event Horizon,https://imsdb.com//scripts//Event-Horizon.html,both,Event Horizon,,,,https://assets.scriptslug.com/live/pdf/scripts/event-horizon-1997.pdf?v=1729114904,pdf
https://assets.scriptslug.com/live/pdf/scripts/everything-everywhere-all-at-once-2022.pdf?v=1729114904,Everything Everywhere All At Once,,,left_only,Everything Everywhere All At Once,,,,https://assets.scriptslug.com/live/pdf/scripts/everything-everywhere-all-at-once-2022.pdf?v=1729114904,pdf
https://assets.scriptslug.com/live/pdf/scripts/evil-dead-2013.pdf?v=1729114904,Evil Dead,Evil Dead,https://imsdb.com//scripts//Evil-Dead.html,both,Evil Dead,,,,https://assets.scriptslug.com/live/pdf/scripts/evil-dead-2013.pdf?v=1729114904,pdf
https://assets.scriptslug.com/live/pdf/scripts/evil-dead-ii-1987.pdf?v=1729114904,Evil Dead 2,,,left_only,Evil Dead 2,,,,https://assets.scriptslug.com/live/pdf/scripts/evil-dead-ii-1987.pdf?v=1729114904,pdf
,,Evil Dead 2 Dead By Dawn,https://imsdb.com//scripts//Evil-Dead-II-Dead-by-Dawn.html,right_only,Evil Dead 2 Dead By Dawn,,,,https://imsdb.com//scripts//Evil-Dead-II-Dead-by-Dawn.html,html
https://assets.scriptslug.com/live/pdf/scripts/evolution-2001.pdf?v=1729114905,Evolution,,,left_only,Evolution,,,,https://assets.scriptslug.com/live/pdf/scripts/evolution-2001.pdf?v=1729114905,pdf
https://assets.scriptslug.com/live/pdf/scripts/ex-machina-2015.pdf?v=1729114905,Ex Machina,Ex Machina,https://imsdb.com//scripts//Ex-Machina.html,both,Ex Machina,,,,https://assets.scriptslug.com/live/pdf/scripts/ex-machina-2015.pdf?v=1729114905,pdf
https://assets.scriptslug.com/live/pdf/scripts/excalibur-1981.pdf?v=1729114905,Excalibur,Excalibur,https://imsdb.com//scripts//Excalibur.html,both,Excalibur,,,,https://assets.scriptslug.com/live/pdf/scripts/excalibur-1981.pdf?v=1729114905,pdf
https://assets.scriptslug.com/live/pdf/scripts/exorcist-ii-the-heretic-1977.pdf?v=1729114905,Exorcist 2 The Heretic,,,left_only,Exorcist 2 The Heretic,,,,https://assets.scriptslug.com/live/pdf/scripts/exorcist-ii-the-heretic-1977.pdf?v=1729114905,pdf
,,Extract,https://imsdb.com//scripts//Extract.html,right_only,Extract,,,,https://imsdb.com//scripts//Extract.html,html
https://assets.scriptslug.com/live/pdf/scripts/extremely-wicked-shockingly-evil-and-vile-2019.pdf?v=1729114905,Extremely Wicked Shockingly Evil And Vile,,,left_only,Extremely Wicked Shockingly Evil And Vile,,,,https://assets.scriptslug.com/live/pdf/scripts/extremely-wicked-shockingly-evil-and-vile-2019.pdf?v=1729114905,pdf
https://assets.scriptslug.com/live/pdf/scripts/eye-in-the-sky-2016.pdf?v=1729114905,Eye In The Sky,,,left_only,Eye In The Sky,,,,https://assets.scriptslug.com/live/pdf/scripts/eye-in-the-sky-2016.pdf?v=1729114905,pdf
https://assets.scriptslug.com/live/pdf/scripts/eyes-wide-shut-1999.pdf?v=1729114905,Eyes Wide Shut,Eyes Wide Shut,https://imsdb.com//scripts//Eyes-Wide-Shut.html,both,Eyes Wide Shut,Eyes Wide Shut,"Webstatus : 404
",Eyes Wide Shut,https://assets.scriptslug.com/live/pdf/scripts/eyes-wide-shut-1999.pdf?v=1729114905,pdf
,,Face Off,https://imsdb.com//scripts//Face-Off.html,right_only,Face Off,,,,https://imsdb.com//scripts//Face-Off.html,html
,,Fair Game,https://imsdb.com//scripts//Fair-Game.html,right_only,Fair Game,,,,https://imsdb.com//scripts//Fair-Game.html,html
https://assets.scriptslug.com/live/pdf/scripts/fair-play-2023.pdf?v=1729114905,Fair Play,,,left_only,Fair Play,,,,https://assets.scriptslug.com/live/pdf/scripts/fair-play-2023.pdf?v=1729114905,pdf
,,Fairytale A True Story,https://imsdb.com//scripts//FairyTale-A-True-Story.html,right_only,Fairytale A True Story,,,,https://imsdb.com//scripts//FairyTale-A-True-Story.html,html
https://assets.scriptslug.com/live/pdf/scripts/fanboys-2009.pdf?v=1729114906,Fanboys,,,left_only,Fanboys,,,,https://assets.scriptslug.com/live/pdf/scripts/fanboys-2009.pdf?v=1729114906,pdf
https://assets.scriptslug.com/live/pdf/scripts/fantastic-beasts-and-where-to-find-them-2016.pdf?v=1729114906,Fantastic Beasts And Where To Find Them,Fantastic Beasts And Where To Find Them,https://imsdb.com//scripts//Fantastic-Beasts-and-Where-to-Find-Them.html,both,Fantastic Beasts And Where To Find Them,,,,https://assets.scriptslug.com/live/pdf/scripts/fantastic-beasts-and-where-to-find-them-2016.pdf?v=1729114906,pdf
https://assets.scriptslug.com/live/pdf/scripts/fantastic-beasts-the-crimes-of-grindelwald-2018.pdf?v=1729114906,Fantastic Beasts The Crimes Of Grindelwald,Fantastic Beasts The Crimes Of Grindelwald,https://imsdb.com//scripts//Fantastic-Beasts-The-Crimes-of-Grindelwald.html,both,Fantastic Beasts The Crimes Of Grindelwald,,,,https://assets.scriptslug.com/live/pdf/scripts/fantastic-beasts-the-crimes-of-grindelwald-2018.pdf?v=1729114906,pdf
https://assets.scriptslug.com/live/pdf/scripts/fantastic-beasts-the-secrets-of-dumbledore-2022.pdf?v=1729114906,Fantastic Beasts The Secrets Of Dumbledore,Fantastic Beasts The Secrets Of Dumbledore,https://imsdb.com//scripts//Fantastic-Beasts-The-Secrets-of-Dumbledore.html,both,Fantastic Beasts The Secrets Of Dumbledore,,,,https://assets.scriptslug.com/live/pdf/scripts/fantastic-beasts-the-secrets-of-dumbledore-2022.pdf?v=1729114906,pdf
,,Fantastic Four,https://imsdb.com//scripts//Fantastic-Four.html,right_only,Fantastic Four,,,,https://imsdb.com//scripts//Fantastic-Four.html,html
https://assets.scriptslug.com/live/pdf/scripts/fantastic-mr-fox-2009.pdf?v=1729114906,Fantastic Mr Fox,Fantastic Mr Fox,https://imsdb.com//scripts//Fantastic-Mr-Fox.html,both,Fantastic Mr Fox,,,,https://assets.scriptslug.com/live/pdf/scripts/fantastic-mr-fox-2009.pdf?v=1729114906,pdf
https://assets.scriptslug.com/live/pdf/scripts/fargo-1996.pdf?v=1729114906,Fargo,Fargo,https://imsdb.com//scripts//Fargo.html,both,Fargo,,,,https://assets.scriptslug.com/live/pdf/scripts/fargo-1996.pdf?v=1729114906,pdf
https://assets.scriptslug.com/live/pdf/scripts/fast-color-2019.pdf?v=1729114907,Fast Color,,,left_only,Fast Color,,,,https://assets.scriptslug.com/live/pdf/scripts/fast-color-2019.pdf?v=1729114907,pdf
,,Fast Times At Ridgemont High,https://imsdb.com//scripts//Fast-Times-at-Ridgemont-High.html,right_only,Fast Times At Ridgemont High,,,,https://imsdb.com//scripts//Fast-Times-at-Ridgemont-High.html,html
https://assets.scriptslug.com/live/pdf/scripts/fatal-attraction-1987.pdf?v=1729114907,Fatal Attraction,,,left_only,Fatal Attraction,,,,https://assets.scriptslug.com/live/pdf/scripts/fatal-attraction-1987.pdf?v=1729114907,pdf
,,Fatal Instinct,https://imsdb.com//scripts//Fatal-Instinct.html,right_only,Fatal Instinct,,,,https://imsdb.com//scripts//Fatal-Instinct.html,html
https://assets.scriptslug.com/live/pdf/scripts/faults-2014.pdf?v=1729114907,Faults,,,left_only,Faults,,,,https://assets.scriptslug.com/live/pdf/scripts/faults-2014.pdf?v=1729114907,pdf
,,Fear And Loathing In Las Vegas,https://imsdb.com//scripts//Fear-and-Loathing-in-Las-Vegas.html,right_only,Fear And Loathing In Las Vegas,,,,https://imsdb.com//scripts//Fear-and-Loathing-in-Las-Vegas.html,html
https://assets.scriptslug.com/live/pdf/scripts/fear-street-part-one-1994-2021.pdf?v=1729114907,Fear Street Part One 1994,,,left_only,Fear Street Part One 1994,,,,https://assets.scriptslug.com/live/pdf/scripts/fear-street-part-one-1994-2021.pdf?v=1729114907,pdf
,,Feast,https://imsdb.com//scripts//Feast.html,right_only,Feast,,,,https://imsdb.com//scripts//Feast.html,html
https://assets.scriptslug.com/live/pdf/scripts/fences-2016.pdf?v=1729114907,Fences,,,left_only,Fences,,,,https://assets.scriptslug.com/live/pdf/scripts/fences-2016.pdf?v=1729114907,pdf
https://assets.scriptslug.com/live/pdf/scripts/ferrari-2023.pdf?v=1729114907,Ferrari,Ferrari,https://imsdb.com//scripts//Ferrari.html,both,Ferrari,,,,https://assets.scriptslug.com/live/pdf/scripts/ferrari-2023.pdf?v=1729114907,pdf
https://assets.scriptslug.com/live/pdf/scripts/ferris-buellers-day-off-1986.pdf?v=1729114907,Ferris Buellers Day Off,Ferris Buellers Day Off,https://imsdb.com//scripts//Ferris-Bueller's-Day-Off.html,both,Ferris Buellers Day Off,,,,https://assets.scriptslug.com/live/pdf/scripts/ferris-buellers-day-off-1986.pdf?v=1729114907,pdf
https://assets.scriptslug.com/live/pdf/scripts/field-of-dreams-1989.pdf?v=1729114908,Field Of Dreams,Field Of Dreams,https://imsdb.com//scripts//Field-of-Dreams.html,both,Field Of Dreams,,,,https://assets.scriptslug.com/live/pdf/scripts/field-of-dreams-1989.pdf?v=1729114908,pdf
https://assets.scriptslug.com/live/pdf/scripts/fight-club-2000.pdf?v=1729114908,Fight Club,Fight Club,https://imsdb.com//scripts//Fight-Club.html,both,Fight Club,,,,https://assets.scriptslug.com/live/pdf/scripts/fight-club-2000.pdf?v=1729114908,pdf
,Fighting With My Family,,,left_only,Fighting With My Family,,,,,pdf
https://assets.scriptslug.com/live/pdf/scripts/film-stars-dont-die-in-liverpool-2017.pdf?v=1729114908,Film Stars Dont Die In Liverpool,,,left_only,Film Stars Dont Die In Liverpool,,,,https://assets.scriptslug.com/live/pdf/scripts/film-stars-dont-die-in-liverpool-2017.pdf?v=1729114908,pdf
https://assets.scriptslug.com/live/pdf/scripts/final-destination-2000.pdf?v=1729114908,Final Destination,Final Destination,https://imsdb.com//scripts//Final-Destination.html,both,Final Destination,,,,https://assets.scriptslug.com/live/pdf/scripts/final-destination-2000.pdf?v=1729114908,pdf
,,Final Destination 2,https://imsdb.com//scripts//Final-Destination-2.html,right_only,Final Destination 2,,,,https://imsdb.com//scripts//Final-Destination-2.html,html
https://assets.scriptslug.com/live/pdf/scripts/finding-nemo-2003.pdf?v=1729114908,Finding Nemo,Finding Nemo,https://imsdb.com//scripts//Finding-Nemo.html,both,Finding Nemo,,,,https://assets.scriptslug.com/live/pdf/scripts/finding-nemo-2003.pdf?v=1729114908,pdf
https://assets.scriptslug.com/live/pdf/scripts/first-blood-1982.pdf?v=1729114908,First Blood,,,left_only,First Blood,,,,https://assets.scriptslug.com/live/pdf/scripts/first-blood-1982.pdf?v=1729114908,pdf
https://assets.scriptslug.com/live/pdf/scripts/first-cow-2020.pdf?v=1729114908,First Cow,First Cow,https://imsdb.com//scripts//First-Cow.html,both,First Cow,,,,https://assets.scriptslug.com/live/pdf/scripts/first-cow-2020.pdf?v=1729114908,pdf
https://assets.scriptslug.com/live/pdf/scripts/first-man-2018.pdf?v=1729114908,First Man,,,left_only,First Man,,,,https://assets.scriptslug.com/live/pdf/scripts/first-man-2018.pdf?v=1729114908,pdf
https://assets.scriptslug.com/live/pdf/scripts/first-reformed-2018.pdf?v=1729114908,First Reformed,,,left_only,First Reformed,,,,https://assets.scriptslug.com/live/pdf/scripts/first-reformed-2018.pdf?v=1729114908,pdf
https://assets.scriptslug.com/live/pdf/scripts/first-they-killed-my-father-2017.pdf?v=1729114909,First They Killed My Father,,,left_only,First They Killed My Father,,,,https://assets.scriptslug.com/live/pdf/scripts/first-they-killed-my-father-2017.pdf?v=1729114909,pdf
,,Five Easy Pieces,https://imsdb.com//scripts//Five-Easy-Pieces.html,right_only,Five Easy Pieces,,,,https://imsdb.com//scripts//Five-Easy-Pieces.html,html
,,Flash Gordon,https://imsdb.com//scripts//Flash-Gordon.html,right_only,Flash Gordon,,,,https://imsdb.com//scripts//Flash-Gordon.html,html
https://assets.scriptslug.com/live/pdf/scripts/flashdance-1983.pdf?v=1729114909,Flashdance,,,left_only,Flashdance,,,,https://assets.scriptslug.com/live/pdf/scripts/flashdance-1983.pdf?v=1729114909,pdf
https://assets.scriptslug.com/live/pdf/scripts/flatliners-2017.pdf?v=1729114909,Flatliners,,,left_only,Flatliners,,,,https://assets.scriptslug.com/live/pdf/scripts/flatliners-2017.pdf?v=1729114909,pdf
,,Fletch,https://imsdb.com//scripts//Fletch.html,right_only,Fletch,,,,https://imsdb.com//scripts//Fletch.html,html
https://assets.scriptslug.com/live/pdf/scripts/flight-2012.pdf?v=1729114909,Flight,Flight,https://imsdb.com//scripts//Flight.html,both,Flight,,,,https://assets.scriptslug.com/live/pdf/scripts/flight-2012.pdf?v=1729114909,pdf
https://assets.scriptslug.com/live/pdf/scripts/flora-and-son-2023.pdf?v=1729114909,Flora And Son,Flora And Son,https://imsdb.com//scripts//Flora-and-Son.html,both,Flora And Son,,,,https://assets.scriptslug.com/live/pdf/scripts/flora-and-son-2023.pdf?v=1729114909,pdf
https://assets.scriptslug.com/live/pdf/scripts/focus-2015.pdf?v=1729114909,Focus,,,left_only,Focus,,,,https://assets.scriptslug.com/live/pdf/scripts/focus-2015.pdf?v=1729114909,pdf
https://assets.scriptslug.com/live/pdf/scripts/foe-2023.pdf?v=1729114909,Foe,Foe,https://imsdb.com//scripts//Foe.html,both,Foe,,,,https://assets.scriptslug.com/live/pdf/scripts/foe-2023.pdf?v=1729114909,pdf
https://assets.scriptslug.com/live/pdf/scripts/following-1998.pdf?v=1729114909,Following,,,left_only,Following,,,,https://assets.scriptslug.com/live/pdf/scripts/following-1998.pdf?v=1729114909,pdf
https://assets.scriptslug.com/live/pdf/scripts/for-your-eyes-only-1981.pdf?v=1729114909,For Your Eyes Only,,,left_only,For Your Eyes Only,,,,https://assets.scriptslug.com/live/pdf/scripts/for-your-eyes-only-1981.pdf?v=1729114909,pdf
https://assets.scriptslug.com/live/pdf/scripts/ford-v-ferrari-2019.pdf?v=1729114910,Ford V Ferrari,,,left_only,Ford V Ferrari,,,,https://assets.scriptslug.com/live/pdf/scripts/ford-v-ferrari-2019.pdf?v=1729114910,pdf
https://assets.scriptslug.com/live/pdf/scripts/forrest-gump-1994.pdf?v=1729114910,Forrest Gump,Forrest Gump,https://imsdb.com//scripts//Forrest-Gump.html,both,Forrest Gump,,,,https://assets.scriptslug.com/live/pdf/scripts/forrest-gump-1994.pdf?v=1729114910,pdf
,,Four Feathers,https://imsdb.com//scripts//Four-Feathers.html,right_only,Four Feathers,,,,https://imsdb.com//scripts//Four-Feathers.html,html
https://assets.scriptslug.com/live/pdf/scripts/four-rooms-1995.pdf?v=1729114910,Four Rooms,Four Rooms,https://imsdb.com//scripts//Four-Rooms.html,both,Four Rooms,,,,https://assets.scriptslug.com/live/pdf/scripts/four-rooms-1995.pdf?v=1729114910,pdf
https://assets.scriptslug.com/live/pdf/scripts/four-weddings-and-a-funeral-1994.pdf?v=1729114910,Four Weddings And A Funeral,,,left_only,Four Weddings And A Funeral,,,,https://assets.scriptslug.com/live/pdf/scripts/four-weddings-and-a-funeral-1994.pdf?v=1729114910,pdf
https://assets.scriptslug.com/live/pdf/scripts/foxcatcher-2014.pdf?v=1729114910,Foxcatcher,Foxcatcher,https://imsdb.com//scripts//Foxcatcher.html,both,Foxcatcher,,,,https://assets.scriptslug.com/live/pdf/scripts/foxcatcher-2014.pdf?v=1729114910,pdf
,,Fracture,https://imsdb.com//scripts//Fracture.html,right_only,Fracture,,,,https://imsdb.com//scripts//Fracture.html,html
https://assets.scriptslug.com/live/pdf/scripts/frailty-2001.pdf?v=1729114910,Frailty,,,left_only,Frailty,,,,https://assets.scriptslug.com/live/pdf/scripts/frailty-2001.pdf?v=1729114910,pdf
,,Frances,https://imsdb.com//scripts//Frances.html,right_only,Frances,,,,https://imsdb.com//scripts//Frances.html,html
https://assets.scriptslug.com/live/pdf/scripts/frances-ha-2012.pdf?v=1729114910,Frances Ha,,,left_only,Frances Ha,,,,https://assets.scriptslug.com/live/pdf/scripts/frances-ha-2012.pdf?v=1729114910,pdf
https://assets.scriptslug.com/live/pdf/scripts/frank-2014.pdf?v=1729114910,Frank,,,left_only,Frank,,,,https://assets.scriptslug.com/live/pdf/scripts/frank-2014.pdf?v=1729114910,pdf
https://assets.scriptslug.com/live/pdf/scripts/frankensteins-army-2013.pdf?v=1729114910,Frankensteins Army,,,left_only,Frankensteins Army,,,,https://assets.scriptslug.com/live/pdf/scripts/frankensteins-army-2013.pdf?v=1729114910,pdf
https://assets.scriptslug.com/live/pdf/scripts/frankenweenie-2012.pdf?v=1729114910,Frankenweenie,Frankenweenie,https://imsdb.com//scripts//Frankenweenie.html,both,Frankenweenie,Frankenweenie,HTML len = 0 : no content scrapped,Frankenweenie,https://assets.scriptslug.com/live/pdf/scripts/frankenweenie-2012.pdf?v=1729114910,pdf
https://assets.scriptslug.com/live/pdf/scripts/frankie-2019.pdf?v=1729114911,Frankie,,,left_only,Frankie,,,,https://assets.scriptslug.com/live/pdf/scripts/frankie-2019.pdf?v=1729114911,pdf
https://assets.scriptslug.com/live/pdf/scripts/frantic-1988.pdf?v=1729114911,Frantic,,,left_only,Frantic,,,,https://assets.scriptslug.com/live/pdf/scripts/frantic-1988.pdf?v=1729114911,pdf
,,Freaked,https://imsdb.com//scripts//Freaked.html,right_only,Freaked,,,,https://imsdb.com//scripts//Freaked.html,html
https://assets.scriptslug.com/live/pdf/scripts/fred-claus-2007.pdf?v=1729114911,Fred Claus,Fred Claus,https://imsdb.com//scripts//Fred-Claus.html,both,Fred Claus,,,,https://assets.scriptslug.com/live/pdf/scripts/fred-claus-2007.pdf?v=1729114911,pdf
https://assets.scriptslug.com/live/pdf/scripts/freddy-vs-jason-2003.pdf?v=1729114911,Freddy Vs Jason,Freddy Vs Jason,https://imsdb.com//scripts//Freddy-vs.-Jason.html,both,Freddy Vs Jason,,,,https://assets.scriptslug.com/live/pdf/scripts/freddy-vs-jason-2003.pdf?v=1729114911,pdf
https://assets.scriptslug.com/live/pdf/scripts/free-fire-2016.pdf?v=1729114911,Free Fire,,,left_only,Free Fire,,,,https://assets.scriptslug.com/live/pdf/scripts/free-fire-2016.pdf?v=1729114911,pdf
https://assets.scriptslug.com/live/pdf/scripts/free-guy-2021.pdf?v=1729114911,Free Guy,,,left_only,Free Guy,,,,https://assets.scriptslug.com/live/pdf/scripts/free-guy-2021.pdf?v=1729114911,pdf
https://assets.scriptslug.com/live/pdf/scripts/frequency-2000.pdf?v=1729114911,Frequency,Frequency,https://imsdb.com//scripts//Frequency.html,both,Frequency,,,,https://assets.scriptslug.com/live/pdf/scripts/frequency-2000.pdf?v=1729114911,pdf
https://assets.scriptslug.com/live/pdf/scripts/fresh-2022.pdf?v=1729114911,Fresh,,,left_only,Fresh,,,,https://assets.scriptslug.com/live/pdf/scripts/fresh-2022.pdf?v=1729114911,pdf
https://assets.scriptslug.com/live/pdf/scripts/freuds-last-session-2023.pdf?v=1729114911,Freuds Last Session,Freuds Last Session,https://imsdb.com//scripts//Freud's-Last-Session.html,both,Freuds Last Session,,,,https://assets.scriptslug.com/live/pdf/scripts/freuds-last-session-2023.pdf?v=1729114911,pdf
https://assets.scriptslug.com/live/pdf/scripts/friday-1995.pdf?v=1729114911,Friday,,,left_only,Friday,,,,https://assets.scriptslug.com/live/pdf/scripts/friday-1995.pdf?v=1729114911,pdf
https://assets.scriptslug.com/live/pdf/scripts/friday-the-13th-1980.pdf?v=1729114912,Friday The 13th,Friday The 13th,https://imsdb.com//scripts//Friday-the-13th.html,both,Friday The 13th,,,,https://assets.scriptslug.com/live/pdf/scripts/friday-the-13th-1980.pdf?v=1729114912,pdf
https://assets.scriptslug.com/live/pdf/scripts/friday-the-13th-part-vi-jason-lives-1986.pdf?v=1729114912,Friday The 13th Part 6 Jason Lives,,,left_only,Friday The 13th Part 6 Jason Lives,,,,https://assets.scriptslug.com/live/pdf/scripts/friday-the-13th-part-vi-jason-lives-1986.pdf?v=1729114912,pdf
,,Friday The 13th Part 8 Jason Takes Manhattan,https://imsdb.com//scripts//Friday-the-13th-Part-VIII-Jason-Takes-Manhattan.html,right_only,Friday The 13th Part 8 Jason Takes Manhattan,,,,https://imsdb.com//scripts//Friday-the-13th-Part-VIII-Jason-Takes-Manhattan.html,html
,,Fright Night,https://imsdb.com//scripts//Fright-Night.html,right_only,Fright Night,,,,https://imsdb.com//scripts//Fright-Night.html,html
,,Fright Night (1985),https://imsdb.com//scripts//Fright-Night-(1985).html,right_only,Fright Night (1985),,,,https://imsdb.com//scripts//Fright-Night-(1985).html,html
https://assets.scriptslug.com/live/pdf/scripts/from-dusk-till-dawn-1996.pdf?v=1729114913,From Dusk Till Dawn,From Dusk Till Dawn,https://imsdb.com//scripts//From-Dusk-Till-Dawn.html,both,From Dusk Till Dawn,,,,https://assets.scriptslug.com/live/pdf/scripts/from-dusk-till-dawn-1996.pdf?v=1729114913,pdf
,,From Here To Eternity,https://imsdb.com//scripts//From-Here-to-Eternity.html,right_only,From Here To Eternity,,,,https://imsdb.com//scripts//From-Here-to-Eternity.html,html
https://assets.scriptslug.com/live/pdf/scripts/from-russia-with-love-1963.pdf?v=1729114913,From Russia With Love,,,left_only,From Russia With Love,,,,https://assets.scriptslug.com/live/pdf/scripts/from-russia-with-love-1963.pdf?v=1729114913,pdf
https://assets.scriptslug.com/live/pdf/scripts/frost-nixon-2008.pdf?v=1729114913,Frost / Nixon,,,left_only,Frost / Nixon,,,,https://assets.scriptslug.com/live/pdf/scripts/frost-nixon-2008.pdf?v=1729114913,pdf
https://assets.scriptslug.com/live/pdf/scripts/frozen-2013.pdf?v=1729114913,Frozen,Frozen,https://imsdb.com//scripts//Frozen.html,both,Frozen,,,,https://assets.scriptslug.com/live/pdf/scripts/frozen-2013.pdf?v=1729114913,pdf
,,Frozen (disney),https://imsdb.com//scripts//Frozen-(Disney).html,right_only,Frozen (disney),,,,https://imsdb.com//scripts//Frozen-(Disney).html,html
,,Frozen River,https://imsdb.com//scripts//Frozen-River.html,right_only,Frozen River,,,,https://imsdb.com//scripts//Frozen-River.html,html
https://assets.scriptslug.com/live/pdf/scripts/fruitvale-station-2013.pdf?v=1729114913,Fruitvale Station,Fruitvale Station,https://imsdb.com//scripts//Fruitvale-Station.html,both,Fruitvale Station,,,,https://assets.scriptslug.com/live/pdf/scripts/fruitvale-station-2013.pdf?v=1729114913,pdf
https://assets.scriptslug.com/live/pdf/scripts/full-metal-jacket-1987.pdf?v=1729114913,Full Metal Jacket,Full Metal Jacket,https://imsdb.com//scripts//Full-Metal-Jacket.html,both,Full Metal Jacket,Full Metal Jacket,"Webstatus : 404
",Full Metal Jacket,https://assets.scriptslug.com/live/pdf/scripts/full-metal-jacket-1987.pdf?v=1729114913,pdf
,,Funny People,https://imsdb.com//scripts//Funny-People.html,right_only,Funny People,,,,https://imsdb.com//scripts//Funny-People.html,html
https://assets.scriptslug.com/live/pdf/scripts/fury-2014.pdf?v=1729114913,Fury,Fury,https://imsdb.com//scripts//Fury.html,both,Fury,Fury,"Webstatus : 404
",Fury,https://assets.scriptslug.com/live/pdf/scripts/fury-2014.pdf?v=1729114913,pdf
,,Game 6,https://imsdb.com//scripts//Game-6.html,right_only,Game 6,,,,https://imsdb.com//scripts//Game-6.html,html
https://assets.scriptslug.com/live/pdf/scripts/game-night-2018.pdf?v=1729114913,Game Night,,,left_only,Game Night,,,,https://assets.scriptslug.com/live/pdf/scripts/game-night-2018.pdf?v=1729114913,pdf
,,Gamer,https://imsdb.com//scripts//Gamer.html,right_only,Gamer,,,,https://imsdb.com//scripts//Gamer.html,html
,,Gandhi,https://imsdb.com//scripts//Gandhi.html,right_only,Gandhi,,,,https://imsdb.com//scripts//Gandhi.html,html
,,Gang Related,https://imsdb.com//scripts//Gang-Related.html,right_only,Gang Related,,,,https://imsdb.com//scripts//Gang-Related.html,html
,,Gangs Of New York,https://imsdb.com//scripts//Gangs-of-New-York.html,right_only,Gangs Of New York,,,,https://imsdb.com//scripts//Gangs-of-New-York.html,html
https://assets.scriptslug.com/live/pdf/scripts/garden-state-2004.pdf?v=1729114914,Garden State,Garden State,https://imsdb.com//scripts//Garden-State.html,both,Garden State,,,,https://assets.scriptslug.com/live/pdf/scripts/garden-state-2004.pdf?v=1729114914,pdf
https://assets.scriptslug.com/live/pdf/scripts/gattaca-1997.pdf?v=1729114915,Gattaca,Gattaca,https://imsdb.com//scripts//Gattaca.html,both,Gattaca,,,,https://assets.scriptslug.com/live/pdf/scripts/gattaca-1997.pdf?v=1729114915,pdf
https://assets.scriptslug.com/live/pdf/scripts/gemini-man-2019.pdf?v=1729114915,Gemini Man,,,left_only,Gemini Man,,,,https://assets.scriptslug.com/live/pdf/scripts/gemini-man-2019.pdf?v=1729114915,pdf
https://assets.scriptslug.com/live/pdf/scripts/geostorm-2017.pdf?v=1729114915,Geostorm,,,left_only,Geostorm,,,,https://assets.scriptslug.com/live/pdf/scripts/geostorm-2017.pdf?v=1729114915,pdf
https://assets.scriptslug.com/live/pdf/scripts/get-carter-1971.pdf?v=1729114915,Get Carter,Get Carter,https://imsdb.com//scripts//Get-Carter.html,both,Get Carter,,,,https://assets.scriptslug.com/live/pdf/scripts/get-carter-1971.pdf?v=1729114915,pdf
https://assets.scriptslug.com/live/pdf/scripts/get-low-2009.pdf?v=1729114915,Get Low,Get Low,https://imsdb.com//scripts//Get-Low.html,both,Get Low,,,,https://assets.scriptslug.com/live/pdf/scripts/get-low-2009.pdf?v=1729114915,pdf
https://assets.scriptslug.com/live/pdf/scripts/get-on-up-2014.pdf?v=1729114915,Get On Up,Get On Up,https://imsdb.com//scripts//Get-on-Up.html,both,Get On Up,,,,https://assets.scriptslug.com/live/pdf/scripts/get-on-up-2014.pdf?v=1729114915,pdf
https://assets.scriptslug.com/live/pdf/scripts/get-out-2017.pdf?v=1729114915,Get Out,Get Out,https://imsdb.com//scripts//Get-Out.html,both,Get Out,,,,https://assets.scriptslug.com/live/pdf/scripts/get-out-2017.pdf?v=1729114915,pdf
https://assets.scriptslug.com/live/pdf/scripts/get-rich-or-die-tryin-2005.pdf?v=1729114915,Get Rich Or Die Tryin,,,left_only,Get Rich Or Die Tryin,,,,https://assets.scriptslug.com/live/pdf/scripts/get-rich-or-die-tryin-2005.pdf?v=1729114915,pdf
,,Get Shorty,https://imsdb.com//scripts//Get-Shorty.html,right_only,Get Shorty,,,,https://imsdb.com//scripts//Get-Shorty.html,html
https://assets.scriptslug.com/live/pdf/scripts/ghost-1990.pdf?v=1729114915,Ghost,Ghost,https://imsdb.com//scripts//Ghost.html,both,Ghost,,,,https://assets.scriptslug.com/live/pdf/scripts/ghost-1990.pdf?v=1729114915,pdf
https://assets.scriptslug.com/live/pdf/scripts/ghost-rider-2007.pdf?v=1729114915,Ghost Rider,Ghost Rider,https://imsdb.com//scripts//Ghost-Rider.html,both,Ghost Rider,,,,https://assets.scriptslug.com/live/pdf/scripts/ghost-rider-2007.pdf?v=1729114915,pdf
,,Ghost Ship,https://imsdb.com//scripts//Ghost-Ship.html,right_only,Ghost Ship,,,,https://imsdb.com//scripts//Ghost-Ship.html,html
,,Ghost World,https://imsdb.com//scripts//Ghost-World.html,right_only,Ghost World,,,,https://imsdb.com//scripts//Ghost-World.html,html
https://assets.scriptslug.com/live/pdf/scripts/ghostbusters-1984.pdf?v=1729114915,Ghostbusters,Ghostbusters,https://imsdb.com//scripts//Ghostbusters.html,both,Ghostbusters,,,,https://assets.scriptslug.com/live/pdf/scripts/ghostbusters-1984.pdf?v=1729114915,pdf
https://assets.scriptslug.com/live/pdf/scripts/ghostbusters-ii-1989.pdf?v=1729114916,Ghostbusters 2,Ghostbusters 2,https://imsdb.com//scripts//Ghostbusters-2.html,both,Ghostbusters 2,,,,https://assets.scriptslug.com/live/pdf/scripts/ghostbusters-ii-1989.pdf?v=1729114916,pdf
,,Gi Jane,https://imsdb.com//scripts//G.I.-Jane.html,right_only,Gi Jane,,,,https://imsdb.com//scripts//G.I.-Jane.html,html
,,Gi Joe The Rise Of Cobra,https://imsdb.com//scripts//G.I.-Joe-The-Rise-of-Cobra.html,right_only,Gi Joe The Rise Of Cobra,,,,https://imsdb.com//scripts//G.I.-Joe-The-Rise-of-Cobra.html,html
https://assets.scriptslug.com/live/pdf/scripts/ginger-snaps-2000.pdf?v=1729114916,Ginger Snaps,Ginger Snaps,https://imsdb.com//scripts//Ginger-Snaps.html,both,Ginger Snaps,Ginger Snaps,"Webstatus : 404
",Ginger Snaps,https://assets.scriptslug.com/live/pdf/scripts/ginger-snaps-2000.pdf?v=1729114916,pdf
https://assets.scriptslug.com/live/pdf/scripts/girl-with-the-pearl-earring-2003.pdf?v=1729114916,Girl With The Pearl Earring,,,left_only,Girl With The Pearl Earring,,,,https://assets.scriptslug.com/live/pdf/scripts/girl-with-the-pearl-earring-2003.pdf?v=1729114916,pdf
https://assets.scriptslug.com/live/pdf/scripts/girls-trip-2017.pdf?v=1729114916,Girls Trip,,,left_only,Girls Trip,,,,https://assets.scriptslug.com/live/pdf/scripts/girls-trip-2017.pdf?v=1729114916,pdf
https://assets.scriptslug.com/live/pdf/scripts/gladiator-2000.pdf?v=1729114916,Gladiator,Gladiator,https://imsdb.com//scripts//Gladiator.html,both,Gladiator,,,,https://assets.scriptslug.com/live/pdf/scripts/gladiator-2000.pdf?v=1729114916,pdf
https://assets.scriptslug.com/live/pdf/scripts/gladiator-2-2024.pdf?v=1739815888,Gladiator 2,,,left_only,Gladiator 2,,,,https://assets.scriptslug.com/live/pdf/scripts/gladiator-2-2024.pdf?v=1739815888,pdf
https://assets.scriptslug.com/live/pdf/scripts/glass-onion-a-knives-out-mystery-2022.pdf?v=1729114916,Glass Onion A Knives Out Mystery,,,left_only,Glass Onion A Knives Out Mystery,,,,https://assets.scriptslug.com/live/pdf/scripts/glass-onion-a-knives-out-mystery-2022.pdf?v=1729114916,pdf
,,Glengarry Glen Gross,https://imsdb.com//scripts//Glengarry-Glen-Gross.html,right_only,Glengarry Glen Gross,,,,https://imsdb.com//scripts//Glengarry-Glen-Gross.html,html
,,Go,https://imsdb.com//scripts//Go.html,right_only,Go,,,,https://imsdb.com//scripts//Go.html,html
,,Godfather,https://imsdb.com//scripts//Godfather.html,right_only,Godfather,,,,https://imsdb.com//scripts//Godfather.html,html
,,Godfather Part 2,https://imsdb.com//scripts//Godfather-Part-II.html,right_only,Godfather Part 2,,,,https://imsdb.com//scripts//Godfather-Part-II.html,html
,,Gods And Monsters,https://imsdb.com//scripts//Gods-and-Monsters.html,right_only,Gods And Monsters,,,,https://imsdb.com//scripts//Gods-and-Monsters.html,html
https://assets.scriptslug.com/live/pdf/scripts/godzilla-2014.pdf?v=1729114916,Godzilla,Godzilla,https://imsdb.com//scripts//Godzilla.html,both,Godzilla,,,,https://assets.scriptslug.com/live/pdf/scripts/godzilla-2014.pdf?v=1729114916,pdf
https://assets.scriptslug.com/live/pdf/scripts/gold-2016.pdf?v=1729114917,Gold,,,left_only,Gold,,,,https://assets.scriptslug.com/live/pdf/scripts/gold-2016.pdf?v=1729114917,pdf
https://assets.scriptslug.com/live/pdf/scripts/goldeneye-1995.pdf?v=1729114917,Goldeneye,,,left_only,Goldeneye,,,,https://assets.scriptslug.com/live/pdf/scripts/goldeneye-1995.pdf?v=1729114917,pdf
https://assets.scriptslug.com/live/pdf/scripts/goldfinger-1964.pdf?v=1729114917,Goldfinger,,,left_only,Goldfinger,,,,https://assets.scriptslug.com/live/pdf/scripts/goldfinger-1964.pdf?v=1729114917,pdf
https://assets.scriptslug.com/live/pdf/scripts/gone-baby-gone-2007.pdf?v=1729114917,Gone Baby Gone,Gone Baby Gone,https://imsdb.com//scripts//Gone-Baby-Gone.html,both,Gone Baby Gone,,,,https://assets.scriptslug.com/live/pdf/scripts/gone-baby-gone-2007.pdf?v=1729114917,pdf
https://assets.scriptslug.com/live/pdf/scripts/gone-girl-2014.pdf?v=1729114917,Gone Girl,,,left_only,Gone Girl,,,,https://assets.scriptslug.com/live/pdf/scripts/gone-girl-2014.pdf?v=1729114917,pdf
,,Gone In 60 Seconds,https://imsdb.com//scripts//Gone-in-60-Seconds.html,right_only,Gone In 60 Seconds,,,,https://imsdb.com//scripts//Gone-in-60-Seconds.html,html
https://assets.scriptslug.com/live/pdf/scripts/gone-with-the-wind-1939.pdf?v=1729114917,Gone With The Wind,,,left_only,Gone With The Wind,,,,https://assets.scriptslug.com/live/pdf/scripts/gone-with-the-wind-1939.pdf?v=1729114917,pdf
https://assets.scriptslug.com/live/pdf/scripts/good-morning-vietnam-1987.pdf?v=1729114917,Good Morning Vietnam,,,left_only,Good Morning Vietnam,,,,https://assets.scriptslug.com/live/pdf/scripts/good-morning-vietnam-1987.pdf?v=1729114917,pdf
https://assets.scriptslug.com/live/pdf/scripts/good-will-hunting-1997.pdf?v=1729114917,Good Will Hunting,Good Will Hunting,https://imsdb.com//scripts//Good-Will-Hunting.html,both,Good Will Hunting,,,,https://assets.scriptslug.com/live/pdf/scripts/good-will-hunting-1997.pdf?v=1729114917,pdf
https://assets.scriptslug.com/live/pdf/scripts/goodfellas-1990.pdf?v=1729114917,Goodfellas,Goodfellas,https://imsdb.com//scripts//Goodfellas.html,both,Goodfellas,Goodfellas,"Webstatus : 404
",Goodfellas,https://assets.scriptslug.com/live/pdf/scripts/goodfellas-1990.pdf?v=1729114917,pdf
,,Gothika,https://imsdb.com//scripts//Gothika.html,right_only,Gothika,,,,https://imsdb.com//scripts//Gothika.html,html
,,Grabbers,https://imsdb.com//scripts//Grabbers.html,right_only,Grabbers,,,,https://imsdb.com//scripts//Grabbers.html,html
,,Gran Torino,https://imsdb.com//scripts//Gran-Torino.html,right_only,Gran Torino,,,,https://imsdb.com//scripts//Gran-Torino.html,html
,,Grand Hotel,https://imsdb.com//scripts//Grand-Hotel.html,right_only,Grand Hotel,,,,https://imsdb.com//scripts//Grand-Hotel.html,html
,,Grand Theft Parsons,https://imsdb.com//scripts//Grand-Theft-Parsons.html,right_only,Grand Theft Parsons,,,,https://imsdb.com//scripts//Grand-Theft-Parsons.html,html
https://assets.scriptslug.com/live/pdf/scripts/gravity-2013.pdf?v=1729114918,Gravity,Gravity,https://imsdb.com//scripts//Gravity.html,both,Gravity,,,,https://assets.scriptslug.com/live/pdf/scripts/gravity-2013.pdf?v=1729114918,pdf
https://assets.scriptslug.com/live/pdf/scripts/grease-1978.pdf?v=1729114918,Grease,,,left_only,Grease,,,,https://assets.scriptslug.com/live/pdf/scripts/grease-1978.pdf?v=1729114918,pdf
https://assets.scriptslug.com/live/pdf/scripts/green-book-2018.pdf?v=1729114918,Green Book,,,left_only,Green Book,,,,https://assets.scriptslug.com/live/pdf/scripts/green-book-2018.pdf?v=1729114918,pdf
https://assets.scriptslug.com/live/pdf/scripts/green-lantern-2011.pdf?v=1729114918,Green Lantern,,,left_only,Green Lantern,,,,https://assets.scriptslug.com/live/pdf/scripts/green-lantern-2011.pdf?v=1729114918,pdf
https://assets.scriptslug.com/live/pdf/scripts/green-room-2015.pdf?v=1729114918,Green Room,,,left_only,Green Room,,,,https://assets.scriptslug.com/live/pdf/scripts/green-room-2015.pdf?v=1729114918,pdf
https://assets.scriptslug.com/live/pdf/scripts/greenberg-2010.pdf?v=1729114918,Greenberg,,,left_only,Greenberg,,,,https://assets.scriptslug.com/live/pdf/scripts/greenberg-2010.pdf?v=1729114918,pdf
https://assets.scriptslug.com/live/pdf/scripts/gremlins-1984.pdf?v=1729114918,Gremlins,Gremlins,https://imsdb.com//scripts//Gremlins.html,both,Gremlins,,,,https://assets.scriptslug.com/live/pdf/scripts/gremlins-1984.pdf?v=1729114918,pdf
,,Gremlins 2,https://imsdb.com//scripts//Gremlins-2.html,right_only,Gremlins 2,,,,https://imsdb.com//scripts//Gremlins-2.html,html
https://assets.scriptslug.com/live/pdf/scripts/gremlins-2-the-new-batch-1990.pdf?v=1729114918,Gremlins 2 The New Batch,,,left_only,Gremlins 2 The New Batch,,,,https://assets.scriptslug.com/live/pdf/scripts/gremlins-2-the-new-batch-1990.pdf?v=1729114918,pdf
,,Grosse Point Blank,https://imsdb.com//scripts//Grosse-Point-Blank.html,right_only,Grosse Point Blank,,,,https://imsdb.com//scripts//Grosse-Point-Blank.html,html
https://assets.scriptslug.com/live/pdf/scripts/groundhog-day-1993.pdf?v=1729114919,Groundhog Day,Groundhog Day,https://imsdb.com//scripts//Groundhog-Day.html,both,Groundhog Day,,,,https://assets.scriptslug.com/live/pdf/scripts/groundhog-day-1993.pdf?v=1729114919,pdf
https://assets.scriptslug.com/live/pdf/scripts/guardians-of-the-galaxy-vol-2-2017.pdf?v=1729114919,Guardians Of The Galaxy Vol 2,Guardians Of The Galaxy Vol 2,https://imsdb.com//scripts//Guardians-of-the-Galaxy-Vol-2.html,both,Guardians Of The Galaxy Vol 2,,,,https://assets.scriptslug.com/live/pdf/scripts/guardians-of-the-galaxy-vol-2-2017.pdf?v=1729114919,pdf
https://assets.scriptslug.com/live/pdf/scripts/pinocchio-2022.pdf?v=1729114971,Guillermo Del Toros Pinocchio,,,left_only,Guillermo Del Toros Pinocchio,,,,https://assets.scriptslug.com/live/pdf/scripts/pinocchio-2022.pdf?v=1729114971,pdf
https://assets.scriptslug.com/live/pdf/scripts/gunpowder-milkshake-2021.pdf?v=1729114919,Gunpowder Milkshake,,,left_only,Gunpowder Milkshake,,,,https://assets.scriptslug.com/live/pdf/scripts/gunpowder-milkshake-2021.pdf?v=1729114919,pdf
https://assets.scriptslug.com/live/pdf/scripts/hackers-1995.pdf?v=1729114919,Hackers,Hackers,https://imsdb.com//scripts//Hackers.html,both,Hackers,,,,https://assets.scriptslug.com/live/pdf/scripts/hackers-1995.pdf?v=1729114919,pdf
https://assets.scriptslug.com/live/pdf/scripts/hacksaw-ridge-2016.pdf?v=1729114919,Hacksaw Ridge,,,left_only,Hacksaw Ridge,,,,https://assets.scriptslug.com/live/pdf/scripts/hacksaw-ridge-2016.pdf?v=1729114919,pdf
https://assets.scriptslug.com/live/pdf/scripts/hail-caesar-2016.pdf?v=1729114919,Hail Caesar,,,left_only,Hail Caesar,,,,https://assets.scriptslug.com/live/pdf/scripts/hail-caesar-2016.pdf?v=1729114919,pdf
https://assets.scriptslug.com/live/pdf/scripts/hall-pass-2011.pdf?v=1729114919,Hall Pass,Hall Pass,https://imsdb.com//scripts//Hall-Pass.html,both,Hall Pass,,,,https://assets.scriptslug.com/live/pdf/scripts/hall-pass-2011.pdf?v=1729114919,pdf
https://assets.scriptslug.com/live/pdf/scripts/halloween-1978.pdf?v=1729114919,Halloween,Halloween,https://imsdb.com//scripts//Halloween.html,both,Halloween,,,,https://assets.scriptslug.com/live/pdf/scripts/halloween-1978.pdf?v=1729114919,pdf
https://assets.scriptslug.com/live/pdf/scripts/halloween-2018_2024-01-09-005255_xwtn.pdf?v=1729114920,Halloween,Halloween,https://imsdb.com//scripts//Halloween.html,both,Halloween,,,,https://assets.scriptslug.com/live/pdf/scripts/halloween-2018_2024-01-09-005255_xwtn.pdf?v=1729114920,pdf
https://assets.scriptslug.com/live/pdf/scripts/halloween-ii-1981.pdf?v=1729114920,Halloween 2,,,left_only,Halloween 2,,,,https://assets.scriptslug.com/live/pdf/scripts/halloween-ii-1981.pdf?v=1729114920,pdf
https://assets.scriptslug.com/live/pdf/scripts/halloween-iii-season-of-the-witch-1982.pdf?v=1729114920,Halloween 3 Season Of The Witch,,,left_only,Halloween 3 Season Of The Witch,,,,https://assets.scriptslug.com/live/pdf/scripts/halloween-iii-season-of-the-witch-1982.pdf?v=1729114920,pdf
https://assets.scriptslug.com/live/pdf/scripts/halloween-4-the-return-of-michael-myers-1988.pdf?v=1729114920,Halloween 4 The Return Of Michael Myers,,,left_only,Halloween 4 The Return Of Michael Myers,,,,https://assets.scriptslug.com/live/pdf/scripts/halloween-4-the-return-of-michael-myers-1988.pdf?v=1729114920,pdf
https://assets.scriptslug.com/live/pdf/scripts/halloween-5-1989.pdf?v=1729114920,Halloween 5 The Revenge Of Michael Myers,,,left_only,Halloween 5 The Revenge Of Michael Myers,,,,https://assets.scriptslug.com/live/pdf/scripts/halloween-5-1989.pdf?v=1729114920,pdf
https://assets.scriptslug.com/live/pdf/scripts/halloween-6-the-curse-of-michael-myers-1995.pdf?v=1729114920,Halloween 6 The Curse Of Michael Myers,,,left_only,Halloween 6 The Curse Of Michael Myers,,,,https://assets.scriptslug.com/live/pdf/scripts/halloween-6-the-curse-of-michael-myers-1995.pdf?v=1729114920,pdf
https://assets.scriptslug.com/live/pdf/scripts/halloween-h20-20-years-later-1998.pdf?v=1729114920,Halloween H2o 20 Years Later,,,left_only,Halloween H2o 20 Years Later,,,,https://assets.scriptslug.com/live/pdf/scripts/halloween-h20-20-years-later-1998.pdf?v=1729114920,pdf
https://assets.scriptslug.com/live/pdf/scripts/halloween-kills-2021.pdf?v=1729114920,Halloween Kills,,,left_only,Halloween Kills,,,,https://assets.scriptslug.com/live/pdf/scripts/halloween-kills-2021.pdf?v=1729114920,pdf
,,Halloween The Curse Of Michael Myers,https://imsdb.com//scripts//Halloween-The-Curse-of-Michael-Myers.html,right_only,Halloween The Curse Of Michael Myers,,,,https://imsdb.com//scripts//Halloween-The-Curse-of-Michael-Myers.html,html
,,Hancock,https://imsdb.com//scripts//Hancock.html,right_only,Hancock,,,,https://imsdb.com//scripts//Hancock.html,html
https://assets.scriptslug.com/live/pdf/scripts/hangin-with-the-homeboys-1991.pdf?v=1729114921,Hangin With The Homeboys,,,left_only,Hangin With The Homeboys,,,,https://assets.scriptslug.com/live/pdf/scripts/hangin-with-the-homeboys-1991.pdf?v=1729114921,pdf
https://assets.scriptslug.com/live/pdf/scripts/hanna-2011.pdf?v=1729114921,Hanna,Hanna,https://imsdb.com//scripts//Hanna.html,both,Hanna,,,,https://assets.scriptslug.com/live/pdf/scripts/hanna-2011.pdf?v=1729114921,pdf
,,Hannah And Her Sisters,https://imsdb.com//scripts//Hannah-and-Her-Sisters.html,right_only,Hannah And Her Sisters,,,,https://imsdb.com//scripts//Hannah-and-Her-Sisters.html,html
,,Hannibal,https://imsdb.com//scripts//Hannibal.html,right_only,Hannibal,,,,https://imsdb.com//scripts//Hannibal.html,html
https://assets.scriptslug.com/live/pdf/scripts/happy-birthday-to-me-1981.pdf?v=1729114921,Happy Birthday To Me,,,left_only,Happy Birthday To Me,,,,https://assets.scriptslug.com/live/pdf/scripts/happy-birthday-to-me-1981.pdf?v=1729114921,pdf
,,Happy Birthday Wanda June,"https://imsdb.com//scripts//Happy-Birthday,-Wanda-June.html",right_only,Happy Birthday Wanda June,,,,"https://imsdb.com//scripts//Happy-Birthday,-Wanda-June.html",html
https://assets.scriptslug.com/live/pdf/scripts/happy-death-day-2017.pdf?v=1729114921,Happy Death Day,,,left_only,Happy Death Day,,,,https://assets.scriptslug.com/live/pdf/scripts/happy-death-day-2017.pdf?v=1729114921,pdf
,,Happy Feet,https://imsdb.com//scripts//Happy-Feet.html,right_only,Happy Feet,,,,https://imsdb.com//scripts//Happy-Feet.html,html
,,Hard Rain,https://imsdb.com//scripts//Hard-Rain.html,right_only,Hard Rain,,,,https://imsdb.com//scripts//Hard-Rain.html,html
,,Hard To Kill,https://imsdb.com//scripts//Hard-to-Kill.html,right_only,Hard To Kill,,,,https://imsdb.com//scripts//Hard-to-Kill.html,html
https://assets.scriptslug.com/live/pdf/scripts/harlem-nights-1989.pdf?v=1729114921,Harlem Nights,,,left_only,Harlem Nights,,,,https://assets.scriptslug.com/live/pdf/scripts/harlem-nights-1989.pdf?v=1729114921,pdf
,,Harold And Kumar Go To White Castle,https://imsdb.com//scripts//Harold-and-Kumar-Go-to-White-Castle.html,right_only,Harold And Kumar Go To White Castle,,,,https://imsdb.com//scripts//Harold-and-Kumar-Go-to-White-Castle.html,html
https://assets.scriptslug.com/live/pdf/scripts/harold-and-maude-1971.pdf?v=1729114921,Harold And Maude,,,left_only,Harold And Maude,,,,https://assets.scriptslug.com/live/pdf/scripts/harold-and-maude-1971.pdf?v=1729114921,pdf
https://assets.scriptslug.com/live/pdf/scripts/harriet-2019.pdf?v=1729114921,Harriet,,,left_only,Harriet,,,,https://assets.scriptslug.com/live/pdf/scripts/harriet-2019.pdf?v=1729114921,pdf
https://assets.scriptslug.com/live/pdf/scripts/harry-potter-and-the-chamber-of-secrets-2002.pdf?v=1729114922,Harry Potter And The Chamber Of Secrets,Harry Potter And The Chamber Of Secrets,https://imsdb.com//scripts//Harry-Potter-and-the-Chamber-of-Secrets.html,both,Harry Potter And The Chamber Of Secrets,Harry Potter and the Chamber of Secrets,"Webstatus : 404
",Harry Potter And The Chamber Of Secrets,https://assets.scriptslug.com/live/pdf/scripts/harry-potter-and-the-chamber-of-secrets-2002.pdf?v=1729114922,pdf
https://assets.scriptslug.com/live/pdf/scripts/harry-potter-and-the-deathly-hallows-part-1-2010.pdf?v=1729114922,Harry Potter And The Deathly Hallows Part 1,Harry Potter And The Deathly Hallows Part 1,https://imsdb.com//scripts//Harry-Potter-and-the-Deathly-Hallows-Part-1.html,both,Harry Potter And The Deathly Hallows Part 1,Harry Potter and the Deathly Hallows Part 1,"Webstatus : 404
",Harry Potter And The Deathly Hallows Part 1,https://assets.scriptslug.com/live/pdf/scripts/harry-potter-and-the-deathly-hallows-part-1-2010.pdf?v=1729114922,pdf
https://assets.scriptslug.com/live/pdf/scripts/harry-potter-and-the-deathly-hollows-part-2-2011.pdf?v=1729114922,Harry Potter And The Deathly Hallows Part 2,,,left_only,Harry Potter And The Deathly Hallows Part 2,,,,https://assets.scriptslug.com/live/pdf/scripts/harry-potter-and-the-deathly-hollows-part-2-2011.pdf?v=1729114922,pdf
https://assets.scriptslug.com/live/pdf/scripts/harry-potter-and-the-goblet-of-fire-2005.pdf?v=1729114922,Harry Potter And The Goblet Of Fire,Harry Potter And The Goblet Of Fire,https://imsdb.com//scripts//Harry-Potter-and-the-Goblet-of-Fire.html,both,Harry Potter And The Goblet Of Fire,Harry Potter and the Goblet of Fire,"Webstatus : 404
",Harry Potter And The Goblet Of Fire,https://assets.scriptslug.com/live/pdf/scripts/harry-potter-and-the-goblet-of-fire-2005.pdf?v=1729114922,pdf
https://assets.scriptslug.com/live/pdf/scripts/harry-potter-and-the-half-blood-prince-2009.pdf?v=1729114922,Harry Potter And The Half Blood Prince,Harry Potter And The Half Blood Prince,https://imsdb.com//scripts//Harry-Potter-and-the-Half-Blood-Prince.html,both,Harry Potter And The Half Blood Prince,Harry Potter and the Half-Blood Prince,"Webstatus : 404
",Harry Potter And The Half Blood Prince,https://assets.scriptslug.com/live/pdf/scripts/harry-potter-and-the-half-blood-prince-2009.pdf?v=1729114922,pdf
https://assets.scriptslug.com/live/pdf/scripts/harry-potter-and-the-order-of-the-phoenix-2007.pdf?v=1729114922,Harry Potter And The Order Of The Phoenix,,,left_only,Harry Potter And The Order Of The Phoenix,,,,https://assets.scriptslug.com/live/pdf/scripts/harry-potter-and-the-order-of-the-phoenix-2007.pdf?v=1729114922,pdf
https://assets.scriptslug.com/live/pdf/scripts/harry-potter-and-the-prisoner-of-azkaban-2004.pdf?v=1729114922,Harry Potter And The Prisoner Of Azkaban,Harry Potter And The Prisoner Of Azkaban,https://imsdb.com//scripts//Harry-Potter-and-the-Prisoner-of-Azkaban.html,both,Harry Potter And The Prisoner Of Azkaban,Harry Potter and the Prisoner of Azkaban,"Webstatus : 404
",Harry Potter And The Prisoner Of Azkaban,https://assets.scriptslug.com/live/pdf/scripts/harry-potter-and-the-prisoner-of-azkaban-2004.pdf?v=1729114922,pdf
https://assets.scriptslug.com/live/pdf/scripts/harry-potter-and-the-sorcerers-stone-2001.pdf?v=1729114922,Harry Potter And The Sorcerers Stone,Harry Potter And The Sorcerers Stone,https://imsdb.com//scripts//Harry-Potter-and-the-Sorcerer's-Stone.html,both,Harry Potter And The Sorcerers Stone,Harry Potter and the Sorcerer's Stone,"Webstatus : 404
",Harry Potter And The Sorcerers Stone,https://assets.scriptslug.com/live/pdf/scripts/harry-potter-and-the-sorcerers-stone-2001.pdf?v=1729114922,pdf
https://assets.scriptslug.com/live/pdf/scripts/heat-1995.pdf?v=1729114922,Heat,Heat,https://imsdb.com//scripts//Heat.html,both,Heat,,,,https://assets.scriptslug.com/live/pdf/scripts/heat-1995.pdf?v=1729114922,pdf
https://assets.scriptslug.com/live/pdf/scripts/heathers-1988.pdf?v=1729114922,Heathers,Heathers,https://imsdb.com//scripts//Heathers.html,both,Heathers,,,,https://assets.scriptslug.com/live/pdf/scripts/heathers-1988.pdf?v=1729114922,pdf
https://assets.scriptslug.com/live/pdf/scripts/heaven-can-wait-1978.pdf?v=1729114923,Heaven Can Wait,,,left_only,Heaven Can Wait,,,,https://assets.scriptslug.com/live/pdf/scripts/heaven-can-wait-1978.pdf?v=1729114923,pdf
,,Heavenly Creatures,https://imsdb.com//scripts//Heavenly-Creatures.html,right_only,Heavenly Creatures,,,,https://imsdb.com//scripts//Heavenly-Creatures.html,html
https://assets.scriptslug.com/live/pdf/scripts/heavy-metal-1981.pdf?v=1729114923,Heavy Metal,Heavy Metal,https://imsdb.com//scripts//Heavy-Metal.html,both,Heavy Metal,,,,https://assets.scriptslug.com/live/pdf/scripts/heavy-metal-1981.pdf?v=1729114923,pdf
https://assets.scriptslug.com/live/pdf/scripts/heavyweights-1995.pdf?v=1729114923,Heavyweights,,,left_only,Heavyweights,,,,https://assets.scriptslug.com/live/pdf/scripts/heavyweights-1995.pdf?v=1729114923,pdf
,,Heist,https://imsdb.com//scripts//Heist.html,right_only,Heist,,,,https://imsdb.com//scripts//Heist.html,html
https://assets.scriptslug.com/live/pdf/scripts/hell-or-high-water-2016.pdf?v=1729114923,Hell Or High Water,,,left_only,Hell Or High Water,,,,https://assets.scriptslug.com/live/pdf/scripts/hell-or-high-water-2016.pdf?v=1729114923,pdf
https://assets.scriptslug.com/live/pdf/scripts/hellbound-hellraiser-ii-1988.pdf?v=1729114923,Hellbound Hellraiser 2,Hellbound Hellraiser 2,https://imsdb.com//scripts//Hellbound-Hellraiser-II.html,both,Hellbound Hellraiser 2,,,,https://assets.scriptslug.com/live/pdf/scripts/hellbound-hellraiser-ii-1988.pdf?v=1729114923,pdf
https://assets.scriptslug.com/live/pdf/scripts/hellboy-2004.pdf?v=1729114923,Hellboy,Hellboy,https://imsdb.com//scripts//Hellboy.html,both,Hellboy,,,,https://assets.scriptslug.com/live/pdf/scripts/hellboy-2004.pdf?v=1729114923,pdf
https://assets.scriptslug.com/live/pdf/scripts/hellboy-2019.pdf?v=1729114923,Hellboy,Hellboy,https://imsdb.com//scripts//Hellboy.html,both,Hellboy,,,,https://assets.scriptslug.com/live/pdf/scripts/hellboy-2019.pdf?v=1729114923,pdf
,,Hellboy 2 The Golden Army,https://imsdb.com//scripts//Hellboy-2-The-Golden-Army.html,right_only,Hellboy 2 The Golden Army,,,,https://imsdb.com//scripts//Hellboy-2-The-Golden-Army.html,html
https://assets.scriptslug.com/live/pdf/scripts/hellraiser-1987.pdf?v=1729114923,Hellraiser,Hellraiser,https://imsdb.com//scripts//Hellraiser.html,both,Hellraiser,,,,https://assets.scriptslug.com/live/pdf/scripts/hellraiser-1987.pdf?v=1729114923,pdf
,,Hellraiser 3 Hell On Earth,https://imsdb.com//scripts//Hellraiser-3-Hell-on-Earth.html,right_only,Hellraiser 3 Hell On Earth,,,,https://imsdb.com//scripts//Hellraiser-3-Hell-on-Earth.html,html
https://assets.scriptslug.com/live/pdf/scripts/hellraiser-deader-2005.pdf?v=1729114923,Hellraiser Deader,Hellraiser Deader,https://imsdb.com//scripts//Hellraiser-Deader.html,both,Hellraiser Deader,,,,https://assets.scriptslug.com/live/pdf/scripts/hellraiser-deader-2005.pdf?v=1729114923,pdf
https://assets.scriptslug.com/live/pdf/scripts/hellraiser-hellseeker-2002.pdf?v=1729114924,Hellraiser Hellseeker,Hellraiser Hellseeker,https://imsdb.com//scripts//Hellraiser-Hellseeker.html,both,Hellraiser Hellseeker,,,,https://assets.scriptslug.com/live/pdf/scripts/hellraiser-hellseeker-2002.pdf?v=1729114924,pdf
,,Henry Fool,https://imsdb.com//scripts//Henry-Fool.html,right_only,Henry Fool,,,,https://imsdb.com//scripts//Henry-Fool.html,html
,,Henrys Crime,https://imsdb.com//scripts//Henry's-Crime.html,right_only,Henrys Crime,,,,https://imsdb.com//scripts//Henry's-Crime.html,html
https://assets.scriptslug.com/live/pdf/scripts/her-2013.pdf?v=1729114924,Her,Her,https://imsdb.com//scripts//Her.html,both,Her,,,,https://assets.scriptslug.com/live/pdf/scripts/her-2013.pdf?v=1729114924,pdf
,,Here Comes Peter Cottontail,https://imsdb.com//scripts//Here-Comes-Peter-Cottontail.html,right_only,Here Comes Peter Cottontail,,,,https://imsdb.com//scripts//Here-Comes-Peter-Cottontail.html,html
https://assets.scriptslug.com/live/pdf/scripts/hereditary-2018.pdf?v=1729114924,Hereditary,,,left_only,Hereditary,,,,https://assets.scriptslug.com/live/pdf/scripts/hereditary-2018.pdf?v=1729114924,pdf
,,Hes Just Not That Into You,https://imsdb.com//scripts//He's-Just-Not-That-Into-You.html,right_only,Hes Just Not That Into You,,,,https://imsdb.com//scripts//He's-Just-Not-That-Into-You.html,html
,,Hesher,https://imsdb.com//scripts//Hesher.html,right_only,Hesher,,,,https://imsdb.com//scripts//Hesher.html,html
https://assets.scriptslug.com/live/pdf/scripts/hidden-figures-2016.pdf?v=1729114924,Hidden Figures,,,left_only,Hidden Figures,,,,https://assets.scriptslug.com/live/pdf/scripts/hidden-figures-2016.pdf?v=1729114924,pdf
https://assets.scriptslug.com/live/pdf/scripts/high-fidelity-2000.pdf?v=1729114924,High Fidelity,High Fidelity,https://imsdb.com//scripts//High-Fidelity.html,both,High Fidelity,,,,https://assets.scriptslug.com/live/pdf/scripts/high-fidelity-2000.pdf?v=1729114924,pdf
https://assets.scriptslug.com/live/pdf/scripts/high-noon-1952.pdf?v=1729114924,High Noon,,,left_only,High Noon,,,,https://assets.scriptslug.com/live/pdf/scripts/high-noon-1952.pdf?v=1729114924,pdf
,,Highlander,https://imsdb.com//scripts//Highlander.html,right_only,Highlander,,,,https://imsdb.com//scripts//Highlander.html,html
https://assets.scriptslug.com/live/pdf/scripts/highlander-ii-the-quickening-1991.pdf?v=1729114924,Highlander 2 The Quickening,,,left_only,Highlander 2 The Quickening,,,,https://assets.scriptslug.com/live/pdf/scripts/highlander-ii-the-quickening-1991.pdf?v=1729114924,pdf
,,Highlander Endgame,https://imsdb.com//scripts//Highlander-Endgame.html,right_only,Highlander Endgame,,,,https://imsdb.com//scripts//Highlander-Endgame.html,html
,,His Girl Friday,https://imsdb.com//scripts//His-Girl-Friday.html,right_only,His Girl Friday,,,,https://imsdb.com//scripts//His-Girl-Friday.html,html
https://assets.scriptslug.com/live/pdf/scripts/hitchcock-2012.pdf?v=1729114924,Hitchcock,Hitchcock,https://imsdb.com//scripts//Hitchcock.html,both,Hitchcock,,,,https://assets.scriptslug.com/live/pdf/scripts/hitchcock-2012.pdf?v=1729114924,pdf
https://assets.scriptslug.com/live/pdf/scripts/hocus-pocus-1993.pdf?v=1729114924,Hocus Pocus,,,left_only,Hocus Pocus,,,,https://assets.scriptslug.com/live/pdf/scripts/hocus-pocus-1993.pdf?v=1729114924,pdf
https://assets.scriptslug.com/live/pdf/scripts/hold-the-dark-2018.pdf?v=1729114925,Hold The Dark,,,left_only,Hold The Dark,,,,https://assets.scriptslug.com/live/pdf/scripts/hold-the-dark-2018.pdf?v=1729114925,pdf
https://assets.scriptslug.com/live/pdf/scripts/hollow-man-2000.pdf?v=1729114925,Hollow Man,Hollow Man,https://imsdb.com//scripts//Hollow-Man.html,both,Hollow Man,,,,https://assets.scriptslug.com/live/pdf/scripts/hollow-man-2000.pdf?v=1729114925,pdf
https://assets.scriptslug.com/live/pdf/scripts/home-alone-1990.pdf?v=1729114925,Home Alone,,,left_only,Home Alone,,,,https://assets.scriptslug.com/live/pdf/scripts/home-alone-1990.pdf?v=1729114925,pdf
https://assets.scriptslug.com/live/pdf/scripts/home-alone-2-lost-in-new-york-1992.pdf?v=1729114925,Home Alone 2 Lost In New York,,,left_only,Home Alone 2 Lost In New York,,,,https://assets.scriptslug.com/live/pdf/scripts/home-alone-2-lost-in-new-york-1992.pdf?v=1729114925,pdf
https://assets.scriptslug.com/live/pdf/scripts/honey-boy-2019.pdf?v=1729114925,Honey Boy,,,left_only,Honey Boy,,,,https://assets.scriptslug.com/live/pdf/scripts/honey-boy-2019.pdf?v=1729114925,pdf
https://assets.scriptslug.com/live/pdf/scripts/honey-i-blew-up-the-kid-1992.pdf?v=1729114925,Honey I Blew Up The Kid,,,left_only,Honey I Blew Up The Kid,,,,https://assets.scriptslug.com/live/pdf/scripts/honey-i-blew-up-the-kid-1992.pdf?v=1729114925,pdf
https://assets.scriptslug.com/live/pdf/scripts/honey-i-shrunk-the-kids-1989.pdf?v=1729114925,Honey I Shrunk The Kids,,,left_only,Honey I Shrunk The Kids,,,,https://assets.scriptslug.com/live/pdf/scripts/honey-i-shrunk-the-kids-1989.pdf?v=1729114925,pdf
,,Honeydripper,https://imsdb.com//scripts//Honeydripper.html,right_only,Honeydripper,,,,https://imsdb.com//scripts//Honeydripper.html,html
https://assets.scriptslug.com/live/pdf/scripts/horrible-bosses-2011.pdf?v=1729114926,Horrible Bosses,Horrible Bosses,https://imsdb.com//scripts//Horrible-Bosses.html,both,Horrible Bosses,,,,https://assets.scriptslug.com/live/pdf/scripts/horrible-bosses-2011.pdf?v=1729114926,pdf
https://assets.scriptslug.com/live/pdf/scripts/horrible-bosses-2-2014.pdf?v=1729114925,Horrible Bosses 2,,,left_only,Horrible Bosses 2,,,,https://assets.scriptslug.com/live/pdf/scripts/horrible-bosses-2-2014.pdf?v=1729114925,pdf
,,Hostage,https://imsdb.com//scripts//Hostage.html,right_only,Hostage,,,,https://imsdb.com//scripts//Hostage.html,html
https://assets.scriptslug.com/live/pdf/scripts/hostel-2005.pdf?v=1729114926,Hostel,,,left_only,Hostel,,,,https://assets.scriptslug.com/live/pdf/scripts/hostel-2005.pdf?v=1729114926,pdf
https://assets.scriptslug.com/live/pdf/scripts/hot-fuzz-2007.pdf?v=1729114926,Hot Fuzz,,,left_only,Hot Fuzz,,,,https://assets.scriptslug.com/live/pdf/scripts/hot-fuzz-2007.pdf?v=1729114926,pdf
,,Hot Tub Time Machine,https://imsdb.com//scripts//Hot-Tub-Time-Machine.html,right_only,Hot Tub Time Machine,,,,https://imsdb.com//scripts//Hot-Tub-Time-Machine.html,html
,,Hotel Rwanda,https://imsdb.com//scripts//Hotel-Rwanda.html,right_only,Hotel Rwanda,,,,https://imsdb.com//scripts//Hotel-Rwanda.html,html
,,House Of 1000 Corpses,https://imsdb.com//scripts//House-of-1000-Corpses.html,right_only,House Of 1000 Corpses,,,,https://imsdb.com//scripts//House-of-1000-Corpses.html,html
https://assets.scriptslug.com/live/pdf/scripts/house-of-gucci.2021.pdf?v=1729114926,House Of Gucci,,,left_only,House Of Gucci,,,,https://assets.scriptslug.com/live/pdf/scripts/house-of-gucci.2021.pdf?v=1729114926,pdf
https://assets.scriptslug.com/live/pdf/scripts/house-party-1990.pdf?v=1729114926,House Party,,,left_only,House Party,,,,https://assets.scriptslug.com/live/pdf/scripts/house-party-1990.pdf?v=1729114926,pdf
https://assets.scriptslug.com/live/pdf/scripts/how-the-grinch-stole-christmas-2000.pdf?v=1729114926,How The Grinch Stole Christmas,,,left_only,How The Grinch Stole Christmas,,,,https://assets.scriptslug.com/live/pdf/scripts/how-the-grinch-stole-christmas-2000.pdf?v=1729114926,pdf
https://assets.scriptslug.com/live/pdf/scripts/how-to-build-a-girl-2020.pdf?v=1729114926,How To Build A Girl,,,left_only,How To Build A Girl,,,,https://assets.scriptslug.com/live/pdf/scripts/how-to-build-a-girl-2020.pdf?v=1729114926,pdf
https://assets.scriptslug.com/live/pdf/scripts/how-to-train-your-dragon-2010.pdf?v=1729114927,How To Train Your Dragon,How To Train Your Dragon,https://imsdb.com//scripts//How-to-Train-Your-Dragon.html,both,How To Train Your Dragon,,,,https://assets.scriptslug.com/live/pdf/scripts/how-to-train-your-dragon-2010.pdf?v=1729114927,pdf
https://assets.scriptslug.com/live/pdf/scripts/how-to-train-your-dragon-2-2014.pdf?v=1729114927,How To Train Your Dragon 2,How To Train Your Dragon 2,https://imsdb.com//scripts//How-to-Train-Your-Dragon-2.html,both,How To Train Your Dragon 2,,,,https://assets.scriptslug.com/live/pdf/scripts/how-to-train-your-dragon-2-2014.pdf?v=1729114927,pdf
https://assets.scriptslug.com/live/pdf/scripts/how-to-train-your-dragon-the-hidden-world-2019.pdf?v=1729114927,How To Train Your Dragon The Hidden World,,,left_only,How To Train Your Dragon The Hidden World,,,,https://assets.scriptslug.com/live/pdf/scripts/how-to-train-your-dragon-the-hidden-world-2019.pdf?v=1729114927,pdf
https://assets.scriptslug.com/live/pdf/scripts/howard-the-duck-1986.pdf?v=1729114927,Howard The Duck,,,left_only,Howard The Duck,,,,https://assets.scriptslug.com/live/pdf/scripts/howard-the-duck-1986.pdf?v=1729114927,pdf
,,Hudson Hawk,https://imsdb.com//scripts//Hudson-Hawk.html,right_only,Hudson Hawk,,,,https://imsdb.com//scripts//Hudson-Hawk.html,html
https://assets.scriptslug.com/live/pdf/scripts/hugo-2011.pdf?v=1729114927,Hugo,,,left_only,Hugo,,,,https://assets.scriptslug.com/live/pdf/scripts/hugo-2011.pdf?v=1729114927,pdf
,,Human Nature,https://imsdb.com//scripts//Human-Nature.html,right_only,Human Nature,,,,https://imsdb.com//scripts//Human-Nature.html,html
https://assets.scriptslug.com/live/pdf/scripts/hustle-and-flow-2005.pdf?v=1729114927,Hustle & Flow,,,left_only,Hustle & Flow,,,,https://assets.scriptslug.com/live/pdf/scripts/hustle-and-flow-2005.pdf?v=1729114927,pdf
https://assets.scriptslug.com/live/pdf/scripts/hustlers-2019.pdf?v=1729114927,Hustlers,,,left_only,Hustlers,,,,https://assets.scriptslug.com/live/pdf/scripts/hustlers-2019.pdf?v=1729114927,pdf
,,I Am Number Four,https://imsdb.com//scripts//I-Am-Number-Four.html,right_only,I Am Number Four,,,,https://imsdb.com//scripts//I-Am-Number-Four.html,html
,,I Am Sam,https://imsdb.com//scripts//I-am-Sam.html,right_only,I Am Sam,,,,https://imsdb.com//scripts//I-am-Sam.html,html
https://assets.scriptslug.com/live/pdf/scripts/i-dont-feel-at-home-in-this-world-anymore-2017.pdf?v=1729114927,I Dont Feel At Home In This World Anymore,,,left_only,I Dont Feel At Home In This World Anymore,,,,https://assets.scriptslug.com/live/pdf/scripts/i-dont-feel-at-home-in-this-world-anymore-2017.pdf?v=1729114927,pdf
https://assets.scriptslug.com/live/pdf/scripts/i-love-you-man-2009.pdf?v=1729114927,I Love You Man,,,left_only,I Love You Man,,,,https://assets.scriptslug.com/live/pdf/scripts/i-love-you-man-2009.pdf?v=1729114927,pdf
,,I Love You Phillip Morris,https://imsdb.com//scripts//I-Love-You-Phillip-Morris.html,right_only,I Love You Phillip Morris,,,,https://imsdb.com//scripts//I-Love-You-Phillip-Morris.html,html
,,I Robot,"https://imsdb.com//scripts//I,-Robot.html",right_only,I Robot,,,,"https://imsdb.com//scripts//I,-Robot.html",html
https://assets.scriptslug.com/live/pdf/scripts/i-saw-the-light-2016.pdf?v=1729114928,I Saw The Light,,,left_only,I Saw The Light,,,,https://assets.scriptslug.com/live/pdf/scripts/i-saw-the-light-2016.pdf?v=1729114928,pdf
,,I Spit On Your Grave,https://imsdb.com//scripts//I-Spit-on-Your-Grave.html,right_only,I Spit On Your Grave,,,,https://imsdb.com//scripts//I-Spit-on-Your-Grave.html,html
,,I Still Know What You Did Last Summer,https://imsdb.com//scripts//I-Still-Know-What-You-Did-Last-Summer.html,right_only,I Still Know What You Did Last Summer,,,,https://imsdb.com//scripts//I-Still-Know-What-You-Did-Last-Summer.html,html
https://assets.scriptslug.com/live/pdf/scripts/i-think-were-alone-now-2018.pdf?v=1729114928,I Think Were Alone Now,,,left_only,I Think Were Alone Now,,,,https://assets.scriptslug.com/live/pdf/scripts/i-think-were-alone-now-2018.pdf?v=1729114928,pdf
https://assets.scriptslug.com/live/pdf/scripts/i-tonya-2017.pdf?v=1729114928,I Tonya,,,left_only,I Tonya,,,,https://assets.scriptslug.com/live/pdf/scripts/i-tonya-2017.pdf?v=1729114928,pdf
https://assets.scriptslug.com/live/pdf/scripts/identity-2003.pdf?v=1729114928,Identity,,,left_only,Identity,,,,https://assets.scriptslug.com/live/pdf/scripts/identity-2003.pdf?v=1729114928,pdf
https://assets.scriptslug.com/live/pdf/scripts/if-beale-street-could-talk-2018.pdf?v=1729114928,If Beale Street Could Talk,,,left_only,If Beale Street Could Talk,,,,https://assets.scriptslug.com/live/pdf/scripts/if-beale-street-could-talk-2018.pdf?v=1729114928,pdf
,,Ill Do Anything,https://imsdb.com//scripts//I'll-Do-Anything.html,right_only,Ill Do Anything,,,,https://imsdb.com//scripts//I'll-Do-Anything.html,html
https://assets.scriptslug.com/live/pdf/scripts/im-thinking-of-ending-things-2020.pdf?v=1729114928,Im Thinking Of Ending Things,,,left_only,Im Thinking Of Ending Things,,,,https://assets.scriptslug.com/live/pdf/scripts/im-thinking-of-ending-things-2020.pdf?v=1729114928,pdf
https://assets.scriptslug.com/live/pdf/scripts/in-bruges-2008.pdf?v=1729114928,In Bruges,,,left_only,In Bruges,,,,https://assets.scriptslug.com/live/pdf/scripts/in-bruges-2008.pdf?v=1729114928,pdf
https://assets.scriptslug.com/live/pdf/scripts/inf-fabric-2018.pdf?v=1729114929,In Fabric,,,left_only,In Fabric,,,,https://assets.scriptslug.com/live/pdf/scripts/inf-fabric-2018.pdf?v=1729114929,pdf
,,In The Bedroom,https://imsdb.com//scripts//In-the-Bedroom.html,right_only,In The Bedroom,,,,https://imsdb.com//scripts//In-the-Bedroom.html,html
,,In The Loop,https://imsdb.com//scripts//In-the-Loop.html,right_only,In The Loop,,,,https://imsdb.com//scripts//In-the-Loop.html,html
https://assets.scriptslug.com/live/pdf/scripts/in-the-tall-grass-2019.pdf?v=1729114929,In The Tall Grass,,,left_only,In The Tall Grass,,,,https://assets.scriptslug.com/live/pdf/scripts/in-the-tall-grass-2019.pdf?v=1729114929,pdf
https://assets.scriptslug.com/live/pdf/scripts/inception-2010.pdf?v=1729114929,Inception,Inception,https://imsdb.com//scripts//Inception.html,both,Inception,,,,https://assets.scriptslug.com/live/pdf/scripts/inception-2010.pdf?v=1729114929,pdf
https://assets.scriptslug.com/live/pdf/scripts/indecent-proposal-1993.pdf?v=1729114929,Indecent Proposal,,,left_only,Indecent Proposal,,,,https://assets.scriptslug.com/live/pdf/scripts/indecent-proposal-1993.pdf?v=1729114929,pdf
https://assets.scriptslug.com/live/pdf/scripts/independence-day-1996.pdf?v=1729114929,Independence Day,Independence Day,https://imsdb.com//scripts//Independence-Day.html,both,Independence Day,,,,https://assets.scriptslug.com/live/pdf/scripts/independence-day-1996.pdf?v=1729114929,pdf
,,Indiana Jones 4,https://imsdb.com//scripts//Indiana-Jones-IV.html,right_only,Indiana Jones 4,,,,https://imsdb.com//scripts//Indiana-Jones-IV.html,html
https://assets.scriptslug.com/live/pdf/scripts/indiana-jones-and-the-kingdom-of-the-crystal-skull-2008.pdf?v=1729114929,Indiana Jones And The Kingdom Of The Crystal Skull,,,left_only,Indiana Jones And The Kingdom Of The Crystal Skull,,,,https://assets.scriptslug.com/live/pdf/scripts/indiana-jones-and-the-kingdom-of-the-crystal-skull-2008.pdf?v=1729114929,pdf
https://assets.scriptslug.com/live/pdf/scripts/indiana-jones-and-the-last-crusade-1989.pdf?v=1729114929,Indiana Jones And The Last Crusade,Indiana Jones And The Last Crusade,https://imsdb.com//scripts//Indiana-Jones-and-the-Last-Crusade.html,both,Indiana Jones And The Last Crusade,,,,https://assets.scriptslug.com/live/pdf/scripts/indiana-jones-and-the-last-crusade-1989.pdf?v=1729114929,pdf
,,Indiana Jones And The Raiders Of The Lost Ark,https://imsdb.com//scripts//Indiana-Jones-and-the-Raiders-of-the-Lost-Ark.html,right_only,Indiana Jones And The Raiders Of The Lost Ark,,,,https://imsdb.com//scripts//Indiana-Jones-and-the-Raiders-of-the-Lost-Ark.html,html
https://assets.scriptslug.com/live/pdf/scripts/indiana-jones-and-the-temple-of-doom-1984.pdf?v=1729114929,Indiana Jones And The Temple Of Doom,Indiana Jones And The Temple Of Doom,https://imsdb.com//scripts//Indiana-Jones-and-the-Temple-of-Doom.html,both,Indiana Jones And The Temple Of Doom,,,,https://assets.scriptslug.com/live/pdf/scripts/indiana-jones-and-the-temple-of-doom-1984.pdf?v=1729114929,pdf
https://assets.scriptslug.com/live/pdf/scripts/infinitely-polar-bear-2014.pdf?v=1729114929,Infinitely Polar Bear,,,left_only,Infinitely Polar Bear,,,,https://assets.scriptslug.com/live/pdf/scripts/infinitely-polar-bear-2014.pdf?v=1729114929,pdf
https://assets.scriptslug.com/live/pdf/scripts/inglourious-bastards-2009.pdf?v=1729114930,Inglourious Basterds,Inglourious Basterds,https://imsdb.com//scripts//Inglourious-Basterds.html,both,Inglourious Basterds,,,,https://assets.scriptslug.com/live/pdf/scripts/inglourious-bastards-2009.pdf?v=1729114930,pdf
https://assets.scriptslug.com/live/pdf/scripts/ingrid-goes-west-2017.pdf?v=1729114930,Ingrid Goes West,,,left_only,Ingrid Goes West,,,,https://assets.scriptslug.com/live/pdf/scripts/ingrid-goes-west-2017.pdf?v=1729114930,pdf
https://assets.scriptslug.com/live/pdf/scripts/inherent-vice-2014.pdf?v=1729114930,Inherent Vice,,,left_only,Inherent Vice,,,,https://assets.scriptslug.com/live/pdf/scripts/inherent-vice-2014.pdf?v=1729114930,pdf
https://assets.scriptslug.com/live/pdf/scripts/initiation-2016.pdf?v=1729114930,Initiation,Initiation,https://imsdb.com//scripts//Initiation.html,both,Initiation,,,,https://assets.scriptslug.com/live/pdf/scripts/initiation-2016.pdf?v=1729114930,pdf
https://assets.scriptslug.com/live/pdf/scripts/innerspace-1987.pdf?v=1729114930,Innerspace,Innerspace,https://imsdb.com//scripts//Innerspace.html,both,Innerspace,Innerspace,"Webstatus : 404
",Innerspace,https://assets.scriptslug.com/live/pdf/scripts/innerspace-1987.pdf?v=1729114930,pdf
https://assets.scriptslug.com/live/pdf/scripts/inside-llewyn-davis-2013.pdf?v=1729114930,Inside Llewyn Davis,,,left_only,Inside Llewyn Davis,,,,https://assets.scriptslug.com/live/pdf/scripts/inside-llewyn-davis-2013.pdf?v=1729114930,pdf
https://assets.scriptslug.com/live/pdf/scripts/inside-out-2015.pdf?v=1729114930,Inside Out,,,left_only,Inside Out,,,,https://assets.scriptslug.com/live/pdf/scripts/inside-out-2015.pdf?v=1729114930,pdf
https://assets.scriptslug.com/live/pdf/scripts/Insidious-2010.pdf?v=1729114850,Insidious,Insidious,https://imsdb.com//scripts//Insidious.html,both,Insidious,,,,https://assets.scriptslug.com/live/pdf/scripts/Insidious-2010.pdf?v=1729114850,pdf
https://assets.scriptslug.com/live/pdf/scripts/insidious-chapter-2-2013.pdf?v=1729114930,Insidious Chapter 2,,,left_only,Insidious Chapter 2,,,,https://assets.scriptslug.com/live/pdf/scripts/insidious-chapter-2-2013.pdf?v=1729114930,pdf
https://assets.scriptslug.com/live/pdf/scripts/insomnia-2002.pdf?v=1729114931,Insomnia,Insomnia,https://imsdb.com//scripts//Insomnia.html,both,Insomnia,,,,https://assets.scriptslug.com/live/pdf/scripts/insomnia-2002.pdf?v=1729114931,pdf
https://assets.scriptslug.com/live/pdf/scripts/inspector-gadget-1999.pdf?v=1729114931,Inspector Gadget,,,left_only,Inspector Gadget,,,,https://assets.scriptslug.com/live/pdf/scripts/inspector-gadget-1999.pdf?v=1729114931,pdf
https://assets.scriptslug.com/live/pdf/scripts/interstellar-2014.pdf?v=1729114931,Interstellar,Interstellar,https://imsdb.com//scripts//Interstellar.html,both,Interstellar,,,,https://assets.scriptslug.com/live/pdf/scripts/interstellar-2014.pdf?v=1729114931,pdf
https://assets.scriptslug.com/live/pdf/scripts/interview-with-the-vampire-1994.pdf?v=1729114931,Interview With The Vampire,Interview With The Vampire,https://imsdb.com//scripts//Interview-with-the-Vampire.html,both,Interview With The Vampire,,,,https://assets.scriptslug.com/live/pdf/scripts/interview-with-the-vampire-1994.pdf?v=1729114931,pdf
,,Into The Wild,https://imsdb.com//scripts//Into-the-Wild.html,right_only,Into The Wild,,,,https://imsdb.com//scripts//Into-the-Wild.html,html
https://assets.scriptslug.com/live/pdf/scripts/into-the-woods-2014.pdf?v=1729114931,Into The Woods,Into The Woods,https://imsdb.com//scripts//Into-the-Woods.html,both,Into The Woods,,,,https://assets.scriptslug.com/live/pdf/scripts/into-the-woods-2014.pdf?v=1729114931,pdf
,,Intolerable Cruelty,https://imsdb.com//scripts//Intolerable-Cruelty.html,right_only,Intolerable Cruelty,,,,https://imsdb.com//scripts//Intolerable-Cruelty.html,html
https://assets.scriptslug.com/live/pdf/scripts/invasion-of-the-body-snatchers-1978.pdf?v=1729114931,Invasion Of The Body Snatchers,,,left_only,Invasion Of The Body Snatchers,,,,https://assets.scriptslug.com/live/pdf/scripts/invasion-of-the-body-snatchers-1978.pdf?v=1729114931,pdf
,,Inventing The Abbotts,https://imsdb.com//scripts//Inventing-the-Abbotts.html,right_only,Inventing The Abbotts,,,,https://imsdb.com//scripts//Inventing-the-Abbotts.html,html
,,Invictus,https://imsdb.com//scripts//Invictus.html,right_only,Invictus,,,,https://imsdb.com//scripts//Invictus.html,html
https://assets.scriptslug.com/live/pdf/scripts/iron-man-2008.pdf?v=1729114931,Iron Man,,,left_only,Iron Man,,,,https://assets.scriptslug.com/live/pdf/scripts/iron-man-2008.pdf?v=1729114931,pdf
https://assets.scriptslug.com/live/pdf/scripts/isle-of-dogs-2018.pdf?v=1729114931,Isle Of Dogs,,,left_only,Isle Of Dogs,,,,https://assets.scriptslug.com/live/pdf/scripts/isle-of-dogs-2018.pdf?v=1729114931,pdf
https://assets.scriptslug.com/live/pdf/scripts/it-2017.pdf?v=1729114931,It,It,https://imsdb.com//scripts//It.html,both,It,,,,https://assets.scriptslug.com/live/pdf/scripts/it-2017.pdf?v=1729114931,pdf
https://assets.scriptslug.com/live/pdf/scripts/it-follows-2015.pdf?v=1729114932,It Follows,,,left_only,It Follows,,,,https://assets.scriptslug.com/live/pdf/scripts/it-follows-2015.pdf?v=1729114932,pdf
,,It Happened One Night,https://imsdb.com//scripts//It-Happened-One-Night.html,right_only,It Happened One Night,,,,https://imsdb.com//scripts//It-Happened-One-Night.html,html
,,It Happened One Night,https://imsdb.com//scripts//It-Happened-One-Night.html,right_only,It Happened One Night,,,,https://imsdb.com//scripts//It-Happened-One-Night.html,html
https://assets.scriptslug.com/live/pdf/scripts/its-a-wonderful-life-1946.pdf?v=1729114932,Its A Wonderful Life,Its A Wonderful Life,https://imsdb.com//scripts//It's-a-Wonderful-Life.html,both,Its A Wonderful Life,,,,https://assets.scriptslug.com/live/pdf/scripts/its-a-wonderful-life-1946.pdf?v=1729114932,pdf
https://assets.scriptslug.com/live/pdf/scripts/its-complicated-2009.pdf?v=1729114932,Its Complicated,Its Complicated,https://imsdb.com//scripts//It's-Complicated.html,both,Its Complicated,,,,https://assets.scriptslug.com/live/pdf/scripts/its-complicated-2009.pdf?v=1729114932,pdf
https://assets.scriptslug.com/live/pdf/scripts/its-kind-of-a-funny-story-2010.pdf?v=1729114932,Its Kind Of A Funny Story,,,left_only,Its Kind Of A Funny Story,,,,https://assets.scriptslug.com/live/pdf/scripts/its-kind-of-a-funny-story-2010.pdf?v=1729114932,pdf
https://assets.scriptslug.com/live/pdf/scripts/jack-reacher-2012.pdf?v=1729114932,Jack Reacher,,,left_only,Jack Reacher,,,,https://assets.scriptslug.com/live/pdf/scripts/jack-reacher-2012.pdf?v=1729114932,pdf
https://assets.scriptslug.com/live/pdf/scripts/jackie-2016.pdf?v=1729114932,Jackie,,,left_only,Jackie,,,,https://assets.scriptslug.com/live/pdf/scripts/jackie-2016.pdf?v=1729114932,pdf
https://assets.scriptslug.com/live/pdf/scripts/jackie-brown-1997.pdf?v=1729114932,Jackie Brown,Jackie Brown,https://imsdb.com//scripts//Jackie-Brown.html,both,Jackie Brown,,,,https://assets.scriptslug.com/live/pdf/scripts/jackie-brown-1997.pdf?v=1729114932,pdf
https://assets.scriptslug.com/live/pdf/scripts/jacobs-ladder-1990.pdf?v=1729114932,Jacobs Ladder,Jacobs Ladder,https://imsdb.com//scripts//Jacob's-Ladder.html,both,Jacobs Ladder,,,,https://assets.scriptslug.com/live/pdf/scripts/jacobs-ladder-1990.pdf?v=1729114932,pdf
https://assets.scriptslug.com/live/pdf/scripts/jagged-edge-1985.pdf?v=1729114933,Jagged Edge,,,left_only,Jagged Edge,,,,https://assets.scriptslug.com/live/pdf/scripts/jagged-edge-1985.pdf?v=1729114933,pdf
https://assets.scriptslug.com/live/pdf/scripts/jane-eyre-2011.pdf?v=1729114933,Jane Eyre,Jane Eyre,https://imsdb.com//scripts//Jane-Eyre.html,both,Jane Eyre,,,,https://assets.scriptslug.com/live/pdf/scripts/jane-eyre-2011.pdf?v=1729114933,pdf
https://assets.scriptslug.com/live/pdf/scripts/jarhead-2005.pdf?v=1729114933,Jarhead,,,left_only,Jarhead,,,,https://assets.scriptslug.com/live/pdf/scripts/jarhead-2005.pdf?v=1729114933,pdf
https://assets.scriptslug.com/live/pdf/scripts/jason-goes-to-hell-the-final-friday1993.pdf?v=1729114933,Jason Goes To Hell The Final Friday,,,left_only,Jason Goes To Hell The Final Friday,,,,https://assets.scriptslug.com/live/pdf/scripts/jason-goes-to-hell-the-final-friday1993.pdf?v=1729114933,pdf
,,Jason X,https://imsdb.com//scripts//Jason-X.html,right_only,Jason X,,,,https://imsdb.com//scripts//Jason-X.html,html
https://assets.scriptslug.com/live/pdf/scripts/jaws-1975.pdf?v=1729114933,Jaws,Jaws,https://imsdb.com//scripts//Jaws.html,both,Jaws,,,,https://assets.scriptslug.com/live/pdf/scripts/jaws-1975.pdf?v=1729114933,pdf
https://assets.scriptslug.com/live/pdf/scripts/jaws-2-1978.pdf?v=1729114933,Jaws 2,Jaws 2,https://imsdb.com//scripts//Jaws-2.html,both,Jaws 2,,,,https://assets.scriptslug.com/live/pdf/scripts/jaws-2-1978.pdf?v=1729114933,pdf
,,Jay And Silent Bob Strike Back,https://imsdb.com//scripts//Jay-and-Silent-Bob-Strike-Back.html,right_only,Jay And Silent Bob Strike Back,,,,https://imsdb.com//scripts//Jay-and-Silent-Bob-Strike-Back.html,html
,,Jennifer Eight,https://imsdb.com//scripts//Jennifer-Eight.html,right_only,Jennifer Eight,,,,https://imsdb.com//scripts//Jennifer-Eight.html,html
https://assets.scriptslug.com/live/pdf/scripts/jennifers-body-2009.pdf?v=1729114933,Jennifers Body,Jennifers Body,https://imsdb.com//scripts//Jennifer's-Body.html,both,Jennifers Body,,,,https://assets.scriptslug.com/live/pdf/scripts/jennifers-body-2009.pdf?v=1729114933,pdf
https://assets.scriptslug.com/live/pdf/scripts/jerry-maguire-1996.pdf?v=1729114933,Jerry Maguire,Jerry Maguire,https://imsdb.com//scripts//Jerry-Maguire.html,both,Jerry Maguire,,,,https://assets.scriptslug.com/live/pdf/scripts/jerry-maguire-1996.pdf?v=1729114933,pdf
,,Jeux Interdits,https://imsdb.com//scripts//Jeux-Interdits.html,right_only,Jeux Interdits,,,,https://imsdb.com//scripts//Jeux-Interdits.html,html
https://assets.scriptslug.com/live/pdf/scripts/jfk-1991.pdf?v=1729114933,Jfk,Jfk,https://imsdb.com//scripts//JFK.html,both,Jfk,,,,https://assets.scriptslug.com/live/pdf/scripts/jfk-1991.pdf?v=1729114933,pdf
,,Jimmy And Judy,https://imsdb.com//scripts//Jimmy-and-Judy.html,right_only,Jimmy And Judy,,,,https://imsdb.com//scripts//Jimmy-and-Judy.html,html
https://assets.scriptslug.com/live/pdf/scripts/jingle-all-the-way-1996.pdf?v=1729114933,Jingle All The Way,,,left_only,Jingle All The Way,,,,https://assets.scriptslug.com/live/pdf/scripts/jingle-all-the-way-1996.pdf?v=1729114933,pdf
https://assets.scriptslug.com/live/pdf/scripts/jo-jo-dancer-your-life-is-calling-1986.pdf?v=1729114934,Jo Jo Dancer Your Life Is Calling,,,left_only,Jo Jo Dancer Your Life Is Calling,,,,https://assets.scriptslug.com/live/pdf/scripts/jo-jo-dancer-your-life-is-calling-1986.pdf?v=1729114934,pdf
https://assets.scriptslug.com/live/pdf/scripts/jockey-2021.pdf?v=1729114934,Jockey,,,left_only,Jockey,,,,https://assets.scriptslug.com/live/pdf/scripts/jockey-2021.pdf?v=1729114934,pdf
,,John Q,https://imsdb.com//scripts//John-Q.html,right_only,John Q,,,,https://imsdb.com//scripts//John-Q.html,html
https://assets.scriptslug.com/live/pdf/scripts/john-wick-2015.pdf?v=1729114934,John Wick,John Wick,https://imsdb.com//scripts//John-Wick.html,both,John Wick,,,,https://assets.scriptslug.com/live/pdf/scripts/john-wick-2015.pdf?v=1729114934,pdf
https://assets.scriptslug.com/live/pdf/scripts/john-wick-chapter-4-2023.pdf?v=1729114934,John Wick Chapter 4,John Wick Chapter 4,https://imsdb.com//scripts//John-Wick-Chapter-4.html,both,John Wick Chapter 4,,,,https://assets.scriptslug.com/live/pdf/scripts/john-wick-chapter-4-2023.pdf?v=1729114934,pdf
https://assets.scriptslug.com/live/pdf/scripts/jojo-rabbit-2019.pdf?v=1729114934,Jojo Rabbit,Jojo Rabbit,https://imsdb.com//scripts//Jojo-Rabbit.html,both,Jojo Rabbit,,,,https://assets.scriptslug.com/live/pdf/scripts/jojo-rabbit-2019.pdf?v=1729114934,pdf
https://assets.scriptslug.com/live/pdf/scripts/joker-2019.pdf?v=1729114934,Joker,Joker,https://imsdb.com//scripts//Joker.html,both,Joker,,,,https://assets.scriptslug.com/live/pdf/scripts/joker-2019.pdf?v=1729114934,pdf
https://assets.scriptslug.com/live/pdf/scripts/joy-2015.pdf?v=1729114934,Joy,,,left_only,Joy,,,,https://assets.scriptslug.com/live/pdf/scripts/joy-2015.pdf?v=1729114934,pdf
https://assets.scriptslug.com/live/pdf/scripts/judas-and-the-black-messiah-2021.pdf?v=1729114934,Judas And The Black Messiah,,,left_only,Judas And The Black Messiah,,,,https://assets.scriptslug.com/live/pdf/scripts/judas-and-the-black-messiah-2021.pdf?v=1729114934,pdf
,,Judge Dredd,https://imsdb.com//scripts//Judge-Dredd.html,right_only,Judge Dredd,,,,https://imsdb.com//scripts//Judge-Dredd.html,html
https://assets.scriptslug.com/live/pdf/scripts/jules-2023.pdf?v=1729114934,Jules,,,left_only,Jules,,,,https://assets.scriptslug.com/live/pdf/scripts/jules-2023.pdf?v=1729114934,pdf
https://assets.scriptslug.com/live/pdf/scripts/julia-1977.pdf?v=1729114934,Julia,,,left_only,Julia,,,,https://assets.scriptslug.com/live/pdf/scripts/julia-1977.pdf?v=1729114934,pdf
https://assets.scriptslug.com/live/pdf/scripts/julieta-2016.pdf?v=1729114935,Julieta,,,left_only,Julieta,,,,https://assets.scriptslug.com/live/pdf/scripts/julieta-2016.pdf?v=1729114935,pdf
https://assets.scriptslug.com/live/pdf/scripts/jumanji-1995.pdf?v=1729114935,Jumanji,,,left_only,Jumanji,,,,https://assets.scriptslug.com/live/pdf/scripts/jumanji-1995.pdf?v=1729114935,pdf
https://assets.scriptslug.com/live/pdf/scripts/juno-2007.pdf?v=1729114935,Juno,Juno,https://imsdb.com//scripts//Juno.html,both,Juno,,,,https://assets.scriptslug.com/live/pdf/scripts/juno-2007.pdf?v=1729114935,pdf
https://assets.scriptslug.com/live/pdf/scripts/jurassic-park-1993.pdf?v=1729114935,Jurassic Park,Jurassic Park,https://imsdb.com//scripts//Jurassic-Park.html,both,Jurassic Park,,,,https://assets.scriptslug.com/live/pdf/scripts/jurassic-park-1993.pdf?v=1729114935,pdf
,,Jurassic Park 3,https://imsdb.com//scripts//Jurassic-Park-III.html,right_only,Jurassic Park 3,,,,https://imsdb.com//scripts//Jurassic-Park-III.html,html
,,Jurassic Park The Lost World,https://imsdb.com//scripts//Jurassic-Park-The-Lost-World.html,right_only,Jurassic Park The Lost World,,,,https://imsdb.com//scripts//Jurassic-Park-The-Lost-World.html,html
https://assets.scriptslug.com/live/pdf/scripts/just-mercy-2019.pdf?v=1729114935,Just Mercy,,,left_only,Just Mercy,,,,https://assets.scriptslug.com/live/pdf/scripts/just-mercy-2019.pdf?v=1729114935,pdf
https://assets.scriptslug.com/live/pdf/scripts/k-pax-2001.pdf?v=1729114935,K Pax,,,left_only,K Pax,,,,https://assets.scriptslug.com/live/pdf/scripts/k-pax-2001.pdf?v=1729114935,pdf
,,Kafka,https://imsdb.com//scripts//Kafka.html,right_only,Kafka,,,,https://imsdb.com//scripts//Kafka.html,html
https://assets.scriptslug.com/live/pdf/scripts/kajillionaire-2020.pdf?v=1729114935,Kajillionaire,,,left_only,Kajillionaire,,,,https://assets.scriptslug.com/live/pdf/scripts/kajillionaire-2020.pdf?v=1729114935,pdf
,,Kalifornia,https://imsdb.com//scripts//Kalifornia.html,right_only,Kalifornia,,,,https://imsdb.com//scripts//Kalifornia.html,html
https://assets.scriptslug.com/live/pdf/scripts/karate-kid-1984.pdf?v=1729114935,Karate Kid,,,left_only,Karate Kid,,,,https://assets.scriptslug.com/live/pdf/scripts/karate-kid-1984.pdf?v=1729114935,pdf
https://assets.scriptslug.com/live/pdf/scripts/kids-1995.pdf?v=1729114936,Kids,Kids,https://imsdb.com//scripts//Kids.html,both,Kids,,,,https://assets.scriptslug.com/live/pdf/scripts/kids-1995.pdf?v=1729114936,pdf
https://assets.scriptslug.com/live/pdf/scripts/kill-bill-vol-1-2003.pdf?v=1729114936,Kill Bill Vol 1,,,left_only,Kill Bill Vol 1,,,,https://assets.scriptslug.com/live/pdf/scripts/kill-bill-vol-1-2003.pdf?v=1729114936,pdf
https://assets.scriptslug.com/live/pdf/scripts/kill-bill-vol-2-2004.pdf?v=1729114936,Kill Bill Vol 2,,,left_only,Kill Bill Vol 2,,,,https://assets.scriptslug.com/live/pdf/scripts/kill-bill-vol-2-2004.pdf?v=1729114936,pdf
https://assets.scriptslug.com/live/pdf/scripts/kill-the-messenger-2014.pdf?v=1729114936,Kill The Messenger,,,left_only,Kill The Messenger,,,,https://assets.scriptslug.com/live/pdf/scripts/kill-the-messenger-2014.pdf?v=1729114936,pdf
https://assets.scriptslug.com/live/pdf/scripts/kill-your-darlings-2013.pdf?v=1729114936,Kill Your Darlings,Kill Your Darlings,https://imsdb.com//scripts//Kill-Your-Darlings.html,both,Kill Your Darlings,,,,https://assets.scriptslug.com/live/pdf/scripts/kill-your-darlings-2013.pdf?v=1729114936,pdf
https://assets.scriptslug.com/live/pdf/scripts/killer-klowns-from-outer-space-1989.pdf?v=1729114936,Killer Klowns From Outer Space,,,left_only,Killer Klowns From Outer Space,,,,https://assets.scriptslug.com/live/pdf/scripts/killer-klowns-from-outer-space-1989.pdf?v=1729114936,pdf
https://assets.scriptslug.com/live/pdf/scripts/killers-of-the-flower-moon-2023.pdf?v=1729114936,Killers Of The Flower Moon,Killers Of The Flower Moon,https://imsdb.com//scripts//Killers-of-the-Flower-Moon.html,both,Killers Of The Flower Moon,,,,https://assets.scriptslug.com/live/pdf/scripts/killers-of-the-flower-moon-2023.pdf?v=1729114936,pdf
,,Killing Zoe,https://imsdb.com//scripts//Killing-Zoe.html,right_only,Killing Zoe,,,,https://imsdb.com//scripts//Killing-Zoe.html,html
https://assets.scriptslug.com/live/pdf/scripts/kin-2018.pdf?v=1729114936,Kin,,,left_only,Kin,,,,https://assets.scriptslug.com/live/pdf/scripts/kin-2018.pdf?v=1729114936,pdf
https://assets.scriptslug.com/live/pdf/scripts/king-kong-2005.pdf?v=1729114937,King Kong,King Kong,https://imsdb.com//scripts//King-Kong.html,both,King Kong,,,,https://assets.scriptslug.com/live/pdf/scripts/king-kong-2005.pdf?v=1729114937,pdf
https://assets.scriptslug.com/live/pdf/scripts/king-richard-2021.pdf?v=1729114937,King Richard,,,left_only,King Richard,,,,https://assets.scriptslug.com/live/pdf/scripts/king-richard-2021.pdf?v=1729114937,pdf
https://assets.scriptslug.com/live/pdf/scripts/kingpin-1996.pdf?v=1729114937,Kingpin,,,left_only,Kingpin,,,,https://assets.scriptslug.com/live/pdf/scripts/kingpin-1996.pdf?v=1729114937,pdf
https://assets.scriptslug.com/live/pdf/scripts/kings-of-summer-2013.pdf?v=1729114937,Kings Of Summer,,,left_only,Kings Of Summer,,,,https://assets.scriptslug.com/live/pdf/scripts/kings-of-summer-2013.pdf?v=1729114937,pdf
https://assets.scriptslug.com/live/pdf/scripts/kingsman-the-secret-service-2014.pdf?v=1729114937,Kingsman The Secret Service,,,left_only,Kingsman The Secret Service,,,,https://assets.scriptslug.com/live/pdf/scripts/kingsman-the-secret-service-2014.pdf?v=1729114937,pdf
https://assets.scriptslug.com/live/pdf/scripts/kiss-kiss-bang-bang-2005.pdf?v=1729114937,Kiss Kiss Bang Bang,,,left_only,Kiss Kiss Bang Bang,,,,https://assets.scriptslug.com/live/pdf/scripts/kiss-kiss-bang-bang-2005.pdf?v=1729114937,pdf
https://assets.scriptslug.com/live/pdf/scripts/kiss-of-the-spiderwoman-1985.pdf?v=1729114937,Kiss Of The Spider Woman,Kiss Of The Spider Woman,https://imsdb.com//scripts//Kiss-of-the-Spider-Woman.html,both,Kiss Of The Spider Woman,Kiss of the Spider Woman,HTML len = 0 : no content scrapped,Kiss Of The Spider Woman,https://assets.scriptslug.com/live/pdf/scripts/kiss-of-the-spiderwoman-1985.pdf?v=1729114937,pdf
,,Klute,https://imsdb.com//scripts//Klute.html,right_only,Klute,,,,https://imsdb.com//scripts//Klute.html,html
https://assets.scriptslug.com/live/pdf/scripts/knight-and-day-2010.pdf?v=1729114938,Knight And Day,,,left_only,Knight And Day,,,,https://assets.scriptslug.com/live/pdf/scripts/knight-and-day-2010.pdf?v=1729114938,pdf
https://assets.scriptslug.com/live/pdf/scripts/knives-out-2019.pdf?v=1729114938,Knives Out,,,left_only,Knives Out,,,,https://assets.scriptslug.com/live/pdf/scripts/knives-out-2019.pdf?v=1729114938,pdf
https://assets.scriptslug.com/live/pdf/scripts/knocked-up-2007.pdf?v=1729114938,Knocked Up,Knocked Up,https://imsdb.com//scripts//Knocked-Up.html,both,Knocked Up,,,,https://assets.scriptslug.com/live/pdf/scripts/knocked-up-2007.pdf?v=1729114938,pdf
https://assets.scriptslug.com/live/pdf/scripts/kramer-vs-kramer-1979.pdf?v=1729114938,Kramer Vs Kramer,Kramer Vs Kramer,https://imsdb.com//scripts//Kramer-vs-Kramer.html,both,Kramer Vs Kramer,,,,https://assets.scriptslug.com/live/pdf/scripts/kramer-vs-kramer-1979.pdf?v=1729114938,pdf
https://assets.scriptslug.com/live/pdf/scripts/krampus-2015.pdf?v=1729114938,Krampus,,,left_only,Krampus,,,,https://assets.scriptslug.com/live/pdf/scripts/krampus-2015.pdf?v=1729114938,pdf
https://assets.scriptslug.com/live/pdf/scripts/kubo-and-the-two-strings-2016.pdf?v=1729114938,Kubo And The Two Strings,,,left_only,Kubo And The Two Strings,,,,https://assets.scriptslug.com/live/pdf/scripts/kubo-and-the-two-strings-2016.pdf?v=1729114938,pdf
,,Kundun,https://imsdb.com//scripts//Kundun.html,right_only,Kundun,,,,https://imsdb.com//scripts//Kundun.html,html
,,Kung Fu Panda,https://imsdb.com//scripts//Kung-Fu-Panda.html,right_only,Kung Fu Panda,,,,https://imsdb.com//scripts//Kung-Fu-Panda.html,html
https://assets.scriptslug.com/live/pdf/scripts/l-a-confidential-1997.pdf?v=1729114938,La Confidential,La Confidential,https://imsdb.com//scripts//L.A.-Confidential.html,both,La Confidential,,,,https://assets.scriptslug.com/live/pdf/scripts/l-a-confidential-1997.pdf?v=1729114938,pdf
https://assets.scriptslug.com/live/pdf/scripts/la-la-land-2016.pdf?v=1729114938,La La Land,La La Land,https://imsdb.com//scripts//La-La-Land.html,both,La La Land,,,,https://assets.scriptslug.com/live/pdf/scripts/la-la-land-2016.pdf?v=1729114938,pdf
https://assets.scriptslug.com/live/pdf/scripts/l-a-story-1991.pdf?v=1729114938,La Story,,,left_only,La Story,,,,https://assets.scriptslug.com/live/pdf/scripts/l-a-story-1991.pdf?v=1729114938,pdf
https://assets.scriptslug.com/live/pdf/scripts/labor-day-2013.pdf?v=1729114939,Labor Day,,,left_only,Labor Day,,,,https://assets.scriptslug.com/live/pdf/scripts/labor-day-2013.pdf?v=1729114939,pdf
,,Labor Of Love,https://imsdb.com//scripts//Labor-of-Love.html,right_only,Labor Of Love,,,,https://imsdb.com//scripts//Labor-of-Love.html,html
,,Labyrinth,https://imsdb.com//scripts//Labyrinth.html,right_only,Labyrinth,,,,https://imsdb.com//scripts//Labyrinth.html,html
https://assets.scriptslug.com/live/pdf/scripts/lady-bird-2017.pdf?v=1729114939,Lady Bird,,,left_only,Lady Bird,,,,https://assets.scriptslug.com/live/pdf/scripts/lady-bird-2017.pdf?v=1729114939,pdf
https://assets.scriptslug.com/live/pdf/scripts/lady-chatterleys-lover-2022.pdf?v=1729114939,Lady Chatterleys Lover,,,left_only,Lady Chatterleys Lover,,,,https://assets.scriptslug.com/live/pdf/scripts/lady-chatterleys-lover-2022.pdf?v=1729114939,pdf
https://assets.scriptslug.com/live/pdf/scripts/ladyhawke-1985.pdf?v=1729114939,Ladyhawke,,,left_only,Ladyhawke,,,,https://assets.scriptslug.com/live/pdf/scripts/ladyhawke-1985.pdf?v=1729114939,pdf
https://assets.scriptslug.com/live/pdf/scripts/lake-placid-1999.pdf?v=1729114939,Lake Placid,Lake Placid,https://imsdb.com//scripts//Lake-Placid.html,both,Lake Placid,,,,https://assets.scriptslug.com/live/pdf/scripts/lake-placid-1999.pdf?v=1729114939,pdf
https://assets.scriptslug.com/live/pdf/scripts/land-of-mine-2016.pdf?v=1729114939,Land Of Mine,,,left_only,Land Of Mine,,,,https://assets.scriptslug.com/live/pdf/scripts/land-of-mine-2016.pdf?v=1729114939,pdf
,,Land Of The Dead,https://imsdb.com//scripts//Land-of-the-Dead.html,right_only,Land Of The Dead,,,,https://imsdb.com//scripts//Land-of-the-Dead.html,html
,,Larry Crowne,https://imsdb.com//scripts//Larry-Crowne.html,right_only,Larry Crowne,,,,https://imsdb.com//scripts//Larry-Crowne.html,html
https://assets.scriptslug.com/live/pdf/scripts/lars-and-the-real-girl-2007.pdf?v=1729114939,Lars And The Real Girl,,,left_only,Lars And The Real Girl,,,,https://assets.scriptslug.com/live/pdf/scripts/lars-and-the-real-girl-2007.pdf?v=1729114939,pdf
,,Last Chance Harvey,https://imsdb.com//scripts//Last-Chance-Harvey.html,right_only,Last Chance Harvey,,,,https://imsdb.com//scripts//Last-Chance-Harvey.html,html
https://assets.scriptslug.com/live/pdf/scripts/last-holiday-2006.pdf?v=1729114939,Last Holiday,,,left_only,Last Holiday,,,,https://assets.scriptslug.com/live/pdf/scripts/last-holiday-2006.pdf?v=1729114939,pdf
https://assets.scriptslug.com/live/pdf/scripts/last-night-in-soho-2021.pdf?v=1729114939,Last Night In Soho,,,left_only,Last Night In Soho,,,,https://assets.scriptslug.com/live/pdf/scripts/last-night-in-soho-2021.pdf?v=1729114939,pdf
,,Last Tango In Paris,https://imsdb.com//scripts//Last-Tango-in-Paris.html,right_only,Last Tango In Paris,,,,https://imsdb.com//scripts//Last-Tango-in-Paris.html,html
https://assets.scriptslug.com/live/pdf/scripts/law-abiding-citizen-2009.pdf?v=1729114939,Law Abiding Citizen,Law Abiding Citizen,https://imsdb.com//scripts//Law-Abiding-Citizen.html,both,Law Abiding Citizen,,,,https://assets.scriptslug.com/live/pdf/scripts/law-abiding-citizen-2009.pdf?v=1729114939,pdf
https://assets.scriptslug.com/live/pdf/scripts/lawrence-of-arabia-1962.pdf?v=1729114940,Lawrence Of Arabia,,,left_only,Lawrence Of Arabia,,,,https://assets.scriptslug.com/live/pdf/scripts/lawrence-of-arabia-1962.pdf?v=1729114940,pdf
,,Le Diable Par La Queue,https://imsdb.com//scripts//Le-Diable-par-la-Queue.html,right_only,Le Diable Par La Queue,,,,https://imsdb.com//scripts//Le-Diable-par-la-Queue.html,html
https://assets.scriptslug.com/live/pdf/scripts/lean-on-me-1989.pdf?v=1729114940,Lean On Me,,,left_only,Lean On Me,,,,https://assets.scriptslug.com/live/pdf/scripts/lean-on-me-1989.pdf?v=1729114940,pdf
https://assets.scriptslug.com/live/pdf/scripts/leave-no-trace-2018.pdf?v=1729114940,Leave No Trace,,,left_only,Leave No Trace,,,,https://assets.scriptslug.com/live/pdf/scripts/leave-no-trace-2018.pdf?v=1729114940,pdf
https://assets.scriptslug.com/live/pdf/scripts/leaving-las-vegas-1995.pdf?v=1729114940,Leaving Las Vegas,Leaving Las Vegas,https://imsdb.com//scripts//Leaving-Las-Vegas.html,both,Leaving Las Vegas,,,,https://assets.scriptslug.com/live/pdf/scripts/leaving-las-vegas-1995.pdf?v=1729114940,pdf
https://assets.scriptslug.com/live/pdf/scripts/lee-daniels-the-butler-2013.pdf?v=1729114940,Lee Daniels The Butler,,,left_only,Lee Daniels The Butler,,,,https://assets.scriptslug.com/live/pdf/scripts/lee-daniels-the-butler-2013.pdf?v=1729114940,pdf
,,Legally Blonde,https://imsdb.com//scripts//Legally-Blonde.html,right_only,Legally Blonde,,,,https://imsdb.com//scripts//Legally-Blonde.html,html
https://assets.scriptslug.com/live/pdf/scripts/legend-1985.pdf?v=1729114940,Legend,Legend,https://imsdb.com//scripts//Legend.html,both,Legend,,,,https://assets.scriptslug.com/live/pdf/scripts/legend-1985.pdf?v=1729114940,pdf
https://assets.scriptslug.com/live/pdf/scripts/legend-2015.pdf?v=1729114940,Legend,Legend,https://imsdb.com//scripts//Legend.html,both,Legend,,,,https://assets.scriptslug.com/live/pdf/scripts/legend-2015.pdf?v=1729114940,pdf
,,Legion,https://imsdb.com//scripts//Legion.html,right_only,Legion,,,,https://imsdb.com//scripts//Legion.html,html
https://assets.scriptslug.com/live/pdf/scripts/lenny-1974.pdf?v=1729114940,Lenny,,,left_only,Lenny,,,,https://assets.scriptslug.com/live/pdf/scripts/lenny-1974.pdf?v=1729114940,pdf
https://assets.scriptslug.com/live/pdf/scripts/leprechaun-1993.pdf?v=1729114941,Leprechaun,,,left_only,Leprechaun,,,,https://assets.scriptslug.com/live/pdf/scripts/leprechaun-1993.pdf?v=1729114941,pdf
https://assets.scriptslug.com/live/pdf/scripts/leprechaun-2-1994.pdf?v=1729114941,Leprechaun 2,Leprechaun 2,https://imsdb.com//scripts//Leprechaun-2.html,both,Leprechaun 2,,,,https://assets.scriptslug.com/live/pdf/scripts/leprechaun-2-1994.pdf?v=1729114941,pdf
,,Les Miserables,https://imsdb.com//scripts//Les-Miserables.html,right_only,Les Miserables,,,,https://imsdb.com//scripts//Les-Miserables.html,html
https://assets.scriptslug.com/live/pdf/scripts/les-miserables-2012.pdf?v=1729114941,Les Misérables,,,left_only,Les Misérables,,,,https://assets.scriptslug.com/live/pdf/scripts/les-miserables-2012.pdf?v=1729114941,pdf
,,Les Tontons Flingueurs,https://imsdb.com//scripts//Les-Tontons-Flingueurs.html,right_only,Les Tontons Flingueurs,,,,https://imsdb.com//scripts//Les-Tontons-Flingueurs.html,html
https://assets.scriptslug.com/live/pdf/scripts/let-me-in-2010.pdf?v=1729114941,Let Me In,,,left_only,Let Me In,,,,https://assets.scriptslug.com/live/pdf/scripts/let-me-in-2010.pdf?v=1729114941,pdf
https://assets.scriptslug.com/live/pdf/scripts/lethal-weapon-1987.pdf?v=1729114941,Lethal Weapon,Lethal Weapon,https://imsdb.com//scripts//Lethal-Weapon.html,both,Lethal Weapon,Lethal Weapon,"Webstatus : 404
",Lethal Weapon,https://assets.scriptslug.com/live/pdf/scripts/lethal-weapon-1987.pdf?v=1729114941,pdf
https://assets.scriptslug.com/live/pdf/scripts/lethal-weapon-2-1989.pdf?v=1729114941,Lethal Weapon 2,,,left_only,Lethal Weapon 2,,,,https://assets.scriptslug.com/live/pdf/scripts/lethal-weapon-2-1989.pdf?v=1729114941,pdf
https://assets.scriptslug.com/live/pdf/scripts/lethal-weapon-4-1988.pdf?v=1729114941,Lethal Weapon 4,Lethal Weapon 4,https://imsdb.com//scripts//Lethal-Weapon-4.html,both,Lethal Weapon 4,Lethal Weapon 4,"Webstatus : 404
",Lethal Weapon 4,https://assets.scriptslug.com/live/pdf/scripts/lethal-weapon-4-1988.pdf?v=1729114941,pdf
,,Leviathan,https://imsdb.com//scripts//Leviathan.html,right_only,Leviathan,,,,https://imsdb.com//scripts//Leviathan.html,html
https://assets.scriptslug.com/live/pdf/scripts/liar-liar-1997.pdf?v=1729114941,Liar Liar,Liar Liar,https://imsdb.com//scripts//Liar-Liar.html,both,Liar Liar,,,,https://assets.scriptslug.com/live/pdf/scripts/liar-liar-1997.pdf?v=1729114941,pdf
https://assets.scriptslug.com/live/pdf/scripts/license-to-kill-1989.pdf?v=1729114941,License To Kill,,,left_only,License To Kill,,,,https://assets.scriptslug.com/live/pdf/scripts/license-to-kill-1989.pdf?v=1729114941,pdf
,,Life,https://imsdb.com//scripts//Life.html,right_only,Life,,,,https://imsdb.com//scripts//Life.html,html
,,Life As A House,https://imsdb.com//scripts//Life-As-A-House.html,right_only,Life As A House,,,,https://imsdb.com//scripts//Life-As-A-House.html,html
https://assets.scriptslug.com/live/pdf/scripts/life-itself-2018.pdf?v=1729114941,Life Itself,,,left_only,Life Itself,,,,https://assets.scriptslug.com/live/pdf/scripts/life-itself-2018.pdf?v=1729114941,pdf
https://assets.scriptslug.com/live/pdf/scripts/life-of-pi-2012.pdf?v=1729114942,Life Of Pi,Life Of Pi,https://imsdb.com//scripts//Life-of-Pi.html,both,Life Of Pi,,,,https://assets.scriptslug.com/live/pdf/scripts/life-of-pi-2012.pdf?v=1729114942,pdf
https://assets.scriptslug.com/live/pdf/scripts/life-stinks-1991.pdf?v=1729114942,Life Stinks,,,left_only,Life Stinks,,,,https://assets.scriptslug.com/live/pdf/scripts/life-stinks-1991.pdf?v=1729114942,pdf
,,Light Sleeper,https://imsdb.com//scripts//Light-Sleeper.html,right_only,Light Sleeper,,,,https://imsdb.com//scripts//Light-Sleeper.html,html
https://assets.scriptslug.com/live/pdf/scripts/lights-out-2016.pdf?v=1729114942,Lights Out,,,left_only,Lights Out,,,,https://assets.scriptslug.com/live/pdf/scripts/lights-out-2016.pdf?v=1729114942,pdf
https://assets.scriptslug.com/live/pdf/scripts/like-father-like-son-1987.pdf?v=1729114942,Like Father Like Son,,,left_only,Like Father Like Son,,,,https://assets.scriptslug.com/live/pdf/scripts/like-father-like-son-1987.pdf?v=1729114942,pdf
,,Limitless,https://imsdb.com//scripts//Limitless.html,right_only,Limitless,,,,https://imsdb.com//scripts//Limitless.html,html
https://assets.scriptslug.com/live/pdf/scripts/lincoln-2012.pdf?v=1729114942,Lincoln,Lincoln,https://imsdb.com//scripts//Lincoln.html,both,Lincoln,,,,https://assets.scriptslug.com/live/pdf/scripts/lincoln-2012.pdf?v=1729114942,pdf
https://assets.scriptslug.com/live/pdf/scripts/lion-2016.pdf?v=1729114942,Lion,,,left_only,Lion,,,,https://assets.scriptslug.com/live/pdf/scripts/lion-2016.pdf?v=1729114942,pdf
,,Little Athens,https://imsdb.com//scripts//Little-Athens.html,right_only,Little Athens,,,,https://imsdb.com//scripts//Little-Athens.html,html
,,Little Men,https://imsdb.com//scripts//Little-Men.html,right_only,Little Men,,,,https://imsdb.com//scripts//Little-Men.html,html
https://assets.scriptslug.com/live/pdf/scripts/little-miss-sunshine-2006.pdf?v=1729114942,Little Miss Sunshine,,,left_only,Little Miss Sunshine,,,,https://assets.scriptslug.com/live/pdf/scripts/little-miss-sunshine-2006.pdf?v=1729114942,pdf
,,Little Nicky,https://imsdb.com//scripts//Little-Nicky.html,right_only,Little Nicky,,,,https://imsdb.com//scripts//Little-Nicky.html,html
https://assets.scriptslug.com/live/pdf/scripts/little-shop-of-horrors-1986.pdf?v=1729114942,Little Shop Of Horrors,,,left_only,Little Shop Of Horrors,,,,https://assets.scriptslug.com/live/pdf/scripts/little-shop-of-horrors-1986.pdf?v=1729114942,pdf
https://assets.scriptslug.com/live/pdf/scripts/little-women-2019.pdf?v=1729114942,Little Women,,,left_only,Little Women,,,,https://assets.scriptslug.com/live/pdf/scripts/little-women-2019.pdf?v=1729114942,pdf
https://assets.scriptslug.com/live/pdf/scripts/live-and-let-die-1973.pdf?v=1729114942,Live And Let Die,,,left_only,Live And Let Die,,,,https://assets.scriptslug.com/live/pdf/scripts/live-and-let-die-1973.pdf?v=1729114942,pdf
https://assets.scriptslug.com/live/pdf/scripts/live-by-night-2016.pdf?v=1729114943,Live By Night,,,left_only,Live By Night,,,,https://assets.scriptslug.com/live/pdf/scripts/live-by-night-2016.pdf?v=1729114943,pdf
https://assets.scriptslug.com/live/pdf/scripts/life-free-or-die-hard-2007.pdf?v=1729114941,Live Free Or Die Hard,,,left_only,Live Free Or Die Hard,,,,https://assets.scriptslug.com/live/pdf/scripts/life-free-or-die-hard-2007.pdf?v=1729114941,pdf
https://assets.scriptslug.com/live/pdf/scripts/living-2022.pdf?v=1729114943,Living,,,left_only,Living,,,,https://assets.scriptslug.com/live/pdf/scripts/living-2022.pdf?v=1729114943,pdf
,,Living In Oblivion,https://imsdb.com//scripts//Living-in-Oblivion.html,right_only,Living In Oblivion,,,,https://imsdb.com//scripts//Living-in-Oblivion.html,html
https://assets.scriptslug.com/live/pdf/scripts/lock-stock-and-two-smoking-barrels-1998.pdf?v=1729114943,Lock Stock And Two Smoking Barrels,Lock Stock And Two Smoking Barrels,"https://imsdb.com//scripts//Lock,-Stock-and-Two-Smoking-Barrels.html",both,Lock Stock And Two Smoking Barrels,,,,https://assets.scriptslug.com/live/pdf/scripts/lock-stock-and-two-smoking-barrels-1998.pdf?v=1729114943,pdf
https://assets.scriptslug.com/live/pdf/scripts/locke-2013.pdf?v=1729114943,Locke,,,left_only,Locke,,,,https://assets.scriptslug.com/live/pdf/scripts/locke-2013.pdf?v=1729114943,pdf
https://assets.scriptslug.com/live/pdf/scripts/logan-2017.pdf?v=1729114943,Logan,Logan,https://imsdb.com//scripts//Logan.html,both,Logan,,,,https://assets.scriptslug.com/live/pdf/scripts/logan-2017.pdf?v=1729114943,pdf
,,Logans Run,https://imsdb.com//scripts//Logan's-Run.html,right_only,Logans Run,,,,https://imsdb.com//scripts//Logan's-Run.html,html
,,Lone Star,https://imsdb.com//scripts//Lone-Star.html,right_only,Lone Star,,,,https://imsdb.com//scripts//Lone-Star.html,html
https://assets.scriptslug.com/live/pdf/scripts/lone-survivor-2013.pdf?v=1729114943,Lone Survivor,,,left_only,Lone Survivor,,,,https://assets.scriptslug.com/live/pdf/scripts/lone-survivor-2013.pdf?v=1729114943,pdf
https://assets.scriptslug.com/live/pdf/scripts/looney-tunes-back-in-action-2003.pdf?v=1729114943,Looney Tunes Back In Action,,,left_only,Looney Tunes Back In Action,,,,https://assets.scriptslug.com/live/pdf/scripts/looney-tunes-back-in-action-2003.pdf?v=1729114943,pdf
https://assets.scriptslug.com/live/pdf/scripts/looper-2012.pdf?v=1729114943,Looper,Looper,https://imsdb.com//scripts//Looper.html,both,Looper,,,,https://assets.scriptslug.com/live/pdf/scripts/looper-2012.pdf?v=1729114943,pdf
,,Lord Of Illusions,https://imsdb.com//scripts//Lord-of-Illusions.html,right_only,Lord Of Illusions,,,,https://imsdb.com//scripts//Lord-of-Illusions.html,html
,,Lord Of The Rings Return Of The King,https://imsdb.com//scripts//Lord-of-the-Rings-Return-of-the-King.html,right_only,Lord Of The Rings Return Of The King,,,,https://imsdb.com//scripts//Lord-of-the-Rings-Return-of-the-King.html,html
,,Lord Of The Rings The Two Towers,https://imsdb.com//scripts//Lord-of-the-Rings-The-Two-Towers.html,right_only,Lord Of The Rings The Two Towers,,,,https://imsdb.com//scripts//Lord-of-the-Rings-The-Two-Towers.html,html
,,Lord Of War,https://imsdb.com//scripts//Lord-of-War.html,right_only,Lord Of War,,,,https://imsdb.com//scripts//Lord-of-War.html,html
https://assets.scriptslug.com/live/pdf/scripts/lost-highway-1997.pdf?v=1729114944,Lost Highway,Lost Highway,https://imsdb.com//scripts//Lost-Highway.html,both,Lost Highway,,,,https://assets.scriptslug.com/live/pdf/scripts/lost-highway-1997.pdf?v=1729114944,pdf
,,Lost Horizon,https://imsdb.com//scripts//Lost-Horizon.html,right_only,Lost Horizon,,,,https://imsdb.com//scripts//Lost-Horizon.html,html
,,Lost In Space,https://imsdb.com//scripts//Lost-in-Space.html,right_only,Lost In Space,,,,https://imsdb.com//scripts//Lost-in-Space.html,html
https://assets.scriptslug.com/live/pdf/scripts/lost-in-translation-2003.pdf?v=1729114944,Lost In Translation,Lost In Translation,https://imsdb.com//scripts//Lost-in-Translation.html,both,Lost In Translation,,,,https://assets.scriptslug.com/live/pdf/scripts/lost-in-translation-2003.pdf?v=1729114944,pdf
https://assets.scriptslug.com/live/pdf/scripts/love-and-other-drugs-2010.pdf?v=1729114944,Love & Other Drugs,,,left_only,Love & Other Drugs,,,,https://assets.scriptslug.com/live/pdf/scripts/love-and-other-drugs-2010.pdf?v=1729114944,pdf
https://assets.scriptslug.com/live/pdf/scripts/love-actually-2003.pdf?v=1729114944,Love Actually,,,left_only,Love Actually,,,,https://assets.scriptslug.com/live/pdf/scripts/love-actually-2003.pdf?v=1729114944,pdf
,,Love And Basketball,https://imsdb.com//scripts//Love-and-Basketball.html,right_only,Love And Basketball,,,,https://imsdb.com//scripts//Love-and-Basketball.html,html
https://assets.scriptslug.com/live/pdf/scripts/love-and-friendship-2016.pdf?v=1729114944,Love And Friendship,,,left_only,Love And Friendship,,,,https://assets.scriptslug.com/live/pdf/scripts/love-and-friendship-2016.pdf?v=1729114944,pdf
https://assets.scriptslug.com/live/pdf/scripts/love-is-strange-2014.pdf?v=1729114944,Love Is Strange,,,left_only,Love Is Strange,,,,https://assets.scriptslug.com/live/pdf/scripts/love-is-strange-2014.pdf?v=1729114944,pdf
https://assets.scriptslug.com/live/pdf/scripts/love-simon-2015.pdf?v=1729114945,Love Simon,,,left_only,Love Simon,,,,https://assets.scriptslug.com/live/pdf/scripts/love-simon-2015.pdf?v=1729114945,pdf
https://assets.scriptslug.com/live/pdf/scripts/loving-2016.pdf?v=1729114946,Loving,,,left_only,Loving,,,,https://assets.scriptslug.com/live/pdf/scripts/loving-2016.pdf?v=1729114946,pdf
https://assets.scriptslug.com/live/pdf/scripts/luca-2021.pdf?v=1729114946,Luca,,,left_only,Luca,,,,https://assets.scriptslug.com/live/pdf/scripts/luca-2021.pdf?v=1729114946,pdf
https://assets.scriptslug.com/live/pdf/scripts/lucky-number-slevin-2006.pdf?v=1729114946,Lucky Number Slevin,,,left_only,Lucky Number Slevin,,,,https://assets.scriptslug.com/live/pdf/scripts/lucky-number-slevin-2006.pdf?v=1729114946,pdf
https://assets.scriptslug.com/live/pdf/scripts/lucy-2014.pdf?v=1729114946,Lucy,,,left_only,Lucy,,,,https://assets.scriptslug.com/live/pdf/scripts/lucy-2014.pdf?v=1729114946,pdf
https://assets.scriptslug.com/live/pdf/scripts/lucy-in-the-sky-2019.pdf?v=1729114946,Lucy In The Sky,,,left_only,Lucy In The Sky,,,,https://assets.scriptslug.com/live/pdf/scripts/lucy-in-the-sky-2019.pdf?v=1729114946,pdf
https://assets.scriptslug.com/live/pdf/scripts/macgruber-2010.pdf?v=1729114946,Macgruber,,,left_only,Macgruber,,,,https://assets.scriptslug.com/live/pdf/scripts/macgruber-2010.pdf?v=1729114946,pdf
,,Machete,https://imsdb.com//scripts//Machete.html,right_only,Machete,,,,https://imsdb.com//scripts//Machete.html,html
,,Machine Gun Preacher,https://imsdb.com//scripts//Machine-Gun-Preacher.html,right_only,Machine Gun Preacher,,,,https://imsdb.com//scripts//Machine-Gun-Preacher.html,html
,,Mad Max 2 The Road Warrior,https://imsdb.com//scripts//Mad-Max-2-The-Road-Warrior.html,right_only,Mad Max 2 The Road Warrior,,,,https://imsdb.com//scripts//Mad-Max-2-The-Road-Warrior.html,html
https://assets.scriptslug.com/live/pdf/scripts/mad-max-fury-road-2015.pdf?v=1729114946,Mad Max Fury Road,,,left_only,Mad Max Fury Road,,,,https://assets.scriptslug.com/live/pdf/scripts/mad-max-fury-road-2015.pdf?v=1729114946,pdf
,,Made,https://imsdb.com//scripts//Made.html,right_only,Made,,,,https://imsdb.com//scripts//Made.html,html
https://assets.scriptslug.com/live/pdf/scripts/made-in-heaven-1987.pdf?v=1729114947,Made In Heaven,,,left_only,Made In Heaven,,,,https://assets.scriptslug.com/live/pdf/scripts/made-in-heaven-1987.pdf?v=1729114947,pdf
https://assets.scriptslug.com/live/pdf/scripts/maestro-2023.pdf?v=1729114947,Maestro,Maestro,https://imsdb.com//scripts//Maestro.html,both,Maestro,,,,https://assets.scriptslug.com/live/pdf/scripts/maestro-2023.pdf?v=1729114947,pdf
https://assets.scriptslug.com/live/pdf/scripts/maggies-plan-2016.pdf?v=1729114947,Maggies Plan,,,left_only,Maggies Plan,,,,https://assets.scriptslug.com/live/pdf/scripts/maggies-plan-2016.pdf?v=1729114947,pdf
https://assets.scriptslug.com/live/pdf/scripts/magnolia-1999.pdf?v=1729114947,Magnolia,Magnolia,https://imsdb.com//scripts//Magnolia.html,both,Magnolia,,,,https://assets.scriptslug.com/live/pdf/scripts/magnolia-1999.pdf?v=1729114947,pdf
,,Major League,https://imsdb.com//scripts//Major-League.html,right_only,Major League,,,,https://imsdb.com//scripts//Major-League.html,html
https://assets.scriptslug.com/live/pdf/scripts/malcolm-and-marie-2021.pdf?v=1729114947,Malcolm & Marie,,,left_only,Malcolm & Marie,,,,https://assets.scriptslug.com/live/pdf/scripts/malcolm-and-marie-2021.pdf?v=1729114947,pdf
https://assets.scriptslug.com/live/pdf/scripts/malcolm-x-1992.pdf?v=1729114947,Malcolm X,Malcolm X,https://imsdb.com//scripts//Malcolm-X.html,both,Malcolm X,,,,https://assets.scriptslug.com/live/pdf/scripts/malcolm-x-1992.pdf?v=1729114947,pdf
https://assets.scriptslug.com/live/pdf/scripts/malibus-most-wanted-2003.pdf?v=1729114947,Malibus Most Wanted,Malibus Most Wanted,https://imsdb.com//scripts//Malibu's-Most-Wanted.html,both,Malibus Most Wanted,,,,https://assets.scriptslug.com/live/pdf/scripts/malibus-most-wanted-2003.pdf?v=1729114947,pdf
https://assets.scriptslug.com/live/pdf/scripts/malignant-2021.pdf?v=1729114947,Malignant,Malignant,https://imsdb.com//scripts//Malignant.html,both,Malignant,,,,https://assets.scriptslug.com/live/pdf/scripts/malignant-2021.pdf?v=1729114947,pdf
https://assets.scriptslug.com/live/pdf/scripts/mallrats-1995.pdf?v=1729114947,Mallrats,,,left_only,Mallrats,,,,https://assets.scriptslug.com/live/pdf/scripts/mallrats-1995.pdf?v=1729114947,pdf
,,Man In The Iron Mask,https://imsdb.com//scripts//Man-in-the-Iron-Mask.html,right_only,Man In The Iron Mask,,,,https://imsdb.com//scripts//Man-in-the-Iron-Mask.html,html
https://assets.scriptslug.com/live/pdf/scripts/man-on-a-ledge-2012.pdf?v=1729114948,Man On A Ledge,,,left_only,Man On A Ledge,,,,https://assets.scriptslug.com/live/pdf/scripts/man-on-a-ledge-2012.pdf?v=1729114948,pdf
https://assets.scriptslug.com/live/pdf/scripts/man-on-fire-2004.pdf?v=1729114948,Man On Fire,Man On Fire,https://imsdb.com//scripts//Man-On-Fire.html,both,Man On Fire,,,,https://assets.scriptslug.com/live/pdf/scripts/man-on-fire-2004.pdf?v=1729114948,pdf
https://assets.scriptslug.com/live/pdf/scripts/man-on-the-moon-1999.pdf?v=1729114948,Man On The Moon,Man On The Moon,https://imsdb.com//scripts//Man-on-the-Moon.html,both,Man On The Moon,,,,https://assets.scriptslug.com/live/pdf/scripts/man-on-the-moon-1999.pdf?v=1729114948,pdf
,,Man Trouble,https://imsdb.com//scripts//Man-Trouble.html,right_only,Man Trouble,,,,https://imsdb.com//scripts//Man-Trouble.html,html
https://assets.scriptslug.com/live/pdf/scripts/mandy-2018.pdf?v=1729114948,Mandy,,,left_only,Mandy,,,,https://assets.scriptslug.com/live/pdf/scripts/mandy-2018.pdf?v=1729114948,pdf
,,Manhattan Murder Mystery,https://imsdb.com//scripts//Manhattan-Murder-Mystery.html,right_only,Manhattan Murder Mystery,,,,https://imsdb.com//scripts//Manhattan-Murder-Mystery.html,html
,,Manhunter,https://imsdb.com//scripts//Manhunter.html,right_only,Manhunter,,,,https://imsdb.com//scripts//Manhunter.html,html
https://assets.scriptslug.com/live/pdf/scripts/maniac-cop-1988.pdf?v=1729114948,Maniac Cop,,,left_only,Maniac Cop,,,,https://assets.scriptslug.com/live/pdf/scripts/maniac-cop-1988.pdf?v=1729114948,pdf
https://assets.scriptslug.com/live/pdf/scripts/mank-2020.pdf?v=1729114948,Mank,,,left_only,Mank,,,,https://assets.scriptslug.com/live/pdf/scripts/mank-2020.pdf?v=1729114948,pdf
,,Margaret,https://imsdb.com//scripts//Margaret.html,right_only,Margaret,,,,https://imsdb.com//scripts//Margaret.html,html
https://assets.scriptslug.com/live/pdf/scripts/margin-call-2011.pdf?v=1729114949,Margin Call,Margin Call,https://imsdb.com//scripts//Margin-Call.html,both,Margin Call,,,,https://assets.scriptslug.com/live/pdf/scripts/margin-call-2011.pdf?v=1729114949,pdf
,,Margot At The Wedding,https://imsdb.com//scripts//Margot-at-the-Wedding.html,right_only,Margot At The Wedding,,,,https://imsdb.com//scripts//Margot-at-the-Wedding.html,html
https://assets.scriptslug.com/live/pdf/scripts/maria-2024.pdf?v=1738547975,Maria,,,left_only,Maria,,,,https://assets.scriptslug.com/live/pdf/scripts/maria-2024.pdf?v=1738547975,pdf
https://assets.scriptslug.com/live/pdf/scripts/maria-full-of-grace-2004.pdf?v=1729114949,Maria Full Of Grace,,,left_only,Maria Full Of Grace,,,,https://assets.scriptslug.com/live/pdf/scripts/maria-full-of-grace-2004.pdf?v=1729114949,pdf
,,Mariachi El,"https://imsdb.com//scripts//Mariachi,-El.html",right_only,Mariachi El,,,,"https://imsdb.com//scripts//Mariachi,-El.html",html
https://assets.scriptslug.com/live/pdf/scripts/marriage-story-2019.pdf?v=1729114949,Marriage Story,,,left_only,Marriage Story,,,,https://assets.scriptslug.com/live/pdf/scripts/marriage-story-2019.pdf?v=1729114949,pdf
https://assets.scriptslug.com/live/pdf/scripts/mars-attacks-1996.pdf?v=1729114949,Mars Attacks,,,left_only,Mars Attacks,,,,https://assets.scriptslug.com/live/pdf/scripts/mars-attacks-1996.pdf?v=1729114949,pdf
,,Martha Marcy May Marlene,https://imsdb.com//scripts//Martha-Marcy-May-Marlene.html,right_only,Martha Marcy May Marlene,,,,https://imsdb.com//scripts//Martha-Marcy-May-Marlene.html,html
,,Marty,https://imsdb.com//scripts//Marty.html,right_only,Marty,,,,https://imsdb.com//scripts//Marty.html,html
https://assets.scriptslug.com/live/pdf/scripts/martyrs-2015.pdf?v=1729114949,Martyrs,,,left_only,Martyrs,,,,https://assets.scriptslug.com/live/pdf/scripts/martyrs-2015.pdf?v=1729114949,pdf
https://assets.scriptslug.com/live/pdf/scripts/mary-poppins-1964.pdf?v=1729114949,Mary Poppins,Mary Poppins,https://imsdb.com//scripts//Mary-Poppins.html,both,Mary Poppins,,,,https://assets.scriptslug.com/live/pdf/scripts/mary-poppins-1964.pdf?v=1729114949,pdf
https://assets.scriptslug.com/live/pdf/scripts/mary-poppins-returns-2018.pdf?v=1729114949,Mary Poppins Returns,,,left_only,Mary Poppins Returns,,,,https://assets.scriptslug.com/live/pdf/scripts/mary-poppins-returns-2018.pdf?v=1729114949,pdf
https://assets.scriptslug.com/live/pdf/scripts/mary-queen-of-scots-2018.pdf?v=1729114949,Mary Queen Of Scots,,,left_only,Mary Queen Of Scots,,,,https://assets.scriptslug.com/live/pdf/scripts/mary-queen-of-scots-2018.pdf?v=1729114949,pdf
https://assets.scriptslug.com/live/pdf/scripts/mary-shelleys-frankenstein-1994.pdf?v=1729114950,Mary Shelleys Frankenstein,,,left_only,Mary Shelleys Frankenstein,,,,https://assets.scriptslug.com/live/pdf/scripts/mary-shelleys-frankenstein-1994.pdf?v=1729114950,pdf
https://assets.scriptslug.com/live/pdf/scripts/mass-2021.pdf?v=1729114950,Mass,,,left_only,Mass,,,,https://assets.scriptslug.com/live/pdf/scripts/mass-2021.pdf?v=1729114950,pdf
https://assets.scriptslug.com/live/pdf/scripts/master-2022.pdf?v=1729114950,Master,,,left_only,Master,,,,https://assets.scriptslug.com/live/pdf/scripts/master-2022.pdf?v=1729114950,pdf
,,Master And Commander,https://imsdb.com//scripts//Master-and-Commander.html,right_only,Master And Commander,,,,https://imsdb.com//scripts//Master-and-Commander.html,html
https://assets.scriptslug.com/live/pdf/scripts/match-point-2005.pdf?v=1729114950,Match Point,,,left_only,Match Point,,,,https://assets.scriptslug.com/live/pdf/scripts/match-point-2005.pdf?v=1729114950,pdf
https://assets.scriptslug.com/live/pdf/scripts/maudie-2017.pdf?v=1729114950,Maudie,,,left_only,Maudie,,,,https://assets.scriptslug.com/live/pdf/scripts/maudie-2017.pdf?v=1729114950,pdf
,,Max Payne,https://imsdb.com//scripts//Max-Payne.html,right_only,Max Payne,,,,https://imsdb.com//scripts//Max-Payne.html,html
https://assets.scriptslug.com/live/pdf/scripts/may-december-2023.pdf?v=1729114950,May December,May December,https://imsdb.com//scripts//May-December.html,both,May December,,,,https://assets.scriptslug.com/live/pdf/scripts/may-december-2023.pdf?v=1729114950,pdf
https://assets.scriptslug.com/live/pdf/scripts/me-earl-and-the-dying-girl-2015.pdf?v=1729114951,Me And Earl And The Dying Girl,,,left_only,Me And Earl And The Dying Girl,,,,https://assets.scriptslug.com/live/pdf/scripts/me-earl-and-the-dying-girl-2015.pdf?v=1729114951,pdf
https://assets.scriptslug.com/live/pdf/scripts/me-him-her-2015.pdf?v=1729114951,Me Him Her,,,left_only,Me Him Her,,,,https://assets.scriptslug.com/live/pdf/scripts/me-him-her-2015.pdf?v=1729114951,pdf
https://assets.scriptslug.com/live/pdf/scripts/mean-girls-2004.pdf?v=1729114951,Mean Girls,,,left_only,Mean Girls,,,,https://assets.scriptslug.com/live/pdf/scripts/mean-girls-2004.pdf?v=1729114951,pdf
https://assets.scriptslug.com/live/pdf/scripts/mean-streets-1973.pdf?v=1729114951,Mean Streets,Mean Streets,https://imsdb.com//scripts//Mean-Streets.html,both,Mean Streets,,,,https://assets.scriptslug.com/live/pdf/scripts/mean-streets-1973.pdf?v=1729114951,pdf
https://assets.scriptslug.com/live/pdf/scripts/meatballs-1979.pdf?v=1729114951,Meatballs,,,left_only,Meatballs,,,,https://assets.scriptslug.com/live/pdf/scripts/meatballs-1979.pdf?v=1729114951,pdf
,,Meet Joe Black,https://imsdb.com//scripts//Meet-Joe-Black.html,right_only,Meet Joe Black,,,,https://imsdb.com//scripts//Meet-Joe-Black.html,html
,,Meet John Doe,https://imsdb.com//scripts//Meet-John-Doe.html,right_only,Meet John Doe,,,,https://imsdb.com//scripts//Meet-John-Doe.html,html
https://assets.scriptslug.com/live/pdf/scripts/megamind-2010.pdf?v=1729114951,Megamind,Megamind,https://imsdb.com//scripts//Megamind.html,both,Megamind,,,,https://assets.scriptslug.com/live/pdf/scripts/megamind-2010.pdf?v=1729114951,pdf
https://assets.scriptslug.com/live/pdf/scripts/memento-2000.pdf?v=1729114951,Memento,Memento,https://imsdb.com//scripts//Memento.html,both,Memento,,,,https://assets.scriptslug.com/live/pdf/scripts/memento-2000.pdf?v=1729114951,pdf
https://assets.scriptslug.com/live/pdf/scripts/memoirs-of-a-geisha-2005.pdf?v=1729114951,Memoirs Of A Geisha,,,left_only,Memoirs Of A Geisha,,,,https://assets.scriptslug.com/live/pdf/scripts/memoirs-of-a-geisha-2005.pdf?v=1729114951,pdf
https://assets.scriptslug.com/live/pdf/scripts/memories-of-murder-2003.pdf?v=1729114951,Memories Of Murder,,,left_only,Memories Of Murder,,,,https://assets.scriptslug.com/live/pdf/scripts/memories-of-murder-2003.pdf?v=1729114951,pdf
https://assets.scriptslug.com/live/pdf/scripts/memory-2023.pdf?v=1729114952,Memory,Memory,https://imsdb.com//scripts//Memory.html,both,Memory,,,,https://assets.scriptslug.com/live/pdf/scripts/memory-2023.pdf?v=1729114952,pdf
https://assets.scriptslug.com/live/pdf/scripts/men-in-black-1997.pdf?v=1729114952,Men In Black,Men In Black,https://imsdb.com//scripts//Men-in-Black.html,both,Men In Black,,,,https://assets.scriptslug.com/live/pdf/scripts/men-in-black-1997.pdf?v=1729114952,pdf
,,Men In Black 3,https://imsdb.com//scripts//Men-in-Black-3.html,right_only,Men In Black 3,,,,https://imsdb.com//scripts//Men-in-Black-3.html,html
https://assets.scriptslug.com/live/pdf/scripts/menace-ii-society-1993.pdf?v=1729114952,Menace 2 Society,,,left_only,Menace 2 Society,,,,https://assets.scriptslug.com/live/pdf/scripts/menace-ii-society-1993.pdf?v=1729114952,pdf
,,Metro,https://imsdb.com//scripts//Metro.html,right_only,Metro,,,,https://imsdb.com//scripts//Metro.html,html
,,Miami Vice,https://imsdb.com//scripts//Miami-Vice.html,right_only,Miami Vice,,,,https://imsdb.com//scripts//Miami-Vice.html,html
https://assets.scriptslug.com/live/pdf/scripts/michael-clayton-2007.pdf?v=1729114952,Michael Clayton,,,left_only,Michael Clayton,,,,https://assets.scriptslug.com/live/pdf/scripts/michael-clayton-2007.pdf?v=1729114952,pdf
https://assets.scriptslug.com/live/pdf/scripts/mid90s-2018.pdf?v=1729114952,Mid90s,,,left_only,Mid90s,,,,https://assets.scriptslug.com/live/pdf/scripts/mid90s-2018.pdf?v=1729114952,pdf
https://assets.scriptslug.com/live/pdf/scripts/midnight-cowboy-1969.pdf?v=1729114952,Midnight Cowboy,Midnight Cowboy,https://imsdb.com//scripts//Midnight-Cowboy.html,both,Midnight Cowboy,,,,https://assets.scriptslug.com/live/pdf/scripts/midnight-cowboy-1969.pdf?v=1729114952,pdf
,,Midnight Express,https://imsdb.com//scripts//Midnight-Express.html,right_only,Midnight Express,,,,https://imsdb.com//scripts//Midnight-Express.html,html
https://assets.scriptslug.com/live/pdf/scripts/midnight-in-paris-2011.pdf?v=1729114952,Midnight In Paris,Midnight In Paris,https://imsdb.com//scripts//Midnight-in-Paris.html,both,Midnight In Paris,,,,https://assets.scriptslug.com/live/pdf/scripts/midnight-in-paris-2011.pdf?v=1729114952,pdf
https://assets.scriptslug.com/live/pdf/scripts/midnight-run-1988.pdf?v=1729114953,Midnight Run,,,left_only,Midnight Run,,,,https://assets.scriptslug.com/live/pdf/scripts/midnight-run-1988.pdf?v=1729114953,pdf
https://assets.scriptslug.com/live/pdf/scripts/midsommar-2019.pdf?v=1729114953,Midsommar,,,left_only,Midsommar,,,,https://assets.scriptslug.com/live/pdf/scripts/midsommar-2019.pdf?v=1729114953,pdf
https://assets.scriptslug.com/live/pdf/scripts/midway-2019.pdf?v=1729114953,Midway,,,left_only,Midway,,,,https://assets.scriptslug.com/live/pdf/scripts/midway-2019.pdf?v=1729114953,pdf
,,Mighty Joe Young,https://imsdb.com//scripts//Mighty-Joe-Young.html,right_only,Mighty Joe Young,,,,https://imsdb.com//scripts//Mighty-Joe-Young.html,html
,,Mighty Morphin Power Rangers The Movie,https://imsdb.com//scripts//Mighty-Morphin-Power-Rangers-The-Movie.html,right_only,Mighty Morphin Power Rangers The Movie,,,,https://imsdb.com//scripts//Mighty-Morphin-Power-Rangers-The-Movie.html,html
https://assets.scriptslug.com/live/pdf/scripts/mikey-and-nicky-1976.pdf?v=1729114953,Mikey And Nicky,,,left_only,Mikey And Nicky,,,,https://assets.scriptslug.com/live/pdf/scripts/mikey-and-nicky-1976.pdf?v=1729114953,pdf
https://assets.scriptslug.com/live/pdf/scripts/miles-ahead-2016.pdf?v=1729114953,Miles Ahead,,,left_only,Miles Ahead,,,,https://assets.scriptslug.com/live/pdf/scripts/miles-ahead-2016.pdf?v=1729114953,pdf
,,Milk,https://imsdb.com//scripts//Milk.html,right_only,Milk,,,,https://imsdb.com//scripts//Milk.html,html
,,Millers Crossing,https://imsdb.com//scripts//Miller's-Crossing.html,right_only,Millers Crossing,,,,https://imsdb.com//scripts//Miller's-Crossing.html,html
https://assets.scriptslug.com/live/pdf/scripts/millers-girl-2024.pdf?v=1729114953,Millers Girl,Millers Girl,https://imsdb.com//scripts//Miller's-Girl.html,both,Millers Girl,,,,https://assets.scriptslug.com/live/pdf/scripts/millers-girl-2024.pdf?v=1729114953,pdf
https://assets.scriptslug.com/live/pdf/scripts/million-dollar-baby-2004.pdf?v=1729114953,Million Dollar Baby,,,left_only,Million Dollar Baby,,,,https://assets.scriptslug.com/live/pdf/scripts/million-dollar-baby-2004.pdf?v=1729114953,pdf
https://assets.scriptslug.com/live/pdf/scripts/mimic-1997.pdf?v=1729114953,Mimic,Mimic,https://imsdb.com//scripts//Mimic.html,both,Mimic,,,,https://assets.scriptslug.com/live/pdf/scripts/mimic-1997.pdf?v=1729114953,pdf
https://assets.scriptslug.com/live/pdf/scripts/minari-2020.pdf?v=1729114954,Minari,,,left_only,Minari,,,,https://assets.scriptslug.com/live/pdf/scripts/minari-2020.pdf?v=1729114954,pdf
,,Minis First Time,https://imsdb.com//scripts//Mini's-First-Time.html,right_only,Minis First Time,,,,https://imsdb.com//scripts//Mini's-First-Time.html,html
https://assets.scriptslug.com/live/pdf/scripts/minority-report-2002.pdf?v=1729114954,Minority Report,Minority Report,https://imsdb.com//scripts//Minority-Report.html,both,Minority Report,,,,https://assets.scriptslug.com/live/pdf/scripts/minority-report-2002.pdf?v=1729114954,pdf
,,Mirrors,https://imsdb.com//scripts//Mirrors.html,right_only,Mirrors,,,,https://imsdb.com//scripts//Mirrors.html,html
https://assets.scriptslug.com/live/pdf/scripts/misery-1990.pdf?v=1729114954,Misery,Misery,https://imsdb.com//scripts//Misery.html,both,Misery,,,,https://assets.scriptslug.com/live/pdf/scripts/misery-1990.pdf?v=1729114954,pdf
https://assets.scriptslug.com/live/pdf/scripts/miss-congeniality-2000.pdf?v=1729114954,Miss Congeniality,,,left_only,Miss Congeniality,,,,https://assets.scriptslug.com/live/pdf/scripts/miss-congeniality-2000.pdf?v=1729114954,pdf
https://assets.scriptslug.com/live/pdf/scripts/miss-sloane-2016.pdf?v=1729114954,Miss Sloane,,,left_only,Miss Sloane,,,,https://assets.scriptslug.com/live/pdf/scripts/miss-sloane-2016.pdf?v=1729114954,pdf
https://assets.scriptslug.com/live/pdf/scripts/mission-impossible-1996.pdf?v=1729114954,Mission Impossible,Mission Impossible,https://imsdb.com//scripts//Mission-Impossible.html,both,Mission Impossible,,,,https://assets.scriptslug.com/live/pdf/scripts/mission-impossible-1996.pdf?v=1729114954,pdf
https://assets.scriptslug.com/live/pdf/scripts/mission-impossible-ii-2000.pdf?v=1729114954,Mission Impossible 2,Mission Impossible 2,https://imsdb.com//scripts//Mission-Impossible-II.html,both,Mission Impossible 2,,,,https://assets.scriptslug.com/live/pdf/scripts/mission-impossible-ii-2000.pdf?v=1729114954,pdf
https://assets.scriptslug.com/live/pdf/scripts/mission-impossible-iii-2006.pdf?v=1729114955,Mission Impossible 3,,,left_only,Mission Impossible 3,,,,https://assets.scriptslug.com/live/pdf/scripts/mission-impossible-iii-2006.pdf?v=1729114955,pdf
https://assets.scriptslug.com/live/pdf/scripts/mission-impossible-fallout-2018.pdf?v=1729114954,Mission Impossible Fallout,,,left_only,Mission Impossible Fallout,,,,https://assets.scriptslug.com/live/pdf/scripts/mission-impossible-fallout-2018.pdf?v=1729114954,pdf
https://assets.scriptslug.com/live/pdf/scripts/mission-impossible-rogue-nation-2015.pdf?v=1729114955,Mission Impossible Rogue Nation,,,left_only,Mission Impossible Rogue Nation,,,,https://assets.scriptslug.com/live/pdf/scripts/mission-impossible-rogue-nation-2015.pdf?v=1729114955,pdf
,,Mission To Mars,https://imsdb.com//scripts//Mission-to-Mars.html,right_only,Mission To Mars,,,,https://imsdb.com//scripts//Mission-to-Mars.html,html
https://assets.scriptslug.com/live/pdf/scripts/mollys-game-2017.pdf?v=1729114955,Mollys Game,,,left_only,Mollys Game,,,,https://assets.scriptslug.com/live/pdf/scripts/mollys-game-2017.pdf?v=1729114955,pdf
https://assets.scriptslug.com/live/pdf/scripts/moneyball-2011.pdf?v=1729114956,Moneyball,Moneyball,https://imsdb.com//scripts//Moneyball.html,both,Moneyball,,,,https://assets.scriptslug.com/live/pdf/scripts/moneyball-2011.pdf?v=1729114956,pdf
,,Monkeybone,https://imsdb.com//scripts//Monkeybone.html,right_only,Monkeybone,,,,https://imsdb.com//scripts//Monkeybone.html,html
https://assets.scriptslug.com/live/pdf/scripts/monster-2003.pdf?v=1729114956,Monster,,,left_only,Monster,,,,https://assets.scriptslug.com/live/pdf/scripts/monster-2003.pdf?v=1729114956,pdf
https://assets.scriptslug.com/live/pdf/scripts/monsters-ball-2001.pdf?v=1729114956,Monsters Ball,Monsters Ball,https://imsdb.com//scripts//Monster's-Ball.html,both,Monsters Ball,Monster's Ball,HTML len = 0 : no content scrapped,Monsters Ball,https://assets.scriptslug.com/live/pdf/scripts/monsters-ball-2001.pdf?v=1729114956,pdf
https://assets.scriptslug.com/live/pdf/scripts/monsters-inc-2001.pdf?v=1729114956,Monsters Inc,,,left_only,Monsters Inc,,,,https://assets.scriptslug.com/live/pdf/scripts/monsters-inc-2001.pdf?v=1729114956,pdf
https://assets.scriptslug.com/live/pdf/scripts/monsters-university-2013.pdf?v=1729114956,Monsters University,,,left_only,Monsters University,,,,https://assets.scriptslug.com/live/pdf/scripts/monsters-university-2013.pdf?v=1729114956,pdf
,,Monte Carlo,https://imsdb.com//scripts//Monte-Carlo.html,right_only,Monte Carlo,,,,https://imsdb.com//scripts//Monte-Carlo.html,html
https://assets.scriptslug.com/live/pdf/scripts/moon-2009.pdf?v=1729114956,Moon,Moon,https://imsdb.com//scripts//Moon.html,both,Moon,,,,https://assets.scriptslug.com/live/pdf/scripts/moon-2009.pdf?v=1729114956,pdf
https://assets.scriptslug.com/live/pdf/scripts/moonlight-2016.pdf?v=1729114956,Moonlight,,,left_only,Moonlight,,,,https://assets.scriptslug.com/live/pdf/scripts/moonlight-2016.pdf?v=1729114956,pdf
https://assets.scriptslug.com/live/pdf/scripts/moonrise-kingdom-2012.pdf?v=1729114956,Moonrise Kingdom,Moonrise Kingdom,https://imsdb.com//scripts//Moonrise-Kingdom.html,both,Moonrise Kingdom,,,,https://assets.scriptslug.com/live/pdf/scripts/moonrise-kingdom-2012.pdf?v=1729114956,pdf
https://assets.scriptslug.com/live/pdf/scripts/moonstruck-1987.pdf?v=1729114956,Moonstruck,Moonstruck,https://imsdb.com//scripts//Moonstruck.html,both,Moonstruck,,,,https://assets.scriptslug.com/live/pdf/scripts/moonstruck-1987.pdf?v=1729114956,pdf
https://assets.scriptslug.com/live/pdf/scripts/mother-2017.pdf?v=1729114957,Mother,,,left_only,Mother,,,,https://assets.scriptslug.com/live/pdf/scripts/mother-2017.pdf?v=1729114957,pdf
https://assets.scriptslug.com/live/pdf/scripts/motherless-brooklyn-2019.pdf?v=1729114957,Motherless Brooklyn,,,left_only,Motherless Brooklyn,,,,https://assets.scriptslug.com/live/pdf/scripts/motherless-brooklyn-2019.pdf?v=1729114957,pdf
https://assets.scriptslug.com/live/pdf/scripts/moulin-rouge-2001.pdf?v=1729114957,Moulin Rouge,,,left_only,Moulin Rouge,,,,https://assets.scriptslug.com/live/pdf/scripts/moulin-rouge-2001.pdf?v=1729114957,pdf
https://assets.scriptslug.com/live/pdf/scripts/mr-and-mrs-smith-2005.pdf?v=1729114957,Mr & Mrs Smith,,,left_only,Mr & Mrs Smith,,,,https://assets.scriptslug.com/live/pdf/scripts/mr-and-mrs-smith-2005.pdf?v=1729114957,pdf
,,Mr Blandings Builds His Dream House,https://imsdb.com//scripts//Mr-Blandings-Builds-His-Dream-House.html,right_only,Mr Blandings Builds His Dream House,,,,https://imsdb.com//scripts//Mr-Blandings-Builds-His-Dream-House.html,html
,,Mr Brooks,https://imsdb.com//scripts//Mr-Brooks.html,right_only,Mr Brooks,,,,https://imsdb.com//scripts//Mr-Brooks.html,html
,,Mr Deeds Goes To Town,https://imsdb.com//scripts//Mr-Deeds-Goes-to-Town.html,right_only,Mr Deeds Goes To Town,,,,https://imsdb.com//scripts//Mr-Deeds-Goes-to-Town.html,html
https://assets.scriptslug.com/live/pdf/scripts/mr-hollands-opus-1995.pdf?v=1729114957,Mr Hollands Opus,Mr Hollands Opus,https://imsdb.com//scripts//Mr.-Holland's-Opus.html,both,Mr Hollands Opus,Mr. Holland's Opus,HTML len = 0 : no content scrapped,Mr Hollands Opus,https://assets.scriptslug.com/live/pdf/scripts/mr-hollands-opus-1995.pdf?v=1729114957,pdf
https://assets.scriptslug.com/live/pdf/scripts/mr-mom-1983.pdf?v=1729114957,Mr Mom,,,left_only,Mr Mom,,,,https://assets.scriptslug.com/live/pdf/scripts/mr-mom-1983.pdf?v=1729114957,pdf
https://assets.scriptslug.com/live/pdf/scripts/mr-nobody-2009.pdf?v=1729114957,Mr Nobody,,,left_only,Mr Nobody,,,,https://assets.scriptslug.com/live/pdf/scripts/mr-nobody-2009.pdf?v=1729114957,pdf
https://assets.scriptslug.com/live/pdf/scripts/mr-right-2015.pdf?v=1729114957,Mr Right,,,left_only,Mr Right,,,,https://assets.scriptslug.com/live/pdf/scripts/mr-right-2015.pdf?v=1729114957,pdf
https://assets.scriptslug.com/live/pdf/scripts/mr-turner-2014.pdf?v=1729114958,Mr Turner,,,left_only,Mr Turner,,,,https://assets.scriptslug.com/live/pdf/scripts/mr-turner-2014.pdf?v=1729114958,pdf
,,Mrs Brown,https://imsdb.com//scripts//Mrs.-Brown.html,right_only,Mrs Brown,,,,https://imsdb.com//scripts//Mrs.-Brown.html,html
https://assets.scriptslug.com/live/pdf/scripts/mud-2012.pdf?v=1729114958,Mud,Mud,https://imsdb.com//scripts//Mud.html,both,Mud,,,,https://assets.scriptslug.com/live/pdf/scripts/mud-2012.pdf?v=1729114958,pdf
https://assets.scriptslug.com/live/pdf/scripts/mudbound-2017.pdf?v=1729114958,Mudbound,,,left_only,Mudbound,,,,https://assets.scriptslug.com/live/pdf/scripts/mudbound-2017.pdf?v=1729114958,pdf
https://assets.scriptslug.com/live/pdf/scripts/mulan-1998.pdf?v=1729114958,Mulan,Mulan,https://imsdb.com//scripts//Mulan.html,both,Mulan,,,,https://assets.scriptslug.com/live/pdf/scripts/mulan-1998.pdf?v=1729114958,pdf
https://assets.scriptslug.com/live/pdf/scripts/mulholland-drive-2001.pdf?v=1729114958,Mulholland Dr,,,left_only,Mulholland Dr,,,,https://assets.scriptslug.com/live/pdf/scripts/mulholland-drive-2001.pdf?v=1729114958,pdf
,,Mulholland Drive,https://imsdb.com//scripts//Mulholland-Drive.html,right_only,Mulholland Drive,,,,https://imsdb.com//scripts//Mulholland-Drive.html,html
,,Mumford,https://imsdb.com//scripts//Mumford.html,right_only,Mumford,,,,https://imsdb.com//scripts//Mumford.html,html
https://assets.scriptslug.com/live/pdf/scripts/murder-on-the-orient-express-2017.pdf?v=1729114958,Murder On The Orient Express,,,left_only,Murder On The Orient Express,,,,https://assets.scriptslug.com/live/pdf/scripts/murder-on-the-orient-express-2017.pdf?v=1729114958,pdf
,,Music Of The Heart,https://imsdb.com//scripts//Music-of-the-Heart.html,right_only,Music Of The Heart,,,,https://imsdb.com//scripts//Music-of-the-Heart.html,html
,,Mute Witness,https://imsdb.com//scripts//Mute-Witness.html,right_only,Mute Witness,,,,https://imsdb.com//scripts//Mute-Witness.html,html
,,My Best Friends Wedding,https://imsdb.com//scripts//My-Best-Friend's-Wedding.html,right_only,My Best Friends Wedding,,,,https://imsdb.com//scripts//My-Best-Friend's-Wedding.html,html
https://assets.scriptslug.com/live/pdf/scripts/my-big-fat-greek-wedding-2-2016.pdf?v=1729114958,My Big Fat Greek Wedding 2,,,left_only,My Big Fat Greek Wedding 2,,,,https://assets.scriptslug.com/live/pdf/scripts/my-big-fat-greek-wedding-2-2016.pdf?v=1729114958,pdf
https://assets.scriptslug.com/live/pdf/scripts/my-cousin-vinny-1992.pdf?v=1729114958,My Cousin Vinny,,,left_only,My Cousin Vinny,,,,https://assets.scriptslug.com/live/pdf/scripts/my-cousin-vinny-1992.pdf?v=1729114958,pdf
https://assets.scriptslug.com/live/pdf/scripts/my-demon-lover-1987.pdf?v=1729114959,My Demon Lover,,,left_only,My Demon Lover,,,,https://assets.scriptslug.com/live/pdf/scripts/my-demon-lover-1987.pdf?v=1729114959,pdf
https://assets.scriptslug.com/live/pdf/scripts/my-friend-dahmer-2017.pdf?v=1729114959,My Friend Dahmer,,,left_only,My Friend Dahmer,,,,https://assets.scriptslug.com/live/pdf/scripts/my-friend-dahmer-2017.pdf?v=1729114959,pdf
,,My Girl,https://imsdb.com//scripts//My-Girl.html,right_only,My Girl,,,,https://imsdb.com//scripts//My-Girl.html,html
,,My Mother Dreams The Satans Disciples In New York,https://imsdb.com//scripts//My-Mother-Dreams-the-Satan's-Disciples-in-New-York.html,right_only,My Mother Dreams The Satans Disciples In New York,,,,https://imsdb.com//scripts//My-Mother-Dreams-the-Satan's-Disciples-in-New-York.html,html
https://assets.scriptslug.com/live/pdf/scripts/my-old-ass-2024.pdf?v=1738547793,My Old Ass,,,left_only,My Old Ass,,,,https://assets.scriptslug.com/live/pdf/scripts/my-old-ass-2024.pdf?v=1738547793,pdf
https://assets.scriptslug.com/live/pdf/scripts/my-policeman-2022.pdf?v=1729114959,My Policeman,,,left_only,My Policeman,,,,https://assets.scriptslug.com/live/pdf/scripts/my-policeman-2022.pdf?v=1729114959,pdf
https://assets.scriptslug.com/live/pdf/scripts/my-week-with-marilyn-2011.pdf?v=1729114959,My Week With Marilyn,My Week With Marilyn,https://imsdb.com//scripts//My-Week-with-Marilyn.html,both,My Week With Marilyn,,,,https://assets.scriptslug.com/live/pdf/scripts/my-week-with-marilyn-2011.pdf?v=1729114959,pdf
https://assets.scriptslug.com/live/pdf/scripts/mystery-men-1999.pdf?v=1729114959,Mystery Men,Mystery Men,https://imsdb.com//scripts//Mystery-Men.html,both,Mystery Men,,,,https://assets.scriptslug.com/live/pdf/scripts/mystery-men-1999.pdf?v=1729114959,pdf
https://assets.scriptslug.com/live/pdf/scripts/naked-gun-33-1-3-the-final-insult-1994.pdf?v=1729114959,Naked Gun 33 1/3 The Final Insult,,,left_only,Naked Gun 33 1/3 The Final Insult,,,,https://assets.scriptslug.com/live/pdf/scripts/naked-gun-33-1-3-the-final-insult-1994.pdf?v=1729114959,pdf
https://assets.scriptslug.com/live/pdf/scripts/nanny-2022.pdf?v=1729114959,Nanny,,,left_only,Nanny,,,,https://assets.scriptslug.com/live/pdf/scripts/nanny-2022.pdf?v=1729114959,pdf
https://assets.scriptslug.com/live/pdf/scripts/napoleon-2023.pdf?v=1729114959,Napoleon,Napoleon,https://imsdb.com//scripts//Napoleon.html,both,Napoleon,,,,https://assets.scriptslug.com/live/pdf/scripts/napoleon-2023.pdf?v=1729114959,pdf
https://assets.scriptslug.com/live/pdf/scripts/nopoleon-dynamite-2004.pdf?v=1729114963,Napoleon Dynamite,Napoleon Dynamite,https://imsdb.com//scripts//Napoleon-Dynamite.html,both,Napoleon Dynamite,,,,https://assets.scriptslug.com/live/pdf/scripts/nopoleon-dynamite-2004.pdf?v=1729114963,pdf
,,Nashville,https://imsdb.com//scripts//Nashville.html,right_only,Nashville,,,,https://imsdb.com//scripts//Nashville.html,html
https://assets.scriptslug.com/live/pdf/scripts/national-lampoons-animal-house-1978.pdf?v=1729114960,National Lampoons Animal House,,,left_only,National Lampoons Animal House,,,,https://assets.scriptslug.com/live/pdf/scripts/national-lampoons-animal-house-1978.pdf?v=1729114960,pdf
https://assets.scriptslug.com/live/pdf/scripts/national-lampoons-christmas-vacation-1989.pdf?v=1729114960,National Lampoons Christmas Vacation,,,left_only,National Lampoons Christmas Vacation,,,,https://assets.scriptslug.com/live/pdf/scripts/national-lampoons-christmas-vacation-1989.pdf?v=1729114960,pdf
https://assets.scriptslug.com/live/pdf/scripts/national-lampoons-european-vacation-1985.pdf?v=1729114960,National Lampoons European Vacation,,,left_only,National Lampoons European Vacation,,,,https://assets.scriptslug.com/live/pdf/scripts/national-lampoons-european-vacation-1985.pdf?v=1729114960,pdf
https://assets.scriptslug.com/live/pdf/scripts/national-lampoons-vacation-1983.pdf?v=1729114960,National Lampoons Vacation,,,left_only,National Lampoons Vacation,,,,https://assets.scriptslug.com/live/pdf/scripts/national-lampoons-vacation-1983.pdf?v=1729114960,pdf
https://assets.scriptslug.com/live/pdf/scripts/national-treasure-2004.pdf?v=1729114960,National Treasure,,,left_only,National Treasure,,,,https://assets.scriptslug.com/live/pdf/scripts/national-treasure-2004.pdf?v=1729114960,pdf
https://assets.scriptslug.com/live/pdf/scripts/natural-born-killer-1994.pdf?v=1729114960,Natural Born Killers,Natural Born Killers,https://imsdb.com//scripts//Natural-Born-Killers.html,both,Natural Born Killers,,,,https://assets.scriptslug.com/live/pdf/scripts/natural-born-killer-1994.pdf?v=1729114960,pdf
https://assets.scriptslug.com/live/pdf/scripts/near-dark-1987.pdf?v=1729114960,Near Dark,,,left_only,Near Dark,,,,https://assets.scriptslug.com/live/pdf/scripts/near-dark-1987.pdf?v=1729114960,pdf
https://assets.scriptslug.com/live/pdf/scripts/nebraska-2013.pdf?v=1729114960,Nebraska,,,left_only,Nebraska,,,,https://assets.scriptslug.com/live/pdf/scripts/nebraska-2013.pdf?v=1729114960,pdf
https://assets.scriptslug.com/live/pdf/scripts/nell-2024.pdf?v=1741848457,Nell,,,left_only,Nell,,,,https://assets.scriptslug.com/live/pdf/scripts/nell-2024.pdf?v=1741848457,pdf
https://assets.scriptslug.com/live/pdf/scripts/network-1976.pdf?v=1729114961,Network,,,left_only,Network,,,,https://assets.scriptslug.com/live/pdf/scripts/network-1976.pdf?v=1729114961,pdf
,,Never Been Kissed,https://imsdb.com//scripts//Never-Been-Kissed.html,right_only,Never Been Kissed,,,,https://imsdb.com//scripts//Never-Been-Kissed.html,html
https://assets.scriptslug.com/live/pdf/scripts/never-look-away-2018.pdf?v=1729114961,Never Look Away,,,left_only,Never Look Away,,,,https://assets.scriptslug.com/live/pdf/scripts/never-look-away-2018.pdf?v=1729114961,pdf
https://assets.scriptslug.com/live/pdf/scripts/never-rarely-sometimes-always-2020.pdf?v=1729114961,Never Rarely Sometimes Always,,,left_only,Never Rarely Sometimes Always,,,,https://assets.scriptslug.com/live/pdf/scripts/never-rarely-sometimes-always-2020.pdf?v=1729114961,pdf
https://assets.scriptslug.com/live/pdf/scripts/new-jack-city-1991.pdf?v=1729114961,New Jack City,,,left_only,New Jack City,,,,https://assets.scriptslug.com/live/pdf/scripts/new-jack-city-1991.pdf?v=1729114961,pdf
,,New York Minute,https://imsdb.com//scripts//New-York-Minute.html,right_only,New York Minute,,,,https://imsdb.com//scripts//New-York-Minute.html,html
,,Newsies,https://imsdb.com//scripts//Newsies.html,right_only,Newsies,,,,https://imsdb.com//scripts//Newsies.html,html
,,Next,https://imsdb.com//scripts//Next.html,right_only,Next,,,,https://imsdb.com//scripts//Next.html,html
,,Next Friday,https://imsdb.com//scripts//Next-Friday.html,right_only,Next Friday,,,,https://imsdb.com//scripts//Next-Friday.html,html
,,Ni Vu Ni Connu,https://imsdb.com//scripts//Ni-vu-ni-connu.html,right_only,Ni Vu Ni Connu,,,,https://imsdb.com//scripts//Ni-vu-ni-connu.html,html
https://assets.scriptslug.com/live/pdf/scripts/nick-and-norahs-infiinite-playlist-2008.pdf?v=1729114961,Nick And Norahs Infinite Playlist,,,left_only,Nick And Norahs Infinite Playlist,,,,https://assets.scriptslug.com/live/pdf/scripts/nick-and-norahs-infiinite-playlist-2008.pdf?v=1729114961,pdf
,,Nick Of Time,https://imsdb.com//scripts//Nick-of-Time.html,right_only,Nick Of Time,,,,https://imsdb.com//scripts//Nick-of-Time.html,html
https://assets.scriptslug.com/live/pdf/scripts/nickel-boys-2024.pdf?v=1738464415,Nickel Boys,Nickel Boys,https://imsdb.com//scripts//Nickel-Boys.html,both,Nickel Boys,,,,https://assets.scriptslug.com/live/pdf/scripts/nickel-boys-2024.pdf?v=1738464415,pdf
https://assets.scriptslug.com/live/pdf/scripts/night-nurse-1931.pdf?v=1729114961,Night Nurse,,,left_only,Night Nurse,,,,https://assets.scriptslug.com/live/pdf/scripts/night-nurse-1931.pdf?v=1729114961,pdf
https://assets.scriptslug.com/live/pdf/scripts/night-of-the-demons-1988.pdf?v=1729114961,Night Of The Demons,,,left_only,Night Of The Demons,,,,https://assets.scriptslug.com/live/pdf/scripts/night-of-the-demons-1988.pdf?v=1729114961,pdf
https://assets.scriptslug.com/live/pdf/scripts/night-of-the-living-dead-1968.pdf?v=1729114962,Night Of The Living Dead,,,left_only,Night Of The Living Dead,,,,https://assets.scriptslug.com/live/pdf/scripts/night-of-the-living-dead-1968.pdf?v=1729114962,pdf
,,Night Time (the Poltergeist Treatment),https://imsdb.com//scripts//Night-Time-(The-Poltergeist-Treatment).html,right_only,Night Time (the Poltergeist Treatment),,,,https://imsdb.com//scripts//Night-Time-(The-Poltergeist-Treatment).html,html
https://assets.scriptslug.com/live/pdf/scripts/nightbitch-2024.pdf?v=1738547724,Nightbitch,,,left_only,Nightbitch,,,,https://assets.scriptslug.com/live/pdf/scripts/nightbitch-2024.pdf?v=1738547724,pdf
,,Nightbreed,https://imsdb.com//scripts//Nightbreed.html,right_only,Nightbreed,,,,https://imsdb.com//scripts//Nightbreed.html,html
https://assets.scriptslug.com/live/pdf/scripts/nightcrawler-2014.pdf?v=1729114962,Nightcrawler,,,left_only,Nightcrawler,,,,https://assets.scriptslug.com/live/pdf/scripts/nightcrawler-2014.pdf?v=1729114962,pdf
https://assets.scriptslug.com/live/pdf/scripts/nightmare-alley-2021.pdf?v=1729114962,Nightmare Alley,,,left_only,Nightmare Alley,,,,https://assets.scriptslug.com/live/pdf/scripts/nightmare-alley-2021.pdf?v=1729114962,pdf
,,Nightmare On Elm Street A,"https://imsdb.com//scripts//Nightmare-on-Elm-Street,-A.html",right_only,Nightmare On Elm Street A,,,,"https://imsdb.com//scripts//Nightmare-on-Elm-Street,-A.html",html
,,Nightmare On Elm Street The Final Chapter,https://imsdb.com//scripts//Nightmare-on-Elm-Street-The-Final-Chapter.html,right_only,Nightmare On Elm Street The Final Chapter,,,,https://imsdb.com//scripts//Nightmare-on-Elm-Street-The-Final-Chapter.html,html
,,Nine,https://imsdb.com//scripts//Nine.html,right_only,Nine,,,,https://imsdb.com//scripts//Nine.html,html
https://assets.scriptslug.com/live/pdf/scripts/nine-days-2020.pdf?v=1729114962,Nine Days,,,left_only,Nine Days,,,,https://assets.scriptslug.com/live/pdf/scripts/nine-days-2020.pdf?v=1729114962,pdf
https://assets.scriptslug.com/live/pdf/scripts/ninja-assassin-2009.pdf?v=1729114962,Ninja Assassin,Ninja Assassin,https://imsdb.com//scripts//Ninja-Assassin.html,both,Ninja Assassin,,,,https://assets.scriptslug.com/live/pdf/scripts/ninja-assassin-2009.pdf?v=1729114962,pdf
,,Ninotchka,https://imsdb.com//scripts//Ninotchka.html,right_only,Ninotchka,,,,https://imsdb.com//scripts//Ninotchka.html,html
https://assets.scriptslug.com/live/pdf/scripts/nixon-1995.pdf?v=1729114962,Nixon,,,left_only,Nixon,,,,https://assets.scriptslug.com/live/pdf/scripts/nixon-1995.pdf?v=1729114962,pdf
https://assets.scriptslug.com/live/pdf/scripts/no-country-for-old-men-2007.pdf?v=1729114962,No Country For Old Men,No Country For Old Men,https://imsdb.com//scripts//No-Country-for-Old-Men.html,both,No Country For Old Men,,,,https://assets.scriptslug.com/live/pdf/scripts/no-country-for-old-men-2007.pdf?v=1729114962,pdf
https://assets.scriptslug.com/live/pdf/scripts/no-hard-feelings-2023.pdf?v=1729114963,No Hard Feelings,No Hard Feelings,https://imsdb.com//scripts//No-Hard-Feelings.html,both,No Hard Feelings,,,,https://assets.scriptslug.com/live/pdf/scripts/no-hard-feelings-2023.pdf?v=1729114963,pdf
https://assets.scriptslug.com/live/pdf/scripts/no-one-will-save-you-2023.pdf?v=1729114963,No One Will Save You,No One Will Save You,https://imsdb.com//scripts//No-One-Will-Save-You.html,both,No One Will Save You,,,,https://assets.scriptslug.com/live/pdf/scripts/no-one-will-save-you-2023.pdf?v=1729114963,pdf
,,No Strings Attached,https://imsdb.com//scripts//No-Strings-Attached.html,right_only,No Strings Attached,,,,https://imsdb.com//scripts//No-Strings-Attached.html,html
https://assets.scriptslug.com/live/pdf/scripts/no-time-to-die-2021.pdf?v=1729114963,No Time To Die,,,left_only,No Time To Die,,,,https://assets.scriptslug.com/live/pdf/scripts/no-time-to-die-2021.pdf?v=1729114963,pdf
https://assets.scriptslug.com/live/pdf/scripts/nocturnal-animals-2016.pdf?v=1729114963,Nocturnal Animals,,,left_only,Nocturnal Animals,,,,https://assets.scriptslug.com/live/pdf/scripts/nocturnal-animals-2016.pdf?v=1729114963,pdf
https://assets.scriptslug.com/live/pdf/scripts/nomadland-2020.pdf?v=1729114963,Nomadland,,,left_only,Nomadland,,,,https://assets.scriptslug.com/live/pdf/scripts/nomadland-2020.pdf?v=1729114963,pdf
https://assets.scriptslug.com/live/pdf/scripts/nope-2022.pdf?v=1729114963,Nope,,,left_only,Nope,,,,https://assets.scriptslug.com/live/pdf/scripts/nope-2022.pdf?v=1729114963,pdf
https://assets.scriptslug.com/live/pdf/scripts/norma-rae-1979.pdf?v=1729114963,Norma Rae,,,left_only,Norma Rae,,,,https://assets.scriptslug.com/live/pdf/scripts/norma-rae-1979.pdf?v=1729114963,pdf
https://assets.scriptslug.com/live/pdf/scripts/north-by-northwest-1959.pdf?v=1729114963,North By Northwest,,,left_only,North By Northwest,,,,https://assets.scriptslug.com/live/pdf/scripts/north-by-northwest-1959.pdf?v=1729114963,pdf
https://assets.scriptslug.com/live/pdf/scripts/nosferatu-2025.pdf?v=1739901972,Nosferatu,,,left_only,Nosferatu,,,,https://assets.scriptslug.com/live/pdf/scripts/nosferatu-2025.pdf?v=1739901972,pdf
https://assets.scriptslug.com/live/pdf/scripts/not-easily-broken-2009.pdf?v=1729114963,Not Easily Broken,,,left_only,Not Easily Broken,,,,https://assets.scriptslug.com/live/pdf/scripts/not-easily-broken-2009.pdf?v=1729114963,pdf
https://assets.scriptslug.com/live/pdf/scripts/notorious-2009.pdf?v=1729114964,Notorious,,,left_only,Notorious,,,,https://assets.scriptslug.com/live/pdf/scripts/notorious-2009.pdf?v=1729114964,pdf
https://assets.scriptslug.com/live/pdf/scripts/notting-hill-1999.pdf?v=1729114964,Notting Hill,Notting Hill,https://imsdb.com//scripts//Notting-Hill.html,both,Notting Hill,,,,https://assets.scriptslug.com/live/pdf/scripts/notting-hill-1999.pdf?v=1729114964,pdf
https://assets.scriptslug.com/live/pdf/scripts/now-you-see-me-2013.pdf?v=1729114964,Now You See Me,,,left_only,Now You See Me,,,,https://assets.scriptslug.com/live/pdf/scripts/now-you-see-me-2013.pdf?v=1729114964,pdf
https://assets.scriptslug.com/live/pdf/scripts/nowhere-boy-2009.pdf?v=1729114964,Nowhere Boy,,,left_only,Nowhere Boy,,,,https://assets.scriptslug.com/live/pdf/scripts/nowhere-boy-2009.pdf?v=1729114964,pdf
,,Nurse Betty,https://imsdb.com//scripts//Nurse-Betty.html,right_only,Nurse Betty,,,,https://imsdb.com//scripts//Nurse-Betty.html,html
,,Oblivion,https://imsdb.com//scripts//Oblivion.html,right_only,Oblivion,,,,https://imsdb.com//scripts//Oblivion.html,html
,,Observe And Report,https://imsdb.com//scripts//Observe-and-Report.html,right_only,Observe And Report,,,,https://imsdb.com//scripts//Observe-and-Report.html,html
,,Obsessed,https://imsdb.com//scripts//Obsessed.html,right_only,Obsessed,,,,https://imsdb.com//scripts//Obsessed.html,html
https://assets.scriptslug.com/live/pdf/scripts/oceans-8-2018.pdf?v=1729114964,Oceans 8,,,left_only,Oceans 8,,,,https://assets.scriptslug.com/live/pdf/scripts/oceans-8-2018.pdf?v=1729114964,pdf
https://assets.scriptslug.com/live/pdf/scripts/oceans-eleven-2001.pdf?v=1729114964,Oceans Eleven,Oceans Eleven,https://imsdb.com//scripts//Ocean's-Eleven.html,both,Oceans Eleven,,,,https://assets.scriptslug.com/live/pdf/scripts/oceans-eleven-2001.pdf?v=1729114964,pdf
https://assets.scriptslug.com/live/pdf/scripts/oceans-twelve-2004.pdf?v=1729114964,Oceans Twelve,Oceans Twelve,https://imsdb.com//scripts//Ocean's-Twelve.html,both,Oceans Twelve,,,,https://assets.scriptslug.com/live/pdf/scripts/oceans-twelve-2004.pdf?v=1729114964,pdf
https://assets.scriptslug.com/live/pdf/scripts/octupussy-1983.pdf?v=1729114964,Octopussy,,,left_only,Octopussy,,,,https://assets.scriptslug.com/live/pdf/scripts/octupussy-1983.pdf?v=1729114964,pdf
https://assets.scriptslug.com/live/pdf/scripts/oculus-2013.pdf?v=1729114964,Oculus,,,left_only,Oculus,,,,https://assets.scriptslug.com/live/pdf/scripts/oculus-2013.pdf?v=1729114964,pdf
https://assets.scriptslug.com/live/pdf/scripts/office-space-1999.pdf?v=1729114964,Office Space,Office Space,https://imsdb.com//scripts//Office-Space.html,both,Office Space,,,,https://assets.scriptslug.com/live/pdf/scripts/office-space-1999.pdf?v=1729114964,pdf
https://assets.scriptslug.com/live/pdf/scripts/okja-2017.pdf?v=1729114965,Okja,,,left_only,Okja,,,,https://assets.scriptslug.com/live/pdf/scripts/okja-2017.pdf?v=1729114965,pdf
https://assets.scriptslug.com/live/pdf/scripts/olympus-has-fallen-2013.pdf?v=1729114965,Olympus Has Fallen,,,left_only,Olympus Has Fallen,,,,https://assets.scriptslug.com/live/pdf/scripts/olympus-has-fallen-2013.pdf?v=1729114965,pdf
,,Omega Man,https://imsdb.com//scripts//Omega-Man.html,right_only,Omega Man,,,,https://imsdb.com//scripts//Omega-Man.html,html
https://assets.scriptslug.com/live/pdf/scripts/on-the-basis-of-sex-2018.pdf?v=1729114965,On The Basis Of Sex,,,left_only,On The Basis Of Sex,,,,https://assets.scriptslug.com/live/pdf/scripts/on-the-basis-of-sex-2018.pdf?v=1729114965,pdf
https://assets.scriptslug.com/live/pdf/scripts/once-upon-a-time-in-america-1984.pdf?v=1729114965,Once Upon A Time In America,,,left_only,Once Upon A Time In America,,,,https://assets.scriptslug.com/live/pdf/scripts/once-upon-a-time-in-america-1984.pdf?v=1729114965,pdf
https://assets.scriptslug.com/live/pdf/scripts/once-upon-a-time-in-mexico-2003.pdf?v=1729114965,Once Upon A Time In Mexico,,,left_only,Once Upon A Time In Mexico,,,,https://assets.scriptslug.com/live/pdf/scripts/once-upon-a-time-in-mexico-2003.pdf?v=1729114965,pdf
https://assets.scriptslug.com/live/pdf/scripts/one-eighty-seven-1999.pdf?v=1729114965,One Eight Seven,,,left_only,One Eight Seven,,,,https://assets.scriptslug.com/live/pdf/scripts/one-eighty-seven-1999.pdf?v=1729114965,pdf
https://assets.scriptslug.com/live/pdf/scripts/one-flew-over-the-cuckoos-nest-1975.pdf?v=1729114965,One Flew Over The Cuckoos Nest,One Flew Over The Cuckoos Nest,https://imsdb.com//scripts//One-Flew-Over-the-Cuckoo's-Nest.html,both,One Flew Over The Cuckoos Nest,,,,https://assets.scriptslug.com/live/pdf/scripts/one-flew-over-the-cuckoos-nest-1975.pdf?v=1729114965,pdf
https://assets.scriptslug.com/live/pdf/scripts/one-night-in-miami-2020.pdf?v=1729114965,One Night In Miami,,,left_only,One Night In Miami,,,,https://assets.scriptslug.com/live/pdf/scripts/one-night-in-miami-2020.pdf?v=1729114965,pdf
,,Only God Forgives,https://imsdb.com//scripts//Only-God-Forgives.html,right_only,Only God Forgives,,,,https://imsdb.com//scripts//Only-God-Forgives.html,html
https://assets.scriptslug.com/live/pdf/scripts/only-lovers-left-alive-2013.pdf?v=1729114965,Only Lovers Left Alive,,,left_only,Only Lovers Left Alive,,,,https://assets.scriptslug.com/live/pdf/scripts/only-lovers-left-alive-2013.pdf?v=1729114965,pdf
https://assets.scriptslug.com/live/pdf/scripts/only-the-brave-2017.pdf?v=1729114966,Only The Brave,,,left_only,Only The Brave,,,,https://assets.scriptslug.com/live/pdf/scripts/only-the-brave-2017.pdf?v=1729114966,pdf
,,Onward,https://imsdb.com//scripts//Onward.html,right_only,Onward,,,,https://imsdb.com//scripts//Onward.html,html
https://assets.scriptslug.com/live/pdf/scripts/oppenheimer-2023.pdf?v=1729114966,Oppenheimer,Oppenheimer,https://imsdb.com//scripts//Oppenheimer.html,both,Oppenheimer,,,,https://assets.scriptslug.com/live/pdf/scripts/oppenheimer-2023.pdf?v=1729114966,pdf
https://assets.scriptslug.com/live/pdf/scripts/ordinary-people-1980.pdf?v=1729114966,Ordinary People,Ordinary People,https://imsdb.com//scripts//Ordinary-People.html,both,Ordinary People,,,,https://assets.scriptslug.com/live/pdf/scripts/ordinary-people-1980.pdf?v=1729114966,pdf
,,Orgy Of The Dead,https://imsdb.com//scripts//Orgy-of-the-Dead.html,right_only,Orgy Of The Dead,,,,https://imsdb.com//scripts//Orgy-of-the-Dead.html,html
https://assets.scriptslug.com/live/pdf/scripts/origin-2023.pdf?v=1729114966,Origin,Origin,https://imsdb.com//scripts//Origin.html,both,Origin,,,,https://assets.scriptslug.com/live/pdf/scripts/origin-2023.pdf?v=1729114966,pdf
https://assets.scriptslug.com/live/pdf/scripts/orphan-2008.pdf?v=1729114966,Orphan,Orphan,https://imsdb.com//scripts//Orphan.html,both,Orphan,,,,https://assets.scriptslug.com/live/pdf/scripts/orphan-2008.pdf?v=1729114966,pdf
https://assets.scriptslug.com/live/pdf/scripts/ouija-2014.pdf?v=1729114966,Ouija,,,left_only,Ouija,,,,https://assets.scriptslug.com/live/pdf/scripts/ouija-2014.pdf?v=1729114966,pdf
https://assets.scriptslug.com/live/pdf/scripts/out-of-africa-1985.pdf?v=1729114966,Out Of Africa,,,left_only,Out Of Africa,,,,https://assets.scriptslug.com/live/pdf/scripts/out-of-africa-1985.pdf?v=1729114966,pdf
,,Out Of Sight,https://imsdb.com//scripts//Out-of-Sight.html,right_only,Out Of Sight,,,,https://imsdb.com//scripts//Out-of-Sight.html,html
https://assets.scriptslug.com/live/pdf/scripts/outlaw-king-2018.pdf?v=1729114966,Outlaw King,,,left_only,Outlaw King,,,,https://assets.scriptslug.com/live/pdf/scripts/outlaw-king-2018.pdf?v=1729114966,pdf
https://assets.scriptslug.com/live/pdf/scripts/over-the-moon-2020.pdf?v=1729114966,Over The Moon,,,left_only,Over The Moon,,,,https://assets.scriptslug.com/live/pdf/scripts/over-the-moon-2020.pdf?v=1729114966,pdf
https://assets.scriptslug.com/live/pdf/scripts/overboard-1987.pdf?v=1729114967,Overboard,,,left_only,Overboard,,,,https://assets.scriptslug.com/live/pdf/scripts/overboard-1987.pdf?v=1729114967,pdf
https://assets.scriptslug.com/live/pdf/scripts/overboard-2018.pdf?v=1729114967,Overboard,,,left_only,Overboard,,,,https://assets.scriptslug.com/live/pdf/scripts/overboard-2018.pdf?v=1729114967,pdf
https://assets.scriptslug.com/live/pdf/scripts/overlord-2018.pdf?v=1729114967,Overlord,,,left_only,Overlord,,,,https://assets.scriptslug.com/live/pdf/scripts/overlord-2018.pdf?v=1729114967,pdf
https://assets.scriptslug.com/live/pdf/scripts/pacific-rim-2013.pdf?v=1729114967,Pacific Rim,,,left_only,Pacific Rim,,,,https://assets.scriptslug.com/live/pdf/scripts/pacific-rim-2013.pdf?v=1729114967,pdf
https://assets.scriptslug.com/live/pdf/scripts/paddington-2-2018.pdf?v=1729114967,Paddington 2,,,left_only,Paddington 2,,,,https://assets.scriptslug.com/live/pdf/scripts/paddington-2-2018.pdf?v=1729114967,pdf
https://assets.scriptslug.com/live/pdf/scripts/pain-and-glory-2019.pdf?v=1729114967,Pain And Glory,,,left_only,Pain And Glory,,,,https://assets.scriptslug.com/live/pdf/scripts/pain-and-glory-2019.pdf?v=1729114967,pdf
https://assets.scriptslug.com/live/pdf/scripts/palm-springs-2020.pdf?v=1729114967,Palm Springs,,,left_only,Palm Springs,,,,https://assets.scriptslug.com/live/pdf/scripts/palm-springs-2020.pdf?v=1729114967,pdf
,,Pandorum,https://imsdb.com//scripts//Pandorum.html,right_only,Pandorum,,,,https://imsdb.com//scripts//Pandorum.html,html
https://assets.scriptslug.com/live/pdf/scripts/panic-room-2002.pdf?v=1729114967,Panic Room,Panic Room,https://imsdb.com//scripts//Panic-Room.html,both,Panic Room,,,,https://assets.scriptslug.com/live/pdf/scripts/panic-room-2002.pdf?v=1729114967,pdf
https://assets.scriptslug.com/live/pdf/scripts/pans-labyrinth-2006.pdf?v=1729114967,Pans Labyrinth,,,left_only,Pans Labyrinth,,,,https://assets.scriptslug.com/live/pdf/scripts/pans-labyrinth-2006.pdf?v=1729114967,pdf
https://assets.scriptslug.com/live/pdf/scripts/paper-moon-1973.pdf?v=1729114968,Paper Moon,,,left_only,Paper Moon,,,,https://assets.scriptslug.com/live/pdf/scripts/paper-moon-1973.pdf?v=1729114968,pdf
https://assets.scriptslug.com/live/pdf/scripts/papillon-2017.pdf?v=1729114968,Papillon,,,left_only,Papillon,,,,https://assets.scriptslug.com/live/pdf/scripts/papillon-2017.pdf?v=1729114968,pdf
https://assets.scriptslug.com/live/pdf/scripts/paradise-2013.pdf?v=1729114968,Paradise,,,left_only,Paradise,,,,https://assets.scriptslug.com/live/pdf/scripts/paradise-2013.pdf?v=1729114968,pdf
https://assets.scriptslug.com/live/pdf/scripts/parallel-mothers-2021.pdf?v=1729114968,Parallel Mothers,,,left_only,Parallel Mothers,,,,https://assets.scriptslug.com/live/pdf/scripts/parallel-mothers-2021.pdf?v=1729114968,pdf
https://assets.scriptslug.com/live/pdf/scripts/paranorman-2012.pdf?v=1729114968,Paranorman,Paranorman,https://imsdb.com//scripts//ParaNorman.html,both,Paranorman,,,,https://assets.scriptslug.com/live/pdf/scripts/paranorman-2012.pdf?v=1729114968,pdf
https://assets.scriptslug.com/live/pdf/scripts/parasite-2019.pdf?v=1729114968,Parasite,,,left_only,Parasite,,,,https://assets.scriptslug.com/live/pdf/scripts/parasite-2019.pdf?v=1729114968,pdf
https://assets.scriptslug.com/live/pdf/scripts/pariah-2011.pdf?v=1729114968,Pariah,Pariah,https://imsdb.com//scripts//Pariah.html,both,Pariah,,,,https://assets.scriptslug.com/live/pdf/scripts/pariah-2011.pdf?v=1729114968,pdf
https://assets.scriptslug.com/live/pdf/scripts/passengers-2011.pdf?v=1729114969,Passengers,Passengers,https://imsdb.com//scripts//Passengers.html,both,Passengers,,,,https://assets.scriptslug.com/live/pdf/scripts/passengers-2011.pdf?v=1729114969,pdf
https://assets.scriptslug.com/live/pdf/scripts/passing-2021.pdf?v=1729114969,Passing,,,left_only,Passing,,,,https://assets.scriptslug.com/live/pdf/scripts/passing-2021.pdf?v=1729114969,pdf
https://assets.scriptslug.com/live/pdf/scripts/past-lives-2023.pdf?v=1729114969,Past Lives,,,left_only,Past Lives,,,,https://assets.scriptslug.com/live/pdf/scripts/past-lives-2023.pdf?v=1729114969,pdf
,,Paul,https://imsdb.com//scripts//Paul.html,right_only,Paul,,,,https://imsdb.com//scripts//Paul.html,html
https://assets.scriptslug.com/live/pdf/scripts/pawn-sacrifice-2014.pdf?v=1729114970,Pawn Sacrifice,,,left_only,Pawn Sacrifice,,,,https://assets.scriptslug.com/live/pdf/scripts/pawn-sacrifice-2014.pdf?v=1729114970,pdf
,,Pearl Harbor,https://imsdb.com//scripts//Pearl-Harbor.html,right_only,Pearl Harbor,,,,https://imsdb.com//scripts//Pearl-Harbor.html,html
,,Peeping Tom,https://imsdb.com//scripts//Peeping-Tom.html,right_only,Peeping Tom,,,,https://imsdb.com//scripts//Peeping-Tom.html,html
https://assets.scriptslug.com/live/pdf/scripts/peggy-sue-got-married-1986.pdf?v=1729114970,Peggy Sue Got Married,Peggy Sue Got Married,https://imsdb.com//scripts//Peggy-Sue-Got-Married.html,both,Peggy Sue Got Married,,,,https://assets.scriptslug.com/live/pdf/scripts/peggy-sue-got-married-1986.pdf?v=1729114970,pdf
,,Perfect Creature,https://imsdb.com//scripts//Perfect-Creature.html,right_only,Perfect Creature,,,,https://imsdb.com//scripts//Perfect-Creature.html,html
,,Perfect World A,"https://imsdb.com//scripts//Perfect-World,-A.html",right_only,Perfect World A,,,,"https://imsdb.com//scripts//Perfect-World,-A.html",html
https://assets.scriptslug.com/live/pdf/scripts/personal-best-1982.pdf?v=1729114970,Personal Best,,,left_only,Personal Best,,,,https://assets.scriptslug.com/live/pdf/scripts/personal-best-1982.pdf?v=1729114970,pdf
https://assets.scriptslug.com/live/pdf/scripts/pet-sematary-2019.pdf?v=1729114970,Pet Sematary,Pet Sematary,https://imsdb.com//scripts//Pet-Sematary.html,both,Pet Sematary,,,,https://assets.scriptslug.com/live/pdf/scripts/pet-sematary-2019.pdf?v=1729114970,pdf
,,Pet Sematary 2,https://imsdb.com//scripts//Pet-Sematary-II.html,right_only,Pet Sematary 2,,,,https://imsdb.com//scripts//Pet-Sematary-II.html,html
,,Petulia,https://imsdb.com//scripts//Petulia.html,right_only,Petulia,,,,https://imsdb.com//scripts//Petulia.html,html
https://assets.scriptslug.com/live/pdf/scripts/phantom-of-the-opera-2004.pdf?v=1729114970,Phantom Of The Opera,,,left_only,Phantom Of The Opera,,,,https://assets.scriptslug.com/live/pdf/scripts/phantom-of-the-opera-2004.pdf?v=1729114970,pdf
https://assets.scriptslug.com/live/pdf/scripts/phantom-thread-2017.pdf?v=1729114970,Phantom Thread,,,left_only,Phantom Thread,,,,https://assets.scriptslug.com/live/pdf/scripts/phantom-thread-2017.pdf?v=1729114970,pdf
https://assets.scriptslug.com/live/pdf/scripts/philadelphia-1993.pdf?v=1729114970,Philadelphia,Philadelphia,https://imsdb.com//scripts//Philadelphia.html,both,Philadelphia,,,,https://assets.scriptslug.com/live/pdf/scripts/philadelphia-1993.pdf?v=1729114970,pdf
,,Phone Booth,https://imsdb.com//scripts//Phone-Booth.html,right_only,Phone Booth,,,,https://imsdb.com//scripts//Phone-Booth.html,html
,,Pi,https://imsdb.com//scripts//Pi.html,right_only,Pi,,,,https://imsdb.com//scripts//Pi.html,html
https://assets.scriptslug.com/live/pdf/scripts/picnic-at-hanging-rock-1975.pdf?v=1729114970,Picnic At Hanging Rock,,,left_only,Picnic At Hanging Rock,,,,https://assets.scriptslug.com/live/pdf/scripts/picnic-at-hanging-rock-1975.pdf?v=1729114970,pdf
https://assets.scriptslug.com/live/pdf/scripts/pineapple-express-2008.pdf?v=1729114970,Pineapple Express,Pineapple Express,https://imsdb.com//scripts//Pineapple-Express.html,both,Pineapple Express,,,,https://assets.scriptslug.com/live/pdf/scripts/pineapple-express-2008.pdf?v=1729114970,pdf
,,Pirates Of The Caribbean,https://imsdb.com//scripts//Pirates-of-the-Caribbean.html,right_only,Pirates Of The Caribbean,,,,https://imsdb.com//scripts//Pirates-of-the-Caribbean.html,html
https://assets.scriptslug.com/live/pdf/scripts/pirates-of-the-caribbean-at-worlds-end-2007.pdf?v=1729114971,Pirates Of The Caribbean At Worlds End,,,left_only,Pirates Of The Caribbean At Worlds End,,,,https://assets.scriptslug.com/live/pdf/scripts/pirates-of-the-caribbean-at-worlds-end-2007.pdf?v=1729114971,pdf
https://assets.scriptslug.com/live/pdf/scripts/pirates-of-the-caribbean-dead-mans-chest-2006.pdf?v=1729114971,Pirates Of The Caribbean Dead Mans Chest,Pirates Of The Caribbean Dead Mans Chest,https://imsdb.com//scripts//Pirates-of-the-Caribbean-Dead-Man's-Chest.html,both,Pirates Of The Caribbean Dead Mans Chest,,,,https://assets.scriptslug.com/live/pdf/scripts/pirates-of-the-caribbean-dead-mans-chest-2006.pdf?v=1729114971,pdf
https://assets.scriptslug.com/live/pdf/scripts/pirates-of-the-caribbean-dead-men-tell-no-tales-2017.pdf?v=1729114971,Pirates Of The Caribbean Dead Men Tell No Tales,,,left_only,Pirates Of The Caribbean Dead Men Tell No Tales,,,,https://assets.scriptslug.com/live/pdf/scripts/pirates-of-the-caribbean-dead-men-tell-no-tales-2017.pdf?v=1729114971,pdf
https://assets.scriptslug.com/live/pdf/scripts/pirates-of-the-caribbean-on-stranger-tides-2011.pdf?v=1729114971,Pirates Of The Caribbean On Stranger Tides,,,left_only,Pirates Of The Caribbean On Stranger Tides,,,,https://assets.scriptslug.com/live/pdf/scripts/pirates-of-the-caribbean-on-stranger-tides-2011.pdf?v=1729114971,pdf
https://assets.scriptslug.com/live/pdf/scripts/pirates-of-the-caribbean-the-curse-of-the-black-pearl-2003.pdf?v=1729114971,Pirates Of The Caribbean The Curse Of The Black Pearl,,,left_only,Pirates Of The Caribbean The Curse Of The Black Pearl,,,,https://assets.scriptslug.com/live/pdf/scripts/pirates-of-the-caribbean-the-curse-of-the-black-pearl-2003.pdf?v=1729114971,pdf
,,Pitch Black,https://imsdb.com//scripts//Pitch-Black.html,right_only,Pitch Black,,,,https://imsdb.com//scripts//Pitch-Black.html,html
https://assets.scriptslug.com/live/pdf/scripts/pitch-perfect-2012.pdf?v=1729114971,Pitch Perfect,,,left_only,Pitch Perfect,,,,https://assets.scriptslug.com/live/pdf/scripts/pitch-perfect-2012.pdf?v=1729114971,pdf
https://assets.scriptslug.com/live/pdf/scripts/pitch-perfect-2-2015.pdf?v=1729114971,Pitch Perfect 2,,,left_only,Pitch Perfect 2,,,,https://assets.scriptslug.com/live/pdf/scripts/pitch-perfect-2-2015.pdf?v=1729114971,pdf
https://assets.scriptslug.com/live/pdf/scripts/pixels-2015.pdf?v=1729114971,Pixels,,,left_only,Pixels,,,,https://assets.scriptslug.com/live/pdf/scripts/pixels-2015.pdf?v=1729114971,pdf
https://assets.scriptslug.com/live/pdf/scripts/planes-trains-and-automobiles-1987.pdf?v=1729114971,Planes Trains & Automobiles,,,left_only,Planes Trains & Automobiles,,,,https://assets.scriptslug.com/live/pdf/scripts/planes-trains-and-automobiles-1987.pdf?v=1729114971,pdf
https://assets.scriptslug.com/live/pdf/scripts/planet-of-the-apes-1968.pdf?v=1729114972,Planet Of The Apes,,,left_only,Planet Of The Apes,,,,https://assets.scriptslug.com/live/pdf/scripts/planet-of-the-apes-1968.pdf?v=1729114972,pdf
,,Platinum Blonde,https://imsdb.com//scripts//Platinum-Blonde.html,right_only,Platinum Blonde,,,,https://imsdb.com//scripts//Platinum-Blonde.html,html
,,Platoon,https://imsdb.com//scripts//Platoon.html,right_only,Platoon,,,,https://imsdb.com//scripts//Platoon.html,html
,,Pleasantville,https://imsdb.com//scripts//Pleasantville.html,right_only,Pleasantville,,,,https://imsdb.com//scripts//Pleasantville.html,html
https://assets.scriptslug.com/live/pdf/scripts/please-give-2010.pdf?v=1729114972,Please Give,,,left_only,Please Give,,,,https://assets.scriptslug.com/live/pdf/scripts/please-give-2010.pdf?v=1729114972,pdf
https://assets.scriptslug.com/live/pdf/scripts/poetic-justice-1993.pdf?v=1729114972,Poetic Justice,,,left_only,Poetic Justice,,,,https://assets.scriptslug.com/live/pdf/scripts/poetic-justice-1993.pdf?v=1729114972,pdf
,,Point Break,https://imsdb.com//scripts//Point-Break.html,right_only,Point Break,,,,https://imsdb.com//scripts//Point-Break.html,html
,,Pokemon Mewtwo Returns,https://imsdb.com//scripts//Pokemon-Mewtwo-Returns.html,right_only,Pokemon Mewtwo Returns,,,,https://imsdb.com//scripts//Pokemon-Mewtwo-Returns.html,html
https://assets.scriptslug.com/live/pdf/scripts/police-academy-1984.pdf?v=1729114972,Police Academy,,,left_only,Police Academy,,,,https://assets.scriptslug.com/live/pdf/scripts/police-academy-1984.pdf?v=1729114972,pdf
https://assets.scriptslug.com/live/pdf/scripts/police-academy-2-the-first-assignment-1985.pdf?v=1729114972,Police Academy 2 Their First Assignment,,,left_only,Police Academy 2 Their First Assignment,,,,https://assets.scriptslug.com/live/pdf/scripts/police-academy-2-the-first-assignment-1985.pdf?v=1729114972,pdf
https://assets.scriptslug.com/live/pdf/scripts/police-academy-3-back-in-training-1986.pdf?v=1729114972,Police Academy 3 Back In Training,,,left_only,Police Academy 3 Back In Training,,,,https://assets.scriptslug.com/live/pdf/scripts/police-academy-3-back-in-training-1986.pdf?v=1729114972,pdf
https://assets.scriptslug.com/live/pdf/scripts/poltergeist-1982.pdf?v=1729114972,Poltergeist,,,left_only,Poltergeist,,,,https://assets.scriptslug.com/live/pdf/scripts/poltergeist-1982.pdf?v=1729114972,pdf
https://assets.scriptslug.com/live/pdf/scripts/poor-things-2023.pdf?v=1729114972,Poor Things,Poor Things,https://imsdb.com//scripts//Poor-Things.html,both,Poor Things,,,,https://assets.scriptslug.com/live/pdf/scripts/poor-things-2023.pdf?v=1729114972,pdf
https://assets.scriptslug.com/live/pdf/scripts/popstar-never-stop-stopping-2016.pdf?v=1729114972,Popstar Never Stop Never Stopping,,,left_only,Popstar Never Stop Never Stopping,,,,https://assets.scriptslug.com/live/pdf/scripts/popstar-never-stop-stopping-2016.pdf?v=1729114972,pdf
https://assets.scriptslug.com/live/pdf/scripts/porkys-1981.pdf?v=1729114973,Porkys,,,left_only,Porkys,,,,https://assets.scriptslug.com/live/pdf/scripts/porkys-1981.pdf?v=1729114973,pdf
https://assets.scriptslug.com/live/pdf/scripts/porkys-revenge-1985.pdf?v=1729114973,Porkys Revenge,,,left_only,Porkys Revenge,,,,https://assets.scriptslug.com/live/pdf/scripts/porkys-revenge-1985.pdf?v=1729114973,pdf
https://assets.scriptslug.com/live/pdf/scripts/postcards-from-the-edge-1990.pdf?v=1729114973,Postcards From The Edge,,,left_only,Postcards From The Edge,,,,https://assets.scriptslug.com/live/pdf/scripts/postcards-from-the-edge-1990.pdf?v=1729114973,pdf
https://assets.scriptslug.com/live/pdf/scripts/precious-2009.pdf?v=1729114973,Precious,Precious,https://imsdb.com//scripts//Precious.html,both,Precious,,,,https://assets.scriptslug.com/live/pdf/scripts/precious-2009.pdf?v=1729114973,pdf
https://assets.scriptslug.com/live/pdf/scripts/predator-1987.pdf?v=1729114973,Predator,Predator,https://imsdb.com//scripts//Predator.html,both,Predator,,,,https://assets.scriptslug.com/live/pdf/scripts/predator-1987.pdf?v=1729114973,pdf
https://assets.scriptslug.com/live/pdf/scripts/predator-2-1990.pdf?v=1729114973,Predator 2,,,left_only,Predator 2,,,,https://assets.scriptslug.com/live/pdf/scripts/predator-2-1990.pdf?v=1729114973,pdf
https://assets.scriptslug.com/live/pdf/scripts/predators-2010.pdf?v=1729114973,Predators,,,left_only,Predators,,,,https://assets.scriptslug.com/live/pdf/scripts/predators-2010.pdf?v=1729114973,pdf
https://assets.scriptslug.com/live/pdf/scripts/pretty-woman-1990.pdf?v=1729114973,Pretty Woman,Pretty Woman,https://imsdb.com//scripts//Pretty-Woman.html,both,Pretty Woman,,,,https://assets.scriptslug.com/live/pdf/scripts/pretty-woman-1990.pdf?v=1729114973,pdf
,,Pretty Woman (final Script),https://imsdb.com//scripts//Pretty-Woman-(final-script).html,right_only,Pretty Woman (final Script),,,,https://imsdb.com//scripts//Pretty-Woman-(final-script).html,html
https://assets.scriptslug.com/live/pdf/scripts/prey-2022.pdf?v=1729114974,Prey,,,left_only,Prey,,,,https://assets.scriptslug.com/live/pdf/scripts/prey-2022.pdf?v=1729114974,pdf
,,Pride And Prejudice,https://imsdb.com//scripts//Pride-and-Prejudice.html,right_only,Pride And Prejudice,,,,https://imsdb.com//scripts//Pride-and-Prejudice.html,html
,,Priest,https://imsdb.com//scripts//Priest.html,right_only,Priest,,,,https://imsdb.com//scripts//Priest.html,html
https://assets.scriptslug.com/live/pdf/scripts/primary-colors-1994.pdf?v=1729114974,Primary Colors,,,left_only,Primary Colors,,,,https://assets.scriptslug.com/live/pdf/scripts/primary-colors-1994.pdf?v=1729114974,pdf
https://assets.scriptslug.com/live/pdf/scripts/prince-of-darkness-1987.pdf?v=1729114974,Prince Of Darkness,,,left_only,Prince Of Darkness,,,,https://assets.scriptslug.com/live/pdf/scripts/prince-of-darkness-1987.pdf?v=1729114974,pdf
https://assets.scriptslug.com/live/pdf/scripts/priscilla-2023.pdf?v=1729114974,Priscilla,Priscilla,https://imsdb.com//scripts//Priscilla.html,both,Priscilla,,,,https://assets.scriptslug.com/live/pdf/scripts/priscilla-2023.pdf?v=1729114974,pdf
https://assets.scriptslug.com/live/pdf/scripts/prisoners-2013.pdf?v=1729114974,Prisoners,,,left_only,Prisoners,,,,https://assets.scriptslug.com/live/pdf/scripts/prisoners-2013.pdf?v=1729114974,pdf
https://assets.scriptslug.com/live/pdf/scripts/private-life-2018.pdf?v=1729114974,Private Life,,,left_only,Private Life,,,,https://assets.scriptslug.com/live/pdf/scripts/private-life-2018.pdf?v=1729114974,pdf
,,Prom Night,https://imsdb.com//scripts//Prom-Night.html,right_only,Prom Night,,,,https://imsdb.com//scripts//Prom-Night.html,html
https://assets.scriptslug.com/live/pdf/scripts/prometheus-2012.pdf?v=1729114974,Prometheus,Prometheus,https://imsdb.com//scripts//Prometheus.html,both,Prometheus,,,,https://assets.scriptslug.com/live/pdf/scripts/prometheus-2012.pdf?v=1729114974,pdf
https://assets.scriptslug.com/live/pdf/scripts/promising-young-woman-2020.pdf?v=1729114974,Promising Young Woman,,,left_only,Promising Young Woman,,,,https://assets.scriptslug.com/live/pdf/scripts/promising-young-woman-2020.pdf?v=1729114974,pdf
https://assets.scriptslug.com/live/pdf/scripts/proof-of-life-2000.pdf?v=1729114975,Proof Of Life,,,left_only,Proof Of Life,,,,https://assets.scriptslug.com/live/pdf/scripts/proof-of-life-2000.pdf?v=1729114975,pdf
https://assets.scriptslug.com/live/pdf/scripts/prophetess-2021.pdf?v=1729114975,Prophetess,,,left_only,Prophetess,,,,https://assets.scriptslug.com/live/pdf/scripts/prophetess-2021.pdf?v=1729114975,pdf
https://assets.scriptslug.com/live/pdf/scripts/psycho-1960.pdf?v=1729114975,Psycho,Psycho,https://imsdb.com//scripts//Psycho.html,both,Psycho,,,,https://assets.scriptslug.com/live/pdf/scripts/psycho-1960.pdf?v=1729114975,pdf
,,Public Enemies,https://imsdb.com//scripts//Public-Enemies.html,right_only,Public Enemies,,,,https://imsdb.com//scripts//Public-Enemies.html,html
https://assets.scriptslug.com/live/pdf/scripts/pulp-fiction-1994.pdf?v=1729114975,Pulp Fiction,Pulp Fiction,https://imsdb.com//scripts//Pulp-Fiction.html,both,Pulp Fiction,,,,https://assets.scriptslug.com/live/pdf/scripts/pulp-fiction-1994.pdf?v=1729114975,pdf
https://assets.scriptslug.com/live/pdf/scripts/punch-drunk-love-2002.pdf?v=1729114975,Punch Drunk Love,Punch Drunk Love,https://imsdb.com//scripts//Punch-Drunk-Love.html,both,Punch Drunk Love,,,,https://assets.scriptslug.com/live/pdf/scripts/punch-drunk-love-2002.pdf?v=1729114975,pdf
https://assets.scriptslug.com/live/pdf/scripts/purple-rain-1984.pdf?v=1729114975,Purple Rain,Purple Rain,https://imsdb.com//scripts//Purple-Rain.html,both,Purple Rain,,,,https://assets.scriptslug.com/live/pdf/scripts/purple-rain-1984.pdf?v=1729114975,pdf
,,Puss In Boots The Last Wish,https://imsdb.com//scripts//Puss-in-Boots-The-Last-Wish.html,right_only,Puss In Boots The Last Wish,,,,https://imsdb.com//scripts//Puss-in-Boots-The-Last-Wish.html,html
https://assets.scriptslug.com/live/pdf/scripts/puzzle-2018.pdf?v=1729114975,Puzzle,,,left_only,Puzzle,,,,https://assets.scriptslug.com/live/pdf/scripts/puzzle-2018.pdf?v=1729114975,pdf
,,Quantum Project,https://imsdb.com//scripts//Quantum-Project.html,right_only,Quantum Project,,,,https://imsdb.com//scripts//Quantum-Project.html,html
https://assets.scriptslug.com/live/pdf/scripts/queen-and-slim-2019.pdf?v=1729114975,Queen & Slim,,,left_only,Queen & Slim,,,,https://assets.scriptslug.com/live/pdf/scripts/queen-and-slim-2019.pdf?v=1729114975,pdf
,,Queen Of The Damned,https://imsdb.com//scripts//Queen-of-the-Damned.html,right_only,Queen Of The Damned,,,,https://imsdb.com//scripts//Queen-of-the-Damned.html,html
,,Quiz Lady,https://imsdb.com//scripts//Quiz-Lady.html,right_only,Quiz Lady,,,,https://imsdb.com//scripts//Quiz-Lady.html,html
https://assets.scriptslug.com/live/pdf/scripts/quiz-show-1994.pdf?v=1729114976,Quiz Show,,,left_only,Quiz Show,,,,https://assets.scriptslug.com/live/pdf/scripts/quiz-show-1994.pdf?v=1729114976,pdf
,,Rachel Getting Married,https://imsdb.com//scripts//Rachel-Getting-Married.html,right_only,Rachel Getting Married,,,,https://imsdb.com//scripts//Rachel-Getting-Married.html,html
https://assets.scriptslug.com/live/pdf/scripts/ragin-bull-1980.pdf?v=1729114976,Raging Bull,Raging Bull,https://imsdb.com//scripts//Raging-Bull.html,both,Raging Bull,,,,https://assets.scriptslug.com/live/pdf/scripts/ragin-bull-1980.pdf?v=1729114976,pdf
https://assets.scriptslug.com/live/pdf/scripts/raiders-of-the-lost-ark-1981.pdf?v=1729114976,Raiders Of The Lost Ark,,,left_only,Raiders Of The Lost Ark,,,,https://assets.scriptslug.com/live/pdf/scripts/raiders-of-the-lost-ark-1981.pdf?v=1729114976,pdf
https://assets.scriptslug.com/live/pdf/scripts/raising-arizona-1987.pdf?v=1729114976,Raising Arizona,Raising Arizona,https://imsdb.com//scripts//Raising-Arizona.html,both,Raising Arizona,,,,https://assets.scriptslug.com/live/pdf/scripts/raising-arizona-1987.pdf?v=1729114976,pdf
,,Rambling Rose,https://imsdb.com//scripts//Rambling-Rose.html,right_only,Rambling Rose,,,,https://imsdb.com//scripts//Rambling-Rose.html,html
https://assets.scriptslug.com/live/pdf/scripts/rambo-iii-1988.pdf?v=1729114976,Rambo 3,,,left_only,Rambo 3,,,,https://assets.scriptslug.com/live/pdf/scripts/rambo-iii-1988.pdf?v=1729114976,pdf
,,Rambo First Blood 2 The Mission,https://imsdb.com//scripts//Rambo-First-Blood-II-The-Mission.html,right_only,Rambo First Blood 2 The Mission,,,,https://imsdb.com//scripts//Rambo-First-Blood-II-The-Mission.html,html
https://assets.scriptslug.com/live/pdf/scripts/rambo-first-blood-part-ii-1985.pdf?v=1729114976,Rambo First Blood Part 2,,,left_only,Rambo First Blood Part 2,,,,https://assets.scriptslug.com/live/pdf/scripts/rambo-first-blood-part-ii-1985.pdf?v=1729114976,pdf
https://assets.scriptslug.com/live/pdf/scripts/rango-2011.pdf?v=1729114977,Rango,,,left_only,Rango,,,,https://assets.scriptslug.com/live/pdf/scripts/rango-2011.pdf?v=1729114977,pdf
https://assets.scriptslug.com/live/pdf/scripts/ratatouille-2007.pdf?v=1729114977,Ratatouille,,,left_only,Ratatouille,,,,https://assets.scriptslug.com/live/pdf/scripts/ratatouille-2007.pdf?v=1729114977,pdf
https://assets.scriptslug.com/live/pdf/scripts/raya-and-the-last-dragon-2021.pdf?v=1729114977,Raya And The Last Dragon,,,left_only,Raya And The Last Dragon,,,,https://assets.scriptslug.com/live/pdf/scripts/raya-and-the-last-dragon-2021.pdf?v=1729114977,pdf
https://assets.scriptslug.com/live/pdf/scripts/ready-player-one-2018.pdf?v=1729114977,Ready Player One,,,left_only,Ready Player One,,,,https://assets.scriptslug.com/live/pdf/scripts/ready-player-one-2018.pdf?v=1729114977,pdf
,,Real Genius,https://imsdb.com//scripts//Real-Genius.html,right_only,Real Genius,,,,https://imsdb.com//scripts//Real-Genius.html,html
https://assets.scriptslug.com/live/pdf/scripts/reality-bites-1994.pdf?v=1729114977,Reality Bites,,,left_only,Reality Bites,,,,https://assets.scriptslug.com/live/pdf/scripts/reality-bites-1994.pdf?v=1729114977,pdf
https://assets.scriptslug.com/live/pdf/scripts/rear-window-1954.pdf?v=1729114977,Rear Window,Rear Window,https://imsdb.com//scripts//Rear-Window.html,both,Rear Window,,,,https://assets.scriptslug.com/live/pdf/scripts/rear-window-1954.pdf?v=1729114977,pdf
,,Rebel Without A Cause,https://imsdb.com//scripts//Rebel-Without-A-Cause.html,right_only,Rebel Without A Cause,,,,https://imsdb.com//scripts//Rebel-Without-A-Cause.html,html
https://assets.scriptslug.com/live/pdf/scripts/red-dawn-1984.pdf?v=1729114977,Red Dawn,,,left_only,Red Dawn,,,,https://assets.scriptslug.com/live/pdf/scripts/red-dawn-1984.pdf?v=1729114977,pdf
https://assets.scriptslug.com/live/pdf/scripts/red-dragon-2002.pdf?v=1729114977,Red Dragon,,,left_only,Red Dragon,,,,https://assets.scriptslug.com/live/pdf/scripts/red-dragon-2002.pdf?v=1729114977,pdf
https://assets.scriptslug.com/live/pdf/scripts/red-eye-2005.pdf?v=1729114978,Red Eye,,,left_only,Red Eye,,,,https://assets.scriptslug.com/live/pdf/scripts/red-eye-2005.pdf?v=1729114978,pdf
https://assets.scriptslug.com/live/pdf/scripts/red-heat-1988.pdf?v=1729114978,Red Heat,,,left_only,Red Heat,,,,https://assets.scriptslug.com/live/pdf/scripts/red-heat-1988.pdf?v=1729114978,pdf
https://assets.scriptslug.com/live/pdf/scripts/red-one-2024.pdf?v=1738547185,Red One,,,left_only,Red One,,,,https://assets.scriptslug.com/live/pdf/scripts/red-one-2024.pdf?v=1738547185,pdf
,,Red Planet,https://imsdb.com//scripts//Red-Planet.html,right_only,Red Planet,,,,https://imsdb.com//scripts//Red-Planet.html,html
,,Red Riding Hood,https://imsdb.com//scripts//Red-Riding-Hood.html,right_only,Red Riding Hood,,,,https://imsdb.com//scripts//Red-Riding-Hood.html,html
https://assets.scriptslug.com/live/pdf/scripts/red-rocket-2021.pdf?v=1729114978,Red Rocket,,,left_only,Red Rocket,,,,https://assets.scriptslug.com/live/pdf/scripts/red-rocket-2021.pdf?v=1729114978,pdf
https://assets.scriptslug.com/live/pdf/scripts/red-sparrow-2018.pdf?v=1729114978,Red Sparrow,,,left_only,Red Sparrow,,,,https://assets.scriptslug.com/live/pdf/scripts/red-sparrow-2018.pdf?v=1729114978,pdf
https://assets.scriptslug.com/live/pdf/scripts/reds-1981.pdf?v=1729114978,Reds,,,left_only,Reds,,,,https://assets.scriptslug.com/live/pdf/scripts/reds-1981.pdf?v=1729114978,pdf
https://assets.scriptslug.com/live/pdf/scripts/reign-of-fire-2002.pdf?v=1729114978,Reign Of Fire,,,left_only,Reign Of Fire,,,,https://assets.scriptslug.com/live/pdf/scripts/reign-of-fire-2002.pdf?v=1729114978,pdf
,,Reindeer Games,https://imsdb.com//scripts//Reindeer-Games.html,right_only,Reindeer Games,,,,https://imsdb.com//scripts//Reindeer-Games.html,html
,,Remember Me,https://imsdb.com//scripts//Remember-Me.html,right_only,Remember Me,,,,https://imsdb.com//scripts//Remember-Me.html,html
https://assets.scriptslug.com/live/pdf/scripts/rent-2005.pdf?v=1729114978,Rent,,,left_only,Rent,,,,https://assets.scriptslug.com/live/pdf/scripts/rent-2005.pdf?v=1729114978,pdf
,,Repo Man,https://imsdb.com//scripts//Repo-Man.html,right_only,Repo Man,,,,https://imsdb.com//scripts//Repo-Man.html,html
https://assets.scriptslug.com/live/pdf/scripts/requiem-for-a-dream-2000.pdf?v=1729114978,Requiem For A Dream,,,left_only,Requiem For A Dream,,,,https://assets.scriptslug.com/live/pdf/scripts/requiem-for-a-dream-2000.pdf?v=1729114978,pdf
https://assets.scriptslug.com/live/pdf/scripts/reservoir-dogs-1992.pdf?v=1729114978,Reservoir Dogs,Reservoir Dogs,https://imsdb.com//scripts//Reservoir-Dogs.html,both,Reservoir Dogs,,,,https://assets.scriptslug.com/live/pdf/scripts/reservoir-dogs-1992.pdf?v=1729114978,pdf
,,Resident Evil,https://imsdb.com//scripts//Resident-Evil.html,right_only,Resident Evil,,,,https://imsdb.com//scripts//Resident-Evil.html,html
https://assets.scriptslug.com/live/pdf/scripts/respect-2021.pdf?v=1729114978,Respect,,,left_only,Respect,,,,https://assets.scriptslug.com/live/pdf/scripts/respect-2021.pdf?v=1729114978,pdf
,,Return Of The Apes,https://imsdb.com//scripts//Return-of-the-Apes.html,right_only,Return Of The Apes,,,,https://imsdb.com//scripts//Return-of-the-Apes.html,html
https://assets.scriptslug.com/live/pdf/scripts/return-of-the-living-dead-1985.pdf?v=1729114979,Return Of The Living Dead,,,left_only,Return Of The Living Dead,,,,https://assets.scriptslug.com/live/pdf/scripts/return-of-the-living-dead-1985.pdf?v=1729114979,pdf
https://assets.scriptslug.com/live/pdf/scripts/revenge-of-the-nerds-1984.pdf?v=1729114979,Revenge Of The Nerds,,,left_only,Revenge Of The Nerds,,,,https://assets.scriptslug.com/live/pdf/scripts/revenge-of-the-nerds-1984.pdf?v=1729114979,pdf
https://assets.scriptslug.com/live/pdf/scripts/revolutionary-road-2008.pdf?v=1729114979,Revolutionary Road,Revolutionary Road,https://imsdb.com//scripts//Revolutionary-Road.html,both,Revolutionary Road,,,,https://assets.scriptslug.com/live/pdf/scripts/revolutionary-road-2008.pdf?v=1729114979,pdf
https://assets.scriptslug.com/live/pdf/scripts/richard-jewell-2019.pdf?v=1729114979,Richard Jewell,,,left_only,Richard Jewell,,,,https://assets.scriptslug.com/live/pdf/scripts/richard-jewell-2019.pdf?v=1729114979,pdf
https://assets.scriptslug.com/live/pdf/scripts/ricky-stanicky-2024.pdf?v=1729114980,Ricky Stanicky,Ricky Stanicky,https://imsdb.com//scripts//Ricky-Stanicky.html,both,Ricky Stanicky,,,,https://assets.scriptslug.com/live/pdf/scripts/ricky-stanicky-2024.pdf?v=1729114980,pdf
,,Ringu,https://imsdb.com//scripts//Ringu.html,right_only,Ringu,,,,https://imsdb.com//scripts//Ringu.html,html
,,Rise Of The Guardians,https://imsdb.com//scripts//Rise-of-the-Guardians.html,right_only,Rise Of The Guardians,,,,https://imsdb.com//scripts//Rise-of-the-Guardians.html,html
https://assets.scriptslug.com/live/pdf/scripts/rise-of-the-planet-of-the-apes-2010.pdf?v=1729114980,Rise Of The Planet Of The Apes,Rise Of The Planet Of The Apes,https://imsdb.com//scripts//Rise-of-the-Planet-of-the-Apes.html,both,Rise Of The Planet Of The Apes,,,,https://assets.scriptslug.com/live/pdf/scripts/rise-of-the-planet-of-the-apes-2010.pdf?v=1729114980,pdf
,,Rko 281,https://imsdb.com//scripts//RKO-281.html,right_only,Rko 281,,,,https://imsdb.com//scripts//RKO-281.html,html
https://assets.scriptslug.com/live/pdf/scripts/road-house-1989.pdf?v=1729114980,Road House,,,left_only,Road House,,,,https://assets.scriptslug.com/live/pdf/scripts/road-house-1989.pdf?v=1729114980,pdf
https://assets.scriptslug.com/live/pdf/scripts/road-to-perdition-2002.pdf?v=1729114980,Road To Perdition,,,left_only,Road To Perdition,,,,https://assets.scriptslug.com/live/pdf/scripts/road-to-perdition-2002.pdf?v=1729114980,pdf
,,Robin Hood Prince Of Thieves,https://imsdb.com//scripts//Robin-Hood-Prince-of-Thieves.html,right_only,Robin Hood Prince Of Thieves,,,,https://imsdb.com//scripts//Robin-Hood-Prince-of-Thieves.html,html
https://assets.scriptslug.com/live/pdf/scripts/robocop-1987.pdf?v=1729114980,Robocop,Robocop,https://imsdb.com//scripts//Robocop.html,both,Robocop,Robocop,HTML len = 0 : no content scrapped,Robocop,https://assets.scriptslug.com/live/pdf/scripts/robocop-1987.pdf?v=1729114980,pdf
https://assets.scriptslug.com/live/pdf/scripts/rocketman-2019.pdf?v=1729114980,Rocketman,,,left_only,Rocketman,,,,https://assets.scriptslug.com/live/pdf/scripts/rocketman-2019.pdf?v=1729114980,pdf
,,Rocknrolla,https://imsdb.com//scripts//RocknRolla.html,right_only,Rocknrolla,,,,https://imsdb.com//scripts//RocknRolla.html,html
https://assets.scriptslug.com/live/pdf/scripts/rocky-1976.pdf?v=1729114980,Rocky,Rocky,https://imsdb.com//scripts//Rocky.html,both,Rocky,,,,https://assets.scriptslug.com/live/pdf/scripts/rocky-1976.pdf?v=1729114980,pdf
https://assets.scriptslug.com/live/pdf/scripts/rocky-ii-1979.pdf?v=1729114980,Rocky 2,,,left_only,Rocky 2,,,,https://assets.scriptslug.com/live/pdf/scripts/rocky-ii-1979.pdf?v=1729114980,pdf
https://assets.scriptslug.com/live/pdf/scripts/rocky-iii-1982.pdf?v=1729114981,Rocky 3,,,left_only,Rocky 3,,,,https://assets.scriptslug.com/live/pdf/scripts/rocky-iii-1982.pdf?v=1729114981,pdf
https://assets.scriptslug.com/live/pdf/scripts/rocky-iv-1985.pdf?v=1729114981,Rocky 4,,,left_only,Rocky 4,,,,https://assets.scriptslug.com/live/pdf/scripts/rocky-iv-1985.pdf?v=1729114981,pdf
https://assets.scriptslug.com/live/pdf/scripts/rocky-balboa-2006.pdf?v=1729114980,Rocky Balboa,,,left_only,Rocky Balboa,,,,https://assets.scriptslug.com/live/pdf/scripts/rocky-balboa-2006.pdf?v=1729114980,pdf
https://assets.scriptslug.com/live/pdf/scripts/rocky-v-1990.pdf?v=1729114981,Rocky V,,,left_only,Rocky V,,,,https://assets.scriptslug.com/live/pdf/scripts/rocky-v-1990.pdf?v=1729114981,pdf
https://assets.scriptslug.com/live/pdf/scripts/roma-2018.pdf?v=1729114981,Roma,,,left_only,Roma,,,,https://assets.scriptslug.com/live/pdf/scripts/roma-2018.pdf?v=1729114981,pdf
https://assets.scriptslug.com/live/pdf/scripts/roman-j-israel-esq-2017.pdf?v=1729114981,Roman J Israel Esq,,,left_only,Roman J Israel Esq,,,,https://assets.scriptslug.com/live/pdf/scripts/roman-j-israel-esq-2017.pdf?v=1729114981,pdf
https://assets.scriptslug.com/live/pdf/scripts/romancing-the-stone-1984.pdf?v=1729114981,Romancing The Stone,,,left_only,Romancing The Stone,,,,https://assets.scriptslug.com/live/pdf/scripts/romancing-the-stone-1984.pdf?v=1729114981,pdf
https://assets.scriptslug.com/live/pdf/scripts/romeo-must-die-2000.pdf?v=1729114981,Romeo Must Die,,,left_only,Romeo Must Die,,,,https://assets.scriptslug.com/live/pdf/scripts/romeo-must-die-2000.pdf?v=1729114981,pdf
https://assets.scriptslug.com/live/pdf/scripts/ronin-1998.pdf?v=1729114981,Ronin,Ronin,https://imsdb.com//scripts//Ronin.html,both,Ronin,,,,https://assets.scriptslug.com/live/pdf/scripts/ronin-1998.pdf?v=1729114981,pdf
https://assets.scriptslug.com/live/pdf/scripts/room-2015.pdf?v=1729114981,Room,Room,https://imsdb.com//scripts//Room.html,both,Room,,,,https://assets.scriptslug.com/live/pdf/scripts/room-2015.pdf?v=1729114981,pdf
https://assets.scriptslug.com/live/pdf/scripts/rosemarys-baby-1968.pdf?v=1729114981,Rosemarys Baby,,,left_only,Rosemarys Baby,,,,https://assets.scriptslug.com/live/pdf/scripts/rosemarys-baby-1968.pdf?v=1729114981,pdf
,,Rosetta,https://imsdb.com//scripts//Rosetta.html,right_only,Rosetta,,,,https://imsdb.com//scripts//Rosetta.html,html
,,Roughshod,https://imsdb.com//scripts//Roughshod.html,right_only,Roughshod,,,,https://imsdb.com//scripts//Roughshod.html,html
https://assets.scriptslug.com/live/pdf/scripts/rounders-1998.pdf?v=1729114982,Rounders,,,left_only,Rounders,,,,https://assets.scriptslug.com/live/pdf/scripts/rounders-1998.pdf?v=1729114982,pdf
https://assets.scriptslug.com/live/pdf/scripts/ruby-sparks-2012.pdf?v=1729114982,Ruby Sparks,,,left_only,Ruby Sparks,,,,https://assets.scriptslug.com/live/pdf/scripts/ruby-sparks-2012.pdf?v=1729114982,pdf
https://assets.scriptslug.com/live/pdf/scripts/run-2020.pdf?v=1729114982,Run,,,left_only,Run,,,,https://assets.scriptslug.com/live/pdf/scripts/run-2020.pdf?v=1729114982,pdf
https://assets.scriptslug.com/live/pdf/scripts/runaway-bride-1999.pdf?v=1729114982,Runaway Bride,Runaway Bride,https://imsdb.com//scripts//Runaway-Bride.html,both,Runaway Bride,,,,https://assets.scriptslug.com/live/pdf/scripts/runaway-bride-1999.pdf?v=1729114982,pdf
https://assets.scriptslug.com/live/pdf/scripts/running-scared-1986.pdf?v=1729114982,Running Scared,,,left_only,Running Scared,,,,https://assets.scriptslug.com/live/pdf/scripts/running-scared-1986.pdf?v=1729114982,pdf
https://assets.scriptslug.com/live/pdf/scripts/rush-2013.pdf?v=1729114982,Rush,Rush,https://imsdb.com//scripts//Rush.html,both,Rush,,,,https://assets.scriptslug.com/live/pdf/scripts/rush-2013.pdf?v=1729114982,pdf
https://assets.scriptslug.com/live/pdf/scripts/rush-hour-1998.pdf?v=1729114982,Rush Hour,Rush Hour,https://imsdb.com//scripts//Rush-Hour.html,both,Rush Hour,,,,https://assets.scriptslug.com/live/pdf/scripts/rush-hour-1998.pdf?v=1729114982,pdf
,,Rush Hour 2,https://imsdb.com//scripts//Rush-Hour-2.html,right_only,Rush Hour 2,,,,https://imsdb.com//scripts//Rush-Hour-2.html,html
https://assets.scriptslug.com/live/pdf/scripts/rushmore-1998.pdf?v=1729114983,Rushmore,Rushmore,https://imsdb.com//scripts//Rushmore.html,both,Rushmore,,,,https://assets.scriptslug.com/live/pdf/scripts/rushmore-1998.pdf?v=1729114983,pdf
https://assets.scriptslug.com/live/pdf/scripts/rust-and-bone-2012.pdf?v=1729114983,Rust And Bone,Rust And Bone,https://imsdb.com//scripts//Rust-and-Bone.html,both,Rust And Bone,,,,https://assets.scriptslug.com/live/pdf/scripts/rust-and-bone-2012.pdf?v=1729114983,pdf
https://assets.scriptslug.com/live/pdf/scripts/rustin-2023.pdf?v=1729114983,Rustin,Rustin,https://imsdb.com//scripts//Rustin.html,both,Rustin,,,,https://assets.scriptslug.com/live/pdf/scripts/rustin-2023.pdf?v=1729114983,pdf
,,S Darko,https://imsdb.com//scripts//S.-Darko.html,right_only,S Darko,,,,https://imsdb.com//scripts//S.-Darko.html,html
https://assets.scriptslug.com/live/pdf/scripts/safety-not-guaranteed-2012.pdf?v=1729114983,Safety Not Guaranteed,,,left_only,Safety Not Guaranteed,,,,https://assets.scriptslug.com/live/pdf/scripts/safety-not-guaranteed-2012.pdf?v=1729114983,pdf
https://assets.scriptslug.com/live/pdf/scripts/saint-frances-2019.pdf?v=1729114983,Saint Frances,,,left_only,Saint Frances,,,,https://assets.scriptslug.com/live/pdf/scripts/saint-frances-2019.pdf?v=1729114983,pdf
https://assets.scriptslug.com/live/pdf/scripts/saltburn-2023.pdf?v=1729114984,Saltburn,,,left_only,Saltburn,,,,https://assets.scriptslug.com/live/pdf/scripts/saltburn-2023.pdf?v=1729114984,pdf
https://assets.scriptslug.com/live/pdf/scripts/saturday-night-2024.pdf?v=1738546680,Saturday Night,Saturday Night,https://imsdb.com//scripts//Saturday-Night.html,both,Saturday Night,,,,https://assets.scriptslug.com/live/pdf/scripts/saturday-night-2024.pdf?v=1738546680,pdf
https://assets.scriptslug.com/live/pdf/scripts/sausage-party-2016.pdf?v=1729114984,Sausage Party,,,left_only,Sausage Party,,,,https://assets.scriptslug.com/live/pdf/scripts/sausage-party-2016.pdf?v=1729114984,pdf
,,Save The Last Dance,https://imsdb.com//scripts//Save-the-Last-Dance.html,right_only,Save The Last Dance,,,,https://imsdb.com//scripts//Save-the-Last-Dance.html,html
https://assets.scriptslug.com/live/pdf/scripts/saving-mr-banks-2013.pdf?v=1729114984,Saving Mr Banks,Saving Mr Banks,https://imsdb.com//scripts//Saving-Mr.-Banks.html,both,Saving Mr Banks,,,,https://assets.scriptslug.com/live/pdf/scripts/saving-mr-banks-2013.pdf?v=1729114984,pdf
https://assets.scriptslug.com/live/pdf/scripts/saving-private-ryan-1998.pdf?v=1729114984,Saving Private Ryan,Saving Private Ryan,https://imsdb.com//scripts//Saving-Private-Ryan.html,both,Saving Private Ryan,,,,https://assets.scriptslug.com/live/pdf/scripts/saving-private-ryan-1998.pdf?v=1729114984,pdf
https://assets.scriptslug.com/live/pdf/scripts/saw-2004.pdf?v=1729114984,Saw,Saw,https://imsdb.com//scripts//Saw.html,both,Saw,,,,https://assets.scriptslug.com/live/pdf/scripts/saw-2004.pdf?v=1729114984,pdf
,,Saw 4,https://imsdb.com//scripts//Saw-IV.html,right_only,Saw 4,,,,https://imsdb.com//scripts//Saw-IV.html,html
https://assets.scriptslug.com/live/pdf/scripts/scanners-1981.pdf?v=1729114984,Scanners,,,left_only,Scanners,,,,https://assets.scriptslug.com/live/pdf/scripts/scanners-1981.pdf?v=1729114984,pdf
https://assets.scriptslug.com/live/pdf/scripts/scarface-1983.pdf?v=1729114984,Scarface,Scarface,https://imsdb.com//scripts//Scarface.html,both,Scarface,,,,https://assets.scriptslug.com/live/pdf/scripts/scarface-1983.pdf?v=1729114984,pdf
https://assets.scriptslug.com/live/pdf/scripts/scary-movie-2000.pdf?v=1729114985,Scary Movie,,,left_only,Scary Movie,,,,https://assets.scriptslug.com/live/pdf/scripts/scary-movie-2000.pdf?v=1729114985,pdf
https://assets.scriptslug.com/live/pdf/scripts/scary-movie-2-2001.pdf?v=1729114984,Scary Movie 2,Scary Movie 2,https://imsdb.com//scripts//Scary-Movie-2.html,both,Scary Movie 2,Scary Movie 2,HTML len = 0 : no content scrapped,Scary Movie 2,https://assets.scriptslug.com/live/pdf/scripts/scary-movie-2-2001.pdf?v=1729114984,pdf
https://assets.scriptslug.com/live/pdf/scripts/scary-stories-to-tell-in-the-dark-2019.pdf?v=1729114985,Scary Stories To Tell In The Dark,,,left_only,Scary Stories To Tell In The Dark,,,,https://assets.scriptslug.com/live/pdf/scripts/scary-stories-to-tell-in-the-dark-2019.pdf?v=1729114985,pdf
https://assets.scriptslug.com/live/pdf/scripts/schindlers-list-1993.pdf?v=1729114985,Schindlers List,Schindlers List,https://imsdb.com//scripts//Schindler's-List.html,both,Schindlers List,,,,https://assets.scriptslug.com/live/pdf/scripts/schindlers-list-1993.pdf?v=1729114985,pdf
https://assets.scriptslug.com/live/pdf/scripts/scott-pilgrim-vs-the-world-2010.pdf?v=1729114985,Scott Pilgrim Vs The World,Scott Pilgrim Vs The World,https://imsdb.com//scripts//Scott-Pilgrim-vs-the-World.html,both,Scott Pilgrim Vs The World,,,,https://assets.scriptslug.com/live/pdf/scripts/scott-pilgrim-vs-the-world-2010.pdf?v=1729114985,pdf
https://assets.scriptslug.com/live/pdf/scripts/scream-1996.pdf?v=1729115069,Scream,Scream,https://imsdb.com//scripts//Scream.html,both,Scream,,,,https://assets.scriptslug.com/live/pdf/scripts/scream-1996.pdf?v=1729115069,pdf
https://assets.scriptslug.com/live/pdf/scripts/scream-2022.pdf?v=1729114985,Scream,Scream,https://imsdb.com//scripts//Scream.html,both,Scream,,,,https://assets.scriptslug.com/live/pdf/scripts/scream-2022.pdf?v=1729114985,pdf
https://assets.scriptslug.com/live/pdf/scripts/scream-2-1997.pdf?v=1729114985,Scream 2,Scream 2,https://imsdb.com//scripts//Scream-2.html,both,Scream 2,,,,https://assets.scriptslug.com/live/pdf/scripts/scream-2-1997.pdf?v=1729114985,pdf
,,Scream 3,https://imsdb.com//scripts//Scream-3.html,right_only,Scream 3,,,,https://imsdb.com//scripts//Scream-3.html,html
,,Scream 4,https://imsdb.com//scripts//Scream-4.html,right_only,Scream 4,,,,https://imsdb.com//scripts//Scream-4.html,html
https://assets.scriptslug.com/live/pdf/scripts/scream-vi-2023.pdf?v=1729114985,Scream 6,,,left_only,Scream 6,,,,https://assets.scriptslug.com/live/pdf/scripts/scream-vi-2023.pdf?v=1729114985,pdf
https://assets.scriptslug.com/live/pdf/scripts/scrooged-1988.pdf?v=1729114985,Scrooged,,,left_only,Scrooged,,,,https://assets.scriptslug.com/live/pdf/scripts/scrooged-1988.pdf?v=1729114985,pdf
https://assets.scriptslug.com/live/pdf/scripts/se7en-1995.pdf?v=1729114986,Se7en,Se7en,https://imsdb.com//scripts//Se7en.html,both,Se7en,,,,https://assets.scriptslug.com/live/pdf/scripts/se7en-1995.pdf?v=1729114986,pdf
https://assets.scriptslug.com/live/pdf/scripts/sea-of-love-1989.pdf?v=1729114986,Sea Of Love,,,left_only,Sea Of Love,,,,https://assets.scriptslug.com/live/pdf/scripts/sea-of-love-1989.pdf?v=1729114986,pdf
https://assets.scriptslug.com/live/pdf/scripts/searching-2018.pdf?v=1729114986,Searching,,,left_only,Searching,,,,https://assets.scriptslug.com/live/pdf/scripts/searching-2018.pdf?v=1729114986,pdf
https://assets.scriptslug.com/live/pdf/scripts/secret-window-2004.pdf?v=1729114986,Secret Window,,,left_only,Secret Window,,,,https://assets.scriptslug.com/live/pdf/scripts/secret-window-2004.pdf?v=1729114986,pdf
https://assets.scriptslug.com/live/pdf/scripts/selena-1997.pdf?v=1729114986,Selena,,,left_only,Selena,,,,https://assets.scriptslug.com/live/pdf/scripts/selena-1997.pdf?v=1729114986,pdf
https://assets.scriptslug.com/live/pdf/scripts/selma-2014.pdf?v=1729114986,Selma,,,left_only,Selma,,,,https://assets.scriptslug.com/live/pdf/scripts/selma-2014.pdf?v=1729114986,pdf
,,Semi Pro,https://imsdb.com//scripts//Semi-Pro.html,right_only,Semi Pro,,,,https://imsdb.com//scripts//Semi-Pro.html,html
,,Sense And Sensibility,https://imsdb.com//scripts//Sense-and-Sensibility.html,right_only,Sense And Sensibility,,,,https://imsdb.com//scripts//Sense-and-Sensibility.html,html
https://assets.scriptslug.com/live/pdf/scripts/september-5-2024.pdf?v=1738463295,September 5,,,left_only,September 5,,,,https://assets.scriptslug.com/live/pdf/scripts/september-5-2024.pdf?v=1738463295,pdf
https://assets.scriptslug.com/live/pdf/scripts/serenity-2005.pdf?v=1729114986,Serenity,Serenity,https://imsdb.com//scripts//Serenity.html,both,Serenity,,,,https://assets.scriptslug.com/live/pdf/scripts/serenity-2005.pdf?v=1729114986,pdf
https://assets.scriptslug.com/live/pdf/scripts/serenity-2019.pdf?v=1729114987,Serenity,Serenity,https://imsdb.com//scripts//Serenity.html,both,Serenity,,,,https://assets.scriptslug.com/live/pdf/scripts/serenity-2019.pdf?v=1729114987,pdf
,,Serial Mom,https://imsdb.com//scripts//Serial-Mom.html,right_only,Serial Mom,,,,https://imsdb.com//scripts//Serial-Mom.html,html
https://assets.scriptslug.com/live/pdf/scripts/severance-2006.pdf?v=1729114987,Severance,,,left_only,Severance,,,,https://assets.scriptslug.com/live/pdf/scripts/severance-2006.pdf?v=1729114987,pdf
,,Sex And The City,https://imsdb.com//scripts//Sex-and-the-City.html,right_only,Sex And The City,,,,https://imsdb.com//scripts//Sex-and-the-City.html,html
https://assets.scriptslug.com/live/pdf/scripts/sex-drive-2008.pdf?v=1729114987,Sex Drive,,,left_only,Sex Drive,,,,https://assets.scriptslug.com/live/pdf/scripts/sex-drive-2008.pdf?v=1729114987,pdf
https://assets.scriptslug.com/live/pdf/scripts/sex-lies-and-videotape-1992.pdf?v=1729114987,Sex Lies And Videotape,Sex Lies And Videotape,"https://imsdb.com//scripts//Sex,-Lies-and-Videotape.html",both,Sex Lies And Videotape,,,,https://assets.scriptslug.com/live/pdf/scripts/sex-lies-and-videotape-1992.pdf?v=1729114987,pdf
,,Sexual Life,https://imsdb.com//scripts//Sexual-Life.html,right_only,Sexual Life,,,,https://imsdb.com//scripts//Sexual-Life.html,html
https://assets.scriptslug.com/live/pdf/scripts/shakespeare-in-love-1987.pdf?v=1729114987,Shakespeare In Love,Shakespeare In Love,https://imsdb.com//scripts//Shakespeare-in-Love.html,both,Shakespeare In Love,,,,https://assets.scriptslug.com/live/pdf/scripts/shakespeare-in-love-1987.pdf?v=1729114987,pdf
,,Shallow Grave,https://imsdb.com//scripts//Shallow-Grave.html,right_only,Shallow Grave,,,,https://imsdb.com//scripts//Shallow-Grave.html,html
https://assets.scriptslug.com/live/pdf/scripts/shame-2011.pdf?v=1729114988,Shame,Shame,https://imsdb.com//scripts//Shame.html,both,Shame,,,,https://assets.scriptslug.com/live/pdf/scripts/shame-2011.pdf?v=1729114988,pdf
,,Shampoo,https://imsdb.com//scripts//Shampoo.html,right_only,Shampoo,,,,https://imsdb.com//scripts//Shampoo.html,html
https://assets.scriptslug.com/live/pdf/scripts/sharkys-machine-1981.pdf?v=1729114988,Sharkys Machine,,,left_only,Sharkys Machine,,,,https://assets.scriptslug.com/live/pdf/scripts/sharkys-machine-1981.pdf?v=1729114988,pdf
https://assets.scriptslug.com/live/pdf/scripts/shaun-of-the-dead-2004.pdf?v=1729114988,Shaun Of The Dead,,,left_only,Shaun Of The Dead,,,,https://assets.scriptslug.com/live/pdf/scripts/shaun-of-the-dead-2004.pdf?v=1729114988,pdf
https://assets.scriptslug.com/live/pdf/scripts/shayda-2023.pdf?v=1729114988,Shayda,,,left_only,Shayda,,,,https://assets.scriptslug.com/live/pdf/scripts/shayda-2023.pdf?v=1729114988,pdf
https://assets.scriptslug.com/live/pdf/scripts/she-said-2022.pdf?v=1729114988,She Said,,,left_only,She Said,,,,https://assets.scriptslug.com/live/pdf/scripts/she-said-2022.pdf?v=1729114988,pdf
https://assets.scriptslug.com/live/pdf/scripts/sherlock-holmes-2009.pdf?v=1729114988,Sherlock Holmes,Sherlock Holmes,https://imsdb.com//scripts//Sherlock-Holmes.html,both,Sherlock Holmes,,,,https://assets.scriptslug.com/live/pdf/scripts/sherlock-holmes-2009.pdf?v=1729114988,pdf
,,Shes Out Of My League,https://imsdb.com//scripts//She's-Out-of-My-League.html,right_only,Shes Out Of My League,,,,https://imsdb.com//scripts//She's-Out-of-My-League.html,html
,,Shifty,https://imsdb.com//scripts//Shifty.html,right_only,Shifty,,,,https://imsdb.com//scripts//Shifty.html,html
,,Shivers,https://imsdb.com//scripts//Shivers.html,right_only,Shivers,,,,https://imsdb.com//scripts//Shivers.html,html
https://assets.scriptslug.com/live/pdf/scripts/short-term-12-2013.pdf?v=1729114989,Short Term 12,,,left_only,Short Term 12,,,,https://assets.scriptslug.com/live/pdf/scripts/short-term-12-2013.pdf?v=1729114989,pdf
https://assets.scriptslug.com/live/pdf/scripts/shortcomings-2023.pdf?v=1729114989,Shortcomings,,,left_only,Shortcomings,,,,https://assets.scriptslug.com/live/pdf/scripts/shortcomings-2023.pdf?v=1729114989,pdf
https://assets.scriptslug.com/live/pdf/scripts/showgirls-1995.pdf?v=1729114989,Showgirls,,,left_only,Showgirls,,,,https://assets.scriptslug.com/live/pdf/scripts/showgirls-1995.pdf?v=1729114989,pdf
https://assets.scriptslug.com/live/pdf/scripts/shrek-2001.pdf?v=1729114989,Shrek,Shrek,https://imsdb.com//scripts//Shrek.html,both,Shrek,,,,https://assets.scriptslug.com/live/pdf/scripts/shrek-2001.pdf?v=1729114989,pdf
https://assets.scriptslug.com/live/pdf/scripts/shrek-the-third-2007.pdf?v=1729114989,Shrek The Third,Shrek The Third,https://imsdb.com//scripts//Shrek-the-Third.html,both,Shrek The Third,,,,https://assets.scriptslug.com/live/pdf/scripts/shrek-the-third-2007.pdf?v=1729114989,pdf
https://assets.scriptslug.com/live/pdf/scripts/shutter-island-2010.pdf?v=1729114989,Shutter Island,,,left_only,Shutter Island,,,,https://assets.scriptslug.com/live/pdf/scripts/shutter-island-2010.pdf?v=1729114989,pdf
https://assets.scriptslug.com/live/pdf/scripts/sicario-2015.pdf?v=1729114989,Sicario,Sicario,https://imsdb.com//scripts//Sicario.html,both,Sicario,,,,https://assets.scriptslug.com/live/pdf/scripts/sicario-2015.pdf?v=1729114989,pdf
https://assets.scriptslug.com/live/pdf/scripts/sicario-day-of-soldado-2015.pdf?v=1729114989,Sicario Day Of The Soldado,,,left_only,Sicario Day Of The Soldado,,,,https://assets.scriptslug.com/live/pdf/scripts/sicario-day-of-soldado-2015.pdf?v=1729114989,pdf
https://assets.scriptslug.com/live/pdf/scripts/side-effects-2013.pdf?v=1729114989,Side Effects,,,left_only,Side Effects,,,,https://assets.scriptslug.com/live/pdf/scripts/side-effects-2013.pdf?v=1729114989,pdf
,,Sideways,https://imsdb.com//scripts//Sideways.html,right_only,Sideways,,,,https://imsdb.com//scripts//Sideways.html,html
https://assets.scriptslug.com/live/pdf/scripts/signs-2002.pdf?v=1729114990,Signs,Signs,https://imsdb.com//scripts//Signs.html,both,Signs,,,,https://assets.scriptslug.com/live/pdf/scripts/signs-2002.pdf?v=1729114990,pdf
https://assets.scriptslug.com/live/pdf/scripts/silence-2016.pdf?v=1729114990,Silence,,,left_only,Silence,,,,https://assets.scriptslug.com/live/pdf/scripts/silence-2016.pdf?v=1729114990,pdf
,,Silence Of The Lambs,https://imsdb.com//scripts//Silence-of-the-Lambs.html,right_only,Silence Of The Lambs,,,,https://imsdb.com//scripts//Silence-of-the-Lambs.html,html
,,Silent Grace,https://imsdb.com//scripts//Silent-Grace.html,right_only,Silent Grace,,,,https://imsdb.com//scripts//Silent-Grace.html,html
https://assets.scriptslug.com/live/pdf/scripts/silkwood-1983.pdf?v=1729114990,Silkwood,,,left_only,Silkwood,,,,https://assets.scriptslug.com/live/pdf/scripts/silkwood-1983.pdf?v=1729114990,pdf
,,Silver Bullet,https://imsdb.com//scripts//Silver-Bullet.html,right_only,Silver Bullet,,,,https://imsdb.com//scripts//Silver-Bullet.html,html
,,Silver Linings Playbook,https://imsdb.com//scripts//Silver-Linings-Playbook.html,right_only,Silver Linings Playbook,,,,https://imsdb.com//scripts//Silver-Linings-Playbook.html,html
https://assets.scriptslug.com/live/pdf/scripts/silverado-1985.pdf?v=1729114990,Silverado,,,left_only,Silverado,,,,https://assets.scriptslug.com/live/pdf/scripts/silverado-1985.pdf?v=1729114990,pdf
,,Simone,https://imsdb.com//scripts//Simone.html,right_only,Simone,,,,https://imsdb.com//scripts//Simone.html,html
https://assets.scriptslug.com/live/pdf/scripts/sing-2016.pdf?v=1729114990,Sing,,,left_only,Sing,,,,https://assets.scriptslug.com/live/pdf/scripts/sing-2016.pdf?v=1729114990,pdf
https://assets.scriptslug.com/live/pdf/scripts/sing-sing-2024.pdf?v=1738464550,Sing Sing,Sing Sing,https://imsdb.com//scripts//Sing-Sing.html,both,Sing Sing,,,,https://assets.scriptslug.com/live/pdf/scripts/sing-sing-2024.pdf?v=1738464550,pdf
https://assets.scriptslug.com/live/pdf/scripts/sing-street-2016.pdf?v=1729114990,Sing Street,,,left_only,Sing Street,,,,https://assets.scriptslug.com/live/pdf/scripts/sing-street-2016.pdf?v=1729114990,pdf
https://assets.scriptslug.com/live/pdf/scripts/singin-in-the-rain-1982.pdf?v=1729114990,Singin In The Rain,,,left_only,Singin In The Rain,,,,https://assets.scriptslug.com/live/pdf/scripts/singin-in-the-rain-1982.pdf?v=1729114990,pdf
,,Single White Female,https://imsdb.com//scripts//Single-White-Female.html,right_only,Single White Female,,,,https://imsdb.com//scripts//Single-White-Female.html,html
,,Sister Act,https://imsdb.com//scripts//Sister-Act.html,right_only,Sister Act,,,,https://imsdb.com//scripts//Sister-Act.html,html
,,Six Degrees Of Separation,https://imsdb.com//scripts//Six-Degrees-of-Separation.html,right_only,Six Degrees Of Separation,,,,https://imsdb.com//scripts//Six-Degrees-of-Separation.html,html
https://assets.scriptslug.com/live/pdf/scripts/sixteen-candles-1984.pdf?v=1729114991,Sixteen Candles,,,left_only,Sixteen Candles,,,,https://assets.scriptslug.com/live/pdf/scripts/sixteen-candles-1984.pdf?v=1729114991,pdf
https://assets.scriptslug.com/live/pdf/scripts/skyfall-2012.pdf?v=1729114991,Skyfall,,,left_only,Skyfall,,,,https://assets.scriptslug.com/live/pdf/scripts/skyfall-2012.pdf?v=1729114991,pdf
https://assets.scriptslug.com/live/pdf/scripts/skyscraper-2018.pdf?v=1729114991,Skyscraper,,,left_only,Skyscraper,,,,https://assets.scriptslug.com/live/pdf/scripts/skyscraper-2018.pdf?v=1729114991,pdf
https://assets.scriptslug.com/live/pdf/scripts/sleepers-1996.pdf?v=1729114991,Sleepers,,,left_only,Sleepers,,,,https://assets.scriptslug.com/live/pdf/scripts/sleepers-1996.pdf?v=1729114991,pdf
https://assets.scriptslug.com/live/pdf/scripts/sleepless-in-seatlle-1993.pdf?v=1729114991,Sleepless In Seattle,Sleepless In Seattle,https://imsdb.com//scripts//Sleepless-in-Seattle.html,both,Sleepless In Seattle,,,,https://assets.scriptslug.com/live/pdf/scripts/sleepless-in-seatlle-1993.pdf?v=1729114991,pdf
https://assets.scriptslug.com/live/pdf/scripts/sleepy-hollow-1999.pdf?v=1729114991,Sleepy Hollow,Sleepy Hollow,https://imsdb.com//scripts//Sleepy-Hollow.html,both,Sleepy Hollow,,,,https://assets.scriptslug.com/live/pdf/scripts/sleepy-hollow-1999.pdf?v=1729114991,pdf
https://assets.scriptslug.com/live/pdf/scripts/slender-man-2018.pdf?v=1729114992,Slender Man,,,left_only,Slender Man,,,,https://assets.scriptslug.com/live/pdf/scripts/slender-man-2018.pdf?v=1729114992,pdf
,,Sling Blade,https://imsdb.com//scripts//Sling-Blade.html,right_only,Sling Blade,,,,https://imsdb.com//scripts//Sling-Blade.html,html
,,Slither,https://imsdb.com//scripts//Slither.html,right_only,Slither,,,,https://imsdb.com//scripts//Slither.html,html
https://assets.scriptslug.com/live/pdf/scripts/sliver-1993.pdf?v=1729114992,Sliver,,,left_only,Sliver,,,,https://assets.scriptslug.com/live/pdf/scripts/sliver-1993.pdf?v=1729114992,pdf
,,Slumdog Millionaire,https://imsdb.com//scripts//Slumdog-Millionaire.html,right_only,Slumdog Millionaire,,,,https://imsdb.com//scripts//Slumdog-Millionaire.html,html
,,Smashed,https://imsdb.com//scripts//Smashed.html,right_only,Smashed,,,,https://imsdb.com//scripts//Smashed.html,html
,,Smokin Aces,https://imsdb.com//scripts//Smokin'-Aces.html,right_only,Smokin Aces,,,,https://imsdb.com//scripts//Smokin'-Aces.html,html
https://assets.scriptslug.com/live/pdf/scripts/snake-eyes-1998.pdf?v=1729114992,Snake Eyes,,,left_only,Snake Eyes,,,,https://assets.scriptslug.com/live/pdf/scripts/snake-eyes-1998.pdf?v=1729114992,pdf
https://assets.scriptslug.com/live/pdf/scripts/snatch-2000.pdf?v=1729114992,Snatch,Snatch,https://imsdb.com//scripts//Snatch.html,both,Snatch,,,,https://assets.scriptslug.com/live/pdf/scripts/snatch-2000.pdf?v=1729114992,pdf
,,Snow Falling On Cedars,https://imsdb.com//scripts//Snow-Falling-On-Cedars.html,right_only,Snow Falling On Cedars,,,,https://imsdb.com//scripts//Snow-Falling-On-Cedars.html,html
https://assets.scriptslug.com/live/pdf/scripts/show-white-and-the-huntsman-2012.pdf?v=1729114989,Snow White And The Huntsman,Snow White And The Huntsman,https://imsdb.com//scripts//Snow-White-and-the-Huntsman.html,both,Snow White And The Huntsman,,,,https://assets.scriptslug.com/live/pdf/scripts/show-white-and-the-huntsman-2012.pdf?v=1729114989,pdf
https://assets.scriptslug.com/live/pdf/scripts/snowpiercer-2013.pdf?v=1729114992,Snowpiercer,,,left_only,Snowpiercer,,,,https://assets.scriptslug.com/live/pdf/scripts/snowpiercer-2013.pdf?v=1729114992,pdf
https://assets.scriptslug.com/live/pdf/scripts/so-i-married-an-axe-murderer-1993.pdf?v=1729114992,So I Married An Axe Murderer,So I Married An Axe Murderer,https://imsdb.com//scripts//So-I-Married-an-Axe-Murderer.html,both,So I Married An Axe Murderer,,,,https://assets.scriptslug.com/live/pdf/scripts/so-i-married-an-axe-murderer-1993.pdf?v=1729114992,pdf
https://assets.scriptslug.com/live/pdf/scripts/solaris-2002.pdf?v=1729114992,Solaris,Solaris,https://imsdb.com//scripts//Solaris.html,both,Solaris,,,,https://assets.scriptslug.com/live/pdf/scripts/solaris-2002.pdf?v=1729114992,pdf
,,Soldier,https://imsdb.com//scripts//Soldier.html,right_only,Soldier,,,,https://imsdb.com//scripts//Soldier.html,html
,,Someone To Watch Over Me,https://imsdb.com//scripts//Someone-To-Watch-Over-Me.html,right_only,Someone To Watch Over Me,,,,https://imsdb.com//scripts//Someone-To-Watch-Over-Me.html,html
https://assets.scriptslug.com/live/pdf/scripts/something-wicked-this-way-comes-1983.pdf?v=1729114993,Something Wicked This Way Comes,,,left_only,Something Wicked This Way Comes,,,,https://assets.scriptslug.com/live/pdf/scripts/something-wicked-this-way-comes-1983.pdf?v=1729114993,pdf
https://assets.scriptslug.com/live/pdf/scripts/somethings-gotta-give-2003.pdf?v=1729114993,Somethings Gotta Give,Somethings Gotta Give,https://imsdb.com//scripts//Something's-Gotta-Give.html,both,Somethings Gotta Give,,,,https://assets.scriptslug.com/live/pdf/scripts/somethings-gotta-give-2003.pdf?v=1729114993,pdf
https://assets.scriptslug.com/live/pdf/scripts/sorry-to-bother-you-2018.pdf?v=1729114993,Sorry To Bother,,,left_only,Sorry To Bother,,,,https://assets.scriptslug.com/live/pdf/scripts/sorry-to-bother-you-2018.pdf?v=1729114993,pdf
https://assets.scriptslug.com/live/pdf/scripts/soul-2020.pdf?v=1729114993,Soul,,,left_only,Soul,,,,https://assets.scriptslug.com/live/pdf/scripts/soul-2020.pdf?v=1729114993,pdf
https://assets.scriptslug.com/live/pdf/scripts/sound-of-metal-2019.pdf?v=1729114993,Sound Of Metal,,,left_only,Sound Of Metal,,,,https://assets.scriptslug.com/live/pdf/scripts/sound-of-metal-2019.pdf?v=1729114993,pdf
,,Source Code,https://imsdb.com//scripts//Source-Code.html,right_only,Source Code,,,,https://imsdb.com//scripts//Source-Code.html,html
,,South Park,https://imsdb.com//scripts//South-Park.html,right_only,South Park,,,,https://imsdb.com//scripts//South-Park.html,html
https://assets.scriptslug.com/live/pdf/scripts/soylent-green-1973.pdf?v=1729114993,Soylent Green,,,left_only,Soylent Green,,,,https://assets.scriptslug.com/live/pdf/scripts/soylent-green-1973.pdf?v=1729114993,pdf
https://assets.scriptslug.com/live/pdf/scripts/space-cowboys-2000.pdf?v=1729114993,Space Cowboys,,,left_only,Space Cowboys,,,,https://assets.scriptslug.com/live/pdf/scripts/space-cowboys-2000.pdf?v=1729114993,pdf
,,Space Milkshake,https://imsdb.com//scripts//Space-Milkshake.html,right_only,Space Milkshake,,,,https://imsdb.com//scripts//Space-Milkshake.html,html
https://assets.scriptslug.com/live/pdf/scripts/spaceballs-1987.pdf?v=1729114994,Spaceballs,,,left_only,Spaceballs,,,,https://assets.scriptslug.com/live/pdf/scripts/spaceballs-1987.pdf?v=1729114994,pdf
,,Spanglish,https://imsdb.com//scripts//Spanglish.html,right_only,Spanglish,,,,https://imsdb.com//scripts//Spanglish.html,html
,,Spare Me,https://imsdb.com//scripts//Spare-Me.html,right_only,Spare Me,,,,https://imsdb.com//scripts//Spare-Me.html,html
https://assets.scriptslug.com/live/pdf/scripts/spartacus-1960.pdf?v=1729114994,Spartacus,,,left_only,Spartacus,,,,https://assets.scriptslug.com/live/pdf/scripts/spartacus-1960.pdf?v=1729114994,pdf
,,Spartan,https://imsdb.com//scripts//Spartan.html,right_only,Spartan,,,,https://imsdb.com//scripts//Spartan.html,html
https://assets.scriptslug.com/live/pdf/scripts/spawn-1997.pdf?v=1729114994,Spawn,,,left_only,Spawn,,,,https://assets.scriptslug.com/live/pdf/scripts/spawn-1997.pdf?v=1729114994,pdf
https://assets.scriptslug.com/live/pdf/scripts/spectre-2015.pdf?v=1729114994,Spectre,,,left_only,Spectre,,,,https://assets.scriptslug.com/live/pdf/scripts/spectre-2015.pdf?v=1729114994,pdf
https://assets.scriptslug.com/live/pdf/scripts/speed-1994.pdf?v=1729114995,Speed,Speed,https://imsdb.com//scripts//Speed.html,both,Speed,Speed,HTML len = 0 : no content scrapped,Speed,https://assets.scriptslug.com/live/pdf/scripts/speed-1994.pdf?v=1729114995,pdf
https://assets.scriptslug.com/live/pdf/scripts/speed-racer-2008.pdf?v=1729114995,Speed Racer,Speed Racer,https://imsdb.com//scripts//Speed-Racer.html,both,Speed Racer,,,,https://assets.scriptslug.com/live/pdf/scripts/speed-racer-2008.pdf?v=1729114995,pdf
https://assets.scriptslug.com/live/pdf/scripts/spencer-2021.pdf?v=1729114995,Spencer,,,left_only,Spencer,,,,https://assets.scriptslug.com/live/pdf/scripts/spencer-2021.pdf?v=1729114995,pdf
,,Sphere,https://imsdb.com//scripts//Sphere.html,right_only,Sphere,,,,https://imsdb.com//scripts//Sphere.html,html
https://assets.scriptslug.com/live/pdf/scripts/spider-man-2002.pdf?v=1729114995,Spider Man,Spider Man,https://imsdb.com//scripts//Spider-Man.html,both,Spider Man,,,,https://assets.scriptslug.com/live/pdf/scripts/spider-man-2002.pdf?v=1729114995,pdf
https://assets.scriptslug.com/live/pdf/scripts/spider-man-2-2004.pdf?v=1729114995,Spider Man 2,,,left_only,Spider Man 2,,,,https://assets.scriptslug.com/live/pdf/scripts/spider-man-2-2004.pdf?v=1729114995,pdf
https://assets.scriptslug.com/live/pdf/scripts/spider-man-across-the-spider-verse-2023.pdf?v=1729114995,Spider Man Across The Spider Verse,Spider Man Across The Spider Verse,https://imsdb.com//scripts//Spider-Man-Across-the-Spider-Verse.html,both,Spider Man Across The Spider Verse,,,,https://assets.scriptslug.com/live/pdf/scripts/spider-man-across-the-spider-verse-2023.pdf?v=1729114995,pdf
https://assets.scriptslug.com/live/pdf/scripts/spider-man-into-the-spider-verse-2018.pdf?v=1729114995,Spider Man Into The Spider Verse,,,left_only,Spider Man Into The Spider Verse,,,,https://assets.scriptslug.com/live/pdf/scripts/spider-man-into-the-spider-verse-2018.pdf?v=1729114995,pdf
https://assets.scriptslug.com/live/pdf/scripts/spider-man-no-way-home-2021.pdf?v=1729114995,Spider Man No Way Home,,,left_only,Spider Man No Way Home,,,,https://assets.scriptslug.com/live/pdf/scripts/spider-man-no-way-home-2021.pdf?v=1729114995,pdf
https://assets.scriptslug.com/live/pdf/scripts/splice-2009.pdf?v=1729114995,Splice,,,left_only,Splice,,,,https://assets.scriptslug.com/live/pdf/scripts/splice-2009.pdf?v=1729114995,pdf
https://assets.scriptslug.com/live/pdf/scripts/spotlight-2015.pdf?v=1729114995,Spotlight,,,left_only,Spotlight,,,,https://assets.scriptslug.com/live/pdf/scripts/spotlight-2015.pdf?v=1729114995,pdf
https://assets.scriptslug.com/live/pdf/scripts/spring-breakers-2013.pdf?v=1729114996,Spring Breakers,,,left_only,Spring Breakers,,,,https://assets.scriptslug.com/live/pdf/scripts/spring-breakers-2013.pdf?v=1729114996,pdf
https://assets.scriptslug.com/live/pdf/scripts/spy-kids-2001.pdf?v=1729114996,Spy Kids,,,left_only,Spy Kids,,,,https://assets.scriptslug.com/live/pdf/scripts/spy-kids-2001.pdf?v=1729114996,pdf
,,St Elmos Fire,https://imsdb.com//scripts//St.-Elmo's-Fire.html,right_only,St Elmos Fire,,,,https://imsdb.com//scripts//St.-Elmo's-Fire.html,html
https://assets.scriptslug.com/live/pdf/scripts/stagecoach-1939.pdf?v=1729114996,Stagecoach,,,left_only,Stagecoach,,,,https://assets.scriptslug.com/live/pdf/scripts/stagecoach-1939.pdf?v=1729114996,pdf
https://assets.scriptslug.com/live/pdf/scripts/stan-and-ollie-2018.pdf?v=1729114996,Stan & Ollie,,,left_only,Stan & Ollie,,,,https://assets.scriptslug.com/live/pdf/scripts/stan-and-ollie-2018.pdf?v=1729114996,pdf
https://assets.scriptslug.com/live/pdf/scripts/stand-by-me-1986.pdf?v=1729114996,Stand By Me,,,left_only,Stand By Me,,,,https://assets.scriptslug.com/live/pdf/scripts/stand-by-me-1986.pdf?v=1729114996,pdf
https://assets.scriptslug.com/live/pdf/scripts/star-trek-2009.pdf?v=1729114996,Star Trek,Star Trek,https://imsdb.com//scripts//Star-Trek.html,both,Star Trek,,,,https://assets.scriptslug.com/live/pdf/scripts/star-trek-2009.pdf?v=1729114996,pdf
https://assets.scriptslug.com/live/pdf/scripts/star-trek-ii-the-wrath-of-kahn-1982.pdf?v=1729114997,Star Trek 2 The Wrath Of Khan,Star Trek 2 The Wrath Of Khan,https://imsdb.com//scripts//Star-Trek-II-The-Wrath-of-Khan.html,both,Star Trek 2 The Wrath Of Khan,,,,https://assets.scriptslug.com/live/pdf/scripts/star-trek-ii-the-wrath-of-kahn-1982.pdf?v=1729114997,pdf
https://assets.scriptslug.com/live/pdf/scripts/star-trek-iii-the-search-for-spock-1984.pdf?v=1729114997,Star Trek 3 The Search For Spock,,,left_only,Star Trek 3 The Search For Spock,,,,https://assets.scriptslug.com/live/pdf/scripts/star-trek-iii-the-search-for-spock-1984.pdf?v=1729114997,pdf
https://assets.scriptslug.com/live/pdf/scripts/star-trek-iv-the-voyage-home-1986.pdf?v=1729114997,Star Trek 4 The Voyage Home,,,left_only,Star Trek 4 The Voyage Home,,,,https://assets.scriptslug.com/live/pdf/scripts/star-trek-iv-the-voyage-home-1986.pdf?v=1729114997,pdf
https://assets.scriptslug.com/live/pdf/scripts/star-trek-vi-the-undiscovered-country-1991.pdf?v=1729114997,Star Trek 6 The Undiscovered Country,,,left_only,Star Trek 6 The Undiscovered Country,,,,https://assets.scriptslug.com/live/pdf/scripts/star-trek-vi-the-undiscovered-country-1991.pdf?v=1729114997,pdf
https://assets.scriptslug.com/live/pdf/scripts/star-trek-first-contact-1996.pdf?v=1729114996,Star Trek First Contact,Star Trek First Contact,https://imsdb.com//scripts//Star-Trek-First-Contact.html,both,Star Trek First Contact,,,,https://assets.scriptslug.com/live/pdf/scripts/star-trek-first-contact-1996.pdf?v=1729114996,pdf
https://assets.scriptslug.com/live/pdf/scripts/star-trek-generations-1994.pdf?v=1729114996,Star Trek Generations,Star Trek Generations,https://imsdb.com//scripts//Star-Trek-Generations.html,both,Star Trek Generations,,,,https://assets.scriptslug.com/live/pdf/scripts/star-trek-generations-1994.pdf?v=1729114996,pdf
https://assets.scriptslug.com/live/pdf/scripts/star-trek-insurrection-1998.pdf?v=1729114997,Star Trek Insurrection,,,left_only,Star Trek Insurrection,,,,https://assets.scriptslug.com/live/pdf/scripts/star-trek-insurrection-1998.pdf?v=1729114997,pdf
https://assets.scriptslug.com/live/pdf/scripts/star-trek-nemesis-2002.pdf?v=1729114997,Star Trek Nemesis,Star Trek Nemesis,https://imsdb.com//scripts//Star-Trek-Nemesis.html,both,Star Trek Nemesis,,,,https://assets.scriptslug.com/live/pdf/scripts/star-trek-nemesis-2002.pdf?v=1729114997,pdf
https://assets.scriptslug.com/live/pdf/scripts/star-trek-the-motion-picture-1979.pdf?v=1729114997,Star Trek The Motion Picture,Star Trek The Motion Picture,https://imsdb.com//scripts//Star-Trek-The-Motion-Picture.html,both,Star Trek The Motion Picture,,,,https://assets.scriptslug.com/live/pdf/scripts/star-trek-the-motion-picture-1979.pdf?v=1729114997,pdf
https://assets.scriptslug.com/live/pdf/scripts/star-trek-v-the-final-frontier-1989.pdf?v=1729114997,Star Trek V The Final Frontier,,,left_only,Star Trek V The Final Frontier,,,,https://assets.scriptslug.com/live/pdf/scripts/star-trek-v-the-final-frontier-1989.pdf?v=1729114997,pdf
,,Star Wars A New Hope,https://imsdb.com//scripts//Star-Wars-A-New-Hope.html,right_only,Star Wars A New Hope,,,,https://imsdb.com//scripts//Star-Wars-A-New-Hope.html,html
,,Star Wars Attack Of The Clones,https://imsdb.com//scripts//Star-Wars-Attack-of-the-Clones.html,right_only,Star Wars Attack Of The Clones,,,,https://imsdb.com//scripts//Star-Wars-Attack-of-the-Clones.html,html
https://assets.scriptslug.com/live/pdf/scripts/star-wars-episode-ii-attack-of-the-clones-2002.pdf?v=1729114998,Star Wars Episode 2 Attack Of The Clones,,,left_only,Star Wars Episode 2 Attack Of The Clones,,,,https://assets.scriptslug.com/live/pdf/scripts/star-wars-episode-ii-attack-of-the-clones-2002.pdf?v=1729114998,pdf
https://assets.scriptslug.com/live/pdf/scripts/star-wars-episode-iii-revenge-of-the-sith-2005.pdf?v=1729114998,Star Wars Episode 3 Revenge Of The Sith,,,left_only,Star Wars Episode 3 Revenge Of The Sith,,,,https://assets.scriptslug.com/live/pdf/scripts/star-wars-episode-iii-revenge-of-the-sith-2005.pdf?v=1729114998,pdf
https://assets.scriptslug.com/live/pdf/scripts/star-wars-episode-iv-a-new-hope-1977.pdf?v=1729114998,Star Wars Episode 4 A New Hope,,,left_only,Star Wars Episode 4 A New Hope,,,,https://assets.scriptslug.com/live/pdf/scripts/star-wars-episode-iv-a-new-hope-1977.pdf?v=1729114998,pdf
https://assets.scriptslug.com/live/pdf/scripts/star-wars-episode-vi-return-of-the-jedi-1983.pdf?v=1729114998,Star Wars Episode 6 Return Of The Jedi,,,left_only,Star Wars Episode 6 Return Of The Jedi,,,,https://assets.scriptslug.com/live/pdf/scripts/star-wars-episode-vi-return-of-the-jedi-1983.pdf?v=1729114998,pdf
https://assets.scriptslug.com/live/pdf/scripts/star-wars-episode-i-the-phantom-menace-1999.pdf?v=1729114997,Star Wars Episode I The Phantom Menace,,,left_only,Star Wars Episode I The Phantom Menace,,,,https://assets.scriptslug.com/live/pdf/scripts/star-wars-episode-i-the-phantom-menace-1999.pdf?v=1729114997,pdf
https://assets.scriptslug.com/live/pdf/scripts/star-wars-episode-v-the-empire-strikes-back-1980.pdf?v=1729114998,Star Wars Episode V The Empire Strikes Back,,,left_only,Star Wars Episode V The Empire Strikes Back,,,,https://assets.scriptslug.com/live/pdf/scripts/star-wars-episode-v-the-empire-strikes-back-1980.pdf?v=1729114998,pdf
,,Star Wars Return Of The Jedi,https://imsdb.com//scripts//Star-Wars-Return-of-the-Jedi.html,right_only,Star Wars Return Of The Jedi,,,,https://imsdb.com//scripts//Star-Wars-Return-of-the-Jedi.html,html
,,Star Wars Revenge Of The Sith,https://imsdb.com//scripts//Star-Wars-Revenge-of-the-Sith.html,right_only,Star Wars Revenge Of The Sith,,,,https://imsdb.com//scripts//Star-Wars-Revenge-of-the-Sith.html,html
,,Star Wars The Empire Strikes Back,https://imsdb.com//scripts//Star-Wars-The-Empire-Strikes-Back.html,right_only,Star Wars The Empire Strikes Back,,,,https://imsdb.com//scripts//Star-Wars-The-Empire-Strikes-Back.html,html
https://assets.scriptslug.com/live/pdf/scripts/star-wars-episode-vii-the-force-awakens-2015.pdf?v=1729114998,Star Wars The Force Awakens,Star Wars The Force Awakens,https://imsdb.com//scripts//Star-Wars-The-Force-Awakens.html,both,Star Wars The Force Awakens,,,,https://assets.scriptslug.com/live/pdf/scripts/star-wars-episode-vii-the-force-awakens-2015.pdf?v=1729114998,pdf
,,Star Wars The Phantom Menace,https://imsdb.com//scripts//Star-Wars-The-Phantom-Menace.html,right_only,Star Wars The Phantom Menace,,,,https://imsdb.com//scripts//Star-Wars-The-Phantom-Menace.html,html
https://assets.scriptslug.com/live/pdf/scripts/stardust-2007.pdf?v=1729114998,Stardust,,,left_only,Stardust,,,,https://assets.scriptslug.com/live/pdf/scripts/stardust-2007.pdf?v=1729114998,pdf
https://assets.scriptslug.com/live/pdf/scripts/stargate-1994.pdf?v=1729114998,Stargate,,,left_only,Stargate,,,,https://assets.scriptslug.com/live/pdf/scripts/stargate-1994.pdf?v=1729114998,pdf
,,Starman,https://imsdb.com//scripts//Starman.html,right_only,Starman,,,,https://imsdb.com//scripts//Starman.html,html
,,Starship Troopers,https://imsdb.com//scripts//Starship-Troopers.html,right_only,Starship Troopers,,,,https://imsdb.com//scripts//Starship-Troopers.html,html
,,State And Main,https://imsdb.com//scripts//State-and-Main.html,right_only,State And Main,,,,https://imsdb.com//scripts//State-and-Main.html,html
https://assets.scriptslug.com/live/pdf/scripts/state-of-grace-1983.pdf?v=1729114998,State Of Grace,,,left_only,State Of Grace,,,,https://assets.scriptslug.com/live/pdf/scripts/state-of-grace-1983.pdf?v=1729114998,pdf
https://assets.scriptslug.com/live/pdf/scripts/state-of-play-2009.pdf?v=1729114999,State Of Play,,,left_only,State Of Play,,,,https://assets.scriptslug.com/live/pdf/scripts/state-of-play-2009.pdf?v=1729114999,pdf
,,Station West,https://imsdb.com//scripts//Station-West.html,right_only,Station West,,,,https://imsdb.com//scripts//Station-West.html,html
https://assets.scriptslug.com/live/pdf/scripts/step-brothers-2008.pdf?v=1729114999,Step Brothers,,,left_only,Step Brothers,,,,https://assets.scriptslug.com/live/pdf/scripts/step-brothers-2008.pdf?v=1729114999,pdf
https://assets.scriptslug.com/live/pdf/scripts/stepmom-1998.pdf?v=1729114999,Stepmom,Stepmom,https://imsdb.com//scripts//Stepmom.html,both,Stepmom,,,,https://assets.scriptslug.com/live/pdf/scripts/stepmom-1998.pdf?v=1729114999,pdf
https://assets.scriptslug.com/live/pdf/scripts/steve-jobs-2015.pdf?v=1729114999,Steve Jobs,,,left_only,Steve Jobs,,,,https://assets.scriptslug.com/live/pdf/scripts/steve-jobs-2015.pdf?v=1729114999,pdf
https://assets.scriptslug.com/live/pdf/scripts/stir-of-echoes-1999.pdf?v=1729114999,Stir Of Echoes,Stir Of Echoes,https://imsdb.com//scripts//Stir-of-Echoes.html,both,Stir Of Echoes,,,,https://assets.scriptslug.com/live/pdf/scripts/stir-of-echoes-1999.pdf?v=1729114999,pdf
https://assets.scriptslug.com/live/pdf/scripts/stoker-2013.pdf?v=1729114999,Stoker,,,left_only,Stoker,,,,https://assets.scriptslug.com/live/pdf/scripts/stoker-2013.pdf?v=1729114999,pdf
https://assets.scriptslug.com/live/pdf/scripts/storm-2019.pdf?v=1738890775,Storm,,,left_only,Storm,,,,https://assets.scriptslug.com/live/pdf/scripts/storm-2019.pdf?v=1738890775,pdf
,,Storytelling,https://imsdb.com//scripts//Storytelling.html,right_only,Storytelling,,,,https://imsdb.com//scripts//Storytelling.html,html
https://assets.scriptslug.com/live/pdf/scripts/straight-outta-compoton-2015.pdf?v=1729114999,Straight Outta Compton,Straight Outta Compton,https://imsdb.com//scripts//Straight-Outta-Compton.html,both,Straight Outta Compton,,,,https://assets.scriptslug.com/live/pdf/scripts/straight-outta-compoton-2015.pdf?v=1729114999,pdf
https://assets.scriptslug.com/live/pdf/scripts/strange-days-1995.pdf?v=1729114999,Strange Days,Strange Days,https://imsdb.com//scripts//Strange-Days.html,both,Strange Days,,,,https://assets.scriptslug.com/live/pdf/scripts/strange-days-1995.pdf?v=1729114999,pdf
https://assets.scriptslug.com/live/pdf/scripts/stranger-than-fiction-2006.pdf?v=1729114999,Stranger Than Fiction,,,left_only,Stranger Than Fiction,,,,https://assets.scriptslug.com/live/pdf/scripts/stranger-than-fiction-2006.pdf?v=1729114999,pdf
https://assets.scriptslug.com/live/pdf/scripts/stranger-than-paradise-1984.pdf?v=1729115000,Stranger Than Paradise,,,left_only,Stranger Than Paradise,,,,https://assets.scriptslug.com/live/pdf/scripts/stranger-than-paradise-1984.pdf?v=1729115000,pdf
https://assets.scriptslug.com/live/pdf/scripts/strangers-on-a-train-1959.pdf?v=1729115000,Strangers On A Train,Strangers On A Train,https://imsdb.com//scripts//Strangers-on-a-Train.html,both,Strangers On A Train,,,,https://assets.scriptslug.com/live/pdf/scripts/strangers-on-a-train-1959.pdf?v=1729115000,pdf
https://assets.scriptslug.com/live/pdf/scripts/strawberry-mansion-2021.pdf?v=1729115000,Strawberry Mansion,,,left_only,Strawberry Mansion,,,,https://assets.scriptslug.com/live/pdf/scripts/strawberry-mansion-2021.pdf?v=1729115000,pdf
https://assets.scriptslug.com/live/pdf/scripts/street-smart-1987.pdf?v=1729115000,Street Smart,,,left_only,Street Smart,,,,https://assets.scriptslug.com/live/pdf/scripts/street-smart-1987.pdf?v=1729115000,pdf
https://assets.scriptslug.com/live/pdf/scripts/stuber-2019.pdf?v=1729115000,Stuber,,,left_only,Stuber,,,,https://assets.scriptslug.com/live/pdf/scripts/stuber-2019.pdf?v=1729115000,pdf
https://assets.scriptslug.com/live/pdf/scripts/submarine-2010.pdf?v=1729115001,Submarine,,,left_only,Submarine,,,,https://assets.scriptslug.com/live/pdf/scripts/submarine-2010.pdf?v=1729115001,pdf
https://assets.scriptslug.com/live/pdf/scripts/suburbicon-2017.pdf?v=1729115001,Suburbicon,,,left_only,Suburbicon,,,,https://assets.scriptslug.com/live/pdf/scripts/suburbicon-2017.pdf?v=1729115001,pdf
https://assets.scriptslug.com/live/pdf/scripts/suffragette-2015.pdf?v=1729115001,Suffragette,,,left_only,Suffragette,,,,https://assets.scriptslug.com/live/pdf/scripts/suffragette-2015.pdf?v=1729115001,pdf
,,Sugar,https://imsdb.com//scripts//Sugar.html,right_only,Sugar,,,,https://imsdb.com//scripts//Sugar.html,html
,,Sugar And Spice,https://imsdb.com//scripts//Sugar-and-Spice.html,right_only,Sugar And Spice,,,,https://imsdb.com//scripts//Sugar-and-Spice.html,html
https://assets.scriptslug.com/live/pdf/scripts/suicide-squad-2016.pdf?v=1729115001,Suicide Squad,,,left_only,Suicide Squad,,,,https://assets.scriptslug.com/live/pdf/scripts/suicide-squad-2016.pdf?v=1729115001,pdf
https://assets.scriptslug.com/live/pdf/scripts/sully-2016.pdf?v=1729115001,Sully,,,left_only,Sully,,,,https://assets.scriptslug.com/live/pdf/scripts/sully-2016.pdf?v=1729115001,pdf
,,Sunset Blvd,https://imsdb.com//scripts//Sunset-Blvd..html,right_only,Sunset Blvd,,,,https://imsdb.com//scripts//Sunset-Blvd..html,html
https://assets.scriptslug.com/live/pdf/scripts/sunshine-2007.pdf?v=1729115002,Sunshine,,,left_only,Sunshine,,,,https://assets.scriptslug.com/live/pdf/scripts/sunshine-2007.pdf?v=1729115002,pdf
,,Sunshine Cleaning,https://imsdb.com//scripts//Sunshine-Cleaning.html,right_only,Sunshine Cleaning,,,,https://imsdb.com//scripts//Sunshine-Cleaning.html,html
https://assets.scriptslug.com/live/pdf/scripts/super-2010.pdf?v=1729115002,Super,,,left_only,Super,,,,https://assets.scriptslug.com/live/pdf/scripts/super-2010.pdf?v=1729115002,pdf
https://assets.scriptslug.com/live/pdf/scripts/super-8-2011.pdf?v=1729115002,Super 8,Super 8,https://imsdb.com//scripts//Super-8.html,both,Super 8,,,,https://assets.scriptslug.com/live/pdf/scripts/super-8-2011.pdf?v=1729115002,pdf
https://assets.scriptslug.com/live/pdf/scripts/super-dark-times-2017.pdf?v=1729115002,Super Dark Times,,,left_only,Super Dark Times,,,,https://assets.scriptslug.com/live/pdf/scripts/super-dark-times-2017.pdf?v=1729115002,pdf
https://assets.scriptslug.com/live/pdf/scripts/super-mario-bros-1993.pdf?v=1729115002,Super Mario Bros,,,left_only,Super Mario Bros,,,,https://assets.scriptslug.com/live/pdf/scripts/super-mario-bros-1993.pdf?v=1729115002,pdf
https://assets.scriptslug.com/live/pdf/scripts/superbad-2007.pdf?v=1729115002,Superbad,Superbad,https://imsdb.com//scripts//Superbad.html,both,Superbad,,,,https://assets.scriptslug.com/live/pdf/scripts/superbad-2007.pdf?v=1729115002,pdf
,,Supergirl,https://imsdb.com//scripts//Supergirl.html,right_only,Supergirl,,,,https://imsdb.com//scripts//Supergirl.html,html
https://assets.scriptslug.com/live/pdf/scripts/superman-1978.pdf?v=1729115002,Superman,,,left_only,Superman,,,,https://assets.scriptslug.com/live/pdf/scripts/superman-1978.pdf?v=1729115002,pdf
https://assets.scriptslug.com/live/pdf/scripts/surrogates-2009.pdf?v=1729115002,Surrogates,Surrogates,https://imsdb.com//scripts//Surrogates.html,both,Surrogates,,,,https://assets.scriptslug.com/live/pdf/scripts/surrogates-2009.pdf?v=1729115002,pdf
,,Suspect Zero,https://imsdb.com//scripts//Suspect-Zero.html,right_only,Suspect Zero,,,,https://imsdb.com//scripts//Suspect-Zero.html,html
https://assets.scriptslug.com/live/pdf/scripts/suspiria-2018.pdf?v=1729115002,Suspiria,,,left_only,Suspiria,,,,https://assets.scriptslug.com/live/pdf/scripts/suspiria-2018.pdf?v=1729115002,pdf
https://assets.scriptslug.com/live/pdf/scripts/swan-song-2021.pdf?v=1729115003,Swan Song,,,left_only,Swan Song,,,,https://assets.scriptslug.com/live/pdf/scripts/swan-song-2021.pdf?v=1729115003,pdf
https://assets.scriptslug.com/live/pdf/scripts/sweeney-todd-the-demon-barber-of-fleet-street-2007.pdf?v=1729115003,Sweeney Todd The Demon Barber Of Fleet Street,Sweeney Todd The Demon Barber Of Fleet Street,https://imsdb.com//scripts//Sweeney-Todd-The-Demon-Barber-of-Fleet-Street.html,both,Sweeney Todd The Demon Barber Of Fleet Street,,,,https://assets.scriptslug.com/live/pdf/scripts/sweeney-todd-the-demon-barber-of-fleet-street-2007.pdf?v=1729115003,pdf
https://assets.scriptslug.com/live/pdf/scripts/sweet-smell-of-success-1957.pdf?v=1729115003,Sweet Smell Of Success,Sweet Smell Of Success,https://imsdb.com//scripts//Sweet-Smell-of-Success.html,both,Sweet Smell Of Success,,,,https://assets.scriptslug.com/live/pdf/scripts/sweet-smell-of-success-1957.pdf?v=1729115003,pdf
https://assets.scriptslug.com/live/pdf/scripts/swingers-1996.pdf?v=1729115003,Swingers,Swingers,https://imsdb.com//scripts//Swingers.html,both,Swingers,,,,https://assets.scriptslug.com/live/pdf/scripts/swingers-1996.pdf?v=1729115003,pdf
https://assets.scriptslug.com/live/pdf/scripts/swiss-army-main-2016.pdf?v=1729115003,Swiss Army Man,,,left_only,Swiss Army Man,,,,https://assets.scriptslug.com/live/pdf/scripts/swiss-army-main-2016.pdf?v=1729115003,pdf
,,Swordfish,https://imsdb.com//scripts//Swordfish.html,right_only,Swordfish,,,,https://imsdb.com//scripts//Swordfish.html,html
https://assets.scriptslug.com/live/pdf/scripts/synecdoche-new-york-2008.pdf?v=1729115003,Synecdoche New York,Synecdoche New York,"https://imsdb.com//scripts//Synecdoche,-New-York.html",both,Synecdoche New York,,,,https://assets.scriptslug.com/live/pdf/scripts/synecdoche-new-york-2008.pdf?v=1729115003,pdf
,,Syriana,https://imsdb.com//scripts//Syriana.html,right_only,Syriana,,,,https://imsdb.com//scripts//Syriana.html,html
https://assets.scriptslug.com/live/pdf/scripts/take-shelter-2011.pdf?v=1729115003,Take Shelter,Take Shelter,https://imsdb.com//scripts//Take-Shelter.html,both,Take Shelter,,,,https://assets.scriptslug.com/live/pdf/scripts/take-shelter-2011.pdf?v=1729115003,pdf
,,Taking Lives,https://imsdb.com//scripts//Taking-Lives.html,right_only,Taking Lives,,,,https://imsdb.com//scripts//Taking-Lives.html,html
,,Taking Sides,https://imsdb.com//scripts//Taking-Sides.html,right_only,Taking Sides,,,,https://imsdb.com//scripts//Taking-Sides.html,html
https://assets.scriptslug.com/live/pdf/scripts/talkin-dirty-after-dark-1991.pdf?v=1729115003,Talkin Dirty After Dark,,,left_only,Talkin Dirty After Dark,,,,https://assets.scriptslug.com/live/pdf/scripts/talkin-dirty-after-dark-1991.pdf?v=1729115003,pdf
,,Tall In The Saddle,https://imsdb.com//scripts//Tall-in-the-Saddle.html,right_only,Tall In The Saddle,,,,https://imsdb.com//scripts//Tall-in-the-Saddle.html,html
https://assets.scriptslug.com/live/pdf/scripts/talladega-nights-2006.pdf?v=1729115003,Talladega Nights The Ballad Of Ricky Bobby,,,left_only,Talladega Nights The Ballad Of Ricky Bobby,,,,https://assets.scriptslug.com/live/pdf/scripts/talladega-nights-2006.pdf?v=1729115003,pdf
,,Tamara Drewe,https://imsdb.com//scripts//Tamara-Drewe.html,right_only,Tamara Drewe,,,,https://imsdb.com//scripts//Tamara-Drewe.html,html
https://assets.scriptslug.com/live/pdf/scripts/tango-and-cash-1989.pdf?v=1729115003,Tango & Cash,,,left_only,Tango & Cash,,,,https://assets.scriptslug.com/live/pdf/scripts/tango-and-cash-1989.pdf?v=1729115003,pdf
https://assets.scriptslug.com/live/pdf/scripts/taxi-driver-1976.pdf?v=1729115004,Taxi Driver,Taxi Driver,https://imsdb.com//scripts//Taxi-Driver.html,both,Taxi Driver,,,,https://assets.scriptslug.com/live/pdf/scripts/taxi-driver-1976.pdf?v=1729115004,pdf
https://assets.scriptslug.com/live/pdf/scripts/team-america-world-police-2004.pdf?v=1729115004,Team America World Police,,,left_only,Team America World Police,,,,https://assets.scriptslug.com/live/pdf/scripts/team-america-world-police-2004.pdf?v=1729115004,pdf
https://assets.scriptslug.com/live/pdf/scripts/ted-2012.pdf?v=1729115004,Ted,Ted,https://imsdb.com//scripts//Ted.html,both,Ted,,,,https://assets.scriptslug.com/live/pdf/scripts/ted-2012.pdf?v=1729115004,pdf
https://assets.scriptslug.com/live/pdf/scripts/teen-wolf-1985.pdf?v=1729115004,Teen Wolf,,,left_only,Teen Wolf,,,,https://assets.scriptslug.com/live/pdf/scripts/teen-wolf-1985.pdf?v=1729115004,pdf
https://assets.scriptslug.com/live/pdf/scripts/teenage-mutant-ninja-turtles-mutant-mayhem-2023.pdf?v=1729115004,Teenage Mutant Ninja Turtles Mutant Mayhem,Teenage Mutant Ninja Turtles Mutant Mayhem,https://imsdb.com//scripts//Teenage-Mutant-Ninja-Turtles-Mutant-Mayhem.html,both,Teenage Mutant Ninja Turtles Mutant Mayhem,,,,https://assets.scriptslug.com/live/pdf/scripts/teenage-mutant-ninja-turtles-mutant-mayhem-2023.pdf?v=1729115004,pdf
https://assets.scriptslug.com/live/pdf/scripts/tenet-2020.pdf?v=1729115005,Tenet,Tenet,https://imsdb.com//scripts//Tenet.html,both,Tenet,,,,https://assets.scriptslug.com/live/pdf/scripts/tenet-2020.pdf?v=1729115005,pdf
https://assets.scriptslug.com/live/pdf/scripts/tequila-sunrise-1988.pdf?v=1729115005,Tequila Sunrise,,,left_only,Tequila Sunrise,,,,https://assets.scriptslug.com/live/pdf/scripts/tequila-sunrise-1988.pdf?v=1729115005,pdf
,,Terminator,https://imsdb.com//scripts//Terminator.html,right_only,Terminator,,,,https://imsdb.com//scripts//Terminator.html,html
https://assets.scriptslug.com/live/pdf/scripts/terminator-2-judgement-day-1991.pdf?v=1729115005,Terminator 2 Judgement Day,Terminator 2 Judgement Day,https://imsdb.com//scripts//Terminator-2-Judgement-Day.html,both,Terminator 2 Judgement Day,,,,https://assets.scriptslug.com/live/pdf/scripts/terminator-2-judgement-day-1991.pdf?v=1729115005,pdf
https://assets.scriptslug.com/live/pdf/scripts/terminator-genisys-2015.pdf?v=1729115005,Terminator Genisys,,,left_only,Terminator Genisys,,,,https://assets.scriptslug.com/live/pdf/scripts/terminator-genisys-2015.pdf?v=1729115005,pdf
https://assets.scriptslug.com/live/pdf/scripts/terminator-salvation-2009.pdf?v=1729115005,Terminator Salvation,Terminator Salvation,https://imsdb.com//scripts//Terminator-Salvation.html,both,Terminator Salvation,,,,https://assets.scriptslug.com/live/pdf/scripts/terminator-salvation-2009.pdf?v=1729115005,pdf
https://assets.scriptslug.com/live/pdf/scripts/terms-of-endearment-1983.pdf?v=1729115005,Terms Of Endearment,,,left_only,Terms Of Endearment,,,,https://assets.scriptslug.com/live/pdf/scripts/terms-of-endearment-1983.pdf?v=1729115005,pdf
https://assets.scriptslug.com/live/pdf/scripts/40-year-old-virgin-2005.pdf?v=1729114849,The 40 Year Old Virgin,,,left_only,The 40 Year Old Virgin,,,,https://assets.scriptslug.com/live/pdf/scripts/40-year-old-virgin-2005.pdf?v=1729114849,pdf
https://assets.scriptslug.com/live/pdf/scripts/the-a-team-2010.pdf?v=1729115005,The A Team,,,left_only,The A Team,,,,https://assets.scriptslug.com/live/pdf/scripts/the-a-team-2010.pdf?v=1729115005,pdf
https://assets.scriptslug.com/live/pdf/scripts/the-abyss-1989.pdf?v=1729115005,The Abyss,The Abyss,"https://imsdb.com//scripts//Abyss,-The.html",both,The Abyss,,,,https://assets.scriptslug.com/live/pdf/scripts/the-abyss-1989.pdf?v=1729115005,pdf
https://assets.scriptslug.com/live/pdf/scripts/the-accidental-tourist-1988.pdf?v=1729115006,The Accidental Tourist,,,left_only,The Accidental Tourist,,,,https://assets.scriptslug.com/live/pdf/scripts/the-accidental-tourist-1988.pdf?v=1729115006,pdf
https://assets.scriptslug.com/live/pdf/scripts/the-accountant-2016.pdf?v=1729115006,The Accountant,,,left_only,The Accountant,,,,https://assets.scriptslug.com/live/pdf/scripts/the-accountant-2016.pdf?v=1729115006,pdf
https://assets.scriptslug.com/live/pdf/scripts/the-addams-family-1991.pdf?v=1729115006,The Addams Family,The Addams Family,"https://imsdb.com//scripts//Addams-Family,-The.html",both,The Addams Family,,,,https://assets.scriptslug.com/live/pdf/scripts/the-addams-family-1991.pdf?v=1729115006,pdf
https://assets.scriptslug.com/live/pdf/scripts/the-adjustment-bureau-2011.pdf?v=1729115006,The Adjustment Bureau,The Adjustment Bureau,"https://imsdb.com//scripts//Adjustment-Bureau,-The.html",both,The Adjustment Bureau,,,,https://assets.scriptslug.com/live/pdf/scripts/the-adjustment-bureau-2011.pdf?v=1729115006,pdf
,,The Adventures Of Buckaroo Banzai Across The Eighth Dimension,"https://imsdb.com//scripts//Adventures-of-Buckaroo-Banzai-Across-the-Eighth-Dimension,-The.html",right_only,The Adventures Of Buckaroo Banzai Across The Eighth Dimension,,,,"https://imsdb.com//scripts//Adventures-of-Buckaroo-Banzai-Across-the-Eighth-Dimension,-The.html",html
https://assets.scriptslug.com/live/pdf/scripts/the-adventures-of-ford-fairlane-1990.pdf?v=1729115006,The Adventures Of Ford Fairlane,,,left_only,The Adventures Of Ford Fairlane,,,,https://assets.scriptslug.com/live/pdf/scripts/the-adventures-of-ford-fairlane-1990.pdf?v=1729115006,pdf
https://assets.scriptslug.com/live/pdf/scripts/the-adventures-of-tintin-2011.pdf?v=1729115006,The Adventures Of Tintin,,,left_only,The Adventures Of Tintin,,,,https://assets.scriptslug.com/live/pdf/scripts/the-adventures-of-tintin-2011.pdf?v=1729115006,pdf
https://assets.scriptslug.com/live/pdf/scripts/the-african-queen-1951.pdf?v=1729115006,The African Queen,,,left_only,The African Queen,,,,https://assets.scriptslug.com/live/pdf/scripts/the-african-queen-1951.pdf?v=1729115006,pdf
https://assets.scriptslug.com/live/pdf/scripts/the-american-2010.pdf?v=1729115006,The American,The American,"https://imsdb.com//scripts//American,-The.html",both,The American,,,,https://assets.scriptslug.com/live/pdf/scripts/the-american-2010.pdf?v=1729115006,pdf
https://assets.scriptslug.com/live/pdf/scripts/the-american-president-1995.pdf?v=1729115007,The American President,The American President,"https://imsdb.com//scripts//American-President,-The.html",both,The American President,,,,https://assets.scriptslug.com/live/pdf/scripts/the-american-president-1995.pdf?v=1729115007,pdf
,,The Amityville Asylum,"https://imsdb.com//scripts//Amityville-Asylum,-The.html",right_only,The Amityville Asylum,,,,"https://imsdb.com//scripts//Amityville-Asylum,-The.html",html
https://assets.scriptslug.com/live/pdf/scripts/the-amityville-horror-1979.pdf?v=1729115007,The Amityville Horror,,,left_only,The Amityville Horror,,,,https://assets.scriptslug.com/live/pdf/scripts/the-amityville-horror-1979.pdf?v=1729115007,pdf
,,The Anniversary Party,"https://imsdb.com//scripts//Anniversary-Party,-The.html",right_only,The Anniversary Party,,,,"https://imsdb.com//scripts//Anniversary-Party,-The.html",html
https://assets.scriptslug.com/live/pdf/scripts/the-apartment-1960.pdf?v=1729115007,The Apartment,The Apartment,"https://imsdb.com//scripts//Apartment,-The.html",both,The Apartment,,,,https://assets.scriptslug.com/live/pdf/scripts/the-apartment-1960.pdf?v=1729115007,pdf
https://assets.scriptslug.com/live/pdf/scripts/the-artist-2011.pdf?v=1729115007,The Artist,The Artist,"https://imsdb.com//scripts//Artist,-The.html",both,The Artist,,,,https://assets.scriptslug.com/live/pdf/scripts/the-artist-2011.pdf?v=1729115007,pdf
,,The Assignment,"https://imsdb.com//scripts//Assignment,-The.html",right_only,The Assignment,,,,"https://imsdb.com//scripts//Assignment,-The.html",html
https://assets.scriptslug.com/live/pdf/scripts/the-avengers-2012.pdf?v=1729115007,The Avengers,The Avengers,"https://imsdb.com//scripts//Avengers,-The.html",both,The Avengers,,,,https://assets.scriptslug.com/live/pdf/scripts/the-avengers-2012.pdf?v=1729115007,pdf
https://assets.scriptslug.com/live/pdf/scripts/the-avengers-2012.pdf?v=1729115007,The Avengers,The Avengers,"https://imsdb.com//scripts//Avengers,-The-(2012).html",both,The Avengers,,,,https://assets.scriptslug.com/live/pdf/scripts/the-avengers-2012.pdf?v=1729115007,pdf
https://assets.scriptslug.com/live/pdf/scripts/the-aviator-2004.pdf?v=1729115007,The Aviator,,,left_only,The Aviator,,,,https://assets.scriptslug.com/live/pdf/scripts/the-aviator-2004.pdf?v=1729115007,pdf
https://assets.scriptslug.com/live/pdf/scripts/the-babadook-2011.pdf?v=1729115007,The Babadook,,,left_only,The Babadook,,,,https://assets.scriptslug.com/live/pdf/scripts/the-babadook-2011.pdf?v=1729115007,pdf
https://assets.scriptslug.com/live/pdf/scripts/the-babysitter-2017.pdf?v=1729115007,The Babysitter,,,left_only,The Babysitter,,,,https://assets.scriptslug.com/live/pdf/scripts/the-babysitter-2017.pdf?v=1729115007,pdf
,,The Bachelor Party,"https://imsdb.com//scripts//Bachelor-Party,-The.html",right_only,The Bachelor Party,,,,"https://imsdb.com//scripts//Bachelor-Party,-The.html",html
,,The Back Up Plan,"https://imsdb.com//scripts//Back-up-Plan,-The.html",right_only,The Back Up Plan,,,,"https://imsdb.com//scripts//Back-up-Plan,-The.html",html
https://assets.scriptslug.com/live/pdf/scripts/the-ballad-of-buster-scruggs-2018.pdf?v=1729115007,The Ballad Of Buster Scruggs,,,left_only,The Ballad Of Buster Scruggs,,,,https://assets.scriptslug.com/live/pdf/scripts/the-ballad-of-buster-scruggs-2018.pdf?v=1729115007,pdf
https://assets.scriptslug.com/live/pdf/scripts/the-banshees-of-inisherin-2022.pdf?v=1729115007,The Banshees Of Inisherin,,,left_only,The Banshees Of Inisherin,,,,https://assets.scriptslug.com/live/pdf/scripts/the-banshees-of-inisherin-2022.pdf?v=1729115007,pdf
https://assets.scriptslug.com/live/pdf/scripts/the-batman-2022.pdf?v=1729115008,The Batman,,,left_only,The Batman,,,,https://assets.scriptslug.com/live/pdf/scripts/the-batman-2022.pdf?v=1729115008,pdf
,,The Battle Of Algiers,"https://imsdb.com//scripts//Battle-of-Algiers,-The.html",right_only,The Battle Of Algiers,,,,"https://imsdb.com//scripts//Battle-of-Algiers,-The.html",html
,,The Battle Of Shaker Heights,"https://imsdb.com//scripts//Battle-of-Shaker-Heights,-The.html",right_only,The Battle Of Shaker Heights,,,,"https://imsdb.com//scripts//Battle-of-Shaker-Heights,-The.html",html
,,The Beach,"https://imsdb.com//scripts//Beach,-The.html",right_only,The Beach,,,,"https://imsdb.com//scripts//Beach,-The.html",html
https://assets.scriptslug.com/live/pdf/scripts/the-beach-bum-2019.pdf?v=1729115008,The Beach Bum,,,left_only,The Beach Bum,,,,https://assets.scriptslug.com/live/pdf/scripts/the-beach-bum-2019.pdf?v=1729115008,pdf
https://assets.scriptslug.com/live/pdf/scripts/the-beekeeper-2024.pdf?v=1729115008,The Beekeeper,The Beekeeper,"https://imsdb.com//scripts//Beekeeper,-The.html",both,The Beekeeper,,,,https://assets.scriptslug.com/live/pdf/scripts/the-beekeeper-2024.pdf?v=1729115008,pdf
https://assets.scriptslug.com/live/pdf/scripts/the-beguiled-1971.pdf?v=1729115008,The Beguiled,,,left_only,The Beguiled,,,,https://assets.scriptslug.com/live/pdf/scripts/the-beguiled-1971.pdf?v=1729115008,pdf
https://assets.scriptslug.com/live/pdf/scripts/the-beguiled-2017.pdf?v=1729115008,The Beguiled,,,left_only,The Beguiled,,,,https://assets.scriptslug.com/live/pdf/scripts/the-beguiled-2017.pdf?v=1729115008,pdf
,,The Believer,"https://imsdb.com//scripts//Believer,-The.html",right_only,The Believer,,,,"https://imsdb.com//scripts//Believer,-The.html",html
,,The Best Exotic Marigold Hotel,"https://imsdb.com//scripts//Best-Exotic-Marigold-Hotel,-The.html",right_only,The Best Exotic Marigold Hotel,,,,"https://imsdb.com//scripts//Best-Exotic-Marigold-Hotel,-The.html",html
https://assets.scriptslug.com/live/pdf/scripts/the-bfg-2016.pdf?v=1729115008,The Bfg,,,left_only,The Bfg,,,,https://assets.scriptslug.com/live/pdf/scripts/the-bfg-2016.pdf?v=1729115008,pdf
,,The Big Blue,"https://imsdb.com//scripts//Big-Blue,-The.html",right_only,The Big Blue,,,,"https://imsdb.com//scripts//Big-Blue,-The.html",html
https://assets.scriptslug.com/live/pdf/scripts/the-big-chill-1983.pdf?v=1729115008,The Big Chill,,,left_only,The Big Chill,,,,https://assets.scriptslug.com/live/pdf/scripts/the-big-chill-1983.pdf?v=1729115008,pdf
https://assets.scriptslug.com/live/pdf/scripts/the-big-easy-1986.pdf?v=1729115008,The Big Easy,,,left_only,The Big Easy,,,,https://assets.scriptslug.com/live/pdf/scripts/the-big-easy-1986.pdf?v=1729115008,pdf
https://assets.scriptslug.com/live/pdf/scripts/the-big-lebowski-2004.pdf?v=1729115008,The Big Lebowski,The Big Lebowski,"https://imsdb.com//scripts//Big-Lebowski,-The.html",both,The Big Lebowski,,,,https://assets.scriptslug.com/live/pdf/scripts/the-big-lebowski-2004.pdf?v=1729115008,pdf
https://assets.scriptslug.com/live/pdf/scripts/the-big-short-2015.pdf?v=1729115009,The Big Short,,,left_only,The Big Short,,,,https://assets.scriptslug.com/live/pdf/scripts/the-big-short-2015.pdf?v=1729115009,pdf
https://assets.scriptslug.com/live/pdf/scripts/the-big-sick-2017.pdf?v=1729115009,The Big Sick,The Big Sick,"https://imsdb.com//scripts//Big-Sick,-The.html",both,The Big Sick,,,,https://assets.scriptslug.com/live/pdf/scripts/the-big-sick-2017.pdf?v=1729115009,pdf
,,The Big White,"https://imsdb.com//scripts//Big-White,-The.html",right_only,The Big White,,,,"https://imsdb.com//scripts//Big-White,-The.html",html
https://assets.scriptslug.com/live/pdf/scripts/the-birdcage-1996.pdf?v=1729115009,The Birdcage,,,left_only,The Birdcage,,,,https://assets.scriptslug.com/live/pdf/scripts/the-birdcage-1996.pdf?v=1729115009,pdf
https://assets.scriptslug.com/live/pdf/scripts/the-birds-1963.pdf?v=1729115009,The Birds,The Birds,"https://imsdb.com//scripts//Birds,-The.html",both,The Birds,,,,https://assets.scriptslug.com/live/pdf/scripts/the-birds-1963.pdf?v=1729115009,pdf
https://assets.scriptslug.com/live/pdf/scripts/the-birth-of-a-nation-2016.pdf?v=1729115009,The Birth Of A Nation,,,left_only,The Birth Of A Nation,,,,https://assets.scriptslug.com/live/pdf/scripts/the-birth-of-a-nation-2016.pdf?v=1729115009,pdf
,,The Black Dahlia,"https://imsdb.com//scripts//Black-Dahlia,-The.html",right_only,The Black Dahlia,,,,"https://imsdb.com//scripts//Black-Dahlia,-The.html",html
,,The Blast From The Past,"https://imsdb.com//scripts//Blast-from-the-Past,-The.html",right_only,The Blast From The Past,,,,"https://imsdb.com//scripts//Blast-from-the-Past,-The.html",html
,,The Blind Side,"https://imsdb.com//scripts//Blind-Side,-The.html",right_only,The Blind Side,,,,"https://imsdb.com//scripts//Blind-Side,-The.html",html
https://assets.scriptslug.com/live/pdf/scripts/bling-ring-2013.pdf?v=1729114874,The Bling Ring,The Bling Ring,"https://imsdb.com//scripts//Bling-Ring,-The.html",both,The Bling Ring,,,,https://assets.scriptslug.com/live/pdf/scripts/bling-ring-2013.pdf?v=1729114874,pdf
https://assets.scriptslug.com/live/pdf/scripts/the-blob-1988.pdf?v=1729115009,The Blob,,,left_only,The Blob,,,,https://assets.scriptslug.com/live/pdf/scripts/the-blob-1988.pdf?v=1729115009,pdf
https://assets.scriptslug.com/live/pdf/scripts/the-blues-brothers-1980.pdf?v=1729115009,The Blues Brothers,The Blues Brothers,"https://imsdb.com//scripts//Blues-Brothers,-The.html",both,The Blues Brothers,The Blues Brothers,HTML len = 0 : no content scrapped,The Blues Brothers,https://assets.scriptslug.com/live/pdf/scripts/the-blues-brothers-1980.pdf?v=1729115009,pdf
https://assets.scriptslug.com/live/pdf/scripts/the-bodyguard-1992.pdf?v=1729115009,The Bodyguard,,,left_only,The Bodyguard,,,,https://assets.scriptslug.com/live/pdf/scripts/the-bodyguard-1992.pdf?v=1729115009,pdf
https://assets.scriptslug.com/live/pdf/scripts/the-bonfire-of-the-vanities-1990.pdf?v=1729115009,The Bonfire Of The Vanities,,,left_only,The Bonfire Of The Vanities,,,,https://assets.scriptslug.com/live/pdf/scripts/the-bonfire-of-the-vanities-1990.pdf?v=1729115009,pdf
,,The Book Of Eli,"https://imsdb.com//scripts//Book-of-Eli,-The.html",right_only,The Book Of Eli,,,,"https://imsdb.com//scripts//Book-of-Eli,-The.html",html
https://assets.scriptslug.com/live/pdf/scripts/boondock-saints-1999.pdf?v=1729114876,The Boondock Saints,The Boondock Saints,"https://imsdb.com//scripts//Boondock-Saints,-The.html",both,The Boondock Saints,,,,https://assets.scriptslug.com/live/pdf/scripts/boondock-saints-1999.pdf?v=1729114876,pdf
https://assets.scriptslug.com/live/pdf/scripts/the-boondock-saints-ii-all-saints-day-2009.pdf?v=1729115010,The Boondock Saints 2 All Saints Day,,,left_only,The Boondock Saints 2 All Saints Day,,,,https://assets.scriptslug.com/live/pdf/scripts/the-boondock-saints-ii-all-saints-day-2009.pdf?v=1729115010,pdf
https://assets.scriptslug.com/live/pdf/scripts/the-boss-baby-family-business-2021.pdf?v=1729115010,The Boss Baby Family Business,,,left_only,The Boss Baby Family Business,,,,https://assets.scriptslug.com/live/pdf/scripts/the-boss-baby-family-business-2021.pdf?v=1729115010,pdf
,,The Bounty Hunter,"https://imsdb.com//scripts//Bounty-Hunter,-The.html",right_only,The Bounty Hunter,,,,"https://imsdb.com//scripts//Bounty-Hunter,-The.html",html
https://assets.scriptslug.com/live/pdf/scripts/the-bourne-identity-2002.pdf?v=1729115010,The Bourne Identity,The Bourne Identity,"https://imsdb.com//scripts//Bourne-Identity,-The.html",both,The Bourne Identity,,,,https://assets.scriptslug.com/live/pdf/scripts/the-bourne-identity-2002.pdf?v=1729115010,pdf
https://assets.scriptslug.com/live/pdf/scripts/the-bourne-supremacy-2004.pdf?v=1729115010,The Bourne Supremacy,The Bourne Supremacy,"https://imsdb.com//scripts//Bourne-Supremacy,-The.html",both,The Bourne Supremacy,,,,https://assets.scriptslug.com/live/pdf/scripts/the-bourne-supremacy-2004.pdf?v=1729115010,pdf
https://assets.scriptslug.com/live/pdf/scripts/the-bourne-ultimatum-2007.pdf?v=1729115010,The Bourne Ultimatum,The Bourne Ultimatum,"https://imsdb.com//scripts//Bourne-Ultimatum,-The.html",both,The Bourne Ultimatum,,,,https://assets.scriptslug.com/live/pdf/scripts/the-bourne-ultimatum-2007.pdf?v=1729115010,pdf
,,The Box,"https://imsdb.com//scripts//Box,-The.html",right_only,The Box,,,,"https://imsdb.com//scripts//Box,-The.html",html
https://assets.scriptslug.com/live/pdf/scripts/the-boxtrolls-2014.pdf?v=1729115010,The Boxtrolls,The Boxtrolls,"https://imsdb.com//scripts//Boxtrolls,-The.html",both,The Boxtrolls,,,,https://assets.scriptslug.com/live/pdf/scripts/the-boxtrolls-2014.pdf?v=1729115010,pdf
https://assets.scriptslug.com/live/pdf/scripts/the-boy-2016.pdf?v=1729115010,The Boy,,,left_only,The Boy,,,,https://assets.scriptslug.com/live/pdf/scripts/the-boy-2016.pdf?v=1729115010,pdf
https://assets.scriptslug.com/live/pdf/scripts/the-brady-bunch-movie-1995.pdf?v=1729115010,The Brady Bunch Movie,,,left_only,The Brady Bunch Movie,,,,https://assets.scriptslug.com/live/pdf/scripts/the-brady-bunch-movie-1995.pdf?v=1729115010,pdf
https://assets.scriptslug.com/live/pdf/scripts/the-breakfast-club-1985.pdf?v=1729115010,The Breakfast Club,The Breakfast Club,"https://imsdb.com//scripts//Breakfast-Club,-The.html",both,The Breakfast Club,,,,https://assets.scriptslug.com/live/pdf/scripts/the-breakfast-club-1985.pdf?v=1729115010,pdf
https://assets.scriptslug.com/live/pdf/scripts/the-brothers-bloom-2008.pdf?v=1729115011,The Brothers Bloom,The Brothers Bloom,"https://imsdb.com//scripts//Brothers-Bloom,-The.html",both,The Brothers Bloom,,,,https://assets.scriptslug.com/live/pdf/scripts/the-brothers-bloom-2008.pdf?v=1729115011,pdf
https://assets.scriptslug.com/live/pdf/scripts/the-brutalist-2024.pdf?v=1738462790,The Brutalist,The Brutalist,"https://imsdb.com//scripts//Brutalist,-The.html",both,The Brutalist,,,,https://assets.scriptslug.com/live/pdf/scripts/the-brutalist-2024.pdf?v=1738462790,pdf
https://assets.scriptslug.com/live/pdf/scripts/the-burbs-1989.pdf?v=1729115011,The Burbs,,,left_only,The Burbs,,,,https://assets.scriptslug.com/live/pdf/scripts/the-burbs-1989.pdf?v=1729115011,pdf
https://assets.scriptslug.com/live/pdf/scripts/the-burial-2023.pdf?v=1729115011,The Burial,,,left_only,The Burial,,,,https://assets.scriptslug.com/live/pdf/scripts/the-burial-2023.pdf?v=1729115011,pdf
,,The Butterfly Effect,"https://imsdb.com//scripts//Butterfly-Effect,-The.html",right_only,The Butterfly Effect,,,,"https://imsdb.com//scripts//Butterfly-Effect,-The.html",html
https://assets.scriptslug.com/live/pdf/scripts/the-cabin-in-the-woods-2012.pdf?v=1729114881,The Cabin In The Woods,,,left_only,The Cabin In The Woods,,,,https://assets.scriptslug.com/live/pdf/scripts/the-cabin-in-the-woods-2012.pdf?v=1729114881,pdf
https://assets.scriptslug.com/live/pdf/scripts/the-card-counter-2021.pdf?v=1729115011,The Card Counter,,,left_only,The Card Counter,,,,https://assets.scriptslug.com/live/pdf/scripts/the-card-counter-2021.pdf?v=1729115011,pdf
,,The Cell,"https://imsdb.com//scripts//Cell,-The.html",right_only,The Cell,,,,"https://imsdb.com//scripts//Cell,-The.html",html
,,The Change Up,"https://imsdb.com//scripts//Change-Up,-The.html",right_only,The Change Up,,,,"https://imsdb.com//scripts//Change-Up,-The.html",html
https://assets.scriptslug.com/live/pdf/scripts/the-children-of-the-corn-1984.pdf?v=1729115011,The Children Of The Corn,,,left_only,The Children Of The Corn,,,,https://assets.scriptslug.com/live/pdf/scripts/the-children-of-the-corn-1984.pdf?v=1729115011,pdf
,,The Cider House Rules,"https://imsdb.com//scripts//Cider-House-Rules,-The.html",right_only,The Cider House Rules,,,,"https://imsdb.com//scripts//Cider-House-Rules,-The.html",html
,,The Cincinnati Kid,"https://imsdb.com//scripts//Cincinnati-Kid,-The.html",right_only,The Cincinnati Kid,,,,"https://imsdb.com//scripts//Cincinnati-Kid,-The.html",html
https://assets.scriptslug.com/live/pdf/scripts/the-civil-dead-2022.pdf?v=1729115011,The Civil Dead,,,left_only,The Civil Dead,,,,https://assets.scriptslug.com/live/pdf/scripts/the-civil-dead-2022.pdf?v=1729115011,pdf
https://assets.scriptslug.com/live/pdf/scripts/the-color-purple-1985.pdf?v=1729115011,The Color Purple,The Color Purple,"https://imsdb.com//scripts//Color-Purple,-The.html",both,The Color Purple,,,,https://assets.scriptslug.com/live/pdf/scripts/the-color-purple-1985.pdf?v=1729115011,pdf
https://assets.scriptslug.com/live/pdf/scripts/the-color-purple-2023.pdf?v=1729115011,The Color Purple,The Color Purple,"https://imsdb.com//scripts//Color-Purple,-The.html",both,The Color Purple,,,,https://assets.scriptslug.com/live/pdf/scripts/the-color-purple-2023.pdf?v=1729115011,pdf
https://assets.scriptslug.com/live/pdf/scripts/the-comedian-2016.pdf?v=1729115011,The Comedian,,,left_only,The Comedian,,,,https://assets.scriptslug.com/live/pdf/scripts/the-comedian-2016.pdf?v=1729115011,pdf
https://assets.scriptslug.com/live/pdf/scripts/the-conjuring-2013.pdf?v=1729115012,The Conjuring,,,left_only,The Conjuring,,,,https://assets.scriptslug.com/live/pdf/scripts/the-conjuring-2013.pdf?v=1729115012,pdf
https://assets.scriptslug.com/live/pdf/scripts/the-conversation-1974.pdf?v=1729115012,The Conversation,,,left_only,The Conversation,,,,https://assets.scriptslug.com/live/pdf/scripts/the-conversation-1974.pdf?v=1729115012,pdf
,,The Cooler,"https://imsdb.com//scripts//Cooler,-The.html",right_only,The Cooler,,,,"https://imsdb.com//scripts//Cooler,-The.html",html
https://assets.scriptslug.com/live/pdf/scripts/the-cotton-club-1984.pdf?v=1729115012,The Cotton Club,,,left_only,The Cotton Club,,,,https://assets.scriptslug.com/live/pdf/scripts/the-cotton-club-1984.pdf?v=1729115012,pdf
https://assets.scriptslug.com/live/pdf/scripts/the-craft-1996.pdf?v=1729115012,The Craft,,,left_only,The Craft,,,,https://assets.scriptslug.com/live/pdf/scripts/the-craft-1996.pdf?v=1729115012,pdf
,,The Croods,"https://imsdb.com//scripts//Croods,-The.html",right_only,The Croods,,,,"https://imsdb.com//scripts//Croods,-The.html",html
https://assets.scriptslug.com/live/pdf/scripts/the-crow-1994.pdf?v=1729115012,The Crow,The Crow,"https://imsdb.com//scripts//Crow,-The.html",both,The Crow,,,,https://assets.scriptslug.com/live/pdf/scripts/the-crow-1994.pdf?v=1729115012,pdf
,,The Crow City Of Angels,"https://imsdb.com//scripts//Crow-City-of-Angels,-The.html",right_only,The Crow City Of Angels,,,,"https://imsdb.com//scripts//Crow-City-of-Angels,-The.html",html
,,The Crow Salvation,"https://imsdb.com//scripts//Crow-Salvation,-The.html",right_only,The Crow Salvation,,,,"https://imsdb.com//scripts//Crow-Salvation,-The.html",html
https://assets.scriptslug.com/live/pdf/scripts/the-curious-case-of-benjamin-button-2008.pdf?v=1729115012,The Curious Case Of Benjamin Button,The Curious Case Of Benjamin Button,"https://imsdb.com//scripts//Curious-Case-of-Benjamin-Button,-The.html",both,The Curious Case Of Benjamin Button,,,,https://assets.scriptslug.com/live/pdf/scripts/the-curious-case-of-benjamin-button-2008.pdf?v=1729115012,pdf
https://assets.scriptslug.com/live/pdf/scripts/the-cutting-edge-1992.pdf?v=1729115012,The Cutting Edge,,,left_only,The Cutting Edge,,,,https://assets.scriptslug.com/live/pdf/scripts/the-cutting-edge-1992.pdf?v=1729115012,pdf
,,The Damned United,"https://imsdb.com//scripts//Damned-United,-The.html",right_only,The Damned United,,,,"https://imsdb.com//scripts//Damned-United,-The.html",html
https://assets.scriptslug.com/live/pdf/scripts/the-danish-girl-2015.pdf?v=1729115012,The Danish Girl,The Danish Girl,"https://imsdb.com//scripts//Danish-Girl,-The.html",both,The Danish Girl,,,,https://assets.scriptslug.com/live/pdf/scripts/the-danish-girl-2015.pdf?v=1729115012,pdf
https://assets.scriptslug.com/live/pdf/scripts/the-dark-knight-2008.pdf?v=1729115013,The Dark Knight,The Dark Knight,"https://imsdb.com//scripts//Dark-Knight,-The.html",both,The Dark Knight,The Dark Knight,"Webstatus : 404
",The Dark Knight,https://assets.scriptslug.com/live/pdf/scripts/the-dark-knight-2008.pdf?v=1729115013,pdf
https://assets.scriptslug.com/live/pdf/scripts/the-dark-knight-rises-2012.pdf?v=1729115013,The Dark Knight Rises,The Dark Knight Rises,"https://imsdb.com//scripts//Dark-Knight-Rises,-The.html",both,The Dark Knight Rises,,,,https://assets.scriptslug.com/live/pdf/scripts/the-dark-knight-rises-2012.pdf?v=1729115013,pdf
,,The Day The Clown Cried,"https://imsdb.com//scripts//Day-the-Clown-Cried,-The.html",right_only,The Day The Clown Cried,,,,"https://imsdb.com//scripts//Day-the-Clown-Cried,-The.html",html
,,The Day The Earth Stood Still,"https://imsdb.com//scripts//Day-the-Earth-Stood-Still,-The.html",right_only,The Day The Earth Stood Still,,,,"https://imsdb.com//scripts//Day-the-Earth-Stood-Still,-The.html",html
https://assets.scriptslug.com/live/pdf/scripts/the-dead-zone-1983.pdf?v=1729115013,The Dead Zone,,,left_only,The Dead Zone,,,,https://assets.scriptslug.com/live/pdf/scripts/the-dead-zone-1983.pdf?v=1729115013,pdf
,,The Debt,"https://imsdb.com//scripts//Debt,-The.html",right_only,The Debt,,,,"https://imsdb.com//scripts//Debt,-The.html",html
https://assets.scriptslug.com/live/pdf/scripts/the-deer-hunter-1978.pdf?v=1729115013,The Deer Hunter,The Deer Hunter,"https://imsdb.com//scripts//Deer-Hunter,-The.html",both,The Deer Hunter,,,,https://assets.scriptslug.com/live/pdf/scripts/the-deer-hunter-1978.pdf?v=1729115013,pdf
https://assets.scriptslug.com/live/pdf/scripts/the-departed-2006.pdf?v=1729115013,The Departed,The Departed,"https://imsdb.com//scripts//Departed,-The.html",both,The Departed,,,,https://assets.scriptslug.com/live/pdf/scripts/the-departed-2006.pdf?v=1729115013,pdf
https://assets.scriptslug.com/live/pdf/scripts/the-descendants-2011.pdf?v=1729115013,The Descendants,The Descendants,"https://imsdb.com//scripts//Descendants,-The.html",both,The Descendants,,,,https://assets.scriptslug.com/live/pdf/scripts/the-descendants-2011.pdf?v=1729115013,pdf
https://assets.scriptslug.com/live/pdf/scripts/the-descent-2005.pdf?v=1729115013,The Descent,,,left_only,The Descent,,,,https://assets.scriptslug.com/live/pdf/scripts/the-descent-2005.pdf?v=1729115013,pdf
https://assets.scriptslug.com/live/pdf/scripts/the-devil-wears-prada-2006.pdf?v=1729115013,The Devil Wears Prada,The Devil Wears Prada,"https://imsdb.com//scripts//Devil-Wears-Prada,-The.html",both,The Devil Wears Prada,,,,https://assets.scriptslug.com/live/pdf/scripts/the-devil-wears-prada-2006.pdf?v=1729115013,pdf
https://assets.scriptslug.com/live/pdf/scripts/the-devils-advocate-1997.pdf?v=1729115013,The Devils Advocate,,,left_only,The Devils Advocate,,,,https://assets.scriptslug.com/live/pdf/scripts/the-devils-advocate-1997.pdf?v=1729115013,pdf
https://assets.scriptslug.com/live/pdf/scripts/the-devils-rejects-2005.pdf?v=1729115014,The Devils Rejects,,,left_only,The Devils Rejects,,,,https://assets.scriptslug.com/live/pdf/scripts/the-devils-rejects-2005.pdf?v=1729115014,pdf
https://assets.scriptslug.com/live/pdf/scripts/the-disaster-artist-2017.pdf?v=1729115014,The Disaster Artist,,,left_only,The Disaster Artist,,,,https://assets.scriptslug.com/live/pdf/scripts/the-disaster-artist-2017.pdf?v=1729115014,pdf
,,The Distinguished Gentleman,"https://imsdb.com//scripts//Distinguished-Gentleman,-The.html",right_only,The Distinguished Gentleman,,,,"https://imsdb.com//scripts//Distinguished-Gentleman,-The.html",html
,,The Doors,"https://imsdb.com//scripts//Doors,-The.html",right_only,The Doors,,,,"https://imsdb.com//scripts//Doors,-The.html",html
https://assets.scriptslug.com/live/pdf/scripts/the-double-2013.pdf?v=1729115014,The Double,,,left_only,The Double,,,,https://assets.scriptslug.com/live/pdf/scripts/the-double-2013.pdf?v=1729115014,pdf
https://assets.scriptslug.com/live/pdf/scripts/the-driver-1978.pdf?v=1729115014,The Driver,,,left_only,The Driver,,,,https://assets.scriptslug.com/live/pdf/scripts/the-driver-1978.pdf?v=1729115014,pdf
https://assets.scriptslug.com/live/pdf/scripts/the-edge-of-seventeen-2016.pdf?v=1729115014,The Edge Of Seventeen,,,left_only,The Edge Of Seventeen,,,,https://assets.scriptslug.com/live/pdf/scripts/the-edge-of-seventeen-2016.pdf?v=1729115014,pdf
https://assets.scriptslug.com/live/pdf/scripts/the-electrical-life-of-louis-wain-2021.pdf?v=1729115014,The Electrical Life Of Louis Wain,,,left_only,The Electrical Life Of Louis Wain,,,,https://assets.scriptslug.com/live/pdf/scripts/the-electrical-life-of-louis-wain-2021.pdf?v=1729115014,pdf
,,The Elephant Man,"https://imsdb.com//scripts//Elephant-Man,-The.html",right_only,The Elephant Man,,,,"https://imsdb.com//scripts//Elephant-Man,-The.html",html
,,The English Patient,"https://imsdb.com//scripts//English-Patient,-The.html",right_only,The English Patient,,,,"https://imsdb.com//scripts//English-Patient,-The.html",html
https://assets.scriptslug.com/live/pdf/scripts/the-entity-1983.pdf?v=1729115014,The Entity,,,left_only,The Entity,,,,https://assets.scriptslug.com/live/pdf/scripts/the-entity-1983.pdf?v=1729115014,pdf
https://assets.scriptslug.com/live/pdf/scripts/the-event-2022.pdf?v=1729115014,The Event,,,left_only,The Event,,,,https://assets.scriptslug.com/live/pdf/scripts/the-event-2022.pdf?v=1729115014,pdf
https://assets.scriptslug.com/live/pdf/scripts/the-evil-dead-1981.pdf?v=1729115014,The Evil Dead,,,left_only,The Evil Dead,,,,https://assets.scriptslug.com/live/pdf/scripts/the-evil-dead-1981.pdf?v=1729115014,pdf
https://assets.scriptslug.com/live/pdf/scripts/the-exorcist-1973.pdf?v=1729115014,The Exorcist,,,left_only,The Exorcist,,,,https://assets.scriptslug.com/live/pdf/scripts/the-exorcist-1973.pdf?v=1729115014,pdf
https://assets.scriptslug.com/live/pdf/scripts/the-exorcist-iii-1990.pdf?v=1729115015,The Exorcist 3,,,left_only,The Exorcist 3,,,,https://assets.scriptslug.com/live/pdf/scripts/the-exorcist-iii-1990.pdf?v=1729115015,pdf
https://assets.scriptslug.com/live/pdf/scripts/the-expendables-2010.pdf?v=1729115015,The Expendables,,,left_only,The Expendables,,,,https://assets.scriptslug.com/live/pdf/scripts/the-expendables-2010.pdf?v=1729115015,pdf
https://assets.scriptslug.com/live/pdf/scripts/the-fabelmans-2022.pdf?v=1729115015,The Fabelmans,,,left_only,The Fabelmans,,,,https://assets.scriptslug.com/live/pdf/scripts/the-fabelmans-2022.pdf?v=1729115015,pdf
,,The Fabulous Baker Boys,"https://imsdb.com//scripts//Fabulous-Baker-Boys,-The.html",right_only,The Fabulous Baker Boys,,,,"https://imsdb.com//scripts//Fabulous-Baker-Boys,-The.html",html
https://assets.scriptslug.com/live/pdf/scripts/the-faculty-1998.pdf?v=1729115015,The Faculty,,,left_only,The Faculty,,,,https://assets.scriptslug.com/live/pdf/scripts/the-faculty-1998.pdf?v=1729115015,pdf
,,The Family Man,"https://imsdb.com//scripts//Family-Man,-The.html",right_only,The Family Man,,,,"https://imsdb.com//scripts//Family-Man,-The.html",html
https://assets.scriptslug.com/live/pdf/scripts/the-farewell-2019.pdf?v=1729115015,The Farewell,,,left_only,The Farewell,,,,https://assets.scriptslug.com/live/pdf/scripts/the-farewell-2019.pdf?v=1729115015,pdf
https://assets.scriptslug.com/live/pdf/scripts/the-fast-and-the-furious-2001.pdf?v=1729115015,The Fast And The Furious,,,left_only,The Fast And The Furious,,,,https://assets.scriptslug.com/live/pdf/scripts/the-fast-and-the-furious-2001.pdf?v=1729115015,pdf
https://assets.scriptslug.com/live/pdf/scripts/the-father-2020.pdf?v=1729115015,The Father,,,left_only,The Father,,,,https://assets.scriptslug.com/live/pdf/scripts/the-father-2020.pdf?v=1729115015,pdf
https://assets.scriptslug.com/live/pdf/scripts/the-fault-in-our-stars-2014.pdf?v=1729115015,The Fault In Our Stars,The Fault In Our Stars,"https://imsdb.com//scripts//Fault-in-Our-Stars,-The.html",both,The Fault In Our Stars,,,,https://assets.scriptslug.com/live/pdf/scripts/the-fault-in-our-stars-2014.pdf?v=1729115015,pdf
https://assets.scriptslug.com/live/pdf/scripts/the-favourite-2018.pdf?v=1729115016,The Favourite,,,left_only,The Favourite,,,,https://assets.scriptslug.com/live/pdf/scripts/the-favourite-2018.pdf?v=1729115016,pdf
https://assets.scriptslug.com/live/pdf/scripts/the-fifth-element-1997.pdf?v=1729115016,The Fifth Element,The Fifth Element,"https://imsdb.com//scripts//Fifth-Element,-The.html",both,The Fifth Element,,,,https://assets.scriptslug.com/live/pdf/scripts/the-fifth-element-1997.pdf?v=1729115016,pdf
,,The Fighter,"https://imsdb.com//scripts//Fighter,-The.html",right_only,The Fighter,,,,"https://imsdb.com//scripts//Fighter,-The.html",html
https://assets.scriptslug.com/live/pdf/scripts/the-firm-1993.pdf?v=1729115016,The Firm,,,left_only,The Firm,,,,https://assets.scriptslug.com/live/pdf/scripts/the-firm-1993.pdf?v=1729115016,pdf
,,The Flintstones,"https://imsdb.com//scripts//Flintstones,-The.html",right_only,The Flintstones,,,,"https://imsdb.com//scripts//Flintstones,-The.html",html
https://assets.scriptslug.com/live/pdf/scripts/the-florida-project-2017.pdf?v=1729115016,The Florida Project,,,left_only,The Florida Project,,,,https://assets.scriptslug.com/live/pdf/scripts/the-florida-project-2017.pdf?v=1729115016,pdf
https://assets.scriptslug.com/live/pdf/scripts/the-fly-1986.pdf?v=1729115016,The Fly,,,left_only,The Fly,,,,https://assets.scriptslug.com/live/pdf/scripts/the-fly-1986.pdf?v=1729115016,pdf
https://assets.scriptslug.com/live/pdf/scripts/the-fly-ii-1989.pdf?v=1729115016,The Fly 2,,,left_only,The Fly 2,,,,https://assets.scriptslug.com/live/pdf/scripts/the-fly-ii-1989.pdf?v=1729115016,pdf
https://assets.scriptslug.com/live/pdf/scripts/the-fog-1980.pdf?v=1729115016,The Fog,,,left_only,The Fog,,,,https://assets.scriptslug.com/live/pdf/scripts/the-fog-1980.pdf?v=1729115016,pdf
https://assets.scriptslug.com/live/pdf/scripts/the-founder-2016.pdf?v=1729115016,The Founder,,,left_only,The Founder,,,,https://assets.scriptslug.com/live/pdf/scripts/the-founder-2016.pdf?v=1729115016,pdf
https://assets.scriptslug.com/live/pdf/scripts/the-fourth-kind-2009.pdf?v=1729115017,The Fourth Kind,,,left_only,The Fourth Kind,,,,https://assets.scriptslug.com/live/pdf/scripts/the-fourth-kind-2009.pdf?v=1729115017,pdf
https://assets.scriptslug.com/live/pdf/scripts/the-french-connection-1971.pdf?v=1729115017,The French Connection,The French Connection,"https://imsdb.com//scripts//French-Connection,-The.html",both,The French Connection,,,,https://assets.scriptslug.com/live/pdf/scripts/the-french-connection-1971.pdf?v=1729115017,pdf
https://assets.scriptslug.com/live/pdf/scripts/the-french-dispatch-2021.pdf?v=1729115017,The French Dispatch,,,left_only,The French Dispatch,,,,https://assets.scriptslug.com/live/pdf/scripts/the-french-dispatch-2021.pdf?v=1729115017,pdf
https://assets.scriptslug.com/live/pdf/scripts/the-frighteners-1996.pdf?v=1729115017,The Frighteners,,,left_only,The Frighteners,,,,https://assets.scriptslug.com/live/pdf/scripts/the-frighteners-1996.pdf?v=1729115017,pdf
https://assets.scriptslug.com/live/pdf/scripts/the-front-runner-2018.pdf?v=1729115017,The Front Runner,,,left_only,The Front Runner,,,,https://assets.scriptslug.com/live/pdf/scripts/the-front-runner-2018.pdf?v=1729115017,pdf
,,The Fugitive,"https://imsdb.com//scripts//Fugitive,-The.html",right_only,The Fugitive,,,,"https://imsdb.com//scripts//Fugitive,-The.html",html
https://assets.scriptslug.com/live/pdf/scripts/the-gambler-2014.pdf?v=1729115017,The Gambler,,,left_only,The Gambler,,,,https://assets.scriptslug.com/live/pdf/scripts/the-gambler-2014.pdf?v=1729115017,pdf
,,The Game,"https://imsdb.com//scripts//Game,-The.html",right_only,The Game,,,,"https://imsdb.com//scripts//Game,-The.html",html
https://assets.scriptslug.com/live/pdf/scripts/the-gentleman-2019.pdf?v=1729115017,The Gentlemen,,,left_only,The Gentlemen,,,,https://assets.scriptslug.com/live/pdf/scripts/the-gentleman-2019.pdf?v=1729115017,pdf
,,The Getaway,"https://imsdb.com//scripts//Getaway,-The.html",right_only,The Getaway,,,,"https://imsdb.com//scripts//Getaway,-The.html",html
,,The Ghost And The Darkness,"https://imsdb.com//scripts//Ghost-and-the-Darkness,-The.html",right_only,The Ghost And The Darkness,,,,"https://imsdb.com//scripts//Ghost-and-the-Darkness,-The.html",html
https://assets.scriptslug.com/live/pdf/scripts/the-girl-on-the-train-2016.pdf?v=1729115017,The Girl On The Train,,,left_only,The Girl On The Train,,,,https://assets.scriptslug.com/live/pdf/scripts/the-girl-on-the-train-2016.pdf?v=1729115017,pdf
https://assets.scriptslug.com/live/pdf/scripts/the-girl-with-the-dragon-tattoo-2011.pdf?v=1729115017,The Girl With The Dragon Tattoo,The Girl With The Dragon Tattoo,"https://imsdb.com//scripts//Girl-with-the-Dragon-Tattoo,-The.html",both,The Girl With The Dragon Tattoo,,,,https://assets.scriptslug.com/live/pdf/scripts/the-girl-with-the-dragon-tattoo-2011.pdf?v=1729115017,pdf
https://assets.scriptslug.com/live/pdf/scripts/the-godfather-1972.pdf?v=1729115017,The Godfather,,,left_only,The Godfather,,,,https://assets.scriptslug.com/live/pdf/scripts/the-godfather-1972.pdf?v=1729115017,pdf
https://assets.scriptslug.com/live/pdf/scripts/the-godfather-part-ii-1974.pdf?v=1729115018,The Godfather Part 2,,,left_only,The Godfather Part 2,,,,https://assets.scriptslug.com/live/pdf/scripts/the-godfather-part-ii-1974.pdf?v=1729115018,pdf
https://assets.scriptslug.com/live/pdf/scripts/the-godfather-part-iii-1990.pdf?v=1729115018,The Godfather Part 3,The Godfather Part 3,"https://imsdb.com//scripts//Godfather-Part-III,-The.html",both,The Godfather Part 3,,,,https://assets.scriptslug.com/live/pdf/scripts/the-godfather-part-iii-1990.pdf?v=1729115018,pdf
https://assets.scriptslug.com/live/pdf/scripts/the-good-dinosaur-2015.pdf?v=1729115018,The Good Dinosaur,,,left_only,The Good Dinosaur,,,,https://assets.scriptslug.com/live/pdf/scripts/the-good-dinosaur-2015.pdf?v=1729115018,pdf
,,The Good Girl,"https://imsdb.com//scripts//Good-Girl,-The.html",right_only,The Good Girl,,,,"https://imsdb.com//scripts//Good-Girl,-The.html",html
https://assets.scriptslug.com/live/pdf/scripts/the-good-nurse-2022.pdf?v=1729115018,The Good Nurse,,,left_only,The Good Nurse,,,,https://assets.scriptslug.com/live/pdf/scripts/the-good-nurse-2022.pdf?v=1729115018,pdf
https://assets.scriptslug.com/live/pdf/scripts/the-good-shepherd-2006.pdf?v=1729115019,The Good Shepherd,,,left_only,The Good Shepherd,,,,https://assets.scriptslug.com/live/pdf/scripts/the-good-shepherd-2006.pdf?v=1729115019,pdf
https://assets.scriptslug.com/live/pdf/scripts/the-goodbye-girl-1977.pdf?v=1729115019,The Goodbye Girl,,,left_only,The Goodbye Girl,,,,https://assets.scriptslug.com/live/pdf/scripts/the-goodbye-girl-1977.pdf?v=1729115019,pdf
https://assets.scriptslug.com/live/pdf/scripts/the-goonies-1985.pdf?v=1729115019,The Goonies,,,left_only,The Goonies,,,,https://assets.scriptslug.com/live/pdf/scripts/the-goonies-1985.pdf?v=1729115019,pdf
https://assets.scriptslug.com/live/pdf/scripts/the-graduate-1967.pdf?v=1729115019,The Graduate,The Graduate,"https://imsdb.com//scripts//Graduate,-The.html",both,The Graduate,,,,https://assets.scriptslug.com/live/pdf/scripts/the-graduate-1967.pdf?v=1729115019,pdf
https://assets.scriptslug.com/live/pdf/scripts/the-grand-budapest-hotel-2014.pdf?v=1729115019,The Grand Budapest Hotel,,,left_only,The Grand Budapest Hotel,,,,https://assets.scriptslug.com/live/pdf/scripts/the-grand-budapest-hotel-2014.pdf?v=1729115019,pdf
,,The Grapes Of Wrath,"https://imsdb.com//scripts//Grapes-of-Wrath,-The.html",right_only,The Grapes Of Wrath,,,,"https://imsdb.com//scripts//Grapes-of-Wrath,-The.html",html
https://assets.scriptslug.com/live/pdf/scripts/the-great-escape-1963.pdf?v=1729115019,The Great Escape,,,left_only,The Great Escape,,,,https://assets.scriptslug.com/live/pdf/scripts/the-great-escape-1963.pdf?v=1729115019,pdf
,,The Great Gatsby,"https://imsdb.com//scripts//Great-Gatsby,-The.html",right_only,The Great Gatsby,,,,"https://imsdb.com//scripts//Great-Gatsby,-The.html",html
https://assets.scriptslug.com/live/pdf/scripts/the-great-muppet-caper-1981.pdf?v=1729115019,The Great Muppet Caper,,,left_only,The Great Muppet Caper,,,,https://assets.scriptslug.com/live/pdf/scripts/the-great-muppet-caper-1981.pdf?v=1729115019,pdf
https://assets.scriptslug.com/live/pdf/scripts/the-greatest-showman-2017.pdf?v=1729115019,The Greatest Showman,,,left_only,The Greatest Showman,,,,https://assets.scriptslug.com/live/pdf/scripts/the-greatest-showman-2017.pdf?v=1729115019,pdf
,,The Green Mile,"https://imsdb.com//scripts//Green-Mile,-The.html",right_only,The Green Mile,,,,"https://imsdb.com//scripts//Green-Mile,-The.html",html
,,The Grifters,"https://imsdb.com//scripts//Grifters,-The.html",right_only,The Grifters,,,,"https://imsdb.com//scripts//Grifters,-The.html",html
https://assets.scriptslug.com/live/pdf/scripts/the-grudge-2004.pdf?v=1729115019,The Grudge,The Grudge,"https://imsdb.com//scripts//Grudge,-The.html",both,The Grudge,,,,https://assets.scriptslug.com/live/pdf/scripts/the-grudge-2004.pdf?v=1729115019,pdf
https://assets.scriptslug.com/live/pdf/scripts/the-grudge-2020.pdf?v=1729115020,The Grudge,The Grudge,"https://imsdb.com//scripts//Grudge,-The.html",both,The Grudge,,,,https://assets.scriptslug.com/live/pdf/scripts/the-grudge-2020.pdf?v=1729115020,pdf
https://assets.scriptslug.com/live/pdf/scripts/the-guest-2014.pdf?v=1729115020,The Guest,,,left_only,The Guest,,,,https://assets.scriptslug.com/live/pdf/scripts/the-guest-2014.pdf?v=1729115020,pdf
https://assets.scriptslug.com/live/pdf/scripts/the-hand-of-god-2021.pdf?v=1729115020,The Hand Of God,,,left_only,The Hand Of God,,,,https://assets.scriptslug.com/live/pdf/scripts/the-hand-of-god-2021.pdf?v=1729115020,pdf
https://assets.scriptslug.com/live/pdf/scripts/the-hangover-2009.pdf?v=1729115020,The Hangover,The Hangover,"https://imsdb.com//scripts//Hangover,-The.html",both,The Hangover,,,,https://assets.scriptslug.com/live/pdf/scripts/the-hangover-2009.pdf?v=1729115020,pdf
https://assets.scriptslug.com/live/pdf/scripts/the-happy-prince-2018.pdf?v=1729115020,The Happy Prince,,,left_only,The Happy Prince,,,,https://assets.scriptslug.com/live/pdf/scripts/the-happy-prince-2018.pdf?v=1729115020,pdf
https://assets.scriptslug.com/live/pdf/scripts/the-harder-they-fall-2021.pdf?v=1729115020,The Harder They Fall,,,left_only,The Harder They Fall,,,,https://assets.scriptslug.com/live/pdf/scripts/the-harder-they-fall-2021.pdf?v=1729115020,pdf
https://assets.scriptslug.com/live/pdf/scripts/the-hate-u-give-2018.pdf?v=1729115021,The Hate You Give,,,left_only,The Hate You Give,,,,https://assets.scriptslug.com/live/pdf/scripts/the-hate-u-give-2018.pdf?v=1729115021,pdf
https://assets.scriptslug.com/live/pdf/scripts/the-hateful-eight-2014.pdf?v=1729115021,The Hateful Eight,,,left_only,The Hateful Eight,,,,https://assets.scriptslug.com/live/pdf/scripts/the-hateful-eight-2014.pdf?v=1729115021,pdf
https://assets.scriptslug.com/live/pdf/scripts/the-haunted-mansion-2003.pdf?v=1729115021,The Haunted Mansion,,,left_only,The Haunted Mansion,,,,https://assets.scriptslug.com/live/pdf/scripts/the-haunted-mansion-2003.pdf?v=1729115021,pdf
,,The Haunting,"https://imsdb.com//scripts//Haunting,-The.html",right_only,The Haunting,,,,"https://imsdb.com//scripts//Haunting,-The.html",html
,,The Hebrew Hammer,"https://imsdb.com//scripts//Hebrew-Hammer,-The.html",right_only,The Hebrew Hammer,,,,"https://imsdb.com//scripts//Hebrew-Hammer,-The.html",html
https://assets.scriptslug.com/live/pdf/scripts/the-help-2018.pdf?v=1729115021,The Help,The Help,"https://imsdb.com//scripts//Help,-The.html",both,The Help,,,,https://assets.scriptslug.com/live/pdf/scripts/the-help-2018.pdf?v=1729115021,pdf
https://assets.scriptslug.com/live/pdf/scripts/the-hills-have-eyes-1976.pdf?v=1729115021,The Hills Have Eyes,The Hills Have Eyes,"https://imsdb.com//scripts//Hills-Have-Eyes,-The.html",both,The Hills Have Eyes,,,,https://assets.scriptslug.com/live/pdf/scripts/the-hills-have-eyes-1976.pdf?v=1729115021,pdf
https://assets.scriptslug.com/live/pdf/scripts/the-hitcher-1986.pdf?v=1729115021,The Hitcher,,,left_only,The Hitcher,,,,https://assets.scriptslug.com/live/pdf/scripts/the-hitcher-1986.pdf?v=1729115021,pdf
https://assets.scriptslug.com/live/pdf/scripts/the-hitchhikers-guide-to-the-galaxy-2005.pdf?v=1729115021,The Hitchhikers Guide To The Galaxy,The Hitchhikers Guide To The Galaxy,"https://imsdb.com//scripts//Hitchhiker's-Guide-to-the-Galaxy,-The.html",both,The Hitchhikers Guide To The Galaxy,,,,https://assets.scriptslug.com/live/pdf/scripts/the-hitchhikers-guide-to-the-galaxy-2005.pdf?v=1729115021,pdf
https://assets.scriptslug.com/live/pdf/scripts/the-hitmans-bodyguard-2017.pdf?v=1729115021,The Hitmans Bodyguard,,,left_only,The Hitmans Bodyguard,,,,https://assets.scriptslug.com/live/pdf/scripts/the-hitmans-bodyguard-2017.pdf?v=1729115021,pdf
https://assets.scriptslug.com/live/pdf/scripts/the-hobbit-an-unexpected-journey-scripted-2012.pdf?v=1729115021,The Hobbit An Unexpected Journey,,,left_only,The Hobbit An Unexpected Journey,,,,https://assets.scriptslug.com/live/pdf/scripts/the-hobbit-an-unexpected-journey-scripted-2012.pdf?v=1729115021,pdf
https://assets.scriptslug.com/live/pdf/scripts/the-hobbit-the-desolation-of-smaug-2013.pdf?v=1729115022,The Hobbit The Desolation Of Smaug,,,left_only,The Hobbit The Desolation Of Smaug,,,,https://assets.scriptslug.com/live/pdf/scripts/the-hobbit-the-desolation-of-smaug-2013.pdf?v=1729115022,pdf
https://assets.scriptslug.com/live/pdf/scripts/the-holdovers-2023.pdf?v=1729115022,The Holdovers,The Holdovers,"https://imsdb.com//scripts//Holdovers,-The.html",both,The Holdovers,,,,https://assets.scriptslug.com/live/pdf/scripts/the-holdovers-2023.pdf?v=1729115022,pdf
https://assets.scriptslug.com/live/pdf/scripts/the-hole-2009.pdf?v=1729115022,The Hole,,,left_only,The Hole,,,,https://assets.scriptslug.com/live/pdf/scripts/the-hole-2009.pdf?v=1729115022,pdf
https://assets.scriptslug.com/live/pdf/scripts/the-holiday-2006.pdf?v=1729115022,The Holiday,,,left_only,The Holiday,,,,https://assets.scriptslug.com/live/pdf/scripts/the-holiday-2006.pdf?v=1729115022,pdf
https://assets.scriptslug.com/live/pdf/scripts/the-hollars-2016.pdf?v=1729115022,The Hollars,,,left_only,The Hollars,,,,https://assets.scriptslug.com/live/pdf/scripts/the-hollars-2016.pdf?v=1729115022,pdf
,,The Horse Whisperer,"https://imsdb.com//scripts//Horse-Whisperer,-The.html",right_only,The Horse Whisperer,,,,"https://imsdb.com//scripts//Horse-Whisperer,-The.html",html
,,The Hospital,"https://imsdb.com//scripts//Hospital,-The.html",right_only,The Hospital,,,,"https://imsdb.com//scripts//Hospital,-The.html",html
https://assets.scriptslug.com/live/pdf/scripts/the-hours-2002.pdf?v=1729115022,The Hours,,,left_only,The Hours,,,,https://assets.scriptslug.com/live/pdf/scripts/the-hours-2002.pdf?v=1729115022,pdf
https://assets.scriptslug.com/live/pdf/scripts/the-howling-1981.pdf?v=1729115022,The Howling,,,left_only,The Howling,,,,https://assets.scriptslug.com/live/pdf/scripts/the-howling-1981.pdf?v=1729115022,pdf
,,The Hudsucker Proxy,"https://imsdb.com//scripts//Hudsucker-Proxy,-The.html",right_only,The Hudsucker Proxy,,,,"https://imsdb.com//scripts//Hudsucker-Proxy,-The.html",html
https://assets.scriptslug.com/live/pdf/scripts/the-humans-2021.pdf?v=1729115022,The Humans,,,left_only,The Humans,,,,https://assets.scriptslug.com/live/pdf/scripts/the-humans-2021.pdf?v=1729115022,pdf
https://assets.scriptslug.com/live/pdf/scripts/the-hummingbird-project-2018.pdf?v=1729115022,The Hummingbird Project,,,left_only,The Hummingbird Project,,,,https://assets.scriptslug.com/live/pdf/scripts/the-hummingbird-project-2018.pdf?v=1729115022,pdf
https://assets.scriptslug.com/live/pdf/scripts/the-hunger-games-2012.pdf?v=1729115022,The Hunger Games,,,left_only,The Hunger Games,,,,https://assets.scriptslug.com/live/pdf/scripts/the-hunger-games-2012.pdf?v=1729115022,pdf
https://assets.scriptslug.com/live/pdf/scripts/the-hunger-games-catching-fire-2013.pdf?v=1729115023,The Hunger Games Catching Fire,,,left_only,The Hunger Games Catching Fire,,,,https://assets.scriptslug.com/live/pdf/scripts/the-hunger-games-catching-fire-2013.pdf?v=1729115023,pdf
,,The Hunt For Red October,"https://imsdb.com//scripts//Hunt-for-Red-October,-The.html",right_only,The Hunt For Red October,,,,"https://imsdb.com//scripts//Hunt-for-Red-October,-The.html",html
https://assets.scriptslug.com/live/pdf/scripts/the-hurt-locker-2008.pdf?v=1729115023,The Hurt Locker,The Hurt Locker,"https://imsdb.com//scripts//Hurt-Locker,-The.html",both,The Hurt Locker,,,,https://assets.scriptslug.com/live/pdf/scripts/the-hurt-locker-2008.pdf?v=1729115023,pdf
https://assets.scriptslug.com/live/pdf/scripts/the-hustler-1961.pdf?v=1729115023,The Hustler,,,left_only,The Hustler,,,,https://assets.scriptslug.com/live/pdf/scripts/the-hustler-1961.pdf?v=1729115023,pdf
,,The Ice Storm,"https://imsdb.com//scripts//Ice-Storm,-The.html",right_only,The Ice Storm,,,,"https://imsdb.com//scripts//Ice-Storm,-The.html",html
,,The Ides Of March,"https://imsdb.com//scripts//Ides-of-March,-The.html",right_only,The Ides Of March,,,,"https://imsdb.com//scripts//Ides-of-March,-The.html",html
https://assets.scriptslug.com/live/pdf/scripts/the-imaginarium-of-doctor-parnassus-2009.pdf?v=1729115023,The Imaginarium Of Doctor Parnassus,The Imaginarium Of Doctor Parnassus,"https://imsdb.com//scripts//Imaginarium-of-Doctor-Parnassus,-The.html",both,The Imaginarium Of Doctor Parnassus,,,,https://assets.scriptslug.com/live/pdf/scripts/the-imaginarium-of-doctor-parnassus-2009.pdf?v=1729115023,pdf
https://assets.scriptslug.com/live/pdf/scripts/the-imitation-game-2014.pdf?v=1729115023,The Imitation Game,,,left_only,The Imitation Game,,,,https://assets.scriptslug.com/live/pdf/scripts/the-imitation-game-2014.pdf?v=1729115023,pdf
https://assets.scriptslug.com/live/pdf/scripts/the-incredible-burt-wonderstone-2013.pdf?v=1729115023,The Incredible Burt Wonderstone,,,left_only,The Incredible Burt Wonderstone,,,,https://assets.scriptslug.com/live/pdf/scripts/the-incredible-burt-wonderstone-2013.pdf?v=1729115023,pdf
https://assets.scriptslug.com/live/pdf/scripts/the-incredible-hulk-2008.pdf?v=1729115023,The Incredible Hulk,,,left_only,The Incredible Hulk,,,,https://assets.scriptslug.com/live/pdf/scripts/the-incredible-hulk-2008.pdf?v=1729115023,pdf
https://assets.scriptslug.com/live/pdf/scripts/the-incredibles-2004.pdf?v=1729115023,The Incredibles,The Incredibles,"https://imsdb.com//scripts//Incredibles,-The.html",both,The Incredibles,,,,https://assets.scriptslug.com/live/pdf/scripts/the-incredibles-2004.pdf?v=1729115023,pdf
https://assets.scriptslug.com/live/pdf/scripts/the-informant-2009.pdf?v=1729115023,The Informant,The Informant,"https://imsdb.com//scripts//Informant,-The.html",both,The Informant,,,,https://assets.scriptslug.com/live/pdf/scripts/the-informant-2009.pdf?v=1729115023,pdf
,,The Insider,"https://imsdb.com//scripts//Insider,-The.html",right_only,The Insider,,,,"https://imsdb.com//scripts//Insider,-The.html",html
https://assets.scriptslug.com/live/pdf/scripts/the-internship-2013.pdf?v=1729115023,The Internship,,,left_only,The Internship,,,,https://assets.scriptslug.com/live/pdf/scripts/the-internship-2013.pdf?v=1729115023,pdf
https://assets.scriptslug.com/live/pdf/scripts/the-interpreter-2005.pdf?v=1729115023,The Interpreter,,,left_only,The Interpreter,,,,https://assets.scriptslug.com/live/pdf/scripts/the-interpreter-2005.pdf?v=1729115023,pdf
https://assets.scriptslug.com/live/pdf/scripts/the-interview-2014.pdf?v=1729115024,The Interview,,,left_only,The Interview,,,,https://assets.scriptslug.com/live/pdf/scripts/the-interview-2014.pdf?v=1729115024,pdf
,,The Invention Of Lying,"https://imsdb.com//scripts//Invention-of-Lying,-The.html",right_only,The Invention Of Lying,,,,"https://imsdb.com//scripts//Invention-of-Lying,-The.html",html
https://assets.scriptslug.com/live/pdf/scripts/the-invisible-woman-2013.pdf?v=1729115024,The Invisible Woman,,,left_only,The Invisible Woman,,,,https://assets.scriptslug.com/live/pdf/scripts/the-invisible-woman-2013.pdf?v=1729115024,pdf
https://assets.scriptslug.com/live/pdf/scripts/the-invitation-2015.pdf?v=1729115024,The Invitation,,,left_only,The Invitation,,,,https://assets.scriptslug.com/live/pdf/scripts/the-invitation-2015.pdf?v=1729115024,pdf
https://assets.scriptslug.com/live/pdf/scripts/the-irishman-2019.pdf?v=1729115024,The Irishman,,,left_only,The Irishman,,,,https://assets.scriptslug.com/live/pdf/scripts/the-irishman-2019.pdf?v=1729115024,pdf
https://assets.scriptslug.com/live/pdf/scripts/iron-claw-2023.pdf?v=1729114931,The Iron Claw,The Iron Claw,"https://imsdb.com//scripts//Iron-Claw,-The.html",both,The Iron Claw,,,,https://assets.scriptslug.com/live/pdf/scripts/iron-claw-2023.pdf?v=1729114931,pdf
https://assets.scriptslug.com/live/pdf/scripts/the-iron-giant-1999.pdf?v=1729115024,The Iron Giant,,,left_only,The Iron Giant,,,,https://assets.scriptslug.com/live/pdf/scripts/the-iron-giant-1999.pdf?v=1729115024,pdf
,,The Iron Lady,"https://imsdb.com//scripts//Iron-Lady,-The.html",right_only,The Iron Lady,,,,"https://imsdb.com//scripts//Iron-Lady,-The.html",html
,,The Island,"https://imsdb.com//scripts//Island,-The.html",right_only,The Island,,,,"https://imsdb.com//scripts//Island,-The.html",html
https://assets.scriptslug.com/live/pdf/scripts/the-island-of-dr-moreau-1996.pdf?v=1729115024,The Island Of Dr Moreau,,,left_only,The Island Of Dr Moreau,,,,https://assets.scriptslug.com/live/pdf/scripts/the-island-of-dr-moreau-1996.pdf?v=1729115024,pdf
,,The Italian Job,"https://imsdb.com//scripts//Italian-Job,-The.html",right_only,The Italian Job,,,,"https://imsdb.com//scripts//Italian-Job,-The.html",html
,,The Jacket,"https://imsdb.com//scripts//Jacket,-The.html",right_only,The Jacket,,,,"https://imsdb.com//scripts//Jacket,-The.html",html
https://assets.scriptslug.com/live/pdf/scripts/the-jerk-1979.pdf?v=1729115024,The Jerk,,,left_only,The Jerk,,,,https://assets.scriptslug.com/live/pdf/scripts/the-jerk-1979.pdf?v=1729115024,pdf
https://assets.scriptslug.com/live/pdf/scripts/the-jewel-of-the-nile-1985.pdf?v=1729115024,The Jewel Of The Nile,,,left_only,The Jewel Of The Nile,,,,https://assets.scriptslug.com/live/pdf/scripts/the-jewel-of-the-nile-1985.pdf?v=1729115024,pdf
https://assets.scriptslug.com/live/pdf/scripts/the-karate-kid-part-ii-1986.pdf?v=1729115024,The Karate Kid Part 2,,,left_only,The Karate Kid Part 2,,,,https://assets.scriptslug.com/live/pdf/scripts/the-karate-kid-part-ii-1986.pdf?v=1729115024,pdf
https://assets.scriptslug.com/live/pdf/scripts/the-karate-kid-part-iii-1989.pdf?v=1729115024,The Karate Kid Part 3,,,left_only,The Karate Kid Part 3,,,,https://assets.scriptslug.com/live/pdf/scripts/the-karate-kid-part-iii-1989.pdf?v=1729115024,pdf
https://assets.scriptslug.com/live/pdf/scripts/the-kids-are-all-right-2010.pdf?v=1729115025,The Kids Are All Right,The Kids Are All Right,"https://imsdb.com//scripts//Kids-Are-All-Right,-The.html",both,The Kids Are All Right,,,,https://assets.scriptslug.com/live/pdf/scripts/the-kids-are-all-right-2010.pdf?v=1729115025,pdf
https://assets.scriptslug.com/live/pdf/scripts/the-killer-2023.pdf?v=1729115025,The Killer,The Killer,"https://imsdb.com//scripts//Killer,-The.html",both,The Killer,,,,https://assets.scriptslug.com/live/pdf/scripts/the-killer-2023.pdf?v=1729115025,pdf
https://assets.scriptslug.com/live/pdf/scripts/the-killing-of-a-sacred-deer-2017.pdf?v=1729115025,The Killing Of A Sacred Deer,,,left_only,The Killing Of A Sacred Deer,,,,https://assets.scriptslug.com/live/pdf/scripts/the-killing-of-a-sacred-deer-2017.pdf?v=1729115025,pdf
https://assets.scriptslug.com/live/pdf/scripts/the-king-2019.pdf?v=1729115025,The King,,,left_only,The King,,,,https://assets.scriptslug.com/live/pdf/scripts/the-king-2019.pdf?v=1729115025,pdf
https://assets.scriptslug.com/live/pdf/scripts/the-king-of-comedy-1982.pdf?v=1729115025,The King Of Comedy,The King Of Comedy,"https://imsdb.com//scripts//King-of-Comedy,-The.html",both,The King Of Comedy,,,,https://assets.scriptslug.com/live/pdf/scripts/the-king-of-comedy-1982.pdf?v=1729115025,pdf
,,The Kingdom,"https://imsdb.com//scripts//Kingdom,-The.html",right_only,The Kingdom,,,,"https://imsdb.com//scripts//Kingdom,-The.html",html
https://assets.scriptslug.com/live/pdf/scripts/the-kings-speech-2010.pdf?v=1729115025,The Kings Speech,The Kings Speech,"https://imsdb.com//scripts//King's-Speech,-The.html",both,The Kings Speech,,,,https://assets.scriptslug.com/live/pdf/scripts/the-kings-speech-2010.pdf?v=1729115025,pdf
,,The Ladykillers,"https://imsdb.com//scripts//Ladykillers,-The.html",right_only,The Ladykillers,,,,"https://imsdb.com//scripts//Ladykillers,-The.html",html
https://assets.scriptslug.com/live/pdf/scripts/the-last-boy-scout-1991.pdf?v=1729115025,The Last Boy Scout,The Last Boy Scout,"https://imsdb.com//scripts//Last-Boy-Scout,-The.html",both,The Last Boy Scout,,,,https://assets.scriptslug.com/live/pdf/scripts/the-last-boy-scout-1991.pdf?v=1729115025,pdf
https://assets.scriptslug.com/live/pdf/scripts/the-last-castle-2001.pdf?v=1729115025,The Last Castle,,,left_only,The Last Castle,,,,https://assets.scriptslug.com/live/pdf/scripts/the-last-castle-2001.pdf?v=1729115025,pdf
,,The Last Flight,"https://imsdb.com//scripts//Last-Flight,-The.html",right_only,The Last Flight,,,,"https://imsdb.com//scripts//Last-Flight,-The.html",html
,,The Last Of The Mohicans,"https://imsdb.com//scripts//Last-of-the-Mohicans,-The.html",right_only,The Last Of The Mohicans,,,,"https://imsdb.com//scripts//Last-of-the-Mohicans,-The.html",html
https://assets.scriptslug.com/live/pdf/scripts/the-last-picture-show-1971.pdf?v=1729115025,The Last Picture Show,,,left_only,The Last Picture Show,,,,https://assets.scriptslug.com/live/pdf/scripts/the-last-picture-show-1971.pdf?v=1729115025,pdf
,,The Last Samurai,"https://imsdb.com//scripts//Last-Samurai,-The.html",right_only,The Last Samurai,,,,"https://imsdb.com//scripts//Last-Samurai,-The.html",html
https://assets.scriptslug.com/live/pdf/scripts/the-last-station-2009.pdf?v=1729115026,The Last Station,The Last Station,"https://imsdb.com//scripts//Last-Station,-The.html",both,The Last Station,,,,https://assets.scriptslug.com/live/pdf/scripts/the-last-station-2009.pdf?v=1729115026,pdf
https://assets.scriptslug.com/live/pdf/scripts/the-last-temptation-of-christ-1988.pdf?v=1729115026,The Last Temptation Of Christ,,,left_only,The Last Temptation Of Christ,,,,https://assets.scriptslug.com/live/pdf/scripts/the-last-temptation-of-christ-1988.pdf?v=1729115026,pdf
https://assets.scriptslug.com/live/pdf/scripts/the-legend-of-zorro-2005.pdf?v=1729115026,The Legend Of Zorro,,,left_only,The Legend Of Zorro,,,,https://assets.scriptslug.com/live/pdf/scripts/the-legend-of-zorro-2005.pdf?v=1729115026,pdf
https://assets.scriptslug.com/live/pdf/scripts/the-lego-movie-2014.pdf?v=1729115026,The Lego Movie,The Lego Movie,"https://imsdb.com//scripts//LEGO-Movie,-The.html",both,The Lego Movie,,,,https://assets.scriptslug.com/live/pdf/scripts/the-lego-movie-2014.pdf?v=1729115026,pdf
,,The Life Of David Gale,"https://imsdb.com//scripts//Life-of-David-Gale,-The.html",right_only,The Life Of David Gale,,,,"https://imsdb.com//scripts//Life-of-David-Gale,-The.html",html
https://assets.scriptslug.com/live/pdf/scripts/the-lighthouse-2019.pdf?v=1729115026,The Lighthouse,,,left_only,The Lighthouse,,,,https://assets.scriptslug.com/live/pdf/scripts/the-lighthouse-2019.pdf?v=1729115026,pdf
,,The Limey,"https://imsdb.com//scripts//Limey,-The.html",right_only,The Limey,,,,"https://imsdb.com//scripts//Limey,-The.html",html
https://assets.scriptslug.com/live/pdf/scripts/the-lincoln-lawyer-2011.pdf?v=1729115026,The Lincoln Lawyer,The Lincoln Lawyer,"https://imsdb.com//scripts//Lincoln-Lawyer,-The.html",both,The Lincoln Lawyer,,,,https://assets.scriptslug.com/live/pdf/scripts/the-lincoln-lawyer-2011.pdf?v=1729115026,pdf
https://assets.scriptslug.com/live/pdf/scripts/the-lion-in-the-winter-1968.pdf?v=1729115026,The Lion In Winter,,,left_only,The Lion In Winter,,,,https://assets.scriptslug.com/live/pdf/scripts/the-lion-in-the-winter-1968.pdf?v=1729115026,pdf
https://assets.scriptslug.com/live/pdf/scripts/the-lion-king-1994.pdf?v=1729115026,The Lion King,The Lion King,"https://imsdb.com//scripts//Lion-King,-The.html",both,The Lion King,The Lion King,HTML len = 0 : no content scrapped,The Lion King,https://assets.scriptslug.com/live/pdf/scripts/the-lion-king-1994.pdf?v=1729115026,pdf
https://assets.scriptslug.com/live/pdf/scripts/the-little-mermaid-1989.pdf?v=1729115026,The Little Mermaid,The Little Mermaid,"https://imsdb.com//scripts//Little-Mermaid,-The.html",both,The Little Mermaid,,,,https://assets.scriptslug.com/live/pdf/scripts/the-little-mermaid-1989.pdf?v=1729115026,pdf
https://assets.scriptslug.com/live/pdf/scripts/the-living-daylights-1987.pdf?v=1729115027,The Living Daylights,,,left_only,The Living Daylights,,,,https://assets.scriptslug.com/live/pdf/scripts/the-living-daylights-1987.pdf?v=1729115027,pdf
https://assets.scriptslug.com/live/pdf/scripts/the-lobster-2015.pdf?v=1729115027,The Lobster,,,left_only,The Lobster,,,,https://assets.scriptslug.com/live/pdf/scripts/the-lobster-2015.pdf?v=1729115027,pdf
https://assets.scriptslug.com/live/pdf/scripts/the-lone-ranger-2013.pdf?v=1729115027,The Lone Ranger,,,left_only,The Lone Ranger,,,,https://assets.scriptslug.com/live/pdf/scripts/the-lone-ranger-2013.pdf?v=1729115027,pdf
https://assets.scriptslug.com/live/pdf/scripts/the-long-goodbye-1973.pdf?v=1729115027,The Long Goodbye,,,left_only,The Long Goodbye,,,,https://assets.scriptslug.com/live/pdf/scripts/the-long-goodbye-1973.pdf?v=1729115027,pdf
https://assets.scriptslug.com/live/pdf/scripts/the-long-kiss-goodnight-1996.pdf?v=1729115027,The Long Kiss Goodnight,The Long Kiss Goodnight,"https://imsdb.com//scripts//Long-Kiss-Goodnight,-The.html",both,The Long Kiss Goodnight,,,,https://assets.scriptslug.com/live/pdf/scripts/the-long-kiss-goodnight-1996.pdf?v=1729115027,pdf
https://assets.scriptslug.com/live/pdf/scripts/the-lorax-2012.pdf?v=1729115027,The Lorax,,,left_only,The Lorax,,,,https://assets.scriptslug.com/live/pdf/scripts/the-lorax-2012.pdf?v=1729115027,pdf
,,The Lord Of The Rings Fellowship Of The Ring,"https://imsdb.com//scripts//Lord-of-the-Rings-Fellowship-of-the-Ring,-The.html",right_only,The Lord Of The Rings Fellowship Of The Ring,,,,"https://imsdb.com//scripts//Lord-of-the-Rings-Fellowship-of-the-Ring,-The.html",html
https://assets.scriptslug.com/live/pdf/scripts/the-lord-of-the-rings-the-fellowship-of-the-ring-2001.pdf?v=1729115027,The Lord Of The Rings The Fellowship Of The Ring,,,left_only,The Lord Of The Rings The Fellowship Of The Ring,,,,https://assets.scriptslug.com/live/pdf/scripts/the-lord-of-the-rings-the-fellowship-of-the-ring-2001.pdf?v=1729115027,pdf
https://assets.scriptslug.com/live/pdf/scripts/the-lord-of-the-rings-the-3-return-of-the-king-2003.pdf?v=1729115027,The Lord Of The Rings The Return Of The King,,,left_only,The Lord Of The Rings The Return Of The King,,,,https://assets.scriptslug.com/live/pdf/scripts/the-lord-of-the-rings-the-3-return-of-the-king-2003.pdf?v=1729115027,pdf
https://assets.scriptslug.com/live/pdf/scripts/the-lord-of-the-rings-the-two-towers-2002.pdf?v=1729115027,The Lord Of The Rings The Two Towers,,,left_only,The Lord Of The Rings The Two Towers,,,,https://assets.scriptslug.com/live/pdf/scripts/the-lord-of-the-rings-the-two-towers-2002.pdf?v=1729115027,pdf
,,The Losers,"https://imsdb.com//scripts//Losers,-The.html",right_only,The Losers,,,,"https://imsdb.com//scripts//Losers,-The.html",html
https://assets.scriptslug.com/live/pdf/scripts/the-lost-boys-1987.pdf?v=1729115028,The Lost Boys,,,left_only,The Lost Boys,,,,https://assets.scriptslug.com/live/pdf/scripts/the-lost-boys-1987.pdf?v=1729115028,pdf
https://assets.scriptslug.com/live/pdf/scripts/the-lost-city-of-z-2017.pdf?v=1729115028,The Lost City Of Z,,,left_only,The Lost City Of Z,,,,https://assets.scriptslug.com/live/pdf/scripts/the-lost-city-of-z-2017.pdf?v=1729115028,pdf
https://assets.scriptslug.com/live/pdf/scripts/the-lost-daughter-2021.pdf?v=1729115028,The Lost Daughter,,,left_only,The Lost Daughter,,,,https://assets.scriptslug.com/live/pdf/scripts/the-lost-daughter-2021.pdf?v=1729115028,pdf
https://assets.scriptslug.com/live/pdf/scripts/the-lost-weekend-1945.pdf?v=1729115028,The Lost Weekend,,,left_only,The Lost Weekend,,,,https://assets.scriptslug.com/live/pdf/scripts/the-lost-weekend-1945.pdf?v=1729115028,pdf
https://assets.scriptslug.com/live/pdf/scripts/the-lost-world-jurassic-park-1997.pdf?v=1729115028,The Lost World Jurassic Park,,,left_only,The Lost World Jurassic Park,,,,https://assets.scriptslug.com/live/pdf/scripts/the-lost-world-jurassic-park-1997.pdf?v=1729115028,pdf
https://assets.scriptslug.com/live/pdf/scripts/the-lunchbox-2013.pdf?v=1729115028,The Lunchbox,,,left_only,The Lunchbox,,,,https://assets.scriptslug.com/live/pdf/scripts/the-lunchbox-2013.pdf?v=1729115028,pdf
https://assets.scriptslug.com/live/pdf/scripts/the-majestic-2001.pdf?v=1729115028,The Majestic,The Majestic,"https://imsdb.com//scripts//Majestic,-The-(The-Bijou).html",both,The Majestic,,,,https://assets.scriptslug.com/live/pdf/scripts/the-majestic-2001.pdf?v=1729115028,pdf
https://assets.scriptslug.com/live/pdf/scripts/the-maltese-falcon-1941.pdf?v=1729115028,The Maltese Falcon,,,left_only,The Maltese Falcon,,,,https://assets.scriptslug.com/live/pdf/scripts/the-maltese-falcon-1941.pdf?v=1729115028,pdf
https://assets.scriptslug.com/live/pdf/scripts/the-man-from-uncle-2015.pdf?v=1729115028,The Man From Uncle,,,left_only,The Man From Uncle,,,,https://assets.scriptslug.com/live/pdf/scripts/the-man-from-uncle-2015.pdf?v=1729115028,pdf
https://assets.scriptslug.com/live/pdf/scripts/the-man-who-invented-christmas-2017.pdf?v=1729115029,The Man Who Invented Christmas,,,left_only,The Man Who Invented Christmas,,,,https://assets.scriptslug.com/live/pdf/scripts/the-man-who-invented-christmas-2017.pdf?v=1729115029,pdf
,,The Man Who Knew Too Much,"https://imsdb.com//scripts//Man-Who-Knew-Too-Much,-The.html",right_only,The Man Who Knew Too Much,,,,"https://imsdb.com//scripts//Man-Who-Knew-Too-Much,-The.html",html
,,The Man Who Wasnt There,"https://imsdb.com//scripts//Man-Who-Wasn't-There,-The.html",right_only,The Man Who Wasnt There,,,,"https://imsdb.com//scripts//Man-Who-Wasn't-There,-The.html",html
https://assets.scriptslug.com/live/pdf/scripts/the-manchurian-candidate-2004.pdf?v=1729115029,The Manchurian Candidate,The Manchurian Candidate,"https://imsdb.com//scripts//Manchurian-Candidate,-The.html",both,The Manchurian Candidate,,,,https://assets.scriptslug.com/live/pdf/scripts/the-manchurian-candidate-2004.pdf?v=1729115029,pdf
https://assets.scriptslug.com/live/pdf/scripts/the-martian-2015.pdf?v=1729115029,The Martian,The Martian,"https://imsdb.com//scripts//Martian,-The.html",both,The Martian,,,,https://assets.scriptslug.com/live/pdf/scripts/the-martian-2015.pdf?v=1729115029,pdf
https://assets.scriptslug.com/live/pdf/scripts/the-mask-1994.pdf?v=1729115029,The Mask,The Mask,"https://imsdb.com//scripts//Mask,-The.html",both,The Mask,,,,https://assets.scriptslug.com/live/pdf/scripts/the-mask-1994.pdf?v=1729115029,pdf
https://assets.scriptslug.com/live/pdf/scripts/the-mask-of-zorro-1998.pdf?v=1729115029,The Mask Of Zorro,,,left_only,The Mask Of Zorro,,,,https://assets.scriptslug.com/live/pdf/scripts/the-mask-of-zorro-1998.pdf?v=1729115029,pdf
https://assets.scriptslug.com/live/pdf/scripts/the-master-2012.pdf?v=1729115029,The Master,The Master,"https://imsdb.com//scripts//Master,-The.html",both,The Master,,,,https://assets.scriptslug.com/live/pdf/scripts/the-master-2012.pdf?v=1729115029,pdf
https://assets.scriptslug.com/live/pdf/scripts/the-matador-2005.pdf?v=1729115029,The Matador,,,left_only,The Matador,,,,https://assets.scriptslug.com/live/pdf/scripts/the-matador-2005.pdf?v=1729115029,pdf
https://assets.scriptslug.com/live/pdf/scripts/the-matrix-1999.pdf?v=1729115029,The Matrix,The Matrix,"https://imsdb.com//scripts//Matrix,-The.html",both,The Matrix,,,,https://assets.scriptslug.com/live/pdf/scripts/the-matrix-1999.pdf?v=1729115029,pdf
https://assets.scriptslug.com/live/pdf/scripts/the-matrix-reloaded-2003.pdf?v=1729115030,The Matrix Reloaded,The Matrix Reloaded,"https://imsdb.com//scripts//Matrix-Reloaded,-The.html",both,The Matrix Reloaded,,,,https://assets.scriptslug.com/live/pdf/scripts/the-matrix-reloaded-2003.pdf?v=1729115030,pdf
https://assets.scriptslug.com/live/pdf/scripts/the-matrix-revolutions-2003.pdf?v=1729115030,The Matrix Revolutions,,,left_only,The Matrix Revolutions,,,,https://assets.scriptslug.com/live/pdf/scripts/the-matrix-revolutions-2003.pdf?v=1729115030,pdf
https://assets.scriptslug.com/live/pdf/scripts/the-maze-runner-2014.pdf?v=1729115030,The Maze Runner,,,left_only,The Maze Runner,,,,https://assets.scriptslug.com/live/pdf/scripts/the-maze-runner-2014.pdf?v=1729115030,pdf
,,The Mechanic,"https://imsdb.com//scripts//Mechanic,-The.html",right_only,The Mechanic,,,,"https://imsdb.com//scripts//Mechanic,-The.html",html
https://assets.scriptslug.com/live/pdf/scripts/the-meddler-2016.pdf?v=1729115030,The Meddler,,,left_only,The Meddler,,,,https://assets.scriptslug.com/live/pdf/scripts/the-meddler-2016.pdf?v=1729115030,pdf
https://assets.scriptslug.com/live/pdf/scripts/the-meg-2018.pdf?v=1729115030,The Meg,,,left_only,The Meg,,,,https://assets.scriptslug.com/live/pdf/scripts/the-meg-2018.pdf?v=1729115030,pdf
https://assets.scriptslug.com/live/pdf/scripts/the-men-who-stare-at-goats-2009.pdf?v=1729115030,The Men Who Stare At Goats,The Men Who Stare At Goats,"https://imsdb.com//scripts//Men-Who-Stare-at-Goats,-The.html",both,The Men Who Stare At Goats,,,,https://assets.scriptslug.com/live/pdf/scripts/the-men-who-stare-at-goats-2009.pdf?v=1729115030,pdf
https://assets.scriptslug.com/live/pdf/scripts/the-menu-2022.pdf?v=1729115030,The Menu,The Menu,"https://imsdb.com//scripts//Menu,-The.html",both,The Menu,,,,https://assets.scriptslug.com/live/pdf/scripts/the-menu-2022.pdf?v=1729115030,pdf
https://assets.scriptslug.com/live/pdf/scripts/the-midnight-sky-2020.pdf?v=1729115030,The Midnight Sky,,,left_only,The Midnight Sky,,,,https://assets.scriptslug.com/live/pdf/scripts/the-midnight-sky-2020.pdf?v=1729115030,pdf
https://assets.scriptslug.com/live/pdf/scripts/the-mighty-ducks-1992.pdf?v=1729115031,The Mighty Ducks,,,left_only,The Mighty Ducks,,,,https://assets.scriptslug.com/live/pdf/scripts/the-mighty-ducks-1992.pdf?v=1729115031,pdf
https://assets.scriptslug.com/live/pdf/scripts/the-miracle-club-2023.pdf?v=1729115031,The Miracle Club,,,left_only,The Miracle Club,,,,https://assets.scriptslug.com/live/pdf/scripts/the-miracle-club-2023.pdf?v=1729115031,pdf
,,The Miracle Worker,"https://imsdb.com//scripts//Miracle-Worker,-The.html",right_only,The Miracle Worker,,,,"https://imsdb.com//scripts//Miracle-Worker,-The.html",html
https://assets.scriptslug.com/live/pdf/scripts/the-mitchells-vs-the-machines-2021_2021-12-30-220917_rfqw.pdf?v=1729115031,The Mitchells Vs The Machines,,,left_only,The Mitchells Vs The Machines,,,,https://assets.scriptslug.com/live/pdf/scripts/the-mitchells-vs-the-machines-2021_2021-12-30-220917_rfqw.pdf?v=1729115031,pdf
https://assets.scriptslug.com/live/pdf/scripts/the-mother-2023.pdf?v=1729115031,The Mother,,,left_only,The Mother,,,,https://assets.scriptslug.com/live/pdf/scripts/the-mother-2023.pdf?v=1729115031,pdf
https://assets.scriptslug.com/live/pdf/scripts/the-mummy-1999.pdf?v=1729115031,The Mummy,The Mummy,"https://imsdb.com//scripts//Mummy,-The.html",both,The Mummy,,,,https://assets.scriptslug.com/live/pdf/scripts/the-mummy-1999.pdf?v=1729115031,pdf
https://assets.scriptslug.com/live/pdf/scripts/the-mummy-2017.pdf?v=1729115031,The Mummy,The Mummy,"https://imsdb.com//scripts//Mummy,-The.html",both,The Mummy,,,,https://assets.scriptslug.com/live/pdf/scripts/the-mummy-2017.pdf?v=1729115031,pdf
https://assets.scriptslug.com/live/pdf/scripts/the-mummy-returns-2001.pdf?v=1729115031,The Mummy Returns,,,left_only,The Mummy Returns,,,,https://assets.scriptslug.com/live/pdf/scripts/the-mummy-returns-2001.pdf?v=1729115031,pdf
https://assets.scriptslug.com/live/pdf/scripts/the-mummy-tomb-of-the-dragon-emperor-2008.pdf?v=1729115031,The Mummy Tomb Of The Dragon Emperor,,,left_only,The Mummy Tomb Of The Dragon Emperor,,,,https://assets.scriptslug.com/live/pdf/scripts/the-mummy-tomb-of-the-dragon-emperor-2008.pdf?v=1729115031,pdf
https://assets.scriptslug.com/live/pdf/scripts/the-naked-gun-2-1-2-the-smell-of-fear-1991.pdf?v=1729115031,The Naked Gun 2½ The Smell Of Fear,,,left_only,The Naked Gun 2½ The Smell Of Fear,,,,https://assets.scriptslug.com/live/pdf/scripts/the-naked-gun-2-1-2-the-smell-of-fear-1991.pdf?v=1729115031,pdf
https://assets.scriptslug.com/live/pdf/scripts/the-naked-gun-from-the-files-of-police-squad-1988.pdf?v=1729115032,The Naked Gun From The Files Of Police Squad,,,left_only,The Naked Gun From The Files Of Police Squad,,,,https://assets.scriptslug.com/live/pdf/scripts/the-naked-gun-from-the-files-of-police-squad-1988.pdf?v=1729115032,pdf
https://assets.scriptslug.com/live/pdf/scripts/the-neon-demon-2016.pdf?v=1729115032,The Neon Demon,,,left_only,The Neon Demon,,,,https://assets.scriptslug.com/live/pdf/scripts/the-neon-demon-2016.pdf?v=1729115032,pdf
,,The Neverending Story,"https://imsdb.com//scripts//Neverending-Story,-The.html",right_only,The Neverending Story,,,,"https://imsdb.com//scripts//Neverending-Story,-The.html",html
,,The Next Three Days,"https://imsdb.com//scripts//Next-Three-Days,-The.html",right_only,The Next Three Days,,,,"https://imsdb.com//scripts//Next-Three-Days,-The.html",html
https://assets.scriptslug.com/live/pdf/scripts/the-nice-guys-2016.pdf?v=1729115032,The Nice Guys,,,left_only,The Nice Guys,,,,https://assets.scriptslug.com/live/pdf/scripts/the-nice-guys-2016.pdf?v=1729115032,pdf
https://assets.scriptslug.com/live/pdf/scripts/the-night-house-2020.pdf?v=1729115032,The Night House,,,left_only,The Night House,,,,https://assets.scriptslug.com/live/pdf/scripts/the-night-house-2020.pdf?v=1729115032,pdf
https://assets.scriptslug.com/live/pdf/scripts/the-nightmare-before-christmas-1993.pdf?v=1729115033,The Nightmare Before Christmas,The Nightmare Before Christmas,"https://imsdb.com//scripts//Nightmare-Before-Christmas,-The.html",both,The Nightmare Before Christmas,,,,https://assets.scriptslug.com/live/pdf/scripts/the-nightmare-before-christmas-1993.pdf?v=1729115033,pdf
https://assets.scriptslug.com/live/pdf/scripts/the-nightmare-before-christmas-1993.pdf?v=1729115033,The Nightmare Before Christmas,The Nightmare Before Christmas,"https://imsdb.com//scripts//Nightmare-Before-Christmas,-The.html",both,The Nightmare Before Christmas,,,,https://assets.scriptslug.com/live/pdf/scripts/the-nightmare-before-christmas-1993.pdf?v=1729115033,pdf
https://assets.scriptslug.com/live/pdf/scripts/the-nines-2007.pdf?v=1729115033,The Nines,The Nines,"https://imsdb.com//scripts//Nines,-The.html",both,The Nines,,,,https://assets.scriptslug.com/live/pdf/scripts/the-nines-2007.pdf?v=1729115033,pdf
,,The Ninth Gate,"https://imsdb.com//scripts//Ninth-Gate,-The.html",right_only,The Ninth Gate,,,,"https://imsdb.com//scripts//Ninth-Gate,-The.html",html
https://assets.scriptslug.com/live/pdf/scripts/the-northman-2022.pdf?v=1729115033,The Northman,,,left_only,The Northman,,,,https://assets.scriptslug.com/live/pdf/scripts/the-northman-2022.pdf?v=1729115033,pdf
https://assets.scriptslug.com/live/pdf/scripts/the-nun-2018.pdf?v=1729115033,The Nun,,,left_only,The Nun,,,,https://assets.scriptslug.com/live/pdf/scripts/the-nun-2018.pdf?v=1729115033,pdf
https://assets.scriptslug.com/live/pdf/scripts/the-nutty-professor-1995.pdf?v=1729115033,The Nutty Professor,,,left_only,The Nutty Professor,,,,https://assets.scriptslug.com/live/pdf/scripts/the-nutty-professor-1995.pdf?v=1729115033,pdf
https://assets.scriptslug.com/live/pdf/scripts/the-old-man-and-the-gun-2018.pdf?v=1729115033,The Old Man And The Gun,,,left_only,The Old Man And The Gun,,,,https://assets.scriptslug.com/live/pdf/scripts/the-old-man-and-the-gun-2018.pdf?v=1729115033,pdf
https://assets.scriptslug.com/live/pdf/scripts/the-omen-1976.pdf?v=1729115033,The Omen,,,left_only,The Omen,,,,https://assets.scriptslug.com/live/pdf/scripts/the-omen-1976.pdf?v=1729115033,pdf
,,The Other Boleyn Girl,"https://imsdb.com//scripts//Other-Boleyn-Girl,-The.html",right_only,The Other Boleyn Girl,,,,"https://imsdb.com//scripts//Other-Boleyn-Girl,-The.html",html
https://assets.scriptslug.com/live/pdf/scripts/the-other-guys-2010.pdf?v=1729115033,The Other Guys,,,left_only,The Other Guys,,,,https://assets.scriptslug.com/live/pdf/scripts/the-other-guys-2010.pdf?v=1729115033,pdf
https://assets.scriptslug.com/live/pdf/scripts/the-other-side-of-the-wind-2018.pdf?v=1729115033,The Other Side Of The Wind,,,left_only,The Other Side Of The Wind,,,,https://assets.scriptslug.com/live/pdf/scripts/the-other-side-of-the-wind-2018.pdf?v=1729115033,pdf
https://assets.scriptslug.com/live/pdf/scripts/the-others-2001.pdf?v=1729115034,The Others,,,left_only,The Others,,,,https://assets.scriptslug.com/live/pdf/scripts/the-others-2001.pdf?v=1729115034,pdf
https://assets.scriptslug.com/live/pdf/scripts/the-outrun-2024.pdf?v=1738547349,The Outrun,,,left_only,The Outrun,,,,https://assets.scriptslug.com/live/pdf/scripts/the-outrun-2024.pdf?v=1738547349,pdf
https://assets.scriptslug.com/live/pdf/scripts/the-outsiders-1983.pdf?v=1729115034,The Outsiders,,,left_only,The Outsiders,,,,https://assets.scriptslug.com/live/pdf/scripts/the-outsiders-1983.pdf?v=1729115034,pdf
,,The Pacifier,"https://imsdb.com//scripts//Pacifier,-The.html",right_only,The Pacifier,,,,"https://imsdb.com//scripts//Pacifier,-The.html",html
,,The Passion Of Joan Of Arc,"https://imsdb.com//scripts//Passion-of-Joan-of-Arc,-The.html",right_only,The Passion Of Joan Of Arc,,,,"https://imsdb.com//scripts//Passion-of-Joan-of-Arc,-The.html",html
https://assets.scriptslug.com/live/pdf/scripts/the-passion-of-the-christ-2004.pdf?v=1729115034,The Passion Of The Christ,,,left_only,The Passion Of The Christ,,,,https://assets.scriptslug.com/live/pdf/scripts/the-passion-of-the-christ-2004.pdf?v=1729115034,pdf
,,The Patriot,"https://imsdb.com//scripts//Patriot,-The.html",right_only,The Patriot,,,,"https://imsdb.com//scripts//Patriot,-The.html",html
https://assets.scriptslug.com/live/pdf/scripts/the-peanut-butter-falcon-2019.pdf?v=1729115034,The Peanut Butter Falcon,,,left_only,The Peanut Butter Falcon,,,,https://assets.scriptslug.com/live/pdf/scripts/the-peanut-butter-falcon-2019.pdf?v=1729115034,pdf
https://assets.scriptslug.com/live/pdf/scripts/the-pelican-brief-1993.pdf?v=1729115034,The Pelican Brief,,,left_only,The Pelican Brief,,,,https://assets.scriptslug.com/live/pdf/scripts/the-pelican-brief-1993.pdf?v=1729115034,pdf
https://assets.scriptslug.com/live/pdf/scripts/the-perfect-storm-2000.pdf?v=1729115034,The Perfect Storm,,,left_only,The Perfect Storm,,,,https://assets.scriptslug.com/live/pdf/scripts/the-perfect-storm-2000.pdf?v=1729115034,pdf
https://assets.scriptslug.com/live/pdf/scripts/the-perks-of-being-a-wall-flower-2012.pdf?v=1729115034,The Perks Of Being A Wallflower,The Perks Of Being A Wallflower,"https://imsdb.com//scripts//Perks-of-Being-a-Wallflower,-The.html",both,The Perks Of Being A Wallflower,,,,https://assets.scriptslug.com/live/pdf/scripts/the-perks-of-being-a-wall-flower-2012.pdf?v=1729115034,pdf
https://assets.scriptslug.com/live/pdf/scripts/the-persian-version-2023.pdf?v=1729115034,The Persian Version,The Persian Version,"https://imsdb.com//scripts//Persian-Version,-The.html",both,The Persian Version,,,,https://assets.scriptslug.com/live/pdf/scripts/the-persian-version-2023.pdf?v=1729115034,pdf
https://assets.scriptslug.com/live/pdf/scripts/the-phantom-1996.pdf?v=1729115035,The Phantom,,,left_only,The Phantom,,,,https://assets.scriptslug.com/live/pdf/scripts/the-phantom-1996.pdf?v=1729115035,pdf
,,The Pianist,"https://imsdb.com//scripts//Pianist,-The.html",right_only,The Pianist,,,,"https://imsdb.com//scripts//Pianist,-The.html",html
,,The Piano,"https://imsdb.com//scripts//Piano,-The.html",right_only,The Piano,,,,"https://imsdb.com//scripts//Piano,-The.html",html
https://assets.scriptslug.com/live/pdf/scripts/the-place-beyond-the-pines-2012.pdf?v=1729115035,The Place Beyond The Pines,,,left_only,The Place Beyond The Pines,,,,https://assets.scriptslug.com/live/pdf/scripts/the-place-beyond-the-pines-2012.pdf?v=1729115035,pdf
,,The Planet Of The Apes,"https://imsdb.com//scripts//Planet-of-the-Apes,-The.html",right_only,The Planet Of The Apes,,,,"https://imsdb.com//scripts//Planet-of-the-Apes,-The.html",html
https://assets.scriptslug.com/live/pdf/scripts/the-player-1992.pdf?v=1729115035,The Player,,,left_only,The Player,,,,https://assets.scriptslug.com/live/pdf/scripts/the-player-1992.pdf?v=1729115035,pdf
https://assets.scriptslug.com/live/pdf/scripts/the-poseidon-adventure-1972.pdf?v=1729115035,The Poseidon Adventure,,,left_only,The Poseidon Adventure,,,,https://assets.scriptslug.com/live/pdf/scripts/the-poseidon-adventure-1972.pdf?v=1729115035,pdf
https://assets.scriptslug.com/live/pdf/scripts/the-post-2017.pdf?v=1729115035,The Post,,,left_only,The Post,,,,https://assets.scriptslug.com/live/pdf/scripts/the-post-2017.pdf?v=1729115035,pdf
,,The Postman,"https://imsdb.com//scripts//Postman,-The.html",right_only,The Postman,,,,"https://imsdb.com//scripts//Postman,-The.html",html
,,The Power Of One,"https://imsdb.com//scripts//Power-of-One,-The.html",right_only,The Power Of One,,,,"https://imsdb.com//scripts//Power-of-One,-The.html",html
https://assets.scriptslug.com/live/pdf/scripts/the-power-of-the-dog-2021.pdf?v=1729115035,The Power Of The Dog,,,left_only,The Power Of The Dog,,,,https://assets.scriptslug.com/live/pdf/scripts/the-power-of-the-dog-2021.pdf?v=1729115035,pdf
https://assets.scriptslug.com/live/pdf/scripts/the-predator-2018.pdf?v=1729115035,The Predator,,,left_only,The Predator,,,,https://assets.scriptslug.com/live/pdf/scripts/the-predator-2018.pdf?v=1729115035,pdf
https://assets.scriptslug.com/live/pdf/scripts/the-prestige-2006.pdf?v=1729115070,The Prestige,The Prestige,"https://imsdb.com//scripts//Prestige,-The.html",both,The Prestige,,,,https://assets.scriptslug.com/live/pdf/scripts/the-prestige-2006.pdf?v=1729115070,pdf
https://assets.scriptslug.com/live/pdf/scripts/the-princess-bride-1987.pdf?v=1729115035,The Princess Bride,The Princess Bride,"https://imsdb.com//scripts//Princess-Bride,-The.html",both,The Princess Bride,,,,https://assets.scriptslug.com/live/pdf/scripts/the-princess-bride-1987.pdf?v=1729115035,pdf
,,The Private Life Of Sherlock Holmes,"https://imsdb.com//scripts//Private-Life-of-Sherlock-Holmes,-The.html",right_only,The Private Life Of Sherlock Holmes,,,,"https://imsdb.com//scripts//Private-Life-of-Sherlock-Holmes,-The.html",html
,,The Producer,"https://imsdb.com//scripts//Producer,-The.html",right_only,The Producer,,,,"https://imsdb.com//scripts//Producer,-The.html",html
,,The Program,"https://imsdb.com//scripts//Program,-The.html",right_only,The Program,,,,"https://imsdb.com//scripts//Program,-The.html",html
,,The Prophecy,"https://imsdb.com//scripts//Prophecy,-The.html",right_only,The Prophecy,,,,"https://imsdb.com//scripts//Prophecy,-The.html",html
https://assets.scriptslug.com/live/pdf/scripts/the-proposal-2009.pdf?v=1729115035,The Proposal,The Proposal,"https://imsdb.com//scripts//Proposal,-The.html",both,The Proposal,,,,https://assets.scriptslug.com/live/pdf/scripts/the-proposal-2009.pdf?v=1729115035,pdf
https://assets.scriptslug.com/live/pdf/scripts/the-purge-2013.pdf?v=1729115035,The Purge,,,left_only,The Purge,,,,https://assets.scriptslug.com/live/pdf/scripts/the-purge-2013.pdf?v=1729115035,pdf
https://assets.scriptslug.com/live/pdf/scripts/the-pursuit-of-happyness-2006.pdf?v=1729115036,The Pursuit Of Happyness,,,left_only,The Pursuit Of Happyness,,,,https://assets.scriptslug.com/live/pdf/scripts/the-pursuit-of-happyness-2006.pdf?v=1729115036,pdf
,,The Queen,"https://imsdb.com//scripts//Queen,-The.html",right_only,The Queen,,,,"https://imsdb.com//scripts//Queen,-The.html",html
,,The Rage Carrie 2,https://imsdb.com//scripts//The-Rage-Carrie-2.html,right_only,The Rage Carrie 2,,,,https://imsdb.com//scripts//The-Rage-Carrie-2.html,html
,,The Reader,"https://imsdb.com//scripts//Reader,-The.html",right_only,The Reader,,,,"https://imsdb.com//scripts//Reader,-The.html",html
https://assets.scriptslug.com/live/pdf/scripts/the-red-turtle-2016.pdf?v=1729115036,The Red Turtle,,,left_only,The Red Turtle,,,,https://assets.scriptslug.com/live/pdf/scripts/the-red-turtle-2016.pdf?v=1729115036,pdf
,,The Relic,"https://imsdb.com//scripts//Relic,-The.html",right_only,The Relic,,,,"https://imsdb.com//scripts//Relic,-The.html",html
,,The Replacements,"https://imsdb.com//scripts//Replacements,-The.html",right_only,The Replacements,,,,"https://imsdb.com//scripts//Replacements,-The.html",html
,,The Rescuers Down Under,"https://imsdb.com//scripts//Rescuers-Down-Under,-The.html",right_only,The Rescuers Down Under,,,,"https://imsdb.com//scripts//Rescuers-Down-Under,-The.html",html
https://assets.scriptslug.com/live/pdf/scripts/the-revenant-2015.pdf?v=1729115036,The Revenant,The Revenant,"https://imsdb.com//scripts//Revenant,-The.html",both,The Revenant,,,,https://assets.scriptslug.com/live/pdf/scripts/the-revenant-2015.pdf?v=1729115036,pdf
https://assets.scriptslug.com/live/pdf/scripts/the-rider-2018.pdf?v=1729115036,The Rider,,,left_only,The Rider,,,,https://assets.scriptslug.com/live/pdf/scripts/the-rider-2018.pdf?v=1729115036,pdf
https://assets.scriptslug.com/live/pdf/scripts/the-ring-2002.pdf?v=1729115036,The Ring,,,left_only,The Ring,,,,https://assets.scriptslug.com/live/pdf/scripts/the-ring-2002.pdf?v=1729115036,pdf
,,The Road,"https://imsdb.com//scripts//Road,-The.html",right_only,The Road,,,,"https://imsdb.com//scripts//Road,-The.html",html
https://assets.scriptslug.com/live/pdf/scripts/the-road-warrior-1981.pdf?v=1729115036,The Road Warrior,,,left_only,The Road Warrior,,,,https://assets.scriptslug.com/live/pdf/scripts/the-road-warrior-1981.pdf?v=1729115036,pdf
https://assets.scriptslug.com/live/pdf/scripts/the-rock-1996.pdf?v=1729115036,The Rock,The Rock,"https://imsdb.com//scripts//Rock,-The.html",both,The Rock,,,,https://assets.scriptslug.com/live/pdf/scripts/the-rock-1996.pdf?v=1729115036,pdf
https://assets.scriptslug.com/live/pdf/scripts/the-rocketeer-1991.pdf?v=1729115036,The Rocketeer,,,left_only,The Rocketeer,,,,https://assets.scriptslug.com/live/pdf/scripts/the-rocketeer-1991.pdf?v=1729115036,pdf
https://assets.scriptslug.com/live/pdf/scripts/the-rocky-horror-picture-show-1975.pdf?v=1729115036,The Rocky Horror Picture Show,The Rocky Horror Picture Show,"https://imsdb.com//scripts//Rocky-Horror-Picture-Show,-The.html",both,The Rocky Horror Picture Show,,,,https://assets.scriptslug.com/live/pdf/scripts/the-rocky-horror-picture-show-1975.pdf?v=1729115036,pdf
https://assets.scriptslug.com/live/pdf/scripts/the-rookie-2002.pdf?v=1729115037,The Rookie,,,left_only,The Rookie,,,,https://assets.scriptslug.com/live/pdf/scripts/the-rookie-2002.pdf?v=1729115037,pdf
https://assets.scriptslug.com/live/pdf/scripts/the-room-next-door-2024.pdf?v=1738546901,The Room Next Door,,,left_only,The Room Next Door,,,,https://assets.scriptslug.com/live/pdf/scripts/the-room-next-door-2024.pdf?v=1738546901,pdf
,,The Roommate,"https://imsdb.com//scripts//Roommate,-The.html",right_only,The Roommate,,,,"https://imsdb.com//scripts//Roommate,-The.html",html
https://assets.scriptslug.com/live/pdf/scripts/the-rover-2014.pdf?v=1729115037,The Rover,,,left_only,The Rover,,,,https://assets.scriptslug.com/live/pdf/scripts/the-rover-2014.pdf?v=1729115037,pdf
https://assets.scriptslug.com/live/pdf/scripts/royal-tenenbaums-2000.pdf?v=1729114982,The Royal Tenenbaums,,,left_only,The Royal Tenenbaums,,,,https://assets.scriptslug.com/live/pdf/scripts/royal-tenenbaums-2000.pdf?v=1729114982,pdf
,,The Ruins,"https://imsdb.com//scripts//Ruins,-The.html",right_only,The Ruins,,,,"https://imsdb.com//scripts//Ruins,-The.html",html
https://assets.scriptslug.com/live/pdf/scripts/the-rum-diary-2011.pdf?v=1729115037,The Rum Diary,,,left_only,The Rum Diary,,,,https://assets.scriptslug.com/live/pdf/scripts/the-rum-diary-2011.pdf?v=1729115037,pdf
,,The Saint,"https://imsdb.com//scripts//Saint,-The.html",right_only,The Saint,,,,"https://imsdb.com//scripts//Saint,-The.html",html
,,The Salton Sea,"https://imsdb.com//scripts//Salton-Sea,-The.html",right_only,The Salton Sea,,,,"https://imsdb.com//scripts//Salton-Sea,-The.html",html
https://assets.scriptslug.com/live/pdf/scripts/the-sandlot-1993.pdf?v=1729115037,The Sandlot,,,left_only,The Sandlot,,,,https://assets.scriptslug.com/live/pdf/scripts/the-sandlot-1993.pdf?v=1729115037,pdf
,,The Sandlot Kids,"https://imsdb.com//scripts//Sandlot-Kids,-The.html",right_only,The Sandlot Kids,,,,"https://imsdb.com//scripts//Sandlot-Kids,-The.html",html
https://assets.scriptslug.com/live/pdf/scripts/the-santa-clause-1994.pdf?v=1729115037,The Santa Clause,,,left_only,The Santa Clause,,,,https://assets.scriptslug.com/live/pdf/scripts/the-santa-clause-1994.pdf?v=1729115037,pdf
https://assets.scriptslug.com/live/pdf/scripts/the-savages-2007.pdf?v=1729115037,The Savages,,,left_only,The Savages,,,,https://assets.scriptslug.com/live/pdf/scripts/the-savages-2007.pdf?v=1729115037,pdf
https://assets.scriptslug.com/live/pdf/scripts/the-searchers-1956.pdf?v=1729115037,The Searchers,The Searchers,"https://imsdb.com//scripts//Searchers,-The.html",both,The Searchers,,,,https://assets.scriptslug.com/live/pdf/scripts/the-searchers-1956.pdf?v=1729115037,pdf
https://assets.scriptslug.com/live/pdf/scripts/the-secret-life-of-pets-2016.pdf?v=1729115037,The Secret Life Of Pets,,,left_only,The Secret Life Of Pets,,,,https://assets.scriptslug.com/live/pdf/scripts/the-secret-life-of-pets-2016.pdf?v=1729115037,pdf
https://assets.scriptslug.com/live/pdf/scripts/the-secret-life-of-walter-mitty-2013.pdf?v=1729115038,The Secret Life Of Walter Mitty,The Secret Life Of Walter Mitty,"https://imsdb.com//scripts//Secret-Life-of-Walter-Mitty,-The.html",both,The Secret Life Of Walter Mitty,,,,https://assets.scriptslug.com/live/pdf/scripts/the-secret-life-of-walter-mitty-2013.pdf?v=1729115038,pdf
https://assets.scriptslug.com/live/pdf/scripts/the-sessions-2012.pdf?v=1729115038,The Sessions,The Sessions,"https://imsdb.com//scripts//Sessions,-The.html",both,The Sessions,,,,https://assets.scriptslug.com/live/pdf/scripts/the-sessions-2012.pdf?v=1729115038,pdf
,,The Seventh Seal,"https://imsdb.com//scripts//Seventh-Seal,-The.html",right_only,The Seventh Seal,,,,"https://imsdb.com//scripts//Seventh-Seal,-The.html",html
https://assets.scriptslug.com/live/pdf/scripts/the-shape-of-water-2017.pdf?v=1729115038,The Shape Of Water,,,left_only,The Shape Of Water,,,,https://assets.scriptslug.com/live/pdf/scripts/the-shape-of-water-2017.pdf?v=1729115038,pdf
https://assets.scriptslug.com/live/pdf/scripts/the-shawshank-redemption-1994.pdf?v=1729115038,The Shawshank Redemption,The Shawshank Redemption,"https://imsdb.com//scripts//Shawshank-Redemption,-The.html",both,The Shawshank Redemption,,,,https://assets.scriptslug.com/live/pdf/scripts/the-shawshank-redemption-1994.pdf?v=1729115038,pdf
https://assets.scriptslug.com/live/pdf/scripts/the-shining-1980.pdf?v=1729115038,The Shining,The Shining,"https://imsdb.com//scripts//Shining,-The.html",both,The Shining,,,,https://assets.scriptslug.com/live/pdf/scripts/the-shining-1980.pdf?v=1729115038,pdf
,,The Shipping News,"https://imsdb.com//scripts//Shipping-News,-The.html",right_only,The Shipping News,,,,"https://imsdb.com//scripts//Shipping-News,-The.html",html
,,The Siege,"https://imsdb.com//scripts//Siege,-The.html",right_only,The Siege,,,,"https://imsdb.com//scripts//Siege,-The.html",html
https://assets.scriptslug.com/live/pdf/scripts/the-silence-of-the-lambs-1991.pdf?v=1729115038,The Silence Of The Lambs,,,left_only,The Silence Of The Lambs,,,,https://assets.scriptslug.com/live/pdf/scripts/the-silence-of-the-lambs-1991.pdf?v=1729115038,pdf
https://assets.scriptslug.com/live/pdf/scripts/the-sisters-brothers-2018.pdf?v=1729115038,The Sisters Brothers,,,left_only,The Sisters Brothers,,,,https://assets.scriptslug.com/live/pdf/scripts/the-sisters-brothers-2018.pdf?v=1729115038,pdf
https://assets.scriptslug.com/live/pdf/scripts/sixth-sense-1999.pdf?v=1729114991,The Sixth Sense,The Sixth Sense,"https://imsdb.com//scripts//Sixth-Sense,-The.html",both,The Sixth Sense,,,,https://assets.scriptslug.com/live/pdf/scripts/sixth-sense-1999.pdf?v=1729114991,pdf
https://assets.scriptslug.com/live/pdf/scripts/the-skeleton-key-2005.pdf?v=1729115039,The Skeleton Key,,,left_only,The Skeleton Key,,,,https://assets.scriptslug.com/live/pdf/scripts/the-skeleton-key-2005.pdf?v=1729115039,pdf
https://assets.scriptslug.com/live/pdf/scripts/the-social-network-2010.pdf?v=1729115039,The Social Network,The Social Network,"https://imsdb.com//scripts//Social-Network,-The.html",both,The Social Network,,,,https://assets.scriptslug.com/live/pdf/scripts/the-social-network-2010.pdf?v=1729115039,pdf
https://assets.scriptslug.com/live/pdf/scripts/the-son-2022.pdf?v=1729115039,The Son,,,left_only,The Son,,,,https://assets.scriptslug.com/live/pdf/scripts/the-son-2022.pdf?v=1729115039,pdf
https://assets.scriptslug.com/live/pdf/scripts/the-song-of-names-2019.pdf?v=1729115039,The Song Of Names,,,left_only,The Song Of Names,,,,https://assets.scriptslug.com/live/pdf/scripts/the-song-of-names-2019.pdf?v=1729115039,pdf
https://assets.scriptslug.com/live/pdf/scripts/the-spy-who-dumped-me-2018.pdf?v=1729115040,The Spy Who Dumped Me,,,left_only,The Spy Who Dumped Me,,,,https://assets.scriptslug.com/live/pdf/scripts/the-spy-who-dumped-me-2018.pdf?v=1729115040,pdf
https://assets.scriptslug.com/live/pdf/scripts/the-spy-who-loved-me-1977.pdf?v=1729115040,The Spy Who Loved Me,,,left_only,The Spy Who Loved Me,,,,https://assets.scriptslug.com/live/pdf/scripts/the-spy-who-loved-me-1977.pdf?v=1729115040,pdf
https://assets.scriptslug.com/live/pdf/scripts/the-squid-and-the-whale-2005.pdf?v=1729115040,The Squid And The Whale,,,left_only,The Squid And The Whale,,,,https://assets.scriptslug.com/live/pdf/scripts/the-squid-and-the-whale-2005.pdf?v=1729115040,pdf
https://assets.scriptslug.com/live/pdf/scripts/the-star-wars-holiday-special-1978.pdf?v=1729115040,The Star Wars Holiday Special,,,left_only,The Star Wars Holiday Special,,,,https://assets.scriptslug.com/live/pdf/scripts/the-star-wars-holiday-special-1978.pdf?v=1729115040,pdf
https://assets.scriptslug.com/live/pdf/scripts/the-sting-1973.pdf?v=1729115040,The Sting,The Sting,"https://imsdb.com//scripts//Sting,-The.html",both,The Sting,,,,https://assets.scriptslug.com/live/pdf/scripts/the-sting-1973.pdf?v=1729115040,pdf
,,The Stuntman,"https://imsdb.com//scripts//Stuntman,-The.html",right_only,The Stuntman,,,,"https://imsdb.com//scripts//Stuntman,-The.html",html
https://assets.scriptslug.com/live/pdf/scripts/the-substance-2024.pdf?v=1738463202,The Substance,The Substance,"https://imsdb.com//scripts//Substance,-The.html",both,The Substance,,,,https://assets.scriptslug.com/live/pdf/scripts/the-substance-2024.pdf?v=1738463202,pdf
https://assets.scriptslug.com/live/pdf/scripts/the-sun-is-also-a-star-2019.pdf?v=1729115040,The Sun Is Also A Star,,,left_only,The Sun Is Also A Star,,,,https://assets.scriptslug.com/live/pdf/scripts/the-sun-is-also-a-star-2019.pdf?v=1729115040,pdf
https://assets.scriptslug.com/live/pdf/scripts/the-super-1991.pdf?v=1729115040,The Super,,,left_only,The Super,,,,https://assets.scriptslug.com/live/pdf/scripts/the-super-1991.pdf?v=1729115040,pdf
,,The Surfer King,"https://imsdb.com//scripts//Surfer-King,-The.html",right_only,The Surfer King,,,,"https://imsdb.com//scripts//Surfer-King,-The.html",html
,,The Sweet Hereafter,"https://imsdb.com//scripts//Sweet-Hereafter,-The.html",right_only,The Sweet Hereafter,,,,"https://imsdb.com//scripts//Sweet-Hereafter,-The.html",html
,,The Taking Of Pelham One Two Three,"https://imsdb.com//scripts//Taking-of-Pelham-One-Two-Three,-The.html",right_only,The Taking Of Pelham One Two Three,,,,"https://imsdb.com//scripts//Taking-of-Pelham-One-Two-Three,-The.html",html
https://assets.scriptslug.com/live/pdf/scripts/the-talented-mr-ripley-1999.pdf?v=1729115040,The Talented Mr Ripley,The Talented Mr Ripley,"https://imsdb.com//scripts//Talented-Mr.-Ripley,-The.html",both,The Talented Mr Ripley,,,,https://assets.scriptslug.com/live/pdf/scripts/the-talented-mr-ripley-1999.pdf?v=1729115040,pdf
https://assets.scriptslug.com/live/pdf/scripts/the-teachers-lounge-2023.pdf?v=1729115040,The Teachers Lounge,The Teachers Lounge,"https://imsdb.com//scripts//Teachers'-Lounge,-The.html",both,The Teachers Lounge,,,,https://assets.scriptslug.com/live/pdf/scripts/the-teachers-lounge-2023.pdf?v=1729115040,pdf
https://assets.scriptslug.com/live/pdf/scripts/the-tender-bar-2021.pdf?v=1729115040,The Tender Bar,,,left_only,The Tender Bar,,,,https://assets.scriptslug.com/live/pdf/scripts/the-tender-bar-2021.pdf?v=1729115040,pdf
https://assets.scriptslug.com/live/pdf/scripts/the-terminator-1984.pdf?v=1729115040,The Terminator,,,left_only,The Terminator,,,,https://assets.scriptslug.com/live/pdf/scripts/the-terminator-1984.pdf?v=1729115040,pdf
https://assets.scriptslug.com/live/pdf/scripts/the-texas-chain-saw-massacre-1974.pdf?v=1729115041,The Texas Chain Saw Massacre,,,left_only,The Texas Chain Saw Massacre,,,,https://assets.scriptslug.com/live/pdf/scripts/the-texas-chain-saw-massacre-1974.pdf?v=1729115041,pdf
https://assets.scriptslug.com/live/pdf/scripts/the-theory-of-everything-2015.pdf?v=1729115041,The Theory Of Everything,The Theory Of Everything,"https://imsdb.com//scripts//Theory-of-Everything,-The.html",both,The Theory Of Everything,,,,https://assets.scriptslug.com/live/pdf/scripts/the-theory-of-everything-2015.pdf?v=1729115041,pdf
https://assets.scriptslug.com/live/pdf/scripts/the-thin-red-line-1998.pdf?v=1729115041,The Thin Red Line,,,left_only,The Thin Red Line,,,,https://assets.scriptslug.com/live/pdf/scripts/the-thin-red-line-1998.pdf?v=1729115041,pdf
https://assets.scriptslug.com/live/pdf/scripts/the-thing-1982.pdf?v=1729115041,The Thing,The Thing,"https://imsdb.com//scripts//Thing,-The.html",both,The Thing,,,,https://assets.scriptslug.com/live/pdf/scripts/the-thing-1982.pdf?v=1729115041,pdf
,,The Things My Father Never Taught Me,"https://imsdb.com//scripts//Things-My-Father-Never-Taught-Me,-The.html",right_only,The Things My Father Never Taught Me,,,,"https://imsdb.com//scripts//Things-My-Father-Never-Taught-Me,-The.html",html
https://assets.scriptslug.com/live/pdf/scripts/the-third-man-1949.pdf?v=1729115041,The Third Man,,,left_only,The Third Man,,,,https://assets.scriptslug.com/live/pdf/scripts/the-third-man-1949.pdf?v=1729115041,pdf
https://assets.scriptslug.com/live/pdf/scripts/the-thomas-crown-affair-1999.pdf?v=1729115041,The Thomas Crown Affair,,,left_only,The Thomas Crown Affair,,,,https://assets.scriptslug.com/live/pdf/scripts/the-thomas-crown-affair-1999.pdf?v=1729115041,pdf
,,The Three Musketeers,"https://imsdb.com//scripts//Three-Musketeers,-The.html",right_only,The Three Musketeers,,,,"https://imsdb.com//scripts//Three-Musketeers,-The.html",html
,,The Time Machine,"https://imsdb.com//scripts//Time-Machine,-The.html",right_only,The Time Machine,,,,"https://imsdb.com//scripts//Time-Machine,-The.html",html
https://assets.scriptslug.com/live/pdf/scripts/the-tomorrow-war-2021.pdf?v=1729115041,The Tomorrow War,,,left_only,The Tomorrow War,,,,https://assets.scriptslug.com/live/pdf/scripts/the-tomorrow-war-2021.pdf?v=1729115041,pdf
,,The Tourist,"https://imsdb.com//scripts//Tourist,-The.html",right_only,The Tourist,,,,"https://imsdb.com//scripts//Tourist,-The.html",html
https://assets.scriptslug.com/live/pdf/scripts/the-town-2010.pdf?v=1729115041,The Town,The Town,"https://imsdb.com//scripts//Town,-The.html",both,The Town,,,,https://assets.scriptslug.com/live/pdf/scripts/the-town-2010.pdf?v=1729115041,pdf
https://assets.scriptslug.com/live/pdf/scripts/the-toy-1982.pdf?v=1729115041,The Toy,,,left_only,The Toy,,,,https://assets.scriptslug.com/live/pdf/scripts/the-toy-1982.pdf?v=1729115041,pdf
https://assets.scriptslug.com/live/pdf/scripts/the-tragedy-of-macbeth-2021.pdf?v=1729115041,The Tragedy Of Macbeth,,,left_only,The Tragedy Of Macbeth,,,,https://assets.scriptslug.com/live/pdf/scripts/the-tragedy-of-macbeth-2021.pdf?v=1729115041,pdf
https://assets.scriptslug.com/live/pdf/scripts/the-tree-of-life-2011.pdf?v=1729115042,The Tree Of Life,,,left_only,The Tree Of Life,,,,https://assets.scriptslug.com/live/pdf/scripts/the-tree-of-life-2011.pdf?v=1729115042,pdf
https://assets.scriptslug.com/live/pdf/scripts/the-trial-of-the-chicago-7-2020.pdf?v=1729115042,The Trial Of The Chicago 7,,,left_only,The Trial Of The Chicago 7,,,,https://assets.scriptslug.com/live/pdf/scripts/the-trial-of-the-chicago-7-2020.pdf?v=1729115042,pdf
https://assets.scriptslug.com/live/pdf/scripts/the-truman-show-1998.pdf?v=1729115042,The Truman Show,The Truman Show,"https://imsdb.com//scripts//Truman-Show,-The.html",both,The Truman Show,,,,https://assets.scriptslug.com/live/pdf/scripts/the-truman-show-1998.pdf?v=1729115042,pdf
https://assets.scriptslug.com/live/pdf/scripts/the-two-jakes-1990.pdf?v=1729115042,The Two Jakes,,,left_only,The Two Jakes,,,,https://assets.scriptslug.com/live/pdf/scripts/the-two-jakes-1990.pdf?v=1729115042,pdf
https://assets.scriptslug.com/live/pdf/scripts/the-two-popes-2019.pdf?v=1729115042,The Two Popes,,,left_only,The Two Popes,,,,https://assets.scriptslug.com/live/pdf/scripts/the-two-popes-2019.pdf?v=1729115042,pdf
,,The Ugly Truth,"https://imsdb.com//scripts//Ugly-Truth,-The.html",right_only,The Ugly Truth,,,,"https://imsdb.com//scripts//Ugly-Truth,-The.html",html
https://assets.scriptslug.com/live/pdf/scripts/the-unborn-2009.pdf?v=1729115043,The Unborn,,,left_only,The Unborn,,,,https://assets.scriptslug.com/live/pdf/scripts/the-unborn-2009.pdf?v=1729115043,pdf
https://assets.scriptslug.com/live/pdf/scripts/the-usual-suspects-1995.pdf?v=1729115043,The Usual Suspects,The Usual Suspects,"https://imsdb.com//scripts//Usual-Suspects,-The.html",both,The Usual Suspects,,,,https://assets.scriptslug.com/live/pdf/scripts/the-usual-suspects-1995.pdf?v=1729115043,pdf
https://assets.scriptslug.com/live/pdf/scripts/the-verdict-1982.pdf?v=1729115043,The Verdict,The Verdict,"https://imsdb.com//scripts//Verdict,-The.html",both,The Verdict,,,,https://assets.scriptslug.com/live/pdf/scripts/the-verdict-1982.pdf?v=1729115043,pdf
,,The Village,"https://imsdb.com//scripts//Village,-The.html",right_only,The Village,,,,"https://imsdb.com//scripts//Village,-The.html",html
https://assets.scriptslug.com/live/pdf/scripts/the-virgin-suicides-1999.pdf?v=1729115043,The Virgin Suicides,,,left_only,The Virgin Suicides,,,,https://assets.scriptslug.com/live/pdf/scripts/the-virgin-suicides-1999.pdf?v=1729115043,pdf
,,The Visitor,"https://imsdb.com//scripts//Visitor,-The.html",right_only,The Visitor,,,,"https://imsdb.com//scripts//Visitor,-The.html",html
https://assets.scriptslug.com/live/pdf/scripts/the-warriors-1979.pdf?v=1729115043,The Warriors,,,left_only,The Warriors,,,,https://assets.scriptslug.com/live/pdf/scripts/the-warriors-1979.pdf?v=1729115043,pdf
https://assets.scriptslug.com/live/pdf/scripts/the-way-back-2020.pdf?v=1729115043,The Way Back,The Way Back,"https://imsdb.com//scripts//Way-Back,-The.html",both,The Way Back,,,,https://assets.scriptslug.com/live/pdf/scripts/the-way-back-2020.pdf?v=1729115043,pdf
https://assets.scriptslug.com/live/pdf/scripts/the-wedding-singer-1998.pdf?v=1729115043,The Wedding Singer,,,left_only,The Wedding Singer,,,,https://assets.scriptslug.com/live/pdf/scripts/the-wedding-singer-1998.pdf?v=1729115043,pdf
https://assets.scriptslug.com/live/pdf/scripts/the-whale-2022.pdf?v=1729115044,The Whale,,,left_only,The Whale,,,,https://assets.scriptslug.com/live/pdf/scripts/the-whale-2022.pdf?v=1729115044,pdf
,,The Whistleblower,"https://imsdb.com//scripts//Whistleblower,-The.html",right_only,The Whistleblower,,,,"https://imsdb.com//scripts//Whistleblower,-The.html",html
https://assets.scriptslug.com/live/pdf/scripts/the-white-ribbon-2009.pdf?v=1729115044,The White Ribbon,The White Ribbon,"https://imsdb.com//scripts//White-Ribbon,-The.html",both,The White Ribbon,,,,https://assets.scriptslug.com/live/pdf/scripts/the-white-ribbon-2009.pdf?v=1729115044,pdf
https://assets.scriptslug.com/live/pdf/scripts/the-white-tiger-2021.pdf?v=1729115044,The White Tiger,,,left_only,The White Tiger,,,,https://assets.scriptslug.com/live/pdf/scripts/the-white-tiger-2021.pdf?v=1729115044,pdf
https://assets.scriptslug.com/live/pdf/scripts/the-wicker-man-1973.pdf?v=1729115044,The Wicker Man,,,left_only,The Wicker Man,,,,https://assets.scriptslug.com/live/pdf/scripts/the-wicker-man-1973.pdf?v=1729115044,pdf
https://assets.scriptslug.com/live/pdf/scripts/the-wife-2018.pdf?v=1729115044,The Wife,,,left_only,The Wife,,,,https://assets.scriptslug.com/live/pdf/scripts/the-wife-2018.pdf?v=1729115044,pdf
https://assets.scriptslug.com/live/pdf/scripts/the-wild-bunch-1969.pdf?v=1729115044,The Wild Bunch,The Wild Bunch,"https://imsdb.com//scripts//Wild-Bunch,-The.html",both,The Wild Bunch,,,,https://assets.scriptslug.com/live/pdf/scripts/the-wild-bunch-1969.pdf?v=1729115044,pdf
https://assets.scriptslug.com/live/pdf/scripts/the-wild-robot-2024.pdf?v=1738546645,The Wild Robot,,,left_only,The Wild Robot,,,,https://assets.scriptslug.com/live/pdf/scripts/the-wild-robot-2024.pdf?v=1738546645,pdf
https://assets.scriptslug.com/live/pdf/scripts/the-witch-2016.pdf?v=1729115044,The Witch,,,left_only,The Witch,,,,https://assets.scriptslug.com/live/pdf/scripts/the-witch-2016.pdf?v=1729115044,pdf
https://assets.scriptslug.com/live/pdf/scripts/the-witches-1990.pdf?v=1729115044,The Witches,,,left_only,The Witches,,,,https://assets.scriptslug.com/live/pdf/scripts/the-witches-1990.pdf?v=1729115044,pdf
https://assets.scriptslug.com/live/pdf/scripts/the-wizard-of-oz-1939.pdf?v=1729115045,The Wizard Of Oz,The Wizard Of Oz,"https://imsdb.com//scripts//Wizard-of-Oz,-The.html",both,The Wizard Of Oz,,,,https://assets.scriptslug.com/live/pdf/scripts/the-wizard-of-oz-1939.pdf?v=1729115045,pdf
https://assets.scriptslug.com/live/pdf/scripts/the-wolf-of-wall-street-2013.pdf?v=1729115045,The Wolf Of Wall Street,The Wolf Of Wall Street,"https://imsdb.com//scripts//Wolf-of-Wall-Street,-The.html",both,The Wolf Of Wall Street,,,,https://assets.scriptslug.com/live/pdf/scripts/the-wolf-of-wall-street-2013.pdf?v=1729115045,pdf
https://assets.scriptslug.com/live/pdf/scripts/the-wolverine-2013.pdf?v=1729115045,The Wolverine,,,left_only,The Wolverine,,,,https://assets.scriptslug.com/live/pdf/scripts/the-wolverine-2013.pdf?v=1729115045,pdf
https://assets.scriptslug.com/live/pdf/scripts/the-woman-king-2022.pdf?v=1729115045,The Woman King,,,left_only,The Woman King,,,,https://assets.scriptslug.com/live/pdf/scripts/the-woman-king-2022.pdf?v=1729115045,pdf
,,The Woodsman,"https://imsdb.com//scripts//Woodsman,-The.html",right_only,The Woodsman,,,,"https://imsdb.com//scripts//Woodsman,-The.html",html
https://assets.scriptslug.com/live/pdf/scripts/the-world-is-not-enough-1999.pdf?v=1729115045,The World Is Not Enough,The World Is Not Enough,"https://imsdb.com//scripts//World-is-not-Enough,-The.html",both,The World Is Not Enough,,,,https://assets.scriptslug.com/live/pdf/scripts/the-world-is-not-enough-1999.pdf?v=1729115045,pdf
https://assets.scriptslug.com/live/pdf/scripts/the-worlds-end-2013.pdf?v=1729115045,The Worlds End,,,left_only,The Worlds End,,,,https://assets.scriptslug.com/live/pdf/scripts/the-worlds-end-2013.pdf?v=1729115045,pdf
,,The Wrestler,"https://imsdb.com//scripts//Wrestler,-The.html",right_only,The Wrestler,,,,"https://imsdb.com//scripts//Wrestler,-The.html",html
https://assets.scriptslug.com/live/pdf/scripts/the-x-files-1998.pdf?v=1729115045,The X Files,,,left_only,The X Files,,,,https://assets.scriptslug.com/live/pdf/scripts/the-x-files-1998.pdf?v=1729115045,pdf
,,The X Files Fight The Future,"https://imsdb.com//scripts//X-Files-Fight-the-Future,-The.html",right_only,The X Files Fight The Future,,,,"https://imsdb.com//scripts//X-Files-Fight-the-Future,-The.html",html
https://assets.scriptslug.com/live/pdf/scripts/the-zone-of-interest-2023.pdf?v=1729115047,The Zone Of Interest,The Zone Of Interest,"https://imsdb.com//scripts//Zone-of-Interest,-The.html",both,The Zone Of Interest,,,,https://assets.scriptslug.com/live/pdf/scripts/the-zone-of-interest-2023.pdf?v=1729115047,pdf
https://assets.scriptslug.com/live/pdf/scripts/thelma-and-louise-1991.pdf?v=1729115047,Thelma & Louise,Thelma & Louise,https://imsdb.com//scripts//Thelma-&-Louise.html,both,Thelma & Louise,Thelma & Louise,HTML len = 0 : no content scrapped,Thelma & Louise,https://assets.scriptslug.com/live/pdf/scripts/thelma-and-louise-1991.pdf?v=1729115047,pdf
https://assets.scriptslug.com/live/pdf/scripts/there-will-be-blood-2007.pdf?v=1729115047,There Will Be Blood,,,left_only,There Will Be Blood,,,,https://assets.scriptslug.com/live/pdf/scripts/there-will-be-blood-2007.pdf?v=1729115047,pdf
,,Theres Something About Mary,https://imsdb.com//scripts//There's-Something-About-Mary.html,right_only,Theres Something About Mary,,,,https://imsdb.com//scripts//There's-Something-About-Mary.html,html
,,They,https://imsdb.com//scripts//They.html,right_only,They,,,,https://imsdb.com//scripts//They.html,html
https://assets.scriptslug.com/live/pdf/scripts/they-live-1988.pdf?v=1729115048,They Live,,,left_only,They Live,,,,https://assets.scriptslug.com/live/pdf/scripts/they-live-1988.pdf?v=1729115048,pdf
https://assets.scriptslug.com/live/pdf/scripts/thir13en-ghosts-2001.pdf?v=1729115048,Thir13en Ghosts,,,left_only,Thir13en Ghosts,,,,https://assets.scriptslug.com/live/pdf/scripts/thir13en-ghosts-2001.pdf?v=1729115048,pdf
https://assets.scriptslug.com/live/pdf/scripts/thirteen-2003.pdf?v=1729115048,Thirteen,,,left_only,Thirteen,,,,https://assets.scriptslug.com/live/pdf/scripts/thirteen-2003.pdf?v=1729115048,pdf
,,Thirteen Days,https://imsdb.com//scripts//Thirteen-Days.html,right_only,Thirteen Days,,,,https://imsdb.com//scripts//Thirteen-Days.html,html
https://assets.scriptslug.com/live/pdf/scripts/thirteen-lives-2022.pdf?v=1729115048,Thirteen Lives,,,left_only,Thirteen Lives,,,,https://assets.scriptslug.com/live/pdf/scripts/thirteen-lives-2022.pdf?v=1729115048,pdf
https://assets.scriptslug.com/live/pdf/scripts/this-boys-life-1992.pdf?v=1729115048,This Boys Life,This Boys Life,https://imsdb.com//scripts//This-Boy's-Life.html,both,This Boys Life,,,,https://assets.scriptslug.com/live/pdf/scripts/this-boys-life-1992.pdf?v=1729115048,pdf
https://assets.scriptslug.com/live/pdf/scripts/this-is-40-2012.pdf?v=1729115048,This Is 40,This Is 40,https://imsdb.com//scripts//This-is-40.html,both,This Is 40,This is 40,HTML len = 0 : no content scrapped,This Is 40,https://assets.scriptslug.com/live/pdf/scripts/this-is-40-2012.pdf?v=1729115048,pdf
https://assets.scriptslug.com/live/pdf/scripts/thor-2011.pdf?v=1729115048,Thor,Thor,https://imsdb.com//scripts//Thor.html,both,Thor,,,,https://assets.scriptslug.com/live/pdf/scripts/thor-2011.pdf?v=1729115048,pdf
https://assets.scriptslug.com/live/pdf/scripts/thor-ragnorak-2017.pdf?v=1729115048,Thor Ragnarok,Thor Ragnarok,https://imsdb.com//scripts//Thor-Ragnarok.html,both,Thor Ragnarok,,,,https://assets.scriptslug.com/live/pdf/scripts/thor-ragnorak-2017.pdf?v=1729115048,pdf
https://assets.scriptslug.com/live/pdf/scripts/thoroughbreds-2018.pdf?v=1729115048,Thoroughbreds,,,left_only,Thoroughbreds,,,,https://assets.scriptslug.com/live/pdf/scripts/thoroughbreds-2018.pdf?v=1729115048,pdf
https://assets.scriptslug.com/live/pdf/scripts/those-who-walk-away-2022.pdf?v=1729115048,Those Who Walk Away,,,left_only,Those Who Walk Away,,,,https://assets.scriptslug.com/live/pdf/scripts/those-who-walk-away-2022.pdf?v=1729115048,pdf
https://assets.scriptslug.com/live/pdf/scripts/three-billboards-outside-ebbing-missouri-2017.pdf?v=1729115049,Three Billboards Outside Ebbing Missouri,,,left_only,Three Billboards Outside Ebbing Missouri,,,,https://assets.scriptslug.com/live/pdf/scripts/three-billboards-outside-ebbing-missouri-2017.pdf?v=1729115049,pdf
https://assets.scriptslug.com/live/pdf/scripts/three-days-of-condor-1975.pdf?v=1729115049,Three Days Of Condor,,,left_only,Three Days Of Condor,,,,https://assets.scriptslug.com/live/pdf/scripts/three-days-of-condor-1975.pdf?v=1729115049,pdf
https://assets.scriptslug.com/live/pdf/scripts/three-kings-1999.pdf?v=1729115049,Three Kings,Three Kings,https://imsdb.com//scripts//Three-Kings.html,both,Three Kings,,,,https://assets.scriptslug.com/live/pdf/scripts/three-kings-1999.pdf?v=1729115049,pdf
,,Three Kings (spoils Of War),https://imsdb.com//scripts//Three-Kings-(Spoils-of-War).html,right_only,Three Kings (spoils Of War),,,,https://imsdb.com//scripts//Three-Kings-(Spoils-of-War).html,html
,,Three Men And A Baby,https://imsdb.com//scripts//Three-Men-and-a-Baby.html,right_only,Three Men And A Baby,,,,https://imsdb.com//scripts//Three-Men-and-a-Baby.html,html
https://assets.scriptslug.com/live/pdf/scripts/three-thousand-years-of-longing-2022.pdf?v=1729115049,Three Thousand Years Of Longing,,,left_only,Three Thousand Years Of Longing,,,,https://assets.scriptslug.com/live/pdf/scripts/three-thousand-years-of-longing-2022.pdf?v=1729115049,pdf
https://assets.scriptslug.com/live/pdf/scripts/thunderball-1965.pdf?v=1729115049,Thunderball,,,left_only,Thunderball,,,,https://assets.scriptslug.com/live/pdf/scripts/thunderball-1965.pdf?v=1729115049,pdf
,,Thunderbirds,https://imsdb.com//scripts//Thunderbirds.html,right_only,Thunderbirds,,,,https://imsdb.com//scripts//Thunderbirds.html,html
,,Thunderheart,https://imsdb.com//scripts//Thunderheart.html,right_only,Thunderheart,,,,https://imsdb.com//scripts//Thunderheart.html,html
https://assets.scriptslug.com/live/pdf/scripts/thx-1138-1971.pdf?v=1729115049,Thx 1138,,,left_only,Thx 1138,,,,https://assets.scriptslug.com/live/pdf/scripts/thx-1138-1971.pdf?v=1729115049,pdf
https://assets.scriptslug.com/live/pdf/scripts/tick-tick-boom-2021.pdf?v=1729115049,Tick Tick Boom,,,left_only,Tick Tick Boom,,,,https://assets.scriptslug.com/live/pdf/scripts/tick-tick-boom-2021.pdf?v=1729115049,pdf
,,Ticker,https://imsdb.com//scripts//Ticker.html,right_only,Ticker,,,,https://imsdb.com//scripts//Ticker.html,html
https://assets.scriptslug.com/live/pdf/scripts/till-2022.pdf?v=1729115049,Till,,,left_only,Till,,,,https://assets.scriptslug.com/live/pdf/scripts/till-2022.pdf?v=1729115049,pdf
,,Timber Falls,https://imsdb.com//scripts//Timber-Falls.html,right_only,Timber Falls,,,,https://imsdb.com//scripts//Timber-Falls.html,html
,,Tin Cup,https://imsdb.com//scripts//Tin-Cup.html,right_only,Tin Cup,,,,https://imsdb.com//scripts//Tin-Cup.html,html
https://assets.scriptslug.com/live/pdf/scripts/tin-men-1987.pdf?v=1729115049,Tin Men,Tin Men,https://imsdb.com//scripts//Tin-Men.html,both,Tin Men,,,,https://assets.scriptslug.com/live/pdf/scripts/tin-men-1987.pdf?v=1729115049,pdf
https://assets.scriptslug.com/live/pdf/scripts/tinker-tailor-soldier-spy-2011.pdf?v=1729115049,Tinker Tailor Soldier Spy,Tinker Tailor Soldier Spy,https://imsdb.com//scripts//Tinker-Tailor-Soldier-Spy.html,both,Tinker Tailor Soldier Spy,,,,https://assets.scriptslug.com/live/pdf/scripts/tinker-tailor-soldier-spy-2011.pdf?v=1729115049,pdf
https://assets.scriptslug.com/live/pdf/scripts/titanic-1997.pdf?v=1729115050,Titanic,Titanic,https://imsdb.com//scripts//Titanic.html,both,Titanic,,,,https://assets.scriptslug.com/live/pdf/scripts/titanic-1997.pdf?v=1729115050,pdf
,,Tmnt,https://imsdb.com//scripts//TMNT.html,right_only,Tmnt,,,,https://imsdb.com//scripts//TMNT.html,html
https://assets.scriptslug.com/live/pdf/scripts/to-all-the-boys-ive-loved-before-2018.pdf?v=1729115050,To All The Boys Ive Loved Before,,,left_only,To All The Boys Ive Loved Before,,,,https://assets.scriptslug.com/live/pdf/scripts/to-all-the-boys-ive-loved-before-2018.pdf?v=1729115050,pdf
https://assets.scriptslug.com/live/pdf/scripts/to-catch-a-killer-2023.pdf?v=1729115050,To Catch A Killer,,,left_only,To Catch A Killer,,,,https://assets.scriptslug.com/live/pdf/scripts/to-catch-a-killer-2023.pdf?v=1729115050,pdf
https://assets.scriptslug.com/live/pdf/scripts/to-kill-a-mockingbird-1962.pdf?v=1729115050,To Kill A Mockingbird,,,left_only,To Kill A Mockingbird,,,,https://assets.scriptslug.com/live/pdf/scripts/to-kill-a-mockingbird-1962.pdf?v=1729115050,pdf
,,To Sleep With Anger,https://imsdb.com//scripts//To-Sleep-with-Anger.html,right_only,To Sleep With Anger,,,,https://imsdb.com//scripts//To-Sleep-with-Anger.html,html
https://assets.scriptslug.com/live/pdf/scripts/to-wong-foo-thanks-for-everything-julie-newmar-1995.pdf?v=1729115050,To Wong Foo Thanks For Everything Julie Newmar,,,left_only,To Wong Foo Thanks For Everything Julie Newmar,,,,https://assets.scriptslug.com/live/pdf/scripts/to-wong-foo-thanks-for-everything-julie-newmar-1995.pdf?v=1729115050,pdf
,,Tombstone,https://imsdb.com//scripts//Tombstone.html,right_only,Tombstone,,,,https://imsdb.com//scripts//Tombstone.html,html
https://assets.scriptslug.com/live/pdf/scripts/tomorrow-never-dies-1997.pdf?v=1729115050,Tomorrow Never Dies,Tomorrow Never Dies,https://imsdb.com//scripts//Tomorrow-Never-Dies.html,both,Tomorrow Never Dies,,,,https://assets.scriptslug.com/live/pdf/scripts/tomorrow-never-dies-1997.pdf?v=1729115050,pdf
https://assets.scriptslug.com/live/pdf/scripts/toni-erdmann-2016.pdf?v=1729115050,Toni Erdmann,,,left_only,Toni Erdmann,,,,https://assets.scriptslug.com/live/pdf/scripts/toni-erdmann-2016.pdf?v=1729115050,pdf
https://assets.scriptslug.com/live/pdf/scripts/tootsie-1982.pdf?v=1729115050,Tootsie,,,left_only,Tootsie,,,,https://assets.scriptslug.com/live/pdf/scripts/tootsie-1982.pdf?v=1729115050,pdf
https://assets.scriptslug.com/live/pdf/scripts/top-gun-1986.pdf?v=1729115050,Top Gun,Top Gun,https://imsdb.com//scripts//Top-Gun.html,both,Top Gun,,,,https://assets.scriptslug.com/live/pdf/scripts/top-gun-1986.pdf?v=1729115050,pdf
https://assets.scriptslug.com/live/pdf/scripts/top-gun-maverick-2022.pdf?v=1729115051,Top Gun Maverick,,,left_only,Top Gun Maverick,,,,https://assets.scriptslug.com/live/pdf/scripts/top-gun-maverick-2022.pdf?v=1729115051,pdf
https://assets.scriptslug.com/live/pdf/scripts/total-recall-1990.pdf?v=1729115051,Total Recall,Total Recall,https://imsdb.com//scripts//Total-Recall.html,both,Total Recall,,,,https://assets.scriptslug.com/live/pdf/scripts/total-recall-1990.pdf?v=1729115051,pdf
https://assets.scriptslug.com/live/pdf/scripts/totem-2017.pdf?v=1729115051,Totem,,,left_only,Totem,,,,https://assets.scriptslug.com/live/pdf/scripts/totem-2017.pdf?v=1729115051,pdf
https://assets.scriptslug.com/live/pdf/scripts/touch-of-evil-1958.pdf?v=1729115051,Touch Of Evil,,,left_only,Touch Of Evil,,,,https://assets.scriptslug.com/live/pdf/scripts/touch-of-evil-1958.pdf?v=1729115051,pdf
https://assets.scriptslug.com/live/pdf/scripts/tough-guys-1985.pdf?v=1729115051,Tough Guys,,,left_only,Tough Guys,,,,https://assets.scriptslug.com/live/pdf/scripts/tough-guys-1985.pdf?v=1729115051,pdf
https://assets.scriptslug.com/live/pdf/scripts/tower-block-2012.pdf?v=1729115051,Tower Block,,,left_only,Tower Block,,,,https://assets.scriptslug.com/live/pdf/scripts/tower-block-2012.pdf?v=1729115051,pdf
https://assets.scriptslug.com/live/pdf/scripts/tower-of-terror-1997.pdf?v=1729115051,Tower Of Terror,,,left_only,Tower Of Terror,,,,https://assets.scriptslug.com/live/pdf/scripts/tower-of-terror-1997.pdf?v=1729115051,pdf
https://assets.scriptslug.com/live/pdf/scripts/toy-story-1995.pdf?v=1729115051,Toy Story,Toy Story,https://imsdb.com//scripts//Toy-Story.html,both,Toy Story,,,,https://assets.scriptslug.com/live/pdf/scripts/toy-story-1995.pdf?v=1729115051,pdf
https://assets.scriptslug.com/live/pdf/scripts/toy-story-2-1999.pdf?v=1729115051,Toy Story 2,,,left_only,Toy Story 2,,,,https://assets.scriptslug.com/live/pdf/scripts/toy-story-2-1999.pdf?v=1729115051,pdf
https://assets.scriptslug.com/live/pdf/scripts/toy-story-3-2010.pdf?v=1729115051,Toy Story 3,,,left_only,Toy Story 3,,,,https://assets.scriptslug.com/live/pdf/scripts/toy-story-3-2010.pdf?v=1729115051,pdf
https://assets.scriptslug.com/live/pdf/scripts/toy-story-4-2019.pdf?v=1729115052,Toy Story 4,,,left_only,Toy Story 4,,,,https://assets.scriptslug.com/live/pdf/scripts/toy-story-4-2019.pdf?v=1729115052,pdf
,,Traffic,https://imsdb.com//scripts//Traffic.html,right_only,Traffic,,,,https://imsdb.com//scripts//Traffic.html,html
https://assets.scriptslug.com/live/pdf/scripts/training-day-2001.pdf?v=1729115052,Training Day,Training Day,https://imsdb.com//scripts//Training-Day.html,both,Training Day,,,,https://assets.scriptslug.com/live/pdf/scripts/training-day-2001.pdf?v=1729115052,pdf
,,Trainspotting,https://imsdb.com//scripts//Trainspotting.html,right_only,Trainspotting,,,,https://imsdb.com//scripts//Trainspotting.html,html
https://assets.scriptslug.com/live/pdf/scripts/trainwreck-2015.pdf?v=1729115052,Trainwreck,,,left_only,Trainwreck,,,,https://assets.scriptslug.com/live/pdf/scripts/trainwreck-2015.pdf?v=1729115052,pdf
https://assets.scriptslug.com/live/pdf/scripts/transcendence-2014.pdf?v=1729115052,Transcendence,,,left_only,Transcendence,,,,https://assets.scriptslug.com/live/pdf/scripts/transcendence-2014.pdf?v=1729115052,pdf
https://assets.scriptslug.com/live/pdf/scripts/transformers-2007.pdf?v=1729115052,Transformers,,,left_only,Transformers,,,,https://assets.scriptslug.com/live/pdf/scripts/transformers-2007.pdf?v=1729115052,pdf
,,Transformers The Movie,https://imsdb.com//scripts//Transformers-The-Movie.html,right_only,Transformers The Movie,,,,https://imsdb.com//scripts//Transformers-The-Movie.html,html
,,Trap Livin,https://imsdb.com//scripts//Trap-Livin'.html,right_only,Trap Livin,,,,https://imsdb.com//scripts//Trap-Livin'.html,html
https://assets.scriptslug.com/live/pdf/scripts/tremors-1990.pdf?v=1729115052,Tremors,Tremors,https://imsdb.com//scripts//Tremors.html,both,Tremors,,,,https://assets.scriptslug.com/live/pdf/scripts/tremors-1990.pdf?v=1729115052,pdf
https://assets.scriptslug.com/live/pdf/scripts/triangle-of-sadness-2022.pdf?v=1729115052,Triangle Of Sadness,,,left_only,Triangle Of Sadness,,,,https://assets.scriptslug.com/live/pdf/scripts/triangle-of-sadness-2022.pdf?v=1729115052,pdf
https://assets.scriptslug.com/live/pdf/scripts/trick-r-treat-2007.pdf?v=1729115052,Trick R Treat,,,left_only,Trick R Treat,,,,https://assets.scriptslug.com/live/pdf/scripts/trick-r-treat-2007.pdf?v=1729115052,pdf
,,Tristan And Isolde,https://imsdb.com//scripts//Tristan-and-Isolde.html,right_only,Tristan And Isolde,,,,https://imsdb.com//scripts//Tristan-and-Isolde.html,html
,,Tron,https://imsdb.com//scripts//TRON.html,right_only,Tron,,,,https://imsdb.com//scripts//TRON.html,html
https://assets.scriptslug.com/live/pdf/scripts/tron-legacy-2010.pdf?v=1729115052,Tron Legacy,Tron Legacy,https://imsdb.com//scripts//TRON-Legacy.html,both,Tron Legacy,,,,https://assets.scriptslug.com/live/pdf/scripts/tron-legacy-2010.pdf?v=1729115052,pdf
,,Tropic Thunder,https://imsdb.com//scripts//Tropic-Thunder.html,right_only,Tropic Thunder,,,,https://imsdb.com//scripts//Tropic-Thunder.html,html
https://assets.scriptslug.com/live/pdf/scripts/true-grit-2010.pdf?v=1729115053,True Grit,True Grit,https://imsdb.com//scripts//True-Grit.html,both,True Grit,,,,https://assets.scriptslug.com/live/pdf/scripts/true-grit-2010.pdf?v=1729115053,pdf
https://assets.scriptslug.com/live/pdf/scripts/true-lies-1994.pdf?v=1729115053,True Lies,True Lies,https://imsdb.com//scripts//True-Lies.html,both,True Lies,,,,https://assets.scriptslug.com/live/pdf/scripts/true-lies-1994.pdf?v=1729115053,pdf
https://assets.scriptslug.com/live/pdf/scripts/true-romance-1993.pdf?v=1729115053,True Romance,True Romance,https://imsdb.com//scripts//True-Romance.html,both,True Romance,,,,https://assets.scriptslug.com/live/pdf/scripts/true-romance-1993.pdf?v=1729115053,pdf
https://assets.scriptslug.com/live/pdf/scripts/trumbo-2015.pdf?v=1729115053,Trumbo,,,left_only,Trumbo,,,,https://assets.scriptslug.com/live/pdf/scripts/trumbo-2015.pdf?v=1729115053,pdf
https://assets.scriptslug.com/live/pdf/scripts/tucker-and-dale-vs-evil-2010.pdf?v=1729115053,Tucker And Dale Vs Evil,Tucker And Dale Vs Evil,https://imsdb.com//scripts//Tucker-and-Dale-vs-Evil.html,both,Tucker And Dale Vs Evil,,,,https://assets.scriptslug.com/live/pdf/scripts/tucker-and-dale-vs-evil-2010.pdf?v=1729115053,pdf
https://assets.scriptslug.com/live/pdf/scripts/tully-2018.pdf?v=1729115053,Tully,,,left_only,Tully,,,,https://assets.scriptslug.com/live/pdf/scripts/tully-2018.pdf?v=1729115053,pdf
https://assets.scriptslug.com/live/pdf/scripts/tusk-2014.pdf?v=1729115053,Tusk,,,left_only,Tusk,,,,https://assets.scriptslug.com/live/pdf/scripts/tusk-2014.pdf?v=1729115053,pdf
https://assets.scriptslug.com/live/pdf/scripts/twelve-monkeys-1995.pdf?v=1729115054,Twelve Monkeys,,,left_only,Twelve Monkeys,,,,https://assets.scriptslug.com/live/pdf/scripts/twelve-monkeys-1995.pdf?v=1729115054,pdf
https://assets.scriptslug.com/live/pdf/scripts/twilight-2008.pdf?v=1729115054,Twilight,Twilight,https://imsdb.com//scripts//Twilight.html,both,Twilight,,,,https://assets.scriptslug.com/live/pdf/scripts/twilight-2008.pdf?v=1729115054,pdf
,,Twilight New Moon,https://imsdb.com//scripts//Twilight-New-Moon.html,right_only,Twilight New Moon,,,,https://imsdb.com//scripts//Twilight-New-Moon.html,html
,,Twin Peaks,https://imsdb.com//scripts//Twin-Peaks.html,right_only,Twin Peaks,,,,https://imsdb.com//scripts//Twin-Peaks.html,html
https://assets.scriptslug.com/live/pdf/scripts/twin-peaks-fire-walk-with-me-1992.pdf?v=1729115054,Twin Peaks Fire Walk With Me,,,left_only,Twin Peaks Fire Walk With Me,,,,https://assets.scriptslug.com/live/pdf/scripts/twin-peaks-fire-walk-with-me-1992.pdf?v=1729115054,pdf
https://assets.scriptslug.com/live/pdf/scripts/twins-1988.pdf?v=1729115054,Twins,Twins,https://imsdb.com//scripts//Twins.html,both,Twins,,,,https://assets.scriptslug.com/live/pdf/scripts/twins-1988.pdf?v=1729115054,pdf
,,Twister,https://imsdb.com//scripts//Twister.html,right_only,Twister,,,,https://imsdb.com//scripts//Twister.html,html
,,Two For The Money,https://imsdb.com//scripts//Two-For-The-Money.html,right_only,Two For The Money,,,,https://imsdb.com//scripts//Two-For-The-Money.html,html
https://assets.scriptslug.com/live/pdf/scripts/tar-2022.pdf?v=1729115004,Tár,,,left_only,Tár,,,,https://assets.scriptslug.com/live/pdf/scripts/tar-2022.pdf?v=1729115004,pdf
,,U Turn,https://imsdb.com//scripts//U-Turn.html,right_only,U Turn,,,,https://imsdb.com//scripts//U-Turn.html,html
,,Un Singe En Hiver,https://imsdb.com//scripts//Un-Singe-en-Hiver.html,right_only,Un Singe En Hiver,,,,https://imsdb.com//scripts//Un-Singe-en-Hiver.html,html
https://assets.scriptslug.com/live/pdf/scripts/unbreakable-2000.pdf?v=1729115055,Unbreakable,Unbreakable,https://imsdb.com//scripts//Unbreakable.html,both,Unbreakable,,,,https://assets.scriptslug.com/live/pdf/scripts/unbreakable-2000.pdf?v=1729115055,pdf
https://assets.scriptslug.com/live/pdf/scripts/uncle-buck-1989.pdf?v=1729115055,Uncle Buck,,,left_only,Uncle Buck,,,,https://assets.scriptslug.com/live/pdf/scripts/uncle-buck-1989.pdf?v=1729115055,pdf
,,Under Fire,https://imsdb.com//scripts//Under-Fire.html,right_only,Under Fire,,,,https://imsdb.com//scripts//Under-Fire.html,html
https://assets.scriptslug.com/live/pdf/scripts/under-siege-1992.pdf?v=1729115055,Under Siege,,,left_only,Under Siege,,,,https://assets.scriptslug.com/live/pdf/scripts/under-siege-1992.pdf?v=1729115055,pdf
https://assets.scriptslug.com/live/pdf/scripts/under-the-silver-lake-2018.pdf?v=1729115055,Under The Silver Lake,,,left_only,Under The Silver Lake,,,,https://assets.scriptslug.com/live/pdf/scripts/under-the-silver-lake-2018.pdf?v=1729115055,pdf
https://assets.scriptslug.com/live/pdf/scripts/underwater-2020.pdf?v=1729115055,Underwater,,,left_only,Underwater,,,,https://assets.scriptslug.com/live/pdf/scripts/underwater-2020.pdf?v=1729115055,pdf
https://assets.scriptslug.com/live/pdf/scripts/underworld-2003.pdf?v=1729115055,Underworld,,,left_only,Underworld,,,,https://assets.scriptslug.com/live/pdf/scripts/underworld-2003.pdf?v=1729115055,pdf
https://assets.scriptslug.com/live/pdf/scripts/unforgiven-1992.pdf?v=1729115055,Unforgiven,Unforgiven,https://imsdb.com//scripts//Unforgiven.html,both,Unforgiven,Unforgiven,"Webstatus : 404
",Unforgiven,https://assets.scriptslug.com/live/pdf/scripts/unforgiven-1992.pdf?v=1729115055,pdf
,,Unknown,https://imsdb.com//scripts//Unknown.html,right_only,Unknown,,,,https://imsdb.com//scripts//Unknown.html,html
https://assets.scriptslug.com/live/pdf/scripts/up-2009.pdf?v=1729115055,Up,Up,https://imsdb.com//scripts//Up.html,both,Up,,,,https://assets.scriptslug.com/live/pdf/scripts/up-2009.pdf?v=1729115055,pdf
https://assets.scriptslug.com/live/pdf/scripts/up-in-the-air-2009.pdf?v=1729115056,Up In The Air,Up In The Air,https://imsdb.com//scripts//Up-in-the-Air.html,both,Up In The Air,,,,https://assets.scriptslug.com/live/pdf/scripts/up-in-the-air-2009.pdf?v=1729115056,pdf
https://assets.scriptslug.com/live/pdf/scripts/upgrade-2018.pdf?v=1729115056,Upgrade,,,left_only,Upgrade,,,,https://assets.scriptslug.com/live/pdf/scripts/upgrade-2018.pdf?v=1729115056,pdf
https://assets.scriptslug.com/live/pdf/scripts/upstream-color-2013.pdf?v=1729115056,Upstream Color,,,left_only,Upstream Color,,,,https://assets.scriptslug.com/live/pdf/scripts/upstream-color-2013.pdf?v=1729115056,pdf
https://assets.scriptslug.com/live/pdf/scripts/us-2019.pdf?v=1729115056,Us,,,left_only,Us,,,,https://assets.scriptslug.com/live/pdf/scripts/us-2019.pdf?v=1729115056,pdf
https://assets.scriptslug.com/live/pdf/scripts/v-for-vendetta-2006.pdf?v=1729115056,V For Vendetta,V For Vendetta,https://imsdb.com//scripts//V-for-Vendetta.html,both,V For Vendetta,,,,https://assets.scriptslug.com/live/pdf/scripts/v-for-vendetta-2006.pdf?v=1729115056,pdf
https://assets.scriptslug.com/live/pdf/scripts/vacancy-2007.pdf?v=1729115056,Vacancy,,,left_only,Vacancy,,,,https://assets.scriptslug.com/live/pdf/scripts/vacancy-2007.pdf?v=1729115056,pdf
https://assets.scriptslug.com/live/pdf/scripts/vacation-2015.pdf?v=1729115056,Vacation,,,left_only,Vacation,,,,https://assets.scriptslug.com/live/pdf/scripts/vacation-2015.pdf?v=1729115056,pdf
,,Valkyrie,https://imsdb.com//scripts//Valkyrie.html,right_only,Valkyrie,,,,https://imsdb.com//scripts//Valkyrie.html,html
https://assets.scriptslug.com/live/pdf/scripts/van-helsing-2004.pdf?v=1729115056,Van Helsing,,,left_only,Van Helsing,,,,https://assets.scriptslug.com/live/pdf/scripts/van-helsing-2004.pdf?v=1729115056,pdf
https://assets.scriptslug.com/live/pdf/scripts/vanilla-sky-2001.pdf?v=1729115056,Vanilla Sky,Vanilla Sky,https://imsdb.com//scripts//Vanilla-Sky.html,both,Vanilla Sky,,,,https://assets.scriptslug.com/live/pdf/scripts/vanilla-sky-2001.pdf?v=1729115056,pdf
https://assets.scriptslug.com/live/pdf/scripts/velvet-buzzsaw-2019.pdf?v=1729115057,Velvet Buzzsaw,,,left_only,Velvet Buzzsaw,,,,https://assets.scriptslug.com/live/pdf/scripts/velvet-buzzsaw-2019.pdf?v=1729115057,pdf
https://assets.scriptslug.com/live/pdf/scripts/vengeance-2022.pdf?v=1729115057,Vengeance,,,left_only,Vengeance,,,,https://assets.scriptslug.com/live/pdf/scripts/vengeance-2022.pdf?v=1729115057,pdf
https://assets.scriptslug.com/live/pdf/scripts/vertigo-1985.pdf?v=1729115057,Vertigo,Vertigo,https://imsdb.com//scripts//Vertigo.html,both,Vertigo,Vertigo,HTML len = 0 : no content scrapped,Vertigo,https://assets.scriptslug.com/live/pdf/scripts/vertigo-1985.pdf?v=1729115057,pdf
,,Very Bad Things,https://imsdb.com//scripts//Very-Bad-Things.html,right_only,Very Bad Things,,,,https://imsdb.com//scripts//Very-Bad-Things.html,html
https://assets.scriptslug.com/live/pdf/scripts/vice-2018.pdf?v=1729115057,Vice,,,left_only,Vice,,,,https://assets.scriptslug.com/live/pdf/scripts/vice-2018.pdf?v=1729115057,pdf
https://assets.scriptslug.com/live/pdf/scripts/victor-frankenstein-2015.pdf?v=1729115057,Victor Frankenstein,,,left_only,Victor Frankenstein,,,,https://assets.scriptslug.com/live/pdf/scripts/victor-frankenstein-2015.pdf?v=1729115057,pdf
https://assets.scriptslug.com/live/pdf/scripts/victoria-and-abdul-2017.pdf?v=1729115057,Victoria & Abdul,,,left_only,Victoria & Abdul,,,,https://assets.scriptslug.com/live/pdf/scripts/victoria-and-abdul-2017.pdf?v=1729115057,pdf
,,Virtuosity,https://imsdb.com//scripts//Virtuosity.html,right_only,Virtuosity,,,,https://imsdb.com//scripts//Virtuosity.html,html
https://assets.scriptslug.com/live/pdf/scripts/vox-lux-2018.pdf?v=1729115057,Vox Lux,,,left_only,Vox Lux,,,,https://assets.scriptslug.com/live/pdf/scripts/vox-lux-2018.pdf?v=1729115057,pdf
https://assets.scriptslug.com/live/pdf/scripts/wadjda-2012.pdf?v=1729115057,Wadjda,,,left_only,Wadjda,,,,https://assets.scriptslug.com/live/pdf/scripts/wadjda-2012.pdf?v=1729115057,pdf
,,Wag The Dog,https://imsdb.com//scripts//Wag-the-Dog.html,right_only,Wag The Dog,,,,https://imsdb.com//scripts//Wag-the-Dog.html,html
https://assets.scriptslug.com/live/pdf/scripts/walk-hard-the-dewey-cox-story-2007.pdf?v=1729115058,Walk Hard The Dewey Cox Story,,,left_only,Walk Hard The Dewey Cox Story,,,,https://assets.scriptslug.com/live/pdf/scripts/walk-hard-the-dewey-cox-story-2007.pdf?v=1729115058,pdf
,,Walk To Remember A,"https://imsdb.com//scripts//Walk-to-Remember,-A.html",right_only,Walk To Remember A,,,,"https://imsdb.com//scripts//Walk-to-Remember,-A.html",html
,,Walking Tall,https://imsdb.com//scripts//Walking-Tall.html,right_only,Walking Tall,,,,https://imsdb.com//scripts//Walking-Tall.html,html
https://assets.scriptslug.com/live/pdf/scripts/wall-e-2008.pdf?v=1729115058,Wall E,Wall E,https://imsdb.com//scripts//Wall-E.html,both,Wall E,,,,https://assets.scriptslug.com/live/pdf/scripts/wall-e-2008.pdf?v=1729115058,pdf
https://assets.scriptslug.com/live/pdf/scripts/wall-street-1987.pdf?v=1729115058,Wall Street,Wall Street,https://imsdb.com//scripts//Wall-Street.html,both,Wall Street,,,,https://assets.scriptslug.com/live/pdf/scripts/wall-street-1987.pdf?v=1729115058,pdf
,,Wall Street Money Never Sleeps,https://imsdb.com//scripts//Wall-Street-Money-Never-Sleeps.html,right_only,Wall Street Money Never Sleeps,,,,https://imsdb.com//scripts//Wall-Street-Money-Never-Sleeps.html,html
https://assets.scriptslug.com/live/pdf/scripts/wanted-2008.pdf?v=1729115058,Wanted,Wanted,https://imsdb.com//scripts//Wanted.html,both,Wanted,,,,https://assets.scriptslug.com/live/pdf/scripts/wanted-2008.pdf?v=1729115058,pdf
https://assets.scriptslug.com/live/pdf/scripts/war-for-the-planets-of-the-apes-2017.pdf?v=1729115058,War For The Planet Of The Apes,War For The Planet Of The Apes,https://imsdb.com//scripts//War-for-the-Planet-of-the-Apes.html,both,War For The Planet Of The Apes,,,,https://assets.scriptslug.com/live/pdf/scripts/war-for-the-planets-of-the-apes-2017.pdf?v=1729115058,pdf
,,War Horse,https://imsdb.com//scripts//War-Horse.html,right_only,War Horse,,,,https://imsdb.com//scripts//War-Horse.html,html
https://assets.scriptslug.com/live/pdf/scripts/war-of-the-roses-1989.pdf?v=1729115058,War Of The Roses,,,left_only,War Of The Roses,,,,https://assets.scriptslug.com/live/pdf/scripts/war-of-the-roses-1989.pdf?v=1729115058,pdf
https://assets.scriptslug.com/live/pdf/scripts/war-of-the-worlds-2005.pdf?v=1729115058,War Of The Worlds,War Of The Worlds,https://imsdb.com//scripts//War-of-the-Worlds.html,both,War Of The Worlds,,,,https://assets.scriptslug.com/live/pdf/scripts/war-of-the-worlds-2005.pdf?v=1729115058,pdf
,,Warm Springs,https://imsdb.com//scripts//Warm-Springs.html,right_only,Warm Springs,,,,https://imsdb.com//scripts//Warm-Springs.html,html
https://assets.scriptslug.com/live/pdf/scripts/warrior-2011.pdf?v=1729115059,Warrior,Warrior,https://imsdb.com//scripts//Warrior.html,both,Warrior,,,,https://assets.scriptslug.com/live/pdf/scripts/warrior-2011.pdf?v=1729115059,pdf
https://assets.scriptslug.com/live/pdf/scripts/watchmen-2009.pdf?v=1729115059,Watchmen,Watchmen,https://imsdb.com//scripts//Watchmen.html,both,Watchmen,,,,https://assets.scriptslug.com/live/pdf/scripts/watchmen-2009.pdf?v=1729115059,pdf
,,Water For Elephants,https://imsdb.com//scripts//Water-for-Elephants.html,right_only,Water For Elephants,,,,https://imsdb.com//scripts//Water-for-Elephants.html,html
https://assets.scriptslug.com/live/pdf/scripts/waves-2019.pdf?v=1729115059,Waves,,,left_only,Waves,,,,https://assets.scriptslug.com/live/pdf/scripts/waves-2019.pdf?v=1729115059,pdf
https://assets.scriptslug.com/live/pdf/scripts/we-need-to-talk-about-kevin-2011.pdf?v=1729115059,We Need To Talk About Kevin,,,left_only,We Need To Talk About Kevin,,,,https://assets.scriptslug.com/live/pdf/scripts/we-need-to-talk-about-kevin-2011.pdf?v=1729115059,pdf
,,We Own The Night,https://imsdb.com//scripts//We-Own-the-Night.html,right_only,We Own The Night,,,,https://imsdb.com//scripts//We-Own-the-Night.html,html
https://assets.scriptslug.com/live/pdf/scripts/wedding-crashers-2005.pdf?v=1729115059,Wedding Crashers,,,left_only,Wedding Crashers,,,,https://assets.scriptslug.com/live/pdf/scripts/wedding-crashers-2005.pdf?v=1729115059,pdf
https://assets.scriptslug.com/live/pdf/scripts/weird-science-1985.pdf?v=1729115059,Weird Science,,,left_only,Weird Science,,,,https://assets.scriptslug.com/live/pdf/scripts/weird-science-1985.pdf?v=1729115059,pdf
https://assets.scriptslug.com/live/pdf/scripts/weird-the-al-yankovic-story-2022.pdf?v=1729115060,Weird The Al Yankovic Story,,,left_only,Weird The Al Yankovic Story,,,,https://assets.scriptslug.com/live/pdf/scripts/weird-the-al-yankovic-story-2022.pdf?v=1729115060,pdf
https://assets.scriptslug.com/live/pdf/scripts/were-no-angels-1989.pdf?v=1729115060,Were No Angels,,,left_only,Were No Angels,,,,https://assets.scriptslug.com/live/pdf/scripts/were-no-angels-1989.pdf?v=1729115060,pdf
https://assets.scriptslug.com/live/pdf/scripts/new-nightmare-1994.pdf?v=1729114961,Wes Cravens New Nightmare,,,left_only,Wes Cravens New Nightmare,,,,https://assets.scriptslug.com/live/pdf/scripts/new-nightmare-1994.pdf?v=1729114961,pdf
https://assets.scriptslug.com/live/pdf/scripts/west-side-story-2021.pdf?v=1729115060,West Side Story,,,left_only,West Side Story,,,,https://assets.scriptslug.com/live/pdf/scripts/west-side-story-2021.pdf?v=1729115060,pdf
https://assets.scriptslug.com/live/pdf/scripts/westworld-1973.pdf?v=1729115060,Westworld,,,left_only,Westworld,,,,https://assets.scriptslug.com/live/pdf/scripts/westworld-1973.pdf?v=1729115060,pdf
https://assets.scriptslug.com/live/pdf/scripts/what-dreams-may-come-1998.pdf?v=1729115060,What Dreams May Come,,,left_only,What Dreams May Come,,,,https://assets.scriptslug.com/live/pdf/scripts/what-dreams-may-come-1998.pdf?v=1729115060,pdf
https://assets.scriptslug.com/live/pdf/scripts/what-lies-beneath-2000.pdf?v=1729115060,What Lies Beneath,What Lies Beneath,https://imsdb.com//scripts//What-Lies-Beneath.html,both,What Lies Beneath,,,,https://assets.scriptslug.com/live/pdf/scripts/what-lies-beneath-2000.pdf?v=1729115060,pdf
https://assets.scriptslug.com/live/pdf/scripts/what-they-had-2018.pdf?v=1729115060,What They Had,,,left_only,What They Had,,,,https://assets.scriptslug.com/live/pdf/scripts/what-they-had-2018.pdf?v=1729115060,pdf
,,When A Stranger Calls,https://imsdb.com//scripts//When-a-Stranger-Calls.html,right_only,When A Stranger Calls,,,,https://imsdb.com//scripts//When-a-Stranger-Calls.html,html
https://assets.scriptslug.com/live/pdf/scripts/when-harry-met-sally-1989.pdf?v=1729115061,When Harry Met Sally,When Harry Met Sally,https://imsdb.com//scripts//When-Harry-Met-Sally.html,both,When Harry Met Sally,When Harry Met Sally,HTML len = 0 : no content scrapped,When Harry Met Sally,https://assets.scriptslug.com/live/pdf/scripts/when-harry-met-sally-1989.pdf?v=1729115061,pdf
https://assets.scriptslug.com/live/pdf/scripts/where-the-day-takes-you-1992.pdf?v=1729115061,Where The Day Takes You,,,left_only,Where The Day Takes You,,,,https://assets.scriptslug.com/live/pdf/scripts/where-the-day-takes-you-1992.pdf?v=1729115061,pdf
https://assets.scriptslug.com/live/pdf/scripts/where-the-wild-things-are-2009.pdf?v=1729115061,Where The Wild Things Are,,,left_only,Where The Wild Things Are,,,,https://assets.scriptslug.com/live/pdf/scripts/where-the-wild-things-are-2009.pdf?v=1729115061,pdf
https://assets.scriptslug.com/live/pdf/scripts/which-way-is-up-1977.pdf?v=1729115061,Which Way Is Up,,,left_only,Which Way Is Up,,,,https://assets.scriptslug.com/live/pdf/scripts/which-way-is-up-1977.pdf?v=1729115061,pdf
,,While She Was Out,https://imsdb.com//scripts//While-She-Was-Out.html,right_only,While She Was Out,,,,https://imsdb.com//scripts//While-She-Was-Out.html,html
https://assets.scriptslug.com/live/pdf/scripts/while-you-were-sleeping-1995.pdf?v=1729115061,While You Were Sleeping,,,left_only,While You Were Sleeping,,,,https://assets.scriptslug.com/live/pdf/scripts/while-you-were-sleeping-1995.pdf?v=1729115061,pdf
https://assets.scriptslug.com/live/pdf/scripts/whiplash-2014.pdf?v=1729115061,Whiplash,Whiplash,https://imsdb.com//scripts//Whiplash.html,both,Whiplash,,,,https://assets.scriptslug.com/live/pdf/scripts/whiplash-2014.pdf?v=1729115061,pdf
,,White Christmas,https://imsdb.com//scripts//White-Christmas.html,right_only,White Christmas,,,,https://imsdb.com//scripts//White-Christmas.html,html
,,White Jazz,https://imsdb.com//scripts//White-Jazz.html,right_only,White Jazz,,,,https://imsdb.com//scripts//White-Jazz.html,html
https://assets.scriptslug.com/live/pdf/scripts/white-noise-2022.pdf?v=1729115061,White Noise,,,left_only,White Noise,,,,https://assets.scriptslug.com/live/pdf/scripts/white-noise-2022.pdf?v=1729115061,pdf
,,White Squall,https://imsdb.com//scripts//White-Squall.html,right_only,White Squall,,,,https://imsdb.com//scripts//White-Squall.html,html
,,Whiteout,https://imsdb.com//scripts//Whiteout.html,right_only,Whiteout,,,,https://imsdb.com//scripts//Whiteout.html,html
https://assets.scriptslug.com/live/pdf/scripts/whitney-houston-i-wanna-dance-with-somebody-2022.pdf?v=1729115061,Whitney Houston I Wanna Dance With Somebody,,,left_only,Whitney Houston I Wanna Dance With Somebody,,,,https://assets.scriptslug.com/live/pdf/scripts/whitney-houston-i-wanna-dance-with-somebody-2022.pdf?v=1729115061,pdf
https://assets.scriptslug.com/live/pdf/scripts/who-framed-roger-rabbit-1988.pdf?v=1729115061,Who Framed Roger Rabbit,Who Framed Roger Rabbit,https://imsdb.com//scripts//Who-Framed-Roger-Rabbit?.html,both,Who Framed Roger Rabbit,Who Framed Roger Rabbit?,"Webstatus : 404
",Who Framed Roger Rabbit,https://assets.scriptslug.com/live/pdf/scripts/who-framed-roger-rabbit-1988.pdf?v=1729115061,pdf
,,Whos Your Daddy,https://imsdb.com//scripts//Who's-Your-Daddy.html,right_only,Whos Your Daddy,,,,https://imsdb.com//scripts//Who's-Your-Daddy.html,html
https://assets.scriptslug.com/live/pdf/scripts/wicked-2024.pdf?v=1738546490,Wicked,Wicked,https://imsdb.com//scripts//Wicked.html,both,Wicked,,,,https://assets.scriptslug.com/live/pdf/scripts/wicked-2024.pdf?v=1738546490,pdf
https://assets.scriptslug.com/live/pdf/scripts/wild-2014.pdf?v=1729115062,Wild,,,left_only,Wild,,,,https://assets.scriptslug.com/live/pdf/scripts/wild-2014.pdf?v=1729115062,pdf
https://assets.scriptslug.com/live/pdf/scripts/wild-at-heart-1990.pdf?v=1729115062,Wild At Heart,Wild At Heart,https://imsdb.com//scripts//Wild-At-Heart.html,both,Wild At Heart,,,,https://assets.scriptslug.com/live/pdf/scripts/wild-at-heart-1990.pdf?v=1729115062,pdf
,,Wild Hogs,https://imsdb.com//scripts//Wild-Hogs.html,right_only,Wild Hogs,,,,https://imsdb.com//scripts//Wild-Hogs.html,html
,,Wild Things,https://imsdb.com//scripts//Wild-Things.html,right_only,Wild Things,,,,https://imsdb.com//scripts//Wild-Things.html,html
,,Wild Things Diamonds In The Rough,https://imsdb.com//scripts//Wild-Things-Diamonds-in-the-Rough.html,right_only,Wild Things Diamonds In The Rough,,,,https://imsdb.com//scripts//Wild-Things-Diamonds-in-the-Rough.html,html
,,Wild Wild West,https://imsdb.com//scripts//Wild-Wild-West.html,right_only,Wild Wild West,,,,https://imsdb.com//scripts//Wild-Wild-West.html,html
https://assets.scriptslug.com/live/pdf/scripts/wildlife-2018.pdf?v=1729115062,Wildlife,,,left_only,Wildlife,,,,https://assets.scriptslug.com/live/pdf/scripts/wildlife-2018.pdf?v=1729115062,pdf
,,Willow,https://imsdb.com//scripts//Willow.html,right_only,Willow,,,,https://imsdb.com//scripts//Willow.html,html
https://assets.scriptslug.com/live/pdf/scripts/willy-wonka-and-the-chocolate-factory-1971.pdf?v=1729115062,Willy Wonka & The Chocolate Factory,,,left_only,Willy Wonka & The Chocolate Factory,,,,https://assets.scriptslug.com/live/pdf/scripts/willy-wonka-and-the-chocolate-factory-1971.pdf?v=1729115062,pdf
,,Win Win,https://imsdb.com//scripts//Win-Win.html,right_only,Win Win,,,,https://imsdb.com//scripts//Win-Win.html,html
,,Wind Chill,https://imsdb.com//scripts//Wind-Chill.html,right_only,Wind Chill,,,,https://imsdb.com//scripts//Wind-Chill.html,html
https://assets.scriptslug.com/live/pdf/scripts/wind-river-2017.pdf?v=1729115062,Wind River,,,left_only,Wind River,,,,https://assets.scriptslug.com/live/pdf/scripts/wind-river-2017.pdf?v=1729115062,pdf
https://assets.scriptslug.com/live/pdf/scripts/winters-tale-2013.pdf?v=1729115062,Winters Tale,,,left_only,Winters Tale,,,,https://assets.scriptslug.com/live/pdf/scripts/winters-tale-2013.pdf?v=1729115062,pdf
https://assets.scriptslug.com/live/pdf/scripts/wise-guys-1986.pdf?v=1729115062,Wise Guys,,,left_only,Wise Guys,,,,https://assets.scriptslug.com/live/pdf/scripts/wise-guys-1986.pdf?v=1729115062,pdf
,,Withnail And I,https://imsdb.com//scripts//Withnail-and-I.html,right_only,Withnail And I,,,,https://imsdb.com//scripts//Withnail-and-I.html,html
https://assets.scriptslug.com/live/pdf/scripts/witness-1985.pdf?v=1729115063,Witness,Witness,https://imsdb.com//scripts//Witness.html,both,Witness,,,,https://assets.scriptslug.com/live/pdf/scripts/witness-1985.pdf?v=1729115063,pdf
https://assets.scriptslug.com/live/pdf/scripts/woman-in-gold-2015.pdf?v=1729115063,Woman In Gold,,,left_only,Woman In Gold,,,,https://assets.scriptslug.com/live/pdf/scripts/woman-in-gold-2015.pdf?v=1729115063,pdf
https://assets.scriptslug.com/live/pdf/scripts/women-talking-2022.pdf?v=1729115063,Women Talking,,,left_only,Women Talking,,,,https://assets.scriptslug.com/live/pdf/scripts/women-talking-2022.pdf?v=1729115063,pdf
https://assets.scriptslug.com/live/pdf/scripts/wonder-boys-2000.pdf?v=1729115063,Wonder Boys,Wonder Boys,https://imsdb.com//scripts//Wonder-Boys.html,both,Wonder Boys,,,,https://assets.scriptslug.com/live/pdf/scripts/wonder-boys-2000.pdf?v=1729115063,pdf
https://assets.scriptslug.com/live/pdf/scripts/wonder-woman-2017.pdf?v=1729115063,Wonder Woman,Wonder Woman,https://imsdb.com//scripts//Wonder-Woman.html,both,Wonder Woman,,,,https://assets.scriptslug.com/live/pdf/scripts/wonder-woman-2017.pdf?v=1729115063,pdf
https://assets.scriptslug.com/live/pdf/scripts/wonka-2023.pdf?v=1729115063,Wonka,Wonka,https://imsdb.com//scripts//Wonka.html,both,Wonka,,,,https://assets.scriptslug.com/live/pdf/scripts/wonka-2023.pdf?v=1729115063,pdf
https://assets.scriptslug.com/live/pdf/scripts/work-it-2020.pdf?v=1729115063,Work It,,,left_only,Work It,,,,https://assets.scriptslug.com/live/pdf/scripts/work-it-2020.pdf?v=1729115063,pdf
https://assets.scriptslug.com/live/pdf/scripts/working-girl-1988.pdf?v=1729115063,Working Girl,,,left_only,Working Girl,,,,https://assets.scriptslug.com/live/pdf/scripts/working-girl-1988.pdf?v=1729115063,pdf
https://assets.scriptslug.com/live/pdf/scripts/wrongfully-accused-1998.pdf?v=1729115063,Wrongfully Accused,,,left_only,Wrongfully Accused,,,,https://assets.scriptslug.com/live/pdf/scripts/wrongfully-accused-1998.pdf?v=1729115063,pdf
https://assets.scriptslug.com/live/pdf/scripts/x-men-2000.pdf?v=1729115064,X Men,X Men,https://imsdb.com//scripts//X-Men.html,both,X Men,,,,https://assets.scriptslug.com/live/pdf/scripts/x-men-2000.pdf?v=1729115064,pdf
https://assets.scriptslug.com/live/pdf/scripts/x-men-days-of-future-past-2014.pdf?v=1729115064,X Men Days Of Future Past,,,left_only,X Men Days Of Future Past,,,,https://assets.scriptslug.com/live/pdf/scripts/x-men-days-of-future-past-2014.pdf?v=1729115064,pdf
,,X Men Origins Wolverine,https://imsdb.com//scripts//X-Men-Origins-Wolverine.html,right_only,X Men Origins Wolverine,,,,https://imsdb.com//scripts//X-Men-Origins-Wolverine.html,html
https://assets.scriptslug.com/live/pdf/scripts/x2-x-men-united-2003.pdf?v=1729115064,X2 X Men United,,,left_only,X2 X Men United,,,,https://assets.scriptslug.com/live/pdf/scripts/x2-x-men-united-2003.pdf?v=1729115064,pdf
https://assets.scriptslug.com/live/pdf/scripts/xxx-2002.pdf?v=1729115064,Xxx,Xxx,https://imsdb.com//scripts//xXx.html,both,Xxx,,,,https://assets.scriptslug.com/live/pdf/scripts/xxx-2002.pdf?v=1729115064,pdf
,,Year One,https://imsdb.com//scripts//Year-One.html,right_only,Year One,,,,https://imsdb.com//scripts//Year-One.html,html
,,Yes Man,https://imsdb.com//scripts//Yes-Man.html,right_only,Yes Man,,,,https://imsdb.com//scripts//Yes-Man.html,html
,,You Can Count On Me,https://imsdb.com//scripts//You-Can-Count-On-Me.html,right_only,You Can Count On Me,,,,https://imsdb.com//scripts//You-Can-Count-On-Me.html,html
https://assets.scriptslug.com/live/pdf/scripts/you-were-never-really-here-2017.pdf?v=1729115065,You Were Never Really Here,,,left_only,You Were Never Really Here,,,,https://assets.scriptslug.com/live/pdf/scripts/you-were-never-really-here-2017.pdf?v=1729115065,pdf
https://assets.scriptslug.com/live/pdf/scripts/young-adult-2011.pdf?v=1729115065,Young Adult,,,left_only,Young Adult,,,,https://assets.scriptslug.com/live/pdf/scripts/young-adult-2011.pdf?v=1729115065,pdf
https://assets.scriptslug.com/live/pdf/scripts/young-frankenstein-1974.pdf?v=1729115065,Young Frankenstein,,,left_only,Young Frankenstein,,,,https://assets.scriptslug.com/live/pdf/scripts/young-frankenstein-1974.pdf?v=1729115065,pdf
https://assets.scriptslug.com/live/pdf/scripts/young-guns-1988.pdf?v=1729115065,Young Guns,,,left_only,Young Guns,,,,https://assets.scriptslug.com/live/pdf/scripts/young-guns-1988.pdf?v=1729115065,pdf
https://assets.scriptslug.com/live/pdf/scripts/youre-next-2011.pdf?v=1729115065,Youre Next,,,left_only,Youre Next,,,,https://assets.scriptslug.com/live/pdf/scripts/youre-next-2011.pdf?v=1729115065,pdf
https://assets.scriptslug.com/live/pdf/scripts/youth-in-revolt-2009.pdf?v=1729115065,Youth In Revolt,Youth In Revolt,https://imsdb.com//scripts//Youth-in-Revolt.html,both,Youth In Revolt,,,,https://assets.scriptslug.com/live/pdf/scripts/youth-in-revolt-2009.pdf?v=1729115065,pdf
,,Youve Got Mail,https://imsdb.com//scripts//You've-Got-Mail.html,right_only,Youve Got Mail,,,,https://imsdb.com//scripts//You've-Got-Mail.html,html
https://assets.scriptslug.com/live/pdf/scripts/zathura-2005.pdf?v=1729115066,Zathura A Space Adventure,,,left_only,Zathura A Space Adventure,,,,https://assets.scriptslug.com/live/pdf/scripts/zathura-2005.pdf?v=1729115066,pdf
https://assets.scriptslug.com/live/pdf/scripts/zebra-girl-2021.pdf?v=1729115066,Zebra Girl,Zebra Girl,https://imsdb.com//scripts//Zebra-Girl.html,both,Zebra Girl,,,,https://assets.scriptslug.com/live/pdf/scripts/zebra-girl-2021.pdf?v=1729115066,pdf
https://assets.scriptslug.com/live/pdf/scripts/zero-dark-thirty-2012.pdf?v=1729115066,Zero Dark Thirty,Zero Dark Thirty,https://imsdb.com//scripts//Zero-Dark-Thirty.html,both,Zero Dark Thirty,,,,https://assets.scriptslug.com/live/pdf/scripts/zero-dark-thirty-2012.pdf?v=1729115066,pdf
,,Zerophilia,https://imsdb.com//scripts//Zerophilia.html,right_only,Zerophilia,,,,https://imsdb.com//scripts//Zerophilia.html,html
https://assets.scriptslug.com/live/pdf/scripts/zodiac-2007.pdf?v=1729115066,Zodiac,,,left_only,Zodiac,,,,https://assets.scriptslug.com/live/pdf/scripts/zodiac-2007.pdf?v=1729115066,pdf
https://assets.scriptslug.com/live/pdf/scripts/zombieland-2009.pdf?v=1729115066,Zombieland,,,left_only,Zombieland,,,,https://assets.scriptslug.com/live/pdf/scripts/zombieland-2009.pdf?v=1729115066,pdf
https://assets.scriptslug.com/live/pdf/scripts/zombieland-double-tap-2019.pdf?v=1729115066,Zombieland Double Tap,,,left_only,Zombieland Double Tap,,,,https://assets.scriptslug.com/live/pdf/scripts/zombieland-double-tap-2019.pdf?v=1729115066,pdf
https://assets.scriptslug.com/live/pdf/scripts/zootopia-2016.pdf?v=1729115066,Zootopia,Zootopia,https://imsdb.com//scripts//Zootopia.html,both,Zootopia,,,,https://assets.scriptslug.com/live/pdf/scripts/zootopia-2016.pdf?v=1729115066,pdf
https://assets.scriptslug.com/live/pdf/scripts/three-amigos-1986.pdf?v=1729115049,¡three Amigos,,,left_only,¡three Amigos,,,,https://assets.scriptslug.com/live/pdf/scripts/three-amigos-1986.pdf?v=1729115049,pdf
