movie_name_conventioned,scrapping_url,scrapping_url_extension
(500) Days Of Summer,https://assets.scriptslug.com/live/pdf/scripts/500-days-of-summer-2009.pdf?v=1729114850,pdf
10 Things I Hate About You,https://assets.scriptslug.com/live/pdf/scripts/10-things-i-hate-about-you-1999.pdf?v=1729114847,pdf
101 Dalmations,https://assets.scriptslug.com/live/pdf/scripts/101-dalmations-1996.pdf?v=1729114847,pdf
12,https://imsdb.com//scripts//12.html,html
12 And Holding,https://imsdb.com//scripts//12-and-Holding.html,html
12 Angry Men,https://assets.scriptslug.com/live/pdf/scripts/12-angry-men-1957.pdf?v=1729114847,pdf
12 Monkeys,https://imsdb.com//scripts//12-Monkeys.html,html
12 Strong,https://assets.scriptslug.com/live/pdf/scripts/12-strong-2018.pdf?v=1729114847,pdf
12 Years A Slave,https://assets.scriptslug.com/live/pdf/scripts/12-years-a-slave-2013.pdf?v=1729114848,pdf
127 Hours,https://assets.scriptslug.com/live/pdf/scripts/127-hours-2010.pdf?v=1729114848,pdf
1408,https://assets.scriptslug.com/live/pdf/scripts/1408-2007.pdf?v=1729114848,pdf
1492 Conquest Of Paradise,https://imsdb.com//scripts//1492-Conquest-of-Paradise.html,html
15 Minutes,https://imsdb.com//scripts//15-Minutes.html,html
16 Blocks,https://assets.scriptslug.com/live/pdf/scripts/16-blocks-2006.pdf?v=1729114848,pdf
17 Again,https://imsdb.com//scripts//17-Again.html,html
187,https://imsdb.com//scripts//187.html,html
1917,https://assets.scriptslug.com/live/pdf/scripts/1917-2019.pdf?v=1729114848,pdf
2 Fast 2 Furious,https://assets.scriptslug.com/live/pdf/scripts/2-fast-2-furious-2003.pdf?v=1729114848,pdf
2001 A Space Odyssey,https://assets.scriptslug.com/live/pdf/scripts/2001-a-space-odyssey-1968.pdf?v=1729114848,pdf
2010 The Year We Make Contact,https://assets.scriptslug.com/live/pdf/scripts/2010-the-year-we-make-contact-1984.pdf?v=1729114849,pdf
2012,https://imsdb.com//scripts//2012.html,html
20th Century Girl,https://assets.scriptslug.com/live/pdf/scripts/20th-century-girl-2022.pdf?v=1729114849,pdf
20th Century Women,https://assets.scriptslug.com/live/pdf/scripts/20th-century-women-2016.pdf?v=1729114849,pdf
21 Jump Street,https://assets.scriptslug.com/live/pdf/scripts/21-jump-street-2012.pdf?v=1729114849,pdf
213,https://assets.scriptslug.com/live/pdf/scripts/2-13-2009.pdf?v=1729114848,pdf
22 July,https://assets.scriptslug.com/live/pdf/scripts/22-july-2018.pdf?v=1729114849,pdf
22 Jump Street,https://assets.scriptslug.com/live/pdf/scripts/22-jump-street-2014.pdf?v=1729114849,pdf
25th Hour,https://imsdb.com//scripts//25th-Hour.html,html
28 Days Later,https://assets.scriptslug.com/live/pdf/scripts/28-days-later-2002.pdf?v=1729114849,pdf
28 Weeks Later,https://assets.scriptslug.com/live/pdf/scripts/28-weeks-later-2007.pdf?v=1729114849,pdf
30 Minutes Or Less,https://imsdb.com//scripts//30-Minutes-or-Less.html,html
300,https://assets.scriptslug.com/live/pdf/scripts/300-2006.pdf?v=1729114849,pdf
42,https://imsdb.com//scripts//42.html,html
44 Inch Chest,https://imsdb.com//scripts//44-Inch-Chest.html,html
48 Hrs,https://assets.scriptslug.com/live/pdf/scripts/48-hrs-1982.pdf?v=1729114850,pdf
5 To 7,https://assets.scriptslug.com/live/pdf/scripts/5-to-7-2014.pdf?v=1729114850,pdf
50 50,https://imsdb.com//scripts//50-50.html,html
500 Days Of Summer,https://imsdb.com//scripts//500-Days-of-Summer.html,html
8 Bit Christmas,https://assets.scriptslug.com/live/pdf/scripts/8-bit-christmas-2021.pdf?v=1729114850,pdf
8 Mile,https://assets.scriptslug.com/live/pdf/scripts/8-mile-2002.pdf?v=1729114850,pdf
8mm,https://imsdb.com//scripts//8MM.html,html
8½,https://assets.scriptslug.com/live/pdf/scripts/8-1-2-1963.pdf?v=1729114850,pdf
9,https://imsdb.com//scripts//9.html,html
A Beautiful Day In The Neighborhood,https://assets.scriptslug.com/live/pdf/scripts/a-beautiful-day-in-the-neighborhood-2019.pdf?v=1729114850,pdf
A Beautiful Mind,https://assets.scriptslug.com/live/pdf/scripts/a-beautiful-mind-2001.pdf?v=1729114850,pdf
A Christmas Story,https://assets.scriptslug.com/live/pdf/scripts/a-christmas-story-1983.pdf?v=1729114851,pdf
A Clockwork Orange,https://assets.scriptslug.com/live/pdf/scripts/a-clockwork-orange-1971.pdf?v=1729114851,pdf
A Complete Unknown,https://assets.scriptslug.com/live/pdf/scripts/a-complete-unknown-2024.pdf?v=1738463523,pdf
A Fantastic Woman,https://assets.scriptslug.com/live/pdf/scripts/a-fantastic-woman-2017.pdf?v=1729114851,pdf
A Few Good Men,https://assets.scriptslug.com/live/pdf/scripts/a-few-good-men-1992.pdf?v=1729114851,pdf
A Good Person,https://assets.scriptslug.com/live/pdf/scripts/a-good-person-2023.pdf?v=1729114851,pdf
A Haunting In Venice,https://assets.scriptslug.com/live/pdf/scripts/a-haunting-in-venice-2023.pdf?v=1729114851,pdf
A Hero,https://assets.scriptslug.com/live/pdf/scripts/a-hero-2021.pdf?v=1729114851,pdf
A Hidden Life,https://assets.scriptslug.com/live/pdf/scripts/a-hidden-life-2019.pdf?v=1729114851,pdf
A History Of Violence,https://assets.scriptslug.com/live/pdf/scripts/a-history-of-violence-2005.pdf?v=1729114851,pdf
A Knights Tale,https://assets.scriptslug.com/live/pdf/scripts/a-knights-tale-2001.pdf?v=1729114852,pdf
A Knock At The Cabin,https://assets.scriptslug.com/live/pdf/scripts/a-knock-at-the-cabin-2023.pdf?v=1729114852,pdf
A League Of Their Own,https://assets.scriptslug.com/live/pdf/scripts/a-league-of-their-own-1992.pdf?v=1729114852,pdf
A Man Called Otto,https://assets.scriptslug.com/live/pdf/scripts/a-man-called-otto-2022.pdf?v=1729114852,pdf
A Million Miles Away,https://assets.scriptslug.com/live/pdf/scripts/a-million-miles-away-2023.pdf?v=1729114852,pdf
A Monster Calls,https://assets.scriptslug.com/live/pdf/scripts/a-monster-calls-2016.pdf?v=1729114852,pdf
A Most Violent Year,https://assets.scriptslug.com/live/pdf/scripts/a-most-violent-year-2014.pdf?v=1729114852,pdf
A New Leaf,https://assets.scriptslug.com/live/pdf/scripts/a-new-leaf-1971.pdf?v=1729114852,pdf
A Nightmare On Elm Street,https://assets.scriptslug.com/live/pdf/scripts/a-nightmare-on-elm-street-1984.pdf?v=1729114852,pdf
A Nightmare On Elm Street 3 Dream Warriors,https://assets.scriptslug.com/live/pdf/scripts/nightmare-on-elm-street-3-dream-warriors-1987.pdf?v=1729114962,pdf
A Nightmare On Elm Street 5 The Dream Child,https://assets.scriptslug.com/live/pdf/scripts/a-nightmare-on-elm-street-the-dream-child-1989.pdf?v=1729114853,pdf
A Prayer Before Dawn,https://imsdb.com//scripts//A-Prayer-Before-Dawn.html,html
A Quiet Place,https://assets.scriptslug.com/live/pdf/scripts/a-quiet-place-2018.pdf?v=1729114853,pdf
A Real Pain,https://assets.scriptslug.com/live/pdf/scripts/a-real-pain-2024.pdf?v=1735776819,pdf
A Scanner Darkly,https://imsdb.com//scripts//A-Scanner-Darkly.html,html
A Separation,https://assets.scriptslug.com/live/pdf/scripts/a-separation-2011.pdf?v=1729114853,pdf
A Serious Man,https://assets.scriptslug.com/live/pdf/scripts/a-serious-man-2009.pdf?v=1729114853,pdf
A Simple Favor,https://assets.scriptslug.com/live/pdf/scripts/a-simple-favor-2018.pdf?v=1729114853,pdf
A Simple Plan,https://assets.scriptslug.com/live/pdf/scripts/a-simple-plan-1998.pdf?v=1729114853,pdf
A Soldiers Story,https://assets.scriptslug.com/live/pdf/scripts/a-soldiers-story-1984.pdf?v=1729114853,pdf
A Star Is Born,https://assets.scriptslug.com/live/pdf/scripts/a-star-is-born-2018.pdf?v=1729114853,pdf
A Thin Line Between Love And Hate,https://assets.scriptslug.com/live/pdf/scripts/a-thin-line-between-love-and-hate-1996.pdf?v=1729114853,pdf
A Time To Kill,https://assets.scriptslug.com/live/pdf/scripts/a-time-to-kill-1996.pdf?v=1729114853,pdf
A View To A Kill,https://assets.scriptslug.com/live/pdf/scripts/a-view-to-a-kill-1985.pdf?v=1729114854,pdf
About Alex,https://assets.scriptslug.com/live/pdf/scripts/about-alex-2014.pdf?v=1729114854,pdf
Above The Law,https://imsdb.com//scripts//Above-the-Law.html,html
Abraham Lincoln Vampire Hunter,https://assets.scriptslug.com/live/pdf/scripts/abraham-lincoln-vampire-hunter-2012.pdf?v=1729114854,pdf
Absolute Power,https://imsdb.com//scripts//Absolute-Power.html,html
Ace Ventura Pet Detective,https://assets.scriptslug.com/live/pdf/scripts/ace-ventura-pet-detective-1994.pdf?v=1729114854,pdf
Action Jackson,https://assets.scriptslug.com/live/pdf/scripts/actions-jackson-1988.pdf?v=1729114854,pdf
Ad Astra,https://assets.scriptslug.com/live/pdf/scripts/ad-astra-2019.pdf?v=1729114854,pdf
Adaptation,https://assets.scriptslug.com/live/pdf/scripts/adaptation-2002.pdf?v=1729114854,pdf
Addams Family Values,https://assets.scriptslug.com/live/pdf/scripts/addams-family-values-1993.pdf?v=1729114855,pdf
Affliction,https://imsdb.com//scripts//Affliction.html,html
After School Special,https://imsdb.com//scripts//After-School-Special.html,html
After The Wedding,https://assets.scriptslug.com/live/pdf/scripts/after-the-wedding-2019.pdf?v=1729114855,pdf
Afterlife,https://imsdb.com//scripts//After.Life.html,html
Aftersun,https://assets.scriptslug.com/live/pdf/scripts/aftersun-2022.pdf?v=1729114855,pdf
Agnes Of God,https://imsdb.com//scripts//Agnes-of-God.html,html
Air,https://assets.scriptslug.com/live/pdf/scripts/air-2023.pdf?v=1729114855,pdf
Air Force One,https://assets.scriptslug.com/live/pdf/scripts/air-force-one-1997.pdf?v=1729114855,pdf
Airplane,https://assets.scriptslug.com/live/pdf/scripts/airplane-1980.pdf?v=1729114855,pdf
Airplane 2 The Sequel,https://assets.scriptslug.com/live/pdf/scripts/airplane-ii-the-sequel-1982.pdf?v=1729114855,pdf
Aladdin,https://assets.scriptslug.com/live/pdf/scripts/aladdin-1992.pdf?v=1729114855,pdf
Alex Cross,https://assets.scriptslug.com/live/pdf/scripts/alex-cross-2012.pdf?v=1729114855,pdf
Ali,https://assets.scriptslug.com/live/pdf/scripts/ali-2001.pdf?v=1729114855,pdf
Alien,https://assets.scriptslug.com/live/pdf/scripts/alien-1979.pdf?v=1729114856,pdf
Alien 3,https://assets.scriptslug.com/live/pdf/scripts/alien-3-1992.pdf?v=1729114856,pdf
Alien Covenant,https://assets.scriptslug.com/live/pdf/scripts/alien-covenant-2017.pdf?v=1729114856,pdf
Alien Nation,https://imsdb.com//scripts//Alien-Nation.html,html
Alien Resurrection,https://assets.scriptslug.com/live/pdf/scripts/alien-resurrection-1997.pdf?v=1729114856,pdf
Alien Vs Predator,https://imsdb.com//scripts//Alien-vs.-Predator.html,html
Alien Vs Predator Requiem,https://assets.scriptslug.com/live/pdf/scripts/alien-vs-predator-requiem-2007.pdf?v=1729114856,pdf
Aliens,https://assets.scriptslug.com/live/pdf/scripts/aliens-1986.pdf?v=1729114856,pdf
Aligarh,https://assets.scriptslug.com/live/pdf/scripts/aligarh-2015.pdf?v=1729114856,pdf
All About Eve,https://assets.scriptslug.com/live/pdf/scripts/all-about-eve-1950.pdf?v=1729114856,pdf
All About Steve,https://imsdb.com//scripts//All-About-Steve.html,html
All Is Lost,https://assets.scriptslug.com/live/pdf/scripts/all-is-lost-2013.pdf?v=1729114856,pdf
All Is True,https://assets.scriptslug.com/live/pdf/scripts/all-is-true-2018.pdf?v=1729114856,pdf
All Of Us Strangers,https://assets.scriptslug.com/live/pdf/scripts/all-of-us-strangers-2023.pdf?v=1729114857,pdf
All Quiet On The Western Front,https://assets.scriptslug.com/live/pdf/scripts/all-quiet-on-the-western-front-2022.pdf?v=1729114857,pdf
All The Boy Love Mandy Lane,https://assets.scriptslug.com/live/pdf/scripts/all-the-boys-love-mandy-lane-2006.pdf?v=1729114857,pdf
All The Kings Men,https://imsdb.com//scripts//All-the-King's-Men.html,html
All The Money In The World,https://assets.scriptslug.com/live/pdf/scripts/all-the-money-in-the-world-2017.pdf?v=1729114857,pdf
All The Old Knives,https://assets.scriptslug.com/live/pdf/scripts/all-the-old-knives-2022.pdf?v=1729114857,pdf
All The Presidents Men,https://assets.scriptslug.com/live/pdf/scripts/all-the-presidents-men-1976.pdf?v=1729114857,pdf
Almost Famous,https://assets.scriptslug.com/live/pdf/scripts/almost-famous-2000.pdf?v=1729114857,pdf
Alone In The Dark,https://imsdb.com//scripts//Alone-in-the-Dark.html,html
Altered States,https://assets.scriptslug.com/live/pdf/scripts/altered-states-1980.pdf?v=1729114857,pdf
Amadeus,https://assets.scriptslug.com/live/pdf/scripts/amadeus-1984.pdf?v=1729114857,pdf
Ambulance,https://assets.scriptslug.com/live/pdf/scripts/ambulance-2022.pdf?v=1729114857,pdf
Amelia,https://imsdb.com//scripts//Amelia.html,html
American Animals,https://assets.scriptslug.com/live/pdf/scripts/american-animals-2018.pdf?v=1729114858,pdf
American Beauty,https://assets.scriptslug.com/live/pdf/scripts/american-beauty-1999.pdf?v=1729114858,pdf
American Fiction,https://assets.scriptslug.com/live/pdf/scripts/american-fiction-2023.pdf?v=1729114858,pdf
American Gangster,https://imsdb.com//scripts//American-Gangster.html,html
American Graffiti,https://assets.scriptslug.com/live/pdf/scripts/american-graffiti-1973.pdf?v=1729114858,pdf
American History X,https://imsdb.com//scripts//American-History-X.html,html
American Hustle,https://assets.scriptslug.com/live/pdf/scripts/american-hustle-2013.pdf?v=1729114858,pdf
American Madness,https://imsdb.com//scripts//American-Madness.html,html
American Milkshake,https://imsdb.com//scripts//American-Milkshake.html,html
American Outlaws,https://imsdb.com//scripts//American-Outlaws.html,html
American Pie,https://assets.scriptslug.com/live/pdf/scripts/american-pie-1999.pdf?v=1729114858,pdf
American Psycho,https://assets.scriptslug.com/live/pdf/scripts/american-psycho-2000.pdf?v=1729114858,pdf
American Shaolin King Of Kickboxers 2,https://imsdb.com//scripts//American-Shaolin-King-of-Kickboxers-II.html,html
American Sniper,https://assets.scriptslug.com/live/pdf/scripts/american-sniper-2014.pdf?v=1729114859,pdf
American Splendor,https://imsdb.com//scripts//American-Splendor.html,html
American Ultra,https://assets.scriptslug.com/live/pdf/scripts/american-ultra-2015.pdf?v=1729114859,pdf
American Werewolf In London,https://imsdb.com//scripts//American-Werewolf-in-London.html,html
Amistad,https://assets.scriptslug.com/live/pdf/scripts/amistad-1997.pdf?v=1729114859,pdf
Amour,https://assets.scriptslug.com/live/pdf/scripts/amour-2012.pdf?v=1729114859,pdf
Amsterdam,https://assets.scriptslug.com/live/pdf/scripts/amsterdam-2022.pdf?v=1729114859,pdf
Amélie,https://assets.scriptslug.com/live/pdf/scripts/amelie-2001.pdf?v=1729114858,pdf
An Affair To Remember,https://assets.scriptslug.com/live/pdf/scripts/an-affair-to-remember-1957.pdf?v=1729114859,pdf
An American Werewolf In London,https://assets.scriptslug.com/live/pdf/scripts/an-american-werewolf-in-london-1981.pdf?v=1729114859,pdf
An Education,https://imsdb.com//scripts//An-Education.html,html
An Unmarried Woman,https://assets.scriptslug.com/live/pdf/scripts/an-unmarried-woman-1978.pdf?v=1729114859,pdf
Anaconda,https://assets.scriptslug.com/live/pdf/scripts/anaconda-1997.pdf?v=1729114859,pdf
Analyze That,https://assets.scriptslug.com/live/pdf/scripts/analyze-that-2002.pdf?v=1729114860,pdf
Analyze This,https://assets.scriptslug.com/live/pdf/scripts/analyze-this-1999.pdf?v=1729114860,pdf
Anastasia,https://assets.scriptslug.com/live/pdf/scripts/anastasia-1997.pdf?v=1729114860,pdf
Anatomy Of A Fall,https://assets.scriptslug.com/live/pdf/scripts/anatomy-of-a-fall-2023.pdf?v=1729114860,pdf
Anatomy Of A Murder,https://assets.scriptslug.com/live/pdf/scripts/anatomy-of-a-murder-1959.pdf?v=1729114860,pdf
Anchorman The Legend Of Ron Burgundy,https://assets.scriptslug.com/live/pdf/scripts/anchorman-the-legend-of-ron-burgundy-2004.pdf?v=1729114860,pdf
Angel Eyes,https://assets.scriptslug.com/live/pdf/scripts/angel-eyes-2001.pdf?v=1729114860,pdf
Angels With Dirty Faces,https://assets.scriptslug.com/live/pdf/scripts/angels-with-dirty-faces-1938.pdf?v=1729114860,pdf
Anger Management,https://assets.scriptslug.com/live/pdf/scripts/anger-management-2003.pdf?v=1729114860,pdf
Animal Kingdom,https://assets.scriptslug.com/live/pdf/scripts/animal-kingdom-2010.pdf?v=1729114860,pdf
Anna Karenina,https://imsdb.com//scripts//Anna-Karenina.html,html
Annabelle,https://assets.scriptslug.com/live/pdf/scripts/annabelle-2014.pdf?v=1729114861,pdf
Annette,https://assets.scriptslug.com/live/pdf/scripts/annette-2021.pdf?v=1729114861,pdf
Annie Hall,https://assets.scriptslug.com/live/pdf/scripts/annie-hall-1977.pdf?v=1729114861,pdf
Annihilation,https://assets.scriptslug.com/live/pdf/scripts/annihilation-2018.pdf?v=1729114861,pdf
Anonymous,https://imsdb.com//scripts//Anonymous.html,html
Anora,https://assets.scriptslug.com/live/pdf/scripts/anora-2024.pdf?v=1738462640,pdf
Another 48 Hrs,https://assets.scriptslug.com/live/pdf/scripts/another-48-hrs-1990.pdf?v=1729114861,pdf
Another Year,https://assets.scriptslug.com/live/pdf/scripts/another-year-2010.pdf?v=1729114861,pdf
Antebellum,https://assets.scriptslug.com/live/pdf/scripts/antebellum-2020.pdf?v=1729114861,pdf
Anthropoid,https://assets.scriptslug.com/live/pdf/scripts/anthropoid-2016.pdf?v=1729114861,pdf
Antitrust,https://imsdb.com//scripts//Antitrust.html,html
Antz,https://imsdb.com//scripts//Antz.html,html
Any Given Sunday,https://assets.scriptslug.com/live/pdf/scripts/any-given-sunday-1999.pdf?v=1729114861,pdf
Apocalypse Now,https://assets.scriptslug.com/live/pdf/scripts/apocalypse-now-1979.pdf?v=1729114861,pdf
April Fools Day,https://imsdb.com//scripts//April-Fool's-Day.html,html
Apt Pupil,https://imsdb.com//scripts//Apt-Pupil.html,html
Arbitrage,https://imsdb.com//scripts//Arbitrage.html,html
Arcade,https://imsdb.com//scripts//Arcade.html,html
Arctic Blue,https://imsdb.com//scripts//Arctic-Blue.html,html
Argentina 1985,https://assets.scriptslug.com/live/pdf/scripts/argentina-1985-2022.pdf?v=1729114862,pdf
Argo,https://assets.scriptslug.com/live/pdf/scripts/argo-2012.pdf?v=1729114862,pdf
Armageddon,https://assets.scriptslug.com/live/pdf/scripts/armageddon-1998.pdf?v=1729114862,pdf
Armageddon Time,https://assets.scriptslug.com/live/pdf/scripts/armageddon-time-2022.pdf?v=1729114862,pdf
Armed And Dangerous,https://assets.scriptslug.com/live/pdf/scripts/armed-and-dangerous-1986.pdf?v=1729114862,pdf
Army Of Darkness,https://assets.scriptslug.com/live/pdf/scripts/army-of-darkness-1992.pdf?v=1729114862,pdf
Arrival,https://assets.scriptslug.com/live/pdf/scripts/arrival-2016.pdf?v=1729114862,pdf
Arsenic And Old Lace,https://imsdb.com//scripts//Arsenic-and-Old-Lace.html,html
Arthur,https://imsdb.com//scripts//Arthur.html,html
As Good As It Gets,https://assets.scriptslug.com/live/pdf/scripts/as-good-as-it-gets-1997.pdf?v=1729114862,pdf
Ask The Dust,https://assets.scriptslug.com/live/pdf/scripts/ask-the-dust-2006.pdf?v=1729114863,pdf
Assassination Nation,https://assets.scriptslug.com/live/pdf/scripts/assassination-nation-2018.pdf?v=1729114863,pdf
Assassins,https://imsdb.com//scripts//Assassins.html,html
Assault On Precinct 13,https://assets.scriptslug.com/live/pdf/scripts/assault-on-prisinct-13-2005.pdf?v=1729114863,pdf
Asteroid City,https://assets.scriptslug.com/live/pdf/scripts/asteroid-city-2023.pdf?v=1729114863,pdf
At First Sight,https://imsdb.com//scripts//At-First-Sight.html,html
Atomic Blonde,https://assets.scriptslug.com/live/pdf/scripts/atomic-blonde-2017.pdf?v=1729114863,pdf
Attack The Block,https://assets.scriptslug.com/live/pdf/scripts/attack-the-block-2011.pdf?v=1729114863,pdf
Audrey Rose,https://assets.scriptslug.com/live/pdf/scripts/audrey-rose-1977.pdf?v=1729114864,pdf
August Osage County,https://assets.scriptslug.com/live/pdf/scripts/august-osage-county-2013.pdf?v=1729114864,pdf
Austin Powers International Man Of Mystery,https://imsdb.com//scripts//Austin-Powers---International-Man-of-Mystery.html,html
Austin Powers The Spy Who Shagged Me,https://imsdb.com//scripts//Austin-Powers---The-Spy-Who-Shagged-Me.html,html
Authors Anonymous,https://imsdb.com//scripts//Authors-Anonymous.html,html
Autumn In New York,https://imsdb.com//scripts//Autumn-in-New-York.html,html
Avatar,https://assets.scriptslug.com/live/pdf/scripts/avatar-2009.pdf?v=1729114864,pdf
Avengers Endgame,https://assets.scriptslug.com/live/pdf/scripts/avengers-endgame-2019.pdf?v=1729114864,pdf
Avp Alien Vs Predator,https://assets.scriptslug.com/live/pdf/scripts/avp-alien-vs-predator-2004.pdf?v=1729114864,pdf
Avventura L (the Adventure),"https://imsdb.com//scripts//Avventura,-L'-(The-Adventure).html",html
Awakenings,https://imsdb.com//scripts//Awakenings.html,html
Babel,https://imsdb.com//scripts//Babel.html,html
Baby Boy,https://assets.scriptslug.com/live/pdf/scripts/baby-boy-2001.pdf?v=1729114864,pdf
Baby Driver,https://assets.scriptslug.com/live/pdf/scripts/baby-driver-2017.pdf?v=1729114864,pdf
Babylon,https://assets.scriptslug.com/live/pdf/scripts/babylon-2022_2023-03-24-175719_unck.pdf?v=1729114865,pdf
Bachelor Party,https://imsdb.com//scripts//Bachelor-Party.html,html
Back To The Future,https://assets.scriptslug.com/live/pdf/scripts/back-to-the-future-1985.pdf?v=1729114865,pdf
Backdraft,https://imsdb.com//scripts//Backdraft.html,html
Bad Boys,https://assets.scriptslug.com/live/pdf/scripts/bad-boys-1995.pdf?v=1729114865,pdf
Bad Boys For Life,https://assets.scriptslug.com/live/pdf/scripts/bad-boys-for-life-2020.pdf?v=1729114865,pdf
Bad Country,https://imsdb.com//scripts//Bad-Country.html,html
Bad Day At Black Rock,https://imsdb.com//scripts//Bad-Day-at-Black-Rock.html,html
Bad Dreams,https://imsdb.com//scripts//Bad-Dreams.html,html
Bad Lieutenant,https://assets.scriptslug.com/live/pdf/scripts/bad-lieutenant-1992.pdf?v=1729114865,pdf
Bad Moms,https://assets.scriptslug.com/live/pdf/scripts/bad-moms-2016.pdf?v=1729114865,pdf
Bad Moon,https://assets.scriptslug.com/live/pdf/scripts/bad-moon-1996.pdf?v=1729114865,pdf
Bad Santa,https://assets.scriptslug.com/live/pdf/scripts/bad-santa-2003.pdf?v=1729114865,pdf
Bad Teacher,https://assets.scriptslug.com/live/pdf/scripts/bad-teacher-2011.pdf?v=1729114866,pdf
Bad Times At The El Royale,https://assets.scriptslug.com/live/pdf/scripts/bad-times-at-the-el-royale-2018.pdf?v=1729114866,pdf
Badlands,https://assets.scriptslug.com/live/pdf/scripts/badlands-1973.pdf?v=1729114866,pdf
Bamboozled,https://imsdb.com//scripts//Bamboozled.html,html
Barb And Star Go To Vista Del Mar,https://assets.scriptslug.com/live/pdf/scripts/barb-and-star-go-to-vista-del-mar-2021.pdf?v=1729114866,pdf
Barbarian,https://assets.scriptslug.com/live/pdf/scripts/barbarian-2022.pdf?v=1729114866,pdf
Barbershop,https://assets.scriptslug.com/live/pdf/scripts/barbershop-2002.pdf?v=1729114866,pdf
Barbie,https://assets.scriptslug.com/live/pdf/scripts/barbie-2023.pdf?v=1729114866,pdf
Barry Lyndon,https://imsdb.com//scripts//Barry-Lyndon.html,html
Barton Fink,https://assets.scriptslug.com/live/pdf/scripts/barton-fink-1991.pdf?v=1729114867,pdf
Basic,https://imsdb.com//scripts//Basic.html,html
Basic Instinct,https://assets.scriptslug.com/live/pdf/scripts/basic-instinct-1992.pdf?v=1729114867,pdf
Basic Instinct 2,https://assets.scriptslug.com/live/pdf/scripts/basic-instinct-2-2006.pdf?v=1729114867,pdf
Basket Case,https://assets.scriptslug.com/live/pdf/scripts/basket-case-1982.pdf?v=1729114867,pdf
Basquiat,https://imsdb.com//scripts//Basquiat.html,html
Batman,https://assets.scriptslug.com/live/pdf/scripts/batman-1989.pdf?v=1729114867,pdf
Batman & Robin,https://assets.scriptslug.com/live/pdf/scripts/batman-and-robin-1997.pdf?v=1729114868,pdf
Batman 2,https://imsdb.com//scripts//Batman-2.html,html
Batman Begins,https://assets.scriptslug.com/live/pdf/scripts/batman-begins-2005.pdf?v=1729114868,pdf
Batman Forever,https://assets.scriptslug.com/live/pdf/scripts/batman-forever-1995.pdf?v=1729114868,pdf
Batman Mask Of The Phantasm,https://assets.scriptslug.com/live/pdf/scripts/batman-mask-of-the-phantasm-1993.pdf?v=1729114868,pdf
Batman Returns,https://assets.scriptslug.com/live/pdf/scripts/batman-returns-1992.pdf?v=1729114868,pdf
Battle Los Angeles,https://imsdb.com//scripts//Battle-Los-Angeles.html,html
Battle Of The Sexes,https://assets.scriptslug.com/live/pdf/scripts/battle-of-the-sexes-2017.pdf?v=1729114868,pdf
Battlefield Earth,https://assets.scriptslug.com/live/pdf/scripts/battlefield-earth-2000.pdf?v=1729114868,pdf
Baywatch,https://assets.scriptslug.com/live/pdf/scripts/baywatch-2017.pdf?v=1729114868,pdf
Bean,https://assets.scriptslug.com/live/pdf/scripts/bean-1997.pdf?v=1729114869,pdf
Beasts Of No Nation,https://imsdb.com//scripts//Beasts-of-No-Nation.html,html
Beasts Of The Southern Wild,https://imsdb.com//scripts//Beasts-of-the-Southern-Wild.html,html
Beau Is Afraid,https://assets.scriptslug.com/live/pdf/scripts/beau-is-afraid-2023.pdf?v=1729114869,pdf
Beautiful Boy,https://assets.scriptslug.com/live/pdf/scripts/beautiful-boy-2018.pdf?v=1729114869,pdf
Beauty And The Beast,https://assets.scriptslug.com/live/pdf/scripts/beauty-and-the-beast-2017.pdf?v=1729114869,pdf
Beavis And Butt Head Do America,https://imsdb.com//scripts//Beavis-and-Butt-head-Do-America.html,html
Beetlejuice,https://assets.scriptslug.com/live/pdf/scripts/beetlejuice-1988.pdf?v=1729114869,pdf
Before Midnight,https://assets.scriptslug.com/live/pdf/scripts/before-midnight-2013.pdf?v=1729114869,pdf
Beginners,https://assets.scriptslug.com/live/pdf/scripts/beginners-2010.pdf?v=1729114869,pdf
Being Human,https://imsdb.com//scripts//Being-Human.html,html
Being John Malkovich,https://assets.scriptslug.com/live/pdf/scripts/being-john-malkovich-1999.pdf?v=1729114869,pdf
Being The Ricardos,https://assets.scriptslug.com/live/pdf/scripts/being-the-ricardos-2021.pdf?v=1729114869,pdf
Being There,https://assets.scriptslug.com/live/pdf/scripts/being-there-1979.pdf?v=1729114869,pdf
Belfast,https://assets.scriptslug.com/live/pdf/scripts/belfast-2021.pdf?v=1729114870,pdf
Belle,https://assets.scriptslug.com/live/pdf/scripts/belle-2013.pdf?v=1729114870,pdf
Beloved,https://imsdb.com//scripts//Beloved.html,html
Beverly Hills Cop,https://assets.scriptslug.com/live/pdf/scripts/beverly-hills-cop-1984.pdf?v=1729114870,pdf
Big,https://assets.scriptslug.com/live/pdf/scripts/big-1988.pdf?v=1729114870,pdf
Big Eyes,https://imsdb.com//scripts//Big-Eyes.html,html
Big Fish,https://assets.scriptslug.com/live/pdf/scripts/big-fish-2003.pdf?v=1729114870,pdf
Big Time Adolescence,https://assets.scriptslug.com/live/pdf/scripts/big-time-adolescence-2020.pdf?v=1729114871,pdf
Big Trouble In Little China,https://assets.scriptslug.com/live/pdf/scripts/big-trouble-in-little-china-1986.pdf?v=1729114871,pdf
Bill & Ted Face The Music,https://assets.scriptslug.com/live/pdf/scripts/bill-and-ted-face-the-music-2020.pdf?v=1729114871,pdf
Bill And Teds Bogus Journey,https://assets.scriptslug.com/live/pdf/scripts/bill-and-teds-bogus-journey-1991.pdf?v=1729114872,pdf
Bill And Teds Excellent Adventure,https://assets.scriptslug.com/live/pdf/scripts/bill-and-teds-excellent-adventure-1989.pdf?v=1729114872,pdf
Bird Box,https://assets.scriptslug.com/live/pdf/scripts/bird-box-2018.pdf?v=1729114872,pdf
Birdman,https://assets.scriptslug.com/live/pdf/scripts/birdman-2014.pdf?v=1729114872,pdf
Birthday Girl,https://imsdb.com//scripts//Birthday-Girl.html,html
Black Christmas,https://assets.scriptslug.com/live/pdf/scripts/black-christmas-1974.pdf?v=1729114872,pdf
Black Panther,https://assets.scriptslug.com/live/pdf/scripts/black-panther-2018.pdf?v=1729114873,pdf
Black Panther Wakanda Forever,https://assets.scriptslug.com/live/pdf/scripts/black-panther-wakanda-forever-2022.pdf?v=1729114873,pdf
Black Rain,https://imsdb.com//scripts//Black-Rain.html,html
Black Snake Moan,https://imsdb.com//scripts//Black-Snake-Moan.html,html
Black Swan,https://assets.scriptslug.com/live/pdf/scripts/black-swan-2010.pdf?v=1729114873,pdf
Blackberry,https://assets.scriptslug.com/live/pdf/scripts/blackberry-2023.pdf?v=1729114873,pdf
Blackkklansman,https://assets.scriptslug.com/live/pdf/scripts/blackkkklansman-2018.pdf?v=1729114873,pdf
Blade,https://assets.scriptslug.com/live/pdf/scripts/blade-1998.pdf?v=1729114873,pdf
Blade 2,https://imsdb.com//scripts//Blade-II.html,html
Blade Runner,https://assets.scriptslug.com/live/pdf/scripts/blade-runner-1982.pdf?v=1729114873,pdf
Blade Runner 2049,https://assets.scriptslug.com/live/pdf/scripts/blade-runner-2049.pdf?v=1729114873,pdf
Blade Trinity,https://imsdb.com//scripts//Blade-Trinity.html,html
Blades Of Glory,https://assets.scriptslug.com/live/pdf/scripts/blades-of-glory-2007.pdf?v=1729114874,pdf
Blankman,https://assets.scriptslug.com/live/pdf/scripts/blankman-1994.pdf?v=1729114874,pdf
Blazing Saddles,https://assets.scriptslug.com/live/pdf/scripts/blazing-saddles-1974.pdf?v=1729114874,pdf
Blindspotting,https://assets.scriptslug.com/live/pdf/scripts/blindspotting-2018.pdf?v=1729114874,pdf
Blink Twice,https://assets.scriptslug.com/live/pdf/scripts/blink-twice-2024.pdf?v=1735776411,pdf
Blitz,https://assets.scriptslug.com/live/pdf/scripts/blitz-2024.pdf?v=1735777422,pdf
Blonde,https://assets.scriptslug.com/live/pdf/scripts/blonde-2022.pdf?v=1729114874,pdf
Blood And Wine,https://imsdb.com//scripts//Blood-and-Wine.html,html
Blood Diamond,https://assets.scriptslug.com/live/pdf/scripts/blood-diamond-2006.pdf?v=1729114874,pdf
Blood Simple,https://imsdb.com//scripts//Blood-Simple.html,html
Bloodshot,https://assets.scriptslug.com/live/pdf/scripts/bloodshot-2020.pdf?v=1729114874,pdf
Blow,https://imsdb.com//scripts//Blow.html,html
Blue Jasmine,https://assets.scriptslug.com/live/pdf/scripts/blue-jasmine-2013.pdf?v=1729114874,pdf
Blue Ruin,https://assets.scriptslug.com/live/pdf/scripts/blue-ruin-2013.pdf?v=1729114874,pdf
Blue Valentine,https://assets.scriptslug.com/live/pdf/scripts/blue-valentine-2010.pdf?v=1729114875,pdf
Blue Velvet,https://assets.scriptslug.com/live/pdf/scripts/blue-velvet-1986.pdf?v=1729114875,pdf
Body Heat,https://assets.scriptslug.com/live/pdf/scripts/body-heat-1981.pdf?v=1729114875,pdf
Body Of Evidence,https://imsdb.com//scripts//Body-of-Evidence.html,html
Bodyguard,https://imsdb.com//scripts//Bodyguard.html,html
Bohemian Rhapsody,https://assets.scriptslug.com/live/pdf/scripts/bohemian-rhapsody-2018.pdf?v=1729114875,pdf
Bones,https://imsdb.com//scripts//Bones.html,html
Bones And All,https://assets.scriptslug.com/live/pdf/scripts/bones-and-all-2022.pdf?v=1729114875,pdf
Bonfire Of The Vanities,https://imsdb.com//scripts//Bonfire-of-the-Vanities.html,html
Bonnie And Clyde,https://imsdb.com//scripts//Bonnie-and-Clyde.html,html
Boogie Nights,https://assets.scriptslug.com/live/pdf/scripts/boogie-nights-1997.pdf?v=1729114875,pdf
Booksmart,https://assets.scriptslug.com/live/pdf/scripts/booksmart-2019.pdf?v=1729114875,pdf
Bookworm,https://assets.scriptslug.com/live/pdf/scripts/bookworm-2024.pdf?v=1738547432,pdf
Boomerang,https://assets.scriptslug.com/live/pdf/scripts/boomerang-1992.pdf?v=1729114875,pdf
Boondock Saints 2 All Saints Day,https://imsdb.com//scripts//Boondock-Saints-2-All-Saints-Day.html,html
Booty Call,https://assets.scriptslug.com/live/pdf/scripts/booty-call-1997.pdf?v=1729114876,pdf
Borat Subsequent Moviefilm,https://assets.scriptslug.com/live/pdf/scripts/borat-subsequent-moviefilm-2020.pdf?v=1729114876,pdf
Born On The Fourth Of July,https://assets.scriptslug.com/live/pdf/scripts/born-on-the-fourth-of-july-1989.pdf?v=1729114876,pdf
Bottle Rocket,https://imsdb.com//scripts//Bottle-Rocket.html,html
Bottoms,https://assets.scriptslug.com/live/pdf/scripts/bottoms-2023.pdf?v=1729114876,pdf
Bound,https://assets.scriptslug.com/live/pdf/scripts/bound-1996.pdf?v=1729114876,pdf
Bowfinger,https://assets.scriptslug.com/live/pdf/scripts/bowfinger-1999.pdf?v=1729114876,pdf
Boy Erased,https://assets.scriptslug.com/live/pdf/scripts/boy-erased-2018.pdf?v=1729114876,pdf
Boyhood,https://assets.scriptslug.com/live/pdf/scripts/boyhood-2014.pdf?v=1729114876,pdf
Boyz In The Hood,https://assets.scriptslug.com/live/pdf/scripts/boyz-in-the-hood-1991.pdf?v=1729114877,pdf
Brads Status,https://assets.scriptslug.com/live/pdf/scripts/brads-status-2017.pdf?v=1729114877,pdf
Bram Stokers Dracula,https://assets.scriptslug.com/live/pdf/scripts/bram-stokers-dracula-1992.pdf?v=1729114877,pdf
Braveheart,https://assets.scriptslug.com/live/pdf/scripts/braveheart-1995.pdf?v=1729114877,pdf
Brazil,https://imsdb.com//scripts//Brazil.html,html
Breach,https://assets.scriptslug.com/live/pdf/scripts/breach-2007.pdf?v=1729114877,pdf
Break,https://imsdb.com//scripts//Break.html,html
Breakdown,https://imsdb.com//scripts//Breakdown.html,html
Breaking Away,https://assets.scriptslug.com/live/pdf/scripts/breaking-away-1979.pdf?v=1729114877,pdf
Breathe,https://assets.scriptslug.com/live/pdf/scripts/breathe-2017.pdf?v=1729114878,pdf
Brick,https://assets.scriptslug.com/live/pdf/scripts/brick-2005.pdf?v=1729114878,pdf
Bride Of Chucky,https://assets.scriptslug.com/live/pdf/scripts/bride-of-chucky-1998.pdf?v=1729114879,pdf
Bridesmaids,https://assets.scriptslug.com/live/pdf/scripts/bridesmaids-2011.pdf?v=1729114879,pdf
Bridge Of Spies,https://assets.scriptslug.com/live/pdf/scripts/bridge-of-spies-2015.pdf?v=1729114879,pdf
Bridget Jones Diary,https://assets.scriptslug.com/live/pdf/scripts/bridget-jones-diary-2001.pdf?v=1729114879,pdf
Bridget Joness Baby,https://assets.scriptslug.com/live/pdf/scripts/bridget-joness-baby-2016.pdf?v=1729114879,pdf
Bright,https://assets.scriptslug.com/live/pdf/scripts/bright-2017.pdf?v=1729114879,pdf
Brightburn,https://assets.scriptslug.com/live/pdf/scripts/brightburn-2019.pdf?v=1729114879,pdf
Bringing Out The Dead,https://imsdb.com//scripts//Bringing-Out-the-Dead.html,html
Broadcast News,https://assets.scriptslug.com/live/pdf/scripts/broadcast-new-1987.pdf?v=1729114879,pdf
Brokeback Mountain,https://assets.scriptslug.com/live/pdf/scripts/brokeback-mountain-2005.pdf?v=1729114879,pdf
Broken Arrow,https://assets.scriptslug.com/live/pdf/scripts/broken-arrow-1996.pdf?v=1729114880,pdf
Broken Embraces,https://imsdb.com//scripts//Broken-Embraces.html,html
Brooklyn,https://assets.scriptslug.com/live/pdf/scripts/brooklyn-2015.pdf?v=1729114880,pdf
Bruce Almighty,https://imsdb.com//scripts//Bruce-Almighty.html,html
Buffy The Vampire Slayer,https://assets.scriptslug.com/live/pdf/scripts/buffy-the-vampire-slayer-1992.pdf?v=1729114880,pdf
Bull Durham,https://imsdb.com//scripts//Bull-Durham.html,html
Buried,https://assets.scriptslug.com/live/pdf/scripts/buried-2010.pdf?v=1729114880,pdf
Burlesque,https://imsdb.com//scripts//Burlesque.html,html
Burn After Reading,https://assets.scriptslug.com/live/pdf/scripts/burn-after-reading-2008.pdf?v=1729114880,pdf
Burning Annie,https://imsdb.com//scripts//Burning-Annie.html,html
Burnt,https://assets.scriptslug.com/live/pdf/scripts/burnt-2015.pdf?v=1729114880,pdf
Butch Cassidy And The Sundance Kid,https://assets.scriptslug.com/live/pdf/scripts/butch-cassidy-and-the-sundance-kid-1969.pdf?v=1729114880,pdf
Cable Guy,https://imsdb.com//scripts//Cable-Guy.html,html
Caddyshack,https://assets.scriptslug.com/live/pdf/scripts/caddyshack-1980.pdf?v=1729114881,pdf
Call Me By Your Name,https://assets.scriptslug.com/live/pdf/scripts/call-me-by-your-name-2017.pdf?v=1729114881,pdf
Can You Ever Forgive Me,https://assets.scriptslug.com/live/pdf/scripts/can-you-ever-forgive-me-2018.pdf?v=1729114882,pdf
Candle To Water,https://imsdb.com//scripts//Candle-to-Water.html,html
Candyman,https://assets.scriptslug.com/live/pdf/scripts/candyman-1992.pdf?v=1729114882,pdf
Candyman,https://assets.scriptslug.com/live/pdf/scripts/candyman-2021.pdf?v=1729114882,pdf
Cape Fear,https://assets.scriptslug.com/live/pdf/scripts/cape-fear-1962.pdf?v=1729114882,pdf
Capharnaum,https://assets.scriptslug.com/live/pdf/scripts/capharnaum-2018.pdf?v=1729114882,pdf
Capote,https://assets.scriptslug.com/live/pdf/scripts/capote-2005.pdf?v=1729114882,pdf
Captain America The First Avenger,https://assets.scriptslug.com/live/pdf/scripts/captain-america-the-first-avenger-20.pdf?v=1729114882,pdf
Captain Fantastic,https://assets.scriptslug.com/live/pdf/scripts/captain-fantastic-2016.pdf?v=1729114882,pdf
Car Wash,https://assets.scriptslug.com/live/pdf/scripts/car-wash-1976.pdf?v=1729114882,pdf
Carlitos Way,https://assets.scriptslug.com/live/pdf/scripts/carlitos-way-1993.pdf?v=1729114882,pdf
Carnage,https://assets.scriptslug.com/live/pdf/scripts/carnage-2011.pdf?v=1729114883,pdf
Carol,https://assets.scriptslug.com/live/pdf/scripts/carol-2015.pdf?v=1729114883,pdf
Carrie,https://assets.scriptslug.com/live/pdf/scripts/carrie-1976.pdf?v=1729114883,pdf
Cars 2,https://imsdb.com//scripts//Cars-2.html,html
Casablanca,https://assets.scriptslug.com/live/pdf/scripts/casablanca-1942.pdf?v=1729114883,pdf
Case 39,https://imsdb.com//scripts//Case-39.html,html
Casino,https://assets.scriptslug.com/live/pdf/scripts/casino-1995.pdf?v=1729114883,pdf
Casino Royale,https://assets.scriptslug.com/live/pdf/scripts/casino-royale-2006_180309_060624.pdf?v=1729115069,pdf
Casper,https://assets.scriptslug.com/live/pdf/scripts/casper-1995.pdf?v=1729114883,pdf
Cassandro,https://assets.scriptslug.com/live/pdf/scripts/cassandro-2023.pdf?v=1729114883,pdf
Cast Away,https://assets.scriptslug.com/live/pdf/scripts/cast-away-2000.pdf?v=1729114883,pdf
Catch Me If You Can,https://assets.scriptslug.com/live/pdf/scripts/catch-me-if-you-can-2002.pdf?v=1729114884,pdf
Catherine Called Birdy,https://assets.scriptslug.com/live/pdf/scripts/catherine-called-birdy-2022.pdf?v=1729114884,pdf
Catwoman,https://imsdb.com//scripts//Catwoman.html,html
Cb4,https://assets.scriptslug.com/live/pdf/scripts/cb4-1993.pdf?v=1729114884,pdf
Cecil B Demented,https://imsdb.com//scripts//Cecil-B.-Demented.html,html
Cedar Rapids,https://imsdb.com//scripts//Cedar-Rapids.html,html
Cellular,https://imsdb.com//scripts//Cellular.html,html
Challengers,https://assets.scriptslug.com/live/pdf/scripts/challengers-2024.pdf?v=1735776661,pdf
Changeling,https://imsdb.com//scripts//Changeling.html,html
Chaos,https://imsdb.com//scripts//Chaos.html,html
Chaplin,https://assets.scriptslug.com/live/pdf/scripts/chaplin-1992.pdf?v=1729114884,pdf
Charade,https://imsdb.com//scripts//Charade.html,html
Chariots Of Fire,https://assets.scriptslug.com/live/pdf/scripts/chariots-of-fire-1981.pdf?v=1729114884,pdf
Charlie And The Chocolate Factory,https://assets.scriptslug.com/live/pdf/scripts/charlie-and-the-choclate-factory-2005.pdf?v=1729114884,pdf
Charlie Bartlett,https://assets.scriptslug.com/live/pdf/scripts/charlie-bartlett-2007.pdf?v=1729114884,pdf
Charlie Wilsons War,https://assets.scriptslug.com/live/pdf/scripts/charlie-wilsons-war-2007.pdf?v=1729114885,pdf
Charlies Angels,https://imsdb.com//scripts//Charlie's-Angels.html,html
Chasing Amy,https://assets.scriptslug.com/live/pdf/scripts/chasing-amy-1997.pdf?v=1729114885,pdf
Chasing Sleep,https://imsdb.com//scripts//Chasing-Sleep.html,html
Chef,https://assets.scriptslug.com/live/pdf/scripts/chef-2015.pdf?v=1729114885,pdf
Cherry,https://assets.scriptslug.com/live/pdf/scripts/cherry-2021.pdf?v=1729114885,pdf
Cherry Falls,https://imsdb.com//scripts//Cherry-Falls.html,html
Children Of Men,https://assets.scriptslug.com/live/pdf/scripts/children-of-men-2006.pdf?v=1729114886,pdf
Childs Play,https://assets.scriptslug.com/live/pdf/scripts/childs-play-1988.pdf?v=1729114886,pdf
Chinatown,https://assets.scriptslug.com/live/pdf/scripts/chinatown-1974.pdf?v=1729114886,pdf
Christ Complex,https://imsdb.com//scripts//Christ-Complex.html,html
Christine,https://assets.scriptslug.com/live/pdf/scripts/christine-1983.pdf?v=1729114886,pdf
Christmas At Pee Wees Playhouse,https://assets.scriptslug.com/live/pdf/scripts/christmas-at-pee-wees-playhouse-1988.pdf?v=1729114886,pdf
Chronicle,https://assets.scriptslug.com/live/pdf/scripts/chronicle-2012.pdf?v=1729114886,pdf
Chronicles Of Narnia The Lion The Witch And The Wardrobe,"https://imsdb.com//scripts//Chronicles-of-Narnia-The-Lion,-the-Witch-and-the-Wardrobe.html",html
Cinderella Man,https://assets.scriptslug.com/live/pdf/scripts/cinderella-man-2005.pdf?v=1729114886,pdf
Cinema Paradiso,https://imsdb.com//scripts//Cinema-Paradiso.html,html
Cirque Du Freak The Vampires Assistant,https://imsdb.com//scripts//Cirque-du-Freak-The-Vampire's-Assistant.html,html
Citizen Kane,https://assets.scriptslug.com/live/pdf/scripts/citizen-kane-1941.pdf?v=1729114886,pdf
City Of Joy,https://imsdb.com//scripts//City-of-Joy.html,html
Clash Of The Titans,https://imsdb.com//scripts//Clash-of-the-Titans.html,html
Clear And Present Danger,https://assets.scriptslug.com/live/pdf/scripts/clear-and-present-danger-1994.pdf?v=1729114886,pdf
Clerks,https://assets.scriptslug.com/live/pdf/scripts/clerks-1994.pdf?v=1729114887,pdf
Clerks 2,https://assets.scriptslug.com/live/pdf/scripts/clearks-ii-2006.pdf?v=1729114887,pdf
Cliffhanger,https://imsdb.com//scripts//Cliffhanger.html,html
Clockers,https://assets.scriptslug.com/live/pdf/scripts/clockers-1995.pdf?v=1729114887,pdf
Close Encounters Of The Third Kind,https://assets.scriptslug.com/live/pdf/scripts/close-encounters-of-the-third-kind-1977.pdf?v=1729114887,pdf
Cloud Atlas,https://assets.scriptslug.com/live/pdf/scripts/cloud-atlas-2012.pdf?v=1729114887,pdf
Cloverfield,https://assets.scriptslug.com/live/pdf/scripts/cloverfield-2008.pdf?v=1729114887,pdf
Clue,https://assets.scriptslug.com/live/pdf/scripts/clue-1985.pdf?v=1729114887,pdf
Clueless,https://imsdb.com//scripts//Clueless.html,html
Cmon Cmon,https://assets.scriptslug.com/live/pdf/scripts/cmon-cmon-2021.pdf?v=1729114887,pdf
Cobb,https://imsdb.com//scripts//Cobb.html,html
Coco,https://assets.scriptslug.com/live/pdf/scripts/coco-2017.pdf?v=1729114888,pdf
Cocoon,https://assets.scriptslug.com/live/pdf/scripts/cocoon-1985.pdf?v=1729114888,pdf
Coda,https://assets.scriptslug.com/live/pdf/scripts/coda-2021.pdf?v=1729114888,pdf
Code Of Silence,https://imsdb.com//scripts//Code-of-Silence.html,html
Cold Mountain,https://assets.scriptslug.com/live/pdf/scripts/cold-mountain-2003.pdf?v=1729114888,pdf
Colette,https://assets.scriptslug.com/live/pdf/scripts/colette-2018.pdf?v=1729114888,pdf
Collateral,https://assets.scriptslug.com/live/pdf/scripts/collateral-2004.pdf?v=1729114888,pdf
Collateral Damage,https://imsdb.com//scripts//Collateral-Damage.html,html
Colombiana,https://imsdb.com//scripts//Colombiana.html,html
Color Of Night,https://assets.scriptslug.com/live/pdf/scripts/color-of-night-1994.pdf?v=1729114888,pdf
Come To Daddy,https://assets.scriptslug.com/live/pdf/scripts/come-to-daddy-2020.pdf?v=1729114889,pdf
Coming Home,https://assets.scriptslug.com/live/pdf/scripts/coming-home-1978.pdf?v=1729114889,pdf
Coming To America,https://assets.scriptslug.com/live/pdf/scripts/coming-to-america-1988.pdf?v=1729114889,pdf
Commando,https://assets.scriptslug.com/live/pdf/scripts/commando-1985.pdf?v=1729114889,pdf
Con Air,https://assets.scriptslug.com/live/pdf/scripts/con-air-1997.pdf?v=1729114889,pdf
Conclave,https://assets.scriptslug.com/live/pdf/scripts/conclave-2024.pdf?v=1738463617,pdf
Coneheads,https://assets.scriptslug.com/live/pdf/scripts/conheads-1993.pdf?v=1729114890,pdf
Confessions Of A Dangerous Mind,https://imsdb.com//scripts//Confessions-of-a-Dangerous-Mind.html,html
Confidence,https://imsdb.com//scripts//Confidence.html,html
Constantine,https://assets.scriptslug.com/live/pdf/scripts/constantine-2005.pdf?v=1729114890,pdf
Contact,https://assets.scriptslug.com/live/pdf/scripts/contact-1997.pdf?v=1729114890,pdf
Contagion,https://assets.scriptslug.com/live/pdf/scripts/contagion-2011.pdf?v=1729114890,pdf
Cool Hand Luke,https://assets.scriptslug.com/live/pdf/scripts/cool-hand-luke-1967.pdf?v=1729114890,pdf
Cool Runnings,https://assets.scriptslug.com/live/pdf/scripts/cool-runnings-1993.pdf?v=1729114890,pdf
Copycat,https://assets.scriptslug.com/live/pdf/scripts/copycat-1995.pdf?v=1729114890,pdf
Coraline,https://assets.scriptslug.com/live/pdf/scripts/coraline-2009.pdf?v=1729114890,pdf
Coriolanus,https://imsdb.com//scripts//Coriolanus.html,html
Corpse Bride,https://assets.scriptslug.com/live/pdf/scripts/corpse-bride-2005.pdf?v=1729114891,pdf
Courage Under Fire,https://assets.scriptslug.com/live/pdf/scripts/courage-under-fire-1996.pdf?v=1729114891,pdf
Cradle 2 The Grave,https://imsdb.com//scripts//Cradle-2-the-Grave.html,html
Crank,https://imsdb.com//scripts//Crank.html,html
Crash,https://assets.scriptslug.com/live/pdf/scripts/crash-2004.pdf?v=1729114891,pdf
Crawl,https://assets.scriptslug.com/live/pdf/scripts/crawl-2019.pdf?v=1729114891,pdf
Crazy Rich Asians,https://assets.scriptslug.com/live/pdf/scripts/crazy-rich-asians-2018.pdf?v=1729114891,pdf
Crazy Stupid Love,https://assets.scriptslug.com/live/pdf/scripts/crazy-stupid-love-2011.pdf?v=1729114891,pdf
Crazylove,https://imsdb.com//scripts//Crazylove.html,html
Creation,https://imsdb.com//scripts//Creation.html,html
Creed,https://assets.scriptslug.com/live/pdf/scripts/creed-2015.pdf?v=1729114891,pdf
Creed 2,https://assets.scriptslug.com/live/pdf/scripts/creed-ii-2018.pdf?v=1729114891,pdf
Creed 3,https://assets.scriptslug.com/live/pdf/scripts/creed-iii-2023.pdf?v=1729114891,pdf
Crime Spree,https://imsdb.com//scripts//Crime-Spree.html,html
Crimson Peak,https://assets.scriptslug.com/live/pdf/scripts/crimson-peak-2015.pdf?v=1729114891,pdf
Critters,https://assets.scriptslug.com/live/pdf/scripts/critters-1986.pdf?v=1729114892,pdf
Crouching Tiger Hidden Dragon,"https://imsdb.com//scripts//Crouching-Tiger,-Hidden-Dragon.html",html
Croupier,https://imsdb.com//scripts//Croupier.html,html
Cruel Intentions,https://imsdb.com//scripts//Cruel-Intentions.html,html
Crying Game,https://imsdb.com//scripts//Crying-Game.html,html
Cube,https://imsdb.com//scripts//Cube.html,html
Curly Sue,https://assets.scriptslug.com/live/pdf/scripts/curly-sue-1991.pdf?v=1729114892,pdf
Custody,https://imsdb.com//scripts//Custody.html,html
Cyrano,https://assets.scriptslug.com/live/pdf/scripts/cyrano-2022.pdf?v=1729114892,pdf
D2 The Mighty Ducks,https://assets.scriptslug.com/live/pdf/scripts/d2-the-mighty-ducks-1994.pdf?v=1729114892,pdf
D3 The Mighty Ducks,https://assets.scriptslug.com/live/pdf/scripts/d3-the-mighty-ducks-1996.pdf?v=1729114892,pdf
Da 5 Bloods,https://assets.scriptslug.com/live/pdf/scripts/da-5-bloods-2020.pdf?v=1729114892,pdf
Dallas Buyers Club,https://assets.scriptslug.com/live/pdf/scripts/dallas-buyers-club-2013.pdf?v=1729114892,pdf
Dances With Wolves,https://assets.scriptslug.com/live/pdf/scripts/dances-with-wolves-1990.pdf?v=1729114892,pdf
Daredevil,https://assets.scriptslug.com/live/pdf/scripts/daredevil-2003.pdf?v=1729114892,pdf
Dark City,https://assets.scriptslug.com/live/pdf/scripts/dark-city-1998.pdf?v=1729114893,pdf
Dark Star,https://imsdb.com//scripts//Dark-Star.html,html
Darker Than Amber,https://assets.scriptslug.com/live/pdf/scripts/darker-than-amber-1970.pdf?v=1729114893,pdf
Darkest Hour,https://assets.scriptslug.com/live/pdf/scripts/darkest-hour-2017.pdf?v=1729114893,pdf
Darkman,https://assets.scriptslug.com/live/pdf/scripts/darkman-1990.pdf?v=1729114893,pdf
Date Night,https://imsdb.com//scripts//Date-Night.html,html
Dave Barrys Complete Guide To Guys,https://imsdb.com//scripts//Dave-Barry's-Complete-Guide-to-Guys.html,html
Dawn Of The Dead,https://assets.scriptslug.com/live/pdf/scripts/dawn-of-the-dead-2004.pdf?v=1729114893,pdf
Dawn Of The Planet Of The Apes,https://assets.scriptslug.com/live/pdf/scripts/dawn-of-the-planet-of-the-apes-2014.pdf?v=1729114893,pdf
Day Of The Dead,https://imsdb.com//scripts//Day-of-the-Dead.html,html
Days Of Heaven,https://assets.scriptslug.com/live/pdf/scripts/days-of-heaven-1978.pdf?v=1729114893,pdf
Dazed And Confused,https://assets.scriptslug.com/live/pdf/scripts/dazed-and-confused-1993.pdf?v=1729114893,pdf
Dead Poets Society,https://assets.scriptslug.com/live/pdf/scripts/dead-poets-society-1989.pdf?v=1729114893,pdf
Deadpool,https://assets.scriptslug.com/live/pdf/scripts/deadpool-2016.pdf?v=1729114893,pdf
Deadpool & Wolverine,https://assets.scriptslug.com/live/pdf/scripts/deadpool-and-wolverine-2024.pdf?v=1738462441,pdf
Dear White People,https://assets.scriptslug.com/live/pdf/scripts/dear-white-people-2014.pdf?v=1729114894,pdf
Death At A Funeral,https://assets.scriptslug.com/live/pdf/scripts/death-at-a-funeral-2007.pdf?v=1729114894,pdf
Death Becomes Her,https://assets.scriptslug.com/live/pdf/scripts/death-becomes-her-1992.pdf?v=1729114894,pdf
Death Note,https://assets.scriptslug.com/live/pdf/scripts/death-note-2017.pdf?v=1729114894,pdf
Death Proof,https://assets.scriptslug.com/live/pdf/scripts/death-proof-2007.pdf?v=1729114894,pdf
Death To Smoochy,https://imsdb.com//scripts//Death-to-Smoochy.html,html
Deception,https://imsdb.com//scripts//Deception.html,html
Deep Cover,https://imsdb.com//scripts//Deep-Cover.html,html
Deep Rising,https://imsdb.com//scripts//Deep-Rising.html,html
Deep Star Six,https://assets.scriptslug.com/live/pdf/scripts/deep-star-six-1989.pdf?v=1729114895,pdf
Defiance,https://imsdb.com//scripts//Defiance.html,html
Demolition Man,https://assets.scriptslug.com/live/pdf/scripts/demolition-man-1993.pdf?v=1729114895,pdf
Den Of Thieves,https://assets.scriptslug.com/live/pdf/scripts/den-of-thieves-2018.pdf?v=1729114895,pdf
Denial,https://assets.scriptslug.com/live/pdf/scripts/denial-2016.pdf?v=1729114895,pdf
Despicable Me 2,https://imsdb.com//scripts//Despicable-Me-2.html,html
Destroyer,https://assets.scriptslug.com/live/pdf/scripts/destroyer-2018.pdf?v=1729114895,pdf
Detroit Rock City,https://imsdb.com//scripts//Detroit-Rock-City.html,html
Devil In A Blue Dress,https://imsdb.com//scripts//Devil-in-a-Blue-Dress.html,html
Devils Advocate,https://imsdb.com//scripts//Devil's-Advocate.html,html
Die Hard,https://assets.scriptslug.com/live/pdf/scripts/die-hard-1988.pdf?v=1729114895,pdf
Die Hard 2,https://assets.scriptslug.com/live/pdf/scripts/die-hard-2-1990.pdf?v=1729114896,pdf
Die Hard With A Vengeance,https://assets.scriptslug.com/live/pdf/scripts/die-hard-with-a-vengeance-1995.pdf?v=1729114896,pdf
Diner,https://imsdb.com//scripts//Diner.html,html
Dinner For Schmucks,https://assets.scriptslug.com/live/pdf/scripts/dinner-for-schmucks-2010.pdf?v=1729114896,pdf
Dirty Girl,https://assets.scriptslug.com/live/pdf/scripts/dirty-girl-2010.pdf?v=1729114896,pdf
Dirty Harry,https://assets.scriptslug.com/live/pdf/scripts/dirty-harry-1971.pdf?v=1729114896,pdf
Disclosure,https://assets.scriptslug.com/live/pdf/scripts/disclosure-1994.pdf?v=1729114896,pdf
Disobedience,https://assets.scriptslug.com/live/pdf/scripts/disobedience-2018.pdf?v=1729114896,pdf
Disorderlies,https://assets.scriptslug.com/live/pdf/scripts/disorderlies-1987.pdf?v=1729114896,pdf
Disturbia,https://imsdb.com//scripts//Disturbia.html,html
Django Unchained,https://assets.scriptslug.com/live/pdf/scripts/django-unchained-2012.pdf?v=1729114896,pdf
Do The Right Thing,https://assets.scriptslug.com/live/pdf/scripts/do-the-right-thing-1989.pdf?v=1729114896,pdf
Doctor Sleep,https://assets.scriptslug.com/live/pdf/scripts/doctor-sleep-2019.pdf?v=1729114897,pdf
Doctor Zhivago,https://assets.scriptslug.com/live/pdf/scripts/doctor-zhivago-1965.pdf?v=1729114897,pdf
Dog Day Afternoon,https://imsdb.com//scripts//Dog-Day-Afternoon.html,html
Dogma,https://assets.scriptslug.com/live/pdf/scripts/dogma-1999.pdf?v=1729114897,pdf
Dolemite Is My Name,https://assets.scriptslug.com/live/pdf/scripts/dolemite-is-my-name-2019.pdf?v=1729114897,pdf
Dominion,https://assets.scriptslug.com/live/pdf/scripts/dominion-2005.pdf?v=1729114897,pdf
Donnie Brasco,https://assets.scriptslug.com/live/pdf/scripts/donnie-brasco-1997.pdf?v=1729114897,pdf
Donnie Darko,https://assets.scriptslug.com/live/pdf/scripts/donnie-darko-2001.pdf?v=1729114897,pdf
Dont Look Now,https://assets.scriptslug.com/live/pdf/scripts/dont-look-now-1973.pdf?v=1729114897,pdf
Dont Look Up,https://assets.scriptslug.com/live/pdf/scripts/dont-look-up-2021.pdf?v=1729114898,pdf
Dont Worry Darling,https://assets.scriptslug.com/live/pdf/scripts/dont-worry-darling-2022.pdf?v=1729114898,pdf
Doom,https://assets.scriptslug.com/live/pdf/scripts/doom-2005.pdf?v=1729114898,pdf
Dope,https://assets.scriptslug.com/live/pdf/scripts/dope-2015.pdf?v=1729114898,pdf
Double Indemnity,https://imsdb.com//scripts//Double-Indemnity.html,html
Doubt,https://assets.scriptslug.com/live/pdf/scripts/doubt-2008.pdf?v=1729114898,pdf
Downhill,https://assets.scriptslug.com/live/pdf/scripts/downhill-2020.pdf?v=1729114898,pdf
Downsizing,https://assets.scriptslug.com/live/pdf/scripts/downsizing-2017.pdf?v=1729114898,pdf
Downton Abbey,https://assets.scriptslug.com/live/pdf/scripts/downton-abbey-2019.pdf?v=1729114898,pdf
Dr Horribles Sing Along Blog,https://assets.scriptslug.com/live/pdf/scripts/dr-horribles-sing-along-blog-2008.pdf?v=1729114898,pdf
Dr No,https://assets.scriptslug.com/live/pdf/scripts/dr-no-1962.pdf?v=1729114899,pdf
Dr Strangelove Or How I Learned To Stop Worrying And Love The Bomb,https://assets.scriptslug.com/live/pdf/scripts/dr-strangelove-or-how-i-learned-to-stop-worrying-and-love-the-bomb-1964.pdf?v=1729114899,pdf
Drag Me To Hell,https://assets.scriptslug.com/live/pdf/scripts/drag-me-to-hell-2009.pdf?v=1729114899,pdf
Dragonheart,https://assets.scriptslug.com/live/pdf/scripts/dragonheart-1996.pdf?v=1729114899,pdf
Dragonslayer,https://imsdb.com//scripts//Dragonslayer.html,html
Dream Scenario,https://assets.scriptslug.com/live/pdf/scripts/dream-scenario-2023.pdf?v=1729114899,pdf
Dredd,https://assets.scriptslug.com/live/pdf/scripts/dredd-2012.pdf?v=1729114899,pdf
Dressed To Kill,https://assets.scriptslug.com/live/pdf/scripts/dressed-to-kill-1980.pdf?v=1729114899,pdf
Drive,https://assets.scriptslug.com/live/pdf/scripts/drive-2011.pdf?v=1729114899,pdf
Drive Angry,https://imsdb.com//scripts//Drive-Angry.html,html
Driving Miss Daisy,https://assets.scriptslug.com/live/pdf/scripts/driving-miss-daisy-1989.pdf?v=1729114899,pdf
Drop Dead Gorgeous,https://imsdb.com//scripts//Drop-Dead-Gorgeous.html,html
Dry White Season A,"https://imsdb.com//scripts//Dry-White-Season,-A.html",html
Duck Soup,https://imsdb.com//scripts//Duck-Soup.html,html
Dumb And Dumber,https://imsdb.com//scripts//Dumb-and-Dumber.html,html
Dumb Money,https://assets.scriptslug.com/live/pdf/scripts/dumb-money-2023.pdf?v=1729114900,pdf
Dune,https://assets.scriptslug.com/live/pdf/scripts/dune-1984.pdf?v=1729114900,pdf
Dune,https://assets.scriptslug.com/live/pdf/scripts/dune-2021.pdf?v=1729114900,pdf
Dune Part One,https://imsdb.com//scripts//Dune-Part-One.html,html
Dunkirk,https://assets.scriptslug.com/live/pdf/scripts/dunkirk-2017.pdf?v=1729114900,pdf
Duplicity,https://assets.scriptslug.com/live/pdf/scripts/duplicity-2009.pdf?v=1729114900,pdf
Dutch,https://assets.scriptslug.com/live/pdf/scripts/dutch-1991.pdf?v=1729114900,pdf
Eagle Eye,https://imsdb.com//scripts//Eagle-Eye.html,html
Eastern Promises,https://imsdb.com//scripts//Eastern-Promises.html,html
Easy A,https://assets.scriptslug.com/live/pdf/scripts/easy-a-2010.pdf?v=1729114900,pdf
Ed Tv,https://imsdb.com//scripts//Ed-TV.html,html
Ed Wood,https://assets.scriptslug.com/live/pdf/scripts/ed-wood-1994.pdf?v=1729114900,pdf
Eddie The Eagle,https://assets.scriptslug.com/live/pdf/scripts/eddie-the-eagle-2016.pdf?v=1729114901,pdf
Edge Of Tomorrow,https://assets.scriptslug.com/live/pdf/scripts/edge-of-tomorrow-2014.pdf?v=1729114901,pdf
Edward Scissorhands,https://assets.scriptslug.com/live/pdf/scripts/edward-scissorhands-1990.pdf?v=1729114901,pdf
Eight Legged Freaks,https://imsdb.com//scripts//Eight-Legged-Freaks.html,html
Eighth Grade,https://assets.scriptslug.com/live/pdf/scripts/eighth-grade-2018.pdf?v=1729114901,pdf
El Mariachi,https://imsdb.com//scripts//El-Mariachi.html,html
Election,https://assets.scriptslug.com/live/pdf/scripts/election-1999.pdf?v=1730829431,pdf
Elemental,https://assets.scriptslug.com/live/pdf/scripts/elemental-2023.pdf?v=1729114901,pdf
Elizabeth The Golden Age,https://imsdb.com//scripts//Elizabeth-The-Golden-Age.html,html
Elvis,https://assets.scriptslug.com/live/pdf/scripts/elvis-2022.pdf?v=1729114901,pdf
Elysium,https://assets.scriptslug.com/live/pdf/scripts/elysium-2013.pdf?v=1729114901,pdf
Emancipation,https://assets.scriptslug.com/live/pdf/scripts/emancipation-2023.pdf?v=1729114901,pdf
Emergency,https://assets.scriptslug.com/live/pdf/scripts/emergency-2022.pdf?v=1729114902,pdf
Emilia Pérez,https://assets.scriptslug.com/live/pdf/scripts/emilia-perez-2024.pdf?v=1738463837,pdf
Emma,https://assets.scriptslug.com/live/pdf/scripts/emma-2020.pdf?v=1729114902,pdf
Empire Of Light,https://assets.scriptslug.com/live/pdf/scripts/empire-of-light-2022.pdf?v=1729114902,pdf
Encanto,https://assets.scriptslug.com/live/pdf/scripts/encanto-2021.pdf?v=1729114902,pdf
Encounter,https://assets.scriptslug.com/live/pdf/scripts/encounter-2021.pdf?v=1729114902,pdf
End Of Watch,https://assets.scriptslug.com/live/pdf/scripts/end-of-watch-2012.pdf?v=1729114902,pdf
Enemy Of The State,https://imsdb.com//scripts//Enemy-of-the-State.html,html
Enough,https://imsdb.com//scripts//Enough.html,html
Enough Said,https://assets.scriptslug.com/live/pdf/scripts/enough-said-2013.pdf?v=1729114902,pdf
Entrapment,https://imsdb.com//scripts//Entrapment.html,html
Equity,https://assets.scriptslug.com/live/pdf/scripts/equity-2016.pdf?v=1729114902,pdf
Eraser,https://assets.scriptslug.com/live/pdf/scripts/eraser-1996.pdf?v=1729114903,pdf
Erik The Viking,https://imsdb.com//scripts//Erik-the-Viking.html,html
Erin Brockovich,https://assets.scriptslug.com/live/pdf/scripts/erin-brockovich-2000.pdf?v=1729114903,pdf
Escape From La,https://imsdb.com//scripts//Escape-From-L.A..html,html
Escape From New York,https://imsdb.com//scripts//Escape-From-New-York.html,html
Et,https://imsdb.com//scripts//E.T..html,html
Et The Extra Terrestrial,https://assets.scriptslug.com/live/pdf/scripts/e-t-the-extra-terrestrial-1982.pdf?v=1729114900,pdf
Eternal Sunshine Of The Spotless Mind,https://assets.scriptslug.com/live/pdf/scripts/eternal-sunshine-of-the-spotless-mind-2004.pdf?v=1729114903,pdf
Even Cowgirls Get The Blues,https://imsdb.com//scripts//Even-Cowgirls-Get-the-Blues.html,html
Event Horizon,https://assets.scriptslug.com/live/pdf/scripts/event-horizon-1997.pdf?v=1729114904,pdf
Everything Everywhere All At Once,https://assets.scriptslug.com/live/pdf/scripts/everything-everywhere-all-at-once-2022.pdf?v=1729114904,pdf
Evil Dead,https://assets.scriptslug.com/live/pdf/scripts/evil-dead-2013.pdf?v=1729114904,pdf
Evil Dead 2,https://assets.scriptslug.com/live/pdf/scripts/evil-dead-ii-1987.pdf?v=1729114904,pdf
Evil Dead 2 Dead By Dawn,https://imsdb.com//scripts//Evil-Dead-II-Dead-by-Dawn.html,html
Evolution,https://assets.scriptslug.com/live/pdf/scripts/evolution-2001.pdf?v=1729114905,pdf
Ex Machina,https://assets.scriptslug.com/live/pdf/scripts/ex-machina-2015.pdf?v=1729114905,pdf
Excalibur,https://assets.scriptslug.com/live/pdf/scripts/excalibur-1981.pdf?v=1729114905,pdf
Exorcist 2 The Heretic,https://assets.scriptslug.com/live/pdf/scripts/exorcist-ii-the-heretic-1977.pdf?v=1729114905,pdf
Extract,https://imsdb.com//scripts//Extract.html,html
Extremely Wicked Shockingly Evil And Vile,https://assets.scriptslug.com/live/pdf/scripts/extremely-wicked-shockingly-evil-and-vile-2019.pdf?v=1729114905,pdf
Eye In The Sky,https://assets.scriptslug.com/live/pdf/scripts/eye-in-the-sky-2016.pdf?v=1729114905,pdf
Eyes Wide Shut,https://assets.scriptslug.com/live/pdf/scripts/eyes-wide-shut-1999.pdf?v=1729114905,pdf
Face Off,https://imsdb.com//scripts//Face-Off.html,html
Fair Game,https://imsdb.com//scripts//Fair-Game.html,html
Fair Play,https://assets.scriptslug.com/live/pdf/scripts/fair-play-2023.pdf?v=1729114905,pdf
Fairytale A True Story,https://imsdb.com//scripts//FairyTale-A-True-Story.html,html
Fanboys,https://assets.scriptslug.com/live/pdf/scripts/fanboys-2009.pdf?v=1729114906,pdf
Fantastic Beasts And Where To Find Them,https://assets.scriptslug.com/live/pdf/scripts/fantastic-beasts-and-where-to-find-them-2016.pdf?v=1729114906,pdf
Fantastic Beasts The Crimes Of Grindelwald,https://assets.scriptslug.com/live/pdf/scripts/fantastic-beasts-the-crimes-of-grindelwald-2018.pdf?v=1729114906,pdf
Fantastic Beasts The Secrets Of Dumbledore,https://assets.scriptslug.com/live/pdf/scripts/fantastic-beasts-the-secrets-of-dumbledore-2022.pdf?v=1729114906,pdf
Fantastic Four,https://imsdb.com//scripts//Fantastic-Four.html,html
Fantastic Mr Fox,https://assets.scriptslug.com/live/pdf/scripts/fantastic-mr-fox-2009.pdf?v=1729114906,pdf
Fargo,https://assets.scriptslug.com/live/pdf/scripts/fargo-1996.pdf?v=1729114906,pdf
Fast Color,https://assets.scriptslug.com/live/pdf/scripts/fast-color-2019.pdf?v=1729114907,pdf
Fast Times At Ridgemont High,https://imsdb.com//scripts//Fast-Times-at-Ridgemont-High.html,html
Fatal Attraction,https://assets.scriptslug.com/live/pdf/scripts/fatal-attraction-1987.pdf?v=1729114907,pdf
Fatal Instinct,https://imsdb.com//scripts//Fatal-Instinct.html,html
Faults,https://assets.scriptslug.com/live/pdf/scripts/faults-2014.pdf?v=1729114907,pdf
Fear And Loathing In Las Vegas,https://imsdb.com//scripts//Fear-and-Loathing-in-Las-Vegas.html,html
Fear Street Part One 1994,https://assets.scriptslug.com/live/pdf/scripts/fear-street-part-one-1994-2021.pdf?v=1729114907,pdf
Feast,https://imsdb.com//scripts//Feast.html,html
Fences,https://assets.scriptslug.com/live/pdf/scripts/fences-2016.pdf?v=1729114907,pdf
Ferrari,https://assets.scriptslug.com/live/pdf/scripts/ferrari-2023.pdf?v=1729114907,pdf
Ferris Buellers Day Off,https://assets.scriptslug.com/live/pdf/scripts/ferris-buellers-day-off-1986.pdf?v=1729114907,pdf
Field Of Dreams,https://assets.scriptslug.com/live/pdf/scripts/field-of-dreams-1989.pdf?v=1729114908,pdf
Fight Club,https://assets.scriptslug.com/live/pdf/scripts/fight-club-2000.pdf?v=1729114908,pdf
Fighting With My Family,,pdf
Film Stars Dont Die In Liverpool,https://assets.scriptslug.com/live/pdf/scripts/film-stars-dont-die-in-liverpool-2017.pdf?v=1729114908,pdf
Final Destination,https://assets.scriptslug.com/live/pdf/scripts/final-destination-2000.pdf?v=1729114908,pdf
Final Destination 2,https://imsdb.com//scripts//Final-Destination-2.html,html
Finding Nemo,https://assets.scriptslug.com/live/pdf/scripts/finding-nemo-2003.pdf?v=1729114908,pdf
First Blood,https://assets.scriptslug.com/live/pdf/scripts/first-blood-1982.pdf?v=1729114908,pdf
First Cow,https://assets.scriptslug.com/live/pdf/scripts/first-cow-2020.pdf?v=1729114908,pdf
First Man,https://assets.scriptslug.com/live/pdf/scripts/first-man-2018.pdf?v=1729114908,pdf
First Reformed,https://assets.scriptslug.com/live/pdf/scripts/first-reformed-2018.pdf?v=1729114908,pdf
First They Killed My Father,https://assets.scriptslug.com/live/pdf/scripts/first-they-killed-my-father-2017.pdf?v=1729114909,pdf
Five Easy Pieces,https://imsdb.com//scripts//Five-Easy-Pieces.html,html
Flash Gordon,https://imsdb.com//scripts//Flash-Gordon.html,html
Flashdance,https://assets.scriptslug.com/live/pdf/scripts/flashdance-1983.pdf?v=1729114909,pdf
Flatliners,https://assets.scriptslug.com/live/pdf/scripts/flatliners-2017.pdf?v=1729114909,pdf
Fletch,https://imsdb.com//scripts//Fletch.html,html
Flight,https://assets.scriptslug.com/live/pdf/scripts/flight-2012.pdf?v=1729114909,pdf
Flora And Son,https://assets.scriptslug.com/live/pdf/scripts/flora-and-son-2023.pdf?v=1729114909,pdf
Focus,https://assets.scriptslug.com/live/pdf/scripts/focus-2015.pdf?v=1729114909,pdf
Foe,https://assets.scriptslug.com/live/pdf/scripts/foe-2023.pdf?v=1729114909,pdf
Following,https://assets.scriptslug.com/live/pdf/scripts/following-1998.pdf?v=1729114909,pdf
For Your Eyes Only,https://assets.scriptslug.com/live/pdf/scripts/for-your-eyes-only-1981.pdf?v=1729114909,pdf
Ford V Ferrari,https://assets.scriptslug.com/live/pdf/scripts/ford-v-ferrari-2019.pdf?v=1729114910,pdf
Forrest Gump,https://assets.scriptslug.com/live/pdf/scripts/forrest-gump-1994.pdf?v=1729114910,pdf
Four Feathers,https://imsdb.com//scripts//Four-Feathers.html,html
Four Rooms,https://assets.scriptslug.com/live/pdf/scripts/four-rooms-1995.pdf?v=1729114910,pdf
Four Weddings And A Funeral,https://assets.scriptslug.com/live/pdf/scripts/four-weddings-and-a-funeral-1994.pdf?v=1729114910,pdf
Foxcatcher,https://assets.scriptslug.com/live/pdf/scripts/foxcatcher-2014.pdf?v=1729114910,pdf
Fracture,https://imsdb.com//scripts//Fracture.html,html
Frailty,https://assets.scriptslug.com/live/pdf/scripts/frailty-2001.pdf?v=1729114910,pdf
Frances,https://imsdb.com//scripts//Frances.html,html
Frances Ha,https://assets.scriptslug.com/live/pdf/scripts/frances-ha-2012.pdf?v=1729114910,pdf
Frank,https://assets.scriptslug.com/live/pdf/scripts/frank-2014.pdf?v=1729114910,pdf
Frankensteins Army,https://assets.scriptslug.com/live/pdf/scripts/frankensteins-army-2013.pdf?v=1729114910,pdf
Frankenweenie,https://assets.scriptslug.com/live/pdf/scripts/frankenweenie-2012.pdf?v=1729114910,pdf
Frankie,https://assets.scriptslug.com/live/pdf/scripts/frankie-2019.pdf?v=1729114911,pdf
Frantic,https://assets.scriptslug.com/live/pdf/scripts/frantic-1988.pdf?v=1729114911,pdf
Freaked,https://imsdb.com//scripts//Freaked.html,html
Fred Claus,https://assets.scriptslug.com/live/pdf/scripts/fred-claus-2007.pdf?v=1729114911,pdf
Freddy Vs Jason,https://assets.scriptslug.com/live/pdf/scripts/freddy-vs-jason-2003.pdf?v=1729114911,pdf
Free Fire,https://assets.scriptslug.com/live/pdf/scripts/free-fire-2016.pdf?v=1729114911,pdf
Free Guy,https://assets.scriptslug.com/live/pdf/scripts/free-guy-2021.pdf?v=1729114911,pdf
Frequency,https://assets.scriptslug.com/live/pdf/scripts/frequency-2000.pdf?v=1729114911,pdf
Fresh,https://assets.scriptslug.com/live/pdf/scripts/fresh-2022.pdf?v=1729114911,pdf
Freuds Last Session,https://assets.scriptslug.com/live/pdf/scripts/freuds-last-session-2023.pdf?v=1729114911,pdf
Friday,https://assets.scriptslug.com/live/pdf/scripts/friday-1995.pdf?v=1729114911,pdf
Friday The 13th,https://assets.scriptslug.com/live/pdf/scripts/friday-the-13th-1980.pdf?v=1729114912,pdf
Friday The 13th Part 6 Jason Lives,https://assets.scriptslug.com/live/pdf/scripts/friday-the-13th-part-vi-jason-lives-1986.pdf?v=1729114912,pdf
Friday The 13th Part 8 Jason Takes Manhattan,https://imsdb.com//scripts//Friday-the-13th-Part-VIII-Jason-Takes-Manhattan.html,html
Fright Night,https://imsdb.com//scripts//Fright-Night.html,html
Fright Night (1985),https://imsdb.com//scripts//Fright-Night-(1985).html,html
From Dusk Till Dawn,https://assets.scriptslug.com/live/pdf/scripts/from-dusk-till-dawn-1996.pdf?v=1729114913,pdf
From Here To Eternity,https://imsdb.com//scripts//From-Here-to-Eternity.html,html
From Russia With Love,https://assets.scriptslug.com/live/pdf/scripts/from-russia-with-love-1963.pdf?v=1729114913,pdf
Frost / Nixon,https://assets.scriptslug.com/live/pdf/scripts/frost-nixon-2008.pdf?v=1729114913,pdf
Frozen,https://assets.scriptslug.com/live/pdf/scripts/frozen-2013.pdf?v=1729114913,pdf
Frozen (disney),https://imsdb.com//scripts//Frozen-(Disney).html,html
Frozen River,https://imsdb.com//scripts//Frozen-River.html,html
Fruitvale Station,https://assets.scriptslug.com/live/pdf/scripts/fruitvale-station-2013.pdf?v=1729114913,pdf
Full Metal Jacket,https://assets.scriptslug.com/live/pdf/scripts/full-metal-jacket-1987.pdf?v=1729114913,pdf
Funny People,https://imsdb.com//scripts//Funny-People.html,html
Fury,https://assets.scriptslug.com/live/pdf/scripts/fury-2014.pdf?v=1729114913,pdf
Game 6,https://imsdb.com//scripts//Game-6.html,html
Game Night,https://assets.scriptslug.com/live/pdf/scripts/game-night-2018.pdf?v=1729114913,pdf
Gamer,https://imsdb.com//scripts//Gamer.html,html
Gandhi,https://imsdb.com//scripts//Gandhi.html,html
Gang Related,https://imsdb.com//scripts//Gang-Related.html,html
Gangs Of New York,https://imsdb.com//scripts//Gangs-of-New-York.html,html
Garden State,https://assets.scriptslug.com/live/pdf/scripts/garden-state-2004.pdf?v=1729114914,pdf
Gattaca,https://assets.scriptslug.com/live/pdf/scripts/gattaca-1997.pdf?v=1729114915,pdf
Gemini Man,https://assets.scriptslug.com/live/pdf/scripts/gemini-man-2019.pdf?v=1729114915,pdf
Geostorm,https://assets.scriptslug.com/live/pdf/scripts/geostorm-2017.pdf?v=1729114915,pdf
Get Carter,https://assets.scriptslug.com/live/pdf/scripts/get-carter-1971.pdf?v=1729114915,pdf
Get Low,https://assets.scriptslug.com/live/pdf/scripts/get-low-2009.pdf?v=1729114915,pdf
Get On Up,https://assets.scriptslug.com/live/pdf/scripts/get-on-up-2014.pdf?v=1729114915,pdf
Get Out,https://assets.scriptslug.com/live/pdf/scripts/get-out-2017.pdf?v=1729114915,pdf
Get Rich Or Die Tryin,https://assets.scriptslug.com/live/pdf/scripts/get-rich-or-die-tryin-2005.pdf?v=1729114915,pdf
Get Shorty,https://imsdb.com//scripts//Get-Shorty.html,html
Ghost,https://assets.scriptslug.com/live/pdf/scripts/ghost-1990.pdf?v=1729114915,pdf
Ghost Rider,https://assets.scriptslug.com/live/pdf/scripts/ghost-rider-2007.pdf?v=1729114915,pdf
Ghost Ship,https://imsdb.com//scripts//Ghost-Ship.html,html
Ghost World,https://imsdb.com//scripts//Ghost-World.html,html
Ghostbusters,https://assets.scriptslug.com/live/pdf/scripts/ghostbusters-1984.pdf?v=1729114915,pdf
Ghostbusters 2,https://assets.scriptslug.com/live/pdf/scripts/ghostbusters-ii-1989.pdf?v=1729114916,pdf
Gi Jane,https://imsdb.com//scripts//G.I.-Jane.html,html
Gi Joe The Rise Of Cobra,https://imsdb.com//scripts//G.I.-Joe-The-Rise-of-Cobra.html,html
Ginger Snaps,https://assets.scriptslug.com/live/pdf/scripts/ginger-snaps-2000.pdf?v=1729114916,pdf
Girl With The Pearl Earring,https://assets.scriptslug.com/live/pdf/scripts/girl-with-the-pearl-earring-2003.pdf?v=1729114916,pdf
Girls Trip,https://assets.scriptslug.com/live/pdf/scripts/girls-trip-2017.pdf?v=1729114916,pdf
Gladiator,https://assets.scriptslug.com/live/pdf/scripts/gladiator-2000.pdf?v=1729114916,pdf
Gladiator 2,https://assets.scriptslug.com/live/pdf/scripts/gladiator-2-2024.pdf?v=1739815888,pdf
Glass Onion A Knives Out Mystery,https://assets.scriptslug.com/live/pdf/scripts/glass-onion-a-knives-out-mystery-2022.pdf?v=1729114916,pdf
Glengarry Glen Gross,https://imsdb.com//scripts//Glengarry-Glen-Gross.html,html
Go,https://imsdb.com//scripts//Go.html,html
Godfather,https://imsdb.com//scripts//Godfather.html,html
Godfather Part 2,https://imsdb.com//scripts//Godfather-Part-II.html,html
Gods And Monsters,https://imsdb.com//scripts//Gods-and-Monsters.html,html
Godzilla,https://assets.scriptslug.com/live/pdf/scripts/godzilla-2014.pdf?v=1729114916,pdf
Gold,https://assets.scriptslug.com/live/pdf/scripts/gold-2016.pdf?v=1729114917,pdf
Goldeneye,https://assets.scriptslug.com/live/pdf/scripts/goldeneye-1995.pdf?v=1729114917,pdf
Goldfinger,https://assets.scriptslug.com/live/pdf/scripts/goldfinger-1964.pdf?v=1729114917,pdf
Gone Baby Gone,https://assets.scriptslug.com/live/pdf/scripts/gone-baby-gone-2007.pdf?v=1729114917,pdf
Gone Girl,https://assets.scriptslug.com/live/pdf/scripts/gone-girl-2014.pdf?v=1729114917,pdf
Gone In 60 Seconds,https://imsdb.com//scripts//Gone-in-60-Seconds.html,html
Gone With The Wind,https://assets.scriptslug.com/live/pdf/scripts/gone-with-the-wind-1939.pdf?v=1729114917,pdf
Good Morning Vietnam,https://assets.scriptslug.com/live/pdf/scripts/good-morning-vietnam-1987.pdf?v=1729114917,pdf
Good Will Hunting,https://assets.scriptslug.com/live/pdf/scripts/good-will-hunting-1997.pdf?v=1729114917,pdf
Goodfellas,https://assets.scriptslug.com/live/pdf/scripts/goodfellas-1990.pdf?v=1729114917,pdf
Gothika,https://imsdb.com//scripts//Gothika.html,html
Grabbers,https://imsdb.com//scripts//Grabbers.html,html
Gran Torino,https://imsdb.com//scripts//Gran-Torino.html,html
Grand Hotel,https://imsdb.com//scripts//Grand-Hotel.html,html
Grand Theft Parsons,https://imsdb.com//scripts//Grand-Theft-Parsons.html,html
Gravity,https://assets.scriptslug.com/live/pdf/scripts/gravity-2013.pdf?v=1729114918,pdf
Grease,https://assets.scriptslug.com/live/pdf/scripts/grease-1978.pdf?v=1729114918,pdf
Green Book,https://assets.scriptslug.com/live/pdf/scripts/green-book-2018.pdf?v=1729114918,pdf
Green Lantern,https://assets.scriptslug.com/live/pdf/scripts/green-lantern-2011.pdf?v=1729114918,pdf
Green Room,https://assets.scriptslug.com/live/pdf/scripts/green-room-2015.pdf?v=1729114918,pdf
Greenberg,https://assets.scriptslug.com/live/pdf/scripts/greenberg-2010.pdf?v=1729114918,pdf
Gremlins,https://assets.scriptslug.com/live/pdf/scripts/gremlins-1984.pdf?v=1729114918,pdf
Gremlins 2,https://imsdb.com//scripts//Gremlins-2.html,html
Gremlins 2 The New Batch,https://assets.scriptslug.com/live/pdf/scripts/gremlins-2-the-new-batch-1990.pdf?v=1729114918,pdf
Grosse Point Blank,https://imsdb.com//scripts//Grosse-Point-Blank.html,html
Groundhog Day,https://assets.scriptslug.com/live/pdf/scripts/groundhog-day-1993.pdf?v=1729114919,pdf
Guardians Of The Galaxy Vol 2,https://assets.scriptslug.com/live/pdf/scripts/guardians-of-the-galaxy-vol-2-2017.pdf?v=1729114919,pdf
Guillermo Del Toros Pinocchio,https://assets.scriptslug.com/live/pdf/scripts/pinocchio-2022.pdf?v=1729114971,pdf
Gunpowder Milkshake,https://assets.scriptslug.com/live/pdf/scripts/gunpowder-milkshake-2021.pdf?v=1729114919,pdf
Hackers,https://assets.scriptslug.com/live/pdf/scripts/hackers-1995.pdf?v=1729114919,pdf
Hacksaw Ridge,https://assets.scriptslug.com/live/pdf/scripts/hacksaw-ridge-2016.pdf?v=1729114919,pdf
Hail Caesar,https://assets.scriptslug.com/live/pdf/scripts/hail-caesar-2016.pdf?v=1729114919,pdf
Hall Pass,https://assets.scriptslug.com/live/pdf/scripts/hall-pass-2011.pdf?v=1729114919,pdf
Halloween,https://assets.scriptslug.com/live/pdf/scripts/halloween-1978.pdf?v=1729114919,pdf
Halloween,https://assets.scriptslug.com/live/pdf/scripts/halloween-2018_2024-01-09-005255_xwtn.pdf?v=1729114920,pdf
Halloween 2,https://assets.scriptslug.com/live/pdf/scripts/halloween-ii-1981.pdf?v=1729114920,pdf
Halloween 3 Season Of The Witch,https://assets.scriptslug.com/live/pdf/scripts/halloween-iii-season-of-the-witch-1982.pdf?v=1729114920,pdf
Halloween 4 The Return Of Michael Myers,https://assets.scriptslug.com/live/pdf/scripts/halloween-4-the-return-of-michael-myers-1988.pdf?v=1729114920,pdf
Halloween 5 The Revenge Of Michael Myers,https://assets.scriptslug.com/live/pdf/scripts/halloween-5-1989.pdf?v=1729114920,pdf
Halloween 6 The Curse Of Michael Myers,https://assets.scriptslug.com/live/pdf/scripts/halloween-6-the-curse-of-michael-myers-1995.pdf?v=1729114920,pdf
Halloween H2o 20 Years Later,https://assets.scriptslug.com/live/pdf/scripts/halloween-h20-20-years-later-1998.pdf?v=1729114920,pdf
Halloween Kills,https://assets.scriptslug.com/live/pdf/scripts/halloween-kills-2021.pdf?v=1729114920,pdf
Halloween The Curse Of Michael Myers,https://imsdb.com//scripts//Halloween-The-Curse-of-Michael-Myers.html,html
Hancock,https://imsdb.com//scripts//Hancock.html,html
Hangin With The Homeboys,https://assets.scriptslug.com/live/pdf/scripts/hangin-with-the-homeboys-1991.pdf?v=1729114921,pdf
Hanna,https://assets.scriptslug.com/live/pdf/scripts/hanna-2011.pdf?v=1729114921,pdf
Hannah And Her Sisters,https://imsdb.com//scripts//Hannah-and-Her-Sisters.html,html
Hannibal,https://imsdb.com//scripts//Hannibal.html,html
Happy Birthday To Me,https://assets.scriptslug.com/live/pdf/scripts/happy-birthday-to-me-1981.pdf?v=1729114921,pdf
Happy Birthday Wanda June,"https://imsdb.com//scripts//Happy-Birthday,-Wanda-June.html",html
Happy Death Day,https://assets.scriptslug.com/live/pdf/scripts/happy-death-day-2017.pdf?v=1729114921,pdf
Happy Feet,https://imsdb.com//scripts//Happy-Feet.html,html
Hard Rain,https://imsdb.com//scripts//Hard-Rain.html,html
Hard To Kill,https://imsdb.com//scripts//Hard-to-Kill.html,html
Harlem Nights,https://assets.scriptslug.com/live/pdf/scripts/harlem-nights-1989.pdf?v=1729114921,pdf
Harold And Kumar Go To White Castle,https://imsdb.com//scripts//Harold-and-Kumar-Go-to-White-Castle.html,html
Harold And Maude,https://assets.scriptslug.com/live/pdf/scripts/harold-and-maude-1971.pdf?v=1729114921,pdf
Harriet,https://assets.scriptslug.com/live/pdf/scripts/harriet-2019.pdf?v=1729114921,pdf
Harry Potter And The Chamber Of Secrets,https://assets.scriptslug.com/live/pdf/scripts/harry-potter-and-the-chamber-of-secrets-2002.pdf?v=1729114922,pdf
Harry Potter And The Deathly Hallows Part 1,https://assets.scriptslug.com/live/pdf/scripts/harry-potter-and-the-deathly-hallows-part-1-2010.pdf?v=1729114922,pdf
Harry Potter And The Deathly Hallows Part 2,https://assets.scriptslug.com/live/pdf/scripts/harry-potter-and-the-deathly-hollows-part-2-2011.pdf?v=1729114922,pdf
Harry Potter And The Goblet Of Fire,https://assets.scriptslug.com/live/pdf/scripts/harry-potter-and-the-goblet-of-fire-2005.pdf?v=1729114922,pdf
Harry Potter And The Half Blood Prince,https://assets.scriptslug.com/live/pdf/scripts/harry-potter-and-the-half-blood-prince-2009.pdf?v=1729114922,pdf
Harry Potter And The Order Of The Phoenix,https://assets.scriptslug.com/live/pdf/scripts/harry-potter-and-the-order-of-the-phoenix-2007.pdf?v=1729114922,pdf
Harry Potter And The Prisoner Of Azkaban,https://assets.scriptslug.com/live/pdf/scripts/harry-potter-and-the-prisoner-of-azkaban-2004.pdf?v=1729114922,pdf
Harry Potter And The Sorcerers Stone,https://assets.scriptslug.com/live/pdf/scripts/harry-potter-and-the-sorcerers-stone-2001.pdf?v=1729114922,pdf
Heat,https://assets.scriptslug.com/live/pdf/scripts/heat-1995.pdf?v=1729114922,pdf
Heathers,https://assets.scriptslug.com/live/pdf/scripts/heathers-1988.pdf?v=1729114922,pdf
Heaven Can Wait,https://assets.scriptslug.com/live/pdf/scripts/heaven-can-wait-1978.pdf?v=1729114923,pdf
Heavenly Creatures,https://imsdb.com//scripts//Heavenly-Creatures.html,html
Heavy Metal,https://assets.scriptslug.com/live/pdf/scripts/heavy-metal-1981.pdf?v=1729114923,pdf
Heavyweights,https://assets.scriptslug.com/live/pdf/scripts/heavyweights-1995.pdf?v=1729114923,pdf
Heist,https://imsdb.com//scripts//Heist.html,html
Hell Or High Water,https://assets.scriptslug.com/live/pdf/scripts/hell-or-high-water-2016.pdf?v=1729114923,pdf
Hellbound Hellraiser 2,https://assets.scriptslug.com/live/pdf/scripts/hellbound-hellraiser-ii-1988.pdf?v=1729114923,pdf
Hellboy,https://assets.scriptslug.com/live/pdf/scripts/hellboy-2004.pdf?v=1729114923,pdf
Hellboy,https://assets.scriptslug.com/live/pdf/scripts/hellboy-2019.pdf?v=1729114923,pdf
Hellboy 2 The Golden Army,https://imsdb.com//scripts//Hellboy-2-The-Golden-Army.html,html
Hellraiser,https://assets.scriptslug.com/live/pdf/scripts/hellraiser-1987.pdf?v=1729114923,pdf
Hellraiser 3 Hell On Earth,https://imsdb.com//scripts//Hellraiser-3-Hell-on-Earth.html,html
Hellraiser Deader,https://assets.scriptslug.com/live/pdf/scripts/hellraiser-deader-2005.pdf?v=1729114923,pdf
Hellraiser Hellseeker,https://assets.scriptslug.com/live/pdf/scripts/hellraiser-hellseeker-2002.pdf?v=1729114924,pdf
Henry Fool,https://imsdb.com//scripts//Henry-Fool.html,html
Henrys Crime,https://imsdb.com//scripts//Henry's-Crime.html,html
Her,https://assets.scriptslug.com/live/pdf/scripts/her-2013.pdf?v=1729114924,pdf
Here Comes Peter Cottontail,https://imsdb.com//scripts//Here-Comes-Peter-Cottontail.html,html
Hereditary,https://assets.scriptslug.com/live/pdf/scripts/hereditary-2018.pdf?v=1729114924,pdf
Hes Just Not That Into You,https://imsdb.com//scripts//He's-Just-Not-That-Into-You.html,html
Hesher,https://imsdb.com//scripts//Hesher.html,html
Hidden Figures,https://assets.scriptslug.com/live/pdf/scripts/hidden-figures-2016.pdf?v=1729114924,pdf
High Fidelity,https://assets.scriptslug.com/live/pdf/scripts/high-fidelity-2000.pdf?v=1729114924,pdf
High Noon,https://assets.scriptslug.com/live/pdf/scripts/high-noon-1952.pdf?v=1729114924,pdf
Highlander,https://imsdb.com//scripts//Highlander.html,html
Highlander 2 The Quickening,https://assets.scriptslug.com/live/pdf/scripts/highlander-ii-the-quickening-1991.pdf?v=1729114924,pdf
Highlander Endgame,https://imsdb.com//scripts//Highlander-Endgame.html,html
His Girl Friday,https://imsdb.com//scripts//His-Girl-Friday.html,html
Hitchcock,https://assets.scriptslug.com/live/pdf/scripts/hitchcock-2012.pdf?v=1729114924,pdf
Hocus Pocus,https://assets.scriptslug.com/live/pdf/scripts/hocus-pocus-1993.pdf?v=1729114924,pdf
Hold The Dark,https://assets.scriptslug.com/live/pdf/scripts/hold-the-dark-2018.pdf?v=1729114925,pdf
Hollow Man,https://assets.scriptslug.com/live/pdf/scripts/hollow-man-2000.pdf?v=1729114925,pdf
Home Alone,https://assets.scriptslug.com/live/pdf/scripts/home-alone-1990.pdf?v=1729114925,pdf
Home Alone 2 Lost In New York,https://assets.scriptslug.com/live/pdf/scripts/home-alone-2-lost-in-new-york-1992.pdf?v=1729114925,pdf
Honey Boy,https://assets.scriptslug.com/live/pdf/scripts/honey-boy-2019.pdf?v=1729114925,pdf
Honey I Blew Up The Kid,https://assets.scriptslug.com/live/pdf/scripts/honey-i-blew-up-the-kid-1992.pdf?v=1729114925,pdf
Honey I Shrunk The Kids,https://assets.scriptslug.com/live/pdf/scripts/honey-i-shrunk-the-kids-1989.pdf?v=1729114925,pdf
Honeydripper,https://imsdb.com//scripts//Honeydripper.html,html
Horrible Bosses,https://assets.scriptslug.com/live/pdf/scripts/horrible-bosses-2011.pdf?v=1729114926,pdf
Horrible Bosses 2,https://assets.scriptslug.com/live/pdf/scripts/horrible-bosses-2-2014.pdf?v=1729114925,pdf
Hostage,https://imsdb.com//scripts//Hostage.html,html
Hostel,https://assets.scriptslug.com/live/pdf/scripts/hostel-2005.pdf?v=1729114926,pdf
Hot Fuzz,https://assets.scriptslug.com/live/pdf/scripts/hot-fuzz-2007.pdf?v=1729114926,pdf
Hot Tub Time Machine,https://imsdb.com//scripts//Hot-Tub-Time-Machine.html,html
Hotel Rwanda,https://imsdb.com//scripts//Hotel-Rwanda.html,html
House Of 1000 Corpses,https://imsdb.com//scripts//House-of-1000-Corpses.html,html
House Of Gucci,https://assets.scriptslug.com/live/pdf/scripts/house-of-gucci.2021.pdf?v=1729114926,pdf
House Party,https://assets.scriptslug.com/live/pdf/scripts/house-party-1990.pdf?v=1729114926,pdf
How The Grinch Stole Christmas,https://assets.scriptslug.com/live/pdf/scripts/how-the-grinch-stole-christmas-2000.pdf?v=1729114926,pdf
How To Build A Girl,https://assets.scriptslug.com/live/pdf/scripts/how-to-build-a-girl-2020.pdf?v=1729114926,pdf
How To Train Your Dragon,https://assets.scriptslug.com/live/pdf/scripts/how-to-train-your-dragon-2010.pdf?v=1729114927,pdf
How To Train Your Dragon 2,https://assets.scriptslug.com/live/pdf/scripts/how-to-train-your-dragon-2-2014.pdf?v=1729114927,pdf
How To Train Your Dragon The Hidden World,https://assets.scriptslug.com/live/pdf/scripts/how-to-train-your-dragon-the-hidden-world-2019.pdf?v=1729114927,pdf
Howard The Duck,https://assets.scriptslug.com/live/pdf/scripts/howard-the-duck-1986.pdf?v=1729114927,pdf
Hudson Hawk,https://imsdb.com//scripts//Hudson-Hawk.html,html
Hugo,https://assets.scriptslug.com/live/pdf/scripts/hugo-2011.pdf?v=1729114927,pdf
Human Nature,https://imsdb.com//scripts//Human-Nature.html,html
Hustle & Flow,https://assets.scriptslug.com/live/pdf/scripts/hustle-and-flow-2005.pdf?v=1729114927,pdf
Hustlers,https://assets.scriptslug.com/live/pdf/scripts/hustlers-2019.pdf?v=1729114927,pdf
I Am Number Four,https://imsdb.com//scripts//I-Am-Number-Four.html,html
I Am Sam,https://imsdb.com//scripts//I-am-Sam.html,html
I Dont Feel At Home In This World Anymore,https://assets.scriptslug.com/live/pdf/scripts/i-dont-feel-at-home-in-this-world-anymore-2017.pdf?v=1729114927,pdf
I Love You Man,https://assets.scriptslug.com/live/pdf/scripts/i-love-you-man-2009.pdf?v=1729114927,pdf
I Love You Phillip Morris,https://imsdb.com//scripts//I-Love-You-Phillip-Morris.html,html
I Robot,"https://imsdb.com//scripts//I,-Robot.html",html
I Saw The Light,https://assets.scriptslug.com/live/pdf/scripts/i-saw-the-light-2016.pdf?v=1729114928,pdf
I Spit On Your Grave,https://imsdb.com//scripts//I-Spit-on-Your-Grave.html,html
I Still Know What You Did Last Summer,https://imsdb.com//scripts//I-Still-Know-What-You-Did-Last-Summer.html,html
I Think Were Alone Now,https://assets.scriptslug.com/live/pdf/scripts/i-think-were-alone-now-2018.pdf?v=1729114928,pdf
I Tonya,https://assets.scriptslug.com/live/pdf/scripts/i-tonya-2017.pdf?v=1729114928,pdf
Identity,https://assets.scriptslug.com/live/pdf/scripts/identity-2003.pdf?v=1729114928,pdf
If Beale Street Could Talk,https://assets.scriptslug.com/live/pdf/scripts/if-beale-street-could-talk-2018.pdf?v=1729114928,pdf
Ill Do Anything,https://imsdb.com//scripts//I'll-Do-Anything.html,html
Im Thinking Of Ending Things,https://assets.scriptslug.com/live/pdf/scripts/im-thinking-of-ending-things-2020.pdf?v=1729114928,pdf
In Bruges,https://assets.scriptslug.com/live/pdf/scripts/in-bruges-2008.pdf?v=1729114928,pdf
In Fabric,https://assets.scriptslug.com/live/pdf/scripts/inf-fabric-2018.pdf?v=1729114929,pdf
In The Bedroom,https://imsdb.com//scripts//In-the-Bedroom.html,html
In The Loop,https://imsdb.com//scripts//In-the-Loop.html,html
In The Tall Grass,https://assets.scriptslug.com/live/pdf/scripts/in-the-tall-grass-2019.pdf?v=1729114929,pdf
Inception,https://assets.scriptslug.com/live/pdf/scripts/inception-2010.pdf?v=1729114929,pdf
Indecent Proposal,https://assets.scriptslug.com/live/pdf/scripts/indecent-proposal-1993.pdf?v=1729114929,pdf
Independence Day,https://assets.scriptslug.com/live/pdf/scripts/independence-day-1996.pdf?v=1729114929,pdf
Indiana Jones 4,https://imsdb.com//scripts//Indiana-Jones-IV.html,html
Indiana Jones And The Kingdom Of The Crystal Skull,https://assets.scriptslug.com/live/pdf/scripts/indiana-jones-and-the-kingdom-of-the-crystal-skull-2008.pdf?v=1729114929,pdf
Indiana Jones And The Last Crusade,https://assets.scriptslug.com/live/pdf/scripts/indiana-jones-and-the-last-crusade-1989.pdf?v=1729114929,pdf
Indiana Jones And The Raiders Of The Lost Ark,https://imsdb.com//scripts//Indiana-Jones-and-the-Raiders-of-the-Lost-Ark.html,html
Indiana Jones And The Temple Of Doom,https://assets.scriptslug.com/live/pdf/scripts/indiana-jones-and-the-temple-of-doom-1984.pdf?v=1729114929,pdf
Infinitely Polar Bear,https://assets.scriptslug.com/live/pdf/scripts/infinitely-polar-bear-2014.pdf?v=1729114929,pdf
Inglourious Basterds,https://assets.scriptslug.com/live/pdf/scripts/inglourious-bastards-2009.pdf?v=1729114930,pdf
Ingrid Goes West,https://assets.scriptslug.com/live/pdf/scripts/ingrid-goes-west-2017.pdf?v=1729114930,pdf
Inherent Vice,https://assets.scriptslug.com/live/pdf/scripts/inherent-vice-2014.pdf?v=1729114930,pdf
Initiation,https://assets.scriptslug.com/live/pdf/scripts/initiation-2016.pdf?v=1729114930,pdf
Innerspace,https://assets.scriptslug.com/live/pdf/scripts/innerspace-1987.pdf?v=1729114930,pdf
Inside Llewyn Davis,https://assets.scriptslug.com/live/pdf/scripts/inside-llewyn-davis-2013.pdf?v=1729114930,pdf
Inside Out,https://assets.scriptslug.com/live/pdf/scripts/inside-out-2015.pdf?v=1729114930,pdf
Insidious,https://assets.scriptslug.com/live/pdf/scripts/Insidious-2010.pdf?v=1729114850,pdf
Insidious Chapter 2,https://assets.scriptslug.com/live/pdf/scripts/insidious-chapter-2-2013.pdf?v=1729114930,pdf
Insomnia,https://assets.scriptslug.com/live/pdf/scripts/insomnia-2002.pdf?v=1729114931,pdf
Inspector Gadget,https://assets.scriptslug.com/live/pdf/scripts/inspector-gadget-1999.pdf?v=1729114931,pdf
Interstellar,https://assets.scriptslug.com/live/pdf/scripts/interstellar-2014.pdf?v=1729114931,pdf
Interview With The Vampire,https://assets.scriptslug.com/live/pdf/scripts/interview-with-the-vampire-1994.pdf?v=1729114931,pdf
Into The Wild,https://imsdb.com//scripts//Into-the-Wild.html,html
Into The Woods,https://assets.scriptslug.com/live/pdf/scripts/into-the-woods-2014.pdf?v=1729114931,pdf
Intolerable Cruelty,https://imsdb.com//scripts//Intolerable-Cruelty.html,html
Invasion Of The Body Snatchers,https://assets.scriptslug.com/live/pdf/scripts/invasion-of-the-body-snatchers-1978.pdf?v=1729114931,pdf
Inventing The Abbotts,https://imsdb.com//scripts//Inventing-the-Abbotts.html,html
Invictus,https://imsdb.com//scripts//Invictus.html,html
Iron Man,https://assets.scriptslug.com/live/pdf/scripts/iron-man-2008.pdf?v=1729114931,pdf
Isle Of Dogs,https://assets.scriptslug.com/live/pdf/scripts/isle-of-dogs-2018.pdf?v=1729114931,pdf
It,https://assets.scriptslug.com/live/pdf/scripts/it-2017.pdf?v=1729114931,pdf
It Follows,https://assets.scriptslug.com/live/pdf/scripts/it-follows-2015.pdf?v=1729114932,pdf
It Happened One Night,https://imsdb.com//scripts//It-Happened-One-Night.html,html
It Happened One Night,https://imsdb.com//scripts//It-Happened-One-Night.html,html
Its A Wonderful Life,https://assets.scriptslug.com/live/pdf/scripts/its-a-wonderful-life-1946.pdf?v=1729114932,pdf
Its Complicated,https://assets.scriptslug.com/live/pdf/scripts/its-complicated-2009.pdf?v=1729114932,pdf
Its Kind Of A Funny Story,https://assets.scriptslug.com/live/pdf/scripts/its-kind-of-a-funny-story-2010.pdf?v=1729114932,pdf
Jack Reacher,https://assets.scriptslug.com/live/pdf/scripts/jack-reacher-2012.pdf?v=1729114932,pdf
Jackie,https://assets.scriptslug.com/live/pdf/scripts/jackie-2016.pdf?v=1729114932,pdf
Jackie Brown,https://assets.scriptslug.com/live/pdf/scripts/jackie-brown-1997.pdf?v=1729114932,pdf
Jacobs Ladder,https://assets.scriptslug.com/live/pdf/scripts/jacobs-ladder-1990.pdf?v=1729114932,pdf
Jagged Edge,https://assets.scriptslug.com/live/pdf/scripts/jagged-edge-1985.pdf?v=1729114933,pdf
Jane Eyre,https://assets.scriptslug.com/live/pdf/scripts/jane-eyre-2011.pdf?v=1729114933,pdf
Jarhead,https://assets.scriptslug.com/live/pdf/scripts/jarhead-2005.pdf?v=1729114933,pdf
Jason Goes To Hell The Final Friday,https://assets.scriptslug.com/live/pdf/scripts/jason-goes-to-hell-the-final-friday1993.pdf?v=1729114933,pdf
Jason X,https://imsdb.com//scripts//Jason-X.html,html
Jaws,https://assets.scriptslug.com/live/pdf/scripts/jaws-1975.pdf?v=1729114933,pdf
Jaws 2,https://assets.scriptslug.com/live/pdf/scripts/jaws-2-1978.pdf?v=1729114933,pdf
Jay And Silent Bob Strike Back,https://imsdb.com//scripts//Jay-and-Silent-Bob-Strike-Back.html,html
Jennifer Eight,https://imsdb.com//scripts//Jennifer-Eight.html,html
Jennifers Body,https://assets.scriptslug.com/live/pdf/scripts/jennifers-body-2009.pdf?v=1729114933,pdf
Jerry Maguire,https://assets.scriptslug.com/live/pdf/scripts/jerry-maguire-1996.pdf?v=1729114933,pdf
Jeux Interdits,https://imsdb.com//scripts//Jeux-Interdits.html,html
Jfk,https://assets.scriptslug.com/live/pdf/scripts/jfk-1991.pdf?v=1729114933,pdf
Jimmy And Judy,https://imsdb.com//scripts//Jimmy-and-Judy.html,html
Jingle All The Way,https://assets.scriptslug.com/live/pdf/scripts/jingle-all-the-way-1996.pdf?v=1729114933,pdf
Jo Jo Dancer Your Life Is Calling,https://assets.scriptslug.com/live/pdf/scripts/jo-jo-dancer-your-life-is-calling-1986.pdf?v=1729114934,pdf
Jockey,https://assets.scriptslug.com/live/pdf/scripts/jockey-2021.pdf?v=1729114934,pdf
John Q,https://imsdb.com//scripts//John-Q.html,html
John Wick,https://assets.scriptslug.com/live/pdf/scripts/john-wick-2015.pdf?v=1729114934,pdf
John Wick Chapter 4,https://assets.scriptslug.com/live/pdf/scripts/john-wick-chapter-4-2023.pdf?v=1729114934,pdf
Jojo Rabbit,https://assets.scriptslug.com/live/pdf/scripts/jojo-rabbit-2019.pdf?v=1729114934,pdf
Joker,https://assets.scriptslug.com/live/pdf/scripts/joker-2019.pdf?v=1729114934,pdf
Joy,https://assets.scriptslug.com/live/pdf/scripts/joy-2015.pdf?v=1729114934,pdf
Judas And The Black Messiah,https://assets.scriptslug.com/live/pdf/scripts/judas-and-the-black-messiah-2021.pdf?v=1729114934,pdf
Judge Dredd,https://imsdb.com//scripts//Judge-Dredd.html,html
Jules,https://assets.scriptslug.com/live/pdf/scripts/jules-2023.pdf?v=1729114934,pdf
Julia,https://assets.scriptslug.com/live/pdf/scripts/julia-1977.pdf?v=1729114934,pdf
Julieta,https://assets.scriptslug.com/live/pdf/scripts/julieta-2016.pdf?v=1729114935,pdf
Jumanji,https://assets.scriptslug.com/live/pdf/scripts/jumanji-1995.pdf?v=1729114935,pdf
Juno,https://assets.scriptslug.com/live/pdf/scripts/juno-2007.pdf?v=1729114935,pdf
Jurassic Park,https://assets.scriptslug.com/live/pdf/scripts/jurassic-park-1993.pdf?v=1729114935,pdf
Jurassic Park 3,https://imsdb.com//scripts//Jurassic-Park-III.html,html
Jurassic Park The Lost World,https://imsdb.com//scripts//Jurassic-Park-The-Lost-World.html,html
Just Mercy,https://assets.scriptslug.com/live/pdf/scripts/just-mercy-2019.pdf?v=1729114935,pdf
K Pax,https://assets.scriptslug.com/live/pdf/scripts/k-pax-2001.pdf?v=1729114935,pdf
Kafka,https://imsdb.com//scripts//Kafka.html,html
Kajillionaire,https://assets.scriptslug.com/live/pdf/scripts/kajillionaire-2020.pdf?v=1729114935,pdf
Kalifornia,https://imsdb.com//scripts//Kalifornia.html,html
Karate Kid,https://assets.scriptslug.com/live/pdf/scripts/karate-kid-1984.pdf?v=1729114935,pdf
Kids,https://assets.scriptslug.com/live/pdf/scripts/kids-1995.pdf?v=1729114936,pdf
Kill Bill Vol 1,https://assets.scriptslug.com/live/pdf/scripts/kill-bill-vol-1-2003.pdf?v=1729114936,pdf
Kill Bill Vol 2,https://assets.scriptslug.com/live/pdf/scripts/kill-bill-vol-2-2004.pdf?v=1729114936,pdf
Kill The Messenger,https://assets.scriptslug.com/live/pdf/scripts/kill-the-messenger-2014.pdf?v=1729114936,pdf
Kill Your Darlings,https://assets.scriptslug.com/live/pdf/scripts/kill-your-darlings-2013.pdf?v=1729114936,pdf
Killer Klowns From Outer Space,https://assets.scriptslug.com/live/pdf/scripts/killer-klowns-from-outer-space-1989.pdf?v=1729114936,pdf
Killers Of The Flower Moon,https://assets.scriptslug.com/live/pdf/scripts/killers-of-the-flower-moon-2023.pdf?v=1729114936,pdf
Killing Zoe,https://imsdb.com//scripts//Killing-Zoe.html,html
Kin,https://assets.scriptslug.com/live/pdf/scripts/kin-2018.pdf?v=1729114936,pdf
King Kong,https://assets.scriptslug.com/live/pdf/scripts/king-kong-2005.pdf?v=1729114937,pdf
King Richard,https://assets.scriptslug.com/live/pdf/scripts/king-richard-2021.pdf?v=1729114937,pdf
Kingpin,https://assets.scriptslug.com/live/pdf/scripts/kingpin-1996.pdf?v=1729114937,pdf
Kings Of Summer,https://assets.scriptslug.com/live/pdf/scripts/kings-of-summer-2013.pdf?v=1729114937,pdf
Kingsman The Secret Service,https://assets.scriptslug.com/live/pdf/scripts/kingsman-the-secret-service-2014.pdf?v=1729114937,pdf
Kiss Kiss Bang Bang,https://assets.scriptslug.com/live/pdf/scripts/kiss-kiss-bang-bang-2005.pdf?v=1729114937,pdf
Kiss Of The Spider Woman,https://assets.scriptslug.com/live/pdf/scripts/kiss-of-the-spiderwoman-1985.pdf?v=1729114937,pdf
Klute,https://imsdb.com//scripts//Klute.html,html
Knight And Day,https://assets.scriptslug.com/live/pdf/scripts/knight-and-day-2010.pdf?v=1729114938,pdf
Knives Out,https://assets.scriptslug.com/live/pdf/scripts/knives-out-2019.pdf?v=1729114938,pdf
Knocked Up,https://assets.scriptslug.com/live/pdf/scripts/knocked-up-2007.pdf?v=1729114938,pdf
Kramer Vs Kramer,https://assets.scriptslug.com/live/pdf/scripts/kramer-vs-kramer-1979.pdf?v=1729114938,pdf
Krampus,https://assets.scriptslug.com/live/pdf/scripts/krampus-2015.pdf?v=1729114938,pdf
Kubo And The Two Strings,https://assets.scriptslug.com/live/pdf/scripts/kubo-and-the-two-strings-2016.pdf?v=1729114938,pdf
Kundun,https://imsdb.com//scripts//Kundun.html,html
Kung Fu Panda,https://imsdb.com//scripts//Kung-Fu-Panda.html,html
La Confidential,https://assets.scriptslug.com/live/pdf/scripts/l-a-confidential-1997.pdf?v=1729114938,pdf
La La Land,https://assets.scriptslug.com/live/pdf/scripts/la-la-land-2016.pdf?v=1729114938,pdf
La Story,https://assets.scriptslug.com/live/pdf/scripts/l-a-story-1991.pdf?v=1729114938,pdf
Labor Day,https://assets.scriptslug.com/live/pdf/scripts/labor-day-2013.pdf?v=1729114939,pdf
Labor Of Love,https://imsdb.com//scripts//Labor-of-Love.html,html
Labyrinth,https://imsdb.com//scripts//Labyrinth.html,html
Lady Bird,https://assets.scriptslug.com/live/pdf/scripts/lady-bird-2017.pdf?v=1729114939,pdf
Lady Chatterleys Lover,https://assets.scriptslug.com/live/pdf/scripts/lady-chatterleys-lover-2022.pdf?v=1729114939,pdf
Ladyhawke,https://assets.scriptslug.com/live/pdf/scripts/ladyhawke-1985.pdf?v=1729114939,pdf
Lake Placid,https://assets.scriptslug.com/live/pdf/scripts/lake-placid-1999.pdf?v=1729114939,pdf
Land Of Mine,https://assets.scriptslug.com/live/pdf/scripts/land-of-mine-2016.pdf?v=1729114939,pdf
Land Of The Dead,https://imsdb.com//scripts//Land-of-the-Dead.html,html
Larry Crowne,https://imsdb.com//scripts//Larry-Crowne.html,html
Lars And The Real Girl,https://assets.scriptslug.com/live/pdf/scripts/lars-and-the-real-girl-2007.pdf?v=1729114939,pdf
Last Chance Harvey,https://imsdb.com//scripts//Last-Chance-Harvey.html,html
Last Holiday,https://assets.scriptslug.com/live/pdf/scripts/last-holiday-2006.pdf?v=1729114939,pdf
Last Night In Soho,https://assets.scriptslug.com/live/pdf/scripts/last-night-in-soho-2021.pdf?v=1729114939,pdf
Last Tango In Paris,https://imsdb.com//scripts//Last-Tango-in-Paris.html,html
Law Abiding Citizen,https://assets.scriptslug.com/live/pdf/scripts/law-abiding-citizen-2009.pdf?v=1729114939,pdf
Lawrence Of Arabia,https://assets.scriptslug.com/live/pdf/scripts/lawrence-of-arabia-1962.pdf?v=1729114940,pdf
Le Diable Par La Queue,https://imsdb.com//scripts//Le-Diable-par-la-Queue.html,html
Lean On Me,https://assets.scriptslug.com/live/pdf/scripts/lean-on-me-1989.pdf?v=1729114940,pdf
Leave No Trace,https://assets.scriptslug.com/live/pdf/scripts/leave-no-trace-2018.pdf?v=1729114940,pdf
Leaving Las Vegas,https://assets.scriptslug.com/live/pdf/scripts/leaving-las-vegas-1995.pdf?v=1729114940,pdf
Lee Daniels The Butler,https://assets.scriptslug.com/live/pdf/scripts/lee-daniels-the-butler-2013.pdf?v=1729114940,pdf
Legally Blonde,https://imsdb.com//scripts//Legally-Blonde.html,html
Legend,https://assets.scriptslug.com/live/pdf/scripts/legend-1985.pdf?v=1729114940,pdf
Legend,https://assets.scriptslug.com/live/pdf/scripts/legend-2015.pdf?v=1729114940,pdf
Legion,https://imsdb.com//scripts//Legion.html,html
Lenny,https://assets.scriptslug.com/live/pdf/scripts/lenny-1974.pdf?v=1729114940,pdf
Leprechaun,https://assets.scriptslug.com/live/pdf/scripts/leprechaun-1993.pdf?v=1729114941,pdf
Leprechaun 2,https://assets.scriptslug.com/live/pdf/scripts/leprechaun-2-1994.pdf?v=1729114941,pdf
Les Miserables,https://imsdb.com//scripts//Les-Miserables.html,html
Les Misérables,https://assets.scriptslug.com/live/pdf/scripts/les-miserables-2012.pdf?v=1729114941,pdf
Les Tontons Flingueurs,https://imsdb.com//scripts//Les-Tontons-Flingueurs.html,html
Let Me In,https://assets.scriptslug.com/live/pdf/scripts/let-me-in-2010.pdf?v=1729114941,pdf
Lethal Weapon,https://assets.scriptslug.com/live/pdf/scripts/lethal-weapon-1987.pdf?v=1729114941,pdf
Lethal Weapon 2,https://assets.scriptslug.com/live/pdf/scripts/lethal-weapon-2-1989.pdf?v=1729114941,pdf
Lethal Weapon 4,https://assets.scriptslug.com/live/pdf/scripts/lethal-weapon-4-1988.pdf?v=1729114941,pdf
Leviathan,https://imsdb.com//scripts//Leviathan.html,html
Liar Liar,https://assets.scriptslug.com/live/pdf/scripts/liar-liar-1997.pdf?v=1729114941,pdf
License To Kill,https://assets.scriptslug.com/live/pdf/scripts/license-to-kill-1989.pdf?v=1729114941,pdf
Life,https://imsdb.com//scripts//Life.html,html
Life As A House,https://imsdb.com//scripts//Life-As-A-House.html,html
Life Itself,https://assets.scriptslug.com/live/pdf/scripts/life-itself-2018.pdf?v=1729114941,pdf
Life Of Pi,https://assets.scriptslug.com/live/pdf/scripts/life-of-pi-2012.pdf?v=1729114942,pdf
Life Stinks,https://assets.scriptslug.com/live/pdf/scripts/life-stinks-1991.pdf?v=1729114942,pdf
Light Sleeper,https://imsdb.com//scripts//Light-Sleeper.html,html
Lights Out,https://assets.scriptslug.com/live/pdf/scripts/lights-out-2016.pdf?v=1729114942,pdf
Like Father Like Son,https://assets.scriptslug.com/live/pdf/scripts/like-father-like-son-1987.pdf?v=1729114942,pdf
Limitless,https://imsdb.com//scripts//Limitless.html,html
Lincoln,https://assets.scriptslug.com/live/pdf/scripts/lincoln-2012.pdf?v=1729114942,pdf
Lion,https://assets.scriptslug.com/live/pdf/scripts/lion-2016.pdf?v=1729114942,pdf
Little Athens,https://imsdb.com//scripts//Little-Athens.html,html
Little Men,https://imsdb.com//scripts//Little-Men.html,html
Little Miss Sunshine,https://assets.scriptslug.com/live/pdf/scripts/little-miss-sunshine-2006.pdf?v=1729114942,pdf
Little Nicky,https://imsdb.com//scripts//Little-Nicky.html,html
Little Shop Of Horrors,https://assets.scriptslug.com/live/pdf/scripts/little-shop-of-horrors-1986.pdf?v=1729114942,pdf
Little Women,https://assets.scriptslug.com/live/pdf/scripts/little-women-2019.pdf?v=1729114942,pdf
Live And Let Die,https://assets.scriptslug.com/live/pdf/scripts/live-and-let-die-1973.pdf?v=1729114942,pdf
Live By Night,https://assets.scriptslug.com/live/pdf/scripts/live-by-night-2016.pdf?v=1729114943,pdf
Live Free Or Die Hard,https://assets.scriptslug.com/live/pdf/scripts/life-free-or-die-hard-2007.pdf?v=1729114941,pdf
Living,https://assets.scriptslug.com/live/pdf/scripts/living-2022.pdf?v=1729114943,pdf
Living In Oblivion,https://imsdb.com//scripts//Living-in-Oblivion.html,html
Lock Stock And Two Smoking Barrels,https://assets.scriptslug.com/live/pdf/scripts/lock-stock-and-two-smoking-barrels-1998.pdf?v=1729114943,pdf
Locke,https://assets.scriptslug.com/live/pdf/scripts/locke-2013.pdf?v=1729114943,pdf
Logan,https://assets.scriptslug.com/live/pdf/scripts/logan-2017.pdf?v=1729114943,pdf
Logans Run,https://imsdb.com//scripts//Logan's-Run.html,html
Lone Star,https://imsdb.com//scripts//Lone-Star.html,html
Lone Survivor,https://assets.scriptslug.com/live/pdf/scripts/lone-survivor-2013.pdf?v=1729114943,pdf
Looney Tunes Back In Action,https://assets.scriptslug.com/live/pdf/scripts/looney-tunes-back-in-action-2003.pdf?v=1729114943,pdf
Looper,https://assets.scriptslug.com/live/pdf/scripts/looper-2012.pdf?v=1729114943,pdf
Lord Of Illusions,https://imsdb.com//scripts//Lord-of-Illusions.html,html
Lord Of The Rings Return Of The King,https://imsdb.com//scripts//Lord-of-the-Rings-Return-of-the-King.html,html
Lord Of The Rings The Two Towers,https://imsdb.com//scripts//Lord-of-the-Rings-The-Two-Towers.html,html
Lord Of War,https://imsdb.com//scripts//Lord-of-War.html,html
Lost Highway,https://assets.scriptslug.com/live/pdf/scripts/lost-highway-1997.pdf?v=1729114944,pdf
Lost Horizon,https://imsdb.com//scripts//Lost-Horizon.html,html
Lost In Space,https://imsdb.com//scripts//Lost-in-Space.html,html
Lost In Translation,https://assets.scriptslug.com/live/pdf/scripts/lost-in-translation-2003.pdf?v=1729114944,pdf
Love & Other Drugs,https://assets.scriptslug.com/live/pdf/scripts/love-and-other-drugs-2010.pdf?v=1729114944,pdf
Love Actually,https://assets.scriptslug.com/live/pdf/scripts/love-actually-2003.pdf?v=1729114944,pdf
Love And Basketball,https://imsdb.com//scripts//Love-and-Basketball.html,html
Love And Friendship,https://assets.scriptslug.com/live/pdf/scripts/love-and-friendship-2016.pdf?v=1729114944,pdf
Love Is Strange,https://assets.scriptslug.com/live/pdf/scripts/love-is-strange-2014.pdf?v=1729114944,pdf
Love Simon,https://assets.scriptslug.com/live/pdf/scripts/love-simon-2015.pdf?v=1729114945,pdf
Loving,https://assets.scriptslug.com/live/pdf/scripts/loving-2016.pdf?v=1729114946,pdf
Luca,https://assets.scriptslug.com/live/pdf/scripts/luca-2021.pdf?v=1729114946,pdf
Lucky Number Slevin,https://assets.scriptslug.com/live/pdf/scripts/lucky-number-slevin-2006.pdf?v=1729114946,pdf
Lucy,https://assets.scriptslug.com/live/pdf/scripts/lucy-2014.pdf?v=1729114946,pdf
Lucy In The Sky,https://assets.scriptslug.com/live/pdf/scripts/lucy-in-the-sky-2019.pdf?v=1729114946,pdf
Macgruber,https://assets.scriptslug.com/live/pdf/scripts/macgruber-2010.pdf?v=1729114946,pdf
Machete,https://imsdb.com//scripts//Machete.html,html
Machine Gun Preacher,https://imsdb.com//scripts//Machine-Gun-Preacher.html,html
Mad Max 2 The Road Warrior,https://imsdb.com//scripts//Mad-Max-2-The-Road-Warrior.html,html
Mad Max Fury Road,https://assets.scriptslug.com/live/pdf/scripts/mad-max-fury-road-2015.pdf?v=1729114946,pdf
Made,https://imsdb.com//scripts//Made.html,html
Made In Heaven,https://assets.scriptslug.com/live/pdf/scripts/made-in-heaven-1987.pdf?v=1729114947,pdf
Maestro,https://assets.scriptslug.com/live/pdf/scripts/maestro-2023.pdf?v=1729114947,pdf
Maggies Plan,https://assets.scriptslug.com/live/pdf/scripts/maggies-plan-2016.pdf?v=1729114947,pdf
Magnolia,https://assets.scriptslug.com/live/pdf/scripts/magnolia-1999.pdf?v=1729114947,pdf
Major League,https://imsdb.com//scripts//Major-League.html,html
Malcolm & Marie,https://assets.scriptslug.com/live/pdf/scripts/malcolm-and-marie-2021.pdf?v=1729114947,pdf
Malcolm X,https://assets.scriptslug.com/live/pdf/scripts/malcolm-x-1992.pdf?v=1729114947,pdf
Malibus Most Wanted,https://assets.scriptslug.com/live/pdf/scripts/malibus-most-wanted-2003.pdf?v=1729114947,pdf
Malignant,https://assets.scriptslug.com/live/pdf/scripts/malignant-2021.pdf?v=1729114947,pdf
Mallrats,https://assets.scriptslug.com/live/pdf/scripts/mallrats-1995.pdf?v=1729114947,pdf
Man In The Iron Mask,https://imsdb.com//scripts//Man-in-the-Iron-Mask.html,html
Man On A Ledge,https://assets.scriptslug.com/live/pdf/scripts/man-on-a-ledge-2012.pdf?v=1729114948,pdf
Man On Fire,https://assets.scriptslug.com/live/pdf/scripts/man-on-fire-2004.pdf?v=1729114948,pdf
Man On The Moon,https://assets.scriptslug.com/live/pdf/scripts/man-on-the-moon-1999.pdf?v=1729114948,pdf
Man Trouble,https://imsdb.com//scripts//Man-Trouble.html,html
Mandy,https://assets.scriptslug.com/live/pdf/scripts/mandy-2018.pdf?v=1729114948,pdf
Manhattan Murder Mystery,https://imsdb.com//scripts//Manhattan-Murder-Mystery.html,html
Manhunter,https://imsdb.com//scripts//Manhunter.html,html
Maniac Cop,https://assets.scriptslug.com/live/pdf/scripts/maniac-cop-1988.pdf?v=1729114948,pdf
Mank,https://assets.scriptslug.com/live/pdf/scripts/mank-2020.pdf?v=1729114948,pdf
Margaret,https://imsdb.com//scripts//Margaret.html,html
Margin Call,https://assets.scriptslug.com/live/pdf/scripts/margin-call-2011.pdf?v=1729114949,pdf
Margot At The Wedding,https://imsdb.com//scripts//Margot-at-the-Wedding.html,html
Maria,https://assets.scriptslug.com/live/pdf/scripts/maria-2024.pdf?v=1738547975,pdf
Maria Full Of Grace,https://assets.scriptslug.com/live/pdf/scripts/maria-full-of-grace-2004.pdf?v=1729114949,pdf
Mariachi El,"https://imsdb.com//scripts//Mariachi,-El.html",html
Marriage Story,https://assets.scriptslug.com/live/pdf/scripts/marriage-story-2019.pdf?v=1729114949,pdf
Mars Attacks,https://assets.scriptslug.com/live/pdf/scripts/mars-attacks-1996.pdf?v=1729114949,pdf
Martha Marcy May Marlene,https://imsdb.com//scripts//Martha-Marcy-May-Marlene.html,html
Marty,https://imsdb.com//scripts//Marty.html,html
Martyrs,https://assets.scriptslug.com/live/pdf/scripts/martyrs-2015.pdf?v=1729114949,pdf
Mary Poppins,https://assets.scriptslug.com/live/pdf/scripts/mary-poppins-1964.pdf?v=1729114949,pdf
Mary Poppins Returns,https://assets.scriptslug.com/live/pdf/scripts/mary-poppins-returns-2018.pdf?v=1729114949,pdf
Mary Queen Of Scots,https://assets.scriptslug.com/live/pdf/scripts/mary-queen-of-scots-2018.pdf?v=1729114949,pdf
Mary Shelleys Frankenstein,https://assets.scriptslug.com/live/pdf/scripts/mary-shelleys-frankenstein-1994.pdf?v=1729114950,pdf
Mass,https://assets.scriptslug.com/live/pdf/scripts/mass-2021.pdf?v=1729114950,pdf
Master,https://assets.scriptslug.com/live/pdf/scripts/master-2022.pdf?v=1729114950,pdf
Master And Commander,https://imsdb.com//scripts//Master-and-Commander.html,html
Match Point,https://assets.scriptslug.com/live/pdf/scripts/match-point-2005.pdf?v=1729114950,pdf
Maudie,https://assets.scriptslug.com/live/pdf/scripts/maudie-2017.pdf?v=1729114950,pdf
Max Payne,https://imsdb.com//scripts//Max-Payne.html,html
May December,https://assets.scriptslug.com/live/pdf/scripts/may-december-2023.pdf?v=1729114950,pdf
Me And Earl And The Dying Girl,https://assets.scriptslug.com/live/pdf/scripts/me-earl-and-the-dying-girl-2015.pdf?v=1729114951,pdf
Me Him Her,https://assets.scriptslug.com/live/pdf/scripts/me-him-her-2015.pdf?v=1729114951,pdf
Mean Girls,https://assets.scriptslug.com/live/pdf/scripts/mean-girls-2004.pdf?v=1729114951,pdf
Mean Streets,https://assets.scriptslug.com/live/pdf/scripts/mean-streets-1973.pdf?v=1729114951,pdf
Meatballs,https://assets.scriptslug.com/live/pdf/scripts/meatballs-1979.pdf?v=1729114951,pdf
Meet Joe Black,https://imsdb.com//scripts//Meet-Joe-Black.html,html
Meet John Doe,https://imsdb.com//scripts//Meet-John-Doe.html,html
Megamind,https://assets.scriptslug.com/live/pdf/scripts/megamind-2010.pdf?v=1729114951,pdf
Memento,https://assets.scriptslug.com/live/pdf/scripts/memento-2000.pdf?v=1729114951,pdf
Memoirs Of A Geisha,https://assets.scriptslug.com/live/pdf/scripts/memoirs-of-a-geisha-2005.pdf?v=1729114951,pdf
Memories Of Murder,https://assets.scriptslug.com/live/pdf/scripts/memories-of-murder-2003.pdf?v=1729114951,pdf
Memory,https://assets.scriptslug.com/live/pdf/scripts/memory-2023.pdf?v=1729114952,pdf
Men In Black,https://assets.scriptslug.com/live/pdf/scripts/men-in-black-1997.pdf?v=1729114952,pdf
Men In Black 3,https://imsdb.com//scripts//Men-in-Black-3.html,html
Menace 2 Society,https://assets.scriptslug.com/live/pdf/scripts/menace-ii-society-1993.pdf?v=1729114952,pdf
Metro,https://imsdb.com//scripts//Metro.html,html
Miami Vice,https://imsdb.com//scripts//Miami-Vice.html,html
Michael Clayton,https://assets.scriptslug.com/live/pdf/scripts/michael-clayton-2007.pdf?v=1729114952,pdf
Mid90s,https://assets.scriptslug.com/live/pdf/scripts/mid90s-2018.pdf?v=1729114952,pdf
Midnight Cowboy,https://assets.scriptslug.com/live/pdf/scripts/midnight-cowboy-1969.pdf?v=1729114952,pdf
Midnight Express,https://imsdb.com//scripts//Midnight-Express.html,html
Midnight In Paris,https://assets.scriptslug.com/live/pdf/scripts/midnight-in-paris-2011.pdf?v=1729114952,pdf
Midnight Run,https://assets.scriptslug.com/live/pdf/scripts/midnight-run-1988.pdf?v=1729114953,pdf
Midsommar,https://assets.scriptslug.com/live/pdf/scripts/midsommar-2019.pdf?v=1729114953,pdf
Midway,https://assets.scriptslug.com/live/pdf/scripts/midway-2019.pdf?v=1729114953,pdf
Mighty Joe Young,https://imsdb.com//scripts//Mighty-Joe-Young.html,html
Mighty Morphin Power Rangers The Movie,https://imsdb.com//scripts//Mighty-Morphin-Power-Rangers-The-Movie.html,html
Mikey And Nicky,https://assets.scriptslug.com/live/pdf/scripts/mikey-and-nicky-1976.pdf?v=1729114953,pdf
Miles Ahead,https://assets.scriptslug.com/live/pdf/scripts/miles-ahead-2016.pdf?v=1729114953,pdf
Milk,https://imsdb.com//scripts//Milk.html,html
Millers Crossing,https://imsdb.com//scripts//Miller's-Crossing.html,html
Millers Girl,https://assets.scriptslug.com/live/pdf/scripts/millers-girl-2024.pdf?v=1729114953,pdf
Million Dollar Baby,https://assets.scriptslug.com/live/pdf/scripts/million-dollar-baby-2004.pdf?v=1729114953,pdf
Mimic,https://assets.scriptslug.com/live/pdf/scripts/mimic-1997.pdf?v=1729114953,pdf
Minari,https://assets.scriptslug.com/live/pdf/scripts/minari-2020.pdf?v=1729114954,pdf
Minis First Time,https://imsdb.com//scripts//Mini's-First-Time.html,html
Minority Report,https://assets.scriptslug.com/live/pdf/scripts/minority-report-2002.pdf?v=1729114954,pdf
Mirrors,https://imsdb.com//scripts//Mirrors.html,html
Misery,https://assets.scriptslug.com/live/pdf/scripts/misery-1990.pdf?v=1729114954,pdf
Miss Congeniality,https://assets.scriptslug.com/live/pdf/scripts/miss-congeniality-2000.pdf?v=1729114954,pdf
Miss Sloane,https://assets.scriptslug.com/live/pdf/scripts/miss-sloane-2016.pdf?v=1729114954,pdf
Mission Impossible,https://assets.scriptslug.com/live/pdf/scripts/mission-impossible-1996.pdf?v=1729114954,pdf
Mission Impossible 2,https://assets.scriptslug.com/live/pdf/scripts/mission-impossible-ii-2000.pdf?v=1729114954,pdf
Mission Impossible 3,https://assets.scriptslug.com/live/pdf/scripts/mission-impossible-iii-2006.pdf?v=1729114955,pdf
Mission Impossible Fallout,https://assets.scriptslug.com/live/pdf/scripts/mission-impossible-fallout-2018.pdf?v=1729114954,pdf
Mission Impossible Rogue Nation,https://assets.scriptslug.com/live/pdf/scripts/mission-impossible-rogue-nation-2015.pdf?v=1729114955,pdf
Mission To Mars,https://imsdb.com//scripts//Mission-to-Mars.html,html
Mollys Game,https://assets.scriptslug.com/live/pdf/scripts/mollys-game-2017.pdf?v=1729114955,pdf
Moneyball,https://assets.scriptslug.com/live/pdf/scripts/moneyball-2011.pdf?v=1729114956,pdf
Monkeybone,https://imsdb.com//scripts//Monkeybone.html,html
Monster,https://assets.scriptslug.com/live/pdf/scripts/monster-2003.pdf?v=1729114956,pdf
Monsters Ball,https://assets.scriptslug.com/live/pdf/scripts/monsters-ball-2001.pdf?v=1729114956,pdf
Monsters Inc,https://assets.scriptslug.com/live/pdf/scripts/monsters-inc-2001.pdf?v=1729114956,pdf
Monsters University,https://assets.scriptslug.com/live/pdf/scripts/monsters-university-2013.pdf?v=1729114956,pdf
Monte Carlo,https://imsdb.com//scripts//Monte-Carlo.html,html
Moon,https://assets.scriptslug.com/live/pdf/scripts/moon-2009.pdf?v=1729114956,pdf
Moonlight,https://assets.scriptslug.com/live/pdf/scripts/moonlight-2016.pdf?v=1729114956,pdf
Moonrise Kingdom,https://assets.scriptslug.com/live/pdf/scripts/moonrise-kingdom-2012.pdf?v=1729114956,pdf
Moonstruck,https://assets.scriptslug.com/live/pdf/scripts/moonstruck-1987.pdf?v=1729114956,pdf
Mother,https://assets.scriptslug.com/live/pdf/scripts/mother-2017.pdf?v=1729114957,pdf
Motherless Brooklyn,https://assets.scriptslug.com/live/pdf/scripts/motherless-brooklyn-2019.pdf?v=1729114957,pdf
Moulin Rouge,https://assets.scriptslug.com/live/pdf/scripts/moulin-rouge-2001.pdf?v=1729114957,pdf
Mr & Mrs Smith,https://assets.scriptslug.com/live/pdf/scripts/mr-and-mrs-smith-2005.pdf?v=1729114957,pdf
Mr Blandings Builds His Dream House,https://imsdb.com//scripts//Mr-Blandings-Builds-His-Dream-House.html,html
Mr Brooks,https://imsdb.com//scripts//Mr-Brooks.html,html
Mr Deeds Goes To Town,https://imsdb.com//scripts//Mr-Deeds-Goes-to-Town.html,html
Mr Hollands Opus,https://assets.scriptslug.com/live/pdf/scripts/mr-hollands-opus-1995.pdf?v=1729114957,pdf
Mr Mom,https://assets.scriptslug.com/live/pdf/scripts/mr-mom-1983.pdf?v=1729114957,pdf
Mr Nobody,https://assets.scriptslug.com/live/pdf/scripts/mr-nobody-2009.pdf?v=1729114957,pdf
Mr Right,https://assets.scriptslug.com/live/pdf/scripts/mr-right-2015.pdf?v=1729114957,pdf
Mr Turner,https://assets.scriptslug.com/live/pdf/scripts/mr-turner-2014.pdf?v=1729114958,pdf
Mrs Brown,https://imsdb.com//scripts//Mrs.-Brown.html,html
Mud,https://assets.scriptslug.com/live/pdf/scripts/mud-2012.pdf?v=1729114958,pdf
Mudbound,https://assets.scriptslug.com/live/pdf/scripts/mudbound-2017.pdf?v=1729114958,pdf
Mulan,https://assets.scriptslug.com/live/pdf/scripts/mulan-1998.pdf?v=1729114958,pdf
Mulholland Dr,https://assets.scriptslug.com/live/pdf/scripts/mulholland-drive-2001.pdf?v=1729114958,pdf
Mulholland Drive,https://imsdb.com//scripts//Mulholland-Drive.html,html
Mumford,https://imsdb.com//scripts//Mumford.html,html
Murder On The Orient Express,https://assets.scriptslug.com/live/pdf/scripts/murder-on-the-orient-express-2017.pdf?v=1729114958,pdf
Music Of The Heart,https://imsdb.com//scripts//Music-of-the-Heart.html,html
Mute Witness,https://imsdb.com//scripts//Mute-Witness.html,html
My Best Friends Wedding,https://imsdb.com//scripts//My-Best-Friend's-Wedding.html,html
My Big Fat Greek Wedding 2,https://assets.scriptslug.com/live/pdf/scripts/my-big-fat-greek-wedding-2-2016.pdf?v=1729114958,pdf
My Cousin Vinny,https://assets.scriptslug.com/live/pdf/scripts/my-cousin-vinny-1992.pdf?v=1729114958,pdf
My Demon Lover,https://assets.scriptslug.com/live/pdf/scripts/my-demon-lover-1987.pdf?v=1729114959,pdf
My Friend Dahmer,https://assets.scriptslug.com/live/pdf/scripts/my-friend-dahmer-2017.pdf?v=1729114959,pdf
My Girl,https://imsdb.com//scripts//My-Girl.html,html
My Mother Dreams The Satans Disciples In New York,https://imsdb.com//scripts//My-Mother-Dreams-the-Satan's-Disciples-in-New-York.html,html
My Old Ass,https://assets.scriptslug.com/live/pdf/scripts/my-old-ass-2024.pdf?v=1738547793,pdf
My Policeman,https://assets.scriptslug.com/live/pdf/scripts/my-policeman-2022.pdf?v=1729114959,pdf
My Week With Marilyn,https://assets.scriptslug.com/live/pdf/scripts/my-week-with-marilyn-2011.pdf?v=1729114959,pdf
Mystery Men,https://assets.scriptslug.com/live/pdf/scripts/mystery-men-1999.pdf?v=1729114959,pdf
Naked Gun 33 1/3 The Final Insult,https://assets.scriptslug.com/live/pdf/scripts/naked-gun-33-1-3-the-final-insult-1994.pdf?v=1729114959,pdf
Nanny,https://assets.scriptslug.com/live/pdf/scripts/nanny-2022.pdf?v=1729114959,pdf
Napoleon,https://assets.scriptslug.com/live/pdf/scripts/napoleon-2023.pdf?v=1729114959,pdf
Napoleon Dynamite,https://assets.scriptslug.com/live/pdf/scripts/nopoleon-dynamite-2004.pdf?v=1729114963,pdf
Nashville,https://imsdb.com//scripts//Nashville.html,html
National Lampoons Animal House,https://assets.scriptslug.com/live/pdf/scripts/national-lampoons-animal-house-1978.pdf?v=1729114960,pdf
National Lampoons Christmas Vacation,https://assets.scriptslug.com/live/pdf/scripts/national-lampoons-christmas-vacation-1989.pdf?v=1729114960,pdf
National Lampoons European Vacation,https://assets.scriptslug.com/live/pdf/scripts/national-lampoons-european-vacation-1985.pdf?v=1729114960,pdf
National Lampoons Vacation,https://assets.scriptslug.com/live/pdf/scripts/national-lampoons-vacation-1983.pdf?v=1729114960,pdf
National Treasure,https://assets.scriptslug.com/live/pdf/scripts/national-treasure-2004.pdf?v=1729114960,pdf
Natural Born Killers,https://assets.scriptslug.com/live/pdf/scripts/natural-born-killer-1994.pdf?v=1729114960,pdf
Near Dark,https://assets.scriptslug.com/live/pdf/scripts/near-dark-1987.pdf?v=1729114960,pdf
Nebraska,https://assets.scriptslug.com/live/pdf/scripts/nebraska-2013.pdf?v=1729114960,pdf
Nell,https://assets.scriptslug.com/live/pdf/scripts/nell-2024.pdf?v=1741848457,pdf
Network,https://assets.scriptslug.com/live/pdf/scripts/network-1976.pdf?v=1729114961,pdf
Never Been Kissed,https://imsdb.com//scripts//Never-Been-Kissed.html,html
Never Look Away,https://assets.scriptslug.com/live/pdf/scripts/never-look-away-2018.pdf?v=1729114961,pdf
Never Rarely Sometimes Always,https://assets.scriptslug.com/live/pdf/scripts/never-rarely-sometimes-always-2020.pdf?v=1729114961,pdf
New Jack City,https://assets.scriptslug.com/live/pdf/scripts/new-jack-city-1991.pdf?v=1729114961,pdf
New York Minute,https://imsdb.com//scripts//New-York-Minute.html,html
Newsies,https://imsdb.com//scripts//Newsies.html,html
Next,https://imsdb.com//scripts//Next.html,html
Next Friday,https://imsdb.com//scripts//Next-Friday.html,html
Ni Vu Ni Connu,https://imsdb.com//scripts//Ni-vu-ni-connu.html,html
Nick And Norahs Infinite Playlist,https://assets.scriptslug.com/live/pdf/scripts/nick-and-norahs-infiinite-playlist-2008.pdf?v=1729114961,pdf
Nick Of Time,https://imsdb.com//scripts//Nick-of-Time.html,html
Nickel Boys,https://assets.scriptslug.com/live/pdf/scripts/nickel-boys-2024.pdf?v=1738464415,pdf
Night Nurse,https://assets.scriptslug.com/live/pdf/scripts/night-nurse-1931.pdf?v=1729114961,pdf
Night Of The Demons,https://assets.scriptslug.com/live/pdf/scripts/night-of-the-demons-1988.pdf?v=1729114961,pdf
Night Of The Living Dead,https://assets.scriptslug.com/live/pdf/scripts/night-of-the-living-dead-1968.pdf?v=1729114962,pdf
Night Time (the Poltergeist Treatment),https://imsdb.com//scripts//Night-Time-(The-Poltergeist-Treatment).html,html
Nightbitch,https://assets.scriptslug.com/live/pdf/scripts/nightbitch-2024.pdf?v=1738547724,pdf
Nightbreed,https://imsdb.com//scripts//Nightbreed.html,html
Nightcrawler,https://assets.scriptslug.com/live/pdf/scripts/nightcrawler-2014.pdf?v=1729114962,pdf
Nightmare Alley,https://assets.scriptslug.com/live/pdf/scripts/nightmare-alley-2021.pdf?v=1729114962,pdf
Nightmare On Elm Street A,"https://imsdb.com//scripts//Nightmare-on-Elm-Street,-A.html",html
Nightmare On Elm Street The Final Chapter,https://imsdb.com//scripts//Nightmare-on-Elm-Street-The-Final-Chapter.html,html
Nine,https://imsdb.com//scripts//Nine.html,html
Nine Days,https://assets.scriptslug.com/live/pdf/scripts/nine-days-2020.pdf?v=1729114962,pdf
Ninja Assassin,https://assets.scriptslug.com/live/pdf/scripts/ninja-assassin-2009.pdf?v=1729114962,pdf
Ninotchka,https://imsdb.com//scripts//Ninotchka.html,html
Nixon,https://assets.scriptslug.com/live/pdf/scripts/nixon-1995.pdf?v=1729114962,pdf
No Country For Old Men,https://assets.scriptslug.com/live/pdf/scripts/no-country-for-old-men-2007.pdf?v=1729114962,pdf
No Hard Feelings,https://assets.scriptslug.com/live/pdf/scripts/no-hard-feelings-2023.pdf?v=1729114963,pdf
No One Will Save You,https://assets.scriptslug.com/live/pdf/scripts/no-one-will-save-you-2023.pdf?v=1729114963,pdf
No Strings Attached,https://imsdb.com//scripts//No-Strings-Attached.html,html
No Time To Die,https://assets.scriptslug.com/live/pdf/scripts/no-time-to-die-2021.pdf?v=1729114963,pdf
Nocturnal Animals,https://assets.scriptslug.com/live/pdf/scripts/nocturnal-animals-2016.pdf?v=1729114963,pdf
Nomadland,https://assets.scriptslug.com/live/pdf/scripts/nomadland-2020.pdf?v=1729114963,pdf
Nope,https://assets.scriptslug.com/live/pdf/scripts/nope-2022.pdf?v=1729114963,pdf
Norma Rae,https://assets.scriptslug.com/live/pdf/scripts/norma-rae-1979.pdf?v=1729114963,pdf
North By Northwest,https://assets.scriptslug.com/live/pdf/scripts/north-by-northwest-1959.pdf?v=1729114963,pdf
Nosferatu,https://assets.scriptslug.com/live/pdf/scripts/nosferatu-2025.pdf?v=1739901972,pdf
Not Easily Broken,https://assets.scriptslug.com/live/pdf/scripts/not-easily-broken-2009.pdf?v=1729114963,pdf
Notorious,https://assets.scriptslug.com/live/pdf/scripts/notorious-2009.pdf?v=1729114964,pdf
Notting Hill,https://assets.scriptslug.com/live/pdf/scripts/notting-hill-1999.pdf?v=1729114964,pdf
Now You See Me,https://assets.scriptslug.com/live/pdf/scripts/now-you-see-me-2013.pdf?v=1729114964,pdf
Nowhere Boy,https://assets.scriptslug.com/live/pdf/scripts/nowhere-boy-2009.pdf?v=1729114964,pdf
Nurse Betty,https://imsdb.com//scripts//Nurse-Betty.html,html
Oblivion,https://imsdb.com//scripts//Oblivion.html,html
Observe And Report,https://imsdb.com//scripts//Observe-and-Report.html,html
Obsessed,https://imsdb.com//scripts//Obsessed.html,html
Oceans 8,https://assets.scriptslug.com/live/pdf/scripts/oceans-8-2018.pdf?v=1729114964,pdf
Oceans Eleven,https://assets.scriptslug.com/live/pdf/scripts/oceans-eleven-2001.pdf?v=1729114964,pdf
Oceans Twelve,https://assets.scriptslug.com/live/pdf/scripts/oceans-twelve-2004.pdf?v=1729114964,pdf
Octopussy,https://assets.scriptslug.com/live/pdf/scripts/octupussy-1983.pdf?v=1729114964,pdf
Oculus,https://assets.scriptslug.com/live/pdf/scripts/oculus-2013.pdf?v=1729114964,pdf
Office Space,https://assets.scriptslug.com/live/pdf/scripts/office-space-1999.pdf?v=1729114964,pdf
Okja,https://assets.scriptslug.com/live/pdf/scripts/okja-2017.pdf?v=1729114965,pdf
Olympus Has Fallen,https://assets.scriptslug.com/live/pdf/scripts/olympus-has-fallen-2013.pdf?v=1729114965,pdf
Omega Man,https://imsdb.com//scripts//Omega-Man.html,html
On The Basis Of Sex,https://assets.scriptslug.com/live/pdf/scripts/on-the-basis-of-sex-2018.pdf?v=1729114965,pdf
Once Upon A Time In America,https://assets.scriptslug.com/live/pdf/scripts/once-upon-a-time-in-america-1984.pdf?v=1729114965,pdf
Once Upon A Time In Mexico,https://assets.scriptslug.com/live/pdf/scripts/once-upon-a-time-in-mexico-2003.pdf?v=1729114965,pdf
One Eight Seven,https://assets.scriptslug.com/live/pdf/scripts/one-eighty-seven-1999.pdf?v=1729114965,pdf
One Flew Over The Cuckoos Nest,https://assets.scriptslug.com/live/pdf/scripts/one-flew-over-the-cuckoos-nest-1975.pdf?v=1729114965,pdf
One Night In Miami,https://assets.scriptslug.com/live/pdf/scripts/one-night-in-miami-2020.pdf?v=1729114965,pdf
Only God Forgives,https://imsdb.com//scripts//Only-God-Forgives.html,html
Only Lovers Left Alive,https://assets.scriptslug.com/live/pdf/scripts/only-lovers-left-alive-2013.pdf?v=1729114965,pdf
Only The Brave,https://assets.scriptslug.com/live/pdf/scripts/only-the-brave-2017.pdf?v=1729114966,pdf
Onward,https://imsdb.com//scripts//Onward.html,html
Oppenheimer,https://assets.scriptslug.com/live/pdf/scripts/oppenheimer-2023.pdf?v=1729114966,pdf
Ordinary People,https://assets.scriptslug.com/live/pdf/scripts/ordinary-people-1980.pdf?v=1729114966,pdf
Orgy Of The Dead,https://imsdb.com//scripts//Orgy-of-the-Dead.html,html
Origin,https://assets.scriptslug.com/live/pdf/scripts/origin-2023.pdf?v=1729114966,pdf
Orphan,https://assets.scriptslug.com/live/pdf/scripts/orphan-2008.pdf?v=1729114966,pdf
Ouija,https://assets.scriptslug.com/live/pdf/scripts/ouija-2014.pdf?v=1729114966,pdf
Out Of Africa,https://assets.scriptslug.com/live/pdf/scripts/out-of-africa-1985.pdf?v=1729114966,pdf
Out Of Sight,https://imsdb.com//scripts//Out-of-Sight.html,html
Outlaw King,https://assets.scriptslug.com/live/pdf/scripts/outlaw-king-2018.pdf?v=1729114966,pdf
Over The Moon,https://assets.scriptslug.com/live/pdf/scripts/over-the-moon-2020.pdf?v=1729114966,pdf
Overboard,https://assets.scriptslug.com/live/pdf/scripts/overboard-1987.pdf?v=1729114967,pdf
Overboard,https://assets.scriptslug.com/live/pdf/scripts/overboard-2018.pdf?v=1729114967,pdf
Overlord,https://assets.scriptslug.com/live/pdf/scripts/overlord-2018.pdf?v=1729114967,pdf
Pacific Rim,https://assets.scriptslug.com/live/pdf/scripts/pacific-rim-2013.pdf?v=1729114967,pdf
Paddington 2,https://assets.scriptslug.com/live/pdf/scripts/paddington-2-2018.pdf?v=1729114967,pdf
Pain And Glory,https://assets.scriptslug.com/live/pdf/scripts/pain-and-glory-2019.pdf?v=1729114967,pdf
Palm Springs,https://assets.scriptslug.com/live/pdf/scripts/palm-springs-2020.pdf?v=1729114967,pdf
Pandorum,https://imsdb.com//scripts//Pandorum.html,html
Panic Room,https://assets.scriptslug.com/live/pdf/scripts/panic-room-2002.pdf?v=1729114967,pdf
Pans Labyrinth,https://assets.scriptslug.com/live/pdf/scripts/pans-labyrinth-2006.pdf?v=1729114967,pdf
Paper Moon,https://assets.scriptslug.com/live/pdf/scripts/paper-moon-1973.pdf?v=1729114968,pdf
Papillon,https://assets.scriptslug.com/live/pdf/scripts/papillon-2017.pdf?v=1729114968,pdf
Paradise,https://assets.scriptslug.com/live/pdf/scripts/paradise-2013.pdf?v=1729114968,pdf
Parallel Mothers,https://assets.scriptslug.com/live/pdf/scripts/parallel-mothers-2021.pdf?v=1729114968,pdf
Paranorman,https://assets.scriptslug.com/live/pdf/scripts/paranorman-2012.pdf?v=1729114968,pdf
Parasite,https://assets.scriptslug.com/live/pdf/scripts/parasite-2019.pdf?v=1729114968,pdf
Pariah,https://assets.scriptslug.com/live/pdf/scripts/pariah-2011.pdf?v=1729114968,pdf
Passengers,https://assets.scriptslug.com/live/pdf/scripts/passengers-2011.pdf?v=1729114969,pdf
Passing,https://assets.scriptslug.com/live/pdf/scripts/passing-2021.pdf?v=1729114969,pdf
Past Lives,https://assets.scriptslug.com/live/pdf/scripts/past-lives-2023.pdf?v=1729114969,pdf
Paul,https://imsdb.com//scripts//Paul.html,html
Pawn Sacrifice,https://assets.scriptslug.com/live/pdf/scripts/pawn-sacrifice-2014.pdf?v=1729114970,pdf
Pearl Harbor,https://imsdb.com//scripts//Pearl-Harbor.html,html
Peeping Tom,https://imsdb.com//scripts//Peeping-Tom.html,html
Peggy Sue Got Married,https://assets.scriptslug.com/live/pdf/scripts/peggy-sue-got-married-1986.pdf?v=1729114970,pdf
Perfect Creature,https://imsdb.com//scripts//Perfect-Creature.html,html
Perfect World A,"https://imsdb.com//scripts//Perfect-World,-A.html",html
Personal Best,https://assets.scriptslug.com/live/pdf/scripts/personal-best-1982.pdf?v=1729114970,pdf
Pet Sematary,https://assets.scriptslug.com/live/pdf/scripts/pet-sematary-2019.pdf?v=1729114970,pdf
Pet Sematary 2,https://imsdb.com//scripts//Pet-Sematary-II.html,html
Petulia,https://imsdb.com//scripts//Petulia.html,html
Phantom Of The Opera,https://assets.scriptslug.com/live/pdf/scripts/phantom-of-the-opera-2004.pdf?v=1729114970,pdf
Phantom Thread,https://assets.scriptslug.com/live/pdf/scripts/phantom-thread-2017.pdf?v=1729114970,pdf
Philadelphia,https://assets.scriptslug.com/live/pdf/scripts/philadelphia-1993.pdf?v=1729114970,pdf
Phone Booth,https://imsdb.com//scripts//Phone-Booth.html,html
Pi,https://imsdb.com//scripts//Pi.html,html
Picnic At Hanging Rock,https://assets.scriptslug.com/live/pdf/scripts/picnic-at-hanging-rock-1975.pdf?v=1729114970,pdf
Pineapple Express,https://assets.scriptslug.com/live/pdf/scripts/pineapple-express-2008.pdf?v=1729114970,pdf
Pirates Of The Caribbean,https://imsdb.com//scripts//Pirates-of-the-Caribbean.html,html
Pirates Of The Caribbean At Worlds End,https://assets.scriptslug.com/live/pdf/scripts/pirates-of-the-caribbean-at-worlds-end-2007.pdf?v=1729114971,pdf
Pirates Of The Caribbean Dead Mans Chest,https://assets.scriptslug.com/live/pdf/scripts/pirates-of-the-caribbean-dead-mans-chest-2006.pdf?v=1729114971,pdf
Pirates Of The Caribbean Dead Men Tell No Tales,https://assets.scriptslug.com/live/pdf/scripts/pirates-of-the-caribbean-dead-men-tell-no-tales-2017.pdf?v=1729114971,pdf
Pirates Of The Caribbean On Stranger Tides,https://assets.scriptslug.com/live/pdf/scripts/pirates-of-the-caribbean-on-stranger-tides-2011.pdf?v=1729114971,pdf
Pirates Of The Caribbean The Curse Of The Black Pearl,https://assets.scriptslug.com/live/pdf/scripts/pirates-of-the-caribbean-the-curse-of-the-black-pearl-2003.pdf?v=1729114971,pdf
Pitch Black,https://imsdb.com//scripts//Pitch-Black.html,html
Pitch Perfect,https://assets.scriptslug.com/live/pdf/scripts/pitch-perfect-2012.pdf?v=1729114971,pdf
Pitch Perfect 2,https://assets.scriptslug.com/live/pdf/scripts/pitch-perfect-2-2015.pdf?v=1729114971,pdf
Pixels,https://assets.scriptslug.com/live/pdf/scripts/pixels-2015.pdf?v=1729114971,pdf
Planes Trains & Automobiles,https://assets.scriptslug.com/live/pdf/scripts/planes-trains-and-automobiles-1987.pdf?v=1729114971,pdf
Planet Of The Apes,https://assets.scriptslug.com/live/pdf/scripts/planet-of-the-apes-1968.pdf?v=1729114972,pdf
Platinum Blonde,https://imsdb.com//scripts//Platinum-Blonde.html,html
Platoon,https://imsdb.com//scripts//Platoon.html,html
Pleasantville,https://imsdb.com//scripts//Pleasantville.html,html
Please Give,https://assets.scriptslug.com/live/pdf/scripts/please-give-2010.pdf?v=1729114972,pdf
Poetic Justice,https://assets.scriptslug.com/live/pdf/scripts/poetic-justice-1993.pdf?v=1729114972,pdf
Point Break,https://imsdb.com//scripts//Point-Break.html,html
Pokemon Mewtwo Returns,https://imsdb.com//scripts//Pokemon-Mewtwo-Returns.html,html
Police Academy,https://assets.scriptslug.com/live/pdf/scripts/police-academy-1984.pdf?v=1729114972,pdf
Police Academy 2 Their First Assignment,https://assets.scriptslug.com/live/pdf/scripts/police-academy-2-the-first-assignment-1985.pdf?v=1729114972,pdf
Police Academy 3 Back In Training,https://assets.scriptslug.com/live/pdf/scripts/police-academy-3-back-in-training-1986.pdf?v=1729114972,pdf
Poltergeist,https://assets.scriptslug.com/live/pdf/scripts/poltergeist-1982.pdf?v=1729114972,pdf
Poor Things,https://assets.scriptslug.com/live/pdf/scripts/poor-things-2023.pdf?v=1729114972,pdf
Popstar Never Stop Never Stopping,https://assets.scriptslug.com/live/pdf/scripts/popstar-never-stop-stopping-2016.pdf?v=1729114972,pdf
Porkys,https://assets.scriptslug.com/live/pdf/scripts/porkys-1981.pdf?v=1729114973,pdf
Porkys Revenge,https://assets.scriptslug.com/live/pdf/scripts/porkys-revenge-1985.pdf?v=1729114973,pdf
Postcards From The Edge,https://assets.scriptslug.com/live/pdf/scripts/postcards-from-the-edge-1990.pdf?v=1729114973,pdf
Precious,https://assets.scriptslug.com/live/pdf/scripts/precious-2009.pdf?v=1729114973,pdf
Predator,https://assets.scriptslug.com/live/pdf/scripts/predator-1987.pdf?v=1729114973,pdf
Predator 2,https://assets.scriptslug.com/live/pdf/scripts/predator-2-1990.pdf?v=1729114973,pdf
Predators,https://assets.scriptslug.com/live/pdf/scripts/predators-2010.pdf?v=1729114973,pdf
Pretty Woman,https://assets.scriptslug.com/live/pdf/scripts/pretty-woman-1990.pdf?v=1729114973,pdf
Pretty Woman (final Script),https://imsdb.com//scripts//Pretty-Woman-(final-script).html,html
Prey,https://assets.scriptslug.com/live/pdf/scripts/prey-2022.pdf?v=1729114974,pdf
Pride And Prejudice,https://imsdb.com//scripts//Pride-and-Prejudice.html,html
Priest,https://imsdb.com//scripts//Priest.html,html
Primary Colors,https://assets.scriptslug.com/live/pdf/scripts/primary-colors-1994.pdf?v=1729114974,pdf
Prince Of Darkness,https://assets.scriptslug.com/live/pdf/scripts/prince-of-darkness-1987.pdf?v=1729114974,pdf
Priscilla,https://assets.scriptslug.com/live/pdf/scripts/priscilla-2023.pdf?v=1729114974,pdf
Prisoners,https://assets.scriptslug.com/live/pdf/scripts/prisoners-2013.pdf?v=1729114974,pdf
Private Life,https://assets.scriptslug.com/live/pdf/scripts/private-life-2018.pdf?v=1729114974,pdf
Prom Night,https://imsdb.com//scripts//Prom-Night.html,html
Prometheus,https://assets.scriptslug.com/live/pdf/scripts/prometheus-2012.pdf?v=1729114974,pdf
Promising Young Woman,https://assets.scriptslug.com/live/pdf/scripts/promising-young-woman-2020.pdf?v=1729114974,pdf
Proof Of Life,https://assets.scriptslug.com/live/pdf/scripts/proof-of-life-2000.pdf?v=1729114975,pdf
Prophetess,https://assets.scriptslug.com/live/pdf/scripts/prophetess-2021.pdf?v=1729114975,pdf
Psycho,https://assets.scriptslug.com/live/pdf/scripts/psycho-1960.pdf?v=1729114975,pdf
Public Enemies,https://imsdb.com//scripts//Public-Enemies.html,html
Pulp Fiction,https://assets.scriptslug.com/live/pdf/scripts/pulp-fiction-1994.pdf?v=1729114975,pdf
Punch Drunk Love,https://assets.scriptslug.com/live/pdf/scripts/punch-drunk-love-2002.pdf?v=1729114975,pdf
Purple Rain,https://assets.scriptslug.com/live/pdf/scripts/purple-rain-1984.pdf?v=1729114975,pdf
Puss In Boots The Last Wish,https://imsdb.com//scripts//Puss-in-Boots-The-Last-Wish.html,html
Puzzle,https://assets.scriptslug.com/live/pdf/scripts/puzzle-2018.pdf?v=1729114975,pdf
Quantum Project,https://imsdb.com//scripts//Quantum-Project.html,html
Queen & Slim,https://assets.scriptslug.com/live/pdf/scripts/queen-and-slim-2019.pdf?v=1729114975,pdf
Queen Of The Damned,https://imsdb.com//scripts//Queen-of-the-Damned.html,html
Quiz Lady,https://imsdb.com//scripts//Quiz-Lady.html,html
Quiz Show,https://assets.scriptslug.com/live/pdf/scripts/quiz-show-1994.pdf?v=1729114976,pdf
Rachel Getting Married,https://imsdb.com//scripts//Rachel-Getting-Married.html,html
Raging Bull,https://assets.scriptslug.com/live/pdf/scripts/ragin-bull-1980.pdf?v=1729114976,pdf
Raiders Of The Lost Ark,https://assets.scriptslug.com/live/pdf/scripts/raiders-of-the-lost-ark-1981.pdf?v=1729114976,pdf
Raising Arizona,https://assets.scriptslug.com/live/pdf/scripts/raising-arizona-1987.pdf?v=1729114976,pdf
Rambling Rose,https://imsdb.com//scripts//Rambling-Rose.html,html
Rambo 3,https://assets.scriptslug.com/live/pdf/scripts/rambo-iii-1988.pdf?v=1729114976,pdf
Rambo First Blood 2 The Mission,https://imsdb.com//scripts//Rambo-First-Blood-II-The-Mission.html,html
Rambo First Blood Part 2,https://assets.scriptslug.com/live/pdf/scripts/rambo-first-blood-part-ii-1985.pdf?v=1729114976,pdf
Rango,https://assets.scriptslug.com/live/pdf/scripts/rango-2011.pdf?v=1729114977,pdf
Ratatouille,https://assets.scriptslug.com/live/pdf/scripts/ratatouille-2007.pdf?v=1729114977,pdf
Raya And The Last Dragon,https://assets.scriptslug.com/live/pdf/scripts/raya-and-the-last-dragon-2021.pdf?v=1729114977,pdf
Ready Player One,https://assets.scriptslug.com/live/pdf/scripts/ready-player-one-2018.pdf?v=1729114977,pdf
Real Genius,https://imsdb.com//scripts//Real-Genius.html,html
Reality Bites,https://assets.scriptslug.com/live/pdf/scripts/reality-bites-1994.pdf?v=1729114977,pdf
Rear Window,https://assets.scriptslug.com/live/pdf/scripts/rear-window-1954.pdf?v=1729114977,pdf
Rebel Without A Cause,https://imsdb.com//scripts//Rebel-Without-A-Cause.html,html
Red Dawn,https://assets.scriptslug.com/live/pdf/scripts/red-dawn-1984.pdf?v=1729114977,pdf
Red Dragon,https://assets.scriptslug.com/live/pdf/scripts/red-dragon-2002.pdf?v=1729114977,pdf
Red Eye,https://assets.scriptslug.com/live/pdf/scripts/red-eye-2005.pdf?v=1729114978,pdf
Red Heat,https://assets.scriptslug.com/live/pdf/scripts/red-heat-1988.pdf?v=1729114978,pdf
Red One,https://assets.scriptslug.com/live/pdf/scripts/red-one-2024.pdf?v=1738547185,pdf
Red Planet,https://imsdb.com//scripts//Red-Planet.html,html
Red Riding Hood,https://imsdb.com//scripts//Red-Riding-Hood.html,html
Red Rocket,https://assets.scriptslug.com/live/pdf/scripts/red-rocket-2021.pdf?v=1729114978,pdf
Red Sparrow,https://assets.scriptslug.com/live/pdf/scripts/red-sparrow-2018.pdf?v=1729114978,pdf
Reds,https://assets.scriptslug.com/live/pdf/scripts/reds-1981.pdf?v=1729114978,pdf
Reign Of Fire,https://assets.scriptslug.com/live/pdf/scripts/reign-of-fire-2002.pdf?v=1729114978,pdf
Reindeer Games,https://imsdb.com//scripts//Reindeer-Games.html,html
Remember Me,https://imsdb.com//scripts//Remember-Me.html,html
Rent,https://assets.scriptslug.com/live/pdf/scripts/rent-2005.pdf?v=1729114978,pdf
Repo Man,https://imsdb.com//scripts//Repo-Man.html,html
Requiem For A Dream,https://assets.scriptslug.com/live/pdf/scripts/requiem-for-a-dream-2000.pdf?v=1729114978,pdf
Reservoir Dogs,https://assets.scriptslug.com/live/pdf/scripts/reservoir-dogs-1992.pdf?v=1729114978,pdf
Resident Evil,https://imsdb.com//scripts//Resident-Evil.html,html
Respect,https://assets.scriptslug.com/live/pdf/scripts/respect-2021.pdf?v=1729114978,pdf
Return Of The Apes,https://imsdb.com//scripts//Return-of-the-Apes.html,html
Return Of The Living Dead,https://assets.scriptslug.com/live/pdf/scripts/return-of-the-living-dead-1985.pdf?v=1729114979,pdf
Revenge Of The Nerds,https://assets.scriptslug.com/live/pdf/scripts/revenge-of-the-nerds-1984.pdf?v=1729114979,pdf
Revolutionary Road,https://assets.scriptslug.com/live/pdf/scripts/revolutionary-road-2008.pdf?v=1729114979,pdf
Richard Jewell,https://assets.scriptslug.com/live/pdf/scripts/richard-jewell-2019.pdf?v=1729114979,pdf
Ricky Stanicky,https://assets.scriptslug.com/live/pdf/scripts/ricky-stanicky-2024.pdf?v=1729114980,pdf
Ringu,https://imsdb.com//scripts//Ringu.html,html
Rise Of The Guardians,https://imsdb.com//scripts//Rise-of-the-Guardians.html,html
Rise Of The Planet Of The Apes,https://assets.scriptslug.com/live/pdf/scripts/rise-of-the-planet-of-the-apes-2010.pdf?v=1729114980,pdf
Rko 281,https://imsdb.com//scripts//RKO-281.html,html
Road House,https://assets.scriptslug.com/live/pdf/scripts/road-house-1989.pdf?v=1729114980,pdf
Road To Perdition,https://assets.scriptslug.com/live/pdf/scripts/road-to-perdition-2002.pdf?v=1729114980,pdf
Robin Hood Prince Of Thieves,https://imsdb.com//scripts//Robin-Hood-Prince-of-Thieves.html,html
Robocop,https://assets.scriptslug.com/live/pdf/scripts/robocop-1987.pdf?v=1729114980,pdf
Rocketman,https://assets.scriptslug.com/live/pdf/scripts/rocketman-2019.pdf?v=1729114980,pdf
Rocknrolla,https://imsdb.com//scripts//RocknRolla.html,html
Rocky,https://assets.scriptslug.com/live/pdf/scripts/rocky-1976.pdf?v=1729114980,pdf
Rocky 2,https://assets.scriptslug.com/live/pdf/scripts/rocky-ii-1979.pdf?v=1729114980,pdf
Rocky 3,https://assets.scriptslug.com/live/pdf/scripts/rocky-iii-1982.pdf?v=1729114981,pdf
Rocky 4,https://assets.scriptslug.com/live/pdf/scripts/rocky-iv-1985.pdf?v=1729114981,pdf
Rocky Balboa,https://assets.scriptslug.com/live/pdf/scripts/rocky-balboa-2006.pdf?v=1729114980,pdf
Rocky V,https://assets.scriptslug.com/live/pdf/scripts/rocky-v-1990.pdf?v=1729114981,pdf
Roma,https://assets.scriptslug.com/live/pdf/scripts/roma-2018.pdf?v=1729114981,pdf
Roman J Israel Esq,https://assets.scriptslug.com/live/pdf/scripts/roman-j-israel-esq-2017.pdf?v=1729114981,pdf
Romancing The Stone,https://assets.scriptslug.com/live/pdf/scripts/romancing-the-stone-1984.pdf?v=1729114981,pdf
Romeo Must Die,https://assets.scriptslug.com/live/pdf/scripts/romeo-must-die-2000.pdf?v=1729114981,pdf
Ronin,https://assets.scriptslug.com/live/pdf/scripts/ronin-1998.pdf?v=1729114981,pdf
Room,https://assets.scriptslug.com/live/pdf/scripts/room-2015.pdf?v=1729114981,pdf
Rosemarys Baby,https://assets.scriptslug.com/live/pdf/scripts/rosemarys-baby-1968.pdf?v=1729114981,pdf
Rosetta,https://imsdb.com//scripts//Rosetta.html,html
Roughshod,https://imsdb.com//scripts//Roughshod.html,html
Rounders,https://assets.scriptslug.com/live/pdf/scripts/rounders-1998.pdf?v=1729114982,pdf
Ruby Sparks,https://assets.scriptslug.com/live/pdf/scripts/ruby-sparks-2012.pdf?v=1729114982,pdf
Run,https://assets.scriptslug.com/live/pdf/scripts/run-2020.pdf?v=1729114982,pdf
Runaway Bride,https://assets.scriptslug.com/live/pdf/scripts/runaway-bride-1999.pdf?v=1729114982,pdf
Running Scared,https://assets.scriptslug.com/live/pdf/scripts/running-scared-1986.pdf?v=1729114982,pdf
Rush,https://assets.scriptslug.com/live/pdf/scripts/rush-2013.pdf?v=1729114982,pdf
Rush Hour,https://assets.scriptslug.com/live/pdf/scripts/rush-hour-1998.pdf?v=1729114982,pdf
Rush Hour 2,https://imsdb.com//scripts//Rush-Hour-2.html,html
Rushmore,https://assets.scriptslug.com/live/pdf/scripts/rushmore-1998.pdf?v=1729114983,pdf
Rust And Bone,https://assets.scriptslug.com/live/pdf/scripts/rust-and-bone-2012.pdf?v=1729114983,pdf
Rustin,https://assets.scriptslug.com/live/pdf/scripts/rustin-2023.pdf?v=1729114983,pdf
S Darko,https://imsdb.com//scripts//S.-Darko.html,html
Safety Not Guaranteed,https://assets.scriptslug.com/live/pdf/scripts/safety-not-guaranteed-2012.pdf?v=1729114983,pdf
Saint Frances,https://assets.scriptslug.com/live/pdf/scripts/saint-frances-2019.pdf?v=1729114983,pdf
Saltburn,https://assets.scriptslug.com/live/pdf/scripts/saltburn-2023.pdf?v=1729114984,pdf
Saturday Night,https://assets.scriptslug.com/live/pdf/scripts/saturday-night-2024.pdf?v=1738546680,pdf
Sausage Party,https://assets.scriptslug.com/live/pdf/scripts/sausage-party-2016.pdf?v=1729114984,pdf
Save The Last Dance,https://imsdb.com//scripts//Save-the-Last-Dance.html,html
Saving Mr Banks,https://assets.scriptslug.com/live/pdf/scripts/saving-mr-banks-2013.pdf?v=1729114984,pdf
Saving Private Ryan,https://assets.scriptslug.com/live/pdf/scripts/saving-private-ryan-1998.pdf?v=1729114984,pdf
Saw,https://assets.scriptslug.com/live/pdf/scripts/saw-2004.pdf?v=1729114984,pdf
Saw 4,https://imsdb.com//scripts//Saw-IV.html,html
Scanners,https://assets.scriptslug.com/live/pdf/scripts/scanners-1981.pdf?v=1729114984,pdf
Scarface,https://assets.scriptslug.com/live/pdf/scripts/scarface-1983.pdf?v=1729114984,pdf
Scary Movie,https://assets.scriptslug.com/live/pdf/scripts/scary-movie-2000.pdf?v=1729114985,pdf
Scary Movie 2,https://assets.scriptslug.com/live/pdf/scripts/scary-movie-2-2001.pdf?v=1729114984,pdf
Scary Stories To Tell In The Dark,https://assets.scriptslug.com/live/pdf/scripts/scary-stories-to-tell-in-the-dark-2019.pdf?v=1729114985,pdf
Schindlers List,https://assets.scriptslug.com/live/pdf/scripts/schindlers-list-1993.pdf?v=1729114985,pdf
Scott Pilgrim Vs The World,https://assets.scriptslug.com/live/pdf/scripts/scott-pilgrim-vs-the-world-2010.pdf?v=1729114985,pdf
Scream,https://assets.scriptslug.com/live/pdf/scripts/scream-1996.pdf?v=1729115069,pdf
Scream,https://assets.scriptslug.com/live/pdf/scripts/scream-2022.pdf?v=1729114985,pdf
Scream 2,https://assets.scriptslug.com/live/pdf/scripts/scream-2-1997.pdf?v=1729114985,pdf
Scream 3,https://imsdb.com//scripts//Scream-3.html,html
Scream 4,https://imsdb.com//scripts//Scream-4.html,html
Scream 6,https://assets.scriptslug.com/live/pdf/scripts/scream-vi-2023.pdf?v=1729114985,pdf
Scrooged,https://assets.scriptslug.com/live/pdf/scripts/scrooged-1988.pdf?v=1729114985,pdf
Se7en,https://assets.scriptslug.com/live/pdf/scripts/se7en-1995.pdf?v=1729114986,pdf
Sea Of Love,https://assets.scriptslug.com/live/pdf/scripts/sea-of-love-1989.pdf?v=1729114986,pdf
Searching,https://assets.scriptslug.com/live/pdf/scripts/searching-2018.pdf?v=1729114986,pdf
Secret Window,https://assets.scriptslug.com/live/pdf/scripts/secret-window-2004.pdf?v=1729114986,pdf
Selena,https://assets.scriptslug.com/live/pdf/scripts/selena-1997.pdf?v=1729114986,pdf
Selma,https://assets.scriptslug.com/live/pdf/scripts/selma-2014.pdf?v=1729114986,pdf
Semi Pro,https://imsdb.com//scripts//Semi-Pro.html,html
Sense And Sensibility,https://imsdb.com//scripts//Sense-and-Sensibility.html,html
September 5,https://assets.scriptslug.com/live/pdf/scripts/september-5-2024.pdf?v=1738463295,pdf
Serenity,https://assets.scriptslug.com/live/pdf/scripts/serenity-2005.pdf?v=1729114986,pdf
Serenity,https://assets.scriptslug.com/live/pdf/scripts/serenity-2019.pdf?v=1729114987,pdf
Serial Mom,https://imsdb.com//scripts//Serial-Mom.html,html
Severance,https://assets.scriptslug.com/live/pdf/scripts/severance-2006.pdf?v=1729114987,pdf
Sex And The City,https://imsdb.com//scripts//Sex-and-the-City.html,html
Sex Drive,https://assets.scriptslug.com/live/pdf/scripts/sex-drive-2008.pdf?v=1729114987,pdf
Sex Lies And Videotape,https://assets.scriptslug.com/live/pdf/scripts/sex-lies-and-videotape-1992.pdf?v=1729114987,pdf
Sexual Life,https://imsdb.com//scripts//Sexual-Life.html,html
Shakespeare In Love,https://assets.scriptslug.com/live/pdf/scripts/shakespeare-in-love-1987.pdf?v=1729114987,pdf
Shallow Grave,https://imsdb.com//scripts//Shallow-Grave.html,html
Shame,https://assets.scriptslug.com/live/pdf/scripts/shame-2011.pdf?v=1729114988,pdf
Shampoo,https://imsdb.com//scripts//Shampoo.html,html
Sharkys Machine,https://assets.scriptslug.com/live/pdf/scripts/sharkys-machine-1981.pdf?v=1729114988,pdf
Shaun Of The Dead,https://assets.scriptslug.com/live/pdf/scripts/shaun-of-the-dead-2004.pdf?v=1729114988,pdf
Shayda,https://assets.scriptslug.com/live/pdf/scripts/shayda-2023.pdf?v=1729114988,pdf
She Said,https://assets.scriptslug.com/live/pdf/scripts/she-said-2022.pdf?v=1729114988,pdf
Sherlock Holmes,https://assets.scriptslug.com/live/pdf/scripts/sherlock-holmes-2009.pdf?v=1729114988,pdf
Shes Out Of My League,https://imsdb.com//scripts//She's-Out-of-My-League.html,html
Shifty,https://imsdb.com//scripts//Shifty.html,html
Shivers,https://imsdb.com//scripts//Shivers.html,html
Short Term 12,https://assets.scriptslug.com/live/pdf/scripts/short-term-12-2013.pdf?v=1729114989,pdf
Shortcomings,https://assets.scriptslug.com/live/pdf/scripts/shortcomings-2023.pdf?v=1729114989,pdf
Showgirls,https://assets.scriptslug.com/live/pdf/scripts/showgirls-1995.pdf?v=1729114989,pdf
Shrek,https://assets.scriptslug.com/live/pdf/scripts/shrek-2001.pdf?v=1729114989,pdf
Shrek The Third,https://assets.scriptslug.com/live/pdf/scripts/shrek-the-third-2007.pdf?v=1729114989,pdf
Shutter Island,https://assets.scriptslug.com/live/pdf/scripts/shutter-island-2010.pdf?v=1729114989,pdf
Sicario,https://assets.scriptslug.com/live/pdf/scripts/sicario-2015.pdf?v=1729114989,pdf
Sicario Day Of The Soldado,https://assets.scriptslug.com/live/pdf/scripts/sicario-day-of-soldado-2015.pdf?v=1729114989,pdf
Side Effects,https://assets.scriptslug.com/live/pdf/scripts/side-effects-2013.pdf?v=1729114989,pdf
Sideways,https://imsdb.com//scripts//Sideways.html,html
Signs,https://assets.scriptslug.com/live/pdf/scripts/signs-2002.pdf?v=1729114990,pdf
Silence,https://assets.scriptslug.com/live/pdf/scripts/silence-2016.pdf?v=1729114990,pdf
Silence Of The Lambs,https://imsdb.com//scripts//Silence-of-the-Lambs.html,html
Silent Grace,https://imsdb.com//scripts//Silent-Grace.html,html
Silkwood,https://assets.scriptslug.com/live/pdf/scripts/silkwood-1983.pdf?v=1729114990,pdf
Silver Bullet,https://imsdb.com//scripts//Silver-Bullet.html,html
Silver Linings Playbook,https://imsdb.com//scripts//Silver-Linings-Playbook.html,html
Silverado,https://assets.scriptslug.com/live/pdf/scripts/silverado-1985.pdf?v=1729114990,pdf
Simone,https://imsdb.com//scripts//Simone.html,html
Sing,https://assets.scriptslug.com/live/pdf/scripts/sing-2016.pdf?v=1729114990,pdf
Sing Sing,https://assets.scriptslug.com/live/pdf/scripts/sing-sing-2024.pdf?v=1738464550,pdf
Sing Street,https://assets.scriptslug.com/live/pdf/scripts/sing-street-2016.pdf?v=1729114990,pdf
Singin In The Rain,https://assets.scriptslug.com/live/pdf/scripts/singin-in-the-rain-1982.pdf?v=1729114990,pdf
Single White Female,https://imsdb.com//scripts//Single-White-Female.html,html
Sister Act,https://imsdb.com//scripts//Sister-Act.html,html
Six Degrees Of Separation,https://imsdb.com//scripts//Six-Degrees-of-Separation.html,html
Sixteen Candles,https://assets.scriptslug.com/live/pdf/scripts/sixteen-candles-1984.pdf?v=1729114991,pdf
Skyfall,https://assets.scriptslug.com/live/pdf/scripts/skyfall-2012.pdf?v=1729114991,pdf
Skyscraper,https://assets.scriptslug.com/live/pdf/scripts/skyscraper-2018.pdf?v=1729114991,pdf
Sleepers,https://assets.scriptslug.com/live/pdf/scripts/sleepers-1996.pdf?v=1729114991,pdf
Sleepless In Seattle,https://assets.scriptslug.com/live/pdf/scripts/sleepless-in-seatlle-1993.pdf?v=1729114991,pdf
Sleepy Hollow,https://assets.scriptslug.com/live/pdf/scripts/sleepy-hollow-1999.pdf?v=1729114991,pdf
Slender Man,https://assets.scriptslug.com/live/pdf/scripts/slender-man-2018.pdf?v=1729114992,pdf
Sling Blade,https://imsdb.com//scripts//Sling-Blade.html,html
Slither,https://imsdb.com//scripts//Slither.html,html
Sliver,https://assets.scriptslug.com/live/pdf/scripts/sliver-1993.pdf?v=1729114992,pdf
Slumdog Millionaire,https://imsdb.com//scripts//Slumdog-Millionaire.html,html
Smashed,https://imsdb.com//scripts//Smashed.html,html
Smokin Aces,https://imsdb.com//scripts//Smokin'-Aces.html,html
Snake Eyes,https://assets.scriptslug.com/live/pdf/scripts/snake-eyes-1998.pdf?v=1729114992,pdf
Snatch,https://assets.scriptslug.com/live/pdf/scripts/snatch-2000.pdf?v=1729114992,pdf
Snow Falling On Cedars,https://imsdb.com//scripts//Snow-Falling-On-Cedars.html,html
Snow White And The Huntsman,https://assets.scriptslug.com/live/pdf/scripts/show-white-and-the-huntsman-2012.pdf?v=1729114989,pdf
Snowpiercer,https://assets.scriptslug.com/live/pdf/scripts/snowpiercer-2013.pdf?v=1729114992,pdf
So I Married An Axe Murderer,https://assets.scriptslug.com/live/pdf/scripts/so-i-married-an-axe-murderer-1993.pdf?v=1729114992,pdf
Solaris,https://assets.scriptslug.com/live/pdf/scripts/solaris-2002.pdf?v=1729114992,pdf
Soldier,https://imsdb.com//scripts//Soldier.html,html
Someone To Watch Over Me,https://imsdb.com//scripts//Someone-To-Watch-Over-Me.html,html
Something Wicked This Way Comes,https://assets.scriptslug.com/live/pdf/scripts/something-wicked-this-way-comes-1983.pdf?v=1729114993,pdf
Somethings Gotta Give,https://assets.scriptslug.com/live/pdf/scripts/somethings-gotta-give-2003.pdf?v=1729114993,pdf
Sorry To Bother,https://assets.scriptslug.com/live/pdf/scripts/sorry-to-bother-you-2018.pdf?v=1729114993,pdf
Soul,https://assets.scriptslug.com/live/pdf/scripts/soul-2020.pdf?v=1729114993,pdf
Sound Of Metal,https://assets.scriptslug.com/live/pdf/scripts/sound-of-metal-2019.pdf?v=1729114993,pdf
Source Code,https://imsdb.com//scripts//Source-Code.html,html
South Park,https://imsdb.com//scripts//South-Park.html,html
Soylent Green,https://assets.scriptslug.com/live/pdf/scripts/soylent-green-1973.pdf?v=1729114993,pdf
Space Cowboys,https://assets.scriptslug.com/live/pdf/scripts/space-cowboys-2000.pdf?v=1729114993,pdf
Space Milkshake,https://imsdb.com//scripts//Space-Milkshake.html,html
Spaceballs,https://assets.scriptslug.com/live/pdf/scripts/spaceballs-1987.pdf?v=1729114994,pdf
Spanglish,https://imsdb.com//scripts//Spanglish.html,html
Spare Me,https://imsdb.com//scripts//Spare-Me.html,html
Spartacus,https://assets.scriptslug.com/live/pdf/scripts/spartacus-1960.pdf?v=1729114994,pdf
Spartan,https://imsdb.com//scripts//Spartan.html,html
Spawn,https://assets.scriptslug.com/live/pdf/scripts/spawn-1997.pdf?v=1729114994,pdf
Spectre,https://assets.scriptslug.com/live/pdf/scripts/spectre-2015.pdf?v=1729114994,pdf
Speed,https://assets.scriptslug.com/live/pdf/scripts/speed-1994.pdf?v=1729114995,pdf
Speed Racer,https://assets.scriptslug.com/live/pdf/scripts/speed-racer-2008.pdf?v=1729114995,pdf
Spencer,https://assets.scriptslug.com/live/pdf/scripts/spencer-2021.pdf?v=1729114995,pdf
Sphere,https://imsdb.com//scripts//Sphere.html,html
Spider Man,https://assets.scriptslug.com/live/pdf/scripts/spider-man-2002.pdf?v=1729114995,pdf
Spider Man 2,https://assets.scriptslug.com/live/pdf/scripts/spider-man-2-2004.pdf?v=1729114995,pdf
Spider Man Across The Spider Verse,https://assets.scriptslug.com/live/pdf/scripts/spider-man-across-the-spider-verse-2023.pdf?v=1729114995,pdf
Spider Man Into The Spider Verse,https://assets.scriptslug.com/live/pdf/scripts/spider-man-into-the-spider-verse-2018.pdf?v=1729114995,pdf
Spider Man No Way Home,https://assets.scriptslug.com/live/pdf/scripts/spider-man-no-way-home-2021.pdf?v=1729114995,pdf
Splice,https://assets.scriptslug.com/live/pdf/scripts/splice-2009.pdf?v=1729114995,pdf
Spotlight,https://assets.scriptslug.com/live/pdf/scripts/spotlight-2015.pdf?v=1729114995,pdf
Spring Breakers,https://assets.scriptslug.com/live/pdf/scripts/spring-breakers-2013.pdf?v=1729114996,pdf
Spy Kids,https://assets.scriptslug.com/live/pdf/scripts/spy-kids-2001.pdf?v=1729114996,pdf
St Elmos Fire,https://imsdb.com//scripts//St.-Elmo's-Fire.html,html
Stagecoach,https://assets.scriptslug.com/live/pdf/scripts/stagecoach-1939.pdf?v=1729114996,pdf
Stan & Ollie,https://assets.scriptslug.com/live/pdf/scripts/stan-and-ollie-2018.pdf?v=1729114996,pdf
Stand By Me,https://assets.scriptslug.com/live/pdf/scripts/stand-by-me-1986.pdf?v=1729114996,pdf
Star Trek,https://assets.scriptslug.com/live/pdf/scripts/star-trek-2009.pdf?v=1729114996,pdf
Star Trek 2 The Wrath Of Khan,https://assets.scriptslug.com/live/pdf/scripts/star-trek-ii-the-wrath-of-kahn-1982.pdf?v=1729114997,pdf
Star Trek 3 The Search For Spock,https://assets.scriptslug.com/live/pdf/scripts/star-trek-iii-the-search-for-spock-1984.pdf?v=1729114997,pdf
Star Trek 4 The Voyage Home,https://assets.scriptslug.com/live/pdf/scripts/star-trek-iv-the-voyage-home-1986.pdf?v=1729114997,pdf
Star Trek 6 The Undiscovered Country,https://assets.scriptslug.com/live/pdf/scripts/star-trek-vi-the-undiscovered-country-1991.pdf?v=1729114997,pdf
Star Trek First Contact,https://assets.scriptslug.com/live/pdf/scripts/star-trek-first-contact-1996.pdf?v=1729114996,pdf
Star Trek Generations,https://assets.scriptslug.com/live/pdf/scripts/star-trek-generations-1994.pdf?v=1729114996,pdf
Star Trek Insurrection,https://assets.scriptslug.com/live/pdf/scripts/star-trek-insurrection-1998.pdf?v=1729114997,pdf
Star Trek Nemesis,https://assets.scriptslug.com/live/pdf/scripts/star-trek-nemesis-2002.pdf?v=1729114997,pdf
Star Trek The Motion Picture,https://assets.scriptslug.com/live/pdf/scripts/star-trek-the-motion-picture-1979.pdf?v=1729114997,pdf
Star Trek V The Final Frontier,https://assets.scriptslug.com/live/pdf/scripts/star-trek-v-the-final-frontier-1989.pdf?v=1729114997,pdf
Star Wars A New Hope,https://imsdb.com//scripts//Star-Wars-A-New-Hope.html,html
Star Wars Attack Of The Clones,https://imsdb.com//scripts//Star-Wars-Attack-of-the-Clones.html,html
Star Wars Episode 2 Attack Of The Clones,https://assets.scriptslug.com/live/pdf/scripts/star-wars-episode-ii-attack-of-the-clones-2002.pdf?v=1729114998,pdf
Star Wars Episode 3 Revenge Of The Sith,https://assets.scriptslug.com/live/pdf/scripts/star-wars-episode-iii-revenge-of-the-sith-2005.pdf?v=1729114998,pdf
Star Wars Episode 4 A New Hope,https://assets.scriptslug.com/live/pdf/scripts/star-wars-episode-iv-a-new-hope-1977.pdf?v=1729114998,pdf
Star Wars Episode 6 Return Of The Jedi,https://assets.scriptslug.com/live/pdf/scripts/star-wars-episode-vi-return-of-the-jedi-1983.pdf?v=1729114998,pdf
Star Wars Episode I The Phantom Menace,https://assets.scriptslug.com/live/pdf/scripts/star-wars-episode-i-the-phantom-menace-1999.pdf?v=1729114997,pdf
Star Wars Episode V The Empire Strikes Back,https://assets.scriptslug.com/live/pdf/scripts/star-wars-episode-v-the-empire-strikes-back-1980.pdf?v=1729114998,pdf
Star Wars Return Of The Jedi,https://imsdb.com//scripts//Star-Wars-Return-of-the-Jedi.html,html
Star Wars Revenge Of The Sith,https://imsdb.com//scripts//Star-Wars-Revenge-of-the-Sith.html,html
Star Wars The Empire Strikes Back,https://imsdb.com//scripts//Star-Wars-The-Empire-Strikes-Back.html,html
Star Wars The Force Awakens,https://assets.scriptslug.com/live/pdf/scripts/star-wars-episode-vii-the-force-awakens-2015.pdf?v=1729114998,pdf
Star Wars The Phantom Menace,https://imsdb.com//scripts//Star-Wars-The-Phantom-Menace.html,html
Stardust,https://assets.scriptslug.com/live/pdf/scripts/stardust-2007.pdf?v=1729114998,pdf
Stargate,https://assets.scriptslug.com/live/pdf/scripts/stargate-1994.pdf?v=1729114998,pdf
Starman,https://imsdb.com//scripts//Starman.html,html
Starship Troopers,https://imsdb.com//scripts//Starship-Troopers.html,html
State And Main,https://imsdb.com//scripts//State-and-Main.html,html
State Of Grace,https://assets.scriptslug.com/live/pdf/scripts/state-of-grace-1983.pdf?v=1729114998,pdf
State Of Play,https://assets.scriptslug.com/live/pdf/scripts/state-of-play-2009.pdf?v=1729114999,pdf
Station West,https://imsdb.com//scripts//Station-West.html,html
Step Brothers,https://assets.scriptslug.com/live/pdf/scripts/step-brothers-2008.pdf?v=1729114999,pdf
Stepmom,https://assets.scriptslug.com/live/pdf/scripts/stepmom-1998.pdf?v=1729114999,pdf
Steve Jobs,https://assets.scriptslug.com/live/pdf/scripts/steve-jobs-2015.pdf?v=1729114999,pdf
Stir Of Echoes,https://assets.scriptslug.com/live/pdf/scripts/stir-of-echoes-1999.pdf?v=1729114999,pdf
Stoker,https://assets.scriptslug.com/live/pdf/scripts/stoker-2013.pdf?v=1729114999,pdf
Storm,https://assets.scriptslug.com/live/pdf/scripts/storm-2019.pdf?v=1738890775,pdf
Storytelling,https://imsdb.com//scripts//Storytelling.html,html
Straight Outta Compton,https://assets.scriptslug.com/live/pdf/scripts/straight-outta-compoton-2015.pdf?v=1729114999,pdf
Strange Days,https://assets.scriptslug.com/live/pdf/scripts/strange-days-1995.pdf?v=1729114999,pdf
Stranger Than Fiction,https://assets.scriptslug.com/live/pdf/scripts/stranger-than-fiction-2006.pdf?v=1729114999,pdf
Stranger Than Paradise,https://assets.scriptslug.com/live/pdf/scripts/stranger-than-paradise-1984.pdf?v=1729115000,pdf
Strangers On A Train,https://assets.scriptslug.com/live/pdf/scripts/strangers-on-a-train-1959.pdf?v=1729115000,pdf
Strawberry Mansion,https://assets.scriptslug.com/live/pdf/scripts/strawberry-mansion-2021.pdf?v=1729115000,pdf
Street Smart,https://assets.scriptslug.com/live/pdf/scripts/street-smart-1987.pdf?v=1729115000,pdf
Stuber,https://assets.scriptslug.com/live/pdf/scripts/stuber-2019.pdf?v=1729115000,pdf
Submarine,https://assets.scriptslug.com/live/pdf/scripts/submarine-2010.pdf?v=1729115001,pdf
Suburbicon,https://assets.scriptslug.com/live/pdf/scripts/suburbicon-2017.pdf?v=1729115001,pdf
Suffragette,https://assets.scriptslug.com/live/pdf/scripts/suffragette-2015.pdf?v=1729115001,pdf
Sugar,https://imsdb.com//scripts//Sugar.html,html
Sugar And Spice,https://imsdb.com//scripts//Sugar-and-Spice.html,html
Suicide Squad,https://assets.scriptslug.com/live/pdf/scripts/suicide-squad-2016.pdf?v=1729115001,pdf
Sully,https://assets.scriptslug.com/live/pdf/scripts/sully-2016.pdf?v=1729115001,pdf
Sunset Blvd,https://imsdb.com//scripts//Sunset-Blvd..html,html
Sunshine,https://assets.scriptslug.com/live/pdf/scripts/sunshine-2007.pdf?v=1729115002,pdf
Sunshine Cleaning,https://imsdb.com//scripts//Sunshine-Cleaning.html,html
Super,https://assets.scriptslug.com/live/pdf/scripts/super-2010.pdf?v=1729115002,pdf
Super 8,https://assets.scriptslug.com/live/pdf/scripts/super-8-2011.pdf?v=1729115002,pdf
Super Dark Times,https://assets.scriptslug.com/live/pdf/scripts/super-dark-times-2017.pdf?v=1729115002,pdf
Super Mario Bros,https://assets.scriptslug.com/live/pdf/scripts/super-mario-bros-1993.pdf?v=1729115002,pdf
Superbad,https://assets.scriptslug.com/live/pdf/scripts/superbad-2007.pdf?v=1729115002,pdf
Supergirl,https://imsdb.com//scripts//Supergirl.html,html
Superman,https://assets.scriptslug.com/live/pdf/scripts/superman-1978.pdf?v=1729115002,pdf
Surrogates,https://assets.scriptslug.com/live/pdf/scripts/surrogates-2009.pdf?v=1729115002,pdf
Suspect Zero,https://imsdb.com//scripts//Suspect-Zero.html,html
Suspiria,https://assets.scriptslug.com/live/pdf/scripts/suspiria-2018.pdf?v=1729115002,pdf
Swan Song,https://assets.scriptslug.com/live/pdf/scripts/swan-song-2021.pdf?v=1729115003,pdf
Sweeney Todd The Demon Barber Of Fleet Street,https://assets.scriptslug.com/live/pdf/scripts/sweeney-todd-the-demon-barber-of-fleet-street-2007.pdf?v=1729115003,pdf
Sweet Smell Of Success,https://assets.scriptslug.com/live/pdf/scripts/sweet-smell-of-success-1957.pdf?v=1729115003,pdf
Swingers,https://assets.scriptslug.com/live/pdf/scripts/swingers-1996.pdf?v=1729115003,pdf
Swiss Army Man,https://assets.scriptslug.com/live/pdf/scripts/swiss-army-main-2016.pdf?v=1729115003,pdf
Swordfish,https://imsdb.com//scripts//Swordfish.html,html
Synecdoche New York,https://assets.scriptslug.com/live/pdf/scripts/synecdoche-new-york-2008.pdf?v=1729115003,pdf
Syriana,https://imsdb.com//scripts//Syriana.html,html
Take Shelter,https://assets.scriptslug.com/live/pdf/scripts/take-shelter-2011.pdf?v=1729115003,pdf
Taking Lives,https://imsdb.com//scripts//Taking-Lives.html,html
Taking Sides,https://imsdb.com//scripts//Taking-Sides.html,html
Talkin Dirty After Dark,https://assets.scriptslug.com/live/pdf/scripts/talkin-dirty-after-dark-1991.pdf?v=1729115003,pdf
Tall In The Saddle,https://imsdb.com//scripts//Tall-in-the-Saddle.html,html
Talladega Nights The Ballad Of Ricky Bobby,https://assets.scriptslug.com/live/pdf/scripts/talladega-nights-2006.pdf?v=1729115003,pdf
Tamara Drewe,https://imsdb.com//scripts//Tamara-Drewe.html,html
Tango & Cash,https://assets.scriptslug.com/live/pdf/scripts/tango-and-cash-1989.pdf?v=1729115003,pdf
Taxi Driver,https://assets.scriptslug.com/live/pdf/scripts/taxi-driver-1976.pdf?v=1729115004,pdf
Team America World Police,https://assets.scriptslug.com/live/pdf/scripts/team-america-world-police-2004.pdf?v=1729115004,pdf
Ted,https://assets.scriptslug.com/live/pdf/scripts/ted-2012.pdf?v=1729115004,pdf
Teen Wolf,https://assets.scriptslug.com/live/pdf/scripts/teen-wolf-1985.pdf?v=1729115004,pdf
Teenage Mutant Ninja Turtles Mutant Mayhem,https://assets.scriptslug.com/live/pdf/scripts/teenage-mutant-ninja-turtles-mutant-mayhem-2023.pdf?v=1729115004,pdf
Tenet,https://assets.scriptslug.com/live/pdf/scripts/tenet-2020.pdf?v=1729115005,pdf
Tequila Sunrise,https://assets.scriptslug.com/live/pdf/scripts/tequila-sunrise-1988.pdf?v=1729115005,pdf
Terminator,https://imsdb.com//scripts//Terminator.html,html
Terminator 2 Judgement Day,https://assets.scriptslug.com/live/pdf/scripts/terminator-2-judgement-day-1991.pdf?v=1729115005,pdf
Terminator Genisys,https://assets.scriptslug.com/live/pdf/scripts/terminator-genisys-2015.pdf?v=1729115005,pdf
Terminator Salvation,https://assets.scriptslug.com/live/pdf/scripts/terminator-salvation-2009.pdf?v=1729115005,pdf
Terms Of Endearment,https://assets.scriptslug.com/live/pdf/scripts/terms-of-endearment-1983.pdf?v=1729115005,pdf
The 40 Year Old Virgin,https://assets.scriptslug.com/live/pdf/scripts/40-year-old-virgin-2005.pdf?v=1729114849,pdf
The A Team,https://assets.scriptslug.com/live/pdf/scripts/the-a-team-2010.pdf?v=1729115005,pdf
The Abyss,https://assets.scriptslug.com/live/pdf/scripts/the-abyss-1989.pdf?v=1729115005,pdf
The Accidental Tourist,https://assets.scriptslug.com/live/pdf/scripts/the-accidental-tourist-1988.pdf?v=1729115006,pdf
The Accountant,https://assets.scriptslug.com/live/pdf/scripts/the-accountant-2016.pdf?v=1729115006,pdf
The Addams Family,https://assets.scriptslug.com/live/pdf/scripts/the-addams-family-1991.pdf?v=1729115006,pdf
The Adjustment Bureau,https://assets.scriptslug.com/live/pdf/scripts/the-adjustment-bureau-2011.pdf?v=1729115006,pdf
The Adventures Of Buckaroo Banzai Across The Eighth Dimension,"https://imsdb.com//scripts//Adventures-of-Buckaroo-Banzai-Across-the-Eighth-Dimension,-The.html",html
The Adventures Of Ford Fairlane,https://assets.scriptslug.com/live/pdf/scripts/the-adventures-of-ford-fairlane-1990.pdf?v=1729115006,pdf
The Adventures Of Tintin,https://assets.scriptslug.com/live/pdf/scripts/the-adventures-of-tintin-2011.pdf?v=1729115006,pdf
The African Queen,https://assets.scriptslug.com/live/pdf/scripts/the-african-queen-1951.pdf?v=1729115006,pdf
The American,https://assets.scriptslug.com/live/pdf/scripts/the-american-2010.pdf?v=1729115006,pdf
The American President,https://assets.scriptslug.com/live/pdf/scripts/the-american-president-1995.pdf?v=1729115007,pdf
The Amityville Asylum,"https://imsdb.com//scripts//Amityville-Asylum,-The.html",html
The Amityville Horror,https://assets.scriptslug.com/live/pdf/scripts/the-amityville-horror-1979.pdf?v=1729115007,pdf
The Anniversary Party,"https://imsdb.com//scripts//Anniversary-Party,-The.html",html
The Apartment,https://assets.scriptslug.com/live/pdf/scripts/the-apartment-1960.pdf?v=1729115007,pdf
The Artist,https://assets.scriptslug.com/live/pdf/scripts/the-artist-2011.pdf?v=1729115007,pdf
The Assignment,"https://imsdb.com//scripts//Assignment,-The.html",html
The Avengers,https://assets.scriptslug.com/live/pdf/scripts/the-avengers-2012.pdf?v=1729115007,pdf
The Avengers,https://assets.scriptslug.com/live/pdf/scripts/the-avengers-2012.pdf?v=1729115007,pdf
The Aviator,https://assets.scriptslug.com/live/pdf/scripts/the-aviator-2004.pdf?v=1729115007,pdf
The Babadook,https://assets.scriptslug.com/live/pdf/scripts/the-babadook-2011.pdf?v=1729115007,pdf
The Babysitter,https://assets.scriptslug.com/live/pdf/scripts/the-babysitter-2017.pdf?v=1729115007,pdf
The Bachelor Party,"https://imsdb.com//scripts//Bachelor-Party,-The.html",html
The Back Up Plan,"https://imsdb.com//scripts//Back-up-Plan,-The.html",html
The Ballad Of Buster Scruggs,https://assets.scriptslug.com/live/pdf/scripts/the-ballad-of-buster-scruggs-2018.pdf?v=1729115007,pdf
The Banshees Of Inisherin,https://assets.scriptslug.com/live/pdf/scripts/the-banshees-of-inisherin-2022.pdf?v=1729115007,pdf
The Batman,https://assets.scriptslug.com/live/pdf/scripts/the-batman-2022.pdf?v=1729115008,pdf
The Battle Of Algiers,"https://imsdb.com//scripts//Battle-of-Algiers,-The.html",html
The Battle Of Shaker Heights,"https://imsdb.com//scripts//Battle-of-Shaker-Heights,-The.html",html
The Beach,"https://imsdb.com//scripts//Beach,-The.html",html
The Beach Bum,https://assets.scriptslug.com/live/pdf/scripts/the-beach-bum-2019.pdf?v=1729115008,pdf
The Beekeeper,https://assets.scriptslug.com/live/pdf/scripts/the-beekeeper-2024.pdf?v=1729115008,pdf
The Beguiled,https://assets.scriptslug.com/live/pdf/scripts/the-beguiled-1971.pdf?v=1729115008,pdf
The Beguiled,https://assets.scriptslug.com/live/pdf/scripts/the-beguiled-2017.pdf?v=1729115008,pdf
The Believer,"https://imsdb.com//scripts//Believer,-The.html",html
The Best Exotic Marigold Hotel,"https://imsdb.com//scripts//Best-Exotic-Marigold-Hotel,-The.html",html
The Bfg,https://assets.scriptslug.com/live/pdf/scripts/the-bfg-2016.pdf?v=1729115008,pdf
The Big Blue,"https://imsdb.com//scripts//Big-Blue,-The.html",html
The Big Chill,https://assets.scriptslug.com/live/pdf/scripts/the-big-chill-1983.pdf?v=1729115008,pdf
The Big Easy,https://assets.scriptslug.com/live/pdf/scripts/the-big-easy-1986.pdf?v=1729115008,pdf
The Big Lebowski,https://assets.scriptslug.com/live/pdf/scripts/the-big-lebowski-2004.pdf?v=1729115008,pdf
The Big Short,https://assets.scriptslug.com/live/pdf/scripts/the-big-short-2015.pdf?v=1729115009,pdf
The Big Sick,https://assets.scriptslug.com/live/pdf/scripts/the-big-sick-2017.pdf?v=1729115009,pdf
The Big White,"https://imsdb.com//scripts//Big-White,-The.html",html
The Birdcage,https://assets.scriptslug.com/live/pdf/scripts/the-birdcage-1996.pdf?v=1729115009,pdf
The Birds,https://assets.scriptslug.com/live/pdf/scripts/the-birds-1963.pdf?v=1729115009,pdf
The Birth Of A Nation,https://assets.scriptslug.com/live/pdf/scripts/the-birth-of-a-nation-2016.pdf?v=1729115009,pdf
The Black Dahlia,"https://imsdb.com//scripts//Black-Dahlia,-The.html",html
The Blast From The Past,"https://imsdb.com//scripts//Blast-from-the-Past,-The.html",html
The Blind Side,"https://imsdb.com//scripts//Blind-Side,-The.html",html
The Bling Ring,https://assets.scriptslug.com/live/pdf/scripts/bling-ring-2013.pdf?v=1729114874,pdf
The Blob,https://assets.scriptslug.com/live/pdf/scripts/the-blob-1988.pdf?v=1729115009,pdf
The Blues Brothers,https://assets.scriptslug.com/live/pdf/scripts/the-blues-brothers-1980.pdf?v=1729115009,pdf
The Bodyguard,https://assets.scriptslug.com/live/pdf/scripts/the-bodyguard-1992.pdf?v=1729115009,pdf
The Bonfire Of The Vanities,https://assets.scriptslug.com/live/pdf/scripts/the-bonfire-of-the-vanities-1990.pdf?v=1729115009,pdf
The Book Of Eli,"https://imsdb.com//scripts//Book-of-Eli,-The.html",html
The Boondock Saints,https://assets.scriptslug.com/live/pdf/scripts/boondock-saints-1999.pdf?v=1729114876,pdf
The Boondock Saints 2 All Saints Day,https://assets.scriptslug.com/live/pdf/scripts/the-boondock-saints-ii-all-saints-day-2009.pdf?v=1729115010,pdf
The Boss Baby Family Business,https://assets.scriptslug.com/live/pdf/scripts/the-boss-baby-family-business-2021.pdf?v=1729115010,pdf
The Bounty Hunter,"https://imsdb.com//scripts//Bounty-Hunter,-The.html",html
The Bourne Identity,https://assets.scriptslug.com/live/pdf/scripts/the-bourne-identity-2002.pdf?v=1729115010,pdf
The Bourne Supremacy,https://assets.scriptslug.com/live/pdf/scripts/the-bourne-supremacy-2004.pdf?v=1729115010,pdf
The Bourne Ultimatum,https://assets.scriptslug.com/live/pdf/scripts/the-bourne-ultimatum-2007.pdf?v=1729115010,pdf
The Box,"https://imsdb.com//scripts//Box,-The.html",html
The Boxtrolls,https://assets.scriptslug.com/live/pdf/scripts/the-boxtrolls-2014.pdf?v=1729115010,pdf
The Boy,https://assets.scriptslug.com/live/pdf/scripts/the-boy-2016.pdf?v=1729115010,pdf
The Brady Bunch Movie,https://assets.scriptslug.com/live/pdf/scripts/the-brady-bunch-movie-1995.pdf?v=1729115010,pdf
The Breakfast Club,https://assets.scriptslug.com/live/pdf/scripts/the-breakfast-club-1985.pdf?v=1729115010,pdf
The Brothers Bloom,https://assets.scriptslug.com/live/pdf/scripts/the-brothers-bloom-2008.pdf?v=1729115011,pdf
The Brutalist,https://assets.scriptslug.com/live/pdf/scripts/the-brutalist-2024.pdf?v=1738462790,pdf
The Burbs,https://assets.scriptslug.com/live/pdf/scripts/the-burbs-1989.pdf?v=1729115011,pdf
The Burial,https://assets.scriptslug.com/live/pdf/scripts/the-burial-2023.pdf?v=1729115011,pdf
The Butterfly Effect,"https://imsdb.com//scripts//Butterfly-Effect,-The.html",html
The Cabin In The Woods,https://assets.scriptslug.com/live/pdf/scripts/the-cabin-in-the-woods-2012.pdf?v=1729114881,pdf
The Card Counter,https://assets.scriptslug.com/live/pdf/scripts/the-card-counter-2021.pdf?v=1729115011,pdf
The Cell,"https://imsdb.com//scripts//Cell,-The.html",html
The Change Up,"https://imsdb.com//scripts//Change-Up,-The.html",html
The Children Of The Corn,https://assets.scriptslug.com/live/pdf/scripts/the-children-of-the-corn-1984.pdf?v=1729115011,pdf
The Cider House Rules,"https://imsdb.com//scripts//Cider-House-Rules,-The.html",html
The Cincinnati Kid,"https://imsdb.com//scripts//Cincinnati-Kid,-The.html",html
The Civil Dead,https://assets.scriptslug.com/live/pdf/scripts/the-civil-dead-2022.pdf?v=1729115011,pdf
The Color Purple,https://assets.scriptslug.com/live/pdf/scripts/the-color-purple-1985.pdf?v=1729115011,pdf
The Color Purple,https://assets.scriptslug.com/live/pdf/scripts/the-color-purple-2023.pdf?v=1729115011,pdf
The Comedian,https://assets.scriptslug.com/live/pdf/scripts/the-comedian-2016.pdf?v=1729115011,pdf
The Conjuring,https://assets.scriptslug.com/live/pdf/scripts/the-conjuring-2013.pdf?v=1729115012,pdf
The Conversation,https://assets.scriptslug.com/live/pdf/scripts/the-conversation-1974.pdf?v=1729115012,pdf
The Cooler,"https://imsdb.com//scripts//Cooler,-The.html",html
The Cotton Club,https://assets.scriptslug.com/live/pdf/scripts/the-cotton-club-1984.pdf?v=1729115012,pdf
The Craft,https://assets.scriptslug.com/live/pdf/scripts/the-craft-1996.pdf?v=1729115012,pdf
The Croods,"https://imsdb.com//scripts//Croods,-The.html",html
The Crow,https://assets.scriptslug.com/live/pdf/scripts/the-crow-1994.pdf?v=1729115012,pdf
The Crow City Of Angels,"https://imsdb.com//scripts//Crow-City-of-Angels,-The.html",html
The Crow Salvation,"https://imsdb.com//scripts//Crow-Salvation,-The.html",html
The Curious Case Of Benjamin Button,https://assets.scriptslug.com/live/pdf/scripts/the-curious-case-of-benjamin-button-2008.pdf?v=1729115012,pdf
The Cutting Edge,https://assets.scriptslug.com/live/pdf/scripts/the-cutting-edge-1992.pdf?v=1729115012,pdf
The Damned United,"https://imsdb.com//scripts//Damned-United,-The.html",html
The Danish Girl,https://assets.scriptslug.com/live/pdf/scripts/the-danish-girl-2015.pdf?v=1729115012,pdf
The Dark Knight,https://assets.scriptslug.com/live/pdf/scripts/the-dark-knight-2008.pdf?v=1729115013,pdf
The Dark Knight Rises,https://assets.scriptslug.com/live/pdf/scripts/the-dark-knight-rises-2012.pdf?v=1729115013,pdf
The Day The Clown Cried,"https://imsdb.com//scripts//Day-the-Clown-Cried,-The.html",html
The Day The Earth Stood Still,"https://imsdb.com//scripts//Day-the-Earth-Stood-Still,-The.html",html
The Dead Zone,https://assets.scriptslug.com/live/pdf/scripts/the-dead-zone-1983.pdf?v=1729115013,pdf
The Debt,"https://imsdb.com//scripts//Debt,-The.html",html
The Deer Hunter,https://assets.scriptslug.com/live/pdf/scripts/the-deer-hunter-1978.pdf?v=1729115013,pdf
The Departed,https://assets.scriptslug.com/live/pdf/scripts/the-departed-2006.pdf?v=1729115013,pdf
The Descendants,https://assets.scriptslug.com/live/pdf/scripts/the-descendants-2011.pdf?v=1729115013,pdf
The Descent,https://assets.scriptslug.com/live/pdf/scripts/the-descent-2005.pdf?v=1729115013,pdf
The Devil Wears Prada,https://assets.scriptslug.com/live/pdf/scripts/the-devil-wears-prada-2006.pdf?v=1729115013,pdf
The Devils Advocate,https://assets.scriptslug.com/live/pdf/scripts/the-devils-advocate-1997.pdf?v=1729115013,pdf
The Devils Rejects,https://assets.scriptslug.com/live/pdf/scripts/the-devils-rejects-2005.pdf?v=1729115014,pdf
The Disaster Artist,https://assets.scriptslug.com/live/pdf/scripts/the-disaster-artist-2017.pdf?v=1729115014,pdf
The Distinguished Gentleman,"https://imsdb.com//scripts//Distinguished-Gentleman,-The.html",html
The Doors,"https://imsdb.com//scripts//Doors,-The.html",html
The Double,https://assets.scriptslug.com/live/pdf/scripts/the-double-2013.pdf?v=1729115014,pdf
The Driver,https://assets.scriptslug.com/live/pdf/scripts/the-driver-1978.pdf?v=1729115014,pdf
The Edge Of Seventeen,https://assets.scriptslug.com/live/pdf/scripts/the-edge-of-seventeen-2016.pdf?v=1729115014,pdf
The Electrical Life Of Louis Wain,https://assets.scriptslug.com/live/pdf/scripts/the-electrical-life-of-louis-wain-2021.pdf?v=1729115014,pdf
The Elephant Man,"https://imsdb.com//scripts//Elephant-Man,-The.html",html
The English Patient,"https://imsdb.com//scripts//English-Patient,-The.html",html
The Entity,https://assets.scriptslug.com/live/pdf/scripts/the-entity-1983.pdf?v=1729115014,pdf
The Event,https://assets.scriptslug.com/live/pdf/scripts/the-event-2022.pdf?v=1729115014,pdf
The Evil Dead,https://assets.scriptslug.com/live/pdf/scripts/the-evil-dead-1981.pdf?v=1729115014,pdf
The Exorcist,https://assets.scriptslug.com/live/pdf/scripts/the-exorcist-1973.pdf?v=1729115014,pdf
The Exorcist 3,https://assets.scriptslug.com/live/pdf/scripts/the-exorcist-iii-1990.pdf?v=1729115015,pdf
The Expendables,https://assets.scriptslug.com/live/pdf/scripts/the-expendables-2010.pdf?v=1729115015,pdf
The Fabelmans,https://assets.scriptslug.com/live/pdf/scripts/the-fabelmans-2022.pdf?v=1729115015,pdf
The Fabulous Baker Boys,"https://imsdb.com//scripts//Fabulous-Baker-Boys,-The.html",html
The Faculty,https://assets.scriptslug.com/live/pdf/scripts/the-faculty-1998.pdf?v=1729115015,pdf
The Family Man,"https://imsdb.com//scripts//Family-Man,-The.html",html
The Farewell,https://assets.scriptslug.com/live/pdf/scripts/the-farewell-2019.pdf?v=1729115015,pdf
The Fast And The Furious,https://assets.scriptslug.com/live/pdf/scripts/the-fast-and-the-furious-2001.pdf?v=1729115015,pdf
The Father,https://assets.scriptslug.com/live/pdf/scripts/the-father-2020.pdf?v=1729115015,pdf
The Fault In Our Stars,https://assets.scriptslug.com/live/pdf/scripts/the-fault-in-our-stars-2014.pdf?v=1729115015,pdf
The Favourite,https://assets.scriptslug.com/live/pdf/scripts/the-favourite-2018.pdf?v=1729115016,pdf
The Fifth Element,https://assets.scriptslug.com/live/pdf/scripts/the-fifth-element-1997.pdf?v=1729115016,pdf
The Fighter,"https://imsdb.com//scripts//Fighter,-The.html",html
The Firm,https://assets.scriptslug.com/live/pdf/scripts/the-firm-1993.pdf?v=1729115016,pdf
The Flintstones,"https://imsdb.com//scripts//Flintstones,-The.html",html
The Florida Project,https://assets.scriptslug.com/live/pdf/scripts/the-florida-project-2017.pdf?v=1729115016,pdf
The Fly,https://assets.scriptslug.com/live/pdf/scripts/the-fly-1986.pdf?v=1729115016,pdf
The Fly 2,https://assets.scriptslug.com/live/pdf/scripts/the-fly-ii-1989.pdf?v=1729115016,pdf
The Fog,https://assets.scriptslug.com/live/pdf/scripts/the-fog-1980.pdf?v=1729115016,pdf
The Founder,https://assets.scriptslug.com/live/pdf/scripts/the-founder-2016.pdf?v=1729115016,pdf
The Fourth Kind,https://assets.scriptslug.com/live/pdf/scripts/the-fourth-kind-2009.pdf?v=1729115017,pdf
The French Connection,https://assets.scriptslug.com/live/pdf/scripts/the-french-connection-1971.pdf?v=1729115017,pdf
The French Dispatch,https://assets.scriptslug.com/live/pdf/scripts/the-french-dispatch-2021.pdf?v=1729115017,pdf
The Frighteners,https://assets.scriptslug.com/live/pdf/scripts/the-frighteners-1996.pdf?v=1729115017,pdf
The Front Runner,https://assets.scriptslug.com/live/pdf/scripts/the-front-runner-2018.pdf?v=1729115017,pdf
The Fugitive,"https://imsdb.com//scripts//Fugitive,-The.html",html
The Gambler,https://assets.scriptslug.com/live/pdf/scripts/the-gambler-2014.pdf?v=1729115017,pdf
The Game,"https://imsdb.com//scripts//Game,-The.html",html
The Gentlemen,https://assets.scriptslug.com/live/pdf/scripts/the-gentleman-2019.pdf?v=1729115017,pdf
The Getaway,"https://imsdb.com//scripts//Getaway,-The.html",html
The Ghost And The Darkness,"https://imsdb.com//scripts//Ghost-and-the-Darkness,-The.html",html
The Girl On The Train,https://assets.scriptslug.com/live/pdf/scripts/the-girl-on-the-train-2016.pdf?v=1729115017,pdf
The Girl With The Dragon Tattoo,https://assets.scriptslug.com/live/pdf/scripts/the-girl-with-the-dragon-tattoo-2011.pdf?v=1729115017,pdf
The Godfather,https://assets.scriptslug.com/live/pdf/scripts/the-godfather-1972.pdf?v=1729115017,pdf
The Godfather Part 2,https://assets.scriptslug.com/live/pdf/scripts/the-godfather-part-ii-1974.pdf?v=1729115018,pdf
The Godfather Part 3,https://assets.scriptslug.com/live/pdf/scripts/the-godfather-part-iii-1990.pdf?v=1729115018,pdf
The Good Dinosaur,https://assets.scriptslug.com/live/pdf/scripts/the-good-dinosaur-2015.pdf?v=1729115018,pdf
The Good Girl,"https://imsdb.com//scripts//Good-Girl,-The.html",html
The Good Nurse,https://assets.scriptslug.com/live/pdf/scripts/the-good-nurse-2022.pdf?v=1729115018,pdf
The Good Shepherd,https://assets.scriptslug.com/live/pdf/scripts/the-good-shepherd-2006.pdf?v=1729115019,pdf
The Goodbye Girl,https://assets.scriptslug.com/live/pdf/scripts/the-goodbye-girl-1977.pdf?v=1729115019,pdf
The Goonies,https://assets.scriptslug.com/live/pdf/scripts/the-goonies-1985.pdf?v=1729115019,pdf
The Graduate,https://assets.scriptslug.com/live/pdf/scripts/the-graduate-1967.pdf?v=1729115019,pdf
The Grand Budapest Hotel,https://assets.scriptslug.com/live/pdf/scripts/the-grand-budapest-hotel-2014.pdf?v=1729115019,pdf
The Grapes Of Wrath,"https://imsdb.com//scripts//Grapes-of-Wrath,-The.html",html
The Great Escape,https://assets.scriptslug.com/live/pdf/scripts/the-great-escape-1963.pdf?v=1729115019,pdf
The Great Gatsby,"https://imsdb.com//scripts//Great-Gatsby,-The.html",html
The Great Muppet Caper,https://assets.scriptslug.com/live/pdf/scripts/the-great-muppet-caper-1981.pdf?v=1729115019,pdf
The Greatest Showman,https://assets.scriptslug.com/live/pdf/scripts/the-greatest-showman-2017.pdf?v=1729115019,pdf
The Green Mile,"https://imsdb.com//scripts//Green-Mile,-The.html",html
The Grifters,"https://imsdb.com//scripts//Grifters,-The.html",html
The Grudge,https://assets.scriptslug.com/live/pdf/scripts/the-grudge-2004.pdf?v=1729115019,pdf
The Grudge,https://assets.scriptslug.com/live/pdf/scripts/the-grudge-2020.pdf?v=1729115020,pdf
The Guest,https://assets.scriptslug.com/live/pdf/scripts/the-guest-2014.pdf?v=1729115020,pdf
The Hand Of God,https://assets.scriptslug.com/live/pdf/scripts/the-hand-of-god-2021.pdf?v=1729115020,pdf
The Hangover,https://assets.scriptslug.com/live/pdf/scripts/the-hangover-2009.pdf?v=1729115020,pdf
The Happy Prince,https://assets.scriptslug.com/live/pdf/scripts/the-happy-prince-2018.pdf?v=1729115020,pdf
The Harder They Fall,https://assets.scriptslug.com/live/pdf/scripts/the-harder-they-fall-2021.pdf?v=1729115020,pdf
The Hate You Give,https://assets.scriptslug.com/live/pdf/scripts/the-hate-u-give-2018.pdf?v=1729115021,pdf
The Hateful Eight,https://assets.scriptslug.com/live/pdf/scripts/the-hateful-eight-2014.pdf?v=1729115021,pdf
The Haunted Mansion,https://assets.scriptslug.com/live/pdf/scripts/the-haunted-mansion-2003.pdf?v=1729115021,pdf
The Haunting,"https://imsdb.com//scripts//Haunting,-The.html",html
The Hebrew Hammer,"https://imsdb.com//scripts//Hebrew-Hammer,-The.html",html
The Help,https://assets.scriptslug.com/live/pdf/scripts/the-help-2018.pdf?v=1729115021,pdf
The Hills Have Eyes,https://assets.scriptslug.com/live/pdf/scripts/the-hills-have-eyes-1976.pdf?v=1729115021,pdf
The Hitcher,https://assets.scriptslug.com/live/pdf/scripts/the-hitcher-1986.pdf?v=1729115021,pdf
The Hitchhikers Guide To The Galaxy,https://assets.scriptslug.com/live/pdf/scripts/the-hitchhikers-guide-to-the-galaxy-2005.pdf?v=1729115021,pdf
The Hitmans Bodyguard,https://assets.scriptslug.com/live/pdf/scripts/the-hitmans-bodyguard-2017.pdf?v=1729115021,pdf
The Hobbit An Unexpected Journey,https://assets.scriptslug.com/live/pdf/scripts/the-hobbit-an-unexpected-journey-scripted-2012.pdf?v=1729115021,pdf
The Hobbit The Desolation Of Smaug,https://assets.scriptslug.com/live/pdf/scripts/the-hobbit-the-desolation-of-smaug-2013.pdf?v=1729115022,pdf
The Holdovers,https://assets.scriptslug.com/live/pdf/scripts/the-holdovers-2023.pdf?v=1729115022,pdf
The Hole,https://assets.scriptslug.com/live/pdf/scripts/the-hole-2009.pdf?v=1729115022,pdf
The Holiday,https://assets.scriptslug.com/live/pdf/scripts/the-holiday-2006.pdf?v=1729115022,pdf
The Hollars,https://assets.scriptslug.com/live/pdf/scripts/the-hollars-2016.pdf?v=1729115022,pdf
The Horse Whisperer,"https://imsdb.com//scripts//Horse-Whisperer,-The.html",html
The Hospital,"https://imsdb.com//scripts//Hospital,-The.html",html
The Hours,https://assets.scriptslug.com/live/pdf/scripts/the-hours-2002.pdf?v=1729115022,pdf
The Howling,https://assets.scriptslug.com/live/pdf/scripts/the-howling-1981.pdf?v=1729115022,pdf
The Hudsucker Proxy,"https://imsdb.com//scripts//Hudsucker-Proxy,-The.html",html
The Humans,https://assets.scriptslug.com/live/pdf/scripts/the-humans-2021.pdf?v=1729115022,pdf
The Hummingbird Project,https://assets.scriptslug.com/live/pdf/scripts/the-hummingbird-project-2018.pdf?v=1729115022,pdf
The Hunger Games,https://assets.scriptslug.com/live/pdf/scripts/the-hunger-games-2012.pdf?v=1729115022,pdf
The Hunger Games Catching Fire,https://assets.scriptslug.com/live/pdf/scripts/the-hunger-games-catching-fire-2013.pdf?v=1729115023,pdf
The Hunt For Red October,"https://imsdb.com//scripts//Hunt-for-Red-October,-The.html",html
The Hurt Locker,https://assets.scriptslug.com/live/pdf/scripts/the-hurt-locker-2008.pdf?v=1729115023,pdf
The Hustler,https://assets.scriptslug.com/live/pdf/scripts/the-hustler-1961.pdf?v=1729115023,pdf
The Ice Storm,"https://imsdb.com//scripts//Ice-Storm,-The.html",html
The Ides Of March,"https://imsdb.com//scripts//Ides-of-March,-The.html",html
The Imaginarium Of Doctor Parnassus,https://assets.scriptslug.com/live/pdf/scripts/the-imaginarium-of-doctor-parnassus-2009.pdf?v=1729115023,pdf
The Imitation Game,https://assets.scriptslug.com/live/pdf/scripts/the-imitation-game-2014.pdf?v=1729115023,pdf
The Incredible Burt Wonderstone,https://assets.scriptslug.com/live/pdf/scripts/the-incredible-burt-wonderstone-2013.pdf?v=1729115023,pdf
The Incredible Hulk,https://assets.scriptslug.com/live/pdf/scripts/the-incredible-hulk-2008.pdf?v=1729115023,pdf
The Incredibles,https://assets.scriptslug.com/live/pdf/scripts/the-incredibles-2004.pdf?v=1729115023,pdf
The Informant,https://assets.scriptslug.com/live/pdf/scripts/the-informant-2009.pdf?v=1729115023,pdf
The Insider,"https://imsdb.com//scripts//Insider,-The.html",html
The Internship,https://assets.scriptslug.com/live/pdf/scripts/the-internship-2013.pdf?v=1729115023,pdf
The Interpreter,https://assets.scriptslug.com/live/pdf/scripts/the-interpreter-2005.pdf?v=1729115023,pdf
The Interview,https://assets.scriptslug.com/live/pdf/scripts/the-interview-2014.pdf?v=1729115024,pdf
The Invention Of Lying,"https://imsdb.com//scripts//Invention-of-Lying,-The.html",html
The Invisible Woman,https://assets.scriptslug.com/live/pdf/scripts/the-invisible-woman-2013.pdf?v=1729115024,pdf
The Invitation,https://assets.scriptslug.com/live/pdf/scripts/the-invitation-2015.pdf?v=1729115024,pdf
The Irishman,https://assets.scriptslug.com/live/pdf/scripts/the-irishman-2019.pdf?v=1729115024,pdf
The Iron Claw,https://assets.scriptslug.com/live/pdf/scripts/iron-claw-2023.pdf?v=1729114931,pdf
The Iron Giant,https://assets.scriptslug.com/live/pdf/scripts/the-iron-giant-1999.pdf?v=1729115024,pdf
The Iron Lady,"https://imsdb.com//scripts//Iron-Lady,-The.html",html
The Island,"https://imsdb.com//scripts//Island,-The.html",html
The Island Of Dr Moreau,https://assets.scriptslug.com/live/pdf/scripts/the-island-of-dr-moreau-1996.pdf?v=1729115024,pdf
The Italian Job,"https://imsdb.com//scripts//Italian-Job,-The.html",html
The Jacket,"https://imsdb.com//scripts//Jacket,-The.html",html
The Jerk,https://assets.scriptslug.com/live/pdf/scripts/the-jerk-1979.pdf?v=1729115024,pdf
The Jewel Of The Nile,https://assets.scriptslug.com/live/pdf/scripts/the-jewel-of-the-nile-1985.pdf?v=1729115024,pdf
The Karate Kid Part 2,https://assets.scriptslug.com/live/pdf/scripts/the-karate-kid-part-ii-1986.pdf?v=1729115024,pdf
The Karate Kid Part 3,https://assets.scriptslug.com/live/pdf/scripts/the-karate-kid-part-iii-1989.pdf?v=1729115024,pdf
The Kids Are All Right,https://assets.scriptslug.com/live/pdf/scripts/the-kids-are-all-right-2010.pdf?v=1729115025,pdf
The Killer,https://assets.scriptslug.com/live/pdf/scripts/the-killer-2023.pdf?v=1729115025,pdf
The Killing Of A Sacred Deer,https://assets.scriptslug.com/live/pdf/scripts/the-killing-of-a-sacred-deer-2017.pdf?v=1729115025,pdf
The King,https://assets.scriptslug.com/live/pdf/scripts/the-king-2019.pdf?v=1729115025,pdf
The King Of Comedy,https://assets.scriptslug.com/live/pdf/scripts/the-king-of-comedy-1982.pdf?v=1729115025,pdf
The Kingdom,"https://imsdb.com//scripts//Kingdom,-The.html",html
The Kings Speech,https://assets.scriptslug.com/live/pdf/scripts/the-kings-speech-2010.pdf?v=1729115025,pdf
The Ladykillers,"https://imsdb.com//scripts//Ladykillers,-The.html",html
The Last Boy Scout,https://assets.scriptslug.com/live/pdf/scripts/the-last-boy-scout-1991.pdf?v=1729115025,pdf
The Last Castle,https://assets.scriptslug.com/live/pdf/scripts/the-last-castle-2001.pdf?v=1729115025,pdf
The Last Flight,"https://imsdb.com//scripts//Last-Flight,-The.html",html
The Last Of The Mohicans,"https://imsdb.com//scripts//Last-of-the-Mohicans,-The.html",html
The Last Picture Show,https://assets.scriptslug.com/live/pdf/scripts/the-last-picture-show-1971.pdf?v=1729115025,pdf
The Last Samurai,"https://imsdb.com//scripts//Last-Samurai,-The.html",html
The Last Station,https://assets.scriptslug.com/live/pdf/scripts/the-last-station-2009.pdf?v=1729115026,pdf
The Last Temptation Of Christ,https://assets.scriptslug.com/live/pdf/scripts/the-last-temptation-of-christ-1988.pdf?v=1729115026,pdf
The Legend Of Zorro,https://assets.scriptslug.com/live/pdf/scripts/the-legend-of-zorro-2005.pdf?v=1729115026,pdf
The Lego Movie,https://assets.scriptslug.com/live/pdf/scripts/the-lego-movie-2014.pdf?v=1729115026,pdf
The Life Of David Gale,"https://imsdb.com//scripts//Life-of-David-Gale,-The.html",html
The Lighthouse,https://assets.scriptslug.com/live/pdf/scripts/the-lighthouse-2019.pdf?v=1729115026,pdf
The Limey,"https://imsdb.com//scripts//Limey,-The.html",html
The Lincoln Lawyer,https://assets.scriptslug.com/live/pdf/scripts/the-lincoln-lawyer-2011.pdf?v=1729115026,pdf
The Lion In Winter,https://assets.scriptslug.com/live/pdf/scripts/the-lion-in-the-winter-1968.pdf?v=1729115026,pdf
The Lion King,https://assets.scriptslug.com/live/pdf/scripts/the-lion-king-1994.pdf?v=1729115026,pdf
The Little Mermaid,https://assets.scriptslug.com/live/pdf/scripts/the-little-mermaid-1989.pdf?v=1729115026,pdf
The Living Daylights,https://assets.scriptslug.com/live/pdf/scripts/the-living-daylights-1987.pdf?v=1729115027,pdf
The Lobster,https://assets.scriptslug.com/live/pdf/scripts/the-lobster-2015.pdf?v=1729115027,pdf
The Lone Ranger,https://assets.scriptslug.com/live/pdf/scripts/the-lone-ranger-2013.pdf?v=1729115027,pdf
The Long Goodbye,https://assets.scriptslug.com/live/pdf/scripts/the-long-goodbye-1973.pdf?v=1729115027,pdf
The Long Kiss Goodnight,https://assets.scriptslug.com/live/pdf/scripts/the-long-kiss-goodnight-1996.pdf?v=1729115027,pdf
The Lorax,https://assets.scriptslug.com/live/pdf/scripts/the-lorax-2012.pdf?v=1729115027,pdf
The Lord Of The Rings Fellowship Of The Ring,"https://imsdb.com//scripts//Lord-of-the-Rings-Fellowship-of-the-Ring,-The.html",html
The Lord Of The Rings The Fellowship Of The Ring,https://assets.scriptslug.com/live/pdf/scripts/the-lord-of-the-rings-the-fellowship-of-the-ring-2001.pdf?v=1729115027,pdf
The Lord Of The Rings The Return Of The King,https://assets.scriptslug.com/live/pdf/scripts/the-lord-of-the-rings-the-3-return-of-the-king-2003.pdf?v=1729115027,pdf
The Lord Of The Rings The Two Towers,https://assets.scriptslug.com/live/pdf/scripts/the-lord-of-the-rings-the-two-towers-2002.pdf?v=1729115027,pdf
The Losers,"https://imsdb.com//scripts//Losers,-The.html",html
The Lost Boys,https://assets.scriptslug.com/live/pdf/scripts/the-lost-boys-1987.pdf?v=1729115028,pdf
The Lost City Of Z,https://assets.scriptslug.com/live/pdf/scripts/the-lost-city-of-z-2017.pdf?v=1729115028,pdf
The Lost Daughter,https://assets.scriptslug.com/live/pdf/scripts/the-lost-daughter-2021.pdf?v=1729115028,pdf
The Lost Weekend,https://assets.scriptslug.com/live/pdf/scripts/the-lost-weekend-1945.pdf?v=1729115028,pdf
The Lost World Jurassic Park,https://assets.scriptslug.com/live/pdf/scripts/the-lost-world-jurassic-park-1997.pdf?v=1729115028,pdf
The Lunchbox,https://assets.scriptslug.com/live/pdf/scripts/the-lunchbox-2013.pdf?v=1729115028,pdf
The Majestic,https://assets.scriptslug.com/live/pdf/scripts/the-majestic-2001.pdf?v=1729115028,pdf
The Maltese Falcon,https://assets.scriptslug.com/live/pdf/scripts/the-maltese-falcon-1941.pdf?v=1729115028,pdf
The Man From Uncle,https://assets.scriptslug.com/live/pdf/scripts/the-man-from-uncle-2015.pdf?v=1729115028,pdf
The Man Who Invented Christmas,https://assets.scriptslug.com/live/pdf/scripts/the-man-who-invented-christmas-2017.pdf?v=1729115029,pdf
The Man Who Knew Too Much,"https://imsdb.com//scripts//Man-Who-Knew-Too-Much,-The.html",html
The Man Who Wasnt There,"https://imsdb.com//scripts//Man-Who-Wasn't-There,-The.html",html
The Manchurian Candidate,https://assets.scriptslug.com/live/pdf/scripts/the-manchurian-candidate-2004.pdf?v=1729115029,pdf
The Martian,https://assets.scriptslug.com/live/pdf/scripts/the-martian-2015.pdf?v=1729115029,pdf
The Mask,https://assets.scriptslug.com/live/pdf/scripts/the-mask-1994.pdf?v=1729115029,pdf
The Mask Of Zorro,https://assets.scriptslug.com/live/pdf/scripts/the-mask-of-zorro-1998.pdf?v=1729115029,pdf
The Master,https://assets.scriptslug.com/live/pdf/scripts/the-master-2012.pdf?v=1729115029,pdf
The Matador,https://assets.scriptslug.com/live/pdf/scripts/the-matador-2005.pdf?v=1729115029,pdf
The Matrix,https://assets.scriptslug.com/live/pdf/scripts/the-matrix-1999.pdf?v=1729115029,pdf
The Matrix Reloaded,https://assets.scriptslug.com/live/pdf/scripts/the-matrix-reloaded-2003.pdf?v=1729115030,pdf
The Matrix Revolutions,https://assets.scriptslug.com/live/pdf/scripts/the-matrix-revolutions-2003.pdf?v=1729115030,pdf
The Maze Runner,https://assets.scriptslug.com/live/pdf/scripts/the-maze-runner-2014.pdf?v=1729115030,pdf
The Mechanic,"https://imsdb.com//scripts//Mechanic,-The.html",html
The Meddler,https://assets.scriptslug.com/live/pdf/scripts/the-meddler-2016.pdf?v=1729115030,pdf
The Meg,https://assets.scriptslug.com/live/pdf/scripts/the-meg-2018.pdf?v=1729115030,pdf
The Men Who Stare At Goats,https://assets.scriptslug.com/live/pdf/scripts/the-men-who-stare-at-goats-2009.pdf?v=1729115030,pdf
The Menu,https://assets.scriptslug.com/live/pdf/scripts/the-menu-2022.pdf?v=1729115030,pdf
The Midnight Sky,https://assets.scriptslug.com/live/pdf/scripts/the-midnight-sky-2020.pdf?v=1729115030,pdf
The Mighty Ducks,https://assets.scriptslug.com/live/pdf/scripts/the-mighty-ducks-1992.pdf?v=1729115031,pdf
The Miracle Club,https://assets.scriptslug.com/live/pdf/scripts/the-miracle-club-2023.pdf?v=1729115031,pdf
The Miracle Worker,"https://imsdb.com//scripts//Miracle-Worker,-The.html",html
The Mitchells Vs The Machines,https://assets.scriptslug.com/live/pdf/scripts/the-mitchells-vs-the-machines-2021_2021-12-30-220917_rfqw.pdf?v=1729115031,pdf
The Mother,https://assets.scriptslug.com/live/pdf/scripts/the-mother-2023.pdf?v=1729115031,pdf
The Mummy,https://assets.scriptslug.com/live/pdf/scripts/the-mummy-1999.pdf?v=1729115031,pdf
The Mummy,https://assets.scriptslug.com/live/pdf/scripts/the-mummy-2017.pdf?v=1729115031,pdf
The Mummy Returns,https://assets.scriptslug.com/live/pdf/scripts/the-mummy-returns-2001.pdf?v=1729115031,pdf
The Mummy Tomb Of The Dragon Emperor,https://assets.scriptslug.com/live/pdf/scripts/the-mummy-tomb-of-the-dragon-emperor-2008.pdf?v=1729115031,pdf
The Naked Gun 2½ The Smell Of Fear,https://assets.scriptslug.com/live/pdf/scripts/the-naked-gun-2-1-2-the-smell-of-fear-1991.pdf?v=1729115031,pdf
The Naked Gun From The Files Of Police Squad,https://assets.scriptslug.com/live/pdf/scripts/the-naked-gun-from-the-files-of-police-squad-1988.pdf?v=1729115032,pdf
The Neon Demon,https://assets.scriptslug.com/live/pdf/scripts/the-neon-demon-2016.pdf?v=1729115032,pdf
The Neverending Story,"https://imsdb.com//scripts//Neverending-Story,-The.html",html
The Next Three Days,"https://imsdb.com//scripts//Next-Three-Days,-The.html",html
The Nice Guys,https://assets.scriptslug.com/live/pdf/scripts/the-nice-guys-2016.pdf?v=1729115032,pdf
The Night House,https://assets.scriptslug.com/live/pdf/scripts/the-night-house-2020.pdf?v=1729115032,pdf
The Nightmare Before Christmas,https://assets.scriptslug.com/live/pdf/scripts/the-nightmare-before-christmas-1993.pdf?v=1729115033,pdf
The Nightmare Before Christmas,https://assets.scriptslug.com/live/pdf/scripts/the-nightmare-before-christmas-1993.pdf?v=1729115033,pdf
The Nines,https://assets.scriptslug.com/live/pdf/scripts/the-nines-2007.pdf?v=1729115033,pdf
The Ninth Gate,"https://imsdb.com//scripts//Ninth-Gate,-The.html",html
The Northman,https://assets.scriptslug.com/live/pdf/scripts/the-northman-2022.pdf?v=1729115033,pdf
The Nun,https://assets.scriptslug.com/live/pdf/scripts/the-nun-2018.pdf?v=1729115033,pdf
The Nutty Professor,https://assets.scriptslug.com/live/pdf/scripts/the-nutty-professor-1995.pdf?v=1729115033,pdf
The Old Man And The Gun,https://assets.scriptslug.com/live/pdf/scripts/the-old-man-and-the-gun-2018.pdf?v=1729115033,pdf
The Omen,https://assets.scriptslug.com/live/pdf/scripts/the-omen-1976.pdf?v=1729115033,pdf
The Other Boleyn Girl,"https://imsdb.com//scripts//Other-Boleyn-Girl,-The.html",html
The Other Guys,https://assets.scriptslug.com/live/pdf/scripts/the-other-guys-2010.pdf?v=1729115033,pdf
The Other Side Of The Wind,https://assets.scriptslug.com/live/pdf/scripts/the-other-side-of-the-wind-2018.pdf?v=1729115033,pdf
The Others,https://assets.scriptslug.com/live/pdf/scripts/the-others-2001.pdf?v=1729115034,pdf
The Outrun,https://assets.scriptslug.com/live/pdf/scripts/the-outrun-2024.pdf?v=1738547349,pdf
The Outsiders,https://assets.scriptslug.com/live/pdf/scripts/the-outsiders-1983.pdf?v=1729115034,pdf
The Pacifier,"https://imsdb.com//scripts//Pacifier,-The.html",html
The Passion Of Joan Of Arc,"https://imsdb.com//scripts//Passion-of-Joan-of-Arc,-The.html",html
The Passion Of The Christ,https://assets.scriptslug.com/live/pdf/scripts/the-passion-of-the-christ-2004.pdf?v=1729115034,pdf
The Patriot,"https://imsdb.com//scripts//Patriot,-The.html",html
The Peanut Butter Falcon,https://assets.scriptslug.com/live/pdf/scripts/the-peanut-butter-falcon-2019.pdf?v=1729115034,pdf
The Pelican Brief,https://assets.scriptslug.com/live/pdf/scripts/the-pelican-brief-1993.pdf?v=1729115034,pdf
The Perfect Storm,https://assets.scriptslug.com/live/pdf/scripts/the-perfect-storm-2000.pdf?v=1729115034,pdf
The Perks Of Being A Wallflower,https://assets.scriptslug.com/live/pdf/scripts/the-perks-of-being-a-wall-flower-2012.pdf?v=1729115034,pdf
The Persian Version,https://assets.scriptslug.com/live/pdf/scripts/the-persian-version-2023.pdf?v=1729115034,pdf
The Phantom,https://assets.scriptslug.com/live/pdf/scripts/the-phantom-1996.pdf?v=1729115035,pdf
The Pianist,"https://imsdb.com//scripts//Pianist,-The.html",html
The Piano,"https://imsdb.com//scripts//Piano,-The.html",html
The Place Beyond The Pines,https://assets.scriptslug.com/live/pdf/scripts/the-place-beyond-the-pines-2012.pdf?v=1729115035,pdf
The Planet Of The Apes,"https://imsdb.com//scripts//Planet-of-the-Apes,-The.html",html
The Player,https://assets.scriptslug.com/live/pdf/scripts/the-player-1992.pdf?v=1729115035,pdf
The Poseidon Adventure,https://assets.scriptslug.com/live/pdf/scripts/the-poseidon-adventure-1972.pdf?v=1729115035,pdf
The Post,https://assets.scriptslug.com/live/pdf/scripts/the-post-2017.pdf?v=1729115035,pdf
The Postman,"https://imsdb.com//scripts//Postman,-The.html",html
The Power Of One,"https://imsdb.com//scripts//Power-of-One,-The.html",html
The Power Of The Dog,https://assets.scriptslug.com/live/pdf/scripts/the-power-of-the-dog-2021.pdf?v=1729115035,pdf
The Predator,https://assets.scriptslug.com/live/pdf/scripts/the-predator-2018.pdf?v=1729115035,pdf
The Prestige,https://assets.scriptslug.com/live/pdf/scripts/the-prestige-2006.pdf?v=1729115070,pdf
The Princess Bride,https://assets.scriptslug.com/live/pdf/scripts/the-princess-bride-1987.pdf?v=1729115035,pdf
The Private Life Of Sherlock Holmes,"https://imsdb.com//scripts//Private-Life-of-Sherlock-Holmes,-The.html",html
The Producer,"https://imsdb.com//scripts//Producer,-The.html",html
The Program,"https://imsdb.com//scripts//Program,-The.html",html
The Prophecy,"https://imsdb.com//scripts//Prophecy,-The.html",html
The Proposal,https://assets.scriptslug.com/live/pdf/scripts/the-proposal-2009.pdf?v=1729115035,pdf
The Purge,https://assets.scriptslug.com/live/pdf/scripts/the-purge-2013.pdf?v=1729115035,pdf
The Pursuit Of Happyness,https://assets.scriptslug.com/live/pdf/scripts/the-pursuit-of-happyness-2006.pdf?v=1729115036,pdf
The Queen,"https://imsdb.com//scripts//Queen,-The.html",html
The Rage Carrie 2,https://imsdb.com//scripts//The-Rage-Carrie-2.html,html
The Reader,"https://imsdb.com//scripts//Reader,-The.html",html
The Red Turtle,https://assets.scriptslug.com/live/pdf/scripts/the-red-turtle-2016.pdf?v=1729115036,pdf
The Relic,"https://imsdb.com//scripts//Relic,-The.html",html
The Replacements,"https://imsdb.com//scripts//Replacements,-The.html",html
The Rescuers Down Under,"https://imsdb.com//scripts//Rescuers-Down-Under,-The.html",html
The Revenant,https://assets.scriptslug.com/live/pdf/scripts/the-revenant-2015.pdf?v=1729115036,pdf
The Rider,https://assets.scriptslug.com/live/pdf/scripts/the-rider-2018.pdf?v=1729115036,pdf
The Ring,https://assets.scriptslug.com/live/pdf/scripts/the-ring-2002.pdf?v=1729115036,pdf
The Road,"https://imsdb.com//scripts//Road,-The.html",html
The Road Warrior,https://assets.scriptslug.com/live/pdf/scripts/the-road-warrior-1981.pdf?v=1729115036,pdf
The Rock,https://assets.scriptslug.com/live/pdf/scripts/the-rock-1996.pdf?v=1729115036,pdf
The Rocketeer,https://assets.scriptslug.com/live/pdf/scripts/the-rocketeer-1991.pdf?v=1729115036,pdf
The Rocky Horror Picture Show,https://assets.scriptslug.com/live/pdf/scripts/the-rocky-horror-picture-show-1975.pdf?v=1729115036,pdf
The Rookie,https://assets.scriptslug.com/live/pdf/scripts/the-rookie-2002.pdf?v=1729115037,pdf
The Room Next Door,https://assets.scriptslug.com/live/pdf/scripts/the-room-next-door-2024.pdf?v=1738546901,pdf
The Roommate,"https://imsdb.com//scripts//Roommate,-The.html",html
The Rover,https://assets.scriptslug.com/live/pdf/scripts/the-rover-2014.pdf?v=1729115037,pdf
The Royal Tenenbaums,https://assets.scriptslug.com/live/pdf/scripts/royal-tenenbaums-2000.pdf?v=1729114982,pdf
The Ruins,"https://imsdb.com//scripts//Ruins,-The.html",html
The Rum Diary,https://assets.scriptslug.com/live/pdf/scripts/the-rum-diary-2011.pdf?v=1729115037,pdf
The Saint,"https://imsdb.com//scripts//Saint,-The.html",html
The Salton Sea,"https://imsdb.com//scripts//Salton-Sea,-The.html",html
The Sandlot,https://assets.scriptslug.com/live/pdf/scripts/the-sandlot-1993.pdf?v=1729115037,pdf
The Sandlot Kids,"https://imsdb.com//scripts//Sandlot-Kids,-The.html",html
The Santa Clause,https://assets.scriptslug.com/live/pdf/scripts/the-santa-clause-1994.pdf?v=1729115037,pdf
The Savages,https://assets.scriptslug.com/live/pdf/scripts/the-savages-2007.pdf?v=1729115037,pdf
The Searchers,https://assets.scriptslug.com/live/pdf/scripts/the-searchers-1956.pdf?v=1729115037,pdf
The Secret Life Of Pets,https://assets.scriptslug.com/live/pdf/scripts/the-secret-life-of-pets-2016.pdf?v=1729115037,pdf
The Secret Life Of Walter Mitty,https://assets.scriptslug.com/live/pdf/scripts/the-secret-life-of-walter-mitty-2013.pdf?v=1729115038,pdf
The Sessions,https://assets.scriptslug.com/live/pdf/scripts/the-sessions-2012.pdf?v=1729115038,pdf
The Seventh Seal,"https://imsdb.com//scripts//Seventh-Seal,-The.html",html
The Shape Of Water,https://assets.scriptslug.com/live/pdf/scripts/the-shape-of-water-2017.pdf?v=1729115038,pdf
The Shawshank Redemption,https://assets.scriptslug.com/live/pdf/scripts/the-shawshank-redemption-1994.pdf?v=1729115038,pdf
The Shining,https://assets.scriptslug.com/live/pdf/scripts/the-shining-1980.pdf?v=1729115038,pdf
The Shipping News,"https://imsdb.com//scripts//Shipping-News,-The.html",html
The Siege,"https://imsdb.com//scripts//Siege,-The.html",html
The Silence Of The Lambs,https://assets.scriptslug.com/live/pdf/scripts/the-silence-of-the-lambs-1991.pdf?v=1729115038,pdf
The Sisters Brothers,https://assets.scriptslug.com/live/pdf/scripts/the-sisters-brothers-2018.pdf?v=1729115038,pdf
The Sixth Sense,https://assets.scriptslug.com/live/pdf/scripts/sixth-sense-1999.pdf?v=1729114991,pdf
The Skeleton Key,https://assets.scriptslug.com/live/pdf/scripts/the-skeleton-key-2005.pdf?v=1729115039,pdf
The Social Network,https://assets.scriptslug.com/live/pdf/scripts/the-social-network-2010.pdf?v=1729115039,pdf
The Son,https://assets.scriptslug.com/live/pdf/scripts/the-son-2022.pdf?v=1729115039,pdf
The Song Of Names,https://assets.scriptslug.com/live/pdf/scripts/the-song-of-names-2019.pdf?v=1729115039,pdf
The Spy Who Dumped Me,https://assets.scriptslug.com/live/pdf/scripts/the-spy-who-dumped-me-2018.pdf?v=1729115040,pdf
The Spy Who Loved Me,https://assets.scriptslug.com/live/pdf/scripts/the-spy-who-loved-me-1977.pdf?v=1729115040,pdf
The Squid And The Whale,https://assets.scriptslug.com/live/pdf/scripts/the-squid-and-the-whale-2005.pdf?v=1729115040,pdf
The Star Wars Holiday Special,https://assets.scriptslug.com/live/pdf/scripts/the-star-wars-holiday-special-1978.pdf?v=1729115040,pdf
The Sting,https://assets.scriptslug.com/live/pdf/scripts/the-sting-1973.pdf?v=1729115040,pdf
The Stuntman,"https://imsdb.com//scripts//Stuntman,-The.html",html
The Substance,https://assets.scriptslug.com/live/pdf/scripts/the-substance-2024.pdf?v=1738463202,pdf
The Sun Is Also A Star,https://assets.scriptslug.com/live/pdf/scripts/the-sun-is-also-a-star-2019.pdf?v=1729115040,pdf
The Super,https://assets.scriptslug.com/live/pdf/scripts/the-super-1991.pdf?v=1729115040,pdf
The Surfer King,"https://imsdb.com//scripts//Surfer-King,-The.html",html
The Sweet Hereafter,"https://imsdb.com//scripts//Sweet-Hereafter,-The.html",html
The Taking Of Pelham One Two Three,"https://imsdb.com//scripts//Taking-of-Pelham-One-Two-Three,-The.html",html
The Talented Mr Ripley,https://assets.scriptslug.com/live/pdf/scripts/the-talented-mr-ripley-1999.pdf?v=1729115040,pdf
The Teachers Lounge,https://assets.scriptslug.com/live/pdf/scripts/the-teachers-lounge-2023.pdf?v=1729115040,pdf
The Tender Bar,https://assets.scriptslug.com/live/pdf/scripts/the-tender-bar-2021.pdf?v=1729115040,pdf
The Terminator,https://assets.scriptslug.com/live/pdf/scripts/the-terminator-1984.pdf?v=1729115040,pdf
The Texas Chain Saw Massacre,https://assets.scriptslug.com/live/pdf/scripts/the-texas-chain-saw-massacre-1974.pdf?v=1729115041,pdf
The Theory Of Everything,https://assets.scriptslug.com/live/pdf/scripts/the-theory-of-everything-2015.pdf?v=1729115041,pdf
The Thin Red Line,https://assets.scriptslug.com/live/pdf/scripts/the-thin-red-line-1998.pdf?v=1729115041,pdf
The Thing,https://assets.scriptslug.com/live/pdf/scripts/the-thing-1982.pdf?v=1729115041,pdf
The Things My Father Never Taught Me,"https://imsdb.com//scripts//Things-My-Father-Never-Taught-Me,-The.html",html
The Third Man,https://assets.scriptslug.com/live/pdf/scripts/the-third-man-1949.pdf?v=1729115041,pdf
The Thomas Crown Affair,https://assets.scriptslug.com/live/pdf/scripts/the-thomas-crown-affair-1999.pdf?v=1729115041,pdf
The Three Musketeers,"https://imsdb.com//scripts//Three-Musketeers,-The.html",html
The Time Machine,"https://imsdb.com//scripts//Time-Machine,-The.html",html
The Tomorrow War,https://assets.scriptslug.com/live/pdf/scripts/the-tomorrow-war-2021.pdf?v=1729115041,pdf
The Tourist,"https://imsdb.com//scripts//Tourist,-The.html",html
The Town,https://assets.scriptslug.com/live/pdf/scripts/the-town-2010.pdf?v=1729115041,pdf
The Toy,https://assets.scriptslug.com/live/pdf/scripts/the-toy-1982.pdf?v=1729115041,pdf
The Tragedy Of Macbeth,https://assets.scriptslug.com/live/pdf/scripts/the-tragedy-of-macbeth-2021.pdf?v=1729115041,pdf
The Tree Of Life,https://assets.scriptslug.com/live/pdf/scripts/the-tree-of-life-2011.pdf?v=1729115042,pdf
The Trial Of The Chicago 7,https://assets.scriptslug.com/live/pdf/scripts/the-trial-of-the-chicago-7-2020.pdf?v=1729115042,pdf
The Truman Show,https://assets.scriptslug.com/live/pdf/scripts/the-truman-show-1998.pdf?v=1729115042,pdf
The Two Jakes,https://assets.scriptslug.com/live/pdf/scripts/the-two-jakes-1990.pdf?v=1729115042,pdf
The Two Popes,https://assets.scriptslug.com/live/pdf/scripts/the-two-popes-2019.pdf?v=1729115042,pdf
The Ugly Truth,"https://imsdb.com//scripts//Ugly-Truth,-The.html",html
The Unborn,https://assets.scriptslug.com/live/pdf/scripts/the-unborn-2009.pdf?v=1729115043,pdf
The Usual Suspects,https://assets.scriptslug.com/live/pdf/scripts/the-usual-suspects-1995.pdf?v=1729115043,pdf
The Verdict,https://assets.scriptslug.com/live/pdf/scripts/the-verdict-1982.pdf?v=1729115043,pdf
The Village,"https://imsdb.com//scripts//Village,-The.html",html
The Virgin Suicides,https://assets.scriptslug.com/live/pdf/scripts/the-virgin-suicides-1999.pdf?v=1729115043,pdf
The Visitor,"https://imsdb.com//scripts//Visitor,-The.html",html
The Warriors,https://assets.scriptslug.com/live/pdf/scripts/the-warriors-1979.pdf?v=1729115043,pdf
The Way Back,https://assets.scriptslug.com/live/pdf/scripts/the-way-back-2020.pdf?v=1729115043,pdf
The Wedding Singer,https://assets.scriptslug.com/live/pdf/scripts/the-wedding-singer-1998.pdf?v=1729115043,pdf
The Whale,https://assets.scriptslug.com/live/pdf/scripts/the-whale-2022.pdf?v=1729115044,pdf
The Whistleblower,"https://imsdb.com//scripts//Whistleblower,-The.html",html
The White Ribbon,https://assets.scriptslug.com/live/pdf/scripts/the-white-ribbon-2009.pdf?v=1729115044,pdf
The White Tiger,https://assets.scriptslug.com/live/pdf/scripts/the-white-tiger-2021.pdf?v=1729115044,pdf
The Wicker Man,https://assets.scriptslug.com/live/pdf/scripts/the-wicker-man-1973.pdf?v=1729115044,pdf
The Wife,https://assets.scriptslug.com/live/pdf/scripts/the-wife-2018.pdf?v=1729115044,pdf
The Wild Bunch,https://assets.scriptslug.com/live/pdf/scripts/the-wild-bunch-1969.pdf?v=1729115044,pdf
The Wild Robot,https://assets.scriptslug.com/live/pdf/scripts/the-wild-robot-2024.pdf?v=1738546645,pdf
The Witch,https://assets.scriptslug.com/live/pdf/scripts/the-witch-2016.pdf?v=1729115044,pdf
The Witches,https://assets.scriptslug.com/live/pdf/scripts/the-witches-1990.pdf?v=1729115044,pdf
The Wizard Of Oz,https://assets.scriptslug.com/live/pdf/scripts/the-wizard-of-oz-1939.pdf?v=1729115045,pdf
The Wolf Of Wall Street,https://assets.scriptslug.com/live/pdf/scripts/the-wolf-of-wall-street-2013.pdf?v=1729115045,pdf
The Wolverine,https://assets.scriptslug.com/live/pdf/scripts/the-wolverine-2013.pdf?v=1729115045,pdf
The Woman King,https://assets.scriptslug.com/live/pdf/scripts/the-woman-king-2022.pdf?v=1729115045,pdf
The Woodsman,"https://imsdb.com//scripts//Woodsman,-The.html",html
The World Is Not Enough,https://assets.scriptslug.com/live/pdf/scripts/the-world-is-not-enough-1999.pdf?v=1729115045,pdf
The Worlds End,https://assets.scriptslug.com/live/pdf/scripts/the-worlds-end-2013.pdf?v=1729115045,pdf
The Wrestler,"https://imsdb.com//scripts//Wrestler,-The.html",html
The X Files,https://assets.scriptslug.com/live/pdf/scripts/the-x-files-1998.pdf?v=1729115045,pdf
The X Files Fight The Future,"https://imsdb.com//scripts//X-Files-Fight-the-Future,-The.html",html
The Zone Of Interest,https://assets.scriptslug.com/live/pdf/scripts/the-zone-of-interest-2023.pdf?v=1729115047,pdf
Thelma & Louise,https://assets.scriptslug.com/live/pdf/scripts/thelma-and-louise-1991.pdf?v=1729115047,pdf
There Will Be Blood,https://assets.scriptslug.com/live/pdf/scripts/there-will-be-blood-2007.pdf?v=1729115047,pdf
Theres Something About Mary,https://imsdb.com//scripts//There's-Something-About-Mary.html,html
They,https://imsdb.com//scripts//They.html,html
They Live,https://assets.scriptslug.com/live/pdf/scripts/they-live-1988.pdf?v=1729115048,pdf
Thir13en Ghosts,https://assets.scriptslug.com/live/pdf/scripts/thir13en-ghosts-2001.pdf?v=1729115048,pdf
Thirteen,https://assets.scriptslug.com/live/pdf/scripts/thirteen-2003.pdf?v=1729115048,pdf
Thirteen Days,https://imsdb.com//scripts//Thirteen-Days.html,html
Thirteen Lives,https://assets.scriptslug.com/live/pdf/scripts/thirteen-lives-2022.pdf?v=1729115048,pdf
This Boys Life,https://assets.scriptslug.com/live/pdf/scripts/this-boys-life-1992.pdf?v=1729115048,pdf
This Is 40,https://assets.scriptslug.com/live/pdf/scripts/this-is-40-2012.pdf?v=1729115048,pdf
Thor,https://assets.scriptslug.com/live/pdf/scripts/thor-2011.pdf?v=1729115048,pdf
Thor Ragnarok,https://assets.scriptslug.com/live/pdf/scripts/thor-ragnorak-2017.pdf?v=1729115048,pdf
Thoroughbreds,https://assets.scriptslug.com/live/pdf/scripts/thoroughbreds-2018.pdf?v=1729115048,pdf
Those Who Walk Away,https://assets.scriptslug.com/live/pdf/scripts/those-who-walk-away-2022.pdf?v=1729115048,pdf
Three Billboards Outside Ebbing Missouri,https://assets.scriptslug.com/live/pdf/scripts/three-billboards-outside-ebbing-missouri-2017.pdf?v=1729115049,pdf
Three Days Of Condor,https://assets.scriptslug.com/live/pdf/scripts/three-days-of-condor-1975.pdf?v=1729115049,pdf
Three Kings,https://assets.scriptslug.com/live/pdf/scripts/three-kings-1999.pdf?v=1729115049,pdf
Three Kings (spoils Of War),https://imsdb.com//scripts//Three-Kings-(Spoils-of-War).html,html
Three Men And A Baby,https://imsdb.com//scripts//Three-Men-and-a-Baby.html,html
Three Thousand Years Of Longing,https://assets.scriptslug.com/live/pdf/scripts/three-thousand-years-of-longing-2022.pdf?v=1729115049,pdf
Thunderball,https://assets.scriptslug.com/live/pdf/scripts/thunderball-1965.pdf?v=1729115049,pdf
Thunderbirds,https://imsdb.com//scripts//Thunderbirds.html,html
Thunderheart,https://imsdb.com//scripts//Thunderheart.html,html
Thx 1138,https://assets.scriptslug.com/live/pdf/scripts/thx-1138-1971.pdf?v=1729115049,pdf
Tick Tick Boom,https://assets.scriptslug.com/live/pdf/scripts/tick-tick-boom-2021.pdf?v=1729115049,pdf
Ticker,https://imsdb.com//scripts//Ticker.html,html
Till,https://assets.scriptslug.com/live/pdf/scripts/till-2022.pdf?v=1729115049,pdf
Timber Falls,https://imsdb.com//scripts//Timber-Falls.html,html
Tin Cup,https://imsdb.com//scripts//Tin-Cup.html,html
Tin Men,https://assets.scriptslug.com/live/pdf/scripts/tin-men-1987.pdf?v=1729115049,pdf
Tinker Tailor Soldier Spy,https://assets.scriptslug.com/live/pdf/scripts/tinker-tailor-soldier-spy-2011.pdf?v=1729115049,pdf
Titanic,https://assets.scriptslug.com/live/pdf/scripts/titanic-1997.pdf?v=1729115050,pdf
Tmnt,https://imsdb.com//scripts//TMNT.html,html
To All The Boys Ive Loved Before,https://assets.scriptslug.com/live/pdf/scripts/to-all-the-boys-ive-loved-before-2018.pdf?v=1729115050,pdf
To Catch A Killer,https://assets.scriptslug.com/live/pdf/scripts/to-catch-a-killer-2023.pdf?v=1729115050,pdf
To Kill A Mockingbird,https://assets.scriptslug.com/live/pdf/scripts/to-kill-a-mockingbird-1962.pdf?v=1729115050,pdf
To Sleep With Anger,https://imsdb.com//scripts//To-Sleep-with-Anger.html,html
To Wong Foo Thanks For Everything Julie Newmar,https://assets.scriptslug.com/live/pdf/scripts/to-wong-foo-thanks-for-everything-julie-newmar-1995.pdf?v=1729115050,pdf
Tombstone,https://imsdb.com//scripts//Tombstone.html,html
Tomorrow Never Dies,https://assets.scriptslug.com/live/pdf/scripts/tomorrow-never-dies-1997.pdf?v=1729115050,pdf
Toni Erdmann,https://assets.scriptslug.com/live/pdf/scripts/toni-erdmann-2016.pdf?v=1729115050,pdf
Tootsie,https://assets.scriptslug.com/live/pdf/scripts/tootsie-1982.pdf?v=1729115050,pdf
Top Gun,https://assets.scriptslug.com/live/pdf/scripts/top-gun-1986.pdf?v=1729115050,pdf
Top Gun Maverick,https://assets.scriptslug.com/live/pdf/scripts/top-gun-maverick-2022.pdf?v=1729115051,pdf
Total Recall,https://assets.scriptslug.com/live/pdf/scripts/total-recall-1990.pdf?v=1729115051,pdf
Totem,https://assets.scriptslug.com/live/pdf/scripts/totem-2017.pdf?v=1729115051,pdf
Touch Of Evil,https://assets.scriptslug.com/live/pdf/scripts/touch-of-evil-1958.pdf?v=1729115051,pdf
Tough Guys,https://assets.scriptslug.com/live/pdf/scripts/tough-guys-1985.pdf?v=1729115051,pdf
Tower Block,https://assets.scriptslug.com/live/pdf/scripts/tower-block-2012.pdf?v=1729115051,pdf
Tower Of Terror,https://assets.scriptslug.com/live/pdf/scripts/tower-of-terror-1997.pdf?v=1729115051,pdf
Toy Story,https://assets.scriptslug.com/live/pdf/scripts/toy-story-1995.pdf?v=1729115051,pdf
Toy Story 2,https://assets.scriptslug.com/live/pdf/scripts/toy-story-2-1999.pdf?v=1729115051,pdf
Toy Story 3,https://assets.scriptslug.com/live/pdf/scripts/toy-story-3-2010.pdf?v=1729115051,pdf
Toy Story 4,https://assets.scriptslug.com/live/pdf/scripts/toy-story-4-2019.pdf?v=1729115052,pdf
Traffic,https://imsdb.com//scripts//Traffic.html,html
Training Day,https://assets.scriptslug.com/live/pdf/scripts/training-day-2001.pdf?v=1729115052,pdf
Trainspotting,https://imsdb.com//scripts//Trainspotting.html,html
Trainwreck,https://assets.scriptslug.com/live/pdf/scripts/trainwreck-2015.pdf?v=1729115052,pdf
Transcendence,https://assets.scriptslug.com/live/pdf/scripts/transcendence-2014.pdf?v=1729115052,pdf
Transformers,https://assets.scriptslug.com/live/pdf/scripts/transformers-2007.pdf?v=1729115052,pdf
Transformers The Movie,https://imsdb.com//scripts//Transformers-The-Movie.html,html
Trap Livin,https://imsdb.com//scripts//Trap-Livin'.html,html
Tremors,https://assets.scriptslug.com/live/pdf/scripts/tremors-1990.pdf?v=1729115052,pdf
Triangle Of Sadness,https://assets.scriptslug.com/live/pdf/scripts/triangle-of-sadness-2022.pdf?v=1729115052,pdf
Trick R Treat,https://assets.scriptslug.com/live/pdf/scripts/trick-r-treat-2007.pdf?v=1729115052,pdf
Tristan And Isolde,https://imsdb.com//scripts//Tristan-and-Isolde.html,html
Tron,https://imsdb.com//scripts//TRON.html,html
Tron Legacy,https://assets.scriptslug.com/live/pdf/scripts/tron-legacy-2010.pdf?v=1729115052,pdf
Tropic Thunder,https://imsdb.com//scripts//Tropic-Thunder.html,html
True Grit,https://assets.scriptslug.com/live/pdf/scripts/true-grit-2010.pdf?v=1729115053,pdf
True Lies,https://assets.scriptslug.com/live/pdf/scripts/true-lies-1994.pdf?v=1729115053,pdf
True Romance,https://assets.scriptslug.com/live/pdf/scripts/true-romance-1993.pdf?v=1729115053,pdf
Trumbo,https://assets.scriptslug.com/live/pdf/scripts/trumbo-2015.pdf?v=1729115053,pdf
Tucker And Dale Vs Evil,https://assets.scriptslug.com/live/pdf/scripts/tucker-and-dale-vs-evil-2010.pdf?v=1729115053,pdf
Tully,https://assets.scriptslug.com/live/pdf/scripts/tully-2018.pdf?v=1729115053,pdf
Tusk,https://assets.scriptslug.com/live/pdf/scripts/tusk-2014.pdf?v=1729115053,pdf
Twelve Monkeys,https://assets.scriptslug.com/live/pdf/scripts/twelve-monkeys-1995.pdf?v=1729115054,pdf
Twilight,https://assets.scriptslug.com/live/pdf/scripts/twilight-2008.pdf?v=1729115054,pdf
Twilight New Moon,https://imsdb.com//scripts//Twilight-New-Moon.html,html
Twin Peaks,https://imsdb.com//scripts//Twin-Peaks.html,html
Twin Peaks Fire Walk With Me,https://assets.scriptslug.com/live/pdf/scripts/twin-peaks-fire-walk-with-me-1992.pdf?v=1729115054,pdf
Twins,https://assets.scriptslug.com/live/pdf/scripts/twins-1988.pdf?v=1729115054,pdf
Twister,https://imsdb.com//scripts//Twister.html,html
Two For The Money,https://imsdb.com//scripts//Two-For-The-Money.html,html
Tár,https://assets.scriptslug.com/live/pdf/scripts/tar-2022.pdf?v=1729115004,pdf
U Turn,https://imsdb.com//scripts//U-Turn.html,html
Un Singe En Hiver,https://imsdb.com//scripts//Un-Singe-en-Hiver.html,html
Unbreakable,https://assets.scriptslug.com/live/pdf/scripts/unbreakable-2000.pdf?v=1729115055,pdf
Uncle Buck,https://assets.scriptslug.com/live/pdf/scripts/uncle-buck-1989.pdf?v=1729115055,pdf
Under Fire,https://imsdb.com//scripts//Under-Fire.html,html
Under Siege,https://assets.scriptslug.com/live/pdf/scripts/under-siege-1992.pdf?v=1729115055,pdf
Under The Silver Lake,https://assets.scriptslug.com/live/pdf/scripts/under-the-silver-lake-2018.pdf?v=1729115055,pdf
Underwater,https://assets.scriptslug.com/live/pdf/scripts/underwater-2020.pdf?v=1729115055,pdf
Underworld,https://assets.scriptslug.com/live/pdf/scripts/underworld-2003.pdf?v=1729115055,pdf
Unforgiven,https://assets.scriptslug.com/live/pdf/scripts/unforgiven-1992.pdf?v=1729115055,pdf
Unknown,https://imsdb.com//scripts//Unknown.html,html
Up,https://assets.scriptslug.com/live/pdf/scripts/up-2009.pdf?v=1729115055,pdf
Up In The Air,https://assets.scriptslug.com/live/pdf/scripts/up-in-the-air-2009.pdf?v=1729115056,pdf
Upgrade,https://assets.scriptslug.com/live/pdf/scripts/upgrade-2018.pdf?v=1729115056,pdf
Upstream Color,https://assets.scriptslug.com/live/pdf/scripts/upstream-color-2013.pdf?v=1729115056,pdf
Us,https://assets.scriptslug.com/live/pdf/scripts/us-2019.pdf?v=1729115056,pdf
V For Vendetta,https://assets.scriptslug.com/live/pdf/scripts/v-for-vendetta-2006.pdf?v=1729115056,pdf
Vacancy,https://assets.scriptslug.com/live/pdf/scripts/vacancy-2007.pdf?v=1729115056,pdf
Vacation,https://assets.scriptslug.com/live/pdf/scripts/vacation-2015.pdf?v=1729115056,pdf
Valkyrie,https://imsdb.com//scripts//Valkyrie.html,html
Van Helsing,https://assets.scriptslug.com/live/pdf/scripts/van-helsing-2004.pdf?v=1729115056,pdf
Vanilla Sky,https://assets.scriptslug.com/live/pdf/scripts/vanilla-sky-2001.pdf?v=1729115056,pdf
Velvet Buzzsaw,https://assets.scriptslug.com/live/pdf/scripts/velvet-buzzsaw-2019.pdf?v=1729115057,pdf
Vengeance,https://assets.scriptslug.com/live/pdf/scripts/vengeance-2022.pdf?v=1729115057,pdf
Vertigo,https://assets.scriptslug.com/live/pdf/scripts/vertigo-1985.pdf?v=1729115057,pdf
Very Bad Things,https://imsdb.com//scripts//Very-Bad-Things.html,html
Vice,https://assets.scriptslug.com/live/pdf/scripts/vice-2018.pdf?v=1729115057,pdf
Victor Frankenstein,https://assets.scriptslug.com/live/pdf/scripts/victor-frankenstein-2015.pdf?v=1729115057,pdf
Victoria & Abdul,https://assets.scriptslug.com/live/pdf/scripts/victoria-and-abdul-2017.pdf?v=1729115057,pdf
Virtuosity,https://imsdb.com//scripts//Virtuosity.html,html
Vox Lux,https://assets.scriptslug.com/live/pdf/scripts/vox-lux-2018.pdf?v=1729115057,pdf
Wadjda,https://assets.scriptslug.com/live/pdf/scripts/wadjda-2012.pdf?v=1729115057,pdf
Wag The Dog,https://imsdb.com//scripts//Wag-the-Dog.html,html
Walk Hard The Dewey Cox Story,https://assets.scriptslug.com/live/pdf/scripts/walk-hard-the-dewey-cox-story-2007.pdf?v=1729115058,pdf
Walk To Remember A,"https://imsdb.com//scripts//Walk-to-Remember,-A.html",html
Walking Tall,https://imsdb.com//scripts//Walking-Tall.html,html
Wall E,https://assets.scriptslug.com/live/pdf/scripts/wall-e-2008.pdf?v=1729115058,pdf
Wall Street,https://assets.scriptslug.com/live/pdf/scripts/wall-street-1987.pdf?v=1729115058,pdf
Wall Street Money Never Sleeps,https://imsdb.com//scripts//Wall-Street-Money-Never-Sleeps.html,html
Wanted,https://assets.scriptslug.com/live/pdf/scripts/wanted-2008.pdf?v=1729115058,pdf
War For The Planet Of The Apes,https://assets.scriptslug.com/live/pdf/scripts/war-for-the-planets-of-the-apes-2017.pdf?v=1729115058,pdf
War Horse,https://imsdb.com//scripts//War-Horse.html,html
War Of The Roses,https://assets.scriptslug.com/live/pdf/scripts/war-of-the-roses-1989.pdf?v=1729115058,pdf
War Of The Worlds,https://assets.scriptslug.com/live/pdf/scripts/war-of-the-worlds-2005.pdf?v=1729115058,pdf
Warm Springs,https://imsdb.com//scripts//Warm-Springs.html,html
Warrior,https://assets.scriptslug.com/live/pdf/scripts/warrior-2011.pdf?v=1729115059,pdf
Watchmen,https://assets.scriptslug.com/live/pdf/scripts/watchmen-2009.pdf?v=1729115059,pdf
Water For Elephants,https://imsdb.com//scripts//Water-for-Elephants.html,html
Waves,https://assets.scriptslug.com/live/pdf/scripts/waves-2019.pdf?v=1729115059,pdf
We Need To Talk About Kevin,https://assets.scriptslug.com/live/pdf/scripts/we-need-to-talk-about-kevin-2011.pdf?v=1729115059,pdf
We Own The Night,https://imsdb.com//scripts//We-Own-the-Night.html,html
Wedding Crashers,https://assets.scriptslug.com/live/pdf/scripts/wedding-crashers-2005.pdf?v=1729115059,pdf
Weird Science,https://assets.scriptslug.com/live/pdf/scripts/weird-science-1985.pdf?v=1729115059,pdf
Weird The Al Yankovic Story,https://assets.scriptslug.com/live/pdf/scripts/weird-the-al-yankovic-story-2022.pdf?v=1729115060,pdf
Were No Angels,https://assets.scriptslug.com/live/pdf/scripts/were-no-angels-1989.pdf?v=1729115060,pdf
Wes Cravens New Nightmare,https://assets.scriptslug.com/live/pdf/scripts/new-nightmare-1994.pdf?v=1729114961,pdf
West Side Story,https://assets.scriptslug.com/live/pdf/scripts/west-side-story-2021.pdf?v=1729115060,pdf
Westworld,https://assets.scriptslug.com/live/pdf/scripts/westworld-1973.pdf?v=1729115060,pdf
What Dreams May Come,https://assets.scriptslug.com/live/pdf/scripts/what-dreams-may-come-1998.pdf?v=1729115060,pdf
What Lies Beneath,https://assets.scriptslug.com/live/pdf/scripts/what-lies-beneath-2000.pdf?v=1729115060,pdf
What They Had,https://assets.scriptslug.com/live/pdf/scripts/what-they-had-2018.pdf?v=1729115060,pdf
When A Stranger Calls,https://imsdb.com//scripts//When-a-Stranger-Calls.html,html
When Harry Met Sally,https://assets.scriptslug.com/live/pdf/scripts/when-harry-met-sally-1989.pdf?v=1729115061,pdf
Where The Day Takes You,https://assets.scriptslug.com/live/pdf/scripts/where-the-day-takes-you-1992.pdf?v=1729115061,pdf
Where The Wild Things Are,https://assets.scriptslug.com/live/pdf/scripts/where-the-wild-things-are-2009.pdf?v=1729115061,pdf
Which Way Is Up,https://assets.scriptslug.com/live/pdf/scripts/which-way-is-up-1977.pdf?v=1729115061,pdf
While She Was Out,https://imsdb.com//scripts//While-She-Was-Out.html,html
While You Were Sleeping,https://assets.scriptslug.com/live/pdf/scripts/while-you-were-sleeping-1995.pdf?v=1729115061,pdf
Whiplash,https://assets.scriptslug.com/live/pdf/scripts/whiplash-2014.pdf?v=1729115061,pdf
White Christmas,https://imsdb.com//scripts//White-Christmas.html,html
White Jazz,https://imsdb.com//scripts//White-Jazz.html,html
White Noise,https://assets.scriptslug.com/live/pdf/scripts/white-noise-2022.pdf?v=1729115061,pdf
White Squall,https://imsdb.com//scripts//White-Squall.html,html
Whiteout,https://imsdb.com//scripts//Whiteout.html,html
Whitney Houston I Wanna Dance With Somebody,https://assets.scriptslug.com/live/pdf/scripts/whitney-houston-i-wanna-dance-with-somebody-2022.pdf?v=1729115061,pdf
Who Framed Roger Rabbit,https://assets.scriptslug.com/live/pdf/scripts/who-framed-roger-rabbit-1988.pdf?v=1729115061,pdf
Whos Your Daddy,https://imsdb.com//scripts//Who's-Your-Daddy.html,html
Wicked,https://assets.scriptslug.com/live/pdf/scripts/wicked-2024.pdf?v=1738546490,pdf
Wild,https://assets.scriptslug.com/live/pdf/scripts/wild-2014.pdf?v=1729115062,pdf
Wild At Heart,https://assets.scriptslug.com/live/pdf/scripts/wild-at-heart-1990.pdf?v=1729115062,pdf
Wild Hogs,https://imsdb.com//scripts//Wild-Hogs.html,html
Wild Things,https://imsdb.com//scripts//Wild-Things.html,html
Wild Things Diamonds In The Rough,https://imsdb.com//scripts//Wild-Things-Diamonds-in-the-Rough.html,html
Wild Wild West,https://imsdb.com//scripts//Wild-Wild-West.html,html
Wildlife,https://assets.scriptslug.com/live/pdf/scripts/wildlife-2018.pdf?v=1729115062,pdf
Willow,https://imsdb.com//scripts//Willow.html,html
Willy Wonka & The Chocolate Factory,https://assets.scriptslug.com/live/pdf/scripts/willy-wonka-and-the-chocolate-factory-1971.pdf?v=1729115062,pdf
Win Win,https://imsdb.com//scripts//Win-Win.html,html
Wind Chill,https://imsdb.com//scripts//Wind-Chill.html,html
Wind River,https://assets.scriptslug.com/live/pdf/scripts/wind-river-2017.pdf?v=1729115062,pdf
Winters Tale,https://assets.scriptslug.com/live/pdf/scripts/winters-tale-2013.pdf?v=1729115062,pdf
Wise Guys,https://assets.scriptslug.com/live/pdf/scripts/wise-guys-1986.pdf?v=1729115062,pdf
Withnail And I,https://imsdb.com//scripts//Withnail-and-I.html,html
Witness,https://assets.scriptslug.com/live/pdf/scripts/witness-1985.pdf?v=1729115063,pdf
Woman In Gold,https://assets.scriptslug.com/live/pdf/scripts/woman-in-gold-2015.pdf?v=1729115063,pdf
Women Talking,https://assets.scriptslug.com/live/pdf/scripts/women-talking-2022.pdf?v=1729115063,pdf
Wonder Boys,https://assets.scriptslug.com/live/pdf/scripts/wonder-boys-2000.pdf?v=1729115063,pdf
Wonder Woman,https://assets.scriptslug.com/live/pdf/scripts/wonder-woman-2017.pdf?v=1729115063,pdf
Wonka,https://assets.scriptslug.com/live/pdf/scripts/wonka-2023.pdf?v=1729115063,pdf
Work It,https://assets.scriptslug.com/live/pdf/scripts/work-it-2020.pdf?v=1729115063,pdf
Working Girl,https://assets.scriptslug.com/live/pdf/scripts/working-girl-1988.pdf?v=1729115063,pdf
Wrongfully Accused,https://assets.scriptslug.com/live/pdf/scripts/wrongfully-accused-1998.pdf?v=1729115063,pdf
X Men,https://assets.scriptslug.com/live/pdf/scripts/x-men-2000.pdf?v=1729115064,pdf
X Men Days Of Future Past,https://assets.scriptslug.com/live/pdf/scripts/x-men-days-of-future-past-2014.pdf?v=1729115064,pdf
X Men Origins Wolverine,https://imsdb.com//scripts//X-Men-Origins-Wolverine.html,html
X2 X Men United,https://assets.scriptslug.com/live/pdf/scripts/x2-x-men-united-2003.pdf?v=1729115064,pdf
Xxx,https://assets.scriptslug.com/live/pdf/scripts/xxx-2002.pdf?v=1729115064,pdf
Year One,https://imsdb.com//scripts//Year-One.html,html
Yes Man,https://imsdb.com//scripts//Yes-Man.html,html
You Can Count On Me,https://imsdb.com//scripts//You-Can-Count-On-Me.html,html
You Were Never Really Here,https://assets.scriptslug.com/live/pdf/scripts/you-were-never-really-here-2017.pdf?v=1729115065,pdf
Young Adult,https://assets.scriptslug.com/live/pdf/scripts/young-adult-2011.pdf?v=1729115065,pdf
Young Frankenstein,https://assets.scriptslug.com/live/pdf/scripts/young-frankenstein-1974.pdf?v=1729115065,pdf
Young Guns,https://assets.scriptslug.com/live/pdf/scripts/young-guns-1988.pdf?v=1729115065,pdf
Youre Next,https://assets.scriptslug.com/live/pdf/scripts/youre-next-2011.pdf?v=1729115065,pdf
Youth In Revolt,https://assets.scriptslug.com/live/pdf/scripts/youth-in-revolt-2009.pdf?v=1729115065,pdf
Youve Got Mail,https://imsdb.com//scripts//You've-Got-Mail.html,html
Zathura A Space Adventure,https://assets.scriptslug.com/live/pdf/scripts/zathura-2005.pdf?v=1729115066,pdf
Zebra Girl,https://assets.scriptslug.com/live/pdf/scripts/zebra-girl-2021.pdf?v=1729115066,pdf
Zero Dark Thirty,https://assets.scriptslug.com/live/pdf/scripts/zero-dark-thirty-2012.pdf?v=1729115066,pdf
Zerophilia,https://imsdb.com//scripts//Zerophilia.html,html
Zodiac,https://assets.scriptslug.com/live/pdf/scripts/zodiac-2007.pdf?v=1729115066,pdf
Zombieland,https://assets.scriptslug.com/live/pdf/scripts/zombieland-2009.pdf?v=1729115066,pdf
Zombieland Double Tap,https://assets.scriptslug.com/live/pdf/scripts/zombieland-double-tap-2019.pdf?v=1729115066,pdf
Zootopia,https://assets.scriptslug.com/live/pdf/scripts/zootopia-2016.pdf?v=1729115066,pdf
¡three Amigos,https://assets.scriptslug.com/live/pdf/scripts/three-amigos-1986.pdf?v=1729115049,pdf
