movie_name,script_page_url,pdf_url
10 Things I Hate About You,https://www.scriptslug.com/script/10-things-i-hate-about-you-1999,https://assets.scriptslug.com/live/pdf/scripts/10-things-i-hate-about-you-1999.pdf?v=1729114847
101 Dalmations,https://www.scriptslug.com/script/101-dalmations-1996,https://assets.scriptslug.com/live/pdf/scripts/101-dalmations-1996.pdf?v=1729114847
12 Angry Men,https://www.scriptslug.com/script/12-angry-men-1957,https://assets.scriptslug.com/live/pdf/scripts/12-angry-men-1957.pdf?v=1729114847
12 Strong,https://www.scriptslug.com/script/12-strong-2018,https://assets.scriptslug.com/live/pdf/scripts/12-strong-2018.pdf?v=1729114847
12 Years a Slave,https://www.scriptslug.com/script/12-years-a-slave-2013,https://assets.scriptslug.com/live/pdf/scripts/12-years-a-slave-2013.pdf?v=1729114848
127 Hours,https://www.scriptslug.com/script/127-hours-2010,https://assets.scriptslug.com/live/pdf/scripts/127-hours-2010.pdf?v=1729114848
1408,https://www.scriptslug.com/script/1408-2007,https://assets.scriptslug.com/live/pdf/scripts/1408-2007.pdf?v=1729114848
16 Blocks,https://www.scriptslug.com/script/16-blocks-2006,https://assets.scriptslug.com/live/pdf/scripts/16-blocks-2006.pdf?v=1729114848
1917,https://www.scriptslug.com/script/1917-2019,https://assets.scriptslug.com/live/pdf/scripts/1917-2019.pdf?v=1729114848
2 Fast 2 Furious,https://www.scriptslug.com/script/2-fast-2-furious-2003,https://assets.scriptslug.com/live/pdf/scripts/2-fast-2-furious-2003.pdf?v=1729114848
"2001
A Space Odyssey",https://www.scriptslug.com/script/2001-a-space-odyssey-1968,https://assets.scriptslug.com/live/pdf/scripts/2001-a-space-odyssey-1968.pdf?v=1729114848
"2010
The Year We Make Contact",https://www.scriptslug.com/script/2010-the-year-we-make-contact-1984,https://assets.scriptslug.com/live/pdf/scripts/2010-the-year-we-make-contact-1984.pdf?v=1729114849
20th Century Girl,https://www.scriptslug.com/script/20th-century-girl-2022,https://assets.scriptslug.com/live/pdf/scripts/20th-century-girl-2022.pdf?v=1729114849
20th Century Women,https://www.scriptslug.com/script/20th-century-women-2016,https://assets.scriptslug.com/live/pdf/scripts/20th-century-women-2016.pdf?v=1729114849
21 Jump Street,https://www.scriptslug.com/script/21-jump-street-2012,https://assets.scriptslug.com/live/pdf/scripts/21-jump-street-2012.pdf?v=1729114849
2:13,https://www.scriptslug.com/script/213-2009,https://assets.scriptslug.com/live/pdf/scripts/2-13-2009.pdf?v=1729114848
22 July,https://www.scriptslug.com/script/22-july-2018,https://assets.scriptslug.com/live/pdf/scripts/22-july-2018.pdf?v=1729114849
22 Jump Street,https://www.scriptslug.com/script/22-jump-street-2014,https://assets.scriptslug.com/live/pdf/scripts/22-jump-street-2014.pdf?v=1729114849
28 Days Later,https://www.scriptslug.com/script/28-days-later-2002,https://assets.scriptslug.com/live/pdf/scripts/28-days-later-2002.pdf?v=1729114849
28 Weeks Later,https://www.scriptslug.com/script/28-weeks-later-2007,https://assets.scriptslug.com/live/pdf/scripts/28-weeks-later-2007.pdf?v=1729114849
300,https://www.scriptslug.com/script/300-2006,https://assets.scriptslug.com/live/pdf/scripts/300-2006.pdf?v=1729114849
The 40-Year-Old Virgin,https://www.scriptslug.com/script/the-40-year-old-virgin-2005,https://assets.scriptslug.com/live/pdf/scripts/40-year-old-virgin-2005.pdf?v=1729114849
48 Hrs.,https://www.scriptslug.com/script/48-hrs-1982,https://assets.scriptslug.com/live/pdf/scripts/48-hrs-1982.pdf?v=1729114850
5 to 7,https://www.scriptslug.com/script/5-to-7-2014,https://assets.scriptslug.com/live/pdf/scripts/5-to-7-2014.pdf?v=1729114850
(500) Days of Summer,https://www.scriptslug.com/script/500-days-of-summer-2009,https://assets.scriptslug.com/live/pdf/scripts/500-days-of-summer-2009.pdf?v=1729114850
8½,https://www.scriptslug.com/script/8-1-2-1963,https://assets.scriptslug.com/live/pdf/scripts/8-1-2-1963.pdf?v=1729114850
8 Mile,https://www.scriptslug.com/script/8-mile-2002,https://assets.scriptslug.com/live/pdf/scripts/8-mile-2002.pdf?v=1729114850
8-Bit Christmas,https://www.scriptslug.com/script/8-bit-christmas-2021,https://assets.scriptslug.com/live/pdf/scripts/8-bit-christmas-2021.pdf?v=1729114850
About Alex,https://www.scriptslug.com/script/about-alex-2014,https://assets.scriptslug.com/live/pdf/scripts/about-alex-2014.pdf?v=1729114854
"Abraham Lincoln
Vampire Hunter",https://www.scriptslug.com/script/abraham-lincoln-vampire-hunter-2012,https://assets.scriptslug.com/live/pdf/scripts/abraham-lincoln-vampire-hunter-2012.pdf?v=1729114854
The Abyss,https://www.scriptslug.com/script/the-abyss-1989,https://assets.scriptslug.com/live/pdf/scripts/the-abyss-1989.pdf?v=1729115005
The Accidental Tourist,https://www.scriptslug.com/script/the-accidental-tourist-1988,https://assets.scriptslug.com/live/pdf/scripts/the-accidental-tourist-1988.pdf?v=1729115006
The Accountant,https://www.scriptslug.com/script/the-accountant-2016,https://assets.scriptslug.com/live/pdf/scripts/the-accountant-2016.pdf?v=1729115006
"Ace Ventura
Pet Detective",https://www.scriptslug.com/script/ace-ventura-pet-detective-1994,https://assets.scriptslug.com/live/pdf/scripts/ace-ventura-pet-detective-1994.pdf?v=1729114854
Action Jackson,https://www.scriptslug.com/script/action-jackson-1989,https://assets.scriptslug.com/live/pdf/scripts/actions-jackson-1988.pdf?v=1729114854
Ad Astra,https://www.scriptslug.com/script/ad-astra-2019,https://assets.scriptslug.com/live/pdf/scripts/ad-astra-2019.pdf?v=1729114854
Adaptation,https://www.scriptslug.com/script/adaptation-2002,https://assets.scriptslug.com/live/pdf/scripts/adaptation-2002.pdf?v=1729114854
The Addams Family,https://www.scriptslug.com/script/the-addams-family-1991,https://assets.scriptslug.com/live/pdf/scripts/the-addams-family-1991.pdf?v=1729115006
Addams Family Values,https://www.scriptslug.com/script/addams-family-values-1993,https://assets.scriptslug.com/live/pdf/scripts/addams-family-values-1993.pdf?v=1729114855
The Adjustment Bureau,https://www.scriptslug.com/script/the-adjustment-bureau-2011,https://assets.scriptslug.com/live/pdf/scripts/the-adjustment-bureau-2011.pdf?v=1729115006
The Adventures of Ford Fairlane,https://www.scriptslug.com/script/the-adventures-of-ford-fairlane-1990,https://assets.scriptslug.com/live/pdf/scripts/the-adventures-of-ford-fairlane-1990.pdf?v=1729115006
The Adventures of TinTin,https://www.scriptslug.com/script/the-adventures-of-tintin-2011,https://assets.scriptslug.com/live/pdf/scripts/the-adventures-of-tintin-2011.pdf?v=1729115006
The African Queen,https://www.scriptslug.com/script/the-african-queen-1951,https://assets.scriptslug.com/live/pdf/scripts/the-african-queen-1951.pdf?v=1729115006
After the Wedding,https://www.scriptslug.com/script/after-the-wedding-2019,https://assets.scriptslug.com/live/pdf/scripts/after-the-wedding-2019.pdf?v=1729114855
Aftersun,https://www.scriptslug.com/script/aftersun-2022,https://assets.scriptslug.com/live/pdf/scripts/aftersun-2022.pdf?v=1729114855
Air,https://www.scriptslug.com/script/air-2023,https://assets.scriptslug.com/live/pdf/scripts/air-2023.pdf?v=1729114855
Air Force One,https://www.scriptslug.com/script/air-force-one-1997,https://assets.scriptslug.com/live/pdf/scripts/air-force-one-1997.pdf?v=1729114855
Airplane!,https://www.scriptslug.com/script/airplane-1980,https://assets.scriptslug.com/live/pdf/scripts/airplane-1980.pdf?v=1729114855
"Airplane II
The Sequel",https://www.scriptslug.com/script/airplane-ii-the-sequel-1982,https://assets.scriptslug.com/live/pdf/scripts/airplane-ii-the-sequel-1982.pdf?v=1729114855
Aladdin,https://www.scriptslug.com/script/aladdin-1992,https://assets.scriptslug.com/live/pdf/scripts/aladdin-1992.pdf?v=1729114855
Alex Cross,https://www.scriptslug.com/script/alex-cross-2012,https://assets.scriptslug.com/live/pdf/scripts/alex-cross-2012.pdf?v=1729114855
Ali,https://www.scriptslug.com/script/ali-2001,https://assets.scriptslug.com/live/pdf/scripts/ali-2001.pdf?v=1729114855
Alien,https://www.scriptslug.com/script/alien-1979,https://assets.scriptslug.com/live/pdf/scripts/alien-1979.pdf?v=1729114856
Alien 3,https://www.scriptslug.com/script/alien-3-1992,https://assets.scriptslug.com/live/pdf/scripts/alien-3-1992.pdf?v=1729114856
"Alien
Covenant",https://www.scriptslug.com/script/alien-covenant-2017,https://assets.scriptslug.com/live/pdf/scripts/alien-covenant-2017.pdf?v=1729114856
Alien Resurrection,https://www.scriptslug.com/script/alien-resurrection-1997,https://assets.scriptslug.com/live/pdf/scripts/alien-resurrection-1997.pdf?v=1729114856
"Alien vs. Predator
Requiem",https://www.scriptslug.com/script/alien-vs-predator-requiem-2007,https://assets.scriptslug.com/live/pdf/scripts/alien-vs-predator-requiem-2007.pdf?v=1729114856
Aliens,https://www.scriptslug.com/script/aliens-1985,https://assets.scriptslug.com/live/pdf/scripts/aliens-1986.pdf?v=1729114856
Aligarh,https://www.scriptslug.com/script/aligarh-2015,https://assets.scriptslug.com/live/pdf/scripts/aligarh-2015.pdf?v=1729114856
All About Eve,https://www.scriptslug.com/script/all-about-eve-1950,https://assets.scriptslug.com/live/pdf/scripts/all-about-eve-1950.pdf?v=1729114856
All Is Lost,https://www.scriptslug.com/script/all-is-lost-2013,https://assets.scriptslug.com/live/pdf/scripts/all-is-lost-2013.pdf?v=1729114856
All is True,https://www.scriptslug.com/script/all-is-true-2018,https://assets.scriptslug.com/live/pdf/scripts/all-is-true-2018.pdf?v=1729114856
All of Us Strangers,https://www.scriptslug.com/script/all-of-us-strangers-2023,https://assets.scriptslug.com/live/pdf/scripts/all-of-us-strangers-2023.pdf?v=1729114857
All Quiet on the Western Front,https://www.scriptslug.com/script/all-quiet-on-the-western-front-2022,https://assets.scriptslug.com/live/pdf/scripts/all-quiet-on-the-western-front-2022.pdf?v=1729114857
All the Boy Love Mandy Lane,https://www.scriptslug.com/script/all-the-boy-love-mandy-lane-2006,https://assets.scriptslug.com/live/pdf/scripts/all-the-boys-love-mandy-lane-2006.pdf?v=1729114857
All the Money in the World,https://www.scriptslug.com/script/all-the-money-in-the-world-2017,https://assets.scriptslug.com/live/pdf/scripts/all-the-money-in-the-world-2017.pdf?v=1729114857
All the Old Knives,https://www.scriptslug.com/script/all-the-old-knives-2022,https://assets.scriptslug.com/live/pdf/scripts/all-the-old-knives-2022.pdf?v=1729114857
All the President's Men,https://www.scriptslug.com/script/all-the-presidents-men-1976,https://assets.scriptslug.com/live/pdf/scripts/all-the-presidents-men-1976.pdf?v=1729114857
Almost Famous,https://www.scriptslug.com/script/almost-famous-2000,https://assets.scriptslug.com/live/pdf/scripts/almost-famous-2000.pdf?v=1729114857
Altered States,https://www.scriptslug.com/script/altered-states-1980,https://assets.scriptslug.com/live/pdf/scripts/altered-states-1980.pdf?v=1729114857
Amadeus,https://www.scriptslug.com/script/amadeus-1984,https://assets.scriptslug.com/live/pdf/scripts/amadeus-1984.pdf?v=1729114857
Ambulance,https://www.scriptslug.com/script/ambulance-2022,https://assets.scriptslug.com/live/pdf/scripts/ambulance-2022.pdf?v=1729114857
The American,https://www.scriptslug.com/script/the-american-2010,https://assets.scriptslug.com/live/pdf/scripts/the-american-2010.pdf?v=1729115006
American Animals,https://www.scriptslug.com/script/american-animals-2018,https://assets.scriptslug.com/live/pdf/scripts/american-animals-2018.pdf?v=1729114858
American Beauty,https://www.scriptslug.com/script/american-beauty-1999,https://assets.scriptslug.com/live/pdf/scripts/american-beauty-1999.pdf?v=1729114858
American Fiction,https://www.scriptslug.com/script/american-fiction-2023,https://assets.scriptslug.com/live/pdf/scripts/american-fiction-2023.pdf?v=1729114858
American Graffiti,https://www.scriptslug.com/script/american-graffiti-1973,https://assets.scriptslug.com/live/pdf/scripts/american-graffiti-1973.pdf?v=1729114858
American Hustle,https://www.scriptslug.com/script/american-hustle-2013,https://assets.scriptslug.com/live/pdf/scripts/american-hustle-2013.pdf?v=1729114858
American Pie,https://www.scriptslug.com/script/american-pie-1999,https://assets.scriptslug.com/live/pdf/scripts/american-pie-1999.pdf?v=1729114858
The American President,https://www.scriptslug.com/script/the-american-president-1995,https://assets.scriptslug.com/live/pdf/scripts/the-american-president-1995.pdf?v=1729115007
American Psycho,https://www.scriptslug.com/script/american-psycho-2000,https://assets.scriptslug.com/live/pdf/scripts/american-psycho-2000.pdf?v=1729114858
American Sniper,https://www.scriptslug.com/script/american-sniper-2014,https://assets.scriptslug.com/live/pdf/scripts/american-sniper-2014.pdf?v=1729114859
American Ultra,https://www.scriptslug.com/script/american-ultra-2015,https://assets.scriptslug.com/live/pdf/scripts/american-ultra-2015.pdf?v=1729114859
Amistad,https://www.scriptslug.com/script/amistad-1997,https://assets.scriptslug.com/live/pdf/scripts/amistad-1997.pdf?v=1729114859
The Amityville Horror,https://www.scriptslug.com/script/the-amityville-horror-1979,https://assets.scriptslug.com/live/pdf/scripts/the-amityville-horror-1979.pdf?v=1729115007
Amélie,https://www.scriptslug.com/script/amelie-2001,https://assets.scriptslug.com/live/pdf/scripts/amelie-2001.pdf?v=1729114858
Amour,https://www.scriptslug.com/script/amour-2012,https://assets.scriptslug.com/live/pdf/scripts/amour-2012.pdf?v=1729114859
Amsterdam,https://www.scriptslug.com/script/amsterdam-2022,https://assets.scriptslug.com/live/pdf/scripts/amsterdam-2022.pdf?v=1729114859
An Affair to Remember,https://www.scriptslug.com/script/an-affair-to-remember-1957,https://assets.scriptslug.com/live/pdf/scripts/an-affair-to-remember-1957.pdf?v=1729114859
An American Werewolf in London,https://www.scriptslug.com/script/an-american-werewolf-in-london-1981,https://assets.scriptslug.com/live/pdf/scripts/an-american-werewolf-in-london-1981.pdf?v=1729114859
An Unmarried Woman,https://www.scriptslug.com/script/an-unmarried-woman-1978,https://assets.scriptslug.com/live/pdf/scripts/an-unmarried-woman-1978.pdf?v=1729114859
Anaconda,https://www.scriptslug.com/script/anaconda-1997,https://assets.scriptslug.com/live/pdf/scripts/anaconda-1997.pdf?v=1729114859
Analyze That,https://www.scriptslug.com/script/analyze-that-2002,https://assets.scriptslug.com/live/pdf/scripts/analyze-that-2002.pdf?v=1729114860
Analyze This,https://www.scriptslug.com/script/analyze-this-1999,https://assets.scriptslug.com/live/pdf/scripts/analyze-this-1999.pdf?v=1729114860
Anastasia,https://www.scriptslug.com/script/anastasia-1997,https://assets.scriptslug.com/live/pdf/scripts/anastasia-1997.pdf?v=1729114860
Anatomy of a Fall,https://www.scriptslug.com/script/anatomy-of-a-fall-2023,https://assets.scriptslug.com/live/pdf/scripts/anatomy-of-a-fall-2023.pdf?v=1729114860
Anatomy of a Murder,https://www.scriptslug.com/script/anatomy-of-a-murder-1959,https://assets.scriptslug.com/live/pdf/scripts/anatomy-of-a-murder-1959.pdf?v=1729114860
"Anchorman
The Legend of Ron Burgundy",https://www.scriptslug.com/script/anchorman-the-legend-of-ron-burgundy-2004,https://assets.scriptslug.com/live/pdf/scripts/anchorman-the-legend-of-ron-burgundy-2004.pdf?v=1729114860
Angel Eyes,https://www.scriptslug.com/script/angel-eyes-2001,https://assets.scriptslug.com/live/pdf/scripts/angel-eyes-2001.pdf?v=1729114860
Angels with Dirty Faces,https://www.scriptslug.com/script/angels-with-dirty-faces-1938,https://assets.scriptslug.com/live/pdf/scripts/angels-with-dirty-faces-1938.pdf?v=1729114860
Anger Management,https://www.scriptslug.com/script/anger-management-2003,https://assets.scriptslug.com/live/pdf/scripts/anger-management-2003.pdf?v=1729114860
Animal Kingdom,https://www.scriptslug.com/script/animal-kingdom-2010,https://assets.scriptslug.com/live/pdf/scripts/animal-kingdom-2010.pdf?v=1729114860
Annabelle,https://www.scriptslug.com/script/annabelle-2014,https://assets.scriptslug.com/live/pdf/scripts/annabelle-2014.pdf?v=1729114861
Annette,https://www.scriptslug.com/script/annette-2021,https://assets.scriptslug.com/live/pdf/scripts/annette-2021.pdf?v=1729114861
Annie Hall,https://www.scriptslug.com/script/annie-hall-1977,https://assets.scriptslug.com/live/pdf/scripts/annie-hall-1977.pdf?v=1729114861
Annihilation,https://www.scriptslug.com/script/annihilation-2018,https://assets.scriptslug.com/live/pdf/scripts/annihilation-2018.pdf?v=1729114861
Anora,https://www.scriptslug.com/script/anora-2024,https://assets.scriptslug.com/live/pdf/scripts/anora-2024.pdf?v=1738462640
Another 48 Hrs.,https://www.scriptslug.com/script/another-48-hrs-1990,https://assets.scriptslug.com/live/pdf/scripts/another-48-hrs-1990.pdf?v=1729114861
Another Year,https://www.scriptslug.com/script/another-year-2010,https://assets.scriptslug.com/live/pdf/scripts/another-year-2010.pdf?v=1729114861
Antebellum,https://www.scriptslug.com/script/antebellum-2020,https://assets.scriptslug.com/live/pdf/scripts/antebellum-2020.pdf?v=1729114861
Anthropoid,https://www.scriptslug.com/script/anthropoid-2016,https://assets.scriptslug.com/live/pdf/scripts/anthropoid-2016.pdf?v=1729114861
Any Given Sunday,https://www.scriptslug.com/script/any-given-sunday-1999,https://assets.scriptslug.com/live/pdf/scripts/any-given-sunday-1999.pdf?v=1729114861
The Apartment,https://www.scriptslug.com/script/the-apartment-1960,https://assets.scriptslug.com/live/pdf/scripts/the-apartment-1960.pdf?v=1729115007
Apocalypse Now,https://www.scriptslug.com/script/apocalypse-now-1979,https://assets.scriptslug.com/live/pdf/scripts/apocalypse-now-1979.pdf?v=1729114861
"Argentina, 1985",https://www.scriptslug.com/script/argentina-1985-2022,https://assets.scriptslug.com/live/pdf/scripts/argentina-1985-2022.pdf?v=1729114862
Argo,https://www.scriptslug.com/script/argo-2012,https://assets.scriptslug.com/live/pdf/scripts/argo-2012.pdf?v=1729114862
Armageddon,https://www.scriptslug.com/script/armageddon-1998,https://assets.scriptslug.com/live/pdf/scripts/armageddon-1998.pdf?v=1729114862
Armageddon Time,https://www.scriptslug.com/script/armageddon-time-2022,https://assets.scriptslug.com/live/pdf/scripts/armageddon-time-2022.pdf?v=1729114862
Armed and Dangerous,https://www.scriptslug.com/script/armed-and-dangerous-1986,https://assets.scriptslug.com/live/pdf/scripts/armed-and-dangerous-1986.pdf?v=1729114862
Army of Darkness,https://www.scriptslug.com/script/army-of-darkness-1992,https://assets.scriptslug.com/live/pdf/scripts/army-of-darkness-1992.pdf?v=1729114862
Arrival,https://www.scriptslug.com/script/arrival-2016,https://assets.scriptslug.com/live/pdf/scripts/arrival-2016.pdf?v=1729114862
The Artist,https://www.scriptslug.com/script/the-artist-2011,https://assets.scriptslug.com/live/pdf/scripts/the-artist-2011.pdf?v=1729115007
As Good as It Gets,https://www.scriptslug.com/script/as-good-as-it-gets-1997,https://assets.scriptslug.com/live/pdf/scripts/as-good-as-it-gets-1997.pdf?v=1729114862
Ask the Dust,https://www.scriptslug.com/script/ask-the-dust-2006,https://assets.scriptslug.com/live/pdf/scripts/ask-the-dust-2006.pdf?v=1729114863
Assassination Nation,https://www.scriptslug.com/script/assassination-nation-2018,https://assets.scriptslug.com/live/pdf/scripts/assassination-nation-2018.pdf?v=1729114863
Assault on Precinct 13,https://www.scriptslug.com/script/assault-on-precinct-13-2005,https://assets.scriptslug.com/live/pdf/scripts/assault-on-prisinct-13-2005.pdf?v=1729114863
Asteroid City,https://www.scriptslug.com/script/asteroid-city-2023,https://assets.scriptslug.com/live/pdf/scripts/asteroid-city-2023.pdf?v=1729114863
The A-Team,https://www.scriptslug.com/script/the-a-team-2010,https://assets.scriptslug.com/live/pdf/scripts/the-a-team-2010.pdf?v=1729115005
Atomic Blonde,https://www.scriptslug.com/script/atomic-blonde-2017,https://assets.scriptslug.com/live/pdf/scripts/atomic-blonde-2017.pdf?v=1729114863
Attack the Block,https://www.scriptslug.com/script/attack-the-block-2011,https://assets.scriptslug.com/live/pdf/scripts/attack-the-block-2011.pdf?v=1729114863
Audrey Rose,https://www.scriptslug.com/script/audrey-rose-1977,https://assets.scriptslug.com/live/pdf/scripts/audrey-rose-1977.pdf?v=1729114864
"August
Osage County",https://www.scriptslug.com/script/august-osage-county-2013,https://assets.scriptslug.com/live/pdf/scripts/august-osage-county-2013.pdf?v=1729114864
Avatar,https://www.scriptslug.com/script/avatar-2009,https://assets.scriptslug.com/live/pdf/scripts/avatar-2009.pdf?v=1729114864
The Avengers,https://www.scriptslug.com/script/the-avengers-2012,https://assets.scriptslug.com/live/pdf/scripts/the-avengers-2012.pdf?v=1729115007
"Avengers
Endgame",https://www.scriptslug.com/script/avengers-endgame-2019,https://assets.scriptslug.com/live/pdf/scripts/avengers-endgame-2019.pdf?v=1729114864
The Aviator,https://www.scriptslug.com/script/the-aviator-2004,https://assets.scriptslug.com/live/pdf/scripts/the-aviator-2004.pdf?v=1729115007
"AVP
Alien vs. Predator",https://www.scriptslug.com/script/avp-alien-vs-predator-2004,https://assets.scriptslug.com/live/pdf/scripts/avp-alien-vs-predator-2004.pdf?v=1729114864
The Babadook,https://www.scriptslug.com/script/the-babadook-2014,https://assets.scriptslug.com/live/pdf/scripts/the-babadook-2011.pdf?v=1729115007
Baby Boy,https://www.scriptslug.com/script/baby-boy-2001,https://assets.scriptslug.com/live/pdf/scripts/baby-boy-2001.pdf?v=1729114864
Baby Driver,https://www.scriptslug.com/script/baby-driver-2017,https://assets.scriptslug.com/live/pdf/scripts/baby-driver-2017.pdf?v=1729114864
Babylon,https://www.scriptslug.com/script/babylon-2022,https://assets.scriptslug.com/live/pdf/scripts/babylon-2022_2023-03-24-175719_unck.pdf?v=1729114865
The Babysitter,https://www.scriptslug.com/script/the-babysitter-2017,https://assets.scriptslug.com/live/pdf/scripts/the-babysitter-2017.pdf?v=1729115007
Back to the Future,https://www.scriptslug.com/script/back-to-the-future-1985,https://assets.scriptslug.com/live/pdf/scripts/back-to-the-future-1985.pdf?v=1729114865
Bad Boys,https://www.scriptslug.com/script/bad-boys-1995,https://assets.scriptslug.com/live/pdf/scripts/bad-boys-1995.pdf?v=1729114865
Bad Boys for Life,https://www.scriptslug.com/script/bad-boys-for-life-2020,https://assets.scriptslug.com/live/pdf/scripts/bad-boys-for-life-2020.pdf?v=1729114865
Bad Lieutenant,https://www.scriptslug.com/script/bad-lieutenant-1992,https://assets.scriptslug.com/live/pdf/scripts/bad-lieutenant-1992.pdf?v=1729114865
Bad Moms,https://www.scriptslug.com/script/bad-moms-2016,https://assets.scriptslug.com/live/pdf/scripts/bad-moms-2016.pdf?v=1729114865
Bad Moon,https://www.scriptslug.com/script/bad-moon-1996,https://assets.scriptslug.com/live/pdf/scripts/bad-moon-1996.pdf?v=1729114865
Bad Santa,https://www.scriptslug.com/script/bad-santa-2003,https://assets.scriptslug.com/live/pdf/scripts/bad-santa-2003.pdf?v=1729114865
Bad Teacher,https://www.scriptslug.com/script/bad-teacher-2011,https://assets.scriptslug.com/live/pdf/scripts/bad-teacher-2011.pdf?v=1729114866
Bad Times at the El Royale,https://www.scriptslug.com/script/bad-times-at-the-el-royale-2018,https://assets.scriptslug.com/live/pdf/scripts/bad-times-at-the-el-royale-2018.pdf?v=1729114866
Badlands,https://www.scriptslug.com/script/badlands-1973,https://assets.scriptslug.com/live/pdf/scripts/badlands-1973.pdf?v=1729114866
The Ballad of Buster Scruggs,https://www.scriptslug.com/script/the-ballad-of-buster-scruggs-2018,https://assets.scriptslug.com/live/pdf/scripts/the-ballad-of-buster-scruggs-2018.pdf?v=1729115007
The Banshees of Inisherin,https://www.scriptslug.com/script/the-banshees-of-inisherin-2022,https://assets.scriptslug.com/live/pdf/scripts/the-banshees-of-inisherin-2022.pdf?v=1729115007
Barb and Star Go to Vista Del Mar,https://www.scriptslug.com/script/barb-and-star-go-to-vista-del-mar-2021,https://assets.scriptslug.com/live/pdf/scripts/barb-and-star-go-to-vista-del-mar-2021.pdf?v=1729114866
Barbarian,https://www.scriptslug.com/script/barbarian-2022,https://assets.scriptslug.com/live/pdf/scripts/barbarian-2022.pdf?v=1729114866
Barbershop,https://www.scriptslug.com/script/barbershop-2002,https://assets.scriptslug.com/live/pdf/scripts/barbershop-2002.pdf?v=1729114866
Barbie,https://www.scriptslug.com/script/barbie-2023,https://assets.scriptslug.com/live/pdf/scripts/barbie-2023.pdf?v=1729114866
Barton Fink,https://www.scriptslug.com/script/barton-fink-1991,https://assets.scriptslug.com/live/pdf/scripts/barton-fink-1991.pdf?v=1729114867
Basic Instinct,https://www.scriptslug.com/script/basic-instinct-1992,https://assets.scriptslug.com/live/pdf/scripts/basic-instinct-1992.pdf?v=1729114867
Basic Instinct 2,https://www.scriptslug.com/script/basic-instinct-2-2006,https://assets.scriptslug.com/live/pdf/scripts/basic-instinct-2-2006.pdf?v=1729114867
Basket Case,https://www.scriptslug.com/script/basket-case-1982,https://assets.scriptslug.com/live/pdf/scripts/basket-case-1982.pdf?v=1729114867
Batman & Robin,https://www.scriptslug.com/script/batman-robin-1997,https://assets.scriptslug.com/live/pdf/scripts/batman-and-robin-1997.pdf?v=1729114868
Batman,https://www.scriptslug.com/script/batman-1989,https://assets.scriptslug.com/live/pdf/scripts/batman-1989.pdf?v=1729114867
The Batman,https://www.scriptslug.com/script/the-batman-2022,https://assets.scriptslug.com/live/pdf/scripts/the-batman-2022.pdf?v=1729115008
Batman Begins,https://www.scriptslug.com/script/batman-begins-2005,https://assets.scriptslug.com/live/pdf/scripts/batman-begins-2005.pdf?v=1729114868
Batman Forever,https://www.scriptslug.com/script/batman-forever-1995,https://assets.scriptslug.com/live/pdf/scripts/batman-forever-1995.pdf?v=1729114868
"Batman
Mask of the Phantasm",https://www.scriptslug.com/script/batman-mask-of-the-phantasm-1993,https://assets.scriptslug.com/live/pdf/scripts/batman-mask-of-the-phantasm-1993.pdf?v=1729114868
Batman Returns,https://www.scriptslug.com/script/batman-returns,https://assets.scriptslug.com/live/pdf/scripts/batman-returns-1992.pdf?v=1729114868
Battle of the Sexes,https://www.scriptslug.com/script/battle-of-the-sexes-2017,https://assets.scriptslug.com/live/pdf/scripts/battle-of-the-sexes-2017.pdf?v=1729114868
Battlefield Earth,https://www.scriptslug.com/script/battlefield-earth-2000,https://assets.scriptslug.com/live/pdf/scripts/battlefield-earth-2000.pdf?v=1729114868
Baywatch,https://www.scriptslug.com/script/baywatch-2017,https://assets.scriptslug.com/live/pdf/scripts/baywatch-2017.pdf?v=1729114868
The Beach Bum,https://www.scriptslug.com/script/the-beach-bum-2019,https://assets.scriptslug.com/live/pdf/scripts/the-beach-bum-2019.pdf?v=1729115008
Bean,https://www.scriptslug.com/script/bean-1997,https://assets.scriptslug.com/live/pdf/scripts/bean-1997.pdf?v=1729114869
Beau is Afraid,https://www.scriptslug.com/script/beau-is-afraid-2023,https://assets.scriptslug.com/live/pdf/scripts/beau-is-afraid-2023.pdf?v=1729114869
Beautiful Boy,https://www.scriptslug.com/script/beautiful-boy-2018,https://assets.scriptslug.com/live/pdf/scripts/beautiful-boy-2018.pdf?v=1729114869
A Beautiful Day in the Neighborhood,https://www.scriptslug.com/script/a-beautiful-day-in-the-neighborhood-2019,https://assets.scriptslug.com/live/pdf/scripts/a-beautiful-day-in-the-neighborhood-2019.pdf?v=1729114850
A Beautiful Mind,https://www.scriptslug.com/script/a-beautiful-mind-2001,https://assets.scriptslug.com/live/pdf/scripts/a-beautiful-mind-2001.pdf?v=1729114850
Beauty and the Beast,https://www.scriptslug.com/script/beauty-and-the-beast-2017,https://assets.scriptslug.com/live/pdf/scripts/beauty-and-the-beast-2017.pdf?v=1729114869
The Beekeeper,https://www.scriptslug.com/script/the-beekeeper-2024,https://assets.scriptslug.com/live/pdf/scripts/the-beekeeper-2024.pdf?v=1729115008
Beetlejuice,https://www.scriptslug.com/script/beetlejuice-1988,https://assets.scriptslug.com/live/pdf/scripts/beetlejuice-1988.pdf?v=1729114869
Before Midnight,https://www.scriptslug.com/script/before-midnight-2013,https://assets.scriptslug.com/live/pdf/scripts/before-midnight-2013.pdf?v=1729114869
Beginners,https://www.scriptslug.com/script/beginners-2010,https://assets.scriptslug.com/live/pdf/scripts/beginners-2010.pdf?v=1729114869
The Beguiled,https://www.scriptslug.com/script/the-beguiled-1971,https://assets.scriptslug.com/live/pdf/scripts/the-beguiled-1971.pdf?v=1729115008
The Beguiled,https://www.scriptslug.com/script/the-beguiled-2017,https://assets.scriptslug.com/live/pdf/scripts/the-beguiled-2017.pdf?v=1729115008
Being John Malkovich,https://www.scriptslug.com/script/being-john-malkovich-1999,https://assets.scriptslug.com/live/pdf/scripts/being-john-malkovich-1999.pdf?v=1729114869
Being the Ricardos,https://www.scriptslug.com/script/being-the-ricardos-2021,https://assets.scriptslug.com/live/pdf/scripts/being-the-ricardos-2021.pdf?v=1729114869
Being There,https://www.scriptslug.com/script/being-there-1979,https://assets.scriptslug.com/live/pdf/scripts/being-there-1979.pdf?v=1729114869
Belfast,https://www.scriptslug.com/script/belfast-2021,https://assets.scriptslug.com/live/pdf/scripts/belfast-2021.pdf?v=1729114870
Belle,https://www.scriptslug.com/script/belle-2013,https://assets.scriptslug.com/live/pdf/scripts/belle-2013.pdf?v=1729114870
Beverly Hills Cop,https://www.scriptslug.com/script/beverly-hills-cop-1984,https://assets.scriptslug.com/live/pdf/scripts/beverly-hills-cop-1984.pdf?v=1729114870
The BFG,https://www.scriptslug.com/script/the-bfg-2016,https://assets.scriptslug.com/live/pdf/scripts/the-bfg-2016.pdf?v=1729115008
Big,https://www.scriptslug.com/script/big-1988,https://assets.scriptslug.com/live/pdf/scripts/big-1988.pdf?v=1729114870
The Big Chill,https://www.scriptslug.com/script/the-big-chill-1983,https://assets.scriptslug.com/live/pdf/scripts/the-big-chill-1983.pdf?v=1729115008
The Big Easy,https://www.scriptslug.com/script/the-big-easy-1986,https://assets.scriptslug.com/live/pdf/scripts/the-big-easy-1986.pdf?v=1729115008
Big Fish,https://www.scriptslug.com/script/big-fish-2003,https://assets.scriptslug.com/live/pdf/scripts/big-fish-2003.pdf?v=1729114870
The Big Lebowski,https://www.scriptslug.com/script/the-big-lebowski,https://assets.scriptslug.com/live/pdf/scripts/the-big-lebowski-2004.pdf?v=1729115008
The Big Short,https://www.scriptslug.com/script/the-big-short-2015,https://assets.scriptslug.com/live/pdf/scripts/the-big-short-2015.pdf?v=1729115009
The Big Sick,https://www.scriptslug.com/script/the-big-sick-2017,https://assets.scriptslug.com/live/pdf/scripts/the-big-sick-2017.pdf?v=1729115009
Big Time Adolescence,https://www.scriptslug.com/script/big-time-adolescence-2020,https://assets.scriptslug.com/live/pdf/scripts/big-time-adolescence-2020.pdf?v=1729114871
Big Trouble in Little China,https://www.scriptslug.com/script/big-trouble-in-little-china-1986,https://assets.scriptslug.com/live/pdf/scripts/big-trouble-in-little-china-1986.pdf?v=1729114871
Bill & Ted Face the Music,https://www.scriptslug.com/script/bill-and-ted-face-the-music-2020,https://assets.scriptslug.com/live/pdf/scripts/bill-and-ted-face-the-music-2020.pdf?v=1729114871
Bill and Ted's Bogus Journey,https://www.scriptslug.com/script/bill-and-teds-bogus-journey-1991,https://assets.scriptslug.com/live/pdf/scripts/bill-and-teds-bogus-journey-1991.pdf?v=1729114872
Bill and Ted's Excellent Adventure,https://www.scriptslug.com/script/bill-and-teds-excellent-adventure-1989,https://assets.scriptslug.com/live/pdf/scripts/bill-and-teds-excellent-adventure-1989.pdf?v=1729114872
Bird Box,https://www.scriptslug.com/script/bird-box-2018,https://assets.scriptslug.com/live/pdf/scripts/bird-box-2018.pdf?v=1729114872
The Birdcage,https://www.scriptslug.com/script/the-birdcage-1996,https://assets.scriptslug.com/live/pdf/scripts/the-birdcage-1996.pdf?v=1729115009
Birdman,https://www.scriptslug.com/script/birdman-2014,https://assets.scriptslug.com/live/pdf/scripts/birdman-2014.pdf?v=1729114872
The Birds,https://www.scriptslug.com/script/the-birds-1963,https://assets.scriptslug.com/live/pdf/scripts/the-birds-1963.pdf?v=1729115009
The Birth of a Nation,https://www.scriptslug.com/script/the-birth-of-a-nation-2016,https://assets.scriptslug.com/live/pdf/scripts/the-birth-of-a-nation-2016.pdf?v=1729115009
Black Christmas,https://www.scriptslug.com/script/black-christmas-1974,https://assets.scriptslug.com/live/pdf/scripts/black-christmas-1974.pdf?v=1729114872
Black Panther,https://www.scriptslug.com/script/black-panther-2018,https://assets.scriptslug.com/live/pdf/scripts/black-panther-2018.pdf?v=1729114873
"Black Panther
Wakanda Forever",https://www.scriptslug.com/script/black-panther-wakanda-forever-2022,https://assets.scriptslug.com/live/pdf/scripts/black-panther-wakanda-forever-2022.pdf?v=1729114873
Black Swan,https://www.scriptslug.com/script/black-swan-2010,https://assets.scriptslug.com/live/pdf/scripts/black-swan-2010.pdf?v=1729114873
BlackBerry,https://www.scriptslug.com/script/blackberry-2023,https://assets.scriptslug.com/live/pdf/scripts/blackberry-2023.pdf?v=1729114873
BlacKkKlansman,https://www.scriptslug.com/script/blackkklansman-2018,https://assets.scriptslug.com/live/pdf/scripts/blackkkklansman-2018.pdf?v=1729114873
Blade,https://www.scriptslug.com/script/blade-1998,https://assets.scriptslug.com/live/pdf/scripts/blade-1998.pdf?v=1729114873
Blade Runner,https://www.scriptslug.com/script/blade-runner-1982,https://assets.scriptslug.com/live/pdf/scripts/blade-runner-1982.pdf?v=1729114873
Blade Runner 2049,https://www.scriptslug.com/script/blade-runner-2049-2017,https://assets.scriptslug.com/live/pdf/scripts/blade-runner-2049.pdf?v=1729114873
Blades of Glory,https://www.scriptslug.com/script/blades-of-glory-2007,https://assets.scriptslug.com/live/pdf/scripts/blades-of-glory-2007.pdf?v=1729114874
Blankman,https://www.scriptslug.com/script/blankman-1994,https://assets.scriptslug.com/live/pdf/scripts/blankman-1994.pdf?v=1729114874
Blazing Saddles,https://www.scriptslug.com/script/blazing-saddles-1974,https://assets.scriptslug.com/live/pdf/scripts/blazing-saddles-1974.pdf?v=1729114874
Blindspotting,https://www.scriptslug.com/script/blindspotting-2018,https://assets.scriptslug.com/live/pdf/scripts/blindspotting-2018.pdf?v=1729114874
The Bling Ring,https://www.scriptslug.com/script/the-bling-ring-2013,https://assets.scriptslug.com/live/pdf/scripts/bling-ring-2013.pdf?v=1729114874
Blink Twice,https://www.scriptslug.com/script/blink-twice-2024,https://assets.scriptslug.com/live/pdf/scripts/blink-twice-2024.pdf?v=1735776411
Blitz,https://www.scriptslug.com/script/blitz-2024,https://assets.scriptslug.com/live/pdf/scripts/blitz-2024.pdf?v=1735777422
The Blob,https://www.scriptslug.com/script/the-blob-1988,https://assets.scriptslug.com/live/pdf/scripts/the-blob-1988.pdf?v=1729115009
Blonde,https://www.scriptslug.com/script/blonde-2022,https://assets.scriptslug.com/live/pdf/scripts/blonde-2022.pdf?v=1729114874
Blood Diamond,https://www.scriptslug.com/script/blood-diamond-2006,https://assets.scriptslug.com/live/pdf/scripts/blood-diamond-2006.pdf?v=1729114874
Bloodshot,https://www.scriptslug.com/script/bloodshot-2020,https://assets.scriptslug.com/live/pdf/scripts/bloodshot-2020.pdf?v=1729114874
Blue Jasmine,https://www.scriptslug.com/script/blue-jasmine-2013,https://assets.scriptslug.com/live/pdf/scripts/blue-jasmine-2013.pdf?v=1729114874
Blue Ruin,https://www.scriptslug.com/script/blue-ruin-2013,https://assets.scriptslug.com/live/pdf/scripts/blue-ruin-2013.pdf?v=1729114874
Blue Valentine,https://www.scriptslug.com/script/blue-valentine-2010,https://assets.scriptslug.com/live/pdf/scripts/blue-valentine-2010.pdf?v=1729114875
Blue Velvet,https://www.scriptslug.com/script/blue-velvet-1986,https://assets.scriptslug.com/live/pdf/scripts/blue-velvet-1986.pdf?v=1729114875
The Blues Brothers,https://www.scriptslug.com/script/the-blues-brothers-1980,https://assets.scriptslug.com/live/pdf/scripts/the-blues-brothers-1980.pdf?v=1729115009
Body Heat,https://www.scriptslug.com/script/body-heat-1981,https://assets.scriptslug.com/live/pdf/scripts/body-heat-1981.pdf?v=1729114875
The Bodyguard,https://www.scriptslug.com/script/the-bodyguard-1992,https://assets.scriptslug.com/live/pdf/scripts/the-bodyguard-1992.pdf?v=1729115009
Bohemian Rhapsody,https://www.scriptslug.com/script/bohemian-rhapsody-2018,https://assets.scriptslug.com/live/pdf/scripts/bohemian-rhapsody-2018.pdf?v=1729114875
Bones and All,https://www.scriptslug.com/script/bones-and-all-2022,https://assets.scriptslug.com/live/pdf/scripts/bones-and-all-2022.pdf?v=1729114875
The Bonfire of the Vanities,https://www.scriptslug.com/script/the-bonfire-of-the-vanities-1990,https://assets.scriptslug.com/live/pdf/scripts/the-bonfire-of-the-vanities-1990.pdf?v=1729115009
Boogie Nights,https://www.scriptslug.com/script/boogie-nights-1997,https://assets.scriptslug.com/live/pdf/scripts/boogie-nights-1997.pdf?v=1729114875
Booksmart,https://www.scriptslug.com/script/booksmart-2019,https://assets.scriptslug.com/live/pdf/scripts/booksmart-2019.pdf?v=1729114875
Bookworm,https://www.scriptslug.com/script/bookworm-2024,https://assets.scriptslug.com/live/pdf/scripts/bookworm-2024.pdf?v=1738547432
Boomerang,https://www.scriptslug.com/script/boomerang-1992,https://assets.scriptslug.com/live/pdf/scripts/boomerang-1992.pdf?v=1729114875
The Boondock Saints,https://www.scriptslug.com/script/the-boondock-saints-1999,https://assets.scriptslug.com/live/pdf/scripts/boondock-saints-1999.pdf?v=1729114876
"The Boondock Saints II
All Saints Day",https://www.scriptslug.com/script/the-boondock-saints-ii-all-saints-day-2009,https://assets.scriptslug.com/live/pdf/scripts/the-boondock-saints-ii-all-saints-day-2009.pdf?v=1729115010
Booty Call,https://www.scriptslug.com/script/booty-call-1997,https://assets.scriptslug.com/live/pdf/scripts/booty-call-1997.pdf?v=1729114876
Borat Subsequent Moviefilm,https://www.scriptslug.com/script/borat-subsequent-moviefilm-2020,https://assets.scriptslug.com/live/pdf/scripts/borat-subsequent-moviefilm-2020.pdf?v=1729114876
Born on the Fourth of July,https://www.scriptslug.com/script/born-on-the-fourth-of-july-1989,https://assets.scriptslug.com/live/pdf/scripts/born-on-the-fourth-of-july-1989.pdf?v=1729114876
The Boss Baby Family Business,https://www.scriptslug.com/script/the-boss-baby-family-business-2021,https://assets.scriptslug.com/live/pdf/scripts/the-boss-baby-family-business-2021.pdf?v=1729115010
Bottoms,https://www.scriptslug.com/script/bottoms-2023,https://assets.scriptslug.com/live/pdf/scripts/bottoms-2023.pdf?v=1729114876
Bound,https://www.scriptslug.com/script/bound-1996,https://assets.scriptslug.com/live/pdf/scripts/bound-1996.pdf?v=1729114876
The Bourne Identity,https://www.scriptslug.com/script/the-bourne-identity-2002,https://assets.scriptslug.com/live/pdf/scripts/the-bourne-identity-2002.pdf?v=1729115010
The Bourne Supremacy,https://www.scriptslug.com/script/the-bourne-supremacy-2004,https://assets.scriptslug.com/live/pdf/scripts/the-bourne-supremacy-2004.pdf?v=1729115010
The Bourne Ultimatum,https://www.scriptslug.com/script/the-bourne-ultimatum-2007,https://assets.scriptslug.com/live/pdf/scripts/the-bourne-ultimatum-2007.pdf?v=1729115010
Bowfinger,https://www.scriptslug.com/script/bowfinger-1999,https://assets.scriptslug.com/live/pdf/scripts/bowfinger-1999.pdf?v=1729114876
The Boxtrolls,https://www.scriptslug.com/script/the-boxtrolls-2014,https://assets.scriptslug.com/live/pdf/scripts/the-boxtrolls-2014.pdf?v=1729115010
The Boy,https://www.scriptslug.com/script/the-boy-2016,https://assets.scriptslug.com/live/pdf/scripts/the-boy-2016.pdf?v=1729115010
Boy Erased,https://www.scriptslug.com/script/boy-erased-2018,https://assets.scriptslug.com/live/pdf/scripts/boy-erased-2018.pdf?v=1729114876
Boyhood,https://www.scriptslug.com/script/boyhood-2014,https://assets.scriptslug.com/live/pdf/scripts/boyhood-2014.pdf?v=1729114876
Boyz in the Hood,https://www.scriptslug.com/script/boyz-in-the-hood-1991,https://assets.scriptslug.com/live/pdf/scripts/boyz-in-the-hood-1991.pdf?v=1729114877
Brad's Status,https://www.scriptslug.com/script/brads-status-2017,https://assets.scriptslug.com/live/pdf/scripts/brads-status-2017.pdf?v=1729114877
The Brady Bunch Movie,https://www.scriptslug.com/script/the-brady-bunch-movie-1995,https://assets.scriptslug.com/live/pdf/scripts/the-brady-bunch-movie-1995.pdf?v=1729115010
Bram Stoker's Dracula,https://www.scriptslug.com/script/bram-stokers-dracula-1992,https://assets.scriptslug.com/live/pdf/scripts/bram-stokers-dracula-1992.pdf?v=1729114877
Braveheart,https://www.scriptslug.com/script/braveheart-1995,https://assets.scriptslug.com/live/pdf/scripts/braveheart-1995.pdf?v=1729114877
Breach,https://www.scriptslug.com/script/breach-2007,https://assets.scriptslug.com/live/pdf/scripts/breach-2007.pdf?v=1729114877
The Breakfast Club,https://www.scriptslug.com/script/the-breakfast-club-1985,https://assets.scriptslug.com/live/pdf/scripts/the-breakfast-club-1985.pdf?v=1729115010
Breaking Away,https://www.scriptslug.com/script/breaking-away-1979,https://assets.scriptslug.com/live/pdf/scripts/breaking-away-1979.pdf?v=1729114877
Breathe,https://www.scriptslug.com/script/breathe-2017,https://assets.scriptslug.com/live/pdf/scripts/breathe-2017.pdf?v=1729114878
Brick,https://www.scriptslug.com/script/brick-2005,https://assets.scriptslug.com/live/pdf/scripts/brick-2005.pdf?v=1729114878
Bride of Chucky,https://www.scriptslug.com/script/bride-of-chucky-1998,https://assets.scriptslug.com/live/pdf/scripts/bride-of-chucky-1998.pdf?v=1729114879
Bridesmaids,https://www.scriptslug.com/script/bridesmaids-2011,https://assets.scriptslug.com/live/pdf/scripts/bridesmaids-2011.pdf?v=1729114879
Bridge of Spies,https://www.scriptslug.com/script/bridge-of-spies-2015,https://assets.scriptslug.com/live/pdf/scripts/bridge-of-spies-2015.pdf?v=1729114879
Bridget Jone's Diary,https://www.scriptslug.com/script/bridget-jones-diary-2001,https://assets.scriptslug.com/live/pdf/scripts/bridget-jones-diary-2001.pdf?v=1729114879
Bridget Jones's Baby,https://www.scriptslug.com/script/bridget-joness-baby-2016,https://assets.scriptslug.com/live/pdf/scripts/bridget-joness-baby-2016.pdf?v=1729114879
Bright,https://www.scriptslug.com/script/bright-2017,https://assets.scriptslug.com/live/pdf/scripts/bright-2017.pdf?v=1729114879
Brightburn,https://www.scriptslug.com/script/brightburn-2019,https://assets.scriptslug.com/live/pdf/scripts/brightburn-2019.pdf?v=1729114879
Broadcast News,https://www.scriptslug.com/script/broadcast-news-1987,https://assets.scriptslug.com/live/pdf/scripts/broadcast-new-1987.pdf?v=1729114879
Brokeback Mountain,https://www.scriptslug.com/script/brokeback-mountain-2005,https://assets.scriptslug.com/live/pdf/scripts/brokeback-mountain-2005.pdf?v=1729114879
Broken Arrow,https://www.scriptslug.com/script/broken-arrow-1996,https://assets.scriptslug.com/live/pdf/scripts/broken-arrow-1996.pdf?v=1729114880
Brooklyn,https://www.scriptslug.com/script/brooklyn-2015,https://assets.scriptslug.com/live/pdf/scripts/brooklyn-2015.pdf?v=1729114880
The Brothers Bloom,https://www.scriptslug.com/script/the-brothers-bloom-2008,https://assets.scriptslug.com/live/pdf/scripts/the-brothers-bloom-2008.pdf?v=1729115011
The Brutalist,https://www.scriptslug.com/script/the-brutalist-2024,https://assets.scriptslug.com/live/pdf/scripts/the-brutalist-2024.pdf?v=1738462790
Buffy the Vampire Slayer,https://www.scriptslug.com/script/buffy-the-vampire-slayer-1992,https://assets.scriptslug.com/live/pdf/scripts/buffy-the-vampire-slayer-1992.pdf?v=1729114880
The 'Burbs,https://www.scriptslug.com/script/the-burbs-1989,https://assets.scriptslug.com/live/pdf/scripts/the-burbs-1989.pdf?v=1729115011
The Burial,https://www.scriptslug.com/script/the-burial-2023,https://assets.scriptslug.com/live/pdf/scripts/the-burial-2023.pdf?v=1729115011
Buried,https://www.scriptslug.com/script/buried-2010,https://assets.scriptslug.com/live/pdf/scripts/buried-2010.pdf?v=1729114880
Burn After Reading,https://www.scriptslug.com/script/burn-after-reading-2008,https://assets.scriptslug.com/live/pdf/scripts/burn-after-reading-2008.pdf?v=1729114880
Burnt,https://www.scriptslug.com/script/burnt-2015,https://assets.scriptslug.com/live/pdf/scripts/burnt-2015.pdf?v=1729114880
Butch Cassidy and the Sundance Kid,https://www.scriptslug.com/script/butch-cassidy-and-the-sundance-kid-1968,https://assets.scriptslug.com/live/pdf/scripts/butch-cassidy-and-the-sundance-kid-1969.pdf?v=1729114880
The Cabin in the Woods,https://www.scriptslug.com/script/the-cabin-in-the-woods-2012,https://assets.scriptslug.com/live/pdf/scripts/the-cabin-in-the-woods-2012.pdf?v=1729114881
Caddyshack,https://www.scriptslug.com/script/caddyshack-1980,https://assets.scriptslug.com/live/pdf/scripts/caddyshack-1980.pdf?v=1729114881
Call Me By Your Name,https://www.scriptslug.com/script/call-me-by-your-name-2017,https://assets.scriptslug.com/live/pdf/scripts/call-me-by-your-name-2017.pdf?v=1729114881
Can You Ever Forgive Me?,https://www.scriptslug.com/script/can-you-ever-forgive-me-2018,https://assets.scriptslug.com/live/pdf/scripts/can-you-ever-forgive-me-2018.pdf?v=1729114882
Candyman,https://www.scriptslug.com/script/candyman-1992,https://assets.scriptslug.com/live/pdf/scripts/candyman-1992.pdf?v=1729114882
Candyman,https://www.scriptslug.com/script/candyman-2021,https://assets.scriptslug.com/live/pdf/scripts/candyman-2021.pdf?v=1729114882
Cape Fear,https://www.scriptslug.com/script/cape-fear-1962,https://assets.scriptslug.com/live/pdf/scripts/cape-fear-1962.pdf?v=1729114882
Capharnaum,https://www.scriptslug.com/script/capharnaum-2018,https://assets.scriptslug.com/live/pdf/scripts/capharnaum-2018.pdf?v=1729114882
Capote,https://www.scriptslug.com/script/capote-2005,https://assets.scriptslug.com/live/pdf/scripts/capote-2005.pdf?v=1729114882
"Captain America
The First Avenger",https://www.scriptslug.com/script/captain-america-the-first-avenger-2011,https://assets.scriptslug.com/live/pdf/scripts/captain-america-the-first-avenger-20.pdf?v=1729114882
Captain Fantastic,https://www.scriptslug.com/script/captain-fantastic-2016,https://assets.scriptslug.com/live/pdf/scripts/captain-fantastic-2016.pdf?v=1729114882
Car Wash,https://www.scriptslug.com/script/car-wash-1976,https://assets.scriptslug.com/live/pdf/scripts/car-wash-1976.pdf?v=1729114882
The Card Counter,https://www.scriptslug.com/script/the-card-counter-2021,https://assets.scriptslug.com/live/pdf/scripts/the-card-counter-2021.pdf?v=1729115011
Carlito's Way,https://www.scriptslug.com/script/carlitos-way-1993,https://assets.scriptslug.com/live/pdf/scripts/carlitos-way-1993.pdf?v=1729114882
Carnage,https://www.scriptslug.com/script/carnage-2011,https://assets.scriptslug.com/live/pdf/scripts/carnage-2011.pdf?v=1729114883
Carol,https://www.scriptslug.com/script/carol-2015,https://assets.scriptslug.com/live/pdf/scripts/carol-2015.pdf?v=1729114883
Carrie,https://www.scriptslug.com/script/carrie-1976,https://assets.scriptslug.com/live/pdf/scripts/carrie-1976.pdf?v=1729114883
Casablanca,https://www.scriptslug.com/script/casablanca-1942,https://assets.scriptslug.com/live/pdf/scripts/casablanca-1942.pdf?v=1729114883
Casino,https://www.scriptslug.com/script/casino-1995,https://assets.scriptslug.com/live/pdf/scripts/casino-1995.pdf?v=1729114883
Casino Royale,https://www.scriptslug.com/script/casino-royale-2006,https://assets.scriptslug.com/live/pdf/scripts/casino-royale-2006_180309_060624.pdf?v=1729115069
Casper,https://www.scriptslug.com/script/casper-1995,https://assets.scriptslug.com/live/pdf/scripts/casper-1995.pdf?v=1729114883
Cassandro,https://www.scriptslug.com/script/cassandro-2023,https://assets.scriptslug.com/live/pdf/scripts/cassandro-2023.pdf?v=1729114883
Cast Away,https://www.scriptslug.com/script/cast-away-2000,https://assets.scriptslug.com/live/pdf/scripts/cast-away-2000.pdf?v=1729114883
Catch Me If You Can,https://www.scriptslug.com/script/catch-me-if-you-can-2002,https://assets.scriptslug.com/live/pdf/scripts/catch-me-if-you-can-2002.pdf?v=1729114884
Catherine Called Birdy,https://www.scriptslug.com/script/catherine-called-birdy-2022,https://assets.scriptslug.com/live/pdf/scripts/catherine-called-birdy-2022.pdf?v=1729114884
CB4,https://www.scriptslug.com/script/cb4-1993,https://assets.scriptslug.com/live/pdf/scripts/cb4-1993.pdf?v=1729114884
Challengers,https://www.scriptslug.com/script/challengers-2024,https://assets.scriptslug.com/live/pdf/scripts/challengers-2024.pdf?v=1735776661
Chaplin,https://www.scriptslug.com/script/chaplin-1992,https://assets.scriptslug.com/live/pdf/scripts/chaplin-1992.pdf?v=1729114884
Chariots of Fire,https://www.scriptslug.com/script/chariots-of-fire-1981,https://assets.scriptslug.com/live/pdf/scripts/chariots-of-fire-1981.pdf?v=1729114884
Charlie and the Chocolate Factory,https://www.scriptslug.com/script/charlie-and-the-chocolate-factory-2005,https://assets.scriptslug.com/live/pdf/scripts/charlie-and-the-choclate-factory-2005.pdf?v=1729114884
Charlie Bartlett,https://www.scriptslug.com/script/charlie-bartlett-2007,https://assets.scriptslug.com/live/pdf/scripts/charlie-bartlett-2007.pdf?v=1729114884
Charlie Wilson's War,https://www.scriptslug.com/script/charlie-wilsons-war-2007,https://assets.scriptslug.com/live/pdf/scripts/charlie-wilsons-war-2007.pdf?v=1729114885
Chasing Amy,https://www.scriptslug.com/script/chasing-amy-1997,https://assets.scriptslug.com/live/pdf/scripts/chasing-amy-1997.pdf?v=1729114885
Chef,https://www.scriptslug.com/script/chef-2015,https://assets.scriptslug.com/live/pdf/scripts/chef-2015.pdf?v=1729114885
Cherry,https://www.scriptslug.com/script/cherry-2021,https://assets.scriptslug.com/live/pdf/scripts/cherry-2021.pdf?v=1729114885
Children of Men,https://www.scriptslug.com/script/children-of-men-2006,https://assets.scriptslug.com/live/pdf/scripts/children-of-men-2006.pdf?v=1729114886
The Children of the Corn,https://www.scriptslug.com/script/the-children-of-the-corn-1984,https://assets.scriptslug.com/live/pdf/scripts/the-children-of-the-corn-1984.pdf?v=1729115011
Child's Play,https://www.scriptslug.com/script/childs-play-1988,https://assets.scriptslug.com/live/pdf/scripts/childs-play-1988.pdf?v=1729114886
Chinatown,https://www.scriptslug.com/script/chinatown-1974,https://assets.scriptslug.com/live/pdf/scripts/chinatown-1974.pdf?v=1729114886
Christine,https://www.scriptslug.com/script/christine-1983,https://assets.scriptslug.com/live/pdf/scripts/christine-1983.pdf?v=1729114886
Christmas at Pee-wee's Playhouse,https://www.scriptslug.com/script/christmas-at-pee-wees-playhouse-1988,https://assets.scriptslug.com/live/pdf/scripts/christmas-at-pee-wees-playhouse-1988.pdf?v=1729114886
A Christmas Story,https://www.scriptslug.com/script/a-christmas-story-1983,https://assets.scriptslug.com/live/pdf/scripts/a-christmas-story-1983.pdf?v=1729114851
Chronicle,https://www.scriptslug.com/script/chronicle-2012,https://assets.scriptslug.com/live/pdf/scripts/chronicle-2012.pdf?v=1729114886
Cinderella Man,https://www.scriptslug.com/script/cinderella-man-2005,https://assets.scriptslug.com/live/pdf/scripts/cinderella-man-2005.pdf?v=1729114886
Citizen Kane,https://www.scriptslug.com/script/citizen-kane-1941,https://assets.scriptslug.com/live/pdf/scripts/citizen-kane-1941.pdf?v=1729114886
The Civil Dead,https://www.scriptslug.com/script/the-civil-dead-2022,https://assets.scriptslug.com/live/pdf/scripts/the-civil-dead-2022.pdf?v=1729115011
Clear and Present Danger,https://www.scriptslug.com/script/clear-and-present-danger-1994,https://assets.scriptslug.com/live/pdf/scripts/clear-and-present-danger-1994.pdf?v=1729114886
Clerks,https://www.scriptslug.com/script/clerks-1994,https://assets.scriptslug.com/live/pdf/scripts/clerks-1994.pdf?v=1729114887
Clerks II,https://www.scriptslug.com/script/clerks-ii-2006,https://assets.scriptslug.com/live/pdf/scripts/clearks-ii-2006.pdf?v=1729114887
Clockers,https://www.scriptslug.com/script/clockers-1995,https://assets.scriptslug.com/live/pdf/scripts/clockers-1995.pdf?v=1729114887
A Clockwork Orange,https://www.scriptslug.com/script/a-clockwork-orange-1971,https://assets.scriptslug.com/live/pdf/scripts/a-clockwork-orange-1971.pdf?v=1729114851
Close Encounters of the Third Kind,https://www.scriptslug.com/script/close-encounters-of-the-third-kind-1977,https://assets.scriptslug.com/live/pdf/scripts/close-encounters-of-the-third-kind-1977.pdf?v=1729114887
Cloud Atlas,https://www.scriptslug.com/script/cloud-atlas-2012,https://assets.scriptslug.com/live/pdf/scripts/cloud-atlas-2012.pdf?v=1729114887
Cloverfield,https://www.scriptslug.com/script/cloverfield-2008,https://assets.scriptslug.com/live/pdf/scripts/cloverfield-2008.pdf?v=1729114887
Clue,https://www.scriptslug.com/script/clue-1985,https://assets.scriptslug.com/live/pdf/scripts/clue-1985.pdf?v=1729114887
C'mon C'mon,https://www.scriptslug.com/script/cmon-cmon-2021,https://assets.scriptslug.com/live/pdf/scripts/cmon-cmon-2021.pdf?v=1729114887
Coco,https://www.scriptslug.com/script/coco-2017,https://assets.scriptslug.com/live/pdf/scripts/coco-2017.pdf?v=1729114888
Cocoon,https://www.scriptslug.com/script/cocoon-1985,https://assets.scriptslug.com/live/pdf/scripts/cocoon-1985.pdf?v=1729114888
CODA,https://www.scriptslug.com/script/coda-2021,https://assets.scriptslug.com/live/pdf/scripts/coda-2021.pdf?v=1729114888
Cold Mountain,https://www.scriptslug.com/script/cold-mountain-2003,https://assets.scriptslug.com/live/pdf/scripts/cold-mountain-2003.pdf?v=1729114888
Colette,https://www.scriptslug.com/script/colette-2018,https://assets.scriptslug.com/live/pdf/scripts/colette-2018.pdf?v=1729114888
Collateral,https://www.scriptslug.com/script/collateral-2004,https://assets.scriptslug.com/live/pdf/scripts/collateral-2004.pdf?v=1729114888
Color of Night,https://www.scriptslug.com/script/color-of-night-1994,https://assets.scriptslug.com/live/pdf/scripts/color-of-night-1994.pdf?v=1729114888
The Color Purple,https://www.scriptslug.com/script/the-color-purple-1985,https://assets.scriptslug.com/live/pdf/scripts/the-color-purple-1985.pdf?v=1729115011
The Color Purple,https://www.scriptslug.com/script/the-color-purple-2023,https://assets.scriptslug.com/live/pdf/scripts/the-color-purple-2023.pdf?v=1729115011
Come to Daddy,https://www.scriptslug.com/script/come-to-daddy-2019,https://assets.scriptslug.com/live/pdf/scripts/come-to-daddy-2020.pdf?v=1729114889
The Comedian,https://www.scriptslug.com/script/the-comedian-2016,https://assets.scriptslug.com/live/pdf/scripts/the-comedian-2016.pdf?v=1729115011
Coming Home,https://www.scriptslug.com/script/coming-home-1978,https://assets.scriptslug.com/live/pdf/scripts/coming-home-1978.pdf?v=1729114889
Coming to America,https://www.scriptslug.com/script/coming-to-america-1988,https://assets.scriptslug.com/live/pdf/scripts/coming-to-america-1988.pdf?v=1729114889
Commando,https://www.scriptslug.com/script/commando-1985,https://assets.scriptslug.com/live/pdf/scripts/commando-1985.pdf?v=1729114889
A Complete Unknown,https://www.scriptslug.com/script/a-complete-unknown-2024,https://assets.scriptslug.com/live/pdf/scripts/a-complete-unknown-2024.pdf?v=1738463523
Con Air,https://www.scriptslug.com/script/con-air-1997,https://assets.scriptslug.com/live/pdf/scripts/con-air-1997.pdf?v=1729114889
Conclave,https://www.scriptslug.com/script/conclave-2024,https://assets.scriptslug.com/live/pdf/scripts/conclave-2024.pdf?v=1738463617
Coneheads,https://www.scriptslug.com/script/coneheads-1993,https://assets.scriptslug.com/live/pdf/scripts/conheads-1993.pdf?v=1729114890
The Conjuring,https://www.scriptslug.com/script/the-conjuring-2013,https://assets.scriptslug.com/live/pdf/scripts/the-conjuring-2013.pdf?v=1729115012
Constantine,https://www.scriptslug.com/script/constantine-2005,https://assets.scriptslug.com/live/pdf/scripts/constantine-2005.pdf?v=1729114890
Contact,https://www.scriptslug.com/script/contact-1997,https://assets.scriptslug.com/live/pdf/scripts/contact-1997.pdf?v=1729114890
Contagion,https://www.scriptslug.com/script/contagion-2011,https://assets.scriptslug.com/live/pdf/scripts/contagion-2011.pdf?v=1729114890
The Conversation,https://www.scriptslug.com/script/the-conversation-1974,https://assets.scriptslug.com/live/pdf/scripts/the-conversation-1974.pdf?v=1729115012
Cool Hand Luke,https://www.scriptslug.com/script/cool-hand-luke-1967,https://assets.scriptslug.com/live/pdf/scripts/cool-hand-luke-1967.pdf?v=1729114890
Cool Runnings,https://www.scriptslug.com/script/cool-runnings-1993,https://assets.scriptslug.com/live/pdf/scripts/cool-runnings-1993.pdf?v=1729114890
Copycat,https://www.scriptslug.com/script/copycat-1995,https://assets.scriptslug.com/live/pdf/scripts/copycat-1995.pdf?v=1729114890
Coraline,https://www.scriptslug.com/script/coraline-2009,https://assets.scriptslug.com/live/pdf/scripts/coraline-2009.pdf?v=1729114890
Corpse Bride,https://www.scriptslug.com/script/corpse-bride-2005,https://assets.scriptslug.com/live/pdf/scripts/corpse-bride-2005.pdf?v=1729114891
The Cotton Club,https://www.scriptslug.com/script/the-cotton-club-1984,https://assets.scriptslug.com/live/pdf/scripts/the-cotton-club-1984.pdf?v=1729115012
Courage Under Fire,https://www.scriptslug.com/script/courage-under-fire-1996,https://assets.scriptslug.com/live/pdf/scripts/courage-under-fire-1996.pdf?v=1729114891
The Craft,https://www.scriptslug.com/script/the-craft-1996,https://assets.scriptslug.com/live/pdf/scripts/the-craft-1996.pdf?v=1729115012
Crash,https://www.scriptslug.com/script/crash-2004,https://assets.scriptslug.com/live/pdf/scripts/crash-2004.pdf?v=1729114891
Crawl,https://www.scriptslug.com/script/crawl-2019,https://assets.scriptslug.com/live/pdf/scripts/crawl-2019.pdf?v=1729114891
Crazy Rich Asians,https://www.scriptslug.com/script/crazy-rich-asians-2018,https://assets.scriptslug.com/live/pdf/scripts/crazy-rich-asians-2018.pdf?v=1729114891
"Crazy, Stupid, Love.",https://www.scriptslug.com/script/crazy-stupid-love-2011,https://assets.scriptslug.com/live/pdf/scripts/crazy-stupid-love-2011.pdf?v=1729114891
Creed,https://www.scriptslug.com/script/creed-2015,https://assets.scriptslug.com/live/pdf/scripts/creed-2015.pdf?v=1729114891
Creed II,https://www.scriptslug.com/script/creed-ii-2018,https://assets.scriptslug.com/live/pdf/scripts/creed-ii-2018.pdf?v=1729114891
Creed III,https://www.scriptslug.com/script/creed-iii-2023,https://assets.scriptslug.com/live/pdf/scripts/creed-iii-2023.pdf?v=1729114891
Crimson Peak,https://www.scriptslug.com/script/crimson-peak-2015,https://assets.scriptslug.com/live/pdf/scripts/crimson-peak-2015.pdf?v=1729114891
Critters,https://www.scriptslug.com/script/critters-1986,https://assets.scriptslug.com/live/pdf/scripts/critters-1986.pdf?v=1729114892
The Crow,https://www.scriptslug.com/script/the-crow-1994,https://assets.scriptslug.com/live/pdf/scripts/the-crow-1994.pdf?v=1729115012
The Curious Case of Benjamin Button,https://www.scriptslug.com/script/the-curious-case-of-benjamin-button-2008,https://assets.scriptslug.com/live/pdf/scripts/the-curious-case-of-benjamin-button-2008.pdf?v=1729115012
Curly Sue,https://www.scriptslug.com/script/curly-sue-1991,https://assets.scriptslug.com/live/pdf/scripts/curly-sue-1991.pdf?v=1729114892
The Cutting Edge,https://www.scriptslug.com/script/the-cutting-edge-1992,https://assets.scriptslug.com/live/pdf/scripts/the-cutting-edge-1992.pdf?v=1729115012
Cyrano,https://www.scriptslug.com/script/cyrano-2022,https://assets.scriptslug.com/live/pdf/scripts/cyrano-2022.pdf?v=1729114892
"D2
The Mighty Ducks",https://www.scriptslug.com/script/d2-the-mighty-ducks-1994,https://assets.scriptslug.com/live/pdf/scripts/d2-the-mighty-ducks-1994.pdf?v=1729114892
"D3
The Mighty Ducks",https://www.scriptslug.com/script/d3-the-mighty-ducks-1996,https://assets.scriptslug.com/live/pdf/scripts/d3-the-mighty-ducks-1996.pdf?v=1729114892
Da 5 Bloods,https://www.scriptslug.com/script/da-5-bloods-2020,https://assets.scriptslug.com/live/pdf/scripts/da-5-bloods-2020.pdf?v=1729114892
Dallas Buyer's Club,https://www.scriptslug.com/script/dallas-buyers-club-2013,https://assets.scriptslug.com/live/pdf/scripts/dallas-buyers-club-2013.pdf?v=1729114892
Dances with Wolves,https://www.scriptslug.com/script/dances-with-wolves-1990,https://assets.scriptslug.com/live/pdf/scripts/dances-with-wolves-1990.pdf?v=1729114892
The Danish Girl,https://www.scriptslug.com/script/the-danish-girl-2015,https://assets.scriptslug.com/live/pdf/scripts/the-danish-girl-2015.pdf?v=1729115012
Daredevil,https://www.scriptslug.com/script/daredevil-2003,https://assets.scriptslug.com/live/pdf/scripts/daredevil-2003.pdf?v=1729114892
Dark City,https://www.scriptslug.com/script/dark-city-1998,https://assets.scriptslug.com/live/pdf/scripts/dark-city-1998.pdf?v=1729114893
The Dark Knight,https://www.scriptslug.com/script/the-dark-knight-2008,https://assets.scriptslug.com/live/pdf/scripts/the-dark-knight-2008.pdf?v=1729115013
The Dark Knight Rises,https://www.scriptslug.com/script/the-dark-knight-rises-2012,https://assets.scriptslug.com/live/pdf/scripts/the-dark-knight-rises-2012.pdf?v=1729115013
Darker Than Amber,https://www.scriptslug.com/script/darker-than-amber-1970,https://assets.scriptslug.com/live/pdf/scripts/darker-than-amber-1970.pdf?v=1729114893
Darkest Hour,https://www.scriptslug.com/script/darkest-hour-2017,https://assets.scriptslug.com/live/pdf/scripts/darkest-hour-2017.pdf?v=1729114893
Darkman,https://www.scriptslug.com/script/darkman-1990,https://assets.scriptslug.com/live/pdf/scripts/darkman-1990.pdf?v=1729114893
Dawn of the Dead,https://www.scriptslug.com/script/dawn-of-the-dead-2004,https://assets.scriptslug.com/live/pdf/scripts/dawn-of-the-dead-2004.pdf?v=1729114893
Dawn of the Planet of the Apes,https://www.scriptslug.com/script/dawn-of-the-planet-of-the-apes-2021,https://assets.scriptslug.com/live/pdf/scripts/dawn-of-the-planet-of-the-apes-2014.pdf?v=1729114893
Days of Heaven,https://www.scriptslug.com/script/days-of-heaven-1978,https://assets.scriptslug.com/live/pdf/scripts/days-of-heaven-1978.pdf?v=1729114893
Dazed and Confused,https://www.scriptslug.com/script/dazed-and-confused-1993,https://assets.scriptslug.com/live/pdf/scripts/dazed-and-confused-1993.pdf?v=1729114893
Dead Poets Society,https://www.scriptslug.com/script/dead-poets-society-1989,https://assets.scriptslug.com/live/pdf/scripts/dead-poets-society-1989.pdf?v=1729114893
The Dead Zone,https://www.scriptslug.com/script/the-dead-zone-1983,https://assets.scriptslug.com/live/pdf/scripts/the-dead-zone-1983.pdf?v=1729115013
Deadpool & Wolverine,https://www.scriptslug.com/script/deadpool-and-wolverine-2024,https://assets.scriptslug.com/live/pdf/scripts/deadpool-and-wolverine-2024.pdf?v=1738462441
Deadpool,https://www.scriptslug.com/script/deadpool-2016,https://assets.scriptslug.com/live/pdf/scripts/deadpool-2016.pdf?v=1729114893
Dear White People,https://www.scriptslug.com/script/dear-white-people-2014,https://assets.scriptslug.com/live/pdf/scripts/dear-white-people-2014.pdf?v=1729114894
Death at a Funeral,https://www.scriptslug.com/script/death-at-a-funeral-2007,https://assets.scriptslug.com/live/pdf/scripts/death-at-a-funeral-2007.pdf?v=1729114894
Death Becomes Her,https://www.scriptslug.com/script/death-becomes-her,https://assets.scriptslug.com/live/pdf/scripts/death-becomes-her-1992.pdf?v=1729114894
Death Note,https://www.scriptslug.com/script/death-note-2017,https://assets.scriptslug.com/live/pdf/scripts/death-note-2017.pdf?v=1729114894
Death Proof,https://www.scriptslug.com/script/death-proof-2007,https://assets.scriptslug.com/live/pdf/scripts/death-proof-2007.pdf?v=1729114894
Deep Star Six,https://www.scriptslug.com/script/deep-star-six-1989,https://assets.scriptslug.com/live/pdf/scripts/deep-star-six-1989.pdf?v=1729114895
The Deer Hunter,https://www.scriptslug.com/script/the-deer-hunter-1978,https://assets.scriptslug.com/live/pdf/scripts/the-deer-hunter-1978.pdf?v=1729115013
Demolition Man,https://www.scriptslug.com/script/demolition-man-1993,https://assets.scriptslug.com/live/pdf/scripts/demolition-man-1993.pdf?v=1729114895
Den of Thieves,https://www.scriptslug.com/script/den-of-thieves-2018,https://assets.scriptslug.com/live/pdf/scripts/den-of-thieves-2018.pdf?v=1729114895
Denial,https://www.scriptslug.com/script/denial-2016,https://assets.scriptslug.com/live/pdf/scripts/denial-2016.pdf?v=1729114895
The Departed,https://www.scriptslug.com/script/the-departed-2006,https://assets.scriptslug.com/live/pdf/scripts/the-departed-2006.pdf?v=1729115013
The Descendants,https://www.scriptslug.com/script/the-descendants-2011,https://assets.scriptslug.com/live/pdf/scripts/the-descendants-2011.pdf?v=1729115013
The Descent,https://www.scriptslug.com/script/the-descent-2005,https://assets.scriptslug.com/live/pdf/scripts/the-descent-2005.pdf?v=1729115013
Destroyer,https://www.scriptslug.com/script/destroyer-2018,https://assets.scriptslug.com/live/pdf/scripts/destroyer-2018.pdf?v=1729114895
The Devil Wears Prada,https://www.scriptslug.com/script/the-devil-wears-prada-2006,https://assets.scriptslug.com/live/pdf/scripts/the-devil-wears-prada-2006.pdf?v=1729115013
The Devil's Advocate,https://www.scriptslug.com/script/the-devils-advocate-1997,https://assets.scriptslug.com/live/pdf/scripts/the-devils-advocate-1997.pdf?v=1729115013
The Devil's Rejects,https://www.scriptslug.com/script/the-devils-rejects-2005,https://assets.scriptslug.com/live/pdf/scripts/the-devils-rejects-2005.pdf?v=1729115014
Die Hard,https://www.scriptslug.com/script/die-hard-1988,https://assets.scriptslug.com/live/pdf/scripts/die-hard-1988.pdf?v=1729114895
Die Hard 2,https://www.scriptslug.com/script/die-hard-2-1990,https://assets.scriptslug.com/live/pdf/scripts/die-hard-2-1990.pdf?v=1729114896
Die Hard with a Vengeance,https://www.scriptslug.com/script/die-hard-with-a-vengeance-1995,https://assets.scriptslug.com/live/pdf/scripts/die-hard-with-a-vengeance-1995.pdf?v=1729114896
Dinner for Schmucks,https://www.scriptslug.com/script/dinner-for-schmucks-2010,https://assets.scriptslug.com/live/pdf/scripts/dinner-for-schmucks-2010.pdf?v=1729114896
Dirty Girl,https://www.scriptslug.com/script/dirty-girl-2010,https://assets.scriptslug.com/live/pdf/scripts/dirty-girl-2010.pdf?v=1729114896
Dirty Harry,https://www.scriptslug.com/script/dirty-harry-1971,https://assets.scriptslug.com/live/pdf/scripts/dirty-harry-1971.pdf?v=1729114896
The Disaster Artist,https://www.scriptslug.com/script/the-disaster-artist-2017,https://assets.scriptslug.com/live/pdf/scripts/the-disaster-artist-2017.pdf?v=1729115014
Disclosure,https://www.scriptslug.com/script/disclosure-1994,https://assets.scriptslug.com/live/pdf/scripts/disclosure-1994.pdf?v=1729114896
Disobedience,https://www.scriptslug.com/script/disobedience-2018,https://assets.scriptslug.com/live/pdf/scripts/disobedience-2018.pdf?v=1729114896
Disorderlies,https://www.scriptslug.com/script/disorderlies-1987,https://assets.scriptslug.com/live/pdf/scripts/disorderlies-1987.pdf?v=1729114896
Django Unchained,https://www.scriptslug.com/script/django-unchained-2012,https://assets.scriptslug.com/live/pdf/scripts/django-unchained-2012.pdf?v=1729114896
Do the Right Thing,https://www.scriptslug.com/script/do-the-right-thing-1989,https://assets.scriptslug.com/live/pdf/scripts/do-the-right-thing-1989.pdf?v=1729114896
Doctor Sleep,https://www.scriptslug.com/script/doctor-sleep-2019,https://assets.scriptslug.com/live/pdf/scripts/doctor-sleep-2019.pdf?v=1729114897
Doctor Zhivago,https://www.scriptslug.com/script/doctor-zhivago-1965,https://assets.scriptslug.com/live/pdf/scripts/doctor-zhivago-1965.pdf?v=1729114897
Dogma,https://www.scriptslug.com/script/dogma-1997,https://assets.scriptslug.com/live/pdf/scripts/dogma-1999.pdf?v=1729114897
Dolemite Is My Name,https://www.scriptslug.com/script/dolemite-is-my-name-2019,https://assets.scriptslug.com/live/pdf/scripts/dolemite-is-my-name-2019.pdf?v=1729114897
Dominion,https://www.scriptslug.com/script/dominion-2005,https://assets.scriptslug.com/live/pdf/scripts/dominion-2005.pdf?v=1729114897
Donnie Brasco,https://www.scriptslug.com/script/donnie-brasco-1997,https://assets.scriptslug.com/live/pdf/scripts/donnie-brasco-1997.pdf?v=1729114897
Donnie Darko,https://www.scriptslug.com/script/donnie-darko-2001,https://assets.scriptslug.com/live/pdf/scripts/donnie-darko-2001.pdf?v=1729114897
Don't Look Now,https://www.scriptslug.com/script/dont-look-now-1973,https://assets.scriptslug.com/live/pdf/scripts/dont-look-now-1973.pdf?v=1729114897
Don't Look Up,https://www.scriptslug.com/script/dont-look-up-2021,https://assets.scriptslug.com/live/pdf/scripts/dont-look-up-2021.pdf?v=1729114898
Don't Worry Darling,https://www.scriptslug.com/script/dont-worry-darling-2022,https://assets.scriptslug.com/live/pdf/scripts/dont-worry-darling-2022.pdf?v=1729114898
Doom,https://www.scriptslug.com/script/doom-2005,https://assets.scriptslug.com/live/pdf/scripts/doom-2005.pdf?v=1729114898
Dope,https://www.scriptslug.com/script/dope-2015,https://assets.scriptslug.com/live/pdf/scripts/dope-2015.pdf?v=1729114898
The Double,https://www.scriptslug.com/script/the-double-2013,https://assets.scriptslug.com/live/pdf/scripts/the-double-2013.pdf?v=1729115014
Doubt,https://www.scriptslug.com/script/doubt-2008,https://assets.scriptslug.com/live/pdf/scripts/doubt-2008.pdf?v=1729114898
Downhill,https://www.scriptslug.com/script/downhill-2020,https://assets.scriptslug.com/live/pdf/scripts/downhill-2020.pdf?v=1729114898
Downsizing,https://www.scriptslug.com/script/downsizing-2017,https://assets.scriptslug.com/live/pdf/scripts/downsizing-2017.pdf?v=1729114898
Downton Abbey,https://www.scriptslug.com/script/downton-abbey-2019,https://assets.scriptslug.com/live/pdf/scripts/downton-abbey-2019.pdf?v=1729114898
Dr. Horrible's Sing-Along Blog,https://www.scriptslug.com/script/dr-horribles-sing-along-blog-2008,https://assets.scriptslug.com/live/pdf/scripts/dr-horribles-sing-along-blog-2008.pdf?v=1729114898
Dr. No,https://www.scriptslug.com/script/dr-no-1962,https://assets.scriptslug.com/live/pdf/scripts/dr-no-1962.pdf?v=1729114899
"Dr. Strangelove or
How I Learned to Stop Worrying and Love the Bomb",https://www.scriptslug.com/script/dr-strangelove-or-how-i-learned-to-stop-worrying-and-love-the-bomb-1964,https://assets.scriptslug.com/live/pdf/scripts/dr-strangelove-or-how-i-learned-to-stop-worrying-and-love-the-bomb-1964.pdf?v=1729114899
Drag Me to Hell,https://www.scriptslug.com/script/drag-me-to-hell-2009,https://assets.scriptslug.com/live/pdf/scripts/drag-me-to-hell-2009.pdf?v=1729114899
Dragonheart,https://www.scriptslug.com/script/dragonheart-1996,https://assets.scriptslug.com/live/pdf/scripts/dragonheart-1996.pdf?v=1729114899
Dream Scenario,https://www.scriptslug.com/script/dream-scenario-2023,https://assets.scriptslug.com/live/pdf/scripts/dream-scenario-2023.pdf?v=1729114899
Dredd,https://www.scriptslug.com/script/dredd-2012,https://assets.scriptslug.com/live/pdf/scripts/dredd-2012.pdf?v=1729114899
Dressed to Kill,https://www.scriptslug.com/script/dressed-to-kill-1980,https://assets.scriptslug.com/live/pdf/scripts/dressed-to-kill-1980.pdf?v=1729114899
Drive,https://www.scriptslug.com/script/drive-2011,https://assets.scriptslug.com/live/pdf/scripts/drive-2011.pdf?v=1729114899
The Driver,https://www.scriptslug.com/script/the-driver-1978,https://assets.scriptslug.com/live/pdf/scripts/the-driver-1978.pdf?v=1729115014
Driving Miss Daisy,https://www.scriptslug.com/script/driving-miss-daisy-1989,https://assets.scriptslug.com/live/pdf/scripts/driving-miss-daisy-1989.pdf?v=1729114899
Dumb Money,https://www.scriptslug.com/script/dumb-money-2023,https://assets.scriptslug.com/live/pdf/scripts/dumb-money-2023.pdf?v=1729114900
Dune,https://www.scriptslug.com/script/dune-1984,https://assets.scriptslug.com/live/pdf/scripts/dune-1984.pdf?v=1729114900
Dune,https://www.scriptslug.com/script/dune-2021,https://assets.scriptslug.com/live/pdf/scripts/dune-2021.pdf?v=1729114900
Dunkirk,https://www.scriptslug.com/script/dunkirk-2017,https://assets.scriptslug.com/live/pdf/scripts/dunkirk-2017.pdf?v=1729114900
Duplicity,https://www.scriptslug.com/script/duplicity-2009,https://assets.scriptslug.com/live/pdf/scripts/duplicity-2009.pdf?v=1729114900
Dutch,https://www.scriptslug.com/script/dutch-1991,https://assets.scriptslug.com/live/pdf/scripts/dutch-1991.pdf?v=1729114900
Easy A,https://www.scriptslug.com/script/easy-a-2010,https://assets.scriptslug.com/live/pdf/scripts/easy-a-2010.pdf?v=1729114900
Ed Wood,https://www.scriptslug.com/script/ed-wood-1994,https://assets.scriptslug.com/live/pdf/scripts/ed-wood-1994.pdf?v=1729114900
Eddie the Eagle,https://www.scriptslug.com/script/eddie-the-eagle-2016,https://assets.scriptslug.com/live/pdf/scripts/eddie-the-eagle-2016.pdf?v=1729114901
The Edge of Seventeen,https://www.scriptslug.com/script/the-edge-of-seventeen-2016,https://assets.scriptslug.com/live/pdf/scripts/the-edge-of-seventeen-2016.pdf?v=1729115014
Edge of Tomorrow,https://www.scriptslug.com/script/edge-of-tomorrow-2014,https://assets.scriptslug.com/live/pdf/scripts/edge-of-tomorrow-2014.pdf?v=1729114901
Edward Scissorhands,https://www.scriptslug.com/script/edward-scissorhands-1990,https://assets.scriptslug.com/live/pdf/scripts/edward-scissorhands-1990.pdf?v=1729114901
Eighth Grade,https://www.scriptslug.com/script/eighth-grade-2018,https://assets.scriptslug.com/live/pdf/scripts/eighth-grade-2018.pdf?v=1729114901
Election,https://www.scriptslug.com/script/election-1999,https://assets.scriptslug.com/live/pdf/scripts/election-1999.pdf?v=1730829431
The Electrical Life of Louis Wain,https://www.scriptslug.com/script/the-electrical-life-of-louis-wain-2021,https://assets.scriptslug.com/live/pdf/scripts/the-electrical-life-of-louis-wain-2021.pdf?v=1729115014
Elemental,https://www.scriptslug.com/script/elemental-2023,https://assets.scriptslug.com/live/pdf/scripts/elemental-2023.pdf?v=1729114901
Elvis,https://www.scriptslug.com/script/elvis-2022,https://assets.scriptslug.com/live/pdf/scripts/elvis-2022.pdf?v=1729114901
Elysium,https://www.scriptslug.com/script/elysium-2013,https://assets.scriptslug.com/live/pdf/scripts/elysium-2013.pdf?v=1729114901
Emancipation,https://www.scriptslug.com/script/emancipation-2022,https://assets.scriptslug.com/live/pdf/scripts/emancipation-2023.pdf?v=1729114901
Emergency,https://www.scriptslug.com/script/emergency-2022,https://assets.scriptslug.com/live/pdf/scripts/emergency-2022.pdf?v=1729114902
Emilia Pérez,https://www.scriptslug.com/script/emilia-p%C3%A9rez-2024,https://assets.scriptslug.com/live/pdf/scripts/emilia-perez-2024.pdf?v=1738463837
Emma,https://www.scriptslug.com/script/emma-2020,https://assets.scriptslug.com/live/pdf/scripts/emma-2020.pdf?v=1729114902
Empire of Light,https://www.scriptslug.com/script/empire-of-light-2022,https://assets.scriptslug.com/live/pdf/scripts/empire-of-light-2022.pdf?v=1729114902
Encanto,https://www.scriptslug.com/script/encanto-2021,https://assets.scriptslug.com/live/pdf/scripts/encanto-2021.pdf?v=1729114902
Encounter,https://www.scriptslug.com/script/encounter-2021,https://assets.scriptslug.com/live/pdf/scripts/encounter-2021.pdf?v=1729114902
End of Watch,https://www.scriptslug.com/script/end-of-watch-2012,https://assets.scriptslug.com/live/pdf/scripts/end-of-watch-2012.pdf?v=1729114902
Enough Said,https://www.scriptslug.com/script/enough-said-2013,https://assets.scriptslug.com/live/pdf/scripts/enough-said-2013.pdf?v=1729114902
The Entity,https://www.scriptslug.com/script/the-entity-1982,https://assets.scriptslug.com/live/pdf/scripts/the-entity-1983.pdf?v=1729115014
Equity,https://www.scriptslug.com/script/equity-2016,https://assets.scriptslug.com/live/pdf/scripts/equity-2016.pdf?v=1729114902
Eraser,https://www.scriptslug.com/script/eraser-1996,https://assets.scriptslug.com/live/pdf/scripts/eraser-1996.pdf?v=1729114903
Erin Brockovich,https://www.scriptslug.com/script/erin-brockovich-2000,https://assets.scriptslug.com/live/pdf/scripts/erin-brockovich-2000.pdf?v=1729114903
E.T. the Extra Terrestrial,https://www.scriptslug.com/script/e-t-the-extra-terrestrial-1982,https://assets.scriptslug.com/live/pdf/scripts/e-t-the-extra-terrestrial-1982.pdf?v=1729114900
Eternal Sunshine of the Spotless Mind,https://www.scriptslug.com/script/eternal-sunshine-of-the-spotless-mind-2004,https://assets.scriptslug.com/live/pdf/scripts/eternal-sunshine-of-the-spotless-mind-2004.pdf?v=1729114903
The Event,https://www.scriptslug.com/script/the-event-2022,https://assets.scriptslug.com/live/pdf/scripts/the-event-2022.pdf?v=1729115014
Event Horizon,https://www.scriptslug.com/script/event-horizon,https://assets.scriptslug.com/live/pdf/scripts/event-horizon-1997.pdf?v=1729114904
Everything Everywhere All at Once,https://www.scriptslug.com/script/everything-everywhere-all-at-once-2022,https://assets.scriptslug.com/live/pdf/scripts/everything-everywhere-all-at-once-2022.pdf?v=1729114904
The Evil Dead,https://www.scriptslug.com/script/the-evil-dead-1981,https://assets.scriptslug.com/live/pdf/scripts/the-evil-dead-1981.pdf?v=1729115014
Evil Dead,https://www.scriptslug.com/script/evil-dead-2013,https://assets.scriptslug.com/live/pdf/scripts/evil-dead-2013.pdf?v=1729114904
Evil Dead II,https://www.scriptslug.com/script/evil-dead-ii-1987,https://assets.scriptslug.com/live/pdf/scripts/evil-dead-ii-1987.pdf?v=1729114904
Evolution,https://www.scriptslug.com/script/evolution-2001,https://assets.scriptslug.com/live/pdf/scripts/evolution-2001.pdf?v=1729114905
Ex Machina,https://www.scriptslug.com/script/ex-machina-2015,https://assets.scriptslug.com/live/pdf/scripts/ex-machina-2015.pdf?v=1729114905
Excalibur,https://www.scriptslug.com/script/excalibur-1981,https://assets.scriptslug.com/live/pdf/scripts/excalibur-1981.pdf?v=1729114905
The Exorcist,https://www.scriptslug.com/script/the-exorcist-1973,https://assets.scriptslug.com/live/pdf/scripts/the-exorcist-1973.pdf?v=1729115014
"Exorcist II
The Heretic",https://www.scriptslug.com/script/exorcist-ii-the-heretic-1977,https://assets.scriptslug.com/live/pdf/scripts/exorcist-ii-the-heretic-1977.pdf?v=1729114905
The Exorcist III,https://www.scriptslug.com/script/the-exorcist-iii-1990,https://assets.scriptslug.com/live/pdf/scripts/the-exorcist-iii-1990.pdf?v=1729115015
The Expendables,https://www.scriptslug.com/script/the-expendables-2010,https://assets.scriptslug.com/live/pdf/scripts/the-expendables-2010.pdf?v=1729115015
"Extremely Wicked, Shockingly Evil and Vile",https://www.scriptslug.com/script/extremely-wicked-shockingly-evil-and-vile-2019,https://assets.scriptslug.com/live/pdf/scripts/extremely-wicked-shockingly-evil-and-vile-2019.pdf?v=1729114905
Eye in the Sky,https://www.scriptslug.com/script/eye-in-the-sky-2016,https://assets.scriptslug.com/live/pdf/scripts/eye-in-the-sky-2016.pdf?v=1729114905
Eyes Wide Shut,https://www.scriptslug.com/script/eyes-wide-shut-1999,https://assets.scriptslug.com/live/pdf/scripts/eyes-wide-shut-1999.pdf?v=1729114905
The Fabelmans,https://www.scriptslug.com/script/the-fabelmans-2022,https://assets.scriptslug.com/live/pdf/scripts/the-fabelmans-2022.pdf?v=1729115015
The Faculty,https://www.scriptslug.com/script/the-faculty-1998,https://assets.scriptslug.com/live/pdf/scripts/the-faculty-1998.pdf?v=1729115015
Fair Play,https://www.scriptslug.com/script/fair-play-2023,https://assets.scriptslug.com/live/pdf/scripts/fair-play-2023.pdf?v=1729114905
Fanboys,https://www.scriptslug.com/script/fanboys-2009,https://assets.scriptslug.com/live/pdf/scripts/fanboys-2009.pdf?v=1729114906
Fantastic Beasts and Where to Find Them,https://www.scriptslug.com/script/fantastic-beasts-and-where-to-find-them-2016,https://assets.scriptslug.com/live/pdf/scripts/fantastic-beasts-and-where-to-find-them-2016.pdf?v=1729114906
"Fantastic Beasts
The Crimes of Grindelwald",https://www.scriptslug.com/script/fantastic-beasts-the-crimes-of-grindelwald-2018,https://assets.scriptslug.com/live/pdf/scripts/fantastic-beasts-the-crimes-of-grindelwald-2018.pdf?v=1729114906
"Fantastic Beasts
The Secrets of Dumbledore",https://www.scriptslug.com/script/fantastic-beasts-the-secrets-of-dumbledore-2022,https://assets.scriptslug.com/live/pdf/scripts/fantastic-beasts-the-secrets-of-dumbledore-2022.pdf?v=1729114906
Fantastic Mr. Fox,https://www.scriptslug.com/script/fantastic-mr-fox-2009,https://assets.scriptslug.com/live/pdf/scripts/fantastic-mr-fox-2009.pdf?v=1729114906
A Fantastic Woman,https://www.scriptslug.com/script/a-fantastic-woman-2017,https://assets.scriptslug.com/live/pdf/scripts/a-fantastic-woman-2017.pdf?v=1729114851
The Farewell,https://www.scriptslug.com/script/the-farewell-2019,https://assets.scriptslug.com/live/pdf/scripts/the-farewell-2019.pdf?v=1729115015
Fargo,https://www.scriptslug.com/script/fargo-1996,https://assets.scriptslug.com/live/pdf/scripts/fargo-1996.pdf?v=1729114906
The Fast and the Furious,https://www.scriptslug.com/script/the-fast-and-the-furious-2001,https://assets.scriptslug.com/live/pdf/scripts/the-fast-and-the-furious-2001.pdf?v=1729115015
Fast Color,https://www.scriptslug.com/script/fast-color-2019,https://assets.scriptslug.com/live/pdf/scripts/fast-color-2019.pdf?v=1729114907
Fatal Attraction,https://www.scriptslug.com/script/fatal-attraction-1987,https://assets.scriptslug.com/live/pdf/scripts/fatal-attraction-1987.pdf?v=1729114907
The Father,https://www.scriptslug.com/script/the-father-2020,https://assets.scriptslug.com/live/pdf/scripts/the-father-2020.pdf?v=1729115015
The Fault in Our Stars,https://www.scriptslug.com/script/the-fault-in-our-stars-2014,https://assets.scriptslug.com/live/pdf/scripts/the-fault-in-our-stars-2014.pdf?v=1729115015
Faults,https://www.scriptslug.com/script/faults-2014,https://assets.scriptslug.com/live/pdf/scripts/faults-2014.pdf?v=1729114907
The Favourite,https://www.scriptslug.com/script/the-favourite-2018,https://assets.scriptslug.com/live/pdf/scripts/the-favourite-2018.pdf?v=1729115016
"Fear Street
Part One - 1994",https://www.scriptslug.com/script/fear-street-part-one-1994-2021,https://assets.scriptslug.com/live/pdf/scripts/fear-street-part-one-1994-2021.pdf?v=1729114907
Fences,https://www.scriptslug.com/script/fences-2016,https://assets.scriptslug.com/live/pdf/scripts/fences-2016.pdf?v=1729114907
Ferrari,https://www.scriptslug.com/script/ferrari-2023,https://assets.scriptslug.com/live/pdf/scripts/ferrari-2023.pdf?v=1729114907
Ferris Bueller's Day Off,https://www.scriptslug.com/script/ferris-buellers-day-off-1986,https://assets.scriptslug.com/live/pdf/scripts/ferris-buellers-day-off-1986.pdf?v=1729114907
A Few Good Men,https://www.scriptslug.com/script/a-few-good-men-1992,https://assets.scriptslug.com/live/pdf/scripts/a-few-good-men-1992.pdf?v=1729114851
Field of Dreams,https://www.scriptslug.com/script/field-of-dreams-1989,https://assets.scriptslug.com/live/pdf/scripts/field-of-dreams-1989.pdf?v=1729114908
The Fifth Element,https://www.scriptslug.com/script/the-fifth-element-1997,https://assets.scriptslug.com/live/pdf/scripts/the-fifth-element-1997.pdf?v=1729115016
Fight Club,https://www.scriptslug.com/script/fight-club-2000,https://assets.scriptslug.com/live/pdf/scripts/fight-club-2000.pdf?v=1729114908
Fighting with My Family,https://www.scriptslug.com/script/fighting-with-my-family-2019,
Film Stars Don't Die in Liverpool,https://www.scriptslug.com/script/film-stars-dont-die-in-liverpool-2017,https://assets.scriptslug.com/live/pdf/scripts/film-stars-dont-die-in-liverpool-2017.pdf?v=1729114908
Final Destination,https://www.scriptslug.com/script/final-destination-2000,https://assets.scriptslug.com/live/pdf/scripts/final-destination-2000.pdf?v=1729114908
Finding Nemo,https://www.scriptslug.com/script/finding-nemo-2003,https://assets.scriptslug.com/live/pdf/scripts/finding-nemo-2003.pdf?v=1729114908
The Firm,https://www.scriptslug.com/script/the-firm-1993,https://assets.scriptslug.com/live/pdf/scripts/the-firm-1993.pdf?v=1729115016
First Blood,https://www.scriptslug.com/script/first-blood-1982,https://assets.scriptslug.com/live/pdf/scripts/first-blood-1982.pdf?v=1729114908
First Cow,https://www.scriptslug.com/script/first-cow-2020,https://assets.scriptslug.com/live/pdf/scripts/first-cow-2020.pdf?v=1729114908
First Man,https://www.scriptslug.com/script/first-man-2018,https://assets.scriptslug.com/live/pdf/scripts/first-man-2018.pdf?v=1729114908
First Reformed,https://www.scriptslug.com/script/first-reformed-2018,https://assets.scriptslug.com/live/pdf/scripts/first-reformed-2018.pdf?v=1729114908
First They Killed My Father,https://www.scriptslug.com/script/first-they-killed-my-father-2017,https://assets.scriptslug.com/live/pdf/scripts/first-they-killed-my-father-2017.pdf?v=1729114909
Flashdance,https://www.scriptslug.com/script/flashdance-1983,https://assets.scriptslug.com/live/pdf/scripts/flashdance-1983.pdf?v=1729114909
Flatliners,https://www.scriptslug.com/script/flatliners-2017,https://assets.scriptslug.com/live/pdf/scripts/flatliners-2017.pdf?v=1729114909
Flight,https://www.scriptslug.com/script/flight-2012,https://assets.scriptslug.com/live/pdf/scripts/flight-2012.pdf?v=1729114909
Flora and Son,https://www.scriptslug.com/script/flora-and-son-2023,https://assets.scriptslug.com/live/pdf/scripts/flora-and-son-2023.pdf?v=1729114909
The Florida Project,https://www.scriptslug.com/script/the-florida-project-2017,https://assets.scriptslug.com/live/pdf/scripts/the-florida-project-2017.pdf?v=1729115016
The Fly,https://www.scriptslug.com/script/the-fly-1986,https://assets.scriptslug.com/live/pdf/scripts/the-fly-1986.pdf?v=1729115016
The Fly II,https://www.scriptslug.com/script/the-fly-ii-1989,https://assets.scriptslug.com/live/pdf/scripts/the-fly-ii-1989.pdf?v=1729115016
Focus,https://www.scriptslug.com/script/focus-2015,https://assets.scriptslug.com/live/pdf/scripts/focus-2015.pdf?v=1729114909
Foe,https://www.scriptslug.com/script/foe-2023,https://assets.scriptslug.com/live/pdf/scripts/foe-2023.pdf?v=1729114909
The Fog,https://www.scriptslug.com/script/the-fog-1980,https://assets.scriptslug.com/live/pdf/scripts/the-fog-1980.pdf?v=1729115016
Following,https://www.scriptslug.com/script/following-1998,https://assets.scriptslug.com/live/pdf/scripts/following-1998.pdf?v=1729114909
For Your Eyes Only,https://www.scriptslug.com/script/for-your-eyes-only-1981,https://assets.scriptslug.com/live/pdf/scripts/for-your-eyes-only-1981.pdf?v=1729114909
Ford v Ferrari,https://www.scriptslug.com/script/ford-v-ferrari-2019,https://assets.scriptslug.com/live/pdf/scripts/ford-v-ferrari-2019.pdf?v=1729114910
Forrest Gump,https://www.scriptslug.com/script/forrest-gump-1994,https://assets.scriptslug.com/live/pdf/scripts/forrest-gump-1994.pdf?v=1729114910
The Founder,https://www.scriptslug.com/script/the-founder-2016,https://assets.scriptslug.com/live/pdf/scripts/the-founder-2016.pdf?v=1729115016
Four Rooms,https://www.scriptslug.com/script/four-rooms-1995,https://assets.scriptslug.com/live/pdf/scripts/four-rooms-1995.pdf?v=1729114910
Four Weddings and a Funeral,https://www.scriptslug.com/script/four-weddings-and-a-funeral-1994,https://assets.scriptslug.com/live/pdf/scripts/four-weddings-and-a-funeral-1994.pdf?v=1729114910
The Fourth Kind,https://www.scriptslug.com/script/the-fourth-kind-2009,https://assets.scriptslug.com/live/pdf/scripts/the-fourth-kind-2009.pdf?v=1729115017
Foxcatcher,https://www.scriptslug.com/script/foxcatcher-2014,https://assets.scriptslug.com/live/pdf/scripts/foxcatcher-2014.pdf?v=1729114910
Frailty,https://www.scriptslug.com/script/frailty-2001,https://assets.scriptslug.com/live/pdf/scripts/frailty-2001.pdf?v=1729114910
Frances Ha,https://www.scriptslug.com/script/frances-ha-2012,https://assets.scriptslug.com/live/pdf/scripts/frances-ha-2012.pdf?v=1729114910
Frank,https://www.scriptslug.com/script/frank-2014,https://assets.scriptslug.com/live/pdf/scripts/frank-2014.pdf?v=1729114910
Frankenstein's Army,https://www.scriptslug.com/script/frankensteins-army-2013,https://assets.scriptslug.com/live/pdf/scripts/frankensteins-army-2013.pdf?v=1729114910
Frankenweenie,https://www.scriptslug.com/script/frankenweenie-2012,https://assets.scriptslug.com/live/pdf/scripts/frankenweenie-2012.pdf?v=1729114910
Frankie,https://www.scriptslug.com/script/frankie-2019,https://assets.scriptslug.com/live/pdf/scripts/frankie-2019.pdf?v=1729114911
Frantic,https://www.scriptslug.com/script/frantic-1988,https://assets.scriptslug.com/live/pdf/scripts/frantic-1988.pdf?v=1729114911
Fred Claus,https://www.scriptslug.com/script/fred-claus-2007,https://assets.scriptslug.com/live/pdf/scripts/fred-claus-2007.pdf?v=1729114911
Freddy vs. Jason,https://www.scriptslug.com/script/freddy-vs-jason-2003,https://assets.scriptslug.com/live/pdf/scripts/freddy-vs-jason-2003.pdf?v=1729114911
Free Fire,https://www.scriptslug.com/script/free-fire-2016,https://assets.scriptslug.com/live/pdf/scripts/free-fire-2016.pdf?v=1729114911
Free Guy,https://www.scriptslug.com/script/free-guy-2021,https://assets.scriptslug.com/live/pdf/scripts/free-guy-2021.pdf?v=1729114911
The French Connection,https://www.scriptslug.com/script/the-french-connection-1971,https://assets.scriptslug.com/live/pdf/scripts/the-french-connection-1971.pdf?v=1729115017
The French Dispatch,https://www.scriptslug.com/script/the-french-dispatch-2021,https://assets.scriptslug.com/live/pdf/scripts/the-french-dispatch-2021.pdf?v=1729115017
Frequency,https://www.scriptslug.com/script/frequency-2000,https://assets.scriptslug.com/live/pdf/scripts/frequency-2000.pdf?v=1729114911
Fresh,https://www.scriptslug.com/script/fresh-2022,https://assets.scriptslug.com/live/pdf/scripts/fresh-2022.pdf?v=1729114911
Freud's Last Session,https://www.scriptslug.com/script/freuds-last-session-2023,https://assets.scriptslug.com/live/pdf/scripts/freuds-last-session-2023.pdf?v=1729114911
Friday,https://www.scriptslug.com/script/friday-1995,https://assets.scriptslug.com/live/pdf/scripts/friday-1995.pdf?v=1729114911
Friday the 13th,https://www.scriptslug.com/script/friday-the-13th-1980,https://assets.scriptslug.com/live/pdf/scripts/friday-the-13th-1980.pdf?v=1729114912
"Friday the 13th Part VI
Jason Lives",https://www.scriptslug.com/script/friday-the-13th-part-vi-jason-lives-1986,https://assets.scriptslug.com/live/pdf/scripts/friday-the-13th-part-vi-jason-lives-1986.pdf?v=1729114912
The Frighteners,https://www.scriptslug.com/script/the-frighteners-1996,https://assets.scriptslug.com/live/pdf/scripts/the-frighteners-1996.pdf?v=1729115017
From Dusk Till Dawn,https://www.scriptslug.com/script/from-dusk-till-dawn-1996,https://assets.scriptslug.com/live/pdf/scripts/from-dusk-till-dawn-1996.pdf?v=1729114913
From Russia With Love,https://www.scriptslug.com/script/from-russia-with-love-1963,https://assets.scriptslug.com/live/pdf/scripts/from-russia-with-love-1963.pdf?v=1729114913
The Front Runner,https://www.scriptslug.com/script/the-front-runner-2018,https://assets.scriptslug.com/live/pdf/scripts/the-front-runner-2018.pdf?v=1729115017
Frost / Nixon,https://www.scriptslug.com/script/frost-nixon-2008,https://assets.scriptslug.com/live/pdf/scripts/frost-nixon-2008.pdf?v=1729114913
Frozen,https://www.scriptslug.com/script/frozen-2013,https://assets.scriptslug.com/live/pdf/scripts/frozen-2013.pdf?v=1729114913
Fruitvale Station,https://www.scriptslug.com/script/fruitvale-station-2013,https://assets.scriptslug.com/live/pdf/scripts/fruitvale-station-2013.pdf?v=1729114913
Full Metal Jacket,https://www.scriptslug.com/script/full-metal-jacket-1987,https://assets.scriptslug.com/live/pdf/scripts/full-metal-jacket-1987.pdf?v=1729114913
Fury,https://www.scriptslug.com/script/fury-2014,https://assets.scriptslug.com/live/pdf/scripts/fury-2014.pdf?v=1729114913
The Gambler,https://www.scriptslug.com/script/the-gambler-2014,https://assets.scriptslug.com/live/pdf/scripts/the-gambler-2014.pdf?v=1729115017
Game Night,https://www.scriptslug.com/script/game-night-2018,https://assets.scriptslug.com/live/pdf/scripts/game-night-2018.pdf?v=1729114913
Garden State,https://www.scriptslug.com/script/garden-state-2004,https://assets.scriptslug.com/live/pdf/scripts/garden-state-2004.pdf?v=1729114914
Gattaca,https://www.scriptslug.com/script/gattaca-1997,https://assets.scriptslug.com/live/pdf/scripts/gattaca-1997.pdf?v=1729114915
Gemini Man,https://www.scriptslug.com/script/gemini-man-2019,https://assets.scriptslug.com/live/pdf/scripts/gemini-man-2019.pdf?v=1729114915
The Gentlemen,https://www.scriptslug.com/script/the-gentlemen-2019,https://assets.scriptslug.com/live/pdf/scripts/the-gentleman-2019.pdf?v=1729115017
Geostorm,https://www.scriptslug.com/script/geostorm-2017,https://assets.scriptslug.com/live/pdf/scripts/geostorm-2017.pdf?v=1729114915
Get Carter,https://www.scriptslug.com/script/get-carter-1971,https://assets.scriptslug.com/live/pdf/scripts/get-carter-1971.pdf?v=1729114915
Get Low,https://www.scriptslug.com/script/get-low-2009,https://assets.scriptslug.com/live/pdf/scripts/get-low-2009.pdf?v=1729114915
Get On Up,https://www.scriptslug.com/script/get-on-up-2014,https://assets.scriptslug.com/live/pdf/scripts/get-on-up-2014.pdf?v=1729114915
Get Out,https://www.scriptslug.com/script/get-out-2017,https://assets.scriptslug.com/live/pdf/scripts/get-out-2017.pdf?v=1729114915
Get Rich or Die Tryin',https://www.scriptslug.com/script/get-rich-or-die-tryin-2005,https://assets.scriptslug.com/live/pdf/scripts/get-rich-or-die-tryin-2005.pdf?v=1729114915
Ghost,https://www.scriptslug.com/script/ghost-1990,https://assets.scriptslug.com/live/pdf/scripts/ghost-1990.pdf?v=1729114915
Ghost Rider,https://www.scriptslug.com/script/ghost-rider-2007,https://assets.scriptslug.com/live/pdf/scripts/ghost-rider-2007.pdf?v=1729114915
Ghostbusters,https://www.scriptslug.com/script/ghostbusters-1989,https://assets.scriptslug.com/live/pdf/scripts/ghostbusters-1984.pdf?v=1729114915
Ghostbusters II,https://www.scriptslug.com/script/ghostbusters-ii-1989,https://assets.scriptslug.com/live/pdf/scripts/ghostbusters-ii-1989.pdf?v=1729114916
Ginger Snaps,https://www.scriptslug.com/script/ginger-snaps-2000,https://assets.scriptslug.com/live/pdf/scripts/ginger-snaps-2000.pdf?v=1729114916
The Girl on the Train,https://www.scriptslug.com/script/the-girl-on-the-train-2016,https://assets.scriptslug.com/live/pdf/scripts/the-girl-on-the-train-2016.pdf?v=1729115017
The Girl with the Dragon Tattoo,https://www.scriptslug.com/script/the-girl-with-the-dragon-tattoo-2011,https://assets.scriptslug.com/live/pdf/scripts/the-girl-with-the-dragon-tattoo-2011.pdf?v=1729115017
Girl with the Pearl Earring,https://www.scriptslug.com/script/girl-with-the-pearl-earring-2003,https://assets.scriptslug.com/live/pdf/scripts/girl-with-the-pearl-earring-2003.pdf?v=1729114916
Girls Trip,https://www.scriptslug.com/script/girls-trip-2017,https://assets.scriptslug.com/live/pdf/scripts/girls-trip-2017.pdf?v=1729114916
Gladiator,https://www.scriptslug.com/script/gladiator-2000,https://assets.scriptslug.com/live/pdf/scripts/gladiator-2000.pdf?v=1729114916
Gladiator II,https://www.scriptslug.com/script/gladiator-ii-2024,https://assets.scriptslug.com/live/pdf/scripts/gladiator-2-2024.pdf?v=1739815888
"Glass Onion
A Knives Out Mystery",https://www.scriptslug.com/script/glass-onion-a-knives-out-mystery-2022,https://assets.scriptslug.com/live/pdf/scripts/glass-onion-a-knives-out-mystery-2022.pdf?v=1729114916
The Godfather,https://www.scriptslug.com/script/the-godfather-1972,https://assets.scriptslug.com/live/pdf/scripts/the-godfather-1972.pdf?v=1729115017
The Godfather Part II,https://www.scriptslug.com/script/the-godfather-part-ii-1974,https://assets.scriptslug.com/live/pdf/scripts/the-godfather-part-ii-1974.pdf?v=1729115018
"The Godfather
Part III",https://www.scriptslug.com/script/the-godfather-part-iii-1990,https://assets.scriptslug.com/live/pdf/scripts/the-godfather-part-iii-1990.pdf?v=1729115018
Godzilla,https://www.scriptslug.com/script/godzilla-2014,https://assets.scriptslug.com/live/pdf/scripts/godzilla-2014.pdf?v=1729114916
Gold,https://www.scriptslug.com/script/gold-2016,https://assets.scriptslug.com/live/pdf/scripts/gold-2016.pdf?v=1729114917
GoldenEye,https://www.scriptslug.com/script/goldeneye-1995,https://assets.scriptslug.com/live/pdf/scripts/goldeneye-1995.pdf?v=1729114917
Goldfinger,https://www.scriptslug.com/script/goldfinger-1964,https://assets.scriptslug.com/live/pdf/scripts/goldfinger-1964.pdf?v=1729114917
Gone Baby Gone,https://www.scriptslug.com/script/gone-baby-gone-2007,https://assets.scriptslug.com/live/pdf/scripts/gone-baby-gone-2007.pdf?v=1729114917
Gone Girl,https://www.scriptslug.com/script/gone-girl-2014,https://assets.scriptslug.com/live/pdf/scripts/gone-girl-2014.pdf?v=1729114917
Gone with the Wind,https://www.scriptslug.com/script/gone-with-the-wind-1939,https://assets.scriptslug.com/live/pdf/scripts/gone-with-the-wind-1939.pdf?v=1729114917
The Good Dinosaur,https://www.scriptslug.com/script/the-good-dinosaur-2015,https://assets.scriptslug.com/live/pdf/scripts/the-good-dinosaur-2015.pdf?v=1729115018
"Good Morning, Vietnam",https://www.scriptslug.com/script/good-morning-vietnam-1987,https://assets.scriptslug.com/live/pdf/scripts/good-morning-vietnam-1987.pdf?v=1729114917
The Good Nurse,https://www.scriptslug.com/script/the-good-nurse-2022,https://assets.scriptslug.com/live/pdf/scripts/the-good-nurse-2022.pdf?v=1729115018
A Good Person,https://www.scriptslug.com/script/a-good-person-2023,https://assets.scriptslug.com/live/pdf/scripts/a-good-person-2023.pdf?v=1729114851
The Good Shepherd,https://www.scriptslug.com/script/the-good-shepherd,https://assets.scriptslug.com/live/pdf/scripts/the-good-shepherd-2006.pdf?v=1729115019
Good Will Hunting,https://www.scriptslug.com/script/good-will-hunting-1997,https://assets.scriptslug.com/live/pdf/scripts/good-will-hunting-1997.pdf?v=1729114917
The Goodbye Girl,https://www.scriptslug.com/script/the-goodbye-girl-1977,https://assets.scriptslug.com/live/pdf/scripts/the-goodbye-girl-1977.pdf?v=1729115019
Goodfellas,https://www.scriptslug.com/script/goodfellas-1990,https://assets.scriptslug.com/live/pdf/scripts/goodfellas-1990.pdf?v=1729114917
The Goonies,https://www.scriptslug.com/script/the-goonies-1985,https://assets.scriptslug.com/live/pdf/scripts/the-goonies-1985.pdf?v=1729115019
The Graduate,https://www.scriptslug.com/script/the-graduate-1967,https://assets.scriptslug.com/live/pdf/scripts/the-graduate-1967.pdf?v=1729115019
The Grand Budapest Hotel,https://www.scriptslug.com/script/the-grand-budapest-hotel-2014,https://assets.scriptslug.com/live/pdf/scripts/the-grand-budapest-hotel-2014.pdf?v=1729115019
Gravity,https://www.scriptslug.com/script/gravity-2013,https://assets.scriptslug.com/live/pdf/scripts/gravity-2013.pdf?v=1729114918
Grease,https://www.scriptslug.com/script/grease-1978-2,https://assets.scriptslug.com/live/pdf/scripts/grease-1978.pdf?v=1729114918
The Great Escape,https://www.scriptslug.com/script/the-great-escape-1963,https://assets.scriptslug.com/live/pdf/scripts/the-great-escape-1963.pdf?v=1729115019
The Great Muppet Caper,https://www.scriptslug.com/script/the-great-muppet-caper-1981,https://assets.scriptslug.com/live/pdf/scripts/the-great-muppet-caper-1981.pdf?v=1729115019
The Greatest Showman,https://www.scriptslug.com/script/the-greatest-showman-2017,https://assets.scriptslug.com/live/pdf/scripts/the-greatest-showman-2017.pdf?v=1729115019
Green Book,https://www.scriptslug.com/script/green-book-2018,https://assets.scriptslug.com/live/pdf/scripts/green-book-2018.pdf?v=1729114918
Green Lantern,https://www.scriptslug.com/script/green-lantern-2011,https://assets.scriptslug.com/live/pdf/scripts/green-lantern-2011.pdf?v=1729114918
Green Room,https://www.scriptslug.com/script/green-room-2015,https://assets.scriptslug.com/live/pdf/scripts/green-room-2015.pdf?v=1729114918
Greenberg,https://www.scriptslug.com/script/greenberg-2010,https://assets.scriptslug.com/live/pdf/scripts/greenberg-2010.pdf?v=1729114918
Gremlins,https://www.scriptslug.com/script/gremlins-1984,https://assets.scriptslug.com/live/pdf/scripts/gremlins-1984.pdf?v=1729114918
"Gremlins 2
The New Batch",https://www.scriptslug.com/script/gremlins-2-the-new-batch-1990,https://assets.scriptslug.com/live/pdf/scripts/gremlins-2-the-new-batch-1990.pdf?v=1729114918
Groundhog Day,https://www.scriptslug.com/script/groundhog-day-1993,https://assets.scriptslug.com/live/pdf/scripts/groundhog-day-1993.pdf?v=1729114919
The Grudge,https://www.scriptslug.com/script/the-grudge-2004,https://assets.scriptslug.com/live/pdf/scripts/the-grudge-2004.pdf?v=1729115019
The Grudge,https://www.scriptslug.com/script/the-grudge-2020,https://assets.scriptslug.com/live/pdf/scripts/the-grudge-2020.pdf?v=1729115020
Guardians of the Galaxy Vol. 2,https://www.scriptslug.com/script/guardians-of-the-galaxy-vol-2-2017,https://assets.scriptslug.com/live/pdf/scripts/guardians-of-the-galaxy-vol-2-2017.pdf?v=1729114919
The Guest,https://www.scriptslug.com/script/the-guest-2014,https://assets.scriptslug.com/live/pdf/scripts/the-guest-2014.pdf?v=1729115020
Guillermo del Toro's Pinocchio,https://www.scriptslug.com/script/guillermo-del-toros-pinocchio-2022,https://assets.scriptslug.com/live/pdf/scripts/pinocchio-2022.pdf?v=1729114971
Gunpowder Milkshake,https://www.scriptslug.com/script/gunpowder-milkshake-2021,https://assets.scriptslug.com/live/pdf/scripts/gunpowder-milkshake-2021.pdf?v=1729114919
Hackers,https://www.scriptslug.com/script/hackers-1995,https://assets.scriptslug.com/live/pdf/scripts/hackers-1995.pdf?v=1729114919
Hacksaw Ridge,https://www.scriptslug.com/script/hacksaw-ridge-2016,https://assets.scriptslug.com/live/pdf/scripts/hacksaw-ridge-2016.pdf?v=1729114919
Hail Caesar!,https://www.scriptslug.com/script/hail-caesar-2016,https://assets.scriptslug.com/live/pdf/scripts/hail-caesar-2016.pdf?v=1729114919
Hall Pass,https://www.scriptslug.com/script/hall-pass-2011,https://assets.scriptslug.com/live/pdf/scripts/hall-pass-2011.pdf?v=1729114919
Halloween,https://www.scriptslug.com/script/halloween-1978,https://assets.scriptslug.com/live/pdf/scripts/halloween-1978.pdf?v=1729114919
Halloween,https://www.scriptslug.com/script/halloween-2018,https://assets.scriptslug.com/live/pdf/scripts/halloween-2018_2024-01-09-005255_xwtn.pdf?v=1729114920
"Halloween 4
The Return of Michael Myers",https://www.scriptslug.com/script/halloween-4-the-return-of-michael-myers-1988,https://assets.scriptslug.com/live/pdf/scripts/halloween-4-the-return-of-michael-myers-1988.pdf?v=1729114920
"Halloween 5
The Revenge of Michael Myers",https://www.scriptslug.com/script/halloween-5-the-revenge-of-michael-myers-1989,https://assets.scriptslug.com/live/pdf/scripts/halloween-5-1989.pdf?v=1729114920
"Halloween 6
The Curse of Michael Myers",https://www.scriptslug.com/script/halloween-6-the-curse-of-michael-myers-1995,https://assets.scriptslug.com/live/pdf/scripts/halloween-6-the-curse-of-michael-myers-1995.pdf?v=1729114920
"Halloween H2O
20 Years Later",https://www.scriptslug.com/script/halloween-h2o-20-years-later-1998,https://assets.scriptslug.com/live/pdf/scripts/halloween-h20-20-years-later-1998.pdf?v=1729114920
Halloween II,https://www.scriptslug.com/script/halloween-ii-1981,https://assets.scriptslug.com/live/pdf/scripts/halloween-ii-1981.pdf?v=1729114920
"Halloween III
Season of the Witch",https://www.scriptslug.com/script/halloween-iii-season-of-the-witch-1982,https://assets.scriptslug.com/live/pdf/scripts/halloween-iii-season-of-the-witch-1982.pdf?v=1729114920
Halloween Kills,https://www.scriptslug.com/script/halloween-kills-2021,https://assets.scriptslug.com/live/pdf/scripts/halloween-kills-2021.pdf?v=1729114920
The Hand of God,https://www.scriptslug.com/script/the-hand-of-god-2021,https://assets.scriptslug.com/live/pdf/scripts/the-hand-of-god-2021.pdf?v=1729115020
Hangin' with the Homeboys,https://www.scriptslug.com/script/hangin-with-the-homeboys-1991,https://assets.scriptslug.com/live/pdf/scripts/hangin-with-the-homeboys-1991.pdf?v=1729114921
The Hangover,https://www.scriptslug.com/script/the-hangover-2009,https://assets.scriptslug.com/live/pdf/scripts/the-hangover-2009.pdf?v=1729115020
Hanna,https://www.scriptslug.com/script/hanna-2011,https://assets.scriptslug.com/live/pdf/scripts/hanna-2011.pdf?v=1729114921
Happy Birthday to Me,https://www.scriptslug.com/script/happy-birthday-to-me-1981,https://assets.scriptslug.com/live/pdf/scripts/happy-birthday-to-me-1981.pdf?v=1729114921
Happy Death Day,https://www.scriptslug.com/script/happy-death-day-2017,https://assets.scriptslug.com/live/pdf/scripts/happy-death-day-2017.pdf?v=1729114921
The Happy Prince,https://www.scriptslug.com/script/the-happy-prince-2018,https://assets.scriptslug.com/live/pdf/scripts/the-happy-prince-2018.pdf?v=1729115020
The Harder They Fall,https://www.scriptslug.com/script/the-harder-they-fall-2021,https://assets.scriptslug.com/live/pdf/scripts/the-harder-they-fall-2021.pdf?v=1729115020
Harlem Nights,https://www.scriptslug.com/script/harlem-nights-1989,https://assets.scriptslug.com/live/pdf/scripts/harlem-nights-1989.pdf?v=1729114921
Harold and Maude,https://www.scriptslug.com/script/harold-and-maude-1971,https://assets.scriptslug.com/live/pdf/scripts/harold-and-maude-1971.pdf?v=1729114921
Harriet,https://www.scriptslug.com/script/harriet-2019,https://assets.scriptslug.com/live/pdf/scripts/harriet-2019.pdf?v=1729114921
Harry Potter and the Chamber of Secrets,https://www.scriptslug.com/script/harry-potter-and-the-chamber-of-secrets-2002,https://assets.scriptslug.com/live/pdf/scripts/harry-potter-and-the-chamber-of-secrets-2002.pdf?v=1729114922
"Harry Potter and the Deathly Hallows
Part 1",https://www.scriptslug.com/script/harry-potter-and-the-deathly-hallows-part-1-2010,https://assets.scriptslug.com/live/pdf/scripts/harry-potter-and-the-deathly-hallows-part-1-2010.pdf?v=1729114922
"Harry Potter and the Deathly Hallows
Part 2",https://www.scriptslug.com/script/harry-potter-and-the-deathly-hallows-part-2-2011,https://assets.scriptslug.com/live/pdf/scripts/harry-potter-and-the-deathly-hollows-part-2-2011.pdf?v=1729114922
Harry Potter and the Goblet of Fire,https://www.scriptslug.com/script/harry-potter-and-the-goblet-of-fire-2005,https://assets.scriptslug.com/live/pdf/scripts/harry-potter-and-the-goblet-of-fire-2005.pdf?v=1729114922
Harry Potter and the Half-Blood Prince,https://www.scriptslug.com/script/harry-potter-and-the-half-blood-prince-2009,https://assets.scriptslug.com/live/pdf/scripts/harry-potter-and-the-half-blood-prince-2009.pdf?v=1729114922
Harry Potter and the Order of the Phoenix,https://www.scriptslug.com/script/harry-potter-and-the-order-of-the-phoenix-2007,https://assets.scriptslug.com/live/pdf/scripts/harry-potter-and-the-order-of-the-phoenix-2007.pdf?v=1729114922
Harry Potter and the Prisoner of Azkaban,https://www.scriptslug.com/script/harry-potter-and-the-prisoner-of-azkaban-2004,https://assets.scriptslug.com/live/pdf/scripts/harry-potter-and-the-prisoner-of-azkaban-2004.pdf?v=1729114922
Harry Potter and the Sorcerer's Stone,https://www.scriptslug.com/script/harry-potter-and-the-sorcerers-stone-2001,https://assets.scriptslug.com/live/pdf/scripts/harry-potter-and-the-sorcerers-stone-2001.pdf?v=1729114922
The Hate You Give,https://www.scriptslug.com/script/the-hate-you-give-2018,https://assets.scriptslug.com/live/pdf/scripts/the-hate-u-give-2018.pdf?v=1729115021
The Hateful Eight,https://www.scriptslug.com/script/the-hateful-eight-2015,https://assets.scriptslug.com/live/pdf/scripts/the-hateful-eight-2014.pdf?v=1729115021
The Haunted Mansion,https://www.scriptslug.com/script/the-haunted-mansion-2003,https://assets.scriptslug.com/live/pdf/scripts/the-haunted-mansion-2003.pdf?v=1729115021
A Haunting in Venice,https://www.scriptslug.com/script/a-haunting-in-venice-2023,https://assets.scriptslug.com/live/pdf/scripts/a-haunting-in-venice-2023.pdf?v=1729114851
Heat,https://www.scriptslug.com/script/heat-1995,https://assets.scriptslug.com/live/pdf/scripts/heat-1995.pdf?v=1729114922
Heathers,https://www.scriptslug.com/script/heathers-1988,https://assets.scriptslug.com/live/pdf/scripts/heathers-1988.pdf?v=1729114922
Heaven Can Wait,https://www.scriptslug.com/script/heaven-can-wait-1978,https://assets.scriptslug.com/live/pdf/scripts/heaven-can-wait-1978.pdf?v=1729114923
Heavy Metal,https://www.scriptslug.com/script/heavy-metal-1981,https://assets.scriptslug.com/live/pdf/scripts/heavy-metal-1981.pdf?v=1729114923
Heavyweights,https://www.scriptslug.com/script/heavyweights-1995,https://assets.scriptslug.com/live/pdf/scripts/heavyweights-1995.pdf?v=1729114923
Hell or High Water,https://www.scriptslug.com/script/hell-or-high-water-2016,https://assets.scriptslug.com/live/pdf/scripts/hell-or-high-water-2016.pdf?v=1729114923
"Hellbound
Hellraiser II",https://www.scriptslug.com/script/hellbound-hellraiser-ii-1988,https://assets.scriptslug.com/live/pdf/scripts/hellbound-hellraiser-ii-1988.pdf?v=1729114923
Hellboy,https://www.scriptslug.com/script/hellboy-2004,https://assets.scriptslug.com/live/pdf/scripts/hellboy-2004.pdf?v=1729114923
Hellboy,https://www.scriptslug.com/script/hellboy-2019,https://assets.scriptslug.com/live/pdf/scripts/hellboy-2019.pdf?v=1729114923
Hellraiser,https://www.scriptslug.com/script/hellraiser-1987,https://assets.scriptslug.com/live/pdf/scripts/hellraiser-1987.pdf?v=1729114923
"Hellraiser
Deader",https://www.scriptslug.com/script/hellraiser-deader-2005,https://assets.scriptslug.com/live/pdf/scripts/hellraiser-deader-2005.pdf?v=1729114923
"Hellraiser
Hellseeker",https://www.scriptslug.com/script/hellraiser-hellseeker-2002,https://assets.scriptslug.com/live/pdf/scripts/hellraiser-hellseeker-2002.pdf?v=1729114924
The Help,https://www.scriptslug.com/script/the-help-2011,https://assets.scriptslug.com/live/pdf/scripts/the-help-2018.pdf?v=1729115021
Her,https://www.scriptslug.com/script/her-2013,https://assets.scriptslug.com/live/pdf/scripts/her-2013.pdf?v=1729114924
Hereditary,https://www.scriptslug.com/script/hereditary-2018,https://assets.scriptslug.com/live/pdf/scripts/hereditary-2018.pdf?v=1729114924
A Hero,https://www.scriptslug.com/script/a-hero-2021,https://assets.scriptslug.com/live/pdf/scripts/a-hero-2021.pdf?v=1729114851
Hidden Figures,https://www.scriptslug.com/script/hidden-figures-2016,https://assets.scriptslug.com/live/pdf/scripts/hidden-figures-2016.pdf?v=1729114924
A Hidden Life,https://www.scriptslug.com/script/a-hidden-life-2019,https://assets.scriptslug.com/live/pdf/scripts/a-hidden-life-2019.pdf?v=1729114851
High Fidelity,https://www.scriptslug.com/script/high-fidelity-2000,https://assets.scriptslug.com/live/pdf/scripts/high-fidelity-2000.pdf?v=1729114924
High Noon,https://www.scriptslug.com/script/high-noon-1952,https://assets.scriptslug.com/live/pdf/scripts/high-noon-1952.pdf?v=1729114924
"Highlander II
The Quickening",https://www.scriptslug.com/script/highlander-ii-the-quickening-1991,https://assets.scriptslug.com/live/pdf/scripts/highlander-ii-the-quickening-1991.pdf?v=1729114924
The Hills Have Eyes,https://www.scriptslug.com/script/the-hills-have-eyes-1977,https://assets.scriptslug.com/live/pdf/scripts/the-hills-have-eyes-1976.pdf?v=1729115021
A History of Violence,https://www.scriptslug.com/script/a-history-of-violence-2005,https://assets.scriptslug.com/live/pdf/scripts/a-history-of-violence-2005.pdf?v=1729114851
Hitchcock,https://www.scriptslug.com/script/hitchcock,https://assets.scriptslug.com/live/pdf/scripts/hitchcock-2012.pdf?v=1729114924
The Hitcher,https://www.scriptslug.com/script/the-hitcher-1986,https://assets.scriptslug.com/live/pdf/scripts/the-hitcher-1986.pdf?v=1729115021
The Hitchhiker's Guide to the Galaxy,https://www.scriptslug.com/script/the-hitchhikers-guide-to-the-galaxy-2005,https://assets.scriptslug.com/live/pdf/scripts/the-hitchhikers-guide-to-the-galaxy-2005.pdf?v=1729115021
The Hitman's Bodyguard,https://www.scriptslug.com/script/the-hitmans-bodyguard-2017,https://assets.scriptslug.com/live/pdf/scripts/the-hitmans-bodyguard-2017.pdf?v=1729115021
"The Hobbit
An Unexpected Journey",https://www.scriptslug.com/script/the-hobbit-an-unexpected-journey-2012-2,https://assets.scriptslug.com/live/pdf/scripts/the-hobbit-an-unexpected-journey-scripted-2012.pdf?v=1729115021
"The Hobbit
The Desolation of Smaug",https://www.scriptslug.com/script/the-hobbit-an-unexpected-journey-2013,https://assets.scriptslug.com/live/pdf/scripts/the-hobbit-the-desolation-of-smaug-2013.pdf?v=1729115022
Hocus Pocus,https://www.scriptslug.com/script/hocus-pocus-1993,https://assets.scriptslug.com/live/pdf/scripts/hocus-pocus-1993.pdf?v=1729114924
Hold the Dark,https://www.scriptslug.com/script/hold-the-dark-2018,https://assets.scriptslug.com/live/pdf/scripts/hold-the-dark-2018.pdf?v=1729114925
The Holdovers,https://www.scriptslug.com/script/the-holdovers-2023,https://assets.scriptslug.com/live/pdf/scripts/the-holdovers-2023.pdf?v=1729115022
The Hole,https://www.scriptslug.com/script/the-hole-2009,https://assets.scriptslug.com/live/pdf/scripts/the-hole-2009.pdf?v=1729115022
The Holiday,https://www.scriptslug.com/script/the-holiday-2006,https://assets.scriptslug.com/live/pdf/scripts/the-holiday-2006.pdf?v=1729115022
The Hollars,https://www.scriptslug.com/script/the-hollars-2016,https://assets.scriptslug.com/live/pdf/scripts/the-hollars-2016.pdf?v=1729115022
Hollow Man,https://www.scriptslug.com/script/hollow-man-2000,https://assets.scriptslug.com/live/pdf/scripts/hollow-man-2000.pdf?v=1729114925
Home Alone,https://www.scriptslug.com/script/home-alone-1990,https://assets.scriptslug.com/live/pdf/scripts/home-alone-1990.pdf?v=1729114925
"Home Alone 2
Lost in New York",https://www.scriptslug.com/script/home-alone-2-lost-in-new-york-1992,https://assets.scriptslug.com/live/pdf/scripts/home-alone-2-lost-in-new-york-1992.pdf?v=1729114925
Honey Boy,https://www.scriptslug.com/script/honey-boy-2019,https://assets.scriptslug.com/live/pdf/scripts/honey-boy-2019.pdf?v=1729114925
"Honey, I Blew Up the Kid",https://www.scriptslug.com/script/honey-i-blew-up-the-kid-1992,https://assets.scriptslug.com/live/pdf/scripts/honey-i-blew-up-the-kid-1992.pdf?v=1729114925
"Honey, I Shrunk the Kids",https://www.scriptslug.com/script/honey-i-shrunk-the-kids-1989,https://assets.scriptslug.com/live/pdf/scripts/honey-i-shrunk-the-kids-1989.pdf?v=1729114925
Horrible Bosses 2,https://www.scriptslug.com/script/horrible-bosses-2-2014,https://assets.scriptslug.com/live/pdf/scripts/horrible-bosses-2-2014.pdf?v=1729114925
Horrible Bosses,https://www.scriptslug.com/script/horrible-bosses-2011,https://assets.scriptslug.com/live/pdf/scripts/horrible-bosses-2011.pdf?v=1729114926
Hostel,https://www.scriptslug.com/script/hostel-2005,https://assets.scriptslug.com/live/pdf/scripts/hostel-2005.pdf?v=1729114926
Hot Fuzz,https://www.scriptslug.com/script/hot-fuzz-2007,https://assets.scriptslug.com/live/pdf/scripts/hot-fuzz-2007.pdf?v=1729114926
The Hours,https://www.scriptslug.com/script/the-hours-2002,https://assets.scriptslug.com/live/pdf/scripts/the-hours-2002.pdf?v=1729115022
House of Gucci,https://www.scriptslug.com/script/house-of-gucci-2021,https://assets.scriptslug.com/live/pdf/scripts/house-of-gucci.2021.pdf?v=1729114926
House Party,https://www.scriptslug.com/script/house-party-1990,https://assets.scriptslug.com/live/pdf/scripts/house-party-1990.pdf?v=1729114926
How the Grinch Stole Christmas,https://www.scriptslug.com/script/how-the-grinch-stole-christmas-2000,https://assets.scriptslug.com/live/pdf/scripts/how-the-grinch-stole-christmas-2000.pdf?v=1729114926
How to Build a Girl,https://www.scriptslug.com/script/how-to-build-a-girl-2020,https://assets.scriptslug.com/live/pdf/scripts/how-to-build-a-girl-2020.pdf?v=1729114926
How to Train Your Dragon 2,https://www.scriptslug.com/script/how-to-train-your-dragon-2-2014,https://assets.scriptslug.com/live/pdf/scripts/how-to-train-your-dragon-2-2014.pdf?v=1729114927
How to Train Your Dragon,https://www.scriptslug.com/script/how-to-train-your-dragon-2010,https://assets.scriptslug.com/live/pdf/scripts/how-to-train-your-dragon-2010.pdf?v=1729114927
"How to Train Your Dragon
The Hidden World",https://www.scriptslug.com/script/how-to-train-your-dragon-the-hidden-world-2019,https://assets.scriptslug.com/live/pdf/scripts/how-to-train-your-dragon-the-hidden-world-2019.pdf?v=1729114927
Howard the Duck,https://www.scriptslug.com/script/howard-the-duck-1986,https://assets.scriptslug.com/live/pdf/scripts/howard-the-duck-1986.pdf?v=1729114927
The Howling,https://www.scriptslug.com/script/the-howling-1981,https://assets.scriptslug.com/live/pdf/scripts/the-howling-1981.pdf?v=1729115022
Hugo,https://www.scriptslug.com/script/hugo-2011,https://assets.scriptslug.com/live/pdf/scripts/hugo-2011.pdf?v=1729114927
The Humans,https://www.scriptslug.com/script/the-humans-2021,https://assets.scriptslug.com/live/pdf/scripts/the-humans-2021.pdf?v=1729115022
The Hummingbird Project,https://www.scriptslug.com/script/the-hummingbird-project-2018,https://assets.scriptslug.com/live/pdf/scripts/the-hummingbird-project-2018.pdf?v=1729115022
The Hunger Games,https://www.scriptslug.com/script/the-hunger-games-2012,https://assets.scriptslug.com/live/pdf/scripts/the-hunger-games-2012.pdf?v=1729115022
"The Hunger Games
Catching Fire",https://www.scriptslug.com/script/the-hunger-games-catching-fire-2013,https://assets.scriptslug.com/live/pdf/scripts/the-hunger-games-catching-fire-2013.pdf?v=1729115023
The Hurt Locker,https://www.scriptslug.com/script/the-hurt-locker-2008,https://assets.scriptslug.com/live/pdf/scripts/the-hurt-locker-2008.pdf?v=1729115023
Hustle & Flow,https://www.scriptslug.com/script/hustle-flow-2005,https://assets.scriptslug.com/live/pdf/scripts/hustle-and-flow-2005.pdf?v=1729114927
The Hustler,https://www.scriptslug.com/script/the-hustler-1961,https://assets.scriptslug.com/live/pdf/scripts/the-hustler-1961.pdf?v=1729115023
Hustlers,https://www.scriptslug.com/script/hustlers-2019,https://assets.scriptslug.com/live/pdf/scripts/hustlers-2019.pdf?v=1729114927
I Don't Feel at Home in This World Anymore.,https://www.scriptslug.com/script/i-dont-feel-at-home-in-this-world-anymore-2017,https://assets.scriptslug.com/live/pdf/scripts/i-dont-feel-at-home-in-this-world-anymore-2017.pdf?v=1729114927
"I Love You, Man",https://www.scriptslug.com/script/i-love-you-man-2009,https://assets.scriptslug.com/live/pdf/scripts/i-love-you-man-2009.pdf?v=1729114927
I Saw the Light,https://www.scriptslug.com/script/i-saw-the-light-2016,https://assets.scriptslug.com/live/pdf/scripts/i-saw-the-light-2016.pdf?v=1729114928
I Think We're Alone Now,https://www.scriptslug.com/script/i-think-were-alone-now-2018,https://assets.scriptslug.com/live/pdf/scripts/i-think-were-alone-now-2018.pdf?v=1729114928
"I, Tonya",https://www.scriptslug.com/script/i-tonya-2017,https://assets.scriptslug.com/live/pdf/scripts/i-tonya-2017.pdf?v=1729114928
Identity,https://www.scriptslug.com/script/identity-2003,https://assets.scriptslug.com/live/pdf/scripts/identity-2003.pdf?v=1729114928
If Beale Street Could Talk,https://www.scriptslug.com/script/if-beale-street-could-talk-2018,https://assets.scriptslug.com/live/pdf/scripts/if-beale-street-could-talk-2018.pdf?v=1729114928
I'm Thinking of Ending Things,https://www.scriptslug.com/script/im-thinking-of-ending-things-2020,https://assets.scriptslug.com/live/pdf/scripts/im-thinking-of-ending-things-2020.pdf?v=1729114928
The Imaginarium of Doctor Parnassus,https://www.scriptslug.com/script/the-imaginarium-of-doctor-parnassus-2009,https://assets.scriptslug.com/live/pdf/scripts/the-imaginarium-of-doctor-parnassus-2009.pdf?v=1729115023
The Imitation Game,https://www.scriptslug.com/script/the-imitation-game-2014,https://assets.scriptslug.com/live/pdf/scripts/the-imitation-game-2014.pdf?v=1729115023
In Bruges,https://www.scriptslug.com/script/in-bruges-2008,https://assets.scriptslug.com/live/pdf/scripts/in-bruges-2008.pdf?v=1729114928
In Fabric,https://www.scriptslug.com/script/in-fabric-2018,https://assets.scriptslug.com/live/pdf/scripts/inf-fabric-2018.pdf?v=1729114929
In the Tall Grass,https://www.scriptslug.com/script/in-the-tall-grass-2019,https://assets.scriptslug.com/live/pdf/scripts/in-the-tall-grass-2019.pdf?v=1729114929
Inception,https://www.scriptslug.com/script/inception-2010,https://assets.scriptslug.com/live/pdf/scripts/inception-2010.pdf?v=1729114929
The Incredible Burt Wonderstone,https://www.scriptslug.com/script/the-incredible-burt-wonderstone-2013,https://assets.scriptslug.com/live/pdf/scripts/the-incredible-burt-wonderstone-2013.pdf?v=1729115023
The Incredible Hulk,https://www.scriptslug.com/script/the-incredible-hulk-2008,https://assets.scriptslug.com/live/pdf/scripts/the-incredible-hulk-2008.pdf?v=1729115023
The Incredibles,https://www.scriptslug.com/script/the-incredibles-2004,https://assets.scriptslug.com/live/pdf/scripts/the-incredibles-2004.pdf?v=1729115023
Indecent Proposal,https://www.scriptslug.com/script/indecent-proposal-1993,https://assets.scriptslug.com/live/pdf/scripts/indecent-proposal-1993.pdf?v=1729114929
Independence Day,https://www.scriptslug.com/script/independence-day-1996,https://assets.scriptslug.com/live/pdf/scripts/independence-day-1996.pdf?v=1729114929
Indiana Jones and the Kingdom of the Crystal Skull,https://www.scriptslug.com/script/indiana-jones-and-the-kingdom-of-the-crystal-skull-2008,https://assets.scriptslug.com/live/pdf/scripts/indiana-jones-and-the-kingdom-of-the-crystal-skull-2008.pdf?v=1729114929
Indiana Jones and the Last Crusade,https://www.scriptslug.com/script/indiana-jones-and-the-last-crusade-1989,https://assets.scriptslug.com/live/pdf/scripts/indiana-jones-and-the-last-crusade-1989.pdf?v=1729114929
Indiana Jones and the Temple of Doom,https://www.scriptslug.com/script/indiana-jones-and-the-temple-of-doom-2020,https://assets.scriptslug.com/live/pdf/scripts/indiana-jones-and-the-temple-of-doom-1984.pdf?v=1729114929
Infinitely Polar Bear,https://www.scriptslug.com/script/infinitely-polar-bear-2014,https://assets.scriptslug.com/live/pdf/scripts/infinitely-polar-bear-2014.pdf?v=1729114929
The Informant!,https://www.scriptslug.com/script/the-informant-2009,https://assets.scriptslug.com/live/pdf/scripts/the-informant-2009.pdf?v=1729115023
Inglourious Basterds,https://www.scriptslug.com/script/inglourious-basterds-2009,https://assets.scriptslug.com/live/pdf/scripts/inglourious-bastards-2009.pdf?v=1729114930
Ingrid Goes West,https://www.scriptslug.com/script/ingrid-goes-west-2017,https://assets.scriptslug.com/live/pdf/scripts/ingrid-goes-west-2017.pdf?v=1729114930
Inherent Vice,https://www.scriptslug.com/script/inherent-vice-2014,https://assets.scriptslug.com/live/pdf/scripts/inherent-vice-2014.pdf?v=1729114930
Initiation,https://www.scriptslug.com/script/initiation-2016,https://assets.scriptslug.com/live/pdf/scripts/initiation-2016.pdf?v=1729114930
Innerspace,https://www.scriptslug.com/script/innerspace-1987,https://assets.scriptslug.com/live/pdf/scripts/innerspace-1987.pdf?v=1729114930
Inside Llewyn Davis,https://www.scriptslug.com/script/inside-llewyn-davis-2013,https://assets.scriptslug.com/live/pdf/scripts/inside-llewyn-davis-2013.pdf?v=1729114930
Inside Out,https://www.scriptslug.com/script/inside-out-2015,https://assets.scriptslug.com/live/pdf/scripts/inside-out-2015.pdf?v=1729114930
Insidious,https://www.scriptslug.com/script/insidious-2010,https://assets.scriptslug.com/live/pdf/scripts/Insidious-2010.pdf?v=1729114850
"Insidious
Chapter 2",https://www.scriptslug.com/script/insidious-chapter-2-2013,https://assets.scriptslug.com/live/pdf/scripts/insidious-chapter-2-2013.pdf?v=1729114930
Insomnia,https://www.scriptslug.com/script/insomnia-2002,https://assets.scriptslug.com/live/pdf/scripts/insomnia-2002.pdf?v=1729114931
Inspector Gadget,https://www.scriptslug.com/script/inspector-gadget-1999,https://assets.scriptslug.com/live/pdf/scripts/inspector-gadget-1999.pdf?v=1729114931
The Internship,https://www.scriptslug.com/script/the-internship-2013,https://assets.scriptslug.com/live/pdf/scripts/the-internship-2013.pdf?v=1729115023
The Interpreter,https://www.scriptslug.com/script/the-interpreter-2005,https://assets.scriptslug.com/live/pdf/scripts/the-interpreter-2005.pdf?v=1729115023
Interstellar,https://www.scriptslug.com/script/interstellar-2014,https://assets.scriptslug.com/live/pdf/scripts/interstellar-2014.pdf?v=1729114931
The Interview,https://www.scriptslug.com/script/the-interview-2014,https://assets.scriptslug.com/live/pdf/scripts/the-interview-2014.pdf?v=1729115024
Interview with the Vampire,https://www.scriptslug.com/script/interview-with-the-vampire-1994,https://assets.scriptslug.com/live/pdf/scripts/interview-with-the-vampire-1994.pdf?v=1729114931
Into the Woods,https://www.scriptslug.com/script/into-the-woods-2014,https://assets.scriptslug.com/live/pdf/scripts/into-the-woods-2014.pdf?v=1729114931
Invasion of the Body Snatchers,https://www.scriptslug.com/script/invasion-of-the-body-snatchers-1978,https://assets.scriptslug.com/live/pdf/scripts/invasion-of-the-body-snatchers-1978.pdf?v=1729114931
The Invisible Woman,https://www.scriptslug.com/script/the-invisible-woman-2013,https://assets.scriptslug.com/live/pdf/scripts/the-invisible-woman-2013.pdf?v=1729115024
The Invitation,https://www.scriptslug.com/script/the-invitation-2015,https://assets.scriptslug.com/live/pdf/scripts/the-invitation-2015.pdf?v=1729115024
The Irishman,https://www.scriptslug.com/script/the-irishman-2019,https://assets.scriptslug.com/live/pdf/scripts/the-irishman-2019.pdf?v=1729115024
The Iron Claw,https://www.scriptslug.com/script/the-iron-claw-2023,https://assets.scriptslug.com/live/pdf/scripts/iron-claw-2023.pdf?v=1729114931
The Iron Giant,https://www.scriptslug.com/script/the-iron-giant-1999,https://assets.scriptslug.com/live/pdf/scripts/the-iron-giant-1999.pdf?v=1729115024
Iron Man,https://www.scriptslug.com/script/iron-man-2008,https://assets.scriptslug.com/live/pdf/scripts/iron-man-2008.pdf?v=1729114931
The Island of Dr. Moreau,https://www.scriptslug.com/script/the-island-of-dr-moreau-1996,https://assets.scriptslug.com/live/pdf/scripts/the-island-of-dr-moreau-1996.pdf?v=1729115024
Isle of Dogs,https://www.scriptslug.com/script/isle-of-dogs-2018,https://assets.scriptslug.com/live/pdf/scripts/isle-of-dogs-2018.pdf?v=1729114931
IT,https://www.scriptslug.com/script/it-2017,https://assets.scriptslug.com/live/pdf/scripts/it-2017.pdf?v=1729114931
It Follows,https://www.scriptslug.com/script/it-follows-2015,https://assets.scriptslug.com/live/pdf/scripts/it-follows-2015.pdf?v=1729114932
It's a Wonderful Life,https://www.scriptslug.com/script/its-a-wonderful-life-1946,https://assets.scriptslug.com/live/pdf/scripts/its-a-wonderful-life-1946.pdf?v=1729114932
It's Complicated,https://www.scriptslug.com/script/its-complicated-2009,https://assets.scriptslug.com/live/pdf/scripts/its-complicated-2009.pdf?v=1729114932
It's Kind of a Funny Story,https://www.scriptslug.com/script/its-kind-of-a-funny-story-2010,https://assets.scriptslug.com/live/pdf/scripts/its-kind-of-a-funny-story-2010.pdf?v=1729114932
Jack Reacher,https://www.scriptslug.com/script/jack-reacher-2012,https://assets.scriptslug.com/live/pdf/scripts/jack-reacher-2012.pdf?v=1729114932
Jackie,https://www.scriptslug.com/script/jackie-2016,https://assets.scriptslug.com/live/pdf/scripts/jackie-2016.pdf?v=1729114932
Jackie Brown,https://www.scriptslug.com/script/jackie-brown-1997,https://assets.scriptslug.com/live/pdf/scripts/jackie-brown-1997.pdf?v=1729114932
Jacob's Ladder,https://www.scriptslug.com/script/jacobs-ladder-1990,https://assets.scriptslug.com/live/pdf/scripts/jacobs-ladder-1990.pdf?v=1729114932
Jagged Edge,https://www.scriptslug.com/script/jagged-edge-1985,https://assets.scriptslug.com/live/pdf/scripts/jagged-edge-1985.pdf?v=1729114933
Jane Eyre,https://www.scriptslug.com/script/jane-eyre-2011,https://assets.scriptslug.com/live/pdf/scripts/jane-eyre-2011.pdf?v=1729114933
Jarhead,https://www.scriptslug.com/script/jarhead-2005,https://assets.scriptslug.com/live/pdf/scripts/jarhead-2005.pdf?v=1729114933
"Jason Goes to Hell
The Final Friday",https://www.scriptslug.com/script/jason-goes-to-hell-the-final-friday-1993,https://assets.scriptslug.com/live/pdf/scripts/jason-goes-to-hell-the-final-friday1993.pdf?v=1729114933
Jaws,https://www.scriptslug.com/script/jaws-1975,https://assets.scriptslug.com/live/pdf/scripts/jaws-1975.pdf?v=1729114933
Jaws 2,https://www.scriptslug.com/script/jaws-2-1978,https://assets.scriptslug.com/live/pdf/scripts/jaws-2-1978.pdf?v=1729114933
Jennifer's Body,https://www.scriptslug.com/script/jennifers-body-2009,https://assets.scriptslug.com/live/pdf/scripts/jennifers-body-2009.pdf?v=1729114933
The Jerk,https://www.scriptslug.com/script/the-jerk-1979,https://assets.scriptslug.com/live/pdf/scripts/the-jerk-1979.pdf?v=1729115024
Jerry Maguire,https://www.scriptslug.com/script/jerry-maguire-1996,https://assets.scriptslug.com/live/pdf/scripts/jerry-maguire-1996.pdf?v=1729114933
The Jewel of the Nile,https://www.scriptslug.com/script/the-jewel-of-the-nile-1985,https://assets.scriptslug.com/live/pdf/scripts/the-jewel-of-the-nile-1985.pdf?v=1729115024
JFK,https://www.scriptslug.com/script/jfk-1991,https://assets.scriptslug.com/live/pdf/scripts/jfk-1991.pdf?v=1729114933
Jingle All the Way,https://www.scriptslug.com/script/jingle-all-the-way-1996,https://assets.scriptslug.com/live/pdf/scripts/jingle-all-the-way-1996.pdf?v=1729114933
"Jo Jo Dancer, Your Life is Calling",https://www.scriptslug.com/script/jo-jo-dancer-your-life-is-calling-1986,https://assets.scriptslug.com/live/pdf/scripts/jo-jo-dancer-your-life-is-calling-1986.pdf?v=1729114934
Jockey,https://www.scriptslug.com/script/jockey-2021,https://assets.scriptslug.com/live/pdf/scripts/jockey-2021.pdf?v=1729114934
John Wick,https://www.scriptslug.com/script/john-wick-2015,https://assets.scriptslug.com/live/pdf/scripts/john-wick-2015.pdf?v=1729114934
"John Wick
Chapter 4",https://www.scriptslug.com/script/john-wick-chapter-4-2023,https://assets.scriptslug.com/live/pdf/scripts/john-wick-chapter-4-2023.pdf?v=1729114934
Jojo Rabbit,https://www.scriptslug.com/script/jojo-rabbit-2019,https://assets.scriptslug.com/live/pdf/scripts/jojo-rabbit-2019.pdf?v=1729114934
Joker,https://www.scriptslug.com/script/joker-2019,https://assets.scriptslug.com/live/pdf/scripts/joker-2019.pdf?v=1729114934
Joy,https://www.scriptslug.com/script/joy-2015,https://assets.scriptslug.com/live/pdf/scripts/joy-2015.pdf?v=1729114934
Judas and the Black Messiah,https://www.scriptslug.com/script/judas-and-the-black-messiah-2021,https://assets.scriptslug.com/live/pdf/scripts/judas-and-the-black-messiah-2021.pdf?v=1729114934
Jules,https://www.scriptslug.com/script/jules-2023,https://assets.scriptslug.com/live/pdf/scripts/jules-2023.pdf?v=1729114934
Julia,https://www.scriptslug.com/script/julia-1977,https://assets.scriptslug.com/live/pdf/scripts/julia-1977.pdf?v=1729114934
Julieta,https://www.scriptslug.com/script/julieta-2016,https://assets.scriptslug.com/live/pdf/scripts/julieta-2016.pdf?v=1729114935
Jumanji,https://www.scriptslug.com/script/jumanji-1995,https://assets.scriptslug.com/live/pdf/scripts/jumanji-1995.pdf?v=1729114935
Juno,https://www.scriptslug.com/script/juno-2007,https://assets.scriptslug.com/live/pdf/scripts/juno-2007.pdf?v=1729114935
Jurassic Park,https://www.scriptslug.com/script/jurassic-park-1993,https://assets.scriptslug.com/live/pdf/scripts/jurassic-park-1993.pdf?v=1729114935
Just Mercy,https://www.scriptslug.com/script/just-mercy-2019,https://assets.scriptslug.com/live/pdf/scripts/just-mercy-2019.pdf?v=1729114935
Kajillionaire,https://www.scriptslug.com/script/kajillionaire-2020,https://assets.scriptslug.com/live/pdf/scripts/kajillionaire-2020.pdf?v=1729114935
Karate Kid,https://www.scriptslug.com/script/karate-kid-1984,https://assets.scriptslug.com/live/pdf/scripts/karate-kid-1984.pdf?v=1729114935
The Karate Kid Part II,https://www.scriptslug.com/script/the-karate-kid-part-ii-1986,https://assets.scriptslug.com/live/pdf/scripts/the-karate-kid-part-ii-1986.pdf?v=1729115024
The Karate Kid Part III,https://www.scriptslug.com/script/the-karate-kid-part-iii-1989,https://assets.scriptslug.com/live/pdf/scripts/the-karate-kid-part-iii-1989.pdf?v=1729115024
Kids,https://www.scriptslug.com/script/kids-1995,https://assets.scriptslug.com/live/pdf/scripts/kids-1995.pdf?v=1729114936
The Kids Are All Right,https://www.scriptslug.com/script/the-kids-are-all-right-2010,https://assets.scriptslug.com/live/pdf/scripts/the-kids-are-all-right-2010.pdf?v=1729115025
"Kill Bill
Vol. 1",https://www.scriptslug.com/script/kill-bill-vol-1-2003,https://assets.scriptslug.com/live/pdf/scripts/kill-bill-vol-1-2003.pdf?v=1729114936
"Kill Bill
Vol. 2",https://www.scriptslug.com/script/kill-bill-vol-2-2004,https://assets.scriptslug.com/live/pdf/scripts/kill-bill-vol-2-2004.pdf?v=1729114936
Kill the Messenger,https://www.scriptslug.com/script/kill-the-messenger-2014,https://assets.scriptslug.com/live/pdf/scripts/kill-the-messenger-2014.pdf?v=1729114936
Kill Your Darlings,https://www.scriptslug.com/script/kill-your-darlings-2013,https://assets.scriptslug.com/live/pdf/scripts/kill-your-darlings-2013.pdf?v=1729114936
The Killer,https://www.scriptslug.com/script/the-killer-2023,https://assets.scriptslug.com/live/pdf/scripts/the-killer-2023.pdf?v=1729115025
Killer Klowns from Outer Space,https://www.scriptslug.com/script/killer-klowns-from-outer-space-1988,https://assets.scriptslug.com/live/pdf/scripts/killer-klowns-from-outer-space-1989.pdf?v=1729114936
Killers of the Flower Moon,https://www.scriptslug.com/script/killers-of-the-flower-moon-2023,https://assets.scriptslug.com/live/pdf/scripts/killers-of-the-flower-moon-2023.pdf?v=1729114936
The Killing of a Sacred Deer,https://www.scriptslug.com/script/the-killing-of-a-sacred-deer-2017,https://assets.scriptslug.com/live/pdf/scripts/the-killing-of-a-sacred-deer-2017.pdf?v=1729115025
Kin,https://www.scriptslug.com/script/kin-2018,https://assets.scriptslug.com/live/pdf/scripts/kin-2018.pdf?v=1729114936
The King,https://www.scriptslug.com/script/the-king-2019,https://assets.scriptslug.com/live/pdf/scripts/the-king-2019.pdf?v=1729115025
King Kong,https://www.scriptslug.com/script/king-kong-2005,https://assets.scriptslug.com/live/pdf/scripts/king-kong-2005.pdf?v=1729114937
The King of Comedy,https://www.scriptslug.com/script/the-king-of-comedy-1982,https://assets.scriptslug.com/live/pdf/scripts/the-king-of-comedy-1982.pdf?v=1729115025
King Richard,https://www.scriptslug.com/script/king-richard-2021,https://assets.scriptslug.com/live/pdf/scripts/king-richard-2021.pdf?v=1729114937
Kingpin,https://www.scriptslug.com/script/kingpin-1996,https://assets.scriptslug.com/live/pdf/scripts/kingpin-1996.pdf?v=1729114937
Kings of Summer,https://www.scriptslug.com/script/kings-of-summer-2013,https://assets.scriptslug.com/live/pdf/scripts/kings-of-summer-2013.pdf?v=1729114937
The King's Speech,https://www.scriptslug.com/script/the-kings-speech-2010,https://assets.scriptslug.com/live/pdf/scripts/the-kings-speech-2010.pdf?v=1729115025
"Kingsman
The Secret Service",https://www.scriptslug.com/script/kingsman-the-secret-service-2014,https://assets.scriptslug.com/live/pdf/scripts/kingsman-the-secret-service-2014.pdf?v=1729114937
Kiss Kiss Bang Bang,https://www.scriptslug.com/script/kiss-kiss-bang-bang-2005,https://assets.scriptslug.com/live/pdf/scripts/kiss-kiss-bang-bang-2005.pdf?v=1729114937
Kiss of the Spider Woman,https://www.scriptslug.com/script/kiss-of-the-spider-woman-1985,https://assets.scriptslug.com/live/pdf/scripts/kiss-of-the-spiderwoman-1985.pdf?v=1729114937
Knight and Day,https://www.scriptslug.com/script/knight-and-day-2010,https://assets.scriptslug.com/live/pdf/scripts/knight-and-day-2010.pdf?v=1729114938
A Knight's Tale,https://www.scriptslug.com/script/a-knights-tale-2001,https://assets.scriptslug.com/live/pdf/scripts/a-knights-tale-2001.pdf?v=1729114852
Knives Out,https://www.scriptslug.com/script/knives-out-2019,https://assets.scriptslug.com/live/pdf/scripts/knives-out-2019.pdf?v=1729114938
A Knock at the Cabin,https://www.scriptslug.com/script/a-knock-at-the-cabin-2023,https://assets.scriptslug.com/live/pdf/scripts/a-knock-at-the-cabin-2023.pdf?v=1729114852
Knocked Up,https://www.scriptslug.com/script/knocked-up-2007,https://assets.scriptslug.com/live/pdf/scripts/knocked-up-2007.pdf?v=1729114938
K-Pax,https://www.scriptslug.com/script/k-pax-2001,https://assets.scriptslug.com/live/pdf/scripts/k-pax-2001.pdf?v=1729114935
Kramer vs. Kramer,https://www.scriptslug.com/script/kramer-vs-kramer-1979,https://assets.scriptslug.com/live/pdf/scripts/kramer-vs-kramer-1979.pdf?v=1729114938
Krampus,https://www.scriptslug.com/script/krampus-2015,https://assets.scriptslug.com/live/pdf/scripts/krampus-2015.pdf?v=1729114938
Kubo and the Two Strings,https://www.scriptslug.com/script/kubo-and-the-two-strings-2016,https://assets.scriptslug.com/live/pdf/scripts/kubo-and-the-two-strings-2016.pdf?v=1729114938
L.A. Confidential,https://www.scriptslug.com/script/l-a-confidential-1997,https://assets.scriptslug.com/live/pdf/scripts/l-a-confidential-1997.pdf?v=1729114938
La La Land,https://www.scriptslug.com/script/la-la-land-2016,https://assets.scriptslug.com/live/pdf/scripts/la-la-land-2016.pdf?v=1729114938
L.A Story,https://www.scriptslug.com/script/l-a-story-1991,https://assets.scriptslug.com/live/pdf/scripts/l-a-story-1991.pdf?v=1729114938
Labor Day,https://www.scriptslug.com/script/labor-day-2013,https://assets.scriptslug.com/live/pdf/scripts/labor-day-2013.pdf?v=1729114939
Lady Bird,https://www.scriptslug.com/script/lady-bird-2017,https://assets.scriptslug.com/live/pdf/scripts/lady-bird-2017.pdf?v=1729114939
Lady Chatterley's Lover,https://www.scriptslug.com/script/lady-chatterleys-lover-2022,https://assets.scriptslug.com/live/pdf/scripts/lady-chatterleys-lover-2022.pdf?v=1729114939
Ladyhawke,https://www.scriptslug.com/script/ladyhawke-1985,https://assets.scriptslug.com/live/pdf/scripts/ladyhawke-1985.pdf?v=1729114939
Lake Placid,https://www.scriptslug.com/script/lake-placid-1999,https://assets.scriptslug.com/live/pdf/scripts/lake-placid-1999.pdf?v=1729114939
Land of Mine,https://www.scriptslug.com/script/land-of-mine-2016,https://assets.scriptslug.com/live/pdf/scripts/land-of-mine-2016.pdf?v=1729114939
Lars and the Real Girl,https://www.scriptslug.com/script/lars-and-the-real-girl-2007,https://assets.scriptslug.com/live/pdf/scripts/lars-and-the-real-girl-2007.pdf?v=1729114939
The Last Boy Scout,https://www.scriptslug.com/script/the-last-boy-scout-1991,https://assets.scriptslug.com/live/pdf/scripts/the-last-boy-scout-1991.pdf?v=1729115025
The Last Castle,https://www.scriptslug.com/script/the-last-castle-2001,https://assets.scriptslug.com/live/pdf/scripts/the-last-castle-2001.pdf?v=1729115025
Last Holiday,https://www.scriptslug.com/script/last-holiday-2006,https://assets.scriptslug.com/live/pdf/scripts/last-holiday-2006.pdf?v=1729114939
Last Night in Soho,https://www.scriptslug.com/script/last-night-in-soho-2021,https://assets.scriptslug.com/live/pdf/scripts/last-night-in-soho-2021.pdf?v=1729114939
The Last Picture Show,https://www.scriptslug.com/script/the-last-picture-show-1971,https://assets.scriptslug.com/live/pdf/scripts/the-last-picture-show-1971.pdf?v=1729115025
The Last Station,https://www.scriptslug.com/script/the-last-station-2009,https://assets.scriptslug.com/live/pdf/scripts/the-last-station-2009.pdf?v=1729115026
The Last Temptation of Christ,https://www.scriptslug.com/script/the-last-temptation-of-christ-1988,https://assets.scriptslug.com/live/pdf/scripts/the-last-temptation-of-christ-1988.pdf?v=1729115026
Law Abiding Citizen,https://www.scriptslug.com/script/law-abiding-citizen-2009,https://assets.scriptslug.com/live/pdf/scripts/law-abiding-citizen-2009.pdf?v=1729114939
Lawrence of Arabia,https://www.scriptslug.com/script/lawrence-of-arabia-1962,https://assets.scriptslug.com/live/pdf/scripts/lawrence-of-arabia-1962.pdf?v=1729114940
A League of Their Own,https://www.scriptslug.com/script/a-league-of-their-own-1992,https://assets.scriptslug.com/live/pdf/scripts/a-league-of-their-own-1992.pdf?v=1729114852
Lean on Me,https://www.scriptslug.com/script/lean-on-me-1989,https://assets.scriptslug.com/live/pdf/scripts/lean-on-me-1989.pdf?v=1729114940
Leave No Trace,https://www.scriptslug.com/script/leave-no-trace-2018,https://assets.scriptslug.com/live/pdf/scripts/leave-no-trace-2018.pdf?v=1729114940
Leaving Las Vegas,https://www.scriptslug.com/script/leaving-las-vegas-1995,https://assets.scriptslug.com/live/pdf/scripts/leaving-las-vegas-1995.pdf?v=1729114940
Lee Daniels' The Butler,https://www.scriptslug.com/script/lee-daniels-the-butler-2013,https://assets.scriptslug.com/live/pdf/scripts/lee-daniels-the-butler-2013.pdf?v=1729114940
Legend,https://www.scriptslug.com/script/legend-1985,https://assets.scriptslug.com/live/pdf/scripts/legend-1985.pdf?v=1729114940
Legend,https://www.scriptslug.com/script/legend-2015,https://assets.scriptslug.com/live/pdf/scripts/legend-2015.pdf?v=1729114940
The Legend of Zorro,https://www.scriptslug.com/script/the-legend-of-zorro-2005,https://assets.scriptslug.com/live/pdf/scripts/the-legend-of-zorro-2005.pdf?v=1729115026
The Lego Movie,https://www.scriptslug.com/script/the-lego-movie-2014,https://assets.scriptslug.com/live/pdf/scripts/the-lego-movie-2014.pdf?v=1729115026
Lenny,https://www.scriptslug.com/script/lenny-1974,https://assets.scriptslug.com/live/pdf/scripts/lenny-1974.pdf?v=1729114940
Leprechaun,https://www.scriptslug.com/script/leprechaun-1993,https://assets.scriptslug.com/live/pdf/scripts/leprechaun-1993.pdf?v=1729114941
Leprechaun 2,https://www.scriptslug.com/script/leprechaun-2-1994,https://assets.scriptslug.com/live/pdf/scripts/leprechaun-2-1994.pdf?v=1729114941
Les Misérables,https://www.scriptslug.com/script/les-mis%C3%A9rables-2012,https://assets.scriptslug.com/live/pdf/scripts/les-miserables-2012.pdf?v=1729114941
Let Me In,https://www.scriptslug.com/script/let-me-in-2010,https://assets.scriptslug.com/live/pdf/scripts/let-me-in-2010.pdf?v=1729114941
Lethal Weapon,https://www.scriptslug.com/script/lethal-weapon-1987,https://assets.scriptslug.com/live/pdf/scripts/lethal-weapon-1987.pdf?v=1729114941
Lethal Weapon 2,https://www.scriptslug.com/script/lethal-weapon-2-1989,https://assets.scriptslug.com/live/pdf/scripts/lethal-weapon-2-1989.pdf?v=1729114941
Lethal Weapon 4,https://www.scriptslug.com/script/lethal-weapon-4-1998,https://assets.scriptslug.com/live/pdf/scripts/lethal-weapon-4-1988.pdf?v=1729114941
Liar Liar,https://www.scriptslug.com/script/liar-liar-1997,https://assets.scriptslug.com/live/pdf/scripts/liar-liar-1997.pdf?v=1729114941
License to Kill,https://www.scriptslug.com/script/license-to-kill-1989,https://assets.scriptslug.com/live/pdf/scripts/license-to-kill-1989.pdf?v=1729114941
Life Itself,https://www.scriptslug.com/script/life-itself-2018,https://assets.scriptslug.com/live/pdf/scripts/life-itself-2018.pdf?v=1729114941
Life of Pi,https://www.scriptslug.com/script/life-of-pi-2012,https://assets.scriptslug.com/live/pdf/scripts/life-of-pi-2012.pdf?v=1729114942
Life Stinks,https://www.scriptslug.com/script/life-stinks-1991,https://assets.scriptslug.com/live/pdf/scripts/life-stinks-1991.pdf?v=1729114942
The Lighthouse,https://www.scriptslug.com/script/the-lighthouse-2019,https://assets.scriptslug.com/live/pdf/scripts/the-lighthouse-2019.pdf?v=1729115026
Lights Out,https://www.scriptslug.com/script/lights-out-2016,https://assets.scriptslug.com/live/pdf/scripts/lights-out-2016.pdf?v=1729114942
Like Father Like Son,https://www.scriptslug.com/script/like-father-like-son-1987,https://assets.scriptslug.com/live/pdf/scripts/like-father-like-son-1987.pdf?v=1729114942
Lincoln,https://www.scriptslug.com/script/lincoln-2012,https://assets.scriptslug.com/live/pdf/scripts/lincoln-2012.pdf?v=1729114942
The Lincoln Lawyer,https://www.scriptslug.com/script/the-lincoln-lawyer-2011,https://assets.scriptslug.com/live/pdf/scripts/the-lincoln-lawyer-2011.pdf?v=1729115026
Lion,https://www.scriptslug.com/script/lion-2016,https://assets.scriptslug.com/live/pdf/scripts/lion-2016.pdf?v=1729114942
The Lion in Winter,https://www.scriptslug.com/script/the-lion-in-winter-1986,https://assets.scriptslug.com/live/pdf/scripts/the-lion-in-the-winter-1968.pdf?v=1729115026
The Lion King,https://www.scriptslug.com/script/the-lion-king-1994,https://assets.scriptslug.com/live/pdf/scripts/the-lion-king-1994.pdf?v=1729115026
The Little Mermaid,https://www.scriptslug.com/script/the-little-mermaid-1989,https://assets.scriptslug.com/live/pdf/scripts/the-little-mermaid-1989.pdf?v=1729115026
Little Miss Sunshine,https://www.scriptslug.com/script/little-miss-sunshine-2006,https://assets.scriptslug.com/live/pdf/scripts/little-miss-sunshine-2006.pdf?v=1729114942
Little Shop of Horrors,https://www.scriptslug.com/script/little-shop-of-horrors-1986,https://assets.scriptslug.com/live/pdf/scripts/little-shop-of-horrors-1986.pdf?v=1729114942
Little Women,https://www.scriptslug.com/script/little-women-2019,https://assets.scriptslug.com/live/pdf/scripts/little-women-2019.pdf?v=1729114942
Live and Let Die,https://www.scriptslug.com/script/live-and-let-die-1973,https://assets.scriptslug.com/live/pdf/scripts/live-and-let-die-1973.pdf?v=1729114942
Live By Night,https://www.scriptslug.com/script/live-by-night-2016,https://assets.scriptslug.com/live/pdf/scripts/live-by-night-2016.pdf?v=1729114943
Live Free or Die Hard,https://www.scriptslug.com/script/live-free-or-die-hard-2007,https://assets.scriptslug.com/live/pdf/scripts/life-free-or-die-hard-2007.pdf?v=1729114941
Living,https://www.scriptslug.com/script/living-2022,https://assets.scriptslug.com/live/pdf/scripts/living-2022.pdf?v=1729114943
The Living Daylights,https://www.scriptslug.com/script/the-living-daylights-1987,https://assets.scriptslug.com/live/pdf/scripts/the-living-daylights-1987.pdf?v=1729115027
The Lobster,https://www.scriptslug.com/script/the-lobster-2015,https://assets.scriptslug.com/live/pdf/scripts/the-lobster-2015.pdf?v=1729115027
"Lock, Stock and Two Smoking Barrels",https://www.scriptslug.com/script/lock-stock-and-two-smoking-barrels-1998,https://assets.scriptslug.com/live/pdf/scripts/lock-stock-and-two-smoking-barrels-1998.pdf?v=1729114943
Locke,https://www.scriptslug.com/script/locke-2013,https://assets.scriptslug.com/live/pdf/scripts/locke-2013.pdf?v=1729114943
Logan,https://www.scriptslug.com/script/logan-2017,https://assets.scriptslug.com/live/pdf/scripts/logan-2017.pdf?v=1729114943
The Lone Ranger,https://www.scriptslug.com/script/the-lone-ranger-2013,https://assets.scriptslug.com/live/pdf/scripts/the-lone-ranger-2013.pdf?v=1729115027
Lone Survivor,https://www.scriptslug.com/script/lone-survivor-2013,https://assets.scriptslug.com/live/pdf/scripts/lone-survivor-2013.pdf?v=1729114943
The Long Goodbye,https://www.scriptslug.com/script/the-long-goodbye-1973,https://assets.scriptslug.com/live/pdf/scripts/the-long-goodbye-1973.pdf?v=1729115027
The Long Kiss Goodnight,https://www.scriptslug.com/script/the-long-kiss-goodnight-1996,https://assets.scriptslug.com/live/pdf/scripts/the-long-kiss-goodnight-1996.pdf?v=1729115027
"Looney Tunes
Back in Action",https://www.scriptslug.com/script/looney-tunes-back-in-action-2003,https://assets.scriptslug.com/live/pdf/scripts/looney-tunes-back-in-action-2003.pdf?v=1729114943
Looper,https://www.scriptslug.com/script/looper-2012,https://assets.scriptslug.com/live/pdf/scripts/looper-2012.pdf?v=1729114943
The Lorax,https://www.scriptslug.com/script/the-lorax-2012,https://assets.scriptslug.com/live/pdf/scripts/the-lorax-2012.pdf?v=1729115027
"The Lord of the Rings
The Fellowship of the Ring",https://www.scriptslug.com/script/the-lord-of-the-rings-the-fellowship-of-the-ring-2001,https://assets.scriptslug.com/live/pdf/scripts/the-lord-of-the-rings-the-fellowship-of-the-ring-2001.pdf?v=1729115027
"The Lord of the Rings
The Return of the King",https://www.scriptslug.com/script/the-lord-of-the-rings-the-return-of-the-king-2003,https://assets.scriptslug.com/live/pdf/scripts/the-lord-of-the-rings-the-3-return-of-the-king-2003.pdf?v=1729115027
"The Lord of the Rings
The Two Towers",https://www.scriptslug.com/script/the-lord-of-the-rings-the-two-towers-2002,https://assets.scriptslug.com/live/pdf/scripts/the-lord-of-the-rings-the-two-towers-2002.pdf?v=1729115027
The Lost Boys,https://www.scriptslug.com/script/the-lost-boys-1987,https://assets.scriptslug.com/live/pdf/scripts/the-lost-boys-1987.pdf?v=1729115028
The Lost City of Z,https://www.scriptslug.com/script/the-lost-city-of-z-2017,https://assets.scriptslug.com/live/pdf/scripts/the-lost-city-of-z-2017.pdf?v=1729115028
The Lost Daughter,https://www.scriptslug.com/script/the-lost-daughter-2021,https://assets.scriptslug.com/live/pdf/scripts/the-lost-daughter-2021.pdf?v=1729115028
Lost Highway,https://www.scriptslug.com/script/lost-highway-1997,https://assets.scriptslug.com/live/pdf/scripts/lost-highway-1997.pdf?v=1729114944
Lost in Translation,https://www.scriptslug.com/script/lost-in-translation-2003,https://assets.scriptslug.com/live/pdf/scripts/lost-in-translation-2003.pdf?v=1729114944
The Lost Weekend,https://www.scriptslug.com/script/the-lost-weekend-1945,https://assets.scriptslug.com/live/pdf/scripts/the-lost-weekend-1945.pdf?v=1729115028
"The Lost World
Jurassic Park",https://www.scriptslug.com/script/the-lost-world-jurassic-park-1997,https://assets.scriptslug.com/live/pdf/scripts/the-lost-world-jurassic-park-1997.pdf?v=1729115028
Love & Other Drugs,https://www.scriptslug.com/script/love-and-other-drugs-2010,https://assets.scriptslug.com/live/pdf/scripts/love-and-other-drugs-2010.pdf?v=1729114944
Love Actually,https://www.scriptslug.com/script/love-actually-2003,https://assets.scriptslug.com/live/pdf/scripts/love-actually-2003.pdf?v=1729114944
Love and Friendship,https://www.scriptslug.com/script/love-and-friendship-2016,https://assets.scriptslug.com/live/pdf/scripts/love-and-friendship-2016.pdf?v=1729114944
Love is Strange,https://www.scriptslug.com/script/love-is-strange-2014,https://assets.scriptslug.com/live/pdf/scripts/love-is-strange-2014.pdf?v=1729114944
"Love, Simon",https://www.scriptslug.com/script/love-simon-2018,https://assets.scriptslug.com/live/pdf/scripts/love-simon-2015.pdf?v=1729114945
Loving,https://www.scriptslug.com/script/loving-2016,https://assets.scriptslug.com/live/pdf/scripts/loving-2016.pdf?v=1729114946
Luca,https://www.scriptslug.com/script/luca-2021,https://assets.scriptslug.com/live/pdf/scripts/luca-2021.pdf?v=1729114946
Lucky Number Slevin,https://www.scriptslug.com/script/lucky-number-slevin-2006,https://assets.scriptslug.com/live/pdf/scripts/lucky-number-slevin-2006.pdf?v=1729114946
Lucy,https://www.scriptslug.com/script/lucy-2014,https://assets.scriptslug.com/live/pdf/scripts/lucy-2014.pdf?v=1729114946
Lucy in the Sky,https://www.scriptslug.com/script/lucy-in-the-sky-2019,https://assets.scriptslug.com/live/pdf/scripts/lucy-in-the-sky-2019.pdf?v=1729114946
The Lunchbox,https://www.scriptslug.com/script/the-lunchbox-2013,https://assets.scriptslug.com/live/pdf/scripts/the-lunchbox-2013.pdf?v=1729115028
MacGruber,https://www.scriptslug.com/script/macgruber-2010,https://assets.scriptslug.com/live/pdf/scripts/macgruber-2010.pdf?v=1729114946
"Mad Max
Fury Road",https://www.scriptslug.com/script/mad-max-fury-road-2015,https://assets.scriptslug.com/live/pdf/scripts/mad-max-fury-road-2015.pdf?v=1729114946
Made in Heaven,https://www.scriptslug.com/script/made-in-heaven-1987,https://assets.scriptslug.com/live/pdf/scripts/made-in-heaven-1987.pdf?v=1729114947
Maestro,https://www.scriptslug.com/script/maestro-2023,https://assets.scriptslug.com/live/pdf/scripts/maestro-2023.pdf?v=1729114947
Maggie's Plan,https://www.scriptslug.com/script/maggies-plan-2016,https://assets.scriptslug.com/live/pdf/scripts/maggies-plan-2016.pdf?v=1729114947
Magnolia,https://www.scriptslug.com/script/magnolia-1999,https://assets.scriptslug.com/live/pdf/scripts/magnolia-1999.pdf?v=1729114947
The Majestic,https://www.scriptslug.com/script/the-majestic-2001,https://assets.scriptslug.com/live/pdf/scripts/the-majestic-2001.pdf?v=1729115028
Malcolm & Marie,https://www.scriptslug.com/script/malcolm-and-marie-2021,https://assets.scriptslug.com/live/pdf/scripts/malcolm-and-marie-2021.pdf?v=1729114947
Malcolm X,https://www.scriptslug.com/script/malcolm-x-1992,https://assets.scriptslug.com/live/pdf/scripts/malcolm-x-1992.pdf?v=1729114947
Malibu's Most Wanted,https://www.scriptslug.com/script/malibus-most-wanted-2003,https://assets.scriptslug.com/live/pdf/scripts/malibus-most-wanted-2003.pdf?v=1729114947
Malignant,https://www.scriptslug.com/script/malignant-2021,https://assets.scriptslug.com/live/pdf/scripts/malignant-2021.pdf?v=1729114947
Mallrats,https://www.scriptslug.com/script/mallrats-1995,https://assets.scriptslug.com/live/pdf/scripts/mallrats-1995.pdf?v=1729114947
The Maltese Falcon,https://www.scriptslug.com/script/the-maltese-falcon-1941,https://assets.scriptslug.com/live/pdf/scripts/the-maltese-falcon-1941.pdf?v=1729115028
A Man Called Otto,https://www.scriptslug.com/script/a-man-called-otto-2022,https://assets.scriptslug.com/live/pdf/scripts/a-man-called-otto-2022.pdf?v=1729114852
The Man from U.N.C.L.E.,https://www.scriptslug.com/script/the-man-from-uncle-2015,https://assets.scriptslug.com/live/pdf/scripts/the-man-from-uncle-2015.pdf?v=1729115028
Man on a Ledge,https://www.scriptslug.com/script/man-on-a-ledge-2012,https://assets.scriptslug.com/live/pdf/scripts/man-on-a-ledge-2012.pdf?v=1729114948
Man on Fire,https://www.scriptslug.com/script/man-on-fire-2004,https://assets.scriptslug.com/live/pdf/scripts/man-on-fire-2004.pdf?v=1729114948
Man on the Moon,https://www.scriptslug.com/script/man-on-the-moon-1999,https://assets.scriptslug.com/live/pdf/scripts/man-on-the-moon-1999.pdf?v=1729114948
The Man Who Invented Christmas,https://www.scriptslug.com/script/the-man-who-invented-christmas-2017,https://assets.scriptslug.com/live/pdf/scripts/the-man-who-invented-christmas-2017.pdf?v=1729115029
The Manchurian Candidate,https://www.scriptslug.com/script/the-manchurian-candidate-2004,https://assets.scriptslug.com/live/pdf/scripts/the-manchurian-candidate-2004.pdf?v=1729115029
Mandy,https://www.scriptslug.com/script/mandy-2018,https://assets.scriptslug.com/live/pdf/scripts/mandy-2018.pdf?v=1729114948
Maniac Cop,https://www.scriptslug.com/script/maniac-cop,https://assets.scriptslug.com/live/pdf/scripts/maniac-cop-1988.pdf?v=1729114948
Mank,https://www.scriptslug.com/script/mank-2020,https://assets.scriptslug.com/live/pdf/scripts/mank-2020.pdf?v=1729114948
Margin Call,https://www.scriptslug.com/script/margin-call-2011,https://assets.scriptslug.com/live/pdf/scripts/margin-call-2011.pdf?v=1729114949
Maria,https://www.scriptslug.com/script/maria-2024,https://assets.scriptslug.com/live/pdf/scripts/maria-2024.pdf?v=1738547975
Maria Full of Grace,https://www.scriptslug.com/script/maria-full-of-grace-2004,https://assets.scriptslug.com/live/pdf/scripts/maria-full-of-grace-2004.pdf?v=1729114949
Marriage Story,https://www.scriptslug.com/script/marriage-story-2019,https://assets.scriptslug.com/live/pdf/scripts/marriage-story-2019.pdf?v=1729114949
Mars Attacks!,https://www.scriptslug.com/script/mars-attacks-1996,https://assets.scriptslug.com/live/pdf/scripts/mars-attacks-1996.pdf?v=1729114949
The Martian,https://www.scriptslug.com/script/the-martian-2015,https://assets.scriptslug.com/live/pdf/scripts/the-martian-2015.pdf?v=1729115029
Martyrs,https://www.scriptslug.com/script/martyrs-2015,https://assets.scriptslug.com/live/pdf/scripts/martyrs-2015.pdf?v=1729114949
Mary Poppins,https://www.scriptslug.com/script/mary-poppins-1964,https://assets.scriptslug.com/live/pdf/scripts/mary-poppins-1964.pdf?v=1729114949
Mary Poppins Returns,https://www.scriptslug.com/script/mary-poppins-returns-2018,https://assets.scriptslug.com/live/pdf/scripts/mary-poppins-returns-2018.pdf?v=1729114949
Mary Queen of Scots,https://www.scriptslug.com/script/mary-queen-of-scots-2018,https://assets.scriptslug.com/live/pdf/scripts/mary-queen-of-scots-2018.pdf?v=1729114949
Mary Shelley's Frankenstein,https://www.scriptslug.com/script/mary-shelleys-frankenstein-1994,https://assets.scriptslug.com/live/pdf/scripts/mary-shelleys-frankenstein-1994.pdf?v=1729114950
The Mask,https://www.scriptslug.com/script/the-mask-1994,https://assets.scriptslug.com/live/pdf/scripts/the-mask-1994.pdf?v=1729115029
The Mask of Zorro,https://www.scriptslug.com/script/the-mask-of-zorro-1998,https://assets.scriptslug.com/live/pdf/scripts/the-mask-of-zorro-1998.pdf?v=1729115029
Mass,https://www.scriptslug.com/script/mass-2021,https://assets.scriptslug.com/live/pdf/scripts/mass-2021.pdf?v=1729114950
The Master,https://www.scriptslug.com/script/the-master-2012,https://assets.scriptslug.com/live/pdf/scripts/the-master-2012.pdf?v=1729115029
Master,https://www.scriptslug.com/script/master-2022,https://assets.scriptslug.com/live/pdf/scripts/master-2022.pdf?v=1729114950
The Matador,https://www.scriptslug.com/script/the-matador-2005,https://assets.scriptslug.com/live/pdf/scripts/the-matador-2005.pdf?v=1729115029
Match Point,https://www.scriptslug.com/script/match-point-2005,https://assets.scriptslug.com/live/pdf/scripts/match-point-2005.pdf?v=1729114950
The Matrix,https://www.scriptslug.com/script/the-matrix-1999,https://assets.scriptslug.com/live/pdf/scripts/the-matrix-1999.pdf?v=1729115029
The Matrix Reloaded,https://www.scriptslug.com/script/the-matrix-reloaded-2003,https://assets.scriptslug.com/live/pdf/scripts/the-matrix-reloaded-2003.pdf?v=1729115030
The Matrix Revolutions,https://www.scriptslug.com/script/the-matrix-revolutions-2003,https://assets.scriptslug.com/live/pdf/scripts/the-matrix-revolutions-2003.pdf?v=1729115030
Maudie,https://www.scriptslug.com/script/maudie-2017,https://assets.scriptslug.com/live/pdf/scripts/maudie-2017.pdf?v=1729114950
May December,https://www.scriptslug.com/script/may-december-2023,https://assets.scriptslug.com/live/pdf/scripts/may-december-2023.pdf?v=1729114950
The Maze Runner,https://www.scriptslug.com/script/the-maze-runner-2014,https://assets.scriptslug.com/live/pdf/scripts/the-maze-runner-2014.pdf?v=1729115030
Me and Earl and the Dying Girl,https://www.scriptslug.com/script/me-and-earl-and-the-dying-girl-2015,https://assets.scriptslug.com/live/pdf/scripts/me-earl-and-the-dying-girl-2015.pdf?v=1729114951
Me Him Her,https://www.scriptslug.com/script/me-him-her-2015,https://assets.scriptslug.com/live/pdf/scripts/me-him-her-2015.pdf?v=1729114951
Mean Girls,https://www.scriptslug.com/script/mean-girls-2004,https://assets.scriptslug.com/live/pdf/scripts/mean-girls-2004.pdf?v=1729114951
Mean Streets,https://www.scriptslug.com/script/mean-streets-1973,https://assets.scriptslug.com/live/pdf/scripts/mean-streets-1973.pdf?v=1729114951
Meatballs,https://www.scriptslug.com/script/meatballs-1979,https://assets.scriptslug.com/live/pdf/scripts/meatballs-1979.pdf?v=1729114951
The Meddler,https://www.scriptslug.com/script/the-meddler-2016,https://assets.scriptslug.com/live/pdf/scripts/the-meddler-2016.pdf?v=1729115030
The Meg,https://www.scriptslug.com/script/the-meg-2018,https://assets.scriptslug.com/live/pdf/scripts/the-meg-2018.pdf?v=1729115030
Megamind,https://www.scriptslug.com/script/megamind-2010,https://assets.scriptslug.com/live/pdf/scripts/megamind-2010.pdf?v=1729114951
Memento,https://www.scriptslug.com/script/memento-2000,https://assets.scriptslug.com/live/pdf/scripts/memento-2000.pdf?v=1729114951
Memoirs of a Geisha,https://www.scriptslug.com/script/memoirs-of-a-geisha-2005,https://assets.scriptslug.com/live/pdf/scripts/memoirs-of-a-geisha-2005.pdf?v=1729114951
Memories of Murder,https://www.scriptslug.com/script/memories-of-murder-2003,https://assets.scriptslug.com/live/pdf/scripts/memories-of-murder-2003.pdf?v=1729114951
Memory,https://www.scriptslug.com/script/memory-2023,https://assets.scriptslug.com/live/pdf/scripts/memory-2023.pdf?v=1729114952
Men in Black,https://www.scriptslug.com/script/men-in-black-1997,https://assets.scriptslug.com/live/pdf/scripts/men-in-black-1997.pdf?v=1729114952
The Men Who Stare at Goats,https://www.scriptslug.com/script/the-men-who-stare-at-goats-2009,https://assets.scriptslug.com/live/pdf/scripts/the-men-who-stare-at-goats-2009.pdf?v=1729115030
Menace II Society,https://www.scriptslug.com/script/menace-ii-society-1993,https://assets.scriptslug.com/live/pdf/scripts/menace-ii-society-1993.pdf?v=1729114952
The Menu,https://www.scriptslug.com/script/the-menu-2022,https://assets.scriptslug.com/live/pdf/scripts/the-menu-2022.pdf?v=1729115030
Michael Clayton,https://www.scriptslug.com/script/michael-clayton-2007,https://assets.scriptslug.com/live/pdf/scripts/michael-clayton-2007.pdf?v=1729114952
Mid90s,https://www.scriptslug.com/script/mid90s-2018,https://assets.scriptslug.com/live/pdf/scripts/mid90s-2018.pdf?v=1729114952
Midnight Cowboy,https://www.scriptslug.com/script/midnight-cowboy-1969,https://assets.scriptslug.com/live/pdf/scripts/midnight-cowboy-1969.pdf?v=1729114952
Midnight in Paris,https://www.scriptslug.com/script/midnight-in-paris-2011,https://assets.scriptslug.com/live/pdf/scripts/midnight-in-paris-2011.pdf?v=1729114952
Midnight Run,https://www.scriptslug.com/script/midnight-run-1988,https://assets.scriptslug.com/live/pdf/scripts/midnight-run-1988.pdf?v=1729114953
The Midnight Sky,https://www.scriptslug.com/script/the-midnight-sky-2020,https://assets.scriptslug.com/live/pdf/scripts/the-midnight-sky-2020.pdf?v=1729115030
Midsommar,https://www.scriptslug.com/script/midsommar-2019,https://assets.scriptslug.com/live/pdf/scripts/midsommar-2019.pdf?v=1729114953
Midway,https://www.scriptslug.com/script/midway-2019,https://assets.scriptslug.com/live/pdf/scripts/midway-2019.pdf?v=1729114953
The Mighty Ducks,https://www.scriptslug.com/script/the-mighty-ducks-1992,https://assets.scriptslug.com/live/pdf/scripts/the-mighty-ducks-1992.pdf?v=1729115031
Mikey and Nicky,https://www.scriptslug.com/script/mikey-and-nicky-1976,https://assets.scriptslug.com/live/pdf/scripts/mikey-and-nicky-1976.pdf?v=1729114953
Miles Ahead,https://www.scriptslug.com/script/miles-ahead-2016,https://assets.scriptslug.com/live/pdf/scripts/miles-ahead-2016.pdf?v=1729114953
Miller's Girl,https://www.scriptslug.com/script/millers-girl-2024,https://assets.scriptslug.com/live/pdf/scripts/millers-girl-2024.pdf?v=1729114953
Million Dollar Baby,https://www.scriptslug.com/script/million-dollar-baby-2004,https://assets.scriptslug.com/live/pdf/scripts/million-dollar-baby-2004.pdf?v=1729114953
A Million Miles Away,https://www.scriptslug.com/script/a-million-miles-away-2023,https://assets.scriptslug.com/live/pdf/scripts/a-million-miles-away-2023.pdf?v=1729114852
Mimic,https://www.scriptslug.com/script/mimic-1997,https://assets.scriptslug.com/live/pdf/scripts/mimic-1997.pdf?v=1729114953
Minari,https://www.scriptslug.com/script/minari-2020,https://assets.scriptslug.com/live/pdf/scripts/minari-2020.pdf?v=1729114954
Minority Report,https://www.scriptslug.com/script/minority-report-2002,https://assets.scriptslug.com/live/pdf/scripts/minority-report-2002.pdf?v=1729114954
The Miracle Club,https://www.scriptslug.com/script/the-miracle-club-2023,https://assets.scriptslug.com/live/pdf/scripts/the-miracle-club-2023.pdf?v=1729115031
Misery,https://www.scriptslug.com/script/misery-1990,https://assets.scriptslug.com/live/pdf/scripts/misery-1990.pdf?v=1729114954
Miss Congeniality,https://www.scriptslug.com/script/miss-congeniality-2000,https://assets.scriptslug.com/live/pdf/scripts/miss-congeniality-2000.pdf?v=1729114954
Miss Sloane,https://www.scriptslug.com/script/miss-sloane-2016,https://assets.scriptslug.com/live/pdf/scripts/miss-sloane-2016.pdf?v=1729114954
"Mission
Impossible - Fallout",https://www.scriptslug.com/script/mission-impossible-fallout-2018,https://assets.scriptslug.com/live/pdf/scripts/mission-impossible-fallout-2018.pdf?v=1729114954
"MIssion
Impossible - Rogue Nation",https://www.scriptslug.com/script/mission-impossible-rogue-nation-2015,https://assets.scriptslug.com/live/pdf/scripts/mission-impossible-rogue-nation-2015.pdf?v=1729114955
"Mission
Impossible",https://www.scriptslug.com/script/mission-impossible-1996,https://assets.scriptslug.com/live/pdf/scripts/mission-impossible-1996.pdf?v=1729114954
"Mission
Impossible II",https://www.scriptslug.com/script/mission-impossible-ii-2000,https://assets.scriptslug.com/live/pdf/scripts/mission-impossible-ii-2000.pdf?v=1729114954
"Mission
Impossible III",https://www.scriptslug.com/script/mission-impossible-iii-2006,https://assets.scriptslug.com/live/pdf/scripts/mission-impossible-iii-2006.pdf?v=1729114955
The Mitchells vs the Machines,https://www.scriptslug.com/script/the-mitchells-vs-the-machines-2021,https://assets.scriptslug.com/live/pdf/scripts/the-mitchells-vs-the-machines-2021_2021-12-30-220917_rfqw.pdf?v=1729115031
Molly's Game,https://www.scriptslug.com/script/mollys-game-2017,https://assets.scriptslug.com/live/pdf/scripts/mollys-game-2017.pdf?v=1729114955
Moneyball,https://www.scriptslug.com/script/moneyball-2011,https://assets.scriptslug.com/live/pdf/scripts/moneyball-2011.pdf?v=1729114956
Monster,https://www.scriptslug.com/script/monster-2003,https://assets.scriptslug.com/live/pdf/scripts/monster-2003.pdf?v=1729114956
A Monster Calls,https://www.scriptslug.com/script/a-monster-calls-2016,https://assets.scriptslug.com/live/pdf/scripts/a-monster-calls-2016.pdf?v=1729114852
Monster's Ball,https://www.scriptslug.com/script/monsters-ball-2001,https://assets.scriptslug.com/live/pdf/scripts/monsters-ball-2001.pdf?v=1729114956
"Monsters, Inc.",https://www.scriptslug.com/script/monsters-inc,https://assets.scriptslug.com/live/pdf/scripts/monsters-inc-2001.pdf?v=1729114956
Monsters University,https://www.scriptslug.com/script/monsters-university-2013,https://assets.scriptslug.com/live/pdf/scripts/monsters-university-2013.pdf?v=1729114956
Moon,https://www.scriptslug.com/script/moon-2009,https://assets.scriptslug.com/live/pdf/scripts/moon-2009.pdf?v=1729114956
Moonlight,https://www.scriptslug.com/script/moonlight-2016,https://assets.scriptslug.com/live/pdf/scripts/moonlight-2016.pdf?v=1729114956
Moonrise Kingdom,https://www.scriptslug.com/script/moonrise-kingdom-2012,https://assets.scriptslug.com/live/pdf/scripts/moonrise-kingdom-2012.pdf?v=1729114956
Moonstruck,https://www.scriptslug.com/script/moonstruck-1987,https://assets.scriptslug.com/live/pdf/scripts/moonstruck-1987.pdf?v=1729114956
A Most Violent Year,https://www.scriptslug.com/script/a-most-violent-year-2014,https://assets.scriptslug.com/live/pdf/scripts/a-most-violent-year-2014.pdf?v=1729114852
mother!,https://www.scriptslug.com/script/mother-2017,https://assets.scriptslug.com/live/pdf/scripts/mother-2017.pdf?v=1729114957
The Mother,https://www.scriptslug.com/script/the-mother-2023,https://assets.scriptslug.com/live/pdf/scripts/the-mother-2023.pdf?v=1729115031
Motherless Brooklyn,https://www.scriptslug.com/script/motherless-brooklyn-2019,https://assets.scriptslug.com/live/pdf/scripts/motherless-brooklyn-2019.pdf?v=1729114957
Moulin Rouge!,https://www.scriptslug.com/script/moulin-rouge-2001,https://assets.scriptslug.com/live/pdf/scripts/moulin-rouge-2001.pdf?v=1729114957
Mr. & Mrs. Smith,https://www.scriptslug.com/script/mr-and-mrs-smith-2005,https://assets.scriptslug.com/live/pdf/scripts/mr-and-mrs-smith-2005.pdf?v=1729114957
Mr. Holland's Opus,https://www.scriptslug.com/script/mr-hollands-opus-1995,https://assets.scriptslug.com/live/pdf/scripts/mr-hollands-opus-1995.pdf?v=1729114957
Mr. Mom,https://www.scriptslug.com/script/mr-mom-1983,https://assets.scriptslug.com/live/pdf/scripts/mr-mom-1983.pdf?v=1729114957
Mr. Nobody,https://www.scriptslug.com/script/mr-nobody-2009,https://assets.scriptslug.com/live/pdf/scripts/mr-nobody-2009.pdf?v=1729114957
Mr. Right,https://www.scriptslug.com/script/mr-right-2015,https://assets.scriptslug.com/live/pdf/scripts/mr-right-2015.pdf?v=1729114957
Mr. Turner,https://www.scriptslug.com/script/mr-turner-2014,https://assets.scriptslug.com/live/pdf/scripts/mr-turner-2014.pdf?v=1729114958
Mud,https://www.scriptslug.com/script/mud-2012,https://assets.scriptslug.com/live/pdf/scripts/mud-2012.pdf?v=1729114958
Mudbound,https://www.scriptslug.com/script/mudbound-2017,https://assets.scriptslug.com/live/pdf/scripts/mudbound-2017.pdf?v=1729114958
Mulan,https://www.scriptslug.com/script/mulan-1998,https://assets.scriptslug.com/live/pdf/scripts/mulan-1998.pdf?v=1729114958
Mulholland Dr.,https://www.scriptslug.com/script/mulholland-dr-2001,https://assets.scriptslug.com/live/pdf/scripts/mulholland-drive-2001.pdf?v=1729114958
The Mummy,https://www.scriptslug.com/script/the-mummy-1999,https://assets.scriptslug.com/live/pdf/scripts/the-mummy-1999.pdf?v=1729115031
The Mummy,https://www.scriptslug.com/script/the-mummy-2017,https://assets.scriptslug.com/live/pdf/scripts/the-mummy-2017.pdf?v=1729115031
The Mummy Returns,https://www.scriptslug.com/script/the-mummy-returns-2001,https://assets.scriptslug.com/live/pdf/scripts/the-mummy-returns-2001.pdf?v=1729115031
"The Mummy
Tomb of the Dragon Emperor",https://www.scriptslug.com/script/the-mummy-tomb-of-the-dragon-emperor-2008,https://assets.scriptslug.com/live/pdf/scripts/the-mummy-tomb-of-the-dragon-emperor-2008.pdf?v=1729115031
Murder on the Orient Express,https://www.scriptslug.com/script/murder-on-the-orient-express-2017,https://assets.scriptslug.com/live/pdf/scripts/murder-on-the-orient-express-2017.pdf?v=1729114958
My Big Fat Greek Wedding 2,https://www.scriptslug.com/script/my-big-fat-greek-wedding-2-2016,https://assets.scriptslug.com/live/pdf/scripts/my-big-fat-greek-wedding-2-2016.pdf?v=1729114958
My Cousin Vinny,https://www.scriptslug.com/script/my-cousin-vinny-1992,https://assets.scriptslug.com/live/pdf/scripts/my-cousin-vinny-1992.pdf?v=1729114958
My Demon Lover,https://www.scriptslug.com/script/my-demon-lover-1987,https://assets.scriptslug.com/live/pdf/scripts/my-demon-lover-1987.pdf?v=1729114959
My Friend Dahmer,https://www.scriptslug.com/script/my-friend-dahmer-2017,https://assets.scriptslug.com/live/pdf/scripts/my-friend-dahmer-2017.pdf?v=1729114959
My Old Ass,https://www.scriptslug.com/script/my-old-ass-2024,https://assets.scriptslug.com/live/pdf/scripts/my-old-ass-2024.pdf?v=1738547793
My Policeman,https://www.scriptslug.com/script/my-policeman-2022,https://assets.scriptslug.com/live/pdf/scripts/my-policeman-2022.pdf?v=1729114959
My Week with Marilyn,https://www.scriptslug.com/script/my-week-with-marilyn-2011,https://assets.scriptslug.com/live/pdf/scripts/my-week-with-marilyn-2011.pdf?v=1729114959
Mystery Men,https://www.scriptslug.com/script/mystery-men-1999,https://assets.scriptslug.com/live/pdf/scripts/mystery-men-1999.pdf?v=1729114959
"The Naked Gun 2½
The Smell of Fear",https://www.scriptslug.com/script/the-naked-gun-2-1-2-the-smell-of-fear-1991,https://assets.scriptslug.com/live/pdf/scripts/the-naked-gun-2-1-2-the-smell-of-fear-1991.pdf?v=1729115031
"Naked Gun 33 1/3
The Final Insult",https://www.scriptslug.com/script/naked-gun-33-1-3-the-final-insult-1994,https://assets.scriptslug.com/live/pdf/scripts/naked-gun-33-1-3-the-final-insult-1994.pdf?v=1729114959
"The Naked Gun
From the Files of Police Squad!",https://www.scriptslug.com/script/the-naked-gun-from-the-files-of-police-squad-1988,https://assets.scriptslug.com/live/pdf/scripts/the-naked-gun-from-the-files-of-police-squad-1988.pdf?v=1729115032
Nanny,https://www.scriptslug.com/script/nanny-2022,https://assets.scriptslug.com/live/pdf/scripts/nanny-2022.pdf?v=1729114959
Napoleon,https://www.scriptslug.com/script/napoleon-2023,https://assets.scriptslug.com/live/pdf/scripts/napoleon-2023.pdf?v=1729114959
Napoleon Dynamite,https://www.scriptslug.com/script/napoleon-dynamite-2004,https://assets.scriptslug.com/live/pdf/scripts/nopoleon-dynamite-2004.pdf?v=1729114963
National Lampoon's Animal House,https://www.scriptslug.com/script/national-lampoons-animal-house-1978,https://assets.scriptslug.com/live/pdf/scripts/national-lampoons-animal-house-1978.pdf?v=1729114960
National Lampoon's Christmas Vacation,https://www.scriptslug.com/script/national-lampoons-christmas-vacation-1989,https://assets.scriptslug.com/live/pdf/scripts/national-lampoons-christmas-vacation-1989.pdf?v=1729114960
National Lampoon's European Vacation,https://www.scriptslug.com/script/national-lampoons-european-vacation-1985,https://assets.scriptslug.com/live/pdf/scripts/national-lampoons-european-vacation-1985.pdf?v=1729114960
National Lampoon's Vacation,https://www.scriptslug.com/script/national-lampoons-vacation-1983,https://assets.scriptslug.com/live/pdf/scripts/national-lampoons-vacation-1983.pdf?v=1729114960
National Treasure,https://www.scriptslug.com/script/national-treasure-2004,https://assets.scriptslug.com/live/pdf/scripts/national-treasure-2004.pdf?v=1729114960
Natural Born Killers,https://www.scriptslug.com/script/natural-born-killers-1994,https://assets.scriptslug.com/live/pdf/scripts/natural-born-killer-1994.pdf?v=1729114960
Near Dark,https://www.scriptslug.com/script/near-dark-1987,https://assets.scriptslug.com/live/pdf/scripts/near-dark-1987.pdf?v=1729114960
Nebraska,https://www.scriptslug.com/script/nebraska-2013,https://assets.scriptslug.com/live/pdf/scripts/nebraska-2013.pdf?v=1729114960
Nell,https://www.scriptslug.com/script/nell-2024,https://assets.scriptslug.com/live/pdf/scripts/nell-2024.pdf?v=1741848457
The Neon Demon,https://www.scriptslug.com/script/the-neon-demon-2016,https://assets.scriptslug.com/live/pdf/scripts/the-neon-demon-2016.pdf?v=1729115032
Network,https://www.scriptslug.com/script/network-1976,https://assets.scriptslug.com/live/pdf/scripts/network-1976.pdf?v=1729114961
Never Look Away,https://www.scriptslug.com/script/never-look-away-2018,https://assets.scriptslug.com/live/pdf/scripts/never-look-away-2018.pdf?v=1729114961
Never Rarely Sometimes Always,https://www.scriptslug.com/script/never-rarely-sometimes-always-2020,https://assets.scriptslug.com/live/pdf/scripts/never-rarely-sometimes-always-2020.pdf?v=1729114961
New Jack City,https://www.scriptslug.com/script/new-jack-city-1991,https://assets.scriptslug.com/live/pdf/scripts/new-jack-city-1991.pdf?v=1729114961
A New Leaf,https://www.scriptslug.com/script/a-new-leaf-1971,https://assets.scriptslug.com/live/pdf/scripts/a-new-leaf-1971.pdf?v=1729114852
The Nice Guys,https://www.scriptslug.com/script/the-nice-guys-2016,https://assets.scriptslug.com/live/pdf/scripts/the-nice-guys-2016.pdf?v=1729115032
Nick and Norah's Infinite Playlist,https://www.scriptslug.com/script/nick-and-norahs-infinite-playlist-2008,https://assets.scriptslug.com/live/pdf/scripts/nick-and-norahs-infiinite-playlist-2008.pdf?v=1729114961
Nickel Boys,https://www.scriptslug.com/script/nickel-boys-2024,https://assets.scriptslug.com/live/pdf/scripts/nickel-boys-2024.pdf?v=1738464415
The Night House,https://www.scriptslug.com/script/the-night-house-2030,https://assets.scriptslug.com/live/pdf/scripts/the-night-house-2020.pdf?v=1729115032
Night Nurse,https://www.scriptslug.com/script/night-nurse-1931,https://assets.scriptslug.com/live/pdf/scripts/night-nurse-1931.pdf?v=1729114961
Night of the Demons,https://www.scriptslug.com/script/night-of-the-demons-1988,https://assets.scriptslug.com/live/pdf/scripts/night-of-the-demons-1988.pdf?v=1729114961
Night of the Living Dead,https://www.scriptslug.com/script/night-of-the-living-dead-1968,https://assets.scriptslug.com/live/pdf/scripts/night-of-the-living-dead-1968.pdf?v=1729114962
Nightbitch,https://www.scriptslug.com/script/nightbitch-2024,https://assets.scriptslug.com/live/pdf/scripts/nightbitch-2024.pdf?v=1738547724
Nightcrawler,https://www.scriptslug.com/script/nightcrawler-2014,https://assets.scriptslug.com/live/pdf/scripts/nightcrawler-2014.pdf?v=1729114962
Nightmare Alley,https://www.scriptslug.com/script/nightmare-alley-2021,https://assets.scriptslug.com/live/pdf/scripts/nightmare-alley-2021.pdf?v=1729114962
The Nightmare Before Christmas,https://www.scriptslug.com/script/the-nightmare-before-christmas-1993,https://assets.scriptslug.com/live/pdf/scripts/the-nightmare-before-christmas-1993.pdf?v=1729115033
A Nightmare On Elm Street,https://www.scriptslug.com/script/a-nightmare-on-elm-street-1984,https://assets.scriptslug.com/live/pdf/scripts/a-nightmare-on-elm-street-1984.pdf?v=1729114852
"A Nightmare On Elm Street 3
Dream Warriors",https://www.scriptslug.com/script/a-nightmare-on-elm-street-3-dream-warriors-1987,https://assets.scriptslug.com/live/pdf/scripts/nightmare-on-elm-street-3-dream-warriors-1987.pdf?v=1729114962
"A Nightmare on Elm Street 5
The Dream Child",https://www.scriptslug.com/script/a-nightmare-on-elm-street-5-the-dream-child,https://assets.scriptslug.com/live/pdf/scripts/a-nightmare-on-elm-street-the-dream-child-1989.pdf?v=1729114853
Nine Days,https://www.scriptslug.com/script/nine-days-2020,https://assets.scriptslug.com/live/pdf/scripts/nine-days-2020.pdf?v=1729114962
The Nines,https://www.scriptslug.com/script/the-nines-2007,https://assets.scriptslug.com/live/pdf/scripts/the-nines-2007.pdf?v=1729115033
Ninja Assassin,https://www.scriptslug.com/script/ninja-assassin-2009,https://assets.scriptslug.com/live/pdf/scripts/ninja-assassin-2009.pdf?v=1729114962
Nixon,https://www.scriptslug.com/script/nixon-1995,https://assets.scriptslug.com/live/pdf/scripts/nixon-1995.pdf?v=1729114962
No Country for Old Men,https://www.scriptslug.com/script/no-country-for-old-men-2007,https://assets.scriptslug.com/live/pdf/scripts/no-country-for-old-men-2007.pdf?v=1729114962
No Hard Feelings,https://www.scriptslug.com/script/no-hard-feelings-2023,https://assets.scriptslug.com/live/pdf/scripts/no-hard-feelings-2023.pdf?v=1729114963
No One Will Save You,https://www.scriptslug.com/script/no-one-will-save-you-2023,https://assets.scriptslug.com/live/pdf/scripts/no-one-will-save-you-2023.pdf?v=1729114963
No Time to Die,https://www.scriptslug.com/script/no-time-to-die-2021,https://assets.scriptslug.com/live/pdf/scripts/no-time-to-die-2021.pdf?v=1729114963
Nocturnal Animals,https://www.scriptslug.com/script/nocturnal-animals-2016,https://assets.scriptslug.com/live/pdf/scripts/nocturnal-animals-2016.pdf?v=1729114963
Nomadland,https://www.scriptslug.com/script/nomadland-2020,https://assets.scriptslug.com/live/pdf/scripts/nomadland-2020.pdf?v=1729114963
Nope,https://www.scriptslug.com/script/nope-2022,https://assets.scriptslug.com/live/pdf/scripts/nope-2022.pdf?v=1729114963
Norma Rae,https://www.scriptslug.com/script/norma-rae-1979,https://assets.scriptslug.com/live/pdf/scripts/norma-rae-1979.pdf?v=1729114963
North by Northwest,https://www.scriptslug.com/script/north-by-northwest-1959,https://assets.scriptslug.com/live/pdf/scripts/north-by-northwest-1959.pdf?v=1729114963
The Northman,https://www.scriptslug.com/script/the-northman-2022,https://assets.scriptslug.com/live/pdf/scripts/the-northman-2022.pdf?v=1729115033
Nosferatu,https://www.scriptslug.com/script/nosferatu-2024,https://assets.scriptslug.com/live/pdf/scripts/nosferatu-2025.pdf?v=1739901972
Not Easily Broken,https://www.scriptslug.com/script/not-easily-broken-2009,https://assets.scriptslug.com/live/pdf/scripts/not-easily-broken-2009.pdf?v=1729114963
Notorious,https://www.scriptslug.com/script/notorious-2009,https://assets.scriptslug.com/live/pdf/scripts/notorious-2009.pdf?v=1729114964
Notting Hill,https://www.scriptslug.com/script/notting-hill-1999,https://assets.scriptslug.com/live/pdf/scripts/notting-hill-1999.pdf?v=1729114964
Now You See Me,https://www.scriptslug.com/script/now-you-see-me-2013,https://assets.scriptslug.com/live/pdf/scripts/now-you-see-me-2013.pdf?v=1729114964
Nowhere Boy,https://www.scriptslug.com/script/nowhere-boy-2009,https://assets.scriptslug.com/live/pdf/scripts/nowhere-boy-2009.pdf?v=1729114964
The Nun,https://www.scriptslug.com/script/the-nun-2018,https://assets.scriptslug.com/live/pdf/scripts/the-nun-2018.pdf?v=1729115033
The Nutty Professor,https://www.scriptslug.com/script/the-nutty-professor-1995,https://assets.scriptslug.com/live/pdf/scripts/the-nutty-professor-1995.pdf?v=1729115033
Ocean's 8,https://www.scriptslug.com/script/oceans-8-2018,https://assets.scriptslug.com/live/pdf/scripts/oceans-8-2018.pdf?v=1729114964
Ocean's Eleven,https://www.scriptslug.com/script/oceans-eleven-2001,https://assets.scriptslug.com/live/pdf/scripts/oceans-eleven-2001.pdf?v=1729114964
Ocean's Twelve,https://www.scriptslug.com/script/oceans-twelve-2004,https://assets.scriptslug.com/live/pdf/scripts/oceans-twelve-2004.pdf?v=1729114964
Octopussy,https://www.scriptslug.com/script/octopussy-1983,https://assets.scriptslug.com/live/pdf/scripts/octupussy-1983.pdf?v=1729114964
Oculus,https://www.scriptslug.com/script/oculus-2013,https://assets.scriptslug.com/live/pdf/scripts/oculus-2013.pdf?v=1729114964
Office Space,https://www.scriptslug.com/script/office-space-1999,https://assets.scriptslug.com/live/pdf/scripts/office-space-1999.pdf?v=1729114964
Okja,https://www.scriptslug.com/script/okja-2017,https://assets.scriptslug.com/live/pdf/scripts/okja-2017.pdf?v=1729114965
The Old Man and the Gun,https://www.scriptslug.com/script/the-old-man-and-the-gun-2018,https://assets.scriptslug.com/live/pdf/scripts/the-old-man-and-the-gun-2018.pdf?v=1729115033
Olympus Has Fallen,https://www.scriptslug.com/script/olympus-has-fallen-2013,https://assets.scriptslug.com/live/pdf/scripts/olympus-has-fallen-2013.pdf?v=1729114965
The Omen,https://www.scriptslug.com/script/the-omen-1976,https://assets.scriptslug.com/live/pdf/scripts/the-omen-1976.pdf?v=1729115033
On the Basis of Sex,https://www.scriptslug.com/script/on-the-basis-of-sex-2018,https://assets.scriptslug.com/live/pdf/scripts/on-the-basis-of-sex-2018.pdf?v=1729114965
Once Upon a Time in America,https://www.scriptslug.com/script/once-upon-a-time-in-america-1984,https://assets.scriptslug.com/live/pdf/scripts/once-upon-a-time-in-america-1984.pdf?v=1729114965
Once Upon a Time in Mexico,https://www.scriptslug.com/script/once-upon-a-time-in-mexico-2003,https://assets.scriptslug.com/live/pdf/scripts/once-upon-a-time-in-mexico-2003.pdf?v=1729114965
One Eight Seven,https://www.scriptslug.com/script/one-eight-seven-1999,https://assets.scriptslug.com/live/pdf/scripts/one-eighty-seven-1999.pdf?v=1729114965
One Flew Over the Cuckoo's Nest,https://www.scriptslug.com/script/one-flew-over-the-cuckoos-nest-1975,https://assets.scriptslug.com/live/pdf/scripts/one-flew-over-the-cuckoos-nest-1975.pdf?v=1729114965
One Night in Miami,https://www.scriptslug.com/script/one-night-in-miami-2020,https://assets.scriptslug.com/live/pdf/scripts/one-night-in-miami-2020.pdf?v=1729114965
Only Lovers Left Alive,https://www.scriptslug.com/script/only-lovers-left-alive-2013,https://assets.scriptslug.com/live/pdf/scripts/only-lovers-left-alive-2013.pdf?v=1729114965
Only the Brave,https://www.scriptslug.com/script/only-the-brave-2017,https://assets.scriptslug.com/live/pdf/scripts/only-the-brave-2017.pdf?v=1729114966
Oppenheimer,https://www.scriptslug.com/script/oppenheimer-2023,https://assets.scriptslug.com/live/pdf/scripts/oppenheimer-2023.pdf?v=1729114966
Ordinary People,https://www.scriptslug.com/script/ordinary-people-1980,https://assets.scriptslug.com/live/pdf/scripts/ordinary-people-1980.pdf?v=1729114966
Origin,https://www.scriptslug.com/script/origin-2023,https://assets.scriptslug.com/live/pdf/scripts/origin-2023.pdf?v=1729114966
Orphan,https://www.scriptslug.com/script/orphan-2008,https://assets.scriptslug.com/live/pdf/scripts/orphan-2008.pdf?v=1729114966
The Other Guys,https://www.scriptslug.com/script/the-other-guys-2010,https://assets.scriptslug.com/live/pdf/scripts/the-other-guys-2010.pdf?v=1729115033
The Other Side of the Wind,https://www.scriptslug.com/script/the-other-side-of-the-wind-2018,https://assets.scriptslug.com/live/pdf/scripts/the-other-side-of-the-wind-2018.pdf?v=1729115033
The Others,https://www.scriptslug.com/script/the-others-2001,https://assets.scriptslug.com/live/pdf/scripts/the-others-2001.pdf?v=1729115034
Ouija,https://www.scriptslug.com/script/ouija-2014,https://assets.scriptslug.com/live/pdf/scripts/ouija-2014.pdf?v=1729114966
Out of Africa,https://www.scriptslug.com/script/out-of-africa-1985,https://assets.scriptslug.com/live/pdf/scripts/out-of-africa-1985.pdf?v=1729114966
Outlaw King,https://www.scriptslug.com/script/outlaw-king-2018,https://assets.scriptslug.com/live/pdf/scripts/outlaw-king-2018.pdf?v=1729114966
The Outrun,https://www.scriptslug.com/script/the-outrun-2024,https://assets.scriptslug.com/live/pdf/scripts/the-outrun-2024.pdf?v=1738547349
The Outsiders,https://www.scriptslug.com/script/the-outsiders-1983,https://assets.scriptslug.com/live/pdf/scripts/the-outsiders-1983.pdf?v=1729115034
Over the Moon,https://www.scriptslug.com/script/over-the-moon-2020,https://assets.scriptslug.com/live/pdf/scripts/over-the-moon-2020.pdf?v=1729114966
Overboard,https://www.scriptslug.com/script/overboard-1987,https://assets.scriptslug.com/live/pdf/scripts/overboard-1987.pdf?v=1729114967
Overboard,https://www.scriptslug.com/script/overboard-2018,https://assets.scriptslug.com/live/pdf/scripts/overboard-2018.pdf?v=1729114967
Overlord,https://www.scriptslug.com/script/overlord-2018,https://assets.scriptslug.com/live/pdf/scripts/overlord-2018.pdf?v=1729114967
Pacific Rim,https://www.scriptslug.com/script/pacific-rim-2013,https://assets.scriptslug.com/live/pdf/scripts/pacific-rim-2013.pdf?v=1729114967
Paddington 2,https://www.scriptslug.com/script/paddington-2-2018,https://assets.scriptslug.com/live/pdf/scripts/paddington-2-2018.pdf?v=1729114967
Pain and Glory,https://www.scriptslug.com/script/pain-and-glory-2019,https://assets.scriptslug.com/live/pdf/scripts/pain-and-glory-2019.pdf?v=1729114967
Palm Springs,https://www.scriptslug.com/script/palm-springs-2020,https://assets.scriptslug.com/live/pdf/scripts/palm-springs-2020.pdf?v=1729114967
Panic Room,https://www.scriptslug.com/script/panic-room-2002,https://assets.scriptslug.com/live/pdf/scripts/panic-room-2002.pdf?v=1729114967
Pan's Labyrinth,https://www.scriptslug.com/script/pans-labyrinth-2006,https://assets.scriptslug.com/live/pdf/scripts/pans-labyrinth-2006.pdf?v=1729114967
Paper Moon,https://www.scriptslug.com/script/paper-moon-1973,https://assets.scriptslug.com/live/pdf/scripts/paper-moon-1973.pdf?v=1729114968
Papillon,https://www.scriptslug.com/script/papillon-2017,https://assets.scriptslug.com/live/pdf/scripts/papillon-2017.pdf?v=1729114968
Paradise,https://www.scriptslug.com/script/paradise-2013,https://assets.scriptslug.com/live/pdf/scripts/paradise-2013.pdf?v=1729114968
Parallel Mothers,https://www.scriptslug.com/script/parallel-mothers-2021,https://assets.scriptslug.com/live/pdf/scripts/parallel-mothers-2021.pdf?v=1729114968
ParaNorman,https://www.scriptslug.com/script/paranorman-2012,https://assets.scriptslug.com/live/pdf/scripts/paranorman-2012.pdf?v=1729114968
Parasite,https://www.scriptslug.com/script/parasite-2019,https://assets.scriptslug.com/live/pdf/scripts/parasite-2019.pdf?v=1729114968
Pariah,https://www.scriptslug.com/script/pariah-2011,https://assets.scriptslug.com/live/pdf/scripts/pariah-2011.pdf?v=1729114968
Passengers,https://www.scriptslug.com/script/passengers-2011,https://assets.scriptslug.com/live/pdf/scripts/passengers-2011.pdf?v=1729114969
Passing,https://www.scriptslug.com/script/passing-2021,https://assets.scriptslug.com/live/pdf/scripts/passing-2021.pdf?v=1729114969
The Passion of the Christ,https://www.scriptslug.com/script/the-passion-of-the-christ-2004,https://assets.scriptslug.com/live/pdf/scripts/the-passion-of-the-christ-2004.pdf?v=1729115034
Past Lives,https://www.scriptslug.com/script/past-lives-2023,https://assets.scriptslug.com/live/pdf/scripts/past-lives-2023.pdf?v=1729114969
Pawn Sacrifice,https://www.scriptslug.com/script/pawn-sacrifice-2014,https://assets.scriptslug.com/live/pdf/scripts/pawn-sacrifice-2014.pdf?v=1729114970
The Peanut Butter Falcon,https://www.scriptslug.com/script/the-peanut-butter-falcon-2019,https://assets.scriptslug.com/live/pdf/scripts/the-peanut-butter-falcon-2019.pdf?v=1729115034
Peggy Sue Got Married,https://www.scriptslug.com/script/peggy-sue-got-married-1986,https://assets.scriptslug.com/live/pdf/scripts/peggy-sue-got-married-1986.pdf?v=1729114970
The Pelican Brief,https://www.scriptslug.com/script/the-pelican-brief-1993,https://assets.scriptslug.com/live/pdf/scripts/the-pelican-brief-1993.pdf?v=1729115034
The Perfect Storm,https://www.scriptslug.com/script/the-perfect-storm-2000,https://assets.scriptslug.com/live/pdf/scripts/the-perfect-storm-2000.pdf?v=1729115034
The Perks of Being a Wallflower,https://www.scriptslug.com/script/the-perks-of-being-a-wallflower-2012,https://assets.scriptslug.com/live/pdf/scripts/the-perks-of-being-a-wall-flower-2012.pdf?v=1729115034
The Persian Version,https://www.scriptslug.com/script/the-persian-version-2023,https://assets.scriptslug.com/live/pdf/scripts/the-persian-version-2023.pdf?v=1729115034
Personal Best,https://www.scriptslug.com/script/personal-best-1982,https://assets.scriptslug.com/live/pdf/scripts/personal-best-1982.pdf?v=1729114970
Pet Sematary,https://www.scriptslug.com/script/pet-sematary-2019,https://assets.scriptslug.com/live/pdf/scripts/pet-sematary-2019.pdf?v=1729114970
The Phantom,https://www.scriptslug.com/script/the-phantom-1996,https://assets.scriptslug.com/live/pdf/scripts/the-phantom-1996.pdf?v=1729115035
Phantom of the Opera,https://www.scriptslug.com/script/phantom-of-the-opera-2004,https://assets.scriptslug.com/live/pdf/scripts/phantom-of-the-opera-2004.pdf?v=1729114970
Phantom Thread,https://www.scriptslug.com/script/phantom-thread-2017,https://assets.scriptslug.com/live/pdf/scripts/phantom-thread-2017.pdf?v=1729114970
Philadelphia,https://www.scriptslug.com/script/philadelphia-1993,https://assets.scriptslug.com/live/pdf/scripts/philadelphia-1993.pdf?v=1729114970
Picnic at Hanging Rock,https://www.scriptslug.com/script/picnic-at-hanging-rock-1975,https://assets.scriptslug.com/live/pdf/scripts/picnic-at-hanging-rock-1975.pdf?v=1729114970
Pineapple Express,https://www.scriptslug.com/script/pineapple-express-2008,https://assets.scriptslug.com/live/pdf/scripts/pineapple-express-2008.pdf?v=1729114970
"Pirates of the Caribbean
At World's End",https://www.scriptslug.com/script/pirates-of-the-caribbean-at-worlds-end-2007,https://assets.scriptslug.com/live/pdf/scripts/pirates-of-the-caribbean-at-worlds-end-2007.pdf?v=1729114971
"Pirates of the Caribbean
Dead Man's Chest",https://www.scriptslug.com/script/pirates-of-the-caribbean-dead-mans-chest-2006,https://assets.scriptslug.com/live/pdf/scripts/pirates-of-the-caribbean-dead-mans-chest-2006.pdf?v=1729114971
"Pirates of the Caribbean
Dead Men Tell No Tales",https://www.scriptslug.com/script/pirates-of-the-caribbean-dead-men-tell-no-tales-2017,https://assets.scriptslug.com/live/pdf/scripts/pirates-of-the-caribbean-dead-men-tell-no-tales-2017.pdf?v=1729114971
"Pirates of the Caribbean
On Stranger Tides",https://www.scriptslug.com/script/pirates-of-the-caribbean-on-stranger-tides-2019,https://assets.scriptslug.com/live/pdf/scripts/pirates-of-the-caribbean-on-stranger-tides-2011.pdf?v=1729114971
"Pirates of the Caribbean
The Curse of the Black Pearl",https://www.scriptslug.com/script/pirates-of-the-caribbean-the-curse-of-the-black-pearl-2003,https://assets.scriptslug.com/live/pdf/scripts/pirates-of-the-caribbean-the-curse-of-the-black-pearl-2003.pdf?v=1729114971
Pitch Perfect 2,https://www.scriptslug.com/script/pitch-perfect-2-2015,https://assets.scriptslug.com/live/pdf/scripts/pitch-perfect-2-2015.pdf?v=1729114971
Pitch Perfect,https://www.scriptslug.com/script/pitch-perfect-2012,https://assets.scriptslug.com/live/pdf/scripts/pitch-perfect-2012.pdf?v=1729114971
Pixels,https://www.scriptslug.com/script/pixels-2015,https://assets.scriptslug.com/live/pdf/scripts/pixels-2015.pdf?v=1729114971
The Place Beyond the Pines,https://www.scriptslug.com/script/the-place-beyond-the-pines-2012,https://assets.scriptslug.com/live/pdf/scripts/the-place-beyond-the-pines-2012.pdf?v=1729115035
"Planes, Trains & Automobiles",https://www.scriptslug.com/script/planes-trains-and-automobiles-1987,https://assets.scriptslug.com/live/pdf/scripts/planes-trains-and-automobiles-1987.pdf?v=1729114971
Planet of the Apes,https://www.scriptslug.com/script/planet-of-the-apes-1968,https://assets.scriptslug.com/live/pdf/scripts/planet-of-the-apes-1968.pdf?v=1729114972
The Player,https://www.scriptslug.com/script/the-player-1992,https://assets.scriptslug.com/live/pdf/scripts/the-player-1992.pdf?v=1729115035
Please Give,https://www.scriptslug.com/script/please-give-2010,https://assets.scriptslug.com/live/pdf/scripts/please-give-2010.pdf?v=1729114972
Poetic Justice,https://www.scriptslug.com/script/poetic-justice-1993,https://assets.scriptslug.com/live/pdf/scripts/poetic-justice-1993.pdf?v=1729114972
Police Academy,https://www.scriptslug.com/script/police-academy-1984,https://assets.scriptslug.com/live/pdf/scripts/police-academy-1984.pdf?v=1729114972
"Police Academy 2
Their First Assignment",https://www.scriptslug.com/script/police-academy-2-their-first-assignment-1985,https://assets.scriptslug.com/live/pdf/scripts/police-academy-2-the-first-assignment-1985.pdf?v=1729114972
"Police Academy 3
Back in Training",https://www.scriptslug.com/script/police-academy-3-back-in-training-1986,https://assets.scriptslug.com/live/pdf/scripts/police-academy-3-back-in-training-1986.pdf?v=1729114972
Poltergeist,https://www.scriptslug.com/script/poltergeist-1982,https://assets.scriptslug.com/live/pdf/scripts/poltergeist-1982.pdf?v=1729114972
Poor Things,https://www.scriptslug.com/script/poor-things-2023,https://assets.scriptslug.com/live/pdf/scripts/poor-things-2023.pdf?v=1729114972
"Popstar
Never Stop Never Stopping",https://www.scriptslug.com/script/popstar-never-stop-never-stopping-2016,https://assets.scriptslug.com/live/pdf/scripts/popstar-never-stop-stopping-2016.pdf?v=1729114972
Porky's,https://www.scriptslug.com/script/porkys-1981,https://assets.scriptslug.com/live/pdf/scripts/porkys-1981.pdf?v=1729114973
Porky's Revenge,https://www.scriptslug.com/script/porkys-revenge-1985,https://assets.scriptslug.com/live/pdf/scripts/porkys-revenge-1985.pdf?v=1729114973
The Poseidon Adventure,https://www.scriptslug.com/script/the-poseidon-adventure-1972,https://assets.scriptslug.com/live/pdf/scripts/the-poseidon-adventure-1972.pdf?v=1729115035
The Post,https://www.scriptslug.com/script/the-post-2017,https://assets.scriptslug.com/live/pdf/scripts/the-post-2017.pdf?v=1729115035
Postcards from the Edge,https://www.scriptslug.com/script/postcards-from-the-edge-1990,https://assets.scriptslug.com/live/pdf/scripts/postcards-from-the-edge-1990.pdf?v=1729114973
The Power of the Dog,https://www.scriptslug.com/script/the-power-of-the-dog-2021,https://assets.scriptslug.com/live/pdf/scripts/the-power-of-the-dog-2021.pdf?v=1729115035
Precious,https://www.scriptslug.com/script/precious-2009,https://assets.scriptslug.com/live/pdf/scripts/precious-2009.pdf?v=1729114973
Predator,https://www.scriptslug.com/script/predator-1987,https://assets.scriptslug.com/live/pdf/scripts/predator-1987.pdf?v=1729114973
Predator 2,https://www.scriptslug.com/script/predator-2-1990,https://assets.scriptslug.com/live/pdf/scripts/predator-2-1990.pdf?v=1729114973
The Predator,https://www.scriptslug.com/script/the-predator-2018,https://assets.scriptslug.com/live/pdf/scripts/the-predator-2018.pdf?v=1729115035
Predators,https://www.scriptslug.com/script/predators-2010,https://assets.scriptslug.com/live/pdf/scripts/predators-2010.pdf?v=1729114973
The Prestige,https://www.scriptslug.com/script/the-prestige-2006,https://assets.scriptslug.com/live/pdf/scripts/the-prestige-2006.pdf?v=1729115070
Pretty Woman,https://www.scriptslug.com/script/pretty-woman-1990,https://assets.scriptslug.com/live/pdf/scripts/pretty-woman-1990.pdf?v=1729114973
Prey,https://www.scriptslug.com/script/prey-2022,https://assets.scriptslug.com/live/pdf/scripts/prey-2022.pdf?v=1729114974
Primary Colors,https://www.scriptslug.com/script/primary-colors-1998,https://assets.scriptslug.com/live/pdf/scripts/primary-colors-1994.pdf?v=1729114974
Prince of Darkness,https://www.scriptslug.com/script/prince-of-darkness-1987,https://assets.scriptslug.com/live/pdf/scripts/prince-of-darkness-1987.pdf?v=1729114974
The Princess Bride,https://www.scriptslug.com/script/the-princess-bride-1987,https://assets.scriptslug.com/live/pdf/scripts/the-princess-bride-1987.pdf?v=1729115035
Priscilla,https://www.scriptslug.com/script/priscilla-2023,https://assets.scriptslug.com/live/pdf/scripts/priscilla-2023.pdf?v=1729114974
Prisoners,https://www.scriptslug.com/script/prisoners-2013,https://assets.scriptslug.com/live/pdf/scripts/prisoners-2013.pdf?v=1729114974
Private Life,https://www.scriptslug.com/script/private-life-2018,https://assets.scriptslug.com/live/pdf/scripts/private-life-2018.pdf?v=1729114974
Prometheus,https://www.scriptslug.com/script/prometheus-2012,https://assets.scriptslug.com/live/pdf/scripts/prometheus-2012.pdf?v=1729114974
Promising Young Woman,https://www.scriptslug.com/script/promising-young-woman-2020,https://assets.scriptslug.com/live/pdf/scripts/promising-young-woman-2020.pdf?v=1729114974
Proof of Life,https://www.scriptslug.com/script/proof-of-life-2000,https://assets.scriptslug.com/live/pdf/scripts/proof-of-life-2000.pdf?v=1729114975
Prophetess,https://www.scriptslug.com/script/prophetess-2021,https://assets.scriptslug.com/live/pdf/scripts/prophetess-2021.pdf?v=1729114975
The Proposal,https://www.scriptslug.com/script/the-proposal-2009,https://assets.scriptslug.com/live/pdf/scripts/the-proposal-2009.pdf?v=1729115035
Psycho,https://www.scriptslug.com/script/psycho-1960,https://assets.scriptslug.com/live/pdf/scripts/psycho-1960.pdf?v=1729114975
Pulp Fiction,https://www.scriptslug.com/script/pulp-fiction-1994,https://assets.scriptslug.com/live/pdf/scripts/pulp-fiction-1994.pdf?v=1729114975
Punch-Drunk Love,https://www.scriptslug.com/script/punch-drunk-love-2002,https://assets.scriptslug.com/live/pdf/scripts/punch-drunk-love-2002.pdf?v=1729114975
The Purge,https://www.scriptslug.com/script/the-purge-2013,https://assets.scriptslug.com/live/pdf/scripts/the-purge-2013.pdf?v=1729115035
Purple Rain,https://www.scriptslug.com/script/purple-rain-1984,https://assets.scriptslug.com/live/pdf/scripts/purple-rain-1984.pdf?v=1729114975
The Pursuit of Happyness,https://www.scriptslug.com/script/the-pursuit-of-happyness-2006,https://assets.scriptslug.com/live/pdf/scripts/the-pursuit-of-happyness-2006.pdf?v=1729115036
Puzzle,https://www.scriptslug.com/script/puzzle-2018,https://assets.scriptslug.com/live/pdf/scripts/puzzle-2018.pdf?v=1729114975
Queen & Slim,https://www.scriptslug.com/script/queen-and-slim-2019,https://assets.scriptslug.com/live/pdf/scripts/queen-and-slim-2019.pdf?v=1729114975
A Quiet Place,https://www.scriptslug.com/script/a-quiet-place-2018,https://assets.scriptslug.com/live/pdf/scripts/a-quiet-place-2018.pdf?v=1729114853
Quiz Show,https://www.scriptslug.com/script/quiz-show-1994,https://assets.scriptslug.com/live/pdf/scripts/quiz-show-1994.pdf?v=1729114976
Raging Bull,https://www.scriptslug.com/script/raging-bull-1980,https://assets.scriptslug.com/live/pdf/scripts/ragin-bull-1980.pdf?v=1729114976
Raiders of the Lost Ark,https://www.scriptslug.com/script/raiders-of-the-lost-ark-1981,https://assets.scriptslug.com/live/pdf/scripts/raiders-of-the-lost-ark-1981.pdf?v=1729114976
Raising Arizona,https://www.scriptslug.com/script/raising-arizona-1987,https://assets.scriptslug.com/live/pdf/scripts/raising-arizona-1987.pdf?v=1729114976
"Rambo
First Blood Part II",https://www.scriptslug.com/script/rambo-first-blood-part-ii-1985,https://assets.scriptslug.com/live/pdf/scripts/rambo-first-blood-part-ii-1985.pdf?v=1729114976
Rambo III,https://www.scriptslug.com/script/rambo-iii-1988,https://assets.scriptslug.com/live/pdf/scripts/rambo-iii-1988.pdf?v=1729114976
Rango,https://www.scriptslug.com/script/rango-2011,https://assets.scriptslug.com/live/pdf/scripts/rango-2011.pdf?v=1729114977
Ratatouille,https://www.scriptslug.com/script/ratatouille-2007,https://assets.scriptslug.com/live/pdf/scripts/ratatouille-2007.pdf?v=1729114977
Raya and the Last Dragon,https://www.scriptslug.com/script/raya-and-the-last-dragon-2021,https://assets.scriptslug.com/live/pdf/scripts/raya-and-the-last-dragon-2021.pdf?v=1729114977
Ready Player One,https://www.scriptslug.com/script/ready-player-one-2018,https://assets.scriptslug.com/live/pdf/scripts/ready-player-one-2018.pdf?v=1729114977
A Real Pain,https://www.scriptslug.com/script/a-real-pain-2024,https://assets.scriptslug.com/live/pdf/scripts/a-real-pain-2024.pdf?v=1735776819
Reality Bites,https://www.scriptslug.com/script/reality-bites-1994,https://assets.scriptslug.com/live/pdf/scripts/reality-bites-1994.pdf?v=1729114977
Rear Window,https://www.scriptslug.com/script/rear-window-1954,https://assets.scriptslug.com/live/pdf/scripts/rear-window-1954.pdf?v=1729114977
Red Dawn,https://www.scriptslug.com/script/red-dawn-1984,https://assets.scriptslug.com/live/pdf/scripts/red-dawn-1984.pdf?v=1729114977
Red Dragon,https://www.scriptslug.com/script/red-dragon-2002,https://assets.scriptslug.com/live/pdf/scripts/red-dragon-2002.pdf?v=1729114977
Red Eye,https://www.scriptslug.com/script/red-eye-2005,https://assets.scriptslug.com/live/pdf/scripts/red-eye-2005.pdf?v=1729114978
Red Heat,https://www.scriptslug.com/script/red-heat-1988,https://assets.scriptslug.com/live/pdf/scripts/red-heat-1988.pdf?v=1729114978
Red One,https://www.scriptslug.com/script/red-one-2024,https://assets.scriptslug.com/live/pdf/scripts/red-one-2024.pdf?v=1738547185
Red Rocket,https://www.scriptslug.com/script/red-rocket-2021,https://assets.scriptslug.com/live/pdf/scripts/red-rocket-2021.pdf?v=1729114978
Red Sparrow,https://www.scriptslug.com/script/red-sparrow-2018,https://assets.scriptslug.com/live/pdf/scripts/red-sparrow-2018.pdf?v=1729114978
The Red Turtle,https://www.scriptslug.com/script/the-red-turtle-2016,https://assets.scriptslug.com/live/pdf/scripts/the-red-turtle-2016.pdf?v=1729115036
Reds,https://www.scriptslug.com/script/reds-1981,https://assets.scriptslug.com/live/pdf/scripts/reds-1981.pdf?v=1729114978
Reign of Fire,https://www.scriptslug.com/script/reign-of-fire-2002,https://assets.scriptslug.com/live/pdf/scripts/reign-of-fire-2002.pdf?v=1729114978
Rent,https://www.scriptslug.com/script/rent-2005,https://assets.scriptslug.com/live/pdf/scripts/rent-2005.pdf?v=1729114978
Requiem for a Dream,https://www.scriptslug.com/script/requiem-for-a-dream-2000,https://assets.scriptslug.com/live/pdf/scripts/requiem-for-a-dream-2000.pdf?v=1729114978
Reservoir Dogs,https://www.scriptslug.com/script/reservoir-dogs-1992,https://assets.scriptslug.com/live/pdf/scripts/reservoir-dogs-1992.pdf?v=1729114978
Respect,https://www.scriptslug.com/script/respect-2021,https://assets.scriptslug.com/live/pdf/scripts/respect-2021.pdf?v=1729114978
Return of the Living Dead,https://www.scriptslug.com/script/return-of-the-living-dead-1985,https://assets.scriptslug.com/live/pdf/scripts/return-of-the-living-dead-1985.pdf?v=1729114979
The Revenant,https://www.scriptslug.com/script/the-revenant-2015,https://assets.scriptslug.com/live/pdf/scripts/the-revenant-2015.pdf?v=1729115036
Revenge of the Nerds,https://www.scriptslug.com/script/revenge-of-the-nerds-1984,https://assets.scriptslug.com/live/pdf/scripts/revenge-of-the-nerds-1984.pdf?v=1729114979
Revolutionary Road,https://www.scriptslug.com/script/revolutionary-road-2008,https://assets.scriptslug.com/live/pdf/scripts/revolutionary-road-2008.pdf?v=1729114979
Richard Jewell,https://www.scriptslug.com/script/richard-jewell-2019,https://assets.scriptslug.com/live/pdf/scripts/richard-jewell-2019.pdf?v=1729114979
Ricky Stanicky,https://www.scriptslug.com/script/ricky-stanicky-2024,https://assets.scriptslug.com/live/pdf/scripts/ricky-stanicky-2024.pdf?v=1729114980
The Rider,https://www.scriptslug.com/script/the-rider-2018,https://assets.scriptslug.com/live/pdf/scripts/the-rider-2018.pdf?v=1729115036
The Ring,https://www.scriptslug.com/script/the-ring-2002,https://assets.scriptslug.com/live/pdf/scripts/the-ring-2002.pdf?v=1729115036
Rise of the Planet of the Apes,https://www.scriptslug.com/script/rise-of-the-planet-of-the-apes-2011,https://assets.scriptslug.com/live/pdf/scripts/rise-of-the-planet-of-the-apes-2010.pdf?v=1729114980
Road House,https://www.scriptslug.com/script/road-house-1989,https://assets.scriptslug.com/live/pdf/scripts/road-house-1989.pdf?v=1729114980
Road to Perdition,https://www.scriptslug.com/script/road-to-perdition-2002,https://assets.scriptslug.com/live/pdf/scripts/road-to-perdition-2002.pdf?v=1729114980
The Road Warrior,https://www.scriptslug.com/script/the-road-warrior-1981,https://assets.scriptslug.com/live/pdf/scripts/the-road-warrior-1981.pdf?v=1729115036
RoboCop,https://www.scriptslug.com/script/robocop-1987,https://assets.scriptslug.com/live/pdf/scripts/robocop-1987.pdf?v=1729114980
The Rock,https://www.scriptslug.com/script/the-rock-1996,https://assets.scriptslug.com/live/pdf/scripts/the-rock-1996.pdf?v=1729115036
The Rocketeer,https://www.scriptslug.com/script/the-rocketeer-1991,https://assets.scriptslug.com/live/pdf/scripts/the-rocketeer-1991.pdf?v=1729115036
Rocketman,https://www.scriptslug.com/script/rocketman-2019,https://assets.scriptslug.com/live/pdf/scripts/rocketman-2019.pdf?v=1729114980
Rocky,https://www.scriptslug.com/script/rocky-1976,https://assets.scriptslug.com/live/pdf/scripts/rocky-1976.pdf?v=1729114980
Rocky Balboa,https://www.scriptslug.com/script/rocky-balboa-2006,https://assets.scriptslug.com/live/pdf/scripts/rocky-balboa-2006.pdf?v=1729114980
The Rocky Horror Picture Show,https://www.scriptslug.com/script/the-rocky-horror-picture-show-1975,https://assets.scriptslug.com/live/pdf/scripts/the-rocky-horror-picture-show-1975.pdf?v=1729115036
Rocky II,https://www.scriptslug.com/script/rocky-ii-1979,https://assets.scriptslug.com/live/pdf/scripts/rocky-ii-1979.pdf?v=1729114980
Rocky III,https://www.scriptslug.com/script/rocky-iii-1982,https://assets.scriptslug.com/live/pdf/scripts/rocky-iii-1982.pdf?v=1729114981
Rocky IV,https://www.scriptslug.com/script/rocky-iv-1985,https://assets.scriptslug.com/live/pdf/scripts/rocky-iv-1985.pdf?v=1729114981
Rocky V,https://www.scriptslug.com/script/rocky-v-1990,https://assets.scriptslug.com/live/pdf/scripts/rocky-v-1990.pdf?v=1729114981
Roma,https://www.scriptslug.com/script/roma-2018,https://assets.scriptslug.com/live/pdf/scripts/roma-2018.pdf?v=1729114981
"Roman J. Israel, Esq.",https://www.scriptslug.com/script/roman-j-israel-esq-2017,https://assets.scriptslug.com/live/pdf/scripts/roman-j-israel-esq-2017.pdf?v=1729114981
Romancing the Stone,https://www.scriptslug.com/script/romancing-the-stone-1984,https://assets.scriptslug.com/live/pdf/scripts/romancing-the-stone-1984.pdf?v=1729114981
Romeo Must Die,https://www.scriptslug.com/script/romeo-must-die-2000,https://assets.scriptslug.com/live/pdf/scripts/romeo-must-die-2000.pdf?v=1729114981
Ronin,https://www.scriptslug.com/script/ronin-1998,https://assets.scriptslug.com/live/pdf/scripts/ronin-1998.pdf?v=1729114981
The Rookie,https://www.scriptslug.com/script/the-rookie-2002,https://assets.scriptslug.com/live/pdf/scripts/the-rookie-2002.pdf?v=1729115037
Room,https://www.scriptslug.com/script/room-2015,https://assets.scriptslug.com/live/pdf/scripts/room-2015.pdf?v=1729114981
The Room Next Door,https://www.scriptslug.com/script/the-room-next-door-2024,https://assets.scriptslug.com/live/pdf/scripts/the-room-next-door-2024.pdf?v=1738546901
Rosemary's Baby,https://www.scriptslug.com/script/rosemarys-baby-1968,https://assets.scriptslug.com/live/pdf/scripts/rosemarys-baby-1968.pdf?v=1729114981
Rounders,https://www.scriptslug.com/script/rounders-1998,https://assets.scriptslug.com/live/pdf/scripts/rounders-1998.pdf?v=1729114982
The Rover,https://www.scriptslug.com/script/the-rover-2014,https://assets.scriptslug.com/live/pdf/scripts/the-rover-2014.pdf?v=1729115037
The Royal Tenenbaums,https://www.scriptslug.com/script/the-royal-tenenbaums-2001,https://assets.scriptslug.com/live/pdf/scripts/royal-tenenbaums-2000.pdf?v=1729114982
Ruby Sparks,https://www.scriptslug.com/script/ruby-sparks-2012,https://assets.scriptslug.com/live/pdf/scripts/ruby-sparks-2012.pdf?v=1729114982
The Rum Diary,https://www.scriptslug.com/script/the-rum-diary-2011,https://assets.scriptslug.com/live/pdf/scripts/the-rum-diary-2011.pdf?v=1729115037
Run,https://www.scriptslug.com/script/run-2020,https://assets.scriptslug.com/live/pdf/scripts/run-2020.pdf?v=1729114982
Runaway Bride,https://www.scriptslug.com/script/runaway-bride-1999,https://assets.scriptslug.com/live/pdf/scripts/runaway-bride-1999.pdf?v=1729114982
Running Scared,https://www.scriptslug.com/script/running-scared-1986,https://assets.scriptslug.com/live/pdf/scripts/running-scared-1986.pdf?v=1729114982
Rush,https://www.scriptslug.com/script/rush-2013,https://assets.scriptslug.com/live/pdf/scripts/rush-2013.pdf?v=1729114982
Rush Hour,https://www.scriptslug.com/script/rush-hour-1998,https://assets.scriptslug.com/live/pdf/scripts/rush-hour-1998.pdf?v=1729114982
Rushmore,https://www.scriptslug.com/script/rushmore-1998,https://assets.scriptslug.com/live/pdf/scripts/rushmore-1998.pdf?v=1729114983
Rust and Bone,https://www.scriptslug.com/script/rust-and-bone-2012,https://assets.scriptslug.com/live/pdf/scripts/rust-and-bone-2012.pdf?v=1729114983
Rustin,https://www.scriptslug.com/script/rustin-2023,https://assets.scriptslug.com/live/pdf/scripts/rustin-2023.pdf?v=1729114983
Safety Not Guaranteed,https://www.scriptslug.com/script/safety-not-guaranteed-2012,https://assets.scriptslug.com/live/pdf/scripts/safety-not-guaranteed-2012.pdf?v=1729114983
Saint Frances,https://www.scriptslug.com/script/saint-frances-2019,https://assets.scriptslug.com/live/pdf/scripts/saint-frances-2019.pdf?v=1729114983
Saltburn,https://www.scriptslug.com/script/saltburn-2023,https://assets.scriptslug.com/live/pdf/scripts/saltburn-2023.pdf?v=1729114984
The Sandlot,https://www.scriptslug.com/script/the-sandlot-1993,https://assets.scriptslug.com/live/pdf/scripts/the-sandlot-1993.pdf?v=1729115037
The Santa Clause,https://www.scriptslug.com/script/the-santa-clause-1994,https://assets.scriptslug.com/live/pdf/scripts/the-santa-clause-1994.pdf?v=1729115037
Saturday Night,https://www.scriptslug.com/script/saturday-night-2024,https://assets.scriptslug.com/live/pdf/scripts/saturday-night-2024.pdf?v=1738546680
Sausage Party,https://www.scriptslug.com/script/sausage-party-2016,https://assets.scriptslug.com/live/pdf/scripts/sausage-party-2016.pdf?v=1729114984
The Savages,https://www.scriptslug.com/script/the-savages-2007,https://assets.scriptslug.com/live/pdf/scripts/the-savages-2007.pdf?v=1729115037
Saving Mr. Banks,https://www.scriptslug.com/script/saving-mr-banks-2013,https://assets.scriptslug.com/live/pdf/scripts/saving-mr-banks-2013.pdf?v=1729114984
Saving Private Ryan,https://www.scriptslug.com/script/saving-private-ryan-1998,https://assets.scriptslug.com/live/pdf/scripts/saving-private-ryan-1998.pdf?v=1729114984
Saw,https://www.scriptslug.com/script/saw-2004,https://assets.scriptslug.com/live/pdf/scripts/saw-2004.pdf?v=1729114984
Scanners,https://www.scriptslug.com/script/scanners-1981,https://assets.scriptslug.com/live/pdf/scripts/scanners-1981.pdf?v=1729114984
Scarface,https://www.scriptslug.com/script/scarface-1983,https://assets.scriptslug.com/live/pdf/scripts/scarface-1983.pdf?v=1729114984
Scary Movie 2,https://www.scriptslug.com/script/scary-movie-2-2001,https://assets.scriptslug.com/live/pdf/scripts/scary-movie-2-2001.pdf?v=1729114984
Scary Movie,https://www.scriptslug.com/script/scary-movie-2000,https://assets.scriptslug.com/live/pdf/scripts/scary-movie-2000.pdf?v=1729114985
Scary Stories to Tell in the Dark,https://www.scriptslug.com/script/scary-stories-to-tell-in-the-dark-2019,https://assets.scriptslug.com/live/pdf/scripts/scary-stories-to-tell-in-the-dark-2019.pdf?v=1729114985
Schindler's List,https://www.scriptslug.com/script/schindlers-list-1993,https://assets.scriptslug.com/live/pdf/scripts/schindlers-list-1993.pdf?v=1729114985
Scott Pilgrim vs. the World,https://www.scriptslug.com/script/scott-pilgrim-vs-the-world-2010,https://assets.scriptslug.com/live/pdf/scripts/scott-pilgrim-vs-the-world-2010.pdf?v=1729114985
Scream,https://www.scriptslug.com/script/scream-1996,https://assets.scriptslug.com/live/pdf/scripts/scream-1996.pdf?v=1729115069
Scream 2,https://www.scriptslug.com/script/scream-2-1997,https://assets.scriptslug.com/live/pdf/scripts/scream-2-1997.pdf?v=1729114985
Scream,https://www.scriptslug.com/script/scream-2022,https://assets.scriptslug.com/live/pdf/scripts/scream-2022.pdf?v=1729114985
Scream VI,https://www.scriptslug.com/script/scream-vi-2023,https://assets.scriptslug.com/live/pdf/scripts/scream-vi-2023.pdf?v=1729114985
Scrooged,https://www.scriptslug.com/script/scrooged-1988,https://assets.scriptslug.com/live/pdf/scripts/scrooged-1988.pdf?v=1729114985
Se7en,https://www.scriptslug.com/script/se7en-1995,https://assets.scriptslug.com/live/pdf/scripts/se7en-1995.pdf?v=1729114986
Sea of Love,https://www.scriptslug.com/script/sea-of-love-1989,https://assets.scriptslug.com/live/pdf/scripts/sea-of-love-1989.pdf?v=1729114986
The Searchers,https://www.scriptslug.com/script/the-searchers-1956,https://assets.scriptslug.com/live/pdf/scripts/the-searchers-1956.pdf?v=1729115037
Searching,https://www.scriptslug.com/script/searching-2018,https://assets.scriptslug.com/live/pdf/scripts/searching-2018.pdf?v=1729114986
The Secret Life of Pets,https://www.scriptslug.com/script/the-secret-life-of-pets-2016,https://assets.scriptslug.com/live/pdf/scripts/the-secret-life-of-pets-2016.pdf?v=1729115037
The Secret Life of Walter Mitty,https://www.scriptslug.com/script/the-secret-life-of-walter-mitty-2013,https://assets.scriptslug.com/live/pdf/scripts/the-secret-life-of-walter-mitty-2013.pdf?v=1729115038
Secret Window,https://www.scriptslug.com/script/secret-window-2004,https://assets.scriptslug.com/live/pdf/scripts/secret-window-2004.pdf?v=1729114986
Selena,https://www.scriptslug.com/script/selena-1997,https://assets.scriptslug.com/live/pdf/scripts/selena-1997.pdf?v=1729114986
Selma,https://www.scriptslug.com/script/selma-2014,https://assets.scriptslug.com/live/pdf/scripts/selma-2014.pdf?v=1729114986
A Separation,https://www.scriptslug.com/script/a-separation-2011,https://assets.scriptslug.com/live/pdf/scripts/a-separation-2011.pdf?v=1729114853
September 5,https://www.scriptslug.com/script/september-5-2024,https://assets.scriptslug.com/live/pdf/scripts/september-5-2024.pdf?v=1738463295
Serenity,https://www.scriptslug.com/script/serenity-2005,https://assets.scriptslug.com/live/pdf/scripts/serenity-2005.pdf?v=1729114986
Serenity,https://www.scriptslug.com/script/serenity-2019,https://assets.scriptslug.com/live/pdf/scripts/serenity-2019.pdf?v=1729114987
A Serious Man,https://www.scriptslug.com/script/a-serious-man-2009,https://assets.scriptslug.com/live/pdf/scripts/a-serious-man-2009.pdf?v=1729114853
The Sessions,https://www.scriptslug.com/script/the-sessions-2012,https://assets.scriptslug.com/live/pdf/scripts/the-sessions-2012.pdf?v=1729115038
Severance,https://www.scriptslug.com/script/severance-2006,https://assets.scriptslug.com/live/pdf/scripts/severance-2006.pdf?v=1729114987
Sex Drive,https://www.scriptslug.com/script/sex-drive-2008,https://assets.scriptslug.com/live/pdf/scripts/sex-drive-2008.pdf?v=1729114987
"Sex, Lies, and Videotape",https://www.scriptslug.com/script/sex-lies-and-videotape-1989,https://assets.scriptslug.com/live/pdf/scripts/sex-lies-and-videotape-1992.pdf?v=1729114987
Shakespeare in Love,https://www.scriptslug.com/script/shakespeare-in-love-1998,https://assets.scriptslug.com/live/pdf/scripts/shakespeare-in-love-1987.pdf?v=1729114987
Shame,https://www.scriptslug.com/script/shame-2011,https://assets.scriptslug.com/live/pdf/scripts/shame-2011.pdf?v=1729114988
The Shape of Water,https://www.scriptslug.com/script/the-shape-of-water-2017,https://assets.scriptslug.com/live/pdf/scripts/the-shape-of-water-2017.pdf?v=1729115038
Sharky's Machine,https://www.scriptslug.com/script/sharkys-machine-1981,https://assets.scriptslug.com/live/pdf/scripts/sharkys-machine-1981.pdf?v=1729114988
Shaun of the Dead,https://www.scriptslug.com/script/shaun-of-the-dead-2004,https://assets.scriptslug.com/live/pdf/scripts/shaun-of-the-dead-2004.pdf?v=1729114988
The Shawshank Redemption,https://www.scriptslug.com/script/the-shawshank-redemption-1994,https://assets.scriptslug.com/live/pdf/scripts/the-shawshank-redemption-1994.pdf?v=1729115038
Shayda,https://www.scriptslug.com/script/shayda-2023,https://assets.scriptslug.com/live/pdf/scripts/shayda-2023.pdf?v=1729114988
She Said,https://www.scriptslug.com/script/she-said-2022,https://assets.scriptslug.com/live/pdf/scripts/she-said-2022.pdf?v=1729114988
Sherlock Holmes,https://www.scriptslug.com/script/sherlock-holmes-2009,https://assets.scriptslug.com/live/pdf/scripts/sherlock-holmes-2009.pdf?v=1729114988
The Shining,https://www.scriptslug.com/script/the-shining-1980,https://assets.scriptslug.com/live/pdf/scripts/the-shining-1980.pdf?v=1729115038
Short Term 12,https://www.scriptslug.com/script/short-term-12-2004,https://assets.scriptslug.com/live/pdf/scripts/short-term-12-2013.pdf?v=1729114989
Shortcomings,https://www.scriptslug.com/script/shortcomings-2023,https://assets.scriptslug.com/live/pdf/scripts/shortcomings-2023.pdf?v=1729114989
Showgirls,https://www.scriptslug.com/script/showgirls-1995,https://assets.scriptslug.com/live/pdf/scripts/showgirls-1995.pdf?v=1729114989
Shrek,https://www.scriptslug.com/script/shrek-2001,https://assets.scriptslug.com/live/pdf/scripts/shrek-2001.pdf?v=1729114989
Shrek the Third,https://www.scriptslug.com/script/shrek-the-third-2007,https://assets.scriptslug.com/live/pdf/scripts/shrek-the-third-2007.pdf?v=1729114989
Shutter Island,https://www.scriptslug.com/script/shutter-island-2010,https://assets.scriptslug.com/live/pdf/scripts/shutter-island-2010.pdf?v=1729114989
Sicario,https://www.scriptslug.com/script/sicario-2015,https://assets.scriptslug.com/live/pdf/scripts/sicario-2015.pdf?v=1729114989
"Sicario
Day of the Soldado",https://www.scriptslug.com/script/sicario-day-of-the-soldado-2015,https://assets.scriptslug.com/live/pdf/scripts/sicario-day-of-soldado-2015.pdf?v=1729114989
Side Effects,https://www.scriptslug.com/script/side-effects,https://assets.scriptslug.com/live/pdf/scripts/side-effects-2013.pdf?v=1729114989
Signs,https://www.scriptslug.com/script/signs-2002,https://assets.scriptslug.com/live/pdf/scripts/signs-2002.pdf?v=1729114990
Silence,https://www.scriptslug.com/script/silence-2016,https://assets.scriptslug.com/live/pdf/scripts/silence-2016.pdf?v=1729114990
The Silence of the Lambs,https://www.scriptslug.com/script/the-silence-of-the-lambs-1991,https://assets.scriptslug.com/live/pdf/scripts/the-silence-of-the-lambs-1991.pdf?v=1729115038
Silkwood,https://www.scriptslug.com/script/silkwood-1983,https://assets.scriptslug.com/live/pdf/scripts/silkwood-1983.pdf?v=1729114990
Silverado,https://www.scriptslug.com/script/silverado-1985,https://assets.scriptslug.com/live/pdf/scripts/silverado-1985.pdf?v=1729114990
A Simple Favor,https://www.scriptslug.com/script/a-simple-favor-2018,https://assets.scriptslug.com/live/pdf/scripts/a-simple-favor-2018.pdf?v=1729114853
A Simple Plan,https://www.scriptslug.com/script/a-simple-plan-1998,https://assets.scriptslug.com/live/pdf/scripts/a-simple-plan-1998.pdf?v=1729114853
Sing,https://www.scriptslug.com/script/sing-2016,https://assets.scriptslug.com/live/pdf/scripts/sing-2016.pdf?v=1729114990
Sing Sing,https://www.scriptslug.com/script/sing-sing-2023,https://assets.scriptslug.com/live/pdf/scripts/sing-sing-2024.pdf?v=1738464550
Sing Street,https://www.scriptslug.com/script/sing-street-2016,https://assets.scriptslug.com/live/pdf/scripts/sing-street-2016.pdf?v=1729114990
Singin' in the Rain,https://www.scriptslug.com/script/singin-in-the-rain-1952,https://assets.scriptslug.com/live/pdf/scripts/singin-in-the-rain-1982.pdf?v=1729114990
The Sisters Brothers,https://www.scriptslug.com/script/the-sisters-brothers-2018,https://assets.scriptslug.com/live/pdf/scripts/the-sisters-brothers-2018.pdf?v=1729115038
Sixteen Candles,https://www.scriptslug.com/script/sixteen-candles-1984,https://assets.scriptslug.com/live/pdf/scripts/sixteen-candles-1984.pdf?v=1729114991
The Sixth Sense,https://www.scriptslug.com/script/the-sixth-sense-1999,https://assets.scriptslug.com/live/pdf/scripts/sixth-sense-1999.pdf?v=1729114991
The Skeleton Key,https://www.scriptslug.com/script/the-skeleton-key-2005,https://assets.scriptslug.com/live/pdf/scripts/the-skeleton-key-2005.pdf?v=1729115039
Skyfall,https://www.scriptslug.com/script/skyfall-2012,https://assets.scriptslug.com/live/pdf/scripts/skyfall-2012.pdf?v=1729114991
Skyscraper,https://www.scriptslug.com/script/skyscraper-2018,https://assets.scriptslug.com/live/pdf/scripts/skyscraper-2018.pdf?v=1729114991
Sleepers,https://www.scriptslug.com/script/sleepers-1996,https://assets.scriptslug.com/live/pdf/scripts/sleepers-1996.pdf?v=1729114991
Sleepless in Seattle,https://www.scriptslug.com/script/sleepless-in-seattle-1993,https://assets.scriptslug.com/live/pdf/scripts/sleepless-in-seatlle-1993.pdf?v=1729114991
Sleepy Hollow,https://www.scriptslug.com/script/sleepy-hollow-1999,https://assets.scriptslug.com/live/pdf/scripts/sleepy-hollow-1999.pdf?v=1729114991
Slender Man,https://www.scriptslug.com/script/slender-man-2018,https://assets.scriptslug.com/live/pdf/scripts/slender-man-2018.pdf?v=1729114992
Sliver,https://www.scriptslug.com/script/sliver-1993,https://assets.scriptslug.com/live/pdf/scripts/sliver-1993.pdf?v=1729114992
Snake Eyes,https://www.scriptslug.com/script/snake-eyes-2013,https://assets.scriptslug.com/live/pdf/scripts/snake-eyes-1998.pdf?v=1729114992
Snatch,https://www.scriptslug.com/script/snatch-2000,https://assets.scriptslug.com/live/pdf/scripts/snatch-2000.pdf?v=1729114992
Snow White and the Huntsman,https://www.scriptslug.com/script/snow-white-and-the-huntsman-2012,https://assets.scriptslug.com/live/pdf/scripts/show-white-and-the-huntsman-2012.pdf?v=1729114989
Snowpiercer,https://www.scriptslug.com/script/snowpiercer-2013,https://assets.scriptslug.com/live/pdf/scripts/snowpiercer-2013.pdf?v=1729114992
So I Married An Axe Murderer,https://www.scriptslug.com/script/so-i-married-an-axe-murderer-1993,https://assets.scriptslug.com/live/pdf/scripts/so-i-married-an-axe-murderer-1993.pdf?v=1729114992
The Social Network,https://www.scriptslug.com/script/the-social-network-2010,https://assets.scriptslug.com/live/pdf/scripts/the-social-network-2010.pdf?v=1729115039
Solaris,https://www.scriptslug.com/script/solaris-2002,https://assets.scriptslug.com/live/pdf/scripts/solaris-2002.pdf?v=1729114992
A Soldier's Story,https://www.scriptslug.com/script/a-soldiers-story-1984,https://assets.scriptslug.com/live/pdf/scripts/a-soldiers-story-1984.pdf?v=1729114853
Something Wicked This Way Comes,https://www.scriptslug.com/script/something-wicked-this-way-comes-1983,https://assets.scriptslug.com/live/pdf/scripts/something-wicked-this-way-comes-1983.pdf?v=1729114993
Something's Gotta Give,https://www.scriptslug.com/script/somethings-gotta-give-2003,https://assets.scriptslug.com/live/pdf/scripts/somethings-gotta-give-2003.pdf?v=1729114993
The Son,https://www.scriptslug.com/script/the-son-2022,https://assets.scriptslug.com/live/pdf/scripts/the-son-2022.pdf?v=1729115039
The Song of Names,https://www.scriptslug.com/script/the-song-of-names-2019,https://assets.scriptslug.com/live/pdf/scripts/the-song-of-names-2019.pdf?v=1729115039
Sorry to Bother,https://www.scriptslug.com/script/sorry-to-bother-2018,https://assets.scriptslug.com/live/pdf/scripts/sorry-to-bother-you-2018.pdf?v=1729114993
Soul,https://www.scriptslug.com/script/soul-2020,https://assets.scriptslug.com/live/pdf/scripts/soul-2020.pdf?v=1729114993
Sound of Metal,https://www.scriptslug.com/script/sound-of-metal-2019,https://assets.scriptslug.com/live/pdf/scripts/sound-of-metal-2019.pdf?v=1729114993
Soylent Green,https://www.scriptslug.com/script/soylent-green-1973,https://assets.scriptslug.com/live/pdf/scripts/soylent-green-1973.pdf?v=1729114993
Space Cowboys,https://www.scriptslug.com/script/space-cowboys-2000,https://assets.scriptslug.com/live/pdf/scripts/space-cowboys-2000.pdf?v=1729114993
Spaceballs,https://www.scriptslug.com/script/spaceballs-1987,https://assets.scriptslug.com/live/pdf/scripts/spaceballs-1987.pdf?v=1729114994
Spartacus,https://www.scriptslug.com/script/spartacus-1960,https://assets.scriptslug.com/live/pdf/scripts/spartacus-1960.pdf?v=1729114994
Spawn,https://www.scriptslug.com/script/spawn-1997,https://assets.scriptslug.com/live/pdf/scripts/spawn-1997.pdf?v=1729114994
Spectre,https://www.scriptslug.com/script/spectre-2015,https://assets.scriptslug.com/live/pdf/scripts/spectre-2015.pdf?v=1729114994
Speed,https://www.scriptslug.com/script/speed-1994,https://assets.scriptslug.com/live/pdf/scripts/speed-1994.pdf?v=1729114995
Speed Racer,https://www.scriptslug.com/script/speed-racer-2008,https://assets.scriptslug.com/live/pdf/scripts/speed-racer-2008.pdf?v=1729114995
Spencer,https://www.scriptslug.com/script/spencer-2021,https://assets.scriptslug.com/live/pdf/scripts/spencer-2021.pdf?v=1729114995
Spider-Man 2,https://www.scriptslug.com/script/spider-man-2-2004,https://assets.scriptslug.com/live/pdf/scripts/spider-man-2-2004.pdf?v=1729114995
Spider-Man,https://www.scriptslug.com/script/spider-man-2002,https://assets.scriptslug.com/live/pdf/scripts/spider-man-2002.pdf?v=1729114995
"Spider-Man
Across the Spider-Verse",https://www.scriptslug.com/script/spider-man-across-the-spider-verse-2023,https://assets.scriptslug.com/live/pdf/scripts/spider-man-across-the-spider-verse-2023.pdf?v=1729114995
"Spider-Man
Into the Spider-Verse",https://www.scriptslug.com/script/spider-man-into-the-spider-verse-2018,https://assets.scriptslug.com/live/pdf/scripts/spider-man-into-the-spider-verse-2018.pdf?v=1729114995
"Spider-Man
No Way Home",https://www.scriptslug.com/script/spider-man-no-way-home-2021,https://assets.scriptslug.com/live/pdf/scripts/spider-man-no-way-home-2021.pdf?v=1729114995
Splice,https://www.scriptslug.com/script/splice-2009,https://assets.scriptslug.com/live/pdf/scripts/splice-2009.pdf?v=1729114995
Spotlight,https://www.scriptslug.com/script/spotlight-2015,https://assets.scriptslug.com/live/pdf/scripts/spotlight-2015.pdf?v=1729114995
Spring Breakers,https://www.scriptslug.com/script/spring-breakers-2013,https://assets.scriptslug.com/live/pdf/scripts/spring-breakers-2013.pdf?v=1729114996
Spy Kids,https://www.scriptslug.com/script/spy-kids-2001,https://assets.scriptslug.com/live/pdf/scripts/spy-kids-2001.pdf?v=1729114996
The Spy Who Dumped Me,https://www.scriptslug.com/script/the-spy-who-dumped-me-2018,https://assets.scriptslug.com/live/pdf/scripts/the-spy-who-dumped-me-2018.pdf?v=1729115040
The Spy Who Loved Me,https://www.scriptslug.com/script/the-spy-who-loved-me-1977,https://assets.scriptslug.com/live/pdf/scripts/the-spy-who-loved-me-1977.pdf?v=1729115040
The Squid and the Whale,https://www.scriptslug.com/script/the-squid-and-the-whale-2005,https://assets.scriptslug.com/live/pdf/scripts/the-squid-and-the-whale-2005.pdf?v=1729115040
Stagecoach,https://www.scriptslug.com/script/stagecoach-1939,https://assets.scriptslug.com/live/pdf/scripts/stagecoach-1939.pdf?v=1729114996
Stan & Ollie,https://www.scriptslug.com/script/stan-and-ollie-2018,https://assets.scriptslug.com/live/pdf/scripts/stan-and-ollie-2018.pdf?v=1729114996
Stand by Me,https://www.scriptslug.com/script/stand-by-me-1986,https://assets.scriptslug.com/live/pdf/scripts/stand-by-me-1986.pdf?v=1729114996
A Star is Born,https://www.scriptslug.com/script/a-star-is-born-2018,https://assets.scriptslug.com/live/pdf/scripts/a-star-is-born-2018.pdf?v=1729114853
Star Trek,https://www.scriptslug.com/script/star-trek-2009,https://assets.scriptslug.com/live/pdf/scripts/star-trek-2009.pdf?v=1729114996
"Star Trek
First Contact",https://www.scriptslug.com/script/star-trek-first-contact-1996,https://assets.scriptslug.com/live/pdf/scripts/star-trek-first-contact-1996.pdf?v=1729114996
"Star Trek
Generations",https://www.scriptslug.com/script/star-trek-generations-1994,https://assets.scriptslug.com/live/pdf/scripts/star-trek-generations-1994.pdf?v=1729114996
"Star Trek II
The Wrath of Khan",https://www.scriptslug.com/script/star-trek-ii-the-wrath-of-khan-1982,https://assets.scriptslug.com/live/pdf/scripts/star-trek-ii-the-wrath-of-kahn-1982.pdf?v=1729114997
"Star Trek III
The Search for Spock",https://www.scriptslug.com/script/star-trek-iii-the-search-for-spock-1984,https://assets.scriptslug.com/live/pdf/scripts/star-trek-iii-the-search-for-spock-1984.pdf?v=1729114997
"Star Trek
Insurrection",https://www.scriptslug.com/script/star-trek-insurrection-1998,https://assets.scriptslug.com/live/pdf/scripts/star-trek-insurrection-1998.pdf?v=1729114997
"Star Trek IV
The Voyage Home",https://www.scriptslug.com/script/star-trek-iv-the-voyage-home-1986,https://assets.scriptslug.com/live/pdf/scripts/star-trek-iv-the-voyage-home-1986.pdf?v=1729114997
"Star Trek
Nemesis",https://www.scriptslug.com/script/star-trek-nemesis-2002,https://assets.scriptslug.com/live/pdf/scripts/star-trek-nemesis-2002.pdf?v=1729114997
"Star Trek
The Motion Picture",https://www.scriptslug.com/script/star-trek-the-motion-picture-1979,https://assets.scriptslug.com/live/pdf/scripts/star-trek-the-motion-picture-1979.pdf?v=1729114997
"Star Trek V
The Final Frontier",https://www.scriptslug.com/script/star-trek-v-the-final-frontier-1989,https://assets.scriptslug.com/live/pdf/scripts/star-trek-v-the-final-frontier-1989.pdf?v=1729114997
"Star Trek VI
The Undiscovered Country",https://www.scriptslug.com/script/star-trek-vi-the-undiscovered-country-1991,https://assets.scriptslug.com/live/pdf/scripts/star-trek-vi-the-undiscovered-country-1991.pdf?v=1729114997
"Star Wars
Episode I - The Phantom Menace",https://www.scriptslug.com/script/star-wars-episode-i-the-phantom-menace-1999,https://assets.scriptslug.com/live/pdf/scripts/star-wars-episode-i-the-phantom-menace-1999.pdf?v=1729114997
"Star Wars
Episode II - Attack of the Clones",https://www.scriptslug.com/script/star-wars-episode-ii-attack-of-the-clones-2002,https://assets.scriptslug.com/live/pdf/scripts/star-wars-episode-ii-attack-of-the-clones-2002.pdf?v=1729114998
"Star Wars
Episode III - Revenge of the Sith",https://www.scriptslug.com/script/star-wars-episode-iii-revenge-of-the-sith-2005,https://assets.scriptslug.com/live/pdf/scripts/star-wars-episode-iii-revenge-of-the-sith-2005.pdf?v=1729114998
"Star Wars
Episode IV - A New Hope",https://www.scriptslug.com/script/star-wars-episode-iv-a-new-hope-1977,https://assets.scriptslug.com/live/pdf/scripts/star-wars-episode-iv-a-new-hope-1977.pdf?v=1729114998
"Star Wars
Episode V - The Empire Strikes Back",https://www.scriptslug.com/script/star-wars-episode-v-the-empire-strikes-back-1980,https://assets.scriptslug.com/live/pdf/scripts/star-wars-episode-v-the-empire-strikes-back-1980.pdf?v=1729114998
"Star Wars
Episode VI - Return of the Jedi",https://www.scriptslug.com/script/star-wars-episode-vi-return-of-the-jedi-1983,https://assets.scriptslug.com/live/pdf/scripts/star-wars-episode-vi-return-of-the-jedi-1983.pdf?v=1729114998
The Star Wars Holiday Special,https://www.scriptslug.com/script/the-star-wars-holiday-special-1978,https://assets.scriptslug.com/live/pdf/scripts/the-star-wars-holiday-special-1978.pdf?v=1729115040
"Star Wars
The Force Awakens",https://www.scriptslug.com/script/star-wars-episode-vii-the-force-awakens-2015,https://assets.scriptslug.com/live/pdf/scripts/star-wars-episode-vii-the-force-awakens-2015.pdf?v=1729114998
Stardust,https://www.scriptslug.com/script/stardust-2007,https://assets.scriptslug.com/live/pdf/scripts/stardust-2007.pdf?v=1729114998
Stargate,https://www.scriptslug.com/script/stargate-1994,https://assets.scriptslug.com/live/pdf/scripts/stargate-1994.pdf?v=1729114998
State of Grace,https://www.scriptslug.com/script/state-of-grace-1990,https://assets.scriptslug.com/live/pdf/scripts/state-of-grace-1983.pdf?v=1729114998
State of Play,https://www.scriptslug.com/script/state-of-play-2009,https://assets.scriptslug.com/live/pdf/scripts/state-of-play-2009.pdf?v=1729114999
Step Brothers,https://www.scriptslug.com/script/step-brothers-2008,https://assets.scriptslug.com/live/pdf/scripts/step-brothers-2008.pdf?v=1729114999
Stepmom,https://www.scriptslug.com/script/stepmom-1998,https://assets.scriptslug.com/live/pdf/scripts/stepmom-1998.pdf?v=1729114999
Steve Jobs,https://www.scriptslug.com/script/steve-jobs-2015,https://assets.scriptslug.com/live/pdf/scripts/steve-jobs-2015.pdf?v=1729114999
The Sting,https://www.scriptslug.com/script/the-sting-1973,https://assets.scriptslug.com/live/pdf/scripts/the-sting-1973.pdf?v=1729115040
Stir of Echoes,https://www.scriptslug.com/script/stir-of-echoes-1999,https://assets.scriptslug.com/live/pdf/scripts/stir-of-echoes-1999.pdf?v=1729114999
Stoker,https://www.scriptslug.com/script/stoker-2013,https://assets.scriptslug.com/live/pdf/scripts/stoker-2013.pdf?v=1729114999
Storm,https://www.scriptslug.com/script/storm-2019,https://assets.scriptslug.com/live/pdf/scripts/storm-2019.pdf?v=1738890775
Straight Outta Compton,https://www.scriptslug.com/script/straight-outta-compton-2015,https://assets.scriptslug.com/live/pdf/scripts/straight-outta-compoton-2015.pdf?v=1729114999
Strange Days,https://www.scriptslug.com/script/strange-days-1995,https://assets.scriptslug.com/live/pdf/scripts/strange-days-1995.pdf?v=1729114999
Stranger Than Fiction,https://www.scriptslug.com/script/stranger-than-fiction-2006,https://assets.scriptslug.com/live/pdf/scripts/stranger-than-fiction-2006.pdf?v=1729114999
Stranger Than Paradise,https://www.scriptslug.com/script/stranger-than-paradise-1984,https://assets.scriptslug.com/live/pdf/scripts/stranger-than-paradise-1984.pdf?v=1729115000
Strangers on a Train,https://www.scriptslug.com/script/strangers-on-a-train-1951,https://assets.scriptslug.com/live/pdf/scripts/strangers-on-a-train-1959.pdf?v=1729115000
Strawberry Mansion,https://www.scriptslug.com/script/strawberry-mansion-2021,https://assets.scriptslug.com/live/pdf/scripts/strawberry-mansion-2021.pdf?v=1729115000
Street Smart,https://www.scriptslug.com/script/street-smart-1987,https://assets.scriptslug.com/live/pdf/scripts/street-smart-1987.pdf?v=1729115000
Stuber,https://www.scriptslug.com/script/stuber-2019,https://assets.scriptslug.com/live/pdf/scripts/stuber-2019.pdf?v=1729115000
Submarine,https://www.scriptslug.com/script/submarine-2010,https://assets.scriptslug.com/live/pdf/scripts/submarine-2010.pdf?v=1729115001
The Substance,https://www.scriptslug.com/script/the-substance-2024,https://assets.scriptslug.com/live/pdf/scripts/the-substance-2024.pdf?v=1738463202
Suburbicon,https://www.scriptslug.com/script/suburbicon-2017,https://assets.scriptslug.com/live/pdf/scripts/suburbicon-2017.pdf?v=1729115001
Suffragette,https://www.scriptslug.com/script/suffragette-2015,https://assets.scriptslug.com/live/pdf/scripts/suffragette-2015.pdf?v=1729115001
Suicide Squad,https://www.scriptslug.com/script/suicide-squad-2016,https://assets.scriptslug.com/live/pdf/scripts/suicide-squad-2016.pdf?v=1729115001
Sully,https://www.scriptslug.com/script/sully-2016,https://assets.scriptslug.com/live/pdf/scripts/sully-2016.pdf?v=1729115001
The Sun Is Also a Star,https://www.scriptslug.com/script/the-sun-is-also-a-star-2019,https://assets.scriptslug.com/live/pdf/scripts/the-sun-is-also-a-star-2019.pdf?v=1729115040
Sunshine,https://www.scriptslug.com/script/sunshine-2007,https://assets.scriptslug.com/live/pdf/scripts/sunshine-2007.pdf?v=1729115002
The Super,https://www.scriptslug.com/script/the-super-1991,https://assets.scriptslug.com/live/pdf/scripts/the-super-1991.pdf?v=1729115040
Super,https://www.scriptslug.com/script/super-2009,https://assets.scriptslug.com/live/pdf/scripts/super-2010.pdf?v=1729115002
Super 8,https://www.scriptslug.com/script/super-8-2011,https://assets.scriptslug.com/live/pdf/scripts/super-8-2011.pdf?v=1729115002
Super Dark Times,https://www.scriptslug.com/script/super-dark-times-2017,https://assets.scriptslug.com/live/pdf/scripts/super-dark-times-2017.pdf?v=1729115002
Super Mario Bros.,https://www.scriptslug.com/script/super-mario-bros-1993,https://assets.scriptslug.com/live/pdf/scripts/super-mario-bros-1993.pdf?v=1729115002
Superbad,https://www.scriptslug.com/script/superbad-2007,https://assets.scriptslug.com/live/pdf/scripts/superbad-2007.pdf?v=1729115002
Superman,https://www.scriptslug.com/script/superman-1978,https://assets.scriptslug.com/live/pdf/scripts/superman-1978.pdf?v=1729115002
Surrogates,https://www.scriptslug.com/script/surrogates-2009,https://assets.scriptslug.com/live/pdf/scripts/surrogates-2009.pdf?v=1729115002
Suspiria,https://www.scriptslug.com/script/suspiria-2018,https://assets.scriptslug.com/live/pdf/scripts/suspiria-2018.pdf?v=1729115002
Swan Song,https://www.scriptslug.com/script/swan-song-2021,https://assets.scriptslug.com/live/pdf/scripts/swan-song-2021.pdf?v=1729115003
"Sweeney Todd
The Demon Barber of Fleet Street",https://www.scriptslug.com/script/sweeney-todd-the-demon-barber-of-fleet-street-2007,https://assets.scriptslug.com/live/pdf/scripts/sweeney-todd-the-demon-barber-of-fleet-street-2007.pdf?v=1729115003
Sweet Smell of Success,https://www.scriptslug.com/script/sweet-smell-of-success-1957,https://assets.scriptslug.com/live/pdf/scripts/sweet-smell-of-success-1957.pdf?v=1729115003
Swingers,https://www.scriptslug.com/script/swingers-1996,https://assets.scriptslug.com/live/pdf/scripts/swingers-1996.pdf?v=1729115003
Swiss Army Man,https://www.scriptslug.com/script/swiss-army-man-2016,https://assets.scriptslug.com/live/pdf/scripts/swiss-army-main-2016.pdf?v=1729115003
"Synecdoche, New York",https://www.scriptslug.com/script/synecdoche-new-york-2008,https://assets.scriptslug.com/live/pdf/scripts/synecdoche-new-york-2008.pdf?v=1729115003
Take Shelter,https://www.scriptslug.com/script/take-shelter-2011,https://assets.scriptslug.com/live/pdf/scripts/take-shelter-2011.pdf?v=1729115003
The Talented Mr. Ripley,https://www.scriptslug.com/script/the-talented-mr-ripley-1999,https://assets.scriptslug.com/live/pdf/scripts/the-talented-mr-ripley-1999.pdf?v=1729115040
Talkin' Dirty After Dark,https://www.scriptslug.com/script/talkin-dirty-after-dark-1991,https://assets.scriptslug.com/live/pdf/scripts/talkin-dirty-after-dark-1991.pdf?v=1729115003
"Talladega Nights
The Ballad of Ricky Bobby",https://www.scriptslug.com/script/talladega-nights-the-ballad-of-ricky-bobby-2006,https://assets.scriptslug.com/live/pdf/scripts/talladega-nights-2006.pdf?v=1729115003
Tango & Cash,https://www.scriptslug.com/script/tango-cash-1989,https://assets.scriptslug.com/live/pdf/scripts/tango-and-cash-1989.pdf?v=1729115003
Taxi Driver,https://www.scriptslug.com/script/taxi-driver-1976,https://assets.scriptslug.com/live/pdf/scripts/taxi-driver-1976.pdf?v=1729115004
The Teachers' Lounge,https://www.scriptslug.com/script/the-teachers-lounge-2023,https://assets.scriptslug.com/live/pdf/scripts/the-teachers-lounge-2023.pdf?v=1729115040
"Team America
World Police",https://www.scriptslug.com/script/team-america-world-police-2004,https://assets.scriptslug.com/live/pdf/scripts/team-america-world-police-2004.pdf?v=1729115004
Ted,https://www.scriptslug.com/script/ted-2012,https://assets.scriptslug.com/live/pdf/scripts/ted-2012.pdf?v=1729115004
Teen Wolf,https://www.scriptslug.com/script/teen-wolf-1985,https://assets.scriptslug.com/live/pdf/scripts/teen-wolf-1985.pdf?v=1729115004
"Teenage Mutant Ninja Turtles
Mutant Mayhem",https://www.scriptslug.com/script/teenage-mutant-ninja-turtles-mutant-mayhem-2023,https://assets.scriptslug.com/live/pdf/scripts/teenage-mutant-ninja-turtles-mutant-mayhem-2023.pdf?v=1729115004
The Tender Bar,https://www.scriptslug.com/script/the-tender-bar-2021,https://assets.scriptslug.com/live/pdf/scripts/the-tender-bar-2021.pdf?v=1729115040
Tenet,https://www.scriptslug.com/script/tenet-2020,https://assets.scriptslug.com/live/pdf/scripts/tenet-2020.pdf?v=1729115005
Tequila Sunrise,https://www.scriptslug.com/script/tequila-sunrise-1988,https://assets.scriptslug.com/live/pdf/scripts/tequila-sunrise-1988.pdf?v=1729115005
The Terminator,https://www.scriptslug.com/script/the-terminator-1984,https://assets.scriptslug.com/live/pdf/scripts/the-terminator-1984.pdf?v=1729115040
"Terminator 2
Judgement Day",https://www.scriptslug.com/script/terminator-2-judgement-day-1991,https://assets.scriptslug.com/live/pdf/scripts/terminator-2-judgement-day-1991.pdf?v=1729115005
Terminator Genisys,https://www.scriptslug.com/script/terminator-genisys-2015,https://assets.scriptslug.com/live/pdf/scripts/terminator-genisys-2015.pdf?v=1729115005
Terminator Salvation,https://www.scriptslug.com/script/terminator-salvation-2009,https://assets.scriptslug.com/live/pdf/scripts/terminator-salvation-2009.pdf?v=1729115005
Terms of Endearment,https://www.scriptslug.com/script/terms-of-endearment-1983,https://assets.scriptslug.com/live/pdf/scripts/terms-of-endearment-1983.pdf?v=1729115005
The Texas Chain Saw Massacre,https://www.scriptslug.com/script/the-texas-chain-saw-massacre-1974,https://assets.scriptslug.com/live/pdf/scripts/the-texas-chain-saw-massacre-1974.pdf?v=1729115041
Thelma & Louise,https://www.scriptslug.com/script/thelma-and-louise-1991,https://assets.scriptslug.com/live/pdf/scripts/thelma-and-louise-1991.pdf?v=1729115047
The Theory of Everything,https://www.scriptslug.com/script/the-theory-of-everything-2015,https://assets.scriptslug.com/live/pdf/scripts/the-theory-of-everything-2015.pdf?v=1729115041
There Will Be Blood,https://www.scriptslug.com/script/there-will-be-blood-2007,https://assets.scriptslug.com/live/pdf/scripts/there-will-be-blood-2007.pdf?v=1729115047
They Live,https://www.scriptslug.com/script/they-live-1988,https://assets.scriptslug.com/live/pdf/scripts/they-live-1988.pdf?v=1729115048
A Thin Line Between Love and Hate,https://www.scriptslug.com/script/a-thin-line-between-love-and-hate-1996,https://assets.scriptslug.com/live/pdf/scripts/a-thin-line-between-love-and-hate-1996.pdf?v=1729114853
The Thin Red Line,https://www.scriptslug.com/script/the-thin-red-line-1998,https://assets.scriptslug.com/live/pdf/scripts/the-thin-red-line-1998.pdf?v=1729115041
The Thing,https://www.scriptslug.com/script/the-thing-1982,https://assets.scriptslug.com/live/pdf/scripts/the-thing-1982.pdf?v=1729115041
Thir13en Ghosts,https://www.scriptslug.com/script/thir13en-ghosts-2001,https://assets.scriptslug.com/live/pdf/scripts/thir13en-ghosts-2001.pdf?v=1729115048
The Third Man,https://www.scriptslug.com/script/the-third-man-1949,https://assets.scriptslug.com/live/pdf/scripts/the-third-man-1949.pdf?v=1729115041
Thirteen,https://www.scriptslug.com/script/thirteen-2003,https://assets.scriptslug.com/live/pdf/scripts/thirteen-2003.pdf?v=1729115048
Thirteen Lives,https://www.scriptslug.com/script/thirteen-lives-2022,https://assets.scriptslug.com/live/pdf/scripts/thirteen-lives-2022.pdf?v=1729115048
This Boy's Life,https://www.scriptslug.com/script/this-boys-life-1993,https://assets.scriptslug.com/live/pdf/scripts/this-boys-life-1992.pdf?v=1729115048
This is 40,https://www.scriptslug.com/script/this-is-40-2012,https://assets.scriptslug.com/live/pdf/scripts/this-is-40-2012.pdf?v=1729115048
The Thomas Crown Affair,https://www.scriptslug.com/script/the-thomas-crown-affair-1999,https://assets.scriptslug.com/live/pdf/scripts/the-thomas-crown-affair-1999.pdf?v=1729115041
Thor,https://www.scriptslug.com/script/thor-2011,https://assets.scriptslug.com/live/pdf/scripts/thor-2011.pdf?v=1729115048
"Thor
Ragnarok",https://www.scriptslug.com/script/thor-ragnarok-2017,https://assets.scriptslug.com/live/pdf/scripts/thor-ragnorak-2017.pdf?v=1729115048
Thoroughbreds,https://www.scriptslug.com/script/thoroughbreds-2018,https://assets.scriptslug.com/live/pdf/scripts/thoroughbreds-2018.pdf?v=1729115048
Those Who Walk Away,https://www.scriptslug.com/script/those-who-walk-away-2022,https://assets.scriptslug.com/live/pdf/scripts/those-who-walk-away-2022.pdf?v=1729115048
¡Three Amigos!,https://www.scriptslug.com/script/three-amigos-1986,https://assets.scriptslug.com/live/pdf/scripts/three-amigos-1986.pdf?v=1729115049
"Three Billboards Outside Ebbing, Missouri",https://www.scriptslug.com/script/three-billboards-outside-ebbing-missouri-2017,https://assets.scriptslug.com/live/pdf/scripts/three-billboards-outside-ebbing-missouri-2017.pdf?v=1729115049
Three Days of Condor,https://www.scriptslug.com/script/three-days-of-condor-1975,https://assets.scriptslug.com/live/pdf/scripts/three-days-of-condor-1975.pdf?v=1729115049
Three Kings,https://www.scriptslug.com/script/three-kings-1999,https://assets.scriptslug.com/live/pdf/scripts/three-kings-1999.pdf?v=1729115049
Three Thousand Years of Longing,https://www.scriptslug.com/script/three-thousand-years-of-longing-2022,https://assets.scriptslug.com/live/pdf/scripts/three-thousand-years-of-longing-2022.pdf?v=1729115049
Thunderball,https://www.scriptslug.com/script/thunderball-1965,https://assets.scriptslug.com/live/pdf/scripts/thunderball-1965.pdf?v=1729115049
THX 1138,https://www.scriptslug.com/script/thx-1138-1971,https://assets.scriptslug.com/live/pdf/scripts/thx-1138-1971.pdf?v=1729115049
"tick, tick, BOOM!",https://www.scriptslug.com/script/tick-tick-boom-2021,https://assets.scriptslug.com/live/pdf/scripts/tick-tick-boom-2021.pdf?v=1729115049
Till,https://www.scriptslug.com/script/till-2022,https://assets.scriptslug.com/live/pdf/scripts/till-2022.pdf?v=1729115049
A Time to Kill,https://www.scriptslug.com/script/a-time-to-kill-1996,https://assets.scriptslug.com/live/pdf/scripts/a-time-to-kill-1996.pdf?v=1729114853
Tin Men,https://www.scriptslug.com/script/tin-men-1987,https://assets.scriptslug.com/live/pdf/scripts/tin-men-1987.pdf?v=1729115049
Tinker Tailor Soldier Spy,https://www.scriptslug.com/script/tinker-tailor-soldier-spy-2011,https://assets.scriptslug.com/live/pdf/scripts/tinker-tailor-soldier-spy-2011.pdf?v=1729115049
Titanic,https://www.scriptslug.com/script/titanic-1997,https://assets.scriptslug.com/live/pdf/scripts/titanic-1997.pdf?v=1729115050
To All the Boys I've Loved Before,https://www.scriptslug.com/script/to-all-the-boys-ive-loved-before-2018,https://assets.scriptslug.com/live/pdf/scripts/to-all-the-boys-ive-loved-before-2018.pdf?v=1729115050
To Catch A Killer,https://www.scriptslug.com/script/to-catch-a-killer-2023,https://assets.scriptslug.com/live/pdf/scripts/to-catch-a-killer-2023.pdf?v=1729115050
To Kill a Mockingbird,https://www.scriptslug.com/script/to-kill-a-mockingbird-1962,https://assets.scriptslug.com/live/pdf/scripts/to-kill-a-mockingbird-1962.pdf?v=1729115050
"To Wong Foo, Thanks for Everything! Julie Newmar",https://www.scriptslug.com/script/to-wong-foo-thanks-for-everything-julie-newmar-1995,https://assets.scriptslug.com/live/pdf/scripts/to-wong-foo-thanks-for-everything-julie-newmar-1995.pdf?v=1729115050
Tomorrow Never Dies,https://www.scriptslug.com/script/tomorrow-never-dies-1997,https://assets.scriptslug.com/live/pdf/scripts/tomorrow-never-dies-1997.pdf?v=1729115050
The Tomorrow War,https://www.scriptslug.com/script/the-tomorrow-war-2021,https://assets.scriptslug.com/live/pdf/scripts/the-tomorrow-war-2021.pdf?v=1729115041
Toni Erdmann,https://www.scriptslug.com/script/toni-erdmann-2016,https://assets.scriptslug.com/live/pdf/scripts/toni-erdmann-2016.pdf?v=1729115050
Tootsie,https://www.scriptslug.com/script/tootsie-1982,https://assets.scriptslug.com/live/pdf/scripts/tootsie-1982.pdf?v=1729115050
Top Gun,https://www.scriptslug.com/script/top-gun-1986,https://assets.scriptslug.com/live/pdf/scripts/top-gun-1986.pdf?v=1729115050
"Top Gun
Maverick",https://www.scriptslug.com/script/top-gun-maverick-2022,https://assets.scriptslug.com/live/pdf/scripts/top-gun-maverick-2022.pdf?v=1729115051
Total Recall,https://www.scriptslug.com/script/total-recall-1990,https://assets.scriptslug.com/live/pdf/scripts/total-recall-1990.pdf?v=1729115051
Totem,https://www.scriptslug.com/script/totem-2017,https://assets.scriptslug.com/live/pdf/scripts/totem-2017.pdf?v=1729115051
Touch of Evil,https://www.scriptslug.com/script/touch-of-evil-1958,https://assets.scriptslug.com/live/pdf/scripts/touch-of-evil-1958.pdf?v=1729115051
Tough Guys,https://www.scriptslug.com/script/tough-guys-1985,https://assets.scriptslug.com/live/pdf/scripts/tough-guys-1985.pdf?v=1729115051
Tower Block,https://www.scriptslug.com/script/tower-block-2012,https://assets.scriptslug.com/live/pdf/scripts/tower-block-2012.pdf?v=1729115051
Tower of Terror,https://www.scriptslug.com/script/tower-of-terror,https://assets.scriptslug.com/live/pdf/scripts/tower-of-terror-1997.pdf?v=1729115051
The Town,https://www.scriptslug.com/script/the-town-2010,https://assets.scriptslug.com/live/pdf/scripts/the-town-2010.pdf?v=1729115041
The Toy,https://www.scriptslug.com/script/the-toy-1982,https://assets.scriptslug.com/live/pdf/scripts/the-toy-1982.pdf?v=1729115041
Toy Story,https://www.scriptslug.com/script/toy-story-1995,https://assets.scriptslug.com/live/pdf/scripts/toy-story-1995.pdf?v=1729115051
Toy Story 2,https://www.scriptslug.com/script/toy-story-2-1999,https://assets.scriptslug.com/live/pdf/scripts/toy-story-2-1999.pdf?v=1729115051
Toy Story 3,https://www.scriptslug.com/script/toy-story-3-2010,https://assets.scriptslug.com/live/pdf/scripts/toy-story-3-2010.pdf?v=1729115051
Toy Story 4,https://www.scriptslug.com/script/toy-story-4-2019,https://assets.scriptslug.com/live/pdf/scripts/toy-story-4-2019.pdf?v=1729115052
TÁR,https://www.scriptslug.com/script/t%C3%A1r-2022,https://assets.scriptslug.com/live/pdf/scripts/tar-2022.pdf?v=1729115004
The Tragedy of Macbeth,https://www.scriptslug.com/script/the-tragedy-of-macbeth-2021,https://assets.scriptslug.com/live/pdf/scripts/the-tragedy-of-macbeth-2021.pdf?v=1729115041
Training Day,https://www.scriptslug.com/script/training-day-2001,https://assets.scriptslug.com/live/pdf/scripts/training-day-2001.pdf?v=1729115052
Trainwreck,https://www.scriptslug.com/script/trainwreck-2015,https://assets.scriptslug.com/live/pdf/scripts/trainwreck-2015.pdf?v=1729115052
Transcendence,https://www.scriptslug.com/script/transcendence-2014,https://assets.scriptslug.com/live/pdf/scripts/transcendence-2014.pdf?v=1729115052
Transformers,https://www.scriptslug.com/script/transformers-2007,https://assets.scriptslug.com/live/pdf/scripts/transformers-2007.pdf?v=1729115052
The Tree of Life,https://www.scriptslug.com/script/the-tree-of-life-2011,https://assets.scriptslug.com/live/pdf/scripts/the-tree-of-life-2011.pdf?v=1729115042
Tremors,https://www.scriptslug.com/script/tremors-1990,https://assets.scriptslug.com/live/pdf/scripts/tremors-1990.pdf?v=1729115052
The Trial of the Chicago 7,https://www.scriptslug.com/script/the-trial-of-the-chicago-7-2020,https://assets.scriptslug.com/live/pdf/scripts/the-trial-of-the-chicago-7-2020.pdf?v=1729115042
Triangle of Sadness,https://www.scriptslug.com/script/triangle-of-sadness-2022,https://assets.scriptslug.com/live/pdf/scripts/triangle-of-sadness-2022.pdf?v=1729115052
Trick 'r Treat,https://www.scriptslug.com/script/trick-r-treat-2007,https://assets.scriptslug.com/live/pdf/scripts/trick-r-treat-2007.pdf?v=1729115052
"TRON
Legacy",https://www.scriptslug.com/script/tron-legacy-2010,https://assets.scriptslug.com/live/pdf/scripts/tron-legacy-2010.pdf?v=1729115052
True Grit,https://www.scriptslug.com/script/true-grit-2010,https://assets.scriptslug.com/live/pdf/scripts/true-grit-2010.pdf?v=1729115053
True Lies,https://www.scriptslug.com/script/true-lies-1994,https://assets.scriptslug.com/live/pdf/scripts/true-lies-1994.pdf?v=1729115053
True Romance,https://www.scriptslug.com/script/true-romance-1993,https://assets.scriptslug.com/live/pdf/scripts/true-romance-1993.pdf?v=1729115053
The Truman Show,https://www.scriptslug.com/script/the-truman-show-1998,https://assets.scriptslug.com/live/pdf/scripts/the-truman-show-1998.pdf?v=1729115042
Trumbo,https://www.scriptslug.com/script/trumbo-2015,https://assets.scriptslug.com/live/pdf/scripts/trumbo-2015.pdf?v=1729115053
Tucker and Dale vs Evil,https://www.scriptslug.com/script/tucker-and-dale-vs-evil-2010,https://assets.scriptslug.com/live/pdf/scripts/tucker-and-dale-vs-evil-2010.pdf?v=1729115053
Tully,https://www.scriptslug.com/script/tully-2018,https://assets.scriptslug.com/live/pdf/scripts/tully-2018.pdf?v=1729115053
Tusk,https://www.scriptslug.com/script/tusk-2014,https://assets.scriptslug.com/live/pdf/scripts/tusk-2014.pdf?v=1729115053
Twelve Monkeys,https://www.scriptslug.com/script/twelve-monkeys-1995,https://assets.scriptslug.com/live/pdf/scripts/twelve-monkeys-1995.pdf?v=1729115054
Twilight,https://www.scriptslug.com/script/twilight-2008,https://assets.scriptslug.com/live/pdf/scripts/twilight-2008.pdf?v=1729115054
"Twin Peaks
Fire Walk with Me",https://www.scriptslug.com/script/twin-peaks-fire-walk-with-me-1992,https://assets.scriptslug.com/live/pdf/scripts/twin-peaks-fire-walk-with-me-1992.pdf?v=1729115054
Twins,https://www.scriptslug.com/script/twins-1988,https://assets.scriptslug.com/live/pdf/scripts/twins-1988.pdf?v=1729115054
The Two Jakes,https://www.scriptslug.com/script/the-two-jakes-1990,https://assets.scriptslug.com/live/pdf/scripts/the-two-jakes-1990.pdf?v=1729115042
The Two Popes,https://www.scriptslug.com/script/the-two-popes-2019,https://assets.scriptslug.com/live/pdf/scripts/the-two-popes-2019.pdf?v=1729115042
The Unborn,https://www.scriptslug.com/script/the-unborn-2009,https://assets.scriptslug.com/live/pdf/scripts/the-unborn-2009.pdf?v=1729115043
Unbreakable,https://www.scriptslug.com/script/unbreakable-2000,https://assets.scriptslug.com/live/pdf/scripts/unbreakable-2000.pdf?v=1729115055
Uncle Buck,https://www.scriptslug.com/script/uncle-buck-1989,https://assets.scriptslug.com/live/pdf/scripts/uncle-buck-1989.pdf?v=1729115055
Under Siege,https://www.scriptslug.com/script/under-siege-1992,https://assets.scriptslug.com/live/pdf/scripts/under-siege-1992.pdf?v=1729115055
Under the Silver Lake,https://www.scriptslug.com/script/under-the-silver-lake-2018,https://assets.scriptslug.com/live/pdf/scripts/under-the-silver-lake-2018.pdf?v=1729115055
Underwater,https://www.scriptslug.com/script/underwater-2020,https://assets.scriptslug.com/live/pdf/scripts/underwater-2020.pdf?v=1729115055
Underworld,https://www.scriptslug.com/script/underworld-2003,https://assets.scriptslug.com/live/pdf/scripts/underworld-2003.pdf?v=1729115055
Unforgiven,https://www.scriptslug.com/script/unforgiven-1992,https://assets.scriptslug.com/live/pdf/scripts/unforgiven-1992.pdf?v=1729115055
Up,https://www.scriptslug.com/script/up-2009,https://assets.scriptslug.com/live/pdf/scripts/up-2009.pdf?v=1729115055
Up in the Air,https://www.scriptslug.com/script/up-in-the-air-2009,https://assets.scriptslug.com/live/pdf/scripts/up-in-the-air-2009.pdf?v=1729115056
Upgrade,https://www.scriptslug.com/script/upgrade-2018,https://assets.scriptslug.com/live/pdf/scripts/upgrade-2018.pdf?v=1729115056
Upstream Color,https://www.scriptslug.com/script/upstream-color-2013,https://assets.scriptslug.com/live/pdf/scripts/upstream-color-2013.pdf?v=1729115056
Us,https://www.scriptslug.com/script/us-2019,https://assets.scriptslug.com/live/pdf/scripts/us-2019.pdf?v=1729115056
The Usual Suspects,https://www.scriptslug.com/script/the-usual-suspects-1995,https://assets.scriptslug.com/live/pdf/scripts/the-usual-suspects-1995.pdf?v=1729115043
V for Vendetta,https://www.scriptslug.com/script/v-for-vendetta-2006,https://assets.scriptslug.com/live/pdf/scripts/v-for-vendetta-2006.pdf?v=1729115056
Vacancy,https://www.scriptslug.com/script/vacancy-2007,https://assets.scriptslug.com/live/pdf/scripts/vacancy-2007.pdf?v=1729115056
Vacation,https://www.scriptslug.com/script/vacation-2015,https://assets.scriptslug.com/live/pdf/scripts/vacation-2015.pdf?v=1729115056
Van Helsing,https://www.scriptslug.com/script/van-helsing-2004,https://assets.scriptslug.com/live/pdf/scripts/van-helsing-2004.pdf?v=1729115056
Vanilla Sky,https://www.scriptslug.com/script/vanilla-sky-2001,https://assets.scriptslug.com/live/pdf/scripts/vanilla-sky-2001.pdf?v=1729115056
Velvet Buzzsaw,https://www.scriptslug.com/script/velvet-buzzsaw-2019,https://assets.scriptslug.com/live/pdf/scripts/velvet-buzzsaw-2019.pdf?v=1729115057
Vengeance,https://www.scriptslug.com/script/vengeance-2022,https://assets.scriptslug.com/live/pdf/scripts/vengeance-2022.pdf?v=1729115057
The Verdict,https://www.scriptslug.com/script/the-verdict-1982,https://assets.scriptslug.com/live/pdf/scripts/the-verdict-1982.pdf?v=1729115043
Vertigo,https://www.scriptslug.com/script/vertigo-1958,https://assets.scriptslug.com/live/pdf/scripts/vertigo-1985.pdf?v=1729115057
Vice,https://www.scriptslug.com/script/vice-2018,https://assets.scriptslug.com/live/pdf/scripts/vice-2018.pdf?v=1729115057
Victor Frankenstein,https://www.scriptslug.com/script/victor-frankenstein-2015,https://assets.scriptslug.com/live/pdf/scripts/victor-frankenstein-2015.pdf?v=1729115057
Victoria & Abdul,https://www.scriptslug.com/script/victoria-and-abdul-2017,https://assets.scriptslug.com/live/pdf/scripts/victoria-and-abdul-2017.pdf?v=1729115057
A View to a Kill,https://www.scriptslug.com/script/a-view-to-a-kill-1985,https://assets.scriptslug.com/live/pdf/scripts/a-view-to-a-kill-1985.pdf?v=1729114854
The Virgin Suicides,https://www.scriptslug.com/script/virgin-suicides-1999,https://assets.scriptslug.com/live/pdf/scripts/the-virgin-suicides-1999.pdf?v=1729115043
Vox Lux,https://www.scriptslug.com/script/vox-lux-2018,https://assets.scriptslug.com/live/pdf/scripts/vox-lux-2018.pdf?v=1729115057
Wadjda,https://www.scriptslug.com/script/wadjda-2012,https://assets.scriptslug.com/live/pdf/scripts/wadjda-2012.pdf?v=1729115057
"Walk Hard
The Dewey Cox Story",https://www.scriptslug.com/script/walk-hard-the-dewey-cox-story-2007,https://assets.scriptslug.com/live/pdf/scripts/walk-hard-the-dewey-cox-story-2007.pdf?v=1729115058
Wall Street,https://www.scriptslug.com/script/wall-street-1987,https://assets.scriptslug.com/live/pdf/scripts/wall-street-1987.pdf?v=1729115058
WALL-E,https://www.scriptslug.com/script/wall-e-2008,https://assets.scriptslug.com/live/pdf/scripts/wall-e-2008.pdf?v=1729115058
Wanted,https://www.scriptslug.com/script/wanted-2008,https://assets.scriptslug.com/live/pdf/scripts/wanted-2008.pdf?v=1729115058
War for the Planet of the Apes,https://www.scriptslug.com/script/war-for-the-planet-of-the-apes-2017,https://assets.scriptslug.com/live/pdf/scripts/war-for-the-planets-of-the-apes-2017.pdf?v=1729115058
War of the Roses,https://www.scriptslug.com/script/war-of-the-roses-1989,https://assets.scriptslug.com/live/pdf/scripts/war-of-the-roses-1989.pdf?v=1729115058
War of the Worlds,https://www.scriptslug.com/script/war-of-the-worlds-2005,https://assets.scriptslug.com/live/pdf/scripts/war-of-the-worlds-2005.pdf?v=1729115058
Warrior,https://www.scriptslug.com/script/warrior-2011,https://assets.scriptslug.com/live/pdf/scripts/warrior-2011.pdf?v=1729115059
The Warriors,https://www.scriptslug.com/script/the-warriors-1979,https://assets.scriptslug.com/live/pdf/scripts/the-warriors-1979.pdf?v=1729115043
Watchmen,https://www.scriptslug.com/script/watchmen-2009,https://assets.scriptslug.com/live/pdf/scripts/watchmen-2009.pdf?v=1729115059
Waves,https://www.scriptslug.com/script/waves-2019,https://assets.scriptslug.com/live/pdf/scripts/waves-2019.pdf?v=1729115059
The Way Back,https://www.scriptslug.com/script/the-way-back-2020,https://assets.scriptslug.com/live/pdf/scripts/the-way-back-2020.pdf?v=1729115043
We Need to Talk About Kevin,https://www.scriptslug.com/script/we-need-to-talk-about-kevin-2011,https://assets.scriptslug.com/live/pdf/scripts/we-need-to-talk-about-kevin-2011.pdf?v=1729115059
Wedding Crashers,https://www.scriptslug.com/script/wedding-crashers-2005,https://assets.scriptslug.com/live/pdf/scripts/wedding-crashers-2005.pdf?v=1729115059
The Wedding Singer,https://www.scriptslug.com/script/the-wedding-singer-1998,https://assets.scriptslug.com/live/pdf/scripts/the-wedding-singer-1998.pdf?v=1729115043
Weird Science,https://www.scriptslug.com/script/weird-science-1985,https://assets.scriptslug.com/live/pdf/scripts/weird-science-1985.pdf?v=1729115059
"Weird
The Al Yankovic Story",https://www.scriptslug.com/script/weird-the-al-yankovic-story-2022,https://assets.scriptslug.com/live/pdf/scripts/weird-the-al-yankovic-story-2022.pdf?v=1729115060
We're No Angels,https://www.scriptslug.com/script/were-no-angels-1989,https://assets.scriptslug.com/live/pdf/scripts/were-no-angels-1989.pdf?v=1729115060
Wes Craven's New Nightmare,https://www.scriptslug.com/script/wes-cravens-new-nightmare-1994,https://assets.scriptslug.com/live/pdf/scripts/new-nightmare-1994.pdf?v=1729114961
West Side Story,https://www.scriptslug.com/script/west-side-story-2021,https://assets.scriptslug.com/live/pdf/scripts/west-side-story-2021.pdf?v=1729115060
Westworld,https://www.scriptslug.com/script/westworld-1973,https://assets.scriptslug.com/live/pdf/scripts/westworld-1973.pdf?v=1729115060
The Whale,https://www.scriptslug.com/script/the-whale-2022,https://assets.scriptslug.com/live/pdf/scripts/the-whale-2022.pdf?v=1729115044
What Dreams May Come,https://www.scriptslug.com/script/what-dreams-may-come-1998,https://assets.scriptslug.com/live/pdf/scripts/what-dreams-may-come-1998.pdf?v=1729115060
What Lies Beneath,https://www.scriptslug.com/script/what-lies-beneath-2000,https://assets.scriptslug.com/live/pdf/scripts/what-lies-beneath-2000.pdf?v=1729115060
What They Had,https://www.scriptslug.com/script/what-they-had-2018,https://assets.scriptslug.com/live/pdf/scripts/what-they-had-2018.pdf?v=1729115060
When Harry Met Sally,https://www.scriptslug.com/script/when-harry-met-sally-1989,https://assets.scriptslug.com/live/pdf/scripts/when-harry-met-sally-1989.pdf?v=1729115061
Where the Day Takes You,https://www.scriptslug.com/script/where-the-day-takes-you-1992,https://assets.scriptslug.com/live/pdf/scripts/where-the-day-takes-you-1992.pdf?v=1729115061
Where the Wild Things Are,https://www.scriptslug.com/script/where-the-wild-things-are-2009,https://assets.scriptslug.com/live/pdf/scripts/where-the-wild-things-are-2009.pdf?v=1729115061
Which Way is Up,https://www.scriptslug.com/script/which-way-is-up-1977,https://assets.scriptslug.com/live/pdf/scripts/which-way-is-up-1977.pdf?v=1729115061
While You Were Sleeping,https://www.scriptslug.com/script/while-you-were-sleeping-1995,https://assets.scriptslug.com/live/pdf/scripts/while-you-were-sleeping-1995.pdf?v=1729115061
Whiplash,https://www.scriptslug.com/script/whiplash-2014,https://assets.scriptslug.com/live/pdf/scripts/whiplash-2014.pdf?v=1729115061
White Noise,https://www.scriptslug.com/script/white-noise-2022,https://assets.scriptslug.com/live/pdf/scripts/white-noise-2022.pdf?v=1729115061
The White Ribbon,https://www.scriptslug.com/script/the-white-ribbon-2009,https://assets.scriptslug.com/live/pdf/scripts/the-white-ribbon-2009.pdf?v=1729115044
The White Tiger,https://www.scriptslug.com/script/the-white-tiger-2021,https://assets.scriptslug.com/live/pdf/scripts/the-white-tiger-2021.pdf?v=1729115044
"Whitney Houston
I Wanna Dance with Somebody",https://www.scriptslug.com/script/whitney-houston-i-wanna-dance-with-somebody-2022,https://assets.scriptslug.com/live/pdf/scripts/whitney-houston-i-wanna-dance-with-somebody-2022.pdf?v=1729115061
Who Framed Roger Rabbit,https://www.scriptslug.com/script/who-framed-roger-rabbit-1988,https://assets.scriptslug.com/live/pdf/scripts/who-framed-roger-rabbit-1988.pdf?v=1729115061
Wicked,https://www.scriptslug.com/script/wicked-2024,https://assets.scriptslug.com/live/pdf/scripts/wicked-2024.pdf?v=1738546490
The Wicker Man,https://www.scriptslug.com/script/the-wicker-man-1973,https://assets.scriptslug.com/live/pdf/scripts/the-wicker-man-1973.pdf?v=1729115044
The Wife,https://www.scriptslug.com/script/the-wife-2018,https://assets.scriptslug.com/live/pdf/scripts/the-wife-2018.pdf?v=1729115044
Wild,https://www.scriptslug.com/script/wild-2014,https://assets.scriptslug.com/live/pdf/scripts/wild-2014.pdf?v=1729115062
Wild at Heart,https://www.scriptslug.com/script/wild-at-heart-1990,https://assets.scriptslug.com/live/pdf/scripts/wild-at-heart-1990.pdf?v=1729115062
The Wild Bunch,https://www.scriptslug.com/script/the-wild-bunch-1969,https://assets.scriptslug.com/live/pdf/scripts/the-wild-bunch-1969.pdf?v=1729115044
The Wild Robot,https://www.scriptslug.com/script/the-wild-robot-2024,https://assets.scriptslug.com/live/pdf/scripts/the-wild-robot-2024.pdf?v=1738546645
Wildlife,https://www.scriptslug.com/script/wildlife-2018,https://assets.scriptslug.com/live/pdf/scripts/wildlife-2018.pdf?v=1729115062
Willy Wonka & the Chocolate Factory,https://www.scriptslug.com/script/willy-wonka-and-the-chocolate-factory-1971,https://assets.scriptslug.com/live/pdf/scripts/willy-wonka-and-the-chocolate-factory-1971.pdf?v=1729115062
Wind River,https://www.scriptslug.com/script/wind-river-2017,https://assets.scriptslug.com/live/pdf/scripts/wind-river-2017.pdf?v=1729115062
Winter's Tale,https://www.scriptslug.com/script/winters-tale-2013,https://assets.scriptslug.com/live/pdf/scripts/winters-tale-2013.pdf?v=1729115062
Wise Guys,https://www.scriptslug.com/script/wise-guys-1986,https://assets.scriptslug.com/live/pdf/scripts/wise-guys-1986.pdf?v=1729115062
The Witch,https://www.scriptslug.com/script/the-witch-2016,https://assets.scriptslug.com/live/pdf/scripts/the-witch-2016.pdf?v=1729115044
The Witches,https://www.scriptslug.com/script/the-witches-1990,https://assets.scriptslug.com/live/pdf/scripts/the-witches-1990.pdf?v=1729115044
Witness,https://www.scriptslug.com/script/witness-1985,https://assets.scriptslug.com/live/pdf/scripts/witness-1985.pdf?v=1729115063
The Wizard of Oz,https://www.scriptslug.com/script/the-wizard-of-oz-1939,https://assets.scriptslug.com/live/pdf/scripts/the-wizard-of-oz-1939.pdf?v=1729115045
The Wolf of Wall Street,https://www.scriptslug.com/script/the-wolf-of-wall-street-2013,https://assets.scriptslug.com/live/pdf/scripts/the-wolf-of-wall-street-2013.pdf?v=1729115045
The Wolverine,https://www.scriptslug.com/script/the-wolverine-2013,https://assets.scriptslug.com/live/pdf/scripts/the-wolverine-2013.pdf?v=1729115045
Woman in Gold,https://www.scriptslug.com/script/woman-in-gold-2015,https://assets.scriptslug.com/live/pdf/scripts/woman-in-gold-2015.pdf?v=1729115063
The Woman King,https://www.scriptslug.com/script/the-woman-king-2022,https://assets.scriptslug.com/live/pdf/scripts/the-woman-king-2022.pdf?v=1729115045
Women Talking,https://www.scriptslug.com/script/women-talking-2022,https://assets.scriptslug.com/live/pdf/scripts/women-talking-2022.pdf?v=1729115063
Wonder Boys,https://www.scriptslug.com/script/wonder-boys-2000,https://assets.scriptslug.com/live/pdf/scripts/wonder-boys-2000.pdf?v=1729115063
Wonder Woman,https://www.scriptslug.com/script/wonder-woman-2017,https://assets.scriptslug.com/live/pdf/scripts/wonder-woman-2017.pdf?v=1729115063
Wonka,https://www.scriptslug.com/script/wonka-2023,https://assets.scriptslug.com/live/pdf/scripts/wonka-2023.pdf?v=1729115063
Work It,https://www.scriptslug.com/script/work-it-2020,https://assets.scriptslug.com/live/pdf/scripts/work-it-2020.pdf?v=1729115063
Working Girl,https://www.scriptslug.com/script/working-girl-1988,https://assets.scriptslug.com/live/pdf/scripts/working-girl-1988.pdf?v=1729115063
The World Is Not Enough,https://www.scriptslug.com/script/the-world-is-not-enough-1999,https://assets.scriptslug.com/live/pdf/scripts/the-world-is-not-enough-1999.pdf?v=1729115045
The World's End,https://www.scriptslug.com/script/the-worlds-end-2013,https://assets.scriptslug.com/live/pdf/scripts/the-worlds-end-2013.pdf?v=1729115045
Wrongfully Accused,https://www.scriptslug.com/script/wrongfully-accused-1998,https://assets.scriptslug.com/live/pdf/scripts/wrongfully-accused-1998.pdf?v=1729115063
"X2
X-Men United",https://www.scriptslug.com/script/x2-x-men-united-2003,https://assets.scriptslug.com/live/pdf/scripts/x2-x-men-united-2003.pdf?v=1729115064
The X-Files,https://www.scriptslug.com/script/the-x-files-1998,https://assets.scriptslug.com/live/pdf/scripts/the-x-files-1998.pdf?v=1729115045
X-Men,https://www.scriptslug.com/script/x-men-2000,https://assets.scriptslug.com/live/pdf/scripts/x-men-2000.pdf?v=1729115064
"X-Men
Days of Future Past",https://www.scriptslug.com/script/x-men-days-of-future-past-2014,https://assets.scriptslug.com/live/pdf/scripts/x-men-days-of-future-past-2014.pdf?v=1729115064
xXx,https://www.scriptslug.com/script/xxx-2002,https://assets.scriptslug.com/live/pdf/scripts/xxx-2002.pdf?v=1729115064
You Were Never Really Here,https://www.scriptslug.com/script/you-were-never-really-here-2017,https://assets.scriptslug.com/live/pdf/scripts/you-were-never-really-here-2017.pdf?v=1729115065
Young Adult,https://www.scriptslug.com/script/young-adult-2011,https://assets.scriptslug.com/live/pdf/scripts/young-adult-2011.pdf?v=1729115065
Young Frankenstein,https://www.scriptslug.com/script/young-frankenstein-1974,https://assets.scriptslug.com/live/pdf/scripts/young-frankenstein-1974.pdf?v=1729115065
Young Guns,https://www.scriptslug.com/script/young-guns-1988,https://assets.scriptslug.com/live/pdf/scripts/young-guns-1988.pdf?v=1729115065
You're Next,https://www.scriptslug.com/script/youre-next-2011,https://assets.scriptslug.com/live/pdf/scripts/youre-next-2011.pdf?v=1729115065
Youth in Revolt,https://www.scriptslug.com/script/youth-in-revolt-2009,https://assets.scriptslug.com/live/pdf/scripts/youth-in-revolt-2009.pdf?v=1729115065
"Zathura
A Space Adventure",https://www.scriptslug.com/script/zathura-a-space-adventure-2005,https://assets.scriptslug.com/live/pdf/scripts/zathura-2005.pdf?v=1729115066
Zebra Girl,https://www.scriptslug.com/script/zebra-girl-2021,https://assets.scriptslug.com/live/pdf/scripts/zebra-girl-2021.pdf?v=1729115066
Zero Dark Thirty,https://www.scriptslug.com/script/zero-dark-thirty-2012,https://assets.scriptslug.com/live/pdf/scripts/zero-dark-thirty-2012.pdf?v=1729115066
Zodiac,https://www.scriptslug.com/script/zodiac-2007,https://assets.scriptslug.com/live/pdf/scripts/zodiac-2007.pdf?v=1729115066
Zombieland,https://www.scriptslug.com/script/zombieland-2009,https://assets.scriptslug.com/live/pdf/scripts/zombieland-2009.pdf?v=1729115066
"Zombieland
Double Tap",https://www.scriptslug.com/script/zombieland-double-tap-2019,https://assets.scriptslug.com/live/pdf/scripts/zombieland-double-tap-2019.pdf?v=1729115066
The Zone of Interest,https://www.scriptslug.com/script/the-zone-of-interest-2023,https://assets.scriptslug.com/live/pdf/scripts/the-zone-of-interest-2023.pdf?v=1729115047
Zootopia,https://www.scriptslug.com/script/zootopia-2016,https://assets.scriptslug.com/live/pdf/scripts/zootopia-2016.pdf?v=1729115066
