{"timestamp":"2025-12-19T10:53:46.878817Z","level":"info","event":"DAG bundles loaded: dags-folder","logger":"airflow.dag_processing.bundles.manager.DagBundlesManager","filename":"manager.py","lineno":179}
{"timestamp":"2025-12-19T10:53:46.880052Z","level":"info","event":"Filling up the DagBag from /opt/airflow/dags/new_tropes_dag.py","logger":"airflow.models.dagbag.DagBag","filename":"dagbag.py","lineno":593}
{"timestamp":"2025-12-19T10:53:47.326960Z","level":"info","event":"Starting apply_formatting step","logger":"root","filename":"new_tropes_dag.py","lineno":79}
{"timestamp":"2025-12-19T10:53:47.336253Z","level":"info","event":"Formatting title: (500) Days Of Summer","logger":"root","filename":"new_tropes_dag.py","lineno":66}
{"timestamp":"2025-12-19T10:53:47.336437Z","level":"info","event":"Formatting title: 10 Things I Hate About You","logger":"root","filename":"new_tropes_dag.py","lineno":66}
{"timestamp":"2025-12-19T10:53:47.336496Z","level":"info","event":"Formatting title: 101 Dalmations","logger":"root","filename":"new_tropes_dag.py","lineno":66}
{"timestamp":"2025-12-19T10:53:47.336532Z","level":"info","event":"Formatting title: 12","logger":"root","filename":"new_tropes_dag.py","lineno":66}
{"timestamp":"2025-12-19T10:53:47.336563Z","level":"info","event":"Formatting title: 12 And Holding","logger":"root","filename":"new_tropes_dag.py","lineno":66}
{"timestamp":"2025-12-19T10:53:47.336592Z","level":"info","event":"Formatting title: 12 Angry Men","logger":"root","filename":"new_tropes_dag.py","lineno":66}
{"timestamp":"2025-12-19T10:53:47.336637Z","level":"info","event":"Formatting title: 12 Monkeys","logger":"root","filename":"new_tropes_dag.py","lineno":66}
{"timestamp":"2025-12-19T10:53:47.336670Z","level":"info","event":"Formatting title: 12 Strong","logger":"root","filename":"new_tropes_dag.py","lineno":66}
{"timestamp":"2025-12-19T10:53:47.336698Z","level":"info","event":"Formatting title: 12 Years A Slave","logger":"root","filename":"new_tropes_dag.py","lineno":66}
{"timestamp":"2025-12-19T10:53:47.336725Z","level":"info","event":"Formatting title: 127 Hours","logger":"root","filename":"new_tropes_dag.py","lineno":66}
{"timestamp":"2025-12-19T10:53:47.336753Z","level":"info","event":"Formatting title: 1408","logger":"root","filename":"new_tropes_dag.py","lineno":66}
{"timestamp":"2025-12-19T10:53:47.336782Z","level":"info","event":"Formatting title: 1492 Conquest Of Paradise","logger":"root","filename":"new_tropes_dag.py","lineno":66}
{"timestamp":"2025-12-19T10:53:47.336810Z","level":"info","event":"Formatting title: 15 Minutes","logger":"root","filename":"new_tropes_dag.py","lineno":66}
{"timestamp":"2025-12-19T10:53:47.336837Z","level":"info","event":"Formatting title: 16 Blocks","logger":"root","filename":"new_tropes_dag.py","lineno":66}
{"timestamp":"2025-12-19T10:53:47.336871Z","level":"info","event":"Formatting title: 17 Again","logger":"root","filename":"new_tropes_dag.py","lineno":66}
{"timestamp":"2025-12-19T10:53:47.336899Z","level":"info","event":"Formatting title: 187","logger":"root","filename":"new_tropes_dag.py","lineno":66}
{"timestamp":"2025-12-19T10:53:47.336925Z","level":"info","event":"Formatting title: 1917","logger":"root","filename":"new_tropes_dag.py","lineno":66}
{"timestamp":"2025-12-19T10:53:47.336952Z","level":"info","event":"Formatting title: 2 Fast 2 Furious","logger":"root","filename":"new_tropes_dag.py","lineno":66}
{"timestamp":"2025-12-19T10:53:47.336978Z","level":"info","event":"Formatting title: 2001 A Space Odyssey","logger":"root","filename":"new_tropes_dag.py","lineno":66}
{"timestamp":"2025-12-19T10:53:47.337005Z","level":"info","event":"Formatting title: 2010 The Year We Make Contact","logger":"root","filename":"new_tropes_dag.py","lineno":66}
{"timestamp":"2025-12-19T10:53:47.337032Z","level":"info","event":"Formatting title: 2012","logger":"root","filename":"new_tropes_dag.py","lineno":66}
{"timestamp":"2025-12-19T10:53:47.337057Z","level":"info","event":"Formatting title: 20th Century Girl","logger":"root","filename":"new_tropes_dag.py","lineno":66}
{"timestamp":"2025-12-19T10:53:47.337083Z","level":"info","event":"Formatting title: 20th Century Women","logger":"root","filename":"new_tropes_dag.py","lineno":66}
{"timestamp":"2025-12-19T10:53:47.337108Z","level":"info","event":"Formatting title: 21 Jump Street","logger":"root","filename":"new_tropes_dag.py","lineno":66}
{"timestamp":"2025-12-19T10:53:47.337134Z","level":"info","event":"Formatting title: 213","logger":"root","filename":"new_tropes_dag.py","lineno":66}
{"timestamp":"2025-12-19T10:53:47.337159Z","level":"info","event":"Formatting title: 22 July","logger":"root","filename":"new_tropes_dag.py","lineno":66}
{"timestamp":"2025-12-19T10:53:47.337185Z","level":"info","event":"Formatting title: 22 Jump Street","logger":"root","filename":"new_tropes_dag.py","lineno":66}
{"timestamp":"2025-12-19T10:53:47.337211Z","level":"info","event":"Formatting title: 25th Hour","logger":"root","filename":"new_tropes_dag.py","lineno":66}
{"timestamp":"2025-12-19T10:53:47.337237Z","level":"info","event":"Formatting title: 28 Days Later","logger":"root","filename":"new_tropes_dag.py","lineno":66}
{"timestamp":"2025-12-19T10:53:47.337268Z","level":"info","event":"Formatting title: 28 Weeks Later","logger":"root","filename":"new_tropes_dag.py","lineno":66}
{"timestamp":"2025-12-19T10:53:47.337293Z","level":"info","event":"Formatting title: 30 Minutes Or Less","logger":"root","filename":"new_tropes_dag.py","lineno":66}
{"timestamp":"2025-12-19T10:53:47.337318Z","level":"info","event":"Formatting title: 300","logger":"root","filename":"new_tropes_dag.py","lineno":66}
{"timestamp":"2025-12-19T10:53:47.337347Z","level":"info","event":"Formatting title: 42","logger":"root","filename":"new_tropes_dag.py","lineno":66}
{"timestamp":"2025-12-19T10:53:47.337373Z","level":"info","event":"Formatting title: 44 Inch Chest","logger":"root","filename":"new_tropes_dag.py","lineno":66}
{"timestamp":"2025-12-19T10:53:47.337402Z","level":"info","event":"Formatting title: 48 Hrs","logger":"root","filename":"new_tropes_dag.py","lineno":66}
{"timestamp":"2025-12-19T10:53:47.337429Z","level":"info","event":"Formatting title: 5 To 7","logger":"root","filename":"new_tropes_dag.py","lineno":66}
{"timestamp":"2025-12-19T10:53:47.337458Z","level":"info","event":"Formatting title: 50 50","logger":"root","filename":"new_tropes_dag.py","lineno":66}
{"timestamp":"2025-12-19T10:53:47.337483Z","level":"info","event":"Formatting title: 500 Days Of Summer","logger":"root","filename":"new_tropes_dag.py","lineno":66}
{"timestamp":"2025-12-19T10:53:47.337509Z","level":"info","event":"Formatting title: 8 Bit Christmas","logger":"root","filename":"new_tropes_dag.py","lineno":66}
{"timestamp":"2025-12-19T10:53:47.337533Z","level":"info","event":"Formatting title: 8 Mile","logger":"root","filename":"new_tropes_dag.py","lineno":66}
{"timestamp":"2025-12-19T10:53:47.337557Z","level":"info","event":"Formatting title: 8mm","logger":"root","filename":"new_tropes_dag.py","lineno":66}
{"timestamp":"2025-12-19T10:53:47.337588Z","level":"info","event":"Formatting title: 8½","logger":"root","filename":"new_tropes_dag.py","lineno":66}
{"timestamp":"2025-12-19T10:53:47.337617Z","level":"info","event":"Formatting title: 9","logger":"root","filename":"new_tropes_dag.py","lineno":66}
{"timestamp":"2025-12-19T10:53:47.337643Z","level":"info","event":"Formatting title: A Beautiful Day In The Neighborhood","logger":"root","filename":"new_tropes_dag.py","lineno":66}
{"timestamp":"2025-12-19T10:53:47.337669Z","level":"info","event":"Formatting title: A Beautiful Mind","logger":"root","filename":"new_tropes_dag.py","lineno":66}
{"timestamp":"2025-12-19T10:53:47.337694Z","level":"info","event":"Formatting title: A Christmas Story","logger":"root","filename":"new_tropes_dag.py","lineno":66}
{"timestamp":"2025-12-19T10:53:47.337718Z","level":"info","event":"Formatting title: A Clockwork Orange","logger":"root","filename":"new_tropes_dag.py","lineno":66}
{"timestamp":"2025-12-19T10:53:47.337744Z","level":"info","event":"Formatting title: A Complete Unknown","logger":"root","filename":"new_tropes_dag.py","lineno":66}
{"timestamp":"2025-12-19T10:53:47.337770Z","level":"info","event":"Formatting title: A Fantastic Woman","logger":"root","filename":"new_tropes_dag.py","lineno":66}
{"timestamp":"2025-12-19T10:53:47.337798Z","level":"info","event":"Formatting title: A Few Good Men","logger":"root","filename":"new_tropes_dag.py","lineno":66}
{"timestamp":"2025-12-19T10:53:47.337823Z","level":"info","event":"Formatting title: A Good Person","logger":"root","filename":"new_tropes_dag.py","lineno":66}
{"timestamp":"2025-12-19T10:53:47.337945Z","level":"info","event":"Formatting title: A Haunting In Venice","logger":"root","filename":"new_tropes_dag.py","lineno":66}
{"timestamp":"2025-12-19T10:53:47.337992Z","level":"info","event":"Formatting title: A Hero","logger":"root","filename":"new_tropes_dag.py","lineno":66}
{"timestamp":"2025-12-19T10:53:47.338028Z","level":"info","event":"Formatting title: A Hidden Life","logger":"root","filename":"new_tropes_dag.py","lineno":66}
{"timestamp":"2025-12-19T10:53:47.338057Z","level":"info","event":"Formatting title: A History Of Violence","logger":"root","filename":"new_tropes_dag.py","lineno":66}
{"timestamp":"2025-12-19T10:53:47.338085Z","level":"info","event":"Formatting title: A Knights Tale","logger":"root","filename":"new_tropes_dag.py","lineno":66}
{"timestamp":"2025-12-19T10:53:47.338120Z","level":"info","event":"Formatting title: A Knock At The Cabin","logger":"root","filename":"new_tropes_dag.py","lineno":66}
{"timestamp":"2025-12-19T10:53:47.338153Z","level":"info","event":"Formatting title: A League Of Their Own","logger":"root","filename":"new_tropes_dag.py","lineno":66}
{"timestamp":"2025-12-19T10:53:47.338181Z","level":"info","event":"Formatting title: A Man Called Otto","logger":"root","filename":"new_tropes_dag.py","lineno":66}
{"timestamp":"2025-12-19T10:53:47.338284Z","level":"info","event":"Formatting title: A Million Miles Away","logger":"root","filename":"new_tropes_dag.py","lineno":66}
{"timestamp":"2025-12-19T10:53:47.338690Z","level":"info","event":"Formatting title: A Monster Calls","logger":"root","filename":"new_tropes_dag.py","lineno":66}
{"timestamp":"2025-12-19T10:53:47.338773Z","level":"info","event":"Formatting title: A Most Violent Year","logger":"root","filename":"new_tropes_dag.py","lineno":66}
{"timestamp":"2025-12-19T10:53:47.338805Z","level":"info","event":"Formatting title: A New Leaf","logger":"root","filename":"new_tropes_dag.py","lineno":66}
{"timestamp":"2025-12-19T10:53:47.338836Z","level":"info","event":"Formatting title: A Nightmare On Elm Street","logger":"root","filename":"new_tropes_dag.py","lineno":66}
{"timestamp":"2025-12-19T10:53:47.338864Z","level":"info","event":"Formatting title: A Nightmare On Elm Street 3 Dream Warriors","logger":"root","filename":"new_tropes_dag.py","lineno":66}
{"timestamp":"2025-12-19T10:53:47.339200Z","level":"info","event":"Formatting title: A Nightmare On Elm Street 5 The Dream Child","logger":"root","filename":"new_tropes_dag.py","lineno":66}
{"timestamp":"2025-12-19T10:53:47.339301Z","level":"info","event":"Formatting title: A Prayer Before Dawn","logger":"root","filename":"new_tropes_dag.py","lineno":66}
{"timestamp":"2025-12-19T10:53:47.339442Z","level":"info","event":"Formatting title: A Quiet Place","logger":"root","filename":"new_tropes_dag.py","lineno":66}
{"timestamp":"2025-12-19T10:53:47.339506Z","level":"info","event":"Formatting title: A Real Pain","logger":"root","filename":"new_tropes_dag.py","lineno":66}
{"timestamp":"2025-12-19T10:53:47.339543Z","level":"info","event":"Formatting title: A Scanner Darkly","logger":"root","filename":"new_tropes_dag.py","lineno":66}
{"timestamp":"2025-12-19T10:53:47.339712Z","level":"info","event":"Formatting title: A Separation","logger":"root","filename":"new_tropes_dag.py","lineno":66}
{"timestamp":"2025-12-19T10:53:47.339766Z","level":"info","event":"Formatting title: A Serious Man","logger":"root","filename":"new_tropes_dag.py","lineno":66}
{"timestamp":"2025-12-19T10:53:47.339801Z","level":"info","event":"Formatting title: A Simple Favor","logger":"root","filename":"new_tropes_dag.py","lineno":66}
{"timestamp":"2025-12-19T10:53:47.339830Z","level":"info","event":"Formatting title: A Simple Plan","logger":"root","filename":"new_tropes_dag.py","lineno":66}
{"timestamp":"2025-12-19T10:53:47.339858Z","level":"info","event":"Formatting title: A Soldiers Story","logger":"root","filename":"new_tropes_dag.py","lineno":66}
{"timestamp":"2025-12-19T10:53:47.339885Z","level":"info","event":"Formatting title: A Star Is Born","logger":"root","filename":"new_tropes_dag.py","lineno":66}
{"timestamp":"2025-12-19T10:53:47.339911Z","level":"info","event":"Formatting title: A Thin Line Between Love And Hate","logger":"root","filename":"new_tropes_dag.py","lineno":66}
{"timestamp":"2025-12-19T10:53:47.339940Z","level":"info","event":"Formatting title: A Time To Kill","logger":"root","filename":"new_tropes_dag.py","lineno":66}
{"timestamp":"2025-12-19T10:53:47.339967Z","level":"info","event":"Formatting title: A View To A Kill","logger":"root","filename":"new_tropes_dag.py","lineno":66}
{"timestamp":"2025-12-19T10:53:47.339992Z","level":"info","event":"Formatting title: About Alex","logger":"root","filename":"new_tropes_dag.py","lineno":66}
{"timestamp":"2025-12-19T10:53:47.340018Z","level":"info","event":"Formatting title: Above The Law","logger":"root","filename":"new_tropes_dag.py","lineno":66}
{"timestamp":"2025-12-19T10:53:47.340043Z","level":"info","event":"Formatting title: Abraham Lincoln Vampire Hunter","logger":"root","filename":"new_tropes_dag.py","lineno":66}
{"timestamp":"2025-12-19T10:53:47.340070Z","level":"info","event":"Formatting title: Absolute Power","logger":"root","filename":"new_tropes_dag.py","lineno":66}
{"timestamp":"2025-12-19T10:53:47.340096Z","level":"info","event":"Formatting title: Abyss The","logger":"root","filename":"new_tropes_dag.py","lineno":66}
{"timestamp":"2025-12-19T10:53:47.340123Z","level":"info","event":"Formatting title: Ace Ventura Pet Detective","logger":"root","filename":"new_tropes_dag.py","lineno":66}
{"timestamp":"2025-12-19T10:53:47.340149Z","level":"info","event":"Formatting title: Action Jackson","logger":"root","filename":"new_tropes_dag.py","lineno":66}
{"timestamp":"2025-12-19T10:53:47.340174Z","level":"info","event":"Formatting title: Ad Astra","logger":"root","filename":"new_tropes_dag.py","lineno":66}
{"timestamp":"2025-12-19T10:53:47.340199Z","level":"info","event":"Formatting title: Adaptation","logger":"root","filename":"new_tropes_dag.py","lineno":66}
{"timestamp":"2025-12-19T10:53:47.340223Z","level":"info","event":"Formatting title: Addams Family The","logger":"root","filename":"new_tropes_dag.py","lineno":66}
{"timestamp":"2025-12-19T10:53:47.340248Z","level":"info","event":"Formatting title: Addams Family Values","logger":"root","filename":"new_tropes_dag.py","lineno":66}
{"timestamp":"2025-12-19T10:53:47.340272Z","level":"info","event":"Formatting title: Adjustment Bureau The","logger":"root","filename":"new_tropes_dag.py","lineno":66}
{"timestamp":"2025-12-19T10:53:47.340297Z","level":"info","event":"Formatting title: Adventures Of Buckaroo Banzai Across The Eighth Dimension The","logger":"root","filename":"new_tropes_dag.py","lineno":66}
{"timestamp":"2025-12-19T10:53:47.340324Z","level":"info","event":"Formatting title: Affliction","logger":"root","filename":"new_tropes_dag.py","lineno":66}
{"timestamp":"2025-12-19T10:53:47.340349Z","level":"info","event":"Formatting title: After School Special","logger":"root","filename":"new_tropes_dag.py","lineno":66}
{"timestamp":"2025-12-19T10:53:47.340374Z","level":"info","event":"Formatting title: After The Wedding","logger":"root","filename":"new_tropes_dag.py","lineno":66}
{"timestamp":"2025-12-19T10:53:47.340399Z","level":"info","event":"Formatting title: Afterlife","logger":"root","filename":"new_tropes_dag.py","lineno":66}
{"timestamp":"2025-12-19T10:53:47.340423Z","level":"info","event":"Formatting title: Aftersun","logger":"root","filename":"new_tropes_dag.py","lineno":66}
{"timestamp":"2025-12-19T10:53:47.340447Z","level":"info","event":"Formatting title: Agnes Of God","logger":"root","filename":"new_tropes_dag.py","lineno":66}
{"timestamp":"2025-12-19T10:53:47.340472Z","level":"info","event":"Formatting title: Ai","logger":"root","filename":"new_tropes_dag.py","lineno":66}
{"timestamp":"2025-12-19T10:53:47.340501Z","level":"info","event":"Formatting title: Air","logger":"root","filename":"new_tropes_dag.py","lineno":66}
{"timestamp":"2025-12-19T10:53:47.340528Z","level":"info","event":"Formatting title: Air Force One","logger":"root","filename":"new_tropes_dag.py","lineno":66}
{"timestamp":"2025-12-19T10:53:47.340553Z","level":"info","event":"Formatting title: Airplane","logger":"root","filename":"new_tropes_dag.py","lineno":66}
{"timestamp":"2025-12-19T10:53:47.340601Z","level":"info","event":"Formatting title: Airplane 2 The Sequel","logger":"root","filename":"new_tropes_dag.py","lineno":66}
{"timestamp":"2025-12-19T10:53:47.340806Z","level":"info","event":"Formatting title: Aladdin","logger":"root","filename":"new_tropes_dag.py","lineno":66}
{"timestamp":"2025-12-19T10:53:47.340872Z","level":"info","event":"Formatting title: Alex Cross","logger":"root","filename":"new_tropes_dag.py","lineno":66}
{"timestamp":"2025-12-19T10:53:47.340908Z","level":"info","event":"Formatting title: Ali","logger":"root","filename":"new_tropes_dag.py","lineno":66}
{"timestamp":"2025-12-19T10:53:47.340941Z","level":"info","event":"Formatting title: Alien","logger":"root","filename":"new_tropes_dag.py","lineno":66}
{"timestamp":"2025-12-19T10:53:47.340970Z","level":"info","event":"Formatting title: Alien 3","logger":"root","filename":"new_tropes_dag.py","lineno":66}
{"timestamp":"2025-12-19T10:53:47.341152Z","level":"info","event":"Formatting title: Alien Covenant","logger":"root","filename":"new_tropes_dag.py","lineno":66}
{"timestamp":"2025-12-19T10:53:47.341217Z","level":"info","event":"Formatting title: Alien Nation","logger":"root","filename":"new_tropes_dag.py","lineno":66}
{"timestamp":"2025-12-19T10:53:47.341251Z","level":"info","event":"Formatting title: Alien Resurrection","logger":"root","filename":"new_tropes_dag.py","lineno":66}
{"timestamp":"2025-12-19T10:53:47.341279Z","level":"info","event":"Formatting title: Alien Vs Predator","logger":"root","filename":"new_tropes_dag.py","lineno":66}
{"timestamp":"2025-12-19T10:53:47.341305Z","level":"info","event":"Formatting title: Alien Vs Predator Requiem","logger":"root","filename":"new_tropes_dag.py","lineno":66}
{"timestamp":"2025-12-19T10:53:47.341333Z","level":"info","event":"Formatting title: Aliens","logger":"root","filename":"new_tropes_dag.py","lineno":66}
{"timestamp":"2025-12-19T10:53:47.341359Z","level":"info","event":"Formatting title: Aligarh","logger":"root","filename":"new_tropes_dag.py","lineno":66}
{"timestamp":"2025-12-19T10:53:47.341385Z","level":"info","event":"Formatting title: All About Eve","logger":"root","filename":"new_tropes_dag.py","lineno":66}
{"timestamp":"2025-12-19T10:53:47.341411Z","level":"info","event":"Formatting title: All About Steve","logger":"root","filename":"new_tropes_dag.py","lineno":66}
{"timestamp":"2025-12-19T10:53:47.341436Z","level":"info","event":"Formatting title: All Is Lost","logger":"root","filename":"new_tropes_dag.py","lineno":66}
{"timestamp":"2025-12-19T10:53:47.341514Z","level":"info","event":"Formatting title: All Is True","logger":"root","filename":"new_tropes_dag.py","lineno":66}
{"timestamp":"2025-12-19T10:53:47.341641Z","level":"info","event":"Formatting title: All Of Us Strangers","logger":"root","filename":"new_tropes_dag.py","lineno":66}
{"timestamp":"2025-12-19T10:53:47.341702Z","level":"info","event":"Formatting title: All Quiet On The Western Front","logger":"root","filename":"new_tropes_dag.py","lineno":66}
{"timestamp":"2025-12-19T10:53:47.341734Z","level":"info","event":"Formatting title: All The Boy Love Mandy Lane","logger":"root","filename":"new_tropes_dag.py","lineno":66}
{"timestamp":"2025-12-19T10:53:47.341769Z","level":"info","event":"Formatting title: All The Kings Men","logger":"root","filename":"new_tropes_dag.py","lineno":66}
{"timestamp":"2025-12-19T10:53:47.341797Z","level":"info","event":"Formatting title: All The Money In The World","logger":"root","filename":"new_tropes_dag.py","lineno":66}
{"timestamp":"2025-12-19T10:53:47.341827Z","level":"info","event":"Formatting title: All The Old Knives","logger":"root","filename":"new_tropes_dag.py","lineno":66}
{"timestamp":"2025-12-19T10:53:47.341855Z","level":"info","event":"Formatting title: All The Presidents Men","logger":"root","filename":"new_tropes_dag.py","lineno":66}
{"timestamp":"2025-12-19T10:53:47.341884Z","level":"info","event":"Formatting title: Almost Famous","logger":"root","filename":"new_tropes_dag.py","lineno":66}
{"timestamp":"2025-12-19T10:53:47.341912Z","level":"info","event":"Formatting title: Alone In The Dark","logger":"root","filename":"new_tropes_dag.py","lineno":66}
{"timestamp":"2025-12-19T10:53:47.341941Z","level":"info","event":"Formatting title: Altered States","logger":"root","filename":"new_tropes_dag.py","lineno":66}
{"timestamp":"2025-12-19T10:53:47.341967Z","level":"info","event":"Formatting title: Amadeus","logger":"root","filename":"new_tropes_dag.py","lineno":66}
{"timestamp":"2025-12-19T10:53:47.341993Z","level":"info","event":"Formatting title: Ambulance","logger":"root","filename":"new_tropes_dag.py","lineno":66}
{"timestamp":"2025-12-19T10:53:47.342028Z","level":"info","event":"Formatting title: Amelia","logger":"root","filename":"new_tropes_dag.py","lineno":66}
{"timestamp":"2025-12-19T10:53:47.342054Z","level":"info","event":"Formatting title: American Animals","logger":"root","filename":"new_tropes_dag.py","lineno":66}
{"timestamp":"2025-12-19T10:53:47.342080Z","level":"info","event":"Formatting title: American Beauty","logger":"root","filename":"new_tropes_dag.py","lineno":66}
{"timestamp":"2025-12-19T10:53:47.342104Z","level":"info","event":"Formatting title: American Fiction","logger":"root","filename":"new_tropes_dag.py","lineno":66}
{"timestamp":"2025-12-19T10:53:47.342129Z","level":"info","event":"Formatting title: American Gangster","logger":"root","filename":"new_tropes_dag.py","lineno":66}
{"timestamp":"2025-12-19T10:53:47.342154Z","level":"info","event":"Formatting title: American Graffiti","logger":"root","filename":"new_tropes_dag.py","lineno":66}
{"timestamp":"2025-12-19T10:53:47.342180Z","level":"info","event":"Formatting title: American History X","logger":"root","filename":"new_tropes_dag.py","lineno":66}
{"timestamp":"2025-12-19T10:53:47.342206Z","level":"info","event":"Formatting title: American Hustle","logger":"root","filename":"new_tropes_dag.py","lineno":66}
{"timestamp":"2025-12-19T10:53:47.342232Z","level":"info","event":"Formatting title: American Madness","logger":"root","filename":"new_tropes_dag.py","lineno":66}
{"timestamp":"2025-12-19T10:53:47.342257Z","level":"info","event":"Formatting title: American Milkshake","logger":"root","filename":"new_tropes_dag.py","lineno":66}
{"timestamp":"2025-12-19T10:53:47.342282Z","level":"info","event":"Formatting title: American Outlaws","logger":"root","filename":"new_tropes_dag.py","lineno":66}
{"timestamp":"2025-12-19T10:53:47.342307Z","level":"info","event":"Formatting title: American Pie","logger":"root","filename":"new_tropes_dag.py","lineno":66}
{"timestamp":"2025-12-19T10:53:47.342332Z","level":"info","event":"Formatting title: American President The","logger":"root","filename":"new_tropes_dag.py","lineno":66}
{"timestamp":"2025-12-19T10:53:47.342356Z","level":"info","event":"Formatting title: American Psycho","logger":"root","filename":"new_tropes_dag.py","lineno":66}
{"timestamp":"2025-12-19T10:53:47.342412Z","level":"info","event":"Formatting title: American Shaolin King Of Kickboxers 2","logger":"root","filename":"new_tropes_dag.py","lineno":66}
{"timestamp":"2025-12-19T10:53:47.342443Z","level":"info","event":"Formatting title: American Sniper","logger":"root","filename":"new_tropes_dag.py","lineno":66}
{"timestamp":"2025-12-19T10:53:47.342471Z","level":"info","event":"Formatting title: American Splendor","logger":"root","filename":"new_tropes_dag.py","lineno":66}
{"timestamp":"2025-12-19T10:53:47.342499Z","level":"info","event":"Formatting title: American The","logger":"root","filename":"new_tropes_dag.py","lineno":66}
{"timestamp":"2025-12-19T10:53:47.342526Z","level":"info","event":"Formatting title: American Ultra","logger":"root","filename":"new_tropes_dag.py","lineno":66}
{"timestamp":"2025-12-19T10:53:47.342552Z","level":"info","event":"Formatting title: American Werewolf In London","logger":"root","filename":"new_tropes_dag.py","lineno":66}
{"timestamp":"2025-12-19T10:53:47.342578Z","level":"info","event":"Formatting title: Amistad","logger":"root","filename":"new_tropes_dag.py","lineno":66}
{"timestamp":"2025-12-19T10:53:47.342614Z","level":"info","event":"Formatting title: Amityville Asylum The","logger":"root","filename":"new_tropes_dag.py","lineno":66}
{"timestamp":"2025-12-19T10:53:47.342645Z","level":"info","event":"Formatting title: Amour","logger":"root","filename":"new_tropes_dag.py","lineno":66}
{"timestamp":"2025-12-19T10:53:47.342677Z","level":"info","event":"Formatting title: Amsterdam","logger":"root","filename":"new_tropes_dag.py","lineno":66}
{"timestamp":"2025-12-19T10:53:47.342706Z","level":"info","event":"Formatting title: Amélie","logger":"root","filename":"new_tropes_dag.py","lineno":66}
{"timestamp":"2025-12-19T10:53:47.342738Z","level":"info","event":"Formatting title: An Affair To Remember","logger":"root","filename":"new_tropes_dag.py","lineno":66}
{"timestamp":"2025-12-19T10:53:47.342768Z","level":"info","event":"Formatting title: An American Werewolf In London","logger":"root","filename":"new_tropes_dag.py","lineno":66}
{"timestamp":"2025-12-19T10:53:47.342798Z","level":"info","event":"Formatting title: An Education","logger":"root","filename":"new_tropes_dag.py","lineno":66}
{"timestamp":"2025-12-19T10:53:47.342824Z","level":"info","event":"Formatting title: An Unmarried Woman","logger":"root","filename":"new_tropes_dag.py","lineno":66}
{"timestamp":"2025-12-19T10:53:47.342849Z","level":"info","event":"Formatting title: Anaconda","logger":"root","filename":"new_tropes_dag.py","lineno":66}
{"timestamp":"2025-12-19T10:53:47.342876Z","level":"info","event":"Formatting title: Analyze That","logger":"root","filename":"new_tropes_dag.py","lineno":66}
{"timestamp":"2025-12-19T10:53:47.342902Z","level":"info","event":"Formatting title: Analyze This","logger":"root","filename":"new_tropes_dag.py","lineno":66}
{"timestamp":"2025-12-19T10:53:47.342930Z","level":"info","event":"Formatting title: Anastasia","logger":"root","filename":"new_tropes_dag.py","lineno":66}
{"timestamp":"2025-12-19T10:53:47.342957Z","level":"info","event":"Formatting title: Anatomy Of A Fall","logger":"root","filename":"new_tropes_dag.py","lineno":66}
{"timestamp":"2025-12-19T10:53:47.342984Z","level":"info","event":"Formatting title: Anatomy Of A Murder","logger":"root","filename":"new_tropes_dag.py","lineno":66}
{"timestamp":"2025-12-19T10:53:47.343016Z","level":"info","event":"Formatting title: Anchorman The Legend Of Ron Burgundy","logger":"root","filename":"new_tropes_dag.py","lineno":66}
{"timestamp":"2025-12-19T10:53:47.343046Z","level":"info","event":"Formatting title: Angel Eyes","logger":"root","filename":"new_tropes_dag.py","lineno":66}
{"timestamp":"2025-12-19T10:53:47.343074Z","level":"info","event":"Formatting title: Angels & Demons","logger":"root","filename":"new_tropes_dag.py","lineno":66}
{"timestamp":"2025-12-19T10:53:47.343100Z","level":"info","event":"Formatting title: Angels With Dirty Faces","logger":"root","filename":"new_tropes_dag.py","lineno":66}
{"timestamp":"2025-12-19T10:53:47.343127Z","level":"info","event":"Formatting title: Anger Management","logger":"root","filename":"new_tropes_dag.py","lineno":66}
{"timestamp":"2025-12-19T10:53:47.343156Z","level":"info","event":"Formatting title: Animal Kingdom","logger":"root","filename":"new_tropes_dag.py","lineno":66}
{"timestamp":"2025-12-19T10:53:47.343188Z","level":"info","event":"Formatting title: Anna Karenina","logger":"root","filename":"new_tropes_dag.py","lineno":66}
{"timestamp":"2025-12-19T10:53:47.343216Z","level":"info","event":"Formatting title: Annabelle","logger":"root","filename":"new_tropes_dag.py","lineno":66}
{"timestamp":"2025-12-19T10:53:47.343245Z","level":"info","event":"Formatting title: Annette","logger":"root","filename":"new_tropes_dag.py","lineno":66}
{"timestamp":"2025-12-19T10:53:47.343274Z","level":"info","event":"Formatting title: Annie Hall","logger":"root","filename":"new_tropes_dag.py","lineno":66}
{"timestamp":"2025-12-19T10:53:47.343305Z","level":"info","event":"Formatting title: Annihilation","logger":"root","filename":"new_tropes_dag.py","lineno":66}
{"timestamp":"2025-12-19T10:53:47.343336Z","level":"info","event":"Formatting title: Anniversary Party The","logger":"root","filename":"new_tropes_dag.py","lineno":66}
{"timestamp":"2025-12-19T10:53:47.343367Z","level":"info","event":"Formatting title: Anonymous","logger":"root","filename":"new_tropes_dag.py","lineno":66}
{"timestamp":"2025-12-19T10:53:47.343395Z","level":"info","event":"Formatting title: Anora","logger":"root","filename":"new_tropes_dag.py","lineno":66}
{"timestamp":"2025-12-19T10:53:47.343423Z","level":"info","event":"Formatting title: Another 48 Hrs","logger":"root","filename":"new_tropes_dag.py","lineno":66}
{"timestamp":"2025-12-19T10:53:47.343450Z","level":"info","event":"Formatting title: Another Year","logger":"root","filename":"new_tropes_dag.py","lineno":66}
{"timestamp":"2025-12-19T10:53:47.343482Z","level":"info","event":"Formatting title: Antebellum","logger":"root","filename":"new_tropes_dag.py","lineno":66}
{"timestamp":"2025-12-19T10:53:47.343508Z","level":"info","event":"Formatting title: Anthropoid","logger":"root","filename":"new_tropes_dag.py","lineno":66}
{"timestamp":"2025-12-19T10:53:47.343534Z","level":"info","event":"Formatting title: Antitrust","logger":"root","filename":"new_tropes_dag.py","lineno":66}
{"timestamp":"2025-12-19T10:53:47.343562Z","level":"info","event":"Formatting title: Antz","logger":"root","filename":"new_tropes_dag.py","lineno":66}
{"timestamp":"2025-12-19T10:53:47.343588Z","level":"info","event":"Formatting title: Any Given Sunday","logger":"root","filename":"new_tropes_dag.py","lineno":66}
{"timestamp":"2025-12-19T10:53:47.343615Z","level":"info","event":"Formatting title: Apartment The","logger":"root","filename":"new_tropes_dag.py","lineno":66}
{"timestamp":"2025-12-19T10:53:47.343640Z","level":"info","event":"Formatting title: Apocalypse Now","logger":"root","filename":"new_tropes_dag.py","lineno":66}
{"timestamp":"2025-12-19T10:53:47.343664Z","level":"info","event":"Formatting title: Apollo 13","logger":"root","filename":"new_tropes_dag.py","lineno":66}
{"timestamp":"2025-12-19T10:53:47.343690Z","level":"info","event":"Formatting title: April Fools Day","logger":"root","filename":"new_tropes_dag.py","lineno":66}
{"timestamp":"2025-12-19T10:53:47.343715Z","level":"info","event":"Formatting title: Apt Pupil","logger":"root","filename":"new_tropes_dag.py","lineno":66}
{"timestamp":"2025-12-19T10:53:47.343741Z","level":"info","event":"Formatting title: Arbitrage","logger":"root","filename":"new_tropes_dag.py","lineno":66}
{"timestamp":"2025-12-19T10:53:47.343765Z","level":"info","event":"Formatting title: Arcade","logger":"root","filename":"new_tropes_dag.py","lineno":66}
{"timestamp":"2025-12-19T10:53:47.343789Z","level":"info","event":"Formatting title: Arctic Blue","logger":"root","filename":"new_tropes_dag.py","lineno":66}
{"timestamp":"2025-12-19T10:53:47.343815Z","level":"info","event":"Formatting title: Argentina 1985","logger":"root","filename":"new_tropes_dag.py","lineno":66}
{"timestamp":"2025-12-19T10:53:47.343840Z","level":"info","event":"Formatting title: Argo","logger":"root","filename":"new_tropes_dag.py","lineno":66}
{"timestamp":"2025-12-19T10:53:47.343870Z","level":"info","event":"Formatting title: Armageddon","logger":"root","filename":"new_tropes_dag.py","lineno":66}
{"timestamp":"2025-12-19T10:53:47.343898Z","level":"info","event":"Formatting title: Armageddon Time","logger":"root","filename":"new_tropes_dag.py","lineno":66}
{"timestamp":"2025-12-19T10:53:47.343924Z","level":"info","event":"Formatting title: Armed And Dangerous","logger":"root","filename":"new_tropes_dag.py","lineno":66}
{"timestamp":"2025-12-19T10:53:47.343956Z","level":"info","event":"Formatting title: Army Of Darkness","logger":"root","filename":"new_tropes_dag.py","lineno":66}
{"timestamp":"2025-12-19T10:53:47.343984Z","level":"info","event":"Formatting title: Arrival","logger":"root","filename":"new_tropes_dag.py","lineno":66}
{"timestamp":"2025-12-19T10:53:47.344061Z","level":"info","event":"Formatting title: Arsenic And Old Lace","logger":"root","filename":"new_tropes_dag.py","lineno":66}
{"timestamp":"2025-12-19T10:53:47.344200Z","level":"info","event":"Formatting title: Arthur","logger":"root","filename":"new_tropes_dag.py","lineno":66}
{"timestamp":"2025-12-19T10:53:47.344360Z","level":"info","event":"Formatting title: Artist The","logger":"root","filename":"new_tropes_dag.py","lineno":66}
{"timestamp":"2025-12-19T10:53:47.344430Z","level":"info","event":"Formatting title: As Good As It Gets","logger":"root","filename":"new_tropes_dag.py","lineno":66}
{"timestamp":"2025-12-19T10:53:47.344522Z","level":"info","event":"Formatting title: Ask The Dust","logger":"root","filename":"new_tropes_dag.py","lineno":66}
{"timestamp":"2025-12-19T10:53:47.344598Z","level":"info","event":"Formatting title: Assassination Nation","logger":"root","filename":"new_tropes_dag.py","lineno":66}
{"timestamp":"2025-12-19T10:53:47.344689Z","level":"info","event":"Formatting title: Assassins","logger":"root","filename":"new_tropes_dag.py","lineno":66}
{"timestamp":"2025-12-19T10:53:47.344727Z","level":"info","event":"Formatting title: Assault On Precinct 13","logger":"root","filename":"new_tropes_dag.py","lineno":66}
{"timestamp":"2025-12-19T10:53:47.344757Z","level":"info","event":"Formatting title: Assignment The","logger":"root","filename":"new_tropes_dag.py","lineno":66}
{"timestamp":"2025-12-19T10:53:47.344805Z","level":"info","event":"Formatting title: Asteroid City","logger":"root","filename":"new_tropes_dag.py","lineno":66}
{"timestamp":"2025-12-19T10:53:47.344849Z","level":"info","event":"Formatting title: At First Sight","logger":"root","filename":"new_tropes_dag.py","lineno":66}
{"timestamp":"2025-12-19T10:53:47.344883Z","level":"info","event":"Formatting title: Atomic Blonde","logger":"root","filename":"new_tropes_dag.py","lineno":66}
{"timestamp":"2025-12-19T10:53:47.344914Z","level":"info","event":"Formatting title: Attack The Block","logger":"root","filename":"new_tropes_dag.py","lineno":66}
{"timestamp":"2025-12-19T10:53:47.344947Z","level":"info","event":"Formatting title: Audrey Rose","logger":"root","filename":"new_tropes_dag.py","lineno":66}
{"timestamp":"2025-12-19T10:53:47.344974Z","level":"info","event":"Formatting title: August Osage County","logger":"root","filename":"new_tropes_dag.py","lineno":66}
{"timestamp":"2025-12-19T10:53:47.345005Z","level":"info","event":"Formatting title: Austin Powers International Man Of Mystery","logger":"root","filename":"new_tropes_dag.py","lineno":66}
{"timestamp":"2025-12-19T10:53:47.345038Z","level":"info","event":"Formatting title: Austin Powers The Spy Who Shagged Me","logger":"root","filename":"new_tropes_dag.py","lineno":66}
{"timestamp":"2025-12-19T10:53:47.345519Z","level":"info","event":"Formatting title: Authors Anonymous","logger":"root","filename":"new_tropes_dag.py","lineno":66}
{"timestamp":"2025-12-19T10:53:47.345832Z","level":"info","event":"Formatting title: Autumn In New York","logger":"root","filename":"new_tropes_dag.py","lineno":66}
{"timestamp":"2025-12-19T10:53:47.345960Z","level":"info","event":"Formatting title: Avatar","logger":"root","filename":"new_tropes_dag.py","lineno":66}
{"timestamp":"2025-12-19T10:53:47.346013Z","level":"info","event":"Formatting title: Avengers Endgame","logger":"root","filename":"new_tropes_dag.py","lineno":66}
{"timestamp":"2025-12-19T10:53:47.346054Z","level":"info","event":"Formatting title: Avengers The","logger":"root","filename":"new_tropes_dag.py","lineno":66}
{"timestamp":"2025-12-19T10:53:47.346087Z","level":"info","event":"Formatting title: Avengers The (2012)","logger":"root","filename":"new_tropes_dag.py","lineno":66}
{"timestamp":"2025-12-19T10:53:47.346115Z","level":"info","event":"Formatting title: Avp Alien Vs Predator","logger":"root","filename":"new_tropes_dag.py","lineno":66}
{"timestamp":"2025-12-19T10:53:47.346142Z","level":"info","event":"Formatting title: Avventura L (the Adventure)","logger":"root","filename":"new_tropes_dag.py","lineno":66}
{"timestamp":"2025-12-19T10:53:47.346174Z","level":"info","event":"Formatting title: Awakenings","logger":"root","filename":"new_tropes_dag.py","lineno":66}
{"timestamp":"2025-12-19T10:53:47.346203Z","level":"info","event":"Formatting title: Babel","logger":"root","filename":"new_tropes_dag.py","lineno":66}
{"timestamp":"2025-12-19T10:53:47.346230Z","level":"info","event":"Formatting title: Baby Boy","logger":"root","filename":"new_tropes_dag.py","lineno":66}
{"timestamp":"2025-12-19T10:53:47.346259Z","level":"info","event":"Formatting title: Baby Driver","logger":"root","filename":"new_tropes_dag.py","lineno":66}
{"timestamp":"2025-12-19T10:53:47.346294Z","level":"info","event":"Formatting title: Babylon","logger":"root","filename":"new_tropes_dag.py","lineno":66}
{"timestamp":"2025-12-19T10:53:47.346389Z","level":"info","event":"Formatting title: Bachelor Party","logger":"root","filename":"new_tropes_dag.py","lineno":66}
{"timestamp":"2025-12-19T10:53:47.346436Z","level":"info","event":"Formatting title: Bachelor Party The","logger":"root","filename":"new_tropes_dag.py","lineno":66}
{"timestamp":"2025-12-19T10:53:47.346479Z","level":"info","event":"Formatting title: Back To The Future","logger":"root","filename":"new_tropes_dag.py","lineno":66}
{"timestamp":"2025-12-19T10:53:47.346521Z","level":"info","event":"Formatting title: Back To The Future 2 & 3","logger":"root","filename":"new_tropes_dag.py","lineno":66}
{"timestamp":"2025-12-19T10:53:47.346557Z","level":"info","event":"Formatting title: Back Up Plan The","logger":"root","filename":"new_tropes_dag.py","lineno":66}
{"timestamp":"2025-12-19T10:53:47.346589Z","level":"info","event":"Formatting title: Backdraft","logger":"root","filename":"new_tropes_dag.py","lineno":66}
{"timestamp":"2025-12-19T10:53:47.346987Z","level":"info","event":"Formatting title: Bad Boys","logger":"root","filename":"new_tropes_dag.py","lineno":66}
{"timestamp":"2025-12-19T10:53:47.347067Z","level":"info","event":"Formatting title: Bad Boys For Life","logger":"root","filename":"new_tropes_dag.py","lineno":66}
{"timestamp":"2025-12-19T10:53:47.347106Z","level":"info","event":"Formatting title: Bad Country","logger":"root","filename":"new_tropes_dag.py","lineno":66}
{"timestamp":"2025-12-19T10:53:47.347136Z","level":"info","event":"Formatting title: Bad Day At Black Rock","logger":"root","filename":"new_tropes_dag.py","lineno":66}
{"timestamp":"2025-12-19T10:53:47.347169Z","level":"info","event":"Formatting title: Bad Dreams","logger":"root","filename":"new_tropes_dag.py","lineno":66}
{"timestamp":"2025-12-19T10:53:47.347251Z","level":"info","event":"Formatting title: Bad Lieutenant","logger":"root","filename":"new_tropes_dag.py","lineno":66}
{"timestamp":"2025-12-19T10:53:47.347282Z","level":"info","event":"Formatting title: Bad Moms","logger":"root","filename":"new_tropes_dag.py","lineno":66}
{"timestamp":"2025-12-19T10:53:47.347311Z","level":"info","event":"Formatting title: Bad Moon","logger":"root","filename":"new_tropes_dag.py","lineno":66}
{"timestamp":"2025-12-19T10:53:47.347338Z","level":"info","event":"Formatting title: Bad Santa","logger":"root","filename":"new_tropes_dag.py","lineno":66}
{"timestamp":"2025-12-19T10:53:47.347367Z","level":"info","event":"Formatting title: Bad Teacher","logger":"root","filename":"new_tropes_dag.py","lineno":66}
{"timestamp":"2025-12-19T10:53:47.347394Z","level":"info","event":"Formatting title: Bad Times At The El Royale","logger":"root","filename":"new_tropes_dag.py","lineno":66}
{"timestamp":"2025-12-19T10:53:47.347419Z","level":"info","event":"Formatting title: Badlands","logger":"root","filename":"new_tropes_dag.py","lineno":66}
{"timestamp":"2025-12-19T10:53:47.347444Z","level":"info","event":"Formatting title: Bamboozled","logger":"root","filename":"new_tropes_dag.py","lineno":66}
{"timestamp":"2025-12-19T10:53:47.347471Z","level":"info","event":"Formatting title: Barb And Star Go To Vista Del Mar","logger":"root","filename":"new_tropes_dag.py","lineno":66}
{"timestamp":"2025-12-19T10:53:47.347497Z","level":"info","event":"Formatting title: Barbarian","logger":"root","filename":"new_tropes_dag.py","lineno":66}
{"timestamp":"2025-12-19T10:53:47.347523Z","level":"info","event":"Formatting title: Barbershop","logger":"root","filename":"new_tropes_dag.py","lineno":66}
{"timestamp":"2025-12-19T10:53:47.347547Z","level":"info","event":"Formatting title: Barbie","logger":"root","filename":"new_tropes_dag.py","lineno":66}
{"timestamp":"2025-12-19T10:53:47.347578Z","level":"info","event":"Formatting title: Barry Lyndon","logger":"root","filename":"new_tropes_dag.py","lineno":66}
{"timestamp":"2025-12-19T10:53:47.347604Z","level":"info","event":"Formatting title: Barton Fink","logger":"root","filename":"new_tropes_dag.py","lineno":66}
{"timestamp":"2025-12-19T10:53:47.347631Z","level":"info","event":"Formatting title: Basic","logger":"root","filename":"new_tropes_dag.py","lineno":66}
{"timestamp":"2025-12-19T10:53:47.347656Z","level":"info","event":"Formatting title: Basic Instinct","logger":"root","filename":"new_tropes_dag.py","lineno":66}
{"timestamp":"2025-12-19T10:53:47.347685Z","level":"info","event":"Formatting title: Basic Instinct 2","logger":"root","filename":"new_tropes_dag.py","lineno":66}
{"timestamp":"2025-12-19T10:53:47.347712Z","level":"info","event":"Formatting title: Basket Case","logger":"root","filename":"new_tropes_dag.py","lineno":66}
{"timestamp":"2025-12-19T10:53:47.347790Z","level":"info","event":"Formatting title: Basquiat","logger":"root","filename":"new_tropes_dag.py","lineno":66}
{"timestamp":"2025-12-19T10:53:47.347827Z","level":"info","event":"Formatting title: Batman","logger":"root","filename":"new_tropes_dag.py","lineno":66}
{"timestamp":"2025-12-19T10:53:47.347857Z","level":"info","event":"Formatting title: Batman & Robin","logger":"root","filename":"new_tropes_dag.py","lineno":66}
{"timestamp":"2025-12-19T10:53:47.347889Z","level":"info","event":"Formatting title: Batman 2","logger":"root","filename":"new_tropes_dag.py","lineno":66}
{"timestamp":"2025-12-19T10:53:47.347917Z","level":"info","event":"Formatting title: Batman And Robin","logger":"root","filename":"new_tropes_dag.py","lineno":66}
{"timestamp":"2025-12-19T10:53:47.348030Z","level":"info","event":"Formatting title: Batman Begins","logger":"root","filename":"new_tropes_dag.py","lineno":66}
{"timestamp":"2025-12-19T10:53:47.348070Z","level":"info","event":"Formatting title: Batman Forever","logger":"root","filename":"new_tropes_dag.py","lineno":66}
{"timestamp":"2025-12-19T10:53:47.348104Z","level":"info","event":"Formatting title: Batman Mask Of The Phantasm","logger":"root","filename":"new_tropes_dag.py","lineno":66}
{"timestamp":"2025-12-19T10:53:47.348134Z","level":"info","event":"Formatting title: Batman Returns","logger":"root","filename":"new_tropes_dag.py","lineno":66}
{"timestamp":"2025-12-19T10:53:47.348164Z","level":"info","event":"Formatting title: Battle Los Angeles","logger":"root","filename":"new_tropes_dag.py","lineno":66}
{"timestamp":"2025-12-19T10:53:47.348192Z","level":"info","event":"Formatting title: Battle Of Algiers The","logger":"root","filename":"new_tropes_dag.py","lineno":66}
{"timestamp":"2025-12-19T10:53:47.348232Z","level":"info","event":"Formatting title: Battle Of Shaker Heights The","logger":"root","filename":"new_tropes_dag.py","lineno":66}
{"timestamp":"2025-12-19T10:53:47.348276Z","level":"info","event":"Formatting title: Battle Of The Sexes","logger":"root","filename":"new_tropes_dag.py","lineno":66}
{"timestamp":"2025-12-19T10:53:47.348307Z","level":"info","event":"Formatting title: Battlefield Earth","logger":"root","filename":"new_tropes_dag.py","lineno":66}
{"timestamp":"2025-12-19T10:53:47.348342Z","level":"info","event":"Formatting title: Baywatch","logger":"root","filename":"new_tropes_dag.py","lineno":66}
{"timestamp":"2025-12-19T10:53:47.348373Z","level":"info","event":"Formatting title: Beach The","logger":"root","filename":"new_tropes_dag.py","lineno":66}
{"timestamp":"2025-12-19T10:53:47.348402Z","level":"info","event":"Formatting title: Bean","logger":"root","filename":"new_tropes_dag.py","lineno":66}
{"timestamp":"2025-12-19T10:53:47.348436Z","level":"info","event":"Formatting title: Beasts Of No Nation","logger":"root","filename":"new_tropes_dag.py","lineno":66}
{"timestamp":"2025-12-19T10:53:47.348464Z","level":"info","event":"Formatting title: Beasts Of The Southern Wild","logger":"root","filename":"new_tropes_dag.py","lineno":66}
{"timestamp":"2025-12-19T10:53:47.348494Z","level":"info","event":"Formatting title: Beau Is Afraid","logger":"root","filename":"new_tropes_dag.py","lineno":66}
{"timestamp":"2025-12-19T10:53:47.348522Z","level":"info","event":"Formatting title: Beautiful Boy","logger":"root","filename":"new_tropes_dag.py","lineno":66}
{"timestamp":"2025-12-19T10:53:47.348564Z","level":"info","event":"Formatting title: Beauty And The Beast","logger":"root","filename":"new_tropes_dag.py","lineno":66}
{"timestamp":"2025-12-19T10:53:47.348595Z","level":"info","event":"Formatting title: Beavis And Butt Head Do America","logger":"root","filename":"new_tropes_dag.py","lineno":66}
{"timestamp":"2025-12-19T10:53:47.348660Z","level":"info","event":"Formatting title: Beekeeper The","logger":"root","filename":"new_tropes_dag.py","lineno":66}
{"timestamp":"2025-12-19T10:53:47.348703Z","level":"info","event":"Formatting title: Beetlejuice","logger":"root","filename":"new_tropes_dag.py","lineno":66}
{"timestamp":"2025-12-19T10:53:47.348734Z","level":"info","event":"Formatting title: Before Midnight","logger":"root","filename":"new_tropes_dag.py","lineno":66}
{"timestamp":"2025-12-19T10:53:47.348791Z","level":"info","event":"Formatting title: Beginners","logger":"root","filename":"new_tropes_dag.py","lineno":66}
{"timestamp":"2025-12-19T10:53:47.348827Z","level":"info","event":"Formatting title: Being Human","logger":"root","filename":"new_tropes_dag.py","lineno":66}
{"timestamp":"2025-12-19T10:53:47.348857Z","level":"info","event":"Formatting title: Being John Malkovich","logger":"root","filename":"new_tropes_dag.py","lineno":66}
{"timestamp":"2025-12-19T10:53:47.348886Z","level":"info","event":"Formatting title: Being The Ricardos","logger":"root","filename":"new_tropes_dag.py","lineno":66}
{"timestamp":"2025-12-19T10:53:47.348916Z","level":"info","event":"Formatting title: Being There","logger":"root","filename":"new_tropes_dag.py","lineno":66}
{"timestamp":"2025-12-19T10:53:47.348946Z","level":"info","event":"Formatting title: Belfast","logger":"root","filename":"new_tropes_dag.py","lineno":66}
{"timestamp":"2025-12-19T10:53:47.348973Z","level":"info","event":"Formatting title: Believer The","logger":"root","filename":"new_tropes_dag.py","lineno":66}
{"timestamp":"2025-12-19T10:53:47.348999Z","level":"info","event":"Formatting title: Belle","logger":"root","filename":"new_tropes_dag.py","lineno":66}
{"timestamp":"2025-12-19T10:53:47.349025Z","level":"info","event":"Formatting title: Beloved","logger":"root","filename":"new_tropes_dag.py","lineno":66}
{"timestamp":"2025-12-19T10:53:47.349067Z","level":"info","event":"Formatting title: Benny & Joon","logger":"root","filename":"new_tropes_dag.py","lineno":66}
{"timestamp":"2025-12-19T10:53:47.349110Z","level":"info","event":"Formatting title: Best Exotic Marigold Hotel The","logger":"root","filename":"new_tropes_dag.py","lineno":66}
{"timestamp":"2025-12-19T10:53:47.349142Z","level":"info","event":"Formatting title: Better Man","logger":"root","filename":"new_tropes_dag.py","lineno":66}
{"timestamp":"2025-12-19T10:53:47.349173Z","level":"info","event":"Formatting title: Beverly Hills Cop","logger":"root","filename":"new_tropes_dag.py","lineno":66}
{"timestamp":"2025-12-19T10:53:47.349202Z","level":"info","event":"Formatting title: Big","logger":"root","filename":"new_tropes_dag.py","lineno":66}
{"timestamp":"2025-12-19T10:53:47.349230Z","level":"info","event":"Formatting title: Big Blue The","logger":"root","filename":"new_tropes_dag.py","lineno":66}
{"timestamp":"2025-12-19T10:53:47.349261Z","level":"info","event":"Formatting title: Big Eyes","logger":"root","filename":"new_tropes_dag.py","lineno":66}
{"timestamp":"2025-12-19T10:53:47.349289Z","level":"info","event":"Formatting title: Big Fish","logger":"root","filename":"new_tropes_dag.py","lineno":66}
{"timestamp":"2025-12-19T10:53:47.349319Z","level":"info","event":"Formatting title: Big Lebowski The","logger":"root","filename":"new_tropes_dag.py","lineno":66}
{"timestamp":"2025-12-19T10:53:47.349347Z","level":"info","event":"Formatting title: Big Sick The","logger":"root","filename":"new_tropes_dag.py","lineno":66}
{"timestamp":"2025-12-19T10:53:47.349374Z","level":"info","event":"Formatting title: Big Time Adolescence","logger":"root","filename":"new_tropes_dag.py","lineno":66}
{"timestamp":"2025-12-19T10:53:47.349424Z","level":"info","event":"Formatting title: Big Trouble In Little China","logger":"root","filename":"new_tropes_dag.py","lineno":66}
{"timestamp":"2025-12-19T10:53:47.349463Z","level":"info","event":"Formatting title: Big White The","logger":"root","filename":"new_tropes_dag.py","lineno":66}
{"timestamp":"2025-12-19T10:53:47.349498Z","level":"info","event":"Formatting title: Bill & Ted Face The Music","logger":"root","filename":"new_tropes_dag.py","lineno":66}
{"timestamp":"2025-12-19T10:53:47.349529Z","level":"info","event":"Formatting title: Bill And Teds Bogus Journey","logger":"root","filename":"new_tropes_dag.py","lineno":66}
{"timestamp":"2025-12-19T10:53:47.349564Z","level":"info","event":"Formatting title: Bill And Teds Excellent Adventure","logger":"root","filename":"new_tropes_dag.py","lineno":66}
{"timestamp":"2025-12-19T10:53:47.349597Z","level":"info","event":"Formatting title: Bird Box","logger":"root","filename":"new_tropes_dag.py","lineno":66}
{"timestamp":"2025-12-19T10:53:47.349629Z","level":"info","event":"Formatting title: Birdman","logger":"root","filename":"new_tropes_dag.py","lineno":66}
{"timestamp":"2025-12-19T10:53:47.349664Z","level":"info","event":"Formatting title: Birds The","logger":"root","filename":"new_tropes_dag.py","lineno":66}
{"timestamp":"2025-12-19T10:53:47.349699Z","level":"info","event":"Formatting title: Birthday Girl","logger":"root","filename":"new_tropes_dag.py","lineno":66}
{"timestamp":"2025-12-19T10:53:47.349727Z","level":"info","event":"Formatting title: Black Christmas","logger":"root","filename":"new_tropes_dag.py","lineno":66}
{"timestamp":"2025-12-19T10:53:47.349758Z","level":"info","event":"Formatting title: Black Dahlia The","logger":"root","filename":"new_tropes_dag.py","lineno":66}
{"timestamp":"2025-12-19T10:53:47.349812Z","level":"info","event":"Formatting title: Black Panther","logger":"root","filename":"new_tropes_dag.py","lineno":66}
{"timestamp":"2025-12-19T10:53:47.349853Z","level":"info","event":"Formatting title: Black Panther Wakanda Forever","logger":"root","filename":"new_tropes_dag.py","lineno":66}
{"timestamp":"2025-12-19T10:53:47.349889Z","level":"info","event":"Formatting title: Black Rain","logger":"root","filename":"new_tropes_dag.py","lineno":66}
{"timestamp":"2025-12-19T10:53:47.349917Z","level":"info","event":"Formatting title: Black Snake Moan","logger":"root","filename":"new_tropes_dag.py","lineno":66}
{"timestamp":"2025-12-19T10:53:47.349971Z","level":"info","event":"Formatting title: Black Swan","logger":"root","filename":"new_tropes_dag.py","lineno":66}
{"timestamp":"2025-12-19T10:53:47.350012Z","level":"info","event":"Formatting title: Blackberry","logger":"root","filename":"new_tropes_dag.py","lineno":66}
{"timestamp":"2025-12-19T10:53:47.350054Z","level":"info","event":"Formatting title: Blackkklansman","logger":"root","filename":"new_tropes_dag.py","lineno":66}
{"timestamp":"2025-12-19T10:53:47.350094Z","level":"info","event":"Formatting title: Blade","logger":"root","filename":"new_tropes_dag.py","lineno":66}
{"timestamp":"2025-12-19T10:53:47.350125Z","level":"info","event":"Formatting title: Blade 2","logger":"root","filename":"new_tropes_dag.py","lineno":66}
{"timestamp":"2025-12-19T10:53:47.350155Z","level":"info","event":"Formatting title: Blade Runner","logger":"root","filename":"new_tropes_dag.py","lineno":66}
{"timestamp":"2025-12-19T10:53:47.350184Z","level":"info","event":"Formatting title: Blade Runner 2049","logger":"root","filename":"new_tropes_dag.py","lineno":66}
{"timestamp":"2025-12-19T10:53:47.350212Z","level":"info","event":"Formatting title: Blade Trinity","logger":"root","filename":"new_tropes_dag.py","lineno":66}
{"timestamp":"2025-12-19T10:53:47.350240Z","level":"info","event":"Formatting title: Blades Of Glory","logger":"root","filename":"new_tropes_dag.py","lineno":66}
{"timestamp":"2025-12-19T10:53:47.440229Z","level":"info","event":"Formatting title: Blankman","logger":"root","filename":"new_tropes_dag.py","lineno":66}
{"timestamp":"2025-12-19T10:53:47.440342Z","level":"info","event":"Formatting title: Blast From The Past The","logger":"root","filename":"new_tropes_dag.py","lineno":66}
{"timestamp":"2025-12-19T10:53:47.440380Z","level":"info","event":"Formatting title: Blazing Saddles","logger":"root","filename":"new_tropes_dag.py","lineno":66}
{"timestamp":"2025-12-19T10:53:47.440411Z","level":"info","event":"Formatting title: Blind Side The","logger":"root","filename":"new_tropes_dag.py","lineno":66}
{"timestamp":"2025-12-19T10:53:47.440439Z","level":"info","event":"Formatting title: Blindspotting","logger":"root","filename":"new_tropes_dag.py","lineno":66}
{"timestamp":"2025-12-19T10:53:47.440467Z","level":"info","event":"Formatting title: Bling Ring The","logger":"root","filename":"new_tropes_dag.py","lineno":66}
{"timestamp":"2025-12-19T10:53:47.440493Z","level":"info","event":"Formatting title: Blink Twice","logger":"root","filename":"new_tropes_dag.py","lineno":66}
{"timestamp":"2025-12-19T10:53:47.440519Z","level":"info","event":"Formatting title: Blitz","logger":"root","filename":"new_tropes_dag.py","lineno":66}
{"timestamp":"2025-12-19T10:53:47.440547Z","level":"info","event":"Formatting title: Blonde","logger":"root","filename":"new_tropes_dag.py","lineno":66}
{"timestamp":"2025-12-19T10:53:47.440573Z","level":"info","event":"Formatting title: Blood And Wine","logger":"root","filename":"new_tropes_dag.py","lineno":66}
{"timestamp":"2025-12-19T10:53:47.440599Z","level":"info","event":"Formatting title: Blood Diamond","logger":"root","filename":"new_tropes_dag.py","lineno":66}
{"timestamp":"2025-12-19T10:53:47.440671Z","level":"info","event":"Formatting title: Blood Simple","logger":"root","filename":"new_tropes_dag.py","lineno":66}
{"timestamp":"2025-12-19T10:53:47.440713Z","level":"info","event":"Formatting title: Bloodshot","logger":"root","filename":"new_tropes_dag.py","lineno":66}
{"timestamp":"2025-12-19T10:53:47.440765Z","level":"info","event":"Formatting title: Blow","logger":"root","filename":"new_tropes_dag.py","lineno":66}
{"timestamp":"2025-12-19T10:53:47.440801Z","level":"info","event":"Formatting title: Blue Jasmine","logger":"root","filename":"new_tropes_dag.py","lineno":66}
{"timestamp":"2025-12-19T10:53:47.440839Z","level":"info","event":"Formatting title: Blue Ruin","logger":"root","filename":"new_tropes_dag.py","lineno":66}
{"timestamp":"2025-12-19T10:53:47.440869Z","level":"info","event":"Formatting title: Blue Valentine","logger":"root","filename":"new_tropes_dag.py","lineno":66}
{"timestamp":"2025-12-19T10:53:47.440899Z","level":"info","event":"Formatting title: Blue Velvet","logger":"root","filename":"new_tropes_dag.py","lineno":66}
{"timestamp":"2025-12-19T10:53:47.440931Z","level":"info","event":"Formatting title: Blues Brothers The","logger":"root","filename":"new_tropes_dag.py","lineno":66}
{"timestamp":"2025-12-19T10:53:47.440958Z","level":"info","event":"Formatting title: Bodies Rest & Motion","logger":"root","filename":"new_tropes_dag.py","lineno":66}
{"timestamp":"2025-12-19T10:53:47.440988Z","level":"info","event":"Formatting title: Body Heat","logger":"root","filename":"new_tropes_dag.py","lineno":66}
{"timestamp":"2025-12-19T10:53:47.441017Z","level":"info","event":"Formatting title: Body Of Evidence","logger":"root","filename":"new_tropes_dag.py","lineno":66}
{"timestamp":"2025-12-19T10:53:47.441044Z","level":"info","event":"Formatting title: Bodyguard","logger":"root","filename":"new_tropes_dag.py","lineno":66}
{"timestamp":"2025-12-19T10:53:47.441071Z","level":"info","event":"Formatting title: Bohemian Rhapsody","logger":"root","filename":"new_tropes_dag.py","lineno":66}
{"timestamp":"2025-12-19T10:53:47.441105Z","level":"info","event":"Formatting title: Bones","logger":"root","filename":"new_tropes_dag.py","lineno":66}
{"timestamp":"2025-12-19T10:53:47.441138Z","level":"info","event":"Formatting title: Bones And All","logger":"root","filename":"new_tropes_dag.py","lineno":66}
{"timestamp":"2025-12-19T10:53:47.441164Z","level":"info","event":"Formatting title: Bonfire Of The Vanities","logger":"root","filename":"new_tropes_dag.py","lineno":66}
{"timestamp":"2025-12-19T10:53:47.441190Z","level":"info","event":"Formatting title: Bonnie And Clyde","logger":"root","filename":"new_tropes_dag.py","lineno":66}
{"timestamp":"2025-12-19T10:53:47.441216Z","level":"info","event":"Formatting title: Boogie Nights","logger":"root","filename":"new_tropes_dag.py","lineno":66}
{"timestamp":"2025-12-19T10:53:47.441244Z","level":"info","event":"Formatting title: Book Of Eli The","logger":"root","filename":"new_tropes_dag.py","lineno":66}
{"timestamp":"2025-12-19T10:53:47.441278Z","level":"info","event":"Formatting title: Booksmart","logger":"root","filename":"new_tropes_dag.py","lineno":66}
{"timestamp":"2025-12-19T10:53:47.441309Z","level":"info","event":"Formatting title: Bookworm","logger":"root","filename":"new_tropes_dag.py","lineno":66}
{"timestamp":"2025-12-19T10:53:47.441340Z","level":"info","event":"Formatting title: Boomerang","logger":"root","filename":"new_tropes_dag.py","lineno":66}
{"timestamp":"2025-12-19T10:53:47.441365Z","level":"info","event":"Formatting title: Boondock Saints 2 All Saints Day","logger":"root","filename":"new_tropes_dag.py","lineno":66}
{"timestamp":"2025-12-19T10:53:47.441390Z","level":"info","event":"Formatting title: Boondock Saints The","logger":"root","filename":"new_tropes_dag.py","lineno":66}
{"timestamp":"2025-12-19T10:53:47.441428Z","level":"info","event":"Formatting title: Booty Call","logger":"root","filename":"new_tropes_dag.py","lineno":66}
{"timestamp":"2025-12-19T10:53:47.441455Z","level":"info","event":"Formatting title: Borat Subsequent Moviefilm","logger":"root","filename":"new_tropes_dag.py","lineno":66}
{"timestamp":"2025-12-19T10:53:47.441481Z","level":"info","event":"Formatting title: Born On The Fourth Of July","logger":"root","filename":"new_tropes_dag.py","lineno":66}
{"timestamp":"2025-12-19T10:53:47.441507Z","level":"info","event":"Formatting title: Bottle Rocket","logger":"root","filename":"new_tropes_dag.py","lineno":66}
{"timestamp":"2025-12-19T10:53:47.441532Z","level":"info","event":"Formatting title: Bottoms","logger":"root","filename":"new_tropes_dag.py","lineno":66}
{"timestamp":"2025-12-19T10:53:47.441557Z","level":"info","event":"Formatting title: Bound","logger":"root","filename":"new_tropes_dag.py","lineno":66}
{"timestamp":"2025-12-19T10:53:47.441582Z","level":"info","event":"Formatting title: Bounty Hunter The","logger":"root","filename":"new_tropes_dag.py","lineno":66}
{"timestamp":"2025-12-19T10:53:47.441607Z","level":"info","event":"Formatting title: Bourne Identity The","logger":"root","filename":"new_tropes_dag.py","lineno":66}
{"timestamp":"2025-12-19T10:53:47.441631Z","level":"info","event":"Formatting title: Bourne Supremacy The","logger":"root","filename":"new_tropes_dag.py","lineno":66}
{"timestamp":"2025-12-19T10:53:47.441657Z","level":"info","event":"Formatting title: Bourne Ultimatum The","logger":"root","filename":"new_tropes_dag.py","lineno":66}
{"timestamp":"2025-12-19T10:53:47.441681Z","level":"info","event":"Formatting title: Bowfinger","logger":"root","filename":"new_tropes_dag.py","lineno":66}
{"timestamp":"2025-12-19T10:53:47.441714Z","level":"info","event":"Formatting title: Box The","logger":"root","filename":"new_tropes_dag.py","lineno":66}
{"timestamp":"2025-12-19T10:53:47.441739Z","level":"info","event":"Formatting title: Boxtrolls The","logger":"root","filename":"new_tropes_dag.py","lineno":66}
{"timestamp":"2025-12-19T10:53:47.441767Z","level":"info","event":"Formatting title: Boy Erased","logger":"root","filename":"new_tropes_dag.py","lineno":66}
{"timestamp":"2025-12-19T10:53:47.441793Z","level":"info","event":"Formatting title: Boyhood","logger":"root","filename":"new_tropes_dag.py","lineno":66}
{"timestamp":"2025-12-19T10:53:47.441854Z","level":"info","event":"Formatting title: Boyz In The Hood","logger":"root","filename":"new_tropes_dag.py","lineno":66}
{"timestamp":"2025-12-19T10:53:47.441893Z","level":"info","event":"Formatting title: Brads Status","logger":"root","filename":"new_tropes_dag.py","lineno":66}
{"timestamp":"2025-12-19T10:53:47.441927Z","level":"info","event":"Formatting title: Bram Stokers Dracula","logger":"root","filename":"new_tropes_dag.py","lineno":66}
{"timestamp":"2025-12-19T10:53:47.441963Z","level":"info","event":"Formatting title: Braveheart","logger":"root","filename":"new_tropes_dag.py","lineno":66}
{"timestamp":"2025-12-19T10:53:47.441994Z","level":"info","event":"Formatting title: Brazil","logger":"root","filename":"new_tropes_dag.py","lineno":66}
{"timestamp":"2025-12-19T10:53:47.442025Z","level":"info","event":"Formatting title: Breach","logger":"root","filename":"new_tropes_dag.py","lineno":66}
{"timestamp":"2025-12-19T10:53:47.442052Z","level":"info","event":"Formatting title: Break","logger":"root","filename":"new_tropes_dag.py","lineno":66}
{"timestamp":"2025-12-19T10:53:47.442082Z","level":"info","event":"Formatting title: Breakdown","logger":"root","filename":"new_tropes_dag.py","lineno":66}
{"timestamp":"2025-12-19T10:53:47.442109Z","level":"info","event":"Formatting title: Breakfast Club The","logger":"root","filename":"new_tropes_dag.py","lineno":66}
{"timestamp":"2025-12-19T10:53:47.442134Z","level":"info","event":"Formatting title: Breaking Away","logger":"root","filename":"new_tropes_dag.py","lineno":66}
{"timestamp":"2025-12-19T10:53:47.442163Z","level":"info","event":"Formatting title: Breathe","logger":"root","filename":"new_tropes_dag.py","lineno":66}
{"timestamp":"2025-12-19T10:53:47.442188Z","level":"info","event":"Formatting title: Brick","logger":"root","filename":"new_tropes_dag.py","lineno":66}
{"timestamp":"2025-12-19T10:53:47.442216Z","level":"info","event":"Formatting title: Bride Of Chucky","logger":"root","filename":"new_tropes_dag.py","lineno":66}
{"timestamp":"2025-12-19T10:53:47.442246Z","level":"info","event":"Formatting title: Bridesmaids","logger":"root","filename":"new_tropes_dag.py","lineno":66}
{"timestamp":"2025-12-19T10:53:47.442272Z","level":"info","event":"Formatting title: Bridge Of Spies","logger":"root","filename":"new_tropes_dag.py","lineno":66}
{"timestamp":"2025-12-19T10:53:47.442301Z","level":"info","event":"Formatting title: Bridget Jones Diary","logger":"root","filename":"new_tropes_dag.py","lineno":66}
{"timestamp":"2025-12-19T10:53:47.442328Z","level":"info","event":"Formatting title: Bridget Joness Baby","logger":"root","filename":"new_tropes_dag.py","lineno":66}
{"timestamp":"2025-12-19T10:53:47.442354Z","level":"info","event":"Formatting title: Bright","logger":"root","filename":"new_tropes_dag.py","lineno":66}
{"timestamp":"2025-12-19T10:53:47.442379Z","level":"info","event":"Formatting title: Brightburn","logger":"root","filename":"new_tropes_dag.py","lineno":66}
{"timestamp":"2025-12-19T10:53:47.442406Z","level":"info","event":"Formatting title: Bringing Out The Dead","logger":"root","filename":"new_tropes_dag.py","lineno":66}
{"timestamp":"2025-12-19T10:53:47.442436Z","level":"info","event":"Formatting title: Broadcast News","logger":"root","filename":"new_tropes_dag.py","lineno":66}
{"timestamp":"2025-12-19T10:53:47.442460Z","level":"info","event":"Formatting title: Brokeback Mountain","logger":"root","filename":"new_tropes_dag.py","lineno":66}
{"timestamp":"2025-12-19T10:53:47.442485Z","level":"info","event":"Formatting title: Broken Arrow","logger":"root","filename":"new_tropes_dag.py","lineno":66}
{"timestamp":"2025-12-19T10:53:47.442518Z","level":"info","event":"Formatting title: Broken Embraces","logger":"root","filename":"new_tropes_dag.py","lineno":66}
{"timestamp":"2025-12-19T10:53:47.442546Z","level":"info","event":"Formatting title: Brooklyn","logger":"root","filename":"new_tropes_dag.py","lineno":66}
{"timestamp":"2025-12-19T10:53:47.442573Z","level":"info","event":"Formatting title: Brothers Bloom The","logger":"root","filename":"new_tropes_dag.py","lineno":66}
{"timestamp":"2025-12-19T10:53:47.442602Z","level":"info","event":"Formatting title: Bruce Almighty","logger":"root","filename":"new_tropes_dag.py","lineno":66}
{"timestamp":"2025-12-19T10:53:47.442630Z","level":"info","event":"Formatting title: Brutalist The","logger":"root","filename":"new_tropes_dag.py","lineno":66}
{"timestamp":"2025-12-19T10:53:47.442660Z","level":"info","event":"Formatting title: Buffy The Vampire Slayer","logger":"root","filename":"new_tropes_dag.py","lineno":66}
{"timestamp":"2025-12-19T10:53:47.442717Z","level":"info","event":"Formatting title: Bull Durham","logger":"root","filename":"new_tropes_dag.py","lineno":66}
{"timestamp":"2025-12-19T10:53:47.442758Z","level":"info","event":"Formatting title: Buried","logger":"root","filename":"new_tropes_dag.py","lineno":66}
{"timestamp":"2025-12-19T10:53:47.442791Z","level":"info","event":"Formatting title: Burlesque","logger":"root","filename":"new_tropes_dag.py","lineno":66}
{"timestamp":"2025-12-19T10:53:47.442823Z","level":"info","event":"Formatting title: Burn After Reading","logger":"root","filename":"new_tropes_dag.py","lineno":66}
{"timestamp":"2025-12-19T10:53:47.442857Z","level":"info","event":"Formatting title: Burning Annie","logger":"root","filename":"new_tropes_dag.py","lineno":66}
{"timestamp":"2025-12-19T10:53:47.442892Z","level":"info","event":"Formatting title: Burnt","logger":"root","filename":"new_tropes_dag.py","lineno":66}
{"timestamp":"2025-12-19T10:53:47.442924Z","level":"info","event":"Formatting title: Butch Cassidy And The Sundance Kid","logger":"root","filename":"new_tropes_dag.py","lineno":66}
{"timestamp":"2025-12-19T10:53:47.442957Z","level":"info","event":"Formatting title: Butterfly Effect The","logger":"root","filename":"new_tropes_dag.py","lineno":66}
{"timestamp":"2025-12-19T10:53:47.442998Z","level":"info","event":"Formatting title: Cable Guy","logger":"root","filename":"new_tropes_dag.py","lineno":66}
{"timestamp":"2025-12-19T10:53:47.443029Z","level":"info","event":"Formatting title: Caddyshack","logger":"root","filename":"new_tropes_dag.py","lineno":66}
{"timestamp":"2025-12-19T10:53:47.443055Z","level":"info","event":"Formatting title: Call Me By Your Name","logger":"root","filename":"new_tropes_dag.py","lineno":66}
{"timestamp":"2025-12-19T10:53:47.443080Z","level":"info","event":"Formatting title: Can You Ever Forgive Me","logger":"root","filename":"new_tropes_dag.py","lineno":66}
{"timestamp":"2025-12-19T10:53:47.443107Z","level":"info","event":"Formatting title: Candle To Water","logger":"root","filename":"new_tropes_dag.py","lineno":66}
{"timestamp":"2025-12-19T10:53:47.443137Z","level":"info","event":"Formatting title: Candyman","logger":"root","filename":"new_tropes_dag.py","lineno":66}
{"timestamp":"2025-12-19T10:53:47.443169Z","level":"info","event":"Formatting title: Candyman","logger":"root","filename":"new_tropes_dag.py","lineno":66}
{"timestamp":"2025-12-19T10:53:47.443203Z","level":"info","event":"Formatting title: Cape Fear","logger":"root","filename":"new_tropes_dag.py","lineno":66}
{"timestamp":"2025-12-19T10:53:47.443245Z","level":"info","event":"Formatting title: Capharnaum","logger":"root","filename":"new_tropes_dag.py","lineno":66}
{"timestamp":"2025-12-19T10:53:47.443276Z","level":"info","event":"Formatting title: Capote","logger":"root","filename":"new_tropes_dag.py","lineno":66}
{"timestamp":"2025-12-19T10:53:47.443314Z","level":"info","event":"Formatting title: Captain America The First Avenger","logger":"root","filename":"new_tropes_dag.py","lineno":66}
{"timestamp":"2025-12-19T10:53:47.443352Z","level":"info","event":"Formatting title: Captain Fantastic","logger":"root","filename":"new_tropes_dag.py","lineno":66}
{"timestamp":"2025-12-19T10:53:47.443387Z","level":"info","event":"Formatting title: Car Wash","logger":"root","filename":"new_tropes_dag.py","lineno":66}
{"timestamp":"2025-12-19T10:53:47.443430Z","level":"info","event":"Formatting title: Carlitos Way","logger":"root","filename":"new_tropes_dag.py","lineno":66}
{"timestamp":"2025-12-19T10:53:47.443479Z","level":"info","event":"Formatting title: Carnage","logger":"root","filename":"new_tropes_dag.py","lineno":66}
{"timestamp":"2025-12-19T10:53:47.443515Z","level":"info","event":"Formatting title: Carol","logger":"root","filename":"new_tropes_dag.py","lineno":66}
{"timestamp":"2025-12-19T10:53:47.443551Z","level":"info","event":"Formatting title: Carrie","logger":"root","filename":"new_tropes_dag.py","lineno":66}
{"timestamp":"2025-12-19T10:53:47.443588Z","level":"info","event":"Formatting title: Cars 2","logger":"root","filename":"new_tropes_dag.py","lineno":66}
{"timestamp":"2025-12-19T10:53:47.443636Z","level":"info","event":"Formatting title: Casablanca","logger":"root","filename":"new_tropes_dag.py","lineno":66}
{"timestamp":"2025-12-19T10:53:47.443682Z","level":"info","event":"Formatting title: Case 39","logger":"root","filename":"new_tropes_dag.py","lineno":66}
{"timestamp":"2025-12-19T10:53:47.443720Z","level":"info","event":"Formatting title: Casino","logger":"root","filename":"new_tropes_dag.py","lineno":66}
{"timestamp":"2025-12-19T10:53:47.443751Z","level":"info","event":"Formatting title: Casino Royale","logger":"root","filename":"new_tropes_dag.py","lineno":66}
{"timestamp":"2025-12-19T10:53:47.443779Z","level":"info","event":"Formatting title: Casper","logger":"root","filename":"new_tropes_dag.py","lineno":66}
{"timestamp":"2025-12-19T10:53:47.443805Z","level":"info","event":"Formatting title: Cassandro","logger":"root","filename":"new_tropes_dag.py","lineno":66}
{"timestamp":"2025-12-19T10:53:47.443861Z","level":"info","event":"Formatting title: Cast Away","logger":"root","filename":"new_tropes_dag.py","lineno":66}
{"timestamp":"2025-12-19T10:53:47.443894Z","level":"info","event":"Formatting title: Catch Me If You Can","logger":"root","filename":"new_tropes_dag.py","lineno":66}
{"timestamp":"2025-12-19T10:53:47.443923Z","level":"info","event":"Formatting title: Catherine Called Birdy","logger":"root","filename":"new_tropes_dag.py","lineno":66}
{"timestamp":"2025-12-19T10:53:47.443957Z","level":"info","event":"Formatting title: Catwoman","logger":"root","filename":"new_tropes_dag.py","lineno":66}
{"timestamp":"2025-12-19T10:53:47.443984Z","level":"info","event":"Formatting title: Cb4","logger":"root","filename":"new_tropes_dag.py","lineno":66}
{"timestamp":"2025-12-19T10:53:47.444015Z","level":"info","event":"Formatting title: Cecil B Demented","logger":"root","filename":"new_tropes_dag.py","lineno":66}
{"timestamp":"2025-12-19T10:53:47.444045Z","level":"info","event":"Formatting title: Cedar Rapids","logger":"root","filename":"new_tropes_dag.py","lineno":66}
{"timestamp":"2025-12-19T10:53:47.444071Z","level":"info","event":"Formatting title: Celeste & Jesse Forever","logger":"root","filename":"new_tropes_dag.py","lineno":66}
{"timestamp":"2025-12-19T10:53:47.444098Z","level":"info","event":"Formatting title: Cell The","logger":"root","filename":"new_tropes_dag.py","lineno":66}
{"timestamp":"2025-12-19T10:53:47.444129Z","level":"info","event":"Formatting title: Cellular","logger":"root","filename":"new_tropes_dag.py","lineno":66}
{"timestamp":"2025-12-19T10:53:47.444155Z","level":"info","event":"Formatting title: Challengers","logger":"root","filename":"new_tropes_dag.py","lineno":66}
{"timestamp":"2025-12-19T10:53:47.444184Z","level":"info","event":"Formatting title: Change Up The","logger":"root","filename":"new_tropes_dag.py","lineno":66}
{"timestamp":"2025-12-19T10:53:47.444212Z","level":"info","event":"Formatting title: Changeling","logger":"root","filename":"new_tropes_dag.py","lineno":66}
{"timestamp":"2025-12-19T10:53:47.444243Z","level":"info","event":"Formatting title: Chaos","logger":"root","filename":"new_tropes_dag.py","lineno":66}
{"timestamp":"2025-12-19T10:53:47.444269Z","level":"info","event":"Formatting title: Chaplin","logger":"root","filename":"new_tropes_dag.py","lineno":66}
{"timestamp":"2025-12-19T10:53:47.444295Z","level":"info","event":"Formatting title: Charade","logger":"root","filename":"new_tropes_dag.py","lineno":66}
{"timestamp":"2025-12-19T10:53:47.444320Z","level":"info","event":"Formatting title: Chariots Of Fire","logger":"root","filename":"new_tropes_dag.py","lineno":66}
{"timestamp":"2025-12-19T10:53:47.444344Z","level":"info","event":"Formatting title: Charlie And The Chocolate Factory","logger":"root","filename":"new_tropes_dag.py","lineno":66}
{"timestamp":"2025-12-19T10:53:47.444373Z","level":"info","event":"Formatting title: Charlie Bartlett","logger":"root","filename":"new_tropes_dag.py","lineno":66}
{"timestamp":"2025-12-19T10:53:47.444403Z","level":"info","event":"Formatting title: Charlie Wilsons War","logger":"root","filename":"new_tropes_dag.py","lineno":66}
{"timestamp":"2025-12-19T10:53:47.444434Z","level":"info","event":"Formatting title: Charlies Angels","logger":"root","filename":"new_tropes_dag.py","lineno":66}
{"timestamp":"2025-12-19T10:53:47.444467Z","level":"info","event":"Formatting title: Chasing Amy","logger":"root","filename":"new_tropes_dag.py","lineno":66}
{"timestamp":"2025-12-19T10:53:47.444501Z","level":"info","event":"Formatting title: Chasing Sleep","logger":"root","filename":"new_tropes_dag.py","lineno":66}
{"timestamp":"2025-12-19T10:53:47.444534Z","level":"info","event":"Formatting title: Chef","logger":"root","filename":"new_tropes_dag.py","lineno":66}
{"timestamp":"2025-12-19T10:53:47.444568Z","level":"info","event":"Formatting title: Cherry","logger":"root","filename":"new_tropes_dag.py","lineno":66}
{"timestamp":"2025-12-19T10:53:47.444596Z","level":"info","event":"Formatting title: Cherry Falls","logger":"root","filename":"new_tropes_dag.py","lineno":66}
{"timestamp":"2025-12-19T10:53:47.444650Z","level":"info","event":"Formatting title: Children Of Men","logger":"root","filename":"new_tropes_dag.py","lineno":66}
{"timestamp":"2025-12-19T10:53:47.444696Z","level":"info","event":"Formatting title: Childs Play","logger":"root","filename":"new_tropes_dag.py","lineno":66}
{"timestamp":"2025-12-19T10:53:47.444726Z","level":"info","event":"Formatting title: Chinatown","logger":"root","filename":"new_tropes_dag.py","lineno":66}
{"timestamp":"2025-12-19T10:53:47.444752Z","level":"info","event":"Formatting title: Christ Complex","logger":"root","filename":"new_tropes_dag.py","lineno":66}
{"timestamp":"2025-12-19T10:53:47.444785Z","level":"info","event":"Formatting title: Christine","logger":"root","filename":"new_tropes_dag.py","lineno":66}
{"timestamp":"2025-12-19T10:53:47.444812Z","level":"info","event":"Formatting title: Christmas At Pee Wees Playhouse","logger":"root","filename":"new_tropes_dag.py","lineno":66}
{"timestamp":"2025-12-19T10:53:47.444837Z","level":"info","event":"Formatting title: Chronicle","logger":"root","filename":"new_tropes_dag.py","lineno":66}
{"timestamp":"2025-12-19T10:53:47.444863Z","level":"info","event":"Formatting title: Chronicles Of Narnia The Lion The Witch And The Wardrobe","logger":"root","filename":"new_tropes_dag.py","lineno":66}
{"timestamp":"2025-12-19T10:53:47.444890Z","level":"info","event":"Formatting title: Cider House Rules The","logger":"root","filename":"new_tropes_dag.py","lineno":66}
{"timestamp":"2025-12-19T10:53:47.444918Z","level":"info","event":"Formatting title: Cincinnati Kid The","logger":"root","filename":"new_tropes_dag.py","lineno":66}
{"timestamp":"2025-12-19T10:53:47.444946Z","level":"info","event":"Formatting title: Cinderella Man","logger":"root","filename":"new_tropes_dag.py","lineno":66}
{"timestamp":"2025-12-19T10:53:47.444977Z","level":"info","event":"Formatting title: Cinema Paradiso","logger":"root","filename":"new_tropes_dag.py","lineno":66}
{"timestamp":"2025-12-19T10:53:47.445005Z","level":"info","event":"Formatting title: Cirque Du Freak The Vampires Assistant","logger":"root","filename":"new_tropes_dag.py","lineno":66}
{"timestamp":"2025-12-19T10:53:47.445032Z","level":"info","event":"Formatting title: Citizen Kane","logger":"root","filename":"new_tropes_dag.py","lineno":66}
{"timestamp":"2025-12-19T10:53:47.445062Z","level":"info","event":"Formatting title: City Of Joy","logger":"root","filename":"new_tropes_dag.py","lineno":66}
{"timestamp":"2025-12-19T10:53:47.445088Z","level":"info","event":"Formatting title: Clash Of The Titans","logger":"root","filename":"new_tropes_dag.py","lineno":66}
{"timestamp":"2025-12-19T10:53:47.445111Z","level":"info","event":"Formatting title: Clear And Present Danger","logger":"root","filename":"new_tropes_dag.py","lineno":66}
{"timestamp":"2025-12-19T10:53:47.445136Z","level":"info","event":"Formatting title: Clerks","logger":"root","filename":"new_tropes_dag.py","lineno":66}
{"timestamp":"2025-12-19T10:53:47.445160Z","level":"info","event":"Formatting title: Clerks 2","logger":"root","filename":"new_tropes_dag.py","lineno":66}
{"timestamp":"2025-12-19T10:53:47.445185Z","level":"info","event":"Formatting title: Cliffhanger","logger":"root","filename":"new_tropes_dag.py","lineno":66}
{"timestamp":"2025-12-19T10:53:47.445209Z","level":"info","event":"Formatting title: Clockers","logger":"root","filename":"new_tropes_dag.py","lineno":66}
{"timestamp":"2025-12-19T10:53:47.445233Z","level":"info","event":"Formatting title: Clockwork Orange A","logger":"root","filename":"new_tropes_dag.py","lineno":66}
{"timestamp":"2025-12-19T10:53:47.445257Z","level":"info","event":"Formatting title: Close Encounters Of The Third Kind","logger":"root","filename":"new_tropes_dag.py","lineno":66}
{"timestamp":"2025-12-19T10:53:47.445283Z","level":"info","event":"Formatting title: Cloud Atlas","logger":"root","filename":"new_tropes_dag.py","lineno":66}
{"timestamp":"2025-12-19T10:53:47.445311Z","level":"info","event":"Formatting title: Cloverfield","logger":"root","filename":"new_tropes_dag.py","lineno":66}
{"timestamp":"2025-12-19T10:53:47.445336Z","level":"info","event":"Formatting title: Clue","logger":"root","filename":"new_tropes_dag.py","lineno":66}
{"timestamp":"2025-12-19T10:53:47.445362Z","level":"info","event":"Formatting title: Clueless","logger":"root","filename":"new_tropes_dag.py","lineno":66}
{"timestamp":"2025-12-19T10:53:47.445387Z","level":"info","event":"Formatting title: Cmon Cmon","logger":"root","filename":"new_tropes_dag.py","lineno":66}
{"timestamp":"2025-12-19T10:53:47.445411Z","level":"info","event":"Formatting title: Cobb","logger":"root","filename":"new_tropes_dag.py","lineno":66}
{"timestamp":"2025-12-19T10:53:47.445435Z","level":"info","event":"Formatting title: Coco","logger":"root","filename":"new_tropes_dag.py","lineno":66}
{"timestamp":"2025-12-19T10:53:47.445459Z","level":"info","event":"Formatting title: Cocoon","logger":"root","filename":"new_tropes_dag.py","lineno":66}
{"timestamp":"2025-12-19T10:53:47.445483Z","level":"info","event":"Formatting title: Coda","logger":"root","filename":"new_tropes_dag.py","lineno":66}
{"timestamp":"2025-12-19T10:53:47.445510Z","level":"info","event":"Formatting title: Code Of Silence","logger":"root","filename":"new_tropes_dag.py","lineno":66}
{"timestamp":"2025-12-19T10:53:47.445534Z","level":"info","event":"Formatting title: Cold Mountain","logger":"root","filename":"new_tropes_dag.py","lineno":66}
{"timestamp":"2025-12-19T10:53:47.445559Z","level":"info","event":"Formatting title: Colette","logger":"root","filename":"new_tropes_dag.py","lineno":66}
{"timestamp":"2025-12-19T10:53:47.445583Z","level":"info","event":"Formatting title: Collateral","logger":"root","filename":"new_tropes_dag.py","lineno":66}
{"timestamp":"2025-12-19T10:53:47.445610Z","level":"info","event":"Formatting title: Collateral Damage","logger":"root","filename":"new_tropes_dag.py","lineno":66}
{"timestamp":"2025-12-19T10:53:47.445635Z","level":"info","event":"Formatting title: Colombiana","logger":"root","filename":"new_tropes_dag.py","lineno":66}
{"timestamp":"2025-12-19T10:53:47.445659Z","level":"info","event":"Formatting title: Color Of Night","logger":"root","filename":"new_tropes_dag.py","lineno":66}
{"timestamp":"2025-12-19T10:53:47.445684Z","level":"info","event":"Formatting title: Color Purple The","logger":"root","filename":"new_tropes_dag.py","lineno":66}
{"timestamp":"2025-12-19T10:53:47.445713Z","level":"info","event":"Formatting title: Come To Daddy","logger":"root","filename":"new_tropes_dag.py","lineno":66}
{"timestamp":"2025-12-19T10:53:47.445741Z","level":"info","event":"Formatting title: Coming Home","logger":"root","filename":"new_tropes_dag.py","lineno":66}
{"timestamp":"2025-12-19T10:53:47.445769Z","level":"info","event":"Formatting title: Coming To America","logger":"root","filename":"new_tropes_dag.py","lineno":66}
{"timestamp":"2025-12-19T10:53:47.445793Z","level":"info","event":"Formatting title: Commando","logger":"root","filename":"new_tropes_dag.py","lineno":66}
{"timestamp":"2025-12-19T10:53:47.445816Z","level":"info","event":"Formatting title: Con Air","logger":"root","filename":"new_tropes_dag.py","lineno":66}
{"timestamp":"2025-12-19T10:53:47.445869Z","level":"info","event":"Formatting title: Conan The Barbarian","logger":"root","filename":"new_tropes_dag.py","lineno":66}
{"timestamp":"2025-12-19T10:53:47.445905Z","level":"info","event":"Formatting title: Conclave","logger":"root","filename":"new_tropes_dag.py","lineno":66}
{"timestamp":"2025-12-19T10:53:47.445934Z","level":"info","event":"Formatting title: Coneheads","logger":"root","filename":"new_tropes_dag.py","lineno":66}
{"timestamp":"2025-12-19T10:53:47.445963Z","level":"info","event":"Formatting title: Confessions Of A Dangerous Mind","logger":"root","filename":"new_tropes_dag.py","lineno":66}
{"timestamp":"2025-12-19T10:53:47.445991Z","level":"info","event":"Formatting title: Confidence","logger":"root","filename":"new_tropes_dag.py","lineno":66}
{"timestamp":"2025-12-19T10:53:47.446018Z","level":"info","event":"Formatting title: Constantine","logger":"root","filename":"new_tropes_dag.py","lineno":66}
{"timestamp":"2025-12-19T10:53:47.446044Z","level":"info","event":"Formatting title: Contact","logger":"root","filename":"new_tropes_dag.py","lineno":66}
{"timestamp":"2025-12-19T10:53:47.446070Z","level":"info","event":"Formatting title: Contagion","logger":"root","filename":"new_tropes_dag.py","lineno":66}
{"timestamp":"2025-12-19T10:53:47.446095Z","level":"info","event":"Formatting title: Cool Hand Luke","logger":"root","filename":"new_tropes_dag.py","lineno":66}
{"timestamp":"2025-12-19T10:53:47.446121Z","level":"info","event":"Formatting title: Cool Runnings","logger":"root","filename":"new_tropes_dag.py","lineno":66}
{"timestamp":"2025-12-19T10:53:47.446147Z","level":"info","event":"Formatting title: Cooler The","logger":"root","filename":"new_tropes_dag.py","lineno":66}
{"timestamp":"2025-12-19T10:53:47.446173Z","level":"info","event":"Formatting title: Copycat","logger":"root","filename":"new_tropes_dag.py","lineno":66}
{"timestamp":"2025-12-19T10:53:47.446197Z","level":"info","event":"Formatting title: Coraline","logger":"root","filename":"new_tropes_dag.py","lineno":66}
{"timestamp":"2025-12-19T10:53:47.446221Z","level":"info","event":"Formatting title: Coriolanus","logger":"root","filename":"new_tropes_dag.py","lineno":66}
{"timestamp":"2025-12-19T10:53:47.446246Z","level":"info","event":"Formatting title: Corpse Bride","logger":"root","filename":"new_tropes_dag.py","lineno":66}
{"timestamp":"2025-12-19T10:53:47.446271Z","level":"info","event":"Formatting title: Courage Under Fire","logger":"root","filename":"new_tropes_dag.py","lineno":66}
{"timestamp":"2025-12-19T10:53:47.446295Z","level":"info","event":"Formatting title: Cowboys & Aliens","logger":"root","filename":"new_tropes_dag.py","lineno":66}
{"timestamp":"2025-12-19T10:53:47.446320Z","level":"info","event":"Formatting title: Cradle 2 The Grave","logger":"root","filename":"new_tropes_dag.py","lineno":66}
{"timestamp":"2025-12-19T10:53:47.446344Z","level":"info","event":"Formatting title: Crank","logger":"root","filename":"new_tropes_dag.py","lineno":66}
{"timestamp":"2025-12-19T10:53:47.446368Z","level":"info","event":"Formatting title: Crash","logger":"root","filename":"new_tropes_dag.py","lineno":66}
{"timestamp":"2025-12-19T10:53:47.446393Z","level":"info","event":"Formatting title: Crawl","logger":"root","filename":"new_tropes_dag.py","lineno":66}
{"timestamp":"2025-12-19T10:53:47.446418Z","level":"info","event":"Formatting title: Crazy Rich Asians","logger":"root","filename":"new_tropes_dag.py","lineno":66}
{"timestamp":"2025-12-19T10:53:47.446442Z","level":"info","event":"Formatting title: Crazy Stupid Love","logger":"root","filename":"new_tropes_dag.py","lineno":66}
{"timestamp":"2025-12-19T10:53:47.446466Z","level":"info","event":"Formatting title: Crazylove","logger":"root","filename":"new_tropes_dag.py","lineno":66}
{"timestamp":"2025-12-19T10:53:47.446489Z","level":"info","event":"Formatting title: Creation","logger":"root","filename":"new_tropes_dag.py","lineno":66}
{"timestamp":"2025-12-19T10:53:47.446513Z","level":"info","event":"Formatting title: Creed","logger":"root","filename":"new_tropes_dag.py","lineno":66}
{"timestamp":"2025-12-19T10:53:47.446537Z","level":"info","event":"Formatting title: Creed 2","logger":"root","filename":"new_tropes_dag.py","lineno":66}
{"timestamp":"2025-12-19T10:53:47.446563Z","level":"info","event":"Formatting title: Creed 3","logger":"root","filename":"new_tropes_dag.py","lineno":66}
{"timestamp":"2025-12-19T10:53:47.446591Z","level":"info","event":"Formatting title: Crime Spree","logger":"root","filename":"new_tropes_dag.py","lineno":66}
{"timestamp":"2025-12-19T10:53:47.446616Z","level":"info","event":"Formatting title: Crimson Peak","logger":"root","filename":"new_tropes_dag.py","lineno":66}
{"timestamp":"2025-12-19T10:53:47.446639Z","level":"info","event":"Formatting title: Critters","logger":"root","filename":"new_tropes_dag.py","lineno":66}
{"timestamp":"2025-12-19T10:53:47.446664Z","level":"info","event":"Formatting title: Croods The","logger":"root","filename":"new_tropes_dag.py","lineno":66}
{"timestamp":"2025-12-19T10:53:47.446689Z","level":"info","event":"Formatting title: Crouching Tiger Hidden Dragon","logger":"root","filename":"new_tropes_dag.py","lineno":66}
{"timestamp":"2025-12-19T10:53:47.446713Z","level":"info","event":"Formatting title: Croupier","logger":"root","filename":"new_tropes_dag.py","lineno":66}
{"timestamp":"2025-12-19T10:53:47.446737Z","level":"info","event":"Formatting title: Crow City Of Angels The","logger":"root","filename":"new_tropes_dag.py","lineno":66}
{"timestamp":"2025-12-19T10:53:47.446761Z","level":"info","event":"Formatting title: Crow Salvation The","logger":"root","filename":"new_tropes_dag.py","lineno":66}
{"timestamp":"2025-12-19T10:53:47.446786Z","level":"info","event":"Formatting title: Crow The","logger":"root","filename":"new_tropes_dag.py","lineno":66}
{"timestamp":"2025-12-19T10:53:47.446811Z","level":"info","event":"Formatting title: Cruel Intentions","logger":"root","filename":"new_tropes_dag.py","lineno":66}
{"timestamp":"2025-12-19T10:53:47.446836Z","level":"info","event":"Formatting title: Crying Game","logger":"root","filename":"new_tropes_dag.py","lineno":66}
{"timestamp":"2025-12-19T10:53:47.446866Z","level":"info","event":"Formatting title: Cube","logger":"root","filename":"new_tropes_dag.py","lineno":66}
{"timestamp":"2025-12-19T10:53:47.446895Z","level":"info","event":"Formatting title: Curious Case Of Benjamin Button The","logger":"root","filename":"new_tropes_dag.py","lineno":66}
{"timestamp":"2025-12-19T10:53:47.446920Z","level":"info","event":"Formatting title: Curly Sue","logger":"root","filename":"new_tropes_dag.py","lineno":66}
{"timestamp":"2025-12-19T10:53:47.446943Z","level":"info","event":"Formatting title: Custody","logger":"root","filename":"new_tropes_dag.py","lineno":66}
{"timestamp":"2025-12-19T10:53:47.446967Z","level":"info","event":"Formatting title: Cyrano","logger":"root","filename":"new_tropes_dag.py","lineno":66}
{"timestamp":"2025-12-19T10:53:47.446991Z","level":"info","event":"Formatting title: D2 The Mighty Ducks","logger":"root","filename":"new_tropes_dag.py","lineno":66}
{"timestamp":"2025-12-19T10:53:47.447015Z","level":"info","event":"Formatting title: D3 The Mighty Ducks","logger":"root","filename":"new_tropes_dag.py","lineno":66}
{"timestamp":"2025-12-19T10:53:47.515357Z","level":"info","event":"Formatting title: Da 5 Bloods","logger":"root","filename":"new_tropes_dag.py","lineno":66}
{"timestamp":"2025-12-19T10:53:47.515462Z","level":"info","event":"Formatting title: Dallas Buyers Club","logger":"root","filename":"new_tropes_dag.py","lineno":66}
{"timestamp":"2025-12-19T10:53:47.515499Z","level":"info","event":"Formatting title: Damned United The","logger":"root","filename":"new_tropes_dag.py","lineno":66}
{"timestamp":"2025-12-19T10:53:47.515545Z","level":"info","event":"Formatting title: Dances With Wolves","logger":"root","filename":"new_tropes_dag.py","lineno":66}
{"timestamp":"2025-12-19T10:53:47.515583Z","level":"info","event":"Formatting title: Danish Girl The","logger":"root","filename":"new_tropes_dag.py","lineno":66}
{"timestamp":"2025-12-19T10:53:47.515615Z","level":"info","event":"Formatting title: Daredevil","logger":"root","filename":"new_tropes_dag.py","lineno":66}
{"timestamp":"2025-12-19T10:53:47.515643Z","level":"info","event":"Formatting title: Dark City","logger":"root","filename":"new_tropes_dag.py","lineno":66}
{"timestamp":"2025-12-19T10:53:47.515670Z","level":"info","event":"Formatting title: Dark Knight Rises The","logger":"root","filename":"new_tropes_dag.py","lineno":66}
{"timestamp":"2025-12-19T10:53:47.515696Z","level":"info","event":"Formatting title: Dark Knight The","logger":"root","filename":"new_tropes_dag.py","lineno":66}
{"timestamp":"2025-12-19T10:53:47.515722Z","level":"info","event":"Formatting title: Dark Star","logger":"root","filename":"new_tropes_dag.py","lineno":66}
{"timestamp":"2025-12-19T10:53:47.515750Z","level":"info","event":"Formatting title: Darker Than Amber","logger":"root","filename":"new_tropes_dag.py","lineno":66}
{"timestamp":"2025-12-19T10:53:47.515777Z","level":"info","event":"Formatting title: Darkest Hour","logger":"root","filename":"new_tropes_dag.py","lineno":66}
{"timestamp":"2025-12-19T10:53:47.515802Z","level":"info","event":"Formatting title: Darkman","logger":"root","filename":"new_tropes_dag.py","lineno":66}
{"timestamp":"2025-12-19T10:53:47.515826Z","level":"info","event":"Formatting title: Date Night","logger":"root","filename":"new_tropes_dag.py","lineno":66}
{"timestamp":"2025-12-19T10:53:47.515853Z","level":"info","event":"Formatting title: Dave Barrys Complete Guide To Guys","logger":"root","filename":"new_tropes_dag.py","lineno":66}
{"timestamp":"2025-12-19T10:53:47.515878Z","level":"info","event":"Formatting title: Dawn Of The Dead","logger":"root","filename":"new_tropes_dag.py","lineno":66}
{"timestamp":"2025-12-19T10:53:47.515904Z","level":"info","event":"Formatting title: Dawn Of The Planet Of The Apes","logger":"root","filename":"new_tropes_dag.py","lineno":66}
{"timestamp":"2025-12-19T10:53:47.515930Z","level":"info","event":"Formatting title: Day Of The Dead","logger":"root","filename":"new_tropes_dag.py","lineno":66}
{"timestamp":"2025-12-19T10:53:47.515956Z","level":"info","event":"Formatting title: Day The Clown Cried The","logger":"root","filename":"new_tropes_dag.py","lineno":66}
{"timestamp":"2025-12-19T10:53:47.515981Z","level":"info","event":"Formatting title: Day The Earth Stood Still The","logger":"root","filename":"new_tropes_dag.py","lineno":66}
{"timestamp":"2025-12-19T10:53:47.516005Z","level":"info","event":"Formatting title: Days Of Heaven","logger":"root","filename":"new_tropes_dag.py","lineno":66}
{"timestamp":"2025-12-19T10:53:47.516041Z","level":"info","event":"Formatting title: Dazed And Confused","logger":"root","filename":"new_tropes_dag.py","lineno":66}
{"timestamp":"2025-12-19T10:53:47.516068Z","level":"info","event":"Formatting title: Dead Poets Society","logger":"root","filename":"new_tropes_dag.py","lineno":66}
{"timestamp":"2025-12-19T10:53:47.516093Z","level":"info","event":"Formatting title: Deadpool","logger":"root","filename":"new_tropes_dag.py","lineno":66}
{"timestamp":"2025-12-19T10:53:47.516117Z","level":"info","event":"Formatting title: Deadpool & Wolverine","logger":"root","filename":"new_tropes_dag.py","lineno":66}
{"timestamp":"2025-12-19T10:53:47.516142Z","level":"info","event":"Formatting title: Dear White People","logger":"root","filename":"new_tropes_dag.py","lineno":66}
{"timestamp":"2025-12-19T10:53:47.516167Z","level":"info","event":"Formatting title: Death At A Funeral","logger":"root","filename":"new_tropes_dag.py","lineno":66}
{"timestamp":"2025-12-19T10:53:47.516192Z","level":"info","event":"Formatting title: Death Becomes Her","logger":"root","filename":"new_tropes_dag.py","lineno":66}
{"timestamp":"2025-12-19T10:53:47.516217Z","level":"info","event":"Formatting title: Death Note","logger":"root","filename":"new_tropes_dag.py","lineno":66}
{"timestamp":"2025-12-19T10:53:47.516241Z","level":"info","event":"Formatting title: Death Proof","logger":"root","filename":"new_tropes_dag.py","lineno":66}
{"timestamp":"2025-12-19T10:53:47.516264Z","level":"info","event":"Formatting title: Death To Smoochy","logger":"root","filename":"new_tropes_dag.py","lineno":66}
{"timestamp":"2025-12-19T10:53:47.516287Z","level":"info","event":"Formatting title: Debt The","logger":"root","filename":"new_tropes_dag.py","lineno":66}
{"timestamp":"2025-12-19T10:53:47.516311Z","level":"info","event":"Formatting title: Deception","logger":"root","filename":"new_tropes_dag.py","lineno":66}
{"timestamp":"2025-12-19T10:53:47.516335Z","level":"info","event":"Formatting title: Deep Cover","logger":"root","filename":"new_tropes_dag.py","lineno":66}
{"timestamp":"2025-12-19T10:53:47.516358Z","level":"info","event":"Formatting title: Deep Rising","logger":"root","filename":"new_tropes_dag.py","lineno":66}
{"timestamp":"2025-12-19T10:53:47.516383Z","level":"info","event":"Formatting title: Deep Star Six","logger":"root","filename":"new_tropes_dag.py","lineno":66}
{"timestamp":"2025-12-19T10:53:47.516407Z","level":"info","event":"Formatting title: Deer Hunter The","logger":"root","filename":"new_tropes_dag.py","lineno":66}
{"timestamp":"2025-12-19T10:53:47.516432Z","level":"info","event":"Formatting title: Defiance","logger":"root","filename":"new_tropes_dag.py","lineno":66}
{"timestamp":"2025-12-19T10:53:47.516457Z","level":"info","event":"Formatting title: Demolition Man","logger":"root","filename":"new_tropes_dag.py","lineno":66}
{"timestamp":"2025-12-19T10:53:47.516482Z","level":"info","event":"Formatting title: Den Of Thieves","logger":"root","filename":"new_tropes_dag.py","lineno":66}
{"timestamp":"2025-12-19T10:53:47.516507Z","level":"info","event":"Formatting title: Denial","logger":"root","filename":"new_tropes_dag.py","lineno":66}
{"timestamp":"2025-12-19T10:53:47.516532Z","level":"info","event":"Formatting title: Departed The","logger":"root","filename":"new_tropes_dag.py","lineno":66}
{"timestamp":"2025-12-19T10:53:47.516556Z","level":"info","event":"Formatting title: Descendants The","logger":"root","filename":"new_tropes_dag.py","lineno":66}
{"timestamp":"2025-12-19T10:53:47.516580Z","level":"info","event":"Formatting title: Despicable Me 2","logger":"root","filename":"new_tropes_dag.py","lineno":66}
{"timestamp":"2025-12-19T10:53:47.516603Z","level":"info","event":"Formatting title: Destroyer","logger":"root","filename":"new_tropes_dag.py","lineno":66}
{"timestamp":"2025-12-19T10:53:47.516680Z","level":"info","event":"Formatting title: Detroit Rock City","logger":"root","filename":"new_tropes_dag.py","lineno":66}
{"timestamp":"2025-12-19T10:53:47.516718Z","level":"info","event":"Formatting title: Devil In A Blue Dress","logger":"root","filename":"new_tropes_dag.py","lineno":66}
{"timestamp":"2025-12-19T10:53:47.516747Z","level":"info","event":"Formatting title: Devil Wears Prada The","logger":"root","filename":"new_tropes_dag.py","lineno":66}
{"timestamp":"2025-12-19T10:53:47.516774Z","level":"info","event":"Formatting title: Devils Advocate","logger":"root","filename":"new_tropes_dag.py","lineno":66}
{"timestamp":"2025-12-19T10:53:47.516800Z","level":"info","event":"Formatting title: Die Hard","logger":"root","filename":"new_tropes_dag.py","lineno":66}
{"timestamp":"2025-12-19T10:53:47.516825Z","level":"info","event":"Formatting title: Die Hard 2","logger":"root","filename":"new_tropes_dag.py","lineno":66}
{"timestamp":"2025-12-19T10:53:47.516851Z","level":"info","event":"Formatting title: Die Hard With A Vengeance","logger":"root","filename":"new_tropes_dag.py","lineno":66}
{"timestamp":"2025-12-19T10:53:47.516876Z","level":"info","event":"Formatting title: Diner","logger":"root","filename":"new_tropes_dag.py","lineno":66}
{"timestamp":"2025-12-19T10:53:47.516901Z","level":"info","event":"Formatting title: Dinner For Schmucks","logger":"root","filename":"new_tropes_dag.py","lineno":66}
{"timestamp":"2025-12-19T10:53:47.516926Z","level":"info","event":"Formatting title: Dirty Girl","logger":"root","filename":"new_tropes_dag.py","lineno":66}
{"timestamp":"2025-12-19T10:53:47.516967Z","level":"info","event":"Formatting title: Dirty Harry","logger":"root","filename":"new_tropes_dag.py","lineno":66}
{"timestamp":"2025-12-19T10:53:47.517002Z","level":"info","event":"Formatting title: Disclosure","logger":"root","filename":"new_tropes_dag.py","lineno":66}
{"timestamp":"2025-12-19T10:53:47.517029Z","level":"info","event":"Formatting title: Disobedience","logger":"root","filename":"new_tropes_dag.py","lineno":66}
{"timestamp":"2025-12-19T10:53:47.517057Z","level":"info","event":"Formatting title: Disorderlies","logger":"root","filename":"new_tropes_dag.py","lineno":66}
{"timestamp":"2025-12-19T10:53:47.517083Z","level":"info","event":"Formatting title: Distinguished Gentleman The","logger":"root","filename":"new_tropes_dag.py","lineno":66}
{"timestamp":"2025-12-19T10:53:47.517108Z","level":"info","event":"Formatting title: Disturbia","logger":"root","filename":"new_tropes_dag.py","lineno":66}
{"timestamp":"2025-12-19T10:53:47.517135Z","level":"info","event":"Formatting title: Django Unchained","logger":"root","filename":"new_tropes_dag.py","lineno":66}
{"timestamp":"2025-12-19T10:53:47.517161Z","level":"info","event":"Formatting title: Do The Right Thing","logger":"root","filename":"new_tropes_dag.py","lineno":66}
{"timestamp":"2025-12-19T10:53:47.517191Z","level":"info","event":"Formatting title: Doctor Sleep","logger":"root","filename":"new_tropes_dag.py","lineno":66}
{"timestamp":"2025-12-19T10:53:47.517232Z","level":"info","event":"Formatting title: Doctor Zhivago","logger":"root","filename":"new_tropes_dag.py","lineno":66}
{"timestamp":"2025-12-19T10:53:47.517281Z","level":"info","event":"Formatting title: Dog Day Afternoon","logger":"root","filename":"new_tropes_dag.py","lineno":66}
{"timestamp":"2025-12-19T10:53:47.517342Z","level":"info","event":"Formatting title: Dogma","logger":"root","filename":"new_tropes_dag.py","lineno":66}
{"timestamp":"2025-12-19T10:53:47.517399Z","level":"info","event":"Formatting title: Dolemite Is My Name","logger":"root","filename":"new_tropes_dag.py","lineno":66}
{"timestamp":"2025-12-19T10:53:47.517448Z","level":"info","event":"Formatting title: Dominion","logger":"root","filename":"new_tropes_dag.py","lineno":66}
{"timestamp":"2025-12-19T10:53:47.517495Z","level":"info","event":"Formatting title: Donnie Brasco","logger":"root","filename":"new_tropes_dag.py","lineno":66}
{"timestamp":"2025-12-19T10:53:47.517542Z","level":"info","event":"Formatting title: Donnie Darko","logger":"root","filename":"new_tropes_dag.py","lineno":66}
{"timestamp":"2025-12-19T10:53:47.517587Z","level":"info","event":"Formatting title: Dont Look Now","logger":"root","filename":"new_tropes_dag.py","lineno":66}
{"timestamp":"2025-12-19T10:53:47.517633Z","level":"info","event":"Formatting title: Dont Look Up","logger":"root","filename":"new_tropes_dag.py","lineno":66}
{"timestamp":"2025-12-19T10:53:47.517669Z","level":"info","event":"Formatting title: Dont Worry Darling","logger":"root","filename":"new_tropes_dag.py","lineno":66}
{"timestamp":"2025-12-19T10:53:47.517705Z","level":"info","event":"Formatting title: Doom","logger":"root","filename":"new_tropes_dag.py","lineno":66}
{"timestamp":"2025-12-19T10:53:47.517740Z","level":"info","event":"Formatting title: Doors The","logger":"root","filename":"new_tropes_dag.py","lineno":66}
{"timestamp":"2025-12-19T10:53:47.517775Z","level":"info","event":"Formatting title: Dope","logger":"root","filename":"new_tropes_dag.py","lineno":66}
{"timestamp":"2025-12-19T10:53:47.517811Z","level":"info","event":"Formatting title: Double Indemnity","logger":"root","filename":"new_tropes_dag.py","lineno":66}
{"timestamp":"2025-12-19T10:53:47.517848Z","level":"info","event":"Formatting title: Doubt","logger":"root","filename":"new_tropes_dag.py","lineno":66}
{"timestamp":"2025-12-19T10:53:47.517883Z","level":"info","event":"Formatting title: Downhill","logger":"root","filename":"new_tropes_dag.py","lineno":66}
{"timestamp":"2025-12-19T10:53:47.517917Z","level":"info","event":"Formatting title: Downsizing","logger":"root","filename":"new_tropes_dag.py","lineno":66}
{"timestamp":"2025-12-19T10:53:47.517952Z","level":"info","event":"Formatting title: Downton Abbey","logger":"root","filename":"new_tropes_dag.py","lineno":66}
{"timestamp":"2025-12-19T10:53:47.517986Z","level":"info","event":"Formatting title: Dr Horribles Sing Along Blog","logger":"root","filename":"new_tropes_dag.py","lineno":66}
{"timestamp":"2025-12-19T10:53:47.518023Z","level":"info","event":"Formatting title: Dr No","logger":"root","filename":"new_tropes_dag.py","lineno":66}
{"timestamp":"2025-12-19T10:53:47.518060Z","level":"info","event":"Formatting title: Dr Strangelove Or How I Learned To Stop Worrying And Love The Bomb","logger":"root","filename":"new_tropes_dag.py","lineno":66}
{"timestamp":"2025-12-19T10:53:47.518102Z","level":"info","event":"Formatting title: Drag Me To Hell","logger":"root","filename":"new_tropes_dag.py","lineno":66}
{"timestamp":"2025-12-19T10:53:47.518141Z","level":"info","event":"Formatting title: Dragonheart","logger":"root","filename":"new_tropes_dag.py","lineno":66}
{"timestamp":"2025-12-19T10:53:47.518178Z","level":"info","event":"Formatting title: Dragonslayer","logger":"root","filename":"new_tropes_dag.py","lineno":66}
{"timestamp":"2025-12-19T10:53:47.518214Z","level":"info","event":"Formatting title: Dream Scenario","logger":"root","filename":"new_tropes_dag.py","lineno":66}
{"timestamp":"2025-12-19T10:53:47.518251Z","level":"info","event":"Formatting title: Dredd","logger":"root","filename":"new_tropes_dag.py","lineno":66}
{"timestamp":"2025-12-19T10:53:47.518287Z","level":"info","event":"Formatting title: Dressed To Kill","logger":"root","filename":"new_tropes_dag.py","lineno":66}
{"timestamp":"2025-12-19T10:53:47.518323Z","level":"info","event":"Formatting title: Drive","logger":"root","filename":"new_tropes_dag.py","lineno":66}
{"timestamp":"2025-12-19T10:53:47.518360Z","level":"info","event":"Formatting title: Drive Angry","logger":"root","filename":"new_tropes_dag.py","lineno":66}
{"timestamp":"2025-12-19T10:53:47.518395Z","level":"info","event":"Formatting title: Driving Miss Daisy","logger":"root","filename":"new_tropes_dag.py","lineno":66}
{"timestamp":"2025-12-19T10:53:47.518432Z","level":"info","event":"Formatting title: Drop Dead Gorgeous","logger":"root","filename":"new_tropes_dag.py","lineno":66}
{"timestamp":"2025-12-19T10:53:47.518468Z","level":"info","event":"Formatting title: Dry White Season A","logger":"root","filename":"new_tropes_dag.py","lineno":66}
{"timestamp":"2025-12-19T10:53:47.518494Z","level":"info","event":"Formatting title: Duck Soup","logger":"root","filename":"new_tropes_dag.py","lineno":66}
{"timestamp":"2025-12-19T10:53:47.518518Z","level":"info","event":"Formatting title: Dumb And Dumber","logger":"root","filename":"new_tropes_dag.py","lineno":66}
{"timestamp":"2025-12-19T10:53:47.518541Z","level":"info","event":"Formatting title: Dumb Money","logger":"root","filename":"new_tropes_dag.py","lineno":66}
{"timestamp":"2025-12-19T10:53:47.518566Z","level":"info","event":"Formatting title: Dune","logger":"root","filename":"new_tropes_dag.py","lineno":66}
{"timestamp":"2025-12-19T10:53:47.518590Z","level":"info","event":"Formatting title: Dune","logger":"root","filename":"new_tropes_dag.py","lineno":66}
{"timestamp":"2025-12-19T10:53:47.518622Z","level":"info","event":"Formatting title: Dune Part One","logger":"root","filename":"new_tropes_dag.py","lineno":66}
{"timestamp":"2025-12-19T10:53:47.518657Z","level":"info","event":"Formatting title: Dunkirk","logger":"root","filename":"new_tropes_dag.py","lineno":66}
{"timestamp":"2025-12-19T10:53:47.518693Z","level":"info","event":"Formatting title: Duplicity","logger":"root","filename":"new_tropes_dag.py","lineno":66}
{"timestamp":"2025-12-19T10:53:47.518728Z","level":"info","event":"Formatting title: Dutch","logger":"root","filename":"new_tropes_dag.py","lineno":66}
{"timestamp":"2025-12-19T10:53:47.518762Z","level":"info","event":"Formatting title: Eagle Eye","logger":"root","filename":"new_tropes_dag.py","lineno":66}
{"timestamp":"2025-12-19T10:53:47.518797Z","level":"info","event":"Formatting title: Eastern Promises","logger":"root","filename":"new_tropes_dag.py","lineno":66}
{"timestamp":"2025-12-19T10:53:47.518833Z","level":"info","event":"Formatting title: Easy A","logger":"root","filename":"new_tropes_dag.py","lineno":66}
{"timestamp":"2025-12-19T10:53:47.518872Z","level":"info","event":"Formatting title: Ed Tv","logger":"root","filename":"new_tropes_dag.py","lineno":66}
{"timestamp":"2025-12-19T10:53:47.518911Z","level":"info","event":"Formatting title: Ed Wood","logger":"root","filename":"new_tropes_dag.py","lineno":66}
{"timestamp":"2025-12-19T10:53:47.518969Z","level":"info","event":"Formatting title: Eddie The Eagle","logger":"root","filename":"new_tropes_dag.py","lineno":66}
{"timestamp":"2025-12-19T10:53:47.519085Z","level":"info","event":"Formatting title: Edge Of Tomorrow","logger":"root","filename":"new_tropes_dag.py","lineno":66}
{"timestamp":"2025-12-19T10:53:47.519177Z","level":"info","event":"Formatting title: Edward Scissorhands","logger":"root","filename":"new_tropes_dag.py","lineno":66}
{"timestamp":"2025-12-19T10:53:47.519252Z","level":"info","event":"Formatting title: Eight Legged Freaks","logger":"root","filename":"new_tropes_dag.py","lineno":66}
{"timestamp":"2025-12-19T10:53:47.519312Z","level":"info","event":"Formatting title: Eighth Grade","logger":"root","filename":"new_tropes_dag.py","lineno":66}
{"timestamp":"2025-12-19T10:53:47.519367Z","level":"info","event":"Formatting title: El Mariachi","logger":"root","filename":"new_tropes_dag.py","lineno":66}
{"timestamp":"2025-12-19T10:53:47.519432Z","level":"info","event":"Formatting title: Election","logger":"root","filename":"new_tropes_dag.py","lineno":66}
{"timestamp":"2025-12-19T10:53:47.519565Z","level":"info","event":"Formatting title: Elemental","logger":"root","filename":"new_tropes_dag.py","lineno":66}
{"timestamp":"2025-12-19T10:53:47.519709Z","level":"info","event":"Formatting title: Elephant Man The","logger":"root","filename":"new_tropes_dag.py","lineno":66}
{"timestamp":"2025-12-19T10:53:47.519838Z","level":"info","event":"Formatting title: Elizabeth The Golden Age","logger":"root","filename":"new_tropes_dag.py","lineno":66}
{"timestamp":"2025-12-19T10:53:47.519928Z","level":"info","event":"Formatting title: Elvis","logger":"root","filename":"new_tropes_dag.py","lineno":66}
{"timestamp":"2025-12-19T10:53:47.520008Z","level":"info","event":"Formatting title: Elysium","logger":"root","filename":"new_tropes_dag.py","lineno":66}
{"timestamp":"2025-12-19T10:53:47.520076Z","level":"info","event":"Formatting title: Emancipation","logger":"root","filename":"new_tropes_dag.py","lineno":66}
{"timestamp":"2025-12-19T10:53:47.520143Z","level":"info","event":"Formatting title: Emergency","logger":"root","filename":"new_tropes_dag.py","lineno":66}
{"timestamp":"2025-12-19T10:53:47.520225Z","level":"info","event":"Formatting title: Emilia Pérez","logger":"root","filename":"new_tropes_dag.py","lineno":66}
{"timestamp":"2025-12-19T10:53:47.520299Z","level":"info","event":"Formatting title: Emma","logger":"root","filename":"new_tropes_dag.py","lineno":66}
{"timestamp":"2025-12-19T10:53:47.520372Z","level":"info","event":"Formatting title: Empire Of Light","logger":"root","filename":"new_tropes_dag.py","lineno":66}
{"timestamp":"2025-12-19T10:53:47.520444Z","level":"info","event":"Formatting title: Encanto","logger":"root","filename":"new_tropes_dag.py","lineno":66}
{"timestamp":"2025-12-19T10:53:47.520523Z","level":"info","event":"Formatting title: Encounter","logger":"root","filename":"new_tropes_dag.py","lineno":66}
{"timestamp":"2025-12-19T10:53:47.520590Z","level":"info","event":"Formatting title: End Of Watch","logger":"root","filename":"new_tropes_dag.py","lineno":66}
{"timestamp":"2025-12-19T10:53:47.520891Z","level":"info","event":"Formatting title: Enemy Of The State","logger":"root","filename":"new_tropes_dag.py","lineno":66}
{"timestamp":"2025-12-19T10:53:47.521074Z","level":"info","event":"Formatting title: English Patient The","logger":"root","filename":"new_tropes_dag.py","lineno":66}
{"timestamp":"2025-12-19T10:53:47.521188Z","level":"info","event":"Formatting title: Enough","logger":"root","filename":"new_tropes_dag.py","lineno":66}
{"timestamp":"2025-12-19T10:53:47.521279Z","level":"info","event":"Formatting title: Enough Said","logger":"root","filename":"new_tropes_dag.py","lineno":66}
{"timestamp":"2025-12-19T10:53:47.521356Z","level":"info","event":"Formatting title: Entrapment","logger":"root","filename":"new_tropes_dag.py","lineno":66}
{"timestamp":"2025-12-19T10:53:47.521425Z","level":"info","event":"Formatting title: Equilibrium","logger":"root","filename":"new_tropes_dag.py","lineno":66}
{"timestamp":"2025-12-19T10:53:47.521498Z","level":"info","event":"Formatting title: Equity","logger":"root","filename":"new_tropes_dag.py","lineno":66}
{"timestamp":"2025-12-19T10:53:47.521575Z","level":"info","event":"Formatting title: Eraser","logger":"root","filename":"new_tropes_dag.py","lineno":66}
{"timestamp":"2025-12-19T10:53:47.521646Z","level":"info","event":"Formatting title: Erik The Viking","logger":"root","filename":"new_tropes_dag.py","lineno":66}
{"timestamp":"2025-12-19T10:53:47.521714Z","level":"info","event":"Formatting title: Erin Brockovich","logger":"root","filename":"new_tropes_dag.py","lineno":66}
{"timestamp":"2025-12-19T10:53:47.521781Z","level":"info","event":"Formatting title: Escape From La","logger":"root","filename":"new_tropes_dag.py","lineno":66}
{"timestamp":"2025-12-19T10:53:47.521848Z","level":"info","event":"Formatting title: Escape From New York","logger":"root","filename":"new_tropes_dag.py","lineno":66}
{"timestamp":"2025-12-19T10:53:47.521920Z","level":"info","event":"Formatting title: Et","logger":"root","filename":"new_tropes_dag.py","lineno":66}
{"timestamp":"2025-12-19T10:53:47.522034Z","level":"info","event":"Formatting title: Et The Extra Terrestrial","logger":"root","filename":"new_tropes_dag.py","lineno":66}
{"timestamp":"2025-12-19T10:53:47.522131Z","level":"info","event":"Formatting title: Eternal Sunshine Of The Spotless Mind","logger":"root","filename":"new_tropes_dag.py","lineno":66}
{"timestamp":"2025-12-19T10:53:47.522205Z","level":"info","event":"Formatting title: Even Cowgirls Get The Blues","logger":"root","filename":"new_tropes_dag.py","lineno":66}
{"timestamp":"2025-12-19T10:53:47.522278Z","level":"info","event":"Formatting title: Event Horizon","logger":"root","filename":"new_tropes_dag.py","lineno":66}
{"timestamp":"2025-12-19T10:53:47.522347Z","level":"info","event":"Formatting title: Everything Everywhere All At Once","logger":"root","filename":"new_tropes_dag.py","lineno":66}
{"timestamp":"2025-12-19T10:53:47.522433Z","level":"info","event":"Formatting title: Evil Dead","logger":"root","filename":"new_tropes_dag.py","lineno":66}
{"timestamp":"2025-12-19T10:53:47.522503Z","level":"info","event":"Formatting title: Evil Dead 2","logger":"root","filename":"new_tropes_dag.py","lineno":66}
{"timestamp":"2025-12-19T10:53:47.522571Z","level":"info","event":"Formatting title: Evil Dead 2 Dead By Dawn","logger":"root","filename":"new_tropes_dag.py","lineno":66}
{"timestamp":"2025-12-19T10:53:47.522611Z","level":"info","event":"Formatting title: Evolution","logger":"root","filename":"new_tropes_dag.py","lineno":66}
{"timestamp":"2025-12-19T10:53:47.522640Z","level":"info","event":"Formatting title: Ex Machina","logger":"root","filename":"new_tropes_dag.py","lineno":66}
{"timestamp":"2025-12-19T10:53:47.522666Z","level":"info","event":"Formatting title: Excalibur","logger":"root","filename":"new_tropes_dag.py","lineno":66}
{"timestamp":"2025-12-19T10:53:47.522691Z","level":"info","event":"Formatting title: Executive Decision","logger":"root","filename":"new_tropes_dag.py","lineno":66}
{"timestamp":"2025-12-19T10:53:47.522718Z","level":"info","event":"Formatting title: Existenz","logger":"root","filename":"new_tropes_dag.py","lineno":66}
{"timestamp":"2025-12-19T10:53:47.522742Z","level":"info","event":"Formatting title: Exorcist 2 The Heretic","logger":"root","filename":"new_tropes_dag.py","lineno":66}
{"timestamp":"2025-12-19T10:53:47.522768Z","level":"info","event":"Formatting title: Extract","logger":"root","filename":"new_tropes_dag.py","lineno":66}
{"timestamp":"2025-12-19T10:53:47.522793Z","level":"info","event":"Formatting title: Extremely Wicked Shockingly Evil And Vile","logger":"root","filename":"new_tropes_dag.py","lineno":66}
{"timestamp":"2025-12-19T10:53:47.522818Z","level":"info","event":"Formatting title: Eye In The Sky","logger":"root","filename":"new_tropes_dag.py","lineno":66}
{"timestamp":"2025-12-19T10:53:47.522842Z","level":"info","event":"Formatting title: Eyes Wide Shut","logger":"root","filename":"new_tropes_dag.py","lineno":66}
{"timestamp":"2025-12-19T10:53:47.522867Z","level":"info","event":"Formatting title: Fabulous Baker Boys The","logger":"root","filename":"new_tropes_dag.py","lineno":66}
{"timestamp":"2025-12-19T10:53:47.522892Z","level":"info","event":"Formatting title: Face Off","logger":"root","filename":"new_tropes_dag.py","lineno":66}
{"timestamp":"2025-12-19T10:53:47.522918Z","level":"info","event":"Formatting title: Fair Game","logger":"root","filename":"new_tropes_dag.py","lineno":66}
{"timestamp":"2025-12-19T10:53:47.522941Z","level":"info","event":"Formatting title: Fair Play","logger":"root","filename":"new_tropes_dag.py","lineno":66}
{"timestamp":"2025-12-19T10:53:47.522967Z","level":"info","event":"Formatting title: Fairytale A True Story","logger":"root","filename":"new_tropes_dag.py","lineno":66}
{"timestamp":"2025-12-19T10:53:47.523016Z","level":"info","event":"Formatting title: Family Man The","logger":"root","filename":"new_tropes_dag.py","lineno":66}
{"timestamp":"2025-12-19T10:53:47.523049Z","level":"info","event":"Formatting title: Fanboys","logger":"root","filename":"new_tropes_dag.py","lineno":66}
{"timestamp":"2025-12-19T10:53:47.523078Z","level":"info","event":"Formatting title: Fantastic Beasts And Where To Find Them","logger":"root","filename":"new_tropes_dag.py","lineno":66}
{"timestamp":"2025-12-19T10:53:47.523105Z","level":"info","event":"Formatting title: Fantastic Beasts The Crimes Of Grindelwald","logger":"root","filename":"new_tropes_dag.py","lineno":66}
{"timestamp":"2025-12-19T10:53:47.523132Z","level":"info","event":"Formatting title: Fantastic Beasts The Secrets Of Dumbledore","logger":"root","filename":"new_tropes_dag.py","lineno":66}
{"timestamp":"2025-12-19T10:53:47.523159Z","level":"info","event":"Formatting title: Fantastic Four","logger":"root","filename":"new_tropes_dag.py","lineno":66}
{"timestamp":"2025-12-19T10:53:47.523186Z","level":"info","event":"Formatting title: Fantastic Mr Fox","logger":"root","filename":"new_tropes_dag.py","lineno":66}
{"timestamp":"2025-12-19T10:53:47.523213Z","level":"info","event":"Formatting title: Fargo","logger":"root","filename":"new_tropes_dag.py","lineno":66}
{"timestamp":"2025-12-19T10:53:47.523238Z","level":"info","event":"Formatting title: Fast Color","logger":"root","filename":"new_tropes_dag.py","lineno":66}
{"timestamp":"2025-12-19T10:53:47.523264Z","level":"info","event":"Formatting title: Fast Times At Ridgemont High","logger":"root","filename":"new_tropes_dag.py","lineno":66}
{"timestamp":"2025-12-19T10:53:47.523290Z","level":"info","event":"Formatting title: Fatal Attraction","logger":"root","filename":"new_tropes_dag.py","lineno":66}
{"timestamp":"2025-12-19T10:53:47.523315Z","level":"info","event":"Formatting title: Fatal Instinct","logger":"root","filename":"new_tropes_dag.py","lineno":66}
{"timestamp":"2025-12-19T10:53:47.523344Z","level":"info","event":"Formatting title: Fault In Our Stars The","logger":"root","filename":"new_tropes_dag.py","lineno":66}
{"timestamp":"2025-12-19T10:53:47.523370Z","level":"info","event":"Formatting title: Faults","logger":"root","filename":"new_tropes_dag.py","lineno":66}
{"timestamp":"2025-12-19T10:53:47.523395Z","level":"info","event":"Formatting title: Fear And Loathing In Las Vegas","logger":"root","filename":"new_tropes_dag.py","lineno":66}
{"timestamp":"2025-12-19T10:53:47.523420Z","level":"info","event":"Formatting title: Fear Street Part One 1994","logger":"root","filename":"new_tropes_dag.py","lineno":66}
{"timestamp":"2025-12-19T10:53:47.523444Z","level":"info","event":"Formatting title: Feast","logger":"root","filename":"new_tropes_dag.py","lineno":66}
{"timestamp":"2025-12-19T10:53:47.523470Z","level":"info","event":"Formatting title: Fences","logger":"root","filename":"new_tropes_dag.py","lineno":66}
{"timestamp":"2025-12-19T10:53:47.523494Z","level":"info","event":"Formatting title: Ferrari","logger":"root","filename":"new_tropes_dag.py","lineno":66}
{"timestamp":"2025-12-19T10:53:47.523519Z","level":"info","event":"Formatting title: Ferris Buellers Day Off","logger":"root","filename":"new_tropes_dag.py","lineno":66}
{"timestamp":"2025-12-19T10:53:47.523543Z","level":"info","event":"Formatting title: Field Of Dreams","logger":"root","filename":"new_tropes_dag.py","lineno":66}
{"timestamp":"2025-12-19T10:53:47.523568Z","level":"info","event":"Formatting title: Fifth Element The","logger":"root","filename":"new_tropes_dag.py","lineno":66}
{"timestamp":"2025-12-19T10:53:47.523592Z","level":"info","event":"Formatting title: Fight Club","logger":"root","filename":"new_tropes_dag.py","lineno":66}
{"timestamp":"2025-12-19T10:53:47.523615Z","level":"info","event":"Formatting title: Fighter The","logger":"root","filename":"new_tropes_dag.py","lineno":66}
{"timestamp":"2025-12-19T10:53:47.523638Z","level":"info","event":"Formatting title: Film Stars Dont Die In Liverpool","logger":"root","filename":"new_tropes_dag.py","lineno":66}
{"timestamp":"2025-12-19T10:53:47.523662Z","level":"info","event":"Formatting title: Final Destination","logger":"root","filename":"new_tropes_dag.py","lineno":66}
{"timestamp":"2025-12-19T10:53:47.523687Z","level":"info","event":"Formatting title: Final Destination 2","logger":"root","filename":"new_tropes_dag.py","lineno":66}
{"timestamp":"2025-12-19T10:53:47.523711Z","level":"info","event":"Formatting title: Finding Nemo","logger":"root","filename":"new_tropes_dag.py","lineno":66}
{"timestamp":"2025-12-19T10:53:47.523734Z","level":"info","event":"Formatting title: First Blood","logger":"root","filename":"new_tropes_dag.py","lineno":66}
{"timestamp":"2025-12-19T10:53:47.523758Z","level":"info","event":"Formatting title: First Cow","logger":"root","filename":"new_tropes_dag.py","lineno":66}
{"timestamp":"2025-12-19T10:53:47.523782Z","level":"info","event":"Formatting title: First Man","logger":"root","filename":"new_tropes_dag.py","lineno":66}
{"timestamp":"2025-12-19T10:53:47.523805Z","level":"info","event":"Formatting title: First Reformed","logger":"root","filename":"new_tropes_dag.py","lineno":66}
{"timestamp":"2025-12-19T10:53:47.523829Z","level":"info","event":"Formatting title: First They Killed My Father","logger":"root","filename":"new_tropes_dag.py","lineno":66}
{"timestamp":"2025-12-19T10:53:47.523854Z","level":"info","event":"Formatting title: Five Easy Pieces","logger":"root","filename":"new_tropes_dag.py","lineno":66}
{"timestamp":"2025-12-19T10:53:47.523884Z","level":"info","event":"Formatting title: Flash Gordon","logger":"root","filename":"new_tropes_dag.py","lineno":66}
{"timestamp":"2025-12-19T10:53:47.523908Z","level":"info","event":"Formatting title: Flashdance","logger":"root","filename":"new_tropes_dag.py","lineno":66}
{"timestamp":"2025-12-19T10:53:47.523932Z","level":"info","event":"Formatting title: Flatliners","logger":"root","filename":"new_tropes_dag.py","lineno":66}
{"timestamp":"2025-12-19T10:53:47.523957Z","level":"info","event":"Formatting title: Fletch","logger":"root","filename":"new_tropes_dag.py","lineno":66}
{"timestamp":"2025-12-19T10:53:47.523981Z","level":"info","event":"Formatting title: Flight","logger":"root","filename":"new_tropes_dag.py","lineno":66}
{"timestamp":"2025-12-19T10:53:47.524005Z","level":"info","event":"Formatting title: Flintstones The","logger":"root","filename":"new_tropes_dag.py","lineno":66}
{"timestamp":"2025-12-19T10:53:47.524029Z","level":"info","event":"Formatting title: Flora And Son","logger":"root","filename":"new_tropes_dag.py","lineno":66}
{"timestamp":"2025-12-19T10:53:47.524053Z","level":"info","event":"Formatting title: Focus","logger":"root","filename":"new_tropes_dag.py","lineno":66}
{"timestamp":"2025-12-19T10:53:47.524078Z","level":"info","event":"Formatting title: Foe","logger":"root","filename":"new_tropes_dag.py","lineno":66}
{"timestamp":"2025-12-19T10:53:47.524103Z","level":"info","event":"Formatting title: Following","logger":"root","filename":"new_tropes_dag.py","lineno":66}
{"timestamp":"2025-12-19T10:53:47.524127Z","level":"info","event":"Formatting title: For Your Eyes Only","logger":"root","filename":"new_tropes_dag.py","lineno":66}
{"timestamp":"2025-12-19T10:53:47.524150Z","level":"info","event":"Formatting title: Ford V Ferrari","logger":"root","filename":"new_tropes_dag.py","lineno":66}
{"timestamp":"2025-12-19T10:53:47.524173Z","level":"info","event":"Formatting title: Forrest Gump","logger":"root","filename":"new_tropes_dag.py","lineno":66}
{"timestamp":"2025-12-19T10:53:47.524196Z","level":"info","event":"Formatting title: Four Feathers","logger":"root","filename":"new_tropes_dag.py","lineno":66}
{"timestamp":"2025-12-19T10:53:47.524219Z","level":"info","event":"Formatting title: Four Rooms","logger":"root","filename":"new_tropes_dag.py","lineno":66}
{"timestamp":"2025-12-19T10:53:47.524242Z","level":"info","event":"Formatting title: Four Weddings And A Funeral","logger":"root","filename":"new_tropes_dag.py","lineno":66}
{"timestamp":"2025-12-19T10:53:47.524265Z","level":"info","event":"Formatting title: Foxcatcher","logger":"root","filename":"new_tropes_dag.py","lineno":66}
{"timestamp":"2025-12-19T10:53:47.524289Z","level":"info","event":"Formatting title: Fracture","logger":"root","filename":"new_tropes_dag.py","lineno":66}
{"timestamp":"2025-12-19T10:53:47.524314Z","level":"info","event":"Formatting title: Frailty","logger":"root","filename":"new_tropes_dag.py","lineno":66}
{"timestamp":"2025-12-19T10:53:47.524337Z","level":"info","event":"Formatting title: Frances","logger":"root","filename":"new_tropes_dag.py","lineno":66}
{"timestamp":"2025-12-19T10:53:47.524364Z","level":"info","event":"Formatting title: Frances Ha","logger":"root","filename":"new_tropes_dag.py","lineno":66}
{"timestamp":"2025-12-19T10:53:47.524388Z","level":"info","event":"Formatting title: Frank","logger":"root","filename":"new_tropes_dag.py","lineno":66}
{"timestamp":"2025-12-19T10:53:47.524411Z","level":"info","event":"Formatting title: Frankenstein","logger":"root","filename":"new_tropes_dag.py","lineno":66}
{"timestamp":"2025-12-19T10:53:47.524435Z","level":"info","event":"Formatting title: Frankensteins Army","logger":"root","filename":"new_tropes_dag.py","lineno":66}
{"timestamp":"2025-12-19T10:53:47.524458Z","level":"info","event":"Formatting title: Frankenweenie","logger":"root","filename":"new_tropes_dag.py","lineno":66}
{"timestamp":"2025-12-19T10:53:47.524482Z","level":"info","event":"Formatting title: Frankie","logger":"root","filename":"new_tropes_dag.py","lineno":66}
{"timestamp":"2025-12-19T10:53:47.524505Z","level":"info","event":"Formatting title: Frantic","logger":"root","filename":"new_tropes_dag.py","lineno":66}
{"timestamp":"2025-12-19T10:53:47.524529Z","level":"info","event":"Formatting title: Freaked","logger":"root","filename":"new_tropes_dag.py","lineno":66}
{"timestamp":"2025-12-19T10:53:47.524557Z","level":"info","event":"Formatting title: Fred Claus","logger":"root","filename":"new_tropes_dag.py","lineno":66}
{"timestamp":"2025-12-19T10:53:47.601640Z","level":"info","event":"Formatting title: Freddy Vs Jason","logger":"root","filename":"new_tropes_dag.py","lineno":66}
{"timestamp":"2025-12-19T10:53:47.601745Z","level":"info","event":"Formatting title: Free Fire","logger":"root","filename":"new_tropes_dag.py","lineno":66}
{"timestamp":"2025-12-19T10:53:47.601783Z","level":"info","event":"Formatting title: Free Guy","logger":"root","filename":"new_tropes_dag.py","lineno":66}
{"timestamp":"2025-12-19T10:53:47.601817Z","level":"info","event":"Formatting title: French Connection The","logger":"root","filename":"new_tropes_dag.py","lineno":66}
{"timestamp":"2025-12-19T10:53:47.601847Z","level":"info","event":"Formatting title: Frequency","logger":"root","filename":"new_tropes_dag.py","lineno":66}
{"timestamp":"2025-12-19T10:53:47.601878Z","level":"info","event":"Formatting title: Fresh","logger":"root","filename":"new_tropes_dag.py","lineno":66}
{"timestamp":"2025-12-19T10:53:47.601905Z","level":"info","event":"Formatting title: Freuds Last Session","logger":"root","filename":"new_tropes_dag.py","lineno":66}
{"timestamp":"2025-12-19T10:53:47.601931Z","level":"info","event":"Formatting title: Friday","logger":"root","filename":"new_tropes_dag.py","lineno":66}
{"timestamp":"2025-12-19T10:53:47.601957Z","level":"info","event":"Formatting title: Friday The 13th","logger":"root","filename":"new_tropes_dag.py","lineno":66}
{"timestamp":"2025-12-19T10:53:47.601987Z","level":"info","event":"Formatting title: Friday The 13th Part 6 Jason Lives","logger":"root","filename":"new_tropes_dag.py","lineno":66}
{"timestamp":"2025-12-19T10:53:47.602013Z","level":"info","event":"Formatting title: Friday The 13th Part 8 Jason Takes Manhattan","logger":"root","filename":"new_tropes_dag.py","lineno":66}
{"timestamp":"2025-12-19T10:53:47.602043Z","level":"info","event":"Formatting title: Fright Night","logger":"root","filename":"new_tropes_dag.py","lineno":66}
{"timestamp":"2025-12-19T10:53:47.602070Z","level":"info","event":"Formatting title: Fright Night (1985)","logger":"root","filename":"new_tropes_dag.py","lineno":66}
{"timestamp":"2025-12-19T10:53:47.602097Z","level":"info","event":"Formatting title: From Dusk Till Dawn","logger":"root","filename":"new_tropes_dag.py","lineno":66}
{"timestamp":"2025-12-19T10:53:47.602122Z","level":"info","event":"Formatting title: From Here To Eternity","logger":"root","filename":"new_tropes_dag.py","lineno":66}
{"timestamp":"2025-12-19T10:53:47.602150Z","level":"info","event":"Formatting title: From Russia With Love","logger":"root","filename":"new_tropes_dag.py","lineno":66}
{"timestamp":"2025-12-19T10:53:47.602177Z","level":"info","event":"Formatting title: Frost / Nixon","logger":"root","filename":"new_tropes_dag.py","lineno":66}
{"timestamp":"2025-12-19T10:53:47.602203Z","level":"info","event":"Formatting title: Frozen","logger":"root","filename":"new_tropes_dag.py","lineno":66}
{"timestamp":"2025-12-19T10:53:47.602232Z","level":"info","event":"Formatting title: Frozen (disney)","logger":"root","filename":"new_tropes_dag.py","lineno":66}
{"timestamp":"2025-12-19T10:53:47.602259Z","level":"info","event":"Formatting title: Frozen River","logger":"root","filename":"new_tropes_dag.py","lineno":66}
{"timestamp":"2025-12-19T10:53:47.602284Z","level":"info","event":"Formatting title: Fruitvale Station","logger":"root","filename":"new_tropes_dag.py","lineno":66}
{"timestamp":"2025-12-19T10:53:47.602310Z","level":"info","event":"Formatting title: Fugitive The","logger":"root","filename":"new_tropes_dag.py","lineno":66}
{"timestamp":"2025-12-19T10:53:47.602338Z","level":"info","event":"Formatting title: Full Metal Jacket","logger":"root","filename":"new_tropes_dag.py","lineno":66}
{"timestamp":"2025-12-19T10:53:47.602370Z","level":"info","event":"Formatting title: Funny People","logger":"root","filename":"new_tropes_dag.py","lineno":66}
{"timestamp":"2025-12-19T10:53:47.602398Z","level":"info","event":"Formatting title: Fury","logger":"root","filename":"new_tropes_dag.py","lineno":66}
{"timestamp":"2025-12-19T10:53:47.602426Z","level":"info","event":"Formatting title: Game 6","logger":"root","filename":"new_tropes_dag.py","lineno":66}
{"timestamp":"2025-12-19T10:53:47.602456Z","level":"info","event":"Formatting title: Game Night","logger":"root","filename":"new_tropes_dag.py","lineno":66}
{"timestamp":"2025-12-19T10:53:47.602489Z","level":"info","event":"Formatting title: Game The","logger":"root","filename":"new_tropes_dag.py","lineno":66}
{"timestamp":"2025-12-19T10:53:47.602520Z","level":"info","event":"Formatting title: Gamer","logger":"root","filename":"new_tropes_dag.py","lineno":66}
{"timestamp":"2025-12-19T10:53:47.602547Z","level":"info","event":"Formatting title: Gandhi","logger":"root","filename":"new_tropes_dag.py","lineno":66}
{"timestamp":"2025-12-19T10:53:47.602578Z","level":"info","event":"Formatting title: Gang Related","logger":"root","filename":"new_tropes_dag.py","lineno":66}
{"timestamp":"2025-12-19T10:53:47.602603Z","level":"info","event":"Formatting title: Gangs Of New York","logger":"root","filename":"new_tropes_dag.py","lineno":66}
{"timestamp":"2025-12-19T10:53:47.602631Z","level":"info","event":"Formatting title: Garden State","logger":"root","filename":"new_tropes_dag.py","lineno":66}
{"timestamp":"2025-12-19T10:53:47.602661Z","level":"info","event":"Formatting title: Gattaca","logger":"root","filename":"new_tropes_dag.py","lineno":66}
{"timestamp":"2025-12-19T10:53:47.602688Z","level":"info","event":"Formatting title: Gemini Man","logger":"root","filename":"new_tropes_dag.py","lineno":66}
{"timestamp":"2025-12-19T10:53:47.602715Z","level":"info","event":"Formatting title: Geostorm","logger":"root","filename":"new_tropes_dag.py","lineno":66}
{"timestamp":"2025-12-19T10:53:47.602744Z","level":"info","event":"Formatting title: Get Carter","logger":"root","filename":"new_tropes_dag.py","lineno":66}
{"timestamp":"2025-12-19T10:53:47.602771Z","level":"info","event":"Formatting title: Get Low","logger":"root","filename":"new_tropes_dag.py","lineno":66}
{"timestamp":"2025-12-19T10:53:47.602802Z","level":"info","event":"Formatting title: Get On Up","logger":"root","filename":"new_tropes_dag.py","lineno":66}
{"timestamp":"2025-12-19T10:53:47.602832Z","level":"info","event":"Formatting title: Get Out","logger":"root","filename":"new_tropes_dag.py","lineno":66}
{"timestamp":"2025-12-19T10:53:47.602860Z","level":"info","event":"Formatting title: Get Rich Or Die Tryin","logger":"root","filename":"new_tropes_dag.py","lineno":66}
{"timestamp":"2025-12-19T10:53:47.602906Z","level":"info","event":"Formatting title: Get Shorty","logger":"root","filename":"new_tropes_dag.py","lineno":66}
{"timestamp":"2025-12-19T10:53:47.602945Z","level":"info","event":"Formatting title: Getaway The","logger":"root","filename":"new_tropes_dag.py","lineno":66}
{"timestamp":"2025-12-19T10:53:47.602979Z","level":"info","event":"Formatting title: Ghost","logger":"root","filename":"new_tropes_dag.py","lineno":66}
{"timestamp":"2025-12-19T10:53:47.603016Z","level":"info","event":"Formatting title: Ghost And The Darkness The","logger":"root","filename":"new_tropes_dag.py","lineno":66}
{"timestamp":"2025-12-19T10:53:47.603053Z","level":"info","event":"Formatting title: Ghost Rider","logger":"root","filename":"new_tropes_dag.py","lineno":66}
{"timestamp":"2025-12-19T10:53:47.603093Z","level":"info","event":"Formatting title: Ghost Ship","logger":"root","filename":"new_tropes_dag.py","lineno":66}
{"timestamp":"2025-12-19T10:53:47.603132Z","level":"info","event":"Formatting title: Ghost World","logger":"root","filename":"new_tropes_dag.py","lineno":66}
{"timestamp":"2025-12-19T10:53:47.603168Z","level":"info","event":"Formatting title: Ghostbusters","logger":"root","filename":"new_tropes_dag.py","lineno":66}
{"timestamp":"2025-12-19T10:53:47.603208Z","level":"info","event":"Formatting title: Ghostbusters 2","logger":"root","filename":"new_tropes_dag.py","lineno":66}
{"timestamp":"2025-12-19T10:53:47.603236Z","level":"info","event":"Formatting title: Gi Jane","logger":"root","filename":"new_tropes_dag.py","lineno":66}
{"timestamp":"2025-12-19T10:53:47.603307Z","level":"info","event":"Formatting title: Gi Joe The Rise Of Cobra","logger":"root","filename":"new_tropes_dag.py","lineno":66}
{"timestamp":"2025-12-19T10:53:47.603344Z","level":"info","event":"Formatting title: Ginger Snaps","logger":"root","filename":"new_tropes_dag.py","lineno":66}
{"timestamp":"2025-12-19T10:53:47.603377Z","level":"info","event":"Formatting title: Girl With The Dragon Tattoo The","logger":"root","filename":"new_tropes_dag.py","lineno":66}
{"timestamp":"2025-12-19T10:53:47.603411Z","level":"info","event":"Formatting title: Girl With The Pearl Earring","logger":"root","filename":"new_tropes_dag.py","lineno":66}
{"timestamp":"2025-12-19T10:53:47.603445Z","level":"info","event":"Formatting title: Girls Trip","logger":"root","filename":"new_tropes_dag.py","lineno":66}
{"timestamp":"2025-12-19T10:53:47.603475Z","level":"info","event":"Formatting title: Gladiator","logger":"root","filename":"new_tropes_dag.py","lineno":66}
{"timestamp":"2025-12-19T10:53:47.603506Z","level":"info","event":"Formatting title: Gladiator 2","logger":"root","filename":"new_tropes_dag.py","lineno":66}
{"timestamp":"2025-12-19T10:53:47.603543Z","level":"info","event":"Formatting title: Glass Onion A Knives Out Mystery","logger":"root","filename":"new_tropes_dag.py","lineno":66}
{"timestamp":"2025-12-19T10:53:47.603571Z","level":"info","event":"Formatting title: Glengarry Glen Gross","logger":"root","filename":"new_tropes_dag.py","lineno":66}
{"timestamp":"2025-12-19T10:53:47.603599Z","level":"info","event":"Formatting title: Go","logger":"root","filename":"new_tropes_dag.py","lineno":66}
{"timestamp":"2025-12-19T10:53:47.603625Z","level":"info","event":"Formatting title: Godfather","logger":"root","filename":"new_tropes_dag.py","lineno":66}
{"timestamp":"2025-12-19T10:53:47.603652Z","level":"info","event":"Formatting title: Godfather Part 2","logger":"root","filename":"new_tropes_dag.py","lineno":66}
{"timestamp":"2025-12-19T10:53:47.603678Z","level":"info","event":"Formatting title: Godfather Part 3 The","logger":"root","filename":"new_tropes_dag.py","lineno":66}
{"timestamp":"2025-12-19T10:53:47.603707Z","level":"info","event":"Formatting title: Gods And Monsters","logger":"root","filename":"new_tropes_dag.py","lineno":66}
{"timestamp":"2025-12-19T10:53:47.603731Z","level":"info","event":"Formatting title: Godzilla","logger":"root","filename":"new_tropes_dag.py","lineno":66}
{"timestamp":"2025-12-19T10:53:47.603756Z","level":"info","event":"Formatting title: Gold","logger":"root","filename":"new_tropes_dag.py","lineno":66}
{"timestamp":"2025-12-19T10:53:47.603781Z","level":"info","event":"Formatting title: Goldeneye","logger":"root","filename":"new_tropes_dag.py","lineno":66}
{"timestamp":"2025-12-19T10:53:47.603807Z","level":"info","event":"Formatting title: Goldfinger","logger":"root","filename":"new_tropes_dag.py","lineno":66}
{"timestamp":"2025-12-19T10:53:47.603831Z","level":"info","event":"Formatting title: Gone Baby Gone","logger":"root","filename":"new_tropes_dag.py","lineno":66}
{"timestamp":"2025-12-19T10:53:47.603858Z","level":"info","event":"Formatting title: Gone Girl","logger":"root","filename":"new_tropes_dag.py","lineno":66}
{"timestamp":"2025-12-19T10:53:47.603883Z","level":"info","event":"Formatting title: Gone In 60 Seconds","logger":"root","filename":"new_tropes_dag.py","lineno":66}
{"timestamp":"2025-12-19T10:53:47.603912Z","level":"info","event":"Formatting title: Gone With The Wind","logger":"root","filename":"new_tropes_dag.py","lineno":66}
{"timestamp":"2025-12-19T10:53:47.603938Z","level":"info","event":"Formatting title: Good Girl The","logger":"root","filename":"new_tropes_dag.py","lineno":66}
{"timestamp":"2025-12-19T10:53:47.603967Z","level":"info","event":"Formatting title: Good Morning Vietnam","logger":"root","filename":"new_tropes_dag.py","lineno":66}
{"timestamp":"2025-12-19T10:53:47.603999Z","level":"info","event":"Formatting title: Good Will Hunting","logger":"root","filename":"new_tropes_dag.py","lineno":66}
{"timestamp":"2025-12-19T10:53:47.604026Z","level":"info","event":"Formatting title: Goodfellas","logger":"root","filename":"new_tropes_dag.py","lineno":66}
{"timestamp":"2025-12-19T10:53:47.604055Z","level":"info","event":"Formatting title: Gothika","logger":"root","filename":"new_tropes_dag.py","lineno":66}
{"timestamp":"2025-12-19T10:53:47.604081Z","level":"info","event":"Formatting title: Grabbers","logger":"root","filename":"new_tropes_dag.py","lineno":66}
{"timestamp":"2025-12-19T10:53:47.604110Z","level":"info","event":"Formatting title: Graduate The","logger":"root","filename":"new_tropes_dag.py","lineno":66}
{"timestamp":"2025-12-19T10:53:47.604140Z","level":"info","event":"Formatting title: Gran Torino","logger":"root","filename":"new_tropes_dag.py","lineno":66}
{"timestamp":"2025-12-19T10:53:47.604169Z","level":"info","event":"Formatting title: Grand Hotel","logger":"root","filename":"new_tropes_dag.py","lineno":66}
{"timestamp":"2025-12-19T10:53:47.604201Z","level":"info","event":"Formatting title: Grand Theft Parsons","logger":"root","filename":"new_tropes_dag.py","lineno":66}
{"timestamp":"2025-12-19T10:53:47.604228Z","level":"info","event":"Formatting title: Grapes Of Wrath The","logger":"root","filename":"new_tropes_dag.py","lineno":66}
{"timestamp":"2025-12-19T10:53:47.604257Z","level":"info","event":"Formatting title: Gravity","logger":"root","filename":"new_tropes_dag.py","lineno":66}
{"timestamp":"2025-12-19T10:53:47.604284Z","level":"info","event":"Formatting title: Grease","logger":"root","filename":"new_tropes_dag.py","lineno":66}
{"timestamp":"2025-12-19T10:53:47.604309Z","level":"info","event":"Formatting title: Great Gatsby The","logger":"root","filename":"new_tropes_dag.py","lineno":66}
{"timestamp":"2025-12-19T10:53:47.604334Z","level":"info","event":"Formatting title: Green Book","logger":"root","filename":"new_tropes_dag.py","lineno":66}
{"timestamp":"2025-12-19T10:53:47.604359Z","level":"info","event":"Formatting title: Green Lantern","logger":"root","filename":"new_tropes_dag.py","lineno":66}
{"timestamp":"2025-12-19T10:53:47.604385Z","level":"info","event":"Formatting title: Green Mile The","logger":"root","filename":"new_tropes_dag.py","lineno":66}
{"timestamp":"2025-12-19T10:53:47.604410Z","level":"info","event":"Formatting title: Green Room","logger":"root","filename":"new_tropes_dag.py","lineno":66}
{"timestamp":"2025-12-19T10:53:47.604436Z","level":"info","event":"Formatting title: Greenberg","logger":"root","filename":"new_tropes_dag.py","lineno":66}
{"timestamp":"2025-12-19T10:53:47.604467Z","level":"info","event":"Formatting title: Gremlins","logger":"root","filename":"new_tropes_dag.py","lineno":66}
{"timestamp":"2025-12-19T10:53:47.604500Z","level":"info","event":"Formatting title: Gremlins 2","logger":"root","filename":"new_tropes_dag.py","lineno":66}
{"timestamp":"2025-12-19T10:53:47.604529Z","level":"info","event":"Formatting title: Gremlins 2 The New Batch","logger":"root","filename":"new_tropes_dag.py","lineno":66}
{"timestamp":"2025-12-19T10:53:47.604555Z","level":"info","event":"Formatting title: Grifters The","logger":"root","filename":"new_tropes_dag.py","lineno":66}
{"timestamp":"2025-12-19T10:53:47.604580Z","level":"info","event":"Formatting title: Grosse Point Blank","logger":"root","filename":"new_tropes_dag.py","lineno":66}
{"timestamp":"2025-12-19T10:53:47.604605Z","level":"info","event":"Formatting title: Groundhog Day","logger":"root","filename":"new_tropes_dag.py","lineno":66}
{"timestamp":"2025-12-19T10:53:47.604661Z","level":"info","event":"Formatting title: Grudge The","logger":"root","filename":"new_tropes_dag.py","lineno":66}
{"timestamp":"2025-12-19T10:53:47.604695Z","level":"info","event":"Formatting title: Guardians Of The Galaxy Vol 2","logger":"root","filename":"new_tropes_dag.py","lineno":66}
{"timestamp":"2025-12-19T10:53:47.604729Z","level":"info","event":"Formatting title: Guillermo Del Toros Pinocchio","logger":"root","filename":"new_tropes_dag.py","lineno":66}
{"timestamp":"2025-12-19T10:53:47.604757Z","level":"info","event":"Formatting title: Gunpowder Milkshake","logger":"root","filename":"new_tropes_dag.py","lineno":66}
{"timestamp":"2025-12-19T10:53:47.604783Z","level":"info","event":"Formatting title: Hackers","logger":"root","filename":"new_tropes_dag.py","lineno":66}
{"timestamp":"2025-12-19T10:53:47.604811Z","level":"info","event":"Formatting title: Hacksaw Ridge","logger":"root","filename":"new_tropes_dag.py","lineno":66}
{"timestamp":"2025-12-19T10:53:47.604840Z","level":"info","event":"Formatting title: Hail Caesar","logger":"root","filename":"new_tropes_dag.py","lineno":66}
{"timestamp":"2025-12-19T10:53:47.604868Z","level":"info","event":"Formatting title: Hall Pass","logger":"root","filename":"new_tropes_dag.py","lineno":66}
{"timestamp":"2025-12-19T10:53:47.604894Z","level":"info","event":"Formatting title: Halloween","logger":"root","filename":"new_tropes_dag.py","lineno":66}
{"timestamp":"2025-12-19T10:53:47.604924Z","level":"info","event":"Formatting title: Halloween","logger":"root","filename":"new_tropes_dag.py","lineno":66}
{"timestamp":"2025-12-19T10:53:47.604960Z","level":"info","event":"Formatting title: Halloween 2","logger":"root","filename":"new_tropes_dag.py","lineno":66}
{"timestamp":"2025-12-19T10:53:47.604987Z","level":"info","event":"Formatting title: Halloween 3 Season Of The Witch","logger":"root","filename":"new_tropes_dag.py","lineno":66}
{"timestamp":"2025-12-19T10:53:47.605012Z","level":"info","event":"Formatting title: Halloween 4 The Return Of Michael Myers","logger":"root","filename":"new_tropes_dag.py","lineno":66}
{"timestamp":"2025-12-19T10:53:47.605038Z","level":"info","event":"Formatting title: Halloween 5 The Revenge Of Michael Myers","logger":"root","filename":"new_tropes_dag.py","lineno":66}
{"timestamp":"2025-12-19T10:53:47.605063Z","level":"info","event":"Formatting title: Halloween 6 The Curse Of Michael Myers","logger":"root","filename":"new_tropes_dag.py","lineno":66}
{"timestamp":"2025-12-19T10:53:47.605089Z","level":"info","event":"Formatting title: Halloween H2o 20 Years Later","logger":"root","filename":"new_tropes_dag.py","lineno":66}
{"timestamp":"2025-12-19T10:53:47.605114Z","level":"info","event":"Formatting title: Halloween Kills","logger":"root","filename":"new_tropes_dag.py","lineno":66}
{"timestamp":"2025-12-19T10:53:47.605140Z","level":"info","event":"Formatting title: Halloween The Curse Of Michael Myers","logger":"root","filename":"new_tropes_dag.py","lineno":66}
{"timestamp":"2025-12-19T10:53:47.605167Z","level":"info","event":"Formatting title: Hancock","logger":"root","filename":"new_tropes_dag.py","lineno":66}
{"timestamp":"2025-12-19T10:53:47.605195Z","level":"info","event":"Formatting title: Hangin With The Homeboys","logger":"root","filename":"new_tropes_dag.py","lineno":66}
{"timestamp":"2025-12-19T10:53:47.605222Z","level":"info","event":"Formatting title: Hangover The","logger":"root","filename":"new_tropes_dag.py","lineno":66}
{"timestamp":"2025-12-19T10:53:47.605247Z","level":"info","event":"Formatting title: Hanna","logger":"root","filename":"new_tropes_dag.py","lineno":66}
{"timestamp":"2025-12-19T10:53:47.605296Z","level":"info","event":"Formatting title: Hannah And Her Sisters","logger":"root","filename":"new_tropes_dag.py","lineno":66}
{"timestamp":"2025-12-19T10:53:47.605342Z","level":"info","event":"Formatting title: Hannibal","logger":"root","filename":"new_tropes_dag.py","lineno":66}
{"timestamp":"2025-12-19T10:53:47.605382Z","level":"info","event":"Formatting title: Happy Birthday To Me","logger":"root","filename":"new_tropes_dag.py","lineno":66}
{"timestamp":"2025-12-19T10:53:47.605414Z","level":"info","event":"Formatting title: Happy Birthday Wanda June","logger":"root","filename":"new_tropes_dag.py","lineno":66}
{"timestamp":"2025-12-19T10:53:47.605445Z","level":"info","event":"Formatting title: Happy Death Day","logger":"root","filename":"new_tropes_dag.py","lineno":66}
{"timestamp":"2025-12-19T10:53:47.605474Z","level":"info","event":"Formatting title: Happy Feet","logger":"root","filename":"new_tropes_dag.py","lineno":66}
{"timestamp":"2025-12-19T10:53:47.605502Z","level":"info","event":"Formatting title: Hard Rain","logger":"root","filename":"new_tropes_dag.py","lineno":66}
{"timestamp":"2025-12-19T10:53:47.605537Z","level":"info","event":"Formatting title: Hard To Kill","logger":"root","filename":"new_tropes_dag.py","lineno":66}
{"timestamp":"2025-12-19T10:53:47.605565Z","level":"info","event":"Formatting title: Harlem Nights","logger":"root","filename":"new_tropes_dag.py","lineno":66}
{"timestamp":"2025-12-19T10:53:47.605591Z","level":"info","event":"Formatting title: Harold And Kumar Go To White Castle","logger":"root","filename":"new_tropes_dag.py","lineno":66}
{"timestamp":"2025-12-19T10:53:47.605616Z","level":"info","event":"Formatting title: Harold And Maude","logger":"root","filename":"new_tropes_dag.py","lineno":66}
{"timestamp":"2025-12-19T10:53:47.605643Z","level":"info","event":"Formatting title: Harriet","logger":"root","filename":"new_tropes_dag.py","lineno":66}
{"timestamp":"2025-12-19T10:53:47.605667Z","level":"info","event":"Formatting title: Harry Potter And The Chamber Of Secrets","logger":"root","filename":"new_tropes_dag.py","lineno":66}
{"timestamp":"2025-12-19T10:53:47.605699Z","level":"info","event":"Formatting title: Harry Potter And The Deathly Hallows Part 1","logger":"root","filename":"new_tropes_dag.py","lineno":66}
{"timestamp":"2025-12-19T10:53:47.605726Z","level":"info","event":"Formatting title: Harry Potter And The Deathly Hallows Part 2","logger":"root","filename":"new_tropes_dag.py","lineno":66}
{"timestamp":"2025-12-19T10:53:47.605751Z","level":"info","event":"Formatting title: Harry Potter And The Goblet Of Fire","logger":"root","filename":"new_tropes_dag.py","lineno":66}
{"timestamp":"2025-12-19T10:53:47.605776Z","level":"info","event":"Formatting title: Harry Potter And The Half Blood Prince","logger":"root","filename":"new_tropes_dag.py","lineno":66}
{"timestamp":"2025-12-19T10:53:47.605801Z","level":"info","event":"Formatting title: Harry Potter And The Order Of The Phoenix","logger":"root","filename":"new_tropes_dag.py","lineno":66}
{"timestamp":"2025-12-19T10:53:47.605825Z","level":"info","event":"Formatting title: Harry Potter And The Prisoner Of Azkaban","logger":"root","filename":"new_tropes_dag.py","lineno":66}
{"timestamp":"2025-12-19T10:53:47.605853Z","level":"info","event":"Formatting title: Harry Potter And The Sorcerers Stone","logger":"root","filename":"new_tropes_dag.py","lineno":66}
{"timestamp":"2025-12-19T10:53:47.605882Z","level":"info","event":"Formatting title: Haunting The","logger":"root","filename":"new_tropes_dag.py","lineno":66}
{"timestamp":"2025-12-19T10:53:47.605909Z","level":"info","event":"Formatting title: Heat","logger":"root","filename":"new_tropes_dag.py","lineno":66}
{"timestamp":"2025-12-19T10:53:47.605938Z","level":"info","event":"Formatting title: Heathers","logger":"root","filename":"new_tropes_dag.py","lineno":66}
{"timestamp":"2025-12-19T10:53:47.605967Z","level":"info","event":"Formatting title: Heaven Can Wait","logger":"root","filename":"new_tropes_dag.py","lineno":66}
{"timestamp":"2025-12-19T10:53:47.605992Z","level":"info","event":"Formatting title: Heavenly Creatures","logger":"root","filename":"new_tropes_dag.py","lineno":66}
{"timestamp":"2025-12-19T10:53:47.606017Z","level":"info","event":"Formatting title: Heavy Metal","logger":"root","filename":"new_tropes_dag.py","lineno":66}
{"timestamp":"2025-12-19T10:53:47.606042Z","level":"info","event":"Formatting title: Heavyweights","logger":"root","filename":"new_tropes_dag.py","lineno":66}
{"timestamp":"2025-12-19T10:53:47.606067Z","level":"info","event":"Formatting title: Hebrew Hammer The","logger":"root","filename":"new_tropes_dag.py","lineno":66}
{"timestamp":"2025-12-19T10:53:47.606092Z","level":"info","event":"Formatting title: Heist","logger":"root","filename":"new_tropes_dag.py","lineno":66}
{"timestamp":"2025-12-19T10:53:47.606116Z","level":"info","event":"Formatting title: Hell Or High Water","logger":"root","filename":"new_tropes_dag.py","lineno":66}
{"timestamp":"2025-12-19T10:53:47.606143Z","level":"info","event":"Formatting title: Hellbound Hellraiser 2","logger":"root","filename":"new_tropes_dag.py","lineno":66}
{"timestamp":"2025-12-19T10:53:47.606169Z","level":"info","event":"Formatting title: Hellboy","logger":"root","filename":"new_tropes_dag.py","lineno":66}
{"timestamp":"2025-12-19T10:53:47.606193Z","level":"info","event":"Formatting title: Hellboy","logger":"root","filename":"new_tropes_dag.py","lineno":66}
{"timestamp":"2025-12-19T10:53:47.606217Z","level":"info","event":"Formatting title: Hellboy 2 The Golden Army","logger":"root","filename":"new_tropes_dag.py","lineno":66}
{"timestamp":"2025-12-19T10:53:47.606245Z","level":"info","event":"Formatting title: Hellraiser","logger":"root","filename":"new_tropes_dag.py","lineno":66}
{"timestamp":"2025-12-19T10:53:47.606271Z","level":"info","event":"Formatting title: Hellraiser 3 Hell On Earth","logger":"root","filename":"new_tropes_dag.py","lineno":66}
{"timestamp":"2025-12-19T10:53:47.606295Z","level":"info","event":"Formatting title: Hellraiser Deader","logger":"root","filename":"new_tropes_dag.py","lineno":66}
{"timestamp":"2025-12-19T10:53:47.606318Z","level":"info","event":"Formatting title: Hellraiser Hellseeker","logger":"root","filename":"new_tropes_dag.py","lineno":66}
{"timestamp":"2025-12-19T10:53:47.606342Z","level":"info","event":"Formatting title: Help The","logger":"root","filename":"new_tropes_dag.py","lineno":66}
{"timestamp":"2025-12-19T10:53:47.606369Z","level":"info","event":"Formatting title: Henry Fool","logger":"root","filename":"new_tropes_dag.py","lineno":66}
{"timestamp":"2025-12-19T10:53:47.606395Z","level":"info","event":"Formatting title: Henrys Crime","logger":"root","filename":"new_tropes_dag.py","lineno":66}
{"timestamp":"2025-12-19T10:53:47.606419Z","level":"info","event":"Formatting title: Her","logger":"root","filename":"new_tropes_dag.py","lineno":66}
{"timestamp":"2025-12-19T10:53:47.606443Z","level":"info","event":"Formatting title: Here Comes Peter Cottontail","logger":"root","filename":"new_tropes_dag.py","lineno":66}
{"timestamp":"2025-12-19T10:53:47.606469Z","level":"info","event":"Formatting title: Hereditary","logger":"root","filename":"new_tropes_dag.py","lineno":66}
{"timestamp":"2025-12-19T10:53:47.606497Z","level":"info","event":"Formatting title: Hes Just Not That Into You","logger":"root","filename":"new_tropes_dag.py","lineno":66}
{"timestamp":"2025-12-19T10:53:47.606522Z","level":"info","event":"Formatting title: Hesher","logger":"root","filename":"new_tropes_dag.py","lineno":66}
{"timestamp":"2025-12-19T10:53:47.606545Z","level":"info","event":"Formatting title: Hidden Figures","logger":"root","filename":"new_tropes_dag.py","lineno":66}
{"timestamp":"2025-12-19T10:53:47.606569Z","level":"info","event":"Formatting title: High Fidelity","logger":"root","filename":"new_tropes_dag.py","lineno":66}
{"timestamp":"2025-12-19T10:53:47.606594Z","level":"info","event":"Formatting title: High Noon","logger":"root","filename":"new_tropes_dag.py","lineno":66}
{"timestamp":"2025-12-19T10:53:47.606618Z","level":"info","event":"Formatting title: Highlander","logger":"root","filename":"new_tropes_dag.py","lineno":66}
{"timestamp":"2025-12-19T10:53:47.606641Z","level":"info","event":"Formatting title: Highlander 2 The Quickening","logger":"root","filename":"new_tropes_dag.py","lineno":66}
{"timestamp":"2025-12-19T10:53:47.606665Z","level":"info","event":"Formatting title: Highlander Endgame","logger":"root","filename":"new_tropes_dag.py","lineno":66}
{"timestamp":"2025-12-19T10:53:47.606689Z","level":"info","event":"Formatting title: Hills Have Eyes The","logger":"root","filename":"new_tropes_dag.py","lineno":66}
{"timestamp":"2025-12-19T10:53:47.606713Z","level":"info","event":"Formatting title: His Girl Friday","logger":"root","filename":"new_tropes_dag.py","lineno":66}
{"timestamp":"2025-12-19T10:53:47.606736Z","level":"info","event":"Formatting title: Hitchcock","logger":"root","filename":"new_tropes_dag.py","lineno":66}
{"timestamp":"2025-12-19T10:53:47.606760Z","level":"info","event":"Formatting title: Hitchhikers Guide To The Galaxy The","logger":"root","filename":"new_tropes_dag.py","lineno":66}
{"timestamp":"2025-12-19T10:53:47.606783Z","level":"info","event":"Formatting title: Hocus Pocus","logger":"root","filename":"new_tropes_dag.py","lineno":66}
{"timestamp":"2025-12-19T10:53:47.606807Z","level":"info","event":"Formatting title: Hold The Dark","logger":"root","filename":"new_tropes_dag.py","lineno":66}
{"timestamp":"2025-12-19T10:53:47.606830Z","level":"info","event":"Formatting title: Holdovers The","logger":"root","filename":"new_tropes_dag.py","lineno":66}
{"timestamp":"2025-12-19T10:53:47.606854Z","level":"info","event":"Formatting title: Hollow Man","logger":"root","filename":"new_tropes_dag.py","lineno":66}
{"timestamp":"2025-12-19T10:53:47.606877Z","level":"info","event":"Formatting title: Home Alone","logger":"root","filename":"new_tropes_dag.py","lineno":66}
{"timestamp":"2025-12-19T10:53:47.606901Z","level":"info","event":"Formatting title: Home Alone 2 Lost In New York","logger":"root","filename":"new_tropes_dag.py","lineno":66}
{"timestamp":"2025-12-19T10:53:47.606924Z","level":"info","event":"Formatting title: Honey Boy","logger":"root","filename":"new_tropes_dag.py","lineno":66}
{"timestamp":"2025-12-19T10:53:47.606948Z","level":"info","event":"Formatting title: Honey I Blew Up The Kid","logger":"root","filename":"new_tropes_dag.py","lineno":66}
{"timestamp":"2025-12-19T10:53:47.606971Z","level":"info","event":"Formatting title: Honey I Shrunk The Kids","logger":"root","filename":"new_tropes_dag.py","lineno":66}
{"timestamp":"2025-12-19T10:53:47.606995Z","level":"info","event":"Formatting title: Honeydripper","logger":"root","filename":"new_tropes_dag.py","lineno":66}
{"timestamp":"2025-12-19T10:53:47.607025Z","level":"info","event":"Formatting title: Horrible Bosses","logger":"root","filename":"new_tropes_dag.py","lineno":66}
{"timestamp":"2025-12-19T10:53:47.607049Z","level":"info","event":"Formatting title: Horrible Bosses 2","logger":"root","filename":"new_tropes_dag.py","lineno":66}
{"timestamp":"2025-12-19T10:53:47.607072Z","level":"info","event":"Formatting title: Horse Whisperer The","logger":"root","filename":"new_tropes_dag.py","lineno":66}
{"timestamp":"2025-12-19T10:53:47.607096Z","level":"info","event":"Formatting title: Hospital The","logger":"root","filename":"new_tropes_dag.py","lineno":66}
{"timestamp":"2025-12-19T10:53:47.607120Z","level":"info","event":"Formatting title: Hostage","logger":"root","filename":"new_tropes_dag.py","lineno":66}
{"timestamp":"2025-12-19T10:53:47.607146Z","level":"info","event":"Formatting title: Hostel","logger":"root","filename":"new_tropes_dag.py","lineno":66}
{"timestamp":"2025-12-19T10:53:47.607170Z","level":"info","event":"Formatting title: Hot Fuzz","logger":"root","filename":"new_tropes_dag.py","lineno":66}
{"timestamp":"2025-12-19T10:53:47.607193Z","level":"info","event":"Formatting title: Hot Tub Time Machine","logger":"root","filename":"new_tropes_dag.py","lineno":66}
{"timestamp":"2025-12-19T10:53:47.607217Z","level":"info","event":"Formatting title: Hotel Rwanda","logger":"root","filename":"new_tropes_dag.py","lineno":66}
{"timestamp":"2025-12-19T10:53:47.607243Z","level":"info","event":"Formatting title: House Of 1000 Corpses","logger":"root","filename":"new_tropes_dag.py","lineno":66}
{"timestamp":"2025-12-19T10:53:47.607282Z","level":"info","event":"Formatting title: House Of Gucci","logger":"root","filename":"new_tropes_dag.py","lineno":66}
{"timestamp":"2025-12-19T10:53:47.607328Z","level":"info","event":"Formatting title: House Party","logger":"root","filename":"new_tropes_dag.py","lineno":66}
{"timestamp":"2025-12-19T10:53:47.607357Z","level":"info","event":"Formatting title: How The Grinch Stole Christmas","logger":"root","filename":"new_tropes_dag.py","lineno":66}
{"timestamp":"2025-12-19T10:53:47.607384Z","level":"info","event":"Formatting title: How To Build A Girl","logger":"root","filename":"new_tropes_dag.py","lineno":66}
{"timestamp":"2025-12-19T10:53:47.607411Z","level":"info","event":"Formatting title: How To Lose Friends & Alienate People","logger":"root","filename":"new_tropes_dag.py","lineno":66}
{"timestamp":"2025-12-19T10:53:47.607437Z","level":"info","event":"Formatting title: How To Train Your Dragon","logger":"root","filename":"new_tropes_dag.py","lineno":66}
{"timestamp":"2025-12-19T10:53:47.607462Z","level":"info","event":"Formatting title: How To Train Your Dragon 2","logger":"root","filename":"new_tropes_dag.py","lineno":66}
{"timestamp":"2025-12-19T10:53:47.607487Z","level":"info","event":"Formatting title: How To Train Your Dragon The Hidden World","logger":"root","filename":"new_tropes_dag.py","lineno":66}
{"timestamp":"2025-12-19T10:53:47.607512Z","level":"info","event":"Formatting title: Howard The Duck","logger":"root","filename":"new_tropes_dag.py","lineno":66}
{"timestamp":"2025-12-19T10:53:47.607538Z","level":"info","event":"Formatting title: Hudson Hawk","logger":"root","filename":"new_tropes_dag.py","lineno":66}
{"timestamp":"2025-12-19T10:53:47.607569Z","level":"info","event":"Formatting title: Hudsucker Proxy The","logger":"root","filename":"new_tropes_dag.py","lineno":66}
{"timestamp":"2025-12-19T10:53:47.607595Z","level":"info","event":"Formatting title: Hugo","logger":"root","filename":"new_tropes_dag.py","lineno":66}
{"timestamp":"2025-12-19T10:53:47.607623Z","level":"info","event":"Formatting title: Human Nature","logger":"root","filename":"new_tropes_dag.py","lineno":66}
{"timestamp":"2025-12-19T10:53:47.607649Z","level":"info","event":"Formatting title: Hunt For Red October The","logger":"root","filename":"new_tropes_dag.py","lineno":66}
{"timestamp":"2025-12-19T10:53:47.607674Z","level":"info","event":"Formatting title: Hurt Locker The","logger":"root","filename":"new_tropes_dag.py","lineno":66}
{"timestamp":"2025-12-19T10:53:47.607701Z","level":"info","event":"Formatting title: Hustle & Flow","logger":"root","filename":"new_tropes_dag.py","lineno":66}
{"timestamp":"2025-12-19T10:53:47.607726Z","level":"info","event":"Formatting title: Hustlers","logger":"root","filename":"new_tropes_dag.py","lineno":66}
{"timestamp":"2025-12-19T10:53:47.607751Z","level":"info","event":"Formatting title: I Am Number Four","logger":"root","filename":"new_tropes_dag.py","lineno":66}
{"timestamp":"2025-12-19T10:53:47.607776Z","level":"info","event":"Formatting title: I Am Sam","logger":"root","filename":"new_tropes_dag.py","lineno":66}
{"timestamp":"2025-12-19T10:53:47.607800Z","level":"info","event":"Formatting title: I Dont Feel At Home In This World Anymore","logger":"root","filename":"new_tropes_dag.py","lineno":66}
{"timestamp":"2025-12-19T10:53:47.607825Z","level":"info","event":"Formatting title: I Love You Man","logger":"root","filename":"new_tropes_dag.py","lineno":66}
{"timestamp":"2025-12-19T10:53:47.607853Z","level":"info","event":"Formatting title: I Love You Phillip Morris","logger":"root","filename":"new_tropes_dag.py","lineno":66}
{"timestamp":"2025-12-19T10:53:47.607877Z","level":"info","event":"Formatting title: I Robot","logger":"root","filename":"new_tropes_dag.py","lineno":66}
{"timestamp":"2025-12-19T10:53:47.607902Z","level":"info","event":"Formatting title: I Saw The Light","logger":"root","filename":"new_tropes_dag.py","lineno":66}
{"timestamp":"2025-12-19T10:53:47.607928Z","level":"info","event":"Formatting title: I Spit On Your Grave","logger":"root","filename":"new_tropes_dag.py","lineno":66}
{"timestamp":"2025-12-19T10:53:47.607953Z","level":"info","event":"Formatting title: I Still Know What You Did Last Summer","logger":"root","filename":"new_tropes_dag.py","lineno":66}
{"timestamp":"2025-12-19T10:53:47.607981Z","level":"info","event":"Formatting title: I Think Were Alone Now","logger":"root","filename":"new_tropes_dag.py","lineno":66}
{"timestamp":"2025-12-19T10:53:47.608007Z","level":"info","event":"Formatting title: I Tonya","logger":"root","filename":"new_tropes_dag.py","lineno":66}
{"timestamp":"2025-12-19T10:53:47.608031Z","level":"info","event":"Formatting title: Ice Storm The","logger":"root","filename":"new_tropes_dag.py","lineno":66}
{"timestamp":"2025-12-19T10:53:47.608056Z","level":"info","event":"Formatting title: Identity","logger":"root","filename":"new_tropes_dag.py","lineno":66}
{"timestamp":"2025-12-19T10:53:47.608081Z","level":"info","event":"Formatting title: Ides Of March The","logger":"root","filename":"new_tropes_dag.py","lineno":66}
{"timestamp":"2025-12-19T10:53:47.608110Z","level":"info","event":"Formatting title: If Beale Street Could Talk","logger":"root","filename":"new_tropes_dag.py","lineno":66}
{"timestamp":"2025-12-19T10:53:47.608137Z","level":"info","event":"Formatting title: Ill Do Anything","logger":"root","filename":"new_tropes_dag.py","lineno":66}
{"timestamp":"2025-12-19T10:53:47.608163Z","level":"info","event":"Formatting title: Im Thinking Of Ending Things","logger":"root","filename":"new_tropes_dag.py","lineno":66}
{"timestamp":"2025-12-19T10:53:47.608188Z","level":"info","event":"Formatting title: Imaginarium Of Doctor Parnassus The","logger":"root","filename":"new_tropes_dag.py","lineno":66}
{"timestamp":"2025-12-19T10:53:47.655165Z","level":"info","event":"Formatting title: In Bruges","logger":"root","filename":"new_tropes_dag.py","lineno":66}
{"timestamp":"2025-12-19T10:53:47.655279Z","level":"info","event":"Formatting title: In Fabric","logger":"root","filename":"new_tropes_dag.py","lineno":66}
{"timestamp":"2025-12-19T10:53:47.655319Z","level":"info","event":"Formatting title: In The Bedroom","logger":"root","filename":"new_tropes_dag.py","lineno":66}
{"timestamp":"2025-12-19T10:53:47.655351Z","level":"info","event":"Formatting title: In The Loop","logger":"root","filename":"new_tropes_dag.py","lineno":66}
{"timestamp":"2025-12-19T10:53:47.655380Z","level":"info","event":"Formatting title: In The Tall Grass","logger":"root","filename":"new_tropes_dag.py","lineno":66}
{"timestamp":"2025-12-19T10:53:47.655581Z","level":"info","event":"Formatting title: Inception","logger":"root","filename":"new_tropes_dag.py","lineno":66}
{"timestamp":"2025-12-19T10:53:47.655632Z","level":"info","event":"Formatting title: Incredibles The","logger":"root","filename":"new_tropes_dag.py","lineno":66}
{"timestamp":"2025-12-19T10:53:47.655686Z","level":"info","event":"Formatting title: Indecent Proposal","logger":"root","filename":"new_tropes_dag.py","lineno":66}
{"timestamp":"2025-12-19T10:53:47.655727Z","level":"info","event":"Formatting title: Independence Day","logger":"root","filename":"new_tropes_dag.py","lineno":66}
{"timestamp":"2025-12-19T10:53:47.655758Z","level":"info","event":"Formatting title: Indiana Jones 4","logger":"root","filename":"new_tropes_dag.py","lineno":66}
{"timestamp":"2025-12-19T10:53:47.655800Z","level":"info","event":"Formatting title: Indiana Jones And The Kingdom Of The Crystal Skull","logger":"root","filename":"new_tropes_dag.py","lineno":66}
{"timestamp":"2025-12-19T10:53:47.655833Z","level":"info","event":"Formatting title: Indiana Jones And The Last Crusade","logger":"root","filename":"new_tropes_dag.py","lineno":66}
{"timestamp":"2025-12-19T10:53:47.655878Z","level":"info","event":"Formatting title: Indiana Jones And The Raiders Of The Lost Ark","logger":"root","filename":"new_tropes_dag.py","lineno":66}
{"timestamp":"2025-12-19T10:53:47.655917Z","level":"info","event":"Formatting title: Indiana Jones And The Temple Of Doom","logger":"root","filename":"new_tropes_dag.py","lineno":66}
{"timestamp":"2025-12-19T10:53:47.655951Z","level":"info","event":"Formatting title: Infinitely Polar Bear","logger":"root","filename":"new_tropes_dag.py","lineno":66}
{"timestamp":"2025-12-19T10:53:47.655981Z","level":"info","event":"Formatting title: Informant The","logger":"root","filename":"new_tropes_dag.py","lineno":66}
{"timestamp":"2025-12-19T10:53:47.656013Z","level":"info","event":"Formatting title: Inglourious Basterds","logger":"root","filename":"new_tropes_dag.py","lineno":66}
{"timestamp":"2025-12-19T10:53:47.656045Z","level":"info","event":"Formatting title: Ingrid Goes West","logger":"root","filename":"new_tropes_dag.py","lineno":66}
{"timestamp":"2025-12-19T10:53:47.656072Z","level":"info","event":"Formatting title: Inherent Vice","logger":"root","filename":"new_tropes_dag.py","lineno":66}
{"timestamp":"2025-12-19T10:53:47.656100Z","level":"info","event":"Formatting title: Initiation","logger":"root","filename":"new_tropes_dag.py","lineno":66}
{"timestamp":"2025-12-19T10:53:47.656126Z","level":"info","event":"Formatting title: Innerspace","logger":"root","filename":"new_tropes_dag.py","lineno":66}
{"timestamp":"2025-12-19T10:53:47.656151Z","level":"info","event":"Formatting title: Inside Llewyn Davis","logger":"root","filename":"new_tropes_dag.py","lineno":66}
{"timestamp":"2025-12-19T10:53:47.656190Z","level":"info","event":"Formatting title: Inside Out","logger":"root","filename":"new_tropes_dag.py","lineno":66}
{"timestamp":"2025-12-19T10:53:47.656233Z","level":"info","event":"Formatting title: Insider The","logger":"root","filename":"new_tropes_dag.py","lineno":66}
{"timestamp":"2025-12-19T10:53:47.656269Z","level":"info","event":"Formatting title: Insidious","logger":"root","filename":"new_tropes_dag.py","lineno":66}
{"timestamp":"2025-12-19T10:53:47.656304Z","level":"info","event":"Formatting title: Insidious Chapter 2","logger":"root","filename":"new_tropes_dag.py","lineno":66}
{"timestamp":"2025-12-19T10:53:47.656332Z","level":"info","event":"Formatting title: Insomnia","logger":"root","filename":"new_tropes_dag.py","lineno":66}
{"timestamp":"2025-12-19T10:53:47.656359Z","level":"info","event":"Formatting title: Inspector Gadget","logger":"root","filename":"new_tropes_dag.py","lineno":66}
{"timestamp":"2025-12-19T10:53:47.656388Z","level":"info","event":"Formatting title: Interstellar","logger":"root","filename":"new_tropes_dag.py","lineno":66}
{"timestamp":"2025-12-19T10:53:47.656418Z","level":"info","event":"Formatting title: Interview With The Vampire","logger":"root","filename":"new_tropes_dag.py","lineno":66}
{"timestamp":"2025-12-19T10:53:47.656471Z","level":"info","event":"Formatting title: Into The Wild","logger":"root","filename":"new_tropes_dag.py","lineno":66}
{"timestamp":"2025-12-19T10:53:47.656505Z","level":"info","event":"Formatting title: Into The Woods","logger":"root","filename":"new_tropes_dag.py","lineno":66}
{"timestamp":"2025-12-19T10:53:47.656534Z","level":"info","event":"Formatting title: Intolerable Cruelty","logger":"root","filename":"new_tropes_dag.py","lineno":66}
{"timestamp":"2025-12-19T10:53:47.656561Z","level":"info","event":"Formatting title: Invasion Of The Body Snatchers","logger":"root","filename":"new_tropes_dag.py","lineno":66}
{"timestamp":"2025-12-19T10:53:47.656603Z","level":"info","event":"Formatting title: Inventing The Abbotts","logger":"root","filename":"new_tropes_dag.py","lineno":66}
{"timestamp":"2025-12-19T10:53:47.656722Z","level":"info","event":"Formatting title: Invention Of Lying The","logger":"root","filename":"new_tropes_dag.py","lineno":66}
{"timestamp":"2025-12-19T10:53:47.656779Z","level":"info","event":"Formatting title: Invictus","logger":"root","filename":"new_tropes_dag.py","lineno":66}
{"timestamp":"2025-12-19T10:53:47.656816Z","level":"info","event":"Formatting title: Iron Claw The","logger":"root","filename":"new_tropes_dag.py","lineno":66}
{"timestamp":"2025-12-19T10:53:47.656844Z","level":"info","event":"Formatting title: Iron Lady The","logger":"root","filename":"new_tropes_dag.py","lineno":66}
{"timestamp":"2025-12-19T10:53:47.656897Z","level":"info","event":"Formatting title: Iron Man","logger":"root","filename":"new_tropes_dag.py","lineno":66}
{"timestamp":"2025-12-19T10:53:47.656929Z","level":"info","event":"Formatting title: Island The","logger":"root","filename":"new_tropes_dag.py","lineno":66}
{"timestamp":"2025-12-19T10:53:47.656960Z","level":"info","event":"Formatting title: Isle Of Dogs","logger":"root","filename":"new_tropes_dag.py","lineno":66}
{"timestamp":"2025-12-19T10:53:47.656989Z","level":"info","event":"Formatting title: It","logger":"root","filename":"new_tropes_dag.py","lineno":66}
{"timestamp":"2025-12-19T10:53:47.657016Z","level":"info","event":"Formatting title: It Follows","logger":"root","filename":"new_tropes_dag.py","lineno":66}
{"timestamp":"2025-12-19T10:53:47.657042Z","level":"info","event":"Formatting title: It Happened One Night","logger":"root","filename":"new_tropes_dag.py","lineno":66}
{"timestamp":"2025-12-19T10:53:47.657069Z","level":"info","event":"Formatting title: It Happened One Night","logger":"root","filename":"new_tropes_dag.py","lineno":66}
{"timestamp":"2025-12-19T10:53:47.657120Z","level":"info","event":"Formatting title: Italian Job The","logger":"root","filename":"new_tropes_dag.py","lineno":66}
{"timestamp":"2025-12-19T10:53:47.657160Z","level":"info","event":"Formatting title: Its A Wonderful Life","logger":"root","filename":"new_tropes_dag.py","lineno":66}
{"timestamp":"2025-12-19T10:53:47.657192Z","level":"info","event":"Formatting title: Its Complicated","logger":"root","filename":"new_tropes_dag.py","lineno":66}
{"timestamp":"2025-12-19T10:53:47.657221Z","level":"info","event":"Formatting title: Its Kind Of A Funny Story","logger":"root","filename":"new_tropes_dag.py","lineno":66}
{"timestamp":"2025-12-19T10:53:47.657251Z","level":"info","event":"Formatting title: Jack Reacher","logger":"root","filename":"new_tropes_dag.py","lineno":66}
{"timestamp":"2025-12-19T10:53:47.657282Z","level":"info","event":"Formatting title: Jacket The","logger":"root","filename":"new_tropes_dag.py","lineno":66}
{"timestamp":"2025-12-19T10:53:47.657311Z","level":"info","event":"Formatting title: Jackie","logger":"root","filename":"new_tropes_dag.py","lineno":66}
{"timestamp":"2025-12-19T10:53:47.657340Z","level":"info","event":"Formatting title: Jackie Brown","logger":"root","filename":"new_tropes_dag.py","lineno":66}
{"timestamp":"2025-12-19T10:53:47.657369Z","level":"info","event":"Formatting title: Jacobs Ladder","logger":"root","filename":"new_tropes_dag.py","lineno":66}
{"timestamp":"2025-12-19T10:53:47.657395Z","level":"info","event":"Formatting title: Jade","logger":"root","filename":"new_tropes_dag.py","lineno":66}
{"timestamp":"2025-12-19T10:53:47.657420Z","level":"info","event":"Formatting title: Jagged Edge","logger":"root","filename":"new_tropes_dag.py","lineno":66}
{"timestamp":"2025-12-19T10:53:47.657444Z","level":"info","event":"Formatting title: Jane Eyre","logger":"root","filename":"new_tropes_dag.py","lineno":66}
{"timestamp":"2025-12-19T10:53:47.657496Z","level":"info","event":"Formatting title: Jarhead","logger":"root","filename":"new_tropes_dag.py","lineno":66}
{"timestamp":"2025-12-19T10:53:47.657526Z","level":"info","event":"Formatting title: Jason Goes To Hell The Final Friday","logger":"root","filename":"new_tropes_dag.py","lineno":66}
{"timestamp":"2025-12-19T10:53:47.657555Z","level":"info","event":"Formatting title: Jason X","logger":"root","filename":"new_tropes_dag.py","lineno":66}
{"timestamp":"2025-12-19T10:53:47.657583Z","level":"info","event":"Formatting title: Jaws","logger":"root","filename":"new_tropes_dag.py","lineno":66}
{"timestamp":"2025-12-19T10:53:47.657609Z","level":"info","event":"Formatting title: Jaws 2","logger":"root","filename":"new_tropes_dag.py","lineno":66}
{"timestamp":"2025-12-19T10:53:47.657635Z","level":"info","event":"Formatting title: Jay And Silent Bob Strike Back","logger":"root","filename":"new_tropes_dag.py","lineno":66}
{"timestamp":"2025-12-19T10:53:47.657661Z","level":"info","event":"Formatting title: Jennifer Eight","logger":"root","filename":"new_tropes_dag.py","lineno":66}
{"timestamp":"2025-12-19T10:53:47.657763Z","level":"info","event":"Formatting title: Jennifers Body","logger":"root","filename":"new_tropes_dag.py","lineno":66}
{"timestamp":"2025-12-19T10:53:47.657811Z","level":"info","event":"Formatting title: Jerry Maguire","logger":"root","filename":"new_tropes_dag.py","lineno":66}
{"timestamp":"2025-12-19T10:53:47.657842Z","level":"info","event":"Formatting title: Jeux Interdits","logger":"root","filename":"new_tropes_dag.py","lineno":66}
{"timestamp":"2025-12-19T10:53:47.657869Z","level":"info","event":"Formatting title: Jfk","logger":"root","filename":"new_tropes_dag.py","lineno":66}
{"timestamp":"2025-12-19T10:53:47.657921Z","level":"info","event":"Formatting title: Jimmy And Judy","logger":"root","filename":"new_tropes_dag.py","lineno":66}
{"timestamp":"2025-12-19T10:53:47.658177Z","level":"info","event":"Formatting title: Jingle All The Way","logger":"root","filename":"new_tropes_dag.py","lineno":66}
{"timestamp":"2025-12-19T10:53:47.658215Z","level":"info","event":"Formatting title: Jo Jo Dancer Your Life Is Calling","logger":"root","filename":"new_tropes_dag.py","lineno":66}
{"timestamp":"2025-12-19T10:53:47.658246Z","level":"info","event":"Formatting title: Jockey","logger":"root","filename":"new_tropes_dag.py","lineno":66}
{"timestamp":"2025-12-19T10:53:47.658287Z","level":"info","event":"Formatting title: John Q","logger":"root","filename":"new_tropes_dag.py","lineno":66}
{"timestamp":"2025-12-19T10:53:47.658315Z","level":"info","event":"Formatting title: John Wick","logger":"root","filename":"new_tropes_dag.py","lineno":66}
{"timestamp":"2025-12-19T10:53:47.658350Z","level":"info","event":"Formatting title: John Wick Chapter 4","logger":"root","filename":"new_tropes_dag.py","lineno":66}
{"timestamp":"2025-12-19T10:53:47.658391Z","level":"info","event":"Formatting title: Jojo Rabbit","logger":"root","filename":"new_tropes_dag.py","lineno":66}
{"timestamp":"2025-12-19T10:53:47.658435Z","level":"info","event":"Formatting title: Joker","logger":"root","filename":"new_tropes_dag.py","lineno":66}
{"timestamp":"2025-12-19T10:53:47.658466Z","level":"info","event":"Formatting title: Joy","logger":"root","filename":"new_tropes_dag.py","lineno":66}
{"timestamp":"2025-12-19T10:53:47.658521Z","level":"info","event":"Formatting title: Judas And The Black Messiah","logger":"root","filename":"new_tropes_dag.py","lineno":66}
{"timestamp":"2025-12-19T10:53:47.658559Z","level":"info","event":"Formatting title: Judge Dredd","logger":"root","filename":"new_tropes_dag.py","lineno":66}
{"timestamp":"2025-12-19T10:53:47.658591Z","level":"info","event":"Formatting title: Jules","logger":"root","filename":"new_tropes_dag.py","lineno":66}
{"timestamp":"2025-12-19T10:53:47.658626Z","level":"info","event":"Formatting title: Julia","logger":"root","filename":"new_tropes_dag.py","lineno":66}
{"timestamp":"2025-12-19T10:53:47.658659Z","level":"info","event":"Formatting title: Julieta","logger":"root","filename":"new_tropes_dag.py","lineno":66}
{"timestamp":"2025-12-19T10:53:47.658696Z","level":"info","event":"Formatting title: Jumanji","logger":"root","filename":"new_tropes_dag.py","lineno":66}
{"timestamp":"2025-12-19T10:53:47.658732Z","level":"info","event":"Formatting title: Juno","logger":"root","filename":"new_tropes_dag.py","lineno":66}
{"timestamp":"2025-12-19T10:53:47.658782Z","level":"info","event":"Formatting title: Jurassic Park","logger":"root","filename":"new_tropes_dag.py","lineno":66}
{"timestamp":"2025-12-19T10:53:47.658837Z","level":"info","event":"Formatting title: Jurassic Park 3","logger":"root","filename":"new_tropes_dag.py","lineno":66}
{"timestamp":"2025-12-19T10:53:47.658869Z","level":"info","event":"Formatting title: Jurassic Park The Lost World","logger":"root","filename":"new_tropes_dag.py","lineno":66}
{"timestamp":"2025-12-19T10:53:47.658898Z","level":"info","event":"Formatting title: Just Mercy","logger":"root","filename":"new_tropes_dag.py","lineno":66}
{"timestamp":"2025-12-19T10:53:47.658927Z","level":"info","event":"Formatting title: K Pax","logger":"root","filename":"new_tropes_dag.py","lineno":66}
{"timestamp":"2025-12-19T10:53:47.658955Z","level":"info","event":"Formatting title: Kafka","logger":"root","filename":"new_tropes_dag.py","lineno":66}
{"timestamp":"2025-12-19T10:53:47.658982Z","level":"info","event":"Formatting title: Kajillionaire","logger":"root","filename":"new_tropes_dag.py","lineno":66}
{"timestamp":"2025-12-19T10:53:47.659008Z","level":"info","event":"Formatting title: Kalifornia","logger":"root","filename":"new_tropes_dag.py","lineno":66}
{"timestamp":"2025-12-19T10:53:47.659272Z","level":"info","event":"Formatting title: Karate Kid","logger":"root","filename":"new_tropes_dag.py","lineno":66}
{"timestamp":"2025-12-19T10:53:47.659308Z","level":"info","event":"Formatting title: Kate & Leopold","logger":"root","filename":"new_tropes_dag.py","lineno":66}
{"timestamp":"2025-12-19T10:53:47.659345Z","level":"info","event":"Formatting title: Kids","logger":"root","filename":"new_tropes_dag.py","lineno":66}
{"timestamp":"2025-12-19T10:53:47.659374Z","level":"info","event":"Formatting title: Kids Are All Right The","logger":"root","filename":"new_tropes_dag.py","lineno":66}
{"timestamp":"2025-12-19T10:53:47.659401Z","level":"info","event":"Formatting title: Kill Bill Vol 1","logger":"root","filename":"new_tropes_dag.py","lineno":66}
{"timestamp":"2025-12-19T10:53:47.659453Z","level":"info","event":"Formatting title: Kill Bill Vol 2","logger":"root","filename":"new_tropes_dag.py","lineno":66}
{"timestamp":"2025-12-19T10:53:47.659484Z","level":"info","event":"Formatting title: Kill Bill Volume 1 & 2","logger":"root","filename":"new_tropes_dag.py","lineno":66}
{"timestamp":"2025-12-19T10:53:47.659512Z","level":"info","event":"Formatting title: Kill The Messenger","logger":"root","filename":"new_tropes_dag.py","lineno":66}
{"timestamp":"2025-12-19T10:53:47.659546Z","level":"info","event":"Formatting title: Kill Your Darlings","logger":"root","filename":"new_tropes_dag.py","lineno":66}
{"timestamp":"2025-12-19T10:53:47.659573Z","level":"info","event":"Formatting title: Killer Klowns From Outer Space","logger":"root","filename":"new_tropes_dag.py","lineno":66}
{"timestamp":"2025-12-19T10:53:47.659621Z","level":"info","event":"Formatting title: Killer The","logger":"root","filename":"new_tropes_dag.py","lineno":66}
{"timestamp":"2025-12-19T10:53:47.659663Z","level":"info","event":"Formatting title: Killers Of The Flower Moon","logger":"root","filename":"new_tropes_dag.py","lineno":66}
{"timestamp":"2025-12-19T10:53:47.659693Z","level":"info","event":"Formatting title: Killing Zoe","logger":"root","filename":"new_tropes_dag.py","lineno":66}
{"timestamp":"2025-12-19T10:53:47.659720Z","level":"info","event":"Formatting title: Kin","logger":"root","filename":"new_tropes_dag.py","lineno":66}
{"timestamp":"2025-12-19T10:53:47.659750Z","level":"info","event":"Formatting title: King Kong","logger":"root","filename":"new_tropes_dag.py","lineno":66}
{"timestamp":"2025-12-19T10:53:47.659800Z","level":"info","event":"Formatting title: King Of Comedy The","logger":"root","filename":"new_tropes_dag.py","lineno":66}
{"timestamp":"2025-12-19T10:53:47.659836Z","level":"info","event":"Formatting title: King Richard","logger":"root","filename":"new_tropes_dag.py","lineno":66}
{"timestamp":"2025-12-19T10:53:47.659865Z","level":"info","event":"Formatting title: Kingdom The","logger":"root","filename":"new_tropes_dag.py","lineno":66}
{"timestamp":"2025-12-19T10:53:47.659894Z","level":"info","event":"Formatting title: Kingpin","logger":"root","filename":"new_tropes_dag.py","lineno":66}
{"timestamp":"2025-12-19T10:53:47.659935Z","level":"info","event":"Formatting title: Kings Of Summer","logger":"root","filename":"new_tropes_dag.py","lineno":66}
{"timestamp":"2025-12-19T10:53:47.659973Z","level":"info","event":"Formatting title: Kings Speech The","logger":"root","filename":"new_tropes_dag.py","lineno":66}
{"timestamp":"2025-12-19T10:53:47.660002Z","level":"info","event":"Formatting title: Kingsman The Secret Service","logger":"root","filename":"new_tropes_dag.py","lineno":66}
{"timestamp":"2025-12-19T10:53:47.660030Z","level":"info","event":"Formatting title: Kiss Kiss Bang Bang","logger":"root","filename":"new_tropes_dag.py","lineno":66}
{"timestamp":"2025-12-19T10:53:47.660057Z","level":"info","event":"Formatting title: Kiss Of The Spider Woman","logger":"root","filename":"new_tropes_dag.py","lineno":66}
{"timestamp":"2025-12-19T10:53:47.660105Z","level":"info","event":"Formatting title: Klute","logger":"root","filename":"new_tropes_dag.py","lineno":66}
{"timestamp":"2025-12-19T10:53:47.660205Z","level":"info","event":"Formatting title: Knight And Day","logger":"root","filename":"new_tropes_dag.py","lineno":66}
{"timestamp":"2025-12-19T10:53:47.660245Z","level":"info","event":"Formatting title: Knives Out","logger":"root","filename":"new_tropes_dag.py","lineno":66}
{"timestamp":"2025-12-19T10:53:47.660280Z","level":"info","event":"Formatting title: Knocked Up","logger":"root","filename":"new_tropes_dag.py","lineno":66}
{"timestamp":"2025-12-19T10:53:47.660310Z","level":"info","event":"Formatting title: Kramer Vs Kramer","logger":"root","filename":"new_tropes_dag.py","lineno":66}
{"timestamp":"2025-12-19T10:53:47.660342Z","level":"info","event":"Formatting title: Krampus","logger":"root","filename":"new_tropes_dag.py","lineno":66}
{"timestamp":"2025-12-19T10:53:47.660390Z","level":"info","event":"Formatting title: Kubo And The Two Strings","logger":"root","filename":"new_tropes_dag.py","lineno":66}
{"timestamp":"2025-12-19T10:53:47.660430Z","level":"info","event":"Formatting title: Kundun","logger":"root","filename":"new_tropes_dag.py","lineno":66}
{"timestamp":"2025-12-19T10:53:47.660461Z","level":"info","event":"Formatting title: Kung Fu Panda","logger":"root","filename":"new_tropes_dag.py","lineno":66}
{"timestamp":"2025-12-19T10:53:47.660490Z","level":"info","event":"Formatting title: La Confidential","logger":"root","filename":"new_tropes_dag.py","lineno":66}
{"timestamp":"2025-12-19T10:53:47.660521Z","level":"info","event":"Formatting title: La La Land","logger":"root","filename":"new_tropes_dag.py","lineno":66}
{"timestamp":"2025-12-19T10:53:47.660546Z","level":"info","event":"Formatting title: La Story","logger":"root","filename":"new_tropes_dag.py","lineno":66}
{"timestamp":"2025-12-19T10:53:47.660573Z","level":"info","event":"Formatting title: Labor Day","logger":"root","filename":"new_tropes_dag.py","lineno":66}
{"timestamp":"2025-12-19T10:53:47.660649Z","level":"info","event":"Formatting title: Labor Of Love","logger":"root","filename":"new_tropes_dag.py","lineno":66}
{"timestamp":"2025-12-19T10:53:47.660699Z","level":"info","event":"Formatting title: Labyrinth","logger":"root","filename":"new_tropes_dag.py","lineno":66}
{"timestamp":"2025-12-19T10:53:47.660739Z","level":"info","event":"Formatting title: Lady Bird","logger":"root","filename":"new_tropes_dag.py","lineno":66}
{"timestamp":"2025-12-19T10:53:47.660792Z","level":"info","event":"Formatting title: Lady Chatterleys Lover","logger":"root","filename":"new_tropes_dag.py","lineno":66}
{"timestamp":"2025-12-19T10:53:47.660835Z","level":"info","event":"Formatting title: Ladyhawke","logger":"root","filename":"new_tropes_dag.py","lineno":66}
{"timestamp":"2025-12-19T10:53:47.660868Z","level":"info","event":"Formatting title: Ladykillers The","logger":"root","filename":"new_tropes_dag.py","lineno":66}
{"timestamp":"2025-12-19T10:53:47.660909Z","level":"info","event":"Formatting title: Lake Placid","logger":"root","filename":"new_tropes_dag.py","lineno":66}
{"timestamp":"2025-12-19T10:53:47.660951Z","level":"info","event":"Formatting title: Land Of Mine","logger":"root","filename":"new_tropes_dag.py","lineno":66}
{"timestamp":"2025-12-19T10:53:47.660987Z","level":"info","event":"Formatting title: Land Of The Dead","logger":"root","filename":"new_tropes_dag.py","lineno":66}
{"timestamp":"2025-12-19T10:53:47.661020Z","level":"info","event":"Formatting title: Larry Crowne","logger":"root","filename":"new_tropes_dag.py","lineno":66}
{"timestamp":"2025-12-19T10:53:47.661048Z","level":"info","event":"Formatting title: Lars And The Real Girl","logger":"root","filename":"new_tropes_dag.py","lineno":66}
{"timestamp":"2025-12-19T10:53:47.661093Z","level":"info","event":"Formatting title: Last Boy Scout The","logger":"root","filename":"new_tropes_dag.py","lineno":66}
{"timestamp":"2025-12-19T10:53:47.661130Z","level":"info","event":"Formatting title: Last Chance Harvey","logger":"root","filename":"new_tropes_dag.py","lineno":66}
{"timestamp":"2025-12-19T10:53:47.661159Z","level":"info","event":"Formatting title: Last Flight The","logger":"root","filename":"new_tropes_dag.py","lineno":66}
{"timestamp":"2025-12-19T10:53:47.661191Z","level":"info","event":"Formatting title: Last Holiday","logger":"root","filename":"new_tropes_dag.py","lineno":66}
{"timestamp":"2025-12-19T10:53:47.661218Z","level":"info","event":"Formatting title: Last Night In Soho","logger":"root","filename":"new_tropes_dag.py","lineno":66}
{"timestamp":"2025-12-19T10:53:47.661269Z","level":"info","event":"Formatting title: Last Of The Mohicans The","logger":"root","filename":"new_tropes_dag.py","lineno":66}
{"timestamp":"2025-12-19T10:53:47.661309Z","level":"info","event":"Formatting title: Last Samurai The","logger":"root","filename":"new_tropes_dag.py","lineno":66}
{"timestamp":"2025-12-19T10:53:47.661342Z","level":"info","event":"Formatting title: Last Station The","logger":"root","filename":"new_tropes_dag.py","lineno":66}
{"timestamp":"2025-12-19T10:53:47.661371Z","level":"info","event":"Formatting title: Last Tango In Paris","logger":"root","filename":"new_tropes_dag.py","lineno":66}
{"timestamp":"2025-12-19T10:53:47.661400Z","level":"info","event":"Formatting title: Law Abiding Citizen","logger":"root","filename":"new_tropes_dag.py","lineno":66}
{"timestamp":"2025-12-19T10:53:47.661431Z","level":"info","event":"Formatting title: Lawrence Of Arabia","logger":"root","filename":"new_tropes_dag.py","lineno":66}
{"timestamp":"2025-12-19T10:53:47.661457Z","level":"info","event":"Formatting title: Le Diable Par La Queue","logger":"root","filename":"new_tropes_dag.py","lineno":66}
{"timestamp":"2025-12-19T10:53:47.661513Z","level":"info","event":"Formatting title: Lean On Me","logger":"root","filename":"new_tropes_dag.py","lineno":66}
{"timestamp":"2025-12-19T10:53:47.661547Z","level":"info","event":"Formatting title: Leave No Trace","logger":"root","filename":"new_tropes_dag.py","lineno":66}
{"timestamp":"2025-12-19T10:53:47.661575Z","level":"info","event":"Formatting title: Leaving Las Vegas","logger":"root","filename":"new_tropes_dag.py","lineno":66}
{"timestamp":"2025-12-19T10:53:47.661602Z","level":"info","event":"Formatting title: Lee Daniels The Butler","logger":"root","filename":"new_tropes_dag.py","lineno":66}
{"timestamp":"2025-12-19T10:53:47.661629Z","level":"info","event":"Formatting title: Legally Blonde","logger":"root","filename":"new_tropes_dag.py","lineno":66}
{"timestamp":"2025-12-19T10:53:47.661680Z","level":"info","event":"Formatting title: Legend","logger":"root","filename":"new_tropes_dag.py","lineno":66}
{"timestamp":"2025-12-19T10:53:47.661712Z","level":"info","event":"Formatting title: Legend","logger":"root","filename":"new_tropes_dag.py","lineno":66}
{"timestamp":"2025-12-19T10:53:47.661741Z","level":"info","event":"Formatting title: Legion","logger":"root","filename":"new_tropes_dag.py","lineno":66}
{"timestamp":"2025-12-19T10:53:47.661768Z","level":"info","event":"Formatting title: Lego Movie The","logger":"root","filename":"new_tropes_dag.py","lineno":66}
{"timestamp":"2025-12-19T10:53:47.661818Z","level":"info","event":"Formatting title: Lenny","logger":"root","filename":"new_tropes_dag.py","lineno":66}
{"timestamp":"2025-12-19T10:53:47.661858Z","level":"info","event":"Formatting title: Leprechaun","logger":"root","filename":"new_tropes_dag.py","lineno":66}
{"timestamp":"2025-12-19T10:53:47.661887Z","level":"info","event":"Formatting title: Leprechaun 2","logger":"root","filename":"new_tropes_dag.py","lineno":66}
{"timestamp":"2025-12-19T10:53:47.661913Z","level":"info","event":"Formatting title: Les Miserables","logger":"root","filename":"new_tropes_dag.py","lineno":66}
{"timestamp":"2025-12-19T10:53:47.661940Z","level":"info","event":"Formatting title: Les Misérables","logger":"root","filename":"new_tropes_dag.py","lineno":66}
{"timestamp":"2025-12-19T10:53:47.661993Z","level":"info","event":"Formatting title: Les Tontons Flingueurs","logger":"root","filename":"new_tropes_dag.py","lineno":66}
{"timestamp":"2025-12-19T10:53:47.662031Z","level":"info","event":"Formatting title: Let Me In","logger":"root","filename":"new_tropes_dag.py","lineno":66}
{"timestamp":"2025-12-19T10:53:47.662068Z","level":"info","event":"Formatting title: Lethal Weapon","logger":"root","filename":"new_tropes_dag.py","lineno":66}
{"timestamp":"2025-12-19T10:53:47.662097Z","level":"info","event":"Formatting title: Lethal Weapon 2","logger":"root","filename":"new_tropes_dag.py","lineno":66}
{"timestamp":"2025-12-19T10:53:47.662148Z","level":"info","event":"Formatting title: Lethal Weapon 4","logger":"root","filename":"new_tropes_dag.py","lineno":66}
{"timestamp":"2025-12-19T10:53:47.662179Z","level":"info","event":"Formatting title: Leviathan","logger":"root","filename":"new_tropes_dag.py","lineno":66}
{"timestamp":"2025-12-19T10:53:47.662209Z","level":"info","event":"Formatting title: Liar Liar","logger":"root","filename":"new_tropes_dag.py","lineno":66}
{"timestamp":"2025-12-19T10:53:47.662237Z","level":"info","event":"Formatting title: License To Kill","logger":"root","filename":"new_tropes_dag.py","lineno":66}
{"timestamp":"2025-12-19T10:53:47.662287Z","level":"info","event":"Formatting title: Life","logger":"root","filename":"new_tropes_dag.py","lineno":66}
{"timestamp":"2025-12-19T10:53:47.662319Z","level":"info","event":"Formatting title: Life As A House","logger":"root","filename":"new_tropes_dag.py","lineno":66}
{"timestamp":"2025-12-19T10:53:47.662346Z","level":"info","event":"Formatting title: Life Itself","logger":"root","filename":"new_tropes_dag.py","lineno":66}
{"timestamp":"2025-12-19T10:53:47.662379Z","level":"info","event":"Formatting title: Life Of David Gale The","logger":"root","filename":"new_tropes_dag.py","lineno":66}
{"timestamp":"2025-12-19T10:53:47.662417Z","level":"info","event":"Formatting title: Life Of Pi","logger":"root","filename":"new_tropes_dag.py","lineno":66}
{"timestamp":"2025-12-19T10:53:47.662460Z","level":"info","event":"Formatting title: Life Stinks","logger":"root","filename":"new_tropes_dag.py","lineno":66}
{"timestamp":"2025-12-19T10:53:47.662490Z","level":"info","event":"Formatting title: Light Sleeper","logger":"root","filename":"new_tropes_dag.py","lineno":66}
{"timestamp":"2025-12-19T10:53:47.662517Z","level":"info","event":"Formatting title: Lights Out","logger":"root","filename":"new_tropes_dag.py","lineno":66}
{"timestamp":"2025-12-19T10:53:47.662544Z","level":"info","event":"Formatting title: Like Father Like Son","logger":"root","filename":"new_tropes_dag.py","lineno":66}
{"timestamp":"2025-12-19T10:53:47.662594Z","level":"info","event":"Formatting title: Limey The","logger":"root","filename":"new_tropes_dag.py","lineno":66}
{"timestamp":"2025-12-19T10:53:47.662631Z","level":"info","event":"Formatting title: Limitless","logger":"root","filename":"new_tropes_dag.py","lineno":66}
{"timestamp":"2025-12-19T10:53:47.662660Z","level":"info","event":"Formatting title: Lincoln","logger":"root","filename":"new_tropes_dag.py","lineno":66}
{"timestamp":"2025-12-19T10:53:47.662688Z","level":"info","event":"Formatting title: Lincoln Lawyer The","logger":"root","filename":"new_tropes_dag.py","lineno":66}
{"timestamp":"2025-12-19T10:53:47.662734Z","level":"info","event":"Formatting title: Lion","logger":"root","filename":"new_tropes_dag.py","lineno":66}
{"timestamp":"2025-12-19T10:53:47.662783Z","level":"info","event":"Formatting title: Lion King The","logger":"root","filename":"new_tropes_dag.py","lineno":66}
{"timestamp":"2025-12-19T10:53:47.662820Z","level":"info","event":"Formatting title: Little Athens","logger":"root","filename":"new_tropes_dag.py","lineno":66}
{"timestamp":"2025-12-19T10:53:47.662849Z","level":"info","event":"Formatting title: Little Men","logger":"root","filename":"new_tropes_dag.py","lineno":66}
{"timestamp":"2025-12-19T10:53:47.662887Z","level":"info","event":"Formatting title: Little Mermaid The","logger":"root","filename":"new_tropes_dag.py","lineno":66}
{"timestamp":"2025-12-19T10:53:47.662925Z","level":"info","event":"Formatting title: Little Miss Sunshine","logger":"root","filename":"new_tropes_dag.py","lineno":66}
{"timestamp":"2025-12-19T10:53:47.662954Z","level":"info","event":"Formatting title: Little Nicky","logger":"root","filename":"new_tropes_dag.py","lineno":66}
{"timestamp":"2025-12-19T10:53:47.662981Z","level":"info","event":"Formatting title: Little Shop Of Horrors","logger":"root","filename":"new_tropes_dag.py","lineno":66}
{"timestamp":"2025-12-19T10:53:47.663008Z","level":"info","event":"Formatting title: Little Women","logger":"root","filename":"new_tropes_dag.py","lineno":66}
{"timestamp":"2025-12-19T10:53:47.663039Z","level":"info","event":"Formatting title: Live And Let Die","logger":"root","filename":"new_tropes_dag.py","lineno":66}
{"timestamp":"2025-12-19T10:53:47.663065Z","level":"info","event":"Formatting title: Live By Night","logger":"root","filename":"new_tropes_dag.py","lineno":66}
{"timestamp":"2025-12-19T10:53:47.663106Z","level":"info","event":"Formatting title: Live Free Or Die Hard","logger":"root","filename":"new_tropes_dag.py","lineno":66}
{"timestamp":"2025-12-19T10:53:47.663148Z","level":"info","event":"Formatting title: Living","logger":"root","filename":"new_tropes_dag.py","lineno":66}
{"timestamp":"2025-12-19T10:53:47.663181Z","level":"info","event":"Formatting title: Living In Oblivion","logger":"root","filename":"new_tropes_dag.py","lineno":66}
{"timestamp":"2025-12-19T10:53:47.663209Z","level":"info","event":"Formatting title: Lock Stock And Two Smoking Barrels","logger":"root","filename":"new_tropes_dag.py","lineno":66}
{"timestamp":"2025-12-19T10:53:47.663240Z","level":"info","event":"Formatting title: Locke","logger":"root","filename":"new_tropes_dag.py","lineno":66}
{"timestamp":"2025-12-19T10:53:47.663283Z","level":"info","event":"Formatting title: Logan","logger":"root","filename":"new_tropes_dag.py","lineno":66}
{"timestamp":"2025-12-19T10:53:47.663321Z","level":"info","event":"Formatting title: Logans Run","logger":"root","filename":"new_tropes_dag.py","lineno":66}
{"timestamp":"2025-12-19T10:53:47.663350Z","level":"info","event":"Formatting title: Lone Star","logger":"root","filename":"new_tropes_dag.py","lineno":66}
{"timestamp":"2025-12-19T10:53:47.663379Z","level":"info","event":"Formatting title: Lone Survivor","logger":"root","filename":"new_tropes_dag.py","lineno":66}
{"timestamp":"2025-12-19T10:53:47.663407Z","level":"info","event":"Formatting title: Long Kiss Goodnight The","logger":"root","filename":"new_tropes_dag.py","lineno":66}
{"timestamp":"2025-12-19T10:53:47.663435Z","level":"info","event":"Formatting title: Looney Tunes Back In Action","logger":"root","filename":"new_tropes_dag.py","lineno":66}
{"timestamp":"2025-12-19T10:53:47.663482Z","level":"info","event":"Formatting title: Looper","logger":"root","filename":"new_tropes_dag.py","lineno":66}
{"timestamp":"2025-12-19T10:53:47.663525Z","level":"info","event":"Formatting title: Lord Of Illusions","logger":"root","filename":"new_tropes_dag.py","lineno":66}
{"timestamp":"2025-12-19T10:53:47.663561Z","level":"info","event":"Formatting title: Lord Of The Rings Fellowship Of The Ring The","logger":"root","filename":"new_tropes_dag.py","lineno":66}
{"timestamp":"2025-12-19T10:53:47.663592Z","level":"info","event":"Formatting title: Lord Of The Rings Return Of The King","logger":"root","filename":"new_tropes_dag.py","lineno":66}
{"timestamp":"2025-12-19T10:53:47.663621Z","level":"info","event":"Formatting title: Lord Of The Rings The Two Towers","logger":"root","filename":"new_tropes_dag.py","lineno":66}
{"timestamp":"2025-12-19T10:53:47.663650Z","level":"info","event":"Formatting title: Lord Of War","logger":"root","filename":"new_tropes_dag.py","lineno":66}
{"timestamp":"2025-12-19T10:53:47.663715Z","level":"info","event":"Formatting title: Losers The","logger":"root","filename":"new_tropes_dag.py","lineno":66}
{"timestamp":"2025-12-19T10:53:47.663775Z","level":"info","event":"Formatting title: Lost Highway","logger":"root","filename":"new_tropes_dag.py","lineno":66}
{"timestamp":"2025-12-19T10:53:47.663826Z","level":"info","event":"Formatting title: Lost Horizon","logger":"root","filename":"new_tropes_dag.py","lineno":66}
{"timestamp":"2025-12-19T10:53:47.663872Z","level":"info","event":"Formatting title: Lost In Space","logger":"root","filename":"new_tropes_dag.py","lineno":66}
{"timestamp":"2025-12-19T10:53:47.663905Z","level":"info","event":"Formatting title: Lost In Translation","logger":"root","filename":"new_tropes_dag.py","lineno":66}
{"timestamp":"2025-12-19T10:53:47.663935Z","level":"info","event":"Formatting title: Love & Other Drugs","logger":"root","filename":"new_tropes_dag.py","lineno":66}
{"timestamp":"2025-12-19T10:53:47.663961Z","level":"info","event":"Formatting title: Love Actually","logger":"root","filename":"new_tropes_dag.py","lineno":66}
{"timestamp":"2025-12-19T10:53:47.663988Z","level":"info","event":"Formatting title: Love And Basketball","logger":"root","filename":"new_tropes_dag.py","lineno":66}
{"timestamp":"2025-12-19T10:53:47.664013Z","level":"info","event":"Formatting title: Love And Friendship","logger":"root","filename":"new_tropes_dag.py","lineno":66}
{"timestamp":"2025-12-19T10:53:47.664042Z","level":"info","event":"Formatting title: Love Is Strange","logger":"root","filename":"new_tropes_dag.py","lineno":66}
{"timestamp":"2025-12-19T10:53:47.664068Z","level":"info","event":"Formatting title: Love Simon","logger":"root","filename":"new_tropes_dag.py","lineno":66}
{"timestamp":"2025-12-19T10:53:47.664097Z","level":"info","event":"Formatting title: Loving","logger":"root","filename":"new_tropes_dag.py","lineno":66}
{"timestamp":"2025-12-19T10:53:47.664225Z","level":"info","event":"Formatting title: Luca","logger":"root","filename":"new_tropes_dag.py","lineno":66}
{"timestamp":"2025-12-19T10:53:47.664323Z","level":"info","event":"Formatting title: Lucky Number Slevin","logger":"root","filename":"new_tropes_dag.py","lineno":66}
{"timestamp":"2025-12-19T10:53:47.664364Z","level":"info","event":"Formatting title: Lucy","logger":"root","filename":"new_tropes_dag.py","lineno":66}
{"timestamp":"2025-12-19T10:53:47.664396Z","level":"info","event":"Formatting title: Lucy In The Sky","logger":"root","filename":"new_tropes_dag.py","lineno":66}
{"timestamp":"2025-12-19T10:53:47.664424Z","level":"info","event":"Formatting title: Macgruber","logger":"root","filename":"new_tropes_dag.py","lineno":66}
{"timestamp":"2025-12-19T10:53:47.664453Z","level":"info","event":"Formatting title: Machete","logger":"root","filename":"new_tropes_dag.py","lineno":66}
{"timestamp":"2025-12-19T10:53:47.664480Z","level":"info","event":"Formatting title: Machine Gun Preacher","logger":"root","filename":"new_tropes_dag.py","lineno":66}
{"timestamp":"2025-12-19T10:53:47.664513Z","level":"info","event":"Formatting title: Mad Max 2 The Road Warrior","logger":"root","filename":"new_tropes_dag.py","lineno":66}
{"timestamp":"2025-12-19T10:53:47.664539Z","level":"info","event":"Formatting title: Mad Max Fury Road","logger":"root","filename":"new_tropes_dag.py","lineno":66}
{"timestamp":"2025-12-19T10:53:47.664567Z","level":"info","event":"Formatting title: Made","logger":"root","filename":"new_tropes_dag.py","lineno":66}
{"timestamp":"2025-12-19T10:53:47.664594Z","level":"info","event":"Formatting title: Made In Heaven","logger":"root","filename":"new_tropes_dag.py","lineno":66}
{"timestamp":"2025-12-19T10:53:47.664665Z","level":"info","event":"Formatting title: Maestro","logger":"root","filename":"new_tropes_dag.py","lineno":66}
{"timestamp":"2025-12-19T10:53:47.664880Z","level":"info","event":"Formatting title: Maggies Plan","logger":"root","filename":"new_tropes_dag.py","lineno":66}
{"timestamp":"2025-12-19T10:53:47.664944Z","level":"info","event":"Formatting title: Magnolia","logger":"root","filename":"new_tropes_dag.py","lineno":66}
{"timestamp":"2025-12-19T10:53:47.664982Z","level":"info","event":"Formatting title: Majestic The (the Bijou)","logger":"root","filename":"new_tropes_dag.py","lineno":66}
{"timestamp":"2025-12-19T10:53:47.665011Z","level":"info","event":"Formatting title: Major League","logger":"root","filename":"new_tropes_dag.py","lineno":66}
{"timestamp":"2025-12-19T10:53:47.665038Z","level":"info","event":"Formatting title: Malcolm & Marie","logger":"root","filename":"new_tropes_dag.py","lineno":66}
{"timestamp":"2025-12-19T10:53:47.665064Z","level":"info","event":"Formatting title: Malcolm X","logger":"root","filename":"new_tropes_dag.py","lineno":66}
{"timestamp":"2025-12-19T10:53:47.665098Z","level":"info","event":"Formatting title: Malibus Most Wanted","logger":"root","filename":"new_tropes_dag.py","lineno":66}
{"timestamp":"2025-12-19T10:53:47.665127Z","level":"info","event":"Formatting title: Malignant","logger":"root","filename":"new_tropes_dag.py","lineno":66}
{"timestamp":"2025-12-19T10:53:47.665158Z","level":"info","event":"Formatting title: Mallrats","logger":"root","filename":"new_tropes_dag.py","lineno":66}
{"timestamp":"2025-12-19T10:53:47.665186Z","level":"info","event":"Formatting title: Man In The Iron Mask","logger":"root","filename":"new_tropes_dag.py","lineno":66}
{"timestamp":"2025-12-19T10:53:47.708279Z","level":"info","event":"Formatting title: Man On A Ledge","logger":"root","filename":"new_tropes_dag.py","lineno":66}
{"timestamp":"2025-12-19T10:53:47.708409Z","level":"info","event":"Formatting title: Man On Fire","logger":"root","filename":"new_tropes_dag.py","lineno":66}
{"timestamp":"2025-12-19T10:53:47.708447Z","level":"info","event":"Formatting title: Man On The Moon","logger":"root","filename":"new_tropes_dag.py","lineno":66}
{"timestamp":"2025-12-19T10:53:47.708479Z","level":"info","event":"Formatting title: Man Trouble","logger":"root","filename":"new_tropes_dag.py","lineno":66}
{"timestamp":"2025-12-19T10:53:47.708507Z","level":"info","event":"Formatting title: Man Who Knew Too Much The","logger":"root","filename":"new_tropes_dag.py","lineno":66}
{"timestamp":"2025-12-19T10:53:47.708535Z","level":"info","event":"Formatting title: Man Who Wasnt There The","logger":"root","filename":"new_tropes_dag.py","lineno":66}
{"timestamp":"2025-12-19T10:53:47.708561Z","level":"info","event":"Formatting title: Manchurian Candidate The","logger":"root","filename":"new_tropes_dag.py","lineno":66}
{"timestamp":"2025-12-19T10:53:47.708587Z","level":"info","event":"Formatting title: Mandy","logger":"root","filename":"new_tropes_dag.py","lineno":66}
{"timestamp":"2025-12-19T10:53:47.708652Z","level":"info","event":"Formatting title: Manhattan Murder Mystery","logger":"root","filename":"new_tropes_dag.py","lineno":66}
{"timestamp":"2025-12-19T10:53:47.708712Z","level":"info","event":"Formatting title: Manhunter","logger":"root","filename":"new_tropes_dag.py","lineno":66}
{"timestamp":"2025-12-19T10:53:47.708744Z","level":"info","event":"Formatting title: Maniac Cop","logger":"root","filename":"new_tropes_dag.py","lineno":66}
{"timestamp":"2025-12-19T10:53:47.708772Z","level":"info","event":"Formatting title: Mank","logger":"root","filename":"new_tropes_dag.py","lineno":66}
{"timestamp":"2025-12-19T10:53:47.708800Z","level":"info","event":"Formatting title: Margaret","logger":"root","filename":"new_tropes_dag.py","lineno":66}
{"timestamp":"2025-12-19T10:53:47.708828Z","level":"info","event":"Formatting title: Margin Call","logger":"root","filename":"new_tropes_dag.py","lineno":66}
{"timestamp":"2025-12-19T10:53:47.708854Z","level":"info","event":"Formatting title: Margot At The Wedding","logger":"root","filename":"new_tropes_dag.py","lineno":66}
{"timestamp":"2025-12-19T10:53:47.708880Z","level":"info","event":"Formatting title: Maria","logger":"root","filename":"new_tropes_dag.py","lineno":66}
{"timestamp":"2025-12-19T10:53:47.708905Z","level":"info","event":"Formatting title: Maria Full Of Grace","logger":"root","filename":"new_tropes_dag.py","lineno":66}
{"timestamp":"2025-12-19T10:53:47.708930Z","level":"info","event":"Formatting title: Mariachi El","logger":"root","filename":"new_tropes_dag.py","lineno":66}
{"timestamp":"2025-12-19T10:53:47.708955Z","level":"info","event":"Formatting title: Marley & Me","logger":"root","filename":"new_tropes_dag.py","lineno":66}
{"timestamp":"2025-12-19T10:53:47.708981Z","level":"info","event":"Formatting title: Marriage Story","logger":"root","filename":"new_tropes_dag.py","lineno":66}
{"timestamp":"2025-12-19T10:53:47.709006Z","level":"info","event":"Formatting title: Mars Attacks","logger":"root","filename":"new_tropes_dag.py","lineno":66}
{"timestamp":"2025-12-19T10:53:47.709031Z","level":"info","event":"Formatting title: Martha Marcy May Marlene","logger":"root","filename":"new_tropes_dag.py","lineno":66}
{"timestamp":"2025-12-19T10:53:47.709055Z","level":"info","event":"Formatting title: Martian The","logger":"root","filename":"new_tropes_dag.py","lineno":66}
{"timestamp":"2025-12-19T10:53:47.709083Z","level":"info","event":"Formatting title: Marty","logger":"root","filename":"new_tropes_dag.py","lineno":66}
{"timestamp":"2025-12-19T10:53:47.709109Z","level":"info","event":"Formatting title: Martyrs","logger":"root","filename":"new_tropes_dag.py","lineno":66}
{"timestamp":"2025-12-19T10:53:47.709134Z","level":"info","event":"Formatting title: Mary Poppins","logger":"root","filename":"new_tropes_dag.py","lineno":66}
{"timestamp":"2025-12-19T10:53:47.709159Z","level":"info","event":"Formatting title: Mary Poppins Returns","logger":"root","filename":"new_tropes_dag.py","lineno":66}
{"timestamp":"2025-12-19T10:53:47.709186Z","level":"info","event":"Formatting title: Mary Queen Of Scots","logger":"root","filename":"new_tropes_dag.py","lineno":66}
{"timestamp":"2025-12-19T10:53:47.709210Z","level":"info","event":"Formatting title: Mary Shelleys Frankenstein","logger":"root","filename":"new_tropes_dag.py","lineno":66}
{"timestamp":"2025-12-19T10:53:47.709234Z","level":"info","event":"Formatting title: Mask The","logger":"root","filename":"new_tropes_dag.py","lineno":66}
{"timestamp":"2025-12-19T10:53:47.709258Z","level":"info","event":"Formatting title: Mass","logger":"root","filename":"new_tropes_dag.py","lineno":66}
{"timestamp":"2025-12-19T10:53:47.709281Z","level":"info","event":"Formatting title: Master","logger":"root","filename":"new_tropes_dag.py","lineno":66}
{"timestamp":"2025-12-19T10:53:47.709305Z","level":"info","event":"Formatting title: Master And Commander","logger":"root","filename":"new_tropes_dag.py","lineno":66}
{"timestamp":"2025-12-19T10:53:47.709330Z","level":"info","event":"Formatting title: Master The","logger":"root","filename":"new_tropes_dag.py","lineno":66}
{"timestamp":"2025-12-19T10:53:47.709354Z","level":"info","event":"Formatting title: Match Point","logger":"root","filename":"new_tropes_dag.py","lineno":66}
{"timestamp":"2025-12-19T10:53:47.709378Z","level":"info","event":"Formatting title: Matchstick Men","logger":"root","filename":"new_tropes_dag.py","lineno":66}
{"timestamp":"2025-12-19T10:53:47.709402Z","level":"info","event":"Formatting title: Matrix Reloaded The","logger":"root","filename":"new_tropes_dag.py","lineno":66}
{"timestamp":"2025-12-19T10:53:47.709425Z","level":"info","event":"Formatting title: Matrix The","logger":"root","filename":"new_tropes_dag.py","lineno":66}
{"timestamp":"2025-12-19T10:53:47.709448Z","level":"info","event":"Formatting title: Maudie","logger":"root","filename":"new_tropes_dag.py","lineno":66}
{"timestamp":"2025-12-19T10:53:47.709473Z","level":"info","event":"Formatting title: Max Payne","logger":"root","filename":"new_tropes_dag.py","lineno":66}
{"timestamp":"2025-12-19T10:53:47.709497Z","level":"info","event":"Formatting title: May December","logger":"root","filename":"new_tropes_dag.py","lineno":66}
{"timestamp":"2025-12-19T10:53:47.709522Z","level":"info","event":"Formatting title: Me And Earl And The Dying Girl","logger":"root","filename":"new_tropes_dag.py","lineno":66}
{"timestamp":"2025-12-19T10:53:47.709545Z","level":"info","event":"Formatting title: Me Him Her","logger":"root","filename":"new_tropes_dag.py","lineno":66}
{"timestamp":"2025-12-19T10:53:47.709569Z","level":"info","event":"Formatting title: Mean Girls","logger":"root","filename":"new_tropes_dag.py","lineno":66}
{"timestamp":"2025-12-19T10:53:47.709592Z","level":"info","event":"Formatting title: Mean Streets","logger":"root","filename":"new_tropes_dag.py","lineno":66}
{"timestamp":"2025-12-19T10:53:47.709616Z","level":"info","event":"Formatting title: Meatballs","logger":"root","filename":"new_tropes_dag.py","lineno":66}
{"timestamp":"2025-12-19T10:53:47.709639Z","level":"info","event":"Formatting title: Mechanic The","logger":"root","filename":"new_tropes_dag.py","lineno":66}
{"timestamp":"2025-12-19T10:53:47.709663Z","level":"info","event":"Formatting title: Meet Joe Black","logger":"root","filename":"new_tropes_dag.py","lineno":66}
{"timestamp":"2025-12-19T10:53:47.709686Z","level":"info","event":"Formatting title: Meet John Doe","logger":"root","filename":"new_tropes_dag.py","lineno":66}
{"timestamp":"2025-12-19T10:53:47.709709Z","level":"info","event":"Formatting title: Megamind","logger":"root","filename":"new_tropes_dag.py","lineno":66}
{"timestamp":"2025-12-19T10:53:47.709733Z","level":"info","event":"Formatting title: Memento","logger":"root","filename":"new_tropes_dag.py","lineno":66}
{"timestamp":"2025-12-19T10:53:47.709757Z","level":"info","event":"Formatting title: Memoirs Of A Geisha","logger":"root","filename":"new_tropes_dag.py","lineno":66}
{"timestamp":"2025-12-19T10:53:47.709781Z","level":"info","event":"Formatting title: Memories Of Murder","logger":"root","filename":"new_tropes_dag.py","lineno":66}
{"timestamp":"2025-12-19T10:53:47.709805Z","level":"info","event":"Formatting title: Memory","logger":"root","filename":"new_tropes_dag.py","lineno":66}
{"timestamp":"2025-12-19T10:53:47.709828Z","level":"info","event":"Formatting title: Men In Black","logger":"root","filename":"new_tropes_dag.py","lineno":66}
{"timestamp":"2025-12-19T10:53:47.709852Z","level":"info","event":"Formatting title: Men In Black 3","logger":"root","filename":"new_tropes_dag.py","lineno":66}
{"timestamp":"2025-12-19T10:53:47.709907Z","level":"info","event":"Formatting title: Men Who Stare At Goats The","logger":"root","filename":"new_tropes_dag.py","lineno":66}
{"timestamp":"2025-12-19T10:53:47.709938Z","level":"info","event":"Formatting title: Menace 2 Society","logger":"root","filename":"new_tropes_dag.py","lineno":66}
{"timestamp":"2025-12-19T10:53:47.709965Z","level":"info","event":"Formatting title: Menu The","logger":"root","filename":"new_tropes_dag.py","lineno":66}
{"timestamp":"2025-12-19T10:53:47.709992Z","level":"info","event":"Formatting title: Metro","logger":"root","filename":"new_tropes_dag.py","lineno":66}
{"timestamp":"2025-12-19T10:53:47.710018Z","level":"info","event":"Formatting title: Miami Vice","logger":"root","filename":"new_tropes_dag.py","lineno":66}
{"timestamp":"2025-12-19T10:53:47.710044Z","level":"info","event":"Formatting title: Michael Clayton","logger":"root","filename":"new_tropes_dag.py","lineno":66}
{"timestamp":"2025-12-19T10:53:47.710069Z","level":"info","event":"Formatting title: Mid90s","logger":"root","filename":"new_tropes_dag.py","lineno":66}
{"timestamp":"2025-12-19T10:53:47.710094Z","level":"info","event":"Formatting title: Midnight Cowboy","logger":"root","filename":"new_tropes_dag.py","lineno":66}
{"timestamp":"2025-12-19T10:53:47.710119Z","level":"info","event":"Formatting title: Midnight Express","logger":"root","filename":"new_tropes_dag.py","lineno":66}
{"timestamp":"2025-12-19T10:53:47.710143Z","level":"info","event":"Formatting title: Midnight In Paris","logger":"root","filename":"new_tropes_dag.py","lineno":66}
{"timestamp":"2025-12-19T10:53:47.710168Z","level":"info","event":"Formatting title: Midnight Run","logger":"root","filename":"new_tropes_dag.py","lineno":66}
{"timestamp":"2025-12-19T10:53:47.710193Z","level":"info","event":"Formatting title: Midsommar","logger":"root","filename":"new_tropes_dag.py","lineno":66}
{"timestamp":"2025-12-19T10:53:47.710216Z","level":"info","event":"Formatting title: Midway","logger":"root","filename":"new_tropes_dag.py","lineno":66}
{"timestamp":"2025-12-19T10:53:47.710240Z","level":"info","event":"Formatting title: Mighty Joe Young","logger":"root","filename":"new_tropes_dag.py","lineno":66}
{"timestamp":"2025-12-19T10:53:47.710265Z","level":"info","event":"Formatting title: Mighty Morphin Power Rangers The Movie","logger":"root","filename":"new_tropes_dag.py","lineno":66}
{"timestamp":"2025-12-19T10:53:47.710290Z","level":"info","event":"Formatting title: Mikey And Nicky","logger":"root","filename":"new_tropes_dag.py","lineno":66}
{"timestamp":"2025-12-19T10:53:47.710314Z","level":"info","event":"Formatting title: Miles Ahead","logger":"root","filename":"new_tropes_dag.py","lineno":66}
{"timestamp":"2025-12-19T10:53:47.710339Z","level":"info","event":"Formatting title: Milk","logger":"root","filename":"new_tropes_dag.py","lineno":66}
{"timestamp":"2025-12-19T10:53:47.710363Z","level":"info","event":"Formatting title: Millers Crossing","logger":"root","filename":"new_tropes_dag.py","lineno":66}
{"timestamp":"2025-12-19T10:53:47.710387Z","level":"info","event":"Formatting title: Millers Girl","logger":"root","filename":"new_tropes_dag.py","lineno":66}
{"timestamp":"2025-12-19T10:53:47.710412Z","level":"info","event":"Formatting title: Million Dollar Baby","logger":"root","filename":"new_tropes_dag.py","lineno":66}
{"timestamp":"2025-12-19T10:53:47.710437Z","level":"info","event":"Formatting title: Mimic","logger":"root","filename":"new_tropes_dag.py","lineno":66}
{"timestamp":"2025-12-19T10:53:47.710463Z","level":"info","event":"Formatting title: Minari","logger":"root","filename":"new_tropes_dag.py","lineno":66}
{"timestamp":"2025-12-19T10:53:47.710488Z","level":"info","event":"Formatting title: Minis First Time","logger":"root","filename":"new_tropes_dag.py","lineno":66}
{"timestamp":"2025-12-19T10:53:47.710513Z","level":"info","event":"Formatting title: Minority Report","logger":"root","filename":"new_tropes_dag.py","lineno":66}
{"timestamp":"2025-12-19T10:53:47.710538Z","level":"info","event":"Formatting title: Miracle Worker The","logger":"root","filename":"new_tropes_dag.py","lineno":66}
{"timestamp":"2025-12-19T10:53:47.710562Z","level":"info","event":"Formatting title: Mirrors","logger":"root","filename":"new_tropes_dag.py","lineno":66}
{"timestamp":"2025-12-19T10:53:47.710585Z","level":"info","event":"Formatting title: Misery","logger":"root","filename":"new_tropes_dag.py","lineno":66}
{"timestamp":"2025-12-19T10:53:47.710609Z","level":"info","event":"Formatting title: Miss Congeniality","logger":"root","filename":"new_tropes_dag.py","lineno":66}
{"timestamp":"2025-12-19T10:53:47.710633Z","level":"info","event":"Formatting title: Miss Sloane","logger":"root","filename":"new_tropes_dag.py","lineno":66}
{"timestamp":"2025-12-19T10:53:47.710658Z","level":"info","event":"Formatting title: Mission Impossible","logger":"root","filename":"new_tropes_dag.py","lineno":66}
{"timestamp":"2025-12-19T10:53:47.710682Z","level":"info","event":"Formatting title: Mission Impossible 2","logger":"root","filename":"new_tropes_dag.py","lineno":66}
{"timestamp":"2025-12-19T10:53:47.710735Z","level":"info","event":"Formatting title: Mission Impossible 3","logger":"root","filename":"new_tropes_dag.py","lineno":66}
{"timestamp":"2025-12-19T10:53:47.710778Z","level":"info","event":"Formatting title: Mission Impossible Fallout","logger":"root","filename":"new_tropes_dag.py","lineno":66}
{"timestamp":"2025-12-19T10:53:47.710812Z","level":"info","event":"Formatting title: Mission Impossible Rogue Nation","logger":"root","filename":"new_tropes_dag.py","lineno":66}
{"timestamp":"2025-12-19T10:53:47.710841Z","level":"info","event":"Formatting title: Mission To Mars","logger":"root","filename":"new_tropes_dag.py","lineno":66}
{"timestamp":"2025-12-19T10:53:47.710868Z","level":"info","event":"Formatting title: Mollys Game","logger":"root","filename":"new_tropes_dag.py","lineno":66}
{"timestamp":"2025-12-19T10:53:47.710903Z","level":"info","event":"Formatting title: Moneyball","logger":"root","filename":"new_tropes_dag.py","lineno":66}
{"timestamp":"2025-12-19T10:53:47.710930Z","level":"info","event":"Formatting title: Monkeybone","logger":"root","filename":"new_tropes_dag.py","lineno":66}
{"timestamp":"2025-12-19T10:53:47.710955Z","level":"info","event":"Formatting title: Monster","logger":"root","filename":"new_tropes_dag.py","lineno":66}
{"timestamp":"2025-12-19T10:53:47.710980Z","level":"info","event":"Formatting title: Monsters Ball","logger":"root","filename":"new_tropes_dag.py","lineno":66}
{"timestamp":"2025-12-19T10:53:47.711005Z","level":"info","event":"Formatting title: Monsters Inc","logger":"root","filename":"new_tropes_dag.py","lineno":66}
{"timestamp":"2025-12-19T10:53:47.711031Z","level":"info","event":"Formatting title: Monsters University","logger":"root","filename":"new_tropes_dag.py","lineno":66}
{"timestamp":"2025-12-19T10:53:47.711056Z","level":"info","event":"Formatting title: Monte Carlo","logger":"root","filename":"new_tropes_dag.py","lineno":66}
{"timestamp":"2025-12-19T10:53:47.711081Z","level":"info","event":"Formatting title: Moon","logger":"root","filename":"new_tropes_dag.py","lineno":66}
{"timestamp":"2025-12-19T10:53:47.711106Z","level":"info","event":"Formatting title: Moonlight","logger":"root","filename":"new_tropes_dag.py","lineno":66}
{"timestamp":"2025-12-19T10:53:47.711131Z","level":"info","event":"Formatting title: Moonrise Kingdom","logger":"root","filename":"new_tropes_dag.py","lineno":66}
{"timestamp":"2025-12-19T10:53:47.711156Z","level":"info","event":"Formatting title: Moonstruck","logger":"root","filename":"new_tropes_dag.py","lineno":66}
{"timestamp":"2025-12-19T10:53:47.711179Z","level":"info","event":"Formatting title: Mother","logger":"root","filename":"new_tropes_dag.py","lineno":66}
{"timestamp":"2025-12-19T10:53:47.711203Z","level":"info","event":"Formatting title: Motherless Brooklyn","logger":"root","filename":"new_tropes_dag.py","lineno":66}
{"timestamp":"2025-12-19T10:53:47.711227Z","level":"info","event":"Formatting title: Moulin Rouge","logger":"root","filename":"new_tropes_dag.py","lineno":66}
{"timestamp":"2025-12-19T10:53:47.711251Z","level":"info","event":"Formatting title: Mr & Mrs Smith","logger":"root","filename":"new_tropes_dag.py","lineno":66}
{"timestamp":"2025-12-19T10:53:47.711277Z","level":"info","event":"Formatting title: Mr Blandings Builds His Dream House","logger":"root","filename":"new_tropes_dag.py","lineno":66}
{"timestamp":"2025-12-19T10:53:47.711302Z","level":"info","event":"Formatting title: Mr Brooks","logger":"root","filename":"new_tropes_dag.py","lineno":66}
{"timestamp":"2025-12-19T10:53:47.711327Z","level":"info","event":"Formatting title: Mr Deeds Goes To Town","logger":"root","filename":"new_tropes_dag.py","lineno":66}
{"timestamp":"2025-12-19T10:53:47.711351Z","level":"info","event":"Formatting title: Mr Hollands Opus","logger":"root","filename":"new_tropes_dag.py","lineno":66}
{"timestamp":"2025-12-19T10:53:47.711374Z","level":"info","event":"Formatting title: Mr Mom","logger":"root","filename":"new_tropes_dag.py","lineno":66}
{"timestamp":"2025-12-19T10:53:47.711398Z","level":"info","event":"Formatting title: Mr Nobody","logger":"root","filename":"new_tropes_dag.py","lineno":66}
{"timestamp":"2025-12-19T10:53:47.711422Z","level":"info","event":"Formatting title: Mr Right","logger":"root","filename":"new_tropes_dag.py","lineno":66}
{"timestamp":"2025-12-19T10:53:47.711446Z","level":"info","event":"Formatting title: Mr Turner","logger":"root","filename":"new_tropes_dag.py","lineno":66}
{"timestamp":"2025-12-19T10:53:47.711470Z","level":"info","event":"Formatting title: Mrs Brown","logger":"root","filename":"new_tropes_dag.py","lineno":66}
{"timestamp":"2025-12-19T10:53:47.711493Z","level":"info","event":"Formatting title: Mud","logger":"root","filename":"new_tropes_dag.py","lineno":66}
{"timestamp":"2025-12-19T10:53:47.711516Z","level":"info","event":"Formatting title: Mudbound","logger":"root","filename":"new_tropes_dag.py","lineno":66}
{"timestamp":"2025-12-19T10:53:47.711540Z","level":"info","event":"Formatting title: Mulan","logger":"root","filename":"new_tropes_dag.py","lineno":66}
{"timestamp":"2025-12-19T10:53:47.711563Z","level":"info","event":"Formatting title: Mulholland Dr","logger":"root","filename":"new_tropes_dag.py","lineno":66}
{"timestamp":"2025-12-19T10:53:47.711587Z","level":"info","event":"Formatting title: Mulholland Drive","logger":"root","filename":"new_tropes_dag.py","lineno":66}
{"timestamp":"2025-12-19T10:53:47.711610Z","level":"info","event":"Formatting title: Mumford","logger":"root","filename":"new_tropes_dag.py","lineno":66}
{"timestamp":"2025-12-19T10:53:47.711633Z","level":"info","event":"Formatting title: Mummy The","logger":"root","filename":"new_tropes_dag.py","lineno":66}
{"timestamp":"2025-12-19T10:53:47.711657Z","level":"info","event":"Formatting title: Murder On The Orient Express","logger":"root","filename":"new_tropes_dag.py","lineno":66}
{"timestamp":"2025-12-19T10:53:47.711680Z","level":"info","event":"Formatting title: Music Of The Heart","logger":"root","filename":"new_tropes_dag.py","lineno":66}
{"timestamp":"2025-12-19T10:53:47.711703Z","level":"info","event":"Formatting title: Mute Witness","logger":"root","filename":"new_tropes_dag.py","lineno":66}
{"timestamp":"2025-12-19T10:53:47.711726Z","level":"info","event":"Formatting title: My Best Friends Wedding","logger":"root","filename":"new_tropes_dag.py","lineno":66}
{"timestamp":"2025-12-19T10:53:47.711749Z","level":"info","event":"Formatting title: My Big Fat Greek Wedding 2","logger":"root","filename":"new_tropes_dag.py","lineno":66}
{"timestamp":"2025-12-19T10:53:47.711773Z","level":"info","event":"Formatting title: My Cousin Vinny","logger":"root","filename":"new_tropes_dag.py","lineno":66}
{"timestamp":"2025-12-19T10:53:47.711797Z","level":"info","event":"Formatting title: My Demon Lover","logger":"root","filename":"new_tropes_dag.py","lineno":66}
{"timestamp":"2025-12-19T10:53:47.711822Z","level":"info","event":"Formatting title: My Friend Dahmer","logger":"root","filename":"new_tropes_dag.py","lineno":66}
{"timestamp":"2025-12-19T10:53:47.711847Z","level":"info","event":"Formatting title: My Girl","logger":"root","filename":"new_tropes_dag.py","lineno":66}
{"timestamp":"2025-12-19T10:53:47.711890Z","level":"info","event":"Formatting title: My Mother Dreams The Satans Disciples In New York","logger":"root","filename":"new_tropes_dag.py","lineno":66}
{"timestamp":"2025-12-19T10:53:47.711928Z","level":"info","event":"Formatting title: My Old Ass","logger":"root","filename":"new_tropes_dag.py","lineno":66}
{"timestamp":"2025-12-19T10:53:47.711960Z","level":"info","event":"Formatting title: My Policeman","logger":"root","filename":"new_tropes_dag.py","lineno":66}
{"timestamp":"2025-12-19T10:53:47.711987Z","level":"info","event":"Formatting title: My Week With Marilyn","logger":"root","filename":"new_tropes_dag.py","lineno":66}
{"timestamp":"2025-12-19T10:53:47.712013Z","level":"info","event":"Formatting title: Mystery Men","logger":"root","filename":"new_tropes_dag.py","lineno":66}
{"timestamp":"2025-12-19T10:53:47.712039Z","level":"info","event":"Formatting title: Naked Gun 33 1/3 The Final Insult","logger":"root","filename":"new_tropes_dag.py","lineno":66}
{"timestamp":"2025-12-19T10:53:47.712065Z","level":"info","event":"Formatting title: Nanny","logger":"root","filename":"new_tropes_dag.py","lineno":66}
{"timestamp":"2025-12-19T10:53:47.712092Z","level":"info","event":"Formatting title: Napoleon","logger":"root","filename":"new_tropes_dag.py","lineno":66}
{"timestamp":"2025-12-19T10:53:47.712118Z","level":"info","event":"Formatting title: Napoleon Dynamite","logger":"root","filename":"new_tropes_dag.py","lineno":66}
{"timestamp":"2025-12-19T10:53:47.712144Z","level":"info","event":"Formatting title: Nashville","logger":"root","filename":"new_tropes_dag.py","lineno":66}
{"timestamp":"2025-12-19T10:53:47.712173Z","level":"info","event":"Formatting title: National Lampoons Animal House","logger":"root","filename":"new_tropes_dag.py","lineno":66}
{"timestamp":"2025-12-19T10:53:47.712202Z","level":"info","event":"Formatting title: National Lampoons Christmas Vacation","logger":"root","filename":"new_tropes_dag.py","lineno":66}
{"timestamp":"2025-12-19T10:53:47.712229Z","level":"info","event":"Formatting title: National Lampoons European Vacation","logger":"root","filename":"new_tropes_dag.py","lineno":66}
{"timestamp":"2025-12-19T10:53:47.712255Z","level":"info","event":"Formatting title: National Lampoons Vacation","logger":"root","filename":"new_tropes_dag.py","lineno":66}
{"timestamp":"2025-12-19T10:53:47.712281Z","level":"info","event":"Formatting title: National Treasure","logger":"root","filename":"new_tropes_dag.py","lineno":66}
{"timestamp":"2025-12-19T10:53:47.712306Z","level":"info","event":"Formatting title: Natural Born Killers","logger":"root","filename":"new_tropes_dag.py","lineno":66}
{"timestamp":"2025-12-19T10:53:47.712330Z","level":"info","event":"Formatting title: Near Dark","logger":"root","filename":"new_tropes_dag.py","lineno":66}
{"timestamp":"2025-12-19T10:53:47.712355Z","level":"info","event":"Formatting title: Nebraska","logger":"root","filename":"new_tropes_dag.py","lineno":66}
{"timestamp":"2025-12-19T10:53:47.712380Z","level":"info","event":"Formatting title: Nell","logger":"root","filename":"new_tropes_dag.py","lineno":66}
{"timestamp":"2025-12-19T10:53:47.712408Z","level":"info","event":"Formatting title: Network","logger":"root","filename":"new_tropes_dag.py","lineno":66}
{"timestamp":"2025-12-19T10:53:47.712437Z","level":"info","event":"Formatting title: Never Been Kissed","logger":"root","filename":"new_tropes_dag.py","lineno":66}
{"timestamp":"2025-12-19T10:53:47.712463Z","level":"info","event":"Formatting title: Never Look Away","logger":"root","filename":"new_tropes_dag.py","lineno":66}
{"timestamp":"2025-12-19T10:53:47.712488Z","level":"info","event":"Formatting title: Never Rarely Sometimes Always","logger":"root","filename":"new_tropes_dag.py","lineno":66}
{"timestamp":"2025-12-19T10:53:47.712512Z","level":"info","event":"Formatting title: Neverending Story The","logger":"root","filename":"new_tropes_dag.py","lineno":66}
{"timestamp":"2025-12-19T10:53:47.712538Z","level":"info","event":"Formatting title: New Jack City","logger":"root","filename":"new_tropes_dag.py","lineno":66}
{"timestamp":"2025-12-19T10:53:47.712566Z","level":"info","event":"Formatting title: New York Minute","logger":"root","filename":"new_tropes_dag.py","lineno":66}
{"timestamp":"2025-12-19T10:53:47.712636Z","level":"info","event":"Formatting title: Newsies","logger":"root","filename":"new_tropes_dag.py","lineno":66}
{"timestamp":"2025-12-19T10:53:47.712676Z","level":"info","event":"Formatting title: Next","logger":"root","filename":"new_tropes_dag.py","lineno":66}
{"timestamp":"2025-12-19T10:53:47.712705Z","level":"info","event":"Formatting title: Next Friday","logger":"root","filename":"new_tropes_dag.py","lineno":66}
{"timestamp":"2025-12-19T10:53:47.712732Z","level":"info","event":"Formatting title: Next Three Days The","logger":"root","filename":"new_tropes_dag.py","lineno":66}
{"timestamp":"2025-12-19T10:53:47.712761Z","level":"info","event":"Formatting title: Ni Vu Ni Connu","logger":"root","filename":"new_tropes_dag.py","lineno":66}
{"timestamp":"2025-12-19T10:53:47.712786Z","level":"info","event":"Formatting title: Nick And Norahs Infinite Playlist","logger":"root","filename":"new_tropes_dag.py","lineno":66}
{"timestamp":"2025-12-19T10:53:47.712813Z","level":"info","event":"Formatting title: Nick Of Time","logger":"root","filename":"new_tropes_dag.py","lineno":66}
{"timestamp":"2025-12-19T10:53:47.712838Z","level":"info","event":"Formatting title: Nickel Boys","logger":"root","filename":"new_tropes_dag.py","lineno":66}
{"timestamp":"2025-12-19T10:53:47.712863Z","level":"info","event":"Formatting title: Night Nurse","logger":"root","filename":"new_tropes_dag.py","lineno":66}
{"timestamp":"2025-12-19T10:53:47.712887Z","level":"info","event":"Formatting title: Night Of The Demons","logger":"root","filename":"new_tropes_dag.py","lineno":66}
{"timestamp":"2025-12-19T10:53:47.712928Z","level":"info","event":"Formatting title: Night Of The Living Dead","logger":"root","filename":"new_tropes_dag.py","lineno":66}
{"timestamp":"2025-12-19T10:53:47.712964Z","level":"info","event":"Formatting title: Night Time (the Poltergeist Treatment)","logger":"root","filename":"new_tropes_dag.py","lineno":66}
{"timestamp":"2025-12-19T10:53:47.712994Z","level":"info","event":"Formatting title: Nightbitch","logger":"root","filename":"new_tropes_dag.py","lineno":66}
{"timestamp":"2025-12-19T10:53:47.713022Z","level":"info","event":"Formatting title: Nightbreed","logger":"root","filename":"new_tropes_dag.py","lineno":66}
{"timestamp":"2025-12-19T10:53:47.713049Z","level":"info","event":"Formatting title: Nightcrawler","logger":"root","filename":"new_tropes_dag.py","lineno":66}
{"timestamp":"2025-12-19T10:53:47.713077Z","level":"info","event":"Formatting title: Nightmare Alley","logger":"root","filename":"new_tropes_dag.py","lineno":66}
{"timestamp":"2025-12-19T10:53:47.713109Z","level":"info","event":"Formatting title: Nightmare Before Christmas The","logger":"root","filename":"new_tropes_dag.py","lineno":66}
{"timestamp":"2025-12-19T10:53:47.713140Z","level":"info","event":"Formatting title: Nightmare Before Christmas The","logger":"root","filename":"new_tropes_dag.py","lineno":66}
{"timestamp":"2025-12-19T10:53:47.713174Z","level":"info","event":"Formatting title: Nightmare On Elm Street A","logger":"root","filename":"new_tropes_dag.py","lineno":66}
{"timestamp":"2025-12-19T10:53:47.713204Z","level":"info","event":"Formatting title: Nightmare On Elm Street The Final Chapter","logger":"root","filename":"new_tropes_dag.py","lineno":66}
{"timestamp":"2025-12-19T10:53:47.713230Z","level":"info","event":"Formatting title: Nine","logger":"root","filename":"new_tropes_dag.py","lineno":66}
{"timestamp":"2025-12-19T10:53:47.713255Z","level":"info","event":"Formatting title: Nine Days","logger":"root","filename":"new_tropes_dag.py","lineno":66}
{"timestamp":"2025-12-19T10:53:47.713282Z","level":"info","event":"Formatting title: Nines The","logger":"root","filename":"new_tropes_dag.py","lineno":66}
{"timestamp":"2025-12-19T10:53:47.713315Z","level":"info","event":"Formatting title: Ninja Assassin","logger":"root","filename":"new_tropes_dag.py","lineno":66}
{"timestamp":"2025-12-19T10:53:47.713342Z","level":"info","event":"Formatting title: Ninotchka","logger":"root","filename":"new_tropes_dag.py","lineno":66}
{"timestamp":"2025-12-19T10:53:47.713368Z","level":"info","event":"Formatting title: Ninth Gate The","logger":"root","filename":"new_tropes_dag.py","lineno":66}
{"timestamp":"2025-12-19T10:53:47.713393Z","level":"info","event":"Formatting title: Nixon","logger":"root","filename":"new_tropes_dag.py","lineno":66}
{"timestamp":"2025-12-19T10:53:47.713421Z","level":"info","event":"Formatting title: No Country For Old Men","logger":"root","filename":"new_tropes_dag.py","lineno":66}
{"timestamp":"2025-12-19T10:53:47.713448Z","level":"info","event":"Formatting title: No Hard Feelings","logger":"root","filename":"new_tropes_dag.py","lineno":66}
{"timestamp":"2025-12-19T10:53:47.713474Z","level":"info","event":"Formatting title: No One Will Save You","logger":"root","filename":"new_tropes_dag.py","lineno":66}
{"timestamp":"2025-12-19T10:53:47.713499Z","level":"info","event":"Formatting title: No Strings Attached","logger":"root","filename":"new_tropes_dag.py","lineno":66}
{"timestamp":"2025-12-19T10:53:47.713523Z","level":"info","event":"Formatting title: No Time To Die","logger":"root","filename":"new_tropes_dag.py","lineno":66}
{"timestamp":"2025-12-19T10:53:47.713555Z","level":"info","event":"Formatting title: Nocturnal Animals","logger":"root","filename":"new_tropes_dag.py","lineno":66}
{"timestamp":"2025-12-19T10:53:47.713586Z","level":"info","event":"Formatting title: Nomadland","logger":"root","filename":"new_tropes_dag.py","lineno":66}
{"timestamp":"2025-12-19T10:53:47.713617Z","level":"info","event":"Formatting title: Nope","logger":"root","filename":"new_tropes_dag.py","lineno":66}
{"timestamp":"2025-12-19T10:53:47.713644Z","level":"info","event":"Formatting title: Norma Rae","logger":"root","filename":"new_tropes_dag.py","lineno":66}
{"timestamp":"2025-12-19T10:53:47.713672Z","level":"info","event":"Formatting title: North By Northwest","logger":"root","filename":"new_tropes_dag.py","lineno":66}
{"timestamp":"2025-12-19T10:53:47.713705Z","level":"info","event":"Formatting title: Nosferatu","logger":"root","filename":"new_tropes_dag.py","lineno":66}
{"timestamp":"2025-12-19T10:53:47.713735Z","level":"info","event":"Formatting title: Not Easily Broken","logger":"root","filename":"new_tropes_dag.py","lineno":66}
{"timestamp":"2025-12-19T10:53:47.713761Z","level":"info","event":"Formatting title: Notorious","logger":"root","filename":"new_tropes_dag.py","lineno":66}
{"timestamp":"2025-12-19T10:53:47.713786Z","level":"info","event":"Formatting title: Notting Hill","logger":"root","filename":"new_tropes_dag.py","lineno":66}
{"timestamp":"2025-12-19T10:53:47.713821Z","level":"info","event":"Formatting title: Now You See Me","logger":"root","filename":"new_tropes_dag.py","lineno":66}
{"timestamp":"2025-12-19T10:53:47.713849Z","level":"info","event":"Formatting title: Nowhere Boy","logger":"root","filename":"new_tropes_dag.py","lineno":66}
{"timestamp":"2025-12-19T10:53:47.713893Z","level":"info","event":"Formatting title: Nurse Betty","logger":"root","filename":"new_tropes_dag.py","lineno":66}
{"timestamp":"2025-12-19T10:53:47.713931Z","level":"info","event":"Formatting title: O Brother Where Art Thou","logger":"root","filename":"new_tropes_dag.py","lineno":66}
{"timestamp":"2025-12-19T10:53:47.713964Z","level":"info","event":"Formatting title: Oblivion","logger":"root","filename":"new_tropes_dag.py","lineno":66}
{"timestamp":"2025-12-19T10:53:47.713997Z","level":"info","event":"Formatting title: Observe And Report","logger":"root","filename":"new_tropes_dag.py","lineno":66}
{"timestamp":"2025-12-19T10:53:47.714031Z","level":"info","event":"Formatting title: Obsessed","logger":"root","filename":"new_tropes_dag.py","lineno":66}
{"timestamp":"2025-12-19T10:53:47.714065Z","level":"info","event":"Formatting title: Oceans 8","logger":"root","filename":"new_tropes_dag.py","lineno":66}
{"timestamp":"2025-12-19T10:53:47.714092Z","level":"info","event":"Formatting title: Oceans Eleven","logger":"root","filename":"new_tropes_dag.py","lineno":66}
{"timestamp":"2025-12-19T10:53:47.714120Z","level":"info","event":"Formatting title: Oceans Twelve","logger":"root","filename":"new_tropes_dag.py","lineno":66}
{"timestamp":"2025-12-19T10:53:47.714150Z","level":"info","event":"Formatting title: Octopussy","logger":"root","filename":"new_tropes_dag.py","lineno":66}
{"timestamp":"2025-12-19T10:53:47.714175Z","level":"info","event":"Formatting title: Oculus","logger":"root","filename":"new_tropes_dag.py","lineno":66}
{"timestamp":"2025-12-19T10:53:47.714204Z","level":"info","event":"Formatting title: Office Space","logger":"root","filename":"new_tropes_dag.py","lineno":66}
{"timestamp":"2025-12-19T10:53:47.714233Z","level":"info","event":"Formatting title: Officer And A Gentleman An","logger":"root","filename":"new_tropes_dag.py","lineno":66}
{"timestamp":"2025-12-19T10:53:47.714263Z","level":"info","event":"Formatting title: Okja","logger":"root","filename":"new_tropes_dag.py","lineno":66}
{"timestamp":"2025-12-19T10:53:47.714288Z","level":"info","event":"Formatting title: Olympus Has Fallen","logger":"root","filename":"new_tropes_dag.py","lineno":66}
{"timestamp":"2025-12-19T10:53:47.714313Z","level":"info","event":"Formatting title: Omega Man","logger":"root","filename":"new_tropes_dag.py","lineno":66}
{"timestamp":"2025-12-19T10:53:47.714338Z","level":"info","event":"Formatting title: On The Basis Of Sex","logger":"root","filename":"new_tropes_dag.py","lineno":66}
{"timestamp":"2025-12-19T10:53:47.714363Z","level":"info","event":"Formatting title: Once Upon A Time In America","logger":"root","filename":"new_tropes_dag.py","lineno":66}
{"timestamp":"2025-12-19T10:53:47.714391Z","level":"info","event":"Formatting title: Once Upon A Time In Mexico","logger":"root","filename":"new_tropes_dag.py","lineno":66}
{"timestamp":"2025-12-19T10:53:47.714419Z","level":"info","event":"Formatting title: One Eight Seven","logger":"root","filename":"new_tropes_dag.py","lineno":66}
{"timestamp":"2025-12-19T10:53:47.714446Z","level":"info","event":"Formatting title: One Flew Over The Cuckoos Nest","logger":"root","filename":"new_tropes_dag.py","lineno":66}
{"timestamp":"2025-12-19T10:53:47.714471Z","level":"info","event":"Formatting title: One Night In Miami","logger":"root","filename":"new_tropes_dag.py","lineno":66}
{"timestamp":"2025-12-19T10:53:47.714499Z","level":"info","event":"Formatting title: Only God Forgives","logger":"root","filename":"new_tropes_dag.py","lineno":66}
{"timestamp":"2025-12-19T10:53:47.714527Z","level":"info","event":"Formatting title: Only Lovers Left Alive","logger":"root","filename":"new_tropes_dag.py","lineno":66}
{"timestamp":"2025-12-19T10:53:47.714551Z","level":"info","event":"Formatting title: Only The Brave","logger":"root","filename":"new_tropes_dag.py","lineno":66}
{"timestamp":"2025-12-19T10:53:47.714575Z","level":"info","event":"Formatting title: Onward","logger":"root","filename":"new_tropes_dag.py","lineno":66}
{"timestamp":"2025-12-19T10:53:47.714598Z","level":"info","event":"Formatting title: Oppenheimer","logger":"root","filename":"new_tropes_dag.py","lineno":66}
{"timestamp":"2025-12-19T10:53:47.714622Z","level":"info","event":"Formatting title: Ordinary People","logger":"root","filename":"new_tropes_dag.py","lineno":66}
{"timestamp":"2025-12-19T10:53:47.714646Z","level":"info","event":"Formatting title: Orgy Of The Dead","logger":"root","filename":"new_tropes_dag.py","lineno":66}
{"timestamp":"2025-12-19T10:53:47.714672Z","level":"info","event":"Formatting title: Origin","logger":"root","filename":"new_tropes_dag.py","lineno":66}
{"timestamp":"2025-12-19T10:53:47.714699Z","level":"info","event":"Formatting title: Orphan","logger":"root","filename":"new_tropes_dag.py","lineno":66}
{"timestamp":"2025-12-19T10:53:47.714723Z","level":"info","event":"Formatting title: Other Boleyn Girl The","logger":"root","filename":"new_tropes_dag.py","lineno":66}
{"timestamp":"2025-12-19T10:53:47.714747Z","level":"info","event":"Formatting title: Ouija","logger":"root","filename":"new_tropes_dag.py","lineno":66}
{"timestamp":"2025-12-19T10:53:47.714771Z","level":"info","event":"Formatting title: Out Of Africa","logger":"root","filename":"new_tropes_dag.py","lineno":66}
{"timestamp":"2025-12-19T10:53:47.714799Z","level":"info","event":"Formatting title: Out Of Sight","logger":"root","filename":"new_tropes_dag.py","lineno":66}
{"timestamp":"2025-12-19T10:53:47.714825Z","level":"info","event":"Formatting title: Outbreak","logger":"root","filename":"new_tropes_dag.py","lineno":66}
{"timestamp":"2025-12-19T10:53:47.714859Z","level":"info","event":"Formatting title: Outlaw King","logger":"root","filename":"new_tropes_dag.py","lineno":66}
{"timestamp":"2025-12-19T10:53:47.714888Z","level":"info","event":"Formatting title: Over The Moon","logger":"root","filename":"new_tropes_dag.py","lineno":66}
{"timestamp":"2025-12-19T10:53:47.714918Z","level":"info","event":"Formatting title: Overboard","logger":"root","filename":"new_tropes_dag.py","lineno":66}
{"timestamp":"2025-12-19T10:53:47.714942Z","level":"info","event":"Formatting title: Overboard","logger":"root","filename":"new_tropes_dag.py","lineno":66}
{"timestamp":"2025-12-19T10:53:47.714966Z","level":"info","event":"Formatting title: Overlord","logger":"root","filename":"new_tropes_dag.py","lineno":66}
{"timestamp":"2025-12-19T10:53:47.714990Z","level":"info","event":"Formatting title: Pacific Rim","logger":"root","filename":"new_tropes_dag.py","lineno":66}
{"timestamp":"2025-12-19T10:53:47.715013Z","level":"info","event":"Formatting title: Pacifier The","logger":"root","filename":"new_tropes_dag.py","lineno":66}
{"timestamp":"2025-12-19T10:53:47.715037Z","level":"info","event":"Formatting title: Paddington 2","logger":"root","filename":"new_tropes_dag.py","lineno":66}
{"timestamp":"2025-12-19T10:53:47.715059Z","level":"info","event":"Formatting title: Pain And Glory","logger":"root","filename":"new_tropes_dag.py","lineno":66}
{"timestamp":"2025-12-19T10:53:47.715082Z","level":"info","event":"Formatting title: Palm Springs","logger":"root","filename":"new_tropes_dag.py","lineno":66}
{"timestamp":"2025-12-19T10:53:47.715105Z","level":"info","event":"Formatting title: Pandorum","logger":"root","filename":"new_tropes_dag.py","lineno":66}
{"timestamp":"2025-12-19T10:53:47.715127Z","level":"info","event":"Formatting title: Panic Room","logger":"root","filename":"new_tropes_dag.py","lineno":66}
{"timestamp":"2025-12-19T10:53:47.715151Z","level":"info","event":"Formatting title: Pans Labyrinth","logger":"root","filename":"new_tropes_dag.py","lineno":66}
{"timestamp":"2025-12-19T10:53:47.715174Z","level":"info","event":"Formatting title: Papadopoulos & Sons","logger":"root","filename":"new_tropes_dag.py","lineno":66}
{"timestamp":"2025-12-19T10:53:47.715198Z","level":"info","event":"Formatting title: Paper Moon","logger":"root","filename":"new_tropes_dag.py","lineno":66}
{"timestamp":"2025-12-19T10:53:47.715221Z","level":"info","event":"Formatting title: Papillon","logger":"root","filename":"new_tropes_dag.py","lineno":66}
{"timestamp":"2025-12-19T10:53:47.769928Z","level":"info","event":"Formatting title: Paradise","logger":"root","filename":"new_tropes_dag.py","lineno":66}
{"timestamp":"2025-12-19T10:53:47.770091Z","level":"info","event":"Formatting title: Parallel Mothers","logger":"root","filename":"new_tropes_dag.py","lineno":66}
{"timestamp":"2025-12-19T10:53:47.770152Z","level":"info","event":"Formatting title: Paranorman","logger":"root","filename":"new_tropes_dag.py","lineno":66}
{"timestamp":"2025-12-19T10:53:47.770199Z","level":"info","event":"Formatting title: Parasite","logger":"root","filename":"new_tropes_dag.py","lineno":66}
{"timestamp":"2025-12-19T10:53:47.770238Z","level":"info","event":"Formatting title: Pariah","logger":"root","filename":"new_tropes_dag.py","lineno":66}
{"timestamp":"2025-12-19T10:53:47.770274Z","level":"info","event":"Formatting title: Passengers","logger":"root","filename":"new_tropes_dag.py","lineno":66}
{"timestamp":"2025-12-19T10:53:47.770311Z","level":"info","event":"Formatting title: Passing","logger":"root","filename":"new_tropes_dag.py","lineno":66}
{"timestamp":"2025-12-19T10:53:47.770347Z","level":"info","event":"Formatting title: Passion Of Joan Of Arc The","logger":"root","filename":"new_tropes_dag.py","lineno":66}
{"timestamp":"2025-12-19T10:53:47.770386Z","level":"info","event":"Formatting title: Past Lives","logger":"root","filename":"new_tropes_dag.py","lineno":66}
{"timestamp":"2025-12-19T10:53:47.770427Z","level":"info","event":"Formatting title: Patriot The","logger":"root","filename":"new_tropes_dag.py","lineno":66}
{"timestamp":"2025-12-19T10:53:47.770467Z","level":"info","event":"Formatting title: Paul","logger":"root","filename":"new_tropes_dag.py","lineno":66}
{"timestamp":"2025-12-19T10:53:47.770537Z","level":"info","event":"Formatting title: Pawn Sacrifice","logger":"root","filename":"new_tropes_dag.py","lineno":66}
{"timestamp":"2025-12-19T10:53:47.770602Z","level":"info","event":"Formatting title: Pearl Harbor","logger":"root","filename":"new_tropes_dag.py","lineno":66}
{"timestamp":"2025-12-19T10:53:47.770644Z","level":"info","event":"Formatting title: Peeping Tom","logger":"root","filename":"new_tropes_dag.py","lineno":66}
{"timestamp":"2025-12-19T10:53:47.770683Z","level":"info","event":"Formatting title: Peggy Sue Got Married","logger":"root","filename":"new_tropes_dag.py","lineno":66}
{"timestamp":"2025-12-19T10:53:47.770720Z","level":"info","event":"Formatting title: Perfect Creature","logger":"root","filename":"new_tropes_dag.py","lineno":66}
{"timestamp":"2025-12-19T10:53:47.770756Z","level":"info","event":"Formatting title: Perfect World A","logger":"root","filename":"new_tropes_dag.py","lineno":66}
{"timestamp":"2025-12-19T10:53:47.770791Z","level":"info","event":"Formatting title: Perks Of Being A Wallflower The","logger":"root","filename":"new_tropes_dag.py","lineno":66}
{"timestamp":"2025-12-19T10:53:47.770830Z","level":"info","event":"Formatting title: Persian Version The","logger":"root","filename":"new_tropes_dag.py","lineno":66}
{"timestamp":"2025-12-19T10:53:47.770870Z","level":"info","event":"Formatting title: Personal Best","logger":"root","filename":"new_tropes_dag.py","lineno":66}
{"timestamp":"2025-12-19T10:53:47.770908Z","level":"info","event":"Formatting title: Pet Sematary","logger":"root","filename":"new_tropes_dag.py","lineno":66}
{"timestamp":"2025-12-19T10:53:47.770944Z","level":"info","event":"Formatting title: Pet Sematary 2","logger":"root","filename":"new_tropes_dag.py","lineno":66}
{"timestamp":"2025-12-19T10:53:47.770989Z","level":"info","event":"Formatting title: Petulia","logger":"root","filename":"new_tropes_dag.py","lineno":66}
{"timestamp":"2025-12-19T10:53:47.771028Z","level":"info","event":"Formatting title: Phantom Of The Opera","logger":"root","filename":"new_tropes_dag.py","lineno":66}
{"timestamp":"2025-12-19T10:53:47.771062Z","level":"info","event":"Formatting title: Phantom Thread","logger":"root","filename":"new_tropes_dag.py","lineno":66}
{"timestamp":"2025-12-19T10:53:47.771098Z","level":"info","event":"Formatting title: Philadelphia","logger":"root","filename":"new_tropes_dag.py","lineno":66}
{"timestamp":"2025-12-19T10:53:47.771132Z","level":"info","event":"Formatting title: Phone Booth","logger":"root","filename":"new_tropes_dag.py","lineno":66}
{"timestamp":"2025-12-19T10:53:47.771167Z","level":"info","event":"Formatting title: Pi","logger":"root","filename":"new_tropes_dag.py","lineno":66}
{"timestamp":"2025-12-19T10:53:47.771201Z","level":"info","event":"Formatting title: Pianist The","logger":"root","filename":"new_tropes_dag.py","lineno":66}
{"timestamp":"2025-12-19T10:53:47.771239Z","level":"info","event":"Formatting title: Piano The","logger":"root","filename":"new_tropes_dag.py","lineno":66}
{"timestamp":"2025-12-19T10:53:47.771279Z","level":"info","event":"Formatting title: Picnic At Hanging Rock","logger":"root","filename":"new_tropes_dag.py","lineno":66}
{"timestamp":"2025-12-19T10:53:47.771313Z","level":"info","event":"Formatting title: Pineapple Express","logger":"root","filename":"new_tropes_dag.py","lineno":66}
{"timestamp":"2025-12-19T10:53:47.771348Z","level":"info","event":"Formatting title: Pirates Of The Caribbean","logger":"root","filename":"new_tropes_dag.py","lineno":66}
{"timestamp":"2025-12-19T10:53:47.771390Z","level":"info","event":"Formatting title: Pirates Of The Caribbean At Worlds End","logger":"root","filename":"new_tropes_dag.py","lineno":66}
{"timestamp":"2025-12-19T10:53:47.771436Z","level":"info","event":"Formatting title: Pirates Of The Caribbean Dead Mans Chest","logger":"root","filename":"new_tropes_dag.py","lineno":66}
{"timestamp":"2025-12-19T10:53:47.771471Z","level":"info","event":"Formatting title: Pirates Of The Caribbean Dead Men Tell No Tales","logger":"root","filename":"new_tropes_dag.py","lineno":66}
{"timestamp":"2025-12-19T10:53:47.771511Z","level":"info","event":"Formatting title: Pirates Of The Caribbean On Stranger Tides","logger":"root","filename":"new_tropes_dag.py","lineno":66}
{"timestamp":"2025-12-19T10:53:47.771550Z","level":"info","event":"Formatting title: Pirates Of The Caribbean The Curse Of The Black Pearl","logger":"root","filename":"new_tropes_dag.py","lineno":66}
{"timestamp":"2025-12-19T10:53:47.771630Z","level":"info","event":"Formatting title: Pitch Black","logger":"root","filename":"new_tropes_dag.py","lineno":66}
{"timestamp":"2025-12-19T10:53:47.771685Z","level":"info","event":"Formatting title: Pitch Perfect","logger":"root","filename":"new_tropes_dag.py","lineno":66}
{"timestamp":"2025-12-19T10:53:47.771724Z","level":"info","event":"Formatting title: Pitch Perfect 2","logger":"root","filename":"new_tropes_dag.py","lineno":66}
{"timestamp":"2025-12-19T10:53:47.771783Z","level":"info","event":"Formatting title: Pixels","logger":"root","filename":"new_tropes_dag.py","lineno":66}
{"timestamp":"2025-12-19T10:53:47.771828Z","level":"info","event":"Formatting title: Planes Trains & Automobiles","logger":"root","filename":"new_tropes_dag.py","lineno":66}
{"timestamp":"2025-12-19T10:53:47.771867Z","level":"info","event":"Formatting title: Planet Of The Apes","logger":"root","filename":"new_tropes_dag.py","lineno":66}
{"timestamp":"2025-12-19T10:53:47.771903Z","level":"info","event":"Formatting title: Planet Of The Apes The","logger":"root","filename":"new_tropes_dag.py","lineno":66}
{"timestamp":"2025-12-19T10:53:47.771940Z","level":"info","event":"Formatting title: Platinum Blonde","logger":"root","filename":"new_tropes_dag.py","lineno":66}
{"timestamp":"2025-12-19T10:53:47.771975Z","level":"info","event":"Formatting title: Platoon","logger":"root","filename":"new_tropes_dag.py","lineno":66}
{"timestamp":"2025-12-19T10:53:47.772009Z","level":"info","event":"Formatting title: Pleasantville","logger":"root","filename":"new_tropes_dag.py","lineno":66}
{"timestamp":"2025-12-19T10:53:47.772042Z","level":"info","event":"Formatting title: Please Give","logger":"root","filename":"new_tropes_dag.py","lineno":66}
{"timestamp":"2025-12-19T10:53:47.772076Z","level":"info","event":"Formatting title: Poetic Justice","logger":"root","filename":"new_tropes_dag.py","lineno":66}
{"timestamp":"2025-12-19T10:53:47.772109Z","level":"info","event":"Formatting title: Point Break","logger":"root","filename":"new_tropes_dag.py","lineno":66}
{"timestamp":"2025-12-19T10:53:47.772142Z","level":"info","event":"Formatting title: Pokemon Mewtwo Returns","logger":"root","filename":"new_tropes_dag.py","lineno":66}
{"timestamp":"2025-12-19T10:53:47.772174Z","level":"info","event":"Formatting title: Police Academy","logger":"root","filename":"new_tropes_dag.py","lineno":66}
{"timestamp":"2025-12-19T10:53:47.772207Z","level":"info","event":"Formatting title: Police Academy 2 Their First Assignment","logger":"root","filename":"new_tropes_dag.py","lineno":66}
{"timestamp":"2025-12-19T10:53:47.772240Z","level":"info","event":"Formatting title: Police Academy 3 Back In Training","logger":"root","filename":"new_tropes_dag.py","lineno":66}
{"timestamp":"2025-12-19T10:53:47.772276Z","level":"info","event":"Formatting title: Poltergeist","logger":"root","filename":"new_tropes_dag.py","lineno":66}
{"timestamp":"2025-12-19T10:53:47.772314Z","level":"info","event":"Formatting title: Poor Things","logger":"root","filename":"new_tropes_dag.py","lineno":66}
{"timestamp":"2025-12-19T10:53:47.772348Z","level":"info","event":"Formatting title: Popstar Never Stop Never Stopping","logger":"root","filename":"new_tropes_dag.py","lineno":66}
{"timestamp":"2025-12-19T10:53:47.772380Z","level":"info","event":"Formatting title: Porkys","logger":"root","filename":"new_tropes_dag.py","lineno":66}
{"timestamp":"2025-12-19T10:53:47.772412Z","level":"info","event":"Formatting title: Porkys Revenge","logger":"root","filename":"new_tropes_dag.py","lineno":66}
{"timestamp":"2025-12-19T10:53:47.772444Z","level":"info","event":"Formatting title: Postcards From The Edge","logger":"root","filename":"new_tropes_dag.py","lineno":66}
{"timestamp":"2025-12-19T10:53:47.772477Z","level":"info","event":"Formatting title: Postman The","logger":"root","filename":"new_tropes_dag.py","lineno":66}
{"timestamp":"2025-12-19T10:53:47.772515Z","level":"info","event":"Formatting title: Power Of One The","logger":"root","filename":"new_tropes_dag.py","lineno":66}
{"timestamp":"2025-12-19T10:53:47.772551Z","level":"info","event":"Formatting title: Precious","logger":"root","filename":"new_tropes_dag.py","lineno":66}
{"timestamp":"2025-12-19T10:53:47.772584Z","level":"info","event":"Formatting title: Predator","logger":"root","filename":"new_tropes_dag.py","lineno":66}
{"timestamp":"2025-12-19T10:53:47.772653Z","level":"info","event":"Formatting title: Predator 2","logger":"root","filename":"new_tropes_dag.py","lineno":66}
{"timestamp":"2025-12-19T10:53:47.772723Z","level":"info","event":"Formatting title: Predators","logger":"root","filename":"new_tropes_dag.py","lineno":66}
{"timestamp":"2025-12-19T10:53:47.772768Z","level":"info","event":"Formatting title: Prestige The","logger":"root","filename":"new_tropes_dag.py","lineno":66}
{"timestamp":"2025-12-19T10:53:47.772807Z","level":"info","event":"Formatting title: Pretty Woman","logger":"root","filename":"new_tropes_dag.py","lineno":66}
{"timestamp":"2025-12-19T10:53:47.772842Z","level":"info","event":"Formatting title: Pretty Woman (final Script)","logger":"root","filename":"new_tropes_dag.py","lineno":66}
{"timestamp":"2025-12-19T10:53:47.772876Z","level":"info","event":"Formatting title: Prey","logger":"root","filename":"new_tropes_dag.py","lineno":66}
{"timestamp":"2025-12-19T10:53:47.772910Z","level":"info","event":"Formatting title: Pride And Prejudice","logger":"root","filename":"new_tropes_dag.py","lineno":66}
{"timestamp":"2025-12-19T10:53:47.772944Z","level":"info","event":"Formatting title: Priest","logger":"root","filename":"new_tropes_dag.py","lineno":66}
{"timestamp":"2025-12-19T10:53:47.772977Z","level":"info","event":"Formatting title: Primary Colors","logger":"root","filename":"new_tropes_dag.py","lineno":66}
{"timestamp":"2025-12-19T10:53:47.773009Z","level":"info","event":"Formatting title: Prince Of Darkness","logger":"root","filename":"new_tropes_dag.py","lineno":66}
{"timestamp":"2025-12-19T10:53:47.773042Z","level":"info","event":"Formatting title: Princess Bride The","logger":"root","filename":"new_tropes_dag.py","lineno":66}
{"timestamp":"2025-12-19T10:53:47.773075Z","level":"info","event":"Formatting title: Priscilla","logger":"root","filename":"new_tropes_dag.py","lineno":66}
{"timestamp":"2025-12-19T10:53:47.773107Z","level":"info","event":"Formatting title: Prisoners","logger":"root","filename":"new_tropes_dag.py","lineno":66}
{"timestamp":"2025-12-19T10:53:47.773139Z","level":"info","event":"Formatting title: Private Life","logger":"root","filename":"new_tropes_dag.py","lineno":66}
{"timestamp":"2025-12-19T10:53:47.773176Z","level":"info","event":"Formatting title: Private Life Of Sherlock Holmes The","logger":"root","filename":"new_tropes_dag.py","lineno":66}
{"timestamp":"2025-12-19T10:53:47.773210Z","level":"info","event":"Formatting title: Producer The","logger":"root","filename":"new_tropes_dag.py","lineno":66}
{"timestamp":"2025-12-19T10:53:47.773243Z","level":"info","event":"Formatting title: Program The","logger":"root","filename":"new_tropes_dag.py","lineno":66}
{"timestamp":"2025-12-19T10:53:47.773276Z","level":"info","event":"Formatting title: Prom Night","logger":"root","filename":"new_tropes_dag.py","lineno":66}
{"timestamp":"2025-12-19T10:53:47.773311Z","level":"info","event":"Formatting title: Prometheus","logger":"root","filename":"new_tropes_dag.py","lineno":66}
{"timestamp":"2025-12-19T10:53:47.773345Z","level":"info","event":"Formatting title: Promising Young Woman","logger":"root","filename":"new_tropes_dag.py","lineno":66}
{"timestamp":"2025-12-19T10:53:47.773377Z","level":"info","event":"Formatting title: Proof Of Life","logger":"root","filename":"new_tropes_dag.py","lineno":66}
{"timestamp":"2025-12-19T10:53:47.773411Z","level":"info","event":"Formatting title: Prophecy The","logger":"root","filename":"new_tropes_dag.py","lineno":66}
{"timestamp":"2025-12-19T10:53:47.773443Z","level":"info","event":"Formatting title: Prophetess","logger":"root","filename":"new_tropes_dag.py","lineno":66}
{"timestamp":"2025-12-19T10:53:47.773479Z","level":"info","event":"Formatting title: Proposal The","logger":"root","filename":"new_tropes_dag.py","lineno":66}
{"timestamp":"2025-12-19T10:53:47.773516Z","level":"info","event":"Formatting title: Psycho","logger":"root","filename":"new_tropes_dag.py","lineno":66}
{"timestamp":"2025-12-19T10:53:47.773547Z","level":"info","event":"Formatting title: Public Enemies","logger":"root","filename":"new_tropes_dag.py","lineno":66}
{"timestamp":"2025-12-19T10:53:47.773602Z","level":"info","event":"Formatting title: Pulp Fiction","logger":"root","filename":"new_tropes_dag.py","lineno":66}
{"timestamp":"2025-12-19T10:53:47.773648Z","level":"info","event":"Formatting title: Punch Drunk Love","logger":"root","filename":"new_tropes_dag.py","lineno":66}
{"timestamp":"2025-12-19T10:53:47.773684Z","level":"info","event":"Formatting title: Purple Rain","logger":"root","filename":"new_tropes_dag.py","lineno":66}
{"timestamp":"2025-12-19T10:53:47.773718Z","level":"info","event":"Formatting title: Puss In Boots The Last Wish","logger":"root","filename":"new_tropes_dag.py","lineno":66}
{"timestamp":"2025-12-19T10:53:47.773751Z","level":"info","event":"Formatting title: Puzzle","logger":"root","filename":"new_tropes_dag.py","lineno":66}
{"timestamp":"2025-12-19T10:53:47.773784Z","level":"info","event":"Formatting title: Quantum Project","logger":"root","filename":"new_tropes_dag.py","lineno":66}
{"timestamp":"2025-12-19T10:53:47.773817Z","level":"info","event":"Formatting title: Queen & Slim","logger":"root","filename":"new_tropes_dag.py","lineno":66}
{"timestamp":"2025-12-19T10:53:47.773887Z","level":"info","event":"Formatting title: Queen Of The Damned","logger":"root","filename":"new_tropes_dag.py","lineno":66}
{"timestamp":"2025-12-19T10:53:47.773929Z","level":"info","event":"Formatting title: Queen The","logger":"root","filename":"new_tropes_dag.py","lineno":66}
{"timestamp":"2025-12-19T10:53:47.773966Z","level":"info","event":"Formatting title: Quiz Lady","logger":"root","filename":"new_tropes_dag.py","lineno":66}
{"timestamp":"2025-12-19T10:53:47.774005Z","level":"info","event":"Formatting title: Quiz Show","logger":"root","filename":"new_tropes_dag.py","lineno":66}
{"timestamp":"2025-12-19T10:53:47.774041Z","level":"info","event":"Formatting title: Rachel Getting Married","logger":"root","filename":"new_tropes_dag.py","lineno":66}
{"timestamp":"2025-12-19T10:53:47.774074Z","level":"info","event":"Formatting title: Raging Bull","logger":"root","filename":"new_tropes_dag.py","lineno":66}
{"timestamp":"2025-12-19T10:53:47.774111Z","level":"info","event":"Formatting title: Raiders Of The Lost Ark","logger":"root","filename":"new_tropes_dag.py","lineno":66}
{"timestamp":"2025-12-19T10:53:47.774144Z","level":"info","event":"Formatting title: Raising Arizona","logger":"root","filename":"new_tropes_dag.py","lineno":66}
{"timestamp":"2025-12-19T10:53:47.774180Z","level":"info","event":"Formatting title: Rambling Rose","logger":"root","filename":"new_tropes_dag.py","lineno":66}
{"timestamp":"2025-12-19T10:53:47.774218Z","level":"info","event":"Formatting title: Rambo 3","logger":"root","filename":"new_tropes_dag.py","lineno":66}
{"timestamp":"2025-12-19T10:53:47.774253Z","level":"info","event":"Formatting title: Rambo First Blood 2 The Mission","logger":"root","filename":"new_tropes_dag.py","lineno":66}
{"timestamp":"2025-12-19T10:53:47.774286Z","level":"info","event":"Formatting title: Rambo First Blood Part 2","logger":"root","filename":"new_tropes_dag.py","lineno":66}
{"timestamp":"2025-12-19T10:53:47.774319Z","level":"info","event":"Formatting title: Rango","logger":"root","filename":"new_tropes_dag.py","lineno":66}
{"timestamp":"2025-12-19T10:53:47.774354Z","level":"info","event":"Formatting title: Ratatouille","logger":"root","filename":"new_tropes_dag.py","lineno":66}
{"timestamp":"2025-12-19T10:53:47.774394Z","level":"info","event":"Formatting title: Raya And The Last Dragon","logger":"root","filename":"new_tropes_dag.py","lineno":66}
{"timestamp":"2025-12-19T10:53:47.774427Z","level":"info","event":"Formatting title: Reader The","logger":"root","filename":"new_tropes_dag.py","lineno":66}
{"timestamp":"2025-12-19T10:53:47.774463Z","level":"info","event":"Formatting title: Ready Player One","logger":"root","filename":"new_tropes_dag.py","lineno":66}
{"timestamp":"2025-12-19T10:53:47.774501Z","level":"info","event":"Formatting title: Real Genius","logger":"root","filename":"new_tropes_dag.py","lineno":66}
{"timestamp":"2025-12-19T10:53:47.774537Z","level":"info","event":"Formatting title: Reality Bites","logger":"root","filename":"new_tropes_dag.py","lineno":66}
{"timestamp":"2025-12-19T10:53:47.774577Z","level":"info","event":"Formatting title: Rear Window","logger":"root","filename":"new_tropes_dag.py","lineno":66}
{"timestamp":"2025-12-19T10:53:47.774611Z","level":"info","event":"Formatting title: Rebel Without A Cause","logger":"root","filename":"new_tropes_dag.py","lineno":66}
{"timestamp":"2025-12-19T10:53:47.774651Z","level":"info","event":"Formatting title: Red Dawn","logger":"root","filename":"new_tropes_dag.py","lineno":66}
{"timestamp":"2025-12-19T10:53:47.774690Z","level":"info","event":"Formatting title: Red Dragon","logger":"root","filename":"new_tropes_dag.py","lineno":66}
{"timestamp":"2025-12-19T10:53:47.774722Z","level":"info","event":"Formatting title: Red Eye","logger":"root","filename":"new_tropes_dag.py","lineno":66}
{"timestamp":"2025-12-19T10:53:47.774752Z","level":"info","event":"Formatting title: Red Heat","logger":"root","filename":"new_tropes_dag.py","lineno":66}
{"timestamp":"2025-12-19T10:53:47.774783Z","level":"info","event":"Formatting title: Red One","logger":"root","filename":"new_tropes_dag.py","lineno":66}
{"timestamp":"2025-12-19T10:53:47.774819Z","level":"info","event":"Formatting title: Red Planet","logger":"root","filename":"new_tropes_dag.py","lineno":66}
{"timestamp":"2025-12-19T10:53:47.774851Z","level":"info","event":"Formatting title: Red Riding Hood","logger":"root","filename":"new_tropes_dag.py","lineno":66}
{"timestamp":"2025-12-19T10:53:47.774883Z","level":"info","event":"Formatting title: Red Rocket","logger":"root","filename":"new_tropes_dag.py","lineno":66}
{"timestamp":"2025-12-19T10:53:47.774914Z","level":"info","event":"Formatting title: Red Sparrow","logger":"root","filename":"new_tropes_dag.py","lineno":66}
{"timestamp":"2025-12-19T10:53:47.774952Z","level":"info","event":"Formatting title: Reds","logger":"root","filename":"new_tropes_dag.py","lineno":66}
{"timestamp":"2025-12-19T10:53:47.774982Z","level":"info","event":"Formatting title: Reign Of Fire","logger":"root","filename":"new_tropes_dag.py","lineno":66}
{"timestamp":"2025-12-19T10:53:47.775011Z","level":"info","event":"Formatting title: Reindeer Games","logger":"root","filename":"new_tropes_dag.py","lineno":66}
{"timestamp":"2025-12-19T10:53:47.775043Z","level":"info","event":"Formatting title: Relic The","logger":"root","filename":"new_tropes_dag.py","lineno":66}
{"timestamp":"2025-12-19T10:53:47.775073Z","level":"info","event":"Formatting title: Remember Me","logger":"root","filename":"new_tropes_dag.py","lineno":66}
{"timestamp":"2025-12-19T10:53:47.775104Z","level":"info","event":"Formatting title: Rent","logger":"root","filename":"new_tropes_dag.py","lineno":66}
{"timestamp":"2025-12-19T10:53:47.775136Z","level":"info","event":"Formatting title: Replacements The","logger":"root","filename":"new_tropes_dag.py","lineno":66}
{"timestamp":"2025-12-19T10:53:47.775168Z","level":"info","event":"Formatting title: Repo Man","logger":"root","filename":"new_tropes_dag.py","lineno":66}
{"timestamp":"2025-12-19T10:53:47.775205Z","level":"info","event":"Formatting title: Requiem For A Dream","logger":"root","filename":"new_tropes_dag.py","lineno":66}
{"timestamp":"2025-12-19T10:53:47.775237Z","level":"info","event":"Formatting title: Rescuers Down Under The","logger":"root","filename":"new_tropes_dag.py","lineno":66}
{"timestamp":"2025-12-19T10:53:47.775269Z","level":"info","event":"Formatting title: Reservoir Dogs","logger":"root","filename":"new_tropes_dag.py","lineno":66}
{"timestamp":"2025-12-19T10:53:47.775300Z","level":"info","event":"Formatting title: Resident Evil","logger":"root","filename":"new_tropes_dag.py","lineno":66}
{"timestamp":"2025-12-19T10:53:47.775336Z","level":"info","event":"Formatting title: Respect","logger":"root","filename":"new_tropes_dag.py","lineno":66}
{"timestamp":"2025-12-19T10:53:47.775367Z","level":"info","event":"Formatting title: Return Of The Apes","logger":"root","filename":"new_tropes_dag.py","lineno":66}
{"timestamp":"2025-12-19T10:53:47.775397Z","level":"info","event":"Formatting title: Return Of The Living Dead","logger":"root","filename":"new_tropes_dag.py","lineno":66}
{"timestamp":"2025-12-19T10:53:47.775427Z","level":"info","event":"Formatting title: Revenant The","logger":"root","filename":"new_tropes_dag.py","lineno":66}
{"timestamp":"2025-12-19T10:53:47.775467Z","level":"info","event":"Formatting title: Revenge Of The Nerds","logger":"root","filename":"new_tropes_dag.py","lineno":66}
{"timestamp":"2025-12-19T10:53:47.775506Z","level":"info","event":"Formatting title: Revolutionary Road","logger":"root","filename":"new_tropes_dag.py","lineno":66}
{"timestamp":"2025-12-19T10:53:47.775546Z","level":"info","event":"Formatting title: Richard Jewell","logger":"root","filename":"new_tropes_dag.py","lineno":66}
{"timestamp":"2025-12-19T10:53:47.775578Z","level":"info","event":"Formatting title: Ricky Stanicky","logger":"root","filename":"new_tropes_dag.py","lineno":66}
{"timestamp":"2025-12-19T10:53:47.775646Z","level":"info","event":"Formatting title: Ringu","logger":"root","filename":"new_tropes_dag.py","lineno":66}
{"timestamp":"2025-12-19T10:53:47.775690Z","level":"info","event":"Formatting title: Rise Of The Guardians","logger":"root","filename":"new_tropes_dag.py","lineno":66}
{"timestamp":"2025-12-19T10:53:47.775731Z","level":"info","event":"Formatting title: Rise Of The Planet Of The Apes","logger":"root","filename":"new_tropes_dag.py","lineno":66}
{"timestamp":"2025-12-19T10:53:47.775768Z","level":"info","event":"Formatting title: Rko 281","logger":"root","filename":"new_tropes_dag.py","lineno":66}
{"timestamp":"2025-12-19T10:53:47.775803Z","level":"info","event":"Formatting title: Road House","logger":"root","filename":"new_tropes_dag.py","lineno":66}
{"timestamp":"2025-12-19T10:53:47.775850Z","level":"info","event":"Formatting title: Road The","logger":"root","filename":"new_tropes_dag.py","lineno":66}
{"timestamp":"2025-12-19T10:53:47.775895Z","level":"info","event":"Formatting title: Road To Perdition","logger":"root","filename":"new_tropes_dag.py","lineno":66}
{"timestamp":"2025-12-19T10:53:47.775936Z","level":"info","event":"Formatting title: Robin Hood Prince Of Thieves","logger":"root","filename":"new_tropes_dag.py","lineno":66}
{"timestamp":"2025-12-19T10:53:47.775969Z","level":"info","event":"Formatting title: Robocop","logger":"root","filename":"new_tropes_dag.py","lineno":66}
{"timestamp":"2025-12-19T10:53:47.776001Z","level":"info","event":"Formatting title: Rock The","logger":"root","filename":"new_tropes_dag.py","lineno":66}
{"timestamp":"2025-12-19T10:53:47.776032Z","level":"info","event":"Formatting title: Rocketman","logger":"root","filename":"new_tropes_dag.py","lineno":66}
{"timestamp":"2025-12-19T10:53:47.776069Z","level":"info","event":"Formatting title: Rocknrolla","logger":"root","filename":"new_tropes_dag.py","lineno":66}
{"timestamp":"2025-12-19T10:53:47.776104Z","level":"info","event":"Formatting title: Rocky","logger":"root","filename":"new_tropes_dag.py","lineno":66}
{"timestamp":"2025-12-19T10:53:47.776134Z","level":"info","event":"Formatting title: Rocky 2","logger":"root","filename":"new_tropes_dag.py","lineno":66}
{"timestamp":"2025-12-19T10:53:47.776178Z","level":"info","event":"Formatting title: Rocky 3","logger":"root","filename":"new_tropes_dag.py","lineno":66}
{"timestamp":"2025-12-19T10:53:47.776232Z","level":"info","event":"Formatting title: Rocky 4","logger":"root","filename":"new_tropes_dag.py","lineno":66}
{"timestamp":"2025-12-19T10:53:47.776279Z","level":"info","event":"Formatting title: Rocky Balboa","logger":"root","filename":"new_tropes_dag.py","lineno":66}
{"timestamp":"2025-12-19T10:53:47.776311Z","level":"info","event":"Formatting title: Rocky Horror Picture Show The","logger":"root","filename":"new_tropes_dag.py","lineno":66}
{"timestamp":"2025-12-19T10:53:47.776342Z","level":"info","event":"Formatting title: Rocky V","logger":"root","filename":"new_tropes_dag.py","lineno":66}
{"timestamp":"2025-12-19T10:53:47.776372Z","level":"info","event":"Formatting title: Roma","logger":"root","filename":"new_tropes_dag.py","lineno":66}
{"timestamp":"2025-12-19T10:53:47.776403Z","level":"info","event":"Formatting title: Roman J Israel Esq","logger":"root","filename":"new_tropes_dag.py","lineno":66}
{"timestamp":"2025-12-19T10:53:47.776440Z","level":"info","event":"Formatting title: Romancing The Stone","logger":"root","filename":"new_tropes_dag.py","lineno":66}
{"timestamp":"2025-12-19T10:53:47.776472Z","level":"info","event":"Formatting title: Romeo & Juliet","logger":"root","filename":"new_tropes_dag.py","lineno":66}
{"timestamp":"2025-12-19T10:53:47.776501Z","level":"info","event":"Formatting title: Romeo Must Die","logger":"root","filename":"new_tropes_dag.py","lineno":66}
{"timestamp":"2025-12-19T10:53:47.776538Z","level":"info","event":"Formatting title: Ronin","logger":"root","filename":"new_tropes_dag.py","lineno":66}
{"timestamp":"2025-12-19T10:53:47.776578Z","level":"info","event":"Formatting title: Room","logger":"root","filename":"new_tropes_dag.py","lineno":66}
{"timestamp":"2025-12-19T10:53:47.776609Z","level":"info","event":"Formatting title: Roommate The","logger":"root","filename":"new_tropes_dag.py","lineno":66}
{"timestamp":"2025-12-19T10:53:47.776664Z","level":"info","event":"Formatting title: Rosemarys Baby","logger":"root","filename":"new_tropes_dag.py","lineno":66}
{"timestamp":"2025-12-19T10:53:47.776701Z","level":"info","event":"Formatting title: Rosetta","logger":"root","filename":"new_tropes_dag.py","lineno":66}
{"timestamp":"2025-12-19T10:53:47.776743Z","level":"info","event":"Formatting title: Roughshod","logger":"root","filename":"new_tropes_dag.py","lineno":66}
{"timestamp":"2025-12-19T10:53:47.776775Z","level":"info","event":"Formatting title: Rounders","logger":"root","filename":"new_tropes_dag.py","lineno":66}
{"timestamp":"2025-12-19T10:53:47.776808Z","level":"info","event":"Formatting title: Ruby Sparks","logger":"root","filename":"new_tropes_dag.py","lineno":66}
{"timestamp":"2025-12-19T10:53:47.776847Z","level":"info","event":"Formatting title: Ruins The","logger":"root","filename":"new_tropes_dag.py","lineno":66}
{"timestamp":"2025-12-19T10:53:47.776877Z","level":"info","event":"Formatting title: Run","logger":"root","filename":"new_tropes_dag.py","lineno":66}
{"timestamp":"2025-12-19T10:53:47.776910Z","level":"info","event":"Formatting title: Runaway Bride","logger":"root","filename":"new_tropes_dag.py","lineno":66}
{"timestamp":"2025-12-19T10:53:47.776940Z","level":"info","event":"Formatting title: Running Scared","logger":"root","filename":"new_tropes_dag.py","lineno":66}
{"timestamp":"2025-12-19T10:53:47.776972Z","level":"info","event":"Formatting title: Rush","logger":"root","filename":"new_tropes_dag.py","lineno":66}
{"timestamp":"2025-12-19T10:53:47.777005Z","level":"info","event":"Formatting title: Rush Hour","logger":"root","filename":"new_tropes_dag.py","lineno":66}
{"timestamp":"2025-12-19T10:53:47.777035Z","level":"info","event":"Formatting title: Rush Hour 2","logger":"root","filename":"new_tropes_dag.py","lineno":66}
{"timestamp":"2025-12-19T10:53:47.777065Z","level":"info","event":"Formatting title: Rushmore","logger":"root","filename":"new_tropes_dag.py","lineno":66}
{"timestamp":"2025-12-19T10:53:47.777095Z","level":"info","event":"Formatting title: Rust And Bone","logger":"root","filename":"new_tropes_dag.py","lineno":66}
{"timestamp":"2025-12-19T10:53:47.777124Z","level":"info","event":"Formatting title: Rustin","logger":"root","filename":"new_tropes_dag.py","lineno":66}
{"timestamp":"2025-12-19T10:53:47.777161Z","level":"info","event":"Formatting title: S Darko","logger":"root","filename":"new_tropes_dag.py","lineno":66}
{"timestamp":"2025-12-19T10:53:47.777203Z","level":"info","event":"Formatting title: Safety Not Guaranteed","logger":"root","filename":"new_tropes_dag.py","lineno":66}
{"timestamp":"2025-12-19T10:53:47.777237Z","level":"info","event":"Formatting title: Saint Frances","logger":"root","filename":"new_tropes_dag.py","lineno":66}
{"timestamp":"2025-12-19T10:53:47.777285Z","level":"info","event":"Formatting title: Saint The","logger":"root","filename":"new_tropes_dag.py","lineno":66}
{"timestamp":"2025-12-19T10:53:47.777326Z","level":"info","event":"Formatting title: Saltburn","logger":"root","filename":"new_tropes_dag.py","lineno":66}
{"timestamp":"2025-12-19T10:53:47.777359Z","level":"info","event":"Formatting title: Salton Sea The","logger":"root","filename":"new_tropes_dag.py","lineno":66}
{"timestamp":"2025-12-19T10:53:47.777388Z","level":"info","event":"Formatting title: Sandlot Kids The","logger":"root","filename":"new_tropes_dag.py","lineno":66}
{"timestamp":"2025-12-19T10:53:47.777420Z","level":"info","event":"Formatting title: Saturday Night","logger":"root","filename":"new_tropes_dag.py","lineno":66}
{"timestamp":"2025-12-19T10:53:47.777455Z","level":"info","event":"Formatting title: Sausage Party","logger":"root","filename":"new_tropes_dag.py","lineno":66}
{"timestamp":"2025-12-19T10:53:47.777490Z","level":"info","event":"Formatting title: Save The Last Dance","logger":"root","filename":"new_tropes_dag.py","lineno":66}
{"timestamp":"2025-12-19T10:53:47.777520Z","level":"info","event":"Formatting title: Saving Mr Banks","logger":"root","filename":"new_tropes_dag.py","lineno":66}
{"timestamp":"2025-12-19T10:53:47.777549Z","level":"info","event":"Formatting title: Saving Private Ryan","logger":"root","filename":"new_tropes_dag.py","lineno":66}
{"timestamp":"2025-12-19T10:53:47.777579Z","level":"info","event":"Formatting title: Saw","logger":"root","filename":"new_tropes_dag.py","lineno":66}
{"timestamp":"2025-12-19T10:53:47.777639Z","level":"info","event":"Formatting title: Saw 4","logger":"root","filename":"new_tropes_dag.py","lineno":66}
{"timestamp":"2025-12-19T10:53:47.777689Z","level":"info","event":"Formatting title: Scanners","logger":"root","filename":"new_tropes_dag.py","lineno":66}
{"timestamp":"2025-12-19T10:53:47.777732Z","level":"info","event":"Formatting title: Scarface","logger":"root","filename":"new_tropes_dag.py","lineno":66}
{"timestamp":"2025-12-19T10:53:47.777774Z","level":"info","event":"Formatting title: Scary Movie","logger":"root","filename":"new_tropes_dag.py","lineno":66}
{"timestamp":"2025-12-19T10:53:47.777814Z","level":"info","event":"Formatting title: Scary Movie 2","logger":"root","filename":"new_tropes_dag.py","lineno":66}
{"timestamp":"2025-12-19T10:53:47.777846Z","level":"info","event":"Formatting title: Scary Stories To Tell In The Dark","logger":"root","filename":"new_tropes_dag.py","lineno":66}
{"timestamp":"2025-12-19T10:53:47.777878Z","level":"info","event":"Formatting title: Schindlers List","logger":"root","filename":"new_tropes_dag.py","lineno":66}
{"timestamp":"2025-12-19T10:53:47.777909Z","level":"info","event":"Formatting title: Scott Pilgrim Vs The World","logger":"root","filename":"new_tropes_dag.py","lineno":66}
{"timestamp":"2025-12-19T10:53:47.777939Z","level":"info","event":"Formatting title: Scream","logger":"root","filename":"new_tropes_dag.py","lineno":66}
{"timestamp":"2025-12-19T10:53:47.777969Z","level":"info","event":"Formatting title: Scream","logger":"root","filename":"new_tropes_dag.py","lineno":66}
{"timestamp":"2025-12-19T10:53:47.778004Z","level":"info","event":"Formatting title: Scream 2","logger":"root","filename":"new_tropes_dag.py","lineno":66}
{"timestamp":"2025-12-19T10:53:47.778038Z","level":"info","event":"Formatting title: Scream 3","logger":"root","filename":"new_tropes_dag.py","lineno":66}
{"timestamp":"2025-12-19T10:53:47.778070Z","level":"info","event":"Formatting title: Scream 4","logger":"root","filename":"new_tropes_dag.py","lineno":66}
{"timestamp":"2025-12-19T10:53:47.778101Z","level":"info","event":"Formatting title: Scream 6","logger":"root","filename":"new_tropes_dag.py","lineno":66}
{"timestamp":"2025-12-19T10:53:47.778136Z","level":"info","event":"Formatting title: Scrooged","logger":"root","filename":"new_tropes_dag.py","lineno":66}
{"timestamp":"2025-12-19T10:53:47.778167Z","level":"info","event":"Formatting title: Se7en","logger":"root","filename":"new_tropes_dag.py","lineno":66}
{"timestamp":"2025-12-19T10:53:47.778196Z","level":"info","event":"Formatting title: Sea Of Love","logger":"root","filename":"new_tropes_dag.py","lineno":66}
{"timestamp":"2025-12-19T10:53:47.778226Z","level":"info","event":"Formatting title: Searchers The","logger":"root","filename":"new_tropes_dag.py","lineno":66}
{"timestamp":"2025-12-19T10:53:47.778255Z","level":"info","event":"Formatting title: Searching","logger":"root","filename":"new_tropes_dag.py","lineno":66}
{"timestamp":"2025-12-19T10:53:47.778289Z","level":"info","event":"Formatting title: Secret Life Of Walter Mitty The","logger":"root","filename":"new_tropes_dag.py","lineno":66}
{"timestamp":"2025-12-19T10:53:47.778325Z","level":"info","event":"Formatting title: Secret Window","logger":"root","filename":"new_tropes_dag.py","lineno":66}
{"timestamp":"2025-12-19T10:53:47.778357Z","level":"info","event":"Formatting title: Selena","logger":"root","filename":"new_tropes_dag.py","lineno":66}
{"timestamp":"2025-12-19T10:53:47.778389Z","level":"info","event":"Formatting title: Selma","logger":"root","filename":"new_tropes_dag.py","lineno":66}
{"timestamp":"2025-12-19T10:53:47.778419Z","level":"info","event":"Formatting title: Semi Pro","logger":"root","filename":"new_tropes_dag.py","lineno":66}
{"timestamp":"2025-12-19T10:53:47.778452Z","level":"info","event":"Formatting title: Sense And Sensibility","logger":"root","filename":"new_tropes_dag.py","lineno":66}
{"timestamp":"2025-12-19T10:53:47.837146Z","level":"info","event":"Formatting title: September 5","logger":"root","filename":"new_tropes_dag.py","lineno":66}
{"timestamp":"2025-12-19T10:53:47.837262Z","level":"info","event":"Formatting title: Serenity","logger":"root","filename":"new_tropes_dag.py","lineno":66}
{"timestamp":"2025-12-19T10:53:47.837303Z","level":"info","event":"Formatting title: Serenity","logger":"root","filename":"new_tropes_dag.py","lineno":66}
{"timestamp":"2025-12-19T10:53:47.837332Z","level":"info","event":"Formatting title: Serial Mom","logger":"root","filename":"new_tropes_dag.py","lineno":66}
{"timestamp":"2025-12-19T10:53:47.837360Z","level":"info","event":"Formatting title: Sessions The","logger":"root","filename":"new_tropes_dag.py","lineno":66}
{"timestamp":"2025-12-19T10:53:47.837387Z","level":"info","event":"Formatting title: Seventh Seal The","logger":"root","filename":"new_tropes_dag.py","lineno":66}
{"timestamp":"2025-12-19T10:53:47.837415Z","level":"info","event":"Formatting title: Severance","logger":"root","filename":"new_tropes_dag.py","lineno":66}
{"timestamp":"2025-12-19T10:53:47.837442Z","level":"info","event":"Formatting title: Sex And The City","logger":"root","filename":"new_tropes_dag.py","lineno":66}
{"timestamp":"2025-12-19T10:53:47.837469Z","level":"info","event":"Formatting title: Sex Drive","logger":"root","filename":"new_tropes_dag.py","lineno":66}
{"timestamp":"2025-12-19T10:53:47.837501Z","level":"info","event":"Formatting title: Sex Lies And Videotape","logger":"root","filename":"new_tropes_dag.py","lineno":66}
{"timestamp":"2025-12-19T10:53:47.837535Z","level":"info","event":"Formatting title: Sexual Life","logger":"root","filename":"new_tropes_dag.py","lineno":66}
{"timestamp":"2025-12-19T10:53:47.837575Z","level":"info","event":"Formatting title: Shadow Of The Vampire","logger":"root","filename":"new_tropes_dag.py","lineno":66}
{"timestamp":"2025-12-19T10:53:47.837624Z","level":"info","event":"Formatting title: Shakespeare In Love","logger":"root","filename":"new_tropes_dag.py","lineno":66}
{"timestamp":"2025-12-19T10:53:47.837674Z","level":"info","event":"Formatting title: Shallow Grave","logger":"root","filename":"new_tropes_dag.py","lineno":66}
{"timestamp":"2025-12-19T10:53:47.837720Z","level":"info","event":"Formatting title: Shame","logger":"root","filename":"new_tropes_dag.py","lineno":66}
{"timestamp":"2025-12-19T10:53:47.837756Z","level":"info","event":"Formatting title: Shampoo","logger":"root","filename":"new_tropes_dag.py","lineno":66}
{"timestamp":"2025-12-19T10:53:47.837789Z","level":"info","event":"Formatting title: Sharkys Machine","logger":"root","filename":"new_tropes_dag.py","lineno":66}
{"timestamp":"2025-12-19T10:53:47.837823Z","level":"info","event":"Formatting title: Shaun Of The Dead","logger":"root","filename":"new_tropes_dag.py","lineno":66}
{"timestamp":"2025-12-19T10:53:47.837859Z","level":"info","event":"Formatting title: Shawshank Redemption The","logger":"root","filename":"new_tropes_dag.py","lineno":66}
{"timestamp":"2025-12-19T10:53:47.837894Z","level":"info","event":"Formatting title: Shayda","logger":"root","filename":"new_tropes_dag.py","lineno":66}
{"timestamp":"2025-12-19T10:53:47.837962Z","level":"info","event":"Formatting title: She Said","logger":"root","filename":"new_tropes_dag.py","lineno":66}
{"timestamp":"2025-12-19T10:53:47.838020Z","level":"info","event":"Formatting title: Sherlock Holmes","logger":"root","filename":"new_tropes_dag.py","lineno":66}
{"timestamp":"2025-12-19T10:53:47.838065Z","level":"info","event":"Formatting title: Shes Out Of My League","logger":"root","filename":"new_tropes_dag.py","lineno":66}
{"timestamp":"2025-12-19T10:53:47.838111Z","level":"info","event":"Formatting title: Shifty","logger":"root","filename":"new_tropes_dag.py","lineno":66}
{"timestamp":"2025-12-19T10:53:47.838152Z","level":"info","event":"Formatting title: Shining The","logger":"root","filename":"new_tropes_dag.py","lineno":66}
{"timestamp":"2025-12-19T10:53:47.838196Z","level":"info","event":"Formatting title: Shipping News The","logger":"root","filename":"new_tropes_dag.py","lineno":66}
{"timestamp":"2025-12-19T10:53:47.838231Z","level":"info","event":"Formatting title: Shivers","logger":"root","filename":"new_tropes_dag.py","lineno":66}
{"timestamp":"2025-12-19T10:53:47.838266Z","level":"info","event":"Formatting title: Short Term 12","logger":"root","filename":"new_tropes_dag.py","lineno":66}
{"timestamp":"2025-12-19T10:53:47.838307Z","level":"info","event":"Formatting title: Shortcomings","logger":"root","filename":"new_tropes_dag.py","lineno":66}
{"timestamp":"2025-12-19T10:53:47.838346Z","level":"info","event":"Formatting title: Showgirls","logger":"root","filename":"new_tropes_dag.py","lineno":66}
{"timestamp":"2025-12-19T10:53:47.838382Z","level":"info","event":"Formatting title: Shrek","logger":"root","filename":"new_tropes_dag.py","lineno":66}
{"timestamp":"2025-12-19T10:53:47.838424Z","level":"info","event":"Formatting title: Shrek The Third","logger":"root","filename":"new_tropes_dag.py","lineno":66}
{"timestamp":"2025-12-19T10:53:47.838466Z","level":"info","event":"Formatting title: Shutter Island","logger":"root","filename":"new_tropes_dag.py","lineno":66}
{"timestamp":"2025-12-19T10:53:47.838515Z","level":"info","event":"Formatting title: Sicario","logger":"root","filename":"new_tropes_dag.py","lineno":66}
{"timestamp":"2025-12-19T10:53:47.838585Z","level":"info","event":"Formatting title: Sicario Day Of The Soldado","logger":"root","filename":"new_tropes_dag.py","lineno":66}
{"timestamp":"2025-12-19T10:53:47.838683Z","level":"info","event":"Formatting title: Side Effects","logger":"root","filename":"new_tropes_dag.py","lineno":66}
{"timestamp":"2025-12-19T10:53:47.838761Z","level":"info","event":"Formatting title: Sideways","logger":"root","filename":"new_tropes_dag.py","lineno":66}
{"timestamp":"2025-12-19T10:53:47.838866Z","level":"info","event":"Formatting title: Siege The","logger":"root","filename":"new_tropes_dag.py","lineno":66}
{"timestamp":"2025-12-19T10:53:47.838919Z","level":"info","event":"Formatting title: Signs","logger":"root","filename":"new_tropes_dag.py","lineno":66}
{"timestamp":"2025-12-19T10:53:47.838975Z","level":"info","event":"Formatting title: Silence","logger":"root","filename":"new_tropes_dag.py","lineno":66}
{"timestamp":"2025-12-19T10:53:47.839030Z","level":"info","event":"Formatting title: Silence Of The Lambs","logger":"root","filename":"new_tropes_dag.py","lineno":66}
{"timestamp":"2025-12-19T10:53:47.839076Z","level":"info","event":"Formatting title: Silent Grace","logger":"root","filename":"new_tropes_dag.py","lineno":66}
{"timestamp":"2025-12-19T10:53:47.839132Z","level":"info","event":"Formatting title: Silkwood","logger":"root","filename":"new_tropes_dag.py","lineno":66}
{"timestamp":"2025-12-19T10:53:47.839179Z","level":"info","event":"Formatting title: Silver Bullet","logger":"root","filename":"new_tropes_dag.py","lineno":66}
{"timestamp":"2025-12-19T10:53:47.839226Z","level":"info","event":"Formatting title: Silver Linings Playbook","logger":"root","filename":"new_tropes_dag.py","lineno":66}
{"timestamp":"2025-12-19T10:53:47.839266Z","level":"info","event":"Formatting title: Silverado","logger":"root","filename":"new_tropes_dag.py","lineno":66}
{"timestamp":"2025-12-19T10:53:47.839300Z","level":"info","event":"Formatting title: Simone","logger":"root","filename":"new_tropes_dag.py","lineno":66}
{"timestamp":"2025-12-19T10:53:47.839344Z","level":"info","event":"Formatting title: Sing","logger":"root","filename":"new_tropes_dag.py","lineno":66}
{"timestamp":"2025-12-19T10:53:47.839389Z","level":"info","event":"Formatting title: Sing Sing","logger":"root","filename":"new_tropes_dag.py","lineno":66}
{"timestamp":"2025-12-19T10:53:47.839459Z","level":"info","event":"Formatting title: Sing Street","logger":"root","filename":"new_tropes_dag.py","lineno":66}
{"timestamp":"2025-12-19T10:53:47.839530Z","level":"info","event":"Formatting title: Singin In The Rain","logger":"root","filename":"new_tropes_dag.py","lineno":66}
{"timestamp":"2025-12-19T10:53:47.839593Z","level":"info","event":"Formatting title: Single White Female","logger":"root","filename":"new_tropes_dag.py","lineno":66}
{"timestamp":"2025-12-19T10:53:47.839653Z","level":"info","event":"Formatting title: Sister Act","logger":"root","filename":"new_tropes_dag.py","lineno":66}
{"timestamp":"2025-12-19T10:53:47.839709Z","level":"info","event":"Formatting title: Six Degrees Of Separation","logger":"root","filename":"new_tropes_dag.py","lineno":66}
{"timestamp":"2025-12-19T10:53:47.839772Z","level":"info","event":"Formatting title: Sixteen Candles","logger":"root","filename":"new_tropes_dag.py","lineno":66}
{"timestamp":"2025-12-19T10:53:47.839839Z","level":"info","event":"Formatting title: Sixth Sense The","logger":"root","filename":"new_tropes_dag.py","lineno":66}
{"timestamp":"2025-12-19T10:53:47.839910Z","level":"info","event":"Formatting title: Skyfall","logger":"root","filename":"new_tropes_dag.py","lineno":66}
{"timestamp":"2025-12-19T10:53:47.839974Z","level":"info","event":"Formatting title: Skyscraper","logger":"root","filename":"new_tropes_dag.py","lineno":66}
{"timestamp":"2025-12-19T10:53:47.840036Z","level":"info","event":"Formatting title: Sleepers","logger":"root","filename":"new_tropes_dag.py","lineno":66}
{"timestamp":"2025-12-19T10:53:47.840094Z","level":"info","event":"Formatting title: Sleepless In Seattle","logger":"root","filename":"new_tropes_dag.py","lineno":66}
{"timestamp":"2025-12-19T10:53:47.840153Z","level":"info","event":"Formatting title: Sleepy Hollow","logger":"root","filename":"new_tropes_dag.py","lineno":66}
{"timestamp":"2025-12-19T10:53:47.840213Z","level":"info","event":"Formatting title: Slender Man","logger":"root","filename":"new_tropes_dag.py","lineno":66}
{"timestamp":"2025-12-19T10:53:47.840274Z","level":"info","event":"Formatting title: Sling Blade","logger":"root","filename":"new_tropes_dag.py","lineno":66}
{"timestamp":"2025-12-19T10:53:47.840338Z","level":"info","event":"Formatting title: Slither","logger":"root","filename":"new_tropes_dag.py","lineno":66}
{"timestamp":"2025-12-19T10:53:47.840404Z","level":"info","event":"Formatting title: Sliver","logger":"root","filename":"new_tropes_dag.py","lineno":66}
{"timestamp":"2025-12-19T10:53:47.840472Z","level":"info","event":"Formatting title: Slumdog Millionaire","logger":"root","filename":"new_tropes_dag.py","lineno":66}
{"timestamp":"2025-12-19T10:53:47.840546Z","level":"info","event":"Formatting title: Smashed","logger":"root","filename":"new_tropes_dag.py","lineno":66}
{"timestamp":"2025-12-19T10:53:47.840689Z","level":"info","event":"Formatting title: Smokin Aces","logger":"root","filename":"new_tropes_dag.py","lineno":66}
{"timestamp":"2025-12-19T10:53:47.840888Z","level":"info","event":"Formatting title: Snake Eyes","logger":"root","filename":"new_tropes_dag.py","lineno":66}
{"timestamp":"2025-12-19T10:53:47.840997Z","level":"info","event":"Formatting title: Snatch","logger":"root","filename":"new_tropes_dag.py","lineno":66}
{"timestamp":"2025-12-19T10:53:47.841053Z","level":"info","event":"Formatting title: Sneakers","logger":"root","filename":"new_tropes_dag.py","lineno":66}
{"timestamp":"2025-12-19T10:53:47.841097Z","level":"info","event":"Formatting title: Snow Falling On Cedars","logger":"root","filename":"new_tropes_dag.py","lineno":66}
{"timestamp":"2025-12-19T10:53:47.841136Z","level":"info","event":"Formatting title: Snow White And The Huntsman","logger":"root","filename":"new_tropes_dag.py","lineno":66}
{"timestamp":"2025-12-19T10:53:47.841175Z","level":"info","event":"Formatting title: Snowpiercer","logger":"root","filename":"new_tropes_dag.py","lineno":66}
{"timestamp":"2025-12-19T10:53:47.841213Z","level":"info","event":"Formatting title: So I Married An Axe Murderer","logger":"root","filename":"new_tropes_dag.py","lineno":66}
{"timestamp":"2025-12-19T10:53:47.841253Z","level":"info","event":"Formatting title: Social Network The","logger":"root","filename":"new_tropes_dag.py","lineno":66}
{"timestamp":"2025-12-19T10:53:47.841291Z","level":"info","event":"Formatting title: Solaris","logger":"root","filename":"new_tropes_dag.py","lineno":66}
{"timestamp":"2025-12-19T10:53:47.841332Z","level":"info","event":"Formatting title: Soldier","logger":"root","filename":"new_tropes_dag.py","lineno":66}
{"timestamp":"2025-12-19T10:53:47.841367Z","level":"info","event":"Formatting title: Someone To Watch Over Me","logger":"root","filename":"new_tropes_dag.py","lineno":66}
{"timestamp":"2025-12-19T10:53:47.841402Z","level":"info","event":"Formatting title: Something Wicked This Way Comes","logger":"root","filename":"new_tropes_dag.py","lineno":66}
{"timestamp":"2025-12-19T10:53:47.841445Z","level":"info","event":"Formatting title: Somethings Gotta Give","logger":"root","filename":"new_tropes_dag.py","lineno":66}
{"timestamp":"2025-12-19T10:53:47.841494Z","level":"info","event":"Formatting title: Sorry To Bother","logger":"root","filename":"new_tropes_dag.py","lineno":66}
{"timestamp":"2025-12-19T10:53:47.841547Z","level":"info","event":"Formatting title: Soul","logger":"root","filename":"new_tropes_dag.py","lineno":66}
{"timestamp":"2025-12-19T10:53:47.841603Z","level":"info","event":"Formatting title: Sound Of Metal","logger":"root","filename":"new_tropes_dag.py","lineno":66}
{"timestamp":"2025-12-19T10:53:47.841661Z","level":"info","event":"Formatting title: Source Code","logger":"root","filename":"new_tropes_dag.py","lineno":66}
{"timestamp":"2025-12-19T10:53:47.841711Z","level":"info","event":"Formatting title: South Park","logger":"root","filename":"new_tropes_dag.py","lineno":66}
{"timestamp":"2025-12-19T10:53:47.841762Z","level":"info","event":"Formatting title: Soylent Green","logger":"root","filename":"new_tropes_dag.py","lineno":66}
{"timestamp":"2025-12-19T10:53:47.841806Z","level":"info","event":"Formatting title: Space Cowboys","logger":"root","filename":"new_tropes_dag.py","lineno":66}
{"timestamp":"2025-12-19T10:53:47.841841Z","level":"info","event":"Formatting title: Space Milkshake","logger":"root","filename":"new_tropes_dag.py","lineno":66}
{"timestamp":"2025-12-19T10:53:47.841879Z","level":"info","event":"Formatting title: Spaceballs","logger":"root","filename":"new_tropes_dag.py","lineno":66}
{"timestamp":"2025-12-19T10:53:47.841916Z","level":"info","event":"Formatting title: Spanglish","logger":"root","filename":"new_tropes_dag.py","lineno":66}
{"timestamp":"2025-12-19T10:53:47.841957Z","level":"info","event":"Formatting title: Spare Me","logger":"root","filename":"new_tropes_dag.py","lineno":66}
{"timestamp":"2025-12-19T10:53:47.841997Z","level":"info","event":"Formatting title: Spartacus","logger":"root","filename":"new_tropes_dag.py","lineno":66}
{"timestamp":"2025-12-19T10:53:47.842040Z","level":"info","event":"Formatting title: Spartan","logger":"root","filename":"new_tropes_dag.py","lineno":66}
{"timestamp":"2025-12-19T10:53:47.842076Z","level":"info","event":"Formatting title: Spawn","logger":"root","filename":"new_tropes_dag.py","lineno":66}
{"timestamp":"2025-12-19T10:53:47.842115Z","level":"info","event":"Formatting title: Spectre","logger":"root","filename":"new_tropes_dag.py","lineno":66}
{"timestamp":"2025-12-19T10:53:47.842157Z","level":"info","event":"Formatting title: Speed","logger":"root","filename":"new_tropes_dag.py","lineno":66}
{"timestamp":"2025-12-19T10:53:47.842197Z","level":"info","event":"Formatting title: Speed Racer","logger":"root","filename":"new_tropes_dag.py","lineno":66}
{"timestamp":"2025-12-19T10:53:47.842240Z","level":"info","event":"Formatting title: Spencer","logger":"root","filename":"new_tropes_dag.py","lineno":66}
{"timestamp":"2025-12-19T10:53:47.842283Z","level":"info","event":"Formatting title: Sphere","logger":"root","filename":"new_tropes_dag.py","lineno":66}
{"timestamp":"2025-12-19T10:53:47.842330Z","level":"info","event":"Formatting title: Spider Man","logger":"root","filename":"new_tropes_dag.py","lineno":66}
{"timestamp":"2025-12-19T10:53:47.842398Z","level":"info","event":"Formatting title: Spider Man 2","logger":"root","filename":"new_tropes_dag.py","lineno":66}
{"timestamp":"2025-12-19T10:53:47.842457Z","level":"info","event":"Formatting title: Spider Man Across The Spider Verse","logger":"root","filename":"new_tropes_dag.py","lineno":66}
{"timestamp":"2025-12-19T10:53:47.842504Z","level":"info","event":"Formatting title: Spider Man Into The Spider Verse","logger":"root","filename":"new_tropes_dag.py","lineno":66}
{"timestamp":"2025-12-19T10:53:47.842543Z","level":"info","event":"Formatting title: Spider Man No Way Home","logger":"root","filename":"new_tropes_dag.py","lineno":66}
{"timestamp":"2025-12-19T10:53:47.842580Z","level":"info","event":"Formatting title: Splice","logger":"root","filename":"new_tropes_dag.py","lineno":66}
{"timestamp":"2025-12-19T10:53:47.842615Z","level":"info","event":"Formatting title: Spotlight","logger":"root","filename":"new_tropes_dag.py","lineno":66}
{"timestamp":"2025-12-19T10:53:47.842649Z","level":"info","event":"Formatting title: Spring Breakers","logger":"root","filename":"new_tropes_dag.py","lineno":66}
{"timestamp":"2025-12-19T10:53:47.842684Z","level":"info","event":"Formatting title: Spy Kids","logger":"root","filename":"new_tropes_dag.py","lineno":66}
{"timestamp":"2025-12-19T10:53:47.842719Z","level":"info","event":"Formatting title: St Elmos Fire","logger":"root","filename":"new_tropes_dag.py","lineno":66}
{"timestamp":"2025-12-19T10:53:47.842756Z","level":"info","event":"Formatting title: Stagecoach","logger":"root","filename":"new_tropes_dag.py","lineno":66}
{"timestamp":"2025-12-19T10:53:47.842800Z","level":"info","event":"Formatting title: Stan & Ollie","logger":"root","filename":"new_tropes_dag.py","lineno":66}
{"timestamp":"2025-12-19T10:53:47.842846Z","level":"info","event":"Formatting title: Stand By Me","logger":"root","filename":"new_tropes_dag.py","lineno":66}
{"timestamp":"2025-12-19T10:53:47.842882Z","level":"info","event":"Formatting title: Star Trek","logger":"root","filename":"new_tropes_dag.py","lineno":66}
{"timestamp":"2025-12-19T10:53:47.842923Z","level":"info","event":"Formatting title: Star Trek 2 The Wrath Of Khan","logger":"root","filename":"new_tropes_dag.py","lineno":66}
{"timestamp":"2025-12-19T10:53:47.842965Z","level":"info","event":"Formatting title: Star Trek 3 The Search For Spock","logger":"root","filename":"new_tropes_dag.py","lineno":66}
{"timestamp":"2025-12-19T10:53:47.843000Z","level":"info","event":"Formatting title: Star Trek 4 The Voyage Home","logger":"root","filename":"new_tropes_dag.py","lineno":66}
{"timestamp":"2025-12-19T10:53:47.843041Z","level":"info","event":"Formatting title: Star Trek 6 The Undiscovered Country","logger":"root","filename":"new_tropes_dag.py","lineno":66}
{"timestamp":"2025-12-19T10:53:47.843082Z","level":"info","event":"Formatting title: Star Trek First Contact","logger":"root","filename":"new_tropes_dag.py","lineno":66}
{"timestamp":"2025-12-19T10:53:47.843132Z","level":"info","event":"Formatting title: Star Trek Generations","logger":"root","filename":"new_tropes_dag.py","lineno":66}
{"timestamp":"2025-12-19T10:53:47.843179Z","level":"info","event":"Formatting title: Star Trek Insurrection","logger":"root","filename":"new_tropes_dag.py","lineno":66}
{"timestamp":"2025-12-19T10:53:47.843223Z","level":"info","event":"Formatting title: Star Trek Nemesis","logger":"root","filename":"new_tropes_dag.py","lineno":66}
{"timestamp":"2025-12-19T10:53:47.843261Z","level":"info","event":"Formatting title: Star Trek The Motion Picture","logger":"root","filename":"new_tropes_dag.py","lineno":66}
{"timestamp":"2025-12-19T10:53:47.843293Z","level":"info","event":"Formatting title: Star Trek V The Final Frontier","logger":"root","filename":"new_tropes_dag.py","lineno":66}
{"timestamp":"2025-12-19T10:53:47.843327Z","level":"info","event":"Formatting title: Star Wars A New Hope","logger":"root","filename":"new_tropes_dag.py","lineno":66}
{"timestamp":"2025-12-19T10:53:47.843362Z","level":"info","event":"Formatting title: Star Wars Attack Of The Clones","logger":"root","filename":"new_tropes_dag.py","lineno":66}
{"timestamp":"2025-12-19T10:53:47.843399Z","level":"info","event":"Formatting title: Star Wars Episode 2 Attack Of The Clones","logger":"root","filename":"new_tropes_dag.py","lineno":66}
{"timestamp":"2025-12-19T10:53:47.843433Z","level":"info","event":"Formatting title: Star Wars Episode 3 Revenge Of The Sith","logger":"root","filename":"new_tropes_dag.py","lineno":66}
{"timestamp":"2025-12-19T10:53:47.843469Z","level":"info","event":"Formatting title: Star Wars Episode 4 A New Hope","logger":"root","filename":"new_tropes_dag.py","lineno":66}
{"timestamp":"2025-12-19T10:53:47.843507Z","level":"info","event":"Formatting title: Star Wars Episode 6 Return Of The Jedi","logger":"root","filename":"new_tropes_dag.py","lineno":66}
{"timestamp":"2025-12-19T10:53:47.843540Z","level":"info","event":"Formatting title: Star Wars Episode I The Phantom Menace","logger":"root","filename":"new_tropes_dag.py","lineno":66}
{"timestamp":"2025-12-19T10:53:47.843575Z","level":"info","event":"Formatting title: Star Wars Episode V The Empire Strikes Back","logger":"root","filename":"new_tropes_dag.py","lineno":66}
{"timestamp":"2025-12-19T10:53:47.843615Z","level":"info","event":"Formatting title: Star Wars Return Of The Jedi","logger":"root","filename":"new_tropes_dag.py","lineno":66}
{"timestamp":"2025-12-19T10:53:47.843656Z","level":"info","event":"Formatting title: Star Wars Revenge Of The Sith","logger":"root","filename":"new_tropes_dag.py","lineno":66}
{"timestamp":"2025-12-19T10:53:47.843688Z","level":"info","event":"Formatting title: Star Wars The Empire Strikes Back","logger":"root","filename":"new_tropes_dag.py","lineno":66}
{"timestamp":"2025-12-19T10:53:47.843719Z","level":"info","event":"Formatting title: Star Wars The Force Awakens","logger":"root","filename":"new_tropes_dag.py","lineno":66}
{"timestamp":"2025-12-19T10:53:47.843747Z","level":"info","event":"Formatting title: Star Wars The Phantom Menace","logger":"root","filename":"new_tropes_dag.py","lineno":66}
{"timestamp":"2025-12-19T10:53:47.843776Z","level":"info","event":"Formatting title: Stardust","logger":"root","filename":"new_tropes_dag.py","lineno":66}
{"timestamp":"2025-12-19T10:53:47.843804Z","level":"info","event":"Formatting title: Stargate","logger":"root","filename":"new_tropes_dag.py","lineno":66}
{"timestamp":"2025-12-19T10:53:47.843836Z","level":"info","event":"Formatting title: Starman","logger":"root","filename":"new_tropes_dag.py","lineno":66}
{"timestamp":"2025-12-19T10:53:47.843868Z","level":"info","event":"Formatting title: Starship Troopers","logger":"root","filename":"new_tropes_dag.py","lineno":66}
{"timestamp":"2025-12-19T10:53:47.843897Z","level":"info","event":"Formatting title: State And Main","logger":"root","filename":"new_tropes_dag.py","lineno":66}
{"timestamp":"2025-12-19T10:53:47.843934Z","level":"info","event":"Formatting title: State Of Grace","logger":"root","filename":"new_tropes_dag.py","lineno":66}
{"timestamp":"2025-12-19T10:53:47.843965Z","level":"info","event":"Formatting title: State Of Play","logger":"root","filename":"new_tropes_dag.py","lineno":66}
{"timestamp":"2025-12-19T10:53:47.843995Z","level":"info","event":"Formatting title: Station West","logger":"root","filename":"new_tropes_dag.py","lineno":66}
{"timestamp":"2025-12-19T10:53:47.844027Z","level":"info","event":"Formatting title: Step Brothers","logger":"root","filename":"new_tropes_dag.py","lineno":66}
{"timestamp":"2025-12-19T10:53:47.844067Z","level":"info","event":"Formatting title: Stepmom","logger":"root","filename":"new_tropes_dag.py","lineno":66}
{"timestamp":"2025-12-19T10:53:47.844102Z","level":"info","event":"Formatting title: Steve Jobs","logger":"root","filename":"new_tropes_dag.py","lineno":66}
{"timestamp":"2025-12-19T10:53:47.844134Z","level":"info","event":"Formatting title: Sting The","logger":"root","filename":"new_tropes_dag.py","lineno":66}
{"timestamp":"2025-12-19T10:53:47.844165Z","level":"info","event":"Formatting title: Stir Of Echoes","logger":"root","filename":"new_tropes_dag.py","lineno":66}
{"timestamp":"2025-12-19T10:53:47.844201Z","level":"info","event":"Formatting title: Stoker","logger":"root","filename":"new_tropes_dag.py","lineno":66}
{"timestamp":"2025-12-19T10:53:47.844278Z","level":"info","event":"Formatting title: Storm","logger":"root","filename":"new_tropes_dag.py","lineno":66}
{"timestamp":"2025-12-19T10:53:47.844329Z","level":"info","event":"Formatting title: Storytelling","logger":"root","filename":"new_tropes_dag.py","lineno":66}
{"timestamp":"2025-12-19T10:53:47.844369Z","level":"info","event":"Formatting title: Straight Outta Compton","logger":"root","filename":"new_tropes_dag.py","lineno":66}
{"timestamp":"2025-12-19T10:53:47.844586Z","level":"info","event":"Formatting title: Strange Days","logger":"root","filename":"new_tropes_dag.py","lineno":66}
{"timestamp":"2025-12-19T10:53:47.845154Z","level":"info","event":"Formatting title: Stranger Than Fiction","logger":"root","filename":"new_tropes_dag.py","lineno":66}
{"timestamp":"2025-12-19T10:53:47.845652Z","level":"info","event":"Formatting title: Stranger Than Paradise","logger":"root","filename":"new_tropes_dag.py","lineno":66}
{"timestamp":"2025-12-19T10:53:47.846106Z","level":"info","event":"Formatting title: Strangers On A Train","logger":"root","filename":"new_tropes_dag.py","lineno":66}
{"timestamp":"2025-12-19T10:53:47.846207Z","level":"info","event":"Formatting title: Strawberry Mansion","logger":"root","filename":"new_tropes_dag.py","lineno":66}
{"timestamp":"2025-12-19T10:53:47.846273Z","level":"info","event":"Formatting title: Street Smart","logger":"root","filename":"new_tropes_dag.py","lineno":66}
{"timestamp":"2025-12-19T10:53:47.846324Z","level":"info","event":"Formatting title: Stuber","logger":"root","filename":"new_tropes_dag.py","lineno":66}
{"timestamp":"2025-12-19T10:53:47.846364Z","level":"info","event":"Formatting title: Stuntman The","logger":"root","filename":"new_tropes_dag.py","lineno":66}
{"timestamp":"2025-12-19T10:53:47.846624Z","level":"info","event":"Formatting title: Submarine","logger":"root","filename":"new_tropes_dag.py","lineno":66}
{"timestamp":"2025-12-19T10:53:47.847022Z","level":"info","event":"Formatting title: Substance The","logger":"root","filename":"new_tropes_dag.py","lineno":66}
{"timestamp":"2025-12-19T10:53:47.847170Z","level":"info","event":"Formatting title: Suburbicon","logger":"root","filename":"new_tropes_dag.py","lineno":66}
{"timestamp":"2025-12-19T10:53:47.847456Z","level":"info","event":"Formatting title: Suffragette","logger":"root","filename":"new_tropes_dag.py","lineno":66}
{"timestamp":"2025-12-19T10:53:47.847556Z","level":"info","event":"Formatting title: Sugar","logger":"root","filename":"new_tropes_dag.py","lineno":66}
{"timestamp":"2025-12-19T10:53:47.847781Z","level":"info","event":"Formatting title: Sugar And Spice","logger":"root","filename":"new_tropes_dag.py","lineno":66}
{"timestamp":"2025-12-19T10:53:47.848001Z","level":"info","event":"Formatting title: Suicide Squad","logger":"root","filename":"new_tropes_dag.py","lineno":66}
{"timestamp":"2025-12-19T10:53:47.848073Z","level":"info","event":"Formatting title: Sully","logger":"root","filename":"new_tropes_dag.py","lineno":66}
{"timestamp":"2025-12-19T10:53:47.848360Z","level":"info","event":"Formatting title: Sunset Blvd","logger":"root","filename":"new_tropes_dag.py","lineno":66}
{"timestamp":"2025-12-19T10:53:47.848432Z","level":"info","event":"Formatting title: Sunshine","logger":"root","filename":"new_tropes_dag.py","lineno":66}
{"timestamp":"2025-12-19T10:53:47.848471Z","level":"info","event":"Formatting title: Sunshine Cleaning","logger":"root","filename":"new_tropes_dag.py","lineno":66}
{"timestamp":"2025-12-19T10:53:47.848519Z","level":"info","event":"Formatting title: Super","logger":"root","filename":"new_tropes_dag.py","lineno":66}
{"timestamp":"2025-12-19T10:53:47.848573Z","level":"info","event":"Formatting title: Super 8","logger":"root","filename":"new_tropes_dag.py","lineno":66}
{"timestamp":"2025-12-19T10:53:47.848847Z","level":"info","event":"Formatting title: Super Dark Times","logger":"root","filename":"new_tropes_dag.py","lineno":66}
{"timestamp":"2025-12-19T10:53:47.849095Z","level":"info","event":"Formatting title: Super Mario Bros","logger":"root","filename":"new_tropes_dag.py","lineno":66}
{"timestamp":"2025-12-19T10:53:47.849536Z","level":"info","event":"Formatting title: Superbad","logger":"root","filename":"new_tropes_dag.py","lineno":66}
{"timestamp":"2025-12-19T10:53:47.849809Z","level":"info","event":"Formatting title: Superfights","logger":"root","filename":"new_tropes_dag.py","lineno":66}
{"timestamp":"2025-12-19T10:53:47.850056Z","level":"info","event":"Formatting title: Supergirl","logger":"root","filename":"new_tropes_dag.py","lineno":66}
{"timestamp":"2025-12-19T10:53:47.850129Z","level":"info","event":"Formatting title: Superman","logger":"root","filename":"new_tropes_dag.py","lineno":66}
{"timestamp":"2025-12-19T10:53:47.850167Z","level":"info","event":"Formatting title: Surfer King The","logger":"root","filename":"new_tropes_dag.py","lineno":66}
{"timestamp":"2025-12-19T10:53:47.850203Z","level":"info","event":"Formatting title: Surrogates","logger":"root","filename":"new_tropes_dag.py","lineno":66}
{"timestamp":"2025-12-19T10:53:47.850247Z","level":"info","event":"Formatting title: Suspect Zero","logger":"root","filename":"new_tropes_dag.py","lineno":66}
{"timestamp":"2025-12-19T10:53:47.850277Z","level":"info","event":"Formatting title: Suspiria","logger":"root","filename":"new_tropes_dag.py","lineno":66}
{"timestamp":"2025-12-19T10:53:47.850419Z","level":"info","event":"Formatting title: Swan Song","logger":"root","filename":"new_tropes_dag.py","lineno":66}
{"timestamp":"2025-12-19T10:53:47.850631Z","level":"info","event":"Formatting title: Sweeney Todd The Demon Barber Of Fleet Street","logger":"root","filename":"new_tropes_dag.py","lineno":66}
{"timestamp":"2025-12-19T10:53:47.850960Z","level":"info","event":"Formatting title: Sweet Hereafter The","logger":"root","filename":"new_tropes_dag.py","lineno":66}
{"timestamp":"2025-12-19T10:53:47.851084Z","level":"info","event":"Formatting title: Sweet Smell Of Success","logger":"root","filename":"new_tropes_dag.py","lineno":66}
{"timestamp":"2025-12-19T10:53:47.851212Z","level":"info","event":"Formatting title: Swingers","logger":"root","filename":"new_tropes_dag.py","lineno":66}
{"timestamp":"2025-12-19T10:53:47.851420Z","level":"info","event":"Formatting title: Swiss Army Man","logger":"root","filename":"new_tropes_dag.py","lineno":66}
{"timestamp":"2025-12-19T10:53:47.851484Z","level":"info","event":"Formatting title: Swordfish","logger":"root","filename":"new_tropes_dag.py","lineno":66}
{"timestamp":"2025-12-19T10:53:47.851527Z","level":"info","event":"Formatting title: Synecdoche New York","logger":"root","filename":"new_tropes_dag.py","lineno":66}
{"timestamp":"2025-12-19T10:53:47.851561Z","level":"info","event":"Formatting title: Syriana","logger":"root","filename":"new_tropes_dag.py","lineno":66}
{"timestamp":"2025-12-19T10:53:47.851590Z","level":"info","event":"Formatting title: Take Shelter","logger":"root","filename":"new_tropes_dag.py","lineno":66}
{"timestamp":"2025-12-19T10:53:47.851624Z","level":"info","event":"Formatting title: Taking Lives","logger":"root","filename":"new_tropes_dag.py","lineno":66}
{"timestamp":"2025-12-19T10:53:47.851656Z","level":"info","event":"Formatting title: Taking Of Pelham One Two Three The","logger":"root","filename":"new_tropes_dag.py","lineno":66}
{"timestamp":"2025-12-19T10:53:47.851685Z","level":"info","event":"Formatting title: Taking Sides","logger":"root","filename":"new_tropes_dag.py","lineno":66}
{"timestamp":"2025-12-19T10:53:47.851719Z","level":"info","event":"Formatting title: Talented Mr Ripley The","logger":"root","filename":"new_tropes_dag.py","lineno":66}
{"timestamp":"2025-12-19T10:53:47.851763Z","level":"info","event":"Formatting title: Talkin Dirty After Dark","logger":"root","filename":"new_tropes_dag.py","lineno":66}
{"timestamp":"2025-12-19T10:53:47.851875Z","level":"info","event":"Formatting title: Tall In The Saddle","logger":"root","filename":"new_tropes_dag.py","lineno":66}
{"timestamp":"2025-12-19T10:53:47.851958Z","level":"info","event":"Formatting title: Talladega Nights The Ballad Of Ricky Bobby","logger":"root","filename":"new_tropes_dag.py","lineno":66}
{"timestamp":"2025-12-19T10:53:47.852027Z","level":"info","event":"Formatting title: Tamara Drewe","logger":"root","filename":"new_tropes_dag.py","lineno":66}
{"timestamp":"2025-12-19T10:53:47.852073Z","level":"info","event":"Formatting title: Tango & Cash","logger":"root","filename":"new_tropes_dag.py","lineno":66}
{"timestamp":"2025-12-19T10:53:47.852104Z","level":"info","event":"Formatting title: Taxi Driver","logger":"root","filename":"new_tropes_dag.py","lineno":66}
{"timestamp":"2025-12-19T10:53:47.852806Z","level":"info","event":"Formatting title: Teachers Lounge The","logger":"root","filename":"new_tropes_dag.py","lineno":66}
{"timestamp":"2025-12-19T10:53:47.853429Z","level":"info","event":"Formatting title: Team America World Police","logger":"root","filename":"new_tropes_dag.py","lineno":66}
{"timestamp":"2025-12-19T10:53:47.853797Z","level":"info","event":"Formatting title: Ted","logger":"root","filename":"new_tropes_dag.py","lineno":66}
{"timestamp":"2025-12-19T10:53:47.854110Z","level":"info","event":"Formatting title: Teen Wolf","logger":"root","filename":"new_tropes_dag.py","lineno":66}
{"timestamp":"2025-12-19T10:53:47.854333Z","level":"info","event":"Formatting title: Teenage Mutant Ninja Turtles Mutant Mayhem","logger":"root","filename":"new_tropes_dag.py","lineno":66}
{"timestamp":"2025-12-19T10:53:47.854439Z","level":"info","event":"Formatting title: Tenet","logger":"root","filename":"new_tropes_dag.py","lineno":66}
{"timestamp":"2025-12-19T10:53:47.854487Z","level":"info","event":"Formatting title: Tequila Sunrise","logger":"root","filename":"new_tropes_dag.py","lineno":66}
{"timestamp":"2025-12-19T10:53:47.854525Z","level":"info","event":"Formatting title: Terminator","logger":"root","filename":"new_tropes_dag.py","lineno":66}
{"timestamp":"2025-12-19T10:53:47.854569Z","level":"info","event":"Formatting title: Terminator 2 Judgement Day","logger":"root","filename":"new_tropes_dag.py","lineno":66}
{"timestamp":"2025-12-19T10:53:47.854623Z","level":"info","event":"Formatting title: Terminator Genisys","logger":"root","filename":"new_tropes_dag.py","lineno":66}
{"timestamp":"2025-12-19T10:53:47.854690Z","level":"info","event":"Formatting title: Terminator Salvation","logger":"root","filename":"new_tropes_dag.py","lineno":66}
{"timestamp":"2025-12-19T10:53:47.854752Z","level":"info","event":"Formatting title: Terms Of Endearment","logger":"root","filename":"new_tropes_dag.py","lineno":66}
{"timestamp":"2025-12-19T10:53:47.854818Z","level":"info","event":"Formatting title: The 40 Year Old Virgin","logger":"root","filename":"new_tropes_dag.py","lineno":66}
{"timestamp":"2025-12-19T10:53:47.854899Z","level":"info","event":"Formatting title: The A Team","logger":"root","filename":"new_tropes_dag.py","lineno":66}
{"timestamp":"2025-12-19T10:53:47.854947Z","level":"info","event":"Formatting title: The Abyss","logger":"root","filename":"new_tropes_dag.py","lineno":66}
{"timestamp":"2025-12-19T10:53:47.854987Z","level":"info","event":"Formatting title: The Accidental Tourist","logger":"root","filename":"new_tropes_dag.py","lineno":66}
{"timestamp":"2025-12-19T10:53:47.855022Z","level":"info","event":"Formatting title: The Accountant","logger":"root","filename":"new_tropes_dag.py","lineno":66}
{"timestamp":"2025-12-19T10:53:47.855053Z","level":"info","event":"Formatting title: The Addams Family","logger":"root","filename":"new_tropes_dag.py","lineno":66}
{"timestamp":"2025-12-19T10:53:47.855082Z","level":"info","event":"Formatting title: The Adjustment Bureau","logger":"root","filename":"new_tropes_dag.py","lineno":66}
{"timestamp":"2025-12-19T10:53:47.855111Z","level":"info","event":"Formatting title: The Adventures Of Ford Fairlane","logger":"root","filename":"new_tropes_dag.py","lineno":66}
{"timestamp":"2025-12-19T10:53:47.855137Z","level":"info","event":"Formatting title: The Adventures Of Tintin","logger":"root","filename":"new_tropes_dag.py","lineno":66}
{"timestamp":"2025-12-19T10:53:47.855166Z","level":"info","event":"Formatting title: The African Queen","logger":"root","filename":"new_tropes_dag.py","lineno":66}
{"timestamp":"2025-12-19T10:53:47.855202Z","level":"info","event":"Formatting title: The American","logger":"root","filename":"new_tropes_dag.py","lineno":66}
{"timestamp":"2025-12-19T10:53:47.855233Z","level":"info","event":"Formatting title: The American President","logger":"root","filename":"new_tropes_dag.py","lineno":66}
{"timestamp":"2025-12-19T10:53:47.855260Z","level":"info","event":"Formatting title: The Amityville Horror","logger":"root","filename":"new_tropes_dag.py","lineno":66}
{"timestamp":"2025-12-19T10:53:47.855290Z","level":"info","event":"Formatting title: The Apartment","logger":"root","filename":"new_tropes_dag.py","lineno":66}
{"timestamp":"2025-12-19T10:53:47.855316Z","level":"info","event":"Formatting title: The Artist","logger":"root","filename":"new_tropes_dag.py","lineno":66}
{"timestamp":"2025-12-19T10:53:47.855342Z","level":"info","event":"Formatting title: The Avengers","logger":"root","filename":"new_tropes_dag.py","lineno":66}
{"timestamp":"2025-12-19T10:53:47.855370Z","level":"info","event":"Formatting title: The Aviator","logger":"root","filename":"new_tropes_dag.py","lineno":66}
{"timestamp":"2025-12-19T10:53:47.855394Z","level":"info","event":"Formatting title: The Babadook","logger":"root","filename":"new_tropes_dag.py","lineno":66}
{"timestamp":"2025-12-19T10:53:47.855422Z","level":"info","event":"Formatting title: The Babysitter","logger":"root","filename":"new_tropes_dag.py","lineno":66}
{"timestamp":"2025-12-19T10:53:47.855465Z","level":"info","event":"Formatting title: The Ballad Of Buster Scruggs","logger":"root","filename":"new_tropes_dag.py","lineno":66}
{"timestamp":"2025-12-19T10:53:47.855490Z","level":"info","event":"Formatting title: The Banshees Of Inisherin","logger":"root","filename":"new_tropes_dag.py","lineno":66}
{"timestamp":"2025-12-19T10:53:47.855514Z","level":"info","event":"Formatting title: The Batman","logger":"root","filename":"new_tropes_dag.py","lineno":66}
{"timestamp":"2025-12-19T10:53:47.855539Z","level":"info","event":"Formatting title: The Beach Bum","logger":"root","filename":"new_tropes_dag.py","lineno":66}
{"timestamp":"2025-12-19T10:53:47.855563Z","level":"info","event":"Formatting title: The Beekeeper","logger":"root","filename":"new_tropes_dag.py","lineno":66}
{"timestamp":"2025-12-19T10:53:47.855589Z","level":"info","event":"Formatting title: The Beguiled","logger":"root","filename":"new_tropes_dag.py","lineno":66}
{"timestamp":"2025-12-19T10:53:47.855616Z","level":"info","event":"Formatting title: The Beguiled","logger":"root","filename":"new_tropes_dag.py","lineno":66}
{"timestamp":"2025-12-19T10:53:47.855643Z","level":"info","event":"Formatting title: The Bfg","logger":"root","filename":"new_tropes_dag.py","lineno":66}
{"timestamp":"2025-12-19T10:53:47.855667Z","level":"info","event":"Formatting title: The Big Chill","logger":"root","filename":"new_tropes_dag.py","lineno":66}
{"timestamp":"2025-12-19T10:53:47.855691Z","level":"info","event":"Formatting title: The Big Easy","logger":"root","filename":"new_tropes_dag.py","lineno":66}
{"timestamp":"2025-12-19T10:53:47.855714Z","level":"info","event":"Formatting title: The Big Lebowski","logger":"root","filename":"new_tropes_dag.py","lineno":66}
{"timestamp":"2025-12-19T10:53:47.855740Z","level":"info","event":"Formatting title: The Big Short","logger":"root","filename":"new_tropes_dag.py","lineno":66}
{"timestamp":"2025-12-19T10:53:47.855763Z","level":"info","event":"Formatting title: The Big Sick","logger":"root","filename":"new_tropes_dag.py","lineno":66}
{"timestamp":"2025-12-19T10:53:47.855786Z","level":"info","event":"Formatting title: The Birdcage","logger":"root","filename":"new_tropes_dag.py","lineno":66}
{"timestamp":"2025-12-19T10:53:47.855809Z","level":"info","event":"Formatting title: The Birds","logger":"root","filename":"new_tropes_dag.py","lineno":66}
{"timestamp":"2025-12-19T10:53:47.855833Z","level":"info","event":"Formatting title: The Birth Of A Nation","logger":"root","filename":"new_tropes_dag.py","lineno":66}
{"timestamp":"2025-12-19T10:53:47.855859Z","level":"info","event":"Formatting title: The Bling Ring","logger":"root","filename":"new_tropes_dag.py","lineno":66}
{"timestamp":"2025-12-19T10:53:47.855883Z","level":"info","event":"Formatting title: The Blob","logger":"root","filename":"new_tropes_dag.py","lineno":66}
{"timestamp":"2025-12-19T10:53:47.855907Z","level":"info","event":"Formatting title: The Blues Brothers","logger":"root","filename":"new_tropes_dag.py","lineno":66}
{"timestamp":"2025-12-19T10:53:47.855931Z","level":"info","event":"Formatting title: The Bodyguard","logger":"root","filename":"new_tropes_dag.py","lineno":66}
{"timestamp":"2025-12-19T10:53:47.855965Z","level":"info","event":"Formatting title: The Bonfire Of The Vanities","logger":"root","filename":"new_tropes_dag.py","lineno":66}
{"timestamp":"2025-12-19T10:53:47.927331Z","level":"info","event":"Formatting title: The Boondock Saints","logger":"root","filename":"new_tropes_dag.py","lineno":66}
{"timestamp":"2025-12-19T10:53:47.927442Z","level":"info","event":"Formatting title: The Boondock Saints 2 All Saints Day","logger":"root","filename":"new_tropes_dag.py","lineno":66}
{"timestamp":"2025-12-19T10:53:47.927481Z","level":"info","event":"Formatting title: The Boss Baby Family Business","logger":"root","filename":"new_tropes_dag.py","lineno":66}
{"timestamp":"2025-12-19T10:53:47.927531Z","level":"info","event":"Formatting title: The Bourne Identity","logger":"root","filename":"new_tropes_dag.py","lineno":66}
{"timestamp":"2025-12-19T10:53:47.927572Z","level":"info","event":"Formatting title: The Bourne Supremacy","logger":"root","filename":"new_tropes_dag.py","lineno":66}
{"timestamp":"2025-12-19T10:53:47.927604Z","level":"info","event":"Formatting title: The Bourne Ultimatum","logger":"root","filename":"new_tropes_dag.py","lineno":66}
{"timestamp":"2025-12-19T10:53:47.927632Z","level":"info","event":"Formatting title: The Boxtrolls","logger":"root","filename":"new_tropes_dag.py","lineno":66}
{"timestamp":"2025-12-19T10:53:47.927660Z","level":"info","event":"Formatting title: The Boy","logger":"root","filename":"new_tropes_dag.py","lineno":66}
{"timestamp":"2025-12-19T10:53:47.927686Z","level":"info","event":"Formatting title: The Brady Bunch Movie","logger":"root","filename":"new_tropes_dag.py","lineno":66}
{"timestamp":"2025-12-19T10:53:47.927713Z","level":"info","event":"Formatting title: The Breakfast Club","logger":"root","filename":"new_tropes_dag.py","lineno":66}
{"timestamp":"2025-12-19T10:53:47.927738Z","level":"info","event":"Formatting title: The Brothers Bloom","logger":"root","filename":"new_tropes_dag.py","lineno":66}
{"timestamp":"2025-12-19T10:53:47.927776Z","level":"info","event":"Formatting title: The Brutalist","logger":"root","filename":"new_tropes_dag.py","lineno":66}
{"timestamp":"2025-12-19T10:53:47.927814Z","level":"info","event":"Formatting title: The Burbs","logger":"root","filename":"new_tropes_dag.py","lineno":66}
{"timestamp":"2025-12-19T10:53:47.927843Z","level":"info","event":"Formatting title: The Burial","logger":"root","filename":"new_tropes_dag.py","lineno":66}
{"timestamp":"2025-12-19T10:53:47.927871Z","level":"info","event":"Formatting title: The Cabin In The Woods","logger":"root","filename":"new_tropes_dag.py","lineno":66}
{"timestamp":"2025-12-19T10:53:47.927897Z","level":"info","event":"Formatting title: The Card Counter","logger":"root","filename":"new_tropes_dag.py","lineno":66}
{"timestamp":"2025-12-19T10:53:47.927925Z","level":"info","event":"Formatting title: The Children Of The Corn","logger":"root","filename":"new_tropes_dag.py","lineno":66}
{"timestamp":"2025-12-19T10:53:47.927951Z","level":"info","event":"Formatting title: The Civil Dead","logger":"root","filename":"new_tropes_dag.py","lineno":66}
{"timestamp":"2025-12-19T10:53:47.927978Z","level":"info","event":"Formatting title: The Color Purple","logger":"root","filename":"new_tropes_dag.py","lineno":66}
{"timestamp":"2025-12-19T10:53:47.928016Z","level":"info","event":"Formatting title: The Color Purple","logger":"root","filename":"new_tropes_dag.py","lineno":66}
{"timestamp":"2025-12-19T10:53:47.928055Z","level":"info","event":"Formatting title: The Comedian","logger":"root","filename":"new_tropes_dag.py","lineno":66}
{"timestamp":"2025-12-19T10:53:47.928084Z","level":"info","event":"Formatting title: The Conjuring","logger":"root","filename":"new_tropes_dag.py","lineno":66}
{"timestamp":"2025-12-19T10:53:47.928112Z","level":"info","event":"Formatting title: The Conversation","logger":"root","filename":"new_tropes_dag.py","lineno":66}
{"timestamp":"2025-12-19T10:53:47.928139Z","level":"info","event":"Formatting title: The Cotton Club","logger":"root","filename":"new_tropes_dag.py","lineno":66}
{"timestamp":"2025-12-19T10:53:47.928165Z","level":"info","event":"Formatting title: The Craft","logger":"root","filename":"new_tropes_dag.py","lineno":66}
{"timestamp":"2025-12-19T10:53:47.928190Z","level":"info","event":"Formatting title: The Crow","logger":"root","filename":"new_tropes_dag.py","lineno":66}
{"timestamp":"2025-12-19T10:53:47.928216Z","level":"info","event":"Formatting title: The Curious Case Of Benjamin Button","logger":"root","filename":"new_tropes_dag.py","lineno":66}
{"timestamp":"2025-12-19T10:53:47.928241Z","level":"info","event":"Formatting title: The Cutting Edge","logger":"root","filename":"new_tropes_dag.py","lineno":66}
{"timestamp":"2025-12-19T10:53:47.928302Z","level":"info","event":"Formatting title: The Danish Girl","logger":"root","filename":"new_tropes_dag.py","lineno":66}
{"timestamp":"2025-12-19T10:53:47.928335Z","level":"info","event":"Formatting title: The Dark Knight","logger":"root","filename":"new_tropes_dag.py","lineno":66}
{"timestamp":"2025-12-19T10:53:47.928363Z","level":"info","event":"Formatting title: The Dark Knight Rises","logger":"root","filename":"new_tropes_dag.py","lineno":66}
{"timestamp":"2025-12-19T10:53:47.928391Z","level":"info","event":"Formatting title: The Dead Zone","logger":"root","filename":"new_tropes_dag.py","lineno":66}
{"timestamp":"2025-12-19T10:53:47.928418Z","level":"info","event":"Formatting title: The Deer Hunter","logger":"root","filename":"new_tropes_dag.py","lineno":66}
{"timestamp":"2025-12-19T10:53:47.928443Z","level":"info","event":"Formatting title: The Departed","logger":"root","filename":"new_tropes_dag.py","lineno":66}
{"timestamp":"2025-12-19T10:53:47.928469Z","level":"info","event":"Formatting title: The Descendants","logger":"root","filename":"new_tropes_dag.py","lineno":66}
{"timestamp":"2025-12-19T10:53:47.928549Z","level":"info","event":"Formatting title: The Descent","logger":"root","filename":"new_tropes_dag.py","lineno":66}
{"timestamp":"2025-12-19T10:53:47.928603Z","level":"info","event":"Formatting title: The Devil Wears Prada","logger":"root","filename":"new_tropes_dag.py","lineno":66}
{"timestamp":"2025-12-19T10:53:47.928687Z","level":"info","event":"Formatting title: The Devils Advocate","logger":"root","filename":"new_tropes_dag.py","lineno":66}
{"timestamp":"2025-12-19T10:53:47.928730Z","level":"info","event":"Formatting title: The Devils Rejects","logger":"root","filename":"new_tropes_dag.py","lineno":66}
{"timestamp":"2025-12-19T10:53:47.928761Z","level":"info","event":"Formatting title: The Disaster Artist","logger":"root","filename":"new_tropes_dag.py","lineno":66}
{"timestamp":"2025-12-19T10:53:47.928789Z","level":"info","event":"Formatting title: The Double","logger":"root","filename":"new_tropes_dag.py","lineno":66}
{"timestamp":"2025-12-19T10:53:47.928821Z","level":"info","event":"Formatting title: The Driver","logger":"root","filename":"new_tropes_dag.py","lineno":66}
{"timestamp":"2025-12-19T10:53:47.928850Z","level":"info","event":"Formatting title: The Edge Of Seventeen","logger":"root","filename":"new_tropes_dag.py","lineno":66}
{"timestamp":"2025-12-19T10:53:47.928878Z","level":"info","event":"Formatting title: The Electrical Life Of Louis Wain","logger":"root","filename":"new_tropes_dag.py","lineno":66}
{"timestamp":"2025-12-19T10:53:47.928941Z","level":"info","event":"Formatting title: The Entity","logger":"root","filename":"new_tropes_dag.py","lineno":66}
{"timestamp":"2025-12-19T10:53:47.929005Z","level":"info","event":"Formatting title: The Event","logger":"root","filename":"new_tropes_dag.py","lineno":66}
{"timestamp":"2025-12-19T10:53:47.929064Z","level":"info","event":"Formatting title: The Evil Dead","logger":"root","filename":"new_tropes_dag.py","lineno":66}
{"timestamp":"2025-12-19T10:53:47.929116Z","level":"info","event":"Formatting title: The Exorcist","logger":"root","filename":"new_tropes_dag.py","lineno":66}
{"timestamp":"2025-12-19T10:53:47.929164Z","level":"info","event":"Formatting title: The Exorcist 3","logger":"root","filename":"new_tropes_dag.py","lineno":66}
{"timestamp":"2025-12-19T10:53:47.929229Z","level":"info","event":"Formatting title: The Expendables","logger":"root","filename":"new_tropes_dag.py","lineno":66}
{"timestamp":"2025-12-19T10:53:47.929290Z","level":"info","event":"Formatting title: The Fabelmans","logger":"root","filename":"new_tropes_dag.py","lineno":66}
{"timestamp":"2025-12-19T10:53:47.929335Z","level":"info","event":"Formatting title: The Faculty","logger":"root","filename":"new_tropes_dag.py","lineno":66}
{"timestamp":"2025-12-19T10:53:47.929377Z","level":"info","event":"Formatting title: The Farewell","logger":"root","filename":"new_tropes_dag.py","lineno":66}
{"timestamp":"2025-12-19T10:53:47.929422Z","level":"info","event":"Formatting title: The Fast And The Furious","logger":"root","filename":"new_tropes_dag.py","lineno":66}
{"timestamp":"2025-12-19T10:53:47.929501Z","level":"info","event":"Formatting title: The Father","logger":"root","filename":"new_tropes_dag.py","lineno":66}
{"timestamp":"2025-12-19T10:53:47.929571Z","level":"info","event":"Formatting title: The Fault In Our Stars","logger":"root","filename":"new_tropes_dag.py","lineno":66}
{"timestamp":"2025-12-19T10:53:47.929628Z","level":"info","event":"Formatting title: The Favourite","logger":"root","filename":"new_tropes_dag.py","lineno":66}
{"timestamp":"2025-12-19T10:53:47.929676Z","level":"info","event":"Formatting title: The Fifth Element","logger":"root","filename":"new_tropes_dag.py","lineno":66}
{"timestamp":"2025-12-19T10:53:47.929742Z","level":"info","event":"Formatting title: The Firm","logger":"root","filename":"new_tropes_dag.py","lineno":66}
{"timestamp":"2025-12-19T10:53:47.929818Z","level":"info","event":"Formatting title: The Florida Project","logger":"root","filename":"new_tropes_dag.py","lineno":66}
{"timestamp":"2025-12-19T10:53:47.929890Z","level":"info","event":"Formatting title: The Fly","logger":"root","filename":"new_tropes_dag.py","lineno":66}
{"timestamp":"2025-12-19T10:53:47.929954Z","level":"info","event":"Formatting title: The Fly 2","logger":"root","filename":"new_tropes_dag.py","lineno":66}
{"timestamp":"2025-12-19T10:53:47.930016Z","level":"info","event":"Formatting title: The Fog","logger":"root","filename":"new_tropes_dag.py","lineno":66}
{"timestamp":"2025-12-19T10:53:47.930074Z","level":"info","event":"Formatting title: The Founder","logger":"root","filename":"new_tropes_dag.py","lineno":66}
{"timestamp":"2025-12-19T10:53:47.930187Z","level":"info","event":"Formatting title: The Fourth Kind","logger":"root","filename":"new_tropes_dag.py","lineno":66}
{"timestamp":"2025-12-19T10:53:47.930597Z","level":"info","event":"Formatting title: The French Connection","logger":"root","filename":"new_tropes_dag.py","lineno":66}
{"timestamp":"2025-12-19T10:53:47.930658Z","level":"info","event":"Formatting title: The French Dispatch","logger":"root","filename":"new_tropes_dag.py","lineno":66}
{"timestamp":"2025-12-19T10:53:47.930715Z","level":"info","event":"Formatting title: The Frighteners","logger":"root","filename":"new_tropes_dag.py","lineno":66}
{"timestamp":"2025-12-19T10:53:47.930747Z","level":"info","event":"Formatting title: The Front Runner","logger":"root","filename":"new_tropes_dag.py","lineno":66}
{"timestamp":"2025-12-19T10:53:47.930776Z","level":"info","event":"Formatting title: The Gambler","logger":"root","filename":"new_tropes_dag.py","lineno":66}
{"timestamp":"2025-12-19T10:53:47.930804Z","level":"info","event":"Formatting title: The Gentlemen","logger":"root","filename":"new_tropes_dag.py","lineno":66}
{"timestamp":"2025-12-19T10:53:47.930830Z","level":"info","event":"Formatting title: The Girl On The Train","logger":"root","filename":"new_tropes_dag.py","lineno":66}
{"timestamp":"2025-12-19T10:53:47.930856Z","level":"info","event":"Formatting title: The Girl With The Dragon Tattoo","logger":"root","filename":"new_tropes_dag.py","lineno":66}
{"timestamp":"2025-12-19T10:53:47.930882Z","level":"info","event":"Formatting title: The Godfather","logger":"root","filename":"new_tropes_dag.py","lineno":66}
{"timestamp":"2025-12-19T10:53:47.930907Z","level":"info","event":"Formatting title: The Godfather Part 2","logger":"root","filename":"new_tropes_dag.py","lineno":66}
{"timestamp":"2025-12-19T10:53:47.931004Z","level":"info","event":"Formatting title: The Godfather Part 3","logger":"root","filename":"new_tropes_dag.py","lineno":66}
{"timestamp":"2025-12-19T10:53:47.931047Z","level":"info","event":"Formatting title: The Good Dinosaur","logger":"root","filename":"new_tropes_dag.py","lineno":66}
{"timestamp":"2025-12-19T10:53:47.931077Z","level":"info","event":"Formatting title: The Good Nurse","logger":"root","filename":"new_tropes_dag.py","lineno":66}
{"timestamp":"2025-12-19T10:53:47.931106Z","level":"info","event":"Formatting title: The Good Shepherd","logger":"root","filename":"new_tropes_dag.py","lineno":66}
{"timestamp":"2025-12-19T10:53:47.931134Z","level":"info","event":"Formatting title: The Goodbye Girl","logger":"root","filename":"new_tropes_dag.py","lineno":66}
{"timestamp":"2025-12-19T10:53:47.931160Z","level":"info","event":"Formatting title: The Goonies","logger":"root","filename":"new_tropes_dag.py","lineno":66}
{"timestamp":"2025-12-19T10:53:47.931186Z","level":"info","event":"Formatting title: The Graduate","logger":"root","filename":"new_tropes_dag.py","lineno":66}
{"timestamp":"2025-12-19T10:53:47.931231Z","level":"info","event":"Formatting title: The Grand Budapest Hotel","logger":"root","filename":"new_tropes_dag.py","lineno":66}
{"timestamp":"2025-12-19T10:53:47.931267Z","level":"info","event":"Formatting title: The Great Escape","logger":"root","filename":"new_tropes_dag.py","lineno":66}
{"timestamp":"2025-12-19T10:53:47.931296Z","level":"info","event":"Formatting title: The Great Muppet Caper","logger":"root","filename":"new_tropes_dag.py","lineno":66}
{"timestamp":"2025-12-19T10:53:47.931324Z","level":"info","event":"Formatting title: The Greatest Showman","logger":"root","filename":"new_tropes_dag.py","lineno":66}
{"timestamp":"2025-12-19T10:53:47.931349Z","level":"info","event":"Formatting title: The Grudge","logger":"root","filename":"new_tropes_dag.py","lineno":66}
{"timestamp":"2025-12-19T10:53:47.931375Z","level":"info","event":"Formatting title: The Grudge","logger":"root","filename":"new_tropes_dag.py","lineno":66}
{"timestamp":"2025-12-19T10:53:47.931401Z","level":"info","event":"Formatting title: The Guest","logger":"root","filename":"new_tropes_dag.py","lineno":66}
{"timestamp":"2025-12-19T10:53:47.931427Z","level":"info","event":"Formatting title: The Hand Of God","logger":"root","filename":"new_tropes_dag.py","lineno":66}
{"timestamp":"2025-12-19T10:53:47.931453Z","level":"info","event":"Formatting title: The Hangover","logger":"root","filename":"new_tropes_dag.py","lineno":66}
{"timestamp":"2025-12-19T10:53:47.931478Z","level":"info","event":"Formatting title: The Happy Prince","logger":"root","filename":"new_tropes_dag.py","lineno":66}
{"timestamp":"2025-12-19T10:53:47.931503Z","level":"info","event":"Formatting title: The Harder They Fall","logger":"root","filename":"new_tropes_dag.py","lineno":66}
{"timestamp":"2025-12-19T10:53:47.931541Z","level":"info","event":"Formatting title: The Hate You Give","logger":"root","filename":"new_tropes_dag.py","lineno":66}
{"timestamp":"2025-12-19T10:53:47.931578Z","level":"info","event":"Formatting title: The Hateful Eight","logger":"root","filename":"new_tropes_dag.py","lineno":66}
{"timestamp":"2025-12-19T10:53:47.931606Z","level":"info","event":"Formatting title: The Haunted Mansion","logger":"root","filename":"new_tropes_dag.py","lineno":66}
{"timestamp":"2025-12-19T10:53:47.931632Z","level":"info","event":"Formatting title: The Help","logger":"root","filename":"new_tropes_dag.py","lineno":66}
{"timestamp":"2025-12-19T10:53:47.931659Z","level":"info","event":"Formatting title: The Hills Have Eyes","logger":"root","filename":"new_tropes_dag.py","lineno":66}
{"timestamp":"2025-12-19T10:53:47.931685Z","level":"info","event":"Formatting title: The Hitcher","logger":"root","filename":"new_tropes_dag.py","lineno":66}
{"timestamp":"2025-12-19T10:53:47.931710Z","level":"info","event":"Formatting title: The Hitchhikers Guide To The Galaxy","logger":"root","filename":"new_tropes_dag.py","lineno":66}
{"timestamp":"2025-12-19T10:53:47.931736Z","level":"info","event":"Formatting title: The Hitmans Bodyguard","logger":"root","filename":"new_tropes_dag.py","lineno":66}
{"timestamp":"2025-12-19T10:53:47.931761Z","level":"info","event":"Formatting title: The Hobbit An Unexpected Journey","logger":"root","filename":"new_tropes_dag.py","lineno":66}
{"timestamp":"2025-12-19T10:53:47.931798Z","level":"info","event":"Formatting title: The Hobbit The Desolation Of Smaug","logger":"root","filename":"new_tropes_dag.py","lineno":66}
{"timestamp":"2025-12-19T10:53:47.931838Z","level":"info","event":"Formatting title: The Holdovers","logger":"root","filename":"new_tropes_dag.py","lineno":66}
{"timestamp":"2025-12-19T10:53:47.931867Z","level":"info","event":"Formatting title: The Hole","logger":"root","filename":"new_tropes_dag.py","lineno":66}
{"timestamp":"2025-12-19T10:53:47.931895Z","level":"info","event":"Formatting title: The Holiday","logger":"root","filename":"new_tropes_dag.py","lineno":66}
{"timestamp":"2025-12-19T10:53:47.931921Z","level":"info","event":"Formatting title: The Hollars","logger":"root","filename":"new_tropes_dag.py","lineno":66}
{"timestamp":"2025-12-19T10:53:47.931947Z","level":"info","event":"Formatting title: The Hours","logger":"root","filename":"new_tropes_dag.py","lineno":66}
{"timestamp":"2025-12-19T10:53:47.931973Z","level":"info","event":"Formatting title: The Howling","logger":"root","filename":"new_tropes_dag.py","lineno":66}
{"timestamp":"2025-12-19T10:53:47.931998Z","level":"info","event":"Formatting title: The Humans","logger":"root","filename":"new_tropes_dag.py","lineno":66}
{"timestamp":"2025-12-19T10:53:47.932023Z","level":"info","event":"Formatting title: The Hummingbird Project","logger":"root","filename":"new_tropes_dag.py","lineno":66}
{"timestamp":"2025-12-19T10:53:47.932072Z","level":"info","event":"Formatting title: The Hunger Games","logger":"root","filename":"new_tropes_dag.py","lineno":66}
{"timestamp":"2025-12-19T10:53:47.932103Z","level":"info","event":"Formatting title: The Hunger Games Catching Fire","logger":"root","filename":"new_tropes_dag.py","lineno":66}
{"timestamp":"2025-12-19T10:53:47.932132Z","level":"info","event":"Formatting title: The Hurt Locker","logger":"root","filename":"new_tropes_dag.py","lineno":66}
{"timestamp":"2025-12-19T10:53:47.932159Z","level":"info","event":"Formatting title: The Hustler","logger":"root","filename":"new_tropes_dag.py","lineno":66}
{"timestamp":"2025-12-19T10:53:47.932195Z","level":"info","event":"Formatting title: The Imaginarium Of Doctor Parnassus","logger":"root","filename":"new_tropes_dag.py","lineno":66}
{"timestamp":"2025-12-19T10:53:47.932222Z","level":"info","event":"Formatting title: The Imitation Game","logger":"root","filename":"new_tropes_dag.py","lineno":66}
{"timestamp":"2025-12-19T10:53:47.932248Z","level":"info","event":"Formatting title: The Incredible Burt Wonderstone","logger":"root","filename":"new_tropes_dag.py","lineno":66}
{"timestamp":"2025-12-19T10:53:47.932288Z","level":"info","event":"Formatting title: The Incredible Hulk","logger":"root","filename":"new_tropes_dag.py","lineno":66}
{"timestamp":"2025-12-19T10:53:47.932325Z","level":"info","event":"Formatting title: The Incredibles","logger":"root","filename":"new_tropes_dag.py","lineno":66}
{"timestamp":"2025-12-19T10:53:47.932353Z","level":"info","event":"Formatting title: The Informant","logger":"root","filename":"new_tropes_dag.py","lineno":66}
{"timestamp":"2025-12-19T10:53:47.932381Z","level":"info","event":"Formatting title: The Internship","logger":"root","filename":"new_tropes_dag.py","lineno":66}
{"timestamp":"2025-12-19T10:53:47.932407Z","level":"info","event":"Formatting title: The Interpreter","logger":"root","filename":"new_tropes_dag.py","lineno":66}
{"timestamp":"2025-12-19T10:53:47.932433Z","level":"info","event":"Formatting title: The Interview","logger":"root","filename":"new_tropes_dag.py","lineno":66}
{"timestamp":"2025-12-19T10:53:47.932459Z","level":"info","event":"Formatting title: The Invisible Woman","logger":"root","filename":"new_tropes_dag.py","lineno":66}
{"timestamp":"2025-12-19T10:53:47.932484Z","level":"info","event":"Formatting title: The Invitation","logger":"root","filename":"new_tropes_dag.py","lineno":66}
{"timestamp":"2025-12-19T10:53:47.932509Z","level":"info","event":"Formatting title: The Irishman","logger":"root","filename":"new_tropes_dag.py","lineno":66}
{"timestamp":"2025-12-19T10:53:47.932558Z","level":"info","event":"Formatting title: The Iron Claw","logger":"root","filename":"new_tropes_dag.py","lineno":66}
{"timestamp":"2025-12-19T10:53:47.932587Z","level":"info","event":"Formatting title: The Iron Giant","logger":"root","filename":"new_tropes_dag.py","lineno":66}
{"timestamp":"2025-12-19T10:53:47.932629Z","level":"info","event":"Formatting title: The Island Of Dr Moreau","logger":"root","filename":"new_tropes_dag.py","lineno":66}
{"timestamp":"2025-12-19T10:53:47.932662Z","level":"info","event":"Formatting title: The Jerk","logger":"root","filename":"new_tropes_dag.py","lineno":66}
{"timestamp":"2025-12-19T10:53:47.932688Z","level":"info","event":"Formatting title: The Jewel Of The Nile","logger":"root","filename":"new_tropes_dag.py","lineno":66}
{"timestamp":"2025-12-19T10:53:47.932715Z","level":"info","event":"Formatting title: The Karate Kid Part 2","logger":"root","filename":"new_tropes_dag.py","lineno":66}
{"timestamp":"2025-12-19T10:53:47.932741Z","level":"info","event":"Formatting title: The Karate Kid Part 3","logger":"root","filename":"new_tropes_dag.py","lineno":66}
{"timestamp":"2025-12-19T10:53:47.932768Z","level":"info","event":"Formatting title: The Kids Are All Right","logger":"root","filename":"new_tropes_dag.py","lineno":66}
{"timestamp":"2025-12-19T10:53:47.932795Z","level":"info","event":"Formatting title: The Killer","logger":"root","filename":"new_tropes_dag.py","lineno":66}
{"timestamp":"2025-12-19T10:53:47.932827Z","level":"info","event":"Formatting title: The Killing Of A Sacred Deer","logger":"root","filename":"new_tropes_dag.py","lineno":66}
{"timestamp":"2025-12-19T10:53:47.932854Z","level":"info","event":"Formatting title: The King","logger":"root","filename":"new_tropes_dag.py","lineno":66}
{"timestamp":"2025-12-19T10:53:47.932879Z","level":"info","event":"Formatting title: The King Of Comedy","logger":"root","filename":"new_tropes_dag.py","lineno":66}
{"timestamp":"2025-12-19T10:53:47.932904Z","level":"info","event":"Formatting title: The Kings Speech","logger":"root","filename":"new_tropes_dag.py","lineno":66}
{"timestamp":"2025-12-19T10:53:47.932968Z","level":"info","event":"Formatting title: The Last Boy Scout","logger":"root","filename":"new_tropes_dag.py","lineno":66}
{"timestamp":"2025-12-19T10:53:47.933000Z","level":"info","event":"Formatting title: The Last Castle","logger":"root","filename":"new_tropes_dag.py","lineno":66}
{"timestamp":"2025-12-19T10:53:47.933028Z","level":"info","event":"Formatting title: The Last Picture Show","logger":"root","filename":"new_tropes_dag.py","lineno":66}
{"timestamp":"2025-12-19T10:53:47.933055Z","level":"info","event":"Formatting title: The Last Station","logger":"root","filename":"new_tropes_dag.py","lineno":66}
{"timestamp":"2025-12-19T10:53:47.933082Z","level":"info","event":"Formatting title: The Last Temptation Of Christ","logger":"root","filename":"new_tropes_dag.py","lineno":66}
{"timestamp":"2025-12-19T10:53:47.933108Z","level":"info","event":"Formatting title: The Legend Of Zorro","logger":"root","filename":"new_tropes_dag.py","lineno":66}
{"timestamp":"2025-12-19T10:53:47.933133Z","level":"info","event":"Formatting title: The Lego Movie","logger":"root","filename":"new_tropes_dag.py","lineno":66}
{"timestamp":"2025-12-19T10:53:47.933158Z","level":"info","event":"Formatting title: The Lighthouse","logger":"root","filename":"new_tropes_dag.py","lineno":66}
{"timestamp":"2025-12-19T10:53:47.933183Z","level":"info","event":"Formatting title: The Lincoln Lawyer","logger":"root","filename":"new_tropes_dag.py","lineno":66}
{"timestamp":"2025-12-19T10:53:47.933221Z","level":"info","event":"Formatting title: The Lion In Winter","logger":"root","filename":"new_tropes_dag.py","lineno":66}
{"timestamp":"2025-12-19T10:53:47.933260Z","level":"info","event":"Formatting title: The Lion King","logger":"root","filename":"new_tropes_dag.py","lineno":66}
{"timestamp":"2025-12-19T10:53:47.933290Z","level":"info","event":"Formatting title: The Little Mermaid","logger":"root","filename":"new_tropes_dag.py","lineno":66}
{"timestamp":"2025-12-19T10:53:47.933320Z","level":"info","event":"Formatting title: The Living Daylights","logger":"root","filename":"new_tropes_dag.py","lineno":66}
{"timestamp":"2025-12-19T10:53:47.933349Z","level":"info","event":"Formatting title: The Lobster","logger":"root","filename":"new_tropes_dag.py","lineno":66}
{"timestamp":"2025-12-19T10:53:47.933375Z","level":"info","event":"Formatting title: The Lone Ranger","logger":"root","filename":"new_tropes_dag.py","lineno":66}
{"timestamp":"2025-12-19T10:53:47.933401Z","level":"info","event":"Formatting title: The Long Goodbye","logger":"root","filename":"new_tropes_dag.py","lineno":66}
{"timestamp":"2025-12-19T10:53:47.933426Z","level":"info","event":"Formatting title: The Long Kiss Goodnight","logger":"root","filename":"new_tropes_dag.py","lineno":66}
{"timestamp":"2025-12-19T10:53:47.933451Z","level":"info","event":"Formatting title: The Lorax","logger":"root","filename":"new_tropes_dag.py","lineno":66}
{"timestamp":"2025-12-19T10:53:47.933476Z","level":"info","event":"Formatting title: The Lord Of The Rings The Fellowship Of The Ring","logger":"root","filename":"new_tropes_dag.py","lineno":66}
{"timestamp":"2025-12-19T10:53:47.933502Z","level":"info","event":"Formatting title: The Lord Of The Rings The Return Of The King","logger":"root","filename":"new_tropes_dag.py","lineno":66}
{"timestamp":"2025-12-19T10:53:47.933526Z","level":"info","event":"Formatting title: The Lord Of The Rings The Two Towers","logger":"root","filename":"new_tropes_dag.py","lineno":66}
{"timestamp":"2025-12-19T10:53:47.933550Z","level":"info","event":"Formatting title: The Lost Boys","logger":"root","filename":"new_tropes_dag.py","lineno":66}
{"timestamp":"2025-12-19T10:53:47.933601Z","level":"info","event":"Formatting title: The Lost City Of Z","logger":"root","filename":"new_tropes_dag.py","lineno":66}
{"timestamp":"2025-12-19T10:53:47.933635Z","level":"info","event":"Formatting title: The Lost Daughter","logger":"root","filename":"new_tropes_dag.py","lineno":66}
{"timestamp":"2025-12-19T10:53:47.933664Z","level":"info","event":"Formatting title: The Lost Weekend","logger":"root","filename":"new_tropes_dag.py","lineno":66}
{"timestamp":"2025-12-19T10:53:47.933692Z","level":"info","event":"Formatting title: The Lost World Jurassic Park","logger":"root","filename":"new_tropes_dag.py","lineno":66}
{"timestamp":"2025-12-19T10:53:47.933719Z","level":"info","event":"Formatting title: The Lunchbox","logger":"root","filename":"new_tropes_dag.py","lineno":66}
{"timestamp":"2025-12-19T10:53:47.933745Z","level":"info","event":"Formatting title: The Majestic","logger":"root","filename":"new_tropes_dag.py","lineno":66}
{"timestamp":"2025-12-19T10:53:47.933771Z","level":"info","event":"Formatting title: The Maltese Falcon","logger":"root","filename":"new_tropes_dag.py","lineno":66}
{"timestamp":"2025-12-19T10:53:47.933796Z","level":"info","event":"Formatting title: The Man From Uncle","logger":"root","filename":"new_tropes_dag.py","lineno":66}
{"timestamp":"2025-12-19T10:53:47.933820Z","level":"info","event":"Formatting title: The Man Who Invented Christmas","logger":"root","filename":"new_tropes_dag.py","lineno":66}
{"timestamp":"2025-12-19T10:53:47.933845Z","level":"info","event":"Formatting title: The Manchurian Candidate","logger":"root","filename":"new_tropes_dag.py","lineno":66}
{"timestamp":"2025-12-19T10:53:47.933871Z","level":"info","event":"Formatting title: The Martian","logger":"root","filename":"new_tropes_dag.py","lineno":66}
{"timestamp":"2025-12-19T10:53:47.933900Z","level":"info","event":"Formatting title: The Mask","logger":"root","filename":"new_tropes_dag.py","lineno":66}
{"timestamp":"2025-12-19T10:53:47.933925Z","level":"info","event":"Formatting title: The Mask Of Zorro","logger":"root","filename":"new_tropes_dag.py","lineno":66}
{"timestamp":"2025-12-19T10:53:47.933965Z","level":"info","event":"Formatting title: The Master","logger":"root","filename":"new_tropes_dag.py","lineno":66}
{"timestamp":"2025-12-19T10:53:47.934003Z","level":"info","event":"Formatting title: The Matador","logger":"root","filename":"new_tropes_dag.py","lineno":66}
{"timestamp":"2025-12-19T10:53:47.934031Z","level":"info","event":"Formatting title: The Matrix","logger":"root","filename":"new_tropes_dag.py","lineno":66}
{"timestamp":"2025-12-19T10:53:47.934057Z","level":"info","event":"Formatting title: The Matrix Reloaded","logger":"root","filename":"new_tropes_dag.py","lineno":66}
{"timestamp":"2025-12-19T10:53:47.934083Z","level":"info","event":"Formatting title: The Matrix Revolutions","logger":"root","filename":"new_tropes_dag.py","lineno":66}
{"timestamp":"2025-12-19T10:53:47.934111Z","level":"info","event":"Formatting title: The Maze Runner","logger":"root","filename":"new_tropes_dag.py","lineno":66}
{"timestamp":"2025-12-19T10:53:47.934136Z","level":"info","event":"Formatting title: The Meddler","logger":"root","filename":"new_tropes_dag.py","lineno":66}
{"timestamp":"2025-12-19T10:53:47.934162Z","level":"info","event":"Formatting title: The Meg","logger":"root","filename":"new_tropes_dag.py","lineno":66}
{"timestamp":"2025-12-19T10:53:47.934187Z","level":"info","event":"Formatting title: The Men Who Stare At Goats","logger":"root","filename":"new_tropes_dag.py","lineno":66}
{"timestamp":"2025-12-19T10:53:47.934211Z","level":"info","event":"Formatting title: The Menu","logger":"root","filename":"new_tropes_dag.py","lineno":66}
{"timestamp":"2025-12-19T10:53:47.934235Z","level":"info","event":"Formatting title: The Midnight Sky","logger":"root","filename":"new_tropes_dag.py","lineno":66}
{"timestamp":"2025-12-19T10:53:47.934261Z","level":"info","event":"Formatting title: The Mighty Ducks","logger":"root","filename":"new_tropes_dag.py","lineno":66}
{"timestamp":"2025-12-19T10:53:47.934286Z","level":"info","event":"Formatting title: The Miracle Club","logger":"root","filename":"new_tropes_dag.py","lineno":66}
{"timestamp":"2025-12-19T10:53:47.934332Z","level":"info","event":"Formatting title: The Mitchells Vs The Machines","logger":"root","filename":"new_tropes_dag.py","lineno":66}
{"timestamp":"2025-12-19T10:53:47.934365Z","level":"info","event":"Formatting title: The Mother","logger":"root","filename":"new_tropes_dag.py","lineno":66}
{"timestamp":"2025-12-19T10:53:47.934392Z","level":"info","event":"Formatting title: The Mummy","logger":"root","filename":"new_tropes_dag.py","lineno":66}
{"timestamp":"2025-12-19T10:53:47.934422Z","level":"info","event":"Formatting title: The Mummy","logger":"root","filename":"new_tropes_dag.py","lineno":66}
{"timestamp":"2025-12-19T10:53:47.934448Z","level":"info","event":"Formatting title: The Mummy Returns","logger":"root","filename":"new_tropes_dag.py","lineno":66}
{"timestamp":"2025-12-19T10:53:47.934474Z","level":"info","event":"Formatting title: The Mummy Tomb Of The Dragon Emperor","logger":"root","filename":"new_tropes_dag.py","lineno":66}
{"timestamp":"2025-12-19T10:53:47.934502Z","level":"info","event":"Formatting title: The Naked Gun 2½ The Smell Of Fear","logger":"root","filename":"new_tropes_dag.py","lineno":66}
{"timestamp":"2025-12-19T10:53:47.934531Z","level":"info","event":"Formatting title: The Naked Gun From The Files Of Police Squad","logger":"root","filename":"new_tropes_dag.py","lineno":66}
{"timestamp":"2025-12-19T10:53:47.934557Z","level":"info","event":"Formatting title: The Neon Demon","logger":"root","filename":"new_tropes_dag.py","lineno":66}
{"timestamp":"2025-12-19T10:53:47.934583Z","level":"info","event":"Formatting title: The Nice Guys","logger":"root","filename":"new_tropes_dag.py","lineno":66}
{"timestamp":"2025-12-19T10:53:47.934609Z","level":"info","event":"Formatting title: The Night House","logger":"root","filename":"new_tropes_dag.py","lineno":66}
{"timestamp":"2025-12-19T10:53:47.934647Z","level":"info","event":"Formatting title: The Nightmare Before Christmas","logger":"root","filename":"new_tropes_dag.py","lineno":66}
{"timestamp":"2025-12-19T10:53:47.934693Z","level":"info","event":"Formatting title: The Nines","logger":"root","filename":"new_tropes_dag.py","lineno":66}
{"timestamp":"2025-12-19T10:53:47.934724Z","level":"info","event":"Formatting title: The Northman","logger":"root","filename":"new_tropes_dag.py","lineno":66}
{"timestamp":"2025-12-19T10:53:47.934752Z","level":"info","event":"Formatting title: The Nun","logger":"root","filename":"new_tropes_dag.py","lineno":66}
{"timestamp":"2025-12-19T10:53:47.934778Z","level":"info","event":"Formatting title: The Nutty Professor","logger":"root","filename":"new_tropes_dag.py","lineno":66}
{"timestamp":"2025-12-19T10:53:47.934804Z","level":"info","event":"Formatting title: The Old Man And The Gun","logger":"root","filename":"new_tropes_dag.py","lineno":66}
{"timestamp":"2025-12-19T10:53:47.934830Z","level":"info","event":"Formatting title: The Omen","logger":"root","filename":"new_tropes_dag.py","lineno":66}
{"timestamp":"2025-12-19T10:53:47.934855Z","level":"info","event":"Formatting title: The Other Guys","logger":"root","filename":"new_tropes_dag.py","lineno":66}
{"timestamp":"2025-12-19T10:53:47.934894Z","level":"info","event":"Formatting title: The Other Side Of The Wind","logger":"root","filename":"new_tropes_dag.py","lineno":66}
{"timestamp":"2025-12-19T10:53:47.934940Z","level":"info","event":"Formatting title: The Others","logger":"root","filename":"new_tropes_dag.py","lineno":66}
{"timestamp":"2025-12-19T10:53:47.934982Z","level":"info","event":"Formatting title: The Outrun","logger":"root","filename":"new_tropes_dag.py","lineno":66}
{"timestamp":"2025-12-19T10:53:47.935013Z","level":"info","event":"Formatting title: The Outsiders","logger":"root","filename":"new_tropes_dag.py","lineno":66}
{"timestamp":"2025-12-19T10:53:47.935041Z","level":"info","event":"Formatting title: The Passion Of The Christ","logger":"root","filename":"new_tropes_dag.py","lineno":66}
{"timestamp":"2025-12-19T10:53:47.935070Z","level":"info","event":"Formatting title: The Peanut Butter Falcon","logger":"root","filename":"new_tropes_dag.py","lineno":66}
{"timestamp":"2025-12-19T10:53:47.935096Z","level":"info","event":"Formatting title: The Pelican Brief","logger":"root","filename":"new_tropes_dag.py","lineno":66}
{"timestamp":"2025-12-19T10:53:47.935124Z","level":"info","event":"Formatting title: The Perfect Storm","logger":"root","filename":"new_tropes_dag.py","lineno":66}
{"timestamp":"2025-12-19T10:53:47.935148Z","level":"info","event":"Formatting title: The Perks Of Being A Wallflower","logger":"root","filename":"new_tropes_dag.py","lineno":66}
{"timestamp":"2025-12-19T10:53:47.935173Z","level":"info","event":"Formatting title: The Persian Version","logger":"root","filename":"new_tropes_dag.py","lineno":66}
{"timestamp":"2025-12-19T10:53:47.935198Z","level":"info","event":"Formatting title: The Phantom","logger":"root","filename":"new_tropes_dag.py","lineno":66}
{"timestamp":"2025-12-19T10:53:47.935237Z","level":"info","event":"Formatting title: The Place Beyond The Pines","logger":"root","filename":"new_tropes_dag.py","lineno":66}
{"timestamp":"2025-12-19T10:53:47.935275Z","level":"info","event":"Formatting title: The Player","logger":"root","filename":"new_tropes_dag.py","lineno":66}
{"timestamp":"2025-12-19T10:53:47.935304Z","level":"info","event":"Formatting title: The Poseidon Adventure","logger":"root","filename":"new_tropes_dag.py","lineno":66}
{"timestamp":"2025-12-19T10:53:47.935332Z","level":"info","event":"Formatting title: The Post","logger":"root","filename":"new_tropes_dag.py","lineno":66}
{"timestamp":"2025-12-19T10:53:47.935359Z","level":"info","event":"Formatting title: The Power Of The Dog","logger":"root","filename":"new_tropes_dag.py","lineno":66}
{"timestamp":"2025-12-19T10:53:47.935408Z","level":"info","event":"Formatting title: The Predator","logger":"root","filename":"new_tropes_dag.py","lineno":66}
{"timestamp":"2025-12-19T10:53:47.935492Z","level":"info","event":"Formatting title: The Prestige","logger":"root","filename":"new_tropes_dag.py","lineno":66}
{"timestamp":"2025-12-19T10:53:47.935534Z","level":"info","event":"Formatting title: The Princess Bride","logger":"root","filename":"new_tropes_dag.py","lineno":66}
{"timestamp":"2025-12-19T10:53:47.935566Z","level":"info","event":"Formatting title: The Proposal","logger":"root","filename":"new_tropes_dag.py","lineno":66}
{"timestamp":"2025-12-19T10:53:48.003798Z","level":"info","event":"Formatting title: The Purge","logger":"root","filename":"new_tropes_dag.py","lineno":66}
{"timestamp":"2025-12-19T10:53:48.003904Z","level":"info","event":"Formatting title: The Pursuit Of Happyness","logger":"root","filename":"new_tropes_dag.py","lineno":66}
{"timestamp":"2025-12-19T10:53:48.003943Z","level":"info","event":"Formatting title: The Rage Carrie 2","logger":"root","filename":"new_tropes_dag.py","lineno":66}
{"timestamp":"2025-12-19T10:53:48.003974Z","level":"info","event":"Formatting title: The Red Turtle","logger":"root","filename":"new_tropes_dag.py","lineno":66}
{"timestamp":"2025-12-19T10:53:48.004002Z","level":"info","event":"Formatting title: The Revenant","logger":"root","filename":"new_tropes_dag.py","lineno":66}
{"timestamp":"2025-12-19T10:53:48.004030Z","level":"info","event":"Formatting title: The Rider","logger":"root","filename":"new_tropes_dag.py","lineno":66}
{"timestamp":"2025-12-19T10:53:48.004058Z","level":"info","event":"Formatting title: The Ring","logger":"root","filename":"new_tropes_dag.py","lineno":66}
{"timestamp":"2025-12-19T10:53:48.004084Z","level":"info","event":"Formatting title: The Road Warrior","logger":"root","filename":"new_tropes_dag.py","lineno":66}
{"timestamp":"2025-12-19T10:53:48.004110Z","level":"info","event":"Formatting title: The Rock","logger":"root","filename":"new_tropes_dag.py","lineno":66}
{"timestamp":"2025-12-19T10:53:48.004136Z","level":"info","event":"Formatting title: The Rocketeer","logger":"root","filename":"new_tropes_dag.py","lineno":66}
{"timestamp":"2025-12-19T10:53:48.004162Z","level":"info","event":"Formatting title: The Rocky Horror Picture Show","logger":"root","filename":"new_tropes_dag.py","lineno":66}
{"timestamp":"2025-12-19T10:53:48.004187Z","level":"info","event":"Formatting title: The Rookie","logger":"root","filename":"new_tropes_dag.py","lineno":66}
{"timestamp":"2025-12-19T10:53:48.004211Z","level":"info","event":"Formatting title: The Room Next Door","logger":"root","filename":"new_tropes_dag.py","lineno":66}
{"timestamp":"2025-12-19T10:53:48.004235Z","level":"info","event":"Formatting title: The Rover","logger":"root","filename":"new_tropes_dag.py","lineno":66}
{"timestamp":"2025-12-19T10:53:48.004260Z","level":"info","event":"Formatting title: The Royal Tenenbaums","logger":"root","filename":"new_tropes_dag.py","lineno":66}
{"timestamp":"2025-12-19T10:53:48.004316Z","level":"info","event":"Formatting title: The Rum Diary","logger":"root","filename":"new_tropes_dag.py","lineno":66}
{"timestamp":"2025-12-19T10:53:48.004349Z","level":"info","event":"Formatting title: The Sandlot","logger":"root","filename":"new_tropes_dag.py","lineno":66}
{"timestamp":"2025-12-19T10:53:48.004379Z","level":"info","event":"Formatting title: The Santa Clause","logger":"root","filename":"new_tropes_dag.py","lineno":66}
{"timestamp":"2025-12-19T10:53:48.004404Z","level":"info","event":"Formatting title: The Savages","logger":"root","filename":"new_tropes_dag.py","lineno":66}
{"timestamp":"2025-12-19T10:53:48.004431Z","level":"info","event":"Formatting title: The Searchers","logger":"root","filename":"new_tropes_dag.py","lineno":66}
{"timestamp":"2025-12-19T10:53:48.004458Z","level":"info","event":"Formatting title: The Secret Life Of Pets","logger":"root","filename":"new_tropes_dag.py","lineno":66}
{"timestamp":"2025-12-19T10:53:48.004485Z","level":"info","event":"Formatting title: The Secret Life Of Walter Mitty","logger":"root","filename":"new_tropes_dag.py","lineno":66}
{"timestamp":"2025-12-19T10:53:48.004511Z","level":"info","event":"Formatting title: The Sessions","logger":"root","filename":"new_tropes_dag.py","lineno":66}
{"timestamp":"2025-12-19T10:53:48.004535Z","level":"info","event":"Formatting title: The Shape Of Water","logger":"root","filename":"new_tropes_dag.py","lineno":66}
{"timestamp":"2025-12-19T10:53:48.004559Z","level":"info","event":"Formatting title: The Shawshank Redemption","logger":"root","filename":"new_tropes_dag.py","lineno":66}
{"timestamp":"2025-12-19T10:53:48.004584Z","level":"info","event":"Formatting title: The Shining","logger":"root","filename":"new_tropes_dag.py","lineno":66}
{"timestamp":"2025-12-19T10:53:48.004609Z","level":"info","event":"Formatting title: The Silence Of The Lambs","logger":"root","filename":"new_tropes_dag.py","lineno":66}
{"timestamp":"2025-12-19T10:53:48.004688Z","level":"info","event":"Formatting title: The Sisters Brothers","logger":"root","filename":"new_tropes_dag.py","lineno":66}
{"timestamp":"2025-12-19T10:53:48.004720Z","level":"info","event":"Formatting title: The Sixth Sense","logger":"root","filename":"new_tropes_dag.py","lineno":66}
{"timestamp":"2025-12-19T10:53:48.004748Z","level":"info","event":"Formatting title: The Skeleton Key","logger":"root","filename":"new_tropes_dag.py","lineno":66}
{"timestamp":"2025-12-19T10:53:48.004775Z","level":"info","event":"Formatting title: The Social Network","logger":"root","filename":"new_tropes_dag.py","lineno":66}
{"timestamp":"2025-12-19T10:53:48.004802Z","level":"info","event":"Formatting title: The Son","logger":"root","filename":"new_tropes_dag.py","lineno":66}
{"timestamp":"2025-12-19T10:53:48.004829Z","level":"info","event":"Formatting title: The Song Of Names","logger":"root","filename":"new_tropes_dag.py","lineno":66}
{"timestamp":"2025-12-19T10:53:48.004855Z","level":"info","event":"Formatting title: The Spy Who Dumped Me","logger":"root","filename":"new_tropes_dag.py","lineno":66}
{"timestamp":"2025-12-19T10:53:48.004880Z","level":"info","event":"Formatting title: The Spy Who Loved Me","logger":"root","filename":"new_tropes_dag.py","lineno":66}
{"timestamp":"2025-12-19T10:53:48.004905Z","level":"info","event":"Formatting title: The Squid And The Whale","logger":"root","filename":"new_tropes_dag.py","lineno":66}
{"timestamp":"2025-12-19T10:53:48.004930Z","level":"info","event":"Formatting title: The Star Wars Holiday Special","logger":"root","filename":"new_tropes_dag.py","lineno":66}
{"timestamp":"2025-12-19T10:53:48.004956Z","level":"info","event":"Formatting title: The Sting","logger":"root","filename":"new_tropes_dag.py","lineno":66}
{"timestamp":"2025-12-19T10:53:48.004992Z","level":"info","event":"Formatting title: The Substance","logger":"root","filename":"new_tropes_dag.py","lineno":66}
{"timestamp":"2025-12-19T10:53:48.005019Z","level":"info","event":"Formatting title: The Sun Is Also A Star","logger":"root","filename":"new_tropes_dag.py","lineno":66}
{"timestamp":"2025-12-19T10:53:48.005045Z","level":"info","event":"Formatting title: The Super","logger":"root","filename":"new_tropes_dag.py","lineno":66}
{"timestamp":"2025-12-19T10:53:48.005071Z","level":"info","event":"Formatting title: The Talented Mr Ripley","logger":"root","filename":"new_tropes_dag.py","lineno":66}
{"timestamp":"2025-12-19T10:53:48.005099Z","level":"info","event":"Formatting title: The Teachers Lounge","logger":"root","filename":"new_tropes_dag.py","lineno":66}
{"timestamp":"2025-12-19T10:53:48.005126Z","level":"info","event":"Formatting title: The Tender Bar","logger":"root","filename":"new_tropes_dag.py","lineno":66}
{"timestamp":"2025-12-19T10:53:48.005152Z","level":"info","event":"Formatting title: The Terminator","logger":"root","filename":"new_tropes_dag.py","lineno":66}
{"timestamp":"2025-12-19T10:53:48.005193Z","level":"info","event":"Formatting title: The Texas Chain Saw Massacre","logger":"root","filename":"new_tropes_dag.py","lineno":66}
{"timestamp":"2025-12-19T10:53:48.005222Z","level":"info","event":"Formatting title: The Theory Of Everything","logger":"root","filename":"new_tropes_dag.py","lineno":66}
{"timestamp":"2025-12-19T10:53:48.005249Z","level":"info","event":"Formatting title: The Thin Red Line","logger":"root","filename":"new_tropes_dag.py","lineno":66}
{"timestamp":"2025-12-19T10:53:48.005275Z","level":"info","event":"Formatting title: The Thing","logger":"root","filename":"new_tropes_dag.py","lineno":66}
{"timestamp":"2025-12-19T10:53:48.005302Z","level":"info","event":"Formatting title: The Third Man","logger":"root","filename":"new_tropes_dag.py","lineno":66}
{"timestamp":"2025-12-19T10:53:48.005329Z","level":"info","event":"Formatting title: The Thomas Crown Affair","logger":"root","filename":"new_tropes_dag.py","lineno":66}
{"timestamp":"2025-12-19T10:53:48.005373Z","level":"info","event":"Formatting title: The Tomorrow War","logger":"root","filename":"new_tropes_dag.py","lineno":66}
{"timestamp":"2025-12-19T10:53:48.005424Z","level":"info","event":"Formatting title: The Town","logger":"root","filename":"new_tropes_dag.py","lineno":66}
{"timestamp":"2025-12-19T10:53:48.005456Z","level":"info","event":"Formatting title: The Toy","logger":"root","filename":"new_tropes_dag.py","lineno":66}
{"timestamp":"2025-12-19T10:53:48.005496Z","level":"info","event":"Formatting title: The Tragedy Of Macbeth","logger":"root","filename":"new_tropes_dag.py","lineno":66}
{"timestamp":"2025-12-19T10:53:48.005529Z","level":"info","event":"Formatting title: The Tree Of Life","logger":"root","filename":"new_tropes_dag.py","lineno":66}
{"timestamp":"2025-12-19T10:53:48.005557Z","level":"info","event":"Formatting title: The Trial Of The Chicago 7","logger":"root","filename":"new_tropes_dag.py","lineno":66}
{"timestamp":"2025-12-19T10:53:48.005585Z","level":"info","event":"Formatting title: The Truman Show","logger":"root","filename":"new_tropes_dag.py","lineno":66}
{"timestamp":"2025-12-19T10:53:48.005612Z","level":"info","event":"Formatting title: The Two Jakes","logger":"root","filename":"new_tropes_dag.py","lineno":66}
{"timestamp":"2025-12-19T10:53:48.005644Z","level":"info","event":"Formatting title: The Two Popes","logger":"root","filename":"new_tropes_dag.py","lineno":66}
{"timestamp":"2025-12-19T10:53:48.005672Z","level":"info","event":"Formatting title: The Unborn","logger":"root","filename":"new_tropes_dag.py","lineno":66}
{"timestamp":"2025-12-19T10:53:48.005701Z","level":"info","event":"Formatting title: The Usual Suspects","logger":"root","filename":"new_tropes_dag.py","lineno":66}
{"timestamp":"2025-12-19T10:53:48.005729Z","level":"info","event":"Formatting title: The Verdict","logger":"root","filename":"new_tropes_dag.py","lineno":66}
{"timestamp":"2025-12-19T10:53:48.005755Z","level":"info","event":"Formatting title: The Virgin Suicides","logger":"root","filename":"new_tropes_dag.py","lineno":66}
{"timestamp":"2025-12-19T10:53:48.005787Z","level":"info","event":"Formatting title: The Warriors","logger":"root","filename":"new_tropes_dag.py","lineno":66}
{"timestamp":"2025-12-19T10:53:48.005814Z","level":"info","event":"Formatting title: The Way Back","logger":"root","filename":"new_tropes_dag.py","lineno":66}
{"timestamp":"2025-12-19T10:53:48.005839Z","level":"info","event":"Formatting title: The Wedding Singer","logger":"root","filename":"new_tropes_dag.py","lineno":66}
{"timestamp":"2025-12-19T10:53:48.005864Z","level":"info","event":"Formatting title: The Whale","logger":"root","filename":"new_tropes_dag.py","lineno":66}
{"timestamp":"2025-12-19T10:53:48.005890Z","level":"info","event":"Formatting title: The White Ribbon","logger":"root","filename":"new_tropes_dag.py","lineno":66}
{"timestamp":"2025-12-19T10:53:48.005914Z","level":"info","event":"Formatting title: The White Tiger","logger":"root","filename":"new_tropes_dag.py","lineno":66}
{"timestamp":"2025-12-19T10:53:48.005938Z","level":"info","event":"Formatting title: The Wicker Man","logger":"root","filename":"new_tropes_dag.py","lineno":66}
{"timestamp":"2025-12-19T10:53:48.005962Z","level":"info","event":"Formatting title: The Wife","logger":"root","filename":"new_tropes_dag.py","lineno":66}
{"timestamp":"2025-12-19T10:53:48.005987Z","level":"info","event":"Formatting title: The Wild Bunch","logger":"root","filename":"new_tropes_dag.py","lineno":66}
{"timestamp":"2025-12-19T10:53:48.006016Z","level":"info","event":"Formatting title: The Wild Robot","logger":"root","filename":"new_tropes_dag.py","lineno":66}
{"timestamp":"2025-12-19T10:53:48.006042Z","level":"info","event":"Formatting title: The Witch","logger":"root","filename":"new_tropes_dag.py","lineno":66}
{"timestamp":"2025-12-19T10:53:48.006066Z","level":"info","event":"Formatting title: The Witches","logger":"root","filename":"new_tropes_dag.py","lineno":66}
{"timestamp":"2025-12-19T10:53:48.006091Z","level":"info","event":"Formatting title: The Wizard Of Oz","logger":"root","filename":"new_tropes_dag.py","lineno":66}
{"timestamp":"2025-12-19T10:53:48.006115Z","level":"info","event":"Formatting title: The Wolf Of Wall Street","logger":"root","filename":"new_tropes_dag.py","lineno":66}
{"timestamp":"2025-12-19T10:53:48.006144Z","level":"info","event":"Formatting title: The Wolverine","logger":"root","filename":"new_tropes_dag.py","lineno":66}
{"timestamp":"2025-12-19T10:53:48.006170Z","level":"info","event":"Formatting title: The Woman King","logger":"root","filename":"new_tropes_dag.py","lineno":66}
{"timestamp":"2025-12-19T10:53:48.006196Z","level":"info","event":"Formatting title: The World Is Not Enough","logger":"root","filename":"new_tropes_dag.py","lineno":66}
{"timestamp":"2025-12-19T10:53:48.006222Z","level":"info","event":"Formatting title: The Worlds End","logger":"root","filename":"new_tropes_dag.py","lineno":66}
{"timestamp":"2025-12-19T10:53:48.006247Z","level":"info","event":"Formatting title: The X Files","logger":"root","filename":"new_tropes_dag.py","lineno":66}
{"timestamp":"2025-12-19T10:53:48.006271Z","level":"info","event":"Formatting title: The Zone Of Interest","logger":"root","filename":"new_tropes_dag.py","lineno":66}
{"timestamp":"2025-12-19T10:53:48.006295Z","level":"info","event":"Formatting title: Thelma & Louise","logger":"root","filename":"new_tropes_dag.py","lineno":66}
{"timestamp":"2025-12-19T10:53:48.006319Z","level":"info","event":"Formatting title: Theory Of Everything The","logger":"root","filename":"new_tropes_dag.py","lineno":66}
{"timestamp":"2025-12-19T10:53:48.006344Z","level":"info","event":"Formatting title: There Will Be Blood","logger":"root","filename":"new_tropes_dag.py","lineno":66}
{"timestamp":"2025-12-19T10:53:48.006368Z","level":"info","event":"Formatting title: Theres Something About Mary","logger":"root","filename":"new_tropes_dag.py","lineno":66}
{"timestamp":"2025-12-19T10:53:48.006391Z","level":"info","event":"Formatting title: They","logger":"root","filename":"new_tropes_dag.py","lineno":66}
{"timestamp":"2025-12-19T10:53:48.006415Z","level":"info","event":"Formatting title: They Live","logger":"root","filename":"new_tropes_dag.py","lineno":66}
{"timestamp":"2025-12-19T10:53:48.006438Z","level":"info","event":"Formatting title: Thing The","logger":"root","filename":"new_tropes_dag.py","lineno":66}
{"timestamp":"2025-12-19T10:53:48.006461Z","level":"info","event":"Formatting title: Things My Father Never Taught Me The","logger":"root","filename":"new_tropes_dag.py","lineno":66}
{"timestamp":"2025-12-19T10:53:48.006486Z","level":"info","event":"Formatting title: Thir13en Ghosts","logger":"root","filename":"new_tropes_dag.py","lineno":66}
{"timestamp":"2025-12-19T10:53:48.006511Z","level":"info","event":"Formatting title: Thirteen","logger":"root","filename":"new_tropes_dag.py","lineno":66}
{"timestamp":"2025-12-19T10:53:48.006537Z","level":"info","event":"Formatting title: Thirteen Days","logger":"root","filename":"new_tropes_dag.py","lineno":66}
{"timestamp":"2025-12-19T10:53:48.006561Z","level":"info","event":"Formatting title: Thirteen Lives","logger":"root","filename":"new_tropes_dag.py","lineno":66}
{"timestamp":"2025-12-19T10:53:48.006585Z","level":"info","event":"Formatting title: This Boys Life","logger":"root","filename":"new_tropes_dag.py","lineno":66}
{"timestamp":"2025-12-19T10:53:48.006608Z","level":"info","event":"Formatting title: This Is 40","logger":"root","filename":"new_tropes_dag.py","lineno":66}
{"timestamp":"2025-12-19T10:53:48.006632Z","level":"info","event":"Formatting title: Thor","logger":"root","filename":"new_tropes_dag.py","lineno":66}
{"timestamp":"2025-12-19T10:53:48.006656Z","level":"info","event":"Formatting title: Thor Ragnarok","logger":"root","filename":"new_tropes_dag.py","lineno":66}
{"timestamp":"2025-12-19T10:53:48.006679Z","level":"info","event":"Formatting title: Thoroughbreds","logger":"root","filename":"new_tropes_dag.py","lineno":66}
{"timestamp":"2025-12-19T10:53:48.006703Z","level":"info","event":"Formatting title: Those Who Walk Away","logger":"root","filename":"new_tropes_dag.py","lineno":66}
{"timestamp":"2025-12-19T10:53:48.006728Z","level":"info","event":"Formatting title: Three Billboards Outside Ebbing Missouri","logger":"root","filename":"new_tropes_dag.py","lineno":66}
{"timestamp":"2025-12-19T10:53:48.006753Z","level":"info","event":"Formatting title: Three Days Of Condor","logger":"root","filename":"new_tropes_dag.py","lineno":66}
{"timestamp":"2025-12-19T10:53:48.006779Z","level":"info","event":"Formatting title: Three Kings","logger":"root","filename":"new_tropes_dag.py","lineno":66}
{"timestamp":"2025-12-19T10:53:48.006802Z","level":"info","event":"Formatting title: Three Kings (spoils Of War)","logger":"root","filename":"new_tropes_dag.py","lineno":66}
{"timestamp":"2025-12-19T10:53:48.006831Z","level":"info","event":"Formatting title: Three Men And A Baby","logger":"root","filename":"new_tropes_dag.py","lineno":66}
{"timestamp":"2025-12-19T10:53:48.006856Z","level":"info","event":"Formatting title: Three Musketeers The","logger":"root","filename":"new_tropes_dag.py","lineno":66}
{"timestamp":"2025-12-19T10:53:48.006884Z","level":"info","event":"Formatting title: Three Thousand Years Of Longing","logger":"root","filename":"new_tropes_dag.py","lineno":66}
{"timestamp":"2025-12-19T10:53:48.006911Z","level":"info","event":"Formatting title: Thunderball","logger":"root","filename":"new_tropes_dag.py","lineno":66}
{"timestamp":"2025-12-19T10:53:48.006935Z","level":"info","event":"Formatting title: Thunderbirds","logger":"root","filename":"new_tropes_dag.py","lineno":66}
{"timestamp":"2025-12-19T10:53:48.006959Z","level":"info","event":"Formatting title: Thunderheart","logger":"root","filename":"new_tropes_dag.py","lineno":66}
{"timestamp":"2025-12-19T10:53:48.006983Z","level":"info","event":"Formatting title: Thx 1138","logger":"root","filename":"new_tropes_dag.py","lineno":66}
{"timestamp":"2025-12-19T10:53:48.007006Z","level":"info","event":"Formatting title: Tick Tick Boom","logger":"root","filename":"new_tropes_dag.py","lineno":66}
{"timestamp":"2025-12-19T10:53:48.007030Z","level":"info","event":"Formatting title: Ticker","logger":"root","filename":"new_tropes_dag.py","lineno":66}
{"timestamp":"2025-12-19T10:53:48.007054Z","level":"info","event":"Formatting title: Till","logger":"root","filename":"new_tropes_dag.py","lineno":66}
{"timestamp":"2025-12-19T10:53:48.007079Z","level":"info","event":"Formatting title: Timber Falls","logger":"root","filename":"new_tropes_dag.py","lineno":66}
{"timestamp":"2025-12-19T10:53:48.007103Z","level":"info","event":"Formatting title: Time Machine The","logger":"root","filename":"new_tropes_dag.py","lineno":66}
{"timestamp":"2025-12-19T10:53:48.007127Z","level":"info","event":"Formatting title: Tin Cup","logger":"root","filename":"new_tropes_dag.py","lineno":66}
{"timestamp":"2025-12-19T10:53:48.007151Z","level":"info","event":"Formatting title: Tin Men","logger":"root","filename":"new_tropes_dag.py","lineno":66}
{"timestamp":"2025-12-19T10:53:48.007176Z","level":"info","event":"Formatting title: Tinker Tailor Soldier Spy","logger":"root","filename":"new_tropes_dag.py","lineno":66}
{"timestamp":"2025-12-19T10:53:48.007199Z","level":"info","event":"Formatting title: Titanic","logger":"root","filename":"new_tropes_dag.py","lineno":66}
{"timestamp":"2025-12-19T10:53:48.007223Z","level":"info","event":"Formatting title: Tmnt","logger":"root","filename":"new_tropes_dag.py","lineno":66}
{"timestamp":"2025-12-19T10:53:48.007246Z","level":"info","event":"Formatting title: To All The Boys Ive Loved Before","logger":"root","filename":"new_tropes_dag.py","lineno":66}
{"timestamp":"2025-12-19T10:53:48.007270Z","level":"info","event":"Formatting title: To Catch A Killer","logger":"root","filename":"new_tropes_dag.py","lineno":66}
{"timestamp":"2025-12-19T10:53:48.007295Z","level":"info","event":"Formatting title: To Kill A Mockingbird","logger":"root","filename":"new_tropes_dag.py","lineno":66}
{"timestamp":"2025-12-19T10:53:48.007326Z","level":"info","event":"Formatting title: To Sleep With Anger","logger":"root","filename":"new_tropes_dag.py","lineno":66}
{"timestamp":"2025-12-19T10:53:48.007351Z","level":"info","event":"Formatting title: To Wong Foo Thanks For Everything Julie Newmar","logger":"root","filename":"new_tropes_dag.py","lineno":66}
{"timestamp":"2025-12-19T10:53:48.007403Z","level":"info","event":"Formatting title: Tombstone","logger":"root","filename":"new_tropes_dag.py","lineno":66}
{"timestamp":"2025-12-19T10:53:48.007438Z","level":"info","event":"Formatting title: Tomorrow Never Dies","logger":"root","filename":"new_tropes_dag.py","lineno":66}
{"timestamp":"2025-12-19T10:53:48.007465Z","level":"info","event":"Formatting title: Toni Erdmann","logger":"root","filename":"new_tropes_dag.py","lineno":66}
{"timestamp":"2025-12-19T10:53:48.007498Z","level":"info","event":"Formatting title: Tootsie","logger":"root","filename":"new_tropes_dag.py","lineno":66}
{"timestamp":"2025-12-19T10:53:48.007524Z","level":"info","event":"Formatting title: Top Gun","logger":"root","filename":"new_tropes_dag.py","lineno":66}
{"timestamp":"2025-12-19T10:53:48.007550Z","level":"info","event":"Formatting title: Top Gun Maverick","logger":"root","filename":"new_tropes_dag.py","lineno":66}
{"timestamp":"2025-12-19T10:53:48.007575Z","level":"info","event":"Formatting title: Total Recall","logger":"root","filename":"new_tropes_dag.py","lineno":66}
{"timestamp":"2025-12-19T10:53:48.007600Z","level":"info","event":"Formatting title: Totem","logger":"root","filename":"new_tropes_dag.py","lineno":66}
{"timestamp":"2025-12-19T10:53:48.007626Z","level":"info","event":"Formatting title: Touch Of Evil","logger":"root","filename":"new_tropes_dag.py","lineno":66}
{"timestamp":"2025-12-19T10:53:48.007650Z","level":"info","event":"Formatting title: Tough Guys","logger":"root","filename":"new_tropes_dag.py","lineno":66}
{"timestamp":"2025-12-19T10:53:48.007675Z","level":"info","event":"Formatting title: Tourist The","logger":"root","filename":"new_tropes_dag.py","lineno":66}
{"timestamp":"2025-12-19T10:53:48.007699Z","level":"info","event":"Formatting title: Tower Block","logger":"root","filename":"new_tropes_dag.py","lineno":66}
{"timestamp":"2025-12-19T10:53:48.007725Z","level":"info","event":"Formatting title: Tower Of Terror","logger":"root","filename":"new_tropes_dag.py","lineno":66}
{"timestamp":"2025-12-19T10:53:48.007750Z","level":"info","event":"Formatting title: Town The","logger":"root","filename":"new_tropes_dag.py","lineno":66}
{"timestamp":"2025-12-19T10:53:48.007774Z","level":"info","event":"Formatting title: Toy Story","logger":"root","filename":"new_tropes_dag.py","lineno":66}
{"timestamp":"2025-12-19T10:53:48.007798Z","level":"info","event":"Formatting title: Toy Story 2","logger":"root","filename":"new_tropes_dag.py","lineno":66}
{"timestamp":"2025-12-19T10:53:48.007821Z","level":"info","event":"Formatting title: Toy Story 3","logger":"root","filename":"new_tropes_dag.py","lineno":66}
{"timestamp":"2025-12-19T10:53:48.007853Z","level":"info","event":"Formatting title: Toy Story 4","logger":"root","filename":"new_tropes_dag.py","lineno":66}
{"timestamp":"2025-12-19T10:53:48.007877Z","level":"info","event":"Formatting title: Traffic","logger":"root","filename":"new_tropes_dag.py","lineno":66}
{"timestamp":"2025-12-19T10:53:48.007902Z","level":"info","event":"Formatting title: Training Day","logger":"root","filename":"new_tropes_dag.py","lineno":66}
{"timestamp":"2025-12-19T10:53:48.007927Z","level":"info","event":"Formatting title: Trainspotting","logger":"root","filename":"new_tropes_dag.py","lineno":66}
{"timestamp":"2025-12-19T10:53:48.007951Z","level":"info","event":"Formatting title: Trainwreck","logger":"root","filename":"new_tropes_dag.py","lineno":66}
{"timestamp":"2025-12-19T10:53:48.007975Z","level":"info","event":"Formatting title: Transcendence","logger":"root","filename":"new_tropes_dag.py","lineno":66}
{"timestamp":"2025-12-19T10:53:48.008000Z","level":"info","event":"Formatting title: Transformers","logger":"root","filename":"new_tropes_dag.py","lineno":66}
{"timestamp":"2025-12-19T10:53:48.008024Z","level":"info","event":"Formatting title: Transformers The Movie","logger":"root","filename":"new_tropes_dag.py","lineno":66}
{"timestamp":"2025-12-19T10:53:48.008050Z","level":"info","event":"Formatting title: Trap Livin","logger":"root","filename":"new_tropes_dag.py","lineno":66}
{"timestamp":"2025-12-19T10:53:48.008074Z","level":"info","event":"Formatting title: Tremors","logger":"root","filename":"new_tropes_dag.py","lineno":66}
{"timestamp":"2025-12-19T10:53:48.008097Z","level":"info","event":"Formatting title: Triangle Of Sadness","logger":"root","filename":"new_tropes_dag.py","lineno":66}
{"timestamp":"2025-12-19T10:53:48.008120Z","level":"info","event":"Formatting title: Trick R Treat","logger":"root","filename":"new_tropes_dag.py","lineno":66}
{"timestamp":"2025-12-19T10:53:48.008145Z","level":"info","event":"Formatting title: Tristan And Isolde","logger":"root","filename":"new_tropes_dag.py","lineno":66}
{"timestamp":"2025-12-19T10:53:48.008169Z","level":"info","event":"Formatting title: Tron","logger":"root","filename":"new_tropes_dag.py","lineno":66}
{"timestamp":"2025-12-19T10:53:48.008193Z","level":"info","event":"Formatting title: Tron Legacy","logger":"root","filename":"new_tropes_dag.py","lineno":66}
{"timestamp":"2025-12-19T10:53:48.008217Z","level":"info","event":"Formatting title: Tropic Thunder","logger":"root","filename":"new_tropes_dag.py","lineno":66}
{"timestamp":"2025-12-19T10:53:48.008241Z","level":"info","event":"Formatting title: Troy","logger":"root","filename":"new_tropes_dag.py","lineno":66}
{"timestamp":"2025-12-19T10:53:48.008264Z","level":"info","event":"Formatting title: True Grit","logger":"root","filename":"new_tropes_dag.py","lineno":66}
{"timestamp":"2025-12-19T10:53:48.008288Z","level":"info","event":"Formatting title: True Lies","logger":"root","filename":"new_tropes_dag.py","lineno":66}
{"timestamp":"2025-12-19T10:53:48.008329Z","level":"info","event":"Formatting title: True Romance","logger":"root","filename":"new_tropes_dag.py","lineno":66}
{"timestamp":"2025-12-19T10:53:48.008363Z","level":"info","event":"Formatting title: Truman Show The","logger":"root","filename":"new_tropes_dag.py","lineno":66}
{"timestamp":"2025-12-19T10:53:48.008392Z","level":"info","event":"Formatting title: Trumbo","logger":"root","filename":"new_tropes_dag.py","lineno":66}
{"timestamp":"2025-12-19T10:53:48.008418Z","level":"info","event":"Formatting title: Tucker And Dale Vs Evil","logger":"root","filename":"new_tropes_dag.py","lineno":66}
{"timestamp":"2025-12-19T10:53:48.008444Z","level":"info","event":"Formatting title: Tully","logger":"root","filename":"new_tropes_dag.py","lineno":66}
{"timestamp":"2025-12-19T10:53:48.008469Z","level":"info","event":"Formatting title: Tusk","logger":"root","filename":"new_tropes_dag.py","lineno":66}
{"timestamp":"2025-12-19T10:53:48.008495Z","level":"info","event":"Formatting title: Twelve Monkeys","logger":"root","filename":"new_tropes_dag.py","lineno":66}
{"timestamp":"2025-12-19T10:53:48.008520Z","level":"info","event":"Formatting title: Twilight","logger":"root","filename":"new_tropes_dag.py","lineno":66}
{"timestamp":"2025-12-19T10:53:48.008544Z","level":"info","event":"Formatting title: Twilight New Moon","logger":"root","filename":"new_tropes_dag.py","lineno":66}
{"timestamp":"2025-12-19T10:53:48.008569Z","level":"info","event":"Formatting title: Twin Peaks","logger":"root","filename":"new_tropes_dag.py","lineno":66}
{"timestamp":"2025-12-19T10:53:48.008593Z","level":"info","event":"Formatting title: Twin Peaks Fire Walk With Me","logger":"root","filename":"new_tropes_dag.py","lineno":66}
{"timestamp":"2025-12-19T10:53:48.008628Z","level":"info","event":"Formatting title: Twins","logger":"root","filename":"new_tropes_dag.py","lineno":66}
{"timestamp":"2025-12-19T10:53:48.008658Z","level":"info","event":"Formatting title: Twister","logger":"root","filename":"new_tropes_dag.py","lineno":66}
{"timestamp":"2025-12-19T10:53:48.008688Z","level":"info","event":"Formatting title: Two For The Money","logger":"root","filename":"new_tropes_dag.py","lineno":66}
{"timestamp":"2025-12-19T10:53:48.008715Z","level":"info","event":"Formatting title: Tár","logger":"root","filename":"new_tropes_dag.py","lineno":66}
{"timestamp":"2025-12-19T10:53:48.008747Z","level":"info","event":"Formatting title: U Turn","logger":"root","filename":"new_tropes_dag.py","lineno":66}
{"timestamp":"2025-12-19T10:53:48.008774Z","level":"info","event":"Formatting title: Ugly Truth The","logger":"root","filename":"new_tropes_dag.py","lineno":66}
{"timestamp":"2025-12-19T10:53:48.008798Z","level":"info","event":"Formatting title: Un Singe En Hiver","logger":"root","filename":"new_tropes_dag.py","lineno":66}
{"timestamp":"2025-12-19T10:53:48.008823Z","level":"info","event":"Formatting title: Unbreakable","logger":"root","filename":"new_tropes_dag.py","lineno":66}
{"timestamp":"2025-12-19T10:53:48.008847Z","level":"info","event":"Formatting title: Uncle Buck","logger":"root","filename":"new_tropes_dag.py","lineno":66}
{"timestamp":"2025-12-19T10:53:48.008871Z","level":"info","event":"Formatting title: Under Fire","logger":"root","filename":"new_tropes_dag.py","lineno":66}
{"timestamp":"2025-12-19T10:53:48.008895Z","level":"info","event":"Formatting title: Under Siege","logger":"root","filename":"new_tropes_dag.py","lineno":66}
{"timestamp":"2025-12-19T10:53:48.008920Z","level":"info","event":"Formatting title: Under The Silver Lake","logger":"root","filename":"new_tropes_dag.py","lineno":66}
{"timestamp":"2025-12-19T10:53:48.008944Z","level":"info","event":"Formatting title: Underwater","logger":"root","filename":"new_tropes_dag.py","lineno":66}
{"timestamp":"2025-12-19T10:53:48.008969Z","level":"info","event":"Formatting title: Underworld","logger":"root","filename":"new_tropes_dag.py","lineno":66}
{"timestamp":"2025-12-19T10:53:48.008994Z","level":"info","event":"Formatting title: Unforgiven","logger":"root","filename":"new_tropes_dag.py","lineno":66}
{"timestamp":"2025-12-19T10:53:48.009019Z","level":"info","event":"Formatting title: Unknown","logger":"root","filename":"new_tropes_dag.py","lineno":66}
{"timestamp":"2025-12-19T10:53:48.009044Z","level":"info","event":"Formatting title: Up","logger":"root","filename":"new_tropes_dag.py","lineno":66}
{"timestamp":"2025-12-19T10:53:48.009068Z","level":"info","event":"Formatting title: Up In The Air","logger":"root","filename":"new_tropes_dag.py","lineno":66}
{"timestamp":"2025-12-19T10:53:48.009091Z","level":"info","event":"Formatting title: Upgrade","logger":"root","filename":"new_tropes_dag.py","lineno":66}
{"timestamp":"2025-12-19T10:53:48.009115Z","level":"info","event":"Formatting title: Upstream Color","logger":"root","filename":"new_tropes_dag.py","lineno":66}
{"timestamp":"2025-12-19T10:53:48.009142Z","level":"info","event":"Formatting title: Us","logger":"root","filename":"new_tropes_dag.py","lineno":66}
{"timestamp":"2025-12-19T10:53:48.009165Z","level":"info","event":"Formatting title: Usual Suspects The","logger":"root","filename":"new_tropes_dag.py","lineno":66}
{"timestamp":"2025-12-19T10:53:48.009189Z","level":"info","event":"Formatting title: V For Vendetta","logger":"root","filename":"new_tropes_dag.py","lineno":66}
{"timestamp":"2025-12-19T10:53:48.009212Z","level":"info","event":"Formatting title: Vacancy","logger":"root","filename":"new_tropes_dag.py","lineno":66}
{"timestamp":"2025-12-19T10:53:48.009235Z","level":"info","event":"Formatting title: Vacation","logger":"root","filename":"new_tropes_dag.py","lineno":66}
{"timestamp":"2025-12-19T10:53:48.009259Z","level":"info","event":"Formatting title: Valentines Day","logger":"root","filename":"new_tropes_dag.py","lineno":66}
{"timestamp":"2025-12-19T10:53:48.009282Z","level":"info","event":"Formatting title: Valkyrie","logger":"root","filename":"new_tropes_dag.py","lineno":66}
{"timestamp":"2025-12-19T10:53:48.009306Z","level":"info","event":"Formatting title: Van Helsing","logger":"root","filename":"new_tropes_dag.py","lineno":66}
{"timestamp":"2025-12-19T10:53:48.009329Z","level":"info","event":"Formatting title: Vanilla Sky","logger":"root","filename":"new_tropes_dag.py","lineno":66}
{"timestamp":"2025-12-19T10:53:48.009352Z","level":"info","event":"Formatting title: Velvet Buzzsaw","logger":"root","filename":"new_tropes_dag.py","lineno":66}
{"timestamp":"2025-12-19T10:53:48.009388Z","level":"info","event":"Formatting title: Vengeance","logger":"root","filename":"new_tropes_dag.py","lineno":66}
{"timestamp":"2025-12-19T10:53:48.009428Z","level":"info","event":"Formatting title: Verdict The","logger":"root","filename":"new_tropes_dag.py","lineno":66}
{"timestamp":"2025-12-19T10:53:48.009458Z","level":"info","event":"Formatting title: Vertigo","logger":"root","filename":"new_tropes_dag.py","lineno":66}
{"timestamp":"2025-12-19T10:53:48.009485Z","level":"info","event":"Formatting title: Very Bad Things","logger":"root","filename":"new_tropes_dag.py","lineno":66}
{"timestamp":"2025-12-19T10:53:48.009516Z","level":"info","event":"Formatting title: Vice","logger":"root","filename":"new_tropes_dag.py","lineno":66}
{"timestamp":"2025-12-19T10:53:48.009541Z","level":"info","event":"Formatting title: Victor Frankenstein","logger":"root","filename":"new_tropes_dag.py","lineno":66}
{"timestamp":"2025-12-19T10:53:48.009567Z","level":"info","event":"Formatting title: Victoria & Abdul","logger":"root","filename":"new_tropes_dag.py","lineno":66}
{"timestamp":"2025-12-19T10:53:48.009593Z","level":"info","event":"Formatting title: Village The","logger":"root","filename":"new_tropes_dag.py","lineno":66}
{"timestamp":"2025-12-19T10:53:48.009618Z","level":"info","event":"Formatting title: Virtuosity","logger":"root","filename":"new_tropes_dag.py","lineno":66}
{"timestamp":"2025-12-19T10:53:48.009642Z","level":"info","event":"Formatting title: Visitor The","logger":"root","filename":"new_tropes_dag.py","lineno":66}
{"timestamp":"2025-12-19T10:53:48.009667Z","level":"info","event":"Formatting title: Vox Lux","logger":"root","filename":"new_tropes_dag.py","lineno":66}
{"timestamp":"2025-12-19T10:53:48.009692Z","level":"info","event":"Formatting title: Wadjda","logger":"root","filename":"new_tropes_dag.py","lineno":66}
{"timestamp":"2025-12-19T10:53:48.009716Z","level":"info","event":"Formatting title: Wag The Dog","logger":"root","filename":"new_tropes_dag.py","lineno":66}
{"timestamp":"2025-12-19T10:53:48.009741Z","level":"info","event":"Formatting title: Walk Hard The Dewey Cox Story","logger":"root","filename":"new_tropes_dag.py","lineno":66}
{"timestamp":"2025-12-19T10:53:48.009766Z","level":"info","event":"Formatting title: Walk To Remember A","logger":"root","filename":"new_tropes_dag.py","lineno":66}
{"timestamp":"2025-12-19T10:53:48.009794Z","level":"info","event":"Formatting title: Walking Tall","logger":"root","filename":"new_tropes_dag.py","lineno":66}
{"timestamp":"2025-12-19T10:53:48.009819Z","level":"info","event":"Formatting title: Wall E","logger":"root","filename":"new_tropes_dag.py","lineno":66}
{"timestamp":"2025-12-19T10:53:48.009843Z","level":"info","event":"Formatting title: Wall Street","logger":"root","filename":"new_tropes_dag.py","lineno":66}
{"timestamp":"2025-12-19T10:53:48.009867Z","level":"info","event":"Formatting title: Wall Street Money Never Sleeps","logger":"root","filename":"new_tropes_dag.py","lineno":66}
{"timestamp":"2025-12-19T10:53:48.009891Z","level":"info","event":"Formatting title: Wanted","logger":"root","filename":"new_tropes_dag.py","lineno":66}
{"timestamp":"2025-12-19T10:53:48.079128Z","level":"info","event":"Formatting title: War For The Planet Of The Apes","logger":"root","filename":"new_tropes_dag.py","lineno":66}
{"timestamp":"2025-12-19T10:53:48.079235Z","level":"info","event":"Formatting title: War Horse","logger":"root","filename":"new_tropes_dag.py","lineno":66}
{"timestamp":"2025-12-19T10:53:48.079275Z","level":"info","event":"Formatting title: War Of The Roses","logger":"root","filename":"new_tropes_dag.py","lineno":66}
{"timestamp":"2025-12-19T10:53:48.079307Z","level":"info","event":"Formatting title: War Of The Worlds","logger":"root","filename":"new_tropes_dag.py","lineno":66}
{"timestamp":"2025-12-19T10:53:48.079338Z","level":"info","event":"Formatting title: Warm Springs","logger":"root","filename":"new_tropes_dag.py","lineno":66}
{"timestamp":"2025-12-19T10:53:48.079366Z","level":"info","event":"Formatting title: Warrior","logger":"root","filename":"new_tropes_dag.py","lineno":66}
{"timestamp":"2025-12-19T10:53:48.079394Z","level":"info","event":"Formatting title: Watchmen","logger":"root","filename":"new_tropes_dag.py","lineno":66}
{"timestamp":"2025-12-19T10:53:48.079420Z","level":"info","event":"Formatting title: Water For Elephants","logger":"root","filename":"new_tropes_dag.py","lineno":66}
{"timestamp":"2025-12-19T10:53:48.079445Z","level":"info","event":"Formatting title: Waves","logger":"root","filename":"new_tropes_dag.py","lineno":66}
{"timestamp":"2025-12-19T10:53:48.079470Z","level":"info","event":"Formatting title: Way Back The","logger":"root","filename":"new_tropes_dag.py","lineno":66}
{"timestamp":"2025-12-19T10:53:48.079495Z","level":"info","event":"Formatting title: We Need To Talk About Kevin","logger":"root","filename":"new_tropes_dag.py","lineno":66}
{"timestamp":"2025-12-19T10:53:48.079521Z","level":"info","event":"Formatting title: We Own The Night","logger":"root","filename":"new_tropes_dag.py","lineno":66}
{"timestamp":"2025-12-19T10:53:48.079547Z","level":"info","event":"Formatting title: Wedding Crashers","logger":"root","filename":"new_tropes_dag.py","lineno":66}
{"timestamp":"2025-12-19T10:53:48.079572Z","level":"info","event":"Formatting title: Weird Science","logger":"root","filename":"new_tropes_dag.py","lineno":66}
{"timestamp":"2025-12-19T10:53:48.079598Z","level":"info","event":"Formatting title: Weird The Al Yankovic Story","logger":"root","filename":"new_tropes_dag.py","lineno":66}
{"timestamp":"2025-12-19T10:53:48.079624Z","level":"info","event":"Formatting title: Were No Angels","logger":"root","filename":"new_tropes_dag.py","lineno":66}
{"timestamp":"2025-12-19T10:53:48.079650Z","level":"info","event":"Formatting title: Wes Cravens New Nightmare","logger":"root","filename":"new_tropes_dag.py","lineno":66}
{"timestamp":"2025-12-19T10:53:48.079675Z","level":"info","event":"Formatting title: West Side Story","logger":"root","filename":"new_tropes_dag.py","lineno":66}
{"timestamp":"2025-12-19T10:53:48.079699Z","level":"info","event":"Formatting title: Westworld","logger":"root","filename":"new_tropes_dag.py","lineno":66}
{"timestamp":"2025-12-19T10:53:48.079724Z","level":"info","event":"Formatting title: What About Bob","logger":"root","filename":"new_tropes_dag.py","lineno":66}
{"timestamp":"2025-12-19T10:53:48.079748Z","level":"info","event":"Formatting title: What Dreams May Come","logger":"root","filename":"new_tropes_dag.py","lineno":66}
{"timestamp":"2025-12-19T10:53:48.079773Z","level":"info","event":"Formatting title: What Lies Beneath","logger":"root","filename":"new_tropes_dag.py","lineno":66}
{"timestamp":"2025-12-19T10:53:48.079797Z","level":"info","event":"Formatting title: What They Had","logger":"root","filename":"new_tropes_dag.py","lineno":66}
{"timestamp":"2025-12-19T10:53:48.079821Z","level":"info","event":"Formatting title: When A Stranger Calls","logger":"root","filename":"new_tropes_dag.py","lineno":66}
{"timestamp":"2025-12-19T10:53:48.079846Z","level":"info","event":"Formatting title: When Harry Met Sally","logger":"root","filename":"new_tropes_dag.py","lineno":66}
{"timestamp":"2025-12-19T10:53:48.079870Z","level":"info","event":"Formatting title: Where The Day Takes You","logger":"root","filename":"new_tropes_dag.py","lineno":66}
{"timestamp":"2025-12-19T10:53:48.079894Z","level":"info","event":"Formatting title: Where The Wild Things Are","logger":"root","filename":"new_tropes_dag.py","lineno":66}
{"timestamp":"2025-12-19T10:53:48.079917Z","level":"info","event":"Formatting title: Which Way Is Up","logger":"root","filename":"new_tropes_dag.py","lineno":66}
{"timestamp":"2025-12-19T10:53:48.079940Z","level":"info","event":"Formatting title: While She Was Out","logger":"root","filename":"new_tropes_dag.py","lineno":66}
{"timestamp":"2025-12-19T10:53:48.079964Z","level":"info","event":"Formatting title: While You Were Sleeping","logger":"root","filename":"new_tropes_dag.py","lineno":66}
{"timestamp":"2025-12-19T10:53:48.079987Z","level":"info","event":"Formatting title: Whiplash","logger":"root","filename":"new_tropes_dag.py","lineno":66}
{"timestamp":"2025-12-19T10:53:48.080011Z","level":"info","event":"Formatting title: Whistleblower The","logger":"root","filename":"new_tropes_dag.py","lineno":66}
{"timestamp":"2025-12-19T10:53:48.080036Z","level":"info","event":"Formatting title: White Christmas","logger":"root","filename":"new_tropes_dag.py","lineno":66}
{"timestamp":"2025-12-19T10:53:48.080061Z","level":"info","event":"Formatting title: White Jazz","logger":"root","filename":"new_tropes_dag.py","lineno":66}
{"timestamp":"2025-12-19T10:53:48.080085Z","level":"info","event":"Formatting title: White Noise","logger":"root","filename":"new_tropes_dag.py","lineno":66}
{"timestamp":"2025-12-19T10:53:48.080110Z","level":"info","event":"Formatting title: White Ribbon The","logger":"root","filename":"new_tropes_dag.py","lineno":66}
{"timestamp":"2025-12-19T10:53:48.080133Z","level":"info","event":"Formatting title: White Squall","logger":"root","filename":"new_tropes_dag.py","lineno":66}
{"timestamp":"2025-12-19T10:53:48.080157Z","level":"info","event":"Formatting title: Whiteout","logger":"root","filename":"new_tropes_dag.py","lineno":66}
{"timestamp":"2025-12-19T10:53:48.080181Z","level":"info","event":"Formatting title: Whitney Houston I Wanna Dance With Somebody","logger":"root","filename":"new_tropes_dag.py","lineno":66}
{"timestamp":"2025-12-19T10:53:48.080205Z","level":"info","event":"Formatting title: Who Framed Roger Rabbit","logger":"root","filename":"new_tropes_dag.py","lineno":66}
{"timestamp":"2025-12-19T10:53:48.080228Z","level":"info","event":"Formatting title: Whos Your Daddy","logger":"root","filename":"new_tropes_dag.py","lineno":66}
{"timestamp":"2025-12-19T10:53:48.080251Z","level":"info","event":"Formatting title: Wicked","logger":"root","filename":"new_tropes_dag.py","lineno":66}
{"timestamp":"2025-12-19T10:53:48.080275Z","level":"info","event":"Formatting title: Wild","logger":"root","filename":"new_tropes_dag.py","lineno":66}
{"timestamp":"2025-12-19T10:53:48.080299Z","level":"info","event":"Formatting title: Wild At Heart","logger":"root","filename":"new_tropes_dag.py","lineno":66}
{"timestamp":"2025-12-19T10:53:48.080322Z","level":"info","event":"Formatting title: Wild Bunch The","logger":"root","filename":"new_tropes_dag.py","lineno":66}
{"timestamp":"2025-12-19T10:53:48.080346Z","level":"info","event":"Formatting title: Wild Hogs","logger":"root","filename":"new_tropes_dag.py","lineno":66}
{"timestamp":"2025-12-19T10:53:48.080369Z","level":"info","event":"Formatting title: Wild Things","logger":"root","filename":"new_tropes_dag.py","lineno":66}
{"timestamp":"2025-12-19T10:53:48.080393Z","level":"info","event":"Formatting title: Wild Things Diamonds In The Rough","logger":"root","filename":"new_tropes_dag.py","lineno":66}
{"timestamp":"2025-12-19T10:53:48.080417Z","level":"info","event":"Formatting title: Wild Wild West","logger":"root","filename":"new_tropes_dag.py","lineno":66}
{"timestamp":"2025-12-19T10:53:48.080440Z","level":"info","event":"Formatting title: Wildlife","logger":"root","filename":"new_tropes_dag.py","lineno":66}
{"timestamp":"2025-12-19T10:53:48.080464Z","level":"info","event":"Formatting title: Willow","logger":"root","filename":"new_tropes_dag.py","lineno":66}
{"timestamp":"2025-12-19T10:53:48.080487Z","level":"info","event":"Formatting title: Willy Wonka & The Chocolate Factory","logger":"root","filename":"new_tropes_dag.py","lineno":66}
{"timestamp":"2025-12-19T10:53:48.080511Z","level":"info","event":"Formatting title: Win Win","logger":"root","filename":"new_tropes_dag.py","lineno":66}
{"timestamp":"2025-12-19T10:53:48.080535Z","level":"info","event":"Formatting title: Wind Chill","logger":"root","filename":"new_tropes_dag.py","lineno":66}
{"timestamp":"2025-12-19T10:53:48.080559Z","level":"info","event":"Formatting title: Wind River","logger":"root","filename":"new_tropes_dag.py","lineno":66}
{"timestamp":"2025-12-19T10:53:48.080583Z","level":"info","event":"Formatting title: Winters Tale","logger":"root","filename":"new_tropes_dag.py","lineno":66}
{"timestamp":"2025-12-19T10:53:48.080607Z","level":"info","event":"Formatting title: Wise Guys","logger":"root","filename":"new_tropes_dag.py","lineno":66}
{"timestamp":"2025-12-19T10:53:48.080647Z","level":"info","event":"Formatting title: Withnail And I","logger":"root","filename":"new_tropes_dag.py","lineno":66}
{"timestamp":"2025-12-19T10:53:48.080676Z","level":"info","event":"Formatting title: Witness","logger":"root","filename":"new_tropes_dag.py","lineno":66}
{"timestamp":"2025-12-19T10:53:48.080727Z","level":"info","event":"Formatting title: Wizard Of Oz The","logger":"root","filename":"new_tropes_dag.py","lineno":66}
{"timestamp":"2025-12-19T10:53:48.080760Z","level":"info","event":"Formatting title: Wolf Of Wall Street The","logger":"root","filename":"new_tropes_dag.py","lineno":66}
{"timestamp":"2025-12-19T10:53:48.080789Z","level":"info","event":"Formatting title: Woman In Gold","logger":"root","filename":"new_tropes_dag.py","lineno":66}
{"timestamp":"2025-12-19T10:53:48.080815Z","level":"info","event":"Formatting title: Women Talking","logger":"root","filename":"new_tropes_dag.py","lineno":66}
{"timestamp":"2025-12-19T10:53:48.080840Z","level":"info","event":"Formatting title: Wonder Boys","logger":"root","filename":"new_tropes_dag.py","lineno":66}
{"timestamp":"2025-12-19T10:53:48.080865Z","level":"info","event":"Formatting title: Wonder Woman","logger":"root","filename":"new_tropes_dag.py","lineno":66}
{"timestamp":"2025-12-19T10:53:48.080890Z","level":"info","event":"Formatting title: Wonka","logger":"root","filename":"new_tropes_dag.py","lineno":66}
{"timestamp":"2025-12-19T10:53:48.080915Z","level":"info","event":"Formatting title: Woodsman The","logger":"root","filename":"new_tropes_dag.py","lineno":66}
{"timestamp":"2025-12-19T10:53:48.080940Z","level":"info","event":"Formatting title: Work It","logger":"root","filename":"new_tropes_dag.py","lineno":66}
{"timestamp":"2025-12-19T10:53:48.080964Z","level":"info","event":"Formatting title: Working Girl","logger":"root","filename":"new_tropes_dag.py","lineno":66}
{"timestamp":"2025-12-19T10:53:48.080989Z","level":"info","event":"Formatting title: World Is Not Enough The","logger":"root","filename":"new_tropes_dag.py","lineno":66}
{"timestamp":"2025-12-19T10:53:48.081013Z","level":"info","event":"Formatting title: Wrestler The","logger":"root","filename":"new_tropes_dag.py","lineno":66}
{"timestamp":"2025-12-19T10:53:48.081038Z","level":"info","event":"Formatting title: Wrongfully Accused","logger":"root","filename":"new_tropes_dag.py","lineno":66}
{"timestamp":"2025-12-19T10:53:48.081062Z","level":"info","event":"Formatting title: X Files Fight The Future The","logger":"root","filename":"new_tropes_dag.py","lineno":66}
{"timestamp":"2025-12-19T10:53:48.081087Z","level":"info","event":"Formatting title: X Men","logger":"root","filename":"new_tropes_dag.py","lineno":66}
{"timestamp":"2025-12-19T10:53:48.081111Z","level":"info","event":"Formatting title: X Men Days Of Future Past","logger":"root","filename":"new_tropes_dag.py","lineno":66}
{"timestamp":"2025-12-19T10:53:48.081134Z","level":"info","event":"Formatting title: X Men Origins Wolverine","logger":"root","filename":"new_tropes_dag.py","lineno":66}
{"timestamp":"2025-12-19T10:53:48.081157Z","level":"info","event":"Formatting title: X2 X Men United","logger":"root","filename":"new_tropes_dag.py","lineno":66}
{"timestamp":"2025-12-19T10:53:48.081196Z","level":"info","event":"Formatting title: Xxx","logger":"root","filename":"new_tropes_dag.py","lineno":66}
{"timestamp":"2025-12-19T10:53:48.081221Z","level":"info","event":"Formatting title: Year One","logger":"root","filename":"new_tropes_dag.py","lineno":66}
{"timestamp":"2025-12-19T10:53:48.081245Z","level":"info","event":"Formatting title: Yes Man","logger":"root","filename":"new_tropes_dag.py","lineno":66}
{"timestamp":"2025-12-19T10:53:48.081270Z","level":"info","event":"Formatting title: You Can Count On Me","logger":"root","filename":"new_tropes_dag.py","lineno":66}
{"timestamp":"2025-12-19T10:53:48.081294Z","level":"info","event":"Formatting title: You Were Never Really Here","logger":"root","filename":"new_tropes_dag.py","lineno":66}
{"timestamp":"2025-12-19T10:53:48.081321Z","level":"info","event":"Formatting title: Young Adult","logger":"root","filename":"new_tropes_dag.py","lineno":66}
{"timestamp":"2025-12-19T10:53:48.081348Z","level":"info","event":"Formatting title: Young Frankenstein","logger":"root","filename":"new_tropes_dag.py","lineno":66}
{"timestamp":"2025-12-19T10:53:48.081375Z","level":"info","event":"Formatting title: Young Guns","logger":"root","filename":"new_tropes_dag.py","lineno":66}
{"timestamp":"2025-12-19T10:53:48.081405Z","level":"info","event":"Formatting title: Youre Next","logger":"root","filename":"new_tropes_dag.py","lineno":66}
{"timestamp":"2025-12-19T10:53:48.081440Z","level":"info","event":"Formatting title: Youth In Revolt","logger":"root","filename":"new_tropes_dag.py","lineno":66}
{"timestamp":"2025-12-19T10:53:48.081468Z","level":"info","event":"Formatting title: Youve Got Mail","logger":"root","filename":"new_tropes_dag.py","lineno":66}
{"timestamp":"2025-12-19T10:53:48.081494Z","level":"info","event":"Formatting title: Zathura A Space Adventure","logger":"root","filename":"new_tropes_dag.py","lineno":66}
{"timestamp":"2025-12-19T10:53:48.081520Z","level":"info","event":"Formatting title: Zebra Girl","logger":"root","filename":"new_tropes_dag.py","lineno":66}
{"timestamp":"2025-12-19T10:53:48.081545Z","level":"info","event":"Formatting title: Zero Dark Thirty","logger":"root","filename":"new_tropes_dag.py","lineno":66}
{"timestamp":"2025-12-19T10:53:48.081570Z","level":"info","event":"Formatting title: Zerophilia","logger":"root","filename":"new_tropes_dag.py","lineno":66}
{"timestamp":"2025-12-19T10:53:48.081595Z","level":"info","event":"Formatting title: Zodiac","logger":"root","filename":"new_tropes_dag.py","lineno":66}
{"timestamp":"2025-12-19T10:53:48.081620Z","level":"info","event":"Formatting title: Zombieland","logger":"root","filename":"new_tropes_dag.py","lineno":66}
{"timestamp":"2025-12-19T10:53:48.081646Z","level":"info","event":"Formatting title: Zombieland Double Tap","logger":"root","filename":"new_tropes_dag.py","lineno":66}
{"timestamp":"2025-12-19T10:53:48.081670Z","level":"info","event":"Formatting title: Zone Of Interest The","logger":"root","filename":"new_tropes_dag.py","lineno":66}
{"timestamp":"2025-12-19T10:53:48.081695Z","level":"info","event":"Formatting title: Zootopia","logger":"root","filename":"new_tropes_dag.py","lineno":66}
{"timestamp":"2025-12-19T10:53:48.081719Z","level":"info","event":"Formatting title: ¡three Amigos","logger":"root","filename":"new_tropes_dag.py","lineno":66}
{"timestamp":"2025-12-19T10:53:48.093095Z","level":"info","event":"Finished apply_formatting step","logger":"root","filename":"new_tropes_dag.py","lineno":92}
{"timestamp":"2025-12-19T10:53:48.093762Z","level":"info","event":"Done. Returned value was: True","logger":"airflow.task.operators.airflow.providers.standard.operators.python.PythonOperator","filename":"python.py","lineno":218}
{"timestamp":"2025-12-19T10:53:48.093946Z","level":"info","event":"Pushing xcom","ti":"RuntimeTaskInstance(id=UUID('019b363e-7f32-7337-89bf-92e55530c2e7'), task_id='apply_formatting', dag_id='new_tropes_dag', run_id='manual__2025-12-19T10:53:44.094455+00:00', try_number=1, dag_version_id=UUID('019b33d3-186c-7d3f-96e0-6cf95b85624e'), map_index=-1, hostname='912f1c59037a', context_carrier={}, task=<Task(PythonOperator): apply_formatting>, bundle_instance=LocalDagBundle(name=dags-folder), max_tries=1, start_date=datetime.datetime(2025, 12, 19, 10, 53, 46, 732735, tzinfo=datetime.timezone.utc), end_date=None, state=<TaskInstanceState.RUNNING: 'running'>, is_mapped=False, rendered_map_index=None)","logger":"task","filename":"task_runner.py","lineno":1352}
