{"timestamp":"2025-12-19T10:48:59.905851Z","level":"info","event":"DAG bundles loaded: dags-folder","logger":"airflow.dag_processing.bundles.manager.DagBundlesManager","filename":"manager.py","lineno":179}
{"timestamp":"2025-12-19T10:48:59.907614Z","level":"info","event":"Filling up the DagBag from /opt/airflow/dags/new_tropes_dag.py","logger":"airflow.models.dagbag.DagBag","filename":"dagbag.py","lineno":593}
{"timestamp":"2025-12-19T10:49:00.495615Z","level":"info","event":"Starting apply_formatting step","logger":"root","filename":"new_tropes_dag.py","lineno":79}
{"timestamp":"2025-12-19T10:49:00.509595Z","level":"info","event":"Formatting title: (500) Days Of Summer","logger":"root","filename":"new_tropes_dag.py","lineno":66}
{"timestamp":"2025-12-19T10:49:00.509777Z","level":"info","event":"Formatting title: 10 Things I Hate About You","logger":"root","filename":"new_tropes_dag.py","lineno":66}
{"timestamp":"2025-12-19T10:49:00.509829Z","level":"info","event":"Formatting title: 101 Dalmations","logger":"root","filename":"new_tropes_dag.py","lineno":66}
{"timestamp":"2025-12-19T10:49:00.509865Z","level":"info","event":"Formatting title: 12","logger":"root","filename":"new_tropes_dag.py","lineno":66}
{"timestamp":"2025-12-19T10:49:00.509896Z","level":"info","event":"Formatting title: 12 And Holding","logger":"root","filename":"new_tropes_dag.py","lineno":66}
{"timestamp":"2025-12-19T10:49:00.509926Z","level":"info","event":"Formatting title: 12 Angry Men","logger":"root","filename":"new_tropes_dag.py","lineno":66}
{"timestamp":"2025-12-19T10:49:00.509956Z","level":"info","event":"Formatting title: 12 Monkeys","logger":"root","filename":"new_tropes_dag.py","lineno":66}
{"timestamp":"2025-12-19T10:49:00.509984Z","level":"info","event":"Formatting title: 12 Strong","logger":"root","filename":"new_tropes_dag.py","lineno":66}
{"timestamp":"2025-12-19T10:49:00.510017Z","level":"info","event":"Formatting title: 12 Years A Slave","logger":"root","filename":"new_tropes_dag.py","lineno":66}
{"timestamp":"2025-12-19T10:49:00.510045Z","level":"info","event":"Formatting title: 127 Hours","logger":"root","filename":"new_tropes_dag.py","lineno":66}
{"timestamp":"2025-12-19T10:49:00.510074Z","level":"info","event":"Formatting title: 1408","logger":"root","filename":"new_tropes_dag.py","lineno":66}
{"timestamp":"2025-12-19T10:49:00.510104Z","level":"info","event":"Formatting title: 1492 Conquest Of Paradise","logger":"root","filename":"new_tropes_dag.py","lineno":66}
{"timestamp":"2025-12-19T10:49:00.510137Z","level":"info","event":"Formatting title: 15 Minutes","logger":"root","filename":"new_tropes_dag.py","lineno":66}
{"timestamp":"2025-12-19T10:49:00.510171Z","level":"info","event":"Formatting title: 16 Blocks","logger":"root","filename":"new_tropes_dag.py","lineno":66}
{"timestamp":"2025-12-19T10:49:00.510210Z","level":"info","event":"Formatting title: 17 Again","logger":"root","filename":"new_tropes_dag.py","lineno":66}
{"timestamp":"2025-12-19T10:49:00.510245Z","level":"info","event":"Formatting title: 187","logger":"root","filename":"new_tropes_dag.py","lineno":66}
{"timestamp":"2025-12-19T10:49:00.510291Z","level":"info","event":"Formatting title: 1917","logger":"root","filename":"new_tropes_dag.py","lineno":66}
{"timestamp":"2025-12-19T10:49:00.510359Z","level":"info","event":"Formatting title: 2 Fast 2 Furious","logger":"root","filename":"new_tropes_dag.py","lineno":66}
{"timestamp":"2025-12-19T10:49:00.510635Z","level":"info","event":"Formatting title: 2001 A Space Odyssey","logger":"root","filename":"new_tropes_dag.py","lineno":66}
{"timestamp":"2025-12-19T10:49:00.511043Z","level":"info","event":"Formatting title: 2010 The Year We Make Contact","logger":"root","filename":"new_tropes_dag.py","lineno":66}
{"timestamp":"2025-12-19T10:49:00.511238Z","level":"info","event":"Formatting title: 2012","logger":"root","filename":"new_tropes_dag.py","lineno":66}
{"timestamp":"2025-12-19T10:49:00.511512Z","level":"info","event":"Formatting title: 20th Century Girl","logger":"root","filename":"new_tropes_dag.py","lineno":66}
{"timestamp":"2025-12-19T10:49:00.511728Z","level":"info","event":"Formatting title: 20th Century Women","logger":"root","filename":"new_tropes_dag.py","lineno":66}
{"timestamp":"2025-12-19T10:49:00.511829Z","level":"info","event":"Formatting title: 21 Jump Street","logger":"root","filename":"new_tropes_dag.py","lineno":66}
{"timestamp":"2025-12-19T10:49:00.511916Z","level":"info","event":"Formatting title: 213","logger":"root","filename":"new_tropes_dag.py","lineno":66}
{"timestamp":"2025-12-19T10:49:00.511996Z","level":"info","event":"Formatting title: 22 July","logger":"root","filename":"new_tropes_dag.py","lineno":66}
{"timestamp":"2025-12-19T10:49:00.512056Z","level":"info","event":"Formatting title: 22 Jump Street","logger":"root","filename":"new_tropes_dag.py","lineno":66}
{"timestamp":"2025-12-19T10:49:00.512117Z","level":"info","event":"Formatting title: 25th Hour","logger":"root","filename":"new_tropes_dag.py","lineno":66}
{"timestamp":"2025-12-19T10:49:00.512177Z","level":"info","event":"Formatting title: 28 Days Later","logger":"root","filename":"new_tropes_dag.py","lineno":66}
{"timestamp":"2025-12-19T10:49:00.512285Z","level":"info","event":"Formatting title: 28 Weeks Later","logger":"root","filename":"new_tropes_dag.py","lineno":66}
{"timestamp":"2025-12-19T10:49:00.512374Z","level":"info","event":"Formatting title: 30 Minutes Or Less","logger":"root","filename":"new_tropes_dag.py","lineno":66}
{"timestamp":"2025-12-19T10:49:00.512556Z","level":"info","event":"Formatting title: 300","logger":"root","filename":"new_tropes_dag.py","lineno":66}
{"timestamp":"2025-12-19T10:49:00.512694Z","level":"info","event":"Formatting title: 42","logger":"root","filename":"new_tropes_dag.py","lineno":66}
{"timestamp":"2025-12-19T10:49:00.512920Z","level":"info","event":"Formatting title: 44 Inch Chest","logger":"root","filename":"new_tropes_dag.py","lineno":66}
{"timestamp":"2025-12-19T10:49:00.513089Z","level":"info","event":"Formatting title: 48 Hrs","logger":"root","filename":"new_tropes_dag.py","lineno":66}
{"timestamp":"2025-12-19T10:49:00.513184Z","level":"info","event":"Formatting title: 5 To 7","logger":"root","filename":"new_tropes_dag.py","lineno":66}
{"timestamp":"2025-12-19T10:49:00.513219Z","level":"info","event":"Formatting title: 50 50","logger":"root","filename":"new_tropes_dag.py","lineno":66}
{"timestamp":"2025-12-19T10:49:00.513254Z","level":"info","event":"Formatting title: 500 Days Of Summer","logger":"root","filename":"new_tropes_dag.py","lineno":66}
{"timestamp":"2025-12-19T10:49:00.513286Z","level":"info","event":"Formatting title: 8 Bit Christmas","logger":"root","filename":"new_tropes_dag.py","lineno":66}
{"timestamp":"2025-12-19T10:49:00.513316Z","level":"info","event":"Formatting title: 8 Mile","logger":"root","filename":"new_tropes_dag.py","lineno":66}
{"timestamp":"2025-12-19T10:49:00.513345Z","level":"info","event":"Formatting title: 8mm","logger":"root","filename":"new_tropes_dag.py","lineno":66}
{"timestamp":"2025-12-19T10:49:00.513374Z","level":"info","event":"Formatting title: 8½","logger":"root","filename":"new_tropes_dag.py","lineno":66}
{"timestamp":"2025-12-19T10:49:00.513403Z","level":"info","event":"Formatting title: 9","logger":"root","filename":"new_tropes_dag.py","lineno":66}
{"timestamp":"2025-12-19T10:49:00.513431Z","level":"info","event":"Formatting title: A Beautiful Day In The Neighborhood","logger":"root","filename":"new_tropes_dag.py","lineno":66}
{"timestamp":"2025-12-19T10:49:00.513459Z","level":"info","event":"Formatting title: A Beautiful Mind","logger":"root","filename":"new_tropes_dag.py","lineno":66}
{"timestamp":"2025-12-19T10:49:00.513486Z","level":"info","event":"Formatting title: A Christmas Story","logger":"root","filename":"new_tropes_dag.py","lineno":66}
{"timestamp":"2025-12-19T10:49:00.513511Z","level":"info","event":"Formatting title: A Clockwork Orange","logger":"root","filename":"new_tropes_dag.py","lineno":66}
{"timestamp":"2025-12-19T10:49:00.513536Z","level":"info","event":"Formatting title: A Complete Unknown","logger":"root","filename":"new_tropes_dag.py","lineno":66}
{"timestamp":"2025-12-19T10:49:00.513561Z","level":"info","event":"Formatting title: A Fantastic Woman","logger":"root","filename":"new_tropes_dag.py","lineno":66}
{"timestamp":"2025-12-19T10:49:00.513587Z","level":"info","event":"Formatting title: A Few Good Men","logger":"root","filename":"new_tropes_dag.py","lineno":66}
{"timestamp":"2025-12-19T10:49:00.513612Z","level":"info","event":"Formatting title: A Good Person","logger":"root","filename":"new_tropes_dag.py","lineno":66}
{"timestamp":"2025-12-19T10:49:00.513639Z","level":"info","event":"Formatting title: A Haunting In Venice","logger":"root","filename":"new_tropes_dag.py","lineno":66}
{"timestamp":"2025-12-19T10:49:00.513666Z","level":"info","event":"Formatting title: A Hero","logger":"root","filename":"new_tropes_dag.py","lineno":66}
{"timestamp":"2025-12-19T10:49:00.513691Z","level":"info","event":"Formatting title: A Hidden Life","logger":"root","filename":"new_tropes_dag.py","lineno":66}
{"timestamp":"2025-12-19T10:49:00.513719Z","level":"info","event":"Formatting title: A History Of Violence","logger":"root","filename":"new_tropes_dag.py","lineno":66}
{"timestamp":"2025-12-19T10:49:00.513752Z","level":"info","event":"Formatting title: A Knights Tale","logger":"root","filename":"new_tropes_dag.py","lineno":66}
{"timestamp":"2025-12-19T10:49:00.513778Z","level":"info","event":"Formatting title: A Knock At The Cabin","logger":"root","filename":"new_tropes_dag.py","lineno":66}
{"timestamp":"2025-12-19T10:49:00.513804Z","level":"info","event":"Formatting title: A League Of Their Own","logger":"root","filename":"new_tropes_dag.py","lineno":66}
{"timestamp":"2025-12-19T10:49:00.513828Z","level":"info","event":"Formatting title: A Man Called Otto","logger":"root","filename":"new_tropes_dag.py","lineno":66}
{"timestamp":"2025-12-19T10:49:00.513853Z","level":"info","event":"Formatting title: A Million Miles Away","logger":"root","filename":"new_tropes_dag.py","lineno":66}
{"timestamp":"2025-12-19T10:49:00.513878Z","level":"info","event":"Formatting title: A Monster Calls","logger":"root","filename":"new_tropes_dag.py","lineno":66}
{"timestamp":"2025-12-19T10:49:00.513904Z","level":"info","event":"Formatting title: A Most Violent Year","logger":"root","filename":"new_tropes_dag.py","lineno":66}
{"timestamp":"2025-12-19T10:49:00.513929Z","level":"info","event":"Formatting title: A New Leaf","logger":"root","filename":"new_tropes_dag.py","lineno":66}
{"timestamp":"2025-12-19T10:49:00.513955Z","level":"info","event":"Formatting title: A Nightmare On Elm Street","logger":"root","filename":"new_tropes_dag.py","lineno":66}
{"timestamp":"2025-12-19T10:49:00.513986Z","level":"info","event":"Formatting title: A Nightmare On Elm Street 3 Dream Warriors","logger":"root","filename":"new_tropes_dag.py","lineno":66}
{"timestamp":"2025-12-19T10:49:00.514014Z","level":"info","event":"Formatting title: A Nightmare On Elm Street 5 The Dream Child","logger":"root","filename":"new_tropes_dag.py","lineno":66}
{"timestamp":"2025-12-19T10:49:00.514040Z","level":"info","event":"Formatting title: A Prayer Before Dawn","logger":"root","filename":"new_tropes_dag.py","lineno":66}
{"timestamp":"2025-12-19T10:49:00.514065Z","level":"info","event":"Formatting title: A Quiet Place","logger":"root","filename":"new_tropes_dag.py","lineno":66}
{"timestamp":"2025-12-19T10:49:00.514088Z","level":"info","event":"Formatting title: A Real Pain","logger":"root","filename":"new_tropes_dag.py","lineno":66}
{"timestamp":"2025-12-19T10:49:00.514113Z","level":"info","event":"Formatting title: A Scanner Darkly","logger":"root","filename":"new_tropes_dag.py","lineno":66}
{"timestamp":"2025-12-19T10:49:00.514136Z","level":"info","event":"Formatting title: A Separation","logger":"root","filename":"new_tropes_dag.py","lineno":66}
{"timestamp":"2025-12-19T10:49:00.514160Z","level":"info","event":"Formatting title: A Serious Man","logger":"root","filename":"new_tropes_dag.py","lineno":66}
{"timestamp":"2025-12-19T10:49:00.514185Z","level":"info","event":"Formatting title: A Simple Favor","logger":"root","filename":"new_tropes_dag.py","lineno":66}
{"timestamp":"2025-12-19T10:49:00.514210Z","level":"info","event":"Formatting title: A Simple Plan","logger":"root","filename":"new_tropes_dag.py","lineno":66}
{"timestamp":"2025-12-19T10:49:00.514236Z","level":"info","event":"Formatting title: A Soldiers Story","logger":"root","filename":"new_tropes_dag.py","lineno":66}
{"timestamp":"2025-12-19T10:49:00.514261Z","level":"info","event":"Formatting title: A Star Is Born","logger":"root","filename":"new_tropes_dag.py","lineno":66}
{"timestamp":"2025-12-19T10:49:00.514288Z","level":"info","event":"Formatting title: A Thin Line Between Love And Hate","logger":"root","filename":"new_tropes_dag.py","lineno":66}
{"timestamp":"2025-12-19T10:49:00.514314Z","level":"info","event":"Formatting title: A Time To Kill","logger":"root","filename":"new_tropes_dag.py","lineno":66}
{"timestamp":"2025-12-19T10:49:00.514337Z","level":"info","event":"Formatting title: A View To A Kill","logger":"root","filename":"new_tropes_dag.py","lineno":66}
{"timestamp":"2025-12-19T10:49:00.514361Z","level":"info","event":"Formatting title: About Alex","logger":"root","filename":"new_tropes_dag.py","lineno":66}
{"timestamp":"2025-12-19T10:49:00.514385Z","level":"info","event":"Formatting title: Above The Law","logger":"root","filename":"new_tropes_dag.py","lineno":66}
{"timestamp":"2025-12-19T10:49:00.514409Z","level":"info","event":"Formatting title: Abraham Lincoln Vampire Hunter","logger":"root","filename":"new_tropes_dag.py","lineno":66}
{"timestamp":"2025-12-19T10:49:00.514433Z","level":"info","event":"Formatting title: Absolute Power","logger":"root","filename":"new_tropes_dag.py","lineno":66}
{"timestamp":"2025-12-19T10:49:00.514456Z","level":"info","event":"Formatting title: Abyss The","logger":"root","filename":"new_tropes_dag.py","lineno":66}
{"timestamp":"2025-12-19T10:49:00.514506Z","level":"info","event":"Formatting title: Ace Ventura Pet Detective","logger":"root","filename":"new_tropes_dag.py","lineno":66}
{"timestamp":"2025-12-19T10:49:00.514538Z","level":"info","event":"Formatting title: Action Jackson","logger":"root","filename":"new_tropes_dag.py","lineno":66}
{"timestamp":"2025-12-19T10:49:00.514564Z","level":"info","event":"Formatting title: Ad Astra","logger":"root","filename":"new_tropes_dag.py","lineno":66}
{"timestamp":"2025-12-19T10:49:00.514590Z","level":"info","event":"Formatting title: Adaptation","logger":"root","filename":"new_tropes_dag.py","lineno":66}
{"timestamp":"2025-12-19T10:49:00.514616Z","level":"info","event":"Formatting title: Addams Family The","logger":"root","filename":"new_tropes_dag.py","lineno":66}
{"timestamp":"2025-12-19T10:49:00.514641Z","level":"info","event":"Formatting title: Addams Family Values","logger":"root","filename":"new_tropes_dag.py","lineno":66}
{"timestamp":"2025-12-19T10:49:00.514666Z","level":"info","event":"Formatting title: Adjustment Bureau The","logger":"root","filename":"new_tropes_dag.py","lineno":66}
{"timestamp":"2025-12-19T10:49:00.514691Z","level":"info","event":"Formatting title: Adventures Of Buckaroo Banzai Across The Eighth Dimension The","logger":"root","filename":"new_tropes_dag.py","lineno":66}
{"timestamp":"2025-12-19T10:49:00.514719Z","level":"info","event":"Formatting title: Affliction","logger":"root","filename":"new_tropes_dag.py","lineno":66}
{"timestamp":"2025-12-19T10:49:00.514746Z","level":"info","event":"Formatting title: After School Special","logger":"root","filename":"new_tropes_dag.py","lineno":66}
{"timestamp":"2025-12-19T10:49:00.514773Z","level":"info","event":"Formatting title: After The Wedding","logger":"root","filename":"new_tropes_dag.py","lineno":66}
{"timestamp":"2025-12-19T10:49:00.514799Z","level":"info","event":"Formatting title: Afterlife","logger":"root","filename":"new_tropes_dag.py","lineno":66}
{"timestamp":"2025-12-19T10:49:00.514827Z","level":"info","event":"Formatting title: Aftersun","logger":"root","filename":"new_tropes_dag.py","lineno":66}
{"timestamp":"2025-12-19T10:49:00.514851Z","level":"info","event":"Formatting title: Agnes Of God","logger":"root","filename":"new_tropes_dag.py","lineno":66}
{"timestamp":"2025-12-19T10:49:00.514875Z","level":"info","event":"Formatting title: Ai","logger":"root","filename":"new_tropes_dag.py","lineno":66}
{"timestamp":"2025-12-19T10:49:00.514901Z","level":"info","event":"Formatting title: Air","logger":"root","filename":"new_tropes_dag.py","lineno":66}
{"timestamp":"2025-12-19T10:49:00.514924Z","level":"info","event":"Formatting title: Air Force One","logger":"root","filename":"new_tropes_dag.py","lineno":66}
{"timestamp":"2025-12-19T10:49:00.514948Z","level":"info","event":"Formatting title: Airplane","logger":"root","filename":"new_tropes_dag.py","lineno":66}
{"timestamp":"2025-12-19T10:49:00.514973Z","level":"info","event":"Formatting title: Airplane 2 The Sequel","logger":"root","filename":"new_tropes_dag.py","lineno":66}
{"timestamp":"2025-12-19T10:49:00.514998Z","level":"info","event":"Formatting title: Aladdin","logger":"root","filename":"new_tropes_dag.py","lineno":66}
{"timestamp":"2025-12-19T10:49:00.515026Z","level":"info","event":"Formatting title: Alex Cross","logger":"root","filename":"new_tropes_dag.py","lineno":66}
{"timestamp":"2025-12-19T10:49:00.515051Z","level":"info","event":"Formatting title: Ali","logger":"root","filename":"new_tropes_dag.py","lineno":66}
{"timestamp":"2025-12-19T10:49:00.515073Z","level":"info","event":"Formatting title: Alien","logger":"root","filename":"new_tropes_dag.py","lineno":66}
{"timestamp":"2025-12-19T10:49:00.515096Z","level":"info","event":"Formatting title: Alien 3","logger":"root","filename":"new_tropes_dag.py","lineno":66}
{"timestamp":"2025-12-19T10:49:00.515120Z","level":"info","event":"Formatting title: Alien Covenant","logger":"root","filename":"new_tropes_dag.py","lineno":66}
{"timestamp":"2025-12-19T10:49:00.515146Z","level":"info","event":"Formatting title: Alien Nation","logger":"root","filename":"new_tropes_dag.py","lineno":66}
{"timestamp":"2025-12-19T10:49:00.515171Z","level":"info","event":"Formatting title: Alien Resurrection","logger":"root","filename":"new_tropes_dag.py","lineno":66}
{"timestamp":"2025-12-19T10:49:00.515197Z","level":"info","event":"Formatting title: Alien Vs Predator","logger":"root","filename":"new_tropes_dag.py","lineno":66}
{"timestamp":"2025-12-19T10:49:00.515221Z","level":"info","event":"Formatting title: Alien Vs Predator Requiem","logger":"root","filename":"new_tropes_dag.py","lineno":66}
{"timestamp":"2025-12-19T10:49:00.515246Z","level":"info","event":"Formatting title: Aliens","logger":"root","filename":"new_tropes_dag.py","lineno":66}
{"timestamp":"2025-12-19T10:49:00.515271Z","level":"info","event":"Formatting title: Aligarh","logger":"root","filename":"new_tropes_dag.py","lineno":66}
{"timestamp":"2025-12-19T10:49:00.515295Z","level":"info","event":"Formatting title: All About Eve","logger":"root","filename":"new_tropes_dag.py","lineno":66}
{"timestamp":"2025-12-19T10:49:00.515321Z","level":"info","event":"Formatting title: All About Steve","logger":"root","filename":"new_tropes_dag.py","lineno":66}
{"timestamp":"2025-12-19T10:49:00.515345Z","level":"info","event":"Formatting title: All Is Lost","logger":"root","filename":"new_tropes_dag.py","lineno":66}
{"timestamp":"2025-12-19T10:49:00.515369Z","level":"info","event":"Formatting title: All Is True","logger":"root","filename":"new_tropes_dag.py","lineno":66}
{"timestamp":"2025-12-19T10:49:00.515393Z","level":"info","event":"Formatting title: All Of Us Strangers","logger":"root","filename":"new_tropes_dag.py","lineno":66}
{"timestamp":"2025-12-19T10:49:00.515418Z","level":"info","event":"Formatting title: All Quiet On The Western Front","logger":"root","filename":"new_tropes_dag.py","lineno":66}
{"timestamp":"2025-12-19T10:49:00.515443Z","level":"info","event":"Formatting title: All The Boy Love Mandy Lane","logger":"root","filename":"new_tropes_dag.py","lineno":66}
{"timestamp":"2025-12-19T10:49:00.515533Z","level":"info","event":"Formatting title: All The Kings Men","logger":"root","filename":"new_tropes_dag.py","lineno":66}
{"timestamp":"2025-12-19T10:49:00.515569Z","level":"info","event":"Formatting title: All The Money In The World","logger":"root","filename":"new_tropes_dag.py","lineno":66}
{"timestamp":"2025-12-19T10:49:00.515603Z","level":"info","event":"Formatting title: All The Old Knives","logger":"root","filename":"new_tropes_dag.py","lineno":66}
{"timestamp":"2025-12-19T10:49:00.515632Z","level":"info","event":"Formatting title: All The Presidents Men","logger":"root","filename":"new_tropes_dag.py","lineno":66}
{"timestamp":"2025-12-19T10:49:00.515661Z","level":"info","event":"Formatting title: Almost Famous","logger":"root","filename":"new_tropes_dag.py","lineno":66}
{"timestamp":"2025-12-19T10:49:00.515689Z","level":"info","event":"Formatting title: Alone In The Dark","logger":"root","filename":"new_tropes_dag.py","lineno":66}
{"timestamp":"2025-12-19T10:49:00.515720Z","level":"info","event":"Formatting title: Altered States","logger":"root","filename":"new_tropes_dag.py","lineno":66}
{"timestamp":"2025-12-19T10:49:00.515746Z","level":"info","event":"Formatting title: Amadeus","logger":"root","filename":"new_tropes_dag.py","lineno":66}
{"timestamp":"2025-12-19T10:49:00.515772Z","level":"info","event":"Formatting title: Ambulance","logger":"root","filename":"new_tropes_dag.py","lineno":66}
{"timestamp":"2025-12-19T10:49:00.515797Z","level":"info","event":"Formatting title: Amelia","logger":"root","filename":"new_tropes_dag.py","lineno":66}
{"timestamp":"2025-12-19T10:49:00.515823Z","level":"info","event":"Formatting title: American Animals","logger":"root","filename":"new_tropes_dag.py","lineno":66}
{"timestamp":"2025-12-19T10:49:00.515849Z","level":"info","event":"Formatting title: American Beauty","logger":"root","filename":"new_tropes_dag.py","lineno":66}
{"timestamp":"2025-12-19T10:49:00.515875Z","level":"info","event":"Formatting title: American Fiction","logger":"root","filename":"new_tropes_dag.py","lineno":66}
{"timestamp":"2025-12-19T10:49:00.515902Z","level":"info","event":"Formatting title: American Gangster","logger":"root","filename":"new_tropes_dag.py","lineno":66}
{"timestamp":"2025-12-19T10:49:00.515937Z","level":"info","event":"Formatting title: American Graffiti","logger":"root","filename":"new_tropes_dag.py","lineno":66}
{"timestamp":"2025-12-19T10:49:00.515961Z","level":"info","event":"Formatting title: American History X","logger":"root","filename":"new_tropes_dag.py","lineno":66}
{"timestamp":"2025-12-19T10:49:00.515986Z","level":"info","event":"Formatting title: American Hustle","logger":"root","filename":"new_tropes_dag.py","lineno":66}
{"timestamp":"2025-12-19T10:49:00.516010Z","level":"info","event":"Formatting title: American Madness","logger":"root","filename":"new_tropes_dag.py","lineno":66}
{"timestamp":"2025-12-19T10:49:00.516037Z","level":"info","event":"Formatting title: American Milkshake","logger":"root","filename":"new_tropes_dag.py","lineno":66}
{"timestamp":"2025-12-19T10:49:00.516062Z","level":"info","event":"Formatting title: American Outlaws","logger":"root","filename":"new_tropes_dag.py","lineno":66}
{"timestamp":"2025-12-19T10:49:00.516088Z","level":"info","event":"Formatting title: American Pie","logger":"root","filename":"new_tropes_dag.py","lineno":66}
{"timestamp":"2025-12-19T10:49:00.516118Z","level":"info","event":"Formatting title: American President The","logger":"root","filename":"new_tropes_dag.py","lineno":66}
{"timestamp":"2025-12-19T10:49:00.516146Z","level":"info","event":"Formatting title: American Psycho","logger":"root","filename":"new_tropes_dag.py","lineno":66}
{"timestamp":"2025-12-19T10:49:00.516173Z","level":"info","event":"Formatting title: American Shaolin King Of Kickboxers 2","logger":"root","filename":"new_tropes_dag.py","lineno":66}
{"timestamp":"2025-12-19T10:49:00.516201Z","level":"info","event":"Formatting title: American Sniper","logger":"root","filename":"new_tropes_dag.py","lineno":66}
{"timestamp":"2025-12-19T10:49:00.516229Z","level":"info","event":"Formatting title: American Splendor","logger":"root","filename":"new_tropes_dag.py","lineno":66}
{"timestamp":"2025-12-19T10:49:00.516257Z","level":"info","event":"Formatting title: American The","logger":"root","filename":"new_tropes_dag.py","lineno":66}
{"timestamp":"2025-12-19T10:49:00.516282Z","level":"info","event":"Formatting title: American Ultra","logger":"root","filename":"new_tropes_dag.py","lineno":66}
{"timestamp":"2025-12-19T10:49:00.516306Z","level":"info","event":"Formatting title: American Werewolf In London","logger":"root","filename":"new_tropes_dag.py","lineno":66}
{"timestamp":"2025-12-19T10:49:00.516330Z","level":"info","event":"Formatting title: Amistad","logger":"root","filename":"new_tropes_dag.py","lineno":66}
{"timestamp":"2025-12-19T10:49:00.516353Z","level":"info","event":"Formatting title: Amityville Asylum The","logger":"root","filename":"new_tropes_dag.py","lineno":66}
{"timestamp":"2025-12-19T10:49:00.516377Z","level":"info","event":"Formatting title: Amour","logger":"root","filename":"new_tropes_dag.py","lineno":66}
{"timestamp":"2025-12-19T10:49:00.516402Z","level":"info","event":"Formatting title: Amsterdam","logger":"root","filename":"new_tropes_dag.py","lineno":66}
{"timestamp":"2025-12-19T10:49:00.516427Z","level":"info","event":"Formatting title: Amélie","logger":"root","filename":"new_tropes_dag.py","lineno":66}
{"timestamp":"2025-12-19T10:49:00.516454Z","level":"info","event":"Formatting title: An Affair To Remember","logger":"root","filename":"new_tropes_dag.py","lineno":66}
{"timestamp":"2025-12-19T10:49:00.516502Z","level":"info","event":"Formatting title: An American Werewolf In London","logger":"root","filename":"new_tropes_dag.py","lineno":66}
{"timestamp":"2025-12-19T10:49:00.516581Z","level":"info","event":"Formatting title: An Education","logger":"root","filename":"new_tropes_dag.py","lineno":66}
{"timestamp":"2025-12-19T10:49:00.516642Z","level":"info","event":"Formatting title: An Unmarried Woman","logger":"root","filename":"new_tropes_dag.py","lineno":66}
{"timestamp":"2025-12-19T10:49:00.516699Z","level":"info","event":"Formatting title: Anaconda","logger":"root","filename":"new_tropes_dag.py","lineno":66}
{"timestamp":"2025-12-19T10:49:00.516756Z","level":"info","event":"Formatting title: Analyze That","logger":"root","filename":"new_tropes_dag.py","lineno":66}
{"timestamp":"2025-12-19T10:49:00.516816Z","level":"info","event":"Formatting title: Analyze This","logger":"root","filename":"new_tropes_dag.py","lineno":66}
{"timestamp":"2025-12-19T10:49:00.516883Z","level":"info","event":"Formatting title: Anastasia","logger":"root","filename":"new_tropes_dag.py","lineno":66}
{"timestamp":"2025-12-19T10:49:00.516965Z","level":"info","event":"Formatting title: Anatomy Of A Fall","logger":"root","filename":"new_tropes_dag.py","lineno":66}
{"timestamp":"2025-12-19T10:49:00.517040Z","level":"info","event":"Formatting title: Anatomy Of A Murder","logger":"root","filename":"new_tropes_dag.py","lineno":66}
{"timestamp":"2025-12-19T10:49:00.517118Z","level":"info","event":"Formatting title: Anchorman The Legend Of Ron Burgundy","logger":"root","filename":"new_tropes_dag.py","lineno":66}
{"timestamp":"2025-12-19T10:49:00.517181Z","level":"info","event":"Formatting title: Angel Eyes","logger":"root","filename":"new_tropes_dag.py","lineno":66}
{"timestamp":"2025-12-19T10:49:00.517265Z","level":"info","event":"Formatting title: Angels & Demons","logger":"root","filename":"new_tropes_dag.py","lineno":66}
{"timestamp":"2025-12-19T10:49:00.517332Z","level":"info","event":"Formatting title: Angels With Dirty Faces","logger":"root","filename":"new_tropes_dag.py","lineno":66}
{"timestamp":"2025-12-19T10:49:00.517405Z","level":"info","event":"Formatting title: Anger Management","logger":"root","filename":"new_tropes_dag.py","lineno":66}
{"timestamp":"2025-12-19T10:49:00.517477Z","level":"info","event":"Formatting title: Animal Kingdom","logger":"root","filename":"new_tropes_dag.py","lineno":66}
{"timestamp":"2025-12-19T10:49:00.517550Z","level":"info","event":"Formatting title: Anna Karenina","logger":"root","filename":"new_tropes_dag.py","lineno":66}
{"timestamp":"2025-12-19T10:49:00.517639Z","level":"info","event":"Formatting title: Annabelle","logger":"root","filename":"new_tropes_dag.py","lineno":66}
{"timestamp":"2025-12-19T10:49:00.517711Z","level":"info","event":"Formatting title: Annette","logger":"root","filename":"new_tropes_dag.py","lineno":66}
{"timestamp":"2025-12-19T10:49:00.517775Z","level":"info","event":"Formatting title: Annie Hall","logger":"root","filename":"new_tropes_dag.py","lineno":66}
{"timestamp":"2025-12-19T10:49:00.517838Z","level":"info","event":"Formatting title: Annihilation","logger":"root","filename":"new_tropes_dag.py","lineno":66}
{"timestamp":"2025-12-19T10:49:00.517909Z","level":"info","event":"Formatting title: Anniversary Party The","logger":"root","filename":"new_tropes_dag.py","lineno":66}
{"timestamp":"2025-12-19T10:49:00.517975Z","level":"info","event":"Formatting title: Anonymous","logger":"root","filename":"new_tropes_dag.py","lineno":66}
{"timestamp":"2025-12-19T10:49:00.518047Z","level":"info","event":"Formatting title: Anora","logger":"root","filename":"new_tropes_dag.py","lineno":66}
{"timestamp":"2025-12-19T10:49:00.518139Z","level":"info","event":"Formatting title: Another 48 Hrs","logger":"root","filename":"new_tropes_dag.py","lineno":66}
{"timestamp":"2025-12-19T10:49:00.518225Z","level":"info","event":"Formatting title: Another Year","logger":"root","filename":"new_tropes_dag.py","lineno":66}
{"timestamp":"2025-12-19T10:49:00.518309Z","level":"info","event":"Formatting title: Antebellum","logger":"root","filename":"new_tropes_dag.py","lineno":66}
{"timestamp":"2025-12-19T10:49:00.518410Z","level":"info","event":"Formatting title: Anthropoid","logger":"root","filename":"new_tropes_dag.py","lineno":66}
{"timestamp":"2025-12-19T10:49:00.518536Z","level":"info","event":"Formatting title: Antitrust","logger":"root","filename":"new_tropes_dag.py","lineno":66}
{"timestamp":"2025-12-19T10:49:00.518651Z","level":"info","event":"Formatting title: Antz","logger":"root","filename":"new_tropes_dag.py","lineno":66}
{"timestamp":"2025-12-19T10:49:00.518749Z","level":"info","event":"Formatting title: Any Given Sunday","logger":"root","filename":"new_tropes_dag.py","lineno":66}
{"timestamp":"2025-12-19T10:49:00.518815Z","level":"info","event":"Formatting title: Apartment The","logger":"root","filename":"new_tropes_dag.py","lineno":66}
{"timestamp":"2025-12-19T10:49:00.518878Z","level":"info","event":"Formatting title: Apocalypse Now","logger":"root","filename":"new_tropes_dag.py","lineno":66}
{"timestamp":"2025-12-19T10:49:00.518938Z","level":"info","event":"Formatting title: Apollo 13","logger":"root","filename":"new_tropes_dag.py","lineno":66}
{"timestamp":"2025-12-19T10:49:00.518997Z","level":"info","event":"Formatting title: April Fools Day","logger":"root","filename":"new_tropes_dag.py","lineno":66}
{"timestamp":"2025-12-19T10:49:00.519086Z","level":"info","event":"Formatting title: Apt Pupil","logger":"root","filename":"new_tropes_dag.py","lineno":66}
{"timestamp":"2025-12-19T10:49:00.519173Z","level":"info","event":"Formatting title: Arbitrage","logger":"root","filename":"new_tropes_dag.py","lineno":66}
{"timestamp":"2025-12-19T10:49:00.519247Z","level":"info","event":"Formatting title: Arcade","logger":"root","filename":"new_tropes_dag.py","lineno":66}
{"timestamp":"2025-12-19T10:49:00.519323Z","level":"info","event":"Formatting title: Arctic Blue","logger":"root","filename":"new_tropes_dag.py","lineno":66}
{"timestamp":"2025-12-19T10:49:00.519429Z","level":"info","event":"Formatting title: Argentina 1985","logger":"root","filename":"new_tropes_dag.py","lineno":66}
{"timestamp":"2025-12-19T10:49:00.519542Z","level":"info","event":"Formatting title: Argo","logger":"root","filename":"new_tropes_dag.py","lineno":66}
{"timestamp":"2025-12-19T10:49:00.519612Z","level":"info","event":"Formatting title: Armageddon","logger":"root","filename":"new_tropes_dag.py","lineno":66}
{"timestamp":"2025-12-19T10:49:00.519671Z","level":"info","event":"Formatting title: Armageddon Time","logger":"root","filename":"new_tropes_dag.py","lineno":66}
{"timestamp":"2025-12-19T10:49:00.519712Z","level":"info","event":"Formatting title: Armed And Dangerous","logger":"root","filename":"new_tropes_dag.py","lineno":66}
{"timestamp":"2025-12-19T10:49:00.519756Z","level":"info","event":"Formatting title: Army Of Darkness","logger":"root","filename":"new_tropes_dag.py","lineno":66}
{"timestamp":"2025-12-19T10:49:00.519792Z","level":"info","event":"Formatting title: Arrival","logger":"root","filename":"new_tropes_dag.py","lineno":66}
{"timestamp":"2025-12-19T10:49:00.519838Z","level":"info","event":"Formatting title: Arsenic And Old Lace","logger":"root","filename":"new_tropes_dag.py","lineno":66}
{"timestamp":"2025-12-19T10:49:00.519873Z","level":"info","event":"Formatting title: Arthur","logger":"root","filename":"new_tropes_dag.py","lineno":66}
{"timestamp":"2025-12-19T10:49:00.519903Z","level":"info","event":"Formatting title: Artist The","logger":"root","filename":"new_tropes_dag.py","lineno":66}
{"timestamp":"2025-12-19T10:49:00.519946Z","level":"info","event":"Formatting title: As Good As It Gets","logger":"root","filename":"new_tropes_dag.py","lineno":66}
{"timestamp":"2025-12-19T10:49:00.519983Z","level":"info","event":"Formatting title: Ask The Dust","logger":"root","filename":"new_tropes_dag.py","lineno":66}
{"timestamp":"2025-12-19T10:49:00.520020Z","level":"info","event":"Formatting title: Assassination Nation","logger":"root","filename":"new_tropes_dag.py","lineno":66}
{"timestamp":"2025-12-19T10:49:00.520068Z","level":"info","event":"Formatting title: Assassins","logger":"root","filename":"new_tropes_dag.py","lineno":66}
{"timestamp":"2025-12-19T10:49:00.520110Z","level":"info","event":"Formatting title: Assault On Precinct 13","logger":"root","filename":"new_tropes_dag.py","lineno":66}
{"timestamp":"2025-12-19T10:49:00.520148Z","level":"info","event":"Formatting title: Assignment The","logger":"root","filename":"new_tropes_dag.py","lineno":66}
{"timestamp":"2025-12-19T10:49:00.520179Z","level":"info","event":"Formatting title: Asteroid City","logger":"root","filename":"new_tropes_dag.py","lineno":66}
{"timestamp":"2025-12-19T10:49:00.520214Z","level":"info","event":"Formatting title: At First Sight","logger":"root","filename":"new_tropes_dag.py","lineno":66}
{"timestamp":"2025-12-19T10:49:00.520243Z","level":"info","event":"Formatting title: Atomic Blonde","logger":"root","filename":"new_tropes_dag.py","lineno":66}
{"timestamp":"2025-12-19T10:49:00.520277Z","level":"info","event":"Formatting title: Attack The Block","logger":"root","filename":"new_tropes_dag.py","lineno":66}
{"timestamp":"2025-12-19T10:49:00.520308Z","level":"info","event":"Formatting title: Audrey Rose","logger":"root","filename":"new_tropes_dag.py","lineno":66}
{"timestamp":"2025-12-19T10:49:00.520345Z","level":"info","event":"Formatting title: August Osage County","logger":"root","filename":"new_tropes_dag.py","lineno":66}
{"timestamp":"2025-12-19T10:49:00.520373Z","level":"info","event":"Formatting title: Austin Powers International Man Of Mystery","logger":"root","filename":"new_tropes_dag.py","lineno":66}
{"timestamp":"2025-12-19T10:49:00.520412Z","level":"info","event":"Formatting title: Austin Powers The Spy Who Shagged Me","logger":"root","filename":"new_tropes_dag.py","lineno":66}
{"timestamp":"2025-12-19T10:49:00.520444Z","level":"info","event":"Formatting title: Authors Anonymous","logger":"root","filename":"new_tropes_dag.py","lineno":66}
{"timestamp":"2025-12-19T10:49:00.520479Z","level":"info","event":"Formatting title: Autumn In New York","logger":"root","filename":"new_tropes_dag.py","lineno":66}
{"timestamp":"2025-12-19T10:49:00.520528Z","level":"info","event":"Formatting title: Avatar","logger":"root","filename":"new_tropes_dag.py","lineno":66}
{"timestamp":"2025-12-19T10:49:00.520572Z","level":"info","event":"Formatting title: Avengers Endgame","logger":"root","filename":"new_tropes_dag.py","lineno":66}
{"timestamp":"2025-12-19T10:49:00.520603Z","level":"info","event":"Formatting title: Avengers The","logger":"root","filename":"new_tropes_dag.py","lineno":66}
{"timestamp":"2025-12-19T10:49:00.520630Z","level":"info","event":"Formatting title: Avengers The (2012)","logger":"root","filename":"new_tropes_dag.py","lineno":66}
{"timestamp":"2025-12-19T10:49:00.520662Z","level":"info","event":"Formatting title: Avp Alien Vs Predator","logger":"root","filename":"new_tropes_dag.py","lineno":66}
{"timestamp":"2025-12-19T10:49:00.520693Z","level":"info","event":"Formatting title: Avventura L (the Adventure)","logger":"root","filename":"new_tropes_dag.py","lineno":66}
{"timestamp":"2025-12-19T10:49:00.520727Z","level":"info","event":"Formatting title: Awakenings","logger":"root","filename":"new_tropes_dag.py","lineno":66}
{"timestamp":"2025-12-19T10:49:00.520756Z","level":"info","event":"Formatting title: Babel","logger":"root","filename":"new_tropes_dag.py","lineno":66}
{"timestamp":"2025-12-19T10:49:00.520788Z","level":"info","event":"Formatting title: Baby Boy","logger":"root","filename":"new_tropes_dag.py","lineno":66}
{"timestamp":"2025-12-19T10:49:00.520816Z","level":"info","event":"Formatting title: Baby Driver","logger":"root","filename":"new_tropes_dag.py","lineno":66}
{"timestamp":"2025-12-19T10:49:00.520846Z","level":"info","event":"Formatting title: Babylon","logger":"root","filename":"new_tropes_dag.py","lineno":66}
{"timestamp":"2025-12-19T10:49:00.520876Z","level":"info","event":"Formatting title: Bachelor Party","logger":"root","filename":"new_tropes_dag.py","lineno":66}
{"timestamp":"2025-12-19T10:49:00.520903Z","level":"info","event":"Formatting title: Bachelor Party The","logger":"root","filename":"new_tropes_dag.py","lineno":66}
{"timestamp":"2025-12-19T10:49:00.520937Z","level":"info","event":"Formatting title: Back To The Future","logger":"root","filename":"new_tropes_dag.py","lineno":66}
{"timestamp":"2025-12-19T10:49:00.520964Z","level":"info","event":"Formatting title: Back To The Future 2 & 3","logger":"root","filename":"new_tropes_dag.py","lineno":66}
{"timestamp":"2025-12-19T10:49:00.520989Z","level":"info","event":"Formatting title: Back Up Plan The","logger":"root","filename":"new_tropes_dag.py","lineno":66}
{"timestamp":"2025-12-19T10:49:00.521014Z","level":"info","event":"Formatting title: Backdraft","logger":"root","filename":"new_tropes_dag.py","lineno":66}
{"timestamp":"2025-12-19T10:49:00.521067Z","level":"info","event":"Formatting title: Bad Boys","logger":"root","filename":"new_tropes_dag.py","lineno":66}
{"timestamp":"2025-12-19T10:49:00.521102Z","level":"info","event":"Formatting title: Bad Boys For Life","logger":"root","filename":"new_tropes_dag.py","lineno":66}
{"timestamp":"2025-12-19T10:49:00.521131Z","level":"info","event":"Formatting title: Bad Country","logger":"root","filename":"new_tropes_dag.py","lineno":66}
{"timestamp":"2025-12-19T10:49:00.521159Z","level":"info","event":"Formatting title: Bad Day At Black Rock","logger":"root","filename":"new_tropes_dag.py","lineno":66}
{"timestamp":"2025-12-19T10:49:00.521195Z","level":"info","event":"Formatting title: Bad Dreams","logger":"root","filename":"new_tropes_dag.py","lineno":66}
{"timestamp":"2025-12-19T10:49:00.521251Z","level":"info","event":"Formatting title: Bad Lieutenant","logger":"root","filename":"new_tropes_dag.py","lineno":66}
{"timestamp":"2025-12-19T10:49:00.521284Z","level":"info","event":"Formatting title: Bad Moms","logger":"root","filename":"new_tropes_dag.py","lineno":66}
{"timestamp":"2025-12-19T10:49:00.521319Z","level":"info","event":"Formatting title: Bad Moon","logger":"root","filename":"new_tropes_dag.py","lineno":66}
{"timestamp":"2025-12-19T10:49:00.521352Z","level":"info","event":"Formatting title: Bad Santa","logger":"root","filename":"new_tropes_dag.py","lineno":66}
{"timestamp":"2025-12-19T10:49:00.521384Z","level":"info","event":"Formatting title: Bad Teacher","logger":"root","filename":"new_tropes_dag.py","lineno":66}
{"timestamp":"2025-12-19T10:49:00.521411Z","level":"info","event":"Formatting title: Bad Times At The El Royale","logger":"root","filename":"new_tropes_dag.py","lineno":66}
{"timestamp":"2025-12-19T10:49:00.521449Z","level":"info","event":"Formatting title: Badlands","logger":"root","filename":"new_tropes_dag.py","lineno":66}
{"timestamp":"2025-12-19T10:49:00.521480Z","level":"info","event":"Formatting title: Bamboozled","logger":"root","filename":"new_tropes_dag.py","lineno":66}
{"timestamp":"2025-12-19T10:49:00.521507Z","level":"info","event":"Formatting title: Barb And Star Go To Vista Del Mar","logger":"root","filename":"new_tropes_dag.py","lineno":66}
{"timestamp":"2025-12-19T10:49:00.521535Z","level":"info","event":"Formatting title: Barbarian","logger":"root","filename":"new_tropes_dag.py","lineno":66}
{"timestamp":"2025-12-19T10:49:00.521566Z","level":"info","event":"Formatting title: Barbershop","logger":"root","filename":"new_tropes_dag.py","lineno":66}
{"timestamp":"2025-12-19T10:49:00.521592Z","level":"info","event":"Formatting title: Barbie","logger":"root","filename":"new_tropes_dag.py","lineno":66}
{"timestamp":"2025-12-19T10:49:00.521620Z","level":"info","event":"Formatting title: Barry Lyndon","logger":"root","filename":"new_tropes_dag.py","lineno":66}
{"timestamp":"2025-12-19T10:49:00.521646Z","level":"info","event":"Formatting title: Barton Fink","logger":"root","filename":"new_tropes_dag.py","lineno":66}
{"timestamp":"2025-12-19T10:49:00.521671Z","level":"info","event":"Formatting title: Basic","logger":"root","filename":"new_tropes_dag.py","lineno":66}
{"timestamp":"2025-12-19T10:49:00.521696Z","level":"info","event":"Formatting title: Basic Instinct","logger":"root","filename":"new_tropes_dag.py","lineno":66}
{"timestamp":"2025-12-19T10:49:00.521721Z","level":"info","event":"Formatting title: Basic Instinct 2","logger":"root","filename":"new_tropes_dag.py","lineno":66}
{"timestamp":"2025-12-19T10:49:00.521746Z","level":"info","event":"Formatting title: Basket Case","logger":"root","filename":"new_tropes_dag.py","lineno":66}
{"timestamp":"2025-12-19T10:49:00.521777Z","level":"info","event":"Formatting title: Basquiat","logger":"root","filename":"new_tropes_dag.py","lineno":66}
{"timestamp":"2025-12-19T10:49:00.521802Z","level":"info","event":"Formatting title: Batman","logger":"root","filename":"new_tropes_dag.py","lineno":66}
{"timestamp":"2025-12-19T10:49:00.521831Z","level":"info","event":"Formatting title: Batman & Robin","logger":"root","filename":"new_tropes_dag.py","lineno":66}
{"timestamp":"2025-12-19T10:49:00.521859Z","level":"info","event":"Formatting title: Batman 2","logger":"root","filename":"new_tropes_dag.py","lineno":66}
{"timestamp":"2025-12-19T10:49:00.521885Z","level":"info","event":"Formatting title: Batman And Robin","logger":"root","filename":"new_tropes_dag.py","lineno":66}
{"timestamp":"2025-12-19T10:49:00.521909Z","level":"info","event":"Formatting title: Batman Begins","logger":"root","filename":"new_tropes_dag.py","lineno":66}
{"timestamp":"2025-12-19T10:49:00.521943Z","level":"info","event":"Formatting title: Batman Forever","logger":"root","filename":"new_tropes_dag.py","lineno":66}
{"timestamp":"2025-12-19T10:49:00.521968Z","level":"info","event":"Formatting title: Batman Mask Of The Phantasm","logger":"root","filename":"new_tropes_dag.py","lineno":66}
{"timestamp":"2025-12-19T10:49:00.521992Z","level":"info","event":"Formatting title: Batman Returns","logger":"root","filename":"new_tropes_dag.py","lineno":66}
{"timestamp":"2025-12-19T10:49:00.522021Z","level":"info","event":"Formatting title: Battle Los Angeles","logger":"root","filename":"new_tropes_dag.py","lineno":66}
{"timestamp":"2025-12-19T10:49:00.522050Z","level":"info","event":"Formatting title: Battle Of Algiers The","logger":"root","filename":"new_tropes_dag.py","lineno":66}
{"timestamp":"2025-12-19T10:49:00.522076Z","level":"info","event":"Formatting title: Battle Of Shaker Heights The","logger":"root","filename":"new_tropes_dag.py","lineno":66}
{"timestamp":"2025-12-19T10:49:00.522102Z","level":"info","event":"Formatting title: Battle Of The Sexes","logger":"root","filename":"new_tropes_dag.py","lineno":66}
{"timestamp":"2025-12-19T10:49:00.522127Z","level":"info","event":"Formatting title: Battlefield Earth","logger":"root","filename":"new_tropes_dag.py","lineno":66}
{"timestamp":"2025-12-19T10:49:00.522151Z","level":"info","event":"Formatting title: Baywatch","logger":"root","filename":"new_tropes_dag.py","lineno":66}
{"timestamp":"2025-12-19T10:49:00.522177Z","level":"info","event":"Formatting title: Beach The","logger":"root","filename":"new_tropes_dag.py","lineno":66}
{"timestamp":"2025-12-19T10:49:00.522210Z","level":"info","event":"Formatting title: Bean","logger":"root","filename":"new_tropes_dag.py","lineno":66}
{"timestamp":"2025-12-19T10:49:00.522242Z","level":"info","event":"Formatting title: Beasts Of No Nation","logger":"root","filename":"new_tropes_dag.py","lineno":66}
{"timestamp":"2025-12-19T10:49:00.522275Z","level":"info","event":"Formatting title: Beasts Of The Southern Wild","logger":"root","filename":"new_tropes_dag.py","lineno":66}
{"timestamp":"2025-12-19T10:49:00.522312Z","level":"info","event":"Formatting title: Beau Is Afraid","logger":"root","filename":"new_tropes_dag.py","lineno":66}
{"timestamp":"2025-12-19T10:49:00.522342Z","level":"info","event":"Formatting title: Beautiful Boy","logger":"root","filename":"new_tropes_dag.py","lineno":66}
{"timestamp":"2025-12-19T10:49:00.522372Z","level":"info","event":"Formatting title: Beauty And The Beast","logger":"root","filename":"new_tropes_dag.py","lineno":66}
{"timestamp":"2025-12-19T10:49:00.522398Z","level":"info","event":"Formatting title: Beavis And Butt Head Do America","logger":"root","filename":"new_tropes_dag.py","lineno":66}
{"timestamp":"2025-12-19T10:49:00.522431Z","level":"info","event":"Formatting title: Beekeeper The","logger":"root","filename":"new_tropes_dag.py","lineno":66}
{"timestamp":"2025-12-19T10:49:00.522528Z","level":"info","event":"Formatting title: Beetlejuice","logger":"root","filename":"new_tropes_dag.py","lineno":66}
{"timestamp":"2025-12-19T10:49:00.522598Z","level":"info","event":"Formatting title: Before Midnight","logger":"root","filename":"new_tropes_dag.py","lineno":66}
{"timestamp":"2025-12-19T10:49:00.522645Z","level":"info","event":"Formatting title: Beginners","logger":"root","filename":"new_tropes_dag.py","lineno":66}
{"timestamp":"2025-12-19T10:49:00.522680Z","level":"info","event":"Formatting title: Being Human","logger":"root","filename":"new_tropes_dag.py","lineno":66}
{"timestamp":"2025-12-19T10:49:00.522716Z","level":"info","event":"Formatting title: Being John Malkovich","logger":"root","filename":"new_tropes_dag.py","lineno":66}
{"timestamp":"2025-12-19T10:49:00.522743Z","level":"info","event":"Formatting title: Being The Ricardos","logger":"root","filename":"new_tropes_dag.py","lineno":66}
{"timestamp":"2025-12-19T10:49:00.522770Z","level":"info","event":"Formatting title: Being There","logger":"root","filename":"new_tropes_dag.py","lineno":66}
{"timestamp":"2025-12-19T10:49:00.522797Z","level":"info","event":"Formatting title: Belfast","logger":"root","filename":"new_tropes_dag.py","lineno":66}
{"timestamp":"2025-12-19T10:49:00.522823Z","level":"info","event":"Formatting title: Believer The","logger":"root","filename":"new_tropes_dag.py","lineno":66}
{"timestamp":"2025-12-19T10:49:00.522848Z","level":"info","event":"Formatting title: Belle","logger":"root","filename":"new_tropes_dag.py","lineno":66}
{"timestamp":"2025-12-19T10:49:00.522873Z","level":"info","event":"Formatting title: Beloved","logger":"root","filename":"new_tropes_dag.py","lineno":66}
{"timestamp":"2025-12-19T10:49:00.522900Z","level":"info","event":"Formatting title: Benny & Joon","logger":"root","filename":"new_tropes_dag.py","lineno":66}
{"timestamp":"2025-12-19T10:49:00.522928Z","level":"info","event":"Formatting title: Best Exotic Marigold Hotel The","logger":"root","filename":"new_tropes_dag.py","lineno":66}
{"timestamp":"2025-12-19T10:49:00.522957Z","level":"info","event":"Formatting title: Better Man","logger":"root","filename":"new_tropes_dag.py","lineno":66}
{"timestamp":"2025-12-19T10:49:00.522983Z","level":"info","event":"Formatting title: Beverly Hills Cop","logger":"root","filename":"new_tropes_dag.py","lineno":66}
{"timestamp":"2025-12-19T10:49:00.523008Z","level":"info","event":"Formatting title: Big","logger":"root","filename":"new_tropes_dag.py","lineno":66}
{"timestamp":"2025-12-19T10:49:00.523033Z","level":"info","event":"Formatting title: Big Blue The","logger":"root","filename":"new_tropes_dag.py","lineno":66}
{"timestamp":"2025-12-19T10:49:00.523063Z","level":"info","event":"Formatting title: Big Eyes","logger":"root","filename":"new_tropes_dag.py","lineno":66}
{"timestamp":"2025-12-19T10:49:00.523089Z","level":"info","event":"Formatting title: Big Fish","logger":"root","filename":"new_tropes_dag.py","lineno":66}
{"timestamp":"2025-12-19T10:49:00.523114Z","level":"info","event":"Formatting title: Big Lebowski The","logger":"root","filename":"new_tropes_dag.py","lineno":66}
{"timestamp":"2025-12-19T10:49:00.523138Z","level":"info","event":"Formatting title: Big Sick The","logger":"root","filename":"new_tropes_dag.py","lineno":66}
{"timestamp":"2025-12-19T10:49:00.523168Z","level":"info","event":"Formatting title: Big Time Adolescence","logger":"root","filename":"new_tropes_dag.py","lineno":66}
{"timestamp":"2025-12-19T10:49:00.523197Z","level":"info","event":"Formatting title: Big Trouble In Little China","logger":"root","filename":"new_tropes_dag.py","lineno":66}
{"timestamp":"2025-12-19T10:49:00.523226Z","level":"info","event":"Formatting title: Big White The","logger":"root","filename":"new_tropes_dag.py","lineno":66}
{"timestamp":"2025-12-19T10:49:00.523259Z","level":"info","event":"Formatting title: Bill & Ted Face The Music","logger":"root","filename":"new_tropes_dag.py","lineno":66}
{"timestamp":"2025-12-19T10:49:00.523284Z","level":"info","event":"Formatting title: Bill And Teds Bogus Journey","logger":"root","filename":"new_tropes_dag.py","lineno":66}
{"timestamp":"2025-12-19T10:49:00.523308Z","level":"info","event":"Formatting title: Bill And Teds Excellent Adventure","logger":"root","filename":"new_tropes_dag.py","lineno":66}
{"timestamp":"2025-12-19T10:49:00.523333Z","level":"info","event":"Formatting title: Bird Box","logger":"root","filename":"new_tropes_dag.py","lineno":66}
{"timestamp":"2025-12-19T10:49:00.523357Z","level":"info","event":"Formatting title: Birdman","logger":"root","filename":"new_tropes_dag.py","lineno":66}
{"timestamp":"2025-12-19T10:49:00.523383Z","level":"info","event":"Formatting title: Birds The","logger":"root","filename":"new_tropes_dag.py","lineno":66}
{"timestamp":"2025-12-19T10:49:00.523412Z","level":"info","event":"Formatting title: Birthday Girl","logger":"root","filename":"new_tropes_dag.py","lineno":66}
{"timestamp":"2025-12-19T10:49:00.523441Z","level":"info","event":"Formatting title: Black Christmas","logger":"root","filename":"new_tropes_dag.py","lineno":66}
{"timestamp":"2025-12-19T10:49:00.523471Z","level":"info","event":"Formatting title: Black Dahlia The","logger":"root","filename":"new_tropes_dag.py","lineno":66}
{"timestamp":"2025-12-19T10:49:00.523497Z","level":"info","event":"Formatting title: Black Panther","logger":"root","filename":"new_tropes_dag.py","lineno":66}
{"timestamp":"2025-12-19T10:49:00.523522Z","level":"info","event":"Formatting title: Black Panther Wakanda Forever","logger":"root","filename":"new_tropes_dag.py","lineno":66}
{"timestamp":"2025-12-19T10:49:00.523548Z","level":"info","event":"Formatting title: Black Rain","logger":"root","filename":"new_tropes_dag.py","lineno":66}
{"timestamp":"2025-12-19T10:49:00.523572Z","level":"info","event":"Formatting title: Black Snake Moan","logger":"root","filename":"new_tropes_dag.py","lineno":66}
{"timestamp":"2025-12-19T10:49:00.523597Z","level":"info","event":"Formatting title: Black Swan","logger":"root","filename":"new_tropes_dag.py","lineno":66}
{"timestamp":"2025-12-19T10:49:00.523622Z","level":"info","event":"Formatting title: Blackberry","logger":"root","filename":"new_tropes_dag.py","lineno":66}
{"timestamp":"2025-12-19T10:49:00.612398Z","level":"info","event":"Formatting title: Blackkklansman","logger":"root","filename":"new_tropes_dag.py","lineno":66}
{"timestamp":"2025-12-19T10:49:00.612530Z","level":"info","event":"Formatting title: Blade","logger":"root","filename":"new_tropes_dag.py","lineno":66}
{"timestamp":"2025-12-19T10:49:00.612617Z","level":"info","event":"Formatting title: Blade 2","logger":"root","filename":"new_tropes_dag.py","lineno":66}
{"timestamp":"2025-12-19T10:49:00.612673Z","level":"info","event":"Formatting title: Blade Runner","logger":"root","filename":"new_tropes_dag.py","lineno":66}
{"timestamp":"2025-12-19T10:49:00.612716Z","level":"info","event":"Formatting title: Blade Runner 2049","logger":"root","filename":"new_tropes_dag.py","lineno":66}
{"timestamp":"2025-12-19T10:49:00.612754Z","level":"info","event":"Formatting title: Blade Trinity","logger":"root","filename":"new_tropes_dag.py","lineno":66}
{"timestamp":"2025-12-19T10:49:00.612795Z","level":"info","event":"Formatting title: Blades Of Glory","logger":"root","filename":"new_tropes_dag.py","lineno":66}
{"timestamp":"2025-12-19T10:49:00.612866Z","level":"info","event":"Formatting title: Blankman","logger":"root","filename":"new_tropes_dag.py","lineno":66}
{"timestamp":"2025-12-19T10:49:00.612910Z","level":"info","event":"Formatting title: Blast From The Past The","logger":"root","filename":"new_tropes_dag.py","lineno":66}
{"timestamp":"2025-12-19T10:49:00.612953Z","level":"info","event":"Formatting title: Blazing Saddles","logger":"root","filename":"new_tropes_dag.py","lineno":66}
{"timestamp":"2025-12-19T10:49:00.612991Z","level":"info","event":"Formatting title: Blind Side The","logger":"root","filename":"new_tropes_dag.py","lineno":66}
{"timestamp":"2025-12-19T10:49:00.613083Z","level":"info","event":"Formatting title: Blindspotting","logger":"root","filename":"new_tropes_dag.py","lineno":66}
{"timestamp":"2025-12-19T10:49:00.613146Z","level":"info","event":"Formatting title: Bling Ring The","logger":"root","filename":"new_tropes_dag.py","lineno":66}
{"timestamp":"2025-12-19T10:49:00.613216Z","level":"info","event":"Formatting title: Blink Twice","logger":"root","filename":"new_tropes_dag.py","lineno":66}
{"timestamp":"2025-12-19T10:49:00.613267Z","level":"info","event":"Formatting title: Blitz","logger":"root","filename":"new_tropes_dag.py","lineno":66}
{"timestamp":"2025-12-19T10:49:00.613308Z","level":"info","event":"Formatting title: Blonde","logger":"root","filename":"new_tropes_dag.py","lineno":66}
{"timestamp":"2025-12-19T10:49:00.613361Z","level":"info","event":"Formatting title: Blood And Wine","logger":"root","filename":"new_tropes_dag.py","lineno":66}
{"timestamp":"2025-12-19T10:49:00.613431Z","level":"info","event":"Formatting title: Blood Diamond","logger":"root","filename":"new_tropes_dag.py","lineno":66}
{"timestamp":"2025-12-19T10:49:00.613494Z","level":"info","event":"Formatting title: Blood Simple","logger":"root","filename":"new_tropes_dag.py","lineno":66}
{"timestamp":"2025-12-19T10:49:00.613587Z","level":"info","event":"Formatting title: Bloodshot","logger":"root","filename":"new_tropes_dag.py","lineno":66}
{"timestamp":"2025-12-19T10:49:00.613670Z","level":"info","event":"Formatting title: Blow","logger":"root","filename":"new_tropes_dag.py","lineno":66}
{"timestamp":"2025-12-19T10:49:00.613732Z","level":"info","event":"Formatting title: Blue Jasmine","logger":"root","filename":"new_tropes_dag.py","lineno":66}
{"timestamp":"2025-12-19T10:49:00.613783Z","level":"info","event":"Formatting title: Blue Ruin","logger":"root","filename":"new_tropes_dag.py","lineno":66}
{"timestamp":"2025-12-19T10:49:00.613833Z","level":"info","event":"Formatting title: Blue Valentine","logger":"root","filename":"new_tropes_dag.py","lineno":66}
{"timestamp":"2025-12-19T10:49:00.614025Z","level":"info","event":"Formatting title: Blue Velvet","logger":"root","filename":"new_tropes_dag.py","lineno":66}
{"timestamp":"2025-12-19T10:49:00.614106Z","level":"info","event":"Formatting title: Blues Brothers The","logger":"root","filename":"new_tropes_dag.py","lineno":66}
{"timestamp":"2025-12-19T10:49:00.614168Z","level":"info","event":"Formatting title: Bodies Rest & Motion","logger":"root","filename":"new_tropes_dag.py","lineno":66}
{"timestamp":"2025-12-19T10:49:00.614232Z","level":"info","event":"Formatting title: Body Heat","logger":"root","filename":"new_tropes_dag.py","lineno":66}
{"timestamp":"2025-12-19T10:49:00.614296Z","level":"info","event":"Formatting title: Body Of Evidence","logger":"root","filename":"new_tropes_dag.py","lineno":66}
{"timestamp":"2025-12-19T10:49:00.614345Z","level":"info","event":"Formatting title: Bodyguard","logger":"root","filename":"new_tropes_dag.py","lineno":66}
{"timestamp":"2025-12-19T10:49:00.614394Z","level":"info","event":"Formatting title: Bohemian Rhapsody","logger":"root","filename":"new_tropes_dag.py","lineno":66}
{"timestamp":"2025-12-19T10:49:00.614484Z","level":"info","event":"Formatting title: Bones","logger":"root","filename":"new_tropes_dag.py","lineno":66}
{"timestamp":"2025-12-19T10:49:00.614530Z","level":"info","event":"Formatting title: Bones And All","logger":"root","filename":"new_tropes_dag.py","lineno":66}
{"timestamp":"2025-12-19T10:49:00.614573Z","level":"info","event":"Formatting title: Bonfire Of The Vanities","logger":"root","filename":"new_tropes_dag.py","lineno":66}
{"timestamp":"2025-12-19T10:49:00.614613Z","level":"info","event":"Formatting title: Bonnie And Clyde","logger":"root","filename":"new_tropes_dag.py","lineno":66}
{"timestamp":"2025-12-19T10:49:00.614654Z","level":"info","event":"Formatting title: Boogie Nights","logger":"root","filename":"new_tropes_dag.py","lineno":66}
{"timestamp":"2025-12-19T10:49:00.614702Z","level":"info","event":"Formatting title: Book Of Eli The","logger":"root","filename":"new_tropes_dag.py","lineno":66}
{"timestamp":"2025-12-19T10:49:00.614744Z","level":"info","event":"Formatting title: Booksmart","logger":"root","filename":"new_tropes_dag.py","lineno":66}
{"timestamp":"2025-12-19T10:49:00.614817Z","level":"info","event":"Formatting title: Bookworm","logger":"root","filename":"new_tropes_dag.py","lineno":66}
{"timestamp":"2025-12-19T10:49:00.614866Z","level":"info","event":"Formatting title: Boomerang","logger":"root","filename":"new_tropes_dag.py","lineno":66}
{"timestamp":"2025-12-19T10:49:00.614925Z","level":"info","event":"Formatting title: Boondock Saints 2 All Saints Day","logger":"root","filename":"new_tropes_dag.py","lineno":66}
{"timestamp":"2025-12-19T10:49:00.614985Z","level":"info","event":"Formatting title: Boondock Saints The","logger":"root","filename":"new_tropes_dag.py","lineno":66}
{"timestamp":"2025-12-19T10:49:00.615038Z","level":"info","event":"Formatting title: Booty Call","logger":"root","filename":"new_tropes_dag.py","lineno":66}
{"timestamp":"2025-12-19T10:49:00.615084Z","level":"info","event":"Formatting title: Borat Subsequent Moviefilm","logger":"root","filename":"new_tropes_dag.py","lineno":66}
{"timestamp":"2025-12-19T10:49:00.615148Z","level":"info","event":"Formatting title: Born On The Fourth Of July","logger":"root","filename":"new_tropes_dag.py","lineno":66}
{"timestamp":"2025-12-19T10:49:00.615277Z","level":"info","event":"Formatting title: Bottle Rocket","logger":"root","filename":"new_tropes_dag.py","lineno":66}
{"timestamp":"2025-12-19T10:49:00.615384Z","level":"info","event":"Formatting title: Bottoms","logger":"root","filename":"new_tropes_dag.py","lineno":66}
{"timestamp":"2025-12-19T10:49:00.615583Z","level":"info","event":"Formatting title: Bound","logger":"root","filename":"new_tropes_dag.py","lineno":66}
{"timestamp":"2025-12-19T10:49:00.615909Z","level":"info","event":"Formatting title: Bounty Hunter The","logger":"root","filename":"new_tropes_dag.py","lineno":66}
{"timestamp":"2025-12-19T10:49:00.615990Z","level":"info","event":"Formatting title: Bourne Identity The","logger":"root","filename":"new_tropes_dag.py","lineno":66}
{"timestamp":"2025-12-19T10:49:00.616043Z","level":"info","event":"Formatting title: Bourne Supremacy The","logger":"root","filename":"new_tropes_dag.py","lineno":66}
{"timestamp":"2025-12-19T10:49:00.616097Z","level":"info","event":"Formatting title: Bourne Ultimatum The","logger":"root","filename":"new_tropes_dag.py","lineno":66}
{"timestamp":"2025-12-19T10:49:00.616211Z","level":"info","event":"Formatting title: Bowfinger","logger":"root","filename":"new_tropes_dag.py","lineno":66}
{"timestamp":"2025-12-19T10:49:00.616267Z","level":"info","event":"Formatting title: Box The","logger":"root","filename":"new_tropes_dag.py","lineno":66}
{"timestamp":"2025-12-19T10:49:00.616322Z","level":"info","event":"Formatting title: Boxtrolls The","logger":"root","filename":"new_tropes_dag.py","lineno":66}
{"timestamp":"2025-12-19T10:49:00.616375Z","level":"info","event":"Formatting title: Boy Erased","logger":"root","filename":"new_tropes_dag.py","lineno":66}
{"timestamp":"2025-12-19T10:49:00.616425Z","level":"info","event":"Formatting title: Boyhood","logger":"root","filename":"new_tropes_dag.py","lineno":66}
{"timestamp":"2025-12-19T10:49:00.616470Z","level":"info","event":"Formatting title: Boyz In The Hood","logger":"root","filename":"new_tropes_dag.py","lineno":66}
{"timestamp":"2025-12-19T10:49:00.616516Z","level":"info","event":"Formatting title: Brads Status","logger":"root","filename":"new_tropes_dag.py","lineno":66}
{"timestamp":"2025-12-19T10:49:00.616560Z","level":"info","event":"Formatting title: Bram Stokers Dracula","logger":"root","filename":"new_tropes_dag.py","lineno":66}
{"timestamp":"2025-12-19T10:49:00.616632Z","level":"info","event":"Formatting title: Braveheart","logger":"root","filename":"new_tropes_dag.py","lineno":66}
{"timestamp":"2025-12-19T10:49:00.616687Z","level":"info","event":"Formatting title: Brazil","logger":"root","filename":"new_tropes_dag.py","lineno":66}
{"timestamp":"2025-12-19T10:49:00.616716Z","level":"info","event":"Formatting title: Breach","logger":"root","filename":"new_tropes_dag.py","lineno":66}
{"timestamp":"2025-12-19T10:49:00.616743Z","level":"info","event":"Formatting title: Break","logger":"root","filename":"new_tropes_dag.py","lineno":66}
{"timestamp":"2025-12-19T10:49:00.616770Z","level":"info","event":"Formatting title: Breakdown","logger":"root","filename":"new_tropes_dag.py","lineno":66}
{"timestamp":"2025-12-19T10:49:00.616814Z","level":"info","event":"Formatting title: Breakfast Club The","logger":"root","filename":"new_tropes_dag.py","lineno":66}
{"timestamp":"2025-12-19T10:49:00.616851Z","level":"info","event":"Formatting title: Breaking Away","logger":"root","filename":"new_tropes_dag.py","lineno":66}
{"timestamp":"2025-12-19T10:49:00.616882Z","level":"info","event":"Formatting title: Breathe","logger":"root","filename":"new_tropes_dag.py","lineno":66}
{"timestamp":"2025-12-19T10:49:00.616909Z","level":"info","event":"Formatting title: Brick","logger":"root","filename":"new_tropes_dag.py","lineno":66}
{"timestamp":"2025-12-19T10:49:00.616936Z","level":"info","event":"Formatting title: Bride Of Chucky","logger":"root","filename":"new_tropes_dag.py","lineno":66}
{"timestamp":"2025-12-19T10:49:00.616963Z","level":"info","event":"Formatting title: Bridesmaids","logger":"root","filename":"new_tropes_dag.py","lineno":66}
{"timestamp":"2025-12-19T10:49:00.616990Z","level":"info","event":"Formatting title: Bridge Of Spies","logger":"root","filename":"new_tropes_dag.py","lineno":66}
{"timestamp":"2025-12-19T10:49:00.617064Z","level":"info","event":"Formatting title: Bridget Jones Diary","logger":"root","filename":"new_tropes_dag.py","lineno":66}
{"timestamp":"2025-12-19T10:49:00.617098Z","level":"info","event":"Formatting title: Bridget Joness Baby","logger":"root","filename":"new_tropes_dag.py","lineno":66}
{"timestamp":"2025-12-19T10:49:00.617126Z","level":"info","event":"Formatting title: Bright","logger":"root","filename":"new_tropes_dag.py","lineno":66}
{"timestamp":"2025-12-19T10:49:00.617154Z","level":"info","event":"Formatting title: Brightburn","logger":"root","filename":"new_tropes_dag.py","lineno":66}
{"timestamp":"2025-12-19T10:49:00.617181Z","level":"info","event":"Formatting title: Bringing Out The Dead","logger":"root","filename":"new_tropes_dag.py","lineno":66}
{"timestamp":"2025-12-19T10:49:00.617226Z","level":"info","event":"Formatting title: Broadcast News","logger":"root","filename":"new_tropes_dag.py","lineno":66}
{"timestamp":"2025-12-19T10:49:00.617261Z","level":"info","event":"Formatting title: Brokeback Mountain","logger":"root","filename":"new_tropes_dag.py","lineno":66}
{"timestamp":"2025-12-19T10:49:00.617290Z","level":"info","event":"Formatting title: Broken Arrow","logger":"root","filename":"new_tropes_dag.py","lineno":66}
{"timestamp":"2025-12-19T10:49:00.617318Z","level":"info","event":"Formatting title: Broken Embraces","logger":"root","filename":"new_tropes_dag.py","lineno":66}
{"timestamp":"2025-12-19T10:49:00.617343Z","level":"info","event":"Formatting title: Brooklyn","logger":"root","filename":"new_tropes_dag.py","lineno":66}
{"timestamp":"2025-12-19T10:49:00.617369Z","level":"info","event":"Formatting title: Brothers Bloom The","logger":"root","filename":"new_tropes_dag.py","lineno":66}
{"timestamp":"2025-12-19T10:49:00.617395Z","level":"info","event":"Formatting title: Bruce Almighty","logger":"root","filename":"new_tropes_dag.py","lineno":66}
{"timestamp":"2025-12-19T10:49:00.617443Z","level":"info","event":"Formatting title: Brutalist The","logger":"root","filename":"new_tropes_dag.py","lineno":66}
{"timestamp":"2025-12-19T10:49:00.617473Z","level":"info","event":"Formatting title: Buffy The Vampire Slayer","logger":"root","filename":"new_tropes_dag.py","lineno":66}
{"timestamp":"2025-12-19T10:49:00.617501Z","level":"info","event":"Formatting title: Bull Durham","logger":"root","filename":"new_tropes_dag.py","lineno":66}
{"timestamp":"2025-12-19T10:49:00.617530Z","level":"info","event":"Formatting title: Buried","logger":"root","filename":"new_tropes_dag.py","lineno":66}
{"timestamp":"2025-12-19T10:49:00.617556Z","level":"info","event":"Formatting title: Burlesque","logger":"root","filename":"new_tropes_dag.py","lineno":66}
{"timestamp":"2025-12-19T10:49:00.617582Z","level":"info","event":"Formatting title: Burn After Reading","logger":"root","filename":"new_tropes_dag.py","lineno":66}
{"timestamp":"2025-12-19T10:49:00.617628Z","level":"info","event":"Formatting title: Burning Annie","logger":"root","filename":"new_tropes_dag.py","lineno":66}
{"timestamp":"2025-12-19T10:49:00.617661Z","level":"info","event":"Formatting title: Burnt","logger":"root","filename":"new_tropes_dag.py","lineno":66}
{"timestamp":"2025-12-19T10:49:00.617689Z","level":"info","event":"Formatting title: Butch Cassidy And The Sundance Kid","logger":"root","filename":"new_tropes_dag.py","lineno":66}
{"timestamp":"2025-12-19T10:49:00.617718Z","level":"info","event":"Formatting title: Butterfly Effect The","logger":"root","filename":"new_tropes_dag.py","lineno":66}
{"timestamp":"2025-12-19T10:49:00.617745Z","level":"info","event":"Formatting title: Cable Guy","logger":"root","filename":"new_tropes_dag.py","lineno":66}
{"timestamp":"2025-12-19T10:49:00.617773Z","level":"info","event":"Formatting title: Caddyshack","logger":"root","filename":"new_tropes_dag.py","lineno":66}
{"timestamp":"2025-12-19T10:49:00.617813Z","level":"info","event":"Formatting title: Call Me By Your Name","logger":"root","filename":"new_tropes_dag.py","lineno":66}
{"timestamp":"2025-12-19T10:49:00.617852Z","level":"info","event":"Formatting title: Can You Ever Forgive Me","logger":"root","filename":"new_tropes_dag.py","lineno":66}
{"timestamp":"2025-12-19T10:49:00.617883Z","level":"info","event":"Formatting title: Candle To Water","logger":"root","filename":"new_tropes_dag.py","lineno":66}
{"timestamp":"2025-12-19T10:49:00.617913Z","level":"info","event":"Formatting title: Candyman","logger":"root","filename":"new_tropes_dag.py","lineno":66}
{"timestamp":"2025-12-19T10:49:00.617941Z","level":"info","event":"Formatting title: Candyman","logger":"root","filename":"new_tropes_dag.py","lineno":66}
{"timestamp":"2025-12-19T10:49:00.617968Z","level":"info","event":"Formatting title: Cape Fear","logger":"root","filename":"new_tropes_dag.py","lineno":66}
{"timestamp":"2025-12-19T10:49:00.617995Z","level":"info","event":"Formatting title: Capharnaum","logger":"root","filename":"new_tropes_dag.py","lineno":66}
{"timestamp":"2025-12-19T10:49:00.618020Z","level":"info","event":"Formatting title: Capote","logger":"root","filename":"new_tropes_dag.py","lineno":66}
{"timestamp":"2025-12-19T10:49:00.618072Z","level":"info","event":"Formatting title: Captain America The First Avenger","logger":"root","filename":"new_tropes_dag.py","lineno":66}
{"timestamp":"2025-12-19T10:49:00.618102Z","level":"info","event":"Formatting title: Captain Fantastic","logger":"root","filename":"new_tropes_dag.py","lineno":66}
{"timestamp":"2025-12-19T10:49:00.618191Z","level":"info","event":"Formatting title: Car Wash","logger":"root","filename":"new_tropes_dag.py","lineno":66}
{"timestamp":"2025-12-19T10:49:00.618232Z","level":"info","event":"Formatting title: Carlitos Way","logger":"root","filename":"new_tropes_dag.py","lineno":66}
{"timestamp":"2025-12-19T10:49:00.618262Z","level":"info","event":"Formatting title: Carnage","logger":"root","filename":"new_tropes_dag.py","lineno":66}
{"timestamp":"2025-12-19T10:49:00.618290Z","level":"info","event":"Formatting title: Carol","logger":"root","filename":"new_tropes_dag.py","lineno":66}
{"timestamp":"2025-12-19T10:49:00.618337Z","level":"info","event":"Formatting title: Carrie","logger":"root","filename":"new_tropes_dag.py","lineno":66}
{"timestamp":"2025-12-19T10:49:00.618372Z","level":"info","event":"Formatting title: Cars 2","logger":"root","filename":"new_tropes_dag.py","lineno":66}
{"timestamp":"2025-12-19T10:49:00.618402Z","level":"info","event":"Formatting title: Casablanca","logger":"root","filename":"new_tropes_dag.py","lineno":66}
{"timestamp":"2025-12-19T10:49:00.618431Z","level":"info","event":"Formatting title: Case 39","logger":"root","filename":"new_tropes_dag.py","lineno":66}
{"timestamp":"2025-12-19T10:49:00.618458Z","level":"info","event":"Formatting title: Casino","logger":"root","filename":"new_tropes_dag.py","lineno":66}
{"timestamp":"2025-12-19T10:49:00.618487Z","level":"info","event":"Formatting title: Casino Royale","logger":"root","filename":"new_tropes_dag.py","lineno":66}
{"timestamp":"2025-12-19T10:49:00.618514Z","level":"info","event":"Formatting title: Casper","logger":"root","filename":"new_tropes_dag.py","lineno":66}
{"timestamp":"2025-12-19T10:49:00.618541Z","level":"info","event":"Formatting title: Cassandro","logger":"root","filename":"new_tropes_dag.py","lineno":66}
{"timestamp":"2025-12-19T10:49:00.618591Z","level":"info","event":"Formatting title: Cast Away","logger":"root","filename":"new_tropes_dag.py","lineno":66}
{"timestamp":"2025-12-19T10:49:00.618622Z","level":"info","event":"Formatting title: Catch Me If You Can","logger":"root","filename":"new_tropes_dag.py","lineno":66}
{"timestamp":"2025-12-19T10:49:00.618651Z","level":"info","event":"Formatting title: Catherine Called Birdy","logger":"root","filename":"new_tropes_dag.py","lineno":66}
{"timestamp":"2025-12-19T10:49:00.618679Z","level":"info","event":"Formatting title: Catwoman","logger":"root","filename":"new_tropes_dag.py","lineno":66}
{"timestamp":"2025-12-19T10:49:00.618706Z","level":"info","event":"Formatting title: Cb4","logger":"root","filename":"new_tropes_dag.py","lineno":66}
{"timestamp":"2025-12-19T10:49:00.618732Z","level":"info","event":"Formatting title: Cecil B Demented","logger":"root","filename":"new_tropes_dag.py","lineno":66}
{"timestamp":"2025-12-19T10:49:00.618757Z","level":"info","event":"Formatting title: Cedar Rapids","logger":"root","filename":"new_tropes_dag.py","lineno":66}
{"timestamp":"2025-12-19T10:49:00.618782Z","level":"info","event":"Formatting title: Celeste & Jesse Forever","logger":"root","filename":"new_tropes_dag.py","lineno":66}
{"timestamp":"2025-12-19T10:49:00.618830Z","level":"info","event":"Formatting title: Cell The","logger":"root","filename":"new_tropes_dag.py","lineno":66}
{"timestamp":"2025-12-19T10:49:00.618864Z","level":"info","event":"Formatting title: Cellular","logger":"root","filename":"new_tropes_dag.py","lineno":66}
{"timestamp":"2025-12-19T10:49:00.618893Z","level":"info","event":"Formatting title: Challengers","logger":"root","filename":"new_tropes_dag.py","lineno":66}
{"timestamp":"2025-12-19T10:49:00.618919Z","level":"info","event":"Formatting title: Change Up The","logger":"root","filename":"new_tropes_dag.py","lineno":66}
{"timestamp":"2025-12-19T10:49:00.618945Z","level":"info","event":"Formatting title: Changeling","logger":"root","filename":"new_tropes_dag.py","lineno":66}
{"timestamp":"2025-12-19T10:49:00.618972Z","level":"info","event":"Formatting title: Chaos","logger":"root","filename":"new_tropes_dag.py","lineno":66}
{"timestamp":"2025-12-19T10:49:00.618997Z","level":"info","event":"Formatting title: Chaplin","logger":"root","filename":"new_tropes_dag.py","lineno":66}
{"timestamp":"2025-12-19T10:49:00.619022Z","level":"info","event":"Formatting title: Charade","logger":"root","filename":"new_tropes_dag.py","lineno":66}
{"timestamp":"2025-12-19T10:49:00.619047Z","level":"info","event":"Formatting title: Chariots Of Fire","logger":"root","filename":"new_tropes_dag.py","lineno":66}
{"timestamp":"2025-12-19T10:49:00.619094Z","level":"info","event":"Formatting title: Charlie And The Chocolate Factory","logger":"root","filename":"new_tropes_dag.py","lineno":66}
{"timestamp":"2025-12-19T10:49:00.619126Z","level":"info","event":"Formatting title: Charlie Bartlett","logger":"root","filename":"new_tropes_dag.py","lineno":66}
{"timestamp":"2025-12-19T10:49:00.619159Z","level":"info","event":"Formatting title: Charlie Wilsons War","logger":"root","filename":"new_tropes_dag.py","lineno":66}
{"timestamp":"2025-12-19T10:49:00.619185Z","level":"info","event":"Formatting title: Charlies Angels","logger":"root","filename":"new_tropes_dag.py","lineno":66}
{"timestamp":"2025-12-19T10:49:00.619213Z","level":"info","event":"Formatting title: Chasing Amy","logger":"root","filename":"new_tropes_dag.py","lineno":66}
{"timestamp":"2025-12-19T10:49:00.619245Z","level":"info","event":"Formatting title: Chasing Sleep","logger":"root","filename":"new_tropes_dag.py","lineno":66}
{"timestamp":"2025-12-19T10:49:00.619275Z","level":"info","event":"Formatting title: Chef","logger":"root","filename":"new_tropes_dag.py","lineno":66}
{"timestamp":"2025-12-19T10:49:00.619302Z","level":"info","event":"Formatting title: Cherry","logger":"root","filename":"new_tropes_dag.py","lineno":66}
{"timestamp":"2025-12-19T10:49:00.619327Z","level":"info","event":"Formatting title: Cherry Falls","logger":"root","filename":"new_tropes_dag.py","lineno":66}
{"timestamp":"2025-12-19T10:49:00.619352Z","level":"info","event":"Formatting title: Children Of Men","logger":"root","filename":"new_tropes_dag.py","lineno":66}
{"timestamp":"2025-12-19T10:49:00.619378Z","level":"info","event":"Formatting title: Childs Play","logger":"root","filename":"new_tropes_dag.py","lineno":66}
{"timestamp":"2025-12-19T10:49:00.619419Z","level":"info","event":"Formatting title: Chinatown","logger":"root","filename":"new_tropes_dag.py","lineno":66}
{"timestamp":"2025-12-19T10:49:00.619457Z","level":"info","event":"Formatting title: Christ Complex","logger":"root","filename":"new_tropes_dag.py","lineno":66}
{"timestamp":"2025-12-19T10:49:00.619487Z","level":"info","event":"Formatting title: Christine","logger":"root","filename":"new_tropes_dag.py","lineno":66}
{"timestamp":"2025-12-19T10:49:00.619516Z","level":"info","event":"Formatting title: Christmas At Pee Wees Playhouse","logger":"root","filename":"new_tropes_dag.py","lineno":66}
{"timestamp":"2025-12-19T10:49:00.619542Z","level":"info","event":"Formatting title: Chronicle","logger":"root","filename":"new_tropes_dag.py","lineno":66}
{"timestamp":"2025-12-19T10:49:00.619569Z","level":"info","event":"Formatting title: Chronicles Of Narnia The Lion The Witch And The Wardrobe","logger":"root","filename":"new_tropes_dag.py","lineno":66}
{"timestamp":"2025-12-19T10:49:00.619601Z","level":"info","event":"Formatting title: Cider House Rules The","logger":"root","filename":"new_tropes_dag.py","lineno":66}
{"timestamp":"2025-12-19T10:49:00.619647Z","level":"info","event":"Formatting title: Cincinnati Kid The","logger":"root","filename":"new_tropes_dag.py","lineno":66}
{"timestamp":"2025-12-19T10:49:00.619683Z","level":"info","event":"Formatting title: Cinderella Man","logger":"root","filename":"new_tropes_dag.py","lineno":66}
{"timestamp":"2025-12-19T10:49:00.619711Z","level":"info","event":"Formatting title: Cinema Paradiso","logger":"root","filename":"new_tropes_dag.py","lineno":66}
{"timestamp":"2025-12-19T10:49:00.619738Z","level":"info","event":"Formatting title: Cirque Du Freak The Vampires Assistant","logger":"root","filename":"new_tropes_dag.py","lineno":66}
{"timestamp":"2025-12-19T10:49:00.619764Z","level":"info","event":"Formatting title: Citizen Kane","logger":"root","filename":"new_tropes_dag.py","lineno":66}
{"timestamp":"2025-12-19T10:49:00.619790Z","level":"info","event":"Formatting title: City Of Joy","logger":"root","filename":"new_tropes_dag.py","lineno":66}
{"timestamp":"2025-12-19T10:49:00.619816Z","level":"info","event":"Formatting title: Clash Of The Titans","logger":"root","filename":"new_tropes_dag.py","lineno":66}
{"timestamp":"2025-12-19T10:49:00.619860Z","level":"info","event":"Formatting title: Clear And Present Danger","logger":"root","filename":"new_tropes_dag.py","lineno":66}
{"timestamp":"2025-12-19T10:49:00.619894Z","level":"info","event":"Formatting title: Clerks","logger":"root","filename":"new_tropes_dag.py","lineno":66}
{"timestamp":"2025-12-19T10:49:00.619924Z","level":"info","event":"Formatting title: Clerks 2","logger":"root","filename":"new_tropes_dag.py","lineno":66}
{"timestamp":"2025-12-19T10:49:00.619951Z","level":"info","event":"Formatting title: Cliffhanger","logger":"root","filename":"new_tropes_dag.py","lineno":66}
{"timestamp":"2025-12-19T10:49:00.619976Z","level":"info","event":"Formatting title: Clockers","logger":"root","filename":"new_tropes_dag.py","lineno":66}
{"timestamp":"2025-12-19T10:49:00.620002Z","level":"info","event":"Formatting title: Clockwork Orange A","logger":"root","filename":"new_tropes_dag.py","lineno":66}
{"timestamp":"2025-12-19T10:49:00.620028Z","level":"info","event":"Formatting title: Close Encounters Of The Third Kind","logger":"root","filename":"new_tropes_dag.py","lineno":66}
{"timestamp":"2025-12-19T10:49:00.620054Z","level":"info","event":"Formatting title: Cloud Atlas","logger":"root","filename":"new_tropes_dag.py","lineno":66}
{"timestamp":"2025-12-19T10:49:00.620081Z","level":"info","event":"Formatting title: Cloverfield","logger":"root","filename":"new_tropes_dag.py","lineno":66}
{"timestamp":"2025-12-19T10:49:00.620106Z","level":"info","event":"Formatting title: Clue","logger":"root","filename":"new_tropes_dag.py","lineno":66}
{"timestamp":"2025-12-19T10:49:00.620132Z","level":"info","event":"Formatting title: Clueless","logger":"root","filename":"new_tropes_dag.py","lineno":66}
{"timestamp":"2025-12-19T10:49:00.620157Z","level":"info","event":"Formatting title: Cmon Cmon","logger":"root","filename":"new_tropes_dag.py","lineno":66}
{"timestamp":"2025-12-19T10:49:00.620205Z","level":"info","event":"Formatting title: Cobb","logger":"root","filename":"new_tropes_dag.py","lineno":66}
{"timestamp":"2025-12-19T10:49:00.620236Z","level":"info","event":"Formatting title: Coco","logger":"root","filename":"new_tropes_dag.py","lineno":66}
{"timestamp":"2025-12-19T10:49:00.620263Z","level":"info","event":"Formatting title: Cocoon","logger":"root","filename":"new_tropes_dag.py","lineno":66}
{"timestamp":"2025-12-19T10:49:00.620290Z","level":"info","event":"Formatting title: Coda","logger":"root","filename":"new_tropes_dag.py","lineno":66}
{"timestamp":"2025-12-19T10:49:00.620315Z","level":"info","event":"Formatting title: Code Of Silence","logger":"root","filename":"new_tropes_dag.py","lineno":66}
{"timestamp":"2025-12-19T10:49:00.620341Z","level":"info","event":"Formatting title: Cold Mountain","logger":"root","filename":"new_tropes_dag.py","lineno":66}
{"timestamp":"2025-12-19T10:49:00.620368Z","level":"info","event":"Formatting title: Colette","logger":"root","filename":"new_tropes_dag.py","lineno":66}
{"timestamp":"2025-12-19T10:49:00.620415Z","level":"info","event":"Formatting title: Collateral","logger":"root","filename":"new_tropes_dag.py","lineno":66}
{"timestamp":"2025-12-19T10:49:00.620446Z","level":"info","event":"Formatting title: Collateral Damage","logger":"root","filename":"new_tropes_dag.py","lineno":66}
{"timestamp":"2025-12-19T10:49:00.620474Z","level":"info","event":"Formatting title: Colombiana","logger":"root","filename":"new_tropes_dag.py","lineno":66}
{"timestamp":"2025-12-19T10:49:00.620501Z","level":"info","event":"Formatting title: Color Of Night","logger":"root","filename":"new_tropes_dag.py","lineno":66}
{"timestamp":"2025-12-19T10:49:00.620530Z","level":"info","event":"Formatting title: Color Purple The","logger":"root","filename":"new_tropes_dag.py","lineno":66}
{"timestamp":"2025-12-19T10:49:00.620557Z","level":"info","event":"Formatting title: Come To Daddy","logger":"root","filename":"new_tropes_dag.py","lineno":66}
{"timestamp":"2025-12-19T10:49:00.620589Z","level":"info","event":"Formatting title: Coming Home","logger":"root","filename":"new_tropes_dag.py","lineno":66}
{"timestamp":"2025-12-19T10:49:00.620618Z","level":"info","event":"Formatting title: Coming To America","logger":"root","filename":"new_tropes_dag.py","lineno":66}
{"timestamp":"2025-12-19T10:49:00.620665Z","level":"info","event":"Formatting title: Commando","logger":"root","filename":"new_tropes_dag.py","lineno":66}
{"timestamp":"2025-12-19T10:49:00.620704Z","level":"info","event":"Formatting title: Con Air","logger":"root","filename":"new_tropes_dag.py","lineno":66}
{"timestamp":"2025-12-19T10:49:00.620742Z","level":"info","event":"Formatting title: Conan The Barbarian","logger":"root","filename":"new_tropes_dag.py","lineno":66}
{"timestamp":"2025-12-19T10:49:00.620778Z","level":"info","event":"Formatting title: Conclave","logger":"root","filename":"new_tropes_dag.py","lineno":66}
{"timestamp":"2025-12-19T10:49:00.620870Z","level":"info","event":"Formatting title: Coneheads","logger":"root","filename":"new_tropes_dag.py","lineno":66}
{"timestamp":"2025-12-19T10:49:00.620920Z","level":"info","event":"Formatting title: Confessions Of A Dangerous Mind","logger":"root","filename":"new_tropes_dag.py","lineno":66}
{"timestamp":"2025-12-19T10:49:00.620954Z","level":"info","event":"Formatting title: Confidence","logger":"root","filename":"new_tropes_dag.py","lineno":66}
{"timestamp":"2025-12-19T10:49:00.620983Z","level":"info","event":"Formatting title: Constantine","logger":"root","filename":"new_tropes_dag.py","lineno":66}
{"timestamp":"2025-12-19T10:49:00.621015Z","level":"info","event":"Formatting title: Contact","logger":"root","filename":"new_tropes_dag.py","lineno":66}
{"timestamp":"2025-12-19T10:49:00.621087Z","level":"info","event":"Formatting title: Contagion","logger":"root","filename":"new_tropes_dag.py","lineno":66}
{"timestamp":"2025-12-19T10:49:00.621120Z","level":"info","event":"Formatting title: Cool Hand Luke","logger":"root","filename":"new_tropes_dag.py","lineno":66}
{"timestamp":"2025-12-19T10:49:00.621149Z","level":"info","event":"Formatting title: Cool Runnings","logger":"root","filename":"new_tropes_dag.py","lineno":66}
{"timestamp":"2025-12-19T10:49:00.621176Z","level":"info","event":"Formatting title: Cooler The","logger":"root","filename":"new_tropes_dag.py","lineno":66}
{"timestamp":"2025-12-19T10:49:00.621204Z","level":"info","event":"Formatting title: Copycat","logger":"root","filename":"new_tropes_dag.py","lineno":66}
{"timestamp":"2025-12-19T10:49:00.621231Z","level":"info","event":"Formatting title: Coraline","logger":"root","filename":"new_tropes_dag.py","lineno":66}
{"timestamp":"2025-12-19T10:49:00.621281Z","level":"info","event":"Formatting title: Coriolanus","logger":"root","filename":"new_tropes_dag.py","lineno":66}
{"timestamp":"2025-12-19T10:49:00.621312Z","level":"info","event":"Formatting title: Corpse Bride","logger":"root","filename":"new_tropes_dag.py","lineno":66}
{"timestamp":"2025-12-19T10:49:00.621344Z","level":"info","event":"Formatting title: Courage Under Fire","logger":"root","filename":"new_tropes_dag.py","lineno":66}
{"timestamp":"2025-12-19T10:49:00.621379Z","level":"info","event":"Formatting title: Cowboys & Aliens","logger":"root","filename":"new_tropes_dag.py","lineno":66}
{"timestamp":"2025-12-19T10:49:00.621412Z","level":"info","event":"Formatting title: Cradle 2 The Grave","logger":"root","filename":"new_tropes_dag.py","lineno":66}
{"timestamp":"2025-12-19T10:49:00.621444Z","level":"info","event":"Formatting title: Crank","logger":"root","filename":"new_tropes_dag.py","lineno":66}
{"timestamp":"2025-12-19T10:49:00.621475Z","level":"info","event":"Formatting title: Crash","logger":"root","filename":"new_tropes_dag.py","lineno":66}
{"timestamp":"2025-12-19T10:49:00.621506Z","level":"info","event":"Formatting title: Crawl","logger":"root","filename":"new_tropes_dag.py","lineno":66}
{"timestamp":"2025-12-19T10:49:00.621537Z","level":"info","event":"Formatting title: Crazy Rich Asians","logger":"root","filename":"new_tropes_dag.py","lineno":66}
{"timestamp":"2025-12-19T10:49:00.621593Z","level":"info","event":"Formatting title: Crazy Stupid Love","logger":"root","filename":"new_tropes_dag.py","lineno":66}
{"timestamp":"2025-12-19T10:49:00.621725Z","level":"info","event":"Formatting title: Crazylove","logger":"root","filename":"new_tropes_dag.py","lineno":66}
{"timestamp":"2025-12-19T10:49:00.621817Z","level":"info","event":"Formatting title: Creation","logger":"root","filename":"new_tropes_dag.py","lineno":66}
{"timestamp":"2025-12-19T10:49:00.621862Z","level":"info","event":"Formatting title: Creed","logger":"root","filename":"new_tropes_dag.py","lineno":66}
{"timestamp":"2025-12-19T10:49:00.621898Z","level":"info","event":"Formatting title: Creed 2","logger":"root","filename":"new_tropes_dag.py","lineno":66}
{"timestamp":"2025-12-19T10:49:00.621981Z","level":"info","event":"Formatting title: Creed 3","logger":"root","filename":"new_tropes_dag.py","lineno":66}
{"timestamp":"2025-12-19T10:49:00.622095Z","level":"info","event":"Formatting title: Crime Spree","logger":"root","filename":"new_tropes_dag.py","lineno":66}
{"timestamp":"2025-12-19T10:49:00.622211Z","level":"info","event":"Formatting title: Crimson Peak","logger":"root","filename":"new_tropes_dag.py","lineno":66}
{"timestamp":"2025-12-19T10:49:00.622299Z","level":"info","event":"Formatting title: Critters","logger":"root","filename":"new_tropes_dag.py","lineno":66}
{"timestamp":"2025-12-19T10:49:00.622342Z","level":"info","event":"Formatting title: Croods The","logger":"root","filename":"new_tropes_dag.py","lineno":66}
{"timestamp":"2025-12-19T10:49:00.622377Z","level":"info","event":"Formatting title: Crouching Tiger Hidden Dragon","logger":"root","filename":"new_tropes_dag.py","lineno":66}
{"timestamp":"2025-12-19T10:49:00.622413Z","level":"info","event":"Formatting title: Croupier","logger":"root","filename":"new_tropes_dag.py","lineno":66}
{"timestamp":"2025-12-19T10:49:00.622449Z","level":"info","event":"Formatting title: Crow City Of Angels The","logger":"root","filename":"new_tropes_dag.py","lineno":66}
{"timestamp":"2025-12-19T10:49:00.622487Z","level":"info","event":"Formatting title: Crow Salvation The","logger":"root","filename":"new_tropes_dag.py","lineno":66}
{"timestamp":"2025-12-19T10:49:00.622809Z","level":"info","event":"Formatting title: Crow The","logger":"root","filename":"new_tropes_dag.py","lineno":66}
{"timestamp":"2025-12-19T10:49:00.623298Z","level":"info","event":"Formatting title: Cruel Intentions","logger":"root","filename":"new_tropes_dag.py","lineno":66}
{"timestamp":"2025-12-19T10:49:00.623505Z","level":"info","event":"Formatting title: Crying Game","logger":"root","filename":"new_tropes_dag.py","lineno":66}
{"timestamp":"2025-12-19T10:49:00.623592Z","level":"info","event":"Formatting title: Cube","logger":"root","filename":"new_tropes_dag.py","lineno":66}
{"timestamp":"2025-12-19T10:49:00.623662Z","level":"info","event":"Formatting title: Curious Case Of Benjamin Button The","logger":"root","filename":"new_tropes_dag.py","lineno":66}
{"timestamp":"2025-12-19T10:49:00.623728Z","level":"info","event":"Formatting title: Curly Sue","logger":"root","filename":"new_tropes_dag.py","lineno":66}
{"timestamp":"2025-12-19T10:49:00.623784Z","level":"info","event":"Formatting title: Custody","logger":"root","filename":"new_tropes_dag.py","lineno":66}
{"timestamp":"2025-12-19T10:49:00.623849Z","level":"info","event":"Formatting title: Cyrano","logger":"root","filename":"new_tropes_dag.py","lineno":66}
{"timestamp":"2025-12-19T10:49:00.623914Z","level":"info","event":"Formatting title: D2 The Mighty Ducks","logger":"root","filename":"new_tropes_dag.py","lineno":66}
{"timestamp":"2025-12-19T10:49:00.623969Z","level":"info","event":"Formatting title: D3 The Mighty Ducks","logger":"root","filename":"new_tropes_dag.py","lineno":66}
{"timestamp":"2025-12-19T10:49:00.624022Z","level":"info","event":"Formatting title: Da 5 Bloods","logger":"root","filename":"new_tropes_dag.py","lineno":66}
{"timestamp":"2025-12-19T10:49:00.624073Z","level":"info","event":"Formatting title: Dallas Buyers Club","logger":"root","filename":"new_tropes_dag.py","lineno":66}
{"timestamp":"2025-12-19T10:49:00.624296Z","level":"info","event":"Formatting title: Damned United The","logger":"root","filename":"new_tropes_dag.py","lineno":66}
{"timestamp":"2025-12-19T10:49:00.624380Z","level":"info","event":"Formatting title: Dances With Wolves","logger":"root","filename":"new_tropes_dag.py","lineno":66}
{"timestamp":"2025-12-19T10:49:00.624435Z","level":"info","event":"Formatting title: Danish Girl The","logger":"root","filename":"new_tropes_dag.py","lineno":66}
{"timestamp":"2025-12-19T10:49:00.624484Z","level":"info","event":"Formatting title: Daredevil","logger":"root","filename":"new_tropes_dag.py","lineno":66}
{"timestamp":"2025-12-19T10:49:00.624531Z","level":"info","event":"Formatting title: Dark City","logger":"root","filename":"new_tropes_dag.py","lineno":66}
{"timestamp":"2025-12-19T10:49:00.624584Z","level":"info","event":"Formatting title: Dark Knight Rises The","logger":"root","filename":"new_tropes_dag.py","lineno":66}
{"timestamp":"2025-12-19T10:49:00.624636Z","level":"info","event":"Formatting title: Dark Knight The","logger":"root","filename":"new_tropes_dag.py","lineno":66}
{"timestamp":"2025-12-19T10:49:00.624688Z","level":"info","event":"Formatting title: Dark Star","logger":"root","filename":"new_tropes_dag.py","lineno":66}
{"timestamp":"2025-12-19T10:49:00.624738Z","level":"info","event":"Formatting title: Darker Than Amber","logger":"root","filename":"new_tropes_dag.py","lineno":66}
{"timestamp":"2025-12-19T10:49:00.624787Z","level":"info","event":"Formatting title: Darkest Hour","logger":"root","filename":"new_tropes_dag.py","lineno":66}
{"timestamp":"2025-12-19T10:49:00.624846Z","level":"info","event":"Formatting title: Darkman","logger":"root","filename":"new_tropes_dag.py","lineno":66}
{"timestamp":"2025-12-19T10:49:00.624897Z","level":"info","event":"Formatting title: Date Night","logger":"root","filename":"new_tropes_dag.py","lineno":66}
{"timestamp":"2025-12-19T10:49:00.624963Z","level":"info","event":"Formatting title: Dave Barrys Complete Guide To Guys","logger":"root","filename":"new_tropes_dag.py","lineno":66}
{"timestamp":"2025-12-19T10:49:00.625015Z","level":"info","event":"Formatting title: Dawn Of The Dead","logger":"root","filename":"new_tropes_dag.py","lineno":66}
{"timestamp":"2025-12-19T10:49:00.625379Z","level":"info","event":"Formatting title: Dawn Of The Planet Of The Apes","logger":"root","filename":"new_tropes_dag.py","lineno":66}
{"timestamp":"2025-12-19T10:49:00.625425Z","level":"info","event":"Formatting title: Day Of The Dead","logger":"root","filename":"new_tropes_dag.py","lineno":66}
{"timestamp":"2025-12-19T10:49:00.683072Z","level":"info","event":"Formatting title: Day The Clown Cried The","logger":"root","filename":"new_tropes_dag.py","lineno":66}
{"timestamp":"2025-12-19T10:49:00.683173Z","level":"info","event":"Formatting title: Day The Earth Stood Still The","logger":"root","filename":"new_tropes_dag.py","lineno":66}
{"timestamp":"2025-12-19T10:49:00.683210Z","level":"info","event":"Formatting title: Days Of Heaven","logger":"root","filename":"new_tropes_dag.py","lineno":66}
{"timestamp":"2025-12-19T10:49:00.683241Z","level":"info","event":"Formatting title: Dazed And Confused","logger":"root","filename":"new_tropes_dag.py","lineno":66}
{"timestamp":"2025-12-19T10:49:00.683269Z","level":"info","event":"Formatting title: Dead Poets Society","logger":"root","filename":"new_tropes_dag.py","lineno":66}
{"timestamp":"2025-12-19T10:49:00.683296Z","level":"info","event":"Formatting title: Deadpool","logger":"root","filename":"new_tropes_dag.py","lineno":66}
{"timestamp":"2025-12-19T10:49:00.683323Z","level":"info","event":"Formatting title: Deadpool & Wolverine","logger":"root","filename":"new_tropes_dag.py","lineno":66}
{"timestamp":"2025-12-19T10:49:00.683349Z","level":"info","event":"Formatting title: Dear White People","logger":"root","filename":"new_tropes_dag.py","lineno":66}
{"timestamp":"2025-12-19T10:49:00.683375Z","level":"info","event":"Formatting title: Death At A Funeral","logger":"root","filename":"new_tropes_dag.py","lineno":66}
{"timestamp":"2025-12-19T10:49:00.683400Z","level":"info","event":"Formatting title: Death Becomes Her","logger":"root","filename":"new_tropes_dag.py","lineno":66}
{"timestamp":"2025-12-19T10:49:00.683425Z","level":"info","event":"Formatting title: Death Note","logger":"root","filename":"new_tropes_dag.py","lineno":66}
{"timestamp":"2025-12-19T10:49:00.683453Z","level":"info","event":"Formatting title: Death Proof","logger":"root","filename":"new_tropes_dag.py","lineno":66}
{"timestamp":"2025-12-19T10:49:00.683480Z","level":"info","event":"Formatting title: Death To Smoochy","logger":"root","filename":"new_tropes_dag.py","lineno":66}
{"timestamp":"2025-12-19T10:49:00.683507Z","level":"info","event":"Formatting title: Debt The","logger":"root","filename":"new_tropes_dag.py","lineno":66}
{"timestamp":"2025-12-19T10:49:00.683533Z","level":"info","event":"Formatting title: Deception","logger":"root","filename":"new_tropes_dag.py","lineno":66}
{"timestamp":"2025-12-19T10:49:00.683559Z","level":"info","event":"Formatting title: Deep Cover","logger":"root","filename":"new_tropes_dag.py","lineno":66}
{"timestamp":"2025-12-19T10:49:00.683585Z","level":"info","event":"Formatting title: Deep Rising","logger":"root","filename":"new_tropes_dag.py","lineno":66}
{"timestamp":"2025-12-19T10:49:00.683613Z","level":"info","event":"Formatting title: Deep Star Six","logger":"root","filename":"new_tropes_dag.py","lineno":66}
{"timestamp":"2025-12-19T10:49:00.683654Z","level":"info","event":"Formatting title: Deer Hunter The","logger":"root","filename":"new_tropes_dag.py","lineno":66}
{"timestamp":"2025-12-19T10:49:00.683690Z","level":"info","event":"Formatting title: Defiance","logger":"root","filename":"new_tropes_dag.py","lineno":66}
{"timestamp":"2025-12-19T10:49:00.683724Z","level":"info","event":"Formatting title: Demolition Man","logger":"root","filename":"new_tropes_dag.py","lineno":66}
{"timestamp":"2025-12-19T10:49:00.683757Z","level":"info","event":"Formatting title: Den Of Thieves","logger":"root","filename":"new_tropes_dag.py","lineno":66}
{"timestamp":"2025-12-19T10:49:00.683793Z","level":"info","event":"Formatting title: Denial","logger":"root","filename":"new_tropes_dag.py","lineno":66}
{"timestamp":"2025-12-19T10:49:00.683829Z","level":"info","event":"Formatting title: Departed The","logger":"root","filename":"new_tropes_dag.py","lineno":66}
{"timestamp":"2025-12-19T10:49:00.683865Z","level":"info","event":"Formatting title: Descendants The","logger":"root","filename":"new_tropes_dag.py","lineno":66}
{"timestamp":"2025-12-19T10:49:00.683902Z","level":"info","event":"Formatting title: Despicable Me 2","logger":"root","filename":"new_tropes_dag.py","lineno":66}
{"timestamp":"2025-12-19T10:49:00.683944Z","level":"info","event":"Formatting title: Destroyer","logger":"root","filename":"new_tropes_dag.py","lineno":66}
{"timestamp":"2025-12-19T10:49:00.683973Z","level":"info","event":"Formatting title: Detroit Rock City","logger":"root","filename":"new_tropes_dag.py","lineno":66}
{"timestamp":"2025-12-19T10:49:00.684004Z","level":"info","event":"Formatting title: Devil In A Blue Dress","logger":"root","filename":"new_tropes_dag.py","lineno":66}
{"timestamp":"2025-12-19T10:49:00.684038Z","level":"info","event":"Formatting title: Devil Wears Prada The","logger":"root","filename":"new_tropes_dag.py","lineno":66}
{"timestamp":"2025-12-19T10:49:00.684067Z","level":"info","event":"Formatting title: Devils Advocate","logger":"root","filename":"new_tropes_dag.py","lineno":66}
{"timestamp":"2025-12-19T10:49:00.684092Z","level":"info","event":"Formatting title: Die Hard","logger":"root","filename":"new_tropes_dag.py","lineno":66}
{"timestamp":"2025-12-19T10:49:00.684118Z","level":"info","event":"Formatting title: Die Hard 2","logger":"root","filename":"new_tropes_dag.py","lineno":66}
{"timestamp":"2025-12-19T10:49:00.684144Z","level":"info","event":"Formatting title: Die Hard With A Vengeance","logger":"root","filename":"new_tropes_dag.py","lineno":66}
{"timestamp":"2025-12-19T10:49:00.684170Z","level":"info","event":"Formatting title: Diner","logger":"root","filename":"new_tropes_dag.py","lineno":66}
{"timestamp":"2025-12-19T10:49:00.684207Z","level":"info","event":"Formatting title: Dinner For Schmucks","logger":"root","filename":"new_tropes_dag.py","lineno":66}
{"timestamp":"2025-12-19T10:49:00.684242Z","level":"info","event":"Formatting title: Dirty Girl","logger":"root","filename":"new_tropes_dag.py","lineno":66}
{"timestamp":"2025-12-19T10:49:00.684272Z","level":"info","event":"Formatting title: Dirty Harry","logger":"root","filename":"new_tropes_dag.py","lineno":66}
{"timestamp":"2025-12-19T10:49:00.684301Z","level":"info","event":"Formatting title: Disclosure","logger":"root","filename":"new_tropes_dag.py","lineno":66}
{"timestamp":"2025-12-19T10:49:00.684328Z","level":"info","event":"Formatting title: Disobedience","logger":"root","filename":"new_tropes_dag.py","lineno":66}
{"timestamp":"2025-12-19T10:49:00.684358Z","level":"info","event":"Formatting title: Disorderlies","logger":"root","filename":"new_tropes_dag.py","lineno":66}
{"timestamp":"2025-12-19T10:49:00.684387Z","level":"info","event":"Formatting title: Distinguished Gentleman The","logger":"root","filename":"new_tropes_dag.py","lineno":66}
{"timestamp":"2025-12-19T10:49:00.684419Z","level":"info","event":"Formatting title: Disturbia","logger":"root","filename":"new_tropes_dag.py","lineno":66}
{"timestamp":"2025-12-19T10:49:00.684452Z","level":"info","event":"Formatting title: Django Unchained","logger":"root","filename":"new_tropes_dag.py","lineno":66}
{"timestamp":"2025-12-19T10:49:00.684482Z","level":"info","event":"Formatting title: Do The Right Thing","logger":"root","filename":"new_tropes_dag.py","lineno":66}
{"timestamp":"2025-12-19T10:49:00.684507Z","level":"info","event":"Formatting title: Doctor Sleep","logger":"root","filename":"new_tropes_dag.py","lineno":66}
{"timestamp":"2025-12-19T10:49:00.684531Z","level":"info","event":"Formatting title: Doctor Zhivago","logger":"root","filename":"new_tropes_dag.py","lineno":66}
{"timestamp":"2025-12-19T10:49:00.684560Z","level":"info","event":"Formatting title: Dog Day Afternoon","logger":"root","filename":"new_tropes_dag.py","lineno":66}
{"timestamp":"2025-12-19T10:49:00.684584Z","level":"info","event":"Formatting title: Dogma","logger":"root","filename":"new_tropes_dag.py","lineno":66}
{"timestamp":"2025-12-19T10:49:00.684609Z","level":"info","event":"Formatting title: Dolemite Is My Name","logger":"root","filename":"new_tropes_dag.py","lineno":66}
{"timestamp":"2025-12-19T10:49:00.684667Z","level":"info","event":"Formatting title: Dominion","logger":"root","filename":"new_tropes_dag.py","lineno":66}
{"timestamp":"2025-12-19T10:49:00.684818Z","level":"info","event":"Formatting title: Donnie Brasco","logger":"root","filename":"new_tropes_dag.py","lineno":66}
{"timestamp":"2025-12-19T10:49:00.684903Z","level":"info","event":"Formatting title: Donnie Darko","logger":"root","filename":"new_tropes_dag.py","lineno":66}
{"timestamp":"2025-12-19T10:49:00.684981Z","level":"info","event":"Formatting title: Dont Look Now","logger":"root","filename":"new_tropes_dag.py","lineno":66}
{"timestamp":"2025-12-19T10:49:00.685191Z","level":"info","event":"Formatting title: Dont Look Up","logger":"root","filename":"new_tropes_dag.py","lineno":66}
{"timestamp":"2025-12-19T10:49:00.685303Z","level":"info","event":"Formatting title: Dont Worry Darling","logger":"root","filename":"new_tropes_dag.py","lineno":66}
{"timestamp":"2025-12-19T10:49:00.685368Z","level":"info","event":"Formatting title: Doom","logger":"root","filename":"new_tropes_dag.py","lineno":66}
{"timestamp":"2025-12-19T10:49:00.685421Z","level":"info","event":"Formatting title: Doors The","logger":"root","filename":"new_tropes_dag.py","lineno":66}
{"timestamp":"2025-12-19T10:49:00.685473Z","level":"info","event":"Formatting title: Dope","logger":"root","filename":"new_tropes_dag.py","lineno":66}
{"timestamp":"2025-12-19T10:49:00.685523Z","level":"info","event":"Formatting title: Double Indemnity","logger":"root","filename":"new_tropes_dag.py","lineno":66}
{"timestamp":"2025-12-19T10:49:00.685573Z","level":"info","event":"Formatting title: Doubt","logger":"root","filename":"new_tropes_dag.py","lineno":66}
{"timestamp":"2025-12-19T10:49:00.685627Z","level":"info","event":"Formatting title: Downhill","logger":"root","filename":"new_tropes_dag.py","lineno":66}
{"timestamp":"2025-12-19T10:49:00.685706Z","level":"info","event":"Formatting title: Downsizing","logger":"root","filename":"new_tropes_dag.py","lineno":66}
{"timestamp":"2025-12-19T10:49:00.685785Z","level":"info","event":"Formatting title: Downton Abbey","logger":"root","filename":"new_tropes_dag.py","lineno":66}
{"timestamp":"2025-12-19T10:49:00.685918Z","level":"info","event":"Formatting title: Dr Horribles Sing Along Blog","logger":"root","filename":"new_tropes_dag.py","lineno":66}
{"timestamp":"2025-12-19T10:49:00.686028Z","level":"info","event":"Formatting title: Dr No","logger":"root","filename":"new_tropes_dag.py","lineno":66}
{"timestamp":"2025-12-19T10:49:00.686214Z","level":"info","event":"Formatting title: Dr Strangelove Or How I Learned To Stop Worrying And Love The Bomb","logger":"root","filename":"new_tropes_dag.py","lineno":66}
{"timestamp":"2025-12-19T10:49:00.686345Z","level":"info","event":"Formatting title: Drag Me To Hell","logger":"root","filename":"new_tropes_dag.py","lineno":66}
{"timestamp":"2025-12-19T10:49:00.686453Z","level":"info","event":"Formatting title: Dragonheart","logger":"root","filename":"new_tropes_dag.py","lineno":66}
{"timestamp":"2025-12-19T10:49:00.686546Z","level":"info","event":"Formatting title: Dragonslayer","logger":"root","filename":"new_tropes_dag.py","lineno":66}
{"timestamp":"2025-12-19T10:49:00.686588Z","level":"info","event":"Formatting title: Dream Scenario","logger":"root","filename":"new_tropes_dag.py","lineno":66}
{"timestamp":"2025-12-19T10:49:00.686616Z","level":"info","event":"Formatting title: Dredd","logger":"root","filename":"new_tropes_dag.py","lineno":66}
{"timestamp":"2025-12-19T10:49:00.686643Z","level":"info","event":"Formatting title: Dressed To Kill","logger":"root","filename":"new_tropes_dag.py","lineno":66}
{"timestamp":"2025-12-19T10:49:00.686670Z","level":"info","event":"Formatting title: Drive","logger":"root","filename":"new_tropes_dag.py","lineno":66}
{"timestamp":"2025-12-19T10:49:00.686739Z","level":"info","event":"Formatting title: Drive Angry","logger":"root","filename":"new_tropes_dag.py","lineno":66}
{"timestamp":"2025-12-19T10:49:00.686822Z","level":"info","event":"Formatting title: Driving Miss Daisy","logger":"root","filename":"new_tropes_dag.py","lineno":66}
{"timestamp":"2025-12-19T10:49:00.686902Z","level":"info","event":"Formatting title: Drop Dead Gorgeous","logger":"root","filename":"new_tropes_dag.py","lineno":66}
{"timestamp":"2025-12-19T10:49:00.686963Z","level":"info","event":"Formatting title: Dry White Season A","logger":"root","filename":"new_tropes_dag.py","lineno":66}
{"timestamp":"2025-12-19T10:49:00.687023Z","level":"info","event":"Formatting title: Duck Soup","logger":"root","filename":"new_tropes_dag.py","lineno":66}
{"timestamp":"2025-12-19T10:49:00.687080Z","level":"info","event":"Formatting title: Dumb And Dumber","logger":"root","filename":"new_tropes_dag.py","lineno":66}
{"timestamp":"2025-12-19T10:49:00.687137Z","level":"info","event":"Formatting title: Dumb Money","logger":"root","filename":"new_tropes_dag.py","lineno":66}
{"timestamp":"2025-12-19T10:49:00.687193Z","level":"info","event":"Formatting title: Dune","logger":"root","filename":"new_tropes_dag.py","lineno":66}
{"timestamp":"2025-12-19T10:49:00.687249Z","level":"info","event":"Formatting title: Dune","logger":"root","filename":"new_tropes_dag.py","lineno":66}
{"timestamp":"2025-12-19T10:49:00.687305Z","level":"info","event":"Formatting title: Dune Part One","logger":"root","filename":"new_tropes_dag.py","lineno":66}
{"timestamp":"2025-12-19T10:49:00.687361Z","level":"info","event":"Formatting title: Dunkirk","logger":"root","filename":"new_tropes_dag.py","lineno":66}
{"timestamp":"2025-12-19T10:49:00.687415Z","level":"info","event":"Formatting title: Duplicity","logger":"root","filename":"new_tropes_dag.py","lineno":66}
{"timestamp":"2025-12-19T10:49:00.687469Z","level":"info","event":"Formatting title: Dutch","logger":"root","filename":"new_tropes_dag.py","lineno":66}
{"timestamp":"2025-12-19T10:49:00.687498Z","level":"info","event":"Formatting title: Eagle Eye","logger":"root","filename":"new_tropes_dag.py","lineno":66}
{"timestamp":"2025-12-19T10:49:00.687523Z","level":"info","event":"Formatting title: Eastern Promises","logger":"root","filename":"new_tropes_dag.py","lineno":66}
{"timestamp":"2025-12-19T10:49:00.687547Z","level":"info","event":"Formatting title: Easy A","logger":"root","filename":"new_tropes_dag.py","lineno":66}
{"timestamp":"2025-12-19T10:49:00.687573Z","level":"info","event":"Formatting title: Ed Tv","logger":"root","filename":"new_tropes_dag.py","lineno":66}
{"timestamp":"2025-12-19T10:49:00.687599Z","level":"info","event":"Formatting title: Ed Wood","logger":"root","filename":"new_tropes_dag.py","lineno":66}
{"timestamp":"2025-12-19T10:49:00.687624Z","level":"info","event":"Formatting title: Eddie The Eagle","logger":"root","filename":"new_tropes_dag.py","lineno":66}
{"timestamp":"2025-12-19T10:49:00.687649Z","level":"info","event":"Formatting title: Edge Of Tomorrow","logger":"root","filename":"new_tropes_dag.py","lineno":66}
{"timestamp":"2025-12-19T10:49:00.687673Z","level":"info","event":"Formatting title: Edward Scissorhands","logger":"root","filename":"new_tropes_dag.py","lineno":66}
{"timestamp":"2025-12-19T10:49:00.687700Z","level":"info","event":"Formatting title: Eight Legged Freaks","logger":"root","filename":"new_tropes_dag.py","lineno":66}
{"timestamp":"2025-12-19T10:49:00.687724Z","level":"info","event":"Formatting title: Eighth Grade","logger":"root","filename":"new_tropes_dag.py","lineno":66}
{"timestamp":"2025-12-19T10:49:00.687748Z","level":"info","event":"Formatting title: El Mariachi","logger":"root","filename":"new_tropes_dag.py","lineno":66}
{"timestamp":"2025-12-19T10:49:00.687772Z","level":"info","event":"Formatting title: Election","logger":"root","filename":"new_tropes_dag.py","lineno":66}
{"timestamp":"2025-12-19T10:49:00.687795Z","level":"info","event":"Formatting title: Elemental","logger":"root","filename":"new_tropes_dag.py","lineno":66}
{"timestamp":"2025-12-19T10:49:00.687818Z","level":"info","event":"Formatting title: Elephant Man The","logger":"root","filename":"new_tropes_dag.py","lineno":66}
{"timestamp":"2025-12-19T10:49:00.687841Z","level":"info","event":"Formatting title: Elizabeth The Golden Age","logger":"root","filename":"new_tropes_dag.py","lineno":66}
{"timestamp":"2025-12-19T10:49:00.687864Z","level":"info","event":"Formatting title: Elvis","logger":"root","filename":"new_tropes_dag.py","lineno":66}
{"timestamp":"2025-12-19T10:49:00.687887Z","level":"info","event":"Formatting title: Elysium","logger":"root","filename":"new_tropes_dag.py","lineno":66}
{"timestamp":"2025-12-19T10:49:00.687911Z","level":"info","event":"Formatting title: Emancipation","logger":"root","filename":"new_tropes_dag.py","lineno":66}
{"timestamp":"2025-12-19T10:49:00.687935Z","level":"info","event":"Formatting title: Emergency","logger":"root","filename":"new_tropes_dag.py","lineno":66}
{"timestamp":"2025-12-19T10:49:00.687959Z","level":"info","event":"Formatting title: Emilia Pérez","logger":"root","filename":"new_tropes_dag.py","lineno":66}
{"timestamp":"2025-12-19T10:49:00.687986Z","level":"info","event":"Formatting title: Emma","logger":"root","filename":"new_tropes_dag.py","lineno":66}
{"timestamp":"2025-12-19T10:49:00.688010Z","level":"info","event":"Formatting title: Empire Of Light","logger":"root","filename":"new_tropes_dag.py","lineno":66}
{"timestamp":"2025-12-19T10:49:00.688036Z","level":"info","event":"Formatting title: Encanto","logger":"root","filename":"new_tropes_dag.py","lineno":66}
{"timestamp":"2025-12-19T10:49:00.688063Z","level":"info","event":"Formatting title: Encounter","logger":"root","filename":"new_tropes_dag.py","lineno":66}
{"timestamp":"2025-12-19T10:49:00.688089Z","level":"info","event":"Formatting title: End Of Watch","logger":"root","filename":"new_tropes_dag.py","lineno":66}
{"timestamp":"2025-12-19T10:49:00.688113Z","level":"info","event":"Formatting title: Enemy Of The State","logger":"root","filename":"new_tropes_dag.py","lineno":66}
{"timestamp":"2025-12-19T10:49:00.688136Z","level":"info","event":"Formatting title: English Patient The","logger":"root","filename":"new_tropes_dag.py","lineno":66}
{"timestamp":"2025-12-19T10:49:00.688160Z","level":"info","event":"Formatting title: Enough","logger":"root","filename":"new_tropes_dag.py","lineno":66}
{"timestamp":"2025-12-19T10:49:00.688184Z","level":"info","event":"Formatting title: Enough Said","logger":"root","filename":"new_tropes_dag.py","lineno":66}
{"timestamp":"2025-12-19T10:49:00.688208Z","level":"info","event":"Formatting title: Entrapment","logger":"root","filename":"new_tropes_dag.py","lineno":66}
{"timestamp":"2025-12-19T10:49:00.688232Z","level":"info","event":"Formatting title: Equilibrium","logger":"root","filename":"new_tropes_dag.py","lineno":66}
{"timestamp":"2025-12-19T10:49:00.688256Z","level":"info","event":"Formatting title: Equity","logger":"root","filename":"new_tropes_dag.py","lineno":66}
{"timestamp":"2025-12-19T10:49:00.688279Z","level":"info","event":"Formatting title: Eraser","logger":"root","filename":"new_tropes_dag.py","lineno":66}
{"timestamp":"2025-12-19T10:49:00.688304Z","level":"info","event":"Formatting title: Erik The Viking","logger":"root","filename":"new_tropes_dag.py","lineno":66}
{"timestamp":"2025-12-19T10:49:00.688328Z","level":"info","event":"Formatting title: Erin Brockovich","logger":"root","filename":"new_tropes_dag.py","lineno":66}
{"timestamp":"2025-12-19T10:49:00.688354Z","level":"info","event":"Formatting title: Escape From La","logger":"root","filename":"new_tropes_dag.py","lineno":66}
{"timestamp":"2025-12-19T10:49:00.688380Z","level":"info","event":"Formatting title: Escape From New York","logger":"root","filename":"new_tropes_dag.py","lineno":66}
{"timestamp":"2025-12-19T10:49:00.688408Z","level":"info","event":"Formatting title: Et","logger":"root","filename":"new_tropes_dag.py","lineno":66}
{"timestamp":"2025-12-19T10:49:00.688433Z","level":"info","event":"Formatting title: Et The Extra Terrestrial","logger":"root","filename":"new_tropes_dag.py","lineno":66}
{"timestamp":"2025-12-19T10:49:00.688457Z","level":"info","event":"Formatting title: Eternal Sunshine Of The Spotless Mind","logger":"root","filename":"new_tropes_dag.py","lineno":66}
{"timestamp":"2025-12-19T10:49:00.688481Z","level":"info","event":"Formatting title: Even Cowgirls Get The Blues","logger":"root","filename":"new_tropes_dag.py","lineno":66}
{"timestamp":"2025-12-19T10:49:00.688505Z","level":"info","event":"Formatting title: Event Horizon","logger":"root","filename":"new_tropes_dag.py","lineno":66}
{"timestamp":"2025-12-19T10:49:00.688529Z","level":"info","event":"Formatting title: Everything Everywhere All At Once","logger":"root","filename":"new_tropes_dag.py","lineno":66}
{"timestamp":"2025-12-19T10:49:00.688553Z","level":"info","event":"Formatting title: Evil Dead","logger":"root","filename":"new_tropes_dag.py","lineno":66}
{"timestamp":"2025-12-19T10:49:00.688577Z","level":"info","event":"Formatting title: Evil Dead 2","logger":"root","filename":"new_tropes_dag.py","lineno":66}
{"timestamp":"2025-12-19T10:49:00.688601Z","level":"info","event":"Formatting title: Evil Dead 2 Dead By Dawn","logger":"root","filename":"new_tropes_dag.py","lineno":66}
{"timestamp":"2025-12-19T10:49:00.688624Z","level":"info","event":"Formatting title: Evolution","logger":"root","filename":"new_tropes_dag.py","lineno":66}
{"timestamp":"2025-12-19T10:49:00.688648Z","level":"info","event":"Formatting title: Ex Machina","logger":"root","filename":"new_tropes_dag.py","lineno":66}
{"timestamp":"2025-12-19T10:49:00.688672Z","level":"info","event":"Formatting title: Excalibur","logger":"root","filename":"new_tropes_dag.py","lineno":66}
{"timestamp":"2025-12-19T10:49:00.688696Z","level":"info","event":"Formatting title: Executive Decision","logger":"root","filename":"new_tropes_dag.py","lineno":66}
{"timestamp":"2025-12-19T10:49:00.688744Z","level":"info","event":"Formatting title: Existenz","logger":"root","filename":"new_tropes_dag.py","lineno":66}
{"timestamp":"2025-12-19T10:49:00.688776Z","level":"info","event":"Formatting title: Exorcist 2 The Heretic","logger":"root","filename":"new_tropes_dag.py","lineno":66}
{"timestamp":"2025-12-19T10:49:00.688803Z","level":"info","event":"Formatting title: Extract","logger":"root","filename":"new_tropes_dag.py","lineno":66}
{"timestamp":"2025-12-19T10:49:00.688828Z","level":"info","event":"Formatting title: Extremely Wicked Shockingly Evil And Vile","logger":"root","filename":"new_tropes_dag.py","lineno":66}
{"timestamp":"2025-12-19T10:49:00.688855Z","level":"info","event":"Formatting title: Eye In The Sky","logger":"root","filename":"new_tropes_dag.py","lineno":66}
{"timestamp":"2025-12-19T10:49:00.688882Z","level":"info","event":"Formatting title: Eyes Wide Shut","logger":"root","filename":"new_tropes_dag.py","lineno":66}
{"timestamp":"2025-12-19T10:49:00.688907Z","level":"info","event":"Formatting title: Fabulous Baker Boys The","logger":"root","filename":"new_tropes_dag.py","lineno":66}
{"timestamp":"2025-12-19T10:49:00.688933Z","level":"info","event":"Formatting title: Face Off","logger":"root","filename":"new_tropes_dag.py","lineno":66}
{"timestamp":"2025-12-19T10:49:00.688958Z","level":"info","event":"Formatting title: Fair Game","logger":"root","filename":"new_tropes_dag.py","lineno":66}
{"timestamp":"2025-12-19T10:49:00.688982Z","level":"info","event":"Formatting title: Fair Play","logger":"root","filename":"new_tropes_dag.py","lineno":66}
{"timestamp":"2025-12-19T10:49:00.689007Z","level":"info","event":"Formatting title: Fairytale A True Story","logger":"root","filename":"new_tropes_dag.py","lineno":66}
{"timestamp":"2025-12-19T10:49:00.689042Z","level":"info","event":"Formatting title: Family Man The","logger":"root","filename":"new_tropes_dag.py","lineno":66}
{"timestamp":"2025-12-19T10:49:00.689071Z","level":"info","event":"Formatting title: Fanboys","logger":"root","filename":"new_tropes_dag.py","lineno":66}
{"timestamp":"2025-12-19T10:49:00.689098Z","level":"info","event":"Formatting title: Fantastic Beasts And Where To Find Them","logger":"root","filename":"new_tropes_dag.py","lineno":66}
{"timestamp":"2025-12-19T10:49:00.689123Z","level":"info","event":"Formatting title: Fantastic Beasts The Crimes Of Grindelwald","logger":"root","filename":"new_tropes_dag.py","lineno":66}
{"timestamp":"2025-12-19T10:49:00.689149Z","level":"info","event":"Formatting title: Fantastic Beasts The Secrets Of Dumbledore","logger":"root","filename":"new_tropes_dag.py","lineno":66}
{"timestamp":"2025-12-19T10:49:00.689174Z","level":"info","event":"Formatting title: Fantastic Four","logger":"root","filename":"new_tropes_dag.py","lineno":66}
{"timestamp":"2025-12-19T10:49:00.689198Z","level":"info","event":"Formatting title: Fantastic Mr Fox","logger":"root","filename":"new_tropes_dag.py","lineno":66}
{"timestamp":"2025-12-19T10:49:00.689223Z","level":"info","event":"Formatting title: Fargo","logger":"root","filename":"new_tropes_dag.py","lineno":66}
{"timestamp":"2025-12-19T10:49:00.689248Z","level":"info","event":"Formatting title: Fast Color","logger":"root","filename":"new_tropes_dag.py","lineno":66}
{"timestamp":"2025-12-19T10:49:00.689273Z","level":"info","event":"Formatting title: Fast Times At Ridgemont High","logger":"root","filename":"new_tropes_dag.py","lineno":66}
{"timestamp":"2025-12-19T10:49:00.689298Z","level":"info","event":"Formatting title: Fatal Attraction","logger":"root","filename":"new_tropes_dag.py","lineno":66}
{"timestamp":"2025-12-19T10:49:00.689322Z","level":"info","event":"Formatting title: Fatal Instinct","logger":"root","filename":"new_tropes_dag.py","lineno":66}
{"timestamp":"2025-12-19T10:49:00.689346Z","level":"info","event":"Formatting title: Fault In Our Stars The","logger":"root","filename":"new_tropes_dag.py","lineno":66}
{"timestamp":"2025-12-19T10:49:00.689370Z","level":"info","event":"Formatting title: Faults","logger":"root","filename":"new_tropes_dag.py","lineno":66}
{"timestamp":"2025-12-19T10:49:00.689394Z","level":"info","event":"Formatting title: Fear And Loathing In Las Vegas","logger":"root","filename":"new_tropes_dag.py","lineno":66}
{"timestamp":"2025-12-19T10:49:00.689418Z","level":"info","event":"Formatting title: Fear Street Part One 1994","logger":"root","filename":"new_tropes_dag.py","lineno":66}
{"timestamp":"2025-12-19T10:49:00.689442Z","level":"info","event":"Formatting title: Feast","logger":"root","filename":"new_tropes_dag.py","lineno":66}
{"timestamp":"2025-12-19T10:49:00.689467Z","level":"info","event":"Formatting title: Fences","logger":"root","filename":"new_tropes_dag.py","lineno":66}
{"timestamp":"2025-12-19T10:49:00.689490Z","level":"info","event":"Formatting title: Ferrari","logger":"root","filename":"new_tropes_dag.py","lineno":66}
{"timestamp":"2025-12-19T10:49:00.689518Z","level":"info","event":"Formatting title: Ferris Buellers Day Off","logger":"root","filename":"new_tropes_dag.py","lineno":66}
{"timestamp":"2025-12-19T10:49:00.689543Z","level":"info","event":"Formatting title: Field Of Dreams","logger":"root","filename":"new_tropes_dag.py","lineno":66}
{"timestamp":"2025-12-19T10:49:00.689569Z","level":"info","event":"Formatting title: Fifth Element The","logger":"root","filename":"new_tropes_dag.py","lineno":66}
{"timestamp":"2025-12-19T10:49:00.689594Z","level":"info","event":"Formatting title: Fight Club","logger":"root","filename":"new_tropes_dag.py","lineno":66}
{"timestamp":"2025-12-19T10:49:00.689617Z","level":"info","event":"Formatting title: Fighter The","logger":"root","filename":"new_tropes_dag.py","lineno":66}
{"timestamp":"2025-12-19T10:49:00.689641Z","level":"info","event":"Formatting title: Film Stars Dont Die In Liverpool","logger":"root","filename":"new_tropes_dag.py","lineno":66}
{"timestamp":"2025-12-19T10:49:00.689666Z","level":"info","event":"Formatting title: Final Destination","logger":"root","filename":"new_tropes_dag.py","lineno":66}
{"timestamp":"2025-12-19T10:49:00.689692Z","level":"info","event":"Formatting title: Final Destination 2","logger":"root","filename":"new_tropes_dag.py","lineno":66}
{"timestamp":"2025-12-19T10:49:00.689722Z","level":"info","event":"Formatting title: Finding Nemo","logger":"root","filename":"new_tropes_dag.py","lineno":66}
{"timestamp":"2025-12-19T10:49:00.689746Z","level":"info","event":"Formatting title: First Blood","logger":"root","filename":"new_tropes_dag.py","lineno":66}
{"timestamp":"2025-12-19T10:49:00.689774Z","level":"info","event":"Formatting title: First Cow","logger":"root","filename":"new_tropes_dag.py","lineno":66}
{"timestamp":"2025-12-19T10:49:00.689798Z","level":"info","event":"Formatting title: First Man","logger":"root","filename":"new_tropes_dag.py","lineno":66}
{"timestamp":"2025-12-19T10:49:00.689822Z","level":"info","event":"Formatting title: First Reformed","logger":"root","filename":"new_tropes_dag.py","lineno":66}
{"timestamp":"2025-12-19T10:49:00.689847Z","level":"info","event":"Formatting title: First They Killed My Father","logger":"root","filename":"new_tropes_dag.py","lineno":66}
{"timestamp":"2025-12-19T10:49:00.689871Z","level":"info","event":"Formatting title: Five Easy Pieces","logger":"root","filename":"new_tropes_dag.py","lineno":66}
{"timestamp":"2025-12-19T10:49:00.689894Z","level":"info","event":"Formatting title: Flash Gordon","logger":"root","filename":"new_tropes_dag.py","lineno":66}
{"timestamp":"2025-12-19T10:49:00.689918Z","level":"info","event":"Formatting title: Flashdance","logger":"root","filename":"new_tropes_dag.py","lineno":66}
{"timestamp":"2025-12-19T10:49:00.689941Z","level":"info","event":"Formatting title: Flatliners","logger":"root","filename":"new_tropes_dag.py","lineno":66}
{"timestamp":"2025-12-19T10:49:00.689965Z","level":"info","event":"Formatting title: Fletch","logger":"root","filename":"new_tropes_dag.py","lineno":66}
{"timestamp":"2025-12-19T10:49:00.689989Z","level":"info","event":"Formatting title: Flight","logger":"root","filename":"new_tropes_dag.py","lineno":66}
{"timestamp":"2025-12-19T10:49:00.690013Z","level":"info","event":"Formatting title: Flintstones The","logger":"root","filename":"new_tropes_dag.py","lineno":66}
{"timestamp":"2025-12-19T10:49:00.690037Z","level":"info","event":"Formatting title: Flora And Son","logger":"root","filename":"new_tropes_dag.py","lineno":66}
{"timestamp":"2025-12-19T10:49:00.690061Z","level":"info","event":"Formatting title: Focus","logger":"root","filename":"new_tropes_dag.py","lineno":66}
{"timestamp":"2025-12-19T10:49:00.690085Z","level":"info","event":"Formatting title: Foe","logger":"root","filename":"new_tropes_dag.py","lineno":66}
{"timestamp":"2025-12-19T10:49:00.690108Z","level":"info","event":"Formatting title: Following","logger":"root","filename":"new_tropes_dag.py","lineno":66}
{"timestamp":"2025-12-19T10:49:00.690132Z","level":"info","event":"Formatting title: For Your Eyes Only","logger":"root","filename":"new_tropes_dag.py","lineno":66}
{"timestamp":"2025-12-19T10:49:00.690156Z","level":"info","event":"Formatting title: Ford V Ferrari","logger":"root","filename":"new_tropes_dag.py","lineno":66}
{"timestamp":"2025-12-19T10:49:00.690181Z","level":"info","event":"Formatting title: Forrest Gump","logger":"root","filename":"new_tropes_dag.py","lineno":66}
{"timestamp":"2025-12-19T10:49:00.690204Z","level":"info","event":"Formatting title: Four Feathers","logger":"root","filename":"new_tropes_dag.py","lineno":66}
{"timestamp":"2025-12-19T10:49:00.690227Z","level":"info","event":"Formatting title: Four Rooms","logger":"root","filename":"new_tropes_dag.py","lineno":66}
{"timestamp":"2025-12-19T10:49:00.690251Z","level":"info","event":"Formatting title: Four Weddings And A Funeral","logger":"root","filename":"new_tropes_dag.py","lineno":66}
{"timestamp":"2025-12-19T10:49:00.690277Z","level":"info","event":"Formatting title: Foxcatcher","logger":"root","filename":"new_tropes_dag.py","lineno":66}
{"timestamp":"2025-12-19T10:49:00.690300Z","level":"info","event":"Formatting title: Fracture","logger":"root","filename":"new_tropes_dag.py","lineno":66}
{"timestamp":"2025-12-19T10:49:00.690327Z","level":"info","event":"Formatting title: Frailty","logger":"root","filename":"new_tropes_dag.py","lineno":66}
{"timestamp":"2025-12-19T10:49:00.690353Z","level":"info","event":"Formatting title: Frances","logger":"root","filename":"new_tropes_dag.py","lineno":66}
{"timestamp":"2025-12-19T10:49:00.690378Z","level":"info","event":"Formatting title: Frances Ha","logger":"root","filename":"new_tropes_dag.py","lineno":66}
{"timestamp":"2025-12-19T10:49:00.690403Z","level":"info","event":"Formatting title: Frank","logger":"root","filename":"new_tropes_dag.py","lineno":66}
{"timestamp":"2025-12-19T10:49:00.690431Z","level":"info","event":"Formatting title: Frankenstein","logger":"root","filename":"new_tropes_dag.py","lineno":66}
{"timestamp":"2025-12-19T10:49:00.690476Z","level":"info","event":"Formatting title: Frankensteins Army","logger":"root","filename":"new_tropes_dag.py","lineno":66}
{"timestamp":"2025-12-19T10:49:00.690514Z","level":"info","event":"Formatting title: Frankenweenie","logger":"root","filename":"new_tropes_dag.py","lineno":66}
{"timestamp":"2025-12-19T10:49:00.690546Z","level":"info","event":"Formatting title: Frankie","logger":"root","filename":"new_tropes_dag.py","lineno":66}
{"timestamp":"2025-12-19T10:49:00.690578Z","level":"info","event":"Formatting title: Frantic","logger":"root","filename":"new_tropes_dag.py","lineno":66}
{"timestamp":"2025-12-19T10:49:00.690609Z","level":"info","event":"Formatting title: Freaked","logger":"root","filename":"new_tropes_dag.py","lineno":66}
{"timestamp":"2025-12-19T10:49:00.690635Z","level":"info","event":"Formatting title: Fred Claus","logger":"root","filename":"new_tropes_dag.py","lineno":66}
{"timestamp":"2025-12-19T10:49:00.690667Z","level":"info","event":"Formatting title: Freddy Vs Jason","logger":"root","filename":"new_tropes_dag.py","lineno":66}
{"timestamp":"2025-12-19T10:49:00.690695Z","level":"info","event":"Formatting title: Free Fire","logger":"root","filename":"new_tropes_dag.py","lineno":66}
{"timestamp":"2025-12-19T10:49:00.690722Z","level":"info","event":"Formatting title: Free Guy","logger":"root","filename":"new_tropes_dag.py","lineno":66}
{"timestamp":"2025-12-19T10:49:00.690780Z","level":"info","event":"Formatting title: French Connection The","logger":"root","filename":"new_tropes_dag.py","lineno":66}
{"timestamp":"2025-12-19T10:49:00.690840Z","level":"info","event":"Formatting title: Frequency","logger":"root","filename":"new_tropes_dag.py","lineno":66}
{"timestamp":"2025-12-19T10:49:00.690899Z","level":"info","event":"Formatting title: Fresh","logger":"root","filename":"new_tropes_dag.py","lineno":66}
{"timestamp":"2025-12-19T10:49:00.690967Z","level":"info","event":"Formatting title: Freuds Last Session","logger":"root","filename":"new_tropes_dag.py","lineno":66}
{"timestamp":"2025-12-19T10:49:00.691038Z","level":"info","event":"Formatting title: Friday","logger":"root","filename":"new_tropes_dag.py","lineno":66}
{"timestamp":"2025-12-19T10:49:00.691105Z","level":"info","event":"Formatting title: Friday The 13th","logger":"root","filename":"new_tropes_dag.py","lineno":66}
{"timestamp":"2025-12-19T10:49:00.691188Z","level":"info","event":"Formatting title: Friday The 13th Part 6 Jason Lives","logger":"root","filename":"new_tropes_dag.py","lineno":66}
{"timestamp":"2025-12-19T10:49:00.691261Z","level":"info","event":"Formatting title: Friday The 13th Part 8 Jason Takes Manhattan","logger":"root","filename":"new_tropes_dag.py","lineno":66}
{"timestamp":"2025-12-19T10:49:00.691333Z","level":"info","event":"Formatting title: Fright Night","logger":"root","filename":"new_tropes_dag.py","lineno":66}
{"timestamp":"2025-12-19T10:49:00.691437Z","level":"info","event":"Formatting title: Fright Night (1985)","logger":"root","filename":"new_tropes_dag.py","lineno":66}
{"timestamp":"2025-12-19T10:49:00.691524Z","level":"info","event":"Formatting title: From Dusk Till Dawn","logger":"root","filename":"new_tropes_dag.py","lineno":66}
{"timestamp":"2025-12-19T10:49:00.691605Z","level":"info","event":"Formatting title: From Here To Eternity","logger":"root","filename":"new_tropes_dag.py","lineno":66}
{"timestamp":"2025-12-19T10:49:00.691679Z","level":"info","event":"Formatting title: From Russia With Love","logger":"root","filename":"new_tropes_dag.py","lineno":66}
{"timestamp":"2025-12-19T10:49:00.691842Z","level":"info","event":"Formatting title: Frost / Nixon","logger":"root","filename":"new_tropes_dag.py","lineno":66}
{"timestamp":"2025-12-19T10:49:00.691945Z","level":"info","event":"Formatting title: Frozen","logger":"root","filename":"new_tropes_dag.py","lineno":66}
{"timestamp":"2025-12-19T10:49:00.692041Z","level":"info","event":"Formatting title: Frozen (disney)","logger":"root","filename":"new_tropes_dag.py","lineno":66}
{"timestamp":"2025-12-19T10:49:00.692137Z","level":"info","event":"Formatting title: Frozen River","logger":"root","filename":"new_tropes_dag.py","lineno":66}
{"timestamp":"2025-12-19T10:49:00.692241Z","level":"info","event":"Formatting title: Fruitvale Station","logger":"root","filename":"new_tropes_dag.py","lineno":66}
{"timestamp":"2025-12-19T10:49:00.692326Z","level":"info","event":"Formatting title: Fugitive The","logger":"root","filename":"new_tropes_dag.py","lineno":66}
{"timestamp":"2025-12-19T10:49:00.692403Z","level":"info","event":"Formatting title: Full Metal Jacket","logger":"root","filename":"new_tropes_dag.py","lineno":66}
{"timestamp":"2025-12-19T10:49:00.692558Z","level":"info","event":"Formatting title: Funny People","logger":"root","filename":"new_tropes_dag.py","lineno":66}
{"timestamp":"2025-12-19T10:49:00.693114Z","level":"info","event":"Formatting title: Fury","logger":"root","filename":"new_tropes_dag.py","lineno":66}
{"timestamp":"2025-12-19T10:49:00.693552Z","level":"info","event":"Formatting title: Game 6","logger":"root","filename":"new_tropes_dag.py","lineno":66}
{"timestamp":"2025-12-19T10:49:00.693684Z","level":"info","event":"Formatting title: Game Night","logger":"root","filename":"new_tropes_dag.py","lineno":66}
{"timestamp":"2025-12-19T10:49:00.693775Z","level":"info","event":"Formatting title: Game The","logger":"root","filename":"new_tropes_dag.py","lineno":66}
{"timestamp":"2025-12-19T10:49:00.693869Z","level":"info","event":"Formatting title: Gamer","logger":"root","filename":"new_tropes_dag.py","lineno":66}
{"timestamp":"2025-12-19T10:49:00.693950Z","level":"info","event":"Formatting title: Gandhi","logger":"root","filename":"new_tropes_dag.py","lineno":66}
{"timestamp":"2025-12-19T10:49:00.694026Z","level":"info","event":"Formatting title: Gang Related","logger":"root","filename":"new_tropes_dag.py","lineno":66}
{"timestamp":"2025-12-19T10:49:00.694101Z","level":"info","event":"Formatting title: Gangs Of New York","logger":"root","filename":"new_tropes_dag.py","lineno":66}
{"timestamp":"2025-12-19T10:49:00.694176Z","level":"info","event":"Formatting title: Garden State","logger":"root","filename":"new_tropes_dag.py","lineno":66}
{"timestamp":"2025-12-19T10:49:00.694249Z","level":"info","event":"Formatting title: Gattaca","logger":"root","filename":"new_tropes_dag.py","lineno":66}
{"timestamp":"2025-12-19T10:49:00.694319Z","level":"info","event":"Formatting title: Gemini Man","logger":"root","filename":"new_tropes_dag.py","lineno":66}
{"timestamp":"2025-12-19T10:49:00.694375Z","level":"info","event":"Formatting title: Geostorm","logger":"root","filename":"new_tropes_dag.py","lineno":66}
{"timestamp":"2025-12-19T10:49:00.694401Z","level":"info","event":"Formatting title: Get Carter","logger":"root","filename":"new_tropes_dag.py","lineno":66}
{"timestamp":"2025-12-19T10:49:00.694426Z","level":"info","event":"Formatting title: Get Low","logger":"root","filename":"new_tropes_dag.py","lineno":66}
{"timestamp":"2025-12-19T10:49:00.694451Z","level":"info","event":"Formatting title: Get On Up","logger":"root","filename":"new_tropes_dag.py","lineno":66}
{"timestamp":"2025-12-19T10:49:00.694477Z","level":"info","event":"Formatting title: Get Out","logger":"root","filename":"new_tropes_dag.py","lineno":66}
{"timestamp":"2025-12-19T10:49:00.694501Z","level":"info","event":"Formatting title: Get Rich Or Die Tryin","logger":"root","filename":"new_tropes_dag.py","lineno":66}
{"timestamp":"2025-12-19T10:49:00.694527Z","level":"info","event":"Formatting title: Get Shorty","logger":"root","filename":"new_tropes_dag.py","lineno":66}
{"timestamp":"2025-12-19T10:49:00.694553Z","level":"info","event":"Formatting title: Getaway The","logger":"root","filename":"new_tropes_dag.py","lineno":66}
{"timestamp":"2025-12-19T10:49:00.694579Z","level":"info","event":"Formatting title: Ghost","logger":"root","filename":"new_tropes_dag.py","lineno":66}
{"timestamp":"2025-12-19T10:49:00.694605Z","level":"info","event":"Formatting title: Ghost And The Darkness The","logger":"root","filename":"new_tropes_dag.py","lineno":66}
{"timestamp":"2025-12-19T10:49:00.762631Z","level":"info","event":"Formatting title: Ghost Rider","logger":"root","filename":"new_tropes_dag.py","lineno":66}
{"timestamp":"2025-12-19T10:49:00.762742Z","level":"info","event":"Formatting title: Ghost Ship","logger":"root","filename":"new_tropes_dag.py","lineno":66}
{"timestamp":"2025-12-19T10:49:00.762779Z","level":"info","event":"Formatting title: Ghost World","logger":"root","filename":"new_tropes_dag.py","lineno":66}
{"timestamp":"2025-12-19T10:49:00.762813Z","level":"info","event":"Formatting title: Ghostbusters","logger":"root","filename":"new_tropes_dag.py","lineno":66}
{"timestamp":"2025-12-19T10:49:00.762848Z","level":"info","event":"Formatting title: Ghostbusters 2","logger":"root","filename":"new_tropes_dag.py","lineno":66}
{"timestamp":"2025-12-19T10:49:00.762877Z","level":"info","event":"Formatting title: Gi Jane","logger":"root","filename":"new_tropes_dag.py","lineno":66}
{"timestamp":"2025-12-19T10:49:00.762904Z","level":"info","event":"Formatting title: Gi Joe The Rise Of Cobra","logger":"root","filename":"new_tropes_dag.py","lineno":66}
{"timestamp":"2025-12-19T10:49:00.762931Z","level":"info","event":"Formatting title: Ginger Snaps","logger":"root","filename":"new_tropes_dag.py","lineno":66}
{"timestamp":"2025-12-19T10:49:00.762958Z","level":"info","event":"Formatting title: Girl With The Dragon Tattoo The","logger":"root","filename":"new_tropes_dag.py","lineno":66}
{"timestamp":"2025-12-19T10:49:00.762985Z","level":"info","event":"Formatting title: Girl With The Pearl Earring","logger":"root","filename":"new_tropes_dag.py","lineno":66}
{"timestamp":"2025-12-19T10:49:00.763012Z","level":"info","event":"Formatting title: Girls Trip","logger":"root","filename":"new_tropes_dag.py","lineno":66}
{"timestamp":"2025-12-19T10:49:00.763036Z","level":"info","event":"Formatting title: Gladiator","logger":"root","filename":"new_tropes_dag.py","lineno":66}
{"timestamp":"2025-12-19T10:49:00.763065Z","level":"info","event":"Formatting title: Gladiator 2","logger":"root","filename":"new_tropes_dag.py","lineno":66}
{"timestamp":"2025-12-19T10:49:00.763091Z","level":"info","event":"Formatting title: Glass Onion A Knives Out Mystery","logger":"root","filename":"new_tropes_dag.py","lineno":66}
{"timestamp":"2025-12-19T10:49:00.763118Z","level":"info","event":"Formatting title: Glengarry Glen Gross","logger":"root","filename":"new_tropes_dag.py","lineno":66}
{"timestamp":"2025-12-19T10:49:00.763164Z","level":"info","event":"Formatting title: Go","logger":"root","filename":"new_tropes_dag.py","lineno":66}
{"timestamp":"2025-12-19T10:49:00.763192Z","level":"info","event":"Formatting title: Godfather","logger":"root","filename":"new_tropes_dag.py","lineno":66}
{"timestamp":"2025-12-19T10:49:00.763217Z","level":"info","event":"Formatting title: Godfather Part 2","logger":"root","filename":"new_tropes_dag.py","lineno":66}
{"timestamp":"2025-12-19T10:49:00.763243Z","level":"info","event":"Formatting title: Godfather Part 3 The","logger":"root","filename":"new_tropes_dag.py","lineno":66}
{"timestamp":"2025-12-19T10:49:00.763269Z","level":"info","event":"Formatting title: Gods And Monsters","logger":"root","filename":"new_tropes_dag.py","lineno":66}
{"timestamp":"2025-12-19T10:49:00.763294Z","level":"info","event":"Formatting title: Godzilla","logger":"root","filename":"new_tropes_dag.py","lineno":66}
{"timestamp":"2025-12-19T10:49:00.763319Z","level":"info","event":"Formatting title: Gold","logger":"root","filename":"new_tropes_dag.py","lineno":66}
{"timestamp":"2025-12-19T10:49:00.763346Z","level":"info","event":"Formatting title: Goldeneye","logger":"root","filename":"new_tropes_dag.py","lineno":66}
{"timestamp":"2025-12-19T10:49:00.763371Z","level":"info","event":"Formatting title: Goldfinger","logger":"root","filename":"new_tropes_dag.py","lineno":66}
{"timestamp":"2025-12-19T10:49:00.763401Z","level":"info","event":"Formatting title: Gone Baby Gone","logger":"root","filename":"new_tropes_dag.py","lineno":66}
{"timestamp":"2025-12-19T10:49:00.763427Z","level":"info","event":"Formatting title: Gone Girl","logger":"root","filename":"new_tropes_dag.py","lineno":66}
{"timestamp":"2025-12-19T10:49:00.763453Z","level":"info","event":"Formatting title: Gone In 60 Seconds","logger":"root","filename":"new_tropes_dag.py","lineno":66}
{"timestamp":"2025-12-19T10:49:00.763479Z","level":"info","event":"Formatting title: Gone With The Wind","logger":"root","filename":"new_tropes_dag.py","lineno":66}
{"timestamp":"2025-12-19T10:49:00.763503Z","level":"info","event":"Formatting title: Good Girl The","logger":"root","filename":"new_tropes_dag.py","lineno":66}
{"timestamp":"2025-12-19T10:49:00.763526Z","level":"info","event":"Formatting title: Good Morning Vietnam","logger":"root","filename":"new_tropes_dag.py","lineno":66}
{"timestamp":"2025-12-19T10:49:00.763549Z","level":"info","event":"Formatting title: Good Will Hunting","logger":"root","filename":"new_tropes_dag.py","lineno":66}
{"timestamp":"2025-12-19T10:49:00.763574Z","level":"info","event":"Formatting title: Goodfellas","logger":"root","filename":"new_tropes_dag.py","lineno":66}
{"timestamp":"2025-12-19T10:49:00.763598Z","level":"info","event":"Formatting title: Gothika","logger":"root","filename":"new_tropes_dag.py","lineno":66}
{"timestamp":"2025-12-19T10:49:00.763622Z","level":"info","event":"Formatting title: Grabbers","logger":"root","filename":"new_tropes_dag.py","lineno":66}
{"timestamp":"2025-12-19T10:49:00.763646Z","level":"info","event":"Formatting title: Graduate The","logger":"root","filename":"new_tropes_dag.py","lineno":66}
{"timestamp":"2025-12-19T10:49:00.763670Z","level":"info","event":"Formatting title: Gran Torino","logger":"root","filename":"new_tropes_dag.py","lineno":66}
{"timestamp":"2025-12-19T10:49:00.763693Z","level":"info","event":"Formatting title: Grand Hotel","logger":"root","filename":"new_tropes_dag.py","lineno":66}
{"timestamp":"2025-12-19T10:49:00.763717Z","level":"info","event":"Formatting title: Grand Theft Parsons","logger":"root","filename":"new_tropes_dag.py","lineno":66}
{"timestamp":"2025-12-19T10:49:00.763741Z","level":"info","event":"Formatting title: Grapes Of Wrath The","logger":"root","filename":"new_tropes_dag.py","lineno":66}
{"timestamp":"2025-12-19T10:49:00.763765Z","level":"info","event":"Formatting title: Gravity","logger":"root","filename":"new_tropes_dag.py","lineno":66}
{"timestamp":"2025-12-19T10:49:00.763790Z","level":"info","event":"Formatting title: Grease","logger":"root","filename":"new_tropes_dag.py","lineno":66}
{"timestamp":"2025-12-19T10:49:00.763814Z","level":"info","event":"Formatting title: Great Gatsby The","logger":"root","filename":"new_tropes_dag.py","lineno":66}
{"timestamp":"2025-12-19T10:49:00.763837Z","level":"info","event":"Formatting title: Green Book","logger":"root","filename":"new_tropes_dag.py","lineno":66}
{"timestamp":"2025-12-19T10:49:00.763861Z","level":"info","event":"Formatting title: Green Lantern","logger":"root","filename":"new_tropes_dag.py","lineno":66}
{"timestamp":"2025-12-19T10:49:00.763885Z","level":"info","event":"Formatting title: Green Mile The","logger":"root","filename":"new_tropes_dag.py","lineno":66}
{"timestamp":"2025-12-19T10:49:00.763909Z","level":"info","event":"Formatting title: Green Room","logger":"root","filename":"new_tropes_dag.py","lineno":66}
{"timestamp":"2025-12-19T10:49:00.763932Z","level":"info","event":"Formatting title: Greenberg","logger":"root","filename":"new_tropes_dag.py","lineno":66}
{"timestamp":"2025-12-19T10:49:00.763957Z","level":"info","event":"Formatting title: Gremlins","logger":"root","filename":"new_tropes_dag.py","lineno":66}
{"timestamp":"2025-12-19T10:49:00.763980Z","level":"info","event":"Formatting title: Gremlins 2","logger":"root","filename":"new_tropes_dag.py","lineno":66}
{"timestamp":"2025-12-19T10:49:00.764003Z","level":"info","event":"Formatting title: Gremlins 2 The New Batch","logger":"root","filename":"new_tropes_dag.py","lineno":66}
{"timestamp":"2025-12-19T10:49:00.764026Z","level":"info","event":"Formatting title: Grifters The","logger":"root","filename":"new_tropes_dag.py","lineno":66}
{"timestamp":"2025-12-19T10:49:00.764050Z","level":"info","event":"Formatting title: Grosse Point Blank","logger":"root","filename":"new_tropes_dag.py","lineno":66}
{"timestamp":"2025-12-19T10:49:00.764074Z","level":"info","event":"Formatting title: Groundhog Day","logger":"root","filename":"new_tropes_dag.py","lineno":66}
{"timestamp":"2025-12-19T10:49:00.764098Z","level":"info","event":"Formatting title: Grudge The","logger":"root","filename":"new_tropes_dag.py","lineno":66}
{"timestamp":"2025-12-19T10:49:00.764122Z","level":"info","event":"Formatting title: Guardians Of The Galaxy Vol 2","logger":"root","filename":"new_tropes_dag.py","lineno":66}
{"timestamp":"2025-12-19T10:49:00.764145Z","level":"info","event":"Formatting title: Guillermo Del Toros Pinocchio","logger":"root","filename":"new_tropes_dag.py","lineno":66}
{"timestamp":"2025-12-19T10:49:00.764169Z","level":"info","event":"Formatting title: Gunpowder Milkshake","logger":"root","filename":"new_tropes_dag.py","lineno":66}
{"timestamp":"2025-12-19T10:49:00.764194Z","level":"info","event":"Formatting title: Hackers","logger":"root","filename":"new_tropes_dag.py","lineno":66}
{"timestamp":"2025-12-19T10:49:00.764217Z","level":"info","event":"Formatting title: Hacksaw Ridge","logger":"root","filename":"new_tropes_dag.py","lineno":66}
{"timestamp":"2025-12-19T10:49:00.764275Z","level":"info","event":"Formatting title: Hail Caesar","logger":"root","filename":"new_tropes_dag.py","lineno":66}
{"timestamp":"2025-12-19T10:49:00.764305Z","level":"info","event":"Formatting title: Hall Pass","logger":"root","filename":"new_tropes_dag.py","lineno":66}
{"timestamp":"2025-12-19T10:49:00.764332Z","level":"info","event":"Formatting title: Halloween","logger":"root","filename":"new_tropes_dag.py","lineno":66}
{"timestamp":"2025-12-19T10:49:00.764359Z","level":"info","event":"Formatting title: Halloween","logger":"root","filename":"new_tropes_dag.py","lineno":66}
{"timestamp":"2025-12-19T10:49:00.764384Z","level":"info","event":"Formatting title: Halloween 2","logger":"root","filename":"new_tropes_dag.py","lineno":66}
{"timestamp":"2025-12-19T10:49:00.764409Z","level":"info","event":"Formatting title: Halloween 3 Season Of The Witch","logger":"root","filename":"new_tropes_dag.py","lineno":66}
{"timestamp":"2025-12-19T10:49:00.764435Z","level":"info","event":"Formatting title: Halloween 4 The Return Of Michael Myers","logger":"root","filename":"new_tropes_dag.py","lineno":66}
{"timestamp":"2025-12-19T10:49:00.764461Z","level":"info","event":"Formatting title: Halloween 5 The Revenge Of Michael Myers","logger":"root","filename":"new_tropes_dag.py","lineno":66}
{"timestamp":"2025-12-19T10:49:00.764487Z","level":"info","event":"Formatting title: Halloween 6 The Curse Of Michael Myers","logger":"root","filename":"new_tropes_dag.py","lineno":66}
{"timestamp":"2025-12-19T10:49:00.764511Z","level":"info","event":"Formatting title: Halloween H2o 20 Years Later","logger":"root","filename":"new_tropes_dag.py","lineno":66}
{"timestamp":"2025-12-19T10:49:00.764537Z","level":"info","event":"Formatting title: Halloween Kills","logger":"root","filename":"new_tropes_dag.py","lineno":66}
{"timestamp":"2025-12-19T10:49:00.764562Z","level":"info","event":"Formatting title: Halloween The Curse Of Michael Myers","logger":"root","filename":"new_tropes_dag.py","lineno":66}
{"timestamp":"2025-12-19T10:49:00.764587Z","level":"info","event":"Formatting title: Hancock","logger":"root","filename":"new_tropes_dag.py","lineno":66}
{"timestamp":"2025-12-19T10:49:00.764611Z","level":"info","event":"Formatting title: Hangin With The Homeboys","logger":"root","filename":"new_tropes_dag.py","lineno":66}
{"timestamp":"2025-12-19T10:49:00.764637Z","level":"info","event":"Formatting title: Hangover The","logger":"root","filename":"new_tropes_dag.py","lineno":66}
{"timestamp":"2025-12-19T10:49:00.764663Z","level":"info","event":"Formatting title: Hanna","logger":"root","filename":"new_tropes_dag.py","lineno":66}
{"timestamp":"2025-12-19T10:49:00.764689Z","level":"info","event":"Formatting title: Hannah And Her Sisters","logger":"root","filename":"new_tropes_dag.py","lineno":66}
{"timestamp":"2025-12-19T10:49:00.764714Z","level":"info","event":"Formatting title: Hannibal","logger":"root","filename":"new_tropes_dag.py","lineno":66}
{"timestamp":"2025-12-19T10:49:00.764738Z","level":"info","event":"Formatting title: Happy Birthday To Me","logger":"root","filename":"new_tropes_dag.py","lineno":66}
{"timestamp":"2025-12-19T10:49:00.764764Z","level":"info","event":"Formatting title: Happy Birthday Wanda June","logger":"root","filename":"new_tropes_dag.py","lineno":66}
{"timestamp":"2025-12-19T10:49:00.764790Z","level":"info","event":"Formatting title: Happy Death Day","logger":"root","filename":"new_tropes_dag.py","lineno":66}
{"timestamp":"2025-12-19T10:49:00.764815Z","level":"info","event":"Formatting title: Happy Feet","logger":"root","filename":"new_tropes_dag.py","lineno":66}
{"timestamp":"2025-12-19T10:49:00.764840Z","level":"info","event":"Formatting title: Hard Rain","logger":"root","filename":"new_tropes_dag.py","lineno":66}
{"timestamp":"2025-12-19T10:49:00.764865Z","level":"info","event":"Formatting title: Hard To Kill","logger":"root","filename":"new_tropes_dag.py","lineno":66}
{"timestamp":"2025-12-19T10:49:00.764895Z","level":"info","event":"Formatting title: Harlem Nights","logger":"root","filename":"new_tropes_dag.py","lineno":66}
{"timestamp":"2025-12-19T10:49:00.764919Z","level":"info","event":"Formatting title: Harold And Kumar Go To White Castle","logger":"root","filename":"new_tropes_dag.py","lineno":66}
{"timestamp":"2025-12-19T10:49:00.764944Z","level":"info","event":"Formatting title: Harold And Maude","logger":"root","filename":"new_tropes_dag.py","lineno":66}
{"timestamp":"2025-12-19T10:49:00.764969Z","level":"info","event":"Formatting title: Harriet","logger":"root","filename":"new_tropes_dag.py","lineno":66}
{"timestamp":"2025-12-19T10:49:00.764994Z","level":"info","event":"Formatting title: Harry Potter And The Chamber Of Secrets","logger":"root","filename":"new_tropes_dag.py","lineno":66}
{"timestamp":"2025-12-19T10:49:00.765048Z","level":"info","event":"Formatting title: Harry Potter And The Deathly Hallows Part 1","logger":"root","filename":"new_tropes_dag.py","lineno":66}
{"timestamp":"2025-12-19T10:49:00.765093Z","level":"info","event":"Formatting title: Harry Potter And The Deathly Hallows Part 2","logger":"root","filename":"new_tropes_dag.py","lineno":66}
{"timestamp":"2025-12-19T10:49:00.765122Z","level":"info","event":"Formatting title: Harry Potter And The Goblet Of Fire","logger":"root","filename":"new_tropes_dag.py","lineno":66}
{"timestamp":"2025-12-19T10:49:00.765149Z","level":"info","event":"Formatting title: Harry Potter And The Half Blood Prince","logger":"root","filename":"new_tropes_dag.py","lineno":66}
{"timestamp":"2025-12-19T10:49:00.765176Z","level":"info","event":"Formatting title: Harry Potter And The Order Of The Phoenix","logger":"root","filename":"new_tropes_dag.py","lineno":66}
{"timestamp":"2025-12-19T10:49:00.765203Z","level":"info","event":"Formatting title: Harry Potter And The Prisoner Of Azkaban","logger":"root","filename":"new_tropes_dag.py","lineno":66}
{"timestamp":"2025-12-19T10:49:00.765229Z","level":"info","event":"Formatting title: Harry Potter And The Sorcerers Stone","logger":"root","filename":"new_tropes_dag.py","lineno":66}
{"timestamp":"2025-12-19T10:49:00.765256Z","level":"info","event":"Formatting title: Haunting The","logger":"root","filename":"new_tropes_dag.py","lineno":66}
{"timestamp":"2025-12-19T10:49:00.765281Z","level":"info","event":"Formatting title: Heat","logger":"root","filename":"new_tropes_dag.py","lineno":66}
{"timestamp":"2025-12-19T10:49:00.765307Z","level":"info","event":"Formatting title: Heathers","logger":"root","filename":"new_tropes_dag.py","lineno":66}
{"timestamp":"2025-12-19T10:49:00.765333Z","level":"info","event":"Formatting title: Heaven Can Wait","logger":"root","filename":"new_tropes_dag.py","lineno":66}
{"timestamp":"2025-12-19T10:49:00.765365Z","level":"info","event":"Formatting title: Heavenly Creatures","logger":"root","filename":"new_tropes_dag.py","lineno":66}
{"timestamp":"2025-12-19T10:49:00.765396Z","level":"info","event":"Formatting title: Heavy Metal","logger":"root","filename":"new_tropes_dag.py","lineno":66}
{"timestamp":"2025-12-19T10:49:00.765423Z","level":"info","event":"Formatting title: Heavyweights","logger":"root","filename":"new_tropes_dag.py","lineno":66}
{"timestamp":"2025-12-19T10:49:00.765447Z","level":"info","event":"Formatting title: Hebrew Hammer The","logger":"root","filename":"new_tropes_dag.py","lineno":66}
{"timestamp":"2025-12-19T10:49:00.765472Z","level":"info","event":"Formatting title: Heist","logger":"root","filename":"new_tropes_dag.py","lineno":66}
{"timestamp":"2025-12-19T10:49:00.765497Z","level":"info","event":"Formatting title: Hell Or High Water","logger":"root","filename":"new_tropes_dag.py","lineno":66}
{"timestamp":"2025-12-19T10:49:00.765522Z","level":"info","event":"Formatting title: Hellbound Hellraiser 2","logger":"root","filename":"new_tropes_dag.py","lineno":66}
{"timestamp":"2025-12-19T10:49:00.765546Z","level":"info","event":"Formatting title: Hellboy","logger":"root","filename":"new_tropes_dag.py","lineno":66}
{"timestamp":"2025-12-19T10:49:00.765570Z","level":"info","event":"Formatting title: Hellboy","logger":"root","filename":"new_tropes_dag.py","lineno":66}
{"timestamp":"2025-12-19T10:49:00.765593Z","level":"info","event":"Formatting title: Hellboy 2 The Golden Army","logger":"root","filename":"new_tropes_dag.py","lineno":66}
{"timestamp":"2025-12-19T10:49:00.765618Z","level":"info","event":"Formatting title: Hellraiser","logger":"root","filename":"new_tropes_dag.py","lineno":66}
{"timestamp":"2025-12-19T10:49:00.765642Z","level":"info","event":"Formatting title: Hellraiser 3 Hell On Earth","logger":"root","filename":"new_tropes_dag.py","lineno":66}
{"timestamp":"2025-12-19T10:49:00.765666Z","level":"info","event":"Formatting title: Hellraiser Deader","logger":"root","filename":"new_tropes_dag.py","lineno":66}
{"timestamp":"2025-12-19T10:49:00.765690Z","level":"info","event":"Formatting title: Hellraiser Hellseeker","logger":"root","filename":"new_tropes_dag.py","lineno":66}
{"timestamp":"2025-12-19T10:49:00.765714Z","level":"info","event":"Formatting title: Help The","logger":"root","filename":"new_tropes_dag.py","lineno":66}
{"timestamp":"2025-12-19T10:49:00.765738Z","level":"info","event":"Formatting title: Henry Fool","logger":"root","filename":"new_tropes_dag.py","lineno":66}
{"timestamp":"2025-12-19T10:49:00.765764Z","level":"info","event":"Formatting title: Henrys Crime","logger":"root","filename":"new_tropes_dag.py","lineno":66}
{"timestamp":"2025-12-19T10:49:00.765788Z","level":"info","event":"Formatting title: Her","logger":"root","filename":"new_tropes_dag.py","lineno":66}
{"timestamp":"2025-12-19T10:49:00.765813Z","level":"info","event":"Formatting title: Here Comes Peter Cottontail","logger":"root","filename":"new_tropes_dag.py","lineno":66}
{"timestamp":"2025-12-19T10:49:00.765837Z","level":"info","event":"Formatting title: Hereditary","logger":"root","filename":"new_tropes_dag.py","lineno":66}
{"timestamp":"2025-12-19T10:49:00.765860Z","level":"info","event":"Formatting title: Hes Just Not That Into You","logger":"root","filename":"new_tropes_dag.py","lineno":66}
{"timestamp":"2025-12-19T10:49:00.765884Z","level":"info","event":"Formatting title: Hesher","logger":"root","filename":"new_tropes_dag.py","lineno":66}
{"timestamp":"2025-12-19T10:49:00.765912Z","level":"info","event":"Formatting title: Hidden Figures","logger":"root","filename":"new_tropes_dag.py","lineno":66}
{"timestamp":"2025-12-19T10:49:00.765937Z","level":"info","event":"Formatting title: High Fidelity","logger":"root","filename":"new_tropes_dag.py","lineno":66}
{"timestamp":"2025-12-19T10:49:00.765962Z","level":"info","event":"Formatting title: High Noon","logger":"root","filename":"new_tropes_dag.py","lineno":66}
{"timestamp":"2025-12-19T10:49:00.765986Z","level":"info","event":"Formatting title: Highlander","logger":"root","filename":"new_tropes_dag.py","lineno":66}
{"timestamp":"2025-12-19T10:49:00.766011Z","level":"info","event":"Formatting title: Highlander 2 The Quickening","logger":"root","filename":"new_tropes_dag.py","lineno":66}
{"timestamp":"2025-12-19T10:49:00.766037Z","level":"info","event":"Formatting title: Highlander Endgame","logger":"root","filename":"new_tropes_dag.py","lineno":66}
{"timestamp":"2025-12-19T10:49:00.766063Z","level":"info","event":"Formatting title: Hills Have Eyes The","logger":"root","filename":"new_tropes_dag.py","lineno":66}
{"timestamp":"2025-12-19T10:49:00.766087Z","level":"info","event":"Formatting title: His Girl Friday","logger":"root","filename":"new_tropes_dag.py","lineno":66}
{"timestamp":"2025-12-19T10:49:00.766114Z","level":"info","event":"Formatting title: Hitchcock","logger":"root","filename":"new_tropes_dag.py","lineno":66}
{"timestamp":"2025-12-19T10:49:00.766139Z","level":"info","event":"Formatting title: Hitchhikers Guide To The Galaxy The","logger":"root","filename":"new_tropes_dag.py","lineno":66}
{"timestamp":"2025-12-19T10:49:00.766165Z","level":"info","event":"Formatting title: Hocus Pocus","logger":"root","filename":"new_tropes_dag.py","lineno":66}
{"timestamp":"2025-12-19T10:49:00.766189Z","level":"info","event":"Formatting title: Hold The Dark","logger":"root","filename":"new_tropes_dag.py","lineno":66}
{"timestamp":"2025-12-19T10:49:00.766213Z","level":"info","event":"Formatting title: Holdovers The","logger":"root","filename":"new_tropes_dag.py","lineno":66}
{"timestamp":"2025-12-19T10:49:00.766257Z","level":"info","event":"Formatting title: Hollow Man","logger":"root","filename":"new_tropes_dag.py","lineno":66}
{"timestamp":"2025-12-19T10:49:00.766291Z","level":"info","event":"Formatting title: Home Alone","logger":"root","filename":"new_tropes_dag.py","lineno":66}
{"timestamp":"2025-12-19T10:49:00.766319Z","level":"info","event":"Formatting title: Home Alone 2 Lost In New York","logger":"root","filename":"new_tropes_dag.py","lineno":66}
{"timestamp":"2025-12-19T10:49:00.766346Z","level":"info","event":"Formatting title: Honey Boy","logger":"root","filename":"new_tropes_dag.py","lineno":66}
{"timestamp":"2025-12-19T10:49:00.766372Z","level":"info","event":"Formatting title: Honey I Blew Up The Kid","logger":"root","filename":"new_tropes_dag.py","lineno":66}
{"timestamp":"2025-12-19T10:49:00.766398Z","level":"info","event":"Formatting title: Honey I Shrunk The Kids","logger":"root","filename":"new_tropes_dag.py","lineno":66}
{"timestamp":"2025-12-19T10:49:00.766424Z","level":"info","event":"Formatting title: Honeydripper","logger":"root","filename":"new_tropes_dag.py","lineno":66}
{"timestamp":"2025-12-19T10:49:00.766449Z","level":"info","event":"Formatting title: Horrible Bosses","logger":"root","filename":"new_tropes_dag.py","lineno":66}
{"timestamp":"2025-12-19T10:49:00.766474Z","level":"info","event":"Formatting title: Horrible Bosses 2","logger":"root","filename":"new_tropes_dag.py","lineno":66}
{"timestamp":"2025-12-19T10:49:00.766501Z","level":"info","event":"Formatting title: Horse Whisperer The","logger":"root","filename":"new_tropes_dag.py","lineno":66}
{"timestamp":"2025-12-19T10:49:00.766525Z","level":"info","event":"Formatting title: Hospital The","logger":"root","filename":"new_tropes_dag.py","lineno":66}
{"timestamp":"2025-12-19T10:49:00.766570Z","level":"info","event":"Formatting title: Hostage","logger":"root","filename":"new_tropes_dag.py","lineno":66}
{"timestamp":"2025-12-19T10:49:00.766603Z","level":"info","event":"Formatting title: Hostel","logger":"root","filename":"new_tropes_dag.py","lineno":66}
{"timestamp":"2025-12-19T10:49:00.766631Z","level":"info","event":"Formatting title: Hot Fuzz","logger":"root","filename":"new_tropes_dag.py","lineno":66}
{"timestamp":"2025-12-19T10:49:00.766658Z","level":"info","event":"Formatting title: Hot Tub Time Machine","logger":"root","filename":"new_tropes_dag.py","lineno":66}
{"timestamp":"2025-12-19T10:49:00.766684Z","level":"info","event":"Formatting title: Hotel Rwanda","logger":"root","filename":"new_tropes_dag.py","lineno":66}
{"timestamp":"2025-12-19T10:49:00.766710Z","level":"info","event":"Formatting title: House Of 1000 Corpses","logger":"root","filename":"new_tropes_dag.py","lineno":66}
{"timestamp":"2025-12-19T10:49:00.766741Z","level":"info","event":"Formatting title: House Of Gucci","logger":"root","filename":"new_tropes_dag.py","lineno":66}
{"timestamp":"2025-12-19T10:49:00.766770Z","level":"info","event":"Formatting title: House Party","logger":"root","filename":"new_tropes_dag.py","lineno":66}
{"timestamp":"2025-12-19T10:49:00.766796Z","level":"info","event":"Formatting title: How The Grinch Stole Christmas","logger":"root","filename":"new_tropes_dag.py","lineno":66}
{"timestamp":"2025-12-19T10:49:00.766823Z","level":"info","event":"Formatting title: How To Build A Girl","logger":"root","filename":"new_tropes_dag.py","lineno":66}
{"timestamp":"2025-12-19T10:49:00.766849Z","level":"info","event":"Formatting title: How To Lose Friends & Alienate People","logger":"root","filename":"new_tropes_dag.py","lineno":66}
{"timestamp":"2025-12-19T10:49:00.766876Z","level":"info","event":"Formatting title: How To Train Your Dragon","logger":"root","filename":"new_tropes_dag.py","lineno":66}
{"timestamp":"2025-12-19T10:49:00.766905Z","level":"info","event":"Formatting title: How To Train Your Dragon 2","logger":"root","filename":"new_tropes_dag.py","lineno":66}
{"timestamp":"2025-12-19T10:49:00.766937Z","level":"info","event":"Formatting title: How To Train Your Dragon The Hidden World","logger":"root","filename":"new_tropes_dag.py","lineno":66}
{"timestamp":"2025-12-19T10:49:00.766969Z","level":"info","event":"Formatting title: Howard The Duck","logger":"root","filename":"new_tropes_dag.py","lineno":66}
{"timestamp":"2025-12-19T10:49:00.766995Z","level":"info","event":"Formatting title: Hudson Hawk","logger":"root","filename":"new_tropes_dag.py","lineno":66}
{"timestamp":"2025-12-19T10:49:00.767023Z","level":"info","event":"Formatting title: Hudsucker Proxy The","logger":"root","filename":"new_tropes_dag.py","lineno":66}
{"timestamp":"2025-12-19T10:49:00.767061Z","level":"info","event":"Formatting title: Hugo","logger":"root","filename":"new_tropes_dag.py","lineno":66}
{"timestamp":"2025-12-19T10:49:00.767094Z","level":"info","event":"Formatting title: Human Nature","logger":"root","filename":"new_tropes_dag.py","lineno":66}
{"timestamp":"2025-12-19T10:49:00.767125Z","level":"info","event":"Formatting title: Hunt For Red October The","logger":"root","filename":"new_tropes_dag.py","lineno":66}
{"timestamp":"2025-12-19T10:49:00.767158Z","level":"info","event":"Formatting title: Hurt Locker The","logger":"root","filename":"new_tropes_dag.py","lineno":66}
{"timestamp":"2025-12-19T10:49:00.767195Z","level":"info","event":"Formatting title: Hustle & Flow","logger":"root","filename":"new_tropes_dag.py","lineno":66}
{"timestamp":"2025-12-19T10:49:00.767233Z","level":"info","event":"Formatting title: Hustlers","logger":"root","filename":"new_tropes_dag.py","lineno":66}
{"timestamp":"2025-12-19T10:49:00.767271Z","level":"info","event":"Formatting title: I Am Number Four","logger":"root","filename":"new_tropes_dag.py","lineno":66}
{"timestamp":"2025-12-19T10:49:00.767308Z","level":"info","event":"Formatting title: I Am Sam","logger":"root","filename":"new_tropes_dag.py","lineno":66}
{"timestamp":"2025-12-19T10:49:00.767351Z","level":"info","event":"Formatting title: I Dont Feel At Home In This World Anymore","logger":"root","filename":"new_tropes_dag.py","lineno":66}
{"timestamp":"2025-12-19T10:49:00.767400Z","level":"info","event":"Formatting title: I Love You Man","logger":"root","filename":"new_tropes_dag.py","lineno":66}
{"timestamp":"2025-12-19T10:49:00.767436Z","level":"info","event":"Formatting title: I Love You Phillip Morris","logger":"root","filename":"new_tropes_dag.py","lineno":66}
{"timestamp":"2025-12-19T10:49:00.767462Z","level":"info","event":"Formatting title: I Robot","logger":"root","filename":"new_tropes_dag.py","lineno":66}
{"timestamp":"2025-12-19T10:49:00.767486Z","level":"info","event":"Formatting title: I Saw The Light","logger":"root","filename":"new_tropes_dag.py","lineno":66}
{"timestamp":"2025-12-19T10:49:00.767511Z","level":"info","event":"Formatting title: I Spit On Your Grave","logger":"root","filename":"new_tropes_dag.py","lineno":66}
{"timestamp":"2025-12-19T10:49:00.767536Z","level":"info","event":"Formatting title: I Still Know What You Did Last Summer","logger":"root","filename":"new_tropes_dag.py","lineno":66}
{"timestamp":"2025-12-19T10:49:00.767561Z","level":"info","event":"Formatting title: I Think Were Alone Now","logger":"root","filename":"new_tropes_dag.py","lineno":66}
{"timestamp":"2025-12-19T10:49:00.767605Z","level":"info","event":"Formatting title: I Tonya","logger":"root","filename":"new_tropes_dag.py","lineno":66}
{"timestamp":"2025-12-19T10:49:00.767655Z","level":"info","event":"Formatting title: Ice Storm The","logger":"root","filename":"new_tropes_dag.py","lineno":66}
{"timestamp":"2025-12-19T10:49:00.767704Z","level":"info","event":"Formatting title: Identity","logger":"root","filename":"new_tropes_dag.py","lineno":66}
{"timestamp":"2025-12-19T10:49:00.767759Z","level":"info","event":"Formatting title: Ides Of March The","logger":"root","filename":"new_tropes_dag.py","lineno":66}
{"timestamp":"2025-12-19T10:49:00.767809Z","level":"info","event":"Formatting title: If Beale Street Could Talk","logger":"root","filename":"new_tropes_dag.py","lineno":66}
{"timestamp":"2025-12-19T10:49:00.767867Z","level":"info","event":"Formatting title: Ill Do Anything","logger":"root","filename":"new_tropes_dag.py","lineno":66}
{"timestamp":"2025-12-19T10:49:00.767931Z","level":"info","event":"Formatting title: Im Thinking Of Ending Things","logger":"root","filename":"new_tropes_dag.py","lineno":66}
{"timestamp":"2025-12-19T10:49:00.768011Z","level":"info","event":"Formatting title: Imaginarium Of Doctor Parnassus The","logger":"root","filename":"new_tropes_dag.py","lineno":66}
{"timestamp":"2025-12-19T10:49:00.768112Z","level":"info","event":"Formatting title: In Bruges","logger":"root","filename":"new_tropes_dag.py","lineno":66}
{"timestamp":"2025-12-19T10:49:00.768194Z","level":"info","event":"Formatting title: In Fabric","logger":"root","filename":"new_tropes_dag.py","lineno":66}
{"timestamp":"2025-12-19T10:49:00.768260Z","level":"info","event":"Formatting title: In The Bedroom","logger":"root","filename":"new_tropes_dag.py","lineno":66}
{"timestamp":"2025-12-19T10:49:00.768329Z","level":"info","event":"Formatting title: In The Loop","logger":"root","filename":"new_tropes_dag.py","lineno":66}
{"timestamp":"2025-12-19T10:49:00.768399Z","level":"info","event":"Formatting title: In The Tall Grass","logger":"root","filename":"new_tropes_dag.py","lineno":66}
{"timestamp":"2025-12-19T10:49:00.768468Z","level":"info","event":"Formatting title: Inception","logger":"root","filename":"new_tropes_dag.py","lineno":66}
{"timestamp":"2025-12-19T10:49:00.768531Z","level":"info","event":"Formatting title: Incredibles The","logger":"root","filename":"new_tropes_dag.py","lineno":66}
{"timestamp":"2025-12-19T10:49:00.768597Z","level":"info","event":"Formatting title: Indecent Proposal","logger":"root","filename":"new_tropes_dag.py","lineno":66}
{"timestamp":"2025-12-19T10:49:00.768649Z","level":"info","event":"Formatting title: Independence Day","logger":"root","filename":"new_tropes_dag.py","lineno":66}
{"timestamp":"2025-12-19T10:49:00.768696Z","level":"info","event":"Formatting title: Indiana Jones 4","logger":"root","filename":"new_tropes_dag.py","lineno":66}
{"timestamp":"2025-12-19T10:49:00.768742Z","level":"info","event":"Formatting title: Indiana Jones And The Kingdom Of The Crystal Skull","logger":"root","filename":"new_tropes_dag.py","lineno":66}
{"timestamp":"2025-12-19T10:49:00.768794Z","level":"info","event":"Formatting title: Indiana Jones And The Last Crusade","logger":"root","filename":"new_tropes_dag.py","lineno":66}
{"timestamp":"2025-12-19T10:49:00.768841Z","level":"info","event":"Formatting title: Indiana Jones And The Raiders Of The Lost Ark","logger":"root","filename":"new_tropes_dag.py","lineno":66}
{"timestamp":"2025-12-19T10:49:00.768887Z","level":"info","event":"Formatting title: Indiana Jones And The Temple Of Doom","logger":"root","filename":"new_tropes_dag.py","lineno":66}
{"timestamp":"2025-12-19T10:49:00.768941Z","level":"info","event":"Formatting title: Infinitely Polar Bear","logger":"root","filename":"new_tropes_dag.py","lineno":66}
{"timestamp":"2025-12-19T10:49:00.768988Z","level":"info","event":"Formatting title: Informant The","logger":"root","filename":"new_tropes_dag.py","lineno":66}
{"timestamp":"2025-12-19T10:49:00.769112Z","level":"info","event":"Formatting title: Inglourious Basterds","logger":"root","filename":"new_tropes_dag.py","lineno":66}
{"timestamp":"2025-12-19T10:49:00.769195Z","level":"info","event":"Formatting title: Ingrid Goes West","logger":"root","filename":"new_tropes_dag.py","lineno":66}
{"timestamp":"2025-12-19T10:49:00.769252Z","level":"info","event":"Formatting title: Inherent Vice","logger":"root","filename":"new_tropes_dag.py","lineno":66}
{"timestamp":"2025-12-19T10:49:00.769305Z","level":"info","event":"Formatting title: Initiation","logger":"root","filename":"new_tropes_dag.py","lineno":66}
{"timestamp":"2025-12-19T10:49:00.769364Z","level":"info","event":"Formatting title: Innerspace","logger":"root","filename":"new_tropes_dag.py","lineno":66}
{"timestamp":"2025-12-19T10:49:00.769421Z","level":"info","event":"Formatting title: Inside Llewyn Davis","logger":"root","filename":"new_tropes_dag.py","lineno":66}
{"timestamp":"2025-12-19T10:49:00.769484Z","level":"info","event":"Formatting title: Inside Out","logger":"root","filename":"new_tropes_dag.py","lineno":66}
{"timestamp":"2025-12-19T10:49:00.769534Z","level":"info","event":"Formatting title: Insider The","logger":"root","filename":"new_tropes_dag.py","lineno":66}
{"timestamp":"2025-12-19T10:49:00.769581Z","level":"info","event":"Formatting title: Insidious","logger":"root","filename":"new_tropes_dag.py","lineno":66}
{"timestamp":"2025-12-19T10:49:00.769634Z","level":"info","event":"Formatting title: Insidious Chapter 2","logger":"root","filename":"new_tropes_dag.py","lineno":66}
{"timestamp":"2025-12-19T10:49:00.769690Z","level":"info","event":"Formatting title: Insomnia","logger":"root","filename":"new_tropes_dag.py","lineno":66}
{"timestamp":"2025-12-19T10:49:00.769746Z","level":"info","event":"Formatting title: Inspector Gadget","logger":"root","filename":"new_tropes_dag.py","lineno":66}
{"timestamp":"2025-12-19T10:49:00.769796Z","level":"info","event":"Formatting title: Interstellar","logger":"root","filename":"new_tropes_dag.py","lineno":66}
{"timestamp":"2025-12-19T10:49:00.769843Z","level":"info","event":"Formatting title: Interview With The Vampire","logger":"root","filename":"new_tropes_dag.py","lineno":66}
{"timestamp":"2025-12-19T10:49:00.769889Z","level":"info","event":"Formatting title: Into The Wild","logger":"root","filename":"new_tropes_dag.py","lineno":66}
{"timestamp":"2025-12-19T10:49:00.769936Z","level":"info","event":"Formatting title: Into The Woods","logger":"root","filename":"new_tropes_dag.py","lineno":66}
{"timestamp":"2025-12-19T10:49:00.769981Z","level":"info","event":"Formatting title: Intolerable Cruelty","logger":"root","filename":"new_tropes_dag.py","lineno":66}
{"timestamp":"2025-12-19T10:49:00.770073Z","level":"info","event":"Formatting title: Invasion Of The Body Snatchers","logger":"root","filename":"new_tropes_dag.py","lineno":66}
{"timestamp":"2025-12-19T10:49:00.770135Z","level":"info","event":"Formatting title: Inventing The Abbotts","logger":"root","filename":"new_tropes_dag.py","lineno":66}
{"timestamp":"2025-12-19T10:49:00.770187Z","level":"info","event":"Formatting title: Invention Of Lying The","logger":"root","filename":"new_tropes_dag.py","lineno":66}
{"timestamp":"2025-12-19T10:49:00.770241Z","level":"info","event":"Formatting title: Invictus","logger":"root","filename":"new_tropes_dag.py","lineno":66}
{"timestamp":"2025-12-19T10:49:00.770293Z","level":"info","event":"Formatting title: Iron Claw The","logger":"root","filename":"new_tropes_dag.py","lineno":66}
{"timestamp":"2025-12-19T10:49:00.770342Z","level":"info","event":"Formatting title: Iron Lady The","logger":"root","filename":"new_tropes_dag.py","lineno":66}
{"timestamp":"2025-12-19T10:49:00.770389Z","level":"info","event":"Formatting title: Iron Man","logger":"root","filename":"new_tropes_dag.py","lineno":66}
{"timestamp":"2025-12-19T10:49:00.770419Z","level":"info","event":"Formatting title: Island The","logger":"root","filename":"new_tropes_dag.py","lineno":66}
{"timestamp":"2025-12-19T10:49:00.770449Z","level":"info","event":"Formatting title: Isle Of Dogs","logger":"root","filename":"new_tropes_dag.py","lineno":66}
{"timestamp":"2025-12-19T10:49:00.770479Z","level":"info","event":"Formatting title: It","logger":"root","filename":"new_tropes_dag.py","lineno":66}
{"timestamp":"2025-12-19T10:49:00.770511Z","level":"info","event":"Formatting title: It Follows","logger":"root","filename":"new_tropes_dag.py","lineno":66}
{"timestamp":"2025-12-19T10:49:00.770542Z","level":"info","event":"Formatting title: It Happened One Night","logger":"root","filename":"new_tropes_dag.py","lineno":66}
{"timestamp":"2025-12-19T10:49:00.770572Z","level":"info","event":"Formatting title: It Happened One Night","logger":"root","filename":"new_tropes_dag.py","lineno":66}
{"timestamp":"2025-12-19T10:49:00.770602Z","level":"info","event":"Formatting title: Italian Job The","logger":"root","filename":"new_tropes_dag.py","lineno":66}
{"timestamp":"2025-12-19T10:49:00.770631Z","level":"info","event":"Formatting title: Its A Wonderful Life","logger":"root","filename":"new_tropes_dag.py","lineno":66}
{"timestamp":"2025-12-19T10:49:00.770661Z","level":"info","event":"Formatting title: Its Complicated","logger":"root","filename":"new_tropes_dag.py","lineno":66}
{"timestamp":"2025-12-19T10:49:00.770691Z","level":"info","event":"Formatting title: Its Kind Of A Funny Story","logger":"root","filename":"new_tropes_dag.py","lineno":66}
{"timestamp":"2025-12-19T10:49:00.770721Z","level":"info","event":"Formatting title: Jack Reacher","logger":"root","filename":"new_tropes_dag.py","lineno":66}
{"timestamp":"2025-12-19T10:49:00.770747Z","level":"info","event":"Formatting title: Jacket The","logger":"root","filename":"new_tropes_dag.py","lineno":66}
{"timestamp":"2025-12-19T10:49:00.770772Z","level":"info","event":"Formatting title: Jackie","logger":"root","filename":"new_tropes_dag.py","lineno":66}
{"timestamp":"2025-12-19T10:49:00.770797Z","level":"info","event":"Formatting title: Jackie Brown","logger":"root","filename":"new_tropes_dag.py","lineno":66}
{"timestamp":"2025-12-19T10:49:00.770825Z","level":"info","event":"Formatting title: Jacobs Ladder","logger":"root","filename":"new_tropes_dag.py","lineno":66}
{"timestamp":"2025-12-19T10:49:00.770850Z","level":"info","event":"Formatting title: Jade","logger":"root","filename":"new_tropes_dag.py","lineno":66}
{"timestamp":"2025-12-19T10:49:00.770875Z","level":"info","event":"Formatting title: Jagged Edge","logger":"root","filename":"new_tropes_dag.py","lineno":66}
{"timestamp":"2025-12-19T10:49:00.770899Z","level":"info","event":"Formatting title: Jane Eyre","logger":"root","filename":"new_tropes_dag.py","lineno":66}
{"timestamp":"2025-12-19T10:49:00.770923Z","level":"info","event":"Formatting title: Jarhead","logger":"root","filename":"new_tropes_dag.py","lineno":66}
{"timestamp":"2025-12-19T10:49:00.770947Z","level":"info","event":"Formatting title: Jason Goes To Hell The Final Friday","logger":"root","filename":"new_tropes_dag.py","lineno":66}
{"timestamp":"2025-12-19T10:49:00.770972Z","level":"info","event":"Formatting title: Jason X","logger":"root","filename":"new_tropes_dag.py","lineno":66}
{"timestamp":"2025-12-19T10:49:00.770996Z","level":"info","event":"Formatting title: Jaws","logger":"root","filename":"new_tropes_dag.py","lineno":66}
{"timestamp":"2025-12-19T10:49:00.771021Z","level":"info","event":"Formatting title: Jaws 2","logger":"root","filename":"new_tropes_dag.py","lineno":66}
{"timestamp":"2025-12-19T10:49:00.771046Z","level":"info","event":"Formatting title: Jay And Silent Bob Strike Back","logger":"root","filename":"new_tropes_dag.py","lineno":66}
{"timestamp":"2025-12-19T10:49:00.771071Z","level":"info","event":"Formatting title: Jennifer Eight","logger":"root","filename":"new_tropes_dag.py","lineno":66}
{"timestamp":"2025-12-19T10:49:00.771095Z","level":"info","event":"Formatting title: Jennifers Body","logger":"root","filename":"new_tropes_dag.py","lineno":66}
{"timestamp":"2025-12-19T10:49:00.771121Z","level":"info","event":"Formatting title: Jerry Maguire","logger":"root","filename":"new_tropes_dag.py","lineno":66}
{"timestamp":"2025-12-19T10:49:00.771149Z","level":"info","event":"Formatting title: Jeux Interdits","logger":"root","filename":"new_tropes_dag.py","lineno":66}
{"timestamp":"2025-12-19T10:49:00.833792Z","level":"info","event":"Formatting title: Jfk","logger":"root","filename":"new_tropes_dag.py","lineno":66}
{"timestamp":"2025-12-19T10:49:00.833901Z","level":"info","event":"Formatting title: Jimmy And Judy","logger":"root","filename":"new_tropes_dag.py","lineno":66}
{"timestamp":"2025-12-19T10:49:00.833938Z","level":"info","event":"Formatting title: Jingle All The Way","logger":"root","filename":"new_tropes_dag.py","lineno":66}
{"timestamp":"2025-12-19T10:49:00.833968Z","level":"info","event":"Formatting title: Jo Jo Dancer Your Life Is Calling","logger":"root","filename":"new_tropes_dag.py","lineno":66}
{"timestamp":"2025-12-19T10:49:00.833995Z","level":"info","event":"Formatting title: Jockey","logger":"root","filename":"new_tropes_dag.py","lineno":66}
{"timestamp":"2025-12-19T10:49:00.834023Z","level":"info","event":"Formatting title: John Q","logger":"root","filename":"new_tropes_dag.py","lineno":66}
{"timestamp":"2025-12-19T10:49:00.834050Z","level":"info","event":"Formatting title: John Wick","logger":"root","filename":"new_tropes_dag.py","lineno":66}
{"timestamp":"2025-12-19T10:49:00.834076Z","level":"info","event":"Formatting title: John Wick Chapter 4","logger":"root","filename":"new_tropes_dag.py","lineno":66}
{"timestamp":"2025-12-19T10:49:00.834102Z","level":"info","event":"Formatting title: Jojo Rabbit","logger":"root","filename":"new_tropes_dag.py","lineno":66}
{"timestamp":"2025-12-19T10:49:00.834127Z","level":"info","event":"Formatting title: Joker","logger":"root","filename":"new_tropes_dag.py","lineno":66}
{"timestamp":"2025-12-19T10:49:00.834152Z","level":"info","event":"Formatting title: Joy","logger":"root","filename":"new_tropes_dag.py","lineno":66}
{"timestamp":"2025-12-19T10:49:00.834176Z","level":"info","event":"Formatting title: Judas And The Black Messiah","logger":"root","filename":"new_tropes_dag.py","lineno":66}
{"timestamp":"2025-12-19T10:49:00.834200Z","level":"info","event":"Formatting title: Judge Dredd","logger":"root","filename":"new_tropes_dag.py","lineno":66}
{"timestamp":"2025-12-19T10:49:00.834224Z","level":"info","event":"Formatting title: Jules","logger":"root","filename":"new_tropes_dag.py","lineno":66}
{"timestamp":"2025-12-19T10:49:00.834248Z","level":"info","event":"Formatting title: Julia","logger":"root","filename":"new_tropes_dag.py","lineno":66}
{"timestamp":"2025-12-19T10:49:00.834273Z","level":"info","event":"Formatting title: Julieta","logger":"root","filename":"new_tropes_dag.py","lineno":66}
{"timestamp":"2025-12-19T10:49:00.834297Z","level":"info","event":"Formatting title: Jumanji","logger":"root","filename":"new_tropes_dag.py","lineno":66}
{"timestamp":"2025-12-19T10:49:00.834323Z","level":"info","event":"Formatting title: Juno","logger":"root","filename":"new_tropes_dag.py","lineno":66}
{"timestamp":"2025-12-19T10:49:00.834349Z","level":"info","event":"Formatting title: Jurassic Park","logger":"root","filename":"new_tropes_dag.py","lineno":66}
{"timestamp":"2025-12-19T10:49:00.834373Z","level":"info","event":"Formatting title: Jurassic Park 3","logger":"root","filename":"new_tropes_dag.py","lineno":66}
{"timestamp":"2025-12-19T10:49:00.834399Z","level":"info","event":"Formatting title: Jurassic Park The Lost World","logger":"root","filename":"new_tropes_dag.py","lineno":66}
{"timestamp":"2025-12-19T10:49:00.834424Z","level":"info","event":"Formatting title: Just Mercy","logger":"root","filename":"new_tropes_dag.py","lineno":66}
{"timestamp":"2025-12-19T10:49:00.834449Z","level":"info","event":"Formatting title: K Pax","logger":"root","filename":"new_tropes_dag.py","lineno":66}
{"timestamp":"2025-12-19T10:49:00.834474Z","level":"info","event":"Formatting title: Kafka","logger":"root","filename":"new_tropes_dag.py","lineno":66}
{"timestamp":"2025-12-19T10:49:00.834499Z","level":"info","event":"Formatting title: Kajillionaire","logger":"root","filename":"new_tropes_dag.py","lineno":66}
{"timestamp":"2025-12-19T10:49:00.834522Z","level":"info","event":"Formatting title: Kalifornia","logger":"root","filename":"new_tropes_dag.py","lineno":66}
{"timestamp":"2025-12-19T10:49:00.834547Z","level":"info","event":"Formatting title: Karate Kid","logger":"root","filename":"new_tropes_dag.py","lineno":66}
{"timestamp":"2025-12-19T10:49:00.834571Z","level":"info","event":"Formatting title: Kate & Leopold","logger":"root","filename":"new_tropes_dag.py","lineno":66}
{"timestamp":"2025-12-19T10:49:00.834597Z","level":"info","event":"Formatting title: Kids","logger":"root","filename":"new_tropes_dag.py","lineno":66}
{"timestamp":"2025-12-19T10:49:00.834622Z","level":"info","event":"Formatting title: Kids Are All Right The","logger":"root","filename":"new_tropes_dag.py","lineno":66}
{"timestamp":"2025-12-19T10:49:00.834647Z","level":"info","event":"Formatting title: Kill Bill Vol 1","logger":"root","filename":"new_tropes_dag.py","lineno":66}
{"timestamp":"2025-12-19T10:49:00.834698Z","level":"info","event":"Formatting title: Kill Bill Vol 2","logger":"root","filename":"new_tropes_dag.py","lineno":66}
{"timestamp":"2025-12-19T10:49:00.834730Z","level":"info","event":"Formatting title: Kill Bill Volume 1 & 2","logger":"root","filename":"new_tropes_dag.py","lineno":66}
{"timestamp":"2025-12-19T10:49:00.834757Z","level":"info","event":"Formatting title: Kill The Messenger","logger":"root","filename":"new_tropes_dag.py","lineno":66}
{"timestamp":"2025-12-19T10:49:00.834783Z","level":"info","event":"Formatting title: Kill Your Darlings","logger":"root","filename":"new_tropes_dag.py","lineno":66}
{"timestamp":"2025-12-19T10:49:00.834808Z","level":"info","event":"Formatting title: Killer Klowns From Outer Space","logger":"root","filename":"new_tropes_dag.py","lineno":66}
{"timestamp":"2025-12-19T10:49:00.834835Z","level":"info","event":"Formatting title: Killer The","logger":"root","filename":"new_tropes_dag.py","lineno":66}
{"timestamp":"2025-12-19T10:49:00.834860Z","level":"info","event":"Formatting title: Killers Of The Flower Moon","logger":"root","filename":"new_tropes_dag.py","lineno":66}
{"timestamp":"2025-12-19T10:49:00.834886Z","level":"info","event":"Formatting title: Killing Zoe","logger":"root","filename":"new_tropes_dag.py","lineno":66}
{"timestamp":"2025-12-19T10:49:00.834911Z","level":"info","event":"Formatting title: Kin","logger":"root","filename":"new_tropes_dag.py","lineno":66}
{"timestamp":"2025-12-19T10:49:00.834935Z","level":"info","event":"Formatting title: King Kong","logger":"root","filename":"new_tropes_dag.py","lineno":66}
{"timestamp":"2025-12-19T10:49:00.834960Z","level":"info","event":"Formatting title: King Of Comedy The","logger":"root","filename":"new_tropes_dag.py","lineno":66}
{"timestamp":"2025-12-19T10:49:00.834985Z","level":"info","event":"Formatting title: King Richard","logger":"root","filename":"new_tropes_dag.py","lineno":66}
{"timestamp":"2025-12-19T10:49:00.835010Z","level":"info","event":"Formatting title: Kingdom The","logger":"root","filename":"new_tropes_dag.py","lineno":66}
{"timestamp":"2025-12-19T10:49:00.835034Z","level":"info","event":"Formatting title: Kingpin","logger":"root","filename":"new_tropes_dag.py","lineno":66}
{"timestamp":"2025-12-19T10:49:00.835059Z","level":"info","event":"Formatting title: Kings Of Summer","logger":"root","filename":"new_tropes_dag.py","lineno":66}
{"timestamp":"2025-12-19T10:49:00.835083Z","level":"info","event":"Formatting title: Kings Speech The","logger":"root","filename":"new_tropes_dag.py","lineno":66}
{"timestamp":"2025-12-19T10:49:00.835108Z","level":"info","event":"Formatting title: Kingsman The Secret Service","logger":"root","filename":"new_tropes_dag.py","lineno":66}
{"timestamp":"2025-12-19T10:49:00.835133Z","level":"info","event":"Formatting title: Kiss Kiss Bang Bang","logger":"root","filename":"new_tropes_dag.py","lineno":66}
{"timestamp":"2025-12-19T10:49:00.835158Z","level":"info","event":"Formatting title: Kiss Of The Spider Woman","logger":"root","filename":"new_tropes_dag.py","lineno":66}
{"timestamp":"2025-12-19T10:49:00.835182Z","level":"info","event":"Formatting title: Klute","logger":"root","filename":"new_tropes_dag.py","lineno":66}
{"timestamp":"2025-12-19T10:49:00.835207Z","level":"info","event":"Formatting title: Knight And Day","logger":"root","filename":"new_tropes_dag.py","lineno":66}
{"timestamp":"2025-12-19T10:49:00.835232Z","level":"info","event":"Formatting title: Knives Out","logger":"root","filename":"new_tropes_dag.py","lineno":66}
{"timestamp":"2025-12-19T10:49:00.835258Z","level":"info","event":"Formatting title: Knocked Up","logger":"root","filename":"new_tropes_dag.py","lineno":66}
{"timestamp":"2025-12-19T10:49:00.835282Z","level":"info","event":"Formatting title: Kramer Vs Kramer","logger":"root","filename":"new_tropes_dag.py","lineno":66}
{"timestamp":"2025-12-19T10:49:00.835306Z","level":"info","event":"Formatting title: Krampus","logger":"root","filename":"new_tropes_dag.py","lineno":66}
{"timestamp":"2025-12-19T10:49:00.835328Z","level":"info","event":"Formatting title: Kubo And The Two Strings","logger":"root","filename":"new_tropes_dag.py","lineno":66}
{"timestamp":"2025-12-19T10:49:00.835352Z","level":"info","event":"Formatting title: Kundun","logger":"root","filename":"new_tropes_dag.py","lineno":66}
{"timestamp":"2025-12-19T10:49:00.835376Z","level":"info","event":"Formatting title: Kung Fu Panda","logger":"root","filename":"new_tropes_dag.py","lineno":66}
{"timestamp":"2025-12-19T10:49:00.835424Z","level":"info","event":"Formatting title: La Confidential","logger":"root","filename":"new_tropes_dag.py","lineno":66}
{"timestamp":"2025-12-19T10:49:00.835456Z","level":"info","event":"Formatting title: La La Land","logger":"root","filename":"new_tropes_dag.py","lineno":66}
{"timestamp":"2025-12-19T10:49:00.835483Z","level":"info","event":"Formatting title: La Story","logger":"root","filename":"new_tropes_dag.py","lineno":66}
{"timestamp":"2025-12-19T10:49:00.835510Z","level":"info","event":"Formatting title: Labor Day","logger":"root","filename":"new_tropes_dag.py","lineno":66}
{"timestamp":"2025-12-19T10:49:00.835536Z","level":"info","event":"Formatting title: Labor Of Love","logger":"root","filename":"new_tropes_dag.py","lineno":66}
{"timestamp":"2025-12-19T10:49:00.835561Z","level":"info","event":"Formatting title: Labyrinth","logger":"root","filename":"new_tropes_dag.py","lineno":66}
{"timestamp":"2025-12-19T10:49:00.835587Z","level":"info","event":"Formatting title: Lady Bird","logger":"root","filename":"new_tropes_dag.py","lineno":66}
{"timestamp":"2025-12-19T10:49:00.835611Z","level":"info","event":"Formatting title: Lady Chatterleys Lover","logger":"root","filename":"new_tropes_dag.py","lineno":66}
{"timestamp":"2025-12-19T10:49:00.835636Z","level":"info","event":"Formatting title: Ladyhawke","logger":"root","filename":"new_tropes_dag.py","lineno":66}
{"timestamp":"2025-12-19T10:49:00.835661Z","level":"info","event":"Formatting title: Ladykillers The","logger":"root","filename":"new_tropes_dag.py","lineno":66}
{"timestamp":"2025-12-19T10:49:00.835687Z","level":"info","event":"Formatting title: Lake Placid","logger":"root","filename":"new_tropes_dag.py","lineno":66}
{"timestamp":"2025-12-19T10:49:00.835712Z","level":"info","event":"Formatting title: Land Of Mine","logger":"root","filename":"new_tropes_dag.py","lineno":66}
{"timestamp":"2025-12-19T10:49:00.835736Z","level":"info","event":"Formatting title: Land Of The Dead","logger":"root","filename":"new_tropes_dag.py","lineno":66}
{"timestamp":"2025-12-19T10:49:00.835760Z","level":"info","event":"Formatting title: Larry Crowne","logger":"root","filename":"new_tropes_dag.py","lineno":66}
{"timestamp":"2025-12-19T10:49:00.835798Z","level":"info","event":"Formatting title: Lars And The Real Girl","logger":"root","filename":"new_tropes_dag.py","lineno":66}
{"timestamp":"2025-12-19T10:49:00.835824Z","level":"info","event":"Formatting title: Last Boy Scout The","logger":"root","filename":"new_tropes_dag.py","lineno":66}
{"timestamp":"2025-12-19T10:49:00.835849Z","level":"info","event":"Formatting title: Last Chance Harvey","logger":"root","filename":"new_tropes_dag.py","lineno":66}
{"timestamp":"2025-12-19T10:49:00.835875Z","level":"info","event":"Formatting title: Last Flight The","logger":"root","filename":"new_tropes_dag.py","lineno":66}
{"timestamp":"2025-12-19T10:49:00.835900Z","level":"info","event":"Formatting title: Last Holiday","logger":"root","filename":"new_tropes_dag.py","lineno":66}
{"timestamp":"2025-12-19T10:49:00.835925Z","level":"info","event":"Formatting title: Last Night In Soho","logger":"root","filename":"new_tropes_dag.py","lineno":66}
{"timestamp":"2025-12-19T10:49:00.835951Z","level":"info","event":"Formatting title: Last Of The Mohicans The","logger":"root","filename":"new_tropes_dag.py","lineno":66}
{"timestamp":"2025-12-19T10:49:00.835976Z","level":"info","event":"Formatting title: Last Samurai The","logger":"root","filename":"new_tropes_dag.py","lineno":66}
{"timestamp":"2025-12-19T10:49:00.836001Z","level":"info","event":"Formatting title: Last Station The","logger":"root","filename":"new_tropes_dag.py","lineno":66}
{"timestamp":"2025-12-19T10:49:00.836025Z","level":"info","event":"Formatting title: Last Tango In Paris","logger":"root","filename":"new_tropes_dag.py","lineno":66}
{"timestamp":"2025-12-19T10:49:00.836050Z","level":"info","event":"Formatting title: Law Abiding Citizen","logger":"root","filename":"new_tropes_dag.py","lineno":66}
{"timestamp":"2025-12-19T10:49:00.836074Z","level":"info","event":"Formatting title: Lawrence Of Arabia","logger":"root","filename":"new_tropes_dag.py","lineno":66}
{"timestamp":"2025-12-19T10:49:00.836099Z","level":"info","event":"Formatting title: Le Diable Par La Queue","logger":"root","filename":"new_tropes_dag.py","lineno":66}
{"timestamp":"2025-12-19T10:49:00.836124Z","level":"info","event":"Formatting title: Lean On Me","logger":"root","filename":"new_tropes_dag.py","lineno":66}
{"timestamp":"2025-12-19T10:49:00.836147Z","level":"info","event":"Formatting title: Leave No Trace","logger":"root","filename":"new_tropes_dag.py","lineno":66}
{"timestamp":"2025-12-19T10:49:00.836175Z","level":"info","event":"Formatting title: Leaving Las Vegas","logger":"root","filename":"new_tropes_dag.py","lineno":66}
{"timestamp":"2025-12-19T10:49:00.836204Z","level":"info","event":"Formatting title: Lee Daniels The Butler","logger":"root","filename":"new_tropes_dag.py","lineno":66}
{"timestamp":"2025-12-19T10:49:00.836230Z","level":"info","event":"Formatting title: Legally Blonde","logger":"root","filename":"new_tropes_dag.py","lineno":66}
{"timestamp":"2025-12-19T10:49:00.836254Z","level":"info","event":"Formatting title: Legend","logger":"root","filename":"new_tropes_dag.py","lineno":66}
{"timestamp":"2025-12-19T10:49:00.836278Z","level":"info","event":"Formatting title: Legend","logger":"root","filename":"new_tropes_dag.py","lineno":66}
{"timestamp":"2025-12-19T10:49:00.836302Z","level":"info","event":"Formatting title: Legion","logger":"root","filename":"new_tropes_dag.py","lineno":66}
{"timestamp":"2025-12-19T10:49:00.836326Z","level":"info","event":"Formatting title: Lego Movie The","logger":"root","filename":"new_tropes_dag.py","lineno":66}
{"timestamp":"2025-12-19T10:49:00.836351Z","level":"info","event":"Formatting title: Lenny","logger":"root","filename":"new_tropes_dag.py","lineno":66}
{"timestamp":"2025-12-19T10:49:00.836376Z","level":"info","event":"Formatting title: Leprechaun","logger":"root","filename":"new_tropes_dag.py","lineno":66}
{"timestamp":"2025-12-19T10:49:00.836400Z","level":"info","event":"Formatting title: Leprechaun 2","logger":"root","filename":"new_tropes_dag.py","lineno":66}
{"timestamp":"2025-12-19T10:49:00.836424Z","level":"info","event":"Formatting title: Les Miserables","logger":"root","filename":"new_tropes_dag.py","lineno":66}
{"timestamp":"2025-12-19T10:49:00.836449Z","level":"info","event":"Formatting title: Les Misérables","logger":"root","filename":"new_tropes_dag.py","lineno":66}
{"timestamp":"2025-12-19T10:49:00.836479Z","level":"info","event":"Formatting title: Les Tontons Flingueurs","logger":"root","filename":"new_tropes_dag.py","lineno":66}
{"timestamp":"2025-12-19T10:49:00.836506Z","level":"info","event":"Formatting title: Let Me In","logger":"root","filename":"new_tropes_dag.py","lineno":66}
{"timestamp":"2025-12-19T10:49:00.836531Z","level":"info","event":"Formatting title: Lethal Weapon","logger":"root","filename":"new_tropes_dag.py","lineno":66}
{"timestamp":"2025-12-19T10:49:00.836555Z","level":"info","event":"Formatting title: Lethal Weapon 2","logger":"root","filename":"new_tropes_dag.py","lineno":66}
{"timestamp":"2025-12-19T10:49:00.836581Z","level":"info","event":"Formatting title: Lethal Weapon 4","logger":"root","filename":"new_tropes_dag.py","lineno":66}
{"timestamp":"2025-12-19T10:49:00.836606Z","level":"info","event":"Formatting title: Leviathan","logger":"root","filename":"new_tropes_dag.py","lineno":66}
{"timestamp":"2025-12-19T10:49:00.836630Z","level":"info","event":"Formatting title: Liar Liar","logger":"root","filename":"new_tropes_dag.py","lineno":66}
{"timestamp":"2025-12-19T10:49:00.836653Z","level":"info","event":"Formatting title: License To Kill","logger":"root","filename":"new_tropes_dag.py","lineno":66}
{"timestamp":"2025-12-19T10:49:00.836678Z","level":"info","event":"Formatting title: Life","logger":"root","filename":"new_tropes_dag.py","lineno":66}
{"timestamp":"2025-12-19T10:49:00.836706Z","level":"info","event":"Formatting title: Life As A House","logger":"root","filename":"new_tropes_dag.py","lineno":66}
{"timestamp":"2025-12-19T10:49:00.836734Z","level":"info","event":"Formatting title: Life Itself","logger":"root","filename":"new_tropes_dag.py","lineno":66}
{"timestamp":"2025-12-19T10:49:00.836768Z","level":"info","event":"Formatting title: Life Of David Gale The","logger":"root","filename":"new_tropes_dag.py","lineno":66}
{"timestamp":"2025-12-19T10:49:00.836795Z","level":"info","event":"Formatting title: Life Of Pi","logger":"root","filename":"new_tropes_dag.py","lineno":66}
{"timestamp":"2025-12-19T10:49:00.836820Z","level":"info","event":"Formatting title: Life Stinks","logger":"root","filename":"new_tropes_dag.py","lineno":66}
{"timestamp":"2025-12-19T10:49:00.836845Z","level":"info","event":"Formatting title: Light Sleeper","logger":"root","filename":"new_tropes_dag.py","lineno":66}
{"timestamp":"2025-12-19T10:49:00.836874Z","level":"info","event":"Formatting title: Lights Out","logger":"root","filename":"new_tropes_dag.py","lineno":66}
{"timestamp":"2025-12-19T10:49:00.836904Z","level":"info","event":"Formatting title: Like Father Like Son","logger":"root","filename":"new_tropes_dag.py","lineno":66}
{"timestamp":"2025-12-19T10:49:00.836931Z","level":"info","event":"Formatting title: Limey The","logger":"root","filename":"new_tropes_dag.py","lineno":66}
{"timestamp":"2025-12-19T10:49:00.836958Z","level":"info","event":"Formatting title: Limitless","logger":"root","filename":"new_tropes_dag.py","lineno":66}
{"timestamp":"2025-12-19T10:49:00.836989Z","level":"info","event":"Formatting title: Lincoln","logger":"root","filename":"new_tropes_dag.py","lineno":66}
{"timestamp":"2025-12-19T10:49:00.837046Z","level":"info","event":"Formatting title: Lincoln Lawyer The","logger":"root","filename":"new_tropes_dag.py","lineno":66}
{"timestamp":"2025-12-19T10:49:00.837102Z","level":"info","event":"Formatting title: Lion","logger":"root","filename":"new_tropes_dag.py","lineno":66}
{"timestamp":"2025-12-19T10:49:00.837132Z","level":"info","event":"Formatting title: Lion King The","logger":"root","filename":"new_tropes_dag.py","lineno":66}
{"timestamp":"2025-12-19T10:49:00.837159Z","level":"info","event":"Formatting title: Little Athens","logger":"root","filename":"new_tropes_dag.py","lineno":66}
{"timestamp":"2025-12-19T10:49:00.837185Z","level":"info","event":"Formatting title: Little Men","logger":"root","filename":"new_tropes_dag.py","lineno":66}
{"timestamp":"2025-12-19T10:49:00.837210Z","level":"info","event":"Formatting title: Little Mermaid The","logger":"root","filename":"new_tropes_dag.py","lineno":66}
{"timestamp":"2025-12-19T10:49:00.837251Z","level":"info","event":"Formatting title: Little Miss Sunshine","logger":"root","filename":"new_tropes_dag.py","lineno":66}
{"timestamp":"2025-12-19T10:49:00.837332Z","level":"info","event":"Formatting title: Little Nicky","logger":"root","filename":"new_tropes_dag.py","lineno":66}
{"timestamp":"2025-12-19T10:49:00.837445Z","level":"info","event":"Formatting title: Little Shop Of Horrors","logger":"root","filename":"new_tropes_dag.py","lineno":66}
{"timestamp":"2025-12-19T10:49:00.837557Z","level":"info","event":"Formatting title: Little Women","logger":"root","filename":"new_tropes_dag.py","lineno":66}
{"timestamp":"2025-12-19T10:49:00.837654Z","level":"info","event":"Formatting title: Live And Let Die","logger":"root","filename":"new_tropes_dag.py","lineno":66}
{"timestamp":"2025-12-19T10:49:00.837748Z","level":"info","event":"Formatting title: Live By Night","logger":"root","filename":"new_tropes_dag.py","lineno":66}
{"timestamp":"2025-12-19T10:49:00.837844Z","level":"info","event":"Formatting title: Live Free Or Die Hard","logger":"root","filename":"new_tropes_dag.py","lineno":66}
{"timestamp":"2025-12-19T10:49:00.838019Z","level":"info","event":"Formatting title: Living","logger":"root","filename":"new_tropes_dag.py","lineno":66}
{"timestamp":"2025-12-19T10:49:00.838083Z","level":"info","event":"Formatting title: Living In Oblivion","logger":"root","filename":"new_tropes_dag.py","lineno":66}
{"timestamp":"2025-12-19T10:49:00.838120Z","level":"info","event":"Formatting title: Lock Stock And Two Smoking Barrels","logger":"root","filename":"new_tropes_dag.py","lineno":66}
{"timestamp":"2025-12-19T10:49:00.838159Z","level":"info","event":"Formatting title: Locke","logger":"root","filename":"new_tropes_dag.py","lineno":66}
{"timestamp":"2025-12-19T10:49:00.838192Z","level":"info","event":"Formatting title: Logan","logger":"root","filename":"new_tropes_dag.py","lineno":66}
{"timestamp":"2025-12-19T10:49:00.838220Z","level":"info","event":"Formatting title: Logans Run","logger":"root","filename":"new_tropes_dag.py","lineno":66}
{"timestamp":"2025-12-19T10:49:00.838247Z","level":"info","event":"Formatting title: Lone Star","logger":"root","filename":"new_tropes_dag.py","lineno":66}
{"timestamp":"2025-12-19T10:49:00.838275Z","level":"info","event":"Formatting title: Lone Survivor","logger":"root","filename":"new_tropes_dag.py","lineno":66}
{"timestamp":"2025-12-19T10:49:00.838301Z","level":"info","event":"Formatting title: Long Kiss Goodnight The","logger":"root","filename":"new_tropes_dag.py","lineno":66}
{"timestamp":"2025-12-19T10:49:00.838327Z","level":"info","event":"Formatting title: Looney Tunes Back In Action","logger":"root","filename":"new_tropes_dag.py","lineno":66}
{"timestamp":"2025-12-19T10:49:00.838390Z","level":"info","event":"Formatting title: Looper","logger":"root","filename":"new_tropes_dag.py","lineno":66}
{"timestamp":"2025-12-19T10:49:00.838467Z","level":"info","event":"Formatting title: Lord Of Illusions","logger":"root","filename":"new_tropes_dag.py","lineno":66}
{"timestamp":"2025-12-19T10:49:00.838557Z","level":"info","event":"Formatting title: Lord Of The Rings Fellowship Of The Ring The","logger":"root","filename":"new_tropes_dag.py","lineno":66}
{"timestamp":"2025-12-19T10:49:00.838717Z","level":"info","event":"Formatting title: Lord Of The Rings Return Of The King","logger":"root","filename":"new_tropes_dag.py","lineno":66}
{"timestamp":"2025-12-19T10:49:00.838822Z","level":"info","event":"Formatting title: Lord Of The Rings The Two Towers","logger":"root","filename":"new_tropes_dag.py","lineno":66}
{"timestamp":"2025-12-19T10:49:00.838893Z","level":"info","event":"Formatting title: Lord Of War","logger":"root","filename":"new_tropes_dag.py","lineno":66}
{"timestamp":"2025-12-19T10:49:00.838922Z","level":"info","event":"Formatting title: Losers The","logger":"root","filename":"new_tropes_dag.py","lineno":66}
{"timestamp":"2025-12-19T10:49:00.838951Z","level":"info","event":"Formatting title: Lost Highway","logger":"root","filename":"new_tropes_dag.py","lineno":66}
{"timestamp":"2025-12-19T10:49:00.838978Z","level":"info","event":"Formatting title: Lost Horizon","logger":"root","filename":"new_tropes_dag.py","lineno":66}
{"timestamp":"2025-12-19T10:49:00.839008Z","level":"info","event":"Formatting title: Lost In Space","logger":"root","filename":"new_tropes_dag.py","lineno":66}
{"timestamp":"2025-12-19T10:49:00.839045Z","level":"info","event":"Formatting title: Lost In Translation","logger":"root","filename":"new_tropes_dag.py","lineno":66}
{"timestamp":"2025-12-19T10:49:00.839074Z","level":"info","event":"Formatting title: Love & Other Drugs","logger":"root","filename":"new_tropes_dag.py","lineno":66}
{"timestamp":"2025-12-19T10:49:00.839100Z","level":"info","event":"Formatting title: Love Actually","logger":"root","filename":"new_tropes_dag.py","lineno":66}
{"timestamp":"2025-12-19T10:49:00.839125Z","level":"info","event":"Formatting title: Love And Basketball","logger":"root","filename":"new_tropes_dag.py","lineno":66}
{"timestamp":"2025-12-19T10:49:00.839150Z","level":"info","event":"Formatting title: Love And Friendship","logger":"root","filename":"new_tropes_dag.py","lineno":66}
{"timestamp":"2025-12-19T10:49:00.839174Z","level":"info","event":"Formatting title: Love Is Strange","logger":"root","filename":"new_tropes_dag.py","lineno":66}
{"timestamp":"2025-12-19T10:49:00.839199Z","level":"info","event":"Formatting title: Love Simon","logger":"root","filename":"new_tropes_dag.py","lineno":66}
{"timestamp":"2025-12-19T10:49:00.839224Z","level":"info","event":"Formatting title: Loving","logger":"root","filename":"new_tropes_dag.py","lineno":66}
{"timestamp":"2025-12-19T10:49:00.839249Z","level":"info","event":"Formatting title: Luca","logger":"root","filename":"new_tropes_dag.py","lineno":66}
{"timestamp":"2025-12-19T10:49:00.839274Z","level":"info","event":"Formatting title: Lucky Number Slevin","logger":"root","filename":"new_tropes_dag.py","lineno":66}
{"timestamp":"2025-12-19T10:49:00.839300Z","level":"info","event":"Formatting title: Lucy","logger":"root","filename":"new_tropes_dag.py","lineno":66}
{"timestamp":"2025-12-19T10:49:00.839326Z","level":"info","event":"Formatting title: Lucy In The Sky","logger":"root","filename":"new_tropes_dag.py","lineno":66}
{"timestamp":"2025-12-19T10:49:00.839354Z","level":"info","event":"Formatting title: Macgruber","logger":"root","filename":"new_tropes_dag.py","lineno":66}
{"timestamp":"2025-12-19T10:49:00.839380Z","level":"info","event":"Formatting title: Machete","logger":"root","filename":"new_tropes_dag.py","lineno":66}
{"timestamp":"2025-12-19T10:49:00.839404Z","level":"info","event":"Formatting title: Machine Gun Preacher","logger":"root","filename":"new_tropes_dag.py","lineno":66}
{"timestamp":"2025-12-19T10:49:00.839429Z","level":"info","event":"Formatting title: Mad Max 2 The Road Warrior","logger":"root","filename":"new_tropes_dag.py","lineno":66}
{"timestamp":"2025-12-19T10:49:00.839454Z","level":"info","event":"Formatting title: Mad Max Fury Road","logger":"root","filename":"new_tropes_dag.py","lineno":66}
{"timestamp":"2025-12-19T10:49:00.839478Z","level":"info","event":"Formatting title: Made","logger":"root","filename":"new_tropes_dag.py","lineno":66}
{"timestamp":"2025-12-19T10:49:00.839507Z","level":"info","event":"Formatting title: Made In Heaven","logger":"root","filename":"new_tropes_dag.py","lineno":66}
{"timestamp":"2025-12-19T10:49:00.839532Z","level":"info","event":"Formatting title: Maestro","logger":"root","filename":"new_tropes_dag.py","lineno":66}
{"timestamp":"2025-12-19T10:49:00.839557Z","level":"info","event":"Formatting title: Maggies Plan","logger":"root","filename":"new_tropes_dag.py","lineno":66}
{"timestamp":"2025-12-19T10:49:00.839582Z","level":"info","event":"Formatting title: Magnolia","logger":"root","filename":"new_tropes_dag.py","lineno":66}
{"timestamp":"2025-12-19T10:49:00.839606Z","level":"info","event":"Formatting title: Majestic The (the Bijou)","logger":"root","filename":"new_tropes_dag.py","lineno":66}
{"timestamp":"2025-12-19T10:49:00.839631Z","level":"info","event":"Formatting title: Major League","logger":"root","filename":"new_tropes_dag.py","lineno":66}
{"timestamp":"2025-12-19T10:49:00.839655Z","level":"info","event":"Formatting title: Malcolm & Marie","logger":"root","filename":"new_tropes_dag.py","lineno":66}
{"timestamp":"2025-12-19T10:49:00.839682Z","level":"info","event":"Formatting title: Malcolm X","logger":"root","filename":"new_tropes_dag.py","lineno":66}
{"timestamp":"2025-12-19T10:49:00.839706Z","level":"info","event":"Formatting title: Malibus Most Wanted","logger":"root","filename":"new_tropes_dag.py","lineno":66}
{"timestamp":"2025-12-19T10:49:00.839730Z","level":"info","event":"Formatting title: Malignant","logger":"root","filename":"new_tropes_dag.py","lineno":66}
{"timestamp":"2025-12-19T10:49:00.839754Z","level":"info","event":"Formatting title: Mallrats","logger":"root","filename":"new_tropes_dag.py","lineno":66}
{"timestamp":"2025-12-19T10:49:00.839778Z","level":"info","event":"Formatting title: Man In The Iron Mask","logger":"root","filename":"new_tropes_dag.py","lineno":66}
{"timestamp":"2025-12-19T10:49:00.839802Z","level":"info","event":"Formatting title: Man On A Ledge","logger":"root","filename":"new_tropes_dag.py","lineno":66}
{"timestamp":"2025-12-19T10:49:00.839829Z","level":"info","event":"Formatting title: Man On Fire","logger":"root","filename":"new_tropes_dag.py","lineno":66}
{"timestamp":"2025-12-19T10:49:00.839854Z","level":"info","event":"Formatting title: Man On The Moon","logger":"root","filename":"new_tropes_dag.py","lineno":66}
{"timestamp":"2025-12-19T10:49:00.839879Z","level":"info","event":"Formatting title: Man Trouble","logger":"root","filename":"new_tropes_dag.py","lineno":66}
{"timestamp":"2025-12-19T10:49:00.839903Z","level":"info","event":"Formatting title: Man Who Knew Too Much The","logger":"root","filename":"new_tropes_dag.py","lineno":66}
{"timestamp":"2025-12-19T10:49:00.839926Z","level":"info","event":"Formatting title: Man Who Wasnt There The","logger":"root","filename":"new_tropes_dag.py","lineno":66}
{"timestamp":"2025-12-19T10:49:00.839950Z","level":"info","event":"Formatting title: Manchurian Candidate The","logger":"root","filename":"new_tropes_dag.py","lineno":66}
{"timestamp":"2025-12-19T10:49:00.839973Z","level":"info","event":"Formatting title: Mandy","logger":"root","filename":"new_tropes_dag.py","lineno":66}
{"timestamp":"2025-12-19T10:49:00.839996Z","level":"info","event":"Formatting title: Manhattan Murder Mystery","logger":"root","filename":"new_tropes_dag.py","lineno":66}
{"timestamp":"2025-12-19T10:49:00.840019Z","level":"info","event":"Formatting title: Manhunter","logger":"root","filename":"new_tropes_dag.py","lineno":66}
{"timestamp":"2025-12-19T10:49:00.840043Z","level":"info","event":"Formatting title: Maniac Cop","logger":"root","filename":"new_tropes_dag.py","lineno":66}
{"timestamp":"2025-12-19T10:49:00.840066Z","level":"info","event":"Formatting title: Mank","logger":"root","filename":"new_tropes_dag.py","lineno":66}
{"timestamp":"2025-12-19T10:49:00.840089Z","level":"info","event":"Formatting title: Margaret","logger":"root","filename":"new_tropes_dag.py","lineno":66}
{"timestamp":"2025-12-19T10:49:00.840112Z","level":"info","event":"Formatting title: Margin Call","logger":"root","filename":"new_tropes_dag.py","lineno":66}
{"timestamp":"2025-12-19T10:49:00.840135Z","level":"info","event":"Formatting title: Margot At The Wedding","logger":"root","filename":"new_tropes_dag.py","lineno":66}
{"timestamp":"2025-12-19T10:49:00.840160Z","level":"info","event":"Formatting title: Maria","logger":"root","filename":"new_tropes_dag.py","lineno":66}
{"timestamp":"2025-12-19T10:49:00.840183Z","level":"info","event":"Formatting title: Maria Full Of Grace","logger":"root","filename":"new_tropes_dag.py","lineno":66}
{"timestamp":"2025-12-19T10:49:00.840232Z","level":"info","event":"Formatting title: Mariachi El","logger":"root","filename":"new_tropes_dag.py","lineno":66}
{"timestamp":"2025-12-19T10:49:00.840267Z","level":"info","event":"Formatting title: Marley & Me","logger":"root","filename":"new_tropes_dag.py","lineno":66}
{"timestamp":"2025-12-19T10:49:00.840295Z","level":"info","event":"Formatting title: Marriage Story","logger":"root","filename":"new_tropes_dag.py","lineno":66}
{"timestamp":"2025-12-19T10:49:00.840325Z","level":"info","event":"Formatting title: Mars Attacks","logger":"root","filename":"new_tropes_dag.py","lineno":66}
{"timestamp":"2025-12-19T10:49:00.840351Z","level":"info","event":"Formatting title: Martha Marcy May Marlene","logger":"root","filename":"new_tropes_dag.py","lineno":66}
{"timestamp":"2025-12-19T10:49:00.840377Z","level":"info","event":"Formatting title: Martian The","logger":"root","filename":"new_tropes_dag.py","lineno":66}
{"timestamp":"2025-12-19T10:49:00.840401Z","level":"info","event":"Formatting title: Marty","logger":"root","filename":"new_tropes_dag.py","lineno":66}
{"timestamp":"2025-12-19T10:49:00.840426Z","level":"info","event":"Formatting title: Martyrs","logger":"root","filename":"new_tropes_dag.py","lineno":66}
{"timestamp":"2025-12-19T10:49:00.840451Z","level":"info","event":"Formatting title: Mary Poppins","logger":"root","filename":"new_tropes_dag.py","lineno":66}
{"timestamp":"2025-12-19T10:49:00.840475Z","level":"info","event":"Formatting title: Mary Poppins Returns","logger":"root","filename":"new_tropes_dag.py","lineno":66}
{"timestamp":"2025-12-19T10:49:00.840503Z","level":"info","event":"Formatting title: Mary Queen Of Scots","logger":"root","filename":"new_tropes_dag.py","lineno":66}
{"timestamp":"2025-12-19T10:49:00.840527Z","level":"info","event":"Formatting title: Mary Shelleys Frankenstein","logger":"root","filename":"new_tropes_dag.py","lineno":66}
{"timestamp":"2025-12-19T10:49:00.840552Z","level":"info","event":"Formatting title: Mask The","logger":"root","filename":"new_tropes_dag.py","lineno":66}
{"timestamp":"2025-12-19T10:49:00.840576Z","level":"info","event":"Formatting title: Mass","logger":"root","filename":"new_tropes_dag.py","lineno":66}
{"timestamp":"2025-12-19T10:49:00.840600Z","level":"info","event":"Formatting title: Master","logger":"root","filename":"new_tropes_dag.py","lineno":66}
{"timestamp":"2025-12-19T10:49:00.840650Z","level":"info","event":"Formatting title: Master And Commander","logger":"root","filename":"new_tropes_dag.py","lineno":66}
{"timestamp":"2025-12-19T10:49:00.840681Z","level":"info","event":"Formatting title: Master The","logger":"root","filename":"new_tropes_dag.py","lineno":66}
{"timestamp":"2025-12-19T10:49:00.840708Z","level":"info","event":"Formatting title: Match Point","logger":"root","filename":"new_tropes_dag.py","lineno":66}
{"timestamp":"2025-12-19T10:49:00.840734Z","level":"info","event":"Formatting title: Matchstick Men","logger":"root","filename":"new_tropes_dag.py","lineno":66}
{"timestamp":"2025-12-19T10:49:00.840759Z","level":"info","event":"Formatting title: Matrix Reloaded The","logger":"root","filename":"new_tropes_dag.py","lineno":66}
{"timestamp":"2025-12-19T10:49:00.840784Z","level":"info","event":"Formatting title: Matrix The","logger":"root","filename":"new_tropes_dag.py","lineno":66}
{"timestamp":"2025-12-19T10:49:00.840809Z","level":"info","event":"Formatting title: Maudie","logger":"root","filename":"new_tropes_dag.py","lineno":66}
{"timestamp":"2025-12-19T10:49:00.840833Z","level":"info","event":"Formatting title: Max Payne","logger":"root","filename":"new_tropes_dag.py","lineno":66}
{"timestamp":"2025-12-19T10:49:00.840858Z","level":"info","event":"Formatting title: May December","logger":"root","filename":"new_tropes_dag.py","lineno":66}
{"timestamp":"2025-12-19T10:49:00.840911Z","level":"info","event":"Formatting title: Me And Earl And The Dying Girl","logger":"root","filename":"new_tropes_dag.py","lineno":66}
{"timestamp":"2025-12-19T10:49:00.840950Z","level":"info","event":"Formatting title: Me Him Her","logger":"root","filename":"new_tropes_dag.py","lineno":66}
{"timestamp":"2025-12-19T10:49:00.840981Z","level":"info","event":"Formatting title: Mean Girls","logger":"root","filename":"new_tropes_dag.py","lineno":66}
{"timestamp":"2025-12-19T10:49:00.841009Z","level":"info","event":"Formatting title: Mean Streets","logger":"root","filename":"new_tropes_dag.py","lineno":66}
{"timestamp":"2025-12-19T10:49:00.841056Z","level":"info","event":"Formatting title: Meatballs","logger":"root","filename":"new_tropes_dag.py","lineno":66}
{"timestamp":"2025-12-19T10:49:00.841091Z","level":"info","event":"Formatting title: Mechanic The","logger":"root","filename":"new_tropes_dag.py","lineno":66}
{"timestamp":"2025-12-19T10:49:00.841119Z","level":"info","event":"Formatting title: Meet Joe Black","logger":"root","filename":"new_tropes_dag.py","lineno":66}
{"timestamp":"2025-12-19T10:49:00.841144Z","level":"info","event":"Formatting title: Meet John Doe","logger":"root","filename":"new_tropes_dag.py","lineno":66}
{"timestamp":"2025-12-19T10:49:00.841169Z","level":"info","event":"Formatting title: Megamind","logger":"root","filename":"new_tropes_dag.py","lineno":66}
{"timestamp":"2025-12-19T10:49:00.841195Z","level":"info","event":"Formatting title: Memento","logger":"root","filename":"new_tropes_dag.py","lineno":66}
{"timestamp":"2025-12-19T10:49:00.841220Z","level":"info","event":"Formatting title: Memoirs Of A Geisha","logger":"root","filename":"new_tropes_dag.py","lineno":66}
{"timestamp":"2025-12-19T10:49:00.841248Z","level":"info","event":"Formatting title: Memories Of Murder","logger":"root","filename":"new_tropes_dag.py","lineno":66}
{"timestamp":"2025-12-19T10:49:00.841276Z","level":"info","event":"Formatting title: Memory","logger":"root","filename":"new_tropes_dag.py","lineno":66}
{"timestamp":"2025-12-19T10:49:00.841301Z","level":"info","event":"Formatting title: Men In Black","logger":"root","filename":"new_tropes_dag.py","lineno":66}
{"timestamp":"2025-12-19T10:49:00.841326Z","level":"info","event":"Formatting title: Men In Black 3","logger":"root","filename":"new_tropes_dag.py","lineno":66}
{"timestamp":"2025-12-19T10:49:00.841350Z","level":"info","event":"Formatting title: Men Who Stare At Goats The","logger":"root","filename":"new_tropes_dag.py","lineno":66}
{"timestamp":"2025-12-19T10:49:00.841375Z","level":"info","event":"Formatting title: Menace 2 Society","logger":"root","filename":"new_tropes_dag.py","lineno":66}
{"timestamp":"2025-12-19T10:49:00.841399Z","level":"info","event":"Formatting title: Menu The","logger":"root","filename":"new_tropes_dag.py","lineno":66}
{"timestamp":"2025-12-19T10:49:00.841426Z","level":"info","event":"Formatting title: Metro","logger":"root","filename":"new_tropes_dag.py","lineno":66}
{"timestamp":"2025-12-19T10:49:00.841454Z","level":"info","event":"Formatting title: Miami Vice","logger":"root","filename":"new_tropes_dag.py","lineno":66}
{"timestamp":"2025-12-19T10:49:00.841479Z","level":"info","event":"Formatting title: Michael Clayton","logger":"root","filename":"new_tropes_dag.py","lineno":66}
{"timestamp":"2025-12-19T10:49:00.841503Z","level":"info","event":"Formatting title: Mid90s","logger":"root","filename":"new_tropes_dag.py","lineno":66}
{"timestamp":"2025-12-19T10:49:00.841528Z","level":"info","event":"Formatting title: Midnight Cowboy","logger":"root","filename":"new_tropes_dag.py","lineno":66}
{"timestamp":"2025-12-19T10:49:00.841553Z","level":"info","event":"Formatting title: Midnight Express","logger":"root","filename":"new_tropes_dag.py","lineno":66}
{"timestamp":"2025-12-19T10:49:00.841577Z","level":"info","event":"Formatting title: Midnight In Paris","logger":"root","filename":"new_tropes_dag.py","lineno":66}
{"timestamp":"2025-12-19T10:49:00.841601Z","level":"info","event":"Formatting title: Midnight Run","logger":"root","filename":"new_tropes_dag.py","lineno":66}
{"timestamp":"2025-12-19T10:49:00.841625Z","level":"info","event":"Formatting title: Midsommar","logger":"root","filename":"new_tropes_dag.py","lineno":66}
{"timestamp":"2025-12-19T10:49:00.841649Z","level":"info","event":"Formatting title: Midway","logger":"root","filename":"new_tropes_dag.py","lineno":66}
{"timestamp":"2025-12-19T10:49:00.905619Z","level":"info","event":"Formatting title: Mighty Joe Young","logger":"root","filename":"new_tropes_dag.py","lineno":66}
{"timestamp":"2025-12-19T10:49:00.905739Z","level":"info","event":"Formatting title: Mighty Morphin Power Rangers The Movie","logger":"root","filename":"new_tropes_dag.py","lineno":66}
{"timestamp":"2025-12-19T10:49:00.905814Z","level":"info","event":"Formatting title: Mikey And Nicky","logger":"root","filename":"new_tropes_dag.py","lineno":66}
{"timestamp":"2025-12-19T10:49:00.905871Z","level":"info","event":"Formatting title: Miles Ahead","logger":"root","filename":"new_tropes_dag.py","lineno":66}
{"timestamp":"2025-12-19T10:49:00.905908Z","level":"info","event":"Formatting title: Milk","logger":"root","filename":"new_tropes_dag.py","lineno":66}
{"timestamp":"2025-12-19T10:49:00.905941Z","level":"info","event":"Formatting title: Millers Crossing","logger":"root","filename":"new_tropes_dag.py","lineno":66}
{"timestamp":"2025-12-19T10:49:00.905979Z","level":"info","event":"Formatting title: Millers Girl","logger":"root","filename":"new_tropes_dag.py","lineno":66}
{"timestamp":"2025-12-19T10:49:00.906011Z","level":"info","event":"Formatting title: Million Dollar Baby","logger":"root","filename":"new_tropes_dag.py","lineno":66}
{"timestamp":"2025-12-19T10:49:00.906049Z","level":"info","event":"Formatting title: Mimic","logger":"root","filename":"new_tropes_dag.py","lineno":66}
{"timestamp":"2025-12-19T10:49:00.906082Z","level":"info","event":"Formatting title: Minari","logger":"root","filename":"new_tropes_dag.py","lineno":66}
{"timestamp":"2025-12-19T10:49:00.906124Z","level":"info","event":"Formatting title: Minis First Time","logger":"root","filename":"new_tropes_dag.py","lineno":66}
{"timestamp":"2025-12-19T10:49:00.906168Z","level":"info","event":"Formatting title: Minority Report","logger":"root","filename":"new_tropes_dag.py","lineno":66}
{"timestamp":"2025-12-19T10:49:00.906199Z","level":"info","event":"Formatting title: Miracle Worker The","logger":"root","filename":"new_tropes_dag.py","lineno":66}
{"timestamp":"2025-12-19T10:49:00.906229Z","level":"info","event":"Formatting title: Mirrors","logger":"root","filename":"new_tropes_dag.py","lineno":66}
{"timestamp":"2025-12-19T10:49:00.906259Z","level":"info","event":"Formatting title: Misery","logger":"root","filename":"new_tropes_dag.py","lineno":66}
{"timestamp":"2025-12-19T10:49:00.906300Z","level":"info","event":"Formatting title: Miss Congeniality","logger":"root","filename":"new_tropes_dag.py","lineno":66}
{"timestamp":"2025-12-19T10:49:00.906347Z","level":"info","event":"Formatting title: Miss Sloane","logger":"root","filename":"new_tropes_dag.py","lineno":66}
{"timestamp":"2025-12-19T10:49:00.906397Z","level":"info","event":"Formatting title: Mission Impossible","logger":"root","filename":"new_tropes_dag.py","lineno":66}
{"timestamp":"2025-12-19T10:49:00.906441Z","level":"info","event":"Formatting title: Mission Impossible 2","logger":"root","filename":"new_tropes_dag.py","lineno":66}
{"timestamp":"2025-12-19T10:49:00.906490Z","level":"info","event":"Formatting title: Mission Impossible 3","logger":"root","filename":"new_tropes_dag.py","lineno":66}
{"timestamp":"2025-12-19T10:49:00.906547Z","level":"info","event":"Formatting title: Mission Impossible Fallout","logger":"root","filename":"new_tropes_dag.py","lineno":66}
{"timestamp":"2025-12-19T10:49:00.906596Z","level":"info","event":"Formatting title: Mission Impossible Rogue Nation","logger":"root","filename":"new_tropes_dag.py","lineno":66}
{"timestamp":"2025-12-19T10:49:00.906650Z","level":"info","event":"Formatting title: Mission To Mars","logger":"root","filename":"new_tropes_dag.py","lineno":66}
{"timestamp":"2025-12-19T10:49:00.906697Z","level":"info","event":"Formatting title: Mollys Game","logger":"root","filename":"new_tropes_dag.py","lineno":66}
{"timestamp":"2025-12-19T10:49:00.906751Z","level":"info","event":"Formatting title: Moneyball","logger":"root","filename":"new_tropes_dag.py","lineno":66}
{"timestamp":"2025-12-19T10:49:00.906825Z","level":"info","event":"Formatting title: Monkeybone","logger":"root","filename":"new_tropes_dag.py","lineno":66}
{"timestamp":"2025-12-19T10:49:00.906899Z","level":"info","event":"Formatting title: Monster","logger":"root","filename":"new_tropes_dag.py","lineno":66}
{"timestamp":"2025-12-19T10:49:00.906970Z","level":"info","event":"Formatting title: Monsters Ball","logger":"root","filename":"new_tropes_dag.py","lineno":66}
{"timestamp":"2025-12-19T10:49:00.907039Z","level":"info","event":"Formatting title: Monsters Inc","logger":"root","filename":"new_tropes_dag.py","lineno":66}
{"timestamp":"2025-12-19T10:49:00.907109Z","level":"info","event":"Formatting title: Monsters University","logger":"root","filename":"new_tropes_dag.py","lineno":66}
{"timestamp":"2025-12-19T10:49:00.907177Z","level":"info","event":"Formatting title: Monte Carlo","logger":"root","filename":"new_tropes_dag.py","lineno":66}
{"timestamp":"2025-12-19T10:49:00.907321Z","level":"info","event":"Formatting title: Moon","logger":"root","filename":"new_tropes_dag.py","lineno":66}
{"timestamp":"2025-12-19T10:49:00.907416Z","level":"info","event":"Formatting title: Moonlight","logger":"root","filename":"new_tropes_dag.py","lineno":66}
{"timestamp":"2025-12-19T10:49:00.907495Z","level":"info","event":"Formatting title: Moonrise Kingdom","logger":"root","filename":"new_tropes_dag.py","lineno":66}
{"timestamp":"2025-12-19T10:49:00.907581Z","level":"info","event":"Formatting title: Moonstruck","logger":"root","filename":"new_tropes_dag.py","lineno":66}
{"timestamp":"2025-12-19T10:49:00.907637Z","level":"info","event":"Formatting title: Mother","logger":"root","filename":"new_tropes_dag.py","lineno":66}
{"timestamp":"2025-12-19T10:49:00.907668Z","level":"info","event":"Formatting title: Motherless Brooklyn","logger":"root","filename":"new_tropes_dag.py","lineno":66}
{"timestamp":"2025-12-19T10:49:00.907696Z","level":"info","event":"Formatting title: Moulin Rouge","logger":"root","filename":"new_tropes_dag.py","lineno":66}
{"timestamp":"2025-12-19T10:49:00.907722Z","level":"info","event":"Formatting title: Mr & Mrs Smith","logger":"root","filename":"new_tropes_dag.py","lineno":66}
{"timestamp":"2025-12-19T10:49:00.907749Z","level":"info","event":"Formatting title: Mr Blandings Builds His Dream House","logger":"root","filename":"new_tropes_dag.py","lineno":66}
{"timestamp":"2025-12-19T10:49:00.907775Z","level":"info","event":"Formatting title: Mr Brooks","logger":"root","filename":"new_tropes_dag.py","lineno":66}
{"timestamp":"2025-12-19T10:49:00.907801Z","level":"info","event":"Formatting title: Mr Deeds Goes To Town","logger":"root","filename":"new_tropes_dag.py","lineno":66}
{"timestamp":"2025-12-19T10:49:00.907826Z","level":"info","event":"Formatting title: Mr Hollands Opus","logger":"root","filename":"new_tropes_dag.py","lineno":66}
{"timestamp":"2025-12-19T10:49:00.907852Z","level":"info","event":"Formatting title: Mr Mom","logger":"root","filename":"new_tropes_dag.py","lineno":66}
{"timestamp":"2025-12-19T10:49:00.907876Z","level":"info","event":"Formatting title: Mr Nobody","logger":"root","filename":"new_tropes_dag.py","lineno":66}
{"timestamp":"2025-12-19T10:49:00.907901Z","level":"info","event":"Formatting title: Mr Right","logger":"root","filename":"new_tropes_dag.py","lineno":66}
{"timestamp":"2025-12-19T10:49:00.907924Z","level":"info","event":"Formatting title: Mr Turner","logger":"root","filename":"new_tropes_dag.py","lineno":66}
{"timestamp":"2025-12-19T10:49:00.907949Z","level":"info","event":"Formatting title: Mrs Brown","logger":"root","filename":"new_tropes_dag.py","lineno":66}
{"timestamp":"2025-12-19T10:49:00.907974Z","level":"info","event":"Formatting title: Mud","logger":"root","filename":"new_tropes_dag.py","lineno":66}
{"timestamp":"2025-12-19T10:49:00.907998Z","level":"info","event":"Formatting title: Mudbound","logger":"root","filename":"new_tropes_dag.py","lineno":66}
{"timestamp":"2025-12-19T10:49:00.908022Z","level":"info","event":"Formatting title: Mulan","logger":"root","filename":"new_tropes_dag.py","lineno":66}
{"timestamp":"2025-12-19T10:49:00.908047Z","level":"info","event":"Formatting title: Mulholland Dr","logger":"root","filename":"new_tropes_dag.py","lineno":66}
{"timestamp":"2025-12-19T10:49:00.908071Z","level":"info","event":"Formatting title: Mulholland Drive","logger":"root","filename":"new_tropes_dag.py","lineno":66}
{"timestamp":"2025-12-19T10:49:00.908095Z","level":"info","event":"Formatting title: Mumford","logger":"root","filename":"new_tropes_dag.py","lineno":66}
{"timestamp":"2025-12-19T10:49:00.908120Z","level":"info","event":"Formatting title: Mummy The","logger":"root","filename":"new_tropes_dag.py","lineno":66}
{"timestamp":"2025-12-19T10:49:00.908144Z","level":"info","event":"Formatting title: Murder On The Orient Express","logger":"root","filename":"new_tropes_dag.py","lineno":66}
{"timestamp":"2025-12-19T10:49:00.908169Z","level":"info","event":"Formatting title: Music Of The Heart","logger":"root","filename":"new_tropes_dag.py","lineno":66}
{"timestamp":"2025-12-19T10:49:00.908193Z","level":"info","event":"Formatting title: Mute Witness","logger":"root","filename":"new_tropes_dag.py","lineno":66}
{"timestamp":"2025-12-19T10:49:00.908218Z","level":"info","event":"Formatting title: My Best Friends Wedding","logger":"root","filename":"new_tropes_dag.py","lineno":66}
{"timestamp":"2025-12-19T10:49:00.908242Z","level":"info","event":"Formatting title: My Big Fat Greek Wedding 2","logger":"root","filename":"new_tropes_dag.py","lineno":66}
{"timestamp":"2025-12-19T10:49:00.908267Z","level":"info","event":"Formatting title: My Cousin Vinny","logger":"root","filename":"new_tropes_dag.py","lineno":66}
{"timestamp":"2025-12-19T10:49:00.908291Z","level":"info","event":"Formatting title: My Demon Lover","logger":"root","filename":"new_tropes_dag.py","lineno":66}
{"timestamp":"2025-12-19T10:49:00.908314Z","level":"info","event":"Formatting title: My Friend Dahmer","logger":"root","filename":"new_tropes_dag.py","lineno":66}
{"timestamp":"2025-12-19T10:49:00.908339Z","level":"info","event":"Formatting title: My Girl","logger":"root","filename":"new_tropes_dag.py","lineno":66}
{"timestamp":"2025-12-19T10:49:00.908363Z","level":"info","event":"Formatting title: My Mother Dreams The Satans Disciples In New York","logger":"root","filename":"new_tropes_dag.py","lineno":66}
{"timestamp":"2025-12-19T10:49:00.908387Z","level":"info","event":"Formatting title: My Old Ass","logger":"root","filename":"new_tropes_dag.py","lineno":66}
{"timestamp":"2025-12-19T10:49:00.908411Z","level":"info","event":"Formatting title: My Policeman","logger":"root","filename":"new_tropes_dag.py","lineno":66}
{"timestamp":"2025-12-19T10:49:00.908435Z","level":"info","event":"Formatting title: My Week With Marilyn","logger":"root","filename":"new_tropes_dag.py","lineno":66}
{"timestamp":"2025-12-19T10:49:00.908459Z","level":"info","event":"Formatting title: Mystery Men","logger":"root","filename":"new_tropes_dag.py","lineno":66}
{"timestamp":"2025-12-19T10:49:00.908483Z","level":"info","event":"Formatting title: Naked Gun 33 1/3 The Final Insult","logger":"root","filename":"new_tropes_dag.py","lineno":66}
{"timestamp":"2025-12-19T10:49:00.908506Z","level":"info","event":"Formatting title: Nanny","logger":"root","filename":"new_tropes_dag.py","lineno":66}
{"timestamp":"2025-12-19T10:49:00.908530Z","level":"info","event":"Formatting title: Napoleon","logger":"root","filename":"new_tropes_dag.py","lineno":66}
{"timestamp":"2025-12-19T10:49:00.908553Z","level":"info","event":"Formatting title: Napoleon Dynamite","logger":"root","filename":"new_tropes_dag.py","lineno":66}
{"timestamp":"2025-12-19T10:49:00.908576Z","level":"info","event":"Formatting title: Nashville","logger":"root","filename":"new_tropes_dag.py","lineno":66}
{"timestamp":"2025-12-19T10:49:00.908599Z","level":"info","event":"Formatting title: National Lampoons Animal House","logger":"root","filename":"new_tropes_dag.py","lineno":66}
{"timestamp":"2025-12-19T10:49:00.908622Z","level":"info","event":"Formatting title: National Lampoons Christmas Vacation","logger":"root","filename":"new_tropes_dag.py","lineno":66}
{"timestamp":"2025-12-19T10:49:00.908645Z","level":"info","event":"Formatting title: National Lampoons European Vacation","logger":"root","filename":"new_tropes_dag.py","lineno":66}
{"timestamp":"2025-12-19T10:49:00.908668Z","level":"info","event":"Formatting title: National Lampoons Vacation","logger":"root","filename":"new_tropes_dag.py","lineno":66}
{"timestamp":"2025-12-19T10:49:00.908700Z","level":"info","event":"Formatting title: National Treasure","logger":"root","filename":"new_tropes_dag.py","lineno":66}
{"timestamp":"2025-12-19T10:49:00.908723Z","level":"info","event":"Formatting title: Natural Born Killers","logger":"root","filename":"new_tropes_dag.py","lineno":66}
{"timestamp":"2025-12-19T10:49:00.908747Z","level":"info","event":"Formatting title: Near Dark","logger":"root","filename":"new_tropes_dag.py","lineno":66}
{"timestamp":"2025-12-19T10:49:00.908771Z","level":"info","event":"Formatting title: Nebraska","logger":"root","filename":"new_tropes_dag.py","lineno":66}
{"timestamp":"2025-12-19T10:49:00.908795Z","level":"info","event":"Formatting title: Nell","logger":"root","filename":"new_tropes_dag.py","lineno":66}
{"timestamp":"2025-12-19T10:49:00.908818Z","level":"info","event":"Formatting title: Network","logger":"root","filename":"new_tropes_dag.py","lineno":66}
{"timestamp":"2025-12-19T10:49:00.908841Z","level":"info","event":"Formatting title: Never Been Kissed","logger":"root","filename":"new_tropes_dag.py","lineno":66}
{"timestamp":"2025-12-19T10:49:00.908865Z","level":"info","event":"Formatting title: Never Look Away","logger":"root","filename":"new_tropes_dag.py","lineno":66}
{"timestamp":"2025-12-19T10:49:00.908889Z","level":"info","event":"Formatting title: Never Rarely Sometimes Always","logger":"root","filename":"new_tropes_dag.py","lineno":66}
{"timestamp":"2025-12-19T10:49:00.908913Z","level":"info","event":"Formatting title: Neverending Story The","logger":"root","filename":"new_tropes_dag.py","lineno":66}
{"timestamp":"2025-12-19T10:49:00.908939Z","level":"info","event":"Formatting title: New Jack City","logger":"root","filename":"new_tropes_dag.py","lineno":66}
{"timestamp":"2025-12-19T10:49:00.908963Z","level":"info","event":"Formatting title: New York Minute","logger":"root","filename":"new_tropes_dag.py","lineno":66}
{"timestamp":"2025-12-19T10:49:00.908986Z","level":"info","event":"Formatting title: Newsies","logger":"root","filename":"new_tropes_dag.py","lineno":66}
{"timestamp":"2025-12-19T10:49:00.909011Z","level":"info","event":"Formatting title: Next","logger":"root","filename":"new_tropes_dag.py","lineno":66}
{"timestamp":"2025-12-19T10:49:00.909087Z","level":"info","event":"Formatting title: Next Friday","logger":"root","filename":"new_tropes_dag.py","lineno":66}
{"timestamp":"2025-12-19T10:49:00.909122Z","level":"info","event":"Formatting title: Next Three Days The","logger":"root","filename":"new_tropes_dag.py","lineno":66}
{"timestamp":"2025-12-19T10:49:00.909149Z","level":"info","event":"Formatting title: Ni Vu Ni Connu","logger":"root","filename":"new_tropes_dag.py","lineno":66}
{"timestamp":"2025-12-19T10:49:00.909176Z","level":"info","event":"Formatting title: Nick And Norahs Infinite Playlist","logger":"root","filename":"new_tropes_dag.py","lineno":66}
{"timestamp":"2025-12-19T10:49:00.909203Z","level":"info","event":"Formatting title: Nick Of Time","logger":"root","filename":"new_tropes_dag.py","lineno":66}
{"timestamp":"2025-12-19T10:49:00.909249Z","level":"info","event":"Formatting title: Nickel Boys","logger":"root","filename":"new_tropes_dag.py","lineno":66}
{"timestamp":"2025-12-19T10:49:00.909284Z","level":"info","event":"Formatting title: Night Nurse","logger":"root","filename":"new_tropes_dag.py","lineno":66}
{"timestamp":"2025-12-19T10:49:00.909312Z","level":"info","event":"Formatting title: Night Of The Demons","logger":"root","filename":"new_tropes_dag.py","lineno":66}
{"timestamp":"2025-12-19T10:49:00.909340Z","level":"info","event":"Formatting title: Night Of The Living Dead","logger":"root","filename":"new_tropes_dag.py","lineno":66}
{"timestamp":"2025-12-19T10:49:00.909367Z","level":"info","event":"Formatting title: Night Time (the Poltergeist Treatment)","logger":"root","filename":"new_tropes_dag.py","lineno":66}
{"timestamp":"2025-12-19T10:49:00.909400Z","level":"info","event":"Formatting title: Nightbitch","logger":"root","filename":"new_tropes_dag.py","lineno":66}
{"timestamp":"2025-12-19T10:49:00.909428Z","level":"info","event":"Formatting title: Nightbreed","logger":"root","filename":"new_tropes_dag.py","lineno":66}
{"timestamp":"2025-12-19T10:49:00.909454Z","level":"info","event":"Formatting title: Nightcrawler","logger":"root","filename":"new_tropes_dag.py","lineno":66}
{"timestamp":"2025-12-19T10:49:00.909479Z","level":"info","event":"Formatting title: Nightmare Alley","logger":"root","filename":"new_tropes_dag.py","lineno":66}
{"timestamp":"2025-12-19T10:49:00.909504Z","level":"info","event":"Formatting title: Nightmare Before Christmas The","logger":"root","filename":"new_tropes_dag.py","lineno":66}
{"timestamp":"2025-12-19T10:49:00.909530Z","level":"info","event":"Formatting title: Nightmare Before Christmas The","logger":"root","filename":"new_tropes_dag.py","lineno":66}
{"timestamp":"2025-12-19T10:49:00.909555Z","level":"info","event":"Formatting title: Nightmare On Elm Street A","logger":"root","filename":"new_tropes_dag.py","lineno":66}
{"timestamp":"2025-12-19T10:49:00.909580Z","level":"info","event":"Formatting title: Nightmare On Elm Street The Final Chapter","logger":"root","filename":"new_tropes_dag.py","lineno":66}
{"timestamp":"2025-12-19T10:49:00.909605Z","level":"info","event":"Formatting title: Nine","logger":"root","filename":"new_tropes_dag.py","lineno":66}
{"timestamp":"2025-12-19T10:49:00.909630Z","level":"info","event":"Formatting title: Nine Days","logger":"root","filename":"new_tropes_dag.py","lineno":66}
{"timestamp":"2025-12-19T10:49:00.909655Z","level":"info","event":"Formatting title: Nines The","logger":"root","filename":"new_tropes_dag.py","lineno":66}
{"timestamp":"2025-12-19T10:49:00.909684Z","level":"info","event":"Formatting title: Ninja Assassin","logger":"root","filename":"new_tropes_dag.py","lineno":66}
{"timestamp":"2025-12-19T10:49:00.909710Z","level":"info","event":"Formatting title: Ninotchka","logger":"root","filename":"new_tropes_dag.py","lineno":66}
{"timestamp":"2025-12-19T10:49:00.909736Z","level":"info","event":"Formatting title: Ninth Gate The","logger":"root","filename":"new_tropes_dag.py","lineno":66}
{"timestamp":"2025-12-19T10:49:00.909760Z","level":"info","event":"Formatting title: Nixon","logger":"root","filename":"new_tropes_dag.py","lineno":66}
{"timestamp":"2025-12-19T10:49:00.909785Z","level":"info","event":"Formatting title: No Country For Old Men","logger":"root","filename":"new_tropes_dag.py","lineno":66}
{"timestamp":"2025-12-19T10:49:00.909809Z","level":"info","event":"Formatting title: No Hard Feelings","logger":"root","filename":"new_tropes_dag.py","lineno":66}
{"timestamp":"2025-12-19T10:49:00.909833Z","level":"info","event":"Formatting title: No One Will Save You","logger":"root","filename":"new_tropes_dag.py","lineno":66}
{"timestamp":"2025-12-19T10:49:00.909857Z","level":"info","event":"Formatting title: No Strings Attached","logger":"root","filename":"new_tropes_dag.py","lineno":66}
{"timestamp":"2025-12-19T10:49:00.909881Z","level":"info","event":"Formatting title: No Time To Die","logger":"root","filename":"new_tropes_dag.py","lineno":66}
{"timestamp":"2025-12-19T10:49:00.909906Z","level":"info","event":"Formatting title: Nocturnal Animals","logger":"root","filename":"new_tropes_dag.py","lineno":66}
{"timestamp":"2025-12-19T10:49:00.909931Z","level":"info","event":"Formatting title: Nomadland","logger":"root","filename":"new_tropes_dag.py","lineno":66}
{"timestamp":"2025-12-19T10:49:00.909970Z","level":"info","event":"Formatting title: Nope","logger":"root","filename":"new_tropes_dag.py","lineno":66}
{"timestamp":"2025-12-19T10:49:00.910005Z","level":"info","event":"Formatting title: Norma Rae","logger":"root","filename":"new_tropes_dag.py","lineno":66}
{"timestamp":"2025-12-19T10:49:00.910034Z","level":"info","event":"Formatting title: North By Northwest","logger":"root","filename":"new_tropes_dag.py","lineno":66}
{"timestamp":"2025-12-19T10:49:00.910063Z","level":"info","event":"Formatting title: Nosferatu","logger":"root","filename":"new_tropes_dag.py","lineno":66}
{"timestamp":"2025-12-19T10:49:00.910090Z","level":"info","event":"Formatting title: Not Easily Broken","logger":"root","filename":"new_tropes_dag.py","lineno":66}
{"timestamp":"2025-12-19T10:49:00.910116Z","level":"info","event":"Formatting title: Notorious","logger":"root","filename":"new_tropes_dag.py","lineno":66}
{"timestamp":"2025-12-19T10:49:00.910141Z","level":"info","event":"Formatting title: Notting Hill","logger":"root","filename":"new_tropes_dag.py","lineno":66}
{"timestamp":"2025-12-19T10:49:00.910166Z","level":"info","event":"Formatting title: Now You See Me","logger":"root","filename":"new_tropes_dag.py","lineno":66}
{"timestamp":"2025-12-19T10:49:00.910191Z","level":"info","event":"Formatting title: Nowhere Boy","logger":"root","filename":"new_tropes_dag.py","lineno":66}
{"timestamp":"2025-12-19T10:49:00.910216Z","level":"info","event":"Formatting title: Nurse Betty","logger":"root","filename":"new_tropes_dag.py","lineno":66}
{"timestamp":"2025-12-19T10:49:00.910242Z","level":"info","event":"Formatting title: O Brother Where Art Thou","logger":"root","filename":"new_tropes_dag.py","lineno":66}
{"timestamp":"2025-12-19T10:49:00.910268Z","level":"info","event":"Formatting title: Oblivion","logger":"root","filename":"new_tropes_dag.py","lineno":66}
{"timestamp":"2025-12-19T10:49:00.910293Z","level":"info","event":"Formatting title: Observe And Report","logger":"root","filename":"new_tropes_dag.py","lineno":66}
{"timestamp":"2025-12-19T10:49:00.910317Z","level":"info","event":"Formatting title: Obsessed","logger":"root","filename":"new_tropes_dag.py","lineno":66}
{"timestamp":"2025-12-19T10:49:00.910342Z","level":"info","event":"Formatting title: Oceans 8","logger":"root","filename":"new_tropes_dag.py","lineno":66}
{"timestamp":"2025-12-19T10:49:00.910368Z","level":"info","event":"Formatting title: Oceans Eleven","logger":"root","filename":"new_tropes_dag.py","lineno":66}
{"timestamp":"2025-12-19T10:49:00.910394Z","level":"info","event":"Formatting title: Oceans Twelve","logger":"root","filename":"new_tropes_dag.py","lineno":66}
{"timestamp":"2025-12-19T10:49:00.910419Z","level":"info","event":"Formatting title: Octopussy","logger":"root","filename":"new_tropes_dag.py","lineno":66}
{"timestamp":"2025-12-19T10:49:00.910446Z","level":"info","event":"Formatting title: Oculus","logger":"root","filename":"new_tropes_dag.py","lineno":66}
{"timestamp":"2025-12-19T10:49:00.910471Z","level":"info","event":"Formatting title: Office Space","logger":"root","filename":"new_tropes_dag.py","lineno":66}
{"timestamp":"2025-12-19T10:49:00.910496Z","level":"info","event":"Formatting title: Officer And A Gentleman An","logger":"root","filename":"new_tropes_dag.py","lineno":66}
{"timestamp":"2025-12-19T10:49:00.910520Z","level":"info","event":"Formatting title: Okja","logger":"root","filename":"new_tropes_dag.py","lineno":66}
{"timestamp":"2025-12-19T10:49:00.910544Z","level":"info","event":"Formatting title: Olympus Has Fallen","logger":"root","filename":"new_tropes_dag.py","lineno":66}
{"timestamp":"2025-12-19T10:49:00.910569Z","level":"info","event":"Formatting title: Omega Man","logger":"root","filename":"new_tropes_dag.py","lineno":66}
{"timestamp":"2025-12-19T10:49:00.910592Z","level":"info","event":"Formatting title: On The Basis Of Sex","logger":"root","filename":"new_tropes_dag.py","lineno":66}
{"timestamp":"2025-12-19T10:49:00.910617Z","level":"info","event":"Formatting title: Once Upon A Time In America","logger":"root","filename":"new_tropes_dag.py","lineno":66}
{"timestamp":"2025-12-19T10:49:00.910641Z","level":"info","event":"Formatting title: Once Upon A Time In Mexico","logger":"root","filename":"new_tropes_dag.py","lineno":66}
{"timestamp":"2025-12-19T10:49:00.910665Z","level":"info","event":"Formatting title: One Eight Seven","logger":"root","filename":"new_tropes_dag.py","lineno":66}
{"timestamp":"2025-12-19T10:49:00.910689Z","level":"info","event":"Formatting title: One Flew Over The Cuckoos Nest","logger":"root","filename":"new_tropes_dag.py","lineno":66}
{"timestamp":"2025-12-19T10:49:00.910714Z","level":"info","event":"Formatting title: One Night In Miami","logger":"root","filename":"new_tropes_dag.py","lineno":66}
{"timestamp":"2025-12-19T10:49:00.910739Z","level":"info","event":"Formatting title: Only God Forgives","logger":"root","filename":"new_tropes_dag.py","lineno":66}
{"timestamp":"2025-12-19T10:49:00.910762Z","level":"info","event":"Formatting title: Only Lovers Left Alive","logger":"root","filename":"new_tropes_dag.py","lineno":66}
{"timestamp":"2025-12-19T10:49:00.910786Z","level":"info","event":"Formatting title: Only The Brave","logger":"root","filename":"new_tropes_dag.py","lineno":66}
{"timestamp":"2025-12-19T10:49:00.910810Z","level":"info","event":"Formatting title: Onward","logger":"root","filename":"new_tropes_dag.py","lineno":66}
{"timestamp":"2025-12-19T10:49:00.910834Z","level":"info","event":"Formatting title: Oppenheimer","logger":"root","filename":"new_tropes_dag.py","lineno":66}
{"timestamp":"2025-12-19T10:49:00.910858Z","level":"info","event":"Formatting title: Ordinary People","logger":"root","filename":"new_tropes_dag.py","lineno":66}
{"timestamp":"2025-12-19T10:49:00.910882Z","level":"info","event":"Formatting title: Orgy Of The Dead","logger":"root","filename":"new_tropes_dag.py","lineno":66}
{"timestamp":"2025-12-19T10:49:00.910906Z","level":"info","event":"Formatting title: Origin","logger":"root","filename":"new_tropes_dag.py","lineno":66}
{"timestamp":"2025-12-19T10:49:00.910930Z","level":"info","event":"Formatting title: Orphan","logger":"root","filename":"new_tropes_dag.py","lineno":66}
{"timestamp":"2025-12-19T10:49:00.910954Z","level":"info","event":"Formatting title: Other Boleyn Girl The","logger":"root","filename":"new_tropes_dag.py","lineno":66}
{"timestamp":"2025-12-19T10:49:00.910978Z","level":"info","event":"Formatting title: Ouija","logger":"root","filename":"new_tropes_dag.py","lineno":66}
{"timestamp":"2025-12-19T10:49:00.911002Z","level":"info","event":"Formatting title: Out Of Africa","logger":"root","filename":"new_tropes_dag.py","lineno":66}
{"timestamp":"2025-12-19T10:49:00.911026Z","level":"info","event":"Formatting title: Out Of Sight","logger":"root","filename":"new_tropes_dag.py","lineno":66}
{"timestamp":"2025-12-19T10:49:00.911049Z","level":"info","event":"Formatting title: Outbreak","logger":"root","filename":"new_tropes_dag.py","lineno":66}
{"timestamp":"2025-12-19T10:49:00.911073Z","level":"info","event":"Formatting title: Outlaw King","logger":"root","filename":"new_tropes_dag.py","lineno":66}
{"timestamp":"2025-12-19T10:49:00.911096Z","level":"info","event":"Formatting title: Over The Moon","logger":"root","filename":"new_tropes_dag.py","lineno":66}
{"timestamp":"2025-12-19T10:49:00.911120Z","level":"info","event":"Formatting title: Overboard","logger":"root","filename":"new_tropes_dag.py","lineno":66}
{"timestamp":"2025-12-19T10:49:00.911143Z","level":"info","event":"Formatting title: Overboard","logger":"root","filename":"new_tropes_dag.py","lineno":66}
{"timestamp":"2025-12-19T10:49:00.911167Z","level":"info","event":"Formatting title: Overlord","logger":"root","filename":"new_tropes_dag.py","lineno":66}
{"timestamp":"2025-12-19T10:49:00.911191Z","level":"info","event":"Formatting title: Pacific Rim","logger":"root","filename":"new_tropes_dag.py","lineno":66}
{"timestamp":"2025-12-19T10:49:00.911216Z","level":"info","event":"Formatting title: Pacifier The","logger":"root","filename":"new_tropes_dag.py","lineno":66}
{"timestamp":"2025-12-19T10:49:00.911264Z","level":"info","event":"Formatting title: Paddington 2","logger":"root","filename":"new_tropes_dag.py","lineno":66}
{"timestamp":"2025-12-19T10:49:00.911296Z","level":"info","event":"Formatting title: Pain And Glory","logger":"root","filename":"new_tropes_dag.py","lineno":66}
{"timestamp":"2025-12-19T10:49:00.911324Z","level":"info","event":"Formatting title: Palm Springs","logger":"root","filename":"new_tropes_dag.py","lineno":66}
{"timestamp":"2025-12-19T10:49:00.911351Z","level":"info","event":"Formatting title: Pandorum","logger":"root","filename":"new_tropes_dag.py","lineno":66}
{"timestamp":"2025-12-19T10:49:00.911377Z","level":"info","event":"Formatting title: Panic Room","logger":"root","filename":"new_tropes_dag.py","lineno":66}
{"timestamp":"2025-12-19T10:49:00.911402Z","level":"info","event":"Formatting title: Pans Labyrinth","logger":"root","filename":"new_tropes_dag.py","lineno":66}
{"timestamp":"2025-12-19T10:49:00.911428Z","level":"info","event":"Formatting title: Papadopoulos & Sons","logger":"root","filename":"new_tropes_dag.py","lineno":66}
{"timestamp":"2025-12-19T10:49:00.911452Z","level":"info","event":"Formatting title: Paper Moon","logger":"root","filename":"new_tropes_dag.py","lineno":66}
{"timestamp":"2025-12-19T10:49:00.911477Z","level":"info","event":"Formatting title: Papillon","logger":"root","filename":"new_tropes_dag.py","lineno":66}
{"timestamp":"2025-12-19T10:49:00.911501Z","level":"info","event":"Formatting title: Paradise","logger":"root","filename":"new_tropes_dag.py","lineno":66}
{"timestamp":"2025-12-19T10:49:00.911525Z","level":"info","event":"Formatting title: Parallel Mothers","logger":"root","filename":"new_tropes_dag.py","lineno":66}
{"timestamp":"2025-12-19T10:49:00.911550Z","level":"info","event":"Formatting title: Paranorman","logger":"root","filename":"new_tropes_dag.py","lineno":66}
{"timestamp":"2025-12-19T10:49:00.911576Z","level":"info","event":"Formatting title: Parasite","logger":"root","filename":"new_tropes_dag.py","lineno":66}
{"timestamp":"2025-12-19T10:49:00.911601Z","level":"info","event":"Formatting title: Pariah","logger":"root","filename":"new_tropes_dag.py","lineno":66}
{"timestamp":"2025-12-19T10:49:00.911626Z","level":"info","event":"Formatting title: Passengers","logger":"root","filename":"new_tropes_dag.py","lineno":66}
{"timestamp":"2025-12-19T10:49:00.911650Z","level":"info","event":"Formatting title: Passing","logger":"root","filename":"new_tropes_dag.py","lineno":66}
{"timestamp":"2025-12-19T10:49:00.911675Z","level":"info","event":"Formatting title: Passion Of Joan Of Arc The","logger":"root","filename":"new_tropes_dag.py","lineno":66}
{"timestamp":"2025-12-19T10:49:00.911701Z","level":"info","event":"Formatting title: Past Lives","logger":"root","filename":"new_tropes_dag.py","lineno":66}
{"timestamp":"2025-12-19T10:49:00.911726Z","level":"info","event":"Formatting title: Patriot The","logger":"root","filename":"new_tropes_dag.py","lineno":66}
{"timestamp":"2025-12-19T10:49:00.911750Z","level":"info","event":"Formatting title: Paul","logger":"root","filename":"new_tropes_dag.py","lineno":66}
{"timestamp":"2025-12-19T10:49:00.911774Z","level":"info","event":"Formatting title: Pawn Sacrifice","logger":"root","filename":"new_tropes_dag.py","lineno":66}
{"timestamp":"2025-12-19T10:49:00.911799Z","level":"info","event":"Formatting title: Pearl Harbor","logger":"root","filename":"new_tropes_dag.py","lineno":66}
{"timestamp":"2025-12-19T10:49:00.911823Z","level":"info","event":"Formatting title: Peeping Tom","logger":"root","filename":"new_tropes_dag.py","lineno":66}
{"timestamp":"2025-12-19T10:49:00.911848Z","level":"info","event":"Formatting title: Peggy Sue Got Married","logger":"root","filename":"new_tropes_dag.py","lineno":66}
{"timestamp":"2025-12-19T10:49:00.911872Z","level":"info","event":"Formatting title: Perfect Creature","logger":"root","filename":"new_tropes_dag.py","lineno":66}
{"timestamp":"2025-12-19T10:49:00.911897Z","level":"info","event":"Formatting title: Perfect World A","logger":"root","filename":"new_tropes_dag.py","lineno":66}
{"timestamp":"2025-12-19T10:49:00.911920Z","level":"info","event":"Formatting title: Perks Of Being A Wallflower The","logger":"root","filename":"new_tropes_dag.py","lineno":66}
{"timestamp":"2025-12-19T10:49:00.911944Z","level":"info","event":"Formatting title: Persian Version The","logger":"root","filename":"new_tropes_dag.py","lineno":66}
{"timestamp":"2025-12-19T10:49:00.911968Z","level":"info","event":"Formatting title: Personal Best","logger":"root","filename":"new_tropes_dag.py","lineno":66}
{"timestamp":"2025-12-19T10:49:00.911991Z","level":"info","event":"Formatting title: Pet Sematary","logger":"root","filename":"new_tropes_dag.py","lineno":66}
{"timestamp":"2025-12-19T10:49:00.912015Z","level":"info","event":"Formatting title: Pet Sematary 2","logger":"root","filename":"new_tropes_dag.py","lineno":66}
{"timestamp":"2025-12-19T10:49:00.912043Z","level":"info","event":"Formatting title: Petulia","logger":"root","filename":"new_tropes_dag.py","lineno":66}
{"timestamp":"2025-12-19T10:49:00.912067Z","level":"info","event":"Formatting title: Phantom Of The Opera","logger":"root","filename":"new_tropes_dag.py","lineno":66}
{"timestamp":"2025-12-19T10:49:00.912091Z","level":"info","event":"Formatting title: Phantom Thread","logger":"root","filename":"new_tropes_dag.py","lineno":66}
{"timestamp":"2025-12-19T10:49:00.912115Z","level":"info","event":"Formatting title: Philadelphia","logger":"root","filename":"new_tropes_dag.py","lineno":66}
{"timestamp":"2025-12-19T10:49:00.912143Z","level":"info","event":"Formatting title: Phone Booth","logger":"root","filename":"new_tropes_dag.py","lineno":66}
{"timestamp":"2025-12-19T10:49:00.912167Z","level":"info","event":"Formatting title: Pi","logger":"root","filename":"new_tropes_dag.py","lineno":66}
{"timestamp":"2025-12-19T10:49:00.912193Z","level":"info","event":"Formatting title: Pianist The","logger":"root","filename":"new_tropes_dag.py","lineno":66}
{"timestamp":"2025-12-19T10:49:00.912217Z","level":"info","event":"Formatting title: Piano The","logger":"root","filename":"new_tropes_dag.py","lineno":66}
{"timestamp":"2025-12-19T10:49:00.912241Z","level":"info","event":"Formatting title: Picnic At Hanging Rock","logger":"root","filename":"new_tropes_dag.py","lineno":66}
{"timestamp":"2025-12-19T10:49:00.912265Z","level":"info","event":"Formatting title: Pineapple Express","logger":"root","filename":"new_tropes_dag.py","lineno":66}
{"timestamp":"2025-12-19T10:49:00.912289Z","level":"info","event":"Formatting title: Pirates Of The Caribbean","logger":"root","filename":"new_tropes_dag.py","lineno":66}
{"timestamp":"2025-12-19T10:49:00.912314Z","level":"info","event":"Formatting title: Pirates Of The Caribbean At Worlds End","logger":"root","filename":"new_tropes_dag.py","lineno":66}
{"timestamp":"2025-12-19T10:49:00.912338Z","level":"info","event":"Formatting title: Pirates Of The Caribbean Dead Mans Chest","logger":"root","filename":"new_tropes_dag.py","lineno":66}
{"timestamp":"2025-12-19T10:49:00.912362Z","level":"info","event":"Formatting title: Pirates Of The Caribbean Dead Men Tell No Tales","logger":"root","filename":"new_tropes_dag.py","lineno":66}
{"timestamp":"2025-12-19T10:49:00.912386Z","level":"info","event":"Formatting title: Pirates Of The Caribbean On Stranger Tides","logger":"root","filename":"new_tropes_dag.py","lineno":66}
{"timestamp":"2025-12-19T10:49:00.912410Z","level":"info","event":"Formatting title: Pirates Of The Caribbean The Curse Of The Black Pearl","logger":"root","filename":"new_tropes_dag.py","lineno":66}
{"timestamp":"2025-12-19T10:49:00.912434Z","level":"info","event":"Formatting title: Pitch Black","logger":"root","filename":"new_tropes_dag.py","lineno":66}
{"timestamp":"2025-12-19T10:49:00.912465Z","level":"info","event":"Formatting title: Pitch Perfect","logger":"root","filename":"new_tropes_dag.py","lineno":66}
{"timestamp":"2025-12-19T10:49:00.912489Z","level":"info","event":"Formatting title: Pitch Perfect 2","logger":"root","filename":"new_tropes_dag.py","lineno":66}
{"timestamp":"2025-12-19T10:49:00.912514Z","level":"info","event":"Formatting title: Pixels","logger":"root","filename":"new_tropes_dag.py","lineno":66}
{"timestamp":"2025-12-19T10:49:00.912538Z","level":"info","event":"Formatting title: Planes Trains & Automobiles","logger":"root","filename":"new_tropes_dag.py","lineno":66}
{"timestamp":"2025-12-19T10:49:00.912563Z","level":"info","event":"Formatting title: Planet Of The Apes","logger":"root","filename":"new_tropes_dag.py","lineno":66}
{"timestamp":"2025-12-19T10:49:00.969802Z","level":"info","event":"Formatting title: Planet Of The Apes The","logger":"root","filename":"new_tropes_dag.py","lineno":66}
{"timestamp":"2025-12-19T10:49:00.969910Z","level":"info","event":"Formatting title: Platinum Blonde","logger":"root","filename":"new_tropes_dag.py","lineno":66}
{"timestamp":"2025-12-19T10:49:00.969947Z","level":"info","event":"Formatting title: Platoon","logger":"root","filename":"new_tropes_dag.py","lineno":66}
{"timestamp":"2025-12-19T10:49:00.969977Z","level":"info","event":"Formatting title: Pleasantville","logger":"root","filename":"new_tropes_dag.py","lineno":66}
{"timestamp":"2025-12-19T10:49:00.970005Z","level":"info","event":"Formatting title: Please Give","logger":"root","filename":"new_tropes_dag.py","lineno":66}
{"timestamp":"2025-12-19T10:49:00.970032Z","level":"info","event":"Formatting title: Poetic Justice","logger":"root","filename":"new_tropes_dag.py","lineno":66}
{"timestamp":"2025-12-19T10:49:00.970059Z","level":"info","event":"Formatting title: Point Break","logger":"root","filename":"new_tropes_dag.py","lineno":66}
{"timestamp":"2025-12-19T10:49:00.970084Z","level":"info","event":"Formatting title: Pokemon Mewtwo Returns","logger":"root","filename":"new_tropes_dag.py","lineno":66}
{"timestamp":"2025-12-19T10:49:00.970110Z","level":"info","event":"Formatting title: Police Academy","logger":"root","filename":"new_tropes_dag.py","lineno":66}
{"timestamp":"2025-12-19T10:49:00.970136Z","level":"info","event":"Formatting title: Police Academy 2 Their First Assignment","logger":"root","filename":"new_tropes_dag.py","lineno":66}
{"timestamp":"2025-12-19T10:49:00.970161Z","level":"info","event":"Formatting title: Police Academy 3 Back In Training","logger":"root","filename":"new_tropes_dag.py","lineno":66}
{"timestamp":"2025-12-19T10:49:00.970186Z","level":"info","event":"Formatting title: Poltergeist","logger":"root","filename":"new_tropes_dag.py","lineno":66}
{"timestamp":"2025-12-19T10:49:00.970212Z","level":"info","event":"Formatting title: Poor Things","logger":"root","filename":"new_tropes_dag.py","lineno":66}
{"timestamp":"2025-12-19T10:49:00.970237Z","level":"info","event":"Formatting title: Popstar Never Stop Never Stopping","logger":"root","filename":"new_tropes_dag.py","lineno":66}
{"timestamp":"2025-12-19T10:49:00.970265Z","level":"info","event":"Formatting title: Porkys","logger":"root","filename":"new_tropes_dag.py","lineno":66}
{"timestamp":"2025-12-19T10:49:00.970291Z","level":"info","event":"Formatting title: Porkys Revenge","logger":"root","filename":"new_tropes_dag.py","lineno":66}
{"timestamp":"2025-12-19T10:49:00.970317Z","level":"info","event":"Formatting title: Postcards From The Edge","logger":"root","filename":"new_tropes_dag.py","lineno":66}
{"timestamp":"2025-12-19T10:49:00.970342Z","level":"info","event":"Formatting title: Postman The","logger":"root","filename":"new_tropes_dag.py","lineno":66}
{"timestamp":"2025-12-19T10:49:00.970367Z","level":"info","event":"Formatting title: Power Of One The","logger":"root","filename":"new_tropes_dag.py","lineno":66}
{"timestamp":"2025-12-19T10:49:00.970394Z","level":"info","event":"Formatting title: Precious","logger":"root","filename":"new_tropes_dag.py","lineno":66}
{"timestamp":"2025-12-19T10:49:00.970419Z","level":"info","event":"Formatting title: Predator","logger":"root","filename":"new_tropes_dag.py","lineno":66}
{"timestamp":"2025-12-19T10:49:00.970444Z","level":"info","event":"Formatting title: Predator 2","logger":"root","filename":"new_tropes_dag.py","lineno":66}
{"timestamp":"2025-12-19T10:49:00.970468Z","level":"info","event":"Formatting title: Predators","logger":"root","filename":"new_tropes_dag.py","lineno":66}
{"timestamp":"2025-12-19T10:49:00.970493Z","level":"info","event":"Formatting title: Prestige The","logger":"root","filename":"new_tropes_dag.py","lineno":66}
{"timestamp":"2025-12-19T10:49:00.970518Z","level":"info","event":"Formatting title: Pretty Woman","logger":"root","filename":"new_tropes_dag.py","lineno":66}
{"timestamp":"2025-12-19T10:49:00.970543Z","level":"info","event":"Formatting title: Pretty Woman (final Script)","logger":"root","filename":"new_tropes_dag.py","lineno":66}
{"timestamp":"2025-12-19T10:49:00.970569Z","level":"info","event":"Formatting title: Prey","logger":"root","filename":"new_tropes_dag.py","lineno":66}
{"timestamp":"2025-12-19T10:49:00.970593Z","level":"info","event":"Formatting title: Pride And Prejudice","logger":"root","filename":"new_tropes_dag.py","lineno":66}
{"timestamp":"2025-12-19T10:49:00.970617Z","level":"info","event":"Formatting title: Priest","logger":"root","filename":"new_tropes_dag.py","lineno":66}
{"timestamp":"2025-12-19T10:49:00.970642Z","level":"info","event":"Formatting title: Primary Colors","logger":"root","filename":"new_tropes_dag.py","lineno":66}
{"timestamp":"2025-12-19T10:49:00.970667Z","level":"info","event":"Formatting title: Prince Of Darkness","logger":"root","filename":"new_tropes_dag.py","lineno":66}
{"timestamp":"2025-12-19T10:49:00.970692Z","level":"info","event":"Formatting title: Princess Bride The","logger":"root","filename":"new_tropes_dag.py","lineno":66}
{"timestamp":"2025-12-19T10:49:00.970716Z","level":"info","event":"Formatting title: Priscilla","logger":"root","filename":"new_tropes_dag.py","lineno":66}
{"timestamp":"2025-12-19T10:49:00.970740Z","level":"info","event":"Formatting title: Prisoners","logger":"root","filename":"new_tropes_dag.py","lineno":66}
{"timestamp":"2025-12-19T10:49:00.970764Z","level":"info","event":"Formatting title: Private Life","logger":"root","filename":"new_tropes_dag.py","lineno":66}
{"timestamp":"2025-12-19T10:49:00.970789Z","level":"info","event":"Formatting title: Private Life Of Sherlock Holmes The","logger":"root","filename":"new_tropes_dag.py","lineno":66}
{"timestamp":"2025-12-19T10:49:00.970813Z","level":"info","event":"Formatting title: Producer The","logger":"root","filename":"new_tropes_dag.py","lineno":66}
{"timestamp":"2025-12-19T10:49:00.970837Z","level":"info","event":"Formatting title: Program The","logger":"root","filename":"new_tropes_dag.py","lineno":66}
{"timestamp":"2025-12-19T10:49:00.970861Z","level":"info","event":"Formatting title: Prom Night","logger":"root","filename":"new_tropes_dag.py","lineno":66}
{"timestamp":"2025-12-19T10:49:00.970886Z","level":"info","event":"Formatting title: Prometheus","logger":"root","filename":"new_tropes_dag.py","lineno":66}
{"timestamp":"2025-12-19T10:49:00.970910Z","level":"info","event":"Formatting title: Promising Young Woman","logger":"root","filename":"new_tropes_dag.py","lineno":66}
{"timestamp":"2025-12-19T10:49:00.970934Z","level":"info","event":"Formatting title: Proof Of Life","logger":"root","filename":"new_tropes_dag.py","lineno":66}
{"timestamp":"2025-12-19T10:49:00.970958Z","level":"info","event":"Formatting title: Prophecy The","logger":"root","filename":"new_tropes_dag.py","lineno":66}
{"timestamp":"2025-12-19T10:49:00.970982Z","level":"info","event":"Formatting title: Prophetess","logger":"root","filename":"new_tropes_dag.py","lineno":66}
{"timestamp":"2025-12-19T10:49:00.971005Z","level":"info","event":"Formatting title: Proposal The","logger":"root","filename":"new_tropes_dag.py","lineno":66}
{"timestamp":"2025-12-19T10:49:00.971028Z","level":"info","event":"Formatting title: Psycho","logger":"root","filename":"new_tropes_dag.py","lineno":66}
{"timestamp":"2025-12-19T10:49:00.971052Z","level":"info","event":"Formatting title: Public Enemies","logger":"root","filename":"new_tropes_dag.py","lineno":66}
{"timestamp":"2025-12-19T10:49:00.971076Z","level":"info","event":"Formatting title: Pulp Fiction","logger":"root","filename":"new_tropes_dag.py","lineno":66}
{"timestamp":"2025-12-19T10:49:00.971099Z","level":"info","event":"Formatting title: Punch Drunk Love","logger":"root","filename":"new_tropes_dag.py","lineno":66}
{"timestamp":"2025-12-19T10:49:00.971122Z","level":"info","event":"Formatting title: Purple Rain","logger":"root","filename":"new_tropes_dag.py","lineno":66}
{"timestamp":"2025-12-19T10:49:00.971146Z","level":"info","event":"Formatting title: Puss In Boots The Last Wish","logger":"root","filename":"new_tropes_dag.py","lineno":66}
{"timestamp":"2025-12-19T10:49:00.971170Z","level":"info","event":"Formatting title: Puzzle","logger":"root","filename":"new_tropes_dag.py","lineno":66}
{"timestamp":"2025-12-19T10:49:00.971192Z","level":"info","event":"Formatting title: Quantum Project","logger":"root","filename":"new_tropes_dag.py","lineno":66}
{"timestamp":"2025-12-19T10:49:00.971214Z","level":"info","event":"Formatting title: Queen & Slim","logger":"root","filename":"new_tropes_dag.py","lineno":66}
{"timestamp":"2025-12-19T10:49:00.971238Z","level":"info","event":"Formatting title: Queen Of The Damned","logger":"root","filename":"new_tropes_dag.py","lineno":66}
{"timestamp":"2025-12-19T10:49:00.971261Z","level":"info","event":"Formatting title: Queen The","logger":"root","filename":"new_tropes_dag.py","lineno":66}
{"timestamp":"2025-12-19T10:49:00.971284Z","level":"info","event":"Formatting title: Quiz Lady","logger":"root","filename":"new_tropes_dag.py","lineno":66}
{"timestamp":"2025-12-19T10:49:00.971307Z","level":"info","event":"Formatting title: Quiz Show","logger":"root","filename":"new_tropes_dag.py","lineno":66}
{"timestamp":"2025-12-19T10:49:00.971330Z","level":"info","event":"Formatting title: Rachel Getting Married","logger":"root","filename":"new_tropes_dag.py","lineno":66}
{"timestamp":"2025-12-19T10:49:00.971353Z","level":"info","event":"Formatting title: Raging Bull","logger":"root","filename":"new_tropes_dag.py","lineno":66}
{"timestamp":"2025-12-19T10:49:00.971376Z","level":"info","event":"Formatting title: Raiders Of The Lost Ark","logger":"root","filename":"new_tropes_dag.py","lineno":66}
{"timestamp":"2025-12-19T10:49:00.971433Z","level":"info","event":"Formatting title: Raising Arizona","logger":"root","filename":"new_tropes_dag.py","lineno":66}
{"timestamp":"2025-12-19T10:49:00.971464Z","level":"info","event":"Formatting title: Rambling Rose","logger":"root","filename":"new_tropes_dag.py","lineno":66}
{"timestamp":"2025-12-19T10:49:00.971491Z","level":"info","event":"Formatting title: Rambo 3","logger":"root","filename":"new_tropes_dag.py","lineno":66}
{"timestamp":"2025-12-19T10:49:00.971517Z","level":"info","event":"Formatting title: Rambo First Blood 2 The Mission","logger":"root","filename":"new_tropes_dag.py","lineno":66}
{"timestamp":"2025-12-19T10:49:00.971543Z","level":"info","event":"Formatting title: Rambo First Blood Part 2","logger":"root","filename":"new_tropes_dag.py","lineno":66}
{"timestamp":"2025-12-19T10:49:00.971569Z","level":"info","event":"Formatting title: Rango","logger":"root","filename":"new_tropes_dag.py","lineno":66}
{"timestamp":"2025-12-19T10:49:00.971595Z","level":"info","event":"Formatting title: Ratatouille","logger":"root","filename":"new_tropes_dag.py","lineno":66}
{"timestamp":"2025-12-19T10:49:00.971621Z","level":"info","event":"Formatting title: Raya And The Last Dragon","logger":"root","filename":"new_tropes_dag.py","lineno":66}
{"timestamp":"2025-12-19T10:49:00.971645Z","level":"info","event":"Formatting title: Reader The","logger":"root","filename":"new_tropes_dag.py","lineno":66}
{"timestamp":"2025-12-19T10:49:00.971670Z","level":"info","event":"Formatting title: Ready Player One","logger":"root","filename":"new_tropes_dag.py","lineno":66}
{"timestamp":"2025-12-19T10:49:00.971695Z","level":"info","event":"Formatting title: Real Genius","logger":"root","filename":"new_tropes_dag.py","lineno":66}
{"timestamp":"2025-12-19T10:49:00.971720Z","level":"info","event":"Formatting title: Reality Bites","logger":"root","filename":"new_tropes_dag.py","lineno":66}
{"timestamp":"2025-12-19T10:49:00.971757Z","level":"info","event":"Formatting title: Rear Window","logger":"root","filename":"new_tropes_dag.py","lineno":66}
{"timestamp":"2025-12-19T10:49:00.971784Z","level":"info","event":"Formatting title: Rebel Without A Cause","logger":"root","filename":"new_tropes_dag.py","lineno":66}
{"timestamp":"2025-12-19T10:49:00.971808Z","level":"info","event":"Formatting title: Red Dawn","logger":"root","filename":"new_tropes_dag.py","lineno":66}
{"timestamp":"2025-12-19T10:49:00.971834Z","level":"info","event":"Formatting title: Red Dragon","logger":"root","filename":"new_tropes_dag.py","lineno":66}
{"timestamp":"2025-12-19T10:49:00.971858Z","level":"info","event":"Formatting title: Red Eye","logger":"root","filename":"new_tropes_dag.py","lineno":66}
{"timestamp":"2025-12-19T10:49:00.971882Z","level":"info","event":"Formatting title: Red Heat","logger":"root","filename":"new_tropes_dag.py","lineno":66}
{"timestamp":"2025-12-19T10:49:00.971906Z","level":"info","event":"Formatting title: Red One","logger":"root","filename":"new_tropes_dag.py","lineno":66}
{"timestamp":"2025-12-19T10:49:00.971929Z","level":"info","event":"Formatting title: Red Planet","logger":"root","filename":"new_tropes_dag.py","lineno":66}
{"timestamp":"2025-12-19T10:49:00.971954Z","level":"info","event":"Formatting title: Red Riding Hood","logger":"root","filename":"new_tropes_dag.py","lineno":66}
{"timestamp":"2025-12-19T10:49:00.971979Z","level":"info","event":"Formatting title: Red Rocket","logger":"root","filename":"new_tropes_dag.py","lineno":66}
{"timestamp":"2025-12-19T10:49:00.972003Z","level":"info","event":"Formatting title: Red Sparrow","logger":"root","filename":"new_tropes_dag.py","lineno":66}
{"timestamp":"2025-12-19T10:49:00.972028Z","level":"info","event":"Formatting title: Reds","logger":"root","filename":"new_tropes_dag.py","lineno":66}
{"timestamp":"2025-12-19T10:49:00.972053Z","level":"info","event":"Formatting title: Reign Of Fire","logger":"root","filename":"new_tropes_dag.py","lineno":66}
{"timestamp":"2025-12-19T10:49:00.972077Z","level":"info","event":"Formatting title: Reindeer Games","logger":"root","filename":"new_tropes_dag.py","lineno":66}
{"timestamp":"2025-12-19T10:49:00.972102Z","level":"info","event":"Formatting title: Relic The","logger":"root","filename":"new_tropes_dag.py","lineno":66}
{"timestamp":"2025-12-19T10:49:00.972126Z","level":"info","event":"Formatting title: Remember Me","logger":"root","filename":"new_tropes_dag.py","lineno":66}
{"timestamp":"2025-12-19T10:49:00.972150Z","level":"info","event":"Formatting title: Rent","logger":"root","filename":"new_tropes_dag.py","lineno":66}
{"timestamp":"2025-12-19T10:49:00.972174Z","level":"info","event":"Formatting title: Replacements The","logger":"root","filename":"new_tropes_dag.py","lineno":66}
{"timestamp":"2025-12-19T10:49:00.972197Z","level":"info","event":"Formatting title: Repo Man","logger":"root","filename":"new_tropes_dag.py","lineno":66}
{"timestamp":"2025-12-19T10:49:00.972221Z","level":"info","event":"Formatting title: Requiem For A Dream","logger":"root","filename":"new_tropes_dag.py","lineno":66}
{"timestamp":"2025-12-19T10:49:00.972244Z","level":"info","event":"Formatting title: Rescuers Down Under The","logger":"root","filename":"new_tropes_dag.py","lineno":66}
{"timestamp":"2025-12-19T10:49:00.972268Z","level":"info","event":"Formatting title: Reservoir Dogs","logger":"root","filename":"new_tropes_dag.py","lineno":66}
{"timestamp":"2025-12-19T10:49:00.972290Z","level":"info","event":"Formatting title: Resident Evil","logger":"root","filename":"new_tropes_dag.py","lineno":66}
{"timestamp":"2025-12-19T10:49:00.972314Z","level":"info","event":"Formatting title: Respect","logger":"root","filename":"new_tropes_dag.py","lineno":66}
{"timestamp":"2025-12-19T10:49:00.972337Z","level":"info","event":"Formatting title: Return Of The Apes","logger":"root","filename":"new_tropes_dag.py","lineno":66}
{"timestamp":"2025-12-19T10:49:00.972360Z","level":"info","event":"Formatting title: Return Of The Living Dead","logger":"root","filename":"new_tropes_dag.py","lineno":66}
{"timestamp":"2025-12-19T10:49:00.972384Z","level":"info","event":"Formatting title: Revenant The","logger":"root","filename":"new_tropes_dag.py","lineno":66}
{"timestamp":"2025-12-19T10:49:00.972407Z","level":"info","event":"Formatting title: Revenge Of The Nerds","logger":"root","filename":"new_tropes_dag.py","lineno":66}
{"timestamp":"2025-12-19T10:49:00.972430Z","level":"info","event":"Formatting title: Revolutionary Road","logger":"root","filename":"new_tropes_dag.py","lineno":66}
{"timestamp":"2025-12-19T10:49:00.972453Z","level":"info","event":"Formatting title: Richard Jewell","logger":"root","filename":"new_tropes_dag.py","lineno":66}
{"timestamp":"2025-12-19T10:49:00.972476Z","level":"info","event":"Formatting title: Ricky Stanicky","logger":"root","filename":"new_tropes_dag.py","lineno":66}
{"timestamp":"2025-12-19T10:49:00.972499Z","level":"info","event":"Formatting title: Ringu","logger":"root","filename":"new_tropes_dag.py","lineno":66}
{"timestamp":"2025-12-19T10:49:00.972523Z","level":"info","event":"Formatting title: Rise Of The Guardians","logger":"root","filename":"new_tropes_dag.py","lineno":66}
{"timestamp":"2025-12-19T10:49:00.972545Z","level":"info","event":"Formatting title: Rise Of The Planet Of The Apes","logger":"root","filename":"new_tropes_dag.py","lineno":66}
{"timestamp":"2025-12-19T10:49:00.972568Z","level":"info","event":"Formatting title: Rko 281","logger":"root","filename":"new_tropes_dag.py","lineno":66}
{"timestamp":"2025-12-19T10:49:00.972592Z","level":"info","event":"Formatting title: Road House","logger":"root","filename":"new_tropes_dag.py","lineno":66}
{"timestamp":"2025-12-19T10:49:00.972616Z","level":"info","event":"Formatting title: Road The","logger":"root","filename":"new_tropes_dag.py","lineno":66}
{"timestamp":"2025-12-19T10:49:00.972640Z","level":"info","event":"Formatting title: Road To Perdition","logger":"root","filename":"new_tropes_dag.py","lineno":66}
{"timestamp":"2025-12-19T10:49:00.972665Z","level":"info","event":"Formatting title: Robin Hood Prince Of Thieves","logger":"root","filename":"new_tropes_dag.py","lineno":66}
{"timestamp":"2025-12-19T10:49:00.972689Z","level":"info","event":"Formatting title: Robocop","logger":"root","filename":"new_tropes_dag.py","lineno":66}
{"timestamp":"2025-12-19T10:49:00.972713Z","level":"info","event":"Formatting title: Rock The","logger":"root","filename":"new_tropes_dag.py","lineno":66}
{"timestamp":"2025-12-19T10:49:00.972737Z","level":"info","event":"Formatting title: Rocketman","logger":"root","filename":"new_tropes_dag.py","lineno":66}
{"timestamp":"2025-12-19T10:49:00.972761Z","level":"info","event":"Formatting title: Rocknrolla","logger":"root","filename":"new_tropes_dag.py","lineno":66}
{"timestamp":"2025-12-19T10:49:00.972785Z","level":"info","event":"Formatting title: Rocky","logger":"root","filename":"new_tropes_dag.py","lineno":66}
{"timestamp":"2025-12-19T10:49:00.972809Z","level":"info","event":"Formatting title: Rocky 2","logger":"root","filename":"new_tropes_dag.py","lineno":66}
{"timestamp":"2025-12-19T10:49:00.972833Z","level":"info","event":"Formatting title: Rocky 3","logger":"root","filename":"new_tropes_dag.py","lineno":66}
{"timestamp":"2025-12-19T10:49:00.972857Z","level":"info","event":"Formatting title: Rocky 4","logger":"root","filename":"new_tropes_dag.py","lineno":66}
{"timestamp":"2025-12-19T10:49:00.972887Z","level":"info","event":"Formatting title: Rocky Balboa","logger":"root","filename":"new_tropes_dag.py","lineno":66}
{"timestamp":"2025-12-19T10:49:00.972913Z","level":"info","event":"Formatting title: Rocky Horror Picture Show The","logger":"root","filename":"new_tropes_dag.py","lineno":66}
{"timestamp":"2025-12-19T10:49:00.972938Z","level":"info","event":"Formatting title: Rocky V","logger":"root","filename":"new_tropes_dag.py","lineno":66}
{"timestamp":"2025-12-19T10:49:00.972961Z","level":"info","event":"Formatting title: Roma","logger":"root","filename":"new_tropes_dag.py","lineno":66}
{"timestamp":"2025-12-19T10:49:00.972986Z","level":"info","event":"Formatting title: Roman J Israel Esq","logger":"root","filename":"new_tropes_dag.py","lineno":66}
{"timestamp":"2025-12-19T10:49:00.973010Z","level":"info","event":"Formatting title: Romancing The Stone","logger":"root","filename":"new_tropes_dag.py","lineno":66}
{"timestamp":"2025-12-19T10:49:00.973086Z","level":"info","event":"Formatting title: Romeo & Juliet","logger":"root","filename":"new_tropes_dag.py","lineno":66}
{"timestamp":"2025-12-19T10:49:00.973122Z","level":"info","event":"Formatting title: Romeo Must Die","logger":"root","filename":"new_tropes_dag.py","lineno":66}
{"timestamp":"2025-12-19T10:49:00.973151Z","level":"info","event":"Formatting title: Ronin","logger":"root","filename":"new_tropes_dag.py","lineno":66}
{"timestamp":"2025-12-19T10:49:00.973177Z","level":"info","event":"Formatting title: Room","logger":"root","filename":"new_tropes_dag.py","lineno":66}
{"timestamp":"2025-12-19T10:49:00.973203Z","level":"info","event":"Formatting title: Roommate The","logger":"root","filename":"new_tropes_dag.py","lineno":66}
{"timestamp":"2025-12-19T10:49:00.973243Z","level":"info","event":"Formatting title: Rosemarys Baby","logger":"root","filename":"new_tropes_dag.py","lineno":66}
{"timestamp":"2025-12-19T10:49:00.973276Z","level":"info","event":"Formatting title: Rosetta","logger":"root","filename":"new_tropes_dag.py","lineno":66}
{"timestamp":"2025-12-19T10:49:00.973304Z","level":"info","event":"Formatting title: Roughshod","logger":"root","filename":"new_tropes_dag.py","lineno":66}
{"timestamp":"2025-12-19T10:49:00.973331Z","level":"info","event":"Formatting title: Rounders","logger":"root","filename":"new_tropes_dag.py","lineno":66}
{"timestamp":"2025-12-19T10:49:00.973356Z","level":"info","event":"Formatting title: Ruby Sparks","logger":"root","filename":"new_tropes_dag.py","lineno":66}
{"timestamp":"2025-12-19T10:49:00.973381Z","level":"info","event":"Formatting title: Ruins The","logger":"root","filename":"new_tropes_dag.py","lineno":66}
{"timestamp":"2025-12-19T10:49:00.973429Z","level":"info","event":"Formatting title: Run","logger":"root","filename":"new_tropes_dag.py","lineno":66}
{"timestamp":"2025-12-19T10:49:00.973459Z","level":"info","event":"Formatting title: Runaway Bride","logger":"root","filename":"new_tropes_dag.py","lineno":66}
{"timestamp":"2025-12-19T10:49:00.973486Z","level":"info","event":"Formatting title: Running Scared","logger":"root","filename":"new_tropes_dag.py","lineno":66}
{"timestamp":"2025-12-19T10:49:00.973513Z","level":"info","event":"Formatting title: Rush","logger":"root","filename":"new_tropes_dag.py","lineno":66}
{"timestamp":"2025-12-19T10:49:00.973540Z","level":"info","event":"Formatting title: Rush Hour","logger":"root","filename":"new_tropes_dag.py","lineno":66}
{"timestamp":"2025-12-19T10:49:00.973564Z","level":"info","event":"Formatting title: Rush Hour 2","logger":"root","filename":"new_tropes_dag.py","lineno":66}
{"timestamp":"2025-12-19T10:49:00.973589Z","level":"info","event":"Formatting title: Rushmore","logger":"root","filename":"new_tropes_dag.py","lineno":66}
{"timestamp":"2025-12-19T10:49:00.973614Z","level":"info","event":"Formatting title: Rust And Bone","logger":"root","filename":"new_tropes_dag.py","lineno":66}
{"timestamp":"2025-12-19T10:49:00.973638Z","level":"info","event":"Formatting title: Rustin","logger":"root","filename":"new_tropes_dag.py","lineno":66}
{"timestamp":"2025-12-19T10:49:00.973662Z","level":"info","event":"Formatting title: S Darko","logger":"root","filename":"new_tropes_dag.py","lineno":66}
{"timestamp":"2025-12-19T10:49:00.973685Z","level":"info","event":"Formatting title: Safety Not Guaranteed","logger":"root","filename":"new_tropes_dag.py","lineno":66}
{"timestamp":"2025-12-19T10:49:00.973709Z","level":"info","event":"Formatting title: Saint Frances","logger":"root","filename":"new_tropes_dag.py","lineno":66}
{"timestamp":"2025-12-19T10:49:00.973733Z","level":"info","event":"Formatting title: Saint The","logger":"root","filename":"new_tropes_dag.py","lineno":66}
{"timestamp":"2025-12-19T10:49:00.973761Z","level":"info","event":"Formatting title: Saltburn","logger":"root","filename":"new_tropes_dag.py","lineno":66}
{"timestamp":"2025-12-19T10:49:00.973785Z","level":"info","event":"Formatting title: Salton Sea The","logger":"root","filename":"new_tropes_dag.py","lineno":66}
{"timestamp":"2025-12-19T10:49:00.973809Z","level":"info","event":"Formatting title: Sandlot Kids The","logger":"root","filename":"new_tropes_dag.py","lineno":66}
{"timestamp":"2025-12-19T10:49:00.973835Z","level":"info","event":"Formatting title: Saturday Night","logger":"root","filename":"new_tropes_dag.py","lineno":66}
{"timestamp":"2025-12-19T10:49:00.973860Z","level":"info","event":"Formatting title: Sausage Party","logger":"root","filename":"new_tropes_dag.py","lineno":66}
{"timestamp":"2025-12-19T10:49:00.973884Z","level":"info","event":"Formatting title: Save The Last Dance","logger":"root","filename":"new_tropes_dag.py","lineno":66}
{"timestamp":"2025-12-19T10:49:00.973909Z","level":"info","event":"Formatting title: Saving Mr Banks","logger":"root","filename":"new_tropes_dag.py","lineno":66}
{"timestamp":"2025-12-19T10:49:00.973933Z","level":"info","event":"Formatting title: Saving Private Ryan","logger":"root","filename":"new_tropes_dag.py","lineno":66}
{"timestamp":"2025-12-19T10:49:00.973956Z","level":"info","event":"Formatting title: Saw","logger":"root","filename":"new_tropes_dag.py","lineno":66}
{"timestamp":"2025-12-19T10:49:00.973979Z","level":"info","event":"Formatting title: Saw 4","logger":"root","filename":"new_tropes_dag.py","lineno":66}
{"timestamp":"2025-12-19T10:49:00.974003Z","level":"info","event":"Formatting title: Scanners","logger":"root","filename":"new_tropes_dag.py","lineno":66}
{"timestamp":"2025-12-19T10:49:00.974027Z","level":"info","event":"Formatting title: Scarface","logger":"root","filename":"new_tropes_dag.py","lineno":66}
{"timestamp":"2025-12-19T10:49:00.974050Z","level":"info","event":"Formatting title: Scary Movie","logger":"root","filename":"new_tropes_dag.py","lineno":66}
{"timestamp":"2025-12-19T10:49:00.974073Z","level":"info","event":"Formatting title: Scary Movie 2","logger":"root","filename":"new_tropes_dag.py","lineno":66}
{"timestamp":"2025-12-19T10:49:00.974097Z","level":"info","event":"Formatting title: Scary Stories To Tell In The Dark","logger":"root","filename":"new_tropes_dag.py","lineno":66}
{"timestamp":"2025-12-19T10:49:00.974121Z","level":"info","event":"Formatting title: Schindlers List","logger":"root","filename":"new_tropes_dag.py","lineno":66}
{"timestamp":"2025-12-19T10:49:00.974145Z","level":"info","event":"Formatting title: Scott Pilgrim Vs The World","logger":"root","filename":"new_tropes_dag.py","lineno":66}
{"timestamp":"2025-12-19T10:49:00.974169Z","level":"info","event":"Formatting title: Scream","logger":"root","filename":"new_tropes_dag.py","lineno":66}
{"timestamp":"2025-12-19T10:49:00.974192Z","level":"info","event":"Formatting title: Scream","logger":"root","filename":"new_tropes_dag.py","lineno":66}
{"timestamp":"2025-12-19T10:49:00.974216Z","level":"info","event":"Formatting title: Scream 2","logger":"root","filename":"new_tropes_dag.py","lineno":66}
{"timestamp":"2025-12-19T10:49:00.974239Z","level":"info","event":"Formatting title: Scream 3","logger":"root","filename":"new_tropes_dag.py","lineno":66}
{"timestamp":"2025-12-19T10:49:00.974262Z","level":"info","event":"Formatting title: Scream 4","logger":"root","filename":"new_tropes_dag.py","lineno":66}
{"timestamp":"2025-12-19T10:49:00.974285Z","level":"info","event":"Formatting title: Scream 6","logger":"root","filename":"new_tropes_dag.py","lineno":66}
{"timestamp":"2025-12-19T10:49:00.974312Z","level":"info","event":"Formatting title: Scrooged","logger":"root","filename":"new_tropes_dag.py","lineno":66}
{"timestamp":"2025-12-19T10:49:00.974336Z","level":"info","event":"Formatting title: Se7en","logger":"root","filename":"new_tropes_dag.py","lineno":66}
{"timestamp":"2025-12-19T10:49:00.974360Z","level":"info","event":"Formatting title: Sea Of Love","logger":"root","filename":"new_tropes_dag.py","lineno":66}
{"timestamp":"2025-12-19T10:49:00.974385Z","level":"info","event":"Formatting title: Searchers The","logger":"root","filename":"new_tropes_dag.py","lineno":66}
{"timestamp":"2025-12-19T10:49:00.974409Z","level":"info","event":"Formatting title: Searching","logger":"root","filename":"new_tropes_dag.py","lineno":66}
{"timestamp":"2025-12-19T10:49:00.974433Z","level":"info","event":"Formatting title: Secret Life Of Walter Mitty The","logger":"root","filename":"new_tropes_dag.py","lineno":66}
{"timestamp":"2025-12-19T10:49:00.974458Z","level":"info","event":"Formatting title: Secret Window","logger":"root","filename":"new_tropes_dag.py","lineno":66}
{"timestamp":"2025-12-19T10:49:00.974483Z","level":"info","event":"Formatting title: Selena","logger":"root","filename":"new_tropes_dag.py","lineno":66}
{"timestamp":"2025-12-19T10:49:00.974507Z","level":"info","event":"Formatting title: Selma","logger":"root","filename":"new_tropes_dag.py","lineno":66}
{"timestamp":"2025-12-19T10:49:00.974532Z","level":"info","event":"Formatting title: Semi Pro","logger":"root","filename":"new_tropes_dag.py","lineno":66}
{"timestamp":"2025-12-19T10:49:00.974555Z","level":"info","event":"Formatting title: Sense And Sensibility","logger":"root","filename":"new_tropes_dag.py","lineno":66}
{"timestamp":"2025-12-19T10:49:00.974579Z","level":"info","event":"Formatting title: September 5","logger":"root","filename":"new_tropes_dag.py","lineno":66}
{"timestamp":"2025-12-19T10:49:00.974603Z","level":"info","event":"Formatting title: Serenity","logger":"root","filename":"new_tropes_dag.py","lineno":66}
{"timestamp":"2025-12-19T10:49:00.974628Z","level":"info","event":"Formatting title: Serenity","logger":"root","filename":"new_tropes_dag.py","lineno":66}
{"timestamp":"2025-12-19T10:49:00.974652Z","level":"info","event":"Formatting title: Serial Mom","logger":"root","filename":"new_tropes_dag.py","lineno":66}
{"timestamp":"2025-12-19T10:49:00.974676Z","level":"info","event":"Formatting title: Sessions The","logger":"root","filename":"new_tropes_dag.py","lineno":66}
{"timestamp":"2025-12-19T10:49:00.974701Z","level":"info","event":"Formatting title: Seventh Seal The","logger":"root","filename":"new_tropes_dag.py","lineno":66}
{"timestamp":"2025-12-19T10:49:00.974725Z","level":"info","event":"Formatting title: Severance","logger":"root","filename":"new_tropes_dag.py","lineno":66}
{"timestamp":"2025-12-19T10:49:00.974748Z","level":"info","event":"Formatting title: Sex And The City","logger":"root","filename":"new_tropes_dag.py","lineno":66}
{"timestamp":"2025-12-19T10:49:00.974771Z","level":"info","event":"Formatting title: Sex Drive","logger":"root","filename":"new_tropes_dag.py","lineno":66}
{"timestamp":"2025-12-19T10:49:00.974795Z","level":"info","event":"Formatting title: Sex Lies And Videotape","logger":"root","filename":"new_tropes_dag.py","lineno":66}
{"timestamp":"2025-12-19T10:49:00.974818Z","level":"info","event":"Formatting title: Sexual Life","logger":"root","filename":"new_tropes_dag.py","lineno":66}
{"timestamp":"2025-12-19T10:49:00.974841Z","level":"info","event":"Formatting title: Shadow Of The Vampire","logger":"root","filename":"new_tropes_dag.py","lineno":66}
{"timestamp":"2025-12-19T10:49:00.974864Z","level":"info","event":"Formatting title: Shakespeare In Love","logger":"root","filename":"new_tropes_dag.py","lineno":66}
{"timestamp":"2025-12-19T10:49:00.974887Z","level":"info","event":"Formatting title: Shallow Grave","logger":"root","filename":"new_tropes_dag.py","lineno":66}
{"timestamp":"2025-12-19T10:49:00.974911Z","level":"info","event":"Formatting title: Shame","logger":"root","filename":"new_tropes_dag.py","lineno":66}
{"timestamp":"2025-12-19T10:49:00.974934Z","level":"info","event":"Formatting title: Shampoo","logger":"root","filename":"new_tropes_dag.py","lineno":66}
{"timestamp":"2025-12-19T10:49:00.974957Z","level":"info","event":"Formatting title: Sharkys Machine","logger":"root","filename":"new_tropes_dag.py","lineno":66}
{"timestamp":"2025-12-19T10:49:00.974979Z","level":"info","event":"Formatting title: Shaun Of The Dead","logger":"root","filename":"new_tropes_dag.py","lineno":66}
{"timestamp":"2025-12-19T10:49:00.975003Z","level":"info","event":"Formatting title: Shawshank Redemption The","logger":"root","filename":"new_tropes_dag.py","lineno":66}
{"timestamp":"2025-12-19T10:49:00.975026Z","level":"info","event":"Formatting title: Shayda","logger":"root","filename":"new_tropes_dag.py","lineno":66}
{"timestamp":"2025-12-19T10:49:00.975049Z","level":"info","event":"Formatting title: She Said","logger":"root","filename":"new_tropes_dag.py","lineno":66}
{"timestamp":"2025-12-19T10:49:00.975073Z","level":"info","event":"Formatting title: Sherlock Holmes","logger":"root","filename":"new_tropes_dag.py","lineno":66}
{"timestamp":"2025-12-19T10:49:00.975096Z","level":"info","event":"Formatting title: Shes Out Of My League","logger":"root","filename":"new_tropes_dag.py","lineno":66}
{"timestamp":"2025-12-19T10:49:00.975120Z","level":"info","event":"Formatting title: Shifty","logger":"root","filename":"new_tropes_dag.py","lineno":66}
{"timestamp":"2025-12-19T10:49:00.975142Z","level":"info","event":"Formatting title: Shining The","logger":"root","filename":"new_tropes_dag.py","lineno":66}
{"timestamp":"2025-12-19T10:49:00.975165Z","level":"info","event":"Formatting title: Shipping News The","logger":"root","filename":"new_tropes_dag.py","lineno":66}
{"timestamp":"2025-12-19T10:49:00.975189Z","level":"info","event":"Formatting title: Shivers","logger":"root","filename":"new_tropes_dag.py","lineno":66}
{"timestamp":"2025-12-19T10:49:00.975213Z","level":"info","event":"Formatting title: Short Term 12","logger":"root","filename":"new_tropes_dag.py","lineno":66}
{"timestamp":"2025-12-19T10:49:00.975237Z","level":"info","event":"Formatting title: Shortcomings","logger":"root","filename":"new_tropes_dag.py","lineno":66}
{"timestamp":"2025-12-19T10:49:00.975261Z","level":"info","event":"Formatting title: Showgirls","logger":"root","filename":"new_tropes_dag.py","lineno":66}
{"timestamp":"2025-12-19T10:49:00.975287Z","level":"info","event":"Formatting title: Shrek","logger":"root","filename":"new_tropes_dag.py","lineno":66}
{"timestamp":"2025-12-19T10:49:00.975311Z","level":"info","event":"Formatting title: Shrek The Third","logger":"root","filename":"new_tropes_dag.py","lineno":66}
{"timestamp":"2025-12-19T10:49:00.975340Z","level":"info","event":"Formatting title: Shutter Island","logger":"root","filename":"new_tropes_dag.py","lineno":66}
{"timestamp":"2025-12-19T10:49:00.975369Z","level":"info","event":"Formatting title: Sicario","logger":"root","filename":"new_tropes_dag.py","lineno":66}
{"timestamp":"2025-12-19T10:49:00.975417Z","level":"info","event":"Formatting title: Sicario Day Of The Soldado","logger":"root","filename":"new_tropes_dag.py","lineno":66}
{"timestamp":"2025-12-19T10:49:00.975465Z","level":"info","event":"Formatting title: Side Effects","logger":"root","filename":"new_tropes_dag.py","lineno":66}
{"timestamp":"2025-12-19T10:49:00.975498Z","level":"info","event":"Formatting title: Sideways","logger":"root","filename":"new_tropes_dag.py","lineno":66}
{"timestamp":"2025-12-19T10:49:00.975544Z","level":"info","event":"Formatting title: Siege The","logger":"root","filename":"new_tropes_dag.py","lineno":66}
{"timestamp":"2025-12-19T10:49:00.975597Z","level":"info","event":"Formatting title: Signs","logger":"root","filename":"new_tropes_dag.py","lineno":66}
{"timestamp":"2025-12-19T10:49:00.975648Z","level":"info","event":"Formatting title: Silence","logger":"root","filename":"new_tropes_dag.py","lineno":66}
{"timestamp":"2025-12-19T10:49:00.975700Z","level":"info","event":"Formatting title: Silence Of The Lambs","logger":"root","filename":"new_tropes_dag.py","lineno":66}
{"timestamp":"2025-12-19T10:49:00.975751Z","level":"info","event":"Formatting title: Silent Grace","logger":"root","filename":"new_tropes_dag.py","lineno":66}
{"timestamp":"2025-12-19T10:49:00.975798Z","level":"info","event":"Formatting title: Silkwood","logger":"root","filename":"new_tropes_dag.py","lineno":66}
{"timestamp":"2025-12-19T10:49:00.975845Z","level":"info","event":"Formatting title: Silver Bullet","logger":"root","filename":"new_tropes_dag.py","lineno":66}
{"timestamp":"2025-12-19T10:49:01.031799Z","level":"info","event":"Formatting title: Silver Linings Playbook","logger":"root","filename":"new_tropes_dag.py","lineno":66}
{"timestamp":"2025-12-19T10:49:01.031915Z","level":"info","event":"Formatting title: Silverado","logger":"root","filename":"new_tropes_dag.py","lineno":66}
{"timestamp":"2025-12-19T10:49:01.031956Z","level":"info","event":"Formatting title: Simone","logger":"root","filename":"new_tropes_dag.py","lineno":66}
{"timestamp":"2025-12-19T10:49:01.031989Z","level":"info","event":"Formatting title: Sing","logger":"root","filename":"new_tropes_dag.py","lineno":66}
{"timestamp":"2025-12-19T10:49:01.032018Z","level":"info","event":"Formatting title: Sing Sing","logger":"root","filename":"new_tropes_dag.py","lineno":66}
{"timestamp":"2025-12-19T10:49:01.032046Z","level":"info","event":"Formatting title: Sing Street","logger":"root","filename":"new_tropes_dag.py","lineno":66}
{"timestamp":"2025-12-19T10:49:01.032073Z","level":"info","event":"Formatting title: Singin In The Rain","logger":"root","filename":"new_tropes_dag.py","lineno":66}
{"timestamp":"2025-12-19T10:49:01.032099Z","level":"info","event":"Formatting title: Single White Female","logger":"root","filename":"new_tropes_dag.py","lineno":66}
{"timestamp":"2025-12-19T10:49:01.032125Z","level":"info","event":"Formatting title: Sister Act","logger":"root","filename":"new_tropes_dag.py","lineno":66}
{"timestamp":"2025-12-19T10:49:01.032153Z","level":"info","event":"Formatting title: Six Degrees Of Separation","logger":"root","filename":"new_tropes_dag.py","lineno":66}
{"timestamp":"2025-12-19T10:49:01.032186Z","level":"info","event":"Formatting title: Sixteen Candles","logger":"root","filename":"new_tropes_dag.py","lineno":66}
{"timestamp":"2025-12-19T10:49:01.032215Z","level":"info","event":"Formatting title: Sixth Sense The","logger":"root","filename":"new_tropes_dag.py","lineno":66}
{"timestamp":"2025-12-19T10:49:01.032240Z","level":"info","event":"Formatting title: Skyfall","logger":"root","filename":"new_tropes_dag.py","lineno":66}
{"timestamp":"2025-12-19T10:49:01.032266Z","level":"info","event":"Formatting title: Skyscraper","logger":"root","filename":"new_tropes_dag.py","lineno":66}
{"timestamp":"2025-12-19T10:49:01.032290Z","level":"info","event":"Formatting title: Sleepers","logger":"root","filename":"new_tropes_dag.py","lineno":66}
{"timestamp":"2025-12-19T10:49:01.032315Z","level":"info","event":"Formatting title: Sleepless In Seattle","logger":"root","filename":"new_tropes_dag.py","lineno":66}
{"timestamp":"2025-12-19T10:49:01.032338Z","level":"info","event":"Formatting title: Sleepy Hollow","logger":"root","filename":"new_tropes_dag.py","lineno":66}
{"timestamp":"2025-12-19T10:49:01.032369Z","level":"info","event":"Formatting title: Slender Man","logger":"root","filename":"new_tropes_dag.py","lineno":66}
{"timestamp":"2025-12-19T10:49:01.032398Z","level":"info","event":"Formatting title: Sling Blade","logger":"root","filename":"new_tropes_dag.py","lineno":66}
{"timestamp":"2025-12-19T10:49:01.032423Z","level":"info","event":"Formatting title: Slither","logger":"root","filename":"new_tropes_dag.py","lineno":66}
{"timestamp":"2025-12-19T10:49:01.032451Z","level":"info","event":"Formatting title: Sliver","logger":"root","filename":"new_tropes_dag.py","lineno":66}
{"timestamp":"2025-12-19T10:49:01.032475Z","level":"info","event":"Formatting title: Slumdog Millionaire","logger":"root","filename":"new_tropes_dag.py","lineno":66}
{"timestamp":"2025-12-19T10:49:01.032579Z","level":"info","event":"Formatting title: Smashed","logger":"root","filename":"new_tropes_dag.py","lineno":66}
{"timestamp":"2025-12-19T10:49:01.032630Z","level":"info","event":"Formatting title: Smokin Aces","logger":"root","filename":"new_tropes_dag.py","lineno":66}
{"timestamp":"2025-12-19T10:49:01.032661Z","level":"info","event":"Formatting title: Snake Eyes","logger":"root","filename":"new_tropes_dag.py","lineno":66}
{"timestamp":"2025-12-19T10:49:01.032691Z","level":"info","event":"Formatting title: Snatch","logger":"root","filename":"new_tropes_dag.py","lineno":66}
{"timestamp":"2025-12-19T10:49:01.032726Z","level":"info","event":"Formatting title: Sneakers","logger":"root","filename":"new_tropes_dag.py","lineno":66}
{"timestamp":"2025-12-19T10:49:01.032753Z","level":"info","event":"Formatting title: Snow Falling On Cedars","logger":"root","filename":"new_tropes_dag.py","lineno":66}
{"timestamp":"2025-12-19T10:49:01.032778Z","level":"info","event":"Formatting title: Snow White And The Huntsman","logger":"root","filename":"new_tropes_dag.py","lineno":66}
{"timestamp":"2025-12-19T10:49:01.032806Z","level":"info","event":"Formatting title: Snowpiercer","logger":"root","filename":"new_tropes_dag.py","lineno":66}
{"timestamp":"2025-12-19T10:49:01.032832Z","level":"info","event":"Formatting title: So I Married An Axe Murderer","logger":"root","filename":"new_tropes_dag.py","lineno":66}
{"timestamp":"2025-12-19T10:49:01.032858Z","level":"info","event":"Formatting title: Social Network The","logger":"root","filename":"new_tropes_dag.py","lineno":66}
{"timestamp":"2025-12-19T10:49:01.032887Z","level":"info","event":"Formatting title: Solaris","logger":"root","filename":"new_tropes_dag.py","lineno":66}
{"timestamp":"2025-12-19T10:49:01.032912Z","level":"info","event":"Formatting title: Soldier","logger":"root","filename":"new_tropes_dag.py","lineno":66}
{"timestamp":"2025-12-19T10:49:01.032936Z","level":"info","event":"Formatting title: Someone To Watch Over Me","logger":"root","filename":"new_tropes_dag.py","lineno":66}
{"timestamp":"2025-12-19T10:49:01.032960Z","level":"info","event":"Formatting title: Something Wicked This Way Comes","logger":"root","filename":"new_tropes_dag.py","lineno":66}
{"timestamp":"2025-12-19T10:49:01.032984Z","level":"info","event":"Formatting title: Somethings Gotta Give","logger":"root","filename":"new_tropes_dag.py","lineno":66}
{"timestamp":"2025-12-19T10:49:01.033009Z","level":"info","event":"Formatting title: Sorry To Bother","logger":"root","filename":"new_tropes_dag.py","lineno":66}
{"timestamp":"2025-12-19T10:49:01.033058Z","level":"info","event":"Formatting title: Soul","logger":"root","filename":"new_tropes_dag.py","lineno":66}
{"timestamp":"2025-12-19T10:49:01.033086Z","level":"info","event":"Formatting title: Sound Of Metal","logger":"root","filename":"new_tropes_dag.py","lineno":66}
{"timestamp":"2025-12-19T10:49:01.033111Z","level":"info","event":"Formatting title: Source Code","logger":"root","filename":"new_tropes_dag.py","lineno":66}
{"timestamp":"2025-12-19T10:49:01.033137Z","level":"info","event":"Formatting title: South Park","logger":"root","filename":"new_tropes_dag.py","lineno":66}
{"timestamp":"2025-12-19T10:49:01.033163Z","level":"info","event":"Formatting title: Soylent Green","logger":"root","filename":"new_tropes_dag.py","lineno":66}
{"timestamp":"2025-12-19T10:49:01.033189Z","level":"info","event":"Formatting title: Space Cowboys","logger":"root","filename":"new_tropes_dag.py","lineno":66}
{"timestamp":"2025-12-19T10:49:01.033213Z","level":"info","event":"Formatting title: Space Milkshake","logger":"root","filename":"new_tropes_dag.py","lineno":66}
{"timestamp":"2025-12-19T10:49:01.033240Z","level":"info","event":"Formatting title: Spaceballs","logger":"root","filename":"new_tropes_dag.py","lineno":66}
{"timestamp":"2025-12-19T10:49:01.033265Z","level":"info","event":"Formatting title: Spanglish","logger":"root","filename":"new_tropes_dag.py","lineno":66}
{"timestamp":"2025-12-19T10:49:01.033292Z","level":"info","event":"Formatting title: Spare Me","logger":"root","filename":"new_tropes_dag.py","lineno":66}
{"timestamp":"2025-12-19T10:49:01.033318Z","level":"info","event":"Formatting title: Spartacus","logger":"root","filename":"new_tropes_dag.py","lineno":66}
{"timestamp":"2025-12-19T10:49:01.033346Z","level":"info","event":"Formatting title: Spartan","logger":"root","filename":"new_tropes_dag.py","lineno":66}
{"timestamp":"2025-12-19T10:49:01.033371Z","level":"info","event":"Formatting title: Spawn","logger":"root","filename":"new_tropes_dag.py","lineno":66}
{"timestamp":"2025-12-19T10:49:01.033423Z","level":"info","event":"Formatting title: Spectre","logger":"root","filename":"new_tropes_dag.py","lineno":66}
{"timestamp":"2025-12-19T10:49:01.033457Z","level":"info","event":"Formatting title: Speed","logger":"root","filename":"new_tropes_dag.py","lineno":66}
{"timestamp":"2025-12-19T10:49:01.033485Z","level":"info","event":"Formatting title: Speed Racer","logger":"root","filename":"new_tropes_dag.py","lineno":66}
{"timestamp":"2025-12-19T10:49:01.033513Z","level":"info","event":"Formatting title: Spencer","logger":"root","filename":"new_tropes_dag.py","lineno":66}
{"timestamp":"2025-12-19T10:49:01.033539Z","level":"info","event":"Formatting title: Sphere","logger":"root","filename":"new_tropes_dag.py","lineno":66}
{"timestamp":"2025-12-19T10:49:01.033566Z","level":"info","event":"Formatting title: Spider Man","logger":"root","filename":"new_tropes_dag.py","lineno":66}
{"timestamp":"2025-12-19T10:49:01.033593Z","level":"info","event":"Formatting title: Spider Man 2","logger":"root","filename":"new_tropes_dag.py","lineno":66}
{"timestamp":"2025-12-19T10:49:01.033629Z","level":"info","event":"Formatting title: Spider Man Across The Spider Verse","logger":"root","filename":"new_tropes_dag.py","lineno":66}
{"timestamp":"2025-12-19T10:49:01.033655Z","level":"info","event":"Formatting title: Spider Man Into The Spider Verse","logger":"root","filename":"new_tropes_dag.py","lineno":66}
{"timestamp":"2025-12-19T10:49:01.033680Z","level":"info","event":"Formatting title: Spider Man No Way Home","logger":"root","filename":"new_tropes_dag.py","lineno":66}
{"timestamp":"2025-12-19T10:49:01.033706Z","level":"info","event":"Formatting title: Splice","logger":"root","filename":"new_tropes_dag.py","lineno":66}
{"timestamp":"2025-12-19T10:49:01.033731Z","level":"info","event":"Formatting title: Spotlight","logger":"root","filename":"new_tropes_dag.py","lineno":66}
{"timestamp":"2025-12-19T10:49:01.033756Z","level":"info","event":"Formatting title: Spring Breakers","logger":"root","filename":"new_tropes_dag.py","lineno":66}
{"timestamp":"2025-12-19T10:49:01.033782Z","level":"info","event":"Formatting title: Spy Kids","logger":"root","filename":"new_tropes_dag.py","lineno":66}
{"timestamp":"2025-12-19T10:49:01.033806Z","level":"info","event":"Formatting title: St Elmos Fire","logger":"root","filename":"new_tropes_dag.py","lineno":66}
{"timestamp":"2025-12-19T10:49:01.033831Z","level":"info","event":"Formatting title: Stagecoach","logger":"root","filename":"new_tropes_dag.py","lineno":66}
{"timestamp":"2025-12-19T10:49:01.033855Z","level":"info","event":"Formatting title: Stan & Ollie","logger":"root","filename":"new_tropes_dag.py","lineno":66}
{"timestamp":"2025-12-19T10:49:01.033880Z","level":"info","event":"Formatting title: Stand By Me","logger":"root","filename":"new_tropes_dag.py","lineno":66}
{"timestamp":"2025-12-19T10:49:01.033906Z","level":"info","event":"Formatting title: Star Trek","logger":"root","filename":"new_tropes_dag.py","lineno":66}
{"timestamp":"2025-12-19T10:49:01.033931Z","level":"info","event":"Formatting title: Star Trek 2 The Wrath Of Khan","logger":"root","filename":"new_tropes_dag.py","lineno":66}
{"timestamp":"2025-12-19T10:49:01.033955Z","level":"info","event":"Formatting title: Star Trek 3 The Search For Spock","logger":"root","filename":"new_tropes_dag.py","lineno":66}
{"timestamp":"2025-12-19T10:49:01.033980Z","level":"info","event":"Formatting title: Star Trek 4 The Voyage Home","logger":"root","filename":"new_tropes_dag.py","lineno":66}
{"timestamp":"2025-12-19T10:49:01.034003Z","level":"info","event":"Formatting title: Star Trek 6 The Undiscovered Country","logger":"root","filename":"new_tropes_dag.py","lineno":66}
{"timestamp":"2025-12-19T10:49:01.034029Z","level":"info","event":"Formatting title: Star Trek First Contact","logger":"root","filename":"new_tropes_dag.py","lineno":66}
{"timestamp":"2025-12-19T10:49:01.034052Z","level":"info","event":"Formatting title: Star Trek Generations","logger":"root","filename":"new_tropes_dag.py","lineno":66}
{"timestamp":"2025-12-19T10:49:01.034077Z","level":"info","event":"Formatting title: Star Trek Insurrection","logger":"root","filename":"new_tropes_dag.py","lineno":66}
{"timestamp":"2025-12-19T10:49:01.034100Z","level":"info","event":"Formatting title: Star Trek Nemesis","logger":"root","filename":"new_tropes_dag.py","lineno":66}
{"timestamp":"2025-12-19T10:49:01.034125Z","level":"info","event":"Formatting title: Star Trek The Motion Picture","logger":"root","filename":"new_tropes_dag.py","lineno":66}
{"timestamp":"2025-12-19T10:49:01.034149Z","level":"info","event":"Formatting title: Star Trek V The Final Frontier","logger":"root","filename":"new_tropes_dag.py","lineno":66}
{"timestamp":"2025-12-19T10:49:01.034174Z","level":"info","event":"Formatting title: Star Wars A New Hope","logger":"root","filename":"new_tropes_dag.py","lineno":66}
{"timestamp":"2025-12-19T10:49:01.034196Z","level":"info","event":"Formatting title: Star Wars Attack Of The Clones","logger":"root","filename":"new_tropes_dag.py","lineno":66}
{"timestamp":"2025-12-19T10:49:01.034220Z","level":"info","event":"Formatting title: Star Wars Episode 2 Attack Of The Clones","logger":"root","filename":"new_tropes_dag.py","lineno":66}
{"timestamp":"2025-12-19T10:49:01.034243Z","level":"info","event":"Formatting title: Star Wars Episode 3 Revenge Of The Sith","logger":"root","filename":"new_tropes_dag.py","lineno":66}
{"timestamp":"2025-12-19T10:49:01.034266Z","level":"info","event":"Formatting title: Star Wars Episode 4 A New Hope","logger":"root","filename":"new_tropes_dag.py","lineno":66}
{"timestamp":"2025-12-19T10:49:01.034293Z","level":"info","event":"Formatting title: Star Wars Episode 6 Return Of The Jedi","logger":"root","filename":"new_tropes_dag.py","lineno":66}
{"timestamp":"2025-12-19T10:49:01.034316Z","level":"info","event":"Formatting title: Star Wars Episode I The Phantom Menace","logger":"root","filename":"new_tropes_dag.py","lineno":66}
{"timestamp":"2025-12-19T10:49:01.034343Z","level":"info","event":"Formatting title: Star Wars Episode V The Empire Strikes Back","logger":"root","filename":"new_tropes_dag.py","lineno":66}
{"timestamp":"2025-12-19T10:49:01.034368Z","level":"info","event":"Formatting title: Star Wars Return Of The Jedi","logger":"root","filename":"new_tropes_dag.py","lineno":66}
{"timestamp":"2025-12-19T10:49:01.034393Z","level":"info","event":"Formatting title: Star Wars Revenge Of The Sith","logger":"root","filename":"new_tropes_dag.py","lineno":66}
{"timestamp":"2025-12-19T10:49:01.034416Z","level":"info","event":"Formatting title: Star Wars The Empire Strikes Back","logger":"root","filename":"new_tropes_dag.py","lineno":66}
{"timestamp":"2025-12-19T10:49:01.034440Z","level":"info","event":"Formatting title: Star Wars The Force Awakens","logger":"root","filename":"new_tropes_dag.py","lineno":66}
{"timestamp":"2025-12-19T10:49:01.034466Z","level":"info","event":"Formatting title: Star Wars The Phantom Menace","logger":"root","filename":"new_tropes_dag.py","lineno":66}
{"timestamp":"2025-12-19T10:49:01.034489Z","level":"info","event":"Formatting title: Stardust","logger":"root","filename":"new_tropes_dag.py","lineno":66}
{"timestamp":"2025-12-19T10:49:01.034513Z","level":"info","event":"Formatting title: Stargate","logger":"root","filename":"new_tropes_dag.py","lineno":66}
{"timestamp":"2025-12-19T10:49:01.034537Z","level":"info","event":"Formatting title: Starman","logger":"root","filename":"new_tropes_dag.py","lineno":66}
{"timestamp":"2025-12-19T10:49:01.034561Z","level":"info","event":"Formatting title: Starship Troopers","logger":"root","filename":"new_tropes_dag.py","lineno":66}
{"timestamp":"2025-12-19T10:49:01.034584Z","level":"info","event":"Formatting title: State And Main","logger":"root","filename":"new_tropes_dag.py","lineno":66}
{"timestamp":"2025-12-19T10:49:01.034607Z","level":"info","event":"Formatting title: State Of Grace","logger":"root","filename":"new_tropes_dag.py","lineno":66}
{"timestamp":"2025-12-19T10:49:01.034631Z","level":"info","event":"Formatting title: State Of Play","logger":"root","filename":"new_tropes_dag.py","lineno":66}
{"timestamp":"2025-12-19T10:49:01.034657Z","level":"info","event":"Formatting title: Station West","logger":"root","filename":"new_tropes_dag.py","lineno":66}
{"timestamp":"2025-12-19T10:49:01.034682Z","level":"info","event":"Formatting title: Step Brothers","logger":"root","filename":"new_tropes_dag.py","lineno":66}
{"timestamp":"2025-12-19T10:49:01.034706Z","level":"info","event":"Formatting title: Stepmom","logger":"root","filename":"new_tropes_dag.py","lineno":66}
{"timestamp":"2025-12-19T10:49:01.034730Z","level":"info","event":"Formatting title: Steve Jobs","logger":"root","filename":"new_tropes_dag.py","lineno":66}
{"timestamp":"2025-12-19T10:49:01.034754Z","level":"info","event":"Formatting title: Sting The","logger":"root","filename":"new_tropes_dag.py","lineno":66}
{"timestamp":"2025-12-19T10:49:01.034778Z","level":"info","event":"Formatting title: Stir Of Echoes","logger":"root","filename":"new_tropes_dag.py","lineno":66}
{"timestamp":"2025-12-19T10:49:01.034802Z","level":"info","event":"Formatting title: Stoker","logger":"root","filename":"new_tropes_dag.py","lineno":66}
{"timestamp":"2025-12-19T10:49:01.034825Z","level":"info","event":"Formatting title: Storm","logger":"root","filename":"new_tropes_dag.py","lineno":66}
{"timestamp":"2025-12-19T10:49:01.034849Z","level":"info","event":"Formatting title: Storytelling","logger":"root","filename":"new_tropes_dag.py","lineno":66}
{"timestamp":"2025-12-19T10:49:01.034872Z","level":"info","event":"Formatting title: Straight Outta Compton","logger":"root","filename":"new_tropes_dag.py","lineno":66}
{"timestamp":"2025-12-19T10:49:01.034896Z","level":"info","event":"Formatting title: Strange Days","logger":"root","filename":"new_tropes_dag.py","lineno":66}
{"timestamp":"2025-12-19T10:49:01.034919Z","level":"info","event":"Formatting title: Stranger Than Fiction","logger":"root","filename":"new_tropes_dag.py","lineno":66}
{"timestamp":"2025-12-19T10:49:01.034941Z","level":"info","event":"Formatting title: Stranger Than Paradise","logger":"root","filename":"new_tropes_dag.py","lineno":66}
{"timestamp":"2025-12-19T10:49:01.034964Z","level":"info","event":"Formatting title: Strangers On A Train","logger":"root","filename":"new_tropes_dag.py","lineno":66}
{"timestamp":"2025-12-19T10:49:01.034989Z","level":"info","event":"Formatting title: Strawberry Mansion","logger":"root","filename":"new_tropes_dag.py","lineno":66}
{"timestamp":"2025-12-19T10:49:01.035013Z","level":"info","event":"Formatting title: Street Smart","logger":"root","filename":"new_tropes_dag.py","lineno":66}
{"timestamp":"2025-12-19T10:49:01.035037Z","level":"info","event":"Formatting title: Stuber","logger":"root","filename":"new_tropes_dag.py","lineno":66}
{"timestamp":"2025-12-19T10:49:01.035061Z","level":"info","event":"Formatting title: Stuntman The","logger":"root","filename":"new_tropes_dag.py","lineno":66}
{"timestamp":"2025-12-19T10:49:01.035085Z","level":"info","event":"Formatting title: Submarine","logger":"root","filename":"new_tropes_dag.py","lineno":66}
{"timestamp":"2025-12-19T10:49:01.035109Z","level":"info","event":"Formatting title: Substance The","logger":"root","filename":"new_tropes_dag.py","lineno":66}
{"timestamp":"2025-12-19T10:49:01.035134Z","level":"info","event":"Formatting title: Suburbicon","logger":"root","filename":"new_tropes_dag.py","lineno":66}
{"timestamp":"2025-12-19T10:49:01.035158Z","level":"info","event":"Formatting title: Suffragette","logger":"root","filename":"new_tropes_dag.py","lineno":66}
{"timestamp":"2025-12-19T10:49:01.035182Z","level":"info","event":"Formatting title: Sugar","logger":"root","filename":"new_tropes_dag.py","lineno":66}
{"timestamp":"2025-12-19T10:49:01.035208Z","level":"info","event":"Formatting title: Sugar And Spice","logger":"root","filename":"new_tropes_dag.py","lineno":66}
{"timestamp":"2025-12-19T10:49:01.035231Z","level":"info","event":"Formatting title: Suicide Squad","logger":"root","filename":"new_tropes_dag.py","lineno":66}
{"timestamp":"2025-12-19T10:49:01.035255Z","level":"info","event":"Formatting title: Sully","logger":"root","filename":"new_tropes_dag.py","lineno":66}
{"timestamp":"2025-12-19T10:49:01.035279Z","level":"info","event":"Formatting title: Sunset Blvd","logger":"root","filename":"new_tropes_dag.py","lineno":66}
{"timestamp":"2025-12-19T10:49:01.035306Z","level":"info","event":"Formatting title: Sunshine","logger":"root","filename":"new_tropes_dag.py","lineno":66}
{"timestamp":"2025-12-19T10:49:01.035354Z","level":"info","event":"Formatting title: Sunshine Cleaning","logger":"root","filename":"new_tropes_dag.py","lineno":66}
{"timestamp":"2025-12-19T10:49:01.035398Z","level":"info","event":"Formatting title: Super","logger":"root","filename":"new_tropes_dag.py","lineno":66}
{"timestamp":"2025-12-19T10:49:01.035440Z","level":"info","event":"Formatting title: Super 8","logger":"root","filename":"new_tropes_dag.py","lineno":66}
{"timestamp":"2025-12-19T10:49:01.035471Z","level":"info","event":"Formatting title: Super Dark Times","logger":"root","filename":"new_tropes_dag.py","lineno":66}
{"timestamp":"2025-12-19T10:49:01.035500Z","level":"info","event":"Formatting title: Super Mario Bros","logger":"root","filename":"new_tropes_dag.py","lineno":66}
{"timestamp":"2025-12-19T10:49:01.035528Z","level":"info","event":"Formatting title: Superbad","logger":"root","filename":"new_tropes_dag.py","lineno":66}
{"timestamp":"2025-12-19T10:49:01.035555Z","level":"info","event":"Formatting title: Superfights","logger":"root","filename":"new_tropes_dag.py","lineno":66}
{"timestamp":"2025-12-19T10:49:01.035581Z","level":"info","event":"Formatting title: Supergirl","logger":"root","filename":"new_tropes_dag.py","lineno":66}
{"timestamp":"2025-12-19T10:49:01.035607Z","level":"info","event":"Formatting title: Superman","logger":"root","filename":"new_tropes_dag.py","lineno":66}
{"timestamp":"2025-12-19T10:49:01.035632Z","level":"info","event":"Formatting title: Surfer King The","logger":"root","filename":"new_tropes_dag.py","lineno":66}
{"timestamp":"2025-12-19T10:49:01.035658Z","level":"info","event":"Formatting title: Surrogates","logger":"root","filename":"new_tropes_dag.py","lineno":66}
{"timestamp":"2025-12-19T10:49:01.035683Z","level":"info","event":"Formatting title: Suspect Zero","logger":"root","filename":"new_tropes_dag.py","lineno":66}
{"timestamp":"2025-12-19T10:49:01.035712Z","level":"info","event":"Formatting title: Suspiria","logger":"root","filename":"new_tropes_dag.py","lineno":66}
{"timestamp":"2025-12-19T10:49:01.035738Z","level":"info","event":"Formatting title: Swan Song","logger":"root","filename":"new_tropes_dag.py","lineno":66}
{"timestamp":"2025-12-19T10:49:01.035764Z","level":"info","event":"Formatting title: Sweeney Todd The Demon Barber Of Fleet Street","logger":"root","filename":"new_tropes_dag.py","lineno":66}
{"timestamp":"2025-12-19T10:49:01.035790Z","level":"info","event":"Formatting title: Sweet Hereafter The","logger":"root","filename":"new_tropes_dag.py","lineno":66}
{"timestamp":"2025-12-19T10:49:01.035814Z","level":"info","event":"Formatting title: Sweet Smell Of Success","logger":"root","filename":"new_tropes_dag.py","lineno":66}
{"timestamp":"2025-12-19T10:49:01.035839Z","level":"info","event":"Formatting title: Swingers","logger":"root","filename":"new_tropes_dag.py","lineno":66}
{"timestamp":"2025-12-19T10:49:01.035863Z","level":"info","event":"Formatting title: Swiss Army Man","logger":"root","filename":"new_tropes_dag.py","lineno":66}
{"timestamp":"2025-12-19T10:49:01.035887Z","level":"info","event":"Formatting title: Swordfish","logger":"root","filename":"new_tropes_dag.py","lineno":66}
{"timestamp":"2025-12-19T10:49:01.035911Z","level":"info","event":"Formatting title: Synecdoche New York","logger":"root","filename":"new_tropes_dag.py","lineno":66}
{"timestamp":"2025-12-19T10:49:01.035936Z","level":"info","event":"Formatting title: Syriana","logger":"root","filename":"new_tropes_dag.py","lineno":66}
{"timestamp":"2025-12-19T10:49:01.035960Z","level":"info","event":"Formatting title: Take Shelter","logger":"root","filename":"new_tropes_dag.py","lineno":66}
{"timestamp":"2025-12-19T10:49:01.035985Z","level":"info","event":"Formatting title: Taking Lives","logger":"root","filename":"new_tropes_dag.py","lineno":66}
{"timestamp":"2025-12-19T10:49:01.036011Z","level":"info","event":"Formatting title: Taking Of Pelham One Two Three The","logger":"root","filename":"new_tropes_dag.py","lineno":66}
{"timestamp":"2025-12-19T10:49:01.036037Z","level":"info","event":"Formatting title: Taking Sides","logger":"root","filename":"new_tropes_dag.py","lineno":66}
{"timestamp":"2025-12-19T10:49:01.036062Z","level":"info","event":"Formatting title: Talented Mr Ripley The","logger":"root","filename":"new_tropes_dag.py","lineno":66}
{"timestamp":"2025-12-19T10:49:01.036088Z","level":"info","event":"Formatting title: Talkin Dirty After Dark","logger":"root","filename":"new_tropes_dag.py","lineno":66}
{"timestamp":"2025-12-19T10:49:01.036113Z","level":"info","event":"Formatting title: Tall In The Saddle","logger":"root","filename":"new_tropes_dag.py","lineno":66}
{"timestamp":"2025-12-19T10:49:01.036139Z","level":"info","event":"Formatting title: Talladega Nights The Ballad Of Ricky Bobby","logger":"root","filename":"new_tropes_dag.py","lineno":66}
{"timestamp":"2025-12-19T10:49:01.036167Z","level":"info","event":"Formatting title: Tamara Drewe","logger":"root","filename":"new_tropes_dag.py","lineno":66}
{"timestamp":"2025-12-19T10:49:01.036199Z","level":"info","event":"Formatting title: Tango & Cash","logger":"root","filename":"new_tropes_dag.py","lineno":66}
{"timestamp":"2025-12-19T10:49:01.036225Z","level":"info","event":"Formatting title: Taxi Driver","logger":"root","filename":"new_tropes_dag.py","lineno":66}
{"timestamp":"2025-12-19T10:49:01.036251Z","level":"info","event":"Formatting title: Teachers Lounge The","logger":"root","filename":"new_tropes_dag.py","lineno":66}
{"timestamp":"2025-12-19T10:49:01.036277Z","level":"info","event":"Formatting title: Team America World Police","logger":"root","filename":"new_tropes_dag.py","lineno":66}
{"timestamp":"2025-12-19T10:49:01.036304Z","level":"info","event":"Formatting title: Ted","logger":"root","filename":"new_tropes_dag.py","lineno":66}
{"timestamp":"2025-12-19T10:49:01.036331Z","level":"info","event":"Formatting title: Teen Wolf","logger":"root","filename":"new_tropes_dag.py","lineno":66}
{"timestamp":"2025-12-19T10:49:01.036356Z","level":"info","event":"Formatting title: Teenage Mutant Ninja Turtles Mutant Mayhem","logger":"root","filename":"new_tropes_dag.py","lineno":66}
{"timestamp":"2025-12-19T10:49:01.036381Z","level":"info","event":"Formatting title: Tenet","logger":"root","filename":"new_tropes_dag.py","lineno":66}
{"timestamp":"2025-12-19T10:49:01.036406Z","level":"info","event":"Formatting title: Tequila Sunrise","logger":"root","filename":"new_tropes_dag.py","lineno":66}
{"timestamp":"2025-12-19T10:49:01.036432Z","level":"info","event":"Formatting title: Terminator","logger":"root","filename":"new_tropes_dag.py","lineno":66}
{"timestamp":"2025-12-19T10:49:01.036458Z","level":"info","event":"Formatting title: Terminator 2 Judgement Day","logger":"root","filename":"new_tropes_dag.py","lineno":66}
{"timestamp":"2025-12-19T10:49:01.036484Z","level":"info","event":"Formatting title: Terminator Genisys","logger":"root","filename":"new_tropes_dag.py","lineno":66}
{"timestamp":"2025-12-19T10:49:01.036509Z","level":"info","event":"Formatting title: Terminator Salvation","logger":"root","filename":"new_tropes_dag.py","lineno":66}
{"timestamp":"2025-12-19T10:49:01.036535Z","level":"info","event":"Formatting title: Terms Of Endearment","logger":"root","filename":"new_tropes_dag.py","lineno":66}
{"timestamp":"2025-12-19T10:49:01.036559Z","level":"info","event":"Formatting title: The 40 Year Old Virgin","logger":"root","filename":"new_tropes_dag.py","lineno":66}
{"timestamp":"2025-12-19T10:49:01.036583Z","level":"info","event":"Formatting title: The A Team","logger":"root","filename":"new_tropes_dag.py","lineno":66}
{"timestamp":"2025-12-19T10:49:01.036613Z","level":"info","event":"Formatting title: The Abyss","logger":"root","filename":"new_tropes_dag.py","lineno":66}
{"timestamp":"2025-12-19T10:49:01.036640Z","level":"info","event":"Formatting title: The Accidental Tourist","logger":"root","filename":"new_tropes_dag.py","lineno":66}
{"timestamp":"2025-12-19T10:49:01.036665Z","level":"info","event":"Formatting title: The Accountant","logger":"root","filename":"new_tropes_dag.py","lineno":66}
{"timestamp":"2025-12-19T10:49:01.036691Z","level":"info","event":"Formatting title: The Addams Family","logger":"root","filename":"new_tropes_dag.py","lineno":66}
{"timestamp":"2025-12-19T10:49:01.036717Z","level":"info","event":"Formatting title: The Adjustment Bureau","logger":"root","filename":"new_tropes_dag.py","lineno":66}
{"timestamp":"2025-12-19T10:49:01.036742Z","level":"info","event":"Formatting title: The Adventures Of Ford Fairlane","logger":"root","filename":"new_tropes_dag.py","lineno":66}
{"timestamp":"2025-12-19T10:49:01.036768Z","level":"info","event":"Formatting title: The Adventures Of Tintin","logger":"root","filename":"new_tropes_dag.py","lineno":66}
{"timestamp":"2025-12-19T10:49:01.036794Z","level":"info","event":"Formatting title: The African Queen","logger":"root","filename":"new_tropes_dag.py","lineno":66}
{"timestamp":"2025-12-19T10:49:01.036820Z","level":"info","event":"Formatting title: The American","logger":"root","filename":"new_tropes_dag.py","lineno":66}
{"timestamp":"2025-12-19T10:49:01.036845Z","level":"info","event":"Formatting title: The American President","logger":"root","filename":"new_tropes_dag.py","lineno":66}
{"timestamp":"2025-12-19T10:49:01.036873Z","level":"info","event":"Formatting title: The Amityville Horror","logger":"root","filename":"new_tropes_dag.py","lineno":66}
{"timestamp":"2025-12-19T10:49:01.036899Z","level":"info","event":"Formatting title: The Apartment","logger":"root","filename":"new_tropes_dag.py","lineno":66}
{"timestamp":"2025-12-19T10:49:01.036924Z","level":"info","event":"Formatting title: The Artist","logger":"root","filename":"new_tropes_dag.py","lineno":66}
{"timestamp":"2025-12-19T10:49:01.036949Z","level":"info","event":"Formatting title: The Avengers","logger":"root","filename":"new_tropes_dag.py","lineno":66}
{"timestamp":"2025-12-19T10:49:01.036975Z","level":"info","event":"Formatting title: The Aviator","logger":"root","filename":"new_tropes_dag.py","lineno":66}
{"timestamp":"2025-12-19T10:49:01.036999Z","level":"info","event":"Formatting title: The Babadook","logger":"root","filename":"new_tropes_dag.py","lineno":66}
{"timestamp":"2025-12-19T10:49:01.037037Z","level":"info","event":"Formatting title: The Babysitter","logger":"root","filename":"new_tropes_dag.py","lineno":66}
{"timestamp":"2025-12-19T10:49:01.037069Z","level":"info","event":"Formatting title: The Ballad Of Buster Scruggs","logger":"root","filename":"new_tropes_dag.py","lineno":66}
{"timestamp":"2025-12-19T10:49:01.037097Z","level":"info","event":"Formatting title: The Banshees Of Inisherin","logger":"root","filename":"new_tropes_dag.py","lineno":66}
{"timestamp":"2025-12-19T10:49:01.037122Z","level":"info","event":"Formatting title: The Batman","logger":"root","filename":"new_tropes_dag.py","lineno":66}
{"timestamp":"2025-12-19T10:49:01.037146Z","level":"info","event":"Formatting title: The Beach Bum","logger":"root","filename":"new_tropes_dag.py","lineno":66}
{"timestamp":"2025-12-19T10:49:01.037172Z","level":"info","event":"Formatting title: The Beekeeper","logger":"root","filename":"new_tropes_dag.py","lineno":66}
{"timestamp":"2025-12-19T10:49:01.037197Z","level":"info","event":"Formatting title: The Beguiled","logger":"root","filename":"new_tropes_dag.py","lineno":66}
{"timestamp":"2025-12-19T10:49:01.037221Z","level":"info","event":"Formatting title: The Beguiled","logger":"root","filename":"new_tropes_dag.py","lineno":66}
{"timestamp":"2025-12-19T10:49:01.037246Z","level":"info","event":"Formatting title: The Bfg","logger":"root","filename":"new_tropes_dag.py","lineno":66}
{"timestamp":"2025-12-19T10:49:01.037270Z","level":"info","event":"Formatting title: The Big Chill","logger":"root","filename":"new_tropes_dag.py","lineno":66}
{"timestamp":"2025-12-19T10:49:01.037293Z","level":"info","event":"Formatting title: The Big Easy","logger":"root","filename":"new_tropes_dag.py","lineno":66}
{"timestamp":"2025-12-19T10:49:01.037316Z","level":"info","event":"Formatting title: The Big Lebowski","logger":"root","filename":"new_tropes_dag.py","lineno":66}
{"timestamp":"2025-12-19T10:49:01.037340Z","level":"info","event":"Formatting title: The Big Short","logger":"root","filename":"new_tropes_dag.py","lineno":66}
{"timestamp":"2025-12-19T10:49:01.037366Z","level":"info","event":"Formatting title: The Big Sick","logger":"root","filename":"new_tropes_dag.py","lineno":66}
{"timestamp":"2025-12-19T10:49:01.037390Z","level":"info","event":"Formatting title: The Birdcage","logger":"root","filename":"new_tropes_dag.py","lineno":66}
{"timestamp":"2025-12-19T10:49:01.037439Z","level":"info","event":"Formatting title: The Birds","logger":"root","filename":"new_tropes_dag.py","lineno":66}
{"timestamp":"2025-12-19T10:49:01.037474Z","level":"info","event":"Formatting title: The Birth Of A Nation","logger":"root","filename":"new_tropes_dag.py","lineno":66}
{"timestamp":"2025-12-19T10:49:01.037505Z","level":"info","event":"Formatting title: The Bling Ring","logger":"root","filename":"new_tropes_dag.py","lineno":66}
{"timestamp":"2025-12-19T10:49:01.037534Z","level":"info","event":"Formatting title: The Blob","logger":"root","filename":"new_tropes_dag.py","lineno":66}
{"timestamp":"2025-12-19T10:49:01.037566Z","level":"info","event":"Formatting title: The Blues Brothers","logger":"root","filename":"new_tropes_dag.py","lineno":66}
{"timestamp":"2025-12-19T10:49:01.037594Z","level":"info","event":"Formatting title: The Bodyguard","logger":"root","filename":"new_tropes_dag.py","lineno":66}
{"timestamp":"2025-12-19T10:49:01.037620Z","level":"info","event":"Formatting title: The Bonfire Of The Vanities","logger":"root","filename":"new_tropes_dag.py","lineno":66}
{"timestamp":"2025-12-19T10:49:01.037650Z","level":"info","event":"Formatting title: The Boondock Saints","logger":"root","filename":"new_tropes_dag.py","lineno":66}
{"timestamp":"2025-12-19T10:49:01.037677Z","level":"info","event":"Formatting title: The Boondock Saints 2 All Saints Day","logger":"root","filename":"new_tropes_dag.py","lineno":66}
{"timestamp":"2025-12-19T10:49:01.037707Z","level":"info","event":"Formatting title: The Boss Baby Family Business","logger":"root","filename":"new_tropes_dag.py","lineno":66}
{"timestamp":"2025-12-19T10:49:01.037740Z","level":"info","event":"Formatting title: The Bourne Identity","logger":"root","filename":"new_tropes_dag.py","lineno":66}
{"timestamp":"2025-12-19T10:49:01.037775Z","level":"info","event":"Formatting title: The Bourne Supremacy","logger":"root","filename":"new_tropes_dag.py","lineno":66}
{"timestamp":"2025-12-19T10:49:01.037801Z","level":"info","event":"Formatting title: The Bourne Ultimatum","logger":"root","filename":"new_tropes_dag.py","lineno":66}
{"timestamp":"2025-12-19T10:49:01.037826Z","level":"info","event":"Formatting title: The Boxtrolls","logger":"root","filename":"new_tropes_dag.py","lineno":66}
{"timestamp":"2025-12-19T10:49:01.037852Z","level":"info","event":"Formatting title: The Boy","logger":"root","filename":"new_tropes_dag.py","lineno":66}
{"timestamp":"2025-12-19T10:49:01.037888Z","level":"info","event":"Formatting title: The Brady Bunch Movie","logger":"root","filename":"new_tropes_dag.py","lineno":66}
{"timestamp":"2025-12-19T10:49:01.037923Z","level":"info","event":"Formatting title: The Breakfast Club","logger":"root","filename":"new_tropes_dag.py","lineno":66}
{"timestamp":"2025-12-19T10:49:01.037963Z","level":"info","event":"Formatting title: The Brothers Bloom","logger":"root","filename":"new_tropes_dag.py","lineno":66}
{"timestamp":"2025-12-19T10:49:01.038000Z","level":"info","event":"Formatting title: The Brutalist","logger":"root","filename":"new_tropes_dag.py","lineno":66}
{"timestamp":"2025-12-19T10:49:01.038033Z","level":"info","event":"Formatting title: The Burbs","logger":"root","filename":"new_tropes_dag.py","lineno":66}
{"timestamp":"2025-12-19T10:49:01.038064Z","level":"info","event":"Formatting title: The Burial","logger":"root","filename":"new_tropes_dag.py","lineno":66}
{"timestamp":"2025-12-19T10:49:01.038107Z","level":"info","event":"Formatting title: The Cabin In The Woods","logger":"root","filename":"new_tropes_dag.py","lineno":66}
{"timestamp":"2025-12-19T10:49:01.038154Z","level":"info","event":"Formatting title: The Card Counter","logger":"root","filename":"new_tropes_dag.py","lineno":66}
{"timestamp":"2025-12-19T10:49:01.038201Z","level":"info","event":"Formatting title: The Children Of The Corn","logger":"root","filename":"new_tropes_dag.py","lineno":66}
{"timestamp":"2025-12-19T10:49:01.038233Z","level":"info","event":"Formatting title: The Civil Dead","logger":"root","filename":"new_tropes_dag.py","lineno":66}
{"timestamp":"2025-12-19T10:49:01.099709Z","level":"info","event":"Formatting title: The Color Purple","logger":"root","filename":"new_tropes_dag.py","lineno":66}
{"timestamp":"2025-12-19T10:49:01.099855Z","level":"info","event":"Formatting title: The Color Purple","logger":"root","filename":"new_tropes_dag.py","lineno":66}
{"timestamp":"2025-12-19T10:49:01.099902Z","level":"info","event":"Formatting title: The Comedian","logger":"root","filename":"new_tropes_dag.py","lineno":66}
{"timestamp":"2025-12-19T10:49:01.099938Z","level":"info","event":"Formatting title: The Conjuring","logger":"root","filename":"new_tropes_dag.py","lineno":66}
{"timestamp":"2025-12-19T10:49:01.099974Z","level":"info","event":"Formatting title: The Conversation","logger":"root","filename":"new_tropes_dag.py","lineno":66}
{"timestamp":"2025-12-19T10:49:01.100006Z","level":"info","event":"Formatting title: The Cotton Club","logger":"root","filename":"new_tropes_dag.py","lineno":66}
{"timestamp":"2025-12-19T10:49:01.100038Z","level":"info","event":"Formatting title: The Craft","logger":"root","filename":"new_tropes_dag.py","lineno":66}
{"timestamp":"2025-12-19T10:49:01.100068Z","level":"info","event":"Formatting title: The Crow","logger":"root","filename":"new_tropes_dag.py","lineno":66}
{"timestamp":"2025-12-19T10:49:01.100104Z","level":"info","event":"Formatting title: The Curious Case Of Benjamin Button","logger":"root","filename":"new_tropes_dag.py","lineno":66}
{"timestamp":"2025-12-19T10:49:01.100140Z","level":"info","event":"Formatting title: The Cutting Edge","logger":"root","filename":"new_tropes_dag.py","lineno":66}
{"timestamp":"2025-12-19T10:49:01.100176Z","level":"info","event":"Formatting title: The Danish Girl","logger":"root","filename":"new_tropes_dag.py","lineno":66}
{"timestamp":"2025-12-19T10:49:01.100210Z","level":"info","event":"Formatting title: The Dark Knight","logger":"root","filename":"new_tropes_dag.py","lineno":66}
{"timestamp":"2025-12-19T10:49:01.100241Z","level":"info","event":"Formatting title: The Dark Knight Rises","logger":"root","filename":"new_tropes_dag.py","lineno":66}
{"timestamp":"2025-12-19T10:49:01.100272Z","level":"info","event":"Formatting title: The Dead Zone","logger":"root","filename":"new_tropes_dag.py","lineno":66}
{"timestamp":"2025-12-19T10:49:01.100322Z","level":"info","event":"Formatting title: The Deer Hunter","logger":"root","filename":"new_tropes_dag.py","lineno":66}
{"timestamp":"2025-12-19T10:49:01.100355Z","level":"info","event":"Formatting title: The Departed","logger":"root","filename":"new_tropes_dag.py","lineno":66}
{"timestamp":"2025-12-19T10:49:01.100384Z","level":"info","event":"Formatting title: The Descendants","logger":"root","filename":"new_tropes_dag.py","lineno":66}
{"timestamp":"2025-12-19T10:49:01.100414Z","level":"info","event":"Formatting title: The Descent","logger":"root","filename":"new_tropes_dag.py","lineno":66}
{"timestamp":"2025-12-19T10:49:01.100450Z","level":"info","event":"Formatting title: The Devil Wears Prada","logger":"root","filename":"new_tropes_dag.py","lineno":66}
{"timestamp":"2025-12-19T10:49:01.100477Z","level":"info","event":"Formatting title: The Devils Advocate","logger":"root","filename":"new_tropes_dag.py","lineno":66}
{"timestamp":"2025-12-19T10:49:01.100505Z","level":"info","event":"Formatting title: The Devils Rejects","logger":"root","filename":"new_tropes_dag.py","lineno":66}
{"timestamp":"2025-12-19T10:49:01.100533Z","level":"info","event":"Formatting title: The Disaster Artist","logger":"root","filename":"new_tropes_dag.py","lineno":66}
{"timestamp":"2025-12-19T10:49:01.100566Z","level":"info","event":"Formatting title: The Double","logger":"root","filename":"new_tropes_dag.py","lineno":66}
{"timestamp":"2025-12-19T10:49:01.100593Z","level":"info","event":"Formatting title: The Driver","logger":"root","filename":"new_tropes_dag.py","lineno":66}
{"timestamp":"2025-12-19T10:49:01.100630Z","level":"info","event":"Formatting title: The Edge Of Seventeen","logger":"root","filename":"new_tropes_dag.py","lineno":66}
{"timestamp":"2025-12-19T10:49:01.100672Z","level":"info","event":"Formatting title: The Electrical Life Of Louis Wain","logger":"root","filename":"new_tropes_dag.py","lineno":66}
{"timestamp":"2025-12-19T10:49:01.100713Z","level":"info","event":"Formatting title: The Entity","logger":"root","filename":"new_tropes_dag.py","lineno":66}
{"timestamp":"2025-12-19T10:49:01.100749Z","level":"info","event":"Formatting title: The Event","logger":"root","filename":"new_tropes_dag.py","lineno":66}
{"timestamp":"2025-12-19T10:49:01.100785Z","level":"info","event":"Formatting title: The Evil Dead","logger":"root","filename":"new_tropes_dag.py","lineno":66}
{"timestamp":"2025-12-19T10:49:01.100818Z","level":"info","event":"Formatting title: The Exorcist","logger":"root","filename":"new_tropes_dag.py","lineno":66}
{"timestamp":"2025-12-19T10:49:01.100855Z","level":"info","event":"Formatting title: The Exorcist 3","logger":"root","filename":"new_tropes_dag.py","lineno":66}
{"timestamp":"2025-12-19T10:49:01.100886Z","level":"info","event":"Formatting title: The Expendables","logger":"root","filename":"new_tropes_dag.py","lineno":66}
{"timestamp":"2025-12-19T10:49:01.100925Z","level":"info","event":"Formatting title: The Fabelmans","logger":"root","filename":"new_tropes_dag.py","lineno":66}
{"timestamp":"2025-12-19T10:49:01.100956Z","level":"info","event":"Formatting title: The Faculty","logger":"root","filename":"new_tropes_dag.py","lineno":66}
{"timestamp":"2025-12-19T10:49:01.100986Z","level":"info","event":"Formatting title: The Farewell","logger":"root","filename":"new_tropes_dag.py","lineno":66}
{"timestamp":"2025-12-19T10:49:01.101016Z","level":"info","event":"Formatting title: The Fast And The Furious","logger":"root","filename":"new_tropes_dag.py","lineno":66}
{"timestamp":"2025-12-19T10:49:01.101236Z","level":"info","event":"Formatting title: The Father","logger":"root","filename":"new_tropes_dag.py","lineno":66}
{"timestamp":"2025-12-19T10:49:01.101316Z","level":"info","event":"Formatting title: The Fault In Our Stars","logger":"root","filename":"new_tropes_dag.py","lineno":66}
{"timestamp":"2025-12-19T10:49:01.101356Z","level":"info","event":"Formatting title: The Favourite","logger":"root","filename":"new_tropes_dag.py","lineno":66}
{"timestamp":"2025-12-19T10:49:01.101389Z","level":"info","event":"Formatting title: The Fifth Element","logger":"root","filename":"new_tropes_dag.py","lineno":66}
{"timestamp":"2025-12-19T10:49:01.101421Z","level":"info","event":"Formatting title: The Firm","logger":"root","filename":"new_tropes_dag.py","lineno":66}
{"timestamp":"2025-12-19T10:49:01.101452Z","level":"info","event":"Formatting title: The Florida Project","logger":"root","filename":"new_tropes_dag.py","lineno":66}
{"timestamp":"2025-12-19T10:49:01.101481Z","level":"info","event":"Formatting title: The Fly","logger":"root","filename":"new_tropes_dag.py","lineno":66}
{"timestamp":"2025-12-19T10:49:01.101511Z","level":"info","event":"Formatting title: The Fly 2","logger":"root","filename":"new_tropes_dag.py","lineno":66}
{"timestamp":"2025-12-19T10:49:01.101541Z","level":"info","event":"Formatting title: The Fog","logger":"root","filename":"new_tropes_dag.py","lineno":66}
{"timestamp":"2025-12-19T10:49:01.101571Z","level":"info","event":"Formatting title: The Founder","logger":"root","filename":"new_tropes_dag.py","lineno":66}
{"timestamp":"2025-12-19T10:49:01.101611Z","level":"info","event":"Formatting title: The Fourth Kind","logger":"root","filename":"new_tropes_dag.py","lineno":66}
{"timestamp":"2025-12-19T10:49:01.101649Z","level":"info","event":"Formatting title: The French Connection","logger":"root","filename":"new_tropes_dag.py","lineno":66}
{"timestamp":"2025-12-19T10:49:01.101684Z","level":"info","event":"Formatting title: The French Dispatch","logger":"root","filename":"new_tropes_dag.py","lineno":66}
{"timestamp":"2025-12-19T10:49:01.101717Z","level":"info","event":"Formatting title: The Frighteners","logger":"root","filename":"new_tropes_dag.py","lineno":66}
{"timestamp":"2025-12-19T10:49:01.101747Z","level":"info","event":"Formatting title: The Front Runner","logger":"root","filename":"new_tropes_dag.py","lineno":66}
{"timestamp":"2025-12-19T10:49:01.101777Z","level":"info","event":"Formatting title: The Gambler","logger":"root","filename":"new_tropes_dag.py","lineno":66}
{"timestamp":"2025-12-19T10:49:01.101806Z","level":"info","event":"Formatting title: The Gentlemen","logger":"root","filename":"new_tropes_dag.py","lineno":66}
{"timestamp":"2025-12-19T10:49:01.101838Z","level":"info","event":"Formatting title: The Girl On The Train","logger":"root","filename":"new_tropes_dag.py","lineno":66}
{"timestamp":"2025-12-19T10:49:01.101870Z","level":"info","event":"Formatting title: The Girl With The Dragon Tattoo","logger":"root","filename":"new_tropes_dag.py","lineno":66}
{"timestamp":"2025-12-19T10:49:01.101932Z","level":"info","event":"Formatting title: The Godfather","logger":"root","filename":"new_tropes_dag.py","lineno":66}
{"timestamp":"2025-12-19T10:49:01.101979Z","level":"info","event":"Formatting title: The Godfather Part 2","logger":"root","filename":"new_tropes_dag.py","lineno":66}
{"timestamp":"2025-12-19T10:49:01.102013Z","level":"info","event":"Formatting title: The Godfather Part 3","logger":"root","filename":"new_tropes_dag.py","lineno":66}
{"timestamp":"2025-12-19T10:49:01.102044Z","level":"info","event":"Formatting title: The Good Dinosaur","logger":"root","filename":"new_tropes_dag.py","lineno":66}
{"timestamp":"2025-12-19T10:49:01.102076Z","level":"info","event":"Formatting title: The Good Nurse","logger":"root","filename":"new_tropes_dag.py","lineno":66}
{"timestamp":"2025-12-19T10:49:01.102105Z","level":"info","event":"Formatting title: The Good Shepherd","logger":"root","filename":"new_tropes_dag.py","lineno":66}
{"timestamp":"2025-12-19T10:49:01.102135Z","level":"info","event":"Formatting title: The Goodbye Girl","logger":"root","filename":"new_tropes_dag.py","lineno":66}
{"timestamp":"2025-12-19T10:49:01.102164Z","level":"info","event":"Formatting title: The Goonies","logger":"root","filename":"new_tropes_dag.py","lineno":66}
{"timestamp":"2025-12-19T10:49:01.102192Z","level":"info","event":"Formatting title: The Graduate","logger":"root","filename":"new_tropes_dag.py","lineno":66}
{"timestamp":"2025-12-19T10:49:01.102221Z","level":"info","event":"Formatting title: The Grand Budapest Hotel","logger":"root","filename":"new_tropes_dag.py","lineno":66}
{"timestamp":"2025-12-19T10:49:01.102248Z","level":"info","event":"Formatting title: The Great Escape","logger":"root","filename":"new_tropes_dag.py","lineno":66}
{"timestamp":"2025-12-19T10:49:01.102275Z","level":"info","event":"Formatting title: The Great Muppet Caper","logger":"root","filename":"new_tropes_dag.py","lineno":66}
{"timestamp":"2025-12-19T10:49:01.102302Z","level":"info","event":"Formatting title: The Greatest Showman","logger":"root","filename":"new_tropes_dag.py","lineno":66}
{"timestamp":"2025-12-19T10:49:01.102329Z","level":"info","event":"Formatting title: The Grudge","logger":"root","filename":"new_tropes_dag.py","lineno":66}
{"timestamp":"2025-12-19T10:49:01.102356Z","level":"info","event":"Formatting title: The Grudge","logger":"root","filename":"new_tropes_dag.py","lineno":66}
{"timestamp":"2025-12-19T10:49:01.102381Z","level":"info","event":"Formatting title: The Guest","logger":"root","filename":"new_tropes_dag.py","lineno":66}
{"timestamp":"2025-12-19T10:49:01.102410Z","level":"info","event":"Formatting title: The Hand Of God","logger":"root","filename":"new_tropes_dag.py","lineno":66}
{"timestamp":"2025-12-19T10:49:01.102439Z","level":"info","event":"Formatting title: The Hangover","logger":"root","filename":"new_tropes_dag.py","lineno":66}
{"timestamp":"2025-12-19T10:49:01.102464Z","level":"info","event":"Formatting title: The Happy Prince","logger":"root","filename":"new_tropes_dag.py","lineno":66}
{"timestamp":"2025-12-19T10:49:01.102490Z","level":"info","event":"Formatting title: The Harder They Fall","logger":"root","filename":"new_tropes_dag.py","lineno":66}
{"timestamp":"2025-12-19T10:49:01.102517Z","level":"info","event":"Formatting title: The Hate You Give","logger":"root","filename":"new_tropes_dag.py","lineno":66}
{"timestamp":"2025-12-19T10:49:01.102544Z","level":"info","event":"Formatting title: The Hateful Eight","logger":"root","filename":"new_tropes_dag.py","lineno":66}
{"timestamp":"2025-12-19T10:49:01.102571Z","level":"info","event":"Formatting title: The Haunted Mansion","logger":"root","filename":"new_tropes_dag.py","lineno":66}
{"timestamp":"2025-12-19T10:49:01.102598Z","level":"info","event":"Formatting title: The Help","logger":"root","filename":"new_tropes_dag.py","lineno":66}
{"timestamp":"2025-12-19T10:49:01.102623Z","level":"info","event":"Formatting title: The Hills Have Eyes","logger":"root","filename":"new_tropes_dag.py","lineno":66}
{"timestamp":"2025-12-19T10:49:01.102659Z","level":"info","event":"Formatting title: The Hitcher","logger":"root","filename":"new_tropes_dag.py","lineno":66}
{"timestamp":"2025-12-19T10:49:01.102687Z","level":"info","event":"Formatting title: The Hitchhikers Guide To The Galaxy","logger":"root","filename":"new_tropes_dag.py","lineno":66}
{"timestamp":"2025-12-19T10:49:01.102715Z","level":"info","event":"Formatting title: The Hitmans Bodyguard","logger":"root","filename":"new_tropes_dag.py","lineno":66}
{"timestamp":"2025-12-19T10:49:01.102742Z","level":"info","event":"Formatting title: The Hobbit An Unexpected Journey","logger":"root","filename":"new_tropes_dag.py","lineno":66}
{"timestamp":"2025-12-19T10:49:01.102769Z","level":"info","event":"Formatting title: The Hobbit The Desolation Of Smaug","logger":"root","filename":"new_tropes_dag.py","lineno":66}
{"timestamp":"2025-12-19T10:49:01.102797Z","level":"info","event":"Formatting title: The Holdovers","logger":"root","filename":"new_tropes_dag.py","lineno":66}
{"timestamp":"2025-12-19T10:49:01.102823Z","level":"info","event":"Formatting title: The Hole","logger":"root","filename":"new_tropes_dag.py","lineno":66}
{"timestamp":"2025-12-19T10:49:01.102848Z","level":"info","event":"Formatting title: The Holiday","logger":"root","filename":"new_tropes_dag.py","lineno":66}
{"timestamp":"2025-12-19T10:49:01.102874Z","level":"info","event":"Formatting title: The Hollars","logger":"root","filename":"new_tropes_dag.py","lineno":66}
{"timestamp":"2025-12-19T10:49:01.102898Z","level":"info","event":"Formatting title: The Hours","logger":"root","filename":"new_tropes_dag.py","lineno":66}
{"timestamp":"2025-12-19T10:49:01.102923Z","level":"info","event":"Formatting title: The Howling","logger":"root","filename":"new_tropes_dag.py","lineno":66}
{"timestamp":"2025-12-19T10:49:01.102948Z","level":"info","event":"Formatting title: The Humans","logger":"root","filename":"new_tropes_dag.py","lineno":66}
{"timestamp":"2025-12-19T10:49:01.102973Z","level":"info","event":"Formatting title: The Hummingbird Project","logger":"root","filename":"new_tropes_dag.py","lineno":66}
{"timestamp":"2025-12-19T10:49:01.102999Z","level":"info","event":"Formatting title: The Hunger Games","logger":"root","filename":"new_tropes_dag.py","lineno":66}
{"timestamp":"2025-12-19T10:49:01.103024Z","level":"info","event":"Formatting title: The Hunger Games Catching Fire","logger":"root","filename":"new_tropes_dag.py","lineno":66}
{"timestamp":"2025-12-19T10:49:01.103049Z","level":"info","event":"Formatting title: The Hurt Locker","logger":"root","filename":"new_tropes_dag.py","lineno":66}
{"timestamp":"2025-12-19T10:49:01.103075Z","level":"info","event":"Formatting title: The Hustler","logger":"root","filename":"new_tropes_dag.py","lineno":66}
{"timestamp":"2025-12-19T10:49:01.103102Z","level":"info","event":"Formatting title: The Imaginarium Of Doctor Parnassus","logger":"root","filename":"new_tropes_dag.py","lineno":66}
{"timestamp":"2025-12-19T10:49:01.103128Z","level":"info","event":"Formatting title: The Imitation Game","logger":"root","filename":"new_tropes_dag.py","lineno":66}
{"timestamp":"2025-12-19T10:49:01.103155Z","level":"info","event":"Formatting title: The Incredible Burt Wonderstone","logger":"root","filename":"new_tropes_dag.py","lineno":66}
{"timestamp":"2025-12-19T10:49:01.103186Z","level":"info","event":"Formatting title: The Incredible Hulk","logger":"root","filename":"new_tropes_dag.py","lineno":66}
{"timestamp":"2025-12-19T10:49:01.103212Z","level":"info","event":"Formatting title: The Incredibles","logger":"root","filename":"new_tropes_dag.py","lineno":66}
{"timestamp":"2025-12-19T10:49:01.103238Z","level":"info","event":"Formatting title: The Informant","logger":"root","filename":"new_tropes_dag.py","lineno":66}
{"timestamp":"2025-12-19T10:49:01.103265Z","level":"info","event":"Formatting title: The Internship","logger":"root","filename":"new_tropes_dag.py","lineno":66}
{"timestamp":"2025-12-19T10:49:01.103290Z","level":"info","event":"Formatting title: The Interpreter","logger":"root","filename":"new_tropes_dag.py","lineno":66}
{"timestamp":"2025-12-19T10:49:01.103315Z","level":"info","event":"Formatting title: The Interview","logger":"root","filename":"new_tropes_dag.py","lineno":66}
{"timestamp":"2025-12-19T10:49:01.103340Z","level":"info","event":"Formatting title: The Invisible Woman","logger":"root","filename":"new_tropes_dag.py","lineno":66}
{"timestamp":"2025-12-19T10:49:01.103366Z","level":"info","event":"Formatting title: The Invitation","logger":"root","filename":"new_tropes_dag.py","lineno":66}
{"timestamp":"2025-12-19T10:49:01.103390Z","level":"info","event":"Formatting title: The Irishman","logger":"root","filename":"new_tropes_dag.py","lineno":66}
{"timestamp":"2025-12-19T10:49:01.103421Z","level":"info","event":"Formatting title: The Iron Claw","logger":"root","filename":"new_tropes_dag.py","lineno":66}
{"timestamp":"2025-12-19T10:49:01.103446Z","level":"info","event":"Formatting title: The Iron Giant","logger":"root","filename":"new_tropes_dag.py","lineno":66}
{"timestamp":"2025-12-19T10:49:01.103472Z","level":"info","event":"Formatting title: The Island Of Dr Moreau","logger":"root","filename":"new_tropes_dag.py","lineno":66}
{"timestamp":"2025-12-19T10:49:01.103497Z","level":"info","event":"Formatting title: The Jerk","logger":"root","filename":"new_tropes_dag.py","lineno":66}
{"timestamp":"2025-12-19T10:49:01.103528Z","level":"info","event":"Formatting title: The Jewel Of The Nile","logger":"root","filename":"new_tropes_dag.py","lineno":66}
{"timestamp":"2025-12-19T10:49:01.103556Z","level":"info","event":"Formatting title: The Karate Kid Part 2","logger":"root","filename":"new_tropes_dag.py","lineno":66}
{"timestamp":"2025-12-19T10:49:01.103583Z","level":"info","event":"Formatting title: The Karate Kid Part 3","logger":"root","filename":"new_tropes_dag.py","lineno":66}
{"timestamp":"2025-12-19T10:49:01.103608Z","level":"info","event":"Formatting title: The Kids Are All Right","logger":"root","filename":"new_tropes_dag.py","lineno":66}
{"timestamp":"2025-12-19T10:49:01.103632Z","level":"info","event":"Formatting title: The Killer","logger":"root","filename":"new_tropes_dag.py","lineno":66}
{"timestamp":"2025-12-19T10:49:01.103657Z","level":"info","event":"Formatting title: The Killing Of A Sacred Deer","logger":"root","filename":"new_tropes_dag.py","lineno":66}
{"timestamp":"2025-12-19T10:49:01.103684Z","level":"info","event":"Formatting title: The King","logger":"root","filename":"new_tropes_dag.py","lineno":66}
{"timestamp":"2025-12-19T10:49:01.103710Z","level":"info","event":"Formatting title: The King Of Comedy","logger":"root","filename":"new_tropes_dag.py","lineno":66}
{"timestamp":"2025-12-19T10:49:01.103735Z","level":"info","event":"Formatting title: The Kings Speech","logger":"root","filename":"new_tropes_dag.py","lineno":66}
{"timestamp":"2025-12-19T10:49:01.103762Z","level":"info","event":"Formatting title: The Last Boy Scout","logger":"root","filename":"new_tropes_dag.py","lineno":66}
{"timestamp":"2025-12-19T10:49:01.103787Z","level":"info","event":"Formatting title: The Last Castle","logger":"root","filename":"new_tropes_dag.py","lineno":66}
{"timestamp":"2025-12-19T10:49:01.103811Z","level":"info","event":"Formatting title: The Last Picture Show","logger":"root","filename":"new_tropes_dag.py","lineno":66}
{"timestamp":"2025-12-19T10:49:01.103836Z","level":"info","event":"Formatting title: The Last Station","logger":"root","filename":"new_tropes_dag.py","lineno":66}
{"timestamp":"2025-12-19T10:49:01.103860Z","level":"info","event":"Formatting title: The Last Temptation Of Christ","logger":"root","filename":"new_tropes_dag.py","lineno":66}
{"timestamp":"2025-12-19T10:49:01.103884Z","level":"info","event":"Formatting title: The Legend Of Zorro","logger":"root","filename":"new_tropes_dag.py","lineno":66}
{"timestamp":"2025-12-19T10:49:01.103932Z","level":"info","event":"Formatting title: The Lego Movie","logger":"root","filename":"new_tropes_dag.py","lineno":66}
{"timestamp":"2025-12-19T10:49:01.103968Z","level":"info","event":"Formatting title: The Lighthouse","logger":"root","filename":"new_tropes_dag.py","lineno":66}
{"timestamp":"2025-12-19T10:49:01.103999Z","level":"info","event":"Formatting title: The Lincoln Lawyer","logger":"root","filename":"new_tropes_dag.py","lineno":66}
{"timestamp":"2025-12-19T10:49:01.104042Z","level":"info","event":"Formatting title: The Lion In Winter","logger":"root","filename":"new_tropes_dag.py","lineno":66}
{"timestamp":"2025-12-19T10:49:01.104076Z","level":"info","event":"Formatting title: The Lion King","logger":"root","filename":"new_tropes_dag.py","lineno":66}
{"timestamp":"2025-12-19T10:49:01.104105Z","level":"info","event":"Formatting title: The Little Mermaid","logger":"root","filename":"new_tropes_dag.py","lineno":66}
{"timestamp":"2025-12-19T10:49:01.104133Z","level":"info","event":"Formatting title: The Living Daylights","logger":"root","filename":"new_tropes_dag.py","lineno":66}
{"timestamp":"2025-12-19T10:49:01.104161Z","level":"info","event":"Formatting title: The Lobster","logger":"root","filename":"new_tropes_dag.py","lineno":66}
{"timestamp":"2025-12-19T10:49:01.104187Z","level":"info","event":"Formatting title: The Lone Ranger","logger":"root","filename":"new_tropes_dag.py","lineno":66}
{"timestamp":"2025-12-19T10:49:01.104214Z","level":"info","event":"Formatting title: The Long Goodbye","logger":"root","filename":"new_tropes_dag.py","lineno":66}
{"timestamp":"2025-12-19T10:49:01.104240Z","level":"info","event":"Formatting title: The Long Kiss Goodnight","logger":"root","filename":"new_tropes_dag.py","lineno":66}
{"timestamp":"2025-12-19T10:49:01.104267Z","level":"info","event":"Formatting title: The Lorax","logger":"root","filename":"new_tropes_dag.py","lineno":66}
{"timestamp":"2025-12-19T10:49:01.104293Z","level":"info","event":"Formatting title: The Lord Of The Rings The Fellowship Of The Ring","logger":"root","filename":"new_tropes_dag.py","lineno":66}
{"timestamp":"2025-12-19T10:49:01.104320Z","level":"info","event":"Formatting title: The Lord Of The Rings The Return Of The King","logger":"root","filename":"new_tropes_dag.py","lineno":66}
{"timestamp":"2025-12-19T10:49:01.104349Z","level":"info","event":"Formatting title: The Lord Of The Rings The Two Towers","logger":"root","filename":"new_tropes_dag.py","lineno":66}
{"timestamp":"2025-12-19T10:49:01.104374Z","level":"info","event":"Formatting title: The Lost Boys","logger":"root","filename":"new_tropes_dag.py","lineno":66}
{"timestamp":"2025-12-19T10:49:01.104399Z","level":"info","event":"Formatting title: The Lost City Of Z","logger":"root","filename":"new_tropes_dag.py","lineno":66}
{"timestamp":"2025-12-19T10:49:01.104424Z","level":"info","event":"Formatting title: The Lost Daughter","logger":"root","filename":"new_tropes_dag.py","lineno":66}
{"timestamp":"2025-12-19T10:49:01.104449Z","level":"info","event":"Formatting title: The Lost Weekend","logger":"root","filename":"new_tropes_dag.py","lineno":66}
{"timestamp":"2025-12-19T10:49:01.104474Z","level":"info","event":"Formatting title: The Lost World Jurassic Park","logger":"root","filename":"new_tropes_dag.py","lineno":66}
{"timestamp":"2025-12-19T10:49:01.104499Z","level":"info","event":"Formatting title: The Lunchbox","logger":"root","filename":"new_tropes_dag.py","lineno":66}
{"timestamp":"2025-12-19T10:49:01.104524Z","level":"info","event":"Formatting title: The Majestic","logger":"root","filename":"new_tropes_dag.py","lineno":66}
{"timestamp":"2025-12-19T10:49:01.104548Z","level":"info","event":"Formatting title: The Maltese Falcon","logger":"root","filename":"new_tropes_dag.py","lineno":66}
{"timestamp":"2025-12-19T10:49:01.104574Z","level":"info","event":"Formatting title: The Man From Uncle","logger":"root","filename":"new_tropes_dag.py","lineno":66}
{"timestamp":"2025-12-19T10:49:01.104599Z","level":"info","event":"Formatting title: The Man Who Invented Christmas","logger":"root","filename":"new_tropes_dag.py","lineno":66}
{"timestamp":"2025-12-19T10:49:01.104624Z","level":"info","event":"Formatting title: The Manchurian Candidate","logger":"root","filename":"new_tropes_dag.py","lineno":66}
{"timestamp":"2025-12-19T10:49:01.104649Z","level":"info","event":"Formatting title: The Martian","logger":"root","filename":"new_tropes_dag.py","lineno":66}
{"timestamp":"2025-12-19T10:49:01.104674Z","level":"info","event":"Formatting title: The Mask","logger":"root","filename":"new_tropes_dag.py","lineno":66}
{"timestamp":"2025-12-19T10:49:01.104698Z","level":"info","event":"Formatting title: The Mask Of Zorro","logger":"root","filename":"new_tropes_dag.py","lineno":66}
{"timestamp":"2025-12-19T10:49:01.104725Z","level":"info","event":"Formatting title: The Master","logger":"root","filename":"new_tropes_dag.py","lineno":66}
{"timestamp":"2025-12-19T10:49:01.104751Z","level":"info","event":"Formatting title: The Matador","logger":"root","filename":"new_tropes_dag.py","lineno":66}
{"timestamp":"2025-12-19T10:49:01.104776Z","level":"info","event":"Formatting title: The Matrix","logger":"root","filename":"new_tropes_dag.py","lineno":66}
{"timestamp":"2025-12-19T10:49:01.104800Z","level":"info","event":"Formatting title: The Matrix Reloaded","logger":"root","filename":"new_tropes_dag.py","lineno":66}
{"timestamp":"2025-12-19T10:49:01.104825Z","level":"info","event":"Formatting title: The Matrix Revolutions","logger":"root","filename":"new_tropes_dag.py","lineno":66}
{"timestamp":"2025-12-19T10:49:01.104849Z","level":"info","event":"Formatting title: The Maze Runner","logger":"root","filename":"new_tropes_dag.py","lineno":66}
{"timestamp":"2025-12-19T10:49:01.104873Z","level":"info","event":"Formatting title: The Meddler","logger":"root","filename":"new_tropes_dag.py","lineno":66}
{"timestamp":"2025-12-19T10:49:01.104897Z","level":"info","event":"Formatting title: The Meg","logger":"root","filename":"new_tropes_dag.py","lineno":66}
{"timestamp":"2025-12-19T10:49:01.104922Z","level":"info","event":"Formatting title: The Men Who Stare At Goats","logger":"root","filename":"new_tropes_dag.py","lineno":66}
{"timestamp":"2025-12-19T10:49:01.104946Z","level":"info","event":"Formatting title: The Menu","logger":"root","filename":"new_tropes_dag.py","lineno":66}
{"timestamp":"2025-12-19T10:49:01.104971Z","level":"info","event":"Formatting title: The Midnight Sky","logger":"root","filename":"new_tropes_dag.py","lineno":66}
{"timestamp":"2025-12-19T10:49:01.104997Z","level":"info","event":"Formatting title: The Mighty Ducks","logger":"root","filename":"new_tropes_dag.py","lineno":66}
{"timestamp":"2025-12-19T10:49:01.105020Z","level":"info","event":"Formatting title: The Miracle Club","logger":"root","filename":"new_tropes_dag.py","lineno":66}
{"timestamp":"2025-12-19T10:49:01.105069Z","level":"info","event":"Formatting title: The Mitchells Vs The Machines","logger":"root","filename":"new_tropes_dag.py","lineno":66}
{"timestamp":"2025-12-19T10:49:01.105099Z","level":"info","event":"Formatting title: The Mother","logger":"root","filename":"new_tropes_dag.py","lineno":66}
{"timestamp":"2025-12-19T10:49:01.105125Z","level":"info","event":"Formatting title: The Mummy","logger":"root","filename":"new_tropes_dag.py","lineno":66}
{"timestamp":"2025-12-19T10:49:01.105150Z","level":"info","event":"Formatting title: The Mummy","logger":"root","filename":"new_tropes_dag.py","lineno":66}
{"timestamp":"2025-12-19T10:49:01.105174Z","level":"info","event":"Formatting title: The Mummy Returns","logger":"root","filename":"new_tropes_dag.py","lineno":66}
{"timestamp":"2025-12-19T10:49:01.105199Z","level":"info","event":"Formatting title: The Mummy Tomb Of The Dragon Emperor","logger":"root","filename":"new_tropes_dag.py","lineno":66}
{"timestamp":"2025-12-19T10:49:01.105225Z","level":"info","event":"Formatting title: The Naked Gun 2½ The Smell Of Fear","logger":"root","filename":"new_tropes_dag.py","lineno":66}
{"timestamp":"2025-12-19T10:49:01.105252Z","level":"info","event":"Formatting title: The Naked Gun From The Files Of Police Squad","logger":"root","filename":"new_tropes_dag.py","lineno":66}
{"timestamp":"2025-12-19T10:49:01.105277Z","level":"info","event":"Formatting title: The Neon Demon","logger":"root","filename":"new_tropes_dag.py","lineno":66}
{"timestamp":"2025-12-19T10:49:01.105301Z","level":"info","event":"Formatting title: The Nice Guys","logger":"root","filename":"new_tropes_dag.py","lineno":66}
{"timestamp":"2025-12-19T10:49:01.105326Z","level":"info","event":"Formatting title: The Night House","logger":"root","filename":"new_tropes_dag.py","lineno":66}
{"timestamp":"2025-12-19T10:49:01.105352Z","level":"info","event":"Formatting title: The Nightmare Before Christmas","logger":"root","filename":"new_tropes_dag.py","lineno":66}
{"timestamp":"2025-12-19T10:49:01.105377Z","level":"info","event":"Formatting title: The Nines","logger":"root","filename":"new_tropes_dag.py","lineno":66}
{"timestamp":"2025-12-19T10:49:01.105404Z","level":"info","event":"Formatting title: The Northman","logger":"root","filename":"new_tropes_dag.py","lineno":66}
{"timestamp":"2025-12-19T10:49:01.105431Z","level":"info","event":"Formatting title: The Nun","logger":"root","filename":"new_tropes_dag.py","lineno":66}
{"timestamp":"2025-12-19T10:49:01.105456Z","level":"info","event":"Formatting title: The Nutty Professor","logger":"root","filename":"new_tropes_dag.py","lineno":66}
{"timestamp":"2025-12-19T10:49:01.105483Z","level":"info","event":"Formatting title: The Old Man And The Gun","logger":"root","filename":"new_tropes_dag.py","lineno":66}
{"timestamp":"2025-12-19T10:49:01.105509Z","level":"info","event":"Formatting title: The Omen","logger":"root","filename":"new_tropes_dag.py","lineno":66}
{"timestamp":"2025-12-19T10:49:01.105534Z","level":"info","event":"Formatting title: The Other Guys","logger":"root","filename":"new_tropes_dag.py","lineno":66}
{"timestamp":"2025-12-19T10:49:01.105560Z","level":"info","event":"Formatting title: The Other Side Of The Wind","logger":"root","filename":"new_tropes_dag.py","lineno":66}
{"timestamp":"2025-12-19T10:49:01.105587Z","level":"info","event":"Formatting title: The Others","logger":"root","filename":"new_tropes_dag.py","lineno":66}
{"timestamp":"2025-12-19T10:49:01.105613Z","level":"info","event":"Formatting title: The Outrun","logger":"root","filename":"new_tropes_dag.py","lineno":66}
{"timestamp":"2025-12-19T10:49:01.105639Z","level":"info","event":"Formatting title: The Outsiders","logger":"root","filename":"new_tropes_dag.py","lineno":66}
{"timestamp":"2025-12-19T10:49:01.105664Z","level":"info","event":"Formatting title: The Passion Of The Christ","logger":"root","filename":"new_tropes_dag.py","lineno":66}
{"timestamp":"2025-12-19T10:49:01.105690Z","level":"info","event":"Formatting title: The Peanut Butter Falcon","logger":"root","filename":"new_tropes_dag.py","lineno":66}
{"timestamp":"2025-12-19T10:49:01.105716Z","level":"info","event":"Formatting title: The Pelican Brief","logger":"root","filename":"new_tropes_dag.py","lineno":66}
{"timestamp":"2025-12-19T10:49:01.105742Z","level":"info","event":"Formatting title: The Perfect Storm","logger":"root","filename":"new_tropes_dag.py","lineno":66}
{"timestamp":"2025-12-19T10:49:01.105768Z","level":"info","event":"Formatting title: The Perks Of Being A Wallflower","logger":"root","filename":"new_tropes_dag.py","lineno":66}
{"timestamp":"2025-12-19T10:49:01.105793Z","level":"info","event":"Formatting title: The Persian Version","logger":"root","filename":"new_tropes_dag.py","lineno":66}
{"timestamp":"2025-12-19T10:49:01.105819Z","level":"info","event":"Formatting title: The Phantom","logger":"root","filename":"new_tropes_dag.py","lineno":66}
{"timestamp":"2025-12-19T10:49:01.105844Z","level":"info","event":"Formatting title: The Place Beyond The Pines","logger":"root","filename":"new_tropes_dag.py","lineno":66}
{"timestamp":"2025-12-19T10:49:01.105870Z","level":"info","event":"Formatting title: The Player","logger":"root","filename":"new_tropes_dag.py","lineno":66}
{"timestamp":"2025-12-19T10:49:01.105895Z","level":"info","event":"Formatting title: The Poseidon Adventure","logger":"root","filename":"new_tropes_dag.py","lineno":66}
{"timestamp":"2025-12-19T10:49:01.105943Z","level":"info","event":"Formatting title: The Post","logger":"root","filename":"new_tropes_dag.py","lineno":66}
{"timestamp":"2025-12-19T10:49:01.105975Z","level":"info","event":"Formatting title: The Power Of The Dog","logger":"root","filename":"new_tropes_dag.py","lineno":66}
{"timestamp":"2025-12-19T10:49:01.106003Z","level":"info","event":"Formatting title: The Predator","logger":"root","filename":"new_tropes_dag.py","lineno":66}
{"timestamp":"2025-12-19T10:49:01.106029Z","level":"info","event":"Formatting title: The Prestige","logger":"root","filename":"new_tropes_dag.py","lineno":66}
{"timestamp":"2025-12-19T10:49:01.106055Z","level":"info","event":"Formatting title: The Princess Bride","logger":"root","filename":"new_tropes_dag.py","lineno":66}
{"timestamp":"2025-12-19T10:49:01.106081Z","level":"info","event":"Formatting title: The Proposal","logger":"root","filename":"new_tropes_dag.py","lineno":66}
{"timestamp":"2025-12-19T10:49:01.106106Z","level":"info","event":"Formatting title: The Purge","logger":"root","filename":"new_tropes_dag.py","lineno":66}
{"timestamp":"2025-12-19T10:49:01.106132Z","level":"info","event":"Formatting title: The Pursuit Of Happyness","logger":"root","filename":"new_tropes_dag.py","lineno":66}
{"timestamp":"2025-12-19T10:49:01.106157Z","level":"info","event":"Formatting title: The Rage Carrie 2","logger":"root","filename":"new_tropes_dag.py","lineno":66}
{"timestamp":"2025-12-19T10:49:01.106181Z","level":"info","event":"Formatting title: The Red Turtle","logger":"root","filename":"new_tropes_dag.py","lineno":66}
{"timestamp":"2025-12-19T10:49:01.106206Z","level":"info","event":"Formatting title: The Revenant","logger":"root","filename":"new_tropes_dag.py","lineno":66}
{"timestamp":"2025-12-19T10:49:01.106230Z","level":"info","event":"Formatting title: The Rider","logger":"root","filename":"new_tropes_dag.py","lineno":66}
{"timestamp":"2025-12-19T10:49:01.106254Z","level":"info","event":"Formatting title: The Ring","logger":"root","filename":"new_tropes_dag.py","lineno":66}
{"timestamp":"2025-12-19T10:49:01.106278Z","level":"info","event":"Formatting title: The Road Warrior","logger":"root","filename":"new_tropes_dag.py","lineno":66}
{"timestamp":"2025-12-19T10:49:01.106303Z","level":"info","event":"Formatting title: The Rock","logger":"root","filename":"new_tropes_dag.py","lineno":66}
{"timestamp":"2025-12-19T10:49:01.106328Z","level":"info","event":"Formatting title: The Rocketeer","logger":"root","filename":"new_tropes_dag.py","lineno":66}
{"timestamp":"2025-12-19T10:49:01.106352Z","level":"info","event":"Formatting title: The Rocky Horror Picture Show","logger":"root","filename":"new_tropes_dag.py","lineno":66}
{"timestamp":"2025-12-19T10:49:01.106377Z","level":"info","event":"Formatting title: The Rookie","logger":"root","filename":"new_tropes_dag.py","lineno":66}
{"timestamp":"2025-12-19T10:49:01.106402Z","level":"info","event":"Formatting title: The Room Next Door","logger":"root","filename":"new_tropes_dag.py","lineno":66}
{"timestamp":"2025-12-19T10:49:01.106425Z","level":"info","event":"Formatting title: The Rover","logger":"root","filename":"new_tropes_dag.py","lineno":66}
{"timestamp":"2025-12-19T10:49:01.106449Z","level":"info","event":"Formatting title: The Royal Tenenbaums","logger":"root","filename":"new_tropes_dag.py","lineno":66}
{"timestamp":"2025-12-19T10:49:01.106472Z","level":"info","event":"Formatting title: The Rum Diary","logger":"root","filename":"new_tropes_dag.py","lineno":66}
{"timestamp":"2025-12-19T10:49:01.106495Z","level":"info","event":"Formatting title: The Sandlot","logger":"root","filename":"new_tropes_dag.py","lineno":66}
{"timestamp":"2025-12-19T10:49:01.106518Z","level":"info","event":"Formatting title: The Santa Clause","logger":"root","filename":"new_tropes_dag.py","lineno":66}
{"timestamp":"2025-12-19T10:49:01.157937Z","level":"info","event":"Formatting title: The Savages","logger":"root","filename":"new_tropes_dag.py","lineno":66}
{"timestamp":"2025-12-19T10:49:01.158051Z","level":"info","event":"Formatting title: The Searchers","logger":"root","filename":"new_tropes_dag.py","lineno":66}
{"timestamp":"2025-12-19T10:49:01.158087Z","level":"info","event":"Formatting title: The Secret Life Of Pets","logger":"root","filename":"new_tropes_dag.py","lineno":66}
{"timestamp":"2025-12-19T10:49:01.158118Z","level":"info","event":"Formatting title: The Secret Life Of Walter Mitty","logger":"root","filename":"new_tropes_dag.py","lineno":66}
{"timestamp":"2025-12-19T10:49:01.158147Z","level":"info","event":"Formatting title: The Sessions","logger":"root","filename":"new_tropes_dag.py","lineno":66}
{"timestamp":"2025-12-19T10:49:01.158175Z","level":"info","event":"Formatting title: The Shape Of Water","logger":"root","filename":"new_tropes_dag.py","lineno":66}
{"timestamp":"2025-12-19T10:49:01.158202Z","level":"info","event":"Formatting title: The Shawshank Redemption","logger":"root","filename":"new_tropes_dag.py","lineno":66}
{"timestamp":"2025-12-19T10:49:01.158228Z","level":"info","event":"Formatting title: The Shining","logger":"root","filename":"new_tropes_dag.py","lineno":66}
{"timestamp":"2025-12-19T10:49:01.158254Z","level":"info","event":"Formatting title: The Silence Of The Lambs","logger":"root","filename":"new_tropes_dag.py","lineno":66}
{"timestamp":"2025-12-19T10:49:01.158279Z","level":"info","event":"Formatting title: The Sisters Brothers","logger":"root","filename":"new_tropes_dag.py","lineno":66}
{"timestamp":"2025-12-19T10:49:01.158318Z","level":"info","event":"Formatting title: The Sixth Sense","logger":"root","filename":"new_tropes_dag.py","lineno":66}
{"timestamp":"2025-12-19T10:49:01.158350Z","level":"info","event":"Formatting title: The Skeleton Key","logger":"root","filename":"new_tropes_dag.py","lineno":66}
{"timestamp":"2025-12-19T10:49:01.158376Z","level":"info","event":"Formatting title: The Social Network","logger":"root","filename":"new_tropes_dag.py","lineno":66}
{"timestamp":"2025-12-19T10:49:01.158405Z","level":"info","event":"Formatting title: The Son","logger":"root","filename":"new_tropes_dag.py","lineno":66}
{"timestamp":"2025-12-19T10:49:01.158431Z","level":"info","event":"Formatting title: The Song Of Names","logger":"root","filename":"new_tropes_dag.py","lineno":66}
{"timestamp":"2025-12-19T10:49:01.158457Z","level":"info","event":"Formatting title: The Spy Who Dumped Me","logger":"root","filename":"new_tropes_dag.py","lineno":66}
{"timestamp":"2025-12-19T10:49:01.158483Z","level":"info","event":"Formatting title: The Spy Who Loved Me","logger":"root","filename":"new_tropes_dag.py","lineno":66}
{"timestamp":"2025-12-19T10:49:01.158509Z","level":"info","event":"Formatting title: The Squid And The Whale","logger":"root","filename":"new_tropes_dag.py","lineno":66}
{"timestamp":"2025-12-19T10:49:01.158538Z","level":"info","event":"Formatting title: The Star Wars Holiday Special","logger":"root","filename":"new_tropes_dag.py","lineno":66}
{"timestamp":"2025-12-19T10:49:01.158565Z","level":"info","event":"Formatting title: The Sting","logger":"root","filename":"new_tropes_dag.py","lineno":66}
{"timestamp":"2025-12-19T10:49:01.158590Z","level":"info","event":"Formatting title: The Substance","logger":"root","filename":"new_tropes_dag.py","lineno":66}
{"timestamp":"2025-12-19T10:49:01.158615Z","level":"info","event":"Formatting title: The Sun Is Also A Star","logger":"root","filename":"new_tropes_dag.py","lineno":66}
{"timestamp":"2025-12-19T10:49:01.158640Z","level":"info","event":"Formatting title: The Super","logger":"root","filename":"new_tropes_dag.py","lineno":66}
{"timestamp":"2025-12-19T10:49:01.158665Z","level":"info","event":"Formatting title: The Talented Mr Ripley","logger":"root","filename":"new_tropes_dag.py","lineno":66}
{"timestamp":"2025-12-19T10:49:01.158690Z","level":"info","event":"Formatting title: The Teachers Lounge","logger":"root","filename":"new_tropes_dag.py","lineno":66}
{"timestamp":"2025-12-19T10:49:01.158714Z","level":"info","event":"Formatting title: The Tender Bar","logger":"root","filename":"new_tropes_dag.py","lineno":66}
{"timestamp":"2025-12-19T10:49:01.158737Z","level":"info","event":"Formatting title: The Terminator","logger":"root","filename":"new_tropes_dag.py","lineno":66}
{"timestamp":"2025-12-19T10:49:01.158763Z","level":"info","event":"Formatting title: The Texas Chain Saw Massacre","logger":"root","filename":"new_tropes_dag.py","lineno":66}
{"timestamp":"2025-12-19T10:49:01.158788Z","level":"info","event":"Formatting title: The Theory Of Everything","logger":"root","filename":"new_tropes_dag.py","lineno":66}
{"timestamp":"2025-12-19T10:49:01.158814Z","level":"info","event":"Formatting title: The Thin Red Line","logger":"root","filename":"new_tropes_dag.py","lineno":66}
{"timestamp":"2025-12-19T10:49:01.158838Z","level":"info","event":"Formatting title: The Thing","logger":"root","filename":"new_tropes_dag.py","lineno":66}
{"timestamp":"2025-12-19T10:49:01.158861Z","level":"info","event":"Formatting title: The Third Man","logger":"root","filename":"new_tropes_dag.py","lineno":66}
{"timestamp":"2025-12-19T10:49:01.158885Z","level":"info","event":"Formatting title: The Thomas Crown Affair","logger":"root","filename":"new_tropes_dag.py","lineno":66}
{"timestamp":"2025-12-19T10:49:01.158909Z","level":"info","event":"Formatting title: The Tomorrow War","logger":"root","filename":"new_tropes_dag.py","lineno":66}
{"timestamp":"2025-12-19T10:49:01.158935Z","level":"info","event":"Formatting title: The Town","logger":"root","filename":"new_tropes_dag.py","lineno":66}
{"timestamp":"2025-12-19T10:49:01.158959Z","level":"info","event":"Formatting title: The Toy","logger":"root","filename":"new_tropes_dag.py","lineno":66}
{"timestamp":"2025-12-19T10:49:01.158984Z","level":"info","event":"Formatting title: The Tragedy Of Macbeth","logger":"root","filename":"new_tropes_dag.py","lineno":66}
{"timestamp":"2025-12-19T10:49:01.159008Z","level":"info","event":"Formatting title: The Tree Of Life","logger":"root","filename":"new_tropes_dag.py","lineno":66}
{"timestamp":"2025-12-19T10:49:01.159032Z","level":"info","event":"Formatting title: The Trial Of The Chicago 7","logger":"root","filename":"new_tropes_dag.py","lineno":66}
{"timestamp":"2025-12-19T10:49:01.159085Z","level":"info","event":"Formatting title: The Truman Show","logger":"root","filename":"new_tropes_dag.py","lineno":66}
{"timestamp":"2025-12-19T10:49:01.159124Z","level":"info","event":"Formatting title: The Two Jakes","logger":"root","filename":"new_tropes_dag.py","lineno":66}
{"timestamp":"2025-12-19T10:49:01.159153Z","level":"info","event":"Formatting title: The Two Popes","logger":"root","filename":"new_tropes_dag.py","lineno":66}
{"timestamp":"2025-12-19T10:49:01.159180Z","level":"info","event":"Formatting title: The Unborn","logger":"root","filename":"new_tropes_dag.py","lineno":66}
{"timestamp":"2025-12-19T10:49:01.159206Z","level":"info","event":"Formatting title: The Usual Suspects","logger":"root","filename":"new_tropes_dag.py","lineno":66}
{"timestamp":"2025-12-19T10:49:01.159247Z","level":"info","event":"Formatting title: The Verdict","logger":"root","filename":"new_tropes_dag.py","lineno":66}
{"timestamp":"2025-12-19T10:49:01.159272Z","level":"info","event":"Formatting title: The Virgin Suicides","logger":"root","filename":"new_tropes_dag.py","lineno":66}
{"timestamp":"2025-12-19T10:49:01.159298Z","level":"info","event":"Formatting title: The Warriors","logger":"root","filename":"new_tropes_dag.py","lineno":66}
{"timestamp":"2025-12-19T10:49:01.159323Z","level":"info","event":"Formatting title: The Way Back","logger":"root","filename":"new_tropes_dag.py","lineno":66}
{"timestamp":"2025-12-19T10:49:01.159348Z","level":"info","event":"Formatting title: The Wedding Singer","logger":"root","filename":"new_tropes_dag.py","lineno":66}
{"timestamp":"2025-12-19T10:49:01.159374Z","level":"info","event":"Formatting title: The Whale","logger":"root","filename":"new_tropes_dag.py","lineno":66}
{"timestamp":"2025-12-19T10:49:01.159398Z","level":"info","event":"Formatting title: The White Ribbon","logger":"root","filename":"new_tropes_dag.py","lineno":66}
{"timestamp":"2025-12-19T10:49:01.159422Z","level":"info","event":"Formatting title: The White Tiger","logger":"root","filename":"new_tropes_dag.py","lineno":66}
{"timestamp":"2025-12-19T10:49:01.159446Z","level":"info","event":"Formatting title: The Wicker Man","logger":"root","filename":"new_tropes_dag.py","lineno":66}
{"timestamp":"2025-12-19T10:49:01.159470Z","level":"info","event":"Formatting title: The Wife","logger":"root","filename":"new_tropes_dag.py","lineno":66}
{"timestamp":"2025-12-19T10:49:01.159495Z","level":"info","event":"Formatting title: The Wild Bunch","logger":"root","filename":"new_tropes_dag.py","lineno":66}
{"timestamp":"2025-12-19T10:49:01.159537Z","level":"info","event":"Formatting title: The Wild Robot","logger":"root","filename":"new_tropes_dag.py","lineno":66}
{"timestamp":"2025-12-19T10:49:01.159571Z","level":"info","event":"Formatting title: The Witch","logger":"root","filename":"new_tropes_dag.py","lineno":66}
{"timestamp":"2025-12-19T10:49:01.159599Z","level":"info","event":"Formatting title: The Witches","logger":"root","filename":"new_tropes_dag.py","lineno":66}
{"timestamp":"2025-12-19T10:49:01.159627Z","level":"info","event":"Formatting title: The Wizard Of Oz","logger":"root","filename":"new_tropes_dag.py","lineno":66}
{"timestamp":"2025-12-19T10:49:01.159653Z","level":"info","event":"Formatting title: The Wolf Of Wall Street","logger":"root","filename":"new_tropes_dag.py","lineno":66}
{"timestamp":"2025-12-19T10:49:01.159680Z","level":"info","event":"Formatting title: The Wolverine","logger":"root","filename":"new_tropes_dag.py","lineno":66}
{"timestamp":"2025-12-19T10:49:01.159706Z","level":"info","event":"Formatting title: The Woman King","logger":"root","filename":"new_tropes_dag.py","lineno":66}
{"timestamp":"2025-12-19T10:49:01.159731Z","level":"info","event":"Formatting title: The World Is Not Enough","logger":"root","filename":"new_tropes_dag.py","lineno":66}
{"timestamp":"2025-12-19T10:49:01.159756Z","level":"info","event":"Formatting title: The Worlds End","logger":"root","filename":"new_tropes_dag.py","lineno":66}
{"timestamp":"2025-12-19T10:49:01.159782Z","level":"info","event":"Formatting title: The X Files","logger":"root","filename":"new_tropes_dag.py","lineno":66}
{"timestamp":"2025-12-19T10:49:01.159807Z","level":"info","event":"Formatting title: The Zone Of Interest","logger":"root","filename":"new_tropes_dag.py","lineno":66}
{"timestamp":"2025-12-19T10:49:01.159832Z","level":"info","event":"Formatting title: Thelma & Louise","logger":"root","filename":"new_tropes_dag.py","lineno":66}
{"timestamp":"2025-12-19T10:49:01.159857Z","level":"info","event":"Formatting title: Theory Of Everything The","logger":"root","filename":"new_tropes_dag.py","lineno":66}
{"timestamp":"2025-12-19T10:49:01.159883Z","level":"info","event":"Formatting title: There Will Be Blood","logger":"root","filename":"new_tropes_dag.py","lineno":66}
{"timestamp":"2025-12-19T10:49:01.159909Z","level":"info","event":"Formatting title: Theres Something About Mary","logger":"root","filename":"new_tropes_dag.py","lineno":66}
{"timestamp":"2025-12-19T10:49:01.159934Z","level":"info","event":"Formatting title: They","logger":"root","filename":"new_tropes_dag.py","lineno":66}
{"timestamp":"2025-12-19T10:49:01.159958Z","level":"info","event":"Formatting title: They Live","logger":"root","filename":"new_tropes_dag.py","lineno":66}
{"timestamp":"2025-12-19T10:49:01.159992Z","level":"info","event":"Formatting title: Thing The","logger":"root","filename":"new_tropes_dag.py","lineno":66}
{"timestamp":"2025-12-19T10:49:01.160031Z","level":"info","event":"Formatting title: Things My Father Never Taught Me The","logger":"root","filename":"new_tropes_dag.py","lineno":66}
{"timestamp":"2025-12-19T10:49:01.160061Z","level":"info","event":"Formatting title: Thir13en Ghosts","logger":"root","filename":"new_tropes_dag.py","lineno":66}
{"timestamp":"2025-12-19T10:49:01.160088Z","level":"info","event":"Formatting title: Thirteen","logger":"root","filename":"new_tropes_dag.py","lineno":66}
{"timestamp":"2025-12-19T10:49:01.160117Z","level":"info","event":"Formatting title: Thirteen Days","logger":"root","filename":"new_tropes_dag.py","lineno":66}
{"timestamp":"2025-12-19T10:49:01.160143Z","level":"info","event":"Formatting title: Thirteen Lives","logger":"root","filename":"new_tropes_dag.py","lineno":66}
{"timestamp":"2025-12-19T10:49:01.160169Z","level":"info","event":"Formatting title: This Boys Life","logger":"root","filename":"new_tropes_dag.py","lineno":66}
{"timestamp":"2025-12-19T10:49:01.160193Z","level":"info","event":"Formatting title: This Is 40","logger":"root","filename":"new_tropes_dag.py","lineno":66}
{"timestamp":"2025-12-19T10:49:01.160219Z","level":"info","event":"Formatting title: Thor","logger":"root","filename":"new_tropes_dag.py","lineno":66}
{"timestamp":"2025-12-19T10:49:01.160243Z","level":"info","event":"Formatting title: Thor Ragnarok","logger":"root","filename":"new_tropes_dag.py","lineno":66}
{"timestamp":"2025-12-19T10:49:01.160268Z","level":"info","event":"Formatting title: Thoroughbreds","logger":"root","filename":"new_tropes_dag.py","lineno":66}
{"timestamp":"2025-12-19T10:49:01.160291Z","level":"info","event":"Formatting title: Those Who Walk Away","logger":"root","filename":"new_tropes_dag.py","lineno":66}
{"timestamp":"2025-12-19T10:49:01.160316Z","level":"info","event":"Formatting title: Three Billboards Outside Ebbing Missouri","logger":"root","filename":"new_tropes_dag.py","lineno":66}
{"timestamp":"2025-12-19T10:49:01.160341Z","level":"info","event":"Formatting title: Three Days Of Condor","logger":"root","filename":"new_tropes_dag.py","lineno":66}
{"timestamp":"2025-12-19T10:49:01.160364Z","level":"info","event":"Formatting title: Three Kings","logger":"root","filename":"new_tropes_dag.py","lineno":66}
{"timestamp":"2025-12-19T10:49:01.160392Z","level":"info","event":"Formatting title: Three Kings (spoils Of War)","logger":"root","filename":"new_tropes_dag.py","lineno":66}
{"timestamp":"2025-12-19T10:49:01.160417Z","level":"info","event":"Formatting title: Three Men And A Baby","logger":"root","filename":"new_tropes_dag.py","lineno":66}
{"timestamp":"2025-12-19T10:49:01.160441Z","level":"info","event":"Formatting title: Three Musketeers The","logger":"root","filename":"new_tropes_dag.py","lineno":66}
{"timestamp":"2025-12-19T10:49:01.160465Z","level":"info","event":"Formatting title: Three Thousand Years Of Longing","logger":"root","filename":"new_tropes_dag.py","lineno":66}
{"timestamp":"2025-12-19T10:49:01.160489Z","level":"info","event":"Formatting title: Thunderball","logger":"root","filename":"new_tropes_dag.py","lineno":66}
{"timestamp":"2025-12-19T10:49:01.160514Z","level":"info","event":"Formatting title: Thunderbirds","logger":"root","filename":"new_tropes_dag.py","lineno":66}
{"timestamp":"2025-12-19T10:49:01.160538Z","level":"info","event":"Formatting title: Thunderheart","logger":"root","filename":"new_tropes_dag.py","lineno":66}
{"timestamp":"2025-12-19T10:49:01.160562Z","level":"info","event":"Formatting title: Thx 1138","logger":"root","filename":"new_tropes_dag.py","lineno":66}
{"timestamp":"2025-12-19T10:49:01.160586Z","level":"info","event":"Formatting title: Tick Tick Boom","logger":"root","filename":"new_tropes_dag.py","lineno":66}
{"timestamp":"2025-12-19T10:49:01.160610Z","level":"info","event":"Formatting title: Ticker","logger":"root","filename":"new_tropes_dag.py","lineno":66}
{"timestamp":"2025-12-19T10:49:01.160634Z","level":"info","event":"Formatting title: Till","logger":"root","filename":"new_tropes_dag.py","lineno":66}
{"timestamp":"2025-12-19T10:49:01.160658Z","level":"info","event":"Formatting title: Timber Falls","logger":"root","filename":"new_tropes_dag.py","lineno":66}
{"timestamp":"2025-12-19T10:49:01.160681Z","level":"info","event":"Formatting title: Time Machine The","logger":"root","filename":"new_tropes_dag.py","lineno":66}
{"timestamp":"2025-12-19T10:49:01.160705Z","level":"info","event":"Formatting title: Tin Cup","logger":"root","filename":"new_tropes_dag.py","lineno":66}
{"timestamp":"2025-12-19T10:49:01.160729Z","level":"info","event":"Formatting title: Tin Men","logger":"root","filename":"new_tropes_dag.py","lineno":66}
{"timestamp":"2025-12-19T10:49:01.160753Z","level":"info","event":"Formatting title: Tinker Tailor Soldier Spy","logger":"root","filename":"new_tropes_dag.py","lineno":66}
{"timestamp":"2025-12-19T10:49:01.160776Z","level":"info","event":"Formatting title: Titanic","logger":"root","filename":"new_tropes_dag.py","lineno":66}
{"timestamp":"2025-12-19T10:49:01.160799Z","level":"info","event":"Formatting title: Tmnt","logger":"root","filename":"new_tropes_dag.py","lineno":66}
{"timestamp":"2025-12-19T10:49:01.160822Z","level":"info","event":"Formatting title: To All The Boys Ive Loved Before","logger":"root","filename":"new_tropes_dag.py","lineno":66}
{"timestamp":"2025-12-19T10:49:01.160845Z","level":"info","event":"Formatting title: To Catch A Killer","logger":"root","filename":"new_tropes_dag.py","lineno":66}
{"timestamp":"2025-12-19T10:49:01.160868Z","level":"info","event":"Formatting title: To Kill A Mockingbird","logger":"root","filename":"new_tropes_dag.py","lineno":66}
{"timestamp":"2025-12-19T10:49:01.160891Z","level":"info","event":"Formatting title: To Sleep With Anger","logger":"root","filename":"new_tropes_dag.py","lineno":66}
{"timestamp":"2025-12-19T10:49:01.160915Z","level":"info","event":"Formatting title: To Wong Foo Thanks For Everything Julie Newmar","logger":"root","filename":"new_tropes_dag.py","lineno":66}
{"timestamp":"2025-12-19T10:49:01.160940Z","level":"info","event":"Formatting title: Tombstone","logger":"root","filename":"new_tropes_dag.py","lineno":66}
{"timestamp":"2025-12-19T10:49:01.160964Z","level":"info","event":"Formatting title: Tomorrow Never Dies","logger":"root","filename":"new_tropes_dag.py","lineno":66}
{"timestamp":"2025-12-19T10:49:01.160987Z","level":"info","event":"Formatting title: Toni Erdmann","logger":"root","filename":"new_tropes_dag.py","lineno":66}
{"timestamp":"2025-12-19T10:49:01.161011Z","level":"info","event":"Formatting title: Tootsie","logger":"root","filename":"new_tropes_dag.py","lineno":66}
{"timestamp":"2025-12-19T10:49:01.161087Z","level":"info","event":"Formatting title: Top Gun","logger":"root","filename":"new_tropes_dag.py","lineno":66}
{"timestamp":"2025-12-19T10:49:01.161121Z","level":"info","event":"Formatting title: Top Gun Maverick","logger":"root","filename":"new_tropes_dag.py","lineno":66}
{"timestamp":"2025-12-19T10:49:01.161149Z","level":"info","event":"Formatting title: Total Recall","logger":"root","filename":"new_tropes_dag.py","lineno":66}
{"timestamp":"2025-12-19T10:49:01.161176Z","level":"info","event":"Formatting title: Totem","logger":"root","filename":"new_tropes_dag.py","lineno":66}
{"timestamp":"2025-12-19T10:49:01.161202Z","level":"info","event":"Formatting title: Touch Of Evil","logger":"root","filename":"new_tropes_dag.py","lineno":66}
{"timestamp":"2025-12-19T10:49:01.161228Z","level":"info","event":"Formatting title: Tough Guys","logger":"root","filename":"new_tropes_dag.py","lineno":66}
{"timestamp":"2025-12-19T10:49:01.161253Z","level":"info","event":"Formatting title: Tourist The","logger":"root","filename":"new_tropes_dag.py","lineno":66}
{"timestamp":"2025-12-19T10:49:01.161278Z","level":"info","event":"Formatting title: Tower Block","logger":"root","filename":"new_tropes_dag.py","lineno":66}
{"timestamp":"2025-12-19T10:49:01.161303Z","level":"info","event":"Formatting title: Tower Of Terror","logger":"root","filename":"new_tropes_dag.py","lineno":66}
{"timestamp":"2025-12-19T10:49:01.161327Z","level":"info","event":"Formatting title: Town The","logger":"root","filename":"new_tropes_dag.py","lineno":66}
{"timestamp":"2025-12-19T10:49:01.161352Z","level":"info","event":"Formatting title: Toy Story","logger":"root","filename":"new_tropes_dag.py","lineno":66}
{"timestamp":"2025-12-19T10:49:01.161377Z","level":"info","event":"Formatting title: Toy Story 2","logger":"root","filename":"new_tropes_dag.py","lineno":66}
{"timestamp":"2025-12-19T10:49:01.161401Z","level":"info","event":"Formatting title: Toy Story 3","logger":"root","filename":"new_tropes_dag.py","lineno":66}
{"timestamp":"2025-12-19T10:49:01.161425Z","level":"info","event":"Formatting title: Toy Story 4","logger":"root","filename":"new_tropes_dag.py","lineno":66}
{"timestamp":"2025-12-19T10:49:01.161449Z","level":"info","event":"Formatting title: Traffic","logger":"root","filename":"new_tropes_dag.py","lineno":66}
{"timestamp":"2025-12-19T10:49:01.161473Z","level":"info","event":"Formatting title: Training Day","logger":"root","filename":"new_tropes_dag.py","lineno":66}
{"timestamp":"2025-12-19T10:49:01.161497Z","level":"info","event":"Formatting title: Trainspotting","logger":"root","filename":"new_tropes_dag.py","lineno":66}
{"timestamp":"2025-12-19T10:49:01.161536Z","level":"info","event":"Formatting title: Trainwreck","logger":"root","filename":"new_tropes_dag.py","lineno":66}
{"timestamp":"2025-12-19T10:49:01.161573Z","level":"info","event":"Formatting title: Transcendence","logger":"root","filename":"new_tropes_dag.py","lineno":66}
{"timestamp":"2025-12-19T10:49:01.161602Z","level":"info","event":"Formatting title: Transformers","logger":"root","filename":"new_tropes_dag.py","lineno":66}
{"timestamp":"2025-12-19T10:49:01.161629Z","level":"info","event":"Formatting title: Transformers The Movie","logger":"root","filename":"new_tropes_dag.py","lineno":66}
{"timestamp":"2025-12-19T10:49:01.161655Z","level":"info","event":"Formatting title: Trap Livin","logger":"root","filename":"new_tropes_dag.py","lineno":66}
{"timestamp":"2025-12-19T10:49:01.161681Z","level":"info","event":"Formatting title: Tremors","logger":"root","filename":"new_tropes_dag.py","lineno":66}
{"timestamp":"2025-12-19T10:49:01.161707Z","level":"info","event":"Formatting title: Triangle Of Sadness","logger":"root","filename":"new_tropes_dag.py","lineno":66}
{"timestamp":"2025-12-19T10:49:01.161732Z","level":"info","event":"Formatting title: Trick R Treat","logger":"root","filename":"new_tropes_dag.py","lineno":66}
{"timestamp":"2025-12-19T10:49:01.161758Z","level":"info","event":"Formatting title: Tristan And Isolde","logger":"root","filename":"new_tropes_dag.py","lineno":66}
{"timestamp":"2025-12-19T10:49:01.161783Z","level":"info","event":"Formatting title: Tron","logger":"root","filename":"new_tropes_dag.py","lineno":66}
{"timestamp":"2025-12-19T10:49:01.161809Z","level":"info","event":"Formatting title: Tron Legacy","logger":"root","filename":"new_tropes_dag.py","lineno":66}
{"timestamp":"2025-12-19T10:49:01.161834Z","level":"info","event":"Formatting title: Tropic Thunder","logger":"root","filename":"new_tropes_dag.py","lineno":66}
{"timestamp":"2025-12-19T10:49:01.161859Z","level":"info","event":"Formatting title: Troy","logger":"root","filename":"new_tropes_dag.py","lineno":66}
{"timestamp":"2025-12-19T10:49:01.161884Z","level":"info","event":"Formatting title: True Grit","logger":"root","filename":"new_tropes_dag.py","lineno":66}
{"timestamp":"2025-12-19T10:49:01.161908Z","level":"info","event":"Formatting title: True Lies","logger":"root","filename":"new_tropes_dag.py","lineno":66}
{"timestamp":"2025-12-19T10:49:01.161932Z","level":"info","event":"Formatting title: True Romance","logger":"root","filename":"new_tropes_dag.py","lineno":66}
{"timestamp":"2025-12-19T10:49:01.161957Z","level":"info","event":"Formatting title: Truman Show The","logger":"root","filename":"new_tropes_dag.py","lineno":66}
{"timestamp":"2025-12-19T10:49:01.161981Z","level":"info","event":"Formatting title: Trumbo","logger":"root","filename":"new_tropes_dag.py","lineno":66}
{"timestamp":"2025-12-19T10:49:01.162007Z","level":"info","event":"Formatting title: Tucker And Dale Vs Evil","logger":"root","filename":"new_tropes_dag.py","lineno":66}
{"timestamp":"2025-12-19T10:49:01.162032Z","level":"info","event":"Formatting title: Tully","logger":"root","filename":"new_tropes_dag.py","lineno":66}
{"timestamp":"2025-12-19T10:49:01.162057Z","level":"info","event":"Formatting title: Tusk","logger":"root","filename":"new_tropes_dag.py","lineno":66}
{"timestamp":"2025-12-19T10:49:01.162082Z","level":"info","event":"Formatting title: Twelve Monkeys","logger":"root","filename":"new_tropes_dag.py","lineno":66}
{"timestamp":"2025-12-19T10:49:01.162107Z","level":"info","event":"Formatting title: Twilight","logger":"root","filename":"new_tropes_dag.py","lineno":66}
{"timestamp":"2025-12-19T10:49:01.162131Z","level":"info","event":"Formatting title: Twilight New Moon","logger":"root","filename":"new_tropes_dag.py","lineno":66}
{"timestamp":"2025-12-19T10:49:01.162155Z","level":"info","event":"Formatting title: Twin Peaks","logger":"root","filename":"new_tropes_dag.py","lineno":66}
{"timestamp":"2025-12-19T10:49:01.162178Z","level":"info","event":"Formatting title: Twin Peaks Fire Walk With Me","logger":"root","filename":"new_tropes_dag.py","lineno":66}
{"timestamp":"2025-12-19T10:49:01.162203Z","level":"info","event":"Formatting title: Twins","logger":"root","filename":"new_tropes_dag.py","lineno":66}
{"timestamp":"2025-12-19T10:49:01.162226Z","level":"info","event":"Formatting title: Twister","logger":"root","filename":"new_tropes_dag.py","lineno":66}
{"timestamp":"2025-12-19T10:49:01.162250Z","level":"info","event":"Formatting title: Two For The Money","logger":"root","filename":"new_tropes_dag.py","lineno":66}
{"timestamp":"2025-12-19T10:49:01.162278Z","level":"info","event":"Formatting title: Tár","logger":"root","filename":"new_tropes_dag.py","lineno":66}
{"timestamp":"2025-12-19T10:49:01.162305Z","level":"info","event":"Formatting title: U Turn","logger":"root","filename":"new_tropes_dag.py","lineno":66}
{"timestamp":"2025-12-19T10:49:01.162329Z","level":"info","event":"Formatting title: Ugly Truth The","logger":"root","filename":"new_tropes_dag.py","lineno":66}
{"timestamp":"2025-12-19T10:49:01.162353Z","level":"info","event":"Formatting title: Un Singe En Hiver","logger":"root","filename":"new_tropes_dag.py","lineno":66}
{"timestamp":"2025-12-19T10:49:01.162378Z","level":"info","event":"Formatting title: Unbreakable","logger":"root","filename":"new_tropes_dag.py","lineno":66}
{"timestamp":"2025-12-19T10:49:01.162416Z","level":"info","event":"Formatting title: Uncle Buck","logger":"root","filename":"new_tropes_dag.py","lineno":66}
{"timestamp":"2025-12-19T10:49:01.162449Z","level":"info","event":"Formatting title: Under Fire","logger":"root","filename":"new_tropes_dag.py","lineno":66}
{"timestamp":"2025-12-19T10:49:01.162476Z","level":"info","event":"Formatting title: Under Siege","logger":"root","filename":"new_tropes_dag.py","lineno":66}
{"timestamp":"2025-12-19T10:49:01.162502Z","level":"info","event":"Formatting title: Under The Silver Lake","logger":"root","filename":"new_tropes_dag.py","lineno":66}
{"timestamp":"2025-12-19T10:49:01.162528Z","level":"info","event":"Formatting title: Underwater","logger":"root","filename":"new_tropes_dag.py","lineno":66}
{"timestamp":"2025-12-19T10:49:01.162553Z","level":"info","event":"Formatting title: Underworld","logger":"root","filename":"new_tropes_dag.py","lineno":66}
{"timestamp":"2025-12-19T10:49:01.162579Z","level":"info","event":"Formatting title: Unforgiven","logger":"root","filename":"new_tropes_dag.py","lineno":66}
{"timestamp":"2025-12-19T10:49:01.162605Z","level":"info","event":"Formatting title: Unknown","logger":"root","filename":"new_tropes_dag.py","lineno":66}
{"timestamp":"2025-12-19T10:49:01.162632Z","level":"info","event":"Formatting title: Up","logger":"root","filename":"new_tropes_dag.py","lineno":66}
{"timestamp":"2025-12-19T10:49:01.162658Z","level":"info","event":"Formatting title: Up In The Air","logger":"root","filename":"new_tropes_dag.py","lineno":66}
{"timestamp":"2025-12-19T10:49:01.162687Z","level":"info","event":"Formatting title: Upgrade","logger":"root","filename":"new_tropes_dag.py","lineno":66}
{"timestamp":"2025-12-19T10:49:01.162714Z","level":"info","event":"Formatting title: Upstream Color","logger":"root","filename":"new_tropes_dag.py","lineno":66}
{"timestamp":"2025-12-19T10:49:01.162740Z","level":"info","event":"Formatting title: Us","logger":"root","filename":"new_tropes_dag.py","lineno":66}
{"timestamp":"2025-12-19T10:49:01.162768Z","level":"info","event":"Formatting title: Usual Suspects The","logger":"root","filename":"new_tropes_dag.py","lineno":66}
{"timestamp":"2025-12-19T10:49:01.162795Z","level":"info","event":"Formatting title: V For Vendetta","logger":"root","filename":"new_tropes_dag.py","lineno":66}
{"timestamp":"2025-12-19T10:49:01.162820Z","level":"info","event":"Formatting title: Vacancy","logger":"root","filename":"new_tropes_dag.py","lineno":66}
{"timestamp":"2025-12-19T10:49:01.162844Z","level":"info","event":"Formatting title: Vacation","logger":"root","filename":"new_tropes_dag.py","lineno":66}
{"timestamp":"2025-12-19T10:49:01.162869Z","level":"info","event":"Formatting title: Valentines Day","logger":"root","filename":"new_tropes_dag.py","lineno":66}
{"timestamp":"2025-12-19T10:49:01.162893Z","level":"info","event":"Formatting title: Valkyrie","logger":"root","filename":"new_tropes_dag.py","lineno":66}
{"timestamp":"2025-12-19T10:49:01.162920Z","level":"info","event":"Formatting title: Van Helsing","logger":"root","filename":"new_tropes_dag.py","lineno":66}
{"timestamp":"2025-12-19T10:49:01.162944Z","level":"info","event":"Formatting title: Vanilla Sky","logger":"root","filename":"new_tropes_dag.py","lineno":66}
{"timestamp":"2025-12-19T10:49:01.162969Z","level":"info","event":"Formatting title: Velvet Buzzsaw","logger":"root","filename":"new_tropes_dag.py","lineno":66}
{"timestamp":"2025-12-19T10:49:01.162992Z","level":"info","event":"Formatting title: Vengeance","logger":"root","filename":"new_tropes_dag.py","lineno":66}
{"timestamp":"2025-12-19T10:49:01.163017Z","level":"info","event":"Formatting title: Verdict The","logger":"root","filename":"new_tropes_dag.py","lineno":66}
{"timestamp":"2025-12-19T10:49:01.163045Z","level":"info","event":"Formatting title: Vertigo","logger":"root","filename":"new_tropes_dag.py","lineno":66}
{"timestamp":"2025-12-19T10:49:01.163070Z","level":"info","event":"Formatting title: Very Bad Things","logger":"root","filename":"new_tropes_dag.py","lineno":66}
{"timestamp":"2025-12-19T10:49:01.163098Z","level":"info","event":"Formatting title: Vice","logger":"root","filename":"new_tropes_dag.py","lineno":66}
{"timestamp":"2025-12-19T10:49:01.163128Z","level":"info","event":"Formatting title: Victor Frankenstein","logger":"root","filename":"new_tropes_dag.py","lineno":66}
{"timestamp":"2025-12-19T10:49:01.163156Z","level":"info","event":"Formatting title: Victoria & Abdul","logger":"root","filename":"new_tropes_dag.py","lineno":66}
{"timestamp":"2025-12-19T10:49:01.163209Z","level":"info","event":"Formatting title: Village The","logger":"root","filename":"new_tropes_dag.py","lineno":66}
{"timestamp":"2025-12-19T10:49:01.163235Z","level":"info","event":"Formatting title: Virtuosity","logger":"root","filename":"new_tropes_dag.py","lineno":66}
{"timestamp":"2025-12-19T10:49:01.163262Z","level":"info","event":"Formatting title: Visitor The","logger":"root","filename":"new_tropes_dag.py","lineno":66}
{"timestamp":"2025-12-19T10:49:01.163296Z","level":"info","event":"Formatting title: Vox Lux","logger":"root","filename":"new_tropes_dag.py","lineno":66}
{"timestamp":"2025-12-19T10:49:01.163323Z","level":"info","event":"Formatting title: Wadjda","logger":"root","filename":"new_tropes_dag.py","lineno":66}
{"timestamp":"2025-12-19T10:49:01.163352Z","level":"info","event":"Formatting title: Wag The Dog","logger":"root","filename":"new_tropes_dag.py","lineno":66}
{"timestamp":"2025-12-19T10:49:01.163383Z","level":"info","event":"Formatting title: Walk Hard The Dewey Cox Story","logger":"root","filename":"new_tropes_dag.py","lineno":66}
{"timestamp":"2025-12-19T10:49:01.163416Z","level":"info","event":"Formatting title: Walk To Remember A","logger":"root","filename":"new_tropes_dag.py","lineno":66}
{"timestamp":"2025-12-19T10:49:01.163444Z","level":"info","event":"Formatting title: Walking Tall","logger":"root","filename":"new_tropes_dag.py","lineno":66}
{"timestamp":"2025-12-19T10:49:01.163476Z","level":"info","event":"Formatting title: Wall E","logger":"root","filename":"new_tropes_dag.py","lineno":66}
{"timestamp":"2025-12-19T10:49:01.163506Z","level":"info","event":"Formatting title: Wall Street","logger":"root","filename":"new_tropes_dag.py","lineno":66}
{"timestamp":"2025-12-19T10:49:01.163580Z","level":"info","event":"Formatting title: Wall Street Money Never Sleeps","logger":"root","filename":"new_tropes_dag.py","lineno":66}
{"timestamp":"2025-12-19T10:49:01.163631Z","level":"info","event":"Formatting title: Wanted","logger":"root","filename":"new_tropes_dag.py","lineno":66}
{"timestamp":"2025-12-19T10:49:01.163667Z","level":"info","event":"Formatting title: War For The Planet Of The Apes","logger":"root","filename":"new_tropes_dag.py","lineno":66}
{"timestamp":"2025-12-19T10:49:01.163700Z","level":"info","event":"Formatting title: War Horse","logger":"root","filename":"new_tropes_dag.py","lineno":66}
{"timestamp":"2025-12-19T10:49:01.163730Z","level":"info","event":"Formatting title: War Of The Roses","logger":"root","filename":"new_tropes_dag.py","lineno":66}
{"timestamp":"2025-12-19T10:49:01.163759Z","level":"info","event":"Formatting title: War Of The Worlds","logger":"root","filename":"new_tropes_dag.py","lineno":66}
{"timestamp":"2025-12-19T10:49:01.163788Z","level":"info","event":"Formatting title: Warm Springs","logger":"root","filename":"new_tropes_dag.py","lineno":66}
{"timestamp":"2025-12-19T10:49:01.163818Z","level":"info","event":"Formatting title: Warrior","logger":"root","filename":"new_tropes_dag.py","lineno":66}
{"timestamp":"2025-12-19T10:49:01.163844Z","level":"info","event":"Formatting title: Watchmen","logger":"root","filename":"new_tropes_dag.py","lineno":66}
{"timestamp":"2025-12-19T10:49:01.163871Z","level":"info","event":"Formatting title: Water For Elephants","logger":"root","filename":"new_tropes_dag.py","lineno":66}
{"timestamp":"2025-12-19T10:49:01.163897Z","level":"info","event":"Formatting title: Waves","logger":"root","filename":"new_tropes_dag.py","lineno":66}
{"timestamp":"2025-12-19T10:49:01.163927Z","level":"info","event":"Formatting title: Way Back The","logger":"root","filename":"new_tropes_dag.py","lineno":66}
{"timestamp":"2025-12-19T10:49:01.163956Z","level":"info","event":"Formatting title: We Need To Talk About Kevin","logger":"root","filename":"new_tropes_dag.py","lineno":66}
{"timestamp":"2025-12-19T10:49:01.163986Z","level":"info","event":"Formatting title: We Own The Night","logger":"root","filename":"new_tropes_dag.py","lineno":66}
{"timestamp":"2025-12-19T10:49:01.164012Z","level":"info","event":"Formatting title: Wedding Crashers","logger":"root","filename":"new_tropes_dag.py","lineno":66}
{"timestamp":"2025-12-19T10:49:01.164038Z","level":"info","event":"Formatting title: Weird Science","logger":"root","filename":"new_tropes_dag.py","lineno":66}
{"timestamp":"2025-12-19T10:49:01.164063Z","level":"info","event":"Formatting title: Weird The Al Yankovic Story","logger":"root","filename":"new_tropes_dag.py","lineno":66}
{"timestamp":"2025-12-19T10:49:01.164091Z","level":"info","event":"Formatting title: Were No Angels","logger":"root","filename":"new_tropes_dag.py","lineno":66}
{"timestamp":"2025-12-19T10:49:01.164116Z","level":"info","event":"Formatting title: Wes Cravens New Nightmare","logger":"root","filename":"new_tropes_dag.py","lineno":66}
{"timestamp":"2025-12-19T10:49:01.164142Z","level":"info","event":"Formatting title: West Side Story","logger":"root","filename":"new_tropes_dag.py","lineno":66}
{"timestamp":"2025-12-19T10:49:01.164170Z","level":"info","event":"Formatting title: Westworld","logger":"root","filename":"new_tropes_dag.py","lineno":66}
{"timestamp":"2025-12-19T10:49:01.164198Z","level":"info","event":"Formatting title: What About Bob","logger":"root","filename":"new_tropes_dag.py","lineno":66}
{"timestamp":"2025-12-19T10:49:01.164224Z","level":"info","event":"Formatting title: What Dreams May Come","logger":"root","filename":"new_tropes_dag.py","lineno":66}
{"timestamp":"2025-12-19T10:49:01.164248Z","level":"info","event":"Formatting title: What Lies Beneath","logger":"root","filename":"new_tropes_dag.py","lineno":66}
{"timestamp":"2025-12-19T10:49:01.164273Z","level":"info","event":"Formatting title: What They Had","logger":"root","filename":"new_tropes_dag.py","lineno":66}
{"timestamp":"2025-12-19T10:49:01.164298Z","level":"info","event":"Formatting title: When A Stranger Calls","logger":"root","filename":"new_tropes_dag.py","lineno":66}
{"timestamp":"2025-12-19T10:49:01.164321Z","level":"info","event":"Formatting title: When Harry Met Sally","logger":"root","filename":"new_tropes_dag.py","lineno":66}
{"timestamp":"2025-12-19T10:49:01.164345Z","level":"info","event":"Formatting title: Where The Day Takes You","logger":"root","filename":"new_tropes_dag.py","lineno":66}
{"timestamp":"2025-12-19T10:49:01.164369Z","level":"info","event":"Formatting title: Where The Wild Things Are","logger":"root","filename":"new_tropes_dag.py","lineno":66}
{"timestamp":"2025-12-19T10:49:01.164400Z","level":"info","event":"Formatting title: Which Way Is Up","logger":"root","filename":"new_tropes_dag.py","lineno":66}
{"timestamp":"2025-12-19T10:49:01.164425Z","level":"info","event":"Formatting title: While She Was Out","logger":"root","filename":"new_tropes_dag.py","lineno":66}
{"timestamp":"2025-12-19T10:49:01.164452Z","level":"info","event":"Formatting title: While You Were Sleeping","logger":"root","filename":"new_tropes_dag.py","lineno":66}
{"timestamp":"2025-12-19T10:49:01.164479Z","level":"info","event":"Formatting title: Whiplash","logger":"root","filename":"new_tropes_dag.py","lineno":66}
{"timestamp":"2025-12-19T10:49:01.164504Z","level":"info","event":"Formatting title: Whistleblower The","logger":"root","filename":"new_tropes_dag.py","lineno":66}
{"timestamp":"2025-12-19T10:49:01.164527Z","level":"info","event":"Formatting title: White Christmas","logger":"root","filename":"new_tropes_dag.py","lineno":66}
{"timestamp":"2025-12-19T10:49:01.164551Z","level":"info","event":"Formatting title: White Jazz","logger":"root","filename":"new_tropes_dag.py","lineno":66}
{"timestamp":"2025-12-19T10:49:01.164574Z","level":"info","event":"Formatting title: White Noise","logger":"root","filename":"new_tropes_dag.py","lineno":66}
{"timestamp":"2025-12-19T10:49:01.164597Z","level":"info","event":"Formatting title: White Ribbon The","logger":"root","filename":"new_tropes_dag.py","lineno":66}
{"timestamp":"2025-12-19T10:49:01.164621Z","level":"info","event":"Formatting title: White Squall","logger":"root","filename":"new_tropes_dag.py","lineno":66}
{"timestamp":"2025-12-19T10:49:01.164645Z","level":"info","event":"Formatting title: Whiteout","logger":"root","filename":"new_tropes_dag.py","lineno":66}
{"timestamp":"2025-12-19T10:49:01.164669Z","level":"info","event":"Formatting title: Whitney Houston I Wanna Dance With Somebody","logger":"root","filename":"new_tropes_dag.py","lineno":66}
{"timestamp":"2025-12-19T10:49:01.164693Z","level":"info","event":"Formatting title: Who Framed Roger Rabbit","logger":"root","filename":"new_tropes_dag.py","lineno":66}
{"timestamp":"2025-12-19T10:49:01.164716Z","level":"info","event":"Formatting title: Whos Your Daddy","logger":"root","filename":"new_tropes_dag.py","lineno":66}
{"timestamp":"2025-12-19T10:49:01.164740Z","level":"info","event":"Formatting title: Wicked","logger":"root","filename":"new_tropes_dag.py","lineno":66}
{"timestamp":"2025-12-19T10:49:01.164764Z","level":"info","event":"Formatting title: Wild","logger":"root","filename":"new_tropes_dag.py","lineno":66}
{"timestamp":"2025-12-19T10:49:01.223930Z","level":"info","event":"Formatting title: Wild At Heart","logger":"root","filename":"new_tropes_dag.py","lineno":66}
{"timestamp":"2025-12-19T10:49:01.224033Z","level":"info","event":"Formatting title: Wild Bunch The","logger":"root","filename":"new_tropes_dag.py","lineno":66}
{"timestamp":"2025-12-19T10:49:01.224071Z","level":"info","event":"Formatting title: Wild Hogs","logger":"root","filename":"new_tropes_dag.py","lineno":66}
{"timestamp":"2025-12-19T10:49:01.224102Z","level":"info","event":"Formatting title: Wild Things","logger":"root","filename":"new_tropes_dag.py","lineno":66}
{"timestamp":"2025-12-19T10:49:01.224134Z","level":"info","event":"Formatting title: Wild Things Diamonds In The Rough","logger":"root","filename":"new_tropes_dag.py","lineno":66}
{"timestamp":"2025-12-19T10:49:01.224163Z","level":"info","event":"Formatting title: Wild Wild West","logger":"root","filename":"new_tropes_dag.py","lineno":66}
{"timestamp":"2025-12-19T10:49:01.224192Z","level":"info","event":"Formatting title: Wildlife","logger":"root","filename":"new_tropes_dag.py","lineno":66}
{"timestamp":"2025-12-19T10:49:01.224222Z","level":"info","event":"Formatting title: Willow","logger":"root","filename":"new_tropes_dag.py","lineno":66}
{"timestamp":"2025-12-19T10:49:01.224248Z","level":"info","event":"Formatting title: Willy Wonka & The Chocolate Factory","logger":"root","filename":"new_tropes_dag.py","lineno":66}
{"timestamp":"2025-12-19T10:49:01.224274Z","level":"info","event":"Formatting title: Win Win","logger":"root","filename":"new_tropes_dag.py","lineno":66}
{"timestamp":"2025-12-19T10:49:01.224299Z","level":"info","event":"Formatting title: Wind Chill","logger":"root","filename":"new_tropes_dag.py","lineno":66}
{"timestamp":"2025-12-19T10:49:01.224324Z","level":"info","event":"Formatting title: Wind River","logger":"root","filename":"new_tropes_dag.py","lineno":66}
{"timestamp":"2025-12-19T10:49:01.224350Z","level":"info","event":"Formatting title: Winters Tale","logger":"root","filename":"new_tropes_dag.py","lineno":66}
{"timestamp":"2025-12-19T10:49:01.224376Z","level":"info","event":"Formatting title: Wise Guys","logger":"root","filename":"new_tropes_dag.py","lineno":66}
{"timestamp":"2025-12-19T10:49:01.224400Z","level":"info","event":"Formatting title: Withnail And I","logger":"root","filename":"new_tropes_dag.py","lineno":66}
{"timestamp":"2025-12-19T10:49:01.224426Z","level":"info","event":"Formatting title: Witness","logger":"root","filename":"new_tropes_dag.py","lineno":66}
{"timestamp":"2025-12-19T10:49:01.224452Z","level":"info","event":"Formatting title: Wizard Of Oz The","logger":"root","filename":"new_tropes_dag.py","lineno":66}
{"timestamp":"2025-12-19T10:49:01.224477Z","level":"info","event":"Formatting title: Wolf Of Wall Street The","logger":"root","filename":"new_tropes_dag.py","lineno":66}
{"timestamp":"2025-12-19T10:49:01.224502Z","level":"info","event":"Formatting title: Woman In Gold","logger":"root","filename":"new_tropes_dag.py","lineno":66}
{"timestamp":"2025-12-19T10:49:01.224530Z","level":"info","event":"Formatting title: Women Talking","logger":"root","filename":"new_tropes_dag.py","lineno":66}
{"timestamp":"2025-12-19T10:49:01.224555Z","level":"info","event":"Formatting title: Wonder Boys","logger":"root","filename":"new_tropes_dag.py","lineno":66}
{"timestamp":"2025-12-19T10:49:01.224581Z","level":"info","event":"Formatting title: Wonder Woman","logger":"root","filename":"new_tropes_dag.py","lineno":66}
{"timestamp":"2025-12-19T10:49:01.224606Z","level":"info","event":"Formatting title: Wonka","logger":"root","filename":"new_tropes_dag.py","lineno":66}
{"timestamp":"2025-12-19T10:49:01.224632Z","level":"info","event":"Formatting title: Woodsman The","logger":"root","filename":"new_tropes_dag.py","lineno":66}
{"timestamp":"2025-12-19T10:49:01.224656Z","level":"info","event":"Formatting title: Work It","logger":"root","filename":"new_tropes_dag.py","lineno":66}
{"timestamp":"2025-12-19T10:49:01.224682Z","level":"info","event":"Formatting title: Working Girl","logger":"root","filename":"new_tropes_dag.py","lineno":66}
{"timestamp":"2025-12-19T10:49:01.224706Z","level":"info","event":"Formatting title: World Is Not Enough The","logger":"root","filename":"new_tropes_dag.py","lineno":66}
{"timestamp":"2025-12-19T10:49:01.224731Z","level":"info","event":"Formatting title: Wrestler The","logger":"root","filename":"new_tropes_dag.py","lineno":66}
{"timestamp":"2025-12-19T10:49:01.224757Z","level":"info","event":"Formatting title: Wrongfully Accused","logger":"root","filename":"new_tropes_dag.py","lineno":66}
{"timestamp":"2025-12-19T10:49:01.224782Z","level":"info","event":"Formatting title: X Files Fight The Future The","logger":"root","filename":"new_tropes_dag.py","lineno":66}
{"timestamp":"2025-12-19T10:49:01.224808Z","level":"info","event":"Formatting title: X Men","logger":"root","filename":"new_tropes_dag.py","lineno":66}
{"timestamp":"2025-12-19T10:49:01.224833Z","level":"info","event":"Formatting title: X Men Days Of Future Past","logger":"root","filename":"new_tropes_dag.py","lineno":66}
{"timestamp":"2025-12-19T10:49:01.224859Z","level":"info","event":"Formatting title: X Men Origins Wolverine","logger":"root","filename":"new_tropes_dag.py","lineno":66}
{"timestamp":"2025-12-19T10:49:01.224884Z","level":"info","event":"Formatting title: X2 X Men United","logger":"root","filename":"new_tropes_dag.py","lineno":66}
{"timestamp":"2025-12-19T10:49:01.224909Z","level":"info","event":"Formatting title: Xxx","logger":"root","filename":"new_tropes_dag.py","lineno":66}
{"timestamp":"2025-12-19T10:49:01.224933Z","level":"info","event":"Formatting title: Year One","logger":"root","filename":"new_tropes_dag.py","lineno":66}
{"timestamp":"2025-12-19T10:49:01.224958Z","level":"info","event":"Formatting title: Yes Man","logger":"root","filename":"new_tropes_dag.py","lineno":66}
{"timestamp":"2025-12-19T10:49:01.224986Z","level":"info","event":"Formatting title: You Can Count On Me","logger":"root","filename":"new_tropes_dag.py","lineno":66}
{"timestamp":"2025-12-19T10:49:01.225011Z","level":"info","event":"Formatting title: You Were Never Really Here","logger":"root","filename":"new_tropes_dag.py","lineno":66}
{"timestamp":"2025-12-19T10:49:01.225056Z","level":"info","event":"Formatting title: Young Adult","logger":"root","filename":"new_tropes_dag.py","lineno":66}
{"timestamp":"2025-12-19T10:49:01.225086Z","level":"info","event":"Formatting title: Young Frankenstein","logger":"root","filename":"new_tropes_dag.py","lineno":66}
{"timestamp":"2025-12-19T10:49:01.225118Z","level":"info","event":"Formatting title: Young Guns","logger":"root","filename":"new_tropes_dag.py","lineno":66}
{"timestamp":"2025-12-19T10:49:01.225143Z","level":"info","event":"Formatting title: Youre Next","logger":"root","filename":"new_tropes_dag.py","lineno":66}
{"timestamp":"2025-12-19T10:49:01.225168Z","level":"info","event":"Formatting title: Youth In Revolt","logger":"root","filename":"new_tropes_dag.py","lineno":66}
{"timestamp":"2025-12-19T10:49:01.225193Z","level":"info","event":"Formatting title: Youve Got Mail","logger":"root","filename":"new_tropes_dag.py","lineno":66}
{"timestamp":"2025-12-19T10:49:01.225218Z","level":"info","event":"Formatting title: Zathura A Space Adventure","logger":"root","filename":"new_tropes_dag.py","lineno":66}
{"timestamp":"2025-12-19T10:49:01.225244Z","level":"info","event":"Formatting title: Zebra Girl","logger":"root","filename":"new_tropes_dag.py","lineno":66}
{"timestamp":"2025-12-19T10:49:01.225270Z","level":"info","event":"Formatting title: Zero Dark Thirty","logger":"root","filename":"new_tropes_dag.py","lineno":66}
{"timestamp":"2025-12-19T10:49:01.225295Z","level":"info","event":"Formatting title: Zerophilia","logger":"root","filename":"new_tropes_dag.py","lineno":66}
{"timestamp":"2025-12-19T10:49:01.225326Z","level":"info","event":"Formatting title: Zodiac","logger":"root","filename":"new_tropes_dag.py","lineno":66}
{"timestamp":"2025-12-19T10:49:01.225352Z","level":"info","event":"Formatting title: Zombieland","logger":"root","filename":"new_tropes_dag.py","lineno":66}
{"timestamp":"2025-12-19T10:49:01.225378Z","level":"info","event":"Formatting title: Zombieland Double Tap","logger":"root","filename":"new_tropes_dag.py","lineno":66}
{"timestamp":"2025-12-19T10:49:01.225402Z","level":"info","event":"Formatting title: Zone Of Interest The","logger":"root","filename":"new_tropes_dag.py","lineno":66}
{"timestamp":"2025-12-19T10:49:01.225435Z","level":"info","event":"Formatting title: Zootopia","logger":"root","filename":"new_tropes_dag.py","lineno":66}
{"timestamp":"2025-12-19T10:49:01.225465Z","level":"info","event":"Formatting title: ¡three Amigos","logger":"root","filename":"new_tropes_dag.py","lineno":66}
{"timestamp":"2025-12-19T10:49:01.237315Z","level":"info","event":"Finished apply_formatting step","logger":"root","filename":"new_tropes_dag.py","lineno":92}
{"timestamp":"2025-12-19T10:49:01.238022Z","level":"info","event":"Done. Returned value was: True","logger":"airflow.task.operators.airflow.providers.standard.operators.python.PythonOperator","filename":"python.py","lineno":218}
{"timestamp":"2025-12-19T10:49:01.238225Z","level":"info","event":"Pushing xcom","ti":"RuntimeTaskInstance(id=UUID('019b363a-1b76-7c2b-8336-5fd31cf08ed9'), task_id='apply_formatting', dag_id='new_tropes_dag', run_id='manual__2025-12-19T10:48:56.416822+00:00', try_number=1, dag_version_id=UUID('019b33d3-186c-7d3f-96e0-6cf95b85624e'), map_index=-1, hostname='912f1c59037a', context_carrier={}, task=<Task(PythonOperator): apply_formatting>, bundle_instance=LocalDagBundle(name=dags-folder), max_tries=1, start_date=datetime.datetime(2025, 12, 19, 10, 48, 59, 750973, tzinfo=datetime.timezone.utc), end_date=None, state=<TaskInstanceState.RUNNING: 'running'>, is_mapped=False, rendered_map_index=None)","logger":"task","filename":"task_runner.py","lineno":1352}
